9 57 39 Original OPLIB GS98; hydrogen response with actual helium-free endpoint
-8 -7.75 -7.5 -7.25 -7 -6.75 -6.5 -6.25 -6 -5.75 -5.5 -5.25 -5 -4.75 -4.5 -4.25 -4 -3.75 -3.5 -3.25 -3 -2.75 -2.5 -2.25 -2 -1.75 -1.5 -1.25 -1 -0.75 -0.5 -0.25 0 0.25 0.5 0.75 1 1.25 1.5
3.7639999999999998 3.843 3.968 4.0650000000000004 4.1619999999999999 4.2409999999999997 4.3659999999999997 4.4630000000000001 4.5419999999999998 4.609 4.6669999999999998 4.7640000000000002 4.843 4.9100000000000001 4.968 5.0190000000000001 5.0650000000000004 5.1619999999999999 5.2409999999999997 5.3659999999999997 5.4630000000000001 5.5419999999999998 5.6669999999999998 5.7640000000000002 5.843 5.9100000000000001 5.968 6.0190000000000001 6.0650000000000004 6.1619999999999999 6.2409999999999997 6.3079999999999998 6.3659999999999997 6.4169999999999998 6.4630000000000001 6.5039999999999996 6.5419999999999998 6.609 6.6669999999999998 6.718 6.7640000000000002 6.8049999999999997 6.843 6.8780000000000001 6.9100000000000001 6.968 7.0190000000000001 7.0650000000000004 7.1159999999999997 7.1619999999999999 7.2030000000000003 7.2409999999999997 7.2759999999999998 7.3079999999999998 7.3380000000000001 7.3659999999999997 7.3920000000000003
0.59999999999999998 0.029999999999999999
-0.69494999999999996 -0.75512999999999997 -0.81630000000000003 -0.89246999999999999 -0.97894999999999999 -1.0643 -1.1615 -1.2603 -1.357 -1.4543999999999999 -1.5494000000000001 -1.6387 -1.7163999999999999 -1.7729999999999999 -1.8091999999999999 -1.8237000000000001 -1.7879 -1.73 -1.6574 -1.5658000000000001 -1.4595 -1.3474999999999999 -1.2716000000000001 -1.292 -1.3541000000000001 -1.4420999999999999 -1.3082 -1.1738 -1.0359 -0.87192999999999998 -0.70845000000000002 -0.52807000000000004 -0.32980999999999999 -0.1275 0.096571000000000004 0.31739000000000001 0.54410999999999998 0.76722000000000001 0.98192000000000002
-0.57303000000000004 -0.56727000000000005 -0.56320000000000003 -0.55983000000000005 -0.55801000000000001 -0.56123999999999996 -0.56581999999999999 -0.58184000000000002 -0.60036 -0.62770000000000004 -0.66442999999999997 -0.69235000000000002 -0.73607 -0.77124999999999999 -0.79535999999999996 -0.81791000000000003 -0.82818000000000003 -0.82672999999999996 -0.80215999999999998 -0.76283000000000001 -0.71538999999999997 -0.64893000000000001 -0.55969000000000002 -0.46927000000000002 -0.37863999999999998 -0.26457000000000003 -0.15132000000000001 -0.039261999999999998 0.052474 0.12917999999999999 0.19874 0.28538999999999998 0.42268 0.55854999999999999 0.69732000000000005 0.85458000000000001 1.0101 1.1708000000000001 1.3453999999999999
-0.57838000000000001 -0.57632000000000005 -0.57240999999999997 -0.56474000000000002 -0.55367999999999995 -0.53752999999999995 -0.51441999999999999 -0.48187000000000002 -0.43176999999999999 -0.37269000000000002 -0.29125000000000001 -0.19039 -0.068941000000000002 0.065974000000000005 0.21906999999999999 0.36648999999999998 0.52283999999999997 0.64939000000000002 0.77541000000000004 0.87836999999999998 0.96482000000000001 1.0510999999999999 1.1173999999999999 1.1808000000000001 1.2431000000000001 1.3064 1.3684000000000001 1.4286000000000001 1.4968999999999999 1.5701000000000001 1.6414 1.7150000000000001 1.8027 1.8883000000000001 1.9717 2.0697999999999999 2.1692999999999998 2.2667000000000002 2.3696999999999999
-0.51004000000000005 -0.50807000000000002 -0.50607000000000002 -0.50317000000000001 -0.49944 -0.49362 -0.48399999999999999 -0.46726000000000001 -0.44016 -0.39504 -0.33089000000000002 -0.23934 -0.12173 0.025156999999999999 0.19886000000000001 0.39480999999999999 0.6089 0.83089000000000002 1.056 1.2791999999999999 1.4892000000000001 1.6782999999999999 1.8451 1.9983 2.1141000000000001 2.2275 2.3149999999999999 2.3915000000000002 2.4658000000000002 2.5306000000000002 2.5914999999999999 2.6499999999999999 2.7109000000000001 2.7719999999999998 2.8304999999999998 2.8925000000000001 2.9634 3.0318000000000001 3.0979999999999999
-0.48666999999999999 -0.47749999999999998 -0.46728999999999998 -0.46034000000000003 -0.44902999999999998 -0.43819999999999998 -0.42374000000000001 -0.40431 -0.37585000000000002 -0.33511000000000002 -0.27628000000000003 -0.1981 -0.096604999999999996 0.026485999999999999 0.17083000000000001 0.33582000000000001 0.51671 0.71972000000000003 0.93174000000000001 1.1654 1.4023000000000001 1.6471 1.8876999999999999 2.1227999999999998 2.3378999999999999 2.5392000000000001 2.7077 2.8580999999999999 2.9855999999999998 3.0865999999999998 3.1848000000000001 3.2597999999999998 3.3289 3.3957000000000002 3.4584000000000001 3.5186999999999999 3.5768 3.6421000000000001 3.7079
-0.50002999999999997 -0.49162 -0.48111999999999999 -0.46794999999999998 -0.45194000000000001 -0.43269000000000002 -0.40976000000000001 -0.38107000000000002 -0.34531000000000001 -0.29875000000000002 -0.23885000000000001 -0.15955 -0.068671999999999997 0.048300999999999997 0.18532000000000001 0.3473 0.52539999999999998 0.72065999999999997 0.92805000000000004 1.141 1.3642000000000001 1.5878000000000001 1.8239000000000001 2.0590000000000002 2.2986 2.5318999999999998 2.7583000000000002 2.9653999999999998 3.1585000000000001 3.3231000000000002 3.4687000000000001 3.5973000000000002 3.6983000000000001 3.7964000000000002 3.8767999999999998 3.9491999999999998 4.0190000000000001 4.0849000000000002 4.1485000000000003
-0.47415000000000002 -0.47055999999999998 -0.46223999999999998 -0.45061000000000001 -0.43798999999999999 -0.42152000000000001 -0.39959 -0.37317 -0.34126000000000001 -0.29998999999999998 -0.24721000000000001 -0.17857999999999999 -0.089440000000000006 0.020053999999999999 0.1585 0.31901000000000002 0.50761000000000001 0.71603000000000006 0.94081999999999999 1.1772 1.4159999999999999 1.6613 1.9028 2.1440000000000001 2.3814000000000002 2.6153 2.8487 3.0775000000000001 3.3062999999999998 3.5286 3.7359 3.9357000000000002 4.1002999999999998 4.2595999999999998 4.3814000000000002 4.4943999999999997 4.5898000000000003 4.6641000000000004 4.7374999999999998
-0.43756 -0.43143999999999999 -0.42354999999999998 -0.41055000000000003 -0.39346999999999999 -0.37423000000000001 -0.34948000000000001 -0.31796999999999997 -0.27811999999999998 -0.22988 -0.16986000000000001 -0.098575999999999997 -0.011627 0.093534999999999993 0.21756 0.37118000000000001 0.53996 0.74380999999999997 0.96279999999999999 1.2023999999999999 1.4550000000000001 1.7145999999999999 1.9801 2.2410999999999999 2.4986999999999999 2.7492000000000001 2.9950000000000001 3.2383999999999999 3.4777999999999998 3.7119 3.9371 4.1467999999999998 4.3479000000000001 4.5134999999999996 4.6755000000000004 4.8032000000000004 4.9260000000000002 5.0275999999999996 5.1176000000000004
-0.42480000000000001 -0.41727999999999998 -0.40891 -0.39921000000000001 -0.38340999999999997 -0.36063000000000001 -0.33407999999999999 -0.29780000000000001 -0.24862000000000001 -0.1842 -0.10432 -0.010472 0.096953999999999999 0.21820999999999999 0.35486000000000001 0.50985000000000003 0.68503999999999998 0.87602999999999998 1.0894999999999999 1.3096000000000001 1.5524 1.798 2.0546000000000002 2.3157999999999999 2.5779000000000001 2.8420999999999998 3.1004 3.3571 3.6074000000000002 3.8534000000000002 4.0881999999999996 4.3121 4.5141 4.7042000000000002 4.8673999999999999 5.0206 5.1451000000000002 5.2563000000000004 5.3552999999999997
-0.42724000000000001 -0.41964000000000001 -0.41071999999999997 -0.39889000000000002 -0.38147999999999999 -0.35936000000000001 -0.33241999999999999 -0.29611999999999999 -0.24854000000000001 -0.18418000000000001 -0.10201 0.0018144000000000001 0.12783 0.27422999999999997 0.4425 0.62434999999999996 0.82042999999999999 1.0227999999999999 1.2355 1.4568000000000001 1.6839 1.9214 2.1577000000000002 2.4100000000000001 2.6604000000000001 2.9195000000000002 3.1781000000000001 3.4357000000000002 3.6903000000000001 3.9375 4.1752000000000002 4.4016999999999999 4.6120999999999999 4.8063000000000002 4.9775 5.1319999999999997 5.2614000000000001 5.3804999999999996 5.4683000000000002
-0.42016999999999999 -0.41241 -0.40375 -0.39366000000000001 -0.38152999999999998 -0.36174000000000001 -0.33360000000000001 -0.29986000000000002 -0.25459999999999999 -0.19398000000000001 -0.11303000000000001 -0.011604 0.11675000000000001 0.26638000000000001 0.44180999999999998 0.63749999999999996 0.85062000000000004 1.0778000000000001 1.3092999999999999 1.5462 1.7804 2.0156000000000001 2.2502 2.4872000000000001 2.7299000000000002 2.9735999999999998 3.2258 3.4740000000000002 3.7237 3.9647000000000001 4.1965000000000003 4.4196999999999997 4.6337000000000002 4.8235000000000001 5.0054999999999996 5.1505000000000001 5.2889999999999997 5.3941999999999997 5.4924999999999997
-0.42231999999999997 -0.41453000000000001 -0.40522999999999998 -0.39445999999999998 -0.38152000000000003 -0.36563000000000001 -0.34212999999999999 -0.30684 -0.26638000000000001 -0.21301999999999999 -0.14180999999999999 -0.049151 0.066589999999999996 0.21129000000000001 0.37702999999999998 0.56989000000000001 0.77749000000000001 1.0008999999999999 1.2356 1.4762999999999999 1.7281 1.9790000000000001 2.2357999999999998 2.4874999999999998 2.7355999999999998 2.9788999999999999 3.2179000000000002 3.4540000000000002 3.6861999999999999 3.9138999999999999 4.1349999999999998 4.3480999999999996 4.5487000000000002 4.7366999999999999 4.9069000000000003 5.0646000000000004 5.1965000000000003 5.3152999999999997 5.4086999999999996
-0.41693999999999998 -0.40960000000000002 -0.40066000000000002 -0.38954 -0.37630000000000002 -0.35953000000000002 -0.33596999999999999 -0.30554999999999999 -0.26885999999999999 -0.21895000000000001 -0.15428 -0.066978999999999997 0.040618000000000001 0.17263999999999999 0.32735999999999998 0.50087000000000004 0.69833999999999996 0.90576999999999996 1.1357999999999999 1.3713 1.6176999999999999 1.8696999999999999 2.1231 2.3805999999999998 2.6335999999999999 2.8864000000000001 3.1328 3.3746 3.6088 3.8359000000000001 4.0514999999999999 4.2598000000000003 4.4530000000000003 4.6383999999999999 4.8030999999999997 4.9558999999999997 5.0885999999999996 5.2030000000000003 5.2916999999999996
-0.39840999999999999 -0.39087 -0.38256000000000001 -0.37246000000000001 -0.36004999999999998 -0.34331 -0.32019999999999998 -0.29176999999999997 -0.25596000000000002 -0.20854 -0.14726 -0.068543999999999994 0.032287000000000003 0.15240999999999999 0.30185000000000001 0.46832000000000001 0.65827999999999998 0.86241000000000001 1.0785 1.3108 1.5454000000000001 1.7988 2.0497999999999998 2.3066 2.5609000000000002 2.8128000000000002 3.0626000000000002 3.3079000000000001 3.5474999999999999 3.7799 3.9982000000000002 4.2057000000000002 4.3986999999999998 4.5762 4.7393999999999998 4.8800999999999997 5.0073999999999996 5.1025 5.1867999999999999
-0.36870999999999998 -0.36236000000000002 -0.35382999999999998 -0.34379999999999999 -0.33227000000000001 -0.31789000000000001 -0.29971999999999999 -0.27233000000000002 -0.23619000000000001 -0.19191 -0.13220999999999999 -0.057813000000000003 0.040127000000000003 0.15717999999999999 0.29809000000000002 0.46022999999999997 0.63909000000000005 0.84206999999999999 1.0528999999999999 1.2833000000000001 1.5183 1.7636000000000001 2.0150999999999999 2.2671000000000001 2.5243000000000002 2.7759 3.0278999999999998 3.2740999999999998 3.5167999999999999 3.7490999999999999 3.9723999999999999 4.1767000000000003 4.3701999999999996 4.5385 4.6927000000000003 4.8201999999999998 4.9294000000000002 5.0128000000000004 5.0796999999999999
-0.30304999999999999 -0.29755999999999999 -0.29146 -0.28287000000000001 -0.27277000000000001 -0.26003999999999999 -0.24240999999999999 -0.21775 -0.185 -0.14487 -0.087928000000000006 -0.016435999999999999 0.076191999999999996 0.19101000000000001 0.32521 0.48673 0.66168000000000005 0.85979000000000005 1.0680000000000001 1.2889999999999999 1.5226999999999999 1.7589999999999999 2.0097999999999998 2.2574999999999998 2.512 2.7635000000000001 3.0142000000000002 3.2618 3.5038999999999998 3.7351999999999999 3.9561999999999999 4.1532999999999998 4.3377999999999997 4.5023 4.6424000000000003 4.7588999999999997 4.8495999999999997 4.9234 4.9755000000000003
-0.23535 -0.22717000000000001 -0.21831999999999999 -0.20784 -0.19639000000000001 -0.18421999999999999 -0.16661000000000001 -0.14455999999999999 -0.11428000000000001 -0.075759000000000007 -0.023244999999999998 0.046380999999999999 0.13086 0.24199000000000001 0.36671999999999999 0.52081999999999995 0.69055999999999995 0.88070000000000004 1.0884 1.3021 1.5366 1.7710999999999999 2.0179 2.2650999999999999 2.5139 2.7654999999999998 3.0112999999999999 3.2585999999999999 3.4956 3.7229000000000001 3.9333999999999998 4.1265999999999998 4.3007 4.4581 4.5810000000000004 4.6889000000000003 4.7644000000000002 4.8297999999999996 4.8734000000000002
-0.11876 -0.095208000000000001 -0.071117 -0.047017000000000003 -0.020667000000000001 0.0064377000000000002 0.035916999999999998 0.069173999999999999 0.10427 0.15160999999999999 0.20458999999999999 0.27306000000000002 0.35367999999999999 0.44749 0.56376999999999999 0.68572 0.84331 1.0051000000000001 1.1918 1.3915999999999999 1.6037999999999999 1.8329 2.0621 2.3037999999999998 2.5413000000000001 2.7805 3.0144000000000002 3.2391999999999999 3.4504999999999999 3.6472000000000002 3.8283999999999998 3.9948999999999999 4.1429999999999998 4.2713000000000001 4.3799000000000001 4.4654999999999996 4.5374999999999996 4.5880999999999998 4.6313000000000004
-0.17724999999999999 -0.14333000000000001 -0.10661 -0.066893999999999995 -0.023739 0.024785999999999999 0.077734999999999999 0.13514000000000001 0.19683 0.26395999999999997 0.34049000000000001 0.42237999999999998 0.52261999999999997 0.62744999999999995 0.74907000000000001 0.87749999999999995 1.0127999999999999 1.1645000000000001 1.3143 1.4990000000000001 1.6839 1.8914 2.1055999999999999 2.3258999999999999 2.5501999999999998 2.7671000000000001 2.9782000000000002 3.1730999999999998 3.3504999999999998 3.5125999999999999 3.6629 3.8022999999999998 3.9365999999999999 4.0515999999999996 4.1601999999999997 4.2462999999999997 4.3213999999999997 4.3784999999999998 4.4238
-0.37694 -0.35150999999999999 -0.32094 -0.28548000000000001 -0.24485000000000001 -0.19781000000000001 -0.14415 -0.079866999999999994 -0.0074926000000000003 0.077204999999999996 0.17562 0.28949999999999998 0.41819000000000001 0.56030000000000002 0.70950999999999997 0.86436999999999997 1.0226999999999999 1.1825000000000001 1.3523000000000001 1.5184 1.7042999999999999 1.8859999999999999 2.0779000000000001 2.2694000000000001 2.4592000000000001 2.6425000000000001 2.8136000000000001 2.9664000000000001 3.1032000000000002 3.226 3.3428 3.4571999999999998 3.5726 3.6875 3.7924000000000002 3.8915999999999999 3.972 4.0404 4.0963000000000003
-0.46564 -0.45501999999999998 -0.44174999999999998 -0.42307 -0.39926 -0.36858000000000002 -0.33005000000000001 -0.28261999999999998 -0.22187999999999999 -0.15257000000000001 -0.068618999999999999 0.030957999999999999 0.14904999999999999 0.28792000000000001 0.44691999999999998 0.62321000000000004 0.81218000000000001 1.0065 1.2015 1.3960999999999999 1.5861000000000001 1.7787999999999999 1.9633 2.1486000000000001 2.3235000000000001 2.4900000000000002 2.6406000000000001 2.7757999999999998 2.8933 3.0007999999999999 3.1055000000000001 3.2101999999999999 3.3191000000000002 3.4285000000000001 3.5381999999999998 3.6326000000000001 3.7206000000000001 3.7890999999999999 3.8559999999999999
-0.48355999999999999 -0.48000999999999999 -0.47487000000000001 -0.46764 -0.45690999999999998 -0.44252999999999998 -0.42127999999999999 -0.39107999999999998 -0.34899999999999998 -0.29382000000000003 -0.22378000000000001 -0.13455 -0.025679 0.10642 0.26240000000000002 0.44016 0.63590999999999998 0.84311000000000003 1.0550999999999999 1.2674000000000001 1.4748000000000001 1.6749000000000001 1.8657999999999999 2.0453999999999999 2.2151999999999998 2.3702000000000001 2.5085000000000002 2.6297000000000001 2.7361 2.8357999999999999 2.9317000000000002 3.0345 3.1373000000000002 3.2467000000000001 3.3504 3.4455 3.5278999999999998 3.6030000000000002 3.6800999999999999
-0.48925999999999997 -0.48763000000000001 -0.48548999999999998 -0.48263 -0.47871999999999998 -0.47291 -0.46481 -0.45290999999999998 -0.43665999999999999 -0.41293000000000002 -0.37767000000000001 -0.32607000000000003 -0.25118000000000001 -0.14548 -0.0040796000000000001 0.17493 0.38469999999999999 0.61678999999999995 0.85548000000000002 1.0951 1.3213999999999999 1.5356000000000001 1.7313000000000001 1.9081999999999999 2.0670999999999999 2.206 2.3289 2.4340000000000002 2.5291999999999999 2.6192000000000002 2.7126999999999999 2.8075999999999999 2.9097 3.0093999999999999 3.1019000000000001 3.1888000000000001 3.2698999999999998 3.3586999999999998 3.4552999999999998
-0.49153999999999998 -0.49019000000000001 -0.48857 -0.48623 -0.48294999999999999 -0.47831000000000001 -0.47243000000000002 -0.46449000000000001 -0.45290999999999998 -0.43758999999999998 -0.41527999999999998 -0.38284000000000001 -0.33588000000000001 -0.26813999999999999 -0.16972999999999999 -0.034063999999999997 0.14909 0.37242999999999998 0.62751000000000001 0.89122000000000001 1.1546000000000001 1.3893 1.6072 1.7896000000000001 1.9500999999999999 2.0878999999999999 2.2052 2.3090000000000002 2.4034 2.4940000000000002 2.5886999999999998 2.6821999999999999 2.7753999999999999 2.8635000000000002 2.9470999999999998 3.0278 3.1132 3.2071999999999998 3.3271999999999999
-0.49029 -0.48932999999999999 -0.48782999999999999 -0.48583999999999999 -0.48296 -0.47942000000000001 -0.47443000000000002 -0.46731 -0.45727000000000001 -0.44391000000000003 -0.42577999999999999 -0.40044999999999997 -0.36430000000000001 -0.31208000000000002 -0.23624000000000001 -0.12870000000000001 0.017009 0.20996000000000001 0.44035000000000002 0.70269999999999999 0.97099000000000002 1.2323999999999999 1.4635 1.6726000000000001 1.8364 1.9823999999999999 2.1032000000000002 2.2124000000000001 2.3113999999999999 2.4085000000000001 2.5019999999999998 2.5935000000000001 2.6800000000000002 2.7608999999999999 2.8397000000000001 2.9146000000000001 3.0118999999999998 3.121 3.2425999999999999
-0.48995 -0.4889 -0.48736000000000002 -0.48551 -0.48293999999999998 -0.47941 -0.47459000000000001 -0.46772000000000002 -0.4592 -0.44716 -0.43069000000000002 -0.40744000000000002 -0.37472 -0.32862000000000002 -0.26430999999999999 -0.17166999999999999 -0.045941000000000003 0.12272 0.33187 0.57501000000000002 0.83550999999999997 1.0991 1.3386 1.5557000000000001 1.7367999999999999 1.8894 2.0213999999999999 2.1360000000000001 2.2427999999999999 2.3445999999999998 2.4401000000000002 2.5289000000000001 2.6101000000000001 2.6850000000000001 2.7614000000000001 2.8418000000000001 2.9403999999999999 3.0571000000000002 3.1722000000000001
-0.48855999999999999 -0.48719000000000001 -0.48557 -0.48354999999999998 -0.48116999999999999 -0.47777999999999998 -0.47347 -0.46723999999999999 -0.45895000000000002 -0.44736999999999999 -0.43117 -0.40903 -0.37819999999999998 -0.33481 -0.2747 -0.19102 -0.076438000000000006 0.073344999999999994 0.26612000000000002 0.48974000000000001 0.74029 0.99448000000000003 1.2419 1.4599 1.6577999999999999 1.8146 1.9572000000000001 2.0785999999999998 2.1919 2.2976000000000001 2.3927 2.48 2.5552999999999999 2.6278999999999999 2.6999 2.7887 2.8877000000000002 2.9986000000000002 3.1046999999999998
-0.48787000000000003 -0.48580000000000001 -0.48363 -0.48089999999999999 -0.47799000000000003 -0.47420000000000001 -0.46949999999999997 -0.46348 -0.45527000000000001 -0.4446 -0.42920999999999998 -0.40797 -0.37794 -0.33627000000000001 -0.27804000000000001 -0.19922999999999999 -0.090128 0.049825000000000001 0.22922999999999999 0.44037999999999999 0.67739000000000005 0.92344999999999999 1.1699999999999999 1.3884000000000001 1.5899000000000001 1.7584 1.9068000000000001 2.0373999999999999 2.1543000000000001 2.2621000000000002 2.355 2.4382000000000001 2.5087999999999999 2.5798000000000001 2.6465999999999998 2.7404000000000002 2.8389000000000002 2.9420000000000002 3.0386000000000002
-0.48859999999999998 -0.48580000000000001 -0.48282999999999998 -0.47931000000000001 -0.47532000000000002 -0.47077000000000002 -0.46500999999999998 -0.45857999999999999 -0.45000000000000001 -0.43934000000000001 -0.42466999999999999 -0.40477000000000002 -0.377 -0.33762999999999999 -0.28184999999999999 -0.20533000000000001 -0.10026 0.036248000000000002 0.20673 0.41010000000000002 0.63546000000000002 0.87507000000000001 1.1126 1.3360000000000001 1.5374000000000001 1.7174 1.8691 2.0070000000000001 2.1265999999999998 2.2332999999999998 2.3218999999999999 2.3984999999999999 2.4651999999999998 2.5346000000000002 2.6055000000000001 2.6918000000000002 2.7888999999999999 2.8864000000000001 2.9754
-0.49404999999999999 -0.49209999999999998 -0.48916999999999999 -0.48529 -0.47978999999999999 -0.47278999999999999 -0.46385999999999999 -0.45294000000000001 -0.44073000000000001 -0.42554999999999998 -0.40844999999999998 -0.38638 -0.35861999999999999 -0.32146999999999998 -0.27115 -0.20150999999999999 -0.10818999999999999 0.018355 0.17579 0.36570999999999998 0.57877999999999996 0.80635999999999997 1.0341 1.2564 1.4593 1.6445000000000001 1.8057000000000001 1.9453 2.0670999999999999 2.1564999999999999 2.2332999999999998 2.2972000000000001 2.3586999999999998 2.4182999999999999 2.4933000000000001 2.5748000000000002 2.6648000000000001 2.7541000000000002 2.8290999999999999
-0.49671999999999999 -0.49593999999999999 -0.4945 -0.49247000000000002 -0.48947000000000002 -0.48491000000000001 -0.47847000000000001 -0.46875 -0.45524999999999999 -0.437 -0.41303000000000001 -0.38441999999999998 -0.34863 -0.30649999999999999 -0.25276999999999999 -0.18464 -0.095812999999999995 0.018589000000000001 0.16564999999999999 0.3407 0.54681000000000002 0.76627000000000001 0.99197999999999997 1.2083999999999999 1.4117999999999999 1.5876999999999999 1.7447999999999999 1.8734 1.9779 2.0573999999999999 2.1244999999999998 2.1829999999999998 2.2427000000000001 2.3050000000000002 2.3767999999999998 2.4619 2.5510000000000002 2.6379000000000001 2.7000000000000002
-0.49748999999999999 -0.49698999999999999 -0.49629000000000001 -0.49529000000000001 -0.49375999999999998 -0.49103999999999998 -0.48719000000000001 -0.48139999999999999 -0.47244000000000003 -0.45904 -0.43857000000000002 -0.40945999999999999 -0.36930000000000002 -0.31683 -0.25284000000000001 -0.17404 -0.079181000000000001 0.037019999999999997 0.17904 0.34771999999999997 0.54093999999999998 0.75144 0.96672000000000002 1.1734 1.3633999999999999 1.5283 1.6679999999999999 1.7836000000000001 1.8704000000000001 1.944 2.0070000000000001 2.0669 2.1263000000000001 2.1949999999999998 2.2709000000000001 2.3586999999999998 2.4485999999999999 2.5325000000000002 2.5872000000000002
-0.49802999999999997 -0.49762000000000001 -0.49706 -0.49626999999999999 -0.49514999999999998 -0.49354999999999999 -0.49099999999999999 -0.48718 -0.48127999999999999 -0.47214 -0.45798 -0.43572 -0.40203 -0.35164000000000001 -0.28262999999999999 -0.19248999999999999 -0.083125000000000004 0.045228999999999998 0.19300999999999999 0.36194999999999999 0.54739000000000004 0.74814000000000003 0.94806000000000001 1.1394 1.3101 1.4599 1.5806 1.6822999999999999 1.7587999999999999 1.8279000000000001 1.8915999999999999 1.9548000000000001 2.0181 2.0911 2.1762999999999999 2.2706 2.3637999999999999 2.4384000000000001 2.4839000000000002
-0.49870999999999999 -0.49836000000000003 -0.49786000000000002 -0.49718000000000001 -0.49623 -0.49492999999999998 -0.49306 -0.49027999999999999 -0.48592999999999997 -0.47920000000000001 -0.46865000000000001 -0.45207999999999998 -0.42602000000000001 -0.38536999999999999 -0.32322000000000001 -0.23472999999999999 -0.11583 0.024917000000000002 0.18759999999999999 0.36162 0.54776999999999998 0.73858000000000001 0.92371000000000003 1.0971 1.2491000000000001 1.3822000000000001 1.4907999999999999 1.5799000000000001 1.6518999999999999 1.7194 1.7836000000000001 1.8511 1.9213 1.9962 2.0924999999999998 2.1913999999999998 2.2841999999999998 2.3544999999999998 2.3912
-0.49928 -0.499 -0.49858999999999998 -0.498 -0.49715999999999999 -0.496 -0.49436999999999998 -0.49199999999999999 -0.48851 -0.48314000000000001 -0.47474 -0.46150000000000002 -0.44052999999999998 -0.40742 -0.35539999999999999 -0.27646999999999999 -0.1636 -0.018249000000000001 0.15268999999999999 0.33724999999999999 0.52554999999999996 0.71252000000000004 0.88426000000000005 1.0425 1.1822999999999999 1.3022 1.4037999999999999 1.4841 1.5532999999999999 1.6206 1.6868000000000001 1.7574000000000001 1.8338000000000001 1.9175 2.0188000000000001 2.121 2.2115 2.2806000000000002 2.3073999999999999
-0.49975999999999998 -0.49953999999999998 -0.49919999999999998 -0.49870999999999999 -0.49798999999999999 -0.49696000000000001 -0.4955 -0.49340000000000001 -0.49035000000000001 -0.48570999999999998 -0.47855999999999999 -0.46733999999999998 -0.44954 -0.42147000000000001 -0.37737999999999999 -0.30869999999999997 -0.20766000000000001 -0.067813999999999999 0.10206 0.29488999999999999 0.48322999999999999 0.66896999999999995 0.83187999999999995 0.98004000000000002 1.111 1.2223999999999999 1.3216000000000001 1.3964000000000001 1.4656 1.5314000000000001 1.6004 1.6732 1.7589999999999999 1.8521000000000001 1.954 2.0569000000000002 2.1448999999999998 2.2088000000000001 2.2315999999999998
-0.50016000000000005 -0.49996000000000002 -0.49968000000000001 -0.49925999999999998 -0.49864999999999998 -0.49775999999999998 -0.49648999999999999 -0.49462 -0.4919 -0.48781999999999998 -0.48149999999999998 -0.47171999999999997 -0.45619999999999999 -0.43159999999999998 -0.39284999999999998 -0.33257999999999999 -0.24243000000000001 -0.11383 0.048973000000000003 0.24006 0.43097999999999997 0.61387000000000003 0.77317999999999998 0.91417000000000004 1.0401 1.1465000000000001 1.2416 1.3168 1.3862000000000001 1.4504999999999999 1.5230999999999999 1.6002000000000001 1.6909000000000001 1.7902 1.8951 1.9988999999999999 2.0848 2.1419999999999999 2.1665000000000001
-0.50085999999999997 -0.50072000000000005 -0.50051000000000001 -0.50019999999999998 -0.49974000000000002 -0.49906 -0.49804999999999999 -0.49657000000000001 -0.49434 -0.49095 -0.48576000000000003 -0.47778999999999999 -0.46533000000000002 -0.44557000000000002 -0.41444999999999999 -0.36573 -0.29205999999999999 -0.18578 -0.042700000000000002 0.12848000000000001 0.31640000000000001 0.48924000000000001 0.65303 0.78505999999999998 0.90488000000000002 1.0087999999999999 1.0985 1.1778 1.2459 1.3125 1.3903000000000001 1.4777 1.5743 1.6832 1.7932999999999999 1.8966000000000001 1.9781 2.0255000000000001 2.0491999999999999
-0.50141000000000002 -0.50129999999999997 -0.50114000000000003 -0.50087999999999999 -0.50048999999999999 -0.49991999999999998 -0.49908000000000002 -0.49786999999999998 -0.49604999999999999 -0.49331000000000003 -0.48909000000000002 -0.48247000000000001 -0.47212999999999999 -0.45561000000000001 -0.42957000000000001 -0.38869999999999999 -0.32629000000000002 -0.23577000000000001 -0.11144 0.040253999999999998 0.21296000000000001 0.37825999999999999 0.53400999999999998 0.66956000000000004 0.78507000000000005 0.88856000000000002 0.97546999999999995 1.0557000000000001 1.1259999999999999 1.2002999999999999 1.2794000000000001 1.3754 1.4794 1.5915999999999999 1.7043999999999999 1.8051999999999999 1.8847 1.9300999999999999 1.9468000000000001
-0.50185000000000002 -0.50177000000000005 -0.50163999999999997 -0.50144999999999995 -0.50114000000000003 -0.50068000000000001 -0.49998999999999999 -0.49896000000000001 -0.49742999999999998 -0.49510999999999999 -0.49156 -0.48598000000000002 -0.47721000000000002 -0.46325 -0.44102999999999998 -0.40622999999999998 -0.35249999999999998 -0.27432000000000001 -0.16592000000000001 -0.029746999999999999 0.12497 0.28538000000000002 0.43126999999999999 0.56808000000000003 0.67803999999999998 0.77990999999999999 0.86760000000000004 0.94782 1.0222 1.1014999999999999 1.1859 1.2853000000000001 1.3965000000000001 1.5126999999999999 1.6277999999999999 1.7265999999999999 1.8013999999999999 1.8454999999999999 1.8509
-0.50219000000000003 -0.50212000000000001 -0.502 -0.50183999999999995 -0.50158999999999998 -0.50119999999999998 -0.50063000000000002 -0.49976999999999999 -0.49847999999999998 -0.49651000000000001 -0.49347000000000002 -0.48873 -0.48121000000000003 -0.46929999999999999 -0.45012000000000002 -0.42016999999999999 -0.37369000000000002 -0.30525000000000002 -0.21013999999999999 -0.087226999999999999 0.052635000000000001 0.20543 0.34229999999999999 0.47333999999999998 0.58423999999999998 0.68364999999999998 0.77263999999999999 0.85350999999999999 0.93206999999999995 1.0139 1.1051 1.2073 1.3239000000000001 1.4436 1.5605 1.6571 1.7270000000000001 1.7663 1.7632000000000001
-0.50290999999999997 -0.50282000000000004 -0.50270000000000004 -0.50253000000000003 -0.50227999999999995 -0.50190000000000001 -0.50141000000000002 -0.50066999999999995 -0.49961 -0.49792999999999998 -0.49530000000000002 -0.49123 -0.48472999999999999 -0.47450999999999999 -0.45805000000000001 -0.43214999999999998 -0.39199000000000001 -0.33190999999999998 -0.24807000000000001 -0.13693 -0.0092177000000000005 0.13128000000000001 0.26566000000000001 0.39036999999999999 0.50238000000000005 0.59894000000000003 0.68898000000000004 0.77073999999999998 0.85253000000000001 0.93593999999999999 1.0337000000000001 1.1413 1.2601 1.3841000000000001 1.4987999999999999 1.5972999999999999 1.6595 1.6970000000000001 1.6801999999999999
-0.50360000000000005 -0.50348999999999999 -0.50334999999999996 -0.50314999999999999 -0.50287000000000004 -0.50239999999999996 -0.50192999999999999 -0.50126999999999999 -0.50034000000000001 -0.49886000000000003 -0.49653000000000003 -0.49295 -0.48726999999999998 -0.4783 -0.46394999999999997 -0.44113000000000002 -0.40590999999999999 -0.35259000000000001 -0.27809 -0.17868999999999999 -0.060266 0.069190000000000002 0.20013 0.31861 0.43147000000000002 0.52490000000000003 0.61470000000000002 0.69840999999999998 0.78308 0.86919000000000002 0.97162000000000004 1.0839000000000001 1.2064999999999999 1.3305 1.4438 1.5381 1.5993999999999999 1.6309 1.5991
-0.50426000000000004 -0.50414000000000003 -0.50397999999999998 -0.50373999999999997 -0.50341000000000002 -0.50287999999999999 -0.50233000000000005 -0.50166999999999995 -0.50075999999999998 -0.49937999999999999 -0.49722 -0.49397999999999997 -0.48888999999999999 -0.48087000000000002 -0.46819 -0.44794 -0.41685 -0.36962 -0.30271999999999999 -0.21329999999999999 -0.10324 0.016733999999999999 0.14379 0.25677 0.36625000000000002 0.46077000000000001 0.55025000000000002 0.63526000000000005 0.72111999999999998 0.81074999999999997 0.91591999999999996 1.034 1.159 1.2823 1.3943000000000001 1.4843 1.5434000000000001 1.5663 1.5247999999999999
-0.50487000000000004 -0.50475999999999999 -0.50460000000000005 -0.50436000000000003 -0.50397999999999998 -0.50341999999999998 -0.50277000000000005 -0.50205 -0.50104000000000004 -0.49961 -0.49747999999999998 -0.49439 -0.48970999999999998 -0.4824 -0.47104000000000001 -0.45295000000000002 -0.42514999999999997 -0.38303999999999999 -0.32250000000000001 -0.24146000000000001 -0.13904 -0.027244000000000001 0.093201999999999993 0.20355999999999999 0.30951000000000001 0.40542 0.49428 0.58026999999999995 0.66664999999999996 0.76021000000000005 0.86736000000000002 0.99070000000000003 1.1163000000000001 1.2384999999999999 1.3493999999999999 1.4345000000000001 1.4904999999999999 1.5062 1.4567000000000001
-0.50599000000000005 -0.50588999999999995 -0.50573000000000001 -0.50548999999999999 -0.50514000000000003 -0.50463999999999998 -0.50392999999999999 -0.50309000000000004 -0.50188999999999995 -0.50019999999999998 -0.49789 -0.49456 -0.49009999999999998 -0.48338999999999999 -0.47355999999999998 -0.45840999999999998 -0.43523000000000001 -0.40067999999999998 -0.35006999999999999 -0.28199000000000002 -0.19420999999999999 -0.093754000000000004 0.013429 0.12098 0.22037999999999999 0.31725999999999999 0.40368999999999999 0.49014999999999997 0.57626999999999995 0.67796999999999996 0.79178000000000004 0.91905999999999999 1.0423 1.1604000000000001 1.2695000000000001 1.3468 1.3946000000000001 1.3956999999999999 1.3352999999999999
-0.50702000000000003 -0.50690999999999997 -0.50677000000000005 -0.50656999999999996 -0.50627999999999995 -0.50585999999999998 -0.50524999999999998 -0.50436999999999999 -0.50307999999999997 -0.50117999999999996 -0.49863000000000002 -0.49493999999999999 -0.48999999999999999 -0.48307 -0.47328999999999999 -0.45944000000000002 -0.43864999999999998 -0.40888999999999998 -0.36553000000000002 -0.30599999999999999 -0.22964000000000001 -0.13744000000000001 -0.040759999999999998 0.062096999999999999 0.15617 0.24920999999999999 0.33524999999999999 0.41996 0.50478000000000001 0.61419000000000001 0.73297000000000001 0.85802 0.97846 1.0928 1.1943999999999999 1.2670999999999999 1.3071999999999999 1.2896000000000001 1.2265999999999999
-0.50793999999999995 -0.50785999999999998 -0.50773000000000001 -0.50754999999999995 -0.50729999999999997 -0.50693999999999995 -0.50643000000000005 -0.50566 -0.50448000000000004 -0.50266999999999995 -0.50004000000000004 -0.49623 -0.49075000000000002 -0.48338999999999999 -0.47266999999999998 -0.45889000000000002 -0.43892999999999999 -0.41128999999999999 -0.37236999999999998 -0.31850000000000001 -0.25019000000000002 -0.16535 -0.076405000000000001 0.018255 0.11013000000000001 0.19685 0.27926000000000001 0.36331999999999998 0.45438000000000001 0.56367999999999996 0.68325999999999998 0.80420000000000003 0.92205000000000004 1.0342 1.1274 1.1944999999999999 1.2259 1.1957 1.1282000000000001
-0.50963000000000003 -0.50956999999999997 -0.50946999999999998 -0.50932999999999995 -0.50912000000000002 -0.50880999999999998 -0.50838000000000005 -0.50773000000000001 -0.50673000000000001 -0.50519000000000003 -0.50275999999999998 -0.49913999999999997 -0.49357000000000001 -0.48588999999999999 -0.47471999999999998 -0.45960000000000001 -0.43930999999999998 -0.41144999999999998 -0.37528 -0.32546999999999998 -0.26350000000000001 -0.18779000000000001 -0.10417999999999999 -0.018690999999999999 0.068235000000000004 0.1467 0.22498000000000001 0.30752000000000002 0.40017999999999998 0.50463000000000002 0.62644 0.74383999999999995 0.86012 0.96767999999999998 1.0515000000000001 1.1126 1.1341000000000001 1.0929 1.0092000000000001
-0.51112000000000002 -0.51107999999999998 -0.51100999999999996 -0.51090999999999998 -0.51073999999999997 -0.51049 -0.51012000000000002 -0.50956999999999997 -0.50871999999999995 -0.50743000000000005 -0.50536000000000003 -0.50214999999999999 -0.49713000000000002 -0.48953000000000002 -0.47854000000000002 -0.46239999999999998 -0.44155 -0.41237000000000001 -0.37642999999999999 -0.32884000000000002 -0.26950000000000002 -0.20005999999999999 -0.12058000000000001 -0.043742000000000003 0.035089000000000002 0.10735 0.18199000000000001 0.26180999999999999 0.35533999999999999 0.45934000000000003 0.57465999999999995 0.68964000000000003 0.80367 0.90783000000000003 0.98406000000000005 1.0387 1.0441 0.99972000000000005 0.90222999999999998
-0.51246000000000003 -0.51243000000000005 -0.51237999999999995 -0.51231000000000004 -0.51217999999999997 -0.51197999999999999 -0.51166999999999996 -0.51119999999999999 -0.51049 -0.50939000000000001 -0.50765000000000005 -0.50488 -0.50048999999999999 -0.49347999999999997 -0.48314000000000001 -0.46727999999999997 -0.44600000000000001 -0.41654000000000002 -0.37875999999999999 -0.33206999999999998 -0.27298 -0.20810000000000001 -0.13381000000000001 -0.063563999999999996 0.0067356999999999998 0.072951000000000002 0.14527000000000001 0.22317999999999999 0.31384000000000001 0.41594999999999999 0.52651999999999999 0.64058999999999999 0.75290999999999997 0.84946999999999995 0.92073000000000005 0.96991000000000005 0.96125000000000005 0.91405999999999998 0.80535000000000001
-0.51368000000000003 -0.51366000000000001 -0.51361999999999997 -0.51356999999999997 -0.51346999999999998 -0.51331000000000004 -0.51305999999999996 -0.51266999999999996 -0.51205999999999996 -0.51112000000000002 -0.50963000000000003 -0.50724000000000002 -0.50344999999999995 -0.49724000000000002 -0.48776000000000003 -0.47311999999999999 -0.45186999999999999 -0.42286000000000001 -0.38327 -0.33706000000000003 -0.27810000000000001 -0.21537000000000001 -0.14685999999999999 -0.081617999999999996 -0.019400000000000001 0.039636999999999999 0.11146 0.18798000000000001 0.27398 0.37435000000000002 0.48238999999999999 0.59714999999999996 0.70789000000000002 0.79505999999999999 0.86275999999999997 0.90398999999999996 0.88704000000000005 0.83440999999999999 0.71752000000000005
-0.51522000000000001 -0.51520999999999995 -0.51517999999999997 -0.51512999999999998 -0.51505999999999996 -0.51493 -0.51471999999999996 -0.51439999999999997 -0.51388 -0.51307000000000003 -0.51178999999999997 -0.50971 -0.50641000000000003 -0.50100999999999996 -0.49242000000000002 -0.47911999999999999 -0.45867999999999998 -0.43065999999999999 -0.39071 -0.34431 -0.28653000000000001 -0.22370999999999999 -0.16064999999999999 -0.099465999999999999 -0.044052000000000001 0.011773 0.080006999999999995 0.15373000000000001 0.2364 0.33510000000000001 0.44202999999999998 0.55696999999999997 0.66671000000000002 0.74455000000000005 0.80974000000000002 0.84404999999999997 0.82065999999999995 0.75741999999999998 0.63707000000000003
-0.51665000000000005 -0.51663999999999999 -0.51661999999999997 -0.51658000000000004 -0.51651999999999998 -0.51641999999999999 -0.51624999999999999 -0.51597000000000004 -0.51553000000000004 -0.51483000000000001 -0.51371999999999995 -0.51192000000000004 -0.50902000000000003 -0.50429000000000002 -0.49657000000000001 -0.48455999999999999 -0.46540999999999999 -0.43873000000000001 -0.40051999999999999 -0.35304000000000002 -0.29676000000000002 -0.23326 -0.17541999999999999 -0.11769 -0.068150000000000002 -0.014477 0.049827000000000003 0.1205 0.20141000000000001 0.2984 0.40510000000000002 0.51807999999999998 0.62749999999999995 0.69699 0.75992000000000004 0.78505999999999998 0.75887000000000004 0.68645 0.56891999999999998
-0.51798 -0.51797000000000004 -0.51795000000000002 -0.51792000000000005 -0.51787000000000005 -0.51778999999999997 -0.51763999999999999 -0.51741000000000004 -0.51702999999999999 -0.51641999999999999 -0.51544000000000001 -0.51387000000000005 -0.51129000000000002 -0.50712000000000002 -0.50019999999999998 -0.48937000000000003 -0.47203000000000001 -0.44653999999999999 -0.41039999999999999 -0.36260999999999999 -0.30818000000000001 -0.24392 -0.19172 -0.13805999999999999 -0.091144000000000003 -0.038696000000000001 0.020784 0.088594999999999993 0.16854 0.26419999999999999 0.37171999999999999 0.48509000000000002 0.58531 0.65314000000000005 0.71287 0.72772999999999999 0.70101000000000002 0.62065999999999999 0.50902999999999998
-0.51922000000000001 -0.51920999999999995 -0.51919999999999999 -0.51917000000000002 -0.51912999999999998 -0.51905999999999997 -0.51893999999999996 -0.51873999999999998 -0.51841000000000004 -0.51788000000000001 -0.51702000000000004 -0.51561999999999997 -0.51332 -0.50960000000000005 -0.50341000000000002 -0.49358000000000002 -0.47787000000000002 -0.45380999999999999 -0.41982000000000003 -0.37247999999999998 -0.32013999999999998 -0.25875999999999999 -0.20843999999999999 -0.15839 -0.11394 -0.063805000000000001 -0.0082629999999999995 0.057912999999999999 0.13785 0.23263 0.34097 0.45189000000000001 0.54607000000000006 0.61373 0.66747999999999996 0.67383000000000004 0.64632999999999996 0.55947999999999998 0.45324999999999999
-0.52110000000000001 -0.52109000000000005 -0.52107999999999999 -0.52105999999999997 -0.52102999999999999 -0.52097000000000004 -0.52087000000000006 -0.52068999999999999 -0.52039999999999997 -0.51993 -0.51915999999999995 -0.51790999999999998 -0.51583999999999997 -0.51251000000000002 -0.50695000000000001 -0.49797000000000002 -0.48365000000000002 -0.46111000000000002 -0.42914999999999998 -0.38317000000000001 -0.33267999999999998 -0.27518999999999999 -0.22539999999999999 -0.17854999999999999 -0.13597999999999999 -0.087985999999999995 -0.034795 0.029152000000000001 0.109 0.20324 0.31247000000000003 0.42098000000000002 0.50880999999999998 0.57511000000000001 0.62375999999999998 0.62355000000000005 0.59494000000000002 0.50212999999999997 0.40107999999999999
0.65000000000000002 0.029999999999999999
-0.66808999999999996 -0.72987000000000002 -0.79098000000000002 -0.87082999999999999 -0.95723000000000003 -1.0424 -1.1418999999999999 -1.2405999999999999 -1.3371999999999999 -1.4355 -1.5306999999999999 -1.6204000000000001 -1.6977 -1.756 -1.7944 -1.8079000000000001 -1.7741 -1.7182999999999999 -1.6478999999999999 -1.5558000000000001 -1.4505999999999999 -1.3399000000000001 -1.2761 -1.2921 -1.3473999999999999 -1.3994 -1.2666999999999999 -1.1335999999999999 -0.99490000000000001 -0.83311999999999997 -0.67184999999999995 -0.49215999999999999 -0.29657 -0.09604 0.1258 0.34471000000000002 0.57011000000000001 0.79201999999999995 1.006
-0.53856999999999999 -0.53327000000000002 -0.52897000000000005 -0.52637 -0.52410999999999996 -0.52891999999999995 -0.53271000000000002 -0.55159999999999998 -0.56913999999999998 -0.60011999999999999 -0.63580000000000003 -0.66471999999999998 -0.70884000000000003 -0.74280000000000002 -0.76702000000000004 -0.78847999999999996 -0.79769000000000001 -0.79537999999999998 -0.76885000000000003 -0.73021000000000003 -0.68384 -0.61475000000000002 -0.52795000000000003 -0.43996000000000002 -0.3483 -0.23608999999999999 -0.12465 -0.01434 0.075748999999999997 0.15581999999999999 0.22922999999999999 0.32695999999999997 0.46272000000000002 0.59709000000000001 0.73658999999999997 0.89171999999999996 1.0451999999999999 1.2053 1.3776999999999999
-0.54635999999999996 -0.54352999999999996 -0.53878999999999999 -0.53056999999999999 -0.51887000000000005 -0.50197000000000003 -0.47783999999999999 -0.44331999999999999 -0.39196999999999999 -0.33046999999999999 -0.24654000000000001 -0.1431 -0.018933999999999999 0.11745 0.27298 0.41882999999999998 0.57572999999999996 0.69781000000000004 0.82423000000000002 0.92122999999999999 1.0075000000000001 1.0924 1.1563000000000001 1.2192000000000001 1.2808999999999999 1.3439000000000001 1.405 1.4644999999999999 1.5343 1.6067 1.677 1.7526999999999999 1.8395999999999999 1.9244000000000001 2.0070000000000001 2.1070000000000002 2.2057000000000002 2.3022999999999998 2.4066999999999998
-0.48771999999999999 -0.48565999999999998 -0.48330000000000001 -0.48004000000000002 -0.47543999999999997 -0.46853 -0.45715 -0.43808000000000002 -0.40797 -0.35936000000000001 -0.29077999999999998 -0.19566 -0.073455999999999994 0.076842999999999995 0.25430000000000003 0.45254 0.66842000000000001 0.89081999999999995 1.1161000000000001 1.3373999999999999 1.5459000000000001 1.7298 1.8960999999999999 2.0424000000000002 2.1576 2.2705000000000002 2.3527999999999998 2.4285999999999999 2.5023 2.5649999999999999 2.625 2.6827000000000001 2.7440000000000002 2.8043 2.8620999999999999 2.9258999999999999 2.9963000000000002 3.0640999999999998 3.133
-0.46426000000000001 -0.45527000000000001 -0.44496999999999998 -0.43837999999999999 -0.42720000000000002 -0.41615000000000002 -0.40155999999999997 -0.38163000000000002 -0.35239999999999999 -0.31069999999999998 -0.25026999999999999 -0.17019999999999999 -0.066592999999999999 0.059454 0.2069 0.37645000000000001 0.56106 0.76929000000000003 0.98658000000000001 1.2217 1.4611000000000001 1.7060999999999999 1.9460999999999999 2.1808999999999998 2.3919999999999999 2.593 2.7551000000000001 2.9051 3.0263 3.1269 3.2246999999999999 3.2959000000000001 3.3645 3.4306999999999999 3.4927000000000001 3.5525000000000002 3.6101999999999999 3.6768000000000001 3.7423999999999999
-0.47771000000000002 -0.46926000000000001 -0.45862999999999998 -0.44540000000000002 -0.42931999999999998 -0.41000999999999999 -0.38700000000000001 -0.35818 -0.32195000000000001 -0.27493000000000001 -0.21434 -0.13419 -0.043604999999999998 0.075287000000000007 0.21389 0.37631999999999999 0.55666000000000004 0.75317999999999996 0.96389999999999998 1.1792 1.4071 1.6358999999999999 1.8746 2.1133999999999999 2.3542999999999998 2.5880000000000001 2.8148 3.0188999999999999 3.2121 3.3712 3.5167000000000002 3.6398000000000001 3.7404000000000002 3.8380999999999998 3.9152 3.9870999999999999 4.0564999999999998 4.1219000000000001 4.1853999999999996
-0.45471 -0.45018999999999998 -0.44114999999999999 -0.42915999999999999 -0.41605999999999999 -0.39917000000000002 -0.37683 -0.35022999999999999 -0.31790000000000002 -0.27642 -0.22287999999999999 -0.15384999999999999 -0.063534999999999994 0.046697000000000002 0.18631 0.34842000000000001 0.53749999999999998 0.74744999999999995 0.97248000000000001 1.2099 1.4496 1.6954 1.9380999999999999 2.1802999999999999 2.4201999999999999 2.6562000000000001 2.8936000000000002 3.1254 3.3576999999999999 3.5813999999999999 3.7894000000000001 3.9861 4.1508000000000003 4.3102 4.4268999999999998 4.5399000000000003 4.6307 4.7050999999999998 4.7786999999999997
-0.42453999999999997 -0.41837999999999997 -0.41021999999999997 -0.39656000000000002 -0.37890000000000001 -0.35868 -0.3327 -0.29965999999999998 -0.25824999999999998 -0.20832000000000001 -0.14735000000000001 -0.074750999999999998 0.012716 0.11938 0.24371999999999999 0.39950000000000002 0.57069999999999999 0.77493999999999996 0.99633000000000005 1.2359 1.4905999999999999 1.75 2.0167000000000002 2.2780999999999998 2.5356000000000001 2.7871000000000001 3.0335000000000001 3.2793999999999999 3.5203000000000002 3.7568000000000001 3.9836 4.1947000000000001 4.3940000000000001 4.5609999999999999 4.7224000000000004 4.8483999999999998 4.9718999999999998 5.0700000000000003 5.1603000000000003
-0.41206999999999999 -0.40461000000000003 -0.39639000000000002 -0.38682 -0.37069000000000002 -0.34767999999999999 -0.32101000000000002 -0.28439999999999999 -0.23505999999999999 -0.17019999999999999 -0.090178999999999995 0.0045738000000000003 0.11311 0.23608999999999999 0.37539 0.53251999999999999 0.71111999999999997 0.90366000000000002 1.1201000000000001 1.3431999999999999 1.5861000000000001 1.8341000000000001 2.0907 2.3536999999999999 2.6158000000000001 2.8812000000000002 3.1402999999999999 3.3974000000000002 3.6488 3.895 4.1302000000000003 4.3550000000000004 4.5561999999999996 4.7478999999999996 4.9089999999999998 5.0635000000000003 5.1841999999999997 5.2960000000000003 5.3921000000000001
-0.41449000000000003 -0.40695999999999999 -0.39810000000000001 -0.38623000000000002 -0.36862 -0.34651999999999999 -0.31956000000000001 -0.28314 -0.23536000000000001 -0.17108999999999999 -0.088844000000000006 0.014408000000000001 0.14016000000000001 0.28571000000000002 0.45454 0.63749 0.83567000000000002 1.0415000000000001 1.2573000000000001 1.4825999999999999 1.7119 1.9523999999999999 2.1916000000000002 2.4447999999999999 2.6977000000000002 2.9569999999999999 3.2168999999999999 3.4742999999999999 3.7292000000000001 3.976 4.2130000000000001 4.4381000000000004 4.6483999999999996 4.8399999999999999 5.0118999999999998 5.1631 5.2930000000000001 5.4081000000000001 5.4960000000000004
-0.40745999999999999 -0.39979999999999999 -0.39119999999999999 -0.38124000000000002 -0.36926999999999999 -0.34911999999999999 -0.32078000000000001 -0.28699000000000002 -0.24152000000000001 -0.18087 -0.099671999999999997 0.0016613999999999999 0.12983 0.27940999999999999 0.45405000000000001 0.64985000000000004 0.86245000000000005 1.0906 1.323 1.5624 1.7995000000000001 2.0373999999999999 2.2755000000000001 2.5145 2.7603 3.0051000000000001 3.2591000000000001 3.5081000000000002 3.7570999999999999 3.9967000000000001 4.2271999999999998 4.4485999999999999 4.6611000000000002 4.8483999999999998 5.0303000000000004 5.1715 5.3102 5.4116999999999997 5.5101000000000004
-0.40961999999999998 -0.40189000000000002 -0.39267999999999997 -0.38196999999999998 -0.36914999999999998 -0.35341 -0.32962000000000002 -0.29407 -0.25356000000000001 -0.19994000000000001 -0.12866 -0.035490000000000001 0.080282999999999993 0.22564999999999999 0.39205000000000001 0.58479999999999999 0.79308999999999996 1.0161 1.2514000000000001 1.4914000000000001 1.7434000000000001 1.9943 2.2507000000000001 2.5026999999999999 2.7517 2.9962 3.2362000000000002 3.4731000000000001 3.7054999999999998 3.9319999999999999 4.1512000000000002 4.3620000000000001 4.5594999999999999 4.7460000000000004 4.9130000000000003 5.0698999999999996 5.1981999999999999 5.3164999999999996 5.4065000000000003
-0.40432000000000001 -0.39702999999999999 -0.38818000000000003 -0.37718000000000002 -0.36407 -0.34733000000000003 -0.32356000000000001 -0.29310999999999998 -0.25638 -0.20618 -0.14111000000000001 -0.053677999999999997 0.054481000000000002 0.18657000000000001 0.34205000000000002 0.51546999999999998 0.71389999999999998 0.92237999999999998 1.1520999999999999 1.3884000000000001 1.6343000000000001 1.8866000000000001 2.1392000000000002 2.3963000000000001 2.6486999999999998 2.9005999999999998 3.1463000000000001 3.3875999999999999 3.6208 3.847 4.0605000000000002 4.2667999999999999 4.4573 4.6390000000000002 4.8017000000000003 4.9507000000000003 5.0818000000000003 5.1916000000000002 5.2793999999999999
-0.38594000000000001 -0.37852000000000002 -0.37029000000000001 -0.36030000000000001 -0.34805000000000003 -0.33130999999999999 -0.30804999999999999 -0.27976000000000001 -0.24382999999999999 -0.19636000000000001 -0.13478000000000001 -0.055983999999999999 0.045439 0.16577 0.31589 0.48326000000000002 0.67301 0.87797999999999998 1.0938000000000001 1.327 1.5624 1.8151999999999999 2.0663999999999998 2.3224 2.5762999999999998 2.8271000000000002 3.0760000000000001 3.3201000000000001 3.5583 3.7883 4.0049000000000001 4.2092000000000001 4.3997999999999999 4.5732999999999997 4.7333999999999996 4.8696000000000002 4.9938000000000002 5.0843999999999996 5.1666999999999996
-0.35672999999999999 -0.35032999999999997 -0.34193000000000001 -0.33202999999999999 -0.32063000000000003 -0.30651 -0.28835 -0.26090000000000002 -0.22467999999999999 -0.18046000000000001 -0.12038 -0.045463999999999997 0.052572000000000001 0.17030000000000001 0.31115999999999999 0.47405000000000003 0.65264 0.85650999999999999 1.0681 1.2979000000000001 1.5337000000000001 1.7784 2.0304000000000002 2.2816000000000001 2.5387 2.7898000000000001 3.0405000000000002 3.2854999999999999 3.5265 3.7563 3.9773999999999998 4.1778000000000004 4.3673999999999999 4.5319000000000003 4.6806000000000001 4.8041999999999998 4.9077000000000002 4.9885999999999999 5.0522
-0.29172999999999999 -0.28627999999999998 -0.28012999999999999 -0.27173999999999998 -0.26174999999999998 -0.24929000000000001 -0.23158000000000001 -0.20693 -0.17430000000000001 -0.13396 -0.077227000000000004 -0.0051621999999999996 0.087363999999999997 0.20300000000000001 0.33701999999999999 0.49934000000000001 0.67501 0.87260000000000004 1.0814999999999999 1.3018000000000001 1.5362 1.7718 2.0230999999999999 2.2709999999999999 2.5245000000000002 2.7755999999999998 3.0249000000000001 3.2711000000000001 3.5112000000000001 3.7397 3.9567000000000001 4.1506999999999996 4.3305999999999996 4.4911000000000003 4.6247999999999996 4.7370000000000001 4.8224999999999998 4.8939000000000004 4.9438000000000004
-0.22445999999999999 -0.21640000000000001 -0.20755000000000001 -0.19728999999999999 -0.18597 -0.17405999999999999 -0.15637000000000001 -0.13413 -0.10425 -0.065521999999999997 -0.013469999999999999 0.056538999999999999 0.14054 0.25237999999999999 0.37806000000000001 0.53169999999999995 0.70247999999999999 0.89195999999999998 1.1003000000000001 1.3131999999999999 1.5483 1.7831999999999999 2.0289999999999999 2.2761999999999998 2.524 2.7749999999999999 3.0196000000000001 3.2648000000000001 3.4992000000000001 3.7233000000000001 3.9293999999999998 4.1189999999999998 4.2880000000000003 4.4413 4.5578000000000003 4.6604000000000001 4.7328999999999999 4.7949999999999999 4.8384
-0.10797 -0.084656999999999996 -0.060774000000000002 -0.036757999999999999 -0.010807000000000001 0.016161999999999999 0.045346999999999998 0.078501000000000001 0.11314 0.16051000000000001 0.21367 0.28128999999999998 0.36215000000000003 0.45471 0.57152000000000003 0.69411 0.85043999999999997 1.0130999999999999 1.1984999999999999 1.3991 1.6100000000000001 1.8394999999999999 2.0684999999999998 2.3087 2.5455999999999999 2.7829999999999999 3.0150999999999999 3.2368999999999999 3.4443999999999999 3.6364999999999998 3.8132000000000001 3.9742999999999999 4.1185999999999998 4.2416999999999998 4.3478000000000003 4.4295 4.5003000000000002 4.5488 4.5911
-0.16539999999999999 -0.13167000000000001 -0.095128000000000004 -0.055648000000000003 -0.012741000000000001 0.035494999999999999 0.088044999999999998 0.1449 0.20626 0.27263999999999999 0.34893000000000002 0.42982999999999999 0.52981 0.63463000000000003 0.75466 0.88302000000000003 1.0163 1.1681999999999999 1.3184 1.5013000000000001 1.6867000000000001 1.8926000000000001 2.1069 2.3254999999999999 2.5491999999999999 2.7646999999999999 2.9735999999999998 3.1657000000000002 3.3395999999999999 3.4975999999999998 3.6433 3.7784 3.9077000000000002 4.0202 4.1247999999999996 4.2096999999999998 4.2823000000000002 4.3395000000000001 4.3851000000000004
-0.36381999999999998 -0.33833999999999997 -0.30787999999999999 -0.27238000000000001 -0.23189000000000001 -0.18486 -0.13141 -0.067640000000000006 0.0044180000000000001 0.088459999999999997 0.18612000000000001 0.29897000000000001 0.42641000000000001 0.56715000000000004 0.71509999999999996 0.86819000000000002 1.0255000000000001 1.1833 1.3527 1.5185 1.7027000000000001 1.8843000000000001 2.0746000000000002 2.2658999999999998 2.4544000000000001 2.6371000000000002 2.8069000000000002 2.9582000000000002 3.0928 3.2126999999999999 3.3260999999999998 3.4363999999999999 3.5482999999999998 3.6589999999999998 3.7614999999999998 3.8573 3.9375 4.0057 4.0644999999999998
-0.45228000000000002 -0.44162000000000001 -0.42831000000000002 -0.40966000000000002 -0.38571 -0.35508000000000001 -0.31639 -0.26910000000000001 -0.20899000000000001 -0.13997999999999999 -0.056781999999999999 0.041845 0.15839 0.29537999999999998 0.45229000000000003 0.62661999999999995 0.81389 1.0068999999999999 1.2007000000000001 1.3946000000000001 1.5833999999999999 1.7759 1.9601999999999999 2.1446999999999998 2.3193999999999999 2.4853999999999998 2.6353 2.7698 2.8854000000000002 2.9908000000000001 3.0922000000000001 3.1938 3.2986 3.4047000000000001 3.5112000000000001 3.6038999999999999 3.6905999999999999 3.7622 3.8342000000000001
-0.47027000000000002 -0.46671000000000001 -0.46151999999999999 -0.45427000000000001 -0.44349 -0.42903000000000002 -0.40773999999999999 -0.37747000000000003 -0.33573999999999998 -0.28070000000000001 -0.21121000000000001 -0.12282999999999999 -0.015141999999999999 0.11509999999999999 0.26888000000000001 0.44418999999999997 0.63773000000000002 0.84319 1.0539000000000001 1.2653000000000001 1.4722 1.6718999999999999 1.8629 2.0421 2.2121 2.3668999999999998 2.5049000000000001 2.625 2.7301000000000002 2.8277000000000001 2.9207000000000001 3.0205000000000002 3.1200999999999999 3.2263000000000002 3.3271999999999999 3.4218000000000002 3.5051000000000001 3.5836999999999999 3.6665999999999999
-0.47602 -0.47437000000000001 -0.47223999999999999 -0.46936 -0.46543000000000001 -0.45959 -0.45149 -0.43970999999999999 -0.42349999999999999 -0.39989999999999998 -0.36481999999999998 -0.31359999999999999 -0.23927999999999999 -0.13442000000000001 0.0057679999999999997 0.18321999999999999 0.39137 0.62192000000000003 0.85918000000000005 1.0972 1.3229 1.5361 1.7315 1.9079999999999999 2.0668000000000002 2.2052999999999998 2.3273999999999999 2.4315000000000002 2.5253000000000001 2.6132 2.7048000000000001 2.7967 2.8969999999999998 2.9944000000000002 3.0865999999999998 3.1743000000000001 3.2578999999999998 3.3515999999999999 3.4535
-0.4783 -0.47697000000000001 -0.47532000000000002 -0.47298000000000001 -0.46966000000000002 -0.46504000000000001 -0.45912999999999998 -0.45121 -0.43980999999999998 -0.42457 -0.40244000000000002 -0.37028 -0.32372000000000001 -0.25662000000000001 -0.15878 -0.023668000000000002 0.15865000000000001 0.38157999999999997 0.63602999999999998 0.89892000000000005 1.1617 1.3948 1.6107 1.7927999999999999 1.9519 2.0893000000000002 2.2052 2.3081 2.4007000000000001 2.4901 2.5825999999999998 2.6745999999999999 2.7660999999999998 2.8538999999999999 2.9376000000000002 3.0204 3.1093000000000002 3.2063999999999999 3.3287
-0.47708 -0.47613 -0.47460999999999998 -0.47264 -0.46977000000000002 -0.4662 -0.46122000000000002 -0.45408999999999999 -0.44417000000000001 -0.43087999999999999 -0.41291 -0.38782 -0.35199999999999998 -0.30015999999999998 -0.22492999999999999 -0.11783 0.027056 0.21997 0.45033000000000001 0.71243999999999996 0.97992999999999997 1.2411000000000001 1.4701 1.6787000000000001 1.8402000000000001 1.9845999999999999 2.1046 2.2124000000000001 2.3100000000000001 2.4058000000000002 2.4977999999999998 2.5882999999999998 2.6739999999999999 2.7549999999999999 2.835 2.911 3.0114000000000001 3.1229 3.2442000000000002
-0.47671000000000002 -0.47567999999999999 -0.47416000000000003 -0.4723 -0.46975 -0.4662 -0.46142 -0.4546 -0.44613999999999998 -0.43419999999999997 -0.41782999999999998 -0.39474999999999999 -0.36231999999999998 -0.31656000000000001 -0.25261 -0.16058 -0.035102000000000001 0.13289999999999999 0.34216000000000002 0.58489999999999998 0.84536999999999995 1.1076999999999999 1.347 1.5617000000000001 1.7423 1.8928 2.024 2.1368999999999998 2.2425999999999999 2.3431999999999999 2.4376000000000002 2.5255999999999998 2.6065999999999998 2.6817000000000002 2.7593000000000001 2.8424 2.9411999999999998 3.0588000000000002 3.1724999999999999
-0.47532999999999997 -0.47395999999999999 -0.47236 -0.47032000000000002 -0.46798000000000001 -0.46461000000000002 -0.46029999999999999 -0.45415 -0.44586999999999999 -0.43439 -0.41826999999999998 -0.39632000000000001 -0.36570000000000003 -0.32266 -0.26288 -0.17981 -0.065518999999999994 0.083510000000000001 0.27634999999999998 0.49997000000000003 0.75031000000000003 1.0039 1.2511000000000001 1.4671000000000001 1.6646000000000001 1.819 1.9599 2.0804 2.1924999999999999 2.2974000000000001 2.3915000000000002 2.4780000000000002 2.5535000000000001 2.6269 2.6993 2.7898999999999998 2.8898000000000001 2.9996 3.1038000000000001
-0.47461999999999999 -0.47254000000000002 -0.47038000000000002 -0.46767999999999998 -0.46476000000000001 -0.46100999999999998 -0.45630999999999999 -0.45036999999999999 -0.44217000000000001 -0.43160999999999999 -0.41635 -0.39522000000000002 -0.36541000000000001 -0.32405 -0.26615 -0.18794 -0.079134999999999997 0.060639999999999999 0.23941000000000001 0.45063999999999999 0.68725999999999998 0.93315000000000003 1.1785000000000001 1.3964000000000001 1.5956999999999999 1.7636000000000001 1.9101999999999999 2.0398999999999998 2.1556000000000002 2.2623000000000002 2.355 2.4375 2.5083000000000002 2.5798999999999999 2.6484999999999999 2.7416999999999998 2.8403999999999998 2.9422000000000001 3.0367000000000002
-0.47532999999999997 -0.47254000000000002 -0.46955000000000002 -0.46605999999999997 -0.46205000000000002 -0.45754 -0.45177 -0.44540999999999997 -0.43692999999999999 -0.42630000000000001 -0.41177999999999998 -0.39198 -0.36442999999999998 -0.32530999999999999 -0.26984999999999998 -0.19359000000000001 -0.089119000000000004 0.047204000000000003 0.21697 0.42037999999999998 0.64546999999999999 0.88482000000000005 1.1213 1.3444 1.544 1.7233000000000001 1.873 2.0095999999999998 2.1286999999999998 2.2341000000000002 2.3224999999999998 2.3986999999999998 2.4655 2.5352000000000001 2.6073 2.6928000000000001 2.7896999999999998 2.8860000000000001 2.9731000000000001
-0.48077999999999999 -0.47882000000000002 -0.47587000000000002 -0.47197 -0.46648000000000001 -0.45943000000000001 -0.45054 -0.43959999999999999 -0.42748000000000003 -0.41243000000000002 -0.39535999999999999 -0.37348999999999999 -0.34584999999999999 -0.30897000000000002 -0.25894 -0.18958 -0.096426999999999999 0.029578 0.18690999999999999 0.37623000000000001 0.58919999999999995 0.81628000000000001 1.0434000000000001 1.2644 1.4668000000000001 1.6501999999999999 1.8108 1.9491000000000001 2.0705 2.1585000000000001 2.2347000000000001 2.2985000000000002 2.3601000000000001 2.4190999999999998 2.4944999999999999 2.5758999999999999 2.6648999999999998 2.7526999999999999 2.8252000000000002
-0.48348000000000002 -0.48268 -0.48124 -0.47919 -0.47617999999999999 -0.47160000000000002 -0.46511999999999998 -0.45540000000000003 -0.44183 -0.42362 -0.39961999999999998 -0.37121999999999999 -0.33571000000000001 -0.29374 -0.2404 -0.17266000000000001 -0.084195000000000006 0.029586999999999999 0.17649000000000001 0.35147 0.55706 0.77617999999999998 1.0013000000000001 1.2166999999999999 1.4194 1.5939000000000001 1.7496 1.8777999999999999 1.9806999999999999 2.0600000000000001 2.1263999999999998 2.1846999999999999 2.2440000000000002 2.3067000000000002 2.3774999999999999 2.4624000000000001 2.5507 2.6360000000000001 2.6957
-0.48424 -0.48374 -0.48304000000000002 -0.48204000000000002 -0.48049999999999998 -0.47777999999999998 -0.47391 -0.46810000000000002 -0.45910000000000001 -0.44564999999999999 -0.42518 -0.39596999999999999 -0.35593999999999998 -0.30354999999999999 -0.23999000000000001 -0.16153999999999999 -0.067291000000000004 0.048438000000000002 0.18981000000000001 0.35832999999999998 0.55088000000000004 0.76126000000000005 0.97579000000000005 1.1818 1.3703000000000001 1.5347 1.673 1.7881 1.8735999999999999 1.9466000000000001 2.0091999999999999 2.0689000000000002 2.1276000000000002 2.1964000000000001 2.2724000000000002 2.3593999999999999 2.4481000000000002 2.5295999999999998 2.5819999999999999
-0.48477999999999999 -0.48437999999999998 -0.48381999999999997 -0.48303000000000001 -0.48191000000000001 -0.48031000000000001 -0.47774 -0.47393000000000002 -0.46800999999999998 -0.45884000000000003 -0.44466 -0.42231000000000002 -0.38857000000000003 -0.33823999999999999 -0.26923000000000002 -0.17956 -0.070584999999999995 0.056929 0.20401 0.37236999999999998 0.55745 0.75749 0.95670999999999995 1.1473 1.3169 1.466 1.5854999999999999 1.6858 1.762 1.8306 1.8938999999999999 1.9568000000000001 2.0202 2.0922999999999998 2.1777000000000002 2.2711999999999999 2.3628 2.4354 2.4788999999999999
-0.48547000000000001 -0.48510999999999999 -0.48460999999999999 -0.48393999999999998 -0.48298999999999997 -0.48169000000000001 -0.47982000000000002 -0.47703000000000001 -0.47269 -0.46594999999999998 -0.45539000000000002 -0.43880000000000002 -0.41267999999999999 -0.37196000000000001 -0.30969999999999998 -0.22128999999999999 -0.10256 0.037339999999999998 0.19892000000000001 0.37224000000000002 0.55757999999999996 0.74760000000000004 0.93188000000000004 1.1045 1.2556 1.3875 1.4956 1.5833999999999999 1.655 1.7222999999999999 1.7863 1.8532 1.9232 1.9973000000000001 2.0939000000000001 2.1919 2.2829999999999999 2.3513000000000002 2.3862999999999999
-0.48604000000000003 -0.48576000000000003 -0.48535 -0.48476000000000002 -0.48392000000000002 -0.48276000000000002 -0.48113 -0.47876000000000002 -0.47527999999999998 -0.46990999999999999 -0.46150999999999998 -0.44827 -0.42727999999999999 -0.39411000000000002 -0.34201999999999999 -0.26296000000000003 -0.15029999999999999 -0.0051288999999999996 0.16464000000000001 0.34855000000000003 0.53547 0.72165999999999997 0.89215 1.0494000000000001 1.1887000000000001 1.3072999999999999 1.4085000000000001 1.4876 1.5565 1.6234 1.6896 1.7596000000000001 1.8358000000000001 1.9198 2.0200999999999998 2.1213000000000002 2.2098 2.2770000000000001 2.3026
-0.48652000000000001 -0.48629 -0.48594999999999999 -0.48546 -0.48475000000000001 -0.48371999999999998 -0.48226000000000002 -0.48015999999999998 -0.47711999999999999 -0.47249000000000002 -0.46534999999999999 -0.45412999999999998 -0.43634000000000001 -0.40825 -0.36410999999999999 -0.29532999999999998 -0.19424 -0.054391000000000002 0.11466999999999999 0.307 0.49360999999999999 0.67754000000000003 0.83979000000000004 0.98687000000000002 1.1173 1.2276 1.3262 1.3998999999999999 1.4688000000000001 1.534 1.6032 1.6754 1.7611000000000001 1.8543000000000001 1.9554 2.0569000000000002 2.1431 2.2048000000000001 2.2275
-0.48691000000000001 -0.48671999999999999 -0.48642999999999997 -0.48602000000000001 -0.48541000000000001 -0.48452000000000001 -0.48325000000000001 -0.48138999999999998 -0.47866999999999998 -0.47460000000000002 -0.46827999999999997 -0.45851999999999998 -0.44302000000000002 -0.41842000000000001 -0.37966 -0.31935000000000002 -0.22908999999999999 -0.10043000000000001 0.061976000000000003 0.25167 0.44203999999999999 0.62263999999999997 0.78130999999999995 0.92103000000000002 1.0464 1.1517999999999999 1.2456 1.3204 1.3893 1.4531000000000001 1.5258 1.6032999999999999 1.6931 1.7923 1.8965000000000001 1.9988999999999999 2.0828000000000002 2.1381999999999999 2.1634000000000002
-0.48762 -0.48748000000000002 -0.48726999999999998 -0.48696 -0.48648999999999998 -0.48581999999999997 -0.48481000000000002 -0.48333999999999999 -0.48110999999999998 -0.47772999999999999 -0.47255999999999998 -0.46460000000000001 -0.45216000000000001 -0.43242999999999998 -0.40133000000000002 -0.35265000000000002 -0.27894000000000002 -0.17272000000000001 -0.029637 0.14072000000000001 0.32824999999999999 0.49897999999999998 0.66073000000000004 0.79227000000000003 0.91085000000000005 1.0144 1.1029 1.1817 1.2488999999999999 1.3158000000000001 1.393 1.4807999999999999 1.5772999999999999 1.6853 1.7945 1.8957999999999999 1.9761 2.0221 2.0467
-0.48816999999999999 -0.48805999999999999 -0.48788999999999999 -0.48763000000000001 -0.48724000000000001 -0.48666999999999999 -0.48583999999999999 -0.48463000000000001 -0.48282000000000003 -0.48008000000000001 -0.47587000000000002 -0.46927000000000002 -0.45895999999999998 -0.44247999999999998 -0.41646 -0.37564999999999998 -0.31324999999999997 -0.22283 -0.098548999999999998 0.052632999999999999 0.22381999999999999 0.38865 0.54237000000000002 0.67740999999999996 0.79132000000000002 0.89437999999999995 0.98019000000000001 1.0595000000000001 1.1293 1.2037 1.2822 1.3784000000000001 1.4823 1.5938000000000001 1.7054 1.8046 1.8822000000000001 1.9275 1.9440999999999999
-0.48860999999999999 -0.48853000000000002 -0.4884 -0.48820000000000002 -0.4879 -0.48743999999999998 -0.48675000000000002 -0.48571999999999999 -0.48420000000000002 -0.48187999999999998 -0.47835 -0.47277999999999998 -0.46403 -0.45011000000000001 -0.42792000000000002 -0.39318999999999998 -0.33950000000000002 -0.26145000000000002 -0.15337000000000001 -0.017367 0.13621 0.29619000000000001 0.44014999999999999 0.57569000000000004 0.68469999999999998 0.78537000000000001 0.87261999999999995 0.95193000000000005 1.0258 1.105 1.1896 1.2883 1.3994 1.5148999999999999 1.6289 1.7259 1.7995000000000001 1.8432999999999999 1.8483000000000001
-0.48895 -0.48887999999999998 -0.48875999999999997 -0.48859999999999998 -0.48835000000000001 -0.48796 -0.48738999999999999 -0.48653000000000002 -0.48525000000000001 -0.48327999999999999 -0.48025000000000001 -0.47552 -0.46801999999999999 -0.45615 -0.437 -0.40711999999999998 -0.36076000000000003 -0.29237999999999997 -0.19757 -0.074834999999999999 0.064107999999999998 0.21553 0.35165999999999997 0.48091 0.59133999999999998 0.68944000000000005 0.77795999999999998 0.85794000000000004 0.93620000000000003 1.0174000000000001 1.1089 1.2110000000000001 1.3268 1.4459 1.5616000000000001 1.6565000000000001 1.7252000000000001 1.7646999999999999 1.7604
-0.48966999999999999 -0.48958000000000002 -0.48946000000000001 -0.48929 -0.48903999999999997 -0.48864999999999997 -0.48816999999999999 -0.48743999999999998 -0.48637999999999998 -0.48470000000000002 -0.48208000000000001 -0.47800999999999999 -0.47151999999999999 -0.46132000000000001 -0.44489000000000001 -0.41899999999999998 -0.37891999999999998 -0.31888 -0.23529 -0.12454999999999999 0.0026159999999999998 0.14165 0.27551999999999999 0.39842 0.50992999999999999 0.60506000000000004 0.69421999999999995 0.77544000000000002 0.85680000000000001 0.93957999999999997 1.0376000000000001 1.1451 1.2633000000000001 1.3862000000000001 1.4994000000000001 1.5958000000000001 1.6578999999999999 1.6959 1.6758
-0.49036000000000002 -0.49025000000000002 -0.49009999999999998 -0.4899 -0.48962 -0.48916999999999999 -0.48870000000000002 -0.48803999999999997 -0.48710999999999999 -0.48563000000000001 -0.48331000000000002 -0.47974 -0.47406999999999999 -0.46511000000000002 -0.45079000000000002 -0.42798000000000003 -0.39284000000000002 -0.33955999999999997 -0.26529000000000003 -0.16642000000000001 -0.048293999999999997 0.079889000000000002 0.21032999999999999 0.32707999999999998 0.43846000000000002 0.53134999999999999 0.62021000000000004 0.70335000000000003 0.78744999999999998 0.87322999999999995 0.97543000000000002 1.0878000000000001 1.2097 1.3326 1.4444999999999999 1.5368999999999999 1.5981000000000001 1.6291 1.5947
-0.49101 -0.49088999999999999 -0.49073 -0.49049999999999999 -0.49015999999999998 -0.48964999999999997 -0.48909999999999998 -0.48845 -0.48753999999999997 -0.48615999999999998 -0.48401 -0.48076999999999998 -0.47570000000000001 -0.46768999999999999 -0.45504 -0.43480000000000002 -0.40377999999999997 -0.35670000000000002 -0.28989999999999999 -0.20093 -0.091145000000000004 0.027709000000000001 0.15429000000000001 0.26562000000000002 0.37354999999999999 0.46754000000000001 0.55596999999999996 0.64037999999999995 0.72555000000000003 0.81533 0.91986999999999997 1.038 1.1621999999999999 1.2843 1.395 1.4833000000000001 1.5423 1.5645 1.5203
-0.49163000000000001 -0.49151 -0.49135000000000001 -0.49110999999999999 -0.49073 -0.49018 -0.48953000000000002 -0.48882999999999999 -0.48781999999999998 -0.48638999999999999 -0.48426999999999998 -0.48119000000000001 -0.47653000000000001 -0.46922999999999998 -0.45789999999999997 -0.43985999999999997 -0.41209000000000001 -0.37010999999999999 -0.30965999999999999 -0.22900999999999999 -0.12684999999999999 -0.016042000000000001 0.10290000000000001 0.21274000000000001 0.31714999999999999 0.41248000000000001 0.50017999999999996 0.58553999999999995 0.67112000000000005 0.76492000000000004 0.87143999999999999 0.99480999999999997 1.1193 1.2404999999999999 1.3501000000000001 1.4338 1.4898 1.5042 1.4528000000000001
-0.49275000000000002 -0.49264000000000002 -0.49247999999999997 -0.49225000000000002 -0.49188999999999999 -0.4914 -0.49069000000000002 -0.48986000000000002 -0.48866999999999999 -0.48697000000000001 -0.48468 -0.48135 -0.47693000000000002 -0.47027000000000002 -0.46045000000000003 -0.44536999999999999 -0.42221999999999998 -0.38778000000000001 -0.33726 -0.26945999999999998 -0.18235000000000001 -0.082244999999999999 0.023622000000000001 0.13064000000000001 0.22850999999999999 0.32411000000000001 0.40987000000000001 0.49552000000000002 0.58079000000000003 0.68291999999999997 0.79679999999999995 0.92305999999999999 1.0450999999999999 1.1618999999999999 1.2690999999999999 1.3464 1.3943000000000001 1.3924000000000001 1.3310999999999999
-0.49376999999999999 -0.49367 -0.49352000000000001 -0.49331999999999998 -0.49303000000000002 -0.49262 -0.49201 -0.49112 -0.48985000000000001 -0.48793999999999998 -0.48541000000000001 -0.48175000000000001 -0.47682000000000002 -0.46995999999999999 -0.46017999999999998 -0.44642999999999999 -0.42574000000000001 -0.39605000000000001 -0.35288999999999998 -0.29348999999999997 -0.21768000000000001 -0.12581000000000001 -0.030311000000000001 0.071141999999999997 0.1646 0.25625999999999999 0.34156999999999998 0.42535000000000001 0.51053999999999999 0.61938000000000004 0.73807 0.86204999999999998 0.98116999999999999 1.0943000000000001 1.1941999999999999 1.2666999999999999 1.3062 1.2861 1.2218
-0.49469999999999997 -0.49460999999999999 -0.49448999999999999 -0.49431000000000003 -0.49406 -0.49370000000000003 -0.49319000000000002 -0.49241000000000001 -0.49124000000000001 -0.48943999999999999 -0.48680000000000001 -0.48302 -0.47754000000000002 -0.47025 -0.45963999999999999 -0.44588 -0.42608000000000001 -0.39850000000000002 -0.35980000000000001 -0.30607000000000001 -0.23824999999999999 -0.15434999999999999 -0.065883999999999998 0.027431000000000001 0.11865000000000001 0.20391000000000001 0.28553000000000001 0.36885000000000001 0.46028000000000002 0.56901999999999997 0.68840000000000001 0.80828 0.92491000000000001 1.0358000000000001 1.1274 1.1944999999999999 1.2248000000000001 1.1928000000000001 1.1217999999999999
-0.49637999999999999 -0.49631999999999998 -0.49623 -0.49608999999999998 -0.49587999999999999 -0.49557000000000001 -0.49513000000000001 -0.49447999999999998 -0.49348999999999998 -0.49195 -0.48952000000000001 -0.48592000000000002 -0.48037999999999997 -0.47271000000000002 -0.46165 -0.44653999999999999 -0.42646000000000001 -0.39865 -0.36279 -0.31341000000000002 -0.25167 -0.17684 -0.093726000000000004 -0.0095650000000000006 0.076673000000000005 0.15376999999999999 0.23149 0.31317 0.40567999999999999 0.51009000000000004 0.63183 0.74807000000000001 0.86275000000000002 0.96894000000000002 1.0517000000000001 1.1131 1.1331 1.0898000000000001 1.0024999999999999
-0.49787999999999999 -0.49784 -0.49776999999999999 -0.49765999999999999 -0.4975 -0.49725000000000003 -0.49687999999999999 -0.49631999999999998 -0.49547999999999998 -0.49419000000000002 -0.49212 -0.48892000000000002 -0.48392000000000002 -0.47632000000000002 -0.46539999999999998 -0.44927 -0.42863000000000001 -0.39978999999999998 -0.36395 -0.31688 -0.25775999999999999 -0.18923999999999999 -0.11026 -0.034778999999999997 0.042816 0.11430999999999999 0.18856000000000001 0.26757999999999998 0.36087000000000002 0.46492 0.57967999999999997 0.69391999999999998 0.80652000000000001 0.90832999999999997 0.98414999999999997 1.0392999999999999 1.0416000000000001 0.99609999999999999 0.8952
-0.49922 -0.49919000000000002 -0.49913999999999997 -0.49906 -0.49893999999999999 -0.49874000000000002 -0.49842999999999998 -0.49796000000000001 -0.49725000000000003 -0.49614999999999998 -0.49441000000000002 -0.49164000000000002 -0.48726000000000003 -0.48025000000000001 -0.46995999999999999 -0.45423999999999998 -0.43298999999999999 -0.40388000000000002 -0.36620000000000003 -0.32013000000000003 -0.26127 -0.19736000000000001 -0.1244 -0.054795000000000003 0.014387 0.079816999999999999 0.15193000000000001 0.22963 0.31941000000000003 0.42168 0.53173000000000004 0.64509000000000005 0.75597000000000003 0.85014000000000001 0.92132000000000003 0.96977999999999998 0.95869000000000004 0.91017000000000003 0.79808000000000001
-0.50043000000000004 -0.50041000000000002 -0.50038000000000005 -0.50031999999999999 -0.50022 -0.50007000000000001 -0.49980999999999998 -0.49941999999999998 -0.49881999999999999 -0.49787999999999999 -0.49640000000000001 -0.49399999999999999 -0.49020999999999998 -0.48403000000000002 -0.47455000000000003 -0.46001999999999998 -0.43878 -0.41006999999999999 -0.37057000000000001 -0.32502999999999999 -0.26699000000000001 -0.20465 -0.13757 -0.072974999999999998 -0.011861999999999999 0.046885999999999997 0.11827 0.19442999999999999 0.27956999999999999 0.38024999999999998 0.48781000000000002 0.60197000000000001 0.71109999999999995 0.79568000000000005 0.86368 0.90393000000000001 0.88534000000000002 0.82896999999999998 0.71025000000000005
-0.50197999999999998 -0.50195999999999996 -0.50194000000000005 -0.50188999999999995 -0.50180999999999998 -0.50168999999999997 -0.50148000000000004 -0.50114999999999998 -0.50063999999999997 -0.49981999999999999 -0.49854999999999999 -0.49647999999999998 -0.49318000000000001 -0.48780000000000001 -0.47920000000000001 -0.46597 -0.44552999999999998 -0.41775000000000001 -0.37835000000000002 -0.33212999999999998 -0.27534999999999998 -0.21290999999999999 -0.15140000000000001 -0.090841000000000005 -0.036526999999999997 0.019366999999999999 0.086938000000000001 0.16020000000000001 0.24260000000000001 0.34118999999999999 0.44768000000000002 0.56138999999999994 0.67020000000000002 0.74517999999999995 0.81093999999999999 0.84402999999999995 0.81864999999999999 0.75190999999999997 0.62970999999999999
-0.50339999999999996 -0.50339 -0.50336999999999998 -0.50334000000000001 -0.50327999999999995 -0.50317000000000001 -0.503 -0.50273000000000001 -0.50229000000000001 -0.50158000000000003 -0.50048000000000004 -0.49868000000000001 -0.49578 -0.49106 -0.48333999999999999 -0.47138000000000002 -0.45234999999999997 -0.42573 -0.38800000000000001 -0.34067999999999998 -0.28542000000000001 -0.22228999999999999 -0.1661 -0.1095 -0.060581999999999997 -0.0067895999999999998 0.056878999999999999 0.12701999999999999 0.20780999999999999 0.30456 0.41082999999999997 0.52270000000000005 0.62914000000000003 0.69759000000000004 0.76131000000000004 0.78364999999999996 0.75678999999999996 0.68074999999999997 0.56401999999999997
-0.50473000000000001 -0.50471999999999995 -0.50470999999999999 -0.50468000000000002 -0.50463000000000002 -0.50453999999999999 -0.50439999999999996 -0.50417000000000001 -0.50378999999999996 -0.50317999999999996 -0.50219999999999998 -0.50063000000000002 -0.49806 -0.49390000000000001 -0.48697000000000001 -0.47617999999999999 -0.45895000000000002 -0.43347000000000002 -0.39772999999999997 -0.35006999999999999 -0.29664000000000001 -0.23326 -0.18226000000000001 -0.12970999999999999 -0.083368999999999999 -0.030960999999999999 0.027897000000000002 0.095185000000000006 0.17513999999999999 0.27054 0.37790000000000001 0.48977999999999999 0.58709 0.65422999999999998 0.71367000000000003 0.72618000000000005 0.69847000000000004 0.61487000000000003 0.50405999999999995
-0.50597000000000003 -0.50597000000000003 -0.50595000000000001 -0.50592999999999999 -0.50588999999999995 -0.50582000000000005 -0.50570000000000004 -0.50549999999999995 -0.50517000000000001 -0.50463999999999998 -0.50378000000000001 -0.50238000000000005 -0.50007999999999997 -0.49637999999999999 -0.49020999999999998 -0.48037999999999997 -0.46473999999999999 -0.44069999999999998 -0.40700999999999998 -0.35979 -0.30837999999999999 -0.24862000000000001 -0.19875999999999999 -0.14985999999999999 -0.10596 -0.055931000000000002 -0.00066441000000000004 0.064698000000000006 0.14468 0.23918 0.34736 0.45676 0.54800000000000004 0.61514000000000002 0.66825000000000001 0.67222000000000004 0.64363999999999999 0.55347999999999997 0.4481
-0.50785999999999998 -0.50785000000000002 -0.50783999999999996 -0.50782000000000005 -0.50778999999999996 -0.50773000000000001 -0.50761999999999996 -0.50744999999999996 -0.50716000000000006 -0.50668999999999997 -0.50592000000000004 -0.50468000000000002 -0.50261 -0.49928 -0.49375000000000002 -0.48476000000000002 -0.47049999999999997 -0.44796999999999998 -0.41625000000000001 -0.37096000000000001 -0.32072000000000001 -0.26482 -0.21546999999999999 -0.16982 -0.12776999999999999 -0.080004000000000006 -0.027149 0.036025000000000001 0.11602999999999999 0.20999000000000001 0.31907999999999997 0.42601 0.51085000000000003 0.57665999999999995 0.62446999999999997 0.62312000000000001 0.59153999999999995 0.49604999999999999 0.39585999999999999
0.69999999999999996 0.029999999999999999
-0.64471999999999996 -0.70645999999999998 -0.76751000000000003 -0.85077000000000003 -0.93710000000000004 -1.0235000000000001 -1.1236999999999999 -1.2223999999999999 -1.3189 -1.4179999999999999 -1.5134000000000001 -1.6035999999999999 -1.681 -1.7411000000000001 -1.7821 -1.7952999999999999 -1.7643 -1.7111000000000001 -1.6432 -1.5505 -1.4466000000000001 -1.3371999999999999 -1.2830999999999999 -1.2935000000000001 -1.3404 -1.3597999999999999 -1.2281 -1.0962000000000001 -0.95665 -0.79688000000000003 -0.63761999999999996 -0.45850999999999997 -0.26539000000000001 -0.066473000000000004 0.15326999999999999 0.37040000000000001 0.59455000000000002 0.81530999999999998 1.0286999999999999
-0.50663000000000002 -0.50175999999999998 -0.49723000000000001 -0.49531999999999998 -0.49263000000000001 -0.49887999999999999 -0.50190999999999997 -0.52346000000000004 -0.54005999999999998 -0.57443999999999995 -0.60911999999999999 -0.64037999999999995 -0.68345999999999996 -0.71626999999999996 -0.74068999999999996 -0.76105999999999996 -0.76929999999999998 -0.76576 -0.73814999999999997 -0.70021999999999995 -0.65486 -0.58370999999999995 -0.49931999999999999 -0.41370000000000001 -0.32113999999999998 -0.21082000000000001 -0.10123 0.0072725999999999997 0.097311999999999996 0.18101999999999999 0.25853999999999999 0.36556 0.49996000000000002 0.63300000000000001 0.77315 0.92637000000000003 1.0780000000000001 1.2377 1.4079999999999999
-0.51634999999999998 -0.51292000000000004 -0.50749 -0.49879000000000001 -0.48651 -0.46888999999999997 -0.44379000000000002 -0.40722000000000003 -0.35503000000000001 -0.29104999999999998 -0.20477999999999999 -0.098923999999999998 0.027765000000000001 0.16552 0.32002000000000003 0.46758 0.62011000000000005 0.74278999999999995 0.86955000000000005 0.96097999999999995 1.0469999999999999 1.1289 1.1922999999999999 1.2546999999999999 1.3163 1.3785000000000001 1.4390000000000001 1.4978 1.5689 1.6405000000000001 1.7101 1.7876000000000001 1.8737999999999999 1.9579 2.0413999999999999 2.1415000000000002 2.2395 2.3353000000000002 2.4411
-0.46649000000000002 -0.46433000000000002 -0.46163999999999999 -0.45796999999999999 -0.45257999999999998 -0.44456000000000001 -0.43154999999999999 -0.41026000000000001 -0.37708000000000003 -0.32551999999999998 -0.25296000000000002 -0.15448999999999999 -0.028157999999999999 0.12526999999999999 0.30607000000000001 0.50687000000000004 0.72375 0.94645999999999997 1.1718999999999999 1.3912 1.5983000000000001 1.7776000000000001 1.9435 2.0834000000000001 2.1981000000000002 2.3104 2.3877999999999999 2.4630000000000001 2.5352000000000001 2.5968 2.6560999999999999 2.7132000000000001 2.7747000000000002 2.8342999999999998 2.8915000000000002 2.9569000000000001 3.0268000000000002 3.0941999999999998 3.1656
-0.44295000000000001 -0.43413000000000002 -0.42412 -0.41746 -0.40642 -0.39515 -0.38042999999999999 -0.36003000000000002 -0.33002999999999999 -0.28716999999999998 -0.22542999999999999 -0.14346 -0.037891000000000001 0.091114000000000001 0.24143000000000001 0.41537000000000002 0.60404000000000002 0.81630000000000003 1.0381 1.2744 1.516 1.7612000000000001 2.0004 2.2349000000000001 2.4424000000000001 2.6429999999999998 2.7991999999999999 2.9489000000000001 3.0642999999999998 3.1644999999999999 3.2589000000000001 3.3294999999999999 3.3976999999999999 3.4632000000000001 3.5247000000000002 3.5840999999999998 3.6419000000000001 3.7092999999999998 3.7746
-0.45649000000000001 -0.44797999999999999 -0.43725000000000003 -0.42394999999999999 -0.40782000000000002 -0.38847999999999999 -0.36534 -0.33639999999999998 -0.29969000000000001 -0.25224000000000002 -0.19098000000000001 -0.1101 -0.018423999999999999 0.10101 0.24116000000000001 0.40399000000000002 0.58662999999999998 0.78432999999999997 0.99841000000000002 1.2173 1.4481999999999999 1.6817 1.9227000000000001 2.1646999999999998 2.4066000000000001 2.6404999999999998 2.8677000000000001 3.069 3.2622 3.4161000000000001 3.5613999999999999 3.6793 3.7795000000000001 3.8767 3.9508999999999999 4.0224000000000002 4.0913000000000004 4.1565000000000003 4.2198000000000002
-0.43602000000000002 -0.43068000000000001 -0.42093999999999998 -0.40869 -0.39515 -0.37787999999999999 -0.35518 -0.32840999999999998 -0.29569000000000001 -0.25398999999999999 -0.19972000000000001 -0.1303 -0.038857999999999997 0.072697999999999999 0.21282999999999999 0.37648999999999999 0.56605000000000005 0.77746999999999999 1.0026999999999999 1.2413000000000001 1.482 1.7279 1.9721 2.2149999999999999 2.4575 2.6955 2.9367999999999999 3.1718999999999999 3.4066000000000001 3.6309999999999998 3.8397000000000001 4.0331999999999999 4.1980000000000004 4.3529 4.4692999999999996 4.5823 4.6688000000000001 4.7434000000000003 4.8171999999999997
-0.41191 -0.40570000000000001 -0.39724999999999999 -0.38295000000000001 -0.36470999999999998 -0.34356999999999999 -0.31640000000000001 -0.28193000000000001 -0.23907999999999999 -0.18765999999999999 -0.12581999999999999 -0.052048999999999998 0.035927000000000001 0.14399000000000001 0.26865 0.42646000000000001 0.60002999999999995 0.80466000000000004 1.0283 1.268 1.5246 1.784 2.0514999999999999 2.3134000000000001 2.5708000000000002 2.8233000000000001 3.0703 3.3186 3.5609000000000002 3.7997000000000001 4.0274999999999999 4.2401999999999997 4.4375999999999998 4.6056999999999997 4.7641 4.8906999999999998 5.0147000000000004 5.1093999999999999 5.2000000000000002
-0.39972000000000002 -0.39230999999999999 -0.38424999999999998 -0.37478 -0.35831000000000002 -0.33509 -0.30831999999999998 -0.27138000000000001 -0.22192999999999999 -0.15665000000000001 -0.076526999999999998 0.019021 0.12862999999999999 0.25327 0.39510000000000001 0.55432000000000003 0.73604999999999998 0.93008999999999997 1.1492 1.3751 1.6182000000000001 1.8684000000000001 2.1248999999999998 2.3896999999999999 2.6518000000000002 2.9182000000000001 3.1781999999999999 3.4355000000000002 3.6879 3.9344000000000001 4.1698000000000004 4.3952 4.5956000000000001 4.7885999999999997 4.9476000000000004 5.1031000000000004 5.2199999999999998 5.3323 5.4255000000000004
-0.40211000000000002 -0.39465 -0.38585000000000003 -0.37392999999999998 -0.35610999999999998 -0.33406000000000002 -0.30708000000000002 -0.27052999999999999 -0.22256000000000001 -0.15840000000000001 -0.076138999999999998 0.026481999999999999 0.15190000000000001 0.29649999999999999 0.46582000000000001 0.64988999999999997 0.85004999999999997 1.0592999999999999 1.278 1.5071000000000001 1.7383 1.9816 2.2237 2.4773999999999998 2.7326000000000001 2.9918999999999998 3.2530999999999999 3.5102000000000002 3.7652000000000001 4.0111999999999997 4.2473999999999998 4.4709000000000003 4.6809000000000003 4.8699000000000003 5.0423 5.1900000000000004 5.3205 5.4317000000000002 5.5197000000000003
-0.39513999999999999 -0.38757000000000003 -0.37902999999999998 -0.36919999999999997 -0.35726999999999998 -0.33685999999999999 -0.30832999999999999 -0.27449000000000001 -0.22882 -0.16814999999999999 -0.086734000000000006 0.014699 0.14237 0.29182000000000002 0.46561000000000002 0.66144999999999998 0.87343999999999999 1.1026 1.3361000000000001 1.5774999999999999 1.8171999999999999 2.0575999999999999 2.2989000000000002 2.5396999999999998 2.7881999999999998 3.0344000000000002 3.2892000000000001 3.5388000000000002 3.7867999999999999 4.0247000000000002 4.2535999999999996 4.4729999999999999 4.6836000000000002 4.8684000000000003 5.0471000000000004 5.1875 5.3238000000000003 5.4244000000000003 5.5231000000000003
-0.39731 -0.38962999999999998 -0.38051000000000001 -0.36986999999999998 -0.35716999999999999 -0.34157999999999999 -0.31746999999999997 -0.28167999999999999 -0.24112 -0.18723999999999999 -0.1159 -0.022249000000000001 0.093534999999999993 0.23951 0.40653 0.59911999999999999 0.80803000000000003 1.0306999999999999 1.2663 1.5057 1.7578 2.0085999999999999 2.2645 2.5167000000000002 2.7662 3.0114000000000001 3.2519999999999998 3.4893000000000001 3.7212999999999998 3.9462000000000002 4.1631 4.3712999999999997 4.5654000000000003 4.7502000000000004 4.9139999999999997 5.0697000000000001 5.1947000000000001 5.3125999999999998 5.3994999999999997
-0.39206999999999997 -0.38484000000000002 -0.37608999999999998 -0.36520999999999998 -0.35224 -0.33552999999999999 -0.31153999999999998 -0.28108 -0.24431 -0.19383 -0.12834999999999999 -0.040797 0.067900000000000002 0.20005999999999999 0.35624 0.52954999999999997 0.72889000000000004 0.93835999999999997 1.1677999999999999 1.4048 1.6501999999999999 1.9027000000000001 2.1545000000000001 2.4112 2.6627999999999998 2.9136000000000002 3.1583000000000001 3.3986999999999998 3.6305000000000001 3.8553000000000002 4.0660999999999996 4.2690999999999999 4.4573 4.6349 4.7953000000000001 4.9404000000000003 5.0696000000000003 5.1752000000000002 5.2621000000000002
-0.37384000000000001 -0.36653999999999998 -0.35838999999999999 -0.34850999999999999 -0.33642 -0.31968999999999997 -0.29631999999999997 -0.26817999999999997 -0.23215 -0.18464 -0.12275 -0.043892 0.058106999999999999 0.17924000000000001 0.32940999999999998 0.49762000000000001 0.68715999999999999 0.89290999999999998 1.1083000000000001 1.3424 1.5787 1.8308 2.0823 2.3372999999999999 2.5907 2.8403999999999998 3.0882000000000001 3.3307000000000002 3.5670999999999999 3.7944 4.0086000000000004 4.2089999999999996 4.3964999999999996 4.5655999999999999 4.7218999999999998 4.8535000000000004 4.9729000000000001 5.0608000000000004 5.1395999999999997
-0.34508 -0.33865000000000001 -0.33038000000000001 -0.32062000000000002 -0.30935000000000001 -0.29548999999999997 -0.27733999999999998 -0.24984999999999999 -0.21362 -0.16950000000000001 -0.10904999999999999 -0.033658 0.064462000000000005 0.18284 0.32362000000000002 0.48723 0.66551000000000005 0.87019999999999997 1.0825 1.3118000000000001 1.5483 1.7923 2.0447000000000002 2.2951000000000001 2.552 2.8024 3.0516999999999999 3.2951000000000001 3.5339999999999998 3.7608999999999999 3.9790999999999999 4.1749999999999998 4.3594999999999997 4.5198 4.6624999999999996 4.7817999999999996 4.8799999999999999 4.9584999999999999 5.0195999999999996
-0.28072999999999998 -0.27531 -0.26912999999999998 -0.26095000000000002 -0.25106000000000001 -0.23887 -0.22108 -0.19642999999999999 -0.16400999999999999 -0.1235 -0.067027000000000003 0.0055507999999999998 0.097937999999999997 0.21434 0.34814000000000001 0.51119000000000003 0.68750999999999995 0.88451999999999997 1.0940000000000001 1.3136000000000001 1.5486 1.7841 2.0350999999999999 2.2831000000000001 2.5356000000000001 2.7860999999999998 3.0337999999999998 3.2782 3.5156999999999998 3.7410000000000001 3.9531999999999998 4.1433 4.3178999999999998 4.4736000000000002 4.6006 4.7084000000000001 4.7891000000000004 4.8583999999999996 4.9067999999999996
-0.21387999999999999 -0.20591999999999999 -0.19711000000000001 -0.18706 -0.17587 -0.16420000000000001 -0.14643 -0.12404999999999999 -0.094567999999999999 -0.055692999999999999 -0.0041409000000000003 0.066169000000000006 0.14963000000000001 0.2621 0.38862999999999998 0.54176999999999997 0.71347000000000005 0.90222000000000002 1.1112 1.3244 1.5586 1.7938000000000001 2.0386000000000002 2.2856999999999998 2.5323000000000002 2.7826 3.0259999999999998 3.2684000000000002 3.4996 3.7198000000000002 3.9207999999999998 4.1059000000000001 4.2691999999999997 4.4176000000000002 4.5277000000000003 4.6246 4.6947999999999999 4.7542999999999997 4.7980999999999998
-0.097485000000000002 -0.074408000000000002 -0.050729000000000003 -0.026807000000000001 -0.0012440999999999999 0.025599 0.054507 0.087537000000000004 0.12231 0.16908999999999999 0.22239 0.28915000000000002 0.37015999999999999 0.46142 0.57862000000000002 0.70172999999999996 0.85660000000000003 1.0199 1.2038 1.4051 1.6145 1.8442000000000001 2.0728 2.3115000000000001 2.5474999999999999 2.7829999999999999 3.0129999999999999 3.2315999999999998 3.4346999999999999 3.6217000000000001 3.7930000000000001 3.9481000000000002 4.0880000000000001 4.2055999999999996 4.3089000000000004 4.3869999999999996 4.4568000000000003 4.5035999999999996 4.5457000000000001
-0.15389 -0.12035 -0.083979999999999999 -0.044734000000000003 -0.0020596999999999998 0.045877000000000001 0.098040000000000002 0.15436 0.21539 0.28104000000000001 0.35704999999999998 0.43786999999999998 0.53663000000000005 0.64136000000000004 0.75973999999999997 0.88790000000000002 1.0190999999999999 1.171 1.3212999999999999 1.5021 1.6878 1.8918999999999999 2.1059999999999999 2.3229000000000002 2.5457000000000001 2.7597999999999998 2.9662999999999999 3.1555 3.3256999999999999 3.4792000000000001 3.6196999999999999 3.75 3.8736999999999999 3.9832000000000001 4.0837000000000003 4.1673 4.2374999999999998 4.2949999999999999 4.3415999999999997
-0.35109000000000001 -0.32556000000000002 -0.29520999999999997 -0.25967000000000001 -0.21931999999999999 -0.17232 -0.11905 -0.055787000000000003 0.015955 0.099344000000000002 0.19624 0.30804999999999999 0.43432999999999999 0.57355999999999996 0.72019 0.87146000000000001 1.0277000000000001 1.1834 1.3521000000000001 1.5175000000000001 1.6998 1.8811 2.0697000000000001 2.2606000000000002 2.4477000000000002 2.6299000000000001 2.7984 2.9483000000000001 3.0804999999999998 3.1974 3.3069999999999999 3.4127000000000001 3.5205000000000002 3.6263999999999998 3.7261000000000002 3.8184999999999998 3.8982999999999999 3.9672999999999998 4.0298999999999996
-0.43930999999999998 -0.42867 -0.41526000000000002 -0.39663999999999999 -0.37254999999999999 -0.34197 -0.30312 -0.25600000000000001 -0.19650000000000001 -0.12778999999999999 -0.045352000000000003 0.052311000000000003 0.16728000000000001 0.30232999999999999 0.45704 0.62929000000000002 0.81474999999999997 1.0064 1.1988000000000001 1.3919999999999999 1.5794999999999999 1.7717000000000001 1.9557 2.1394000000000002 2.3138999999999998 2.4794 2.6288 2.7625999999999999 2.8761000000000001 2.9794 3.0771000000000002 3.1751 3.2753000000000001 3.3776999999999999 3.4805000000000001 3.5716000000000001 3.6577000000000002 3.7330000000000001 3.8113000000000001
-0.45737 -0.45380999999999999 -0.44856000000000001 -0.44130000000000003 -0.43051 -0.41593000000000002 -0.39460000000000001 -0.36426999999999998 -0.32289000000000001 -0.26798 -0.19905 -0.11155 -0.0050729 0.12325 0.27472999999999997 0.44745000000000001 0.63858999999999999 0.84216999999999997 1.0515000000000001 1.262 1.4683999999999999 1.6675 1.8586 2.0375999999999999 2.2079 2.3624000000000001 2.5002 2.6194000000000002 2.7231000000000001 2.8184 2.9083999999999999 3.0045999999999999 3.1006999999999998 3.2031999999999998 3.3014999999999999 3.3953000000000002 3.4803999999999999 3.5634999999999999 3.653
-0.46317000000000003 -0.46150999999999998 -0.45937 -0.45646999999999999 -0.45252999999999999 -0.44667000000000001 -0.43856000000000001 -0.42691000000000001 -0.41073999999999999 -0.38727 -0.35238999999999998 -0.30153999999999997 -0.22783999999999999 -0.12386999999999999 0.015034 0.19081999999999999 0.39724999999999999 0.62612999999999996 0.86189000000000004 1.0984 1.3233999999999999 1.5356000000000001 1.7307999999999999 1.9069 2.0655999999999999 2.2039 2.3252000000000002 2.4283999999999999 2.5207000000000002 2.6063999999999998 2.6958000000000002 2.7844000000000002 2.8826999999999998 2.9779 3.0697999999999999 3.1587999999999998 3.2452000000000001 3.3443999999999998 3.4517000000000002
-0.46545999999999998 -0.46412999999999999 -0.46246999999999999 -0.46012999999999998 -0.45676 -0.45216000000000001 -0.44622000000000001 -0.43833 -0.42709999999999998 -0.41194999999999998 -0.39000000000000001 -0.35811999999999999 -0.31198999999999999 -0.24554999999999999 -0.14832999999999999 -0.01384 0.16758000000000001 0.39002999999999999 0.64380000000000004 0.90585000000000004 1.1673 1.3994 1.6133999999999999 1.7952999999999999 1.9532 2.0901999999999998 2.2046999999999999 2.3065000000000002 2.3974000000000002 2.4855 2.5756999999999999 2.6661000000000001 2.7557999999999998 2.8433999999999999 2.9277000000000002 3.0125000000000002 3.1053999999999999 3.2067000000000001 3.3300000000000001
-0.46426000000000001 -0.46331 -0.46177000000000001 -0.45982000000000001 -0.45695999999999998 -0.45337 -0.44839000000000001 -0.44127 -0.43146000000000001 -0.41824 -0.40043000000000001 -0.37558000000000002 -0.34010000000000001 -0.28866000000000003 -0.21407999999999999 -0.10746 0.036562999999999998 0.22939000000000001 0.45968999999999999 0.72153 0.98824999999999996 1.2491000000000001 1.4761 1.6832 1.8435999999999999 1.9863 2.1055999999999999 2.2119 2.3081 2.4026000000000001 2.4931000000000001 2.5825 2.6675 2.7484999999999999 2.8300000000000001 2.9083999999999999 3.0108999999999999 3.1244999999999998 3.2454000000000001
-0.46388000000000001 -0.46284999999999998 -0.46134999999999998 -0.45946999999999999 -0.45694000000000001 -0.45337 -0.44862999999999997 -0.44190000000000002 -0.43347000000000002 -0.42161999999999999 -0.40536 -0.38245000000000001 -0.35031000000000001 -0.3049 -0.24134 -0.14993999999999999 -0.024757000000000001 0.14255000000000001 0.35188000000000003 0.59421999999999997 0.85468 1.1156999999999999 1.3548 1.5672999999999999 1.7475000000000001 1.8956999999999999 2.0261999999999998 2.1374 2.2418999999999998 2.3412999999999999 2.4346000000000001 2.5219 2.6027999999999998 2.6785999999999999 2.7570999999999999 2.8426999999999998 2.9418000000000002 3.0600999999999998 3.1724000000000001
-0.46249000000000001 -0.46111000000000002 -0.45954 -0.45749000000000001 -0.45517000000000002 -0.45183000000000001 -0.44751999999999997 -0.44144 -0.43318000000000001 -0.42179 -0.40575 -0.38400000000000001 -0.35360000000000003 -0.31091999999999997 -0.25147000000000003 -0.16903000000000001 -0.055058000000000003 0.093193999999999999 0.28605000000000003 0.50966999999999996 0.75978999999999997 1.0126999999999999 1.2599 1.4739 1.6695 1.823 1.9621999999999999 2.0817000000000001 2.1928000000000001 2.2967 2.3900000000000001 2.4758 2.5516000000000001 2.6259000000000001 2.6983999999999999 2.7909999999999999 2.8915000000000002 3.0002 3.1023000000000001
-0.46176 -0.45966000000000001 -0.45752999999999999 -0.45484999999999998 -0.45190999999999998 -0.44819999999999999 -0.44350000000000001 -0.43763999999999997 -0.42946000000000001 -0.41899999999999998 -0.40386 -0.38285000000000002 -0.35327999999999998 -0.31223000000000001 -0.25464999999999999 -0.17677999999999999 -0.068573999999999996 0.070994000000000002 0.24911 0.46039999999999998 0.69662999999999997 0.94237000000000004 1.1863999999999999 1.4039999999999999 1.6012 1.7684 1.9131 2.0419999999999998 2.1566000000000001 2.2622 2.3546 2.4365999999999999 2.5076000000000001 2.5798999999999999 2.6501000000000001 2.7427000000000001 2.8414999999999999 2.9420999999999999 3.0344000000000002
-0.46244000000000002 -0.45967999999999998 -0.45667000000000002 -0.45319999999999999 -0.44917000000000001 -0.44469999999999998 -0.43892999999999999 -0.43264000000000002 -0.42424000000000001 -0.41363 -0.39927000000000001 -0.37957999999999997 -0.35224 -0.31334000000000001 -0.25824000000000003 -0.18225 -0.078394000000000005 0.057717999999999998 0.22675000000000001 0.43018000000000001 0.65500999999999998 0.89410999999999996 1.1295999999999999 1.3524 1.5501 1.7289000000000001 1.8766 2.0118999999999998 2.1305000000000001 2.2347000000000001 2.323 2.3988 2.4655999999999998 2.5356000000000001 2.6089000000000002 2.6934999999999998 2.7902 2.8852000000000002 2.9702000000000002
-0.46788999999999997 -0.46593000000000001 -0.46298 -0.45904 -0.45356000000000002 -0.44646000000000002 -0.43762000000000001 -0.42664000000000002 -0.41461999999999999 -0.3997 -0.38266 -0.36098000000000002 -0.33345999999999998 -0.29685 -0.24709999999999999 -0.17804 -0.085071999999999995 0.040390000000000002 0.1976 0.38630999999999999 0.59918000000000005 0.82574999999999998 1.0522 1.2721 1.4738 1.6556 1.8156000000000001 1.9527000000000001 2.0735000000000001 2.1602999999999999 2.2361 2.2995999999999999 2.3613 2.4197000000000002 2.4954000000000001 2.5768 2.6646999999999998 2.7509999999999999 2.8210000000000002
-0.47061999999999998 -0.46981000000000001 -0.46837000000000001 -0.46629999999999999 -0.46328000000000003 -0.4587 -0.45217000000000002 -0.44245000000000001 -0.42880000000000001 -0.41064000000000001 -0.38661000000000001 -0.3584 -0.32318000000000002 -0.28138000000000002 -0.22842000000000001 -0.16108 -0.072975999999999999 0.040183000000000003 0.18690000000000001 0.36181000000000002 0.56686000000000003 0.78564999999999996 1.0103 1.2245999999999999 1.4267000000000001 1.5998000000000001 1.7543 1.8819999999999999 1.9834000000000001 2.0625 2.1282999999999999 2.1865999999999999 2.2452999999999999 2.3081999999999998 2.3780000000000001 2.4626999999999999 2.5499999999999998 2.6337999999999999 2.6909999999999998
-0.47138999999999998 -0.47088000000000002 -0.47017999999999999 -0.46917999999999999 -0.46762999999999999 -0.46490999999999999 -0.46101999999999999 -0.45518999999999998 -0.44613999999999998 -0.43265999999999999 -0.41219 -0.38289000000000001 -0.34298000000000001 -0.29065999999999997 -0.22753999999999999 -0.14957000000000001 -0.055800000000000002 0.059454 0.20016999999999999 0.36852000000000001 0.56040999999999996 0.77066000000000001 0.98443999999999998 1.1897 1.377 1.5407999999999999 1.6777 1.7925 1.8766 1.9491000000000001 2.0112999999999999 2.0707 2.1288999999999998 2.1976 2.2736000000000001 2.3597000000000001 2.4472999999999998 2.5264000000000002 2.5766
-0.47193000000000002 -0.47151999999999999 -0.47095999999999999 -0.47016999999999998 -0.46905000000000002 -0.46744999999999998 -0.46488000000000002 -0.46106000000000003 -0.45512999999999998 -0.44594 -0.43171999999999999 -0.4093 -0.3755 -0.32523999999999997 -0.25623000000000001 -0.16703000000000001 -0.058455 0.068226999999999996 0.21461 0.38238 0.56710000000000005 0.76644000000000001 0.96499999999999997 1.1548 1.3233999999999999 1.4718 1.5902000000000001 1.6892 1.7650999999999999 1.8332999999999999 1.8962000000000001 1.9587000000000001 2.0221 2.0933000000000002 2.1787999999999998 2.2715999999999998 2.3614999999999999 2.4319999999999999 2.4738000000000002
-0.47260999999999997 -0.47226000000000001 -0.47176000000000001 -0.47108 -0.47014 -0.46883999999999998 -0.46697 -0.46417999999999998 -0.45983000000000002 -0.45308999999999999 -0.44252000000000002 -0.42592000000000002 -0.39972000000000002 -0.35893999999999998 -0.29659000000000002 -0.20826 -0.089718999999999993 0.049348999999999997 0.20984 0.38246000000000002 0.56701000000000001 0.75624000000000002 0.93972 1.1114999999999999 1.2619 1.3926000000000001 1.5003 1.5867 1.6580999999999999 1.7250000000000001 1.7888999999999999 1.8552 1.925 1.9993000000000001 2.0950000000000002 2.1920000000000002 2.2816000000000001 2.3477999999999999 2.3814000000000002
-0.47317999999999999 -0.47289999999999999 -0.47249000000000002 -0.47189999999999999 -0.47106999999999999 -0.46990999999999999 -0.46827999999999997 -0.46590999999999999 -0.46244000000000002 -0.45707999999999999 -0.44867000000000001 -0.43542999999999998 -0.41442000000000001 -0.38119999999999998 -0.32904 -0.24986 -0.13741999999999999 0.0075697999999999998 0.17619000000000001 0.35946 0.54501999999999995 0.73019999999999996 0.89973999999999998 1.0561 1.1948000000000001 1.3124 1.4132 1.4908999999999999 1.5596000000000001 1.6259999999999999 1.6921999999999999 1.7616000000000001 1.8374999999999999 1.9218999999999999 2.0213999999999999 2.1211000000000002 2.2077 2.2726000000000002 2.2976999999999999
-0.47366000000000003 -0.47344000000000003 -0.47310000000000002 -0.47260999999999997 -0.47188999999999998 -0.47086 -0.46940999999999999 -0.46732000000000001 -0.46428000000000003 -0.45966000000000001 -0.45251999999999998 -0.44131999999999999 -0.42353000000000002 -0.39541999999999999 -0.35122999999999999 -0.28234999999999999 -0.18123 -0.041385999999999999 0.12687000000000001 0.31852000000000003 0.50361999999999996 0.68581999999999999 0.84741999999999995 0.99348000000000003 1.1234 1.2326999999999999 1.3300000000000001 1.4033 1.4718 1.5366 1.6057999999999999 1.6779999999999999 1.7629999999999999 1.8561000000000001 1.9565999999999999 2.0566 2.141 2.2006000000000001 2.2235
-0.47405999999999998 -0.47386 -0.47358 -0.47316000000000003 -0.47255999999999998 -0.47166999999999998 -0.47039999999999998 -0.46855000000000002 -0.46583000000000002 -0.46177000000000001 -0.45545999999999998 -0.44572000000000001 -0.43023 -0.40562999999999999 -0.36685000000000001 -0.30649999999999999 -0.21615999999999999 -0.087437000000000001 0.074567999999999995 0.26289000000000001 0.45272000000000001 0.63112000000000001 0.78917999999999999 0.92767999999999995 1.0522 1.157 1.2495000000000001 1.3239000000000001 1.3922000000000001 1.4555 1.5284 1.6061000000000001 1.6951000000000001 1.794 1.8976 1.9984999999999999 2.0806 2.1341999999999999 2.1604000000000001
-0.47476000000000002 -0.47461999999999999 -0.47441 -0.47410000000000002 -0.47364000000000001 -0.47295999999999999 -0.47195999999999999 -0.47049000000000002 -0.46826000000000001 -0.46489999999999998 -0.45973999999999998 -0.45179000000000002 -0.43939 -0.41966999999999999 -0.38861000000000001 -0.33994999999999997 -0.26622000000000001 -0.16005 -0.016972999999999999 0.15257999999999999 0.33972000000000002 0.50841000000000003 0.66820999999999997 0.79925999999999997 0.91664999999999996 1.0198 1.1072 1.1856 1.2518 1.319 1.3956 1.4836 1.5800000000000001 1.6871 1.7954000000000001 1.8948 1.9738 2.0185 2.0442999999999998
-0.47531000000000001 -0.47520000000000001 -0.47504000000000002 -0.47477999999999998 -0.47438999999999998 -0.47382000000000002 -0.47299000000000002 -0.47177999999999998 -0.46998000000000001 -0.46723999999999999 -0.46305000000000002 -0.45645999999999998 -0.44618000000000002 -0.42974000000000001 -0.40373999999999999 -0.36298999999999998 -0.30060999999999999 -0.21027999999999999 -0.086044999999999996 0.064639000000000002 0.23435 0.39872999999999997 0.55049000000000003 0.68503000000000003 0.79737999999999998 0.89944999999999997 0.98477000000000003 1.0631999999999999 1.1324000000000001 1.2069000000000001 1.2851999999999999 1.3811 1.4849000000000001 1.5956999999999999 1.7060999999999999 1.8036000000000001 1.8796999999999999 1.9249000000000001 1.9413
-0.47575000000000001 -0.47566999999999998 -0.47554000000000002 -0.47534999999999999 -0.47504999999999997 -0.47459000000000001 -0.47389999999999999 -0.47288000000000002 -0.47134999999999999 -0.46904000000000001 -0.46551999999999999 -0.45996999999999999 -0.45123999999999997 -0.43736000000000003 -0.41519 -0.38052999999999998 -0.32693 -0.24895 -0.14119999999999999 -0.0053547999999999998 0.14712 0.30669000000000002 0.44877 0.58260000000000001 0.69116 0.79066999999999998 0.87748000000000004 0.95589999999999997 1.0293000000000001 1.1082000000000001 1.1932 1.2909999999999999 1.4019999999999999 1.5167999999999999 1.6296999999999999 1.7249000000000001 1.7972999999999999 1.8411 1.8455999999999999
-0.47610000000000002 -0.47602 -0.47591 -0.47575000000000001 -0.47549999999999998 -0.47510999999999998 -0.47454000000000002 -0.47367999999999999 -0.47241 -0.47044000000000002 -0.46742 -0.46271000000000001 -0.45522000000000001 -0.44338 -0.42429 -0.39445000000000002 -0.34821000000000002 -0.27989000000000003 -0.18537999999999999 -0.062808000000000003 0.075246999999999994 0.22509000000000001 0.36075000000000002 0.48826999999999998 0.59823999999999999 0.69504999999999995 0.78312000000000004 0.86221999999999999 0.94015000000000004 1.0206999999999999 1.1125 1.2144999999999999 1.3294999999999999 1.4478 1.5617000000000001 1.6556 1.7234 1.7630999999999999 1.7576000000000001
-0.47682000000000002 -0.47672999999999999 -0.47660000000000002 -0.47643000000000002 -0.47619 -0.4758 -0.47532000000000002 -0.47460000000000002 -0.47354000000000002 -0.47186 -0.46923999999999999 -0.46517999999999998 -0.45868999999999999 -0.44851000000000002 -0.43212 -0.40623999999999999 -0.36624000000000001 -0.30624000000000001 -0.22287999999999999 -0.11275 0.014107 0.15173 0.28509000000000001 0.40625 0.51727000000000001 0.61099999999999999 0.69928000000000001 0.77997000000000005 0.86089000000000004 0.94303999999999999 1.0411999999999999 1.1486000000000001 1.2662 1.3879999999999999 1.4997 1.5942000000000001 1.6559999999999999 1.6948000000000001 1.6716
-0.47749999999999998 -0.47738999999999998 -0.47725000000000001 -0.47704999999999997 -0.47677000000000003 -0.47632000000000002 -0.47585 -0.47521000000000002 -0.47427000000000002 -0.4728 -0.47048000000000001 -0.46690999999999999 -0.46126 -0.45229999999999998 -0.43802000000000002 -0.41521999999999998 -0.38014999999999999 -0.32701999999999998 -0.25285999999999997 -0.15451000000000001 -0.036667999999999999 0.090279999999999999 0.22023000000000001 0.33531 0.44522 0.53761000000000003 0.62553999999999998 0.70811000000000002 0.79161999999999999 0.87746000000000002 0.97899999999999998 1.0912999999999999 1.2125999999999999 1.3343 1.4448000000000001 1.5357000000000001 1.5968 1.6271 1.5904
-0.47815999999999997 -0.47804000000000002 -0.47788000000000003 -0.47765000000000002 -0.4773 -0.4768 -0.47625000000000001 -0.47561999999999999 -0.47470000000000001 -0.47332999999999997 -0.47119 -0.46794999999999998 -0.46289999999999998 -0.45489000000000002 -0.44227 -0.42204999999999998 -0.39108999999999999 -0.34416000000000002 -0.27744999999999997 -0.18890999999999999 -0.079402 0.038367999999999999 0.16358 0.27422999999999997 0.38064999999999999 0.47410000000000002 0.5615 0.64532 0.72977000000000003 0.81967999999999996 0.92357999999999996 1.0417000000000001 1.165 1.286 1.3953 1.4823 1.5414000000000001 1.5625 1.5164
-0.47876999999999997 -0.47865999999999997 -0.47849999999999998 -0.47826000000000002 -0.47787000000000002 -0.47733999999999999 -0.47667999999999999 -0.47599999999999998 -0.47499000000000002 -0.47355999999999998 -0.47145999999999999 -0.46837000000000001 -0.46372999999999998 -0.45644000000000001 -0.44514999999999999 -0.42715999999999998 -0.39940999999999999 -0.35757 -0.29720000000000002 -0.21692 -0.11501 -0.0051640999999999996 0.11232 0.22165000000000001 0.32456000000000002 0.41932999999999998 0.50588999999999995 0.59060000000000001 0.67537999999999998 0.76937999999999995 0.87538000000000005 0.99861999999999995 1.1221000000000001 1.2421 1.3505 1.4328000000000001 1.4890000000000001 1.5023 1.4489000000000001
-0.47988999999999998 -0.47978999999999999 -0.47963 -0.47938999999999998 -0.47904000000000002 -0.47854000000000002 -0.47785 -0.47702 -0.47582999999999998 -0.47413 -0.47186 -0.46854000000000001 -0.46415000000000001 -0.45752999999999999 -0.44773000000000002 -0.43269999999999997 -0.40958 -0.37524999999999997 -0.32496000000000003 -0.25730999999999998 -0.17083000000000001 -0.071071999999999996 0.033519 0.14002999999999999 0.2364 0.33073999999999998 0.41585 0.50065999999999999 0.58509 0.68762000000000001 0.80152999999999996 0.92673000000000005 1.0476000000000001 1.1631 1.2686999999999999 1.3459000000000001 1.3938999999999999 1.389 1.3269
-0.48092000000000001 -0.48082000000000003 -0.48066999999999999 -0.48047000000000001 -0.48018 -0.47976000000000002 -0.47915999999999997 -0.47826999999999997 -0.47699999999999998 -0.47510999999999998 -0.47258 -0.46894999999999998 -0.46401999999999999 -0.45722000000000002 -0.44746000000000002 -0.43380999999999997 -0.41321999999999998 -0.38357999999999998 -0.34061999999999998 -0.28134999999999999 -0.20607 -0.11452 -0.020167000000000001 0.079918000000000003 0.17277999999999999 0.26308999999999999 0.34766999999999998 0.43052000000000001 0.51605999999999996 0.62431999999999999 0.7429 0.86578999999999995 0.98353999999999997 1.0955999999999999 1.194 1.2663 1.3052999999999999 1.2827 1.2171000000000001
-0.48183999999999999 -0.48176000000000002 -0.48163 -0.48146 -0.48120000000000002 -0.48085 -0.48033999999999999 -0.47955999999999999 -0.47838000000000003 -0.47659000000000001 -0.47394999999999998 -0.47020000000000001 -0.46472000000000002 -0.45749000000000001 -0.44699 -0.43325000000000002 -0.41360000000000002 -0.38607999999999998 -0.34760999999999997 -0.29399999999999998 -0.22666 -0.14366999999999999 -0.055671999999999999 0.036333999999999998 0.12692000000000001 0.21074999999999999 0.29163 0.37414999999999998 0.46593000000000001 0.57411999999999996 0.69327000000000005 0.81206 0.92745 1.0369999999999999 1.1273 1.1944999999999999 1.2239 1.1899999999999999 1.1154999999999999
-0.48353000000000002 -0.48347000000000001 -0.48337999999999998 -0.48322999999999999 -0.48302 -0.48271999999999998 -0.48227999999999999 -0.48163 -0.48063 -0.47909000000000002 -0.47665999999999997 -0.47306999999999999 -0.46758 -0.45990999999999999 -0.44896000000000003 -0.43386000000000002 -0.41398000000000001 -0.38623000000000002 -0.35066999999999998 -0.30170999999999998 -0.24018999999999999 -0.16622000000000001 -0.083584000000000006 -0.00070976000000000003 0.084574999999999997 0.16061 0.23776 0.31859999999999999 0.41088999999999998 0.51532 0.63700999999999997 0.75202999999999998 0.86504999999999999 0.96987000000000001 1.0518000000000001 1.1134999999999999 1.131 1.0867 0.99585999999999997
-0.48502000000000001 -0.48498000000000002 -0.48491000000000001 -0.48481000000000002 -0.48464000000000002 -0.48438999999999999 -0.48402000000000001 -0.48347000000000001 -0.48263 -0.48133999999999999 -0.47927999999999998 -0.47606999999999999 -0.47109000000000001 -0.46349000000000001 -0.45265 -0.43652000000000002 -0.41609000000000002 -0.38757999999999998 -0.35182999999999998 -0.30526999999999999 -0.24637999999999999 -0.17873 -0.10047 -0.026079000000000001 0.050309 0.12103999999999999 0.19489999999999999 0.27312999999999998 0.36613000000000001 0.47028999999999999 0.58445999999999998 0.69791999999999998 0.80903999999999998 0.90871000000000002 0.98419999999999996 1.0391999999999999 1.0390999999999999 0.99248000000000003 0.88837999999999995
-0.48636000000000001 -0.48632999999999998 -0.48629 -0.48620999999999998 -0.48608000000000001 -0.48587999999999998 -0.48557 -0.48510999999999999 -0.4844 -0.48330000000000001 -0.48155999999999999 -0.47878999999999999 -0.47442000000000001 -0.46740999999999999 -0.45717000000000002 -0.44158999999999998 -0.42036000000000001 -0.39157999999999998 -0.35399000000000003 -0.30853000000000003 -0.24990000000000001 -0.18694 -0.11526 -0.046279000000000001 0.021808999999999999 0.086471000000000006 0.15836 0.23580999999999999 0.32469999999999999 0.42720000000000002 0.53668000000000005 0.64932000000000001 0.75868000000000002 0.85063 0.92188000000000003 0.96967000000000003 0.95606999999999998 0.90615000000000001 0.79103999999999997
-0.48758000000000001 -0.48755999999999999 -0.48753000000000002 -0.48747000000000001 -0.48737000000000003 -0.48720999999999998 -0.48696 -0.48657 -0.48597000000000001 -0.48502000000000001 -0.48354999999999998 -0.48115000000000002 -0.47737000000000002 -0.47121000000000002 -0.46172999999999997 -0.44729999999999998 -0.42607 -0.39766000000000001 -0.35824 -0.31335000000000002 -0.25620999999999999 -0.19424 -0.12855 -0.064576999999999996 -0.0045440000000000003 0.054156000000000003 0.12486 0.20061000000000001 0.28489999999999999 0.38594000000000001 0.49297000000000002 0.60653999999999997 0.71401999999999999 0.79613 0.86458999999999997 0.90378999999999998 0.88349999999999995 0.82371000000000005 0.70321999999999996
-0.48912 -0.48910999999999999 -0.48908000000000001 -0.48903999999999997 -0.48896000000000001 -0.48882999999999999 -0.48863000000000001 -0.48830000000000001 -0.48779 -0.48697000000000001 -0.48570000000000002 -0.48363 -0.48032999999999998 -0.47497 -0.46637000000000001 -0.45319999999999999 -0.43276999999999999 -0.40522999999999998 -0.36635000000000001 -0.32029999999999997 -0.26450000000000001 -0.20241999999999999 -0.14241999999999999 -0.082458000000000004 -0.029217 0.026721000000000002 0.093641000000000002 0.16641 0.24858 0.34708 0.45307999999999998 0.56554000000000004 0.67339000000000004 0.74567000000000005 0.81211999999999995 0.84397 0.81674999999999998 0.74646000000000001 0.62448999999999999
-0.49054999999999999 -0.49053999999999998 -0.49052000000000001 -0.49048000000000003 -0.49042000000000002 -0.49031999999999998 -0.49014999999999997 -0.48987000000000003 -0.48943999999999999 -0.48873 -0.48763000000000001 -0.48583999999999999 -0.48293000000000003 -0.47822999999999999 -0.47050999999999998 -0.45859 -0.43969999999999998 -0.41310999999999998 -0.37584000000000001 -0.32868000000000003 -0.27440999999999999 -0.21163999999999999 -0.15704000000000001 -0.10155 -0.053227999999999998 0.00065689999999999998 0.063700999999999994 0.13328000000000001 0.21399000000000001 0.31047999999999998 0.4163 0.52705999999999997 0.63060000000000005 0.69796000000000002 0.76266 0.78217000000000003 0.75441999999999998 0.67512000000000005 0.55928
-0.49187999999999998 -0.49186999999999997 -0.49185000000000001 -0.49181999999999998 -0.49176999999999998 -0.49169000000000002 -0.49154999999999999 -0.49131000000000002 -0.49093999999999999 -0.49032999999999999 -0.48935000000000001 -0.48777999999999999 -0.48520999999999997 -0.48105999999999999 -0.47414000000000001 -0.46337 -0.44624000000000003 -0.42077999999999999 -0.38541999999999998 -0.33789999999999998 -0.28544000000000003 -0.22359000000000001 -0.17305000000000001 -0.12159 -0.075813000000000005 -0.023466999999999998 0.034944999999999997 0.10152 0.18154000000000001 0.27665000000000001 0.38381999999999999 0.49418000000000001 0.58864000000000005 0.65532999999999997 0.71440000000000003 0.72465999999999997 0.69577999999999995 0.60916000000000003 0.49913000000000002
-0.49312 -0.49310999999999999 -0.49309999999999998 -0.49308000000000002 -0.49303999999999998 -0.49296000000000001 -0.49285000000000001 -0.49264999999999998 -0.49231999999999998 -0.49179 -0.49092999999999998 -0.48953999999999998 -0.48724000000000001 -0.48354000000000003 -0.47738999999999998 -0.46756999999999999 -0.45200000000000001 -0.42797000000000002 -0.39457999999999999 -0.34748000000000001 -0.29697000000000001 -0.23877000000000001 -0.18936 -0.14157 -0.098196000000000006 -0.048286000000000003 0.0066581000000000001 0.071212999999999999 0.15128 0.24548 0.35350999999999999 0.46135999999999999 0.54974000000000001 0.61648000000000003 0.66895000000000004 0.67064999999999997 0.64080999999999999 0.54767999999999994 0.44311
-0.495 -0.495 -0.49498999999999999 -0.49497000000000002 -0.49492999999999998 -0.49486999999999998 -0.49476999999999999 -0.49459999999999998 -0.49431000000000003 -0.49384 -0.49307000000000001 -0.49182999999999999 -0.48976999999999998 -0.48643999999999998 -0.48092000000000001 -0.47194000000000003 -0.45773000000000003 -0.43520999999999999 -0.40372000000000002 -0.35910999999999998 -0.30911 -0.25474999999999998 -0.20582 -0.16133 -0.11978999999999999 -0.072252999999999998 -0.019776999999999999 0.042632000000000003 0.12285 0.21648999999999999 0.32546000000000003 0.43076999999999999 0.51266999999999996 0.57815000000000005 0.62519999999999998 0.62265999999999999 0.58753999999999995 0.49006 0.39090999999999998
0.75 0.029999999999999999
-0.62295 -0.68464999999999998 -0.74563999999999997 -0.83208000000000004 -0.91832999999999998 -1.0065999999999999 -1.1068 -1.2053 -1.3023 -1.4017999999999999 -1.4975000000000001 -1.5881000000000001 -1.6658999999999999 -1.7281 -1.7723 -1.7861 -1.7585999999999999 -1.7088000000000001 -1.6436999999999999 -1.5508 -1.4482999999999999 -1.3403 -1.2931999999999999 -1.2968 -1.3331 -1.3226 -1.1919999999999999 -1.0609999999999999 -0.92084999999999995 -0.76292000000000004 -0.60548999999999997 -0.42688999999999999 -0.23607 -0.038606000000000001 0.17915 0.39461000000000002 0.61758000000000002 0.83723999999999998 1.05
-0.47688000000000003 -0.47238000000000002 -0.46764 -0.46636 -0.46325 -0.47081000000000001 -0.47438000000000002 -0.49714000000000003 -0.51285000000000003 -0.5504 -0.58413999999999999 -0.61758999999999997 -0.65968000000000004 -0.69140999999999997 -0.71603000000000006 -0.73538999999999999 -0.74273 -0.73704999999999998 -0.70972999999999997 -0.67249000000000003 -0.62812000000000001 -0.55545 -0.47345999999999999 -0.39018000000000003 -0.29687999999999998 -0.18853 -0.080874000000000001 0.025728999999999998 0.1173 0.20491999999999999 0.28688000000000002 0.40156999999999998 0.53476000000000001 0.66659000000000002 0.80733999999999995 0.95884000000000003 1.1088 1.2682 1.4366000000000001
-0.48819000000000001 -0.48421999999999998 -0.47821000000000002 -0.46909000000000001 -0.45628000000000002 -0.43795000000000001 -0.41193000000000002 -0.37339 -0.32056000000000001 -0.25405 -0.16558999999999999 -0.057473000000000003 0.070585999999999996 0.21063000000000001 0.36409999999999998 0.51319000000000004 0.66157999999999995 0.78478999999999999 0.91183999999999998 0.99802000000000002 1.0839000000000001 1.1629 1.2259 1.2878000000000001 1.3492 1.4108000000000001 1.4705999999999999 1.5287999999999999 1.6012 1.6719999999999999 1.7408999999999999 1.8202 1.9056999999999999 1.9891000000000001 2.0743 2.1737000000000002 2.2711000000000001 2.3660999999999999 2.4731999999999998
-0.44624999999999998 -0.44396999999999998 -0.44097999999999998 -0.43689 -0.43075999999999998 -0.42164000000000001 -0.40709000000000001 -0.38368000000000002 -0.34767999999999999 -0.29336000000000001 -0.21717 -0.11558 0.014514000000000001 0.17083000000000001 0.35464000000000001 0.55767999999999995 0.77542999999999995 0.99839 1.2239 1.4412 1.6471 1.8222 1.9877 2.1215999999999999 2.2357999999999998 2.3437999999999999 2.4205000000000001 2.4950999999999999 2.5655999999999999 2.6265999999999998 2.6852 2.7418 2.8033000000000001 2.8622999999999998 2.9188999999999998 2.9860000000000002 3.0554000000000001 3.1223999999999998 3.1962000000000002
-0.42264000000000002 -0.41398000000000001 -0.40448000000000001 -0.39748 -0.38661000000000001 -0.37512000000000001 -0.36026000000000002 -0.33939999999999998 -0.30865999999999999 -0.26463999999999999 -0.20165 -0.1178 -0.010396000000000001 0.12155000000000001 0.27455000000000002 0.45269999999999999 0.64615 0.86097999999999997 1.0867 1.3241000000000001 1.5673999999999999 1.8127 2.0512000000000001 2.2850000000000001 2.4895 2.6873999999999998 2.8405 2.9900000000000002 3.0998000000000001 3.1997 3.2907999999999999 3.3610000000000002 3.4287999999999998 3.4935999999999998 3.5547 3.6135999999999999 3.6726000000000001 3.7397 3.8048999999999999
-0.43625000000000003 -0.42770999999999998 -0.41686000000000001 -0.40350999999999998 -0.38733000000000001 -0.36797999999999997 -0.34470000000000001 -0.31561 -0.27844999999999998 -0.23057 -0.16866999999999999 -0.087165999999999993 0.0056327 0.12556 0.26723999999999998 0.43043999999999999 0.61541000000000001 0.81420999999999999 1.0317000000000001 1.2541 1.4878 1.7255 1.9685999999999999 2.2132000000000001 2.4561000000000002 2.6899999999999999 2.9174000000000002 3.1158999999999999 3.3090999999999999 3.4581 3.6032999999999999 3.7162999999999999 3.8161999999999998 3.9106000000000001 3.9843000000000002 4.0555000000000003 4.1238000000000001 4.1889000000000003 4.2522000000000002
-0.41804000000000002 -0.41197 -0.40154000000000001 -0.38912999999999998 -0.37515999999999999 -0.35754999999999998 -0.33455000000000001 -0.30762 -0.27454000000000001 -0.23261999999999999 -0.17763999999999999 -0.10783 -0.015304 0.097531999999999994 0.23816999999999999 0.40333000000000002 0.59336 0.80620000000000003 1.0317000000000001 1.2713000000000001 1.5130999999999999 1.7592000000000001 2.0047999999999999 2.2484000000000002 2.4935999999999998 2.7332999999999998 2.9782999999999999 3.2166999999999999 3.4531000000000001 3.6778 3.8871000000000002 4.0774999999999997 4.2423000000000002 4.3926999999999996 4.5090000000000003 4.6220999999999997 4.7045000000000003 4.7792000000000003 4.8536999999999999
-0.39968999999999999 -0.39339000000000002 -0.38462000000000002 -0.36969999999999997 -0.35088999999999998 -0.32889000000000002 -0.30058000000000001 -0.26476 -0.22062000000000001 -0.16786999999999999 -0.10521 -0.030394000000000001 0.058090000000000003 0.16746 0.29346 0.45218999999999998 0.62805999999999995 0.83306999999999998 1.0589 1.2986 1.5570999999999999 1.8174999999999999 2.0849000000000002 2.3471000000000002 2.6044 2.8580000000000001 3.1055000000000001 3.3563000000000001 3.6002999999999998 3.8407 4.0693000000000001 4.2834000000000003 4.4787999999999997 4.6478999999999999 4.8033000000000001 4.9302000000000001 5.0541999999999998 5.1460999999999997 5.2369000000000003
-0.38773000000000002 -0.38038 -0.37246000000000001 -0.36294999999999999 -0.34626000000000001 -0.32285999999999998 -0.29598999999999998 -0.25873000000000002 -0.20918999999999999 -0.14355000000000001 -0.063302999999999998 0.032850999999999998 0.14349000000000001 0.26971000000000001 0.41397 0.57525000000000004 0.75987000000000005 0.95645999999999998 1.1769000000000001 1.4053 1.6487000000000001 1.901 2.1575000000000002 2.4239000000000002 2.6869999999999998 2.9533 3.2141000000000002 3.4714999999999998 3.7248000000000001 3.9712999999999998 4.2069999999999999 4.4329000000000001 4.6325000000000003 4.8238000000000003 4.9832000000000001 5.1383999999999999 5.2526000000000002 5.3653000000000004 5.4557000000000002
-0.39007999999999998 -0.38268999999999997 -0.37395 -0.36198000000000002 -0.34393000000000001 -0.32196000000000002 -0.29494999999999999 -0.25828000000000001 -0.21013999999999999 -0.14612 -0.063883999999999996 0.038039999999999997 0.16303000000000001 0.30681000000000003 0.47631000000000001 0.66149000000000002 0.86350000000000005 1.0760000000000001 1.2975000000000001 1.53 1.7630999999999999 2.0089999999999999 2.2536 2.5078999999999998 2.7650999999999999 3.0245000000000002 3.2866 3.5432999999999999 3.7980999999999998 4.0430999999999999 4.2782999999999998 4.5 4.7092999999999998 4.8956999999999997 5.0682999999999998 5.2127999999999997 5.3437000000000001 5.4511000000000003 5.5392999999999999
-0.38317000000000001 -0.37569000000000002 -0.36720999999999998 -0.35750999999999999 -0.34551999999999999 -0.32491999999999999 -0.29624 -0.26234000000000002 -0.21648999999999999 -0.15579999999999999 -0.074207999999999996 0.027272999999999999 0.15440000000000001 0.30362 0.47649999999999998 0.67229000000000005 0.88360000000000005 1.1135999999999999 1.3482000000000001 1.5911999999999999 1.8334999999999999 2.0760000000000001 2.3201000000000001 2.5625 2.8134999999999999 3.0615999999999999 3.3161 3.5659000000000001 3.8125 4.0484999999999998 4.2755999999999998 4.4923999999999999 4.7000000000000002 4.8830999999999998 5.0575999999999999 5.1980000000000004 5.3311000000000002 5.4321000000000002 5.5311000000000003
-0.38536999999999999 -0.37774000000000002 -0.36870999999999998 -0.35815000000000002 -0.34555999999999998 -0.33011000000000001 -0.30565999999999999 -0.26965 -0.22903999999999999 -0.17491000000000001 -0.10352 -0.0094231999999999996 0.10635 0.25287999999999999 0.42043999999999998 0.61284000000000005 0.82230000000000003 1.0445 1.2806 1.5194000000000001 1.7713000000000001 2.0219999999999998 2.2770999999999999 2.5293999999999999 2.7789000000000001 3.0246 3.2652999999999999 3.5024000000000002 3.7334000000000001 3.9565000000000001 4.1704999999999997 4.3757999999999999 4.5663 4.7487000000000004 4.9092000000000002 5.0636000000000001 5.1856 5.3029999999999999 5.3874000000000004
-0.38018000000000002 -0.373 -0.36435000000000001 -0.35360999999999998 -0.34078999999999998 -0.32411000000000001 -0.29991000000000001 -0.26946999999999999 -0.23265 -0.18189 -0.11602 -0.028343 0.080867999999999995 0.21307000000000001 0.36992000000000003 0.54310999999999998 0.74329000000000001 0.95369000000000004 1.1828000000000001 1.4205000000000001 1.6654 1.9179999999999999 2.169 2.4251 2.6758999999999999 2.9251999999999998 3.1688000000000001 3.4079000000000002 3.6377000000000002 3.8605999999999998 4.0679999999999996 4.2672999999999996 4.4523999999999999 4.6256000000000004 4.7828999999999997 4.9240000000000004 5.0510999999999999 5.1528999999999998 5.2393000000000001
-0.36209000000000002 -0.35491 -0.34683000000000003 -0.33707999999999999 -0.32516 -0.30845 -0.28508 -0.25702999999999998 -0.22092999999999999 -0.1734 -0.11122 -0.032300000000000002 0.070255999999999999 0.19214999999999999 0.34236 0.51136999999999999 0.70065999999999995 0.90713999999999995 1.1222000000000001 1.3571 1.5941000000000001 1.8454999999999999 2.0971000000000002 2.3513000000000002 2.6040999999999999 2.8523999999999998 3.0989 3.3395999999999999 3.5737000000000001 3.7976000000000001 4.0087000000000002 4.2046000000000001 4.3879999999999999 4.5518999999999998 4.7035 4.8304999999999998 4.9443999999999999 5.0305999999999997 5.1067
-0.33376 -0.32732 -0.31918000000000002 -0.30954999999999999 -0.29842000000000002 -0.28483000000000003 -0.26671 -0.23916999999999999 -0.20302000000000001 -0.15903999999999999 -0.098282999999999995 -0.022443000000000001 0.075733999999999996 0.19470999999999999 0.33539000000000002 0.49965999999999999 0.67761000000000005 0.88304000000000005 1.0960000000000001 1.3246 1.5617000000000001 1.8050999999999999 2.0577999999999999 2.3079000000000001 2.5638999999999998 2.8134999999999999 3.0611000000000002 3.3026 3.5388999999999999 3.762 3.9765000000000001 4.1669999999999998 4.3453999999999997 4.5007000000000001 4.6368999999999998 4.7515000000000001 4.8445999999999998 4.9211999999999998 4.9808000000000003
-0.27002999999999999 -0.26466000000000001 -0.25846000000000002 -0.25048999999999999 -0.24068999999999999 -0.22878000000000001 -0.21092 -0.18626000000000001 -0.15412999999999999 -0.11352 -0.057355999999999997 0.015654000000000001 0.10784000000000001 0.22492000000000001 0.35909000000000002 0.52215 0.69901000000000002 0.89536000000000004 1.1053999999999999 1.3241000000000001 1.5597000000000001 1.7956000000000001 2.0457000000000001 2.2936999999999999 2.5449000000000002 2.7947000000000002 3.0405000000000002 3.2826 3.5167000000000002 3.738 3.9445999999999999 4.1296999999999997 4.298 4.4480000000000004 4.5678999999999998 4.6710000000000003 4.7474999999999996 4.8150000000000004 4.8634000000000004
-0.2036 -0.19575000000000001 -0.18695999999999999 -0.17712 -0.16607 -0.15464 -0.1368 -0.11430999999999999 -0.085244 -0.046276999999999999 0.0047251000000000003 0.075236999999999998 0.15901999999999999 0.27106000000000002 0.39833000000000002 0.55084999999999995 0.72335000000000005 0.91125999999999996 1.1207 1.3343 1.5672999999999999 1.8026 2.0463 2.2932999999999999 2.5386000000000002 2.7877999999999998 3.0295999999999998 3.2688000000000001 3.4958999999999998 3.7113 3.9060999999999999 4.0856000000000003 4.2423000000000002 4.3837999999999999 4.4885000000000002 4.5800999999999998 4.6485000000000003 4.7062999999999997 4.7511999999999999
-0.087314000000000003 -0.064420000000000005 -0.040980000000000003 -0.017159000000000001 0.0080222000000000002 0.034749000000000002 0.063395000000000007 0.096279000000000003 0.13116 0.17737 0.23075999999999999 0.29665000000000002 0.37770999999999999 0.46758 0.58499000000000001 0.70843 0.86165000000000003 1.0253000000000001 1.2075 1.4091 1.6169 1.8465 2.0745 2.3113999999999999 2.5464000000000002 2.7799 3.0074999999999998 3.2227000000000001 3.4207000000000001 3.6017000000000001 3.7665000000000002 3.9148000000000001 4.0492999999999997 4.1614000000000004 4.2615999999999996 4.3362999999999996 4.4043999999999999 4.4511000000000003 4.4938000000000002
-0.14273 -0.10936999999999999 -0.073162000000000005 -0.034144000000000001 0.0083653000000000009 0.055933999999999998 0.10772 0.16350999999999999 0.22420000000000001 0.28913 0.36486000000000002 0.44556000000000001 0.54307000000000005 0.64763000000000004 0.76429000000000002 0.89209000000000005 1.0210999999999999 1.1726000000000001 1.3228 1.5013000000000001 1.6869000000000001 1.8889 2.1025999999999998 2.3174999999999999 2.5392000000000001 2.7517 2.9559000000000002 3.1419999999999999 3.3083999999999998 3.4567999999999999 3.5914000000000001 3.7160000000000002 3.8336000000000001 3.9394 4.0354999999999999 4.1174999999999997 4.1856 4.2435 4.2923999999999998
-0.33872000000000002 -0.31314999999999998 -0.28289999999999998 -0.24732999999999999 -0.20710999999999999 -0.16025 -0.10707999999999999 -0.044302000000000001 0.027123999999999999 0.10986 0.20599000000000001 0.31675999999999999 0.44184000000000001 0.57954000000000006 0.72477000000000003 0.87414999999999998 1.0291999999999999 1.1826000000000001 1.3505 1.5153000000000001 1.6956 1.8764000000000001 2.0630000000000002 2.2532999999999999 2.4388000000000001 2.6204999999999998 2.7877999999999998 2.9363999999999999 3.0661 3.1797 3.2850000000000001 3.3855 3.4885000000000002 3.5891000000000002 3.6852 3.774 3.8534999999999999 3.9243999999999999 3.9923000000000002
-0.42671999999999999 -0.41610000000000003 -0.40259 -0.38399 -0.35976999999999998 -0.32923999999999998 -0.29021999999999998 -0.24331 -0.18440000000000001 -0.11599 -0.034321999999999998 0.062363000000000002 0.17571999999999999 0.30875999999999998 0.46117000000000002 0.63121000000000005 0.81472999999999995 1.0048999999999999 1.1958 1.3880999999999999 1.5744 1.7661 1.9497 2.1324999999999998 2.3068 2.4718 2.6206999999999998 2.7536 2.8654999999999999 2.9662999999999999 3.0600999999999998 3.1539000000000001 3.2488999999999999 3.3469000000000002 3.4447999999999999 3.5350999999999999 3.6213000000000002 3.7010000000000001 3.7871999999999999
-0.44484000000000001 -0.44127 -0.43597000000000002 -0.42870000000000003 -0.41789999999999999 -0.4032 -0.38185000000000002 -0.35149000000000002 -0.31041999999999997 -0.25566 -0.18729000000000001 -0.10069 0.0045355999999999999 0.13086999999999999 0.27993000000000001 0.44989000000000001 0.63844000000000001 0.83994999999999997 1.0477000000000001 1.2571000000000001 1.4630000000000001 1.6617 1.8528 2.0316000000000001 2.2021999999999999 2.3567 2.4944000000000002 2.6126 2.7151000000000001 2.8077999999999999 2.8948999999999998 2.9866000000000001 3.0787 3.1768999999999998 3.2726000000000002 3.3656999999999999 3.4535999999999998 3.5421999999999998 3.6389999999999998
-0.45068000000000003 -0.44901000000000002 -0.44688 -0.44396000000000002 -0.44 -0.43413000000000002 -0.42602000000000001 -0.41448000000000002 -0.39835999999999999 -0.37502000000000002 -0.34034999999999999 -0.28989999999999999 -0.21684 -0.11382 0.023713999999999999 0.19772999999999999 0.40228999999999998 0.62936000000000003 0.86351999999999995 1.0984 1.3226 1.5339 1.7289000000000001 1.9048 2.0634999999999999 2.2016 2.3222999999999998 2.4245999999999999 2.5152999999999999 2.5988000000000002 2.6855000000000002 2.7713999999999999 2.8666 2.9597000000000002 3.0512000000000001 3.1423000000000001 3.2320000000000002 3.3371 3.4498000000000002
-0.45297999999999999 -0.45166000000000001 -0.44999 -0.44764999999999999 -0.44423000000000001 -0.43964999999999999 -0.43368000000000001 -0.42584 -0.41477000000000003 -0.3997 -0.37792999999999999 -0.34634999999999999 -0.30065999999999998 -0.23482 -0.13838 -0.0045823000000000001 0.17585000000000001 0.39774999999999999 0.65076999999999996 0.91195000000000004 1.1716 1.4033 1.6154999999999999 1.7971999999999999 1.9539 2.0905 2.2037 2.3043 2.3935 2.4801000000000002 2.5678000000000001 2.6564999999999999 2.7443 2.8319000000000001 2.9171 3.0044 3.1012 3.2067999999999999 3.3311000000000002
-0.45179999999999998 -0.45085999999999998 -0.44930999999999999 -0.44735999999999998 -0.44452000000000003 -0.44091000000000002 -0.43593999999999999 -0.42881999999999998 -0.41911999999999999 -0.40597 -0.38833000000000001 -0.36371999999999999 -0.32858999999999999 -0.27756999999999998 -0.20366999999999999 -0.097584000000000004 0.045886000000000003 0.2382 0.46839999999999998 0.72994999999999999 0.99592000000000003 1.2565999999999999 1.4816 1.6865000000000001 1.8465 1.9877 2.1061000000000001 2.2109000000000001 2.3056000000000001 2.3986999999999998 2.4876999999999998 2.5758999999999999 2.6604000000000001 2.7416 2.8247 2.9062999999999999 3.0102000000000002 3.1259000000000001 3.2462
-0.45143 -0.45039000000000001 -0.44890999999999998 -0.44701999999999997 -0.44451000000000002 -0.44090000000000001 -0.43620999999999999 -0.42956 -0.42115999999999998 -0.40941 -0.39324999999999999 -0.37052000000000002 -0.33868999999999999 -0.29364000000000001 -0.23047999999999999 -0.13974 -0.014904000000000001 0.15167 0.36104000000000003 0.60294999999999999 0.86338999999999999 1.1232 1.3622000000000001 1.5724 1.7522 1.8983000000000001 2.0278999999999998 2.1374 2.2408000000000001 2.3389000000000002 2.4312 2.5175999999999998 2.5987 2.6753 2.7547000000000001 2.8429000000000002 2.9432 3.0609999999999999 3.1718000000000002
-0.45002999999999999 -0.44863999999999998 -0.44707999999999998 -0.44502000000000003 -0.44273000000000001 -0.43941000000000002 -0.43509999999999999 -0.42909999999999998 -0.42085 -0.40955999999999998 -0.39360000000000001 -0.37204999999999999 -0.34187000000000001 -0.29954999999999998 -0.24046000000000001 -0.15866 -0.045052000000000002 0.10296 0.29524 0.51883999999999997 0.76873000000000002 1.0210999999999999 1.2681 1.4802 1.6737 1.8266 1.9641 2.0825999999999998 2.1926000000000001 2.2955999999999999 2.3881000000000001 2.4733000000000001 2.5493999999999999 2.6246999999999998 2.6974999999999998 2.7917999999999998 2.8929 3.0005000000000002 3.1004
-0.44925999999999999 -0.44716 -0.44503999999999999 -0.44239000000000001 -0.43944 -0.43576999999999999 -0.43106 -0.42527999999999999 -0.41716999999999999 -0.40676000000000001 -0.39174999999999999 -0.37085000000000001 -0.34150999999999998 -0.30077999999999999 -0.24354999999999999 -0.16599 -0.058443000000000002 0.080884999999999999 0.25831999999999999 0.46965000000000001 0.70548 0.95109999999999995 1.1938 1.4111 1.6063000000000001 1.7728999999999999 1.9157 2.0436999999999999 2.1572 2.2618 2.3538999999999999 2.4355000000000002 2.5066999999999999 2.5796999999999999 2.6516000000000002 2.7435 2.8422000000000001 2.9416000000000002 3.0318000000000001
-0.44993 -0.44718000000000002 -0.44414999999999999 -0.44070999999999999 -0.43665999999999999 -0.43223 -0.42652000000000001 -0.42022999999999999 -0.41192000000000001 -0.40133999999999997 -0.38712000000000002 -0.36753999999999998 -0.34040999999999999 -0.30175000000000002 -0.24701000000000001 -0.17130999999999999 -0.068082000000000004 0.067791000000000004 0.23608000000000001 0.43948999999999999 0.66407000000000005 0.90291999999999994 1.1375 1.3600000000000001 1.5559000000000001 1.734 1.8797999999999999 2.0139 2.1318999999999999 2.2351000000000001 2.3231000000000002 2.3986999999999998 2.4662000000000002 2.5358999999999998 2.6101999999999999 2.694 2.7904 2.8839999999999999 2.9670000000000001
-0.45538000000000001 -0.45340999999999998 -0.45046000000000003 -0.44649 -0.44101000000000001 -0.43386999999999998 -0.42507 -0.41405999999999998 -0.40212999999999999 -0.38734000000000002 -0.37032999999999999 -0.34884999999999999 -0.32144 -0.28510000000000002 -0.23563999999999999 -0.16688 -0.074116000000000001 0.050792999999999998 0.20785999999999999 0.39594000000000001 0.60870000000000002 0.83474999999999999 1.0606 1.2793000000000001 1.4804999999999999 1.6607000000000001 1.8201000000000001 1.956 2.0752000000000002 2.1619999999999999 2.2372999999999998 2.3007 2.3624000000000001 2.4209000000000001 2.4961000000000002 2.5773999999999999 2.6642000000000001 2.7488000000000001 2.8165
-0.45812999999999998 -0.45730999999999999 -0.45585999999999999 -0.45378000000000002 -0.45075999999999999 -0.44617000000000001 -0.43958999999999998 -0.42986000000000002 -0.41614000000000001 -0.39802999999999999 -0.37397000000000002 -0.34595999999999999 -0.31102000000000002 -0.26939999999999997 -0.21682000000000001 -0.14987 -0.062150999999999998 0.050377999999999999 0.19689999999999999 0.37169999999999997 0.57621 0.79466999999999999 1.0186999999999999 1.2322 1.4336 1.6053999999999999 1.7586999999999999 1.8859999999999999 1.9859 2.0648 2.1299999999999999 2.1882000000000001 2.2463000000000002 2.3094000000000001 2.379 2.4626000000000001 2.5489000000000002 2.6311 2.6859999999999999
-0.45889999999999997 -0.45839000000000002 -0.45768999999999999 -0.45668999999999998 -0.45512000000000002 -0.45240000000000002 -0.44849 -0.44266 -0.43358999999999998 -0.42003000000000001 -0.39956000000000003 -0.37018000000000001 -0.33040999999999998 -0.27816999999999997 -0.21548 -0.13800999999999999 -0.044700999999999998 0.070069000000000006 0.21013000000000001 0.37829000000000002 0.56950999999999996 0.77963000000000005 0.99268000000000001 1.1973 1.3833 1.5466 1.6822999999999999 1.7966 1.8794999999999999 1.9514 2.0133000000000001 2.0724 2.1299000000000001 2.1985000000000001 2.2745000000000002 2.3597000000000001 2.4460999999999999 2.5230000000000001 2.5712000000000002
-0.45944000000000002 -0.45904 -0.45848 -0.45768999999999999 -0.45656999999999998 -0.45495999999999998 -0.45239000000000001 -0.44856000000000001 -0.44262000000000001 -0.43340000000000001 -0.41915000000000002 -0.39666000000000001 -0.36281999999999998 -0.31263000000000002 -0.24362 -0.15490000000000001 -0.046727999999999999 0.079124 0.22481000000000001 0.39199000000000001 0.57633999999999996 0.77498999999999996 0.97292000000000001 1.1619999999999999 1.3295999999999999 1.4772000000000001 1.5947 1.6923999999999999 1.768 1.8358000000000001 1.8983000000000001 1.9603999999999999 2.0238 2.0939999999999999 2.1796000000000002 2.2715999999999998 2.3597999999999999 2.4283999999999999 2.4685999999999999
-0.46011999999999997 -0.45977000000000001 -0.45927000000000001 -0.45859 -0.45766000000000001 -0.45634999999999998 -0.45449000000000001 -0.45168999999999998 -0.44735000000000003 -0.44059999999999999 -0.43002000000000001 -0.41339999999999999 -0.38714999999999999 -0.3463 -0.28387000000000001 -0.19563 -0.077377000000000001 0.060946 0.22036 0.39228000000000002 0.57604 0.76449999999999996 0.94721 1.1180000000000001 1.2678 1.3974 1.5046999999999999 1.5900000000000001 1.6609 1.7275 1.7912999999999999 1.8569 1.9265000000000001 2.0011000000000001 2.0958000000000001 2.1919 2.2795000000000001 2.3439000000000001 2.3761999999999999
-0.4607 -0.46042 -0.46000000000000002 -0.45940999999999999 -0.45857999999999999 -0.45743 -0.45579999999999998 -0.45343 -0.44996999999999998 -0.44461000000000001 -0.43619999999999998 -0.42296 -0.40194000000000002 -0.36867 -0.31645000000000001 -0.23715 -0.12494 0.019848999999999999 0.18731999999999999 0.36996000000000001 0.55418999999999996 0.73811000000000004 0.90700999999999998 1.0625 1.2007000000000001 1.3171999999999999 1.4176 1.4941 1.5626 1.6285000000000001 1.6946000000000001 1.7634000000000001 1.839 1.9237 2.0223 2.1206 2.2052999999999998 2.2681 2.2926000000000002
-0.46117999999999998 -0.46095000000000003 -0.46061000000000002 -0.46011999999999997 -0.45940999999999999 -0.45838000000000001 -0.45693 -0.45484999999999998 -0.45180999999999999 -0.44719999999999999 -0.44007000000000002 -0.42886999999999997 -0.41109000000000001 -0.38296999999999998 -0.33872999999999998 -0.26977000000000001 -0.16863 -0.028799000000000002 0.13865 0.32878000000000002 0.51326000000000005 0.69377 0.85475000000000001 0.99983999999999995 1.1293 1.2376 1.3335999999999999 1.4066000000000001 1.4746999999999999 1.5389999999999999 1.6082000000000001 1.6805000000000001 1.7646999999999999 1.8576999999999999 1.9574 2.0558999999999998 2.1385999999999998 2.1962999999999999 2.2195
-0.46156999999999998 -0.46138000000000001 -0.46109 -0.46067000000000002 -0.46006999999999998 -0.45918999999999999 -0.45791999999999999 -0.45606999999999998 -0.45335999999999999 -0.44930999999999999 -0.443 -0.43328 -0.41782000000000002 -0.39322000000000001 -0.35443000000000002 -0.29404000000000002 -0.20361000000000001 -0.074991000000000002 0.086746000000000004 0.27373999999999998 0.46301999999999999 0.63927999999999996 0.79674999999999996 0.93408999999999998 1.0576000000000001 1.1619999999999999 1.2533000000000001 1.3272999999999999 1.395 1.4579 1.5307999999999999 1.6086 1.6968000000000001 1.7955000000000001 1.8983000000000001 1.9979 2.0779999999999998 2.1301999999999999 2.1575000000000002
-0.46228000000000002 -0.46214 -0.46193000000000001 -0.46161000000000002 -0.46115 -0.46048 -0.45948 -0.45800999999999997 -0.45578999999999997 -0.45243 -0.44729000000000002 -0.43935999999999997 -0.42698000000000003 -0.40727999999999998 -0.37624999999999997 -0.32762999999999998 -0.25386999999999998 -0.14777000000000001 -0.0047077000000000004 0.16405 0.35081000000000001 0.51751999999999998 0.67542999999999997 0.80601999999999996 0.92225000000000001 1.0250999999999999 1.1112 1.1891 1.2545999999999999 1.3220000000000001 1.3979999999999999 1.4861 1.5824 1.6886000000000001 1.796 1.8934 1.9712000000000001 2.0148000000000001 2.0421
-0.46283000000000002 -0.46272000000000002 -0.46255000000000002 -0.46228999999999998 -0.46189999999999998 -0.46133999999999997 -0.46050999999999997 -0.45929999999999999 -0.45750999999999997 -0.45477000000000001 -0.45058999999999999 -0.44402000000000003 -0.43375999999999998 -0.41737000000000002 -0.39139000000000002 -0.35071000000000002 -0.28833999999999999 -0.19811000000000001 -0.074163000000000007 0.076264999999999999 0.24454999999999999 0.40848000000000001 0.55833999999999995 0.69240000000000002 0.80325000000000002 0.90425 0.98916999999999999 1.0667 1.1354 1.2099 1.2885 1.3835999999999999 1.4872000000000001 1.5972999999999999 1.7063999999999999 1.8023 1.8769 1.9224000000000001 1.9384999999999999
-0.46327000000000002 -0.46318999999999999 -0.46306000000000003 -0.46287 -0.46256000000000003 -0.46211000000000002 -0.46142 -0.46039999999999998 -0.45888000000000001 -0.45656999999999998 -0.45306000000000002 -0.44752999999999998 -0.43881999999999999 -0.42498000000000002 -0.40283999999999998 -0.36825000000000002 -0.31475999999999998 -0.23683000000000001 -0.12939999999999999 0.0062852000000000003 0.15769 0.31685999999999998 0.45712999999999998 0.58928000000000003 0.69742000000000004 0.79578000000000004 0.88216000000000006 0.95969000000000004 1.0326 1.1113 1.1963999999999999 1.2934000000000001 1.4044000000000001 1.5184 1.6302000000000001 1.7236 1.7950999999999999 1.8391 1.8431
-0.46361000000000002 -0.46354000000000001 -0.46343000000000001 -0.46326000000000001 -0.46300999999999998 -0.46262999999999999 -0.46206000000000003 -0.46121000000000001 -0.45993000000000001 -0.45798 -0.45495000000000002 -0.45025999999999999 -0.44279000000000002 -0.43098999999999998 -0.41194999999999998 -0.38214999999999999 -0.33603 -0.26778000000000002 -0.17355000000000001 -0.051149 0.086044999999999996 0.23435 0.36956 0.49540000000000001 0.60492000000000001 0.70047000000000004 0.78808 0.86631000000000002 0.94389999999999996 1.0239 1.1157999999999999 1.2177 1.3318000000000001 1.4494 1.5615000000000001 1.6543000000000001 1.7214 1.7615000000000001 1.7549999999999999
-0.46433000000000002 -0.46423999999999999 -0.46411999999999998 -0.46394999999999997 -0.46371000000000001 -0.46332000000000001 -0.46284999999999998 -0.46212999999999999 -0.46106999999999998 -0.45939000000000002 -0.45676 -0.45271 -0.44624999999999998 -0.43607000000000001 -0.41971999999999998 -0.39384000000000002 -0.35392000000000001 -0.29396 -0.21084 -0.1013 0.025249000000000001 0.1615 0.29436000000000001 0.41382000000000002 0.52436000000000005 0.61673999999999995 0.70416000000000001 0.78430999999999995 0.86477000000000004 0.94630000000000003 1.0446 1.1517999999999999 1.2687999999999999 1.3894 1.4997 1.5925 1.6541999999999999 1.6939 1.6673
-0.46501999999999999 -0.46490999999999999 -0.46477000000000002 -0.46456999999999998 -0.46428000000000003 -0.46384999999999998 -0.46338000000000001 -0.46273999999999998 -0.46179999999999999 -0.46033000000000002 -0.45800999999999997 -0.45445000000000002 -0.44882 -0.43986999999999998 -0.42560999999999999 -0.40282000000000001 -0.36782999999999999 -0.31486999999999998 -0.24079999999999999 -0.14294999999999999 -0.025392999999999999 0.10036 0.22983000000000001 0.34327999999999997 0.45177 0.54366000000000003 0.63066 0.71267000000000003 0.79557 0.88144 0.98233999999999999 1.0946 1.2151000000000001 1.3357000000000001 1.4448000000000001 1.5342 1.5954999999999999 1.6252 1.5861000000000001
-0.46566999999999997 -0.46555000000000002 -0.46539000000000003 -0.46516000000000002 -0.46481 -0.46432000000000001 -0.46378000000000003 -0.46315000000000001 -0.46223999999999998 -0.46085999999999999 -0.45873000000000003 -0.45550000000000002 -0.45046000000000003 -0.44246999999999997 -0.42986999999999997 -0.40969 -0.37878000000000001 -0.33199000000000001 -0.26536999999999999 -0.17726 -0.068011000000000002 0.048703999999999997 0.17241000000000001 0.28256999999999999 0.38751000000000002 0.48043999999999998 0.56681999999999999 0.65005000000000002 0.73375999999999997 0.82379000000000002 0.92705000000000004 1.0450999999999999 1.1676 1.2873000000000001 1.3954 1.4811000000000001 1.5404 1.5607 1.5126999999999999
-0.46628999999999998 -0.46616999999999997 -0.46600999999999998 -0.46577000000000002 -0.46538000000000002 -0.46484999999999999 -0.4642 -0.46353 -0.46253 -0.46110000000000001 -0.45900999999999997 -0.45593 -0.45130999999999999 -0.44402999999999998 -0.43275999999999998 -0.41482999999999998 -0.3871 -0.34538999999999997 -0.28510999999999997 -0.20519999999999999 -0.10376000000000001 0.0053851000000000003 0.12145 0.23028999999999999 0.33173000000000002 0.42595 0.51137999999999995 0.59543000000000001 0.67940999999999996 0.77359999999999995 0.87968000000000002 1.0021 1.1246 1.2434000000000001 1.3506 1.4318 1.4883999999999999 1.5004999999999999 1.4450000000000001
-0.46740999999999999 -0.46729999999999999 -0.46714 -0.46690999999999999 -0.46655000000000002 -0.46605999999999997 -0.46537000000000001 -0.46454000000000001 -0.46335999999999999 -0.46166000000000001 -0.45940999999999999 -0.45611000000000002 -0.45173000000000002 -0.44516 -0.43536999999999998 -0.4204 -0.39731 -0.36309999999999998 -0.31302000000000002 -0.24551000000000001 -0.15966 -0.060234999999999997 0.043114 0.14912 0.24403 0.33714 0.42159999999999997 0.50556000000000001 0.58916000000000002 0.69208000000000003 0.80596999999999996 0.93008999999999997 1.0498000000000001 1.1640999999999999 1.268 1.3452999999999999 1.3935999999999999 1.3856999999999999 1.3227
-0.46843000000000001 -0.46833000000000002 -0.46817999999999999 -0.46798000000000001 -0.4677 -0.46727999999999997 -0.46666999999999997 -0.46578999999999998 -0.46451999999999999 -0.46264 -0.46011999999999997 -0.45651999999999998 -0.45158999999999999 -0.44485999999999998 -0.43511 -0.42154000000000003 -0.40106999999999998 -0.37147999999999998 -0.32871 -0.26956999999999998 -0.1948 -0.10356 -0.010331999999999999 0.088417999999999997 0.18068999999999999 0.26967000000000002 0.35354999999999998 0.43545 0.52132000000000001 0.62902000000000002 0.74744999999999995 0.86921000000000004 0.98558000000000001 1.0965 1.1936 1.2658 1.3044 1.2791999999999999 1.2124999999999999
-0.46936 -0.46927000000000002 -0.46915000000000001 -0.46897 -0.46872000000000003 -0.46836 -0.46784999999999999 -0.46708 -0.46589999999999998 -0.46411000000000002 -0.46148 -0.45774999999999999 -0.45227000000000001 -0.4451 -0.43469999999999998 -0.42098999999999998 -0.40149000000000001 -0.37402000000000002 -0.33577000000000001 -0.28228999999999999 -0.21542 -0.13331999999999999 -0.045769999999999998 0.044956999999999997 0.13492000000000001 0.21734999999999999 0.29752000000000001 0.37922 0.47133000000000003 0.57896999999999998 0.69786000000000004 0.81555999999999995 0.92967 1.0379 1.1272 1.1944999999999999 1.2230000000000001 1.1871 1.1093
-0.47104000000000001 -0.47098000000000001 -0.47088999999999998 -0.47075 -0.47054000000000001 -0.47022999999999998 -0.4698 -0.46915000000000001 -0.46815000000000001 -0.46661000000000002 -0.46417999999999998 -0.46060000000000001 -0.45515 -0.44747999999999999 -0.43663000000000002 -0.42154999999999998 -0.40187 -0.37417 -0.33890999999999999 -0.29035 -0.22903999999999999 -0.15592 -0.073748999999999995 0.0078691000000000004 0.091886999999999996 0.16722000000000001 0.24378 0.32379000000000002 0.41582000000000002 0.52032999999999996 0.64148000000000005 0.75561999999999996 0.86702999999999997 0.96982999999999997 1.0517000000000001 1.1141000000000001 1.1287 1.0835999999999999 0.98938999999999999
-0.47254000000000002 -0.47249999999999998 -0.47243000000000002 -0.47232000000000002 -0.47216000000000002 -0.47191 -0.47154000000000001 -0.47099000000000002 -0.47014 -0.46884999999999999 -0.46679999999999999 -0.46359 -0.45862999999999998 -0.45102999999999999 -0.44026999999999999 -0.42415000000000003 -0.40390999999999999 -0.37572 -0.34005999999999997 -0.29399999999999998 -0.23532 -0.16854 -0.091451000000000005 -0.017646999999999999 0.057558999999999999 0.12755 0.20099 0.27894999999999998 0.37111 0.47543999999999997 0.58896999999999999 0.70162999999999998 0.81123999999999996 0.90891999999999995 0.98429 1.0390999999999999 1.0366 0.98884000000000005 0.88166999999999995
-0.47388000000000002 -0.47384999999999999 -0.4738 -0.47371999999999997 -0.47360000000000002 -0.47339999999999999 -0.47309000000000001 -0.47261999999999998 -0.47191 -0.47081000000000001 -0.46908 -0.46631 -0.46195000000000003 -0.45493 -0.44474000000000002 -0.42930000000000001 -0.40809000000000001 -0.37964999999999999 -0.34215000000000001 -0.29726999999999998 -0.23937 -0.17682999999999999 -0.10639 -0.038022 0.028995 0.092907000000000003 0.16455 0.24171999999999999 0.32973000000000002 0.43251000000000001 0.54137999999999997 0.65327000000000002 0.76109000000000004 0.85092000000000001 0.92249999999999999 0.96948000000000001 0.95420000000000005 0.90212999999999999 0.78410000000000002
-0.47510000000000002 -0.47508 -0.47504000000000002 -0.47498000000000001 -0.47488000000000002 -0.47472999999999999 -0.47448000000000001 -0.47409000000000001 -0.47348000000000001 -0.47254000000000002 -0.47106999999999999 -0.46866999999999998 -0.46489999999999998 -0.45877000000000001 -0.44928000000000001 -0.43493999999999999 -0.41371999999999998 -0.38561000000000001 -0.34633000000000003 -0.30201 -0.24575 -0.18414 -0.11981 -0.056429 0.0025460999999999999 0.061178000000000003 0.13120000000000001 0.20652999999999999 0.29043999999999998 0.39141999999999999 0.49790000000000001 0.61084000000000005 0.71665999999999996 0.79642000000000002 0.86555000000000004 0.90368999999999999 0.88165000000000004 0.81838 0.69616999999999996
-0.47664000000000001 -0.47661999999999999 -0.47660000000000002 -0.47654999999999997 -0.47647 -0.47635 -0.47614000000000001 -0.47581000000000001 -0.4753 -0.47449000000000002 -0.47321999999999997 -0.47116000000000002 -0.46786 -0.46250999999999998 -0.45390999999999998 -0.44080999999999998 -0.42037000000000002 -0.39306000000000002 -0.35470000000000002 -0.30881999999999998 -0.25395000000000001 -0.19223999999999999 -0.13369 -0.074598999999999999 -0.02213 0.033827999999999997 0.10011 0.17236000000000001 0.25435000000000002 0.35276000000000002 0.45823999999999998 0.56942000000000004 0.67617000000000005 0.74589000000000005 0.81327000000000005 0.84253 0.81471000000000005 0.74107999999999996 0.61978999999999995
-0.47805999999999998 -0.47804999999999997 -0.47803000000000001 -0.47799999999999998 -0.47793999999999998 -0.47782999999999998 -0.47766999999999998 -0.47738999999999998 -0.47694999999999999 -0.47625000000000001 -0.47515000000000002 -0.47336 -0.47045999999999999 -0.46577000000000002 -0.45804 -0.44617000000000001 -0.42742000000000002 -0.40084999999999998 -0.36403999999999997 -0.31702000000000002 -0.26372000000000001 -0.20130999999999999 -0.14824000000000001 -0.093827999999999995 -0.046094000000000003 0.0078580000000000004 0.070290000000000005 0.13927999999999999 0.21995999999999999 0.31616 0.42153000000000002 0.53115000000000001 0.63185000000000002 0.69843 0.76405999999999996 0.78071000000000002 0.75207999999999997 0.66969000000000001 0.55445999999999995
-0.47938999999999998 -0.47937999999999997 -0.47937000000000002 -0.47933999999999999 -0.47928999999999999 -0.47920000000000001 -0.47905999999999999 -0.47882999999999998 -0.47844999999999999 -0.47785 -0.47687000000000002 -0.47531000000000001 -0.47272999999999998 -0.46859000000000001 -0.4617 -0.45093 -0.43390000000000001 -0.40845999999999999 -0.37347000000000002 -0.32607999999999998 -0.27456000000000003 -0.2142 -0.16411999999999999 -0.11372 -0.068479999999999999 -0.016219000000000001 0.041732999999999999 0.1076 0.18772 0.28251999999999999 0.38950000000000001 0.49833 0.59001000000000003 0.65637999999999996 0.71513000000000004 0.72316999999999998 0.69318999999999997 0.60351999999999995 0.49436999999999998
-0.48064000000000001 -0.48063 -0.48060999999999998 -0.48059000000000002 -0.48054999999999998 -0.48048000000000002 -0.48036000000000001 -0.48015999999999998 -0.47982999999999998 -0.4793 -0.47843999999999998 -0.47705999999999998 -0.47476000000000002 -0.47106999999999999 -0.46494000000000002 -0.45512000000000002 -0.43963000000000002 -0.41560000000000002 -0.38251000000000002 -0.33578999999999998 -0.28588000000000002 -0.22919999999999999 -0.18023 -0.13352 -0.090662999999999994 -0.040874000000000001 0.013703999999999999 0.077456999999999998 0.15767 0.25155 0.35942000000000002 0.4657 0.55125999999999997 0.61775999999999998 0.66966000000000003 0.66934000000000005 0.63783000000000001 0.54196999999999995 0.43828
-0.48252 -0.48250999999999999 -0.48249999999999998 -0.48248000000000002 -0.48244999999999999 -0.48238999999999999 -0.48227999999999999 -0.48210999999999998 -0.48182999999999998 -0.48136000000000001 -0.48059000000000002 -0.47935 -0.4773 -0.47397 -0.46847 -0.45949000000000001 -0.44533 -0.42281000000000002 -0.39156000000000002 -0.34760000000000002 -0.29782999999999998 -0.24496999999999999 -0.19645000000000001 -0.15309 -0.11186 -0.064738000000000004 -0.012682000000000001 0.048971000000000001 0.12944 0.22277 0.33160000000000001 0.43530999999999997 0.51431000000000004 0.57962000000000002 0.62594000000000005 0.62202999999999997 0.58357999999999999 0.48426999999999998 0.38590999999999998
0.80000000000000004 0.029999999999999999
-0.60258 -0.66424000000000005 -0.72741 -0.81459000000000004 -0.90075000000000005 -0.99080000000000001 -1.0909 -1.1894 -1.2869999999999999 -1.3866000000000001 -1.4825999999999999 -1.5738000000000001 -1.6523000000000001 -1.7171000000000001 -1.7648999999999999 -1.7806 -1.7578 -1.7123999999999999 -1.6491 -1.5581 -1.4573 -1.3509 -1.3080000000000001 -1.3026 -1.3254999999999999 -1.2878000000000001 -1.1579999999999999 -1.028 -0.88719999999999999 -0.73094999999999999 -0.57521 -0.39704 -0.20837 -0.012232 0.20365 0.41753000000000001 0.63936000000000004 0.85797999999999996 1.0702
-0.44901999999999997 -0.44485999999999998 -0.43991999999999998 -0.43922 -0.43703999999999998 -0.44447999999999999 -0.45035999999999998 -0.47242000000000001 -0.48726999999999998 -0.52780000000000005 -0.56062999999999996 -0.59616000000000002 -0.63731000000000004 -0.66801999999999995 -0.69284999999999997 -0.71126999999999996 -0.71777000000000002 -0.71026999999999996 -0.68328 -0.64676 -0.60335000000000005 -0.52968999999999999 -0.45011000000000001 -0.36919000000000002 -0.27534999999999998 -0.16908999999999999 -0.063493999999999995 0.040344999999999999 0.13577 0.22764000000000001 0.31445000000000001 0.43534 0.56742000000000004 0.69816999999999996 0.83945000000000003 0.98939999999999995 1.1377999999999999 1.2969999999999999 1.4637
-0.46167000000000002 -0.45721000000000001 -0.45072000000000001 -0.44120999999999999 -0.42791000000000001 -0.40891 -0.38200000000000001 -0.34159 -0.28821000000000002 -0.21919 -0.12866 -0.018412999999999999 0.11074000000000001 0.25313000000000002 0.40555999999999998 0.55603999999999998 0.70048999999999995 0.82416999999999996 0.94721 1.0327 1.1184000000000001 1.1947000000000001 1.2573000000000001 1.3188 1.3799999999999999 1.4410000000000001 1.5002 1.5590999999999999 1.6313 1.7016 1.7698 1.8507 1.9356 2.0184000000000002 2.1052 2.2040000000000002 2.3006000000000002 2.3950999999999998 2.5034000000000001
-0.42691000000000001 -0.42449999999999999 -0.42124 -0.41670000000000001 -0.40989999999999999 -0.39967000000000003 -0.38362000000000002 -0.35825000000000001 -0.31962000000000002 -0.26269999999999999 -0.1832 -0.078666 0.054857000000000003 0.21437999999999999 0.40038000000000001 0.60540000000000005 0.82391999999999999 1.0470999999999999 1.2726999999999999 1.4879 1.6928000000000001 1.8640000000000001 2.0291000000000001 2.1574 2.2711000000000001 2.375 2.4512 2.5251999999999999 2.5941000000000001 2.6543999999999999 2.7124000000000001 2.7692000000000001 2.8302 2.8885999999999998 2.9445999999999999 3.0131999999999999 3.0823 3.1488999999999998 3.2250000000000001
-0.40323999999999999 -0.39473000000000003 -0.38572000000000001 -0.37836999999999998 -0.36767 -0.35597000000000001 -0.34097 -0.31966 -0.28819 -0.24302000000000001 -0.17885999999999999 -0.093139 0.015987999999999999 0.15085999999999999 0.30647999999999997 0.48854999999999998 0.68637000000000004 0.90354000000000001 1.1326000000000001 1.3711 1.6157999999999999 1.8612 2.0990000000000002 2.3296000000000001 2.5337999999999998 2.7265000000000001 2.8794 3.0286 3.1332 3.2328000000000001 3.3208000000000002 3.3906000000000001 3.4580000000000002 3.5223 3.5829 3.6415000000000002 3.7014999999999998 3.7684000000000002 3.8334000000000001
-0.41693000000000002 -0.40833999999999998 -0.39739999999999998 -0.38397999999999999 -0.36776999999999999 -0.34839999999999999 -0.32496999999999998 -0.29575000000000001 -0.25813000000000003 -0.20982999999999999 -0.14731 -0.065290000000000001 0.028660999999999999 0.14906 0.29221999999999998 0.45577000000000001 0.64309000000000005 0.84347000000000005 1.0637000000000001 1.2897000000000001 1.5259 1.7674000000000001 2.0124 2.2591999999999999 2.5028999999999999 2.7366000000000001 2.9618000000000002 3.1600999999999999 3.3489 3.4977 3.6427 3.7509999999999999 3.8506 3.9424000000000001 4.0156999999999998 4.0865 4.1544999999999996 4.2195 4.2826000000000004
-0.40071000000000001 -0.39401000000000003 -0.38289000000000001 -0.37040000000000001 -0.35604000000000002 -0.33810000000000001 -0.31485000000000002 -0.28777999999999998 -0.25434000000000001 -0.2122 -0.15653 -0.086226999999999998 0.0072250999999999999 0.12130000000000001 0.26243 0.42904999999999999 0.61953999999999998 0.83375999999999995 1.0602 1.3001 1.5428999999999999 1.7890999999999999 2.0362 2.2805 2.5283000000000002 2.7707000000000002 3.0183 3.2595000000000001 3.4975000000000001 3.7221000000000002 3.9319999999999999 4.1192000000000002 4.2839999999999998 4.4299999999999997 4.5462999999999996 4.6593999999999998 4.7381000000000002 4.8129 4.8879000000000001
-0.38780999999999999 -0.38141999999999998 -0.37231999999999998 -0.35677999999999999 -0.33744000000000002 -0.31463000000000002 -0.28522999999999998 -0.24815000000000001 -0.20283999999999999 -0.14893000000000001 -0.085482000000000002 -0.0097210000000000005 0.079272999999999996 0.18989 0.31785999999999998 0.47677000000000003 0.65488999999999997 0.86028000000000004 1.0882000000000001 1.3280000000000001 1.5882000000000001 1.8495999999999999 2.1168 2.3794 2.6366999999999998 2.8914 3.1392000000000002 3.3923999999999999 3.6381999999999999 3.8799000000000001 4.1090999999999998 4.3244999999999996 4.5176999999999996 4.6877000000000004 4.8399999999999999 4.9672999999999998 5.0883000000000003 5.1803999999999997 5.2713999999999999
-0.37607000000000002 -0.36878 -0.36101 -0.35144999999999998 -0.33452999999999999 -0.31097999999999998 -0.28399999999999997 -0.24643999999999999 -0.19683999999999999 -0.13089000000000001 -0.050557999999999999 0.046042 0.15764 0.28537000000000001 0.43197000000000002 0.59528000000000003 0.78256000000000003 0.98206000000000004 1.2032 1.4340999999999999 1.6776 1.9319 2.1882999999999999 2.4563000000000001 2.7202999999999999 2.9866000000000001 3.2481 3.5055000000000001 3.7595000000000001 4.0058999999999996 4.2416999999999998 4.4664000000000001 4.6664000000000003 4.8555999999999999 5.0156999999999998 5.1676000000000002 5.2820999999999998 5.3952999999999998 5.4828999999999999
-0.37839 -0.37107000000000001 -0.36238999999999999 -0.35034999999999999 -0.33206000000000002 -0.31019000000000002 -0.28310000000000002 -0.24637999999999999 -0.19808000000000001 -0.13422000000000001 -0.052063999999999999 0.049091999999999997 0.17354 0.31677 0.48597000000000001 0.67222999999999999 0.87592999999999999 1.0915999999999999 1.3157000000000001 1.5512999999999999 1.7871999999999999 2.0341999999999998 2.2814000000000001 2.5360999999999998 2.7951000000000001 3.0545 3.3172999999999999 3.5739999999999998 3.8275999999999999 4.0713999999999997 4.3052000000000001 4.5248999999999997 4.7331000000000003 4.9166999999999996 5.0892999999999997 5.2308000000000003 5.3621999999999996 5.4663000000000004 5.5548000000000002
-0.37153999999999998 -0.36415999999999998 -0.35572999999999999 -0.34616000000000002 -0.33409 -0.31330000000000002 -0.28448000000000001 -0.25052999999999997 -0.20449999999999999 -0.14380999999999999 -0.062075999999999999 0.039399000000000003 0.16591 0.31481999999999999 0.48670000000000002 0.68235000000000001 0.89290000000000003 1.1235999999999999 1.3593 1.6035999999999999 1.8481000000000001 2.0924999999999998 2.339 2.5829 2.8357999999999999 3.0855000000000001 3.3395999999999999 3.589 3.8340999999999998 4.0678000000000001 4.2925000000000004 4.5063000000000004 4.7096999999999998 4.8916000000000004 5.0618999999999996 5.2024999999999997 5.3326000000000002 5.4344000000000001 5.532
-0.37376999999999999 -0.36619000000000002 -0.35726000000000002 -0.34677999999999998 -0.33432000000000001 -0.31901000000000002 -0.29418 -0.25796999999999998 -0.21731 -0.16294 -0.091513999999999998 0.0030010000000000002 0.11898 0.26574999999999999 0.43379000000000001 0.62595000000000001 0.83587 1.0576000000000001 1.294 1.5329999999999999 1.7839 2.0343 2.2885 2.5406 2.7898000000000001 3.0354999999999999 3.2759999999999998 3.5123000000000002 3.7418 3.9624999999999999 4.1730999999999998 4.3749000000000002 4.5613000000000001 4.7408000000000001 4.8978999999999999 5.0488 5.1698000000000004 5.2853000000000003 5.3696000000000002
-0.36863000000000001 -0.36149999999999999 -0.35296 -0.34237000000000001 -0.32971 -0.31307000000000001 -0.28865000000000002 -0.25829000000000002 -0.22142999999999999 -0.17039000000000001 -0.10412 -0.016324999999999999 0.093377000000000002 0.22561 0.38307999999999998 0.55654999999999999 0.75707999999999998 0.96833999999999998 1.1971000000000001 1.4355 1.6798 1.9325000000000001 2.1831 2.4379 2.6877 2.9355000000000002 3.1775000000000002 3.4148999999999998 3.6421999999999999 3.8620999999999999 4.0656999999999996 4.2603999999999997 4.4416000000000002 4.6096000000000004 4.7633000000000001 4.9001000000000001 5.0248999999999997 5.1234999999999999 5.21
-0.35066999999999998 -0.34361000000000003 -0.33561000000000002 -0.32599 -0.31424000000000002 -0.29755999999999999 -0.27422999999999997 -0.24632000000000001 -0.21018999999999999 -0.16267000000000001 -0.10023 -0.021260000000000001 0.08183 0.20444999999999999 0.35468 0.52442999999999995 0.71343999999999996 0.92057999999999995 1.1352 1.3709 1.6085 1.8593 2.1109 2.3641000000000001 2.6160999999999999 2.863 3.1078000000000001 3.3462000000000001 3.5773999999999999 3.7970999999999999 4.0041000000000002 4.1943000000000001 4.3723999999999998 4.5301999999999998 4.6752000000000002 4.7981999999999996 4.907 4.9922000000000004 5.0666000000000002
-0.32274999999999998 -0.31630000000000003 -0.30830000000000002 -0.29880000000000001 -0.28782000000000002 -0.27450999999999998 -0.25642999999999999 -0.22886000000000001 -0.19288 -0.14910000000000001 -0.088109000000000007 -0.011892 0.086296999999999999 0.20582 0.34633999999999998 0.51119999999999999 0.68959000000000004 0.89483000000000001 1.1083000000000001 1.3363 1.5739000000000001 1.8165 2.0695000000000001 2.3193999999999999 2.5741999999999998 2.8226 3.0682 3.3071000000000002 3.5400999999999998 3.7585000000000002 3.9670999999999998 4.1516999999999999 4.3228 4.4718 4.6007999999999996 4.7104999999999997 4.7992999999999997 4.8746999999999998 4.9343000000000004
-0.25963000000000003 -0.25429000000000002 -0.24809999999999999 -0.24032999999999999 -0.23064000000000001 -0.21898999999999999 -0.20108000000000001 -0.17638999999999999 -0.14465 -0.10401000000000001 -0.048242 0.025087000000000002 0.11698 0.23463000000000001 0.36936000000000002 0.53200000000000003 0.70926 0.90483999999999998 1.1152 1.333 1.5689 1.8050999999999999 2.0541999999999998 2.3020999999999998 2.5520999999999998 2.8007 3.0444 3.2833000000000001 3.5131000000000001 3.7290000000000001 3.9285999999999999 4.1073000000000004 4.2678000000000003 4.4109999999999996 4.5236000000000001 4.6219000000000001 4.6954000000000002 4.7613000000000003 4.8118999999999996
-0.19361 -0.18584999999999999 -0.17710999999999999 -0.16747000000000001 -0.15654999999999999 -0.14512 -0.12745000000000001 -0.10489 -0.076258999999999993 -0.037266000000000001 0.013124 0.083710000000000007 0.16775000000000001 0.27914 0.40697 0.55874999999999997 0.73184000000000005 0.91873000000000005 1.1285000000000001 1.3421000000000001 1.5739000000000001 1.8090999999999999 2.0516000000000001 2.2980999999999998 2.5421 2.7898999999999998 3.0297000000000001 3.2648000000000001 3.4868999999999999 3.6960000000000002 3.8831000000000002 4.0552999999999999 4.2041000000000004 4.3372000000000002 4.4371999999999998 4.524 4.5914000000000001 4.6487999999999996 4.6958000000000002
-0.077431 -0.054715 -0.031504999999999998 -0.0077958000000000003 0.017011999999999999 0.043630000000000002 0.072029999999999997 0.10475 0.13972000000000001 0.18534999999999999 0.23879 0.30377999999999999 0.38479000000000002 0.47320000000000001 0.59057999999999999 0.71409999999999996 0.86538000000000004 1.0290999999999999 1.2092000000000001 1.4108000000000001 1.6165 1.8458000000000001 2.0728 2.3077000000000001 2.5413999999999999 2.7728000000000002 2.9975999999999998 3.2090999999999998 3.4011 3.5752000000000002 3.7321 3.8723000000000001 4.0002000000000004 4.1062000000000003 4.2028999999999996 4.2747999999999999 4.3411 4.3890000000000002 4.4333
-0.13189000000000001 -0.098696000000000006 -0.062653 -0.023857 0.018481999999999998 0.065687999999999996 0.11711000000000001 0.17238000000000001 0.23272999999999999 0.29696 0.37236000000000002 0.45290000000000002 0.54915000000000003 0.65344000000000002 0.76831000000000005 0.89554999999999996 1.0221 1.173 1.3226 1.4984999999999999 1.6836 1.883 2.0958999999999999 2.3083999999999998 2.5289000000000001 2.7395999999999998 2.9415 3.1244000000000001 3.2867999999999999 3.4291999999999998 3.5571000000000002 3.6749999999999998 3.7854999999999999 3.8866999999999998 3.9781 4.0582000000000003 4.1243999999999996 4.1829999999999998 4.2359
-0.32671 -0.30108000000000001 -0.27094000000000001 -0.23533999999999999 -0.19525000000000001 -0.14852000000000001 -0.095463999999999993 -0.033160000000000002 0.037948999999999997 0.12003 0.21540999999999999 0.3251 0.44896000000000003 0.58509999999999995 0.72885999999999995 0.87626999999999999 1.0299 1.181 1.3479000000000001 1.5118 1.6899 1.8698999999999999 2.0541999999999998 2.2437 2.4272999999999998 2.6084999999999998 2.7744 2.9218000000000002 3.0489999999999999 3.1593 3.2595000000000001 3.3542999999999998 3.4512999999999998 3.5459000000000001 3.6373000000000002 3.7225999999999999 3.8014000000000001 3.8759999999999999 3.9512
-0.41447000000000001 -0.40387000000000001 -0.39027000000000001 -0.37169999999999997 -0.34733999999999998 -0.31686999999999999 -0.27768999999999999 -0.23100999999999999 -0.17265 -0.10455 -0.023666 0.072026000000000007 0.18373 0.31469000000000003 0.46467000000000003 0.63234999999999997 0.81377999999999995 1.0023 1.1916 1.3828 1.5685 1.7587999999999999 1.9419 2.1236000000000002 2.2976999999999999 2.4622000000000002 2.6107999999999998 2.7429000000000001 2.8531 2.9512 3.0407000000000002 3.1297000000000001 3.2185999999999999 3.3115000000000001 3.4039999999999999 3.4933999999999998 3.5808 3.6657999999999999 3.7616999999999998
-0.43267 -0.42908000000000002 -0.42373 -0.41644999999999999 -0.40565000000000001 -0.39082 -0.36946000000000001 -0.33907999999999999 -0.29831999999999997 -0.24371000000000001 -0.17591999999999999 -0.090233999999999995 0.013707 0.13797999999999999 0.28449999999999998 0.45151000000000002 0.63722999999999996 0.83645999999999998 1.0425 1.2506999999999999 1.456 1.6541999999999999 1.8452999999999999 2.0242 2.1949000000000001 2.3494000000000002 2.4872999999999998 2.6046 2.7059000000000002 2.7957000000000001 2.8797999999999999 2.9662999999999999 3.0537999999999998 3.1469 3.2401 3.3321999999999998 3.4245000000000001 3.5198 3.6248
-0.43853999999999999 -0.43686000000000003 -0.43474000000000002 -0.43179000000000001 -0.42781999999999998 -0.42193999999999998 -0.41382999999999998 -0.40239999999999998 -0.38633000000000001 -0.36313000000000001 -0.32867000000000002 -0.27865000000000001 -0.20627000000000001 -0.10425 0.031824999999999999 0.20394000000000001 0.40648000000000001 0.63146000000000002 0.86402000000000001 1.0972 1.3206 1.5308999999999999 1.7258 1.9016 2.0602 2.1985000000000001 2.3186 2.4201000000000001 2.5089999999999999 2.5901000000000001 2.6738 2.7566999999999999 2.8485999999999998 2.9397000000000002 3.0308000000000002 3.1246999999999998 3.2191999999999998 3.3296999999999999 3.4479000000000002
-0.44085000000000002 -0.43952999999999998 -0.43785000000000002 -0.43551000000000001 -0.43203999999999998 -0.42748999999999998 -0.42151 -0.41370000000000001 -0.40278000000000003 -0.38779999999999998 -0.36623 -0.33495000000000003 -0.28972999999999999 -0.22448000000000001 -0.12891 0.0041190999999999997 0.18348 0.40473999999999999 0.65695000000000003 0.91722999999999999 1.175 1.4064000000000001 1.6168 1.7983 1.9539 2.0903 2.2021999999999999 2.3016000000000001 2.3889 2.4738000000000002 2.5588000000000002 2.6457999999999999 2.7313999999999998 2.8195000000000001 2.9060000000000001 2.9958 3.097 3.2067000000000001 3.3321000000000001
-0.43969999999999998 -0.43875999999999998 -0.43719000000000002 -0.43525999999999998 -0.43242999999999998 -0.42880000000000001 -0.42383999999999999 -0.41671999999999998 -0.40711999999999998 -0.39406999999999998 -0.37658999999999998 -0.35222999999999999 -0.31746000000000002 -0.26688000000000001 -0.19367999999999999 -0.088178999999999993 0.054814000000000002 0.24643000000000001 0.47649000000000002 0.73772000000000004 1.0028999999999999 1.2633000000000001 1.4864999999999999 1.6892 1.8489 1.9884999999999999 2.1063000000000001 2.2092999999999998 2.3026 2.3940000000000001 2.4815999999999998 2.5684999999999998 2.6526000000000001 2.7341000000000002 2.8193000000000001 2.9041000000000001 3.0093999999999999 3.1269 3.2465000000000002
-0.43931999999999999 -0.43828 -0.43680999999999998 -0.43491000000000002 -0.43242000000000003 -0.42877999999999999 -0.42414000000000002 -0.41757 -0.40920000000000001 -0.39754 -0.38150000000000001 -0.35893999999999998 -0.32741999999999999 -0.28276000000000001 -0.22003 -0.12997 -0.0055227000000000002 0.16028000000000001 0.36964000000000002 0.61114000000000002 0.87155000000000005 1.1302000000000001 1.369 1.5770999999999999 1.7565 1.9005000000000001 2.0287000000000002 2.137 2.2391000000000001 2.3359000000000001 2.4272 2.5129000000000001 2.5941000000000001 2.6718000000000002 2.7521 2.8428 2.9447000000000001 3.0617000000000001 3.1709000000000001
-0.43791000000000002 -0.43651000000000001 -0.43497000000000002 -0.43290000000000001 -0.43063000000000001 -0.42734 -0.42304000000000003 -0.41710000000000003 -0.40887000000000001 -0.39767000000000002 -0.38184000000000001 -0.36044999999999999 -0.33050000000000002 -0.28854999999999997 -0.22983000000000001 -0.1487 -0.035478000000000003 0.11226 0.30392000000000002 0.52749000000000001 0.77715000000000001 1.0289999999999999 1.2759 1.4861 1.6776 1.8298000000000001 1.9656 2.0831 2.1919 2.294 2.3858000000000001 2.4704999999999999 2.5470000000000002 2.6233 2.6964000000000001 2.7924000000000002 2.8940000000000001 3.0004 3.0981000000000001
-0.43712000000000001 -0.43502999999999997 -0.43290000000000001 -0.43028 -0.42731000000000002 -0.42368 -0.41898000000000002 -0.41327000000000003 -0.40523999999999999 -0.39485999999999999 -0.37996999999999997 -0.35920000000000002 -0.33008999999999999 -0.28967999999999999 -0.23280999999999999 -0.15558 -0.048717999999999997 0.090339000000000003 0.26706999999999997 0.47842000000000001 0.71382999999999996 0.95935999999999999 1.2007000000000001 1.4178999999999999 1.611 1.7769999999999999 1.9178999999999999 2.0451000000000001 2.1574 2.2610999999999999 2.3530000000000002 2.4342999999999999 2.5055999999999998 2.5794000000000001 2.6526999999999998 2.7441 2.8426 2.9405999999999999 3.0287000000000002
-0.43775999999999998 -0.43502999999999997 -0.43198999999999999 -0.42857000000000001 -0.42449999999999999 -0.42010999999999998 -0.41446 -0.40816999999999998 -0.39994000000000002 -0.38939000000000001 -0.37530999999999998 -0.35583999999999999 -0.32894000000000001 -0.29049999999999998 -0.23613999999999999 -0.16075 -0.058158000000000001 0.077447000000000002 0.24496000000000001 0.44835000000000003 0.67267999999999994 0.91127000000000002 1.1449 1.3672 1.5611999999999999 1.7387999999999999 1.8826000000000001 2.0154999999999998 2.133 2.2351999999999999 2.3231000000000002 2.3984999999999999 2.4666000000000001 2.5360999999999998 2.6113 2.6947999999999999 2.7902999999999998 2.8824999999999998 2.9634
-0.44322 -0.44124000000000002 -0.43829000000000001 -0.43428 -0.42881999999999998 -0.42163 -0.41287000000000001 -0.40183000000000002 -0.39000000000000001 -0.37533 -0.35833999999999999 -0.33706000000000003 -0.30976999999999999 -0.2737 -0.22453000000000001 -0.15608 -0.063533000000000006 0.060810999999999997 0.21772 0.40515000000000001 0.61780000000000002 0.84318000000000004 1.0686 1.2861 1.4866999999999999 1.6654 1.8242 1.9590000000000001 2.0767000000000002 2.1635 2.2383999999999999 2.3016000000000001 2.3633000000000002 2.4224000000000001 2.4965999999999999 2.5775999999999999 2.6633 2.7463000000000002 2.8115999999999999
-0.44599 -0.44516 -0.44370999999999999 -0.44161 -0.43858000000000003 -0.43398999999999999 -0.42736000000000002 -0.41763 -0.40383999999999998 -0.38578000000000001 -0.36169000000000001 -0.33388000000000001 -0.29921999999999999 -0.25777 -0.20558000000000001 -0.13902 -0.051695999999999999 0.060208999999999999 0.20649999999999999 0.38118000000000002 0.58513999999999999 0.80327000000000004 1.0267999999999999 1.2393000000000001 1.4393 1.6107 1.7627999999999999 1.8896999999999999 1.9883 2.0670999999999999 2.1316000000000002 2.1898 2.2471999999999999 2.3104 2.3799000000000001 2.4622000000000002 2.5474999999999999 2.6278999999999999 2.6806999999999999
-0.44675999999999999 -0.44624999999999998 -0.44556000000000001 -0.44455 -0.44296000000000002 -0.44024000000000002 -0.43631999999999999 -0.43047000000000002 -0.42138999999999999 -0.40776000000000001 -0.38729999999999998 -0.35782999999999998 -0.31818999999999997 -0.26605000000000001 -0.20377999999999999 -0.12681000000000001 -0.03397 0.080309000000000005 0.21970999999999999 0.38767000000000001 0.57821 0.78820000000000001 1.0004999999999999 1.2044999999999999 1.3894 1.5521 1.6867000000000001 1.8005 1.8822000000000001 1.9536 2.0150999999999999 2.0739999999999998 2.1309 2.1993 2.2751000000000001 2.3593999999999999 2.4445999999999999 2.5192000000000001 2.5657000000000001
-0.44729999999999998 -0.44690000000000002 -0.44634000000000001 -0.44555 -0.44442999999999999 -0.44281999999999999 -0.44024999999999997 -0.43641000000000002 -0.43046000000000001 -0.42121999999999998 -0.40694000000000002 -0.38438 -0.35049999999999998 -0.30037999999999998 -0.23139000000000001 -0.14313999999999999 -0.035379000000000001 0.089646000000000003 0.23465 0.40122000000000002 0.58520000000000005 0.78315999999999997 0.98048000000000002 1.1689000000000001 1.3354999999999999 1.4819 1.5991 1.6955 1.7707999999999999 1.8382000000000001 1.9003000000000001 1.962 2.0251999999999999 2.0945999999999998 2.1802000000000001 2.2713000000000001 2.3578000000000001 2.4243999999999999 2.4632000000000001
-0.44799 -0.44762999999999997 -0.44713000000000003 -0.44646000000000002 -0.44552000000000003 -0.44422 -0.44235999999999998 -0.43955 -0.43522 -0.42846000000000001 -0.41787000000000002 -0.40123999999999999 -0.37492999999999999 -0.33402999999999999 -0.27151999999999998 -0.18337999999999999 -0.065739000000000006 0.072160000000000002 0.23050999999999999 0.40172999999999998 0.58472000000000002 0.77241000000000004 0.95438999999999996 1.1242000000000001 1.2736000000000001 1.4020999999999999 1.5089999999999999 1.5931 1.6637 1.7299 1.7935000000000001 1.8586 1.9278999999999999 2.0026999999999999 2.0962999999999998 2.1913999999999998 2.2768000000000002 2.3397999999999999 2.371
-0.44856000000000001 -0.44828000000000001 -0.44786999999999999 -0.44728000000000001 -0.44645000000000001 -0.44529000000000002 -0.44367000000000001 -0.44130999999999998 -0.43784000000000001 -0.43248999999999999 -0.42408000000000001 -0.41083999999999998 -0.38980999999999999 -0.35648999999999997 -0.30421999999999999 -0.22481999999999999 -0.11285000000000001 0.031736 0.19808000000000001 0.38007999999999997 0.56301000000000001 0.74570999999999998 0.91400000000000003 1.0687 1.2063999999999999 1.3218000000000001 1.4218999999999999 1.4972000000000001 1.5653999999999999 1.6309 1.6969000000000001 1.7649999999999999 1.8403 1.9252 2.0230000000000001 2.1198000000000001 2.2027000000000001 2.2635000000000001 2.2875000000000001
-0.44903999999999999 -0.44880999999999999 -0.44847999999999999 -0.44797999999999999 -0.44727 -0.44624999999999998 -0.44479999999999997 -0.44272 -0.43969000000000003 -0.43508999999999998 -0.42796000000000001 -0.41677999999999998 -0.39900000000000002 -0.37086999999999998 -0.32658999999999999 -0.25755 -0.15640000000000001 -0.0166 0.15004999999999999 0.33867999999999998 0.52256000000000002 0.70143999999999995 0.86180999999999996 1.006 1.1349 1.2423 1.337 1.4097 1.4774 1.5412999999999999 1.6105 1.6828000000000001 1.7662 1.859 1.958 2.0548999999999999 2.1358999999999999 2.1920000000000002 2.2155999999999998
-0.44943 -0.44923999999999997 -0.44895000000000002 -0.44853999999999999 -0.44792999999999999 -0.44706000000000001 -0.44579000000000002 -0.44395000000000001 -0.44124000000000002 -0.43719000000000002 -0.43089 -0.42119000000000001 -0.40575 -0.38114999999999999 -0.34236 -0.28194000000000002 -0.19144 -0.063075999999999993 0.098541000000000004 0.28421999999999997 0.47297 0.64717000000000002 0.80406 0.94028 1.0628 1.1669 1.2568999999999999 1.3306 1.3976999999999999 1.4601 1.5330999999999999 1.611 1.6982999999999999 1.7967 1.8987000000000001 1.9968999999999999 2.0752000000000002 2.1259999999999999 2.1547000000000001
-0.45013999999999998 -0.45000000000000001 -0.44979000000000002 -0.44947999999999999 -0.44901999999999997 -0.44835000000000003 -0.44735000000000003 -0.44589000000000001 -0.44367000000000001 -0.44030999999999998 -0.43519000000000002 -0.42726999999999998 -0.41492000000000001 -0.39524999999999999 -0.36425000000000002 -0.31566 -0.24188000000000001 -0.13585 0.0071865000000000002 0.17516999999999999 0.36153999999999997 0.52634000000000003 0.68242000000000003 0.81255999999999995 0.92766999999999999 1.0301 1.1152 1.1921999999999999 1.2572000000000001 1.3248 1.4001999999999999 1.4884999999999999 1.5846 1.6899 1.7962 1.8917999999999999 1.9677 2.0110000000000001 2.04
-0.45068999999999998 -0.45057999999999998 -0.45040999999999998 -0.45016 -0.44977 -0.44919999999999999 -0.44836999999999999 -0.44717000000000001 -0.44538 -0.44264999999999999 -0.43848999999999999 -0.43192999999999998 -0.42170000000000002 -0.40534999999999999 -0.37940000000000002 -0.33877000000000002 -0.27643000000000001 -0.18629999999999999 -0.062727000000000005 0.087540999999999994 0.25442999999999999 0.41793999999999998 0.56596000000000002 0.69955000000000001 0.80893000000000004 0.90890000000000004 0.99341999999999997 1.0700000000000001 1.1383000000000001 1.2128000000000001 1.2916000000000001 1.3858999999999999 1.4893000000000001 1.5986 1.7064999999999999 1.8008 1.8740000000000001 1.9199999999999999 1.9358
-0.45112999999999998 -0.45105000000000001 -0.45091999999999999 -0.45073000000000002 -0.45043 -0.44996999999999998 -0.44929000000000002 -0.44827 -0.44674999999999998 -0.44445000000000001 -0.44095000000000001 -0.43543999999999999 -0.42674000000000001 -0.41293999999999997 -0.39083000000000001 -0.35631000000000002 -0.30295 -0.22506000000000001 -0.11794 0.017580999999999999 0.16794000000000001 0.32672000000000001 0.46522999999999998 0.59575999999999996 0.70347999999999999 0.80071999999999999 0.88668999999999998 0.96333000000000002 1.036 1.1141000000000001 1.1995 1.2956000000000001 1.4064000000000001 1.5197000000000001 1.6303000000000001 1.722 1.7927999999999999 1.8371 1.8405
-0.45147999999999999 -0.45140000000000002 -0.45129000000000002 -0.45112999999999998 -0.45088 -0.45049 -0.44993 -0.44907999999999998 -0.44780999999999999 -0.44585999999999998 -0.44284000000000001 -0.43817 -0.43070999999999998 -0.41893999999999998 -0.39996999999999999 -0.37019999999999997 -0.32418999999999998 -0.25601000000000002 -0.16206000000000001 -0.039829999999999997 0.096528000000000003 0.24335000000000001 0.37812000000000001 0.50231000000000003 0.61140000000000005 0.70572000000000001 0.79283000000000003 0.87022999999999995 0.94747000000000003 1.0268999999999999 1.1189 1.2205999999999999 1.3338000000000001 1.4507000000000001 1.5609999999999999 1.6528 1.7192000000000001 1.76 1.7516
-0.45219999999999999 -0.45211000000000001 -0.45199 -0.45182 -0.45157000000000003 -0.45118999999999998 -0.45072000000000001 -0.45000000000000001 -0.44894000000000001 -0.44727 -0.44463999999999998 -0.44059999999999999 -0.43414999999999998 -0.42397000000000001 -0.40766000000000002 -0.38179000000000002 -0.34194999999999998 -0.28203 -0.19913 -0.090178999999999995 0.036069999999999998 0.17097999999999999 0.30336000000000002 0.42118 0.53125 0.62229999999999996 0.70884999999999998 0.78849000000000002 0.86846000000000001 0.94938 1.0477000000000001 1.1547000000000001 1.2710999999999999 1.3906000000000001 1.4994000000000001 1.5906 1.6526000000000001 1.6926000000000001 1.6631
-0.45288 -0.45277000000000001 -0.45262999999999998 -0.45243 -0.45215 -0.45172000000000001 -0.45124999999999998 -0.45062000000000002 -0.44968000000000002 -0.44821 -0.44590000000000002 -0.44234000000000001 -0.43672 -0.42777999999999999 -0.41354999999999997 -0.39078000000000002 -0.35586000000000001 -0.30306 -0.22908000000000001 -0.13172 -0.014442 0.11014 0.23916000000000001 0.35103000000000001 0.45811000000000002 0.54951000000000005 0.63560000000000005 0.71706000000000003 0.79930999999999996 0.88521000000000005 0.98546 1.0975999999999999 1.2174 1.3368 1.4446000000000001 1.5326 1.5943000000000001 1.6233 1.5819000000000001
-0.45354 -0.45341999999999999 -0.45326 -0.45302999999999999 -0.45268000000000003 -0.45219999999999999 -0.45165 -0.45104 -0.45012000000000002 -0.44874999999999998 -0.44663000000000003 -0.44340000000000002 -0.43837999999999999 -0.43038999999999999 -0.41782000000000002 -0.3977 -0.36680000000000001 -0.32017000000000001 -0.25363999999999998 -0.16592999999999999 -0.056946999999999998 0.058741000000000002 0.18098 0.29065999999999997 0.39417000000000002 0.48658000000000001 0.57194999999999996 0.65461000000000003 0.73755000000000004 0.82767000000000002 0.93030000000000002 1.0481 1.1698 1.2884 1.3952 1.4798 1.5394000000000001 1.5588 1.5089999999999999
-0.45415 -0.45404 -0.45387 -0.45363999999999999 -0.45323999999999998 -0.45272000000000001 -0.45206000000000002 -0.45140999999999998 -0.45040999999999998 -0.44899 -0.44690999999999997 -0.44383 -0.43923000000000001 -0.43197000000000002 -0.42071999999999998 -0.40283999999999998 -0.37513999999999997 -0.33355000000000001 -0.27335999999999999 -0.1938 -0.093144000000000005 0.015630000000000002 0.13031999999999999 0.23868 0.33867999999999998 0.43236000000000002 0.51668000000000003 0.60004000000000002 0.68323 0.77759999999999996 0.88371 1.0054000000000001 1.1267 1.2442 1.3503000000000001 1.4306000000000001 1.4877 1.4984999999999999 1.4412
-0.45527000000000001 -0.45517000000000002 -0.45501000000000003 -0.45477000000000001 -0.45441999999999999 -0.45391999999999999 -0.45324999999999999 -0.45240999999999998 -0.45123999999999997 -0.44954 -0.44730999999999999 -0.44403999999999999 -0.43967000000000001 -0.43313000000000001 -0.42336000000000001 -0.40844999999999998 -0.38539000000000001 -0.35127999999999998 -0.30142000000000002 -0.23405000000000001 -0.14881 -0.049709999999999997 0.052431999999999999 0.15795999999999999 0.25142999999999999 0.34333000000000002 0.42714999999999997 0.51024999999999998 0.59301999999999999 0.69630000000000003 0.81013999999999997 0.93315000000000003 1.0517000000000001 1.1648000000000001 1.2672000000000001 1.3443000000000001 1.3934 1.3825000000000001 1.3184
-0.45629999999999998 -0.45618999999999998 -0.45605000000000001 -0.45584999999999998 -0.45556000000000002 -0.45513999999999999 -0.45454 -0.45365 -0.45239000000000001 -0.45051999999999998 -0.44800000000000001 -0.44444 -0.43951000000000001 -0.43284 -0.42309999999999998 -0.40961999999999998 -0.38924999999999998 -0.35971999999999998 -0.31713999999999998 -0.25813000000000003 -0.18386 -0.092927999999999997 -0.00078189999999999998 0.096664 0.18836 0.27604000000000001 0.35921999999999998 0.44016 0.52634999999999998 0.63348000000000004 0.75173999999999996 0.87236000000000002 0.98726999999999998 1.0972 1.1931 1.2653000000000001 1.3035000000000001 1.2759 1.2077
-0.45722000000000002 -0.45713999999999999 -0.45701000000000003 -0.45684000000000002 -0.45657999999999999 -0.45622000000000001 -0.45572000000000001 -0.45494000000000001 -0.45376 -0.45199 -0.44935000000000003 -0.44564999999999999 -0.44017000000000001 -0.43306 -0.42276000000000002 -0.40906999999999999 -0.38972000000000001 -0.36231000000000002 -0.32425999999999999 -0.27090999999999998 -0.20449999999999999 -0.12325999999999999 -0.036156000000000001 0.053322000000000001 0.14269000000000001 0.22373000000000001 0.30319000000000002 0.38407000000000002 0.47650999999999999 0.58382999999999996 0.70221 0.81879999999999997 0.93157000000000001 1.0385 1.1268 1.1946000000000001 1.222 1.1842999999999999 1.1031
-0.45890999999999998 -0.45884999999999998 -0.45874999999999999 -0.45861000000000002 -0.45839999999999997 -0.45810000000000001 -0.45766000000000001 -0.45701000000000003 -0.45601000000000003 -0.45448 -0.45204 -0.44847999999999999 -0.44307000000000002 -0.43540000000000001 -0.42464000000000002 -0.40958 -0.39008999999999999 -0.36262 -0.32746999999999998 -0.27932000000000001 -0.21822 -0.14591999999999999 -0.064199000000000006 0.016192999999999999 0.098972000000000004 0.17362 0.24958 0.32876 0.42048999999999997 0.52512999999999999 0.64558000000000004 0.75883 0.86870999999999998 0.96955999999999998 1.0515000000000001 1.1146 1.1264000000000001 1.0804 0.98301000000000005
-0.46039999999999998 -0.46035999999999999 -0.46028999999999998 -0.46018999999999999 -0.46001999999999998 -0.45977000000000001 -0.45939999999999998 -0.45884999999999998 -0.45800999999999997 -0.45672000000000001 -0.45467000000000002 -0.45145999999999997 -0.44651999999999997 -0.43891999999999998 -0.42823 -0.41227999999999998 -0.39206999999999997 -0.36420000000000002 -0.32862999999999998 -0.28305000000000002 -0.22459000000000001 -0.15864 -0.082692000000000002 -0.0094614 0.064586000000000005 0.13386000000000001 0.20687 0.28460000000000002 0.37584000000000001 0.48038999999999998 0.59323000000000004 0.70508000000000004 0.81315000000000004 0.90896999999999994 0.98436999999999997 1.0389999999999999 1.0341 0.98521000000000003 0.87504999999999999
-0.46173999999999998 -0.46171000000000001 -0.46167000000000002 -0.46159 -0.46145999999999998 -0.46126 -0.46095000000000003 -0.46049000000000001 -0.45978000000000002 -0.45867999999999998 -0.45695000000000002 -0.45417000000000002 -0.44983000000000001 -0.44285000000000002 -0.43265999999999999 -0.41735 -0.39616000000000001 -0.36803999999999998 -0.33062999999999998 -0.28632999999999997 -0.22919 -0.16700999999999999 -0.097788 -0.030002000000000001 0.035963000000000002 0.099141000000000007 0.17052 0.24737999999999999 0.33450999999999997 0.43762000000000001 0.54584999999999995 0.65698000000000001 0.76319999999999999 0.85104000000000002 0.92308999999999997 0.96933000000000002 0.95252000000000003 0.89739999999999998 0.77727000000000002
-0.46295999999999998 -0.46294000000000002 -0.46290999999999999 -0.46284999999999998 -0.46274999999999999 -0.46259 -0.46233999999999997 -0.46195000000000003 -0.46134999999999998 -0.46040999999999999 -0.45894000000000001 -0.45654 -0.45277000000000001 -0.44666 -0.43718000000000001 -0.42293999999999998 -0.40172999999999998 -0.37389 -0.33513999999999999 -0.29099000000000003 -0.23557 -0.17432 -0.1113 -0.048512 0.0094265000000000009 0.067971000000000004 0.13733000000000001 0.2122 0.29582000000000003 0.39671000000000001 0.50260000000000005 0.61460000000000004 0.71897999999999995 0.79644999999999999 0.86650000000000005 0.90353000000000006 0.87978999999999996 0.81311999999999995 0.68935000000000002
-0.46450000000000002 -0.46449000000000001 -0.46445999999999998 -0.46442 -0.46433999999999997 -0.46421000000000001 -0.46400999999999998 -0.46367999999999998 -0.46317000000000003 -0.46235999999999999 -0.46109 -0.45902999999999999 -0.45573000000000002 -0.45040000000000002 -0.44180000000000003 -0.42875999999999997 -0.40833000000000003 -0.38123000000000001 -0.34338000000000002 -0.29765999999999998 -0.24371000000000001 -0.18234 -0.12522 -0.067116999999999996 -0.015247999999999999 0.040708000000000001 0.10637000000000001 0.17806 0.25991999999999998 0.35804000000000002 0.46306999999999998 0.57301000000000002 0.67712000000000006 0.74594000000000005 0.81447000000000003 0.84114 0.81267999999999996 0.73577000000000004 0.61526000000000003
-0.46593000000000001 -0.46592 -0.46589999999999998 -0.46586 -0.46579999999999999 -0.4657 -0.46553 -0.46525 -0.46482000000000001 -0.46411999999999998 -0.46300999999999998 -0.46122999999999997 -0.45833000000000002 -0.45365 -0.44591999999999998 -0.43408999999999998 -0.41547000000000001 -0.38894000000000001 -0.35255999999999998 -0.30570000000000003 -0.25333 -0.19126000000000001 -0.13969000000000001 -0.086327000000000001 -0.039163000000000003 0.014832 0.076664999999999997 0.14504 0.22572999999999999 0.32162000000000002 0.42653000000000002 0.53498000000000001 0.63290000000000002 0.69918999999999998 0.76482000000000006 0.77929000000000004 0.74961999999999995 0.66422000000000003 0.54981999999999998
-0.46726000000000001 -0.46725 -0.46722999999999998 -0.4672 -0.46715000000000001 -0.46706999999999999 -0.46693000000000001 -0.46668999999999999 -0.46632000000000001 -0.46571000000000001 -0.46473999999999999 -0.46317999999999998 -0.46061000000000002 -0.45646999999999999 -0.44961000000000001 -0.43884000000000001 -0.42191000000000001 -0.39649000000000001 -0.36186000000000001 -0.31459999999999999 -0.26397999999999999 -0.20505999999999999 -0.15543000000000001 -0.10606 -0.061352999999999998 -0.0091958000000000005 0.048275999999999999 0.11344 0.19369 0.28817999999999999 0.39495000000000002 0.50222 0.59113000000000004 0.65739999999999998 0.71570999999999996 0.72162000000000004 0.69045999999999996 0.59796000000000005 0.48965999999999998
-0.46850000000000003 -0.46849000000000002 -0.46848000000000001 -0.46845999999999999 -0.46840999999999999 -0.46833999999999998 -0.46822999999999998 -0.46803 -0.4677 -0.46716999999999997 -0.46631 -0.46493000000000001 -0.46262999999999999 -0.45895000000000002 -0.45284999999999997 -0.44302000000000002 -0.42759999999999998 -0.40359 -0.37078 -0.32477 -0.27511000000000002 -0.21990000000000001 -0.17133999999999999 -0.12570000000000001 -0.083340999999999998 -0.033676999999999999 0.020493000000000001 0.083449999999999996 0.16385 0.25741000000000003 0.36510999999999999 0.46978999999999999 0.55256000000000005 0.61899000000000004 0.67030000000000001 0.66879999999999995 0.63478999999999997 0.53622000000000003 0.43351000000000001
-0.47038000000000002 -0.47038000000000002 -0.47036 -0.47033999999999998 -0.47031000000000001 -0.47025 -0.47015000000000001 -0.46998000000000001 -0.46969 -0.46922000000000003 -0.46845999999999999 -0.46722000000000002 -0.46517999999999998 -0.46184999999999998 -0.45637 -0.44739000000000001 -0.43328 -0.41077000000000002 -0.37974000000000002 -0.33642 -0.28687000000000001 -0.23544999999999999 -0.18733 -0.14507999999999999 -0.10414 -0.057439999999999998 -0.0058409000000000004 0.055076 0.13583999999999999 0.22882 0.33754000000000001 0.43959999999999999 0.51568999999999998 0.58094999999999997 0.62661999999999995 0.62126999999999999 0.57965 0.47843999999999998 0.38107999999999997
0.84999999999999998 0.029999999999999999
-0.58343 -0.64505000000000001 -0.71101999999999999 -0.79813999999999996 -0.88422999999999996 -0.97594999999999998 -1.0760000000000001 -1.1745000000000001 -1.2726 -1.3724000000000001 -1.4686999999999999 -1.5604 -1.6402000000000001 -1.7079 -1.76 -1.7791999999999999 -1.7630999999999999 -1.7237 -1.6635 -1.5751999999999999 -1.4767999999999999 -1.3725000000000001 -1.3300000000000001 -1.3126 -1.3176000000000001 -1.2549999999999999 -1.1259999999999999 -0.99682999999999999 -0.85545000000000004 -0.70074999999999998 -0.54654999999999998 -0.36876999999999999 -0.18210999999999999 0.012824 0.22691 0.43931999999999999 0.66007000000000005 0.87766999999999995 1.0892999999999999
-0.42285 -0.41898999999999997 -0.41388999999999998 -0.41367999999999999 -0.41274 -0.41965999999999998 -0.42771999999999999 -0.4491 -0.46639000000000003 -0.50646999999999998 -0.53844000000000003 -0.57591999999999999 -0.61617999999999995 -0.64592000000000005 -0.67096 -0.68849000000000005 -0.69421999999999995 -0.68520999999999999 -0.65859999999999996 -0.62280000000000002 -0.58016000000000001 -0.50624000000000002 -0.42914000000000002 -0.35063 -0.25652999999999998 -0.15253 -0.049188000000000003 0.053011000000000003 0.15268000000000001 0.24922 0.34143000000000001 0.46711000000000003 0.59819 0.72796000000000005 0.86973 1.0183 1.1653 1.3242 1.4893000000000001
-0.43659999999999999 -0.43170999999999998 -0.42481000000000002 -0.41493000000000002 -0.40117999999999998 -0.38153999999999999 -0.35375000000000001 -0.31161 -0.25773000000000001 -0.18622 -0.093798999999999993 0.018533000000000001 0.14873 0.29331000000000002 0.44470999999999999 0.59645999999999999 0.73714999999999997 0.86124999999999996 0.97994000000000003 1.0652999999999999 1.1509 1.2245999999999999 1.2867999999999999 1.3480000000000001 1.4089 1.4693000000000001 1.528 1.5881000000000001 1.6597 1.7293000000000001 1.7968999999999999 1.8794 1.9637 2.0459000000000001 2.1341999999999999 2.2324000000000002 2.3285 2.4228999999999998 2.5318999999999998
-0.40839999999999999 -0.40584999999999999 -0.40233000000000002 -0.39734999999999998 -0.38990000000000002 -0.37858000000000003 -0.36108000000000001 -0.33385999999999999 -0.29281000000000001 -0.23341000000000001 -0.15085999999999999 -0.043555999999999997 0.093121999999999996 0.25558999999999998 0.44361 0.65039000000000002 0.86958999999999997 1.0929 1.3185 1.5319 1.7356 1.9033 2.0680000000000001 2.1909999999999998 2.3043999999999998 2.4043999999999999 2.48 2.5535000000000001 2.6208999999999998 2.6806000000000001 2.738 2.7951000000000001 2.8553999999999999 2.9134000000000002 2.9687999999999999 3.0390000000000001 3.1076999999999999 3.1739999999999999 3.2522000000000002
-0.38474000000000003 -0.37630999999999998 -0.36775000000000002 -0.36004999999999998 -0.34954000000000002 -0.33762999999999999 -0.32247999999999999 -0.30069000000000001 -0.26855000000000001 -0.22226000000000001 -0.15698000000000001 -0.069404999999999994 0.041347000000000002 0.17912 0.33809 0.52305999999999997 0.72484999999999999 0.94416999999999995 1.1760999999999999 1.4155 1.6615 1.9066000000000001 2.1440000000000001 2.3717000000000001 2.5754999999999999 2.7635000000000001 2.9159999999999999 3.0626000000000002 3.1646999999999998 3.2639999999999998 3.3492000000000002 3.4184999999999999 3.4855999999999998 3.5493000000000001 3.6095999999999999 3.6678000000000002 3.7288000000000001 3.7955000000000001 3.8603000000000001
-0.39843000000000001 -0.38979000000000003 -0.37875999999999999 -0.36529 -0.34905000000000003 -0.32966000000000001 -0.30608000000000002 -0.27671000000000001 -0.23865 -0.18995999999999999 -0.12648999999999999 -0.044381999999999998 0.050743999999999997 0.17158000000000001 0.31620999999999999 0.48007 0.66976000000000002 0.87253000000000003 1.0947 1.3241000000000001 1.5627 1.8076000000000001 2.0543 2.3029000000000002 2.5472000000000001 2.7808000000000002 3.0036 3.2018 3.3864000000000001 3.5350000000000001 3.6798999999999999 3.7837999999999998 3.883 3.9723999999999999 4.0453999999999999 4.1158000000000001 4.1833999999999998 4.2483000000000004 4.3113999999999999
-0.38400000000000001 -0.37673000000000001 -0.36492000000000002 -0.35244999999999999 -0.33777000000000001 -0.31949 -0.29602000000000001 -0.26879999999999998 -0.23502999999999999 -0.19266 -0.13632 -0.065112000000000003 0.028815 0.14409 0.28571000000000002 0.45374999999999999 0.64470000000000005 0.86024 1.0876999999999999 1.3278000000000001 1.5716000000000001 1.8180000000000001 2.0665 2.3113999999999999 2.5619000000000001 2.8071999999999999 3.0569000000000002 3.3006000000000002 3.54 3.7642000000000002 3.9744999999999999 4.1585999999999999 4.3234000000000004 4.4653 4.5815999999999999 4.6939000000000002 4.7698 4.8446999999999996 4.9203000000000001
-0.37624000000000002 -0.36976999999999999 -0.36035 -0.34419 -0.32433000000000001 -0.30076999999999998 -0.27033000000000001 -0.23214000000000001 -0.18576000000000001 -0.13081999999999999 -0.066633999999999999 0.0099988999999999998 0.099515000000000006 0.21131 0.34118999999999999 0.50027999999999995 0.68059999999999998 0.88636000000000004 1.1163000000000001 1.3561000000000001 1.6180000000000001 1.8803000000000001 2.1473 2.4104000000000001 2.6675 2.9232999999999998 3.1718000000000002 3.4270999999999998 3.6745000000000001 3.9173 4.1470000000000002 4.3635000000000002 4.5544000000000002 4.7252999999999998 4.8745000000000003 5.0021000000000004 5.1203000000000003 5.2126000000000001 5.3037000000000001
-0.36474000000000001 -0.35750999999999999 -0.34988999999999998 -0.34027000000000002 -0.32311000000000001 -0.29942000000000002 -0.27234999999999998 -0.23449 -0.18487000000000001 -0.11866 -0.038304999999999999 0.058554000000000002 0.17102000000000001 0.30016999999999999 0.44901000000000002 0.61433000000000004 0.80403000000000002 1.0062 1.228 1.4612000000000001 1.7049000000000001 1.9611000000000001 2.2174 2.4868999999999999 2.7517999999999998 3.0179 3.2799999999999998 3.5373000000000001 3.7917999999999998 4.0378999999999996 4.2735000000000003 4.4965999999999999 4.6970999999999998 4.8841000000000001 5.0446999999999997 5.1932999999999998 5.3083 5.4219999999999997 5.5069999999999997
-0.36702000000000001 -0.35976999999999998 -0.35114000000000001 -0.33904000000000001 -0.32049 -0.29874000000000001 -0.27156000000000002 -0.23480000000000001 -0.18636 -0.12268 -0.040669999999999998 0.059637000000000003 0.18343000000000001 0.32600000000000001 0.49471999999999999 0.68198000000000003 0.88714999999999999 1.1056999999999999 1.3322000000000001 1.5706 1.8093999999999999 2.0571999999999999 2.3066 2.5617999999999999 2.8222999999999998 3.0815999999999999 3.3447 3.6011000000000002 3.8532999999999999 4.0953999999999997 4.3273999999999999 4.5445000000000002 4.7511000000000001 4.9320000000000004 5.1044 5.2432999999999996 5.3757000000000001 5.4767999999999999 5.5659000000000001
-0.36025000000000001 -0.35294999999999999 -0.34458 -0.33513999999999999 -0.32299 -0.30198000000000003 -0.27306000000000002 -0.23905000000000001 -0.19284000000000001 -0.13216 -0.050321999999999999 0.051088000000000001 0.1769 0.32538 0.49619000000000002 0.69157999999999997 0.90129999999999999 1.1325000000000001 1.3691 1.6144000000000001 1.8607 2.1065999999999998 2.3553000000000002 2.6004 2.8548 3.1057000000000001 3.359 3.6076999999999999 3.8509000000000002 4.0816999999999997 4.3036000000000003 4.5137 4.7125000000000004 4.8925999999999998 5.0587 5.1997999999999998 5.3274999999999997 5.4306999999999999 5.5274999999999999
-0.36248999999999998 -0.35497000000000001 -0.34615000000000001 -0.33577000000000001 -0.32345000000000002 -0.30820999999999998 -0.28304000000000001 -0.24665000000000001 -0.20591999999999999 -0.15132999999999999 -0.079866999999999994 0.015028 0.13149 0.27812999999999999 0.44657999999999998 0.63843000000000005 0.84870999999999996 1.0699000000000001 1.3065 1.5456000000000001 1.7955000000000001 2.0455000000000001 2.2986 2.5501999999999998 2.7986 3.0438999999999998 3.2837000000000001 3.5186000000000002 3.7458 3.9636 4.1700999999999997 4.3674999999999997 4.5492999999999997 4.7244000000000002 4.8781999999999996 5.0247999999999999 5.1459000000000001 5.2592999999999996 5.3451000000000004
-0.3574 -0.35032999999999997 -0.34189999999999998 -0.33146999999999999 -0.31899 -0.30242000000000002 -0.27778999999999998 -0.24757000000000001 -0.21060000000000001 -0.15934999999999999 -0.092699000000000004 -0.0047840000000000001 0.10539 0.23763999999999999 0.39567000000000002 0.56986999999999999 0.7702 0.98223000000000005 1.2107000000000001 1.4495 1.6932 1.9459 2.1962000000000002 2.4496000000000002 2.6981999999999999 2.9441000000000002 3.1842000000000001 3.4192999999999998 3.6432000000000002 3.8588 4.0579000000000001 4.2468000000000004 4.4226000000000001 4.5843999999999996 4.7332999999999998 4.8657000000000004 4.9881000000000002 5.0846 5.1722999999999999
-0.33956999999999998 -0.33262000000000003 -0.32469999999999999 -0.31522 -0.30365999999999999 -0.28703000000000001 -0.26378000000000001 -0.23605999999999999 -0.19996 -0.15251999999999999 -0.089871000000000006 -0.010888999999999999 0.092697000000000002 0.216 0.36621999999999999 0.53663000000000005 0.72531999999999996 0.93301999999999996 1.1472 1.3835 1.6216999999999999 1.8716999999999999 2.1232000000000002 2.3754 2.6263999999999998 2.8717999999999999 3.1143000000000001 3.3496999999999999 3.5771000000000002 3.7913000000000001 3.9925999999999999 4.1755000000000004 4.3463000000000003 4.4965000000000002 4.6338999999999997 4.7526000000000002 4.8569000000000004 4.9423000000000004 5.0170000000000003
-0.31202000000000002 -0.30558999999999997 -0.29771999999999998 -0.28836000000000001 -0.27754000000000001 -0.26451000000000002 -0.24651000000000001 -0.21890999999999999 -0.18321999999999999 -0.13950000000000001 -0.078621999999999997 -0.0021411999999999998 0.095962000000000006 0.21593000000000001 0.35620000000000002 0.52153000000000005 0.70048999999999995 0.90515999999999996 1.119 1.3463000000000001 1.5843 1.8261000000000001 2.0792000000000002 2.3288000000000002 2.5819999999999999 2.8289 3.0720000000000001 3.3073999999999999 3.536 3.7479 3.9485999999999999 4.1252000000000004 4.2868000000000004 4.4278000000000004 4.5488999999999997 4.6536 4.7396000000000003 4.8155999999999999 4.8772000000000002
-0.24948999999999999 -0.2442 -0.23802000000000001 -0.23046 -0.22087999999999999 -0.20949999999999999 -0.19156000000000001 -0.16686000000000001 -0.13556000000000001 -0.094992999999999994 -0.039737000000000001 0.033748 0.12518000000000001 0.24321999999999999 0.37830000000000003 0.54034000000000004 0.71775999999999995 0.91234000000000004 1.1228 1.3395999999999999 1.5755999999999999 1.8118000000000001 2.0598999999999998 2.3073999999999999 2.556 2.8029000000000002 3.044 3.2786 3.5026000000000002 3.7113 3.9016000000000002 4.0712999999999999 4.2220000000000004 4.3564999999999996 4.4617000000000004 4.5548999999999999 4.6280999999999999 4.6946000000000003 4.7492999999999999
-0.18387999999999999 -0.17621000000000001 -0.16753000000000001 -0.15809000000000001 -0.14731 -0.13585 -0.11838 -0.095788999999999999 -0.067603999999999997 -0.028660000000000001 0.021042000000000002 0.091533000000000003 0.17563000000000001 0.28615000000000002 0.41427000000000003 0.56503999999999999 0.73841000000000001 0.92393999999999998 1.1335999999999999 1.3469 1.5771999999999999 1.8120000000000001 2.0531000000000001 2.2989999999999999 2.5415000000000001 2.7873999999999999 3.0245000000000002 3.2545999999999999 3.4700000000000002 3.6707000000000001 3.8477999999999999 4.0102000000000002 4.1493000000000002 4.2725999999999997 4.3681000000000001 4.4509999999999996 4.5190999999999999 4.5778999999999996 4.6289999999999996
-0.067816000000000001 -0.045272 -0.022286 0.0013044 0.025744 0.052260000000000001 0.080432000000000003 0.11296 0.14799000000000001 0.19306000000000001 0.2465 0.31058000000000002 0.39140000000000003 0.47821999999999998 0.59530000000000005 0.71853999999999996 0.86748000000000003 1.0306999999999999 1.2081999999999999 1.4093 1.6134999999999999 1.8406 2.0661 2.2986 2.5306999999999999 2.7599 2.9815 3.1888000000000001 3.3738999999999999 3.5396999999999998 3.6867000000000001 3.8172000000000001 3.9365000000000001 4.0358999999999998 4.1284000000000001 4.1982999999999997 4.2633999999999999 4.3135000000000003 4.3612000000000002
-0.12134 -0.088317999999999994 -0.052429999999999997 -0.013852 0.028312 0.075162000000000007 0.12622 0.18099999999999999 0.24099999999999999 0.30453000000000002 0.37958999999999998 0.45993000000000001 0.55488999999999999 0.65880000000000005 0.77178000000000002 0.89824000000000004 1.0221 1.1718999999999999 1.3206 1.4932000000000001 1.6772 1.8734 2.0849000000000002 2.2949999999999999 2.5131999999999999 2.7218 2.9215 3.101 3.2593999999999999 3.395 3.5152000000000001 3.6246999999999998 3.7269000000000001 3.8220999999999998 3.9079999999999999 3.9855999999999998 4.0506000000000002 4.1102999999999996 4.1696999999999997
-0.31502000000000002 -0.28933999999999999 -0.25930999999999998 -0.22367000000000001 -0.18371999999999999 -0.13713 -0.084183999999999995 -0.022339000000000001 0.048454999999999998 0.12988 0.22450000000000001 0.33312000000000003 0.45573000000000002 0.59026999999999996 0.73246 0.87782000000000004 1.0299 1.1785000000000001 1.3440000000000001 1.5068999999999999 1.6822999999999999 1.8613 2.0427 2.2311000000000001 2.4129 2.593 2.7576999999999998 2.9041000000000001 3.0286 3.1355 3.2298 3.3182 3.4077000000000002 3.4948999999999999 3.5802999999999998 3.6617999999999999 3.7399 3.8205 3.9058000000000002
-0.40255999999999997 -0.39198 -0.37828000000000001 -0.35974 -0.33526 -0.30482999999999999 -0.26552999999999999 -0.21906999999999999 -0.16125 -0.093466999999999995 -0.013362000000000001 0.081324999999999995 0.19131999999999999 0.3201 0.46755999999999998 0.63270000000000004 0.81186999999999998 0.99851999999999996 1.1860999999999999 1.3761000000000001 1.5609 1.7496 1.9320999999999999 2.1124999999999998 2.2864 2.4502999999999999 2.5988000000000002 2.73 2.8388 2.9338000000000002 3.0188000000000001 3.1017999999999999 3.1837 3.2703000000000002 3.3567999999999998 3.4451000000000001 3.5352000000000001 3.6269 3.7347999999999999
-0.42082000000000003 -0.41722999999999999 -0.41182999999999997 -0.40453 -0.39372000000000001 -0.37877 -0.35741000000000001 -0.32704 -0.28655999999999998 -0.23215 -0.16489999999999999 -0.080154000000000003 0.022464999999999999 0.14460000000000001 0.28844999999999998 0.45228000000000002 0.63492999999999999 0.83157000000000003 1.0357000000000001 1.2424999999999999 1.4471000000000001 1.6447000000000001 1.8358000000000001 2.0148000000000001 2.1857000000000002 2.3403999999999998 2.4784999999999999 2.5951 2.6953999999999998 2.782 2.8624999999999998 2.9430999999999998 3.0253000000000001 3.1124000000000001 3.2031999999999998 3.2942999999999998 3.3925000000000001 3.4961000000000002 3.6103999999999998
-0.42674000000000001 -0.42504999999999998 -0.42292000000000002 -0.41996 -0.41597000000000001 -0.41008 -0.40199000000000001 -0.39066000000000001 -0.37463000000000002 -0.35158 -0.31736999999999999 -0.26776 -0.1961 -0.095130999999999993 0.039378999999999997 0.20945 0.4098 0.63241999999999998 0.86331000000000002 1.0947 1.3171999999999999 1.5264 1.7212000000000001 1.897 2.0558000000000001 2.1945000000000001 2.3140000000000001 2.4146999999999998 2.5017999999999998 2.5804999999999998 2.6606999999999998 2.7402000000000002 2.8281999999999998 2.9174000000000002 3.0082 3.1057999999999999 3.2059000000000002 3.3222 3.4459
-0.42904999999999999 -0.42774000000000001 -0.42604999999999998 -0.42370000000000002 -0.42019000000000001 -0.41565999999999997 -0.40967999999999999 -0.40189999999999998 -0.39112999999999998 -0.37624000000000002 -0.35486000000000001 -0.32390999999999998 -0.27916000000000002 -0.21454000000000001 -0.11990000000000001 0.012277 0.19048000000000001 0.41099999999999998 0.66230999999999995 0.92164000000000001 1.1777 1.4085000000000001 1.6173 1.7986 1.9533 2.0895000000000001 2.2000000000000002 2.2982 2.3835999999999999 2.4666000000000001 2.5488 2.6337999999999999 2.7174 2.8058999999999998 2.8942000000000001 2.9868999999999999 3.0926 3.2063999999999999 3.3329
-0.42792000000000002 -0.42698999999999998 -0.42542000000000002 -0.42348000000000002 -0.42065999999999998 -0.41700999999999999 -0.41206999999999999 -0.40495999999999999 -0.39545999999999998 -0.38251000000000002 -0.36516999999999999 -0.34106999999999998 -0.30667 -0.25656000000000001 -0.18410000000000001 -0.079229999999999995 0.063225000000000003 0.25407999999999997 0.48394999999999999 0.74483999999999995 1.0093000000000001 1.2694000000000001 1.4907999999999999 1.6915 1.8509 1.9890000000000001 2.1059000000000001 2.2073 2.2989999999999999 2.3887 2.4746999999999999 2.5602 2.6442999999999999 2.726 2.8134999999999999 2.9016999999999999 3.0084 3.1276999999999999 3.2465000000000002
-0.42754999999999999 -0.42649999999999999 -0.42503999999999997 -0.42313000000000001 -0.42065000000000002 -0.41699999999999998 -0.41239999999999999 -0.40590999999999999 -0.39756999999999998 -0.38600000000000001 -0.37007000000000001 -0.34770000000000001 -0.31647999999999998 -0.27223000000000003 -0.20995 -0.12060999999999999 0.0034077000000000001 0.16839999999999999 0.37770999999999999 0.61889000000000005 0.87916000000000005 1.1367 1.3754 1.5812999999999999 1.7604 1.9021999999999999 2.0289999999999999 2.1362000000000001 2.2370000000000001 2.3323999999999998 2.4226000000000001 2.5074999999999998 2.5893000000000002 2.6680999999999999 2.7494999999999998 2.8426 2.9459 3.0619999999999998 3.1695000000000002
-0.42612 -0.42470999999999998 -0.42320000000000002 -0.42115000000000002 -0.41887000000000002 -0.41560000000000002 -0.4113 -0.40543000000000001 -0.39721000000000001 -0.38611000000000001 -0.37041000000000002 -0.34916999999999998 -0.31946000000000002 -0.27789000000000003 -0.21956000000000001 -0.13911000000000001 -0.026314000000000001 0.12111 0.31213000000000002 0.53566000000000003 0.78508 1.0364 1.2831999999999999 1.4917 1.6811 1.8327 1.9666999999999999 2.0832000000000002 2.1909000000000001 2.2919999999999998 2.3831000000000002 2.4674999999999998 2.5444 2.6217000000000001 2.6951999999999998 2.7928000000000002 2.8946999999999998 2.9998999999999998 3.0954000000000002
-0.42531000000000002 -0.42323 -0.42109999999999997 -0.41848999999999997 -0.41550999999999999 -0.41192000000000001 -0.40722000000000003 -0.40157999999999999 -0.39362999999999998 -0.38329000000000002 -0.36853000000000002 -0.34787000000000001 -0.31900000000000001 -0.27890999999999999 -0.22242000000000001 -0.14555000000000001 -0.039375 0.099379999999999996 0.27538000000000001 0.48674000000000001 0.72172000000000003 0.96718000000000004 1.2073 1.4241999999999999 1.6153 1.7806999999999999 1.9198 2.0459000000000001 2.1573000000000002 2.2601 2.3517000000000001 2.4329000000000001 2.5044 2.5789 2.6537000000000002 2.7444999999999999 2.8426999999999998 2.9392999999999998 3.0251999999999999
-0.42592999999999998 -0.42320999999999998 -0.42015000000000002 -0.41676000000000002 -0.41266999999999998 -0.40831000000000001 -0.40272999999999998 -0.39643 -0.38829000000000002 -0.37776999999999999 -0.36384 -0.34448000000000001 -0.31779000000000002 -0.27959000000000001 -0.22561 -0.15054000000000001 -0.048598000000000002 0.086712999999999998 0.25344 0.45678000000000002 0.68084999999999996 0.91920000000000002 1.1519999999999999 1.3740000000000001 1.5662 1.7422 1.8851 2.0169000000000001 2.1337000000000002 2.2351000000000001 2.3228 2.3980999999999999 2.4668000000000001 2.5360999999999998 2.6122000000000001 2.6957 2.7898000000000001 2.8805999999999998 2.9592999999999998
-0.43137999999999999 -0.4294 -0.42645 -0.42241000000000001 -0.41694999999999999 -0.40971999999999997 -0.40100000000000002 -0.38994000000000001 -0.37819000000000003 -0.36364000000000002 -0.34667999999999999 -0.32558999999999999 -0.29842999999999997 -0.26262000000000002 -0.21368999999999999 -0.14560999999999999 -0.053298999999999999 0.070472000000000007 0.22719 0.41398000000000001 0.62648999999999999 0.85121999999999998 1.0762 1.2925 1.4925999999999999 1.6698 1.8280000000000001 1.9618 2.0781000000000001 2.1648999999999998 2.2393999999999998 2.3024 2.3641000000000001 2.4236 2.4969000000000001 2.5775999999999999 2.6621000000000001 2.7433999999999998 2.8064
-0.43418000000000001 -0.43332999999999999 -0.43187999999999999 -0.42978 -0.42673 -0.42214000000000002 -0.41546 -0.40572999999999998 -0.39187 -0.37385000000000002 -0.34975000000000001 -0.32213000000000003 -0.28774 -0.24646999999999999 -0.19467000000000001 -0.12851000000000001 -0.041585999999999998 0.070043999999999995 0.21573000000000001 0.39028000000000002 0.59367999999999999 0.81147999999999998 1.0345 1.246 1.4447000000000001 1.6156999999999999 1.7666999999999999 1.8933 1.9904999999999999 2.0691999999999999 2.1331000000000002 2.1911999999999998 2.2480000000000002 2.3113000000000001 2.3805999999999998 2.4615999999999998 2.5459000000000001 2.6240000000000001 2.6749999999999998
-0.43496000000000001 -0.43445 -0.43375000000000002 -0.43274000000000001 -0.43113000000000001 -0.42842000000000002 -0.42448000000000002 -0.41860999999999998 -0.40952 -0.39583000000000002 -0.37536000000000003 -0.34582000000000002 -0.30631000000000003 -0.25425999999999999 -0.19242000000000001 -0.11595 -0.023581000000000001 0.090200000000000002 0.22892999999999999 0.39667000000000002 0.58653999999999995 0.7964 1.008 1.2114 1.3951 1.5572999999999999 1.6908000000000001 1.8036000000000001 1.8848 1.9558 2.0169000000000001 2.0754000000000001 2.1318000000000001 2.1999 2.2755999999999998 2.3588 2.4428000000000001 2.5150999999999999 2.5600000000000001
-0.4355 -0.43508999999999998 -0.43453000000000003 -0.43374000000000001 -0.43262 -0.43102000000000001 -0.42843999999999999 -0.42459000000000002 -0.41864000000000001 -0.40937000000000001 -0.39506000000000002 -0.37245 -0.33850999999999998 -0.28847 -0.21951000000000001 -0.13173000000000001 -0.024382000000000001 0.099821999999999994 0.24421000000000001 0.41010000000000002 0.59370000000000001 0.79098999999999997 0.98772000000000004 1.1754 1.3411999999999999 1.4864999999999999 1.6032999999999999 1.6984999999999999 1.7735000000000001 1.8404 1.9021999999999999 1.9635 2.0265 2.0950000000000002 2.1804999999999999 2.2707000000000002 2.3555000000000001 2.4201000000000001 2.4578000000000002
-0.43618000000000001 -0.43583 -0.43532999999999999 -0.43464999999999998 -0.43371999999999999 -0.43242000000000003 -0.43056 -0.42775000000000002 -0.42342000000000002 -0.41665999999999997 -0.40605000000000002 -0.38940000000000002 -0.36303999999999997 -0.32208999999999999 -0.25951000000000002 -0.17147999999999999 -0.054450999999999999 0.083017999999999995 0.24031 0.41083999999999998 0.59304999999999997 0.78000000000000003 0.96128000000000002 1.1302000000000001 1.2790999999999999 1.4067000000000001 1.5132000000000001 1.5960000000000001 1.6664000000000001 1.7323 1.7956000000000001 1.8601000000000001 1.929 2.0041000000000002 2.0964999999999998 2.1905999999999999 2.2738999999999998 2.3353999999999999 2.3658000000000001
-0.43675000000000003 -0.43647000000000002 -0.43606 -0.43547000000000002 -0.43464000000000003 -0.43348999999999999 -0.43187999999999999 -0.42951 -0.42604999999999998 -0.42070000000000002 -0.4123 -0.39905000000000002 -0.37801000000000001 -0.34464 -0.29232999999999998 -0.21282999999999999 -0.1011 0.043261000000000001 0.20849000000000001 0.38985999999999998 0.57152000000000003 0.75302999999999998 0.92073000000000005 1.0746 1.2119 1.3264 1.4260999999999999 1.5002 1.5681 1.6332 1.6990000000000001 1.7665999999999999 1.8413999999999999 1.9265000000000001 2.0232999999999999 2.1185999999999998 2.1998000000000002 2.2587999999999999 2.2831000000000001
-0.43723000000000001 -0.43701000000000001 -0.43667 -0.43618000000000001 -0.43547000000000002 -0.43443999999999999 -0.433 -0.43092999999999998 -0.4279 -0.42331000000000002 -0.41619 -0.40500999999999998 -0.38724999999999998 -0.35910999999999998 -0.31479000000000001 -0.24567 -0.14451 -0.0047606999999999997 0.16109000000000001 0.34826000000000001 0.53152999999999995 0.70884000000000003 0.86863000000000001 1.0119 1.1404000000000001 1.2468999999999999 1.3404 1.4127000000000001 1.4801 1.5435000000000001 1.6126 1.6850000000000001 1.7675000000000001 1.8600000000000001 1.9581999999999999 2.0535000000000001 2.1328999999999998 2.1875 2.2119
-0.43763000000000002 -0.43742999999999999 -0.43714999999999998 -0.43673000000000001 -0.43613000000000002 -0.43525000000000003 -0.43398999999999999 -0.43214999999999998 -0.42945 -0.42541000000000001 -0.41913 -0.40943000000000002 -0.39401000000000003 -0.36942000000000003 -0.33062000000000002 -0.27017999999999998 -0.17960999999999999 -0.051507999999999998 0.10997999999999999 0.29437000000000002 0.48259999999999997 0.65480000000000005 0.81113000000000002 0.94628000000000001 1.0678000000000001 1.1716 1.2604 1.3337000000000001 1.4003000000000001 1.4625999999999999 1.5351999999999999 1.6131 1.6996 1.7977000000000001 1.8989 1.9956 2.0720999999999998 2.1217999999999999 2.1518000000000002
-0.43833 -0.43819000000000002 -0.43797999999999998 -0.43767 -0.43720999999999999 -0.43653999999999998 -0.43554999999999999 -0.43408999999999998 -0.43187999999999999 -0.42853000000000002 -0.42342000000000002 -0.41552 -0.4032 -0.38353999999999999 -0.35256999999999999 -0.30402000000000001 -0.23022999999999999 -0.12427000000000001 0.018738000000000001 0.18595 0.37058999999999997 0.53490000000000004 0.68922000000000005 0.81891000000000003 0.93293000000000004 1.0349999999999999 1.119 1.1952 1.2597 1.3274999999999999 1.4023000000000001 1.4905999999999999 1.5865 1.6910000000000001 1.796 1.8898999999999999 1.9641 2.0070999999999999 2.0379999999999998
-0.43887999999999999 -0.43876999999999999 -0.43861 -0.43835000000000002 -0.43796000000000002 -0.43740000000000001 -0.43657000000000001 -0.43536999999999998 -0.43358999999999998 -0.43086999999999998 -0.42670999999999998 -0.42018 -0.40995999999999999 -0.39366000000000001 -0.36773 -0.32716000000000001 -0.26484000000000002 -0.17480999999999999 -0.051614 0.098494999999999999 0.26404 0.42712 0.57335999999999998 0.70648999999999995 0.81445000000000001 0.91341000000000006 0.99753999999999998 1.0731999999999999 1.141 1.2154 1.2945 1.3878999999999999 1.4911000000000001 1.5996999999999999 1.7061999999999999 1.7988999999999999 1.8711 1.9176 1.9331
-0.43933 -0.43924999999999997 -0.43912000000000001 -0.43892999999999999 -0.43863000000000002 -0.43817 -0.43748999999999999 -0.43647000000000002 -0.43496000000000001 -0.43267 -0.42917 -0.42368 -0.41499999999999998 -0.40123999999999999 -0.37916 -0.34471000000000002 -0.29146 -0.21362 -0.10681 0.028559999999999999 0.17791000000000001 0.33632000000000001 0.47310999999999998 0.60206000000000004 0.70936999999999995 0.80552000000000001 0.89107000000000003 0.96682999999999997 1.0392999999999999 1.1168 1.2022999999999999 1.2976000000000001 1.4083000000000001 1.5206999999999999 1.6301000000000001 1.7202 1.7903 1.8351999999999999 1.8379000000000001
-0.43967000000000001 -0.43959999999999999 -0.43948999999999999 -0.43931999999999999 -0.43908000000000003 -0.43869000000000002 -0.43813000000000002 -0.43728 -0.43601000000000001 -0.43407000000000001 -0.43106 -0.4264 -0.41894999999999999 -0.40722000000000003 -0.38830999999999999 -0.35858000000000001 -0.31269000000000002 -0.24457000000000001 -0.15090000000000001 -0.028825 0.10672 0.25209999999999999 0.38643 0.50904000000000005 0.61770000000000003 0.71081000000000005 0.79712000000000005 0.87402000000000002 0.95089000000000001 1.0297000000000001 1.1217999999999999 1.2233000000000001 1.3357000000000001 1.4517 1.5603 1.6508 1.7170000000000001 1.7586999999999999 1.7476
-0.44039 -0.44030000000000002 -0.44018000000000002 -0.44001000000000001 -0.43976999999999999 -0.43939 -0.43891999999999998 -0.43820999999999999 -0.43714999999999998 -0.43547000000000002 -0.43285000000000001 -0.42881999999999998 -0.42237999999999998 -0.41221000000000002 -0.39593 -0.37007000000000001 -0.33030999999999999 -0.27043 -0.18775 -0.079362000000000002 0.046595999999999999 0.1802 0.31212000000000001 0.42832999999999999 0.53754999999999997 0.62768999999999997 0.71338999999999997 0.79251000000000005 0.872 0.95228999999999997 1.0507 1.1574 1.2730999999999999 1.3914 1.4987999999999999 1.5886 1.651 1.6907000000000001 1.659
-0.44108000000000003 -0.44096999999999997 -0.44083 -0.44063000000000002 -0.44034000000000001 -0.43991999999999998 -0.43945000000000001 -0.43883 -0.43789 -0.43641999999999997 -0.43412000000000001 -0.43056 -0.42496 -0.41602 -0.40182000000000001 -0.37906000000000001 -0.34421000000000002 -0.29157 -0.21768000000000001 -0.12078999999999999 -0.0037900999999999998 0.11966 0.24822 0.35855999999999999 0.46428000000000003 0.55520000000000003 0.64036999999999999 0.72128000000000003 0.80286999999999997 0.88878000000000001 0.98836999999999997 1.1003000000000001 1.2194 1.3375999999999999 1.4440999999999999 1.5308999999999999 1.5931 1.6214 1.5777000000000001
-0.44173000000000001 -0.44161 -0.44145000000000001 -0.44122 -0.44086999999999998 -0.44040000000000001 -0.43985000000000002 -0.43924999999999997 -0.43834000000000001 -0.43697000000000003 -0.43485000000000001 -0.43163000000000001 -0.42662 -0.41864000000000001 -0.40610000000000002 -0.38602999999999998 -0.35515999999999998 -0.30865999999999999 -0.24221999999999999 -0.15492 -0.046184999999999997 0.068505999999999997 0.18933 0.29854000000000003 0.40064 0.49254999999999999 0.57691000000000003 0.65898000000000001 0.74114999999999998 0.83135000000000003 0.93332999999999999 1.0509999999999999 1.1717 1.2890999999999999 1.3947000000000001 1.4782999999999999 1.5386 1.5569 1.5055000000000001
-0.44235000000000002 -0.44223000000000001 -0.44207000000000002 -0.44183 -0.44141999999999998 -0.44091999999999998 -0.44026999999999999 -0.43962000000000001 -0.43863000000000002 -0.43720999999999999 -0.43514000000000003 -0.43207000000000001 -0.42748999999999998 -0.42024 -0.40900999999999998 -0.39118000000000003 -0.36349999999999999 -0.32203999999999999 -0.26193 -0.18271999999999999 -0.082821000000000006 0.025597000000000002 0.13894000000000001 0.24684 0.34544000000000002 0.43858000000000003 0.52180000000000004 0.60446 0.68686999999999998 0.78139000000000003 0.88749 1.0083 1.1285000000000001 1.2445999999999999 1.3498000000000001 1.4293 1.4872000000000001 1.4967999999999999 1.4373
-0.44346999999999998 -0.44335999999999998 -0.44319999999999998 -0.44296999999999997 -0.44261 -0.44212000000000001 -0.44145000000000001 -0.44062000000000001 -0.43945000000000001 -0.43774999999999997 -0.43552999999999997 -0.43230000000000002 -0.42792999999999998 -0.42143000000000003 -0.41166999999999998 -0.39682000000000001 -0.37379000000000001 -0.33978999999999998 -0.29013 -0.22289999999999999 -0.13825000000000001 -0.039473000000000001 0.061494 0.16653999999999999 0.25862000000000002 0.34932000000000002 0.43251000000000001 0.51475000000000004 0.59669000000000005 0.70032000000000005 0.81406999999999996 0.93593999999999999 1.0531999999999999 1.1652 1.2663 1.3433999999999999 1.3925000000000001 1.3794 1.3143
-0.44449 -0.44439000000000001 -0.44424000000000002 -0.44403999999999999 -0.44375999999999999 -0.44334000000000001 -0.44274000000000002 -0.44185000000000002 -0.44058999999999998 -0.43874000000000002 -0.43620999999999999 -0.43268000000000001 -0.42775999999999997 -0.42114000000000001 -0.41143000000000002 -0.39802999999999999 -0.37775999999999998 -0.34827999999999998 -0.30587999999999999 -0.247 -0.17322000000000001 -0.083074999999999996 0.0085053000000000004 0.10468 0.19581000000000001 0.28221000000000002 0.36470000000000002 0.44468000000000002 0.53117999999999999 0.63773999999999997 0.75577000000000005 0.87524999999999997 0.98868 1.0975999999999999 1.1924999999999999 1.2649999999999999 1.3026 1.2730999999999999 1.2031000000000001
-0.44541999999999998 -0.44533 -0.44520999999999999 -0.44502999999999998 -0.44478000000000001 -0.44441999999999998 -0.44391000000000003 -0.44313999999999998 -0.44196000000000002 -0.44019000000000003 -0.43754999999999999 -0.43386999999999998 -0.42838999999999999 -0.42133999999999999 -0.41114000000000001 -0.39746999999999999 -0.37827 -0.35091 -0.31307000000000001 -0.26007000000000002 -0.19388 -0.11348999999999999 -0.026806 0.061450999999999999 0.15023 0.22991 0.30864999999999998 0.38872000000000001 0.48147000000000001 0.58855000000000002 0.70630999999999999 0.82177999999999995 0.93313000000000001 1.0387999999999999 1.1263000000000001 1.1947000000000001 1.2211000000000001 1.1814 1.0971
-0.4471 -0.44703999999999999 -0.44695000000000001 -0.44680999999999998 -0.4466 -0.44629999999999997 -0.44585999999999998 -0.44520999999999999 -0.44420999999999999 -0.44268000000000002 -0.44024999999999997 -0.43669000000000002 -0.43131000000000003 -0.42364000000000002 -0.41299000000000002 -0.39793000000000001 -0.37863999999999998 -0.35142000000000001 -0.31635000000000002 -0.26857999999999999 -0.2077 -0.13619000000000001 -0.054912000000000002 0.024284 0.10585 0.17982999999999999 0.25517000000000001 0.33354 0.42491000000000001 0.52973999999999999 0.64944999999999997 0.76178999999999997 0.87007999999999996 0.96914999999999996 1.0511999999999999 1.1151 1.1240000000000001 1.0772999999999999 0.97662000000000004
-0.4486 -0.44855 -0.44849 -0.44838 -0.44822000000000001 -0.44796999999999998 -0.4476 -0.44705 -0.44621 -0.44491999999999998 -0.44286999999999999 -0.43966 -0.43474000000000002 -0.42714000000000002 -0.41652 -0.40072999999999998 -0.38055 -0.35299000000000003 -0.31751000000000001 -0.27239999999999998 -0.21414 -0.14901 -0.074175000000000005 -0.0015023 0.071411000000000002 0.13997000000000001 0.21254000000000001 0.29000999999999999 0.38033 0.48515000000000003 0.59728000000000003 0.70828000000000002 0.81477999999999995 0.90886 0.98450000000000004 1.0388999999999999 1.0316000000000001 0.98146999999999995 0.86853999999999998
-0.44994000000000001 -0.44990999999999998 -0.44985999999999998 -0.44978000000000001 -0.44966 -0.44946000000000003 -0.44914999999999999 -0.44868999999999998 -0.44797999999999999 -0.44688 -0.44514999999999999 -0.44236999999999999 -0.43803999999999998 -0.43108999999999997 -0.42091000000000001 -0.40572999999999998 -0.38456000000000001 -0.35675000000000001 -0.31942999999999999 -0.27567999999999998 -0.21928 -0.15745000000000001 -0.089417999999999997 -0.022200000000000001 0.042731999999999999 0.10523 0.17630000000000001 0.25280000000000002 0.33905000000000002 0.44255 0.55010000000000003 0.66042999999999996 0.76502000000000003 0.85102999999999995 0.92367999999999995 0.96911999999999998 0.95074000000000003 0.89227999999999996 0.77066000000000001
-0.45115 -0.45112999999999998 -0.4511 -0.45104 -0.45094000000000001 -0.45079000000000002 -0.45054 -0.45014999999999999 -0.44955000000000001 -0.4486 -0.44713000000000003 -0.44474999999999998 -0.44097999999999998 -0.43489 -0.42541000000000001 -0.41125 -0.39005000000000001 -0.36248999999999998 -0.32425999999999999 -0.28027000000000002 -0.22567999999999999 -0.16477 -0.10303 -0.040806000000000002 0.016115999999999998 0.074552999999999994 0.14326 0.21762999999999999 0.30102000000000001 0.40181 0.50707999999999998 0.61773999999999996 0.72101999999999999 0.79632999999999998 0.86743999999999999 0.90342 0.87780999999999998 0.80806 0.68264999999999998
-0.45269999999999999 -0.45268000000000003 -0.45266000000000001 -0.45261000000000001 -0.45252999999999999 -0.45240999999999998 -0.45219999999999999 -0.45188 -0.45135999999999998 -0.45055000000000001 -0.44929000000000002 -0.44724000000000003 -0.44392999999999999 -0.43862000000000001 -0.43001 -0.41704000000000002 -0.39678000000000002 -0.36973 -0.33235999999999999 -0.2868 -0.23374 -0.17271 -0.11697 -0.059837000000000001 -0.0085550000000000001 0.047378999999999998 0.11242000000000001 0.18354000000000001 0.26529999999999998 0.36309999999999998 0.46765000000000001 0.57638 0.67788000000000004 0.74577000000000004 0.81574000000000002 0.83967999999999998 0.81052000000000002 0.73041 0.61065999999999998
-0.45412000000000002 -0.45411000000000001 -0.45408999999999999 -0.45406000000000002 -0.45400000000000001 -0.45389000000000002 -0.45373000000000002 -0.45345000000000002 -0.45301000000000002 -0.45232 -0.45121 -0.44944000000000001 -0.44652999999999998 -0.44186999999999999 -0.43413000000000002 -0.42235 -0.40386 -0.37735000000000002 -0.34139999999999998 -0.29468 -0.24321999999999999 -0.18231 -0.13136999999999999 -0.079025999999999999 -0.032419000000000003 0.021597999999999999 0.082871 0.15057000000000001 0.23132 0.32688 0.43131000000000003 0.53859000000000001 0.63378999999999996 0.69998000000000005 0.76536000000000004 0.77781 0.74702000000000002 0.65883000000000003 0.54535
-0.45545000000000002 -0.45544000000000001 -0.45543 -0.45540000000000003 -0.45534999999999998 -0.45526 -0.45512000000000002 -0.45489000000000002 -0.45451000000000003 -0.45390999999999998 -0.45294000000000001 -0.45138 -0.44880999999999999 -0.44468999999999997 -0.43785000000000002 -0.42708000000000002 -0.41023999999999999 -0.38484000000000002 -0.35055999999999998 -0.30342999999999998 -0.25369000000000003 -0.19617000000000001 -0.14696000000000001 -0.098605999999999999 -0.054415999999999999 -0.0023812 0.054593000000000003 0.11905 0.19949 0.29364000000000001 0.40017999999999998 0.50588999999999995 0.59209000000000001 0.65837999999999997 0.71640000000000004 0.72011000000000003 0.68774000000000002 0.59250000000000003 0.48502000000000001
-0.45668999999999998 -0.45668999999999998 -0.45667000000000002 -0.45665 -0.45661000000000002 -0.45654 -0.45641999999999999 -0.45622000000000001 -0.45590000000000003 -0.45537 -0.45451000000000003 -0.45312999999999998 -0.45084000000000002 -0.44716 -0.44108000000000003 -0.43125000000000002 -0.41589999999999999 -0.39190000000000003 -0.35937000000000002 -0.31405 -0.26462999999999998 -0.21084 -0.16269 -0.11808 -0.076214000000000004 -0.026678 0.027043000000000001 0.089208999999999997 0.16986000000000001 0.26306000000000002 0.37058000000000002 0.47366999999999998 0.55366000000000004 0.62021999999999999 0.67088999999999999 0.66822999999999999 0.63097000000000003 0.53068000000000004 0.42881000000000002
-0.45857999999999999 -0.45856999999999998 -0.45856000000000002 -0.45854 -0.45850999999999997 -0.45845000000000002 -0.45834000000000003 -0.45817000000000002 -0.45789000000000002 -0.45741999999999999 -0.45665 -0.45541999999999999 -0.45339000000000002 -0.45006000000000002 -0.4446 -0.43561 -0.42155999999999999 -0.39909 -0.36824000000000001 -0.32552999999999999 -0.27621000000000001 -0.22619 -0.17846000000000001 -0.13729 -0.096631999999999996 -0.050341999999999998 0.00076351999999999995 0.061309000000000002 0.14204 0.23468 0.34323999999999999 0.44366 0.51690999999999998 0.58228000000000002 0.62724000000000002 0.62058999999999997 0.57577 0.47282999999999997 0.37641999999999998
0.90000000000000002 0.029999999999999999
-0.56537000000000004 -0.62695000000000001 -0.69555 -0.78261999999999998 -0.86863000000000001 -0.96192999999999995 -1.0620000000000001 -1.1603000000000001 -1.2591000000000001 -1.3591 -1.4558 -1.5477000000000001 -1.6294999999999999 -1.7005999999999999 -1.7579 -1.7831999999999999 -1.7770999999999999 -1.7472000000000001 -1.6927000000000001 -1.6093 -1.5147999999999999 -1.4137 -1.3654999999999999 -1.3303 -1.3097000000000001 -1.2239 -1.0956999999999999 -0.96730000000000005 -0.82540000000000002 -0.67213999999999996 -0.51937 -0.34192 -0.15715000000000001 0.036677000000000001 0.24906 0.46006999999999998 0.67976999999999999 0.89641000000000004 1.1074999999999999
-0.39815 -0.39456999999999998 -0.39004 -0.38956000000000002 -0.38978000000000002 -0.3962 -0.40629999999999999 -0.42702000000000001 -0.44689000000000001 -0.48626999999999998 -0.51741000000000004 -0.55674999999999997 -0.59614999999999996 -0.62497000000000003 -0.65022999999999997 -0.66693000000000002 -0.67191999999999996 -0.66166999999999998 -0.63549 -0.60045000000000004 -0.55635999999999997 -0.48503000000000002 -0.41056999999999999 -0.33465 -0.24067 -0.13922999999999999 -0.038439000000000001 0.063246999999999998 0.16769000000000001 0.26952999999999999 0.36802000000000001 0.49713000000000002 0.62729999999999997 0.75616000000000005 0.89837999999999996 1.0456000000000001 1.1914 1.3501000000000001 1.5137
-0.41283999999999998 -0.40755000000000002 -0.40029999999999999 -0.39008999999999999 -0.37590000000000001 -0.35565000000000002 -0.32699 -0.28327999999999998 -0.22886000000000001 -0.15493000000000001 -0.060729999999999999 0.053599000000000001 0.18481 0.33141999999999999 0.48180000000000001 0.63471999999999995 0.77180000000000004 0.89627999999999997 1.0107999999999999 1.0961000000000001 1.1815 1.2526999999999999 1.3146 1.3754 1.4360999999999999 1.496 1.5542 1.6153999999999999 1.6863999999999999 1.7554000000000001 1.8225 1.9065000000000001 1.9903 2.0718999999999999 2.1616 2.2593000000000001 2.3548 2.4502999999999999 2.5589
-0.39066000000000001 -0.38796000000000003 -0.38419999999999999 -0.37875999999999999 -0.37070999999999998 -0.35832000000000003 -0.33943000000000001 -0.31045 -0.26712000000000002 -0.20537 -0.12 -0.0098291000000000003 0.12952 0.29471000000000003 0.48459999999999998 0.69294999999999995 0.91274999999999995 1.1362000000000001 1.3619000000000001 1.5731999999999999 1.7735000000000001 1.9403999999999999 2.1048 2.2227999999999999 2.3357999999999999 2.4321000000000002 2.5072000000000001 2.5802999999999998 2.6461999999999999 2.7052999999999998 2.7621000000000002 2.8195000000000001 2.8793000000000002 2.9367999999999999 2.9925000000000002 3.0632999999999999 3.1316999999999999 3.1977000000000002 3.278
-0.36709999999999998 -0.35864000000000001 -0.35052 -0.34244999999999998 -0.33213999999999999 -0.32003999999999999 -0.30473 -0.28245999999999999 -0.24969 -0.20230000000000001 -0.13594000000000001 -0.046536000000000001 0.065752000000000005 0.20638999999999999 0.36860999999999999 0.55628999999999995 0.76173999999999997 0.98304999999999998 1.2176 1.4578 1.7047000000000001 1.9494 2.1865000000000001 2.4114 2.6150000000000002 2.7984 2.9506999999999999 3.0926999999999998 3.1945000000000001 3.2936000000000001 3.3759999999999999 3.4449999999999998 3.5118 3.5749 3.6347999999999998 3.6926999999999999 3.7547000000000001 3.8212999999999999 3.8858999999999999
-0.38068999999999997 -0.37201000000000001 -0.36088999999999999 -0.34737000000000001 -0.33110000000000001 -0.31169999999999998 -0.28797 -0.25845000000000001 -0.21995999999999999 -0.17088999999999999 -0.10653 -0.024375999999999998 0.071942999999999993 0.19319 0.33926000000000001 0.50341999999999998 0.69549000000000005 0.90068000000000004 1.1247 1.3573 1.5981000000000001 1.8461000000000001 2.0943999999999998 2.3445999999999998 2.5889000000000002 2.8227000000000002 3.0432999999999999 3.2414000000000001 3.4218999999999999 3.5703999999999998 3.7128999999999999 3.8148 3.9138000000000002 4.0007000000000001 4.0734000000000004 4.1436000000000002 4.2108999999999996 4.2756999999999996 4.3387000000000002
-0.36786999999999997 -0.36010999999999999 -0.34760999999999997 -0.33522999999999997 -0.32033 -0.30165999999999998 -0.27801999999999999 -0.25065999999999999 -0.21654999999999999 -0.17394999999999999 -0.11695999999999999 -0.044864000000000001 0.049526000000000001 0.16597000000000001 0.30806 0.47749999999999998 0.66890000000000005 0.88573000000000002 1.1142000000000001 1.3544 1.5992999999999999 1.8458000000000001 2.0958000000000001 2.3412999999999999 2.5943999999999998 2.8424999999999998 3.0939999999999999 3.3399999999999999 3.5807000000000002 3.8043 4.0149999999999997 4.1959 4.3606999999999996 4.4988000000000001 4.6150000000000002 4.7239000000000004 4.7996999999999996 4.8746999999999998 4.9508999999999999
-0.36498000000000003 -0.35844999999999999 -0.34869 -0.33189999999999997 -0.31157000000000001 -0.2873 -0.25590000000000002 -0.21673000000000001 -0.16941999999999999 -0.11362 -0.048732999999999999 0.028714 0.11887 0.23172999999999999 0.36342999999999998 0.52273000000000003 0.70521 0.91132999999999997 1.1431 1.3843000000000001 1.6465000000000001 1.9097999999999999 2.1766000000000001 2.4401000000000002 2.6970000000000001 2.9539 3.2040999999999999 3.4601999999999999 3.7090999999999998 3.9529000000000001 4.1828000000000003 4.4002999999999997 4.5888999999999998 4.7606000000000002 4.9067999999999996 5.0347 5.1501999999999999 5.2426000000000004 5.3338999999999999
-0.35371999999999998 -0.34654000000000001 -0.33907999999999999 -0.32940000000000003 -0.31197999999999998 -0.28817999999999999 -0.26101999999999997 -0.22287999999999999 -0.17324999999999999 -0.10687000000000001 -0.026578000000000001 0.070308999999999996 0.18346000000000001 0.31389 0.46483000000000002 0.63227 0.82401999999999997 1.0286999999999999 1.2511000000000001 1.4864999999999999 1.7303999999999999 1.9883 2.2458999999999998 2.5154000000000001 2.7812000000000001 3.0468999999999999 3.3094999999999999 3.5665 3.8210000000000002 4.0663999999999998 4.3015999999999996 4.5228999999999999 4.7236000000000002 4.9082999999999997 5.0694999999999997 5.2152000000000003 5.3308999999999997 5.4433999999999996 5.5279999999999996
-0.35596 -0.34877000000000002 -0.3402 -0.32801999999999998 -0.30919000000000002 -0.28759000000000001 -0.26033000000000001 -0.22353000000000001 -0.17496999999999999 -0.11151 -0.029704000000000001 0.069653999999999994 0.19264000000000001 0.33439999999999998 0.50239999999999996 0.69045000000000001 0.89676999999999996 1.1178999999999999 1.3464 1.5872999999999999 1.8285 2.0771999999999999 2.3287 2.5842000000000001 2.8460999999999999 3.1051000000000002 3.3681999999999999 3.6236999999999999 3.8738999999999999 4.1138000000000003 4.3430999999999997 4.5570000000000004 4.7611999999999997 4.9394999999999998 5.1117999999999997 5.2488999999999999 5.3829000000000002 5.4817 5.5720999999999998
-0.34927999999999998 -0.34206999999999999 -0.33376 -0.32444000000000001 -0.31219999999999998 -0.29094999999999999 -0.26195000000000002 -0.22789000000000001 -0.18151 -0.12081 -0.038948000000000003 0.062330999999999998 0.18734000000000001 0.33524999999999999 0.50483999999999996 0.69984000000000002 0.90937999999999997 1.1400999999999999 1.3773 1.6231 1.8708 2.1177999999999999 2.3681000000000001 2.6152000000000002 2.8698000000000001 3.1213000000000002 3.3736000000000002 3.6208999999999998 3.8616000000000001 4.0888999999999998 4.3070000000000004 4.5126999999999997 4.7061000000000002 4.8837000000000002 5.0457999999999998 5.1878000000000002 5.3140999999999998 5.4196 5.5164999999999997
-0.35152 -0.34406999999999999 -0.33538000000000001 -0.32511000000000001 -0.31295000000000001 -0.29770000000000002 -0.27227000000000001 -0.23571 -0.19491 -0.14008999999999999 -0.068606 0.026627999999999999 0.14351 0.28997000000000001 0.45871000000000001 0.65015999999999996 0.86065999999999998 1.0811999999999999 1.3180000000000001 1.5569999999999999 1.8058000000000001 2.0552000000000001 2.3069000000000002 2.5577000000000001 2.8048999999999999 3.0493000000000001 3.2877999999999998 3.5206 3.7446000000000002 3.9586000000000001 4.1597 4.3513000000000002 4.5270999999999999 4.6954000000000002 4.8463000000000003 4.9886999999999997 5.1105 5.2232000000000003 5.3117000000000001
-0.34648000000000001 -0.33946999999999999 -0.33117000000000002 -0.32090000000000002 -0.30863000000000002 -0.29216999999999999 -0.26737 -0.23738999999999999 -0.20029 -0.14895 -0.081910999999999998 0.0061244000000000003 0.11675000000000001 0.249 0.40753 0.58238000000000001 0.78242 0.99512999999999996 1.2231000000000001 1.4623999999999999 1.7055 1.958 2.2077 2.4594999999999998 2.7067000000000001 2.9504999999999999 3.1879 3.4199000000000002 3.6391 3.8487 4.0414000000000003 4.2222 4.3899999999999997 4.5438000000000001 4.6862000000000004 4.8144 4.9351000000000003 5.0319000000000003 5.1228999999999996
-0.32876 -0.32192999999999999 -0.31408999999999998 -0.30476999999999999 -0.29338999999999998 -0.27684999999999998 -0.25373000000000001 -0.22628000000000001 -0.19033 -0.1431 -0.080374000000000001 -0.0014982999999999999 0.10249 0.22638 0.37652000000000002 0.54747999999999997 0.73575000000000002 0.94389000000000001 1.1586000000000001 1.3944000000000001 1.633 1.8822000000000001 2.1334 2.3843000000000001 2.6339000000000001 2.8774000000000002 3.1166999999999998 3.3479000000000001 3.5697999999999999 3.7764000000000002 3.9691000000000001 4.1412000000000004 4.3006000000000002 4.4414999999999996 4.5698999999999996 4.6848000000000001 4.7868000000000004 4.8754 4.9537000000000004
-0.30157 -0.29516999999999999 -0.28742000000000001 -0.27821000000000001 -0.26756999999999997 -0.25483 -0.23694000000000001 -0.20934 -0.17408000000000001 -0.1305 -0.070010000000000003 0.0065078000000000002 0.10428999999999999 0.22445000000000001 0.36424000000000001 0.52976999999999996 0.70903000000000005 0.91291999999999995 1.1269 1.3532999999999999 1.5913999999999999 1.8323 2.0853000000000002 2.3342999999999998 2.5857000000000001 2.8304999999999998 3.0701999999999998 3.3003999999999998 3.5224000000000002 3.7246000000000001 3.9137 4.0781999999999998 4.2267999999999999 4.3569000000000004 4.4698000000000002 4.5708000000000002 4.6573000000000002 4.7374999999999998 4.8051000000000004
-0.23962 -0.23436000000000001 -0.22822000000000001 -0.22087000000000001 -0.21142 -0.20030000000000001 -0.18235000000000001 -0.15770000000000001 -0.12690000000000001 -0.086518999999999999 -0.031947000000000003 0.041430000000000002 0.1321 0.25013999999999997 0.38518000000000002 0.54615999999999998 0.72323000000000004 0.91630999999999996 1.1265000000000001 1.3416999999999999 1.5774999999999999 1.8134999999999999 2.0602999999999998 2.3071999999999999 2.5541 2.7988 3.0365000000000002 3.2646999999999999 3.4802 3.6779999999999999 3.855 4.0114999999999998 4.1489000000000003 4.2718999999999996 4.3708 4.4607000000000001 4.5373000000000001 4.6083999999999996 4.6708999999999996
-0.1744 -0.16682 -0.15820999999999999 -0.14896999999999999 -0.13833000000000001 -0.12687000000000001 -0.10958 -0.087009000000000003 -0.059291000000000003 -0.020483999999999999 0.028428999999999999 0.098586999999999994 0.18243000000000001 0.29170000000000001 0.41964000000000001 0.56886000000000003 0.74189000000000005 0.92539000000000005 1.1342000000000001 1.3465 1.5747 1.8086 2.048 2.2928000000000002 2.5337999999999998 2.7768999999999999 3.0103 3.234 3.4401000000000002 3.6291000000000002 3.7921999999999998 3.9399999999999999 4.0664999999999996 4.1784999999999997 4.2701000000000002 4.3516000000000004 4.4233000000000002 4.4873000000000003 4.5457999999999998
-0.058458999999999997 -0.036084999999999999 -0.013313999999999999 0.010147 0.034221000000000001 0.060636000000000002 0.088595999999999994 0.12091 0.15598999999999999 0.20047999999999999 0.25387999999999999 0.31701000000000001 0.39750000000000002 0.48370000000000002 0.59896000000000005 0.72141999999999995 0.86733000000000005 1.0291999999999999 1.2032 1.4026000000000001 1.6046 1.8282 2.0512000000000001 2.2806999999999999 2.5106000000000002 2.7370999999999999 2.9552 3.1577999999999999 3.335 3.4906000000000001 3.6248999999999998 3.7427999999999999 3.8502999999999998 3.9422000000000001 4.0285000000000002 4.0987 4.1642000000000001 4.2183000000000002 4.2723000000000004
-0.11108 -0.078219999999999998 -0.042485000000000002 -0.0041203000000000004 0.037862 0.084360000000000004 0.13507 0.18934999999999999 0.24901000000000001 0.31185000000000002 0.38653999999999999 0.46661999999999998 0.56025999999999998 0.66369 0.77464 0.90002000000000004 1.0223 1.169 1.3160000000000001 1.4843999999999999 1.6664000000000001 1.8583000000000001 2.0672999999999999 2.2740999999999998 2.4891000000000001 2.6951999999999998 2.8929 3.0691000000000002 3.2237 3.3512 3.4624000000000001 3.5611999999999999 3.653 3.7400000000000002 3.8195000000000001 3.8936000000000002 3.9582999999999999 4.0205000000000002 4.0900999999999996
-0.30363000000000001 -0.27792 -0.24798000000000001 -0.21231 -0.17249 -0.12605 -0.073228000000000001 -0.011828999999999999 0.058649 0.13941999999999999 0.23327999999999999 0.34081 0.46214 0.59502999999999995 0.73555999999999999 0.87875999999999999 1.0289999999999999 1.1761999999999999 1.3388 1.5003 1.6727000000000001 1.8500000000000001 2.0278999999999998 2.2143999999999999 2.3938000000000001 2.5727000000000002 2.7360000000000002 2.8818000000000001 3.0036999999999998 3.1072000000000002 3.1945999999999999 3.2753999999999999 3.3553999999999999 3.4333999999999998 3.5108000000000001 3.5882000000000001 3.6654 3.7555999999999998 3.8548
-0.39096999999999998 -0.38040000000000002 -0.36660999999999999 -0.34809000000000001 -0.32349 -0.29310999999999998 -0.25385000000000002 -0.20748 -0.15018000000000001 -0.082712999999999995 -0.0034003000000000002 0.090264999999999998 0.19850999999999999 0.32501999999999998 0.4698 0.63222 0.80891000000000002 0.99348999999999998 1.1791 1.3675999999999999 1.5512999999999999 1.7382 1.9198 2.0985999999999998 2.2721 2.4352 2.5838999999999999 2.7145000000000001 2.8218999999999999 2.9136000000000002 2.9935 3.0695000000000001 3.1431 3.2216 3.3014000000000001 3.3883000000000001 3.4830000000000001 3.5836000000000001 3.7061999999999999
-0.40928999999999999 -0.40569 -0.40023999999999998 -0.39293 -0.38211000000000001 -0.36703999999999998 -0.34569 -0.31534000000000001 -0.27512999999999999 -0.22106999999999999 -0.15423999999999999 -0.070444999999999994 0.030814000000000001 0.15073 0.29175000000000001 0.45216000000000001 0.63141999999999998 0.82511999999999996 1.0269999999999999 1.2323 1.4359999999999999 1.6329 1.8239000000000001 2.0030000000000001 2.1741000000000001 2.3292000000000002 2.4679000000000002 2.5838000000000001 2.6831999999999998 2.7663000000000002 2.8428 2.9165999999999999 2.9923999999999999 3.0722999999999998 3.1608000000000001 3.2513000000000001 3.3572000000000002 3.4708999999999999 3.5960000000000001
-0.41525000000000001 -0.41354000000000002 -0.41142000000000001 -0.40844000000000003 -0.40444000000000002 -0.39854000000000001 -0.39045999999999997 -0.37923000000000001 -0.36325000000000002 -0.34034999999999999 -0.30642000000000003 -0.25723000000000001 -0.18632000000000001 -0.086471999999999993 0.046369 0.21425 0.41219 0.63224000000000002 0.86124000000000001 1.0906 1.3121 1.5203 1.7149000000000001 1.8909 2.0499999999999998 2.1892 2.3083999999999998 2.4085000000000001 2.4935 2.5695999999999999 2.6457999999999999 2.7214999999999998 2.8050000000000002 2.8925999999999998 2.9830999999999999 3.0855999999999999 3.1920999999999999 3.3147000000000002 3.444
-0.41757 -0.41626000000000002 -0.41455999999999998 -0.41221000000000002 -0.40864 -0.40414 -0.39817000000000002 -0.39043 -0.37979000000000002 -0.36499999999999999 -0.34382000000000001 -0.31319000000000002 -0.26895000000000002 -0.20499999999999999 -0.11135 0.019883000000000001 0.19681999999999999 0.41649000000000003 0.66679999999999995 0.92513999999999996 1.1793 1.4097 1.6169 1.7981 1.952 2.0878999999999999 2.1972999999999998 2.294 2.3774999999999999 2.4582999999999999 2.5373999999999999 2.6202999999999999 2.7023000000000001 2.7911000000000001 2.8816999999999999 2.9775999999999998 3.0880999999999998 3.2059000000000002 3.3336000000000001
-0.41644999999999999 -0.41552 -0.41395999999999999 -0.41202 -0.40921000000000002 -0.40554000000000001 -0.40061000000000002 -0.39351000000000003 -0.38411000000000001 -0.37125999999999998 -0.35408000000000001 -0.33023000000000002 -0.29621999999999998 -0.24659 -0.17491000000000001 -0.070732000000000003 0.071114999999999998 0.26113999999999998 0.49075999999999997 0.75127999999999995 1.0149999999999999 1.2748999999999999 1.4944 1.6932 1.8523000000000001 1.9888999999999999 2.1051000000000002 2.2046000000000001 2.2948 2.3826000000000001 2.4668999999999999 2.5510999999999999 2.6352000000000002 2.7172999999999998 2.8075999999999999 2.8990999999999998 3.0074000000000001 3.1282000000000001 3.2462
-0.41608000000000001 -0.41502 -0.41358 -0.41166000000000003 -0.40920000000000001 -0.40551999999999999 -0.40096999999999999 -0.39456000000000002 -0.38624999999999998 -0.37478 -0.35896 -0.33678000000000002 -0.30585000000000001 -0.26204 -0.20024 -0.11165 0.011889 0.17602000000000001 0.38524000000000003 0.62607999999999997 0.88621000000000005 1.1427 1.3812 1.5851999999999999 1.7638 1.9036 2.0289000000000001 2.1347999999999998 2.2343000000000002 2.3283 2.4175 2.5015999999999998 2.5840000000000001 2.6642000000000001 2.7467000000000001 2.8422000000000001 2.9468000000000001 3.0621 3.1678000000000002
-0.41464000000000001 -0.41322999999999999 -0.41172999999999998 -0.40970000000000001 -0.40740999999999999 -0.40416999999999997 -0.39988000000000001 -0.39406999999999998 -0.38586999999999999 -0.37486000000000003 -0.35929 -0.33821000000000001 -0.30874000000000001 -0.26756000000000002 -0.20963999999999999 -0.12988 -0.017554 0.12950999999999999 0.31985999999999998 0.54332000000000003 0.79249999999999998 1.0434000000000001 1.29 1.4967999999999999 1.6841999999999999 1.8351999999999999 1.9675 2.0829 2.1894 2.2892999999999999 2.3799999999999999 2.4641999999999999 2.5415000000000001 2.6200999999999999 2.6941000000000002 2.7930000000000001 2.8952 2.9990000000000001 3.0922999999999998
-0.4138 -0.41173999999999999 -0.40960000000000002 -0.40701999999999999 -0.40401999999999999 -0.40046999999999999 -0.39578000000000002 -0.39019999999999999 -0.38233 -0.37203000000000003 -0.35738999999999999 -0.33684999999999998 -0.30823 -0.26846999999999999 -0.21235999999999999 -0.13586000000000001 -0.030408000000000001 0.10800999999999999 0.28325 0.49458999999999997 0.72918000000000005 0.97455000000000003 1.2134 1.4301999999999999 1.6193 1.7841 1.9213 2.0461 2.1568000000000001 2.2587999999999999 2.3502000000000001 2.4312999999999998 2.5030999999999999 2.5783 2.6545000000000001 2.7446000000000002 2.8424999999999998 2.9377 3.0213000000000001
-0.41439999999999999 -0.41170000000000001 -0.40862999999999999 -0.40526000000000001 -0.40115000000000001 -0.39683000000000002 -0.39129999999999998 -0.38501000000000002 -0.37695000000000001 -0.36645 -0.35266999999999998 -0.33340999999999998 -0.30695 -0.26900000000000002 -0.21540000000000001 -0.14066999999999999 -0.039394999999999999 0.095590999999999995 0.26190000000000002 0.46477000000000002 0.68859999999999999 0.92669999999999997 1.1587000000000001 1.3804000000000001 1.5709 1.7451000000000001 1.8873 2.0179 2.1341999999999999 2.2347000000000001 2.3222999999999998 2.3976000000000002 2.4668999999999999 2.536 2.6128999999999998 2.6964000000000001 2.7890999999999999 2.8782999999999999 2.9544000000000001
-0.41986000000000001 -0.41787999999999997 -0.41492000000000001 -0.41084999999999999 -0.40539999999999998 -0.39811999999999997 -0.38944000000000001 -0.37845000000000001 -0.36669000000000002 -0.35227000000000003 -0.33534000000000003 -0.31442999999999999 -0.28738999999999998 -0.25185999999999997 -0.20318 -0.13547000000000001 -0.043406 0.079780000000000004 0.23629 0.42241000000000001 0.63478999999999997 0.85887000000000002 1.0833999999999999 1.2986 1.4982 1.6738 1.8315999999999999 1.9643999999999999 2.0792999999999999 2.1661000000000001 2.2402000000000002 2.3031000000000001 2.3647999999999998 2.4247000000000001 2.4969999999999999 2.5773000000000001 2.6606000000000001 2.7402000000000002 2.8008999999999999
-0.42268 -0.42181999999999997 -0.42037000000000002 -0.41825000000000001 -0.41519 -0.41060000000000002 -0.40388000000000002 -0.39413999999999999 -0.38022 -0.36225000000000002 -0.33828999999999998 -0.31069999999999998 -0.27657999999999999 -0.23549999999999999 -0.18407999999999999 -0.11831999999999999 -0.031812 0.079525999999999999 0.22459000000000001 0.39900000000000002 0.60182999999999998 0.81928999999999996 1.0417000000000001 1.2524 1.4499 1.6204000000000001 1.7704 1.8966000000000001 1.9925999999999999 2.0712000000000002 2.1345000000000001 2.1924000000000001 2.2486000000000002 2.3119000000000001 2.3809999999999998 2.4607000000000001 2.5438000000000001 2.6196999999999999 2.669
-0.42346 -0.42294999999999999 -0.42225000000000001 -0.42124 -0.41960999999999998 -0.41691 -0.41294999999999998 -0.40706999999999999 -0.39796999999999999 -0.38419999999999999 -0.36374000000000001 -0.33413999999999999 -0.29476000000000002 -0.24281 -0.18139 -0.10542 -0.013526 0.099750000000000005 0.23780999999999999 0.40532000000000001 0.59470000000000001 0.80423 1.0152000000000001 1.2179 1.4006000000000001 1.5624 1.6948000000000001 1.8063 1.8873 1.9577 2.0185 2.0766 2.1331000000000002 2.2002000000000002 2.2757000000000001 2.3578999999999999 2.4405999999999999 2.5106999999999999 2.5541
-0.42399999999999999 -0.42359999999999998 -0.42304000000000003 -0.42225000000000001 -0.42113 -0.41952 -0.41693999999999998 -0.41309000000000001 -0.40711999999999998 -0.39783000000000002 -0.38349 -0.36087000000000002 -0.32684000000000002 -0.27688000000000001 -0.20796999999999999 -0.12066 -0.013726 0.10965999999999999 0.25341999999999998 0.41863 0.60185999999999995 0.79847000000000001 0.99463999999999997 1.1817 1.3467 1.4908999999999999 1.6073 1.7014 1.7761 1.8426 1.9039999999999999 1.9648000000000001 2.0276000000000001 2.0952000000000002 2.1804999999999999 2.2698 2.3527999999999998 2.4155000000000002 2.4521999999999999
-0.42468 -0.42432999999999998 -0.42382999999999998 -0.42315999999999998 -0.42222999999999999 -0.42093000000000003 -0.41907 -0.41625000000000001 -0.41193000000000002 -0.40516000000000002 -0.39454 -0.37789 -0.35148000000000001 -0.31047999999999998 -0.24784 -0.15992999999999999 -0.043504000000000001 0.093526999999999999 0.24976999999999999 0.41959999999999997 0.60106000000000004 0.78725999999999996 0.96789000000000003 1.1359999999999999 1.2844 1.4111 1.5172000000000001 1.5989 1.669 1.7344999999999999 1.7975000000000001 1.8613999999999999 1.9299999999999999 2.0051999999999999 2.0964999999999998 2.1894 2.2707000000000002 2.3306 2.3603999999999998
-0.42526000000000003 -0.42498000000000002 -0.42457 -0.42398000000000002 -0.42315000000000003 -0.42199999999999999 -0.42038999999999999 -0.41803000000000001 -0.41456999999999999 -0.40922999999999998 -0.40082000000000001 -0.38757999999999998 -0.36652000000000001 -0.33312000000000003 -0.28077000000000002 -0.20118 -0.089698 0.054431 0.21856 0.39928999999999998 0.57969999999999999 0.76007000000000002 0.92718999999999996 1.0804 1.2172000000000001 1.3307 1.4298999999999999 1.5029999999999999 1.5707 1.6354 1.7010000000000001 1.7679 1.8423 1.9275 2.0234000000000001 2.1172 2.1964999999999999 2.2538999999999998 2.2787000000000002
-0.42574000000000001 -0.42551 -0.42516999999999999 -0.42468 -0.42398000000000002 -0.42294999999999999 -0.42151 -0.41944999999999999 -0.41642000000000001 -0.41183999999999998 -0.40472000000000002 -0.39356000000000002 -0.37580999999999998 -0.34766000000000002 -0.30331000000000002 -0.23413 -0.13297 0.0067257000000000003 0.17177999999999999 0.35750999999999999 0.54020000000000001 0.71597 0.87519000000000002 1.0177 1.1456999999999999 1.2514000000000001 1.3435999999999999 1.4156 1.4825999999999999 1.5455000000000001 1.6146 1.6869000000000001 1.7685 1.8608 1.9581999999999999 2.0518999999999998 2.1297000000000001 2.1829000000000001 2.2081
-0.42613000000000001 -0.42593999999999999 -0.42564999999999997 -0.42524000000000001 -0.42464000000000002 -0.42376000000000003 -0.42249999999999999 -0.42066999999999999 -0.41797000000000001 -0.41393999999999997 -0.40766999999999998 -0.39799000000000001 -0.38258999999999999 -0.35799999999999998 -0.31919999999999998 -0.25874000000000003 -0.16811000000000001 -0.040279000000000002 0.12107 0.30420000000000003 0.49191000000000001 0.66215999999999997 0.81794999999999995 0.95208000000000004 1.0726 1.1760999999999999 1.2637 1.3367 1.4027000000000001 1.4651000000000001 1.5370999999999999 1.6151 1.7007000000000001 1.7984 1.8987000000000001 1.994 2.0686 2.1175000000000002 2.1490999999999998
-0.42684 -0.42670000000000002 -0.42648999999999998 -0.42618 -0.42571999999999999 -0.42504999999999998 -0.42405999999999999 -0.42259999999999998 -0.4204 -0.41704999999999998 -0.41195999999999999 -0.40406999999999998 -0.39178000000000002 -0.37215999999999999 -0.34121000000000001 -0.29270000000000002 -0.21890000000000001 -0.11302 0.029953 0.19641 0.37933 0.54320000000000002 0.69579999999999997 0.82506000000000002 0.93803000000000003 1.0398000000000001 1.1227 1.1980999999999999 1.2621 1.3300000000000001 1.4041999999999999 1.4924999999999999 1.5882000000000001 1.6918 1.7956000000000001 1.8876999999999999 1.9602999999999999 2.0030999999999999 2.036
-0.42738999999999999 -0.42727999999999999 -0.42710999999999999 -0.42686000000000002 -0.42647000000000002 -0.42591000000000001 -0.42508000000000001 -0.42388999999999999 -0.42210999999999999 -0.41938999999999999 -0.41525000000000001 -0.40872999999999998 -0.39854000000000001 -0.38228000000000001 -0.35637999999999997 -0.31586999999999998 -0.25358000000000003 -0.16364999999999999 -0.040818 0.10913 0.27334999999999998 0.43602999999999997 0.58053999999999994 0.71321999999999997 0.81979999999999997 0.91776999999999997 1.0015000000000001 1.0763 1.1435999999999999 1.218 1.2970999999999999 1.3896999999999999 1.4926999999999999 1.6004 1.7057 1.7968999999999999 1.8678999999999999 1.9152 1.9301999999999999
-0.42782999999999999 -0.42775000000000002 -0.42762 -0.42742999999999998 -0.42713000000000001 -0.42668 -0.42599999999999999 -0.42498000000000002 -0.42347000000000001 -0.42119000000000001 -0.41770000000000002 -0.41222999999999999 -0.40355999999999997 -0.38984999999999997 -0.36779000000000001 -0.33340999999999998 -0.28027999999999997 -0.20250000000000001 -0.095981999999999998 0.039226999999999998 0.18759999999999999 0.34533999999999998 0.48076000000000002 0.60818000000000005 0.71509 0.81015999999999999 0.89531000000000005 0.97019 1.0425 1.1194 1.2049000000000001 1.3 1.4097999999999999 1.5214000000000001 1.6295999999999999 1.718 1.7877000000000001 1.8333999999999999 1.8353999999999999
-0.42818000000000001 -0.42809999999999998 -0.42798999999999998 -0.42782999999999999 -0.42759000000000003 -0.42720000000000002 -0.42664000000000002 -0.42580000000000001 -0.42453000000000002 -0.42259000000000002 -0.41959000000000002 -0.41494999999999999 -0.40750999999999998 -0.39582000000000001 -0.37696000000000002 -0.34727000000000002 -0.30148999999999998 -0.23344000000000001 -0.14004 -0.018377000000000001 0.11663 0.2606 0.39451999999999998 0.51556999999999997 0.62380999999999998 0.71574000000000004 0.80125000000000002 0.87765000000000004 0.95413000000000003 1.0323 1.1245000000000001 1.2257 1.3372999999999999 1.4522999999999999 1.5593999999999999 1.6484000000000001 1.7145999999999999 1.7574000000000001 1.7435
-0.4289 -0.42881000000000002 -0.42869000000000002 -0.42852000000000001 -0.42827999999999999 -0.42791000000000001 -0.42742999999999998 -0.42673 -0.42565999999999998 -0.42398999999999998 -0.42137000000000002 -0.41733999999999999 -0.41093000000000002 -0.40076000000000001 -0.38451000000000002 -0.35865999999999998 -0.31897999999999999 -0.25916 -0.17668 -0.068843000000000001 0.056828999999999998 0.18917 0.32063000000000003 0.43528 0.54322999999999999 0.63292000000000004 0.71777000000000002 0.79637000000000002 0.87534999999999996 0.95577000000000001 1.0533999999999999 1.1597999999999999 1.2747999999999999 1.3919999999999999 1.498 1.5864 1.6495 1.6887000000000001 1.6551
-0.42958000000000002 -0.42947000000000002 -0.42934 -0.42914000000000002 -0.42885000000000001 -0.42843999999999999 -0.42797000000000002 -0.42735000000000001 -0.42641000000000001 -0.42494999999999999 -0.42265000000000003 -0.41909999999999997 -0.41349999999999998 -0.40456999999999999 -0.39040000000000002 -0.36764999999999998 -0.33288000000000001 -0.28038999999999997 -0.20659 -0.11017 0.0065674000000000001 0.12891 0.25645000000000001 0.36586999999999997 0.47026000000000001 0.56072 0.64497000000000004 0.72535000000000005 0.80625000000000002 0.89214000000000004 0.99106000000000005 1.1028 1.2211000000000001 1.3381000000000001 1.4433 1.5290999999999999 1.5919000000000001 1.6194999999999999 1.5740000000000001
-0.43024000000000001 -0.43012 -0.42996000000000001 -0.42973 -0.42936999999999997 -0.42891000000000001 -0.42836000000000002 -0.42777999999999999 -0.42686000000000002 -0.42548999999999998 -0.42338999999999999 -0.42016999999999999 -0.41516999999999998 -0.40720000000000001 -0.39468999999999999 -0.37467 -0.34383000000000002 -0.29747000000000001 -0.23111000000000001 -0.14421 -0.035719000000000001 0.077998999999999999 0.19742999999999999 0.30619000000000002 0.40690999999999999 0.49833 0.58169999999999999 0.66315000000000002 0.74456999999999995 0.83482000000000001 0.93623000000000001 1.0535000000000001 1.1734 1.2896000000000001 1.3938999999999999 1.4766999999999999 1.5378000000000001 1.5549999999999999 1.5018
-0.43085000000000001 -0.43074000000000001 -0.43057000000000001 -0.43032999999999999 -0.42992999999999998 -0.42942999999999998 -0.42879 -0.42814000000000002 -0.42715999999999998 -0.42573 -0.42368 -0.42060999999999998 -0.41604999999999998 -0.40883000000000003 -0.39761000000000002 -0.37983 -0.35217999999999999 -0.31084000000000001 -0.25080999999999998 -0.17194000000000001 -0.072781999999999999 0.035285999999999998 0.14732999999999999 0.25477 0.35199999999999998 0.44462000000000002 0.52673999999999999 0.60868999999999995 0.69030999999999998 0.78495999999999999 0.89100999999999997 1.0109999999999999 1.1301000000000001 1.2446999999999999 1.3491 1.4279999999999999 1.4866999999999999 1.4950000000000001 1.4336
-0.43197000000000002 -0.43186999999999998 -0.43169999999999997 -0.43147000000000002 -0.43112 -0.43062 -0.42997000000000002 -0.42913000000000001 -0.42797000000000002 -0.42626999999999998 -0.42407 -0.42086000000000001 -0.41649999999999998 -0.41005000000000003 -0.40029999999999999 -0.38550000000000001 -0.36249999999999999 -0.3286 -0.27915000000000001 -0.21206 -0.12798000000000001 -0.029520000000000001 0.070302000000000003 0.17407 0.26558999999999999 0.35511999999999999 0.43769000000000002 0.51903999999999995 0.60058 0.70411999999999997 0.81774000000000002 0.93845000000000001 1.0545 1.1653 1.2653000000000001 1.3424 1.3915 1.3762000000000001 1.3100000000000001
-0.433 -0.43290000000000001 -0.43275000000000002 -0.43254999999999999 -0.43225999999999998 -0.43184 -0.43125000000000002 -0.43036000000000002 -0.42909999999999998 -0.42725999999999997 -0.42474000000000001 -0.42124 -0.41632000000000002 -0.40976000000000001 -0.40009 -0.38673999999999997 -0.36658000000000002 -0.33714 -0.29493000000000003 -0.23616999999999999 -0.16286999999999999 -0.073631000000000002 0.017531999999999999 0.11246 0.20304 0.28817999999999999 0.36998999999999999 0.44900000000000001 0.53578000000000003 0.64178000000000002 0.75956999999999997 0.87787999999999999 0.98977000000000004 1.0978000000000001 1.1917 1.2645999999999999 1.3016000000000001 1.2706 1.1979
-0.43391999999999997 -0.43384 -0.43370999999999998 -0.43353999999999998 -0.43329000000000001 -0.43292999999999998 -0.43242000000000003 -0.43164999999999998 -0.43047000000000002 -0.42870000000000003 -0.42605999999999999 -0.42241000000000001 -0.41697000000000001 -0.40994000000000003 -0.39983000000000002 -0.38618999999999998 -0.36712 -0.33982000000000001 -0.30218 -0.24954000000000001 -0.18354999999999999 -0.10398 -0.017718000000000001 0.069346000000000005 0.15755 0.23588999999999999 0.31391000000000002 0.39317000000000002 0.48621999999999999 0.59302999999999995 0.71018000000000003 0.82452000000000003 0.93427000000000004 1.0387999999999999 1.1257999999999999 1.1948000000000001 1.2201 1.1785000000000001 1.0911
-0.43561 -0.43554999999999999 -0.43546000000000001 -0.43530999999999997 -0.43509999999999999 -0.43480000000000002 -0.43436000000000002 -0.43371999999999999 -0.43271999999999999 -0.43118000000000001 -0.42876999999999998 -0.42520999999999998 -0.41987000000000002 -0.41220000000000001 -0.40164 -0.3866 -0.36747999999999997 -0.34050999999999998 -0.30553000000000002 -0.25813999999999998 -0.19746 -0.12673999999999999 -0.045883 0.032143999999999999 0.11252 0.18584000000000001 0.26055 0.33811000000000002 0.42908000000000002 0.53415999999999997 0.65307999999999999 0.76446999999999998 0.87117 0.96865999999999997 1.0508 1.1156999999999999 1.1216999999999999 1.0740000000000001 0.97045000000000003
-0.43709999999999999 -0.43706 -0.43698999999999999 -0.43689 -0.43672 -0.43647000000000002 -0.43609999999999999 -0.43554999999999999 -0.43470999999999999 -0.43342000000000003 -0.43137999999999999 -0.42817 -0.42327999999999999 -0.41566999999999998 -0.40511999999999998 -0.38949 -0.36934 -0.34206999999999999 -0.30668000000000001 -0.26202999999999999 -0.20397999999999999 -0.13965 -0.065897999999999998 0.0062319999999999997 0.078031000000000003 0.1459 0.21801000000000001 0.29518 0.38457999999999998 0.48973 0.60109999999999997 0.71121999999999996 0.81611 0.90864999999999996 0.98463000000000001 1.0387999999999999 1.0291999999999999 0.97787000000000002 0.86202000000000001
-0.43844 -0.43841000000000002 -0.43836999999999998 -0.43829000000000001 -0.43815999999999999 -0.43796000000000002 -0.43765999999999999 -0.43719000000000002 -0.43647999999999998 -0.43539 -0.43367 -0.43087999999999999 -0.42655999999999999 -0.41965000000000002 -0.40948000000000001 -0.39440999999999998 -0.37326999999999999 -0.34576000000000001 -0.30853000000000003 -0.26532 -0.20965 -0.14815999999999999 -0.081279000000000004 -0.014615 0.049301999999999999 0.11148 0.18187 0.25797999999999999 0.34337000000000001 0.44729999999999998 0.55413000000000001 0.66366000000000003 0.76654999999999995 0.8508 0.92432999999999998 0.96897 0.94894999999999996 0.88736000000000004 0.76405000000000001
-0.43966 -0.43963999999999998 -0.43961 -0.43955 -0.43945000000000001 -0.43929000000000001 -0.43903999999999999 -0.43864999999999998 -0.43804999999999999 -0.43711 -0.43564999999999998 -0.43325999999999998 -0.42948999999999998 -0.42342999999999997 -0.41394999999999998 -0.39988000000000001 -0.37869000000000003 -0.35139999999999999 -0.31365999999999999 -0.26983000000000001 -0.21604000000000001 -0.15548000000000001 -0.094990000000000005 -0.033308999999999998 0.022613000000000001 0.080925999999999998 0.14899999999999999 0.22284000000000001 0.30603000000000002 0.40673999999999999 0.51134999999999997 0.62063000000000001 0.7228 0.79601999999999995 0.86845000000000006 0.90327000000000002 0.87585000000000002 0.80281999999999998 0.67718
-0.44119999999999998 -0.44119000000000003 -0.44116 -0.44112000000000001 -0.44103999999999999 -0.44091000000000002 -0.44070999999999999 -0.44037999999999999 -0.43986999999999998 -0.43906000000000001 -0.43780000000000002 -0.43575000000000003 -0.43245 -0.42714999999999997 -0.41854000000000002 -0.40562999999999999 -0.38553999999999999 -0.35853000000000002 -0.32163000000000003 -0.27623999999999999 -0.22403000000000001 -0.16334000000000001 -0.10894 -0.052759 -0.0020493999999999998 0.053842000000000001 0.11828 0.18879000000000001 0.27050000000000002 0.36796000000000001 0.47202 0.57950000000000002 0.67845999999999995 0.74539 0.81689999999999996 0.83826000000000001 0.80820999999999998 0.72526999999999997 0.60624
-0.44263000000000002 -0.44262000000000001 -0.44259999999999999 -0.44256000000000001 -0.4425 -0.44240000000000002 -0.44223000000000001 -0.44196000000000002 -0.44152000000000002 -0.44083 -0.43972 -0.43795000000000001 -0.43504999999999999 -0.43038999999999999 -0.42268 -0.41091 -0.39255000000000001 -0.36607000000000001 -0.33052999999999999 -0.28395999999999999 -0.23336999999999999 -0.17374999999999999 -0.12327 -0.071924000000000002 -0.025860999999999999 0.028156 0.088917999999999997 0.15589 0.23673 0.33193 0.43589 0.54193999999999998 0.63444999999999996 0.70067999999999997 0.76583000000000001 0.77627000000000002 0.74455000000000005 0.65353000000000006 0.54083000000000003
-0.44396000000000002 -0.44395000000000001 -0.44392999999999999 -0.44390000000000002 -0.44385000000000002 -0.44377 -0.44363000000000002 -0.44340000000000002 -0.44302000000000002 -0.44241999999999998 -0.44145000000000001 -0.43989 -0.43731999999999999 -0.43320999999999998 -0.4264 -0.41563 -0.39888000000000001 -0.3735 -0.33955999999999997 -0.29255999999999999 -0.24367 -0.18751999999999999 -0.13872000000000001 -0.091354000000000005 -0.047668000000000002 0.0042265999999999996 0.060685000000000003 0.12445000000000001 0.2051 0.29888999999999999 0.4052 0.50932999999999995 0.59284000000000003 0.65937999999999997 0.71694999999999998 0.71855000000000002 0.68503000000000003 0.58711999999999998 0.48044999999999999
-0.44519999999999998 -0.44518999999999997 -0.44518000000000002 -0.44516 -0.44512000000000002 -0.44505 -0.44492999999999999 -0.44473000000000001 -0.44440000000000002 -0.44388 -0.44302000000000002 -0.44163999999999998 -0.43936999999999998 -0.43568000000000001 -0.42962 -0.41979 -0.40450999999999998 -0.38052000000000002 -0.34827000000000002 -0.30360999999999999 -0.25442999999999999 -0.20202000000000001 -0.15428 -0.11067 -0.069117999999999999 -0.019876000000000001 0.033359 0.094737000000000002 0.17568 0.26851999999999998 0.37585000000000002 0.4773 0.55456000000000005 0.62141000000000002 0.67152000000000001 0.66754000000000002 0.62719000000000003 0.52522999999999997 0.42427999999999999
-0.44707999999999998 -0.44707999999999998 -0.44707000000000002 -0.44705 -0.44701000000000002 -0.44695000000000001 -0.44685000000000002 -0.44668000000000002 -0.44639000000000001 -0.44592999999999999 -0.44516 -0.44394 -0.44191000000000003 -0.43858000000000003 -0.43313000000000001 -0.42415000000000003 -0.41015000000000001 -0.38784999999999997 -0.35704999999999998 -0.31494 -0.26584000000000002 -0.21717 -0.16982 -0.12970000000000001 -0.089329000000000006 -0.043443000000000002 0.0071352999999999998 0.067352999999999996 0.14807000000000001 0.24034 0.34817999999999999 0.44751999999999997 0.51793999999999996 0.58360999999999996 0.62790000000000001 0.61968000000000001 0.57181000000000004 0.46718999999999999 0.37171999999999999
0.94999999999999996 0.029999999999999999
-0.54827999999999999 -0.60982000000000003 -0.68091000000000002 -0.76792000000000005 -0.85387000000000002 -0.94867000000000001 -1.0487 -1.147 -1.2464 -1.3466 -1.4436 -1.5359 -1.6202000000000001 -1.6954 -1.7591000000000001 -1.7952999999999999 -1.8066 -1.7954000000000001 -1.7557 -1.6853 -1.6015999999999999 -1.5097 -1.4391 -1.3696999999999999 -1.3038000000000001 -1.1944999999999999 -1.0669 -0.93925000000000003 -0.79688999999999999 -0.64493999999999996 -0.49349999999999999 -0.31635999999999997 -0.13336999999999999 0.059449000000000002 0.2702 0.47988999999999998 0.69859000000000004 0.91429000000000005 1.1249
-0.37476999999999999 -0.37145 -0.36745 -0.36670999999999998 -0.36801 -0.37392999999999998 -0.38596999999999998 -0.40606999999999999 -0.42836999999999997 -0.46708 -0.49741999999999997 -0.53852999999999995 -0.57711000000000001 -0.60504999999999998 -0.63053000000000003 -0.64644000000000001 -0.65075000000000005 -0.63951000000000002 -0.61382999999999999 -0.5796 -0.53459000000000001 -0.46627000000000002 -0.39490999999999998 -0.32207999999999998 -0.22905 -0.13091 -0.033436 0.068885000000000002 0.17924999999999999 0.28788999999999998 0.39501999999999998 0.52556999999999998 0.65488999999999997 0.78291999999999995 0.92554999999999998 1.0716000000000001 1.2161999999999999 1.3748 1.5369999999999999
-0.39026 -0.38461000000000001 -0.37706000000000001 -0.36653999999999998 -0.35192000000000001 -0.33107999999999999 -0.30158000000000001 -0.25642999999999999 -0.20119999999999999 -0.12515000000000001 -0.029256999999999998 0.086971999999999994 0.21915000000000001 0.36768000000000001 0.51704000000000006 0.67103000000000002 0.80466000000000004 0.92947999999999997 1.0401 1.1252 1.2104999999999999 1.2794000000000001 1.3409 1.4014 1.4619 1.5213000000000001 1.579 1.6412 1.7117 1.7802 1.8467 1.9320999999999999 2.0154000000000001 2.0964999999999998 2.1875 2.2847 2.3797999999999999 2.4763000000000002 2.5844999999999998
-0.37361 -0.37075999999999998 -0.36679 -0.36088999999999999 -0.35222999999999999 -0.33883999999999997 -0.31859999999999999 -0.28794999999999998 -0.24249000000000001 -0.17849000000000001 -0.090499999999999997 0.022515 0.16422999999999999 0.33195000000000002 0.52356999999999998 0.73333000000000004 0.95367000000000002 1.1772 1.4018999999999999 1.6124000000000001 1.8089999999999999 1.9755 2.1381000000000001 2.2528999999999999 2.3656000000000001 2.4582999999999999 2.5329999999999999 2.6055999999999999 2.6701000000000001 2.7286999999999999 2.7850999999999999 2.8426 2.9020000000000001 2.9588999999999999 3.016 3.0865 3.1545000000000001 3.2202000000000002 3.3026
-0.35016999999999998 -0.34166999999999997 -0.33396999999999999 -0.32555000000000001 -0.31542999999999999 -0.30313000000000001 -0.28767999999999999 -0.26494000000000001 -0.23155999999999999 -0.18309 -0.11572 -0.024506 0.089265999999999998 0.23272000000000001 0.39810000000000001 0.58835000000000004 0.79713999999999996 1.0203 1.2571000000000001 1.4983 1.7458 1.99 2.2269000000000001 2.4491999999999998 2.6524999999999999 2.8315999999999999 2.9836999999999998 3.1213000000000002 3.2229000000000001 3.3216999999999999 3.4014000000000002 3.4701 3.5366 3.5992000000000002 3.6587999999999998 3.7164000000000001 3.7793999999999999 3.8458000000000001 3.9102999999999999
-0.36364999999999997 -0.35493000000000002 -0.34372999999999998 -0.33016000000000001 -0.31386999999999998 -0.29444999999999999 -0.27057999999999999 -0.24092 -0.20202000000000001 -0.15257999999999999 -0.087388999999999994 -0.0052436000000000002 0.092275999999999997 0.21393000000000001 0.36141000000000001 0.52595999999999998 0.72031999999999996 0.92795000000000005 1.1536999999999999 1.3895 1.6324000000000001 1.8832 2.1331000000000002 2.3843999999999999 2.6286999999999998 2.8626 3.0809000000000002 3.2789999999999999 3.4557000000000002 3.6038999999999999 3.7425999999999999 3.8441999999999998 3.9428999999999998 4.0277000000000003 4.0999999999999996 4.1699000000000002 4.2370000000000001 4.3017000000000003 4.3647
-0.35231000000000001 -0.34411000000000003 -0.33090999999999998 -0.31874000000000002 -0.30365999999999999 -0.28466000000000002 -0.26086999999999999 -0.23336999999999999 -0.19893 -0.15608 -0.098438999999999999 -0.025475999999999999 0.069374000000000005 0.18697 0.32952999999999999 0.50033000000000005 0.69242999999999999 0.91027999999999998 1.1397999999999999 1.3801000000000001 1.6259999999999999 1.8726 2.1240999999999999 2.3712 2.6257999999999999 2.8765999999999998 3.1299000000000001 3.3776999999999999 3.6196000000000002 3.8424999999999998 4.0534999999999997 4.2313999999999998 4.3962000000000003 4.5305 4.6467000000000001 4.7522000000000002 4.8281999999999998 4.9032999999999998 4.9798999999999998
-0.35403000000000001 -0.34743000000000002 -0.33735999999999999 -0.31991999999999998 -0.29915999999999998 -0.27422999999999997 -0.24198 -0.20202000000000001 -0.154 -0.097574999999999995 -0.032101999999999999 0.046108000000000003 0.13747999999999999 0.25090000000000001 0.38441999999999998 0.54398000000000002 0.72857000000000005 0.93506 1.1687000000000001 1.4116 1.6737 1.9378 2.2044000000000001 2.4681999999999999 2.7250000000000001 2.9828999999999999 3.2345000000000002 3.4912999999999998 3.7414000000000001 3.9860000000000002 4.2161 4.4344999999999999 4.6208999999999998 4.7934000000000001 4.9367999999999999 5.0651000000000002 5.1779999999999999 5.2706 5.3620999999999999
-0.34300999999999998 -0.33589999999999998 -0.32858999999999999 -0.31885999999999998 -0.30115999999999998 -0.27728000000000003 -0.25006 -0.21165 -0.16188 -0.095572000000000004 -0.015469999999999999 0.081134999999999999 0.19464000000000001 0.32601999999999998 0.47876000000000002 0.64870000000000005 0.84162999999999999 1.0486 1.2716000000000001 1.5091000000000001 1.7531000000000001 2.0127000000000002 2.2717000000000001 2.5411000000000001 2.8073999999999999 3.0726 3.3351999999999999 3.5914000000000001 3.8454000000000002 4.0891999999999999 4.3232999999999997 4.5423999999999998 4.7432999999999996 4.9261999999999997 5.0885999999999996 5.2321 5.3489000000000004 5.4602000000000004 5.5453999999999999
-0.34520000000000001 -0.33807999999999999 -0.32956000000000002 -0.31730000000000003 -0.29815999999999998 -0.27676000000000001 -0.24940000000000001 -0.21257000000000001 -0.16392000000000001 -0.1007 -0.019199000000000001 0.079060000000000005 0.20100999999999999 0.34166999999999997 0.50849999999999995 0.69686999999999999 0.90366999999999997 1.1267 1.3567 1.5995999999999999 1.843 2.0924999999999998 2.3460000000000001 2.6019000000000001 2.8647999999999998 3.1238000000000001 3.3856000000000002 3.6396000000000002 3.887 4.1234999999999999 4.3487999999999998 4.5582000000000003 4.7586000000000004 4.9348999999999998 5.1067999999999998 5.2447999999999997 5.3818999999999999 5.4795999999999996 5.5724999999999998
-0.33862999999999999 -0.33155000000000001 -0.32330999999999999 -0.31412000000000001 -0.30177999999999999 -0.28026000000000001 -0.25119000000000002 -0.21708 -0.17055999999999999 -0.10964 -0.028008999999999999 0.07306 0.19711999999999999 0.34419 0.51227999999999996 0.70655000000000001 0.91561000000000003 1.1454 1.3828 1.6286 1.8771 2.1244000000000001 2.3761000000000001 2.6246999999999998 2.879 3.1307 3.3814000000000002 3.6263999999999998 3.8639000000000001 4.0862999999999996 4.2990000000000004 4.4985999999999997 4.6852999999999998 4.8589000000000002 5.0175000000000001 5.1616 5.2885999999999997 5.3983999999999996 5.4973000000000001
-0.34084999999999999 -0.33349000000000001 -0.32494000000000001 -0.31481999999999999 -0.30288999999999999 -0.28769 -0.26201999999999998 -0.22531000000000001 -0.18443000000000001 -0.12938 -0.057881000000000002 0.037637999999999998 0.15483 0.30098999999999998 0.46987000000000001 0.66071000000000002 0.87112999999999996 1.0908 1.3273999999999999 1.5662 1.8137000000000001 2.0623999999999998 2.3123999999999998 2.5621 2.8073999999999999 3.0503 3.2863000000000002 3.5156999999999998 3.7347000000000001 3.9426999999999999 4.1353999999999997 4.3174999999999999 4.4840999999999998 4.6429 4.7903000000000002 4.9295999999999998 5.0551000000000004 5.1704999999999997 5.2648999999999999
-0.33589000000000002 -0.32896999999999998 -0.32075999999999999 -0.31069000000000002 -0.29865000000000003 -0.28238000000000002 -0.25750000000000001 -0.22797999999999999 -0.19095000000000001 -0.13969999999999999 -0.072404999999999997 0.015682000000000001 0.12670999999999999 0.25890000000000002 0.41782999999999998 0.59318000000000004 0.79279999999999995 1.006 1.2334000000000001 1.4729000000000001 1.7151000000000001 1.9670000000000001 2.2157 2.4657 2.7107999999999999 2.9517000000000002 3.1850000000000001 3.4117999999999999 3.6230000000000002 3.8226 4.0031999999999996 4.1700999999999997 4.3236999999999997 4.4664000000000001 4.6012000000000004 4.7282999999999999 4.8517999999999999 4.9547999999999996 5.0551000000000004
-0.31824999999999998 -0.31152999999999997 -0.30377999999999999 -0.29463 -0.28345999999999999 -0.26704 -0.24413000000000001 -0.21707000000000001 -0.18149999999999999 -0.13478000000000001 -0.072410000000000002 0.0062529999999999999 0.10985 0.2339 0.3836 0.55476000000000003 0.74228000000000005 0.95052000000000003 1.1655 1.4005000000000001 1.6392 1.8873 2.1377999999999999 2.3871000000000002 2.6343999999999999 2.8748999999999998 3.1088 3.3327 3.5445000000000002 3.7370000000000001 3.9133 4.0666000000000002 4.2066999999999997 4.335 4.4550000000000001 4.5711000000000004 4.6787000000000001 4.7786999999999997 4.8681999999999999
-0.29138999999999998 -0.28504000000000002 -0.27740999999999999 -0.26835999999999999 -0.25791999999999998 -0.2455 -0.22777 -0.20021 -0.1656 -0.12239 -0.062696000000000002 0.013294 0.11004 0.22952 0.36786000000000002 0.53261999999999998 0.71109 0.91335999999999995 1.1267 1.3516999999999999 1.5895999999999999 1.8292999999999999 2.0817000000000001 2.3298000000000001 2.5787 2.8199000000000001 3.0539999999999998 3.2747999999999999 3.4847999999999999 3.6690999999999998 3.8372999999999999 3.9803000000000002 4.1086999999999998 4.2243000000000004 4.3326000000000002 4.4363000000000001 4.5331999999999999 4.6273999999999997 4.7088000000000001
-0.22999 -0.22477 -0.21868000000000001 -0.21157000000000001 -0.20227000000000001 -0.19142999999999999 -0.17349999999999999 -0.14896000000000001 -0.11874999999999999 -0.078728999999999993 -0.025107000000000001 0.047683999999999997 0.13694000000000001 0.25402999999999998 0.38784999999999997 0.54627999999999999 0.72131000000000001 0.91103000000000001 1.1193 1.3317000000000001 1.5664 1.8012999999999999 2.0466000000000002 2.2924000000000002 2.5373999999999999 2.7784 3.0110999999999999 3.2286999999999999 3.4300999999999999 3.6089000000000002 3.7637 3.8974000000000002 4.0152000000000001 4.1222000000000003 4.2209000000000003 4.3147000000000002 4.4043999999999999 4.4894999999999996 4.5674999999999999
-0.16517000000000001 -0.15767 -0.14915 -0.14011999999999999 -0.12962000000000001 -0.11817999999999999 -0.1011 -0.078603000000000006 -0.051395999999999997 -0.012846 0.035144000000000002 0.1046 0.18767 0.29491000000000001 0.42159000000000002 0.56791999999999998 0.73889000000000005 0.91891999999999996 1.1242000000000001 1.3331999999999999 1.5573999999999999 1.7890999999999999 2.0255999999999998 2.2688000000000001 2.5078999999999998 2.7469999999999999 2.9750999999999999 3.1897000000000002 3.3816999999999999 3.5525000000000002 3.6937000000000002 3.8180999999999998 3.9264000000000001 4.0251000000000001 4.1165000000000003 4.2031000000000001 4.2866999999999997 4.3636999999999997 4.4370000000000003
-0.049347000000000002 -0.027137000000000001 -0.0045744999999999996 0.018744 0.042444999999999997 0.068750000000000006 0.096615000000000006 0.12858 0.16367000000000001 0.20757999999999999 0.26085999999999998 0.32301000000000002 0.40300999999999998 0.48868 0.60119 0.72199000000000002 0.86360000000000003 1.0225 1.1908000000000001 1.3863000000000001 1.5832999999999999 1.8008 2.0186999999999999 2.2431000000000001 2.4693999999999998 2.6926999999999999 2.9068999999999998 3.1046999999999998 3.2732999999999999 3.4163999999999999 3.5341 3.6345000000000001 3.7242999999999999 3.8071999999999999 3.8862999999999999 3.9594999999999998 4.0286 4.0907999999999998 4.1571999999999996
-0.10108 -0.068388000000000004 -0.032800000000000003 0.0053550999999999998 0.047146 0.093282000000000004 0.14366000000000001 0.19744999999999999 0.25674999999999998 0.31920999999999999 0.39319999999999999 0.47299000000000002 0.56527000000000005 0.66805000000000003 0.77680000000000005 0.90064 1.0210999999999999 1.1633 1.3073999999999999 1.4701 1.6482000000000001 1.8333999999999999 2.0375999999999999 2.2385999999999999 2.4485000000000001 2.6507999999999998 2.8466999999999998 3.0204 3.1726000000000001 3.2911000000000001 3.3919999999999999 3.4765999999999999 3.5543999999999998 3.6293000000000002 3.7006000000000001 3.7696999999999998 3.8361000000000001 3.9043999999999999 3.9906000000000001
-0.29254999999999998 -0.26679000000000003 -0.23694999999999999 -0.20125000000000001 -0.16156000000000001 -0.11527 -0.062576999999999994 -0.0016129 0.068546999999999997 0.14865999999999999 0.24171999999999999 0.34817999999999999 0.46820000000000001 0.59941 0.73814999999999997 0.87907000000000002 1.0273000000000001 1.1726000000000001 1.3320000000000001 1.4916 1.6603000000000001 1.8351 2.0083000000000002 2.1916000000000002 2.3672 2.5440999999999998 2.7061999999999999 2.8521000000000001 2.9718 3.0722999999999998 3.1516000000000002 3.2231000000000001 3.2906 3.3565999999999998 3.4224999999999999 3.4954999999999998 3.5716000000000001 3.6779000000000002 3.7967
-0.37967000000000001 -0.36912 -0.35524 -0.33673999999999998 -0.31202000000000002 -0.28167999999999999 -0.24249000000000001 -0.19622000000000001 -0.13943 -0.072281999999999999 0.0062262999999999997 0.098849999999999993 0.20530000000000001 0.32945000000000002 0.47139999999999999 0.63085000000000002 0.80481000000000003 0.98704000000000003 1.1705000000000001 1.3572 1.5395000000000001 1.724 1.9043000000000001 2.081 2.2538 2.4157000000000002 2.5649999999999999 2.6951999999999998 2.8016999999999999 2.8896999999999999 2.9641000000000002 3.0312000000000001 3.0948000000000002 3.1625000000000001 3.2345000000000002 3.3199000000000001 3.4222999999999999 3.5348000000000002 3.6757
-0.39805000000000001 -0.39444000000000001 -0.38899 -0.38162000000000001 -0.37080000000000002 -0.35560999999999998 -0.33428999999999998 -0.30397999999999997 -0.26401999999999998 -0.21032999999999999 -0.14391999999999999 -0.061098 0.038762999999999999 0.15637000000000001 0.29441000000000001 0.45108999999999999 0.62658000000000003 0.81689000000000001 1.0161 1.2196 1.4221999999999999 1.6183000000000001 1.8089999999999999 1.9882 2.1594000000000002 2.3151000000000002 2.4546000000000001 2.5703 2.6690999999999998 2.7482000000000002 2.8199000000000001 2.8858999999999999 2.9538000000000002 3.0247999999999999 3.1112000000000002 3.2025999999999999 3.3180000000000001 3.444 3.5815999999999999
-0.40405000000000002 -0.40233999999999998 -0.40022000000000002 -0.39723999999999998 -0.39319999999999999 -0.38729999999999998 -0.37924000000000002 -0.36809999999999998 -0.35217999999999999 -0.32943 -0.29579 -0.24704999999999999 -0.17693999999999999 -0.078265000000000001 0.052788000000000002 0.21831999999999999 0.41360000000000002 0.63082000000000005 0.85768 1.0849 1.3050999999999999 1.5122 1.7064999999999999 1.8829 2.0425 2.1825999999999999 2.3014999999999999 2.4011999999999998 2.4839000000000002 2.5575000000000001 2.6288 2.7002000000000002 2.7787000000000002 2.8647 2.9550999999999998 3.0638999999999998 3.1777000000000002 3.3073000000000001 3.4420000000000002
-0.40638000000000002 -0.40508 -0.40336 -0.40100999999999998 -0.39739000000000002 -0.39291999999999999 -0.38695000000000002 -0.37927 -0.36875999999999998 -0.35405999999999999 -0.33309 -0.30280000000000001 -0.25908999999999999 -0.19585 -0.10324999999999999 0.026932999999999999 0.20249 0.42118 0.67034000000000005 0.92764000000000002 1.1799999999999999 1.4097999999999999 1.6153999999999999 1.7966 1.9498 2.085 2.1938 2.2890999999999999 2.3706 2.4489000000000001 2.5247000000000002 2.6052 2.6855000000000002 2.7749999999999999 2.8685 2.968 3.0834999999999999 3.2052 3.3340000000000001
-0.40527999999999997 -0.40436 -0.40281 -0.40084999999999998 -0.39805000000000001 -0.39435999999999999 -0.38945000000000002 -0.38236999999999999 -0.37306 -0.36031999999999997 -0.34327999999999997 -0.31970999999999999 -0.28609000000000001 -0.23698 -0.1661 -0.062677999999999998 0.078487000000000001 0.26762000000000002 0.49692999999999998 0.75702999999999998 1.0201 1.2793000000000001 1.4975000000000001 1.6943999999999999 1.8532 1.9883999999999999 2.1038000000000001 2.2014 2.2900999999999998 2.3755999999999999 2.4582000000000002 2.5409000000000002 2.6254 2.7080000000000002 2.8014000000000001 2.8963000000000001 3.0062000000000002 3.1284999999999998 3.2454000000000001
-0.40492 -0.40384999999999999 -0.40242 -0.40049000000000001 -0.39804 -0.39439000000000002 -0.38984000000000002 -0.38351000000000002 -0.37522 -0.36385000000000001 -0.34814000000000001 -0.32616000000000001 -0.29552 -0.25217000000000001 -0.19087999999999999 -0.10306999999999999 0.019934 0.18315999999999999 0.39223999999999998 0.63271999999999995 0.89270000000000005 1.1480999999999999 1.3866000000000001 1.5885 1.7668999999999999 1.9046000000000001 2.0283000000000002 2.133 2.2309999999999999 2.3235000000000001 2.4117999999999999 2.4950999999999999 2.5783999999999998 2.6600000000000001 2.7437 2.8416000000000001 2.9474 3.0617999999999999 3.1657000000000002
-0.40345999999999999 -0.40204000000000001 -0.40056000000000003 -0.39855000000000002 -0.39624999999999999 -0.39304 -0.38874999999999998 -0.38300000000000001 -0.37480999999999998 -0.36391000000000001 -0.34845999999999999 -0.32754 -0.29831999999999997 -0.25753999999999999 -0.20005000000000001 -0.12101000000000001 -0.0091845999999999994 0.13747999999999999 0.32712000000000002 0.55049999999999999 0.79942999999999997 1.0499000000000001 1.2957000000000001 1.5016 1.6870000000000001 1.8372999999999999 1.9678 2.0821999999999998 2.1873999999999998 2.2862 2.3765000000000001 2.4605999999999999 2.5384000000000002 2.6181999999999999 2.6941999999999999 2.7930000000000001 2.8953000000000002 2.9977999999999998 3.0888
-0.40260000000000001 -0.40056000000000003 -0.39839999999999998 -0.39584000000000003 -0.39283000000000001 -0.38932 -0.38463000000000003 -0.37912000000000001 -0.37131999999999998 -0.36105999999999999 -0.34654000000000001 -0.32612999999999998 -0.29775000000000001 -0.25829999999999997 -0.20261999999999999 -0.12651999999999999 -0.021801000000000001 0.11625000000000001 0.29071000000000002 0.50200999999999996 0.73623000000000005 0.98150000000000004 1.2192000000000001 1.4358 1.6229 1.7870999999999999 1.9224000000000001 2.0459999999999998 2.1558999999999999 2.2572000000000001 2.3483999999999998 2.4295 2.5015999999999998 2.5775999999999999 2.6549999999999998 2.7446000000000002 2.8420000000000001 2.9357000000000002 3.0169999999999999
-0.40317999999999998 -0.40049000000000001 -0.39739999999999998 -0.39405000000000001 -0.38993 -0.38564999999999999 -0.38018000000000002 -0.37387999999999999 -0.3659 -0.35543000000000002 -0.34178999999999998 -0.32268000000000002 -0.2964 -0.25871 -0.20549000000000001 -0.13113 -0.030532 0.1041 0.27006999999999998 0.47234999999999999 0.69593000000000005 0.93379000000000001 1.1649 1.3865000000000001 1.5750999999999999 1.7476 1.8891 2.0186000000000002 2.1343000000000001 2.2341000000000002 2.3216000000000001 2.3969999999999998 2.4668999999999999 2.5358000000000001 2.6133999999999999 2.6966999999999999 2.7879999999999998 2.8757000000000001 2.9491999999999998
-0.40865000000000001 -0.40665000000000001 -0.40368999999999999 -0.39957999999999999 -0.39413999999999999 -0.38683000000000001 -0.37818000000000002 -0.36726999999999999 -0.35549999999999998 -0.34118999999999999 -0.32429000000000002 -0.30357000000000001 -0.27665000000000001 -0.24138999999999999 -0.19295999999999999 -0.12564 -0.033835999999999998 0.088755000000000001 0.24504000000000001 0.43047999999999997 0.64270000000000005 0.86612999999999996 1.0902000000000001 1.3043 1.5034000000000001 1.6776 1.8348 1.9666999999999999 2.0804 2.1671 2.2410000000000001 2.3037000000000001 2.3653 2.4256000000000002 2.4969000000000001 2.5768 2.6587000000000001 2.7366000000000001 2.7949999999999999
-0.41148000000000001 -0.41060000000000002 -0.40916000000000002 -0.40703 -0.40395999999999999 -0.39935999999999999 -0.39258999999999999 -0.38285000000000002 -0.36886999999999998 -0.35093999999999997 -0.32712000000000002 -0.29957 -0.26572000000000001 -0.22481999999999999 -0.17380000000000001 -0.10843999999999999 -0.022356999999999998 0.088675000000000004 0.23311000000000001 0.40734999999999999 0.60960000000000003 0.82672999999999996 1.0486 1.2585 1.4547000000000001 1.6248 1.7739 1.8997999999999999 1.9945999999999999 2.073 2.1358000000000001 2.1934999999999998 2.2490999999999999 2.3123999999999998 2.3812000000000002 2.4596 2.5413999999999999 2.6152000000000002 2.6625999999999999
-0.41226000000000002 -0.41175 -0.41105000000000003 -0.41004000000000002 -0.40838999999999998 -0.40569 -0.40172000000000002 -0.39583000000000002 -0.38671 -0.37287999999999999 -0.35242000000000001 -0.32274999999999998 -0.28350999999999998 -0.23175000000000001 -0.17066999999999999 -0.095201999999999995 -0.0037851999999999998 0.10897999999999999 0.24636 0.41361999999999999 0.60272999999999999 0.81171000000000004 1.022 1.2241 1.4057999999999999 1.5670999999999999 1.6986000000000001 1.8089 1.8897999999999999 1.9596 2.02 2.0777999999999999 2.1341999999999999 2.2004999999999999 2.2755999999999998 2.3567 2.4380999999999999 2.5059999999999998 2.5482
-0.4128 -0.41239999999999999 -0.41183999999999998 -0.41105000000000003 -0.40993000000000002 -0.40832000000000002 -0.40573999999999999 -0.40188000000000001 -0.39590999999999998 -0.38658999999999999 -0.37222 -0.34959000000000001 -0.31547999999999998 -0.2656 -0.19674 -0.1099 -0.0033926999999999998 0.11917 0.26229999999999998 0.42682999999999999 0.60968 0.80562 1.0013000000000001 1.1877 1.3519000000000001 1.4951000000000001 1.6112 1.7040999999999999 1.7786 1.8446 1.9057999999999999 1.9659 2.0286 2.0951 2.1802999999999999 2.2686000000000002 2.3498000000000001 2.4106999999999998 2.4464999999999999
-0.41349000000000002 -0.41313 -0.41263 -0.41195999999999999 -0.41103000000000001 -0.40972999999999998 -0.40788000000000002 -0.40505000000000002 -0.40073999999999999 -0.39396999999999999 -0.38333 -0.36667 -0.34021000000000001 -0.29916999999999999 -0.23648 -0.14868999999999999 -0.032878999999999999 0.10371 0.25890999999999997 0.42804999999999999 0.60875000000000001 0.79422000000000004 0.97421999999999997 1.1415 1.2895000000000001 1.4153 1.5209999999999999 1.6016999999999999 1.6714 1.7364999999999999 1.7994000000000001 1.8626 1.9307000000000001 2.0059999999999998 2.0964 2.1880000000000002 2.2671999999999999 2.3254000000000001 2.3548
-0.41405999999999998 -0.41377999999999998 -0.41337000000000002 -0.41277999999999998 -0.41195999999999999 -0.4108 -0.40920000000000001 -0.40684999999999999 -0.40339000000000003 -0.39805000000000001 -0.38963999999999999 -0.37640000000000001 -0.35533999999999999 -0.32189000000000001 -0.26951000000000003 -0.18984999999999999 -0.078619999999999995 0.065267000000000006 0.2283 0.40839999999999999 0.58757999999999999 0.76683999999999997 0.93340999999999996 1.0859000000000001 1.2222999999999999 1.3349 1.4329000000000001 1.5057 1.5731999999999999 1.6374 1.7028000000000001 1.7694000000000001 1.843 1.9282999999999999 2.0232000000000001 2.1154000000000002 2.1930000000000001 2.2488999999999999 2.2743000000000002
-0.41454000000000002 -0.41431000000000001 -0.41398000000000001 -0.41349000000000002 -0.41277999999999998 -0.41176000000000001 -0.41032000000000002 -0.40826000000000001 -0.40523999999999999 -0.40067000000000003 -0.39356000000000002 -0.38240000000000002 -0.36466999999999999 -0.33650999999999998 -0.29213 -0.22289 -0.12175 0.017881000000000001 0.18215000000000001 0.36646000000000001 0.54856000000000005 0.72284999999999999 0.88151999999999997 1.0232000000000001 1.1504000000000001 1.2557 1.3467 1.4184000000000001 1.4850000000000001 1.5475000000000001 1.6164000000000001 1.6886000000000001 1.7694000000000001 1.8613999999999999 1.9579 2.0499000000000001 2.1261000000000001 2.1781999999999999 2.2044999999999999
-0.41493000000000002 -0.41474 -0.41446 -0.41404000000000002 -0.41343999999999997 -0.41256999999999999 -0.41131000000000001 -0.40948000000000001 -0.40678999999999998 -0.40276000000000001 -0.39651999999999998 -0.38684000000000002 -0.37146000000000001 -0.34688000000000002 -0.30808000000000002 -0.24759999999999999 -0.15692 -0.029367000000000001 0.13184000000000001 0.31372 0.50092000000000003 0.66929000000000005 0.82455000000000001 0.95770999999999995 1.0773999999999999 1.1805000000000001 1.2669999999999999 1.3395999999999999 1.405 1.4676 1.5388999999999999 1.6168 1.7020999999999999 1.7988999999999999 1.8983000000000001 1.9921 2.0649000000000002 2.113 2.1465999999999998
-0.41564000000000001 -0.41549999999999998 -0.41528999999999999 -0.41498000000000002 -0.41452 -0.41386000000000001 -0.41286 -0.41141 -0.40921000000000002 -0.40587000000000001 -0.40079999999999999 -0.39291999999999999 -0.38066 -0.36109000000000002 -0.33015 -0.28167999999999999 -0.20788000000000001 -0.10208 0.040851999999999999 0.20657 0.38780999999999999 0.55125000000000002 0.70218999999999998 0.83103000000000005 0.94298000000000004 1.0444 1.1263000000000001 1.2008000000000001 1.2643 1.3324 1.4058999999999999 1.4942 1.5895999999999999 1.6923999999999999 1.7948 1.8853 1.9563999999999999 1.9994000000000001 2.0341999999999998
-0.41619 -0.41608000000000001 -0.41591 -0.41565999999999997 -0.41526999999999997 -0.41471000000000002 -0.41388999999999998 -0.41270000000000001 -0.41092000000000001 -0.40821000000000002 -0.40407999999999999 -0.39759 -0.38740999999999998 -0.37119000000000002 -0.34532000000000002 -0.30486999999999997 -0.24260999999999999 -0.15279000000000001 -0.030321000000000001 0.11947000000000001 0.28240999999999999 0.44468999999999997 0.58752000000000004 0.71947000000000005 0.82499999999999996 0.92200000000000004 1.0054000000000001 1.0792999999999999 1.1459999999999999 1.2202999999999999 1.2996000000000001 1.3913 1.494 1.6009 1.7048000000000001 1.7945 1.8647 1.9129 1.9276
-0.41663 -0.41654999999999998 -0.41643000000000002 -0.41624 -0.41593999999999998 -0.41548000000000002 -0.4148 -0.41378999999999999 -0.41228999999999999 -0.41000999999999999 -0.40653 -0.40107999999999999 -0.39243 -0.37874999999999998 -0.35672999999999999 -0.32240999999999997 -0.26939999999999997 -0.19167000000000001 -0.085452 0.049600999999999999 0.19702 0.35319 0.48820000000000002 0.61412 0.72063999999999995 0.81467000000000001 0.89941000000000004 0.97341 1.0455000000000001 1.1217999999999999 1.2073 1.3022 1.4111 1.5218 1.6286 1.7156 1.7850999999999999 1.8317000000000001 1.833
-0.41698000000000002 -0.41691 -0.4168 -0.41664000000000001 -0.41638999999999998 -0.41600999999999999 -0.41544999999999999 -0.41460999999999998 -0.41333999999999999 -0.41141 -0.40841 -0.40378999999999998 -0.39637 -0.38471 -0.36591000000000001 -0.33624999999999999 -0.29060000000000002 -0.22261 -0.12948000000000001 -0.0084735999999999995 0.12626999999999999 0.26887 0.40238000000000002 0.52192000000000005 0.62975999999999999 0.72052000000000005 0.80523 0.88114000000000003 0.95721000000000001 1.0347999999999999 1.1269 1.2279 1.3388 1.4527000000000001 1.5581 1.6458999999999999 1.7121999999999999 1.7561 1.7397
-0.41770000000000002 -0.41760999999999998 -0.41749999999999998 -0.41732000000000002 -0.41709000000000002 -0.41671999999999998 -0.41624 -0.41554000000000002 -0.41448000000000002 -0.41281000000000001 -0.41019 -0.40616999999999998 -0.39977000000000001 -0.3896 -0.37339 -0.34755000000000003 -0.30795 -0.24829000000000001 -0.16589999999999999 -0.058602000000000001 0.066788 0.19789000000000001 0.32890999999999998 0.44203999999999999 0.54874999999999996 0.63798999999999995 0.72199999999999998 0.80008999999999997 0.87855000000000005 0.95909 1.0559000000000001 1.1619999999999999 1.2763 1.3923000000000001 1.4970000000000001 1.5842000000000001 1.6478999999999999 1.6868000000000001 1.6511
-0.41838999999999998 -0.41827999999999999 -0.41814000000000001 -0.41793999999999998 -0.41765000000000002 -0.41725000000000001 -0.41677999999999998 -0.41616999999999998 -0.41522999999999999 -0.41376000000000002 -0.41147 -0.40792 -0.40233999999999998 -0.39341999999999999 -0.37928000000000001 -0.35655999999999999 -0.32184000000000001 -0.26951000000000003 -0.1958 -0.099824999999999997 0.016650000000000002 0.13791 0.26401000000000002 0.37298999999999999 0.47606999999999999 0.56606999999999996 0.64942 0.72926000000000002 0.80944000000000005 0.89529999999999998 0.99356999999999995 1.105 1.2225999999999999 1.3384 1.4421999999999999 1.5271999999999999 1.5908 1.6176999999999999 1.5706
-0.41904000000000002 -0.41892000000000001 -0.41876000000000002 -0.41854000000000002 -0.41816999999999999 -0.41771999999999998 -0.41716999999999999 -0.41660000000000003 -0.41569 -0.41432000000000002 -0.41221999999999998 -0.40899999999999997 -0.40401999999999999 -0.39605000000000001 -0.38357000000000002 -0.36360999999999999 -0.33278999999999997 -0.28656999999999999 -0.2203 -0.13378000000000001 -0.025715999999999999 0.087238999999999997 0.20532 0.31363000000000002 0.41300999999999999 0.50394000000000005 0.58631999999999995 0.66715000000000002 0.74780000000000002 0.83809 0.93942999999999999 1.0558000000000001 1.1748000000000001 1.2897000000000001 1.3929 1.4751000000000001 1.5369999999999999 1.5531999999999999 1.4982
-0.41965999999999998 -0.41954000000000002 -0.41937999999999998 -0.41914000000000001 -0.41871999999999998 -0.41824 -0.41760999999999998 -0.41696 -0.41598000000000002 -0.41455999999999998 -0.41252 -0.40944999999999998 -0.40490999999999999 -0.39772000000000002 -0.38651000000000002 -0.36876999999999999 -0.34115000000000001 -0.29992999999999997 -0.23999000000000001 -0.16145000000000001 -0.063008999999999996 0.044718000000000001 0.15548999999999999 0.26247999999999999 0.35837000000000002 0.45021 0.53151000000000004 0.61273 0.69357000000000002 0.78834000000000004 0.89429000000000003 1.0135000000000001 1.1314 1.2445999999999999 1.3481000000000001 1.4263999999999999 1.4863 1.492 1.4298999999999999
-0.42077999999999999 -0.42066999999999999 -0.42049999999999998 -0.42026999999999998 -0.41992000000000002 -0.41943000000000003 -0.41877999999999999 -0.41793999999999998 -0.41678999999999999 -0.41509000000000001 -0.41291 -0.40971999999999997 -0.40537000000000001 -0.39895000000000003 -0.38922000000000001 -0.37447000000000003 -0.35153000000000001 -0.31770999999999999 -0.26845999999999998 -0.20150000000000001 -0.11799 -0.019831000000000001 0.078874 0.18137 0.27237 0.36074000000000001 0.44268999999999997 0.52315999999999996 0.60479000000000005 0.70772000000000002 0.82116999999999996 0.94069999999999998 1.0555000000000001 1.1652 1.2641 1.3414999999999999 1.3905000000000001 1.3731 1.3057000000000001
-0.42180000000000001 -0.42170000000000002 -0.42154999999999998 -0.42135 -0.42107 -0.42064000000000001 -0.42004999999999998 -0.41915999999999998 -0.41791 -0.41608000000000001 -0.41355999999999998 -0.41009000000000001 -0.40517999999999998 -0.39867000000000002 -0.38907000000000003 -0.37574000000000002 -0.35568 -0.32629999999999998 -0.28427000000000002 -0.22563 -0.15279999999999999 -0.064438999999999996 0.026317 0.12003 0.21007000000000001 0.29396 0.37511 0.45313999999999999 0.54018999999999995 0.64561999999999997 0.76312999999999998 0.88026000000000004 0.99055000000000004 1.0975999999999999 1.1909000000000001 1.2643 1.3006 1.2681 1.1922999999999999
-0.42272999999999999 -0.42264000000000002 -0.42252000000000001 -0.42233999999999999 -0.42209000000000002 -0.42172999999999999 -0.42122999999999999 -0.42044999999999999 -0.41926999999999998 -0.41750999999999999 -0.41487000000000002 -0.41123999999999999 -0.40584999999999999 -0.39883000000000002 -0.38880999999999999 -0.37519000000000002 -0.35626999999999998 -0.32901000000000002 -0.29158000000000001 -0.23927999999999999 -0.17349000000000001 -0.094727000000000006 -0.0088736000000000006 0.077021999999999993 0.16467000000000001 0.24168000000000001 0.31897999999999999 0.39744000000000002 0.49075999999999997 0.59728999999999999 0.71382000000000001 0.82701000000000002 0.93515999999999999 1.0385 1.125 1.1950000000000001 1.2192000000000001 1.1757 1.0851999999999999
-0.42441000000000001 -0.42435 -0.42426000000000003 -0.42412 -0.42391000000000001 -0.42360999999999999 -0.42316999999999999 -0.42252000000000001 -0.42152000000000001 -0.41998999999999997 -0.41758000000000001 -0.41402 -0.40872000000000003 -0.40105000000000002 -0.39057999999999998 -0.37554999999999999 -0.35661999999999999 -0.32988000000000001 -0.29498999999999997 -0.24798000000000001 -0.18748999999999999 -0.11753 -0.037095000000000003 0.039787000000000003 0.11899999999999999 0.19167000000000001 0.26573999999999998 0.34250000000000003 0.43302000000000002 0.53839999999999999 0.65649999999999997 0.76692000000000005 0.87195 0.96799000000000002 1.0506 1.1157999999999999 1.1194 1.0705 0.96426000000000001
-0.4259 -0.42586000000000002 -0.42580000000000001 -0.42569000000000001 -0.42553000000000002 -0.42527999999999999 -0.42491000000000001 -0.42436000000000001 -0.42352000000000001 -0.42222999999999999 -0.42019000000000001 -0.41698000000000002 -0.41210000000000002 -0.40450000000000003 -0.39401000000000003 -0.37852999999999998 -0.35841000000000001 -0.33144000000000001 -0.29614000000000001 -0.25194 -0.19409000000000001 -0.13053000000000001 -0.057842999999999999 0.013757 0.084461999999999995 0.15165000000000001 0.22328000000000001 0.30012 0.3886 0.49413000000000001 0.60470000000000002 0.71394000000000002 0.81716 0.9083 0.98475000000000001 1.0387 1.0266999999999999 0.97404000000000002 0.85572999999999999
-0.42725000000000002 -0.42721999999999999 -0.42716999999999999 -0.42709000000000003 -0.42697000000000002 -0.42676999999999998 -0.42646000000000001 -0.42599999999999999 -0.42529 -0.42419000000000001 -0.42247000000000001 -0.41969000000000001 -0.41538000000000003 -0.40850999999999998 -0.39833000000000002 -0.38339000000000001 -0.36226000000000003 -0.33506000000000002 -0.29791000000000001 -0.25523000000000001 -0.20027 -0.13911000000000001 -0.073358000000000007 -0.0072306999999999996 0.055687 0.11753 0.18726000000000001 0.26295000000000002 0.34753000000000001 0.45188 0.55796000000000001 0.66666000000000003 0.76783000000000001 0.85045000000000004 0.92498000000000002 0.96875999999999995 0.94718999999999998 0.88239000000000001 0.75753999999999999
-0.42846000000000001 -0.42843999999999999 -0.42841000000000001 -0.42835000000000001 -0.42825000000000002 -0.42809999999999998 -0.42785000000000001 -0.42746000000000001 -0.42686000000000002 -0.42592000000000002 -0.42444999999999999 -0.42208000000000001 -0.41830000000000001 -0.41227000000000003 -0.40278999999999998 -0.38879999999999998 -0.36762 -0.34059 -0.30334 -0.25967000000000001 -0.20666000000000001 -0.14641999999999999 -0.087157999999999999 -0.026096000000000001 0.028931999999999999 0.087103 0.15454000000000001 0.22783 0.31086999999999998 0.41149999999999998 0.51541999999999999 0.62329999999999997 0.72433000000000003 0.79551000000000005 0.86944999999999995 0.90237999999999996 0.87390000000000001 0.79779999999999995 0.67266999999999999
-0.43001 -0.42998999999999998 -0.42996000000000001 -0.42992000000000002 -0.42984 -0.42971999999999999 -0.42951 -0.42919000000000002 -0.42868000000000001 -0.42786999999999997 -0.42659999999999998 -0.42455999999999999 -0.42126000000000002 -0.41598000000000002 -0.40737000000000001 -0.39451000000000003 -0.37458999999999998 -0.34761999999999998 -0.31119000000000002 -0.26594000000000001 -0.21457000000000001 -0.15421000000000001 -0.10112 -0.045870000000000001 0.0042808999999999998 0.060111999999999999 0.12396 0.19383 0.27554000000000001 0.37263000000000002 0.47616999999999998 0.58238999999999996 0.67886999999999997 0.74522999999999995 0.81813000000000002 0.83691000000000004 0.80586999999999998 0.72009000000000001 0.60177000000000003
-0.43142999999999998 -0.43142000000000003 -0.43140000000000001 -0.43136999999999998 -0.43131000000000003 -0.43120000000000003 -0.43103999999999998 -0.43075999999999998 -0.43032999999999999 -0.42963000000000001 -0.42853000000000002 -0.42675999999999997 -0.42386000000000001 -0.41921000000000003 -0.41153000000000001 -0.39977000000000001 -0.38152999999999998 -0.35508000000000001 -0.31994 -0.27351999999999999 -0.22378000000000001 -0.16542000000000001 -0.11538 -0.065007999999999996 -0.019476 0.034521000000000003 0.094755000000000006 0.16098999999999999 0.24196000000000001 0.33679999999999999 0.44025999999999998 0.54508999999999996 0.63497000000000003 0.70143 0.76632999999999996 0.77478999999999998 0.74197999999999997 0.64832000000000001 0.53649000000000002
-0.43275999999999998 -0.43275000000000002 -0.43274000000000001 -0.43270999999999998 -0.43265999999999999 -0.43257000000000001 -0.43242999999999998 -0.43219999999999997 -0.43182999999999999 -0.43123 -0.43025999999999998 -0.42870999999999998 -0.42613000000000001 -0.42203000000000002 -0.41525000000000001 -0.40448000000000001 -0.38782 -0.36244999999999999 -0.32884999999999998 -0.28249999999999997 -0.23391999999999999 -0.17907999999999999 -0.13070000000000001 -0.084290000000000004 -0.041096000000000001 0.010640999999999999 0.066568000000000002 0.12964999999999999 0.21054999999999999 0.30395 0.41004000000000002 0.51254 0.59343999999999997 0.66035999999999995 0.71753999999999996 0.71772999999999998 0.68220000000000003 0.58184000000000002 0.47604999999999997
-0.434 -0.434 -0.43397999999999998 -0.43396000000000001 -0.43391999999999997 -0.43385000000000001 -0.43373 -0.43353000000000003 -0.43320999999999998 -0.43268000000000001 -0.43182999999999999 -0.43045 -0.42818000000000001 -0.42449999999999999 -0.41846 -0.40862999999999999 -0.39340999999999998 -0.36942999999999998 -0.33745000000000003 -0.29344999999999999 -0.2445 -0.19342999999999999 -0.14607000000000001 -0.10345 -0.062096999999999999 -0.013257 0.039454000000000003 0.10005 0.18134 0.27378999999999998 0.38092999999999999 0.48075000000000001 0.55532000000000004 0.62261 0.67210000000000003 0.66673000000000004 0.62346999999999997 0.51976 0.41971999999999998
-0.43589 -0.43587999999999999 -0.43586999999999998 -0.43585000000000002 -0.43581999999999999 -0.43575999999999998 -0.43564999999999998 -0.43547999999999998 -0.43519999999999998 -0.43474000000000002 -0.43397000000000002 -0.43275000000000002 -0.43071999999999999 -0.4274 -0.42197000000000001 -0.41298000000000001 -0.39903 -0.37690000000000001 -0.34614 -0.30463000000000001 -0.25574000000000002 -0.20838999999999999 -0.16139999999999999 -0.12230000000000001 -0.082221000000000002 -0.036729999999999999 0.013289 0.073220999999999994 0.15392 0.24582000000000001 0.35239999999999999 0.45115 0.51876999999999995 0.58481000000000005 0.62851000000000001 0.61887999999999999 0.56791000000000003 0.46177000000000001 0.36720999999999998
0.96999999999999997 0.029999999999999999
-0.54169999999999996 -0.60321999999999998 -0.67527000000000004 -0.76226000000000005 -0.84816999999999998 -0.94355 -1.0435000000000001 -1.1417999999999999 -1.2415 -1.3418000000000001 -1.4389000000000001 -1.5315000000000001 -1.617 -1.6940999999999999 -1.7606999999999999 -1.8044 -1.8278000000000001 -1.8322000000000001 -1.8099000000000001 -1.7588999999999999 -1.6938 -1.6176999999999999 -1.5173000000000001 -1.4126000000000001 -1.3052999999999999 -1.1831 -1.0558000000000001 -0.92840999999999996 -0.78586999999999996 -0.63443000000000005 -0.48348000000000002 -0.30646000000000001 -0.12415 0.068288000000000001 0.27840999999999999 0.48758000000000001 0.70589000000000002 0.92123999999999995 1.1316999999999999
-0.36575999999999997 -0.36253999999999997 -0.35874 -0.3579 -0.35959999999999998 -0.36534 -0.37812000000000001 -0.39796999999999999 -0.42121999999999998 -0.45967000000000002 -0.48969000000000001 -0.53147999999999995 -0.56974999999999998 -0.59735000000000005 -0.62292000000000003 -0.63853000000000004 -0.64258000000000004 -0.63100000000000001 -0.60555000000000003 -0.57165999999999995 -0.52649999999999997 -0.45968999999999999 -0.38995999999999997 -0.31883 -0.22706999999999999 -0.13127 -0.036252 0.066590999999999997 0.18079999999999999 0.29375000000000001 0.40631 0.53654999999999997 0.66554999999999997 0.79327000000000003 0.93605000000000005 1.0815999999999999 1.2258 1.3843000000000001 1.546
-0.38152999999999998 -0.37574999999999997 -0.36808999999999997 -0.35746 -0.34266999999999997 -0.32158999999999999 -0.29176000000000002 -0.24607000000000001 -0.19034999999999999 -0.11362999999999999 -0.017079 0.099886000000000003 0.23244000000000001 0.38170999999999999 0.53066000000000002 0.68505000000000005 0.81733999999999996 0.94230000000000003 1.0512999999999999 1.1365000000000001 1.2217 1.2896000000000001 1.351 1.4115 1.4718 1.5309999999999999 1.5886 1.6512 1.7214 1.7897000000000001 1.8567 1.9419999999999999 2.0251000000000001 2.1059999999999999 2.1976 2.2946 2.3894000000000002 2.4864000000000002 2.5943999999999998
-0.36697999999999997 -0.36405999999999999 -0.36001 -0.35393000000000002 -0.34503 -0.33126 -0.31051000000000001 -0.27921000000000001 -0.23293 -0.16805999999999999 -0.079061999999999993 0.035045 0.17766999999999999 0.34636 0.53864000000000001 0.74892999999999998 0.96945999999999999 1.1930000000000001 1.4173 1.6274999999999999 1.8226 1.9891000000000001 2.1499000000000001 2.2646000000000002 2.3771 2.4683999999999999 2.5428999999999999 2.6154000000000002 2.6793999999999998 2.7376999999999998 2.7938999999999998 2.8515000000000001 2.9106999999999998 2.9674999999999998 3.0249999999999999 3.0954000000000002 3.1634000000000002 3.2288999999999999 3.3121
-0.34358 -0.33506999999999998 -0.32752999999999999 -0.31896999999999998 -0.30895 -0.29658000000000001 -0.28108 -0.25817000000000001 -0.22456000000000001 -0.17568 -0.10792 -0.015991999999999999 0.098617999999999997 0.24293999999999999 0.40956999999999999 0.60082000000000002 0.81089 1.0347999999999999 1.2723 1.5141 1.7617 2.0057 2.2425000000000002 2.4636999999999998 2.6669999999999998 2.8443999999999998 2.9964 3.1324000000000001 3.2338 3.3325 3.4113000000000002 3.4798 3.5461999999999998 3.6084999999999998 3.6680999999999999 3.7254999999999998 3.7888999999999999 3.8552 3.9197000000000002
-0.35703000000000001 -0.34828999999999999 -0.33706000000000003 -0.32346999999999998 -0.30717 -0.28774 -0.26380999999999999 -0.2341 -0.19505 -0.14549000000000001 -0.079981999999999998 0.0021277000000000002 0.10011 0.22192000000000001 0.36997000000000002 0.53517999999999999 0.72997999999999996 0.93859999999999999 1.165 1.4020999999999999 1.6456999999999999 1.8976 2.1482999999999999 2.3997999999999999 2.6440999999999999 2.8780000000000001 3.0954999999999999 3.2936000000000001 3.4687000000000001 3.6168999999999998 3.7541000000000002 3.8555999999999999 3.9542000000000002 4.0381 4.1102999999999996 4.1801000000000004 4.2470999999999997 4.3117999999999999 4.3746999999999998
-0.34626000000000001 -0.33793000000000001 -0.32443 -0.31237999999999999 -0.29725000000000001 -0.27816000000000002 -0.25434000000000001 -0.22678999999999999 -0.19220999999999999 -0.14924999999999999 -0.091337000000000002 -0.018017999999999999 0.077025999999999997 0.19508 0.33784999999999998 0.50919999999999999 0.70181000000000004 0.91983000000000004 1.1496999999999999 1.3900999999999999 1.6363000000000001 1.883 2.1351 2.3828999999999998 2.6379999999999999 2.8898000000000001 3.1438000000000001 3.3923000000000001 3.6345999999999998 3.8572000000000002 4.0683999999999996 4.2450000000000001 4.4097999999999997 4.5427 4.6589 4.7632000000000003 4.8391999999999999 4.9142999999999999 4.9911000000000003
-0.3498 -0.34320000000000001 -0.33305000000000001 -0.31534000000000001 -0.29443999999999998 -0.26928000000000002 -0.23676 -0.19658 -0.14840999999999999 -0.091887999999999997 -0.026279 0.052200999999999997 0.14410000000000001 0.25781999999999999 0.39213999999999999 0.55188999999999999 0.73734999999999995 0.94399 1.1782999999999999 1.4218999999999999 1.6839 1.9483999999999999 2.2147999999999999 2.4786999999999999 2.7353999999999998 2.9935 3.2456999999999998 3.5024999999999999 3.7530999999999999 3.9979 4.2279999999999998 4.4469000000000003 4.6326000000000001 4.8056000000000001 4.9478999999999997 5.0765000000000002 5.1885000000000003 5.2812000000000001 5.3727999999999998
-0.33883000000000002 -0.33177000000000001 -0.32454 -0.31483 -0.29703000000000002 -0.27318999999999999 -0.24604000000000001 -0.20760000000000001 -0.15783 -0.091644000000000003 -0.011696 0.084636000000000003 0.19808000000000001 0.32961000000000001 0.48285 0.65358000000000005 0.84692999999999996 1.0548 1.2782 1.5164 1.7605 2.0209000000000001 2.2805 2.5497000000000001 2.8161 3.081 3.3433999999999999 3.5990000000000002 3.8521999999999998 4.0951000000000004 4.3281999999999998 4.5462999999999996 4.7474999999999996 4.9301000000000004 5.0934999999999997 5.2366000000000001 5.3544 5.4654999999999996 5.5511999999999997
-0.34100000000000003 -0.33391999999999999 -0.32543 -0.31315999999999999 -0.29388999999999998 -0.27257999999999999 -0.24521000000000001 -0.20838000000000001 -0.15972 -0.096638000000000002 -0.015330999999999999 0.082374000000000003 0.20369999999999999 0.34365000000000001 0.50958000000000003 0.69752000000000003 0.90385000000000004 1.1273 1.3579000000000001 1.6014999999999999 1.8459000000000001 2.0958999999999999 2.3504 2.6065 2.8696000000000002 3.1286 3.3894000000000002 3.6423999999999999 3.8881000000000001 4.1223999999999998 4.3452999999999999 4.5521000000000003 4.7500999999999998 4.9261999999999997 5.0979000000000001 5.2382 5.3779000000000003 5.4757999999999996 5.5705
-0.33450999999999997 -0.32749 -0.31933 -0.31023000000000001 -0.29792000000000002 -0.27622000000000002 -0.24714 -0.21303 -0.16647000000000001 -0.10551000000000001 -0.024059000000000001 0.076845999999999998 0.20044000000000001 0.34699000000000002 0.51414000000000004 0.70762000000000003 0.91593999999999998 1.145 1.3822000000000001 1.6277999999999999 1.8766 2.1240999999999999 2.3763999999999998 2.6255999999999999 2.8797000000000001 3.1311 3.3807 3.6240999999999999 3.8595000000000002 4.0788000000000002 4.2877999999999998 4.4835000000000003 4.6665000000000001 4.8381999999999996 4.9962 5.1428000000000003 5.2717000000000001 5.3849999999999998 5.4859999999999998
-0.33671000000000001 -0.32939000000000002 -0.32091999999999998 -0.31087999999999999 -0.29908000000000001 -0.28397 -0.25828000000000001 -0.22156000000000001 -0.18068999999999999 -0.12558 -0.054115999999999997 0.041457000000000001 0.15866 0.30448999999999998 0.47314000000000001 0.66342000000000001 0.87341999999999997 1.0923 1.3285 1.5669 1.8138000000000001 2.0619999999999998 2.3113000000000001 2.5602999999999998 2.8047 3.0461 3.2799999999999998 3.5063 3.7210000000000001 3.9235000000000002 4.1094999999999997 4.2839 4.4450000000000003 4.5991999999999997 4.7470999999999997 4.8884999999999996 5.0194000000000001 5.1398000000000001 5.2390999999999996
-0.33183000000000001 -0.32496999999999998 -0.31685000000000002 -0.30687999999999999 -0.29498000000000002 -0.27884999999999999 -0.25401000000000001 -0.22484000000000001 -0.18804000000000001 -0.13711000000000001 -0.070042999999999994 0.01772 0.12859999999999999 0.26046999999999998 0.41930000000000001 0.59458999999999995 0.79383999999999999 1.0069999999999999 1.2339 1.4731000000000001 1.7146999999999999 1.9658 2.2134999999999998 2.4620000000000002 2.7054 2.9439000000000002 3.1737000000000002 3.3957999999999999 3.5998000000000001 3.7902999999999998 3.9605000000000001 4.1166 4.2609000000000004 4.4001000000000001 4.5358000000000001 4.6683000000000003 4.7991999999999999 4.9096000000000002 5.0186999999999999
-0.31414999999999998 -0.30748999999999999 -0.29979 -0.29071999999999998 -0.27964 -0.26333000000000001 -0.24056 -0.21376000000000001 -0.17848 -0.13222 -0.070417999999999994 0.0075837999999999999 0.11019 0.23335 0.38183 0.55200000000000005 0.73811000000000004 0.94554000000000005 1.1597999999999999 1.3943000000000001 1.6329 1.8804000000000001 2.1301000000000001 2.3782000000000001 2.6234000000000002 2.8612000000000002 3.0905999999999998 3.3081 3.5108000000000001 3.6911999999999998 3.8534000000000002 3.9937 4.1220999999999997 4.2481 4.3703000000000003 4.4946000000000002 4.6121999999999996 4.7237 4.8232999999999997
-0.28738000000000002 -0.28110000000000002 -0.27359 -0.26462000000000002 -0.25428000000000001 -0.24202000000000001 -0.22441 -0.19692000000000001 -0.16270000000000001 -0.11981 -0.060705000000000002 0.014633 0.11025 0.22833999999999999 0.36458000000000002 0.52714000000000005 0.70313999999999999 0.90264999999999995 1.1138999999999999 1.337 1.5742 1.8131999999999999 2.0653999999999999 2.3129 2.5604 2.7989999999999999 3.0289999999999999 3.2423999999999999 3.4424000000000001 3.613 3.7654999999999998 3.8938000000000001 4.0119999999999996 4.1241000000000003 4.2373000000000003 4.3502000000000001 4.4595000000000002 4.5674000000000001 4.6590999999999996
-0.22620000000000001 -0.221 -0.21493999999999999 -0.20794000000000001 -0.19872000000000001 -0.18801999999999999 -0.17016999999999999 -0.14571999999999999 -0.11584999999999999 -0.076130000000000003 -0.023098 0.049092999999999998 0.13725999999999999 0.25309999999999999 0.38519999999999999 0.54086999999999996 0.71270999999999995 0.89802000000000004 1.1025 1.3110999999999999 1.5432999999999999 1.7765 2.0211000000000001 2.2665999999999999 2.5110999999999999 2.7502 2.98 3.1905000000000001 3.3824999999999998 3.548 3.6886000000000001 3.8083 3.9171 4.0178000000000003 4.1231999999999998 4.2256999999999998 4.3284000000000002 4.4260000000000002 4.5152000000000001
-0.16153999999999999 -0.15407000000000001 -0.14559 -0.13664999999999999 -0.12622 -0.1148 -0.097835000000000005 -0.075439000000000006 -0.048522999999999997 -0.010220999999999999 0.037231 0.10609 0.18842999999999999 0.29416999999999999 0.41935 0.56315000000000004 0.73138000000000003 0.90786999999999995 1.1083000000000001 1.3126 1.532 1.7605 1.9944999999999999 2.2368999999999999 2.4752999999999998 2.7130000000000001 2.9386000000000001 3.1482999999999999 3.3321999999999998 3.4925000000000002 3.6217000000000001 3.7332999999999998 3.8323999999999998 3.9260999999999999 4.0217999999999998 4.1162999999999998 4.2111000000000001 4.2987000000000002 4.3825000000000003
-0.045763999999999999 -0.023619000000000001 -0.0011378 0.022117000000000001 0.045663000000000002 0.071900000000000006 0.099743999999999999 0.13152 0.16658000000000001 0.2102 0.26335999999999998 0.32502999999999999 0.40467999999999998 0.48996000000000001 0.60102 0.72058 0.85951999999999995 1.0157 1.1798 1.3714 1.5637000000000001 1.7758 1.9888999999999999 2.2088999999999999 2.4327000000000001 2.6539999999999999 2.867 3.0634999999999999 3.2298 3.3687 3.4796999999999998 3.5714999999999999 3.6516000000000002 3.7309000000000001 3.8073999999999999 3.8839999999999999 3.9571000000000001 4.0251999999999999 4.0997000000000003
-0.097153000000000003 -0.064523999999999998 -0.028993999999999999 0.0090798000000000007 0.050782000000000001 0.096726000000000006 0.14695 0.20054 0.25968000000000002 0.32201000000000002 0.39562000000000003 0.47522999999999999 0.56691000000000003 0.66934000000000005 0.77707999999999999 0.89998999999999996 1.0193000000000001 1.159 1.3008 1.4599 1.6348 1.8154999999999999 2.0156000000000001 2.2122999999999999 2.4184999999999999 2.6185 2.8136999999999999 2.9876999999999998 3.1408 3.2568999999999999 3.3540000000000001 3.4319000000000002 3.5030000000000001 3.5714000000000001 3.6387999999999998 3.7054 3.7738999999999998 3.8466 3.9426999999999999
-0.28819 -0.26241999999999999 -0.23261999999999999 -0.19694 -0.15726000000000001 -0.11104 -0.058396999999999998 0.0023966999999999999 0.072429999999999994 0.15228 0.24501000000000001 0.35104000000000002 0.47053 0.60104999999999997 0.73902999999999996 0.87899000000000005 1.0263 1.1707000000000001 1.3285 1.4871000000000001 1.6538999999999999 1.827 1.9976 2.1789000000000001 2.3521999999999998 2.5278 2.6894999999999998 2.8361000000000001 2.9554 3.0552000000000001 3.1309 3.1981999999999999 3.2595999999999998 3.3195999999999999 3.3794 3.4506999999999999 3.5264000000000002 3.6419000000000001 3.7707999999999999
-0.37523000000000001 -0.36469000000000001 -0.35077000000000003 -0.33228999999999997 -0.30751000000000001 -0.2772 -0.23802999999999999 -0.19181000000000001 -0.13522000000000001 -0.068209000000000006 0.0099670000000000002 0.10215 0.20785999999999999 0.33104 0.47181000000000001 0.63000999999999996 0.80281000000000002 0.98401000000000005 1.1665000000000001 1.3524 1.5339 1.7173 1.8969 2.0724999999999998 2.2448000000000001 2.4060000000000001 2.5556999999999999 2.6858 2.7921999999999998 2.8786 2.9508000000000001 3.0137 3.0728 3.1349999999999998 3.2033999999999998 3.2881 3.395 3.5142000000000002 3.6629
-0.39363999999999999 -0.39002999999999999 -0.38457000000000002 -0.37718000000000002 -0.36635000000000001 -0.35111999999999999 -0.32980999999999999 -0.29953000000000002 -0.25968000000000002 -0.20613999999999999 -0.1399 -0.057468999999999999 0.041826000000000002 0.15848000000000001 0.29526999999999998 0.45036999999999999 0.62422 0.81303000000000003 1.0111000000000001 1.2137 1.4157999999999999 1.6113999999999999 1.802 1.9811000000000001 2.1524000000000001 2.3083 2.4481999999999999 2.5640000000000001 2.6627000000000001 2.7401 2.8096999999999999 2.8721999999999999 2.9365000000000001 3.0032000000000001 3.0889000000000002 3.181 3.3010000000000002 3.4325999999999999 3.5760000000000001
-0.39965000000000001 -0.39794000000000002 -0.39581 -0.39284000000000002 -0.38878000000000001 -0.38289000000000001 -0.37484000000000001 -0.36373 -0.34782999999999997 -0.32514999999999999 -0.29163 -0.24307000000000001 -0.17329 -0.075115000000000001 0.055185999999999999 0.21972 0.41387000000000002 0.62987000000000004 0.85577999999999999 1.0821000000000001 1.3016000000000001 1.5083 1.7024999999999999 1.8791 2.0388999999999999 2.1793999999999998 2.2982999999999998 2.3980000000000001 2.4796999999999998 2.5522 2.6214 2.6907999999999999 2.7671000000000001 2.8525999999999998 2.9430000000000001 3.0547 3.1717 3.3043 3.4411999999999998
-0.40198 -0.40067999999999998 -0.39895999999999998 -0.39660000000000001 -0.39296999999999999 -0.38851000000000002 -0.38255 -0.37489 -0.36443999999999999 -0.34977999999999998 -0.32890000000000003 -0.29874000000000001 -0.25524000000000002 -0.1923 -0.10014000000000001 0.029595 0.20455999999999999 0.42281999999999997 0.67142000000000002 0.92835000000000001 1.1799999999999999 1.4095 1.6146 1.7957000000000001 1.9487000000000001 2.0836000000000001 2.1922999999999999 2.2869000000000002 2.3675999999999999 2.4447999999999999 2.5190999999999999 2.5987 2.6783999999999999 2.7681 2.8631000000000002 2.964 3.0817000000000001 3.2048000000000001 3.3340999999999998
-0.40089000000000002 -0.39996999999999999 -0.39842 -0.39645999999999998 -0.39366000000000001 -0.38996999999999998 -0.38507000000000002 -0.37798999999999999 -0.36871999999999999 -0.35602 -0.33905000000000002 -0.31558999999999998 -0.28212999999999999 -0.23322999999999999 -0.16269 -0.059576999999999998 0.081295000000000006 0.27004 0.49922 0.75914000000000004 1.0219 1.2804 1.4984999999999999 1.6947000000000001 1.8533999999999999 1.988 2.1032000000000002 2.2000000000000002 2.2879999999999998 2.3725000000000001 2.4544999999999999 2.5366 2.6213000000000002 2.7040999999999999 2.7988 2.8952 3.0057999999999998 3.1286 3.2450000000000001
-0.40053 -0.39945999999999998 -0.39804 -0.39610000000000001 -0.39366000000000001 -0.39001000000000002 -0.38546999999999998 -0.37917000000000001 -0.37089 -0.35954999999999998 -0.34388999999999997 -0.32199 -0.29148000000000002 -0.24831 -0.18723000000000001 -0.099742999999999998 0.023035 0.18587999999999999 0.39489999999999997 0.63522999999999996 0.89515 1.1501999999999999 1.3886000000000001 1.5898000000000001 1.768 1.9048 2.028 2.1320999999999999 2.2296 2.3214000000000001 2.4093 2.4923999999999999 2.5760000000000001 2.6583000000000001 2.7425000000000002 2.8412999999999999 2.9476 3.0617000000000001 3.1646999999999998
-0.39906000000000003 -0.39763999999999999 -0.39617000000000002 -0.39417000000000002 -0.39187 -0.38866000000000001 -0.38438 -0.37864999999999999 -0.37047000000000002 -0.35959999999999998 -0.34421000000000002 -0.32335999999999998 -0.29424 -0.25361 -0.1963 -0.11756 -0.0059394000000000001 0.14055999999999999 0.32990999999999998 0.55325000000000002 0.80208000000000002 1.0523 1.2975000000000001 1.5034000000000001 1.6879999999999999 1.8381000000000001 1.9678 2.0817000000000001 2.1865000000000001 2.2848999999999999 2.375 2.4590999999999998 2.5371999999999999 2.6175000000000002 2.6943000000000001 2.7930000000000001 2.8953000000000002 2.9971999999999999 3.0872999999999999
-0.3982 -0.39616000000000001 -0.39400000000000002 -0.39145000000000002 -0.38843 -0.38494 -0.38024999999999998 -0.37475999999999998 -0.36699999999999999 -0.35675000000000001 -0.34227999999999997 -0.32190999999999997 -0.29364000000000001 -0.25430000000000003 -0.1988 -0.12286999999999999 -0.018452 0.11944 0.29358000000000001 0.50485999999999998 0.73894000000000004 0.98416000000000003 1.2214 1.4379 1.6242000000000001 1.7882 1.9227000000000001 2.0459000000000001 2.1555 2.2564000000000002 2.3475999999999999 2.4287000000000001 2.5009999999999999 2.5773000000000001 2.6551999999999998 2.7444999999999999 2.8416999999999999 2.9348000000000001 3.0152000000000001
-0.39877000000000001 -0.39609 -0.39299000000000001 -0.38965 -0.38551999999999997 -0.38124999999999998 -0.37580000000000002 -0.36951000000000001 -0.36155999999999999 -0.35110000000000002 -0.33751999999999999 -0.31847999999999999 -0.29226000000000002 -0.25467000000000001 -0.20161000000000001 -0.12739 -0.027074000000000001 0.10741000000000001 0.27323999999999998 0.47527999999999998 0.69876000000000005 0.93652000000000002 1.1673 1.3888 1.5768 1.7484999999999999 1.8896999999999999 2.0188000000000001 2.1343000000000001 2.2338 2.3212999999999999 2.3967999999999998 2.4668999999999999 2.5356999999999998 2.6135000000000002 2.6968000000000001 2.7875000000000001 2.8744999999999998 2.9470999999999998
-0.40423999999999999 -0.40223999999999999 -0.39927000000000001 -0.39516000000000001 -0.38972000000000001 -0.38239000000000001 -0.37375000000000003 -0.36287000000000003 -0.35110000000000002 -0.33683999999999997 -0.31995000000000001 -0.29931000000000002 -0.27244000000000002 -0.23727999999999999 -0.18895000000000001 -0.12179 -0.030089999999999999 0.092260999999999996 0.24845 0.43361 0.64576999999999996 0.86895 1.0928 1.3065 1.5053000000000001 1.679 1.8360000000000001 1.9675 2.0808 2.1675 2.2412000000000001 2.3039000000000001 2.3654000000000002 2.4258999999999999 2.4967999999999999 2.5764999999999998 2.6579000000000002 2.7351000000000001 2.7926000000000002
-0.40706999999999999 -0.40619 -0.40475 -0.40261999999999998 -0.39954000000000001 -0.39494000000000001 -0.38816000000000001 -0.37841999999999998 -0.36441000000000001 -0.34649999999999997 -0.32274000000000003 -0.29520000000000002 -0.26146000000000003 -0.22062999999999999 -0.16975999999999999 -0.10457 -0.018657 0.092249999999999999 0.23643 0.41060000000000002 0.61260999999999999 0.82960999999999996 1.0512999999999999 1.2607999999999999 1.4564999999999999 1.6265000000000001 1.7751999999999999 1.9011 1.9954000000000001 2.0735999999999999 2.1362999999999999 2.194 2.2492999999999999 2.3125 2.3812000000000002 2.4590999999999998 2.5404 2.6133000000000002 2.6600000000000001
-0.40786 -0.40734999999999999 -0.40665000000000001 -0.40564 -0.40398000000000001 -0.40128999999999998 -0.39731 -0.39140999999999998 -0.38229000000000002 -0.36842999999999998 -0.34798000000000001 -0.31828000000000001 -0.27909 -0.22745000000000001 -0.16646 -0.091194999999999998 3.0338e-05 0.11259 0.24969 0.41685 0.60585 0.81460999999999995 1.0246999999999999 1.2264999999999999 1.4078999999999999 1.569 1.7000999999999999 1.8099000000000001 1.8907 1.9602999999999999 2.0206 2.0781999999999998 2.1347 2.2004999999999999 2.2755000000000001 2.3561000000000001 2.4369999999999998 2.5041000000000002 2.5457999999999998
-0.40839999999999999 -0.40799999999999997 -0.40744000000000002 -0.40665000000000001 -0.40553 -0.40392 -0.40133999999999997 -0.39746999999999999 -0.39150000000000001 -0.38218000000000002 -0.36779000000000001 -0.34516000000000002 -0.31102000000000002 -0.26117000000000001 -0.19233 -0.10568 0.00065841000000000001 0.1229 0.26577000000000001 0.43003000000000002 0.61272000000000004 0.80840000000000001 1.0038 1.1899999999999999 1.3540000000000001 1.4966999999999999 1.6127 1.7052 1.7796000000000001 1.8453999999999999 1.9064000000000001 1.9663999999999999 2.0289000000000001 2.0951 2.1802000000000001 2.2679999999999998 2.3485 2.4085999999999999 2.4441999999999999
-0.40909000000000001 -0.40872999999999998 -0.40822999999999998 -0.40755999999999998 -0.40662999999999999 -0.40533000000000002 -0.40348000000000001 -0.40065000000000001 -0.39634000000000003 -0.38957000000000003 -0.37892999999999999 -0.36226000000000003 -0.33578000000000002 -0.29472999999999999 -0.23202 -0.14427999999999999 -0.028711 0.1077 0.26249 0.43135000000000001 0.61175000000000002 0.79691999999999996 0.97668999999999995 1.1436999999999999 1.2915000000000001 1.4169 1.5225 1.6028 1.6724000000000001 1.7374000000000001 1.8 1.8631 1.931 2.0063 2.0962999999999998 2.1873 2.2656999999999998 2.3233000000000001 2.3525999999999998
-0.40966000000000002 -0.40938000000000002 -0.40897 -0.40838000000000002 -0.40755999999999998 -0.40640999999999999 -0.40479999999999999 -0.40244999999999997 -0.39900000000000002 -0.39366000000000001 -0.38524999999999998 -0.37201000000000001 -0.35093999999999997 -0.31748999999999999 -0.26508999999999999 -0.18540000000000001 -0.074272000000000005 0.069516999999999995 0.23211999999999999 0.41177000000000002 0.59065999999999996 0.76949000000000001 0.93583000000000005 1.0881000000000001 1.2242999999999999 1.3366 1.4340999999999999 1.5067999999999999 1.5741000000000001 1.6382000000000001 1.7035 1.77 1.8431999999999999 1.9285000000000001 2.0230000000000001 2.1145999999999998 2.1916000000000002 2.2469000000000001 2.2726999999999999
-0.41014 -0.40991 -0.40958 -0.40909000000000001 -0.40838000000000002 -0.40736 -0.40592 -0.40387000000000001 -0.40083999999999997 -0.39628000000000002 -0.38917000000000002 -0.37802000000000002 -0.36029 -0.33212999999999998 -0.28772999999999999 -0.21848000000000001 -0.11734 0.022256000000000001 0.18620999999999999 0.36997000000000002 0.55184 0.72555000000000003 0.88400000000000001 1.0254000000000001 1.1521999999999999 1.2574000000000001 1.3480000000000001 1.4195 1.4859 1.5482 1.6171 1.6893 1.7697000000000001 1.8614999999999999 1.9577 2.0491000000000001 2.1246 2.1762999999999999 2.2031000000000001
-0.41053000000000001 -0.41033999999999998 -0.41005999999999998 -0.40964 -0.40904000000000001 -0.40816999999999998 -0.40690999999999999 -0.40508 -0.40239999999999998 -0.39837 -0.39212999999999998 -0.38246000000000002 -0.36709000000000003 -0.34251999999999999 -0.30370999999999998 -0.24323 -0.15253 -0.025083000000000001 0.13605999999999999 0.31746000000000002 0.50444999999999995 0.67208999999999997 0.82693000000000005 0.95992 1.0791999999999999 1.1821999999999999 1.2682 1.3408 1.4058999999999999 1.4684999999999999 1.5396000000000001 1.6174999999999999 1.7025999999999999 1.7989999999999999 1.8979999999999999 1.9912000000000001 2.0632999999999999 2.1112000000000002 2.1456
-0.41123999999999999 -0.41110000000000002 -0.41088999999999998 -0.41058 -0.41011999999999998 -0.40945999999999999 -0.40847 -0.40701999999999999 -0.40482000000000001 -0.40148 -0.39640999999999998 -0.38854 -0.37630000000000002 -0.35674 -0.32580999999999999 -0.27734999999999999 -0.20354 -0.097777000000000003 0.045133 0.21056 0.39113999999999999 0.55440999999999996 0.70469999999999999 0.83337000000000006 0.94493000000000005 1.0462 1.1276999999999999 1.2019 1.2652000000000001 1.3332999999999999 1.4066000000000001 1.4947999999999999 1.5901000000000001 1.6924999999999999 1.7944 1.8843000000000001 1.9549000000000001 1.9982 2.0333999999999999
-0.41178999999999999 -0.41167999999999999 -0.41152 -0.41126000000000001 -0.41087000000000001 -0.41031000000000001 -0.40949000000000002 -0.4083 -0.40653 -0.40382000000000001 -0.39968999999999999 -0.39321 -0.38303999999999999 -0.36684 -0.34097 -0.30054999999999998 -0.23830999999999999 -0.14852000000000001 -0.026196000000000001 0.12353 0.28597 0.44808999999999999 0.59026999999999996 0.72165999999999997 0.82704 0.92366000000000004 1.0068999999999999 1.0804 1.147 1.2212000000000001 1.3006 1.3918999999999999 1.4944999999999999 1.601 1.7043999999999999 1.7935000000000001 1.8633999999999999 1.9119999999999999 1.9265000000000001
-0.41222999999999999 -0.41216000000000003 -0.41203000000000001 -0.41183999999999998 -0.41154000000000002 -0.41108 -0.41041 -0.40938999999999998 -0.40788999999999997 -0.40561999999999998 -0.40214 -0.3967 -0.38805000000000001 -0.37439 -0.35239999999999999 -0.31808999999999998 -0.26512999999999998 -0.18742 -0.081313999999999997 0.053677999999999997 0.20072000000000001 0.35626999999999998 0.49113000000000001 0.61646000000000001 0.72282999999999997 0.81644000000000005 0.90102000000000004 0.97467000000000004 1.0467 1.1227 1.2082999999999999 1.3029999999999999 1.4116 1.5219 1.6279999999999999 1.7144999999999999 1.7839 1.831 1.8321000000000001
-0.41258 -0.41250999999999999 -0.41239999999999999 -0.41224 -0.41199000000000002 -0.41160999999999998 -0.41105999999999998 -0.41021000000000002 -0.40894999999999998 -0.40701999999999999 -0.40401999999999999 -0.39939999999999998 -0.39200000000000002 -0.38034000000000001 -0.36157 -0.33193 -0.28631000000000001 -0.21836 -0.12531999999999999 -0.0045799999999999999 0.13006999999999999 0.27211999999999997 0.40547 0.52442 0.6321 0.72241 0.80679999999999996 0.88251000000000002 0.95840999999999998 1.0357000000000001 1.1277999999999999 1.2286999999999999 1.3392999999999999 1.4527000000000001 1.5575000000000001 1.6449 1.7112000000000001 1.7557 1.7381
-0.4133 -0.41321000000000002 -0.41310000000000002 -0.41293000000000002 -0.41269 -0.41232000000000002 -0.41184999999999999 -0.41115000000000002 -0.41008 -0.40841 -0.40579999999999999 -0.40178000000000003 -0.39538000000000001 -0.38522000000000001 -0.36902000000000001 -0.34319 -0.30360999999999999 -0.24401999999999999 -0.16166 -0.054576 0.070705000000000004 0.20133000000000001 0.33216000000000001 0.44469999999999998 0.55093000000000003 0.63997999999999999 0.72365000000000002 0.80154999999999998 0.87980000000000003 0.96035999999999999 1.0569 1.1628000000000001 1.2768999999999999 1.3923000000000001 1.4964999999999999 1.5832999999999999 1.6473 1.6859999999999999 1.6496
-0.41399000000000002 -0.41388000000000003 -0.41374 -0.41354999999999997 -0.41325000000000001 -0.41284999999999999 -0.41238000000000002 -0.41177999999999998 -0.41082999999999997 -0.40937000000000001 -0.40708 -0.40353 -0.39795999999999998 -0.38904 -0.37491000000000002 -0.35221000000000002 -0.3175 -0.26523000000000002 -0.19155 -0.095757999999999996 0.020615000000000001 0.14146 0.26698 0.37579000000000001 0.47836000000000001 0.56816999999999995 0.65117000000000003 0.73079000000000005 0.81067999999999996 0.89651999999999998 0.99451999999999996 1.1057999999999999 1.2231000000000001 1.3384 1.4418 1.5264 1.5904 1.617 1.5691999999999999
-0.41464000000000001 -0.41452 -0.41436000000000001 -0.41414000000000001 -0.41377000000000003 -0.41332999999999998 -0.41277999999999998 -0.41220000000000001 -0.41128999999999999 -0.40992000000000001 -0.40783000000000003 -0.40461000000000003 -0.39964 -0.39167000000000002 -0.37919999999999998 -0.35926000000000002 -0.32845000000000002 -0.28227999999999998 -0.21604999999999999 -0.12967999999999999 -0.021940000000000001 0.090872999999999995 0.20843 0.31656000000000001 0.41541 0.50614999999999999 0.58813000000000004 0.66871000000000003 0.74904999999999999 0.83935999999999999 0.94064999999999999 1.0567 1.1753 1.2897000000000001 1.3924000000000001 1.4742999999999999 1.5367 1.5526 1.4966999999999999
-0.41526000000000002 -0.41514000000000001 -0.41498000000000002 -0.41474 -0.41432000000000002 -0.41383999999999999 -0.41321999999999998 -0.41256999999999999 -0.41159000000000001 -0.41016999999999998 -0.40812999999999999 -0.40505999999999998 -0.40053 -0.39334999999999998 -0.38214999999999999 -0.36442999999999998 -0.33681 -0.29564000000000001 -0.23573 -0.15731999999999999 -0.059166000000000003 0.048426999999999998 0.15870000000000001 0.26551000000000002 0.36087000000000002 0.45230999999999999 0.53339000000000003 0.61431000000000002 0.69484000000000001 0.78964000000000001 0.89554999999999996 1.0144 1.1317999999999999 1.2444999999999999 1.3473999999999999 1.4258 1.4861 1.4908999999999999 1.4282999999999999
-0.41637999999999997 -0.41626999999999997 -0.41610000000000003 -0.41587000000000002 -0.41552 -0.41503000000000001 -0.41438000000000003 -0.41354999999999997 -0.41238999999999998 -0.41069 -0.40851999999999999 -0.40534999999999999 -0.40099000000000001 -0.39459 -0.38485999999999998 -0.37014000000000002 -0.34723999999999999 -0.31342999999999999 -0.26425999999999999 -0.19735 -0.11405999999999999 -0.016021000000000001 0.082244999999999999 0.18423999999999999 0.27504000000000001 0.36293999999999998 0.44466 0.52476 0.60643000000000002 0.70911999999999997 0.82249000000000005 0.94152999999999998 1.0558000000000001 1.1651 1.2636000000000001 1.3411 1.3899999999999999 1.3718999999999999 1.304
-0.41739999999999999 -0.4173 -0.41715000000000002 -0.41694999999999999 -0.41666999999999998 -0.41625000000000001 -0.41565000000000002 -0.41476000000000002 -0.41350999999999999 -0.41169 -0.40916999999999998 -0.40571000000000002 -0.40079999999999999 -0.39430999999999999 -0.38474999999999998 -0.37141999999999997 -0.35139999999999999 -0.32203999999999999 -0.28006999999999999 -0.22148999999999999 -0.14884 -0.060825999999999998 0.029770999999999999 0.123 0.21284 0.29622999999999999 0.37708000000000003 0.45474999999999999 0.54190000000000005 0.64710999999999996 0.76449999999999996 0.88112999999999997 0.99080000000000001 1.0974999999999999 1.1904999999999999 1.2642 1.3003 1.2669999999999999 1.1900999999999999
-0.41832999999999998 -0.41824 -0.41811999999999999 -0.41793999999999998 -0.41769000000000001 -0.41732999999999998 -0.41682999999999998 -0.41604999999999998 -0.41487000000000002 -0.41310999999999998 -0.41047 -0.40684999999999999 -0.40148 -0.39445999999999998 -0.38447999999999999 -0.37086999999999998 -0.35199999999999998 -0.32477 -0.28741 -0.23524999999999999 -0.16954 -0.091090000000000004 -0.0053962000000000003 0.080038999999999999 0.16746 0.24395 0.32096000000000002 0.39910000000000001 0.49253999999999998 0.59894000000000003 0.71521999999999997 0.82794999999999996 0.93544000000000005 1.0383 1.1247 1.1951000000000001 1.2188000000000001 1.1744000000000001 1.0829
-0.42000999999999999 -0.41994999999999999 -0.41986000000000001 -0.41971999999999998 -0.41950999999999999 -0.41921000000000003 -0.41876999999999998 -0.41811999999999999 -0.41711999999999999 -0.41559000000000001 -0.41319 -0.40962999999999999 -0.40433000000000002 -0.39667000000000002 -0.38624000000000003 -0.37120999999999998 -0.35235 -0.32571 -0.29085 -0.24398 -0.18357000000000001 -0.11391 -0.033640000000000003 0.042791999999999997 0.12155000000000001 0.19395999999999999 0.26777000000000001 0.34421000000000002 0.43453999999999998 0.54005999999999998 0.65781999999999996 0.76783999999999997 0.87221000000000004 0.96772999999999998 1.0504 1.1156999999999999 1.1186 1.0692999999999999 0.96186000000000005
-0.42151 -0.42147000000000001 -0.4214 -0.42129 -0.42113 -0.42087999999999998 -0.42050999999999999 -0.41996 -0.41911999999999999 -0.41782999999999998 -0.41578999999999999 -0.41258 -0.40771000000000002 -0.40011000000000002 -0.38965 -0.37423000000000001 -0.35411999999999999 -0.32726 -0.29199999999999998 -0.24797 -0.19020999999999999 -0.12695000000000001 -0.054677000000000003 0.016716999999999999 0.086988999999999997 0.15390999999999999 0.22534999999999999 0.30204999999999999 0.39015 0.49585000000000001 0.60609999999999997 0.71496000000000004 0.81750999999999996 0.90810999999999997 0.98480999999999996 1.0386 1.0257000000000001 0.97260999999999997 0.85331000000000001
-0.42285 -0.42281999999999997 -0.42276999999999998 -0.42269000000000001 -0.42257 -0.42237000000000002 -0.42205999999999999 -0.42159999999999997 -0.42088999999999999 -0.41979 -0.41808000000000001 -0.41528999999999999 -0.41098000000000001 -0.40412999999999999 -0.39395000000000002 -0.37906000000000001 -0.35793999999999998 -0.33084999999999998 -0.29374 -0.25126999999999999 -0.19658 -0.13555 -0.070243 -0.0043261999999999997 0.058196999999999999 0.11990000000000001 0.18937000000000001 0.26488 0.34934999999999999 0.45367000000000002 0.55944000000000005 0.66779999999999995 0.76827999999999996 0.85028000000000004 0.92520000000000002 0.96865000000000001 0.94642999999999999 0.88048999999999999 0.75499000000000005
-0.42405999999999999 -0.42404999999999998 -0.42401 -0.42394999999999999 -0.42386000000000001 -0.42370000000000002 -0.42344999999999999 -0.42305999999999999 -0.42246 -0.42152000000000001 -0.42005999999999999 -0.41768 -0.41391 -0.40788000000000002 -0.39839999999999998 -0.38445000000000001 -0.36326999999999998 -0.33633999999999997 -0.29927999999999999 -0.25567000000000001 -0.20297000000000001 -0.14285999999999999 -0.084078 -0.023380999999999999 0.031415999999999999 0.089525999999999994 0.15672 0.22977 0.31275999999999998 0.41337000000000002 0.51698999999999995 0.62429999999999997 0.72487999999999997 0.79529000000000005 0.86985000000000001 0.90188000000000001 0.87304999999999999 0.79584999999999995 0.67096999999999996
-0.42560999999999999 -0.42559000000000002 -0.42557 -0.42552000000000001 -0.42544999999999999 -0.42531999999999998 -0.42510999999999999 -0.42479 -0.42427999999999999 -0.42347000000000001 -0.42220999999999997 -0.42016999999999999 -0.41687000000000002 -0.41159000000000001 -0.40298 -0.39013999999999999 -0.37029000000000001 -0.34333999999999998 -0.30708000000000002 -0.26190000000000002 -0.21085999999999999 -0.15062 -0.098044000000000006 -0.043159999999999997 0.0067708999999999998 0.062572000000000003 0.12617999999999999 0.1958 0.27750999999999998 0.37445000000000001 0.47778999999999999 0.58348999999999995 0.67898999999999998 0.74541999999999997 0.81864999999999999 0.83631 0.80495000000000005 0.71811000000000003 0.60011000000000003
-0.42703000000000002 -0.42702000000000001 -0.42699999999999999 -0.42697000000000002 -0.42691000000000001 -0.42680000000000001 -0.42664000000000002 -0.42636000000000002 -0.42592999999999998 -0.42524000000000001 -0.42413000000000001 -0.42237000000000002 -0.41946 -0.41482000000000002 -0.40716000000000002 -0.39539999999999997 -0.37719999999999998 -0.35077000000000003 -0.31578000000000001 -0.26941999999999999 -0.22001000000000001 -0.16214000000000001 -0.11226999999999999 -0.062288000000000003 -0.016964 0.037019000000000003 0.097035999999999997 0.16298000000000001 0.24401999999999999 0.3387 0.44196999999999997 0.54627000000000003 0.63512000000000002 0.70172000000000001 0.76658999999999999 0.77422999999999997 0.74094000000000004 0.64631000000000005 0.53474999999999995
-0.42836000000000002 -0.42835000000000001 -0.42834 -0.42831000000000002 -0.42825999999999997 -0.42817 -0.42803000000000002 -0.42780000000000001 -0.42742999999999998 -0.42682999999999999 -0.42586000000000002 -0.42431000000000002 -0.42174 -0.41764000000000001 -0.41086 -0.40010000000000001 -0.38346999999999998 -0.35810999999999998 -0.32463999999999998 -0.27856999999999998 -0.23008000000000001 -0.17576 -0.12753999999999999 -0.081511 -0.038510999999999997 0.013159000000000001 0.068869 0.13167000000000001 0.21268999999999999 0.30592999999999998 0.41192000000000001 0.51380000000000003 0.59358999999999995 0.66076999999999997 0.71777999999999997 0.71743999999999997 0.68103999999999998 0.57977999999999996 0.47431000000000001
-0.42959999999999998 -0.42959999999999998 -0.42958000000000002 -0.42956 -0.42952000000000001 -0.42945 -0.42932999999999999 -0.42913000000000001 -0.42881000000000002 -0.42829 -0.42742999999999998 -0.42605999999999999 -0.42379 -0.42010999999999998 -0.41406999999999999 -0.40425 -0.38905000000000001 -0.36508000000000002 -0.3332 -0.28944999999999999 -0.24059 -0.19005 -0.14283999999999999 -0.10059999999999999 -0.059337000000000001 -0.010654 0.041836999999999999 0.10212 0.18354999999999999 0.27584999999999998 0.38290000000000002 0.48205999999999999 0.55557999999999996 0.62304000000000004 0.67227999999999999 0.66644999999999999 0.62189000000000005 0.51763999999999999 0.41797000000000001
-0.43148999999999998 -0.43147999999999997 -0.43147000000000002 -0.43145 -0.43142000000000003 -0.43136000000000002 -0.43125999999999998 -0.43108000000000002 -0.43080000000000002 -0.43034 -0.42957000000000001 -0.42835000000000001 -0.42632999999999999 -0.42299999999999999 -0.41758000000000001 -0.40860000000000002 -0.39467000000000002 -0.37258999999999998 -0.34186 -0.30057 -0.25176999999999999 -0.20493 -0.15809000000000001 -0.11940000000000001 -0.079426999999999998 -0.034090000000000002 0.015695000000000001 0.075523999999999994 0.15622 0.24796000000000001 0.35403000000000001 0.45255000000000001 0.51909000000000005 0.58535999999999999 0.62883999999999995 0.61848000000000003 0.56635999999999997 0.45960000000000001 0.36545
