9 57 39 Original OPLIB GS98; hydrogen response with actual helium-free endpoint
-8 -7.75 -7.5 -7.25 -7 -6.75 -6.5 -6.25 -6 -5.75 -5.5 -5.25 -5 -4.75 -4.5 -4.25 -4 -3.75 -3.5 -3.25 -3 -2.75 -2.5 -2.25 -2 -1.75 -1.5 -1.25 -1 -0.75 -0.5 -0.25 0 0.25 0.5 0.75 1 1.25 1.5
3.7639999999999998 3.843 3.968 4.0650000000000004 4.1619999999999999 4.2409999999999997 4.3659999999999997 4.4630000000000001 4.5419999999999998 4.609 4.6669999999999998 4.7640000000000002 4.843 4.9100000000000001 4.968 5.0190000000000001 5.0650000000000004 5.1619999999999999 5.2409999999999997 5.3659999999999997 5.4630000000000001 5.5419999999999998 5.6669999999999998 5.7640000000000002 5.843 5.9100000000000001 5.968 6.0190000000000001 6.0650000000000004 6.1619999999999999 6.2409999999999997 6.3079999999999998 6.3659999999999997 6.4169999999999998 6.4630000000000001 6.5039999999999996 6.5419999999999998 6.609 6.6669999999999998 6.718 6.7640000000000002 6.8049999999999997 6.843 6.8780000000000001 6.9100000000000001 6.968 7.0190000000000001 7.0650000000000004 7.1159999999999997 7.1619999999999999 7.2030000000000003 7.2409999999999997 7.2759999999999998 7.3079999999999998 7.3380000000000001 7.3659999999999997 7.3920000000000003
0.59999999999999998 0.02
-0.69938 -0.75971 -0.82106999999999997 -0.89742 -0.98414999999999997 -1.0697000000000001 -1.1673 -1.2665 -1.3635999999999999 -1.4616 -1.5571999999999999 -1.6471 -1.7254 -1.7824 -1.8186 -1.8333999999999999 -1.7983 -1.7406999999999999 -1.6684000000000001 -1.5786 -1.4738 -1.3632 -1.2771999999999999 -1.2968999999999999 -1.357 -1.4743999999999999 -1.3619000000000001 -1.2336 -1.1052999999999999 -0.95598000000000005 -0.80286000000000002 -0.64866000000000001 -0.46317000000000003 -0.27873999999999999 -0.076226000000000002 0.13524 0.34931000000000001 0.56810000000000005 0.78371999999999997
-0.57823000000000002 -0.57296000000000002 -0.56930000000000003 -0.56628000000000001 -0.56479999999999997 -0.56828999999999996 -0.57303999999999999 -0.58918000000000004 -0.60782999999999998 -0.63532999999999995 -0.67239000000000004 -0.70074000000000003 -0.74517999999999995 -0.78129999999999999 -0.80647999999999997 -0.83048 -0.84226000000000001 -0.84228999999999998 -0.81906999999999996 -0.78069999999999995 -0.73397999999999997 -0.66839999999999999 -0.57925000000000004 -0.48887000000000003 -0.39885999999999999 -0.28572999999999998 -0.17327000000000001 -0.061970999999999998 0.027431000000000001 0.097499000000000002 0.15923000000000001 0.22885 0.35987000000000002 0.48963000000000001 0.61807000000000001 0.7661 0.91290000000000004 1.0582 1.2225999999999999
-0.58304 -0.58162000000000003 -0.57838999999999996 -0.57149000000000005 -0.56120000000000003 -0.54590000000000005 -0.52373000000000003 -0.49217 -0.44363000000000002 -0.38527 -0.30503000000000002 -0.20513000000000001 -0.084495000000000001 0.049953999999999998 0.20266000000000001 0.34977000000000003 0.50599000000000005 0.63217999999999996 0.75783999999999996 0.86006000000000005 0.94545000000000001 1.0307999999999999 1.0953999999999999 1.157 1.2176 1.2786 1.3382000000000001 1.3960999999999999 1.4617 1.5322 1.6007 1.6714 1.7563 1.8391 1.9197 2.0146999999999999 2.1118000000000001 2.2067000000000001 2.3067000000000002
-0.51497000000000004 -0.51329999999999998 -0.51173999999999997 -0.50938000000000005 -0.50636000000000003 -0.50141999999999998 -0.49286000000000002 -0.47739999999999999 -0.45175999999999999 -0.40836 -0.34606999999999999 -0.25657000000000002 -0.14105000000000001 0.0037910999999999999 0.17555000000000001 0.36987999999999999 0.58226999999999995 0.80318000000000001 1.0271999999999999 1.2494000000000001 1.4583999999999999 1.6472 1.8133999999999999 1.966 2.0806 2.1928999999999998 2.2787000000000002 2.3532000000000002 2.4258000000000002 2.4883000000000002 2.5468000000000002 2.6031 2.6619999999999999 2.7210999999999999 2.7778 2.8382000000000001 2.9081000000000001 2.9756999999999998 3.0409000000000002
-0.49482999999999999 -0.48646 -0.47713 -0.47104000000000001 -0.46055000000000001 -0.45044000000000001 -0.43680000000000002 -0.41827999999999999 -0.39095999999999997 -0.35154000000000002 -0.29453000000000001 -0.21837999999999999 -0.11948 0.00086578000000000002 0.14238000000000001 0.30475999999999998 0.48352000000000001 0.68461000000000005 0.89534999999999998 1.1274999999999999 1.3633999999999999 1.6071 1.8471 2.0819000000000001 2.2972999999999999 2.4992999999999999 2.6684000000000001 2.8195000000000001 2.9474999999999998 3.0484 3.1467000000000001 3.2210000000000001 3.2894000000000001 3.3555999999999999 3.4174000000000002 3.4767999999999999 3.5341999999999998 3.5992999999999999 3.6652
-0.50748000000000004 -0.49995000000000001 -0.49042999999999998 -0.47839999999999999 -0.46372999999999998 -0.44606000000000001 -0.42493999999999998 -0.39829999999999999 -0.36477999999999999 -0.32075999999999999 -0.26351999999999998 -0.18759000000000001 -0.099247000000000002 0.014751 0.14906 0.30845 0.48512 0.67961000000000005 0.88660000000000005 1.0995999999999999 1.3225 1.5461 1.7821 2.0175000000000001 2.2578999999999998 2.4925999999999999 2.7210000000000001 2.9302999999999999 3.1257000000000001 3.2919999999999998 3.4388999999999998 3.5684 3.6692999999999998 3.7673999999999999 3.8473999999999999 3.9194 3.9889000000000001 4.0553999999999997 4.1197999999999997
-0.48393999999999998 -0.48163 -0.47443999999999997 -0.46371000000000001 -0.45208999999999999 -0.43680000000000002 -0.41610000000000003 -0.39111000000000001 -0.36093999999999998 -0.32201000000000002 -0.27202999999999999 -0.20680000000000001 -0.12166 -0.016292000000000001 0.11744 0.27399000000000001 0.45891999999999999 0.66495000000000004 0.88836999999999999 1.1244000000000001 1.3638999999999999 1.6106 1.8543000000000001 2.0983999999999998 2.3393000000000002 2.5771999999999999 2.8144999999999998 3.0472999999999999 3.2791000000000001 3.504 3.7128000000000001 3.9140000000000001 4.0797999999999996 4.2403000000000004 4.3635000000000002 4.4779999999999998 4.5747 4.6501999999999999 4.7248000000000001
-0.44607999999999998 -0.44106000000000001 -0.43443999999999999 -0.42297000000000001 -0.40745999999999999 -0.39007999999999998 -0.36735000000000001 -0.33805000000000002 -0.30064000000000002 -0.25517000000000001 -0.19825999999999999 -0.13045999999999999 -0.047241999999999999 0.054157999999999998 0.17502000000000001 0.32535999999999998 0.49281999999999998 0.69484999999999997 0.91318999999999995 1.1518999999999999 1.4041999999999999 1.6636 1.9294 2.1915 2.4519000000000002 2.7063999999999999 2.9575999999999998 3.2069000000000001 3.4518 3.6897000000000002 3.9180999999999999 4.1299999999999999 4.3333000000000004 4.5004999999999997 4.6642999999999999 4.7934999999999999 4.9177999999999997 5.0206999999999997 5.1119000000000003
-0.43479000000000001 -0.42837999999999998 -0.42121999999999998 -0.41282999999999997 -0.39850000000000002 -0.37702000000000002 -0.35216999999999998 -0.31774000000000002 -0.27062000000000003 -0.20860000000000001 -0.13122 -0.040697999999999998 0.062963000000000005 0.17967 0.31190000000000001 0.46289000000000002 0.63524000000000003 0.82477 1.0378000000000001 1.2585999999999999 1.5022 1.7493000000000001 2.0074000000000001 2.2706 2.5348999999999999 2.8024 3.0646 3.3266 3.5821000000000001 3.8328000000000002 4.0716000000000001 4.2991000000000001 4.5037000000000003 4.6961000000000004 4.8609 5.0155000000000003 5.141 5.2530000000000001 5.3528000000000002
-0.43708999999999998 -0.43064000000000002 -0.42303000000000002 -0.4128 -0.39721000000000001 -0.37708999999999998 -0.35238000000000003 -0.31847999999999999 -0.27322000000000002 -0.21131 -0.13141 -0.029909000000000002 0.093980999999999995 0.23860999999999999 0.40468999999999999 0.58482999999999996 0.77800999999999998 0.97836999999999996 1.1889000000000001 1.409 1.6357999999999999 1.8742000000000001 2.1124000000000001 2.3675000000000002 2.6212 2.8835999999999999 3.1459000000000001 3.4075000000000002 3.6665000000000001 3.9180999999999999 4.1597999999999997 4.3901000000000003 4.6035000000000004 4.8003999999999998 4.9733999999999998 5.1292999999999997 5.2595999999999998 5.3794000000000004 5.4676
-0.43093999999999999 -0.42430000000000001 -0.41685 -0.40819 -0.39772999999999997 -0.37998999999999999 -0.35387999999999997 -0.32275999999999999 -0.28029999999999999 -0.22267999999999999 -0.14487 -0.046338999999999998 0.079124 0.22683 0.40089999999999998 0.59624999999999995 0.80959999999999999 1.0367999999999999 1.2685999999999999 1.5046999999999999 1.7383999999999999 1.9732000000000001 2.2082999999999999 2.4470000000000001 2.6922000000000001 2.9388999999999998 3.1943000000000001 3.4460000000000002 3.6993999999999998 3.9441000000000002 4.1798000000000002 4.4069000000000003 4.6246999999999998 4.8174999999999999 5.0022000000000002 5.1485000000000003 5.2882999999999996 5.3940999999999999 5.4928999999999997
-0.43254999999999999 -0.42581999999999998 -0.41771999999999998 -0.40841 -0.39724999999999999 -0.38356000000000001 -0.36276000000000003 -0.33028999999999997 -0.29330000000000001 -0.24359 -0.17634 -0.087770000000000001 0.023959999999999999 0.16455 0.32723000000000002 0.51729000000000003 0.72355999999999998 0.94647999999999999 1.1817 1.4235 1.6768000000000001 1.9298 2.1886000000000001 2.4426000000000001 2.6932 2.9390999999999998 3.1808000000000001 3.4199000000000002 3.6553 3.8866999999999998 4.1120000000000001 4.3296999999999999 4.5350999999999999 4.7275999999999998 4.9015000000000004 5.0621 5.1958000000000002 5.3159000000000001 5.4100000000000001
-0.42754999999999999 -0.42121999999999998 -0.41352 -0.40388000000000002 -0.39248 -0.37786999999999998 -0.35687999999999998 -0.32943 -0.29621999999999998 -0.25053999999999998 -0.19047 -0.10868999999999999 -0.0064632999999999999 0.12018 0.27029999999999998 0.44041999999999998 0.63536999999999999 0.84194999999999998 1.0711999999999999 1.3069999999999999 1.5539000000000001 1.8069 2.0617000000000001 2.3214999999999999 2.5775000000000001 2.8342000000000001 3.085 3.3311999999999999 3.5701000000000001 3.802 4.0228999999999999 4.2370000000000001 4.4358000000000004 4.6269999999999998 4.7960000000000003 4.9524999999999997 5.0875000000000004 5.2034000000000002 5.2929000000000004
-0.41199999999999998 -0.40516000000000002 -0.39781 -0.38885999999999998 -0.37794 -0.36310999999999999 -0.34225 -0.31678000000000001 -0.28442000000000001 -0.24135999999999999 -0.18507999999999999 -0.11198 -0.017243000000000001 0.097168000000000004 0.24074999999999999 0.40290999999999999 0.58950999999999998 0.79201999999999995 1.0077 1.2402 1.4759 1.73 1.9823999999999999 2.2408999999999999 2.4980000000000002 2.7534999999999998 3.0078 3.2584 3.5036999999999998 3.7421000000000002 3.9666999999999999 4.1806999999999999 4.3803000000000001 4.5637999999999996 4.7321 4.8762999999999996 5.0063000000000004 5.1025999999999998 5.1879999999999997
-0.38778000000000001 -0.38214999999999999 -0.37440000000000001 -0.36536999999999997 -0.35488999999999998 -0.34194000000000002 -0.32534000000000002 -0.30013000000000001 -0.26674999999999999 -0.22595000000000001 -0.1709 -0.10170999999999999 -0.010411999999999999 0.10009999999999999 0.23462 0.39162000000000002 0.56706999999999996 0.76793999999999996 0.97855999999999999 1.2092000000000001 1.4457 1.6924999999999999 1.9459 2.2000000000000002 2.4601999999999999 2.7153 2.9719000000000002 3.2233999999999998 3.4722 3.7109000000000001 3.9409000000000001 4.1519000000000004 4.3524000000000003 4.5263999999999998 4.6856999999999998 4.8164999999999996 4.9279000000000002 5.0125999999999999 5.0801999999999996
-0.33076 -0.32623000000000002 -0.32097999999999999 -0.31336000000000003 -0.30418000000000001 -0.29263 -0.27637 -0.25331999999999999 -0.22294 -0.18551000000000001 -0.13256999999999999 -0.065525 0.021680000000000001 0.13062000000000001 0.25927 0.41553000000000001 0.58713000000000004 0.78302000000000005 0.99090999999999996 1.2126999999999999 1.4482999999999999 1.6872 1.9406000000000001 2.1916000000000002 2.4491999999999998 2.7046999999999999 2.9598 3.2130000000000001 3.4611999999999998 3.6989000000000001 3.9264000000000001 4.1299999999999999 4.3209 4.4911000000000003 4.6356999999999999 4.7553000000000001 4.8476999999999997 4.9226999999999999 4.9752999999999998
-0.27074999999999999 -0.26401999999999998 -0.25646999999999998 -0.24728 -0.23705999999999999 -0.22602 -0.20988000000000001 -0.18925 -0.16098999999999999 -0.12482 -0.075592999999999994 -0.010096000000000001 0.069933999999999996 0.17582999999999999 0.29631999999999997 0.44630999999999998 0.61370999999999998 0.80264000000000002 1.0103 1.2255 1.462 1.6995 1.9491000000000001 2.1998000000000002 2.4525000000000001 2.7082000000000002 2.9586999999999999 3.2115999999999998 3.4546000000000001 3.6882999999999999 3.9053 4.1048 4.2847 4.4476000000000004 4.5742000000000003 4.6851000000000003 4.7617000000000003 4.8281000000000001 4.8723000000000001
-0.16594 -0.14535000000000001 -0.12433 -0.10297000000000001 -0.079394999999999993 -0.054877000000000002 -0.028072 0.0023573000000000001 0.034856999999999999 0.078732999999999997 0.12837999999999999 0.19289000000000001 0.27000999999999997 0.36087999999999998 0.47497 0.59636999999999996 0.75387999999999999 0.91764000000000001 1.107 1.3105 1.5266 1.7594000000000001 1.9923999999999999 2.2374000000000001 2.4784999999999999 2.7208999999999999 2.9580000000000002 3.1861000000000002 3.4022999999999999 3.6052 3.7938999999999998 3.9681000000000002 4.1227 4.2564000000000002 4.3691000000000004 4.4573999999999998 4.5313999999999997 4.5830000000000002 4.6272000000000002
-0.21717 -0.18720000000000001 -0.15487000000000001 -0.12008000000000001 -0.082296999999999995 -0.039738999999999997 0.0071539000000000004 0.058268 0.11404 0.17557 0.24661 0.32362999999999997 0.41899999999999998 0.52039000000000002 0.63941999999999999 0.76712000000000002 0.90342 1.0581 1.2128000000000001 1.4025000000000001 1.5935999999999999 1.8064 2.0255000000000001 2.2494999999999998 2.4761000000000002 2.6945000000000001 2.9058999999999999 3.1015999999999999 3.2822 3.4506999999999999 3.6107 3.7599999999999998 3.9049 4.0269000000000004 4.1421000000000001 4.2321999999999997 4.3105000000000002 4.3696000000000002 4.4162999999999997
-0.39360000000000001 -0.37153999999999998 -0.34478999999999999 -0.31357000000000002 -0.27761000000000002 -0.23569000000000001 -0.18787999999999999 -0.1305 -0.066285999999999998 0.0089832000000000002 0.096684000000000006 0.19903999999999999 0.31640000000000001 0.44888 0.59109999999999996 0.74214999999999998 0.89924000000000004 1.0600000000000001 1.232 1.4016 1.5904 1.7761 1.9713000000000001 2.1652999999999998 2.3565 2.5392999999999999 2.7094999999999998 2.8628 3.0026999999999999 3.1335999999999999 3.2618 3.3900000000000001 3.5182000000000002 3.6459999999999999 3.7595000000000001 3.8664000000000001 3.9516 4.0236000000000001 4.0820999999999996
-0.46989999999999998 -0.46095000000000003 -0.44984000000000002 -0.43406 -0.41386000000000001 -0.38749 -0.35399000000000003 -0.31234000000000001 -0.25805 -0.19617000000000001 -0.12044000000000001 -0.030137000000000001 0.077798000000000006 0.20612 0.35488999999999998 0.52259999999999995 0.70484000000000002 0.89480999999999999 1.0876999999999999 1.2814000000000001 1.4714 1.6642999999999999 1.8492 2.0339999999999998 2.2080000000000002 2.3725999999999998 2.5217999999999998 2.6566000000000001 2.7787000000000002 2.8933 3.0104000000000002 3.1286 3.2519 3.3740000000000001 3.4954999999999998 3.5975000000000001 3.6920999999999999 3.7650999999999999 3.8359999999999999
-0.48503000000000002 -0.48204999999999998 -0.47774 -0.47173999999999999 -0.46279999999999999 -0.45084000000000002 -0.43303999999999998 -0.40749999999999997 -0.37136999999999998 -0.32336999999999999 -0.2616 -0.18146000000000001 -0.082753999999999994 0.039010000000000003 0.18468999999999999 0.35332999999999998 0.54186999999999996 0.74356 0.95187999999999995 1.1609 1.3653999999999999 1.5625 1.7503 1.9267000000000001 2.093 2.2450999999999999 2.3814000000000002 2.5030999999999999 2.6135000000000002 2.7214999999999998 2.8283999999999998 2.9447999999999999 3.0615999999999999 3.1837 3.2985000000000002 3.4024000000000001 3.4916 3.573 3.6549
-0.49018 -0.48876999999999998 -0.48692999999999997 -0.48449999999999999 -0.48121000000000003 -0.47631000000000001 -0.46940999999999999 -0.45912999999999998 -0.44524999999999998 -0.42503999999999997 -0.39496999999999999 -0.35093999999999997 -0.28631000000000001 -0.19444 -0.068468000000000001 0.094952999999999996 0.29161999999999999 0.51422999999999996 0.74634 0.98180999999999996 1.2043999999999999 1.4152 1.6066 1.7791999999999999 1.9339999999999999 2.0703 2.1920000000000002 2.2991999999999999 2.3992 2.4973999999999998 2.6015999999999999 2.7081 2.8222999999999998 2.9335 3.036 3.1322000000000001 3.2216999999999998 3.3188 3.4241000000000001
-0.49236000000000002 -0.49124000000000001 -0.48987999999999998 -0.48791000000000001 -0.48514000000000002 -0.48121000000000003 -0.47616000000000003 -0.46933000000000002 -0.45923000000000003 -0.44613999999999998 -0.42704999999999999 -0.3992 -0.35883999999999999 -0.30031000000000002 -0.21526999999999999 -0.095954999999999999 0.067938999999999999 0.27367000000000002 0.51480999999999999 0.76920999999999995 1.0266999999999999 1.2574000000000001 1.472 1.6512 1.8091999999999999 1.9457 2.0638999999999998 2.1699000000000002 2.2704 2.3681999999999999 2.4723000000000002 2.5756000000000001 2.6791 2.7770999999999999 2.8708 2.9613 3.0573999999999999 3.1631 3.2948
-0.49125999999999997 -0.49051 -0.48934 -0.48776999999999998 -0.48541000000000001 -0.48247000000000001 -0.47825000000000001 -0.47219 -0.46357999999999999 -0.45202999999999999 -0.43637999999999999 -0.41444999999999999 -0.38349 -0.33867999999999998 -0.27342 -0.18007000000000001 -0.051205000000000001 0.12246 0.33585999999999999 0.58384999999999998 0.84233000000000002 1.0969 1.3234999999999999 1.5291999999999999 1.6914 1.8368 1.9591000000000001 2.0716999999999999 2.1758999999999999 2.2799 2.3809 2.4813999999999998 2.5768 2.6674000000000002 2.7565 2.8424 2.9529999999999998 3.0754999999999999 3.2096
-0.49086999999999997 -0.49003999999999998 -0.48881999999999998 -0.48736000000000002 -0.48531000000000002 -0.48250999999999999 -0.47860999999999998 -0.47289999999999999 -0.46583000000000002 -0.45571 -0.44178000000000001 -0.42197000000000001 -0.39388000000000001 -0.35428999999999999 -0.29873 -0.21881999999999999 -0.1085 0.042139999999999997 0.23354 0.46155000000000002 0.71001000000000003 0.96506000000000003 1.1984999999999999 1.4115 1.5904 1.7428999999999999 1.8761000000000001 1.9944 2.1055999999999999 2.2136999999999998 2.3159000000000001 2.4123999999999999 2.5022000000000002 2.5861000000000001 2.6738 2.7669000000000001 2.8795999999999999 3.0104000000000002 3.1385999999999998
-0.48953000000000002 -0.48837000000000003 -0.48702000000000001 -0.48537999999999998 -0.48348000000000002 -0.48076999999999998 -0.47731000000000001 -0.47228999999999999 -0.46559 -0.45611000000000002 -0.44264999999999999 -0.42418 -0.39813999999999999 -0.36133999999999999 -0.30973000000000001 -0.23730000000000001 -0.13713 -0.0035003999999999999 0.17158000000000001 0.38023000000000001 0.61785000000000001 0.86275999999999997 1.1032999999999999 1.3167 1.5116000000000001 1.6684000000000001 1.8121 1.9369000000000001 2.0543999999999998 2.1652 2.2663000000000002 2.3599000000000001 2.4436 2.5253999999999999 2.6091000000000002 2.7115 2.8250999999999999 2.9510999999999998 3.0714999999999999
-0.48895 -0.48710999999999999 -0.48519000000000001 -0.48281000000000002 -0.48033999999999999 -0.47717999999999999 -0.47332000000000002 -0.46844999999999998 -0.46183000000000002 -0.45322000000000001 -0.44074000000000002 -0.42338999999999999 -0.39855000000000002 -0.36368 -0.31446000000000002 -0.24657999999999999 -0.15157000000000001 -0.026856000000000001 0.13591 0.33212999999999998 0.55686999999999998 0.79332999999999998 1.0327999999999999 1.2464 1.4449000000000001 1.6129 1.7625999999999999 1.8957999999999999 2.0165999999999999 2.1282000000000001 2.2265000000000001 2.3153000000000001 2.3935 2.4742000000000002 2.5528 2.6610999999999998 2.7751000000000001 2.8942999999999999 3.0055000000000001
-0.48986000000000002 -0.48735000000000001 -0.48468 -0.48153000000000001 -0.47799000000000003 -0.47399999999999998 -0.46901999999999999 -0.46356000000000003 -0.45639999999999997 -0.44768000000000002 -0.43573000000000001 -0.41954000000000002 -0.39690999999999999 -0.36453000000000002 -0.31820999999999999 -0.25339 -0.16277 -0.041964000000000001 0.11294 0.30177999999999999 0.51593999999999995 0.74595999999999996 0.97679000000000005 1.1952 1.3939999999999999 1.5729 1.7258 1.8655999999999999 1.9883 2.0981000000000001 2.1907000000000001 2.2728000000000002 2.3462000000000001 2.4262999999999999 2.5095999999999998 2.6110000000000002 2.7248999999999999 2.8391999999999999 2.9430999999999998
-0.49478 -0.49315999999999999 -0.49070999999999998 -0.48744999999999999 -0.48272999999999999 -0.47671000000000002 -0.46890999999999999 -0.45924999999999999 -0.44845000000000002 -0.43508000000000002 -0.42030000000000001 -0.40139999999999998 -0.378 -0.34699999999999998 -0.30513000000000001 -0.24714 -0.16808999999999999 -0.058709999999999998 0.081881999999999996 0.25683 0.45837 0.67793999999999999 0.89966000000000002 1.1178999999999999 1.3182 1.5019 1.6627000000000001 1.8026 1.9246000000000001 2.0158999999999998 2.0950000000000002 2.1644000000000001 2.2341000000000002 2.3048999999999999 2.3955000000000002 2.4944999999999999 2.6032999999999999 2.7101999999999999 2.7986
-0.49702000000000002 -0.49641000000000002 -0.49526999999999999 -0.49362 -0.49117 -0.48741000000000001 -0.48211999999999999 -0.47405000000000003 -0.46273999999999998 -0.44722000000000001 -0.42646000000000001 -0.40154000000000001 -0.37009999999999998 -0.33362999999999998 -0.28724 -0.22892000000000001 -0.15287999999999999 -0.053786 0.076095999999999997 0.23554 0.42806 0.63815 0.85748000000000002 1.0699000000000001 1.2705 1.4441999999999999 1.5992999999999999 1.7263999999999999 1.8302 1.9107000000000001 1.9815 2.0453000000000001 2.1162999999999998 2.1922999999999999 2.2812000000000001 2.3858000000000001 2.4939 2.5972 2.6718999999999999
-0.49770999999999999 -0.49730999999999997 -0.49674000000000001 -0.49593999999999999 -0.49473 -0.49258000000000002 -0.48948999999999998 -0.48481999999999997 -0.47756999999999999 -0.46672999999999998 -0.44990000000000002 -0.42580000000000001 -0.39184999999999998 -0.34658 -0.29071999999999998 -0.22123999999999999 -0.13796 -0.035099999999999999 0.091732999999999995 0.24540999999999999 0.42554999999999998 0.62556 0.83345000000000002 1.0347 1.2203999999999999 1.3817999999999999 1.5185 1.6317999999999999 1.7186999999999999 1.7935000000000001 1.8620000000000001 1.9298 2.0011999999999999 2.0861999999999998 2.1804000000000001 2.2881 2.3969 2.4950000000000001 2.5617999999999999
-0.49819999999999998 -0.49787999999999999 -0.49742999999999998 -0.49680000000000002 -0.49590000000000001 -0.49462 -0.49260999999999999 -0.48960999999999999 -0.48493000000000003 -0.47765999999999997 -0.46636 -0.44847999999999999 -0.42126000000000002 -0.37961 -0.32168000000000002 -0.24357000000000001 -0.14693000000000001 -0.031884999999999997 0.10251 0.25780999999999998 0.43169999999999997 0.62207000000000001 0.81423000000000001 0.99911000000000005 1.1644000000000001 1.3098000000000001 1.4274 1.5271999999999999 1.6049 1.6772 1.7468999999999999 1.8205 1.8968 1.9877 2.0918000000000001 2.2048999999999999 2.3151999999999999 2.4037999999999999 2.4592999999999998
-0.49885000000000002 -0.49858000000000002 -0.49818000000000001 -0.49763000000000002 -0.49686999999999998 -0.49581999999999998 -0.49432999999999999 -0.49214000000000002 -0.48874000000000001 -0.48348000000000002 -0.47521000000000002 -0.46211000000000002 -0.44152000000000002 -0.40900999999999998 -0.35853000000000002 -0.28488000000000002 -0.18223 -0.057396999999999997 0.091111999999999999 0.25230999999999998 0.42757000000000001 0.60912999999999995 0.78654999999999997 0.95359000000000005 1.1001000000000001 1.2291000000000001 1.3351 1.4238999999999999 1.4977 1.5703 1.641 1.7208000000000001 1.8057000000000001 1.8986000000000001 2.0137 2.1305999999999998 2.2397 2.3228 2.3677000000000001
-0.49939 -0.49917 -0.49885000000000002 -0.49839 -0.49772 -0.49679000000000001 -0.49547999999999998 -0.49359999999999998 -0.49086000000000002 -0.48668 -0.48015999999999998 -0.46984999999999999 -0.45345999999999997 -0.42745 -0.38597999999999999 -0.32213000000000003 -0.22764999999999999 -0.10181 0.051922000000000003 0.22276000000000001 0.39995999999999998 0.57852000000000003 0.74290999999999996 0.89532 1.0302 1.1468 1.2468999999999999 1.3284 1.3999999999999999 1.4738 1.5484 1.6314 1.724 1.8255999999999999 1.9452 2.0647000000000002 2.1701999999999999 2.2511999999999999 2.2852000000000001
-0.49984000000000001 -0.49967 -0.49941000000000002 -0.49902000000000002 -0.49846000000000001 -0.49764999999999998 -0.49648999999999999 -0.49481999999999998 -0.49242000000000002 -0.48880000000000001 -0.48326999999999998 -0.47460000000000002 -0.46081 -0.43897000000000003 -0.40427000000000002 -0.34956999999999999 -0.26690000000000003 -0.14852000000000001 0.0010445999999999999 0.17765 0.35396 0.53117000000000003 0.68732000000000004 0.83016000000000001 0.95708000000000004 1.0664 1.1648000000000001 1.2419 1.3147 1.3873 1.4662999999999999 1.5515000000000001 1.6539999999999999 1.7648999999999999 1.8848 2.0043000000000002 2.1061999999999999 2.1806000000000001 2.2101999999999999
-0.50022 -0.50007000000000001 -0.49985000000000002 -0.49952000000000002 -0.49904999999999999 -0.49835000000000002 -0.49735000000000001 -0.49589 -0.49374000000000001 -0.49054999999999999 -0.48565000000000003 -0.47811999999999999 -0.46616999999999997 -0.44721 -0.41700999999999999 -0.36941000000000002 -0.29677999999999999 -0.18967999999999999 -0.049148999999999998 0.12307 0.30046 0.47413 0.627 0.76312999999999998 0.88570000000000004 0.99085999999999996 1.0861000000000001 1.1638999999999999 1.2381 1.3093999999999999 1.3931 1.4835 1.5906 1.7077 1.8300000000000001 1.9495 2.0484 2.1151 2.1444999999999999
-0.50090000000000001 -0.50078999999999996 -0.50063000000000002 -0.50039 -0.50002999999999997 -0.4995 -0.49872 -0.49757000000000001 -0.49582999999999999 -0.49320000000000003 -0.48918 -0.48303000000000001 -0.47347 -0.45833000000000002 -0.43443999999999999 -0.39651999999999998 -0.33832000000000001 -0.25189 -0.13156000000000001 0.018357999999999999 0.18945999999999999 0.35131000000000001 0.50778999999999996 0.63544 0.75283999999999995 0.85611999999999999 0.94710000000000005 1.0288999999999999 1.1033999999999999 1.1779999999999999 1.2681 1.3700000000000001 1.4826999999999999 1.6087 1.7351000000000001 1.8529 1.9459 2.0004 2.0264000000000002
-0.50143000000000004 -0.50134999999999996 -0.50122999999999995 -0.50102999999999998 -0.50073000000000001 -0.50027999999999995 -0.49962000000000001 -0.49867 -0.49725000000000003 -0.49510999999999999 -0.49185000000000001 -0.48676000000000003 -0.47886000000000001 -0.46626000000000001 -0.44640999999999997 -0.41498000000000002 -0.36621999999999999 -0.29385 -0.19095000000000001 -0.060808000000000001 0.093547000000000005 0.24611 0.39352999999999999 0.52417999999999998 0.63746999999999998 0.74021000000000003 0.82892999999999994 0.91237999999999997 0.98916999999999999 1.073 1.1642999999999999 1.2753000000000001 1.3953 1.5241 1.6521999999999999 1.7656000000000001 1.8546 1.9047000000000001 1.9235
-0.50187000000000004 -0.50180999999999998 -0.50170999999999999 -0.50156999999999996 -0.50134000000000001 -0.50099000000000005 -0.50044999999999995 -0.49963999999999997 -0.49843999999999999 -0.49661 -0.49386999999999998 -0.48956 -0.48286000000000001 -0.47223999999999999 -0.45533000000000001 -0.42875999999999997 -0.38712999999999997 -0.32540000000000002 -0.23698 -0.12187000000000001 0.014219000000000001 0.16042000000000001 0.29730000000000001 0.42836999999999997 0.53602000000000005 0.63717000000000001 0.72636999999999996 0.81050999999999995 0.89102999999999999 0.98111999999999999 1.0781000000000001 1.1923999999999999 1.3193999999999999 1.4512 1.5803 1.6902999999999999 1.7721 1.8196000000000001 1.8273999999999999
-0.50222 -0.50216000000000005 -0.50207999999999997 -0.50195000000000001 -0.50175999999999998 -0.50146999999999997 -0.50102999999999998 -0.50036000000000003 -0.49935000000000002 -0.49780000000000002 -0.49542999999999998 -0.49175000000000002 -0.48598000000000002 -0.47689999999999999 -0.46231 -0.43952000000000002 -0.40372000000000002 -0.35008 -0.27343000000000001 -0.17075000000000001 -0.049384999999999998 0.088331000000000007 0.21562000000000001 0.34039999999999998 0.44829000000000002 0.54691000000000001 0.63690000000000002 0.72216999999999998 0.80701000000000001 0.90012999999999999 1.0043 1.1211 1.2531000000000001 1.3874 1.5169999999999999 1.6234999999999999 1.6983999999999999 1.7410000000000001 1.7395
-0.50295000000000001 -0.50287999999999999 -0.50278 -0.50265000000000004 -0.50246999999999997 -0.50217000000000001 -0.50180000000000002 -0.50122999999999995 -0.50041000000000002 -0.49909999999999999 -0.49704999999999999 -0.49389 -0.48888999999999999 -0.48110000000000003 -0.46859000000000001 -0.44891999999999999 -0.41818 -0.37141999999999997 -0.30456 -0.21267 -0.1031 0.022280000000000001 0.14621999999999999 0.26429999999999998 0.37252999999999997 0.46815000000000001 0.55888000000000004 0.64519000000000004 0.73409999999999997 0.82857999999999998 0.93930000000000002 1.0611999999999999 1.1948000000000001 1.3323 1.4581999999999999 1.5650999999999999 1.6315999999999999 1.6712 1.6567000000000001
-0.50363999999999998 -0.50355000000000005 -0.50344 -0.50327999999999995 -0.50305999999999995 -0.50270999999999999 -0.50234000000000001 -0.50183 -0.50111000000000006 -0.49995000000000001 -0.49813000000000002 -0.49535000000000001 -0.49095 -0.48408000000000001 -0.47313 -0.45573999999999998 -0.42879 -0.38735999999999998 -0.32829000000000003 -0.24682000000000001 -0.14610999999999999 -0.031684999999999998 0.088002999999999998 0.19941 0.30762 0.39989000000000002 0.49057000000000001 0.57843 0.67049000000000003 0.76666000000000001 0.88280000000000003 1.0091000000000001 1.1454 1.282 1.4053 1.5066999999999999 1.5714999999999999 1.6053999999999999 1.5762
-0.50429999999999997 -0.50419999999999998 -0.50407000000000002 -0.50388999999999995 -0.50363000000000002 -0.50322 -0.50278999999999996 -0.50227999999999995 -0.50156000000000001 -0.50048000000000004 -0.49878 -0.49625000000000002 -0.49230000000000002 -0.48610999999999999 -0.47638000000000003 -0.46087 -0.43702999999999997 -0.40035999999999999 -0.34745999999999999 -0.27464 -0.18173 -0.076592999999999994 0.038578000000000001 0.14405999999999999 0.24851000000000001 0.34125 0.43174000000000001 0.52056000000000002 0.61431000000000002 0.71426999999999996 0.83269000000000004 0.96377000000000002 1.1014999999999999 1.2366999999999999 1.3575999999999999 1.4534 1.5157 1.5412999999999999 1.5023
-0.50490999999999997 -0.50482000000000005 -0.50468999999999997 -0.50449999999999995 -0.50419999999999998 -0.50377000000000005 -0.50326000000000004 -0.50270000000000004 -0.50188999999999995 -0.50077000000000005 -0.49908000000000002 -0.49664000000000003 -0.49297999999999997 -0.48730000000000001 -0.47854000000000002 -0.46460000000000001 -0.44320999999999999 -0.41049000000000002 -0.36264999999999997 -0.29696 -0.21099000000000001 -0.11377 -0.0054169999999999999 0.096866999999999995 0.19746 0.29097000000000001 0.38095000000000001 0.47045999999999999 0.56516 0.66910000000000003 0.78902000000000005 0.92434000000000005 1.0619000000000001 1.1954 1.3142 1.4040999999999999 1.4631000000000001 1.4814000000000001 1.4348000000000001
-0.50602999999999998 -0.50593999999999995 -0.50582000000000005 -0.50563000000000002 -0.50536000000000003 -0.50497000000000003 -0.50441000000000003 -0.50375999999999999 -0.50280999999999998 -0.50146000000000002 -0.49963000000000002 -0.49697000000000002 -0.49343999999999999 -0.48812 -0.48043000000000002 -0.46861999999999998 -0.45057000000000003 -0.42358000000000001 -0.38346999999999998 -0.32854 -0.25552000000000002 -0.16919000000000001 -0.073982999999999993 0.024369999999999999 0.11796 0.21165 0.29935 0.38989000000000001 0.48398000000000002 0.59553999999999996 0.72047000000000005 0.85865000000000002 0.99300999999999995 1.1207 1.2369000000000001 1.3167 1.3680000000000001 1.3714 1.3149999999999999
-0.50705 -0.50697000000000003 -0.50685000000000002 -0.50668999999999997 -0.50646000000000002 -0.50614000000000003 -0.50566 -0.50497000000000003 -0.50397000000000003 -0.50246999999999997 -0.50046999999999997 -0.49753999999999998 -0.49360999999999999 -0.48808000000000001 -0.48026999999999997 -0.46931 -0.45285999999999998 -0.42941000000000001 -0.39489999999999997 -0.34683000000000003 -0.28366999999999998 -0.20505999999999999 -0.12 -0.026773999999999999 0.061274000000000002 0.15132000000000001 0.23810999999999999 0.32743 0.42002 0.53817999999999999 0.66647999999999996 0.80171000000000003 0.93272999999999995 1.0551999999999999 1.1621999999999999 1.2377 1.2813000000000001 1.2665 1.2072000000000001
-0.50795999999999997 -0.50790000000000002 -0.50780000000000003 -0.50766 -0.50746000000000002 -0.50717999999999996 -0.50677000000000005 -0.50617000000000001 -0.50526000000000004 -0.50385999999999997 -0.50180999999999998 -0.49883 -0.49451000000000001 -0.48866999999999999 -0.48007 -0.46905000000000002 -0.45304 -0.43096000000000001 -0.39977000000000001 -0.35610999999999998 -0.29976000000000003 -0.22778999999999999 -0.15006 -0.064737000000000003 0.020868999999999999 0.10517 0.18834000000000001 0.27714 0.37495000000000001 0.49226999999999999 0.62046999999999997 0.75148000000000004 0.87948999999999999 0.99831999999999999 1.0955999999999999 1.1658999999999999 1.2004999999999999 1.1733 1.1093999999999999
-0.50963000000000003 -0.50958999999999999 -0.50951999999999997 -0.50941000000000003 -0.50924999999999998 -0.50900999999999996 -0.50866 -0.50814999999999999 -0.50738000000000005 -0.50619000000000003 -0.50431999999999999 -0.50153999999999999 -0.49720999999999999 -0.49120000000000003 -0.48236000000000001 -0.47026000000000001 -0.45390999999999998 -0.43131000000000003 -0.40206999999999998 -0.3614 -0.31028 -0.24629999999999999 -0.17358999999999999 -0.096792000000000003 -0.015826 0.060865000000000002 0.14019999999999999 0.22731999999999999 0.32525999999999999 0.43633 0.56767999999999996 0.69530000000000003 0.82062000000000002 0.93339000000000005 1.0204 1.0851 1.1091 1.0721000000000001 0.99128000000000005
-0.51112000000000002 -0.51109000000000004 -0.51104000000000005 -0.51095999999999997 -0.51083999999999996 -0.51063999999999998 -0.51034999999999997 -0.50992000000000004 -0.50926000000000005 -0.50826000000000005 -0.50668000000000002 -0.50422 -0.50036999999999998 -0.4945 -0.48592999999999997 -0.47316000000000003 -0.45649000000000001 -0.43279000000000001 -0.40354000000000001 -0.36448999999999998 -0.31531999999999999 -0.25669999999999998 -0.18768000000000001 -0.1186 -0.044828 0.026136 0.10229000000000001 0.18640999999999999 0.28422999999999998 0.39498 0.51988999999999996 0.64454999999999996 0.76590000000000003 0.87455000000000005 0.95354000000000005 1.0122 1.0203 0.98033000000000003 0.88515999999999995
-0.51244999999999996 -0.51243000000000005 -0.51239999999999997 -0.51234000000000002 -0.51224999999999998 -0.5121 -0.51185999999999998 -0.51149999999999995 -0.51093999999999995 -0.51009000000000004 -0.50875000000000004 -0.50663000000000002 -0.50327999999999995 -0.49790000000000001 -0.48992999999999998 -0.47754999999999997 -0.46072999999999997 -0.43703999999999998 -0.40626000000000001 -0.3679 -0.31869999999999998 -0.26386999999999999 -0.19930999999999999 -0.13596 -0.069649000000000003 -0.0042113999999999997 0.069878999999999997 0.15159 0.24635000000000001 0.35558000000000001 0.47537000000000001 0.59843999999999997 0.71674000000000004 0.81703000000000003 0.89114000000000004 0.94354000000000005 0.93835000000000002 0.89534999999999998 0.78898999999999997
-0.51366999999999996 -0.51365000000000005 -0.51363000000000003 -0.51358999999999999 -0.51351999999999998 -0.51339999999999997 -0.51321000000000006 -0.51290999999999998 -0.51243000000000005 -0.51170000000000004 -0.51056000000000001 -0.50871999999999995 -0.50582000000000005 -0.50107000000000002 -0.49381999999999998 -0.48250999999999999 -0.46587000000000001 -0.44280999999999998 -0.41072999999999998 -0.37286000000000002 -0.32368999999999998 -0.27055000000000001 -0.21087 -0.15179999999999999 -0.092365000000000003 -0.033265000000000003 0.040141999999999997 0.11982 0.2102 0.31807000000000002 0.43473000000000001 0.55754999999999999 0.67306999999999995 0.76337999999999995 0.83399000000000001 0.87853999999999999 0.86533000000000004 0.81640000000000001 0.70215000000000005
-0.51520999999999995 -0.51519999999999999 -0.51517999999999997 -0.51515 -0.51509000000000005 -0.51500000000000001 -0.51483999999999996 -0.51458999999999999 -0.51419000000000004 -0.51356000000000002 -0.51256999999999997 -0.51097000000000004 -0.50844 -0.50431000000000004 -0.49775000000000003 -0.48753000000000002 -0.47165000000000001 -0.44957999999999998 -0.41748000000000002 -0.37962000000000001 -0.33154 -0.27816999999999997 -0.22308 -0.16747999999999999 -0.11379 -0.057534000000000002 0.012409 0.089055999999999996 0.17645 0.28283000000000003 0.39763999999999999 0.51968999999999999 0.63326000000000005 0.71364000000000005 0.78180000000000005 0.81906000000000001 0.80017000000000005 0.74009999999999998 0.62256999999999996
-0.51663000000000003 -0.51661999999999997 -0.51661000000000001 -0.51658000000000004 -0.51654 -0.51646000000000003 -0.51634000000000002 -0.51612999999999998 -0.51578999999999997 -0.51524000000000003 -0.51437999999999995 -0.51298999999999995 -0.51075999999999999 -0.50714000000000004 -0.50122999999999995 -0.49202000000000001 -0.47721000000000002 -0.45634999999999998 -0.42592000000000002 -0.38735000000000003 -0.34065000000000001 -0.28666000000000003 -0.23598 -0.18331 -0.13458999999999999 -0.080291000000000001 -0.014054000000000001 0.059470000000000002 0.14530000000000001 0.24986 0.36369000000000001 0.48224 0.59516999999999998 0.66671000000000002 0.73275999999999997 0.76090000000000002 0.73951999999999996 0.66966999999999999 0.55496000000000001
-0.51795999999999998 -0.51795000000000002 -0.51793999999999996 -0.51792000000000005 -0.51788000000000001 -0.51781999999999995 -0.51771999999999996 -0.51754 -0.51724999999999999 -0.51676999999999995 -0.51600999999999997 -0.51478999999999997 -0.51280000000000003 -0.50958999999999999 -0.50427999999999995 -0.49597999999999998 -0.48259999999999997 -0.46273999999999998 -0.43414999999999998 -0.39551999999999998 -0.35049000000000002 -0.29588999999999999 -0.24994 -0.2006 -0.15432000000000001 -0.10122 -0.039371999999999997 0.031245999999999999 0.11612 0.21862999999999999 0.33230999999999999 0.44985999999999998 0.55369999999999997 0.62346999999999997 0.68642999999999998 0.70442000000000005 0.68242999999999998 0.60468 0.49547999999999998
-0.51919999999999999 -0.51919999999999999 -0.51919000000000004 -0.51917000000000002 -0.51914000000000005 -0.51909000000000005 -0.51900000000000002 -0.51883999999999997 -0.51859 -0.51817999999999997 -0.51749999999999996 -0.51641999999999999 -0.51463000000000003 -0.51175999999999999 -0.50699000000000005 -0.49944 -0.48731999999999998 -0.46861999999999998 -0.44184000000000001 -0.40373999999999999 -0.36054000000000003 -0.30847000000000002 -0.2641 -0.21776999999999999 -0.17377000000000001 -0.12299 -0.065167000000000003 0.0041250000000000002 0.088936000000000001 0.18983 0.30341000000000001 0.41797000000000001 0.51505999999999996 0.58460999999999996 0.64139000000000002 0.65156000000000003 0.62833000000000006 0.54405999999999999 0.44001000000000001
-0.52107999999999999 -0.52107999999999999 -0.52107000000000003 -0.52105999999999997 -0.52102999999999999 -0.52098999999999995 -0.52090999999999998 -0.52078000000000002 -0.52054999999999996 -0.52019000000000004 -0.51958000000000004 -0.51861000000000002 -0.51698999999999995 -0.51441000000000003 -0.51010999999999995 -0.50319000000000003 -0.49213000000000001 -0.47460999999999998 -0.44951000000000002 -0.41260999999999998 -0.37103999999999998 -0.32234000000000002 -0.27848000000000001 -0.23483000000000001 -0.19263 -0.14380999999999999 -0.088349999999999998 -0.021101999999999999 0.063330999999999998 0.16295000000000001 0.27656999999999998 0.38822000000000001 0.47842000000000001 0.54669999999999996 0.59823999999999999 0.60218000000000005 0.57738 0.48737999999999998 0.38835999999999998
0.65000000000000002 0.02
-0.67242999999999997 -0.73438999999999999 -0.79569000000000001 -0.87572000000000005 -0.96236999999999995 -1.0478000000000001 -1.1476 -1.2466999999999999 -1.3438000000000001 -1.4426000000000001 -1.5383 -1.6287 -1.7065999999999999 -1.7652000000000001 -1.8036000000000001 -1.8176000000000001 -1.784 -1.7282999999999999 -1.6580999999999999 -1.5676000000000001 -1.4638 -1.3543000000000001 -1.2818000000000001 -1.2977000000000001 -1.3522000000000001 -1.4454 -1.3186 -1.1913 -1.0641 -0.91430999999999996 -0.76314000000000004 -0.60889000000000004 -0.42605999999999999 -0.24424000000000001 -0.04317 0.16592000000000001 0.37827 0.59560000000000002 0.81001000000000001
-0.54371999999999998 -0.53890000000000005 -0.53500000000000003 -0.53273999999999999 -0.53081 -0.53585000000000005 -0.53979999999999995 -0.55881000000000003 -0.57645999999999997 -0.60762000000000005 -0.64361999999999997 -0.67293000000000003 -0.71782000000000001 -0.75270000000000004 -0.77798 -0.80088000000000004 -0.81157000000000001 -0.81069000000000002 -0.78547 -0.74780999999999997 -0.70216999999999996 -0.63390999999999997 -0.54725000000000001 -0.45933000000000002 -0.36848999999999998 -0.25705 -0.14634 -0.036741000000000003 0.050076000000000002 0.12361 0.18926999999999999 0.27183000000000002 0.40160000000000001 0.53012999999999999 0.65942999999999996 0.80583000000000005 0.95089000000000001 1.0959000000000001 1.2585999999999999
-0.55098999999999998 -0.54878000000000005 -0.54471000000000003 -0.53725000000000001 -0.52632000000000001 -0.51027 -0.48707 -0.45362000000000002 -0.40371000000000001 -0.34295999999999999 -0.26012999999999997 -0.15765999999999999 -0.034190999999999999 0.10174 0.25696999999999998 0.40250000000000002 0.55937999999999999 0.68101999999999996 0.80710999999999999 0.90329999999999999 0.98853000000000002 1.0725 1.1346000000000001 1.1958 1.256 1.3165 1.3753 1.4325000000000001 1.4996 1.5692999999999999 1.637 1.7097 1.794 1.8759999999999999 1.9558 2.0529999999999999 2.1493000000000002 2.2433999999999998 2.3450000000000002
-0.49264000000000002 -0.49088999999999999 -0.48897000000000002 -0.48625000000000002 -0.48235 -0.47632000000000002 -0.46598000000000001 -0.44819999999999999 -0.41954000000000002 -0.37263000000000002 -0.30590000000000001 -0.21276999999999999 -0.092620999999999995 0.055721 0.23129 0.42801 0.64227000000000001 0.86363999999999996 1.0879000000000001 1.3082 1.5159 1.6996 1.8653 2.0110000000000001 2.125 2.2368000000000001 2.3172999999999999 2.3912 2.4630999999999998 2.5234999999999999 2.5811999999999999 2.6368 2.6960000000000002 2.7544 2.8104 2.8727 2.9422000000000001 3.0093000000000001 3.0773999999999999
-0.47241 -0.46421000000000001 -0.45479000000000003 -0.44903999999999999 -0.43864999999999998 -0.42831999999999998 -0.41454000000000002 -0.39551999999999998 -0.36743999999999999 -0.32705000000000001 -0.26846999999999999 -0.19047 -0.089445999999999998 0.033824 0.17854 0.34551999999999999 0.52820999999999996 0.73465000000000003 0.95077 1.1846000000000001 1.4232 1.6673 1.9068000000000001 2.1414 2.3529 2.5546000000000002 2.7174 2.8681999999999999 2.9897 3.0903 3.1882000000000001 3.2585999999999999 3.3264999999999998 3.3921999999999999 3.4531999999999998 3.5121000000000002 3.5691000000000002 3.6356999999999999 3.7014
-0.48510999999999999 -0.47753000000000001 -0.46788999999999997 -0.45578999999999997 -0.44107000000000002 -0.42333999999999999 -0.40214 -0.37536999999999998 -0.34138000000000002 -0.29691000000000001 -0.23895 -0.16217999999999999 -0.073875999999999997 0.041864999999999999 0.17771999999999999 0.3377 0.51663000000000003 0.71255000000000002 0.92291999999999996 1.1386000000000001 1.3661000000000001 1.5951 1.8339000000000001 2.0733999999999999 2.3151999999999999 2.5505 2.7793999999999999 2.9857 3.1810999999999998 3.3418000000000001 3.4885000000000002 3.6122000000000001 3.7126999999999999 3.8104 3.8871000000000002 3.9586000000000001 4.0278 4.0940000000000003 4.1582999999999997
-0.46444999999999997 -0.46117000000000002 -0.45323000000000002 -0.44211 -0.42998999999999998 -0.41427999999999998 -0.39312000000000002 -0.36797000000000002 -0.33740999999999999 -0.29825000000000002 -0.24756 -0.18190000000000001 -0.095621999999999999 0.010555999999999999 0.14545 0.30359999999999998 0.48916999999999999 0.69677999999999995 0.92059999999999997 1.1577999999999999 1.3983000000000001 1.6456 1.8907 2.1358000000000001 2.3793000000000002 2.6194999999999999 2.8609 3.0968 3.3319000000000001 3.5581 3.7675000000000001 3.9655 4.1314000000000002 4.2920999999999996 4.4101999999999997 4.5246000000000004 4.6166999999999998 4.6923000000000004 4.7670000000000003
-0.43302000000000002 -0.42796000000000001 -0.42108000000000001 -0.40894000000000003 -0.39283000000000001 -0.37446000000000002 -0.35049000000000002 -0.31962000000000002 -0.28061999999999998 -0.23341999999999999 -0.17555000000000001 -0.10644000000000001 -0.022648000000000001 0.080268000000000006 0.20158999999999999 0.35409000000000002 0.52395999999999998 0.72655999999999998 0.94725000000000004 1.1861999999999999 1.4404999999999999 1.6998 1.9668000000000001 2.2294999999999998 2.4899 2.7456 2.9975999999999998 3.2492000000000001 3.4956999999999998 3.7357 3.9657 4.1788999999999996 4.3803999999999998 4.5490000000000004 4.7121000000000004 4.8395999999999999 4.9644000000000004 5.0636999999999999 5.1551
-0.42202000000000001 -0.41565999999999997 -0.40865000000000001 -0.40038000000000001 -0.38571 -0.36398999999999998 -0.33900999999999998 -0.30425000000000002 -0.25696000000000002 -0.19453999999999999 -0.11701 -0.025642999999999999 0.079078999999999997 0.19753000000000001 0.33243 0.48566999999999999 0.66157999999999995 0.85289999999999999 1.069 1.2928999999999999 1.5367999999999999 1.7863 2.0445000000000002 2.3094999999999999 2.5737999999999999 2.8426 3.1057999999999999 3.3681000000000001 3.6246999999999998 3.8755999999999999 4.1146000000000003 4.3429000000000002 4.5465999999999998 4.7404999999999999 4.9031000000000002 5.0589000000000004 5.1805000000000003 5.2931999999999997 5.3898999999999999
-0.42429 -0.41791 -0.41036 -0.40009 -0.38428000000000001 -0.36418 -0.33943000000000001 -0.30538999999999999 -0.25991999999999998 -0.19807 -0.11814 -0.01721 0.10632 0.25002999999999997 0.41650999999999999 0.59758999999999995 0.79296 0.99682000000000004 1.2105999999999999 1.4350000000000001 1.6641999999999999 1.9059999999999999 2.1473 2.4033000000000002 2.6595 2.9220000000000002 3.1858 3.4472 3.7065000000000001 3.9573999999999998 4.1984000000000004 4.4272 4.6405000000000003 4.8346999999999998 5.0084 5.1608000000000001 5.2915999999999999 5.4073000000000002 5.4957000000000003
-0.41819000000000001 -0.41164000000000001 -0.40423999999999999 -0.39571000000000001 -0.38539000000000001 -0.36730000000000002 -0.34098000000000001 -0.30978 -0.26711000000000001 -0.20942 -0.13136999999999999 -0.032874 0.092338000000000003 0.23991999999999999 0.41314000000000001 0.60845000000000005 0.82116 1.0492999999999999 1.2819 1.5205 1.7573000000000001 1.9950000000000001 2.234 2.4748999999999999 2.7233000000000001 2.9710999999999999 3.2282000000000002 3.4807000000000001 3.7332999999999998 3.9765999999999999 4.2108999999999996 4.4362000000000004 4.6527000000000003 4.8429000000000002 5.0275999999999996 5.1699999999999999 5.3099999999999996 5.4119999999999999 5.5110000000000001
-0.41982000000000003 -0.41314000000000001 -0.40512999999999999 -0.39587 -0.38482 -0.37128 -0.35019 -0.31742999999999999 -0.28036 -0.23036999999999999 -0.16300000000000001 -0.073934 0.037892000000000002 0.17913000000000001 0.34244999999999998 0.53242999999999996 0.73934999999999995 0.96187999999999996 1.1975 1.4384999999999999 1.6919 1.9447000000000001 2.2031000000000001 2.4573999999999998 2.7086999999999999 2.9557000000000002 3.1985999999999999 3.4384000000000001 3.6739999999999999 3.9041000000000001 4.1276000000000002 4.3432000000000004 4.5456000000000003 4.7370000000000001 4.9077000000000002 5.0678000000000001 5.1978 5.3174999999999999 5.4081000000000001
-0.41488999999999998 -0.40860000000000002 -0.40100999999999998 -0.39149 -0.38023000000000001 -0.36564000000000002 -0.34442 -0.31691999999999998 -0.28362999999999999 -0.23766000000000001 -0.17718 -0.095207 0.0075928000000000002 0.13439999999999999 0.28527999999999998 0.45540999999999998 0.65129000000000004 0.85885999999999996 1.0878000000000001 1.3244 1.5706 1.8238000000000001 2.0777000000000001 2.3370000000000002 2.5922000000000001 2.8477999999999999 3.0975999999999999 3.3433000000000002 3.5811000000000002 3.8121999999999998 4.0309999999999997 4.2434000000000003 4.4398 4.6273999999999997 4.7946999999999997 4.9474 5.0808999999999997 5.1923000000000004 5.2808999999999999
-0.39945000000000003 -0.39274999999999999 -0.38547999999999999 -0.37665999999999999 -0.3659 -0.35110000000000002 -0.33007999999999998 -0.30475999999999998 -0.27227000000000001 -0.22911999999999999 -0.17249 -0.099246000000000001 -0.0038917000000000001 0.11087 0.25508999999999998 0.41815000000000002 0.60463999999999996 0.80796999999999997 1.0234000000000001 1.2566999999999999 1.4932000000000001 1.7465999999999999 1.9992000000000001 2.2566999999999999 2.5133000000000001 2.7675000000000001 3.0209000000000001 3.2700999999999998 3.5139 3.7498999999999998 3.9729999999999999 4.1839000000000004 4.3814000000000002 4.5609000000000002 4.7263999999999999 4.8659999999999997 4.9930000000000003 5.0846999999999998 5.1680000000000001
-0.37564999999999998 -0.36998999999999999 -0.36237000000000003 -0.35349999999999998 -0.34316999999999998 -0.33048 -0.31394 -0.28869 -0.25525999999999999 -0.21448999999999999 -0.15906000000000001 -0.089337 0.0021518000000000002 0.11337 0.24795 0.40575 0.58103000000000005 0.78276000000000001 0.99412 1.2242999999999999 1.4614 1.7076 1.9614 2.2147000000000001 2.4746000000000001 2.7290999999999999 2.9843000000000002 3.2345999999999999 3.4815999999999998 3.7179000000000002 3.9458000000000002 4.1531000000000002 4.3498000000000001 4.5201000000000002 4.6738 4.8007 4.9063999999999997 4.9885000000000002 5.0528000000000004
-0.31924999999999998 -0.31478 -0.30947999999999998 -0.30207000000000001 -0.29302 -0.28175 -0.26545999999999997 -0.24243999999999999 -0.21226 -0.17466999999999999 -0.12189 -0.054293000000000001 0.032924000000000002 0.14269000000000001 0.27128999999999998 0.42836999999999997 0.60074000000000005 0.79618999999999995 1.0047999999999999 1.226 1.4621999999999999 1.7003999999999999 1.9541999999999999 2.2052 2.4617 2.7166000000000001 2.9702000000000002 3.222 3.4681999999999999 3.7033 3.9268999999999998 4.1275000000000004 4.3139000000000003 4.4802 4.6181999999999999 4.7336 4.8207000000000004 4.8933 4.9436
-0.25969999999999999 -0.25306000000000001 -0.24553 -0.23655000000000001 -0.22649 -0.2157 -0.19953000000000001 -0.17877999999999999 -0.15095 -0.11468 -0.065914 -8.7293000000000006e-05 0.079557000000000003 0.18618999999999999 0.30765999999999999 0.45735999999999999 0.62580999999999998 0.81420999999999999 1.0226 1.2370000000000001 1.4739 1.7118 1.9603999999999999 2.2109999999999999 2.4624000000000001 2.7174 2.9666000000000001 3.2172000000000001 3.4575 3.6882000000000001 3.9009999999999998 4.0971000000000002 4.2721 4.4309000000000003 4.5509000000000004 4.6562999999999999 4.7301000000000002 4.7931999999999997 4.8372000000000002
-0.15501000000000001 -0.13463 -0.11382 -0.092551999999999995 -0.069355 -0.045016 -0.018498000000000001 0.011764 0.043833999999999998 0.087576000000000001 0.13727 0.20086999999999999 0.27809 0.36767 0.48220000000000002 0.60424999999999995 0.76053999999999999 0.92513999999999996 1.1133 1.3176000000000001 1.5325 1.7656000000000001 1.9984 2.2416999999999998 2.4820000000000002 2.7222 2.9571000000000001 3.1817000000000002 3.3938999999999999 3.5922000000000001 3.7765 3.9456000000000002 4.0968999999999998 4.2256 4.3361000000000001 4.4204999999999997 4.4936999999999996 4.5431999999999997 4.5865999999999998
-0.20527999999999999 -0.17549000000000001 -0.14332 -0.10876 -0.071197999999999997 -0.028933 0.017545000000000002 0.068126999999999993 0.12352 0.18428 0.25492999999999999 0.33093 0.42574000000000001 0.52686999999999995 0.64412000000000003 0.77158000000000004 0.90580000000000005 1.0605 1.2156 1.4035 1.5951 1.8063 2.0253000000000001 2.2477999999999998 2.4733999999999998 2.6903000000000001 2.8988999999999998 3.0914999999999999 3.2681 3.4325000000000001 3.5878000000000001 3.7332000000000001 3.8734000000000002 3.9935 4.1050000000000004 4.1943000000000001 4.2702999999999998 4.3297999999999996 4.3768000000000002
-0.38052000000000002 -0.35841000000000001 -0.33177000000000001 -0.30052000000000001 -0.26471 -0.22278999999999999 -0.17521 -0.11836000000000001 -0.054482999999999997 0.020105999999999999 0.10699 0.2082 0.32416 0.45498 0.59565999999999997 0.74461999999999995 0.90046999999999999 1.0589999999999999 1.2302999999999999 1.3994 1.5866 1.7721 1.9659 2.1597 2.3498000000000001 2.5318999999999998 2.7006999999999999 2.8521000000000001 2.9895999999999998 3.1171000000000002 3.2418999999999998 3.3658999999999999 3.4908999999999999 3.6145999999999998 3.7263000000000002 3.8300999999999998 3.9155000000000002 3.9876 4.0494000000000003
-0.45657999999999999 -0.4476 -0.43645 -0.42070999999999997 -0.40038000000000001 -0.37407000000000001 -0.34040999999999999 -0.29891000000000001 -0.24528 -0.18371000000000001 -0.10877000000000001 -0.019460000000000002 0.086807999999999996 0.21307000000000001 0.35938999999999999 0.52473999999999998 0.70489999999999997 0.89334000000000002 1.0847 1.2778 1.4665999999999999 1.6594 1.8443000000000001 2.0284 2.2021999999999999 2.3664000000000001 2.5146999999999999 2.6484999999999999 2.7683 2.8807999999999998 2.9941 3.109 3.2284000000000002 3.3473999999999999 3.4661 3.5666000000000002 3.6602999999999999 3.7368999999999999 3.8130999999999999
-0.47176000000000001 -0.46877000000000002 -0.46442 -0.45840999999999998 -0.44943 -0.43740000000000001 -0.41957 -0.39396999999999999 -0.35821999999999998 -0.31036999999999998 -0.24917 -0.16994999999999999 -0.072465000000000002 0.047301999999999997 0.19059999999999999 0.35648000000000002 0.54251000000000005 0.74219000000000002 0.94906000000000001 1.1572 1.3612 1.5580000000000001 1.746 1.9221999999999999 2.0888 2.2404999999999999 2.3763000000000001 2.4967000000000001 2.6053000000000002 2.7111000000000001 2.8146 2.9279999999999999 3.0413999999999999 3.1606000000000001 3.2728000000000002 3.3765999999999998 3.4670999999999998 3.5524 3.6408
-0.47694999999999999 -0.47552 -0.47367999999999999 -0.47122999999999998 -0.46794000000000002 -0.46300999999999998 -0.45610000000000001 -0.44596999999999998 -0.43214000000000002 -0.41208 -0.38220999999999999 -0.33860000000000001 -0.27464 -0.18367 -0.059034999999999997 0.10274 0.29759000000000002 0.51854 0.74911000000000005 0.98299000000000003 1.2051000000000001 1.4149 1.6062000000000001 1.7782 1.9329000000000001 2.0686 2.1894 2.2951999999999999 2.3936999999999999 2.4893999999999998 2.5914999999999999 2.6947999999999999 2.8073000000000001 2.9163000000000001 3.0188000000000001 3.1160000000000001 3.2086000000000001 3.3111000000000002 3.4222000000000001
-0.47911999999999999 -0.47800999999999999 -0.47664000000000001 -0.47466999999999998 -0.47186 -0.46794000000000002 -0.46288000000000001 -0.45606000000000002 -0.44614999999999999 -0.43314999999999998 -0.41425000000000001 -0.38669999999999999 -0.34677999999999998 -0.28892000000000001 -0.2046 -0.086081000000000005 0.076826000000000005 0.28189999999999998 0.52237 0.77593999999999996 1.0329999999999999 1.2621 1.4746999999999999 1.6536999999999999 1.8103 1.9461999999999999 2.0629 2.1677 2.2663000000000002 2.3628999999999998 2.4645000000000001 2.5663 2.6680999999999999 2.7658999999999998 2.8599999999999999 2.9529000000000001 3.0531000000000001 3.1625000000000001 3.2965
-0.47804000000000002 -0.47731000000000001 -0.47611999999999999 -0.47455999999999998 -0.47221000000000002 -0.46925 -0.46504000000000001 -0.45896999999999999 -0.45047999999999999 -0.43901000000000001 -0.42353000000000002 -0.40185999999999999 -0.37124000000000001 -0.32688 -0.26228000000000001 -0.16955000000000001 -0.041619999999999997 0.13167000000000001 0.34476000000000001 0.59248000000000001 0.85019 1.1046 1.3291999999999999 1.5346 1.6943999999999999 1.8382000000000001 1.9596 2.0707 2.1732 2.2759999999999998 2.3753000000000002 2.4748000000000001 2.5695999999999999 2.6604000000000001 2.7509999999999999 2.8384 2.9527000000000001 3.0775999999999999 3.2115
-0.47764000000000001 -0.47682000000000002 -0.47561999999999999 -0.47414000000000001 -0.47211999999999998 -0.46928999999999998 -0.46543000000000001 -0.45977000000000001 -0.45276 -0.44273000000000001 -0.42891000000000001 -0.40928999999999999 -0.38147999999999999 -0.34227999999999997 -0.28719 -0.20794000000000001 -0.098122000000000001 0.051720000000000002 0.24288999999999999 0.47043000000000001 0.71872999999999998 0.97255000000000003 1.2059 1.4167000000000001 1.5952 1.7454000000000001 1.8777999999999999 1.9944 2.1044999999999998 2.2111999999999998 2.3123999999999998 2.4081000000000001 2.4977999999999998 2.5821000000000001 2.6714000000000002 2.7675000000000001 2.8807 3.0124 3.1392000000000002
-0.4763 -0.47514000000000001 -0.47381000000000001 -0.47216000000000002 -0.47027999999999998 -0.46759000000000001 -0.46414 -0.45917999999999998 -0.45250000000000001 -0.44311 -0.42974000000000001 -0.41145999999999999 -0.38564999999999999 -0.34919 -0.29798000000000002 -0.22619 -0.12651999999999999 0.0062471000000000002 0.18106 0.38945000000000002 0.62680999999999998 0.87105999999999995 1.1114999999999999 1.323 1.5175000000000001 1.6718999999999999 1.8140000000000001 1.9377 2.0541999999999998 2.1638999999999999 2.2643 2.3572000000000002 2.4411999999999998 2.5242 2.6084000000000001 2.7130000000000001 2.8275000000000001 2.9525000000000001 3.0708000000000002
-0.47570000000000001 -0.47384999999999999 -0.47194999999999998 -0.46959000000000001 -0.46710000000000002 -0.46398 -0.46012999999999998 -0.45533000000000001 -0.44872000000000001 -0.44022 -0.42786000000000002 -0.41061999999999999 -0.38601000000000002 -0.35143999999999997 -0.30259000000000003 -0.23530999999999999 -0.14076 -0.016472000000000001 0.14552999999999999 0.34155000000000002 0.56583000000000006 0.80201999999999996 1.0404 1.2535000000000001 1.45 1.6173 1.7652000000000001 1.8975 2.0171000000000001 2.1276999999999999 2.2256999999999998 2.3140999999999998 2.3925000000000001 2.4742999999999999 2.5550000000000002 2.6625999999999999 2.7768999999999999 2.8948999999999998 3.0038999999999998
-0.47659000000000001 -0.47409000000000001 -0.47141 -0.46827999999999997 -0.46472000000000002 -0.46077000000000001 -0.45578000000000002 -0.45039000000000001 -0.44330999999999998 -0.43462000000000001 -0.42281999999999997 -0.40673999999999999 -0.38431999999999999 -0.35219 -0.30620999999999998 -0.24173 -0.15174000000000001 -0.031316999999999998 0.12278 0.31137999999999999 0.52507000000000004 0.75480999999999998 0.98462000000000005 1.2027000000000001 1.3996999999999999 1.5780000000000001 1.7290000000000001 1.8674999999999999 1.9896 2.0983000000000001 2.1907999999999999 2.2726999999999999 2.3462000000000001 2.427 2.5116999999999998 2.6122999999999998 2.7261000000000002 2.8391999999999999 2.9409999999999998
-0.48150999999999999 -0.47987999999999997 -0.47742000000000001 -0.47414000000000001 -0.46944000000000002 -0.46337 -0.45561000000000001 -0.44590999999999997 -0.43520999999999999 -0.42197000000000001 -0.40721000000000002 -0.38850000000000001 -0.36521999999999999 -0.33449000000000001 -0.29291 -0.23524999999999999 -0.15648000000000001 -0.047683999999999997 0.092629000000000003 0.26690000000000003 0.46819 0.68720999999999999 0.90819000000000005 1.1252 1.3249 1.5069999999999999 1.6671 1.8058000000000001 1.9274 2.0175000000000001 2.0962999999999998 2.1656 2.2355999999999998 2.3058000000000001 2.3971 2.4961000000000002 2.6038000000000001 2.7090000000000001 2.7948
-0.48376999999999998 -0.48315000000000002 -0.48200999999999999 -0.48035 -0.47788999999999998 -0.47410999999999998 -0.46879999999999999 -0.46072999999999997 -0.44935000000000003 -0.43387999999999999 -0.41308 -0.38835999999999998 -0.35721000000000003 -0.32089000000000001 -0.27489999999999998 -0.21698000000000001 -0.14138999999999999 -0.042957000000000002 0.086572999999999997 0.24573999999999999 0.43767 0.64732999999999996 0.86611000000000005 1.0774999999999999 1.2774000000000001 1.4498 1.6035999999999999 1.7302999999999999 1.8328 1.9131 1.9835 2.0472000000000001 2.1179000000000001 2.1943999999999999 2.2823000000000002 2.3868 2.4940000000000002 2.5956000000000001 2.6678000000000002
-0.48447000000000001 -0.48405999999999999 -0.48348999999999998 -0.48269000000000001 -0.48147000000000001 -0.47932000000000002 -0.47621000000000002 -0.47154000000000001 -0.46425 -0.45338000000000001 -0.43657000000000001 -0.41238000000000002 -0.37857000000000002 -0.33334000000000003 -0.27792 -0.20877999999999999 -0.12615999999999999 -0.023890999999999999 0.10222000000000001 0.25552999999999998 0.43492999999999998 0.63468000000000002 0.84179999999999999 1.0424 1.2267999999999999 1.3876999999999999 1.5230999999999999 1.6359999999999999 1.7217 1.7962 1.8643000000000001 1.9320999999999999 2.0028000000000001 2.0880000000000001 2.1823000000000001 2.2890999999999999 2.3965999999999998 2.4923999999999999 2.5565000000000002
-0.48496 -0.48463000000000001 -0.48418 -0.48354999999999998 -0.48265000000000002 -0.48137999999999997 -0.47936000000000001 -0.47636000000000001 -0.47166999999999998 -0.46438000000000001 -0.45306999999999997 -0.43513000000000002 -0.40788999999999997 -0.36632999999999999 -0.30836999999999998 -0.23072999999999999 -0.13446 -0.020330999999999998 0.11332 0.26785999999999999 0.44118000000000002 0.63082000000000005 0.82223999999999997 1.0064 1.1707000000000001 1.3154999999999999 1.4319999999999999 1.5306 1.6080000000000001 1.6800999999999999 1.7493000000000001 1.8229 1.8994 1.9892000000000001 2.0935999999999999 2.2058 2.3144999999999998 2.4009999999999998 2.4542999999999999
-0.48560999999999999 -0.48532999999999998 -0.48493000000000003 -0.48437999999999998 -0.48361999999999999 -0.48258000000000001 -0.48109000000000002 -0.47888999999999998 -0.47549999999999998 -0.47023999999999999 -0.46195999999999998 -0.44886999999999999 -0.42824000000000001 -0.39571000000000001 -0.34514 -0.27161000000000002 -0.16908999999999999 -0.045101000000000002 0.10222000000000001 0.26267000000000001 0.43695000000000001 0.61770000000000003 0.79422999999999999 0.96055000000000001 1.1063000000000001 1.2341 1.3396999999999999 1.4273 1.5007999999999999 1.5731999999999999 1.6439999999999999 1.7231000000000001 1.8081 1.8999999999999999 2.0154000000000001 2.1314000000000002 2.2387999999999999 2.3197999999999999 2.3628999999999998
-0.48614000000000002 -0.48592999999999997 -0.48559999999999998 -0.48514000000000002 -0.48447000000000001 -0.48354000000000003 -0.48224 -0.48036000000000001 -0.47763 -0.47345999999999999 -0.46694000000000002 -0.45663999999999999 -0.44024000000000002 -0.41421999999999998 -0.37270999999999999 -0.30879000000000001 -0.21456 -0.088858999999999994 0.063704999999999998 0.2339 0.40960000000000002 0.58736999999999995 0.75046999999999997 0.90192000000000005 1.0363 1.1518999999999999 1.2516 1.3319000000000001 1.4034 1.4766999999999999 1.5515000000000001 1.6336999999999999 1.7262999999999999 1.8283 1.9469000000000001 2.0653000000000001 2.1684999999999999 2.2475999999999998 2.2804000000000002
-0.48659000000000002 -0.48642000000000002 -0.48615999999999998 -0.48577999999999999 -0.48521999999999998 -0.48441000000000001 -0.48325000000000001 -0.48158000000000001 -0.47919 -0.47558 -0.47005999999999998 -0.46140999999999999 -0.44762999999999997 -0.42580000000000001 -0.3911 -0.33633999999999997 -0.25370999999999999 -0.13531000000000001 0.013466000000000001 0.18961 0.36416999999999999 0.53954000000000002 0.69504999999999995 0.83681000000000005 0.96323999999999999 1.0716000000000001 1.1694 1.2455000000000001 1.3181 1.3900999999999999 1.4694 1.5539000000000001 1.6565000000000001 1.7674000000000001 1.8865000000000001 2.0045000000000002 2.1044999999999998 2.1766000000000001 2.2061000000000002
-0.48697000000000001 -0.48681999999999997 -0.48659999999999998 -0.48627999999999999 -0.48580000000000001 -0.48510999999999999 -0.48410999999999998 -0.48265000000000002 -0.48050999999999999 -0.47732999999999998 -0.47244000000000003 -0.46493000000000001 -0.45301000000000002 -0.43406 -0.40389000000000003 -0.35626999999999998 -0.28362999999999999 -0.17649000000000001 -0.036362999999999999 0.13453000000000001 0.31139 0.48280000000000001 0.63505 0.76992000000000005 0.89198 0.99622999999999995 1.0903 1.1677 1.2414000000000001 1.3121 1.3962000000000001 1.4869000000000001 1.5931 1.71 1.8315999999999999 1.9497 2.0466000000000002 2.1113 2.1412
-0.48764999999999997 -0.48753999999999997 -0.48737999999999998 -0.48714000000000002 -0.48677999999999999 -0.48626000000000003 -0.48548000000000002 -0.48432999999999998 -0.48259999999999997 -0.47998000000000002 -0.47597 -0.46983999999999998 -0.46031 -0.44519999999999998 -0.42136000000000001 -0.38351000000000002 -0.32530999999999999 -0.23901 -0.11869 0.030452 0.20121 0.36104000000000003 0.51554999999999995 0.64271999999999996 0.75893999999999995 0.86180999999999996 0.95169000000000004 1.0330999999999999 1.1067 1.1817 1.2710999999999999 1.3733 1.4859 1.6111 1.7365999999999999 1.8523000000000001 1.9440999999999999 1.9968999999999999 2.0238999999999998
-0.48819000000000001 -0.48810999999999999 -0.48798000000000002 -0.48779 -0.48748000000000002 -0.48703999999999997 -0.48637999999999998 -0.48542999999999997 -0.48402000000000001 -0.48187999999999998 -0.47863 -0.47355999999999998 -0.46568999999999999 -0.45313999999999999 -0.43331999999999998 -0.40196999999999999 -0.35326000000000002 -0.28100999999999998 -0.17818999999999999 -0.048536000000000003 0.10441 0.25653999999999999 0.40203 0.53217999999999999 0.64393 0.74621999999999999 0.83389000000000002 0.91654000000000002 0.99270999999999998 1.0768 1.1674 1.2786 1.3985000000000001 1.5266 1.6533 1.7649999999999999 1.8520000000000001 1.9019999999999999 1.9208000000000001
-0.48862 -0.48855999999999999 -0.48847000000000002 -0.48831999999999998 -0.48809000000000002 -0.48774000000000001 -0.48720999999999998 -0.4864 -0.48520000000000002 -0.48337999999999998 -0.48065000000000002 -0.47636000000000001 -0.46967999999999999 -0.45910000000000001 -0.44223000000000001 -0.41574 -0.37415999999999999 -0.31258000000000002 -0.22449 -0.10954 0.025499000000000001 0.17130999999999999 0.30636999999999998 0.43622 0.54293999999999998 0.64297000000000004 0.73165000000000002 0.81498999999999999 0.89488999999999996 0.98494000000000004 1.0823 1.1957 1.3226 1.4537 1.5814999999999999 1.6897 1.77 1.8172999999999999 1.8246
-0.48897000000000002 -0.48892000000000002 -0.48882999999999999 -0.48870999999999998 -0.48852000000000001 -0.48823 -0.48779 -0.48712 -0.48612 -0.48457 -0.48220000000000002 -0.47854999999999998 -0.47278999999999999 -0.46375 -0.44918999999999998 -0.42648000000000003 -0.39079999999999998 -0.33723999999999998 -0.26088 -0.15837000000000001 -0.037839999999999999 0.098617999999999997 0.22520999999999999 0.34831000000000001 0.45568999999999998 0.55306 0.64251999999999998 0.72697000000000001 0.81164999999999998 0.90405999999999997 1.0085 1.1251 1.2563 1.3898999999999999 1.5182 1.623 1.6964999999999999 1.7392000000000001 1.7366999999999999
-0.48970000000000002 -0.48963000000000001 -0.48953999999999998 -0.48941000000000001 -0.48921999999999999 -0.48892999999999998 -0.48855999999999999 -0.48799999999999999 -0.48718 -0.48587000000000002 -0.48381999999999997 -0.48065999999999998 -0.47566999999999998 -0.46789999999999998 -0.45543 -0.43576999999999999 -0.40511000000000003 -0.3584 -0.29175000000000001 -0.20022000000000001 -0.091134000000000007 0.032915 0.15634999999999999 0.27272000000000002 0.38041000000000003 0.47466000000000003 0.56459999999999999 0.65027999999999997 0.73889000000000005 0.83265 0.94359000000000004 1.0652999999999999 1.1981999999999999 1.3345 1.4588000000000001 1.5633999999999999 1.6297999999999999 1.6700999999999999 1.6525000000000001
-0.49038999999999999 -0.49031000000000002 -0.49019000000000001 -0.49003999999999998 -0.48981999999999998 -0.48947000000000002 -0.48910999999999999 -0.48859999999999998 -0.48787999999999998 -0.48671999999999999 -0.48491000000000001 -0.48213 -0.47775000000000001 -0.47088000000000002 -0.45996999999999999 -0.44259999999999999 -0.41571999999999998 -0.37433 -0.31546000000000002 -0.23444999999999999 -0.13400000000000001 -0.020729999999999998 0.098474999999999993 0.20824999999999999 0.31506000000000001 0.40675 0.49657000000000001 0.58375999999999995 0.67532000000000003 0.77112999999999998 0.88704000000000005 1.0132000000000001 1.1487000000000001 1.2842 1.4059999999999999 1.5053000000000001 1.5700000000000001 1.6034999999999999 1.5719000000000001
-0.49104999999999999 -0.49096000000000001 -0.49082999999999999 -0.49064000000000002 -0.49037999999999998 -0.48998000000000003 -0.48954999999999999 -0.48904999999999998 -0.48832999999999999 -0.48725000000000002 -0.48557 -0.48304000000000002 -0.47910000000000003 -0.47292000000000001 -0.46322999999999998 -0.44773000000000002 -0.42394999999999999 -0.38741999999999999 -0.33461000000000002 -0.26218000000000002 -0.16950999999999999 -0.065376000000000004 0.049338 0.15329000000000001 0.25628000000000001 0.34843000000000002 0.43795000000000001 0.52607999999999999 0.61919999999999997 0.71931 0.83706999999999998 0.96802999999999995 1.1049 1.2387999999999999 1.3583000000000001 1.4522999999999999 1.5145 1.5394000000000001 1.4979
-0.49165999999999999 -0.49157000000000001 -0.49143999999999999 -0.49125000000000002 -0.49096000000000001 -0.49053000000000002 -0.49001 -0.48947000000000002 -0.48866999999999999 -0.48754999999999998 -0.48587000000000002 -0.48343999999999998 -0.4798 -0.47411999999999999 -0.46539000000000003 -0.45151000000000002 -0.43014999999999998 -0.39755000000000001 -0.34978999999999999 -0.28443000000000002 -0.19869000000000001 -0.10234 0.0046432000000000001 0.10641 0.20555000000000001 0.29843999999999998 0.38735000000000003 0.47628999999999999 0.57010000000000005 0.67425999999999997 0.79354000000000002 0.92874000000000001 1.0651999999999999 1.1975 1.3149 1.4031 1.4622999999999999 1.4795 1.4313
-0.49278 -0.49270000000000003 -0.49257000000000001 -0.49238999999999999 -0.49210999999999999 -0.49173 -0.49118000000000001 -0.49052000000000001 -0.48957000000000001 -0.48823 -0.48642000000000002 -0.48376000000000002 -0.48026000000000002 -0.47499000000000002 -0.46731 -0.45556000000000002 -0.43753999999999998 -0.41066000000000003 -0.37063000000000001 -0.31595000000000001 -0.24351 -0.15748999999999999 -0.063467999999999997 0.034375999999999997 0.12653 0.21906 0.30602000000000001 0.39583000000000002 0.48898000000000003 0.60094000000000003 0.72577999999999998 0.86287999999999998 0.99607000000000001 1.1222000000000001 1.2362 1.3161 1.3676999999999999 1.3682000000000001 1.3111999999999999
-0.49380000000000002 -0.49371999999999999 -0.49359999999999998 -0.49343999999999999 -0.49321999999999999 -0.49288999999999999 -0.49242000000000002 -0.49173 -0.49073 -0.48923 -0.48725000000000002 -0.48435 -0.48043000000000002 -0.47494999999999998 -0.46716000000000002 -0.45628999999999997 -0.43992999999999999 -0.41654999999999998 -0.38223000000000001 -0.33427000000000001 -0.27159 -0.19327 -0.10925 -0.017309999999999999 0.070130999999999999 0.15891 0.24492 0.33339999999999997 0.42623 0.54381000000000002 0.67191000000000001 0.80603000000000002 0.93562999999999996 1.0567 1.1617999999999999 1.2372000000000001 1.2805 1.2630999999999999 1.2027000000000001
-0.49471999999999999 -0.49464999999999998 -0.49456 -0.49442000000000003 -0.49421999999999999 -0.49392999999999998 -0.49353000000000002 -0.49292999999999998 -0.49201 -0.49062 -0.48857 -0.48562 -0.48130000000000001 -0.47552 -0.46701999999999999 -0.45601999999999998 -0.44016 -0.41814000000000001 -0.38717000000000001 -0.34361999999999998 -0.28771000000000002 -0.21656 -0.13925000000000001 -0.055153000000000001 0.029832000000000001 0.11279 0.19514000000000001 0.28323999999999999 0.38130999999999998 0.49806 0.62597000000000003 0.75590000000000002 0.88258000000000003 0.99982000000000004 1.0954999999999999 1.1658999999999999 1.1996 1.1708000000000001 1.1031
-0.49639 -0.49635000000000001 -0.49628 -0.49617 -0.49601000000000001 -0.49576999999999999 -0.49542000000000003 -0.49491000000000002 -0.49414000000000002 -0.49295 -0.49108000000000002 -0.48830000000000001 -0.48401 -0.47800999999999999 -0.46926000000000001 -0.45717999999999998 -0.44102000000000002 -0.41848000000000002 -0.38952999999999999 -0.34925 -0.29833999999999999 -0.23513000000000001 -0.16284999999999999 -0.087243000000000001 -0.0069112000000000002 0.068503999999999995 0.14734 0.23355999999999999 0.33113999999999999 0.44213999999999998 0.57355 0.69994000000000001 0.82325000000000004 0.93461000000000005 1.0205 1.0855999999999999 1.1083000000000001 1.0692999999999999 0.98460999999999999
-0.49786999999999998 -0.49784 -0.49780000000000002 -0.49772 -0.49758999999999998 -0.49740000000000001 -0.49711 -0.49668000000000001 -0.49602000000000002 -0.49502000000000002 -0.49343999999999999 -0.49098000000000003 -0.48715000000000003 -0.48127999999999999 -0.47277999999999998 -0.46001999999999998 -0.44352999999999998 -0.42014000000000001 -0.39099 -0.35242000000000001 -0.30346000000000001 -0.24562999999999999 -0.17705000000000001 -0.10918 -0.036509 0.033696999999999998 0.1095 0.19278000000000001 0.29015999999999997 0.40099000000000001 0.52532000000000001 0.64910999999999996 0.76876 0.87494000000000005 0.95362000000000002 1.0127999999999999 1.018 0.97682000000000002 0.87824999999999998
-0.49920999999999999 -0.49919000000000002 -0.49914999999999998 -0.49909999999999999 -0.499 -0.49885000000000002 -0.49862000000000001 -0.49825000000000003 -0.49769999999999998 -0.49685000000000001 -0.49551000000000001 -0.49339 -0.49004999999999999 -0.48466999999999999 -0.47675000000000001 -0.46448 -0.44768999999999998 -0.42430000000000001 -0.39362000000000003 -0.35582000000000003 -0.30682999999999999 -0.25285999999999997 -0.18947 -0.12669 -0.061378000000000002 0.0032975000000000001 0.077170000000000002 0.1585 0.25233 0.36181999999999997 0.48100999999999999 0.60326000000000002 0.71979000000000004 0.81757999999999997 0.89161000000000001 0.94357000000000002 0.93596999999999997 0.89144999999999996 0.78198999999999996
-0.50041999999999998 -0.50041000000000002 -0.50038000000000005 -0.50034000000000001 -0.50026999999999999 -0.50014999999999998 -0.49996000000000002 -0.49965999999999999 -0.49919000000000002 -0.49846000000000001 -0.49731999999999998 -0.49547999999999998 -0.49258999999999997 -0.48787000000000003 -0.48060999999999998 -0.46938999999999997 -0.45277000000000001 -0.42996000000000001 -0.39795999999999998 -0.36068 -0.31234000000000001 -0.25952999999999998 -0.20111999999999999 -0.14262 -0.084163000000000002 -0.025359 0.047571000000000002 0.12673999999999999 0.21622 0.32451999999999998 0.44059999999999999 0.56267999999999996 0.67632000000000003 0.76388999999999996 0.83492 0.87856999999999996 0.8639 0.81108000000000002 0.69503999999999999
-0.50195999999999996 -0.50195000000000001 -0.50192999999999999 -0.50190000000000001 -0.50183999999999995 -0.50175000000000003 -0.50160000000000005 -0.50134000000000001 -0.50095000000000001 -0.50031999999999999 -0.49933 -0.49773000000000001 -0.49520999999999998 -0.49109999999999998 -0.48453000000000002 -0.47437000000000001 -0.45850000000000002 -0.43663000000000002 -0.40500000000000003 -0.36730000000000002 -0.32008999999999999 -0.26706000000000002 -0.21334 -0.15828999999999999 -0.10557999999999999 -0.049312000000000002 0.019956000000000002 0.096018000000000006 0.18310999999999999 0.28949999999999998 0.40375 0.5242 0.63680999999999999 0.71416000000000002 0.78303999999999996 0.81913000000000002 0.79842999999999997 0.73472000000000004 0.61538000000000004
-0.50339 -0.50338000000000005 -0.50336000000000003 -0.50334000000000001 -0.50329000000000002 -0.50322 -0.50309000000000004 -0.50287999999999999 -0.50253999999999999 -0.502 -0.50114000000000003 -0.49975000000000003 -0.49752000000000002 -0.49391000000000002 -0.48801 -0.47883999999999999 -0.46412999999999999 -0.44331999999999999 -0.41327999999999998 -0.37486000000000003 -0.32904 -0.27538000000000001 -0.22614999999999999 -0.17444000000000001 -0.12631999999999999 -0.071981000000000003 -0.0063914000000000002 0.066485000000000002 0.15218000000000001 0.25641000000000003 0.36969999999999997 0.48693999999999998 0.59675999999999996 0.66722999999999999 0.73421000000000003 0.75970000000000004 0.73770999999999998 0.66424000000000005 0.55012000000000005
-0.50470999999999999 -0.50470999999999999 -0.50470000000000004 -0.50468000000000002 -0.50463999999999998 -0.50458000000000003 -0.50446999999999997 -0.50429000000000002 -0.504 -0.50353000000000003 -0.50277000000000005 -0.50155000000000005 -0.49956 -0.49636999999999998 -0.49104999999999999 -0.48277999999999999 -0.46949999999999997 -0.44966 -0.42138999999999999 -0.38288 -0.3387 -0.28486 -0.23996000000000001 -0.19158 -0.14585999999999999 -0.092862 -0.031645 0.038337999999999997 0.12322 0.22536999999999999 0.3387 0.45467999999999997 0.55542000000000002 0.62453999999999998 0.68728999999999996 0.70320000000000005 0.68001999999999996 0.59904000000000002 0.49046000000000001
-0.50595999999999997 -0.50595000000000001 -0.50593999999999995 -0.50592000000000004 -0.50588999999999995 -0.50583999999999996 -0.50575000000000003 -0.50560000000000005 -0.50534999999999997 -0.50492999999999999 -0.50426000000000004 -0.50317999999999996 -0.50139 -0.49852999999999997 -0.49378 -0.48624000000000001 -0.47417999999999999 -0.45549000000000001 -0.42897000000000002 -0.39096999999999998 -0.34855999999999998 -0.29787999999999998 -0.25394 -0.20857999999999999 -0.16511999999999999 -0.11448999999999999 -0.057033 0.011431 0.096254000000000006 0.19675999999999999 0.31002999999999997 0.42297000000000001 0.51693 0.58601000000000003 0.64226000000000005 0.65017999999999998 0.62565000000000004 0.53834000000000004 0.43503999999999998
-0.50783999999999996 -0.50783 -0.50783 -0.50780999999999998 -0.50778999999999996 -0.50773999999999997 -0.50766 -0.50753000000000004 -0.50731000000000004 -0.50693999999999995 -0.50634000000000001 -0.50536999999999999 -0.50375999999999999 -0.50117999999999996 -0.49690000000000001 -0.48998000000000003 -0.47897000000000001 -0.46145999999999998 -0.43656 -0.40023999999999998 -0.35887999999999998 -0.31154999999999999 -0.26808999999999999 -0.22547 -0.18378 -0.13521 -0.080182000000000003 -0.013715 0.070854 0.17008000000000001 0.28342000000000001 0.39340999999999998 0.48042000000000001 0.54827999999999999 0.59914999999999996 0.60201000000000005 0.57425000000000004 0.48159000000000002 0.38321
0.69999999999999996 0.02
-0.64900999999999998 -0.71094000000000002 -0.77215999999999996 -0.85560999999999998 -0.94216999999999995 -1.0287999999999999 -1.1294 -1.2283999999999999 -1.3253999999999999 -1.425 -1.5209999999999999 -1.6117999999999999 -1.6898 -1.7501 -1.7910999999999999 -1.8047 -1.7736000000000001 -1.7203999999999999 -1.6524000000000001 -1.5613999999999999 -1.4585999999999999 -1.3503000000000001 -1.2887999999999999 -1.3 -1.3472999999999999 -1.4043000000000001 -1.2783 -1.1518999999999999 -1.0253000000000001 -0.87553999999999998 -0.72613000000000005 -0.57176000000000005 -0.39138000000000001 -0.21196000000000001 -0.012175 0.19469 0.40544000000000002 0.62139 0.83465999999999996
-0.51175000000000004 -0.50732999999999995 -0.50319000000000003 -0.50161999999999995 -0.49925000000000003 -0.50570999999999999 -0.50888999999999995 -0.53054999999999997 -0.54725999999999997 -0.58182 -0.61682000000000003 -0.64849000000000001 -0.69233 -0.72604000000000002 -0.75153999999999999 -0.77332000000000001 -0.78300000000000003 -0.78093000000000001 -0.75453000000000003 -0.71758 -0.67298999999999998 -0.60263 -0.51842999999999995 -0.43292000000000003 -0.34125 -0.23168 -0.12279 -0.014952999999999999 0.070984000000000005 0.14827000000000001 0.21814 0.31169000000000002 0.44035000000000002 0.56777999999999995 0.69798000000000004 0.84279999999999999 0.98631000000000002 1.1314 1.2922
-0.52095000000000002 -0.51812999999999998 -0.51336999999999999 -0.50541999999999998 -0.49391000000000002 -0.47713 -0.45295999999999997 -0.41753000000000001 -0.36664000000000002 -0.30343999999999999 -0.21819 -0.11332 0.012782999999999999 0.15009 0.30431000000000002 0.45161000000000001 0.60409999999999997 0.72638000000000003 0.85284000000000004 0.94338 1.0285 1.1093999999999999 1.171 1.2318 1.2917000000000001 1.3514999999999999 1.4097 1.4662999999999999 1.5347 1.6036999999999999 1.6707000000000001 1.7453000000000001 1.8289 1.9101999999999999 1.9906999999999999 2.0884 2.1840999999999999 2.2774999999999999 2.3807
-0.47139999999999999 -0.46955999999999998 -0.46729999999999999 -0.46417999999999998 -0.45948 -0.45234999999999997 -0.44036999999999998 -0.42037000000000002 -0.38862999999999998 -0.33875 -0.26801999999999998 -0.17150000000000001 -0.047185999999999999 0.10437 0.28333999999999998 0.48265000000000002 0.69803999999999999 0.91976999999999998 1.1443000000000001 1.3625 1.5690999999999999 1.7481 1.9134 2.0527000000000002 2.1661999999999999 2.2776000000000001 2.3531 2.4264000000000001 2.4969000000000001 2.5560999999999998 2.6132 2.6680999999999999 2.7275999999999998 2.7852999999999999 2.8407 2.9049 2.9740000000000002 3.0407000000000002 3.1114999999999999
-0.45108999999999999 -0.44305 -0.43392999999999998 -0.42807000000000001 -0.41781000000000001 -0.40726000000000001 -0.39334000000000002 -0.37384000000000001 -0.34500999999999998 -0.30348000000000003 -0.24357999999999999 -0.16372999999999999 -0.060717 0.065484000000000001 0.21318000000000001 0.38458999999999999 0.57150999999999996 0.78212000000000004 1.0028999999999999 1.2382 1.4789000000000001 1.7233000000000001 1.9622999999999999 2.1966999999999999 2.4047000000000001 2.6061000000000001 2.7629999999999999 2.9135 3.0289999999999999 3.1293000000000002 3.2237 3.2934999999999999 3.3611 3.4260000000000002 3.4866000000000001 3.5451000000000001 3.6021999999999998 3.6697000000000002 3.7351999999999999
-0.46384999999999998 -0.45621 -0.44646000000000002 -0.43430000000000002 -0.41953000000000001 -0.40177000000000002 -0.38045000000000001 -0.35354999999999998 -0.31908999999999998 -0.27417000000000002 -0.21551999999999999 -0.13803000000000001 -0.048627999999999998 0.067709000000000005 0.2051 0.36562 0.54686000000000001 0.74412 0.95789000000000002 1.1771 1.4079999999999999 1.6418999999999999 1.8832 2.1259999999999999 2.3690000000000002 2.6046999999999998 2.8338999999999999 3.0373999999999999 3.2328000000000001 3.3881000000000001 3.5346000000000002 3.653 3.7530999999999999 3.8502999999999998 3.9239999999999999 3.9952000000000001 4.0639000000000003 4.1299999999999999 4.1942000000000004
-0.44569999999999999 -0.44157999999999997 -0.43291000000000002 -0.42149999999999999 -0.40891 -0.39282 -0.37129000000000001 -0.34597 -0.31505 -0.27567000000000003 -0.22428999999999999 -0.15819 -0.070820999999999995 0.036649000000000001 0.17216999999999999 0.33187 0.51807999999999998 0.72721000000000002 0.95140000000000002 1.1898 1.4314 1.679 1.9256 2.1716000000000002 2.4178999999999999 2.6600999999999999 2.9055 3.1446000000000001 3.3820000000000001 3.6086999999999998 3.8188 4.0137 4.1795999999999998 4.3358999999999996 4.4535999999999998 4.5679999999999996 4.6558000000000002 4.7313999999999998 4.8064
-0.42037000000000002 -0.41525000000000001 -0.40809000000000001 -0.39528999999999997 -0.37859999999999999 -0.35929 -0.33412999999999998 -0.30179 -0.26132 -0.21260999999999999 -0.15384 -0.083552000000000001 0.00079891999999999995 0.10513 0.22692999999999999 0.38146000000000002 0.55367999999999995 0.75683999999999996 0.97977000000000003 1.2189000000000001 1.4751000000000001 1.7345999999999999 2.0024999999999999 2.2658 2.5261999999999998 2.7831000000000001 3.0356999999999998 3.2898000000000001 3.5375999999999999 3.7795999999999998 4.0103999999999997 4.2252000000000001 4.4248000000000003 4.5945 4.7545999999999999 4.8825000000000003 5.0079000000000002 5.1036999999999999 5.1952999999999996
-0.40962999999999999 -0.40333000000000002 -0.39645000000000002 -0.38827 -0.37326999999999999 -0.35132999999999998 -0.32622000000000001 -0.29115000000000002 -0.24373 -0.18093999999999999 -0.10333000000000001 -0.011206000000000001 0.094546000000000005 0.21468000000000001 0.35213 0.50760000000000005 0.68679000000000001 0.87983 1.0987 1.3254999999999999 1.5697000000000001 1.8214999999999999 2.0796999999999999 2.3464999999999998 2.6109 2.8807 3.1448999999999998 3.4074 3.6648999999999998 3.9159999999999999 4.1551 4.3841000000000001 4.5868000000000002 4.7819000000000003 4.9423000000000004 5.0991 5.2168000000000001 5.3299000000000003 5.4236000000000004
-0.41186 -0.40555000000000002 -0.39805000000000001 -0.38773999999999997 -0.37169999999999997 -0.35164000000000001 -0.32684999999999997 -0.29268 -0.24701000000000001 -0.18525 -0.10532999999999999 -0.0050469 0.11803 0.26072000000000001 0.42756 0.60960999999999999 0.80705000000000005 1.0143 1.2313000000000001 1.4597 1.6911 1.9359 2.1802000000000001 2.4369000000000001 2.6953 2.9580000000000002 3.2229000000000001 3.484 3.7433000000000001 3.9933999999999998 4.2335000000000003 4.4606000000000003 4.6737000000000002 4.8651 5.0392999999999999 5.1882000000000001 5.3194999999999997 5.4313000000000002 5.5197000000000003
-0.40582000000000001 -0.39934999999999998 -0.39201000000000003 -0.3836 -0.37330999999999998 -0.35497000000000001 -0.32845999999999997 -0.29718 -0.25430999999999998 -0.19656000000000001 -0.1183 -0.019727000000000001 0.10501000000000001 0.25237999999999999 0.42470000000000002 0.61987000000000003 0.83187 1.0608 1.2945 1.5350999999999999 1.7747999999999999 2.0152000000000001 2.2576000000000001 2.5005000000000002 2.7517 3.0009000000000001 3.2587999999999999 3.5118 3.7631999999999999 4.0048000000000004 4.2374999999999998 4.4607000000000001 4.6756000000000002 4.8632999999999997 5.0446999999999997 5.1863999999999999 5.3239999999999998 5.4250999999999996 5.5243000000000002
-0.40748000000000001 -0.40083999999999997 -0.39291999999999999 -0.38372000000000001 -0.37279000000000001 -0.35937999999999998 -0.33798 -0.30495 -0.26778999999999997 -0.21754999999999999 -0.15007000000000001 -0.060528999999999999 0.051366000000000002 0.19319 0.35709000000000002 0.54696 0.75444999999999995 0.97657000000000005 1.2125999999999999 1.4528000000000001 1.7060999999999999 1.9587000000000001 2.2162999999999999 2.4706999999999999 2.7225000000000001 2.9702000000000002 3.2136999999999998 3.4535999999999998 3.6888000000000001 3.9174000000000002 4.1386000000000003 4.3518999999999997 4.5510999999999999 4.7411000000000003 4.9086999999999996 5.0678999999999998 5.1946000000000003 5.3139000000000003 5.4013999999999998
-0.40260000000000001 -0.39637 -0.38888 -0.3795 -0.36836999999999998 -0.35381000000000001 -0.33235999999999999 -0.30482999999999999 -0.27145999999999998 -0.22520999999999999 -0.16431000000000001 -0.082155000000000006 0.021193 0.14813999999999999 0.29974000000000001 0.46984999999999999 0.66661000000000004 0.87512999999999996 1.1037999999999999 1.341 1.5867 1.8400000000000001 2.0929000000000002 2.3515999999999999 2.6057999999999999 2.8599999999999999 3.1088 3.3534999999999999 3.5897000000000001 3.8193999999999999 4.0357000000000003 4.2449000000000003 4.4394 4.6231 4.7882999999999996 4.9371999999999998 5.0689000000000002 5.1760999999999999 5.2638999999999996
-0.38727 -0.38070999999999999 -0.37352000000000002 -0.36484 -0.35425000000000001 -0.33949000000000001 -0.31835999999999998 -0.29319000000000001 -0.2606 -0.21734999999999999 -0.16039999999999999 -0.086995000000000003 0.0089578999999999995 0.12453 0.26888000000000001 0.43279000000000001 0.61914000000000002 0.82323999999999997 1.0384 1.2725 1.5097 1.7624 2.0150999999999999 2.2715999999999998 2.5274999999999999 2.7804000000000002 3.0326 3.2801 3.5219999999999998 3.7551999999999999 3.9761000000000002 4.1833999999999998 4.3780999999999999 4.5532000000000004 4.7152000000000003 4.8501000000000003 4.9722 5.0613000000000001 5.141
-0.36386000000000002 -0.35819000000000001 -0.35070000000000001 -0.34199000000000002 -0.33182 -0.31940000000000002 -0.30292999999999998 -0.27764 -0.24426 -0.20355000000000001 -0.14776 -0.077544000000000002 0.014126 0.12603 0.26064999999999999 0.41920000000000002 0.59428000000000003 0.79679999999999995 1.0087999999999999 1.2384999999999999 1.4762 1.7217 1.9759 2.2282999999999999 2.4878 2.7414999999999998 2.9950999999999999 3.2437999999999998 3.4887000000000001 3.722 3.9472 4.1502999999999997 4.3418999999999999 4.5083000000000002 4.6559999999999997 4.7785000000000002 4.8788 4.9585999999999997 5.0202999999999998
-0.30808000000000002 -0.30364999999999998 -0.29832999999999998 -0.29113 -0.28222000000000003 -0.27122000000000002 -0.25490000000000002 -0.23191000000000001 -0.20200000000000001 -0.16433 -0.11176999999999999 -0.043681999999999999 0.043506000000000003 0.15404999999999999 0.28256999999999999 0.44041000000000002 0.61346000000000001 0.80842999999999998 1.0176000000000001 1.2381 1.4750000000000001 1.7132000000000001 1.9663999999999999 2.2174 2.4727000000000001 2.7267999999999999 2.9786999999999999 3.2286000000000001 3.4721000000000002 3.7040999999999999 3.9232 4.1201999999999996 4.3014000000000001 4.4630000000000001 4.5941999999999998 4.7050000000000001 4.7873000000000001 4.8577000000000004 4.9066000000000001
-0.24895999999999999 -0.24240999999999999 -0.23491999999999999 -0.22613 -0.21623999999999999 -0.20569000000000001 -0.1895 -0.16866999999999999 -0.14127999999999999 -0.10496999999999999 -0.056734 0.0093259999999999992 0.088517999999999999 0.19578000000000001 0.31814999999999999 0.46749000000000002 0.63690000000000002 0.82469000000000003 1.0337000000000001 1.2484999999999999 1.4844999999999999 1.7224999999999999 1.97 2.2204999999999999 2.4706000000000001 2.7244999999999999 2.9722 3.2198000000000002 3.4569000000000001 3.6839 3.8915999999999999 4.0837000000000003 4.2530999999999999 4.4071999999999996 4.5206 4.6203000000000003 4.6917999999999997 4.7523999999999997 4.7967000000000004
-0.14441000000000001 -0.12422999999999999 -0.10362 -0.082452999999999999 -0.059626999999999999 -0.035455 -0.0092075999999999998 0.020865000000000002 0.052976000000000002 0.096088000000000007 0.14577999999999999 0.20843999999999999 0.28565000000000002 0.37385000000000002 0.48864999999999997 0.61112999999999995 0.76604000000000005 0.93125999999999998 1.1180000000000001 1.3229 1.5365 1.7696000000000001 2.0019999999999998 2.2435999999999998 2.4828000000000001 2.7208999999999999 2.9531000000000001 3.1739999999999999 3.3814000000000002 3.5743 3.7536 3.9169 4.0644 4.1879 4.2961 4.3769999999999998 4.4493999999999998 4.4974999999999996 4.5407000000000002
-0.19375000000000001 -0.16414000000000001 -0.13211999999999999 -0.097790000000000002 -0.060425 -0.018467000000000001 0.027607 0.077668000000000001 0.13267999999999999 0.19269 0.26291999999999999 0.33864 0.43206 0.53281999999999996 0.64820999999999995 0.77522999999999997 0.90720999999999996 1.0618000000000001 1.2168000000000001 1.4028 1.5945 1.804 2.0226999999999999 2.2435 2.468 2.6831999999999998 2.8889999999999998 3.0783 3.2505999999999999 3.4104000000000001 3.5602999999999998 3.7012 3.8361999999999998 3.9540000000000002 4.0617999999999999 4.1504000000000003 4.2241999999999997 4.2842000000000002 4.3324999999999996
-0.36781999999999998 -0.34566999999999998 -0.31913999999999998 -0.28784999999999999 -0.25219000000000003 -0.21032999999999999 -0.16292999999999999 -0.10661 -0.043060000000000001 0.030846999999999999 0.11692 0.21697 0.33156999999999998 0.46060000000000001 0.59963999999999995 0.74641999999999997 0.90083999999999997 1.0569999999999999 1.2274 1.3958999999999999 1.5812999999999999 1.7664 1.9585999999999999 2.1520999999999999 2.3409 2.5223 2.6898 2.8393999999999999 2.9742999999999999 3.0981000000000001 3.2189999999999999 3.3382000000000001 3.4594999999999998 3.5787 3.6880999999999999 3.7888000000000002 3.8744999999999998 3.9476 4.0136000000000003
-0.44364999999999999 -0.43469999999999998 -0.42346 -0.40775 -0.38729000000000002 -0.36104000000000003 -0.32722000000000001 -0.28589999999999999 -0.23291000000000001 -0.17165 -0.097511 -0.0092134000000000001 0.095344999999999999 0.21947 0.36320999999999998 0.52603999999999995 0.70396000000000003 0.89071 1.0805 1.2726999999999999 1.4602999999999999 1.653 1.8376999999999999 2.0211999999999999 2.1949000000000001 2.3586 2.5062000000000002 2.6389 2.7564000000000002 2.8662999999999998 2.9756 3.0868000000000002 3.2014999999999998 3.3170000000000002 3.4323999999999999 3.5316999999999998 3.6252 3.706 3.7890999999999999
-0.45888000000000001 -0.45589000000000002 -0.45149 -0.44546999999999998 -0.43648999999999999 -0.42436000000000001 -0.40649999999999997 -0.38086999999999999 -0.34549000000000002 -0.29777999999999999 -0.23716999999999999 -0.15887999999999999 -0.062654000000000001 0.055044999999999997 0.19583999999999999 0.35876999999999998 0.54207000000000005 0.73953999999999998 0.94481999999999999 1.1519999999999999 1.3555999999999999 1.552 1.7402 1.9162999999999999 2.0832000000000002 2.2347000000000001 2.3700000000000001 2.4891999999999999 2.5958999999999999 2.6991000000000001 2.7991000000000001 2.9087999999999998 3.0186000000000002 3.1343000000000001 3.2441 3.3477000000000001 3.4405000000000001 3.5308000000000002 3.6263000000000001
-0.46410000000000001 -0.46266000000000002 -0.46083000000000002 -0.45835999999999999 -0.45506000000000002 -0.45011000000000001 -0.44319999999999998 -0.43319999999999997 -0.41943000000000003 -0.39951999999999999 -0.36986999999999998 -0.32668999999999998 -0.26343 -0.1734 -0.050199000000000001 0.10981 0.30270000000000002 0.52185000000000004 0.75077000000000005 0.98302 1.2045999999999999 1.4134 1.6047 1.7763 1.931 2.0661 2.1859999999999999 2.2906 2.3874 2.4803999999999999 2.5800000000000001 2.6798999999999999 2.7904 2.8972000000000002 2.9996999999999998 3.0987 3.1947000000000001 3.3033000000000001 3.4203000000000001
-0.46627999999999997 -0.46517999999999998 -0.46379999999999999 -0.46182000000000001 -0.45898 -0.45506999999999997 -0.44997999999999999 -0.44319999999999998 -0.43347000000000002 -0.42055999999999999 -0.40185999999999999 -0.37459999999999999 -0.33515 -0.27798 -0.19444 -0.076785999999999993 0.085051000000000002 0.28938999999999998 0.52912000000000003 0.78183000000000002 1.0376000000000001 1.2659 1.4766999999999999 1.6554 1.8107 1.9460999999999999 2.0613000000000001 2.165 2.2614999999999998 2.3565 2.4556 2.5558999999999998 2.6558000000000002 2.7536999999999998 2.8485 2.9441000000000002 3.0487000000000002 3.1627999999999998 3.2980999999999998
-0.46522000000000002 -0.46449000000000001 -0.46328999999999998 -0.46173999999999998 -0.45939999999999998 -0.45641999999999999 -0.45221 -0.44616 -0.43778 -0.42637000000000003 -0.41106999999999999 -0.38966000000000001 -0.35938999999999999 -0.3155 -0.25158999999999998 -0.15953000000000001 -0.032592000000000003 0.14026 0.35300999999999999 0.60041 0.85736999999999997 1.1116999999999999 1.3344 1.5382 1.6970000000000001 1.8391 1.9596 2.0691000000000002 2.1699999999999999 2.2713000000000001 2.3691 2.4674999999999998 2.5615999999999999 2.6526999999999998 2.7452000000000001 2.8355999999999999 2.9521000000000002 3.0794999999999999 3.2128999999999999
-0.46481 -0.46400000000000002 -0.46279999999999999 -0.46132000000000001 -0.45932000000000001 -0.45646999999999999 -0.45262999999999998 -0.44706000000000001 -0.44008999999999998 -0.43014999999999998 -0.41643000000000002 -0.39700000000000002 -0.36947999999999998 -0.33067999999999997 -0.27606999999999998 -0.19752 -0.088247000000000006 0.060750999999999999 0.25165999999999999 0.47867999999999999 0.72684000000000004 0.97948000000000002 1.2126999999999999 1.4214 1.5993999999999999 1.7476 1.879 1.9939 2.1027 2.2081 2.3081999999999998 2.4032 2.4929999999999999 2.5783999999999998 2.6688999999999998 2.7679 2.8816000000000002 3.0139999999999998 3.1394000000000002
-0.46346999999999999 -0.46229999999999999 -0.46099000000000001 -0.45932000000000001 -0.45748 -0.45479999999999998 -0.45134999999999997 -0.44646000000000002 -0.43980999999999998 -0.43051 -0.41721000000000003 -0.39911999999999997 -0.37354999999999999 -0.33745000000000003 -0.28665000000000002 -0.21553 -0.11638 0.0155 0.19 0.39811000000000002 0.63519000000000003 0.87880999999999998 1.1191 1.3288 1.5215000000000001 1.6751 1.8154999999999999 1.9380999999999999 2.0533999999999999 2.1621999999999999 2.2618 2.3540999999999999 2.4386000000000001 2.5228999999999999 2.6074999999999999 2.7141999999999999 2.8294999999999999 2.9533999999999998 3.0695000000000001
-0.46284999999999998 -0.46098 -0.45910000000000001 -0.45677000000000001 -0.45426 -0.45117000000000002 -0.44732 -0.44258999999999998 -0.436 -0.42760999999999999 -0.41537000000000002 -0.39823999999999998 -0.37386000000000003 -0.33959 -0.29111999999999999 -0.22425999999999999 -0.13039000000000001 -0.0065675000000000004 0.15464 0.35043999999999997 0.57425000000000004 0.81018999999999997 1.0471999999999999 1.2602 1.4545999999999999 1.6213 1.7673000000000001 1.8986000000000001 2.0171999999999999 2.1267999999999998 2.2244999999999999 2.3127 2.3914 2.4742999999999999 2.5568 2.6638999999999999 2.7784 2.8950999999999998 3.0019
-0.46371000000000001 -0.46122999999999997 -0.45852999999999999 -0.45541999999999999 -0.45184000000000002 -0.44792999999999999 -0.44294 -0.43762000000000001 -0.43062 -0.42196 -0.4103 -0.39432 -0.37212000000000001 -0.34022999999999998 -0.29460999999999998 -0.23049 -0.14113999999999999 -0.021129999999999999 0.13213 0.32046999999999998 0.53369999999999995 0.76315999999999995 0.99197999999999997 1.2098 1.405 1.5826 1.7317 1.869 1.9905999999999999 2.0981999999999998 2.1905999999999999 2.2724000000000002 2.3462000000000001 2.4275000000000002 2.5135999999999998 2.6133000000000002 2.7269999999999999 2.8388 2.9384999999999999
-0.46864 -0.46700000000000003 -0.46454000000000001 -0.46122999999999997 -0.45654 -0.45041999999999999 -0.44270999999999999 -0.43297000000000002 -0.42236000000000001 -0.40925 -0.39451999999999998 -0.37598999999999999 -0.35282999999999998 -0.32238 -0.28108 -0.22377 -0.14529 -0.037087000000000002 0.10292999999999999 0.27651999999999999 0.47752 0.69599999999999995 0.91625000000000001 1.1319999999999999 1.3310999999999999 1.5116000000000001 1.6712 1.8087 1.9298 2.0188999999999999 2.0975000000000001 2.1665999999999999 2.2370000000000001 2.3066 2.3982999999999999 2.4973000000000001 2.6040000000000001 2.7075 2.7907999999999999
-0.47092000000000001 -0.47027999999999998 -0.46914 -0.46747 -0.46500000000000002 -0.46122000000000002 -0.45587 -0.44780999999999999 -0.43636000000000003 -0.42093999999999998 -0.40010000000000001 -0.37557000000000001 -0.34471000000000002 -0.30854999999999999 -0.26296999999999998 -0.20544000000000001 -0.13031000000000001 -0.032548000000000001 0.096607999999999999 0.25548999999999999 0.44680999999999998 0.65605000000000002 0.87427999999999995 1.0847 1.284 1.4550000000000001 1.6076999999999999 1.734 1.8351999999999999 1.9153 1.9853000000000001 2.0493000000000001 2.1192000000000002 2.1962000000000002 2.2831000000000001 2.3874 2.4935999999999998 2.5935999999999999 2.6634000000000002
-0.47160999999999997 -0.47120000000000001 -0.47064 -0.46983999999999998 -0.46860000000000002 -0.46644999999999998 -0.46333000000000002 -0.45865 -0.45132 -0.44042999999999999 -0.42363000000000001 -0.39935999999999999 -0.36568000000000001 -0.32050000000000001 -0.26551999999999998 -0.19689000000000001 -0.11477 -0.013098 0.11229 0.26521 0.44386999999999999 0.64336000000000004 0.84970999999999997 1.0497000000000001 1.2329000000000001 1.3932 1.5274000000000001 1.6398999999999999 1.7244999999999999 1.7987 1.8664000000000001 1.9341999999999999 2.0041000000000002 2.0895000000000001 2.1839 2.2896999999999998 2.3959999999999999 2.4893000000000001 2.5510999999999999
-0.47210000000000002 -0.47177999999999998 -0.47133000000000003 -0.47070000000000001 -0.4698 -0.46851999999999999 -0.46650000000000003 -0.46350000000000002 -0.45881 -0.45150000000000001 -0.44017000000000001 -0.42216999999999999 -0.39490999999999998 -0.35344999999999999 -0.29548000000000002 -0.21831 -0.12242 -0.0091926999999999998 0.12371 0.27748 0.45023000000000002 0.63915999999999995 0.82986000000000004 1.0134000000000001 1.1767000000000001 1.3209 1.4363999999999999 1.5339 1.611 1.6829000000000001 1.7516 1.825 1.9016999999999999 1.9904999999999999 2.0950000000000002 2.2063999999999999 2.3134000000000001 2.3978000000000002 2.4491000000000001
-0.47275 -0.47247 -0.47206999999999999 -0.47153 -0.47077000000000002 -0.46972999999999998 -0.46823999999999999 -0.46604000000000001 -0.46266000000000002 -0.45739000000000002 -0.44911000000000001 -0.43602000000000002 -0.41535 -0.38280999999999998 -0.33216000000000001 -0.25874999999999998 -0.15637000000000001 -0.033230999999999997 0.11292000000000001 0.27261999999999997 0.44592999999999999 0.62587999999999999 0.80154999999999998 0.96711999999999998 1.1121000000000001 1.2388999999999999 1.3442000000000001 1.4307000000000001 1.5037 1.5760000000000001 1.6469 1.7253000000000001 1.8102 1.9024000000000001 2.0167999999999999 2.1318000000000001 2.2376 2.3163999999999998 2.3578999999999999
-0.47328999999999999 -0.47306999999999999 -0.47275 -0.47228999999999999 -0.47161999999999998 -0.47069 -0.46938999999999997 -0.46751999999999999 -0.46479999999999999 -0.46062999999999998 -0.45411000000000001 -0.44381999999999999 -0.42742999999999998 -0.40139000000000002 -0.35982999999999998 -0.29587000000000002 -0.20188999999999999 -0.076340000000000005 0.075068999999999997 0.24460999999999999 0.41885 0.59558 0.75771999999999995 0.90825999999999996 1.0422 1.1568000000000001 1.2561 1.3352999999999999 1.4067000000000001 1.4794 1.5544 1.6358999999999999 1.7282999999999999 1.8306 1.9482999999999999 2.0653000000000001 2.1665999999999999 2.2431000000000001 2.2755000000000001
-0.47373999999999999 -0.47355999999999998 -0.47331000000000001 -0.47292000000000001 -0.47237000000000001 -0.47155000000000002 -0.47039999999999998 -0.46873999999999999 -0.46634999999999999 -0.46276 -0.45723999999999998 -0.44861000000000001 -0.43484 -0.41303000000000001 -0.37833 -0.32351999999999997 -0.24093000000000001 -0.12253 0.025464000000000001 0.20094999999999999 0.37398999999999999 0.54757999999999996 0.70247000000000004 0.84321999999999997 0.96918000000000004 1.0766 1.1732 1.2488999999999999 1.3213999999999999 1.3928 1.4722 1.5569 1.6587000000000001 1.7695000000000001 1.8878999999999999 2.0044 2.1025 2.1724000000000001 2.2019000000000002
-0.47411999999999999 -0.47397 -0.47375 -0.47342000000000001 -0.47294999999999998 -0.47226000000000001 -0.47126000000000001 -0.46981000000000001 -0.46767999999999998 -0.46450000000000002 -0.45961000000000002 -0.45212999999999998 -0.44024000000000002 -0.42131000000000002 -0.39116000000000001 -0.34354000000000001 -0.27089000000000002 -0.16372 -0.023997999999999998 0.14559 0.32192999999999999 0.49114999999999998 0.64281999999999995 0.77646999999999999 0.89776999999999996 1.0014000000000001 1.0943000000000001 1.1712 1.2444999999999999 1.3147 1.399 1.49 1.5953999999999999 1.7121 1.8329 1.9496 2.0444 2.1074000000000002 2.1379000000000001
-0.4748 -0.47469 -0.47453000000000001 -0.47428999999999999 -0.47393000000000002 -0.47341 -0.47262999999999999 -0.47149000000000002 -0.46976000000000001 -0.46715000000000001 -0.46315000000000001 -0.45704 -0.44753999999999999 -0.43246000000000001 -0.40866999999999998 -0.37089 -0.31269999999999998 -0.22653000000000001 -0.10623 0.042151000000000001 0.21257000000000001 0.37045 0.52305000000000001 0.64975000000000005 0.76483000000000001 0.86731000000000003 0.95609999999999995 1.0369999999999999 1.1097999999999999 1.1853 1.2739 1.3764000000000001 1.4888999999999999 1.6131 1.7378 1.8512 1.9419 1.9933000000000001 2.0213999999999999
-0.47532999999999997 -0.47525000000000001 -0.47513 -0.47493000000000002 -0.47463 -0.47419 -0.47353000000000001 -0.47258 -0.47117999999999999 -0.46905000000000002 -0.46581 -0.46074999999999999 -0.45290999999999998 -0.44041000000000002 -0.42063 -0.38934999999999997 -0.34067999999999998 -0.26857999999999999 -0.16582 -0.036652999999999998 0.11494 0.26663999999999999 0.41026000000000001 0.53991999999999996 0.65017000000000003 0.75151999999999997 0.83865999999999996 0.92051000000000005 0.99605999999999995 1.0803 1.1707000000000001 1.2816000000000001 1.4014 1.5286999999999999 1.6541999999999999 1.7641 1.8492 1.8992 1.9178999999999999
-0.47577000000000003 -0.47571000000000002 -0.47560999999999998 -0.47547 -0.47524 -0.47488999999999998 -0.47436 -0.47355000000000003 -0.47236 -0.47055000000000002 -0.46782000000000001 -0.46356000000000003 -0.45689000000000002 -0.44635000000000002 -0.42952000000000001 -0.40311000000000002 -0.36163000000000001 -0.30014999999999997 -0.21239 -0.097599000000000005 0.036427000000000001 0.18185999999999999 0.31516 0.44338 0.54964000000000002 0.64856000000000003 0.73673999999999995 0.81928000000000001 0.89856000000000003 0.98853000000000002 1.0861000000000001 1.1986000000000001 1.3254999999999999 1.4558 1.5825 1.6887000000000001 1.7677 1.8150999999999999 1.8219000000000001
-0.47611999999999999 -0.47605999999999998 -0.47598000000000001 -0.47586000000000001 -0.47566999999999998 -0.47538000000000002 -0.47493999999999997 -0.47427000000000002 -0.47327000000000002 -0.47172999999999998 -0.46937000000000001 -0.46573999999999999 -0.46000000000000002 -0.45099 -0.43648999999999999 -0.41382000000000002 -0.37828000000000001 -0.32479000000000002 -0.24872 -0.14637 -0.026648999999999999 0.10836999999999999 0.23449999999999999 0.35596 0.46287 0.55900000000000005 0.64793999999999996 0.73157000000000005 0.81606999999999996 0.90776000000000001 1.0124 1.1289 1.2592000000000001 1.3920999999999999 1.5184 1.6221000000000001 1.6943999999999999 1.7376 1.7339
-0.47685 -0.47677999999999998 -0.47669 -0.47655999999999998 -0.47637000000000002 -0.47608 -0.47571000000000002 -0.47516000000000003 -0.47432999999999997 -0.47303000000000001 -0.47098000000000001 -0.46783000000000002 -0.46284999999999998 -0.4551 -0.44266 -0.42301 -0.39244000000000001 -0.34576000000000001 -0.27933000000000002 -0.18834000000000001 -0.079533999999999994 0.043226000000000001 0.16616 0.28088000000000002 0.38805000000000001 0.48094999999999999 0.57011000000000001 0.65513999999999994 0.74345000000000006 0.83648 0.94757999999999998 1.0690999999999999 1.2013 1.3363 1.4590000000000001 1.5617000000000001 1.6278999999999999 1.669 1.6482000000000001
-0.47754000000000002 -0.47744999999999999 -0.47733999999999999 -0.47717999999999999 -0.47697000000000001 -0.47661999999999999 -0.47626000000000002 -0.47576000000000002 -0.47504000000000002 -0.47388999999999998 -0.47206999999999999 -0.46929999999999999 -0.46493000000000001 -0.45807999999999999 -0.44719999999999999 -0.42984 -0.40303 -0.36177999999999999 -0.30301 -0.22245999999999999 -0.12227 -0.010109999999999999 0.10863 0.21682999999999999 0.32224999999999998 0.41338000000000003 0.50234999999999996 0.58887 0.67989999999999995 0.77576999999999996 0.89100000000000001 1.0170999999999999 1.1517999999999999 1.2861 1.4063000000000001 1.5038 1.5686 1.6015999999999999 1.5676000000000001
-0.47820000000000001 -0.47810000000000002 -0.47797000000000001 -0.47778999999999999 -0.47752 -0.47713 -0.47671000000000002 -0.47621999999999998 -0.47549999999999998 -0.47442000000000001 -0.47273999999999999 -0.47022000000000003 -0.46629999999999999 -0.46011999999999997 -0.45046000000000003 -0.43497999999999998 -0.41127000000000002 -0.37487999999999999 -0.32214999999999999 -0.25009999999999999 -0.15765999999999999 -0.054501000000000001 0.058950000000000002 0.16223000000000001 0.26379000000000002 0.35536000000000001 0.44392999999999999 0.53137000000000001 0.62383999999999995 0.72406999999999999 0.84116999999999997 0.97196000000000005 1.1079000000000001 1.2405999999999999 1.3586 1.4509000000000001 1.5135000000000001 1.5376000000000001 1.4941
-0.47881000000000001 -0.47871999999999998 -0.47859000000000002 -0.47839999999999999 -0.47810000000000002 -0.47767999999999999 -0.47716999999999998 -0.47663 -0.47583999999999999 -0.47471999999999998 -0.47305000000000003 -0.47061999999999998 -0.46700000000000003 -0.46133999999999997 -0.45263999999999999 -0.43880999999999998 -0.41747000000000001 -0.38500000000000001 -0.33731 -0.27228999999999998 -0.18675 -0.091266 0.014395 0.11565 0.21337999999999999 0.30567 0.39350000000000002 0.48187000000000002 0.57477999999999996 0.67913999999999997 0.79788000000000003 0.93281000000000003 1.0681 1.1993 1.3151999999999999 1.4019999999999999 1.4616 1.4777 1.4276
-0.47993000000000002 -0.47983999999999999 -0.47971999999999998 -0.47953000000000001 -0.47926000000000002 -0.47887000000000002 -0.47832999999999998 -0.47766999999999998 -0.47672999999999999 -0.47538999999999998 -0.47360000000000002 -0.47094999999999998 -0.46747 -0.46224999999999999 -0.45457999999999998 -0.44289000000000001 -0.4249 -0.39812999999999998 -0.35830000000000001 -0.30375000000000002 -0.23186000000000001 -0.14615 -0.053275000000000003 0.044073000000000001 0.13483000000000001 0.22620999999999999 0.31245000000000001 0.40149000000000001 0.49371999999999999 0.60604999999999998 0.73077999999999999 0.86675000000000002 0.99868999999999997 1.1234 1.2355 1.3153999999999999 1.3673999999999999 1.3651 1.3071999999999999
-0.48094999999999999 -0.48087000000000002 -0.48075000000000001 -0.48059000000000002 -0.48036000000000001 -0.48004000000000002 -0.47957 -0.47887000000000002 -0.47788000000000003 -0.47639999999999999 -0.47441 -0.47154000000000001 -0.46762999999999999 -0.46221000000000001 -0.45443 -0.44364999999999999 -0.4274 -0.40406999999999998 -0.36992999999999998 -0.3221 -0.25986999999999999 -0.18182999999999999 -0.098837999999999995 -0.0081452 0.078702999999999995 0.16624 0.25148999999999999 0.33910000000000001 0.43215999999999999 0.54917000000000005 0.67703000000000002 0.81001999999999996 0.93816999999999995 1.0580000000000001 1.1614 1.2365999999999999 1.2796000000000001 1.2597 1.198
-0.48186000000000001 -0.48180000000000001 -0.48170000000000002 -0.48155999999999999 -0.48136000000000001 -0.48108000000000001 -0.48068 -0.48007 -0.47915999999999997 -0.47776999999999997 -0.47571999999999998 -0.4728 -0.46848000000000001 -0.46276 -0.45434999999999998 -0.44338 -0.42766999999999999 -0.40570000000000001 -0.37494 -0.33151000000000003 -0.27603 -0.20566999999999999 -0.12878000000000001 -0.045870000000000001 0.038510000000000003 0.12014 0.20177999999999999 0.28906999999999999 0.38738 0.50356999999999996 0.63117000000000001 0.76000999999999996 0.88532 1.0009999999999999 1.0952 1.1657999999999999 1.1987000000000001 1.1681999999999999 1.0969
-0.48354000000000003 -0.48348999999999998 -0.48342000000000002 -0.48332000000000003 -0.48315000000000002 -0.48291000000000001 -0.48257 -0.48205999999999999 -0.48127999999999999 -0.48010000000000003 -0.47822999999999999 -0.47545999999999999 -0.47120000000000001 -0.46521000000000001 -0.45655000000000001 -0.44449 -0.42851 -0.40603 -0.37736999999999998 -0.33746999999999999 -0.28675 -0.2243 -0.15243999999999999 -0.077991000000000005 0.0014731 0.075883999999999993 0.1542 0.23952999999999999 0.3367 0.44769999999999999 0.57916999999999996 0.70428000000000002 0.82552999999999999 0.93547000000000002 1.0205 1.0860000000000001 1.1062000000000001 1.0665 0.97816000000000003
-0.48502000000000001 -0.48498999999999998 -0.48493999999999998 -0.48486000000000001 -0.48474 -0.48454999999999998 -0.48426000000000002 -0.48381999999999997 -0.48316999999999999 -0.48216999999999999 -0.48059000000000002 -0.47814000000000001 -0.47432000000000002 -0.46844999999999998 -0.46001999999999998 -0.44727 -0.43096000000000001 -0.40787000000000001 -0.37880999999999998 -0.34071000000000001 -0.29193999999999998 -0.2349 -0.16694999999999999 -0.10005 -0.028459999999999999 0.041003999999999999 0.11642 0.19888 0.29577999999999999 0.40677000000000002 0.53044999999999998 0.65337000000000001 0.77127000000000001 0.87511000000000005 0.9536 1.0126999999999999 1.0157 0.97330000000000005 0.87156
-0.48635 -0.48632999999999998 -0.48630000000000001 -0.48624000000000001 -0.48615000000000003 -0.48599999999999999 -0.48576000000000003 -0.4854 -0.48485 -0.48398999999999998 -0.48265999999999998 -0.48054000000000002 -0.47721000000000002 -0.47183000000000003 -0.46394999999999997 -0.45180999999999999 -0.43503999999999998 -0.41193999999999997 -0.38135000000000002 -0.34410000000000002 -0.29531000000000002 -0.24218999999999999 -0.17992 -0.1177 -0.053372000000000003 0.01056 0.084190000000000001 0.16511000000000001 0.25800000000000001 0.36781000000000003 0.48637000000000002 0.60780000000000001 0.72252000000000005 0.81791999999999998 0.89219999999999999 0.94352999999999998 0.93352000000000002 0.88766 0.77507999999999999
-0.48757 -0.48754999999999998 -0.48753000000000002 -0.48748999999999998 -0.48742000000000002 -0.48730000000000001 -0.48710999999999999 -0.48681000000000002 -0.48633999999999999 -0.48560999999999999 -0.48447000000000001 -0.48263 -0.47975000000000001 -0.47504999999999997 -0.46778999999999998 -0.45665 -0.44005 -0.41749000000000003 -0.38557000000000002 -0.34887000000000001 -0.30131999999999998 -0.24884000000000001 -0.19166 -0.13371 -0.076216999999999993 -0.017496000000000001 0.054731000000000002 0.13336000000000001 0.22195000000000001 0.33072000000000001 0.44618000000000002 0.56755 0.67927000000000004 0.76419999999999999 0.83582000000000001 0.87853999999999999 0.86231999999999998 0.80593999999999999 0.68805000000000005
-0.48910999999999999 -0.48909999999999998 -0.48908000000000001 -0.48904999999999998 -0.48898999999999998 -0.4889 -0.48874000000000001 -0.48848999999999998 -0.48809999999999998 -0.48746 -0.48648000000000002 -0.48488999999999999 -0.48236000000000001 -0.47826999999999997 -0.47170000000000001 -0.46160000000000001 -0.44573000000000002 -0.42407 -0.39288000000000001 -0.35533999999999999 -0.30897999999999998 -0.25628000000000001 -0.20388000000000001 -0.14937 -0.097615999999999994 -0.041369999999999997 0.027236 0.10269 0.18953999999999999 0.29593999999999998 0.40959000000000001 0.52839999999999998 0.64002999999999999 0.71448 0.78425 0.81918000000000002 0.79679 0.72938999999999998 0.61024
-0.49053000000000002 -0.49053000000000002 -0.49051 -0.49048999999999998 -0.49043999999999999 -0.49036999999999997 -0.49024000000000001 -0.49003000000000002 -0.48969000000000001 -0.48914999999999997 -0.48829 -0.48691000000000001 -0.48468 -0.48108000000000001 -0.47516999999999998 -0.46605000000000002 -0.45145999999999997 -0.43068000000000001 -0.40103 -0.36275000000000002 -0.31778000000000001 -0.26445000000000002 -0.21661 -0.16583000000000001 -0.1183 -0.063950000000000007 0.0010041 0.073205999999999993 0.15881999999999999 0.26271 0.37545000000000001 0.49136999999999997 0.59814999999999996 0.66752999999999996 0.73562000000000005 0.75841999999999998 0.73548999999999998 0.65873999999999999 0.54532000000000003
-0.49186000000000002 -0.49185000000000001 -0.49184 -0.49181999999999998 -0.49179 -0.49171999999999999 -0.49162 -0.49143999999999999 -0.49114999999999998 -0.49068000000000001 -0.48992000000000002 -0.48870000000000002 -0.48671999999999999 -0.48353000000000002 -0.47821999999999998 -0.46998000000000001 -0.45678000000000002 -0.43696000000000002 -0.40900999999999998 -0.37062 -0.32726 -0.27474999999999999 -0.23028000000000001 -0.18282000000000001 -0.13764999999999999 -0.084779999999999994 -0.024122000000000001 0.04514 0.13008 0.23185 0.34484999999999999 0.45918999999999999 0.55691000000000002 0.62561 0.68806 0.70189000000000001 0.67745 0.59347000000000005 0.48570999999999998
-0.49309999999999998 -0.49309999999999998 -0.49308999999999997 -0.49307000000000001 -0.49303999999999998 -0.49298999999999998 -0.4929 -0.49275000000000002 -0.49249999999999999 -0.49208000000000002 -0.49141000000000001 -0.49032999999999999 -0.48854999999999998 -0.48570000000000002 -0.48097000000000001 -0.47343000000000002 -0.46144000000000002 -0.44275999999999999 -0.41649000000000003 -0.37858000000000003 -0.33694000000000002 -0.28760000000000002 -0.24407000000000001 -0.19966999999999999 -0.15673000000000001 -0.10625999999999999 -0.049209000000000003 0.018430999999999999 0.10333000000000001 0.20343 0.31640000000000001 0.42768 0.51861000000000002 0.58735000000000004 0.64305000000000001 0.64883999999999997 0.62294000000000005 0.53269999999999995 0.43010999999999999
-0.49498999999999999 -0.49497999999999998 -0.49497000000000002 -0.49496000000000001 -0.49492999999999998 -0.49489 -0.49481000000000003 -0.49468000000000001 -0.49446000000000001 -0.49408999999999997 -0.49348999999999998 -0.49252000000000001 -0.49092000000000002 -0.48834 -0.48408000000000001 -0.47715999999999997 -0.46621000000000001 -0.44871 -0.42399999999999999 -0.38823000000000002 -0.34709000000000001 -0.30107 -0.25801000000000002 -0.21639 -0.17519000000000001 -0.12687999999999999 -0.072321999999999997 -0.0066292 0.078141000000000002 0.17695 0.29000999999999999 0.39829999999999999 0.48219000000000001 0.54979 0.59999000000000002 0.60167000000000004 0.57038999999999995 0.47576000000000002 0.37823000000000001
0.75 0.02
-0.62721000000000005 -0.68908999999999998 -0.75024000000000002 -0.83687999999999996 -0.92335999999999996 -1.0119 -1.1124000000000001 -1.2113 -1.3087 -1.4087000000000001 -1.5049999999999999 -1.5963000000000001 -1.6746000000000001 -1.7371000000000001 -1.7810999999999999 -1.7951999999999999 -1.7674000000000001 -1.7173 -1.6519999999999999 -1.5606 -1.4590000000000001 -1.3519000000000001 -1.2988999999999999 -1.3041 -1.3423 -1.3660000000000001 -1.2406999999999999 -1.1151 -0.98748999999999998 -0.83928999999999998 -0.69145000000000001 -0.53695999999999999 -0.35881999999999997 -0.18162 0.017016 0.22178 0.43106 0.64568999999999999 0.85787000000000002
-0.48197000000000001 -0.47791 -0.47355000000000003 -0.47260000000000002 -0.4698 -0.47755999999999998 -0.48124 -0.50412999999999997 -0.51993999999999996 -0.55767 -0.59172000000000002 -0.62561 -0.66844000000000003 -0.70106999999999997 -0.72677999999999998 -0.74751999999999996 -0.75626000000000004 -0.752 -0.72589999999999999 -0.68966000000000005 -0.64607999999999999 -0.57418000000000002 -0.49242999999999998 -0.40932000000000002 -0.31698999999999999 -0.20937 -0.1024 0.0035657000000000002 0.090291999999999997 0.17161999999999999 0.24607999999999999 0.34884999999999999 0.47652 0.60296000000000005 0.73397000000000001 0.87736999999999998 1.0195000000000001 1.1647000000000001 1.3238000000000001
-0.49275999999999998 -0.4894 -0.48405999999999999 -0.47566000000000003 -0.46362999999999999 -0.44613999999999998 -0.42104999999999998 -0.38371 -0.33202999999999999 -0.26635999999999999 -0.17882999999999999 -0.071708999999999995 0.055844999999999999 0.19545999999999999 0.34866999999999998 0.49754999999999999 0.64588000000000001 0.76871999999999996 0.89551000000000003 0.98073999999999995 1.0657000000000001 1.1435999999999999 1.2049000000000001 1.2653000000000001 1.3249 1.3842000000000001 1.4418 1.4978 1.5673999999999999 1.6356999999999999 1.702 1.7784 1.8613999999999999 1.9420999999999999 2.0243000000000002 2.1215000000000002 2.2164999999999999 2.3092999999999999 2.4140999999999999
-0.45115 -0.44918999999999998 -0.44663000000000003 -0.44308999999999998 -0.43764999999999998 -0.42942000000000002 -0.41588999999999998 -0.39377000000000001 -0.35920000000000002 -0.30653999999999998 -0.23218 -0.13247999999999999 -0.0043772999999999998 0.15015000000000001 0.33217000000000002 0.53374999999999995 0.75014999999999998 0.97216999999999998 1.1969000000000001 1.4131 1.6187 1.7934000000000001 1.9583999999999999 2.0916000000000001 2.2046999999999999 2.3117999999999999 2.3864999999999998 2.4592999999999998 2.528 2.5865 2.6429999999999998 2.6974999999999998 2.7570000000000001 2.8142 2.8690000000000002 2.9348999999999998 3.0036999999999998 3.0699999999999998 3.1435
-0.43078 -0.42288999999999999 -0.41426000000000002 -0.40805000000000002 -0.39793000000000001 -0.38716 -0.37309999999999999 -0.35314000000000001 -0.32357000000000002 -0.28090999999999999 -0.21976000000000001 -0.13807 -0.033186 0.095942 0.24642 0.42209999999999998 0.6139 0.82726 1.052 1.2886 1.5311999999999999 1.7759 2.0142000000000002 2.2481 2.4531000000000001 2.6518000000000002 2.8056000000000001 2.9559000000000002 3.0657999999999999 3.1657000000000002 3.2568000000000001 3.3262 3.3934000000000002 3.4575999999999998 3.5177999999999998 3.5760000000000001 3.6343000000000001 3.7014999999999998 3.7669000000000001
-0.44357999999999997 -0.43589 -0.42603999999999997 -0.41381000000000001 -0.39900999999999998 -0.38124000000000002 -0.35976999999999998 -0.33273000000000003 -0.29781000000000002 -0.25246000000000002 -0.19314000000000001 -0.11502 -0.024494999999999999 0.092398999999999995 0.23129 0.39233000000000001 0.57591999999999999 0.77444000000000002 0.99161999999999995 1.2144999999999999 1.4483999999999999 1.6865000000000001 1.9300999999999999 2.1757 2.4198 2.6556000000000002 2.8851 3.0857999999999999 3.2812000000000001 3.4314 3.5777000000000001 3.6909999999999998 3.7907999999999999 3.8852000000000002 3.9584999999999999 4.0293000000000001 4.0976999999999997 4.1637000000000004 4.2278000000000002
-0.42765999999999998 -0.42280000000000001 -0.41338999999999998 -0.40179999999999999 -0.38878000000000001 -0.37234 -0.35049999999999998 -0.32501000000000002 -0.29375000000000001 -0.25413999999999998 -0.20208000000000001 -0.13557 -0.047140000000000001 0.061582999999999999 0.19771 0.35893000000000003 0.54574999999999996 0.75636000000000003 0.98089999999999999 1.2203999999999999 1.4632000000000001 1.7110000000000001 1.9592000000000001 2.2061000000000002 2.4550999999999998 2.6991999999999998 2.9483000000000001 3.1905999999999999 3.4297 3.6564999999999999 3.8672 4.0589000000000004 4.2248999999999999 4.3765999999999998 4.4942000000000002 4.6086999999999998 4.6923000000000004 4.7680999999999996 4.8437000000000001
-0.40811999999999998 -0.40289999999999998 -0.39544000000000001 -0.38199 -0.36474000000000001 -0.34455000000000002 -0.31824000000000002 -0.28452 -0.24273 -0.19267000000000001 -0.13306999999999999 -0.061718000000000002 0.023195 0.12887000000000001 0.25208000000000003 0.40759000000000001 0.58209999999999995 0.78581999999999996 1.0108999999999999 1.2502 1.5082 1.7687999999999999 2.0366 2.3003999999999998 2.5608 2.8191000000000002 3.0722 3.3287 3.5779999999999998 3.8214999999999999 4.0529999999999999 4.2693000000000003 4.4667000000000003 4.6375000000000002 4.7944000000000004 4.9226999999999999 5.048 5.1409000000000002 5.2325999999999997
-0.39760000000000001 -0.39134999999999998 -0.38462000000000002 -0.37639 -0.36116999999999999 -0.33903 -0.31380000000000002 -0.27842 -0.23091 -0.1678 -0.090116000000000002 0.0026002 0.10934000000000001 0.23108000000000001 0.371 0.52868000000000004 0.71089999999999998 0.90673000000000004 1.127 1.3564000000000001 1.601 1.8549 2.1131000000000002 2.3816000000000002 2.6471 2.9169 3.1819999999999999 3.4445999999999999 3.7029000000000001 3.9539 4.1932 4.4226000000000001 4.6242999999999999 4.8177000000000003 4.9783999999999997 5.1349999999999998 5.2499000000000002 5.3632999999999997 5.4542000000000002
-0.39978999999999998 -0.39354 -0.38611000000000001 -0.37574000000000002 -0.35944999999999999 -0.33946999999999999 -0.31463000000000002 -0.28033000000000002 -0.23449 -0.17283999999999999 -0.092982999999999996 0.0065934000000000001 0.12912999999999999 0.27095000000000002 0.43780000000000002 0.62082999999999999 0.82020999999999999 1.0307999999999999 1.2508999999999999 1.4829000000000001 1.7163999999999999 1.9639 2.2109999999999999 2.4683000000000002 2.7286999999999999 2.9914000000000001 3.2572999999999999 3.5179999999999998 3.7768999999999999 4.0259 4.2649999999999997 4.4903000000000004 4.7027999999999999 4.8914999999999997 5.0659000000000001 5.2115 5.3432000000000004 5.4512 5.5397999999999996
-0.39379999999999998 -0.38741999999999999 -0.38013000000000002 -0.37185000000000001 -0.36149999999999999 -0.34297 -0.31629000000000002 -0.28493000000000002 -0.24188000000000001 -0.18407999999999999 -0.10564 -0.0070460000000000002 0.11715 0.26422000000000001 0.43556 0.63049999999999995 0.84170999999999996 1.0712999999999999 1.306 1.5485 1.7907 2.0335999999999999 2.2789999999999999 2.5236999999999998 2.7772999999999999 3.0284 3.2858999999999998 3.5388999999999999 3.7890000000000001 4.0286 4.2594000000000003 4.4802 4.6920999999999999 4.8781999999999996 5.0555000000000003 5.1974 5.3316999999999997 5.4332000000000003 5.5327000000000002
-0.39550000000000002 -0.38890999999999998 -0.38107999999999997 -0.37195 -0.36114000000000002 -0.34786 -0.32611000000000001 -0.29283999999999999 -0.25559999999999999 -0.20508999999999999 -0.13752 -0.047539999999999999 0.064396999999999996 0.20674000000000001 0.37115999999999999 0.56088000000000005 0.76887000000000005 0.99053999999999998 1.2267999999999999 1.4665999999999999 1.7194 1.9716 2.2284000000000002 2.4826000000000001 2.7343000000000002 2.9824000000000002 3.226 3.4655999999999998 3.6997 3.9264000000000001 4.1448999999999998 4.3554000000000004 4.5513000000000003 4.7393999999999998 4.9039000000000001 5.0620000000000003 5.1856999999999998 5.3048000000000002 5.3895999999999997
-0.39067000000000002 -0.38450000000000001 -0.37712000000000001 -0.36788999999999999 -0.3569 -0.34238000000000002 -0.32068000000000002 -0.29318 -0.25971 -0.21317 -0.15187 -0.069530999999999996 0.034341999999999998 0.16141 0.31369000000000002 0.48375000000000001 0.68132999999999999 0.89071999999999996 1.1191 1.3569 1.6020000000000001 1.8552 2.1074000000000002 2.3651 2.6183000000000001 2.8708999999999998 3.1181999999999999 3.3614000000000002 3.5956000000000001 3.8233000000000001 4.0365000000000002 4.2420999999999998 4.4339000000000004 4.6134000000000004 4.7759999999999998 4.9208999999999996 5.0507999999999997 5.1540999999999997 5.2413999999999996
-0.37544 -0.36901 -0.3619 -0.35337000000000002 -0.34295999999999999 -0.32824999999999999 -0.30714999999999998 -0.28206999999999999 -0.24940000000000001 -0.20608000000000001 -0.14881 -0.075253 0.021281999999999999 0.13761999999999999 0.28210000000000002 0.44680999999999998 0.63300000000000001 0.83779000000000003 1.0526 1.2874000000000001 1.5253000000000001 1.7771999999999999 2.0299999999999998 2.2854999999999999 2.5406 2.7919999999999998 3.0426000000000002 3.2881 3.5276999999999998 3.7574999999999998 3.9754 4.1783999999999999 4.3693999999999997 4.5396000000000001 4.6969000000000003 4.8273000000000001 4.9439000000000002 5.0313999999999997 5.1083999999999996
-0.35239999999999999 -0.34672999999999998 -0.33937 -0.33082 -0.32081999999999999 -0.30868000000000001 -0.2923 -0.26699000000000001 -0.23374 -0.19314999999999999 -0.13705999999999999 -0.066377000000000005 0.025454000000000001 0.13800000000000001 0.27263999999999999 0.43189 0.60673999999999995 0.80996000000000001 1.0226 1.2516 1.49 1.7347999999999999 1.9891000000000001 2.2412000000000001 2.4994999999999998 2.7523 3.0038999999999998 3.2505999999999999 3.4929000000000001 3.7225999999999999 3.9443000000000001 4.1421000000000001 4.3280000000000003 4.4893999999999998 4.6304999999999996 4.7484999999999999 4.8437000000000001 4.9215 4.9817
-0.29720999999999997 -0.29282000000000002 -0.28749999999999998 -0.28050999999999998 -0.27173999999999998 -0.26101000000000002 -0.24468999999999999 -0.22170999999999999 -0.19217999999999999 -0.15448999999999999 -0.10223 -0.033741 0.053351999999999997 0.1646 0.29363 0.45151000000000002 0.62514999999999998 0.81957000000000002 1.0293000000000001 1.2490000000000001 1.4863 1.7248000000000001 1.9771000000000001 2.2279 2.4817999999999998 2.7349000000000001 2.9847000000000001 3.2322000000000002 3.4723000000000002 3.7004000000000001 3.9140999999999999 4.1063999999999998 4.2815000000000003 4.4375999999999998 4.5616000000000003 4.6677 4.7457000000000003 4.8143000000000002 4.8632
-0.23852999999999999 -0.23205999999999999 -0.22461999999999999 -0.21603 -0.20630000000000001 -0.19597000000000001 -0.17978 -0.15891 -0.13199 -0.095707 -0.048061 0.018112 0.097651000000000002 0.20451 0.32763999999999999 0.47654000000000002 0.64676999999999996 0.83384999999999998 1.0432999999999999 1.2584 1.4934000000000001 1.7314000000000001 1.9778 2.2277999999999998 2.4763999999999999 2.7290000000000001 2.9748000000000001 3.2187999999999999 3.4518 3.6741000000000001 3.8757999999999999 4.0627000000000004 4.2256 4.3730000000000002 4.4810999999999996 4.5754999999999999 4.6452999999999998 4.7042000000000002 4.7496
-0.13411999999999999 -0.11411 -0.093705999999999998 -0.072654999999999997 -0.050191 -0.026178 -0.00018521 0.029676999999999999 0.061803999999999998 0.10428999999999999 0.15392 0.21561 0.29268 0.37939000000000001 0.49421999999999999 0.6169 0.77017999999999998 0.93574000000000002 1.1209 1.3261000000000001 1.5381 1.7709999999999999 2.0026999999999999 2.2425000000000002 2.4803999999999999 2.7161 2.9453 3.1621000000000001 3.3639000000000001 3.5505 3.7235999999999998 3.8803999999999998 4.0232000000000001 4.1414999999999997 4.2472000000000003 4.3250000000000002 4.3959000000000001 4.4440999999999997 4.4880000000000004
-0.18254999999999999 -0.15311 -0.12124 -0.087135000000000004 -0.049931000000000003 -0.0083219999999999995 0.037359000000000003 0.086911000000000002 0.14154 0.20080000000000001 0.27059 0.34599000000000002 0.43797000000000003 0.53825000000000001 0.65166999999999997 0.77803 0.90754999999999997 1.0616000000000001 1.2163999999999999 1.3999999999999999 1.5914999999999999 1.7989999999999999 2.0171999999999999 2.2360000000000002 2.4592999999999998 2.6726000000000001 2.8755999999999999 3.0613000000000001 3.2290999999999999 3.3834 3.5272000000000001 3.6629 3.7921 3.907 4.0110000000000001 4.0986000000000002 4.1706000000000003 4.2313999999999998 4.2821999999999996
-0.35548999999999997 -0.33329999999999999 -0.30687999999999999 -0.27556000000000003 -0.24004 -0.19830999999999999 -0.15103 -0.095215999999999995 -0.031996999999999998 0.041228000000000001 0.12648999999999999 0.22534999999999999 0.33856000000000003 0.46575 0.60304999999999997 0.74751999999999996 0.90032000000000001 1.0539000000000001 1.2232000000000001 1.3908 1.5741000000000001 1.7586999999999999 1.9491000000000001 2.1421000000000001 2.3296000000000001 2.5104000000000002 2.6764999999999999 2.8243 2.9563000000000001 3.0762 3.1924999999999999 3.3064 3.4230999999999998 3.5371999999999999 3.6438000000000001 3.7414000000000001 3.8271999999999999 3.9028 3.9746000000000001
-0.43108999999999997 -0.42215999999999998 -0.41083999999999998 -0.39516000000000001 -0.37458999999999998 -0.34838999999999998 -0.31441000000000002 -0.27329999999999999 -0.22092000000000001 -0.15998000000000001 -0.086647000000000002 0.00062576999999999999 0.10342999999999999 0.22534000000000001 0.36636000000000002 0.52647999999999995 0.70196999999999998 0.88683000000000001 1.0748 1.2661 1.4525999999999999 1.6447000000000001 1.8291999999999999 2.012 2.1856 2.3490000000000002 2.4958999999999998 2.6276000000000002 2.7427000000000001 2.8498000000000001 2.9546000000000001 3.0613999999999999 3.1707999999999998 3.2822 3.3929 3.4921000000000002 3.5861999999999998 3.6720999999999999 3.7637
-0.44636999999999999 -0.44336999999999999 -0.43892999999999999 -0.43291000000000002 -0.42392000000000002 -0.41169 -0.39382 -0.36817 -0.33312999999999998 -0.28556999999999999 -0.22556999999999999 -0.14821999999999999 -0.053301000000000001 0.062253000000000003 0.20041 0.36018 0.54049999999999998 0.73553000000000002 0.93901999999999997 1.145 1.3481000000000001 1.5443 1.7325999999999999 1.9089 2.0760999999999998 2.2275 2.3624999999999998 2.4803999999999999 2.5853000000000002 2.6855000000000002 2.7822 2.8871000000000002 2.9925999999999999 3.1042999999999998 3.2118000000000002 3.3151999999999999 3.4115000000000002 3.5078999999999998 3.6116000000000001
-0.45162000000000002 -0.45018000000000002 -0.44835000000000003 -0.44585999999999998 -0.44255 -0.43758999999999998 -0.43068000000000001 -0.42080000000000001 -0.40709000000000001 -0.38734000000000002 -0.35791000000000001 -0.31518000000000002 -0.25266 -0.16363 -0.041945000000000003 0.11617 0.30693999999999999 0.52410999999999996 0.75124999999999997 0.98182000000000003 1.2027000000000001 1.4107000000000001 1.6019000000000001 1.7734000000000001 1.9278999999999999 2.0627 2.1818 2.2850999999999999 2.3799999999999999 2.4702000000000002 2.5670000000000002 2.6638000000000002 2.7713000000000001 2.8761000000000001 2.9786999999999999 3.0802 3.1802999999999999 3.2953999999999999 3.4184000000000001
-0.45380999999999999 -0.45271 -0.45132 -0.44934000000000002 -0.44646000000000002 -0.44257000000000002 -0.43745000000000001 -0.43071999999999999 -0.42115999999999998 -0.40834999999999999 -0.38984999999999997 -0.36287999999999998 -0.32393 -0.26743 -0.18476999999999999 -0.068057999999999994 0.092618000000000006 0.29611999999999999 0.53503000000000001 0.78686 1.0408999999999999 1.2688999999999999 1.4779 1.6565000000000001 1.8106 1.9455 2.0590999999999999 2.1616 2.2559 2.3492000000000002 2.4455 2.5440999999999998 2.6419999999999999 2.7403 2.8363 2.9348999999999998 3.0440999999999998 3.1629 3.2995000000000001
-0.45277000000000001 -0.45205000000000001 -0.45083000000000001 -0.44929000000000002 -0.44696000000000002 -0.44396000000000002 -0.43975999999999998 -0.43370999999999998 -0.42544999999999999 -0.41410999999999998 -0.39898 -0.37784000000000001 -0.34794000000000003 -0.30453999999999998 -0.24134 -0.14999999999999999 -0.023852000000000002 0.14824000000000001 0.36059000000000002 0.60765000000000002 0.86387000000000003 1.1181000000000001 1.3389 1.5407 1.6990000000000001 1.8395999999999999 1.9591000000000001 2.0669 2.1661000000000001 2.2658 2.3620999999999999 2.4592000000000001 2.5529999999999999 2.6444999999999999 2.7391000000000001 2.8332000000000002 2.9514999999999998 3.081 3.2139000000000002
-0.45235999999999998 -0.45154 -0.45035999999999998 -0.44886999999999999 -0.44688 -0.44401000000000002 -0.44020999999999999 -0.43472 -0.42776999999999998 -0.41793000000000002 -0.40432000000000001 -0.38507999999999998 -0.35786000000000001 -0.31947999999999999 -0.26536999999999999 -0.18754999999999999 -0.078861000000000001 0.069246000000000002 0.25984000000000002 0.48631999999999997 0.73436000000000001 0.98585999999999996 1.2191000000000001 1.4256 1.6032 1.7493000000000001 1.8796999999999999 1.9927999999999999 2.1004 2.2044000000000001 2.3035000000000001 2.3976000000000002 2.4878 2.5743999999999998 2.6661000000000001 2.7681 2.8833000000000002 3.0152000000000001 3.1391
-0.45101000000000002 -0.44983000000000001 -0.44853999999999999 -0.44685999999999998 -0.44502999999999998 -0.44238 -0.43892999999999999 -0.43411 -0.42747000000000002 -0.41826000000000002 -0.40504000000000001 -0.38716 -0.36182999999999998 -0.32608999999999999 -0.27572000000000002 -0.20527999999999999 -0.10668999999999999 0.024662 0.19841 0.40621000000000002 0.64302000000000004 0.88605 1.1263000000000001 1.3342000000000001 1.5249999999999999 1.6778 1.8165 1.9379999999999999 2.0522 2.1598999999999999 2.2589000000000001 2.3508 2.4358 2.5213999999999999 2.6065 2.7151999999999998 2.8311999999999999 2.9539 3.0678000000000001
-0.45035999999999998 -0.44847999999999999 -0.44662000000000002 -0.44430999999999998 -0.44179000000000002 -0.43874000000000002 -0.43489 -0.43023 -0.42370000000000002 -0.41536000000000001 -0.40323999999999999 -0.38622000000000001 -0.36208000000000001 -0.32811000000000001 -0.28004000000000001 -0.21360999999999999 -0.12045 0.0028776000000000001 0.16325999999999999 0.35881000000000002 0.58213999999999999 0.81784999999999997 1.0536000000000001 1.2663 1.4588000000000001 1.6248 1.7689999999999999 1.8994 2.0167999999999999 2.1255000000000002 2.2229999999999999 2.3111000000000002 2.3900999999999999 2.4740000000000002 2.5583999999999998 2.665 2.7793999999999999 2.8948 2.9994999999999998
-0.45119999999999999 -0.44874000000000003 -0.44602000000000003 -0.44294 -0.43934000000000001 -0.43546000000000001 -0.43053000000000002 -0.42520000000000002 -0.41829 -0.40966000000000002 -0.39813999999999999 -0.38227 -0.36029 -0.32863999999999999 -0.28338000000000002 -0.21964 -0.13094 -0.011381 0.14102000000000001 0.32906999999999997 0.54183999999999999 0.77100999999999997 0.99887999999999999 1.2164999999999999 1.4098999999999999 1.5869 1.734 1.8701000000000001 1.9911000000000001 2.0979000000000001 2.1901000000000002 2.2719999999999998 2.3466999999999998 2.4278 2.5152000000000001 2.6139999999999999 2.7275 2.8378999999999999 2.9355000000000002
-0.45612999999999998 -0.45449000000000001 -0.45202999999999999 -0.44868999999999998 -0.44400000000000001 -0.43784000000000001 -0.43017 -0.42041000000000001 -0.40988999999999998 -0.39689000000000002 -0.38218999999999997 -0.36385000000000001 -0.34079999999999999 -0.31063000000000002 -0.26962999999999998 -0.21267 -0.13450000000000001 -0.026894000000000001 0.11279 0.28567999999999999 0.4864 0.70430999999999999 0.92384999999999995 1.1384000000000001 1.337 1.5159 1.6749000000000001 1.8113999999999999 1.9311 2.0200999999999998 2.0985999999999998 2.1675 2.2382 2.3081 2.3993000000000002 2.4982000000000002 2.6036999999999999 2.7056 2.7864
-0.45843 -0.45778999999999997 -0.45663999999999999 -0.45495999999999998 -0.45247999999999999 -0.44869999999999999 -0.44330999999999998 -0.43525000000000003 -0.42374000000000001 -0.40837000000000001 -0.38749 -0.36315999999999998 -0.33256999999999998 -0.29659000000000002 -0.25141000000000002 -0.19428000000000001 -0.11960999999999999 -0.022537999999999999 0.10621999999999999 0.26479000000000003 0.45550000000000002 0.6643 0.88199000000000005 1.0913999999999999 1.2901 1.46 1.6114999999999999 1.7375 1.8373999999999999 1.9174 1.9870000000000001 2.0512000000000001 2.1204999999999998 2.1978 2.2844000000000002 2.3877000000000002 2.4929000000000001 2.5912999999999999 2.6585999999999999
-0.45912999999999998 -0.45871000000000001 -0.45815 -0.45734999999999998 -0.45610000000000001 -0.45395999999999997 -0.45082 -0.44613000000000003 -0.43879000000000001 -0.42785000000000001 -0.41106999999999999 -0.38672000000000001 -0.35317999999999999 -0.30804999999999999 -0.25351000000000001 -0.18540999999999999 -0.10377 -0.0027006999999999999 0.12195 0.27448 0.45238 0.65161000000000002 0.85721999999999998 1.0565 1.2385999999999999 1.3985000000000001 1.5316000000000001 1.6436999999999999 1.7272000000000001 1.8010999999999999 1.8683000000000001 1.9360999999999999 2.0053000000000001 2.0908000000000002 2.1852 2.29 2.395 2.4860000000000002 2.5455000000000001
-0.45961999999999997 -0.45928999999999998 -0.45884999999999998 -0.45821000000000001 -0.45732 -0.45604 -0.45401999999999998 -0.45101000000000002 -0.44631999999999999 -0.43898999999999999 -0.42764999999999997 -0.40959000000000001 -0.38230999999999998 -0.34094999999999998 -0.28297 -0.20627999999999999 -0.11076999999999999 0.0015522000000000001 0.13370000000000001 0.28669 0.45889000000000002 0.64709000000000005 0.83711000000000002 1.02 1.1823999999999999 1.3259000000000001 1.4406000000000001 1.5370999999999999 1.6137999999999999 1.6854 1.7537 1.8269 1.9036999999999999 1.9915 2.0960999999999999 2.2067000000000001 2.3119999999999998 2.3942999999999999 2.4438
-0.46027000000000001 -0.45999000000000001 -0.45959 -0.45905000000000001 -0.45828999999999998 -0.45724999999999999 -0.45577000000000001 -0.45356000000000002 -0.45018999999999998 -0.44491000000000003 -0.43663000000000002 -0.42354999999999998 -0.40283999999999998 -0.37028 -0.31956000000000001 -0.24628 -0.14416000000000001 -0.021763000000000001 0.12323000000000001 0.28217999999999999 0.45452999999999999 0.63368999999999998 0.80854999999999999 0.97314000000000001 1.1176999999999999 1.2435 1.3484 1.4339 1.5065999999999999 1.5786 1.6496 1.7272000000000001 1.8120000000000001 1.9045000000000001 2.0177999999999998 2.1318999999999999 2.2355999999999998 2.3128000000000002 2.3527999999999998
-0.46079999999999999 -0.46059 -0.46027000000000001 -0.45979999999999999 -0.45913999999999999 -0.45821000000000001 -0.45691999999999999 -0.45504 -0.45233000000000001 -0.44817000000000001 -0.44166 -0.43136999999999998 -0.41498000000000002 -0.38893 -0.34736 -0.28333999999999998 -0.18961 -0.064228999999999994 0.086037000000000002 0.25492999999999999 0.42773 0.60313000000000005 0.76466999999999996 0.91435 1.0478000000000001 1.1614 1.2604 1.3385 1.4097999999999999 1.482 1.5570999999999999 1.6377999999999999 1.7301 1.8326 1.9494 2.0649000000000002 2.1642999999999999 2.2385999999999999 2.2705000000000002
-0.46124999999999999 -0.46107999999999999 -0.46082000000000001 -0.46044000000000002 -0.45988000000000001 -0.45906999999999998 -0.45791999999999999 -0.45627000000000001 -0.45388000000000001 -0.45029999999999998 -0.44479000000000002 -0.43618000000000001 -0.42242000000000002 -0.40062999999999999 -0.36593999999999999 -0.31108000000000002 -0.22853000000000001 -0.11015 0.037061999999999998 0.21102000000000001 0.38345000000000001 0.55532000000000004 0.70962000000000003 0.84938999999999998 0.97491000000000005 1.0813999999999999 1.1769000000000001 1.2522 1.3244 1.3953 1.4749000000000001 1.5597000000000001 1.6606000000000001 1.7713000000000001 1.8889 2.0038 2.1002000000000001 2.1680000000000001 2.1978
-0.46162999999999998 -0.46148 -0.46126 -0.46094000000000002 -0.46046999999999999 -0.45978000000000002 -0.45878000000000002 -0.45733000000000001 -0.45521 -0.45204 -0.44716 -0.43969999999999998 -0.42785000000000001 -0.40893000000000002 -0.37880999999999998 -0.33117999999999997 -0.25852999999999998 -0.15149000000000001 -0.012031999999999999 0.15626999999999999 0.33210000000000001 0.49920999999999999 0.65029999999999999 0.78280000000000005 0.90312000000000003 1.0064 1.0982000000000001 1.1747000000000001 1.2475000000000001 1.3170999999999999 1.4016999999999999 1.4928999999999999 1.5972999999999999 1.7138 1.8338000000000001 1.9491000000000001 2.0419999999999998 2.1032999999999999 2.1347
-0.46231 -0.4622 -0.46204000000000001 -0.46179999999999999 -0.46145000000000003 -0.46092 -0.46015 -0.45900999999999997 -0.45728999999999997 -0.45467999999999997 -0.45071 -0.44461000000000001 -0.43514999999999998 -0.42009000000000002 -0.39634999999999998 -0.35864000000000001 -0.30047000000000001 -0.21442 -0.094156000000000004 0.053477999999999998 0.22355 0.37956000000000001 0.53032000000000001 0.65656000000000003 0.77054 0.87263000000000002 0.96035000000000004 1.0407 1.1127 1.1886000000000001 1.2765 1.3792 1.4915 1.6148 1.7385999999999999 1.8499000000000001 1.9394 1.9897 2.0188999999999999
-0.46284999999999998 -0.46277000000000001 -0.46264 -0.46245000000000003 -0.46215000000000001 -0.4617 -0.46105000000000002 -0.46011000000000002 -0.4587 -0.45657999999999999 -0.45334999999999998 -0.44830999999999999 -0.44051000000000001 -0.42804999999999999 -0.4083 -0.37711 -0.32847999999999999 -0.25652000000000003 -0.15404999999999999 -0.025135000000000001 0.12512999999999999 0.27642 0.41822999999999999 0.54742000000000002 0.65620999999999996 0.75658000000000003 0.84326000000000001 0.92430999999999996 0.99924000000000002 1.0837000000000001 1.1742999999999999 1.2843 1.4039999999999999 1.5304 1.6547000000000001 1.7628999999999999 1.8463000000000001 1.8964000000000001 1.9151
-0.46328000000000003 -0.46322999999999998 -0.46312999999999999 -0.46299000000000001 -0.46276 -0.46240999999999999 -0.46188000000000001 -0.46106999999999998 -0.45988000000000001 -0.45807999999999999 -0.45535999999999999 -0.45112000000000002 -0.44446999999999998 -0.43397999999999998 -0.41718 -0.39084999999999998 -0.34950999999999999 -0.28810000000000002 -0.20066000000000001 -0.086017999999999997 0.047025999999999998 0.19209999999999999 0.32368000000000002 0.45033000000000001 0.55613000000000001 0.65395999999999999 0.74165999999999999 0.82338 0.90205000000000002 0.99190999999999996 1.0896999999999999 1.2013 1.3280000000000001 1.4575 1.583 1.6875 1.7652000000000001 1.8129999999999999 1.8191999999999999
-0.46364 -0.46357999999999999 -0.46350000000000002 -0.46338000000000001 -0.46318999999999999 -0.46289999999999998 -0.46245999999999998 -0.46179999999999999 -0.46079999999999999 -0.45927000000000001 -0.45690999999999998 -0.45329000000000003 -0.44757000000000002 -0.43859999999999999 -0.42416999999999999 -0.40154000000000001 -0.36612 -0.31270999999999999 -0.23693 -0.13472999999999999 -0.015792 0.11781999999999999 0.24351999999999999 0.36338999999999999 0.46982000000000002 0.56474000000000002 0.65317000000000003 0.73597999999999997 0.82027000000000005 0.91124000000000005 1.0161 1.1323000000000001 1.2617 1.3938999999999999 1.5182 1.6209 1.6921999999999999 1.736 1.7313000000000001
-0.46437 -0.46429999999999999 -0.4642 -0.46406999999999998 -0.46389000000000002 -0.46360000000000001 -0.46323999999999999 -0.46267999999999998 -0.46185999999999999 -0.46055000000000001 -0.45850999999999997 -0.45537 -0.45040999999999998 -0.44266 -0.43025999999999998 -0.41061999999999999 -0.38013000000000002 -0.33349000000000001 -0.26727000000000001 -0.17680999999999999 -0.068276000000000003 0.053231000000000001 0.17568 0.28878999999999999 0.39545999999999998 0.48703999999999997 0.57540999999999998 0.65981000000000001 0.74778 0.84009 0.95130000000000003 1.0725 1.204 1.3379000000000001 1.4590000000000001 1.5597000000000001 1.6258999999999999 1.6679999999999999 1.6440999999999999
-0.46505999999999997 -0.46496999999999999 -0.46486 -0.4647 -0.46448 -0.46415000000000001 -0.46378999999999998 -0.46328999999999998 -0.46256999999999998 -0.46142 -0.45961000000000002 -0.45684999999999998 -0.45249 -0.44563999999999998 -0.43480000000000002 -0.41744999999999999 -0.39072000000000001 -0.34961999999999999 -0.29093000000000002 -0.21082000000000001 -0.11088000000000001 0.00019659000000000001 0.11847000000000001 0.22514000000000001 0.32921 0.41979 0.50790000000000002 0.59377000000000002 0.68423 0.78015000000000001 0.89468999999999999 1.0206 1.1545000000000001 1.2876000000000001 1.4063000000000001 1.5022 1.5671999999999999 1.5998000000000001 1.5633999999999999
-0.46571000000000001 -0.46561999999999998 -0.46549000000000001 -0.46531 -0.46504000000000001 -0.46466000000000002 -0.46422999999999998 -0.46375 -0.46303 -0.46195999999999998 -0.46028999999999998 -0.45777000000000001 -0.45385999999999999 -0.44769999999999999 -0.43806 -0.42263000000000001 -0.39895000000000003 -0.36270000000000002 -0.31004999999999999 -0.23837 -0.14616000000000001 -0.043948000000000001 0.068125000000000005 0.1709 0.27106999999999998 0.36208000000000001 0.44968000000000002 0.53644999999999998 0.62822 0.72857000000000005 0.84501000000000004 0.97555999999999998 1.1106 1.2421 1.3586 1.4496 1.5124 1.5356000000000001 1.4905999999999999
-0.46632000000000001 -0.46622999999999998 -0.46610000000000001 -0.46592 -0.46561000000000002 -0.4652 -0.46467999999999998 -0.46416000000000002 -0.46338000000000001 -0.46224999999999999 -0.46060000000000001 -0.45817999999999998 -0.45457999999999998 -0.44891999999999999 -0.44024999999999997 -0.42648000000000003 -0.40516000000000002 -0.37280999999999997 -0.32519999999999999 -0.26049 -0.17538000000000001 -0.080516000000000004 0.023855999999999999 0.12461999999999999 0.22095999999999999 0.31267 0.39943000000000001 0.48720000000000002 0.57920000000000005 0.68374999999999997 0.80240999999999996 0.93654000000000004 1.0708 1.2007000000000001 1.3152999999999999 1.4008 1.4609000000000001 1.4759 1.4239999999999999
-0.46744999999999998 -0.46736 -0.46722999999999998 -0.46705000000000002 -0.46677000000000002 -0.46639000000000003 -0.46586 -0.46518999999999999 -0.46426000000000001 -0.46292 -0.46113999999999999 -0.45851999999999998 -0.45506000000000002 -0.44986999999999999 -0.44222 -0.43058999999999997 -0.41263 -0.38596000000000003 -0.34633000000000003 -0.29189999999999999 -0.22056000000000001 -0.13514999999999999 -0.043387000000000002 0.053478999999999999 0.14285999999999999 0.23311000000000001 0.31863000000000002 0.40689999999999998 0.49820999999999999 0.6109 0.73546999999999996 0.87029000000000001 1.0009999999999999 1.1243000000000001 1.2345999999999999 1.3145 1.3672 1.3620000000000001 1.3030999999999999
-0.46847 -0.46838999999999997 -0.46827000000000002 -0.46811000000000003 -0.46788000000000002 -0.46755000000000002 -0.46708 -0.46639000000000003 -0.46539999999999998 -0.46393000000000001 -0.46194000000000002 -0.45911000000000002 -0.45519999999999999 -0.44984000000000002 -0.44207000000000002 -0.43137999999999999 -0.41522999999999999 -0.39195000000000002 -0.35798999999999997 -0.31026999999999999 -0.2485 -0.17072999999999999 -0.088733999999999993 0.00073689000000000003 0.087007000000000001 0.17332 0.25780999999999998 0.34455000000000002 0.43783 0.55425000000000002 0.68184999999999996 0.81369999999999998 0.94033 1.0588 1.1608000000000001 1.2362 1.2786999999999999 1.2565999999999999 1.1935
-0.46938000000000002 -0.46932000000000001 -0.46922000000000003 -0.46908 -0.46888000000000002 -0.46859000000000001 -0.46820000000000001 -0.46759000000000001 -0.46667999999999998 -0.46529999999999999 -0.46325 -0.46034000000000003 -0.45602999999999999 -0.45035999999999998 -0.44205 -0.43109999999999998 -0.41553000000000001 -0.39362000000000003 -0.36307 -0.31974999999999998 -0.26468999999999998 -0.19511000000000001 -0.11862 -0.036873000000000003 0.046918000000000001 0.12723999999999999 0.20823 0.29465000000000002 0.39317999999999997 0.50882000000000005 0.63607999999999998 0.76383000000000001 0.88771999999999995 1.0018 1.0948 1.1658999999999999 1.1978 1.1656 1.0907
-0.47105000000000002 -0.47100999999999998 -0.47094000000000003 -0.47083000000000003 -0.47066999999999998 -0.47043000000000001 -0.47008 -0.46956999999999999 -0.46879999999999999 -0.46761999999999998 -0.46575 -0.46299000000000001 -0.45877000000000001 -0.45277000000000001 -0.44420999999999999 -0.43215999999999999 -0.41637000000000002 -0.39394000000000001 -0.36556 -0.32604 -0.27550999999999998 -0.21379000000000001 -0.14233999999999999 -0.069020999999999999 0.0093104999999999993 0.083020999999999998 0.1608 0.24525 0.34194999999999998 0.45302999999999999 0.58396999999999999 0.70813000000000004 0.82747000000000004 0.93516999999999995 1.0203 1.0865 1.1041000000000001 1.0636000000000001 0.9718
-0.47253000000000001 -0.47250999999999999 -0.47245999999999999 -0.47238000000000002 -0.47226000000000001 -0.47205999999999998 -0.47177000000000002 -0.47133999999999998 -0.47067999999999999 -0.46969 -0.46811000000000003 -0.46566000000000002 -0.46185999999999999 -0.45600000000000002 -0.44762000000000002 -0.43489 -0.41875000000000001 -0.39595000000000002 -0.36697999999999997 -0.32934000000000002 -0.28077000000000002 -0.22448000000000001 -0.15756000000000001 -0.091191999999999995 -0.020664999999999999 0.048073999999999999 0.12309 0.20512 0.30109000000000002 0.41232000000000002 0.53532999999999997 0.65734000000000004 0.77344000000000002 0.87514000000000003 0.95364000000000004 1.0126999999999999 1.0133000000000001 0.96975999999999996 0.86497000000000002
-0.47387000000000001 -0.47384999999999999 -0.47382000000000002 -0.47376000000000001 -0.47366999999999998 -0.47352 -0.47327999999999998 -0.47292000000000001 -0.47236 -0.47150999999999998 -0.47017999999999999 -0.46805999999999998 -0.46473999999999999 -0.45935999999999999 -0.45151999999999998 -0.43948999999999999 -0.42274 -0.39994000000000002 -0.36943999999999999 -0.33272000000000002 -0.28459000000000001 -0.23183000000000001 -0.17066000000000001 -0.10897999999999999 -0.045615000000000003 0.017590000000000001 0.090954999999999994 0.17143 0.26338 0.37358000000000002 0.49146000000000001 0.61202999999999996 0.72492000000000001 0.81806999999999996 0.89276999999999995 0.94342000000000004 0.93188000000000004 0.88373999999999997 0.76827999999999996
-0.47508 -0.47506999999999999 -0.47504999999999997 -0.47499999999999998 -0.47493000000000002 -0.47482000000000002 -0.47461999999999999 -0.47432999999999997 -0.47386 -0.47313 -0.47199000000000002 -0.47015000000000001 -0.46727999999999997 -0.46260000000000001 -0.45534999999999998 -0.44428000000000001 -0.42769000000000001 -0.40538999999999997 -0.37359999999999999 -0.33739000000000002 -0.29061999999999999 -0.23846999999999999 -0.18246999999999999 -0.12506 -0.068514000000000005 -0.0098995000000000003 0.061638999999999999 0.13969999999999999 0.22789999999999999 0.33671000000000001 0.45151999999999998 0.57213000000000003 0.68189 0.76429999999999998 0.83679000000000003 0.87853999999999999 0.86070999999999998 0.80071999999999999 0.68127000000000004
-0.47661999999999999 -0.47660999999999998 -0.47660000000000002 -0.47655999999999998 -0.47650999999999999 -0.47641 -0.47626000000000002 -0.47600999999999999 -0.47560999999999998 -0.47498000000000001 -0.47399999999999998 -0.47242000000000001 -0.46988999999999997 -0.46581 -0.45923999999999998 -0.44919999999999999 -0.43334 -0.41186 -0.38111 -0.34372000000000003 -0.29818 -0.24581 -0.19470000000000001 -0.14093 -0.089894000000000002 -0.033690999999999999 0.034264000000000003 0.10907 0.19574 0.30215999999999998 0.41516999999999998 0.53232999999999997 0.64281999999999995 0.71462000000000003 0.78544000000000003 0.81794 0.79500000000000004 0.72413000000000005 0.60558999999999996
-0.47804999999999997 -0.47804000000000002 -0.47803000000000001 -0.47799999999999998 -0.47796 -0.47788000000000003 -0.47776000000000002 -0.47754999999999997 -0.47721000000000002 -0.47666999999999998 -0.47581000000000001 -0.47443000000000002 -0.47220000000000001 -0.46861999999999998 -0.46271000000000001 -0.45362999999999998 -0.43914999999999998 -0.41839999999999999 -0.38912999999999998 -0.35098000000000001 -0.30684 -0.25381999999999999 -0.20735000000000001 -0.15748000000000001 -0.11051 -0.056181000000000002 0.0081484000000000001 0.079649999999999999 0.16524 0.26874999999999999 0.38094 0.49551000000000001 0.59931999999999996 0.66791999999999996 0.73707999999999996 0.75717000000000001 0.73314999999999997 0.65332000000000001 0.54068000000000005
-0.47937999999999997 -0.47937000000000002 -0.47936000000000001 -0.47933999999999999 -0.4793 -0.47924 -0.47913 -0.47896 -0.47866999999999998 -0.47820000000000001 -0.47743999999999998 -0.47622999999999999 -0.47423999999999999 -0.47106999999999999 -0.46578999999999998 -0.45754 -0.44442999999999999 -0.42463000000000001 -0.39699000000000001 -0.35870999999999997 -0.31614999999999999 -0.26493 -0.22087000000000001 -0.17433000000000001 -0.12969 -0.076961000000000002 -0.016878000000000001 0.051666999999999998 0.13672000000000001 0.23809 0.35074 0.46343000000000001 0.55820000000000003 0.62665000000000004 0.68876999999999999 0.70062000000000002 0.67498000000000002 0.58797999999999995 0.48089999999999999
-0.48061999999999999 -0.48060999999999998 -0.48060000000000003 -0.48059000000000002 -0.48055999999999999 -0.48049999999999998 -0.48042000000000001 -0.48026000000000002 -0.48000999999999999 -0.47960000000000003 -0.47893000000000002 -0.47785 -0.47606999999999999 -0.47322999999999998 -0.46851999999999999 -0.46098 -0.44906000000000001 -0.4304 -0.40437000000000001 -0.36677999999999999 -0.32565 -0.27761999999999998 -0.23449 -0.19102 -0.14859 -0.098272999999999999 -0.041679000000000001 0.025141 0.11018 0.20987 0.32251000000000002 0.43213000000000001 0.52000999999999997 0.58864000000000005 0.64385999999999999 0.64776 0.62021999999999999 0.52700999999999998 0.42535000000000001
-0.48249999999999998 -0.48249999999999998 -0.48248999999999997 -0.48247000000000001 -0.48244999999999999 -0.4824 -0.48232999999999998 -0.48220000000000002 -0.48197000000000001 -0.48160999999999998 -0.48100999999999999 -0.48004000000000002 -0.47844999999999999 -0.47587000000000002 -0.47162999999999999 -0.46471000000000001 -0.45380999999999999 -0.43631999999999999 -0.41181000000000001 -0.37658000000000003 -0.33562999999999998 -0.29089999999999999 -0.24820999999999999 -0.20757 -0.16671 -0.1188 -0.064754000000000006 0.00016904999999999999 0.085198999999999997 0.18359 0.29637000000000002 0.40294999999999997 0.48371999999999998 0.55120999999999998 0.60085 0.60128999999999999 0.56655 0.46999999999999997 0.37341000000000002
0.80000000000000004 0.02
-0.60680000000000001 -0.66862999999999995 -0.73194999999999999 -0.81933999999999996 -0.90573999999999999 -0.99600999999999995 -1.0965 -1.1953 -1.2932999999999999 -1.3935 -1.4901 -1.5819000000000001 -1.6609 -1.7259 -1.7735000000000001 -1.7891999999999999 -1.7659 -1.7198 -1.6568000000000001 -1.5664 -1.4662999999999999 -1.3607 -1.3133999999999999 -1.3108 -1.3371 -1.3300000000000001 -1.2054 -1.0806 -0.95201000000000002 -0.80523999999999996 -0.65883999999999998 -0.50419999999999998 -0.32815 -0.15298 0.044610999999999998 0.24740000000000001 0.45529999999999998 0.66866999999999999 0.87983
-0.45408999999999999 -0.45034999999999997 -0.44578000000000001 -0.44540000000000002 -0.44351000000000002 -0.45113999999999999 -0.45713999999999999 -0.47931000000000001 -0.49425000000000002 -0.53498000000000001 -0.56811 -0.60407999999999995 -0.64597000000000004 -0.67756000000000005 -0.70348999999999995 -0.72326000000000001 -0.73114000000000001 -0.72504000000000002 -0.69926999999999995 -0.66376000000000002 -0.62117 -0.54827999999999999 -0.46900999999999998 -0.38832 -0.29552 -0.18998999999999999 -0.085084000000000007 0.018107999999999999 0.10806 0.19378000000000001 0.27324999999999999 0.38366 0.51043000000000005 0.63597999999999999 0.76771999999999996 0.90983999999999998 1.0507 1.196 1.3534999999999999
-0.4662 -0.46235999999999999 -0.45652999999999999 -0.44773000000000002 -0.43520999999999999 -0.41704999999999998 -0.39106000000000002 -0.35191 -0.29953000000000002 -0.23141999999999999 -0.14172999999999999 -0.032487000000000002 0.096206 0.2382 0.39040000000000002 0.54071000000000002 0.68508000000000002 0.80842000000000003 0.93120999999999998 1.0157 1.1005 1.1757 1.2365999999999999 1.2966 1.3560000000000001 1.4147000000000001 1.4718 1.5284 1.5980000000000001 1.6657 1.7314000000000001 1.8095000000000001 1.8917999999999999 1.972 2.0558999999999998 2.1524999999999999 2.2469999999999999 2.3391999999999999 2.4453999999999998
-0.43181000000000003 -0.42971999999999999 -0.42687999999999998 -0.4229 -0.41676999999999997 -0.40744000000000002 -0.39240999999999998 -0.36831999999999998 -0.33112000000000003 -0.27583000000000002 -0.19814000000000001 -0.095455999999999999 0.036103999999999997 0.19386999999999999 0.37817000000000001 0.58174999999999999 0.79905000000000004 1.0213000000000001 1.2462 1.4603999999999999 1.665 1.8358000000000001 2.0005000000000002 2.1280000000000001 2.2406999999999999 2.3435999999999999 2.4178000000000002 2.4901 2.5571000000000002 2.6151 2.6709000000000001 2.7256999999999998 2.7847 2.8412999999999999 2.8956 2.9632000000000001 3.0316000000000001 3.0975999999999999 3.1735000000000002
-0.41136 -0.40361999999999998 -0.39545999999999998 -0.38889000000000001 -0.37894 -0.36795 -0.35374 -0.33332000000000001 -0.30303999999999998 -0.25925999999999999 -0.19692999999999999 -0.11339 -0.0067545000000000001 0.12528 0.27850000000000003 0.45816000000000001 0.65439999999999998 0.87029999999999996 1.0985 1.3363 1.5803 1.8252999999999999 2.0629 2.2938000000000001 2.4986000000000002 2.6920999999999999 2.8456999999999999 2.9956999999999998 3.1002999999999998 3.2000000000000002 3.2879 3.3569 3.4238 3.4874000000000001 3.5472000000000001 3.605 3.6644999999999999 3.7315 3.7967
-0.42420999999999998 -0.41648000000000002 -0.40653 -0.39423999999999998 -0.37941000000000003 -0.36163000000000001 -0.34000999999999998 -0.31281999999999999 -0.27744999999999997 -0.23168 -0.17169999999999999 -0.093049999999999994 -0.0013841999999999999 0.11604 0.25641000000000003 0.41792000000000001 0.60387999999999997 0.80413000000000001 1.0242 1.2506999999999999 1.4873000000000001 1.7293000000000001 1.9750000000000001 2.2229000000000001 2.468 2.7035999999999998 2.9308999999999998 3.1313 3.3222 3.4721000000000002 3.6183000000000001 3.7267000000000001 3.8262 3.9178999999999999 3.9908999999999999 4.0613999999999999 4.1295000000000002 4.1954000000000002 4.2594000000000003
-0.41027999999999998 -0.40476000000000001 -0.39462000000000003 -0.38294 -0.36951000000000001 -0.35274 -0.33065 -0.30501 -0.27342 -0.23358000000000001 -0.18085999999999999 -0.11382 -0.024479999999999998 0.085459999999999994 0.22217999999999999 0.38488 0.57230000000000003 0.78432999999999997 1.0099 1.2498 1.4937 1.7418 1.9915 2.2391999999999999 2.4910000000000001 2.7378 2.9895 3.2345000000000002 3.4750999999999999 3.7018 3.9129999999999998 4.1014999999999997 4.2674000000000003 4.4149000000000003 4.5324 4.6468999999999996 4.7266000000000004 4.8023999999999996 4.8785999999999996
-0.39621000000000001 -0.39090000000000003 -0.38312000000000002 -0.36903000000000002 -0.35125000000000001 -0.33023999999999998 -0.30281999999999998 -0.26784000000000002 -0.22484000000000001 -0.17358000000000001 -0.11318 -0.040869999999999997 0.044609999999999997 0.15154999999999999 0.27668999999999999 0.43258999999999997 0.60933000000000004 0.81357999999999997 1.0407 1.2802 1.54 1.8016000000000001 2.0693000000000001 2.3336999999999999 2.5941000000000001 2.8536000000000001 3.1072000000000002 3.3660000000000001 3.6168 3.8616000000000001 4.0936000000000003 4.3112000000000004 4.5063000000000004 4.6779999999999999 4.8318000000000003 4.9603999999999999 5.0827 5.1757 5.2675000000000001
-0.38590999999999998 -0.37970999999999999 -0.37312000000000001 -0.36485000000000001 -0.34938999999999998 -0.32707000000000003 -0.30173 -0.26605000000000001 -0.21848000000000001 -0.15509999999999999 -0.077396000000000006 0.015751000000000001 0.12342 0.24671000000000001 0.38901999999999998 0.54888999999999999 0.73392000000000002 0.93279999999999996 1.1538999999999999 1.3858999999999999 1.6307 1.8866000000000001 2.1448999999999998 2.4148000000000001 2.6815000000000002 2.9512 3.2170999999999998 3.4796999999999998 3.7385999999999999 3.9893999999999998 4.2286000000000001 4.4566999999999997 4.6589 4.8502000000000001 5.0114999999999998 5.1646000000000001 5.2797999999999998 5.3936000000000002 5.4817
-0.38806000000000002 -0.38186999999999999 -0.37448999999999999 -0.36408000000000001 -0.34750999999999999 -0.32762999999999998 -0.30270000000000002 -0.26832 -0.22231999999999999 -0.16081000000000001 -0.081073999999999993 0.017718000000000001 0.13961000000000001 0.28071000000000002 0.44718999999999998 0.63117000000000001 0.83235999999999999 1.0462 1.2690999999999999 1.5044999999999999 1.7411000000000001 1.9899 2.2395999999999998 2.4973000000000001 2.7595000000000001 3.0221 3.2886000000000002 3.5493000000000001 3.8069999999999999 4.0547000000000004 4.2923999999999998 4.5156000000000001 4.7271999999999998 4.9131 5.0876000000000001 5.2300000000000004 5.3623000000000003 5.4668000000000001 5.5556999999999999
-0.38213000000000003 -0.37584000000000001 -0.36859999999999998 -0.36043999999999998 -0.35003000000000001 -0.33128999999999997 -0.30446000000000001 -0.27302999999999999 -0.22978999999999999 -0.17194999999999999 -0.093383999999999995 0.0051803999999999999 0.12876000000000001 0.27544000000000002 0.44571 0.64034000000000002 0.85067000000000004 1.0808 1.3165 1.5604 1.8049999999999999 2.0499999999999998 2.2980999999999998 2.5442999999999998 2.7997999999999998 3.0524 3.3094000000000001 3.5619000000000001 3.8102999999999998 4.0473999999999997 4.2759999999999998 4.4939 4.7016999999999998 4.8868999999999998 5.0601000000000003 5.2023000000000001 5.3337000000000003 5.4359999999999999 5.5340999999999996
-0.38385999999999998 -0.37733 -0.36959999999999998 -0.36054000000000003 -0.34986 -0.33671000000000001 -0.31458000000000003 -0.28108 -0.24374999999999999 -0.193 -0.12534000000000001 -0.034956000000000001 0.077266000000000001 0.2198 0.38466 0.57416999999999996 0.78258000000000005 1.0038 1.2402 1.4801 1.7317 1.9834000000000001 2.2391000000000001 2.4929000000000001 2.7442000000000002 2.9921000000000002 3.2353000000000001 3.4740000000000002 3.7063999999999999 3.9306999999999999 4.1459000000000001 4.3532000000000002 4.5454999999999997 4.7312000000000003 4.8925000000000001 5.0472999999999999 5.1703000000000001 5.2873999999999999 5.3723000000000001
-0.37907999999999997 -0.37296000000000001 -0.36570999999999998 -0.35663 -0.34581000000000001 -0.33134000000000002 -0.30940000000000001 -0.28195999999999999 -0.24840000000000001 -0.20155999999999999 -0.13986000000000001 -0.057343999999999999 0.047031999999999997 0.17421 0.32711000000000001 0.49758000000000002 0.69542000000000004 0.90561999999999998 1.1336999999999999 1.3720000000000001 1.6165 1.8695999999999999 2.1213000000000002 2.3774999999999999 2.6295000000000002 2.8801999999999999 3.1257000000000001 3.367 3.5985 3.8231999999999999 4.0327999999999999 4.2340999999999998 4.4223999999999997 4.5971000000000002 4.7564000000000002 4.8971999999999998 5.0250000000000004 5.125 5.2125000000000004
-0.36395 -0.35765000000000002 -0.35061999999999999 -0.34225 -0.33202999999999999 -0.31739000000000001 -0.29635 -0.27140999999999998 -0.2387 -0.19534000000000001 -0.13777 -0.064082 0.033019 0.15010000000000001 0.29469000000000001 0.46012999999999998 0.64610999999999996 0.85153000000000001 1.0660000000000001 1.3015000000000001 1.5399 1.7909999999999999 2.0436999999999999 2.2980999999999998 2.5522 2.8018999999999998 3.0507 3.2936999999999999 3.5301999999999998 3.7559 3.9698000000000002 4.1675000000000004 4.3536000000000001 4.5179999999999998 4.6688999999999998 4.7953999999999999 4.9067999999999996 4.9932999999999996 5.0686
-0.34125 -0.33559 -0.32837 -0.31997999999999999 -0.31014999999999998 -0.29831000000000002 -0.28204000000000001 -0.25672 -0.22370999999999999 -0.18331 -0.127 -0.055925999999999997 0.036024 0.14917 0.28378999999999999 0.44366 0.61909000000000003 0.82206000000000001 1.0350999999999999 1.2636000000000001 1.5023 1.7464 2.0007000000000001 2.2526000000000002 2.5093999999999999 2.7608999999999999 3.0103 3.2543000000000002 3.4931999999999999 3.7183000000000002 3.9342000000000001 4.1265999999999998 4.3053999999999997 4.4607999999999999 4.5946999999999996 4.7077999999999998 4.7984999999999998 4.8752000000000004 4.9352999999999998
-0.28664000000000001 -0.2823 -0.27699000000000001 -0.2702 -0.26157999999999998 -0.25112000000000001 -0.23480999999999999 -0.21185999999999999 -0.18278 -0.14516999999999999 -0.093313999999999994 -0.024553999999999999 0.062335000000000002 0.17416999999999999 0.30381999999999998 0.46143000000000001 0.63551999999999997 0.82928000000000002 1.0392999999999999 1.2582 1.4957 1.7343999999999999 1.9856 2.2361 2.4885000000000002 2.7402000000000002 2.9876 3.2317 3.4674 3.6903999999999999 3.8973 4.0834999999999999 4.2511000000000001 4.4005999999999998 4.5171999999999999 4.6185999999999998 4.6935000000000002 4.7605000000000004 4.8116000000000003
-0.22836999999999999 -0.22198999999999999 -0.21461 -0.20621 -0.19664000000000001 -0.18632000000000001 -0.17033999999999999 -0.14948 -0.12305000000000001 -0.086879999999999999 -0.039913999999999998 0.026214999999999999 0.10593 0.21221999999999999 0.33593000000000001 0.48424 0.65508999999999995 0.84128999999999998 1.0509999999999999 1.2662 1.4999 1.7378 1.9827999999999999 2.2322000000000002 2.4792999999999998 2.73 2.9733999999999998 3.2130000000000001 3.4405999999999999 3.6566000000000001 3.851 4.0312000000000001 4.1864999999999997 4.3255999999999997 4.4291999999999998 4.5187999999999997 4.5877999999999997 4.6463000000000001 4.6939000000000002
-0.12411 -0.10428 -0.084072999999999995 -0.063143000000000005 -0.041034000000000001 -0.017170999999999999 0.0085842000000000002 0.038212999999999997 0.070332000000000006 0.11218 0.16170999999999999 0.22237999999999999 0.29916999999999999 0.38424999999999998 0.49883 0.62138000000000004 0.77268999999999999 0.93820000000000003 1.1214 1.3265 1.5365 1.7689999999999999 1.9996 2.2372999999999998 2.4735999999999998 2.7067999999999999 2.9325000000000001 3.1446999999999998 3.3397999999999999 3.5190000000000001 3.6844000000000001 3.8336000000000001 3.9706000000000001 4.0834000000000001 4.1863999999999999 4.2618 4.3311999999999999 4.3807999999999998 4.4265999999999996
-0.17166000000000001 -0.1424 -0.11065999999999999 -0.076781000000000002 -0.039745000000000003 0.0015208999999999999 0.046820000000000001 0.095873 0.15012 0.20863999999999999 0.27794000000000002 0.35297000000000001 0.44349 0.54315999999999998 0.65446000000000004 0.77990000000000004 0.90669999999999995 1.0599000000000001 1.2138 1.3947000000000001 1.5855999999999999 1.7906 2.0078999999999998 2.2244000000000002 2.4462999999999999 2.6575000000000002 2.8578000000000001 3.0394999999999999 3.2023999999999999 3.3502999999999998 3.4868999999999999 3.6164000000000001 3.7389000000000001 3.8502000000000001 3.9500999999999999 4.0366 4.1071999999999997 4.1692 4.2241999999999997
-0.34350999999999998 -0.32127 -0.29496 -0.2636 -0.22822000000000001 -0.18664 -0.13949 -0.084163000000000002 -0.021274000000000001 0.051268000000000001 0.13572000000000001 0.23338 0.34515000000000001 0.47044999999999998 0.60587000000000002 0.74792000000000003 0.89883999999999997 1.0496000000000001 1.2174 1.3838999999999999 1.5648 1.7485999999999999 1.9369000000000001 2.1292 2.3151999999999999 2.4954000000000001 2.6602000000000001 2.8062999999999998 2.9352 3.0508999999999999 3.1617999999999999 3.2694000000000001 3.3805999999999998 3.4887999999999999 3.5914999999999999 3.6861000000000002 3.7721 3.8517999999999999 3.9317000000000002
-0.41887999999999997 -0.40998000000000001 -0.39856999999999998 -0.38292999999999999 -0.36223 -0.33607999999999999 -0.30195 -0.26108999999999999 -0.20929 -0.14868000000000001 -0.076153999999999999 0.010078 0.11108 0.23066999999999999 0.36884 0.52603999999999995 0.69884999999999997 0.88158999999999998 1.0677000000000001 1.2577 1.4435 1.6344000000000001 1.8184 2.0005000000000002 2.1739999999999999 2.3371 2.4836 2.6141999999999999 2.7269999999999999 2.8308 2.9306000000000001 3.0322 3.1353 3.2418 3.3473999999999999 3.4464999999999999 3.5426000000000002 3.6347999999999998 3.7368999999999999
-0.43420999999999998 -0.43120999999999998 -0.42671999999999999 -0.42069000000000001 -0.41171000000000002 -0.39935999999999999 -0.38149 -0.35585 -0.32113000000000003 -0.27372999999999997 -0.21435000000000001 -0.13797000000000001 -0.044385000000000001 0.068942000000000003 0.20430999999999999 0.36068 0.53769999999999996 0.73001000000000005 0.93147000000000002 1.1362000000000001 1.3387 1.5345 1.7231000000000001 1.8996 2.0670999999999999 2.2185000000000001 2.3534000000000002 2.4702000000000002 2.5731999999999999 2.6699999999999999 2.7631000000000001 2.8622999999999998 2.9628999999999999 3.0697999999999999 3.1751 3.2784 3.3797000000000001 3.4838 3.5966
-0.43948999999999999 -0.43803999999999998 -0.43620999999999999 -0.43370999999999998 -0.43038999999999999 -0.42542000000000002 -0.41852 -0.40876000000000001 -0.39510000000000001 -0.37552000000000002 -0.34631000000000001 -0.30406 -0.24229999999999999 -0.15432999999999999 -0.034266999999999999 0.12181 0.31026999999999999 0.52510000000000001 0.75046999999999997 0.97924 1.1995 1.4065000000000001 1.5978000000000001 1.7692000000000001 1.9236 2.0583999999999998 2.1766999999999999 2.2787000000000002 2.3715000000000002 2.4588000000000001 2.5522 2.6456 2.7496999999999998 2.8527 2.9554999999999998 3.0604 3.1661000000000001 3.2873999999999999 3.4163999999999999
-0.44168000000000002 -0.44058999999999998 -0.43919000000000002 -0.43720999999999999 -0.43429000000000001 -0.43042000000000002 -0.42529 -0.41860000000000003 -0.40920000000000001 -0.39648 -0.37819000000000003 -0.35154000000000002 -0.31308999999999998 -0.25729000000000002 -0.17558000000000001 -0.059888999999999998 0.099527000000000004 0.30209000000000003 0.54008999999999996 0.79098000000000002 1.0432999999999999 1.2709999999999999 1.4782999999999999 1.6567000000000001 1.8097000000000001 1.9441999999999999 2.0562999999999998 2.1574 2.2494000000000001 2.3408000000000002 2.4340000000000002 2.5308999999999999 2.6267 2.7256999999999998 2.8233999999999999 2.9251999999999998 3.0394000000000001 3.1627999999999998 3.3007
-0.44067000000000001 -0.43995000000000001 -0.43870999999999999 -0.43719000000000002 -0.43486999999999998 -0.43185000000000001 -0.42765999999999998 -0.42161999999999999 -0.41345999999999999 -0.40222000000000002 -0.38724999999999998 -0.36637999999999998 -0.33684999999999998 -0.29396 -0.23150999999999999 -0.14094999999999999 -0.015568 0.15561 0.36751 0.61419999999999997 0.86970000000000003 1.1237999999999999 1.3428 1.5426 1.7005999999999999 1.8394999999999999 1.9581 2.0640000000000001 2.1614 2.2595000000000001 2.3542000000000001 2.4500000000000002 2.5436000000000001 2.6355 2.7328000000000001 2.8306 2.9506999999999999 3.0821999999999998 3.2143999999999999
-0.44024999999999997 -0.43942999999999999 -0.43825999999999998 -0.43675999999999998 -0.43479000000000001 -0.43189 -0.42814000000000002 -0.42272999999999999 -0.41581000000000001 -0.40605999999999998 -0.39256000000000002 -0.37351000000000001 -0.34659000000000001 -0.30864999999999998 -0.25507000000000002 -0.17799999999999999 -0.069947999999999996 0.077218999999999996 0.26745000000000002 0.49336999999999998 0.74126999999999998 0.99168999999999996 1.2248000000000001 1.4293 1.6066 1.7504999999999999 1.8794999999999999 1.9912000000000001 2.0975000000000001 2.2000000000000002 2.2982 2.3914 2.4822000000000002 2.5701999999999998 2.6631999999999998 2.7679999999999998 2.8849999999999998 3.0160999999999998 3.1385000000000001
-0.43889 -0.43769999999999998 -0.43642999999999998 -0.43475000000000003 -0.43293999999999999 -0.43030000000000002 -0.42687000000000003 -0.42210999999999999 -0.41549000000000003 -0.40637000000000001 -0.39327000000000001 -0.37553999999999998 -0.35045999999999999 -0.31508999999999998 -0.26516000000000001 -0.19542000000000001 -0.097436999999999996 0.033348999999999997 0.20630999999999999 0.41377999999999998 0.65029999999999999 0.89276999999999995 1.133 1.3391999999999999 1.528 1.6800999999999999 1.8169999999999999 1.9373 2.0503999999999998 2.1570999999999998 2.2555000000000001 2.3472 2.4327000000000001 2.5196999999999998 2.6053000000000002 2.7160000000000002 2.8325 2.9540000000000002 3.0657000000000001
-0.43822 -0.43635000000000002 -0.43447999999999998 -0.43219000000000002 -0.42967 -0.42664999999999997 -0.42280000000000001 -0.41821000000000003 -0.41176000000000001 -0.40344999999999998 -0.39145000000000002 -0.37456 -0.35065000000000002 -0.31698999999999999 -0.26932 -0.20333000000000001 -0.11092 0.011880999999999999 0.17141000000000001 0.36667 0.58950999999999998 0.82503000000000004 1.0596000000000001 1.2721 1.4626999999999999 1.6279999999999999 1.7703 1.8996999999999999 2.016 2.1238999999999999 2.2212000000000001 2.3092999999999999 2.3885999999999998 2.4735999999999998 2.5598000000000001 2.6657999999999999 2.7801 2.8940999999999999 2.9965999999999999
-0.43903999999999999 -0.43658999999999998 -0.43386000000000002 -0.43080000000000002 -0.42718 -0.42333999999999999 -0.41846 -0.41314000000000001 -0.40631 -0.39771000000000001 -0.38632 -0.37057000000000001 -0.3488 -0.31741000000000003 -0.27251999999999998 -0.20916000000000001 -0.12114 -0.0020520999999999998 0.14946000000000001 0.3372 0.54949999999999999 0.77839000000000003 1.0053000000000001 1.2226999999999999 1.4142999999999999 1.5907 1.736 1.8709 1.9913000000000001 2.0972 2.1894 2.2713999999999999 2.347 2.4279999999999999 2.5165000000000002 2.6151 2.7277 2.8367 2.9321000000000002
-0.44396999999999998 -0.44233 -0.43985999999999997 -0.4365 -0.43181999999999998 -0.42562 -0.41798999999999997 -0.40819 -0.39776 -0.38488 -0.37019999999999997 -0.35205999999999998 -0.32912999999999998 -0.29923 -0.25852000000000003 -0.20193 -0.12408 -0.017087999999999999 0.12225 0.29442000000000002 0.49482999999999999 0.71196000000000004 0.93101 1.1444000000000001 1.3424 1.5198 1.6781999999999999 1.8137000000000001 1.9320999999999999 2.0211999999999999 2.0994999999999999 2.1682999999999999 2.2393000000000001 2.3098999999999998 2.3999999999999999 2.4988000000000001 2.6031 2.7033 2.7816000000000001
-0.44629000000000002 -0.44563999999999998 -0.44449 -0.44280000000000003 -0.44030999999999998 -0.43653999999999998 -0.43110999999999999 -0.42304999999999998 -0.41147 -0.39615 -0.37524000000000002 -0.35110000000000002 -0.32079000000000002 -0.28498000000000001 -0.2402 -0.18348 -0.10929 -0.012895 0.11544 0.27367999999999998 0.46375 0.67212000000000005 0.88927999999999996 1.0978000000000001 1.2950999999999999 1.4644999999999999 1.615 1.7407999999999999 1.8394999999999999 1.9194 1.9884999999999999 2.0529000000000002 2.1215000000000002 2.1991000000000001 2.2856999999999998 2.3875999999999999 2.4918 2.5882000000000001 2.6534
-0.44699 -0.44657999999999998 -0.44602000000000003 -0.44520999999999999 -0.44395000000000001 -0.44180999999999998 -0.43865999999999999 -0.43396000000000001 -0.42662 -0.41561999999999999 -0.39884999999999998 -0.37442999999999999 -0.34101999999999999 -0.29596 -0.24185000000000001 -0.17429 -0.093136999999999998 0.0073223000000000003 0.13124 0.28333999999999998 0.46048 0.65944999999999998 0.86433000000000004 1.0630999999999999 1.244 1.4035 1.5355000000000001 1.6473 1.7298 1.8032999999999999 1.8701000000000001 1.9379 2.0064000000000002 2.0918000000000001 2.1861000000000002 2.29 2.3936000000000002 2.4822000000000002 2.5398000000000001
-0.44747999999999999 -0.44716 -0.44671 -0.44607999999999998 -0.44518000000000002 -0.44390000000000002 -0.44189000000000001 -0.43886999999999998 -0.43417 -0.42681999999999998 -0.41547000000000001 -0.39735999999999999 -0.37007000000000001 -0.32880999999999999 -0.27083000000000002 -0.19461999999999999 -0.099498000000000003 0.011925 0.14330999999999999 0.29553000000000001 0.46716000000000002 0.65464999999999995 0.84401999999999999 1.0262 1.1878 1.3302 1.4447000000000001 1.54 1.6166 1.6879 1.7557 1.8287 1.9055 1.9923 2.0969000000000002 2.2065999999999999 2.3102 2.3904000000000001 2.4382999999999999
-0.44812999999999997 -0.44785000000000003 -0.44745000000000001 -0.44690999999999997 -0.44616 -0.44512000000000002 -0.44363999999999998 -0.44142999999999999 -0.43806 -0.43279000000000001 -0.42449999999999999 -0.41142000000000001 -0.39068000000000003 -0.35810999999999998 -0.30732999999999999 -0.23418 -0.13267000000000001 -0.010675 0.13316 0.29137000000000002 0.46276 0.64115 0.81523000000000001 0.97890999999999995 1.1231 1.2479 1.3525 1.4369000000000001 1.5093000000000001 1.5810999999999999 1.6520999999999999 1.7290000000000001 1.8137000000000001 1.9063000000000001 2.0186000000000002 2.1316000000000002 2.2330000000000001 2.3088000000000002 2.3475000000000001
-0.44867000000000001 -0.44845000000000002 -0.44812999999999997 -0.44767000000000001 -0.44700000000000001 -0.44607999999999998 -0.44479000000000002 -0.44291999999999998 -0.44020999999999999 -0.43604999999999999 -0.42954999999999999 -0.41927999999999999 -0.40288000000000002 -0.37683 -0.33527000000000001 -0.27117000000000002 -0.17771000000000001 -0.052502 0.096631999999999996 0.26488 0.43626999999999999 0.61036999999999997 0.77134000000000003 0.92020999999999997 1.0532999999999999 1.1659999999999999 1.2645999999999999 1.3415999999999999 1.4128000000000001 1.4844999999999999 1.5596000000000001 1.6395999999999999 1.7316 1.8344 1.9501999999999999 2.0642 2.1616 2.2339000000000002 2.2652999999999999
-0.44912000000000002 -0.44894000000000001 -0.44868999999999998 -0.44829999999999998 -0.44774999999999998 -0.44694 -0.44579000000000002 -0.44414999999999999 -0.44175999999999999 -0.43819000000000002 -0.43269000000000002 -0.42409999999999998 -0.41036 -0.38857999999999998 -0.35389999999999999 -0.29898999999999998 -0.21651000000000001 -0.098153000000000004 0.048283 0.22073999999999999 0.39256999999999997 0.56277999999999995 0.71650000000000003 0.85536000000000001 0.98043999999999998 1.0861000000000001 1.1803999999999999 1.2554000000000001 1.3272999999999999 1.3976999999999999 1.4773000000000001 1.5623 1.6623000000000001 1.7727999999999999 1.8895999999999999 2.0030000000000001 2.0975000000000001 2.1636000000000002 2.1938
-0.44950000000000001 -0.44935000000000003 -0.44912999999999997 -0.44879999999999998 -0.44833000000000001 -0.44763999999999998 -0.44664999999999999 -0.44520999999999999 -0.44308999999999998 -0.43992999999999999 -0.43506 -0.42763000000000001 -0.4158 -0.39689000000000002 -0.36681000000000002 -0.31918000000000002 -0.24654000000000001 -0.13979 -0.00044066999999999999 0.1666 0.34193000000000001 0.50699000000000005 0.65751999999999999 0.78891 0.9083 1.0113000000000001 1.1019000000000001 1.1779999999999999 1.2504 1.3193999999999999 1.4040999999999999 1.4955000000000001 1.599 1.7152000000000001 1.8344 1.9481999999999999 2.0392999999999999 2.0991 2.1316999999999999
-0.45018000000000002 -0.45007000000000003 -0.44990999999999998 -0.44967000000000001 -0.44930999999999999 -0.44879000000000002 -0.44801999999999997 -0.44688 -0.44517000000000001 -0.44257000000000002 -0.43861 -0.43252000000000002 -0.42309999999999998 -0.40806999999999999 -0.38438 -0.34673999999999999 -0.28859000000000001 -0.20266999999999999 -0.082445000000000004 0.064453999999999997 0.23419000000000001 0.38836999999999999 0.53734999999999999 0.66315000000000002 0.77605999999999997 0.87777000000000005 0.96445000000000003 1.0441 1.1154999999999999 1.1917 1.2788999999999999 1.3817999999999999 1.4939 1.6163000000000001 1.7388999999999999 1.8484 1.9358 1.9858 2.0165999999999999
-0.45071 -0.45062999999999998 -0.45051000000000002 -0.45030999999999999 -0.45001000000000002 -0.44957000000000003 -0.44891999999999999 -0.44797999999999999 -0.44657999999999998 -0.44446000000000002 -0.44124999999999998 -0.43622 -0.42843999999999999 -0.41604000000000002 -0.39632000000000001 -0.36520999999999998 -0.31663000000000002 -0.24479999999999999 -0.14273 -0.013964000000000001 0.13502 0.28591 0.42597000000000002 0.55469000000000002 0.66207000000000005 0.76148000000000005 0.84770000000000001 0.92793999999999999 1.0023 1.0868 1.1777 1.2867999999999999 1.4061999999999999 1.5319 1.6548 1.7613000000000001 1.8431999999999999 1.8938999999999999 1.9121999999999999
-0.45115 -0.45108999999999999 -0.45100000000000001 -0.45084999999999997 -0.45062999999999998 -0.45028000000000001 -0.44974999999999998 -0.44894000000000001 -0.44775999999999999 -0.44596000000000002 -0.44324999999999998 -0.43902999999999998 -0.43240000000000001 -0.42194999999999999 -0.40518999999999999 -0.37894 -0.33772999999999997 -0.27639000000000002 -0.18926000000000001 -0.074778999999999998 0.057312000000000002 0.20202000000000001 0.33195999999999998 0.45706000000000002 0.56242000000000003 0.65919000000000005 0.74639999999999995 0.82730999999999999 0.90588999999999997 0.99507999999999996 1.093 1.2036 1.3303 1.4590000000000001 1.5831999999999999 1.6859999999999999 1.7626999999999999 1.8109 1.8165
-0.45150000000000001 -0.45145000000000002 -0.45135999999999998 -0.45123999999999997 -0.45105000000000001 -0.45075999999999999 -0.45033000000000001 -0.44967000000000001 -0.44868000000000002 -0.44714999999999999 -0.44479999999999997 -0.44119999999999998 -0.43548999999999999 -0.42655999999999999 -0.41219 -0.3896 -0.35431000000000001 -0.30098000000000003 -0.22547 -0.12343 -0.0052491999999999999 0.127 0.25226999999999999 0.37059999999999998 0.47655999999999998 0.57028999999999996 0.65817999999999999 0.74019999999999997 0.82425000000000004 0.91451000000000005 1.0194000000000001 1.1354 1.264 1.3953 1.5177 1.6194 1.6899 1.7344999999999999 1.7278
-0.45223000000000002 -0.45216000000000001 -0.45207000000000003 -0.45194000000000001 -0.45175999999999999 -0.45146999999999998 -0.45111000000000001 -0.45056000000000002 -0.44973000000000002 -0.44843 -0.44639000000000001 -0.44325999999999999 -0.43830999999999998 -0.43057000000000001 -0.41820000000000002 -0.39857999999999999 -0.36817 -0.32156000000000001 -0.25556000000000001 -0.16561000000000001 -0.057341999999999997 0.062946000000000002 0.18493000000000001 0.29647000000000001 0.40264 0.49292999999999998 0.58050999999999997 0.66429000000000005 0.75188999999999995 0.84348000000000001 0.95474000000000003 1.0757000000000001 1.2063999999999999 1.3391 1.4585999999999999 1.5576000000000001 1.6240000000000001 1.6666000000000001 1.6399999999999999
-0.45291999999999999 -0.45283000000000001 -0.45272000000000001 -0.45256999999999997 -0.45234999999999997 -0.45201999999999998 -0.45166000000000001 -0.45117000000000002 -0.45045000000000002 -0.44929999999999998 -0.44750000000000001 -0.44474000000000002 -0.44040000000000001 -0.43356 -0.42274 -0.40540999999999999 -0.37874999999999998 -0.33779999999999999 -0.27918999999999999 -0.19950999999999999 -0.099812999999999999 0.010206 0.12803999999999999 0.23321 0.33595000000000003 0.42598999999999998 0.51324999999999998 0.59845999999999999 0.68833 0.78427000000000002 0.89812999999999998 1.0237000000000001 1.1569 1.2887 1.4059999999999999 1.5004 1.5658000000000001 1.5979000000000001 1.5592999999999999
-0.45357999999999998 -0.45347999999999999 -0.45335999999999999 -0.45318000000000003 -0.45290000000000002 -0.45252999999999999 -0.4521 -0.45162999999999998 -0.45090999999999998 -0.44984000000000002 -0.44818000000000002 -0.44567000000000001 -0.44177 -0.43562000000000001 -0.42601 -0.41063 -0.38697999999999999 -0.35086000000000001 -0.29829 -0.22697000000000001 -0.13499 -0.033697999999999999 0.077033000000000004 0.17932000000000001 0.27812999999999999 0.36858000000000002 0.45523000000000002 0.54132999999999998 0.63236999999999999 0.73280999999999996 0.84858 0.97885 1.113 1.2432000000000001 1.3584000000000001 1.448 1.5114000000000001 1.5339 1.4872000000000001
-0.45418999999999998 -0.4541 -0.45396999999999998 -0.45378000000000002 -0.45346999999999998 -0.45306999999999997 -0.45255000000000001 -0.45204 -0.45125999999999999 -0.45013999999999998 -0.44850000000000001 -0.44607999999999998 -0.4425 -0.43685000000000002 -0.42820999999999998 -0.41449000000000003 -0.39319999999999999 -0.36097000000000001 -0.31342999999999999 -0.24904000000000001 -0.1646 -0.070075999999999999 0.033042000000000002 0.13331999999999999 0.22831000000000001 0.31944 0.40514 0.49229000000000001 0.58340000000000003 0.68811 0.80666000000000004 0.93998000000000004 1.073 1.2015 1.3149999999999999 1.3994 1.4601999999999999 1.4741 1.4204000000000001
-0.45530999999999999 -0.45522000000000001 -0.4551 -0.45490999999999998 -0.45463999999999999 -0.45424999999999999 -0.45373000000000002 -0.45306999999999997 -0.45213999999999999 -0.45079999999999998 -0.44903999999999999 -0.44644 -0.44298999999999999 -0.43784000000000001 -0.43020000000000003 -0.41863 -0.4007 -0.37413000000000002 -0.3347 -0.28038999999999997 -0.20957999999999999 -0.12446 -0.033785999999999997 0.062608999999999998 0.15064 0.23977999999999999 0.3246 0.41206999999999999 0.50246000000000002 0.61548999999999998 0.73987000000000003 0.87353000000000003 1.0028999999999999 1.1249 1.2335 1.3134999999999999 1.367 1.3589 1.2988999999999999
-0.45633000000000001 -0.45624999999999999 -0.45612999999999998 -0.45596999999999999 -0.45573999999999998 -0.45541999999999999 -0.45495000000000002 -0.45426 -0.45327000000000001 -0.45180999999999999 -0.44983000000000001 -0.44701999999999997 -0.44311 -0.43780999999999998 -0.43006 -0.41943999999999998 -0.40339999999999998 -0.38017000000000001 -0.34638999999999998 -0.29879 -0.23746 -0.15995000000000001 -0.078923999999999994 0.0093521999999999997 0.095057000000000003 0.18015 0.26390999999999998 0.34975000000000001 0.44323000000000001 0.55908999999999998 0.68637999999999999 0.81706999999999996 0.94216 1.0595000000000001 1.1599999999999999 1.2357 1.2778 1.2533000000000001 1.1888000000000001
-0.45724999999999999 -0.45717999999999998 -0.45707999999999999 -0.45694000000000001 -0.45673999999999998 -0.45645999999999998 -0.45606000000000002 -0.45545999999999998 -0.45455000000000001 -0.45317000000000002 -0.45112000000000002 -0.44823000000000002 -0.44391999999999998 -0.43830999999999998 -0.43008999999999997 -0.41916999999999999 -0.40373999999999999 -0.38188 -0.35153000000000001 -0.30832999999999999 -0.25367000000000001 -0.18484999999999999 -0.10875 -0.028145 0.055072000000000003 0.13411000000000001 0.21443000000000001 0.29998000000000002 0.39873999999999998 0.51400000000000001 0.64071 0.76734999999999998 0.88978999999999997 1.0023 1.0943000000000001 1.1658999999999999 1.1969000000000001 1.163 1.0847
-0.45891999999999999 -0.45887 -0.45879999999999999 -0.4587 -0.45852999999999999 -0.45828999999999998 -0.45795000000000002 -0.45744000000000001 -0.45667000000000002 -0.45549000000000001 -0.45361000000000001 -0.45086999999999999 -0.44667000000000001 -0.44069000000000003 -0.43220999999999998 -0.42018 -0.40455999999999998 -0.38235000000000002 -0.35408000000000001 -0.31491999999999998 -0.26457999999999998 -0.20358999999999999 -0.13252 -0.060316000000000002 0.016903999999999999 0.089927000000000007 0.16714000000000001 0.25073000000000001 0.34691 0.45813999999999999 0.58836999999999995 0.71155000000000002 0.82906999999999997 0.93472 1.0199 1.087 1.1020000000000001 1.0607 0.96540999999999999
-0.46039999999999998 -0.46037 -0.46032000000000001 -0.46023999999999998 -0.46011999999999997 -0.45993000000000001 -0.45963999999999999 -0.45921000000000001 -0.45855000000000001 -0.45756000000000002 -0.45599000000000001 -0.45352999999999999 -0.44974999999999998 -0.44389000000000001 -0.43558000000000002 -0.42298999999999998 -0.40688000000000002 -0.38435999999999998 -0.35548999999999997 -0.31829000000000002 -0.26990999999999998 -0.21435999999999999 -0.14843999999999999 -0.082591999999999999 -0.01311 0.054919000000000003 0.12950999999999999 0.21113999999999999 0.30612 0.41765999999999998 0.53993000000000002 0.66102000000000005 0.77531000000000005 0.87504999999999999 0.95365999999999995 1.0125999999999999 1.0108999999999999 0.96623000000000003 0.85834999999999995
-0.46172999999999997 -0.46171000000000001 -0.46167999999999998 -0.46161999999999997 -0.46153 -0.46138000000000001 -0.46113999999999999 -0.46078000000000002 -0.46022999999999997 -0.45938000000000001 -0.45805000000000001 -0.45593 -0.45262000000000002 -0.44727 -0.43944 -0.42752000000000001 -0.4108 -0.38828000000000001 -0.35786000000000001 -0.32164999999999999 -0.2742 -0.22176000000000001 -0.16166 -0.10050000000000001 -0.038093000000000002 0.024402 0.097478999999999996 0.17746999999999999 0.26848 0.37913999999999998 0.49630000000000002 0.61599000000000004 0.72699000000000003 0.81803000000000003 0.89334000000000002 0.94333999999999996 0.93045 0.87910999999999995 0.76158000000000003
-0.46294999999999997 -0.46294000000000002 -0.46290999999999999 -0.46287 -0.46279999999999999 -0.46267999999999998 -0.46249000000000001 -0.46218999999999999 -0.46172000000000002 -0.46099000000000001 -0.45985999999999999 -0.45801999999999998 -0.45515 -0.45050000000000001 -0.44324999999999998 -0.43225999999999998 -0.41567999999999999 -0.39362000000000003 -0.36229 -0.32623999999999997 -0.28021000000000001 -0.22838 -0.17355000000000001 -0.11665 -0.061039999999999997 -0.0025536000000000001 0.068306000000000006 0.14577000000000001 0.23366999999999999 0.34250000000000003 0.45661000000000002 0.57603000000000004 0.68423 0.76422999999999996 0.83774999999999999 0.87848000000000004 0.85909000000000002 0.79557999999999995 0.67461000000000004
-0.46449000000000001 -0.46448 -0.46445999999999998 -0.46443000000000001 -0.46437 -0.46428000000000003 -0.46411999999999998 -0.46387 -0.46348 -0.46284999999999998 -0.46187 -0.46028999999999998 -0.45777000000000001 -0.45369999999999999 -0.44713000000000003 -0.43713999999999997 -0.42129 -0.40000000000000002 -0.36968000000000001 -0.33244000000000001 -0.28769 -0.23563000000000001 -0.18576999999999999 -0.13285 -0.082396999999999998 -0.026261 0.041055000000000001 0.11518 0.20172000000000001 0.30778 0.42029 0.53596999999999995 0.64366000000000001 0.71448 0.78669 0.81672999999999996 0.79320999999999997 0.71894999999999998 0.60099999999999998
-0.46590999999999999 -0.46590999999999999 -0.46589000000000003 -0.46587000000000001 -0.46582000000000001 -0.46575 -0.46561999999999998 -0.46540999999999999 -0.46507999999999999 -0.46453 -0.46367999999999998 -0.46231 -0.46007999999999999 -0.45651000000000003 -0.4506 -0.44155 -0.42718 -0.40645999999999999 -0.37756000000000001 -0.33955000000000002 -0.29620999999999997 -0.24349999999999999 -0.19833999999999999 -0.14935999999999999 -0.10296 -0.048661000000000003 0.015055000000000001 0.085831000000000005 0.17144000000000001 0.27456000000000003 0.38619999999999999 0.49939 0.60026999999999997 0.66861999999999999 0.73780999999999997 0.75595000000000001 0.73080000000000001 0.64810999999999996 0.53608999999999996
-0.46723999999999999 -0.46723999999999999 -0.46722000000000002 -0.4672 -0.46716999999999997 -0.46710000000000002 -0.46700000000000003 -0.46682000000000001 -0.46653 -0.46605999999999997 -0.46531 -0.46410000000000001 -0.46211999999999998 -0.45895000000000002 -0.45368999999999998 -0.44546000000000002 -0.43242000000000003 -0.41264000000000001 -0.38529999999999998 -0.34714 -0.30535000000000001 -0.25538 -0.21173 -0.16607 -0.12195 -0.069389999999999993 -0.0098983999999999999 0.057933999999999999 0.14313999999999999 0.24410000000000001 0.35637999999999997 0.46742 0.55923 0.62763999999999998 0.68949000000000005 0.69928000000000001 0.67237000000000002 0.58255999999999997 0.47626000000000002
-0.46848000000000001 -0.46848000000000001 -0.46847 -0.46844999999999998 -0.46842 -0.46837000000000001 -0.46827999999999997 -0.46812999999999999 -0.46788000000000002 -0.46747 -0.46679999999999999 -0.46572999999999998 -0.46394999999999997 -0.46111000000000002 -0.45643 -0.44889000000000001 -0.43702999999999997 -0.41837999999999997 -0.39258999999999999 -0.35559000000000002 -0.31468000000000002 -0.26790999999999998 -0.22517000000000001 -0.18260999999999999 -0.14068 -0.090523000000000006 -0.034426999999999999 0.031576 0.11681999999999999 0.21607999999999999 0.32840999999999998 0.43631999999999999 0.52127000000000001 0.58986000000000005 0.64451000000000003 0.64744999999999997 0.61729999999999996 0.52153000000000005 0.42065999999999998
-0.47037000000000001 -0.47036 -0.47034999999999999 -0.47033999999999998 -0.47031000000000001 -0.47027000000000002 -0.47019 -0.47005999999999998 -0.46983999999999998 -0.46948000000000001 -0.46888000000000002 -0.46792 -0.46633000000000002 -0.46375 -0.45952999999999999 -0.45261000000000001 -0.44175999999999999 -0.42427999999999999 -0.39995999999999998 -0.36525000000000002 -0.32450000000000001 -0.28100999999999998 -0.23869000000000001 -0.19900000000000001 -0.15845999999999999 -0.11094999999999999 -0.057459999999999997 0.0067114000000000002 0.092049000000000006 0.18998999999999999 0.30249999999999999 0.40733999999999998 0.48507 0.55262999999999995 0.60163999999999995 0.60087000000000002 0.56274999999999997 0.46445999999999998 0.36864999999999998
0.84999999999999998 0.02
-0.58762000000000003 -0.64941000000000004 -0.71552000000000004 -0.80284999999999995 -0.88917000000000002 -0.98111999999999999 -1.0814999999999999 -1.1802999999999999 -1.2788999999999999 -1.3793 -1.4762 -1.5685 -1.6487000000000001 -1.7165999999999999 -1.7685 -1.7874000000000001 -1.7703 -1.7298 -1.6695 -1.5815999999999999 -1.4835 -1.3796999999999999 -1.3348 -1.3214999999999999 -1.3319000000000001 -1.2962 -1.1721999999999999 -1.048 -0.91859999999999997 -0.77314000000000005 -0.62805 -0.47326000000000001 -0.29914000000000002 -0.12587000000000001 0.070782999999999999 0.2717 0.47832000000000002 0.69047999999999998 0.90066000000000002
-0.42788999999999999 -0.42443999999999998 -0.41969000000000001 -0.41981000000000002 -0.41914000000000001 -0.42625000000000002 -0.43441000000000002 -0.45590000000000003 -0.47323999999999999 -0.51356000000000002 -0.54581999999999997 -0.58375999999999995 -0.62475000000000003 -0.65534999999999999 -0.68150999999999995 -0.70037000000000005 -0.70745000000000002 -0.69981000000000004 -0.67442999999999997 -0.63966999999999996 -0.59806999999999999 -0.52475000000000005 -0.44802999999999998 -0.36982999999999999 -0.27683000000000002 -0.17358999999999999 -0.070954000000000003 0.029874999999999999 0.1242 0.21476000000000001 0.29987000000000003 0.41639999999999999 0.54235 0.66708999999999996 0.79949999999999999 0.94045999999999996 1.0802 1.2256 1.3816999999999999
-0.44111 -0.43681999999999999 -0.43058999999999997 -0.42141000000000001 -0.40844000000000003 -0.38963999999999999 -0.36275000000000002 -0.32192999999999999 -0.26887 -0.19836000000000001 -0.10677 0.0046191000000000001 0.13439999999999999 0.27861999999999998 0.42981000000000003 0.58143 0.72201000000000004 0.84580999999999995 0.96416999999999997 1.0486 1.1333 1.2058 1.2664 1.3261000000000001 1.3852 1.4433 1.4999 1.5578000000000001 1.6268 1.6938 1.7588999999999999 1.8387 1.9205000000000001 2.0001000000000002 2.0855999999999999 2.1817000000000002 2.2755999999999998 2.3673000000000002 2.4750000000000001
-0.41328999999999999 -0.41105999999999998 -0.40795999999999999 -0.40354000000000001 -0.39676 -0.38634000000000002 -0.36986999999999998 -0.34390999999999999 -0.30427999999999999 -0.24648999999999999 -0.16572999999999999 -0.060232000000000001 0.074507000000000004 0.23524999999999999 0.42165000000000002 0.62702000000000002 0.84511999999999998 1.0676000000000001 1.2926 1.5048999999999999 1.7084999999999999 1.8756999999999999 2.0400999999999998 2.1623000000000001 2.2746 2.3734999999999999 2.4472999999999998 2.5190999999999999 2.5844999999999998 2.6419000000000001 2.6970999999999998 2.7522000000000002 2.8107000000000002 2.8668 2.9205999999999999 2.9899 3.0579999999999998 3.1236999999999999 3.202
-0.39284999999999998 -0.38518000000000002 -0.37747000000000003 -0.37052000000000002 -0.36074000000000001 -0.34955000000000003 -0.33518999999999999 -0.31429000000000001 -0.28333999999999998 -0.23846000000000001 -0.17499000000000001 -0.089636999999999994 0.01866 0.15359 0.31018000000000001 0.49287999999999998 0.69318000000000002 0.91141000000000005 1.1426000000000001 1.3814 1.6268 1.8715999999999999 2.1089000000000002 2.3369 2.5413999999999999 2.7302 2.8834 3.0308000000000002 3.1328999999999998 3.2323 3.3172999999999999 3.3858999999999999 3.4523999999999999 3.5154000000000001 3.5749 3.6322999999999999 3.6930000000000001 3.7599 3.8249
-0.40566999999999998 -0.39789000000000002 -0.38785999999999998 -0.37551000000000001 -0.36065999999999998 -0.34284999999999999 -0.3211 -0.29375000000000001 -0.25794 -0.21174999999999999 -0.15090000000000001 -0.072036000000000003 0.020787 0.13871 0.28053 0.4425 0.63085000000000002 0.83350999999999997 1.0557000000000001 1.2856000000000001 1.5246999999999999 1.7703 2.0179 2.2677 2.5133999999999999 2.7490999999999999 2.9740000000000002 3.1743000000000001 3.3607999999999998 3.5105 3.6564999999999999 3.7603 3.8595000000000002 3.9487000000000001 4.0213999999999999 4.0915999999999997 4.1595000000000004 4.2252999999999998 4.2892999999999999
-0.39351999999999998 -0.38741999999999999 -0.37653999999999999 -0.36487000000000003 -0.35111999999999999 -0.33398 -0.31167 -0.28588000000000002 -0.25396999999999997 -0.21390000000000001 -0.16053999999999999 -0.092619000000000007 -0.0027579000000000002 0.10836 0.24567 0.4098 0.59782000000000002 0.81123000000000001 1.0379 1.2781 1.5230999999999999 1.7714000000000001 2.0226999999999999 2.2711000000000001 2.5257000000000001 2.7753999999999999 3.0291999999999999 3.2766000000000002 3.5186000000000002 3.7446999999999999 3.9563999999999999 4.1417000000000002 4.3075999999999999 4.4508999999999999 4.5685000000000002 4.6821999999999999 4.7590000000000003 4.8349000000000002 4.9116
-0.38462000000000002 -0.37922 -0.37112000000000001 -0.35638999999999998 -0.33810000000000001 -0.31631999999999999 -0.28786 -0.25174000000000002 -0.20765 -0.15534000000000001 -0.094173000000000007 -0.020979000000000001 0.065084000000000003 0.17323 0.30023 0.45651999999999998 0.63544 0.84021999999999997 1.0692999999999999 1.3089999999999999 1.5704 1.833 2.1004999999999998 2.3656000000000001 2.6259000000000001 2.8866999999999998 3.141 3.4016999999999999 3.6539999999999999 3.8999000000000001 4.1322000000000001 4.3509000000000002 4.5437000000000003 4.7161999999999997 4.8669000000000002 4.9958 5.1151 5.2081999999999997 5.3000999999999996
-0.37453999999999998 -0.36840000000000001 -0.36194999999999999 -0.35363 -0.33790999999999999 -0.31544 -0.28998000000000002 -0.25402999999999998 -0.20641999999999999 -0.14283999999999999 -0.065183000000000005 0.028199999999999999 0.13669999999999999 0.26146999999999998 0.40608 0.56813000000000002 0.75575999999999999 0.95745999999999998 1.1794 1.4137 1.6589 1.9166000000000001 2.1749000000000001 2.4462999999999999 2.7139000000000002 2.9834999999999998 3.2501000000000002 3.5125000000000002 3.7717000000000001 4.0221999999999998 4.2611999999999997 4.4877000000000002 4.6904000000000003 4.8792999999999997 5.0411000000000001 5.1909000000000001 5.3064999999999998 5.4207999999999998 5.5061999999999998
-0.37664999999999998 -0.37053000000000003 -0.36320000000000002 -0.35271999999999998 -0.33585999999999999 -0.31611 -0.29108000000000001 -0.25663999999999998 -0.21049999999999999 -0.14915999999999999 -0.069598999999999994 0.028323999999999998 0.14945 0.28972999999999999 0.45565 0.64051000000000002 0.84330000000000005 1.0602 1.2857000000000001 1.5241 1.7638 2.0135000000000001 2.2656000000000001 2.5236999999999998 2.7873999999999999 3.0497999999999998 3.3166000000000002 3.5768 3.8330000000000002 4.0789999999999997 4.3148 4.5354999999999999 4.7458 4.9288999999999996 5.1033999999999997 5.2431000000000001 5.3762999999999996 5.4778000000000002 5.5673000000000004
-0.37079000000000001 -0.36458000000000002 -0.35738999999999999 -0.34936 -0.33888000000000001 -0.31990000000000002 -0.29296 -0.26145000000000002 -0.21803 -0.16017000000000001 -0.081511 0.016959999999999999 0.13983999999999999 0.28600999999999999 0.45513999999999999 0.64932999999999996 0.85879000000000005 1.0891999999999999 1.3255999999999999 1.5706 1.8171999999999999 2.0638999999999998 2.3142999999999998 2.5619000000000001 2.8188 3.0724 3.3285 3.5800999999999998 3.8262999999999998 4.0603999999999996 4.2862999999999998 4.5007000000000001 4.7042000000000002 4.8880999999999997 5.0574000000000003 5.2000999999999999 5.3292000000000002 5.4329000000000001 5.5301
-0.37254999999999999 -0.36608000000000002 -0.35846 -0.34949000000000002 -0.33894000000000002 -0.32584000000000002 -0.30338999999999999 -0.26967999999999998 -0.23225000000000001 -0.18126999999999999 -0.11352 -0.022775 0.089901999999999996 0.23235 0.39757999999999999 0.58682000000000001 0.79552999999999996 1.0162 1.2527999999999999 1.4924999999999999 1.7430000000000001 1.9941 2.2484000000000002 2.5015000000000001 2.7517999999999998 2.9990000000000001 3.2412999999999998 3.4784000000000002 3.7084000000000001 3.9297 4.1409000000000002 4.3441999999999998 4.5323000000000002 4.7141000000000002 4.8727 5.0236000000000001 5.1467999999999998 5.2618999999999998 5.3482000000000003
-0.36781999999999998 -0.36175000000000002 -0.35461999999999999 -0.34572000000000003 -0.33507999999999999 -0.32069999999999999 -0.29853000000000002 -0.27121000000000001 -0.23751 -0.19044 -0.12834000000000001 -0.045637999999999998 0.059221999999999997 0.18648999999999999 0.33995999999999998 0.51114000000000004 0.70882000000000001 0.91974 1.1474 1.3861000000000001 1.6299999999999999 1.883 2.1341000000000001 2.3887 2.6392000000000002 2.8877000000000002 3.1309 3.3696000000000002 3.5975000000000001 3.8178999999999998 4.0232000000000001 4.2191000000000001 4.4025999999999996 4.5715000000000003 4.7264999999999997 4.8631000000000002 4.9888000000000003 5.0867000000000004 5.1753
-0.35277999999999998 -0.34660999999999997 -0.33966000000000002 -0.33145000000000002 -0.32141999999999998 -0.30687999999999999 -0.28595999999999999 -0.26122000000000001 -0.22856000000000001 -0.18522 -0.12741 -0.053613000000000001 0.044026999999999997 0.16181999999999999 0.30647999999999997 0.47259000000000001 0.6583 0.86426000000000003 1.0783 1.3143 1.5531999999999999 1.8035000000000001 2.0558999999999998 2.3090999999999999 2.5619000000000001 2.8100000000000001 3.0560999999999998 3.2959000000000001 3.5285000000000002 3.7488000000000001 3.9571999999999998 4.1479999999999997 4.3273000000000001 4.4844999999999997 4.6280000000000001 4.7503000000000002 4.8573000000000004 4.944 5.0194000000000001
-0.33040000000000003 -0.32475999999999999 -0.31768000000000002 -0.30943999999999999 -0.29981000000000002 -0.28826000000000002 -0.27213999999999999 -0.24684 -0.21421000000000001 -0.1739 -0.11771 -0.046360999999999999 0.045615999999999997 0.15926999999999999 0.29377999999999999 0.45417999999999997 0.63021000000000005 0.83267000000000002 1.0461 1.2738 1.5127999999999999 1.756 2.0103 2.2616000000000001 2.5167000000000002 2.7664 3.0131000000000001 3.2534000000000001 3.4876999999999998 3.7065000000000001 3.9146999999999998 4.0997000000000003 4.2694000000000001 4.4170999999999996 4.5431999999999997 4.6513999999999998 4.7392000000000003 4.8163999999999998 4.8784999999999998
-0.27634999999999998 -0.27204 -0.26676 -0.26018000000000002 -0.25172 -0.24152000000000001 -0.22525000000000001 -0.20238 -0.17380999999999999 -0.13639999999999999 -0.085097000000000006 -0.016264000000000001 0.070231000000000002 0.18246999999999999 0.31252999999999997 0.46970000000000001 0.64402999999999999 0.83692 1.0470999999999999 1.2648999999999999 1.5024999999999999 1.7411000000000001 1.9912000000000001 2.2410000000000001 2.4916999999999998 2.7414000000000001 2.9857 3.2252000000000001 3.4548999999999999 3.6707000000000001 3.8687 4.0465999999999998 4.2047999999999996 4.3460000000000001 4.4551999999999996 4.5514999999999999 4.6261000000000001 4.6938000000000004 4.7489999999999997
-0.21848999999999999 -0.21218000000000001 -0.20487 -0.19666 -0.18726000000000001 -0.17696000000000001 -0.16120000000000001 -0.14038 -0.11446000000000001 -0.078498999999999999 -0.032321999999999997 0.033547 0.11319 0.21865000000000001 0.34264 0.49008000000000002 0.66124000000000005 0.84623999999999999 1.0559000000000001 1.2707999999999999 1.5029999999999999 1.7403999999999999 1.984 2.2324000000000002 2.4775999999999998 2.726 2.9661 3.2000000000000002 3.4205000000000001 3.6280000000000001 3.8127 3.9836999999999998 4.1298000000000004 4.2596999999999996 4.359 4.4450000000000003 4.5148000000000001 4.5749000000000004 4.6268000000000002
-0.11438 -0.094713000000000006 -0.074699000000000002 -0.053899000000000002 -0.032140000000000002 -0.0084209000000000003 0.017113 0.046486 0.078573000000000004 0.11978999999999999 0.16914999999999999 0.22875999999999999 0.30509999999999998 0.38835999999999998 0.50229999999999997 0.62427999999999995 0.77310000000000001 0.93796999999999997 1.1185 1.323 1.5317000000000001 1.7619 1.9908999999999999 2.2263000000000002 2.4605999999999999 2.6911 2.9127000000000001 3.1196999999999999 3.3068 3.4769999999999999 3.6324000000000001 3.7722000000000002 3.9016999999999999 4.0087999999999999 4.1086999999999998 4.1825999999999999 4.2515999999999998 4.3037999999999998 4.3532000000000002
-0.16106999999999999 -0.13197999999999999 -0.10038 -0.066711999999999994 -0.029850000000000002 0.011077999999999999 0.056003999999999998 0.10457 0.15842000000000001 0.21622 0.28500999999999999 0.35960999999999999 0.4486 0.54752000000000001 0.65656000000000003 0.78075000000000006 0.90446000000000004 1.0561 1.2087000000000001 1.3861000000000001 1.5757000000000001 1.7776000000000001 1.9935 2.2078000000000002 2.4272999999999998 2.6362000000000001 2.8338000000000001 3.0112999999999999 3.169 3.3092999999999999 3.4373999999999998 3.5588000000000002 3.6734 3.7799 3.8753000000000002 3.9603000000000002 4.0303000000000004 4.0941000000000001 4.1559999999999997
-0.33184999999999998 -0.30957000000000001 -0.28336 -0.25197999999999998 -0.21673000000000001 -0.17530000000000001 -0.12828000000000001 -0.073431999999999997 -0.010872 0.060985999999999999 0.14463000000000001 0.24106 0.35136000000000001 0.47470000000000001 0.60811999999999999 0.74758000000000002 0.89636000000000005 1.0442 1.21 1.375 1.5531999999999999 1.7357 1.9213 2.1126999999999998 2.2972000000000001 2.4765999999999999 2.6400000000000001 2.7846000000000002 2.9102000000000001 3.0213000000000001 3.1257999999999999 3.2263000000000002 3.3302 3.4312 3.5287999999999999 3.6202000000000001 3.7065000000000001 3.7930999999999999 3.8839999999999999
-0.40699999999999997 -0.39811999999999997 -0.38663999999999998 -0.37102000000000002 -0.35021000000000002 -0.32411000000000001 -0.28987000000000002 -0.24923000000000001 -0.19800000000000001 -0.13771 -0.066014000000000003 0.019161000000000001 0.11831 0.23543 0.37062 0.52464999999999995 0.69452000000000003 0.87485000000000002 1.0587 1.2473000000000001 1.4320999999999999 1.6214999999999999 1.8049999999999999 1.9862 2.1597 2.3224999999999998 2.4687000000000001 2.5983999999999998 2.7088000000000001 2.8089 2.9032 2.9984000000000002 3.0939999999999999 3.1943999999999999 3.2942999999999998 3.3933 3.4929999999999999 3.5931999999999999 3.7084000000000001
-0.42237999999999998 -0.41937000000000002 -0.41485 -0.40881000000000001 -0.39982000000000001 -0.38736999999999999 -0.36951000000000001 -0.34388999999999997 -0.30947999999999998 -0.26229999999999998 -0.20349 -0.12809000000000001 -0.035889999999999998 0.075120999999999993 0.20754 0.36022999999999999 0.53359000000000001 0.7228 0.92191999999999996 1.1251 1.3269 1.5222 1.7111000000000001 1.8879999999999999 2.0558999999999998 2.2075 2.3424999999999998 2.4581 2.5594000000000001 2.6524000000000001 2.7412000000000001 2.8338000000000001 2.9287999999999998 3.0297999999999998 3.1331000000000002 3.2362000000000002 3.3447 3.4581 3.5813999999999999
-0.42769000000000001 -0.42623 -0.42441000000000001 -0.42188999999999999 -0.41855999999999999 -0.41358 -0.40670000000000001 -0.39705000000000001 -0.38345000000000001 -0.36403000000000002 -0.33510000000000001 -0.29331000000000002 -0.23233999999999999 -0.14549999999999999 -0.027158999999999999 0.12672 0.31264999999999998 0.52478999999999998 0.74827999999999995 0.97513000000000005 1.1944999999999999 1.4007000000000001 1.5921000000000001 1.7635000000000001 1.9180999999999999 2.0529999999999999 2.1705000000000001 2.2713999999999999 2.3618000000000001 2.4460000000000002 2.5354000000000001 2.625 2.7252999999999998 2.8266 2.9296000000000002 3.0392000000000001 3.1514000000000002 3.2793000000000001 3.4142999999999999
-0.42988999999999999 -0.42880000000000001 -0.42737999999999998 -0.42541000000000001 -0.42244999999999999 -0.41860000000000003 -0.41347 -0.40681 -0.39756999999999998 -0.38495000000000001 -0.36686999999999997 -0.34054000000000001 -0.30262 -0.24754999999999999 -0.16686000000000001 -0.052275000000000002 0.10577 0.30726999999999999 0.54425000000000001 0.79413999999999996 1.0447 1.2721 1.4778 1.6560999999999999 1.8081 1.9421999999999999 2.0528 2.1524000000000001 2.242 2.3311999999999999 2.4211 2.5160999999999998 2.6099000000000001 2.7097000000000002 2.8098000000000001 2.9150999999999998 3.0345 3.1623999999999999 3.3018000000000001
-0.42888999999999999 -0.42817 -0.42695 -0.42542000000000002 -0.42309999999999998 -0.42005999999999999 -0.41588999999999998 -0.40987000000000001 -0.40179999999999999 -0.39068000000000003 -0.37585000000000002 -0.35526000000000002 -0.32611000000000001 -0.28375 -0.22208 -0.13235 -0.0078163 0.16236999999999999 0.37375999999999998 0.62004000000000004 0.87482000000000004 1.1287 1.3461000000000001 1.544 1.7016 1.8389 1.9564999999999999 2.0606 2.1560999999999999 2.2522000000000002 2.3452999999999999 2.4398 2.5335000000000001 2.6259000000000001 2.7261000000000002 2.8277999999999999 2.9498000000000002 3.0832000000000002 3.2145999999999999
-0.42848000000000003 -0.42764999999999997 -0.42649999999999999 -0.42498000000000002 -0.42302000000000001 -0.42010999999999998 -0.41639999999999999 -0.41106999999999999 -0.40416999999999997 -0.39451999999999998 -0.38113000000000002 -0.36227999999999999 -0.33567000000000002 -0.29816999999999999 -0.24514 -0.16886000000000001 -0.061496000000000002 0.084679000000000004 0.27450000000000002 0.49985000000000002 0.74760000000000004 0.99695999999999996 1.2301 1.4326000000000001 1.6094999999999999 1.7513000000000001 1.8788 1.9890000000000001 2.0939999999999999 2.1949000000000001 2.2921 2.3845999999999998 2.4762 2.5657000000000001 2.6602000000000001 2.7677999999999998 2.8862999999999999 3.0167000000000002 3.1373000000000002
-0.42709999999999998 -0.42591000000000001 -0.42465999999999998 -0.42298999999999998 -0.42116999999999999 -0.41855999999999999 -0.41513 -0.41043000000000002 -0.40383000000000002 -0.39479999999999998 -0.38183 -0.36425000000000002 -0.33943000000000001 -0.30443999999999999 -0.25496999999999997 -0.18595 -0.088602 0.041572999999999999 0.2137 0.42082000000000003 0.65703 0.89898 1.1392 1.3436999999999999 1.5306 1.6819 1.8170999999999999 1.9362999999999999 2.0480999999999998 2.1537000000000002 2.2515999999999998 2.3431999999999999 2.4293 2.5177999999999998 2.6040000000000001 2.7164999999999999 2.8334999999999999 2.9537 3.0630999999999999
-0.42641000000000001 -0.42455999999999999 -0.42268 -0.42041000000000001 -0.41787000000000002 -0.41488999999999998 -0.41105000000000003 -0.40651999999999999 -0.40014 -0.39187 -0.37998999999999999 -0.36321999999999999 -0.33955000000000002 -0.30620999999999998 -0.25895000000000001 -0.19342999999999999 -0.10178 0.020456999999999999 0.17909 0.37404999999999999 0.59636999999999996 0.83172000000000001 1.0650999999999999 1.2774000000000001 1.466 1.6307 1.7710999999999999 1.8994 2.0148000000000001 2.1219000000000001 2.2191000000000001 2.3071999999999999 2.3868999999999998 2.4731000000000001 2.5608 2.6663000000000001 2.7805 2.8931 2.9933000000000001
-0.42720999999999998 -0.42477999999999999 -0.42203000000000002 -0.41898999999999997 -0.41535 -0.41155000000000003 -0.40672999999999998 -0.40140999999999999 -0.39465 -0.38607999999999998 -0.37484000000000001 -0.35919000000000001 -0.33764 -0.30651 -0.26200000000000001 -0.19905 -0.11172 0.0068735000000000003 0.15748000000000001 0.34487000000000001 0.55669999999999997 0.78530999999999995 1.0114000000000001 1.2284999999999999 1.4184000000000001 1.5931999999999999 1.7375 1.8713 1.9912000000000001 2.0962999999999998 2.1884000000000001 2.2706 2.3472 2.4281000000000001 2.5175999999999998 2.6162999999999998 2.7275 2.835 2.9281999999999999
-0.43214000000000002 -0.43049999999999999 -0.42803000000000002 -0.42463000000000001 -0.41997000000000001 -0.41372999999999999 -0.40612999999999999 -0.39631 -0.38596000000000003 -0.37319999999999998 -0.35854999999999998 -0.34059 -0.31778000000000001 -0.28816000000000003 -0.24772 -0.19152 -0.11401 -0.0076499000000000003 0.13131999999999999 0.30274000000000001 0.50283 0.71918000000000004 0.93774000000000002 1.1499999999999999 1.3473999999999999 1.5233000000000001 1.6812 1.8158000000000001 1.9330000000000001 2.0222000000000002 2.1002999999999998 2.169 2.2402000000000002 2.3113999999999999 2.4005000000000001 2.4990000000000001 2.6021000000000001 2.7006000000000001 2.7765
-0.43447999999999998 -0.43381999999999998 -0.43267 -0.43096000000000001 -0.42848000000000003 -0.42470000000000002 -0.41922999999999999 -0.41116999999999998 -0.39953 -0.38425999999999999 -0.36332999999999999 -0.33937 -0.30935000000000001 -0.2737 -0.22933000000000001 -0.17302000000000001 -0.099324999999999997 -0.0033565000000000001 0.12427000000000001 0.28216000000000002 0.47159000000000001 0.67952000000000001 0.89614000000000005 1.1037999999999999 1.2998000000000001 1.4688000000000001 1.6184000000000001 1.7439 1.8413999999999999 1.9212 1.99 2.0543999999999998 2.1223999999999998 2.2002000000000002 2.2866 2.3873000000000002 2.4904000000000002 2.5842999999999998 2.6478000000000002
-0.43518000000000001 -0.43476999999999999 -0.43420999999999998 -0.43340000000000001 -0.43213000000000001 -0.42998999999999998 -0.42682999999999999 -0.42212 -0.41477000000000003 -0.40372000000000002 -0.38696999999999998 -0.36248000000000002 -0.32921 -0.28421999999999997 -0.23053999999999999 -0.16352 -0.082849000000000006 0.016989000000000001 0.14015 0.29182000000000002 0.46820000000000001 0.66690000000000005 0.87107000000000001 1.0691999999999999 1.2491000000000001 1.4081999999999999 1.5392999999999999 1.6500999999999999 1.7322 1.8053999999999999 1.8718999999999999 1.9394 2.0074999999999998 2.0926 2.1867999999999999 2.2896000000000001 2.3917999999999999 2.4782999999999999 2.5339
-0.43568000000000001 -0.43535000000000001 -0.43490000000000001 -0.43426999999999999 -0.43337999999999999 -0.43209999999999998 -0.43008000000000002 -0.42706 -0.42236000000000001 -0.41499000000000003 -0.40362999999999999 -0.38547999999999999 -0.35816999999999999 -0.31701000000000001 -0.25903999999999999 -0.18331 -0.088581999999999994 0.021944000000000002 0.15254999999999999 0.30401 0.47505999999999998 0.66185000000000005 0.85058 1.0322 1.1930000000000001 1.3344 1.4486000000000001 1.5428999999999999 1.6191 1.6901999999999999 1.7575000000000001 1.8302 1.9071 1.9927999999999999 2.0973999999999999 2.2061999999999999 2.3081 2.3862000000000001 2.4327999999999999
-0.43633 -0.43604999999999999 -0.43564999999999998 -0.43509999999999999 -0.43435000000000001 -0.43330999999999997 -0.43184 -0.42963000000000001 -0.42625999999999997 -0.42098999999999998 -0.41270000000000001 -0.39962999999999999 -0.37885000000000002 -0.34627999999999998 -0.29544999999999999 -0.22242999999999999 -0.12152 5.2289e-05 0.14274999999999999 0.30020000000000002 0.47065000000000001 0.64827999999999997 0.82160999999999995 0.98443999999999998 1.1283000000000001 1.2522 1.3565 1.4398 1.5119 1.5834999999999999 1.6544000000000001 1.7305999999999999 1.8150999999999999 1.9077999999999999 2.0190000000000001 2.1309999999999998 2.2301000000000002 2.3043999999999998 2.3420999999999998
-0.43686000000000003 -0.43664999999999998 -0.43631999999999999 -0.43586000000000003 -0.43519999999999998 -0.43428 -0.43298999999999999 -0.43112 -0.42842000000000002 -0.42426999999999998 -0.41776999999999997 -0.40750999999999998 -0.39112000000000002 -0.36506 -0.32351000000000002 -0.25935000000000002 -0.16614999999999999 -0.041140000000000003 0.10687000000000001 0.27445999999999998 0.44447999999999999 0.61731999999999998 0.77773000000000003 0.92586000000000002 1.0585 1.1702999999999999 1.2686999999999999 1.3445 1.4156 1.4867999999999999 1.5619000000000001 1.6412 1.7329000000000001 1.8358000000000001 1.9507000000000001 2.0630999999999999 2.1587000000000001 2.2290000000000001 2.2606999999999999
-0.43730999999999998 -0.43713999999999997 -0.43687999999999999 -0.4365 -0.43593999999999999 -0.43514000000000003 -0.43398999999999999 -0.43235000000000001 -0.42997000000000002 -0.42641000000000001 -0.42092000000000002 -0.41234999999999999 -0.39863999999999999 -0.37685999999999997 -0.3422 -0.28725000000000001 -0.20483000000000001 -0.086514999999999995 0.059145000000000003 0.23013 0.40137 0.56994999999999996 0.72311999999999999 0.86111000000000004 0.98579000000000006 1.0906 1.1839 1.2584 1.3301000000000001 1.3998999999999999 1.4796 1.5647 1.6637 1.774 1.8898999999999999 2.0017999999999998 2.0945 2.1591 2.1899000000000002
-0.43769000000000002 -0.43753999999999998 -0.43731999999999999 -0.437 -0.43652999999999997 -0.43584000000000001 -0.43485000000000001 -0.43341000000000002 -0.43130000000000002 -0.42814999999999998 -0.42330000000000001 -0.41588000000000003 -0.40407999999999999 -0.38518999999999998 -0.35514000000000001 -0.30752000000000002 -0.23488999999999999 -0.12842999999999999 0.010794 0.17660000000000001 0.35143000000000002 0.51451000000000002 0.66449999999999998 0.79483000000000004 0.91330999999999996 1.016 1.1053999999999999 1.1812 1.2531000000000001 1.3221000000000001 1.4063000000000001 1.4978 1.6004 1.7162999999999999 1.8347 1.9470000000000001 2.0362 2.0948000000000002 2.1286
-0.43836999999999998 -0.43825999999999998 -0.43809999999999999 -0.43786000000000003 -0.43751000000000001 -0.43698999999999999 -0.43622 -0.43508999999999998 -0.43336999999999998 -0.43078 -0.42684 -0.42076999999999998 -0.41138000000000002 -0.39638000000000001 -0.37275000000000003 -0.33517999999999998 -0.27704000000000001 -0.19126000000000001 -0.071079000000000003 0.075095999999999996 0.2432 0.39690999999999999 0.54417000000000004 0.66954000000000002 0.78141000000000005 0.88275999999999999 0.96840000000000004 1.0474000000000001 1.1182000000000001 1.1946000000000001 1.2810999999999999 1.3839999999999999 1.4959 1.6174999999999999 1.7386999999999999 1.8465 1.9319999999999999 1.9819 2.0144000000000002
-0.43891000000000002 -0.43883 -0.43869999999999998 -0.43851000000000001 -0.43820999999999999 -0.43776999999999999 -0.43712000000000001 -0.43618000000000001 -0.43479000000000001 -0.43267 -0.42947000000000002 -0.42447000000000001 -0.41671000000000002 -0.40436 -0.38467000000000001 -0.35364000000000001 -0.30510999999999999 -0.23341999999999999 -0.13173000000000001 -0.0031194 0.14462 0.29510999999999998 0.43347999999999998 0.56174000000000002 0.66774999999999995 0.76620999999999995 0.85197999999999996 0.93140000000000001 1.0051000000000001 1.0896999999999999 1.1808000000000001 1.2888999999999999 1.4081999999999999 1.5329999999999999 1.6546000000000001 1.7595000000000001 1.8401000000000001 1.8913 1.9094
-0.43934000000000001 -0.43929000000000001 -0.43919000000000002 -0.43905 -0.43881999999999999 -0.43847000000000003 -0.43794 -0.43713999999999997 -0.43596000000000001 -0.43417 -0.43147000000000002 -0.42726999999999998 -0.42065999999999998 -0.41025 -0.39351999999999998 -0.36735000000000001 -0.32628000000000001 -0.26501000000000002 -0.17818999999999999 -0.063863000000000003 0.067304000000000003 0.21167 0.33999000000000001 0.46360000000000001 0.56852000000000003 0.66425000000000001 0.75097999999999998 0.83106999999999998 0.90958000000000006 0.99804999999999999 1.0961000000000001 1.2058 1.3322000000000001 1.4601 1.5831 1.6840999999999999 1.7599 1.8089 1.8140000000000001
-0.43969999999999998 -0.43963999999999998 -0.43956000000000001 -0.43944 -0.43924999999999997 -0.43896000000000002 -0.43852999999999998 -0.43786999999999998 -0.43687999999999999 -0.43536000000000002 -0.43302000000000002 -0.42942999999999998 -0.42374000000000001 -0.41485 -0.40054000000000001 -0.378 -0.34283000000000002 -0.28956999999999999 -0.21432999999999999 -0.11244999999999999 0.0049960999999999998 0.13593 0.26078000000000001 0.37759999999999999 0.48310999999999998 0.57567000000000002 0.66283999999999998 0.74424999999999997 0.82804 0.91757999999999995 1.0225 1.1383000000000001 1.2659 1.3964000000000001 1.5168999999999999 1.6173 1.6875 1.7331000000000001 1.7238
-0.44042999999999999 -0.44035999999999997 -0.44026999999999999 -0.44013999999999998 -0.43995000000000001 -0.43967000000000001 -0.43930999999999998 -0.43875999999999998 -0.43794 -0.43663999999999997 -0.43458999999999998 -0.43147999999999997 -0.42653999999999997 -0.41881000000000002 -0.40648000000000001 -0.38686999999999999 -0.35653000000000001 -0.30997000000000002 -0.24415999999999999 -0.15472 -0.046712999999999998 0.072387999999999994 0.19391 0.30392999999999998 0.40925 0.49863000000000002 0.58543000000000001 0.66857999999999995 0.75580999999999998 0.84667999999999999 0.95791999999999999 1.0785 1.2084999999999999 1.3400000000000001 1.458 1.5553999999999999 1.6223000000000001 1.6646000000000001 1.6361000000000001
-0.44112000000000001 -0.44102999999999998 -0.44091999999999998 -0.44075999999999999 -0.44055 -0.44022 -0.43985999999999997 -0.43937999999999999 -0.43864999999999998 -0.43751000000000001 -0.43570999999999999 -0.43296000000000001 -0.42863000000000001 -0.42180000000000001 -0.41100999999999999 -0.39368999999999998 -0.36710999999999999 -0.32630999999999999 -0.26777000000000001 -0.18851000000000001 -0.089057999999999998 0.019934 0.13733000000000001 0.24104999999999999 0.34249000000000002 0.43201000000000001 0.51839999999999997 0.60297000000000001 0.69220000000000004 0.78815999999999997 0.90132999999999996 1.0266 1.1589 1.2896000000000001 1.4054 1.4984 1.5645 1.5960000000000001 1.5552999999999999
-0.44177 -0.44168000000000002 -0.44155 -0.44136999999999998 -0.44108999999999998 -0.44073000000000001 -0.44030000000000002 -0.43984000000000001 -0.43912000000000001 -0.43806 -0.43640000000000001 -0.43389 -0.43001 -0.42387000000000002 -0.41428999999999999 -0.39895999999999998 -0.37534000000000001 -0.33934999999999998 -0.28684999999999999 -0.21590000000000001 -0.12413 -0.023737000000000001 0.085689000000000001 0.1875 0.28497 0.37486999999999998 0.46056999999999998 0.54613999999999996 0.63629000000000002 0.73682000000000003 0.85190999999999995 0.98184000000000005 1.115 1.2441 1.3577999999999999 1.4463999999999999 1.5104 1.5321 1.4838
-0.44238 -0.44229000000000002 -0.44216 -0.44197999999999998 -0.44166 -0.44127 -0.44075999999999999 -0.44024999999999997 -0.43947000000000003 -0.43835000000000002 -0.43673000000000001 -0.43430999999999997 -0.43075000000000002 -0.42513000000000001 -0.41649999999999998 -0.40282000000000001 -0.38157000000000002 -0.34944999999999998 -0.30198999999999998 -0.2379 -0.15412999999999999 -0.059928000000000002 0.041967999999999998 0.14177999999999999 0.23544000000000001 0.32600000000000001 0.41064000000000001 0.49714999999999998 0.58735999999999999 0.69223000000000001 0.81061000000000005 0.94311 1.075 1.2017 1.3144 1.3979999999999999 1.4596 1.4722999999999999 1.4167000000000001
-0.44351000000000002 -0.44341999999999998 -0.44329000000000002 -0.44311 -0.44283 -0.44245000000000001 -0.44192999999999999 -0.44127 -0.44035000000000002 -0.43901000000000001 -0.43725999999999998 -0.43469000000000002 -0.43124000000000001 -0.42613000000000001 -0.41850999999999999 -0.40699000000000002 -0.38908999999999999 -0.36263000000000001 -0.32339000000000001 -0.26919999999999999 -0.19891 -0.11407 -0.024458000000000001 0.071478 0.15819 0.24621999999999999 0.33034999999999998 0.41699999999999998 0.50648000000000004 0.61983999999999995 0.74399000000000004 0.87644999999999995 1.0044999999999999 1.1252 1.2323 1.3124 1.3660000000000001 1.3559000000000001 1.2947
-0.44452999999999998 -0.44444 -0.44433 -0.44417000000000001 -0.44394 -0.44361 -0.44314999999999999 -0.44245000000000001 -0.44146999999999997 -0.44002000000000002 -0.43803999999999998 -0.43525999999999998 -0.43136000000000002 -0.42610999999999999 -0.41837000000000002 -0.40783999999999998 -0.39190000000000003 -0.36871999999999999 -0.33511000000000002 -0.28761999999999999 -0.22672 -0.14990999999999999 -0.069390999999999994 0.017715000000000002 0.10287 0.18676999999999999 0.26978999999999997 0.35471999999999998 0.44840999999999998 0.56367999999999996 0.69064999999999999 0.82016 0.94364999999999999 1.0598000000000001 1.1592 1.2353000000000001 1.2768999999999999 1.2507999999999999 1.1841999999999999
-0.44544 -0.44538 -0.44528000000000001 -0.44513999999999998 -0.44494 -0.44464999999999999 -0.44425999999999999 -0.44364999999999999 -0.44274000000000002 -0.44136999999999998 -0.43931999999999999 -0.43646000000000001 -0.43214999999999998 -0.42658000000000001 -0.41844999999999999 -0.40755999999999998 -0.39227000000000001 -0.37046000000000001 -0.34031 -0.29743000000000003 -0.24296000000000001 -0.17487 -0.099162 -0.019671000000000001 0.062986 0.14074 0.22040000000000001 0.30508999999999997 0.40405999999999997 0.51897000000000004 0.64509000000000005 0.77059 0.89141999999999999 1.0024999999999999 1.0935999999999999 1.1659999999999999 1.196 1.1603000000000001 1.0788
-0.44711000000000001 -0.44707000000000002 -0.44700000000000001 -0.44689000000000001 -0.44673000000000002 -0.44649 -0.44613999999999998 -0.44563999999999998 -0.44485999999999998 -0.44368000000000002 -0.44181999999999999 -0.43908000000000003 -0.43491000000000002 -0.42892999999999998 -0.42053000000000001 -0.40853 -0.39307999999999998 -0.37109999999999999 -0.34290999999999999 -0.30412 -0.25396000000000002 -0.19366 -0.12299 -0.051861999999999998 0.024264999999999998 0.096615999999999994 0.17324999999999999 0.25596999999999998 0.35158 0.46304000000000001 0.59252000000000005 0.71465999999999996 0.83038000000000001 0.93408999999999998 1.0195000000000001 1.0876999999999999 1.0996999999999999 1.0575000000000001 0.95923999999999998
-0.44858999999999999 -0.44857000000000002 -0.44851999999999997 -0.44844000000000001 -0.44832 -0.44812000000000002 -0.44783000000000001 -0.44740000000000002 -0.44674999999999998 -0.44574999999999998 -0.44418999999999997 -0.44173000000000001 -0.43797000000000003 -0.43209999999999998 -0.42386000000000001 -0.41141 -0.39533000000000001 -0.37308999999999998 -0.34431 -0.30753999999999998 -0.25935000000000002 -0.20452000000000001 -0.13958000000000001 -0.074235999999999996 -0.0057832999999999999 0.061551000000000002 0.13569999999999999 0.21689 0.31089 0.42279 0.54430000000000001 0.66442999999999997 0.77686999999999995 0.87475000000000003 0.95374000000000003 1.0125 1.0086999999999999 0.96257999999999999 0.85197000000000001
-0.44993 -0.44990999999999998 -0.44988 -0.44982 -0.44973000000000002 -0.44957999999999998 -0.44934000000000002 -0.44897999999999999 -0.44843 -0.44757999999999998 -0.44625999999999999 -0.44413000000000002 -0.44083 -0.43551000000000001 -0.42769000000000001 -0.41588000000000003 -0.39917999999999998 -0.37692999999999999 -0.34660000000000002 -0.31089 -0.2641 -0.21196000000000001 -0.15290999999999999 -0.092258999999999994 -0.030794999999999999 0.031043000000000001 0.10377 0.18323999999999999 0.27333000000000002 0.38450000000000001 0.50090000000000001 0.61970000000000003 0.72875999999999996 0.81779999999999997 0.89388999999999996 0.94321999999999995 0.92889999999999995 0.87409000000000003 0.755
-0.45113999999999999 -0.45112999999999998 -0.45111000000000001 -0.45106000000000002 -0.45099 -0.45088 -0.45068999999999998 -0.45039000000000001 -0.44991999999999999 -0.44918999999999998 -0.44806000000000001 -0.44623000000000002 -0.44335999999999998 -0.43872 -0.43147000000000002 -0.42057 -0.40400000000000003 -0.38217000000000001 -0.35128999999999999 -0.31539 -0.27009 -0.21856999999999999 -0.16486999999999999 -0.10847 -0.053782999999999997 0.0045545000000000004 0.074746000000000007 0.15157999999999999 0.23923 0.34808 0.46145999999999998 0.57918999999999998 0.68623999999999996 0.76395000000000002 0.8387 0.87848999999999999 0.85734999999999995 0.79049999999999998 0.66795000000000004
-0.45268000000000003 -0.45267000000000002 -0.45265 -0.45262000000000002 -0.45256999999999997 -0.45246999999999998 -0.45232 -0.45207000000000003 -0.45168000000000003 -0.45105000000000001 -0.45007000000000003 -0.44849 -0.44596999999999998 -0.44191999999999998 -0.43535000000000001 -0.42542000000000002 -0.40971000000000002 -0.38846000000000003 -0.35854999999999998 -0.32146000000000002 -0.27749000000000001 -0.22572999999999999 -0.17709 -0.125 -0.075115000000000001 -0.019066 0.047620999999999997 0.12105 0.20751 0.31317 0.42509999999999998 0.53935999999999995 0.64429999999999998 0.71416000000000002 0.78791999999999995 0.81545000000000001 0.79129000000000005 0.71370999999999996 0.59657000000000004
-0.45411000000000001 -0.4541 -0.45408999999999999 -0.45406000000000002 -0.45401999999999998 -0.45394000000000001 -0.45382 -0.45361000000000001 -0.45327000000000001 -0.45273000000000002 -0.45188 -0.45051000000000002 -0.44828000000000001 -0.44472 -0.43880999999999998 -0.42981000000000003 -0.41554999999999997 -0.39484999999999998 -0.36630000000000001 -0.32843 -0.28586 -0.23418 -0.18958 -0.14147999999999999 -0.095613000000000004 -0.041376000000000003 0.021735999999999998 0.091764999999999999 0.17745 0.28016000000000002 0.39122000000000001 0.50302999999999998 0.60106000000000004 0.66929000000000005 0.73846000000000001 0.75468000000000002 0.72843999999999998 0.64285000000000003 0.53168000000000004
-0.45544000000000001 -0.45543 -0.45541999999999999 -0.45540000000000003 -0.45535999999999999 -0.45529999999999998 -0.45518999999999998 -0.45501999999999998 -0.45473000000000002 -0.45426 -0.45351000000000002 -0.45229999999999998 -0.45032 -0.44716 -0.44192999999999999 -0.43369999999999997 -0.42075000000000001 -0.40099000000000001 -0.37392999999999998 -0.33588000000000001 -0.29483999999999999 -0.24607999999999999 -0.20283000000000001 -0.15804000000000001 -0.11443 -0.062052999999999997 -0.0031691000000000002 0.063954999999999998 0.14937 0.24989 0.36180000000000001 0.47116999999999998 0.56008999999999998 0.62860000000000005 0.69025000000000003 0.69798000000000004 0.66976000000000002 0.57723000000000002 0.47178999999999999
-0.45667999999999997 -0.45667000000000002 -0.45666000000000001 -0.45665 -0.45662000000000003 -0.45656000000000002 -0.45648 -0.45632 -0.45606999999999998 -0.45567000000000002 -0.45500000000000002 -0.45393 -0.45216000000000001 -0.44933000000000001 -0.44466 -0.43712000000000001 -0.42531999999999998 -0.40669 -0.38113000000000002 -0.34471000000000002 -0.30401 -0.25846000000000002 -0.21609999999999999 -0.17444000000000001 -0.13297999999999999 -0.082996 -0.027438000000000001 0.037749999999999999 0.12325999999999999 0.22206999999999999 0.33406999999999998 0.44029000000000001 0.52227999999999997 0.59109999999999996 0.64529999999999998 0.64712000000000003 0.61358999999999997 0.51614000000000004 0.41602
-0.45856000000000002 -0.45856000000000002 -0.45855000000000001 -0.45852999999999999 -0.45850999999999997 -0.45845999999999998 -0.45839000000000002 -0.45826 -0.45804 -0.45767999999999998 -0.45707999999999999 -0.45612000000000003 -0.45452999999999999 -0.45195999999999997 -0.44775999999999999 -0.44084000000000001 -0.43003999999999998 -0.41259000000000001 -0.38843 -0.35422999999999999 -0.31368000000000001 -0.27138000000000001 -0.22942000000000001 -0.19066 -0.15043999999999999 -0.10333000000000001 -0.050427 0.013282 0.098695000000000005 0.19619 0.30841000000000002 0.41149999999999998 0.48620999999999998 0.55398000000000003 0.60238999999999998 0.60031000000000001 0.55898999999999999 0.45900000000000002 0.36396000000000001
0.90000000000000002 0.02
-0.56952000000000003 -0.63127 -0.70001999999999998 -0.7873 -0.87353000000000003 -0.96706000000000003 -1.0673999999999999 -1.1660999999999999 -1.2654000000000001 -1.3658999999999999 -1.4631000000000001 -1.5557000000000001 -1.6378999999999999 -1.7092000000000001 -1.7662 -1.7907999999999999 -1.7828999999999999 -1.7509999999999999 -1.6957 -1.6119000000000001 -1.5172000000000001 -1.4160999999999999 -1.3685 -1.3395999999999999 -1.3273999999999999 -1.2642 -1.1408 -1.0172000000000001 -0.88704000000000005 -0.74278 -0.59889000000000003 -0.44395000000000001 -0.27161999999999997 -0.10012 0.095680000000000001 0.29482000000000003 0.50024000000000002 0.71123999999999998 0.92047999999999996
-0.40316999999999997 -0.39998 -0.39579999999999999 -0.39563999999999999 -0.39611000000000002 -0.40271000000000001 -0.41291 -0.43374000000000001 -0.45366000000000001 -0.49326999999999999 -0.52470000000000006 -0.56450999999999996 -0.60463 -0.63429999999999997 -0.66069 -0.67869999999999997 -0.68501000000000001 -0.67612000000000005 -0.6512 -0.61721999999999999 -0.57423999999999997 -0.50349999999999995 -0.42949999999999999 -0.35394999999999999 -0.26116 -0.16052 -0.060470999999999997 0.039163999999999997 0.13839000000000001 0.23443 0.32611000000000001 0.44730999999999999 0.57250000000000001 0.69649000000000005 0.82952000000000004 0.96941999999999995 1.1081000000000001 1.2537 1.4084000000000001
-0.41732000000000002 -0.41264000000000001 -0.40605000000000002 -0.39652999999999999 -0.38312000000000002 -0.36370000000000002 -0.33595000000000003 -0.29358000000000001 -0.23984 -0.16697999999999999 -0.073616000000000001 0.03984 0.17066000000000001 0.31696000000000002 0.46714 0.61997000000000002 0.75692000000000004 0.88112000000000001 0.99528000000000005 1.0795999999999999 1.1641999999999999 1.2342 1.2945 1.3537999999999999 1.4127000000000001 1.4702999999999999 1.5265 1.5853999999999999 1.6538999999999999 1.7203999999999999 1.7848999999999999 1.8662000000000001 1.9475 2.0266000000000002 2.1135999999999999 2.2092000000000001 2.3027000000000002 2.3956 2.5030000000000001
-0.39554 -0.39316000000000001 -0.38982 -0.38494 -0.37756000000000001 -0.36607000000000001 -0.34820000000000001 -0.32046999999999998 -0.27855999999999997 -0.21840000000000001 -0.13481000000000001 -0.026415999999999999 0.11104 0.27454000000000001 0.46289000000000002 0.66984999999999995 0.88866999999999996 1.1112 1.3364 1.5467 1.7470000000000001 1.9134 2.0775999999999999 2.1945999999999999 2.3067000000000002 2.4016999999999999 2.4750000000000001 2.5464000000000002 2.6103999999999998 2.6671999999999998 2.722 2.7772999999999999 2.8353000000000002 2.8908999999999998 2.9449999999999998 3.0150999999999999 3.0829 3.1484000000000001 3.2288999999999999
-0.37519999999999998 -0.36749999999999999 -0.36020999999999997 -0.35288000000000003 -0.34327999999999997 -0.33189000000000002 -0.31736999999999999 -0.29599999999999999 -0.26440999999999998 -0.21845000000000001 -0.15390000000000001 -0.066740999999999995 0.043128 0.18092 0.34079999999999999 0.52634000000000003 0.73038000000000003 0.95077 1.1845000000000001 1.4244000000000001 1.6707000000000001 1.9152 2.1524000000000001 2.3776999999999999 2.5819999999999999 2.7660999999999998 2.9192 3.0619000000000001 3.1637 3.2629000000000001 3.3450000000000002 3.4133 3.4796 3.5419999999999998 3.6011000000000002 3.6583000000000001 3.7200000000000002 3.7867999999999999 3.8515999999999999
-0.38790000000000002 -0.38007000000000002 -0.36995 -0.35755999999999999 -0.34267999999999998 -0.32485999999999998 -0.30295 -0.27544999999999997 -0.23921000000000001 -0.19263 -0.13094 -0.051908000000000003 0.042082000000000001 0.16048000000000001 0.30374000000000001 0.46614 0.65688999999999997 0.86199999999999999 1.0862000000000001 1.3193999999999999 1.5609 1.8097000000000001 2.0590000000000002 2.3104 2.5564 2.7921999999999998 3.0148000000000001 3.2149999999999999 3.3973 3.5468000000000002 3.6903999999999999 3.7921 3.891 3.9779 4.0503 4.1201999999999996 4.1879 4.2535999999999996 4.3175999999999997
-0.37734000000000001 -0.37073 -0.35909999999999997 -0.34754000000000002 -0.33355000000000001 -0.31602000000000002 -0.29350999999999999 -0.26757999999999998 -0.23536000000000001 -0.19505 -0.14105000000000001 -0.072279999999999997 0.018089999999999998 0.13037000000000001 0.26823999999999998 0.43379000000000001 0.62238000000000004 0.83714 1.0649999999999999 1.3053999999999999 1.5515000000000001 1.8 2.0529000000000002 2.302 2.5592000000000001 2.8117999999999999 3.0674000000000001 3.3169 3.5600999999999998 3.7854999999999999 3.9975999999999998 4.1797000000000004 4.3456999999999999 4.4851000000000001 4.6025999999999998 4.7126999999999999 4.7896000000000001 4.8654999999999999 4.9427000000000003
-0.37334000000000001 -0.36786999999999997 -0.35943999999999998 -0.34405999999999998 -0.32529000000000002 -0.30280000000000001 -0.27337 -0.23626 -0.19122 -0.13800999999999999 -0.076115000000000002 -0.0020866999999999999 0.084690000000000001 0.19392000000000001 0.32271 0.47941 0.66044999999999998 0.86575999999999997 1.0967 1.3379000000000001 1.5994999999999999 1.8631 2.1305000000000001 2.3961000000000001 2.6564000000000001 2.9184000000000001 3.1743999999999999 3.4359000000000002 3.6894 3.9363000000000001 4.1688000000000001 4.3884999999999996 4.5789999999999997 4.7522000000000002 4.8997999999999999 5.0289000000000001 5.1454000000000004 5.2385999999999999 5.3307000000000002
-0.36348000000000003 -0.35738999999999999 -0.35109000000000001 -0.34271000000000001 -0.32672000000000001 -0.30412 -0.27855999999999997 -0.24234 -0.19472999999999999 -0.13103000000000001 -0.053509000000000001 0.039868000000000001 0.14903 0.27515000000000001 0.42194999999999999 0.58635000000000004 0.77615000000000001 0.98046 1.2032 1.4397 1.6852 1.9446000000000001 2.2042000000000002 2.4756999999999998 2.7442000000000002 3.0133999999999999 3.2806000000000002 3.5426000000000002 3.8018000000000001 4.0514999999999999 4.2900999999999998 4.5147000000000004 4.7176999999999998 4.9043000000000001 5.0667 5.2134 5.3296000000000001 5.4427000000000003 5.5275999999999996
-0.36554999999999999 -0.35948000000000002 -0.35221000000000002 -0.34166000000000002 -0.32449 -0.3049 -0.27977000000000002 -0.24526999999999999 -0.19900000000000001 -0.13786000000000001 -0.058556999999999998 0.038392999999999997 0.15859999999999999 0.29791000000000001 0.46303 0.64859 0.85267999999999999 1.0723 1.3001 1.5411999999999999 1.7835000000000001 2.0341999999999998 2.2884000000000002 2.5468000000000002 2.8117000000000001 3.0737999999999999 3.3403999999999998 3.5996999999999999 3.8536999999999999 4.0972999999999997 4.3305999999999996 4.5481999999999996 4.7565 4.9371 5.1116000000000001 5.2496 5.3842999999999996 5.4833999999999996 5.5740999999999996
-0.35977999999999999 -0.35365000000000002 -0.34650999999999998 -0.33860000000000001 -0.32804 -0.30881999999999998 -0.28177999999999997 -0.25019000000000002 -0.20660999999999999 -0.14867 -0.070018999999999998 0.028289999999999999 0.15037 0.29587000000000002 0.46373999999999999 0.65734999999999999 0.86643000000000003 1.0962000000000001 1.3331999999999999 1.5787 1.8269 2.0748000000000002 2.3269000000000002 2.5764999999999998 2.8334000000000001 3.0876000000000001 3.3422999999999998 3.5922999999999998 3.8357999999999999 4.0662000000000003 4.2881 4.4985999999999997 4.6970999999999998 4.8791000000000002 5.0448000000000004 5.1887999999999996 5.3164999999999996 5.4225000000000003 5.5198999999999998
-0.36154999999999998 -0.35515000000000002 -0.34766000000000002 -0.33879999999999999 -0.32840999999999998 -0.31530000000000002 -0.29258000000000001 -0.25867000000000001 -0.22112999999999999 -0.16991000000000001 -0.1021 -0.011018999999999999 0.10205 0.24435000000000001 0.40984999999999999 0.59872000000000003 0.80761000000000005 1.0277000000000001 1.2642 1.5038 1.7529999999999999 2.0032999999999999 2.2559 2.5078999999999998 2.7566999999999999 3.0026999999999999 3.2433000000000001 3.4781 3.7046999999999999 3.9220000000000002 4.1280999999999999 4.3258999999999999 4.5087000000000002 4.6844000000000001 4.8407999999999998 4.9878999999999998 5.1120999999999999 5.2264999999999997 5.3155999999999999
-0.35686000000000001 -0.35087000000000002 -0.34386 -0.33513999999999999 -0.32472000000000001 -0.31047000000000002 -0.28811999999999999 -0.26102999999999998 -0.22717999999999999 -0.17996000000000001 -0.11745 -0.034556000000000003 0.070775000000000005 0.19811999999999999 0.35208 0.52388999999999997 0.72131999999999996 0.93284999999999996 1.1600999999999999 1.3991 1.6423000000000001 1.8949 2.1452 2.3980000000000001 2.6467000000000001 2.8927 3.1328 3.3681000000000001 3.5911 3.8054999999999999 4.0045999999999999 4.1929999999999996 4.3693 4.5307000000000004 4.6799999999999997 4.8125999999999998 4.9367999999999999 5.0347999999999997 5.1268000000000002
-0.34190999999999999 -0.33585999999999999 -0.32900000000000001 -0.32096000000000002 -0.31114000000000003 -0.29672999999999999 -0.27599000000000001 -0.25153999999999999 -0.21906999999999999 -0.1759 -0.11798 -0.044170000000000001 0.053939000000000001 0.17236000000000001 0.31706000000000001 0.48371999999999998 0.66908000000000001 0.87541999999999998 1.0900000000000001 1.3253999999999999 1.5645 1.8139000000000001 2.0657999999999999 2.3176000000000001 2.5688 2.8147000000000002 3.0571999999999999 3.2926000000000002 3.5194000000000001 3.7321 3.9321999999999999 4.1128999999999998 4.2815000000000003 4.4298999999999999 4.5648 4.6835000000000004 4.7881999999999998 4.8779000000000003 4.9568000000000003
-0.31981999999999999 -0.31423000000000001 -0.30729000000000001 -0.29920999999999998 -0.28977000000000003 -0.27854000000000001 -0.26261000000000001 -0.23735000000000001 -0.20527000000000001 -0.16521 -0.10940999999999999 -0.038032000000000003 0.053742999999999999 0.16768 0.30188999999999999 0.46260000000000001 0.63897000000000004 0.84072999999999998 1.0543 1.2809999999999999 1.52 1.7623 2.0160999999999998 2.2667000000000002 2.5196000000000001 2.7669000000000001 3.0097 3.2444999999999999 3.472 3.6812999999999998 3.8782999999999999 4.0518999999999998 4.2092000000000001 4.3465999999999996 4.4646999999999997 4.5693000000000001 4.6574 4.7388000000000003 4.8067000000000002
-0.26633000000000001 -0.26205000000000001 -0.25681999999999999 -0.25046000000000002 -0.24215 -0.23222999999999999 -0.21601999999999999 -0.19328000000000001 -0.1653 -0.12823000000000001 -0.077710000000000001 -0.0091271000000000008 0.076612 0.18884999999999999 0.31892999999999999 0.47524 0.64936000000000005 0.84094000000000002 1.0508 1.2672000000000001 1.5044999999999999 1.7426999999999999 1.9913000000000001 2.2402000000000002 2.4887999999999999 2.7355999999999998 2.9759000000000002 3.2084000000000001 3.4291999999999998 3.6341000000000001 3.8191000000000002 3.9845000000000002 4.1300999999999997 4.2606999999999999 4.3638000000000003 4.4569999999999999 4.5351999999999997 4.6075999999999997 4.6704999999999997
-0.20887 -0.20261999999999999 -0.19539999999999999 -0.18737999999999999 -0.17813999999999999 -0.16788 -0.15232999999999999 -0.13161 -0.10623 -0.070587999999999998 -0.025339 0.039958 0.11913 0.22328999999999999 0.34702 0.49302000000000001 0.66386999999999996 0.84699000000000002 1.0559000000000001 1.2699 1.5 1.7363999999999999 1.9781 2.2250999999999999 2.4685000000000001 2.7132000000000001 2.9487999999999999 3.1751999999999998 3.3855 3.5807000000000002 3.7515999999999998 3.9087000000000001 4.0434000000000001 4.1628999999999996 4.2591999999999999 4.3441999999999998 4.4181999999999997 4.4836 4.5430000000000001
-0.10489999999999999 -0.085399000000000003 -0.065571000000000004 -0.044912000000000001 -0.0235 7.8776999999999995e-05 0.025406999999999999 0.054501000000000001 0.086529999999999996 0.12711 0.17623 0.23472999999999999 0.31040000000000001 0.39277000000000001 0.50436000000000003 0.62509999999999999 0.77059 0.93384999999999996 1.1107 1.3134999999999999 1.5198 1.7466999999999999 1.9733000000000001 2.2054999999999998 2.4373 2.6648000000000001 2.8816999999999999 3.0828000000000002 3.2603 3.419 3.5609999999999999 3.6886999999999999 3.8075999999999999 3.9085999999999999 4.0037000000000003 4.0792000000000002 4.1494 4.2061999999999999 4.2625000000000002
-0.15076000000000001 -0.12184 -0.090370000000000006 -0.056911999999999997 -0.020230999999999999 0.020362000000000002 0.064923999999999996 0.11301 0.16646 0.22353999999999999 0.29178999999999999 0.36591000000000001 0.45332 0.55130999999999997 0.65788999999999997 0.78039999999999998 0.90203 1.0499000000000001 1.2001999999999999 1.3731 1.5603 1.7579 1.9714 2.1825999999999999 2.3990999999999998 2.6053000000000002 2.8003999999999998 2.9735999999999998 3.1259999999999999 3.2568999999999999 3.3746999999999998 3.4853999999999998 3.5899000000000001 3.6897000000000002 3.7797999999999998 3.8628999999999998 3.9335 4.0007000000000001 4.0735999999999999
-0.32050000000000001 -0.29816999999999999 -0.27206999999999998 -0.24066000000000001 -0.20555000000000001 -0.16428000000000001 -0.11738999999999999 -0.063006999999999994 -0.00077519999999999998 0.070397000000000001 0.15322 0.24840999999999999 0.35719000000000001 0.47852 0.60977000000000003 0.74646999999999997 0.89276 1.0383 1.2007000000000001 1.3636999999999999 1.5385 1.7192000000000001 1.9014 2.0912000000000002 2.2736999999999998 2.4521999999999999 2.6143999999999998 2.7578999999999998 2.8799000000000001 2.9862000000000002 3.0827 3.1747000000000001 3.2688999999999999 3.3609 3.4514 3.5396000000000001 3.6263000000000001 3.7240000000000002 3.8302999999999998
-0.39544000000000001 -0.38657999999999998 -0.37502000000000002 -0.35943000000000003 -0.33850999999999998 -0.31246000000000002 -0.27827000000000002 -0.23771999999999999 -0.18704000000000001 -0.12708 -0.056211999999999998 0.027890999999999999 0.12512999999999999 0.23968 0.37169999999999997 0.52227000000000001 0.68886000000000003 0.86639999999999995 1.0478000000000001 1.2344999999999999 1.4179999999999999 1.6055999999999999 1.7883 1.9681999999999999 2.1415999999999999 2.3041999999999998 2.4504999999999999 2.5792999999999999 2.6875 2.7835000000000001 2.8714 2.9588000000000001 3.0453000000000001 3.1377000000000002 3.2311000000000001 3.3300000000000001 3.4358 3.5466000000000002 3.6779000000000002
-0.41087000000000001 -0.40784999999999999 -0.40328999999999998 -0.39723999999999998 -0.38824999999999998 -0.37569999999999998 -0.35786000000000001 -0.33228000000000002 -0.29815000000000003 -0.25134000000000001 -0.19297 -0.11858 -0.027803000000000001 0.080795000000000006 0.21009 0.35879 0.52805999999999997 0.71367999999999998 0.91003999999999996 1.1113999999999999 1.3122 1.5069999999999999 1.6960999999999999 1.8734 2.0417999999999998 2.1939000000000002 2.3294000000000001 2.444 2.5436999999999999 2.6322000000000001 2.7160000000000002 2.8008999999999999 2.8889999999999998 2.9826000000000001 3.0844 3.1880000000000002 3.3056999999999999 3.4306999999999999 3.5659999999999998
-0.41621000000000002 -0.41472999999999999 -0.41292000000000001 -0.41038999999999998 -0.40704000000000001 -0.40205999999999997 -0.3952 -0.38564999999999999 -0.37211 -0.35287000000000002 -0.32423999999999997 -0.28290999999999999 -0.22277 -0.13711000000000001 -0.020622999999999999 0.13088 0.31402000000000002 0.5232 0.74453000000000003 0.96926999999999996 1.1877 1.393 1.5844 1.7562 1.911 2.0463 2.1631999999999998 2.2629000000000001 2.3508 2.4316 2.5163000000000002 2.6015999999999999 2.6972999999999998 2.7972999999999999 2.9007000000000001 3.0163000000000002 3.1358999999999999 3.2711000000000001 3.4123000000000001
-0.41841 -0.41732000000000002 -0.41589999999999999 -0.41392000000000001 -0.41091 -0.40709000000000001 -0.40196999999999999 -0.39534999999999998 -0.38625999999999999 -0.37374000000000002 -0.35587000000000002 -0.32987 -0.29250999999999999 -0.2382 -0.15859000000000001 -0.045218000000000001 0.11133999999999999 0.31163000000000002 0.54747000000000001 0.79627000000000003 1.0450999999999999 1.2721 1.4762999999999999 1.6546000000000001 1.8056000000000001 1.9394 2.0485000000000002 2.1465000000000001 2.2336 2.3201999999999998 2.4066000000000001 2.4994000000000001 2.5916000000000001 2.6922999999999999 2.7953000000000001 2.9045000000000001 3.0295000000000001 3.1617999999999999 3.3026
-0.41742000000000001 -0.41671000000000002 -0.41549000000000003 -0.41394999999999998 -0.41165000000000002 -0.40859000000000001 -0.40443000000000001 -0.39843000000000001 -0.39045999999999997 -0.37945000000000001 -0.36476999999999998 -0.34445999999999999 -0.31570999999999999 -0.27390999999999999 -0.21304999999999999 -0.12421 -0.0005932 0.16853000000000001 0.37933 0.62514000000000003 0.87919999999999998 1.133 1.3487 1.5447 1.702 1.8378000000000001 1.9543999999999999 2.0564 2.1499999999999999 2.2440000000000002 2.3353000000000002 2.4283999999999999 2.5225 2.6156000000000001 2.7191000000000001 2.8248000000000002 2.9487999999999999 3.0838999999999999 3.2143000000000002
-0.41702 -0.41617999999999999 -0.41504000000000002 -0.41352 -0.41156999999999999 -0.40864 -0.40497 -0.39971000000000001 -0.39284000000000002 -0.38329000000000002 -0.37001000000000001 -0.35137000000000002 -0.32507000000000003 -0.28803000000000001 -0.23558000000000001 -0.16012999999999999 -0.053495000000000001 0.091631000000000004 0.28098000000000001 0.50573999999999997 0.75331999999999999 1.0017 1.2347999999999999 1.4354 1.6120000000000001 1.7516 1.8775999999999999 1.9863 2.0897000000000001 2.1890000000000001 2.2854000000000001 2.3769999999999998 2.4697 2.5609999999999999 2.657 2.7673999999999999 2.8874 3.0169999999999999 3.1358000000000001
-0.41563 -0.41442000000000001 -0.41319 -0.41154000000000002 -0.40971999999999997 -0.40712999999999999 -0.4037 -0.39906999999999998 -0.39248 -0.38353999999999999 -0.37069999999999997 -0.35327999999999998 -0.32872000000000001 -0.29410999999999998 -0.24512 -0.17685000000000001 -0.080171999999999993 0.049346000000000001 0.22059999999999999 0.42734 0.66322999999999999 0.90468000000000004 1.1449 1.3478000000000001 1.5327999999999999 1.6834 1.8168 1.9346000000000001 2.0453000000000001 2.1497999999999999 2.2473000000000001 2.3389000000000002 2.4257 2.5156999999999998 2.6029 2.7168000000000001 2.8340999999999998 2.9529999999999998 3.0600999999999998
-0.41491 -0.41306999999999999 -0.41117999999999999 -0.40894000000000003 -0.40638999999999997 -0.40344000000000002 -0.39961000000000002 -0.39513999999999999 -0.38883000000000001 -0.38059999999999999 -0.36884 -0.35219 -0.32876 -0.29574 -0.24892 -0.18387999999999999 -0.093019000000000004 0.02862 0.18633 0.38095000000000001 0.60272000000000003 0.83792999999999995 1.0701000000000001 1.2823 1.4690000000000001 1.633 1.7716000000000001 1.8985000000000001 2.0131999999999999 2.1196000000000002 2.2166000000000001 2.3050000000000002 2.3851 2.4723999999999999 2.5617000000000001 2.6665999999999999 2.7805 2.8915999999999999 2.9895999999999998
-0.41569 -0.41327999999999998 -0.41050999999999999 -0.40749000000000002 -0.40383999999999998 -0.40006999999999998 -0.39529999999999998 -0.38997999999999999 -0.38329999999999997 -0.37476999999999999 -0.36365999999999998 -0.34811999999999999 -0.32679999999999998 -0.29592000000000002 -0.25180000000000002 -0.18926999999999999 -0.10264 0.01541 0.16536000000000001 0.35210000000000002 0.56345000000000001 0.79176999999999997 1.0169999999999999 1.2339 1.4219999999999999 1.5951 1.7385999999999999 1.8713 1.9905999999999999 2.0952000000000002 2.1871999999999998 2.2696999999999998 2.3472 2.4279000000000002 2.5184000000000002 2.6171000000000002 2.7269999999999999 2.8331 2.9232999999999998
-0.42063 -0.41898000000000002 -0.41650999999999999 -0.41309000000000001 -0.40843000000000002 -0.40215000000000001 -0.39459 -0.38483000000000001 -0.37447999999999998 -0.36182999999999998 -0.34721000000000002 -0.32943 -0.30674000000000001 -0.27739999999999998 -0.23724999999999999 -0.18143999999999999 -0.10428 0.0014369999999999999 0.14002000000000001 0.31067 0.51043000000000005 0.72599000000000002 0.94406000000000001 1.1551 1.3520000000000001 1.5265 1.6839 1.8177000000000001 1.9337 2.0228999999999999 2.1009000000000002 2.1695000000000002 2.2408999999999999 2.3127 2.4007999999999998 2.4990000000000001 2.6008 2.6974999999999998 2.7709999999999999
-0.42298999999999998 -0.42231000000000002 -0.42116999999999999 -0.41944999999999999 -0.41694999999999999 -0.41316999999999998 -0.40766999999999998 -0.39961000000000002 -0.38790999999999998 -0.37269000000000002 -0.35188999999999998 -0.32795999999999997 -0.29820999999999998 -0.26273999999999997 -0.21878 -0.16288 -0.089691000000000007 0.0058307999999999997 0.13274 0.29026000000000002 0.47902 0.68650999999999995 0.90259 1.1093 1.3041 1.4728000000000001 1.6214999999999999 1.7467999999999999 1.8432999999999999 1.9229000000000001 1.9913000000000001 2.0558000000000001 2.1231 2.2010000000000001 2.2873000000000001 2.3866000000000001 2.4885999999999999 2.5800999999999998 2.6419000000000001
-0.42369000000000001 -0.42327999999999999 -0.42270999999999997 -0.42191000000000001 -0.42061999999999999 -0.41848000000000002 -0.41531000000000001 -0.41059000000000001 -0.40323999999999999 -0.39212999999999998 -0.37540000000000001 -0.35083999999999999 -0.31772 -0.27279999999999999 -0.21955 -0.15307000000000001 -0.072892999999999999 0.026317 0.14871999999999999 0.29993999999999998 0.47570000000000001 0.67396999999999996 0.87746000000000002 1.075 1.254 1.4126000000000001 1.5427999999999999 1.6526000000000001 1.7344999999999999 1.8073999999999999 1.8734 1.9408000000000001 2.0091000000000001 2.0931000000000002 2.1871 2.2888999999999999 2.3898000000000001 2.4739 2.528
-0.42418 -0.42386000000000001 -0.42341000000000001 -0.42277999999999999 -0.42187999999999998 -0.42060999999999998 -0.41859000000000002 -0.41555999999999998 -0.41084999999999999 -0.40348000000000001 -0.3921 -0.37396000000000001 -0.34658 -0.30552000000000001 -0.24757999999999999 -0.17232 -0.078003000000000003 0.031627000000000002 0.16145000000000001 0.31213999999999997 0.48260999999999998 0.66869000000000001 0.85682999999999998 1.0379 1.198 1.3384 1.4522999999999999 1.5457000000000001 1.6215999999999999 1.6922999999999999 1.7594000000000001 1.8317000000000001 1.9084000000000001 1.9931000000000001 2.0975999999999999 2.2054 2.3054999999999999 2.3816999999999999 2.4270999999999998
-0.42482999999999999 -0.42454999999999998 -0.42415000000000003 -0.42360999999999999 -0.42286000000000001 -0.42181999999999997 -0.42035 -0.41814000000000001 -0.41477999999999998 -0.40950999999999999 -0.40121000000000001 -0.38813999999999999 -0.36734 -0.33476 -0.28388999999999998 -0.21101 -0.11071 0.010437999999999999 0.152 0.30869000000000002 0.47821000000000002 0.65508 0.82772000000000001 0.98973999999999995 1.1332 1.2564 1.3603000000000001 1.4427000000000001 1.5145 1.5857000000000001 1.6565000000000001 1.732 1.8162 1.9091 2.0190999999999999 2.1299999999999999 2.2267999999999999 2.2997000000000001 2.3367
-0.42537000000000003 -0.42514999999999997 -0.42482999999999999 -0.42437000000000002 -0.42370999999999998 -0.42279 -0.42149999999999999 -0.41964000000000001 -0.41693999999999998 -0.4128 -0.40631 -0.39606000000000002 -0.37967000000000001 -0.35360000000000003 -0.31207000000000001 -0.24786 -0.15493000000000001 -0.030123 0.11677 0.28371000000000002 0.45236999999999999 0.624 0.78386999999999996 0.93130000000000002 1.0636000000000001 1.1745000000000001 1.2724 1.3473999999999999 1.4182999999999999 1.4890000000000001 1.5640000000000001 1.6426000000000001 1.734 1.8369 1.9508000000000001 2.0617000000000001 2.1555 2.2240000000000002 2.2562000000000002
-0.42581999999999998 -0.42564000000000002 -0.42538999999999999 -0.42499999999999999 -0.42444999999999999 -0.42365000000000003 -0.42249999999999999 -0.42087000000000002 -0.41849999999999998 -0.41494999999999999 -0.40947 -0.40090999999999999 -0.38723000000000002 -0.36545 -0.33080999999999999 -0.27583999999999997 -0.19348000000000001 -0.075218999999999994 0.069667999999999994 0.2392 0.40984999999999999 0.57686999999999999 0.72950000000000004 0.86668000000000001 0.99095 1.095 1.1871 1.2613000000000001 1.3327 1.4019999999999999 1.4817 1.5668 1.6649 1.7748999999999999 1.8899999999999999 2.0002 2.0912999999999999 2.1543000000000001 2.1861000000000002
-0.42620000000000002 -0.42604999999999998 -0.42582999999999999 -0.42549999999999999 -0.42503999999999997 -0.42435 -0.42336000000000001 -0.42193000000000003 -0.41982000000000003 -0.41667999999999999 -0.41184999999999999 -0.40444000000000002 -0.39267000000000002 -0.37380999999999998 -0.34377999999999997 -0.29618 -0.22356000000000001 -0.11741 0.021690999999999998 0.18628 0.36060999999999999 0.52176999999999996 0.67123999999999995 0.80056000000000005 0.91817000000000004 1.0205 1.1089 1.1841999999999999 1.2556 1.3249 1.4084000000000001 1.4999 1.6015999999999999 1.7171000000000001 1.8346 1.9455 2.0327999999999999 2.0903 2.1257000000000001
-0.42687999999999998 -0.42676999999999998 -0.42660999999999999 -0.42637000000000003 -0.42601 -0.42549999999999999 -0.42473 -0.42359999999999998 -0.42188999999999999 -0.41931000000000002 -0.41538000000000003 -0.40933000000000003 -0.39996999999999999 -0.38501999999999997 -0.36142000000000002 -0.32391999999999999 -0.26582 -0.18017 -0.060040000000000003 0.085424 0.25191000000000002 0.4052 0.55079 0.67574000000000001 0.78659999999999997 0.88758999999999999 0.97221000000000002 1.0505 1.1207 1.1973 1.2830999999999999 1.3861000000000001 1.4977 1.6183000000000001 1.7383 1.8443000000000001 1.9279999999999999 1.9778 2.0123000000000002
-0.42741000000000001 -0.42732999999999999 -0.42720999999999998 -0.42701 -0.42671999999999999 -0.42627999999999999 -0.42563000000000001 -0.42469000000000001 -0.42330000000000001 -0.42120000000000002 -0.41800999999999999 -0.41303000000000001 -0.40528999999999998 -0.39299000000000001 -0.37334000000000001 -0.34239000000000003 -0.29389999999999999 -0.22236 -0.12103999999999999 0.0074149999999999997 0.15393999999999999 0.30404999999999999 0.44077 0.56859999999999999 0.67327000000000004 0.77080000000000004 0.85611999999999999 0.93472 1.0078 1.0925 1.1837 1.2908999999999999 1.4098999999999999 1.5338000000000001 1.6540999999999999 1.7574000000000001 1.8367 1.8887 1.9067000000000001
-0.42785000000000001 -0.42779 -0.42770000000000002 -0.42756 -0.42732999999999999 -0.42698000000000003 -0.42646000000000001 -0.42565999999999998 -0.42448000000000002 -0.42270000000000002 -0.42000999999999999 -0.41582000000000002 -0.40922999999999998 -0.39887 -0.38217000000000001 -0.35608000000000001 -0.31513999999999998 -0.25394 -0.16743 -0.053253000000000002 0.077017000000000002 0.22076999999999999 0.34781000000000001 0.46994999999999998 0.57445000000000002 0.66913999999999996 0.75541000000000003 0.83467000000000002 0.91308999999999996 1.0007999999999999 1.0989 1.2083999999999999 1.3339000000000001 1.4609000000000001 1.5827 1.6819999999999999 1.7572000000000001 1.8070999999999999 1.8113999999999999
-0.42820000000000003 -0.42814999999999998 -0.42807000000000001 -0.42795 -0.42775999999999997 -0.42747000000000002 -0.42703999999999998 -0.42638999999999999 -0.4254 -0.42387999999999998 -0.42154999999999998 -0.41798000000000002 -0.4123 -0.40344999999999998 -0.38919999999999999 -0.36670000000000003 -0.33165 -0.27848000000000001 -0.20351 -0.10199999999999999 0.014959999999999999 0.14460999999999999 0.26906000000000002 0.38440000000000002 0.48947000000000002 0.58087999999999995 0.66732999999999998 0.74812999999999996 0.83164000000000005 0.92045999999999994 1.0254000000000001 1.1408 1.2677 1.3971 1.5159 1.6146 1.6850000000000001 1.7317 1.7199
-0.42893999999999999 -0.42886000000000002 -0.42876999999999998 -0.42864000000000002 -0.42846000000000001 -0.42818000000000001 -0.42781999999999998 -0.42727999999999999 -0.42646000000000001 -0.42514999999999997 -0.42312 -0.41999999999999998 -0.41509000000000001 -0.40736 -0.39506000000000002 -0.37547000000000003 -0.34521000000000002 -0.29870000000000002 -0.23308000000000001 -0.14413000000000001 -0.036373999999999997 0.081571000000000005 0.20265 0.31119000000000002 0.41528999999999999 0.50416000000000005 0.59016999999999997 0.67269999999999996 0.75953000000000004 0.85048000000000001 0.96084999999999998 1.0810999999999999 1.2102999999999999 1.3406 1.4571000000000001 1.5529999999999999 1.6205000000000001 1.6627000000000001 1.6321000000000001
-0.42962 -0.42953999999999998 -0.42942999999999998 -0.42926999999999998 -0.42904999999999999 -0.42874000000000001 -0.42836999999999997 -0.4279 -0.42716999999999999 -0.42603000000000002 -0.42424000000000001 -0.42148999999999998 -0.41718 -0.41034999999999999 -0.39960000000000001 -0.38229000000000002 -0.35576999999999998 -0.31512000000000001 -0.25667000000000001 -0.17781 -0.078595999999999999 0.029395000000000001 0.14582000000000001 0.24867 0.34883999999999998 0.43784000000000001 0.52337 0.60729999999999995 0.69586000000000003 0.79181999999999997 0.90427999999999997 1.0291999999999999 1.1607000000000001 1.2901 1.4045000000000001 1.4964 1.5631999999999999 1.5941000000000001 1.5517000000000001
-0.43028 -0.43018000000000001 -0.43006 -0.42987999999999998 -0.42959999999999998 -0.42924000000000001 -0.42881999999999998 -0.42836000000000002 -0.42764999999999997 -0.42658000000000001 -0.42493999999999998 -0.42243000000000003 -0.41857 -0.41243000000000002 -0.40288000000000002 -0.38761000000000001 -0.36401 -0.32815 -0.27572999999999998 -0.20512 -0.11357 -0.014047 0.094106999999999996 0.19545000000000001 0.29161999999999999 0.38097999999999999 0.46572000000000002 0.55074000000000001 0.64000000000000001 0.74058999999999997 0.85509000000000002 0.98453999999999997 1.1168 1.2444999999999999 1.3569 1.4446000000000001 1.5095000000000001 1.5302 1.4803999999999999
-0.43089 -0.43080000000000002 -0.43067 -0.43047999999999997 -0.43015999999999999 -0.42978 -0.42927999999999999 -0.42876999999999998 -0.42799999999999999 -0.42687999999999998 -0.42526000000000003 -0.42285 -0.41931000000000002 -0.41371999999999998 -0.40510000000000002 -0.39146999999999998 -0.37024000000000001 -0.33823999999999999 -0.29085 -0.22706000000000001 -0.14394000000000001 -0.050057999999999998 0.050647999999999999 0.14999999999999999 0.24235000000000001 0.33237 0.41594999999999999 0.50178999999999996 0.59111000000000002 0.69611999999999996 0.81430000000000002 0.94596000000000002 1.0766 1.2018 1.3136000000000001 1.3964000000000001 1.4590000000000001 1.4705999999999999 1.4131
-0.43201000000000001 -0.43192999999999998 -0.43180000000000002 -0.43160999999999999 -0.43134 -0.43096000000000001 -0.43043999999999999 -0.42978 -0.42886999999999997 -0.42753000000000002 -0.42580000000000001 -0.42326000000000003 -0.41981000000000002 -0.41474 -0.40712999999999999 -0.39567000000000002 -0.37780000000000002 -0.35143999999999997 -0.31237999999999999 -0.25830999999999998 -0.18853 -0.10397000000000001 -0.015387 0.079355999999999996 0.16552 0.25245000000000001 0.33589999999999998 0.42171999999999998 0.51073000000000002 0.62397000000000002 0.74783999999999995 0.87909999999999999 1.0059 1.1252 1.2310000000000001 1.3112999999999999 1.3649 1.3528 1.2906
-0.43303000000000003 -0.43295 -0.43282999999999999 -0.43267 -0.43245 -0.43212 -0.43165999999999999 -0.43096000000000001 -0.42997999999999997 -0.42853999999999998 -0.42655999999999999 -0.42381000000000002 -0.41991000000000001 -0.41471000000000002 -0.40703 -0.39654 -0.38069999999999998 -0.35757 -0.32413999999999998 -0.27675 -0.21628 -0.14025000000000001 -0.060122000000000002 0.025839000000000001 0.11045000000000001 0.19316 0.27546999999999999 0.35948000000000002 0.45334000000000002 0.56805000000000005 0.69466000000000006 0.82296999999999998 0.94481000000000004 1.0598000000000001 1.1580999999999999 1.2347999999999999 1.276 1.2484 1.1791
-0.43395 -0.43387999999999999 -0.43379000000000001 -0.43364999999999998 -0.43345 -0.43315999999999999 -0.43275999999999998 -0.43215999999999999 -0.43125000000000002 -0.42987999999999998 -0.42782999999999999 -0.42498999999999998 -0.42071999999999998 -0.41516999999999998 -0.40711999999999998 -0.39624999999999999 -0.38109999999999999 -0.35935 -0.32939000000000002 -0.28682999999999997 -0.23254 -0.16517000000000001 -0.089835999999999999 -0.011438 0.070671999999999999 0.14716000000000001 0.22614000000000001 0.30997999999999998 0.40915000000000001 0.52368999999999999 0.6492 0.77356000000000003 0.89244999999999997 1.0023 1.0928 1.1660999999999999 1.1952 1.1577 1.0728
-0.43562000000000001 -0.43558000000000002 -0.43551000000000001 -0.43540000000000001 -0.43524000000000002 -0.435 -0.43464999999999998 -0.43414000000000003 -0.43336999999999998 -0.43219000000000002 -0.43032999999999999 -0.42759000000000003 -0.42346 -0.41748000000000002 -0.40916999999999998 -0.39717999999999998 -0.38190000000000002 -0.36014000000000002 -0.33204 -0.29360000000000003 -0.24362 -0.18401000000000001 -0.11371000000000001 -0.043645000000000003 0.031406999999999997 0.1031 0.17913000000000001 0.26100000000000001 0.35598999999999997 0.46773999999999999 0.59643000000000002 0.71752000000000005 0.83133999999999997 0.93332000000000004 1.0189999999999999 1.0883 1.0975999999999999 1.0543 0.95318000000000003
-0.43709999999999999 -0.43707000000000001 -0.43702999999999997 -0.43695000000000001 -0.43681999999999999 -0.43663000000000002 -0.43634000000000001 -0.43591000000000002 -0.43525999999999998 -0.43425999999999998 -0.43269999999999997 -0.43024000000000001 -0.42649999999999999 -0.42064000000000001 -0.41244999999999998 -0.40012999999999999 -0.38408999999999999 -0.36212 -0.33341999999999999 -0.29708000000000001 -0.24907000000000001 -0.19494 -0.13097 -0.066111000000000003 0.0013281 0.067983000000000002 0.14166999999999999 0.22239 0.31539 0.42773 0.54842999999999997 0.66757 0.77812000000000003 0.87434000000000001 0.95382 1.0124 1.0065 0.95894000000000001 0.84567999999999999
-0.43844 -0.43841999999999998 -0.43837999999999999 -0.43833 -0.43823000000000001 -0.43808000000000002 -0.43785000000000002 -0.43748999999999999 -0.43694 -0.43608999999999998 -0.43476999999999999 -0.43264000000000002 -0.42935000000000001 -0.42407 -0.41625000000000001 -0.40454000000000001 -0.38785999999999998 -0.36587999999999998 -0.33563999999999999 -0.30041000000000001 -0.25427 -0.20243 -0.14441000000000001 -0.084241999999999997 -0.023708 0.037819999999999999 0.10985 0.18876999999999999 0.27792 0.38968000000000003 0.50527 0.62316000000000005 0.73021000000000003 0.81744000000000006 0.89451000000000003 0.94305000000000005 0.92735000000000001 0.86926999999999999 0.74863999999999997
-0.43964999999999999 -0.43963999999999998 -0.43961 -0.43957000000000002 -0.4395 -0.43937999999999999 -0.43919000000000002 -0.43889 -0.43842999999999999 -0.43769999999999998 -0.43657000000000001 -0.43475000000000003 -0.43187999999999999 -0.42725999999999997 -0.42002 -0.40917999999999999 -0.39262999999999998 -0.37102000000000002 -0.34056999999999998 -0.30482999999999999 -0.26024000000000003 -0.20901 -0.15642 -0.10051 -0.046732000000000003 0.011436999999999999 0.080972000000000002 0.15714 0.24460999999999999 0.35348000000000002 0.46609 0.58209 0.68798999999999999 0.76346000000000003 0.83972999999999998 0.87844999999999995 0.85562000000000005 0.78549999999999998 0.66259000000000001
-0.44119000000000003 -0.44118000000000002 -0.44116 -0.44113000000000002 -0.44107000000000002 -0.44097999999999998 -0.44083 -0.44058000000000003 -0.44018000000000002 -0.43956000000000001 -0.43858000000000003 -0.43701000000000001 -0.43448999999999999 -0.43045 -0.42388999999999999 -0.41399999999999998 -0.39843000000000001 -0.37723000000000001 -0.34771999999999997 -0.31076999999999999 -0.26755000000000001 -0.21609 -0.16864000000000001 -0.11737 -0.068035999999999999 -0.012095 0.053973 0.12667 0.21310999999999999 0.31835000000000002 0.42969000000000002 0.54249999999999998 0.64476 0.71367000000000003 0.78920999999999997 0.81423000000000001 0.78910999999999998 0.70869000000000004 0.59219999999999995
-0.44262000000000001 -0.44261 -0.44258999999999998 -0.44257000000000002 -0.44252999999999998 -0.44245000000000001 -0.44231999999999999 -0.44212000000000001 -0.44178000000000001 -0.44124000000000002 -0.44039 -0.43902000000000002 -0.43680000000000002 -0.43325000000000002 -0.42736000000000002 -0.41837000000000002 -0.40422000000000002 -0.38355 -0.35535 -0.31759999999999999 -0.27578999999999998 -0.22523000000000001 -0.18104999999999999 -0.1338 -0.088469999999999993 -0.034314999999999998 0.028181999999999999 0.097459000000000004 0.18328 0.28554000000000002 0.39602999999999999 0.50641000000000003 0.60160999999999998 0.67000000000000004 0.73897999999999997 0.75334000000000001 0.72607999999999995 0.63768000000000002 0.52722000000000002
-0.44394 -0.44394 -0.44392999999999999 -0.44391000000000003 -0.44386999999999999 -0.44380999999999998 -0.44369999999999998 -0.44352999999999998 -0.44324000000000002 -0.44277 -0.44202000000000002 -0.44081999999999999 -0.43884000000000001 -0.43569000000000002 -0.43047999999999997 -0.42225000000000001 -0.40938000000000002 -0.38963999999999999 -0.36287000000000003 -0.32493 -0.28460999999999997 -0.23702999999999999 -0.19417000000000001 -0.15023 -0.10712000000000001 -0.054939000000000002 0.0033226000000000002 0.069740999999999997 0.15540999999999999 0.25546999999999997 0.36701 0.47467999999999999 0.56074000000000002 0.62958999999999998 0.69086000000000003 0.69662000000000002 0.66715999999999998 0.57199999999999995 0.46727999999999997
-0.44518999999999997 -0.44518000000000002 -0.44517000000000001 -0.44514999999999999 -0.44512000000000002 -0.44507000000000002 -0.44497999999999999 -0.44483 -0.44457999999999998 -0.44418000000000002 -0.44351000000000002 -0.44244 -0.44068000000000002 -0.43785000000000002 -0.43319999999999997 -0.42566999999999999 -0.41393000000000002 -0.39529999999999998 -0.36997999999999998 -0.33411000000000002 -0.29361999999999999 -0.24926999999999999 -0.20727000000000001 -0.16647999999999999 -0.12537000000000001 -0.075678999999999996 -0.020698000000000001 0.043674999999999999 0.12952 0.22786000000000001 0.33953 0.44401000000000002 0.52307999999999999 0.59228999999999998 0.64602999999999999 0.64664999999999995 0.60994000000000004 0.51071 0.41155999999999998
-0.44707000000000002 -0.44706000000000001 -0.44706000000000001 -0.44703999999999999 -0.44701999999999997 -0.44696999999999998 -0.44689000000000001 -0.44675999999999999 -0.44653999999999999 -0.44618999999999998 -0.44558999999999999 -0.44463000000000003 -0.44305 -0.44047999999999998 -0.43630000000000002 -0.42938999999999999 -0.41863 -0.40133000000000002 -0.37719999999999998 -0.34350000000000003 -0.30314000000000002 -0.26201000000000002 -0.22040000000000001 -0.18254999999999999 -0.14265 -0.095919000000000004 -0.043639999999999998 0.019657000000000001 0.10516 0.20218 0.31347999999999998 0.41542000000000001 0.48714000000000002 0.55532999999999999 0.60316999999999998 0.59972999999999999 0.55515000000000003 0.45351999999999998 0.35943999999999998
0.94999999999999996 0.02
-0.5524 -0.61411000000000004 -0.68535000000000001 -0.77256999999999998 -0.85872999999999999 -0.95376000000000005 -1.0541 -1.1527000000000001 -1.2525999999999999 -1.3532999999999999 -1.4509000000000001 -1.5439000000000001 -1.6286 -1.7039 -1.7672000000000001 -1.8017000000000001 -1.8092999999999999 -1.7936000000000001 -1.7502 -1.6763999999999999 -1.5898000000000001 -1.4951000000000001 -1.4330000000000001 -1.3759999999999999 -1.3255999999999999 -1.2339 -1.111 -0.98795999999999995 -0.85712999999999995 -0.71396999999999999 -0.57118000000000002 -0.41609000000000002 -0.24543999999999999 -0.075588000000000002 0.11942 0.31686999999999999 0.52117999999999998 0.73106000000000004 0.93940000000000001
-0.37978000000000001 -0.37683 -0.37317 -0.37274000000000002 -0.37429000000000001 -0.38038 -0.39251000000000003 -0.41270000000000001 -0.43507000000000001 -0.47399999999999998 -0.50461999999999996 -0.54622000000000004 -0.58550999999999997 -0.61429 -0.64090999999999998 -0.65810999999999997 -0.66371999999999998 -0.65383999999999998 -0.62943000000000005 -0.59628999999999999 -0.5524 -0.48472999999999999 -0.41388000000000003 -0.34145999999999999 -0.24962000000000001 -0.15225 -0.055500000000000001 0.044091999999999999 0.14921999999999999 0.25209999999999999 0.35226000000000002 0.47656999999999999 0.60107999999999995 0.72438000000000002 0.85797000000000001 0.99690999999999996 1.1347 1.2804 1.4339
-0.39472000000000002 -0.38966000000000001 -0.38278000000000001 -0.37295 -0.35910999999999998 -0.33910000000000001 -0.31048999999999999 -0.26668999999999998 -0.21204999999999999 -0.13711000000000001 -0.042054000000000001 0.073367000000000002 0.20519000000000001 0.35343000000000002 0.50261 0.65654999999999997 0.79001999999999994 0.91459000000000001 1.0246999999999999 1.109 1.1935 1.2611000000000001 1.321 1.3801000000000001 1.4386000000000001 1.4959 1.5516000000000001 1.6114999999999999 1.6795 1.7455000000000001 1.8095000000000001 1.8923000000000001 1.9731000000000001 2.0516999999999999 2.1402000000000001 2.2353999999999998 2.3283 2.4224999999999999 2.5295000000000001
-0.37847999999999998 -0.37595000000000001 -0.37239 -0.36706 -0.35907 -0.34655999999999998 -0.32734999999999997 -0.29793999999999998 -0.25390000000000001 -0.19145999999999999 -0.10524 0.0060137000000000003 0.14588000000000001 0.31194 0.50209000000000004 0.71050000000000002 0.92996000000000001 1.1527000000000001 1.3768 1.5864 1.7829999999999999 1.9491000000000001 2.1114999999999999 2.2252999999999998 2.3370000000000002 2.4285000000000001 2.5013999999999998 2.5722999999999998 2.6347999999999998 2.6911999999999998 2.7454999999999998 2.8010000000000002 2.8586 2.9138000000000002 2.9693000000000001 3.0390999999999999 3.1065999999999998 3.1718000000000002 3.2545000000000002
-0.35824 -0.35050999999999999 -0.34361999999999998 -0.33592 -0.32651000000000002 -0.31491999999999998 -0.30024000000000001 -0.27842 -0.2462 -0.19918 -0.13361000000000001 -0.044665999999999997 0.066739999999999994 0.20732999999999999 0.37039 0.55864000000000003 0.76610999999999996 0.98850000000000005 1.2245999999999999 1.4655 1.7124999999999999 1.9565999999999999 2.1936 2.4163000000000001 2.6204000000000001 2.8003 2.9531000000000001 3.0914000000000001 3.1930000000000001 3.2919 3.3713000000000002 3.4394 3.5053999999999998 3.5670999999999999 3.6259999999999999 3.6829000000000001 3.7456999999999998 3.8123 3.8769999999999998
-0.37082999999999999 -0.36294999999999999 -0.35275000000000001 -0.34032000000000001 -0.32540999999999998 -0.30757000000000001 -0.28552 -0.25786999999999999 -0.22122 -0.17426 -0.11178 -0.032626000000000002 0.062535999999999994 0.18139 0.32607000000000003 0.48902000000000001 0.68203999999999998 0.88963000000000003 1.1156999999999999 1.3522000000000001 1.5959000000000001 1.8475999999999999 2.0985999999999998 2.3512 2.5973000000000002 2.8332000000000002 3.0535999999999999 3.2536999999999998 3.4319999999999999 3.5811999999999999 3.7208000000000001 3.8222999999999998 3.9209000000000001 4.0054999999999996 4.0776000000000003 4.1474000000000002 4.2149000000000001 4.2805999999999997 4.3445
-0.36173 -0.35465999999999998 -0.34227000000000002 -0.33093 -0.31675999999999999 -0.29887999999999998 -0.27622000000000002 -0.25013000000000002 -0.21759000000000001 -0.17702999999999999 -0.12239999999999999 -0.052783999999999998 0.038093000000000002 0.1515 0.28994999999999999 0.45687 0.64629999999999999 0.86211000000000004 1.091 1.3317000000000001 1.5788 1.8274999999999999 2.0819999999999999 2.3328000000000002 2.5916999999999999 2.8469000000000002 3.1042999999999998 3.3555000000000001 3.5998999999999999 3.8243999999999998 4.0368000000000004 4.2159000000000004 4.3818000000000001 4.5174000000000003 4.6349 4.7416999999999998 4.8185000000000002 4.8944999999999999 4.9722999999999997
-0.36235000000000001 -0.35681000000000002 -0.34808 -0.33201999999999998 -0.31281999999999999 -0.28966999999999998 -0.25939000000000001 -0.22148000000000001 -0.1757 -0.12182999999999999 -0.059290000000000002 0.015531 0.10353999999999999 0.21340000000000001 0.34397 0.50111000000000006 0.68425000000000002 0.89007999999999998 1.1228 1.3656999999999999 1.6273 1.8917999999999999 2.1591 2.4251999999999998 2.6854 2.9485000000000001 3.2061000000000002 3.4681000000000002 3.7227000000000001 3.9702999999999999 4.2028999999999996 4.4236000000000004 4.6116999999999999 4.7857000000000003 4.9302999999999999 5.0598000000000001 5.1737000000000002 5.2670000000000003 5.3592000000000004
-0.35272999999999999 -0.34670000000000001 -0.34054000000000001 -0.33212000000000003 -0.31584000000000001 -0.29314000000000001 -0.26749000000000001 -0.23100999999999999 -0.18326000000000001 -0.11969 -0.042450000000000002 0.050594 0.16009000000000001 0.28727000000000003 0.43601000000000001 0.60313000000000005 0.79432000000000003 1.0009999999999999 1.2245999999999999 1.4632000000000001 1.7088000000000001 1.97 2.2309000000000001 2.5022000000000002 2.7713000000000001 3.0400999999999998 3.3073000000000001 3.5686 3.8271000000000002 4.0753000000000004 4.3129 4.5354000000000001 4.7385999999999999 4.9231999999999996 5.0868000000000002 5.2310999999999996 5.3483999999999998 5.4600999999999997 5.5454999999999997
-0.35474 -0.34873999999999999 -0.34151999999999999 -0.33090000000000003 -0.31337999999999999 -0.29398999999999997 -0.26876 -0.23422000000000001 -0.18784999999999999 -0.12694 -0.047974999999999997 0.047853 0.16691 0.30498999999999998 0.46892 0.65476999999999996 0.85955999999999999 1.0812999999999999 1.3109 1.5541 1.7988 2.0503 2.3062999999999998 2.5649999999999999 2.8308 3.0929000000000002 3.3580000000000001 3.6154999999999999 3.8664000000000001 4.1064999999999996 4.3360000000000003 4.5495999999999999 4.7545999999999999 4.9335000000000004 5.1078999999999999 5.2465999999999999 5.3845000000000001 5.4823000000000004 5.5751999999999997
-0.34909000000000001 -0.34305999999999998 -0.33599000000000001 -0.32819999999999999 -0.31755 -0.29805999999999999 -0.27093 -0.23927999999999999 -0.19553000000000001 -0.13739000000000001 -0.058943000000000002 0.039121999999999997 0.16025 0.30485000000000001 0.47119 0.66393999999999997 0.87239999999999995 1.1012 1.3383 1.5838000000000001 1.8328 2.0811000000000002 2.3346 2.5855000000000001 2.8420000000000001 3.0960000000000001 3.3489 3.5962000000000001 3.8361000000000001 4.0614999999999997 4.2779999999999996 4.4829999999999997 4.6755000000000004 4.8547000000000002 5.0174000000000003 5.1638999999999999 5.2923 5.4025999999999996 5.5016999999999996
-0.35086000000000001 -0.34454000000000001 -0.3372 -0.32849 -0.31831999999999999 -0.30526999999999999 -0.28228999999999999 -0.24818000000000001 -0.21052000000000001 -0.15905 -0.091175000000000006 0.00018388000000000001 0.11355999999999999 0.25561 0.42121999999999998 0.60953000000000002 0.81832000000000005 1.0375000000000001 1.2739 1.5130999999999999 1.7608999999999999 2.0101 2.2608000000000001 2.5112000000000001 2.7578 3.0017 3.2395 3.4704999999999999 3.6919 3.9030999999999998 4.1012000000000004 4.2901999999999996 4.4649000000000001 4.6322999999999999 4.7861000000000002 4.9306000000000001 5.0583999999999998 5.1755000000000004 5.2702
-0.34622999999999998 -0.34032000000000001 -0.33343 -0.32490999999999998 -0.31474000000000002 -0.30071999999999999 -0.27827000000000002 -0.25165999999999999 -0.21786 -0.17063 -0.10779 -0.024726000000000001 0.081060999999999994 0.20845 0.36281999999999998 0.53510999999999997 0.73216000000000003 0.94408999999999998 1.1708000000000001 1.4097999999999999 1.6520999999999999 1.9038999999999999 2.1532 2.4037999999999999 2.6499999999999999 2.8925999999999998 3.1282999999999999 3.3580000000000001 3.5729000000000002 3.7774000000000001 3.9651999999999998 4.1406000000000001 4.3040000000000003 4.4551999999999996 4.5975000000000001 4.7290000000000001 4.8559999999999999 4.9596999999999998 5.0606
-0.33133000000000001 -0.32540999999999998 -0.31864999999999999 -0.31080000000000002 -0.30120000000000002 -0.28695999999999999 -0.26647999999999999 -0.24246999999999999 -0.21043000000000001 -0.16778999999999999 -0.11017 -0.036443999999999997 0.061440000000000002 0.18018000000000001 0.32467000000000001 0.49163000000000001 0.67637000000000003 0.88278999999999996 1.0974999999999999 1.3321000000000001 1.5711999999999999 1.8192999999999999 2.0701999999999998 2.3201999999999998 2.5687000000000002 2.8111000000000002 3.0478999999999998 3.2755999999999998 3.4923000000000002 3.6913999999999998 3.8757999999999999 4.0388999999999999 4.1893000000000002 4.3258999999999999 4.4526000000000003 4.5724999999999998 4.6822999999999997 4.7830000000000004 4.8726000000000003
-0.30951000000000001 -0.30398999999999998 -0.29719000000000001 -0.28927000000000003 -0.28005999999999998 -0.26916000000000001 -0.25348999999999999 -0.22832 -0.19703000000000001 -0.1575 -0.10258 -0.031796999999999999 0.059036999999999999 0.17247000000000001 0.30553999999999998 0.46577000000000002 0.64166000000000001 0.84206000000000003 1.0550999999999999 1.2804 1.5189999999999999 1.7598 2.0127999999999999 2.2618999999999998 2.5118 2.7547999999999999 2.9914000000000001 3.2161 3.4312 3.6229 3.7997000000000001 3.9529000000000001 4.0911999999999997 4.2152000000000003 4.3289 4.4363999999999999 4.5347 4.6298000000000004 4.7111000000000001
-0.25657000000000002 -0.25230999999999998 -0.24715000000000001 -0.24102000000000001 -0.23289000000000001 -0.22325 -0.20715 -0.18459999999999999 -0.15731000000000001 -0.12081 -0.071416999999999994 -0.0036841999999999999 0.080513000000000001 0.19170000000000001 0.32057999999999998 0.47466000000000003 0.64707000000000003 0.83581000000000005 1.0441 1.2582 1.494 1.7310000000000001 1.9777 2.2248000000000001 2.4708000000000001 2.7128999999999999 2.9470999999999998 3.1677 3.3733 3.5586000000000002 3.7216 3.8653 3.9927999999999999 4.1093000000000002 4.2129000000000003 4.3108000000000004 4.4023000000000003 4.4886999999999997 4.5670999999999999
-0.19947999999999999 -0.1933 -0.18618000000000001 -0.17837 -0.16930000000000001 -0.15909000000000001 -0.14376 -0.12321 -0.098407999999999995 -0.063235 -0.019095999999999998 0.04514 0.12317 0.22503000000000001 0.34723999999999999 0.49031000000000002 0.65910999999999997 0.83904000000000001 1.0446 1.2557 1.4821 1.7161999999999999 1.9551000000000001 2.1998000000000002 2.4407000000000001 2.6802000000000001 2.9091 3.1244999999999998 3.319 3.4942000000000002 3.6429999999999998 3.7770999999999999 3.8959000000000001 4.0039999999999996 4.1018999999999997 4.1933999999999996 4.2800000000000002 4.3589000000000002 4.4333999999999998
-0.095668000000000003 -0.076325000000000004 -0.056676999999999998 -0.036172000000000003 -0.015112 0.0083201999999999998 0.033533 0.062239999999999997 0.094178999999999999 0.13411000000000001 0.18292 0.24026 0.31498999999999999 0.39631 0.50451999999999997 0.62285999999999997 0.76337999999999995 0.92301 1.0939000000000001 1.2925 1.4938 1.7148000000000001 1.9366000000000001 2.1640999999999999 2.3921000000000001 2.6160000000000001 2.8277999999999999 3.0224000000000002 3.1886000000000001 3.3323999999999998 3.4554999999999998 3.5655999999999999 3.6678999999999999 3.7623000000000002 3.8527999999999998 3.9333 4.0087999999999999 4.0747 4.1440999999999999
-0.14072000000000001 -0.11196 -0.080618999999999996 -0.047368 -0.010876 0.029377 0.073587 0.1212 0.17424000000000001 0.23089000000000001 0.29829 0.37186000000000002 0.45762999999999998 0.55447000000000002 0.65830999999999995 0.77851999999999999 0.89754 1.04 1.1865000000000001 1.3529 1.5357000000000001 1.7265999999999999 1.9355 2.1413000000000002 2.3532999999999999 2.5562 2.7492000000000001 2.9186000000000001 3.0663999999999998 3.1859000000000002 3.2907999999999999 3.3862999999999999 3.4769999999999999 3.5661999999999998 3.6497999999999999 3.7301000000000002 3.8039000000000001 3.8786999999999998 3.9698000000000002
-0.30943999999999999 -0.28706999999999999 -0.26107999999999998 -0.22963 -0.19466 -0.15354999999999999 -0.10681 -0.052873999999999997 0.0090279000000000002 0.079509999999999997 0.16147 0.25545000000000001 0.36264999999999997 0.48188999999999999 0.61080000000000001 0.74453999999999998 0.88792000000000004 1.0307999999999999 1.1890000000000001 1.3492999999999999 1.5199 1.6978 1.8753 2.0623999999999998 2.2416999999999998 2.419 2.5800999999999998 2.7231999999999998 2.8418000000000001 2.9432 3.0297999999999998 3.1107999999999998 3.1919 3.2715999999999998 3.3513999999999999 3.4365000000000001 3.524 3.6402000000000001 3.7684000000000002
-0.38417000000000001 -0.37533 -0.36369000000000001 -0.34813 -0.3271 -0.30109999999999998 -0.26696999999999999 -0.22655 -0.17638999999999999 -0.11677 -0.046741999999999999 0.036269999999999997 0.13155 0.24342 0.37203999999999998 0.51880999999999999 0.68171000000000004 0.85597999999999996 1.0344 1.2188000000000001 1.4005000000000001 1.5857000000000001 1.7672000000000001 1.9454 2.1185999999999998 2.2806999999999999 2.4276 2.5558999999999998 2.6621999999999999 2.7532999999999999 2.8340000000000001 2.9113000000000002 2.9863 3.0678999999999998 3.1537000000000002 3.2526999999999999 3.3683999999999998 3.4937999999999998 3.6453000000000002
-0.39965000000000001 -0.39661999999999997 -0.39206999999999997 -0.38596999999999998 -0.37697000000000003 -0.36431999999999998 -0.34650999999999998 -0.32099 -0.28714000000000001 -0.24071000000000001 -0.18278 -0.10943 -0.020119999999999999 0.085960999999999996 0.21193999999999999 0.35626000000000002 0.52092000000000005 0.70232000000000006 0.89534999999999998 1.0944 1.294 1.488 1.6771 1.8548 2.0238999999999998 2.1768999999999998 2.3132000000000001 2.4270999999999998 2.5253999999999999 2.6089000000000002 2.6867000000000001 2.7624 2.8416999999999999 2.9258999999999999 3.0266000000000002 3.1324999999999998 3.2621000000000002 3.4011999999999998 3.5508000000000002
-0.40501999999999999 -0.40353 -0.40172000000000002 -0.39918999999999999 -0.39582000000000001 -0.39084000000000002 -0.38400000000000001 -0.37456 -0.36108000000000001 -0.34200999999999998 -0.31370999999999999 -0.27284999999999998 -0.21359 -0.12917999999999999 -0.014670000000000001 0.13425999999999999 0.31430999999999998 0.52017999999999998 0.73899000000000004 0.96135000000000004 1.1785000000000001 1.3829 1.5744 1.7466999999999999 1.9020999999999999 2.0381 2.1543999999999999 2.2532000000000001 2.3380999999999998 2.4154 2.4944999999999999 2.5747 2.6650999999999998 2.7641 2.8681999999999999 2.9914000000000001 3.1196999999999999 3.2629999999999999 3.4102000000000001
-0.40722000000000003 -0.40614 -0.4047 -0.40272000000000002 -0.39967999999999998 -0.39588000000000001 -0.39077000000000001 -0.38419999999999999 -0.37524000000000002 -0.36282999999999999 -0.34519 -0.31952999999999998 -0.28273999999999999 -0.22924 -0.15076999999999999 -0.038725000000000002 0.11619 0.31512000000000001 0.54959000000000002 0.79727000000000003 1.0443 1.2707999999999999 1.4736 1.6519999999999999 1.8022 1.9352 2.0434000000000001 2.1396000000000002 2.2241 2.3077000000000001 2.3900999999999999 2.4805999999999999 2.5712999999999999 2.6732 2.7797999999999998 2.8936000000000002 3.0244 3.1610999999999998 3.3029999999999999
-0.40625 -0.40555000000000002 -0.40433999999999998 -0.40278000000000003 -0.40049000000000001 -0.39740999999999999 -0.39327000000000001 -0.38729000000000002 -0.37941999999999998 -0.36851 -0.35399000000000003 -0.33396999999999999 -0.30562 -0.26440000000000002 -0.2044 -0.11651 0.0060984000000000003 0.17405999999999999 0.38418999999999998 0.62948000000000004 0.88282000000000005 1.1361000000000001 1.3506 1.5448 1.7018 1.8360000000000001 1.9516 2.0514000000000001 2.1432000000000002 2.2345000000000002 2.3241999999999998 2.4157000000000002 2.5106000000000002 2.6044999999999998 2.7118000000000002 2.8216999999999999 2.9477000000000002 3.0842999999999998 3.2136999999999998
-0.40584999999999999 -0.40500000000000003 -0.40388000000000002 -0.40233999999999998 -0.40040999999999999 -0.39750000000000002 -0.39384000000000002 -0.38865 -0.38180999999999998 -0.37235000000000001 -0.35918 -0.34075 -0.31478 -0.27821000000000001 -0.22636000000000001 -0.15176999999999999 -0.045939000000000001 0.098077999999999999 0.28688999999999998 0.51102999999999998 0.75843000000000005 1.0058 1.2390000000000001 1.4377 1.6140000000000001 1.7514000000000001 1.8757999999999999 1.9829000000000001 2.0848 2.1823000000000001 2.2778999999999998 2.3687999999999998 2.4628000000000001 2.556 2.6536 2.7667000000000002 2.8881000000000001 3.0169999999999999 3.1337999999999999
-0.40444999999999998 -0.40323999999999999 -0.40201999999999999 -0.40039000000000002 -0.39856000000000003 -0.39599000000000001 -0.39257999999999998 -0.38799 -0.38142999999999999 -0.37257000000000001 -0.35986000000000001 -0.34260000000000002 -0.31830999999999998 -0.28409000000000001 -0.2356 -0.1681 -0.072137000000000007 0.056675999999999997 0.22700000000000001 0.43334 0.66888999999999998 0.90988000000000002 1.1493 1.3513999999999999 1.5345 1.6843999999999999 1.8159000000000001 1.9325000000000001 2.0419 2.1452 2.2423999999999999 2.3342999999999998 2.4218000000000002 2.5135000000000001 2.6030000000000002 2.7170000000000001 2.8344 2.952 3.0568
-0.40371000000000001 -0.40189000000000002 -0.39999000000000001 -0.39776 -0.3952 -0.39229000000000003 -0.38846000000000003 -0.38405 -0.37780999999999998 -0.36963000000000001 -0.35798999999999997 -0.34144999999999998 -0.31827 -0.28555999999999998 -0.2392 -0.17466999999999999 -0.084620000000000001 0.036380000000000003 0.19312000000000001 0.38738 0.60858999999999996 0.84367999999999999 1.0747 1.2867999999999999 1.4716 1.6349 1.7715000000000001 1.8973 2.0110999999999999 2.1168 2.2138 2.3025000000000002 2.3831000000000002 2.4714999999999998 2.5623 2.6667000000000001 2.7801999999999998 2.8898000000000001 2.9853999999999998
-0.40447 -0.40206999999999998 -0.39928999999999998 -0.39628999999999998 -0.39262000000000002 -0.38888 -0.38417000000000001 -0.37885000000000002 -0.37225000000000003 -0.36375000000000002 -0.35277999999999998 -0.33738000000000001 -0.31624999999999998 -0.28564000000000001 -0.2419 -0.17982000000000001 -0.093915999999999999 0.023571000000000002 0.17291000000000001 0.35887999999999998 0.56974999999999998 0.79779 1.0221 1.2388999999999999 1.4252 1.5966 1.7393000000000001 1.871 1.9897 2.0937000000000001 2.1857000000000002 2.2686999999999999 2.3471000000000002 2.4277000000000002 2.5190000000000001 2.6177000000000001 2.7262 2.8306 2.9180999999999999
-0.40942000000000001 -0.40776000000000001 -0.40528999999999998 -0.40183000000000002 -0.39718999999999999 -0.39087 -0.38335000000000002 -0.37365999999999999 -0.36329 -0.35076000000000002 -0.33616000000000001 -0.31857000000000002 -0.29599999999999999 -0.26694000000000001 -0.22706999999999999 -0.17166999999999999 -0.094874 0.010187 0.14835000000000001 0.31822 0.51761999999999997 0.73240000000000005 0.94996999999999998 1.1598999999999999 1.3562000000000001 1.5294000000000001 1.6861999999999999 1.8191999999999999 1.9341999999999999 2.0236000000000001 2.1015000000000001 2.1699999999999999 2.2414000000000001 2.3136999999999999 2.4007999999999998 2.4986000000000002 2.5992000000000002 2.6939000000000002 2.7650999999999999
-0.41178999999999999 -0.41110000000000002 -0.40995999999999999 -0.40822999999999998 -0.40572000000000003 -0.40194000000000002 -0.39639999999999997 -0.38834999999999997 -0.37658999999999998 -0.36142000000000002 -0.34076000000000001 -0.31685999999999998 -0.28738000000000002 -0.25208000000000003 -0.20854 -0.15304999999999999 -0.080377000000000004 0.014682000000000001 0.14085 0.29797000000000001 0.48605999999999999 0.69311 0.90864999999999996 1.1146 1.3082 1.4764999999999999 1.6243000000000001 1.7494000000000001 1.845 1.9246000000000001 1.9924999999999999 2.0571000000000002 2.1236000000000002 2.2017000000000002 2.2877000000000001 2.3856000000000002 2.4864000000000002 2.5754999999999999 2.6356000000000002
-0.41249000000000002 -0.41208 -0.41150999999999999 -0.41071000000000002 -0.40941 -0.40727000000000002 -0.40409 -0.39935999999999999 -0.39201000000000003 -0.38085000000000002 -0.36414000000000002 -0.33950999999999998 -0.30652000000000001 -0.26178000000000001 -0.20888000000000001 -0.14293 -0.063251000000000002 0.035320999999999998 0.15695000000000001 0.30770999999999998 0.48299999999999998 0.68067999999999995 0.88349 1.0805 1.2585999999999999 1.4169 1.5462 1.655 1.7367999999999999 1.8092999999999999 1.8749 1.9420999999999999 2.0104000000000002 2.0935000000000001 2.1871999999999998 2.2879 2.3873000000000002 2.4693000000000001 2.5219
-0.41298000000000001 -0.41266000000000003 -0.41221000000000002 -0.41158 -0.41069 -0.40941 -0.40738999999999997 -0.40436 -0.39965000000000001 -0.39224999999999999 -0.38085999999999998 -0.36274000000000001 -0.33529999999999999 -0.29433999999999999 -0.23643 -0.16166 -0.067743999999999999 0.040989999999999999 0.17002 0.31992999999999999 0.48982999999999999 0.67520999999999998 0.86277000000000004 1.0431999999999999 1.2027000000000001 1.3422000000000001 1.4559 1.5483 1.6240000000000001 1.6943999999999999 1.7614000000000001 1.8329 1.9095 1.9932000000000001 2.0975999999999999 2.2042999999999999 2.3026 2.3769 2.4213
-0.41364000000000001 -0.41336000000000001 -0.41295999999999999 -0.41242000000000001 -0.41166999999999998 -0.41063 -0.40916000000000002 -0.40694000000000002 -0.40359 -0.39833000000000002 -0.39002999999999999 -0.37696000000000002 -0.35613 -0.32355 -0.27263999999999999 -0.19991999999999999 -0.10022 0.020497999999999999 0.16092999999999999 0.31685999999999998 0.48544999999999999 0.66156999999999999 0.83355000000000001 0.99482000000000004 1.1379999999999999 1.2603 1.3640000000000001 1.4454 1.5169999999999999 1.5878000000000001 1.6585000000000001 1.7332000000000001 1.8171999999999999 1.9100999999999999 2.0190000000000001 2.1286 2.2233000000000001 2.2944 2.331
-0.41416999999999998 -0.41394999999999998 -0.41363 -0.41316999999999998 -0.41250999999999999 -0.41159000000000001 -0.41031000000000001 -0.40845999999999999 -0.40576000000000001 -0.40162999999999999 -0.39513999999999999 -0.38490000000000002 -0.36852000000000001 -0.34244999999999998 -0.30093999999999999 -0.23668 -0.14402999999999999 -0.019435999999999998 0.12636 0.29264000000000001 0.45995999999999998 0.63041000000000003 0.78976000000000002 0.93654000000000004 1.0685 1.1786000000000001 1.2755000000000001 1.3501000000000001 1.4209000000000001 1.4910000000000001 1.5660000000000001 1.6442000000000001 1.7347999999999999 1.8378000000000001 1.9507000000000001 2.0600000000000001 2.1520000000000001 2.2189000000000001 2.2517
-0.41461999999999999 -0.41444999999999999 -0.41419 -0.41381000000000001 -0.41326000000000002 -0.41244999999999998 -0.41131000000000001 -0.40967999999999999 -0.40732000000000002 -0.40377999999999997 -0.39831 -0.38977000000000001 -0.37611 -0.35435 -0.31972 -0.26473000000000002 -0.18245 -0.064248 0.079866999999999994 0.24798000000000001 0.41804000000000002 0.58355000000000001 0.73565000000000003 0.87205999999999995 0.99555000000000005 1.0992999999999999 1.1902999999999999 1.2642 1.3351999999999999 1.4038999999999999 1.4836 1.5687 1.6657999999999999 1.7756000000000001 1.8896999999999999 1.9983 2.0876999999999999 2.1495000000000002 2.1823000000000001
-0.41499999999999998 -0.41485 -0.41463 -0.41431000000000001 -0.41383999999999999 -0.41316000000000003 -0.41216999999999998 -0.41073999999999999 -0.40864 -0.40550999999999998 -0.4007 -0.39329999999999998 -0.38156000000000001 -0.36271999999999999 -0.33273000000000003 -0.28514 -0.21254000000000001 -0.1067 0.032266999999999997 0.19566 0.3695 0.52878999999999998 0.67774999999999996 0.80610999999999999 0.92286999999999997 1.0248999999999999 1.1122000000000001 1.1872 1.2581 1.3275999999999999 1.4101999999999999 1.5018 1.603 1.7177 1.8342000000000001 1.9436 2.0291000000000001 2.0857999999999999 2.1229
-0.41567999999999999 -0.41556999999999999 -0.41541 -0.41516999999999998 -0.41482000000000002 -0.4143 -0.41353000000000001 -0.41241 -0.41071000000000002 -0.40812999999999999 -0.40422000000000002 -0.39818999999999999 -0.38885999999999998 -0.37397000000000002 -0.35038999999999998 -0.31297000000000003 -0.25489000000000001 -0.16938 -0.049312000000000002 0.095451999999999995 0.26035999999999998 0.41324 0.55722000000000005 0.68176000000000003 0.79164999999999996 0.89227999999999996 0.97589999999999999 1.0535000000000001 1.123 1.1999 1.2849999999999999 1.3878999999999999 1.4992000000000001 1.6189 1.7375 1.8418000000000001 1.9239999999999999 1.974 2.0104000000000002
-0.41621999999999998 -0.41614000000000001 -0.41600999999999999 -0.41582000000000002 -0.41552 -0.41508 -0.41443999999999998 -0.41349999999999998 -0.41211999999999999 -0.41002 -0.40683999999999998 -0.40189000000000002 -0.39417000000000002 -0.38191000000000003 -0.36230000000000001 -0.33143 -0.28299999999999997 -0.21160000000000001 -0.11065 0.017655000000000001 0.16300000000000001 0.31274000000000002 0.44785999999999998 0.57496999999999998 0.67862999999999996 0.77522999999999997 0.86012 0.93789 1.0104 1.095 1.1863999999999999 1.2926 1.4113 1.5343 1.6533 1.7549999999999999 1.8332999999999999 1.8862000000000001 1.9038999999999999
-0.41665000000000002 -0.41660000000000003 -0.41649999999999998 -0.41636000000000001 -0.41614000000000001 -0.41578999999999999 -0.41526000000000002 -0.41447000000000001 -0.41328999999999999 -0.41152 -0.40883999999999998 -0.40466999999999997 -0.39810000000000001 -0.38777 -0.37112000000000001 -0.34510999999999997 -0.30430000000000001 -0.24317 -0.15695000000000001 -0.042932999999999999 0.086465 0.22875999999999999 0.35541 0.47613 0.58021999999999996 0.67388999999999999 0.75968999999999998 0.83811000000000002 0.91640999999999995 1.0034000000000001 1.1014999999999999 1.2107000000000001 1.3352999999999999 1.4614 1.5815999999999999 1.6795 1.7542 1.8051999999999999 1.8089
-0.41700999999999999 -0.41694999999999999 -0.41687000000000002 -0.41675000000000001 -0.41657 -0.41627999999999998 -0.41585 -0.41520000000000001 -0.41421000000000002 -0.41270000000000001 -0.41038000000000002 -0.40682000000000001 -0.40116000000000002 -0.39234000000000002 -0.37814999999999999 -0.35570000000000002 -0.32078000000000001 -0.26767999999999997 -0.19297 -0.092071 0.024656000000000001 0.15304999999999999 0.27711000000000002 0.39101999999999998 0.49565999999999999 0.58594000000000002 0.67164999999999997 0.75185000000000002 0.83504999999999996 0.92315999999999998 1.028 1.1431 1.2690999999999999 1.3974 1.5145 1.6117999999999999 1.6822999999999999 1.7304999999999999 1.716
-0.41774 -0.41766999999999999 -0.41758000000000001 -0.41744999999999999 -0.41726999999999997 -0.41699000000000003 -0.41663 -0.41609000000000002 -0.41526999999999997 -0.41397 -0.41193000000000002 -0.40883000000000003 -0.40393000000000001 -0.3962 -0.38394 -0.36436000000000002 -0.33417999999999998 -0.28782999999999997 -0.22228000000000001 -0.13381000000000001 -0.02631 0.090509000000000006 0.21115 0.31824000000000002 0.42115999999999998 0.50951999999999997 0.59474000000000005 0.67666000000000004 0.76305999999999996 0.85407 0.96353999999999995 1.0833999999999999 1.2118 1.3409 1.4559 1.5506 1.6187 1.6608000000000001 1.6282000000000001
-0.41843000000000002 -0.41833999999999999 -0.41822999999999999 -0.41808000000000001 -0.41786000000000001 -0.41754999999999998 -0.41719000000000001 -0.41671999999999998 -0.41599000000000003 -0.41485 -0.41306999999999999 -0.41032000000000002 -0.40601999999999999 -0.3992 -0.38847999999999999 -0.37119999999999997 -0.34473999999999999 -0.30421999999999999 -0.24585000000000001 -0.16739999999999999 -0.068411 0.038605 0.1537 0.25607999999999997 0.35500999999999999 0.44349 0.52817000000000003 0.61146 0.69932000000000005 0.79527000000000003 0.90702000000000005 1.0315000000000001 1.1621999999999999 1.2904 1.4033 1.4943 1.5620000000000001 1.5924 1.5484
-0.41908000000000001 -0.41898999999999997 -0.41886000000000001 -0.41868 -0.41839999999999999 -0.41804999999999998 -0.41763 -0.41718 -0.41647000000000001 -0.41539999999999999 -0.41377000000000003 -0.41126000000000001 -0.40740999999999999 -0.40128000000000003 -0.39176 -0.37653999999999999 -0.35297000000000001 -0.31724000000000002 -0.26489000000000001 -0.19461999999999999 -0.10345 -0.0046164999999999999 0.1023 0.20319000000000001 0.29807 0.38690999999999998 0.47067999999999999 0.55513000000000001 0.64349999999999996 0.74414999999999998 0.85843000000000003 0.98695999999999995 1.1182000000000001 1.2446999999999999 1.3557999999999999 1.4427000000000001 1.5085999999999999 1.5285 1.4770000000000001
-0.41969000000000001 -0.41959999999999997 -0.41947000000000001 -0.41927999999999999 -0.41896 -0.41859000000000002 -0.41809000000000002 -0.41759000000000002 -0.41682000000000002 -0.41570000000000001 -0.41410000000000002 -0.41169 -0.40816000000000002 -0.40260000000000001 -0.39399000000000001 -0.38041000000000003 -0.35920999999999997 -0.32732 -0.28000000000000003 -0.21651000000000001 -0.13402 -0.040451000000000001 0.059094000000000001 0.158 0.24907000000000001 0.33833999999999997 0.42107 0.50622999999999996 0.59465000000000001 0.69977999999999996 0.81772 0.94854000000000005 1.0779000000000001 1.2015 1.3124 1.3946000000000001 1.4585999999999999 1.4678 1.4096
-0.42082000000000003 -0.42072999999999999 -0.42059999999999997 -0.42042000000000002 -0.42015000000000002 -0.41976000000000002 -0.41925000000000001 -0.41859000000000002 -0.41768 -0.41633999999999999 -0.41463 -0.41210999999999998 -0.40866999999999998 -0.40364 -0.39605000000000001 -0.38463999999999998 -0.36682999999999999 -0.34053 -0.30166999999999999 -0.24771000000000001 -0.17842 -0.094132999999999994 -0.0065608000000000003 0.087008000000000002 0.17263999999999999 0.25849 0.34126000000000001 0.42623 0.51526000000000005 0.62787000000000004 0.75144 0.88144999999999996 1.0068999999999999 1.125 1.2295 1.3103 1.3640000000000001 1.3499000000000001 1.2864
-0.42183999999999999 -0.42176000000000002 -0.42164000000000001 -0.42148000000000002 -0.42125000000000001 -0.42092000000000002 -0.42046 -0.41976999999999998 -0.41879 -0.41736000000000001 -0.41538000000000003 -0.41265000000000002 -0.40876000000000001 -0.40361999999999998 -0.39600000000000002 -0.38552999999999998 -0.36979000000000001 -0.34671000000000002 -0.31345000000000001 -0.26617000000000002 -0.20610999999999999 -0.13086 -0.051102000000000002 0.033736000000000002 0.11781999999999999 0.19935 0.28095999999999999 0.36403000000000002 0.45806999999999998 0.57220000000000004 0.69842000000000004 0.82550000000000001 0.94564000000000004 1.0595000000000001 1.157 1.2344999999999999 1.2749999999999999 1.246 1.1736
-0.42275000000000001 -0.42269000000000001 -0.42259000000000002 -0.42244999999999999 -0.42225000000000001 -0.42197000000000001 -0.42157 -0.42097000000000001 -0.42004999999999998 -0.41869000000000001 -0.41664000000000001 -0.41382000000000002 -0.40959000000000001 -0.40405000000000002 -0.39609 -0.38524000000000003 -0.37021999999999999 -0.34852 -0.31875999999999999 -0.27650999999999998 -0.22239999999999999 -0.15573000000000001 -0.080759999999999998 -0.0034342000000000001 0.078143000000000004 0.15337999999999999 0.23166999999999999 0.31466 0.41402 0.52817999999999998 0.65307999999999999 0.77629000000000004 0.89322000000000001 1.0019 1.0919000000000001 1.1662999999999999 1.1943999999999999 1.1549 1.0670999999999999
-0.42442000000000002 -0.42437999999999998 -0.42431000000000002 -0.42420000000000002 -0.42403999999999997 -0.42380000000000001 -0.42346 -0.42294999999999999 -0.42216999999999999 -0.42099999999999999 -0.41915000000000002 -0.41641 -0.41231000000000001 -0.40633000000000002 -0.39810000000000001 -0.38612000000000002 -0.371 -0.34948000000000001 -0.32146000000000002 -0.28336 -0.23355000000000001 -0.17462 -0.10468 -0.035653999999999998 0.038341 0.10938000000000001 0.18479999999999999 0.26582 0.36015000000000003 0.47226000000000001 0.60009999999999997 0.72011000000000003 0.83203000000000005 0.93245 1.0185 1.0885 1.0954999999999999 1.0510999999999999 0.94710000000000005
-0.42591000000000001 -0.42587999999999998 -0.42582999999999999 -0.42575000000000002 -0.42563000000000001 -0.42543999999999998 -0.42514999999999997 -0.42471999999999999 -0.42405999999999999 -0.42307 -0.42151 -0.41904999999999998 -0.41532000000000002 -0.40945999999999999 -0.40133000000000002 -0.38915 -0.37314000000000003 -0.35143000000000002 -0.32282 -0.28688000000000002 -0.23905999999999999 -0.18562000000000001 -0.12257999999999999 -0.058203999999999999 0.0082345999999999999 0.074223999999999998 0.14743000000000001 0.22763 0.31964999999999999 0.43248999999999999 0.55232999999999999 0.67045999999999994 0.77907000000000004 0.87378 0.95389000000000002 1.0123 1.0042 0.95533000000000001 0.83950999999999998
-0.42724000000000001 -0.42721999999999999 -0.42719000000000001 -0.42713000000000001 -0.42703999999999998 -0.42688999999999999 -0.42664999999999997 -0.42629 -0.42574000000000001 -0.42488999999999999 -0.42358000000000001 -0.42144999999999999 -0.41816999999999999 -0.41292000000000001 -0.40510000000000002 -0.39350000000000002 -0.37684000000000001 -0.35510999999999998 -0.32496000000000003 -0.29021000000000002 -0.24468999999999999 -0.19314999999999999 -0.13611999999999999 -0.076436000000000004 -0.016822 0.044380999999999997 0.11572 0.19405 0.28234999999999999 0.39467999999999998 0.50943000000000005 0.62638000000000005 0.73141 0.81691000000000003 0.89514000000000005 0.94303999999999999 0.92569000000000001 0.86439999999999995 0.74228000000000005
-0.42846000000000001 -0.42843999999999999 -0.42842000000000002 -0.42837999999999998 -0.42830000000000001 -0.42819000000000002 -0.42799999999999999 -0.42770000000000002 -0.42724000000000001 -0.42651 -0.42537999999999998 -0.42355999999999999 -0.42069000000000001 -0.41610000000000003 -0.40884999999999999 -0.39809 -0.38155 -0.36015999999999998 -0.33013999999999999 -0.29454000000000002 -0.25064999999999998 -0.19971 -0.1482 -0.092828999999999995 -0.039876000000000002 0.018106000000000001 0.086992 0.16247 0.24979999999999999 0.35870999999999997 0.47050999999999998 0.58474999999999999 0.68945999999999996 0.76275999999999999 0.84075999999999995 0.87768999999999997 0.85390999999999995 0.78058000000000005 0.65824000000000005
-0.42998999999999998 -0.42997999999999997 -0.42997000000000002 -0.42992999999999998 -0.42987999999999998 -0.42979000000000001 -0.42963000000000001 -0.42937999999999998 -0.42898999999999998 -0.42836000000000002 -0.42738999999999999 -0.42581999999999998 -0.42330000000000001 -0.41927999999999999 -0.41271000000000002 -0.40288000000000002 -0.38745000000000002 -0.36627999999999999 -0.33717000000000003 -0.30036000000000002 -0.25786999999999999 -0.20669999999999999 -0.16039999999999999 -0.10994 -0.061150000000000003 -0.0053368000000000001 0.060122000000000002 0.13206000000000001 0.21851999999999999 0.32333000000000001 0.43404999999999999 0.54539000000000004 0.64502999999999999 0.71336999999999995 0.79049999999999998 0.81294 0.78686999999999996 0.70362999999999998 0.58777999999999997
-0.43142000000000003 -0.43141000000000002 -0.43140000000000001 -0.43136999999999998 -0.43132999999999999 -0.43125000000000002 -0.43113000000000001 -0.43092000000000003 -0.43058999999999997 -0.43004999999999999 -0.42920000000000003 -0.42784 -0.42560999999999999 -0.42207 -0.41621000000000002 -0.40722999999999998 -0.39317999999999997 -0.37253999999999998 -0.34466999999999998 -0.30706 -0.26597999999999999 -0.21651999999999999 -0.17274 -0.12633 -0.081518999999999994 -0.027465 0.034401000000000001 0.10292999999999999 0.18892 0.29071999999999998 0.40062999999999999 0.50956999999999997 0.60199999999999998 0.67069000000000001 0.73953000000000002 0.75205999999999995 0.72360999999999998 0.63260000000000005 0.52295000000000003
-0.43275000000000002 -0.43274000000000001 -0.43273 -0.43270999999999998 -0.43267 -0.43260999999999999 -0.43251000000000001 -0.43232999999999999 -0.43203999999999998 -0.43158000000000002 -0.43082999999999999 -0.42963000000000001 -0.42764999999999997 -0.42451 -0.41932999999999998 -0.41110000000000002 -0.39829999999999999 -0.37858000000000003 -0.35209000000000001 -0.31469999999999998 -0.27465000000000001 -0.22822000000000001 -0.18573000000000001 -0.14263000000000001 -0.099996000000000002 -0.048037000000000003 0.0095884000000000004 0.075305999999999998 0.16127 0.26085999999999998 0.37203000000000003 0.47796 0.56118000000000001 0.63055000000000005 0.69152000000000002 0.69591000000000003 0.66444999999999999 0.56686000000000003 0.46294999999999997
-0.43398999999999999 -0.43397999999999998 -0.43397000000000002 -0.43396000000000001 -0.43392999999999998 -0.43387999999999999 -0.43379000000000001 -0.43364000000000003 -0.43339 -0.43297999999999998 -0.43231999999999998 -0.43125000000000002 -0.42949999999999999 -0.42666999999999999 -0.42204000000000003 -0.41450999999999999 -0.40283000000000002 -0.38422000000000001 -0.35911999999999999 -0.32379000000000002 -0.28349999999999997 -0.24031 -0.19867000000000001 -0.15873999999999999 -0.11787 -0.068561999999999998 -0.014196 0.049364999999999999 0.13558999999999999 0.23344999999999999 0.34478999999999999 0.44751999999999997 0.52371999999999996 0.59343000000000001 0.64671999999999996 0.64605999999999997 0.60633999999999999 0.50551000000000001 0.40706999999999999
-0.43586999999999998 -0.43586999999999998 -0.43586000000000003 -0.43584000000000001 -0.43581999999999999 -0.43576999999999999 -0.43569999999999998 -0.43557000000000001 -0.43535000000000001 -0.43498999999999999 -0.43439 -0.43343999999999999 -0.43186999999999998 -0.42930000000000001 -0.42513000000000001 -0.41821999999999998 -0.40750999999999998 -0.39034999999999997 -0.36626999999999998 -0.33305000000000001 -0.29287999999999997 -0.25289 -0.21162 -0.17466000000000001 -0.13507 -0.088713 -0.037088999999999997 0.025849 0.11144 0.20798 0.31778000000000001 0.41915000000000002 0.48787999999999998 0.55654999999999999 0.60390999999999995 0.59914999999999996 0.55137000000000003 0.44812999999999997 0.35499999999999998
0.97999999999999998 0.02
-0.54254999999999998 -0.60423000000000004 -0.67691999999999997 -0.7641 -0.85021000000000002 -0.94611000000000001 -1.0464 -1.145 -1.2452000000000001 -1.3461000000000001 -1.4439 -1.5373000000000001 -1.6237999999999999 -1.702 -1.7698 -1.8148 -1.8398000000000001 -1.8455999999999999 -1.825 -1.7756000000000001 -1.712 -1.6382000000000001 -1.5402 -1.4378 -1.3329 -1.2163999999999999 -1.0938000000000001 -0.97111999999999998 -0.83989999999999998 -0.69737000000000005 -0.55520000000000003 -0.40003 -0.23032 -0.061409999999999999 0.13316 0.32963999999999999 0.5333 0.74253000000000002 0.95035999999999998
-0.36638999999999999 -0.36349999999999999 -0.36014000000000002 -0.35955999999999999 -0.36170999999999998 -0.36751 -0.38074999999999998 -0.40056000000000003 -0.42435 -0.46289000000000002 -0.49303000000000002 -0.53566000000000003 -0.57447999999999999 -0.60274000000000005 -0.62948999999999999 -0.64622999999999997 -0.65142999999999995 -0.64109000000000005 -0.61704000000000003 -0.58445000000000003 -0.54039000000000004 -0.47510999999999998 -0.40683999999999998 -0.33711000000000002 -0.24734 -0.15362999999999999 -0.060717 0.039174 0.15013000000000001 0.25984000000000002 0.36817 0.49342000000000003 0.61753000000000002 0.74045000000000005 0.87436000000000003 1.0127999999999999 1.1499999999999999 1.2958000000000001 1.4486000000000001
-0.38168000000000002 -0.37642999999999999 -0.36936999999999998 -0.35937000000000002 -0.34527000000000002 -0.32490999999999998 -0.29580000000000001 -0.25120999999999999 -0.19581999999999999 -0.11985999999999999 -0.023817000000000001 0.092741000000000004 0.22514000000000001 0.3745 0.52307000000000003 0.67764000000000002 0.80908999999999998 0.93386999999999998 1.0417000000000001 1.1258999999999999 1.2102999999999999 1.2765 1.3363 1.3953 1.4536 1.5105999999999999 1.5660000000000001 1.6265000000000001 1.6941999999999999 1.7599 1.8246 1.9073 1.9878 2.0661 2.1555 2.2504 2.3431000000000002 2.4380000000000002 2.5449000000000002
-0.36856 -0.36593999999999999 -0.36225000000000002 -0.35665000000000002 -0.3483 -0.33522000000000002 -0.31524000000000002 -0.28484999999999999 -0.23959 -0.17582999999999999 -0.088107000000000005 0.024777 0.16603999999999999 0.33355000000000001 0.52473000000000003 0.73392999999999997 0.95374999999999999 1.1765000000000001 1.3999999999999999 1.6091 1.8036000000000001 1.9696 2.1293000000000002 2.2429000000000001 2.3544999999999998 2.4439000000000002 2.5165000000000002 2.5872999999999999 2.6488999999999998 2.7050000000000001 2.7589999999999999 2.8147000000000002 2.8719999999999999 2.927 2.9832999999999998 3.0529000000000002 3.1202999999999999 3.1854 3.2694000000000001
-0.34838000000000002 -0.34062999999999999 -0.33398 -0.32607000000000003 -0.31678000000000001 -0.30508999999999997 -0.29032000000000002 -0.26823999999999998 -0.23566999999999999 -0.18804000000000001 -0.12188 -0.031878999999999998 0.080768999999999994 0.22270000000000001 0.38763999999999998 0.57745000000000002 0.78685000000000005 1.0104 1.2477 1.4894000000000001 1.7365999999999999 1.9803999999999999 2.2172999999999998 2.4386000000000001 2.6425999999999998 2.8199000000000001 2.9725999999999999 3.1084000000000001 3.2098 3.3086000000000002 3.3864999999999998 3.4544000000000001 3.5202 3.5817000000000001 3.6404000000000001 3.6970999999999998 3.7605 3.827 3.8917000000000002
-0.36091000000000001 -0.35299999999999998 -0.34276000000000001 -0.33029999999999998 -0.31537999999999999 -0.29753000000000002 -0.27539999999999998 -0.24765999999999999 -0.21078 -0.16361000000000001 -0.10069 -0.021503999999999999 0.074343999999999993 0.19347 0.33899000000000001 0.50295999999999996 0.69669000000000003 0.90578999999999998 1.1329 1.3714 1.6163000000000001 1.8695999999999999 2.1217999999999999 2.3748999999999998 2.6208999999999998 2.8569 3.0760000000000001 3.2759999999999998 3.4519000000000002 3.6011000000000002 3.7383999999999999 3.8397000000000001 3.9382000000000001 4.0214999999999996 4.0933999999999999 4.1630000000000003 4.2305000000000001 4.2961 4.3600000000000003
-0.35265000000000002 -0.34537000000000001 -0.33249000000000001 -0.32135000000000002 -0.30712 -0.28910000000000002 -0.26640000000000003 -0.24024000000000001 -0.20749999999999999 -0.16669999999999999 -0.11172 -0.041584999999999997 0.049613999999999998 0.16370999999999999 0.30251 0.47027000000000002 0.66049999999999998 0.87663000000000002 1.1061000000000001 1.3469 1.5947 1.8434999999999999 2.0990000000000002 2.3509000000000002 2.6105 2.8673999999999999 3.1257000000000001 3.3778000000000001 3.6229 3.8468 4.0594999999999999 4.2366000000000001 4.4025999999999996 4.5359999999999996 4.6535000000000002 4.7584 4.8352000000000004 4.9112999999999998 4.9892000000000003
-0.35597000000000001 -0.35042000000000001 -0.34156999999999998 -0.32507999999999998 -0.30565999999999999 -0.28216000000000002 -0.25147000000000003 -0.21323 -0.16722999999999999 -0.11322 -0.050469 0.024760000000000001 0.11354 0.22389999999999999 0.35564000000000001 0.51315 0.69757999999999998 0.90371999999999997 1.1375 1.3813 1.643 1.9078999999999999 2.1751 2.4413999999999998 2.7014 2.9651000000000001 3.2233999999999998 3.4855999999999998 3.7406999999999999 3.9887000000000001 4.2213000000000003 4.4425999999999997 4.6295000000000002 4.8042999999999996 4.9473000000000003 5.0770999999999997 5.1894999999999998 5.2830000000000004 5.3754
-0.34644999999999998 -0.34050000000000002 -0.33444000000000002 -0.32604 -0.30959999999999999 -0.28691 -0.26132 -0.22477 -0.17701 -0.11364 -0.036704000000000001 0.055875000000000001 0.16522999999999999 0.29266999999999999 0.44224999999999998 0.61065000000000003 0.80257000000000001 1.0105999999999999 1.2346999999999999 1.4744999999999999 1.7203999999999999 1.9824999999999999 2.2444000000000002 2.5154999999999998 2.7847 3.0529000000000002 3.3197999999999999 3.5800000000000001 3.8372999999999999 4.0838999999999999 4.3204000000000002 4.5414000000000003 4.7451999999999996 4.9294000000000002 5.0945 5.2382 5.3567999999999998 5.4682000000000004 5.5542999999999996
-0.34843000000000002 -0.34248000000000001 -0.33529999999999999 -0.32464999999999999 -0.30691000000000002 -0.28766999999999998 -0.26240999999999998 -0.22785 -0.18146000000000001 -0.12076000000000001 -0.042101 0.052878000000000001 0.17093 0.30786000000000002 0.47044999999999998 0.65569999999999995 0.85999000000000003 1.0824 1.3130999999999999 1.5571999999999999 1.8032999999999999 2.0554999999999999 2.3128000000000002 2.5716999999999999 2.8376000000000001 3.0994000000000002 3.3628999999999998 3.6185 3.8666 4.1032999999999999 4.3289999999999997 4.5389999999999997 4.7411000000000003 4.9202000000000004 5.0948000000000002 5.2370000000000001 5.3787000000000003 5.4768999999999997 5.5723000000000003
-0.34288000000000002 -0.33695999999999998 -0.32998 -0.32230999999999999 -0.31169000000000002 -0.29194999999999999 -0.26478000000000002 -0.2331 -0.1893 -0.13109000000000001 -0.052886000000000002 0.044916999999999999 0.16531999999999999 0.30906 0.47400999999999999 0.66556000000000004 0.87292999999999998 1.1006 1.3372999999999999 1.5823 1.8317000000000001 2.0802999999999998 2.3344999999999998 2.5859999999999999 2.8418999999999999 3.0951 3.3460000000000001 3.5905 3.8266 4.0469999999999997 4.2577999999999996 4.4573 4.6448999999999998 4.8223000000000003 4.9850000000000003 5.1356999999999999 5.2672999999999996 5.3827999999999996 5.4850000000000003
-0.34462999999999999 -0.33838000000000001 -0.33116000000000001 -0.32257999999999998 -0.31263000000000002 -0.29970999999999998 -0.27672000000000002 -0.24257999999999999 -0.20494000000000001 -0.15337999999999999 -0.085516999999999996 0.0059394000000000001 0.11935 0.26101000000000002 0.42631999999999998 0.61385999999999996 0.82201999999999997 1.0402 1.2758 1.5143 1.7608999999999999 2.0091999999999999 2.2585000000000002 2.5074999999999998 2.7521 2.9931999999999999 3.2269000000000001 3.4525000000000001 3.6665999999999999 3.8685999999999998 4.0561999999999996 4.2335000000000003 4.4010999999999996 4.5629999999999997 4.7191000000000001 4.8681000000000001 5.0046999999999997 5.1295000000000002 5.2316000000000003
-0.34010000000000001 -0.33428999999999998 -0.32750000000000001 -0.31914999999999999 -0.30918000000000001 -0.29538999999999999 -0.27302999999999999 -0.24698999999999999 -0.21360000000000001 -0.16689999999999999 -0.10444000000000001 -0.021850999999999999 0.083707000000000004 0.21065999999999999 0.36488999999999999 0.53705999999999998 0.73355000000000004 0.94533 1.1713 1.4097999999999999 1.6509 1.9013 2.1488 2.3967000000000001 2.6396999999999999 2.8780000000000001 3.1071 3.3283 3.5308999999999999 3.7201 3.8908 4.0498000000000003 4.1997999999999998 4.3478000000000003 4.4941000000000004 4.6356000000000002 4.7759 4.8913000000000002 5.0057999999999998
-0.32514999999999999 -0.31933 -0.31263000000000002 -0.30492000000000002 -0.29547000000000001 -0.28143000000000001 -0.26119999999999999 -0.23760999999999999 -0.20610000000000001 -0.16422999999999999 -0.1076 -0.035008999999999998 0.061276999999999998 0.17854999999999999 0.32114999999999999 0.48655999999999999 0.66920000000000002 0.87436999999999998 1.0880000000000001 1.3216000000000001 1.5602 1.8071999999999999 2.0565000000000002 2.3041999999999998 2.5486 2.7858999999999998 3.0142000000000002 3.2301000000000002 3.4306000000000001 3.6091000000000002 3.77 3.9131999999999998 4.0469999999999997 4.1829000000000001 4.3163 4.452 4.5792999999999999 4.6985999999999999 4.8038999999999996
-0.30345 -0.29799999999999999 -0.29137000000000002 -0.28356999999999999 -0.27453 -0.26388 -0.24843000000000001 -0.22339999999999999 -0.19281999999999999 -0.15392 -0.10009 -0.030563 0.058291000000000003 0.16929 0.29893999999999998 0.4556 0.62755000000000005 0.82377999999999996 1.0336000000000001 1.256 1.4932000000000001 1.7325999999999999 1.9844999999999999 2.2321 2.4788000000000001 2.7164999999999999 2.9449999999999998 3.1558000000000002 3.3525999999999998 3.5205000000000002 3.6713 3.802 3.9262999999999999 4.0483000000000002 4.1736000000000004 4.2995999999999999 4.4188999999999998 4.5368000000000004 4.6341999999999999
-0.25081999999999999 -0.24657999999999999 -0.24146999999999999 -0.23551 -0.22753999999999999 -0.21809999999999999 -0.20216000000000001 -0.17982999999999999 -0.15311 -0.11719 -0.068857000000000002 -0.0023403 0.079891000000000004 0.18867 0.31441000000000002 0.4637 0.63073999999999997 0.81250999999999995 1.0149999999999999 1.2234 1.4553 1.6895 1.9343999999999999 2.1800999999999999 2.4245000000000001 2.6619999999999999 2.8898999999999999 3.097 3.2850000000000001 3.4468000000000001 3.5859000000000001 3.7071000000000001 3.823 3.9335 4.0519999999999996 4.1677 4.2815000000000003 4.3887999999999998 4.4851999999999999
-0.19395999999999999 -0.18781999999999999 -0.18076999999999999 -0.17308999999999999 -0.16414999999999999 -0.154 -0.13886000000000001 -0.11849999999999999 -0.094167000000000001 -0.059490000000000001 -0.016254000000000001 0.046771 0.12330000000000001 0.22245000000000001 0.34177000000000002 0.48038999999999998 0.64431000000000005 0.81813999999999998 1.0161 1.2197 1.4389000000000001 1.6679999999999999 1.9028 2.1454 2.3841000000000001 2.6200000000000001 2.8431999999999999 3.0489000000000002 3.2282000000000002 3.3839000000000001 3.5118999999999998 3.6248 3.7315999999999998 3.8355999999999999 3.9445999999999999 4.0518999999999998 4.1586999999999996 4.2553999999999998 4.3474000000000004
-0.090239 -0.070989999999999998 -0.051447 -0.031045 -0.01021 0.013102000000000001 0.038247000000000003 0.066664000000000001 0.098488000000000006 0.13796 0.18647 0.24299000000000001 0.31690000000000002 0.39722000000000002 0.50263000000000002 0.61826000000000003 0.75380999999999998 0.90837999999999997 1.0720000000000001 1.2639 1.4574 1.6700999999999999 1.8846000000000001 2.1055999999999999 2.3296999999999999 2.5505 2.7597 2.9512999999999998 3.1118999999999999 3.2463000000000002 3.3557999999999999 3.4512999999999998 3.5381999999999998 3.6294 3.7183999999999999 3.8068 3.8906999999999998 3.9674999999999998 4.0513000000000003
-0.13482 -0.10614999999999999 -0.074897000000000005 -0.041758000000000003 -0.0053977000000000001 0.034590999999999997 0.078569 0.12589 0.17866000000000001 0.23507 0.30185000000000001 0.375 0.4597 0.55567 0.65759999999999996 0.77580000000000005 0.89234000000000002 1.0302 1.1725000000000001 1.3326 1.5099 1.6934 1.8963000000000001 2.0956000000000001 2.3026 2.5022000000000002 2.6945999999999999 2.8637000000000001 3.0114000000000001 3.1244999999999998 3.2210999999999999 3.3043 3.3835000000000002 3.4632999999999998 3.5421 3.6202999999999999 3.6991000000000001 3.7829000000000002 3.8917000000000002
-0.30293999999999999 -0.28055000000000002 -0.25461 -0.22322 -0.18826000000000001 -0.14724999999999999 -0.10059999999999999 -0.046932000000000001 0.01477 0.084834999999999994 0.16625999999999999 0.25951000000000002 0.36575000000000002 0.48369000000000001 0.61107999999999996 0.74289000000000005 0.88422000000000001 1.0250999999999999 1.1803999999999999 1.3384 1.5056 1.6807000000000001 1.8541000000000001 2.0383 2.2145999999999999 2.3906000000000001 2.5514000000000001 2.6951999999999998 2.8123 2.9112 2.9908000000000001 3.0636999999999999 3.1341999999999999 3.2039 3.2742 3.3578000000000001 3.4472 3.5798000000000001 3.7261000000000002
-0.37755 -0.36871999999999999 -0.35703000000000001 -0.34149000000000002 -0.32040000000000002 -0.29442000000000002 -0.26034000000000002 -0.22001000000000001 -0.17016999999999999 -0.11075 -0.041250000000000002 0.041076000000000001 0.13514000000000001 0.24534 0.37181999999999998 0.51612999999999998 0.67657999999999996 0.84860999999999998 1.0250999999999999 1.2077 1.3878999999999999 1.5711999999999999 1.7516 1.9282999999999999 2.1011000000000002 2.2627000000000002 2.4104000000000001 2.5387 2.6440999999999999 2.7320000000000002 2.8079999999999998 2.8778000000000001 2.9445000000000001 3.0169999999999999 3.0973000000000002 3.1966999999999999 3.3212999999999999 3.4596 3.6244999999999998
-0.39305000000000001 -0.39002999999999999 -0.38546999999999998 -0.37934000000000001 -0.37034 -0.35763 -0.33984999999999999 -0.31437999999999999 -0.28069 -0.23449999999999999 -0.17685000000000001 -0.10413 -0.015720000000000001 0.088793999999999998 0.21267 0.35415000000000002 0.51575000000000004 0.69423999999999997 0.88490000000000002 1.0822000000000001 1.2808999999999999 1.4742 1.6633 1.8411999999999999 2.0106999999999999 2.1644000000000001 2.3014999999999999 2.4152 2.5127999999999999 2.593 2.6665999999999999 2.7357 2.8087 2.8858000000000001 2.9863 3.0945999999999998 3.2330999999999999 3.3824000000000001 3.5417999999999998
-0.39844000000000002 -0.39695000000000003 -0.39513999999999999 -0.39261000000000001 -0.38922000000000001 -0.38424000000000003 -0.37742999999999999 -0.36803000000000002 -0.35460000000000003 -0.33563999999999999 -0.30753000000000003 -0.26696999999999999 -0.20827000000000001 -0.12466000000000001 -0.011402000000000001 0.13588 0.31390000000000001 0.51758000000000004 0.73465999999999998 0.95542000000000005 1.1717 1.3754999999999999 1.5669999999999999 1.7397 1.8956 2.0320999999999998 2.1482999999999999 2.2465999999999999 2.3296000000000001 2.4047999999999998 2.4798 2.5565000000000002 2.6432000000000002 2.7418999999999998 2.8466999999999998 2.9754999999999998 3.1095999999999999 3.2581000000000002 3.4089999999999998
-0.40064 -0.39956999999999998 -0.39811999999999997 -0.39613999999999999 -0.39306999999999997 -0.38928000000000001 -0.38418000000000002 -0.37764999999999999 -0.36879000000000001 -0.35643000000000002 -0.33893000000000001 -0.31347999999999998 -0.27704000000000001 -0.22405 -0.14631 -0.035112999999999998 0.11874999999999999 0.31675999999999999 0.55020000000000002 0.79727000000000003 1.0431999999999999 1.2694000000000001 1.4714 1.6497999999999999 1.7997000000000001 1.9321999999999999 2.0398999999999998 2.1349 2.2178 2.2993000000000001 2.3792 2.4681999999999999 2.5579999999999998 2.6608000000000001 2.7700999999999998 2.8866999999999998 3.0213000000000001 3.1604999999999999 3.3031000000000001
-0.39968999999999999 -0.39898 -0.39778000000000002 -0.39622000000000002 -0.39393 -0.39084000000000002 -0.38672000000000001 -0.38074999999999998 -0.37292999999999998 -0.36209000000000002 -0.34766999999999998 -0.32782 -0.29973 -0.25885999999999998 -0.19939999999999999 -0.11211 0.0098539000000000005 0.17706 0.38675999999999999 0.63168999999999997 0.88458999999999999 1.1369 1.3512999999999999 1.5446 1.7014 1.8346 1.9497 2.048 2.1385999999999998 2.2282999999999999 2.3168000000000002 2.4075000000000002 2.5028999999999999 2.5973999999999999 2.7073 2.8195999999999999 2.9470000000000001 3.0844999999999998 3.2130999999999998
-0.39928000000000002 -0.39843000000000001 -0.39731 -0.39578000000000002 -0.39385999999999999 -0.39095000000000002 -0.38729999999999998 -0.38214999999999999 -0.37533 -0.36592999999999998 -0.35282999999999998 -0.33452999999999999 -0.30875000000000002 -0.27246999999999999 -0.221 -0.14695 -0.041618000000000002 0.1017 0.29015999999999997 0.51390999999999998 0.76119000000000003 1.008 1.2412000000000001 1.4388000000000001 1.6149 1.7509999999999999 1.8744000000000001 1.9804999999999999 2.0813999999999999 2.1779000000000002 2.2730000000000001 2.3637000000000001 2.4584000000000001 2.5529000000000002 2.6515 2.7663000000000002 2.8883999999999999 3.0167999999999999 3.1324000000000001
-0.39787 -0.39666000000000001 -0.39545999999999998 -0.39384000000000002 -0.39200000000000002 -0.38944000000000001 -0.38602999999999998 -0.38149 -0.37492999999999999 -0.36613000000000001 -0.35349999999999998 -0.33633999999999997 -0.31219999999999998 -0.27822999999999998 -0.23003999999999999 -0.16300999999999999 -0.067502000000000006 0.060863 0.23061000000000001 0.43669000000000002 0.67203000000000002 0.91274999999999995 1.1514 1.3533999999999999 1.5353000000000001 1.6847000000000001 1.8150999999999999 1.9309000000000001 2.0396000000000001 2.1423000000000001 2.2393000000000001 2.3313000000000001 2.4192999999999998 2.5121000000000002 2.6030000000000002 2.7168999999999999 2.8344 2.9510999999999998 3.0545
-0.39711999999999997 -0.39530999999999999 -0.39340000000000003 -0.39118999999999998 -0.38862000000000002 -0.38573000000000002 -0.38191000000000003 -0.37752999999999998 -0.37134 -0.36318 -0.35160999999999998 -0.33515 -0.31212000000000001 -0.27959000000000001 -0.23351 -0.16930000000000001 -0.079750000000000001 0.040846 0.19699 0.39101000000000002 0.61187999999999998 0.84689999999999999 1.0772999999999999 1.2892999999999999 1.4729000000000001 1.6357999999999999 1.7713000000000001 1.8963000000000001 2.0095999999999998 2.1150000000000002 2.2119 2.3008999999999999 2.3820000000000001 2.4708999999999999 2.5626000000000002 2.6667000000000001 2.7799 2.8885999999999998 2.9828000000000001
-0.39788000000000001 -0.39548 -0.39268999999999998 -0.38971 -0.38602999999999998 -0.38230999999999998 -0.37763000000000002 -0.37230999999999997 -0.36575999999999997 -0.35726999999999998 -0.34638000000000002 -0.33107999999999999 -0.31004999999999999 -0.27960000000000002 -0.23610999999999999 -0.17430000000000001 -0.088839000000000001 0.028292000000000001 0.17724000000000001 0.36275000000000002 0.57332000000000005 0.80118 1.0249999999999999 1.2417 1.427 1.5973999999999999 1.7396 1.8706 1.9890000000000001 2.0926999999999998 2.1846999999999999 2.2679999999999998 2.3469000000000002 2.4274 2.5192000000000001 2.6179000000000001 2.7254999999999998 2.8290000000000002 2.9148000000000001
-0.40283000000000002 -0.40116000000000002 -0.39868999999999999 -0.39522000000000002 -0.39057999999999998 -0.38424000000000003 -0.37673000000000001 -0.36709000000000003 -0.35671999999999998 -0.34425 -0.32967000000000002 -0.31218000000000001 -0.28969 -0.26079999999999998 -0.22111 -0.16594999999999999 -0.089380000000000001 0.015282 0.15318000000000001 0.32256000000000001 0.52175000000000005 0.73606000000000005 0.95333000000000001 1.1626000000000001 1.3585 1.5308999999999999 1.6874 1.8200000000000001 1.9345000000000001 2.0238999999999998 2.1017999999999999 2.1701999999999999 2.2416999999999998 2.3142999999999998 2.4007000000000001 2.4983 2.5979999999999999 2.6917 2.7614999999999998
-0.4052 -0.40450999999999998 -0.40337000000000001 -0.40164 -0.39911999999999997 -0.39534000000000002 -0.38978000000000002 -0.38173000000000001 -0.36993999999999999 -0.35478999999999999 -0.33421000000000001 -0.31032999999999999 -0.28100999999999998 -0.24582999999999999 -0.20252999999999999 -0.14729 -0.074937000000000004 0.019837 0.14555000000000001 0.30242999999999998 0.49009999999999998 0.69688000000000005 0.91208999999999996 1.1174999999999999 1.3104 1.4785999999999999 1.6259999999999999 1.7509999999999999 1.8460000000000001 1.9254 1.9931000000000001 2.0577999999999999 2.1238999999999999 2.202 2.2877999999999998 2.3849 2.4849000000000001 2.5726 2.6316999999999999
-0.40590999999999999 -0.40550000000000003 -0.40493000000000001 -0.40411999999999998 -0.40282000000000001 -0.40067999999999998 -0.39749000000000001 -0.39276 -0.38540999999999997 -0.37420999999999999 -0.35750999999999999 -0.33285999999999999 -0.29994999999999999 -0.25539000000000001 -0.20261000000000001 -0.13699 -0.057611000000000002 0.040573999999999999 0.16173999999999999 0.31220999999999999 0.48721999999999999 0.68454000000000004 0.88695000000000002 1.0835999999999999 1.2612000000000001 1.4193 1.5482 1.6564000000000001 1.738 1.8103 1.8756999999999999 1.9428000000000001 2.0112000000000001 2.0935999999999999 2.1871999999999998 2.2871000000000001 2.3856999999999999 2.4662999999999999 2.5181
-0.40639999999999998 -0.40608 -0.40562999999999999 -0.40500000000000003 -0.40411000000000002 -0.40283000000000002 -0.40081 -0.39777000000000001 -0.39306000000000002 -0.38566 -0.37425999999999998 -0.35615000000000002 -0.32867000000000002 -0.28777999999999998 -0.22989000000000001 -0.15540000000000001 -0.061737 0.046461000000000002 0.17501 0.32446000000000003 0.49401 0.67896000000000001 0.86619999999999997 1.0463 1.2055 1.3445 1.458 1.5498000000000001 1.6254 1.6956 1.7625 1.8335999999999999 1.9100999999999999 1.9933000000000001 2.0973999999999999 2.2035 2.3007 2.3738000000000001 2.4177
-0.40705000000000002 -0.40677000000000002 -0.40637000000000001 -0.40583000000000002 -0.40509000000000001 -0.40405000000000002 -0.40257999999999999 -0.40035999999999999 -0.39701999999999998 -0.39174999999999999 -0.38345000000000001 -0.37039 -0.34954000000000002 -0.31696000000000002 -0.26602999999999999 -0.19339999999999999 -0.094071000000000002 0.026384999999999999 0.16614000000000001 0.32162000000000002 0.48964999999999997 0.66529000000000005 0.83692 0.99777000000000005 1.1408 1.2626999999999999 1.3662000000000001 1.4469000000000001 1.5185 1.589 1.6596 1.7339 1.8176000000000001 1.9105000000000001 2.0188999999999999 2.1274999999999999 2.2210999999999999 2.2909999999999999 2.3275999999999999
-0.40759000000000001 -0.40737000000000001 -0.40705000000000002 -0.40659000000000001 -0.40593000000000001 -0.40500999999999998 -0.40372999999999998 -0.40188000000000001 -0.39918999999999999 -0.39506000000000002 -0.38857000000000003 -0.37835000000000002 -0.36196 -0.33589000000000002 -0.2944 -0.23011000000000001 -0.13763 -0.013174 0.13195999999999999 0.29748999999999998 0.46438000000000001 0.63414000000000004 0.79318999999999995 0.93959999999999999 1.0713999999999999 1.181 1.2771999999999999 1.3516999999999999 1.4224000000000001 1.4922 1.5670999999999999 1.6453 1.7352000000000001 1.8382000000000001 1.9504999999999999 2.0588000000000002 2.1497000000000002 2.2157 2.2490999999999999
-0.40804000000000001 -0.40786 -0.40760999999999997 -0.40722999999999998 -0.40667999999999999 -0.40587000000000001 -0.40472999999999998 -0.40311000000000002 -0.40073999999999999 -0.39721000000000001 -0.39174999999999999 -0.38322000000000001 -0.36958000000000002 -0.34782000000000002 -0.31320999999999999 -0.25819999999999999 -0.17596999999999999 -0.057916000000000002 0.085837999999999998 0.25311 0.42281999999999997 0.58743999999999996 0.73923000000000005 0.87519999999999998 0.99819000000000002 1.1016999999999999 1.1921999999999999 1.2658 1.3367 1.405 1.4846999999999999 1.5698000000000001 1.6662999999999999 1.7758 1.8894 1.9970000000000001 2.0853999999999999 2.1465999999999998 2.1800999999999999
-0.40842000000000001 -0.40827000000000002 -0.40805000000000002 -0.40772999999999998 -0.40726000000000001 -0.40658 -0.40559000000000001 -0.40416999999999997 -0.40205999999999997 -0.39894000000000002 -0.39413999999999999 -0.38675999999999999 -0.37502999999999997 -0.35620000000000002 -0.32623000000000002 -0.27865000000000001 -0.20607 -0.10041 0.038463999999999998 0.20115 0.37469000000000002 0.53290000000000004 0.68122000000000005 0.80935999999999997 0.92562999999999995 1.0275000000000001 1.1142000000000001 1.1889000000000001 1.2595000000000001 1.3290999999999999 1.4113 1.5028999999999999 1.6039000000000001 1.7179 1.8339000000000001 1.9422999999999999 2.0266999999999999 2.0830000000000002 2.1212
-0.40910000000000002 -0.40899000000000002 -0.40883000000000003 -0.40859000000000001 -0.40823999999999999 -0.40772000000000003 -0.40695999999999999 -0.40583000000000002 -0.40414 -0.40155999999999997 -0.39766000000000001 -0.39163999999999999 -0.38233 -0.36747000000000002 -0.34390999999999999 -0.30653000000000002 -0.24848000000000001 -0.16305 -0.043017 0.10133 0.26532 0.41794999999999999 0.56098999999999999 0.68528999999999995 0.79459999999999997 0.89502999999999999 0.97804999999999997 1.0551999999999999 1.1244000000000001 1.2014 1.286 1.3889 1.5 1.6191 1.7369000000000001 1.8401000000000001 1.9215 1.972 2.0091000000000001
-0.40962999999999999 -0.40955000000000003 -0.40943000000000002 -0.40923999999999999 -0.40894000000000003 -0.40849999999999997 -0.40786 -0.40692 -0.40554000000000001 -0.40344999999999998 -0.40028000000000002 -0.39533000000000001 -0.38762999999999997 -0.37540000000000001 -0.35581000000000002 -0.32499 -0.27659 -0.20527000000000001 -0.10453999999999999 0.023664999999999999 0.16830999999999999 0.31784000000000001 0.45201999999999998 0.57833999999999997 0.68176999999999999 0.77783000000000002 0.86245000000000005 0.93972999999999995 1.0119 1.0965 1.1879 1.2935000000000001 1.4119999999999999 1.5345 1.6527000000000001 1.7534000000000001 1.8312999999999999 1.8848 1.9023000000000001
-0.41006999999999999 -0.41000999999999999 -0.40992000000000001 -0.40977999999999998 -0.40955000000000003 -0.40921000000000002 -0.40867999999999999 -0.40788999999999997 -0.40672000000000003 -0.40494999999999998 -0.40227000000000002 -0.39811000000000002 -0.39155000000000001 -0.38125999999999999 -0.36464000000000002 -0.33866000000000002 -0.29792999999999997 -0.23685 -0.15081 -0.036873999999999997 0.092012999999999998 0.23346 0.35987000000000002 0.47976000000000002 0.58360000000000001 0.67666000000000004 0.76219999999999999 0.84011000000000002 0.91832000000000003 1.0048999999999999 1.103 1.2119 1.3360000000000001 1.4615 1.5806 1.6778 1.7524 1.8041 1.8075000000000001
-0.41043000000000002 -0.41037000000000001 -0.41028999999999999 -0.41016999999999998 -0.40999000000000002 -0.40970000000000001 -0.40927000000000002 -0.40861999999999998 -0.40764 -0.40612999999999999 -0.40381 -0.40026 -0.39462000000000003 -0.38582 -0.37165999999999999 -0.34923999999999999 -0.31437999999999999 -0.26134000000000002 -0.18678 -0.086235999999999993 0.030352000000000001 0.15801000000000001 0.28183999999999998 0.39489999999999997 0.49929000000000001 0.58889000000000002 0.67417000000000005 0.75400999999999996 0.83701999999999999 0.92469999999999997 1.0295000000000001 1.1444000000000001 1.2699 1.3974 1.5136000000000001 1.6101000000000001 1.6806000000000001 1.7298 1.7138
-0.41116000000000003 -0.41109000000000001 -0.41099999999999998 -0.41087000000000001 -0.41069 -0.41041 -0.41005000000000003 -0.40952 -0.40869 -0.40738999999999997 -0.40536 -0.40226000000000001 -0.39737 -0.38965 -0.37741000000000002 -0.35783999999999999 -0.32768999999999998 -0.28144000000000002 -0.21593999999999999 -0.12775 -0.020396999999999998 0.095758999999999997 0.21614 0.32238 0.42459999999999998 0.51266 0.59740000000000004 0.67896000000000001 0.7651 0.85612999999999995 0.96504999999999996 1.0846 1.2125999999999999 1.3409 1.4550000000000001 1.5489999999999999 1.6176999999999999 1.6597 1.6259999999999999
-0.41184999999999999 -0.41176000000000001 -0.41165000000000002 -0.41149999999999998 -0.41127000000000002 -0.41097 -0.41060999999999998 -0.41014 -0.40941 -0.40827999999999998 -0.40649999999999997 -0.40375 -0.39945999999999998 -0.39263999999999999 -0.38194 -0.36470000000000002 -0.33825 -0.29781999999999997 -0.23949000000000001 -0.16128000000000001 -0.062427000000000003 0.044014999999999999 0.15831999999999999 0.26044 0.35863 0.44680999999999998 0.53095999999999999 0.61387999999999998 0.70130000000000003 0.79722999999999999 0.90856000000000003 1.0327999999999999 1.163 1.2904 1.4025000000000001 1.4928999999999999 1.5611999999999999 1.5911999999999999 1.5466
-0.41249999999999998 -0.41241 -0.41227999999999998 -0.41210000000000002 -0.41182000000000002 -0.41147 -0.41105000000000003 -0.41060999999999998 -0.40989999999999999 -0.40883000000000003 -0.40720000000000001 -0.4047 -0.40085999999999999 -0.39473000000000003 -0.38523000000000002 -0.37003999999999998 -0.34649000000000002 -0.31081999999999999 -0.25852000000000003 -0.18845000000000001 -0.097709000000000004 0.00092341999999999999 0.10711 0.20773 0.30185000000000001 0.39038 0.47358 0.55767 0.64551000000000003 0.74617999999999995 0.86029999999999995 0.98828000000000005 1.1189 1.2445999999999999 1.3549 1.4415 1.5082 1.5275000000000001 1.4749000000000001
-0.41310999999999998 -0.41302 -0.41288999999999998 -0.41270000000000001 -0.41238000000000002 -0.41200999999999999 -0.41152 -0.41100999999999999 -0.41025 -0.40912999999999999 -0.40753 -0.40512999999999999 -0.40161000000000002 -0.39606000000000002 -0.38746000000000003 -0.37391999999999997 -0.35272999999999999 -0.32090000000000002 -0.27362999999999998 -0.21031 -0.12819 -0.034807999999999999 0.064054 0.16269 0.25302000000000002 0.34171000000000001 0.42405999999999999 0.50878999999999996 0.59667999999999999 0.70187999999999995 0.81964999999999999 0.94984999999999997 1.0786 1.2012 1.3111999999999999 1.3935 1.4582999999999999 1.4661 1.4075
-0.41422999999999999 -0.41415000000000002 -0.41402 -0.41383999999999999 -0.41355999999999998 -0.41317999999999999 -0.41266999999999998 -0.41200999999999999 -0.41110999999999998 -0.40977000000000002 -0.40805999999999998 -0.40555999999999998 -0.40212999999999999 -0.39711000000000002 -0.38952999999999999 -0.37814999999999999 -0.36038999999999999 -0.33411999999999997 -0.29537000000000002 -0.24148 -0.17247999999999999 -0.088356000000000004 -0.0013772999999999999 0.091497999999999996 0.17680999999999999 0.26201999999999998 0.34438000000000002 0.42882999999999999 0.51787000000000005 0.63010999999999995 0.75348000000000004 0.88273000000000001 1.0073000000000001 1.1247 1.2285999999999999 1.3096000000000001 1.3633999999999999 1.3481000000000001 1.2839
-0.41525000000000001 -0.41516999999999998 -0.41505999999999998 -0.41489999999999999 -0.41466999999999998 -0.41433999999999999 -0.41388000000000003 -0.41319 -0.41221000000000002 -0.41078999999999999 -0.40881000000000001 -0.40610000000000002 -0.40221000000000001 -0.39709 -0.38951000000000002 -0.37906000000000001 -0.36337999999999998 -0.34033000000000002 -0.30715999999999999 -0.25995000000000001 -0.20013 -0.12534000000000001 -0.045803999999999997 0.038371000000000002 0.12214 0.20297999999999999 0.28412999999999999 0.36665999999999999 0.46079999999999999 0.57457999999999998 0.70055000000000001 0.82689000000000001 0.94596999999999998 1.0591999999999999 1.1563000000000001 1.2342 1.2745 1.2445999999999999 1.1701999999999999
-0.41616999999999998 -0.41610999999999998 -0.41600999999999999 -0.41587000000000002 -0.41566999999999998 -0.41538000000000003 -0.41499000000000003 -0.41438999999999998 -0.41347 -0.41210999999999998 -0.41006999999999999 -0.40725 -0.40305000000000002 -0.39751999999999998 -0.3896 -0.37877 -0.36381999999999998 -0.34216000000000002 -0.31251000000000001 -0.27044000000000001 -0.21643999999999999 -0.15018999999999999 -0.075428999999999996 0.0012635000000000001 0.082526000000000002 0.15701999999999999 0.23488999999999999 0.31736999999999999 0.41685 0.53076000000000001 0.65529999999999999 0.77780000000000005 0.89354999999999996 1.0015000000000001 1.0912999999999999 1.1664000000000001 1.1938 1.1534 1.0637000000000001
-0.41783999999999999 -0.4178 -0.41772999999999999 -0.41761999999999999 -0.41746 -0.41721999999999998 -0.41687999999999997 -0.41637000000000002 -0.41559000000000001 -0.41442000000000001 -0.41256999999999999 -0.40983000000000003 -0.40575 -0.39978000000000002 -0.39158999999999999 -0.37962000000000001 -0.36459999999999998 -0.34320000000000001 -0.31523000000000001 -0.27733999999999998 -0.22764000000000001 -0.16908999999999999 -0.099436999999999998 -0.030962 0.042405999999999999 0.11307 0.18809999999999999 0.26862000000000003 0.36253000000000002 0.47488000000000002 0.60219 0.72153999999999996 0.83230000000000004 0.93189 1.0182 1.0883 1.0942000000000001 1.0491999999999999 0.94362000000000001
-0.41932000000000003 -0.41929 -0.41925000000000001 -0.41916999999999999 -0.41904000000000002 -0.41885 -0.41857 -0.41814000000000001 -0.41748000000000002 -0.41649000000000003 -0.41493000000000002 -0.41247 -0.40875 -0.40289000000000003 -0.39479999999999998 -0.38268999999999997 -0.36670000000000003 -0.34515000000000001 -0.31658999999999998 -0.28089999999999998 -0.23327000000000001 -0.18013999999999999 -0.11766 -0.053560999999999998 0.012285000000000001 0.077882000000000007 0.15078 0.23066999999999999 0.32207999999999998 0.43525999999999998 0.55457000000000001 0.67208999999999997 0.77949000000000002 0.87333000000000005 0.95391999999999999 1.0122 1.0028999999999999 0.95316999999999996 0.83582999999999996
-0.42065999999999998 -0.42064000000000001 -0.42060999999999998 -0.42054999999999998 -0.42046 -0.42031000000000002 -0.42007 -0.41971000000000003 -0.41915999999999998 -0.41831000000000002 -0.41699999999999998 -0.41487000000000002 -0.41160000000000002 -0.40636 -0.39855000000000002 -0.38700000000000001 -0.37036000000000002 -0.34878999999999999 -0.31868000000000002 -0.28421000000000002 -0.23907 -0.18769 -0.13125999999999999 -0.071848999999999996 -0.012782 0.048217999999999997 0.11915000000000001 0.19711000000000001 0.28525 0.39759 0.51182000000000005 0.62819999999999998 0.73197999999999996 0.81654000000000004 0.89554 0.94296999999999997 0.92474000000000001 0.86148000000000002 0.73853000000000002
-0.42187000000000002 -0.42186000000000001 -0.42183999999999999 -0.42179 -0.42171999999999998 -0.42160999999999998 -0.42142000000000002 -0.42111999999999999 -0.42065000000000002 -0.41993000000000003 -0.41880000000000001 -0.41699000000000003 -0.41411999999999999 -0.40953000000000001 -0.40228999999999998 -0.39156999999999997 -0.37503999999999998 -0.35377999999999998 -0.32401000000000002 -0.28849000000000002 -0.245 -0.19424 -0.14335999999999999 -0.088470999999999994 -0.035852000000000002 0.022009000000000001 0.090509999999999993 0.16555 0.25283 0.36170999999999998 0.47306999999999999 0.58621000000000001 0.68996999999999997 0.76226000000000005 0.84138000000000002 0.87697000000000003 0.85275000000000001 0.77766000000000002 0.65566000000000002
-0.42341000000000001 -0.4234 -0.42337999999999998 -0.42335 -0.42330000000000001 -0.42320000000000002 -0.42304999999999998 -0.42280000000000001 -0.42241000000000001 -0.42179 -0.42081000000000002 -0.41925000000000001 -0.41672999999999999 -0.41271000000000002 -0.40615000000000001 -0.39634000000000003 -0.38099 -0.35985 -0.33095999999999998 -0.29424 -0.25218000000000002 -0.20119000000000001 -0.15557000000000001 -0.10557999999999999 -0.057106999999999998 -0.0013789 0.063718999999999998 0.13519 0.22169 0.32622000000000001 0.43657000000000001 0.54700000000000004 0.64510999999999996 0.71355999999999997 0.79113999999999995 0.81225999999999998 0.78542000000000001 0.7006 0.58520000000000005
-0.42484 -0.42482999999999999 -0.42481999999999998 -0.42479 -0.42475000000000002 -0.42466999999999999 -0.42454999999999998 -0.42433999999999999 -0.42401 -0.42347000000000001 -0.42262 -0.42126000000000002 -0.41903000000000001 -0.41549999999999998 -0.40966000000000002 -0.40067999999999998 -0.38668999999999998 -0.36607000000000001 -0.33839999999999998 -0.30086000000000002 -0.26021 -0.2114 -0.16786000000000001 -0.12195 -0.077437000000000006 -0.023451 0.038025999999999997 0.1061 0.19222 0.29374 0.40328999999999998 0.51134000000000002 0.60214999999999996 0.67108999999999996 0.73985999999999996 0.75133000000000005 0.72204999999999997 0.62958999999999998 0.52036000000000004
-0.42616999999999999 -0.42615999999999998 -0.42614999999999997 -0.42613000000000001 -0.42609000000000002 -0.42603000000000002 -0.42592000000000002 -0.42575000000000002 -0.42546 -0.42499999999999999 -0.42425000000000002 -0.42304999999999998 -0.42107 -0.41793999999999998 -0.41277000000000003 -0.40454000000000001 -0.39179999999999998 -0.37208000000000002 -0.34576000000000001 -0.30871999999999999 -0.26878999999999997 -0.22303999999999999 -0.18076 -0.13816000000000001 -0.095812999999999995 -0.043992000000000003 0.013245 0.078538999999999998 0.16471 0.26400000000000001 0.37491999999999998 0.47982999999999998 0.56137000000000004 0.63116000000000005 0.69196999999999997 0.69565999999999995 0.66264999999999996 0.56371000000000004 0.46032000000000001
-0.42741000000000001 -0.4274 -0.42738999999999999 -0.42737999999999998 -0.42735000000000001 -0.42729 -0.42720999999999998 -0.42706 -0.42681000000000002 -0.4264 -0.42574000000000001 -0.42468 -0.42292000000000002 -0.42009999999999997 -0.41548000000000002 -0.40794999999999998 -0.39631 -0.37769999999999998 -0.35272999999999999 -0.31772 -0.27755000000000002 -0.23504 -0.19361 -0.15418999999999999 -0.11346000000000001 -0.064383999999999997 -0.010404999999999999 0.052749999999999998 0.13916000000000001 0.23672000000000001 0.34783999999999998 0.44952999999999999 0.52403 0.59418000000000004 0.64715 0.64570000000000005 0.60409000000000002 0.50234999999999996 0.40449000000000002
-0.42929 -0.42929 -0.42927999999999999 -0.42925999999999997 -0.42924000000000001 -0.42919000000000002 -0.42912 -0.42898999999999998 -0.42876999999999998 -0.42841000000000001 -0.42781999999999998 -0.42686000000000002 -0.42530000000000001 -0.42272999999999999 -0.41857 -0.41166000000000003 -0.40098 -0.38390000000000002 -0.35985 -0.32690999999999998 -0.28684999999999999 -0.24751999999999999 -0.20644999999999999 -0.17002 -0.13061 -0.084481000000000001 -0.033266999999999998 0.029479000000000002 0.11513 0.21137 0.32024999999999998 0.42126999999999998 0.48823 0.55730999999999997 0.60443999999999998 0.59867999999999999 0.54918 0.44519999999999998 0.35236000000000001
