9 57 39 Original OPLIB GS98; hydrogen response with actual helium-free endpoint
-8 -7.75 -7.5 -7.25 -7 -6.75 -6.5 -6.25 -6 -5.75 -5.5 -5.25 -5 -4.75 -4.5 -4.25 -4 -3.75 -3.5 -3.25 -3 -2.75 -2.5 -2.25 -2 -1.75 -1.5 -1.25 -1 -0.75 -0.5 -0.25 0 0.25 0.5 0.75 1 1.25 1.5
3.7639999999999998 3.843 3.968 4.0650000000000004 4.1619999999999999 4.2409999999999997 4.3659999999999997 4.4630000000000001 4.5419999999999998 4.609 4.6669999999999998 4.7640000000000002 4.843 4.9100000000000001 4.968 5.0190000000000001 5.0650000000000004 5.1619999999999999 5.2409999999999997 5.3659999999999997 5.4630000000000001 5.5419999999999998 5.6669999999999998 5.7640000000000002 5.843 5.9100000000000001 5.968 6.0190000000000001 6.0650000000000004 6.1619999999999999 6.2409999999999997 6.3079999999999998 6.3659999999999997 6.4169999999999998 6.4630000000000001 6.5039999999999996 6.5419999999999998 6.609 6.6669999999999998 6.718 6.7640000000000002 6.8049999999999997 6.843 6.8780000000000001 6.9100000000000001 6.968 7.0190000000000001 7.0650000000000004 7.1159999999999997 7.1619999999999999 7.2030000000000003 7.2409999999999997 7.2759999999999998 7.3079999999999998 7.3380000000000001 7.3659999999999997 7.3920000000000003
0.59999999999999998 0.01
-0.70611000000000002 -0.76668000000000003 -0.82831999999999995 -0.90493999999999997 -0.99200999999999995 -1.0780000000000001 -1.1758999999999999 -1.2755000000000001 -1.3733 -1.4719 -1.5682 -1.6588000000000001 -1.7379 -1.7954000000000001 -1.8317000000000001 -1.8462000000000001 -1.8121 -1.7546999999999999 -1.6825000000000001 -1.5945 -1.4913000000000001 -1.3821000000000001 -1.2854000000000001 -1.3050999999999999 -1.3641000000000001 -1.4805999999999999 -1.4275 -1.3068 -1.1860999999999999 -1.0564 -0.91762999999999995 -0.77922000000000002 -0.62880999999999998 -0.46499000000000001 -0.30186000000000002 -0.11581 0.074688000000000004 0.27085999999999999 0.47611999999999999
-0.58599000000000001 -0.58147000000000004 -0.57843 -0.57596999999999998 -0.57501000000000002 -0.57887 -0.58387 -0.60016999999999998 -0.61894000000000005 -0.64659 -0.68401000000000001 -0.71282999999999996 -0.75814999999999999 -0.79544999999999999 -0.82201000000000002 -0.84789000000000003 -0.86168 -0.86368999999999996 -0.84218999999999999 -0.80503999999999998 -0.75922000000000001 -0.69454000000000005 -0.60528000000000004 -0.51470000000000005 -0.42447000000000001 -0.31270999999999999 -0.2009 -0.090241000000000002 -0.0034451999999999998 0.057715000000000002 0.10834000000000001 0.15470999999999999 0.27772999999999998 0.39965000000000001 0.52037999999999995 0.65308999999999995 0.78837999999999997 0.92257 1.0657000000000001
-0.58969000000000005 -0.58918999999999999 -0.58696999999999999 -0.58123000000000002 -0.57211999999999996 -0.55813000000000001 -0.53739999999999999 -0.50732999999999995 -0.46112999999999998 -0.40376000000000001 -0.32529000000000002 -0.22681999999999999 -0.10732999999999999 0.026561000000000001 0.17888000000000001 0.32572000000000001 0.48198000000000002 0.60780000000000001 0.73309999999999997 0.83436999999999995 0.91835999999999995 1.0024999999999999 1.0645 1.1236999999999999 1.1819999999999999 1.2395 1.2955000000000001 1.3501000000000001 1.4117999999999999 1.4781 1.5425 1.6088 1.6894 1.768 1.8443000000000001 1.9352 2.0289999999999999 2.1204999999999998 2.2168000000000001
-0.52275000000000005 -0.52151000000000003 -0.52051999999999998 -0.51890000000000003 -0.51683999999999997 -0.51310999999999996 -0.50600000000000001 -0.49232999999999999 -0.46872000000000003 -0.42771999999999999 -0.36807000000000001 -0.28151999999999999 -0.16900000000000001 -0.027156 0.14179 0.33383000000000002 0.54396 0.76358999999999999 0.98624999999999996 1.2074 1.4152 1.6041000000000001 1.7696000000000001 1.9217 2.0347 2.1456 2.2288999999999999 2.3006000000000002 2.3704000000000001 2.4293 2.4842 2.5371000000000001 2.5926999999999998 2.6486999999999998 2.7025999999999999 2.7606999999999999 2.8296000000000001 2.8963000000000001 2.9607999999999999
-0.50722999999999996 -0.50009000000000003 -0.49209000000000003 -0.48724000000000001 -0.47792000000000001 -0.46888000000000002 -0.45639999999999997 -0.43915999999999999 -0.41343999999999997 -0.37586999999999998 -0.32140999999999997 -0.24809 -0.15282999999999999 -0.036339000000000003 0.10113999999999999 0.25977 0.43558000000000002 0.63421000000000005 0.84355000000000002 1.0743 1.3093999999999999 1.5524 1.7923 2.0274000000000001 2.2437 2.4470000000000001 2.6173999999999999 2.7698 2.8986000000000001 2.9996999999999998 3.0983000000000001 3.1717 3.2391000000000001 3.3046000000000002 3.3650000000000002 3.4232 3.4794999999999998 3.5446 3.6109
-0.51817999999999997 -0.51195000000000002 -0.50390000000000001 -0.49358999999999997 -0.48094999999999999 -0.46565000000000001 -0.44724000000000003 -0.42370000000000002 -0.39355000000000001 -0.3533 -0.29994999999999999 -0.22869999999999999 -0.14363999999999999 -0.033702999999999997 0.097067000000000001 0.25305 0.42796000000000001 0.62163999999999997 0.82843 1.0421 1.2650999999999999 1.4894000000000001 1.7261 1.9628000000000001 2.2052 2.4424999999999999 2.6741999999999999 2.8868 3.0853999999999999 3.2538999999999998 3.4024999999999999 3.5331000000000001 3.6337999999999999 3.7317999999999998 3.8115000000000001 3.8831000000000002 3.9523999999999999 4.0201000000000002 4.0861000000000001
-0.49772 -0.49717 -0.49160999999999999 -0.48207 -0.47183999999999998 -0.45818999999999999 -0.43928 -0.41627999999999998 -0.38857999999999998 -0.35297000000000001 -0.30704999999999999 -0.24668999999999999 -0.16727 -0.067682000000000006 0.059492999999999997 0.21063999999999999 0.39065 0.59365999999999997 0.81562000000000001 1.0517000000000001 1.2927 1.5419 1.7892999999999999 2.0377999999999998 2.2841 2.528 2.7713999999999999 3.0097999999999998 3.2456999999999998 3.4739 3.6846999999999999 3.8877999999999999 4.0553999999999997 4.2178000000000004 4.3432000000000004 4.4596 4.5583 4.6352000000000002 4.7112999999999996
-0.45823000000000003 -0.45469999999999999 -0.44985999999999998 -0.44058000000000003 -0.42723 -0.41249999999999998 -0.3926 -0.36637999999999998 -0.33230999999999999 -0.29065000000000002 -0.23802000000000001 -0.17512 -0.097184999999999994 -0.0011682000000000001 0.11526 0.26113999999999998 0.42715999999999998 0.62716000000000005 0.84519 1.0833999999999999 1.3354999999999999 1.5949 1.8613999999999999 2.1251000000000002 2.3898000000000001 2.6505000000000001 2.9100000000000001 3.1675 3.4199999999999999 3.6629999999999998 3.8955000000000002 4.1105 4.3167999999999997 4.4862000000000002 4.6521999999999997 4.7832999999999997 4.9092000000000002 5.0134999999999996 5.1059000000000001
-0.44905 -0.44420999999999999 -0.43873000000000001 -0.43217 -0.41992000000000002 -0.40017999999999998 -0.37764999999999999 -0.34578999999999999 -0.30153999999999997 -0.24287 -0.16900999999999999 -0.083141999999999994 0.015188 0.12551999999999999 0.25156000000000001 0.39707999999999999 0.56572999999999996 0.75383999999999995 0.96689999999999998 1.1897 1.4349000000000001 1.6848000000000001 1.9453 2.2115 2.4790999999999999 2.7513000000000001 3.0190000000000001 3.2884000000000002 3.5510999999999999 3.8081 4.0522 4.2843999999999998 4.4923000000000002 4.6874000000000002 4.8540000000000001 5.0102000000000002 5.1368 5.2496999999999998 5.3502000000000001
-0.45099 -0.44611000000000001 -0.44031999999999999 -0.43230000000000002 -0.41925000000000001 -0.40189000000000002 -0.38031999999999999 -0.34983999999999998 -0.30790000000000001 -0.2495 -0.17291000000000001 -0.074779999999999999 0.046032999999999998 0.18823999999999999 0.35141 0.52934999999999999 0.71880999999999995 0.91669999999999996 1.1247 1.3436999999999999 1.5708 1.8112999999999999 2.0531000000000001 2.3123 2.5707 2.8376000000000001 3.1052 3.3723000000000001 3.6372 3.8946000000000001 4.1414999999999997 4.3768000000000002 4.5940000000000003 4.7941000000000003 4.9691000000000001 5.1264000000000003 5.2576000000000001 5.3781999999999996 5.4668000000000001
-0.44624999999999998 -0.44120999999999999 -0.43547999999999998 -0.42879 -0.42060999999999998 -0.40576000000000001 -0.38246000000000002 -0.35498000000000002 -0.31646999999999997 -0.26307000000000003 -0.18973000000000001 -0.095311999999999994 0.025849 0.1706 0.34261000000000003 0.53754000000000002 0.75155000000000005 0.97951999999999995 1.2123999999999999 1.4480999999999999 1.6818 1.9168000000000001 2.1534 2.3948 2.6436000000000002 2.8946000000000001 3.1543000000000001 3.4108000000000001 3.6692999999999998 3.9192 4.1600999999999999 4.3921000000000001 4.6148999999999996 4.8109999999999999 4.9988000000000001 5.1464999999999996 5.2876000000000003 5.3940000000000001 5.4932999999999996
-0.44713000000000003 -0.44189000000000001 -0.43547000000000002 -0.42813000000000001 -0.41937000000000002 -0.40866000000000002 -0.39156999999999997 -0.3629 -0.33067999999999997 -0.28606999999999999 -0.22449 -0.14188000000000001 -0.036060000000000002 0.098334000000000005 0.25619999999999998 0.44175999999999999 0.64571000000000001 0.86768000000000001 1.1035999999999999 1.3472 1.6032999999999999 1.8599000000000001 2.1227 2.3809999999999998 2.6358999999999999 2.8862000000000001 3.1324999999999998 3.3761999999999999 3.6166 3.8532999999999999 4.0846 4.3085000000000004 4.5201000000000002 4.7179000000000002 4.8958000000000004 5.0595999999999997 5.1950000000000003 5.3164999999999996 5.4112
-0.44274000000000002 -0.43775999999999998 -0.43173 -0.42409000000000002 -0.41514000000000001 -0.40345999999999999 -0.38601000000000002 -0.36263000000000001 -0.33423999999999998 -0.29443999999999998 -0.24079 -0.16682 -0.072333999999999996 0.046498999999999999 0.18973999999999999 0.35478999999999999 0.54569000000000001 0.75085000000000002 0.97877999999999998 1.2150000000000001 1.4623999999999999 1.7172000000000001 1.9745999999999999 2.2385999999999999 2.4996999999999998 2.7631000000000001 3.0211000000000001 3.2745000000000002 3.5206 3.7597999999999998 3.9883000000000002 4.2106000000000003 4.4165000000000001 4.6147999999999998 4.7885 4.9489000000000001 5.0862999999999996 5.2038000000000002 5.2942
-0.43163000000000001 -0.42581999999999998 -0.41981000000000002 -0.41244999999999998 -0.40350999999999998 -0.39118999999999998 -0.37329000000000001 -0.35171999999999998 -0.32397999999999999 -0.28681000000000001 -0.23738000000000001 -0.17208000000000001 -0.086011000000000004 0.020154999999999999 0.15497 0.31057000000000001 0.49209000000000003 0.69218999999999997 0.90763000000000005 1.1406000000000001 1.3783000000000001 1.6335 1.8885000000000001 2.1499000000000001 2.4116 2.6730999999999998 2.9350000000000001 3.1938 3.4478 3.6949999999999998 3.9285999999999999 4.1513999999999998 4.3597000000000001 4.5503 4.7244999999999999 4.8723000000000001 5.0052000000000003 5.1026999999999996 5.1890999999999998
-0.41500999999999999 -0.41054000000000002 -0.40397 -0.39637 -0.38734000000000002 -0.37624000000000002 -0.36169000000000001 -0.33932000000000001 -0.30951000000000001 -0.27335999999999999 -0.22459000000000001 -0.16249 -0.080340999999999996 0.020856 0.14610999999999999 0.29548999999999997 0.46600000000000003 0.66373000000000004 0.87434999999999996 1.1059000000000001 1.345 1.5945 1.8511 2.1089000000000002 2.3736999999999999 2.6345999999999998 2.8982999999999999 3.1581000000000001 3.4159000000000002 3.6636000000000002 3.9030999999999998 4.1228999999999996 4.3324999999999996 4.5133000000000001 4.6783999999999999 4.8125999999999998 4.9264999999999999 5.0124000000000004 5.0807000000000002
-0.37131999999999998 -0.36831000000000003 -0.36442999999999998 -0.35827999999999999 -0.35037000000000001 -0.34039999999999998 -0.32584999999999997 -0.30465999999999999 -0.27705000000000002 -0.24279999999999999 -0.19491 -0.13375000000000001 -0.054073999999999997 0.046434999999999997 0.16707 0.31552000000000002 0.48221000000000003 0.67506999999999995 0.88307000000000002 1.1069 1.3458000000000001 1.5892999999999999 1.8469 2.1031 2.3656999999999999 2.6274000000000002 2.8896000000000002 3.1511999999999998 3.4081999999999999 3.6547000000000001 3.8910999999999998 4.1029999999999998 4.3019999999999996 4.4790999999999999 4.6285999999999996 4.7515999999999998 4.8457999999999997 4.9219999999999997 4.9751000000000003
-0.32347999999999999 -0.31901000000000002 -0.31353999999999999 -0.30640000000000001 -0.29814000000000002 -0.28878999999999999 -0.27466000000000002 -0.25583 -0.23005999999999999 -0.19656999999999999 -0.15106 -0.090553999999999996 -0.016038 0.082748000000000002 0.19749 0.34172000000000002 0.50605999999999995 0.69374000000000002 0.90207000000000004 1.1201000000000001 1.3601000000000001 1.6025 1.8567 2.113 2.3714 2.6337000000000002 2.8915000000000002 3.1526999999999998 3.4045000000000001 3.6471 3.8725999999999998 4.0800999999999998 4.2671999999999999 4.4363999999999999 4.5670000000000002 4.6810999999999998 4.7590000000000003 4.8263999999999996 4.8711000000000002
-0.23752999999999999 -0.2215 -0.20530999999999999 -0.18840999999999999 -0.16950000000000001 -0.14935999999999999 -0.12703999999999999 -0.10133 -0.073088 -0.034543999999999998 0.010356000000000001 0.069713999999999998 0.14258999999999999 0.23042000000000001 0.34255000000000002 0.46487000000000001 0.62350000000000005 0.79176000000000002 0.98658999999999997 1.1967000000000001 1.4198999999999999 1.6583000000000001 1.8973 2.1469 2.3929 2.6395 2.8815 3.1154999999999999 3.3401999999999998 3.5541 3.7530999999999999 3.9378000000000002 4.1002999999999998 4.2404000000000002 4.3577000000000004 4.4488000000000003 4.5250000000000004 4.5777999999999999 4.6230000000000002
-0.27811999999999998 -0.25407000000000002 -0.22825999999999999 -0.20077 -0.17091999999999999 -0.13738 -0.099791000000000005 -0.058694999999999997 -0.012678 0.039426999999999997 0.10118000000000001 0.17011000000000001 0.25761000000000001 0.35376999999999997 0.46939999999999998 0.59714999999999996 0.73687000000000002 0.89793000000000001 1.0626 1.2615000000000001 1.4632000000000001 1.6839999999999999 1.9097999999999999 2.1383000000000001 2.3668 2.5863999999999998 2.7986 2.9977999999999998 3.1873 3.3690000000000002 3.5455999999999999 3.7094999999999998 3.8689 3.9994000000000001 4.1223999999999998 4.2169999999999996 4.2988999999999997 4.3602999999999996 4.4084000000000003
-0.41821000000000003 -0.40122999999999998 -0.38035999999999998 -0.35579 -0.32729000000000003 -0.29352 -0.25469999999999998 -0.20762 -0.15543999999999999 -0.093863000000000002 -0.021641000000000001 0.063778000000000001 0.16383 0.28075 0.41108 0.55535999999999996 0.71023000000000003 0.87275000000000003 1.0483 1.2237 1.4172 1.6084000000000001 1.8072999999999999 2.0034999999999998 2.1949999999999998 2.3767999999999998 2.5465 2.7048999999999999 2.8552 3.0043000000000002 3.1537000000000002 3.3048000000000002 3.4519000000000002 3.5975999999999999 3.7219000000000002 3.8384 3.9291999999999998 4.0054999999999996 4.0670000000000002
-0.47614000000000001 -0.46954000000000001 -0.46143000000000001 -0.44978000000000001 -0.43481999999999998 -0.41489999999999999 -0.38901999999999998 -0.35618 -0.31183 -0.26127 -0.19802 -0.12154 -0.028559999999999999 0.084066000000000002 0.21729999999999999 0.37136999999999998 0.54262999999999995 0.72506000000000004 0.91342999999999996 1.1045 1.2930999999999999 1.4843 1.6680999999999999 1.8503000000000001 2.0219 2.1838000000000002 2.3334000000000001 2.4716 2.6069 2.7387999999999999 2.8792 3.0207999999999999 3.1667000000000001 3.3071999999999999 3.4447000000000001 3.5565000000000002 3.6598000000000002 3.7383000000000002 3.8138999999999998
-0.48736000000000002 -0.48515000000000003 -0.48197000000000001 -0.47763 -0.47111999999999998 -0.46245000000000003 -0.44935000000000003 -0.43028 -0.40267999999999998 -0.36536999999999997 -0.31606000000000001 -0.24995000000000001 -0.16678999999999999 -0.060987 0.068625000000000005 0.22262999999999999 0.39889999999999998 0.59033999999999998 0.79078000000000004 0.99253999999999998 1.1900999999999999 1.3803000000000001 1.5612999999999999 1.7316 1.8928 2.0413000000000001 2.1779000000000002 2.3048999999999999 2.4275000000000002 2.5541 2.6831 2.8229000000000002 2.9626999999999999 3.1032999999999999 3.2342 3.3500999999999999 3.4487999999999999 3.5383 3.6263000000000001
-0.49167 -0.49056 -0.48914000000000002 -0.48729 -0.48486000000000001 -0.48121000000000003 -0.47597 -0.46792 -0.4572 -0.44158999999999998 -0.41832999999999998 -0.38427 -0.33361000000000002 -0.26125999999999999 -0.15887999999999999 -0.021354000000000001 0.15137 0.35488999999999998 0.57286999999999999 0.79854999999999998 1.0124 1.2152000000000001 1.3984000000000001 1.5640000000000001 1.7139 1.8488 1.9718 2.0870000000000002 2.1995 2.3155999999999999 2.4398 2.5674000000000001 2.7010999999999998 2.831 2.9491999999999998 3.0596999999999999 3.1617999999999999 3.2706 3.3877000000000002
-0.49356 -0.49275999999999998 -0.49176999999999998 -0.49030000000000001 -0.48826000000000003 -0.48532999999999998 -0.48148999999999997 -0.47619 -0.46810000000000002 -0.45793 -0.44303999999999999 -0.42124 -0.38944000000000001 -0.34300999999999998 -0.27589000000000002 -0.17999000000000001 -0.045952 0.12911 0.34281 0.57679000000000002 0.82027000000000005 1.0411999999999999 1.2484 1.4225000000000001 1.5775999999999999 1.7141999999999999 1.8369 1.9497 2.0640000000000001 2.1768999999999998 2.2980999999999998 2.4190999999999998 2.5407999999999999 2.6560999999999999 2.7671999999999999 2.8734999999999999 2.9862000000000002 3.1092 3.2563
-0.49264000000000002 -0.49219000000000002 -0.49145 -0.49042999999999998 -0.48877999999999999 -0.48666999999999999 -0.48352000000000001 -0.47887999999999997 -0.47226000000000001 -0.46322999999999998 -0.45090999999999998 -0.43343999999999999 -0.40909000000000001 -0.37380999999999998 -0.32244 -0.24839 -0.14399999999999999 -0.00066715999999999998 0.18276999999999999 0.40281 0.64032999999999995 0.87946000000000002 1.0960000000000001 1.2947 1.4548000000000001 1.6005 1.7277 1.8482000000000001 1.9637 2.0813999999999999 2.1966000000000001 2.3136999999999999 2.4258999999999999 2.5339 2.6408 2.7454000000000001 2.8763999999999998 3.0184000000000002 3.1699999999999999
-0.49223 -0.49167 -0.49085000000000001 -0.48988999999999999 -0.48853000000000002 -0.48665000000000003 -0.48396 -0.47981000000000001 -0.47460999999999998 -0.46701999999999999 -0.45644000000000001 -0.44123000000000001 -0.41932000000000003 -0.38828000000000001 -0.34422999999999998 -0.28131 -0.19278999999999999 -0.069556000000000007 0.092175000000000007 0.29222999999999999 0.51661000000000001 0.75338000000000005 0.97389000000000003 1.1782999999999999 1.3532 1.5062 1.6429 1.7694000000000001 1.8899999999999999 2.0101 2.1253000000000002 2.2364999999999999 2.3420999999999998 2.4426999999999999 2.5499000000000001 2.6642000000000001 2.7993999999999999 2.9512 3.0983000000000001
-0.49101 -0.49012 -0.48913000000000001 -0.48794999999999999 -0.48664000000000002 -0.48476999999999998 -0.48238999999999999 -0.47887999999999997 -0.47420000000000001 -0.46742 -0.45752999999999999 -0.44375999999999999 -0.42398999999999998 -0.39589999999999997 -0.35575000000000001 -0.29868 -0.21876999999999999 -0.10940999999999999 0.036951999999999999 0.21867 0.43128 0.65700000000000003 0.88271999999999995 1.0869 1.2758 1.4332 1.5798000000000001 1.7118 1.8379000000000001 1.9581999999999999 2.0709 2.1766999999999999 2.2757999999999998 2.3742999999999999 2.4788000000000001 2.6042999999999998 2.742 2.8917000000000002 3.0320999999999998
-0.49064000000000002 -0.48910999999999999 -0.48754999999999998 -0.48562 -0.48370000000000002 -0.48131000000000002 -0.47849000000000003 -0.47502 -0.47036 -0.46433999999999997 -0.45550000000000002 -0.44302999999999998 -0.42480000000000001 -0.39872000000000002 -0.36142000000000002 -0.30869999999999997 -0.23388999999999999 -0.13228999999999999 0.0035761999999999999 0.17341999999999999 0.37446000000000002 0.59145000000000003 0.81605000000000005 1.0198 1.2123999999999999 1.3798999999999999 1.5325 1.6711 1.7991999999999999 1.9179999999999999 2.0261999999999998 2.1257999999999999 2.218 2.3169 2.4175 2.5508999999999999 2.6909000000000001 2.8351000000000002 2.9666999999999999
-0.49175000000000002 -0.48970000000000002 -0.48749999999999999 -0.48486000000000001 -0.48193999999999998 -0.47869 -0.47469 -0.47045999999999999 -0.46503 -0.45865 -0.45005000000000001 -0.43841000000000002 -0.42205999999999999 -0.39845999999999998 -0.36423 -0.31519000000000003 -0.24514 -0.14846999999999999 -0.019443999999999999 0.14351 0.33583000000000002 0.54657 0.76336000000000004 0.97152000000000005 1.1649 1.3421000000000001 1.4976 1.6411 1.7690999999999999 1.8843000000000001 1.9843999999999999 2.077 2.1634000000000002 2.2639999999999998 2.3711000000000002 2.4998 2.6415000000000002 2.7812999999999999 2.9055
-0.49578 -0.49460999999999999 -0.49282999999999999 -0.49046000000000001 -0.48692000000000002 -0.48232999999999998 -0.47626000000000002 -0.46850999999999998 -0.45973000000000003 -0.44878000000000001 -0.43697999999999998 -0.42196 -0.40382000000000001 -0.38022 -0.34869 -0.30531999999999998 -0.24532999999999999 -0.16067000000000001 -0.047203000000000002 0.10070999999999999 0.27916000000000002 0.48122999999999999 0.68984999999999996 0.89900000000000002 1.0939000000000001 1.2744 1.4339 1.5731999999999999 1.6947000000000001 1.7891999999999999 1.8734999999999999 1.9550000000000001 2.0423 2.137 2.2574999999999998 2.3874 2.5261999999999998 2.6579000000000002 2.7639
-0.49741999999999997 -0.497 -0.49625000000000002 -0.49513000000000001 -0.49341000000000002 -0.49071999999999999 -0.48697000000000001 -0.48118 -0.47294999999999998 -0.46137 -0.44540000000000002 -0.42581999999999998 -0.40040999999999999 -0.37141999999999997 -0.33432000000000001 -0.28827999999999998 -0.22855 -0.15021999999999999 -0.045953000000000001 0.087204000000000004 0.25397999999999998 0.44402000000000003 0.64851999999999999 0.85107999999999995 1.0448 1.2132000000000001 1.3634999999999999 1.4865999999999999 1.5891999999999999 1.6726000000000001 1.7526999999999999 1.8297000000000001 1.9254 2.0295000000000001 2.1509 2.2875999999999999 2.4241999999999999 2.5499000000000001 2.6406999999999998
-0.49801000000000001 -0.49773000000000001 -0.49732999999999999 -0.49678 -0.49596000000000001 -0.49452000000000002 -0.49241000000000001 -0.48919000000000001 -0.48413 -0.47661999999999999 -0.4647 -0.44745000000000001 -0.42237999999999998 -0.38777 -0.34381 -0.28741 -0.22001000000000001 -0.13535 -0.030422999999999999 0.099486000000000005 0.25627 0.43524000000000002 0.62660000000000005 0.81493000000000004 0.99055000000000004 1.1435999999999999 1.2737000000000001 1.3825000000000001 1.4710000000000001 1.5503 1.6326000000000001 1.7191000000000001 1.8167 1.9332 2.0602999999999998 2.1997 2.3355000000000001 2.4523000000000001 2.5339999999999998
-0.49843999999999999 -0.49820999999999999 -0.49790000000000001 -0.49747000000000002 -0.49685000000000001 -0.49597000000000002 -0.49462 -0.49260999999999999 -0.48945 -0.48451 -0.47678999999999999 -0.46450000000000002 -0.44568999999999998 -0.41599999999999998 -0.37396000000000001 -0.31414999999999998 -0.23724000000000001 -0.14258000000000001 -0.028726999999999999 0.10463 0.25829000000000002 0.42853999999999998 0.60419 0.77471999999999996 0.92820999999999998 1.0641 1.1758999999999999 1.2733000000000001 1.3554999999999999 1.4369000000000001 1.5214000000000001 1.6183000000000001 1.722 1.8461000000000001 1.9821 2.1240999999999999 2.2583000000000002 2.3649 2.4327000000000001
-0.49903999999999998 -0.49885000000000002 -0.49858000000000002 -0.49820999999999999 -0.49767 -0.49695 -0.49592000000000003 -0.49442000000000003 -0.49214999999999998 -0.48864000000000002 -0.48311999999999999 -0.47427999999999998 -0.46045000000000003 -0.43835000000000002 -0.40342 -0.35087000000000002 -0.27353 -0.17488000000000001 -0.050671000000000001 0.087977 0.24326 0.40655999999999998 0.56808999999999998 0.72172999999999998 0.85723000000000005 0.97821999999999998 1.0804 1.1702999999999999 1.2501 1.3354999999999999 1.4221999999999999 1.5283 1.6424000000000001 1.7685999999999999 1.9137999999999999 2.0571999999999999 2.1884000000000001 2.2875000000000001 2.3426
-0.49952000000000002 -0.49937999999999999 -0.49918000000000001 -0.49886999999999998 -0.49841000000000002 -0.49776999999999999 -0.49686999999999998 -0.49557000000000001 -0.49370999999999998 -0.4909 -0.48658000000000001 -0.47975000000000001 -0.46886 -0.45156000000000002 -0.42354999999999998 -0.37980000000000003 -0.31211 -0.21754999999999999 -0.094274999999999998 0.050448 0.20582 0.36693999999999999 0.51632 0.65681999999999996 0.78220000000000001 0.89349999999999996 0.99187000000000003 1.0778000000000001 1.1563000000000001 1.2458 1.3396999999999999 1.4487000000000001 1.5718000000000001 1.7053 1.8537999999999999 1.9979 2.1232000000000002 2.2189000000000001 2.2614000000000001
-0.49992999999999999 -0.49981999999999999 -0.49965999999999999 -0.49941000000000002 -0.49903999999999998 -0.4985 -0.49770999999999999 -0.49656 -0.49492000000000003 -0.49247999999999997 -0.48880000000000001 -0.48309999999999997 -0.47400999999999999 -0.45963999999999999 -0.43654999999999999 -0.39983999999999997 -0.34256999999999999 -0.25679000000000002 -0.14187 0.0035352999999999999 0.15529999999999999 0.31414999999999998 0.45613999999999999 0.58830000000000005 0.70757999999999999 0.81371000000000004 0.91173999999999999 0.99551999999999996 1.0779000000000001 1.1667000000000001 1.2670999999999999 1.3784000000000001 1.5113000000000001 1.6521999999999999 1.8001 1.9427000000000001 2.0625 2.1499999999999999 2.1877
-0.50029000000000001 -0.50019999999999998 -0.50005999999999995 -0.49985000000000002 -0.49953999999999998 -0.49907000000000001 -0.49840000000000001 -0.49741000000000002 -0.49596000000000001 -0.49380000000000002 -0.49051 -0.48554000000000003 -0.47770000000000001 -0.46533999999999998 -0.44550000000000001 -0.41382000000000002 -0.36451 -0.28871999999999998 -0.18431 -0.047077000000000001 0.10256 0.25613000000000002 0.39504 0.52131000000000005 0.63749 0.74097999999999997 0.83758999999999995 0.92247999999999997 1.0082 1.0960000000000001 1.2031000000000001 1.3199000000000001 1.4567000000000001 1.6025 1.7512000000000001 1.8923000000000001 2.0076000000000001 2.0861000000000001 2.1212
-0.50094000000000005 -0.50087000000000004 -0.50077000000000005 -0.50061999999999995 -0.50038000000000005 -0.50002999999999997 -0.49952000000000002 -0.49875000000000003 -0.49758999999999998 -0.49584 -0.49314999999999998 -0.48905999999999999 -0.48276000000000002 -0.47286 -0.45735999999999999 -0.43251000000000001 -0.39395000000000002 -0.33473000000000003 -0.24870999999999999 -0.13500000000000001 0.0035533000000000001 0.14213000000000001 0.28228999999999999 0.40056999999999998 0.51292000000000004 0.61516999999999999 0.70972000000000002 0.79820999999999998 0.88707999999999998 0.97941999999999996 1.0944 1.2230000000000001 1.3637999999999999 1.5165999999999999 1.6664000000000001 1.8033999999999999 1.9105000000000001 1.9735 2.0023
-0.50146000000000002 -0.50141000000000002 -0.50134000000000001 -0.50122 -0.50102000000000002 -0.50073000000000001 -0.50029000000000001 -0.49963999999999997 -0.49867 -0.49722 -0.49503000000000003 -0.49163000000000001 -0.48642999999999997 -0.47820000000000001 -0.46533999999999998 -0.44494 -0.41294999999999998 -0.36435000000000001 -0.29227999999999998 -0.19656999999999999 -0.075483999999999996 0.051493999999999998 0.18090000000000001 0.30065999999999998 0.40908 0.51039000000000001 0.60353999999999997 0.69454000000000005 0.78593000000000002 0.88934999999999997 1.0051000000000001 1.1423000000000001 1.2887 1.4426000000000001 1.5916999999999999 1.7213000000000001 1.8219000000000001 1.8775999999999999 1.8987000000000001
-0.50188999999999995 -0.50185999999999997 -0.50180000000000002 -0.50170999999999999 -0.50156999999999996 -0.50134999999999996 -0.50099000000000005 -0.50044999999999995 -0.49963000000000002 -0.49837999999999999 -0.49652000000000002 -0.49363000000000001 -0.48918 -0.48220000000000002 -0.47121000000000002 -0.45400000000000001 -0.42676999999999998 -0.38580999999999999 -0.32491999999999999 -0.24190999999999999 -0.13774 -0.018734000000000001 0.099406999999999995 0.21793000000000001 0.32057999999999998 0.42035 0.51322999999999996 0.60616999999999999 0.70026999999999995 0.81142999999999998 0.93244000000000005 1.0721000000000001 1.2237 1.3783000000000001 1.526 1.6499999999999999 1.7404999999999999 1.792 1.8023
-0.50224999999999997 -0.50222 -0.50216000000000005 -0.50209000000000004 -0.50197000000000003 -0.50178999999999996 -0.50149999999999995 -0.50105999999999995 -0.50038000000000005 -0.49931999999999999 -0.49769999999999998 -0.49519000000000002 -0.49131000000000002 -0.48530000000000001 -0.47571999999999998 -0.46090999999999999 -0.43752000000000002 -0.40203 -0.34982999999999997 -0.27675 -0.18559 -0.075452000000000005 0.032788999999999999 0.14446000000000001 0.24603 0.34321000000000002 0.43593999999999999 0.53069 0.62897000000000003 0.74356 0.87082999999999999 1.0123 1.1671 1.3219000000000001 1.4681 1.5867 1.6675 1.7138 1.7142999999999999
-0.50299000000000005 -0.50295000000000001 -0.50287999999999999 -0.50280000000000002 -0.50268999999999997 -0.50249999999999995 -0.50226000000000004 -0.50190000000000001 -0.50134999999999996 -0.50046999999999997 -0.49908000000000002 -0.49692999999999998 -0.49354999999999999 -0.48837999999999998 -0.48014000000000001 -0.46733000000000002 -0.44730999999999999 -0.41649999999999998 -0.37142999999999998 -0.30674000000000001 -0.22559000000000001 -0.12665999999999999 -0.022615 0.082225000000000006 0.18289 0.27700999999999998 0.36990000000000001 0.46582000000000001 0.56891999999999998 0.68422000000000005 0.81688000000000005 0.96165999999999996 1.1171 1.2726999999999999 1.4128000000000001 1.5302 1.6015999999999999 1.6437999999999999 1.6316999999999999
-0.50368999999999997 -0.50363000000000002 -0.50355000000000005 -0.50344999999999995 -0.50331000000000004 -0.50307999999999997 -0.50285000000000002 -0.50251000000000001 -0.50202999999999998 -0.50124999999999997 -0.50000999999999995 -0.49811 -0.49510999999999999 -0.49048999999999998 -0.48320999999999997 -0.47175 -0.45406000000000002 -0.42659999999999998 -0.38679999999999998 -0.32979000000000003 -0.25581999999999999 -0.16656000000000001 -0.067353999999999997 0.030626 0.13 0.22058 0.31367 0.41032999999999997 0.51637 0.63138000000000005 0.76951000000000003 0.91739999999999999 1.0731999999999999 1.2266999999999999 1.3627 1.4725999999999999 1.5417000000000001 1.5783 1.552
-0.50434999999999997 -0.50427999999999995 -0.50419999999999998 -0.50407000000000002 -0.50390000000000001 -0.50363000000000002 -0.50334999999999996 -0.50300999999999996 -0.50253000000000003 -0.50180000000000002 -0.50063999999999997 -0.49891000000000002 -0.49619999999999997 -0.49197999999999997 -0.48543999999999998 -0.47506999999999999 -0.45927000000000001 -0.43479000000000001 -0.39901999999999999 -0.34820000000000001 -0.28028999999999998 -0.19899 -0.10455 -0.012604000000000001 0.082754999999999995 0.17280999999999999 0.26589000000000002 0.36281000000000002 0.47077000000000002 0.58904999999999996 0.72846 0.87875000000000003 1.0342 1.1850000000000001 1.3171999999999999 1.4198999999999999 1.4859 1.5145999999999999 1.4782999999999999
-0.50495999999999996 -0.50488999999999995 -0.50480999999999998 -0.50468000000000002 -0.50448000000000004 -0.50419999999999998 -0.50385999999999997 -0.50348000000000004 -0.50294000000000005 -0.50217999999999996 -0.50102000000000002 -0.49933 -0.49680000000000002 -0.49288999999999999 -0.48692000000000002 -0.47749999999999998 -0.46317000000000003 -0.44116 -0.40859000000000001 -0.36271999999999999 -0.30003000000000002 -0.22536 -0.13722000000000001 -0.048897000000000003 0.042459999999999998 0.13235 0.22500999999999999 0.32202999999999998 0.43108000000000002 0.55249999999999999 0.69252000000000002 0.84482000000000002 0.99870999999999999 1.147 1.2757000000000001 1.3712 1.4338 1.4552 1.4118999999999999
-0.50607999999999997 -0.50602000000000003 -0.50592999999999999 -0.50580999999999998 -0.50563000000000002 -0.50536999999999999 -0.505 -0.50455000000000005 -0.50390000000000001 -0.50299000000000005 -0.50173999999999996 -0.49991000000000002 -0.49745 -0.49371999999999999 -0.48837000000000003 -0.48021000000000003 -0.46779999999999999 -0.44930999999999999 -0.42152000000000001 -0.38292999999999999 -0.32972000000000001 -0.26390999999999998 -0.18729000000000001 -0.10374 -0.019434 0.069563 0.15995999999999999 0.25799 0.36564999999999998 0.49241000000000001 0.63400000000000001 0.78739000000000003 0.93667 1.0766 1.2013 1.2842 1.3395999999999999 1.3458000000000001 1.2938000000000001
-0.50709000000000004 -0.50704000000000005 -0.50695999999999997 -0.50685000000000002 -0.50668999999999997 -0.50646999999999998 -0.50614999999999999 -0.50568999999999997 -0.50502000000000002 -0.50400999999999996 -0.50266 -0.50065999999999999 -0.49796000000000001 -0.49409999999999998 -0.48859999999999998 -0.48089999999999999 -0.46929999999999999 -0.45295000000000002 -0.42867 -0.39446999999999999 -0.34831000000000001 -0.28849999999999998 -0.22042999999999999 -0.14188000000000001 -0.062970999999999999 0.022713000000000001 0.11136 0.20827000000000001 0.31392999999999999 0.44466 0.58653999999999995 0.73577000000000004 0.88085000000000002 1.0137 1.1272 1.2060999999999999 1.2538 1.2419 1.1870000000000001
-0.50799000000000005 -0.50795000000000001 -0.50788999999999995 -0.50780000000000003 -0.50766 -0.50746999999999998 -0.50719000000000003 -0.50678000000000001 -0.50617999999999996 -0.50524000000000002 -0.50387000000000004 -0.50187999999999999 -0.49895 -0.49495 -0.48895 -0.48119000000000001 -0.46977999999999998 -0.45406999999999997 -0.43182999999999999 -0.40033000000000002 -0.35896 -0.30413000000000001 -0.24204999999999999 -0.17033000000000001 -0.093893000000000004 -0.013077999999999999 0.072012000000000007 0.16805999999999999 0.27650000000000002 0.40549000000000002 0.54559999999999997 0.69030999999999998 0.83167999999999997 0.95881000000000005 1.0611999999999999 1.1352 1.1734 1.1496 1.0896999999999999
-0.50963999999999998 -0.50961999999999996 -0.50958000000000003 -0.50951000000000002 -0.50941000000000003 -0.50924999999999998 -0.50900999999999996 -0.50866 -0.50814000000000004 -0.50736000000000003 -0.50612000000000001 -0.50427 -0.50138000000000005 -0.49735000000000001 -0.49131999999999998 -0.48292000000000002 -0.47136 -0.4551 -0.43402000000000002 -0.40427000000000002 -0.36646000000000001 -0.31756000000000001 -0.25947999999999999 -0.19481999999999999 -0.12229 -0.048104000000000001 0.033251000000000003 0.12741 0.23319000000000001 0.35396 0.49853999999999998 0.63980000000000004 0.77673000000000003 0.89593999999999996 0.98694000000000004 1.0555000000000001 1.0825 1.0503 0.97253999999999996
-0.51110999999999995 -0.5111 -0.51107000000000002 -0.51102999999999998 -0.51095000000000002 -0.51083000000000001 -0.51063999999999998 -0.51034999999999997 -0.50990000000000002 -0.50922999999999996 -0.50817000000000001 -0.50656000000000001 -0.50400999999999996 -0.50012000000000001 -0.49437999999999999 -0.48569000000000001 -0.47410999999999998 -0.45723000000000003 -0.43608000000000002 -0.40740999999999999 -0.37070999999999998 -0.32573000000000002 -0.27045999999999998 -0.21189 -0.14513999999999999 -0.075804999999999997 0.0027464999999999998 0.093742000000000006 0.19758999999999999 0.31798999999999999 0.45628999999999997 0.59363999999999995 0.72416000000000003 0.83843000000000001 0.92071000000000003 0.98380999999999996 0.99497000000000002 0.95998000000000006 0.86722999999999995
-0.51244000000000001 -0.51243000000000005 -0.51241000000000003 -0.51237999999999995 -0.51232999999999995 -0.51222999999999996 -0.51207999999999998 -0.51183999999999996 -0.51146999999999998 -0.51088999999999996 -0.51000000000000001 -0.50858999999999999 -0.50636999999999999 -0.50282000000000004 -0.49753999999999998 -0.48924000000000001 -0.47776000000000002 -0.46118999999999999 -0.43909999999999999 -0.41100999999999999 -0.37413000000000002 -0.33189999999999997 -0.28004000000000001 -0.2258 -0.16494 -0.10015 -0.02351 0.064326999999999995 0.16497000000000001 0.28421000000000002 0.41660999999999998 0.55132000000000003 0.67703000000000002 0.78186999999999995 0.85924 0.91547000000000001 0.91410000000000002 0.87575999999999998 0.77209000000000005
-0.51366000000000001 -0.51365000000000005 -0.51363000000000003 -0.51361000000000001 -0.51356999999999997 -0.51349 -0.51336999999999999 -0.51317999999999997 -0.51287000000000005 -0.51236999999999999 -0.51160000000000005 -0.51036999999999999 -0.50844 -0.50529999999999997 -0.50049999999999994 -0.49297999999999997 -0.48175000000000001 -0.46587000000000001 -0.44313999999999998 -0.41563 -0.37886999999999998 -0.33779999999999999 -0.28964000000000001 -0.23860999999999999 -0.18290000000000001 -0.12305000000000001 -0.047482000000000003 0.037221999999999998 0.13428999999999999 0.25241000000000002 0.38058999999999998 0.51363999999999999 0.63502999999999998 0.72912999999999994 0.80310000000000004 0.85141 0.84241999999999995 0.79744000000000004 0.68620000000000003
-0.51519000000000004 -0.51519000000000004 -0.51517999999999997 -0.51515999999999995 -0.51512000000000002 -0.51507000000000003 -0.51497000000000004 -0.51480999999999999 -0.51454 -0.51412000000000002 -0.51344999999999996 -0.51236000000000004 -0.51066999999999996 -0.50792000000000004 -0.50356000000000001 -0.49676999999999999 -0.48612 -0.47109000000000001 -0.44863999999999998 -0.42137999999999998 -0.38564999999999999 -0.34439999999999998 -0.29970000000000002 -0.25134000000000001 -0.19988 -0.14248 -0.069913000000000003 0.011299 0.10591 0.22273000000000001 0.3478 0.47871999999999998 0.59691000000000005 0.68023 0.75187000000000004 0.79235 0.77849000000000002 0.72202 0.60743000000000003
-0.51661999999999997 -0.51661000000000001 -0.51659999999999995 -0.51658999999999999 -0.51656000000000002 -0.51651000000000002 -0.51642999999999994 -0.51629999999999998 -0.51607000000000003 -0.51570000000000005 -0.51512000000000002 -0.51417000000000002 -0.51266 -0.51022999999999996 -0.50627 -0.50014000000000003 -0.49020999999999998 -0.47609000000000001 -0.45501000000000003 -0.42751 -0.39300000000000002 -0.35138000000000003 -0.31006 -0.26397999999999999 -0.21612999999999999 -0.16056000000000001 -0.091073000000000001 -0.013245 0.079861000000000001 0.1948 0.31767000000000001 0.44302000000000002 0.56018000000000001 0.63417999999999997 0.70370999999999995 0.73521999999999998 0.71921000000000002 0.65232000000000001 0.54052999999999995
-0.51793999999999996 -0.51793999999999996 -0.51793 -0.51792000000000005 -0.51790000000000003 -0.51785999999999999 -0.51778999999999997 -0.51766999999999996 -0.51748000000000005 -0.51715999999999995 -0.51663999999999999 -0.51580000000000004 -0.51443000000000005 -0.51226000000000005 -0.50866999999999996 -0.50310999999999995 -0.49412 -0.48069000000000001 -0.46100999999999998 -0.43365999999999999 -0.40056000000000003 -0.35864000000000001 -0.32081999999999999 -0.27718999999999999 -0.23139000000000001 -0.17710999999999999 -0.11108 -0.036380999999999997 0.055564000000000002 0.16732 0.28875000000000001 0.41138999999999998 0.51954 0.59160000000000001 0.65819000000000005 0.67983000000000005 0.66283999999999998 0.58806000000000003 0.48137999999999997
-0.51917999999999997 -0.51917999999999997 -0.51917999999999997 -0.51915999999999995 -0.51914000000000005 -0.51910999999999996 -0.51905000000000001 -0.51895000000000002 -0.51878000000000002 -0.51849999999999996 -0.51803999999999994 -0.51727999999999996 -0.51604000000000005 -0.51407999999999998 -0.51082000000000005 -0.50571999999999995 -0.49753999999999998 -0.48486000000000001 -0.46648000000000001 -0.43964999999999999 -0.40799999999999997 -0.36814000000000002 -0.33155000000000001 -0.29014000000000001 -0.24625 -0.19436 -0.13250000000000001 -0.058645000000000003 0.032957 0.14198 0.26211000000000001 0.38106000000000001 0.48161999999999999 0.55334000000000005 0.61353999999999997 0.62800999999999996 0.60950000000000004 0.52817000000000003 0.42646000000000001
-0.52107000000000003 -0.52105999999999997 -0.52105999999999997 -0.52105000000000001 -0.52102999999999999 -0.52100000000000002 -0.52095000000000002 -0.52085999999999999 -0.52071000000000001 -0.52046000000000003 -0.52003999999999995 -0.51936000000000004 -0.51822000000000001 -0.51642999999999994 -0.51348000000000005 -0.50875000000000004 -0.50124000000000002 -0.48931000000000002 -0.47209000000000001 -0.44618000000000002 -0.41577999999999998 -0.37857000000000002 -0.34248000000000001 -0.30308000000000002 -0.26074999999999998 -0.21065 -0.15129000000000001 -0.079079999999999998 0.011554 0.11822000000000001 0.23730999999999999 0.35272999999999999 0.44571 0.51627000000000001 0.57113999999999998 0.57965 0.55918999999999996 0.47221999999999997 0.37513999999999997
0.65000000000000002 0.01
-0.67905000000000004 -0.74129 -0.80286000000000002 -0.88317000000000001 -0.97014999999999996 -1.056 -1.1560999999999999 -1.2557 -1.3532999999999999 -1.4527000000000001 -1.5492999999999999 -1.6403000000000001 -1.7191000000000001 -1.778 -1.8165 -1.8308 -1.7972999999999999 -1.7416 -1.6713 -1.5826 -1.4801 -1.3718999999999999 -1.2901 -1.3067 -1.3614999999999999 -1.4706999999999999 -1.3821000000000001 -1.2621 -1.1419999999999999 -1.0114000000000001 -0.87405999999999995 -0.73704000000000003 -0.58625000000000005 -0.42470000000000002 -0.26379999999999998 -0.078646999999999995 0.10931 0.30382999999999999 0.50727
-0.55142999999999998 -0.54732999999999998 -0.54403000000000001 -0.54232000000000002 -0.54090000000000005 -0.54629000000000005 -0.55045999999999995 -0.56960999999999995 -0.58736999999999995 -0.61868999999999996 -0.65503999999999996 -0.68479000000000001 -0.73060999999999998 -0.76665000000000005 -0.79329000000000005 -0.81808000000000003 -0.83072000000000001 -0.83176000000000005 -0.80822000000000005 -0.77180000000000004 -0.72709999999999997 -0.65968000000000004 -0.57299999999999995 -0.48496 -0.39473000000000003 -0.28394000000000003 -0.17385 -0.064836000000000005 0.018121000000000002 0.082829 0.13741 0.19935 0.32147999999999999 0.44251000000000001 0.56235999999999997 0.69591999999999998 0.83001000000000003 0.96301999999999999 1.1064000000000001
-0.55759000000000003 -0.55628999999999995 -0.55320999999999998 -0.54691000000000001 -0.53715999999999997 -0.52239999999999998 -0.50063999999999997 -0.46878999999999998 -0.42104000000000003 -0.36131000000000002 -0.28011999999999998 -0.17907999999999999 -0.056584000000000002 0.078812999999999994 0.23377999999999999 0.37906000000000001 0.53610000000000002 0.65725 0.78303999999999996 0.87814999999999999 0.96204999999999996 1.0448 1.1044 1.1631 1.2210000000000001 1.278 1.3333999999999999 1.3874 1.4504999999999999 1.516 1.5797000000000001 1.6480999999999999 1.7281 1.806 1.8815999999999999 1.9749000000000001 2.0680000000000001 2.1589 2.2574000000000001
-0.50038000000000005 -0.49907000000000001 -0.49770999999999999 -0.49573 -0.49278 -0.48798000000000002 -0.47908000000000001 -0.46307999999999999 -0.43641999999999997 -0.39190000000000003 -0.32779000000000003 -0.23752999999999999 -0.12035 0.025137 0.19797000000000001 0.39258999999999999 0.60468 0.82486999999999999 1.048 1.2670999999999999 1.474 1.6577 1.8229 1.9679 2.0804999999999998 2.1909999999999998 2.2688000000000001 2.3399000000000001 2.4091999999999998 2.4659 2.5200999999999998 2.5724 2.6282999999999999 2.6837 2.7370000000000001 2.7972999999999999 2.8658999999999999 2.9321999999999999 2.9996999999999998
-0.48476999999999998 -0.47777999999999998 -0.46969 -0.46512999999999999 -0.45589000000000002 -0.44662000000000002 -0.43398999999999999 -0.41625000000000001 -0.38978000000000002 -0.35122999999999999 -0.29524 -0.22012999999999999 -0.12268999999999999 -0.0033162000000000001 0.13752 0.30082999999999999 0.48087999999999997 0.68503999999999998 0.89995999999999998 1.1327 1.3707 1.6143000000000001 1.8539000000000001 2.089 2.3016000000000001 2.5045999999999999 2.6686999999999999 2.8208000000000002 2.9430000000000001 3.0436999999999999 3.1421000000000001 3.2113 3.2784 3.3433000000000002 3.403 3.4607000000000001 3.5167000000000002 3.5834999999999999 3.6496
-0.49574000000000001 -0.48943999999999999 -0.48127999999999999 -0.47088999999999998 -0.45821000000000001 -0.44285000000000002 -0.42436000000000001 -0.40067999999999998 -0.37007000000000001 -0.32934999999999998 -0.27522999999999997 -0.20313999999999999 -0.11781 -0.0063156000000000002 0.12597 0.28276000000000001 0.45995000000000003 0.65530999999999995 0.86553999999999998 1.0821000000000001 1.3100000000000001 1.54 1.7797000000000001 2.0207999999999999 2.2648000000000001 2.5030000000000001 2.7351000000000001 2.9445999999999999 3.1432000000000002 3.3056999999999999 3.4540000000000002 3.5785999999999998 3.6789000000000001 3.7766000000000002 3.8529 3.9241999999999999 3.9931999999999999 4.0608000000000004 4.1266999999999996
-0.47811999999999999 -0.47658 -0.47022000000000003 -0.46022999999999997 -0.44947999999999999 -0.43539 -0.41597000000000001 -0.39284000000000002 -0.36477999999999999 -0.32894000000000001 -0.28236 -0.22151000000000001 -0.14099999999999999 -0.040502999999999997 0.087869000000000003 0.24063000000000001 0.42153000000000002 0.62619999999999998 0.84877000000000002 1.0861000000000001 1.3283 1.5782 1.8270999999999999 2.0769000000000002 2.3260999999999998 2.5724 2.8197999999999999 3.0613000000000001 3.3001999999999998 3.5295999999999998 3.7408999999999999 3.9409000000000001 4.1086 4.2712000000000003 4.3912000000000004 4.5076999999999998 4.6014999999999997 4.6783999999999999 4.7545999999999999
-0.44511000000000001 -0.44153999999999999 -0.43646000000000001 -0.42647000000000002 -0.41253000000000001 -0.39677000000000001 -0.37562000000000001 -0.34777000000000002 -0.31207000000000001 -0.26862999999999998 -0.21501999999999999 -0.15078 -0.072202000000000002 0.025361999999999999 0.14249000000000001 0.29054000000000002 0.45896999999999999 0.65981999999999996 0.88012999999999997 1.1188 1.3728 1.6323000000000001 1.8999999999999999 2.1646000000000001 2.4295 2.6918000000000002 2.952 3.2118000000000002 3.4657 3.7103999999999999 3.9443999999999999 4.1605999999999996 4.3650000000000002 4.5358000000000001 4.7009999999999996 4.8301999999999996 4.9566999999999997 5.0572999999999997 5.1497999999999999
-0.43620999999999999 -0.43141000000000002 -0.42607 -0.41963 -0.40703 -0.38701999999999998 -0.36431999999999998 -0.33215 -0.28771999999999998 -0.22869999999999999 -0.15468000000000001 -0.068054000000000003 0.031281000000000003 0.14338999999999999 0.27212999999999998 0.42009999999999997 0.59253 0.78280000000000005 0.99909000000000003 1.2250000000000001 1.4708000000000001 1.7231000000000001 1.9838 2.2519 2.5194999999999999 2.7930999999999999 3.0621 3.3317000000000001 3.5952999999999999 3.8523000000000001 4.0964 4.3293999999999997 4.5361000000000002 4.7325999999999997 4.8968999999999996 5.0542999999999996 5.1768000000000001 5.2903000000000002 5.3876999999999997
-0.43811 -0.43328 -0.42754999999999999 -0.41950999999999999 -0.40621000000000002 -0.38885999999999998 -0.36721999999999999 -0.33657999999999999 -0.29442000000000002 -0.23604 -0.15945999999999999 -0.061913000000000003 0.058394000000000001 0.19958000000000001 0.36293999999999998 0.54159999999999997 0.73336000000000001 0.93483000000000005 1.1465000000000001 1.3702000000000001 1.6000000000000001 1.8442000000000001 2.0893000000000002 2.3494999999999999 2.6103999999999998 2.8774999999999999 3.1465000000000001 3.4134000000000002 3.6785000000000001 3.9350000000000001 4.1811999999999996 4.4147999999999996 4.6318999999999999 4.8289999999999997 5.0046999999999997 5.1584000000000003 5.2901999999999996 5.4066000000000001 5.4953000000000003
-0.43341000000000002 -0.42845 -0.42276999999999998 -0.41620000000000001 -0.40815000000000001 -0.39296999999999999 -0.36942999999999998 -0.34183999999999998 -0.30310999999999999 -0.24958 -0.17599999999999999 -0.081576999999999997 0.039291 0.18382000000000001 0.35489999999999999 0.54954000000000003 0.76275000000000004 0.99136999999999997 1.2250000000000001 1.4633 1.7003999999999999 1.9386000000000001 2.1793999999999998 2.4232999999999998 2.6755 2.9276 3.1890000000000001 3.4462000000000002 3.7038000000000002 3.9521999999999999 4.1917 4.4218999999999999 4.6435000000000004 4.8369 5.0247999999999999 5.1684000000000001 5.3097000000000003 5.4122000000000003 5.5118
-0.43432999999999999 -0.42914000000000002 -0.42280000000000001 -0.41550999999999999 -0.40686 -0.39628000000000002 -0.37889 -0.34989999999999999 -0.31755 -0.27266000000000001 -0.21088000000000001 -0.12778999999999999 -0.021777000000000001 0.11323 0.27171000000000001 0.45728000000000002 0.66181999999999996 0.88339999999999996 1.1195999999999999 1.3622000000000001 1.6181000000000001 1.8742000000000001 2.1362999999999999 2.3946000000000001 2.6503000000000001 2.9018000000000002 3.1492 3.3936000000000002 3.6341999999999999 3.8698000000000001 4.0994000000000002 4.3216000000000001 4.5301999999999998 4.7274000000000003 4.9021999999999997 5.0655000000000001 5.1973000000000003 5.3183999999999996 5.4096000000000002
-0.42999999999999999 -0.42508000000000001 -0.41915999999999998 -0.41165000000000002 -0.40283000000000002 -0.39118999999999998 -0.37347000000000002 -0.35000999999999999 -0.32147999999999999 -0.28138000000000002 -0.22731000000000001 -0.15306 -0.057980999999999998 0.061143000000000003 0.20516999999999999 0.37036999999999998 0.56216999999999995 0.76824000000000003 0.99592999999999998 1.2326999999999999 1.4795 1.7342 1.9903999999999999 2.2536 2.5137 2.7755999999999998 3.0325000000000002 3.2852999999999999 3.5301999999999998 3.7688000000000001 3.9954000000000001 4.2161999999999997 4.4202000000000004 4.6150000000000002 4.7873000000000001 4.944 5.0799000000000003 5.1928999999999998 5.2823000000000002
-0.41893999999999998 -0.4133 -0.40738000000000002 -0.40017999999999998 -0.39141999999999999 -0.37918000000000002 -0.36110999999999999 -0.33971000000000001 -0.31181999999999999 -0.27446999999999999 -0.22464999999999999 -0.15906999999999999 -0.072352 0.034331 0.16977999999999999 0.32629000000000002 0.50783999999999996 0.70874000000000004 0.92396999999999996 1.1576 1.3959999999999999 1.6504000000000001 1.9054 2.1656 2.4266999999999999 2.6867000000000001 2.9474 3.2046000000000001 3.4571000000000001 3.702 3.9342000000000001 4.1543000000000001 4.3606999999999996 4.5475000000000003 4.7191000000000001 4.8621999999999996 4.9920999999999998 5.0849000000000002 5.1692
-0.40264 -0.39815 -0.39173000000000002 -0.38433 -0.37548999999999999 -0.36466999999999999 -0.35027000000000003 -0.32789000000000001 -0.29812 -0.26194000000000001 -0.21276999999999999 -0.15010999999999999 -0.067613000000000006 0.034359000000000001 0.15986 0.31008999999999998 0.48060000000000003 0.67915000000000003 0.89046999999999998 1.1214999999999999 1.3612 1.6101000000000001 1.8669 2.1236999999999999 2.3879999999999999 2.6480999999999999 2.9102999999999999 3.1688000000000001 3.4249000000000001 3.6703000000000001 3.9079000000000002 4.1242000000000001 4.3300000000000001 4.5072000000000001 4.6666999999999996 4.7969999999999997 4.9051 4.9884000000000004 5.0533999999999999
-0.35949999999999999 -0.35654000000000002 -0.35263 -0.34667999999999999 -0.33899000000000001 -0.32929999999999998 -0.31480999999999998 -0.29370000000000002 -0.26640999999999998 -0.23211999999999999 -0.18434 -0.12265 -0.042778999999999998 0.058597000000000003 0.1794 0.32872000000000001 0.49625000000000002 0.68884000000000001 0.89751999999999998 1.1208 1.3603000000000001 1.603 1.8608 2.1168 2.3780999999999999 2.6389999999999998 2.8995000000000002 3.1597 3.4146999999999998 3.6589 3.8917000000000002 4.1009000000000002 4.2953000000000001 4.4684999999999997 4.6113 4.7300000000000004 4.8188000000000004 4.8925000000000001 4.9432999999999998
-0.31211 -0.30769999999999997 -0.30226999999999998 -0.29531000000000002 -0.28727000000000003 -0.27816000000000002 -0.2641 -0.24528 -0.22001000000000001 -0.18659999999999999 -0.14158999999999999 -0.080853999999999995 -0.0065677000000000001 0.092997999999999997 0.20879 0.35299999999999998 0.51841000000000004 0.70576000000000005 0.91476000000000002 1.1322000000000001 1.3725000000000001 1.615 1.8681000000000001 2.1240999999999999 2.3809999999999998 2.6421999999999999 2.8984000000000001 3.1572 3.4064999999999999 3.6463999999999999 3.8679000000000001 4.0724 4.2545999999999999 4.4199000000000002 4.5437000000000003 4.6520999999999999 4.7271999999999998 4.7912999999999997 4.8358999999999996
-0.22635 -0.21046999999999999 -0.19447999999999999 -0.17768 -0.15911 -0.13921 -0.11716 -0.091735999999999998 -0.063937999999999995 -0.025780000000000001 0.018922000000000001 0.077195 0.14990000000000001 0.23637 0.3488 0.47169 0.62929000000000002 0.79839000000000004 0.99219999999999997 1.2030000000000001 1.4251 1.6635 1.9020999999999999 2.1497999999999999 2.3944999999999999 2.6385000000000001 2.8774999999999999 3.1074999999999999 3.3281000000000001 3.5373999999999999 3.7328999999999999 3.9129 4.0728 4.2081999999999997 4.3235999999999999 4.4111000000000002 4.4866000000000001 4.5373999999999999 4.5819000000000001
-0.26611000000000001 -0.24224999999999999 -0.21654999999999999 -0.1893 -0.15962999999999999 -0.12639 -0.089242000000000002 -0.048647000000000003 -0.0030761999999999999 0.048214 0.10933 0.17707000000000001 0.26352999999999999 0.35893000000000003 0.47244000000000003 0.59958999999999996 0.73712 0.89817000000000002 1.0629999999999999 1.2602 1.4621 1.6815 1.9069 2.1337000000000002 2.3607 2.5783 2.7871000000000001 2.9826999999999999 3.1678000000000002 3.3456000000000001 3.5181 3.6787000000000001 3.8340000000000001 3.9634999999999998 4.0833000000000004 4.1776999999999997 4.2575000000000003 4.3194999999999997 4.3681000000000001
-0.40516999999999997 -0.38813999999999999 -0.36738999999999999 -0.34278999999999998 -0.31444 -0.28066999999999998 -0.24210999999999999 -0.1956 -0.14377999999999999 -0.082918000000000006 -0.011587 0.072499999999999995 0.17085 0.28563 0.41387000000000002 0.55545999999999995 0.70853999999999995 0.86848999999999998 1.0430999999999999 1.2178 1.4097999999999999 1.6008 1.7985 1.9943 2.1848999999999998 2.3654999999999999 2.5335999999999999 2.6894 2.8369 2.9821 3.1282999999999999 3.2757999999999998 3.4201999999999999 3.5623999999999998 3.6858 3.7995999999999999 3.8913000000000002 3.9679000000000002 4.0331000000000001
-0.46287 -0.45623999999999998 -0.44811000000000001 -0.4365 -0.42143999999999998 -0.40159 -0.37554999999999999 -0.34287000000000001 -0.29923 -0.24901000000000001 -0.18659999999999999 -0.11118 -0.020031 0.090281 0.22058 0.37169999999999997 0.54027000000000003 0.72072999999999998 0.90737000000000001 1.0978000000000001 1.2853000000000001 1.4766999999999999 1.6604000000000001 1.8422000000000001 2.0133999999999999 2.1745999999999999 2.3229000000000002 2.4592999999999998 2.5920000000000001 2.7212000000000001 2.8576999999999999 2.9962 3.1387 3.2765 3.4121000000000001 3.5228000000000002 3.6255999999999999 3.7082999999999999 3.7898000000000001
-0.47410999999999998 -0.47189999999999999 -0.46869 -0.46434999999999998 -0.45780999999999999 -0.44908999999999999 -0.43597000000000002 -0.41687000000000002 -0.38969999999999999 -0.35255999999999998 -0.30386999999999997 -0.23873 -0.15684000000000001 -0.053192999999999997 0.073839000000000002 0.22467999999999999 0.39806000000000002 0.58708000000000005 0.78588999999999998 0.98675999999999997 1.1839999999999999 1.3741000000000001 1.5551999999999999 1.7253000000000001 1.8865000000000001 2.0345 2.1698 2.2951999999999999 2.4150999999999998 2.5392000000000001 2.6644000000000001 2.8012999999999999 2.9378000000000002 3.0762999999999998 3.2048999999999999 3.3216000000000001 3.4220000000000002 3.5160999999999998 3.6113
-0.47843000000000002 -0.47732000000000002 -0.47589999999999999 -0.47404000000000002 -0.47160999999999997 -0.46794000000000002 -0.4627 -0.45479999999999998 -0.44414999999999999 -0.42871999999999999 -0.40570000000000001 -0.37212000000000001 -0.32223000000000002 -0.25086000000000003 -0.14999000000000001 -0.014215999999999999 0.15644 0.35819000000000001 0.57447000000000004 0.79851000000000005 1.0119 1.2138 1.3969 1.5618000000000001 1.7111000000000001 1.845 1.9670000000000001 2.0802 2.1909000000000001 2.3037999999999998 2.4258999999999999 2.5499999999999998 2.6823000000000001 2.8100999999999998 2.9289000000000001 3.0411000000000001 3.1471 3.2621000000000002 3.3858000000000001
-0.48032999999999998 -0.47953000000000001 -0.47853000000000001 -0.47705999999999998 -0.47499999999999998 -0.47208 -0.46821000000000002 -0.46294000000000002 -0.45506000000000002 -0.44499 -0.43031999999999998 -0.40881000000000001 -0.37752000000000002 -0.33178999999999997 -0.26557999999999998 -0.17079 -0.037997000000000003 0.13594999999999999 0.34882000000000002 0.58189999999999997 0.82508999999999999 1.0445 1.2499 1.4235 1.5771999999999999 1.7129000000000001 1.8339000000000001 1.9453 2.0571999999999999 2.1686000000000001 2.2871999999999999 2.4066000000000001 2.5266999999999999 2.6421000000000001 2.754 2.8635999999999999 2.9813000000000001 3.1088 3.2584
-0.47943000000000002 -0.47898000000000002 -0.47824 -0.47722999999999999 -0.47558 -0.47344999999999998 -0.4703 -0.46567999999999998 -0.45917000000000002 -0.45022000000000001 -0.43808000000000002 -0.42088999999999999 -0.39689999999999998 -0.36215000000000003 -0.31148999999999999 -0.23830999999999999 -0.13503000000000001 0.0073994000000000004 0.19001000000000001 0.40955999999999998 0.64622999999999997 0.88532 1.1000000000000001 1.2984 1.4561999999999999 1.6004 1.7262999999999999 1.8452999999999999 1.9587000000000001 2.0750000000000002 2.1884000000000001 2.3046000000000002 2.4163000000000001 2.5249999999999999 2.6341000000000001 2.7410000000000001 2.8761000000000001 3.0209000000000001 3.1722000000000001
-0.47899999999999998 -0.47846 -0.47765000000000002 -0.47667999999999999 -0.47533999999999998 -0.47344000000000003 -0.47077000000000002 -0.46666999999999997 -0.46154000000000001 -0.45402999999999999 -0.44356000000000001 -0.42854999999999999 -0.40693000000000001 -0.37633 -0.33285999999999999 -0.2707 -0.183 -0.060797999999999998 0.10016 0.29947000000000001 0.52337 0.75895000000000001 0.97938999999999998 1.1818 1.3563000000000001 1.5072000000000001 1.6428 1.7675000000000001 1.8869 2.0055000000000001 2.1196000000000002 2.2301000000000002 2.3361000000000001 2.4376000000000002 2.5470000000000002 2.6648000000000001 2.8010000000000002 2.9537 3.0994000000000002
-0.47777999999999998 -0.47689999999999999 -0.47592000000000001 -0.47472999999999999 -0.47344000000000003 -0.47158 -0.46921000000000002 -0.46576000000000001 -0.46111000000000002 -0.45440999999999998 -0.44461000000000001 -0.43102000000000001 -0.41149999999999998 -0.38375999999999999 -0.34408 -0.28770000000000001 -0.20854 -0.1002 0.045387999999999998 0.22635 0.4385 0.66342000000000001 0.88907000000000003 1.0914999999999999 1.28 1.4351 1.5801000000000001 1.7108000000000001 1.8358000000000001 1.9550000000000001 2.0672000000000001 2.1726000000000001 2.2724000000000002 2.3727999999999998 2.4781 2.6061000000000001 2.7448999999999999 2.8935 3.0318000000000001
-0.47739999999999999 -0.47586000000000001 -0.47431000000000001 -0.47241 -0.47047 -0.46811999999999998 -0.46529999999999999 -0.46189000000000002 -0.45724999999999999 -0.45133000000000001 -0.44261 -0.43025000000000002 -0.41225000000000001 -0.38645000000000002 -0.34956999999999999 -0.29744999999999999 -0.22328999999999999 -0.12246 0.012433 0.18157999999999999 0.38197999999999999 0.59841999999999995 0.82189999999999996 1.0251999999999999 1.216 1.3827 1.5335000000000001 1.671 1.798 1.9158999999999999 2.024 2.1236999999999999 2.2164000000000001 2.3170000000000002 2.4199999999999999 2.5529999999999999 2.6932999999999998 2.8361000000000001 2.9655
-0.47848000000000002 -0.47644999999999998 -0.47422999999999998 -0.47161999999999998 -0.46867999999999999 -0.46545999999999998 -0.46145999999999998 -0.45729999999999998 -0.45194000000000001 -0.4456 -0.43713000000000002 -0.42560999999999999 -0.40947 -0.38612000000000002 -0.35224 -0.30364000000000002 -0.23426 -0.13822999999999999 -0.010158 0.15211 0.34360000000000002 0.55391000000000001 0.76961000000000002 0.97743000000000002 1.1691 1.3455999999999999 1.4992000000000001 1.6415 1.7688999999999999 1.8833 1.9833000000000001 2.0762999999999998 2.1629 2.2648999999999999 2.3738000000000001 2.5017999999999998 2.6435 2.7818000000000001 2.9037999999999999
-0.48252 -0.48135 -0.47954999999999998 -0.47717999999999999 -0.47364000000000001 -0.46900999999999998 -0.46299000000000001 -0.45519999999999999 -0.44651000000000002 -0.43568000000000001 -0.4239 -0.40906999999999999 -0.39104 -0.36773 -0.33649000000000001 -0.29353000000000001 -0.23396 -0.14995 -0.03703 0.11007 0.28795999999999999 0.48937999999999998 0.69704999999999995 0.90493999999999997 1.0991 1.2781 1.4369000000000001 1.5752999999999999 1.6963999999999999 1.7901 1.8746 1.9560999999999999 2.0442999999999998 2.1383999999999999 2.2597 2.3896000000000002 2.5272000000000001 2.6570999999999998 2.7604000000000002
-0.48416999999999999 -0.48375000000000001 -0.48299999999999998 -0.48186000000000001 -0.48014000000000001 -0.47743999999999998 -0.47367999999999999 -0.46789999999999998 -0.45961000000000002 -0.44808999999999999 -0.43208000000000002 -0.41269 -0.38756000000000002 -0.35871999999999998 -0.32205 -0.27639999999999998 -0.21725 -0.13965 -0.036027000000000003 0.096494999999999997 0.26250000000000001 0.45190000000000002 0.65581 0.85740000000000005 1.0505 1.2176 1.3668 1.4897 1.5912999999999999 1.6745000000000001 1.7546999999999999 1.8319000000000001 1.9275 2.0323000000000002 2.1526999999999998 2.2892000000000001 2.4247999999999998 2.5487000000000002 2.6368
-0.48476000000000002 -0.48448000000000002 -0.48409000000000002 -0.48353000000000002 -0.48270000000000002 -0.48126999999999998 -0.47915000000000002 -0.47592000000000001 -0.47084999999999999 -0.46333000000000002 -0.45145000000000002 -0.43413000000000002 -0.40921000000000002 -0.37462000000000001 -0.33109 -0.27500000000000002 -0.20834 -0.12443 -0.020329 0.10885 0.26472000000000001 0.44313000000000002 0.63366999999999996 0.82138999999999995 0.99583999999999995 1.1485000000000001 1.2776000000000001 1.3861000000000001 1.4737 1.5530999999999999 1.635 1.722 1.8187 1.9357 2.0628000000000002 2.2012 2.3355000000000001 2.4498000000000002 2.5286
-0.48519000000000001 -0.48497000000000001 -0.48465999999999998 -0.48422999999999999 -0.48360999999999998 -0.48272999999999999 -0.48137000000000002 -0.47937000000000002 -0.47621000000000002 -0.47126000000000001 -0.46355000000000002 -0.45123000000000002 -0.43243999999999999 -0.40288000000000002 -0.36081999999999997 -0.30148999999999998 -0.22488 -0.13122 -0.018147 0.11415 0.26689000000000002 0.43633 0.61111000000000004 0.78103 0.93362999999999996 1.0690999999999999 1.1799999999999999 1.2766 1.3585 1.4399999999999999 1.524 1.6212 1.7253000000000001 1.8483000000000001 1.9844999999999999 2.1255000000000002 2.258 2.3622000000000001 2.4275000000000002
-0.48579 -0.48560999999999999 -0.48533999999999999 -0.48496 -0.48443000000000003 -0.48370999999999997 -0.48268 -0.48119000000000001 -0.47892000000000001 -0.47542000000000001 -0.46990999999999999 -0.46109 -0.44724999999999998 -0.42519000000000001 -0.39022000000000001 -0.33784999999999998 -0.26058999999999999 -0.16277 -0.039819 0.098048999999999997 0.25206000000000001 0.41450999999999999 0.57504 0.72804000000000002 0.86277000000000004 0.98284000000000005 1.0847 1.1738 1.2532000000000001 1.3387 1.4258999999999999 1.5310999999999999 1.6455 1.7706 1.9159999999999999 2.0585 2.1879 2.2848000000000002 2.3376000000000001
-0.48626999999999998 -0.48614000000000002 -0.48592999999999997 -0.48562 -0.48516999999999999 -0.48453000000000002 -0.48363 -0.48233999999999999 -0.48048999999999997 -0.47769 -0.47338000000000002 -0.46655999999999997 -0.45568999999999998 -0.43841999999999998 -0.41041 -0.36671999999999999 -0.29931999999999997 -0.20488000000000001 -0.082714999999999997 0.061397 0.21512999999999999 0.37547999999999998 0.52346999999999999 0.66300999999999999 0.78798999999999997 0.89839000000000002 0.99641999999999997 1.0813999999999999 1.1601999999999999 1.2491000000000001 1.3433999999999999 1.4516 1.5748 1.7083999999999999 1.8560000000000001 1.9990000000000001 2.1217000000000001 2.2153999999999998 2.2566999999999999
-0.48669000000000001 -0.48658000000000001 -0.48641000000000001 -0.48616999999999999 -0.48580000000000001 -0.48526000000000002 -0.48447000000000001 -0.48332999999999998 -0.48169000000000001 -0.47926000000000002 -0.47560000000000002 -0.46992 -0.46085999999999999 -0.44652999999999998 -0.42349999999999999 -0.38680999999999999 -0.32967000000000002 -0.24390999999999999 -0.12972 0.015282 0.16533999999999999 0.32232 0.4637 0.59477000000000002 0.71360999999999997 0.81891000000000003 0.91639999999999999 0.99933000000000005 1.0818000000000001 1.1698 1.2708999999999999 1.3812 1.5143 1.6551 1.8021 1.9432 2.0609999999999999 2.1459000000000001 2.1833
-0.48704999999999998 -0.48696 -0.48681999999999997 -0.48660999999999999 -0.48629 -0.48582999999999998 -0.48515999999999998 -0.48416999999999999 -0.48272999999999999 -0.48058000000000001 -0.47731000000000001 -0.47236 -0.46455999999999997 -0.45223000000000002 -0.43246000000000001 -0.40082000000000001 -0.35160000000000002 -0.27583999999999997 -0.17185 -0.035816000000000001 0.11334 0.26476 0.40306999999999998 0.52807999999999999 0.64378000000000002 0.74646999999999997 0.84214 0.92650999999999994 1.0121 1.0991 1.2068000000000001 1.3239000000000001 1.4597 1.6053999999999999 1.7532000000000001 1.8928 2.0061 2.0821999999999998 2.1175999999999999
-0.48769000000000001 -0.48763000000000001 -0.48753000000000002 -0.48737000000000003 -0.48714000000000002 -0.48679 -0.48627999999999999 -0.48552000000000001 -0.48436000000000001 -0.48261999999999999 -0.47993999999999998 -0.47587000000000002 -0.46961000000000003 -0.45974999999999999 -0.44431999999999999 -0.41957 -0.38107000000000002 -0.32206000000000001 -0.23610999999999999 -0.12311 0.015143999999999999 0.15193000000000001 0.29026000000000002 0.40805999999999998 0.51934999999999998 0.62116000000000005 0.71477999999999997 0.80269000000000001 0.89093999999999995 0.98392999999999997 1.0980000000000001 1.2269000000000001 1.3674999999999999 1.5194000000000001 1.6682999999999999 1.8028999999999999 1.9089 1.9699 1.9996
-0.48820999999999998 -0.48816999999999999 -0.48809000000000002 -0.48797000000000001 -0.48777999999999999 -0.48748999999999998 -0.48703999999999997 -0.4864 -0.48543999999999998 -0.48399999999999999 -0.48181000000000002 -0.47843000000000002 -0.47326000000000001 -0.46507999999999999 -0.45228000000000002 -0.43197999999999998 -0.40006000000000003 -0.35164000000000001 -0.27968999999999999 -0.18445 -0.064560000000000006 0.062017999999999997 0.18970999999999999 0.30897999999999998 0.41599999999999998 0.51680999999999999 0.60902999999999996 0.69947999999999999 0.79003999999999996 0.89388999999999996 1.0087999999999999 1.1462000000000001 1.2924 1.4453 1.5931 1.7208000000000001 1.8190999999999999 1.8746 1.8959999999999999
-0.48864999999999997 -0.48860999999999999 -0.48854999999999998 -0.48847000000000002 -0.48831999999999998 -0.48809999999999998 -0.48775000000000002 -0.48720999999999998 -0.4864 -0.48515000000000003 -0.48330000000000001 -0.48043000000000002 -0.47599999999999998 -0.46906999999999999 -0.45812000000000003 -0.441 -0.41385 -0.37306 -0.3125 -0.22966 -0.12637999999999999 -0.0077200999999999997 0.10885 0.22628999999999999 0.32805000000000001 0.42685000000000001 0.51910000000000001 0.61141999999999996 0.70469999999999999 0.81603999999999999 0.93723000000000001 1.0760000000000001 1.2274 1.3811 1.5275000000000001 1.6495 1.738 1.7895000000000001 1.7995000000000001
-0.48901 -0.48897000000000002 -0.48892000000000002 -0.48885000000000001 -0.48873 -0.48853999999999997 -0.48826000000000003 -0.48781999999999998 -0.48715000000000003 -0.48609000000000002 -0.48447000000000001 -0.48198999999999997 -0.47813 -0.47216000000000002 -0.46261000000000002 -0.44788 -0.42462 -0.38923000000000002 -0.33732000000000001 -0.26440000000000002 -0.17394000000000001 -0.064845 0.042782000000000001 0.153 0.25402999999999998 0.35010000000000002 0.44218000000000002 0.53627000000000002 0.63454999999999995 0.74831000000000003 0.87568999999999997 1.0166999999999999 1.1708000000000001 1.3248 1.4695 1.5863 1.6654 1.712 1.7115
-0.48975000000000002 -0.48970000000000002 -0.48964000000000002 -0.48956 -0.48943999999999999 -0.48925999999999997 -0.48903000000000002 -0.48865999999999998 -0.48812 -0.48724000000000001 -0.48585 -0.48370999999999997 -0.48032999999999998 -0.47517999999999999 -0.46699000000000002 -0.45418999999999998 -0.43425000000000002 -0.40348000000000001 -0.35859999999999997 -0.29421000000000003 -0.21345 -0.11561 -0.012031 0.091322 0.19141 0.28427999999999998 0.37655 0.47166999999999998 0.57464999999999999 0.68911999999999995 0.82182999999999995 0.96618000000000004 1.1207 1.2750999999999999 1.4134 1.5283 1.5996999999999999 1.6426000000000001 1.6275999999999999
-0.49045 -0.49038999999999999 -0.49031000000000002 -0.49020000000000002 -0.49007000000000001 -0.48984 -0.48960999999999999 -0.48927999999999999 -0.48880000000000001 -0.48802000000000001 -0.48677999999999999 -0.48488999999999999 -0.48191000000000001 -0.47728999999999999 -0.47005000000000002 -0.45861000000000002 -0.44098999999999999 -0.41356999999999999 -0.37395 -0.31730999999999998 -0.24356 -0.15522 -0.056453999999999997 0.040120000000000003 0.13827 0.22819 0.32058999999999999 0.41642000000000001 0.52202999999999999 0.63654999999999995 0.77446999999999999 0.92196999999999996 1.0768 1.2291000000000001 1.3633999999999999 1.4710000000000001 1.54 1.5764 1.5477000000000001
-0.49109999999999998 -0.49103999999999998 -0.49095 -0.49082999999999999 -0.49064999999999998 -0.49038999999999999 -0.49010999999999999 -0.48977999999999999 -0.48930000000000001 -0.48857 -0.48742000000000002 -0.48569000000000001 -0.48299999999999998 -0.47878999999999999 -0.47227999999999998 -0.46193000000000001 -0.44619999999999999 -0.42185 -0.38614999999999999 -0.33563999999999999 -0.26793 -0.18744 -0.093401999999999999 -0.0027631999999999999 0.091333999999999999 0.18074000000000001 0.27299000000000001 0.36908999999999997 0.47649000000000002 0.59475999999999996 0.73358000000000001 0.88343000000000005 1.0379 1.1874 1.3179000000000001 1.4186000000000001 1.4846999999999999 1.5127999999999999 1.4741
-0.49170999999999998 -0.49164999999999998 -0.49156 -0.49142999999999998 -0.49124000000000001 -0.49096000000000001 -0.49060999999999999 -0.49025000000000002 -0.48970999999999998 -0.48895 -0.48780000000000001 -0.48612 -0.48360999999999998 -0.47971000000000003 -0.47377000000000002 -0.46439999999999998 -0.4501 -0.42820999999999998 -0.3957 -0.35010999999999998 -0.28760000000000002 -0.21362999999999999 -0.12659999999999999 -0.038780000000000002 0.051324000000000002 0.14057 0.23229 0.32878000000000002 0.43685000000000002 0.55835000000000001 0.69779000000000002 0.84965999999999997 1.0023 1.1493 1.2763 1.3701000000000001 1.4330000000000001 1.4534 1.4085000000000001
-0.49284 -0.49278 -0.49269000000000002 -0.49256 -0.49237999999999998 -0.49213000000000001 -0.49175999999999997 -0.49131000000000002 -0.49067 -0.48975999999999997 -0.48852000000000001 -0.48670000000000002 -0.48426000000000002 -0.48057 -0.47524 -0.46712999999999999 -0.45476 -0.43636999999999998 -0.40866000000000002 -0.37028 -0.31752999999999998 -0.25197999999999998 -0.17630999999999999 -0.093215000000000006 -0.010151 0.077880000000000005 0.16749 0.26484999999999997 0.37152000000000002 0.4985 0.63973000000000002 0.79191999999999996 0.93996999999999997 1.0781000000000001 1.2004999999999999 1.2834000000000001 1.3391999999999999 1.3428 1.2901
-0.49385000000000001 -0.49379000000000001 -0.49371999999999999 -0.49359999999999998 -0.49345 -0.49323 -0.49291000000000001 -0.49245 -0.49177999999999999 -0.49076999999999998 -0.48942999999999998 -0.48746 -0.48476000000000002 -0.48094999999999999 -0.47547 -0.46783999999999998 -0.45634000000000002 -0.44005 -0.41593999999999998 -0.38185000000000002 -0.33607999999999999 -0.27649000000000001 -0.20926 -0.13178000000000001 -0.053430999999999999 0.031177 0.11903 0.21518999999999999 0.32078000000000001 0.45099 0.59243000000000001 0.74048000000000003 0.88400000000000001 1.0152000000000001 1.1267 1.2055 1.2528999999999999 1.2386999999999999 1.1826000000000001
-0.49474000000000001 -0.49470999999999998 -0.49464999999999998 -0.49454999999999999 -0.49442000000000003 -0.49421999999999999 -0.49395 -0.49353999999999998 -0.49292999999999998 -0.49199999999999999 -0.49064000000000002 -0.48865999999999998 -0.48574000000000001 -0.48177999999999999 -0.47586000000000001 -0.46811999999999998 -0.45684999999999998 -0.44119000000000003 -0.41915000000000002 -0.38775999999999999 -0.34675 -0.29257 -0.23083999999999999 -0.16012999999999999 -0.084237999999999993 -0.0045782000000000002 0.079701999999999995 0.17509 0.28350999999999998 0.41200999999999999 0.55162999999999995 0.69523000000000001 0.83509999999999995 0.96031999999999995 1.0609 1.1351 1.1726000000000001 1.1474 1.0833999999999999
-0.49640000000000001 -0.49636999999999998 -0.49632999999999999 -0.49626999999999999 -0.49615999999999999 -0.496 -0.49576999999999999 -0.49542000000000003 -0.49490000000000001 -0.49410999999999999 -0.49287999999999998 -0.49103999999999998 -0.48818 -0.48415000000000002 -0.47819 -0.46982000000000002 -0.45840999999999998 -0.44219999999999998 -0.42137000000000002 -0.39196999999999999 -0.35432000000000002 -0.30604999999999999 -0.24831 -0.18462000000000001 -0.11262 -0.039553999999999999 0.041346000000000001 0.13461999999999999 0.23965 0.36024 0.50512000000000001 0.64502999999999999 0.77937000000000001 0.89715 0.9869 1.056 1.0818000000000001 1.0478000000000001 0.96599999999999997
-0.49786999999999998 -0.49785000000000001 -0.49782999999999999 -0.49778 -0.49770999999999999 -0.49758000000000002 -0.49739 -0.49709999999999999 -0.49665999999999999 -0.49598999999999999 -0.49493999999999999 -0.49331999999999998 -0.49079 -0.4869 -0.48121000000000003 -0.47254000000000002 -0.46110000000000001 -0.44446000000000002 -0.4234 -0.39512999999999998 -0.35860999999999998 -0.31426999999999999 -0.25935000000000002 -0.20175999999999999 -0.13592000000000001 -0.067280000000000006 0.010905 0.10106999999999999 0.20412 0.32461000000000001 0.46222999999999997 0.59855999999999998 0.72704000000000002 0.83864000000000005 0.92064000000000001 0.98441999999999996 0.99285999999999996 0.95659000000000005 0.86058999999999997
-0.49919999999999998 -0.49919000000000002 -0.49917 -0.49913999999999997 -0.49908000000000002 -0.49898999999999999 -0.49884000000000001 -0.49859999999999999 -0.49822 -0.49764999999999998 -0.49675999999999998 -0.49535000000000001 -0.49314999999999998 -0.48959999999999998 -0.48435 -0.47613 -0.46467999999999998 -0.44834000000000002 -0.42632999999999999 -0.3987 -0.36199999999999999 -0.32046000000000002 -0.26951999999999998 -0.21575 -0.15572 -0.091620999999999994 -0.015263000000000001 0.071884000000000003 0.17158000000000001 0.29113 0.42281000000000002 0.55654000000000003 0.68010999999999999 0.78227000000000002 0.85972000000000004 0.91557999999999995 0.91191999999999995 0.87197000000000002 0.76524000000000003
-0.50041000000000002 -0.50039999999999996 -0.50039 -0.50036000000000003 -0.50031999999999999 -0.50024999999999997 -0.50012999999999996 -0.49992999999999999 -0.49962000000000001 -0.49913000000000002 -0.49836000000000003 -0.49713000000000002 -0.49520999999999998 -0.49209000000000003 -0.48729 -0.47982999999999998 -0.46862999999999999 -0.45294000000000001 -0.43028 -0.40322000000000002 -0.36710999999999999 -0.32632 -0.27915000000000001 -0.22858999999999999 -0.17369000000000001 -0.11418 -0.039120000000000002 0.044815000000000001 0.14099 0.25962000000000002 0.38702999999999999 0.51919000000000004 0.63834999999999997 0.72948999999999997 0.80401999999999996 0.85155000000000003 0.84116000000000002 0.79237999999999997 0.67925999999999997
-0.50195000000000001 -0.50194000000000005 -0.50192999999999999 -0.50190999999999997 -0.50187999999999999 -0.50182000000000004 -0.50172000000000005 -0.50156000000000001 -0.50129999999999997 -0.50087000000000004 -0.50021000000000004 -0.49913000000000002 -0.49743999999999999 -0.49469999999999997 -0.49034 -0.48360999999999998 -0.47297 -0.45809 -0.43597000000000002 -0.40884999999999999 -0.37378 -0.33280999999999999 -0.28919 -0.24129 -0.19062999999999999 -0.13336999999999999 -0.061440000000000002 0.018949000000000001 0.11317000000000001 0.23021 0.35450999999999999 0.48331000000000002 0.60053999999999996 0.68069000000000002 0.75305999999999995 0.79264000000000001 0.77715999999999996 0.71677999999999997 0.60055999999999998
-0.50336999999999998 -0.50336999999999998 -0.50336000000000003 -0.50334000000000001 -0.50331999999999999 -0.50327 -0.50319000000000003 -0.50305 -0.50283 -0.50246000000000002 -0.50187999999999999 -0.50092999999999999 -0.49941999999999998 -0.497 -0.49306 -0.48696 -0.47710000000000002 -0.46301999999999999 -0.44224000000000002 -0.41485 -0.38100000000000001 -0.33965000000000001 -0.29946 -0.25409999999999999 -0.20680999999999999 -0.15137 -0.082496 -0.0055300000000000002 0.087354000000000001 0.20183000000000001 0.32402999999999998 0.44782 0.56169999999999998 0.63458999999999999 0.70521999999999996 0.73426000000000002 0.71757000000000004 0.64703999999999995 0.53574999999999995
-0.50470000000000004 -0.50468999999999997 -0.50468999999999997 -0.50466999999999995 -0.50465000000000004 -0.50461 -0.50453999999999999 -0.50443000000000005 -0.50424000000000002 -0.50392000000000003 -0.50339999999999996 -0.50256000000000001 -0.50119999999999998 -0.49902999999999997 -0.49545 -0.48991000000000001 -0.48099999999999998 -0.46759000000000001 -0.44814999999999999 -0.42088999999999999 -0.38840999999999998 -0.34709000000000001 -0.31009999999999999 -0.26718999999999998 -0.22191 -0.16786999999999999 -0.10244 -0.028584999999999999 0.063289999999999999 0.17454 0.29542000000000002 0.41632999999999998 0.52120999999999995 0.59262999999999999 0.65910000000000002 0.67884999999999995 0.66056999999999999 0.58257999999999999 0.47654000000000002
-0.50593999999999995 -0.50593999999999995 -0.50592999999999999 -0.50592000000000004 -0.50590000000000002 -0.50587000000000004 -0.50580999999999998 -0.50570999999999999 -0.50553999999999999 -0.50526000000000004 -0.50478999999999996 -0.50404000000000004 -0.50280999999999998 -0.50085000000000002 -0.49762000000000001 -0.49252000000000001 -0.48438999999999999 -0.47172999999999998 -0.45355000000000001 -0.42679 -0.39571000000000001 -0.35691000000000001 -0.32067000000000001 -0.28001999999999999 -0.23663000000000001 -0.18498999999999999 -0.12368 -0.050605999999999998 0.040908 0.14939 0.26901999999999998 0.38622000000000001 0.48343000000000003 0.55474000000000001 0.61451999999999996 0.62690000000000001 0.60697000000000001 0.52263000000000004 0.42155999999999999
-0.50782000000000005 -0.50782000000000005 -0.50780999999999998 -0.50780000000000003 -0.50778999999999996 -0.50775999999999999 -0.50770999999999999 -0.50761999999999996 -0.50746999999999998 -0.50722 -0.50680000000000003 -0.50612000000000001 -0.50499000000000005 -0.50321000000000005 -0.50026999999999999 -0.49554999999999999 -0.48808000000000001 -0.47616000000000003 -0.45910000000000001 -0.43359999999999999 -0.40337000000000001 -0.36719000000000002 -0.33143 -0.29282999999999998 -0.25097000000000003 -0.20119999999999999 -0.14244999999999999 -0.070972999999999994 0.019710999999999999 0.12581999999999999 0.24443000000000001 0.35808000000000001 0.44766 0.51785999999999999 0.57216999999999996 0.57976000000000005 0.55620000000000003 0.46649000000000002 0.37018000000000001
0.69999999999999996 0.01
-0.65556999999999999 -0.71775999999999995 -0.77925999999999995 -0.86299000000000003 -0.94987999999999995 -1.0367999999999999 -1.1377999999999999 -1.2373000000000001 -1.3348 -1.4351 -1.5318000000000001 -1.6234 -1.7020999999999999 -1.7628999999999999 -1.8038000000000001 -1.8177000000000001 -1.7864 -1.7330000000000001 -1.6648000000000001 -1.5754999999999999 -1.4738 -1.3666 -1.2971999999999999 -1.3098000000000001 -1.3589 -1.4584999999999999 -1.3400000000000001 -1.2204999999999999 -1.1011 -0.96972999999999998 -0.83357999999999999 -0.69779999999999998 -0.54668000000000005 -0.38716 -0.22827 -0.043906000000000001 0.14171 0.33473999999999998 0.53646000000000005
-0.51941999999999999 -0.51568999999999998 -0.51214999999999999 -0.51110999999999995 -0.50922999999999996 -0.51600999999999997 -0.51939999999999997 -0.54118999999999995 -0.55798999999999999 -0.59272000000000002 -0.62805 -0.66019000000000005 -0.70494000000000001 -0.73980000000000001 -0.76668000000000003 -0.79030999999999996 -0.80189999999999995 -0.80176000000000003 -0.77695000000000003 -0.74128000000000005 -0.69767000000000001 -0.62812000000000001 -0.54398999999999997 -0.45845999999999998 -0.36753000000000002 -0.2586 -0.15031 -0.043039000000000001 0.037927000000000002 0.10649 0.16538 0.2407 0.36203999999999997 0.48227999999999999 0.60165000000000002 0.73568 0.86870000000000003 1.0006999999999999 1.1444000000000001
-0.52749999999999997 -0.52558000000000005 -0.52180000000000004 -0.51498999999999995 -0.50466999999999995 -0.48918 -0.46644000000000002 -0.43274000000000001 -0.38378000000000001 -0.32167000000000001 -0.23791999999999999 -0.13447999999999999 -0.0091841000000000006 0.12761 0.28160000000000002 0.42870999999999998 0.58133000000000001 0.70318000000000003 0.82938999999999996 0.91874 1.0025999999999999 1.0821000000000001 1.1413 1.1997 1.2572000000000001 1.3136000000000001 1.3685 1.4218999999999999 1.4863 1.5511999999999999 1.6142000000000001 1.6845000000000001 1.7639 1.8411999999999999 1.9171 2.0118 2.1042999999999998 2.1945999999999999 2.2951000000000001
-0.47910999999999998 -0.47769 -0.47599999999999998 -0.47363 -0.46987000000000001 -0.46396999999999999 -0.45340999999999998 -0.43519000000000002 -0.40544999999999998 -0.35793000000000003 -0.2898 -0.19608 -0.074690000000000006 0.074144000000000002 0.25045000000000001 0.44769999999999999 0.66115999999999997 0.88178000000000001 1.1052999999999999 1.3224 1.5285 1.7074 1.8723000000000001 2.0108000000000001 2.1229 2.2330999999999999 2.3058000000000001 2.3763999999999998 2.4441999999999999 2.4998 2.5533999999999999 2.6051000000000002 2.6614 2.7162000000000002 2.7690000000000001 2.8313999999999999 2.8996 2.9657 3.0362
-0.46340999999999999 -0.45656000000000002 -0.44879000000000002 -0.44406000000000001 -0.43491999999999997 -0.42542999999999997 -0.41265000000000002 -0.39441999999999999 -0.36721999999999999 -0.32756000000000002 -0.27023999999999998 -0.19333 -0.093849000000000002 0.02843 0.17241999999999999 0.34022999999999998 0.52476999999999996 0.73329999999999995 0.95301000000000002 1.1875 1.4278 1.6719999999999999 1.9112 2.1461999999999999 2.3553999999999999 2.5581999999999998 2.7162999999999999 2.8681999999999999 2.9842 3.0847000000000002 3.1793999999999998 3.2482000000000002 3.3148 3.379 3.4382999999999999 3.4956999999999998 3.5518999999999998 3.6196999999999999 3.6857000000000002
-0.47439999999999999 -0.46804000000000001 -0.45977000000000001 -0.44930999999999999 -0.43659999999999999 -0.42120999999999997 -0.40260000000000001 -0.37877 -0.34769 -0.30651 -0.25165999999999999 -0.17882000000000001 -0.092385999999999996 0.019807000000000002 0.15359 0.31114000000000003 0.49065999999999999 0.68762000000000001 0.90132000000000001 1.1216999999999999 1.3531 1.5882000000000001 1.8307 2.0754000000000001 2.3207 2.5594999999999999 2.7919 2.9984999999999999 3.1968999999999999 3.3538999999999999 3.5019 3.6208 3.7208000000000001 3.8180000000000001 3.8914 3.9622999999999999 4.0311000000000003 4.0986000000000002 4.1643999999999997
-0.45928999999999998 -0.45687 -0.44972000000000001 -0.43940000000000001 -0.42815999999999999 -0.41367999999999999 -0.39387 -0.37054999999999999 -0.34216999999999997 -0.30608999999999997 -0.25885999999999998 -0.19753999999999999 -0.11595999999999999 -0.014205000000000001 0.11495 0.26928999999999997 0.45104 0.65732999999999997 0.88048999999999999 1.1191 1.3625 1.6129 1.8634999999999999 2.1143999999999998 2.3664000000000001 2.6150000000000002 2.8662000000000001 3.1109 3.3519000000000001 3.5815999999999999 3.7936000000000001 3.9904000000000002 4.1581000000000001 4.3163999999999998 4.4359999999999999 4.5522999999999998 4.6416000000000004 4.7186000000000003 4.7949000000000002
-0.43242000000000003 -0.42875999999999997 -0.42341000000000001 -0.41274 -0.39821000000000001 -0.38150000000000001 -0.35914000000000001 -0.32978000000000002 -0.29255999999999999 -0.24756 -0.19303000000000001 -0.12761 -0.048377000000000003 0.050644000000000002 0.16847000000000001 0.31857999999999997 0.48935000000000001 0.69103000000000003 0.91351000000000004 1.1526000000000001 1.4085000000000001 1.6681999999999999 1.9369000000000001 2.2023999999999999 2.4674 2.7311999999999999 2.9921000000000002 3.2541000000000002 3.5091999999999999 3.7555000000000001 3.9902000000000002 4.2081 4.4104000000000001 4.5823 4.7443999999999997 4.8739999999999997 5.0007999999999999 5.0978000000000003 5.1904000000000003
-0.42375000000000002 -0.41899999999999998 -0.41378999999999999 -0.40739999999999998 -0.39450000000000002 -0.37423000000000001 -0.35138000000000003 -0.31891999999999998 -0.27433999999999997 -0.215 -0.14094999999999999 -0.053606000000000001 0.046709000000000001 0.16053000000000001 0.29187999999999997 0.44227 0.61822999999999995 0.81057999999999997 1.0298 1.2586999999999999 1.5049999999999999 1.7595000000000001 2.0204 2.2902 2.5581 2.8328000000000002 3.1030000000000002 3.3727 3.6368999999999998 3.8940000000000001 4.1379999999999999 4.3715999999999999 4.5770999999999997 4.7747999999999999 4.9367000000000001 5.0949999999999998 5.2134999999999998 5.3273999999999999 5.4218000000000002
-0.42559999999999998 -0.42083999999999999 -0.41515999999999997 -0.40709000000000001 -0.39351999999999998 -0.37619999999999998 -0.35449000000000003 -0.32369999999999999 -0.28133000000000002 -0.22301000000000001 -0.14649000000000001 -0.049596000000000001 0.070114999999999997 0.21015 0.37365999999999999 0.55308000000000002 0.74704000000000004 0.95204999999999995 1.1672 1.3952 1.6276999999999999 1.8752 2.1234999999999999 2.3843999999999999 2.6475 2.9146000000000001 3.1848000000000001 3.4514 3.7164000000000001 3.972 4.2172000000000001 4.4489999999999998 4.6658999999999997 4.8601000000000001 5.0362 5.1863999999999999 5.3185000000000002 5.4309000000000003 5.5197000000000003
-0.42096 -0.41608000000000001 -0.41044000000000003 -0.40399000000000002 -0.39595000000000002 -0.38052999999999998 -0.35676999999999998 -0.32907999999999998 -0.29015000000000002 -0.23649999999999999 -0.16270999999999999 -0.068240999999999996 0.052172000000000003 0.19638 0.36647000000000002 0.56072 0.77305000000000001 1.0022 1.2367999999999999 1.4773000000000001 1.7174 1.9587000000000001 2.2033 2.4493999999999998 2.7044999999999999 2.9580000000000002 3.2200000000000002 3.4777 3.734 3.9805999999999999 4.2186000000000003 4.4466999999999999 4.6669 4.8577000000000004 5.0422000000000002 5.1852 5.3240999999999996 5.4257 5.5255000000000001
-0.42193000000000003 -0.41677999999999998 -0.41052 -0.40328000000000003 -0.39474999999999999 -0.38429000000000002 -0.36659000000000003 -0.33728000000000002 -0.30480000000000002 -0.25963999999999998 -0.19767999999999999 -0.11413 -0.0079638999999999995 0.12759999999999999 0.28661999999999999 0.47216000000000002 0.67720000000000002 0.89837 1.1347 1.3764000000000001 1.6318999999999999 1.8875 2.1484999999999999 2.4066999999999998 2.6627999999999998 2.9148000000000001 3.1629 3.4073000000000002 3.6475 3.8816999999999999 4.1092000000000004 4.3293999999999997 4.5351999999999997 4.7313999999999998 4.9031000000000002 5.0659999999999998 5.1943000000000001 5.3151999999999999 5.4032
-0.41765000000000002 -0.41278999999999999 -0.40699000000000002 -0.39962999999999999 -0.39094000000000001 -0.37933 -0.36135 -0.33783999999999997 -0.30914999999999998 -0.26874999999999999 -0.21426999999999999 -0.13974 -0.044091999999999999 0.075302999999999995 0.22006999999999999 0.38540000000000002 0.57801999999999998 0.78495000000000004 1.0124 1.2496 1.4957 1.7503 2.0053000000000001 2.2675000000000001 2.5264000000000002 2.7867000000000002 3.0421 3.2938000000000001 3.5371000000000001 3.7745000000000002 3.9988000000000001 4.2168000000000001 4.4192 4.6104000000000003 4.7809999999999997 4.9337999999999997 5.0682 5.1768999999999998 5.2656000000000001
-0.40662999999999999 -0.40115000000000001 -0.39532 -0.38829000000000002 -0.37973000000000001 -0.36758000000000002 -0.34943000000000002 -0.32817000000000002 -0.30016999999999999 -0.26262999999999997 -0.21243000000000001 -0.14657000000000001 -0.059212000000000001 0.048284000000000001 0.18401000000000001 0.34139000000000003 0.52293999999999996 0.72455999999999998 0.93955999999999995 1.1738 1.4127000000000001 1.6664000000000001 1.9212 2.1802999999999999 2.4405000000000001 2.6989000000000001 2.9582000000000002 3.2136 3.4641000000000002 3.7063000000000001 3.9365999999999999 4.1532999999999998 4.3573000000000004 4.5397999999999996 4.7081 4.8464999999999998 4.9714 5.0617999999999999 5.1424000000000003
-0.39062000000000002 -0.38613999999999998 -0.37985999999999998 -0.37264999999999998 -0.36401 -0.35349999999999998 -0.33927000000000002 -0.31690000000000002 -0.28724 -0.25108999999999998 -0.20155999999999999 -0.13835 -0.055523000000000003 0.047204000000000003 0.17293 0.32397999999999999 0.49446000000000001 0.69374999999999998 0.90566999999999998 1.1363000000000001 1.3764000000000001 1.6246 1.8814 2.1373000000000002 2.4009 2.6600999999999999 2.9205000000000001 3.1774 3.4312 3.6739999999999999 3.9091 4.1214000000000004 4.3224 4.4957000000000003 4.649 4.7751000000000001 4.8776000000000002 4.9585999999999997 5.0209999999999999
-0.34802 -0.34510999999999997 -0.34117999999999998 -0.33545000000000003 -0.32795999999999997 -0.31856000000000001 -0.30414999999999998 -0.28311999999999998 -0.25624000000000002 -0.22201000000000001 -0.17441000000000001 -0.11226999999999999 -0.032247999999999999 0.069949999999999998 0.19091 0.34104000000000001 0.50932999999999995 0.7016 0.91088000000000002 1.1335999999999999 1.3734 1.6163000000000001 1.8732 2.1288999999999998 2.3887 2.6486999999999998 2.9072 3.1655000000000002 3.4178999999999999 3.6594000000000002 3.8879000000000001 4.0937000000000001 4.2830000000000004 4.4516 4.5873999999999997 4.7015000000000002 4.7853000000000003 4.8570000000000002 4.9062999999999999
-0.30107 -0.29670999999999997 -0.29132999999999998 -0.28455999999999998 -0.27672000000000002 -0.26784000000000002 -0.25386999999999998 -0.23511000000000001 -0.21038000000000001 -0.17713000000000001 -0.13272 -0.071863999999999997 0.0021516999999999999 0.10233 0.21908 0.36320999999999998 0.52961000000000003 0.71653999999999995 0.92608999999999997 1.1439999999999999 1.3833 1.6258999999999999 1.8777999999999999 2.1332 2.3885999999999998 2.6482999999999999 2.9026999999999998 3.1583999999999999 3.4043999999999999 3.641 3.8578999999999999 4.0587999999999997 4.2354000000000003 4.3962000000000003 4.5130999999999997 4.6158000000000001 4.6886999999999999 4.7503000000000002 4.7952000000000004
-0.2155 -0.19975999999999999 -0.18396000000000001 -0.16727 -0.14903 -0.12937000000000001 -0.10757 -0.082454 -0.054776999999999999 -0.017368000000000001 0.027064999999999999 0.084191000000000002 0.15656999999999999 0.24151 0.35399999999999998 0.47717999999999999 0.63354999999999995 0.80323 0.99585000000000001 1.2072000000000001 1.4278999999999999 1.6661999999999999 1.9040999999999999 2.1497999999999999 2.3929999999999998 2.6341000000000001 2.8698000000000001 3.0952000000000002 3.3109999999999999 3.5148999999999999 3.7061999999999999 3.8811 4.0380000000000003 4.1685999999999996 4.2823000000000002 4.3663999999999996 4.4416000000000002 4.4908999999999999 4.5353000000000003
-0.25446000000000002 -0.23078000000000001 -0.20519999999999999 -0.17817 -0.14865999999999999 -0.11574 -0.079024999999999998 -0.038919000000000002 0.0061977000000000004 0.056682000000000003 0.11712 0.18423999999999999 0.26894000000000001 0.36343999999999999 0.47464000000000001 0.60091000000000006 0.73595999999999995 0.89666000000000001 1.0612999999999999 1.2565999999999999 1.4583999999999999 1.6760999999999999 1.9009 2.1259999999999999 2.3513999999999999 2.5667 2.7719999999999998 2.9636 3.1438000000000001 3.3170000000000002 3.4847999999999999 3.6417000000000002 3.7927 3.9209000000000001 4.0377000000000001 4.1318999999999999 4.2099000000000002 4.2728000000000002 4.3228
-0.39250000000000002 -0.37544 -0.3548 -0.33017000000000002 -0.30198000000000003 -0.26827000000000001 -0.22991 -0.18396000000000001 -0.13250000000000001 -0.072352 -0.0019141 0.080812999999999996 0.17749999999999999 0.28996 0.41593999999999998 0.55464999999999998 0.70565999999999995 0.86275000000000002 1.0361 1.21 1.4001999999999999 1.5908 1.7871999999999999 1.9826999999999999 2.1722000000000001 2.3517000000000001 2.5182000000000002 2.6711999999999998 2.8155999999999999 2.9565000000000001 3.0989 3.2421000000000002 3.3835000000000002 3.5217999999999998 3.6440000000000001 3.7553000000000001 3.8479000000000001 3.9260000000000002 3.9958999999999998
-0.44997999999999999 -0.44339000000000001 -0.43519000000000002 -0.42362 -0.40845999999999999 -0.38866000000000001 -0.36248000000000002 -0.32999000000000001 -0.28702 -0.23716000000000001 -0.17560000000000001 -0.10125000000000001 -0.011981 0.095924999999999996 0.22313 0.37104999999999999 0.53666000000000003 0.71487999999999996 0.89959999999999996 1.0891 1.2756000000000001 1.4670000000000001 1.6507000000000001 1.8321000000000001 2.0030000000000001 2.1636000000000002 2.3105000000000002 2.4451999999999998 2.5748000000000002 2.7010000000000001 2.8332000000000002 2.9679000000000002 3.1063999999999998 3.2412000000000001 3.3746 3.4845999999999999 3.5876999999999999 3.6755 3.7644000000000002
-0.46124999999999999 -0.45904 -0.45579999999999998 -0.45145999999999997 -0.44492999999999999 -0.43612000000000001 -0.42298999999999998 -0.40389000000000003 -0.37712000000000001 -0.34015000000000001 -0.29209000000000002 -0.22794 -0.14738000000000001 -0.045962000000000003 0.078340000000000007 0.22578000000000001 0.39598 0.58233999999999997 0.77932000000000001 0.97916000000000003 1.1760999999999999 1.3660000000000001 1.5474000000000001 1.7175 1.8787 2.0261 2.1602999999999999 2.2839 2.4009999999999998 2.5221 2.6432000000000002 2.7766000000000002 2.9094000000000002 3.0453000000000001 3.1718999999999999 3.2894000000000001 3.3927 3.4925999999999999 3.5958999999999999
-0.46560000000000001 -0.46446999999999999 -0.46306000000000003 -0.46118999999999999 -0.45876 -0.45506999999999997 -0.44983000000000001 -0.44207999999999997 -0.43149999999999999 -0.41625000000000001 -0.39346999999999999 -0.3604 -0.31130000000000002 -0.24096999999999999 -0.14169000000000001 -0.0078015999999999997 0.16062000000000001 0.36042999999999997 0.57486999999999999 0.79720999999999997 1.0102 1.2111000000000001 1.3942000000000001 1.5585 1.7074 1.8404 1.9611000000000001 2.0722999999999998 2.1808999999999998 2.2905000000000002 2.4098999999999999 2.5305 2.661 2.7869000000000002 2.9064999999999999 3.0209999999999999 3.1316000000000002 3.2534999999999998 3.3837999999999999
-0.46750000000000003 -0.4667 -0.46568999999999999 -0.46422000000000002 -0.46212999999999999 -0.45923000000000003 -0.45533000000000001 -0.45008999999999999 -0.44241000000000003 -0.43245 -0.41799999999999998 -0.39678999999999998 -0.36603000000000002 -0.32102000000000003 -0.25578000000000001 -0.16217000000000001 -0.030710999999999999 0.14202999999999999 0.35398000000000002 0.58613000000000004 0.82804 1.0468999999999999 1.2505999999999999 1.4238 1.5761000000000001 1.7109000000000001 1.8301000000000001 1.9400999999999999 2.0493999999999999 2.1589 2.2747000000000002 2.3925999999999998 2.5110000000000001 2.6269 2.7400000000000002 2.8532000000000002 2.9762 3.1091000000000002 3.2604000000000002
-0.46661000000000002 -0.46616999999999997 -0.46540999999999999 -0.46440999999999999 -0.46277000000000001 -0.46061999999999997 -0.45748 -0.45286999999999999 -0.44647999999999999 -0.43759999999999999 -0.42564999999999997 -0.40873999999999999 -0.38512000000000002 -0.35093000000000002 -0.30101 -0.22872999999999999 -0.12662000000000001 0.014831 0.19655 0.41556999999999999 0.65139999999999998 0.89048000000000005 1.1033999999999999 1.3004 1.4571000000000001 1.5996999999999999 1.7242999999999999 1.8414999999999999 1.9529000000000001 2.0676000000000001 2.1793999999999998 2.2945000000000002 2.4058000000000002 2.5152000000000001 2.6269 2.7378 2.8757000000000001 3.0230000000000001 3.1739000000000002
-0.46616999999999997 -0.46562999999999999 -0.46483999999999998 -0.46385999999999999 -0.46253 -0.46061999999999997 -0.45798 -0.45395999999999997 -0.44885000000000003 -0.44144 -0.43108000000000002 -0.41627999999999998 -0.39494000000000001 -0.36480000000000001 -0.32191999999999998 -0.26055 -0.17371 -0.052599 0.10753 0.30604999999999999 0.52947 0.76390000000000002 0.98431000000000002 1.1848000000000001 1.3588 1.5076000000000001 1.6420999999999999 1.7649999999999999 1.883 2 2.1132 2.2229000000000001 2.3296000000000001 2.4327000000000001 2.5438999999999998 2.6652999999999998 2.8024 2.9558 3.1000000000000001
-0.46494999999999997 -0.46405999999999997 -0.46310000000000001 -0.46189999999999998 -0.46062999999999998 -0.45878999999999998 -0.45641999999999999 -0.45304 -0.44840999999999998 -0.44179000000000002 -0.43207000000000001 -0.41866999999999999 -0.39942 -0.37202000000000002 -0.33284000000000002 -0.27715000000000001 -0.19878000000000001 -0.091496999999999995 0.053263999999999999 0.23344000000000001 0.4451 0.66923999999999995 0.89485000000000003 1.0954999999999999 1.2824 1.4366000000000001 1.5799000000000001 1.7092000000000001 1.8331 1.9511000000000001 2.0629 2.1680000000000001 2.2686000000000002 2.3708999999999998 2.4771999999999998 2.6076999999999999 2.7473999999999998 2.8948 3.0308000000000002
-0.46454000000000001 -0.46300000000000002 -0.46146999999999999 -0.45957999999999999 -0.45763999999999999 -0.45530999999999999 -0.45250000000000001 -0.44916 -0.44453999999999999 -0.43869999999999998 -0.43009999999999998 -0.41786000000000001 -0.40007999999999999 -0.37458000000000002 -0.33812999999999999 -0.28654000000000002 -0.21315000000000001 -0.11310000000000001 0.020767999999999998 0.18917999999999999 0.38890999999999998 0.60482999999999998 0.82703000000000004 1.0301 1.2191000000000001 1.3849 1.534 1.6704000000000001 1.7963 1.9134 2.0213000000000001 2.1213000000000002 2.2145999999999999 2.3169 2.4222000000000001 2.5548000000000002 2.6953 2.8367 2.9638
-0.46561000000000002 -0.46360000000000001 -0.46135999999999999 -0.45877000000000001 -0.45580999999999999 -0.45262000000000002 -0.44862999999999997 -0.44452000000000003 -0.43924000000000002 -0.43293999999999999 -0.42459999999999998 -0.41319 -0.39727000000000001 -0.37418000000000001 -0.34066000000000002 -0.29250999999999999 -0.2238 -0.12845999999999999 -0.0013665999999999999 0.16019 0.35082999999999998 0.56071000000000004 0.77532999999999996 0.98284000000000005 1.1728000000000001 1.3485 1.5003 1.6413 1.7682 1.8818999999999999 1.9819 2.0754000000000001 2.1627000000000001 2.2656000000000001 2.3761000000000001 2.5032999999999999 2.645 2.7818999999999998 2.9016999999999999
-0.46965000000000001 -0.46847 -0.46667999999999998 -0.46428000000000003 -0.46076 -0.45610000000000001 -0.45011000000000001 -0.44228000000000001 -0.43369000000000002 -0.42297000000000001 -0.41121999999999997 -0.39656999999999998 -0.37866 -0.35563 -0.32468999999999998 -0.28214 -0.22298999999999999 -0.13966000000000001 -0.027310999999999998 0.11896 0.29625000000000001 0.49702000000000002 0.70374000000000003 0.91037000000000001 1.1039000000000001 1.2813000000000001 1.4396 1.577 1.6977 1.7907999999999999 1.8755999999999999 1.9569000000000001 2.0461 2.1395 2.2616000000000001 2.3915000000000002 2.5276999999999998 2.6558999999999999 2.7565
-0.47132000000000002 -0.47088999999999998 -0.47014 -0.46899000000000002 -0.46727000000000002 -0.46456999999999998 -0.46078000000000002 -0.45501000000000003 -0.44667000000000001 -0.43520999999999999 -0.41915000000000002 -0.39995000000000003 -0.37509999999999999 -0.34642000000000001 -0.31018000000000001 -0.26493 -0.20635000000000001 -0.1295 -0.026547999999999999 0.10532 0.27052999999999999 0.45928999999999998 0.66261000000000003 0.86324000000000001 1.0558000000000001 1.2217 1.3697999999999999 1.4924999999999999 1.5931999999999999 1.6762999999999999 1.7565999999999999 1.8345 1.9293 2.0348000000000002 2.1539999999999999 2.2905000000000002 2.4249999999999998 2.5470999999999999 2.6326000000000001
-0.47191 -0.47162999999999999 -0.47122999999999998 -0.47067999999999999 -0.46984999999999999 -0.46842 -0.46627999999999997 -0.46305000000000002 -0.45795000000000002 -0.45043 -0.43858000000000003 -0.42120000000000002 -0.39643 -0.36186000000000001 -0.31877 -0.26322000000000001 -0.19707 -0.11393 -0.010662 0.11777 0.27272000000000002 0.45057000000000003 0.64027000000000001 0.82743 1.0007999999999999 1.1531 1.2811999999999999 1.3894 1.4762999999999999 1.5558000000000001 1.6372 1.7245999999999999 1.8205 1.9378 2.0649000000000002 2.2021999999999999 2.3351000000000002 2.4470000000000001 2.5230000000000001
-0.47233999999999998 -0.47210999999999997 -0.47181000000000001 -0.47137000000000001 -0.47076000000000001 -0.46988000000000002 -0.46853 -0.46651999999999999 -0.46337 -0.45839999999999997 -0.45069999999999999 -0.43835000000000002 -0.41959000000000002 -0.39016000000000001 -0.34809000000000001 -0.28922999999999999 -0.21293999999999999 -0.12026000000000001 -0.0079862000000000006 0.12325 0.27506999999999998 0.44369999999999998 0.61765000000000003 0.78698999999999997 0.93874999999999997 1.0738000000000001 1.1839 1.2798 1.3613 1.4430000000000001 1.5264 1.6237999999999999 1.7282999999999999 1.8502000000000001 1.9863999999999999 2.1265000000000001 2.2572000000000001 2.3593000000000002 2.4222999999999999
-0.47294000000000003 -0.47275 -0.47249000000000002 -0.47210999999999997 -0.47158 -0.47086 -0.46983999999999998 -0.46833999999999998 -0.46607999999999999 -0.46257999999999999 -0.45707999999999999 -0.44829000000000002 -0.43443999999999999 -0.41243000000000002 -0.37742999999999999 -0.32523999999999997 -0.24807999999999999 -0.15107000000000001 -0.029374999999999998 0.10771 0.26045000000000001 0.42208000000000001 0.58162999999999998 0.73394999999999999 0.86806000000000005 0.98726000000000003 1.0888 1.1772 1.2561 1.3418000000000001 1.4295 1.5337000000000001 1.6483000000000001 1.7735000000000001 1.9178999999999999 2.0592999999999999 2.1869999999999998 2.2816999999999998 2.3327
-0.47342000000000001 -0.47327999999999998 -0.47308 -0.47277000000000002 -0.47232000000000002 -0.47167999999999999 -0.47078999999999999 -0.46949999999999997 -0.46765000000000001 -0.46487000000000001 -0.46056999999999998 -0.45377000000000001 -0.44291999999999998 -0.42568 -0.39767999999999998 -0.35404000000000002 -0.28693999999999997 -0.19262000000000001 -0.071565000000000004 0.071928000000000006 0.22406000000000001 0.38329999999999997 0.53032000000000001 0.66893999999999998 0.79354999999999998 0.90308999999999995 1.0007999999999999 1.0849 1.1639999999999999 1.2521 1.3469 1.4541999999999999 1.5774999999999999 1.7112000000000001 1.8576999999999999 1.9992000000000001 2.1198000000000001 2.2107999999999999 2.2519
-0.47382999999999997 -0.47372999999999998 -0.47355999999999998 -0.47331000000000001 -0.47294999999999998 -0.47241 -0.47161999999999998 -0.47049000000000002 -0.46886 -0.46644000000000002 -0.46278000000000002 -0.45712999999999998 -0.4481 -0.43381999999999998 -0.41084999999999999 -0.37417 -0.31717000000000001 -0.23144999999999999 -0.11799 0.026409999999999999 0.17499000000000001 0.33017000000000002 0.47094999999999998 0.60099000000000002 0.71940999999999999 0.82393000000000005 0.92052999999999996 1.0029999999999999 1.0854999999999999 1.1728000000000001 1.2743 1.3848 1.5169999999999999 1.6577 1.8037000000000001 1.9433 2.0590999999999999 2.1417000000000002 2.1789999999999998
-0.47420000000000001 -0.47410000000000002 -0.47395999999999999 -0.47375 -0.47344000000000003 -0.47298000000000001 -0.47231000000000001 -0.47133000000000003 -0.46988999999999997 -0.46775 -0.46449000000000001 -0.45956999999999998 -0.45180999999999999 -0.43951000000000001 -0.41981000000000002 -0.38821 -0.33910000000000001 -0.26335999999999998 -0.1598 -0.024943 0.12375 0.27306999999999998 0.41081000000000001 0.53461999999999998 0.64963000000000004 0.75177000000000005 0.84650999999999998 0.93035000000000001 1.0158 1.1020000000000001 1.2101999999999999 1.3275999999999999 1.4623999999999999 1.6079000000000001 1.7546999999999999 1.8929 2.0041000000000002 2.0783 2.1139999999999999
-0.47483999999999998 -0.47477000000000003 -0.47466999999999998 -0.47452 -0.47428999999999999 -0.47393999999999997 -0.47343000000000002 -0.47266999999999998 -0.47151999999999999 -0.46978999999999999 -0.46712999999999999 -0.46306999999999998 -0.45684999999999998 -0.44702999999999998 -0.43167 -0.40703 -0.36858999999999997 -0.30978 -0.22392000000000001 -0.11161 0.026349999999999998 0.16139999999999999 0.29797000000000001 0.4153 0.52556000000000003 0.62692999999999999 0.71963999999999995 0.80696999999999997 0.89456000000000002 0.98814999999999997 1.1013999999999999 1.2304999999999999 1.3708 1.5219 1.6698 1.8019000000000001 1.9069 1.9663999999999999 1.9968999999999999
-0.47536 -0.47531000000000001 -0.47524 -0.47511999999999999 -0.47493000000000002 -0.47464000000000001 -0.47420000000000001 -0.47355000000000003 -0.47260000000000002 -0.47116000000000002 -0.46899000000000002 -0.46561999999999998 -0.46049000000000001 -0.45235999999999998 -0.43959999999999999 -0.4194 -0.38756000000000002 -0.33933000000000002 -0.26748 -0.17271 -0.053983999999999997 0.072206000000000006 0.19824 0.31702999999999998 0.42269000000000001 0.52271000000000001 0.61429999999999996 0.70418000000000003 0.79391 0.89814000000000005 1.0126999999999999 1.1496999999999999 1.2956000000000001 1.4477 1.5941000000000001 1.7199 1.8161 1.8715999999999999 1.893
-0.47578999999999999 -0.47576000000000002 -0.47570000000000001 -0.47560999999999998 -0.47547 -0.47525000000000001 -0.47489999999999999 -0.47437000000000001 -0.47355999999999998 -0.47232000000000002 -0.47048000000000001 -0.46761999999999998 -0.46322000000000002 -0.45633000000000001 -0.44541999999999998 -0.4284 -0.40135999999999999 -0.36070999999999998 -0.30046 -0.21779999999999999 -0.11538 0.0029496000000000001 0.11801 0.23402999999999999 0.33527000000000001 0.43310999999999999 0.52473999999999998 0.61643000000000003 0.70889000000000002 0.82037000000000004 0.94167000000000001 1.0793999999999999 1.2305999999999999 1.3834 1.5286 1.6487000000000001 1.7355 1.7871999999999999 1.7967
-0.47615000000000002 -0.47611999999999999 -0.47606999999999999 -0.47599000000000002 -0.47588000000000003 -0.47569 -0.47542000000000001 -0.47497 -0.47431000000000001 -0.47326000000000001 -0.47164 -0.46917999999999999 -0.46533000000000002 -0.45939999999999998 -0.44991999999999999 -0.43525000000000003 -0.41211999999999999 -0.37681999999999999 -0.32518999999999998 -0.25242999999999999 -0.16264999999999999 -0.054740999999999998 0.052465999999999999 0.16127 0.26178000000000001 0.35675000000000001 0.44818999999999998 0.54157999999999995 0.63983000000000001 0.75275999999999998 0.88019000000000003 1.0207999999999999 1.1740999999999999 1.3271999999999999 1.4696 1.5854999999999999 1.6632 1.7102999999999999 1.7088000000000001
-0.47689999999999999 -0.47685 -0.47678999999999999 -0.47671000000000002 -0.47659000000000001 -0.47641 -0.47617999999999999 -0.47582000000000002 -0.47527000000000003 -0.47438999999999998 -0.47300999999999999 -0.47087000000000001 -0.46750999999999998 -0.46238000000000001 -0.45422000000000001 -0.44144 -0.42158000000000001 -0.39084999999999998 -0.34616000000000002 -0.28220000000000001 -0.20168 -0.10489 -0.0017757000000000001 0.10013 0.19964999999999999 0.2913 0.38294 0.47725000000000001 0.58006999999999997 0.69372999999999996 0.82642000000000004 0.97031999999999996 1.1238999999999999 1.2770999999999999 1.4137 1.5263 1.5975999999999999 1.6414 1.6234999999999999
-0.47759000000000001 -0.47753000000000001 -0.47746 -0.47735 -0.47721000000000002 -0.47699000000000003 -0.47676000000000002 -0.47643999999999997 -0.47594999999999998 -0.47517999999999999 -0.47394999999999998 -0.47205999999999998 -0.46909000000000001 -0.46449000000000001 -0.45728000000000002 -0.44585000000000002 -0.42831000000000002 -0.40100999999999998 -0.36148000000000002 -0.30520999999999998 -0.23166 -0.14423 -0.045893000000000003 0.049313999999999997 0.14626 0.23555000000000001 0.32723000000000002 0.42224 0.52736000000000005 0.64180000000000004 0.77910000000000001 0.92615000000000003 1.0800000000000001 1.2311000000000001 1.3635999999999999 1.4693000000000001 1.5384 1.5745 1.5436000000000001
-0.47825000000000001 -0.47817999999999999 -0.47810000000000002 -0.47797000000000001 -0.4778 -0.47754000000000002 -0.47726000000000002 -0.47693999999999998 -0.47645999999999999 -0.47572999999999999 -0.47459000000000001 -0.47287000000000001 -0.47019 -0.46599000000000002 -0.45950999999999997 -0.44918000000000002 -0.43351000000000001 -0.40928999999999999 -0.37367 -0.32346999999999998 -0.25594 -0.17624000000000001 -0.083246000000000001 0.0067660999999999997 0.099625000000000005 0.18839 0.27982000000000001 0.37509999999999999 0.48188999999999999 0.60014999999999996 0.73836999999999997 0.88773999999999997 1.0410999999999999 1.1894 1.3182 1.4171 1.4835 1.5108999999999999 1.4705999999999999
-0.47886000000000001 -0.4788 -0.47871000000000002 -0.47858000000000001 -0.47838000000000003 -0.47810999999999998 -0.47776000000000002 -0.47741 -0.47687000000000002 -0.47611999999999999 -0.47498000000000001 -0.4733 -0.47081000000000001 -0.46690999999999999 -0.46100999999999998 -0.45168999999999998 -0.43741999999999998 -0.41564000000000001 -0.38321 -0.33789000000000002 -0.27555000000000002 -0.20227000000000001 -0.11632000000000001 -0.028982000000000001 0.059889999999999999 0.14849999999999999 0.23927000000000001 0.33522999999999997 0.44230999999999998 0.56386000000000003 0.70277999999999996 0.85411999999999999 1.0056 1.1513 1.2766999999999999 1.3688 1.4321999999999999 1.4516 1.4052
-0.47999000000000003 -0.47992000000000001 -0.47982999999999998 -0.47971000000000003 -0.47953000000000001 -0.47926999999999997 -0.47891 -0.47846 -0.47782000000000002 -0.47691 -0.47570000000000001 -0.47387000000000001 -0.47147 -0.46781 -0.46249000000000001 -0.45445000000000002 -0.44209999999999999 -0.42381999999999997 -0.39628000000000002 -0.35800999999999999 -0.30570999999999998 -0.24041000000000001 -0.16567000000000001 -0.083027000000000004 -0.0011773 0.085890999999999995 0.17471999999999999 0.27139000000000002 0.37707000000000002 0.50427 0.64510000000000001 0.79607000000000006 0.94274999999999998 1.0791999999999999 1.1994 1.2824 1.339 1.3398000000000001 1.2864
-0.48098999999999997 -0.48093999999999998 -0.48086000000000001 -0.48075000000000001 -0.48059000000000002 -0.48037000000000002 -0.48005999999999999 -0.47959000000000002 -0.47893000000000002 -0.47793000000000002 -0.47659000000000001 -0.47464000000000001 -0.47195999999999999 -0.46819 -0.46272000000000002 -0.45517999999999997 -0.44377 -0.42753000000000002 -0.40359 -0.36959999999999998 -0.32421 -0.26484999999999997 -0.19844999999999999 -0.12200999999999999 -0.044205000000000001 0.039333 0.12640000000000001 0.22178 0.32730999999999999 0.45701000000000003 0.59797999999999996 0.74483999999999995 0.88675000000000004 1.0164 1.1258999999999999 1.2048000000000001 1.2521 1.2356 1.1779999999999999
-0.48188999999999999 -0.48185 -0.48179 -0.48170000000000002 -0.48155999999999999 -0.48137000000000002 -0.48109000000000002 -0.48069000000000001 -0.48008000000000001 -0.47915999999999997 -0.47778999999999999 -0.47582999999999998 -0.47291 -0.46899999999999997 -0.46316000000000002 -0.45545000000000002 -0.44429999999999997 -0.42870000000000003 -0.40684999999999999 -0.37556 -0.33492 -0.28136 -0.21997 -0.15024999999999999 -0.074895000000000003 0.0036156999999999999 0.087209999999999996 0.18181 0.29021000000000002 0.41821999999999998 0.55732999999999999 0.69981000000000004 0.83811999999999998 0.96142000000000005 1.0604 1.135 1.1718 1.1451 1.0773999999999999
-0.48354000000000003 -0.48352000000000001 -0.48348000000000002 -0.48341000000000001 -0.48331000000000002 -0.48315000000000002 -0.48292000000000002 -0.48257 -0.48204999999999998 -0.48126000000000002 -0.48003000000000001 -0.47820000000000001 -0.47536 -0.47133999999999998 -0.46545999999999998 -0.45710000000000001 -0.44584000000000001 -0.42969000000000002 -0.40910000000000002 -0.38002999999999998 -0.34255000000000002 -0.29487999999999998 -0.23746999999999999 -0.17474000000000001 -0.10347000000000001 -0.031300000000000001 0.049118000000000002 0.14151 0.24573999999999999 0.36625000000000002 0.51143000000000005 0.64990999999999999 0.78164 0.89790999999999999 0.98663000000000001 1.0565 1.0799000000000001 1.0451999999999999 0.95967000000000002
-0.48502000000000001 -0.48499999999999999 -0.48497000000000001 -0.48493000000000003 -0.48485 -0.48472999999999999 -0.48454000000000003 -0.48425000000000001 -0.48381000000000002 -0.48314000000000001 -0.48209000000000002 -0.48047000000000001 -0.47796 -0.47406999999999999 -0.46844000000000002 -0.45977000000000001 -0.44846999999999998 -0.43207000000000001 -0.41110000000000002 -0.38322000000000001 -0.34687000000000001 -0.30315999999999999 -0.24873999999999999 -0.19194 -0.127 -0.059045 0.018745000000000001 0.10809000000000001 0.21029999999999999 0.33095999999999998 0.46786 0.60316000000000003 0.72957000000000005 0.83860999999999997 0.92061000000000004 0.98445000000000005 0.99068000000000001 0.95318000000000003 0.85402999999999996
-0.48635 -0.48633999999999999 -0.48631999999999997 -0.48627999999999999 -0.48623 -0.48614000000000002 -0.48598000000000002 -0.48575000000000002 -0.48537000000000002 -0.48480000000000001 -0.48391000000000001 -0.48249999999999998 -0.48031000000000001 -0.47676000000000002 -0.47155000000000002 -0.46342 -0.45199 -0.43587999999999999 -0.41394999999999998 -0.38674999999999998 -0.35022999999999999 -0.30936000000000002 -0.25931999999999999 -0.20599999999999999 -0.14680000000000001 -0.083379999999999996 -0.0073293999999999998 0.079101000000000005 0.17785000000000001 0.29779 0.42870000000000003 0.56144000000000005 0.68284999999999996 0.78241000000000005 0.86024999999999996 0.91552 0.90966999999999998 0.86817 0.75849
-0.48755999999999999 -0.48754999999999998 -0.48753999999999997 -0.48751 -0.48747000000000001 -0.4874 -0.48727999999999999 -0.48708000000000001 -0.48676999999999998 -0.48627999999999999 -0.48551 -0.48427999999999999 -0.48237000000000002 -0.47926999999999997 -0.47448000000000001 -0.46708 -0.45589000000000002 -0.44039 -0.41778999999999999 -0.39118000000000003 -0.35569000000000001 -0.31518000000000002 -0.26899000000000001 -0.21887000000000001 -0.16477 -0.10546 -0.031067000000000001 0.052070999999999999 0.14735000000000001 0.26656000000000002 0.39318999999999998 0.52444000000000002 0.64134000000000002 0.72965999999999998 0.80491999999999997 0.85162000000000004 0.83997999999999995 0.78724000000000005 0.67244000000000004
-0.48909999999999998 -0.48909000000000002 -0.48908000000000001 -0.48905999999999999 -0.48903000000000002 -0.48897000000000002 -0.48887000000000003 -0.48870999999999998 -0.48845 -0.48802000000000001 -0.48736000000000002 -0.48629 -0.48459999999999998 -0.48187999999999998 -0.47752 -0.47083000000000003 -0.4602 -0.44546999999999998 -0.42369000000000001 -0.39668999999999999 -0.36226999999999998 -0.32157000000000002 -0.27900000000000003 -0.23154 -0.18167 -0.12458 -0.053274000000000002 0.026268 0.12016 0.23744000000000001 0.36092000000000002 0.48759000000000002 0.60382000000000002 0.68088000000000004 0.75438000000000005 0.79278999999999999 0.77568000000000004 0.71158999999999994 0.59550999999999998
-0.49052000000000001 -0.49051 -0.49051 -0.49048999999999998 -0.49046000000000001 -0.49042000000000002 -0.49034 -0.49020000000000002 -0.48998000000000003 -0.48960999999999999 -0.48903000000000002 -0.48809000000000002 -0.48658000000000001 -0.48416999999999999 -0.48022999999999999 -0.47416999999999998 -0.46439999999999998 -0.45034999999999997 -0.42985000000000001 -0.40256999999999998 -0.36936000000000002 -0.32827000000000001 -0.28919 -0.24453 -0.19778000000000001 -0.14249999999999999 -0.074221999999999996 0.0018584999999999999 0.094596 0.20859 0.33011000000000001 0.45233000000000001 0.56301000000000001 0.63476999999999995 0.70669000000000004 0.73321999999999998 0.71564000000000005 0.64168999999999998 0.53100999999999998
-0.49185000000000001 -0.49184 -0.49182999999999999 -0.49181999999999998 -0.49180000000000001 -0.49175999999999997 -0.49169000000000002 -0.49158000000000002 -0.49138999999999999 -0.49107000000000001 -0.49054999999999999 -0.48970999999999998 -0.48836000000000002 -0.48620000000000002 -0.48261999999999999 -0.47710999999999998 -0.46826000000000001 -0.45488000000000001 -0.43567 -0.40850999999999998 -0.37663000000000002 -0.33632000000000001 -0.29969000000000001 -0.25751000000000002 -0.21273 -0.15895000000000001 -0.094291 -0.021111999999999999 0.070763999999999994 0.18149000000000001 0.30182999999999999 0.42099999999999999 0.52261999999999997 0.59365999999999997 0.65993999999999997 0.67779 0.65825999999999996 0.57716999999999996 0.47186
-0.49308999999999997 -0.49308000000000002 -0.49308000000000002 -0.49307000000000001 -0.49304999999999999 -0.49301 -0.49296000000000001 -0.49286000000000002 -0.49269000000000002 -0.49241000000000001 -0.49193999999999999 -0.49120000000000003 -0.48997000000000002 -0.48802000000000001 -0.48480000000000001 -0.47971000000000003 -0.47164 -0.45900000000000002 -0.441 -0.41432000000000002 -0.38379000000000002 -0.34600999999999998 -0.31013000000000002 -0.27021000000000001 -0.2273 -0.17591999999999999 -0.11519 -0.042909000000000003 0.048600999999999998 0.15651999999999999 0.27566000000000002 0.39107999999999998 0.48498999999999998 0.55606999999999995 0.61541000000000001 0.62580999999999998 0.60441 0.51702999999999999 0.41671000000000002
-0.49497000000000002 -0.49497000000000002 -0.49496000000000001 -0.49495 -0.49492999999999998 -0.49490000000000001 -0.49485000000000001 -0.49476999999999999 -0.49462 -0.49436999999999998 -0.49395 -0.49326999999999999 -0.49214999999999998 -0.49036999999999997 -0.48744999999999999 -0.48274 -0.47532000000000002 -0.46340999999999999 -0.44650000000000001 -0.4214 -0.39133000000000001 -0.35615000000000002 -0.32072000000000001 -0.28288999999999997 -0.24149999999999999 -0.19203000000000001 -0.13394 -0.063201999999999994 0.027621 0.13314999999999999 0.25129000000000001 0.36312 0.44935999999999998 0.51937999999999995 0.57313999999999998 0.57969000000000004 0.55249000000000004 0.46095000000000003 0.36527999999999999
0.75 0.01
-0.63370000000000004 -0.69584999999999997 -0.75727 -0.84419 -0.93098999999999998 -1.0198 -1.1207 -1.2201 -1.3180000000000001 -1.4187000000000001 -1.5157 -1.6077999999999999 -1.6868000000000001 -1.7497 -1.7937000000000001 -1.8079000000000001 -1.7798 -1.7292000000000001 -1.6634 -1.5736000000000001 -1.4729000000000001 -1.3668 -1.3073999999999999 -1.3149 -1.3563000000000001 -1.4194 -1.3008 -1.1818 -1.0629 -0.93084 -0.79578000000000004 -0.66110999999999998 -0.50970000000000004 -0.35202 -0.19495000000000001 -0.011282 0.17216000000000001 0.36386000000000002 0.56394
-0.48959999999999998 -0.48620999999999998 -0.48243000000000003 -0.48199999999999998 -0.47968 -0.48773 -0.49158000000000002 -0.51461000000000001 -0.53049000000000002 -0.56842000000000004 -0.60279000000000005 -0.63715999999999995 -0.68089999999999995 -0.71464000000000005 -0.74175999999999997 -0.76432 -0.77493000000000001 -0.77254999999999996 -0.74804000000000004 -0.71311000000000002 -0.67056000000000004 -0.59948000000000001 -0.51790999999999998 -0.43487999999999999 -0.34339999999999998 -0.23644000000000001 -0.13006999999999999 -0.024681999999999999 0.056098000000000002 0.12884999999999999 0.19245000000000001 0.27922999999999998 0.39984999999999998 0.51937999999999995 0.63971999999999996 0.77278000000000002 0.90486 1.0359 1.1798999999999999
-0.49925999999999998 -0.49680000000000002 -0.49243999999999999 -0.48515999999999998 -0.47432000000000002 -0.45812000000000003 -0.43443999999999999 -0.39893000000000001 -0.34893000000000002 -0.28444999999999998 -0.19830999999999999 -0.092617000000000005 0.034251999999999998 0.17338999999999999 0.32640000000000002 0.47516000000000003 0.62358000000000002 0.74604000000000004 0.87263000000000002 0.95657000000000003 1.0403 1.1168 1.1757 1.2337 1.2908999999999999 1.3468 1.4011 1.454 1.5196000000000001 1.5839000000000001 1.6462000000000001 1.7183999999999999 1.7972999999999999 1.8741000000000001 1.952 2.0461 2.1381000000000001 2.2279 2.3302999999999998
-0.45883000000000002 -0.45728999999999997 -0.45529999999999998 -0.45251000000000002 -0.44800000000000001 -0.44098999999999999 -0.42887999999999998 -0.40854000000000001 -0.37597000000000003 -0.32562999999999998 -0.25384000000000001 -0.15687000000000001 -0.031661000000000002 0.12027 0.29970000000000002 0.49925999999999998 0.71394000000000002 0.93491000000000002 1.1588000000000001 1.3737999999999999 1.5791999999999999 1.7537 1.9185000000000001 2.0508000000000002 2.1625000000000001 2.2683 2.3403 2.4104000000000001 2.4763999999999999 2.5314000000000001 2.5844 2.6358000000000001 2.6922999999999999 2.7465999999999999 2.7989000000000002 2.8633000000000002 2.9312 2.9969999999999999 3.0703999999999998
-0.44306000000000001 -0.43634000000000001 -0.42903000000000002 -0.42392999999999997 -0.41492000000000001 -0.40521000000000001 -0.39227000000000001 -0.37357000000000001 -0.34565000000000001 -0.3049 -0.24631 -0.1676 -0.066192000000000001 0.058994999999999999 0.20594000000000001 0.37808999999999998 0.56766000000000005 0.77925 1.0031000000000001 1.2392000000000001 1.4814000000000001 1.726 1.9648000000000001 2.1993 2.4056999999999999 2.6059000000000001 2.7608999999999999 2.9125000000000001 3.0228000000000002 3.1229 3.2141999999999999 3.2825000000000002 3.3489 3.4123000000000001 3.4712999999999998 3.5284 3.5859000000000001 3.6536 3.7193999999999998
-0.45405000000000001 -0.44762999999999997 -0.43926999999999999 -0.42874000000000001 -0.41600999999999999 -0.40060000000000001 -0.38185000000000002 -0.35787000000000002 -0.32634000000000002 -0.28469 -0.22914000000000001 -0.15562000000000001 -0.068073999999999996 0.044781000000000001 0.18004000000000001 0.33833000000000002 0.52020999999999995 0.71867000000000003 0.93586000000000003 1.1599999999999999 1.3947000000000001 1.6342000000000001 1.8793 2.1269999999999998 2.3736000000000002 2.6124999999999998 2.8452000000000002 3.0488 3.2471999999999999 3.3988 3.5466000000000002 3.6602000000000001 3.7597999999999998 3.8542000000000001 3.9272999999999998 3.9979 4.0666000000000002 4.1340000000000003 4.1997
-0.44116 -0.43797000000000003 -0.43003000000000002 -0.41948999999999997 -0.40778999999999999 -0.39294000000000001 -0.37281999999999998 -0.34932999999999997 -0.32063000000000003 -0.28431000000000001 -0.23644999999999999 -0.17466000000000001 -0.092036000000000007 0.01094 0.14087 0.29674 0.47932999999999998 0.68716999999999995 0.91090000000000004 1.1507000000000001 1.3954 1.6462000000000001 1.8984000000000001 2.1503999999999999 2.4053 2.6558999999999999 2.9108000000000001 3.1583999999999999 3.4009999999999998 3.6307 3.8431999999999999 4.0368000000000004 4.2046000000000001 4.3582999999999998 4.4778000000000002 4.5941000000000001 4.6791 4.7561 4.8331
-0.42011999999999999 -0.41635 -0.41071999999999997 -0.39937 -0.38428000000000001 -0.36667 -0.34314 -0.31236999999999998 -0.27378000000000002 -0.22739000000000001 -0.17199 -0.10549 -0.025611999999999999 0.074787000000000006 0.19413 0.34538999999999997 0.51842999999999995 0.72092000000000001 0.94547000000000003 1.1850000000000001 1.4426000000000001 1.7035 1.9721 2.2385000000000002 2.5036999999999998 2.7688999999999999 3.0304000000000002 3.2946 3.5510000000000002 3.7986 4.0339 4.2531999999999996 4.4532999999999996 4.6261000000000001 4.7850999999999999 4.9149000000000003 5.0415999999999999 5.1355000000000004 5.2282999999999999
-0.41165000000000002 -0.40694999999999998 -0.40185999999999999 -0.39545000000000002 -0.38230999999999998 -0.36180000000000001 -0.33881 -0.30606 -0.26136999999999999 -0.20177999999999999 -0.12773999999999999 -0.039814000000000002 0.061445 0.17691999999999999 0.31080000000000002 0.46361999999999998 0.64287000000000005 0.83831 1.0590999999999999 1.2907999999999999 1.5376000000000001 1.7941 2.0552000000000001 2.3266 2.5956999999999999 2.8704999999999998 3.1417000000000002 3.4114 3.6762000000000001 3.9331 4.1771000000000003 4.4112 4.6154000000000002 4.8113000000000001 4.9734999999999996 5.1314000000000002 5.2470999999999997 5.3613 5.4527000000000001
-0.41345999999999999 -0.40876000000000001 -0.40312999999999999 -0.39500999999999997 -0.38116 -0.36391000000000001 -0.34211999999999998 -0.31119000000000002 -0.26863999999999999 -0.21038999999999999 -0.13399 -0.037816000000000002 0.081198999999999993 0.22023000000000001 0.38355 0.56374000000000002 0.75978999999999997 0.96826999999999996 1.1868000000000001 1.4188000000000001 1.6537999999999999 1.9041999999999999 2.1555 2.4169999999999998 2.6819000000000002 2.9491000000000001 3.2202000000000002 3.4863 3.7507999999999999 4.0053000000000001 4.2495000000000003 4.4793000000000003 4.6957000000000004 4.8869999999999996 5.0633999999999997 5.2100999999999997 5.3426 5.4512 5.5400999999999998
-0.40887000000000001 -0.40405999999999997 -0.39846999999999999 -0.39213999999999999 -0.38406000000000001 -0.36842999999999998 -0.34448000000000001 -0.31668000000000002 -0.27754000000000001 -0.2238 -0.14985000000000001 -0.055383000000000002 0.064505999999999994 0.20830000000000001 0.37730999999999998 0.57108000000000003 0.78244000000000002 1.012 1.2475000000000001 1.4899 1.7329000000000001 1.9770000000000001 2.2248999999999999 2.4729999999999999 2.7303000000000002 2.9857 3.2471999999999999 3.5047999999999999 3.7597 4.0041000000000002 4.2403000000000004 4.4661999999999997 4.6835000000000004 4.8730000000000002 5.0533000000000001 5.1966999999999999 5.3322000000000003 5.4343000000000004 5.5343
-0.40988999999999998 -0.40478999999999998 -0.39861999999999997 -0.39144000000000001 -0.38302000000000003 -0.37267 -0.35464000000000001 -0.32504 -0.29242000000000001 -0.247 -0.18487000000000001 -0.1009 0.0053936000000000001 0.14144999999999999 0.30095 0.48641000000000001 0.69186999999999999 0.91259000000000001 1.149 1.3902000000000001 1.6447000000000001 1.8996 2.1594000000000002 2.4171999999999998 2.6730999999999998 2.9251999999999998 3.1734 3.4173 3.6564999999999999 3.8887999999999998 4.1138000000000003 4.3318000000000003 4.5346000000000002 4.7294999999999998 4.8982999999999999 5.0603999999999996 5.1856999999999998 5.3064999999999998 5.3917999999999999
-0.40566000000000002 -0.40085999999999999 -0.39517999999999998 -0.38797999999999999 -0.37945000000000001 -0.36788999999999999 -0.34963 -0.3261 -0.29726999999999998 -0.25656000000000001 -0.20165 -0.12686 -0.030661999999999998 0.088981000000000005 0.23444000000000001 0.39984999999999998 0.59323000000000004 0.80093999999999999 1.0281 1.2657 1.5111000000000001 1.7654000000000001 2.0194999999999999 2.2803 2.5377999999999998 2.7961 3.0497000000000001 3.2997999999999998 3.5409999999999999 3.7764000000000002 3.9980000000000002 4.2127999999999997 4.4131 4.6002999999999998 4.7686999999999999 4.9177 5.0503999999999998 5.1551999999999998 5.2435
-0.39468999999999999 -0.38935999999999998 -0.38362000000000002 -0.37675999999999998 -0.36841000000000002 -0.35637000000000002 -0.33828999999999998 -0.31712000000000001 -0.28902 -0.25134000000000001 -0.20075000000000001 -0.13461000000000001 -0.046621999999999997 0.061663999999999997 0.19766 0.35582999999999998 0.53734000000000004 0.73962000000000006 0.95435000000000003 1.1892 1.4285000000000001 1.6813 1.9359999999999999 2.1938 2.4529999999999998 2.7096 2.9670999999999998 3.2202000000000002 3.4683000000000002 3.7071999999999998 3.9350000000000001 4.1477000000000004 4.3486000000000002 4.5262000000000002 4.6901000000000002 4.8239999999999998 4.9433999999999996 5.0321999999999996 5.1100000000000003
-0.37894 -0.37447999999999998 -0.36834 -0.36132999999999998 -0.35289999999999999 -0.3427 -0.32867000000000002 -0.30632999999999999 -0.27689999999999998 -0.24085000000000001 -0.19101000000000001 -0.1273 -0.044148 0.059311000000000003 0.18525 0.33706000000000003 0.50746999999999998 0.70740000000000003 0.91983999999999999 1.1498999999999999 1.3904000000000001 1.6377999999999999 1.8946000000000001 2.1499999999999999 2.4121000000000001 2.6701999999999999 2.9283999999999999 3.1831999999999998 3.4344000000000001 3.6738 3.9056999999999999 4.1132 4.3085000000000004 4.4771999999999998 4.6238000000000001 4.7454000000000001 4.8426 4.9217000000000004 4.9824999999999999
-0.33684999999999998 -0.33400000000000002 -0.33007999999999998 -0.32455000000000001 -0.31727 -0.30814999999999998 -0.29383999999999999 -0.27289000000000002 -0.24654999999999999 -0.21246000000000001 -0.16517000000000001 -0.10269 -0.022591 0.080365000000000006 0.20202000000000001 0.35232000000000002 0.52127000000000001 0.71316000000000002 0.92291000000000001 1.1449 1.3851 1.6279999999999999 1.8837999999999999 2.1389999999999998 2.3972000000000002 2.6558000000000002 2.9119999999999999 3.1678000000000002 3.4169 3.6549 3.8782999999999999 4.0797999999999996 4.2632000000000003 4.4264000000000001 4.5548000000000002 4.6642999999999999 4.7438000000000002 4.8135000000000003 4.8628999999999998
-0.29033999999999999 -0.28603000000000001 -0.28071000000000002 -0.27411999999999997 -0.26647999999999999 -0.25781999999999999 -0.24396999999999999 -0.2253 -0.20116000000000001 -0.16816999999999999 -0.12445000000000001 -0.063645999999999994 0.010633999999999999 0.11058999999999999 0.22817000000000001 0.37214000000000003 0.53937999999999997 0.72580999999999996 0.93576999999999999 1.1539999999999999 1.3920999999999999 1.6346000000000001 1.8852 2.1398000000000001 2.3934000000000002 2.6513 2.9034 3.1551999999999998 3.3971 3.6294 3.8407 4.0370999999999997 4.2074999999999996 4.3613999999999997 4.4733000000000001 4.5705 4.6418999999999997 4.7018000000000004 4.7478999999999996
-0.20496 -0.18937999999999999 -0.17374000000000001 -0.15717 -0.13925999999999999 -0.11981 -0.09826 -0.073469000000000007 -0.045941999999999997 -0.0092919000000000005 0.034796000000000001 0.090700000000000003 0.16256000000000001 0.24576000000000001 0.35798000000000002 0.48113 0.63595999999999997 0.80591000000000002 0.99705999999999995 1.2085999999999999 1.4278 1.6656 1.9026000000000001 2.1461999999999999 2.3875999999999999 2.6255999999999999 2.8572000000000002 3.0775000000000001 3.2873999999999999 3.4851000000000001 3.6711 3.8403 3.9937 4.1196000000000002 4.2316000000000003 4.3129 4.3868999999999998 4.4367000000000001 4.4819000000000004
-0.24314 -0.21962999999999999 -0.19416 -0.16736000000000001 -0.13802 -0.10542 -0.069120000000000001 -0.029492999999999998 0.015162 0.064848000000000003 0.12457 0.191 0.27387 0.36725999999999998 0.47593999999999997 0.60097999999999996 0.73321000000000003 0.8931 1.0570999999999999 1.2501 1.4515 1.6672 1.8912 2.1143999999999998 2.3380000000000001 2.5510000000000002 2.7524999999999999 2.9398 3.1143999999999998 3.2823000000000002 3.4443000000000001 3.597 3.7431999999999999 3.8698000000000001 3.9836 4.0777999999999999 4.1543000000000001 4.2184999999999997 4.2713000000000001
-0.38020999999999999 -0.36309999999999998 -0.34256999999999999 -0.31791000000000003 -0.28988000000000003 -0.25630999999999998 -0.21809000000000001 -0.17268 -0.12157 -0.062143999999999998 0.0073990999999999996 0.088737999999999997 0.18368999999999999 0.29375000000000001 0.41728999999999999 0.55288999999999999 0.70148999999999995 0.85538000000000003 1.0270999999999999 1.1998 1.3879999999999999 1.5780000000000001 1.7729999999999999 1.968 2.1564000000000001 2.3349000000000002 2.4996999999999998 2.6499000000000001 2.7907999999999999 2.9268000000000001 3.0648 3.2027999999999999 3.3405999999999998 3.4746000000000001 3.5951 3.7040999999999999 3.7978000000000001 3.8788 3.9552
-0.43747000000000003 -0.43090000000000001 -0.42264000000000002 -0.41110000000000002 -0.39584999999999998 -0.37609999999999999 -0.34977999999999998 -0.31751000000000001 -0.27518999999999999 -0.22567999999999999 -0.16497999999999999 -0.091733999999999996 -0.0043927999999999997 0.10101 0.22491 0.36936000000000002 0.53169999999999995 0.70735999999999999 0.88988999999999996 1.0783 1.2638 1.4549000000000001 1.6386000000000001 1.8194999999999999 1.9903 2.1503999999999999 2.2959999999999998 2.4289999999999998 2.5552000000000001 2.6779000000000002 2.8050000000000002 2.9354 3.069 3.2004000000000001 3.3296000000000001 3.4407000000000001 3.5453999999999999 3.6393 3.7374999999999998
-0.44875999999999999 -0.44655 -0.44328000000000001 -0.43894 -0.43241000000000002 -0.42351 -0.41038999999999998 -0.39130999999999999 -0.36491000000000001 -0.32812999999999998 -0.28071000000000002 -0.21757000000000001 -0.13836999999999999 -0.039278 0.082127000000000006 0.22589999999999999 0.39258999999999999 0.57594999999999996 0.77083000000000002 0.96948000000000001 1.1659999999999999 1.3557999999999999 1.5376000000000001 1.7078 1.8691 2.016 2.1492 2.2709999999999999 2.3849999999999998 2.5026999999999999 2.6198000000000001 2.7483 2.8769 3.0095999999999998 3.1343999999999999 3.2528999999999999 3.3605999999999998 3.4676999999999998 3.5800999999999998
-0.45312999999999998 -0.45200000000000001 -0.45058999999999999 -0.44869999999999999 -0.44627 -0.44257000000000002 -0.43734000000000001 -0.42973 -0.41921999999999998 -0.40416000000000002 -0.38163000000000002 -0.34906999999999999 -0.30080000000000001 -0.23155999999999999 -0.13397999999999999 -0.0021143999999999998 0.16388 0.36152000000000001 0.57396999999999998 0.79452 1.0071000000000001 1.2071000000000001 1.3902000000000001 1.5541 1.7025999999999999 1.8347 1.9541999999999999 2.0632000000000001 2.1696 2.2755000000000001 2.3917999999999999 2.5089000000000001 2.6368 2.7610999999999999 2.8816000000000002 2.9994999999999998 3.1154000000000002 3.2446999999999999 3.3816999999999999
-0.45502999999999999 -0.45423000000000002 -0.45321 -0.45174999999999998 -0.44962999999999997 -0.44674000000000003 -0.44281999999999999 -0.43763000000000002 -0.43012 -0.42026999999999998 -0.40605000000000002 -0.38516 -0.35493999999999998 -0.31069999999999998 -0.24646999999999999 -0.15411 -0.024094000000000001 0.14732000000000001 0.35826000000000002 0.58940999999999999 0.82974999999999999 1.0485 1.2504 1.4233 1.5742 1.7081 1.8254999999999999 1.9339999999999999 2.0404 2.1478999999999999 2.2605 2.3769 2.4933000000000001 2.6101000000000001 2.7250999999999999 2.8422999999999998 2.9708999999999999 3.1091000000000002 3.2621000000000002
-0.45416000000000001 -0.45372000000000001 -0.45295999999999997 -0.45195999999999997 -0.45033000000000001 -0.44816 -0.44502000000000003 -0.44042999999999999 -0.43415999999999999 -0.42535000000000001 -0.41358 -0.39696999999999999 -0.37373000000000001 -0.34010000000000001 -0.29094999999999999 -0.21962999999999999 -0.11865000000000001 0.021634 0.20238999999999999 0.42083999999999999 0.65583999999999998 0.89490999999999998 1.1062000000000001 1.3012999999999999 1.4574 1.5983000000000001 1.7216 1.8369 1.9460999999999999 2.0590999999999999 2.1692999999999998 2.2831000000000001 2.3942999999999999 2.5047000000000001 2.6193 2.7347999999999999 2.8751000000000002 3.0249000000000001 3.1751
-0.45372000000000001 -0.45318000000000003 -0.45240000000000002 -0.45140999999999998 -0.45008999999999999 -0.44816 -0.44555 -0.44161 -0.43652999999999997 -0.42920999999999998 -0.41896 -0.40437000000000001 -0.38333 -0.35365000000000002 -0.31140000000000001 -0.25084000000000001 -0.16491 -0.044944999999999999 0.11429 0.31197000000000003 0.53491 0.76822999999999997 0.98863999999999996 1.1873 1.3608 1.5075000000000001 1.6407 1.7617 1.8783000000000001 1.9937 2.1059999999999999 2.2149000000000001 2.3224999999999998 2.4274 2.5407000000000002 2.6654 2.8045 2.9575 3.1000999999999999
-0.45249 -0.45158999999999999 -0.45065 -0.44944000000000001 -0.44818999999999998 -0.44635999999999998 -0.44400000000000001 -0.44068000000000002 -0.43608000000000002 -0.42953999999999998 -0.4199 -0.40670000000000001 -0.38769999999999999 -0.36066999999999999 -0.32199 -0.26701999999999998 -0.18947 -0.083114999999999994 0.060590999999999999 0.23993999999999999 0.4511 0.67449000000000003 0.90007999999999999 1.0991 1.2843 1.4375 1.5790999999999999 1.7070000000000001 1.8297000000000001 1.9464999999999999 2.0579999999999998 2.1629999999999998 2.2646000000000002 2.3689 2.4761000000000002 2.609 2.7494000000000001 2.8956 3.0293000000000001
-0.45206000000000002 -0.45050000000000001 -0.44899 -0.44713000000000003 -0.44517000000000001 -0.44288 -0.44007000000000002 -0.43679000000000001 -0.43223 -0.42645 -0.41794999999999999 -0.40583999999999998 -0.38829000000000002 -0.36309000000000002 -0.32707999999999998 -0.27603 -0.20343 -0.10421 0.028597000000000001 0.19625000000000001 0.39527000000000001 0.61068999999999996 0.83164000000000005 1.0345 1.2216 1.3866000000000001 1.5339 1.6691 1.7941 1.9104000000000001 2.0183 2.1185999999999998 2.2124999999999999 2.3165 2.4239999999999999 2.5562999999999998 2.6968999999999999 2.8369 2.9615999999999998
-0.45311000000000001 -0.45111000000000001 -0.44885999999999998 -0.44629000000000002 -0.44330999999999998 -0.44016 -0.43622 -0.43212 -0.42691000000000001 -0.42065000000000002 -0.41243000000000002 -0.40112999999999999 -0.38542999999999999 -0.36259999999999998 -0.32945999999999998 -0.28177000000000002 -0.21376000000000001 -0.11913 0.0069474000000000003 0.16775000000000001 0.35753000000000001 0.56696000000000002 0.78052999999999995 0.98775000000000002 1.1759999999999999 1.3509 1.5008999999999999 1.6408 1.7670999999999999 1.8802000000000001 1.9802 2.0743 2.1631 2.2660999999999998 2.3780999999999999 2.5045999999999999 2.6461000000000001 2.7814999999999999 2.899
-0.45715 -0.45596999999999999 -0.45418999999999998 -0.45175999999999999 -0.44824999999999998 -0.44355 -0.43759999999999999 -0.42974000000000001 -0.42122999999999999 -0.41063 -0.39889999999999998 -0.38442999999999999 -0.36664000000000002 -0.34389999999999998 -0.31325999999999998 -0.27112999999999998 -0.21242 -0.12977 -0.018026 0.12739 0.30406 0.50414000000000003 0.70992999999999995 0.91532000000000002 1.1081000000000001 1.2841 1.4418 1.5784 1.698 1.7912999999999999 1.8764000000000001 1.9576 2.0476000000000001 2.1415999999999999 2.2631000000000001 2.3929 2.5278999999999998 2.6541999999999999 2.7522000000000002
-0.45883000000000002 -0.45839999999999997 -0.45765 -0.45649000000000001 -0.45476 -0.45207000000000003 -0.44825999999999999 -0.44248999999999999 -0.43409999999999999 -0.42270000000000002 -0.40659000000000001 -0.38757999999999998 -0.36302000000000001 -0.33448 -0.29866999999999999 -0.25384000000000001 -0.19585 -0.11976000000000001 -0.017496000000000001 0.11369 0.27809 0.46618999999999999 0.66893000000000002 0.86863999999999997 1.0606 1.2254 1.3726 1.4951000000000001 1.5949 1.6778999999999999 1.7582 1.8368 1.9309000000000001 2.0369000000000002 2.1560000000000001 2.2913999999999999 2.4247000000000001 2.5449999999999999 2.6280000000000001
-0.45943000000000001 -0.45913999999999999 -0.45874999999999999 -0.45818999999999999 -0.45735999999999999 -0.45593 -0.45378000000000002 -0.45055000000000001 -0.44545000000000001 -0.43790000000000001 -0.42609000000000002 -0.40866000000000002 -0.38402999999999998 -0.34949000000000002 -0.30682999999999999 -0.25185999999999997 -0.18618000000000001 -0.10382 -0.0014012 0.12626000000000001 0.28027999999999997 0.45756999999999998 0.64646000000000003 0.83306999999999998 1.0054000000000001 1.1574 1.2846 1.3926000000000001 1.4786999999999999 1.5584 1.6392 1.7270000000000001 1.8221000000000001 1.9396 2.0666000000000002 2.2029000000000001 2.3342000000000001 2.4437000000000002 2.5173999999999999
-0.45984999999999998 -0.45962999999999998 -0.45932000000000001 -0.45889000000000002 -0.45827000000000001 -0.45739999999999997 -0.45605000000000001 -0.45404 -0.45089000000000001 -0.44591999999999998 -0.43822 -0.42584 -0.40710000000000002 -0.37780999999999998 -0.33574999999999999 -0.27734999999999999 -0.2014 -0.10970000000000001 0.0017768 0.13195000000000001 0.28283999999999998 0.45067000000000002 0.62382000000000004 0.79259999999999997 0.94360999999999995 1.0781000000000001 1.1877 1.2827999999999999 1.3640000000000001 1.4458 1.5285 1.6262000000000001 1.7309000000000001 1.8516999999999999 1.988 2.1269999999999998 2.2561 2.3559000000000001 2.4169999999999998
-0.46045000000000003 -0.46027000000000001 -0.46000000000000002 -0.45962999999999998 -0.45910000000000001 -0.45838000000000001 -0.45735999999999999 -0.45587 -0.45362000000000002 -0.45012000000000002 -0.44462000000000002 -0.43585000000000002 -0.42199999999999999 -0.40004000000000001 -0.36501 -0.313 -0.23605999999999999 -0.13977000000000001 -0.019314999999999999 0.11697 0.26846999999999999 0.42927999999999999 0.58789999999999998 0.73929 0.87311000000000005 0.99150000000000005 1.0928 1.1803999999999999 1.2588999999999999 1.3447 1.4327000000000001 1.5361 1.6507000000000001 1.7759 1.9194 2.0596999999999999 2.1850999999999998 2.2782 2.3275000000000001
-0.46094000000000002 -0.46079999999999999 -0.46059 -0.46028999999999998 -0.45984000000000003 -0.4592 -0.45831 -0.45701999999999998 -0.45518999999999998 -0.45240999999999998 -0.44812000000000002 -0.44135000000000002 -0.43051 -0.41331000000000001 -0.38535000000000003 -0.34172999999999998 -0.27494000000000002 -0.18076 -0.060802000000000002 0.082064999999999999 0.23261999999999999 0.39041999999999999 0.53686 0.67462999999999995 0.79888000000000003 0.90761000000000003 1.0049999999999999 1.0882000000000001 1.1675 1.2549999999999999 1.3501000000000001 1.4563999999999999 1.5798000000000001 1.7135 1.859 1.9990000000000001 2.1175000000000002 2.2061999999999999 2.2469999999999999
-0.46134999999999998 -0.46123999999999998 -0.46107999999999999 -0.46083000000000002 -0.46046999999999999 -0.45993000000000001 -0.45915 -0.45800999999999997 -0.45639000000000002 -0.45399 -0.45034000000000002 -0.44472 -0.43570999999999999 -0.42147000000000001 -0.39856999999999998 -0.36191000000000001 -0.30506 -0.21937999999999999 -0.10664999999999999 0.036292999999999999 0.18428 0.33771000000000001 0.47792000000000001 0.60699000000000003 0.72499000000000002 0.82876000000000005 0.92447999999999997 1.0064 1.089 1.1756 1.2774000000000001 1.3880999999999999 1.5194000000000001 1.6598999999999999 1.8049999999999999 1.9430000000000001 2.0568 2.1373000000000002 2.1747999999999998
-0.46171000000000001 -0.46161999999999997 -0.46148 -0.46127000000000001 -0.46095999999999998 -0.46050000000000002 -0.45983000000000002 -0.45885999999999999 -0.45741999999999999 -0.45528999999999997 -0.45204 -0.44714999999999999 -0.43942999999999999 -0.42716999999999999 -0.40753 -0.37597999999999998 -0.32696999999999998 -0.25141999999999998 -0.14813999999999999 -0.014437999999999999 0.13378999999999999 0.28109000000000001 0.41826000000000002 0.54093000000000002 0.65510000000000002 0.75688 0.85070000000000001 0.93401999999999996 1.0192000000000001 1.1047 1.2133 1.3309 1.4648000000000001 1.6100000000000001 1.7559 1.8926000000000001 2.0017 2.0741000000000001 2.1105
-0.46234999999999998 -0.46228999999999998 -0.46218999999999999 -0.46204000000000001 -0.46179999999999999 -0.46145999999999998 -0.46095000000000003 -0.4602 -0.45905000000000001 -0.45732 -0.45467999999999997 -0.45065 -0.44446000000000002 -0.43468000000000001 -0.41937999999999998 -0.39484999999999998 -0.35648999999999997 -0.29787999999999998 -0.21210000000000001 -0.10048 0.037192000000000003 0.17057 0.30542999999999998 0.42230000000000001 0.53156000000000003 0.63251000000000002 0.72430000000000005 0.81115999999999999 0.89797000000000005 0.99209000000000003 1.1045 1.2338 1.3736999999999999 1.524 1.6709000000000001 1.8007 1.9045000000000001 1.9625999999999999 1.9942
-0.46288000000000001 -0.46283000000000002 -0.46274999999999999 -0.46262999999999999 -0.46244000000000002 -0.46216000000000002 -0.46172000000000002 -0.46107999999999999 -0.46012999999999998 -0.45868999999999999 -0.45654 -0.45318999999999998 -0.44807999999999998 -0.44001000000000001 -0.42730000000000001 -0.40720000000000001 -0.37542999999999999 -0.32738 -0.25585999999999998 -0.16134000000000001 -0.043736999999999998 0.082074999999999995 0.20651 0.32483000000000001 0.42915999999999999 0.52837000000000001 0.61936999999999998 0.70865 0.79756000000000005 0.90212000000000003 1.0168999999999999 1.1528 1.2985 1.4497 1.5948 1.7186999999999999 1.8129999999999999 1.8688 1.8900999999999999
-0.46331 -0.46327000000000002 -0.46322000000000002 -0.46312999999999999 -0.46299000000000001 -0.46277000000000001 -0.46243000000000001 -0.46189000000000002 -0.46107999999999999 -0.45984999999999998 -0.45801999999999998 -0.45517999999999997 -0.45079999999999998 -0.44396000000000002 -0.43308999999999997 -0.41615999999999997 -0.38927 -0.34871999999999997 -0.28878999999999999 -0.20630000000000001 -0.10471 0.013295 0.12687999999999999 0.24152999999999999 0.34227000000000002 0.43914999999999998 0.53017000000000003 0.62121000000000004 0.71284999999999998 0.82440999999999998 0.94577 1.0825 1.2336 1.3854 1.5293000000000001 1.6475 1.7327999999999999 1.7849999999999999 1.7939000000000001
-0.46367000000000003 -0.46364 -0.46359 -0.46350999999999998 -0.46339999999999998 -0.46321000000000001 -0.46294000000000002 -0.46250000000000002 -0.46183000000000002 -0.46078999999999998 -0.45917999999999998 -0.45673000000000002 -0.45290999999999998 -0.44701000000000002 -0.43759999999999999 -0.42298000000000002 -0.39998 -0.36477999999999999 -0.31341999999999998 -0.24082999999999999 -0.1517 -0.044941000000000002 0.061859999999999998 0.16929 0.26928000000000002 0.36315999999999998 0.45396999999999998 0.54664999999999997 0.64483999999999997 0.75692999999999999 0.88434999999999997 1.0245 1.1771 1.3292999999999999 1.4694 1.5844 1.6608000000000001 1.7087000000000001 1.706
-0.46440999999999999 -0.46437 -0.46431 -0.46422000000000002 -0.46411000000000002 -0.46393000000000001 -0.4637 -0.46333999999999997 -0.46279999999999999 -0.46192 -0.46054 -0.45840999999999998 -0.45506999999999997 -0.44994000000000001 -0.44181999999999999 -0.42906 -0.40927999999999998 -0.37858999999999998 -0.33409 -0.27055000000000001 -0.19026000000000001 -0.094491000000000006 0.0081699000000000008 0.10866000000000001 0.20763999999999999 0.29808000000000001 0.38907000000000003 0.48259000000000002 0.58521999999999996 0.69804999999999995 0.83067000000000002 0.97411000000000003 1.1268 1.2786999999999999 1.4136 1.5241 1.5954999999999999 1.6403000000000001 1.6195999999999999
-0.46511000000000002 -0.46505000000000002 -0.46496999999999999 -0.46487000000000001 -0.46472999999999998 -0.46451999999999999 -0.46428000000000003 -0.46395999999999998 -0.46348 -0.46271000000000001 -0.46148 -0.45960000000000001 -0.45665 -0.45205000000000001 -0.44486999999999999 -0.43347000000000002 -0.41599999999999998 -0.38884000000000002 -0.34938000000000002 -0.29346 -0.22012000000000001 -0.13356999999999999 -0.035650000000000001 0.058223999999999998 0.15398000000000001 0.24265 0.33360000000000001 0.42781000000000002 0.53239999999999998 0.64675000000000005 0.78342000000000001 0.92998000000000003 1.083 1.2326999999999999 1.3635999999999999 1.4674 1.5367999999999999 1.5726 1.5395000000000001
-0.46577000000000002 -0.4657 -0.46561000000000002 -0.46549000000000001 -0.46531 -0.46505999999999997 -0.46478000000000003 -0.46446999999999999 -0.46399000000000001 -0.46327000000000002 -0.46212999999999999 -0.46040999999999999 -0.45774999999999999 -0.45356000000000002 -0.44711000000000001 -0.43683 -0.42120000000000002 -0.39710000000000001 -0.36154999999999998 -0.31164999999999998 -0.24431 -0.16536999999999999 -0.073512999999999995 0.016001999999999999 0.10764 0.19578999999999999 0.28637000000000001 0.38085000000000002 0.48698999999999998 0.60524 0.74285000000000001 0.89168000000000003 1.0441 1.1910000000000001 1.3182 1.4155 1.4823 1.5091000000000001 1.4674
-0.46638000000000002 -0.46631 -0.46622999999999998 -0.46610000000000001 -0.46589999999999998 -0.46562999999999999 -0.46528000000000003 -0.46493000000000001 -0.46439999999999998 -0.46365000000000001 -0.46251999999999999 -0.46084999999999998 -0.45837 -0.45449000000000001 -0.44862000000000002 -0.43935000000000002 -0.42510999999999999 -0.40344000000000002 -0.37108000000000002 -0.32602999999999999 -0.26401999999999998 -0.19123999999999999 -0.10634 -0.019487000000000001 0.068177000000000001 0.15615999999999999 0.24598 0.34139000000000003 0.44746000000000002 0.56908000000000003 0.70760999999999996 0.85821999999999998 1.0084 1.1529 1.2766999999999999 1.3673 1.4313 1.4498 1.4016999999999999
-0.46750000000000003 -0.46744000000000002 -0.46734999999999999 -0.46722999999999998 -0.46704000000000001 -0.46678999999999998 -0.46643000000000001 -0.46598000000000001 -0.46534999999999999 -0.46444000000000002 -0.46323999999999999 -0.46144000000000002 -0.45904 -0.45541999999999999 -0.45012000000000002 -0.44212000000000001 -0.42981000000000003 -0.41163 -0.38427 -0.34610999999999997 -0.29425000000000001 -0.22919 -0.15534999999999999 -0.073151999999999995 0.0075053999999999997 0.093612000000000001 0.18167 0.27761999999999998 0.38231999999999999 0.50973999999999997 0.65012999999999999 0.79986999999999997 0.94516 1.0800000000000001 1.1981999999999999 1.2813000000000001 1.3387 1.3368 1.2823
-0.46850999999999998 -0.46845999999999999 -0.46838000000000002 -0.46827000000000002 -0.46811000000000003 -0.46788999999999997 -0.46758 -0.46711000000000003 -0.46644999999999998 -0.46545999999999998 -0.46411999999999998 -0.4622 -0.45951999999999998 -0.45579999999999998 -0.45034999999999997 -0.44286999999999999 -0.43157000000000001 -0.41537000000000002 -0.3916 -0.35770999999999997 -0.31269999999999998 -0.25356000000000001 -0.18795999999999999 -0.11254 -0.035274 0.047197999999999997 0.13350000000000001 0.22808 0.33355000000000001 0.46273999999999998 0.60319999999999996 0.74885000000000002 0.88912999999999998 1.0172000000000001 1.1251 1.2042999999999999 1.2512000000000001 1.2325999999999999 1.1734
-0.46940999999999999 -0.46937000000000001 -0.46931 -0.46922000000000003 -0.46908 -0.46888999999999997 -0.46861000000000003 -0.46821000000000002 -0.46760000000000002 -0.46667999999999998 -0.46531 -0.46337 -0.46045999999999998 -0.45659 -0.45082 -0.44313000000000002 -0.43212 -0.41657 -0.39489999999999997 -0.36371999999999999 -0.32343 -0.27048 -0.20943000000000001 -0.14068 -0.065849000000000005 0.011521 0.094501000000000002 0.18823000000000001 0.29660999999999998 0.42412 0.56271000000000004 0.70406000000000002 0.84077999999999997 0.96216999999999997 1.0598000000000001 1.135 1.171 1.1428 1.0713999999999999
-0.47105999999999998 -0.47104000000000001 -0.47099999999999997 -0.47093000000000002 -0.47083000000000003 -0.47066999999999998 -0.47043000000000001 -0.47009000000000001 -0.46956999999999999 -0.46877999999999997 -0.46755000000000002 -0.46572999999999998 -0.46292 -0.45889999999999997 -0.45307999999999998 -0.44474999999999998 -0.43363000000000002 -0.41754000000000002 -0.39718999999999999 -0.36843999999999999 -0.33112000000000003 -0.28404000000000001 -0.22696 -0.16516 -0.094840999999999995 -0.023323 0.056585000000000003 0.14809 0.25147999999999998 0.37201000000000001 0.51666999999999996 0.65412999999999999 0.78352999999999995 0.89741000000000004 0.98631999999999997 1.0569999999999999 1.0780000000000001 1.0425 0.95330000000000004
-0.47253000000000001 -0.47252 -0.47249000000000002 -0.47244999999999998 -0.47237000000000001 -0.47225 -0.47205999999999998 -0.47177000000000002 -0.47132000000000002 -0.47066000000000002 -0.46961000000000003 -0.46800000000000003 -0.46549000000000001 -0.46161000000000002 -0.45602999999999999 -0.44738 -0.43620999999999999 -0.42004000000000002 -0.39916000000000001 -0.37165999999999999 -0.33546999999999999 -0.29237000000000002 -0.23877999999999999 -0.18242 -0.11837 -0.051082000000000002 0.026287999999999999 0.11493 0.21614 0.33706999999999998 0.47321000000000002 0.60745000000000005 0.73172999999999999 0.83843999999999996 0.92057 0.98440000000000005 0.98865999999999998 0.94976000000000005 0.84745000000000004
-0.47386 -0.47384999999999999 -0.47382999999999997 -0.4738 -0.47373999999999999 -0.47365000000000002 -0.47349999999999998 -0.47326000000000001 -0.47288999999999998 -0.47232000000000002 -0.47143000000000002 -0.47003 -0.46783999999999998 -0.46429999999999999 -0.45911999999999997 -0.45107000000000003 -0.43967000000000001 -0.42376999999999998 -0.40192 -0.37514999999999998 -0.33916000000000002 -0.29859000000000002 -0.24943000000000001 -0.19655 -0.13816000000000001 -0.075406000000000001 0.00031052 0.085990999999999998 0.18379000000000001 0.30421999999999999 0.43430999999999997 0.56606000000000001 0.68523999999999996 0.78237999999999996 0.86070000000000002 0.91557999999999995 0.90829000000000004 0.86450000000000005 0.75183999999999995
-0.47506999999999999 -0.47506999999999999 -0.47504999999999997 -0.47503000000000001 -0.47499000000000002 -0.47491 -0.47478999999999999 -0.47460000000000002 -0.47428999999999999 -0.4738 -0.47304000000000002 -0.47181000000000001 -0.46989999999999998 -0.46681 -0.46203 -0.45469999999999999 -0.44352000000000003 -0.42820000000000003 -0.40571000000000002 -0.37947999999999998 -0.34461000000000003 -0.30436000000000002 -0.25912000000000002 -0.20943999999999999 -0.15614 -0.097045999999999993 -0.023303000000000001 0.059011000000000001 0.15382000000000001 0.27328000000000002 0.39906999999999998 0.52939000000000003 0.64398 0.72958999999999996 0.80589 0.85174000000000005 0.83865000000000001 0.78227999999999998 0.66583999999999999
-0.47660999999999998 -0.47660999999999998 -0.47659000000000001 -0.47658 -0.47654000000000002 -0.47649000000000002 -0.47638999999999998 -0.47622999999999999 -0.47597 -0.47554000000000002 -0.47488000000000002 -0.47381000000000001 -0.47211999999999998 -0.46942 -0.46506999999999998 -0.45841999999999999 -0.44779999999999998 -0.43320999999999998 -0.41175 -0.38488 -0.35109000000000001 -0.31064999999999998 -0.26911000000000002 -0.22223000000000001 -0.17297999999999999 -0.11609 -0.045395999999999999 0.033274999999999999 0.12691 0.24440999999999999 0.36707000000000001 0.49159000000000003 0.60662000000000005 0.68086999999999998 0.75560000000000005 0.79176999999999997 0.77429000000000003 0.70647000000000004 0.59091000000000005
-0.47804000000000002 -0.47803000000000001 -0.47802 -0.47800999999999999 -0.47798000000000002 -0.47793000000000002 -0.47785 -0.47771999999999998 -0.47749999999999998 -0.47713 -0.47654999999999997 -0.47560999999999998 -0.47410999999999998 -0.47171000000000002 -0.46777000000000002 -0.46173999999999998 -0.45207000000000003 -0.43803999999999998 -0.41782000000000002 -0.39063999999999999 -0.35805999999999999 -0.31722 -0.27921000000000001 -0.23524999999999999 -0.18901999999999999 -0.13392999999999999 -0.066238000000000005 0.0089379999999999998 0.1016 0.21507999999999999 0.33593000000000001 0.45654 0.56408000000000003 0.63505 0.70813999999999999 0.73219000000000001 0.71343999999999996 0.63641999999999999 0.52644000000000002
-0.47936000000000001 -0.47936000000000001 -0.47935 -0.47933999999999999 -0.47932000000000002 -0.47927999999999998 -0.47921000000000002 -0.47909000000000002 -0.47889999999999999 -0.47859000000000002 -0.47806999999999999 -0.47724 -0.47588000000000003 -0.47373999999999999 -0.47017999999999999 -0.46467999999999998 -0.45590000000000003 -0.44252999999999998 -0.42354999999999998 -0.39648 -0.36519000000000001 -0.32586999999999999 -0.28959000000000001 -0.24811 -0.20383000000000001 -0.15032999999999999 -0.086452000000000001 -0.013943000000000001 0.078 0.18817999999999999 0.30797999999999998 0.42536000000000002 0.52378000000000002 0.59467000000000003 0.66069999999999995 0.67664999999999997 0.65591999999999995 0.57182999999999995 0.46711000000000003
-0.48060000000000003 -0.48060000000000003 -0.48059000000000002 -0.48058000000000001 -0.48055999999999999 -0.48053000000000001 -0.48047000000000001 -0.48037000000000002 -0.48021000000000003 -0.47993000000000002 -0.47946 -0.47871999999999998 -0.47749000000000003 -0.47554999999999997 -0.47236 -0.46727999999999997 -0.45926 -0.44663000000000003 -0.42881999999999998 -0.40237000000000001 -0.37222 -0.33543000000000001 -0.29988999999999999 -0.26068999999999998 -0.21826000000000001 -0.16713 -0.10703 -0.035535999999999998 0.056061 0.16341 0.28203 0.39566000000000001 0.48635 0.55735000000000001 0.61624000000000001 0.62499000000000005 0.60182000000000002 0.51161999999999996 0.41203000000000001
-0.48248999999999997 -0.48248000000000002 -0.48248000000000002 -0.48247000000000001 -0.48244999999999999 -0.48242000000000002 -0.48237000000000002 -0.48227999999999999 -0.48213 -0.48188999999999999 -0.48147000000000001 -0.48080000000000001 -0.47968 -0.47789999999999999 -0.47499999999999998 -0.47028999999999999 -0.46292 -0.45102999999999999 -0.43426999999999999 -0.40955000000000003 -0.37963999999999998 -0.34543000000000001 -0.31031999999999998 -0.27323999999999998 -0.23227999999999999 -0.18315000000000001 -0.12575 -0.055750000000000001 0.035288 0.14022999999999999 0.25790999999999997 0.36791000000000001 0.45082 0.52081999999999995 0.57411999999999996 0.57957000000000003 0.54879 0.45537 0.36054000000000003
0.80000000000000004 0.01
-0.61324000000000001 -0.67534000000000005 -0.73889000000000005 -0.82659000000000005 -0.9133 -1.0039 -1.1048 -1.2040999999999999 -1.3026 -1.4034 -1.5006999999999999 -1.5932999999999999 -1.6731 -1.7384999999999999 -1.786 -1.8017000000000001 -1.7778 -1.7309000000000001 -1.6678999999999999 -1.5782 -1.4787999999999999 -1.3738999999999999 -1.3219000000000001 -1.3227 -1.3537999999999999 -1.3822000000000001 -1.2639 -1.1454 -1.0270999999999999 -0.89439000000000002 -0.76032999999999995 -0.62663999999999997 -0.47499000000000002 -0.31897999999999999 -0.16356999999999999 0.019476 0.2009 0.39140000000000003 0.58992
-0.46168999999999999 -0.45859 -0.4546 -0.45472000000000001 -0.45327000000000001 -0.46118999999999999 -0.46733999999999998 -0.48964000000000002 -0.50463000000000002 -0.54557 -0.57901999999999998 -0.61550000000000005 -0.65829000000000004 -0.69096999999999997 -0.71833000000000002 -0.73989000000000005 -0.74960000000000004 -0.74531999999999998 -0.72118000000000004 -0.68701999999999996 -0.64551000000000003 -0.57345000000000002 -0.49448999999999999 -0.41399000000000002 -0.32217000000000001 -0.21734000000000001 -0.11308 -0.010122000000000001 0.072665999999999994 0.14999000000000001 0.21884000000000001 0.31529000000000001 0.43526999999999999 0.55415000000000003 0.67537000000000003 0.80757000000000001 0.93881000000000003 1.069 1.2133
-0.47266000000000002 -0.46970000000000001 -0.46486 -0.45715 -0.44583 -0.42896000000000001 -0.40437000000000001 -0.36714000000000002 -0.31619000000000003 -0.24937000000000001 -0.16095999999999999 -0.053144999999999998 0.074941999999999995 0.21651999999999999 0.36854999999999999 0.51880999999999999 0.66322000000000003 0.78622999999999998 0.90878000000000003 0.99199000000000004 1.0755999999999999 1.1492 1.2078 1.2656000000000001 1.3224 1.3777999999999999 1.4317 1.4851000000000001 1.5507 1.6145 1.6761999999999999 1.7502 1.8286 1.9048 1.9845999999999999 2.0783 2.1698 2.2591000000000001 2.3633999999999999
-0.43944 -0.43778 -0.4355 -0.43228 -0.42707000000000001 -0.41897000000000001 -0.40536 -0.38302999999999998 -0.34782999999999997 -0.29482000000000003 -0.21969 -0.11966 0.0090375999999999998 0.16425000000000001 0.34610000000000002 0.54771000000000003 0.76348000000000005 0.98473999999999995 1.2090000000000001 1.4219999999999999 1.6267 1.7971999999999999 1.9617 2.0882000000000001 2.1996000000000002 2.3010999999999999 2.3725999999999998 2.4422999999999999 2.5065 2.5609999999999999 2.6135000000000002 2.6652 2.7212000000000001 2.7751000000000001 2.8269000000000002 2.8933 2.9609000000000001 3.0264000000000002 3.1025999999999998
-0.42360999999999999 -0.41703000000000001 -0.41015000000000001 -0.40466999999999997 -0.39579999999999999 -0.38588 -0.37278 -0.35361999999999999 -0.32499 -0.28316000000000002 -0.22336 -0.14285 -0.039627000000000002 0.088460999999999998 0.23830999999999999 0.41453000000000001 0.60868 0.82308000000000003 1.0505 1.288 1.5318000000000001 1.7767999999999999 2.0150999999999999 2.2467999999999999 2.4529000000000001 2.6478999999999999 2.8026 2.9540000000000002 3.0589 3.1587999999999998 3.2467000000000001 3.3148 3.3809 3.4436 3.5023 3.5590000000000002 3.6179999999999999 3.6855000000000002 3.7511999999999999
-0.43462000000000001 -0.42814000000000002 -0.41968 -0.40910000000000002 -0.39634000000000003 -0.38091999999999998 -0.36202000000000001 -0.33788000000000001 -0.30590000000000001 -0.26379999999999998 -0.20755000000000001 -0.13344 -0.044777999999999998 0.068706000000000003 0.20543 0.36441000000000001 0.54869000000000001 0.74905999999999995 0.96924999999999994 1.1970000000000001 1.4347000000000001 1.6783999999999999 1.9257 2.1758999999999999 2.4235000000000002 2.6623999999999999 2.8929 3.0960999999999999 3.2896999999999998 3.4409999999999998 3.5884999999999998 3.6970999999999998 3.7965 3.8881999999999999 3.9609000000000001 4.0312999999999999 4.0998999999999999 4.1672000000000002 4.2328000000000001
-0.42369000000000001 -0.41982999999999998 -0.41108 -0.40043000000000001 -0.38829999999999998 -0.37312000000000001 -0.35271999999999998 -0.32906000000000002 -0.30007 -0.26351000000000002 -0.21501999999999999 -0.15265000000000001 -0.069139000000000006 0.035032000000000001 0.16571 0.32308999999999999 0.50649 0.71584000000000003 0.94076000000000004 1.1811 1.427 1.6781999999999999 1.9321999999999999 2.1850000000000001 2.4428000000000001 2.6962000000000002 2.9535999999999998 3.2038000000000002 3.4478 3.677 3.8900999999999999 4.0804999999999998 4.2481999999999998 4.3975999999999997 4.5170000000000003 4.6333000000000002 4.7142999999999997 4.7912999999999997 4.8688000000000002
-0.40815000000000001 -0.40428999999999998 -0.39835999999999999 -0.38634000000000002 -0.37069999999999997 -0.35226000000000002 -0.32762000000000002 -0.29554999999999998 -0.25572 -0.20807999999999999 -0.15185000000000001 -0.084372000000000003 -0.0038333999999999998 0.097877000000000006 0.21911 0.37106 0.54630999999999996 0.74958999999999998 0.97611000000000003 1.216 1.4752000000000001 1.7372000000000001 2.0059 2.2730999999999999 2.5384000000000002 2.8050999999999999 3.0672000000000001 3.3334000000000001 3.5909 3.8397999999999999 4.0754999999999999 4.2960000000000003 4.4938000000000002 4.6675000000000004 4.8231000000000002 4.9531999999999998 5.0768000000000004 5.1707999999999998 5.2636000000000003
-0.39989000000000002 -0.39523999999999998 -0.39028000000000002 -0.38383 -0.37043999999999999 -0.34971999999999998 -0.32658999999999999 -0.29355999999999999 -0.24879999999999999 -0.18901000000000001 -0.11504 -0.026709 0.075437000000000004 0.19253000000000001 0.32888000000000001 0.48413 0.66642000000000001 0.86512 1.0871 1.3211999999999999 1.5686 1.827 2.0882999999999998 2.3611 2.6314000000000002 2.9060999999999999 3.1781999999999999 3.4479000000000002 3.7130999999999998 3.9697 4.2134999999999998 4.4459999999999997 4.6508000000000003 4.8442999999999996 5.0071000000000003 5.1615000000000002 5.2774999999999999 5.3920000000000003 5.4805999999999999
-0.40166000000000002 -0.39700999999999997 -0.39144000000000001 -0.38328000000000001 -0.36910999999999999 -0.35196 -0.33006000000000002 -0.29902000000000001 -0.25629999999999997 -0.19817000000000001 -0.12193 -0.026568999999999999 0.091639999999999999 0.22972000000000001 0.39255000000000001 0.57350000000000001 0.77151000000000003 0.98336999999999997 1.2051000000000001 1.4408000000000001 1.6793 1.9312 2.1850000000000001 2.4470000000000001 2.7136999999999998 2.9807000000000001 3.2524000000000002 3.5183 3.7814999999999999 4.0345000000000004 4.2774000000000001 4.5050999999999997 4.7206999999999999 4.9092000000000002 5.0857000000000001 5.2290999999999999 5.3621999999999996 5.4672999999999998 5.5564999999999998
-0.39712999999999998 -0.39239000000000002 -0.38684000000000002 -0.38063000000000002 -0.37251000000000001 -0.35665000000000002 -0.33252999999999999 -0.30462 -0.26529000000000003 -0.21146000000000001 -0.13739000000000001 -0.042991000000000001 0.076296000000000003 0.21956999999999999 0.38743 0.58060999999999996 0.79091 1.0207999999999999 1.2569999999999999 1.5009999999999999 1.7464999999999999 1.9930000000000001 2.2437999999999998 2.4935999999999998 2.7528000000000001 3.0093999999999999 3.2703000000000002 3.5272000000000001 3.7801999999999998 4.0223000000000004 4.2563000000000004 4.4794999999999998 4.6929999999999996 4.8818999999999999 5.0583 5.2020999999999997 5.3346999999999998 5.4375999999999998 5.5362
-0.3982 -0.39315 -0.38708999999999999 -0.37996999999999997 -0.37165999999999999 -0.36142999999999997 -0.34304000000000001 -0.31315999999999999 -0.28040999999999999 -0.23472999999999999 -0.17244000000000001 -0.088078000000000004 0.018561999999999999 0.15478 0.31469999999999998 0.50000999999999995 0.70579999999999998 0.92603000000000002 1.1624000000000001 1.4034 1.6565000000000001 1.9105000000000001 2.1688000000000001 2.4258999999999999 2.681 2.9327000000000001 3.1802999999999999 3.4232 3.6606000000000001 3.8906000000000001 4.1127000000000002 4.3280000000000003 4.5277000000000003 4.7207999999999997 4.8867000000000003 5.0457999999999998 5.1706000000000003 5.2895000000000003 5.3747999999999996
-0.39401000000000003 -0.38927 -0.38373000000000002 -0.37669999999999998 -0.36835000000000001 -0.35685 -0.33832000000000001 -0.31483 -0.28583999999999998 -0.24481 -0.18948000000000001 -0.11441999999999999 -0.0177 0.10217 0.24826000000000001 0.41420000000000001 0.60777999999999999 0.81618999999999997 1.0429999999999999 1.2809999999999999 1.5257000000000001 1.7795000000000001 2.0329000000000002 2.2917999999999998 2.5476999999999999 2.8037000000000001 3.0550999999999999 3.3029000000000002 3.5413000000000001 3.7738 3.9923000000000002 4.2031999999999998 4.4008000000000003 4.5834999999999999 4.7491000000000003 4.8940999999999999 5.0250000000000004 5.1265000000000001 5.2149999999999999
-0.38307999999999998 -0.37790000000000001 -0.37225000000000003 -0.36559000000000003 -0.35744999999999999 -0.34554000000000001 -0.32757999999999998 -0.30656 -0.27844000000000002 -0.24063000000000001 -0.18967999999999999 -0.12325999999999999 -0.034652000000000002 0.074399999999999994 0.21063999999999999 0.36954999999999999 0.55096999999999996 0.75382000000000005 0.96823000000000004 1.2035 1.4432 1.6951000000000001 1.9494 2.2059000000000002 2.4638 2.7183999999999999 2.9737 3.2241 3.4691000000000001 3.7040000000000002 3.9281999999999999 4.1360999999999999 4.3326000000000002 4.5045999999999999 4.6622000000000003 4.7923999999999998 4.9066000000000001 4.9943999999999997 5.0705
-0.36758000000000002 -0.36314999999999997 -0.35715000000000002 -0.35032999999999997 -0.34211999999999998 -0.33224999999999999 -0.31845000000000001 -0.29618 -0.26711000000000001 -0.23125999999999999 -0.18121999999999999 -0.11708 -0.033632000000000002 0.070525000000000004 0.19666 0.34916000000000003 0.52027000000000001 0.71991000000000005 0.93274999999999997 1.1621999999999999 1.4029 1.6495 1.9060999999999999 2.161 2.4213 2.6777000000000002 2.9335 3.1855000000000002 3.4333 3.6682999999999999 3.8948 4.0975000000000001 4.2858999999999998 4.4488000000000003 4.5883000000000003 4.7049000000000003 4.7976999999999999 4.8756000000000004 4.9363000000000001
-0.32599 -0.32318000000000002 -0.31929000000000002 -0.31397000000000003 -0.30690000000000001 -0.29805999999999999 -0.28388999999999998 -0.26308999999999999 -0.23734 -0.20352000000000001 -0.15668000000000001 -0.094025999999999998 -0.013991 0.089615 0.21198 0.36226000000000003 0.53176000000000001 0.72314999999999996 0.93323 1.1545000000000001 1.3947000000000001 1.6375999999999999 1.8920999999999999 2.1465999999999998 2.403 2.6597 2.9129999999999998 3.1652999999999998 3.4100999999999999 3.6434000000000002 3.8603999999999998 4.0564999999999998 4.2327000000000004 4.3895 4.5103 4.6151999999999997 4.6914999999999996 4.7596999999999996 4.8112000000000004
-0.27989000000000003 -0.27562999999999999 -0.27038000000000001 -0.26396999999999998 -0.25653999999999999 -0.24795 -0.23436999999999999 -0.21584999999999999 -0.19231999999999999 -0.15970000000000001 -0.11683 -0.056293999999999997 0.018015 0.11754000000000001 0.23574000000000001 0.37940000000000002 0.54730000000000001 0.73306000000000004 0.94323999999999997 1.1615 1.3984000000000001 1.6405000000000001 1.8895999999999999 2.1432000000000002 2.3948 2.6501000000000001 2.8992 3.1461000000000001 3.3826000000000001 3.6091000000000002 3.8136000000000001 4.0041000000000002 4.1672000000000002 4.3132000000000001 4.4206000000000003 4.5132000000000003 4.5838999999999999 4.6435000000000004 4.6919000000000004
-0.19470999999999999 -0.17929 -0.16378999999999999 -0.14737 -0.12977 -0.11053 -0.089206999999999995 -0.064768000000000006 -0.037420000000000002 -0.0015399000000000001 0.042119999999999998 0.096718999999999999 0.16783000000000001 0.24904000000000001 0.36055999999999999 0.48321999999999998 0.63605 0.80579999999999996 0.99507000000000001 1.2063999999999999 1.4238 1.6608000000000001 1.8965000000000001 2.1377000000000002 2.3769 2.6114999999999999 2.8384 3.0528 3.2553999999999998 3.4455 3.6248999999999998 3.7875000000000001 3.9365999999999999 4.0579000000000001 4.1683000000000003 4.2476000000000003 4.3205999999999998 4.3720999999999997 4.4195000000000002
-0.23214000000000001 -0.20880000000000001 -0.18343999999999999 -0.15686 -0.12769 -0.095398999999999998 -0.05951 -0.020351999999999999 0.023833 0.072731000000000004 0.13169 0.19735 0.27829999999999999 0.37036999999999998 0.47627999999999998 0.59965000000000002 0.72858000000000001 0.88705000000000001 1.0499000000000001 1.24 1.4404999999999999 1.6537999999999999 1.8767 2.0977000000000001 2.3193999999999999 2.5297000000000001 2.7275 2.9098000000000002 3.0781999999999998 3.2395999999999998 3.3944000000000001 3.5421999999999998 3.6829000000000001 3.8075999999999999 3.9182999999999999 4.0125000000000002 4.0883000000000003 4.1543000000000001 4.2115999999999998
-0.36825000000000002 -0.35110000000000002 -0.33068999999999998 -0.30599999999999999 -0.27811000000000002 -0.24468999999999999 -0.20662 -0.16173999999999999 -0.11098 -0.052274000000000001 0.016372000000000001 0.096292000000000003 0.18945000000000001 0.29701 0.41787999999999997 0.55010999999999999 0.69589000000000001 0.84616999999999998 1.0158 1.1868000000000001 1.3726 1.5618000000000001 1.7549999999999999 1.9495 2.1368 2.3142999999999998 2.4773999999999998 2.6248 2.7616999999999998 2.8921999999999999 3.0247000000000002 3.1566000000000001 3.2898000000000001 3.4188000000000001 3.5369000000000002 3.6436999999999999 3.7387999999999999 3.8248000000000002 3.9102000000000001
-0.42530000000000001 -0.41875000000000001 -0.41043000000000002 -0.39893000000000001 -0.38357999999999998 -0.36388999999999999 -0.33743000000000001 -0.30541000000000001 -0.26372000000000001 -0.21456 -0.15473000000000001 -0.082602999999999996 0.0027507999999999999 0.1055 0.22592999999999999 0.36658000000000002 0.52525999999999995 0.69794 0.87794000000000005 1.0649 1.2497 1.4399 1.6235999999999999 1.8041 1.9748000000000001 2.1345000000000001 2.2789000000000001 2.4102000000000001 2.5326 2.6511999999999998 2.7725 2.8976000000000002 3.0253000000000001 3.1524999999999999 3.2774000000000001 3.3898000000000001 3.4975000000000001 3.5991 3.7088999999999999
-0.43662000000000001 -0.43441000000000002 -0.43110999999999999 -0.42675999999999997 -0.42024 -0.41126000000000001 -0.39815 -0.37911 -0.35306999999999999 -0.31646000000000002 -0.2697 -0.20760000000000001 -0.12981000000000001 -0.033133000000000003 0.085195000000000007 0.22500000000000001 0.38772000000000001 0.56771000000000005 0.76014000000000004 0.95737000000000005 1.1534 1.3431 1.5254000000000001 1.696 1.8573999999999999 2.004 2.1362000000000001 2.2559999999999998 2.3668999999999998 2.4805000000000001 2.5931000000000002 2.7157 2.8393999999999999 2.9681000000000002 3.0916000000000001 3.2111999999999998 3.3252000000000002 3.4413 3.5640999999999998
-0.441 -0.43986999999999998 -0.43846000000000002 -0.43657000000000001 -0.43413000000000002 -0.43042999999999998 -0.42520999999999998 -0.41772999999999999 -0.40728999999999999 -0.39241999999999999 -0.37014000000000002 -0.33811999999999998 -0.29071999999999998 -0.22262000000000001 -0.12684000000000001 0.0028338 0.16617000000000001 0.36115000000000003 0.57162000000000002 0.79027000000000003 1.0023 1.2015 1.3847 1.5483 1.6963999999999999 1.8278000000000001 1.9460999999999999 2.0529999999999999 2.1566000000000001 2.2585999999999999 2.371 2.4843999999999999 2.6093000000000002 2.7322000000000002 2.8538000000000001 2.9763000000000002 3.0992000000000002 3.2357999999999998 3.3795000000000002
-0.44290000000000002 -0.44212000000000001 -0.44108000000000003 -0.43962000000000001 -0.43747000000000003 -0.43459999999999999 -0.43068000000000001 -0.42552000000000001 -0.41819000000000001 -0.40844999999999998 -0.39445000000000002 -0.37389 -0.34422999999999998 -0.30079 -0.23763000000000001 -0.14660999999999999 -0.018152000000000001 0.15181 0.36159999999999998 0.59170999999999996 0.83045000000000002 1.0489999999999999 1.2493000000000001 1.4219999999999999 1.5713999999999999 1.7045999999999999 1.8200000000000001 1.9268000000000001 2.0301999999999998 2.1353 2.2444999999999999 2.3592 2.4735 2.5918000000000001 2.7092999999999998 2.8309000000000002 2.9653999999999998 3.1089000000000002 3.2637
-0.44205 -0.44162000000000001 -0.44085000000000002 -0.43985999999999997 -0.43823000000000001 -0.43604999999999999 -0.43292000000000003 -0.42835000000000001 -0.42218 -0.41348000000000001 -0.40187 -0.38555 -0.36270000000000002 -0.32967000000000002 -0.28132000000000001 -0.21099999999999999 -0.11119 0.027806000000000001 0.20752999999999999 0.42534 0.65952 0.89859 1.1083000000000001 1.3016000000000001 1.4571000000000001 1.5963000000000001 1.7181999999999999 1.8314999999999999 1.9382999999999999 2.0493999999999999 2.1579000000000002 2.2705000000000002 2.3818999999999999 2.4933000000000001 2.6114000000000002 2.7315999999999998 2.8744999999999998 3.0263 3.1760000000000002
-0.44162000000000001 -0.44107000000000002 -0.44030000000000002 -0.43930999999999998 -0.438 -0.43606 -0.43347999999999998 -0.42959999999999998 -0.42455999999999999 -0.41732999999999998 -0.40719 -0.39280999999999999 -0.37207000000000001 -0.34288000000000002 -0.30125999999999997 -0.24154999999999999 -0.15659000000000001 -0.037828000000000001 0.12044000000000001 0.31719000000000003 0.53969 0.77193999999999996 0.99236000000000002 1.1892 1.3623000000000001 1.5067999999999999 1.6385000000000001 1.7577 1.8728 1.9864999999999999 2.0979999999999999 2.2061000000000002 2.3148 2.4218000000000002 2.5371999999999999 2.6654 2.8062999999999998 2.9588000000000001 3.0998000000000001
-0.44037999999999999 -0.43947000000000003 -0.43853999999999999 -0.43733 -0.43608999999999998 -0.43428 -0.43193999999999999 -0.42867 -0.42409000000000002 -0.41763 -0.40810999999999997 -0.39506999999999998 -0.37634000000000001 -0.34966999999999998 -0.31151000000000001 -0.25729000000000002 -0.18060000000000001 -0.075217000000000006 0.067379999999999995 0.24585000000000001 0.45648 0.67915000000000003 0.90473999999999999 1.1021000000000001 1.2856000000000001 1.4378 1.5777000000000001 1.7040999999999999 1.8255999999999999 1.9413 2.0524 2.1576 2.2601 2.3666 2.4748999999999999 2.6099999999999999 2.7509999999999999 2.8959999999999999 3.0272999999999999
-0.43992999999999999 -0.43837999999999999 -0.43686000000000003 -0.43502000000000002 -0.43304999999999999 -0.43079000000000001 -0.42798999999999998 -0.42476999999999998 -0.42026999999999998 -0.41454000000000002 -0.40616000000000002 -0.39417000000000002 -0.37685000000000002 -0.35194999999999999 -0.31639 -0.26590999999999998 -0.19411999999999999 -0.095771999999999996 0.035933 0.20277999999999999 0.40106999999999998 0.61599000000000004 0.83572999999999997 1.0384 1.2237 1.3877999999999999 1.5331999999999999 1.6673 1.7911999999999999 1.907 2.0148000000000001 2.1156000000000001 2.2101999999999999 2.3159999999999998 2.4256000000000002 2.5573999999999999 2.698 2.8365999999999998 2.9590000000000001
-0.44096000000000002 -0.43897000000000003 -0.43669999999999998 -0.43414999999999998 -0.43115999999999999 -0.42803999999999998 -0.42415000000000003 -0.42005999999999999 -0.41492000000000001 -0.40870000000000001 -0.40061999999999998 -0.38943 -0.37395 -0.35138000000000003 -0.31861 -0.27139999999999997 -0.20412 -0.11022 0.014799 0.17480999999999999 0.36370999999999998 0.57269999999999999 0.78522999999999998 0.99216000000000004 1.1787000000000001 1.3528 1.5009999999999999 1.6396999999999999 1.7655000000000001 1.8781000000000001 1.9782 2.073 2.1633 2.2664 2.3797000000000001 2.5062000000000002 2.6467000000000001 2.7806999999999999 2.8959999999999999
-0.44500000000000001 -0.44381999999999999 -0.44203999999999999 -0.43958999999999998 -0.43608999999999998 -0.43135000000000001 -0.42543999999999998 -0.41754000000000002 -0.40911999999999998 -0.39863999999999999 -0.38691999999999999 -0.37264000000000003 -0.35497000000000001 -0.33251999999999998 -0.30218 -0.26047999999999999 -0.20222000000000001 -0.12028 -0.0091556999999999993 0.13536999999999999 0.31140000000000001 0.51046999999999998 0.71562999999999999 0.91978000000000004 1.1119000000000001 1.2864 1.4436 1.5793999999999999 1.6981999999999999 1.7916000000000001 1.877 1.9581 2.0489000000000002 2.1438999999999999 2.2643 2.3938999999999999 2.5276999999999998 2.6522000000000001 2.7475999999999998
-0.44669999999999999 -0.44625999999999999 -0.44551000000000002 -0.44434000000000001 -0.44261 -0.43991000000000002 -0.43608000000000002 -0.43031999999999998 -0.42188999999999999 -0.41054000000000002 -0.39439000000000002 -0.37556 -0.35127999999999998 -0.32290000000000002 -0.28753000000000001 -0.24310000000000001 -0.18572 -0.11039 -0.0088508000000000007 0.12163 0.28519 0.47262999999999999 0.67479 0.87358000000000002 1.0642 1.2286999999999999 1.3751 1.4975000000000001 1.5965 1.6794 1.7597 1.839 1.9321999999999999 2.0388000000000002 2.1576 2.2917999999999998 2.4239999999999999 2.5421 2.6230000000000002
-0.44729000000000002 -0.44700000000000001 -0.44661000000000001 -0.44606000000000001 -0.44520999999999999 -0.44379000000000002 -0.44163999999999998 -0.43840000000000001 -0.43330999999999997 -0.42573 -0.41394999999999998 -0.39645999999999998 -0.37197999999999998 -0.33746999999999999 -0.29525000000000001 -0.24085999999999999 -0.17566999999999999 -0.094084000000000001 0.0074717999999999998 0.13435 0.28742000000000001 0.46414 0.65224000000000004 0.83833000000000002 1.0097 1.1615 1.2878000000000001 1.3955 1.4809000000000001 1.5607 1.641 1.7292000000000001 1.8233999999999999 1.9412 2.0680000000000001 2.2031000000000001 2.3330000000000002 2.4401999999999999 2.5116000000000001
-0.44772000000000001 -0.44749 -0.44718999999999998 -0.44675999999999999 -0.44613999999999998 -0.44527 -0.44391999999999998 -0.44191000000000003 -0.43875999999999998 -0.43378 -0.42609000000000002 -0.41367999999999999 -0.39498 -0.36581999999999998 -0.32375999999999999 -0.26583000000000001 -0.19022 -0.099502999999999994 0.011102000000000001 0.14026 0.29022999999999999 0.45726 0.62963000000000002 0.79788000000000003 0.94820000000000004 1.0819000000000001 1.1912 1.2856000000000001 1.3665 1.4483999999999999 1.5306 1.6283000000000001 1.7332000000000001 1.853 1.9892000000000001 2.1273 2.2545000000000002 2.3521999999999998 2.4115000000000002
-0.44832 -0.44813999999999998 -0.44786999999999999 -0.44749 -0.44696999999999998 -0.44624999999999998 -0.44523000000000001 -0.44374000000000002 -0.4415 -0.438 -0.43252000000000002 -0.42376999999999998 -0.40992000000000001 -0.38800000000000001 -0.35294999999999999 -0.30113000000000001 -0.22477 -0.12884999999999999 -0.0096214000000000004 0.12586 0.27611999999999998 0.43612000000000001 0.59386000000000005 0.74438000000000004 0.87794000000000005 0.99556999999999995 1.0966 1.1834 1.2615000000000001 1.3472999999999999 1.4357 1.5382 1.6529 1.778 1.9205000000000001 2.0596999999999999 2.1825999999999999 2.2744 2.3222
-0.44879999999999998 -0.44866 -0.44846000000000003 -0.44814999999999999 -0.44771 -0.44707000000000002 -0.44618000000000002 -0.44490000000000002 -0.44307000000000002 -0.44030999999999998 -0.43602999999999997 -0.42927999999999999 -0.41846 -0.40129999999999999 -0.37341999999999997 -0.32979000000000003 -0.26329999999999998 -0.16928000000000001 -0.050407 0.091827000000000006 0.24084 0.39723000000000003 0.54312000000000005 0.68008999999999997 0.80401 0.91195999999999999 1.0089999999999999 1.0913999999999999 1.1708000000000001 1.2576000000000001 1.3531 1.4584999999999999 1.5818000000000001 1.7155 1.8599000000000001 1.9984 2.1150000000000002 2.2012999999999998 2.2418
-0.44922000000000001 -0.44911000000000001 -0.44894000000000001 -0.44869999999999999 -0.44833000000000001 -0.44779000000000002 -0.44701999999999997 -0.44589000000000001 -0.44427 -0.44188 -0.43824999999999997 -0.43264999999999998 -0.42368 -0.40947 -0.38663999999999998 -0.34999999999999998 -0.29330000000000001 -0.20768 -0.095676999999999998 0.045831999999999998 0.19323000000000001 0.34497 0.48462 0.61277000000000004 0.73038000000000003 0.83342000000000005 0.92827999999999999 1.0098 1.0924 1.1780999999999999 1.2803 1.3912 1.5215000000000001 1.6617 1.8058000000000001 1.9422999999999999 2.0541999999999998 2.1328 2.1707000000000001
-0.44957999999999998 -0.44947999999999999 -0.44934000000000002 -0.44912999999999997 -0.44882 -0.44836999999999999 -0.44769999999999999 -0.44673000000000002 -0.44529999999999997 -0.44318999999999997 -0.43995000000000001 -0.43508000000000002 -0.4274 -0.41517999999999999 -0.39560000000000001 -0.36409999999999998 -0.31519999999999998 -0.23999000000000001 -0.13683999999999999 -0.00428 0.14348 0.28882999999999998 0.42544999999999999 0.54703000000000002 0.66037999999999997 0.76180999999999999 0.85472000000000004 0.93752999999999997 1.0225 1.1072 1.2161 1.3339000000000001 1.4668000000000001 1.6116999999999999 1.7566999999999999 1.8919999999999999 1.9991000000000001 2.0697999999999999 2.1072000000000002
-0.45022000000000001 -0.45016 -0.45006000000000002 -0.44990000000000002 -0.44967000000000001 -0.44933000000000001 -0.44882 -0.44807000000000002 -0.44692999999999999 -0.44520999999999999 -0.44257999999999997 -0.43857000000000002 -0.43241000000000002 -0.42266999999999999 -0.40744999999999998 -0.38302999999999998 -0.34472999999999998 -0.28632999999999997 -0.20065 -0.089687000000000003 0.047690000000000003 0.17943999999999999 0.31264999999999998 0.42908000000000002 0.53737000000000001 0.63790000000000002 0.72877999999999998 0.81520000000000004 0.90117000000000003 0.99578 1.1073 1.2366999999999999 1.3763000000000001 1.5256000000000001 1.6713 1.7990999999999999 1.9007000000000001 1.9589000000000001 1.9919
-0.45073999999999997 -0.45068999999999998 -0.45062000000000002 -0.45050000000000001 -0.45030999999999999 -0.45001999999999998 -0.44958999999999999 -0.44895000000000002 -0.44800000000000001 -0.44657999999999998 -0.44442999999999999 -0.44109999999999999 -0.43602999999999997 -0.42799999999999999 -0.41533999999999999 -0.39534000000000002 -0.36364999999999997 -0.31579000000000002 -0.24465000000000001 -0.15029999999999999 -0.033800999999999998 0.091645000000000004 0.21453 0.33239000000000002 0.43543999999999999 0.53383000000000003 0.62424000000000002 0.71291000000000004 0.80098999999999998 0.90583000000000002 1.0206999999999999 1.1556 1.3010999999999999 1.4513 1.5951 1.7172000000000001 1.8098000000000001 1.8658999999999999 1.8873
-0.45118000000000003 -0.45113999999999999 -0.45107999999999998 -0.45100000000000001 -0.45085999999999998 -0.45063999999999999 -0.45029000000000002 -0.44975999999999999 -0.44896000000000003 -0.44773000000000002 -0.44590999999999997 -0.44309999999999999 -0.43873000000000001 -0.43193999999999999 -0.42110999999999998 -0.40427000000000002 -0.37752999999999998 -0.33707999999999999 -0.27746999999999999 -0.19514000000000001 -0.094358999999999998 0.023335000000000002 0.13549 0.24879000000000001 0.34905000000000003 0.44497999999999999 0.53539999999999999 0.62575000000000003 0.71743999999999997 0.82818999999999998 0.94954000000000005 1.0852999999999999 1.2362 1.3871 1.5297000000000001 1.6459999999999999 1.73 1.7827999999999999 1.7911999999999999
-0.45154 -0.45150000000000001 -0.45145000000000002 -0.45138 -0.45125999999999999 -0.45107999999999998 -0.45080999999999999 -0.45036999999999999 -0.44971 -0.44867000000000001 -0.44707000000000002 -0.44463999999999998 -0.44083 -0.43497999999999998 -0.42562 -0.41105999999999998 -0.38818999999999998 -0.35309000000000001 -0.30198999999999998 -0.22955999999999999 -0.14107 -0.035427 0.070980000000000001 0.17706 0.27655000000000002 0.36935000000000001 0.45955000000000001 0.55149000000000004 0.64959 0.76083000000000001 0.88819000000000004 1.0279 1.1796 1.3310999999999999 1.4689000000000001 1.583 1.6583000000000001 1.7072000000000001 1.7025999999999999
-0.45228000000000002 -0.45223000000000002 -0.45217000000000002 -0.45208999999999999 -0.45197999999999999 -0.45179999999999998 -0.45157000000000003 -0.45122000000000001 -0.45067000000000002 -0.44979999999999998 -0.44840999999999998 -0.44629999999999997 -0.44296999999999997 -0.43785000000000002 -0.42975999999999998 -0.41702 -0.39732000000000001 -0.36668000000000001 -0.32235999999999998 -0.25924000000000003 -0.17917 -0.084398000000000001 0.017822999999999999 0.11694 0.21537000000000001 0.30462 0.39495000000000002 0.48768 0.59009999999999996 0.70209999999999995 0.83460999999999996 0.97755000000000003 1.1293 1.28 1.4132 1.5218 1.5933999999999999 1.6389 1.6155999999999999
-0.45297999999999999 -0.45290999999999998 -0.45284000000000002 -0.45273999999999998 -0.4526 -0.45239000000000001 -0.45215 -0.45184000000000002 -0.45135999999999998 -0.45058999999999999 -0.44936999999999999 -0.44749 -0.44455 -0.43997000000000003 -0.43281999999999998 -0.42143000000000003 -0.40403 -0.37701000000000001 -0.33761999999999998 -0.28205999999999998 -0.20891999999999999 -0.12323000000000001 -0.025708000000000002 0.066864999999999994 0.16145999999999999 0.24951000000000001 0.33972000000000002 0.43312 0.53713999999999995 0.65141000000000004 0.78742999999999996 0.93345 1.0854999999999999 1.234 1.3632 1.4654 1.5351999999999999 1.5707 1.5356000000000001
-0.45362999999999998 -0.45356999999999997 -0.45347999999999999 -0.45335999999999999 -0.45318000000000003 -0.45293 -0.45265 -0.45234999999999997 -0.45186999999999999 -0.45115 -0.45001999999999998 -0.44830999999999999 -0.44564999999999999 -0.44147999999999998 -0.43506 -0.42482999999999999 -0.40922999999999998 -0.38524999999999998 -0.34977000000000003 -0.30018 -0.23302 -0.15482000000000001 -0.064070000000000002 0.024958999999999999 0.11541 0.20294000000000001 0.29265999999999998 0.38636999999999999 0.49179 0.61002999999999996 0.74702999999999997 0.89527999999999996 1.0466 1.1922999999999999 1.3179000000000001 1.4137 1.4812000000000001 1.5073000000000001 1.4641999999999999
-0.45423999999999998 -0.45417999999999997 -0.45408999999999999 -0.45395999999999997 -0.45376 -0.45350000000000001 -0.45315 -0.45280999999999999 -0.45228000000000002 -0.45152999999999999 -0.45040999999999998 -0.44874999999999998 -0.44629000000000002 -0.44241999999999998 -0.43658000000000002 -0.42735000000000001 -0.41314000000000001 -0.39158999999999999 -0.35929 -0.3145 -0.25302999999999998 -0.18054000000000001 -0.096667000000000003 -0.010276 0.076199000000000003 0.16356999999999999 0.25241999999999998 0.34725 0.45232 0.57399999999999995 0.71211999999999998 0.86197999999999997 1.0108999999999999 1.1536 1.2763 1.3656999999999999 1.4306000000000001 1.4480999999999999 1.3983000000000001
-0.45537 -0.45530999999999999 -0.45522000000000001 -0.45508999999999999 -0.45490999999999998 -0.45466000000000001 -0.45429999999999998 -0.45384999999999998 -0.45322000000000001 -0.45232 -0.45112999999999998 -0.44935000000000003 -0.44696000000000002 -0.44336999999999999 -0.43808999999999998 -0.43014999999999998 -0.41787000000000002 -0.39978000000000002 -0.37259999999999999 -0.33454 -0.28310999999999997 -0.21829000000000001 -0.14534 -0.063572000000000004 0.015913 0.10106 0.18836 0.28356999999999999 0.38728000000000001 0.51492000000000004 0.65483999999999998 0.80332999999999999 0.94721999999999995 1.0805 1.1968000000000001 1.2801 1.3386 1.3338000000000001 1.2783
-0.45638000000000001 -0.45632 -0.45623999999999998 -0.45612999999999998 -0.45598 -0.45576 -0.45544000000000001 -0.45498 -0.45432 -0.45333000000000001 -0.45200000000000001 -0.4501 -0.44741999999999998 -0.44374999999999998 -0.43831999999999999 -0.43091000000000002 -0.41970000000000002 -0.40355999999999997 -0.37995000000000001 -0.34616999999999998 -0.30151 -0.24259 -0.17777000000000001 -0.10337 -0.026623000000000001 0.054788000000000003 0.14033000000000001 0.23408999999999999 0.33949000000000001 0.46816999999999998 0.60811000000000004 0.75255000000000005 0.89112999999999998 1.0178 1.1241000000000001 1.2037 1.2503 1.2295 1.169
-0.45727000000000001 -0.45723999999999998 -0.45717000000000002 -0.45707999999999999 -0.45695000000000002 -0.45674999999999999 -0.45648 -0.45606999999999998 -0.45546999999999999 -0.45455000000000001 -0.45318000000000003 -0.45125999999999999 -0.44835000000000003 -0.44452000000000003 -0.43881999999999999 -0.43117 -0.42026999999999998 -0.40477999999999997 -0.38329999999999997 -0.35221999999999998 -0.31225999999999998 -0.25991999999999998 -0.19919000000000001 -0.13141 -0.057081 0.019153 0.10151 0.19436999999999999 0.30273 0.42973 0.56779000000000002 0.70799000000000001 0.84308000000000005 0.96257000000000004 1.0589999999999999 1.1351 1.1700999999999999 1.1404000000000001 1.0654999999999999
-0.45893 -0.45889999999999997 -0.45885999999999999 -0.45879999999999999 -0.45868999999999999 -0.45852999999999999 -0.45829999999999999 -0.45795000000000002 -0.45744000000000001 -0.45665 -0.45540999999999998 -0.4536 -0.45082 -0.44680999999999998 -0.44106000000000001 -0.43274000000000001 -0.42176999999999998 -0.40586 -0.38561000000000001 -0.35718 -0.32002000000000003 -0.27351999999999999 -0.21673999999999999 -0.15587999999999999 -0.086484000000000005 -0.015608 0.063764000000000001 0.15440000000000001 0.25690000000000002 0.37753999999999999 0.52146999999999999 0.65780000000000005 0.78508 0.89666000000000001 0.98577999999999999 1.0576000000000001 1.0760000000000001 1.0399 0.94716
-0.46039999999999998 -0.46038000000000001 -0.46035999999999999 -0.46031 -0.46023999999999998 -0.46011000000000002 -0.45992 -0.45962999999999998 -0.45918999999999999 -0.45852999999999999 -0.45749000000000001 -0.45587 -0.45338000000000001 -0.44950000000000001 -0.44396999999999998 -0.43542999999999998 -0.42429 -0.40833999999999998 -0.38755000000000001 -0.36042000000000002 -0.32439000000000001 -0.28188999999999997 -0.22911000000000001 -0.17318 -0.11001 -0.043374999999999997 0.033547 0.12146999999999999 0.22166 0.34294999999999998 0.47826999999999997 0.61143000000000003 0.73355999999999999 0.83809 0.92052 0.98429999999999995 0.98646999999999996 0.94633 0.84109
-0.46172999999999997 -0.46172000000000002 -0.4617 -0.46167000000000002 -0.46161000000000002 -0.46151999999999999 -0.46137 -0.46112999999999998 -0.46076 -0.46018999999999999 -0.45929999999999999 -0.45789999999999997 -0.45572000000000001 -0.45219999999999999 -0.44702999999999998 -0.43907000000000002 -0.42769000000000001 -0.41199999999999998 -0.39023000000000002 -0.36387000000000003 -0.32843 -0.28811999999999999 -0.23982000000000001 -0.18736 -0.1298 -0.067683999999999994 0.0076731999999999998 0.092575000000000005 0.18942000000000001 0.31041999999999997 0.43964999999999999 0.57035999999999998 0.68728999999999996 0.78220000000000001 0.86128000000000005 0.91549999999999998 0.90712999999999999 0.85985 0.74529000000000001
-0.46294000000000002 -0.46293000000000001 -0.46292 -0.46289000000000002 -0.46284999999999998 -0.46278000000000002 -0.46266000000000002 -0.46246999999999999 -0.46216000000000002 -0.46167000000000002 -0.46090999999999999 -0.45967999999999998 -0.45778000000000002 -0.45471 -0.44993 -0.44266 -0.43149999999999999 -0.41636000000000001 -0.39422000000000001 -0.36812 -0.33384000000000003 -0.29383999999999999 -0.24953 -0.20027 -0.14776 -0.088912000000000005 -0.015814999999999999 0.065646999999999997 0.16008 0.27977000000000002 0.40467999999999998 0.53349000000000002 0.64632999999999996 0.72933999999999999 0.80684999999999996 0.8518 0.83730000000000004 0.77725 0.65922999999999998
-0.46448 -0.46446999999999999 -0.46445999999999998 -0.46444000000000002 -0.46440999999999999 -0.46434999999999998 -0.46426000000000001 -0.46409 -0.46383000000000002 -0.46340999999999999 -0.46274999999999999 -0.46168999999999999 -0.46000000000000002 -0.45730999999999999 -0.45295999999999997 -0.44635999999999998 -0.43575000000000003 -0.42130000000000001 -0.40015000000000001 -0.37341000000000002 -0.34022999999999998 -0.30003999999999997 -0.25950000000000001 -0.21328 -0.16456000000000001 -0.10788 -0.037791999999999999 0.039982999999999998 0.13344 0.25046000000000002 0.37253999999999998 0.49526999999999999 0.60733999999999999 0.68056000000000005 0.75688999999999995 0.79076999999999997 0.77263999999999999 0.70128999999999997 0.58636999999999995
-0.46589999999999998 -0.46589999999999998 -0.46589000000000003 -0.46587000000000001 -0.46584999999999999 -0.46579999999999999 -0.46572000000000002 -0.46559 -0.46536 -0.46500000000000002 -0.46442 -0.46349000000000001 -0.46198 -0.45960000000000001 -0.45566000000000001 -0.44967000000000001 -0.44007000000000002 -0.42608000000000001 -0.40611999999999998 -0.37905 -0.34706999999999999 -0.30647999999999997 -0.26951999999999998 -0.22625000000000001 -0.18053 -0.12564 -0.058526000000000002 0.015724999999999999 0.10836999999999999 0.22133 0.34149000000000002 0.46048 0.56493000000000004 0.63566999999999996 0.70899000000000001 0.73121000000000003 0.71121000000000001 0.63134000000000001 0.52192000000000005
-0.46722999999999998 -0.46722000000000002 -0.46722000000000002 -0.4672 -0.46717999999999998 -0.46714 -0.46708 -0.46695999999999999 -0.46677000000000002 -0.46644999999999998 -0.46594000000000002 -0.46511000000000002 -0.46376000000000001 -0.46161999999999997 -0.45809 -0.45258999999999999 -0.44388 -0.43053999999999998 -0.41177000000000002 -0.38479000000000002 -0.35407 -0.31570999999999999 -0.27977999999999997 -0.23899000000000001 -0.19520000000000001 -0.14198 -0.078903000000000001 -0.0070638000000000003 0.085011000000000003 0.19461999999999999 0.31385999999999997 0.42947000000000002 0.52475000000000005 0.59562999999999999 0.66149000000000002 0.67564999999999997 0.65344999999999998 0.56657000000000002 0.46254000000000001
-0.46847 -0.46847 -0.46845999999999999 -0.46844999999999998 -0.46843000000000001 -0.46839999999999998 -0.46833999999999998 -0.46823999999999999 -0.46806999999999999 -0.46778999999999998 -0.46733000000000002 -0.46660000000000001 -0.46537000000000001 -0.46344000000000002 -0.46026 -0.45518999999999998 -0.44722000000000001 -0.43461 -0.41698000000000002 -0.39095000000000002 -0.36098000000000002 -0.32514999999999999 -0.28993000000000002 -0.25145000000000001 -0.20948 -0.15859999999999999 -0.099163000000000001 -0.028469000000000001 0.063292000000000001 0.17005000000000001 0.28816999999999998 0.39996999999999999 0.48747000000000001 0.55857999999999997 0.61709999999999998 0.62494000000000005 0.59904000000000002 0.50631000000000004 0.40739999999999998
-0.47034999999999999 -0.47034999999999999 -0.47033999999999998 -0.47033000000000003 -0.47032000000000002 -0.47028999999999999 -0.47023999999999999 -0.47015000000000001 -0.46999999999999997 -0.46975 -0.46933999999999998 -0.46866999999999998 -0.46755999999999998 -0.46578999999999998 -0.46289999999999998 -0.4582 -0.45086999999999999 -0.43898999999999999 -0.42237999999999998 -0.39804 -0.36828 -0.33500999999999997 -0.30021999999999999 -0.26388 -0.22333 -0.17454 -0.11786000000000001 -0.048596 0.042736000000000003 0.14707000000000001 0.26428000000000001 0.37242999999999998 0.45208999999999999 0.52225999999999995 0.57504999999999995 0.57940999999999998 0.54513 0.44999 0.35586000000000001
0.84999999999999998 0.01
-0.59399999999999997 -0.65605999999999998 -0.72241 -0.81005000000000005 -0.89666999999999997 -0.98892999999999998 -1.0896999999999999 -1.1890000000000001 -1.2881 -1.3891 -1.4867999999999999 -1.5799000000000001 -1.6609 -1.7291000000000001 -1.7808999999999999 -1.7996000000000001 -1.7815000000000001 -1.7398 -1.6793 -1.5915999999999999 -1.494 -1.3906000000000001 -1.3429 -1.3344 -1.3515999999999999 -1.3472 -1.2293000000000001 -1.1112 -0.99334 -0.86011000000000004 -0.72692999999999997 -0.59414 -0.44228000000000001 -0.2878 -0.13253999999999999 0.048573999999999999 0.22811999999999999 0.41752 0.61456
-0.43546000000000001 -0.43262 -0.42845 -0.42904999999999999 -0.42881000000000002 -0.43618000000000001 -0.44449 -0.46609 -0.48346 -0.52400999999999998 -0.55657999999999996 -0.59506000000000003 -0.63693 -0.66861000000000004 -0.69621 -0.71682999999999997 -0.72568999999999995 -0.71987000000000001 -0.69613999999999998 -0.66276000000000002 -0.62229999999999996 -0.54986999999999997 -0.47359000000000001 -0.39572000000000002 -0.30384 -0.20136999999999999 -0.099453 0.00018204000000000001 0.087525000000000006 0.1699 0.24471000000000001 0.34919 0.46858 0.58686000000000005 0.70889999999999997 0.84033000000000002 0.97079000000000004 1.1012 1.2446999999999999
-0.44751999999999997 -0.44412000000000001 -0.43886999999999998 -0.43076999999999999 -0.41899999999999998 -0.40148 -0.37597999999999998 -0.33714 -0.28528999999999999 -0.21618000000000001 -0.12584999999999999 -0.015792 0.11345 0.25730999999999998 0.40836 0.55998999999999999 0.70057000000000003 0.82406999999999997 0.94210000000000005 1.0253000000000001 1.1089 1.1797 1.238 1.2955000000000001 1.3520000000000001 1.4069 1.4602999999999999 1.5148999999999999 1.5800000000000001 1.6432 1.7043999999999999 1.7801 1.8580000000000001 1.9337 2.0154000000000001 2.1086 2.1997 2.2885 2.3944999999999999
-0.42088999999999999 -0.41909000000000002 -0.41654000000000002 -0.41287000000000001 -0.40701999999999999 -0.39783000000000002 -0.38278000000000001 -0.35855999999999999 -0.32091999999999998 -0.26538 -0.18717 -0.084252999999999995 0.047655000000000003 0.20588999999999999 0.38995999999999997 0.59340999999999999 0.81016999999999995 1.0317000000000001 1.2561 1.4672000000000001 1.6712 1.8380000000000001 2.0023 2.1234000000000002 2.2345000000000002 2.3317999999999999 2.4028999999999998 2.4723000000000002 2.5348999999999999 2.5888 2.6408999999999998 2.6928999999999998 2.7484999999999999 2.8018999999999998 2.8534000000000002 2.9216000000000002 2.9889000000000001 3.0541999999999998 3.133
-0.40505999999999998 -0.39853 -0.39206999999999997 -0.38619999999999999 -0.37748999999999999 -0.36736000000000002 -0.35409000000000002 -0.33446999999999999 -0.30515999999999999 -0.26225999999999999 -0.20130999999999999 -0.11902 -0.014071 0.11691 0.27017999999999998 0.44964999999999999 0.64798999999999995 0.86499000000000004 1.0954999999999999 1.3343 1.5793999999999999 1.8245 2.0623999999999998 2.2913999999999999 2.4973000000000001 2.6875 2.8418999999999999 2.9906999999999999 3.0929000000000002 3.1926000000000001 3.2774000000000001 3.3452000000000002 3.411 3.4731000000000001 3.5314000000000001 3.5878999999999999 3.6482000000000001 3.7155 3.7810999999999999
-0.41600999999999999 -0.40947 -0.40094000000000002 -0.39029999999999998 -0.37752000000000002 -0.36208000000000001 -0.34304000000000001 -0.31873000000000001 -0.28631000000000001 -0.24376999999999999 -0.18670999999999999 -0.11219999999999999 -0.022419000000000001 0.091666999999999998 0.22983999999999999 0.38947999999999999 0.57616999999999996 0.77900999999999998 1.0016 1.2329000000000001 1.4734 1.7206999999999999 1.9701 2.2223999999999999 2.4706999999999999 2.7096 2.9377 3.1406999999999998 3.3296999999999999 3.4807000000000001 3.6280000000000001 3.7317999999999998 3.8309000000000002 3.9201999999999999 3.9925999999999999 4.0628000000000002 4.1313000000000004 4.1985000000000001 4.2640000000000002
-0.40684999999999999 -0.40239000000000003 -0.39282 -0.38217000000000001 -0.36970999999999998 -0.35415000000000002 -0.33350000000000002 -0.30969999999999998 -0.28040999999999999 -0.24360000000000001 -0.19450000000000001 -0.13128999999999999 -0.047181000000000001 0.058154999999999998 0.18956999999999999 0.34842000000000001 0.53261999999999998 0.74343000000000004 0.96958 1.2102999999999999 1.4575 1.7090000000000001 1.9646999999999999 2.2183999999999999 2.4790000000000001 2.7353999999999998 2.9948000000000001 3.2471000000000001 3.4923999999999999 3.7210000000000001 3.9344999999999999 4.1216999999999997 4.2893999999999997 4.4345999999999997 4.5538999999999996 4.6695000000000002 4.7473999999999998 4.8243999999999998 4.9024999999999999
-0.39650999999999997 -0.39256000000000002 -0.38633000000000001 -0.37362000000000001 -0.35748000000000002 -0.33825 -0.31257000000000001 -0.27933000000000002 -0.23837 -0.18965000000000001 -0.13261000000000001 -0.064221 0.016999 0.11996999999999999 0.24302000000000001 0.39567000000000002 0.57306999999999997 0.77710999999999997 1.0055000000000001 1.2458 1.5065999999999999 1.7696000000000001 2.0381999999999998 2.3062999999999998 2.5716999999999999 2.8399000000000001 3.1027 3.3706 3.6292 3.8791000000000002 4.1150000000000002 4.3367000000000004 4.532 4.7065000000000001 4.8589000000000002 4.9890999999999996 5.1097000000000001 5.2037000000000004 5.2965
-0.38846000000000003 -0.38385000000000002 -0.37902999999999998 -0.37253999999999998 -0.35887999999999998 -0.33795999999999998 -0.31469999999999998 -0.28140999999999999 -0.23660999999999999 -0.17669000000000001 -0.10287 -0.014344000000000001 0.088595999999999994 0.20724000000000001 0.34599999999999997 0.50370000000000004 0.68883000000000005 0.89053000000000004 1.1135999999999999 1.3501000000000001 1.5979000000000001 1.8582000000000001 2.1194999999999999 2.3938000000000001 2.6650999999999998 2.9397000000000002 3.2126000000000001 3.4820000000000002 3.7473999999999998 4.0035999999999996 4.2470999999999997 4.4778000000000002 4.6829999999999998 4.8741000000000003 5.0373999999999999 5.1882999999999999 5.3045999999999998 5.4195000000000002 5.5053999999999998
-0.39017000000000002 -0.38558999999999999 -0.38007000000000002 -0.37185000000000001 -0.35733999999999999 -0.34033000000000002 -0.31831999999999999 -0.28717999999999999 -0.24432000000000001 -0.18632000000000001 -0.11033 -0.015855999999999999 0.10142 0.23844000000000001 0.40057999999999999 0.58223000000000003 0.78200999999999998 0.99707999999999997 1.2218 1.4609000000000001 1.7027000000000001 1.9557 2.2119 2.4742999999999999 2.7423000000000002 3.0091000000000001 3.2808999999999999 3.5463 3.8077999999999999 4.0590000000000002 4.3000999999999996 4.5254000000000003 4.7398999999999996 4.9256000000000002 5.1021999999999998 5.2428999999999997 5.3769 5.4787999999999997 5.5685000000000002
-0.38572000000000001 -0.38105 -0.37553999999999998 -0.36945 -0.36127999999999999 -0.34517999999999999 -0.32090000000000002 -0.29288999999999998 -0.25337999999999999 -0.19947999999999999 -0.12531999999999999 -0.031057000000000001 0.087536000000000003 0.23018 0.39678000000000002 0.58925000000000005 0.79854000000000003 1.0283 1.2650999999999999 1.5103 1.758 2.0065 2.2595999999999998 2.5108999999999999 2.7711999999999999 3.0287000000000002 3.2884000000000002 3.5442 3.7948 4.0339 4.2653999999999996 4.4855 4.6950000000000003 4.8830999999999998 5.0559000000000003 5.2004000000000001 5.3308 5.4349999999999996 5.5327000000000002
-0.38684000000000002 -0.38185000000000002 -0.37590000000000001 -0.36886000000000002 -0.36069000000000001 -0.35049999999999998 -0.33178999999999997 -0.30164000000000002 -0.26873999999999998 -0.22281000000000001 -0.16039 -0.075669 0.031397000000000001 0.16758999999999999 0.32783000000000001 0.51293 0.71894999999999998 0.93864000000000003 1.1749000000000001 1.4156 1.6672 1.9201999999999999 2.1766999999999999 2.4325000000000001 2.6863000000000001 2.9369000000000001 3.1831999999999998 3.4243000000000001 3.6591 3.8862999999999999 4.1048 4.3167999999999997 4.5129000000000001 4.7031000000000001 4.8667999999999996 5.0223000000000004 5.1475999999999997 5.2645 5.3513000000000002
-0.38268000000000002 -0.378 -0.37259999999999999 -0.36576999999999998 -0.35761999999999999 -0.34623999999999999 -0.32745000000000002 -0.30406 -0.27487 -0.23357 -0.17781 -0.10248 -0.0052475000000000004 0.11483 0.26149 0.42809999999999998 0.62158999999999998 0.83059000000000005 1.0569999999999999 1.2951999999999999 1.5390999999999999 1.7925 2.0449999999999999 2.3018000000000001 2.5558000000000001 2.8090000000000002 3.0575999999999999 3.3025000000000002 3.5373000000000001 3.7654999999999998 3.9803000000000002 4.1863000000000001 4.3799000000000001 4.5574000000000003 4.7192999999999996 4.8602999999999996 4.9893999999999998 5.0887000000000002 5.1783000000000001
-0.37179000000000001 -0.36675999999999997 -0.36120999999999998 -0.35474 -0.34683000000000003 -0.33510000000000001 -0.31731999999999999 -0.29653000000000002 -0.26846999999999999 -0.23063 -0.17937 -0.11268 -0.023462 0.086330000000000004 0.22278999999999999 0.38235999999999998 0.56362000000000001 0.76693 0.98109000000000002 1.2165999999999999 1.4564999999999999 1.7074 1.9612000000000001 2.2162000000000002 2.4723999999999999 2.7250000000000001 2.9771999999999998 3.2242000000000002 3.4649999999999999 3.6947000000000001 3.9138999999999999 4.1154000000000002 4.306 4.4711999999999996 4.6215999999999999 4.7478999999999996 4.8575999999999997 4.9455 5.0217000000000001
-0.35652 -0.35213 -0.34628999999999999 -0.33965000000000001 -0.33167000000000002 -0.32214999999999999 -0.30862000000000001 -0.28644999999999998 -0.25791999999999998 -0.22227 -0.17236000000000001 -0.10791000000000001 -0.024257999999999998 0.080530000000000004 0.20679 0.35991000000000001 0.53163000000000005 0.73084000000000005 0.94391000000000003 1.1726000000000001 1.4134 1.6591 1.9151 2.1692 2.4274 2.6817000000000002 2.9342999999999999 3.1823999999999999 3.4257 3.6547000000000001 3.8740000000000001 4.0700000000000003 4.2499000000000002 4.4055 4.5369999999999999 4.6489000000000003 4.7385999999999999 4.8170000000000002 4.8796999999999997
-0.31544 -0.31264999999999998 -0.30880000000000002 -0.30369000000000002 -0.29683999999999999 -0.28828999999999999 -0.27427000000000001 -0.25370999999999999 -0.22861000000000001 -0.19524 -0.14907999999999999 -0.086506 -0.0067723000000000002 0.097281999999999993 0.22017999999999999 0.37029000000000001 0.54013999999999995 0.73085999999999995 0.94105000000000005 1.1613 1.4014 1.6439999999999999 1.897 2.1503999999999999 2.4045999999999998 2.6587000000000001 2.9085000000000001 3.1558000000000002 3.3944999999999999 3.621 3.8298000000000001 4.0183 4.1856999999999998 4.3346999999999998 4.4481000000000002 4.5477999999999996 4.6238999999999999 4.6928000000000001 4.7484999999999999
-0.26972000000000002 -0.26550000000000001 -0.26035000000000003 -0.25411 -0.24687999999999999 -0.23838000000000001 -0.22506999999999999 -0.20674999999999999 -0.18387999999999999 -0.15176000000000001 -0.10990999999999999 -0.049953999999999998 0.024031 0.12277 0.24124000000000001 0.38429000000000002 0.55254000000000003 0.73733000000000004 0.94740999999999997 1.1654 1.4007000000000001 1.6420999999999999 1.8895 2.1415999999999999 2.3908 2.6427999999999998 2.8877000000000002 3.1280999999999999 3.3572000000000002 3.5754999999999999 3.7711000000000001 3.9537 4.1082999999999998 4.2455999999999996 4.3491 4.4383999999999997 4.5102000000000002 4.5716000000000001 4.6242999999999999
-0.18473000000000001 -0.16947999999999999 -0.15412000000000001 -0.13783999999999999 -0.12055 -0.10152 -0.080401 -0.056339 -0.029201000000000001 0.0058977999999999999 0.049036000000000003 0.10223 0.17230999999999999 0.25119999999999998 0.36142000000000002 0.48292000000000002 0.63305 0.80188000000000004 0.98858000000000001 1.1991000000000001 1.415 1.6496999999999999 1.8835999999999999 2.1221999999999999 2.3586 2.5895999999999999 2.8108 3.0183 3.2117 3.3923000000000001 3.5626000000000002 3.7172000000000001 3.8609 3.9777999999999998 4.0867000000000004 4.1653000000000002 4.2385999999999999 4.2931999999999997 4.3445999999999998
-0.22142999999999999 -0.19825999999999999 -0.17299999999999999 -0.14663999999999999 -0.11765 -0.085668999999999995 -0.050179000000000001 -0.011481 0.032226999999999999 0.080341999999999997 0.13850000000000001 0.20330999999999999 0.28222999999999998 0.37274000000000002 0.47554999999999997 0.59669000000000005 0.72169000000000005 0.87788999999999995 1.0386 1.2250000000000001 1.4238 1.6342000000000001 1.8554999999999999 2.0743 2.2934999999999999 2.5009999999999999 2.6949000000000001 2.8715999999999999 3.0329999999999999 3.1861000000000002 3.3319999999999999 3.4733999999999998 3.6076000000000001 3.7296 3.8374000000000001 3.9317000000000002 4.0076999999999998 4.0762999999999998 4.1412000000000004
-0.35661999999999999 -0.33943000000000001 -0.31912000000000001 -0.2944 -0.26667000000000002 -0.2334 -0.19547999999999999 -0.15110999999999999 -0.1007 -0.042726 0.025021999999999999 0.10349 0.19478000000000001 0.29973 0.41770000000000002 0.54625000000000001 0.68871000000000004 0.83503000000000005 1.0018 1.1705000000000001 1.3533999999999999 1.5412999999999999 1.7323 1.9260999999999999 2.1122999999999998 2.2888999999999999 2.4502999999999999 2.5948000000000002 2.7271999999999998 2.8513000000000002 2.9769999999999999 3.1013999999999999 3.2284999999999999 3.3513000000000002 3.4661 3.5710999999999999 3.6680000000000001 3.7621000000000002 3.8599000000000001
-0.41345999999999999 -0.40694000000000002 -0.39856000000000003 -0.3871 -0.37164999999999998 -0.35200999999999999 -0.32546000000000003 -0.29366999999999999 -0.25258000000000003 -0.20377999999999999 -0.14482999999999999 -0.073841000000000004 0.0094628000000000004 0.10936 0.22614999999999999 0.36262 0.51715999999999995 0.68635000000000002 0.86336999999999997 1.0485 1.2322 1.4213 1.6048 1.7848999999999999 1.9557 2.1151 2.2585000000000002 2.3881000000000001 2.5064000000000002 2.6202000000000001 2.7347999999999999 2.8532000000000002 2.9733999999999998 3.0954000000000002 3.2157 3.3296999999999999 3.4426000000000001 3.5541 3.6783999999999999
-0.42481000000000002 -0.42259999999999998 -0.41926999999999998 -0.41492000000000001 -0.40839999999999999 -0.39933999999999997 -0.38624999999999998 -0.36726999999999999 -0.34155999999999997 -0.30520999999999998 -0.25905 -0.19800000000000001 -0.12167 -0.027519999999999999 0.087528999999999996 0.22301000000000001 0.38120999999999999 0.55735000000000001 0.74685999999999997 0.94233999999999996 1.1376999999999999 1.3271999999999999 1.5101 1.6813 1.843 1.9895 2.1208999999999998 2.2385999999999999 2.3462999999999998 2.4550000000000001 2.5623 2.6777000000000002 2.7955999999999999 2.9192 3.0419 3.1629999999999998 3.2858000000000001 3.4129 3.5478000000000001
-0.42920999999999998 -0.42807000000000001 -0.42666999999999999 -0.42476000000000003 -0.42231999999999997 -0.41860999999999998 -0.41342000000000001 -0.40605999999999998 -0.39568999999999999 -0.38102000000000003 -0.35904999999999998 -0.32752999999999999 -0.28103 -0.21414 -0.12027 0.0070232999999999997 0.16743 0.35932999999999998 0.56764000000000003 0.78422000000000003 0.99555000000000005 1.194 1.3774 1.5408999999999999 1.6888000000000001 1.8197000000000001 1.9366000000000001 2.0413000000000001 2.1417999999999999 2.2393999999999998 2.3473000000000002 2.4563000000000001 2.5777999999999999 2.6996000000000002 2.8227000000000002 2.9512 3.0821000000000001 3.2267999999999999 3.3773
-0.43110999999999999 -0.43032999999999999 -0.42929 -0.42781999999999998 -0.42564999999999997 -0.42279 -0.41887000000000002 -0.41375000000000001 -0.40659000000000001 -0.39695000000000003 -0.38318999999999998 -0.36296 -0.33388000000000001 -0.29128999999999999 -0.22924 -0.13966999999999999 -0.012899000000000001 0.15545 0.36396000000000001 0.59292999999999996 0.83006000000000002 1.0484 1.2472000000000001 1.4196 1.5678000000000001 1.7001999999999999 1.8134999999999999 1.9184000000000001 2.0186000000000002 2.1208999999999998 2.2263000000000002 2.3391999999999999 2.4517000000000002 2.5716000000000001 2.6922999999999999 2.8189000000000002 2.9598 3.1084000000000001 3.2650999999999999
-0.43026999999999999 -0.42985000000000001 -0.42908000000000002 -0.42808000000000002 -0.42646000000000001 -0.42426000000000003 -0.42115000000000002 -0.41660999999999998 -0.41053000000000001 -0.40194999999999997 -0.39049 -0.37447000000000003 -0.35203000000000001 -0.3196 -0.27209 -0.20283999999999999 -0.10428 0.033341999999999997 0.21193999999999999 0.42904999999999999 0.66239999999999999 0.90149999999999997 1.1095999999999999 1.3011999999999999 1.4560999999999999 1.5935999999999999 1.714 1.825 1.9294 2.0384000000000002 2.1452 2.2564000000000002 2.3683999999999998 2.4809000000000001 2.6031 2.7281 2.8736000000000002 3.0274999999999999 3.1762999999999999
-0.42984 -0.42929 -0.42853000000000002 -0.42753000000000002 -0.42623 -0.42427999999999999 -0.42172999999999999 -0.41793000000000002 -0.41291 -0.40577999999999997 -0.39574999999999999 -0.38158999999999998 -0.36115999999999998 -0.33245000000000002 -0.29150999999999999 -0.23268 -0.14873 -0.031241999999999999 0.12598999999999999 0.32166 0.54379 0.77500000000000002 0.99548000000000003 1.1904999999999999 1.3632 1.5055000000000001 1.6355999999999999 1.7527999999999999 1.8664000000000001 1.9782 2.089 2.1962999999999999 2.3066 2.4159000000000002 2.5335000000000001 2.6650999999999998 2.8077999999999999 2.9598 3.0990000000000002
-0.42859000000000003 -0.42768 -0.42676999999999998 -0.42557 -0.42431999999999997 -0.42253000000000002 -0.42020000000000002 -0.41699000000000003 -0.41243000000000002 -0.40605000000000002 -0.39666000000000001 -0.38377 -0.36531000000000002 -0.33901999999999999 -0.3014 -0.24793999999999999 -0.17215 -0.067791000000000004 0.073635999999999993 0.25119000000000002 0.46124999999999999 0.68322000000000005 0.90883999999999998 1.1047 1.2863 1.4376 1.5757000000000001 1.7005999999999999 1.8209 1.9352 2.0463 2.1518000000000002 2.2553999999999998 2.3641000000000001 2.4735 2.6107999999999998 2.7523 2.8959999999999999 3.0249999999999999
-0.42812 -0.42659000000000002 -0.42505999999999999 -0.42324000000000001 -0.42126000000000002 -0.41903000000000001 -0.41622999999999999 -0.41306999999999999 -0.40864 -0.40295999999999998 -0.39468999999999999 -0.38281999999999999 -0.36574000000000001 -0.34114 -0.30604999999999999 -0.25614999999999999 -0.18521000000000001 -0.087765999999999997 0.042785999999999998 0.20877999999999999 0.40629999999999999 0.62073999999999996 0.83930000000000005 1.0417000000000001 1.2252000000000001 1.3885000000000001 1.532 1.6648000000000001 1.7879 1.9031 2.0108999999999999 2.1124000000000001 2.2077 2.3151999999999999 2.4268999999999998 2.5583 2.6987999999999999 2.8359000000000001 2.956
-0.42914000000000002 -0.42715999999999998 -0.42487999999999998 -0.42235 -0.41933999999999999 -0.41626000000000002 -0.41242000000000001 -0.40832000000000002 -0.40326000000000001 -0.39707999999999999 -0.38912999999999998 -0.37805 -0.36279 -0.34049000000000001 -0.30810999999999999 -0.26140000000000002 -0.19485 -0.10172 0.022203000000000001 0.18139 0.36939 0.57791000000000003 0.78942999999999997 0.99609000000000003 1.1809000000000001 1.3533999999999999 1.5004999999999999 1.6382000000000001 1.7635000000000001 1.8756999999999999 1.9759 2.0714999999999999 2.1633 2.2664 2.3811 2.5076999999999998 2.6471 2.7795000000000001 2.8921999999999999
-0.43318000000000001 -0.432 -0.43021999999999999 -0.42774000000000001 -0.42425000000000002 -0.41948999999999997 -0.41360999999999998 -0.40567999999999999 -0.39734000000000003 -0.38696999999999998 -0.37528 -0.36116999999999999 -0.34362999999999999 -0.32146999999999998 -0.29144999999999999 -0.25017 -0.19238 -0.11115 -0.00068484000000000004 0.14293 0.31829000000000002 0.51632999999999996 0.72085999999999995 0.92376999999999998 1.1152 1.2883 1.4450000000000001 1.5802 1.6980999999999999 1.7917000000000001 1.8774999999999999 1.9584999999999999 2.0499000000000001 2.1457999999999999 2.2652000000000001 2.3946000000000001 2.5270000000000001 2.6497000000000002 2.7425999999999999
-0.43489 -0.43445 -0.43369000000000002 -0.43252000000000002 -0.43078 -0.42809000000000003 -0.42423 -0.41848999999999997 -0.40999999999999998 -0.3987 -0.38252000000000003 -0.36387999999999998 -0.33987000000000001 -0.31165999999999999 -0.27672000000000002 -0.23271 -0.17594000000000001 -0.10126 -0.00059803999999999999 0.12914999999999999 0.29185 0.47860999999999998 0.68018000000000001 0.87809000000000004 1.0674999999999999 1.2317 1.3773 1.4997 1.5979000000000001 1.6808000000000001 1.7609999999999999 1.8409 1.9333 2.0402999999999998 2.1589999999999998 2.2919 2.423 2.5383 2.6177000000000001
-0.43548999999999999 -0.43519999999999998 -0.43480999999999997 -0.43425000000000002 -0.43340000000000001 -0.43197999999999998 -0.42981999999999998 -0.42658000000000001 -0.42149999999999999 -0.41388000000000003 -0.40212999999999999 -0.3846 -0.36026999999999998 -0.32579999999999998 -0.28399999999999997 -0.23019000000000001 -0.16550000000000001 -0.084706000000000004 0.015975 0.14205999999999999 0.29415999999999998 0.4703 0.65763000000000005 0.84321000000000002 1.0137 1.1652 1.2907999999999999 1.3978999999999999 1.4830000000000001 1.5629 1.6427 1.7311000000000001 1.8248 1.9423999999999999 2.0691000000000002 2.2029999999999998 2.3313000000000001 2.4361999999999999 2.5055000000000001
-0.43591000000000002 -0.43569000000000002 -0.43537999999999999 -0.43495 -0.43434 -0.43347000000000002 -0.43212 -0.43010999999999999 -0.42696000000000001 -0.42197000000000001 -0.41428999999999999 -0.40188000000000001 -0.38318000000000002 -0.35415999999999997 -0.31211 -0.25466 -0.1794 -0.089660000000000004 0.019941 0.14821000000000001 0.29725000000000001 0.46346999999999999 0.6351 0.80284999999999995 0.95255000000000001 1.0853999999999999 1.1946000000000001 1.2883 1.3689 1.4508000000000001 1.5324 1.6302000000000001 1.7353000000000001 1.8539000000000001 1.9901 2.1269999999999998 2.2526000000000002 2.3481000000000001 2.4058000000000002
-0.43651000000000001 -0.43633 -0.43606 -0.43569000000000002 -0.43517 -0.43445 -0.43343999999999999 -0.43195 -0.42970999999999998 -0.42621999999999999 -0.42074 -0.41202 -0.39816000000000001 -0.37629000000000001 -0.34123999999999999 -0.28960000000000002 -0.21382000000000001 -0.11827 -0.00027514 0.13439999999999999 0.28343000000000002 0.44262000000000001 0.59952000000000005 0.74922999999999995 0.88254999999999995 0.99946999999999997 1.1002000000000001 1.1862999999999999 1.264 1.3498000000000001 1.4384999999999999 1.54 1.6547000000000001 1.7798 1.9212 2.0594000000000001 2.1797 2.2702 2.3169
-0.437 -0.43686000000000003 -0.43664999999999998 -0.43635000000000002 -0.43590000000000001 -0.43526999999999999 -0.43437999999999999 -0.43310999999999999 -0.43129000000000001 -0.42853000000000002 -0.42426000000000003 -0.41754000000000002 -0.40673999999999999 -0.38961000000000001 -0.36181000000000002 -0.31818999999999997 -0.252 -0.15815000000000001 -0.04036 0.10123 0.24873000000000001 0.40376000000000001 0.54910999999999999 0.68533999999999995 0.80894999999999995 0.91615999999999997 1.0128999999999999 1.0944 1.1739999999999999 1.2601 1.3557999999999999 1.4601999999999999 1.5834999999999999 1.7172000000000001 1.8605 1.9974000000000001 2.1120999999999999 2.1964000000000001 2.2370999999999999
-0.43741000000000002 -0.43730000000000002 -0.43713999999999997 -0.43689 -0.43652999999999997 -0.43598999999999999 -0.43522 -0.43409999999999999 -0.43247999999999998 -0.43010999999999999 -0.42648999999999998 -0.42091000000000001 -0.41198000000000001 -0.39781 -0.37504999999999999 -0.33843000000000001 -0.28188000000000002 -0.19633 -0.085053000000000004 0.055044000000000003 0.20186000000000001 0.35194999999999999 0.49106 0.61834 0.73558000000000001 0.83791000000000004 0.93191999999999997 1.0128999999999999 1.0954999999999999 1.1805000000000001 1.2829999999999999 1.3938999999999999 1.5232000000000001 1.6631 1.8063 1.9412 2.0512999999999999 2.1280999999999999 2.1665999999999999
-0.43776999999999999 -0.43768000000000001 -0.43753999999999998 -0.43733 -0.43702000000000002 -0.43656 -0.43590000000000001 -0.43493999999999999 -0.43351000000000001 -0.43141000000000002 -0.42819000000000002 -0.42333999999999999 -0.41570000000000001 -0.40350999999999998 -0.38401000000000002 -0.35255999999999998 -0.30375999999999997 -0.22889999999999999 -0.12589 0.0055481999999999997 0.15284 0.29630000000000001 0.43239 0.55291999999999997 0.66547999999999996 0.76658000000000004 0.85858000000000001 0.94089 1.0256000000000001 1.1104000000000001 1.2186999999999999 1.3366 1.4684999999999999 1.6131 1.7572000000000001 1.8909 1.9961 2.0655000000000001 2.1038999999999999
-0.43841000000000002 -0.43835000000000002 -0.43824999999999997 -0.43809999999999999 -0.43786999999999998 -0.43752999999999997 -0.43702000000000002 -0.43626999999999999 -0.43514000000000003 -0.43342000000000003 -0.43081999999999998 -0.42681999999999998 -0.42070000000000002 -0.41099999999999998 -0.39584999999999998 -0.37153999999999998 -0.33331 -0.27511999999999998 -0.18953 -0.079226000000000005 0.056716999999999997 0.18804000000000001 0.31964999999999999 0.43564999999999998 0.54300000000000004 0.64312999999999998 0.73309000000000002 0.81903000000000004 0.90417000000000003 0.99922 1.1097999999999999 1.2393000000000001 1.3786 1.5268999999999999 1.6713 1.7970999999999999 1.8967000000000001 1.9548000000000001 1.9894000000000001
-0.43894 -0.43889 -0.43880999999999998 -0.43869999999999998 -0.43851000000000001 -0.43822 -0.43779000000000001 -0.43714999999999998 -0.43620999999999999 -0.43479000000000001 -0.43265999999999999 -0.42935000000000001 -0.42430000000000001 -0.41632999999999998 -0.40371000000000001 -0.38380999999999998 -0.35220000000000001 -0.30453000000000002 -0.23377000000000001 -0.1396 -0.024157999999999999 0.10093000000000001 0.22231000000000001 0.33972999999999998 0.44151000000000001 0.53910000000000002 0.62892999999999999 0.71696000000000004 0.80422000000000005 0.90929000000000004 1.0242 1.1580999999999999 1.3032999999999999 1.4524999999999999 1.595 1.7154 1.8063 1.8631 1.8844000000000001
-0.43936999999999998 -0.43934000000000001 -0.43928 -0.43919000000000002 -0.43905 -0.43884000000000001 -0.43848999999999999 -0.43796000000000002 -0.43715999999999999 -0.43595 -0.43413000000000002 -0.43134 -0.42698999999999998 -0.42024 -0.40945999999999999 -0.39271 -0.36612 -0.32575999999999999 -0.26645999999999997 -0.18429999999999999 -0.084305000000000005 0.033085999999999997 0.14385999999999999 0.25585000000000002 0.35561999999999999 0.45061000000000001 0.54042999999999997 0.63009000000000004 0.72182999999999997 0.83172000000000001 0.95301000000000002 1.0876999999999999 1.2383999999999999 1.3884000000000001 1.5297000000000001 1.6442000000000001 1.7271000000000001 1.7807999999999999 1.7884
-0.43973000000000001 -0.43969999999999998 -0.43964999999999999 -0.43957000000000002 -0.43946000000000002 -0.43928 -0.43901000000000001 -0.43857000000000002 -0.43791000000000002 -0.43687999999999999 -0.43529000000000001 -0.43286999999999998 -0.42908000000000002 -0.42326999999999998 -0.41398000000000001 -0.39946999999999999 -0.37673000000000001 -0.34172999999999998 -0.29088999999999998 -0.21862000000000001 -0.13074 -0.026183999999999999 0.079839999999999994 0.18461 0.28360000000000002 0.37533 0.46495999999999998 0.55610999999999999 0.65407999999999999 0.76448000000000005 0.89171999999999996 1.0309999999999999 1.1818 1.3323 1.4681 1.5806 1.6556999999999999 1.7056 1.6987000000000001
-0.44047999999999998 -0.44042999999999999 -0.44036999999999998 -0.44029000000000001 -0.44018000000000002 -0.44 -0.43976999999999999 -0.43941999999999998 -0.43886999999999998 -0.438 -0.43662000000000001 -0.43451000000000001 -0.43120000000000003 -0.42609000000000002 -0.41804000000000002 -0.40532000000000001 -0.38568999999999998 -0.35510000000000003 -0.31095 -0.24823999999999999 -0.16839000000000001 -0.074592000000000006 0.027199000000000001 0.12497999999999999 0.22259999999999999 0.31093999999999999 0.40060000000000001 0.49254999999999999 0.59472999999999998 0.70591000000000004 0.83823999999999999 0.98065999999999998 1.1315 1.2808999999999999 1.4124000000000001 1.5193000000000001 1.5912999999999999 1.6369 1.6116999999999999
-0.44117000000000001 -0.44111 -0.44103999999999999 -0.44092999999999999 -0.44079000000000002 -0.44058999999999998 -0.44035999999999997 -0.44005 -0.43956000000000001 -0.43880000000000002 -0.43758000000000002 -0.43570999999999999 -0.43279000000000001 -0.42820999999999998 -0.42109000000000002 -0.40971999999999997 -0.39240000000000003 -0.36549999999999999 -0.32618999999999998 -0.27096999999999999 -0.19803000000000001 -0.11317000000000001 -0.016050999999999999 0.075253 0.16869999999999999 0.25614999999999999 0.34560000000000002 0.43820999999999999 0.54161000000000004 0.65578999999999998 0.79117000000000004 0.93659000000000003 1.0876999999999999 1.2349000000000001 1.3625 1.4632000000000001 1.5337000000000001 1.5689 1.5317000000000001
-0.44183 -0.44175999999999999 -0.44167000000000001 -0.44155 -0.44136999999999998 -0.44113000000000002 -0.44085000000000002 -0.44055 -0.44007000000000002 -0.43935999999999997 -0.43824000000000002 -0.43652999999999997 -0.43389 -0.42973 -0.42332999999999998 -0.41316000000000003 -0.39759 -0.37373000000000001 -0.33832000000000001 -0.28902 -0.22203999999999999 -0.14457 -0.054899999999999997 0.033654000000000003 0.12293 0.20985000000000001 0.29870999999999998 0.39191999999999999 0.49631999999999998 0.61453999999999998 0.75092000000000003 0.89854000000000001 1.0488 1.1932 1.3171999999999999 1.4117 1.4801 1.5055000000000001 1.4609000000000001
-0.44244 -0.44236999999999999 -0.44229000000000002 -0.44216 -0.44195000000000001 -0.44169000000000003 -0.44135000000000002 -0.44102000000000002 -0.44048999999999999 -0.43974000000000002 -0.43863000000000002 -0.43697000000000003 -0.43453000000000003 -0.43069000000000002 -0.42486000000000002 -0.41567999999999999 -0.40150999999999998 -0.38006000000000001 -0.34782999999999997 -0.30330000000000001 -0.24235999999999999 -0.17014000000000001 -0.087271000000000001 -0.0013358000000000001 0.083970000000000003 0.17074 0.25863000000000003 0.35283999999999999 0.45690999999999998 0.57865 0.71631999999999996 0.86541000000000001 1.0130999999999999 1.1537999999999999 1.2757000000000001 1.3640000000000001 1.4299999999999999 1.4462999999999999 1.3951
-0.44356000000000001 -0.44350000000000001 -0.44341000000000003 -0.44329000000000002 -0.44311 -0.44285000000000002 -0.4425 -0.44205 -0.44142999999999999 -0.44052000000000002 -0.43935000000000002 -0.43758999999999998 -0.43519999999999998 -0.43164999999999998 -0.42637999999999998 -0.41849999999999998 -0.40625 -0.38825999999999999 -0.36125000000000002 -0.32329999999999998 -0.27228999999999998 -0.2077 -0.13561999999999999 -0.054273000000000002 0.024059000000000001 0.10825 0.1948 0.28924 0.39196999999999999 0.51983000000000001 0.65925999999999996 0.80645999999999995 0.94894999999999996 1.0807 1.1953 1.2788999999999999 1.3376999999999999 1.3308 1.2742
-0.44457000000000002 -0.44452000000000003 -0.44444 -0.44433 -0.44417000000000001 -0.44395000000000001 -0.44363999999999998 -0.44317000000000001 -0.44251000000000001 -0.44153999999999999 -0.44020999999999999 -0.43833 -0.43565999999999999 -0.43203000000000003 -0.42660999999999999 -0.41927999999999999 -0.40816999999999998 -0.39206999999999997 -0.36863000000000001 -0.33494000000000002 -0.29065000000000002 -0.23227999999999999 -0.16789000000000001 -0.094465999999999994 -0.018237 0.062118 0.14691000000000001 0.23982999999999999 0.34516999999999998 0.47333999999999998 0.61272000000000004 0.75593999999999995 0.89273999999999998 1.018 1.1229 1.2031000000000001 1.2493000000000001 1.2271000000000001 1.1645000000000001
-0.44546999999999998 -0.44542999999999999 -0.44536999999999999 -0.44528000000000001 -0.44513999999999998 -0.44495000000000001 -0.44468000000000002 -0.44427 -0.44366 -0.44274999999999998 -0.44139 -0.43947000000000003 -0.43657000000000001 -0.43279000000000001 -0.42715999999999998 -0.41953000000000001 -0.40875 -0.39330999999999999 -0.37201000000000001 -0.34121000000000001 -0.30141000000000001 -0.24965999999999999 -0.18925 -0.12239999999999999 -0.048578000000000003 0.026526999999999998 0.10824 0.20025000000000001 0.30858000000000002 0.43504999999999999 0.57257999999999998 0.71162000000000003 0.84486000000000006 0.96260999999999997 1.0581 1.1351 1.1694 1.1380999999999999 1.0596000000000001
-0.44712000000000002 -0.4471 -0.44706000000000001 -0.44699 -0.44689000000000001 -0.44673000000000002 -0.44650000000000001 -0.44614999999999999 -0.44563000000000003 -0.44485000000000002 -0.44362000000000001 -0.44180999999999998 -0.43905 -0.43503999999999998 -0.42936000000000002 -0.42105999999999999 -0.41021999999999997 -0.39451000000000003 -0.37435000000000002 -0.34622999999999998 -0.30921999999999999 -0.26328000000000001 -0.20682 -0.14685999999999999 -0.078387999999999999 -0.0081413000000000006 0.070669999999999997 0.16044 0.26199 0.38284000000000001 0.52598999999999996 0.66115000000000002 0.7863 0.89578999999999998 0.98514999999999997 1.0583 1.0740000000000001 1.0368999999999999 0.94111
-0.44858999999999999 -0.44857999999999998 -0.44855 -0.44851000000000002 -0.44843 -0.44830999999999999 -0.44812000000000002 -0.44783000000000001 -0.44739000000000001 -0.44672000000000001 -0.44568999999999998 -0.44407000000000002 -0.44159999999999999 -0.43772 -0.43223 -0.42380000000000001 -0.41269 -0.39696999999999999 -0.37624999999999997 -0.34948000000000001 -0.31362000000000001 -0.2717 -0.21972 -0.16420000000000001 -0.10191 -0.035911999999999999 0.040537999999999998 0.12770000000000001 0.22686999999999999 0.34860999999999998 0.48307 0.61512 0.73502000000000001 0.83760999999999997 0.92052999999999996 0.98423000000000005 0.98446 0.94277999999999995 0.83482999999999996
-0.44991999999999999 -0.44990999999999998 -0.44989000000000001 -0.44985999999999998 -0.44980999999999999 -0.44971 -0.44956000000000002 -0.44933000000000001 -0.44896000000000003 -0.44839000000000001 -0.44751000000000002 -0.4461 -0.44392999999999999 -0.44042999999999999 -0.43526999999999999 -0.42738999999999999 -0.41603000000000001 -0.40056000000000003 -0.37885999999999997 -0.35289999999999999 -0.318 -0.27793000000000001 -0.23049 -0.17843999999999999 -0.12168 -0.060170000000000001 0.014770999999999999 0.098865999999999996 0.19475000000000001 0.31641000000000002 0.44473000000000001 0.57440000000000002 0.68899999999999995 0.78176999999999996 0.86178999999999994 0.91556000000000004 0.90583999999999998 0.85507 0.73885999999999996
-0.45113999999999999 -0.45112999999999998 -0.45111000000000001 -0.45108999999999999 -0.45105000000000001 -0.45097999999999999 -0.45085999999999998 -0.45066000000000001 -0.45034999999999997 -0.44985999999999998 -0.44911000000000001 -0.44788 -0.44599 -0.44294 -0.43815999999999999 -0.43095 -0.41980000000000001 -0.40483000000000002 -0.38302999999999998 -0.35705999999999999 -0.32335999999999998 -0.28360999999999997 -0.24021999999999999 -0.19136 -0.13963999999999999 -0.081046999999999994 -0.0085888000000000006 0.071997000000000005 0.16611999999999999 0.28605000000000003 0.41004000000000002 0.53666999999999998 0.64832000000000001 0.72885999999999995 0.80781000000000003 0.85192999999999997 0.83582000000000001 0.77229999999999999 0.65286
-0.45267000000000002 -0.45267000000000002 -0.45266000000000001 -0.45263999999999999 -0.4526 -0.45255000000000001 -0.45245000000000002 -0.45229000000000003 -0.45202999999999999 -0.45161000000000001 -0.45095000000000002 -0.44989000000000001 -0.44821 -0.44552999999999998 -0.44119000000000003 -0.43462000000000001 -0.42413000000000001 -0.40971000000000002 -0.38886999999999999 -0.36224000000000001 -0.32966000000000001 -0.28971999999999998 -0.25014999999999998 -0.20458000000000001 -0.15639 -0.099930000000000005 -0.030443999999999999 0.04641 0.13975000000000001 0.25625999999999999 0.37763000000000002 0.49869999999999998 0.60784000000000005 0.68006 0.75817000000000001 0.78971000000000002 0.77112000000000003 0.69630999999999998 0.58199999999999996
-0.4541 -0.45408999999999999 -0.45407999999999998 -0.45406999999999997 -0.45404 -0.45399 -0.45391999999999999 -0.45378000000000002 -0.45356000000000002 -0.45319999999999999 -0.45262000000000002 -0.45168999999999998 -0.45018999999999998 -0.44782 -0.44388 -0.43791999999999998 -0.42841000000000001 -0.41443999999999998 -0.39473999999999998 -0.36778 -0.33638000000000001 -0.29659999999999997 -0.26008999999999999 -0.2175 -0.17229 -0.11761000000000001 -0.051156 0.022235000000000001 0.11493 0.22733999999999999 0.34681000000000001 0.46414 0.56559999999999999 0.63627 0.70969000000000004 0.73016000000000003 0.70898000000000005 0.62622999999999995 0.51744999999999997
-0.45541999999999999 -0.45541999999999999 -0.45540999999999998 -0.45540000000000003 -0.45538000000000001 -0.45534000000000002 -0.45527000000000001 -0.45516000000000001 -0.45496999999999999 -0.45465 -0.45413999999999999 -0.45332 -0.45195999999999997 -0.44984000000000002 -0.44633 -0.44084000000000001 -0.43219000000000002 -0.41887000000000002 -0.40032000000000001 -0.37342999999999998 -0.34326000000000001 -0.30584 -0.27023999999999998 -0.23013 -0.18681 -0.13389999999999999 -0.071625999999999995 -0.00045846999999999999 0.091804999999999998 0.20083999999999999 0.31952000000000003 0.43331999999999998 0.52549000000000001 0.59655999999999998 0.66230999999999995 0.67447999999999997 0.65097000000000005 0.56138999999999994 0.45802999999999999
-0.45666000000000001 -0.45666000000000001 -0.45665 -0.45663999999999999 -0.45662000000000003 -0.45659 -0.45652999999999999 -0.45644000000000001 -0.45627000000000001 -0.45599000000000001 -0.45552999999999999 -0.45479999999999998 -0.45357999999999998 -0.45165 -0.44850000000000001 -0.44341999999999998 -0.43551000000000001 -0.42292000000000002 -0.40545999999999999 -0.37985000000000002 -0.35004000000000002 -0.31514999999999999 -0.28026000000000001 -0.24248 -0.20096 -0.15032999999999999 -0.091590000000000005 -0.021694000000000001 0.070316000000000004 0.17646999999999999 0.29407 0.40405000000000002 0.48841000000000001 0.55981000000000003 0.61799999999999999 0.62475000000000003 0.59545999999999999 0.50107000000000002 0.40283999999999998
-0.45855000000000001 -0.45854 -0.45854 -0.45852999999999999 -0.45850999999999997 -0.45848 -0.45843 -0.45834999999999998 -0.4582 -0.45795000000000002 -0.45754 -0.45687 -0.45577000000000001 -0.45400000000000001 -0.45112999999999998 -0.44642999999999999 -0.43914999999999998 -0.42731000000000002 -0.41081000000000001 -0.38684000000000002 -0.35724 -0.32488 -0.29038999999999998 -0.25479000000000002 -0.21464 -0.16617000000000001 -0.11026 -0.041619000000000003 0.049970000000000001 0.15368999999999999 0.27044000000000001 0.37670999999999999 0.45312999999999998 0.52363000000000004 0.57593000000000005 0.57909999999999995 0.54151000000000005 0.44457999999999998 0.35124
0.90000000000000002 0.01
-0.57586000000000004 -0.63787000000000005 -0.70686000000000004 -0.79444000000000004 -0.88097999999999999 -0.97482000000000002 -1.0755999999999999 -1.1748000000000001 -1.2745 -1.3756999999999999 -1.4737 -1.5671999999999999 -1.6499999999999999 -1.7217 -1.7786999999999999 -1.8026 -1.7929999999999999 -1.7592000000000001 -1.7031000000000001 -1.619 -1.5242 -1.4231 -1.3753 -1.3532999999999999 -1.3504 -1.3142 -1.1966000000000001 -1.0789 -0.96033999999999997 -0.82774000000000003 -0.69537000000000004 -0.56340000000000001 -0.41134999999999999 -0.25828000000000001 -0.10310999999999999 0.076188000000000006 0.25396999999999997 0.44238 0.63800999999999997
-0.41071999999999997 -0.40811999999999998 -0.40449000000000002 -0.40482000000000001 -0.40569 -0.41254000000000002 -0.42287999999999998 -0.44379999999999997 -0.46376000000000001 -0.50360000000000005 -0.53532000000000002 -0.57569000000000004 -0.61668000000000001 -0.64742 -0.67525999999999997 -0.69499999999999995 -0.70306999999999997 -0.69599 -0.67274 -0.64019000000000004 -0.59863 -0.52866000000000002 -0.45524999999999999 -0.38018000000000002 -0.28865000000000002 -0.18890000000000001 -0.089687000000000003 0.0078446000000000002 0.10027999999999999 0.18840000000000001 0.27028000000000002 0.38118000000000002 0.50002000000000002 0.61775999999999998 0.74056 0.87126999999999999 1.0009999999999999 1.1318999999999999 1.2745
-0.42370000000000002 -0.41987999999999998 -0.41428999999999999 -0.40583999999999998 -0.39362000000000003 -0.37548999999999999 -0.34910999999999998 -0.30875999999999998 -0.25599 -0.18467 -0.092552999999999996 0.01967 0.15001 0.29599999999999999 0.44606000000000001 0.59894999999999998 0.73587000000000002 0.85980999999999996 0.97353999999999996 1.0567 1.1402000000000001 1.2084999999999999 1.2665 1.3238000000000001 1.3798999999999999 1.4342999999999999 1.4874000000000001 1.5429999999999999 1.6075999999999999 1.6702999999999999 1.7310000000000001 1.8083 1.8856999999999999 1.9610000000000001 2.0444 2.1372 2.2277999999999998 2.3174999999999999 2.4239999999999999
-0.40310000000000001 -0.40115000000000001 -0.39835999999999999 -0.39423999999999998 -0.38777 -0.37751000000000001 -0.36107 -0.33506000000000002 -0.29515000000000002 -0.23719000000000001 -0.15612999999999999 -0.050285999999999997 0.084401000000000004 0.24543000000000001 0.43157000000000001 0.63666999999999996 0.85431999999999997 1.0760000000000001 1.3007 1.5099 1.7105999999999999 1.8766 2.0407000000000002 2.1566000000000001 2.2675000000000001 2.3609 2.4316 2.5005999999999999 2.5615999999999999 2.6151 2.6667000000000001 2.7191000000000001 2.7742 2.8273000000000001 2.879 2.9483000000000001 3.0154999999999998 3.0804999999999998 3.1617999999999999
-0.38735000000000003 -0.38080000000000003 -0.37473000000000001 -0.36847000000000002 -0.35992000000000002 -0.34959000000000001 -0.33615 -0.31607000000000002 -0.28610999999999998 -0.24215999999999999 -0.18010000000000001 -0.096035999999999996 0.010548999999999999 0.14438999999999999 0.30098999999999998 0.48353000000000002 0.68572 0.90512000000000004 1.1383000000000001 1.3783000000000001 1.6246 1.8694 2.1073 2.3336000000000001 2.5392999999999999 2.7248999999999999 2.8791000000000002 3.0230999999999999 3.1251000000000002 3.2246000000000001 3.3064 3.3738999999999999 3.4394999999999998 3.5009000000000001 3.5590000000000002 3.6153 3.6766999999999999 3.7440000000000002 3.8094000000000001
-0.39817000000000002 -0.39157999999999998 -0.38296000000000002 -0.37228 -0.35948000000000002 -0.34401999999999999 -0.32483000000000001 -0.30035000000000001 -0.26751000000000003 -0.22453000000000001 -0.16669999999999999 -0.091839000000000004 -0.00092966999999999995 0.11373 0.25334000000000001 0.41361999999999999 0.60272999999999999 0.80806999999999995 1.0328999999999999 1.2676000000000001 1.5106999999999999 1.7613000000000001 2.0127000000000002 2.2665999999999999 2.5152999999999999 2.7543000000000002 2.98 3.1829000000000001 3.3673999999999999 3.5181 3.6631 3.7646999999999999 3.8635000000000002 3.9502999999999999 4.0225999999999997 4.0925000000000002 4.1609999999999996 4.2281000000000004 4.2935999999999996
-0.39058999999999999 -0.3856 -0.37518000000000001 -0.36465999999999998 -0.35194999999999999 -0.33598 -0.31513000000000002 -0.29116999999999998 -0.26158999999999999 -0.22453000000000001 -0.17482 -0.11079 -0.026093999999999999 0.080380999999999994 0.21251999999999999 0.37280000000000002 0.55779000000000001 0.77000999999999997 0.99736999999999998 1.2384999999999999 1.4869000000000001 1.7386999999999999 1.9961 2.2505999999999999 2.5139999999999998 2.7732000000000001 3.0344000000000002 3.2886000000000002 3.5350999999999999 3.7627999999999999 3.9767000000000001 4.1607000000000003 4.3284000000000002 4.4695999999999998 4.5888999999999998 4.7007000000000003 4.7786999999999997 4.8556999999999997 4.9343000000000004
-0.38517000000000001 -0.38113999999999998 -0.37461 -0.36120999999999998 -0.34460000000000002 -0.32464999999999999 -0.29799999999999999 -0.26375999999999999 -0.22181000000000001 -0.17215 -0.11434 -0.045074999999999997 0.036963999999999997 0.14105999999999999 0.26588000000000001 0.41921999999999998 0.59874000000000005 0.80352999999999997 1.0338000000000001 1.2755000000000001 1.5366 1.8007 2.0693000000000001 2.3380999999999998 2.6036000000000001 2.8731 3.1375999999999999 3.4062000000000001 3.6657000000000002 3.9165000000000001 4.1525999999999996 4.3752000000000004 4.5679999999999996 4.7431000000000001 4.8924000000000003 5.0228000000000002 5.1405000000000003 5.2344999999999997 5.3273999999999999
-0.37733 -0.37278 -0.36808000000000002 -0.36154999999999998 -0.34760999999999997 -0.32652999999999999 -0.30314999999999998 -0.26960000000000001 -0.22478999999999999 -0.16483 -0.091270000000000004 -0.0028081 0.10075000000000001 0.22084000000000001 0.36192999999999997 0.52229000000000003 0.70982000000000001 0.91432000000000002 1.1384000000000001 1.3772 1.6254 1.8874 2.1499999999999999 2.4243000000000001 2.6966000000000001 2.9708999999999999 3.2444000000000002 3.5133000000000001 3.7785000000000002 4.0338000000000003 4.2769000000000004 4.5057 4.7111999999999998 4.8998999999999997 5.0636999999999999 5.2114000000000003 5.3282999999999996 5.4419000000000004 5.5271999999999997
-0.379 -0.37447000000000003 -0.36899999999999999 -0.36074000000000001 -0.34584999999999999 -0.32901000000000002 -0.30689 -0.27566000000000002 -0.23266999999999999 -0.17485000000000001 -0.099160999999999999 -0.0056975999999999997 0.11047999999999999 0.24629999999999999 0.40749999999999997 0.58967000000000003 0.79091999999999996 1.0088999999999999 1.2363999999999999 1.4782999999999999 1.7231000000000001 1.9771000000000001 2.2353999999999998 2.4980000000000002 2.7669999999999999 3.0333000000000001 3.3047 3.569 3.8281999999999998 4.077 4.3158000000000003 4.5381999999999998 4.7511999999999999 4.9344000000000001 5.1112000000000002 5.2500999999999998 5.3856000000000002 5.4850000000000003 5.5758999999999999
-0.37463000000000002 -0.37003999999999998 -0.36457000000000001 -0.35859000000000002 -0.35037000000000001 -0.33400999999999997 -0.30959999999999999 -0.28149000000000002 -0.24179 -0.18776999999999999 -0.11364 -0.019587 0.098199999999999996 0.24005000000000001 0.40527999999999997 0.59687999999999997 0.80549000000000004 1.0344 1.2716000000000001 1.5174000000000001 1.7666999999999999 2.0165000000000002 2.2715000000000001 2.5247000000000002 2.7847 3.0423 3.3003999999999998 3.5541999999999998 3.8018000000000001 4.0373000000000001 4.2649999999999997 4.4819000000000004 4.6871 4.8741000000000003 5.0437000000000003 5.1897000000000002 5.3188000000000004 5.4253999999999998 5.5231000000000003
-0.37579000000000001 -0.37086999999999998 -0.36504999999999999 -0.35813 -0.35010999999999998 -0.33992 -0.32094 -0.29050999999999999 -0.25746000000000002 -0.21128 -0.14871999999999999 -0.063689999999999997 0.043737999999999999 0.17984 0.34029999999999999 0.52507000000000004 0.73118000000000005 0.95023999999999997 1.1862999999999999 1.4266000000000001 1.6765000000000001 1.9281999999999999 2.1825999999999999 2.4367000000000001 2.6882999999999999 2.9371 3.1812 3.4196 3.6509 3.8742999999999999 4.0880999999999998 4.2954999999999997 4.4874000000000001 4.6723999999999997 4.8348000000000004 4.9870000000000001 5.1135000000000002 5.2298 5.3193999999999999
-0.37167 -0.36707000000000001 -0.36181000000000002 -0.35518 -0.34727000000000002 -0.33606999999999998 -0.31707999999999997 -0.29391 -0.26455000000000001 -0.223 -0.1668 -0.091169 0.0065602999999999998 0.12681999999999999 0.27396999999999999 0.44116 0.63446000000000002 0.84392999999999996 1.0699000000000001 1.3081 1.5511999999999999 1.8039000000000001 2.0552000000000001 2.3096999999999999 2.5613000000000001 2.8113000000000001 3.0562999999999998 3.2972000000000001 3.5268999999999999 3.7492999999999999 3.9584999999999999 4.1577999999999999 4.3453999999999997 4.5160999999999998 4.6731999999999996 4.8103999999999996 4.9382999999999999 5.0376000000000003 5.1304999999999996
-0.36081000000000002 -0.35593000000000002 -0.35048000000000001 -0.34422000000000003 -0.33654000000000001 -0.32502999999999999 -0.3075 -0.28708 -0.25927 -0.22156000000000001 -0.17011999999999999 -0.10323 -0.013462 0.097030000000000005 0.23368 0.39380999999999999 0.57481000000000004 0.77839999999999998 0.9929 1.2277 1.4676 1.7174 1.9702999999999999 2.2235999999999998 2.4775999999999998 2.7275999999999998 2.9756999999999998 3.2178 3.4527999999999999 3.6751999999999998 3.8866000000000001 4.0791000000000004 4.2598000000000003 4.4169 4.5590999999999999 4.6818999999999997 4.7892999999999999 4.8800999999999997 4.9596999999999998
-0.34573999999999999 -0.34140999999999999 -0.33573999999999998 -0.32928000000000002 -0.32155 -0.31237999999999999 -0.29919000000000001 -0.27717000000000003 -0.24940000000000001 -0.21418000000000001 -0.16472000000000001 -0.10027 -0.016646000000000001 0.088585999999999998 0.21482000000000001 0.36837999999999999 0.54049999999999998 0.73907999999999996 0.95213000000000003 1.1798999999999999 1.4204000000000001 1.6649 1.9201999999999999 2.173 2.4285000000000001 2.6798000000000002 2.9279999999999999 3.1701999999999999 3.4066000000000001 3.6265999999999998 3.8353000000000002 4.0209999999999999 4.1893000000000002 4.3353000000000002 4.4588999999999999 4.5673000000000004 4.6571999999999996 4.7397999999999998 4.8080999999999996
-0.30517 -0.30238999999999999 -0.29859999999999998 -0.29371999999999998 -0.28708 -0.27882000000000001 -0.26500000000000001 -0.24473 -0.22040999999999999 -0.18769 -0.14254 -0.080506999999999995 -0.0015528 0.10249999999999999 0.22552 0.37508999999999998 0.54490000000000005 0.73455999999999999 0.94443999999999995 1.1633 1.4029 1.6448 1.8959999999999999 2.1476999999999999 2.3990999999999998 2.6494 2.8942000000000001 3.1337999999999999 3.3633000000000002 3.5792999999999999 3.7759 3.9533999999999998 4.1090999999999998 4.2484000000000002 4.3559000000000001 4.4527000000000001 4.5327000000000002 4.6063000000000001 4.6698000000000004
-0.25980999999999999 -0.25563000000000002 -0.25058000000000002 -0.24451999999999999 -0.23749000000000001 -0.22908999999999999 -0.21606 -0.19800000000000001 -0.17582999999999999 -0.14438999999999999 -0.10378 -0.044866000000000003 0.028222000000000001 0.12551000000000001 0.24357000000000001 0.38534000000000002 0.55330999999999997 0.73646999999999996 0.94584000000000001 1.1629 1.3960999999999999 1.6362000000000001 1.8815 2.1314000000000002 2.3780000000000001 2.625 2.8639000000000001 3.0952999999999999 3.3132999999999999 3.5192000000000001 3.7021000000000002 3.8725000000000001 4.0171000000000001 4.1454000000000004 4.2468000000000004 4.3357999999999999 4.4123000000000001 4.4794 4.5399000000000003
-0.17502000000000001 -0.15991 -0.14469000000000001 -0.12856000000000001 -0.11158999999999999 -0.092757999999999993 -0.071833999999999995 -0.048175000000000003 -0.021277999999999998 0.013024000000000001 0.055537999999999997 0.10722 0.17588999999999999 0.25314999999999999 0.36004999999999998 0.47935 0.62555000000000005 0.79218999999999995 0.97502999999999995 1.1835 1.397 1.6284000000000001 1.8595999999999999 2.0950000000000002 2.3279999999999998 2.5548999999999999 2.7692999999999999 2.9685999999999999 3.1501000000000001 3.3178999999999998 3.4754999999999998 3.6196000000000002 3.7557 3.8687 3.9750999999999999 4.0568999999999997 4.1326999999999998 4.1927000000000003 4.2515999999999998
-0.21099999999999999 -0.188 -0.16283 -0.13669000000000001 -0.10789 -0.076215000000000005 -0.041112999999999997 -0.0028670000000000002 0.040354000000000001 0.087695999999999996 0.14499999999999999 0.20885999999999999 0.28565000000000002 0.37429000000000001 0.47360000000000002 0.59175 0.71347000000000005 0.86456 1.0218 1.2031000000000001 1.3991 1.6052999999999999 1.8242 2.0400999999999998 2.2564000000000002 2.4607000000000001 2.6507999999999998 2.8212999999999999 2.9746000000000001 3.117 3.2513999999999998 3.3837000000000002 3.5095999999999998 3.6276999999999999 3.7324000000000002 3.8271000000000002 3.9049999999999998 3.9784000000000002 4.0553999999999997
-0.34528999999999999 -0.32806999999999997 -0.30786999999999998 -0.28311999999999998 -0.25552999999999998 -0.22242999999999999 -0.18465999999999999 -0.14079 -0.090733999999999995 -0.033486000000000002 0.033356999999999998 0.11035 0.19969999999999999 0.30191000000000001 0.41670000000000001 0.54120999999999997 0.67969999999999997 0.82226999999999995 0.98431000000000002 1.1499999999999999 1.3290999999999999 1.5149999999999999 1.7031000000000001 1.8958999999999999 2.0807000000000002 2.2566000000000002 2.4163000000000001 2.5581999999999998 2.6852 2.8020999999999998 2.919 3.0339 3.1524999999999999 3.2673000000000001 3.3771 3.4807999999999999 3.5802999999999998 3.6875 3.8027000000000002
-0.40194000000000002 -0.39544000000000001 -0.38700000000000001 -0.37557000000000001 -0.36004000000000003 -0.34044000000000002 -0.31394 -0.28227000000000002 -0.24177000000000001 -0.19333 -0.13527 -0.065435999999999994 0.015753 0.11267000000000001 0.22555 0.35737999999999998 0.50717999999999996 0.67218999999999995 0.84560000000000002 1.0283 1.2104999999999999 1.3979999999999999 1.5810999999999999 1.7605999999999999 1.9317 2.0912000000000002 2.2339000000000002 2.3616000000000001 2.4756 2.5836999999999999 2.6901999999999999 2.8001 2.9106999999999998 3.0257000000000001 3.1408 3.2572000000000001 3.3784000000000001 3.5032999999999999 3.6456
-0.41331000000000001 -0.41110000000000002 -0.40775 -0.40339999999999998 -0.39687 -0.38773000000000002 -0.37467 -0.35576999999999998 -0.33037 -0.29441000000000001 -0.24873999999999999 -0.18876999999999999 -0.11395 -0.022438 0.089110999999999996 0.21984000000000001 0.37291999999999997 0.54449999999999998 0.73045000000000004 0.92366999999999999 1.1181000000000001 1.3072999999999999 1.4907999999999999 1.6628000000000001 1.8251999999999999 1.9718 2.1029 2.2183000000000002 2.3226 2.4255 2.5263 2.6328999999999998 2.7435999999999998 2.8605 2.9832000000000001 3.1070000000000002 3.2416999999999998 3.3824000000000001 3.5312999999999999
-0.41772999999999999 -0.41658000000000001 -0.41517999999999999 -0.41327000000000003 -0.41082000000000002 -0.40711000000000003 -0.40194999999999997 -0.3947 -0.38440999999999997 -0.36993999999999999 -0.34831000000000001 -0.31729000000000002 -0.27172000000000002 -0.20612 -0.1143 0.010423999999999999 0.16758999999999999 0.35602 0.56181000000000003 0.77605000000000002 0.98655000000000004 1.1842999999999999 1.3680000000000001 1.5315000000000001 1.6795 1.8100000000000001 1.9255 2.028 2.1248 2.2176999999999998 2.3199999999999998 2.4239999999999999 2.5413000000000001 2.6625999999999999 2.7877000000000001 2.9239000000000002 3.0642 3.2178 3.3752
-0.41963 -0.41885 -0.4178 -0.41633999999999999 -0.41413 -0.41128999999999999 -0.40738000000000002 -0.40231 -0.39529999999999998 -0.38578000000000001 -0.37225000000000003 -0.35236000000000001 -0.32389000000000001 -0.28216999999999998 -0.22131999999999999 -0.13328999999999999 -0.0083549000000000002 0.15820000000000001 0.36525000000000002 0.59296000000000004 0.82843 1.0465 1.2439 1.4161999999999999 1.5631999999999999 1.6947000000000001 1.8061 1.9087000000000001 2.0053999999999998 2.1044999999999998 2.2056 2.3166000000000002 2.4276 2.5493999999999999 2.6741999999999999 2.8064 2.9540000000000002 3.1076999999999999 3.266
-0.41881000000000002 -0.41838999999999998 -0.41763 -0.41661999999999999 -0.41499999999999998 -0.41277999999999998 -0.40969 -0.40517999999999998 -0.3992 -0.39073999999999998 -0.37942999999999999 -0.36371999999999999 -0.34167999999999998 -0.30989 -0.26324999999999998 -0.19513 -0.097907999999999995 0.038228999999999999 0.21559 0.43192000000000003 0.66444000000000003 0.90356000000000003 1.1102000000000001 1.3 1.4543999999999999 1.5901000000000001 1.7091000000000001 1.8176000000000001 1.9194 2.0259 2.1309 2.2408000000000001 2.3536999999999999 2.4676 2.5943000000000001 2.7242999999999999 2.8727 3.0284 3.1762999999999999
-0.41837999999999997 -0.41782000000000002 -0.41707 -0.41607 -0.41477999999999998 -0.41281000000000001 -0.4103 -0.40655999999999998 -0.40156999999999998 -0.39454 -0.38462000000000002 -0.37069000000000002 -0.35060000000000002 -0.32236999999999999 -0.28211000000000003 -0.22420999999999999 -0.14133000000000001 -0.025184999999999999 0.13092999999999999 0.32546999999999998 0.54718999999999995 0.77739000000000003 0.99797000000000002 1.1912 1.3634999999999999 1.5036 1.6319999999999999 1.7472000000000001 1.8591 1.9689000000000001 2.0790000000000002 2.1855000000000002 2.2978000000000001 2.4097 2.5295999999999998 2.6644999999999999 2.8090000000000002 2.9603999999999999 3.0977999999999999
-0.41711999999999999 -0.41620000000000001 -0.41531000000000001 -0.41411999999999999 -0.41287000000000001 -0.41109000000000001 -0.40877000000000002 -0.40561000000000003 -0.40107999999999999 -0.39478999999999997 -0.38551999999999997 -0.37279000000000001 -0.35460999999999998 -0.32869999999999999 -0.29163 -0.23896000000000001 -0.16411000000000001 -0.060830000000000002 0.079362000000000002 0.25595000000000001 0.46539999999999998 0.68669999999999998 0.91237000000000001 1.1066 1.2866 1.4368000000000001 1.573 1.6962999999999999 1.8152999999999999 1.9286000000000001 2.0394999999999999 2.1455000000000002 2.2503000000000002 2.3614000000000002 2.4725000000000001 2.6113 2.7532999999999999 2.8955000000000002 3.0222000000000002
-0.41663 -0.41510999999999998 -0.41356999999999999 -0.41177000000000002 -0.40977999999999998 -0.40758 -0.40479999999999999 -0.40168999999999999 -0.39732000000000001 -0.39168999999999998 -0.38352999999999998 -0.37179000000000001 -0.35493999999999998 -0.33066000000000001 -0.29604000000000003 -0.24675 -0.17666999999999999 -0.080185000000000006 0.049163999999999999 0.21425 0.41087000000000001 0.62494000000000005 0.84233999999999998 1.0446 1.2262999999999999 1.3887 1.5302 1.6617 1.7839 1.8987000000000001 2.0065 2.1089000000000002 2.2048999999999999 2.3142999999999998 2.4278 2.5590000000000002 2.6991999999999998 2.8347000000000002 2.9525000000000001
-0.41763 -0.41566999999999998 -0.41337000000000002 -0.41086 -0.40783000000000003 -0.40477999999999997 -0.40099000000000001 -0.39689999999999998 -0.39191999999999999 -0.38577 -0.37794 -0.36697999999999997 -0.35193999999999998 -0.32991999999999999 -0.29792999999999997 -0.25173000000000001 -0.18593999999999999 -0.093623999999999999 0.029301000000000001 0.18748000000000001 0.37456 0.58260000000000001 0.79312000000000005 0.99951999999999996 1.1826000000000001 1.3533999999999999 1.4996 1.6362000000000001 1.7608999999999999 1.8729 1.9732000000000001 2.0697999999999999 2.1631 2.2663000000000002 2.3822000000000001 2.5089000000000001 2.6469999999999998 2.7778 2.8874
-0.42166999999999999 -0.42048999999999997 -0.41871000000000003 -0.41621000000000002 -0.41272999999999999 -0.40793000000000001 -0.40209 -0.39422000000000001 -0.38588 -0.37561 -0.36395 -0.35002 -0.33259 -0.31073000000000001 -0.28104000000000001 -0.24018999999999999 -0.18287999999999999 -0.10238999999999999 0.0074013000000000004 0.15006 0.32473999999999997 0.52173999999999998 0.72560999999999998 0.92728999999999995 1.1181000000000001 1.2898000000000001 1.4459 1.5806 1.6978 1.7917000000000001 1.8777999999999999 1.9588000000000001 2.0508000000000002 2.1475 2.2658 2.3948999999999998 2.5259999999999998 2.6467000000000001 2.7372000000000001
-0.4234 -0.42294999999999999 -0.42219000000000001 -0.42101 -0.41926999999999998 -0.41658000000000001 -0.41269 -0.40695999999999999 -0.39843000000000001 -0.38718999999999998 -0.37113000000000002 -0.35250999999999999 -0.32878000000000002 -0.30073 -0.26622000000000001 -0.22264999999999999 -0.16650000000000001 -0.092487 0.0072772999999999996 0.13625999999999999 0.29808000000000001 0.48414000000000001 0.68513000000000002 0.88217000000000001 1.0704 1.2343999999999999 1.3793 1.5016 1.5992 1.6819999999999999 1.7622 1.8426 1.9341999999999999 2.0415999999999999 2.1598999999999999 2.2917000000000001 2.4215 2.5341 2.6118999999999999
-0.42398999999999998 -0.42370999999999998 -0.42331000000000002 -0.42276000000000002 -0.4219 -0.42048000000000002 -0.41831000000000002 -0.41506999999999999 -0.40999999999999998 -0.40234999999999999 -0.39062999999999998 -0.37304999999999999 -0.34886 -0.31444 -0.27307999999999999 -0.21984999999999999 -0.15565999999999999 -0.075667999999999999 0.024122999999999999 0.14939 0.30059000000000002 0.47606999999999999 0.66264000000000001 0.84772999999999998 1.0174000000000001 1.1687000000000001 1.2937000000000001 1.4000999999999999 1.4850000000000001 1.5649 1.6442000000000001 1.7329000000000001 1.8269 1.9433 2.0697999999999999 2.2025999999999999 2.3294000000000001 2.4319999999999999 2.4994000000000001
-0.42442000000000002 -0.42420000000000002 -0.42388999999999999 -0.42346 -0.42285 -0.42198000000000002 -0.42063 -0.41861999999999999 -0.41547000000000001 -0.41048000000000001 -0.40281 -0.39043 -0.37169999999999997 -0.34282000000000001 -0.30079 -0.24381 -0.16891 -0.080149999999999999 0.028441999999999999 0.15579999999999999 0.30391000000000001 0.46932000000000001 0.64024000000000003 0.80750999999999995 0.95665999999999995 1.0888 1.1979 1.2908999999999999 1.3712 1.4531000000000001 1.5346 1.6318999999999999 1.7370000000000001 1.8545 1.9905999999999999 2.1265000000000001 2.2503000000000002 2.3437000000000001 2.3999999999999999
-0.42502000000000001 -0.42484 -0.42457 -0.42420000000000002 -0.42368 -0.42296 -0.42194999999999999 -0.42046 -0.41822999999999999 -0.41476000000000002 -0.40927000000000002 -0.40057999999999999 -0.38672000000000001 -0.3649 -0.32984000000000002 -0.27839999999999998 -0.20319999999999999 -0.10804 0.0087399999999999995 0.14258999999999999 0.29041 0.44879000000000002 0.60489000000000004 0.75385999999999997 0.88695999999999997 1.0032000000000001 1.1037999999999999 1.1891 1.2666999999999999 1.3522000000000001 1.4410000000000001 1.5416000000000001 1.6561999999999999 1.7811999999999999 1.9216 2.0586000000000002 2.1764000000000001 2.2656999999999998 2.3113000000000001
-0.42549999999999999 -0.42537000000000003 -0.42515999999999998 -0.42486000000000002 -0.42441000000000001 -0.42377999999999999 -0.4229 -0.42163 -0.41981000000000002 -0.41707 -0.41281000000000001 -0.40611000000000003 -0.39533000000000001 -0.37824000000000002 -0.35052 -0.30691000000000002 -0.24102999999999999 -0.14735999999999999 -0.030644999999999999 0.1103 0.25629999999999997 0.41000999999999999 0.55484999999999995 0.69037999999999999 0.81369999999999998 0.92020000000000002 1.0165999999999999 1.0972999999999999 1.177 1.2624 1.3583000000000001 1.4618 1.5849 1.7184999999999999 1.8607 1.9961 2.1088 2.1911999999999998 2.2323
-0.42592000000000002 -0.42581000000000002 -0.42564999999999997 -0.4254 -0.42503999999999997 -0.42449999999999999 -0.42373 -0.42262 -0.42101 -0.41864000000000001 -0.41504000000000002 -0.40949000000000002 -0.40060000000000001 -0.38646000000000003 -0.36376999999999998 -0.32718000000000003 -0.27078999999999998 -0.18531 -0.074761999999999995 0.063944000000000001 0.21018000000000001 0.35866999999999999 0.49725999999999998 0.62372000000000005 0.74058999999999997 0.84226000000000001 0.93540999999999996 1.016 1.0984 1.1827000000000001 1.2854000000000001 1.3964000000000001 1.5246 1.6642999999999999 1.8065 1.9398 2.048 2.1233 2.1625999999999999
-0.42627999999999999 -0.42619000000000001 -0.42604999999999998 -0.42584 -0.42553000000000002 -0.42507 -0.42441000000000001 -0.42344999999999999 -0.42203000000000002 -0.41993999999999998 -0.41674 -0.41192000000000001 -0.40432000000000001 -0.39216000000000001 -0.37272 -0.34133000000000002 -0.29265000000000002 -0.21812999999999999 -0.11527 0.015063 0.16189999999999999 0.30351 0.43908999999999998 0.55862000000000001 0.67042999999999997 0.7712 0.86229 0.94410000000000005 1.0284 1.1136999999999999 1.2210000000000001 1.339 1.4699 1.6142000000000001 1.7572000000000001 1.8895 1.9927999999999999 2.0609000000000002 2.1006
-0.42692000000000002 -0.42686000000000002 -0.42675999999999997 -0.42660999999999999 -0.42637000000000003 -0.42603999999999997 -0.42553000000000002 -0.42479 -0.42365999999999998 -0.42194999999999999 -0.41936000000000001 -0.41538000000000003 -0.4093 -0.39966000000000002 -0.38456000000000001 -0.36036000000000001 -0.32219999999999999 -0.26422000000000001 -0.17873 -0.069077 0.065459000000000003 0.19636999999999999 0.32644000000000001 0.44202000000000002 0.54844999999999999 0.64817999999999998 0.73723000000000005 0.82267999999999997 0.90698999999999996 1.0024 1.1121000000000001 1.2416 1.3805000000000001 1.5278 1.6708000000000001 1.7948999999999999 1.8926000000000001 1.9507000000000001 1.9873000000000001
-0.42743999999999999 -0.4274 -0.42731999999999998 -0.42720000000000002 -0.42702000000000001 -0.42673 -0.42630000000000001 -0.42565999999999998 -0.42473 -0.42331000000000002 -0.42120000000000002 -0.41791 -0.41288000000000002 -0.40495999999999999 -0.39240000000000003 -0.37259999999999999 -0.34106999999999998 -0.29357 -0.22320000000000001 -0.12920000000000001 -0.014794 0.10995000000000001 0.22986000000000001 0.34684999999999999 0.44740999999999997 0.54418 0.63344999999999996 0.72080999999999995 0.80725000000000002 0.91251000000000004 1.0274000000000001 1.1603000000000001 1.3051999999999999 1.4534 1.5945 1.7132000000000001 1.8028 1.8603000000000001 1.8815
-0.42787999999999998 -0.42784 -0.42779 -0.42770000000000002 -0.42756 -0.42735000000000001 -0.42699999999999999 -0.42647000000000002 -0.42568 -0.42447000000000001 -0.42265999999999998 -0.41988999999999999 -0.41556999999999999 -0.40886 -0.39811999999999997 -0.38146000000000002 -0.35502 -0.31475999999999998 -0.25577 -0.17377000000000001 -0.074534000000000003 0.042325000000000002 0.15198999999999999 0.26268999999999998 0.36199999999999999 0.45606000000000002 0.54527999999999999 0.63421000000000005 0.72597 0.83499999999999996 0.95616999999999996 1.0904 1.2403 1.3894 1.5293000000000001 1.6420999999999999 1.724 1.7787999999999999 1.7858000000000001
-0.42824000000000001 -0.42820999999999998 -0.42815999999999999 -0.42808000000000002 -0.42797000000000002 -0.42779 -0.42752000000000001 -0.42709000000000003 -0.42642999999999998 -0.4254 -0.42381999999999997 -0.42142000000000002 -0.41765000000000002 -0.41187000000000001 -0.40264 -0.38818999999999998 -0.36558000000000002 -0.33067999999999997 -0.28010000000000002 -0.20816999999999999 -0.12069000000000001 -0.017198000000000001 0.088454000000000005 0.19192999999999999 0.29043999999999998 0.38111 0.47016000000000002 0.56050999999999995 0.65832999999999997 0.76788999999999996 0.89495000000000002 1.0337000000000001 1.1836 1.3329 1.4669000000000001 1.5775999999999999 1.6529 1.7042999999999999 1.6949000000000001
-0.42897999999999997 -0.42893999999999999 -0.42887999999999998 -0.42880000000000001 -0.42869000000000002 -0.42851 -0.42827999999999999 -0.42792999999999998 -0.42738999999999999 -0.42652000000000001 -0.42514000000000002 -0.42304000000000003 -0.41974 -0.41464000000000001 -0.40662999999999999 -0.39393 -0.37436999999999998 -0.34383999999999998 -0.29985000000000001 -0.23754 -0.15790000000000001 -0.065058000000000005 0.036312999999999998 0.13278000000000001 0.22933000000000001 0.31706000000000001 0.40603 0.49719999999999998 0.59911000000000003 0.71018000000000003 0.84157000000000004 0.98343999999999998 1.1334 1.2816000000000001 1.4114 1.5166999999999999 1.5892999999999999 1.635 1.6077999999999999
-0.42968000000000001 -0.42962 -0.42953999999999998 -0.42943999999999999 -0.42930000000000001 -0.42909999999999998 -0.42886999999999997 -0.42856 -0.42808000000000002 -0.42731999999999998 -0.42610999999999999 -0.42424000000000001 -0.42132999999999998 -0.41676000000000002 -0.40967999999999999 -0.39833000000000002 -0.38107000000000002 -0.3543 -0.31507000000000002 -0.26018000000000002 -0.18743000000000001 -0.10340000000000001 -0.0071018000000000001 0.083400000000000002 0.17571999999999999 0.26257000000000003 0.35125000000000001 0.44307000000000002 0.54581000000000002 0.65990000000000004 0.79461999999999999 0.93938999999999995 1.0895999999999999 1.2355 1.3614999999999999 1.4609000000000001 1.5323 1.5670999999999999 1.5282
-0.43032999999999999 -0.43026999999999999 -0.43018000000000001 -0.43006 -0.42987999999999998 -0.42964999999999998 -0.42936999999999997 -0.42907000000000001 -0.42859999999999998 -0.42787999999999998 -0.42676999999999998 -0.42505999999999999 -0.42243999999999998 -0.41827999999999999 -0.41192000000000001 -0.40179999999999999 -0.38625999999999999 -0.36251 -0.32718000000000003 -0.27816999999999997 -0.21137 -0.13461000000000001 -0.045989000000000002 0.042099999999999999 0.13020999999999999 0.21654999999999999 0.30453000000000002 0.3972 0.50058000000000002 0.61878999999999995 0.75456999999999996 0.90146999999999999 1.0507 1.1938 1.3162 1.4097 1.4791000000000001 1.5038 1.4577
-0.43095 -0.43087999999999999 -0.43079000000000001 -0.43067 -0.43046000000000001 -0.43020000000000003 -0.42986999999999997 -0.42953000000000002 -0.42902000000000001 -0.42825999999999997 -0.42716999999999999 -0.42551 -0.42309000000000002 -0.41926999999999998 -0.41344999999999998 -0.40433000000000002 -0.39018000000000003 -0.36882999999999999 -0.33667999999999998 -0.29239999999999999 -0.23197999999999999 -0.16003000000000001 -0.078140000000000001 0.0073488 0.091504000000000002 0.17768999999999999 0.26458999999999999 0.35816999999999999 0.46122999999999997 0.58301999999999998 0.72021000000000002 0.86851999999999996 1.0148999999999999 1.1536 1.2746999999999999 1.3621000000000001 1.4294 1.4447000000000001 1.3916999999999999
-0.43207000000000001 -0.43201000000000001 -0.43192000000000003 -0.43180000000000002 -0.43160999999999999 -0.43136000000000002 -0.43101 -0.43056 -0.42995 -0.42903999999999998 -0.42787999999999998 -0.42614000000000002 -0.42376000000000003 -0.42024 -0.41499000000000003 -0.40716000000000002 -0.39494000000000001 -0.37705 -0.35021000000000002 -0.31236000000000003 -0.26175999999999999 -0.19741 -0.12617 -0.045838999999999998 0.031959000000000001 0.11519 0.20100000000000001 0.29465000000000002 0.39678999999999998 0.52446999999999999 0.66337000000000002 0.80927000000000004 0.95032000000000005 1.0806 1.1936 1.2777000000000001 1.3366 1.3280000000000001 1.2702
-0.43308000000000002 -0.43303000000000003 -0.43295 -0.43284 -0.43268000000000001 -0.43246000000000001 -0.43214999999999998 -0.43168000000000001 -0.43103000000000002 -0.43006 -0.42873 -0.42687000000000003 -0.42420999999999998 -0.42061999999999999 -0.41525000000000001 -0.40794999999999998 -0.39693000000000001 -0.38088 -0.35759999999999997 -0.32401000000000002 -0.28006999999999999 -0.22234000000000001 -0.15826999999999999 -0.085826 -0.010102 0.069202 0.15325 0.24531 0.35059000000000001 0.47825000000000001 0.61704999999999999 0.75900000000000001 0.89402000000000004 1.0178 1.1215999999999999 1.2027000000000001 1.2484999999999999 1.2249000000000001 1.1595
-0.43397999999999998 -0.43393999999999999 -0.43387999999999999 -0.43379000000000001 -0.43364999999999998 -0.43346000000000001 -0.43318000000000001 -0.43278 -0.43217 -0.43125999999999998 -0.4299 -0.42799999999999999 -0.42513000000000001 -0.42136000000000001 -0.4158 -0.40819 -0.39752999999999999 -0.38213999999999998 -0.36102000000000001 -0.33050000000000002 -0.29086000000000001 -0.23968 -0.17957999999999999 -0.11366 -0.040326000000000001 0.033655999999999998 0.11471000000000001 0.20585999999999999 0.31418000000000001 0.44009999999999999 0.57708999999999999 0.71496000000000004 0.84577000000000002 0.96233999999999997 1.0569999999999999 1.1353 1.1686000000000001 1.1356999999999999 1.0538000000000001
-0.43563000000000002 -0.43561 -0.43557000000000001 -0.4355 -0.43540000000000001 -0.43524000000000002 -0.435 -0.43465999999999999 -0.43414000000000003 -0.43336000000000002 -0.43214000000000002 -0.43032999999999999 -0.42759000000000003 -0.42359000000000002 -0.41797000000000001 -0.40969 -0.39899000000000001 -0.38346999999999998 -0.36338999999999999 -0.33556999999999998 -0.29870999999999998 -0.25333 -0.19717000000000001 -0.1381 -0.070539000000000004 -0.00091012000000000005 0.077314999999999995 0.16622000000000001 0.26679000000000003 0.38793 0.53025 0.66422000000000003 0.78715999999999997 0.89473999999999998 0.98445000000000005 1.0589 1.0720000000000001 1.0338000000000001 0.93503999999999998
-0.43709999999999999 -0.43708999999999998 -0.43706 -0.43701000000000001 -0.43694 -0.43681999999999999 -0.43663000000000002 -0.43634000000000001 -0.43590000000000001 -0.43524000000000002 -0.43419999999999997 -0.43258999999999997 -0.43013000000000001 -0.42625000000000002 -0.42081000000000002 -0.41248000000000001 -0.40139999999999998 -0.38589000000000001 -0.36525999999999997 -0.33883999999999997 -0.30314000000000002 -0.26179000000000002 -0.21059 -0.15547 -0.094058000000000003 -0.028679 0.047274999999999998 0.13366 0.23179 0.35405999999999999 0.48760999999999999 0.61853000000000002 0.73617999999999995 0.83696000000000004 0.92054000000000002 0.98411000000000004 0.98240000000000005 0.93925000000000003 0.82867999999999997
-0.43842999999999999 -0.43841999999999998 -0.43840000000000001 -0.43836999999999998 -0.43830999999999998 -0.43822 -0.43807000000000001 -0.43783 -0.43747000000000003 -0.43690000000000001 -0.43602000000000002 -0.43461 -0.43246000000000001 -0.42897999999999997 -0.42382999999999998 -0.41603000000000001 -0.40468999999999999 -0.38940999999999998 -0.36780000000000002 -0.34222999999999998 -0.30785000000000001 -0.26802999999999999 -0.22141 -0.16975999999999999 -0.11380999999999999 -0.052645999999999998 0.02162 0.10488 0.19979 0.32218999999999998 0.44956000000000002 0.57816999999999996 0.69037999999999999 0.78120000000000001 0.86236999999999997 0.91547999999999996 0.90454000000000001 0.85036 0.73265000000000002
-0.43963999999999998 -0.43963000000000002 -0.43962000000000001 -0.43959999999999999 -0.43955 -0.43947999999999998 -0.43935999999999997 -0.43917 -0.43885999999999997 -0.43837999999999999 -0.43762000000000001 -0.43640000000000001 -0.43451000000000001 -0.43147000000000002 -0.42670000000000002 -0.41954000000000002 -0.40842000000000001 -0.39362000000000003 -0.37214999999999998 -0.3463 -0.31315999999999999 -0.27366000000000001 -0.23116 -0.18268999999999999 -0.13175000000000001 -0.073436000000000001 -0.0016086 0.078072000000000003 0.17196 0.29214000000000001 0.41516999999999998 0.53957999999999995 0.65003999999999995 0.72816000000000003 0.80886000000000002 0.85202 0.83435000000000004 0.76741999999999999 0.64761000000000002
-0.44118000000000002 -0.44117000000000001 -0.44116 -0.44113999999999998 -0.44111 -0.44105 -0.44096000000000002 -0.44080000000000003 -0.44053999999999999 -0.44012000000000001 -0.43946000000000002 -0.43841000000000002 -0.43673000000000001 -0.43406 -0.42971999999999999 -0.42320000000000002 -0.41281000000000001 -0.39843000000000001 -0.37789 -0.35138000000000003 -0.31936999999999999 -0.27967999999999998 -0.24106 -0.19613 -0.14845 -0.092235999999999999 -0.023342999999999999 0.052565000000000001 0.14585999999999999 0.26184000000000002 0.38246999999999998 0.50187000000000004 0.60814999999999997 0.67937000000000003 0.75951999999999997 0.78869 0.76909000000000005 0.69142000000000003 0.57757000000000003
-0.44259999999999999 -0.44259999999999999 -0.44258999999999998 -0.44257999999999997 -0.44255 -0.4425 -0.44241999999999998 -0.44229000000000002 -0.44207000000000002 -0.44170999999999999 -0.44113000000000002 -0.44020999999999999 -0.43870999999999999 -0.43635000000000002 -0.43242999999999998 -0.42648000000000003 -0.41705999999999999 -0.40311999999999998 -0.38367000000000001 -0.35681000000000002 -0.32597999999999999 -0.28709000000000001 -0.25091999999999998 -0.20899999999999999 -0.16428000000000001 -0.10983 -0.044186999999999997 0.028479000000000001 0.12129 0.23313 0.35189999999999999 0.46756999999999999 0.56601999999999997 0.63690000000000002 0.71023999999999998 0.72904999999999998 0.70662000000000003 0.62119999999999997 0.51317000000000002
-0.44392999999999999 -0.44392999999999999 -0.44391999999999998 -0.44391000000000003 -0.44388 -0.44385000000000002 -0.44378000000000001 -0.44367000000000001 -0.44347999999999999 -0.44316 -0.44264999999999999 -0.44183 -0.44047999999999998 -0.43836999999999998 -0.43487999999999999 -0.42938999999999999 -0.42081000000000002 -0.40750999999999998 -0.38917000000000002 -0.36236000000000002 -0.33273000000000003 -0.29622999999999999 -0.26095000000000002 -0.22151999999999999 -0.17866000000000001 -0.12606000000000001 -0.064610000000000001 0.0058859999999999997 0.098405000000000006 0.20684 0.32495000000000002 0.43691999999999998 0.52600999999999998 0.59752000000000005 0.66300000000000003 0.67347000000000001 0.64849000000000001 0.55630000000000002 0.45369999999999999
-0.44517000000000001 -0.44517000000000001 -0.44516 -0.44514999999999999 -0.44513000000000003 -0.4451 -0.44503999999999999 -0.44494 -0.44478000000000001 -0.44450000000000001 -0.44403999999999999 -0.44330999999999998 -0.44209999999999999 -0.44018000000000002 -0.43703999999999998 -0.43197999999999998 -0.42412 -0.41154000000000002 -0.39424999999999999 -0.36903999999999998 -0.33939999999999998 -0.30542000000000002 -0.27084000000000003 -0.23375000000000001 -0.19263 -0.14227999999999999 -0.084289000000000003 -0.015195999999999999 0.077142000000000002 0.18267 0.29976000000000003 0.40786 0.48909000000000002 0.56100000000000005 0.61885000000000001 0.62453000000000003 0.59192999999999996 0.49580999999999997 0.39834999999999998
-0.44705 -0.44705 -0.44705 -0.44703999999999999 -0.44701999999999997 -0.44699 -0.44694 -0.44685000000000002 -0.44671 -0.44646000000000002 -0.44605 -0.44539000000000001 -0.44429000000000002 -0.44252000000000002 -0.43967000000000001 -0.43497999999999998 -0.42774000000000001 -0.41600999999999999 -0.39956000000000003 -0.37594 -0.34649000000000002 -0.31502000000000002 -0.28083000000000002 -0.24593999999999999 -0.20619999999999999 -0.15805 -0.10292 -0.034847000000000003 0.057009999999999998 0.16009999999999999 0.27567000000000003 0.38074000000000002 0.45395999999999997 0.52500000000000002 0.57686000000000004 0.57877000000000001 0.53779999999999994 0.43939 0.3468
0.94999999999999996 0.01
-0.55869999999999997 -0.62065999999999999 -0.69215000000000004 -0.77966000000000002 -0.86612 -0.96147000000000005 -1.0622 -1.1613 -1.2616000000000001 -1.3631 -1.4614 -1.5552999999999999 -1.6407 -1.7163999999999999 -1.7797000000000001 -1.8128 -1.8173999999999999 -1.7978000000000001 -1.7517 -1.6754 -1.5868 -1.4906999999999999 -1.4340999999999999 -1.3885000000000001 -1.3527 -1.2828999999999999 -1.1657 -1.0483 -0.92895000000000005 -0.79706999999999995 -0.66544999999999999 -0.53422000000000003 -0.38202999999999998 -0.23025000000000001 -0.075125999999999998 0.10246 0.27860000000000001 0.46609 0.66037999999999997
-0.38729999999999998 -0.38490999999999997 -0.38179999999999997 -0.38185000000000002 -0.38378000000000001 -0.39011000000000001 -0.40237000000000001 -0.42264000000000002 -0.44506000000000001 -0.48420999999999997 -0.51510999999999996 -0.55728 -0.59743999999999997 -0.62726999999999999 -0.65536000000000005 -0.67427000000000004 -0.68159999999999998 -0.67354000000000003 -0.65085000000000004 -0.61919999999999997 -0.57676000000000005 -0.51000999999999996 -0.43990000000000001 -0.36808999999999997 -0.27766999999999997 -0.18132999999999999 -0.085543999999999995 0.011058 0.1095 0.20473 0.29576999999999998 0.41144999999999998 0.52980000000000005 0.64702000000000004 0.77054 0.90061000000000002 1.0297000000000001 1.1611 1.3028
-0.40105000000000002 -0.39687 -0.39097999999999999 -0.38220999999999999 -0.36956 -0.35082999999999998 -0.32357000000000002 -0.28183000000000002 -0.22802 -0.15468000000000001 -0.060852000000000003 0.053435999999999997 0.18481 0.33279999999999998 0.48188999999999999 0.63593999999999995 0.76932999999999996 0.89368999999999998 1.0033000000000001 1.0865 1.1698999999999999 1.2357 1.2935000000000001 1.3505 1.4061999999999999 1.4602999999999999 1.5129999999999999 1.5694999999999999 1.6336999999999999 1.6959 1.7562 1.835 1.9119999999999999 1.9867999999999999 2.0718000000000001 2.1642999999999999 2.2545000000000002 2.3456999999999999 2.452
-0.38600000000000001 -0.38390000000000002 -0.38089000000000001 -0.37630999999999998 -0.36924000000000001 -0.35794999999999999 -0.34016999999999997 -0.31247000000000003 -0.27040999999999998 -0.21016000000000001 -0.12644 -0.017722999999999999 0.11945 0.28308 0.47114 0.67773000000000005 0.89619000000000004 1.1180000000000001 1.3416999999999999 1.5502 1.7473000000000001 1.9131 2.0754999999999999 2.1880999999999999 2.2987000000000002 2.3883999999999999 2.4588000000000001 2.5274000000000001 2.5870000000000002 2.6400000000000001 2.6911999999999998 2.7439 2.7986 2.8513999999999999 2.9045999999999998 2.9737 3.0407000000000002 3.1055000000000001 3.1892
-0.37035000000000001 -0.36375999999999997 -0.35805999999999999 -0.35142000000000001 -0.34303 -0.33250999999999997 -0.31890000000000002 -0.29837000000000002 -0.26778000000000002 -0.22278999999999999 -0.15967999999999999 -0.073863999999999999 0.034334000000000003 0.17097999999999999 0.33079999999999998 0.51624999999999999 0.72199000000000002 0.94362000000000001 1.1792 1.4204000000000001 1.6674 1.9119999999999999 2.1497000000000002 2.3736000000000002 2.5790999999999999 2.7603 2.9144000000000001 3.0537999999999998 3.1556000000000002 3.2549000000000001 3.3338999999999999 3.4011999999999998 3.4664999999999999 3.5272999999999999 3.5851999999999999 3.6412 3.7039 3.7709999999999999 3.8363
-0.38103999999999999 -0.37439 -0.36570000000000003 -0.35498000000000002 -0.34215000000000001 -0.32667000000000002 -0.30734 -0.28269 -0.24943000000000001 -0.20604 -0.14746999999999999 -0.072300000000000003 0.019734000000000002 0.13496 0.27598 0.43703999999999998 0.62841000000000002 0.83628999999999998 1.0631999999999999 1.3012999999999999 1.5468 1.8004 2.0535999999999999 2.3089 2.5577000000000001 2.7968000000000002 3.0202 3.2229000000000001 3.4032 3.5537000000000001 3.6943999999999999 3.7957000000000001 3.8944000000000001 3.9788999999999999 4.0509000000000004 4.1207000000000003 4.1890999999999998 4.2561999999999998 4.3216000000000001
-0.37489 -0.36943999999999999 -0.35814000000000001 -0.34788000000000002 -0.33496999999999999 -0.31864999999999999 -0.29762 -0.27350000000000002 -0.24362 -0.20627999999999999 -0.15597 -0.091123999999999997 -0.0058443999999999996 0.10174999999999999 0.2346 0.39629999999999999 0.58230000000000004 0.79566000000000003 1.0242 1.2657 1.5152000000000001 1.7674000000000001 2.0264000000000002 2.2829000000000002 2.5478999999999998 2.8096999999999999 3.0727000000000002 3.3283 3.5758999999999999 3.8026 4.0168999999999997 4.1976000000000004 4.3654000000000002 4.5027999999999997 4.6219000000000001 4.7304000000000004 4.8083 4.8853 4.9642999999999997
-0.37413000000000002 -0.37003000000000003 -0.36321999999999999 -0.34910000000000002 -0.33206000000000002 -0.31143999999999999 -0.28394000000000003 -0.24889 -0.20619000000000001 -0.15581 -0.097295999999999994 -0.027191 0.056099000000000003 0.16097 0.28754000000000002 0.44162000000000001 0.62321000000000004 0.82874999999999999 1.0607 1.3041 1.5652999999999999 1.8304 2.0989 2.3685 2.6339999999999999 2.9047999999999998 3.1707000000000001 3.4398 3.7000999999999999 3.9517000000000002 4.1877000000000004 4.4112 4.6014999999999997 4.7774000000000001 4.9234999999999998 5.0541999999999998 5.1692 5.2633000000000001 5.3563000000000001
-0.36651 -0.36201 -0.35744999999999999 -0.35089999999999999 -0.33666000000000001 -0.31541000000000002 -0.29193000000000002 -0.25813999999999998 -0.21321999999999999 -0.15345 -0.080306000000000002 0.0077294 0.11157 0.23285 0.37606000000000001 0.53942000000000001 0.72867000000000004 0.93574000000000002 1.1609 1.4016999999999999 1.6503000000000001 1.9137999999999999 2.1778 2.4519000000000002 2.7248999999999999 2.9986999999999999 3.2722000000000002 3.5402 3.8047 4.0585000000000004 4.3007999999999997 4.5274000000000001 4.7332000000000001 4.9199000000000002 5.0846999999999998 5.2298999999999998 5.3476999999999997 5.4599000000000002 5.5456000000000003
-0.36813000000000001 -0.36364999999999997 -0.35822999999999999 -0.34992000000000001 -0.33461999999999997 -0.31798999999999999 -0.29576000000000002 -0.26445999999999997 -0.22134999999999999 -0.16375000000000001 -0.088466000000000003 0.0038395999999999999 0.11869 0.25305 0.41293000000000002 0.59524999999999995 0.79742999999999997 1.0178 1.2475000000000001 1.4918 1.7390000000000001 1.9939 2.2538999999999998 2.5165000000000002 2.786 3.0520999999999998 3.3216000000000001 3.5838000000000001 3.8397000000000001 4.0849000000000002 4.3202999999999996 4.5392000000000001 4.75 4.9316000000000004 5.1086999999999998 5.2481999999999998 5.3868 5.4847999999999999 5.5777999999999999
-0.36387999999999998 -0.35937000000000002 -0.35396 -0.34809000000000001 -0.33979999999999999 -0.32317000000000001 -0.29862 -0.27040999999999998 -0.23055 -0.17632999999999999 -0.10238 -0.0086172999999999996 0.10821 0.24903 0.41266999999999998 0.60314999999999996 0.81083000000000005 1.0386 1.2756000000000001 1.5213000000000001 1.7714000000000001 2.0217999999999998 2.278 2.5320999999999998 2.7913000000000001 3.0482999999999998 3.3039999999999998 3.5546000000000002 3.7980999999999998 4.0286 4.2512999999999996 4.4637000000000002 4.6639999999999997 4.8495999999999997 5.0170000000000003 5.1660000000000004 5.2957999999999998 5.4065000000000003 5.5057999999999998
-0.36503999999999998 -0.36020999999999997 -0.35455999999999999 -0.3478 -0.34000000000000002 -0.32987 -0.31064000000000003 -0.27993000000000001 -0.2467 -0.20025000000000001 -0.13755999999999999 -0.052254000000000002 0.055453000000000002 0.19136 0.35187000000000002 0.53615000000000002 0.74209000000000003 0.96033000000000002 1.196 1.4356 1.6838 1.9338 2.1856 2.4373 2.6859999999999999 2.9319000000000002 3.1724000000000001 3.4064999999999999 3.6324000000000001 3.8496999999999999 4.0564999999999998 4.2561999999999998 4.4417 4.6197999999999997 4.7808000000000002 4.931 5.0613999999999999 5.1801000000000004 5.2751999999999999
-0.36097000000000001 -0.35647000000000001 -0.35133999999999999 -0.34494000000000002 -0.33732000000000001 -0.32640999999999998 -0.30734 -0.28466000000000002 -0.25531999999999999 -0.21365999999999999 -0.15705 -0.081102999999999995 0.017145000000000001 0.13758000000000001 0.28514 0.45274999999999999 0.64568000000000003 0.85538999999999998 1.0807 1.3187 1.5608 1.8122 2.0621 2.3136999999999999 2.5621 2.8079000000000001 3.0476000000000001 3.2823000000000002 3.5038 3.7166000000000001 3.9155000000000002 4.1032999999999999 4.2798999999999996 4.4414999999999996 4.5925000000000002 4.7287999999999997 4.8596000000000004 4.9641999999999999 5.0656999999999996
-0.35011999999999999 -0.34539999999999998 -0.34005000000000002 -0.33400999999999997 -0.3266 -0.31535999999999997 -0.29819000000000001 -0.27833000000000002 -0.25108000000000003 -0.21393999999999999 -0.16278000000000001 -0.095866000000000007 -0.0060637 0.10492 0.24162 0.40210000000000001 0.58260999999999996 0.78615000000000002 1.0005999999999999 1.2343999999999999 1.4739 1.7222 1.9736 2.2246000000000001 2.4752000000000001 2.7210000000000001 2.9624999999999999 3.1966000000000001 3.4211999999999998 3.6305999999999998 3.8273000000000001 4.0039999999999996 4.1680999999999999 4.3144999999999998 4.4489000000000001 4.5730000000000004 4.6852 4.7866999999999997 4.8765999999999998
-0.33522999999999997 -0.33099000000000001 -0.32550000000000001 -0.31920999999999999 -0.31174000000000002 -0.30296000000000001 -0.29016999999999998 -0.26837 -0.24167 -0.20730000000000001 -0.15895000000000001 -0.095274999999999999 -0.012511 0.092400999999999997 0.21790000000000001 0.37129000000000001 0.54315999999999998 0.74058000000000002 0.95303000000000004 1.1793 1.4189000000000001 1.6617999999999999 1.9154 2.1661000000000001 2.4175 2.6635 2.9043000000000001 3.1356999999999999 3.3592 3.5621999999999998 3.7519999999999998 3.9192 4.0701000000000001 4.2039999999999997 4.3236999999999997 4.4353999999999996 4.5353000000000003 4.6315999999999997 4.7130000000000001
-0.29515000000000002 -0.29237999999999997 -0.28867999999999999 -0.28404000000000001 -0.27764 -0.26967000000000002 -0.25611 -0.23621 -0.21279999999999999 -0.18104000000000001 -0.13743 -0.076799000000000006 0.00027947999999999997 0.10302 0.22484999999999999 0.37257000000000001 0.54103000000000001 0.72835000000000005 0.93681999999999999 1.1536999999999999 1.3913 1.6315999999999999 1.8802000000000001 2.1292 2.3765999999999998 2.6204000000000001 2.8571 3.0829 3.2959000000000001 3.4922 3.6680000000000001 3.8260999999999998 3.9660000000000002 4.0937999999999999 4.2027000000000001 4.3053999999999997 4.3989000000000003 4.4870000000000001 4.5659999999999998
-0.25014999999999998 -0.24601000000000001 -0.24107000000000001 -0.23519999999999999 -0.22839000000000001 -0.22011 -0.20735999999999999 -0.18962999999999999 -0.16822999999999999 -0.13766999999999999 -0.098600999999999994 -0.041475999999999999 0.029676000000000001 0.12407 0.24001 0.37868000000000002 0.54447000000000001 0.72463999999999995 0.93086999999999998 1.1451 1.3749 1.6124000000000001 1.8546 2.101 2.3437999999999999 2.5834000000000001 2.8130000000000002 3.0301 3.2298 3.4140999999999999 3.5760000000000001 3.7259000000000002 3.8582000000000001 3.9786000000000001 4.0841000000000003 4.1814 4.2717000000000001 4.3529 4.4288999999999996
-0.16553999999999999 -0.15059 -0.13550000000000001 -0.11953999999999999 -0.10289 -0.084258 -0.063500000000000001 -0.040288999999999998 -0.013672 0.019817000000000001 0.061588999999999998 0.11162999999999999 0.1784 0.25341999999999998 0.35549999999999998 0.47073999999999999 0.61055999999999999 0.77229000000000003 0.94828999999999997 1.1520999999999999 1.3602000000000001 1.5861000000000001 1.8127 2.0434000000000001 2.2719 2.4942000000000002 2.7006000000000001 2.8900000000000001 3.0556999999999999 3.2054 3.3428 3.4714 3.5950000000000002 3.7058 3.8119999999999998 3.9018999999999999 3.9853999999999998 4.0560999999999998 4.1292999999999997
-0.20083999999999999 -0.17799999999999999 -0.15293000000000001 -0.127 -0.098392999999999994 -0.067029000000000005 -0.032306000000000001 0.0054941 0.048218999999999998 0.095006999999999994 0.1512 0.21401999999999999 0.28852 0.37491000000000002 0.47020000000000001 0.58423000000000003 0.70137000000000005 0.84513000000000005 0.99656 1.1699999999999999 1.3606 1.5601 1.7748999999999999 1.9861 2.1985999999999999 2.3994 2.5863 2.7501000000000002 2.8946000000000001 3.0223 3.1408999999999998 3.2587000000000002 3.3725999999999998 3.4843999999999999 3.5861999999999998 3.6819000000000002 3.7654999999999998 3.8489 3.9462000000000002
-0.33426 -0.317 -0.2969 -0.27211999999999997 -0.24468000000000001 -0.21174000000000001 -0.17415 -0.13075999999999999 -0.081057000000000004 -0.024545000000000001 0.041327000000000003 0.11687 0.20419000000000001 0.30354999999999999 0.41482999999999998 0.53485000000000005 0.66854000000000002 0.80637999999999999 0.96245999999999998 1.1238999999999999 1.2977000000000001 1.4803999999999999 1.6642999999999999 1.8552999999999999 2.0379999999999998 2.2134 2.3717999999999999 2.5114999999999998 2.6324999999999998 2.7408999999999999 2.8458999999999999 2.948 3.0539000000000001 3.1574 3.2589000000000001 3.3622999999999998 3.4662000000000002 3.5956000000000001 3.7361
-0.39071 -0.38423000000000002 -0.37573000000000001 -0.36434 -0.34871999999999997 -0.32917000000000002 -0.30274000000000001 -0.27121000000000001 -0.23127 -0.1832 -0.12604000000000001 -0.057381000000000001 0.021621000000000001 0.11541999999999999 0.22406999999999999 0.35071000000000002 0.49502000000000002 0.65491999999999995 0.82384999999999997 1.0032000000000001 1.1831 1.3684000000000001 1.5505 1.7292000000000001 1.9007000000000001 2.0605000000000002 2.2031000000000001 2.3292999999999999 2.4388000000000001 2.5398999999999998 2.6364999999999998 2.7347999999999999 2.8325 2.9375 3.0463 3.1663999999999999 3.3012999999999999 3.4451999999999998 3.6101000000000001
-0.40211000000000002 -0.39989999999999998 -0.39655000000000001 -0.39216000000000001 -0.38563999999999998 -0.37641000000000002 -0.36341000000000001 -0.34460000000000002 -0.31949 -0.28393000000000002 -0.23876 -0.1799 -0.10664 -0.017895999999999999 0.089906 0.21539 0.36259999999999998 0.52866000000000002 0.71009999999999995 0.90034000000000003 1.0932999999999999 1.2821 1.4661999999999999 1.6391 1.8025 1.9498 2.081 2.1943000000000001 2.2951000000000001 2.3908999999999998 2.4836 2.5790999999999999 2.6802999999999999 2.7881 2.9121000000000001 3.0411000000000001 3.1915 3.3492999999999999 3.5150000000000001
-0.40655000000000002 -0.40538000000000002 -0.40400000000000003 -0.40209 -0.39961000000000002 -0.39590999999999998 -0.39078000000000002 -0.38363999999999998 -0.37342999999999998 -0.35915999999999998 -0.33789000000000002 -0.30739 -0.26279000000000002 -0.19855 -0.10892 0.012992 0.16653999999999999 0.35103000000000001 0.55378000000000005 0.76532 0.97472999999999999 1.1717 1.3559000000000001 1.5198 1.6678999999999999 1.7983 1.9125000000000001 2.0127999999999999 2.1053999999999999 2.1928999999999998 2.2883 2.3862999999999999 2.4984999999999999 2.6200000000000001 2.7477 2.8940999999999999 3.0451999999999999 3.2086999999999999 3.3730000000000002
-0.40844999999999998 -0.40766999999999998 -0.40661000000000003 -0.40515000000000001 -0.40290999999999999 -0.40009 -0.39618999999999999 -0.39117000000000002 -0.38430999999999998 -0.37490000000000001 -0.36162 -0.34208 -0.31423000000000001 -0.27343000000000001 -0.21384 -0.12748999999999999 -0.0045535000000000003 0.15998999999999999 0.36526999999999998 0.59165000000000001 0.82538999999999996 1.0432999999999999 1.2392000000000001 1.4116 1.5573999999999999 1.6878 1.7974000000000001 1.8976 1.9903999999999999 2.0857000000000001 2.1819000000000002 2.2909000000000002 2.4007000000000001 2.5249000000000001 2.6549 2.7932999999999999 2.948 3.1067999999999998 3.2665000000000002
-0.40764 -0.40722999999999998 -0.40647 -0.40544999999999998 -0.40383999999999998 -0.40160000000000001 -0.39853 -0.39405000000000001 -0.38816000000000001 -0.37981999999999999 -0.36867 -0.35326000000000002 -0.33165 -0.30051 -0.25479000000000002 -0.18787000000000001 -0.092083999999999999 0.042448 0.21845000000000001 0.43391000000000002 0.66556000000000004 0.90427999999999997 1.1099000000000001 1.2981 1.452 1.5858000000000001 1.7033 1.8089999999999999 1.9083000000000001 2.0116000000000001 2.1149 2.2233000000000001 2.3376999999999999 2.4533 2.5851999999999999 2.7204000000000002 2.8717000000000001 3.0289999999999999 3.1758999999999999
-0.40721000000000002 -0.40665000000000001 -0.40590999999999999 -0.40489999999999998 -0.40361999999999998 -0.40167000000000003 -0.39917000000000002 -0.39549000000000001 -0.39052999999999999 -0.38358999999999999 -0.37379000000000001 -0.36009000000000002 -0.34034999999999999 -0.31261 -0.27306000000000002 -0.21612000000000001 -0.13438 -0.019661000000000001 0.13524 0.32857999999999998 0.54986999999999997 0.77907999999999999 0.99980000000000002 1.1913 1.3632 1.5008999999999999 1.6275999999999999 1.7404999999999999 1.8506 1.9583999999999999 2.0680000000000001 2.1739000000000002 2.2883 2.4030999999999998 2.5255000000000001 2.6638000000000002 2.8098999999999998 2.9607000000000001 3.0960999999999999
-0.40594000000000002 -0.40501999999999999 -0.40414 -0.40296999999999999 -0.40171000000000001 -0.39995000000000003 -0.39763999999999999 -0.39454 -0.39002999999999999 -0.38380999999999998 -0.37467 -0.36209999999999998 -0.34420000000000001 -0.31868000000000002 -0.28219 -0.23033000000000001 -0.15647 -0.054330000000000003 0.084556999999999993 0.26011000000000001 0.46892 0.68955999999999995 0.91452999999999995 1.1081000000000001 1.2862 1.4355 1.5697000000000001 1.6912 1.8089999999999999 1.9212 2.0318999999999998 2.1387999999999998 2.2448999999999999 2.3584000000000001 2.4723999999999999 2.6116000000000001 2.7538 2.8946999999999998 3.0188999999999999
-0.40544000000000002 -0.40393000000000001 -0.40238000000000002 -0.40060000000000001 -0.39860000000000001 -0.39643 -0.39366000000000001 -0.3906 -0.38629999999999998 -0.38070999999999999 -0.37265999999999999 -0.36104999999999998 -0.34444000000000002 -0.32049 -0.28634999999999999 -0.23769000000000001 -0.16850999999999999 -0.073019000000000001 0.055072000000000003 0.21920000000000001 0.41481000000000001 0.62858999999999998 0.84484999999999999 1.0468999999999999 1.2266999999999999 1.3883000000000001 1.5278 1.6578999999999999 1.7791999999999999 1.8936999999999999 2.0015999999999998 2.1051000000000002 2.202 2.3132000000000001 2.4285999999999999 2.5592999999999999 2.6991999999999998 2.8332000000000002 2.9485999999999999
-0.40642 -0.40447 -0.40215000000000001 -0.39966000000000002 -0.39661999999999997 -0.39360000000000001 -0.38985999999999998 -0.38578000000000001 -0.38086999999999999 -0.37475999999999998 -0.36706 -0.35624 -0.34139999999999998 -0.31964999999999999 -0.28805999999999998 -0.24238999999999999 -0.17738000000000001 -0.08591 0.035994999999999999 0.19309000000000001 0.37922 0.58677999999999997 0.79630999999999996 1.0024999999999999 1.1837 1.3529 1.498 1.6336999999999999 1.7579 1.8697999999999999 1.9702999999999999 2.0678999999999998 2.1627000000000001 2.266 2.383 2.5097 2.6465000000000001 2.7757000000000001 2.8822000000000001
-0.41047 -0.40927999999999998 -0.40749999999999997 -0.40498000000000001 -0.40150999999999998 -0.39667999999999998 -0.39087 -0.38306000000000001 -0.37469999999999998 -0.36454999999999999 -0.35291 -0.33916000000000002 -0.32185999999999998 -0.30029 -0.27093 -0.23050999999999999 -0.17369999999999999 -0.093963000000000005 0.015115999999999999 0.15679999999999999 0.33074999999999999 0.52668000000000004 0.72989000000000004 0.93033999999999994 1.1204000000000001 1.2908999999999999 1.4464999999999999 1.5807 1.6973 1.7915000000000001 1.8778999999999999 1.9589000000000001 2.0514999999999999 2.1488999999999998 2.2660999999999998 2.3948999999999998 2.5246 2.6434000000000002 2.7313999999999998
-0.41220000000000001 -0.41173999999999999 -0.41099000000000002 -0.4098 -0.40805000000000002 -0.40537000000000001 -0.40145999999999998 -0.39573000000000003 -0.38714999999999999 -0.37597000000000003 -0.36004000000000003 -0.34143000000000001 -0.31797999999999998 -0.29009000000000001 -0.25603999999999999 -0.21289 -0.15737999999999999 -0.084052000000000002 0.014788000000000001 0.14298 0.30387999999999998 0.48924000000000001 0.68962999999999997 0.88582000000000005 1.0729 1.2366999999999999 1.381 1.5034000000000001 1.6004 1.6831 1.7633000000000001 1.8441000000000001 1.9349000000000001 2.0425 2.1606000000000001 2.2909999999999999 2.4196 2.5295000000000001 2.6057999999999999
-0.4128 -0.41250999999999999 -0.41211999999999999 -0.41155999999999998 -0.41070000000000001 -0.40927999999999998 -0.40710000000000002 -0.40386 -0.39878999999999998 -0.39111000000000001 -0.37942999999999999 -0.36181000000000002 -0.33776 -0.30348999999999998 -0.26246000000000003 -0.20982000000000001 -0.14613000000000001 -0.066956000000000002 0.031932000000000002 0.15634999999999999 0.30670999999999998 0.48144999999999999 0.66727000000000003 0.85189999999999999 1.0208999999999999 1.1719999999999999 1.2963 1.4020999999999999 1.4869000000000001 1.5668 1.6456 1.7343999999999999 1.8287 1.9439 2.0701000000000001 2.2017000000000002 2.327 2.4274 2.4931000000000001
-0.41321999999999998 -0.41299999999999998 -0.41269 -0.41226000000000002 -0.41165000000000002 -0.41077999999999998 -0.40944000000000003 -0.40743000000000001 -0.40427999999999997 -0.39928000000000002 -0.39162000000000002 -0.37927 -0.36052000000000001 -0.33177000000000001 -0.28977000000000003 -0.23327000000000001 -0.15873999999999999 -0.070958999999999994 0.036617999999999998 0.16306000000000001 0.31022 0.47482999999999997 0.64505999999999997 0.81188000000000005 0.96053999999999995 1.0920000000000001 1.2010000000000001 1.2934000000000001 1.3734 1.4552 1.5368999999999999 1.6334 1.7384999999999999 1.8548 1.9906999999999999 2.1255000000000002 2.2475000000000001 2.3389000000000002 2.3940000000000001
-0.41382000000000002 -0.41364000000000001 -0.41337000000000002 -0.41299999999999998 -0.41248000000000001 -0.41177000000000002 -0.41076000000000001 -0.40927000000000002 -0.40705000000000002 -0.40357999999999999 -0.39811000000000002 -0.38943 -0.37558000000000002 -0.35381000000000001 -0.31874999999999998 -0.26750000000000002 -0.19289000000000001 -0.098125000000000004 0.017439 0.15046999999999999 0.29707 0.45463999999999999 0.60999000000000003 0.75826000000000005 0.89117000000000002 1.0067999999999999 1.1071 1.1917 1.2695000000000001 1.3543000000000001 1.4433 1.5429999999999999 1.6575 1.7823 1.9216 2.0573000000000001 2.1728999999999998 2.2601 2.3056000000000001
-0.41431000000000001 -0.41416999999999998 -0.41395999999999999 -0.41366000000000003 -0.41321999999999998 -0.41259000000000001 -0.41171000000000002 -0.41044999999999998 -0.40864 -0.40589999999999998 -0.40165000000000001 -0.39498 -0.38422000000000001 -0.36717 -0.33954000000000001 -0.29593000000000003 -0.23036999999999999 -0.13689000000000001 -0.021246999999999999 0.11904000000000001 0.26357000000000003 0.41599000000000003 0.56032999999999999 0.69523000000000001 0.81827000000000005 0.92410000000000003 1.0197000000000001 1.1000000000000001 1.1798 1.2645 1.3605 1.4638 1.5860000000000001 1.7195 1.8606 1.9944999999999999 2.1052 2.1859999999999999 2.2277
-0.41471999999999998 -0.41460999999999998 -0.41444999999999999 -0.41420000000000001 -0.41383999999999999 -0.41331000000000001 -0.41254000000000002 -0.41143000000000002 -0.40983000000000003 -0.40748000000000001 -0.40388000000000002 -0.39835999999999999 -0.38951000000000002 -0.37540000000000001 -0.35277999999999998 -0.31623000000000001 -0.26000000000000001 -0.17462 -0.064786999999999997 0.072548000000000001 0.21819 0.36514999999999997 0.50322 0.62892000000000003 0.74512 0.84645999999999999 0.93876999999999999 1.0187999999999999 1.1012 1.1848000000000001 1.2876000000000001 1.3986000000000001 1.5258 1.6651 1.8063 1.9379999999999999 2.0444 2.1183000000000001 2.1587000000000001
-0.41508 -0.41499000000000003 -0.41485 -0.41464000000000001 -0.41432999999999998 -0.41388000000000003 -0.41321999999999998 -0.41227000000000003 -0.41084999999999999 -0.40877000000000002 -0.40559000000000001 -0.40078999999999998 -0.39322000000000001 -0.38111 -0.36174000000000001 -0.33040000000000003 -0.28183999999999998 -0.20766999999999999 -0.10496999999999999 0.024279999999999999 0.17065 0.31048999999999999 0.44557000000000002 0.56413999999999997 0.67520999999999998 0.77566000000000002 0.86585000000000001 0.94716999999999996 1.0311999999999999 1.1168 1.2231000000000001 1.3411999999999999 1.4715 1.6149 1.7569999999999999 1.8875999999999999 1.9891000000000001 2.0562999999999998 2.0975999999999999
-0.41572999999999999 -0.41565999999999997 -0.41555999999999998 -0.41541 -0.41517999999999999 -0.41483999999999999 -0.41433999999999999 -0.41360000000000002 -0.41248000000000001 -0.41077999999999998 -0.40820000000000001 -0.40423999999999999 -0.3982 -0.38861000000000001 -0.37357000000000001 -0.34947 -0.31139 -0.25362000000000001 -0.16824 -0.059222999999999998 0.073942999999999995 0.20444999999999999 0.33304 0.44819999999999999 0.55374000000000001 0.65307999999999999 0.74121999999999999 0.82613999999999999 0.90961999999999998 1.0054000000000001 1.1142000000000001 1.2436 1.3821000000000001 1.5284 1.6699999999999999 1.7923 1.8883000000000001 1.9468000000000001 1.9851000000000001
-0.41625000000000001 -0.41620000000000001 -0.41613 -0.41600999999999999 -0.41582000000000002 -0.41553000000000001 -0.41510999999999998 -0.41447000000000001 -0.41354000000000002 -0.41213 -0.41003000000000001 -0.40677000000000002 -0.40177000000000002 -0.39389999999999997 -0.38138 -0.36168 -0.33023000000000002 -0.28292 -0.21292 -0.11909 -0.0056944999999999999 0.11871 0.23721 0.35352 0.45312000000000002 0.54910000000000003 0.63780999999999999 0.72446999999999995 0.81008999999999998 0.91549999999999998 1.0304 1.1621999999999999 1.3067 1.454 1.5936999999999999 1.7107000000000001 1.7990999999999999 1.8576999999999999 1.8786
-0.41667999999999999 -0.41665000000000002 -0.41659000000000002 -0.41650999999999999 -0.41637000000000002 -0.41615000000000002 -0.41581000000000001 -0.41527999999999998 -0.41449000000000003 -0.41328999999999999 -0.41149000000000002 -0.40873999999999999 -0.40444000000000002 -0.39778000000000002 -0.38707999999999998 -0.37051000000000001 -0.34421000000000002 -0.30406 -0.24535999999999999 -0.16353000000000001 -0.065031000000000005 0.050611000000000003 0.15989 0.26934999999999998 0.36819000000000002 0.46132000000000001 0.54996999999999996 0.63815 0.72989000000000004 0.83804999999999996 0.95904999999999996 1.0928 1.2419 1.3899999999999999 1.5281 1.6395999999999999 1.7208000000000001 1.7768999999999999 1.7833000000000001
-0.41704999999999998 -0.41700999999999999 -0.41696 -0.41688999999999998 -0.41677999999999998 -0.41660000000000003 -0.41632999999999998 -0.41589999999999999 -0.41524 -0.41421999999999998 -0.41265000000000002 -0.41026000000000001 -0.40650999999999998 -0.40077000000000002 -0.39161000000000001 -0.37720999999999999 -0.35472999999999999 -0.31991999999999998 -0.26960000000000001 -0.19819000000000001 -0.11092 -0.0084550000000000007 0.096836000000000005 0.19905 0.29709000000000002 0.38671 0.47515000000000002 0.56472 0.66234999999999999 0.77105999999999997 0.89788999999999997 1.0362 1.1851 1.3331999999999999 1.4654 1.5745 1.6499999999999999 1.7030000000000001 1.6911
-0.41778999999999999 -0.41774 -0.41768 -0.41760000000000003 -0.41749000000000003 -0.41732000000000002 -0.41709000000000002 -0.41674 -0.41620000000000001 -0.41532999999999998 -0.41395999999999999 -0.41187000000000001 -0.40858 -0.40349000000000002 -0.39550999999999997 -0.38283 -0.36335000000000001 -0.33295999999999998 -0.28904999999999997 -0.22711999999999999 -0.1477 -0.055781999999999998 0.045178000000000003 0.14036000000000001 0.23585 0.32297999999999999 0.41125 0.50163999999999997 0.60326000000000002 0.71418000000000004 0.84460999999999997 0.9859 1.135 1.2819 1.4100999999999999 1.5139 1.5873999999999999 1.633 1.6041000000000001
-0.41848000000000002 -0.41842000000000001 -0.41835 -0.41825000000000001 -0.41810999999999998 -0.41791 -0.41768 -0.41737999999999997 -0.41688999999999998 -0.41614000000000001 -0.41493000000000002 -0.41306999999999999 -0.41016999999999998 -0.40561000000000003 -0.39856000000000003 -0.38723999999999997 -0.37003999999999998 -0.34339999999999998 -0.30424000000000001 -0.24968000000000001 -0.17712 -0.093883999999999995 0.0012913 0.091317999999999996 0.18253 0.26879999999999998 0.35669000000000001 0.44771 0.54976000000000003 0.66374999999999995 0.79781000000000002 0.94186000000000003 1.0911999999999999 1.2358 1.3602000000000001 1.4583999999999999 1.5307999999999999 1.5651999999999999 1.5251999999999999
-0.41914000000000001 -0.41907 -0.41898999999999997 -0.41887000000000002 -0.41868 -0.41844999999999999 -0.41818 -0.41788999999999998 -0.41741 -0.41670000000000001 -0.41559000000000001 -0.41388999999999998 -0.41127999999999998 -0.40714 -0.40079999999999999 -0.39073000000000002 -0.37522 -0.35159000000000001 -0.31633 -0.2676 -0.20111000000000001 -0.12490999999999999 -0.037324999999999997 0.050310000000000001 0.13728000000000001 0.22303000000000001 0.31013000000000002 0.40222999999999998 0.50458999999999998 0.62277000000000005 0.75805 0.90408999999999995 1.0523 1.194 1.3149 1.4075 1.4782 1.5021 1.4544999999999999
-0.41975000000000001 -0.41969000000000001 -0.41959999999999997 -0.41947000000000001 -0.41926000000000002 -0.41900999999999999 -0.41868 -0.41835 -0.41782999999999998 -0.41708000000000001 -0.41599000000000003 -0.41433999999999999 -0.41193000000000002 -0.40814 -0.40233999999999998 -0.39326 -0.37914999999999999 -0.3579 -0.32582 -0.28178999999999998 -0.22187000000000001 -0.15018999999999999 -0.069262000000000004 0.015790999999999999 0.098811999999999997 0.18429000000000001 0.27034000000000002 0.36324000000000001 0.46528999999999998 0.58714 0.7238 0.87131000000000003 1.0163 1.1532 1.2734000000000001 1.3602000000000001 1.4289000000000001 1.4419999999999999 1.3884000000000001
-0.42087000000000002 -0.42081000000000002 -0.42071999999999998 -0.42059999999999997 -0.42042000000000002 -0.42015999999999998 -0.41982000000000003 -0.41937000000000002 -0.41876000000000002 -0.41785 -0.41670000000000001 -0.41498000000000002 -0.41260999999999998 -0.40912999999999999 -0.40389000000000003 -0.39611000000000002 -0.38396000000000002 -0.36613000000000001 -0.33944999999999997 -0.30170999999999998 -0.25151000000000001 -0.18739 -0.11698 -0.037649000000000002 0.039625 0.12191 0.20696999999999999 0.29981000000000002 0.40173999999999999 0.52886999999999995 0.66720000000000002 0.81176999999999999 0.95138 1.0802 1.1918 1.2765 1.3355999999999999 1.3250999999999999 1.2661
-0.42187999999999998 -0.42182999999999998 -0.42175000000000001 -0.42164000000000001 -0.42148999999999998 -0.42126000000000002 -0.42094999999999999 -0.42048999999999997 -0.41982999999999998 -0.41887000000000002 -0.41754999999999998 -0.41571000000000002 -0.41304999999999997 -0.40950999999999999 -0.40418999999999999 -0.39692 -0.38599 -0.36998999999999999 -0.34687000000000001 -0.31336999999999998 -0.26978000000000002 -0.21265999999999999 -0.14893000000000001 -0.077432000000000001 -0.0022052 0.076050000000000006 0.15937000000000001 0.25053999999999998 0.35576999999999998 0.48291000000000001 0.62111000000000005 0.76178000000000001 0.89495999999999998 1.0175000000000001 1.1202000000000001 1.2021999999999999 1.2476 1.2228000000000001 1.1538999999999999
-0.42277999999999999 -0.42274 -0.42268 -0.42259000000000002 -0.42244999999999999 -0.42226000000000002 -0.42198999999999998 -0.42158000000000001 -0.42098000000000002 -0.42007 -0.41871000000000003 -0.41682999999999998 -0.41398000000000001 -0.41022999999999998 -0.40472999999999998 -0.39715 -0.3866 -0.37126999999999999 -0.35032000000000002 -0.32007000000000002 -0.28058 -0.22997000000000001 -0.17018 -0.10517 -0.032310999999999999 0.040550999999999997 0.12094000000000001 0.21124000000000001 0.31953999999999999 0.44489000000000001 0.58135000000000003 0.71802999999999995 0.84636999999999996 0.96172000000000002 1.0559000000000001 1.1354 1.1678999999999999 1.1332 1.0481
-0.42442999999999997 -0.42441000000000001 -0.42437000000000002 -0.42430000000000001 -0.42420000000000002 -0.42403999999999997 -0.42381000000000002 -0.42347000000000001 -0.42294999999999999 -0.42216999999999999 -0.42094999999999999 -0.41914000000000001 -0.41643000000000002 -0.41243999999999997 -0.40687000000000001 -0.39861000000000002 -0.38804 -0.37270999999999999 -0.35271000000000002 -0.32518999999999998 -0.28848000000000001 -0.24365000000000001 -0.18776999999999999 -0.12958 -0.062923999999999994 0.0060984000000000003 0.083711999999999995 0.17176 0.27128999999999998 0.39282 0.53425999999999996 0.66700000000000004 0.78771000000000002 0.89358000000000004 0.98382000000000003 1.0590999999999999 1.0701000000000001 1.0306999999999999 0.92920000000000003
-0.42591000000000001 -0.42588999999999999 -0.42586000000000002 -0.42581999999999998 -0.42574000000000001 -0.42562 -0.42542999999999997 -0.42514000000000002 -0.42470999999999998 -0.42403999999999997 -0.42301 -0.4214 -0.41894999999999999 -0.41508 -0.40967999999999999 -0.40144999999999997 -0.39040999999999998 -0.37509999999999999 -0.35454999999999998 -0.32847999999999999 -0.29293000000000002 -0.25213000000000002 -0.20169999999999999 -0.14699000000000001 -0.086432999999999996 -0.021663999999999999 0.053768000000000003 0.13933999999999999 0.23641999999999999 0.35932999999999998 0.49192000000000002 0.62166999999999994 0.73704999999999998 0.83609999999999995 0.92054999999999998 0.98395999999999995 0.98031000000000001 0.93574000000000002 0.82264000000000004
-0.42723 -0.42721999999999999 -0.42720999999999998 -0.42716999999999999 -0.42712 -0.42703000000000002 -0.42687999999999998 -0.42664000000000002 -0.42626999999999998 -0.42570000000000002 -0.42482999999999999 -0.42342000000000002 -0.42126999999999998 -0.41782999999999998 -0.41267999999999999 -0.40494999999999998 -0.39363999999999999 -0.37856000000000001 -0.35702 -0.33183000000000001 -0.29796 -0.25838 -0.21257000000000001 -0.16131000000000001 -0.10617 -0.045366999999999998 0.028230000000000002 0.11062 0.20465 0.32779000000000003 0.45417000000000002 0.58169000000000004 0.69147999999999998 0.78044000000000002 0.86295999999999995 0.91547000000000001 0.90312999999999999 0.84558999999999995 0.72643000000000002
-0.42845 -0.42843999999999999 -0.42842000000000002 -0.4284 -0.42836000000000002 -0.42829 -0.42817 -0.42798000000000003 -0.42766999999999999 -0.42718 -0.42642999999999998 -0.42521999999999999 -0.42332999999999998 -0.42031000000000002 -0.41554000000000002 -0.40844000000000003 -0.39733000000000002 -0.38268999999999997 -0.36153999999999997 -0.33582000000000001 -0.30323 -0.26396999999999998 -0.22233 -0.17432 -0.12408 -0.066067000000000001 0.0051351000000000001 0.083885000000000001 0.17760000000000001 0.29803000000000002 0.42005999999999999 0.54220999999999997 0.65144999999999997 0.72723000000000004 0.80991000000000002 0.85141 0.83289000000000002 0.76261000000000001 0.64331000000000005
-0.42997999999999997 -0.42997999999999997 -0.42997000000000002 -0.42995 -0.42992000000000002 -0.42986000000000002 -0.42975999999999998 -0.42959999999999998 -0.42935000000000001 -0.42892999999999998 -0.42826999999999998 -0.42721999999999999 -0.42553999999999997 -0.42288999999999999 -0.41854999999999998 -0.41206999999999999 -0.40178999999999998 -0.38744000000000001 -0.36719000000000002 -0.34079999999999999 -0.30935000000000001 -0.26989999999999997 -0.23219999999999999 -0.18792 -0.14072999999999999 -0.084780999999999995 -0.016475 0.058465000000000003 0.15176999999999999 0.26719999999999999 0.3871 0.50477000000000005 0.60826000000000002 0.67889999999999995 0.76085999999999998 0.78761000000000003 0.76695000000000002 0.68647999999999998 0.57332000000000005
-0.43141000000000002 -0.43140000000000001 -0.43139 -0.43137999999999999 -0.43135000000000001 -0.43131000000000003 -0.43123 -0.43108999999999997 -0.43087999999999999 -0.43052000000000001 -0.42993999999999999 -0.42902000000000001 -0.42752000000000001 -0.42516999999999999 -0.42127999999999999 -0.41533999999999999 -0.40600000000000003 -0.39207999999999998 -0.37289 -0.34612999999999999 -0.31585000000000002 -0.27782000000000001 -0.24199000000000001 -0.20072999999999999 -0.15648999999999999 -0.10229000000000001 -0.037465999999999999 0.034470000000000001 0.12747 0.23871000000000001 0.35677999999999999 0.47073999999999999 0.56627000000000005 0.63751999999999998 0.71084000000000003 0.72799000000000003 0.70426999999999995 0.61626000000000003 0.50885000000000002
-0.43273 -0.43273 -0.43271999999999999 -0.43270999999999998 -0.43269000000000002 -0.43264999999999998 -0.43258000000000002 -0.43247000000000002 -0.43228 -0.43197000000000002 -0.43146000000000001 -0.43064000000000002 -0.42929 -0.42719000000000001 -0.42371999999999999 -0.41825000000000001 -0.40972999999999998 -0.39644000000000001 -0.37830999999999998 -0.35191 -0.32247999999999999 -0.28687000000000001 -0.25191000000000002 -0.21314 -0.17074 -0.11847000000000001 -0.057840999999999997 0.011985000000000001 0.10481 0.21263000000000001 0.33017000000000002 0.44028 0.52632000000000001 0.59845999999999999 0.66373000000000004 0.67300000000000004 0.64590000000000003 0.55118 0.44933000000000001
-0.43397999999999998 -0.43397000000000002 -0.43397000000000002 -0.43396000000000001 -0.43393999999999999 -0.43390000000000001 -0.43385000000000001 -0.43375000000000002 -0.43358000000000002 -0.43330999999999997 -0.43285000000000001 -0.43212 -0.43092000000000003 -0.42899999999999999 -0.42587999999999998 -0.42082000000000003 -0.41300999999999999 -0.40044999999999997 -0.38333 -0.35852000000000001 -0.32902999999999999 -0.29594999999999999 -0.26167000000000001 -0.22525999999999999 -0.18448999999999999 -0.13446 -0.077248999999999998 -0.0089628999999999993 0.083780999999999994 0.18867 0.30525000000000002 0.41145999999999999 0.48959000000000003 0.56213999999999997 0.61967000000000005 0.62429000000000001 0.58845999999999998 0.49075999999999997 0.39404
-0.43586000000000003 -0.43585000000000002 -0.43585000000000002 -0.43584000000000001 -0.43581999999999999 -0.43579000000000001 -0.43574000000000002 -0.43565999999999999 -0.43551000000000001 -0.43526999999999999 -0.43486000000000002 -0.43419999999999997 -0.43310999999999999 -0.43134 -0.42851 -0.42381999999999997 -0.41663 -0.40500999999999998 -0.38858999999999999 -0.36532999999999999 -0.33601999999999999 -0.30542000000000002 -0.27152999999999999 -0.23734 -0.19799 -0.15014 -0.095847000000000002 -0.028268000000000001 0.063858999999999999 0.1663 0.28005999999999998 0.38457000000000002 0.45456999999999997 0.52622999999999998 0.57774999999999999 0.57830999999999999 0.53415000000000001 0.43417 0.34243000000000001
0.98999999999999999 0.01
-0.54559999999999997 -0.60751999999999995 -0.68091999999999997 -0.76837999999999995 -0.85477999999999998 -0.95126999999999995 -1.0519000000000001 -1.151 -1.2519 -1.3534999999999999 -1.4520999999999999 -1.5466 -1.6344000000000001 -1.7141 -1.7836000000000001 -1.8305 -1.8573 -1.865 -1.8468 -1.7992999999999999 -1.7376 -1.6657 -1.5710999999999999 -1.4715 -1.3694 -1.2589999999999999 -1.1419999999999999 -1.0248999999999999 -0.90498999999999996 -0.77366000000000001 -0.64258000000000004 -0.51085999999999998 -0.35960999999999999 -0.20879 -0.053696000000000001 0.12261 0.29749999999999999 0.48431000000000002 0.67756000000000005
-0.36956 -0.36720000000000003 -0.36447000000000002 -0.36431000000000002 -0.36703000000000002 -0.37295 -0.38668999999999998 -0.40644999999999998 -0.43075000000000002 -0.46936 -0.49963999999999997 -0.54318999999999995 -0.58270999999999995 -0.61184000000000005 -0.64012999999999998 -0.65839999999999999 -0.66515999999999997 -0.65652999999999995 -0.63436000000000003 -0.60353000000000001 -0.56101000000000001 -0.49775000000000003 -0.43141000000000002 -0.36354999999999998 -0.27643000000000001 -0.18554999999999999 -0.095549999999999996 0.00050091999999999997 0.10715 0.21249000000000001 0.31635000000000002 0.43456 0.55252999999999997 0.66937000000000002 0.79342999999999997 0.92301999999999995 1.0517000000000001 1.1834 1.3245
-0.38371 -0.37927 -0.37315999999999999 -0.36414999999999997 -0.35115000000000002 -0.33196999999999999 -0.30402000000000001 -0.26124000000000003 -0.20641999999999999 -0.13167000000000001 -0.036534999999999998 0.079338000000000006 0.21151 0.36101 0.50931999999999999 0.66422999999999999 0.79491000000000001 0.91956000000000004 1.026 1.1092 1.1926000000000001 1.2564 1.3140000000000001 1.3709 1.4262999999999999 1.4801 1.5325 1.5898000000000001 1.6536 1.7154 1.7765 1.8552999999999999 1.9319999999999999 2.0065 2.0928 2.1848999999999998 2.2749000000000001 2.3673000000000002 2.4735
-0.37279000000000001 -0.37057000000000001 -0.36738999999999999 -0.36246 -0.35489999999999999 -0.34284999999999999 -0.32403999999999999 -0.29503000000000001 -0.25135999999999997 -0.18931999999999999 -0.10360999999999999 0.0072922999999999998 0.14637 0.31196000000000002 0.50146000000000002 0.70914999999999995 0.92820000000000003 1.1500999999999999 1.3728 1.581 1.7754000000000001 1.9410000000000001 2.0996999999999999 2.2121 2.3226 2.4094000000000002 2.4794999999999998 2.5478999999999998 2.6063000000000001 2.6589999999999998 2.7099000000000002 2.7627999999999999 2.8172999999999999 2.8698000000000001 2.9243000000000001 2.9931999999999999 3.0598999999999998 3.1246 3.2101999999999999
-0.35721000000000003 -0.35060000000000002 -0.34519 -0.33826000000000001 -0.33001999999999998 -0.31936999999999999 -0.30562 -0.28473999999999999 -0.25367000000000001 -0.20788000000000001 -0.14396999999999999 -0.056764000000000002 0.053071 0.19156000000000001 0.35393000000000002 0.54161999999999999 0.75 0.97331000000000001 1.2105999999999999 1.4529000000000001 1.7001999999999999 1.9444999999999999 2.1821999999999999 2.4041999999999999 2.6095000000000002 2.7873999999999999 2.9413 3.0773000000000001 3.1789000000000001 3.278 3.3549000000000002 3.4220000000000002 3.4872000000000001 3.5474999999999999 3.6052 3.661 3.7246000000000001 3.7917000000000001 3.8569
-0.36781999999999998 -0.36113000000000001 -0.35238000000000003 -0.34164 -0.32878000000000002 -0.31328 -0.29383999999999999 -0.26906999999999998 -0.23552999999999999 -0.19178999999999999 -0.13266 -0.057299999999999997 0.035617000000000003 0.15128 0.29343000000000002 0.45585999999999999 0.64832000000000001 0.85826000000000002 1.0868 1.3274999999999999 1.5748 1.8306 2.0855000000000001 2.3412999999999999 2.5901999999999998 2.8292999999999999 3.0508999999999999 3.2534000000000001 3.4304999999999999 3.5808 3.7183000000000002 3.8195000000000001 3.9178999999999999 4.0007999999999999 4.0726000000000004 4.1421999999999999 4.2107000000000001 4.2777000000000003 4.343
-0.36276999999999998 -0.35700999999999999 -0.34495999999999999 -0.33504 -0.32206000000000001 -0.30556 -0.28449000000000002 -0.26027 -0.23013 -0.19244 -0.14168 -0.076141 0.0096369000000000003 0.11815000000000001 0.25158999999999998 0.41442000000000001 0.60155000000000003 0.81547999999999998 1.0448999999999999 1.2867 1.5371999999999999 1.7895000000000001 2.0499000000000001 2.3079999999999998 2.5741000000000001 2.8378999999999999 3.1021000000000001 3.3589000000000002 3.6072000000000002 3.8330000000000002 4.0476000000000001 4.2259000000000002 4.3936999999999999 4.5281000000000002 4.6471999999999998 4.7530000000000001 4.8308999999999997 4.9078999999999997 4.9873000000000003
-0.36558000000000002 -0.36144999999999999 -0.35449999999999998 -0.33976000000000001 -0.32242999999999999 -0.30134 -0.27329999999999999 -0.23785999999999999 -0.19489999999999999 -0.14435999999999999 -0.085549 -0.014874999999999999 0.069457000000000005 0.17510999999999999 0.30321999999999999 0.45801999999999998 0.64129000000000003 0.84745000000000004 1.0808 1.3253999999999999 1.5867 1.8525 2.1208999999999998 2.3908999999999998 2.6562999999999999 2.9279000000000002 3.1947000000000001 3.4639000000000002 3.7246999999999999 3.9767999999999999 4.2127999999999997 4.4372999999999996 4.6258999999999997 4.8026 4.9465000000000003 5.0776000000000003 5.1905000000000001 5.2847999999999997 5.3780000000000001
-0.35810999999999998 -0.35370000000000001 -0.34925 -0.34273999999999999 -0.32829999999999998 -0.30698999999999999 -0.28354000000000001 -0.24965999999999999 -0.20474999999999999 -0.14529 -0.072703000000000004 0.014559000000000001 0.11806999999999999 0.23974000000000001 0.38417000000000001 0.54945999999999995 0.7399 0.94884999999999997 1.1748000000000001 1.4173 1.6661999999999999 1.931 2.1960000000000002 2.4697 2.7429000000000001 3.0156999999999998 3.2886000000000002 3.5550000000000002 3.8176999999999999 4.0692000000000004 4.3102 4.5353000000000003 4.7422000000000004 4.9284999999999997 5.0952999999999999 5.2397 5.3592000000000004 5.4709000000000003 5.5574000000000003
-0.35969000000000001 -0.35526999999999997 -0.34989999999999999 -0.34155000000000002 -0.32588 -0.30947999999999998 -0.28720000000000001 -0.25585000000000002 -0.21273 -0.15539 -0.080570000000000003 0.010625000000000001 0.12386999999999999 0.25646999999999998 0.41443999999999998 0.59585999999999995 0.79754999999999998 1.0188999999999999 1.2501 1.4956 1.7445999999999999 2.0003000000000002 2.2616000000000001 2.5242 2.7934999999999999 3.0587 3.3252999999999999 3.5842999999999998 3.8355000000000001 4.0758999999999999 4.3064999999999998 4.5216000000000003 4.7297000000000002 4.9127000000000001 5.0910000000000002 5.2355 5.3795000000000002 5.4778000000000002 5.5740999999999996
-0.35558000000000001 -0.35120000000000001 -0.34592000000000001 -0.34017999999999998 -0.33193 -0.315 -0.29036000000000001 -0.26208999999999999 -0.22212999999999999 -0.16782 -0.094173999999999994 -0.00081643000000000004 0.11498999999999999 0.25451000000000001 0.41619 0.60487999999999997 0.81091999999999997 1.0367999999999999 1.2729999999999999 1.5179 1.7682 2.0186000000000002 2.2753000000000001 2.5295999999999998 2.7873000000000001 3.0423 3.2942 3.5398000000000001 3.7770000000000001 4.0000999999999998 4.2150999999999996 4.4217000000000004 4.6173000000000002 4.8028000000000004 4.9718999999999998 5.1276999999999999 5.2624000000000004 5.3802000000000003 5.4836999999999998
-0.35671999999999998 -0.35199000000000003 -0.34650999999999998 -0.33994999999999997 -0.33248 -0.3226 -0.30342999999999998 -0.27267999999999998 -0.23948 -0.19292999999999999 -0.13023000000000001 -0.044794 0.062951999999999994 0.19841 0.35852000000000001 0.54178999999999999 0.74678 0.96352000000000004 1.1979 1.4361999999999999 1.6822999999999999 1.9302999999999999 2.1791999999999998 2.4275000000000002 2.6718999999999999 2.9119999999999999 3.1450999999999998 3.3694000000000002 3.5830000000000002 3.7856000000000001 3.9779 4.1627000000000001 4.3422000000000001 4.5171000000000001 4.6852 4.8445 4.9882 5.1181999999999999 5.2234999999999996
-0.35274 -0.34837000000000001 -0.34338999999999997 -0.33723999999999998 -0.32993 -0.31941000000000003 -0.30049999999999999 -0.27877000000000002 -0.25018000000000001 -0.2094 -0.15351000000000001 -0.078335000000000002 0.019407000000000001 0.13911999999999999 0.28625 0.45341999999999999 0.64541000000000004 0.85455000000000003 1.0786 1.3152999999999999 1.5555000000000001 1.804 2.0503999999999998 2.2968000000000002 2.5386000000000002 2.7757999999999998 3.0030999999999999 3.222 3.4224000000000001 3.6107 3.7847 3.9517000000000002 4.1148999999999996 4.2786 4.4423000000000004 4.5964999999999998 4.7492999999999999 4.8707000000000003 4.9917999999999996
-0.34183000000000002 -0.33723999999999998 -0.33199000000000001 -0.32618000000000003 -0.31900000000000001 -0.30810999999999999 -0.29137999999999997 -0.27223999999999998 -0.24596999999999999 -0.21018000000000001 -0.1608 -0.095933000000000004 -0.0088380999999999998 0.099476999999999996 0.23299 0.39063999999999999 0.56771000000000005 0.76883999999999997 0.98114000000000001 1.2128000000000001 1.4508000000000001 1.6966000000000001 1.9442999999999999 2.1905000000000001 2.4327000000000001 2.6680000000000001 2.8932000000000002 3.1055000000000001 3.3016999999999999 3.4782999999999999 3.6396000000000002 3.7923 3.9398 4.0945 4.2472000000000003 4.3998999999999997 4.5407999999999999 4.6702000000000004 4.7824999999999998
-0.32701000000000002 -0.32288 -0.31762000000000001 -0.31148999999999999 -0.30429 -0.29587000000000002 -0.28353 -0.26201999999999998 -0.23660999999999999 -0.20352999999999999 -0.15726000000000001 -0.096129000000000006 -0.016986999999999999 0.083484000000000003 0.20313999999999999 0.35034999999999999 0.51549999999999996 0.70621 0.91313999999999995 1.1345000000000001 1.3708 1.6106 1.8607 2.1071 2.3512 2.5857999999999999 2.8102 3.0154999999999998 3.2061000000000002 3.3712 3.5225 3.6623000000000001 3.8018000000000001 3.9443000000000001 4.0903 4.2373000000000003 4.3705999999999996 4.5019999999999998 4.6063999999999998
-0.28732000000000002 -0.28455000000000003 -0.28094000000000002 -0.27654000000000001 -0.27039999999999997 -0.26273999999999997 -0.24951000000000001 -0.23005 -0.20762 -0.17710000000000001 -0.13549 -0.077498999999999998 -0.0042062999999999996 0.093594999999999998 0.20926 0.34847 0.50758999999999999 0.68367999999999995 0.88280000000000003 1.0906 1.3217000000000001 1.5566 1.8009999999999999 2.0455999999999999 2.2879999999999998 2.5211000000000001 2.7439 2.9439000000000002 3.125 3.2822 3.4230999999999998 3.552 3.6852999999999998 3.8170000000000002 3.9579 4.0952000000000002 4.2249999999999996 4.3456000000000001 4.4512
-0.24259 -0.23846999999999999 -0.23365 -0.22796 -0.22134999999999999 -0.21321999999999999 -0.20077 -0.18345 -0.16281999999999999 -0.13331999999999999 -0.095818 -0.041387 0.026442 0.11549 0.2253 0.35549999999999998 0.51193999999999995 0.68103000000000002 0.87488999999999995 1.0771999999999999 1.2961 1.5256000000000001 1.7609999999999999 2.0023 2.2397 2.4706000000000001 2.6876000000000002 2.8849999999999998 3.0567000000000002 3.2065000000000001 3.3372999999999999 3.4580000000000002 3.5834000000000001 3.7090000000000001 3.8418999999999999 3.9701 4.0949 4.2045000000000003 4.3071999999999999
-0.15814 -0.14330000000000001 -0.12831000000000001 -0.11251 -0.096123 -0.077701000000000006 -0.057104000000000002 -0.034315999999999999 -0.0080140999999999997 0.024729000000000001 0.065722000000000003 0.11423999999999999 0.17888999999999999 0.25118000000000001 0.34738999999999998 0.45619999999999999 0.58608000000000005 0.73758999999999997 0.90053000000000005 1.0926 1.2882 1.502 1.7181999999999999 1.9402999999999999 2.1631 2.3811 2.5819000000000001 2.7641 2.9157000000000002 3.0459000000000001 3.1577000000000002 3.266 3.3708 3.4855999999999998 3.5983000000000001 3.7061999999999999 3.8073000000000001 3.8973 3.9937999999999998
-0.19289999999999999 -0.17018 -0.14523 -0.11942 -0.090990000000000001 -0.059947 -0.025557 0.011871 0.054156999999999997 0.10049 0.15568000000000001 0.21754000000000001 0.29005999999999998 0.37418000000000001 0.46555999999999997 0.57479000000000002 0.68615000000000004 0.82074000000000003 0.96343000000000001 1.1255999999999999 1.3068 1.4951000000000001 1.7019 1.9049 2.1120000000000001 2.3092000000000001 2.4952000000000001 2.6558999999999999 2.7955000000000001 2.9081999999999999 3.0095999999999998 3.1080000000000001 3.2065999999999999 3.3094000000000001 3.4094000000000002 3.5078999999999998 3.6032000000000002 3.7040000000000002 3.8309000000000002
-0.32562999999999998 -0.30834 -0.28832000000000002 -0.26362999999999998 -0.23619000000000001 -0.2034 -0.16596 -0.12295 -0.073533000000000001 -0.01762 0.047459000000000001 0.12182 0.20746999999999999 0.30441000000000001 0.41259000000000001 0.52859 0.65756999999999999 0.79052 0.94038999999999995 1.0967 1.2645999999999999 1.4428000000000001 1.6209 1.8089 1.9886999999999999 2.1638000000000002 2.3218000000000001 2.4611999999999998 2.5773000000000001 2.6783000000000001 2.77 2.8578000000000001 2.9479000000000002 3.0373999999999999 3.1274999999999999 3.2324999999999999 3.3447 3.5028999999999999 3.6732999999999998
-0.38192999999999999 -0.37547000000000003 -0.36692000000000002 -0.35555999999999999 -0.33987000000000001 -0.32035000000000002 -0.29398000000000002 -0.2626 -0.22312000000000001 -0.17535000000000001 -0.11894 -0.051264999999999998 0.025923999999999999 0.1171 0.22212999999999999 0.34416000000000002 0.48338999999999999 0.63829000000000002 0.80269000000000001 0.97824999999999995 1.1553 1.3379000000000001 1.5186999999999999 1.6960999999999999 1.8681000000000001 2.0280999999999998 2.1716000000000002 2.2970000000000002 2.4030999999999998 2.4973000000000001 2.5844 2.6697000000000002 2.7536 2.8460000000000001 2.9485999999999999 3.0735999999999999 3.2261000000000002 3.3931 3.5794999999999999
-0.39334999999999998 -0.39113999999999999 -0.38779000000000002 -0.38338 -0.37685999999999997 -0.36756 -0.35460999999999998 -0.33589999999999998 -0.31102000000000002 -0.27579999999999999 -0.23104 -0.17308999999999999 -0.10113 -0.014695 0.089907000000000001 0.21074999999999999 0.35260000000000002 0.51329999999999998 0.69018000000000002 0.87719999999999998 1.0685 1.2565 1.4410000000000001 1.6148 1.7794000000000001 1.9277 2.0596000000000001 2.1713 2.2694999999999999 2.3584000000000001 2.4430000000000001 2.5270000000000001 2.6181000000000001 2.7158000000000002 2.8426 2.9786000000000001 3.1457000000000002 3.3206000000000002 3.5017
-0.39779999999999999 -0.39662999999999998 -0.39524999999999999 -0.39334999999999998 -0.39084999999999998 -0.38716 -0.38206000000000001 -0.375 -0.36485000000000001 -0.35075000000000001 -0.32977000000000001 -0.29970999999999998 -0.25594 -0.19284000000000001 -0.10508000000000001 0.014385 0.16469 0.34560999999999997 0.54544999999999999 0.75444999999999995 0.9627 1.159 1.3435999999999999 1.5081 1.6567000000000001 1.7873000000000001 1.9005000000000001 1.9990000000000001 2.0876000000000001 2.1707000000000001 2.2587999999999999 2.3512 2.4582999999999999 2.5808 2.7115 2.8681000000000001 3.0293000000000001 3.2014999999999998 3.3713000000000002
-0.3997 -0.39893000000000001 -0.39785999999999999 -0.39639999999999997 -0.39413999999999999 -0.39133000000000001 -0.38744000000000001 -0.38246999999999998 -0.37574000000000002 -0.36642000000000002 -0.35333999999999999 -0.33409 -0.30675000000000002 -0.26673000000000002 -0.2082 -0.12328 -0.0020842 0.16067000000000001 0.36414999999999997 0.58950000000000002 0.82177 1.0394000000000001 1.2343 1.4068000000000001 1.5518000000000001 1.6813 1.7895000000000001 1.8874 1.9767999999999999 2.0686 2.1602999999999999 2.2675000000000001 2.3767999999999998 2.5034000000000001 2.6383000000000001 2.7824 2.9430999999999998 3.1059999999999999 3.2665999999999999
-0.39889999999999998 -0.39850000000000002 -0.39773999999999998 -0.39672000000000002 -0.39511000000000002 -0.39285999999999999 -0.38980999999999999 -0.38535999999999998 -0.37953999999999999 -0.37129000000000001 -0.36026999999999998 -0.34511999999999998 -0.32385000000000003 -0.29326000000000002 -0.24829999999999999 -0.18237999999999999 -0.087829000000000004 0.045318999999999998 0.22012999999999999 0.43480999999999997 0.66574 0.90334000000000003 1.109 1.2959000000000001 1.4494 1.5817000000000001 1.6979 1.8010999999999999 1.8983000000000001 1.9988999999999999 2.1006 2.2078000000000002 2.3237999999999999 2.4409999999999998 2.5775999999999999 2.7170000000000001 2.8708 3.0293999999999999 3.1753
-0.39848 -0.39790999999999999 -0.39717999999999998 -0.39616000000000001 -0.39489999999999997 -0.39295000000000002 -0.39045999999999997 -0.38684000000000002 -0.38191000000000003 -0.37503999999999998 -0.36532999999999999 -0.35182000000000002 -0.33235999999999999 -0.30503000000000002 -0.26606999999999997 -0.20993000000000001 -0.12914999999999999 -0.015630000000000002 0.13822000000000001 0.33055000000000001 0.55145999999999995 0.77990999999999999 1.0007999999999999 1.1909000000000001 1.3626 1.4983 1.6234 1.7344999999999999 1.843 1.9490000000000001 2.0581999999999998 2.1642999999999999 2.2801999999999998 2.3976000000000002 2.5221 2.6631 2.8102999999999998 2.9605000000000001 3.0943000000000001
-0.3972 -0.39627000000000001 -0.39540999999999998 -0.39423999999999998 -0.39298 -0.39123999999999998 -0.38894000000000001 -0.38588 -0.38139000000000001 -0.37524000000000002 -0.36620000000000003 -0.35376000000000002 -0.33609 -0.31089 -0.27485999999999999 -0.22367000000000001 -0.15064 -0.049460999999999998 0.088328000000000004 0.26301000000000002 0.47127000000000002 0.69138999999999995 0.91535999999999995 1.1088 1.2855000000000001 1.4339 1.5664 1.6866000000000001 1.8032999999999999 1.9147000000000001 2.0253999999999999 2.1331000000000002 2.2402000000000002 2.3559999999999999 2.4722 2.6116000000000001 2.754 2.8936999999999999 3.016
-0.39667999999999998 -0.39517999999999998 -0.39362999999999998 -0.39185999999999999 -0.38985999999999998 -0.38771 -0.38495000000000001 -0.38192999999999999 -0.37768000000000002 -0.37213000000000002 -0.36418 -0.35265999999999997 -0.33624999999999999 -0.31257000000000001 -0.27881 -0.23066999999999999 -0.16224 -0.067580000000000001 0.059461 0.22278999999999999 0.41757 0.63109000000000004 0.84645999999999999 1.0485 1.2266999999999999 1.3875 1.5254000000000001 1.6544000000000001 1.7749999999999999 1.8893 1.9974000000000001 2.1019000000000001 2.2000000000000002 2.3121999999999998 2.4289999999999998 2.5594000000000001 2.6989999999999998 2.8315999999999999 2.9449999999999998
-0.39765 -0.39571000000000001 -0.39338000000000001 -0.39090999999999998 -0.38786999999999999 -0.38485999999999998 -0.38116 -0.37708000000000003 -0.37223000000000001 -0.36614999999999998 -0.35854999999999998 -0.34784999999999999 -0.33316000000000001 -0.31163999999999997 -0.28038000000000002 -0.23515 -0.17077000000000001 -0.080009999999999998 0.041045999999999999 0.19722999999999999 0.38258999999999999 0.58974000000000004 0.79849000000000003 1.0044999999999999 1.1842999999999999 1.3521000000000001 1.4964 1.6312 1.7551000000000001 1.867 1.9677 2.0661999999999998 2.1623000000000001 2.2656999999999998 2.3835000000000002 2.5101 2.6459000000000001 2.7738 2.8776999999999999
-0.40171000000000001 -0.40050999999999998 -0.39872999999999997 -0.3962 -0.39273000000000002 -0.38788 -0.38208999999999999 -0.37434000000000001 -0.36597000000000002 -0.35589999999999999 -0.34428999999999998 -0.33067999999999997 -0.31347000000000003 -0.29215000000000002 -0.26305000000000001 -0.22298999999999999 -0.16658999999999999 -0.087461999999999998 0.021027000000000001 0.16189999999999999 0.33524999999999999 0.53030999999999995 0.73297999999999996 0.93244000000000005 1.1220000000000001 1.2915000000000001 1.4464999999999999 1.5806 1.6968000000000001 1.7911999999999999 1.8779999999999999 1.9589000000000001 2.0518999999999998 2.1497999999999999 2.2662 2.3946000000000001 2.5232000000000001 2.6404999999999998 2.7265000000000001
-0.40344999999999998 -0.40298 -0.40222999999999998 -0.40104000000000001 -0.39928000000000002 -0.39660000000000001 -0.39267000000000002 -0.38695000000000002 -0.37834000000000001 -0.36719000000000002 -0.35137000000000002 -0.33278000000000002 -0.30954999999999999 -0.28179999999999999 -0.24809 -0.20529 -0.15031 -0.077542 0.020541 0.14807999999999999 0.30823 0.49299999999999999 0.69291000000000003 0.88844000000000001 1.0747 1.2383999999999999 1.3823000000000001 1.5045999999999999 1.6012 1.6840999999999999 1.764 1.8452 1.9354 2.0430999999999999 2.1608999999999998 2.2902999999999998 2.4178000000000002 2.5255999999999998 2.6004
-0.40404000000000001 -0.40376000000000001 -0.40336 -0.40281 -0.40194000000000002 -0.40051999999999999 -0.39834000000000003 -0.39510000000000001 -0.39002999999999999 -0.38233 -0.37067 -0.35302 -0.32908999999999999 -0.29505999999999999 -0.25418000000000002 -0.20200000000000001 -0.13872999999999999 -0.060211000000000001 0.037941999999999997 0.16167000000000001 0.31135000000000002 0.48548000000000002 0.67071000000000003 0.85497999999999996 1.0234000000000001 1.1744000000000001 1.2983 1.4036 1.4883 1.5682 1.6467000000000001 1.7354000000000001 1.8299000000000001 1.9441999999999999 2.0701999999999998 2.2008000000000001 2.3248000000000002 2.4234 2.4878999999999998
-0.40447 -0.40425 -0.40394000000000002 -0.40350999999999998 -0.40289999999999998 -0.40203 -0.40068999999999999 -0.39867000000000002 -0.39552999999999999 -0.39052999999999999 -0.38286999999999999 -0.37056 -0.35177999999999998 -0.32314999999999999 -0.28116999999999998 -0.22505 -0.15082999999999999 -0.063825999999999994 0.042935000000000001 0.16863 0.31502999999999998 0.47898000000000002 0.64870000000000005 0.81516 0.96348999999999996 1.0945 1.2034 1.2952999999999999 1.375 1.4568000000000001 1.5387 1.6344000000000001 1.7395 1.8552 1.9905999999999999 2.1244999999999998 2.2450000000000001 2.3348 2.3891
-0.40506999999999999 -0.40489000000000003 -0.40461999999999998 -0.40425 -0.40372999999999998 -0.40301999999999999 -0.40201999999999999 -0.40051999999999999 -0.39831 -0.39484999999999998 -0.38938 -0.38072 -0.36686999999999997 -0.34514 -0.31008000000000002 -0.25900000000000001 -0.18484999999999999 -0.090414999999999995 0.02418 0.15654000000000001 0.30218 0.45899000000000001 0.61387000000000003 0.76163000000000003 0.89441000000000004 1.0096000000000001 1.1096999999999999 1.1938 1.2716000000000001 1.3560000000000001 1.4450000000000001 1.5439000000000001 1.6583000000000001 1.7829999999999999 1.9214 2.0558000000000001 2.1697000000000002 2.2555000000000001 2.3010000000000002
-0.40555000000000002 -0.40542 -0.40521000000000001 -0.40490999999999999 -0.40447 -0.40383999999999998 -0.40295999999999998 -0.4017 -0.39989999999999998 -0.39717000000000002 -0.39293 -0.38627 -0.37552999999999997 -0.35852000000000001 -0.33095000000000002 -0.28736 -0.22205 -0.12873999999999999 -0.013946 0.12525 0.26917999999999997 0.42059000000000002 0.56455 0.69896000000000003 0.82179999999999997 0.92712000000000006 1.0222 1.1021000000000001 1.1819999999999999 1.2661 1.3622000000000001 1.4654 1.5867 1.72 1.8603000000000001 1.9927999999999999 2.1021000000000001 2.1816 2.2240000000000002
-0.40597 -0.40586 -0.40570000000000001 -0.40544999999999998 -0.40509000000000001 -0.40455999999999998 -0.40378999999999998 -0.40268999999999999 -0.40109 -0.39873999999999998 -0.39516000000000001 -0.38966000000000001 -0.38084000000000001 -0.36675999999999997 -0.34420000000000001 -0.30768000000000001 -0.25158000000000003 -0.16646 -0.057024999999999999 0.079226000000000005 0.22441 0.37014999999999998 0.50783 0.63295000000000001 0.74858999999999998 0.84972000000000003 0.94135000000000002 1.0210999999999999 1.1032999999999999 1.1862999999999999 1.2890999999999999 1.4001999999999999 1.5265 1.6655 1.8059000000000001 1.9362999999999999 2.0413000000000001 2.1143000000000001 2.1556000000000002
-0.40633000000000002 -0.40623999999999999 -0.40610000000000002 -0.40588999999999997 -0.40558 -0.40512999999999999 -0.40447 -0.40351999999999999 -0.40211000000000002 -0.40004000000000001 -0.39688000000000001 -0.39207999999999998 -0.38455 -0.37247000000000002 -0.35315999999999997 -0.32186999999999999 -0.27339999999999998 -0.19950999999999999 -0.096936999999999995 0.031447000000000003 0.17745 0.31590000000000001 0.45012000000000002 0.56842999999999999 0.67893000000000003 0.77912999999999999 0.86860000000000004 0.94952999999999999 1.0331999999999999 1.1191 1.2245999999999999 1.3427 1.4725999999999999 1.6152 1.7565 1.8858999999999999 1.9859 2.0524 2.0952000000000002
-0.40697 -0.40690999999999999 -0.40681 -0.40666000000000002 -0.40643000000000001 -0.40609000000000001 -0.40559000000000001 -0.40484999999999999 -0.40372999999999998 -0.40204000000000001 -0.39948 -0.39552999999999999 -0.38951999999999998 -0.37997999999999998 -0.36498000000000003 -0.34097 -0.30295 -0.24534 -0.16005 -0.051544 0.080550999999999998 0.21074999999999999 0.33817000000000003 0.45301999999999998 0.55786000000000002 0.65688999999999997 0.74431000000000003 0.82877999999999996 0.91159999999999997 1.0076000000000001 1.1156999999999999 1.2450000000000001 1.3832 1.5286999999999999 1.6692 1.7901 1.8848 1.9439 1.9831000000000001
-0.40749000000000002 -0.40744999999999998 -0.40737000000000001 -0.40726000000000001 -0.40706999999999999 -0.40677999999999997 -0.40634999999999999 -0.40572000000000003 -0.40479999999999999 -0.40339999999999998 -0.40129999999999999 -0.39806000000000002 -0.39306999999999997 -0.38524999999999998 -0.37275999999999998 -0.35315000000000002 -0.32175999999999999 -0.27460000000000001 -0.2049 -0.11121 0.0014036999999999999 0.12554999999999999 0.24293999999999999 0.35832000000000003 0.45757999999999999 0.55291000000000001 0.64117999999999997 0.72728000000000004 0.81223999999999996 0.91773000000000005 1.0325 1.1635 1.3077000000000001 1.4542999999999999 1.5929 1.7084999999999999 1.7961 1.8556999999999999 1.8765000000000001
-0.40793000000000001 -0.40789999999999998 -0.40783999999999998 -0.40775 -0.40761999999999998 -0.40739999999999998 -0.40705999999999998 -0.40653 -0.40575 -0.40455000000000002 -0.40276000000000001 -0.40001999999999999 -0.39573999999999998 -0.38911000000000001 -0.37846999999999997 -0.36194999999999999 -0.33577000000000001 -0.29570000000000002 -0.23724000000000001 -0.15554000000000001 -0.057612999999999998 0.057078999999999998 0.16607 0.27453 0.37302000000000002 0.46539999999999998 0.55359000000000003 0.64115999999999995 0.73287000000000002 0.84033000000000002 0.96113999999999999 1.0945 1.2428999999999999 1.3902000000000001 1.5266999999999999 1.6373 1.7181999999999999 1.7754000000000001 1.7814000000000001
-0.40828999999999999 -0.40826000000000001 -0.40821000000000002 -0.40814 -0.40803 -0.40784999999999999 -0.40758 -0.40715000000000001 -0.40649999999999997 -0.40548000000000001 -0.40390999999999999 -0.40154000000000001 -0.39781 -0.39208999999999999 -0.38297999999999999 -0.36862 -0.34625 -0.31152000000000002 -0.26140000000000002 -0.19039 -0.10329000000000001 -0.0016276999999999999 0.10338 0.20460999999999999 0.30227999999999999 0.39105000000000001 0.47899999999999998 0.56794 0.66540999999999995 0.77342999999999995 0.90003999999999995 1.0379 1.1859999999999999 1.3331 1.4641 1.5719000000000001 1.6476 1.702 1.6881999999999999
-0.40904000000000001 -0.40899000000000002 -0.40893000000000002 -0.40884999999999999 -0.40873999999999999 -0.40856999999999999 -0.40833999999999998 -0.40799999999999997 -0.40744999999999998 -0.40659000000000001 -0.40522000000000002 -0.40312999999999999 -0.39985999999999999 -0.39477000000000001 -0.38682 -0.37414999999999998 -0.35472999999999999 -0.32445000000000002 -0.28060000000000002 -0.21898999999999999 -0.13972000000000001 -0.048537999999999998 0.052098999999999999 0.14627000000000001 0.24093000000000001 0.32757999999999998 0.41528999999999999 0.50505 0.60643000000000002 0.71718000000000004 0.84684000000000004 0.98765999999999998 1.1359999999999999 1.2818000000000001 1.4088000000000001 1.5116000000000001 1.5858000000000001 1.6315 1.6011
-0.40972999999999998 -0.40966999999999998 -0.40960000000000002 -0.40949999999999998 -0.40934999999999999 -0.40916000000000002 -0.40893000000000002 -0.40862999999999999 -0.40815000000000001 -0.40738999999999997 -0.40619 -0.40433000000000002 -0.40144000000000002 -0.39689000000000002 -0.38985999999999998 -0.37858999999999998 -0.36141000000000001 -0.33488000000000001 -0.29576999999999998 -0.24146999999999999 -0.16907 -0.086457000000000006 0.0078419000000000006 0.097494999999999998 0.18783 0.27363999999999999 0.36088999999999999 0.45129000000000002 0.55274000000000001 0.66664999999999996 0.80018 0.94362999999999997 1.0923 1.2358 1.359 1.4563999999999999 1.5297000000000001 1.5638000000000001 1.5226999999999999
-0.41038000000000002 -0.41032000000000002 -0.41022999999999998 -0.41010999999999997 -0.40993000000000002 -0.40970000000000001 -0.40943000000000002 -0.40914 -0.40866999999999998 -0.40795999999999999 -0.40686 -0.40516000000000002 -0.40255999999999997 -0.39842 -0.39211000000000001 -0.38207999999999998 -0.36659999999999998 -0.34305999999999998 -0.30785000000000001 -0.25934000000000001 -0.19331000000000001 -0.11734 -0.030561999999999999 0.056715000000000002 0.14279 0.22808 0.31446000000000002 0.40608 0.50761999999999996 0.62578 0.76063999999999998 0.90595000000000003 1.0532999999999999 1.1937 1.3137000000000001 1.4056999999999999 1.4775 1.5007999999999999 1.452
-0.41099999999999998 -0.41093000000000002 -0.41083999999999998 -0.41071999999999997 -0.41049999999999998 -0.41026000000000001 -0.40994000000000003 -0.40960000000000002 -0.40909000000000001 -0.40833999999999998 -0.40726000000000001 -0.40561000000000003 -0.40322000000000002 -0.39944000000000002 -0.39365 -0.38461000000000001 -0.37052000000000002 -0.34936 -0.31733 -0.27350000000000002 -0.21398 -0.14251 -0.062331999999999999 0.022377000000000001 0.1045 0.18933 0.27478000000000002 0.36713000000000001 0.46837000000000001 0.59026000000000001 0.72648000000000001 0.87309000000000003 1.0170999999999999 1.1526000000000001 1.2715000000000001 1.3585 1.4283999999999999 1.4398 1.3856999999999999
-0.41211999999999999 -0.41205999999999998 -0.41197 -0.41184999999999999 -0.41166999999999998 -0.41141 -0.41106999999999999 -0.41061999999999999 -0.41000999999999999 -0.40910999999999997 -0.40797 -0.40626000000000001 -0.40389999999999998 -0.40044000000000002 -0.39521000000000001 -0.38746999999999998 -0.37537999999999999 -0.35759000000000002 -0.33105000000000001 -0.29338999999999998 -0.24351 -0.17957000000000001 -0.10981 -0.031264 0.045595999999999998 0.12711 0.21159 0.30375999999999997 0.40553 0.53220000000000001 0.67005999999999999 0.81355999999999995 0.95199 1.0797000000000001 1.1902999999999999 1.2756000000000001 1.3348 1.3229 1.2627999999999999
-0.41313 -0.41308 -0.41299999999999998 -0.41288999999999998 -0.41272999999999999 -0.41250999999999999 -0.41220000000000001 -0.41172999999999998 -0.41108 -0.41012999999999999 -0.40881000000000001 -0.40698000000000001 -0.40433000000000002 -0.40082000000000001 -0.39554 -0.38829999999999998 -0.37744 -0.36148000000000002 -0.33846999999999999 -0.30506 -0.26173999999999997 -0.20510999999999999 -0.14163000000000001 -0.070886000000000005 0.0039490999999999997 0.081367999999999996 0.16411000000000001 0.25455 0.35974 0.48646 0.62416000000000005 0.76380999999999999 0.89544000000000001 1.0168999999999999 1.1189 1.2019 1.2470000000000001 1.2211000000000001 1.1496
-0.41403000000000001 -0.41399000000000002 -0.41393000000000002 -0.41383999999999999 -0.41370000000000001 -0.41350999999999999 -0.41324 -0.41282999999999997 -0.41221999999999998 -0.41132000000000002 -0.40995999999999999 -0.40809000000000001 -0.40527000000000002 -0.40151999999999999 -0.39607999999999999 -0.38851999999999998 -0.37806000000000001 -0.36276999999999998 -0.34195999999999999 -0.31191999999999998 -0.27255000000000001 -0.22239 -0.16283 -0.098543000000000006 -0.026061999999999998 0.045907999999999997 0.12575 0.21537000000000001 0.32366 0.44855 0.58457000000000003 0.72028000000000003 0.84665000000000001 0.96094000000000002 1.0548999999999999 1.1355999999999999 1.1671 1.1313 1.0437000000000001
-0.41567999999999999 -0.41565999999999997 -0.41561999999999999 -0.41554999999999997 -0.41544999999999999 -0.41528999999999999 -0.41505999999999998 -0.41471000000000002 -0.41419 -0.41342000000000001 -0.41220000000000001 -0.41039999999999999 -0.40770000000000001 -0.40371000000000001 -0.3982 -0.38995000000000002 -0.37947999999999998 -0.36430000000000001 -0.34436 -0.31707000000000002 -0.28049000000000002 -0.23608000000000001 -0.18059 -0.12293999999999999 -0.056993000000000002 0.011551000000000001 0.088661000000000004 0.17602000000000001 0.27468999999999999 0.39659 0.5373 0.66901999999999995 0.78791 0.89254 0.98334999999999995 1.0589 1.0685 1.0281 0.92456000000000005
-0.41715000000000002 -0.41714000000000001 -0.41710999999999998 -0.41705999999999999 -0.41699000000000003 -0.41687000000000002 -0.41667999999999999 -0.41638999999999998 -0.41594999999999999 -0.41528999999999999 -0.41427000000000003 -0.41265000000000002 -0.41021000000000002 -0.40634999999999999 -0.40098 -0.39282 -0.38180999999999998 -0.36667 -0.34617999999999999 -0.32038 -0.28509000000000001 -0.24459 -0.19477 -0.14036000000000001 -0.080491999999999994 -0.016202000000000001 0.058797000000000002 0.14369000000000001 0.23993999999999999 0.3634 0.49518000000000001 0.624 0.73748000000000002 0.83535999999999999 0.92059000000000002 0.98387999999999998 0.97894000000000003 0.93289 0.81788000000000005
-0.41848000000000002 -0.41847000000000001 -0.41844999999999999 -0.41842000000000001 -0.41836000000000001 -0.41826999999999998 -0.41811999999999999 -0.41788999999999998 -0.41752 -0.41694999999999999 -0.41608000000000001 -0.41467999999999999 -0.41253000000000001 -0.40910000000000002 -0.40395999999999999 -0.39628999999999998 -0.38500000000000001 -0.37007000000000001 -0.34860000000000002 -0.32369999999999999 -0.29022999999999999 -0.25083 -0.20566999999999999 -0.15470999999999999 -0.10020999999999999 -0.039711000000000003 0.033354000000000002 0.11502999999999999 0.20880000000000001 0.33213999999999999 0.45767999999999998 0.58431999999999995 0.69211999999999996 0.77971000000000001 0.86345000000000005 0.91549999999999998 0.90208999999999995 0.84182000000000001 0.72155000000000002
-0.41969000000000001 -0.41969000000000001 -0.41966999999999999 -0.41965000000000002 -0.41960999999999998 -0.41953000000000001 -0.41942000000000002 -0.41921999999999998 -0.41892000000000001 -0.41843000000000002 -0.41768 -0.41647000000000001 -0.41458 -0.41158 -0.40682000000000001 -0.39976 -0.38866000000000001 -0.37414999999999998 -0.35325000000000001 -0.32762999999999998 -0.29546 -0.25639000000000001 -0.21543999999999999 -0.16794000000000001 -0.11811000000000001 -0.060338000000000003 0.010369 0.088357000000000005 0.18199000000000001 0.30237000000000003 0.42381999999999997 0.54415000000000002 0.65181 0.72633999999999999 0.81076000000000004 0.85053999999999996 0.83153999999999995 0.75876999999999994 0.63997999999999999
-0.42122999999999999 -0.42121999999999998 -0.42120999999999997 -0.42119000000000001 -0.42115999999999998 -0.42110999999999998 -0.42101 -0.42085 -0.42059000000000002 -0.42018 -0.41952 -0.41848000000000002 -0.4168 -0.41415000000000002 -0.40982000000000002 -0.40337000000000001 -0.39317000000000002 -0.37885000000000002 -0.35882999999999998 -0.33252999999999999 -0.30152000000000001 -0.26224999999999998 -0.22528000000000001 -0.18151 -0.13471 -0.078981999999999997 -0.011140000000000001 0.063006999999999994 0.15637000000000001 0.27134000000000003 0.39065 0.50690999999999997 0.60824 0.67905000000000004 0.76153999999999999 0.78681999999999996 0.76514000000000004 0.68257999999999996 0.56996000000000002
-0.42265000000000003 -0.42265000000000003 -0.42264000000000002 -0.42263000000000001 -0.42259999999999998 -0.42254999999999998 -0.42248000000000002 -0.42233999999999999 -0.42212 -0.42176999999999998 -0.42119000000000001 -0.42026999999999998 -0.41877999999999999 -0.41643000000000002 -0.41255999999999998 -0.40662999999999999 -0.39734999999999998 -0.38346000000000002 -0.36445 -0.33778000000000002 -0.30792999999999998 -0.27057999999999999 -0.23501 -0.19427 -0.15040999999999999 -0.096423999999999996 -0.032263 0.039092000000000002 0.13227 0.24302000000000001 0.36053000000000002 0.47309000000000001 0.56632000000000005 0.63800000000000001 0.71135000000000004 0.72719 0.70235999999999998 0.61231000000000002 0.50556000000000001
-0.42398000000000002 -0.42398000000000002 -0.42397000000000001 -0.42396 -0.42392999999999997 -0.4239 -0.42382999999999998 -0.42371999999999999 -0.42353000000000002 -0.42321999999999999 -0.42270999999999997 -0.42188999999999999 -0.42054999999999998 -0.41844999999999999 -0.41499999999999998 -0.40953000000000001 -0.40106000000000003 -0.38779000000000002 -0.36981999999999998 -0.34376000000000001 -0.31447000000000003 -0.27955000000000002 -0.24484 -0.20660000000000001 -0.16455 -0.11255999999999999 -0.052595000000000003 0.016691000000000001 0.10982 0.21712000000000001 0.3342 0.44281999999999999 0.52644000000000002 0.59918000000000005 0.66432999999999998 0.67288000000000003 0.64346999999999999 0.54727000000000003 0.44605
-0.42521999999999999 -0.42521999999999999 -0.42520999999999998 -0.42520000000000002 -0.42518 -0.42514999999999997 -0.42509000000000002 -0.42499999999999999 -0.42482999999999999 -0.42455999999999999 -0.42409999999999998 -0.42337000000000002 -0.42218 -0.42026000000000002 -0.41715000000000002 -0.41210000000000002 -0.40433000000000002 -0.39179000000000003 -0.37480000000000002 -0.35028999999999999 -0.32092999999999999 -0.28854999999999997 -0.25451000000000001 -0.21862999999999999 -0.17815 -0.12836 -0.071795999999999999 -0.0040588999999999998 0.088963 0.19333 0.30948999999999999 0.41416999999999998 0.48984 0.56306999999999996 0.62031000000000003 0.62407000000000001 0.58560000000000001 0.48676000000000003 0.39065
-0.42709999999999998 -0.42709999999999998 -0.42709999999999998 -0.42709000000000003 -0.42707000000000001 -0.42703999999999998 -0.42698999999999998 -0.42691000000000001 -0.42675999999999997 -0.42652000000000001 -0.42610999999999999 -0.42544999999999999 -0.42436000000000001 -0.42259999999999998 -0.41977999999999999 -0.41510000000000002 -0.40794000000000002 -0.39640999999999998 -0.38002000000000002 -0.35703000000000001 -0.32784000000000002 -0.29792000000000002 -0.26424999999999998 -0.23061999999999999 -0.19158 -0.14398 -0.090360999999999997 -0.023137000000000001 0.069213999999999998 0.17111999999999999 0.28341 0.38746000000000003 0.45494000000000001 0.52727999999999997 0.57854000000000005 0.57796999999999998 0.53122999999999998 0.43053000000000002 0.33894000000000002
