    8   85   19   FERGUSON ET AL 2005 (GS98) LOG KAPPA, Z=0.020
  -8.0000  -7.5000  -7.0000  -6.5000  -6.0000  -5.5000  -5.0000  -4.5000  -4.0000  -3.5000  -3.0000  -2.5000  -2.0000  -1.5000  -1.0000  -0.5000   0.0000   0.5000   1.0000
   2.7000   2.7500   2.8000   2.8500   2.9000   2.9100   2.9200   2.9300   2.9400   2.9500   2.9600   2.9700   2.9800   2.9900   3.0000   3.0100   3.0200   3.0300   3.0400   3.0500   3.0600   3.0700   3.0800   3.0900   3.1000   3.1100   3.1200   3.1300   3.1400   3.1500   3.1600   3.1700   3.1800   3.1900   3.2000   3.2100   3.2200   3.2300   3.2400   3.2500   3.2600   3.2700   3.2800   3.2900   3.3000   3.3100   3.3200   3.3300   3.3400   3.3500   3.3600   3.3700   3.3800   3.3900   3.4000   3.4100   3.4200   3.4300   3.4400   3.4500   3.4600   3.4700   3.4800   3.4900   3.5000   3.5500   3.6000   3.6500   3.7000   3.7500   3.8000   3.8500   3.9000   3.9500   4.0000   4.0500   4.1000   4.1500   4.2000   4.2500   4.3000   4.3500   4.4000   4.4500   4.5000
   0.0000   0.0200
  -0.259  -0.259  -0.259  -0.259  -0.259  -0.269  -0.267  -0.267  -0.267  -0.546  -0.267  -0.269  -0.264  -0.558  -0.538  -0.562  -0.566  -0.312  -0.271
  -0.277  -0.276  -0.275  -0.275  -0.275  -0.275  -0.275  -0.275  -0.275  -0.586  -0.275  -0.276  -0.603  -0.581  -0.604  -0.503  -0.596  -0.317  -0.317
  -0.375  -0.352  -0.328  -0.336  -0.318  -0.309  -0.305  -0.304  -0.304  -0.303  -0.303  -0.303  -0.632  -0.606  -0.633  -0.638  -0.303  -0.303  -0.640
  -0.512  -0.506  -0.512  -0.450  -0.429  -0.444  -0.407  -0.356  -0.622  -0.298  -0.284  -0.636  -0.639  -0.635  -0.644  -0.625  -0.273  -0.273  -0.651
  -0.597  -0.595  -0.596  -0.596  -0.596  -0.617  -0.623  -0.596  -0.609  -0.454  -0.418  -0.630  -0.603  -0.632  -0.461  -0.244  -0.235  -0.640  -0.227
  -0.599  -0.594  -0.593  -0.592  -0.593  -0.593  -0.614  -0.594  -0.605  -0.481  -0.445  -0.627  -0.600  -0.629  -0.450  -0.250  -0.233  -0.637  -0.220
  -0.612  -0.597  -0.591  -0.589  -0.589  -0.589  -0.589  -0.611  -0.600  -0.591  -0.475  -0.624  -0.595  -0.625  -0.438  -0.265  -0.238  -0.634  -0.212
  -0.629  -0.610  -0.594  -0.587  -0.585  -0.585  -0.585  -0.585  -0.608  -0.614  -0.498  -0.620  -0.590  -0.621  -0.626  -0.286  -0.250  -0.629  -0.208
  -0.649  -0.626  -0.607  -0.591  -0.582  -0.581  -0.580  -0.580  -0.588  -0.606  -0.584  -0.615  -0.585  -0.616  -0.621  -0.314  -0.270  -0.625  -0.210
  -0.679  -0.643  -0.621  -0.602  -0.586  -0.579  -0.576  -0.592  -0.575  -0.577  -0.602  -0.604  -0.579  -0.610  -0.615  -0.346  -0.295  -0.619  -0.218
  -0.716  -0.674  -0.640  -0.615  -0.596  -0.581  -0.573  -0.584  -0.569  -0.569  -0.587  -0.599  -0.572  -0.604  -0.609  -0.381  -0.326  -0.613  -0.233
  -0.750  -0.708  -0.666  -0.630  -0.618  -0.591  -0.574  -0.576  -0.564  -0.563  -0.563  -0.586  -0.565  -0.598  -0.602  -0.413  -0.360  -0.606  -0.254
  -0.745  -0.744  -0.698  -0.654  -0.624  -0.600  -0.583  -0.568  -0.560  -0.557  -0.556  -0.556  -0.582  -0.591  -0.566  -0.436  -0.393  -0.599  -0.281
  -0.741  -0.739  -0.740  -0.687  -0.644  -0.614  -0.592  -0.575  -0.560  -0.552  -0.550  -0.549  -0.558  -0.579  -0.585  -0.561  -0.421  -0.591  -0.311
  -0.739  -0.734  -0.733  -0.714  -0.674  -0.625  -0.604  -0.582  -0.566  -0.551  -0.545  -0.542  -0.541  -0.564  -0.574  -0.579  -0.443  -0.399  -0.344
  -0.745  -0.733  -0.728  -0.726  -0.728  -0.662  -0.618  -0.594  -0.572  -0.556  -0.542  -0.536  -0.534  -0.533  -0.561  -0.567  -0.572  -0.424  -0.372
  -0.773  -0.739  -0.726  -0.721  -0.719  -0.692  -0.647  -0.606  -0.583  -0.561  -0.546  -0.532  -0.527  -0.525  -0.524  -0.555  -0.560  -0.566  -0.396
  -0.870  -0.768  -0.732  -0.719  -0.713  -0.711  -0.678  -0.632  -0.595  -0.572  -0.549  -0.535  -0.522  -0.518  -0.516  -0.535  -0.548  -0.553  -0.544
  -1.187  -0.867  -0.764  -0.724  -0.710  -0.704  -0.702  -0.661  -0.615  -0.582  -0.560  -0.538  -0.523  -0.511  -0.508  -0.506  -0.534  -0.540  -0.535
  -1.680  -1.176  -0.861  -0.750  -0.716  -0.701  -0.696  -0.693  -0.643  -0.596  -0.564  -0.548  -0.525  -0.510  -0.501  -0.497  -0.509  -0.527  -0.525
  -1.741  -1.650  -1.226  -0.847  -0.742  -0.706  -0.692  -0.686  -0.686  -0.623  -0.582  -0.547  -0.535  -0.511  -0.497  -0.490  -0.486  -0.510  -0.515
  -1.749  -1.730  -1.720  -1.151  -0.828  -0.732  -0.695  -0.682  -0.676  -0.648  -0.600  -0.562  -0.532  -0.511  -0.497  -0.484  -0.478  -0.485  -0.504
  -1.620  -1.733  -1.719  -1.659  -1.107  -0.810  -0.717  -0.683  -0.671  -0.665  -0.626  -0.577  -0.545  -0.517  -0.496  -0.482  -0.470  -0.466  -0.485
  -1.519  -1.608  -1.719  -1.720  -1.633  -1.058  -0.784  -0.703  -0.671  -0.659  -0.654  -0.602  -0.555  -0.523  -0.502  -0.480  -0.465  -0.455  -0.459
  -1.508  -1.509  -1.598  -1.736  -1.704  -1.677  -1.009  -0.755  -0.687  -0.657  -0.647  -0.642  -0.575  -0.535  -0.503  -0.478  -0.463  -0.450  -0.442
  -1.503  -1.497  -1.497  -1.584  -1.687  -1.691  -1.626  -0.944  -0.729  -0.664  -0.644  -0.634  -0.599  -0.547  -0.512  -0.483  -0.460  -0.446  -0.434
  -1.579  -1.493  -1.486  -1.485  -1.576  -1.657  -1.667  -1.665  -0.876  -0.702  -0.648  -0.630  -0.621  -0.570  -0.523  -0.487  -0.464  -0.442  -0.429
  -6.158  -1.588  -1.482  -1.474  -1.479  -1.575  -1.595  -1.660  -1.329  -0.821  -0.677  -0.631  -0.615  -0.609  -0.537  -0.497  -0.462  -0.447  -0.427
  -6.008  -6.166  -1.577  -1.470  -1.462  -1.461  -1.571  -1.597  -1.603  -1.199  -0.763  -0.651  -0.613  -0.600  -0.560  -0.509  -0.471  -0.443  -0.421
  -5.889  -6.012  -6.175  -1.553  -1.458  -1.449  -1.476  -1.567  -1.577  -1.571  -1.063  -0.708  -0.628  -0.596  -0.585  -0.525  -0.479  -0.444  -0.422
  -5.805  -5.888  -6.019  -6.186  -1.541  -1.445  -1.436  -1.460  -1.549  -1.568  -1.567  -0.899  -0.665  -0.600  -0.578  -0.570  -0.493  -0.448  -0.421
  -5.746  -5.797  -5.887  -6.028  -6.200  -1.517  -1.431  -1.423  -1.500  -1.564  -1.558  -1.549  -0.791  -0.630  -0.579  -0.561  -0.510  -0.460  -0.419
  -5.695  -5.731  -5.789  -5.890  -6.038  -6.215  -1.484  -1.417  -1.409  -1.465  -1.509  -1.536  -1.166  -0.713  -0.595  -0.559  -0.544  -0.473  -0.423
  -5.637  -5.676  -5.716  -5.782  -5.894  -6.051  -2.430  -1.458  -1.402  -1.396  -1.469  -1.499  -1.547  -0.989  -0.644  -0.568  -0.539  -0.530  -0.435
  -5.565  -5.618  -5.657  -5.701  -5.778  -5.899  -6.066  -1.850  -1.433  -1.387  -1.400  -1.475  -1.491  -1.473  -0.798  -0.593  -0.537  -0.519  -0.450
  -5.483  -5.548  -5.598  -5.637  -5.688  -5.774  -5.908  -6.082  -1.934  -1.406  -1.371  -1.389  -1.489  -1.472  -1.484  -0.684  -0.553  -0.514  -0.502
  -5.404  -5.468  -5.529  -5.575  -5.616  -5.674  -5.771  -5.918  -6.099  -1.612  -1.381  -1.356  -1.387  -1.436  -1.478  -0.955  -0.597  -0.521  -0.492
  -5.340  -5.390  -5.451  -5.507  -5.551  -5.595  -5.662  -5.771  -5.929  -6.118  -1.508  -1.383  -1.368  -1.423  -1.428  -1.469  -0.733  -0.543  -0.489
  -5.303  -5.324  -5.373  -5.431  -5.483  -5.525  -5.573  -5.650  -5.772  -5.942  -6.134  -1.441  -1.365  -1.373  -1.384  -1.433  -1.092  -0.612  -0.499
  -5.290  -5.283  -5.306  -5.353  -5.408  -5.455  -5.497  -5.551  -5.640  -5.774  -5.956  -1.954  -1.416  -1.347  -1.353  -1.377  -1.377  -0.797  -0.535
  -5.294  -5.268  -5.262  -5.285  -5.331  -5.381  -5.425  -5.468  -5.530  -5.630  -5.779  -5.966  -2.149  -1.376  -1.331  -1.375  -1.372  -1.452  -0.627
  -5.302  -5.270  -5.243  -5.238  -5.261  -5.305  -5.351  -5.392  -5.438  -5.509  -5.620  -5.782  -5.968  -1.535  -1.345  -1.339  -1.372  -1.390  -0.895
  -5.305  -5.280  -5.243  -5.216  -5.210  -5.233  -5.274  -5.316  -5.355  -5.407  -5.486  -5.609  -5.777  -5.947  -1.439  -1.322  -1.333  -1.325  -1.396
  -5.286  -5.285  -5.253  -5.213  -5.184  -5.178  -5.201  -5.239  -5.277  -5.317  -5.373  -5.461  -5.593  -5.755  -2.278  -1.375  -1.301  -1.346  -1.333
  -5.237  -5.274  -5.262  -5.222  -5.179  -5.146  -5.142  -5.164  -5.199  -5.234  -5.275  -5.335  -5.429  -5.561  -5.697  -1.592  -1.330  -1.301  -1.292
  -5.154  -5.234  -5.257  -5.233  -5.187  -5.139  -5.105  -5.101  -5.123  -5.154  -5.186  -5.228  -5.290  -5.383  -5.501  -5.582  -1.456  -1.296  -1.312
  -5.047  -5.162  -5.228  -5.235  -5.199  -5.146  -5.092  -5.058  -5.055  -5.076  -5.102  -5.132  -5.171  -5.230  -5.312  -5.391  -5.399  -1.364  -1.295
  -4.932  -5.064  -5.168  -5.216  -5.207  -5.160  -5.099  -5.040  -5.004  -5.004  -5.022  -5.043  -5.067  -5.098  -5.144  -5.201  -5.217  -1.587  -1.304
  -4.818  -4.954  -5.080  -5.168  -5.197  -5.171  -5.113  -5.043  -4.979  -4.945  -4.946  -4.959  -4.972  -4.984  -4.999  -5.022  -5.033  -4.983  -1.427
  -4.712  -4.841  -4.976  -5.093  -5.162  -5.170  -5.128  -5.058  -4.978  -4.909  -4.881  -4.879  -4.883  -4.881  -4.873  -4.864  -4.854  -4.808  -4.702
  -4.617  -4.735  -4.866  -4.996  -5.100  -5.147  -5.134  -5.076  -4.993  -4.901  -4.834  -4.808  -4.799  -4.786  -4.761  -4.727  -4.688  -4.634  -4.537
  -4.535  -4.638  -4.759  -4.891  -5.014  -5.099  -5.123  -5.088  -5.013  -4.914  -4.813  -4.751  -4.721  -4.697  -4.658  -4.605  -4.539  -4.468  -4.372
  -4.467  -4.552  -4.660  -4.786  -4.915  -5.026  -5.088  -5.087  -5.030  -4.937  -4.818  -4.716  -4.654  -4.613  -4.563  -4.494  -4.407  -4.314  -4.209
  -4.410  -4.479  -4.571  -4.684  -4.812  -4.935  -5.029  -5.065  -5.038  -4.959  -4.842  -4.707  -4.604  -4.537  -4.473  -4.391  -4.288  -4.173  -4.054
  -4.366  -4.418  -4.494  -4.591  -4.710  -4.836  -4.950  -5.020  -5.028  -4.974  -4.869  -4.722  -4.578  -4.472  -4.390  -4.295  -4.178  -4.045  -3.908
  -4.336  -4.370  -4.428  -4.509  -4.614  -4.735  -4.857  -4.955  -4.997  -4.975  -4.891  -4.751  -4.577  -4.426  -4.313  -4.204  -4.075  -3.927  -3.773
  -4.319  -4.334  -4.374  -4.439  -4.527  -4.638  -4.759  -4.872  -4.946  -4.957  -4.902  -4.780  -4.596  -4.403  -4.249  -4.120  -3.978  -3.818  -3.648
  -4.313  -4.313  -4.333  -4.380  -4.451  -4.546  -4.661  -4.779  -4.875  -4.919  -4.897  -4.800  -4.626  -4.403  -4.202  -4.042  -3.886  -3.714  -3.532
  -4.315  -4.304  -4.307  -4.333  -4.387  -4.465  -4.567  -4.682  -4.790  -4.863  -4.872  -4.805  -4.652  -4.419  -4.175  -3.975  -3.799  -3.616  -3.422
  -4.321  -4.304  -4.294  -4.300  -4.334  -4.394  -4.480  -4.586  -4.697  -4.789  -4.827  -4.793  -4.667  -4.441  -4.167  -3.921  -3.719  -3.522  -3.318
  -4.327  -4.310  -4.291  -4.282  -4.295  -4.335  -4.403  -4.494  -4.602  -4.702  -4.766  -4.761  -4.665  -4.460  -4.172  -3.886  -3.647  -3.433  -3.219
  -4.331  -4.317  -4.296  -4.277  -4.270  -4.289  -4.336  -4.411  -4.506  -4.608  -4.688  -4.710  -4.644  -4.465  -4.179  -3.864  -3.586  -3.350  -3.124
  -4.329  -4.322  -4.303  -4.279  -4.259  -4.257  -4.283  -4.337  -4.417  -4.512  -4.598  -4.642  -4.604  -4.452  -4.182  -3.851  -3.538  -3.273  -3.033
  -4.317  -4.322  -4.310  -4.287  -4.259  -4.239  -4.243  -4.275  -4.336  -4.417  -4.502  -4.558  -4.543  -4.420  -4.172  -3.840  -3.501  -3.205  -2.947
  -4.292  -4.315  -4.313  -4.295  -4.266  -4.235  -4.218  -4.226  -4.265  -4.327  -4.403  -4.462  -4.465  -4.367  -4.146  -3.825  -3.472  -3.146  -2.867
  -3.947  -4.057  -4.160  -4.233  -4.268  -4.267  -4.238  -4.186  -4.119  -4.053  -4.001  -3.959  -3.914  -3.847  -3.736  -3.550  -3.275  -2.934  -2.569
  -3.737  -3.763  -3.809  -3.888  -3.992  -4.095  -4.169  -4.196  -4.170  -4.088  -3.947  -3.748  -3.522  -3.305  -3.110  -2.940  -2.776  -2.571  -2.293
  -3.503  -3.589  -3.656  -3.697  -3.727  -3.774  -3.850  -3.944  -4.025  -4.051  -3.983  -3.792  -3.485  -3.118  -2.764  -2.459  -2.202  -1.981  -1.768
  -3.300  -3.324  -3.372  -3.448  -3.533  -3.603  -3.647  -3.680  -3.722  -3.771  -3.784  -3.696  -3.464  -3.106  -2.687  -2.268  -1.888  -1.554  -1.257
  -3.246  -3.247  -3.250  -3.259  -3.283  -3.332  -3.405  -3.479  -3.527  -3.534  -3.494  -3.392  -3.209  -2.939  -2.592  -2.185  -1.750  -1.326  -0.933
  -3.204  -3.204  -3.201  -3.198  -3.195  -3.194  -3.202  -3.226  -3.267  -3.300  -3.275  -3.140  -2.901  -2.614  -2.311  -1.982  -1.607  -1.183  -0.736
  -2.946  -3.053  -3.115  -3.140  -3.142  -3.135  -3.124  -3.110  -3.092  -3.064  -3.005  -2.876  -2.650  -2.342  -2.002  -1.668  -1.335  -0.972  -0.561
  -2.253  -2.456  -2.641  -2.802  -2.928  -3.009  -3.043  -3.042  -3.014  -2.954  -2.836  -2.638  -2.373  -2.071  -1.743  -1.391  -1.036  -0.681  -0.310
  -1.545  -1.748  -1.956  -2.160  -2.353  -2.530  -2.682  -2.799  -2.864  -2.856  -2.752  -2.528  -2.201  -1.837  -1.480  -1.132  -0.774  -0.403  -0.028
  -1.089  -1.200  -1.353  -1.533  -1.725  -1.915  -2.097  -2.260  -2.397  -2.487  -2.494  -2.367  -2.085  -1.704  -1.294  -0.899  -0.523  -0.148   0.234
  -0.978  -0.990  -1.024  -1.097  -1.212  -1.355  -1.505  -1.648  -1.770  -1.858  -1.891  -1.844  -1.701  -1.455  -1.114  -0.716  -0.305   0.095   0.484
  -0.954  -0.950  -0.947  -0.947  -0.954  -0.977  -1.019  -1.070  -1.116  -1.143  -1.139  -1.096  -1.021  -0.887  -0.683  -0.407  -0.059   0.333   0.729
  -0.948  -0.935  -0.921  -0.907  -0.885  -0.844  -0.770  -0.669  -0.568  -0.481  -0.403  -0.326  -0.289  -0.195  -0.066   0.114   0.357   0.663   1.010
  -0.953  -0.939  -0.919  -0.893  -0.858  -0.803  -0.701  -0.522  -0.277  -0.025   0.183   0.308   0.367   0.462   0.567   0.700   0.877   1.106   1.379
  -0.951  -0.941  -0.925  -0.901  -0.861  -0.795  -0.681  -0.490  -0.199   0.168   0.531   0.676   0.867   1.009   1.130   1.253   1.398   1.575   1.788
  -0.945  -0.936  -0.923  -0.904  -0.871  -0.810  -0.695  -0.496  -0.198   0.201   0.598   0.863   1.169   1.401   1.575   1.720   1.860   2.010   2.180
  -0.877  -0.906  -0.909  -0.896  -0.869  -0.818  -0.717  -0.528  -0.229   0.175   0.550   0.909   1.297   1.628   1.882   2.074   2.231   2.376   2.524
  -0.715  -0.762  -0.814  -0.846  -0.844  -0.807  -0.722  -0.554  -0.275   0.120   0.473   0.903   1.329   1.726   2.062   2.318   2.512   2.670   2.819
  -0.660  -0.660  -0.669  -0.691  -0.718  -0.722  -0.673  -0.539  -0.298   0.040   0.421   0.868   1.320   1.754   2.148   2.471   2.718   2.911   3.074
  -0.643  -0.633  -0.619  -0.597  -0.562  -0.525  -0.480  -0.392  -0.220   0.049   0.403   0.828   1.287   1.747   2.179   2.555   2.864   3.106   3.299
   0.1000   0.0200
  -0.227  -0.227  -0.227  -0.227  -0.227  -0.207  -0.227  -0.204  -0.227  -0.226  -0.226  -0.226  -0.226  -0.206  -0.205  -0.189   0.094   0.057  -0.238
  -0.198  -0.196  -0.195  -0.195  -0.195  -0.195  -0.195  -0.195  -0.195  -0.195  -0.194  -0.194  -0.193  -0.193  -0.186  -0.189  -0.193  -0.186  -0.176
  -0.186  -0.180  -0.175  -0.169  -0.165  -0.162  -0.161  -0.160  -0.160  -0.160  -0.160  -0.160  -0.159  -0.159  -0.158  -0.158  -0.157  -0.156  -0.153
  -0.198  -0.191  -0.179  -0.165  -0.151  -0.140  -0.132  -0.127  -0.124  -0.133  -0.132  -0.132  -0.132  -0.131  -0.131  -0.130  -0.130  -0.129  -0.129
  -0.152  -0.147  -0.145  -0.145  -0.145  -0.120  -0.110  -0.100  -0.092  -0.085  -0.081  -0.081  -0.080  -0.079  -0.079  -0.078  -0.078  -0.078  -0.078
  -0.159  -0.141  -0.135  -0.133  -0.132  -0.110  -0.105  -0.096  -0.086  -0.080  -0.074  -0.071  -0.072  -0.071  -0.070  -0.070  -0.070  -0.070  -0.069
  -0.205  -0.151  -0.130  -0.123  -0.121  -0.120  -0.096  -0.089  -0.082  -0.074  -0.069  -0.065  -0.062  -0.062  -0.062  -0.062  -0.062  -0.061  -0.061
  -0.310  -0.204  -0.143  -0.119  -0.111  -0.108  -0.109  -0.082  -0.074  -0.069  -0.062  -0.058  -0.056  -0.053  -0.034  -0.033  -0.033  -0.033  -0.033
  -0.725  -0.323  -0.185  -0.133  -0.108  -0.099  -0.096  -0.079  -0.068  -0.063  -0.056  -0.051  -0.048  -0.030  -0.031  -0.029  -0.029  -0.029  -0.029
  -0.720  -0.719  -0.319  -0.182  -0.122  -0.097  -0.087  -0.084  -0.087  -0.054  -0.050  -0.045  -0.024  -0.024  -0.025  -0.025  -0.026  -0.026  -0.024
  -0.716  -0.714  -0.713  -0.309  -0.174  -0.098  -0.088  -0.076  -0.073  -0.050  -0.023  -0.019  -0.019  -0.018  -0.018  -0.019  -0.020  -0.020  -0.020
  -0.720  -0.711  -0.707  -0.706  -0.306  -0.165  -0.089  -0.058  -0.047  -0.044  -0.020  -0.013  -0.009  -0.007  -0.012  -0.012  -0.012  -0.013  -0.014
  -0.749  -0.717  -0.705  -0.700  -0.699  -0.292  -0.152  -0.078  -0.049  -0.039  -0.038  -0.010  -0.004  -0.002  -0.001  -0.001  -0.001  -0.001  -0.002
  -0.921  -0.757  -0.715  -0.698  -0.693  -0.438  -0.271  -0.135  -0.067  -0.039  -0.029  -0.009   0.000   0.004   0.006   0.006   0.006   0.006   0.006
  -1.633  -0.973  -0.772  -0.712  -0.692  -0.685  -0.682  -0.246  -0.118  -0.053  -0.028  -0.020  -0.021   0.010   0.012   0.014   0.014   0.014   0.013
  -1.556  -1.583  -1.024  -0.786  -0.709  -0.685  -0.676  -0.382  -0.217  -0.098  -0.039  -0.017  -0.009   0.011   0.018   0.020   0.021   0.021   0.020
  -1.557  -1.551  -1.571  -1.086  -0.797  -0.705  -0.677  -0.667  -0.351  -0.191  -0.078  -0.026  -0.006   0.000   0.001   0.026   0.027   0.027   0.027
  -1.578  -1.538  -1.542  -1.513  -1.130  -0.809  -0.701  -0.669  -0.657  -0.320  -0.157  -0.056  -0.011   0.006   0.011   0.013   0.018   0.019   0.019
  -1.531  -1.553  -1.521  -1.529  -1.499  -1.158  -0.819  -0.697  -0.659  -0.646  -0.272  -0.121  -0.033   0.005   0.018   0.023   0.024   0.029   0.030
  -1.412  -1.504  -1.527  -1.502  -1.511  -1.449  -1.532  -0.824  -0.687  -0.649  -0.635  -0.232  -0.087  -0.011   0.020   0.031   0.034   0.039   0.041
  -1.355  -1.381  -1.448  -1.499  -1.514  -1.492  -1.489  -1.224  -0.816  -0.679  -0.637  -0.346  -0.182  -0.053   0.011   0.035   0.044   0.046   0.047
  -1.343  -1.339  -1.352  -1.415  -1.470  -1.488  -1.470  -1.462  -1.206  -0.811  -0.665  -0.625  -0.289  -0.130  -0.019   0.031   0.051   0.057   0.059
  -1.326  -1.325  -1.321  -1.345  -1.383  -1.438  -1.462  -1.450  -1.405  -1.435  -0.794  -0.651  -0.611  -0.239  -0.081   0.011   0.051   0.065   0.070
  -1.310  -1.307  -1.306  -1.303  -1.316  -1.352  -1.408  -1.435  -1.427  -1.367  -1.166  -0.767  -0.637  -0.595  -0.179  -0.034   0.039   0.070   0.080
  -1.302  -1.291  -1.288  -1.286  -1.284  -1.287  -1.325  -1.380  -1.414  -1.404  -1.365  -1.111  -0.743  -0.622  -0.580  -0.116   0.007   0.065   0.087
  -1.324  -1.286  -1.273  -1.269  -1.267  -1.265  -1.258  -1.299  -1.352  -1.378  -1.380  -1.343  -1.061  -0.711  -0.595  -0.219  -0.056   0.044   0.088
  -1.497  -1.315  -1.273  -1.256  -1.249  -1.247  -1.244  -1.251  -1.273  -1.325  -1.354  -1.356  -1.300  -1.001  -0.673  -0.578  -0.144   0.001   0.078
  -3.557  -1.511  -1.318  -1.263  -1.240  -1.230  -1.226  -1.225  -1.227  -1.250  -1.298  -1.322  -1.340  -1.292  -0.894  -0.636  -0.246  -0.072   0.050
  -4.064  -3.337  -1.600  -1.331  -1.259  -1.226  -1.211  -1.206  -1.204  -1.199  -1.228  -1.272  -1.263  -1.292  -1.257  -0.818  -0.600  -0.167  -0.003
  -4.556  -3.804  -3.123  -1.721  -1.359  -1.260  -1.213  -1.193  -1.185  -1.182  -1.190  -1.205  -1.246  -1.235  -1.281  -1.215  -0.746  -0.562  -0.084
  -4.950  -4.296  -3.540  -2.935  -1.875  -1.403  -1.265  -1.201  -1.174  -1.164  -1.160  -1.167  -1.182  -1.212  -1.207  -1.226  -1.176  -0.677  -0.183
  -5.221  -4.727  -4.012  -3.277  -2.770  -2.551  -1.489  -1.277  -1.191  -1.156  -1.143  -1.139  -1.137  -1.162  -1.163  -1.180  -1.183  -0.933  -0.608
  -5.380  -5.053  -4.464  -3.716  -3.039  -2.626  -2.477  -1.731  -1.290  -1.181  -1.138  -1.122  -1.116  -1.137  -1.140  -1.146  -1.158  -1.149  -0.820
  -5.448  -5.263  -4.837  -4.167  -3.419  -2.823  -2.515  -2.411  -2.380  -1.301  -1.172  -1.120  -1.101  -1.093  -1.096  -1.116  -1.113  -1.120  -1.122
  -5.446  -5.371  -5.104  -4.573  -3.849  -3.137  -2.636  -2.424  -2.353  -2.331  -1.312  -1.162  -1.102  -1.080  -1.071  -1.073  -1.088  -1.085  -1.104
  -5.403  -5.398  -5.263  -4.895  -4.267  -3.525  -2.878  -2.494  -2.347  -2.302  -2.286  -1.317  -1.148  -1.083  -1.058  -1.047  -1.050  -1.051  -1.058
  -5.345  -5.372  -5.330  -5.114  -4.631  -3.933  -3.210  -2.653  -2.381  -2.285  -2.255  -2.243  -1.314  -1.136  -1.063  -1.036  -1.028  -1.030  -1.024
  -5.293  -5.322  -5.329  -5.231  -4.910  -4.316  -3.588  -2.917  -2.479  -2.291  -2.232  -2.211  -2.203  -1.429  -1.120  -1.042  -1.030  -1.024  -1.011
  -5.261  -5.272  -5.292  -5.267  -5.088  -4.643  -3.968  -3.249  -2.662  -2.343  -2.224  -2.184  -2.170  -2.164  -1.334  -1.099  -1.031  -1.009  -0.988
  -5.250  -5.240  -5.247  -5.251  -5.173  -4.886  -4.319  -3.607  -2.929  -2.460  -2.240  -2.167  -2.142  -2.132  -2.127  -1.266  -1.078  -1.017  -0.988
  -5.252  -5.227  -5.214  -5.214  -5.190  -5.033  -4.616  -3.958  -3.249  -2.652  -2.303  -2.166  -2.119  -2.102  -2.095  -2.091  -1.489  -1.063  -0.995
  -5.256  -5.228  -5.200  -5.183  -5.171  -5.098  -4.830  -4.281  -3.582  -2.910  -2.428  -2.190  -2.106  -2.076  -2.065  -2.059  -2.056  -1.254  -1.046
  -5.251  -5.233  -5.200  -5.168  -5.145  -5.107  -4.956  -4.552  -3.906  -3.210  -2.618  -2.255  -2.109  -2.056  -2.037  -2.029  -2.024  -2.020  -1.169
  -5.227  -5.233  -5.207  -5.168  -5.130  -5.095  -5.011  -4.747  -4.205  -3.518  -2.861  -2.380  -2.136  -2.046  -2.014  -2.000  -1.994  -1.989  -1.985
  -5.173  -5.215  -5.210  -5.176  -5.131  -5.085  -5.024  -4.862  -4.456  -3.816  -3.136  -2.559  -2.199  -2.050  -1.995  -1.974  -1.965  -1.959  -1.954
  -5.092  -5.171  -5.199  -5.182  -5.139  -5.086  -5.025  -4.916  -4.639  -4.094  -3.417  -2.782  -2.315  -2.077  -1.985  -1.952  -1.937  -1.929  -1.923
  -4.991  -5.098  -5.165  -5.179  -5.149  -5.096  -5.032  -4.940  -4.752  -4.330  -3.692  -3.029  -2.477  -2.135  -1.989  -1.934  -1.912  -1.901  -1.894
  -4.882  -5.005  -5.103  -5.154  -5.151  -5.109  -5.045  -4.959  -4.816  -4.507  -3.950  -3.284  -2.676  -2.233  -2.012  -1.923  -1.890  -1.874  -1.865
  -4.774  -4.900  -5.018  -5.103  -5.137  -5.117  -5.060  -4.980  -4.856  -4.627  -4.175  -3.535  -2.895  -2.375  -2.061  -1.924  -1.872  -1.849  -1.836
  -4.673  -4.794  -4.918  -5.028  -5.098  -5.111  -5.073  -5.001  -4.891  -4.705  -4.352  -3.775  -3.122  -2.546  -2.139  -1.941  -1.859  -1.826  -1.809
  -4.583  -4.692  -4.815  -4.936  -5.034  -5.085  -5.076  -5.019  -4.924  -4.764  -4.482  -3.990  -3.349  -2.736  -2.256  -1.977  -1.854  -1.805  -1.782
  -4.505  -4.599  -4.713  -4.836  -4.951  -5.034  -5.061  -5.030  -4.951  -4.814  -4.578  -4.168  -3.570  -2.934  -2.398  -2.036  -1.862  -1.789  -1.756
  -4.438  -4.518  -4.618  -4.735  -4.856  -4.962  -5.024  -5.025  -4.969  -4.857  -4.655  -4.309  -3.774  -3.135  -2.557  -2.123  -1.884  -1.777  -1.732
  -4.382  -4.448  -4.533  -4.639  -4.757  -4.874  -4.964  -5.001  -4.974  -4.886  -4.718  -4.421  -3.951  -3.335  -2.724  -2.235  -1.924  -1.774  -1.710
  -4.338  -4.388  -4.459  -4.550  -4.660  -4.779  -4.886  -4.954  -4.961  -4.901  -4.766  -4.513  -4.098  -3.526  -2.897  -2.361  -1.980  -1.782  -1.690
  -4.308  -4.340  -4.395  -4.472  -4.569  -4.682  -4.796  -4.888  -4.927  -4.898  -4.795  -4.584  -4.219  -3.696  -3.072  -2.494  -2.059  -1.800  -1.674
  -4.290  -4.304  -4.343  -4.403  -4.486  -4.588  -4.702  -4.807  -4.873  -4.875  -4.802  -4.633  -4.317  -3.841  -3.244  -2.634  -2.150  -1.829  -1.664
  -4.283  -4.283  -4.302  -4.346  -4.413  -4.501  -4.607  -4.716  -4.802  -4.832  -4.787  -4.655  -4.388  -3.960  -3.400  -2.782  -2.248  -1.872  -1.661
  -4.282  -4.272  -4.274  -4.300  -4.350  -4.424  -4.517  -4.623  -4.718  -4.770  -4.752  -4.649  -4.429  -4.051  -3.533  -2.929  -2.354  -1.927  -1.664
  -4.286  -4.270  -4.260  -4.267  -4.298  -4.355  -4.434  -4.530  -4.627  -4.694  -4.697  -4.619  -4.438  -4.111  -3.638  -3.064  -2.468  -1.989  -1.674
  -4.289  -4.273  -4.256  -4.247  -4.259  -4.297  -4.360  -4.442  -4.533  -4.606  -4.625  -4.566  -4.415  -4.134  -3.711  -3.177  -2.585  -2.060  -1.695
  -4.290  -4.277  -4.258  -4.239  -4.234  -4.251  -4.296  -4.362  -4.442  -4.513  -4.541  -4.496  -4.365  -4.123  -3.748  -3.259  -2.693  -2.138  -1.723
  -4.286  -4.279  -4.262  -4.240  -4.221  -4.219  -4.243  -4.291  -4.356  -4.420  -4.448  -4.411  -4.294  -4.079  -3.747  -3.307  -2.779  -2.221  -1.759
  -4.272  -4.277  -4.266  -4.244  -4.219  -4.201  -4.203  -4.231  -4.278  -4.328  -4.352  -4.317  -4.207  -4.010  -3.713  -3.318  -2.835  -2.297  -1.801
  -4.246  -4.267  -4.266  -4.249  -4.223  -4.194  -4.177  -4.183  -4.210  -4.243  -4.255  -4.217  -4.108  -3.923  -3.651  -3.294  -2.858  -2.354  -1.848
  -3.873  -3.993  -4.098  -4.172  -4.207  -4.209  -4.182  -4.133  -4.063  -3.978  -3.876  -3.745  -3.578  -3.380  -3.151  -2.887  -2.584  -2.241  -1.862
  -3.269  -3.451  -3.610  -3.755  -3.889  -4.005  -4.086  -4.117  -4.090  -3.994  -3.812  -3.546  -3.239  -2.933  -2.642  -2.366  -2.093  -1.807  -1.496
  -2.478  -2.701  -2.918  -3.125  -3.318  -3.493  -3.651  -3.788  -3.885  -3.905  -3.800  -3.547  -3.180  -2.767  -2.365  -1.997  -1.660  -1.344  -1.037
  -1.786  -1.982  -2.193  -2.411  -2.629  -2.840  -3.040  -3.221  -3.373  -3.470  -3.470  -3.334  -3.065  -2.696  -2.269  -1.831  -1.411  -1.020  -0.654
  -1.425  -1.500  -1.625  -1.792  -1.984  -2.187  -2.390  -2.582  -2.747  -2.859  -2.882  -2.797  -2.618  -2.367  -2.056  -1.685  -1.266  -0.827  -0.400
  -1.365  -1.365  -1.380  -1.424  -1.512  -1.641  -1.795  -1.952  -2.090  -2.181  -2.197  -2.129  -1.989  -1.798  -1.568  -1.301  -0.988  -0.620  -0.204
  -1.364  -1.353  -1.341  -1.331  -1.324  -1.330  -1.358  -1.408  -1.460  -1.488  -1.474  -1.409  -1.297  -1.147  -0.965  -0.753  -0.509  -0.225   0.105
  -1.364  -1.357  -1.344  -1.324  -1.294  -1.248  -1.178  -1.083  -0.977  -0.877  -0.785  -0.692  -0.589  -0.469  -0.326  -0.157   0.042   0.274   0.545
  -1.247  -1.307  -1.329  -1.325  -1.298  -1.244  -1.146  -0.986  -0.758  -0.494  -0.256  -0.072   0.068   0.189   0.309   0.444   0.603   0.795   1.024
  -0.961  -1.044  -1.140  -1.220  -1.257  -1.238  -1.152  -0.981  -0.714  -0.366   0.005   0.327   0.569   0.743   0.879   1.004   1.139   1.299   1.492
  -0.866  -0.876  -0.904  -0.958  -1.030  -1.086  -1.077  -0.962  -0.718  -0.360   0.060   0.477   0.836   1.113   1.314   1.470   1.608   1.755   1.923
  -0.844  -0.840  -0.836  -0.833  -0.831  -0.831  -0.817  -0.757  -0.606  -0.331   0.052   0.488   0.904   1.284   1.585   1.808   1.983   2.140   2.301
  -0.837  -0.825  -0.812  -0.797  -0.771  -0.719  -0.620  -0.476  -0.301  -0.092   0.179   0.510   0.894   1.322   1.711   2.025   2.262   2.452   2.622
  -0.842  -0.828  -0.807  -0.781  -0.744  -0.682  -0.562  -0.357  -0.078   0.217   0.493   0.701   0.974   1.348   1.760   2.144   2.457   2.699   2.895
  -0.842  -0.831  -0.814  -0.787  -0.743  -0.671  -0.544  -0.332  -0.017   0.374   0.759   0.938   1.210   1.498   1.843   2.228   2.592   2.891   3.127
  -0.837  -0.827  -0.813  -0.790  -0.752  -0.681  -0.552  -0.337  -0.020   0.399   0.764   1.101   1.446   1.745   2.038   2.363   2.717   3.051   3.331
  -0.795  -0.810  -0.805  -0.785  -0.750  -0.686  -0.568  -0.361  -0.045   0.375   0.730   1.163   1.585   1.961   2.283   2.583   2.896   3.222   3.524
  -0.668  -0.705  -0.741  -0.754  -0.735  -0.678  -0.567  -0.375  -0.074   0.340   0.734   1.191   1.652   2.095   2.489   2.824   3.130   3.436   3.736
  -0.620  -0.618  -0.623  -0.637  -0.647  -0.624  -0.538  -0.362  -0.079   0.303   0.734   1.209   1.692   2.172   2.625   3.025   3.368   3.675   3.962
  -0.604  -0.594  -0.580  -0.555  -0.516  -0.468  -0.400  -0.268  -0.029   0.317   0.748   1.226   1.723   2.222   2.709   3.161   3.557   3.891   4.194
   0.2000   0.0200
  -0.190  -0.190  -0.190  -0.190  -0.181  -0.190  -0.190  -0.190  -0.181  -0.190  -0.173  -0.176  -0.168  -0.187  -0.181   0.051  -0.164  -0.195  -0.140
  -0.171  -0.170  -0.170  -0.170  -0.170  -0.170  -0.170  -0.170  -0.169  -0.169  -0.169  -0.168  -0.168  -0.167  -0.167  -0.165  -0.158  -0.145  -0.135
  -0.157  -0.150  -0.145  -0.150  -0.148  -0.147  -0.147  -0.147  -0.146  -0.146  -0.146  -0.146  -0.145  -0.145  -0.144  -0.145  -0.144  -0.142  -0.133
  -0.141  -0.135  -0.127  -0.118  -0.110  -0.107  -0.104  -0.101  -0.100  -0.100  -0.099  -0.099  -0.099  -0.099  -0.099  -0.098  -0.098  -0.098  -0.097
  -0.114  -0.109  -0.107  -0.106  -0.087  -0.082  -0.077  -0.072  -0.052  -0.052  -0.052  -0.053  -0.052  -0.052  -0.052  -0.052  -0.052  -0.052  -0.052
  -0.111  -0.089  -0.081  -0.079  -0.078  -0.059  -0.052  -0.051  -0.049  -0.048  -0.049  -0.048  -0.049  -0.049  -0.049  -0.048  -0.048  -0.048  -0.048
  -0.175  -0.109  -0.084  -0.076  -0.073  -0.072  -0.052  -0.046  -0.043  -0.044  -0.043  -0.044  -0.043  -0.044  -0.044  -0.044  -0.045  -0.045  -0.044
  -0.305  -0.176  -0.107  -0.079  -0.070  -0.067  -0.066  -0.044  -0.039  -0.035  -0.034  -0.034  -0.039  -0.040  -0.039  -0.039  -0.040  -0.040  -0.040
  -0.718  -0.315  -0.177  -0.103  -0.074  -0.063  -0.060  -0.057  -0.037  -0.032  -0.030  -0.029  -0.029  -0.030  -0.030  -0.031  -0.030  -0.030  -0.030
  -0.713  -0.712  -0.313  -0.174  -0.097  -0.067  -0.056  -0.053  -0.057  -0.029  -0.026  -0.024  -0.024  -0.024  -0.025  -0.025  -0.026  -0.026  -0.027
  -0.712  -0.708  -0.558  -0.303  -0.167  -0.091  -0.060  -0.049  -0.045  -0.044  -0.022  -0.019  -0.018  -0.018  -0.019  -0.019  -0.019  -0.020  -0.020
  -0.725  -0.708  -0.702  -0.700  -0.297  -0.157  -0.082  -0.051  -0.041  -0.037  -0.034  -0.014  -0.012  -0.012  -0.012  -0.012  -0.013  -0.013  -0.013
  -0.797  -0.726  -0.704  -0.695  -0.693  -0.281  -0.144  -0.071  -0.042  -0.032  -0.029  -0.023  -0.006  -0.005  -0.005  -0.005  -0.006  -0.006  -0.006
  -1.113  -0.823  -0.729  -0.699  -0.689  -0.521  -0.262  -0.128  -0.059  -0.032  -0.023  -0.020  -0.014  -0.013  -0.012  -0.012  -0.012  -0.013  -0.013
  -1.548  -1.210  -0.853  -0.728  -0.694  -0.681  -0.676  -0.238  -0.109  -0.046  -0.021  -0.013  -0.010  -0.005  -0.003  -0.003  -0.003  -0.003  -0.003
  -1.568  -1.525  -1.340  -0.892  -0.734  -0.689  -0.673  -0.373  -0.209  -0.090  -0.032  -0.010  -0.002   0.000   0.005   0.006   0.007   0.007   0.007
  -1.557  -1.560  -1.502  -1.553  -0.925  -0.738  -0.683  -0.665  -0.346  -0.182  -0.071  -0.019   0.000   0.007   0.009   0.014   0.015   0.015   0.015
  -1.560  -1.573  -1.538  -1.475  -1.538  -0.949  -0.742  -0.676  -0.656  -0.299  -0.149  -0.048  -0.004   0.013   0.018   0.019   0.025   0.026   0.026
  -1.470  -1.531  -1.551  -1.514  -1.482  -1.526  -0.979  -0.742  -0.669  -0.646  -0.267  -0.114  -0.026   0.012   0.025   0.029   0.031   0.036   0.036
  -1.385  -1.432  -1.501  -1.526  -1.488  -1.469  -1.469  -0.997  -0.737  -0.659  -0.635  -0.225  -0.078  -0.004   0.027   0.038   0.041   0.042   0.047
  -1.350  -1.357  -1.396  -1.477  -1.500  -1.484  -1.452  -1.455  -0.997  -0.735  -0.648  -0.623  -0.172  -0.045   0.018   0.042   0.051   0.053   0.054
  -1.336  -1.334  -1.326  -1.364  -1.432  -1.473  -1.457  -1.455  -1.433  -1.035  -0.726  -0.640  -0.287  -0.122  -0.012   0.039   0.057   0.064   0.065
  -1.319  -1.318  -1.316  -1.309  -1.337  -1.400  -1.456  -1.427  -1.442  -1.436  -0.976  -0.710  -0.626  -0.234  -0.074   0.019   0.058   0.072   0.077
  -1.306  -1.301  -1.299  -1.298  -1.292  -1.310  -1.371  -1.435  -1.439  -1.423  -1.381  -0.945  -0.689  -0.610  -0.173  -0.028   0.046   0.076   0.087
  -1.308  -1.291  -1.284  -1.281  -1.279  -1.274  -1.284  -1.342  -1.387  -1.411  -1.394  -1.365  -0.944  -0.667  -0.593  -0.110   0.015   0.072   0.094
  -1.361  -1.305  -1.278  -1.266  -1.261  -1.260  -1.254  -1.264  -1.314  -1.359  -1.410  -1.376  -1.362  -0.863  -0.639  -0.213  -0.046   0.051   0.095
  -1.735  -1.396  -1.311  -1.268  -1.250  -1.242  -1.240  -1.235  -1.242  -1.288  -1.331  -1.359  -1.321  -1.306  -0.811  -0.612  -0.142   0.008   0.084
  -3.145  -1.940  -1.457  -1.328  -1.263  -1.234  -1.223  -1.219  -1.214  -1.218  -1.263  -1.304  -1.288  -1.291  -1.294  -0.751  -0.256  -0.068   0.056
  -3.576  -2.976  -2.700  -1.583  -1.356  -1.261  -1.220  -1.204  -1.199  -1.194  -1.219  -1.239  -1.276  -1.263  -1.262  -1.081  -0.697  -0.171   0.000
  -4.076  -3.334  -2.825  -2.617  -1.832  -1.399  -1.262  -1.207  -1.185  -1.178  -1.172  -1.178  -1.215  -1.249  -1.237  -1.236  -1.242  -0.642  -0.082
  -4.543  -3.805  -3.110  -2.689  -2.544  -2.503  -1.447  -1.270  -1.195  -1.167  -1.157  -1.151  -1.156  -1.192  -1.192  -1.199  -1.201  -0.883  -0.204
  -4.912  -4.279  -3.525  -2.904  -2.581  -2.477  -2.448  -1.719  -1.279  -1.183  -1.149  -1.136  -1.128  -1.135  -1.168  -1.165  -1.176  -1.175  -0.755
  -5.162  -4.689  -3.989  -3.255  -2.718  -2.489  -2.418  -2.397  -1.750  -1.287  -1.173  -1.130  -1.115  -1.106  -1.116  -1.144  -1.137  -1.150  -1.120
  -5.301  -4.994  -4.422  -3.683  -2.999  -2.574  -2.411  -2.364  -2.348  -2.341  -1.297  -1.162  -1.112  -1.094  -1.083  -1.093  -1.124  -1.112  -1.098
  -5.349  -5.185  -4.777  -4.119  -3.378  -2.767  -2.455  -2.347  -2.314  -2.303  -2.297  -1.303  -1.149  -1.093  -1.072  -1.071  -1.071  -1.073  -1.087
  -5.336  -5.275  -5.028  -4.509  -3.795  -3.084  -2.583  -2.358  -2.290  -2.268  -2.260  -2.256  -1.301  -1.138  -1.073  -1.050  -1.041  -1.051  -1.046
  -5.294  -5.291  -5.171  -4.817  -4.197  -3.464  -2.815  -2.432  -2.286  -2.240  -2.225  -2.219  -2.216  -1.345  -1.123  -1.054  -1.028  -1.048  -1.032
  -5.250  -5.264  -5.225  -5.021  -4.547  -3.857  -3.140  -2.593  -2.316  -2.225  -2.195  -2.184  -2.180  -2.177  -1.329  -1.105  -1.034  -1.021  -0.998
  -5.222  -5.226  -5.222  -5.128  -4.815  -4.226  -3.506  -2.843  -2.411  -2.232  -2.173  -2.154  -2.146  -2.143  -2.141  -1.267  -1.087  -1.029  -1.002
  -5.211  -5.198  -5.195  -5.160  -4.984  -4.543  -3.872  -3.160  -2.590  -2.278  -2.165  -2.128  -2.115  -2.109  -2.107  -2.105  -1.495  -1.067  -1.008
  -5.210  -5.186  -5.170  -5.152  -5.066  -4.778  -4.212  -3.505  -2.843  -2.384  -2.181  -2.111  -2.087  -2.078  -2.074  -2.071  -2.068  -1.266  -1.046
  -5.211  -5.186  -5.158  -5.135  -5.089  -4.922  -4.500  -3.844  -3.144  -2.568  -2.236  -2.108  -2.065  -2.050  -2.043  -2.039  -2.036  -2.033  -1.188
  -5.202  -5.188  -5.158  -5.125  -5.087  -4.992  -4.712  -4.157  -3.463  -2.811  -2.344  -2.130  -2.052  -2.025  -2.014  -2.008  -2.005  -2.001  -1.997
  -5.174  -5.184  -5.162  -5.126  -5.084  -5.018  -4.843  -4.423  -3.775  -3.091  -2.523  -2.188  -2.051  -2.005  -1.987  -1.979  -1.974  -1.970  -1.966
  -5.121  -5.163  -5.162  -5.131  -5.087  -5.028  -4.912  -4.621  -4.066  -3.384  -2.749  -2.293  -2.074  -1.993  -1.964  -1.952  -1.945  -1.940  -1.935
  -5.042  -5.117  -5.147  -5.135  -5.095  -5.039  -4.949  -4.749  -4.316  -3.671  -3.005  -2.454  -2.130  -1.993  -1.945  -1.926  -1.917  -1.910  -1.905
  -4.945  -5.046  -5.111  -5.127  -5.102  -5.052  -4.973  -4.828  -4.507  -3.941  -3.270  -2.659  -2.225  -2.013  -1.934  -1.903  -1.890  -1.882  -1.875
  -4.840  -4.956  -5.049  -5.100  -5.101  -5.063  -4.996  -4.880  -4.642  -4.179  -3.533  -2.889  -2.364  -2.062  -1.933  -1.885  -1.865  -1.854  -1.846
  -4.736  -4.856  -4.967  -5.049  -5.083  -5.068  -5.014  -4.919  -4.735  -4.371  -3.784  -3.127  -2.545  -2.143  -1.946  -1.872  -1.841  -1.826  -1.816
  -4.638  -4.753  -4.871  -4.975  -5.043  -5.059  -5.026  -4.949  -4.805  -4.516  -4.013  -3.364  -2.746  -2.259  -1.985  -1.868  -1.821  -1.800  -1.787
  -4.550  -4.655  -4.771  -4.886  -4.980  -5.030  -5.026  -4.971  -4.857  -4.628  -4.207  -3.597  -2.956  -2.410  -2.049  -1.874  -1.805  -1.775  -1.758
  -4.473  -4.565  -4.673  -4.790  -4.899  -4.979  -5.008  -4.980  -4.894  -4.715  -4.365  -3.816  -3.167  -2.581  -2.140  -1.898  -1.796  -1.751  -1.729
  -4.407  -4.485  -4.581  -4.693  -4.808  -4.908  -4.969  -4.973  -4.916  -4.780  -4.495  -4.011  -3.380  -2.761  -2.257  -1.944  -1.793  -1.730  -1.700
  -4.352  -4.416  -4.499  -4.599  -4.712  -4.823  -4.909  -4.946  -4.920  -4.821  -4.597  -4.179  -3.586  -2.945  -2.396  -2.009  -1.802  -1.713  -1.670
  -4.309  -4.357  -4.426  -4.513  -4.618  -4.731  -4.833  -4.899  -4.905  -4.840  -4.670  -4.319  -3.777  -3.133  -2.544  -2.093  -1.826  -1.700  -1.641
  -4.278  -4.309  -4.363  -4.437  -4.530  -4.637  -4.746  -4.833  -4.870  -4.837  -4.713  -4.430  -3.945  -3.322  -2.697  -2.195  -1.865  -1.692  -1.613
  -4.259  -4.274  -4.310  -4.370  -4.449  -4.547  -4.654  -4.753  -4.814  -4.811  -4.725  -4.507  -4.086  -3.500  -2.857  -2.307  -1.916  -1.694  -1.587
  -4.251  -4.251  -4.270  -4.313  -4.378  -4.462  -4.563  -4.665  -4.742  -4.765  -4.711  -4.545  -4.195  -3.658  -3.022  -2.428  -1.979  -1.706  -1.563
  -4.249  -4.239  -4.242  -4.267  -4.316  -4.386  -4.475  -4.573  -4.659  -4.701  -4.671  -4.546  -4.265  -3.788  -3.179  -2.556  -2.056  -1.726  -1.542
  -4.251  -4.236  -4.227  -4.233  -4.265  -4.319  -4.394  -4.483  -4.570  -4.623  -4.612  -4.516  -4.291  -3.882  -3.317  -2.690  -2.141  -1.755  -1.529
  -4.253  -4.238  -4.221  -4.213  -4.225  -4.262  -4.322  -4.398  -4.478  -4.535  -4.536  -4.460  -4.277  -3.933  -3.426  -2.820  -2.235  -1.794  -1.521
  -4.253  -4.240  -4.222  -4.204  -4.199  -4.217  -4.258  -4.320  -4.389  -4.443  -4.449  -4.384  -4.230  -3.939  -3.495  -2.932  -2.335  -1.844  -1.520
  -4.248  -4.241  -4.225  -4.203  -4.185  -4.184  -4.206  -4.250  -4.305  -4.350  -4.355  -4.295  -4.156  -3.906  -3.521  -3.013  -2.433  -1.904  -1.526
  -4.233  -4.238  -4.227  -4.206  -4.182  -4.164  -4.166  -4.191  -4.229  -4.260  -4.258  -4.197  -4.065  -3.840  -3.504  -3.054  -2.514  -1.968  -1.544
  -4.206  -4.227  -4.225  -4.209  -4.184  -4.156  -4.140  -4.143  -4.162  -4.176  -4.161  -4.095  -3.963  -3.753  -3.453  -3.056  -2.566  -2.030  -1.569
  -3.814  -3.941  -4.049  -4.124  -4.160  -4.162  -4.136  -4.086  -4.012  -3.913  -3.785  -3.623  -3.427  -3.205  -2.958  -2.681  -2.367  -2.011  -1.614
  -3.134  -3.329  -3.507  -3.669  -3.815  -3.939  -4.024  -4.057  -4.026  -3.916  -3.709  -3.417  -3.089  -2.765  -2.457  -2.163  -1.875  -1.578  -1.264
  -2.323  -2.549  -2.770  -2.983  -3.184  -3.372  -3.543  -3.688  -3.785  -3.794  -3.667  -3.391  -3.010  -2.590  -2.180  -1.801  -1.450  -1.120  -0.802
  -1.605  -1.814  -2.033  -2.255  -2.476  -2.689  -2.892  -3.075  -3.222  -3.302  -3.271  -3.112  -2.841  -2.481  -2.063  -1.626  -1.200  -0.800  -0.425
  -1.167  -1.273  -1.427  -1.613  -1.815  -2.023  -2.227  -2.414  -2.566  -2.651  -2.638  -2.523  -2.331  -2.083  -1.786  -1.436  -1.032  -0.600  -0.172
  -1.068  -1.076  -1.107  -1.178  -1.293  -1.441  -1.604  -1.759  -1.882  -1.947  -1.931  -1.836  -1.680  -1.482  -1.253  -0.993  -0.694  -0.346   0.049
  -1.062  -1.052  -1.042  -1.035  -1.035  -1.053  -1.098  -1.156  -1.204  -1.219  -1.188  -1.107  -0.983  -0.825  -0.638  -0.425  -0.183   0.093   0.410
  -1.067  -1.057  -1.042  -1.018  -0.981  -0.922  -0.836  -0.734  -0.634  -0.546  -0.462  -0.373  -0.270  -0.146   0.000   0.171   0.371   0.604   0.870
  -1.032  -1.048  -1.044  -1.025  -0.985  -0.908  -0.776  -0.575  -0.320  -0.067   0.136   0.286   0.406   0.516   0.633   0.767   0.928   1.120   1.347
  -0.855  -0.914  -0.970  -0.997  -0.983  -0.919  -0.784  -0.557  -0.238   0.132   0.481   0.754   0.948   1.091   1.209   1.326   1.458   1.617   1.808
  -0.775  -0.783  -0.804  -0.842  -0.878  -0.872  -0.780  -0.574  -0.253   0.151   0.577   0.968   1.278   1.505   1.669   1.801   1.928   2.068   2.233
  -0.755  -0.751  -0.746  -0.740  -0.730  -0.708  -0.648  -0.509  -0.252   0.118   0.554   0.994   1.398   1.734   1.984   2.167   2.316   2.458   2.610
  -0.747  -0.735  -0.722  -0.707  -0.677  -0.615  -0.499  -0.326  -0.101   0.187   0.554   0.955   1.393   1.813   2.162   2.425   2.622   2.786   2.942
  -0.751  -0.737  -0.717  -0.690  -0.652  -0.584  -0.452  -0.231   0.066   0.387   0.711   0.976   1.378   1.818   2.238   2.587   2.854   3.059   3.230
  -0.752  -0.740  -0.722  -0.694  -0.649  -0.572  -0.436  -0.214   0.114   0.517   0.864   1.124   1.466   1.852   2.277   2.683   3.021   3.280   3.487
  -0.749  -0.738  -0.722  -0.698  -0.656  -0.581  -0.444  -0.220   0.105   0.536   0.864   1.250   1.625   1.983   2.362   2.765   3.149   3.465   3.715
  -0.722  -0.728  -0.717  -0.694  -0.654  -0.585  -0.459  -0.243   0.080   0.510   0.861   1.304   1.742   2.146   2.520   2.894   3.279   3.633   3.929
  -0.623  -0.651  -0.674  -0.673  -0.642  -0.575  -0.457  -0.256   0.054   0.456   0.870   1.334   1.807   2.267   2.687   3.072   3.445   3.803   4.121
  -0.582  -0.578  -0.579  -0.584  -0.579  -0.537  -0.431  -0.241   0.052   0.436   0.881   1.362   1.854   2.347   2.818   3.246   3.635   3.995   4.323
  -0.567  -0.557  -0.541  -0.514  -0.471  -0.413  -0.326  -0.167   0.097   0.460   0.906   1.393   1.898   2.408   2.910   3.382   3.805   4.177   4.476
   0.3500   0.0200
  -0.176  -0.176  -0.176  -0.176  -0.172  -0.176  -0.175  -0.171  -0.175  -0.171  -0.176  -0.176  -0.175  -0.170  -0.160  -0.178  -0.170  -0.181  -0.182
  -0.155  -0.154  -0.154  -0.154  -0.154  -0.154  -0.154  -0.153  -0.153  -0.153  -0.152  -0.152  -0.152  -0.151  -0.150  -0.145  -0.132  -0.116  -0.117
  -0.135  -0.130  -0.127  -0.125  -0.124  -0.125  -0.125  -0.125  -0.125  -0.124  -0.124  -0.124  -0.128  -0.131  -0.131  -0.131  -0.129  -0.123  -0.104
  -0.117  -0.111  -0.105  -0.099  -0.096  -0.083  -0.077  -0.077  -0.078  -0.078  -0.078  -0.078  -0.078  -0.078  -0.078  -0.078  -0.078  -0.078  -0.075
  -0.093  -0.087  -0.085  -0.084  -0.067  -0.062  -0.062  -0.060  -0.060  -0.059  -0.060  -0.061  -0.062  -0.062  -0.062  -0.061  -0.061  -0.061  -0.061
  -0.112  -0.089  -0.082  -0.080  -0.079  -0.061  -0.056  -0.053  -0.052  -0.052  -0.052  -0.051  -0.053  -0.053  -0.054  -0.054  -0.054  -0.054  -0.053
  -0.176  -0.110  -0.085  -0.077  -0.074  -0.070  -0.055  -0.051  -0.048  -0.048  -0.048  -0.048  -0.048  -0.048  -0.049  -0.049  -0.049  -0.049  -0.049
  -0.309  -0.178  -0.108  -0.080  -0.071  -0.068  -0.067  -0.048  -0.045  -0.043  -0.043  -0.043  -0.044  -0.044  -0.043  -0.044  -0.044  -0.044  -0.045
  -0.719  -0.309  -0.177  -0.105  -0.074  -0.064  -0.061  -0.060  -0.060  -0.039  -0.038  -0.038  -0.038  -0.039  -0.039  -0.038  -0.038  -0.039  -0.039
  -0.715  -0.714  -0.315  -0.175  -0.099  -0.068  -0.057  -0.054  -0.049  -0.047  -0.033  -0.032  -0.033  -0.033  -0.033  -0.034  -0.034  -0.034  -0.034
  -0.717  -0.710  -0.708  -0.307  -0.168  -0.091  -0.061  -0.050  -0.046  -0.045  -0.040  -0.039  -0.039  -0.039  -0.039  -0.039  -0.040  -0.040  -0.040
  -0.743  -0.714  -0.705  -0.550  -0.292  -0.158  -0.083  -0.052  -0.042  -0.038  -0.037  -0.031  -0.031  -0.031  -0.031  -0.031  -0.031  -0.031  -0.032
  -0.876  -0.746  -0.712  -0.699  -0.694  -0.283  -0.145  -0.072  -0.043  -0.033  -0.030  -0.025  -0.023  -0.022  -0.022  -0.022  -0.023  -0.023  -0.023
  -1.383  -0.932  -0.761  -0.710  -0.693  -0.687  -0.266  -0.130  -0.060  -0.033  -0.024  -0.021  -0.020  -0.014  -0.013  -0.013  -0.013  -0.014  -0.014
  -1.520  -1.629  -0.987  -0.774  -0.708  -0.687  -0.406  -0.239  -0.111  -0.047  -0.022  -0.014  -0.011  -0.010  -0.005  -0.004  -0.004  -0.004  -0.004
  -1.570  -1.551  -1.579  -1.045  -0.789  -0.706  -0.680  -0.671  -0.212  -0.091  -0.033  -0.011  -0.003  -0.001   0.003   0.005   0.006   0.006   0.006
  -1.595  -1.550  -1.544  -1.568  -1.110  -0.802  -0.702  -0.672  -0.343  -0.183  -0.072  -0.020  -0.001   0.006   0.008   0.012   0.014   0.014   0.014
  -1.544  -1.571  -1.533  -1.536  -1.509  -1.154  -0.816  -0.702  -0.664  -0.307  -0.150  -0.050  -0.005   0.012   0.017   0.019   0.019   0.024   0.025
  -1.430  -1.521  -1.545  -1.516  -1.523  -1.476  -1.173  -0.828  -0.692  -0.655  -0.272  -0.116  -0.026   0.011   0.024   0.029   0.030   0.034   0.035
  -1.361  -1.397  -1.493  -1.518  -1.527  -1.505  -1.444  -1.527  -0.834  -0.687  -0.645  -0.227  -0.081  -0.005   0.026   0.037   0.040   0.041   0.045
  -1.353  -1.345  -1.367  -1.434  -1.490  -1.506  -1.486  -1.442  -1.248  -0.828  -0.678  -0.633  -0.179  -0.046   0.017   0.041   0.050   0.052   0.053
  -1.338  -1.336  -1.330  -1.339  -1.401  -1.481  -1.481  -1.465  -1.426  -1.230  -0.823  -0.665  -0.297  -0.124  -0.014   0.038   0.056   0.063   0.065
  -1.322  -1.320  -1.319  -1.313  -1.328  -1.369  -1.428  -1.455  -1.443  -1.420  -1.430  -0.806  -0.652  -0.241  -0.076   0.017   0.057   0.071   0.076
  -1.317  -1.306  -1.302  -1.300  -1.295  -1.302  -1.338  -1.398  -1.428  -1.421  -1.363  -1.446  -0.778  -0.637  -0.176  -0.031   0.046   0.075   0.086
  -1.349  -1.309  -1.291  -1.284  -1.281  -1.277  -1.275  -1.312  -1.369  -1.398  -1.398  -1.362  -1.141  -0.755  -0.295  -0.115   0.012   0.070   0.093
  -1.499  -1.373  -1.307  -1.277  -1.266  -1.262  -1.258  -1.249  -1.287  -1.342  -1.370  -1.377  -1.338  -1.352  -0.721  -0.226  -0.051   0.050   0.093
  -2.793  -1.637  -1.416  -1.312  -1.266  -1.248  -1.242  -1.238  -1.230  -1.260  -1.314  -1.345  -1.352  -1.295  -1.027  -0.680  -0.152   0.005   0.082
  -2.926  -2.714  -1.937  -1.482  -1.324  -1.257  -1.232  -1.223  -1.220  -1.216  -1.238  -1.288  -1.330  -1.331  -1.287  -0.943  -0.420  -0.076   0.053
  -3.240  -2.794  -2.640  -2.594  -1.594  -1.348  -1.251  -1.216  -1.203  -1.199  -1.189  -1.217  -1.262  -1.255  -1.310  -1.237  -0.872  -0.193  -0.005
  -3.698  -3.040  -2.681  -2.570  -2.538  -2.526  -1.378  -1.249  -1.201  -1.184  -1.177  -1.168  -1.193  -1.236  -1.228  -1.254  -1.209  -0.764  -0.098
  -4.185  -3.439  -2.854  -2.587  -2.507  -2.483  -2.475  -1.410  -1.250  -1.186  -1.165  -1.157  -1.157  -1.172  -1.204  -1.203  -1.225  -1.174  -0.247
  -4.613  -3.907  -3.188  -2.697  -2.503  -2.450  -2.433  -2.425  -1.493  -1.251  -1.173  -1.145  -1.135  -1.128  -1.152  -1.154  -1.178  -1.186  -0.934
  -4.935  -4.355  -3.618  -2.949  -2.568  -2.434  -2.396  -2.384  -2.377  -1.582  -1.253  -1.160  -1.126  -1.114  -1.125  -1.129  -1.137  -1.152  -1.148
  -5.140  -4.725  -4.064  -3.327  -2.744  -2.460  -2.372  -2.346  -2.337  -2.332  -1.686  -1.256  -1.145  -1.107  -1.091  -1.088  -1.106  -1.105  -1.127
  -5.239  -4.987  -4.467  -3.753  -3.046  -2.574  -2.377  -2.317  -2.299  -2.293  -2.289  -2.287  -1.254  -1.132  -1.087  -1.071  -1.066  -1.085  -1.079
  -5.261  -5.137  -4.784  -4.167  -3.434  -2.799  -2.433  -2.307  -2.268  -2.255  -2.251  -2.249  -2.246  -1.249  -1.117  -1.067  -1.046  -1.043  -1.066
  -5.239  -5.197  -4.995  -4.527  -3.840  -3.123  -2.588  -2.333  -2.248  -2.223  -2.214  -2.211  -2.209  -2.207  -1.243  -1.100  -1.047  -1.026  -1.024
  -5.206  -5.199  -5.105  -4.799  -4.220  -3.500  -2.840  -2.416  -2.252  -2.199  -2.182  -2.175  -2.173  -2.170  -2.169  -1.230  -1.083  -1.026  -1.018
  -5.181  -5.177  -5.141  -4.970  -4.542  -3.878  -3.165  -2.595  -2.295  -2.188  -2.155  -2.143  -2.138  -2.136  -2.134  -2.132  -1.210  -1.065  -1.021
  -5.171  -5.156  -5.137  -5.053  -4.778  -4.227  -3.521  -2.856  -2.399  -2.201  -2.136  -2.114  -2.106  -2.102  -2.100  -2.098  -2.095  -1.193  -1.048
  -5.169  -5.146  -5.124  -5.079  -4.921  -4.518  -3.872  -3.169  -2.584  -2.257  -2.131  -2.091  -2.077  -2.071  -2.067  -2.065  -2.063  -2.059  -1.170
  -5.166  -5.145  -5.117  -5.081  -4.991  -4.728  -4.192  -3.500  -2.841  -2.370  -2.151  -2.076  -2.051  -2.041  -2.036  -2.033  -2.030  -2.027  -2.023
  -5.154  -5.144  -5.117  -5.080  -5.019  -4.856  -4.460  -3.824  -3.135  -2.551  -2.213  -2.076  -2.030  -2.014  -2.007  -2.002  -1.999  -1.996  -1.992
  -5.124  -5.136  -5.118  -5.084  -5.032  -4.925  -4.654  -4.121  -3.440  -2.794  -2.327  -2.098  -2.019  -1.990  -1.979  -1.973  -1.969  -1.965  -1.960
  -5.070  -5.112  -5.114  -5.088  -5.042  -4.963  -4.779  -4.372  -3.738  -3.066  -2.496  -2.160  -2.021  -1.971  -1.953  -1.945  -1.939  -1.934  -1.930
  -4.993  -5.065  -5.096  -5.088  -5.051  -4.987  -4.856  -4.560  -4.016  -3.345  -2.717  -2.267  -2.043  -1.961  -1.931  -1.918  -1.910  -1.905  -1.899
  -4.900  -4.996  -5.058  -5.077  -5.056  -5.005  -4.907  -4.690  -4.256  -3.618  -2.964  -2.420  -2.097  -1.963  -1.913  -1.893  -1.883  -1.876  -1.869
  -4.800  -4.909  -4.997  -5.047  -5.052  -5.017  -4.942  -4.782  -4.446  -3.879  -3.217  -2.614  -2.192  -1.981  -1.901  -1.871  -1.856  -1.847  -1.839
  -4.699  -4.813  -4.917  -4.995  -5.031  -5.020  -4.966  -4.848  -4.589  -4.112  -3.467  -2.834  -2.324  -2.024  -1.900  -1.852  -1.831  -1.819  -1.809
  -4.604  -4.714  -4.826  -4.923  -4.989  -5.007  -4.977  -4.893  -4.697  -4.308  -3.711  -3.060  -2.489  -2.102  -1.913  -1.837  -1.807  -1.791  -1.779
  -4.519  -4.619  -4.729  -4.838  -4.927  -4.976  -4.975  -4.919  -4.778  -4.466  -3.938  -3.287  -2.678  -2.211  -1.943  -1.831  -1.785  -1.763  -1.748
  -4.445  -4.532  -4.635  -4.745  -4.848  -4.925  -4.955  -4.929  -4.831  -4.592  -4.140  -3.512  -2.876  -2.346  -2.000  -1.836  -1.767  -1.735  -1.717
  -4.380  -4.454  -4.546  -4.652  -4.760  -4.855  -4.914  -4.920  -4.859  -4.685  -4.311  -3.731  -3.078  -2.501  -2.083  -1.853  -1.753  -1.709  -1.684
  -4.325  -4.387  -4.466  -4.562  -4.668  -4.773  -4.855  -4.892  -4.865  -4.746  -4.450  -3.933  -3.283  -2.669  -2.186  -1.886  -1.746  -1.683  -1.650
  -4.282  -4.329  -4.395  -4.479  -4.578  -4.684  -4.780  -4.843  -4.849  -4.774  -4.554  -4.110  -3.487  -2.842  -2.305  -1.941  -1.748  -1.659  -1.615
  -4.252  -4.282  -4.333  -4.404  -4.492  -4.594  -4.696  -4.777  -4.812  -4.774  -4.618  -4.255  -3.680  -3.022  -2.438  -2.012  -1.759  -1.639  -1.579
  -4.233  -4.246  -4.282  -4.338  -4.414  -4.506  -4.607  -4.699  -4.755  -4.748  -4.642  -4.360  -3.851  -3.203  -2.580  -2.095  -1.784  -1.624  -1.543
  -4.223  -4.223  -4.241  -4.283  -4.345  -4.425  -4.519  -4.613  -4.684  -4.700  -4.632  -4.421  -3.990  -3.378  -2.730  -2.189  -1.823  -1.614  -1.507
  -4.220  -4.211  -4.213  -4.237  -4.284  -4.351  -4.434  -4.525  -4.601  -4.634  -4.593  -4.437  -4.086  -3.532  -2.884  -2.296  -1.870  -1.610  -1.475
  -4.221  -4.206  -4.197  -4.204  -4.233  -4.286  -4.355  -4.437  -4.513  -4.554  -4.532  -4.414  -4.135  -3.652  -3.032  -2.413  -1.927  -1.618  -1.445
  -4.222  -4.206  -4.190  -4.183  -4.194  -4.230  -4.285  -4.354  -4.424  -4.467  -4.453  -4.359  -4.137  -3.728  -3.160  -2.534  -1.998  -1.634  -1.419
  -4.220  -4.207  -4.190  -4.173  -4.168  -4.184  -4.224  -4.278  -4.337  -4.375  -4.364  -4.283  -4.097  -3.756  -3.253  -2.650  -2.079  -1.658  -1.398
  -4.213  -4.207  -4.191  -4.170  -4.153  -4.152  -4.172  -4.211  -4.255  -4.283  -4.269  -4.191  -4.027  -3.738  -3.303  -2.748  -2.166  -1.691  -1.387
  -4.198  -4.202  -4.192  -4.172  -4.148  -4.132  -4.132  -4.153  -4.180  -4.195  -4.171  -4.091  -3.936  -3.681  -3.306  -2.812  -2.247  -1.738  -1.383
  -4.169  -4.189  -4.189  -4.174  -4.149  -4.123  -4.106  -4.106  -4.115  -4.112  -4.074  -3.987  -3.834  -3.598  -3.269  -2.835  -2.311  -1.789  -1.386
  -3.754  -3.888  -4.000  -4.077  -4.116  -4.119  -4.094  -4.044  -3.964  -3.850  -3.700  -3.513  -3.295  -3.053  -2.791  -2.503  -2.180  -1.812  -1.407
  -3.023  -3.225  -3.413  -3.585  -3.741  -3.871  -3.962  -3.998  -3.963  -3.840  -3.612  -3.301  -2.956  -2.618  -2.296  -1.990  -1.690  -1.387  -1.072
  -2.201  -2.429  -2.651  -2.867  -3.072  -3.266  -3.442  -3.589  -3.682  -3.678  -3.534  -3.246  -2.859  -2.435  -2.019  -1.631  -1.270  -0.931  -0.608
  -1.469  -1.685  -1.908  -2.132  -2.353  -2.567  -2.769  -2.948  -3.083  -3.136  -3.075  -2.900  -2.632  -2.286  -1.880  -1.447  -1.019  -0.613  -0.233
  -0.978  -1.109  -1.280  -1.477  -1.685  -1.894  -2.096  -2.275  -2.409  -2.463  -2.415  -2.276  -2.074  -1.829  -1.543  -1.210  -0.824  -0.403   0.022
  -0.838  -0.856  -0.904  -0.997  -1.131  -1.289  -1.453  -1.600  -1.707  -1.744  -1.700  -1.582  -1.413  -1.209  -0.979  -0.723  -0.433  -0.100   0.275
  -0.826  -0.817  -0.808  -0.804  -0.812  -0.843  -0.898  -0.957  -0.997  -0.998  -0.950  -0.854  -0.719  -0.552  -0.361  -0.146   0.095   0.368   0.675
  -0.831  -0.820  -0.803  -0.776  -0.730  -0.659  -0.563  -0.461  -0.369  -0.287  -0.206  -0.116  -0.009   0.119   0.270   0.446   0.648   0.882   1.147
  -0.823  -0.822  -0.810  -0.783  -0.730  -0.631  -0.467  -0.236   0.026   0.257   0.432   0.562   0.671   0.778   0.895   1.033   1.196   1.391   1.619
  -0.730  -0.764  -0.786  -0.780  -0.740  -0.646  -0.470  -0.198   0.152   0.522   0.838   1.071   1.235   1.360   1.470   1.585   1.718   1.878   2.070
  -0.670  -0.675  -0.687  -0.705  -0.703  -0.643  -0.491  -0.226   0.141   0.564   0.981   1.339   1.609   1.800   1.942   2.063   2.185   2.325   2.490
  -0.652  -0.647  -0.641  -0.631  -0.609  -0.560  -0.448  -0.234   0.098   0.515   0.966   1.398   1.778   2.073   2.286   2.445   2.580   2.717   2.867
  -0.643  -0.631  -0.619  -0.603  -0.568  -0.494  -0.356  -0.148   0.133   0.493   0.921   1.352   1.800   2.195   2.504   2.730   2.904   3.053   3.203
  -0.647  -0.632  -0.612  -0.585  -0.545  -0.469  -0.324  -0.086   0.230   0.585   0.934   1.310   1.767   2.219   2.617   2.929   3.160   3.343   3.506
  -0.648  -0.636  -0.617  -0.588  -0.540  -0.457  -0.312  -0.079   0.262   0.678   1.004   1.354   1.769   2.220   2.667   3.056   3.359   3.590   3.775
  -0.647  -0.635  -0.618  -0.591  -0.546  -0.466  -0.320  -0.088   0.248   0.691   1.002   1.429   1.846   2.269   2.712   3.142   3.511   3.800   4.031
  -0.632  -0.629  -0.614  -0.587  -0.544  -0.470  -0.335  -0.110   0.223   0.629   1.012   1.470   1.930   2.369   2.801   3.233   3.641   3.982   4.252
  -0.564  -0.581  -0.589  -0.575  -0.533  -0.459  -0.333  -0.123   0.199   0.593   1.026   1.499   1.987   2.467   2.922   3.358   3.776   4.153   4.465
  -0.532  -0.526  -0.522  -0.516  -0.492  -0.430  -0.309  -0.108   0.198   0.585   1.045   1.534   2.037   2.544   3.036   3.498   3.925   4.311   4.617
  -0.519  -0.508  -0.492  -0.462  -0.412  -0.341  -0.231  -0.047   0.239   0.620   1.079   1.576   2.090   2.612   3.129   3.623   4.074   4.474   4.786
   0.5000   0.0200
  -0.168  -0.168  -0.168  -0.164  -0.168  -0.167  -0.167  -0.167  -0.166  -0.166  -0.166  -0.166  -0.157  -0.154  -0.147  -0.133  -0.125  -0.170  -0.170
  -0.144  -0.144  -0.143  -0.143  -0.143  -0.143  -0.143  -0.143  -0.142  -0.142  -0.142  -0.141  -0.141  -0.141  -0.138  -0.130  -0.116  -0.099  -0.100
  -0.123  -0.120  -0.118  -0.117  -0.118  -0.117  -0.117  -0.117  -0.117  -0.117  -0.117  -0.117  -0.117  -0.117  -0.116  -0.116  -0.113  -0.101  -0.084
  -0.091  -0.087  -0.083  -0.081  -0.081  -0.082  -0.083  -0.082  -0.083  -0.083  -0.083  -0.083  -0.083  -0.083  -0.083  -0.083  -0.083  -0.082  -0.075
  -0.094  -0.088  -0.086  -0.085  -0.083  -0.065  -0.062  -0.061  -0.061  -0.062  -0.061  -0.062  -0.063  -0.064  -0.064  -0.064  -0.063  -0.063  -0.062
  -0.113  -0.091  -0.083  -0.081  -0.080  -0.076  -0.060  -0.058  -0.058  -0.058  -0.058  -0.057  -0.057  -0.059  -0.059  -0.060  -0.060  -0.060  -0.060
  -0.177  -0.112  -0.086  -0.078  -0.075  -0.074  -0.069  -0.055  -0.054  -0.053  -0.054  -0.054  -0.053  -0.053  -0.054  -0.055  -0.055  -0.055  -0.055
  -0.313  -0.180  -0.109  -0.082  -0.072  -0.069  -0.064  -0.062  -0.061  -0.049  -0.049  -0.049  -0.049  -0.050  -0.048  -0.048  -0.049  -0.050  -0.050
  -0.567  -0.314  -0.179  -0.106  -0.076  -0.066  -0.062  -0.061  -0.056  -0.055  -0.054  -0.054  -0.055  -0.055  -0.056  -0.054  -0.053  -0.054  -0.054
  -0.717  -0.715  -0.308  -0.175  -0.100  -0.069  -0.059  -0.055  -0.054  -0.048  -0.047  -0.047  -0.047  -0.048  -0.048  -0.048  -0.049  -0.049  -0.046
  -0.723  -0.713  -0.709  -0.311  -0.170  -0.093  -0.062  -0.051  -0.047  -0.046  -0.041  -0.040  -0.040  -0.040  -0.040  -0.041  -0.041  -0.041  -0.041
  -0.757  -0.722  -0.708  -0.703  -0.297  -0.160  -0.084  -0.053  -0.043  -0.039  -0.038  -0.033  -0.032  -0.032  -0.032  -0.032  -0.032  -0.033  -0.033
  -0.956  -0.778  -0.721  -0.703  -0.539  -0.285  -0.146  -0.074  -0.044  -0.034  -0.031  -0.030  -0.024  -0.023  -0.023  -0.023  -0.024  -0.024  -0.024
  -1.638  -1.037  -0.796  -0.722  -0.698  -0.690  -0.265  -0.131  -0.061  -0.034  -0.025  -0.022  -0.021  -0.015  -0.015  -0.014  -0.014  -0.015  -0.015
  -1.547  -1.554  -1.115  -0.818  -0.722  -0.692  -0.508  -0.240  -0.113  -0.048  -0.023  -0.015  -0.012  -0.011  -0.006  -0.005  -0.005  -0.005  -0.005
  -1.568  -1.569  -1.544  -1.195  -0.847  -0.723  -0.687  -0.380  -0.213  -0.092  -0.034  -0.012  -0.005  -0.002  -0.002   0.004   0.004   0.005   0.005
  -1.592  -1.555  -1.557  -1.528  -1.590  -0.873  -0.725  -0.680  -0.345  -0.186  -0.073  -0.021  -0.002   0.005   0.007   0.007   0.012   0.013   0.013
  -1.527  -1.566  -1.540  -1.542  -1.464  -1.571  -0.891  -0.724  -0.672  -0.314  -0.151  -0.051  -0.006   0.010   0.016   0.018   0.018   0.023   0.024
  -1.410  -1.485  -1.539  -1.541  -1.525  -1.482  -1.560  -0.916  -0.721  -0.664  -0.276  -0.118  -0.028   0.009   0.023   0.028   0.029   0.029   0.034
  -1.363  -1.399  -1.448  -1.510  -1.530  -1.511  -1.469  -1.494  -0.927  -0.716  -0.654  -0.229  -0.083  -0.006   0.025   0.036   0.039   0.040   0.040
  -1.356  -1.348  -1.364  -1.411  -1.487  -1.504  -1.486  -1.451  -1.483  -0.926  -0.711  -0.354  -0.181  -0.048   0.015   0.040   0.049   0.051   0.052
  -1.339  -1.338  -1.332  -1.335  -1.378  -1.444  -1.478  -1.458  -1.465  -1.470  -0.920  -0.702  -0.307  -0.128  -0.015   0.036   0.055   0.062   0.064
  -1.326  -1.322  -1.320  -1.316  -1.309  -1.349  -1.413  -1.451  -1.443  -1.415  -1.450  -0.907  -0.686  -0.248  -0.078   0.015   0.056   0.070   0.075
  -1.332  -1.312  -1.304  -1.302  -1.298  -1.290  -1.320  -1.383  -1.441  -1.445  -1.394  -1.389  -0.879  -0.667  -0.182  -0.033   0.043   0.074   0.085
  -1.409  -1.333  -1.300  -1.287  -1.283  -1.280  -1.272  -1.293  -1.354  -1.393  -1.396  -1.401  -1.389  -0.840  -0.314  -0.119   0.009   0.069   0.091
  -1.767  -1.468  -1.345  -1.292  -1.271  -1.264  -1.262  -1.253  -1.272  -1.326  -1.365  -1.372  -1.345  -1.372  -0.805  -0.240  -0.055   0.048   0.092
  -2.754  -2.704  -1.581  -1.369  -1.286  -1.257  -1.246  -1.242  -1.234  -1.248  -1.300  -1.337  -1.364  -1.320  -1.307  -0.758  -0.160   0.001   0.081
  -2.819  -2.680  -2.643  -1.875  -1.406  -1.288  -1.243  -1.227  -1.222  -1.214  -1.223  -1.274  -1.311  -1.296  -1.288  -1.069  -0.301  -0.084   0.051
  -3.054  -2.717  -2.615  -2.584  -2.574  -1.500  -1.293  -1.231  -1.209  -1.202  -1.193  -1.204  -1.249  -1.267  -1.257  -1.264  -0.998  -0.215  -0.010
  -3.460  -2.879  -2.623  -2.551  -2.529  -2.521  -1.553  -1.302  -1.221  -1.191  -1.181  -1.172  -1.184  -1.224  -1.223  -1.246  -1.236  -0.908  -0.116
  -3.938  -3.217  -2.733  -2.543  -2.492  -2.476  -2.469  -1.763  -1.319  -1.211  -1.174  -1.161  -1.151  -1.161  -1.200  -1.197  -1.208  -1.182  -0.284
  -4.390  -3.661  -2.989  -2.603  -2.474  -2.437  -2.427  -2.420  -2.417  -1.335  -1.203  -1.157  -1.140  -1.129  -1.141  -1.171  -1.173  -1.163  -1.151
  -4.755  -4.117  -3.379  -2.790  -2.500  -2.411  -2.386  -2.378  -2.373  -2.370  -1.348  -1.197  -1.139  -1.120  -1.108  -1.121  -1.123  -1.147  -1.169
  -5.005  -4.519  -3.820  -3.108  -2.615  -2.416  -2.356  -2.338  -2.332  -2.328  -2.326  -1.409  -1.189  -1.123  -1.099  -1.098  -1.099  -1.131  -1.122
  -5.143  -4.824  -4.240  -3.510  -2.861  -2.481  -2.344  -2.305  -2.293  -2.288  -2.285  -2.283  -1.413  -1.179  -1.105  -1.078  -1.078  -1.078  -1.079
  -5.193  -5.019  -4.593  -3.928  -3.207  -2.642  -2.374  -2.286  -2.259  -2.250  -2.247  -2.244  -2.242  -1.407  -1.171  -1.087  -1.057  -1.044  -1.057
  -5.190  -5.114  -4.848  -4.311  -3.599  -2.922  -2.474  -2.289  -2.234  -2.216  -2.210  -2.207  -2.206  -2.203  -1.605  -1.158  -1.069  -1.036  -1.023
  -5.167  -5.141  -4.999  -4.621  -3.988  -3.271  -2.667  -2.341  -2.225  -2.188  -2.176  -2.172  -2.169  -2.168  -2.166  -1.579  -1.142  -1.051  -1.013
  -5.147  -5.133  -5.067  -4.836  -4.335  -3.642  -2.957  -2.467  -2.242  -2.170  -2.147  -2.138  -2.135  -2.133  -2.132  -2.129  -1.441  -1.127  -1.035
  -5.138  -5.118  -5.084  -4.958  -4.610  -4.001  -3.294  -2.676  -2.310  -2.169  -2.124  -2.108  -2.102  -2.099  -2.097  -2.096  -2.092  -2.090  -1.109
  -5.134  -5.112  -5.082  -5.012  -4.796  -4.318  -3.641  -2.959  -2.450  -2.197  -2.110  -2.083  -2.072  -2.067  -2.065  -2.063  -2.060  -2.056  -1.524
  -5.129  -5.110  -5.080  -5.032  -4.902  -4.567  -3.972  -3.278  -2.661  -2.273  -2.116  -2.063  -2.045  -2.037  -2.034  -2.031  -2.028  -2.025  -2.020
  -5.115  -5.107  -5.081  -5.040  -4.956  -4.736  -4.264  -3.599  -2.928  -2.416  -2.151  -2.053  -2.022  -2.010  -2.004  -2.000  -1.997  -1.993  -1.989
  -5.083  -5.096  -5.081  -5.046  -4.984  -4.838  -4.497  -3.905  -3.224  -2.618  -2.226  -2.063  -2.005  -1.984  -1.976  -1.970  -1.966  -1.962  -1.958
  -5.029  -5.070  -5.074  -5.050  -5.002  -4.899  -4.660  -4.178  -3.519  -2.864  -2.364  -2.099  -1.998  -1.963  -1.949  -1.942  -1.937  -1.932  -1.927
  -4.954  -5.023  -5.054  -5.049  -5.013  -4.939  -4.769  -4.402  -3.803  -3.134  -2.550  -2.171  -2.006  -1.948  -1.925  -1.915  -1.908  -1.903  -1.897
  -4.864  -4.955  -5.015  -5.035  -5.017  -4.964  -4.842  -4.569  -4.062  -3.405  -2.772  -2.292  -2.040  -1.940  -1.904  -1.889  -1.880  -1.873  -1.867
  -4.767  -4.871  -4.954  -5.003  -5.010  -4.977  -4.892  -4.691  -4.283  -3.668  -3.014  -2.458  -2.103  -1.946  -1.888  -1.865  -1.853  -1.844  -1.837
  -4.669  -4.778  -4.877  -4.952  -4.987  -4.978  -4.922  -4.778  -4.461  -3.916  -3.260  -2.653  -2.203  -1.972  -1.879  -1.843  -1.826  -1.815  -1.806
  -4.577  -4.682  -4.788  -4.882  -4.944  -4.964  -4.935  -4.837  -4.599  -4.138  -3.503  -2.866  -2.345  -2.024  -1.880  -1.825  -1.800  -1.786  -1.775
  -4.494  -4.590  -4.695  -4.799  -4.883  -4.932  -4.932  -4.872  -4.701  -4.327  -3.740  -3.086  -2.512  -2.103  -1.896  -1.812  -1.776  -1.757  -1.743
  -4.420  -4.505  -4.603  -4.709  -4.807  -4.880  -4.910  -4.884  -4.769  -4.481  -3.960  -3.308  -2.694  -2.215  -1.933  -1.806  -1.753  -1.727  -1.710
  -4.357  -4.429  -4.517  -4.618  -4.722  -4.812  -4.869  -4.875  -4.807  -4.597  -4.157  -3.531  -2.885  -2.350  -1.990  -1.810  -1.734  -1.697  -1.675
  -4.303  -4.362  -4.439  -4.531  -4.633  -4.732  -4.810  -4.846  -4.817  -4.674  -4.322  -3.745  -3.084  -2.500  -2.069  -1.829  -1.718  -1.667  -1.638
  -4.260  -4.305  -4.369  -4.449  -4.545  -4.646  -4.737  -4.798  -4.801  -4.713  -4.448  -3.940  -3.286  -2.659  -2.171  -1.863  -1.708  -1.638  -1.599
  -4.229  -4.259  -4.309  -4.377  -4.461  -4.558  -4.655  -4.732  -4.764  -4.718  -4.530  -4.107  -3.485  -2.828  -2.286  -1.911  -1.708  -1.610  -1.558
  -4.210  -4.223  -4.257  -4.313  -4.385  -4.474  -4.569  -4.655  -4.708  -4.694  -4.567  -4.233  -3.669  -3.005  -2.410  -1.976  -1.718  -1.586  -1.517
  -4.200  -4.200  -4.217  -4.258  -4.317  -4.394  -4.483  -4.572  -4.636  -4.647  -4.564  -4.312  -3.824  -3.180  -2.545  -2.054  -1.737  -1.564  -1.475
  -4.196  -4.187  -4.189  -4.212  -4.258  -4.321  -4.401  -4.485  -4.555  -4.580  -4.529  -4.342  -3.939  -3.342  -2.690  -2.142  -1.765  -1.551  -1.435
  -4.195  -4.181  -4.173  -4.179  -4.208  -4.257  -4.324  -4.400  -4.468  -4.501  -4.468  -4.328  -4.005  -3.475  -2.836  -2.240  -1.808  -1.544  -1.396
  -4.195  -4.180  -4.165  -4.158  -4.169  -4.203  -4.255  -4.319  -4.380  -4.413  -4.389  -4.279  -4.021  -3.568  -2.968  -2.351  -1.861  -1.543  -1.361
  -4.193  -4.181  -4.163  -4.147  -4.142  -4.158  -4.194  -4.245  -4.294  -4.322  -4.300  -4.204  -3.992  -3.612  -3.073  -2.463  -1.924  -1.551  -1.332
  -4.185  -4.179  -4.164  -4.144  -4.127  -4.125  -4.144  -4.179  -4.214  -4.231  -4.204  -4.112  -3.927  -3.607  -3.138  -2.562  -1.996  -1.573  -1.308
  -4.168  -4.173  -4.163  -4.144  -4.121  -4.104  -4.104  -4.121  -4.141  -4.143  -4.106  -4.012  -3.838  -3.560  -3.156  -2.635  -2.073  -1.603  -1.290
  -4.138  -4.160  -4.159  -4.144  -4.121  -4.095  -4.078  -4.074  -4.076  -4.061  -4.009  -3.906  -3.736  -3.483  -3.131  -2.672  -2.138  -1.639  -1.282
  -3.704  -3.843  -3.958  -4.038  -4.079  -4.085  -4.060  -4.008  -3.923  -3.799  -3.633  -3.430  -3.197  -2.942  -2.670  -2.376  -2.046  -1.671  -1.268
  -2.945  -3.151  -3.344  -3.522  -3.682  -3.816  -3.911  -3.949  -3.912  -3.778  -3.536  -3.212  -2.858  -2.510  -2.180  -1.866  -1.560  -1.253  -0.940
  -2.119  -2.347  -2.570  -2.787  -2.994  -3.190  -3.367  -3.513  -3.599  -3.583  -3.429  -3.135  -2.746  -2.320  -1.902  -1.509  -1.142  -0.799  -0.473
  -1.380  -1.600  -1.825  -2.050  -2.271  -2.484  -2.683  -2.857  -2.978  -3.008  -2.925  -2.740  -2.475  -2.140  -1.745  -1.317  -0.889  -0.480  -0.099
  -0.858  -1.004  -1.186  -1.388  -1.598  -1.807  -2.005  -2.177  -2.294  -2.323  -2.251  -2.097  -1.890  -1.645  -1.366  -1.043  -0.670  -0.259   0.161
  -0.686  -0.712  -0.774  -0.882  -1.025  -1.188  -1.351  -1.490  -1.581  -1.599  -1.534  -1.402  -1.224  -1.016  -0.786  -0.531  -0.246   0.078   0.440
  -0.669  -0.660  -0.653  -0.652  -0.666  -0.706  -0.765  -0.822  -0.854  -0.843  -0.783  -0.677  -0.534  -0.362  -0.168   0.049   0.291   0.562   0.864
  -0.674  -0.662  -0.643  -0.612  -0.559  -0.479  -0.379  -0.279  -0.192  -0.114  -0.033   0.059   0.170   0.302   0.457   0.636   0.841   1.076   1.339
  -0.673  -0.667  -0.651  -0.618  -0.554  -0.437  -0.251  -0.004   0.254   0.467   0.624   0.744   0.849   0.956   1.075   1.215   1.382   1.579   1.806
  -0.625  -0.641  -0.644  -0.624  -0.569  -0.452  -0.247   0.052   0.417   0.777   1.068   1.276   1.423   1.539   1.647   1.762   1.896   2.059   2.253
  -0.581  -0.583  -0.588  -0.589  -0.560  -0.467  -0.277   0.023   0.413   0.842   1.247   1.580   1.822   1.993   2.123   2.240   2.362   2.501   2.667
  -0.565  -0.561  -0.553  -0.539  -0.506  -0.432  -0.279  -0.016   0.355   0.792   1.246   1.667   2.025   2.292   2.483   2.629   2.761   2.896   3.045
  -0.556  -0.545  -0.533  -0.515  -0.476  -0.390  -0.233   0.006   0.331   0.735   1.188   1.632   2.073   2.445   2.726   2.931   3.093   3.237   3.385
  -0.560  -0.545  -0.525  -0.498  -0.455  -0.371  -0.215   0.036   0.372   0.757   1.149   1.572   2.045   2.492   2.867   3.152   3.364   3.533   3.691
  -0.562  -0.549  -0.529  -0.499  -0.449  -0.361  -0.208   0.034   0.388   0.815   1.138   1.557   2.018   2.493   2.936   3.302   3.582   3.794   3.976
  -0.560  -0.548  -0.530  -0.501  -0.455  -0.368  -0.216   0.023   0.370   0.822   1.139   1.589   2.042   2.508   2.978   3.404   3.753   4.019   4.232
  -0.552  -0.545  -0.527  -0.497  -0.451  -0.373  -0.231   0.002   0.344   0.756   1.144   1.615   2.095   2.566   3.037   3.493   3.895   4.221   4.478
  -0.509  -0.516  -0.513  -0.489  -0.441  -0.362  -0.229  -0.011   0.322   0.711   1.159   1.642   2.143   2.641   3.125   3.594   4.027   4.389   4.659
  -0.485  -0.478  -0.468  -0.451  -0.413  -0.337  -0.205   0.005   0.322   0.717   1.184   1.680   2.194   2.713   3.223   3.710   4.159   4.553   4.849
  -0.473  -0.462  -0.445  -0.413  -0.356  -0.272  -0.145   0.056   0.358   0.756   1.225   1.729   2.251   2.783   3.313   3.822   4.292   4.703   5.011
   0.7000   0.0200
  -0.154  -0.154  -0.154  -0.149  -0.149  -0.154  -0.153  -0.153  -0.148  -0.152  -0.152  -0.138  -0.147  -0.136  -0.125  -0.117  -0.150  -0.106  -0.152
  -0.128  -0.128  -0.128  -0.128  -0.128  -0.128  -0.127  -0.127  -0.127  -0.126  -0.126  -0.126  -0.126  -0.125  -0.121  -0.108  -0.089  -0.078  -0.079
  -0.109  -0.106  -0.090  -0.091  -0.092  -0.092  -0.092  -0.092  -0.092  -0.092  -0.092  -0.092  -0.092  -0.092  -0.092  -0.091  -0.085  -0.064  -0.058
  -0.086  -0.082  -0.079  -0.077  -0.078  -0.080  -0.081  -0.080  -0.081  -0.081  -0.081  -0.081  -0.081  -0.081  -0.081  -0.081  -0.081  -0.078  -0.066
  -0.089  -0.083  -0.081  -0.077  -0.075  -0.062  -0.060  -0.060  -0.060  -0.060  -0.059  -0.060  -0.061  -0.062  -0.062  -0.062  -0.063  -0.061  -0.059
  -0.107  -0.085  -0.078  -0.075  -0.075  -0.069  -0.073  -0.056  -0.056  -0.056  -0.057  -0.055  -0.056  -0.056  -0.057  -0.058  -0.058  -0.058  -0.057
  -0.170  -0.106  -0.081  -0.073  -0.070  -0.069  -0.064  -0.062  -0.062  -0.062  -0.063  -0.063  -0.061  -0.062  -0.062  -0.062  -0.063  -0.063  -0.063
  -0.307  -0.173  -0.104  -0.076  -0.067  -0.064  -0.063  -0.057  -0.056  -0.056  -0.056  -0.056  -0.057  -0.057  -0.055  -0.055  -0.055  -0.056  -0.056
  -0.715  -0.310  -0.173  -0.099  -0.070  -0.060  -0.057  -0.056  -0.050  -0.049  -0.049  -0.049  -0.050  -0.050  -0.050  -0.048  -0.048  -0.048  -0.048
  -0.713  -0.560  -0.306  -0.169  -0.094  -0.064  -0.053  -0.050  -0.049  -0.043  -0.042  -0.042  -0.042  -0.042  -0.043  -0.043  -0.043  -0.043  -0.040
  -0.722  -0.709  -0.705  -0.304  -0.162  -0.087  -0.056  -0.046  -0.042  -0.041  -0.036  -0.035  -0.034  -0.035  -0.035  -0.035  -0.035  -0.036  -0.036
  -0.774  -0.723  -0.705  -0.699  -0.293  -0.153  -0.078  -0.048  -0.037  -0.034  -0.033  -0.028  -0.027  -0.026  -0.027  -0.027  -0.027  -0.027  -0.027
  -1.047  -0.801  -0.724  -0.701  -0.693  -0.274  -0.140  -0.068  -0.039  -0.029  -0.025  -0.024  -0.020  -0.018  -0.018  -0.018  -0.018  -0.018  -0.019
  -1.603  -1.134  -0.834  -0.726  -0.697  -0.427  -0.258  -0.123  -0.056  -0.028  -0.019  -0.016  -0.015  -0.011  -0.009  -0.009  -0.009  -0.009  -0.009
  -1.569  -1.550  -1.294  -0.867  -0.734  -0.692  -0.679  -0.234  -0.107  -0.043  -0.018  -0.009  -0.007  -0.006  -0.001   0.000   0.000   0.000   0.000
  -1.569  -1.567  -1.531  -1.625  -0.904  -0.739  -0.688  -0.373  -0.206  -0.087  -0.028  -0.007   0.001   0.003   0.004   0.008   0.009   0.010   0.010
  -1.582  -1.580  -1.553  -1.515  -1.580  -0.945  -0.742  -0.682  -0.341  -0.179  -0.067  -0.016   0.004   0.010   0.012   0.012   0.017   0.018   0.019
  -1.520  -1.555  -1.564  -1.540  -1.514  -1.529  -0.982  -0.747  -0.675  -0.311  -0.146  -0.045  -0.001   0.016   0.021   0.023   0.023   0.028   0.029
  -1.391  -1.458  -1.524  -1.546  -1.517  -1.483  -1.524  -1.005  -0.750  -0.667  -0.271  -0.110  -0.023   0.015   0.028   0.033   0.034   0.034   0.039
  -1.359  -1.364  -1.421  -1.493  -1.521  -1.492  -1.497  -1.515  -1.022  -0.747  -0.664  -0.224  -0.077   0.000   0.030   0.041   0.045   0.045   0.045
  -1.351  -1.345  -1.337  -1.387  -1.456  -1.495  -1.486  -1.484  -1.444  -1.030  -0.742  -0.353  -0.175  -0.043   0.021   0.045   0.054   0.057   0.057
  -1.335  -1.333  -1.329  -1.320  -1.354  -1.423  -1.468  -1.468  -1.467  -1.418  -1.019  -0.734  -0.293  -0.122  -0.009   0.041   0.061   0.067   0.069
  -1.325  -1.318  -1.315  -1.312  -1.303  -1.327  -1.392  -1.444  -1.457  -1.438  -1.409  -1.043  -0.719  -0.241  -0.073   0.021   0.061   0.075   0.080
  -1.347  -1.314  -1.302  -1.297  -1.294  -1.286  -1.303  -1.361  -1.408  -1.428  -1.421  -1.380  -0.974  -0.394  -0.181  -0.026   0.048   0.080   0.090
  -1.490  -1.363  -1.307  -1.286  -1.279  -1.275  -1.268  -1.278  -1.333  -1.380  -1.415  -1.402  -1.354  -0.936  -0.326  -0.116   0.015   0.074   0.097
  -2.751  -1.613  -1.392  -1.306  -1.272  -1.261  -1.257  -1.250  -1.273  -1.305  -1.353  -1.393  -1.371  -1.320  -0.922  -0.247  -0.055   0.052   0.097
  -2.722  -2.688  -1.916  -1.441  -1.310  -1.261  -1.244  -1.238  -1.231  -1.248  -1.279  -1.325  -1.380  -1.354  -1.306  -0.833  -0.163   0.003   0.086
  -2.750  -2.658  -2.629  -2.619  -1.544  -1.322  -1.252  -1.227  -1.218  -1.211  -1.213  -1.254  -1.297  -1.315  -1.294  -1.277  -0.330  -0.084   0.054
  -2.910  -2.659  -2.593  -2.572  -2.564  -1.614  -1.344  -1.244  -1.211  -1.199  -1.191  -1.189  -1.231  -1.270  -1.261  -1.261  -1.262  -0.227  -0.009
  -3.248  -2.764  -2.582  -2.533  -2.517  -2.511  -2.508  -1.371  -1.241  -1.195  -1.179  -1.170  -1.190  -1.207  -1.230  -1.235  -1.234  -0.442  -0.125
  -3.705  -3.032  -2.639  -2.510  -2.476  -2.467  -2.460  -2.457  -1.448  -1.240  -1.180  -1.160  -1.149  -1.151  -1.184  -1.186  -1.209  -1.204  -0.305
  -4.168  -3.435  -2.832  -2.538  -2.448  -2.423  -2.416  -2.410  -2.408  -1.477  -1.239  -1.166  -1.140  -1.127  -1.128  -1.161  -1.161  -1.173  -1.152
  -4.565  -3.887  -3.172  -2.661  -2.451  -2.391  -2.373  -2.368  -2.364  -2.361  -1.500  -1.240  -1.152  -1.120  -1.106  -1.109  -1.134  -1.138  -1.149
  -4.856  -4.309  -3.591  -2.923  -2.525  -2.380  -2.339  -2.326  -2.322  -2.319  -2.317  -1.513  -1.241  -1.137  -1.101  -1.084  -1.089  -1.088  -1.112
  -5.033  -4.651  -4.016  -3.294  -2.706  -2.411  -2.319  -2.291  -2.282  -2.279  -2.276  -2.274  -2.274  -1.237  -1.124  -1.081  -1.061  -1.067  -1.098
  -5.114  -4.886  -4.395  -3.702  -3.006  -2.529  -2.327  -2.265  -2.247  -2.240  -2.238  -2.236  -2.234  -2.233  -1.231  -1.109  -1.061  -1.052  -1.046
  -5.131  -5.016  -4.688  -4.095  -3.380  -2.751  -2.385  -2.257  -2.218  -2.205  -2.200  -2.199  -2.197  -2.195  -2.193  -1.226  -1.092  -1.042  -1.020
  -5.119  -5.069  -4.879  -4.434  -3.766  -3.063  -2.537  -2.284  -2.200  -2.175  -2.166  -2.163  -2.161  -2.160  -2.157  -2.155  -1.214  -1.076  -1.022
  -5.104  -5.078  -4.979  -4.687  -4.127  -3.424  -2.778  -2.365  -2.203  -2.152  -2.135  -2.129  -2.126  -2.125  -2.123  -2.121  -2.118  -1.196  -1.059
  -5.095  -5.073  -5.019  -4.846  -4.431  -3.784  -3.087  -2.534  -2.245  -2.142  -2.109  -2.098  -2.094  -2.091  -2.089  -2.088  -2.084  -2.081  -1.182
  -5.092  -5.068  -5.030  -4.930  -4.655  -4.115  -3.426  -2.779  -2.341  -2.153  -2.092  -2.071  -2.063  -2.059  -2.057  -2.055  -2.052  -2.048  -2.044
  -5.085  -5.066  -5.034  -4.969  -4.796  -4.394  -3.759  -3.074  -2.513  -2.204  -2.087  -2.048  -2.035  -2.029  -2.026  -2.023  -2.020  -2.017  -2.012
  -5.069  -5.062  -5.037  -4.988  -4.877  -4.599  -4.066  -3.388  -2.750  -2.306  -2.102  -2.034  -2.010  -2.001  -1.996  -1.992  -1.989  -1.985  -1.981
  -5.036  -5.050  -5.036  -5.000  -4.922  -4.735  -4.326  -3.696  -3.025  -2.470  -2.156  -2.032  -1.990  -1.974  -1.967  -1.963  -1.959  -1.955  -1.950
  -4.984  -5.022  -5.028  -5.005  -4.950  -4.821  -4.524  -3.983  -3.314  -2.692  -2.256  -2.049  -1.977  -1.951  -1.940  -1.934  -1.929  -1.924  -1.919
  -4.911  -4.976  -5.006  -5.002  -4.965  -4.876  -4.664  -4.231  -3.598  -2.943  -2.405  -2.100  -1.977  -1.933  -1.915  -1.906  -1.900  -1.895  -1.889
  -4.824  -4.910  -4.966  -4.986  -4.969  -4.910  -4.761  -4.430  -3.868  -3.206  -2.606  -2.191  -1.993  -1.920  -1.893  -1.880  -1.872  -1.865  -1.859
  -4.729  -4.828  -4.907  -4.954  -4.961  -4.927  -4.826  -4.581  -4.110  -3.467  -2.832  -2.323  -2.034  -1.918  -1.873  -1.855  -1.844  -1.836  -1.828
  -4.634  -4.738  -4.832  -4.903  -4.937  -4.929  -4.865  -4.692  -4.315  -3.722  -3.068  -2.496  -2.113  -1.930  -1.859  -1.831  -1.817  -1.806  -1.797
  -4.544  -4.645  -4.747  -4.835  -4.895  -4.914  -4.883  -4.767  -4.479  -3.960  -3.307  -2.694  -2.224  -1.960  -1.853  -1.810  -1.789  -1.776  -1.765
  -4.462  -4.555  -4.656  -4.755  -4.835  -4.881  -4.880  -4.811  -4.605  -4.171  -3.546  -2.903  -2.365  -2.021  -1.858  -1.792  -1.762  -1.745  -1.732
  -4.390  -4.472  -4.567  -4.668  -4.761  -4.830  -4.859  -4.829  -4.691  -4.349  -3.777  -3.118  -2.533  -2.108  -1.877  -1.779  -1.737  -1.714  -1.697
  -4.328  -4.397  -4.483  -4.579  -4.678  -4.764  -4.818  -4.822  -4.740  -4.488  -3.991  -3.337  -2.713  -2.219  -1.915  -1.775  -1.713  -1.681  -1.660
  -4.274  -4.332  -4.406  -4.494  -4.592  -4.686  -4.760  -4.793  -4.757  -4.584  -4.176  -3.557  -2.900  -2.351  -1.977  -1.780  -1.691  -1.647  -1.620
  -4.231  -4.276  -4.337  -4.415  -4.506  -4.603  -4.689  -4.745  -4.745  -4.637  -4.322  -3.764  -3.095  -2.498  -2.057  -1.796  -1.674  -1.614  -1.578
  -4.200  -4.229  -4.278  -4.344  -4.425  -4.518  -4.610  -4.682  -4.709  -4.651  -4.423  -3.946  -3.294  -2.654  -2.151  -1.830  -1.663  -1.581  -1.534
  -4.180  -4.193  -4.227  -4.280  -4.351  -4.435  -4.526  -4.607  -4.653  -4.632  -4.476  -4.090  -3.484  -2.819  -2.262  -1.878  -1.659  -1.549  -1.488
  -4.169  -4.169  -4.187  -4.226  -4.284  -4.357  -4.442  -4.525  -4.583  -4.586  -4.484  -4.187  -3.651  -2.989  -2.383  -1.936  -1.663  -1.521  -1.441
  -4.165  -4.156  -4.158  -4.181  -4.225  -4.287  -4.362  -4.441  -4.503  -4.521  -4.455  -4.233  -3.781  -3.154  -2.514  -2.007  -1.680  -1.497  -1.395
  -4.163  -4.149  -4.141  -4.148  -4.175  -4.224  -4.286  -4.357  -4.418  -4.442  -4.397  -4.231  -3.863  -3.296  -2.650  -2.092  -1.706  -1.478  -1.350
  -4.162  -4.148  -4.133  -4.126  -4.137  -4.169  -4.219  -4.278  -4.331  -4.355  -4.320  -4.189  -3.894  -3.401  -2.783  -2.187  -1.741  -1.466  -1.308
  -4.159  -4.147  -4.130  -4.114  -4.110  -4.124  -4.159  -4.205  -4.247  -4.264  -4.230  -4.118  -3.876  -3.460  -2.894  -2.288  -1.789  -1.463  -1.270
  -4.150  -4.144  -4.129  -4.110  -4.094  -4.091  -4.109  -4.139  -4.168  -4.173  -4.134  -4.028  -3.819  -3.469  -2.970  -2.384  -1.849  -1.469  -1.236
  -4.133  -4.137  -4.128  -4.109  -4.087  -4.071  -4.069  -4.083  -4.095  -4.086  -4.036  -3.927  -3.735  -3.433  -3.002  -2.463  -1.914  -1.483  -1.210
  -4.102  -4.123  -4.123  -4.108  -4.085  -4.060  -4.042  -4.036  -4.031  -4.004  -3.939  -3.821  -3.634  -3.363  -2.990  -2.509  -1.973  -1.509  -1.192
  -3.650  -3.793  -3.911  -3.994  -4.037  -4.043  -4.019  -3.966  -3.875  -3.739  -3.560  -3.343  -3.095  -2.829  -2.550  -2.249  -1.913  -1.532  -1.137
  -2.873  -3.080  -3.275  -3.457  -3.619  -3.756  -3.854  -3.893  -3.852  -3.708  -3.452  -3.117  -2.754  -2.399  -2.062  -1.742  -1.432  -1.123  -0.812
  -2.044  -2.272  -2.495  -2.712  -2.920  -3.115  -3.292  -3.433  -3.509  -3.480  -3.315  -3.017  -2.627  -2.202  -1.782  -1.385  -1.015  -0.669  -0.343
  -1.300  -1.523  -1.749  -1.974  -2.194  -2.406  -2.602  -2.767  -2.871  -2.878  -2.775  -2.580  -2.317  -1.991  -1.607  -1.185  -0.758  -0.349   0.032
  -0.753  -0.911  -1.101  -1.307  -1.518  -1.726  -1.920  -2.082  -2.180  -2.184  -2.090  -1.924  -1.711  -1.467  -1.192  -0.878  -0.516  -0.114   0.299
  -0.549  -0.584  -0.659  -0.779  -0.930  -1.096  -1.255  -1.386  -1.460  -1.457  -1.374  -1.228  -1.043  -0.833  -0.601  -0.348  -0.065   0.252   0.604
  -0.524  -0.517  -0.511  -0.513  -0.534  -0.581  -0.643  -0.696  -0.719  -0.697  -0.625  -0.510  -0.359  -0.183   0.015   0.234   0.476   0.747   1.046
  -0.529  -0.516  -0.495  -0.460  -0.399  -0.312  -0.210  -0.114  -0.031   0.046   0.128   0.223   0.338   0.474   0.633   0.814   1.023   1.259   1.522
  -0.532  -0.522  -0.503  -0.465  -0.388  -0.253  -0.047   0.210   0.460   0.655   0.799   0.911   1.014   1.121   1.243   1.386   1.556   1.756   1.986
  -0.513  -0.515  -0.506  -0.475  -0.405  -0.266  -0.034   0.289   0.661   1.006   1.272   1.459   1.594   1.704   1.810   1.926   2.064   2.230   2.424
  -0.488  -0.486  -0.482  -0.466  -0.414  -0.291  -0.069   0.261   0.668   1.097   1.487   1.794   2.013   2.168   2.290   2.403   2.526   2.669   2.836
  -0.474  -0.469  -0.460  -0.440  -0.394  -0.292  -0.100   0.204   0.603   1.052   1.504   1.912   2.246   2.488   2.662   2.800   2.926   3.061   3.210
  -0.464  -0.454  -0.442  -0.422  -0.376  -0.278  -0.099   0.175   0.541   0.977   1.435   1.894   2.321   2.669   2.926   3.114   3.265   3.405   3.553
  -0.467  -0.452  -0.432  -0.405  -0.358  -0.266  -0.098   0.170   0.529   0.947   1.360   1.828   2.307   2.741   3.092   3.353   3.548   3.712   3.870
  -0.470  -0.456  -0.436  -0.405  -0.352  -0.257  -0.097   0.157   0.525   0.965   1.308   1.779   2.270   2.753   3.183   3.525   3.782   3.985   4.164
  -0.469  -0.456  -0.436  -0.407  -0.357  -0.264  -0.104   0.142   0.502   0.916   1.292   1.769   2.259   2.755   3.233   3.647   3.972   4.224   4.429
  -0.466  -0.455  -0.434  -0.402  -0.353  -0.269  -0.119   0.122   0.476   0.866   1.289   1.777   2.279   2.783   3.280   3.742   4.131   4.428   4.687
  -0.444  -0.441  -0.427  -0.396  -0.342  -0.258  -0.118   0.111   0.455   0.844   1.305   1.800   2.314   2.833   3.346   3.834   4.265   4.617   4.873
  -0.431  -0.420  -0.405  -0.376  -0.323  -0.236  -0.095   0.126   0.451   0.862   1.336   1.840   2.363   2.896   3.426   3.933   4.394   4.784   5.066
  -0.421  -0.409  -0.391  -0.355  -0.290  -0.192  -0.048   0.171   0.489   0.903   1.382   1.894   2.425   2.965   3.508   4.032   4.504   4.883   5.152
   0.8000   0.0200
  -0.153  -0.153  -0.153  -0.152  -0.152  -0.152  -0.152  -0.151  -0.151  -0.151  -0.141  -0.149  -0.143  -0.125  -0.122  -0.188  -0.110  -0.122  -0.132
  -0.126  -0.126  -0.126  -0.126  -0.126  -0.125  -0.125  -0.125  -0.125  -0.124  -0.124  -0.124  -0.124  -0.123  -0.118  -0.102  -0.084  -0.074  -0.073
  -0.095  -0.092  -0.094  -0.094  -0.094  -0.095  -0.095  -0.095  -0.095  -0.095  -0.095  -0.095  -0.095  -0.095  -0.095  -0.093  -0.086  -0.061  -0.054
  -0.088  -0.085  -0.082  -0.081  -0.082  -0.083  -0.084  -0.084  -0.084  -0.085  -0.085  -0.085  -0.085  -0.085  -0.085  -0.085  -0.085  -0.081  -0.064
  -0.091  -0.085  -0.083  -0.082  -0.077  -0.065  -0.064  -0.063  -0.064  -0.064  -0.063  -0.064  -0.064  -0.065  -0.066  -0.066  -0.066  -0.065  -0.062
  -0.109  -0.088  -0.080  -0.078  -0.073  -0.072  -0.070  -0.070  -0.059  -0.060  -0.060  -0.059  -0.059  -0.060  -0.060  -0.061  -0.062  -0.062  -0.060
  -0.173  -0.109  -0.083  -0.075  -0.072  -0.071  -0.066  -0.064  -0.064  -0.064  -0.065  -0.065  -0.065  -0.064  -0.064  -0.064  -0.065  -0.066  -0.065
  -0.301  -0.175  -0.106  -0.078  -0.069  -0.066  -0.065  -0.060  -0.058  -0.058  -0.058  -0.058  -0.059  -0.059  -0.057  -0.058  -0.058  -0.058  -0.058
  -0.717  -0.313  -0.176  -0.102  -0.073  -0.062  -0.059  -0.058  -0.053  -0.052  -0.051  -0.051  -0.052  -0.052  -0.053  -0.052  -0.050  -0.051  -0.050
  -0.716  -0.713  -0.310  -0.173  -0.096  -0.066  -0.055  -0.052  -0.051  -0.046  -0.045  -0.044  -0.044  -0.045  -0.045  -0.045  -0.045  -0.045  -0.043
  -0.727  -0.713  -0.556  -0.300  -0.165  -0.090  -0.058  -0.048  -0.044  -0.043  -0.038  -0.037  -0.037  -0.037  -0.037  -0.037  -0.038  -0.038  -0.038
  -0.792  -0.730  -0.709  -0.702  -0.296  -0.156  -0.081  -0.050  -0.040  -0.036  -0.035  -0.030  -0.029  -0.029  -0.029  -0.029  -0.029  -0.029  -0.030
  -1.099  -0.820  -0.732  -0.705  -0.695  -0.284  -0.143  -0.070  -0.041  -0.031  -0.028  -0.027  -0.022  -0.021  -0.020  -0.020  -0.020  -0.021  -0.021
  -1.572  -1.195  -0.860  -0.737  -0.702  -0.431  -0.261  -0.127  -0.058  -0.031  -0.022  -0.019  -0.018  -0.013  -0.012  -0.011  -0.011  -0.012  -0.012
  -1.586  -1.554  -1.638  -0.902  -0.745  -0.698  -0.682  -0.237  -0.109  -0.045  -0.020  -0.012  -0.009  -0.008  -0.004  -0.002  -0.002  -0.002  -0.002
  -1.573  -1.567  -1.536  -1.604  -0.941  -0.752  -0.693  -0.376  -0.209  -0.089  -0.031  -0.009  -0.001   0.001   0.001   0.006   0.007   0.008   0.008
  -1.582  -1.580  -1.546  -1.512  -1.601  -0.991  -0.759  -0.689  -0.347  -0.182  -0.070  -0.018   0.001   0.008   0.010   0.010   0.015   0.016   0.016
  -1.492  -1.553  -1.571  -1.525  -1.504  -1.505  -1.033  -0.765  -0.683  -0.316  -0.149  -0.047  -0.003   0.014   0.019   0.021   0.021   0.025   0.026
  -1.398  -1.451  -1.521  -1.547  -1.509  -1.492  -1.492  -1.054  -0.772  -0.676  -0.269  -0.114  -0.025   0.013   0.026   0.031   0.032   0.032   0.036
  -1.362  -1.366  -1.413  -1.504  -1.522  -1.491  -1.497  -1.473  -1.125  -0.772  -0.669  -0.228  -0.079  -0.003   0.028   0.039   0.042   0.043   0.043
  -1.353  -1.348  -1.341  -1.381  -1.479  -1.495  -1.471  -1.482  -1.448  -1.127  -0.768  -0.472  -0.175  -0.046   0.019   0.043   0.052   0.054   0.055
  -1.338  -1.336  -1.332  -1.323  -1.350  -1.418  -1.467  -1.468  -1.467  -1.425  -1.078  -0.759  -0.302  -0.126  -0.013   0.039   0.058   0.065   0.067
  -1.330  -1.321  -1.318  -1.315  -1.307  -1.347  -1.386  -1.436  -1.448  -1.448  -1.396  -1.097  -0.744  -0.247  -0.077   0.018   0.058   0.073   0.078
  -1.362  -1.321  -1.306  -1.300  -1.297  -1.289  -1.300  -1.355  -1.407  -1.430  -1.421  -1.357  -1.066  -0.720  -0.185  -0.030   0.046   0.077   0.088
  -1.545  -1.387  -1.317  -1.291  -1.282  -1.279  -1.272  -1.277  -1.327  -1.378  -1.405  -1.402  -1.359  -1.016  -0.696  -0.122   0.012   0.071   0.094
  -2.749  -1.886  -1.428  -1.320  -1.279  -1.265  -1.260  -1.253  -1.253  -1.301  -1.351  -1.383  -1.381  -1.330  -0.933  -0.258  -0.055   0.049   0.095
  -2.716  -2.687  -2.678  -1.534  -1.331  -1.269  -1.248  -1.241  -1.234  -1.245  -1.274  -1.323  -1.357  -1.352  -1.290  -0.912  -0.172   0.000   0.083
  -2.732  -2.653  -2.628  -2.620  -1.678  -1.349  -1.263  -1.232  -1.222  -1.214  -1.220  -1.249  -1.296  -1.323  -1.333  -1.251  -0.350  -0.090   0.049
  -2.863  -2.645  -2.590  -2.571  -2.564  -1.850  -1.380  -1.259  -1.217  -1.202  -1.194  -1.191  -1.227  -1.269  -1.259  -1.270  -1.249  -0.243  -0.015
  -3.175  -2.731  -2.572  -2.530  -2.517  -2.511  -2.508  -1.416  -1.259  -1.203  -1.183  -1.174  -1.186  -1.204  -1.242  -1.235  -1.240  -1.042  -0.136
  -3.619  -2.968  -2.613  -2.504  -2.475  -2.467  -2.460  -2.457  -1.453  -1.263  -1.189  -1.164  -1.153  -1.165  -1.180  -1.216  -1.197  -1.209  -0.322
  -4.082  -3.351  -2.784  -2.521  -2.443  -2.422  -2.416  -2.411  -2.408  -1.710  -1.267  -1.177  -1.145  -1.131  -1.130  -1.159  -1.162  -1.184  -1.174
  -4.489  -3.800  -3.097  -2.620  -2.440  -2.388  -2.373  -2.368  -2.364  -2.362  -1.729  -1.270  -1.165  -1.126  -1.110  -1.108  -1.137  -1.139  -1.149
  -4.795  -4.226  -3.505  -2.862  -2.498  -2.372  -2.337  -2.326  -2.323  -2.320  -2.318  -1.738  -1.276  -1.152  -1.108  -1.088  -1.090  -1.114  -1.113
  -4.987  -4.580  -3.931  -3.214  -2.654  -2.396  -2.314  -2.290  -2.282  -2.279  -2.278  -2.275  -2.274  -1.277  -1.140  -1.089  -1.066  -1.069  -1.099
  -5.081  -4.830  -4.316  -3.616  -2.938  -2.494  -2.315  -2.262  -2.246  -2.241  -2.238  -2.237  -2.235  -2.234  -1.272  -1.127  -1.069  -1.055  -1.045
  -5.107  -4.976  -4.623  -4.011  -3.298  -2.692  -2.364  -2.251  -2.217  -2.205  -2.201  -2.199  -2.199  -2.196  -2.194  -1.269  -1.112  -1.051  -1.032
  -5.100  -5.040  -4.828  -4.359  -3.681  -2.992  -2.495  -2.269  -2.196  -2.175  -2.167  -2.164  -2.162  -2.161  -2.159  -2.156  -1.259  -1.096  -1.032
  -5.088  -5.056  -4.942  -4.625  -4.045  -3.343  -2.716  -2.338  -2.195  -2.150  -2.135  -2.130  -2.127  -2.126  -2.125  -2.122  -2.119  -1.244  -1.081
  -5.081  -5.055  -4.992  -4.800  -4.359  -3.701  -3.013  -2.489  -2.227  -2.137  -2.109  -2.099  -2.095  -2.092  -2.091  -2.089  -2.085  -2.082  -1.278
  -5.077  -5.052  -5.010  -4.896  -4.597  -4.036  -3.346  -2.716  -2.308  -2.143  -2.089  -2.071  -2.064  -2.061  -2.058  -2.056  -2.053  -2.049  -2.045
  -5.069  -5.051  -5.017  -4.944  -4.752  -4.324  -3.678  -2.999  -2.466  -2.184  -2.081  -2.048  -2.036  -2.030  -2.027  -2.024  -2.021  -2.018  -2.013
  -5.052  -5.046  -5.020  -4.969  -4.844  -4.543  -3.989  -3.310  -2.688  -2.271  -2.092  -2.032  -2.010  -2.002  -1.997  -1.994  -1.990  -1.987  -1.982
  -5.019  -5.033  -5.019  -4.982  -4.897  -4.692  -4.257  -3.617  -2.953  -2.424  -2.136  -2.026  -1.989  -1.975  -1.969  -1.964  -1.960  -1.956  -1.951
  -4.966  -5.005  -5.011  -4.988  -4.930  -4.789  -4.468  -3.907  -3.238  -2.631  -2.222  -2.038  -1.975  -1.952  -1.941  -1.935  -1.931  -1.926  -1.920
  -4.894  -4.958  -4.988  -4.984  -4.947  -4.851  -4.620  -4.163  -3.521  -2.874  -2.361  -2.081  -1.971  -1.932  -1.916  -1.908  -1.902  -1.896  -1.890
  -4.808  -4.893  -4.948  -4.968  -4.952  -4.889  -4.728  -4.373  -3.792  -3.132  -2.549  -2.160  -1.981  -1.917  -1.893  -1.881  -1.873  -1.867  -1.860
  -4.715  -4.812  -4.890  -4.935  -4.943  -4.908  -4.800  -4.535  -4.041  -3.393  -2.766  -2.278  -2.018  -1.912  -1.873  -1.855  -1.845  -1.837  -1.829
  -4.621  -4.723  -4.816  -4.884  -4.919  -4.910  -4.843  -4.656  -4.255  -3.648  -2.998  -2.444  -2.085  -1.919  -1.857  -1.831  -1.817  -1.807  -1.798
  -4.532  -4.631  -4.731  -4.817  -4.876  -4.895  -4.863  -4.738  -4.430  -3.890  -3.235  -2.633  -2.184  -1.945  -1.848  -1.809  -1.789  -1.777  -1.766
  -4.451  -4.542  -4.642  -4.738  -4.816  -4.862  -4.861  -4.787  -4.565  -4.109  -3.473  -2.837  -2.318  -1.997  -1.849  -1.789  -1.762  -1.745  -1.732
  -4.380  -4.460  -4.554  -4.652  -4.743  -4.811  -4.839  -4.807  -4.659  -4.296  -3.706  -3.048  -2.478  -2.074  -1.862  -1.774  -1.735  -1.713  -1.696
  -4.318  -4.386  -4.470  -4.565  -4.662  -4.745  -4.799  -4.801  -4.713  -4.443  -3.925  -3.266  -2.651  -2.175  -1.896  -1.767  -1.709  -1.679  -1.658
  -4.265  -4.322  -4.394  -4.481  -4.577  -4.669  -4.741  -4.773  -4.733  -4.547  -4.117  -3.485  -2.833  -2.302  -1.949  -1.767  -1.685  -1.644  -1.617
  -4.222  -4.266  -4.326  -4.403  -4.492  -4.587  -4.671  -4.726  -4.723  -4.605  -4.272  -3.695  -3.026  -2.442  -2.019  -1.779  -1.666  -1.609  -1.574
  -4.191  -4.219  -4.267  -4.332  -4.412  -4.503  -4.592  -4.662  -4.688  -4.623  -4.380  -3.882  -3.223  -2.592  -2.108  -1.806  -1.651  -1.573  -1.528
  -4.171  -4.184  -4.217  -4.269  -4.338  -4.421  -4.510  -4.588  -4.633  -4.607  -4.439  -4.032  -3.413  -2.752  -2.212  -1.846  -1.642  -1.540  -1.481
  -4.160  -4.160  -4.177  -4.215  -4.272  -4.344  -4.427  -4.507  -4.563  -4.563  -4.452  -4.136  -3.583  -2.920  -2.326  -1.896  -1.643  -1.509  -1.432
  -4.155  -4.146  -4.148  -4.171  -4.214  -4.274  -4.347  -4.424  -4.483  -4.498  -4.426  -4.188  -3.718  -3.082  -2.450  -1.963  -1.654  -1.481  -1.383
  -4.153  -4.139  -4.131  -4.137  -4.165  -4.212  -4.273  -4.341  -4.399  -4.419  -4.370  -4.192  -3.806  -3.226  -2.583  -2.041  -1.672  -1.457  -1.337
  -4.151  -4.137  -4.122  -4.115  -4.126  -4.157  -4.206  -4.263  -4.313  -4.333  -4.293  -4.153  -3.843  -3.336  -2.713  -2.129  -1.701  -1.442  -1.292
  -4.147  -4.136  -4.119  -4.103  -4.099  -4.113  -4.147  -4.190  -4.230  -4.242  -4.204  -4.084  -3.830  -3.400  -2.825  -2.224  -1.745  -1.434  -1.251
  -4.138  -4.133  -4.118  -4.099  -4.083  -4.081  -4.097  -4.126  -4.151  -4.152  -4.108  -3.995  -3.777  -3.415  -2.905  -2.319  -1.798  -1.434  -1.214
  -4.121  -4.125  -4.116  -4.098  -4.075  -4.059  -4.057  -4.070  -4.078  -4.065  -4.009  -3.895  -3.695  -3.383  -2.942  -2.398  -1.857  -1.444  -1.185
  -4.089  -4.110  -4.110  -4.096  -4.074  -4.048  -4.030  -4.023  -4.015  -3.983  -3.912  -3.789  -3.595  -3.316  -2.935  -2.446  -1.914  -1.465  -1.162
  -3.628  -3.773  -3.892  -3.977  -4.021  -4.029  -4.005  -3.951  -3.858  -3.718  -3.533  -3.310  -3.057  -2.786  -2.503  -2.201  -1.862  -1.480  -1.090
  -2.843  -3.052  -3.248  -3.430  -3.594  -3.732  -3.831  -3.872  -3.830  -3.682  -3.422  -3.081  -2.715  -2.357  -2.018  -1.695  -1.383  -1.073  -0.764
  -2.014  -2.242  -2.465  -2.682  -2.890  -3.086  -3.261  -3.400  -3.472  -3.438  -3.270  -2.971  -2.583  -2.158  -1.737  -1.339  -0.967  -0.619  -0.294
  -1.269  -1.492  -1.718  -1.943  -2.163  -2.374  -2.569  -2.730  -2.827  -2.824  -2.713  -2.515  -2.253  -1.932  -1.553  -1.134  -0.708  -0.299   0.082
  -0.713  -0.875  -1.067  -1.275  -1.486  -1.694  -1.886  -2.043  -2.133  -2.127  -2.024  -1.853  -1.640  -1.396  -1.123  -0.812  -0.455  -0.058   0.351
  -0.495  -0.534  -0.615  -0.739  -0.893  -1.059  -1.217  -1.343  -1.411  -1.399  -1.308  -1.159  -0.971  -0.759  -0.528  -0.274   0.007   0.322   0.669
  -0.467  -0.460  -0.455  -0.459  -0.483  -0.532  -0.594  -0.645  -0.665  -0.638  -0.561  -0.442  -0.289  -0.111   0.088   0.307   0.551   0.821   1.118
  -0.471  -0.458  -0.437  -0.399  -0.335  -0.245  -0.142  -0.048   0.033   0.109   0.192   0.289   0.405   0.543   0.703   0.886   1.095   1.332   1.595
  -0.475  -0.465  -0.444  -0.403  -0.321  -0.178   0.036   0.296   0.540   0.729   0.867   0.977   1.079   1.187   1.310   1.455   1.626   1.827   2.057
  -0.465  -0.462  -0.449  -0.415  -0.339  -0.190   0.053   0.385   0.757   1.095   1.352   1.531   1.661   1.769   1.875   1.992   2.131   2.297   2.494
  -0.448  -0.444  -0.436  -0.413  -0.352  -0.218   0.016   0.357   0.770   1.198   1.580   1.877   2.087   2.236   2.356   2.469   2.592   2.736   2.904
  -0.435  -0.430  -0.420  -0.398  -0.345  -0.231  -0.023   0.295   0.703   1.155   1.606   2.008   2.332   2.565   2.732   2.866   2.993   3.128   3.278
  -0.425  -0.415  -0.403  -0.382  -0.333  -0.229  -0.040   0.249   0.630   1.076   1.539   1.997   2.419   2.757   3.004   3.186   3.334   3.474   3.622
  -0.428  -0.413  -0.393  -0.365  -0.317  -0.221  -0.047   0.228   0.598   1.029   1.449   1.933   2.411   2.839   3.180   3.432   3.621   3.784   3.942
  -0.430  -0.417  -0.396  -0.364  -0.310  -0.213  -0.049   0.210   0.584   1.029   1.389   1.875   2.374   2.857   3.280   3.613   3.862   4.061   4.239
  -0.430  -0.416  -0.396  -0.366  -0.315  -0.220  -0.056   0.194   0.559   0.976   1.360   1.849   2.352   2.859   3.336   3.742   4.059   4.305   4.508
  -0.428  -0.416  -0.394  -0.361  -0.311  -0.225  -0.071   0.174   0.532   0.924   1.353   1.848   2.360   2.877   3.383   3.842   4.224   4.514   4.732
  -0.415  -0.407  -0.390  -0.355  -0.300  -0.213  -0.070   0.163   0.513   0.904   1.369   1.869   2.389   2.918   3.441   3.933   4.362   4.708   4.958
  -0.406  -0.394  -0.376  -0.342  -0.284  -0.192  -0.047   0.179   0.510   0.924   1.402   1.909   2.437   2.976   3.514   4.028   4.490   4.836   5.151
  -0.397  -0.385  -0.366  -0.328  -0.260  -0.156  -0.005   0.221   0.547   0.967   1.450   1.966   2.499   3.045   3.593   4.122   4.596   4.971   5.244
   0.9000   0.0200
  -0.149  -0.149  -0.149  -0.149  -0.149  -0.148  -0.148  -0.148  -0.147  -0.147  -0.147  -0.127  -0.135  -0.126  -0.115  -0.122  -0.125  -0.126  -0.126
  -0.113  -0.113  -0.113  -0.118  -0.120  -0.120  -0.120  -0.120  -0.120  -0.119  -0.119  -0.119  -0.119  -0.117  -0.111  -0.095  -0.077  -0.069  -0.068
  -0.091  -0.092  -0.094  -0.094  -0.094  -0.095  -0.095  -0.095  -0.095  -0.095  -0.095  -0.095  -0.095  -0.095  -0.095  -0.093  -0.083  -0.055  -0.047
  -0.088  -0.085  -0.082  -0.081  -0.082  -0.084  -0.085  -0.085  -0.085  -0.085  -0.085  -0.085  -0.086  -0.086  -0.086  -0.086  -0.085  -0.080  -0.060
  -0.091  -0.084  -0.082  -0.082  -0.076  -0.075  -0.064  -0.064  -0.064  -0.064  -0.063  -0.064  -0.065  -0.066  -0.066  -0.067  -0.067  -0.066  -0.062
  -0.109  -0.087  -0.080  -0.077  -0.073  -0.071  -0.070  -0.069  -0.070  -0.070  -0.071  -0.069  -0.069  -0.070  -0.070  -0.071  -0.072  -0.071  -0.069
  -0.173  -0.108  -0.083  -0.074  -0.071  -0.071  -0.065  -0.064  -0.064  -0.064  -0.064  -0.065  -0.064  -0.063  -0.064  -0.064  -0.064  -0.065  -0.064
  -0.303  -0.174  -0.106  -0.078  -0.068  -0.065  -0.064  -0.059  -0.058  -0.057  -0.058  -0.058  -0.058  -0.059  -0.057  -0.057  -0.057  -0.057  -0.057
  -0.717  -0.313  -0.175  -0.101  -0.072  -0.062  -0.059  -0.058  -0.052  -0.051  -0.051  -0.051  -0.051  -0.052  -0.052  -0.052  -0.050  -0.050  -0.049
  -0.716  -0.712  -0.310  -0.172  -0.096  -0.066  -0.055  -0.051  -0.050  -0.045  -0.044  -0.044  -0.044  -0.044  -0.044  -0.045  -0.045  -0.044  -0.042
  -0.729  -0.713  -0.557  -0.301  -0.165  -0.089  -0.058  -0.047  -0.044  -0.043  -0.038  -0.037  -0.036  -0.036  -0.037  -0.037  -0.037  -0.037  -0.037
  -0.804  -0.732  -0.709  -0.701  -0.296  -0.155  -0.080  -0.050  -0.039  -0.036  -0.035  -0.030  -0.029  -0.028  -0.028  -0.028  -0.029  -0.029  -0.029
  -1.141  -0.835  -0.737  -0.706  -0.696  -0.279  -0.143  -0.069  -0.041  -0.030  -0.027  -0.026  -0.022  -0.020  -0.020  -0.020  -0.020  -0.020  -0.020
  -1.565  -1.242  -0.881  -0.740  -0.703  -0.523  -0.261  -0.127  -0.058  -0.030  -0.021  -0.018  -0.017  -0.013  -0.011  -0.011  -0.011  -0.011  -0.011
  -1.588  -1.554  -1.621  -0.929  -0.750  -0.700  -0.682  -0.237  -0.108  -0.045  -0.020  -0.011  -0.008  -0.008  -0.003  -0.002  -0.002  -0.002  -0.002
  -1.575  -1.570  -1.506  -1.572  -0.975  -0.762  -0.696  -0.376  -0.209  -0.089  -0.030  -0.009  -0.001   0.001   0.002   0.006   0.008   0.008   0.008
  -1.578  -1.593  -1.550  -1.541  -1.561  -1.024  -0.773  -0.691  -0.349  -0.181  -0.070  -0.017   0.002   0.008   0.011   0.011   0.015   0.016   0.017
  -1.483  -1.549  -1.570  -1.528  -1.533  -1.549  -1.071  -0.779  -0.691  -0.317  -0.149  -0.046  -0.002   0.014   0.020   0.021   0.021   0.026   0.027
  -1.392  -1.443  -1.522  -1.545  -1.510  -1.520  -1.490  -1.102  -0.788  -0.684  -0.271  -0.114  -0.025   0.013   0.027   0.031   0.032   0.032   0.037
  -1.362  -1.365  -1.404  -1.495  -1.520  -1.492  -1.507  -1.474  -1.162  -0.793  -0.672  -0.229  -0.078  -0.003   0.029   0.039   0.043   0.044   0.044
  -1.353  -1.348  -1.340  -1.374  -1.444  -1.492  -1.502  -1.487  -1.451  -1.169  -0.789  -0.663  -0.175  -0.045   0.019   0.044   0.052   0.055   0.055
  -1.337  -1.335  -1.332  -1.323  -1.345  -1.411  -1.464  -1.480  -1.462  -1.463  -1.155  -0.777  -0.305  -0.125  -0.012   0.039   0.059   0.065   0.067
  -1.332  -1.322  -1.318  -1.314  -1.307  -1.317  -1.379  -1.457  -1.445  -1.446  -1.402  -1.121  -0.764  -0.251  -0.077   0.019   0.059   0.074   0.078
  -1.375  -1.326  -1.307  -1.300  -1.298  -1.290  -1.309  -1.348  -1.403  -1.424  -1.424  -1.369  -1.110  -0.740  -0.187  -0.031   0.046   0.077   0.088
  -1.628  -1.407  -1.324  -1.293  -1.283  -1.279  -1.272  -1.280  -1.319  -1.374  -1.401  -1.399  -1.356  -1.062  -0.711  -0.124   0.013   0.072   0.095
  -2.746  -1.904  -1.460  -1.331  -1.282  -1.266  -1.260  -1.253  -1.250  -1.294  -1.346  -1.382  -1.378  -1.337  -0.971  -0.264  -0.057   0.049   0.095
  -2.709  -2.684  -2.676  -1.532  -1.348  -1.274  -1.250  -1.241  -1.234  -1.241  -1.268  -1.319  -1.350  -1.355  -1.299  -0.950  -0.177   0.000   0.083
  -2.716  -2.647  -2.625  -2.618  -1.839  -1.373  -1.271  -1.234  -1.222  -1.215  -1.219  -1.243  -1.292  -1.282  -1.329  -1.254  -0.363  -0.093   0.049
  -2.822  -2.634  -2.585  -2.569  -2.562  -1.917  -1.410  -1.271  -1.220  -1.203  -1.195  -1.193  -1.221  -1.265  -1.259  -1.273  -1.228  -0.253  -0.020
  -3.114  -2.702  -2.562  -2.526  -2.514  -2.509  -2.506  -1.494  -1.273  -1.208  -1.184  -1.174  -1.181  -1.199  -1.239  -1.233  -1.277  -1.236  -0.140
  -3.541  -2.911  -2.593  -2.497  -2.471  -2.464  -2.458  -2.455  -1.533  -1.282  -1.196  -1.166  -1.153  -1.162  -1.176  -1.202  -1.207  -1.214  -0.335
  -4.003  -3.281  -2.741  -2.505  -2.437  -2.419  -2.414  -2.409  -2.407  -1.761  -1.290  -1.185  -1.148  -1.132  -1.129  -1.154  -1.159  -1.181  -1.177
  -4.418  -3.721  -3.031  -2.591  -2.430  -2.384  -2.370  -2.366  -2.362  -2.360  -2.359  -1.297  -1.175  -1.129  -1.111  -1.106  -1.133  -1.137  -1.146
  -4.737  -4.150  -3.429  -2.809  -2.474  -2.364  -2.334  -2.324  -2.321  -2.318  -2.316  -2.315  -1.306  -1.164  -1.112  -1.090  -1.087  -1.108  -1.110
  -4.943  -4.514  -3.853  -3.143  -2.614  -2.381  -2.309  -2.287  -2.280  -2.278  -2.275  -2.274  -2.272  -1.311  -1.152  -1.094  -1.068  -1.068  -1.097
  -5.048  -4.778  -4.244  -3.539  -2.879  -2.463  -2.304  -2.258  -2.244  -2.239  -2.237  -2.236  -2.233  -2.232  -1.310  -1.142  -1.075  -1.047  -1.045
  -5.083  -4.936  -4.561  -3.936  -3.226  -2.642  -2.345  -2.244  -2.213  -2.203  -2.200  -2.198  -2.197  -2.195  -2.193  -1.354  -1.129  -1.057  -1.036
  -5.081  -5.011  -4.780  -4.289  -3.604  -2.929  -2.459  -2.254  -2.191  -2.172  -2.165  -2.162  -2.161  -2.160  -2.157  -2.155  -1.341  -1.113  -1.038
  -5.071  -5.034  -4.906  -4.567  -3.971  -3.270  -2.660  -2.315  -2.187  -2.147  -2.133  -2.128  -2.126  -2.125  -2.123  -2.120  -2.117  -1.320  -1.099
  -5.065  -5.037  -4.965  -4.754  -4.292  -3.626  -2.949  -2.449  -2.210  -2.131  -2.106  -2.097  -2.093  -2.091  -2.089  -2.087  -2.084  -2.080  -1.511
  -5.061  -5.035  -4.989  -4.862  -4.541  -3.964  -3.275  -2.659  -2.283  -2.134  -2.085  -2.069  -2.062  -2.059  -2.057  -2.055  -2.052  -2.048  -2.044
  -5.053  -5.035  -4.999  -4.919  -4.709  -4.259  -3.605  -2.936  -2.425  -2.166  -2.074  -2.045  -2.034  -2.029  -2.026  -2.023  -2.020  -2.017  -2.012
  -5.036  -5.030  -5.003  -4.948  -4.811  -4.489  -3.918  -3.240  -2.632  -2.242  -2.082  -2.027  -2.008  -2.000  -1.996  -1.992  -1.989  -1.985  -1.981
  -5.002  -5.016  -5.003  -4.964  -4.872  -4.649  -4.193  -3.546  -2.889  -2.383  -2.118  -2.019  -1.986  -1.974  -1.967  -1.963  -1.959  -1.955  -1.950
  -4.949  -4.988  -4.993  -4.970  -4.909  -4.755  -4.414  -3.837  -3.170  -2.578  -2.192  -2.028  -1.971  -1.949  -1.940  -1.934  -1.929  -1.925  -1.919
  -4.878  -4.941  -4.970  -4.967  -4.928  -4.825  -4.577  -4.099  -3.451  -2.811  -2.323  -2.064  -1.964  -1.929  -1.914  -1.906  -1.901  -1.895  -1.889
  -4.793  -4.876  -4.930  -4.950  -4.933  -4.867  -4.693  -4.318  -3.723  -3.067  -2.498  -2.132  -1.971  -1.913  -1.891  -1.879  -1.872  -1.865  -1.858
  -4.701  -4.796  -4.872  -4.917  -4.925  -4.888  -4.772  -4.491  -3.976  -3.325  -2.707  -2.243  -2.002  -1.906  -1.869  -1.853  -1.844  -1.836  -1.827
  -4.608  -4.708  -4.799  -4.866  -4.900  -4.891  -4.820  -4.619  -4.198  -3.580  -2.935  -2.397  -2.060  -1.909  -1.853  -1.829  -1.815  -1.806  -1.796
  -4.520  -4.617  -4.715  -4.800  -4.857  -4.876  -4.842  -4.709  -4.383  -3.825  -3.170  -2.578  -2.148  -1.931  -1.842  -1.805  -1.787  -1.775  -1.763
  -4.440  -4.529  -4.627  -4.722  -4.798  -4.843  -4.841  -4.762  -4.526  -4.049  -3.406  -2.777  -2.277  -1.975  -1.840  -1.784  -1.759  -1.743  -1.729
  -4.369  -4.448  -4.540  -4.637  -4.726  -4.792  -4.820  -4.785  -4.626  -4.244  -3.641  -2.986  -2.428  -2.043  -1.849  -1.768  -1.731  -1.709  -1.693
  -4.307  -4.375  -4.457  -4.551  -4.646  -4.727  -4.780  -4.780  -4.686  -4.399  -3.863  -3.201  -2.595  -2.139  -1.877  -1.757  -1.703  -1.675  -1.654
  -4.255  -4.310  -4.382  -4.468  -4.562  -4.652  -4.722  -4.753  -4.709  -4.509  -4.061  -3.419  -2.774  -2.258  -1.923  -1.754  -1.678  -1.639  -1.612
  -4.212  -4.255  -4.315  -4.390  -4.478  -4.571  -4.653  -4.706  -4.700  -4.574  -4.222  -3.631  -2.964  -2.391  -1.985  -1.763  -1.656  -1.602  -1.568
  -4.181  -4.208  -4.256  -4.320  -4.399  -4.488  -4.575  -4.643  -4.666  -4.596  -4.337  -3.821  -3.158  -2.535  -2.070  -1.784  -1.639  -1.565  -1.521
  -4.160  -4.173  -4.206  -4.258  -4.325  -4.407  -4.494  -4.570  -4.612  -4.582  -4.402  -3.978  -3.348  -2.693  -2.166  -1.817  -1.626  -1.529  -1.472
  -4.149  -4.149  -4.166  -4.204  -4.259  -4.331  -4.411  -4.490  -4.543  -4.539  -4.419  -4.087  -3.519  -2.856  -2.274  -1.863  -1.624  -1.496  -1.422
  -4.143  -4.135  -4.137  -4.159  -4.202  -4.261  -4.333  -4.407  -4.464  -4.476  -4.396  -4.145  -3.659  -3.017  -2.394  -1.924  -1.629  -1.465  -1.371
  -4.141  -4.128  -4.120  -4.126  -4.153  -4.199  -4.259  -4.325  -4.380  -4.398  -4.342  -4.153  -3.753  -3.162  -2.523  -1.995  -1.642  -1.439  -1.323
  -4.140  -4.125  -4.111  -4.104  -4.114  -4.145  -4.193  -4.247  -4.295  -4.311  -4.267  -4.118  -3.795  -3.275  -2.651  -2.077  -1.667  -1.420  -1.276
  -4.135  -4.124  -4.107  -4.092  -4.087  -4.101  -4.134  -4.176  -4.212  -4.221  -4.178  -4.051  -3.787  -3.344  -2.763  -2.169  -1.705  -1.408  -1.232
  -4.126  -4.120  -4.106  -4.087  -4.070  -4.068  -4.084  -4.111  -4.133  -4.131  -4.082  -3.963  -3.737  -3.363  -2.845  -2.261  -1.752  -1.402  -1.194
  -4.107  -4.113  -4.103  -4.085  -4.063  -4.047  -4.045  -4.055  -4.062  -4.044  -3.984  -3.863  -3.656  -3.336  -2.886  -2.338  -1.805  -1.409  -1.161
  -4.075  -4.097  -4.097  -4.084  -4.061  -4.036  -4.018  -4.009  -3.998  -3.962  -3.887  -3.757  -3.557  -3.272  -2.883  -2.389  -1.861  -1.425  -1.134
  -3.608  -3.754  -3.874  -3.960  -4.006  -4.014  -3.990  -3.935  -3.840  -3.696  -3.507  -3.278  -3.020  -2.746  -2.461  -2.156  -1.815  -1.432  -1.047
  -2.818  -3.026  -3.223  -3.406  -3.571  -3.709  -3.809  -3.850  -3.807  -3.656  -3.391  -3.047  -2.678  -2.318  -1.976  -1.652  -1.338  -1.028  -0.720
  -1.988  -2.216  -2.439  -2.655  -2.863  -3.059  -3.233  -3.370  -3.438  -3.398  -3.227  -2.928  -2.540  -2.115  -1.694  -1.295  -0.922  -0.574  -0.249
  -1.241  -1.465  -1.692  -1.916  -2.136  -2.346  -2.539  -2.697  -2.786  -2.774  -2.657  -2.457  -2.196  -1.878  -1.503  -1.087  -0.662  -0.253   0.128
  -0.677  -0.844  -1.038  -1.246  -1.458  -1.665  -1.855  -2.007  -2.090  -2.075  -1.966  -1.791  -1.576  -1.332  -1.060  -0.752  -0.399  -0.006   0.400
  -0.448  -0.491  -0.576  -0.704  -0.860  -1.026  -1.182  -1.305  -1.366  -1.347  -1.250  -1.096  -0.907  -0.694  -0.462  -0.209   0.072   0.384   0.728
  -0.417  -0.410  -0.406  -0.411  -0.438  -0.489  -0.551  -0.601  -0.616  -0.585  -0.505  -0.382  -0.227  -0.047   0.153   0.373   0.616   0.887   1.182
  -0.421  -0.407  -0.385  -0.345  -0.279  -0.186  -0.084   0.009   0.089   0.165   0.248   0.346   0.465   0.604   0.765   0.950   1.159   1.397   1.659
  -0.425  -0.414  -0.393  -0.349  -0.262  -0.111   0.109   0.370   0.610   0.793   0.927   1.035   1.137   1.245   1.369   1.515   1.688   1.890   2.121
  -0.421  -0.415  -0.399  -0.361  -0.279  -0.122   0.130   0.469   0.842   1.173   1.421   1.594   1.720   1.827   1.932   2.051   2.191   2.358   2.555
  -0.411  -0.406  -0.394  -0.366  -0.296  -0.153   0.093   0.443   0.860   1.286   1.662   1.949   2.152   2.297   2.414   2.527   2.650   2.795   2.965
  -0.399  -0.394  -0.383  -0.358  -0.300  -0.175   0.047   0.377   0.792   1.247   1.694   2.092   2.407   2.631   2.794   2.926   3.052   3.187   3.338
  -0.389  -0.379  -0.367  -0.345  -0.293  -0.183   0.015   0.317   0.711   1.164   1.627   2.088   2.504   2.833   3.072   3.249   3.395   3.534   3.684
  -0.392  -0.377  -0.357  -0.329  -0.279  -0.179   0.000   0.282   0.662   1.104   1.534   2.026   2.503   2.924   3.256   3.500   3.686   3.847   4.005
  -0.394  -0.380  -0.360  -0.327  -0.272  -0.172  -0.005   0.259   0.639   1.090   1.464   1.962   2.467   2.949   3.364   3.689   3.932   4.128   4.305
  -0.394  -0.380  -0.360  -0.329  -0.276  -0.179  -0.012   0.241   0.612   1.032   1.424   1.924   2.439   2.951   3.426   3.825   4.135   4.376   4.578
  -0.393  -0.380  -0.358  -0.324  -0.273  -0.184  -0.027   0.222   0.585   0.960   1.413   1.914   2.436   2.963   3.474   3.930   4.302   4.590   4.804
  -0.387  -0.376  -0.355  -0.318  -0.261  -0.173  -0.026   0.211   0.566   0.959   1.428   1.933   2.460   2.997   3.527   4.022   4.448   4.788   5.032
  -0.383  -0.370  -0.348  -0.310  -0.247  -0.152  -0.003   0.227   0.563   0.982   1.463   1.974   2.506   3.049   3.594   4.113   4.566   4.915   5.225
  -0.374  -0.363  -0.343  -0.303  -0.232  -0.124   0.034   0.267   0.601   1.026   1.513   2.031   2.568   3.117   3.669   4.201   4.676   5.046   5.319
