4 36 71 TOPS ATOMIC GS98 variable X Z=.02 high; native log rho; all substituted cells excluded
-10 -9.7999981345933982 -9.5999976540720446 -9.3999969133722594 -9.1999981721820312 -9 -8.7999981345933982 -8.5999976540720446 -8.3999969133722594 -8.1999981721820312 -8 -7.7999981345933982 -7.5999976540720438 -7.3999969133722594 -7.1999981721820312 -7 -6.7999981345933982 -6.5999976540720438 -6.3999969133722594 -6.1999981721820312 -6 -5.7999981345933982 -5.5999976540720438 -5.3999969133722594 -5.1999981721820312 -5 -4.7999981345933982 -4.5999976540720438 -4.3999969133722594 -4.1999981721820312 -4 -3.7999981345933982 -3.5999976540720442 -3.3999969133722594 -3.1999981721820312 -3 -2.7999981345933982 -2.5999976540720442 -2.3999969133722598 -2.1999981721820312 -2 -1.7999981345933982 -1.5999976540720442 -1.3999969133722596 -1.1999981721820312 -1 -0.79999813459339819 -0.59999765407204408 -0.39999691337225962 -0.19999817218203128 0 0.20000186540660178 0.40000234592795586 0.60000308662774038 0.80000182781796869 1 1.2000018654066018 1.400002345927956 1.6000030866277404 1.8000018278179688 2 2.2000018654066018 2.4000023459279558 2.6000030866277402 2.8000018278179688 3 3.2000018654066018 3.4000023459279558 3.6000030866277402 3.8000018278179688 4
5.4625671197287904 5.5417483657764146 5.6666871023847145 5.7635971153927716 5.8427783614403959 5.9097251510710089 5.9677170980486958 6.0188696204960772 6.064627111056752 6.1615371240648091 6.2407183701124334 6.3076651597430464 6.3656571067207333 6.4168096291681147 6.4625671197287904 6.5039598048870149 6.5417483657764146 6.6086951554070277 6.6666871023847145 6.717839624832096 6.7635971153927716 6.8049898005509961 6.8427783614403959 6.8775404676996077 6.9097251510710089 6.9677170980486958 7.0188696204960772 7.064627111056752 7.1157796335041335 7.1615371240648091 7.2029298092230336 7.2407183701124334 7.2754804763716452 7.3076651597430473 7.3376283831204896 7.3656571067207333
0.59999999999999998 0.02
-0.47848272826738314 -0.47489037772806642 -0.46895559473176257 -0.46264691996006979 -0.45344499878570238 -0.44303450010305723 -0.42879211819714463 -0.41203100381780089 -0.39089671716798902 -0.36544212581492724 -0.33555547590529039 -0.29731964375416964 -0.25531593672311359 -0.20334935976681309 -0.14768472792062939 -0.078740226853843742 -0.0030507515046188267 0.086786795626624225 0.187689893525184 0.30278533614569875 0.43018797034349482 0.56875304534647042 0.71494973769763492 0.86730835489517633 1.0199466816788423 1.175453826250483 1.328155261969947 1.4821873135445873 1.633488654853184 1.7846244238466078 1.9309744873078489 2.0757658782157344 2.2127999806255669 2.3439990690571615 2.4671935894118153 2.5764450155602119 2.6842437523706262 2.7733475419808231 2.8739654600044049 2.9561107769387291 3.0560659294317527 3.1456314152903277 3.248635244699329 3.3439597290071408 3.4413966028543679 3.5350408132511606 3.6102448301222823 3.6914970130489317 3.7446136948339759 3.808305521305746 3.859534567845929 3.920206836430757 3.9846982971969767 4.0487912738484093 4.1081250947385994 4.1427335113135193 4.1502343589578965 4.1093422696379731 4.0205684348013628 3.9094757950169909 3.7623934409599462 3.616359966734068 3.4573973957975026 3.2888972763225661 3.1737106028159108 3.0986783295764395 3.0130479961152319 2.8378282439683997 2.6612919770656034 2.482373285458582 2.2915908256580013
-0.48909322843810665 -0.48810327631956907 -0.48692896574366346 -0.48513361601074534 -0.48313423850218573 -0.47984411305513575 -0.47647463755187602 -0.47047981859431653 -0.46418706246110764 -0.4540870262817035 -0.44257701848642583 -0.42492767428618755 -0.40316108617484259 -0.37372123904848153 -0.33770503292300069 -0.29310307614529729 -0.23669182833929975 -0.17223668011901239 -0.089583722182006026 0.00013026880522704667 0.11314083686708085 0.23487145856270245 0.37500481553063975 0.52448699634373952 0.68429766181482465 0.84895231148156103 1.0159462436575661 1.181757863468677 1.3456481414878663 1.5028502825939831 1.657285375181782 1.8005521250050067 1.9435489229683844 2.0702965181977651 2.1980244255331201 2.3063177811044322 2.4125781354312723 2.5039948487658239 2.5919101009311429 2.6778714633289114 2.7611080669650399 2.8541966951600273 2.9408251625702366 3.0461438407492261 3.1321315601653406 3.2391993420543015 3.3169134391649919 3.4057560397739559 3.4735307622581324 3.542152932286831 3.6058758274103515 3.6753566698135414 3.7474506518095207 3.8281570095031574 3.908736943829088 3.9748799730069306 4.0074917332953355 3.9975174394147248 3.9491508348487319 3.850100727579969 3.7314437075565792 3.5808793780608048 3.4475611176714263 3.2711675789480879 3.1199813073041538 3.0270232545887037 2.9562020581709154 2.8442410144039862 2.6714413000230848 2.4907728959055508 2.3061246707365299
-0.49354908865967589 -0.49319742223759916 -0.49271096912673595 -0.49210366797012717 -0.49125487053045219 -0.49035399773919647 -0.48916019855063941 -0.48791624165608261 -0.48613011610813534 -0.48421885097784156 -0.48124923680519988 -0.47784278259358171 -0.47249898901887982 -0.46599929202462914 -0.4569506393604667 -0.4456077645029502 -0.42995935754278536 -0.408345598575374 -0.38021819047890681 -0.33875539104066649 -0.28900308508377776 -0.21226330852995981 -0.1254717981840841 -0.0018540464216488008 0.13248382500056197 0.29813229177960976 0.4715117369769623 0.65667304588485009 0.84361269743152278 1.0269416279590293 1.2035224168225849 1.3736291006496684 1.5260418906808788 1.6769221255374807 1.8016163456153991 1.9282934122322022 2.031327657761131 2.1351962796066011 2.2216749970707688 2.3058885302843097 2.3848728944929207 2.4622631959342201 2.5465920123199437 2.6284093669568307 2.7237593257004455 2.8070950990746182 2.9090529833172631 2.9819680258634245 3.0709609158009337 3.1390916075238229 3.21648259735246 3.2895220642581657 3.3747849937871734 3.4646683552929041 3.5641095268659488 3.6622477082456628 3.7385030920054088 3.7800002983365708 3.7734938922709707 3.72935920638567 3.6404516216805098 3.5268043438079109 3.384371337600991 3.2542095967296154 3.0793259867528149 2.930842099081322 2.8392328626224366 2.7724904032296687 2.6829569263012085 2.5089469798218746 2.326151451483546
-0.49428038391565837 -0.49432104755844364 -0.49414486593100232 -0.49398230014886713 -0.49368442083549391 -0.49326502828420327 -0.49271096912673595 -0.49192838340062484 -0.49103956682304783 -0.4897902229106918 -0.48835723798312114 -0.48615672076888267 -0.48368943332546649 -0.48018512710169442 -0.47631855219924685 -0.47059531391411158 -0.46366886401602808 -0.45439603151858321 -0.44285385768163688 -0.42665256034306343 -0.40519876422161466 -0.37624432803838798 -0.3362708134161137 -0.28521773665347 -0.21051095056436411 -0.12340693403262594 0.0078330927013194277 0.14946545099545205 0.33609934008508568 0.52509665999874833 0.7321926510062684 0.93462468129296772 1.1258714674176817 1.3055018414640334 1.4703075653961379 1.6104259215337375 1.7476448193282481 1.853375716612023 1.966859485849763 2.0496056125949731 2.140884980265866 2.216719967190278 2.298525595321999 2.3783252095960719 2.4622631959342201 2.5473808321202376 2.6286238964318183 2.7157527168228595 2.7871628135096849 2.8706847596638334 2.9360309247727971 3.0152759066818753 3.0945759336492489 3.18937800584203 3.2949069106051923 3.4011936846300252 3.4993020941333279 3.5667084733924672 3.610915555324175 3.5913317829696556 3.5393396079706205 3.4535323761251067 3.3382771606967721 3.2018885003659729 3.0627699498151282 2.8951240732440984 2.7596905029410848 2.6790825042766264 2.6140319822010385 2.516575033681399 2.3449029080554058
-0.49268395992358638 -0.49257593990514525 -0.4925624392917522 -0.49237347475785825 -0.49231949998918195 -0.49200927518030863 -0.49184750668505484 -0.49140295376993148 -0.49099920925814167 -0.4903271347168644 -0.48942818231941848 -0.48825028865501718 -0.48662256634800705 -0.48472239623204139 -0.48205232800475056 -0.47888807940220396 -0.47413922706814621 -0.46850830977847008 -0.46072311780933212 -0.45151230852120716 -0.43863620996571578 -0.42299101786887072 -0.40118761497276084 -0.37351591827976349 -0.33440962907293315 -0.28339574146617336 -0.21401565691503693 -0.12231197655821259 -0.0084992534505768397 0.14213908013213508 0.30308801052805368 0.50905459499526784 0.70510217474033665 0.9154684303812598 1.1127055210308925 1.2885621983938205 1.454112800025813 1.5938617901726064 1.7175789753639359 1.8314730355669422 1.925966650230803 2.0253058652647704 2.1041113796989683 2.1973632730067196 2.2721666251407875 2.3619921087578137 2.4364330026600975 2.5201165528332337 2.5921212174658845 2.6662839226231023 2.7379238051278323 2.8089263276938539 2.8874147323583323 2.9787692238264771 3.0803017267939117 3.1922886125681202 3.2968187015804888 3.3842637857228031 3.4348242962684936 3.4571852565536685 3.4378614997952215 3.3718618026208951 3.2834595363769936 3.16220583117701 3.0323769712099362 2.87646610290003 2.7193064220840433 2.6085474268671125 2.5372396493810405 2.4708660112741248 2.349685397810314
-0.49449730068705472 -0.49422617164721905 -0.49400939022041646 -0.49368442083549391 -0.49333264485658967 -0.49291359170948634 -0.49244095265328824 -0.49194186431763492 -0.49132217483450669 -0.49071681126333377 -0.48989755218296965 -0.48903965978258795 -0.48782275452152651 -0.48646279156593525 -0.48456331885830101 -0.48226322095588708 -0.47901891858070184 -0.47496815717103652 -0.46977468045937448 -0.46327746551758364 -0.45492803536608933 -0.4438181533470888 -0.42951543695559924 -0.40983832719251723 -0.38526092968029707 -0.35066514128785814 -0.30821147559730161 -0.24716055027960457 -0.17303806899439275 -0.069122253964437372 0.053385799817481976 0.20964903536822879 0.38501609013594529 0.57702048403088502 0.78002192026655426 0.97497659485084043 1.1615476731257275 1.3402259212571901 1.4803088308599395 1.624983003206901 1.7328760413627067 1.8453585385616471 1.9392795757461427 2.0334237554869499 2.1226745132061984 2.2081994171337973 2.2949949938591003 2.3694941621180989 2.4516175956663284 2.5149990780786804 2.5911202822373829 2.6546385163726205 2.7287027009365494 2.8130202467447742 2.9113440755366784 3.0164065008711178 3.119420863442087 3.2144199392957367 3.2836403888003676 3.330900559667934 3.325310371711061 3.2891651526498893 3.2196892890858044 3.1204093945560687 2.9940486607421426 2.8635964389494299 2.6984050542123486 2.5589844158701327 2.4778011169881489 2.4071868826308207 2.3351769727700269
-0.49552913750558103 -0.49506722322595825 -0.49459223585406004 -0.49406357543345042 -0.49348143838274994 -0.49294061519788429 -0.49226553192773709 -0.49167232545287543 -0.49086471112083152 -0.4901122903347056 -0.48916019855063941 -0.48819682386584429 -0.48707558103503201 -0.4857844037474181 -0.48432481199746591 -0.4824742163661786 -0.48026386069181276 -0.47721681001714933 -0.47349272450457686 -0.46854663044337846 -0.46239495784822288 -0.4538276316830574 -0.44315497014041866 -0.42873383849900659 -0.41046367740692952 -0.38567237824914941 -0.35376296504462273 -0.31109987192865646 -0.25558965584920695 -0.18410362034676411 -0.090085772085407481 0.021685352215705521 0.16876257562235705 0.32465278554298799 0.51633702062361297 0.70481089741090475 0.90042175345773756 1.0889861189479131 1.2577505514152549 1.4157243617687161 1.5558076057385941 1.6764466773108975 1.795935603480322 1.8918774011446162 1.9989477335972834 2.0820309812670121 2.179523067035285 2.2521488548185071 2.3342526423342309 2.3995698936568428 2.467889159261119 2.5338991007965945 2.6028193424326997 2.6798547127651058 2.7717050404629173 2.868074015711457 2.9716097929928549 3.0692609862847466 3.1501114251287818 3.1983821300082944 3.2212577071209099 3.208360724978379 3.1524412380589548 3.0743775376448044 2.9608131310894832 2.8380426948098019 2.6834793154628964 2.5307886068853547 2.4184835904314235 2.3491997944299987 2.2829391657547733
-0.49672696671121286 -0.49645444255448956 -0.49603236778378079 -0.49562429852120049 -0.49499933607313013 -0.49438882875844747 -0.49352202728434219 -0.49267045595188386 -0.49159149640333949 -0.49047490190618137 -0.48920038557572049 -0.48782275452152651 -0.48634299904216272 -0.48461633817555333 -0.48290971841287678 -0.48073656221538141 -0.47853501038523039 -0.47568178523907095 -0.47240876207943278 -0.46840613786636148 -0.46344155742846993 -0.45713724274136269 -0.44894055464508464 -0.43815951326903996 -0.42384300487790649 -0.40515460504295969 -0.38017649954272198 -0.34835376736018742 -0.3046321656120351 -0.25053423678012604 -0.17612817565562072 -0.087204224617538226 0.029586671630457136 0.16366815378266869 0.32459108576092649 0.49975579466378139 0.68464791018299653 0.87455718937320526 1.0572095125077903 1.2253609803726595 1.3924155377423488 1.5221180641467127 1.6608370298353445 1.7673191597998479 1.8803848005903028 1.9756201917069527 2.0708502534275732 2.1556699817198113 2.2327674741763426 2.3067037444296408 2.3674863761677867 2.4340896384178907 2.4969849686875056 2.5681547707741332 2.6509094828956088 2.7423794429980903 2.8411403906121144 2.9337757093681112 3.0197392326747052 3.0810591230013196 3.125383660467707 3.119816545937216 3.0848264166974335 3.0223046229350685 2.926784748872993 2.8076229604165754 2.6706725140692402 2.5123775073129306 2.3803559824167961 2.3014423795704335 2.2365624518533602
-0.49749094538992983 -0.49735442202207608 -0.49714971740601693 -0.49691783542395851 -0.4965770572627663 -0.49615486336843834 -0.49556991824479157 -0.494809308480817 -0.49387395675753476 -0.49265695240006135 -0.49136256242410509 -0.48953542214511386 -0.48783610859443022 -0.48543896636596923 -0.4832531490864953 -0.4804607571370873 -0.47771229721510911 -0.47438515060448816 -0.47077503437266777 -0.4666092919824486 -0.46176569136235873 -0.45615536455048872 -0.44911153191864767 -0.44052429394936859 -0.42934032997846594 -0.41520532316704561 -0.39611979163370953 -0.37139653038168913 -0.33757273554727363 -0.29407644811097217 -0.23559967704361184 -0.16142164091574665 -0.066877308071885133 0.049838000622583409 0.18545715740192589 0.34598112182630497 0.51373684428725142 0.69938672704373517 0.8819948653257752 1.0575139601065906 1.2303978249040808 1.3811150807098507 1.5269721621429038 1.6547923987311808 1.7711389928163417 1.8829739680288555 1.9781759501996088 2.0754739645889462 2.1460659891773961 2.2258001705705452 2.2807604263262666 2.3460985833709906 2.4047824189666427 2.4713944036928326 2.5453442340661119 2.6328013519549085 2.7219094945394802 2.8149929830359763 2.9043963324223281 2.9757304268937963 3.0242803760470798 3.036069700697702 3.0188668631509068 2.9704026706521862 2.8910912264677235 2.7775935478628258 2.6581354630718694 2.5000717301254638 2.3590192282926736 2.2562365332059229 2.189097109071418
-0.49811950624494133 -0.49809215858699313 -0.49805114032871939 -0.49799645534336012 -0.49794177724289401 -0.497859772997578 -0.49776412094422756 -0.49761385312582967 -0.49739537452633276 -0.49708150397004602 -0.49664519150647035 -0.49601875929577616 -0.49514870181946885 -0.49405002849638419 -0.49244095265328824 -0.49062271938988444 -0.48758245139916001 -0.48444404905491412 -0.47956887397845877 -0.4744887390323862 -0.46748767070961167 -0.46018397193794403 -0.45141405740786394 -0.44187968485699741 -0.4309656986042576 -0.41825508484501184 -0.40382090775710011 -0.38578849835778678 -0.36473747800641904 -0.33669492455290195 -0.30229999064750834 -0.25605145896617698 -0.19812314624242014 -0.12114514335578028 -0.026548855975065327 0.091279964228837537 0.22929779411410511 0.38472965161983397 0.55545721720464947 0.73032998649758907 0.90660437172498032 1.0813473078041325 1.2400747595688211 1.3988944070784954 1.5321171162488039 1.6633427909904914 1.7743928638611803 1.8768065110935155 1.9622414438746518 2.0299516420368406 2.0954483265381221 2.1482014874585116 2.2062590352092828 2.2605483726369795 2.3239324087579938 2.3939435393155746 2.4748861346502506 2.5633030593694119 2.6494808973220154 2.7333417383133622 2.7975860451602759 2.8481767964058036 2.8519245712357448 2.8326940870465021 2.7871911709685198 2.7057440083328799 2.5957606861483127 2.4703075653961379 2.3171645853231562 2.1838390370564214 2.0931063569779069
-0.49848886827597461 -0.49847518259737189 -0.49846149735002471 -0.49843412814898824 -0.49840676067264778 -0.49836571269146668 -0.49831098808429952 -0.49822891410089298 -0.49814685562508854 -0.498037468436826 -0.49790077318471287 -0.49772313365530335 -0.49751825521430004 -0.49724523421963962 -0.49680875731666563 -0.49620931694281889 -0.49531170487977222 -0.49407712279309907 -0.49238696949822769 -0.48992438864605081 -0.48692896574366346 -0.48213140086081102 -0.47670887081320995 -0.46771710546119866 -0.45790938844481865 -0.44345629151648547 -0.42761638223353432 -0.4074013710938687 -0.38495523323992265 -0.35839700843244693 -0.32734807715999753 -0.29089123290293367 -0.24603413413483965 -0.19304035339646911 -0.12395544975390488 -0.042445386909183952 0.063408424975945302 0.18460626668713603 0.33122478102073244 0.4897335437824098 0.66089392430903771 0.83500530407318974 1.005652315355074 1.1678192898771318 1.3220745057737839 1.4536699150652268 1.5847381847114466 1.6829569263012085 1.7831314491505796 1.8484292985755835 1.9157479755368121 1.969126907868888 2.023499381548012 2.0760575957628258 2.1328677883190843 2.1957889900358731 2.2698630405544109 2.348869273711534 2.4383207941864491 2.5263004993656293 2.6071010093893721 2.6609792520468472 2.6970287186545243 2.7038500115766531 2.6786640299115732 2.6274170675452009 2.5361795321372251 2.4319585010371134 2.2921231037128686 2.1455071714096627 2.0240338979009049
-0.49876267245356715 -0.49876267245356715 -0.49874897814414254 -0.49874897814414254 -0.49873528426651748 -0.49872159082066481 -0.49869420522416785 -0.49866682135443385 -0.49861205879438353 -0.49855730313877256 -0.49847518259737189 -0.49836571269146668 -0.49824259202105231 -0.49807848540377581 -0.497859772997578 -0.49760019499289659 -0.49725888119379202 -0.4967951244793502 -0.49620931694281889 -0.49528453345411166 -0.49405002849638419 -0.49218459240798301 -0.48970974335979683 -0.48614341823478552 -0.4811703243889015 -0.47438515060448816 -0.46418706246110764 -0.45162286759904208 -0.43176306429438427 -0.40933646532637374 -0.37619268963281199 -0.33980829565037945 -0.29323102683176894 -0.24144386024972769 -0.178938687634627 -0.10711547744898464 -0.021481677652691322 0.079434510633743738 0.19672872262328683 0.3346748633401479 0.48234467957779847 0.64776427755577248 0.81205059272187941 0.97464062635887561 1.1298509507889101 1.2664198658791035 1.393627841834818 1.5017984404471527 1.5945251391360056 1.6747693140154263 1.7356228491011567 1.7989543382392428 1.8487001133007568 1.9076692808941553 1.958774051911357 2.0232524596337114 2.0881715398643523 2.1672582430436282 2.2526831619321976 2.3397296186846042 2.4269177138808158 2.4987928353293385 2.5563266275683212 2.574158642095083 2.571487553055797 2.5423149243485255 2.4767302136910794 2.3829171350875309 2.2693961826949915 2.1189257528257768 1.9841265874999401
-0.49898184015134117 -0.49898184015134117 -0.49898184015134117 -0.49898184015134117 -0.49896813892941705 -0.49896813892941705 -0.49895443813972856 -0.49894073778224851 -0.49891333836380442 -0.49888594067386677 -0.49884484737943258 -0.49879006236792434 -0.49870789780655733 -0.49861205879438353 -0.49847518259737189 -0.49831098808429952 -0.49807848540377581 -0.49779144795269353 -0.49742267834137405 -0.49693147211386945 -0.49629101010829219 -0.49543399733672688 -0.49421261963742275 -0.49261644426361312 -0.49016599146703821 -0.48698227466838179 -0.48198644495392506 -0.47548704307989414 -0.46536478517374702 -0.45180719529668772 -0.43164571277996966 -0.40407410539380201 -0.36706716778035614 -0.31693494161708846 -0.25786427545652746 -0.18269250736399228 -0.10026155088080976 -0.0022074737097034047 0.10476016663852508 0.22860565035509176 0.36202984888226963 0.50994140415822631 0.66235167088722524 0.81563086978258115 0.96307916064182719 1.1013345732201798 1.2213620672035705 1.3365197704104161 1.4218341735047786 1.5107326277843331 1.5682251988099485 1.6326495944788777 1.6851234364220964 1.7439642034202467 1.7992578188157655 1.8616419257569761 1.9272625460621315 2.003805073565025 2.0866089445729479 2.1805559407036412 2.2744811396889157 2.3564847806052209 2.4140536750309458 2.455058145267178 2.470733812658553 2.454677205220384 2.4138527600428668 2.3382372988810576 2.2369401320944888 2.097292024091896 1.9546428408926035
-0.49943422313767899 -0.4994205076366624 -0.4994205076366624 -0.4994205076366624 -0.4994205076366624 -0.4994205076366624 -0.49940679256878284 -0.49940679256878284 -0.499393077934013 -0.49937936373232544 -0.49936564996369293 -0.49933822372548348 -0.49929708761539787 -0.49924224552896268 -0.49915999538221201 -0.49905035274545118 -0.49889963930278597 -0.49870789780655733 -0.49843412814898824 -0.49809215858699313 -0.49764117068036773 -0.49705422159532187 -0.49629101010829219 -0.49529811895444609 -0.49394166820965951 -0.49210366797012717 -0.48949520410721847 -0.48579769528919953 -0.48051327793554333 -0.47267949915260232 -0.46209279614402993 -0.44532916482854396 -0.42372777378011905 -0.38855285940308165 -0.3446502343445666 -0.27981588047553102 -0.20209568392475566 -0.1056285461437623 0.003158833950862062 0.12408015687969996 0.25367716542292434 0.39289032070334656 0.53607843349697282 0.68129552079318223 0.818272092697229 0.95301026189772775 1.0668475109738993 1.1780267882704327 1.2667724635130722 1.3500346963400578 1.4181354984252321 1.4770923007890604 1.5361795321372254 1.5914096783352687 1.6530966864691754 1.7123044855104286 1.7828308052025919 1.8541420115135328 1.9384947074926864 2.0345081367791695 2.1266183755229515 2.2160866924219129 2.2865911834373263 2.3465094487747611 2.3677285460869766 2.3683984665792499 2.3450991461328954 2.2862543208287911 2.1975562131535367 2.0767860335080792 1.9312238785523543
-0.49981843313093 -0.49981843313093 -0.49981843313093 -0.49981843313093 -0.49981843313093 -0.49981843313093 -0.49981843313093 -0.49980470549095907 -0.49980470549095907 -0.49979097828489222 -0.49979097828489222 -0.49976352517436101 -0.49974979926984181 -0.49970862415894085 -0.49966745295144893 -0.49959884294452833 -0.49951652524118861 -0.499393077934013 -0.49921482708254405 -0.49898184015134117 -0.49868051307346906 -0.49825627037200554 -0.49769581094488829 -0.49697238475291333 -0.49601875929577616 -0.49475503015149735 -0.493062241708633 -0.49071681126333377 -0.48750237989687684 -0.48271170879749065 -0.47611052561949918 -0.46605009264252578 -0.45215148312596687 -0.4310008456509245 -0.40135172882495873 -0.35816908174045847 -0.29764702306569135 -0.21943788104293646 -0.11682706595656944 -0.0010783880697228078 0.13039810365280147 0.26969969738437322 0.40984862202119177 0.55210826014798298 0.6843695306658093 0.81153479155676278 0.92646592513150594 1.0315296458034229 1.1271047983648077 1.2052855835005249 1.2842953482305266 1.3386755777532025 1.4030003440211631 1.454128063868426 1.5190137488404185 1.5763874267515794 1.6502880911767708 1.7197206513340026 1.8059084550741971 1.8975171294005253 1.9949283427935902 2.090434416175122 2.1714631650838436 2.237040791379191 2.2717486993841707 2.2867707367140557 2.2791876784321476 2.2395497208404729 2.1565794358045736 2.0565999762927811 1.9118976763828162
-0.50017550416042034 -0.50017550416042034 -0.50017550416042034 -0.50017550416042034 -0.50017550416042034 -0.50017550416042034 -0.50017550416042034 -0.50017550416042034 -0.50017550416042034 -0.50016176522930755 -0.50016176522930755 -0.50014802673281289 -0.50013428867090892 -0.50012055104356812 -0.50007934076864957 -0.50003813440380973 -0.49998319866508578 -0.49990080808427712 -0.49979097828489222 -0.49964000764798283 -0.49943422313767899 -0.49914628853874154 -0.49876267245356715 -0.49822891410089298 -0.49753191077051051 -0.49660430967755337 -0.49535246520596737 -0.49367088572004231 -0.49138948957058753 -0.48818345869690988 -0.48367620614950485 -0.47712559768619633 -0.46769160672458354 -0.45409938227077651 -0.43393980661296011 -0.40611608186356929 -0.36290071056851703 -0.30729405109872276 -0.22403294354599523 -0.12456251106484721 -0.00086945871262889137 0.13519627960660124 0.27662262420170775 0.41825156009669323 0.55456183919098601 0.6767301802519694 0.79581052466740831 0.89506877798652718 0.99852959827000098 1.0729847446279304 1.1587543866322882 1.2148438480476977 1.2781588962446635 1.3323172445409792 1.3926442017384271 1.4534406592935591 1.5237724716905821 1.5990857703753139 1.6858849873812991 1.7759161303142319 1.8763506497120774 1.9753996373561016 2.0638960381259945 2.1309766916056172 2.1825287752789642 2.2092200230649928 2.208575708947575 2.1862215362708293 2.1171386664038851 2.0258381642297003 1.8944600650390599
-0.50050536896410314 -0.50050536896410314 -0.50050536896410314 -0.50050536896410314 -0.50050536896410314 -0.50050536896410314 -0.50050536896410314 -0.50050536896410314 -0.50050536896410314 -0.50049161959389943 -0.50049161959389943 -0.50049161959389943 -0.50047787065897453 -0.50046412215930092 -0.50045037409485105 -0.50040913251256824 -0.5003816402999931 -0.50031291738159622 -0.50024420533621861 -0.50013428867090892 -0.49998319866508578 -0.49977725151270203 -0.49950280714077516 -0.4991325821278616 -0.49862574878703686 -0.49794177724289401 -0.49702694093436856 -0.49577387940098633 -0.49409067057535661 -0.49175316954877218 -0.488490961690771 -0.48388788932284377 -0.47725590688121594 -0.46790839372106463 -0.45367947572918599 -0.43395160248399783 -0.40377688845015963 -0.36276051220106986 -0.30231741365041531 -0.22295035826470325 -0.11953512614988748 0.0047941103887121335 0.14232688315426301 0.2838437577958437 0.42802134408604964 0.54697427583328706 0.67185754344835713 0.76854930965390833 0.8711173879780082 0.95128407882693788 1.0345482470984688 1.1018844871675422 1.1636681537826687 1.2236257166937958 1.2797125608209259 1.3425608434508318 1.409188946920384 1.4875060262180397 1.5714759036819437 1.6644727369431234 1.7662343332446111 1.8630848253203598 1.9580714993474113 2.0337855168422307 2.0988858942523216 2.1290450598879582 2.1440134657861987 2.1339538445179573 2.0774769195043423 1.9940530635876752 1.8775153188470259
-0.50105570101760077 -0.50105570101760077 -0.50105570101760077 -0.5010694682579977 -0.5010694682579977 -0.5010694682579977 -0.5010694682579977 -0.5010694682579977 -0.5010694682579977 -0.5010694682579977 -0.5010694682579977 -0.5010694682579977 -0.5010694682579977 -0.50105570101760077 -0.50105570101760077 -0.50104193421361498 -0.50102816784601245 -0.50100063641984682 -0.50095934255278218 -0.50091805261167421 -0.5008354845043429 -0.50073917488194564 -0.50058787432772456 -0.5003816402999931 -0.50010681385076294 -0.49972234876215921 -0.49920111850843896 -0.49847518259737189 -0.49750460008744879 -0.49614125104158979 -0.4942397240799144 -0.49159149640333949 -0.48784946307796945 -0.48256655910222579 -0.47499408674784904 -0.46407325860443072 -0.44822074622320113 -0.42506633791504855 -0.39242703627526992 -0.3446502343445666 -0.28192201715256165 -0.19403722756197705 -0.088251300592528878 0.035949779536674109 0.17128755065286067 0.30000820255381305 0.42572980459609877 0.53999141959350705 0.63866892784538998 0.73588620540435645 0.81370105339370069 0.90009936777057009 0.95974237891653602 1.0332226466702497 1.0843259950168271 1.1479235389806064 1.2105592818107238 1.2888302814158537 1.3694014136966244 1.4677412589457328 1.562923026436936 1.6667799757688697 1.7694881013558879 1.8600983296985181 1.9327121553194648 1.9821173931664751 2.013721778051063 2.026410680578774 2.0005208409361854 1.928431700557492 1.8408773488378072
-0.50155159682600037 -0.50155159682600037 -0.50155159682600037 -0.50155159682600037 -0.50155159682600037 -0.50155159682600037 -0.50155159682600037 -0.50155159682600037 -0.50155159682600037 -0.50155159682600037 -0.50155159682600037 -0.50155159682600037 -0.50155159682600037 -0.50155159682600037 -0.50155159682600037 -0.50153781429376698 -0.50153781429376698 -0.50152403219891462 -0.50151025054141551 -0.50148268853836619 -0.50144134881324776 -0.50138623530024196 -0.50128980347883345 -0.50117962189529053 -0.50100063641984682 -0.50076668973762539 -0.5004228792715123 -0.49996946581612572 -0.49935193662808808 -0.49850255438586005 -0.49734077204543065 -0.49573307950599615 -0.49348143838274994 -0.49030027335602566 -0.48575782188415217 -0.47922834328971636 -0.46985154900706683 -0.45604364573441158 -0.43631723995830718 -0.40739027474418932 -0.36711773240241413 -0.31080661283682443 -0.23653456887125332 -0.14298127401418836 -0.032185351517271983 0.090540199754235509 0.20897851727625352 0.33737938369581932 0.43474450232741213 0.54358384639573831 0.62394154149400971 0.71044740506951976 0.78119509655110264 0.85205280869785061 0.91663815562229767 0.97739890595750334 1.0442652999153197 1.1157103380123794 1.1981620390460757 1.2887186002668072 1.3872296062005294 1.4966114177171701 1.5980459892417618 1.697839368218363 1.7793367025865487 1.8514051276812915 1.8938782238884082 1.9160378794417519 1.9124983861438103 1.8649558271104731 1.7892633356461289
-0.50199286896090023 -0.50199286896090023 -0.50199286896090023 -0.50199286896090023 -0.50199286896090023 -0.50199286896090023 -0.50199286896090023 -0.50199286896090023 -0.50199286896090023 -0.50197907241780126 -0.50197907241780126 -0.50197907241780126 -0.50197907241780126 -0.50197907241780126 -0.50196527631297305 -0.50196527631297305 -0.50195148064638773 -0.50195148064638773 -0.50193768541801742 -0.50192389062783427 -0.50189630236191829 -0.50185492324875247 -0.50181354807776868 -0.5017445982178268 -0.50164808680063511 -0.50151025054141551 -0.5013035781424533 -0.50102816784601245 -0.50062913288803268 -0.50007934076864957 -0.49929708761539787 -0.49824259202105231 -0.49676786008848794 -0.49471432585586766 -0.49179359724085664 -0.4876224926870692 -0.48163084908224779 -0.47293750099106002 -0.46037197007165465 -0.44214405892719444 -0.41591766148162812 -0.37914592214164516 -0.32790214206428259 -0.26080753266304441 -0.17567236696358784 -0.073734745272270696 0.033785516842230912 0.15109392278506148 0.25760658639231115 0.36212418484760417 0.4572761860613257 0.54027940914070549 0.62435430031701367 0.69175320011280106 0.76811248674516508 0.82654125663159506 0.90000643255049861 0.96524875096712082 1.0491792446459669 1.1327398382608844 1.2337573629655105 1.3369997643605283 1.4439041742213528 1.5502528196606555 1.6434329353792541 1.7253152926605195 1.7776660172398966 1.8151857767748425 1.82947745588949 1.8032658747197536 1.7361175079685736
-0.50239315948378616 -0.50239315948378616 -0.50239315948378616 -0.50239315948378616 -0.50237935021871227 -0.50237935021871227 -0.50237935021871227 -0.50237935021871227 -0.50237935021871227 -0.50237935021871227 -0.50237935021871227 -0.50236554139271772 -0.50236554139271772 -0.50236554139271772 -0.50235173300577463 -0.50235173300577463 -0.50233792505785524 -0.50232411754893125 -0.5023103104789749 -0.50229650384795843 -0.50226889190263302 -0.50224128171273197 -0.50219986971881247 -0.50214465986882195 -0.50207565742473848 -0.50197907241780126 -0.50185492324875247 -0.50167565930282854 -0.50140001302281034 -0.50104193421361498 -0.50054661968666292 -0.49983216120483231 -0.49884484737943258 -0.49744998387309658 -0.49547476914272798 -0.49267045595188386 -0.48867824408229632 -0.48290971841287678 -0.47456644657117997 -0.46250832270920367 -0.44492974677430991 -0.42003358103491928 -0.38466028209117187 -0.33668549535998599 -0.27341133100804793 -0.19407796494794335 -0.10168078829544071 4.3427276862664857e-05 0.10751522565146454 0.20571849810309409 0.31147836743806756 0.39104101967112831 0.48451337429261188 0.55055853598767479 0.62909344816673174 0.69229158359443077 0.76422845387487126 0.83330014027303767 0.9119721457109099 0.99646789026171723 1.0954831858295406 1.1962867488088758 1.3072392362016387 1.4183510168487088 1.5208371127808689 1.6014189340711174 1.6698280613325212 1.7205479264415788 1.7428507679532648 1.7369221186796351 1.6833442750449688
-0.50316717996130855 -0.50316717996130855 -0.50316717996130855 -0.50316717996130855 -0.50316717996130855 -0.50316717996130855 -0.50316717996130855 -0.50316717996130855 -0.50316717996130855 -0.50315334606314677 -0.50315334606314677 -0.50315334606314677 -0.50315334606314677 -0.50313951260563228 -0.50313951260563228 -0.50312567958873688 -0.5031118470124325 -0.50309801487669115 -0.50308418318148462 -0.50307035192678506 -0.50304269073879415 -0.50300120225990808 -0.502959717744069 -0.50290441121971496 -0.50283528796726462 -0.50275235458409029 -0.50264180136952996 -0.50248983663587077 -0.50226889190263302 -0.5020066659422977 -0.5016618728329163 -0.50117962189529053 -0.50051911876961319 -0.49958512224373258 -0.49821523661150041 -0.49627739351352074 -0.49352202728434219 -0.48956223623964301 -0.48387465610127861 -0.4756298454576417 -0.46365623275064788 -0.44648105985103043 -0.42191116858091171 -0.38768246567373632 -0.34113040779803766 -0.28056926765113172 -0.20462753507913792 -0.11877516560976691 -0.017755911213817286 0.073571728304924755 0.17707454591007632 0.26083431217231912 0.35034494824906204 0.4263648452879274 0.50153850264997535 0.57306896393162188 0.6419795016822174 0.71627886617829006 0.79037665890469966 0.87581916937471893 0.96921083221104176 1.0715506393669321 1.1841517757233961 1.2923003848590811 1.3990850353332245 1.4895647655633402 1.5725695812577847 1.6247254481460953 1.6595168837642178 1.6690564117776574 1.6321433528937157
-0.50387329372416267 -0.50387329372416267 -0.50387329372416267 -0.50387329372416267 -0.50387329372416267 -0.50387329372416267 -0.50387329372416267 -0.50387329372416267 -0.50387329372416267 -0.50387329372416267 -0.50387329372416267 -0.50387329372416267 -0.50385943731570959 -0.50385943731570959 -0.50384558134933888 -0.50384558134933888 -0.50383172582502234 -0.50381787074273165 -0.50380401610243886 -0.50379016190411552 -0.50376245483326476 -0.50372089754105531 -0.50367934422504956 -0.50362394598759919 -0.5035408618789563 -0.50345779366194698 -0.50334706074908209 -0.5031810143001455 -0.502959717744069 -0.502697074459032 -0.50240696918796723 -0.50202046336202166 -0.50153781429376698 -0.50087676659577662 -0.49990080808427712 -0.49850255438586005 -0.49650893370661919 -0.49365735102640962 -0.48958905198982305 -0.48370266090429653 -0.47518860793620527 -0.46288641944097253 -0.44524440908512092 -0.4202735511537708 -0.38571460015098152 -0.33957093215513218 -0.27940248712846388 -0.20800776488341638 -0.12231197655821259 -0.034930065933177899 0.059639138323724902 0.14863349848934937 0.23363058016446317 0.31762464308005867 0.38934331125207794 0.46778563432921877 0.53364497879876283 0.61277326404221688 0.6830019846071993 0.76981287926934883 0.85768220392840755 0.96093669246832691 1.0687422929329815 1.1794081515138359 1.2897672709527814 1.3872118003137306 1.4790856071952112 1.5356611526594433 1.5806399120080803 1.6038802083662904 1.5824610945249487
-0.50453892177231696 -0.50453892177231696 -0.50453892177231696 -0.50453892177231696 -0.50453892177231696 -0.50453892177231696 -0.50453892177231696 -0.50453892177231696 -0.50453892177231696 -0.50453892177231696 -0.50452504411068499 -0.50452504411068499 -0.50452504411068499 -0.50452504411068499 -0.50451116689249254 -0.50451116689249254 -0.50449729011771138 -0.50448341378631301 -0.5044695378982692 -0.50445566245355156 -0.50442791289398148 -0.50440016510737629 -0.50435854675128211 -0.50430306181308615 -0.50423371560732411 -0.50415051477398365 -0.50402574340265227 -0.50387329372416267 -0.50363779488448657 -0.50334706074908209 -0.50305652111256427 -0.50266943703494837 -0.50224128171273197 -0.50170323355565705 -0.50094557880289903 -0.49984588971269367 -0.49832466858962909 -0.49616847612195875 -0.49311630887109348 -0.48875853269418484 -0.48248740698355885 -0.47344104585130703 -0.46045973039219473 -0.44193975574273203 -0.41601951954396404 -0.38066662098908266 -0.33366925569803146 -0.27479099075723668 -0.20312745190401801 -0.122836059102841 -0.037791719406208235 0.052655473039526772 0.13277182930961937 0.22266445671768659 0.29121340027359677 0.37379441671473168 0.43805161156212269 0.5165750336813989 0.5871494982543437 0.67070032523197387 0.75762374590838899 0.86153441085903781 0.9654416024522815 1.0782755220866007 1.1908637331287451 1.2936939507457654 1.3832407122652239 1.452599017885537 1.5067484937670752 1.5381462661990386 1.5334034250929072
-0.50513608111883912 -0.50513608111883912 -0.50513608111883912 -0.50513608111883912 -0.50513608111883912 -0.50513608111883912 -0.50513608111883912 -0.50513608111883912 -0.50513608111883912 -0.50513608111883912 -0.50513608111883912 -0.50513608111883912 -0.50513608111883912 -0.50513608111883912 -0.50513608111883912 -0.50512218436246126 -0.50512218436246126 -0.50510828805074415 -0.50509439218365926 -0.50506660178327201 -0.5050527072499128 -0.50502491951672124 -0.50498324125032401 -0.50494156698331272 -0.50488600751390456 -0.50480268163454245 -0.50470548831050166 -0.50456667842601277 -0.5043446748521544 -0.50406732987695624 -0.50374860196068094 -0.50334706074908209 -0.50290441121971496 -0.50237935021871227 -0.50167565930282854 -0.50069790586667218 -0.49937936373232544 -0.49765483010202677 -0.49517586474795156 -0.49183402869663251 -0.48700893158478487 -0.48017200622428124 -0.47036435398092702 -0.45634162646498089 -0.4365663810772365 -0.40918044872910819 -0.37224509153390928 -0.32414836586402412 -0.26465664281104839 -0.19289135800153437 -0.11732180704130361 -0.028552508947185768 0.046182890740881562 0.13433651094868007 0.20520436394814473 0.28488171465545298 0.35389700541816183 0.42904132823995605 0.50245443324389283 0.5816766459601761 0.66823677709996887 0.76786797033174836 0.872523373289527 0.98762158212548379 1.0982975364946976 1.2043913319192998 1.2948848870000302 1.3751329935171641 1.4357647592603795 1.4704545944725991 1.4785087782063036
-0.5062353324328549 -0.5062353324328549 -0.5062353324328549 -0.5062353324328549 -0.5062353324328549 -0.5062353324328549 -0.5062353324328549 -0.5062353324328549 -0.5062353324328549 -0.5062353324328549 -0.5062353324328549 -0.5062353324328549 -0.5062353324328549 -0.5062353324328549 -0.5062353324328549 -0.5062353324328549 -0.50622140045813546 -0.50622140045813546 -0.50622140045813546 -0.5062074689303333 -0.50619353784941978 -0.50616567702814363 -0.50613781799407787 -0.5061099607469931 -0.50605425161284956 -0.50599854962388002 -0.50591501003361794 -0.50581756748394158 -0.50567840175650247 -0.50548364462627604 -0.50521947099657294 -0.50487211875706683 -0.50442791289398148 -0.50391486560229803 -0.50325019260544213 -0.50237935021871227 -0.50119339306463206 -0.49973607379911705 -0.49773679565514417 -0.49520302937544453 -0.49179359724085664 -0.48716890745247576 -0.48088110147517388 -0.47200941080356618 -0.45969555731276174 -0.44243265066928877 -0.41881293090410238 -0.38673973999803218 -0.34561165880942746 -0.29266832556524391 -0.23236926803913741 -0.16101246062871843 -0.088320485849183603 -0.011463338071562803 0.06565439351496262 0.13861843389949247 0.2148968075602205 0.28330122870354957 0.36097188372593586 0.43242407748135409 0.51665434238905228 0.60831204269732719 0.71294418135693483 0.82399559115596777 0.93221493734853733 1.0397312960986911 1.13738576433397 1.2347702951609165 1.2959187910288918 1.3463138470591167 1.374693368545393
-0.50719771963522964 -0.50719771963522964 -0.50719771963522964 -0.50719771963522964 -0.50719771963522964 -0.50719771963522964 -0.50719771963522964 -0.50719771963522964 -0.50719771963522964 -0.50719771963522964 -0.50719771963522964 -0.50719771963522964 -0.50719771963522964 -0.50719771963522964 -0.50719771963522964 -0.50719771963522964 -0.50719771963522964 -0.50719771963522964 -0.50719771963522964 -0.50718375675381944 -0.50718375675381944 -0.5071697943213116 -0.50715583233767714 -0.50714187080288731 -0.50709998889129659 -0.50705811101826825 -0.50700228013509285 -0.50693250162277137 -0.50682087931748465 -0.50669533850699 -0.50651406582404357 -0.50629106480147845 -0.5059707013082626 -0.50555319071861526 -0.50498324125032401 -0.50421984769481987 -0.50319484907968581 -0.50184113108710815 -0.50007934076864957 -0.49770947208522709 -0.49476859909786569 -0.49067648367851152 -0.48577111261241063 -0.4788619162959637 -0.47008223631659729 -0.45788445907899444 -0.44151943392506754 -0.41932587047070896 -0.38991501914961096 -0.35163022970216362 -0.30398453951143267 -0.24769028543197188 -0.18184671487629922 -0.11593000932998378 -0.038916030279757 0.027023254588703624 0.10465779100879634 0.16973319794251787 0.24469760129670795 0.31350867404607335 0.39165832872247502 0.47764209565584809 0.58017200215561937 0.68339829625101367 0.79394396651238475 0.9024434930009122 1.00264114900004 1.0940516555099644 1.1709361086090793 1.2342388003470668 1.2732791316265768
-0.50806429619328441 -0.50806429619328441 -0.50806429619328441 -0.50806429619328441 -0.50806429619328441 -0.50806429619328441 -0.50806429619328441 -0.50806429619328441 -0.50806429619328441 -0.50806429619328441 -0.50806429619328441 -0.50806429619328441 -0.50806429619328441 -0.50806429619328441 -0.50806429619328441 -0.50806429619328441 -0.50806429619328441 -0.50806429619328441 -0.50806429619328441 -0.50806429619328441 -0.50805030542344598 -0.50805030542344598 -0.50805030542344598 -0.5080363151043048 -0.5080223252358318 -0.50799434685077438 -0.50796637026804148 -0.50791042250862073 -0.50784049794328534 -0.50774262246200874 -0.50761681496037647 -0.50744912829582534 -0.50722564674487225 -0.50693250162277137 -0.50654194900481153 -0.50599854962388002 -0.50521947099657294 -0.50415051477398365 -0.50268325552714299 -0.50065664077263172 -0.49805114032871939 -0.49445662053884881 -0.48995122676754643 -0.4839011229476457 -0.47621452645381029 -0.46627876898755638 -0.45316132754853067 -0.43636468439171805 -0.41378414215853432 -0.3850500815237568 -0.34726064231448739 -0.302692177377062 -0.24685375304175847 -0.18910243181720621 -0.12174828635369936 -0.05681226962179093 0.013300786856887702 0.079687627611336451 0.14724335954336853 0.21606028592314203 0.28891960566172653 0.37060560093814854 0.46481730562598389 0.56511550981937653 0.67580582779680576 0.77753556365313614 0.87987541789882739 0.97198054124987898 1.0603956173199098 1.1259039684079235 1.1733028418881861
-0.50969029169884172 -0.50969029169884172 -0.50969029169884172 -0.50969029169884172 -0.50969029169884172 -0.50969029169884172 -0.50969029169884172 -0.50969029169884172 -0.50969029169884172 -0.50969029169884172 -0.50969029169884172 -0.50969029169884172 -0.50969029169884172 -0.50969029169884172 -0.50969029169884172 -0.50969029169884172 -0.50969029169884172 -0.50969029169884172 -0.50969029169884172 -0.50969029169884172 -0.50969029169884172 -0.50969029169884172 -0.50969029169884172 -0.50969029169884172 -0.50967624845032711 -0.50966220565589704 -0.50964816331552221 -0.5096341214291733 -0.50959199849398862 -0.50953584093499094 -0.50946565419632417 -0.50935337900244548 -0.50919904798914506 -0.50900270598474662 -0.5087363837353317 -0.50837220721494403 -0.50786846641843042 -0.50715583233767714 -0.50615174728772383 -0.50473325561218962 -0.50273853389314438 -0.49996946581612572 -0.49618208930217778 -0.49113374906154211 -0.48424533880914422 -0.47573373123302126 -0.46394684484079529 -0.45032251028944398 -0.43176306429438427 -0.40945908912689666 -0.38034328730605205 -0.34487117357990366 -0.30109948834064815 -0.25070438456521854 -0.19455351701155982 -0.13320480388386707 -0.072306346535740446 -0.0067048830187277199 0.052540045934022526 0.11856231263560317 0.18415177572339603 0.26061987517237184 0.34038461837014339 0.4343293373377296 0.53807078704317202 0.64119639055005762 0.74426950711078355 0.84006843723327917 0.93246869111385078 0.99978714354977716 1.0591846176313713
-0.51115327452621739 -0.51115327452621739 -0.51115327452621739 -0.51115327452621739 -0.51115327452621739 -0.51115327452621739 -0.51115327452621739 -0.51115327452621739 -0.51115327452621739 -0.51115327452621739 -0.51115327452621739 -0.51115327452621739 -0.51115327452621739 -0.51115327452621739 -0.51115327452621739 -0.51115327452621739 -0.51115327452621739 -0.51115327452621739 -0.51115327452621739 -0.51115327452621739 -0.51115327452621739 -0.51115327452621739 -0.51115327452621739 -0.51115327452621739 -0.51115327452621739 -0.51113918389201918 -0.51113918389201918 -0.51112509371497505 -0.51111100399505549 -0.51108282592647125 -0.51104056225128702 -0.51097013193118346 -0.51088563062108061 -0.51075890947582425 -0.51057593307459082 -0.51032270833630144 -0.50998530486323612 -0.50950776487835625 -0.50884849951430233 -0.50789643669485562 -0.50654194900481153 -0.50459443685380667 -0.50181354807776868 -0.49794177724289401 -0.4924679467473333 -0.48526635065583956 -0.47534428764222286 -0.4629242472248597 -0.44678469859786268 -0.42679177588540257 -0.4024364384070313 -0.3716723864401642 -0.33602596007175195 -0.2914346423629065 -0.24416324200566836 -0.18744759180300236 -0.13451699780465234 -0.074311545532242007 -0.019755673203497807 0.039889797736181447 0.099749680848987471 0.16958627332191323 0.24360846095935654 0.32921476580572495 0.42254059732272564 0.52446103421544965 0.62657644440681237 0.7267760949597124 0.81356764598283926 0.89116377024494442 0.95669656489465082
-0.5124798395824276 -0.5124798395824276 -0.5124798395824276 -0.5124798395824276 -0.5124798395824276 -0.5124798395824276 -0.5124798395824276 -0.5124798395824276 -0.5124798395824276 -0.5124798395824276 -0.5124798395824276 -0.5124798395824276 -0.5124798395824276 -0.5124798395824276 -0.5124798395824276 -0.5124798395824276 -0.5124798395824276 -0.5124798395824276 -0.5124798395824276 -0.5124798395824276 -0.5124798395824276 -0.5124798395824276 -0.5124798395824276 -0.5124798395824276 -0.5124798395824276 -0.5124657058428802 -0.5124657058428802 -0.5124657058428802 -0.51245157256328833 -0.51243743974362177 -0.51240917548394549 -0.51238091306361189 -0.51232439374001526 -0.51225375492755931 -0.5121407567204227 -0.51197131451705613 -0.51174549436603689 -0.51142108347474768 -0.5109560472376764 -0.51030864462353964 -0.50939547879876923 -0.50806429619328441 -0.50613781799407787 -0.50336090081925344 -0.49935193662808808 -0.49373856551601575 -0.48591733747416865 -0.4752664408134834 -0.4614639670032642 -0.44303450010305723 -0.42162442605316142 -0.39284533359948903 -0.36243022358247912 -0.32273076039574183 -0.28067700115799071 -0.23099952136564009 -0.18127937177939701 -0.12881249667119318 -0.077378328476800984 -0.024517641635899722 0.030235296012244745 0.093036252945163142 0.16226561429802155 0.23842249588547965 0.32428245529769262 0.422622665102388 0.51743344089777421 0.61675899936314427 0.7075616604363727 0.79519154947412296 0.85713943375553814
-0.51368289176081627 -0.51368289176081627 -0.51368289176081627 -0.51368289176081627 -0.51368289176081627 -0.51368289176081627 -0.51368289176081627 -0.51368289176081627 -0.51368289176081627 -0.51368289176081627 -0.51368289176081627 -0.51368289176081627 -0.51368289176081627 -0.51368289176081627 -0.51368289176081627 -0.51368289176081627 -0.51368289176081627 -0.51368289176081627 -0.51368289176081627 -0.51368289176081627 -0.51368289176081627 -0.51368289176081627 -0.51368289176081627 -0.51368289176081627 -0.51368289176081627 -0.51368289176081627 -0.51368289176081627 -0.51368289176081627 -0.51366871881533405 -0.51366871881533405 -0.51365454633236241 -0.51362620275383031 -0.51359786102497873 -0.51355535189932411 -0.51348451260154959 -0.51338535699279775 -0.51322958676105668 -0.51300311156817735 -0.51267776024817879 -0.51223962854370764 -0.51159031109680186 -0.51066037414201448 -0.50932531473866161 -0.50736530923704037 -0.50451116689249254 -0.5003816402999931 -0.49448374021426061 -0.4860503119032244 -0.47478669346796532 -0.45904519107386732 -0.43997375108710773 -0.4145392704914993 -0.38584129049082488 -0.3504509681288725 -0.31061121673140002 -0.2665539498076942 -0.21857495831925103 -0.17259195238412917 -0.12442946313158053 -0.078485195781850606 -0.028700952389962561 0.027960859785447545 0.093001196684749127 0.1604385166415451 0.23937456678207827 0.32837960343873768 0.42115953477408069 0.51928971248254563 0.61341894503457306 0.70757017609793638 0.7667325010679622
-0.51521629874306174 -0.51521629874306174 -0.51521629874306174 -0.51521629874306174 -0.51521629874306174 -0.51521629874306174 -0.51521629874306174 -0.51521629874306174 -0.51521629874306174 -0.51521629874306174 -0.51521629874306174 -0.51521629874306174 -0.51521629874306174 -0.51521629874306174 -0.51521629874306174 -0.51521629874306174 -0.51521629874306174 -0.51521629874306174 -0.51521629874306174 -0.51521629874306174 -0.51521629874306174 -0.51521629874306174 -0.51521629874306174 -0.51521629874306174 -0.51521629874306174 -0.51521629874306174 -0.51521629874306174 -0.51521629874306174 -0.51521629874306174 -0.5152020756681156 -0.5152020756681156 -0.51518785305895765 -0.51517363091555746 -0.51514518802590792 -0.51510252718385363 -0.51503143509151739 -0.51493192570913016 -0.51477559987420096 -0.51454831724347949 -0.51423599771505235 -0.51378211533202722 -0.51311633440187698 -0.51215487988856445 -0.51075890947582425 -0.50872237129782261 -0.50573406269626497 -0.50135868116630489 -0.49504006709139242 -0.48614341823478552 -0.47359610026320192 -0.45707503270531596 -0.43519195531339705 -0.40826776104816442 -0.37646127641451038 -0.33776174413774607 -0.29818169862722832 -0.25051103997338148 -0.20986971736705878 -0.16396086482457278 -0.12338962376250734 -0.078516416031210151 -0.028227965698958253 0.03136806288577302 0.092755723597078399 0.16512556908822865 0.2460551969064439 0.33587895213484209 0.43166927131374538 0.52814507825310641 0.61778639469639829 0.68653796103149911
-0.51664096371931334 -0.51664096371931334 -0.51664096371931334 -0.51664096371931334 -0.51664096371931334 -0.51664096371931334 -0.51664096371931334 -0.51664096371931334 -0.51664096371931334 -0.51664096371931334 -0.51664096371931334 -0.51664096371931334 -0.51664096371931334 -0.51664096371931334 -0.51664096371931334 -0.51664096371931334 -0.51664096371931334 -0.51664096371931334 -0.51664096371931334 -0.51664096371931334 -0.51664096371931334 -0.51664096371931334 -0.51664096371931334 -0.51664096371931334 -0.51664096371931334 -0.51664096371931334 -0.51664096371931334 -0.51664096371931334 -0.51664096371931334 -0.51664096371931334 -0.51662669391097271 -0.51662669391097271 -0.51661242457148626 -0.51659815570082301 -0.51656961936584311 -0.51652681837877756 -0.51645549277269454 -0.5163556565996692 -0.51619881753951202 -0.51597078905954319 -0.51564320773438588 -0.51515940923788428 -0.51446311691324886 -0.51344201456854799 -0.51195719731706446 -0.50977456072735194 -0.50654194900481153 -0.50182733936345614 -0.49498575991589294 -0.48521325192953507 -0.47161042640995238 -0.45332164069764264 -0.42903697836820942 -0.40069564518646933 -0.36317122101065319 -0.32733884873101954 -0.28148170363069114 -0.24280901874842728 -0.20031490909089961 -0.16190055651187274 -0.12177127980088101 -0.076999627752477859 -0.023338284703131713 0.03374533601397417 0.09864372581705691 0.17356501785866163 0.2599997950818872 0.35177698731776347 0.44804123215567837 0.53583822986211327 0.61384182187606928
-0.51797010953066824 -0.51797010953066824 -0.51797010953066824 -0.51797010953066824 -0.51797010953066824 -0.51797010953066824 -0.51797010953066824 -0.51797010953066824 -0.51797010953066824 -0.51797010953066824 -0.51797010953066824 -0.51797010953066824 -0.51797010953066824 -0.51797010953066824 -0.51797010953066824 -0.51797010953066824 -0.51797010953066824 -0.51797010953066824 -0.51797010953066824 -0.51797010953066824 -0.51797010953066824 -0.51797010953066824 -0.51797010953066824 -0.51797010953066824 -0.51797010953066824 -0.51797010953066824 -0.51797010953066824 -0.51797010953066824 -0.51797010953066824 -0.51797010953066824 -0.51795579598381181 -0.51795579598381181 -0.51794148290868813 -0.51794148290868813 -0.51791285817351407 -0.51788423532489736 -0.51784130458872357 -0.51776976279103226 -0.51765532042220153 -0.51749801138971174 -0.5172550094515902 -0.51691217920105792 -0.51638417887872601 -0.51562897067159374 -0.51453411602764831 -0.51290406579671111 -0.51049150842208391 -0.50693250162277137 -0.50171702133862894 -0.4941584158266995 -0.48330600868757112 -0.46834229262538635 -0.44745345204433956 -0.42250820016277468 -0.38895680485656575 -0.35445001576044105 -0.31231946346961381 -0.27320761095200818 -0.23445810189323685 -0.19618794589378596 -0.1593169032873373 -0.11853545408961359 -0.070974672296517702 -0.018136109008649624 0.040285798932491804 0.10940979054636538 0.1917303933628563 0.27783833300204741 0.37344534229797899 0.46235306855961539 0.54761473745240741
-0.51920284273155337 -0.51920284273155337 -0.51920284273155337 -0.51920284273155337 -0.51920284273155337 -0.51920284273155337 -0.51920284273155337 -0.51920284273155337 -0.51920284273155337 -0.51920284273155337 -0.51920284273155337 -0.51920284273155337 -0.51920284273155337 -0.51920284273155337 -0.51920284273155337 -0.51920284273155337 -0.51920284273155337 -0.51920284273155337 -0.51920284273155337 -0.51920284273155337 -0.51920284273155337 -0.51920284273155337 -0.51920284273155337 -0.51920284273155337 -0.51920284273155337 -0.51920284273155337 -0.51920284273155337 -0.51920284273155337 -0.51920284273155337 -0.51920284273155337 -0.51920284273155337 -0.51920284273155337 -0.51918848849903554 -0.51918848849903554 -0.51917413474093588 -0.51915978145722297 -0.51911672445209145 -0.51907367171531238 -0.51898757904342696 -0.51887281535592478 -0.51870072666714429 -0.51844272142260905 -0.51805600071993296 -0.51748371339363142 -0.51664096371931334 -0.51540124111797159 -0.5135836908541076 -0.51087154866774198 -0.50687668688398446 -0.50098687136122844 -0.49248144442357572 -0.48036886102038573 -0.46331532737906989 -0.44139941665743165 -0.41221048752719913 -0.37930191312134137 -0.34091136295750557 -0.3010299956639812 -0.26549619937963376 -0.2272823268488065 -0.19357580405103225 -0.15585224254085719 -0.11416402996051463 -0.065547000557290444 -0.011905013931404052 0.052270596656748713 0.12856080655932042 0.21130746666895445 0.30347685360388338 0.39411882769456985 0.48675625461726851
0.65000000000000002 0.02
-0.46518728925107072 -0.46160223131425754 -0.4556218560421878 -0.44938034656307596 -0.44005748434100822 -0.42973734052918799 -0.41532961553565129 -0.39868981354611333 -0.37730944748734846 -0.35205007849039771 -0.3218004026418258 -0.28412195169190629 -0.24209556732445084 -0.19087816714570968 -0.13590442657575255 -0.067455211659359013 0.0070646563783317269 0.095727122555979774 0.19487494793037805 0.30815874035968793 0.43359384102146686 0.57029770441591099 0.7150167093592662 0.86589718516837744 1.0175758683910745 1.1721356966495666 1.3242207028770039 1.47787338016772 1.6287158052050055 1.7796974782323298 1.9256163005413744 2.0705180970198693 2.2067449440537472 2.3383170188540965 2.4599048941199779 2.5693739096150461 2.6747233933723065 2.7632332661806163 2.8605176774617465 2.9412032425554511 3.0393744557684741 3.1247975679605333 3.2260841159758238 3.3170181010481117 3.4140034549971356 3.503054890768019 3.5801605834199806 3.6584788467481126 3.716095203905708 3.7816261438457053 3.8400119452750681 3.9064589543132504 3.9789516066287263 4.0470800728162564 4.107989642267512 4.1403823245594022 4.1431085227625122 4.1008872548535935 4.0086853191951679 3.8970935159936624 3.7490402687034572 3.6065640743500285 3.4443102905122571 3.278502094493883 3.1675536211968249 3.0932465311038402 3.00021709297223 2.8241062999923088 2.646638946204575 2.4674008969525465 2.2708185330789199
-0.47583764186443051 -0.47486445434228286 -0.4736607226101559 -0.47188066610695345 -0.46980030179691779 -0.46655842591517294 -0.46305036363935476 -0.45714968581798854 -0.4509231349773572 -0.4406560489678491 -0.42922363120525181 -0.41136979797606749 -0.38993633683187823 -0.36036412318815236 -0.324863495532006 -0.28004755274556192 -0.22462259729924314 -0.16017013437101912 -0.07926116358493393 0.009578360794542131 0.12027772033936868 0.2396747876467811 0.37790699804231687 0.52523922372974507 0.68347031407459813 0.84680703416410252 1.0127107127417869 1.17805561153123 1.341355374863705 1.4986413188336951 1.6526330680831101 1.7963522728799348 1.9395042766886217 2.066102196766773 2.194347807280093 2.3013772923493447 2.4079684464021596 2.4971370640519579 2.5846590833940271 2.667639706056411 2.7496049254789465 2.8389246136453496 2.9238861750964658 3.0245677571960381 3.1099495802305883 3.2162450977058223 3.2909467847343059 3.3815121747320243 3.4479483481854301 3.5213081054870261 3.5878119519934168 3.6645385597961648 3.7415848889245438 3.8265347815343942 3.9090154991290418 3.9729198968860273 4.0041923562597139 3.9892361776778449 3.9366996852582274 3.8391951296024667 3.7189747539831508 3.569666462325269 3.4369732095192678 3.2587809065412605 3.1119342763326814 3.0220157398177201 2.951672583236796 2.829413136929344 2.6592123961433822 2.477627636283374 2.2909690089485166
-0.48031635768282926 -0.47994901193717782 -0.47947716636945653 -0.47884883533387163 -0.47801247221793197 -0.4770995405384173 -0.47591559115691351 -0.4746571229431355 -0.47287298616082368 -0.47099336639046585 -0.46797217520212436 -0.46459194008463117 -0.45919518916949953 -0.45280391901280925 -0.44374575685617518 -0.43257365514742613 -0.41682390518655116 -0.39560112777998113 -0.36726946160142221 -0.32663806128783768 -0.27645403037159344 -0.20137006861700529 -0.11612289043020485 0.0069791905742768636 0.13915465840690425 0.30429660301835509 0.47555497358413129 0.66016321201030226 0.84570562707714714 1.0280830070178384 1.2042285427069597 1.3730040047672738 1.5257960697118917 1.6753016389399609 1.8007789196124127 1.9279500619840726 2.029627239047413 2.1339219404237717 2.2182728535714475 2.3023958731525664 2.3788337937400694 2.4554235336209786 2.5367982483044185 2.6174197467371765 2.7092445132879868 2.7922375576570859 2.89247861644342 2.9646932366003189 3.0551106378541464 3.1231653709029192 3.2047167274004837 3.2805783703680764 3.3710493812622695 3.4645044509010341 3.5655408717357537 3.6628522332647964 3.7353912828642946 3.7757851499557797 3.7644152648800415 3.7173375827238639 3.629919035503542 3.5151184681045446 3.3735556066389325 3.2409733518400037 3.0673684709152687 2.923078146583229 2.8344842853348053 2.7680606311298281 2.670255132771604 2.4981864519222312 2.3120291800255357
-0.48106513013335428 -0.48113087355707135 -0.48092052962347703 -0.480775977243035 -0.48044762792983986 -0.48004081924793157 -0.47946406686316195 -0.47869189451297395 -0.47779058373752087 -0.47655270126962429 -0.47509782053914101 -0.47289879094288145 -0.47040283877457523 -0.46692733995118757 -0.46307559131766007 -0.45733637476119915 -0.45053079619450853 -0.44133942045886093 -0.42997104579334527 -0.41379540308399881 -0.39273803946106173 -0.36381310480127577 -0.324606646810991 -0.27334613019243154 -0.20003947259401647 -0.11272599545826967 0.016991578206204973 0.15700319683252481 0.34437262190647422 0.5316960100144853 0.73941410269869534 0.94057126633175958 1.1308160500347442 1.3100982718561998 1.4725955697147417 1.6132073521037598 1.7479941022510679 1.8543971429758166 1.96795026102347 2.048519487922654 2.1398790864012365 2.2131191388114564 2.2944662261615929 2.3717880089022003 2.455088606040952 2.5375042748478873 2.6188218117170527 2.703317177024557 2.776366982754602 2.8586153875979607 2.9274268279178748 3.0085575917842471 3.0919481908785595 3.1894341634010277 3.2975416678181597 3.4031720154922511 3.4989855980852345 3.5625783341086703 3.6020708485542952 3.5821429383794494 3.5281064611407107 3.4434038168871259 3.3270727166691194 3.1925674533365456 3.0501089629178675 2.8843138059182074 2.7532918997579152 2.6740248011285317 2.6099783819735616 2.5043621053456873 2.3302513899179091
-0.47945096775197232 -0.4793592850345812 -0.47933309352705566 -0.47916288721913125 -0.47908435295455859 -0.47878343643274318 -0.47867881867086343 -0.47819528906910852 -0.47780363286336963 -0.47711256891688208 -0.47622752830941795 -0.47502001787288078 -0.47342812714878801 -0.47148179991869604 -0.46885331754979959 -0.46563116514909264 -0.46094900566007024 -0.45532436858683401 -0.44764819202043066 -0.4385765942561542 -0.42577189671984 -0.41036311394505015 -0.38872289590773629 -0.36151074304536268 -0.32256643472586199 -0.27235302871769884 -0.202891798971573 -0.11250647997838308 0.0022524799205384093 0.1509712320626117 0.31409906329528425 0.51765766777753253 0.71254027256551533 0.92341500785182529 1.1199154102579911 1.2942898271007179 1.4598597061048255 1.5967619862752436 1.7209857441537391 1.8320616145907269 1.9269697649856621 2.0237050426220375 2.1025023091854522 2.1935141750286689 2.2680628778226835 2.3576680930436336 2.4300266545100144 2.5140560708970021 2.5844782262635286 2.6601822071108763 2.731620993637045 2.8052833166188678 2.8857003801283301 2.9797986819757507 3.0823903775817159 3.1936254184928794 3.2982852854840843 3.3831149053420688 3.4301718414562665 3.4483197649334953 3.4282806147071767 3.36214304958196 3.273718712686196 3.1514004980356178 3.0232112923288885 2.8644042742008047 2.7101258308086793 2.6040423573701417 2.5326015211923969 2.465263850356592 2.3387353087995182
-0.4812623902687248 -0.48098625115958155 -0.480775977243035 -0.48043449911949099 -0.48010640778266372 -0.4796737063926792 -0.47920215967762014 -0.47870497074878676 -0.47810387102389512 -0.4774905620071222 -0.47666982316222506 -0.47582465167578364 -0.47461825932260182 -0.47328604677810848 -0.47135321151191095 -0.46907068535967961 -0.46583423104339261 -0.46182857699718338 -0.45666466980909359 -0.45024902146047341 -0.44191572639136045 -0.4309656986042576 -0.41668784801692227 -0.3972998962781526 -0.37278781250667209 -0.33872696955694154 -0.29686344750881777 -0.23607061097548435 -0.16285365609094005 -0.05884648601019752 0.062393937253195177 0.21955833154722407 0.39345235513374632 0.58667730456471057 0.78835223541580235 0.98289056564186827 1.1689097791223608 1.3448440193371205 1.4853096450518586 1.6302752857576921 1.7351995484223133 1.8480658954039915 1.9392346216032335 2.0335443760909477 2.1204423068733065 2.2062050117632741 2.2906355262615454 2.3658622154025548 2.4459465227568318 2.5109603402174119 2.5865648017840117 2.6523043720234174 2.7278583226234523 2.8141343446756601 2.9130770456088997 3.0189500215009746 3.1203106426364622 3.2130127788080096 3.279004961844902 3.3258234190027447 3.3167668701414317 3.2791420064916381 3.2106127663528978 3.1100507161476538 2.9848827043079567 2.8514479288692227 2.6875111253460555 2.5515719736742537 2.4728587962254012 2.4031720154922511 2.3276041138143158
-0.48227640516626441 -0.48181519578159709 -0.48134131941692232 -0.48081539584818145 -0.48023761457577746 -0.4796868122238957 -0.47901891858070184 -0.47841738446967269 -0.47762098077143655 -0.47689113961937013 -0.47592858406597804 -0.47496815717103652 -0.47384171635393135 -0.47257634131793608 -0.47110899838100556 -0.46927536625864785 -0.46705462438407497 -0.46404797290782657 -0.46034689895131847 -0.4554482969297316 -0.44934368022155369 -0.44084776401332554 -0.43028674752391666 -0.41596292878226354 -0.39790743780728705 -0.37326966142003321 -0.34175958532989731 -0.29925302858654163 -0.24443001937120004 -0.17290871266123894 -0.079970641815258148 0.032578471924311958 0.17805561153123001 0.33288262705961025 0.52535583198346636 0.71297782347263639 0.90880124168101628 1.0969447551769405 1.2639199830557724 1.4221300256402882 1.5591642206567518 1.6802901775951262 1.7968794808899975 1.8932123066622151 1.9978361748543148 2.0814553278225736 2.1793219449137773 2.2499806059095295 2.3328422669943514 2.3968093725543818 2.4665117384861452 2.5324995860946626 2.6028410186814579 2.6809968779969964 2.7740714942563014 2.8700701546243041 2.9720824415585905 3.0690758097663977 3.1475526640802678 3.1935698003226167 3.2129861847366681 3.1982996089676869 3.1441069730493232 3.0657663876227486 2.9508514588885464 2.8291493295570276 2.6721070981455433 2.5218961289761048 2.4142210332148681 2.3451187650646137 2.2770129393765277
-0.48347784683760386 -0.48318708363131163 -0.48277770197209274 -0.48236870584741653 -0.48173618047143252 -0.48113087355707135 -0.48026386069181276 -0.4794247707148126 -0.4783259196668278 -0.47722984191410317 -0.47594157736376669 -0.47456644657117997 -0.47307946736135098 -0.47137892614759269 -0.46964659643983542 -0.46751315747498889 -0.4653394241715556 -0.46247053113412762 -0.45925770366945678 -0.45526241767422831 -0.45034700932944044 -0.44409578508337433 -0.43597342273452477 -0.42525129164982295 -0.41108992937553601 -0.39249136349202179 -0.36781612605641673 -0.33607303653347448 -0.29287285986191436 -0.23932877327765323 -0.16517253449569519 -0.077072229700759651 0.039770926931579138 0.17277801465585271 0.33425264233423074 0.50838156225162068 0.69375332228166453 0.88295122325061071 1.0643082066829599 1.2324878663529861 1.3967048575975394 1.5268043438079111 1.6658248028380911 1.7695176366590875 1.8829796540372989 1.9758819546032131 2.0716979452216142 2.1544239731146471 2.2325132926860576 2.3047920164922275 2.3669270065877477 2.4333537357049719 2.4974549096131766 2.5693504968825192 2.6529518588819117 2.7439642034202469 2.8430956764222612 2.9341043775134725 3.0179927377664328 3.0764948050097205 3.1172712956557644 3.1119342763326814 3.0763126879768579 3.0141003215196207 2.9175632716035347 2.7990164310666139 2.6590600722409383 2.5022768663446966 2.3736658429916448 2.2972131959896416 2.2329453127452275
-0.4842320946915547 -0.48411291580473265 -0.4839011229476457 -0.48366297937638708 -0.48331922459317306 -0.48290971841287678 -0.48230277478780953 -0.48155186730185856 -0.48059207104426599 -0.47939857525778651 -0.47806469775169935 -0.47626653621189202 -0.47459235217421203 -0.47217683598734111 -0.47000532693085817 -0.4672074149624148 -0.46447803009703048 -0.46113733532661549 -0.45756050747660043 -0.45340798768005652 -0.44862320389519206 -0.44302245493707892 -0.43605638818127562 -0.42753501340781225 -0.41646118074564786 -0.40249129365484687 -0.38353498912796252 -0.35905172385579459 -0.32541439769708608 -0.28232949699773785 -0.22401839431711937 -0.15051302088907875 -0.055922200007259983 0.059828381640982774 0.19587198945932771 0.35522157246041297 0.52352536244812387 0.70814034538804871 0.89027567071648728 1.06513137214021 1.2379958927718513 1.3865346350904788 1.5326524797705607 1.6576389846160815 1.7744877684794276 1.8839281746688137 1.9798532753048557 2.0747433209410029 2.1464071352870531 2.2245071647270773 2.2807604263262666 2.3470371337849536 2.4055171069763763 2.4727564493172123 2.5471591213274176 2.6340941966159597 2.7235705929867069 2.8151060104352466 2.9026446068516569 2.9713036872357206 3.0196977309801922 3.0284085651154702 3.0100878469985246 2.9626818015987717 2.8819264733913701 2.7686528980818061 2.6466781371518473 2.4894240669254093 2.350577491817281 2.2528772925637606 2.1851737123573369
-0.48486826836278685 -0.48484174251260898 -0.48480195677486954 -0.48474891479356297 -0.48469587928967739 -0.48461633817555333 -0.48452355861762419 -0.48436455404595424 -0.48415263846656037 -0.48382172724689382 -0.48339852847346582 -0.48275130349888135 -0.48188105285684701 -0.4807628385030166 -0.47916288721913125 -0.47728197341275874 -0.4742945309939553 -0.4711732516813999 -0.46624064790068503 -0.46121269006629034 -0.45414880974273603 -0.44694267468323262 -0.43812378210098307 -0.42871052880939448 -0.4177547717247026 -0.40520980471789492 -0.39077922336383319 -0.37299278925709817 -0.35197193634958979 -0.32425830919575427 -0.2901875099318752 -0.24410228732469266 -0.18663254200308313 -0.10975787805837998 -0.015819360478221807 0.10212485573452586 0.23927444702325709 0.39495922848619958 0.56480804468660295 0.73935870446124496 0.91494049615155326 1.0888799561080518 1.246818521210052 1.4056195228433532 1.5367856302506993 1.6683486365936724 1.777310801689522 1.8803561994192364 1.9633202370892566 2.0319736890917168 2.0961449812943447 2.1497424147134043 2.2072572587163402 2.2620949646740631 2.3253309052436957 2.3957980061633926 2.4760631836378324 2.5648790175014531 2.6495684969219746 2.7318384731428904 2.7934970321291264 2.8408710839962059 2.8451786872153164 2.8253482104249104 2.7802308767767645 2.6970985114642851 2.5878456091005675 2.4592416648780819 2.307260642145005 2.1763806922432702 2.0889153466049057
-0.48523980048117726 -0.48523980048117726 -0.48521325192953507 -0.48518670500071465 -0.48516015969451742 -0.48512034477720661 -0.48505399469199573 -0.48498765474198463 -0.48489479583321038 -0.48478869567219812 -0.48465610691161914 -0.48448380201671731 -0.48427182825605103 -0.4839937696139523 -0.48355717969087869 -0.48296253622770663 -0.48205232800475056 -0.48081539584818145 -0.47909744101247875 -0.47664379334520723 -0.47357025401657743 -0.46882775201737698 -0.46342893277237673 -0.45437130300715145 -0.44463949147067156 -0.43007625420636342 -0.41440392706904522 -0.39411341033899056 -0.37194841782882798 -0.34539034264072921 -0.31473311074498722 -0.27834598977783259 -0.23401868707448917 -0.18104209920511125 -0.11268658707280887 -0.031825369849471208 0.073901558314206958 0.1943755674822121 0.34113763874096392 0.49891676406516677 0.67006950113795005 0.84351307860880664 1.0133007868568877 1.175105740887016 1.3274815414022212 1.4593020003160651 1.5882829142972503 1.6870739175962428 1.7876729646874929 1.8508054677166779 1.9188739783359561 1.9708627013357145 2.0258381642297003 2.0775859063672431 2.1349098791318784 2.1973908411332976 2.2719344938177648 2.3501898499993343 2.4383841070347141 2.526752694348148 2.6060049568194357 2.6572758141730106 2.6906035938002812 2.6971246808765978 2.6730393481166446 2.6208956659919629 2.5281322062638374 2.4243261683092956 2.2814878879400813 2.1365303235313 2.0177843530966784
-0.48551865830121699 -0.48550537529646298 -0.48550537529646298 -0.48550537529646298 -0.48549209269796045 -0.4854788105056847 -0.48545224733971393 -0.48541240563683719 -0.4853725675886596 -0.48530617896142986 -0.48522652600249105 -0.48512034477720661 -0.48498765474198463 -0.4848284801950502 -0.48461633817555333 -0.48435130629236811 -0.48400700646553302 -0.48355717969087869 -0.48296253622770663 -0.48203915059499747 -0.48078911638055255 -0.47891424408467737 -0.47646162829634753 -0.47283428186237375 -0.46790839372106463 -0.4609741115641674 -0.45087407324188888 -0.43799279296353905 -0.41841439632974459 -0.39615222870057654 -0.36290071056851703 -0.32685924044520559 -0.28036216291473298 -0.22907438536100086 -0.16678911971739124 -0.095636143049301708 -0.010216580103177933 0.089905111439397931 0.20733809528835642 0.34429400589831211 0.49239716140153766 0.65670176811507142 0.82038538793763294 0.98240692886379477 1.1372274764429064 1.2724218263715041 1.3998121199786731 1.506031244253258 1.5992606467262473 1.6772327143434638 1.7388598020722001 1.8007995314323786 1.8512032938164074 1.9092242984179895 1.9608559063144073 2.0246908623554307 2.0901169107520099 2.168526946192689 2.2544755678038713 2.3401862379163454 2.4261207087466152 2.4955720871060185 2.5531180921503052 2.56869442740284 2.5654581950959878 2.5363185043512062 2.4692622251774021 2.376010910646249 2.2587809065412605 2.1089707168794805 1.976308703015079
-0.48574453156261782 -0.48574453156261782 -0.48573124164778275 -0.48573124164778275 -0.48573124164778275 -0.48571795213962216 -0.48570466303811094 -0.48569137434322429 -0.48567808605493734 -0.4856382236294261 -0.48559836486241648 -0.48554522552957935 -0.48546552871961079 -0.48535928905130654 -0.48522652600249105 -0.48505399469199573 -0.48484174251260898 -0.48455006504028203 -0.48417912225971454 -0.48368943332546649 -0.48304177499610101 -0.4821841240976239 -0.4809731060566883 -0.4793592850345812 -0.4769171842659688 -0.47375121005332177 -0.46871272574171952 -0.46224385071738661 -0.45202849185276428 -0.43856467209619454 -0.41815270117036296 -0.39082194470581516 -0.35339044932695418 -0.30380967108205909 -0.24439189828432867 -0.17017538623278944 -0.08820873052749173 0.0091533319077084854 0.11537749427911691 0.23872337539539754 0.37145578191301731 0.51911889852482618 0.6708393543375234 0.82355899309398217 0.97055142074377299 1.1074474095236093 1.2275267849372016 1.3407018387316769 1.4264949953490336 1.5159268032242017 1.5713710452533214 1.6364778663418891 1.6876716217996088 1.7471864445943741 1.8013625427125322 1.8643627311058295 1.9290969175158033 2.0062092405376575 2.088455045044165 2.1812145484904146 2.2743426161168832 2.3545309980503961 2.4112492193533845 2.4496326504700745 2.4645044509010341 2.4501566954065956 2.4085621736929057 2.330900559667934 2.2292721788212901 2.0870001207959907 1.9458278865432226
-0.48618332705951789 -0.48618332705951789 -0.48618332705951789 -0.48618332705951789 -0.48617002371045187 -0.48617002371045187 -0.48617002371045187 -0.48615672076888267 -0.48615672076888267 -0.48613011610813534 -0.48611681438890725 -0.4860902121726175 -0.4860503119032244 -0.48599711724573036 -0.48591733747416865 -0.48579769528919953 -0.48565151069806317 -0.48545224733971393 -0.48518670500071465 -0.48484174251260898 -0.48439105076551975 -0.48380849604114379 -0.48305498286319759 -0.4820655058143461 -0.48071028751745437 -0.4788619162959637 -0.47624053055428528 -0.47256344831130287 -0.46723288528568196 -0.45944530117935134 -0.44872082558302162 -0.43208007186496594 -0.41058661993624401 -0.37521272470789269 -0.33157680641354303 -0.26643362107176272 -0.18932400207521524 -0.092965047516583035 0.014940349792936524 0.13516446665695486 0.26389633060461043 0.40253649180390871 0.54489861335297962 0.68925556818767963 0.82575706814770677 0.96036135769350184 1.0729480317928857 1.1844358883083705 1.271330371066159 1.3552215724604131 1.4211265987447987 1.4807971572684466 1.5386742533031736 1.5945914183397822 1.6552056875988741 1.7150501913176439 1.7845887666069264 1.8564690816322995 1.9403570815606535 2.037027879755775 2.1278172344802733 2.2157432826376051 2.2840244503226454 2.3411376387409639 2.36321698715741 2.3636495795183228 2.34010686035489 2.2799633674587367 2.1903597162653243 2.0666613023006772 1.9218268833351893
-0.48656930155589967 -0.48656930155589967 -0.48656930155589967 -0.48656930155589967 -0.48656930155589967 -0.48656930155589967 -0.48656930155589967 -0.48656930155589967 -0.48655598637855269 -0.48655598637855269 -0.4865426716094276 -0.48651604329574299 -0.4865027297511334 -0.48646279156593525 -0.48642285705315752 -0.48635630769096183 -0.48626315571274858 -0.48614341823478552 -0.48597052236011862 -0.48574453156261782 -0.48542568579835199 -0.4850141895059632 -0.48445729963787815 -0.48372911727065993 -0.48277770197209274 -0.48152554323336327 -0.47981789229307359 -0.4774905620071222 -0.4742815868787314 -0.46949294546285564 -0.46291163759746445 -0.4528162385499182 -0.43899407617810121 -0.41770931728100597 -0.38821298598341458 -0.34461182160069731 -0.28451477795829805 -0.20572113427859998 -0.10405837902882421 0.011528153857539481 0.14179456352365721 0.28044177829841654 0.41932779699675765 0.56122067893394378 0.69197392980127093 0.81912918373700172 0.93257522349829058 1.038023740045158 1.1315224289130699 1.2104522929620203 1.2871968784662298 1.342264726835412 1.4054146669518648 1.4572004127937683 1.5223790192285633 1.5791202197015857 1.6537140754412487 1.7220660074468417 1.8077379220141008 1.9000392354873248 1.9961130941710596 2.0901169107520099 2.1690569327448519 2.2349978796860306 2.2671952031459672 2.2818284665605182 2.2745965422569969 2.2331992415847735 2.1498654530262615 2.0465341827509693 1.9020845179804036
-0.48692896574366346 -0.48692896574366346 -0.48692896574366346 -0.48692896574366346 -0.48692896574366346 -0.48692896574366346 -0.48692896574366346 -0.48692896574366346 -0.48692896574366346 -0.48691563953485578 -0.48691563953485578 -0.48690231373494675 -0.48688898834391109 -0.48687566336172389 -0.4868356908680016 -0.48679572205301186 -0.48674243602099471 -0.48666251922964421 -0.4865426716094276 -0.48639623608453919 -0.48618332705951789 -0.48590404227030104 -0.48551865830121699 -0.48498765474198463 -0.48429831931875922 -0.48335887472316941 -0.48211822105163887 -0.48043449911949099 -0.47815610755052812 -0.47495519296315475 -0.47046698767676176 -0.46392156650302718 -0.45451969520058944 -0.44085974901413771 -0.42079966377914468 -0.39267367569926875 -0.34973134164789194 -0.29436717488663927 -0.21082133727787214 -0.11187669270209154 0.011612729219423752 0.14696479698974746 0.28703992751724239 0.42823201325433452 0.56248319840579197 0.68469279339857836 0.80191797234139239 0.90162176409335715 1.0029432068763251 1.0781304308025641 1.1646799407542601 1.2183779332917528 1.2823955047425255 1.3352371869097286 1.3961819052000373 1.4561381965502913 1.5271657181376264 1.60159287363915 1.6890867704039232 1.7782742830580436 1.8775383500948288 1.9770235987560412 2.064083435963596 2.1291418457922853 2.1781132523146316 2.2041199826559246 2.2053126533096092 2.1823575797645325 2.1107243543809049 2.0188252780039511 1.8845971400109183
-0.48726225392933237 -0.48726225392933237 -0.48726225392933237 -0.48726225392933237 -0.48726225392933237 -0.48726225392933237 -0.48726225392933237 -0.48724891748989874 -0.48724891748989874 -0.48724891748989874 -0.48724891748989874 -0.48723558145999168 -0.48723558145999168 -0.48722224583958612 -0.48719557582717887 -0.48716890745247576 -0.48712890796067659 -0.48707558103503201 -0.48699560292205868 -0.48688898834391109 -0.48674243602099471 -0.48652935724849944 -0.48626315571274858 -0.48587745308353525 -0.4853725675886596 -0.48469587928967739 -0.4837820348388871 -0.4825401734597678 -0.48085481803147029 -0.47853501038523039 -0.4752664408134834 -0.47068516484686268 -0.46407325860443072 -0.45471763036354546 -0.44053627002674478 -0.42087978029841427 -0.39062973175273275 -0.34977992751410925 -0.28903688100472424 -0.21005283026249003 -0.10638247206308911 0.017242084547645732 0.15390628513886792 0.29475272191017782 0.43641710404636741 0.55537259829150898 0.67996361991429477 0.77520253661837424 0.87829194924979603 0.95647578680942558 1.0405627850813117 1.1054761211218211 1.1679668133956205 1.2264452327482276 1.2831428633032418 1.3452364600468796 1.4125109461862104 1.4900568521459283 1.5747371461260398 1.6667706215180071 1.7692369701474089 1.864890626183622 1.9584969900315274 2.0319736890917168 2.094401244582937 2.1254812657005941 2.1409477713426623 2.1297543228027727 2.0714032835314686 1.9872371201463919 1.8677796905071105
-0.48780940085923308 -0.48780940085923308 -0.48782275452152651 -0.48782275452152651 -0.48782275452152651 -0.48782275452152651 -0.48782275452152651 -0.48782275452152651 -0.48782275452152651 -0.48782275452152651 -0.48782275452152651 -0.48782275452152651 -0.48782275452152651 -0.48780940085923308 -0.48780940085923308 -0.48779604760752476 -0.48778269476637615 -0.48775599031565731 -0.48771593671814645 -0.48766253766706436 -0.48759579808493997 -0.48748903608166055 -0.48734228116740225 -0.48714224071527573 -0.48686233878835994 -0.48647610388625451 -0.4859572255280093 -0.48523980048117726 -0.48427182825605103 -0.48290971841287678 -0.48101254255904491 -0.47836511650933727 -0.4746441680165337 -0.46939054167037375 -0.46181599914173255 -0.45094766792366525 -0.43508550044006494 -0.41201978854847021 -0.37923951000579426 -0.33167932557881913 -0.26891914863077004 -0.1811673102429984 -0.075725884141297023 0.048014290938054704 0.18298496700358169 0.30969402956584224 0.43550991964069874 0.5470728698873224 0.64630568028475877 0.7411910067264007 0.81980048830713925 0.90394145468301812 0.96431149723309117 1.0374264979406236 1.087674960036757 1.1517987225928614 1.2138098446415013 1.2927875351983293 1.3726542942037327 1.4702634469650784 1.565954019011971 1.6685536375330008 1.7699530492282878 1.8585432126870123 1.9316866541141871 1.9786643190229236 2.0101727032867789 2.0247318896552491 1.9951655517694342 1.9226787571510295 1.8334339958703072
-0.48830376002690246 -0.48830376002690246 -0.48830376002690246 -0.48830376002690246 -0.48830376002690246 -0.48830376002690246 -0.48830376002690246 -0.48830376002690246 -0.48830376002690246 -0.48830376002690246 -0.48830376002690246 -0.48830376002690246 -0.48830376002690246 -0.48830376002690246 -0.48830376002690246 -0.48830376002690246 -0.48829039156671322 -0.48827702351801949 -0.4882636558807959 -0.48823692184065803 -0.48819682386584429 -0.4881300021338485 -0.48804982962450077 -0.48792959860396551 -0.48775599031565731 -0.48751572412209804 -0.48718224143512689 -0.4867157954565216 -0.48610351307707628 -0.48526635065583956 -0.48411291580473265 -0.48251378942027706 -0.48026386069181276 -0.47708651255077844 -0.47256344831130287 -0.46606279372553672 -0.45671439011962078 -0.44292610563398749 -0.4232786644080474 -0.39436100960414106 -0.35422415061083129 -0.29787116171311911 -0.22384384157808454 -0.130439749278772 -0.020028462686354512 0.10123138679069897 0.21955833154722407 0.34525607277666376 0.44307514382172541 0.5523518079795694 0.63023458623027162 0.71744580981009654 0.78601277759454236 0.85757973262428189 0.92019639854138791 0.98155586785722515 1.047547433078635 1.1196517220398703 1.2013971243204515 1.2925883124655546 1.3901929950289131 1.4987377445377887 1.6005372943644689 1.6989700043360187 1.7785708656014547 1.8481028655513037 1.8917771176277212 1.9139197649514659 1.9093259847939574 1.8597625597046199 1.7828737670823593
-0.48874515022805931 -0.48874515022805931 -0.48874515022805931 -0.48874515022805931 -0.48874515022805931 -0.48874515022805931 -0.48874515022805931 -0.48874515022805931 -0.48874515022805931 -0.48874515022805931 -0.48873176817429198 -0.48873176817429198 -0.48873176817429198 -0.48873176817429198 -0.48871838653285743 -0.48871838653285743 -0.48870500530373023 -0.48870500530373023 -0.48869162448688497 -0.48867824408229632 -0.4886514845097869 -0.48861134824231206 -0.4885712156837746 -0.4885043363264342 -0.48839735077222951 -0.4882636558807959 -0.48806319068164483 -0.48778269476637615 -0.48738230031708452 -0.4868356908680016 -0.48606361158571648 -0.4850141895059632 -0.48354395654225152 -0.48149922076036267 -0.47858729879776724 -0.47442399336953489 -0.46845722081780133 -0.45979570015794019 -0.44727096258921245 -0.42907196966516292 -0.40293038524941593 -0.3661580098522389 -0.3150918317118816 -0.24811300137421693 -0.16326457560663896 -0.061530311632354652 0.044970705292769225 0.16226561429802155 0.26653743023430648 0.37143731740410085 0.46398252500970721 0.5476393517395316 0.62946056964228847 0.69754317715750302 0.7719767751753891 0.83101185144795664 0.90332878329402533 0.96922481802480676 1.0524245881420615 1.1365937473330781 1.2366883817646153 1.340682019245905 1.4463818122224421 1.5515597776456116 1.642721657237074 1.7251763014191372 1.7756250091866239 1.8125724687604672 1.8264376434897691 1.7981394099749288 1.7309436934277358
-0.48914680370194058 -0.48914680370194058 -0.48914680370194058 -0.48914680370194058 -0.48914680370194058 -0.48913340926636339 -0.48913340926636339 -0.48913340926636339 -0.48913340926636339 -0.48913340926636339 -0.48913340926636339 -0.48912001524388232 -0.48912001524388232 -0.48912001524388232 -0.48910662163447188 -0.48910662163447188 -0.48909322843810665 -0.4890798356547611 -0.48906644328440974 -0.48903965978258795 -0.48902626865106652 -0.48898609773375445 -0.48895931918633556 -0.48890576704447503 -0.48883883615188278 -0.48874515022805931 -0.48861134824231206 -0.48842409469008413 -0.48817009393926841 -0.48780940085923308 -0.48730226570504465 -0.48659593313535943 -0.4856116507116276 -0.48421885097784156 -0.48225003714574072 -0.47946406686316195 -0.47548704307989414 -0.46973625128697161 -0.46142626619314431 -0.44939256936486965 -0.43188044752713939 -0.40705751601980611 -0.37176437741091567 -0.32391940661013491 -0.26083128601891231 -0.18168171313350945 -0.090064396432600571 0.011570443597278161 0.11707233658597778 0.21555825714116209 0.31868926994774588 0.39884240302927015 0.49207559122720718 0.55665220826442641 0.63575509607828706 0.69707234047497946 0.76959884838744652 0.83738639381134927 0.91668551052923308 1.0004340774793186 1.1000602239311525 1.1999744625304907 1.3097578823163658 1.4198896910735679 1.5207061907727921 1.6014732976700095 1.6676770470548348 1.7175956181875403 1.7418289166076935 1.7345518190277314 1.6785456922995741
-0.48992438864605081 -0.48992438864605081 -0.48992438864605081 -0.48992438864605081 -0.48992438864605081 -0.48992438864605081 -0.48992438864605081 -0.48992438864605081 -0.48991097020722124 -0.48991097020722124 -0.48991097020722124 -0.48991097020722124 -0.48989755218296965 -0.48989755218296965 -0.48988413457327051 -0.48988413457327051 -0.48987071737809817 -0.48985730059742688 -0.48984388423123121 -0.48981705274216397 -0.4897902229106918 -0.48974998127102587 -0.48970974335979683 -0.48965609861008791 -0.48958905198982305 -0.48950860970603122 -0.48938797421083019 -0.4892405763198136 -0.48902626865106652 -0.48877191557269384 -0.48842409469008413 -0.48794295596266074 -0.48728892803688018 -0.48635630769096183 -0.48498765474198463 -0.48305498286319759 -0.48030323284014692 -0.47634456252936802 -0.47067232786115604 -0.4624453385775974 -0.45049403259890225 -0.43335042118213429 -0.40881291692954297 -0.37466696684918444 -0.32822567332740349 -0.2678153952837744 -0.19243114969041444 -0.10675437321486662 -0.0067534013816161979 0.083968197598415659 0.1876335099506935 0.26911582689511943 0.35909522365257768 0.43280900503316827 0.50852971897128663 0.57815766689384396 0.64762743647733911 0.72053966148612192 0.79521938752563026 0.87990405074903277 0.97389873475867361 1.0752914188833025 1.1880280413350806 1.2956110769238758 1.4011074654794566 1.4898319674614493 1.5702860230817546 1.6237040274154055 1.658393026279124 1.6665647770079086 1.6276627960937486
-0.49063615983806813 -0.49063615983806813 -0.49063615983806813 -0.49063615983806813 -0.49063615983806813 -0.49063615983806813 -0.49063615983806813 -0.49063615983806813 -0.49063615983806813 -0.49062271938988444 -0.49062271938988444 -0.49062271938988444 -0.49062271938988444 -0.49060927935763976 -0.49060927935763976 -0.49059583974130844 -0.49058240054086472 -0.4905689617562829 -0.49055552338753722 -0.49054208543460204 -0.49051521077605981 -0.49047490190618137 -0.49043459677720752 -0.49036742987348664 -0.49030027335602566 -0.49020627167438213 -0.49009886608909298 -0.48993780749948401 -0.48972315558264512 -0.48945498979338786 -0.48917359381248537 -0.48878529886361194 -0.48831712889861245 -0.48764918893012554 -0.48667583767366768 -0.48526635065583956 -0.48329279318412693 -0.48044762792983986 -0.47638358094562927 -0.47051831362161889 -0.46201728855498375 -0.44974718033934447 -0.43211530921628705 -0.40721277169651815 -0.37273658343177896 -0.32673020558121207 -0.26666628671517595 -0.19575149640598546 -0.11016066563229841 -0.024072138344969553 0.070555015835031695 0.15739631932322917 0.24276497775209646 0.32444708550508605 0.39667001368851051 0.4731803010049363 0.539565345794769 0.61719960929126871 0.68786770361798821 0.77374988666795141 0.86232819896446367 0.96475447217653865 1.0731315649409932 1.1826999033360426 1.291812687467119 1.3875499873902333 1.4800213233310497 1.5345464396540673 1.5791545571624523 1.6015167836500102 1.5782608996533165
-0.49129525186122286 -0.49129525186122286 -0.49129525186122286 -0.49129525186122286 -0.49129525186122286 -0.49128179100043778 -0.49128179100043778 -0.49128179100043778 -0.49128179100043778 -0.49128179100043778 -0.49128179100043778 -0.49128179100043778 -0.49128179100043778 -0.49128179100043778 -0.4912683305568562 -0.4912683305568562 -0.49125487053045219 -0.49124141092119994 -0.49122795172907352 -0.49120103459609504 -0.49117411913130976 -0.49114720533451106 -0.49110683776633562 -0.49105302017812547 -0.49098575756986251 -0.49090505618862068 -0.49078403222743527 -0.49062271938988444 -0.49039429538844398 -0.49009886608909298 -0.48981705274216397 -0.48942818231941848 -0.48902626865106652 -0.48847758746698355 -0.48771593671814645 -0.48662256634800705 -0.48510707394919977 -0.48296253622770663 -0.4799096718871575 -0.47557791188724763 -0.46931375466880582 -0.46028422748175174 -0.44733178388780681 -0.42885040571711608 -0.40299628729535469 -0.36775535156962524 -0.32085385017629969 -0.2623462636944916 -0.19080403303265131 -0.1116014476920925 -0.026558089505387114 0.061866972138563167 0.14229558828976357 0.22988652924589187 0.29887489970469894 0.38111508070985056 0.44420098886415954 0.523056769525441 0.59217675739586684 0.67598902417262796 0.76237842931196409 0.86600362554681232 0.96997938391677518 1.0815273262448046 1.1928739715425218 1.2940250940953226 1.3842637857228031 1.4513872536625003 1.5048920393880756 1.5383097593817336 1.5302253195406255
-0.49190142282192151 -0.49190142282192151 -0.49190142282192151 -0.49190142282192151 -0.49190142282192151 -0.49190142282192151 -0.49190142282192151 -0.49190142282192151 -0.49190142282192151 -0.49188794316017631 -0.49188794316017631 -0.49188794316017631 -0.49188794316017631 -0.49188794316017631 -0.49188794316017631 -0.49187446391680079 -0.49187446391680079 -0.49186098509176895 -0.49184750668505484 -0.49183402869663251 -0.49180707397455942 -0.49178012092534179 -0.49173969448766552 -0.49169927181274653 -0.49163190904766241 -0.49156455672949523 -0.49145681474192909 -0.49132217483450669 -0.49110683776633562 -0.49082436980066851 -0.49050177407040141 -0.49009886608909298 -0.48966950917631369 -0.48914680370194058 -0.48845084025493452 -0.48747569267642399 -0.48617002371045187 -0.48444404905491412 -0.48198644495392506 -0.47865266816765495 -0.47384171635393135 -0.46702916451292792 -0.45723679733806866 -0.44325137023668376 -0.42352043481975143 -0.39621711010330218 -0.35937945206797867 -0.31156237940783571 -0.25219990913563117 -0.181345303839931 -0.10582244616122717 -0.018902040691402337 0.056027758086361991 0.14435622736818346 0.21319889172360817 0.29311937013429873 0.36030934434205869 0.43574883616437582 0.5076535134649881 0.58711578715439505 0.67310388540802069 0.77331826600373799 0.87719851527178971 0.99087140480148594 1.1020905255118367 1.207041620935394 1.2959407622671988 1.3737944167147318 1.4349678884278125 1.4702634469650784 1.4768461144108262
-0.4929946672197224 -0.4929946672197224 -0.4929946672197224 -0.4929946672197224 -0.4929946672197224 -0.4929946672197224 -0.4929946672197224 -0.4929946672197224 -0.4929946672197224 -0.4929946672197224 -0.4929946672197224 -0.4929946672197224 -0.4929946672197224 -0.49298115358356714 -0.49298115358356714 -0.49298115358356714 -0.49298115358356714 -0.49298115358356714 -0.49296764036789315 -0.49295412757267426 -0.49294061519788429 -0.49292710324349703 -0.49290008059582607 -0.49285954977668639 -0.49280551456781968 -0.49275148608121339 -0.49267045595188386 -0.4925624392917522 -0.49242745623543355 -0.49223855041170556 -0.49198230957961053 -0.49163190904766241 -0.49118757665519119 -0.49067648367851152 -0.490018329328194 -0.48914680370194058 -0.48796967191258933 -0.48651604329574299 -0.48452355861762419 -0.48201279697492183 -0.47862651923897181 -0.47403572196278465 -0.46776810742619113 -0.45893272649060551 -0.44666321762311162 -0.42944538569216922 -0.40590592241988277 -0.37391638373022063 -0.33298623341686728 -0.28016343524123016 -0.2204756566752101 -0.14921290228869269 -0.077882045012642009 -0.00097391082727115656 0.074304344001435055 0.1474289686986561 0.22172713013390119 0.29041306212293294 0.36651634384753529 0.43817830652182321 0.52175246340676429 0.61396860467711656 0.71782023390597016 0.82941956925402882 0.93607621174152755 1.0423392045635507 1.1384605947257023 1.2338587625648278 1.2957429810955514 1.3455893537406491 1.3731511671158896
-0.49395521176701501 -0.49395521176701501 -0.49395521176701501 -0.49395521176701501 -0.49395521176701501 -0.49395521176701501 -0.49395521176701501 -0.49395521176701501 -0.49395521176701501 -0.49395521176701501 -0.49395521176701501 -0.49395521176701501 -0.49395521176701501 -0.49395521176701501 -0.49395521176701501 -0.49395521176701501 -0.49395521176701501 -0.49395521176701501 -0.49394166820965951 -0.49394166820965951 -0.49394166820965951 -0.49392812507464934 -0.49391458236195818 -0.4938874982034272 -0.49386041573385597 -0.49381979519583796 -0.4937521027409566 -0.49368442083549391 -0.49357615172133934 -0.49344085327421772 -0.49326502828420327 -0.4930352106513371 -0.49272447435823513 -0.49230600734508284 -0.49175316954877218 -0.49098575756986251 -0.48996464645026361 -0.48862472658599893 -0.48684901462379421 -0.48451030601293593 -0.48157819296604215 -0.47754272481316679 -0.47264081209309466 -0.46574537803125082 -0.45705015118582115 -0.44488135741694473 -0.42861730255983543 -0.40649241066823477 -0.37723697793752359 -0.3390681501822031 -0.29186815910084163 -0.23570428490583581 -0.17098585337637687 -0.10511927856813384 -0.029783338637064356 0.036229544086294529 0.11364258277173982 0.1771900804896093 0.25200302053845874 0.31956406609216437 0.39757504800228888 0.48351597839054139 0.58646352435763571 0.68894457399791242 0.798014964351487 0.90514259880571213 1.0037189638231145 1.0957619594775003 1.1704670763859371 1.2329961103921538 1.2740192225193301
-0.49482287912317108 -0.49482287912317108 -0.49482287912317108 -0.49482287912317108 -0.49482287912317108 -0.49482287912317108 -0.49482287912317108 -0.49482287912317108 -0.49482287912317108 -0.49482287912317108 -0.49482287912317108 -0.49482287912317108 -0.49482287912317108 -0.49482287912317108 -0.49482287912317108 -0.49482287912317108 -0.49482287912317108 -0.49482287912317108 -0.494809308480817 -0.494809308480817 -0.494809308480817 -0.494809308480817 -0.49479573826249906 -0.49479573826249906 -0.49476859909786569 -0.49475503015149735 -0.49471432585586766 -0.4946600593954818 -0.49459223585406004 -0.49449730068705472 -0.49437527167212059 -0.49421261963742275 -0.49398230014886713 -0.49369795637279074 -0.49329207364988042 -0.49275148608121339 -0.49196882740710174 -0.49090505618862068 -0.48944158584956171 -0.48742232315477119 -0.48484174251260898 -0.48124923680519988 -0.47679999565425357 -0.47074935546759578 -0.46317651668791021 -0.45325997479072727 -0.44027287258243908 -0.42353195105437297 -0.40112198679252214 -0.37248052866231735 -0.33505731854167337 -0.29062826318136387 -0.23497255845015178 -0.17808707817495725 -0.11092250734993608 -0.047333457661791319 0.022593314021462023 0.087355430054051261 0.15481943619417304 0.2224823571389114 0.29532514704270396 0.37664994159275683 0.47126236584578485 0.57072969304835441 0.67999991622921985 0.78226474372928956 0.88326954179929817 0.97373728613662391 1.0596391383237249 1.1265210255434122 1.1737106028159108
-0.49645444255448956 -0.49645444255448956 -0.49645444255448956 -0.49645444255448956 -0.49645444255448956 -0.49645444255448956 -0.49645444255448956 -0.49645444255448956 -0.49645444255448956 -0.49645444255448956 -0.49645444255448956 -0.49645444255448956 -0.49645444255448956 -0.49645444255448956 -0.49645444255448956 -0.49645444255448956 -0.49645444255448956 -0.49645444255448956 -0.49645444255448956 -0.49645444255448956 -0.49644082083467655 -0.49644082083467655 -0.49644082083467655 -0.49644082083467655 -0.49642719954209763 -0.49642719954209763 -0.49639995823853517 -0.49638633822749789 -0.49634548075704077 -0.49629101010829219 -0.49620931694281889 -0.49610041662080817 -0.4959643296075355 -0.49576027901010122 -0.49548836059536816 -0.49512154058978414 -0.49461936399960593 -0.49391458236195818 -0.49291359170948634 -0.49148374773306353 -0.48949520410721847 -0.48674243602099471 -0.48297574168515817 -0.4779471991311775 -0.47113469856043161 -0.46264691996006979 -0.45099673797421219 -0.43743355671455114 -0.41892686513055549 -0.39689895068594405 -0.36786677795951972 -0.3327992913388228 -0.28918899520281682 -0.23954735828491769 -0.1836194828720622 -0.12349349573411907 -0.062813220729936559 0.0012143252861788671 0.060471192797678791 0.12538366046770691 0.1910036340679773 0.26653743023430648 0.34625514936138546 0.43974310553999296 0.54435334413586034 0.64612914179687675 0.74811046749498378 0.84199105338662483 0.93450855099780128 1.0000434272768626 1.0590330049637804
-0.49791444077395425 -0.49791444077395425 -0.49791444077395425 -0.49791444077395425 -0.49791444077395425 -0.49791444077395425 -0.49791444077395425 -0.49791444077395425 -0.49791444077395425 -0.49791444077395425 -0.49791444077395425 -0.49791444077395425 -0.49791444077395425 -0.49791444077395425 -0.49791444077395425 -0.49791444077395425 -0.49791444077395425 -0.49791444077395425 -0.49791444077395425 -0.49791444077395425 -0.49791444077395425 -0.49791444077395425 -0.49790077318471287 -0.49790077318471287 -0.49790077318471287 -0.49790077318471287 -0.49788710602558772 -0.49787343929655181 -0.497859772997578 -0.49783244168970853 -0.49779144795269353 -0.49772313365530335 -0.49764117068036773 -0.49750460008744879 -0.49732712249779365 -0.49708150397004602 -0.4967405974091379 -0.49626377734566196 -0.49559710753184127 -0.4946600593954818 -0.49330559696433152 -0.4913490994769148 -0.48858459279122524 -0.48472239623204139 -0.47925452848051769 -0.4721124340472953 -0.46221867130632299 -0.44994295178883226 -0.43384545117683793 -0.41416717752408255 -0.38988304458807221 -0.35957819565642929 -0.32406592662650524 -0.28019655020583978 -0.23314118897858238 -0.1772175409292546 -0.12491557485357306 -0.065163334784454935 -0.011668505332573079 0.047547433078634994 0.10690449893564341 0.1765831807654934 0.2498340415967924 0.33527732503192931 0.42871778320383175 0.52959716122542477 0.63077354567521582 0.72922960492785838 0.81620814647583861 0.89125303826224789 0.95605792113913501
-0.49922853608937623 -0.49922853608937623 -0.49922853608937623 -0.49922853608937623 -0.49922853608937623 -0.49922853608937623 -0.49922853608937623 -0.49922853608937623 -0.49922853608937623 -0.49922853608937623 -0.49922853608937623 -0.49922853608937623 -0.49922853608937623 -0.49922853608937623 -0.49922853608937623 -0.49922853608937623 -0.49922853608937623 -0.49922853608937623 -0.49922853608937623 -0.49922853608937623 -0.49922853608937623 -0.49922853608937623 -0.49922853608937623 -0.49922853608937623 -0.49922853608937623 -0.49922853608937623 -0.49922853608937623 -0.49921482708254405 -0.49920111850843896 -0.4991874103670334 -0.49917370265830019 -0.4991325821278616 -0.49907776080969946 -0.49900924389200535 -0.49888594067386677 -0.49873528426651748 -0.49850255438586005 -0.4981742067276515 -0.49770947208522709 -0.49706786256844915 -0.49615486336843834 -0.49482287912317108 -0.49290008059582607 -0.49012571499528079 -0.48613011610813534 -0.48053954071678695 -0.47273108726003404 -0.46219349335501997 -0.4484280263257463 -0.43027505077384109 -0.40894652887221555 -0.38060402148646572 -0.35037311315947062 -0.31080661283682443 -0.26956497581360317 -0.22015108532216407 -0.17158502697056052 -0.11950081355747784 -0.069117161781244121 -0.016531584835935944 0.037665493350802486 0.10040501156588885 0.16882146300982398 0.24482119459328283 0.33047465148613647 0.42862067267193898 0.52325207802469409 0.62171621664731114 0.71065883730152912 0.79522634675970272 0.85800754072690233
-0.50043662646559728 -0.50043662646559728 -0.50043662646559728 -0.50043662646559728 -0.50043662646559728 -0.50043662646559728 -0.50043662646559728 -0.50043662646559728 -0.50043662646559728 -0.50043662646559728 -0.50043662646559728 -0.50043662646559728 -0.50043662646559728 -0.50043662646559728 -0.50043662646559728 -0.50043662646559728 -0.50043662646559728 -0.50043662646559728 -0.50043662646559728 -0.50043662646559728 -0.50043662646559728 -0.50043662646559728 -0.50043662646559728 -0.50043662646559728 -0.50043662646559728 -0.50043662646559728 -0.50043662646559728 -0.50043662646559728 -0.5004228792715123 -0.5004228792715123 -0.50040913251256824 -0.5003816402999931 -0.50035414982765181 -0.50031291738159622 -0.50024420533621861 -0.50013428867090892 -0.49998319866508578 -0.49976352517436101 -0.49943422313767899 -0.49899554180552813 -0.49835203089318553 -0.49742267834137405 -0.4960868060003798 -0.49413131645804587 -0.49128179100043778 -0.48716890745247576 -0.48127554413064044 -0.47289879094288145 -0.46167766676856004 -0.44597142417912689 -0.42712839779951983 -0.4017677616870734 -0.37361856653047254 -0.33832926395964008 -0.29936549864633016 -0.25550361124736509 -0.20877265837354966 -0.16310648362356631 -0.11604345842597731 -0.070295045073380844 -0.020943557931364522 0.035629827790438814 0.099818709615230428 0.16711047859665729 0.24558668897421365 0.33517697277002684 0.42716140292596555 0.52455189487520471 0.6169478869289271 0.71090396980461057 0.7674601367990469
-0.50197907241780126 -0.50197907241780126 -0.50197907241780126 -0.50197907241780126 -0.50197907241780126 -0.50197907241780126 -0.50197907241780126 -0.50197907241780126 -0.50197907241780126 -0.50197907241780126 -0.50197907241780126 -0.50197907241780126 -0.50197907241780126 -0.50197907241780126 -0.50197907241780126 -0.50197907241780126 -0.50197907241780126 -0.50197907241780126 -0.50197907241780126 -0.50197907241780126 -0.50197907241780126 -0.50197907241780126 -0.50197907241780126 -0.50197907241780126 -0.50197907241780126 -0.50197907241780126 -0.50197907241780126 -0.50196527631297305 -0.50196527631297305 -0.50196527631297305 -0.50195148064638773 -0.50193768541801742 -0.50192389062783427 -0.50189630236191829 -0.50185492324875247 -0.50178596682017629 -0.50167565930282854 -0.50153781429376698 -0.50131735324298277 -0.50098687136122844 -0.50053286901045724 -0.49987334803040295 -0.49891333836380442 -0.49753191077051051 -0.49548836059536816 -0.49250844103463076 -0.48814336565776306 -0.48182836639773796 -0.47297621448989596 -0.46047226902866012 -0.44409578508337433 -0.42227847549097913 -0.39583877182525595 -0.3641344028096628 -0.32633412375429816 -0.28690444964079193 -0.24055880286630241 -0.20017716900668017 -0.15515640699190036 -0.11499518336174742 -0.070596402596746224 -0.020265018916437345 0.039136399222095268 0.099749680848987471 0.1714924272529012 0.25292581166579986 0.34204744625866801 0.43714783856045736 0.53204058184347713 0.62194444870955623 0.68735949088138926
-0.50340242367629118 -0.50340242367629118 -0.50340242367629118 -0.50340242367629118 -0.50340242367629118 -0.50340242367629118 -0.50340242367629118 -0.50340242367629118 -0.50340242367629118 -0.50340242367629118 -0.50340242367629118 -0.50340242367629118 -0.50340242367629118 -0.50340242367629118 -0.50340242367629118 -0.50340242367629118 -0.50340242367629118 -0.50340242367629118 -0.50340242367629118 -0.50340242367629118 -0.50340242367629118 -0.50340242367629118 -0.50340242367629118 -0.50340242367629118 -0.50340242367629118 -0.50340242367629118 -0.50340242367629118 -0.50338858228282979 -0.50338858228282979 -0.50338858228282979 -0.50338858228282979 -0.50337474133049331 -0.50336090081925344 -0.50334706074908209 -0.50331938193183279 -0.50327786701327049 -0.50320868429995758 -0.5031118470124325 -0.50294589045266891 -0.50272471364200466 -0.50239315948378616 -0.50192389062783427 -0.50122093671340628 -0.50020298332661017 -0.49872159082066481 -0.49653618184678583 -0.49331912069989248 -0.48861134824231206 -0.48178885574750946 -0.47204804165605813 -0.45853308811816657 -0.44030878101041471 -0.41639320362680149 -0.38814928931773979 -0.35151313500212966 -0.31581016376624027 -0.27009041848439952 -0.2328738302822814 -0.19074338726041559 -0.15329803583594534 -0.11346979530547799 -0.068791386184423625 -0.015297204136875379 0.040958173384207347 0.10557830405203709 0.18055594070364109 0.26634931198699757 0.35846786387692053 0.45415858994434377 0.54034199030165697 0.61487613326500967
-0.50471937173942738 -0.50471937173942738 -0.50471937173942738 -0.50471937173942738 -0.50471937173942738 -0.50471937173942738 -0.50471937173942738 -0.50471937173942738 -0.50471937173942738 -0.50471937173942738 -0.50471937173942738 -0.50471937173942738 -0.50471937173942738 -0.50471937173942738 -0.50471937173942738 -0.50471937173942738 -0.50471937173942738 -0.50471937173942738 -0.50471937173942738 -0.50471937173942738 -0.50471937173942738 -0.50471937173942738 -0.50471937173942738 -0.50471937173942738 -0.50471937173942738 -0.50471937173942738 -0.50471937173942738 -0.50471937173942738 -0.50471937173942738 -0.50471937173942738 -0.50471937173942738 -0.50470548831050166 -0.50470548831050166 -0.50469160532538404 -0.50467772278404621 -0.50463607782242803 -0.50459443685380667 -0.50452504411068499 -0.50441403877907243 -0.50426145276089596 -0.50401188212943071 -0.5036654940031835 -0.50315334606314677 -0.50239315948378616 -0.50128980347883345 -0.49966745295144893 -0.49725888119379202 -0.49371149233195916 -0.48851771137399858 -0.48095996135165536 -0.47017198115073927 -0.45526241767422831 -0.43455361713748353 -0.40978253611528476 -0.37631663212278088 -0.34264770364977737 -0.30063062842140603 -0.2630221714205585 -0.22449877641016922 -0.18729381782481458 -0.15063587473408782 -0.11013268219949665 -0.062722892214603865 -0.010656989190895329 0.047508505594012221 0.11654133302674538 0.19876702100940866 0.28470137852417776 0.3799397228019159 0.46707508351520644 0.54892964655279131
-0.5059707013082626 -0.5059707013082626 -0.5059707013082626 -0.5059707013082626 -0.5059707013082626 -0.5059707013082626 -0.5059707013082626 -0.5059707013082626 -0.5059707013082626 -0.5059707013082626 -0.5059707013082626 -0.5059707013082626 -0.5059707013082626 -0.5059707013082626 -0.5059707013082626 -0.5059707013082626 -0.5059707013082626 -0.5059707013082626 -0.5059707013082626 -0.5059707013082626 -0.5059707013082626 -0.5059707013082626 -0.5059707013082626 -0.5059707013082626 -0.5059707013082626 -0.5059707013082626 -0.50595677782007076 -0.50595677782007076 -0.50595677782007076 -0.50595677782007076 -0.50595677782007076 -0.50595677782007076 -0.50595677782007076 -0.50594285477825163 -0.5059289321827769 -0.50590108833074598 -0.50587324626374908 -0.50583148650969167 -0.50574797904592261 -0.50563666073269187 -0.50545582930734989 -0.50519167259152575 -0.50481656817092002 -0.50424758396267344 -0.50340242367629118 -0.50217226391649561 -0.50034040524399992 -0.49764117068036773 -0.49365735102640962 -0.48779604760752476 -0.47929380922720799 -0.46723288528568196 -0.45022452794730333 -0.42852409631805621 -0.39943002037666425 -0.36725934467213622 -0.32894755410539078 -0.2905773842026585 -0.25521431354147867 -0.21811543298388425 -0.18456836919843531 -0.14726999303482127 -0.10559531483144562 -0.057555390301894271 -0.004268306239314866 0.059563417901267686 0.1360543495510555 0.21832539660967057 0.31014080179619397 0.39908503533322459 0.48836737169233235
0.69999999999999996 0.02
-0.45229911864531608 -0.44859880190154028 -0.44269736167105289 -0.43650704879823887 -0.42708195167553537 -0.41684658552610782 -0.40227191422356456 -0.38576738330129179 -0.36414444720357836 -0.33907763124890583 -0.30851182368373314 -0.27136219298865832 -0.22934677877966628 -0.17883378400165792 -0.12404212086317039 -0.05660937105262779 0.016740927286259689 0.10421388419932318 0.2015063670532381 0.31291748111636852 0.43627399032604824 0.57098634759693323 0.71409494250139227 0.86336450280026789 1.0140162292583639 1.1674945616357215 1.318897714627487 1.4720393448219806 1.6224005533247967 1.7731425686854885 1.9186435806020563 2.0636335452307848 2.1991241146233249 2.331103226376499 2.4511875250567075 2.5609104430076406 2.6638233772847637 2.7516408653386235 2.8454577350176167 2.9243568317244222 3.0203612826477078 3.1012657849913352 3.2002484135153542 3.2866136316570045 3.3825753196494861 3.4672972555517876 3.5461970644860603 3.6223591090570006 3.6850606609044956 3.7534987960576065 3.8199977335107764 3.8928956379287696 3.973174052682972 4.0459094670350098 4.1080573737838542 4.137702167146962 4.1359590921245566 4.0921941206973163 3.9972727713836003 3.8848180123535596 3.7361892664819805 3.5971464878336952 3.4314763444315575 3.2687417374124763 3.1618170401676924 3.087745934784734 2.9840905490809746 2.8104543145673886 2.6341446203387928 2.4524917827883126 2.2633756505094427
-0.46297468939593217 -0.46202987224153019 -0.46077330495700497 -0.45902019642726588 -0.4568760204521356 -0.45366713168081163 -0.45005311202326675 -0.44421654991422399 -0.43806423668621869 -0.42763963326985988 -0.41627993206780056 -0.39825498636463269 -0.37713347098200645 -0.34744424978818245 -0.31244428635584864 -0.2674775793904578 -0.21300737013821155 -0.14864379312776094 -0.069443181934280146 0.018658897585517732 0.12674814156019187 0.24375714102992993 0.37990350745150275 0.52495404945368318 0.6814221557210085 0.84330754259167862 1.0080889362915775 1.1728946977521761 1.3355581880658611 1.4929139708484036 1.6465017500316119 1.7907072873276797 1.9332695798786093 2.0606223043099559 2.1894341634010277 2.2953251470427039 2.4022613824546801 2.489241090524176 2.5762952687709886 2.6561557206516686 2.7365877091253004 2.8218736535093432 2.9047263619430295 3.0006075870628903 3.0848621390484223 3.1899112096928057 3.2620949646740631 3.3542045113703129 3.420368379857524 3.4989167640651666 3.5692568333286103 3.653665873520878 3.7360935858290483 3.8250884183002145 3.9090904642704833 3.9705978947009388 4.0006943158663546 3.9807076760429365 3.9245480518460405 3.8285954563717022 3.7068542778142408 3.5590323710924761 3.4239663686802855 3.2469661065587436 3.1042480469904441 3.0173672835535297 2.9469678064161395 2.8176975547630243 2.6470404858549599 2.4645193538566796 2.2758869603012259
-0.46748767070961167 -0.46709281698954058 -0.46663472725036437 -0.46598659279858312 -0.46516193861148708 -0.46423765152688057 -0.46306297729532647 -0.46177826776087993 -0.46002110602425728 -0.45810887490399893 -0.45510138664702032 -0.45173345482925475 -0.44629897845003896 -0.44002159668392848 -0.43094226881994552 -0.41995362045201023 -0.40410714205805148 -0.38327248988644258 -0.35478411869086351 -0.31498418430706215 -0.26448892608047819 -0.19101973105696576 -0.10713770905799404 0.015108160645837195 0.14507203770499774 0.30952370965311338 0.478609778601228 0.66252173791011515 0.84663396414539793 1.0280830070178384 1.2037126406077068 1.3712711014875845 1.5244740154735967 1.6727441983065992 1.7990578213533761 1.9267282004469339 2.0272272540672551 2.1319072427743864 2.2142078296544492 2.2981978671098151 2.3719909114649149 2.4476230977602862 2.5258737124191519 2.604992414039756 2.6931815406428044 2.7755667615360671 2.8718705354201659 2.9457590024569451 3.0375460120858269 3.1063609088067503 3.1922607186420437 3.2716093013788319 3.3664789916085938 3.464444833963928 3.5668144635045009 3.6631447478371086 3.7320719409998668 3.7711022109540902 3.75525726143514 3.7055387247672806 3.6195941507651606 3.5035183127240748 3.3634991614782348 3.2282463262552459 3.056027758086362 2.9156952449382962 2.8304539331029179 2.7634878921192563 2.6575338875579861 2.4848263690844425 2.300073495267144
-0.46822739483859599 -0.46832952470341377 -0.46808700547842624 -0.46795941815652287 -0.46761511949615348 -0.4672074149624148 -0.4666092919824486 -0.46585962095757133 -0.46493384942017185 -0.4637067600165673 -0.46221867130632299 -0.4600461583436033 -0.45749823678525547 -0.45404996042356494 -0.45022452794730333 -0.4444944365321476 -0.43781423505872408 -0.42867556662060291 -0.41748211639593752 -0.40135172882495873 -0.3806770551168242 -0.35182545772096141 -0.31338160330635884 -0.26202855309697748 -0.19010375339756092 -0.1020047391102096 0.025469719061055818 0.16381709389932556 0.35177698731776347 0.53745388242687486 0.7457070263615222 0.94564089002672147 1.1349735400059153 1.313909382835271 1.4742454103788669 1.615339717908828 1.7478311385110723 1.8549008910076439 1.9660900838376756 2.046924174230035 2.1383026981662816 2.2088979854933664 2.2896335390096452 2.3644008892496853 2.4468321882743616 2.5265847911694577 2.6078194631596596 2.6899567089505996 2.7646318650234081 2.8460524384207146 2.9184969001971384 3.0017769670774395 3.0893398077710312 3.1894341634010277 3.300073495267144 3.4047995188576539 3.4983243406971716 3.5581683658698964 3.5930311765967233 3.573034141907423 3.5173410785229917 3.4335298259154952 3.3164107107258092 3.1838105950981346 3.038023740045158 2.8741337788279724 2.7472253086786176 2.6693261801342523 2.6084190513172856 2.4921595020567144 2.3156975144495764
-0.4666092919824486 -0.46652028027401571 -0.46649485170782168 -0.46632960230907555 -0.46625335455785066 -0.46596119546045295 -0.46584692581493742 -0.46536478517374702 -0.46502253653844972 -0.46428824648623918 -0.46342893277237673 -0.46219349335501997 -0.46061021792749501 -0.4586454492455847 -0.45603123430643816 -0.45277928098693876 -0.44815980031003699 -0.4425529538506407 -0.43497907165470623 -0.42595715124051015 -0.41328895028328366 -0.3981354851744065 -0.37667833321964667 -0.34991599686323605 -0.31117099487365113 -0.26177455185749493 -0.19232293621734201 -0.10325338439259441 0.012288739834606592 0.15914592785404733 0.32417952971789982 0.5254983106766703 0.71925668801345743 0.93064344104216434 1.1264561134318043 1.2994637145284502 1.4650555199518209 1.5992387910329255 1.7239479764316434 1.8322725411017984 1.927549998540939 2.0217266644137775 2.1003705451175629 2.1889284837608534 2.2632809142966215 2.3525298147967262 2.4229179807676622 2.507167468668134 2.5763298303054776 2.6535212356521458 2.7251354131752712 2.8014654536587029 2.8839338481980854 2.9807712344334938 3.0842544591112291 3.1946253294838645 3.2987657722618797 3.3808260568363413 3.4251427878607661 3.4393958593429774 3.4172225044337692 3.353011711033453 3.2643218777630056 3.1409791634769708 3.0141843975012796 2.8529189459272573 2.7012743269021318 2.5997302782956524 2.5282223021780177 2.4594829563528093 2.3246527855429879
-0.46840613786636148 -0.46813805090419064 -0.46793390518944827 -0.46758962674656279 -0.46725835710280966 -0.46682553925760922 -0.46636773120524472 -0.46585962095757133 -0.46526335004963693 -0.46465523632334277 -0.46384574031655723 -0.46299991267866109 -0.46179084452360192 -0.46047226902866012 -0.45854557125241108 -0.45627953028364532 -0.45302572416671294 -0.44908710247232408 -0.44395091159961797 -0.43761195814189446 -0.42930531705379438 -0.41849407399245409 -0.40426134639522776 -0.38516603534186911 -0.36073270545496106 -0.32720967131129758 -0.28580440599012602 -0.22544654047016827 -0.15316206773177693 -0.049143677818617518 0.070813359702715475 0.22878520098064911 0.40122816749811308 0.59560643486560305 0.79604675441365713 0.99019673109103623 1.1757436844217604 1.349044286602036 1.4899022564353195 1.635121683866136 1.737152870326679 1.8503521139582779 1.9387798236923051 2.0331824137291949 2.1177682949263725 2.2036582994562468 2.2858047638486316 2.3616900696379957 2.4399797052236392 2.5066267801462394 2.5818927949386175 2.6498700937024062 2.7269227197510193 2.8151193058426225 2.9145599857326117 3.0211892990699383 3.1208699401791882 3.2112540676178725 3.274134747878962 3.3180006918179208 3.3080946520423131 3.2694195375110495 3.2018339304743506 3.100232651964506 2.976166500131975 2.839754499992019 2.6769404016171832 2.5447995244025106 2.4682882387076095 2.3975924340381169 2.3195016390564942
-0.46941614035488227 -0.46894280876671063 -0.46848276454689375 -0.46794666148563818 -0.46738573860249188 -0.46681281584858486 -0.46616441576394319 -0.46555503991105318 -0.46476919280549434 -0.46404797290782657 -0.46308820570637682 -0.46214314183101901 -0.46101177314177438 -0.45975814388488995 -0.45828350075351826 -0.45646584546986163 -0.45424768156602091 -0.45126672240184723 -0.44759949883931638 -0.44274550828365761 -0.43664945988799259 -0.42824459755356437 -0.41781159647021437 -0.40358985615572995 -0.38574626927134442 -0.36127119837194083 -0.3301719386674789 -0.28785558578511411 -0.23371359263044847 -0.16221592082361527 -0.07035632119085862 0.04281169180714782 0.1867586271816139 0.34299478292747715 0.53375935209931491 0.72056445588064244 0.91661710733945367 1.1043846712878835 1.2696763576298651 1.428102382783436 1.5621857649412758 1.6837492703947614 1.797489133785025 1.8941443051416273 1.9963715545591889 2.0804460946110486 2.1773055843418603 2.2474576958148118 2.3310019048442046 2.393855868587961 2.4649364291217326 2.5310188322087921 2.6027001037218476 2.6819915563906904 2.7762215976160243 2.8717713581192363 2.9722306175214404 3.0671452788853952 3.1427960357135558 3.1885066338181143 3.2046082893270356 3.1884222146358283 3.1362130655130249 3.0574378682129395 2.941392159191468 2.8205101521820164 2.6609602917760835 2.5132842045434782 2.4101865286571087 2.3410188275560437 2.2736724619426054
-0.4706081486235888 -0.47032587259728792 -0.46992843116262178 -0.46949294546285564 -0.46887888458727217 -0.46827845676886298 -0.46738573860249188 -0.46655842591517294 -0.4654535603459326 -0.4643768018506883 -0.46307559131766007 -0.46171538940985968 -0.46020903365425908 -0.45853308811816657 -0.45678898125999479 -0.45468051064826454 -0.45249604410667499 -0.44966155807284575 -0.4464932013258045 -0.44251685939698282 -0.4376595442353956 -0.43144628795055739 -0.42340528926616888 -0.4127381503074658 -0.3987333202186838 -0.38023903744792087 -0.35584709495060635 -0.32421249609172081 -0.28152322357660209 -0.22831699953481557 -0.15467246497793316 -0.067399415499518028 0.049373100151530618 0.18135759202845009 0.34332980307760658 0.51644282030912125 0.70228402351651187 0.89081768326385213 1.0709977969934237 1.2391492648582929 1.4006243216617671 1.5311211154127278 1.6703943044452167 1.7713596185950746 1.885168911673855 1.9758084932254034 2.0721763444789665 2.1529606743042486 2.2319790268315041 2.3027420797231626 2.3662361237182932 2.4325524245770511 2.4978139334016904 2.5703794649587013 2.6548020145684403 2.7452700239889878 2.8447318374581725 2.9340437190355253 3.0158625080973138 3.0716611234417877 3.1089707168794805 3.1041455505540081 3.068000226145172 3.006080782716094 2.9086565581252377 2.7902710861881568 2.6479010755307741 2.4925089561075811 2.3673559210260189 2.2930087866585649 2.2295026620850735
-0.47137892614759269 -0.4712503681921506 -0.47104475458539674 -0.47081355557738541 -0.47045415713827599 -0.47004377992123847 -0.46942894026298393 -0.46868716848390579 -0.46771710546119866 -0.46652028027401571 -0.46516193861148708 -0.46340368456110842 -0.46167766676856004 -0.45930772174925677 -0.4571621292511342 -0.45433421287985798 -0.45163515367856266 -0.44828170069029771 -0.44474831447777335 -0.44059615536789992 -0.43586677615789499 -0.43028674752391666 -0.42339377638971776 -0.41492297273262452 -0.40397501047691869 -0.39014957122605898 -0.37132504073736206 -0.34710608567880175 -0.31364978013510747 -0.27098918527000504 -0.21286554580088454 -0.14003354898407647 -0.045458412921393888 0.069298012115529259 0.20569145357950566 0.3639314730018367 0.53271616958602674 0.71636232336020322 0.89804469273743903 1.072286669509892 1.2451176750794153 1.3915525666109279 1.53790720385597 1.6601632120103023 1.7774630725025917 1.8845971400109183 1.9812158829107329 2.0738282844011087 2.146531122007445 2.2231323624715884 2.2806466502961951 2.347115254841404 2.406148287079636 2.4738809409287312 2.5487578285737045 2.6351317452471763 2.724947277655104 2.8149331330900544 2.900563745794924 2.9665922262559219 3.0148144490870532 3.0206926786820278 3.0016471913460383 2.9549946348873823 2.8728727045983513 2.7602037731534157 2.6355742154084907 2.4793593328069714 2.3426989621395915 2.249662987360606 2.1815005884677596
-0.47200941080356618 -0.47198365881079857 -0.47194503368453466 -0.47189353885928947 -0.47184205013912445 -0.47176482850273621 -0.47166188767516093 -0.47150752216946773 -0.47128893158314877 -0.47096767457302441 -0.47053114605567375 -0.46987717488002911 -0.46901953020406184 -0.46787012932814986 -0.4662914767601401 -0.4643388473405568 -0.46138856865552219 -0.45829597671571159 -0.45332164069764264 -0.44834266371372816 -0.44121945292076398 -0.43409317793234181 -0.42522816812497111 -0.41592897786445476 -0.40495594428538484 -0.39256642395597718 -0.37814890445568766 -0.36058324250758533 -0.33960890159753288 -0.31221250097122122 -0.27846966519853888 -0.23255470073023043 -0.17555523629649694 -0.098808767361209263 -0.0055244709296887653 0.11243741732184365 0.24878221406854989 0.40464559559469115 0.57367210248058109 0.7478544227895797 0.92280846931513616 1.0954831858295406 1.2531440805709739 1.4119394175240436 1.5411172484217828 1.6730024653580744 1.7800075057661744 1.8836500809010934 1.9643020673235934 2.0338658673479002 2.096771016533225 2.1511552551509174 2.2081725266671217 2.2635177160919668 2.3265611439641933 2.3974359346535428 2.4770054274134945 2.5661427555146683 2.6493348587121419 2.7300066341768638 2.7891222049334066 2.833535953403246 2.8383389673013442 2.8184370493161355 2.773296307725738 2.6888734583319009 2.5801834205910379 2.4485208164572949 2.2979573758101091 2.1694686978269404 2.0851835080527787
-0.472395874046732 -0.47238298639648241 -0.47235721224324617 -0.47233143961954249 -0.47230566852518985 -0.47226701475079708 -0.47220259943766035 -0.47213819367729803 -0.47204804165605813 -0.47193215940579297 -0.47179056752259219 -0.47162329115459256 -0.47140464230593182 -0.47113469856043161 -0.47069800221201946 -0.47009505587181644 -0.46917301375102349 -0.46794666148563818 -0.46618982498943035 -0.46375729316168096 -0.46061021792749501 -0.45591954741321539 -0.45039601155587849 -0.44141141689180069 -0.43176306429438427 -0.41710749459855762 -0.40159254137780365 -0.38125131854071442 -0.35933971426193906 -0.33281798192592771 -0.30250911282894305 -0.26622513020696936 -0.22240645213717428 -0.16948831795763769 -0.10183998816039368 -0.021390423979069484 0.083932401638625906 0.20371264060770677 0.35055811794169939 0.50761303050177231 0.67873683703360521 0.85154574431904351 1.0204855857965516 1.1819578609310661 1.3325798351056986 1.4646236602294624 1.5916432806389675 1.6909930320998694 1.7919852238645044 1.853107802727554 1.9218840735223359 1.9725268178658557 2.0280830070178384 2.0790364570874895 2.1367839631833645 2.1988219776032061 2.2737880795675203 2.351255033547635 2.4382099744875587 2.5257313568507058 2.6030252231275859 2.6533476066008079 2.6840999611285379 2.6897970549034977 2.6677610525643467 2.6146019641037981 2.5203656087281465 2.4169565453903425 2.271237354470836 2.1280436738264572 2.0121198358045134
-0.47266660308317898 -0.472653707396684 -0.472653707396684 -0.47264081209309466 -0.47264081209309466 -0.47261502263454175 -0.47258923470733838 -0.47256344831130287 -0.47251188011200773 -0.47246031803520228 -0.47237009912866135 -0.47226701475079708 -0.47213819367729803 -0.47197078338701487 -0.47176482850273621 -0.47149466085364827 -0.47114754922048796 -0.47069800221201946 -0.47010787580545582 -0.46917301375102349 -0.46793390518944827 -0.46603739193095134 -0.46359308193378201 -0.45992091119582734 -0.45502708476798481 -0.44797701387013988 -0.43796898100082216 -0.42480060484077475 -0.40546381362757011 -0.38306260466976177 -0.35004238515762698 -0.31432990350972712 -0.26792001062248827 -0.21712623291764063 -0.15508191926524253 -0.084573780748239472 0.00060758706289037307 0.099922232196921951 0.21745762253858059 0.35345458380604278 0.50190784141300693 0.66518685178651171 0.82828601041954086 0.98977008072656802 1.144231618090547 1.2781588962446635 1.4057219145641866 1.5101158654267295 1.6038153318096799 1.6796277351172841 1.7419941478131138 1.8025821831300752 1.8536191313517612 1.9106990928492247 1.9628142950133241 2.0260018173571774 2.091877899629413 2.1695862733219133 2.2560198133801217 2.3403647844020674 2.4250285535201046 2.492019641665868 2.5469126431812423 2.5632555734352529 2.5595834758882918 2.5304686468889299 2.4620384329699831 2.3695127094257353 2.2485127322208998 2.0995079937279648 1.968711710117881
-0.47288588836019496 -0.47288588836019496 -0.47288588836019496 -0.47287298616082368 -0.47287298616082368 -0.47286008434474502 -0.47286008434474502 -0.47283428186237375 -0.47282138119603578 -0.47279558101294117 -0.47274398524444028 -0.47269239560497678 -0.47261502263454175 -0.47251188011200773 -0.47238298639648241 -0.47220259943766035 -0.47198365881079857 -0.47170048762617545 -0.47132749839870608 -0.47083923827886565 -0.47018480335536972 -0.46932655155961789 -0.46811252744134624 -0.46648213798303251 -0.46406061557210421 -0.46089879820545904 -0.45583269968268203 -0.44940479251067206 -0.43910149357025668 -0.42571402088426835 -0.4050883746928054 -0.37797258754179791 -0.34017884194429499 -0.29111191099807993 -0.23143589048642657 -0.15809643794740699 -0.076175927596540821 0.020071103533841214 0.12557884900218494 0.2484146973487221 0.38046450629772494 0.52784892593471555 0.67891880145655592 0.83109515704066839 0.97767788767399388 1.1133081499183868 1.2334783919318919 1.3447458537251875 1.4310258481331222 1.5184612949318381 1.5744364202024044 1.6402030812979047 1.6901428978562445 1.7502923509728674 1.803361505710666 1.8669427176301852 1.9307606093400167 2.0083446292526892 2.090046322457356 2.1816149517289611 2.2731865315234749 2.351216345339342 2.4082230003523013 2.4442009888641594 2.4583809728567787 2.4458376321864481 2.4035151549893445 2.3238087955270164 2.2218834917852406 2.077077066845761 1.9375279217971857
-0.47332479136056549 -0.47332479136056549 -0.47332479136056549 -0.47332479136056549 -0.47332479136056549 -0.47331187611568609 -0.47331187611568609 -0.47331187611568609 -0.47329896125487469 -0.47328604677810848 -0.4732602189766198 -0.47323439271103751 -0.47319565619208903 -0.47314401287412544 -0.47305365184200066 -0.47295040510723524 -0.47279558101294117 -0.4726021284795327 -0.47233143961954249 -0.47198365881079857 -0.47153324594379875 -0.47095482923423099 -0.47019762593857689 -0.46921139311464549 -0.46785737527966642 -0.46602469159079152 -0.46339106100589067 -0.45972059085929451 -0.45435893927942639 -0.44661463474620849 -0.43574831066837066 -0.41923463692551699 -0.39750593119271899 -0.36229017699030286 -0.31891260249750608 -0.25351370429390174 -0.17698247655395075 -0.080780654079445305 0.026288062023942276 0.14581771449182765 0.27374183621104775 0.4117206929377355 0.55333678237688844 0.69682800182737348 0.83293022939157446 0.967140634170644 1.0788554029797672 1.190611797813605 1.2757719001649315 1.3602525081936709 1.424064525417488 1.4843995020539069 1.5411047552328023 1.5976732513068606 1.6572184436997566 1.7176621831049084 1.7861975565419939 1.8586093734801568 1.9420080530223132 2.039255443806486 2.1287222843384268 2.2150556473603098 2.2812152326113164 2.335698551498222 2.3586390518934643 2.3590572276348891 2.3352773250319294 2.2740423300498311 2.1831844002982153 2.0567143295163945 1.9128276264402972
-0.47372535457424619 -0.47372535457424619 -0.47372535457424619 -0.47372535457424619 -0.47371242741191993 -0.47371242741191993 -0.47371242741191993 -0.47371242741191993 -0.47369950063437061 -0.47369950063437061 -0.47368657424157545 -0.47367364823351149 -0.47364779737148588 -0.47360902396335919 -0.47357025401657743 -0.47349272450457686 -0.47341520883054256 -0.47328604677810848 -0.47311819351786188 -0.47288588836019496 -0.47257634131793608 -0.47215107406528445 -0.47159756204638253 -0.47087776517903751 -0.46992843116262178 -0.46867439041897202 -0.46697824924783793 -0.46465523632334277 -0.46145139970291166 -0.45666466980909359 -0.45011432422958708 -0.43999767322663302 -0.42623518127389753 -0.40482355424796079 -0.37548070593268285 -0.33150226221804535 -0.27181672217561603 -0.19252585860300897 -0.091745593730384031 0.02362278987900681 0.15274686402646093 0.29072448001922319 0.42842638644058817 0.56994712764364241 0.69929126340142778 0.82644412003539724 0.93848970378298224 1.0443437348951072 1.1358638137998698 1.2154524928832504 1.2900123392795415 1.3457461033861688 1.4077646957618268 1.4601759235180285 1.524396122103842 1.5817221599490987 1.6555321959369296 1.724218506164001 1.8093711427640966 1.902302114017725 1.9970585737274005 2.0895872186728046 2.1665189175409449 2.2326912353484625 2.2626883443016963 2.2770129393765277 2.2702827839652131 2.2269090849654822 2.1434832106700616 2.0367885331077202 1.8927399967458254
-0.47407453348653616 -0.47407453348653616 -0.47407453348653616 -0.47407453348653616 -0.47407453348653616 -0.47407453348653616 -0.47407453348653616 -0.47407453348653616 -0.47407453348653616 -0.47406159592656372 -0.47406159592656372 -0.47404865875198754 -0.47403572196278465 -0.47400984954040698 -0.47398397865924702 -0.47394517522688878 -0.47388051054311314 -0.47380292562980553 -0.47369950063437061 -0.47354440930805375 -0.47333770698953559 -0.47304074465775414 -0.472653707396684 -0.47213819367729803 -0.47144321939881723 -0.47050548156672273 -0.46927536625864785 -0.46760237293430751 -0.46532674422580494 -0.46213055486210469 -0.45766015915795627 -0.45109489471141456 -0.4417475581484448 -0.42802345519665724 -0.40805655805557972 -0.37966611011336049 -0.33697789557820507 -0.28117457933906365 -0.1980683223290842 -0.099621945833613487 0.02362278987900681 0.15830216922802254 0.29708173766498619 0.43784565339083026 0.57012245140441165 0.69238859815138476 0.80785285318832556 0.90799683351508564 1.0072355375459516 1.0831800041299768 1.1692628640864462 1.2218574354191367 1.2865013789535689 1.3380778150208663 1.3996045056896886 1.4587133719337437 1.5303790158316846 1.6039342647612151 1.6920621902742616 1.7803893284709529 1.8784700906994425 1.97648753730519 2.0616032496083752 2.1271372071915011 2.1735650178586616 2.1992339305369017 2.2023248128295485 2.178660458538169 2.1043846712878835 2.0119508660593985 1.8750844251464269
-0.47439809780683545 -0.47439809780683545 -0.47439809780683545 -0.47439809780683545 -0.47439809780683545 -0.47439809780683545 -0.47439809780683545 -0.47439809780683545 -0.47439809780683545 -0.47439809780683545 -0.47438515060448816 -0.47438515060448816 -0.47437220378811185 -0.47435925735768353 -0.47434631131318006 -0.47432042038185585 -0.47426864314929434 -0.47421687208895552 -0.47413922706814621 -0.47403572196278465 -0.47388051054311314 -0.47368657424157545 -0.47340229089654784 -0.47302783785709629 -0.47252477158779133 -0.47184205013912445 -0.47092913969638656 -0.46969782551472855 -0.46802320713213852 -0.4656946130420751 -0.4624453385775974 -0.45785953114408334 -0.45127899841009916 -0.44189169836945041 -0.42777916563472385 -0.40818993746908272 -0.37787927226474766 -0.33719496496183327 -0.27619965629955207 -0.1975820631304023 -0.093708066486364025 0.029221394253927998 0.16503647999456539 0.30526536202344867 0.44451320633404295 0.56350481668492247 0.68600134223314135 0.78169076405590654 0.88525942033219762 0.96155871750405209 1.04641711698399 1.1090045075413846 1.1721941284669306 1.2291953238766444 1.2864564697469829 1.3477787170653643 1.4156910109407237 1.4924530623517891 1.5777789366952244 1.6688516480825186 1.7704396041807362 1.8664114054989518 1.958587771150353 2.0300327049361711 2.0899051114393981 2.1219535835452987 2.1381447441794874 2.1257414391287157 2.0654676724656511 1.9806713527859161 1.858272449893124
-0.47495519296315475 -0.47495519296315475 -0.47496815717103652 -0.47496815717103652 -0.47496815717103652 -0.47496815717103652 -0.47496815717103652 -0.47496815717103652 -0.47496815717103652 -0.47496815717103652 -0.47496815717103652 -0.47496815717103652 -0.47496815717103652 -0.47495519296315475 -0.47495519296315475 -0.47494222914225853 -0.47492926570832467 -0.47490334000125167 -0.47486445434228286 -0.47481261221241694 -0.47473486061910131 -0.4746312134763635 -0.4744887390323862 -0.4742815868787314 -0.47400984954040698 -0.47362194804811036 -0.47310528441532979 -0.472395874046732 -0.4714175009561542 -0.47006941713977624 -0.46817633891120097 -0.46554235366857338 -0.46182857699718338 -0.45659010001462752 -0.44903824770182388 -0.43820715939985055 -0.42233589526787285 -0.39936465723774039 -0.36646085107266185 -0.31911177031976334 -0.25599664308472558 -0.16872546978413427 -0.063606911635482766 0.059676993584755908 0.19426451602551723 0.31908522933869859 0.44499670026769556 0.55399219309942349 0.65375263312599941 0.74639285717982407 0.82576355485049779 0.90770688145042477 0.96877238174152425 1.0401274417814563 1.0908926257103628 1.1554878621412814 1.2169308537410213 1.2965774451391185 1.3757001845879882 1.4723468203205536 1.5687295991184291 1.6700787846043186 1.7701669056655198 1.8568074066266174 1.930332537157885 1.9752203544351263 2.0067226922016848 2.0215613920373547 1.9895299055755569 1.9172323485369493 1.8243081081868939
-0.47544810512479541 -0.47544810512479541 -0.47544810512479541 -0.47544810512479541 -0.47544810512479541 -0.47544810512479541 -0.47544810512479541 -0.47544810512479541 -0.47544810512479541 -0.47544810512479541 -0.47546108405526571 -0.47544810512479541 -0.47544810512479541 -0.47544810512479541 -0.47544810512479541 -0.47544810512479541 -0.47543512658218989 -0.47542214842742619 -0.47540917066048105 -0.47538321628995373 -0.47534428764222286 -0.47527941431595344 -0.47520157911377903 -0.47507188476834189 -0.47490334000125167 -0.4746571229431355 -0.47433336565457851 -0.47386757876167473 -0.4732602189766198 -0.47242165049460755 -0.47126322227534762 -0.46967221022191369 -0.46743670166552498 -0.46427559719380079 -0.45977066228171731 -0.45328464010278291 -0.44397505382442287 -0.43021657174838368 -0.41063133494085524 -0.38172173589069913 -0.34172142739973138 -0.28534338481243904 -0.21155586162915249 -0.11831868618798175 -0.0082645918123534275 0.11159852488039401 0.22983536655726544 0.35295391171008772 0.4512028920571125 0.56086269472746475 0.63638758581315658 0.72428406375899346 0.79072838272604229 0.8629717130702339 0.92365842179330626 0.98557465684439027 1.050689027758881 1.1234269350044213 1.2044184575232499 1.2962262872611605 1.3929430423400611 1.5002502007301581 1.6027109449575574 1.6998203884161205 1.7775210663909957 1.8448063443533307 1.889593002378684 1.9119295933727549 1.9061949242101011 1.8547856267514491 1.7766067618808743
-0.47588960650486378 -0.47588960650486378 -0.47588960650486378 -0.47588960650486378 -0.47588960650486378 -0.47588960650486378 -0.47588960650486378 -0.47588960650486378 -0.47588960650486378 -0.47588960650486378 -0.47588960650486378 -0.47587661476183213 -0.47587661476183213 -0.47587661476183213 -0.47586362340743149 -0.47586362340743149 -0.47586362340743149 -0.47585063244163867 -0.47583764186443051 -0.47582465167578364 -0.47579867246408103 -0.47575970656015615 -0.47572074415202859 -0.47564282982065648 -0.47555194743072454 -0.47540917066048105 -0.47521455067877766 -0.47492926570832467 -0.47454054251332112 -0.47398397865924702 -0.47322148015415427 -0.47216395483529128 -0.47069800221201946 -0.46866161272999091 -0.46575807020577947 -0.46162737500984441 -0.45568385825257268 -0.4470399193056504 -0.43456542969224088 -0.41639320362680149 -0.3903415717369661 -0.3535668643111966 -0.302692177377062 -0.2357864944775174 -0.15125681810431629 -0.049703313784597275 0.055836851018404521 0.17309881776622832 0.2752422305558998 0.38051875807043017 0.4705280903489491 0.55482822553223088 0.63446719360573856 0.70318816716671917 0.77574148105642116 0.83535441796310328 0.90653974777536905 0.97305392484270625 1.0554930066778456 1.1402565696774165 1.2394496414571743 1.3441170678303103 1.4486135780856215 1.5526195529397624 1.6418309182595414 1.7247508753987764 1.7735231564118061 1.8100711402207976 1.8236437404769956 1.7931894977206959 1.7258054947351424
-0.47629254342681709 -0.47629254342681709 -0.47629254342681709 -0.47629254342681709 -0.47629254342681709 -0.47627953962467812 -0.47627953962467812 -0.47627953962467812 -0.47627953962467812 -0.47627953962467812 -0.47627953962467812 -0.47627953962467812 -0.47626653621189202 -0.47626653621189202 -0.4762535331884355 -0.4762535331884355 -0.47624053055428528 -0.47622752830941795 -0.47621452645381029 -0.47618852391028055 -0.47617552322231194 -0.47613652349331143 -0.47609752726617971 -0.47604553774293529 -0.47598055958970975 -0.47588960650486378 -0.47575970656015615 -0.47557791188724763 -0.47531833714883859 -0.47495519296315475 -0.47444989047639424 -0.47375121005332177 -0.47276978236247008 -0.47137892614759269 -0.46942894026298393 -0.46664744544296805 -0.46268472688799028 -0.4569506393604667 -0.44867201199615409 -0.4366731996104159 -0.41922323407983864 -0.39447947656253113 -0.35926024955618641 -0.31153568289127198 -0.24864390027460628 -0.16966158781802718 -0.078792292417056126 0.022758194236769485 0.12639119161661455 0.22512828798208745 0.32576188531923023 0.4064550163034924 0.49742728010132425 0.56260211477845878 0.64222702781080931 0.70173200169799776 0.77479424173911615 0.84133443835121946 0.92121291442015951 1.0041923562597141 1.1043846712878835 1.2033864916604777 1.3120291800255359 1.4209948296439576 1.5199329465268103 1.6012558024321391 1.6654777986447034 1.714824137989269 1.7410333537681748 1.7322248346757647 1.6738775857776493
-0.47707348495394203 -0.47707348495394203 -0.47707348495394203 -0.47707348495394203 -0.47707348495394203 -0.47706045774788469 -0.47706045774788469 -0.47706045774788469 -0.47706045774788469 -0.47706045774788469 -0.47706045774788469 -0.47704743093258301 -0.47704743093258301 -0.47704743093258301 -0.47703440450801349 -0.47703440450801349 -0.47702137847415271 -0.4770083528309772 -0.47698230271658831 -0.47696927824532814 -0.47694323047455905 -0.47690416174743222 -0.47685207557779635 -0.47679999565425357 -0.4767349045311115 -0.4766568080587012 -0.47653968967552834 -0.47638358094562927 -0.47617552322231194 -0.47591559115691351 -0.47557791188724763 -0.47509782053914101 -0.47444989047639424 -0.473505645128807 -0.47215107406528445 -0.4702104489003831 -0.46746218543984885 -0.46352994029834949 -0.45785953114408334 -0.4496493276983845 -0.43771903418547742 -0.4206051565983302 -0.39610897981644161 -0.36204020606057352 -0.31571132262784363 -0.25544104406095713 -0.18060085341826659 -0.09508979596972833 0.0033312585613267391 0.094121595840561387 0.197914303318418 0.27721943489443807 0.36761679213467563 0.43911154215972725 0.51533063603372686 0.58310805024113532 0.65310633992465683 0.72466082800575904 0.799884799781717 0.88380901342970319 0.97834945248657668 1.0787829601969634 1.1903877325529126 1.2986566173911456 1.4028629579685634 1.489846026166334 1.5678611976277024 1.6225248624035682 1.6573714147901757 1.6642187553031398 1.623238949929992
-0.47777753500374376 -0.47777753500374376 -0.47777753500374376 -0.47777753500374376 -0.47777753500374376 -0.47777753500374376 -0.47777753500374376 -0.47777753500374376 -0.47777753500374376 -0.47777753500374376 -0.47777753500374376 -0.47776448666201482 -0.47776448666201482 -0.47776448666201482 -0.47775143871231046 -0.47773839115460709 -0.47773839115460709 -0.47772534398888111 -0.47769925083326742 -0.47768620484333263 -0.4776601140390892 -0.47762098077143655 -0.47758185102967421 -0.47751664262698973 -0.47745144401373985 -0.47736018239584482 -0.47724287420211758 -0.47708651255077844 -0.47686509653457559 -0.47661776508821563 -0.47633155716958436 -0.47594157736376669 -0.4754740633736243 -0.47481261221241694 -0.47384171635393135 -0.4724345392922788 -0.47045415713827599 -0.46762786643212256 -0.46356782417798653 -0.45772245307230253 -0.44923369976718552 -0.43698193414874953 -0.4193943082092989 -0.39454410852662142 -0.3601550669184001 -0.3142761708178054 -0.25431637333578161 -0.18385816814971442 -0.098372788875934272 -0.013523865648284897 0.0812032393065754 0.16592654960909642 0.25166254998979437 0.33110322637649908 0.40380661054742251 0.47845105314714997 0.54530711646582408 0.62146709934684574 0.69252967155912293 0.77752831508255782 0.86676568579914137 0.96834750227384547 1.0772588636929481 1.1857120998700061 1.2935835134961169 1.3876033612845555 1.4780323168508858 1.5333652727496356 1.5777674548651426 1.5992825013197454 1.574089169798587
-0.47843045244271004 -0.47843045244271004 -0.47843045244271004 -0.47843045244271004 -0.47843045244271004 -0.47843045244271004 -0.47843045244271004 -0.47843045244271004 -0.47843045244271004 -0.47843045244271004 -0.47843045244271004 -0.47843045244271004 -0.47843045244271004 -0.47841738446967269 -0.47841738446967269 -0.47840431688984048 -0.47840431688984048 -0.47839124970318958 -0.47836511650933727 -0.47835205050208857 -0.4783259196668278 -0.47829979040372483 -0.47826059945645255 -0.47820835036087656 -0.47814304782983058 -0.4780516407794661 -0.47793414569098464 -0.47777753500374376 -0.47754272481316679 -0.47725590688121594 -0.47696927824532814 -0.47657872562736836 -0.47618852391028055 -0.47564282982065648 -0.47487741584175114 -0.47378999615833572 -0.47227989896000677 -0.47014633787711924 -0.46710554860444853 -0.46277295585447786 -0.45652796829848796 -0.44752646930265655 -0.43460086928440245 -0.41616669004429041 -0.39037358007624795 -0.3552365497981716 -0.30843229956194296 -0.25027141215951149 -0.17884689557011296 -0.10068847816531563 -0.015643737853082065 0.07085025342757334 0.15155370454297554 0.23694013209448864 0.30633923251249778 0.38665945541419422 0.45018750189583723 0.52928916004335136 0.59700371270464525 0.68102403582972293 0.76692566612741953 0.86973614728851079 0.97424910238687623 1.0845405320614845 1.194653071952934 1.2941574807696914 1.3850339862720107 1.450125886731954 1.5031912426833343 1.5372648587545437 1.5263522026285141
-0.47904509114719079 -0.47904509114719079 -0.47904509114719079 -0.47904509114719079 -0.47904509114719079 -0.47904509114719079 -0.47904509114719079 -0.47904509114719079 -0.47904509114719079 -0.47904509114719079 -0.47904509114719079 -0.47904509114719079 -0.47903200466678653 -0.47903200466678653 -0.47903200466678653 -0.47903200466678653 -0.47901891858070184 -0.47900583288891291 -0.4789927475913961 -0.47897966268812747 -0.47895349406424009 -0.47892732701706076 -0.47888807940220396 -0.47884883533387163 -0.47878343643274318 -0.47870497074878676 -0.47860037188462434 -0.47846965872128899 -0.47824753659323577 -0.4779733071886505 -0.4776601140390892 -0.47725590688121594 -0.4768260348353569 -0.47630554761833221 -0.47561686148281662 -0.4746441680165337 -0.47335062300261938 -0.47162329115459256 -0.46918580649538438 -0.46585962095757133 -0.4610619936595261 -0.45427240303931082 -0.44450652259339773 -0.43055585975947647 -0.41087734979414892 -0.38366104514275162 -0.34690331353082449 -0.29935684606911411 -0.24011317504900886 -0.17012397902913062 -0.094652132523182234 -0.0095057506559154421 0.065617055726872459 0.15405861037697091 0.22099669714736833 0.30111684587563015 0.36651634384753529 0.44224452784795221 0.5126577188325977 0.59231002425577917 0.67777115068237803 0.77852747592709637 0.88162428011633398 0.99387251030952539 1.1047601666385252 1.2085219729314332 1.2967748467403117 1.3723964324231115 1.4329532649520842 1.4701899062855524 1.475220682873569
-0.48013264597031691 -0.48013264597031691 -0.48013264597031691 -0.48013264597031691 -0.48013264597031691 -0.48013264597031691 -0.48013264597031691 -0.48013264597031691 -0.48013264597031691 -0.48013264597031691 -0.48013264597031691 -0.48013264597031691 -0.48013264597031691 -0.48013264597031691 -0.48013264597031691 -0.48013264597031691 -0.48013264597031691 -0.48011952667834062 -0.48011952667834062 -0.48010640778266372 -0.48009328928326217 -0.48006705347318973 -0.48004081924793157 -0.48000147088115269 -0.47996212607912936 -0.47989655932901565 -0.47981789229307359 -0.47971302507288388 -0.47956887397845877 -0.47938547812176407 -0.47912361831165812 -0.47878343643274318 -0.47833898488792664 -0.47782973229137654 -0.47717771667241632 -0.47631855219924685 -0.47512375785889932 -0.47369950063437061 -0.47170048762617545 -0.46922418698959023 -0.46583423104339261 -0.46130062045759318 -0.45503946753174368 -0.44625043629983296 -0.43401058664547915 -0.41685792614006845 -0.39338220226367798 -0.3615506800063456 -0.32074476521951811 -0.26804075195104915 -0.20893423018314947 -0.13776125345606999 -0.067729224100509605 0.0091958535195212961 0.08267768064811222 0.15594301797183674 0.22840035870300471 0.29730081277147957 0.37188024909155454 0.44370097357467064 0.52666229301046441 0.61938554588968464 0.72246115741498673 0.83457328401402009 0.93965900306795103 1.044618145823885 1.1392807327185244 1.2322080783963161 1.2954791326780171 1.3449421627652354 1.3717142026426179
-0.48110457499330511 -0.48110457499330511 -0.48110457499330511 -0.48110457499330511 -0.48110457499330511 -0.48110457499330511 -0.48110457499330511 -0.48110457499330511 -0.48110457499330511 -0.48110457499330511 -0.48110457499330511 -0.48110457499330511 -0.48110457499330511 -0.48110457499330511 -0.48110457499330511 -0.48110457499330511 -0.48110457499330511 -0.48109142630858581 -0.48109142630858581 -0.48109142630858581 -0.48107827802194358 -0.48107827802194358 -0.48106513013335428 -0.48103883555023824 -0.48101254255904491 -0.48095996135165536 -0.48090738650964415 -0.48082853617834093 -0.48072342466771634 -0.48059207104426599 -0.48042137070601665 -0.48018512710169442 -0.47987033540038598 -0.47945096775197232 -0.47890116154639961 -0.47812998850184163 -0.47711256891688208 -0.47578568344097877 -0.47402278555893207 -0.47171335503894035 -0.46877662546697318 -0.46479452052941256 -0.4599083884674372 -0.45302572416671294 -0.44440984351975288 -0.43226803745193093 -0.41611008010353173 -0.39404884243512706 -0.36494875232853247 -0.32688689576176633 -0.28011376752824108 -0.22408386968576804 -0.16042768764364876 -0.094619730547397279 -0.020902542255657273 0.045127306568027103 0.12178956885929658 0.18443588830837046 0.25899625324891112 0.32539250001726344 0.40320634164480645 0.48918477457999809 0.59158767243879895 0.69424533121508192 0.80185629300568095 0.90756720582851025 1.0045792939022116 1.0971878725708957 1.169938808941815 1.2318262586472815 1.2748272554381044
-0.48196009453181327 -0.48196009453181327 -0.48196009453181327 -0.48196009453181327 -0.48196009453181327 -0.48196009453181327 -0.48196009453181327 -0.48196009453181327 -0.48196009453181327 -0.48196009453181327 -0.48196009453181327 -0.48196009453181327 -0.48196009453181327 -0.48196009453181327 -0.48196009453181327 -0.48196009453181327 -0.48196009453181327 -0.48196009453181327 -0.48196009453181327 -0.48196009453181327 -0.48196009453181327 -0.48196009453181327 -0.48194691992027849 -0.48193374570839226 -0.48192057189613019 -0.48189422547038185 -0.48186788064283942 -0.48181519578159709 -0.48174934869150005 -0.48164401410890667 -0.48152554323336327 -0.48135447566968848 -0.48113087355707135 -0.48084167690609586 -0.48044762792983986 -0.47989655932901565 -0.47912361831165812 -0.4780516407794661 -0.47659173839106328 -0.47457939917953784 -0.47202228737259549 -0.4684316785910162 -0.46403533061157637 -0.45799665249601496 -0.4505185413168491 -0.4406201118166968 -0.42776753622525449 -0.41107873838199288 -0.38885046698920872 -0.36029442658281635 -0.32321496958079449 -0.27893169820284092 -0.22345861929830871 -0.16739529760505348 -0.10043117685943063 -0.038132974500674266 0.031610414723481327 0.094820380354799894 0.16217593653016257 0.22868260971296522 0.30144237957043368 0.38248532348655473 0.47743962061982376 0.57611089412083971 0.68398309567902249 0.78673013267856495 0.88639483138911157 0.97522495235774409 1.0587675553704192 1.1270723871194548 1.1742052269401471
-0.4835968515525968 -0.4835968515525968 -0.4835968515525968 -0.4835968515525968 -0.4835968515525968 -0.4835968515525968 -0.4835968515525968 -0.4835968515525968 -0.4835968515525968 -0.4835968515525968 -0.4835968515525968 -0.4835968515525968 -0.4835968515525968 -0.4835968515525968 -0.4835968515525968 -0.4835968515525968 -0.4835968515525968 -0.4835968515525968 -0.4835968515525968 -0.4835968515525968 -0.4835968515525968 -0.4835968515525968 -0.48358362719602688 -0.48358362719602688 -0.48358362719602688 -0.48357040324212897 -0.48355717969087869 -0.48353073379622291 -0.48349106797348335 -0.48343818584472359 -0.48335887472316941 -0.4832531490864953 -0.48310781834875843 -0.48290971841287678 -0.48263253022263081 -0.48227640516626441 -0.48176251731085251 -0.48106513013335428 -0.48005393616247083 -0.47863959350650953 -0.4766568080587012 -0.47390637526123786 -0.47017198115073927 -0.4651492638465865 -0.45842075605341909 -0.44994295178883226 -0.43845738738180468 -0.42493922789775274 -0.40647026465043828 -0.38471293724974986 -0.35577811943461152 -0.32108119854344402 -0.2776293660355752 -0.22872126451064625 -0.17301219464523468 -0.11406801271276708 -0.053606692990760235 0.0089406613770870742 0.068111617027303437 0.1320354383274987 0.19758376903577687 0.27218983145044068 0.35185426047875257 0.44498111208794466 0.55042404731633177 0.65083185753557327 0.75171010442607744 0.84364382362803603 0.9359000692187428 1.0003038997848124 1.0589950935254164
-0.48505399469199573 -0.48505399469199573 -0.48505399469199573 -0.48505399469199573 -0.48505399469199573 -0.48505399469199573 -0.48505399469199573 -0.48505399469199573 -0.48505399469199573 -0.48505399469199573 -0.48505399469199573 -0.48505399469199573 -0.48505399469199573 -0.48505399469199573 -0.48505399469199573 -0.48505399469199573 -0.48505399469199573 -0.48505399469199573 -0.48505399469199573 -0.48505399469199573 -0.48505399469199573 -0.48505399469199573 -0.48505399469199573 -0.48505399469199573 -0.48505399469199573 -0.48504072589127656 -0.48504072589127656 -0.48502745749594067 -0.48500092192131944 -0.48497438796793391 -0.48493459007723905 -0.48488153189545558 -0.48478869567219812 -0.48465610691161914 -0.48448380201671731 -0.4842320946915547 -0.48388788932284377 -0.48341174719485674 -0.48275130349888135 -0.48180202556486235 -0.48044762792983986 -0.47850886853956526 -0.47574671870238933 -0.47189353885928947 -0.46643128680542006 -0.45935774559034681 -0.44947813861075409 -0.4373622166582275 -0.42129204172976525 -0.40192113747058184 -0.37770306476123 -0.3478503945983471 -0.312462121125754 -0.26928230824062305 -0.2224499395686429 -0.16765717281992457 -0.1155898397489491 -0.056327449960035726 -0.003816799674339798 0.05488105486277179 0.11384311893748701 0.18329832107581198 0.25580298535369828 0.34105843489596194 0.43471258064552321 0.53450838759587316 0.63474924880766648 0.73146788719312905 0.81857556447271795 0.89125303826224789 0.95549532918412705
-0.48638292621212514 -0.48638292621212514 -0.48638292621212514 -0.48638292621212514 -0.48638292621212514 -0.48638292621212514 -0.48638292621212514 -0.48638292621212514 -0.48638292621212514 -0.48638292621212514 -0.48638292621212514 -0.48638292621212514 -0.48638292621212514 -0.48638292621212514 -0.48638292621212514 -0.48638292621212514 -0.48638292621212514 -0.48638292621212514 -0.48638292621212514 -0.48638292621212514 -0.48638292621212514 -0.48638292621212514 -0.48638292621212514 -0.48638292621212514 -0.48636961674760765 -0.48636961674760765 -0.48636961674760765 -0.48636961674760765 -0.48635630769096183 -0.48634299904216272 -0.48631638296800456 -0.48627646191499246 -0.48623654453125115 -0.48615672076888267 -0.48603701262800469 -0.48587745308353525 -0.4856382236294261 -0.48531945587501835 -0.48486826836278685 -0.48421885097784156 -0.48330600868757112 -0.48197326954302072 -0.48005393616247083 -0.47728197341275874 -0.47329896125487469 -0.46774260569500919 -0.459945957735925 -0.44950259006372922 -0.43577200118124487 -0.41789116360708084 -0.39662825089913817 -0.36879982890771584 -0.33867013216883485 -0.29923572808532817 -0.25877746954833081 -0.20963037847803334 -0.16217175603160047 -0.11049100638078777 -0.061080187755228263 -0.008800514579577064 0.044892383474359795 0.10751522565146454 0.17510574088701603 0.25093207020011343 0.33645973384852951 0.4337378405194291 0.52881389651769939 0.62643276062757747 0.71351574320314781 0.79516370963809668 0.85872964001519558
-0.48758245139916001 -0.48758245139916001 -0.48758245139916001 -0.48758245139916001 -0.48758245139916001 -0.48758245139916001 -0.48758245139916001 -0.48758245139916001 -0.48758245139916001 -0.48758245139916001 -0.48758245139916001 -0.48758245139916001 -0.48758245139916001 -0.48758245139916001 -0.48758245139916001 -0.48758245139916001 -0.48758245139916001 -0.48758245139916001 -0.48758245139916001 -0.48758245139916001 -0.48758245139916001 -0.48758245139916001 -0.48758245139916001 -0.48758245139916001 -0.48758245139916001 -0.48758245139916001 -0.48758245139916001 -0.48758245139916001 -0.48756910512353624 -0.48756910512353624 -0.48755575925804329 -0.48752906875734942 -0.48750237989687684 -0.48746234968114194 -0.48738230031708452 -0.48727559077831784 -0.48712890796067659 -0.48690231373494675 -0.48658261714149353 -0.48614341823478552 -0.48549209269796045 -0.48457657308081298 -0.48323993519143688 -0.48128869839097077 -0.47844352080897612 -0.47433336565457851 -0.46845722081780133 -0.46014638207494368 -0.44895276507544751 -0.43330330488353608 -0.41467465610549226 -0.38937177150198732 -0.36176040932524989 -0.32656435992673877 -0.28844583174983041 -0.24478089046125037 -0.19924856433601379 -0.15391041964201591 -0.10788312636867203 -0.062351738908561966 -0.013407393177789004 0.043087072166329142 0.10639490313042654 0.17353589500990615 0.25163822044821199 0.34173120760133918 0.43292121133321193 0.52959716122542477 0.6202401898458314 0.7109293204441941 0.76808285572313961
-0.48912001524388232 -0.48912001524388232 -0.48912001524388232 -0.48912001524388232 -0.48912001524388232 -0.48912001524388232 -0.48912001524388232 -0.48912001524388232 -0.48912001524388232 -0.48912001524388232 -0.48912001524388232 -0.48912001524388232 -0.48912001524388232 -0.48912001524388232 -0.48912001524388232 -0.48912001524388232 -0.48912001524388232 -0.48912001524388232 -0.48912001524388232 -0.48912001524388232 -0.48912001524388232 -0.48912001524388232 -0.48912001524388232 -0.48912001524388232 -0.48912001524388232 -0.48912001524388232 -0.48912001524388232 -0.48912001524388232 -0.48912001524388232 -0.48910662163447188 -0.48910662163447188 -0.48909322843810665 -0.48906644328440974 -0.48903965978258795 -0.48899948762667522 -0.4889325422899769 -0.48882545121107451 -0.48867824408229632 -0.48846421365504655 -0.48814336565776306 -0.48767588681431068 -0.48702226065658527 -0.48606361158571648 -0.48468262142561763 -0.48264572564935115 -0.4796737063926792 -0.47531833714883859 -0.46901953020406184 -0.46020903365425908 -0.44772124203017422 -0.43151666272834444 -0.40974906490884283 -0.38377662864030515 -0.35215754689656864 -0.31522642850070565 -0.27596182826541199 -0.23088125951167557 -0.19077033989145167 -0.14682520330524138 -0.10684323255750139 -0.063003975981368643 -0.012548254456651255 0.046612209068445508 0.1064288947934113 0.17765191169825417 0.25956998964355954 0.34801263842219515 0.44241705053131863 0.53572440280619915 0.62580615448043841 0.68807260363273837
-0.49054208543460204 -0.49054208543460204 -0.49054208543460204 -0.49054208543460204 -0.49054208543460204 -0.49054208543460204 -0.49054208543460204 -0.49054208543460204 -0.49054208543460204 -0.49054208543460204 -0.49054208543460204 -0.49054208543460204 -0.49054208543460204 -0.49054208543460204 -0.49054208543460204 -0.49054208543460204 -0.49054208543460204 -0.49054208543460204 -0.49054208543460204 -0.49054208543460204 -0.49054208543460204 -0.49054208543460204 -0.49054208543460204 -0.49054208543460204 -0.49054208543460204 -0.49054208543460204 -0.49054208543460204 -0.49054208543460204 -0.49054208543460204 -0.49054208543460204 -0.49052864789745149 -0.49052864789745149 -0.49051521077605981 -0.49048833778045053 -0.49046146644756838 -0.49042116256540835 -0.49035399773919647 -0.49024655561800567 -0.49009886608909298 -0.48987071737809817 -0.48954882898543484 -0.48906644328440974 -0.48837060850116798 -0.48735562047422665 -0.48587745308353525 -0.48370266090429653 -0.48048701674237415 -0.47578568344097877 -0.46899395488564549 -0.45927020764935839 -0.4458501704491315 -0.42768613907725062 -0.40412916789712822 -0.37597587535213856 -0.34017884194429499 -0.30460589170889008 -0.25908492351871748 -0.22321893641331803 -0.18147719799686401 -0.14493536502455359 -0.10542919640102967 -0.060820328669172752 -0.0075260143803365714 0.047936516138079081 0.11223623086893909 0.18735148222346093 0.27249140068856792 0.36417563277061943 0.45881908194602999 0.54462606431956317 0.61575020919138457
-0.49187446391680079 -0.49187446391680079 -0.49187446391680079 -0.49187446391680079 -0.49187446391680079 -0.49187446391680079 -0.49187446391680079 -0.49187446391680079 -0.49187446391680079 -0.49187446391680079 -0.49187446391680079 -0.49187446391680079 -0.49187446391680079 -0.49187446391680079 -0.49187446391680079 -0.49187446391680079 -0.49187446391680079 -0.49187446391680079 -0.49187446391680079 -0.49187446391680079 -0.49187446391680079 -0.49187446391680079 -0.49187446391680079 -0.49187446391680079 -0.49187446391680079 -0.49187446391680079 -0.49187446391680079 -0.49187446391680079 -0.49186098509176895 -0.49186098509176895 -0.49186098509176895 -0.49186098509176895 -0.49184750668505484 -0.49183402869663251 -0.49182055112647599 -0.49179359724085664 -0.49173969448766552 -0.49167232545287543 -0.49156455672949523 -0.49140295376993148 -0.49116066202442499 -0.49081092352663291 -0.49030027335602566 -0.48954882898543484 -0.48843746726662218 -0.48682236752095709 -0.48441754910177387 -0.48088110147517388 -0.47569477115507663 -0.46816357586713558 -0.45742352373947037 -0.44256498600185296 -0.42211774049174444 -0.39744085697509557 -0.36405405602031132 -0.33119490258818379 -0.28928198011457973 -0.25313237214957052 -0.21484106857190804 -0.17863715796139876 -0.14220932339040832 -0.1019717839199646 -0.054733344728054988 -0.0034314179833343167 0.054421524462536175 0.12345961944333805 0.20506896426445925 0.29130223575984943 0.38619565612056678 0.47152640140882884 0.55005704821116774
-0.49311630887109348 -0.49311630887109348 -0.49311630887109348 -0.49311630887109348 -0.49311630887109348 -0.49311630887109348 -0.49311630887109348 -0.49311630887109348 -0.49311630887109348 -0.49311630887109348 -0.49311630887109348 -0.49311630887109348 -0.49311630887109348 -0.49311630887109348 -0.49311630887109348 -0.49311630887109348 -0.49311630887109348 -0.49311630887109348 -0.49311630887109348 -0.49311630887109348 -0.49311630887109348 -0.49311630887109348 -0.49311630887109348 -0.49311630887109348 -0.49311630887109348 -0.49311630887109348 -0.49311630887109348 -0.49310279144942926 -0.49310279144942926 -0.49310279144942926 -0.49310279144942926 -0.49310279144942926 -0.49310279144942926 -0.49308927444848194 -0.49307575786822522 -0.49304872596967897 -0.49302169575358118 -0.49296764036789315 -0.49290008059582607 -0.49277849948433855 -0.49260294239104968 -0.49234648653501195 -0.4919553456531186 -0.49138948957058753 -0.49055552338753722 -0.48932096896779004 -0.48750237989687684 -0.48481521828247864 -0.48082853617834093 -0.47498112176592694 -0.46650756580480879 -0.45449495964700715 -0.43752869502253117 -0.41604215791354293 -0.38702551925139855 -0.35555156269637905 -0.31734057582056485 -0.28041185904499694 -0.24522369756562892 -0.20919427624554426 -0.17582207991381515 -0.13891385460161287 -0.097284753628831711 -0.049839682214072908 0.0030725959676749632 0.066661302300677017 0.143295907124072 0.22507656162639231 0.31657835154117087 0.40382374890230738 0.48986008441613377
0.75 0.02
-0.43978242139321372 -0.43598527397088205 -0.4301464073104202 -0.42401590887149915 -0.41449415133069795 -0.4043274507331473 -0.38960603028768659 -0.37321837547839243 -0.35137656440921078 -0.32648146084299456 -0.29566927975871654 -0.25902183829045483 -0.21703316342188381 -0.16718463463005193 -0.11248397184249297 -0.046177511602741618 0.025960909856379139 0.11220269073053549 0.20763436738896152 0.31705995874000492 0.43820997448755861 0.57077636879474825 0.71212756117225973 0.85963057900654949 1.0090682761922185 1.1613979525457969 1.3119868346197003 1.4644895474339714 1.6143170666602107 1.7647139954475382 1.9098073338663024 2.0548427792286832 2.1896867825929709 2.3220951928665499 2.4407989209437124 2.5508396050657849 2.6513458672100474 2.7383682585837756 2.8285503425673637 2.9052830562719762 2.9983988483773247 3.0745238879349519 3.1705257331231822 3.2519787100633817 3.3462551493613852 3.4269502136549761 3.5075185555764241 3.5825065263822911 3.6510646920040388 3.7237429174156502 3.7994715074078376 3.8795488699103728 3.9666109866819341 4.0451664480652285 4.1082943509400884 4.1349098791318779 4.12856080655932 4.0833951078896504 3.9861713662817322 3.8728086815567111 3.7244479144643394 3.5877334085982504 3.4191293077419758 3.2597371867512659 3.1564885760500174 3.0821747754846665 2.9711876817213194 2.7968794808899977 2.6196150057428063 2.4360512752022427 2.2426904740523734
-0.45049403259890225 -0.44956372471970979 -0.44826950911244851 -0.4465417706195508 -0.44432526698139707 -0.44115948157666063 -0.43742166589132964 -0.43165744650457433 -0.42543632418472105 -0.41500201235255857 -0.40371086785433918 -0.38555628917999324 -0.36473747800641904 -0.33494460748557031 -0.30042240860109082 -0.25534721017901418 -0.20180529230328345 -0.13762410061049518 -0.060091554354629179 0.027145665774341372 0.1326438509730801 0.24716280903933108 0.38100671929657909 0.52355138056950135 0.67808113311150775 0.83833266573526388 1.001863462692524 1.1660154563237752 1.3280532502526847 1.4854374810763014 1.6386888866901235 1.783381826888621 1.925471956715566 2.0536545582907473 2.1830419572906399 2.2880255353883627 2.3953438693568283 2.4801794760251301 2.5666966951164638 2.6432650997301961 2.7218765372651781 2.8028010815630884 2.8830080829629074 2.9737418997874023 3.0563330349511615 3.1560643123398653 3.2297586112213734 3.3233139904620663 3.3904935265041733 3.4747551542917985 3.5501794157084983 3.6411963905500575 3.7310082437372931 3.8237871214618635 3.9090476286313058 3.968113874956706 3.9967873966295611 3.9720546529363903 3.9127267567425026 3.8178693354010096 3.6947367833859928 3.5489541864302891 3.4111312709395647 3.2356799185646921 3.097292024091896 3.0131744098788671 2.9394992845971939 2.8029173264949745 2.6349506047154407 2.449478399187365 2.2609057676497999
-0.45501470235727781 -0.45461865150563813 -0.45416116748974272 -0.45349435183350151 -0.4526807428585139 -0.45174574403770229 -0.45057981916350776 -0.44928257653071729 -0.44753864003932564 -0.44558353134824691 -0.44258905130437776 -0.43924475810086938 -0.43378648943761822 -0.42761638223353432 -0.41852822603760231 -0.40770107975408815 -0.39179499229567383 -0.3713352528232341 -0.34274330847601281 -0.30374848376250568 -0.25307014562341856 -0.18118049245246357 -0.0969371572614421 0.022552084185013609 0.15023435895789611 0.3138039689941497 0.48062486946219901 0.66371034599206935 0.84633092555465994 1.0267783286595293 1.2019430634016501 1.368324081979958 1.5219614158002237 1.6691308473733326 1.7963314489015125 1.9235445003365503 2.023992804606471 2.1291418457922853 2.209407768096376 2.2932299254595661 2.3642695038359158 2.4387479769022296 2.5136570009578372 2.5909420964331433 2.6753841826356242 2.7568110077532815 2.849370268783618 2.9249405644262687 3.0162391910426387 3.088596728262746 3.1786892397755899 3.2626171815385741 3.3619732374656603 3.4645044509010341 3.5679551626275341 3.6630692790649477 3.7283050733666467 3.7660706310478322 3.7460111077519258 3.6938500108943662 3.6092207766361666 3.4923552309663708 3.3539546793717099 3.2160338778186737 3.0452838513951357 2.9090797557567756 2.8259386592127478 2.7587605439099794 2.6448224896910308 2.4706750447989361 2.2860745538755736
-0.45577067622077189 -0.45585751154785314 -0.4556218560421878 -0.45551027436506908 -0.45513854235409718 -0.45474237860311129 -0.454136452347356 -0.45338331536180515 -0.45245911378038078 -0.45124217142629569 -0.44972271511206685 -0.44755081111707889 -0.44497814152384779 -0.44155544557383153 -0.43769523722755893 -0.43203309317684574 -0.42547102656313612 -0.41639320362680149 -0.4053644011432006 -0.38930790466629822 -0.36901308922977988 -0.34027390476220837 -0.30258755961518219 -0.25123846270004396 -0.18067984956507446 -0.092008534208724707 0.033303101372573703 0.16993880894181498 0.35831564008219585 0.54235229855275424 0.75106344325650987 0.94980458433270287 1.1382079326681631 1.3168715673483471 1.4751770607610115 1.6167799909278397 1.74710870599074 1.8548523624178341 1.9637453399375815 2.0448532172677316 2.1361178428964762 2.2040113954614839 2.2840018678677145 2.3560449886872297 2.4374175817668182 2.5145079073020398 2.5954741758608546 2.6755583900452238 2.7518716193814066 2.8329621306735255 2.9092189458438789 2.9949459182726712 3.0867512312420566 3.1893218410204964 3.3025257329607411 3.4061482870796356 3.4972476454159098 3.5534582293804493 3.5839238823193127 3.56373019929261 3.5069242421317748 3.4236553925733784 3.3059314744633128 3.174815456482182 3.026410680578774 2.864297441069545 2.7414352557679345 2.6646325751409279 2.6040099324122306 2.4799637989782517 2.3012687919660628
-0.45414880974273603 -0.4540623153581177 -0.4540252516088395 -0.453864678570087 -0.45379058795599148 -0.45350669097182306 -0.45338331536180515 -0.45291480742957496 -0.45260685393156713 -0.4518317782351316 -0.45099673797421219 -0.44973494755342991 -0.44818417764898444 -0.44618976624093498 -0.44358893918167791 -0.44029681120453218 -0.43573646589652981 -0.4301464073104202 -0.42266907976524537 -0.41364903382304391 -0.40119855396705395 -0.38628499794725951 -0.36500913530335793 -0.33871749614234797 -0.30020561905837567 -0.25163363866559679 -0.18228262092611969 -0.094527938075295664 0.021602716028242194 0.16663729423180462 0.33338681165953138 0.53258878061353554 0.7273460246216259 0.93715164643973214 1.1323237400409907 1.3040379019045829 1.4696894991411047 1.6012884336624018 1.7264582379874907 1.8320871868972706 1.9276833939740059 2.0192409503958508 2.0976736994490977 2.183782151277061 2.2577265605586323 2.3456285464563065 2.4150067539538278 2.4993846204009209 2.5676026889998895 2.6462762621864666 2.7184601673335265 2.7974822107163608 2.8821031305334257 2.9816600766042369 3.0858968111315881 3.1953183601130135 3.2973227142053028 3.3760657215861718 3.4197079813544442 3.4303169798819737 3.4063698354692673 3.3442153756564998 3.2551518509889301 3.1311372737786072 3.0053950318867062 2.841997302093227 2.6929966501809379 2.5959589287575486 2.5241103934951363 2.4535476603807491 2.3137617962924364
-0.45591954741321539 -0.45565905630619646 -0.4554730868425132 -0.45511377152951304 -0.4547918793134747 -0.45434657590366867 -0.45388937825057496 -0.45338331536180515 -0.45280391901280925 -0.45218838730097272 -0.45138949810218243 -0.45053079619450853 -0.44934368022155369 -0.44801356500412542 -0.44609271177225834 -0.44385435611870927 -0.44060813342711336 -0.43672068294865135 -0.43161051350815938 -0.42534379806306016 -0.4170734540899585 -0.40639276248013095 -0.39222339625830699 -0.37340303321902713 -0.34908081490987736 -0.31608883715458347 -0.27468470733948036 -0.21527575145428185 -0.14392394781100096 -0.039986114085698757 0.078710505328276198 0.23734262932617439 0.40839262013336036 0.60381533180967994 0.80311555489002706 0.99691425860800298 1.1820721038573867 1.3528382899810727 1.4940849899663822 1.6374296846500647 1.7387409312675979 1.8522176298150592 1.9378988609079164 2.0323366598457357 2.1145442672058645 2.2004948217386469 2.2804873137618293 2.3569814009931314 2.4336738466370611 2.5019488596712804 2.5771124882643468 2.6473242777053265 2.7258871413141739 2.8159760009719856 2.9158006997337305 3.0231701211213968 3.1210671674677291 3.2091395360565333 3.268928822432613 3.3090763018223317 3.2993983300681498 3.2599043195152695 3.1930410721532421 3.0906107078284069 2.9679970141515799 2.828324703223656 2.6672848063503674 2.538661689638404 2.4637287916510902 2.3947842790470375 2.3133820575781492
-0.45692576496646786 -0.45645342197041422 -0.45599400215056618 -0.4554482969297316 -0.45490327654492635 -0.45432185020797444 -0.45369182012842796 -0.4530627027083422 -0.45229911864531608 -0.45157372675636537 -0.45060433272329764 -0.44968601985509304 -0.44855000202712486 -0.44730745434622438 -0.44583804693787654 -0.44402334230057028 -0.44180761076015057 -0.4388628243246141 -0.43521561549601323 -0.43040373235435764 -0.42431577229241696 -0.41601951954396404 -0.40570691776607082 -0.39158094868271459 -0.3739677521709811 -0.34966333056545179 -0.31895785989189507 -0.27686462534403627 -0.22340776641946161 -0.15201421737997342 -0.06121017562880262 0.052424588142061586 0.19490267445906262 0.35241408009067043 0.54156676404077964 0.72757378723207733 0.92389134992005006 1.1113297367041501 1.2750117377780112 1.4336578466929881 1.5648553611851956 1.6868328189890003 1.7977382907854607 1.8946649091789083 1.9945327063574256 2.0790002523038495 2.1735067702081046 2.2445739728174354 2.3287260851987845 2.3907055412263709 2.463116235904836 2.529443187938651 2.6024289848375455 2.6828397528227566 2.7782019151178137 2.8732101246435944 2.9720824415585905 3.0649070271596361 3.137670537236755 3.1831559154340128 3.1960932437375149 3.1788043456553794 3.1287222843384268 3.0493731001515307 2.9324230263767386 2.8121309221729591 2.6503949561722417 2.5052314009021344 2.4067274827560028 2.3371796254098345 2.2675002593932656
-0.45812134585065811 -0.45782214192431903 -0.45743597502122424 -0.45698795362296468 -0.4563788884359668 -0.4557954845426056 -0.45489089766363078 -0.45407467064415724 -0.45295177652786522 -0.45189324166974409 -0.45056756290246464 -0.44923369976718552 -0.44772124203017422 -0.44605632193756423 -0.44430110528109862 -0.44221618888615499 -0.44002159668392848 -0.43723145698348098 -0.43410497796988973 -0.4301464073104202 -0.42533223368377326 -0.41915482329231413 -0.41119066129627962 -0.40059731807041515 -0.38673973999803218 -0.36835333704158046 -0.34424706988708442 -0.31275650061925897 -0.2705679097867702 -0.2173697397823903 -0.14460200334593123 -0.058165699523274321 0.058501943429649296 0.18943416340102784 0.35185426047875257 0.52395446225706477 0.71025279646300443 0.89817099301440029 1.0772225104110531 1.2454139533048254 1.404217744514924 1.535066150579828 1.6720701361265926 1.7728422545684976 1.8869360716126435 1.9753950412825305 2.0722498976135149 2.1512165788564559 2.2311381360297191 2.3005737468854344 2.3654131000761778 2.4316531973465763 2.4980623145819827 2.5712428505602238 2.6564527789896299 2.7463227650899529 2.8451476708333385 2.9336593518054723 3.0133850177496853 3.066437746453992 3.10064620014548 3.0962493831896114 3.0600553648248447 2.9982462570675961 2.9000775024490686 2.7817769093821196 2.6370191557537588 2.4833447660034609 2.3616334139100563 2.2894774663446023 2.2245330626060857
-0.45889524476719767 -0.45877032904686021 -0.45855805474547462 -0.45832092971533944 -0.45795925146986299 -0.45756050747660043 -0.45693820198538088 -0.45619261054315635 -0.45520047559748938 -0.4540252516088395 -0.45264379682364897 -0.45089860341681726 -0.44912374715714548 -0.44680899887102826 -0.44468785388518733 -0.44184364631342626 -0.43917311992807212 -0.43580753937380218 -0.43231504156279482 -0.42816311095215065 -0.42347437293479517 -0.41792526827160226 -0.41110112065745857 -0.40269980680922218 -0.39185922595594375 -0.37811778450426431 -0.35949868730673523 -0.33552726305687669 -0.30227385745365604 -0.26003230324049065 -0.20212335039916562 -0.12997084998694333 -0.035462246343151781 0.07834804955535711 0.21500270721495229 0.37213841744643089 0.54131709058430511 0.72407916340799316 0.90509396832787137 1.0790002523038493 1.2518084986240468 1.3962167882909717 1.5427756482346251 1.6623611208025149 1.7800723672506114 1.8849878377504383 1.9822621851436129 2.0727276895852653 2.1464691330718697 2.2216749970707688 2.2804417782984165 2.3467245089588182 2.4066593821667528 2.4747260421801167 2.5501794157084983 2.6359459439796886 2.7260177439222524 2.8144140877722585 2.8981490303871453 2.9616630924073495 3.0095783607945421 3.0130479961152319 2.9933789086614202 2.9474386236029768 2.8642024562188402 2.7519946380900357 2.6248181855647319 2.4698808993735355 2.3351167502805863 2.2462769454340612 2.1780844328792117
-0.45953287442348922 -0.4594953408708346 -0.45945781056170704 -0.45940777519405424 -0.45935774559034681 -0.45927020764935839 -0.45917018588892017 -0.45900769964338173 -0.45880779999051985 -0.45847067782850748 -0.45804652554176373 -0.45737372218194744 -0.45652796829848796 -0.45534915142648369 -0.45377824074909046 -0.45178261374966527 -0.44886729927139263 -0.44569259119444088 -0.44077586095324361 -0.4358430804746774 -0.42867556662060291 -0.42161296028900253 -0.41272691676206602 -0.40352386398391127 -0.3925449767853314 -0.38030158435980305 -0.36589571817110744 -0.34854752772830871 -0.3276434904742726 -0.30053518194487361 -0.26705166257710317 -0.22139297964773957 -0.16485501669221195 -0.088267265442771248 0.0043643711077510335 0.12231419796880628 0.25787048582321465 0.41385276004286686 0.58206336291170868 0.75585961700227089 0.93022035325483465 1.1016096172331113 1.2590440935752321 1.4178369116263252 1.5451214808648344 1.6773148918608625 1.7824797906827656 1.8866993620083001 1.9651828796221127 2.035629827790439 2.097326735715773 2.1525023804611259 2.2090053578857551 2.2647942194071553 2.327624539186778 2.3988597384042611 2.4776999283321306 2.5671322787268096 2.6488282109888006 2.7278339411788477 2.7844603762981381 2.8260942482870584 2.8315050440634968 2.811709026696191 2.7665541185704488 2.6808067256015695 2.5723952428178443 2.4381624716729742 2.2889196056617265 2.1628629933219261 2.0814913285256988
-0.4599083884674372 -0.45989586610012512 -0.45987082244865191 -0.45985830116444903 -0.45982073947772589 -0.45977066228171731 -0.45972059085929451 -0.45964549454822179 -0.4595578985941618 -0.45944530117935134 -0.45930772174925677 -0.45914518404775134 -0.45892023222337114 -0.4586454492455847 -0.4582086525057481 -0.45761033045906285 -0.45667709935308787 -0.4554482969297316 -0.45365478798328485 -0.45125444674058596 -0.44803793413590537 -0.44338395531746139 -0.43768333923756042 -0.42885040571711608 -0.4192688472590223 -0.40452582413914562 -0.38914827865578899 -0.36877952386145346 -0.34710608567880175 -0.32063570765553157 -0.29067914812140183 -0.25451141985885384 -0.21118138149042373 -0.15836527158882827 -0.091386320334776547 -0.010830606377036677 0.09356175756528877 0.21258707812389371 0.35951296059462584 0.51586060282441137 0.68691320006409906 0.85913229041368222 1.0272680424666187 1.1884503561865849 1.3373793836958194 1.4696600454631072 1.5948233159289775 1.6947280123293949 1.7935389517715621 1.8553252850181197 1.924770174906564 1.9741200524597544 2.0302352960122447 2.0803739167013093 2.1385553051135826 2.2000840636621519 2.2754265367416391 2.3521053033397301 2.4377822619906442 2.5238764756381316 2.5987358062804047 2.6491205798811364 2.6775978287909998 2.6826774604135797 2.6628050350381667 2.6086971503965488 2.5128710920393234 2.4097302925584461 2.2613342537991308 2.1201130714076841 2.0069791905742771
-0.46017144162210177 -0.46017144162210177 -0.46017144162210177 -0.46015891166777534 -0.46014638207494368 -0.4601338528435861 -0.46010879546520944 -0.46008373953247861 -0.46003363200328706 -0.45997100572058475 -0.45988334409387027 -0.45978318103939381 -0.45964549454822179 -0.45948283040742788 -0.45928271198927845 -0.45900769964338173 -0.45867042233330635 -0.4582086525057481 -0.45762278709781962 -0.45667709935308787 -0.45543590250395688 -0.45353137030025154 -0.45109489471141456 -0.44739261370538691 -0.44251685939698282 -0.43535760366703713 -0.42543632418472105 -0.41203100381780089 -0.39290972280841913 -0.37010133048309241 -0.33759163270513509 -0.30217804919453722 -0.25587920377431284 -0.20556075321524583 -0.1437787878246114 -0.073899467191310964 0.010978012174742232 0.10954480087834666 0.22708933822906532 0.36221850032605235 0.51090677156189335 0.67323293122666783 0.836102480345012 0.99674364252588488 1.1508485066695229 1.2836177863656437 1.4113671357427338 1.5140427744719906 1.6082157123907836 1.6819644589946832 1.7450513577943469 1.8043030289527684 1.8559489973881798 1.9120731908074153 1.9646508376813741 2.0271864618367359 2.0934216851622351 2.1704377450461831 2.2572944983622567 2.3402656009723297 2.423688137388436 2.488282724898554 2.5405546988206487 2.5577236936621768 2.5539921930994236 2.5246557123577773 2.4550733759211245 2.3632922515710817 2.2384726569483564 2.0903286068234221 1.9616203966151535
-0.4603970426393898 -0.4603970426393898 -0.4603970426393898 -0.4603970426393898 -0.46038450617458693 -0.46038450617458693 -0.46037197007165465 -0.46035943433057219 -0.46033436393387278 -0.4603092949843216 -0.46025916142599599 -0.46020903365425908 -0.4601338528435861 -0.46002110602425728 -0.45989586610012512 -0.45972059085929451 -0.4594953408708346 -0.45920769134961992 -0.4588452741674528 -0.45834588414875937 -0.45770999357459241 -0.45683871580520108 -0.45563425577614353 -0.45398819102240212 -0.45157372675636537 -0.44841583063958829 -0.44333573787743152 -0.43693442223973372 -0.42654817796451472 -0.41324396082560966 -0.39242703627526992 -0.36552272983926842 -0.32740345185228453 -0.27881614386142051 -0.21894149099657675 -0.14642954068302103 -0.064638867110572443 0.030559245291155633 0.13538710838238624 0.25770256837665745 0.38905971350669488 0.53615425968344277 0.68660946013349056 0.83825703980950328 0.98446880341023968 1.1188927253736216 1.2391743041780785 1.3486747321915711 1.4354143162175279 1.5207716567102836 1.5774228587335162 1.6438078630512287 1.6925384871257463 1.753284235038804 1.8052425154461857 1.8693666821782198 1.932260623969666 2.0102575429983012 2.0914207289920514 2.1817864401741915 2.2718183816116611 2.3477202170340381 2.4048337166199381 2.4387954157213234 2.4523691959603435 2.4419620700885281 2.3984782002197558 2.3169343735595347 2.2146319453931387 2.0676287167282457 1.9297406953362741
-0.46083604704843339 -0.46083604704843339 -0.46083604704843339 -0.46083604704843339 -0.46083604704843339 -0.46083604704843339 -0.46082349790498373 -0.46082349790498373 -0.460810949124137 -0.46079840070587225 -0.46077330495700497 -0.46074821065821409 -0.46071057192855469 -0.46064784796046465 -0.46057259115474802 -0.46045973039219473 -0.46032182927821408 -0.46012132397368161 -0.45984578024124095 -0.45950785169463326 -0.45905768893662596 -0.45847067782850748 -0.45772245307230253 -0.45673925240963809 -0.45537393568043688 -0.45354371049039832 -0.450910869023876 -0.44725879935156193 -0.44185565882900368 -0.43415218132648237 -0.42317508970501583 -0.40675825100416446 -0.38466028209117187 -0.34976049251536334 -0.30664244635247484 -0.2410275829720207 -0.16505185038256273 -0.06904587748504161 0.037227234582274393 0.15600366939039817 0.28318811645342373 0.42050033913747997 0.56139956044202777 0.70405609473226272 0.83979846486964893 0.97267021731583814 1.0845405320614845 1.1965906541173066 1.2801001100549243 1.365150901493603 1.4269177138808156 1.4879016100285161 1.543472031701512 1.6006462356623945 1.6591362408703971 1.7201344858693404 1.787658801910277 1.8605476153848894 1.9434302078619414 2.0396916616490257 2.1293353529164891 2.214101735973232 2.2781588962446633 2.3302513899179091 2.3540700043067275 2.3547613115515884 2.3305152321703284 2.2682736719666159 2.1761491611265495 2.047158001128309 1.9041256292608864
-0.46123781121865182 -0.46123781121865182 -0.46123781121865182 -0.46123781121865182 -0.46123781121865182 -0.46123781121865182 -0.46122525046083385 -0.46122525046083385 -0.46122525046083385 -0.46121269006629034 -0.46120013003500032 -0.46118757036694258 -0.46116245212044027 -0.46112477747440472 -0.46107454969641504 -0.46101177314177438 -0.46092390120722343 -0.46079840070587225 -0.46063530425385968 -0.4603970426393898 -0.46008373953247861 -0.45967052520912632 -0.4591201836458273 -0.4583957973176343 -0.45744842665996827 -0.45619261054315635 -0.45450732724769438 -0.45218838730097272 -0.44896497584912309 -0.44420447191987145 -0.43768333923756042 -0.42754663659243741 -0.41384044970595635 -0.39231984541632337 -0.36314115597283825 -0.3188221018549548 -0.25951888270465778 -0.179818251755098 -0.079861014334795394 0.03522955635021207 0.16331048896368608 0.30037806487070257 0.43717958175251204 0.57832970786289861 0.70632511870626813 0.83348497762879559 0.94422596774072398 1.0504570947857301 1.1400993248507945 1.2203696324513944 1.2927875351983293 1.3491414855196331 1.4100513975504521 1.4630564280851581 1.5263263517664885 1.5842067992719153 1.6570080204343558 1.7261891002636858 1.8108102964235677 1.9043151391894824 1.9977226794618759 2.0887383652739984 2.1636681537826687 2.2301422523186418 2.2580862843279794 2.2724218263715041 2.265972830860834 2.2209705875202883 2.1372274764429067 2.0273903846849692 1.8836614351536176
-0.46158966001233309 -0.46158966001233309 -0.46158966001233309 -0.46158966001233309 -0.46158966001233309 -0.46158966001233309 -0.46158966001233309 -0.46158966001233309 -0.46158966001233309 -0.46157708907429318 -0.46157708907429318 -0.46156451850011676 -0.4615519482897828 -0.46152680896055792 -0.46150167108645002 -0.4614639670032642 -0.46140113413782047 -0.4613257466968263 -0.46121269006629034 -0.4610619936595261 -0.46084859655450694 -0.460560049621562 -0.46017144162210177 -0.45965800969834308 -0.45895771610347297 -0.45803405674338493 -0.45680141436235328 -0.45512615676519863 -0.45286552019330756 -0.44967378879174214 -0.44520809025795122 -0.4386481340897066 -0.42934032997846594 -0.41556699978966388 -0.39569833008164723 -0.36705705556237089 -0.32462498811140983 -0.26816957971183758 -0.18573908255577667 -0.087772627778183482 0.03522955635021207 0.16923345130109724 0.30674660807771181 0.44712700919985071 0.57750328895726155 0.6998290572281991 0.8136210138649258 0.91420030840354827 1.0114435620220747 1.0881360887005513 1.1719895827021185 1.2252317222146463 1.2905020614535181 1.3408405498123315 1.4028801336021066 1.4611832712645878 1.5334415740848271 1.6061017786862739 1.6948244842105846 1.7822647437292896 1.8791819266849601 1.9757304268937963 2.0589192607188846 2.1247649840627125 2.1689980772789936 2.1943755674822123 2.1995906406036934 2.1751927883866031 2.0983667964393309 2.0052663329727687 1.8658202953344667
-0.46191663218650503 -0.46191663218650503 -0.46191663218650503 -0.46191663218650503 -0.46191663218650503 -0.46191663218650503 -0.46191663218650503 -0.46191663218650503 -0.46191663218650503 -0.46191663218650503 -0.46190405178061494 -0.46190405178061494 -0.46189147173913675 -0.46187889206204913 -0.46185373380096151 -0.46182857699718338 -0.46179084452360192 -0.46172796435178876 -0.46165252016122238 -0.4615519482897828 -0.46140113413782047 -0.46120013003500032 -0.46092390120722343 -0.46054750845053916 -0.4600461583436033 -0.45937025245097646 -0.45845819684674399 -0.45722435176537496 -0.45554746507216975 -0.45323531087943331 -0.44999190844336534 -0.44541393711589877 -0.4388628243246141 -0.42944538569216922 -0.41539742636909421 -0.39589279997579319 -0.36552272983926842 -0.3250011555728553 -0.26377087279989253 -0.18550601871395928 -0.081487381675381762 0.040839594685340111 0.1757436844217603 0.31542451193751631 0.45235387017359635 0.57139434931438626 0.69186799355147555 0.7880056570627878 0.89203335171369547 0.96653594011497668 1.0521550671995648 1.1124374173218436 1.1762938825387663 1.2318771873464782 1.28965583052675 1.3502286297548654 1.4187154968655955 1.4946832205711802 1.5806056917907012 1.6707003252319739 1.7711169240728144 1.8676501241992705 1.9584205280525182 2.0277572046905536 2.0853976220169694 2.1184300771220892 2.1354824913357118 2.1218879851036809 2.0599040558844055 1.9741108331402919 1.8490998717577085
-0.46247053113412762 -0.46248312796042768 -0.46248312796042768 -0.46248312796042768 -0.46248312796042768 -0.46248312796042768 -0.46248312796042768 -0.46248312796042768 -0.46248312796042768 -0.46248312796042768 -0.46248312796042768 -0.46248312796042768 -0.46248312796042768 -0.46247053113412762 -0.46247053113412762 -0.4624579346731913 -0.4624453385775974 -0.46242014748235233 -0.46238236357902368 -0.46233199015416832 -0.46225644097038149 -0.46215572916474651 -0.46200470523303916 -0.46180342165054578 -0.46152680896055792 -0.46113733532661549 -0.46062276090954341 -0.4599083884674372 -0.45894522111729924 -0.45759787417758307 -0.45570866161543405 -0.4530873568187575 -0.44938034656307596 -0.44416823995206145 -0.43663759051339252 -0.4258413579049169 -0.40997225502702334 -0.38707846197822637 -0.35408672496615579 -0.30692410141120791 -0.24350081877835919 -0.15668622761478482 -0.05188057561946393 0.070924031476150201 0.20520436394814473 0.32819605994854939 0.45421963566000156 0.56074330105471193 0.66101717010527283 0.75148696116708769 0.83160105540099727 0.91139733706261006 0.97313709380952451 1.0427723374976738 1.0940516555099644 1.1582116692141009 1.2199249131888281 1.2996815916623548 1.3785614120185763 1.4742454103788669 1.5712545061870118 1.6713580034434916 1.7701226681452551 1.8548159624165357 1.9287542021766533 1.9717117803186852 2.0034605321095063 2.0179093958966892 1.9842076630101761 1.9118444761865196 1.815378484965918
-0.46296207830389779 -0.46296207830389779 -0.46296207830389779 -0.46296207830389779 -0.46296207830389779 -0.46297468939593217 -0.46297468939593217 -0.46297468939593217 -0.46297468939593217 -0.46297468939593217 -0.46297468939593217 -0.46297468939593217 -0.46297468939593217 -0.46296207830389779 -0.46296207830389779 -0.46296207830389779 -0.46294946757805516 -0.46293685721838285 -0.4629242472248597 -0.4628990283361758 -0.46284859495166236 -0.4627981674231546 -0.46270993333518989 -0.46259651584199168 -0.46242014748235233 -0.46218090492672592 -0.46184115521691926 -0.46138856865552219 -0.46077330495700497 -0.459945957735925 -0.45879530931674156 -0.45719946168989439 -0.45496517624456556 -0.45181948659197219 -0.44733178388780681 -0.44088372000803944 -0.43157531708899483 -0.41787979598070363 -0.39835278452943695 -0.36947042857317597 -0.32958714270082123 -0.27320761095200818 -0.19964727716556321 -0.10658781093549768 0.0031157170998062241 0.12165831249806976 0.23979981844709866 0.36046087105017816 0.45912096884954079 0.56756742589828768 0.6424150533610492 0.73095176274113705 0.7953446366801219 0.86822698602475257 0.92702628196898318 0.98946316667716616 1.0536929387849532 1.1270723871194548 1.2072572587163402 1.2996380249790755 1.3954487123158723 1.5015521874660942 1.6046255930216571 1.7004008165824172 1.7762724879508525 1.8413719859656381 1.8873303011406248 1.9100638353949821 1.9031117011731888 1.8498491956052578 1.7705795720406186
-0.46340368456110842 -0.46340368456110842 -0.46340368456110842 -0.46340368456110842 -0.46340368456110842 -0.46340368456110842 -0.46340368456110842 -0.46340368456110842 -0.46340368456110842 -0.46340368456110842 -0.46340368456110842 -0.46339106100589067 -0.46339106100589067 -0.46339106100589067 -0.46339106100589067 -0.4633784378175887 -0.4633784378175887 -0.46336581499618135 -0.46335319254164703 -0.4633405704539646 -0.46331532737906989 -0.46327746551758364 -0.46322698816963742 -0.46316389973391531 -0.46306297729532647 -0.4629242472248597 -0.46273514124545634 -0.4624453385775974 -0.46205504070851311 -0.46150167108645002 -0.46074821065821409 -0.45969555731276174 -0.45823360048840106 -0.45620502658392237 -0.45330930681575937 -0.44919704580405417 -0.44326342175339406 -0.43465994169868616 -0.42222106330477571 -0.40407410539380201 -0.37811778450426431 -0.34136862539048579 -0.29066218581226599 -0.22385111320835205 -0.13960808435657426 -0.038242043079674326 0.066363202258494583 0.18363990422135193 0.28375338333252653 0.38936102996373062 0.47694750217407489 0.56185239744695403 0.63936694222505375 0.70870127375967862 0.77941609894706765 0.83957231235635121 0.90964159607859196 0.97672586853092469 1.0583880599933331 1.1436704334701606 1.2419696119130732 1.3472909758561031 1.4506031757612567 1.5533975101238799 1.6406702196214724 1.7218188560163705 1.7714257844790107 1.8077852502988172 1.8208776700125862 1.788415862609853 1.7209609738000966
-0.46380783218735727 -0.46380783218735727 -0.46380783218735727 -0.46380783218735727 -0.46380783218735727 -0.46380783218735727 -0.46379519687956056 -0.46379519687956056 -0.46379519687956056 -0.46379519687956056 -0.46379519687956056 -0.46379519687956056 -0.46378256193936329 -0.46378256193936329 -0.46376992736674383 -0.46376992736674383 -0.46375729316168096 -0.46374465932415321 -0.46373202585413925 -0.4637067600165673 -0.4636814956487938 -0.46365623275064788 -0.46361834115860684 -0.46356782417798653 -0.46349205972306756 -0.46340368456110842 -0.46327746551758364 -0.46310082046149792 -0.46283598752058802 -0.46248312796042768 -0.46197953968287114 -0.46127549567196219 -0.46029676105217449 -0.45892023222337114 -0.45696307709174566 -0.45419824284072385 -0.45024902146047341 -0.44454278279535048 -0.43629351968510754 -0.42431577229241696 -0.40693556834128247 -0.38226596463598211 -0.34712540225052152 -0.29952993037561298 -0.23681917534355595 -0.15800894661337514 -0.067845985623434552 0.033664963203176961 0.13548249133571161 0.23444135126633475 0.33266060027063504 0.41388625232960385 0.50267287750220635 0.56841295108821577 0.64850637771216135 0.70626533440959205 0.77982728413260805 0.8451414672911195 0.92554928973129835 1.0077904374459785 1.1079219001862792 1.2065830348377911 1.3140779917792129 1.4218999358431694 1.5189348698666456 1.6008422611596982 1.6632673566280798 1.7121528404909585 1.7403547931591514 1.7293511074275281 1.669344778673157
-0.46457928194382664 -0.46457928194382664 -0.46457928194382664 -0.46457928194382664 -0.46457928194382664 -0.46457928194382664 -0.46457928194382664 -0.46457928194382664 -0.46457928194382664 -0.46457928194382664 -0.4645666241719511 -0.4645666241719511 -0.4645666241719511 -0.46455396676898325 -0.46455396676898325 -0.46454130973490138 -0.46452865306968405 -0.46451599677330979 -0.46450334084575712 -0.46447803009703048 -0.46445272082333217 -0.46441475967808682 -0.4643768018506883 -0.46432619657424989 -0.46425029971414294 -0.46417441611537624 -0.46406061557210421 -0.46390892788587373 -0.46369412764896639 -0.46344155742846993 -0.46310082046149792 -0.46263431838211244 -0.46196695745460548 -0.46103688267473142 -0.45967052520912632 -0.45774737314012759 -0.45500232029960247 -0.45107035344720875 -0.44541393711589877 -0.43721957169231285 -0.4253206696124141 -0.40824552431679562 -0.38378713775651491 -0.34977992751410925 -0.30356497351057321 -0.24343234986985671 -0.16911634221313804 -0.083756669534660336 0.013090138125055929 0.10397466938638814 0.20790353038605164 0.28510702956681194 0.37591954370464936 0.44526161375452811 0.5219614158002237 0.58793534863635599 0.65841209896009156 0.72863780701134173 0.80436436179982462 0.88752165500921454 0.98255614531669822 1.0820309812670119 1.1924838199026633 1.3014206849138914 1.4043375853109272 1.4896350977926642 1.5654463828625165 1.6213528728102093 1.6565581379646392 1.6620302513604794 1.619009804425523
-0.46530138544488547 -0.46530138544488547 -0.46530138544488547 -0.46530138544488547 -0.46530138544488547 -0.46530138544488547 -0.46530138544488547 -0.46528870660967347 -0.46528870660967347 -0.46528870660967347 -0.46528870660967347 -0.46528870660967347 -0.46527602814459779 -0.46527602814459779 -0.46526335004963693 -0.46526335004963693 -0.46525067232476908 -0.46523799496997281 -0.46522531798522637 -0.46519996512579692 -0.46517461374630792 -0.4651365894515847 -0.46509856848575587 -0.46503520760533429 -0.46495918674883946 -0.46487051256493511 -0.46476919280549434 -0.46460459859438635 -0.4643894540912073 -0.46413647928754748 -0.46385837709496519 -0.46347943359884175 -0.46299991267866109 -0.4623445829626332 -0.46136343878154784 -0.45997100572058475 -0.45799665249601496 -0.45517570124027207 -0.45113170920814366 -0.44529283891309446 -0.43682753944514097 -0.4246042978885935 -0.40703534116752133 -0.3822554922644909 -0.34794715175189506 -0.30218675816294188 -0.24255841823084151 -0.17230771132555442 -0.086922954391100385 -0.0032563574741150941 0.091526272631090713 0.17429245510270791 0.26033379437030302 0.33761897241938565 0.41076036724458753 0.48358729696889413 0.55087625284285446 0.62559022824645572 0.69701126869944718 0.7811447798206852 0.87098881376057524 0.97170250973322159 1.0810951565613405 1.188478495913935 1.2951050728098081 1.3874966069355636 1.4754532601697004 1.5321171162488039 1.5765831975521727 1.5970696147505841 1.5700873923140271
-0.46594849734832527 -0.46594849734832527 -0.46594849734832527 -0.46594849734832527 -0.46594849734832527 -0.46594849734832527 -0.46594849734832527 -0.46594849734832527 -0.46594849734832527 -0.46594849734832527 -0.46594849734832527 -0.46594849734832527 -0.46594849734832527 -0.46593579960746029 -0.46593579960746029 -0.46592310223783628 -0.46591040523943156 -0.46589770861222446 -0.46588501235619317 -0.46587231647131599 -0.46584692581493742 -0.46580884261348343 -0.46577076275124535 -0.46571999479491855 -0.46565654319397237 -0.46556772652412359 -0.4654535603459326 -0.46528870660967347 -0.46506055084823839 -0.46478185648281672 -0.46450334084575712 -0.46409854577331638 -0.46371939275161778 -0.46317651668791021 -0.46242014748235233 -0.4613257466968263 -0.45982073947772589 -0.45769753443432321 -0.45466813811484197 -0.45034700932944044 -0.44411993536319494 -0.43513281049560376 -0.42223254513485742 -0.40385392516555513 -0.37810741168264606 -0.34307809120464222 -0.2963733555854452 -0.23855330771028305 -0.16724207803526808 -0.090080428073571181 -0.0050365069594816361 0.07965147707384497 0.16058856829003473 0.24383146198192163 0.31359306452132618 0.39206351171845188 0.4560166348177449 0.53445764633142667 0.6016580830209397 0.68565218411552442 0.77127138173272825 0.87325664477291809 0.9782398801594181 1.0872843914537615 1.1961761850399732 1.2940692274708907 1.3855347789102088 1.4487835896289565 1.5015932393273523 1.5351168208029522 1.5226398176041551
-0.46655842591517294 -0.46655842591517294 -0.46655842591517294 -0.46655842591517294 -0.46655842591517294 -0.46655842591517294 -0.46655842591517294 -0.46655842591517294 -0.46655842591517294 -0.46655842591517294 -0.46655842591517294 -0.46655842591517294 -0.46655842591517294 -0.46654571032917591 -0.46654571032917591 -0.46654571032917591 -0.46653299511546414 -0.46652028027401571 -0.46650756580480879 -0.46649485170782168 -0.46646942463041957 -0.46644399904163519 -0.46640586344923524 -0.46635502120123717 -0.46630418490457337 -0.46622794161528197 -0.46611360177237926 -0.46598659279858312 -0.46575807020577947 -0.46547892801427521 -0.46517461374630792 -0.46478185648281672 -0.46436414997875453 -0.46384574031655723 -0.46315128314645271 -0.46218090492672592 -0.46089879820545904 -0.45917018588892017 -0.45675168408840644 -0.45343266140002469 -0.44865980945665812 -0.44187968485699741 -0.43213880237229751 -0.41822095427154121 -0.39859193946531624 -0.37145781658743127 -0.33479437156539937 -0.28750182287810083 -0.2283831262398526 -0.15922289947412102 -0.083798805411466754 -0.00034322823371365027 0.0749626431316264 0.16181704016769252 0.22860565035509176 0.30882043310995982 0.37258063503091321 0.4485208164572948 0.51748621057972288 0.59727823861291485 0.68224438392331677 0.78348908746146939 0.88579642735472885 0.99664299135547252 1.1062929121756575 1.2084951024298374 1.2973227142053025 1.3709384786871255 1.4310258481331222 1.4703957888150294 1.4737496570134776
-0.46765336142651798 -0.46765336142651798 -0.46765336142651798 -0.46765336142651798 -0.46765336142651798 -0.46765336142651798 -0.46765336142651798 -0.46765336142651798 -0.46765336142651798 -0.46765336142651798 -0.46765336142651798 -0.46765336142651798 -0.46765336142651798 -0.46765336142651798 -0.46765336142651798 -0.46764061374223675 -0.46764061374223675 -0.46764061374223675 -0.46762786643212256 -0.46762786643212256 -0.46760237293430751 -0.46758962674656279 -0.46756413549328885 -0.46752590141858774 -0.46747492788778944 -0.46741121938646446 -0.46733478151910907 -0.46723288528568196 -0.46709281698954058 -0.46690188754058987 -0.46663472725036437 -0.4662914767601401 -0.46585962095757133 -0.46536478517374702 -0.46469321849509532 -0.46384574031655723 -0.46265952190368781 -0.46125037233976518 -0.45925770366945678 -0.45680141436235328 -0.45342032436481605 -0.44891613481421966 -0.44267329036620784 -0.43392801106230133 -0.42172763155466048 -0.40463607075256308 -0.38121997549378522 -0.34954676491168801 -0.30885659657990461 -0.25626295648600628 -0.19771898248016134 -0.12664451649453767 -0.057852994974612701 0.019116290447072779 0.090857395981533709 0.16423385469261068 0.23489674573158806 0.30399477006604281 0.37705113744752661 0.4490153163477863 0.53140227007639984 0.62459145912684777 0.72689014074182157 0.83943405004617277 0.94296492765674833 1.0466512169709197 1.1398790864012365 1.2305510962950852 1.2952151238662983 1.3443922736851108 1.3704020499724956
-0.46862328191854202 -0.46862328191854202 -0.46862328191854202 -0.46862328191854202 -0.46862328191854202 -0.46862328191854202 -0.46862328191854202 -0.46862328191854202 -0.46862328191854202 -0.46862328191854202 -0.46862328191854202 -0.46862328191854202 -0.46861050573315005 -0.46861050573315005 -0.46861050573315005 -0.46861050573315005 -0.46861050573315005 -0.46861050573315005 -0.46861050573315005 -0.46861050573315005 -0.46859772992360016 -0.4685849544898702 -0.46857217943193802 -0.46855940474978147 -0.46852108295774486 -0.46848276454689375 -0.46841890804093356 -0.46834229262538635 -0.46824015975833833 -0.46811252744134624 -0.46793390518944827 -0.46770435590575266 -0.46738573860249188 -0.46696552136418878 -0.46641857494129402 -0.46565654319397237 -0.46462991672083437 -0.46331532737906989 -0.4615519482897828 -0.45927020764935839 -0.45634162646498089 -0.4524098782298473 -0.44753864003932564 -0.44072793219260409 -0.43212705563543452 -0.42002215719311564 -0.40395299245456084 -0.38196236834126751 -0.35301825286050359 -0.31506491735911035 -0.26870139854011099 -0.21279465099638764 -0.15016307797447145 -0.084420784919724379 -0.012253317615500397 0.053808059920657937 0.1286899935854543 0.19145101446489549 0.26566669945248272 0.33102217104182863 0.40856217369290576 0.49462760596207578 0.59616808671898602 0.69929126340142778 0.80543968561348556 0.90973249237489795 1.005223424858136 1.0984014222700771 1.169351090492418 1.2308319534318282 1.2744349700740418
-0.46948014366822532 -0.46948014366822532 -0.46948014366822532 -0.46948014366822532 -0.46948014366822532 -0.46948014366822532 -0.46948014366822532 -0.46948014366822532 -0.46948014366822532 -0.46948014366822532 -0.46948014366822532 -0.46948014366822532 -0.46948014366822532 -0.46948014366822532 -0.46948014366822532 -0.46948014366822532 -0.46948014366822532 -0.46948014366822532 -0.46948014366822532 -0.46948014366822532 -0.46948014366822532 -0.46946734225094527 -0.46946734225094527 -0.46945454121099317 -0.46944174054834675 -0.46941614035488227 -0.46937774289392242 -0.46932655155961789 -0.46926257087594714 -0.46916022138347946 -0.4690323184280849 -0.46886610088039354 -0.46864883541694036 -0.46835506092273693 -0.46795941815652287 -0.46741121938646446 -0.46663472725036437 -0.46556772652412359 -0.46412383441465482 -0.46211796825798251 -0.4595578985941618 -0.45598159214122402 -0.45163515367856266 -0.4456077645029502 -0.43821907174935154 -0.42833774382349848 -0.41563484770136305 -0.39899445182032989 -0.37692653104913515 -0.34847001320721532 -0.31172259297869453 -0.26757407140683026 -0.21282300752944611 -0.15701029543384504 -0.090256815193806655 -0.0291883891274822 0.040325379199723871 0.10205619257518865 0.16926286408644611 0.23466910818890624 0.30732485364536655 0.38813673976307383 0.48338757542851379 0.58126680527367058 0.68776076087381255 0.79093225209930063 0.88922324222263072 0.97648295273035413 1.0579322273806087 1.1275583020046327 1.174786417367337
-0.47110899838100556 -0.47110899838100556 -0.47110899838100556 -0.47110899838100556 -0.47110899838100556 -0.47110899838100556 -0.47110899838100556 -0.47110899838100556 -0.47110899838100556 -0.47110899838100556 -0.47110899838100556 -0.47110899838100556 -0.47110899838100556 -0.47110899838100556 -0.47110899838100556 -0.47110899838100556 -0.47110899838100556 -0.47110899838100556 -0.47110899838100556 -0.47110899838100556 -0.47110899838100556 -0.47110899838100556 -0.47110899838100556 -0.47109614886159096 -0.47109614886159096 -0.47108329972234525 -0.47107045096324601 -0.47104475458539674 -0.47100621286915878 -0.47095482923423099 -0.47087776517903751 -0.47077503437266777 -0.47062098371238154 -0.470428497198422 -0.47015915932466318 -0.46978749093920386 -0.46928816201834306 -0.4685849544898702 -0.46757688093289718 -0.46616441576394319 -0.46418706246110764 -0.46142626619314431 -0.45772245307230253 -0.45271769203669676 -0.44605632193756423 -0.43761195814189446 -0.42628153692244358 -0.41279432239341401 -0.39439331556990581 -0.37288004007245867 -0.34402644784428893 -0.30970643623351829 -0.2664175797589679 -0.21820873472465188 -0.16271466366017201 -0.10489804401410066 -0.044677922755722035 0.016448318259037486 0.07554696139253074 0.13846059472570232 0.20392993724462638 0.27763213161403039 0.35717225772303351 0.45007966962168844 0.55627837262583812 0.65531134951370973 0.75508173495410091 0.84506701787188832 0.93471554421579794 1.0005208409361857 1.0591088179135937
-0.47257634131793608 -0.47257634131793608 -0.47257634131793608 -0.47257634131793608 -0.47257634131793608 -0.47257634131793608 -0.47257634131793608 -0.47257634131793608 -0.47257634131793608 -0.47257634131793608 -0.47257634131793608 -0.47257634131793608 -0.47257634131793608 -0.47257634131793608 -0.47257634131793608 -0.47257634131793608 -0.47257634131793608 -0.47257634131793608 -0.47257634131793608 -0.47257634131793608 -0.47257634131793608 -0.47257634131793608 -0.47256344831130287 -0.47256344831130287 -0.47256344831130287 -0.47256344831130287 -0.47255055568741616 -0.47253766344625325 -0.47252477158779133 -0.47249898901887982 -0.47246031803520228 -0.472395874046732 -0.47230566852518985 -0.47217683598734111 -0.47199653461630814 -0.47175195956483162 -0.47140464230593182 -0.47092913969638656 -0.47026174453404612 -0.46932655155961789 -0.46797217520212436 -0.46602469159079152 -0.46327746551758364 -0.45943279215730448 -0.45398819102240212 -0.44695482907031214 -0.43710073666669774 -0.42512412749636408 -0.4091024614433062 -0.39002161802643864 -0.36586546393742919 -0.33644983204722217 -0.30119505893111187 -0.25869079110043058 -0.21207218426932439 -0.15836527158882827 -0.10654340511427542 -0.047953809220049735 0.0038050735650251716 0.061904633716170186 0.12054102886241938 0.1897709563468738 0.26152455647267087 0.34627471614212818 0.44049977125341117 0.53921414734983142 0.63851920726545941 0.73345407314533528 0.82062175297458817 0.89116377024494442 0.95508615099040073
-0.47389344270962652 -0.47389344270962652 -0.47389344270962652 -0.47389344270962652 -0.47389344270962652 -0.47389344270962652 -0.47389344270962652 -0.47389344270962652 -0.47389344270962652 -0.47389344270962652 -0.47389344270962652 -0.47389344270962652 -0.47389344270962652 -0.47389344270962652 -0.47389344270962652 -0.47389344270962652 -0.47389344270962652 -0.47389344270962652 -0.47389344270962652 -0.47389344270962652 -0.47389344270962652 -0.47389344270962652 -0.47389344270962652 -0.47389344270962652 -0.47389344270962652 -0.47389344270962652 -0.47388051054311314 -0.47388051054311314 -0.47386757876167473 -0.47385464736528854 -0.47382878572758041 -0.47380292562980553 -0.47375121005332177 -0.47367364823351149 -0.47355733147006446 -0.47338937334678099 -0.47315692312790253 -0.47283428186237375 -0.47238298639648241 -0.47173909100824579 -0.47081355557738541 -0.46949294546285564 -0.46757688093289718 -0.46480718494530332 -0.46083604704843339 -0.4552995871613264 -0.44752646930265655 -0.43718391777026477 -0.42348588794803721 -0.40587274864437084 -0.3846708126121744 -0.35731789239248657 -0.32731116462060994 -0.28812531297763838 -0.24829758826076284 -0.19942037843086982 -0.15302614218292548 -0.10175763611660259 -0.053267793719964263 -0.0013266222987905929 0.051923916046106543 0.11437742978615538 0.18115731788060616 0.25676583794164703 0.34226472683541204 0.43865308371571138 0.53415307418506253 0.63090564118903225 0.71610355387603986 0.79498967021816247 0.85936049349855792
-0.47509782053914101 -0.47509782053914101 -0.47509782053914101 -0.47509782053914101 -0.47509782053914101 -0.47509782053914101 -0.47509782053914101 -0.47509782053914101 -0.47509782053914101 -0.47509782053914101 -0.47509782053914101 -0.47509782053914101 -0.47509782053914101 -0.47509782053914101 -0.47509782053914101 -0.47509782053914101 -0.47509782053914101 -0.47509782053914101 -0.47509782053914101 -0.47509782053914101 -0.47509782053914101 -0.47509782053914101 -0.47509782053914101 -0.47509782053914101 -0.47509782053914101 -0.47509782053914101 -0.47509782053914101 -0.47509782053914101 -0.47508485246013316 -0.47508485246013316 -0.47507188476834189 -0.47504595054631676 -0.47502001787288078 -0.47496815717103652 -0.47490334000125167 -0.47479965264683699 -0.4746441680165337 -0.47442399336953489 -0.47410040976276169 -0.4736607226101559 -0.47301493144000434 -0.47208667594510195 -0.47076219473033942 -0.46881496981550402 -0.46597389394386496 -0.46187889206204913 -0.4560188232331529 -0.44775777164329794 -0.43659011625865535 -0.42113167133397139 -0.40256810264387521 -0.37733015529433311 -0.35023690053773326 -0.31514566542179723 -0.27783517134972763 -0.23436869336330418 -0.18998266569910055 -0.14498387531984186 -0.099938897264519586 -0.054639755802439884 -0.0060922538877390834 0.050263722645795851 0.11270552103089257 0.17966666869049799 0.25753458598067869 0.34809058421715527 0.43846323511763374 0.53441958649219368 0.62329064980766491 0.7108701666498074 0.7684975061729733
-0.47664379334520723 -0.47664379334520723 -0.47664379334520723 -0.47664379334520723 -0.47664379334520723 -0.47664379334520723 -0.47664379334520723 -0.47664379334520723 -0.47664379334520723 -0.47664379334520723 -0.47664379334520723 -0.47664379334520723 -0.47664379334520723 -0.47664379334520723 -0.47664379334520723 -0.47664379334520723 -0.47664379334520723 -0.47664379334520723 -0.47664379334520723 -0.47664379334520723 -0.47664379334520723 -0.47664379334520723 -0.47664379334520723 -0.47664379334520723 -0.47663077902171985 -0.47663077902171985 -0.47663077902171985 -0.47663077902171985 -0.47663077902171985 -0.47663077902171985 -0.47661776508821563 -0.47660475154467119 -0.47659173839106328 -0.47655270126962429 -0.47651366765677211 -0.4764486194304986 -0.47634456252936802 -0.4762015249874389 -0.47598055958970975 -0.47565581457188411 -0.47520157911377903 -0.47454054251332112 -0.47359610026320192 -0.47220259943766035 -0.47017198115073927 -0.46719468036092421 -0.4628612027487371 -0.45657767296027646 -0.4477943043292788 -0.43535760366703713 -0.41929165564524168 -0.39759271198667406 -0.37206092537867086 -0.34053067835670264 -0.30443952722422662 -0.2653201578361194 -0.2214725240729036 -0.18162892581302709 -0.13871058359235822 -0.0989178304026542 -0.055497587640200755 -0.005067263269958237 0.053577787125282612 0.11287300184045851 0.18366835736001988 0.26601990885349813 0.35376240306719953 0.44749912873585107 0.539189050875863 0.62942998803640515 0.68863335694853667
-0.47806469775169935 -0.47806469775169935 -0.47806469775169935 -0.47806469775169935 -0.47806469775169935 -0.47806469775169935 -0.47806469775169935 -0.47806469775169935 -0.47806469775169935 -0.47806469775169935 -0.47806469775169935 -0.47806469775169935 -0.47806469775169935 -0.47806469775169935 -0.47806469775169935 -0.47806469775169935 -0.47806469775169935 -0.47806469775169935 -0.47806469775169935 -0.47806469775169935 -0.47806469775169935 -0.47806469775169935 -0.47806469775169935 -0.47806469775169935 -0.47806469775169935 -0.47806469775169935 -0.47806469775169935 -0.4780516407794661 -0.4780516407794661 -0.4780516407794661 -0.4780516407794661 -0.47803858419977624 -0.47802552801260606 -0.47801247221793197 -0.47798636180597776 -0.47793414569098464 -0.47786888437451353 -0.47776448666201482 -0.47762098077143655 -0.47738625518698569 -0.47706045774788469 -0.47659173839106328 -0.47588960650486378 -0.47487741584175114 -0.47340229089654784 -0.47123751448939266 -0.46802320713213852 -0.46332794873311262 -0.45655281991829982 -0.44686975550322594 -0.43353893750930628 -0.41542003233333447 -0.39222339625830699 -0.36415449182980664 -0.32916991288498276 -0.29372612447271446 -0.24948389128320114 -0.21383797176584116 -0.17252733580608326 -0.13679614097137052 -0.097643504003503453 -0.053086173993999376 -8.6859764981282404e-06 0.054651350441741631 0.11859536522376199 0.19390340255274682 0.27843347653741585 0.36945706512637011 0.46265250972837352 0.54867189408659445 0.61651752341480281
-0.47938547812176407 -0.47938547812176407 -0.47938547812176407 -0.47938547812176407 -0.47938547812176407 -0.47938547812176407 -0.47938547812176407 -0.47938547812176407 -0.47938547812176407 -0.47938547812176407 -0.47938547812176407 -0.47938547812176407 -0.47938547812176407 -0.47938547812176407 -0.47938547812176407 -0.47938547812176407 -0.47938547812176407 -0.47938547812176407 -0.47938547812176407 -0.47938547812176407 -0.47938547812176407 -0.47938547812176407 -0.47938547812176407 -0.47938547812176407 -0.47938547812176407 -0.47938547812176407 -0.47938547812176407 -0.47938547812176407 -0.47938547812176407 -0.47938547812176407 -0.47937238138070354 -0.47937238138070354 -0.4793592850345812 -0.4793592850345812 -0.47933309352705566 -0.47930690359899686 -0.47925452848051769 -0.47918906846352688 -0.47908435295455859 -0.47891424408467737 -0.47867881867086343 -0.4783259196668278 -0.4778166823813137 -0.47706045774788469 -0.47596756512560923 -0.47434631131318006 -0.47195790834493445 -0.46841890804093356 -0.46325222611024791 -0.45574586931598965 -0.44505074376110748 -0.43023996241365048 -0.41003923443522261 -0.38545078058370558 -0.35218686107789637 -0.3200636043127571 -0.27825531684798732 -0.24350081877835919 -0.20545618876937433 -0.17022037252816943 -0.1340318516808269 -0.094047693893769421 -0.047009095354959424 0.003546693102131761 0.06107532362979181 0.13017288889253542 0.21120066200025675 0.29765110324318222 0.39223956039811064 0.47578737197464194 0.55107165544198489
-0.48063147295999953 -0.48063147295999953 -0.48063147295999953 -0.48063147295999953 -0.48063147295999953 -0.48063147295999953 -0.48063147295999953 -0.48063147295999953 -0.48063147295999953 -0.48063147295999953 -0.48063147295999953 -0.48063147295999953 -0.48063147295999953 -0.48063147295999953 -0.48063147295999953 -0.48063147295999953 -0.48063147295999953 -0.48063147295999953 -0.48063147295999953 -0.48063147295999953 -0.48063147295999953 -0.48063147295999953 -0.48063147295999953 -0.48063147295999953 -0.48063147295999953 -0.48063147295999953 -0.48063147295999953 -0.48063147295999953 -0.4806183385908856 -0.4806183385908856 -0.4806183385908856 -0.4806183385908856 -0.4806183385908856 -0.48060520461898243 -0.48059207104426599 -0.48056580508629715 -0.48053954071678695 -0.48048701674237415 -0.48040824268939297 -0.48029010839409947 -0.48011952667834062 -0.47985722402985043 -0.47947716636945653 -0.47891424408467737 -0.47807775511649958 -0.47685207557779635 -0.47503298401603666 -0.47234432574021412 -0.46836782959548767 -0.46254611757312508 -0.45409938227077651 -0.44212001826945768 -0.42520504583123991 -0.40391996751390369 -0.37498610044748765 -0.34418950550474775 -0.3060621090426246 -0.2705193273627613 -0.23551750282449985 -0.20050781862978578 -0.16731868106315675 -0.13077414915302854 -0.089210231892472319 -0.042383136540925195 0.0100878469985245 0.073535065058783933 0.15029581282553839 0.23162248410657946 0.32279796834638758 0.4083587014765247 0.4911795321439984
