accepted,years,Teff_K,luminosity_Lsun,radius_Rsun,nuclear_fraction
0,0,2864.0960489129425,0.15403182071720958,1.5939813254112654,0.0007558030511544648
1,1000,2864.392124777161,0.15356322720110438,1.5912258815148916,0.0007798795872786473
2,2500,2864.831201409602,0.15286810143221113,1.587133727546777,0.0008171292099248881
3,4200.479675916253,2865.3273981676007,0.1520908702496728,1.582545583650129,0.000861113175406924
4,5917.151567777043,2865.820948787588,0.15131579243138607,1.5779643352576547,0.0009075122775430808
5,7647.384434666135,2866.3142267749017,0.15054478324788895,1.5733973619875,0.000956376643219379
6,9391.32860753844,2866.8094456733506,0.1497782654009205,1.5688445224806569,0.0010078334430356631
7,11149.468173543777,2867.300765819124,0.1490148029208781,1.5643047565176078,0.0010620385540229726
8,12921.409747240716,2867.7920627558074,0.14825544636784188,1.5597793716504391,0.001119114391610527
9,14707.369651736471,2868.284364999312,0.1475003311342943,1.5552680392942915,0.001179212460673164
10,16507.855518334865,2868.7736796314643,0.14674843829523163,1.550769781114265,0.001242511249900579
11,18322.491301557424,2869.262483120023,0.14600048405555802,1.5462857341466003,0.0013091561391226328
12,20151.504015473245,2869.751272097767,0.14525650148976502,1.5418156041963476,0.0013793243619201674
13,21995.312078325278,2870.238340346015,0.14451599278685043,1.5373586417224343,0.0014532150069452262
14,23853.66975672153,2870.724410142363,0.1437792589778676,1.532915716764035,0.0015310055079516731
15,25726.824126891835,2871.209169783217,0.14304615381126182,1.5284864348127327,0.001612904632806054
16,27614.981091556143,2871.693075536886,0.14231671763913148,1.524070574934045,0.0016991289779094607
17,29518.027294899995,2872.1760593282634,0.14159102504428148,1.519668663150205,0.0017898918977275462
18,31436.292656647245,2872.6559648458588,0.1408685512265847,1.5152802080398577,0.0018854441679645557
19,33369.85258702663,2873.136013071117,0.1401499330541289,1.510905272035801,0.0019860232807610723
20,35318.63673717948,2873.6157586902596,0.1394351449735894,1.5065442557463167,0.0020918787702565817
21,37283.13260098533,2874.0904391766926,0.1387231031895161,1.5021963366080582,0.0022033179701998213
22,39263.14991987038,2874.566102049259,0.13801510338388334,1.4978622259288292,0.002320592502627239
23,41258.80842263752,2875.0413903278113,0.13731086296458578,1.493541884820082,0.0024440057418016314
24,43270.62977216857,2875.5111208084004,0.13660921511554772,1.489234387573386,0.0025739173330301414
25,45298.23342784525,2875.981905736149,0.13591162643246604,1.484940892199685,0.002710604101659305
26,47341.9485014052,2876.4515727522507,0.13521758571732884,1.4806609273674853,0.0028544346249957052
27,49402.13175397033,2876.9157036076053,0.13452615811472998,1.4763939503299983,0.00300581037068282
28,51478.322095977834,2877.380766176388,0.1338387777816162,1.4721412072975308,0.003165045330958239
29,53571.19820159244,2877.8434113090802,0.13315460770130255,1.4679015923744714,0.003332598009495127
30,55680.83356682689,2878.3026529900753,0.13247347905882817,1.4636752052496214,0.003508894447902297
31,57806.87115796801,2878.76166541775,0.1317961466713724,1.459463021348899,0.003694321140062906
32,59950.0878225706,2879.2165248765536,0.13112163721245493,1.4552636785338697,0.0038894207992545013
33,62110.30544871789,2879.6702121490134,0.13045061609777764,1.451077874368052,0.004094640739853783
34,64287.417790468215,2880.122607932606,0.12978314226204818,1.4469061109236119,0.004310469078355454
35,66482.24841670004,2880.568949581298,0.12911809849723618,1.4427469726283026,0.004537542942438283
36,68694.22473920674,2881.015655201074,0.12845687340203243,1.438601795718513,0.004776317107518956
37,70923.6124868691,2881.459565610345,0.12779886192421636,1.4344704118877052,0.005027413326453173
38,73170.95445504956,2881.90111230795,0.1271440054445227,1.4303520939574512,0.005291497171353993
39,75436.17550295532,2882.345821834237,0.12649333082639289,1.4262471948625914,0.005569156104150372
40,77719.68975125668,2882.792405567747,0.1258465008040617,1.4221552029318236,0.005861115651645536
41,80021.6632060001,2883.238913721076,0.12520315732023748,1.418076106947724,0.0061681133345379896
42,82341.97886791521,2883.6890217151813,0.12456400983724415,1.4140103971358766,0.006490834537155863
43,84681.12977731747,2884.14076347672,0.12392859008176677,1.4099574602141622,0.006830132141948957
44,87039.13670269649,2884.5934750560095,0.1232967995321478,1.4059174749163668,0.007186822873156777
45,89415.83716485626,2885.0489485318653,0.12266902524661898,1.401890995370154,0.00756170480039855
46,91811.85794060779,2885.5049874862966,0.12204474731730182,1.397877287328076,0.007955781759390374
47,94227.06053148938,2885.9637597159203,0.12142439528188612,1.393876798442352,0.008369934850546937
48,96661.42185414271,2886.423620038697,0.12080772161397839,1.389889801416844,0.008805142402899188
49,99115.51812775142,2886.884001983264,0.12019450891775665,1.385915675507957,0.009262528967325068
50,101589.14642290951,2887.3480297969627,0.11958536593196994,1.3819550232770839,0.009743078537855965
51,104082.60491941286,2887.8116143433986,0.11897955683677258,1.3780076129869365,0.010248009606207318
52,106595.9489069663,2888.275704095456,0.11837725764445596,1.3740736272363687,0.010778482790950861
53,109129.2192647356,2888.74328227587,0.11777897952329908,1.3701532883521361,0.011335672903349088
54,111682.87677291357,2889.210069677277,0.11718393484382489,1.3662461766914573,0.011921014306299178
55,114256.7842260948,2889.6770733609183,0.11659236176100439,1.3623527921665597,0.012535788497379952
56,116850.95796427573,2890.147254107888,0.11600475846046755,1.3584733448289443,0.01318132787048924
57,119466.13086133728,2890.615757547987,0.1154201982131195,1.3546070674878607,0.013859349747608617
58,122101.88930159222,2891.084173432171,0.11483907640155347,1.3507548445795716,0.014571234601761456
59,124758.2325714749,2891.5544407709826,0.11426174102847592,1.3469169947607362,0.015318510012227038
60,127436.03488310197,2892.0233310422054,0.11368749935054585,1.3430925289868765,0.016103136997720247
61,130134.80387862545,2892.492301707058,0.11311674190980266,1.3392824602698972,0.01692666184625301
62,132854.6914416925,2892.9599583454615,0.11254924903153832,1.3354868513064004,0.017790944847755216
63,135596.20952824806,2893.426964992775,0.1119850531027875,1.331705342357926,0.018697997374770584
64,138359.0978354677,2893.8947448844106,0.11142446707518493,1.327938558338896,0.01964963872522401
65,141143.8240993067,2894.3577127963717,0.11086656963535607,1.32418619843086,0.020648199579288727
66,143950.34756481225,2894.8210584979247,0.11031221466507363,1.3204486479147508,0.021695633682366405
67,146778.59746821984,2895.2853664070312,0.10976154362188767,1.3167263095612238,0.02279407209086354
68,149629.59688755465,2895.741592968296,0.10921300816716084,1.3130181737981712,0.023946484102724628
69,152502.29763894543,2896.198755508088,0.10866824957077387,1.3093259380786946,0.025154529902112362
70,155397.43277611388,2896.654025026211,0.1081267316747519,1.3056490168217292,0.026421050577423392
71,158315.5217745936,2897.103792047541,0.10758785148972506,1.3019870635200397,0.027748975102048067
72,161255.7308698755,2897.5523713658845,0.10705248027113226,1.2983415004161623,0.029140403412108114
73,164219.17439466025,2897.99540041823,0.1065197964270884,1.2947113078034258,0.030598775852397588
74,167205.61645051403,2898.436451106195,0.1059904269181864,1.2910971307833443,0.03212669384831626
75,170214.8287270096,2898.872776788996,0.105464067126347,1.287499612340351,0.03372707986065921
76,173247.8070670565,2899.3013416148947,0.10494013986415891,1.2839179399071856,0.03540366844188
77,176303.92681273245,2899.729263461618,0.10441986284754078,1.280353276828587,0.037158928173437196
78,179383.71857232417,2900.150441865441,0.10390230564585544,1.2768053663356647,0.03899671189081045
79,182487.39014437376,2900.562807845446,0.10338719633048728,1.2732743549461318,0.04092063217136265
80,185614.4073026428,2900.973908833123,0.10287577371671806,1.2697612592980967,0.0429333810805232
81,188766.23622666678,2901.374985428373,0.10236659606262773,1.266264895512388,0.04503998058410764
82,191942.12595128268,2901.77328665331,0.10186088689085898,1.2627865013398532,0.04724318517075838
83,195142.17322782244,2902.166436665447,0.10135835528165109,1.2593263999349216,0.04954694058476531
84,198367.58120909292,2902.550540505534,0.10085831563693314,1.2558837328894106,0.05195627375022445
85,201617.2991374437,2902.932267481903,0.10036193899171027,1.2524600354427564,0.0544739066840509
86,204892.50564700307,2903.3002588910495,0.09986753608537076,1.2490545990596413,0.05710564828931022
87,208192.46858308272,2903.6611013128013,0.09937621584345657,1.245668651753579,0.059854595804884586
88,211517.2227422254,2904.0160435210078,0.09888820752632545,1.2423025898684796,0.06272486090998886
89,214868.53484057888,2904.3643909434686,0.09840320577923299,1.2389551280064883,0.06572237429990116
90,218245.60084990333,2904.7136643789936,0.09792242233677453,1.235627540252919,0.06885016987851446
91,221649.72544505147,2905.065992042315,0.09744600103359664,1.2323190633013446,0.07211370811127499
92,225081.13948445304,2905.4186692898015,0.09697360103192723,1.2290299796213167,0.07551804646248939
93,228539.5777489362,2905.7713695605257,0.09650528189781812,1.2257610639865228,0.07906756272913612
94,232025.7508551477,2906.127014570192,0.09604139015358501,1.2225121851769756,0.08276733480329648
95,235539.91401541827,2906.4808119589597,0.09558131532030985,1.2192836267009914,0.0866228841863032
96,239081.78619396794,2906.831556075667,0.09512501950686711,1.2160762532622833,0.0906387743084833
97,242651.66576757742,2907.1849302115206,0.09467327245833242,1.2128903421996737,0.09481937531011034
98,246250.3416400556,2907.5407750671147,0.09422600664349563,1.2097257523374096,0.09917034053383995
99,249877.98687711675,2907.8946892486333,0.09378269935208086,1.2065829295557222,0.10369720800074121
100,253534.28463592706,2908.2487591683534,0.0933437399285246,1.2034627618069826,0.1084039620739767
101,257220.17391739663,2908.6052426977544,0.09290936643379714,1.2003650583179193,0.11329609941628133
102,260936.0423495461,2908.9626860318986,0.092479418130173,1.1972901350240086,0.11837892552141101
103,264681.90495767706,2909.3155094361227,0.0920532646401688,1.194238627165792,0.12365785154842043
104,268457.7025857938,2909.6670107184977,0.09163141550270001,1.1912112282179872,0.12913661575783203
105,272264.2430943947,2910.020463566469,0.09121426906050169,1.1882079834091095,0.13482001981543476
106,276102.15498684405,2910.3710633063356,0.09080122695385665,1.1852290620418071,0.1407139532018311
107,279971.0674627606,2910.7206898398126,0.09039265655974424,1.1822754460147087,0.14682136525057204
108,283872.1594925526,2911.071900849665,0.08998882580927085,1.179346951885728,0.15314725242618665
109,287805.9151246432,2911.4244481751352,0.08958973680431483,1.1764439537498868,0.15969586612351996
110,291772.796368022,2911.770769967079,0.08919450371108804,1.1735668773354253,0.16647278048392303
111,295772.51015810715,2912.1182606162392,0.08880415682881154,1.1707166452212017,0.17347871029961315
112,299806.3582191887,2912.465017581605,0.08841841726372883,1.1678931034160944,0.1807188471513011
113,303874.5602229952,2912.8078339379035,0.08803697554688104,1.1650969090079482,0.18819650060242618
114,307977.56245001405,2913.14600566691,0.08765980667974091,1.1623285662590863,0.19591440100882568
115,312116.2643181568,2913.484968555489,0.08728757503377271,1.1595882645184616,0.2038741029319328
116,316291.7270049315,2913.8246653353026,0.0869202703611085,1.1568761414790256,0.21207843386731107
117,320504.6743239924,2914.160725632284,0.086557404482775,1.1541925632224723,0.22053039155182705
118,324754.91074850934,2914.4928828799325,0.08619907792642931,1.1515385270053637,0.22922935793282012
119,329044.2544439271,2914.8253134415418,0.08584572302569222,1.148913750889926,0.23817692010021638
120,333373.60028114385,2915.157944586098,0.08549736155192106,1.1463185944590522,0.24737346110952024
121,337743.96589608135,2915.4846895416567,0.08515331297164012,1.1437534190253014,0.2568210160250712
122,342155.0804409105,2915.8044719715876,0.08481359489449351,1.1412192829554129,0.26651651073291943
123,346609.0718367457,2916.1240198966457,0.08447892332147988,1.1387158497979182,0.27645863227651857
124,351107.3540900516,2916.4432584072692,0.0841492974301492,1.1362433262713256,0.28664608933459945
125,355651.21905827505,2916.7578860305985,0.08382424298571547,1.1338020017137262,0.2970782614154269
126,360240.94960481755,2917.067127005092,0.0835037780164046,1.1313927126155272,0.3077499881483261
127,364878.9591105221,2917.375754226824,0.08318839379963114,1.1290152075467021,0.31865792730363096
128,369566.9435386239,2917.683658106631,0.0828780813021262,1.1266696593908154,0.3297981306982776
129,374306.46389903495,2917.9890408174624,0.08257264991198567,1.1243563034533635,0.341166233869862
130,379098.8490946229,2918.2858894828823,0.08227147155708876,1.1220756117426642,0.3527582575078603
131,383945.61065106577,2918.580350790733,0.08197527990359565,1.119827959036313,0.3645640366386883
132,388849.220352382,2918.870984858192,0.08168388557682213,1.1176132864591586,0.37657828349245326
133,393811.9597994427,2919.1602562141015,0.08139755982633214,1.1154316891793687,0.3887922253832139
134,398836.3860041027,2919.4420063059865,0.08111560876549219,1.113283241736397,0.40120114894577197
135,403923.63215842436,2919.7190642322093,0.08083843421994374,1.1111686404502894,0.41379093934358263
136,409077.68398842134,2919.9944849457897,0.08056628658230275,1.109087401224817,0.4265532653643289
137,414301.3491847069,2920.268167825388,0.08029914722436816,1.1070396054034708,0.43947735514372943
138,419597.6858265285,2920.5399876234214,0.08003699308556875,1.1050253195317554,0.45255184514809704
139,424969.9327201152,2920.8021152881047,0.07977896184477096,1.103044623810652,0.46576928383679433
140,430420.13190119585,2921.0607668872262,0.07952580064125374,1.1010980728546833,0.4791094159643683
141,435953.549706083,2921.3173183791787,0.07927756143482291,1.0991851074941792,0.4925615673276149
142,441574.2224251664,2921.5716748738478,0.07903421129546696,1.0973056922261708,0.506111572760307
143,447286.50174526754,2921.8208426359247,0.0787954042810829,1.0954597860748394,0.5197466229182539
144,453094.5381849147,2922.0617699957984,0.07856081463745142,1.0936475020324141,0.5334521964562157
145,459002.3304016374,2922.297242688523,0.07833075980715219,1.0918690454643707,0.5472078644402525
146,465016.87793370266,2922.530295492106,0.07810546297119107,1.0901238032252623,0.5609985565215282
147,471144.14647094527,2922.7608870776453,0.07788487823946684,1.0884115949426338,0.5748073284094752
148,477390.5453814627,2922.9889035003694,0.07766894969510156,1.0867322206805556,0.5886167186259246
149,483762.77594597527,2923.214264402605,0.07745763018164595,1.0850855128707444,0.6024082546260694
150,490268.5181992378,2923.428843855105,0.07725000800641342,1.0834712012898384,0.6161703752521487
151,496913.98533958854,2923.6404431224064,0.07704692239208227,1.0818894527060385,0.6298738423357856
152,503709.87157578097,2923.8493910321276,0.0768482817423426,1.080339475262893,0.643503056081939
153,510665.9133591172,2924.0556539430327,0.0766540165891594,1.07882089726857,0.6570386152125505
154,517792.69224439736,2924.2592082712285,0.07646405248163018,1.0773333006703867,0.6704607408072294
155,525101.7519877888,2924.4600345319923,0.07627830992050853,1.075876224917437,0.6837493504888765
156,532605.7753171144,2924.653314736167,0.07609620707342006,1.0744491848785538,0.6968885532206114
157,540316.509572681,2924.838861803686,0.07591769770021714,1.0730520447292944,0.7098542749927955
158,548251.04815559,2925.021448926289,0.07574313275429638,1.071683841387531,0.722624569953501
159,556427.2474501543,2925.201495232688,0.07557242830006611,1.0703437464126635,0.7351797235327359
160,564864.3481746758,2925.3790446671087,0.07540546246346623,1.0690309346348221,0.7474994348827323
161,573583.6345651458,2925.55412462441,0.07524210251309861,1.0677445115038053,0.7595631894527825
162,582608.8847928992,2925.7268310909967,0.07508221053687661,1.0664834910281573,0.7713503513005142
163,591967.0132137747,2925.894720702118,0.07492536877832966,1.0652467425280019,0.782843195222164
164,601686.2037137172,2926.0558542211115,0.07477123531003825,1.0640332878498722,0.7940208772083184
165,611802.2572263372,2926.2150679840065,0.0746200687257469,1.0628414876991892,0.8048600509473807
166,622355.6579817246,2926.3725662020324,0.07447163152948763,1.061669550314603,0.8153418218751526
167,633392.0608703096,2926.5285770693918,0.07432566936666192,1.0605155402972692,0.8254464787422829
168,644964.1321318465,2926.6833549959097,0.07418188954980601,1.059377223430981,0.8351542816108659
169,657133.2733564196,2926.837211691707,0.07403995428759028,1.0582519949380544,0.8444455135263558
170,669971.826719489,2926.990557126596,0.0738994709081257,1.0571367790155144,0.8533004561456444
171,683566.1032247749,2927.143210853752,0.07375990650387221,1.056027913636041,0.8617002417757156
172,698018.8329190252,2927.2901934089455,0.07362015379266582,1.054921067038797,0.8696304260506817
173,713450.9975320874,2927.4384182088406,0.07348020516876087,1.053811187946903,0.8770610360935963
174,730023.4041564678,2927.588846165681,0.07333916640557178,1.0526911644831844,0.8839737724776294
175,747931.6256632968,2927.7426599402042,0.0731959776893872,1.051552516961763,0.8903460760518788
176,767426.0315439219,2927.8999823822637,0.07304913710057274,1.0503843243444413,0.8961546669204008
177,788831.2183803493,2928.0636375577246,0.07289695904414721,1.049172368165584,0.9013691775478715
178,812593.1852039195,2928.236833723875,0.07273702542772464,1.0478968400236726,0.9059558570327341
179,839333.7786517078,2928.4226653134483,0.07256580446269652,1.0465299192661477,0.9098721968971074
180,869960.2154831188,2928.619125042407,0.07237746298669372,1.0450307037130018,0.9130653960492764
181,905873.0348708373,2928.8431094082753,0.07216484672048674,1.0433350348490724,0.915433706371855
182,949550.8993470679,2929.1108452333306,0.07191369628592141,1.041327536799888,0.9168268136020963
183,1005857.4998910311,2929.4550004116354,0.0715955764901739,1.0387776423960724,0.9169386448561665
184,1087206.122624467,2929.9459984446517,0.07113481116291619,1.0350826293781767,0.9149802660662764
185,1189348.729046755,2930.580468623343,0.07054161678303493,1.0303115391660131,0.9103418076992643
186,1285478.4115273058,2931.198723632203,0.06995889114311807,1.0256143618997315,0.904351554532551
187,1376433.5856377713,2931.8088871787904,0.06937992973349133,1.0209366033650769,0.897444427738317
188,1463235.224886252,2932.4184704166605,0.06879805574085357,1.016223773936802,0.8897417721097015
189,1546278.723602032,2933.0336894503794,0.06821130975495591,1.01145659948892,0.8812535000298214
190,1624894.1940617792,2933.640360345934,0.06762475220617564,1.0066819006680323,0.8720668212065035
191,1697800.853160352,2934.2333336679826,0.06705143784592463,1.0020004475979067,0.8623544414053557
192,1764721.8221729249,2934.7904208851987,0.06649626353728728,0.9974648410718994,0.8522674682405872
193,1825838.5159393537,2935.3278891936707,0.0659641825222166,0.9931023541381377,0.8418870184516503
194,1881617.590456644,2935.8300357081193,0.06545438719326423,0.988919004110745,0.8313002174057105
195,1932570.9287097002,2936.3091239575583,0.06496764506341639,0.9849136900791514,0.8205455863484191
196,1979243.8497612218,2936.7610604312235,0.0645022081031968,0.9810772967970165,0.8096646339408535
197,2022124.1755887344,2937.1828829134884,0.06405639058376386,0.9774001818376752,0.7986847219924674
198,2061662.63168168,2937.591271799014,0.06362990741580589,0.973870180780178,0.7876088918224954
199,2098254.9752874994,2937.9585721982653,0.06321872383432964,0.9704757506152205,0.7764757468593579
200,2132233.17301731,2938.319276103764,0.06282437337749798,0.9672066530831136,0.7652630335039136
201,2163897.998762183,2938.660626990711,0.062444246196317235,0.9640521025139339,0.7539914512484736
202,2193501.5731499284,2938.976413696736,0.06207657884668103,0.9610032280856463,0.7426712035573738
203,2221264.849434796,2939.2874901846144,0.0617219318785972,0.9580513424998975,0.7312876292627427
204,2247381.3412308353,2939.5779646902397,0.06137786664799806,0.9551885087199469,0.7198595733601777
205,2272013.399371764,2939.850025945043,0.06104368983110559,0.9524083575767687,0.7083871968022187
206,2295307.3324292083,2940.119393353631,0.06071979817530841,0.9497042621268044,0.6968592131535287
207,2317391.346850754,2940.3724218210814,0.06040425216524989,0.9470703389244888,0.6852904980242711
208,2338374.822230391,2940.6035729186433,0.060095952696516707,0.9445018478377091,0.6736870325561674
209,2358355.955067993,2940.83283973123,0.05979588318526962,0.9419939736624878,0.6620335115682243
210,2377423.012006729,2941.0597275084583,0.059503387541066065,0.9395422568264911,0.6503327198308964
211,2395654.391906312,2941.255978832629,0.05921564759289108,0.9371427645699697,0.6386091621343101
212,2413117.2361343233,2941.4510133904832,0.058934587459379975,0.9347921239477004,0.6268398839992034
213,2429874.6159130265,2941.6451337243006,0.05865974236924996,0.9324867637336796,0.6150267091443516
214,2445983.3140192055,2941.832331900183,0.05839019428659884,0.9302234588692557,0.6031759516539047
215,2461493.8756044162,2942.010545158161,0.058125396688463074,0.9279993578223873,0.5912901255660555
216,2476452.384393398,2942.188546459523,0.057865668831478444,0.9258116649861353,0.57936364103301
217,2490900.9571387614,2942.366282016045,0.05761064415326088,0.9236577024218753,0.5673978710898051
218,2504877.9575604326,2942.543624479596,0.05735997498141525,0.9215349633668474,0.5553941586193959
219,2518418.4562683976,2942.7207550429275,0.057113365525444985,0.9194411406847539,0.5433533999626378
220,2531554.6367341815,2942.897933427261,0.05687054146947112,0.9173740320234149,0.5312764242220854
221,2544316.1296968493,2943.07525284306,0.05663122802827007,0.9153315175735918,0.5191641415950464
222,2556730.302442559,2943.252366445146,0.056395129438025514,0.9133115628735297,0.5070177050062532
223,2568822.514121382,2943.4287919149774,0.05616195753111342,0.911312257629425,0.49483826277775367
224,2580616.3582705744,2943.605082152266,0.05593151422107258,0.9093317629601368,0.48262624572538926
225,2592133.936254432,2943.781991840268,0.05570361786874548,0.9073682399192853,0.47038198110867196
226,2603396.0033088764,2943.9591123722607,0.05547800758925554,0.9054199110304502,0.4581065330719688
227,2614422.1301530916,2944.136598280635,0.05525447460845417,0.9034850606695467,0.44580049272524597
228,2625230.8778686905,2944.3152965220565,0.05503286262117172,0.9015619668231762,0.4334640941600069
229,2635839.9455292528,2944.4952280524803,0.05481294932316837,0.899648865500156,0.42109807825515616
230,2646266.283236718,2944.6760522390005,0.05459449208972194,0.897744032561978,0.40870330487695505
231,2656526.2074672636,2944.8574003366157,0.054377249958710086,0.895845758011933,0.39628058313063197
232,2666635.533172621,2945.040349700259,0.05416108076595198,0.8939522526273816,0.3838299836307499
233,2676609.7037107917,2945.2250427885924,0.05394576959416498,0.8920616890506926,0.37135212017768193
234,2686463.9175348147,2945.411717119865,0.053731105089519775,0.8901721995821578,0.3588474696209596
235,2696213.2212716397,2945.598991440941,0.05351675099141499,0.8882818444927234,0.3463173094637218
236,2705872.6316303317,2945.788611127082,0.053302585012389214,0.8863885533817522,0.3337614320627322
237,2715457.3003103863,2945.9808700171993,0.05308836879236844,0.8844901620824542,0.3211803986062794
238,2724982.669889819,2946.1760102941475,0.05287384947659902,0.8825844028689819,0.3085747532210715
239,2734464.6209346605,2946.3726536811378,0.05265863692472031,0.8806688137863389,0.29594569964014567
240,2743919.6216906216,2946.571718498769,0.052442481017747754,0.8787407033894503,0.2832935646862546
241,2753364.98910086,2946.774252018063,0.05222511433889308,0.876797146331749,0.27061871451162056
242,2762819.1538883713,2946.980983508848,0.05200621315827751,0.8748349196785061,0.25792173398168156
243,2772301.952252149,2947.190564645925,0.051785279281091404,0.8728505421106815,0.2452039708095901
244,2781834.9938981435,2947.404880782152,0.05156198010238568,0.870839976932863,0.2324658222684026
245,2791442.153908547,2947.625120995932,0.05133587199769012,0.8687986438446278,0.2197081844799917
246,2801150.1736324932,2947.851646822799,0.051106384882187,0.8667213496840297,0.20693238637693756
247,2810989.409849163,2948.0828887200446,0.05087274055035337,0.8646022229282748,0.1941404944422171
248,2820994.825078573,2948.322081057628,0.05063436199523293,0.8624342231049561,0.18133369782772704
249,2831207.359674321,2948.5706138335136,0.050390393784378484,0.8602089782795412,0.168514318656099
250,2841675.7468261323,2948.8284666406307,0.050139706060673625,0.8579165225075136,0.15568564723896802
251,2852459.016463921,2949.0964698652033,0.04988099818979255,0.8555448279432848,0.1428516969475371
252,2863630.1192141133,2949.3789552975513,0.049612853439282636,0.8530787218344987,0.13001731396700786
253,2875281.2204076527,2949.676925347148,0.04933319171979644,0.8504991154006729,0.11719002589057449
254,2887531.6573115047,2949.990581827038,0.049039260346804815,0.8477813482118827,0.1043803865329272
255,2900540.448533736,2950.329286570137,0.048728010438902424,0.844892626471075,0.09160233535058633
256,2914483.376205233,2950.6951485852783,0.04839565280570541,0.8417975391101951,0.07891430585506262
257,2927932.923737981,2951.0505931687076,0.04807651861720605,0.8388153248208849,0.06764795414623795
258,2941018.550522538,2951.401286213279,0.04776797332036584,0.8359206315030058,0.05764452533037276
259,2953793.2368394407,2951.7416133737115,0.04746852709504621,0.8331042749707284,0.048809943079819396
260,2966302.198271544,2952.0783809843515,0.047177659458766785,0.8303584085296931,0.041052334675345296
261,2978590.7410589242,2952.410811575172,0.04689434998072402,0.8276750181034356,0.0342800214638382
262,2990694.9161362313,2952.7362258610897,0.04661764912039072,0.8250476672723016,0.02840715612133371
263,3002648.339772568,2953.058551109173,0.04634708428360728,0.822470356128844,0.023349825005420377
264,3014481.262002572,2953.377011173856,0.04608195258596183,0.8199376278934154,0.019027649232230846
265,3026219.5030657677,2953.691100331698,0.04582167229413623,0.8174448828047655,0.015364114341901857
266,3037888.947763888,2954.004842896153,0.045565938613093694,0.8149874391275741,0.012285488498624321
267,3049511.4805296776,2954.3154697521963,0.045314107089729695,0.812561305198812,0.009722675772123551
268,3061104.951536539,2954.6231844769986,0.045065826150452494,0.8101634132540281,0.007610929346331354
269,3072689.521650018,2954.931453748343,0.04482087195222564,0.8077900317835647,0.005889122567385769
270,3084280.7131158207,2955.2380227400645,0.04457878904040047,0.80543845835815,0.004501362183804281
271,3095891.6278614043,2955.541525959406,0.0443392238207309,0.8031063738952923,0.0033965345206376204
272,3107535.7273804857,2955.846385203437,0.044102169474899644,0.8007914315799759,0.0025282259196646624
273,3119225.380970872,2956.1498462864233,0.04386721204242157,0.7984914841401968,0.0018550869657435365
274,3130968.3078853167,2956.4493411842077,0.04363405610613193,0.7962053110993278,0.0013408803869744375
275,3142774.5305641326,2956.7507251375914,0.04340284147189389,0.7939311066605521,0.0009540121170214534
276,3154651.552805766,2957.053117267435,0.04317337426631328,0.7916676627758713,0.0006676193575407734
277,3166605.662702257,2957.351380233923,0.042945240546210406,0.7894139985133262,0.0004591849582303925
278,3178641.0987731726,2957.6517534358863,0.042718731962363,0.7871695089726758,0.0003101743762249265
279,3190763.9535882287,2957.954383464981,0.04249373828668548,0.7849331770013118,0.00020560085644729282
280,3202977.794562209,2958.251700255668,0.042269766117660694,0.7827045125842498,0.000133631178948133
281,3215282.910951661,2958.550884142973,0.042047230214890444,0.7804835805413496,8.510269869996579e-05
282,3227684.2402658258,2958.8525197924373,0.041826080410096535,0.7782696723980629,5.305772166753561e-05
283,3240184.7962065996,2959.149710278968,0.04160588320479624,0.7760624282228867,3.2356263090469366e-05
284,3252782.8725054567,2959.4474912465434,0.04138695502133893,0.7738621770837067,1.928692983600035e-05
285,3265482.1809964534,2959.7475849149628,0.04116932872115406,0.7716683784533857,1.122703112183807e-05
286,3278284.4522798522,2960.0450041230647,0.0409527160812222,0.7694809774547804,6.376615583366353e-06
287,3291189.01519582,2960.34193565363,0.04073725744468025,0.7673001798699284,3.530985622599887e-06
288,3304198.5267817443,2960.641015788511,0.040523051611405125,0.7651255934909151,1.9044990698960353e-06
289,3317314.082203403,2960.9382232269404,0.04030987407944249,0.7629572228807928,9.997159016424081e-07
290,3330533.4719102853,2961.232865213699,0.04009773572007106,0.7607955504348727,5.103824859969654e-07
291,3343861.1483640326,2961.530353664526,0.03988685996538456,0.7586399495273641,2.532106551082102e-07
292,3357298.0883241342,2961.826872516557,0.0396770264498647,0.7564903302739089,1.220367858869779e-07
293,3370841.2760019014,2962.118933704396,0.03946811442893009,0.7543473446446337,5.717708025427289e-08
294,3384494.3248199467,2962.4141760400057,0.039260498880505174,0.7522107110669869,2.6106577299853337e-08
295,3398262.446419408,2962.710603377927,0.03905397174314533,0.750079508535428,1.1705536212704479e-08
296,3412139.1820269935,2963.0005245774514,0.03884824260029743,0.7479548673483315,5.262168534673861e-09
297,3426125.915454188,2963.292948510306,0.03864377788632191,0.7458367424164001,2.4848301328504474e-09
298,3440229.3057871247,2963.5883083872864,0.03844050838692249,0.7437243086649081,1.3378421761183218e-09
299,3454447.5048233564,2963.8761340878514,0.0382379267071303,0.741617944549692,8.907467550009816e-10
300,3468777.8645191654,2964.165326012964,0.03803654089496848,0.7395181251331446,7.332802630516945e-10
301,3483226.027361579,2964.4567903302313,0.037836317171893584,0.7374241233754402,6.915022349287024e-10
302,3497790.9705253444,2964.742993742309,0.03763689371847549,0.7353361964620319,6.946139129345421e-10
303,3512472.079256509,2965.0296186277037,0.03743859099509005,0.7332546683465492,7.149207114399734e-10
304,3527273.0396250263,2965.3178714488367,0.037241411938639495,0.7311790172603311,7.420640250371354e-10
305,3542194.58671513,2965.602468417372,0.03704509018617317,0.729109270184872,7.72353861280072e-10
306,3557234.6912551164,2965.8856788284506,0.0368497797089734,0.7270458417730291,8.045425822585137e-10
307,3572397.890087509,2966.1709667252935,0.03665560190389907,0.7249882687543782,8.382616135016987e-10
308,3587684.859470724,2966.4532310784257,0.03646229851369194,0.722936530772611,8.734370564699205e-10
309,3603092.694097601,2966.7324615210705,0.036269922289030795,0.7208911702804119,9.10076178302895e-10
310,3618626.250778544,2967.0132841044333,0.03607863486412505,0.71885157323197,9.482300024061037e-10
311,3634286.7101151315,2967.2940099066223,0.03588835166245902,0.7168177601626956,9.87959063495957e-10
312,3650072.9782066457,2967.56892310992,0.03569881969922867,0.7147899879321088,1.029328360255494e-09
313,3665986.189506214,2967.845699885076,0.035510409981553005,0.7127682864336609,1.0723935324280128e-09
314,3682029.657361476,2968.123577629668,0.03532304396731879,0.7107522843912961,1.1172304941236608e-09
315,3698202.9878207385,2968.3945800778847,0.035136351425652454,0.7087421016256686,1.1639189173452685e-09
316,3714505.0493449643,2968.6674880831406,0.034950777278915914,0.7067380398933751,1.212513110569964e-09
317,3730941.167731927,2968.9425183287867,0.034766277525362474,0.7047396048251565,1.263102282513847e-09
318,3747510.98063306,2969.2115608244762,0.0345824808778312,0.7027469152626268,1.3157763570707896e-09
319,3764212.916940173,2969.482186015016,0.03439976477898028,0.700760233683991,1.3705974399321904e-09
320,3781051.747810215,2969.7546953233923,0.034218097633066206,0.6987791468012154,1.427663272589256e-09
321,3798028.4252434503,2970.0233945688074,0.034037215175460836,0.6968036717912062,1.4870748902663058e-09
322,3815140.025544081,2970.291500771674,0.03385730413187856,0.6948342267349142,1.5489058165320095e-09
323,3832391.1868209466,2970.5615236821186,0.03367843491900451,0.69287040004055,1.6132606945885372e-09
324,3849782.9223675076,2970.8313054555247,0.0335005016494446,0.6909121542339395,1.68024533477777e-09
325,3867316.2587334453,2971.100825862112,0.0333235032162888,0.6889595214047919,1.7499647462262644e-09
326,3884991.241824346,2971.372213727827,0.03314753984693493,0.6870125900590721,1.8225191722005104e-09
327,3902811.268184578,2971.6437964734955,0.03297250896703509,0.6850711166372802,1.89803573014529e-09
328,3920775.0235318397,2971.9146804259785,0.032798394119728284,0.6831353770925367,1.9766244475431316e-09
329,3938885.0867361976,2972.186746031449,0.032625244334926744,0.6812050532215291,2.058410528706292e-09
330,3957142.6988434307,2972.4595676313374,0.03245304666992448,0.6792802476421871,2.1435227707274447e-09
331,3975547.348269527,2972.7300562857063,0.03228167726269414,0.6773611096332917,2.2320949916202595e-09
332,3994101.0091252727,2973.002808901848,0.03211132627621533,0.6754475698422243,2.3242553806774705e-09
333,4012807.4408201375,2973.2771088935847,0.03194192413964631,0.6735392722220598,2.4201631057173986e-09
334,4031664.748931168,2973.5487568885583,0.03177331888520836,0.6716365524178313,2.5199653714929504e-09
335,4050674.846437594,2973.8217550607374,0.03160566712657207,0.6697392836902037,2.623808202838734e-09
336,4069836.1254807506,2974.0964232125953,0.031439008442476137,0.6678477877034025,2.731834779322684e-09
337,4089154.426164201,2974.3679889778573,0.031273086313780715,0.6659615197728876,2.844256457394474e-09
338,4108628.783534265,2974.6409721626483,0.03110811619352616,0.6640807724483612,2.961217908637023e-09
339,4128261.3207502943,2974.915985718441,0.030944103659148386,0.6622053783921996,3.0829033195104775e-09
340,4148054.2878448344,2975.1889312038093,0.03078086451708691,0.6603352301059465,3.2095246075870603e-09
341,4168001.630992792,2975.461019445798,0.03061850743835013,0.658470978895711,3.3412248378886788e-09
342,4188113.351793895,2975.735074935389,0.030457071195772508,0.6566118285292475,3.4782518829705273e-09
343,4208387.64649863,2976.0085871117863,0.03029647425886136,0.6547580492907069,3.620808594841275e-09
344,4228823.482107418,2976.2808924964174,0.030136702150905848,0.652909806116716,3.769101383765604e-09
345,4249426.124277284,2976.554944257587,0.02997783568034991,0.6510667118424907,3.923373534228398e-09
346,4270196.431355149,2976.828732725165,0.029819797134226167,0.6492288423764595,4.083870211682803e-09
347,4291130.136376222,2977.099538112452,0.029662514370452295,0.6473966249596075,4.250809758722811e-09
348,4312232.518001833,2977.372298230983,0.029506147073809805,0.6455696809219684,4.4244523925100374e-09
349,4333504.631576618,2977.6461873895664,0.029350661875598497,0.6437480489935279,4.605066287963353e-09
350,4354950.351920323,2977.916218198737,0.029195842673346746,0.6419315457266186,4.792981753915804e-09
351,4376565.866337741,2978.18815913195,0.029041940554414652,0.6401204645417711,4.988407947535668e-09
352,4398353.840618519,2978.461308790019,0.028888917151039088,0.6383147305842419,5.191658162469865e-09
353,4420316.4757392155,2978.7302030586175,0.02873655013330834,0.6365142596552067,5.403089304657445e-09
354,4442453.110516724,2979.000504027276,0.028585069580129827,0.6347191979236705,5.622965592372946e-09
355,4464769.667232975,2979.2725646343956,0.028434454089944116,0.6329292020310769,5.851665356765367e-09
356,4487264.14946147,2979.5409206348745,0.02828450695662123,0.631144436854021,6.089548709101229e-09
357,4509935.27817995,2979.8096767064644,0.02813540251724027,0.6293651267886227,6.336917185912587e-09
358,4532789.863503474,2980.0799792119165,0.027987141960665384,0.627590840573692,6.594197861507638e-09
359,4555825.659265432,2980.346924593775,0.02783956027184655,0.6258218256269138,6.861786515894483e-09
360,4579039.681389787,2980.612090233098,0.02769274607194849,0.6240584313491948,7.140023133295724e-09
361,4602440.048193206,2980.8791994247754,0.02754678284966754,0.6223000710110759,7.429375212393647e-09
362,4626027.217713781,2981.145661727161,0.027401577206823752,0.6205468111228953,7.730297332097914e-09
363,4649800.708297746,2981.4093806276246,0.027257066712590997,0.6187988419452006,8.043243668534843e-09
364,4673764.52986236,2981.674893967776,0.02711339056243525,0.6170558852769222,8.368678436490332e-09
365,4697920.506447903,2981.9407902853886,0.026970496718954812,0.6153179744741595,8.70711632731814e-09
366,4722263.706976112,2982.200556031815,0.0268281748829555,0.613585420212522,9.0590589898202e-09
367,4746797.0313897515,2982.4617985679743,0.026686694001676267,0.6118581786022685,9.424966084686404e-09
368,4771526.423738792,2982.7250026223937,0.026546041700396636,0.6101359537721155,9.805448492116795e-09
369,4796451.930535957,2982.981379166936,0.026405904021301545,0.6084187596325321,1.0201177061923167e-08
370,4821571.396926354,2983.2398679750995,0.026266619475967038,0.6067068572338418,1.0612571155440685e-08
371,4846890.893094428,2983.500218870255,0.026128150320201965,0.6049999597796036,1.1040323361689996e-08
372,4872411.409879244,2983.754625075475,0.025990219596481814,0.6032980546591346,1.1485185110831648e-08
373,4898127.906921373,2984.0090340329803,0.025853070143236723,0.6016015629521466,1.1947618943765823e-08
374,4924048.898793665,2984.265461935115,0.025716722670635146,0.5999099515065409,1.2428412876648094e-08
375,4950174.06686596,2984.517958953704,0.0255809862755111,0.5982234183398302,1.2928346170011627e-08
376,4976501.75626571,2984.7685338036963,0.025445944692123475,0.5965421499515818,1.3448067701094036e-08
377,5003039.260056449,2985.020775733962,0.025311679311784782,0.5948656946738491,1.398840338519929e-08
378,5029786.743223832,2985.270168427451,0.025178041347754376,0.5931941369356416,1.455021324800987e-08
379,5056738.495877947,2985.5153296418252,0.025045024453266992,0.5915279634134509,1.513419808662203e-08
380,5083904.929040848,2985.759799972878,0.024912703963123152,0.5898666758558304,1.574134060795152e-08
381,5111284.920969088,2986.0029313442883,0.024781066362591492,0.5882103971178412,1.6372492609600266e-08
382,5138878.521465101,2986.2396028938524,0.02464993881001474,0.5865591072241901,1.702866409772436e-08
383,5166685.545137965,2986.477507297886,0.024519585684059018,0.5849129384769997,1.7710599922588233e-08
384,5194713.260997702,2986.7164244876108,0.024389972029867882,0.583271601065789,1.8419434681703015e-08
385,5222964.3653297415,2986.9460296455827,0.02426075363339636,0.5816350284540017,1.9156491261382417e-08
386,5251433.21103813,2987.176542246651,0.0241322992007044,0.5800036560067899,1.992240217077418e-08
387,5280129.15207077,2987.4080760869792,0.024004572097993452,0.5783770392864775,2.071847970907119e-08
388,5309051.7605189765,2987.631439831482,0.023877283745193382,0.5767552800023912,2.154608378441302e-08
389,5338196.009138511,2987.853354883342,0.023750671490938725,0.5751386459418145,2.2406040208719653e-08
390,5367568.196668917,2988.0769932534386,0.02362481134664895,0.5735268680161331,2.329962139650736e-08
391,5397175.60514679,2988.295189492582,0.023499459778903276,0.5719197691286886,2.4228499832365325e-08
392,5427013.932938289,2988.5107487660907,0.023374736807019143,0.5703177406783018,2.5193736116378412e-08
393,5457093.458969466,2988.727280128748,0.023250708143466286,0.5687202312647935,2.6196886744430384e-08
394,5487412.960133767,2988.9393007355407,0.023127209207235877,0.5671273402449334,2.7239498555226034e-08
395,5517962.854817714,2989.1443749763735,0.023004210956612644,0.5655396359315289,2.8322761919700124e-08
396,5548752.037340424,2989.349349516422,0.022881892818328677,0.5639567394007532,2.9448213715667628e-08
397,5579783.845401053,2989.553017102343,0.022760212727653866,0.5623786177699235,3.0617550510221624e-08
398,5611064.8755369,2989.7493054723695,0.02263897321110945,0.5608051281952765,3.183286155185254e-08
399,5642594.884157033,2989.946515523608,0.02251843151026244,0.5592363467930139,3.309546704030645e-08
400,5674378.498560268,2990.1444776721232,0.022398562633605488,0.557672064053703,3.440728491064695e-08
401,5706416.10382241,2990.3302222130287,0.02227898007131849,0.5561123157549887,3.57707209966692e-08
402,5738699.46738048,2990.5160194337677,0.02216008912632526,0.5545575801108956,3.718669899845957e-08
403,5771238.856656165,2990.7019735684103,0.02204186201737363,0.5530075058596068,3.865755665829845e-08
404,5804037.804528813,2990.8791832611164,0.02192403078007306,0.5514620391202435,4.0185896990018534e-08
405,5837094.527184477,2991.054404206014,0.021806809326911893,0.5499213729184683,4.1773347062747944e-08
406,5870417.191711152,2991.230791465971,0.021690261002381916,0.5483851734225033,4.342226406813401e-08
407,5904008.965716199,2991.3997118546845,0.021574124791314046,0.5468533276105938,4.513553929628988e-08
408,5937859.0414996995,2991.562863096149,0.021458502045426847,0.5453264906719719,4.691481191145149e-08
409,5971982.354768651,2991.7262497645333,0.021343515939991987,0.5438040506940988,4.876287822531307e-08
410,6006381.70284024,2991.88529459237,0.021229032386613892,0.5422859872392654,5.068266584001348e-08
411,6041051.407758771,2992.03676331226,0.02111499100478934,0.5407727019124248,5.267663589021843e-08
412,6075999.261743305,2992.1883325062754,0.021001580478148475,0.5392638401083939,5.474738443623174e-08
413,6111226.980349891,2992.3378052911075,0.0208887377397536,0.5377594123283929,5.689792278326152e-08
414,6146735.05526016,2992.4755495314353,0.02077620149389684,0.5362595185001274,5.9131863602460206e-08
415,6182522.538634248,2992.613704610491,0.020664320862367042,0.5347643019070433,6.145117608557417e-08
416,6218600.503171903,2992.75215314808,0.020553059095450698,0.5332733645583289,6.385963067415495e-08
417,6254971.901212124,2992.8778758273997,0.02044206484467923,0.5317867961949289,6.636171574104874e-08
418,6291633.256135753,2993.0027717905623,0.020331673885873803,0.530304717278651,6.895952495289744e-08
419,6328586.239076355,2993.1276811984985,0.020221903189399634,0.5288270814988701,7.16565078743325e-08
420,6365841.024421474,2993.242946450286,0.020112472508085486,0.5273536509850946,7.445785849075583e-08
421,6403384.772062604,2993.353557614781,0.020003562069021357,0.5258850169873758,7.736582144421454e-08
422,6441234.050188529,2993.4643921598135,0.019895259866562105,0.5244206397168722,8.038496061876507e-08
423,6479392.172666771,2993.575327724021,0.01978755607645817,0.5229604654968447,8.351951408087674e-08
424,6517860.49676552,2993.6862097714798,0.019680442362371937,0.5215044699739445,8.677372427446014e-08
425,6556641.260593414,2993.7967408475515,0.01957391085076621,0.5200526830732606,9.015204807017156e-08
426,6595739.930435778,2993.9079627164515,0.019467980384011506,0.5186050245818921,9.365923106198429e-08
427,6635160.654764665,2994.0218332103673,0.019362691045137395,0.5171613884576993,9.729999072956129e-08
428,6674905.074442869,2994.1360220413776,0.019257975739789622,0.5157217243068386,1.010795359507727e-07
429,6714972.324309609,2994.2508024680596,0.019153858166085204,0.51428628797296,1.0500261059079232e-07
430,6755371.099555898,2994.3694917942526,0.01905040178076389,0.5128548323985789,1.0907467596990109e-07
431,6796102.190123206,2994.4894956786356,0.018947537734021545,0.5114273662937863,1.133014737579834e-07
432,6837165.431025968,2994.6135965768,0.018845336397793823,0.5100039312529409,1.176880404602715e-07
433,6878560.776806272,2994.7403267642867,0.0187437632540564,0.5085846103649931,1.2224018813550548e-07
434,6920303.935869275,2994.8672640657805,0.018642726072046673,0.5071690146307997,1.2696588666808806e-07
435,6962390.554903527,2994.994235553761,0.018542238577116323,0.5057574182389103,1.3187078993328812e-07
436,7004817.029648704,2995.12231388105,0.01844233155363471,0.5043499106778558,1.369606288211192e-07
437,7047590.828363282,2995.2514772828827,0.01834298946165335,0.5029463226187212,1.4224280373146794e-07
438,7090711.441235789,2995.380419165649,0.018244184505796766,0.5015467444627183,1.4772424523952143e-07
439,7134183.282579562,2995.5102472051776,0.018145941281551264,0.5001511737057373,1.53412249547393e-07
440,7178012.296459042,2995.642090656406,0.018048284789508547,0.4987596142190447,1.5931454489684553e-07
441,7222199.374374779,2995.774770427068,0.01795117660867144,0.49737196584109783,1.6543909321184577e-07
442,7266754.529508974,2995.9063589087796,0.01785454846786774,0.49598795188191547,1.7179556396447498e-07
443,7311664.607291759,2996.0386952107724,0.017758480672391382,0.49460810414889284,1.783897031175972e-07
444,7356941.43576165,2996.17081588196,0.01766293157359967,0.49323219317912115,1.852317541938439e-07
445,7402585.848073217,2996.30213896323,0.01756788539667527,0.4918602170401998,1.9233064181268197e-07
446,7448600.166987943,2996.435148784579,0.017473402933655697,0.49049224035746913,1.9969502900935385e-07
447,7494997.014595732,2996.569210328045,0.017379442457533645,0.4891279217786352,2.0733639739650275e-07
448,7541778.198501913,2996.7035559618785,0.01728598684322585,0.4877673019777324,2.1526496179648547e-07
449,7588935.002706536,2996.8379121236744,0.01719305114642061,0.4864107113297224,2.2348927222478166e-07
450,7636479.159013674,2996.9734104898425,0.017100643402419943,0.48505792720655877,2.320212954453785e-07
451,7684415.554795338,2997.1083769682696,0.01700871746641634,0.48370886778759675,2.408731708425123e-07
452,7732739.166610687,2997.2428202841425,0.01691727835301935,0.48236362622331697,2.500551757246565e-07
453,7781452.181961347,2997.377129754237,0.016826341896870635,0.4810223291658529,2.595788949252334e-07
454,7830559.61647439,2997.5113447021777,0.016735904344846873,0.479684938570558,2.694570820078463e-07
455,7880067.7471520305,2997.645728929748,0.016645962240079307,0.47835134881650715,2.7970317234655216e-07
456,7929983.115486696,2997.781593858057,0.016556541172820828,0.47702153998621877,2.903306928114298e-07
457,7980313.034448924,2997.9168533512234,0.016467576822372407,0.4756952805410313,3.013554043793974e-07
458,8031045.13299042,2998.052202644324,0.01637910800687218,0.47437293537304775,3.1278800303928316e-07
459,8082194.842196712,2998.188263357468,0.01629112703994801,0.4730542259747861,3.246457516041761e-07
460,8133762.7700300235,2998.3239108601965,0.01620361269985248,0.4717392275782791,3.3694391286814895e-07
461,8185749.961333723,2998.4596815520795,0.01611657924464621,0.47042800502296483,3.4969765698117844e-07
462,8238163.582106285,2998.594945957095,0.01603000430285258,0.4691204562474347,3.629247266110521e-07
463,8290996.903537325,2998.729043108832,0.0159438827983066,0.4678167373314753,3.766400862422648e-07
464,8344251.471739448,2998.86404893528,0.01585826471899214,0.4665169598748276,3.9085964138063116e-07
465,8397958.309012135,2998.9994562988954,0.015773090466277718,0.46522043595270923,4.056094085365145e-07
466,8452103.299853856,2999.134357952548,0.0156883714323689,0.4639276403591349,4.209041687000948e-07
467,8506679.415171595,2999.2692570577938,0.01560412597445091,0.46263871480838276,4.3676034925887566e-07
468,8561704.594218101,2999.4036919094415,0.01552032378281686,0.46135337931398646,4.5320260262083483e-07
469,8617176.605425626,2999.5373734680566,0.015436960932967989,0.4600716880266712,4.702505701156566e-07
470,8673099.004317893,2999.6711671732205,0.015354052933973766,0.45879363089409286,4.879255407556296e-07
471,8729478.252761053,2999.8049648678957,0.015271590927734993,0.45751913545585393,5.062509679736701e-07
472,8786311.224964056,2999.9375181646687,0.015189564804261679,0.4562484557318192,5.252486485186163e-07
473,8843619.39103417,3000.0712377290547,0.015107991295453914,0.45498113441633514,5.449471880040384e-07
474,8901393.782456888,3000.2050526866005,0.015026863651200626,0.45371742381925295,5.653682354689337e-07
475,8959642.278720925,3000.3372669790065,0.014946142208314113,0.45245726210754617,5.865404123738669e-07
476,9018360.885962924,3000.46988856163,0.014865874788185308,0.4512007892706637,6.084862236286292e-07
477,9077549.930442141,3000.6021307156675,0.014786041259702882,0.44994796411328086,6.312328687310431e-07
478,9137223.606806777,3000.734025146922,0.014706631583082521,0.4486986489811983,6.548127048725714e-07
479,9197374.694453819,3000.8645350444845,0.014627632047467816,0.44745296744236174,6.79252200380272e-07
480,9258012.710328624,3000.99444186543,0.014549058693062963,0.4462109531111268,7.045831663080881e-07
481,9319158.398191754,3001.1240465239052,0.01447089239355257,0.44497224682738296,7.30844425696335e-07
482,9380790.272272576,3001.2520181892323,0.014393132295613802,0.4437372517648901,7.580596940963871e-07
483,9442930.66501667,3001.382142691271,0.014315828122714766,0.4425056396536374,7.862671567054021e-07
484,9505589.965504333,3001.513449327866,0.01423895245877542,0.4412773063322558,8.155062122722315e-07
485,9568761.230975848,3001.642219571936,0.014162440452807477,0.44005236428212385,8.458129349631822e-07
486,9632432.44774564,3001.770886062228,0.014086360568919964,0.43883118145392386,8.7721436111986e-07
487,9696623.580673913,3001.8999417210994,0.014010703847082025,0.43761350155555556,9.097564204872402e-07
488,9761339.641681867,3002.0263627899594,0.013935404627035854,0.4363992032888156,9.434841901696633e-07
489,9826580.21068513,3002.153222179968,0.013860528413872572,0.4351884365220277,9.784331971036987e-07
490,9892359.75525174,3002.2801354973167,0.01378604836814171,0.4339809181336276,1.0146533208617856e-06
491,9958659.728766594,3002.4046139163243,0.01371194158007503,0.4327770282333605,1.0521803123809889e-06
492,10025490.398971835,3002.5297265121358,0.013638262112259368,0.43157675538239876,1.09105872126501e-06
493,10092877.218336742,3002.649695839148,0.01356487814217732,0.43037969441626633,1.1313575847100666e-06
494,10160804.659803972,3002.765944764869,0.013491835017634372,0.4291861594905568,1.1731133722834548e-06
495,10229275.091216804,3002.8790905452797,0.013419146127047117,0.4279961970827423,1.2163751314856233e-06
496,10298314.324541405,3002.99202976249,0.013346842013143512,0.42680948447418815,1.2612050313991573e-06
497,10367903.048220629,3003.1032372865425,0.013274911177345148,0.4256262929464384,1.3076460696119882e-06
498,10438051.906100493,3003.2105716780657,0.013203313726851565,0.424446604993664,1.355762222990987e-06
499,10508773.601457689,3003.3178895916317,0.013132104824584719,0.4232702309939487,1.4056116981226798e-06
500,10580072.348287689,3003.4255723181363,0.013061290353532056,0.42209718368172183,1.457254482502919e-06
501,10651946.148891417,3003.5277135499637,0.012990771350794284,0.4209275419341063,1.510760538891979e-06
502,10724385.967611583,3003.627490349707,0.01292061614468389,0.4197615279357386,1.5661786616079335e-06
503,10797413.079368617,3003.727226670853,0.012850845602926679,0.41859885057358,1.6235837820729935e-06
504,10871045.663110264,3003.8249631288386,0.012781415584250552,0.4174393587235858,1.6830605703551064e-06
505,10945282.913070455,3003.9209613508538,0.012712335806554407,0.41628315399724136,1.7446769400962083e-06
506,11020118.099201366,3004.0159818118523,0.012643621278998816,0.4151302896922715,1.8084975627498115e-06
507,11095557.47009237,3004.1077874030516,0.01257523454956409,0.41398078692095786,1.8746061010659218e-06
508,11171594.833478704,3004.19591111829,0.012507176040301986,0.4128347921263076,1.9430738677485716e-06
509,11248261.926688146,3004.284302494619,0.012439485485640325,0.4116918906856555,2.0139980191577288e-06
510,11325535.887744261,3004.3709457831947,0.012372149894092433,0.41055244281040193,2.087444090497504e-06
511,11403446.705883894,3004.4520302235856,0.012305093142550216,0.4094162394033325,2.163533293800181e-06
512,11481988.818759635,3004.5330621768953,0.012238408871534795,0.40828334599772054,2.2423332025887676e-06
513,11561157.453698607,3004.6144656305487,0.01217210471567702,0.4071538006977905,2.323927658306723e-06
514,11640993.984552337,3004.6886926874654,0.012106030509946243,0.40602715272951395,2.408475158022113e-06
515,11721452.42489534,3004.760853538925,0.012040307391293168,0.4049040521501212,2.4960089304183465e-06
516,11802547.69775528,3004.8321638739885,0.011974945334606628,0.4037843589163019,2.586638287574355e-06
517,11884290.847375225,3004.898396938151,0.011909881538208525,0.4026681669967583,2.680489297076409e-06
518,11966703.658500664,3004.962191855277,0.011845135561541851,0.40155510760301366,2.777685857625263e-06
519,12049793.438560499,3005.0270543456922,0.011780761152401141,0.4004451736763864,2.878333465534478e-06
520,12133581.903980754,3005.0879813927577,0.01171666363859846,0.39933811070481495,2.9825925488983586e-06
521,12218009.97097687,3005.1436051688734,0.011652868966267082,0.39823472979330293,3.09051255938139e-06
522,12303145.579583038,3005.1995032385475,0.011589420282843207,0.3971343020401394,3.202276773026786e-06
523,12388957.322364274,3005.252594767357,0.011526290068862249,0.39603719114485575,3.317984124054199e-06
524,12475461.701642983,3005.2982122617104,0.011463397486614693,0.39494324541485176,3.4378064795154346e-06
525,12562670.983415863,3005.3444759201466,0.011400867153424185,0.39385248178662463,3.5618569314330124e-06
526,12650596.419716885,3005.3901674731424,0.011338671268989752,0.39276476536192495,3.690296422609585e-06
527,12739229.965086605,3005.4294112157427,0.011276731976503572,0.39168029732797843,3.823284226823132e-06
528,12828565.167162025,3005.4673354003335,0.011215131848596656,0.39059918088218537,3.960932617688432e-06
529,12918628.665619345,3005.505745554288,0.011153883741542267,0.3895211937760722,4.1034233655481696e-06
530,13009448.723890051,3005.544141658306,0.011092964762645235,0.3884460916397688,4.25096199431895e-06
531,13101011.46221347,3005.5815964998933,0.011032368283766017,0.3873740201787069,4.403697527859983e-06
532,13193319.215866243,3005.617161809735,0.010972078431972178,0.3863049640419148,4.5618094712251365e-06
533,13286355.568495007,3005.651764056243,0.010912123251047456,0.3852391969713454,4.72543758365075e-06
534,13380153.591661809,3005.6851453332497,0.010852479777621176,0.38417640086923516,4.894821418618496e-06
535,13474725.063311312,3005.7178536261035,0.010793158377556088,0.38311663878213853,5.070163125485604e-06
536,13570067.38843509,3005.750134380798,0.010734161535929303,0.3820599141649184,5.2516504528739875e-06
537,13666185.601824535,3005.780502888597,0.010675466471752942,0.38100621959421926,5.43950334035705e-06
538,13763093.229974767,3005.8106924918893,0.010617095007797454,0.3799555237996167,5.633940829640839e-06
539,13860773.209291881,3005.8400255640636,0.010559043585274278,0.3789079572529111,5.8351499277544715e-06
540,13959245.910116935,3005.8671828219017,0.010501284636602798,0.377863377411087,6.0434022516988295e-06
541,14058528.766549427,3005.894067581912,0.010443844396522297,0.3768217954908079,6.258944500218453e-06
542,14158631.807911377,3005.9209836962323,0.010386721910719033,0.3757831414223024,6.482034494457797e-06
543,14259554.587745722,3005.946069230959,0.010329888946833283,0.37474739120054407,6.712936075221703e-06
544,14361290.170178568,3005.9694431665166,0.010273351226686276,0.37371463531317,6.951886051331115e-06
545,14463813.074717954,3005.990414995234,0.010217109122511314,0.37268506905926274,7.1990919080558806e-06
546,14567178.183021205,3006.02104910272,0.010161310704647205,0.371658433243359,7.454826060080222e-06
547,14671439.127914863,3006.0555272097295,0.01010585160659944,0.37063431196819463,7.719552582701613e-06
548,14776547.830791162,3006.0882005882318,0.010050680180130316,0.36961318047956876,7.99349849152945e-06
549,14882525.627636677,3006.1193969269193,0.009995789479752217,0.36859484710840784,8.277011156651768e-06
550,14989355.409094416,3006.1468814910004,0.009941157077578209,0.36757946028425287,8.570372405776355e-06
551,15097040.782929122,3006.1727910957366,0.009886814013828196,0.36656708314147757,8.873879260535927e-06
552,15205600.396950005,3006.1971384456615,0.009832751346464299,0.3655575644119622,9.187906724266904e-06
553,15315000.9117618,3006.21744374969,0.009778960112890058,0.3645513553677423,9.512711524570001e-06
554,15425334.379122471,3006.237482833083,0.009725453615955282,0.3635478021600863,9.848854189846071e-06
555,15536575.602232425,3006.2560845485614,0.009672220025943732,0.36254698610824315,1.0196642235611533e-05
556,15648716.893770572,3006.271108788045,0.009619237680017245,0.3615490314371334,1.0556445867781207e-05
557,15761748.605735863,3006.2822329980327,0.00956651046683177,0.36055409794797877,1.0928612242779235e-05
558,15875694.680909818,3006.291823671289,0.009514062870766223,0.3595620915275576,1.1313568467449396e-05
559,15990566.122051446,3006.2999858050093,0.009461893636906785,0.3585729813396219,1.1711750695401776e-05
560,16106382.588058436,3006.3053553208397,0.009409978954501443,0.3575866576675791,1.2123663414909519e-05
561,16223137.843215045,3006.3101624629394,0.009358353729803724,0.3566032684481478,1.254967555466085e-05
562,16340885.328809373,3006.3125401798607,0.009306967746552567,0.3556223180274497,1.2990450021670957e-05
563,16459500.783022368,3006.3082384291606,0.009255821918601694,0.3546448372798158,1.344606131687936e-05
564,16579088.02472799,3006.3040402714632,0.009204965187192358,0.35367017313557914,1.3917236228571303e-05
565,16699685.621087834,3006.298826021883,0.00915437047222965,0.35269809049725614,1.4404635202946065e-05
566,16821253.878434673,3006.29044510396,0.009104030682679069,0.3517289731616071,1.4908643423116771e-05
567,16943850.557038005,3006.281639059305,0.00905395609127836,0.3507623928199346,1.5429969673061204e-05
568,17067471.388366446,3006.272754098775,0.009004153213797807,0.34979841503435066,1.5969133045974553e-05
569,17192118.408527445,3006.2610948216143,0.00895459249560631,0.34883711112699367,1.652675440932877e-05
570,17317777.645700894,3006.2450261220633,0.008905255188963507,0.34787850504136747,1.710339486220754e-05
571,17444384.786741547,3006.22695015487,0.008856199630895045,0.3469231906884302,1.7699276196169384e-05
572,17572061.040988375,3006.207545817618,0.008807396817477765,0.3459704621302467,1.8315534056828756e-05
573,17700777.118099585,3006.1853546544753,0.00875883881739059,0.3450205146668778,1.8952699677562782e-05
574,17830574.801267263,3006.161801567268,0.008710528192302284,0.34407308557823607,1.961159606543523e-05
575,17961418.29746682,3006.1355965020134,0.008662461325028882,0.34312841387791393,2.029275678613709e-05
576,18093294.908021383,3006.105158422305,0.008614631796255764,0.3421867453268038,2.0996830122505105e-05
577,18226284.659575377,3006.074866422384,0.008567064756122775,0.3412475960789788,2.1724819466794342e-05
578,18360348.57481185,3006.0424354482752,0.008519741157592476,0.34031112514067635,2.2477334552513356e-05
579,18495476.752255466,3006.0107310036224,0.008472714822650468,0.33937777819804615,2.3254937579365306e-05
580,18631860.856313284,3005.97922952145,0.008425913414517115,0.3384462496733511,2.4059545375151498e-05
581,18769350.836949788,3005.9457298041584,0.008379354370432406,0.33751740144001974,2.4891208212648528e-05
582,18907937.820914593,3005.9080713778667,0.008333017110574418,0.3365913171201401,2.5750785942397703e-05
583,19047629.06913248,3005.8673245104615,0.008286916927718479,0.3356680755407247,2.6639105809659835e-05
584,19188460.626535278,3005.8261057237332,0.008241074178294222,0.3347475202426191,2.7557193578478334e-05
585,19330447.202410452,3005.784123585953,0.008195481885814712,0.3338295952099925,2.8506059347406463e-05
586,19473594.695845205,3005.7382046488665,0.008150104833431916,0.3329143039587362,2.9486804526948837e-05
587,19617928.62234977,3005.6930752177186,0.00810499508807181,0.33200167695041993,3.0500375417312616e-05
588,19763478.53600316,3005.647670954552,0.008060129138109537,0.33109149165989715,3.154804342801671e-05
589,19910243.198640276,3005.597793170754,0.008015459529590742,0.33018371328993495,3.263103512826306e-05
590,20058169.48410563,3005.547870933146,0.007971055899855759,0.3292788141782298,3.3749824217527675e-05
591,20207358.351683006,3005.4976404750687,0.00792688451561583,0.3283761779767262,3.4906295739803585e-05
592,20357736.464116056,3005.4440960692923,0.007882938518194427,0.3274763357883035,3.6101141337995214e-05
593,20509342.178973343,3005.390131619956,0.007839241447169408,0.3265791611731483,3.7335699082681217e-05
594,20662228.192040764,3005.3370048743873,0.007795793794031539,0.3256844134388658,3.861150394173885e-05
595,20816375.767257486,3005.2828092927107,0.007752579229993517,0.32479218677808286,3.9929794602521216e-05
596,20971810.373357538,3005.2292129597668,0.007709613880615689,0.32390247842456465,4.1291948600674426e-05
597,21128582.232302167,3005.1734912460906,0.007666851843727335,0.32301493118688845,4.269993569923073e-05
598,21286562.420581266,3005.115354879093,0.007624324634685854,0.32213028411168987,4.415399416958248e-05
599,21445840.845633853,3005.0563936965586,0.007582033616991604,0.32124824272784996,4.56561942778637e-05
600,21606465.182119526,3004.9975789387154,0.007539974207804929,0.32036852235875535,4.7208399058525664e-05
601,21768422.589291427,3004.94068570751,0.007498169551706484,0.3194912594524978,4.8811883773815805e-05
602,21931747.495891564,3004.8833149113457,0.007456590805138949,0.31861637479190097,5.046866994273993e-05
603,22096419.299525063,3004.8245590499937,0.007415233525739966,0.31774398419031885,5.218023218560003e-05
604,22262451.66534383,3004.7670359580125,0.007374118908914608,0.3168740077719891,5.3948175274788165e-05
605,22429864.47316406,3004.7079128679184,0.007333214376286597,0.3160063648496773,5.577463639500852e-05
606,22598604.632060807,3004.645588263906,0.007292520037053781,0.31514140850957884,5.766085834772968e-05
607,22768663.16672006,3004.571785098178,0.007251960119012012,0.31427924067639057,5.960917706245617e-05
608,22940061.43883164,3004.4916835174413,0.007211592013773746,0.3134200120655591,6.162115698743016e-05
609,23112987.394881856,3004.4067939552942,0.00717138042844492,0.3125626432280021,6.370091368231822e-05
610,23287324.156805534,3004.322589179815,0.007131409803336533,0.31170784403182616,6.584859044904775e-05
611,23463174.93526455,3004.2350484669582,0.007091616323156757,0.31085507317315864,6.806786796042638e-05
612,23640360.68338705,3004.1402436820867,0.0070520022538315755,0.3100051978713501,7.035902720672726e-05
613,23818957.475319356,3004.046499087227,0.007012639809132012,0.3091580972769069,7.272421696412552e-05
614,23999112.730881598,3003.952308327634,0.006973480725603476,0.3083130421719017,7.516785242744545e-05
615,24180752.968391865,3003.8533331428107,0.006934498650592412,0.30747035345263946,7.769170415788672e-05
616,24363866.049041834,3003.7523434625423,0.00689572753237898,0.30663022531737205,8.029766318711122e-05
617,24548530.0868715,3003.6513416420153,0.006857174550779813,0.3057924263458842,8.298904104070106e-05
618,24734718.00826424,3003.545359982756,0.006818792018918906,0.3049569200206165,8.576862393507323e-05
619,24922392.561348904,3003.434771093874,0.006780596205280786,0.3041239995864411,8.863837411884424e-05
620,25111612.979373436,3003.323159912846,0.006742610054085713,0.30329346482025754,9.160142422610607e-05
621,25302398.221329138,3003.2101656215536,0.006704829824239002,0.3024653223251749,9.466082579666204e-05
622,25494785.725442003,3003.0922223609105,0.006667220470051625,0.30163951283320944,9.78204588138825e-05
623,25688742.22148856,3002.9717589675392,0.006629806839822013,0.3008161181456106,0.00010108248500350342
624,25884288.369702302,3002.8535293541427,0.006592631973839093,0.29999518134787034,0.00010444955831454312
625,26081568.90451671,3002.7305825424532,0.006555608276374176,0.29917611881361866,0.00010792827284799793
626,26280448.40486593,3002.604368405967,0.006518775123515718,0.29835954517664137,0.00011151935591355286
627,26480969.01311885,3002.476352480486,0.00648213835749468,0.2975453160381593,0.00011522665766578931
628,26683108.954966936,3002.3438647557027,0.006445680595928363,0.2967335747458094,0.00011905353045943484
629,26886926.989444822,3002.2062860505694,0.0064093871367463355,0.29592411207721364,0.00012300475671259733
630,27092348.16993949,3002.0672041365183,0.00637330155903547,0.29511723595242173,0.00012708189407162863
631,27299470.301899143,3001.9266229980653,0.006337410323046445,0.2943126502171745,0.0001312904922443453
632,27508311.340476364,3001.784521282823,0.006301711477637109,0.2935103300786032,0.00013563479408593745
633,27718876.897346437,3001.6421494113697,0.006266220171428411,0.29271040169481644,0.00014011851112640707
634,27931260.274001583,3001.4982528126634,0.006230908878088193,0.2919124857613619,0.00014474797995361197
635,28145357.440733727,3001.3530129322044,0.006195797427023774,0.29111702696079345,0.00014952529518914162
636,28361355.822813567,3001.210658249569,0.00616089995037779,0.29032355874752536,0.00015445769632163768
637,28579240.26789361,3001.0654320932044,0.006126160400857758,0.2895318956952358,0.0001595511031482615
638,28798795.20634692,3000.9169366987103,0.006091611954419438,0.28874290848180656,0.00016480509702807112
639,29020121.92413737,3000.7645282877925,0.006057233787521813,0.28795624000581493,0.0001702268012267344
640,29243214.263023246,3000.6116533792874,0.006023061588921345,0.28717209053162496,0.00017582002858212281
641,29468259.184931558,3000.460335550603,0.005989091643190468,0.286390007050937,0.0001815936833791365
642,29695288.13667553,3000.3046032004636,0.005955264088182804,0.28560971564427406,0.00018755561615778124
643,29924069.17481977,3000.14550340751,0.005921619664402053,0.2848320003418531,0.00019370497581389353
644,30154641.42585357,2999.9845499642865,0.00588816701512695,0.28405679637742354,0.000200047649320265
645,30387222.013285298,2999.821422593391,0.0058548792124200125,0.28328353054970745,0.00020659509407470856
646,30621630.26407477,2999.6570404472473,0.005821788909204688,0.28251283369532687,0.0002133478286107469
647,30858122.19413561,2999.4934268832567,0.0057888800152975685,0.28174395440390054,0.0002203184999054425
648,31096520.41827217,2999.32683724247,0.0057561431581033525,0.28097738554830426,0.00022750945030527785
649,31336907.90396907,2999.1598857650806,0.00572359418623322,0.2802130391346217,0.00023492842547829273
650,31579367.152477473,2998.989887109005,0.005691197976022542,0.27945057335963486,0.000242585508504486
651,31823812.29556307,2998.8201814595855,0.005658995667320433,0.2786903890163592,0.0002504837340704879
652,32070303.101368826,2998.6486793571753,0.005626968658487984,0.2779324367443862,0.000258632258457389
653,32318853.265557785,2998.4736564952063,0.005595097181040177,0.2771765613980944,0.0002670395580005065
654,32569440.742397748,2998.2991509430176,0.005563417079870096,0.2764229179115723,0.00027571082069914534
655,32822194.755619038,2998.122942332374,0.005531899450756751,0.2756712174373525,0.0002846586169035979
656,33077010.75180453,2997.946905500446,0.005500567902368695,0.27492171965802426,0.0002938865973784902
657,33333921.8488292,2997.7990186760007,0.005469621901780631,0.2741743279643005,0.0003033928305499189
658,33592986.49055274,2997.642796208838,0.005438784692623612,0.27342884841903375,0.0003132019858191674
659,33854233.25719034,2997.4858279969844,0.005408121372822522,0.27268553380469185,0.0003233199463264909
660,34117700.30311904,2997.3250380556788,0.005377604953891955,0.27194427806633953,0.00033375826073984445
661,34383320.29248996,2997.160458749259,0.005347241573429195,0.27120523886502035,0.0003445237276000142
662,34651240.578181624,2996.992241891234,0.005317017704824869,0.2704680542134123,0.00035563143877477993
663,34921352.09681815,2996.8174738796038,0.005286925365328583,0.26973305175139956,0.00036708771848779274
664,35193598.229741625,2996.6367960391512,0.005256972535854721,0.26900032146739594,0.0003789003324420669
665,35468016.52453423,2996.455303779587,0.005227198585514836,0.2682699650641259,0.00039107751305441626
666,35745060.76029272,2996.2728872202083,0.00519755976813114,0.26754089652021534,0.00040364947174063875
667,36024246.966054134,2996.0834428734306,0.0051680574015238005,0.26681424719303815,0.0004166096412565728
668,36305650.64058824,2995.8881575777805,0.005138697180151954,0.2660899557124567,0.00042997111484856004
669,36589393.646577716,2995.6894494860653,0.005109488110881909,0.2653678327469953,0.0004437490727795954
670,36875569.455482244,2995.487408295766,0.005080420094727649,0.2646476102785045,0.0004579599805779869
671,37164014.730137356,2995.2777373696067,0.005051475201412953,0.2639295858961728,0.0004726109537219384
672,37454724.537748404,2995.061743129368,0.00502266842470693,0.2632139215795197,0.00048771271619014984
673,37747779.68189096,2994.846094182897,0.004994040578195565,0.2625005252014833,0.0005032769612966462
674,38043548.82510026,2994.624138441966,0.00496551156641242,0.2617884718133827,0.0005193411177319529
675,38341468.285751276,2994.397585763353,0.00493714495099333,0.26107913909633657,0.0005358875018798111
676,38641468.285751276,2994.1694679800867,0.004908973932158636,0.2603728931847867,0.0005529217002461598
677,38941468.285751276,2993.941556448063,0.004881187737538248,0.25967448552737277,0.0005703349782549608
678,39241468.285751276,2993.7081463329405,0.004853735225605121,0.25898361188555036,0.0005881371840040751
679,39541468.285751276,2993.4742578373075,0.004826644893813116,0.25830022190302787,0.0006063289157045144
680,39841468.285751276,2993.2401053733124,0.00479991129078875,0.25762419948482235,0.0006249146065699637
681,40141468.285751276,2993.005749870799,0.0047735263862607475,0.2569553842314077,0.0006438991314172609
682,40441468.285751276,2992.7701538604383,0.004747476422707983,0.2562936469538012,0.0006632881269850674
683,40741468.285751276,2992.5330596236654,0.004721753691484574,0.25563888302602794,0.0006830865195247583
684,41041468.285751276,2992.294447303012,0.004696349531624874,0.25499091872391055,0.0007032994307834285
685,41341468.285751276,2992.054194441089,0.004671258550868639,0.25434968417173476,0.0007239315158016227
686,41641468.285751276,2991.8116399420906,0.004646468350288847,0.2537150078175791,0.0007449885981644779
687,41941468.285751276,2991.568574786293,0.004621983568199326,0.25308676491924725,0.0007664739456508043
688,42241468.285751276,2991.3326472323706,0.004597853309650624,0.2524650673071481,0.0007883829201783127
689,42541468.285751276,2991.0928639573126,0.004573993451523088,0.2518495253543624,0.000810733285210522
690,42841468.285751276,2990.8500134498668,0.0045504045874239785,0.2512400657539284,0.0008335290820095712
691,43141468.285751276,2990.605674205972,0.004527092105759317,0.2506366171106092,0.0008567734095597827
692,43441468.285751276,2990.3583472088358,0.004504044093359644,0.2500391466609804,0.0008804721285567375
693,43741468.285751276,2990.110924559226,0.004481271943272668,0.24944753189613098,0.0009046270443827746
694,44041468.285751276,2989.865098768937,0.004458779317393029,0.24886164218121204,0.0009292412411716395
695,44341468.285751276,2989.620626976879,0.004436555899095113,0.24828128087965123,0.0009543204782113337
696,44641468.285751276,2989.373213625376,0.004414576888977339,0.24770651324622178,0.000979873627031705
697,44941468.285751276,2989.1288539126745,0.0043928750619069,0.2471373087861315,0.0010058973810348896
698,45241468.285751276,2988.88813548983,0.00437144779024111,0.24657354926573632,0.0010323957535786203
699,45541468.285751276,2988.6493433892338,0.004350277677424476,0.24601507795168112,0.001059376214565274
700,45841468.285751276,2988.4087886568914,0.004329336391951879,0.24546174480864416,0.0010868491683116179
701,46141468.285751276,2988.1630484648044,0.004308598848349264,0.24491343497253823,0.0011148248377955484
702,46441468.285751276,2987.918827297679,0.004288103319311909,0.24437017038387726,0.001143297596802507
703,46741468.285751276,2987.674600064344,0.004267836434876772,0.2438318615848326,0.0011722745397181279
704,47041468.285751276,2987.4295979843196,0.004247788025488158,0.24329838163451434,0.0012017622365666936
705,47341468.285751276,2987.187797411096,0.004227981712086461,0.2427697985144945,0.0012317574081479293
706,47641468.285751276,2986.9487036464857,0.004208406516356131,0.2422459217937031,0.0012622667508304375
707,47941468.285751276,2986.711559600038,0.004189054963113364,0.2417267007468486,0.0012932959634350052
708,48241468.285751276,2986.4764404736625,0.0041699261706307335,0.2412121377490501,0.0013248486189210815
709,48541468.285751276,2986.2434636055855,0.004151014351800018,0.24070208599302834,0.0013569301436962401
710,48841468.285751276,2986.0127228613424,0.00413231781515163,0.24019651998691313,0.0013895441990950214
711,49141468.285751276,2985.7802678427192,0.004113806426678074,0.2396952345881758,0.0014227044625661
712,49441468.285751276,2985.549011509026,0.004095496570135691,0.23919826985254342,0.0014564091215478361
713,49741468.285751276,2985.318104699261,0.004077378553023225,0.2387055124966253,0.0014906651008093092
714,50041468.285751276,2985.090721390346,0.00405947074105641,0.2382170266351377,0.00152546914462454
715,50341468.285751276,2984.866505735861,0.004041766500513331,0.23773271247012337,0.0015608270627472847
716,50641468.285751276,2984.64398940288,0.00402425333548541,0.23725247194416746,0.0015967466762854185
717,50941468.285751276,2984.4217258064223,0.004006919710613954,0.23677622667047618,0.0016332360363604408
718,51241468.285751276,2984.2039589057263,0.003989785045667703,0.23630390884138908,0.0016702907590245661
719,51541468.285751276,2983.9911086269954,0.003972849869832194,0.23583550480495588,0.0017079133676051216
720,51841468.285751276,2983.778295868027,0.0039560798166137735,0.2353707994082852,0.0017461220835872553
721,52141468.285751276,2983.5663376440643,0.003939481436807763,0.23490988539115654,0.00178491745214212
722,52441468.285751276,2983.351817343142,0.003923034658968241,0.23445272813820398,0.0018243119580848744
723,52741468.285751276,2983.137198657835,0.003906747357727289,0.2339991981214616,0.0018643061025102763
724,53041468.285751276,2982.926138208678,0.0038906382629507684,0.2335493098507328,0.0019048943167735216
725,53341468.285751276,2982.7147840349326,0.003874683266170689,0.23310297204411234,0.0019460914946879985
726,53641468.285751276,2982.498693691108,0.003858855212610061,0.23266008290861687,0.0019879150916899788
727,53941468.285751276,2982.2549424786466,0.003843036569535667,0.23222067624210593,0.0020304306793617172
728,54241468.285751276,2982.012248853681,0.003827376663291357,0.23178478117156223,0.0020735662130544493
729,54541468.285751276,2981.7740446793987,0.0038118898554950886,0.2313523271583161,0.002117317347448202
730,54841468.285751276,2981.5358840027443,0.0037965479484422496,0.2309231772073743,0.002161702582809126
731,55141468.285751276,2981.297135698361,0.0037813479744620002,0.23049736104757532,0.0022067271032189875
732,55441468.285751276,2981.0583529481855,0.003766290334701538,0.23007482705830837,0.002252394196650724
733,55741468.285751276,2980.820304701937,0.0037513765206861364,0.22965552448193374,0.0022987064612960766
734,56041468.285751276,2980.5837330669733,0.003736607211671603,0.2292393830077239,0.0023456669159526568
735,56341468.285751276,2980.3453669847418,0.003721965254777774,0.2288264013875378,0.0023932894177889114
736,56641468.285751276,2980.1053986618094,0.003707450437525725,0.2284165614228501,0.0024415778589834815
737,56941468.285751276,2979.866002477597,0.00369307081832428,0.22800979709621927,0.002490530607158749
738,57241468.285751276,2979.621809740825,0.0036787935020491927,0.2276059322804307,0.002540173613340489
739,57541468.285751276,2979.3758100605237,0.0036646323863875328,0.22720495259664694,0.0025905015419338258
740,57841468.285751276,2979.1292423518457,0.0036505939153686252,0.22680688543008146,0.0026415136046815902
741,58141468.285751276,2978.8790047554976,0.0036366605117157764,0.2264116732237183,0.0026932265513498286
742,58441468.285751276,2978.6276912788835,0.0036228478111136634,0.22601942242924716,0.00274563179132164
743,58741468.285751276,2978.385104174778,0.0036092039956407236,0.2256301713780063,0.0027986964713476873
744,59041468.285751276,2978.1421082104907,0.003595677826261851,0.2252437309878774,0.0028524623719793983
745,59341468.285751276,2977.901288452223,0.0035822808140118906,0.22486008945826716,0.0029069236562494502
746,59641468.285751276,2977.6610422868366,0.0035690040235854827,0.22447922884717636,0.002962090516956788
747,59941468.285751276,2977.4231668869647,0.0035558540572819502,0.22410110521856072,0.003017960540898745
748,60241468.285751276,2977.185056927032,0.0035428143693032044,0.22372560880898315,0.0030745507066494036
749,60541468.285751276,2976.945710676153,0.0035298790523745293,0.2233527191406169,0.0031318693504473753
750,60841468.285751276,2976.7072761649397,0.003517056516916183,0.2229823953093691,0.00318991286352759
751,61141468.285751276,2976.466457322247,0.0035043293188509674,0.22261459370847028,0.0032487003404666325
752,61441468.285751276,2976.2209335198977,0.003491684397921062,0.22224925713218102,0.0033082478342488946
753,61741468.285751276,2975.976121952933,0.0034791505448651477,0.22188650370163426,0.003368532202569776
754,62041468.285751276,2975.732562339694,0.0034667283769396445,0.22152628983445233,0.003429555932003544
755,62341468.285751276,2975.4863496798416,0.003454396155089921,0.22116851767014042,0.0034913435860406054
756,62641468.285751276,2975.237903121002,0.0034421529630208514,0.22081310644080165,0.0035539002217460543
757,62941468.285751276,2974.9895748485687,0.0034300104055589855,0.22046009147619974,0.0036172173259166286
758,63241468.285751276,2974.7428337006163,0.0034179753967480083,0.2201094928159089,0.0036812904913797696
759,63541468.285751276,2974.4968806675784,0.00340604395714132,0.21976131720054645,0.003746126954263716
760,63841468.285751276,2974.2514974917895,0.0033942102992279457,0.21941542555336127,0.003811735988927165
761,64141468.285751276,2974.0081085249867,0.003382479788544668,0.21907179636562546,0.0038781145860824202
762,64441468.285751276,2973.7649743579304,0.0033708430878362,0.21873039907549124,0.003945276213237671
763,64741468.285751276,2973.520617022783,0.0033592921932130925,0.2183912042674412,0.004013233630239892
764,65041468.285751276,2973.2769640257306,0.0033478356153517175,0.21805421763891839,0.004081980207804732
765,65341468.285751276,2973.0336775924084,0.003336471544997847,0.21771944369974472,0.004151520756633185
766,65641468.285751276,2972.792380044464,0.0033252068858241877,0.21738688438089213,0.004221849521333742
767,65941468.285751276,2972.5553565639116,0.0033140514127030563,0.21705654187522014,0.0042929564955156395
768,66241468.285751276,2972.3210179802004,0.003302996320915479,0.21672837806200412,0.004364854985677215
769,66541468.285751276,2972.0873481756876,0.0032920310319605366,0.2164023552196813,0.004437561246423018
770,66841468.285751276,2971.8553332847177,0.003281158832111562,0.2160784513667505,0.004511073643822914
771,67141468.28575128,2971.6200753067956,0.0032703536855667008,0.21575653332197825,0.004585430779249763
772,67441468.28575128,2971.379774282166,0.003259604753290203,0.2154365106678505,0.004660652103665991
773,67741468.28575128,2971.1385034059163,0.003248932086989355,0.2151184611951134,0.004736713191923829
774,68041468.28575128,2970.8970705905604,0.0032383378638846066,0.21480235016582466,0.004813614234480924
775,68341468.28575128,2970.6556955645437,0.003227823351521437,0.21448819874116407,0.004891356305211529
776,68641468.28575128,2970.414417023783,0.0032173881836452516,0.21417600029879852,0.004969942906870949
777,68941468.28575128,2970.1749213426037,0.0032070394116423466,0.2138657582196673,0.00504936588678881
778,69241468.28575128,2969.936420673205,0.0031967724644574886,0.21355744649008923,0.005129634764855365
779,69541468.28575128,2969.7018720824112,0.0031866003130887497,0.21325108653143246,0.005210731108524587
780,69841468.28575128,2969.466394760687,0.0031764986229648917,0.2129465787802987,0.005292696359864246
781,70141468.28575128,2969.230599134473,0.0031664699262487594,0.21264392980022676,0.005375529459964464
782,70441468.28575128,2968.996968541771,0.0031565247529420633,0.21234314834289122,0.005459215313552546
783,70741468.28575128,2968.7650300575438,0.003146659058595384,0.21204417874307588,0.005543763361370223
784,71041468.28575128,2968.5318365373246,0.0031368588003550493,0.21174697954264232,0.005629200754387307
785,71341468.28575128,2968.2970399171036,0.0031271223304694443,0.21145155258651435,0.005715533500050833
786,71641468.28575128,2968.0628694413335,0.0031174586681233,0.21115789364236032,0.005802748188689873
787,71941468.28575128,2967.825742281383,0.003107850044576965,0.2108659193679809,0.005890880868921882
788,72241468.28575128,2967.586757888187,0.0030983000973127954,0.21057560262791167,0.005979928137176432
789,72541468.28575128,2967.3477866403455,0.0030888174031104636,0.2102869768338464,0.006069876801183213
790,72841468.28575128,2967.1094423114005,0.0030794041825048476,0.21000003990257504,0.006160724974543526
791,73141468.28575128,2966.872870386427,0.0030700641697474465,0.20971476724644886,0.006252467874269449
792,73441468.28575128,2966.6387390303225,0.0030608006420100586,0.20943118771451733,0.006345100833292577
793,73741468.28575128,2966.4014999617316,0.0030515886524462624,0.20914924076189303,0.0064386776303222565
794,74041468.28575128,2966.16553041907,0.0030424460909826106,0.20886892875832785,0.006533163982339081
795,74341468.28575128,2965.9309260870155,0.0030333727894397114,0.20859024261838152,0.006628562374450513
796,74641468.28575128,2965.696927147116,0.003024364107213304,0.20831313943814955,0.00672488508694676
797,74941468.28575128,2965.4620546629135,0.003015413293649591,0.20803760283946032,0.006822149590301129
798,75241468.28575128,2965.228614573106,0.0030065300175301448,0.2077636508356942,0.0069203366172268565
799,75541468.28575128,2964.9931204303493,0.0029976981945548167,0.2074912246601444,0.007019485687059237
800,75841468.28575128,2964.7593416653417,0.0029889334832061847,0.20722034559096628,0.0071195631531631885
801,76141468.28575128,2964.526625515775,0.002980232022190491,0.20695098069813916,0.007220580040821864
802,76441468.28575128,2964.292707002794,0.002971583621880739,0.20668310048074023,0.0073225631672805686
803,76741468.28575128,2964.0607625828216,0.002963002208480217,0.20641675376297716,0.007425480319437084
804,77041468.28575128,2963.832359836949,0.00295449303469355,0.2061519158329314,0.007529320055308305
805,77341468.28575128,2963.6018244320103,0.002946030394508157,0.20588848860374148,0.007634149560717349
806,77641468.28575128,2963.375479995477,0.0029376392602069984,0.2056264731189116,0.007739907079773855
807,77941468.28575128,2963.1829736601408,0.0029294369632257345,0.20536588463933977,0.007846281893608685
808,78241468.28575128,2962.98552186638,0.0029212682764021515,0.20510668872820373,0.007953681703365412
809,78541468.28575128,2962.7884173317198,0.00291315476897264,0.20484891295751756,0.008062051911140537
810,78841468.28575128,2962.5862310077287,0.0029050706522301276,0.20459240627930886,0.00817146719523175
811,79141468.28575128,2962.380654750156,0.0028970254192131712,0.20433727048945105,0.008281904518834916
812,79441468.28575128,2962.17886107267,0.0028890494465637477,0.20408359297430773,0.008393280244018107
813,79741468.28575128,2961.9773407281036,0.002881126551762811,0.20383129544604178,0.008505642277247807
814,80041468.28575128,2961.7740368685622,0.0028732486497777265,0.20358038109974683,0.008619016431905572
815,80341468.28575128,2961.564624891693,0.0028653967411146385,0.20333077424638743,0.008733463180173807
816,80641468.28575128,2961.351855600244,0.0028575806429471397,0.2030824459573327,0.008848957610518493
817,80941468.28575128,2961.135940952771,0.002849800651904107,0.20283538017862568,0.008965502583865166
818,81241468.28575128,2960.9177439173864,0.0028420600814893556,0.20258957951781253,0.00908309148222173
819,81541468.28575128,2960.703572198866,0.0028343840577449353,0.20234508222325379,0.009201646631081155
820,81841468.28575128,2960.4873707535567,0.0028267474889884926,0.20210182855684836,0.009321250450673401
821,82141468.28575128,2960.269303335263,0.002819151121320238,0.2018598266040312,0.009441903391023538
822,82441468.28575128,2960.0515064162682,0.0028116034280436923,0.20161909304897346,0.009563579995146048
823,82741468.28575128,2959.8324791804025,0.0028040976755572132,0.20137959658909563,0.009686305268097987
824,83041468.28575128,2959.6151932741313,0.0027966455517344033,0.20114135813124023,0.009810041318394743
825,83341468.28575128,2959.3987701981023,0.002789243865279246,0.2009043897477143,0.009934800485416668
826,83641468.28575128,2959.1817205705333,0.0027818841023373037,0.2006685931849157,0.010060615584923608
827,83941468.28575128,2958.9624762111753,0.0027745604283386342,0.20043397495465926,0.010187509666761857
828,84241468.28575128,2958.743411214182,0.002767282293612685,0.2002005588153538,0.010315450976946595
829,84541468.28575128,2958.5265756343747,0.002760057022603641,0.19996833872702457,0.01044441386545494
830,84841468.28575128,2958.311855419955,0.002752883836895678,0.19973730966629638,0.010574402247992838
831,85141468.28575128,2958.0958114105592,0.002745749556363151,0.19950746433290187,0.010705467781030225
832,85441468.28575128,2957.877478656568,0.0027386497791395113,0.19927877665718927,0.010837630041600824
833,85741468.28575128,2957.6576303128777,0.002731587226469011,0.19905124468563248,0.0109708810723811
834,86041468.28575128,2957.4405209565543,0.0027245770422108756,0.19882485266070796,0.011105163136614613
835,86341468.28575128,2957.2233170953486,0.002717608420893047,0.1985995942819189,0.011240520627393608
836,86641468.28575128,2957.0067027613854,0.0027106835100616593,0.19837546139241727,0.011376946496888569
837,86941468.28575128,2956.790055363322,0.0027037996496589033,0.19815244563530057,0.011514453507247325
838,87241468.28575128,2956.570410443873,0.0026969445904799394,0.19793049943419794,0.011653096325783062
839,87541468.28575128,2956.3458030613097,0.002690109428054197,0.19770956024030067,0.01179291699804023
840,87841468.28575128,2956.1186352055634,0.0026833044357427484,0.19748968483008908,0.011933874820715581
841,88141468.28575128,2955.8887047214102,0.0026765285290429666,0.1972708625087888,0.01207597788079292
842,88441468.28575128,2955.6569601430992,0.002669785450673127,0.1970531069742914,0.012219212468049828
843,88741468.28575128,2955.423641025784,0.002663074839101512,0.19683637600187856,0.01236358335053566
844,89041468.28575128,2955.187274378062,0.0026563898251616117,0.1966206144798414,0.012509125076578191
845,89341468.28575128,2954.9518660455037,0.0026497462250237172,0.196405877505411,0.012655766482240835
846,89641468.28575128,2954.7142772668913,0.0026431327556111404,0.1961921687011233,0.012803562950005811
847,89941468.28575128,2954.476498885212,0.0026365568166782476,0.1959795014964914,0.012952481366760962
848,90241468.28575128,2954.2393889129644,0.0026300216288860858,0.19576788653842664,0.013102507225408384
849,90541468.28575128,2954.004835815461,0.0026235336906687244,0.195557321331129,0.013253609117202818
850,90841468.28575128,2953.768905028188,0.0026170775475428897,0.1953477566113006,0.013405865484339655
851,91141468.28575128,2953.5328039186743,0.002610657460246039,0.1951391952214464,0.013559256756257432
852,91441468.28575128,2953.298046454103,0.0026042786837015366,0.19493163825961005,0.013713757142468199
853,91741468.28575128,2953.0639266437483,0.002597938216212223,0.19472507203350206,0.013869383187678472
854,92041468.28575128,2952.829402635229,0.0025916318721615813,0.1945194816846828,0.014026158487280485
855,92341468.28575128,2952.597539011602,0.0025853708797373754,0.19431488970582922,0.014184023518310563
856,92641468.28575128,2952.3629704860464,0.0025791348168041186,0.1941112399191375,0.014343090819128268
857,92941468.28575128,2952.1252565177433,0.002572921233417694,0.19390849950099018,0.014503377299835876
858,93241468.28575128,2951.8833269685338,0.0025667259940068644,0.1937066539402666,0.014664910187341054
859,93541468.28575128,2951.6409857766216,0.0025605625553950075,0.19350571301787195,0.01482761634378768
860,93841468.28575128,2951.4014254205536,0.00255444177150473,0.19330567282016706,0.01499143466586856
861,94141468.28575128,2951.1648636770187,0.002548365317306234,0.1931065747723481,0.015156353748454402
862,94441468.28575128,2950.9310064397796,0.002542331939075383,0.1929084165495967,0.015322380181893448
863,94741468.28575128,2950.7027169063263,0.0025363522277479177,0.19271123298045625,0.01548944977002327
864,95041468.28575128,2950.47411605482,0.0025304029974166594,0.19251491838137325,0.01565770285507756
865,95341468.28575128,2950.23879190757,0.002524461659979326,0.1923194517370288,0.0158272814001182
866,95641468.28575128,2950.0066792211965,0.002518564103909619,0.19212490551610073,0.015997965124524574
867,95941468.28575128,2949.773502479845,0.0025126942953599333,0.19193123048059457,0.016169855297790626
868,96241468.28575128,2949.54012263086,0.002506855169563114,0.19173842970921223,0.016342935049200823
869,96541468.28575128,2949.3051464031923,0.0025010414545414052,0.19154648581957012,0.016517240361458563
870,96841468.28575128,2949.0719681155156,0.0024952650189825603,0.19135541564167954,0.016692694474815854
871,97141468.28575128,2948.8373578501405,0.002489513995606496,0.19116518756102338,0.016869377378162506
872,97441468.28575128,2948.6002898788997,0.0024837851075895116,0.19097581077588482,0.01704731343597932
873,97741468.28575128,2948.3621269097025,0.002478082395773108,0.1907872659349733,0.017226477604371595
874,98041468.28575128,2948.1240393088515,0.0024724098552442028,0.190599558258583,0.01740684391671812
875,98341468.28575128,2947.8850407499704,0.0024667638631493795,0.19041267891939362,0.017588438879695332
876,98641468.28575128,2947.64598007975,0.002461147222021878,0.19022662935685822,0.017771243816875462
877,98941468.28575128,2947.4102488361605,0.0024555717250000788,0.19004143198042864,0.01795517418652047
878,99241468.28575128,2947.1721168942063,0.002450016425966658,0.18985701983989503,0.01814038297308728
879,99541468.28575128,2946.9344223744597,0.0024444911407867716,0.18967340965474544,0.018326799909091782
880,99841468.28575128,2946.696916272547,0.0024389945237477846,0.189490584869587,0.018514435788831624
881,100141468.28575128,2946.4589331061393,0.002433524371179218,0.18930854869512342,0.018703307878649548
882,100441468.28575128,2946.2210710912477,0.002428082306277212,0.18912729040422063,0.018893405295594298
883,100741468.28575128,2945.982338683225,0.002422664570583531,0.1889467939311383,0.019084758424556904
884,101041468.28575128,2945.7433665015487,0.002417273490960475,0.18876707172517443,0.01927735032462933
885,101341468.28575128,2945.505227202328,0.0024119137244726072,0.18858817148196563,0.019471144487121388
886,101641468.28575128,2945.267108916938,0.0024065814041518154,0.18841004973701836,0.019666172412466498
887,101941468.28575128,2945.0241193721167,0.0024012598364921115,0.18823268077332295,0.019862572595704585
888,102241468.28575128,2944.778983609164,0.0023959573020779627,0.18805604060913006,0.020060280132750484
889,102541468.28575128,2944.5364877356233,0.0023906899913012196,0.1878801559090485,0.020259161590308876
890,102841468.28575128,2944.2938497925256,0.002385447728333258,0.18770498625588902,0.020459302292531806
891,103141468.28575128,2944.0533890671954,0.0023802390830186173,0.18753057657972583,0.020660629258995863
892,103441468.28575128,2943.815636133891,0.0023750657010848646,0.18735692908317136,0.02086312694475556
893,103741468.28575128,2943.5777967531612,0.002369917010830475,0.18718398687947949,0.021066888531904603
894,104041468.28575128,2943.3346836334936,0.002364775518009147,0.18701172017297052,0.02127207067926681
895,104341468.28575128,2943.090814483845,0.0023596569600182727,0.18684017694099667,0.021478535785901594
896,104641468.28575128,2942.848335637763,0.0023545679713217263,0.18666935019774616,0.02168622419835728
897,104941468.28575128,2942.6086728510327,0.0023495136957460577,0.18649926734932548,0.021895087337601718
898,105241468.28575128,2942.3695208876284,0.002344485901914398,0.1863298984426565,0.022105201094250602
899,105541468.28575128,2942.1285151953302,0.002339476403195275,0.18616122022810042,0.02231664327585499
900,105841468.28575128,2941.890790869088,0.002334502407587992,0.185993270197201,0.022529250524605995
901,106141468.28575128,2941.658232744174,0.0023295699838111247,0.18582605768927857,0.02274296205214828
902,106441468.28575128,2941.4265973018564,0.002324664736661694,0.18565955043290294,0.022957914786545113
903,106741468.28575128,2941.1945296048643,0.00231978167154907,0.18549372310316553,0.023174157981874246
904,107041468.28575128,2940.9612405310545,0.00231491829250007,0.18532857756152762,0.023391717699133837
905,107341468.28575128,2940.7255059776276,0.002310070536991343,0.18516410686381865,0.023610636560770396
906,107641468.28575128,2940.487473087421,0.0023052385293909914,0.18500029824968625,0.023830915893440836
907,107941468.28575128,2940.2463421441307,0.0023004191937481613,0.18483712952753936,0.024052590026960065
908,108241468.28575128,2940.0064833452916,0.002295627464295797,0.18467465253378826,0.024275505131042558
909,108541468.28575128,2939.7695312142796,0.0022908677857621873,0.18451284473392282,0.024499613211573786
910,108841468.28575128,2939.5350179348748,0.002286138524129233,0.1843517036993264,0.024724929656280165
911,109141468.28575128,2939.3023360797606,0.0022814369015921442,0.1841911978168152,0.02495148335287163
912,109441468.28575128,2939.0747729304558,0.002276774151221033,0.18403137320569846,0.025179148512401994
913,109741468.28575128,2938.8488235723908,0.002272138170389924,0.1838721851131996,0.02540805593587811
914,110041468.28575128,2938.6212436588607,0.002267517882863957,0.18371359409356727,0.025638329103973272
915,110341468.28575128,2938.389235313325,0.0022629043539147352,0.18355558839964506,0.0258700714709871
916,110641468.28575128,2938.1522556743657,0.0022582953022550166,0.18339814214740702,0.026103313463695703
917,110941468.28575128,2937.9126975391996,0.0022536988282856403,0.18324128466359527,0.026337966167692264
918,111241468.28575128,2937.673415587948,0.0022491243975140476,0.18308504575305953,0.02657392113190143
919,111541468.28575128,2937.436597142723,0.002244578432941353,0.18292941727855716,0.026811102275653406
920,111841468.28575128,2937.2014457126315,0.002240058771711558,0.1827744142392117,0.02704953313963965
921,112141468.28575128,2936.9673722014563,0.002235563649957398,0.18262004141679372,0.027289233689317655
922,112441468.28575128,2936.7350041101445,0.002231094788682866,0.18246629435269615,0.027530181868256787
923,112741468.28575128,2936.504741897627,0.002226653242547264,0.18231317006084521,0.0277723629656269
924,113041468.28575128,2936.275394669729,0.002222235066338029,0.18216065842391094,0.028015823993959223
925,113341468.28575128,2936.047933207058,0.00221784320149055,0.18200876269958965,0.02826052696029192
926,113641468.28575128,2935.8216586181156,0.002213475296201766,0.18185747646694972,0.02850650020364083
927,113941468.28575128,2935.596345993713,0.0022091304321599377,0.18170679287699207,0.02875375428426805
928,114241468.28575128,2935.3720630293215,0.0022048085239697226,0.18155670292096215,0.02900228932486409
929,114541468.28575128,2935.149545468487,0.0022005116368277165,0.18140720366588672,0.02925207714349914
930,114841468.28575128,2934.9257998407256,0.002196230720558281,0.18125829477251898,0.029503235822916595
931,115141468.28575128,2934.695834246393,0.002191950062180094,0.18110994452250687,0.02975597815974393
932,115441468.28575128,2934.467736958369,0.0021876945620765403,0.18096218293303334,0.030009971625265183
933,115741468.28575128,2934.2410861387693,0.0021834627024066872,0.18081500257840757,0.030265234762714772
934,116041468.28575128,2934.018121704882,0.0021792611057649723,0.18066840522269328,0.030521673712750854
935,116341468.28575128,2933.7966429876137,0.0021750823442767426,0.18052235806736724,0.030779389336411483
936,116641468.28575128,2933.572936291349,0.0021709140573706737,0.18037680728269184,0.031038555849003797
937,116941468.28575128,2933.347685241847,0.002166759090600204,0.18023178748873753,0.031299134605167776
938,117241468.28575128,2933.1204820593166,0.0021626160153239383,0.18008729013939734,0.03156114788678572
939,117541468.28575128,2932.8915673242745,0.002158485458838395,0.17994331242359674,0.03182458852198598
940,117841468.28575128,2932.6639096089793,0.0021543764464732732,0.17979986767632813,0.03208932438443078
941,118141468.28575128,2932.436518590539,0.002150285153886567,0.1796569202406958,0.03235541170561969
942,118441468.28575128,2932.210038353793,0.002146214345225115,0.17951450882208625,0.03262280826024565
943,118741468.28575128,2931.984562501765,0.002142164339318419,0.17937263783683893,0.0328915074907944
944,119041468.28575128,2931.7608325247033,0.0021381372940116414,0.17923130965332817,0.03316147467131265
945,119341468.28575128,2931.5418852345,0.002134142224417568,0.17909053456379473,0.03343256672667401
946,119641468.28575128,2931.3278879745967,0.0021301793875454712,0.17895030801657794,0.03370477439175382
947,119941468.28575128,2931.1112344391813,0.002126225457429444,0.1788105823624422,0.033978462461548356
948,120241468.28575128,2930.8919135681645,0.0021222803900540176,0.1786713571051577,0.034253634082591584
949,120541468.28575128,2930.6689677236436,0.0021183411702659087,0.1785326218687131,0.034530340791462895
950,120841468.28575128,2930.4429068187414,0.0021144092916665926,0.17839437693286078,0.03480856182804258
951,121141468.28575128,2930.2142495392814,0.002110486553497633,0.1782566348699674,0.035088270240754026
952,121441468.28575128,2929.985096664512,0.002106578826578491,0.17811938854044207,0.03536937112021671
953,121741468.28575128,2929.7526217099235,0.002102677602930715,0.1779826227035913,0.03565200790341131
954,122041468.28575128,2929.5230751254635,0.002098801678913033,0.17784637437510806,0.03593586367696431
955,122341468.28575128,2929.296382286543,0.0020949506274948676,0.1777106381931654,0.0362209417585904
956,122641468.28575128,2929.072137725254,0.00209112295147783,0.17757540335978583,0.03650726424966271
957,122941468.28575128,2928.851521983645,0.0020873227397994005,0.1774407039254812,0.036794754295370734
958,123241468.28575128,2928.634881067157,0.002083550012557307,0.17730650298032177,0.03708340814885156
959,123541468.28575128,2928.4212337564363,0.002079801715700095,0.17717279337499842,0.03737327496418602
960,123841468.28575128,2928.214255809802,0.0020760888296544513,0.1770396023597995,0.03766415219154937
961,124141468.28575128,2928.008871468572,0.0020723959717576126,0.17690689260281103,0.037956312656048735
962,124441468.28575128,2927.7919645167244,0.002068684268298521,0.1767745896380398,0.03825046808161331
963,124741468.28575128,2927.572854929869,0.0020649812339319554,0.17664273981596523,0.038546120743511735
964,125041468.28575128,2927.3542215625207,0.002061294584339693,0.17651135060192283,0.03884312792921393
965,125341468.28575128,2927.1365006492747,0.002057625435862931,0.17638041912402322,0.03914146730122266
966,125641468.28575128,2926.9204159524506,0.0020539757237202595,0.1762499433545193,0.039441100254551255
967,125941468.28575128,2926.70713307115,0.002050348956542636,0.17611993623832103,0.03974195618957851
968,126241468.28575128,2926.4964475351653,0.0020467444008688902,0.1759903941108907,0.040044045117718294
969,126541468.28575128,2926.2883100131367,0.0020431618339874324,0.17586131643910885,0.04034736712974194
970,126841468.28575128,2926.0800342812604,0.0020395932556140062,0.17573268429701497,0.04065207719735613
971,127141468.28575128,2925.875783465604,0.002036050673693134,0.17560451717275222,0.04095793425686866
972,127441468.28575128,2925.6717606538773,0.0020325230354162676,0.1754767973468765,0.04126515592290859
973,127741468.28575128,2925.469210110509,0.0020290153295175707,0.1753495928160088,0.041573638158929685
974,128041468.28575128,2925.2675612430157,0.002025524594793478,0.17522284638435678,0.041883439352747215
975,128341468.28575128,2925.0650997209473,0.0020220454768248262,0.17509653347432638,0.042194669352437104
976,128641468.28575128,2924.860952244967,0.0020185752527936552,0.17497064147920305,0.04250738537039237
977,128941468.28575128,2924.656140016607,0.002015117042804434,0.17484518402084862,0.04282152192166801
978,129241468.28575128,2924.4493393570297,0.002011666815304192,0.17472014519563508,0.043137164931937956
979,129541468.28575128,2924.240719842572,0.002008224882043552,0.17459551848753388,0.0434543090717287
980,129841468.28575128,2924.0322444892577,0.002004797138066046,0.1744713264173333,0.043772827810355436
981,130141468.28575128,2923.829832707877,0.0020014000589472095,0.17434758214225016,0.04409235857071011
982,130441468.28575128,2923.6317615343964,0.001998028441491891,0.17422426911448008,0.044413008354208784
983,130741468.28575128,2923.439870577917,0.001994688525807415,0.17410144442569667,0.044734630100958336
984,131041468.28575128,2923.2500248051056,0.0019913674811856976,0.17397904485142907,0.04505750342800535
985,131341468.28575128,2923.061219744785,0.0019880620856255493,0.1738570514842191,0.04538169791604078
986,131641468.28575128,2922.8739960684857,0.001984773793741275,0.17373546556399566,0.0457071779907928
987,131941468.28575128,2922.688342707437,0.0019815024833806294,0.17361428520749372,0.046033943127136316
988,132241468.28575128,2922.5042792621202,0.0019782481247994773,0.17349350891492518,0.04636199090663436
989,132541468.28575128,2922.321838093057,0.001975010732618634,0.17337313561701834,0.046691317623489346
990,132841468.28575128,2922.1410392079943,0.0019717902971320366,0.17325316464888937,0.04702191995509207
991,133141468.28575128,2921.9452079112893,0.001968540133365133,0.173133521231771,0.047354914413478826
992,133441468.28575128,2921.7355989727507,0.0019652639674600106,0.17301421333482778,0.04769022792727747
993,133741468.28575128,2921.5300818055334,0.001962011457396992,0.17289530719419285,0.048026669834109484
994,134041468.28575128,2921.3284585111746,0.0019587822436639493,0.17277681393184655,0.048364241891631396
995,134341468.28575128,2921.1278632337558,0.001955568218477979,0.1726587178762955,0.04870313794941931
996,134641468.28575128,2920.9299728658516,0.0019523738868275169,0.17254102178760441,0.04904324273220805
997,134941468.28575128,2920.738458366446,0.0019492094408810141,0.17242374576799563,0.049384293966421536
998,135241468.28575128,2920.552921588762,0.001946073503218782,0.17230688061029717,0.049726316926033194
999,135541468.28575128,2920.3718900388903,0.001942962129917527,0.17219042970278572,0.05006940214887764
1000,135841468.28575128,2920.177984156332,0.0019398284619875905,0.17207436662460265,0.050414755865210444
1001,136141468.28575128,2919.972846635705,0.001936677091661578,0.17195869589064358,0.050762271061732166
1002,136441468.28575128,2919.7636964173903,0.001933526795727547,0.17184339718465227,0.05111146945194059
1003,136741468.28575128,2919.551386906105,0.0019303798431064367,0.17172846998395067,0.05146229516364605
1004,137041468.28575128,2919.3426488042346,0.0019272543949790276,0.17161393097267888,0.051814265609418
1005,137341468.28575128,2919.133559433567,0.0019241399501194177,0.17149977623160675,0.05216765707372155
1006,137641468.28575128,2918.9242270438444,0.001921036757305283,0.17138600514072172,0.05252246168465538
1007,137941468.28575128,2918.7147089111218,0.001917944907285404,0.17127261608008304,0.05287867551741977
1008,138241468.28575128,2918.505049813787,0.0019148644728781503,0.17115960812680442,0.053236294982295686
1009,138541468.28575128,2918.2933818882934,0.0019117898773672272,0.17104695186099575,0.053595474052236046
1010,138841468.28575128,2918.0817755455655,0.0019087270714634838,0.17093467118188407,0.05395604683756397
1011,139141468.28575128,2917.870048425321,0.0019056754430139843,0.17082276119289194,0.05431802884532873
1012,139441468.28575128,2917.656624221965,0.0019026303387684297,0.17071119867250054,0.05468155176111749
1013,139741468.28575128,2917.455377082451,0.0018996292812767503,0.17060004609172696,0.05504553276703344
1014,140041468.28575128,2917.2576138981713,0.0018966487401149887,0.17048926964442931,0.055410637894956594
1015,140341468.28575128,2917.0546710386166,0.0018936652600003473,0.17037882916820887,0.05577754823732222
1016,140641468.28575128,2916.845347996777,0.001890675510854269,0.17026871315079029,0.056146367320758055
1017,140941468.28575128,2916.6368102989895,0.001887698761296053,0.17015895157250419,0.05651652910589451
1018,141241468.28575128,2916.427568279239,0.0018847309784974814,0.17004953770735332,0.05688815197364116
1019,141541468.28575128,2916.216876979956,0.0018817700565396686,0.1699404639703476,0.0572612989387533
1020,141841468.28575128,2916.004967278909,0.0018788167329028861,0.16983173707135854,0.057635948169192486
1021,142141468.28575128,2915.7911192161496,0.0018758689475622417,0.16972334804624115,0.05801216291542535
1022,142441468.28575128,2915.5757687773594,0.0018729280364567452,0.1696153066734998,0.05838990172154861
1023,142741468.28575125,2915.3595479530986,0.0018699953891191164,0.16950760271072168,0.058769122366690095
1024,143041468.28575125,2915.1572751310277,0.0018671105272667745,0.16940030742273468,0.059148577289287976
1025,143341468.28575125,2914.9522069204177,0.0018642287228158854,0.16929334312430414,0.05952966486744602
1026,143641468.28575125,2914.7460515125963,0.0018613544061843162,0.16918671240772706,0.059912245683803426
1027,143941468.28575125,2914.53921027489,0.001858488538970776,0.1690804128795875,0.06029628849782907
1028,144241468.28575125,2914.3328114847027,0.001855634261606774,0.16897445732125818,0.0606816901831828
1029,144541468.28575125,2914.1256468656857,0.0018527882989525654,0.16886883775786904,0.061068555185984065
1030,144841468.28575125,2913.920430675001,0.001849958017752405,0.16876357641234077,0.06145663860844066
1031,145141468.28575125,2913.714053316194,0.0018471348754533878,0.16865864531518254,0.06184622049211591
1032,145441468.28575125,2913.5059732019104,0.0018443173559247407,0.1685540382356247,0.06223735134956601
1033,145741468.28575125,2913.296124127076,0.0018415052391720335,0.16844975286406283,0.06263003929506625
1034,146041468.28575125,2913.083598613086,0.0018386961228121024,0.16834578416741647,0.06302436717588325
1035,146341468.28575125,2912.86956641591,0.0018358930500034394,0.1682421360487341,0.06342023218449751
1036,146641468.28575125,2912.65732235245,0.0018331045851222368,0.16813882108067518,0.06381733766899336
1037,146941468.28575125,2912.4471763844144,0.0018303316714702914,0.16803584867712354,0.06421564541425326
1038,147241468.28575125,2912.2351158339834,0.001827563865427052,0.1679332038425071,0.06461551749520063
1039,147541468.28575125,2912.0249189140527,0.0018248107165937018,0.16783089022637637,0.06501661658124593
1040,147841468.28575125,2911.8105976153242,0.001822056445194151,0.16772887327805586,0.06541950183740126
1041,148141468.28575125,2911.5932815822844,0.0018193039039004,0.16762715317329188,0.06582407399857888
1042,148441468.28575125,2911.378979970946,0.0018165689390677977,0.16752576843799183,0.06622976059875783
1043,148741468.28575125,2911.167801563972,0.0018138517708273197,0.16742471919164045,0.06663654613581266
1044,149041468.28575125,2910.959024825748,0.0018111504460782042,0.16732400067505124,0.06704449489439271
1045,149341468.28575125,2910.752291867156,0.0018084639638483826,0.16722360986283147,0.06745363733522557
1046,149641468.28575125,2910.5466070671964,0.0018057896535090055,0.16712353944863845,0.06786406746717555
1047,149941468.28575125,2910.3500801610267,0.001803148246504404,0.16702382020176287,0.06827499882776258
1048,150241468.28575125,2910.1540003027994,0.001800517223665788,0.1669244129466723,0.06868726951227945
1049,150541468.28575125,2909.956234510322,0.0017978908297197178,0.16682529632340512,0.06910109683846208
1050,150841468.28575125,2909.756337553096,0.001795267677729997,0.1667264569649221,0.06951653510945974
1051,151141468.28575125,2909.555099874666,0.0017926501952032538,0.16662791692147694,0.06993349078895504
1052,151441468.28575125,2909.3580512404715,0.0017900524518051101,0.16652969781487137,0.07035141250608276
1053,151741468.28575125,2909.159072753756,0.0017874586872317754,0.16643176892464162,0.07077091238578659
1054,152041468.28575125,2908.9592606699907,0.0017848717772953931,0.16633413878236072,0.07119187672725881
1055,152341468.28575125,2908.758166691972,0.0017822904600618332,0.16623680022009396,0.07161435548638777
1056,152641468.28575125,2908.5557113901014,0.001779714445114996,0.1661397489695454,0.07203836027602642
1057,152941468.28575125,2908.3519226356075,0.0017771437735689443,0.16604298393494216,0.07246388909432538
1058,153241468.28575125,2908.1472711073566,0.0017745796083148352,0.16594650595066807,0.072890894164087
1059,153541468.28575125,2907.9414450871964,0.0017720211369007832,0.1658503129561117,0.07331940800925223
1060,153841468.28575125,2907.7314410728136,0.0017694607083991445,0.16575438928074468,0.07374974784254866
1061,154141468.28575125,2907.52188665032,0.0017669099086937918,0.165658749530686,0.07418143408291984
1062,154441468.28575125,2907.3129407876027,0.001764369300323294,0.16556340300943828,0.0746144395003234
1063,154741468.28575125,2907.103933572809,0.0017618368856150983,0.16546833328008168,0.07504884499910369
1064,155041468.28575125,2906.8968944204257,0.0017593178906171326,0.16537355581031168,0.07548442477000036
1065,155341468.28575125,2906.689151890548,0.0017568054109628234,0.16527905135871657,0.07592147016593523
1066,155641468.28575125,2906.4813468332345,0.0017543011328977603,0.16518482691193911,0.07635990662010407
1067,155941468.28575125,2906.2725599268,0.0017518032485538374,0.1650909024824377,0.07679980992693032
1068,156241468.28575125,2906.063830470207,0.0017493141777653015,0.16499727455705177,0.07724107249356613
1069,156541468.28575125,2905.855062665269,0.0017468334850178917,0.1649039343036069,0.07768371038834487
1070,156841468.28575125,2905.661795347957,0.001744400417282455,0.1648109738035481,0.0781259673824233
1071,157141468.28575125,2905.4778201694085,0.001741998851555736,0.16471834273528507,0.07856853928579546
1072,157441468.28575125,2905.2933425017313,0.0017396040552277257,0.16462598585970098,0.07901252429638578
1073,157741468.28575125,2905.1084072237218,0.001737216045265239,0.16453389939677662,0.07945791976997142
1074,158041468.28575125,2904.9236671173344,0.001734836544928863,0.16444209162414927,0.07990464426668466
1075,158341468.28575125,2904.733756871985,0.0017324522311783514,0.16435053855407966,0.0803533102028278
1076,158641468.28575125,2904.543432665781,0.0017300748010023767,0.16425925589471904,0.08080337982539079
1077,158941468.28575125,2904.3535250852806,0.0017277061827706784,0.16416824190101026,0.08125476085159727
1078,159241468.28575125,2904.163868634885,0.0017253457879858544,0.16407748818765594,0.08170747806017871
1079,159541468.28575125,2903.9753088663924,0.0017229959441097467,0.16398701081842676,0.08216141680424348
1080,159841468.28575125,2903.787163311963,0.0017206547956722296,0.16389679967411755,0.08261666085418612
1081,160141468.28575125,2903.6005254121983,0.0017183249486096123,0.16380685647485818,0.08307308108229278
1082,160441468.28575125,2903.4140544505203,0.0017160031311764972,0.16371717770905034,0.08353083064684716
1083,160741468.28575125,2903.2240304140983,0.0017136801831563841,0.16362774614264225,0.08399035386634784
1084,161041468.28575125,2903.0214917930775,0.0017113342623767446,0.16353852691516527,0.08445272782017589
1085,161341468.28575125,2902.817896754287,0.001708993424736128,0.16344956640055985,0.0849165848078139
1086,161641468.28575125,2902.6075906153733,0.001706643768709539,0.16336083600334317,0.08538261698118256
1087,161941468.28575125,2902.3970428284547,0.0017043011117218569,0.16327236319010327,0.08585004012172856
1088,162241468.28575125,2902.187004299931,0.001701967267368259,0.16318415105712783,0.08631876014619011
1089,162541468.28575125,2901.9797937854246,0.0016996483728645654,0.16309623436072837,0.08678845976370834
1090,162841468.28575125,2901.7778478532155,0.0016973499065621963,0.1630086044363503,0.08725884966810947
1091,163141468.28575125,2901.57780949193,0.00169506322718526,0.1629212260321348,0.08773036313785275
1092,163441468.28575125,2901.3839957130344,0.0016927987988510657,0.16283411935731,0.0882024488510238
1093,163741468.28575125,2901.1982488044023,0.0016905610978739268,0.16274729655570377,0.0886748581274622
1094,164041468.28575125,2901.0141668793985,0.0016883345217855153,0.16266072808461363,0.08914839226422193
1095,164341468.28575125,2900.8315913057254,0.001686118647788982,0.16257441269411374,0.08962306753886845
1096,164641468.28575125,2900.6509618578284,0.0016839145658241134,0.16248835497682915,0.09009881937465278
1097,164941468.28575125,2900.4727394931747,0.0016817232978150907,0.16240255412144888,0.09057558584120264
1098,165241468.28575125,2900.2970009959045,0.0016795448928627716,0.16231700555343684,0.09105335670024299
1099,165541468.28575125,2900.1123902749405,0.001677352143312092,0.1622316657077087,0.09153360388107872
1100,165841468.28575125,2899.927900950448,0.0016751666210606212,0.1621465696997611,0.09201516038588999
1101,166141468.28575125,2899.7432272404103,0.0016729875395873292,0.16206171428209945,0.09249806621261235
1102,166441468.28575125,2899.558123557289,0.0016708142465296457,0.16197709580401734,0.09298235460352026
1103,166741468.28575125,2899.3727310535965,0.0016686471253137306,0.16189271752431147,0.09346800171389355
1104,167041468.28575125,2899.185390661127,0.0016664822414650645,0.16180857411104152,0.09395522554764266
1105,167341468.28575125,2898.997638934175,0.0016643232022515568,0.16172466917876308,0.09444382273433655
1106,167641468.28575125,2898.8092828234016,0.0016621694893153673,0.16164099948675129,0.0949338205744773
1107,167941468.28575125,2898.620642595599,0.0016600218814961717,0.16155756758083764,0.09542517184446396
1108,168241468.28575125,2898.4320790753272,0.0016578810947580655,0.1614743686087924,0.09591783274977701
1109,168541468.28575125,2898.2402385642213,0.0016557388650349821,0.16139137393454214,0.09641227980205035
1110,168841468.28575125,2898.049249744046,0.0016536055039869314,0.16130862607514698,0.09690791294048216
1111,169141468.28575125,2897.8599643937205,0.0016514829334689912,0.16122612503280423,0.09740461461347467
1112,169441468.28575125,2897.665339219681,0.001649354427548837,0.16114383843049046,0.09790336766416212
1113,169741468.28575125,2897.4682673928532,0.0016472268656727315,0.16106177931905002,0.09840377000091716
1114,170041468.28575125,2897.269036576621,0.0016451008858147608,0.16097994652919503,0.09890578488864661
1115,170341468.28575125,2897.0711242894017,0.001642984582633139,0.1608983498480446,0.09940892505324125
1116,170641468.28575125,2896.875752518661,0.0016408808411815428,0.16081699611594916,0.09991300985017833
1117,170941468.28575125,2896.6764325791232,0.0016387742088095826,0.16073584926745832,0.10041897361566869
1118,171241468.28575125,2896.475490326542,0.0016366703324378039,0.1606549273749687,0.1009264740781111
1119,171541468.28575125,2896.27304683575,0.0016345694894872498,0.16057423055906858,0.10143549227763322
1120,171841468.28575125,2896.069008471838,0.0016324714353610236,0.16049375714446792,0.10194604433336382
1121,172141468.28575125,2895.863256372666,0.0016303757137927652,0.16041349778354586,0.1024581591143035
1122,172441468.28575125,2895.655726017949,0.0016282821509145857,0.1603334509228045,0.10297184785869211
1123,172741468.28575125,2895.4436839671384,0.0016261845468788243,0.16025361348650372,0.10348750424795804
1124,173041468.28575125,2895.2265428693836,0.001624081596209086,0.16017398481191067,0.10400521670042648
1125,173341468.28575125,2895.011994893634,0.0016219911068837748,0.16009459147878724,0.10452384920894699
1126,173641468.28575125,2894.803359149838,0.001619920748997782,0.16001544703096574,0.105042895643291
1127,173941468.28575125,2894.601305583885,0.0016178720105009794,0.15993655398237366,0.10556224339740013
1128,174241468.28575125,2894.4047034573014,0.0016158422252394561,0.15985790859401766,0.10608204834582748
1129,174541468.28575125,2894.2114279386333,0.0016138263056629783,0.15977949638619013,0.10660262997657668
1130,174841468.28575125,2894.022290337025,0.0016118260994591178,0.1597013212315373,0.10712385458659084
1131,175141468.28575125,2893.8430518170085,0.0016098549071613857,0.1596234091531939,0.1076448229779685
1132,175441468.28575125,2893.668643002223,0.0016079009858276283,0.15954574099334404,0.10816629682077451
1133,175741468.28575125,2893.4972914288924,0.001605959961870734,0.15946829739636217,0.10868855749789073
1134,176041468.28575125,2893.3276927146444,0.0016040288332185985,0.1593910746072283,0.1092117980112055
1135,176341468.28575125,2893.1597959408114,0.0016021074577800478,0.15931407234587344,0.10973602022786563
1136,176641468.28575125,2892.9934997778796,0.0016001955354972193,0.1592372879891678,0.11026123749546914
1137,176941468.28575125,2892.822599669987,0.0015982786712643818,0.159160688630421,0.11078843832850004
1138,177241468.28575125,2892.6487738346045,0.0015963607385398753,0.15908428138325265,0.11131735798046193
1139,177541468.28575125,2892.4793696410834,0.0015944586559674737,0.1590081013976908,0.1118468170215067
1140,177841468.28575125,2892.276128470529,0.0015924854213385268,0.158932014138523,0.11238292366263519
1141,178141468.28575125,2892.0711142037526,0.001590514115531573,0.15885613401552615,0.11292057538795194
1142,178441468.28575125,2891.869179019337,0.0015885557015853976,0.15878047593264394,0.11345899231262128
1143,178741468.28575125,2891.670386450895,0.001586610256293184,0.15870503848533205,0.11399815803814509
1144,179041468.28575125,2891.474817587642,0.001584677892283651,0.1586298201522562,0.11453805331029501
1145,179341468.28575125,2891.2825012279745,0.0015827586410934323,0.1585548211094558,0.11507866438726148
1146,179641468.28575125,2891.0932545765245,0.0015808520055487327,0.15848003823149032,0.11562001609749042
1147,179941468.28575125,2890.905286926491,0.0015789537231037309,0.15840545561268132,0.11616241069846142
1148,180241468.28575125,2890.7163942609986,0.0015770579695837674,0.1583310232854797,0.11670627276690906
1149,180541468.28575125,2890.5287691513095,0.001575170681181831,0.1582567993905609,0.11725115904260035
1150,180841468.28575125,2890.3422969295784,0.0015732915668072132,0.15818278281267453,0.1177970842084243
1151,181141468.28575125,2890.157006880796,0.0015714207183073715,0.15810897588672873,0.1183440344984551
1152,181441468.28575125,2889.9689185751267,0.0015695491235148836,0.1580353611665823,0.11889268389962887
1153,181741468.28575125,2889.7813969901113,0.0015676842483447818,0.15796194633812327,0.11944246744178028
1154,182041468.28575125,2889.5935157245617,0.001565824227693583,0.15788873928840164,0.11999352224381557
1155,182341468.28575125,2889.4066693279055,0.0015639724444996145,0.15781575871879958,0.12054558589201944
1156,182641468.28575125,2889.216667293651,0.0015621191390477825,0.1577429703492814,0.12109940451451315
1157,182941468.28575125,2889.0292450682023,0.0015602771242760368,0.15767039484050807,0.12165398582369201
1158,183241468.28575125,2888.848759058096,0.001558455955536082,0.15759804145614725,0.12220857220014314
1159,183541468.28575125,2888.6808814686005,0.001556667933235472,0.15752591695006762,0.12276217843510459
1160,183841468.28575125,2888.5130689599796,0.001554885328497911,0.15745398985559145,0.12331696223924718
1161,184141468.28575125,2888.3457677689726,0.0015531091526169885,0.15738226324579227,0.12387283884641528
1162,184441468.28575125,2888.1790749521883,0.0015513396009195722,0.15731073707847495,0.12442978727213827
1163,184741468.28575125,2888.0130121483962,0.0015495766818917713,0.15723941008745193,0.12498780118941949
1164,185041468.28575125,2887.8466467004732,0.0015478181861020462,0.15716827227835625,0.12554705362531607
1165,185341468.28575125,2887.681268153564,0.0015460670887220494,0.15709733480960786,0.1261072987982322
1166,185641468.28575125,2887.516116665464,0.0015443216216396122,0.15702659121952622,0.12666867517018401
1167,185941468.28575125,2887.351365596157,0.0015425820332130833,0.15695603580113182,0.12723115836707663
1168,186241468.28575125,2887.1850168844994,0.0015408439058936627,0.1568856613586531,0.12779510820112483
1169,186541468.28575125,2887.0145787410147,0.0015391019370197322,0.1568154682919322,0.1283609648363201
1170,186841468.28575125,2886.840599302205,0.001537357085342095,0.15674544492638348,0.1289286534431268
1171,187141468.28575125,2886.664750149025,0.001535613268237376,0.15667560879308556,0.12949784925499927
1172,187441468.28575125,2886.486284712305,0.0015338687077882077,0.15660594990597868,0.1300687027933156
1173,187741468.28575125,2886.3048553403733,0.0015321226796644852,0.15653646845682662,0.13064127741653653
1174,188041468.28575125,2886.1204893614586,0.0015303752653358293,0.15646716501219454,0.1312155690446009
1175,188341468.28575125,2885.9330810727106,0.0015286261797320122,0.15639803582288705,0.1317916047527146
1176,188641468.28575125,2885.7424175480132,0.001526875001510235,0.15632908172266585,0.13236942411680716
1177,188941468.28575125,2885.547824318025,0.0015251202431613346,0.15626029881892822,0.13294915982342861
1178,189241468.28575125,2885.3502842792464,0.0015233641012749842,0.15619169232459384,0.1335306250952165
1179,189541468.28575125,2885.1639508709377,0.001521637102171977,0.1561232959068559,0.13411114041416516
1180,189841468.28575125,2884.9741396316226,0.0015199072266424264,0.1560550588123669,0.13469350376791722
1181,190141468.28575125,2884.780851026803,0.0015181745832009094,0.15598698572418684,0.13527771067490005
1182,190441468.28575125,2884.585516276277,0.0015164423908426536,0.15591908657698533,0.13586347631800283
1183,190741468.28575125,2884.389978450288,0.0015147146268003678,0.15585136650196213,0.13645044437185394
1184,191041468.28575125,2884.1939184128078,0.0015129905846738329,0.15578382395165172,0.13703867470089748
1185,191341468.28575125,2884.009310944626,0.0015112961565471878,0.15571649995122633,0.13762581202756272
1186,191641468.28575125,2883.8317750269466,0.0015096217558201257,0.15564937761287573,0.13821270044618084
1187,191941468.28575125,2883.6585931941686,0.0015079614277576988,0.15558244582342817,0.1387998639016609
1188,192241468.28575125,2883.488173803743,0.0015063117416473006,0.1555157010513166,0.13938760419401222
1189,192541468.28575125,2883.3179385777617,0.0015046670797973468,0.15544913244785816,0.13997643135454427
1190,192841468.28575125,2883.1477529236968,0.0015030271214901832,0.1553827383845195,0.1405663701817044
1191,193141468.28575125,2882.9777602709105,0.0015013921569727246,0.15531651881300673,0.14115738897767824
1192,193441468.28575125,2882.807585490268,0.00149976133871753,0.15525047071092632,0.1417495628789944
1193,193741468.28575125,2882.637020688508,0.0014981342088433915,0.15518459305560492,0.14234293204698223
1194,194041468.28575125,2882.465864720629,0.0014965103256266348,0.15511888484048306,0.14293753456984412
1195,194341468.28575125,2882.294084071085,0.001494889582772839,0.15505334432797305,0.14353337736810187
1196,194641468.28575125,2882.118084457733,0.001493264250519667,0.15498795710247815,0.1441312016956198
1197,194941468.28575125,2881.943439241182,0.0014916462835024382,0.15492274370123402,0.14472985639321026
1198,195241468.28575125,2881.770216577261,0.0014900358055299407,0.1548577040557769,0.14532932234536633
1199,195541468.28575125,2881.5989302014596,0.0014884339644687088,0.1547928435017531,0.1459294791385831
1200,195841468.28575125,2881.424479667447,0.0014868298508604197,0.15472814317864178,0.14653139042711047
1201,196141468.28575125,2881.247819097805,0.001485225448123134,0.15466360323198894,0.14713486242667714
1202,196441468.28575125,2881.0720769079976,0.001483627360792227,0.1545992316492038,0.14773924097167906
1203,196741468.28575125,2880.8971464278175,0.0014820353378162008,0.15453502744845615,0.14834454439019132
1204,197041468.28575125,2880.723023403,0.0014804493457557149,0.15447098996564584,0.1489507694798154
1205,197341468.28575125,2880.5501598089713,0.001478870313545187,0.15440711985988978,0.14955781593199674
1206,197641468.28575125,2880.383927154065,0.0014773095791927179,0.1543434345152884,0.15016452626291488
1207,197941468.28575125,2880.2195198294003,0.0014757569205407586,0.15427991694795237,0.15077192202764195
1208,198241468.28575125,2880.0528888545336,0.0014742037502435946,0.15421655254658911,0.15138087284038573
1209,198541468.28575125,2879.8840530424154,0.0014726500930757973,0.15415334020355348,0.1519913773746121
1210,198841468.28575125,2879.7132059226606,0.0014710963735015611,0.15409028105278566,0.15260339288183503
1211,199141468.28575125,2879.5404397676334,0.001469542903181476,0.15402738123608153,0.15321688708982065
1212,199441468.28575125,2879.3646694359036,0.0014679869971607445,0.15396461572410144,0.15383214207905266
1213,199741468.28575125,2879.187254483747,0.0014664319856591316,0.15390201325194006,0.15444881114763706
1214,200041468.28575125,2879.007968718738,0.0014648771996189495,0.15383956268144683,0.15506696439869733
1215,200341468.28575125,2878.8275749815416,0.0014633245577431494,0.15377728305913876,0.15568639551192148
1216,200641468.28575125,2878.645504187961,0.0014617726006970768,0.1537151584420984,0.15630726053945856
1217,200941468.28575125,2878.4618924733027,0.0014602216026069353,0.1536531885165706,0.15692952989231668
1218,201241468.28575125,2878.278679157765,0.0014586761961243731,0.1535914100491231,0.15755270190614507
1219,201541468.28575125,2878.104331489896,0.0014571540835514546,0.15352985280412254,0.15817485357836467
1220,201841468.28575125,2877.9324601155145,0.001455641135477628,0.15346845663570668,0.1587974960665145
1221,202141468.28575125,2877.76003648821,0.0014541309882628247,0.15340720987247167,0.15942131367283244
1222,202441468.28575125,2877.5900522144357,0.0014526302098703283,0.15334614048227915,0.1600455803271118
1223,202741468.28575125,2877.420526568933,0.0014511343818020379,0.15328522725634028,0.16067077353507606
1224,203041468.28575125,2877.2496438897842,0.001449639696325054,0.1532244628056633,0.1612973096630987
1225,203341468.28575125,2877.0777577540957,0.0014481468977589826,0.15316384873288252,0.16192510425390852
1226,203641468.28575125,2876.905355054133,0.001446657139159973,0.1531033942310405,0.1625540266245539
1227,203941468.28575125,2876.7316003157293,0.0014451683860865372,0.15304308064106317,0.16318430258784639
1228,204241468.28575125,2876.5582746382534,0.0014436844723480602,0.15298292152049342,0.16381549729553818
1229,204541468.28575125,2876.398780277674,0.0014422329504426342,0.15292295300180941,0.16444447086364564
1230,204841468.28575125,2876.240672552465,0.0014407880960617978,0.15286313782308322,0.16507412308150463
1231,205141468.28575125,2876.0825561842867,0.0014393469783954861,0.15280346939715175,0.1657047826289845
1232,205441468.28575125,2875.9247654720702,0.0014379103049048103,0.15274395007797686,0.16633636279258057
1233,205741468.28575125,2875.76659363448,0.0014364765979157001,0.1526845767776366,0.16696902948992712
1234,206041468.28575125,2875.6079449215454,0.0014350456521461776,0.1526253489180853,0.16760280277214648
1235,206341468.28575125,2875.4494500943297,0.0014336187505904906,0.15256626797830034,0.16823752935417527
1236,206641468.28575125,2875.292740928559,0.0014321992431261693,0.1525073395490782,0.16887281010374547
1237,206941468.28575125,2875.135113228169,0.0014307816006082121,0.15244855666850787,0.1695092883367719
1238,207241468.28575125,2874.9761649208053,0.0014293649437426017,0.15238991510064165,0.17014706678564134
1239,207541468.28575125,2874.8167062410043,0.0014279509421528465,0.15233141792164898,0.1707859453488961
1240,207841468.28575125,2874.6544957484175,0.0014265349963588942,0.15227305724489568,0.1714264726279313
1241,208141468.28575125,2874.488882981663,0.001425115756480223,0.15221482932210934,0.17206881330761511
1242,208441468.28575125,2874.3200972832406,0.0014236936924491514,0.1521567342362337,0.1727129147508526
1243,208741468.28575125,2874.1489686493805,0.0014222706363956567,0.15209878142713992,0.17335855806981587
1244,209041468.28575125,2873.976137069675,0.0014208479941899145,0.15204097798731844,0.1740055722462337
1245,209341468.28575125,2873.8032145803554,0.0014194288982836093,0.15198332090389038,0.17465357302107365
1246,209641468.28575125,2873.6286280850845,0.0014180100582203634,0.15192580051208227,0.1753029614469754
1247,209941468.28575125,2873.4541078736193,0.0014165950634107962,0.15186842609984139,0.17595329264068316
1248,210241468.28575125,2873.2795227572074,0.001415183627210024,0.15181119647100427,0.1766045972506437
1249,210541468.28575125,2873.104724856036,0.0014137754401491506,0.15175411091212895,0.1772569092141817
1250,210841468.28575125,2872.9298010366724,0.001412370656922178,0.15169716878584488,0.17791020456356652
1251,211141468.28575125,2872.756030165993,0.001410971847380813,0.15164037342736744,0.17856415440168644
1252,211441468.28575125,2872.5834064955875,0.001409579069518538,0.15158372919674673,0.17921874303279664
1253,211741468.28575125,2872.415279768623,0.001408199216079555,0.15152725416047594,0.17987308380894412
1254,212041468.28575125,2872.2405716920603,0.0014068097029936919,0.15147090261051252,0.18053005024798377
1255,212341468.28575125,2872.063498323265,0.001405419003218363,0.15141468475107303,0.1811885662385107
1256,212641468.28575125,2871.884497365782,0.0014040280311481282,0.15135860330936377,0.1818485153177133
1257,212941468.28575125,2871.7042085332337,0.0014026380736780382,0.1513026599959428,0.1825097307296634
1258,213241468.28575125,2871.528702168676,0.0014012613436032997,0.15124687435339532,0.1831706188014236
1259,213541468.28575125,2871.3539088973757,0.0013998895895071552,0.15119123104971602,0.1838322419147346
1260,213841468.28575125,2871.179956621296,0.0013985230725514924,0.15113573122261528,0.18449455867406472
1261,214141468.28575125,2871.0068948431845,0.0013971618810055529,0.1510803749633198,0.1851575500400954
1262,214441468.28575125,2870.8347651924905,0.0013958060713715856,0.1510251614899131,0.18582120106845465
1263,214741468.28575125,2870.663558328765,0.0013944556136106735,0.15097009070867035,0.1864855081905068
1264,215041468.28575125,2870.491795125571,0.001393107524761966,0.15091515712208772,0.18715086350048135
1265,215341468.28575125,2870.318750305402,0.0013917600006363756,0.15086033929764947,0.18781750670354033
1266,215641468.28575125,2870.1475121795434,0.0013904195472140024,0.15080566538482504,0.18848455702727296
1267,215941468.28575125,2869.978063454988,0.0013890861140113426,0.150751135257697,0.18915201101961987
1268,216241468.28575125,2869.8275026584715,0.001387792785378415,0.15069675027863075,0.18981534305797002
1269,216541468.28575125,2869.68218474791,0.0013865127505513163,0.15064249206596914,0.19047817481031817
1270,216841468.28575125,2869.538828459103,0.0013852398453756737,0.15058837163290684,0.1911413345821836
1271,217141468.28575125,2869.3972190815125,0.0013839736261610823,0.15053438816276754,0.19180487346612143
1272,217441468.28575125,2869.2574732550506,0.0013827143080625813,0.15048054184988896,0.19246875191461035
1273,217741468.28575125,2869.1195183621494,0.0013814617279176292,0.1504268321749512,0.19313298277845478
1274,218041468.28575125,2868.98338495926,0.0013802159322218674,0.15037325919272757,0.19379754976244332
1275,218341468.28575125,2868.8490911979716,0.0013789769305467602,0.1503198222523119,0.1944624417107173
1276,218641468.28575125,2868.716731191514,0.0013777449071645032,0.15026652227275866,0.19512762211852572
1277,218941468.28575125,2868.587554682634,0.001376522279291071,0.15021336101061014,0.19579273831604946
1278,219241468.28575125,2868.4610910548713,0.0013753082113250224,0.15016034320185848,0.19645789588600024
1279,219541468.28575125,2868.3342488828484,0.0013740962740621027,0.15010744220280248,0.1971240035611401
1280,219841468.28575125,2868.2092213582687,0.0013728912234384917,0.1500546885411966,0.19779037259617743
1281,220141468.28575125,2868.08010970072,0.0013716811110972315,0.15000204664475267,0.19845871915129631
1282,220441468.28575125,2867.950990859202,0.0013704740385622736,0.1499495325217544,0.1991278756592722
1283,220741468.28575125,2867.8213068186687,0.0013692687384442334,0.14989713534899698,0.19979802253438966
1284,221041468.28575125,2867.6845246518656,0.0013680524913341134,0.14984484132191275,0.2004710148056447
1285,221341468.28575125,2867.5459550391483,0.0013668357524258194,0.14979266681722195,0.2011453335673689
1286,221641468.28575125,2867.406139750532,0.001365619680920239,0.14974061854169332,0.20182080684021897
1287,221941468.28575125,2867.2649672369885,0.001364404047651265,0.14968869546369742,0.20249746686141284
1288,222241468.28575125,2867.1219138074844,0.0013631877113155129,0.1496368894682105,0.20317548397908253
1289,222541468.28575125,2866.9770528326326,0.0013619708840175195,0.14958520425774233,0.20385482602750127
1290,222841468.28575125,2866.8307053936555,0.001360754222758332,0.1495336421733709,0.20453539408694293
1291,223141468.28575125,2866.6831622305235,0.001359538311241216,0.14948220480985064,0.2052170992304396
1292,223441468.28575125,2866.534529323244,0.0013583233484998623,0.14943089197233092,0.20589990995751398
1293,223741468.28575125,2866.3849601246166,0.001357109635302434,0.14937970415446344,0.2065837786240827
1294,224041468.28575125,2866.234340234888,0.0013558969412999762,0.1493286405685901,0.20726873804999382
1295,224341468.28575125,2866.0823632990073,0.0013546846748098687,0.1492777004730656,0.20795487678979446
1296,224641468.28575125,2865.929200907962,0.001353473171077852,0.14922688434432396,0.20864214184479785
1297,224941468.28575125,2865.77330011644,0.0013522592815974409,0.14917618010317774,0.20933101790979144
1298,225241468.28575125,2865.6180312115707,0.0013510498000189476,0.1491256113895584,0.21002045418484017
1299,225541468.28575125,2865.463949977123,0.001349845558959775,0.14907516675995233,0.21071031408992147
1300,225841468.28575125,2865.3102815562092,0.0013486451162329756,0.14902484766813517,0.21140081469083707
1301,226141468.28575125,2865.157419102074,0.0013474492467526477,0.14897465639968457,0.2120918282576424
1302,226441468.28575125,2865.0050636354395,0.0013462573812043296,0.14892459298498611,0.2127834370680625
1303,226741468.28575125,2864.852010677723,0.0013450671026306103,0.1488746492094495,0.21347601694018586
1304,227041468.28575125,2864.6972131320113,0.0013438760904575674,0.1488248054081828,0.2141699359228076
1305,227341468.28575125,2864.5419485109737,0.0013426869209547116,0.14877507134095516,0.2148647824332295
1306,227641468.28575125,2864.3878461381846,0.0013415029058713296,0.14872546146671872,0.21556002105099667
1307,227941468.28575125,2864.2352622713083,0.0013403247231230165,0.14867597692041584,0.21625553407317757
1308,228241468.28575125,2864.083644983577,0.0013391512964774403,0.14862661587341425,0.2169514865108084
1309,228541468.28575125,2863.9310276072483,0.0013379788015847078,0.14857737050834102,0.21764849103628442
1310,228841468.28575125,2863.777352160248,0.0013368071011682287,0.14852823916199126,0.21834656807901354
1311,229141468.28575125,2863.623703973572,0.0013356382654530867,0.1484792242874522,0.21904537693652906
1312,229441468.28575125,2863.4724503410157,0.0013344769095264158,0.14843033733920394,0.2197441541958092
1313,229741468.28575125,2863.319962713824,0.0013333159175242678,0.14838155927011645,0.220444062316276
1314,230041468.28575125,2863.1662169542055,0.001332155251213867,0.1483328903314182,0.22114510560527723
1315,230341468.28575125,2863.0128424445047,0.0013309981332765412,0.14828434113216316,0.22184674747736965
1316,230641468.28575125,2862.8782185913756,0.0013298795311655176,0.1482359575105682,0.22254314225104693
1317,230941468.28575125,2862.7456822225945,0.0013287676343412215,0.14818769569262746,0.2232395650691237
1318,231241468.28575125,2862.607617730841,0.0013276478804309473,0.14813953216913248,0.22393845535669565
1319,231541468.28575125,2862.4717463840957,0.0013265350309784416,0.14809149078977457,0.22463732926727992
1320,231841468.28575125,2862.338247605335,0.0013254294049307913,0.14804357154757125,0.22533612174654521
1321,232141468.28575125,2862.206962574011,0.0013243306709791883,0.1479957731344471,0.22603487753335608
1322,232441468.28575125,2862.077942778558,0.0013232389090792878,0.14794809543162976,0.2267335711228952
1323,232741468.28575125,2861.9509148552665,0.0013221535340701368,0.14790053470632533,0.2274322918551227
1324,233041468.28575125,2861.8260074582636,0.0013210747840325218,0.14785309165460744,0.22813098848180838
1325,233341468.28575125,2861.703398050401,0.001320003004870002,0.14780576800547926,0.22882959010762252
1326,233641468.28575125,2861.5830195525828,0.0013189380423045665,0.14775856277968064,0.22952811224304326
1327,233941468.28575125,2861.4647645406517,0.0013178796651902203,0.14771147482752897,0.2302265838496687
1328,234241468.28575125,2861.3486269297046,0.0013168278746989348,0.1476645055248965,0.23092499270073902
1329,234541468.28575125,2861.2325402753168,0.0013157787089279915,0.14761764653239054,0.23162402505921956
1330,234841468.28575125,2861.1168983586176,0.0013147328951986826,0.14757089822874386,0.2323235476659596
1331,235141468.28575125,2861.001729686266,0.0013136904766514461,0.14752426036940822,0.23302354684224585
1332,235441468.28575125,2860.884835530157,0.0013126473413698572,0.14747772893093292,0.23372474746419006
1333,235741468.28575125,2860.765420561934,0.001311601997943073,0.1474313018280637,0.23442741470660183
1334,236041468.28575125,2860.6464448340053,0.0013105599780606906,0.1473849846662227,0.23513056099042595
1335,236341468.28575125,2860.5278473735852,0.0013095211422320828,0.1473387761504961,0.235834205352523
1336,236641468.28575125,2860.40928174911,0.0013084848385219335,0.1472926755200681,0.2365384597244328
1337,236941468.28575125,2860.290810878937,0.0013074511836709169,0.14724668304325164,0.2372432977713447
1338,237241468.28575125,2860.1724845995195,0.0013064202406838405,0.14720079732708397,0.2379487030532898
1339,237541468.28575125,2860.054408260282,0.0013053922087751589,0.1471550189557001,0.23865463397573392
1340,237841468.28575125,2859.9364893226602,0.0013043668955358923,0.1471093468199946,0.2393611203135152
1341,238141468.28575125,2859.8183384418644,0.0013033435025813624,0.14706377611800428,0.2400683038141267
1342,238441468.28575125,2859.6995564356,0.0013023211267480348,0.14701829701651575,0.2407763477713059
1343,238741468.28575125,2859.5756501646324,0.0013012916041556114,0.14697291034795607,0.24148676157483048
1344,239041468.28575125,2859.445788359683,0.0013002533898077695,0.14692761320933928,0.24219983971307038
1345,239341468.28575125,2859.2622992646543,0.0012991178380493092,0.14688229107643086,0.2429321386225124
1346,239641468.28575125,2859.068738975933,0.0012979662646910612,0.146837056271758,0.24366857917450443
1347,239941468.28575125,2858.878067981689,0.0012968227743013338,0.14679193973364968,0.24440465656224492
1348,240241468.28575125,2858.6904562837262,0.0012956876523100428,0.14674694112068587,0.2451403027889541
1349,240541468.28575125,2858.5057266208537,0.001294560535594398,0.14670205903641706,0.24587557247004338
1350,240841468.28575125,2858.323784105207,0.0012934412220411387,0.14665729269070124,0.24661048955219908
1351,241141468.28575125,2858.145070709331,0.0012923304937157605,0.14661264200251586,0.24734489059349082
1352,241441468.28575125,2857.9697709003235,0.0012912286673238608,0.14656810702812104,0.2480787000856739
1353,241741468.28575125,2857.7970909301775,0.0012901342358643056,0.14652368462351736,0.24881219230225857
1354,242041468.28575125,2857.6267650946997,0.0012890467086542833,0.14647937498456534,0.24954544879457566
1355,242341468.28575125,2857.4586252335666,0.00128796567950073,0.14643517302223652,0.2502785363617293
1356,242641468.28575125,2857.2925268210483,0.0012868907996011248,0.1463910744205363,0.251011511531057
1357,242941468.28575125,2857.130279049303,0.0012858257827304531,0.14634710585126556,0.2517436354679641
1358,243241468.28575125,2856.969085311658,0.0012847648450475416,0.14630322555418024,0.2524760286406146
1359,243541468.28575125,2856.810836448469,0.0012837118967927454,0.14625946307881232,0.2532079110439771
1360,243841468.28575125,2856.6546818580273,0.0012826651783771322,0.14621580609927395,0.2539396172189522
1361,244141468.28575125,2856.505381993643,0.001281633783235411,0.14617228664316734,0.25466933143199505
1362,244441468.28575125,2856.3606100197694,0.0012806132098177228,0.14612888776222166,0.2553979257346365
1363,244741468.28575125,2856.218146712653,0.0012795991920632078,0.14608559418080855,0.256126232204704
1364,245041468.28575125,2856.0778758806823,0.0012785914959336487,0.14604240511037178,0.25685428607044164
1365,245341468.28575125,2855.9413198807124,0.0012775930754655284,0.14599933435369564,0.257581479419442
1366,245641468.28575125,2855.807554818853,0.001276602137631406,0.1459563748686548,0.2583081590755177
1367,245941468.28575125,2855.6761205792814,0.0012756177492208526,0.14591352109812103,0.2590345013982765
1368,246241468.28575125,2855.5469409380244,0.0012746397488028773,0.14587077227328132,0.25976052750905326
1369,246541468.28575125,2855.4191829389415,0.0012736665506640282,0.14582812335409334,0.260486548618321
1370,246841468.28575125,2855.293215675808,0.0012726988259687923,0.14578557555539398,0.2612124186958905
1371,247141468.28575125,2855.17090130751,0.0012717402333186649,0.14574314895368037,0.261937372831633
1372,247441468.28575125,2855.0510721991154,0.0012707884126985632,0.14570082840485998,0.2626618851547327
1373,247741468.28575125,2854.9326760401273,0.0012698413456025549,0.1456586062123832,0.2633863616024498
1374,248041468.28575125,2854.815874990283,0.0012688993282168996,0.14561648328095703,0.2641107312727713
1375,248341468.28575125,2854.7011030083436,0.0012679631645634963,0.1455744619923827,0.2648348167253801
1376,248641468.28575125,2854.58640262606,0.0012670291338305745,0.14553252882882958,0.26555938674973667
1377,248941468.28575125,2854.473510485653,0.0012661005576961948,0.14549069775284162,0.2662837383506114
1378,249241468.28575125,2854.3633959319277,0.0012651792304224625,0.1454489736408415,0.2670074838016041
1379,249541468.28575125,2854.2422817119063,0.0012642401315010247,0.14540732210936216,0.2677358989939507
1380,249841468.28575125,2854.1182106920073,0.0012632977476799954,0.1453657551210957,0.2684659381448011
1381,250141468.28575125,2853.9934245834324,0.0012623562525396822,0.145324284107305,0.2691967171964913
1382,250441468.28575125,2853.8699614497586,0.0012614193183844678,0.14528291302910493,0.26992744900694504
1383,250741468.28575125,2853.746783872042,0.001260485045548396,0.1452416384685416,0.27065853244557725
1384,251041468.28575125,2853.610796370198,0.0012595297245085344,0.145200426679423,0.27139506298337684
1385,251341468.28575125,2853.4636690251236,0.0012585564045981992,0.1451592809140975,0.2721364114993867
1386,251641468.28575125,2853.3164814699885,0.0012575851970785634,0.14511823218668057,0.272878253814815
1387,251941468.28575125,2853.1701193425065,0.0012566177204595321,0.14507728400144868,0.2736202335062338
1388,252241468.28575125,2853.0234752228016,0.0012556519297110963,0.14503643118405546,0.27436278881699877
1389,252541468.28575125,2852.8762439763777,0.0012546872540596986,0.14499567185980486,0.27510604075027045
1390,252841468.28575125,2852.7285967863013,0.0012537240084637264,0.14495500685941295,0.2758499168891691
1391,253141468.28575125,2852.580355928782,0.0012527618573388859,0.14491443488892095,0.27659448771465356
1392,253441468.28575125,2852.4325254352166,0.001251802641969308,0.14487396052552862,0.27733934259905724
1393,253741468.28575125,2852.2860741278237,0.0012508480958237935,0.14483358598033017,0.27808409085255875
1394,254041468.28575125,2852.140978553305,0.0012498981813120597,0.14479331191259753,0.27882873181112255
1395,254341468.28575125,2851.995668912956,0.0012489500208270343,0.14475313136477877,0.27957389987580983
1396,254641468.28575125,2851.8487142447843,0.001248001051978114,0.14471304109894076,0.2803201638962702
1397,254941468.28575125,2851.7002064502726,0.001247051369558816,0.14467303707565257,0.28106750427286664
1398,255241468.28575125,2851.5506566997774,0.0012461019842658582,0.14463312589695881,0.28181569140757134
1399,255541468.28575125,2851.3997332053464,0.0012451522618006105,0.1445933043050257,0.2825648679348258
1400,255841468.28575125,2851.247635692058,0.0012442025699872625,0.14455357326105023,0.28331494914986105
1401,256141468.28575125,2851.0942844423694,0.0012432527371523195,0.1445139307591961,0.2840659731142873
1402,256441468.28575125,2850.939497821886,0.0012423024674601474,0.14447437787690717,0.28481800619185943
1403,256741468.28575125,2850.78311081413,0.0012413514467512947,0.14443491289194973,0.28557112064380324
1404,257041468.28575125,2850.625617810029,0.001240400569377277,0.1443955375699967,0.2863251099916147
1405,257341468.28575125,2850.467452251225,0.0012394505984612387,0.14435625235458144,0.28707979680727586
1406,257641468.28575125,2850.30823945746,0.0012385008665341372,0.14431705629885427,0.28783533345590695
1407,257941468.28575125,2850.1479558592273,0.0012375513316328379,0.14427794926099816,0.28859172797494426
1408,258241468.28575125,2849.9864803209784,0.0012366017800501032,0.14423893095201074,0.2893490282514349
1409,258541468.28575125,2849.8234702326113,0.0012356516061157623,0.14420000058995575,0.29010737504820383
1410,258841468.28575125,2849.6590195404588,0.001234700968905759,0.14416115776830532,0.2908667307185918
1411,259141468.28575125,2849.493154489287,0.0012337499169874158,0.14412240250110556,0.29162708366415246
1412,259441468.28575125,2849.325545917569,0.0012327978283284112,0.1440837315662996,0.29238858138656393
1413,259741468.28575125,2849.1590824614173,0.0012318498583002188,0.14404515406395452,0.29314999803028613
1414,260041468.28575125,2849.0072683724875,0.0012309299427489193,0.1440067053547061,0.29390562218476207
1415,260341468.28575125,2848.8549402735216,0.0012300112578628617,0.1439683514960653,0.2946618155284427
1416,260641468.28575125,2848.718100347081,0.0012291218965828424,0.14393012037751268,0.2954118353287279
1417,260941468.28575125,2848.58468909195,0.0012282405485053082,0.14389198540530834,0.2961607594171016
1418,261241468.28575125,2848.4507318815376,0.0012273601478629491,0.14385393479933087,0.29691027798046316
1419,261541468.28575125,2848.321696197196,0.0012264903983669679,0.1438159853709818,0.2976580362238045
1420,261841468.28575125,2848.1978484716847,0.0012256317184766736,0.1437781358993503,0.298403915284431
1421,262141468.28575125,2848.074421495897,0.0012247756590213195,0.14374037295361822,0.29914995323012333
1422,262441468.28575125,2847.9514031236135,0.0012239221820012586,0.14370269573341793,0.2998961535652297
1423,262741468.28575125,2847.828781365764,0.0012230712794749686,0.1436651051826376,0.30064251224463656
1424,263041468.28575125,2847.70648437907,0.0012222228095934396,0.14362760041269532,0.3013890583710766
1425,263341468.28575125,2847.5849156650484,0.0012213774646022753,0.1435901816050742,0.3021356152791074
1426,263641468.28575125,2847.464953182606,0.0012205367836153776,0.1435528510096311,0.3028817951414992
1427,263941468.28575125,2847.3453289700765,0.0012196985214626285,0.1435156047918068,0.3036281462875412
1428,264241468.28575125,2847.2261478503056,0.0012188628753500633,0.14347844417581557,0.30437461391170584
1429,264541468.28575125,2847.1072613554693,0.0012180295668834686,0.14344136793229872,0.30512126185983734
1430,264841468.28575125,2846.988659026359,0.0012171985722798818,0.14340437588618676,0.3058680905286478
1431,265141468.28575125,2846.870282990706,0.0012163697945445377,0.14336746831978453,0.3066151187695532
1432,265441468.28575125,2846.752009513718,0.0012155430059926171,0.14333064442756377,0.30736239880309
1433,265741468.28575125,2846.6339992886833,0.0012147184812353995,0.14329390436197506,0.308109856146261
1434,266041468.28575125,2846.516240164934,0.00121389619042395,0.14325724774875095,0.30885749308407023
1435,266341468.28575125,2846.3986624370727,0.0012130760020774977,0.14322067400180322,0.30960533799401435
1436,266641468.28575125,2846.2813486804766,0.0012122580598673365,0.14318418344427108,0.3103533487441599
1437,266941468.28575125,2846.1642289775637,0.0012114422331891597,0.14314777555511077,0.31110155344100215
1438,267241468.28575125,2846.04735852287,0.0012106286175558585,0.1431114505768072,0.3118499224849788
1439,267541468.28575125,2845.928220613663,0.0012098128103075238,0.14307520138151303,0.3125995864284181
1440,267841468.28575125,2845.8063607503204,0.0012089940345541765,0.1430390273704893,0.31335074751295156
1441,268141468.28575125,2845.683368254869,0.0012081750637989892,0.14300293253052945,0.31410269016353404
1442,268441468.2857513,2845.559245794016,0.001207355898155977,0.14296691649196935,0.31485541297594577
1443,268741468.2857513,2845.434106611237,0.0012065367532354473,0.142930980540884,0.3156088581059413
1444,269041468.2857513,2845.3078085985735,0.0012057173422498901,0.14289512187222947,0.31636309991805805
1445,269341468.2857513,2845.1807869379454,0.0012048985432383935,0.1428593487217403,0.3171179057415128
1446,269641468.2857513,2845.050373527966,0.0012040753345905933,0.14282363112658464,0.31787459924107975
1447,269941468.2857513,2844.919929347296,0.0012032540353040695,0.1427880060692751,0.31863151254430155
1448,270241468.2857513,2844.7889772747776,0.0012024338896953737,0.1427524766989065,0.31938884173219395
1449,270541468.2857513,2844.6546429961186,0.0012016092310527854,0.14271699493893492,0.32014809453280557
1450,270841468.2857513,2844.5203429479657,0.0012007866010141067,0.1426816061218003,0.32090752827168656
1451,271141468.2857513,2844.3851963045913,0.0011999642800186437,0.1426462965242952,0.32166759926160643
1452,271441468.2857513,2844.2471869433753,0.0011991388390239525,0.1426110643692967,0.3224292264810401
1453,271741468.2857513,2844.090415856915,0.0011982828084524002,0.14257586907008074,0.32319980746699556
1454,272041468.2857513,2843.9326872318015,0.001197426911803319,0.14254075090739637,0.3239711010624921
1455,272341468.2857513,2843.774194207618,0.001196571520377893,0.14250571256271904,0.3247430047952762
1456,272641468.2857513,2843.6150275032987,0.001195716807592002,0.14247075524774017,0.3255154692220421
1457,272941468.2857513,2843.456503108041,0.0011948651167184143,0.14243588677768845,0.3262878529359085
1458,273241468.2857513,2843.299040516002,0.0011940170624183068,0.14240110204796597,0.3270599808622022
1459,273541468.2857513,2843.141681992602,0.0011931709916897372,0.14236639869282908,0.32783229848237744
1460,273841468.2857513,2842.983996863158,0.0011923261667160948,0.1423317759411253,0.32860500388897257
1461,274141468.2857513,2842.825938079674,0.0011914825032448945,0.14229723352990925,0.32937811628879626
1462,274441468.2857513,2842.6676538861684,0.0011906402665039012,0.14226277251522357,0.3301515585707413
1463,274741468.2857513,2842.5092776079646,0.0011897996917254277,0.14222839369389648,0.330925261432538
1464,275041468.2857513,2842.3792418354237,0.0011890095285273295,0.14219416744817936,0.3316856447140351
1465,275341468.2857513,2842.2525487433068,0.0011882268094602069,0.14216002957379636,0.33244461728514724
1466,275641468.2857513,2842.125315400764,0.0011874447938210004,0.14212596575346825,0.33320405196640906
1467,275941468.2857513,2841.998221645513,0.0011866647262178264,0.1420919825228742,0.33396359560194677
1468,276241468.2857513,2841.871950879352,0.0011858877914810962,0.14205808265840464,0.33472290973964536
1469,276541468.2857513,2841.7448386868555,0.001185111020883014,0.1420242549030007,0.335482826333862
1470,276841468.2857513,2841.6174141330994,0.0011843353219493722,0.14199050072871025,0.3362430868132082
1471,277141468.2857513,2841.489439410375,0.0011835602360267085,0.1419568164329306,0.33700381946571145
1472,277441468.2857513,2841.3614421751927,0.0011827867547655098,0.14192320879205575,0.3377647369207754
1473,277741468.2857513,2841.233582335948,0.0011820151725746436,0.1418896796038542,0.3385257501160399
1474,278041468.2857513,2841.106046387246,0.0011812457826813024,0.14185622798182895,0.3392867706302079
1475,278341468.2857513,2840.9802278019624,0.0011804809834449858,0.1418228590323912,0.34004710339220245
1476,278641468.2857513,2840.8547985339696,0.0011797185038528823,0.14178956926741854,0.34080739350436473
1477,278941468.2857513,2840.7305475816606,0.0011789598352535133,0.14175636977613937,0.3415672021253874
1478,279241468.2857513,2840.607381340299,0.0011782047863265282,0.14172325872112343,0.342326577218471
1479,279541468.2857513,2840.4841060514573,0.001177451111637091,0.14169022040237103,0.3430861651411891
1480,279841468.2857513,2840.361071033791,0.0011766994233624048,0.14165725690104308,0.3438457833360644
1481,280141468.2857513,2840.2372717776425,0.001175947877207199,0.1416243574763042,0.34460596946317923
1482,280441468.2857513,2840.112053621721,0.0011751952803999797,0.14159151549722807,0.34536707320488247
1483,280741468.2857513,2839.985836926572,0.0011744425328760312,0.14155874311770986,0.346128825477391
1484,281041468.2857513,2839.859195605851,0.0011736905985651502,0.14152604116528225,0.3468909408030793
1485,281341468.2857513,2839.733278952919,0.0011729414563081562,0.14149341448236333,0.3476528304110784
1486,281641468.2857513,2839.6079249102418,0.0011721948155648336,0.1414608619116041,0.3484145743116592
1487,281941468.2857513,2839.4828753573724,0.001171450231245566,0.14142838249474748,0.34917629868385985
1488,282241468.2857513,2839.3581533294046,0.001170707740520341,0.14139597633154136,0.34993798711443513
1489,282541468.2857513,2839.233778078462,0.0011699673935495268,0.1413636446883751,0.35069961799743604
1490,282841468.2857513,2839.109805132521,0.0011692292930853315,0.14133138840464193,0.35146115502706676
1491,283141468.2857513,2838.986170290319,0.001168493269160153,0.14129920376244393,0.35222264555499705
1492,283441468.2857513,2838.862718674985,0.0011677590896513159,0.14126709228727216,0.35298415349650025
1493,283741468.2857513,2838.739580885162,0.0011670269548322994,0.1412350532288082,0.3537456137102157
1494,284041468.2857513,2838.6172962802493,0.001166297747654321,0.1412030865247721,0.35450675345082483
1495,284341468.2857513,2838.496785977005,0.001165573051793697,0.1411711966989558,0.35526708336859075
1496,284641468.2857513,2838.3743305029466,0.0011648465749208186,0.14113937285381203,0.356028514477307
1497,284941468.2857513,2838.246178046632,0.0011641120137009502,0.14110760576289658,0.3567929758079137
1498,285241468.2857513,2838.121134656064,0.0011633841757481412,0.1410759168675427,0.35755593693779
1499,285541468.2857513,2838.0185042986454,0.0011626953185191137,0.1410443446292452,0.35830746318252443
1500,285841468.2857513,2837.915539098752,0.001162007328593124,0.14101284097736327,0.3590592385217639
1501,286141468.2857513,2837.8122983226726,0.0011613203057137481,0.1409814061025613,0.3598112291669077
1502,286441468.2857513,2837.708698040341,0.0011606340912344566,0.14095003874440507,0.3605634813085228
1503,286741468.2857513,2837.604778797088,0.0011599487656074668,0.1409187397826735,0.36131596646680647
1504,287041468.2857513,2837.500480517032,0.0011592642149819599,0.1408875082925206,0.3620687172331752
1505,287341468.2857513,2837.3956691121016,0.001158580209581164,0.14085634363599647,0.3628218026679369
1506,287641468.2857513,2837.285184776212,0.0011578881779873648,0.14082523677162267,0.3635779069510242
1507,287941468.2857513,2837.172227331602,0.001157193393904639,0.14079419006708216,0.3643353861101005
1508,288241468.2857513,2837.0586759891767,0.0011564990335524252,0.14076321000257302,0.3650932418299903
1509,288541468.2857513,2836.944623890894,0.0011558052693453,0.14073229781592636,0.36585141686136113
1510,288841468.2857513,2836.8300479355053,0.0011551120494725324,0.14070145264242817,0.3666099254549491
1511,289141468.2857513,2836.710254854073,0.001154411540942845,0.14067066270622686,0.36737125326667236
1512,289441468.2857513,2836.588650168113,0.0011537094374397734,0.14063993654190274,0.3681335981774462
1513,289741468.2857513,2836.4664013752977,0.0011530076996409695,0.14060927772677725,0.3688963350959758
1514,290041468.2857513,2836.343967522341,0.0011523070710863605,0.1405786860883177,0.36965922477890584
1515,290341468.2857513,2836.2194446882395,0.0011516043250370867,0.1405481534721231,0.37042329875718616
1516,290641468.2857513,2836.094084195231,0.0011509016113265224,0.14051768684565905,0.37118786809667326
1517,290941468.2857513,2835.968081052056,0.0011501992772626356,0.14048728804143246,0.37195281851179524
1518,291241468.2857513,2835.841502955805,0.0011494974385063358,0.14045695739763447,0.37271811047351733
1519,291541468.2857513,2835.7141221845254,0.001148795721991045,0.1404266946565171,0.37348386233690256
1520,291841468.2857513,2835.584435544777,0.0011480913011271687,0.14039647579558304,0.37425099572698867
1521,292141468.2857513,2835.4538202237604,0.0011473867427118074,0.14036632113717384,0.37501867354104956
1522,292441468.2857513,2835.32254257754,0.001146682530671904,0.14033623385316507,0.3757867359602878
1523,292741468.2857513,2835.1904111832196,0.0011459783263481611,0.14030621213312996,0.3765552921206819
1524,293041468.2857513,2835.057520615166,0.001145274300096251,0.14027625699185498,0.37732428423774056
1525,293341468.2857513,2834.9238519953537,0.001144570418651817,0.1402463682174576,0.37809372153363535
1526,293641468.2857513,2834.789340896331,0.001143866570242348,0.14021654528787247,0.3788636391684214
1527,293941468.2857513,2834.653962051024,0.0011431627114415058,0.1401867879832735,0.37963405005392836
1528,294241468.2857513,2834.517770825796,0.0011424589439969458,0.1401570970089238,0.38040491869147963
1529,294541468.2857513,2834.3806336696575,0.0011417550304478326,0.14012747094795747,0.3811763227971754
1530,294841468.2857513,2834.242535691532,0.001141050961411301,0.14009791062226679,0.38194826423346395
1531,295141468.2857513,2834.103361606182,0.0011403465511366248,0.14006841594381894,0.38272080413754817
1532,295441468.2857513,2833.96635375433,0.0011396471365130972,0.140038994277599,0.3834921477165039
1533,295741468.2857513,2833.8349009886133,0.0011389582924492036,0.1400096538756294,0.3842604083034798
1534,296041468.2857513,2833.703765372072,0.0011382713760360204,0.13998038181639175,0.3850284821913616
1535,296341468.2857513,2833.5725827897236,0.0011375857683317361,0.1399511761339523,0.3857965738163113
1536,296641468.2857513,2833.441528115522,0.0011369017595170906,0.1399220374901927,0.3865645797274624
1537,296941468.2857513,2833.3107216160324,0.0011362195445305365,0.1398929661154581,0.3873324301513111
1538,297241468.2857513,2833.180135637054,0.0011355390686343704,0.13986396149487032,0.38810013892863543
1539,297541468.2857513,2833.0509717834157,0.001134862293899309,0.13983502601097333,0.38886702999812894
1540,297841468.2857513,2832.9232318926825,0.0011341892211507573,0.13980615985169587,0.38963309486322656
1541,298141468.2857513,2832.79659309079,0.0011335193069746136,0.13977736169222627,0.3903985119321564
1542,298441468.2857513,2832.6709859059833,0.0011328524309674876,0.1397486312229063,0.39116331533488496
1543,298741468.2857513,2832.5463753907825,0.0011321885346206003,0.13971996853063046,0.3919275180975116
1544,299041468.2857513,2832.4228652076513,0.001131527772069209,0.13969137314751853,0.3926910598319681
1545,299341468.2857513,2832.3004541729047,0.0011308701315788058,0.13966284472345386,0.3934539377934841
1546,299641468.2857513,2832.179113274292,0.0011302155597245685,0.13963438307497142,0.3942161629486632
1547,299941468.2857513,2832.0590747977267,0.0011295644414146822,0.13960598933703053,0.39497759352553247
1548,300241468.2857513,2831.940373671499,0.0011289168239426322,0.13957766327697363,0.395738205271794
1549,300541468.2857513,2831.8257374132995,0.0011282771253777481,0.13954940958865028,0.3964964392555541
1550,300841468.2857513,2831.7165041250564,0.00112764750626992,0.13952123078979406,0.39725152151062776
1551,301141468.2857513,2831.6083581105395,0.0011270208611335933,0.13949311327483307,0.3980059372566092
1552,301441468.2857513,2831.5015897878347,0.0011263977043135989,0.13946506051244548,0.39875949699518376
1553,301741468.2857513,2831.3963815048864,0.0011257783519870962,0.13943707440558542,0.39951208069627386
1554,302041468.2857513,2831.2926372219345,0.001125162619572547,0.13940915328746512,0.4002637458089947
1555,302341468.2857513,2831.1901937091334,0.0011245502224447178,0.1393812958835592,0.4010145855789781
1556,302641468.2857513,2831.088829377886,0.0011239407666908323,0.13935349985336465,0.4017647334556423
1557,302941468.2857513,2830.9890374465285,0.0011233351244774265,0.13932577096505067,0.40251386995647687
1558,303241468.2857513,2830.890776151891,0.0011227332154916847,0.13929810865262962,0.40326201524223687
1559,303541468.2857513,2830.794189308366,0.001122135279912999,0.1392705139674431,0.4040090748258742
1560,303841468.2857513,2830.6987669722635,0.0011215403871989884,0.13924297963109716,0.40475537642212694
1561,304141468.2857513,2830.5823689685644,0.0011209126357184514,0.13921545426780754,0.4055138801667651
1562,304441468.2857513,2830.463552716331,0.0011202822760324805,0.1391879887971411,0.40627368963740207
1563,304741468.2857513,2830.3452814555817,0.001119654050293492,0.13916058622733066,0.4070330884871983
1564,305041468.2857513,2830.227607361447,0.0011190280406755588,0.13913324669386332,0.4077920412450834
1565,305341468.2857513,2830.1102219370027,0.001118403739503315,0.13910596911561685,0.40855072766051137
1566,305641468.2857513,2829.9930878544887,0.001117781079477859,0.13907875309049905,0.4093091676345488
1567,305941468.2857513,2829.876900563388,0.0011171611831782022,0.1390516002463524,0.41006694538340716
1568,306241468.2857513,2829.7610055828427,0.0011165429803423545,0.1390245084767974,0.41082444756350717
1569,306541468.2857513,2829.64493230571,0.001115925667617418,0.1389974740983377,0.4115819656874819
1570,306841468.2857513,2829.529533758798,0.0011153106739605722,0.1389705023843125,0.4123389688375969
1571,307141468.2857513,2829.4147908868113,0.001114697964154149,0.13894359318436625,0.41309546426222765
1572,307441468.2857513,2829.30079822681,0.0011140876807947172,0.13891674627474804,0.4138513934773589
1573,307741468.2857513,2829.187552687929,0.0011134798126838307,0.13888996144315782,0.41460675467086655
1574,308041468.2857513,2829.075008497189,0.0011128742816863698,0.1388632384895219,0.41536157106617666
1575,308341468.2857513,2828.963085815377,0.0011122709470438171,0.13883657663901017,0.41611588951259054
1576,308641468.2857513,2828.8515624323427,0.0011116694294439216,0.13880997417774404,0.41686984651019277
1577,308941468.2857513,2828.740620156214,0.0011110700227563548,0.13878343174487176,0.4176233270091356
1578,309241468.2857513,2828.630440613016,0.0011104730194317284,0.13875694994483867,0.4183762156881739
1579,309541468.2857513,2828.5207427362625,0.0011098779593356925,0.13873052777005063,0.4191286801493847
1580,309841468.2857513,2828.4113312495037,0.0011092845135358869,0.13870416394456986,0.4198808397527028
1581,310141468.2857513,2828.3024096404965,0.0011086930179505974,0.1386778596282757,0.4206325626551451
1582,310441468.2857513,2828.1930339434907,0.0011081018963166398,0.13865160889803227,0.4213844423464617
1583,310741468.2857513,2828.0814694439314,0.0011075083209221368,0.13862540483915195,0.4221375528651014
1584,311041468.2857513,2827.9708795076194,0.0011069175020709885,0.13859926330704617,0.4228899096858658
1585,311341468.2857513,2827.8615555245424,0.0011063299152344309,0.13857318573180216,0.42364132460814524
1586,311641468.2857513,2827.753587065402,0.0011057456926587689,0.13854717187430313,0.42439173974552735
1587,311941468.2857513,2827.646158594989,0.0011051634676934755,0.13852121625394034,0.4251416726928761
1588,312241468.2857513,2827.537652285491,0.001104580530564076,0.13849530761730525,0.42589216121640366
1589,312541468.2857513,2827.4302264588673,0.001104000469703119,0.1384694594996233,0.4266418205942735
1590,312841468.2857513,2827.323863792544,0.0011034232498557362,0.13844367160561735,0.4273906577946678
1591,313141468.2857513,2827.218550679926,0.0011028488417163071,0.13841794364468593,0.42813867758952134
1592,313441468.2857513,2827.114075275557,0.0011022768995283423,0.1383922748650589,0.4288860072005047
1593,313741468.2857513,2827.010231388323,0.0011017070882415694,0.1383666645918782,0.4296327710417509
1594,314041468.2857513,2826.906534897109,0.0011011386046559494,0.13834110990429047,0.4303792781311539
1595,314341468.2857513,2826.8091976140145,0.0011005813255853323,0.13831562363118233,0.43112166181220096
1596,314641468.2857513,2826.7113773482547,0.0011000243521830054,0.13829019112436877,0.4318641725932884
1597,314941468.2857513,2826.6127714615664,0.001099467192377206,0.13826481103886984,0.43260700184673734
1598,315241468.2857513,2826.513545917203,0.0010989101045205927,0.1382394833359004,0.4333500468729617
1599,315541468.2857513,2826.4130810595884,0.0010983521288297192,0.13821420819863267,0.4340936843365436
1600,315841468.2857513,2826.3111276859277,0.0010977928742652379,0.13818898526681778,0.4348380693673087
1601,316141468.2857513,2826.208501895302,0.0010972336223464918,0.13816381528006483,0.43558269505630304
1602,316441468.2857513,2826.105433424269,0.0010966747427448166,0.1381386990236185,0.43632741290660265
1603,316741468.2857513,2826.001948622554,0.0010961162788532257,0.13811363665042947,0.4370722034164607
1604,317041468.2857513,2825.898065117474,0.001095558257381775,0.13808862811966674,0.4378170537347701
1605,317341468.2857513,2825.7929490560323,0.0010949993470810643,0.1380636709881492,0.4385624942919863
1606,317641468.2857513,2825.6870656778206,0.0010944402880092275,0.13803876635458204,0.4393082283948304
1607,317941468.2857513,2825.5810465900336,0.0010938820939016983,0.13801391641786317,0.4400538475908613
1608,318241468.2857513,2825.4745616553814,0.0010933242251802977,0.13798911941266495,0.4407995663145345
1609,318541468.2857513,2825.3627583469593,0.0010927590136296755,0.13796436516741906,0.4415484775118926
1610,318841468.2857513,2825.2467393722814,0.0010921882205827058,0.1379396565327658,0.4422998783486633
1611,319141468.2857513,2825.130334970739,0.0010916178915224592,0.1379150008953419,0.4430513292409564
1612,319441468.2857513,2825.0136844947,0.0010910482558133172,0.13789039914945972,0.44380273566590167
1613,319741468.2857513,2824.896792254916,0.0010904793172684397,0.13786585114011654,0.44455409242373545
1614,320041468.2857513,2824.77933775815,0.0010899105298773756,0.13784135364380704,0.4453056213964157
1615,320341468.2857513,2824.6617215269075,0.001089342580445612,0.13781691099917212,0.4460570372888983
1616,320641468.2857513,2824.54377366442,0.0010887751607107558,0.13779252031397105,0.44680846457423146
1617,320941468.2857513,2824.425757008092,0.0010882086734988715,0.1377681814571395,0.4475597366486792
1618,321241468.2857513,2824.307717577001,0.0010876432568653468,0.13774389872951406,0.4483107909266308
1619,321541468.2857513,2824.1894204424525,0.0010870784673014833,0.1377196670082563,0.4490618094708899
1620,321841468.2857513,2824.0709593450833,0.001086514464629024,0.13769548729976414,0.4498127231035665
1621,322141468.2857513,2823.9525136299694,0.0010859515602218792,0.1376713618891257,0.4505633989975742
1622,322441468.2857513,2823.8342542541905,0.0010853900167403043,0.1376472908266827,0.45131372462682545
1623,322741468.2857513,2823.7161286939254,0.0010848296909778407,0.13762327023411144,0.4520637580979808
1624,323041468.2857513,2823.598046372774,0.001084270498459739,0.13759930365330766,0.45281352844526757
1625,323341468.2857513,2823.4818483245526,0.0010837153091830096,0.13757539390922482,0.45356183311424275
1626,323641468.2857513,2823.3658809787335,0.0010831614908203416,0.13755153530290123,0.45430976793028693
1627,323941468.2857513,2823.249892073581,0.001082608685053789,0.137527729738915,0.4550574776188464
1628,324241468.2857513,2823.133923701186,0.0010820569479175032,0.1375039767316431,0.4558049353803879
1629,324541468.2857513,2823.0180070081337,0.001081506312920753,0.13748027543682323,0.4565521242322295
1630,324841468.2857513,2822.902162433998,0.0010809568137708813,0.13745662606994563,0.4572990263569294
1631,325141468.2857513,2822.786393586329,0.001080408453036158,0.13743302850887693,0.4580456372293062
1632,325441468.2857513,2822.670698649058,0.0010798612156682937,0.13740948203907122,0.45879196031139996
1633,325741468.2857513,2822.55506794131,0.0010793150879208685,0.13738598679305747,0.45953799781285454
1634,326041468.2857513,2822.439555643569,0.0010787701561327315,0.13736254305771486,0.4602837094668786
1635,326341468.2857513,2822.3246521987467,0.0010782273355503856,0.13733916146246208,0.4610286945930635
1636,326641468.2857513,2822.209850405062,0.00107768567619296,0.13731583098940608,0.4617733608338448
1637,326941468.2857513,2822.0951352240186,0.0010771451484669376,0.13729255128396153,0.4625177173925843
1638,327241468.2857513,2821.9805498691994,0.001076605829149853,0.13726932310239834,0.46326172729068427
1639,327541468.2857513,2821.866036251521,0.0010760676042984518,0.13724614490097387,0.46400543709326275
1640,327841468.2857513,2821.7516713154837,0.0010755306132044136,0.1372230181445559,0.46474878252852314
1641,328141468.2857513,2821.637358520721,0.0010749947106100477,0.13719994302637345,0.4654918229336372
1642,328441468.2857513,2821.5231427833082,0.0010744599397756946,0.13717691800201143,0.4662345367059409
1643,328741468.2857513,2821.409081032184,0.0010739263990071342,0.13715394387994623,0.46697687706414565
1644,329041468.2857513,2821.2951138233257,0.001073393973317613,0.1371310191678993,0.4677188914739598
1645,329341468.2857513,2821.2058266216104,0.001072900913306615,0.13710819835948046,0.46844389729279823
1646,329641468.2857513,2821.123335821363,0.0010724193146495163,0.13708543918463714,0.46916401972184135
1647,329941468.2857513,2821.038128397961,0.0010719343785142272,0.1370627208077291,0.4698857124156351
1648,330241468.2857513,2820.943130306422,0.0010714351062671627,0.13704002686108852,0.47061380184901996
1649,330541468.2857513,2820.8476229247676,0.0010709359744686504,0.13701738056687418,0.47134195095715953
1650,330841468.2857513,2820.751646613125,0.0010704370491301772,0.13699478221020425,0.47207012894243294
1651,331141468.2857513,2820.655228650423,0.0010699383727434248,0.13697223184837914,0.4727983153167714
1652,331441468.2857513,2820.5583302332466,0.0010694398707830476,0.13694972846812373,0.47352654187112175
1653,331741468.2857513,2820.4609799946293,0.0010689415950837122,0.13692727259384616,0.4742547833234421
1654,332041468.2857513,2820.363477837461,0.0010684440169380879,0.13690486529333784,0.47498282886804066
1655,332341468.2857513,2820.2688558554028,0.001067951820994222,0.13688251249014716,0.4757085930855677
1656,332641468.2857513,2820.1737607259292,0.0010674598044865076,0.13686020653508701,0.4764343833519923
1657,332941468.2857513,2820.078308330222,0.0010669681586179226,0.13683794842869496,0.4771601128765241
1658,333241468.2857513,2819.9825079914945,0.0010664768846597894,0.13681573734869343,0.47788577897392887
1659,333541468.2857513,2819.8862659705565,0.0010659858258450366,0.1367935723324028,0.47861144996718047
1660,333841468.2857513,2819.7897743116896,0.001065495295853103,0.13677145487144066,0.47933698332554014
1661,334141468.2857513,2819.699198405669,0.0010650148043958353,0.1367493974955679,0.48005809673774996
1662,334441468.2857513,2819.608373874583,0.0010645348107707537,0.13672738612692303,0.48077907387962854
1663,334741468.2857513,2819.5170564833843,0.0010640549394736825,0.13670542033953131,0.48150008240747977
1664,335041468.2857513,2819.425364015297,0.0010635753859787286,0.13668350125575013,0.4822210321541268
1665,335341468.2857513,2819.3332487719367,0.0010630960734571103,0.13666162855887604,0.48294195627084047
1666,335641468.2857513,2819.2406870143136,0.0010626169541688893,0.13663980147193952,0.48366287486895126
1667,335941468.2857513,2819.147709172938,0.001062138078567162,0.13661802027817155,0.48438376325104227
1668,336241468.2857513,2819.054328820062,0.0010616594659563887,0.1365962848960265,0.48510461117072184
1669,336541468.2857513,2818.9605964969696,0.001061181200061405,0.1365745958094116,0.4858253786327425
1670,336841468.2857513,2818.866431954425,0.0010607031471263463,0.13655295218365618,0.4865461250468072
1671,337141468.2857513,2818.771745917448,0.0010602251625719693,0.13653135334766187,0.4872669150371122
1672,337441468.2857513,2818.676647362893,0.0010597474245662931,0.13650980019944897,0.487987665171221
1673,337741468.2857513,2818.5809660703435,0.001059269669438894,0.13648829223001732,0.4887084952763582
1674,338041468.2857513,2818.484734994441,0.0010587919468600488,0.1364668294205989,0.4894293808036869
1675,338341468.2857513,2818.3881353186403,0.0010583145308293235,0.13644541186661296,0.4901501941153133
1676,338641468.2857513,2818.291093731786,0.0010578373105196023,0.1364240395167964,0.4908709848137222
1677,338941468.2857513,2818.193599600408,0.0010573602660273317,0.13640271210548185,0.4915917608118405
1678,339241468.2857513,2818.0955458816848,0.0010568832052047566,0.13638142758319946,0.49231261095217255
1679,339541468.2857513,2817.996918297165,0.00105640613031349,0.13636018745043352,0.49303353212421125
1680,339841468.2857513,2817.898207636211,0.0010559298020666238,0.1363389932983043,0.49375416728085414
1681,340141468.2857513,2817.808383937122,0.0010554679682463915,0.13631786506274132,0.4944680839851221
1682,340441468.2857513,2817.7187976132136,0.0010550073388895676,0.13629678216886026,0.49518148412605806
1683,340741468.2857513,2817.629031689723,0.0010545472573230852,0.13627574258941333,0.4958946727356848
1684,341041468.2857513,2817.5396981457766,0.0010540886840985965,0.13625474923398806,0.4966071958109516
1685,341341468.2857513,2817.4507864039374,0.0010536315995216632,0.13623380194388474,0.49731905888225697
1686,341641468.2857513,2817.362277200517,0.0010531759694587456,0.13621290046444431,0.49803027433617614
1687,341941468.2857513,2817.2741599846636,0.0010527217745519434,0.1361920446508187,0.49874084761700094
1688,342241468.2857513,2817.186457301178,0.0010522690491311984,0.13617123463045908,0.49945075878766415
1689,342541468.2857513,2817.099162287254,0.0010518177791140725,0.13615047024336063,0.5001600108766306
1690,342841468.2857513,2817.0138156456633,0.0010513706037810777,0.13612977353518824,0.5008673403626142
1691,343141468.2857513,2816.928915894478,0.0010509249511537562,0.1361091233315417,0.501573969187643
1692,343441468.2857513,2816.8444087633734,0.0010504807439683534,0.13608851996246818,0.5022799299427956
1693,343741468.2857513,2816.760556271133,0.0010500384763946996,0.13606797021643444,0.5029849806108313
1694,344041468.2857513,2816.6768588351197,0.0010495972575111738,0.13604746473333862,0.5036895460265126
1695,344341468.2857513,2816.5909707284754,0.0010491531275883582,0.13602697344449383,0.5043955301637847
1696,344641468.2857513,2816.5049298298786,0.0010487095303553392,0.13600652260714008,0.5051012748763181
1697,344941468.2857513,2816.4196022477804,0.0010482679703580327,0.1359861261899971,0.5058060511668725
1698,345241468.2857513,2816.3350337692073,0.0010478285130163401,0.13596578414344715,0.506509822255764
1699,345541468.2857513,2816.2509282463693,0.0010473906170507543,0.1359454900625807,0.5072128470001716
1700,345841468.2857513,2816.165726476794,0.0010469516554957286,0.13592522402439233,0.5079163974111236
1701,346141468.2857513,2816.0808693626022,0.0010465140483963214,0.13590500399215014,0.5086192968534583
1702,346441468.2857513,2815.9974243465617,0.0010460794410963317,0.13588483388996167,0.5093207423496666
1703,346741468.2857513,2815.9143455305143,0.0010456461931899457,0.13586470827222463,0.5100215268191042
1704,347041468.2857513,2815.831260846275,0.0010452137247945268,0.13584462543333634,0.5107219296025993
1705,347341468.2857513,2815.7481557104466,0.0010447819967413622,0.13582458426941035,0.5114219680781545
1706,347641468.2857513,2815.6650448834557,0.00104435102989337,0.1358045847457475,0.5121216295378275
1707,347941468.2857513,2815.581959579056,0.0010439208764139241,0.13578462727844112,0.5128208855521771
1708,348241468.2857513,2815.4988385403476,0.0010434914410632993,0.13576471161750733,0.5135197805050941
1709,348541468.2857513,2815.4156478155696,0.0010430626717158398,0.13574483767604356,0.5142183377606788
1710,348841468.2857513,2815.3324568551325,0.0010426346663722451,0.13572500516350544,0.5149165070633159
1711,349141468.2857513,2815.249344542655,0.0010422075479290182,0.1357052145106113,0.51561422495271
1712,349441468.2857513,2815.166568607088,0.001041781719550623,0.13568546717161406,0.5163112892884206
1713,349741468.2857513,2815.0653497211233,0.0010413287983886519,0.13566572441514863,0.5170217687610986
1714,350041468.2857513,2814.962550970229,0.0010408742953053776,0.13564602123356084,0.5177330366649734
1715,350341468.2857513,2814.8604699299303,0.0010404216835601507,0.13562636245842177,0.5184433671728763
1716,350641468.2857513,2814.759103839202,0.0010399709551754855,0.1356067479593136,0.5191527598169028
1717,350941468.2857513,2814.65843650465,0.0010395220812789495,0.1355871775361463,0.5198612247424087
1718,351241468.2857513,2814.5584500634754,0.0010390750302176842,0.13556765096504386,0.5205687735121826
1719,351541468.2857513,2814.4591330077883,0.0010386297810027181,0.13554816810238413,0.521275412415198
1720,351841468.2857513,2814.3602768825463,0.0010381860048632682,0.13552872768107588,0.5219813024336841
1721,352141468.2857513,2814.2606842471146,0.0010377418335001491,0.13550932312540137,0.5226873795557342
1722,352441468.2857513,2814.162141923614,0.0010373000488166978,0.13548996401215715,0.5233922416369023
1723,352741468.2857513,2814.06462464215,0.0010368606088796233,0.13547065019426935,0.5240959047203816
1724,353041468.2857513,2813.968364134071,0.0010364238621784786,0.13545138229056186,0.5247981875008334
1725,353341468.2857513,2813.871624825223,0.0010359871910600239,0.13543215644942416,0.5255004106891568
1726,353641468.2857513,2813.774155107221,0.0010355502073806295,0.13541297149427364,0.526202769171721
1727,353941468.2857513,2813.6762019921935,0.0010351132355817124,0.13539382482604134,0.5269050981121426
1728,354241468.2857513,2813.577373306613,0.0010346756626985133,0.13537471406416376,0.5276077085162926
1729,354541468.2857513,2813.4782995617716,0.0010342384707532767,0.13535564273652298,0.5283100991286934
1730,354841468.2857513,2813.379739303591,0.001033802840179689,0.1353366151381187,0.5290116650195208
1731,355141468.2857513,2813.2806106646913,0.0010333671177696097,0.13531762719754542,0.5297132491417763
1732,355441468.2857513,2813.1811385427704,0.0010329316435673968,0.13529867952459704,0.5304146757529417
1733,355741468.2857513,2813.0819216337713,0.0010324973198098317,0.1352797736414565,0.531115480183485
1734,356041468.2857513,2812.982917972889,0.0010320640791011957,0.13526090923308676,0.5318156941278467
1735,356341468.2857513,2812.8841352978798,0.0010316319304669434,0.1352420862076037,0.5325153100576181
1736,356641468.2857513,2812.7855821215403,0.0010312008834086417,0.13522330443070313,0.5332143201629442
1737,356941468.2857513,2812.6872296351503,0.0010307708904705927,0.13520456362158367,0.5339127461042036
1738,357241468.2857513,2812.5861240145114,0.0010303375352313437,0.1351858580586985,0.5346128737650141
1739,357541468.2857513,2812.48418639827,0.0010299036970078594,0.13516719175438344,0.5353132124792527
1740,357841468.2857513,2812.3831688033065,0.001029472039682509,0.13514857112270914,0.5360123767100792
1741,358141468.2857513,2812.282498242487,0.0010290416887196758,0.1351299939496232,0.5367108174900344
1742,358441468.2857513,2812.182007748688,0.0010286123553374345,0.13511145738971753,0.5374086828888873
1743,358741468.2857513,2812.081699355316,0.0010281840398178566,0.1350929613221294,0.5381059701770928
1744,359041468.2857513,2811.9815669661216,0.001027756728324844,0.13507450547929525,0.5388026835973738
1745,359341468.2857513,2811.881616532639,0.0010273304281451826,0.13505608982344897,0.5394988166000233
1746,359641468.2857513,2811.7818030494964,0.0010269050671283192,0.1350377139890046,0.5401944043784115
1747,359941468.2857513,2811.6847123285165,0.001026484520138967,0.13501938452247994,0.5408874053950773
1748,360241468.2857513,2811.588594969246,0.0010260661698421956,0.13500109757329093,0.5415791900770153
1749,360541468.2857513,2811.493018465884,0.0010256493567716387,0.1349828514176917,0.5422701021125829
1750,360841468.2857513,2811.3978804401127,0.0010252339233400038,0.13496464560572377,0.5429602212661663
1751,361141468.2857513,2811.3031434332506,0.0010248198127524642,0.13494648007565002,0.5436495743120315
1752,361441468.2857513,2811.208890420527,0.0010244071501599211,0.13492835518160837,0.5443380914783594
1753,361741468.2857513,2811.1151470457467,0.0010239959761896926,0.13491027122451565,0.5450257476193997
1754,362041468.2857513,2811.021881769815,0.0010235862288619163,0.13489222723597863,0.545712572753763
1755,362341468.2857513,2810.9290981400877,0.0010231779114289292,0.13487422317418635,0.5463985617956758
1756,362641468.2857513,2810.8367432662226,0.0010227709446325084,0.13485625897325973,0.5470837536740982
1757,362941468.2857513,2810.7447397271235,0.0010223652092783315,0.13483833427959546,0.5477682091023237
1758,363241468.2857513,2810.653233984759,0.0010219609212630992,0.13482044935302245,0.5484518093538902
1759,363541468.2857513,2810.5621836757095,0.0010215580199982508,0.13480260434477814,0.5491345834601347
1760,363841468.2857513,2810.4715877717526,0.0010211564939249138,0.13478479867113125,0.5498165344517175
1761,364141468.2857513,2810.381524222535,0.0010207564557531837,0.13476703237622042,0.5504975984971102
1762,364441468.2857513,2810.291989623815,0.00102035790064891,0.13474930555477221,0.5511777748258887
1763,364741468.2857513,2810.202907659932,0.0010199606952264605,0.13473161680159745,0.5518571329374764
1764,365041468.2857513,2810.1143221772586,0.0010195649176399735,0.13471396715365588,0.5525356266158182
1765,365341468.2857513,2810.0274971740487,0.0010191724458053105,0.13469635961128396,0.5532122338375711
1766,365641468.2857513,2809.942020338351,0.001018782664691608,0.13467879325897406,0.5538872828882506
1767,365941468.2857513,2809.8568158423495,0.0010183939094874394,0.13466126131501133,0.554561676630238
1768,366241468.2857513,2809.7721605003712,0.0010180066586767936,0.13464376894723304,0.5552351487781402
1769,366541468.2857513,2809.687999189075,0.0010176208360407855,0.13462631648291723,0.5559077373229645
1770,366841468.2857513,2809.6043320324857,0.0010172364256435349,0.1346089029366964,0.5565794482525299
1771,367141468.2857513,2809.521006775616,0.0010168531535668626,0.13459152484814418,0.5572504304624474
1772,367441468.2857513,2809.4381802273647,0.0010164712867144273,0.13457418492477802,0.557920533270614
1773,367741468.2857513,2809.355858109744,0.0010160908308164485,0.1345568830771606,0.558589750332531
1774,368041468.2857513,2809.274040221358,0.0010157117977777866,0.13453962019251678,0.559258071379237
1775,368341468.2857513,2809.192360553607,0.0010153336294359962,0.13452239442871994,0.5599258016902978
1776,368641468.2857513,2809.1112235154305,0.0010149569245795542,0.1345052067769884,0.560592608829445
1777,368941468.2857513,2809.0306586299985,0.0010145817208548561,0.13448805698798538,0.5612584686950116
1778,369241468.2857513,2808.950314604483,0.0010142074917652514,0.1344709438776586,0.5619236684473471
1779,369541468.2857513,2808.870412692629,0.0010138345580853235,0.13445386758415573,0.5625880288558762
1780,369841468.2857513,2808.790960161372,0.0010134629283130702,0.13443682804646187,0.5632515422996422
1781,370141468.2857513,2808.711964192653,0.001013092610808025,0.1344198252031336,0.5639142012212819
1782,370441468.2857513,2808.6334505712707,0.001012723646602542,0.13440285938098326,0.5645759795860289
1783,370741468.2857513,2808.5554318789113,0.001012356052845917,0.1343859305884952,0.5652368648181079
1784,371041468.2857513,2808.474709446052,0.001011985117448699,0.1343690321464268,0.5658994864688538
1785,371341468.2857513,2808.389012090836,0.0010116074986758212,0.1343521592119494,0.5665657156317911
1786,371641468.2857513,2808.30415827202,0.0010112317661134156,0.13433532387119665,0.5672307628842257
1787,371941468.2857513,2808.220147194503,0.0010108579169472952,0.13431852612505565,0.5678946258944296
1788,372241468.2857513,2808.1369906048008,0.0010104859647556274,0.1343017658634509,0.5685572932499836
1789,372541468.2857513,2808.0546878318028,0.0010101159137572112,0.1342850435426835,0.5692187582962068
1790,372841468.2857513,2807.9732015968557,0.0010097476979098637,0.13426835844836427,0.5698790549267827
1791,373141468.2857513,2807.892495518622,0.0010093812553709474,0.1342517100535474,0.570538214610189
1792,373441468.2857513,2807.812537684202,0.0010090165312346571,0.1342350978597841,0.5711962648304507
1793,373741468.2857513,2807.7333804548125,0.001008653619675734,0.13421852322531583,0.5718531479816594
1794,374041468.2857513,2807.654916828014,0.0010082923536207265,0.13420198536467734,0.5725089557138197
1795,374341468.2857513,2807.5772299543455,0.001007932845346974,0.13418548389621954,0.5731636211488087
1796,374641468.2857513,2807.500357373532,0.0010075751453924202,0.13416901869673867,0.5738171120614246
1797,374941468.2857513,2807.424253886706,0.001007219193624752,0.13415259018427408,0.5744694586397529
1798,375241468.2857513,2807.355501875132,0.0010068746541770609,0.13413621317342023,0.5751151452318882
1799,375541468.2857513,2807.287248455036,0.0010065314443932281,0.13411987141811355,0.5757599141247313
1800,375841468.2857513,2807.2073648128267,0.0010061718275570179,0.13410354182732936,0.5764139089986132
1801,376141468.2857513,2807.127635883287,0.0010058130547869388,0.13408724735955457,0.5770672698947873
1802,376441468.2857513,2807.0480634072724,0.0010054551268925554,0.13407098794299846,0.5777199942454014
1803,376741468.2857513,2806.968659283967,0.0010050980592263218,0.13405476350547207,0.578372071211373
1804,377041468.2857513,2806.889433960762,0.0010047418669723843,0.13403857410353537,0.5790234898087178
1805,377341468.2857513,2806.8103869146657,0.0010043865464007006,0.13402241958072142,0.5796742502821253
1806,377641468.2857513,2806.731485132348,0.0010040320443807618,0.1340062995860291,0.5803243811563583
1807,377941468.2857513,2806.6527550172086,0.0010036784060027965,0.1339902146469942,0.5809738533338481
1808,378241468.2857513,2806.574121321977,0.0010033255099665336,0.1339741638905043,0.5816227352450377
1809,378541468.2857513,2806.4953456574517,0.0010029729932699136,0.13395814586628768,0.582271236353789
1810,378841468.2857513,2806.4169017433474,0.0010026215695703477,0.13394216303601092,0.5829189400668913
1811,379141468.2857513,2806.3392450461774,0.0010022718958944718,0.1339262158804604,0.5835654626796262
1812,379441468.2857513,2806.261707380617,0.0010019229927190668,0.13391030280899255,0.584211371250673
1813,379741468.2857513,2806.1841594852044,0.0010015746750373865,0.13389442382605823,0.5848567713535702
1814,380041468.2857513,2806.106684344506,0.001001227060690112,0.133878578915417,0.5855015925433968
1815,380341468.2857513,2806.029384358606,0.001000880293596442,0.13386276796237423,0.586145749013881
1816,380641468.2857513,2805.9522445761486,0.0010005343439444996,0.13384699043961276,0.5867892567936378
1817,380941468.2857513,2805.8753127211967,0.0010001892940184858,0.13383124733815027,0.5874320644900606
1818,381241468.2857513,2805.798622813412,0.0009998451944409406,0.13381553884403632,0.5880741402595575
1819,381541468.2857513,2805.7221165893825,0.0009995019389620707,0.13379986344912603,0.5887155460656284
1820,381841468.2857513,2805.6454090008624,0.0009991589585552569,0.13378421981937336,0.5893566139574091
1821,382141468.2857513,2805.568472061475,0.000998816211721245,0.1337686078490238,0.5899973668223295
1822,382441468.2857513,2805.4915335330843,0.0009984740318786983,0.13375302815458967,0.5906376072896818
1823,382741468.2857513,2805.4146138349665,0.0009981324460005604,0.1337374806190857,0.5912773180589371
1824,383041468.2857513,2805.3378603982546,0.0009977916847284558,0.13372196666692487,0.5919163603076458
1825,383341468.2857513,2805.261314576351,0.000997451807642414,0.13370648638807187,0.5925546969605499
1826,383641468.2857513,2805.1849189674595,0.0009971127259183232,0.1336910393415908,0.5931923790293869
1827,383941468.2857513,2805.108517368648,0.0009967741950663652,0.13367562405778785,0.5938295500158514
1828,384241468.2857513,2805.0321905349897,0.00099643633871604,0.13366024115426842,0.5944661346449702
1829,384541468.2857513,2804.9559626130645,0.0009960991929380254,0.13364489077927477,0.5951021096277905
1830,384841468.2857513,2804.8799032008847,0.0009957628678533587,0.13362957372192039,0.5957374068307514
1831,385141468.2857513,2804.8039727874493,0.0009954272974743385,0.13361428935620756,0.5963720643058364
1832,385441468.2857513,2804.7278270186757,0.000995091973928542,0.1335990364290521,0.597006384859294
1833,385741468.2857513,2804.651073689303,0.0009947563361495017,0.13358381463216276,0.5976407035579975
1834,386041468.2857513,2804.5744264327623,0.0009944214297357959,0.13356862618095203,0.5982743917055902
1835,386341468.2857513,2804.4979176574975,0.0009940872820955462,0.13355346986258215,0.5989074317206284
1836,386641468.2857513,2804.421550718722,0.000993753896337728,0.1335383456011011,0.5995398201862522
1837,386941468.2857513,2804.3453357797093,0.0009934212910634908,0.1335232537136317,0.6001715436040773
1838,387241468.2857513,2804.269300605276,0.0009930895058213344,0.13350819425075702,0.6008025760362911
1839,387541468.2857513,2804.193458802852,0.0009927585558493059,0.1334931669797033,0.6014329067080973
1840,387841468.2857513,2804.1178128271895,0.0009924284429897862,0.13347817182989566,0.6020625326216934
1841,388141468.2857513,2804.042199723332,0.0009920989305399897,0.1334632084315241,0.6026915954637511
1842,388441468.2857513,2803.9652654132183,0.0009917680590984085,0.13344827387339128,0.6033212839126949
1843,388741468.2857513,2803.888115390043,0.0009914374294818765,0.13343337056582955,0.6039506254196845
1844,389041468.2857513,2803.810707158462,0.0009911069788440575,0.13341849832598185,0.6045796572964873
1845,389341468.2857513,2803.7330597007735,0.0009907767318957786,0.13340365701019707,0.6052083636835794
1846,389641468.2857513,2803.655230638753,0.0009904467722825824,0.13338884676878,0.6058366922837022
1847,389941468.2857513,2803.5772628839,0.0009901171650081235,0.13337406790292552,0.6064646022121498
1848,390241468.2857513,2803.4991340508077,0.000989787872649159,0.1333593200310356,0.6070921154189262
1849,390541468.2857513,2803.4207180364288,0.0009894587106760095,0.1333446027228249,0.6077193440262859
1850,390841468.2857513,2803.342051946195,0.000989129733397606,0.13332991610543984,0.6083462536224286
1851,391141468.2857513,2803.263240325629,0.0009888010913046957,0.13331526037981545,0.6089727507709871
1852,391441468.2857513,2803.184283137442,0.0009884727806294328,0.1333006353044172,0.6095988369768522
1853,391741468.2857513,2803.1052855816715,0.000988144958326875,0.13328604146911657,0.6102244140671714
1854,392041468.2857513,2803.0261411059996,0.0009878174747151264,0.1332714789272527,0.6108495731179924
1855,392341468.2857513,2802.946851832517,0.000987490324547101,0.1332569471321626,0.6114743161991416
1856,392641468.2857513,2802.8674076355237,0.0009871634891060225,0.13324244579238392,0.612098653835077
1857,392941468.2857513,2802.7878218574447,0.0009868369876850965,0.13322797494973776,0.6127225729601441
1858,393241468.2857513,2802.708112060442,0.0009865108460521024,0.13321353468364353,0.6133460564674824
1859,393541468.2857513,2802.628282711216,0.0009861850697384564,0.1331991249537661,0.6139690997715502
1860,393841468.2857513,2802.5483654085947,0.0009858597032941026,0.1331847457770705,0.6145916739509135
1861,394141468.2857513,2802.4683308593503,0.0009855347023495214,0.13317039695359204,0.6152138054960229
1862,394441468.2857513,2802.388182302586,0.0009852100708193285,0.1331560784511945,0.6158354908743475
1863,394741468.2857513,2802.3079252290822,0.0009848858163417028,0.13314179027581063,0.6164567240819511
1864,395041468.2857513,2802.227562411589,0.0009845619418651739,0.1331275323752075,0.6170775021335925
1865,395341468.2857513,2802.147094184716,0.0009842384464712973,0.133113304667572,0.6176978245252032
1866,395641468.2857513,2802.0665274555045,0.0009839153398511968,0.13309910716427634,0.6183176839648379
1867,395941468.2857513,2801.9870014448984,0.000983594252803975,0.13308494198714538,0.6189360543653467
1868,396241468.2857513,2801.9076589436563,0.0009832739524423928,0.1330708072436559,0.6195537083508338
1869,396541468.2857513,2801.8282735363855,0.0009829541160715138,0.13305670263430272,0.6201708474191192
1870,396841468.2857513,2801.7488483994343,0.000982634746457785,0.13304262806185926,0.6207874686056055
1871,397141468.2857513,2801.6693859735446,0.0009823158456252602,0.1330285834489439,0.6214035693800448
1872,397441468.2857513,2801.589914762141,0.0009819974560477973,0.13301456898307018,0.6220191215816869
1873,397741468.2857513,2801.5103767186743,0.0009816794953775945,0.13300058461736214,0.6226341760230873
1874,398041468.2857513,2801.430772220248,0.0009813619631752822,0.13298663030131924,0.6232487318155397
1875,398341468.2857513,2801.351162647696,0.0009810449423259028,0.13297270584003537,0.623862735204995
1876,398641468.2857513,2801.2715031549887,0.0009807283618709587,0.1329588107007349,0.6244762303105338
1877,398941468.2857513,2801.1917253285515,0.0009804121171039886,0.13294494429405457,0.625089282437406
1878,399241468.2857513,2801.111947436317,0.000980096387337034,0.13293110756476403,0.6257017761178747
1879,399541468.2857513,2801.03206656312,0.0009797810121778478,0.13291729942104577,0.626313812792179
1880,399841468.2857513,2800.951738995832,0.0009794654423718441,0.13290351522777144,0.6269257442558617
1881,400141468.2857513,2800.8717158214204,0.0009791508569103808,0.13288976369834912,0.6275368132056638
1882,400441468.2857513,2800.792128318621,0.0009788374546892355,0.13287604592402644,0.628146889574897
1883,400741468.2857513,2800.713022594574,0.0009785252963816235,0.13286236170840018,0.6287559324188153
1884,401041468.2857513,2800.6341196082253,0.0009782139667256456,0.13284870938893956,0.629364206412205
1885,401341468.2857513,2800.555531143822,0.0009779036367928333,0.13283509001856456,0.6299715995419807
1886,401641468.2857513,2800.476020801797,0.000977592366941658,0.13282148916018197,0.6305793635798596
1887,401941468.2857513,2800.3953802750243,0.000977279837257533,0.1328079047709354,0.6311877047417379
1888,402241468.2857513,2800.3147621447424,0.000976967850995008,0.13279435000904513,0.6317954570142913
1889,402541468.2857513,2800.2341608047805,0.0009766563982993859,0.1327808247583661,0.6324026254934267
1890,402841468.2857513,2800.1536503553148,0.0009763455925252743,0.1327673297208069,0.6330091353390577
1891,403141468.2857513,2800.0733565704095,0.0009760356271236424,0.13275386615425874,0.6336148594718648
1892,403441468.2857513,2799.9932307418076,0.0009757264251103099,0.13274043347954564,0.6342198462737655
1893,403741468.2857513,2799.9134063994607,0.0009754181924956914,0.13272703308775166,0.6348239598747342
1894,404041468.2857513,2799.833667129822,0.0009751105920974416,0.13271366259605016,0.6354274186303033
1895,404341468.2857513,2799.7535489663765,0.000974802900382893,0.13270031676552432,0.636030693480954
1896,404641468.2857513,2799.6733182362095,0.0009744955383748766,0.13268699900074282,0.6366335086447561
1897,404941468.2857513,2799.5929175349634,0.0009741884232805039,0.1326737091146114,0.6372359170754516
1898,405241468.2857513,2799.513045176856,0.0009738825562407295,0.1326604491169626,0.6378372630417082
1899,405541468.2857513,2799.4416116038747,0.0009735891766116981,0.1326472350822574,0.6384301839605514
1900,405841468.2857513,2799.370586086724,0.0009732968575784799,0.13263405011256685,0.6390221556441414
1901,406141468.2857513,2799.299963179314,0.0009730055889327194,0.13262089407837818,0.6396131829467879
1902,406441468.2857513,2799.2297302275742,0.0009727153491508459,0.13260776676096184,0.6402032781777551
1903,406741468.2857513,2799.1598955110453,0.0009724261497317552,0.1325946682080762,0.6407924319555169
1904,407041468.2857513,2799.090457813451,0.0009721379872485198,0.13258159834994607,0.6413806447286328
1905,407341468.2857513,2799.0214164328313,0.0009718508592685053,0.13256855713553092,0.6419679162207829
1906,407641468.2857513,2798.953260823243,0.0009715654557732115,0.13255554532170688,0.6425537887648272
1907,407941468.2857513,2798.8868652099172,0.0009712830100694007,0.13254256434492864,0.6431374445185405
1908,408241468.2857513,2798.8208944347625,0.000971001630082984,0.13252961167976685,0.6437201318815657
1909,408541468.2857513,2798.7553448955546,0.0009707213087306083,0.13251668723294263,0.6443018537589351
1910,408841468.2857513,2798.6900832743463,0.0009704418480912608,0.1325037901648639,0.6448827398131398
1911,409141468.2857513,2798.6242774620982,0.0009701620239756229,0.13249091570881935,0.6454636020634849
1912,409441468.2857513,2798.5585246678243,0.0009698827176460294,0.13247806748278212,0.6460438540257473
1913,409741468.2857513,2798.493111408683,0.0009696043463458741,0.13246524688355568,0.6466232166747521
1914,410041468.2857513,2798.428036277087,0.0009693269065756991,0.1324524538471261,0.647201690752804
1915,410341468.2857513,2798.3632758729523,0.0009690503642020576,0.1324396882974802,0.6477792974468441
1916,410641468.2857513,2798.298847550453,0.0009687747415565104,0.13242695015801964,0.648356020294232
1917,410941468.2857513,2798.234748839937,0.0009685000334920366,0.13241423935137064,0.6489318611600926
1918,411241468.2857513,2798.170972053168,0.0009682262264659634,0.13240155571953582,0.6495068275958618
1919,411541468.2857513,2798.1075194307678,0.0009679533229951643,0.13238889926221112,0.6500809166064337
1920,411841468.2857513,2798.0444012142266,0.0009676813361862925,0.13237626994645568,0.6506541176104444
1921,412141468.2857513,2797.9815897574586,0.0009674102250972862,0.13236366762730425,0.6512264565866077
1922,412441468.2857513,2797.919082827785,0.0009671399850019068,0.1323510922306029,0.6517979352332314
1923,412741468.2857513,2797.856876525516,0.0009668706085169661,0.13233854365766515,0.6523685570656981
1924,413041468.2857513,2797.794967722423,0.000966602089503522,0.13232602182142064,0.6529383247737146
1925,413341468.2857513,2797.733248211941,0.0009663342694930304,0.13231352614455008,0.6535073442096305
1926,413641468.2857513,2797.672339859441,0.0009660680310810988,0.132301058274865,0.6540750170681233
1927,413941468.2857513,2797.611901618519,0.0009658028931078964,0.13228861758720875,0.6546416669643645
1928,414241468.2857513,2797.551794512311,0.0009655386567370049,0.1322762036529846,0.6552074268725238
1929,414541468.2857513,2797.4920115827463,0.0009652753105351424,0.13226381638548532,0.6557723029764897
1930,414841468.2857513,2797.432549633048,0.0009650128479333374,0.13225145567482433,0.6563362982994101
1931,415141468.2857513,2797.373379540803,0.0009647512257990711,0.13223912135585003,0.6568994407727751
1932,415441468.2857513,2797.314497540982,0.000964490438715126,0.1322268134484594,0.6574617326611203
1933,415741468.2857513,2797.2558851854465,0.000964230456403549,0.13221453165566632,0.658023193268926
1934,416041468.2857513,2797.1975139047763,0.0009639712361224205,0.13220227578046584,0.6585838503852512
1935,416341468.2857513,2797.139704726083,0.0009637132408432815,0.13219004726347333,0.6591433864825944
1936,416641468.2857513,2797.0824743476855,0.0009634564931895148,0.13217784613262065,0.6597017843018689
1937,416941468.2857513,2797.0258526309826,0.0009632010317512133,0.13216567226861053,0.6602590158055955
1938,417241468.2857513,2796.9698021078752,0.0009629468026638949,0.1321535255728532,0.6608151160196692
1939,417541468.2857513,2796.913518217801,0.0009626926306899245,0.13214140146510608,0.6613708897854377
1940,417841468.2857513,2796.8572845038016,0.0009624389292779047,0.13212930153138816,0.6619260522399815
1941,418141468.2857513,2796.8014808539856,0.0009621862531532953,0.13211722798178735,0.6624802211236457
1942,418441468.2857513,2796.7460997614817,0.0009619345908359262,0.13210518078076658,0.6630334027929777
1943,418741468.2857513,2796.6911728875916,0.0009616839837858734,0.1320931598277535,0.6635855671936116
1944,419041468.2857513,2796.63662014613,0.0009614343173869203,0.13208116485932656,0.6641367918939869
1945,419341468.2857513,2796.5815950457463,0.0009611843968566352,0.13206919378299498,0.6646879006073184
1946,419641468.2857513,2796.526328659161,0.0009609345410401002,0.13205724666456414,0.6652386728471609
1947,419941468.2857513,2796.4713827653272,0.0009606855464125667,0.13204532518485945,0.6657885568419175
1948,420241468.2857513,2796.4167896297436,0.0009604374573891155,0.13203342938513146,0.6663375205245441
1949,420541468.2857513,2796.3625513276484,0.0009601902752437096,0.13202155919426262,0.6668855616667065
1950,420841468.2857513,2796.308666705192,0.000959943996803455,0.13200971454025187,0.6674326811321597
1951,421141468.2857513,2796.2551763022084,0.000959698679402805,0.1319978955756049,0.667978837732762
1952,421441468.2857513,2796.201961153914,0.0009594541471773588,0.13198610147439196,0.6685241524916214
1953,421741468.2857513,2796.1489984754053,0.0009592103664611711,0.13197433210259465,0.6690686476723875
1954,422041468.2857513,2796.096316296336,0.0009589673741590218,0.13196258738315345,0.6696122963999681
1955,422341468.2857513,2796.0439642414813,0.0009587252389654348,0.13195086739074147,0.6701550495115232
1956,422641468.2857513,2795.991902278472,0.0009584839035571833,0.13193917199252217,0.6706969458630881
1957,422941468.2857513,2795.940077119567,0.0009582432922423405,0.1319275010383841,0.6712380372161307
1958,423241468.2857513,2795.888443698907,0.000958003340809224,0.1319158543879009,0.6717783674041353
1959,423541468.2857513,2795.8370405556325,0.000957764102172876,0.13190423207316973,0.6723178982880869
1960,423841468.2857513,2795.785919177282,0.0009575256473446116,0.13189263415421906,0.6728565790061857
1961,424141468.2857513,2795.7350786886336,0.0009572879737391338,0.13188106056610913,0.6733944102308914
1962,424441468.2857513,2795.6845182264137,0.0009570510787940687,0.13186951124413,0.6739313926288134
1963,424741468.2857513,2795.634236938651,0.0009568149599689784,0.13185798612379682,0.6744675268613155
1964,425041468.2857513,2795.5843760541097,0.0009565798224011692,0.13184648605089921,0.6750026670765437
1965,425341468.2857513,2795.5351731891847,0.0009563460095849022,0.13183501232910141,0.6755365696992828
1966,425641468.2857513,2795.48628282226,0.0009561130167930673,0.13182356280570653,0.6760695895877639
1967,425941468.2857513,2795.4377041187995,0.0009558808414772493,0.1318121374154394,0.6766017274008638
1968,426241468.2857513,2795.3894359521983,0.0009556494806958765,0.13180073609322712,0.6771329840862745
1969,426541468.2857513,2795.3414774893245,0.0009554189319164941,0.1317893587742899,0.677663360309742
1970,426841468.2857513,2795.294094199361,0.0009551896285682842,0.13177801035779577,0.6781925435002036
1971,427141468.2857513,2795.2470568420163,0.0009549611937117488,0.13176668650101173,0.6787208032331665
1972,427441468.2857513,2795.2003303990095,0.0009547335687742014,0.13175538649699467,0.6792481804854932
1973,427741468.2857513,2795.153914035689,0.0009545067512265169,0.1317441102806221,0.6797746759624865
1974,428041468.2857513,2795.1079237827926,0.0009542809020224797,0.13173285805479237,0.6803001739319045
1975,428341468.2857513,2795.062374458854,0.0009540560398692755,0.13172162975194723,0.6808246599301759
1976,428641468.2857513,2795.017111597909,0.0009538319485653538,0.13171042504127917,0.6813482868126223
1977,428941468.2857513,2794.9721325807627,0.0009536086218620583,0.1316992437667574,0.6818710582341035
1978,429241468.2857513,2794.9274446830814,0.000953386067194173,0.13168808578453617,0.6823929680887025
1979,429541468.2857513,2794.887395107584,0.0009531703353521478,0.1316769594474034,0.6829096849370638
1980,429841468.2857513,2794.8484834806477,0.0009529565456049018,0.13166585767961878,0.6834246989945669
1981,430141468.2857513,2794.809619602187,0.0009527431784749786,0.13165477828689337,0.6839390971694269
1982,430441468.2857513,2794.77082542678,0.0009525302684222164,0.13164372159465287,0.6844528538077088
1983,430741468.2857513,2794.7321166980933,0.0009523178397170937,0.13163268781107856,0.6849659506345644
1984,431041468.2857513,2794.6934584931482,0.000952105834298885,0.13162167622732684,0.6854784291397926
1985,431341468.2857513,2794.6548524228733,0.0009518942535917556,0.1316106868025958,0.6859902876456702
1986,431641468.2857513,2794.6163000322877,0.0009516830989238906,0.13159971949573449,0.6865015245604449
1987,431941468.2857513,2794.5778030167958,0.0009514723718285977,0.13158877426568735,0.6870121381235531
1988,432241468.2857513,2794.539369639392,0.0009512620846418692,0.13157785120013804,0.6875221186782644
1989,432541468.2857513,2794.4991825367915,0.0009510497178846253,0.13156694716714373,0.6880332866154315
1990,432841468.2857513,2794.4416747963105,0.0009508136834966537,0.13155603431635546,0.6885612558459403
1991,433141468.2857513,2794.3842618890885,0.0009505781525732294,0.13154514433619405,0.6890885500213964
1992,433441468.2857513,2794.3270032519686,0.0009503432099158904,0.13153427751742863,0.6896151068943099
1993,433741468.2857513,2794.269897397415,0.000950108852261673,0.1315234337959641,0.6901409279888595
1994,434041468.2857513,2794.2129908833354,0.000949875145544354,0.13151261337509268,0.6906659640461513
1995,434341468.2857513,2794.156324366509,0.0009496421441774195,0.1315018162199454,0.6911901751363168
1996,434641468.2857513,2794.0998068537842,0.0009494097156784435,0.13149104174762968,0.6917136569064388
1997,434941468.2857513,2794.043436732374,0.0009491778566751647,0.13148028989729008,0.6922364109936153
1998,435241468.2857513,2793.9867725436616,0.0009489459567858875,0.13146955995290477,0.6927588817249813
1999,435541468.2857513,2793.9300225465236,0.0009487143030143407,0.13145885219350215,0.6932808592226862
2000,435841468.2857513,2793.8735056519445,0.0009484833526816031,0.13144816830572223,0.6938020078660893
2001,436141468.2857513,2793.817205133747,0.0009482530781507406,0.13143750797467255,0.6943223472217727
2002,436441468.2857513,2793.761021978339,0.0009480233215914959,0.13142686960135277,0.6948419927626911
2003,436741468.2857513,2793.7049384869106,0.0009477940569512929,0.13141625306308563,0.6953609629116111
2004,437041468.2857513,2793.6488177978426,0.0009475650905650647,0.13140565782377536,0.6958793993052965
2005,437341468.2857513,2793.592514153285,0.0009473362312654674,0.13139508434562885,0.6963974411480944
2006,437641468.2857513,2793.5364697980503,0.000947108116792021,0.1313845352633234,0.6969146178089883
2007,437941468.2857513,2793.4805536490235,0.0009468805343840831,0.1313740081748667,0.697431086746368
2008,438241468.2857513,2793.424748375154,0.0009466534594064003,0.13136350301991886,0.6979468653640964
2009,438541468.2857513,2793.369008767153,0.0009464268293245126,0.13135301972848687,0.6984619990261033
2010,438841468.2857513,2793.313392691968,0.0009462007219441052,0.13134255827374758,0.6989764296799696
2011,439141468.2857513,2793.2578931273815,0.0009459751252357943,0.1313321184994346,0.6994901655725125
2012,439441468.2857513,2793.2018753790508,0.0009457490934069759,0.13132169443958724,0.7000039060509018
2013,439741468.2857513,2793.146025465912,0.0009455236534537873,0.1313112928808803,0.7005168897282239
2014,440041468.2857513,2793.090344956916,0.0009452988067940593,0.1313009137957221,0.7010291147691955
2015,440341468.2857513,2793.0348498132653,0.0009450745753494573,0.13129055722772218,0.7015405641304491
2016,440641468.2857513,2792.9787781711616,0.0009448499052470283,0.13128022160600272,0.7020520194458949
2017,440941468.2857513,2792.9218947925647,0.0009446244473429937,0.1312699047589166,0.7025637411873874
2018,441241468.2857513,2792.8650252331854,0.000944399347830655,0.13125960869986258,0.7030748775644099
2019,441541468.2857513,2792.8082602566515,0.0009441747501737238,0.13124933488048537,0.7035853199590691
2020,441841468.2857513,2792.7515990639736,0.000943950652283269,0.13123908324809244,0.7040950692486762
2021,442141468.2857513,2792.6950408470675,0.0009437270520625126,0.1312288537501628,0.704604126323427
2022,442441468.2857513,2792.638584788209,0.0009435039474060744,0.13121864633434552,0.7051124920869505
2023,442741468.2857513,2792.582206997018,0.0009432812995739585,0.13120846056837332,0.7056201951853521
2024,443041468.2857513,2792.5255853598965,0.0009430586450546988,0.1311982944928563,0.7061275831212006
2025,443341468.2857513,2792.469024984127,0.0009428364235730828,0.13118815002734915,0.7066343249559986
2026,443641468.2857513,2792.4125422780835,0.0009426146566890315,0.13117802714475735,0.7071404039538441
2027,443941468.2857513,2792.3561406543363,0.0009423933484358112,0.131167925820462,0.7076458164820831
2028,444241468.2857513,2792.2998258626217,0.0009421725061925849,0.13115784604340097,0.7081505563740021
2029,444541468.2857513,2792.2435908756365,0.0009419521190067758,0.13114778772701322,0.7086546312443456
2030,444841468.2857513,2792.1874133527203,0.0009417321507231195,0.13113775046774206,0.7091580680294941
2031,445141468.2857513,2792.13129942811,0.0009415126104342854,0.13112773433632594,0.7096608591743692
2032,445441468.2857513,2792.075253321522,0.0009412935044789466,0.13111773939201804,0.7101629987734951
2033,445741468.2857513,2792.01927304096,0.0009410748286539799,0.13110776554347253,0.7106644899675811
2034,446041468.2857513,2791.9633577151126,0.0009408565809017284,0.13109781274332952,0.7111653337412188
2035,446341468.2857513,2791.9075064729573,0.0009406387591687559,0.13108788094437043,0.7116655310824891
2036,446641468.2857513,2791.8517196754483,0.0009404213633594609,0.13107797012001224,0.7121650814837316
2037,446941468.2857513,2791.7959929594595,0.0009402043866409096,0.13106808021762123,0.7126639895568788
2038,447241468.2857513,2791.7403185496064,0.0009399878174760804,0.13105821117660194,0.7131622635206315
2039,447541468.2857513,2791.6846836748955,0.0009397716384836031,0.13104836299720604,0.713659916014435
2040,447841468.2857513,2791.628971633745,0.0009395556716390765,0.1310385342332902,0.7141570820664273
2041,448141468.2857513,2791.5732609936954,0.0009393400335823954,0.13102872564921772,0.7146536724239771
2042,448441468.2857513,2791.517595108497,0.0009391247876837853,0.131018937605625,0.7151496383805098
2043,448741468.2857513,2791.4606109544466,0.000938908061933385,0.13100916745020086,0.7156464052899348
2044,449041468.2857513,2791.4016279355083,0.0009386889293924034,0.13099941431399176,0.7161446790884438
2045,449341468.2857513,2791.3426798880255,0.000938470180461909,0.13098968194113753,0.7166423340833612
2046,449641468.2857513,2791.28377238276,0.0009382518218985573,0.1309799702927747,0.7171393646108984
2047,449941468.2857513,2791.224906705944,0.0009380338546755133,0.13097027932876484,0.7176357694197407
2048,450241468.2857513,2791.1660691619245,0.0009378162556808897,0.1309606087332466,0.7181315660009007
2049,450541468.2857513,2791.107250856511,0.0009375990078928397,0.13095095816380006,0.718626767295223
2050,450841468.2857513,2791.048495930482,0.0009373821802813553,0.13094132830685282,0.7191213192275565
2051,451141468.2857513,2790.989789140292,0.000937165750178823,0.13093171902307757,0.7196152386634436
2052,451441468.2857513,2790.9311278819137,0.000936949713154818,0.13092213026016147,0.7201085285050343
2053,451741468.2857513,2790.8746643743607,0.000936737008301706,0.13091256549591457,0.720598929870073
2054,452041468.2857513,2790.818722363803,0.0009365253368622304,0.1309030214641953,0.7210882084448633
2055,452341468.2857513,2790.762860220979,0.0009363140958594422,0.13089349748498663,0.7215768270096705
2056,452641468.2857513,2790.707084187434,0.0009361032945254302,0.13088399363237166,0.722064777813611
2057,452941468.2857513,2790.651400942441,0.0009358929416517791,0.1308745099090734,0.722552053562932
2058,453241468.2857513,2790.5957917210562,0.000935683010623844,0.13086504622874734,0.7230386742919889
2059,453541468.2857513,2790.540307600882,0.0009354735766873324,0.1308556030775343,0.7235245808386683
2060,453841468.2857513,2790.4849148278445,0.000935264585254153,0.1308461798192199,0.7240098155329262
2061,454141468.2857513,2790.4294995228356,0.0009350558806867832,0.13083677625872578,0.724494498516338
2062,454441468.2857513,2790.37412457477,0.0009348475465457693,0.13082739235383506,0.7249785648280499
2063,454741468.2857513,2790.3188444322786,0.000934639659764301,0.13081802839468545,0.7254619537875787
2064,455041468.2857513,2790.263662628944,0.0009344322288820435,0.13080868466242268,0.7259446576232054
2065,455341468.2857513,2790.208542147744,0.0009342251911672091,0.13079936025115857,0.7264267257310673
2066,455641468.2857513,2790.153500838503,0.0009340185723251682,0.13079005529970206,0.7269081376538382
2067,455941468.2857513,2790.098544004679,0.0009338123787445317,0.13078076977178515,0.7273888879560506
2068,456241468.2857513,2790.0437023801874,0.0009336066602904194,0.13077150429250567,0.727868936454093
2069,456541468.2857513,2789.988970940434,0.0009334014082962511,0.13076225874158376,0.7283482895333568
2070,456841468.2857513,2789.934326886673,0.0009331965848340238,0.13075303261430707,0.7288269768891094
2071,457141468.2857513,2789.8797759851695,0.0009329921974187328,0.13074382591065617,0.7293049921789678
2072,457441468.2857513,2789.825325886674,0.0009327882562661413,0.130734638643657,0.7297823269642085
2073,457741468.2857513,2789.770970419784,0.0009325847533517486,0.13072547084384525,0.7302589868112002
2074,458041468.2857513,2789.716716557355,0.0009323816991789507,0.13071632260826602,0.7307349628623249
2075,458341468.2857513,2789.6625582304387,0.0009321790829009792,0.13070719375980694,0.7312102633385195
2076,458641468.2857513,2789.608495793701,0.000931976904212153,0.13069808425798174,0.7316848880295151
2077,458941468.2857513,2789.554508918907,0.0009317751348130244,0.13068899403706366,0.7321588587076313
2078,459241468.2857513,2789.499030463502,0.0009315716356568455,0.1306799199106522,0.7326338551589867
2079,459541468.2857513,2789.443704510109,0.000931368645299031,0.13067086480423104,0.7331081193161175
2080,459841468.2857513,2789.3886104773856,0.0009311662773042655,0.1306618292624687,0.7335815609316721
2081,460141468.2857513,2789.333758437585,0.0009309645457678374,0.1306528133527343,0.7340541680091924
2082,460441468.2857513,2789.2791541366137,0.0009307634579558972,0.13064381706910616,0.7345259341820359
2083,460741468.2857513,2789.2247867897904,0.000930562997358018,0.13063484028553718,0.7349968718913772
2084,461041468.2857513,2789.170655706385,0.0009303631620091644,0.13062588295068642,0.7354669821173331
2085,461341468.2857513,2789.116728260072,0.0009301638977174317,0.13061694433726734,0.7359363081231826
2086,461641468.2857513,2789.06302842487,0.0009299652430319674,0.1306080249265519,0.7364048181017152
2087,461941468.2857513,2789.0095622557146,0.0009297672070082742,0.1305991248085416,0.7368725041574831
2088,462241468.2857513,2788.956329174796,0.0009295697878338639,0.1305902439314126,0.7373393672214574
2089,462541468.2857513,2788.9033287159677,0.0009293729839202055,0.13058138224847737,0.7378054079417561
2090,462841468.2857513,2788.8505582070197,0.0009291767904664193,0.13057253969378524,0.7382706295939476
2091,463141468.2857513,2788.7980000544208,0.0009289811784753468,0.13056371589790267,0.7387350551403616
2092,463441468.2857513,2788.74565626312,0.0009287861498535117,0.13055491082684517,0.7391986825574807
2093,463741468.2857513,2788.6935372939197,0.0009285917209733019,0.1305461246718519,0.7396614979495247
2094,464041468.2857513,2788.6416425407215,0.0009283978900393393,0.1305373573838063,0.7401235022324129
2095,464341468.2857513,2788.589971402483,0.0009282046552660769,0.130528608913674,0.7405846963294401
2096,464641468.2857513,2788.5385232946414,0.0009280120148946887,0.13051987921262215,0.7410450811439294
2097,464941468.2857513,2788.487314810564,0.0009278199918231352,0.13051116835787305,0.7415046379020337
2098,465241468.2857513,2788.436324006092,0.0009276285522935718,0.13050247604972803,0.7419633933032374
2099,465541468.2857513,2788.3858275067755,0.0009274380622333485,0.1304938021597167,0.7424210542194599
2100,465841468.2857513,2788.33562943658,0.0009272482634889018,0.13048514689041998,0.7428778264355278
2101,466141468.2857513,2788.2857057711817,0.0009270591224591291,0.1304765101493108,0.7433337363078678
2102,466441468.2857513,2788.2360538307926,0.0009268706345439377,0.13046789188565153,0.7437887870064904
2103,466741468.2857513,2788.186686980375,0.0009266828183140141,0.1304592921779458,0.7442429631072996
2104,467041468.2857513,2788.137614956388,0.0009264956879332834,0.13045071113488627,0.7446962525584162
2105,467341468.2857513,2788.0888325354954,0.0009263092345358849,0.13044214864409612,0.745148662058371
2106,467641468.2857513,2788.040334231332,0.0009261234488734545,0.13043360459036754,0.7456001986391817
2107,467941468.2857513,2787.9921169895083,0.0009259383258175647,0.13042507892059169,0.7460508659278292
2108,468241468.2857513,2787.944164298913,0.0009257538407416555,0.13041657146690785,0.7465006832872932
2109,468541468.2857513,2787.89607786501,0.0009255694090645666,0.13040807832977838,0.7469501225592705
2110,468841468.2857513,2787.8479935192613,0.0009253852214921523,0.13039960023805555,0.7473990296162197
2111,469141468.2857513,2787.8002004206255,0.0009252017106371299,0.1303911406336288,0.7478470537126485
2112,469441468.2857513,2787.7526886174264,0.000925018859767909,0.13038269929062904,0.7482942080769162
2113,469741468.2857513,2787.705451250146,0.0009248366587014628,0.1303742761546625,0.7487405005713246
2114,470041468.2857513,2787.65848267963,0.0009246550989266175,0.13036587117447967,0.7491859376351193
2115,470341468.2857513,2787.6117885256403,0.0009244741868878221,0.13035748429976893,0.7496305135990701
2116,470641468.2857513,2787.5653204873274,0.00092429385191942,0.13034911508599545,0.750074285364865
2117,470941468.2857513,2787.5190655181286,0.000924114074945605,0.1303407634264313,0.7505172678829085
2118,471241468.2857513,2787.473062844491,0.0009239349121340449,0.13033242963217287,0.7509594151320039
2119,471541468.2857513,2787.4273090473584,0.0009237563574141497,0.13032411361442867,0.7514007317003992
2120,471841468.2857513,2787.3818026240615,0.0009235784078431611,0.1303158153255427,0.7518412195711636
2121,472141468.2857513,2787.33654184457,0.0009234010601811821,0.1303075347179597,0.752280880976847
2122,472441468.2857513,2787.291503093707,0.0009232242822027519,0.13029927174463748,0.7527197417719184
2123,472741468.2857513,2787.246615571881,0.0009230479792468867,0.13029102636172812,0.7531578787100152
2124,473041468.2857513,2787.2019945912007,0.0009228723064523774,0.13028279875400592,0.75359516488721
2125,473341468.2857513,2787.157619969055,0.0009226972337211403,0.13027458870342531,0.7540316245240389
2126,473641468.2857513,2787.113473290938,0.0009225227336389106,0.13026639601465737,0.7544672796481536
2127,473941468.2857513,2787.0688892427365,0.0009223479105791972,0.13025821965239662,0.7549028621044248
2128,474241468.2857513,2787.0245106364187,0.000922173628905781,0.13025006056126662,0.7553376649029456
2129,474541468.2857513,2786.9803508121645,0.0009219999057814088,0.13024191872333676,0.7557716736101169
2130,474841468.2857513,2786.9364099645436,0.0009218267408637623,0.13023379411352318,0.7562048881585733
2131,475141468.2857513,2786.892685146715,0.000921654129160269,0.1302256866717374,0.7566373123228348
2132,475441468.2857513,2786.8492137574644,0.0009214821243135351,0.13021759671021885,0.757068901663071
2133,475741468.2857513,2786.805974568003,0.000921310694611578,0.13020952399065552,0.7574996819027391
2134,476041468.2857513,2786.7629570673193,0.0009211398239346507,0.13020146837366778,0.757929665956067
2135,476341468.2857513,2786.720196268925,0.0009209695598486734,0.1301934299668203,0.7583588143809757
2136,476641468.2857513,2786.677651843943,0.0009207998458035961,0.13018540855932342,0.7587871733771547
2137,476941468.2857513,2786.635320469179,0.0009206306757150055,0.13017740404816844,0.759214747767261
2138,477241468.2857513,2786.5932032416863,0.0009204620509014923,0.13016941644052518,0.7596415360533239
2139,477541468.2857513,2786.55130007436,0.0009202939706880266,0.1301614457132228,0.7600675384481032
2140,477841468.2857513,2786.509613230317,0.0009201264376314137,0.13015349185204267,0.760492752535405
2141,478141468.2857513,2786.4681422426984,0.0009199594504053446,0.1301455548231896,0.7609171790506115
2142,478441468.2857513,2786.426885179477,0.0009197930054075142,0.13013763456861602,0.7613408207322327
2143,478741468.2857513,2786.385840580014,0.0009196270996354686,0.13012973102848227,0.7617636798181532
2144,479041468.2857513,2786.3450042799923,0.0009194617255471195,0.1301218440740747,0.7621857624520728
2145,479341468.2857513,2786.3043796465886,0.0009192968882503138,0.13011397376811465,0.7626070638985685
2146,479641468.2857513,2786.2639075778657,0.0009191324943326326,0.13010611903463862,0.7630276622115587
2147,479941468.2857513,2786.223642111505,0.0009189686280310535,0.13009828080265703,0.7634474864468072
2148,480241468.2857513,2786.183583121966,0.0009188052886763517,0.13009045905199298,0.7638665368696489
2149,480541468.2857513,2786.1437373044555,0.0009186424843745488,0.13008265374679245,0.7642848064789546
2150,480841468.2857513,2786.104120730036,0.0009184802351427442,0.13007486481949937,0.7647022784778582
2151,481141468.2857513,2786.06470872084,0.0009183185074405704,0.1300670922153262,0.7651189805110505
2152,481441468.2857513,2786.025502123666,0.0009181573021172399,0.130059335930477,0.7655349115432862
2153,481741468.2857513,2785.986529702015,0.0009179966568608047,0.13005159596427524,0.7659500399119034
2154,482041468.2857513,2785.94780263464,0.0009178365857889636,0.1300438722895919,0.766364353613749
2155,482341468.2857513,2785.9092776110842,0.0009176770301741496,0.1300361648054731,0.7667779013911843
2156,482641468.2857513,2785.8709535293337,0.0009175179877137168,0.13002847346638344,0.7671906849398072
2157,482941468.2857513,2785.83282837566,0.0009173594548828993,0.13002079822514778,0.7676027069577451
2158,483241468.2857513,2785.794902880459,0.0009172014317510535,0.13001313903299724,0.7680139672407045
2159,483541468.2857513,2785.7571765616526,0.00091704391691427,0.13000549584987392,0.768424466749154
2160,483841468.2857513,2785.7196489500316,0.0009168869089884203,0.1299978686358261,0.7688342064327427
2161,484141468.2857513,2785.6822310483094,0.000916730284567722,0.12999025696170968,0.7692432895628928
2162,484441468.2857513,2785.6448124929075,0.0009165738909966475,0.12998266031288908,0.7696518439571847
2163,484741468.2857513,2785.6075980260557,0.0009164180107880699,0.12997507962250157,0.770059632253858
2164,485041468.2857513,2785.5705850517693,0.0009162626389711227,0.12996751479467528,0.7704666585576784
2165,485341468.2857513,2785.533771808373,0.0009161077720404186,0.12995996575939248,0.7708729256840553
2166,485641468.2857513,2785.4971574933056,0.0009159534081381613,0.12995243247383992,0.7712784349963793
2167,485941468.2857513,2785.4607416166277,0.0009157995458624372,0.12994491489826634,0.7716831874873952
2168,486241468.2857513,2785.424523911251,0.00091564618410786,0.1299374129930755,0.7720871838945585
2169,486541468.2857513,2785.39027587819,0.0009154956929358756,0.12992992968524017,0.7724884258404193
2170,486841468.2857513,2785.357432489238,0.0009153473131128017,0.12992246389394455,0.7728875536184285
2171,487141468.2857513,2785.322266683988,0.0009151960472873799,0.12991500867008987,0.773288784266964
2172,487441468.2857513,2785.285365763432,0.000915042686230327,0.12990756526618685,0.7736914496139795
2173,487741468.2857513,2785.248508078821,0.000914889616061698,0.12990013712781628,0.774093534826807
2174,488041468.2857513,2785.2116907723407,0.0009147368321576828,0.12989272420027076,0.7744950437361988
2175,488341468.2857513,2785.1749132522073,0.0009145843341889064,0.12988532652223028,0.7748959764522204
2176,488641468.2857513,2785.1381592414855,0.0009144321000923096,0.12987794405178993,0.7752963516027325
2177,488941468.2857513,2785.1014481903685,0.0009142801546873425,0.12987057674389546,0.7756961481227388
2178,489241468.2857513,2785.064779502409,0.0009141284966364143,0.12986322456609353,0.7760953670698806
2179,489541468.2857513,2785.0281525868727,0.000913977124611492,0.1298558874860163,0.7764940094976353
2180,489841468.2857513,2784.9915668575727,0.0009138260372925756,0.12984856547138265,0.7768920764563355
2181,490141468.2857513,2784.9550218378336,0.0009136752335449748,0.12984125849280742,0.7772895688336204
2182,490441468.2857513,2784.918506188271,0.0009135246962210966,0.1298339663957903,0.7776865011797645
2183,490741468.2857513,2784.881998473028,0.0009133743937576097,0.12982668894195024,0.778082900324555
2184,491041468.2857513,2784.8455298065232,0.000913224371465644,0.12981942645622185,0.7784787275427983
2185,491341468.2857513,2784.8090994968047,0.0009130746278720396,0.12981217890502353,0.7788739840301527
2186,491641468.2857513,2784.7723790183354,0.0009129246766296142,0.12980494234583573,0.7792690854110391
2187,491941468.2857513,2784.7358230176505,0.0009127751888539928,0.12979772210428747,0.7796634576948667
2188,492241468.2857513,2784.6996720330167,0.0009126264955048621,0.12979051930444843,0.7800568181645794
2189,492541468.2857513,2784.663785980354,0.0009124783949834624,0.12978333268981854,0.7804493391770034
2190,492841468.2857513,2784.627978229004,0.0009123306317520933,0.12977616149770652,0.7808412389621496
2191,493141468.2857513,2784.5922486632326,0.0009121832050854308,0.12976900569561567,0.781232518070678
2192,493441468.2857513,2784.5565991285844,0.0009120361169221403,0.12976186525772887,0.7816231748356793
2193,493741468.2857513,2784.5210429369504,0.0009118893867303571,0.12975474033682335,0.7820131923928328
2194,494041468.2857513,2784.4855208847366,0.0009117429262778024,0.12974763018113422,0.7824026465787327
2195,494341468.2857513,2784.450031748339,0.0009115967332601111,0.12974053474691172,0.7827915393633474
2196,494641468.2857513,2784.414575828527,0.0009114508077000816,0.12973345401388117,0.7831798706369244
2197,494941468.2857513,2784.3791529652244,0.0009113051488157916,0.129726387947431,0.7835676410660838
2198,495241468.2857513,2784.3437634713696,0.0009111597566293383,0.12971933652607429,0.7839548505895331
2199,495541468.2857513,2784.30840769963,0.0009110146312298529,0.12971229972939233,0.7843414990872524
2200,495841468.2857513,2784.273085845432,0.0009108697724400816,0.1297052775326506,0.7847275866827143
2201,496141468.2857513,2784.2372034398763,0.0009107243091634182,0.12969826329890916,0.7851138655545519
2202,496441468.2857513,2784.2011022684405,0.0009105787441031474,0.12969126096561495,0.7854999012373681
2203,496741468.2857513,2784.1650281217276,0.0009104334352858171,0.12968427312926878,0.7858853846539936
2204,497041468.2857513,2784.1289685267525,0.0009102883661095231,0.12967729977506545,0.7862703301067943
2205,497341468.2857513,2784.0928598410874,0.0009101434530836031,0.12967034088908153,0.7866548096474344
2206,497641468.2857513,2784.0567810755315,0.0009099987992646571,0.1296633964565056,0.787038734268066
2207,497941468.2857513,2784.0207331922234,0.00090985440561817,0.1296564664624073,0.7874221031103873
2208,498241468.2857513,2783.9847170066064,0.0009097102728622401,0.1296495508879273,0.7878049155438416
2209,498541468.2857513,2783.9487333605903,0.0009095664017614298,0.1296426497150788,0.7881871708931436
2210,498841468.2857513,2783.912874864833,0.0009094229263731937,0.12963576387956102,0.7885687527830542
2211,499141468.2857513,2783.8771565242832,0.0009092798703093166,0.12962889367704483,0.7889496404593104
2212,499441468.2857513,2783.8415106534235,0.0009091371330304356,0.12962203825406793,0.7893299213501518
2213,499741468.2857513,2783.8059276994263,0.0009089946998119026,0.12961519745802647,0.7897096082766772
2214,500041468.2857513,2783.7703483504474,0.0009088524836513291,0.129608370615501,0.7900887769783441
2215,500341468.2857513,2783.734792290972,0.0009087104990975645,0.1296015569356791,0.7904674151253149
2216,500641468.2857513,2783.6993532332954,0.000908568884719446,0.12959475758062172,0.7908454019968865
2217,500941468.2857513,2783.663932988875,0.0009084275063251857,0.12958797213020856,0.7912228542305273
2218,501241468.2857513,2783.628539453131,0.0009082863749092627,0.12958120063878004,0.7915997622713669
2219,501541468.2857513,2783.5931722527607,0.0009081454895111565,0.1295744430780464,0.791976126955928
2220,501841468.2857513,2783.5578310292894,0.0009080048492032135,0.129567699420642,0.7923519490460526
2221,502141468.2857513,2783.5225173187455,0.0009078644559236192,0.12956096966729205,0.7927272268773309
2222,502441468.2857513,2783.4872328714573,0.0009077243117835296,0.12955425381118918,0.7931019586380711
2223,502741468.2857513,2783.45197730036,0.0009075844157972136,0.129547551823541,0.7934761452007103
2224,503041468.2857513,2783.416751012684,0.0009074447682732792,0.12954086369396597,0.7938497862257112
2225,503341468.2857513,2783.3815530838515,0.0009073053673875406,0.1295341893838042,0.7942228833405858
2226,503641468.2857513,2783.3463841698017,0.0009071662139701528,0.12952752889671523,0.7945954357366212
2227,503941468.2857513,2783.311242732121,0.0009070273050353867,0.12952088216816462,0.7949674462070994
2228,504241468.2857513,2783.2761284006924,0.0009068886396392114,0.1295142491705628,0.7953389155752402
2229,504541468.2857513,2783.2410405645637,0.0009067502164267898,0.12950762986935685,0.7957098450703229
2230,504841468.2857513,2783.2059790373846,0.0009066120347673522,0.12950102424213944,0.7960802352551414
2231,505141468.2857513,2783.1709256768645,0.0009064740674514824,0.12949443203892452,0.796450110172671
2232,505441468.2857513,2783.1358937457962,0.0009063363337330967,0.12948785340547414,0.796819452869741
2233,505741468.2857513,2783.1008864958126,0.0009061988379258424,0.12948128835244874,0.7971882595716407
2234,506041468.2857513,2783.0659039434645,0.0009060615797506916,0.12947473686353764,0.7975565305272065
2235,506341468.2857513,2783.030945878528,0.0009059245585415345,0.12946819891585618,0.7979242663570638
2236,506641468.2857513,2782.996011885065,0.0009057877732847501,0.12946167448079643,0.7982914679979116
2237,506941468.2857513,2782.9611008586744,0.0009056512218016046,0.12945516351048858,0.798658137447184
2238,507241468.2857513,2782.9262131670566,0.000905514904418309,0.12944866599907656,0.7990242743952881
2239,507541468.2857513,2782.8913484226046,0.0009053788201742895,0.12944218191899134,0.7993898797394251
2240,507841468.2857513,2782.856505916822,0.0009052429675641077,0.12943571123352185,0.7997549548873087
2241,508141468.2857513,2782.821682082576,0.0009051073409224092,0.12942925387437762,0.8001195049016309
2242,508441468.2857513,2782.7868732667666,0.0009049719345470404,0.12942280977841655,0.8004835348213565
2243,508741468.2857513,2782.752084070169,0.0009048367548622069,0.12941637898175884,0.8008470390213953
2244,509041468.2857513,2782.7173139332185,0.0009047018006263115,0.1294099614524644,0.8012100186714115
2245,509341468.2857513,2782.6825623702916,0.0009045670707279214,0.12940355716097826,0.8015724748110912
2246,509641468.2857513,2782.64781508631,0.0009044325453133005,0.12939716602129084,0.8019344250608212
2247,509941468.2857513,2782.6130373430215,0.0009042981768030908,0.12939078786428318,0.8022959115751166
2248,510241468.2857513,2782.5782678106257,0.0009041640172445974,0.12938442282051887,0.802656888390981
2249,510541468.2857513,2782.5435067963986,0.0009040300668249979,0.1293780708791163,0.8030173553369964
2250,510841468.2857513,2782.508754618002,0.0009038963257495626,0.1293717320295286,0.8033773122298906
2251,511141468.2857513,2782.473953407838,0.000903762717600451,0.12936540618767303,0.8037368271884717
2252,511441468.2857513,2782.4391518504676,0.0009036293060738988,0.12935909338805054,0.8040958434988884
2253,511741468.2857513,2782.4043578908822,0.0009034961008892127,0.1293527935916343,0.8044543526748483
2254,512041468.2857513,2782.3695709598946,0.0009033631007575203,0.12934650676329465,0.804812355973357
2255,512341468.2857513,2782.33479171105,0.0009032303064673958,0.12934023290291624,0.8051698527040544
2256,512641468.2857513,2782.3000166935403,0.0009030977125792503,0.12933397194601684,0.8055268481615835
2257,512941468.2857513,2782.265247873715,0.0009029653216191816,0.12932772389474614,0.8058833397976672
2258,513241468.2857513,2782.2304870258595,0.0009028331356649914,0.12932148873709556,0.8062393257665198
2259,513541468.2857513,2782.1957323649845,0.000902701151684076,0.1293152664259599,0.8065948089494317
2260,513841468.2857513,2782.160984126396,0.0009025693697673212,0.12930905695007075,0.8069497892698897
2261,514141468.2857513,2782.1262586478256,0.0009024378113137797,0.1293028603279362,0.8073042476521668
2262,514441468.2857513,2782.091548665665,0.0009023064659356282,0.12929667649513982,0.8076581935927762
2263,514741468.2857513,2782.056842975,0.0009021753188698901,0.1292905054397017,0.8080116401736979
2264,515041468.2857513,2782.0221397926043,0.0009020443667765747,0.12928434709199332,0.8083645906898971
2265,515341468.2857513,2781.9874166670165,0.0009019135797902661,0.12927820140211455,0.8087170717852041
2266,515641468.2857513,2781.952679720134,0.0009017829654256801,0.12927206834278868,0.8090690769277651
2267,515941468.2857513,2781.9179377545784,0.0009016525351984564,0.1292659479246969,0.8094205957815512
2268,516241468.2857513,2781.883190498385,0.0009015222883218575,0.12925984012029815,0.8097716291898615
2269,516541468.2857513,2781.848004821569,0.0009013916539050275,0.1292537442514032,0.8101226898952133
2270,516841468.2857513,2781.8125251098368,0.0009012608223991543,0.1292476605446994,0.8104736067315839
2271,517141468.2857513,2781.777028881005,0.0009011301589726475,0.12924158939252822,0.8108240518481794
2272,517441468.2857513,2781.741516389871,0.0009009996637526353,0.12923553078349773,0.8111740251547193
2273,517741468.2857513,2781.705987518591,0.0009008693360957232,0.12922948468557952,0.811523527389155
2274,518041468.2857513,2781.670449409227,0.0009007391855380845,0.12922345112240138,0.8118725500061296
2275,518341468.2857513,2781.634904146304,0.000900609214610499,0.12921743008527123,0.8122210908437744
2276,518641468.2857513,2781.5993494716263,0.0009004794196811304,0.12921142152690768,0.8125691532702217
2277,518941468.2857513,2781.563784996698,0.0009003497998535684,0.12920542542247468,0.8129167381945119
2278,519241468.2857513,2781.5282103476056,0.0009002203542595121,0.12919944174776699,0.81326384649865
2279,519541468.2857513,2781.492625160069,0.0009000910820504372,0.12919347047907312,0.8136104790447548
2280,519841468.2857513,2781.457029033471,0.0008999619823166696,0.12918751159163822,0.8139566367613578
2281,520141468.2857513,2781.421465511384,0.000899833112610457,0.12918156517519508,0.8143022677047956
2282,520441468.2857513,2781.386016001467,0.0008997045803536732,0.12917563138461058,0.8146472749019616
2283,520741468.2857513,2781.350394820554,0.0008995760036575587,0.12916970934519015,0.8149920043131573
2284,521041468.2857513,2781.3147829343948,0.0008994476247370622,0.1291637996376275,0.8153362363933232
2285,521341468.2857513,2781.2791948185627,0.0008993194623606468,0.12915790226922333,0.8156799542486733
2286,521641468.2857513,2781.2436310231024,0.0008991915170146111,0.12915201722834066,0.8160231575264102
2287,521941468.2857513,2781.2080629806333,0.0008990637494079142,0.12914614435059768,0.8163658819880014
2288,522241468.2857513,2781.172719118252,0.0008989364692350687,0.12914028467119218,0.8167078466291463
2289,522541468.2857513,2781.1374039886673,0.0008988094106558353,0.12913443725517326,0.8170492929452269
2290,522841468.2857513,2781.1021151649143,0.0008986825699876938,0.12912860206799062,0.8173902243854517
2291,523141468.2857513,2781.06685227832,0.000898555946344756,0.12912277908476633,0.8177306418605247
2292,523441468.2857513,2781.031614959035,0.0008984295388408318,0.1291169682806758,0.8180705462832047
2293,523741468.2857513,2780.996402835136,0.0008983033465883672,0.129111169630955,0.8184099385692235
2294,524041468.2857513,2780.961188116051,0.0008981773332830542,0.12910538311118358,0.8187488518964297
2295,524341468.2857513,2780.925935244972,0.0008980514526401279,0.1290996086993058,0.8190873285232739
2296,524641468.2857513,2780.890706528677,0.0008979257847777495,0.12909384637198099,0.8194252955535091
2297,524941468.2857513,2780.8555015925126,0.0008978003288094168,0.12908809610464797,0.8197627539151969
2298,525241468.2857513,2780.8203186559117,0.0008976750817834672,0.12908235785475247,0.8200997064209193
2299,525541468.2857513,2780.7847921971784,0.0008975495469004651,0.12907662983729945,0.8204366069622075
2300,525841468.2857513,2780.7432832923932,0.0008974163233611864,0.12907090330709625,0.8207802169577316
2301,526141468.2857513,2780.701079384871,0.0008972823731366396,0.1290651879196438,0.8211241732654162
2302,526441468.2857513,2780.659089104657,0.00089714888994067,0.1290594851685901,0.8214673847929539
2303,526741468.2857513,2780.6173098907543,0.0008970158697673897,0.12905379501551004,0.821809855266548
2304,527041468.2857513,2780.575739215067,0.0008968833086595003,0.12904811742223493,0.8221515883731605
2305,527341468.2857513,2780.5343745824257,0.0008967512027082102,0.1290424523508479,0.822492587760451
2306,527641468.2857513,2780.4933164192294,0.000896619684429238,0.12903680002725923,0.8228327320232893
2307,527941468.2857513,2780.4524391419545,0.0008964885866677206,0.12903116009328938,0.8231721745295077
2308,528241468.2857513,2780.411732714338,0.0008963578955607661,0.12902553249319482,0.8235109280778011
2309,528541468.2857513,2780.3711949022813,0.0008962276075965998,0.12901991719165404,0.8238489959772156
2310,528841468.2857513,2780.3308196818084,0.0008960977137364555,0.12901431410704034,0.824186386649162
2311,529141468.2857513,2780.290606930193,0.0008959682135545374,0.12900872322980417,0.824523100557575
2312,529441468.2857513,2780.2488843059195,0.000895836910270697,0.12900314159118423,0.8248611589830912
2313,529741468.2857513,2780.2044791315934,0.0008957022659423549,0.12899756721407696,0.8252019761182526
2314,530041468.2857513,2780.160317437541,0.0008955681247034724,0.12899200532351132,0.8255420138930643
2315,530341468.2857513,2780.1163961979187,0.0008954344819156339,0.1289864558793571,0.8258812766454332
2316,530641468.2857513,2780.0727121607947,0.0008953013325587864,0.1289809188347561,0.8262197691117621
2317,530941468.2857513,2780.029268722877,0.000895168681741214,0.1289753942553559,0.8265574865062306
2318,531241468.2857513,2779.98605711305,0.0008950365161227978,0.1289698820067788,0.8268944413098162
2319,531541468.2857513,2779.9430743260355,0.0008949048310797407,0.1289643820471997,0.8272306378751516
2320,531841468.2857513,2779.9003162830354,0.000894773620660737,0.12895889433852048,0.8275660817784326
2321,532141468.2857513,2779.857781655649,0.0008946428824812654,0.12895341884426711,0.8279007753027176
2322,532441468.2857513,2779.8154508432476,0.0008945125869357294,0.12894795526101852,0.828234746282823
2323,532741468.2857513,2779.7733321112505,0.0008943827465398523,0.12894250373535115,0.8285679829363989
2324,533041468.2857513,2779.7314281700856,0.0008942533650910033,0.12893706430106983,0.8289004817883547
2325,533341468.2857513,2779.689736449192,0.0008941244386091886,0.12893163692124032,0.8292322466155739
2326,533641468.2857513,2779.6482544132227,0.0008939959631637121,0.1289262215590367,0.8295632811588924
2327,533941468.2857513,2779.6068900379637,0.0008938678140424041,0.12892081776857628,0.8298937012483402
2328,534241468.2857513,2779.565503657639,0.0008937398024158395,0.1289154248943615,0.8302236821662082
2329,534541468.2857513,2779.5243009270025,0.0008936122054942929,0.12891004385791519,0.830552966686071
2330,534841468.2857513,2779.4832797399345,0.000893485019959028,0.1289046746254055,0.8308815580022544
2331,535141468.2857513,2779.4426485312165,0.0008933585208293696,0.12889931771495622,0.8312092005967345
2332,535441468.2857513,2779.4022890679184,0.0008932325510171796,0.12889397277621287,0.8315360406858969
2333,535741468.2857513,2779.3621464484877,0.0008931070373545582,0.12888863963474315,0.831862146425207
2334,536041468.2857513,2779.3222185076547,0.0008929819765085405,0.12888331826204263,0.8321875207169163
2335,536341468.2857513,2779.2812953298658,0.000892855779391864,0.1288780061919354,0.8325136440964993
2336,536641468.2857513,2779.2403883144434,0.0008927297745131588,0.12887270548604707,0.8328392786990537
2337,536941468.2857512,2779.1996540735445,0.0008926041668156305,0.12886741641876218,0.83316423367453
2338,537241468.2857512,2779.1590758335487,0.0008924789331024226,0.12886213888054132,0.8334885308010023
2339,537541468.2857512,2779.1186224366375,0.0008923540307054669,0.12885687268903684,0.8338122100297075
2340,537841468.2857512,2779.078336518891,0.0008922295170106667,0.1288516180421301,0.8341352178966595
2341,538141468.2857512,2779.0382163641043,0.0008921053892456974,0.12884637490808723,0.8344575571242638
2342,538441468.2857512,2778.9982602427385,0.0008919816446252786,0.12884114325535365,0.8347792304504421
2343,538741468.2857512,2778.958466566938,0.0008918582805501153,0.12883592305254976,0.8351002404426182
2344,539041468.2857512,2778.9188404218135,0.0008917353031080015,0.12883071427698464,0.8354205815405462
2345,539341468.2857512,2778.8793772036015,0.0008916127057760783,0.12882551689346036,0.8357402599940886
2346,539641468.2857512,2778.840072167589,0.0008914904818570045,0.12882033086698805,0.8360592822175796
2347,539941468.2857512,2778.800923748222,0.0008913686287951893,0.12881515616684233,0.836377650750345
2348,540241468.2857512,2778.761936028521,0.0008912471522332644,0.12880999283094202,0.8366953603944847
2349,540541468.2857512,2778.723107772868,0.0008911260500858671,0.1288048408319492,0.8370124132573518
2350,540841468.2857512,2778.684431213493,0.0008910053107930777,0.12879970006319888,0.8373288203921075
2351,541141468.2857512,2778.6459048688484,0.0008908849319226322,0.1287945704946452,0.8376445842238289
2352,541441468.2857512,2778.607527276529,0.0008907649110693646,0.12878945209632314,0.8379597071694154
2353,541741468.2857512,2778.569296993948,0.000890645245856845,0.12878434483840548,0.8382741916258127
2354,542041468.2857512,2778.5312137583487,0.0008905259354305578,0.12877924869164115,0.8385880385531123
2355,542341468.2857512,2778.4932802578983,0.00089040698273304,0.12877416362777222,0.8389012453415827
2356,542641468.2857512,2778.4554899497043,0.0008902883788337325,0.12876908961561462,0.8392138205595489
2357,542941468.2857512,2778.4178414706694,0.0008901701214725313,0.12876402662599312,0.8395257664980279
2358,543241468.2857512,2778.380407203446,0.0008900523076583893,0.12875897497476776,0.8398369918452739
2359,543541468.2857512,2778.3431537213237,0.0008899348918838634,0.12875393447841676,0.8401475397309143
2360,543841468.2857512,2778.3060319981337,0.0008898178077179025,0.12874890488389748,0.8404574729871233
2361,544141468.2857512,2778.2690425897335,0.0008897010556873659,0.12874388618523788,0.8407667912675465
2362,544441468.2857512,2778.2321924288594,0.0008895846455790339,0.12873887845551588,0.8410754854241645
2363,544741468.2857512,2778.195470781451,0.0008894685615088191,0.12873388154768858,0.8413835707273724
2364,545041468.2857512,2778.158876485638,0.000889352801507928,0.12872889543417704,0.8416910492114733
2365,545341468.2857512,2778.1224083949573,0.0008892373636302311,0.12872392008753344,0.8419979228917157
2366,545641468.2857512,2778.0859076421743,0.0008891220387210843,0.12871895509692388,0.8423043899122441
2367,545941468.2857512,2778.0494274139146,0.0008890068960359129,0.1287140005491861,0.8426103847933342
2368,546241468.2857512,2778.013059903296,0.0008888920566639205,0.12870905667172733,0.8429157930552036
2369,546541468.2857512,2777.976804067063,0.0008887775188144267,0.1287041234381699,0.8432206165740904
2370,546841468.2857512,2777.9406588755287,0.0008886632807167545,0.12869920082225494,0.8435248572093638
2371,547141468.2857512,2777.904623292919,0.0008885493405950424,0.12869428879784137,0.8438285168273959
2372,547441468.2857512,2777.868696321408,0.0008884356967245961,0.12868938733890672,0.8441315972479979
2373,547741468.2857512,2777.8328769895156,0.0008883223474169546,0.12868449641954305,0.844434100258682
2374,548041468.2857512,2777.797123164969,0.0008882092383474497,0.12867961601442376,0.8447360776717696
2375,548341468.2857512,2777.7614263566247,0.0008880963585516283,0.1286747461208782,0.8450375400399084
2376,548641468.2857512,2777.7258369869373,0.0008879837722329801,0.1286698867238326,0.8453384265087505
2377,548941468.2857512,2777.6903533019545,0.0008878714764843554,0.1286650377814,0.8456387400453674
2378,549241468.2857512,2777.65510158596,0.0008877596347066403,0.12866019944144835,0.845938325306226
2379,549541468.2857512,2777.6199635728717,0.0008876480929516197,0.1286553715133858,0.8462373290978847
2380,549841468.2857512,2777.584932427592,0.000887536841930525,0.12865055396354888,0.8465357604605378
2381,550141468.2857512,2777.550007230413,0.0008874258800339005,0.12864574676661827,0.8468336211221971
2382,550441468.2857512,2777.5151874466846,0.0008873152061477751,0.12864094989746036,0.8471309123400693
2383,550741468.2857512,2777.4804714609927,0.0008872048177729101,0.12863616333057803,0.8474276366954466
2384,551041468.2857512,2777.445858024122,0.0008870947128856138,0.1286313870409408,0.8477237963164501
2385,551341468.2857512,2777.411346965163,0.0008869848908476965,0.1286266210040255,0.848019392010873
2386,551641468.2857512,2777.376937489688,0.0008868753502529677,0.12862186519733787,0.8483144252863567
2387,551941468.2857512,2777.3426287067696,0.0008867660895238345,0.12861711959483518,0.8486088978722852
2388,552241468.2857512,2777.3084215679874,0.0008866571094573873,0.12861238417199505,0.8489028092287431
2389,552541468.2857512,2777.274341573366,0.0008865484398975149,0.12860765873761834,0.8491961313774105
2390,552841468.2857512,2777.2403704720905,0.0008864400608769458,0.12860294354006757,0.8494888831758843
2391,553141468.2857512,2777.2065073622916,0.0008863319708073133,0.12859823855364794,0.8497810663514735
2392,553441468.2857512,2777.172751354113,0.000886224168117999,0.12859354375277798,0.8500726826162197
2393,553741468.2857512,2777.13910156945,0.0008861166512557909,0.12858885911199008,0.8503637336672197
2394,554041468.2857512,2777.1055571416996,0.0008860094186845257,0.12858418460592821,0.8506542211868989
2395,554341468.2857512,2777.0721172155436,0.0008859024688848027,0.1285795202093485,0.8509441468432911
2396,554641468.2857512,2777.038780947078,0.0008857958003540851,0.12857486589711548,0.8512335122898873
2397,554941468.2857512,2777.005547503163,0.0008856894116058814,0.1285702216442036,0.8515223191664181
2398,555241468.2857512,2776.9724160618975,0.0008855833011703193,0.1285655874256959,0.8518105690982475
2399,555541468.2857512,2776.9393858117783,0.000885477467593009,0.12856096321678032,0.8520982636974488
2400,555841468.2857512,2776.906455952182,0.0008853719094356935,0.1285563489927529,0.8523854045621713
2401,556141468.2857512,2776.8736256927295,0.0008852666252753657,0.1285517447290136,0.8526719932774126
2402,556441468.2857512,2776.8408277453905,0.0008851615170629605,0.12854714954136914,0.8529581252290463
2403,556741468.2857512,2776.8080562286923,0.0008850565761038649,0.12854256334622458,0.8532438089814446
2404,557041468.2857512,2776.775387619628,0.0008849519132935613,0.12853798712005537,0.8535289370558594
2405,557341468.2857512,2776.7428211184633,0.0008848475271899293,0.12853342083772332,0.8538135110629096
2406,557641468.2857512,2776.710355936478,0.0008847434163671852,0.12852886447420228,0.8540975325989871
2407,557941468.2857512,2776.6779912947704,0.0008846395794141377,0.12852431800456324,0.8543810032497403
2408,558241468.2857512,2776.6457264250953,0.0008845360149356017,0.1285197814040001,0.8546639245848193
2409,558541468.2857512,2776.6135605696095,0.0008844327215520221,0.12851525464782657,0.8549462981586365
2410,558841468.2857512,2776.5814956982736,0.0008843297014651472,0.1285107377190158,0.8552281220713165
2411,559141468.2857512,2776.5495312898374,0.000884226953605471,0.12850623059348854,0.8555093975844282
2412,559441468.2857512,2776.517663263016,0.0008841244722360486,0.1285017332374607,0.8557901304682254
2413,559741468.2857512,2776.485890908722,0.0008840222560486887,0.12849724562670206,0.856070322215501
2414,560041468.2857512,2776.454213527098,0.000883920303749056,0.12849276773708646,0.8563499743070135
2415,560341468.2857512,2776.4226304275358,0.0008838186140566469,0.1284882995445886,0.8566290882114717
2416,560641468.2857512,2776.3911152940864,0.0008837171484564401,0.1284838406901103,0.8569077017868127
2417,560941468.2857512,2776.3595935984836,0.0008836157984591843,0.12847939018839397,0.8571859212496121
2418,561241468.2857512,2776.3281552523,0.0008835146945135529,0.1284749492044604,0.8574636192629708
2419,561541468.2857512,2776.297404150038,0.0008834146207688432,0.12847051887118566,0.8577400354308379
2420,561841468.2857512,2776.2669676906194,0.0008833150915905723,0.12846609837890485,0.8580156415671015
2421,562141468.2857512,2776.2366379685573,0.0008832158371335486,0.12846168735503607,0.8582906997486873
2422,562441468.2857512,2776.206414277783,0.0008831168561080822,0.12845728577638588,0.858565211455757
2423,562741468.2857512,2776.1762959152543,0.000883018147226656,0.1284528936195903,0.8588391781780542
2424,563041468.2857512,2776.1462821873843,0.0008829197092157457,0.12844851086137998,0.8591126013930389
2425,563341468.2857512,2776.116372409511,0.000882821540815103,0.12844413747857783,0.8593854825665773
2426,563641468.2857512,2776.0865659059154,0.0008827236407777792,0.12843977344809981,0.8596578231528113
2427,563941468.2857512,2776.056862017215,0.0008826260078833733,0.1284354187472353,0.8599296245738057
2428,564241468.2857512,2776.0272617824385,0.0008825286433186535,0.12843107337122953,0.860200885909963
2429,564541468.2857512,2775.9977636199087,0.0008824315445491167,0.12842673728704332,0.8604716098842452
2430,564841468.2857512,2775.9684021464063,0.0008823347617588223,0.1284224109488656,0.8607417473701784
2431,565141468.2857512,2775.939137457627,0.0008822382365249942,0.12841809380276092,0.8610113560972998
2432,565441468.2857512,2775.909963061133,0.0008821419591358684,0.12841378574732148,0.8612804458557396
2433,565741468.2857512,2775.8808784294333,0.0008820459285717105,0.12840948676169328,0.8615490178830352
2434,566041468.2857512,2775.8518830418225,0.0008819501438228842,0.12840519682509216,0.8618170734079027
2435,566341468.2857512,2775.822973877484,0.0008818546007033655,0.1284009159167454,0.8620846167630526
2436,566641468.2857512,2775.7941502830417,0.0008817592980410176,0.12839664401616951,0.8623516493351787
2437,566941468.2857512,2775.7678557422496,0.0008816673906198621,0.12839238478964943,0.8626150879385189
2438,567241468.2857512,2775.742083084874,0.0008815762840923095,0.12838813507088032,0.8628774704576253
2439,567541468.2857512,2775.7164100575055,0.0008814854326467465,0.1283838941887522,0.863139330945581
2440,567841468.2857512,2775.6908361136134,0.0008813948352418602,0.12837966212246504,0.8634006706771239
2441,568141468.2857512,2775.66536071308,0.0008813044908459499,0.12837543885128802,0.8636614909186182
2442,568441468.2857512,2775.6400039718073,0.0008812144287398533,0.12837122465169792,0.8639217629379801
2443,568741468.2857512,2775.6148005135738,0.0008811246994512213,0.12836702000667682,0.8641814370053255
2444,569041468.2857512,2775.5896961390754,0.0008810352231709826,0.1283628241213853,0.8644405923988997
2445,569341468.2857512,2775.5646903233032,0.0008809459988890709,0.1283586369751784,0.8646992303685249
2446,569641468.2857512,2775.539782547241,0.0008808570256043871,0.12835445854747385,0.8649573521567558
2447,569941468.2857512,2775.5149722972465,0.0008807683023241066,0.12835028881775953,0.8652149589987179
2448,570241468.2857512,2775.4902590653937,0.0008806798280640646,0.12834612776558996,0.865472052122004
2449,570541468.2857512,2775.46564234961,0.0008805916018488802,0.12834197537058334,0.8657286327464914
2450,570841468.2857512,2775.441121653004,0.0008805036227111459,0.12833783161242499,0.8659847020851668
2451,571141468.2857512,2775.4166856627407,0.0008804158751842013,0.12833369641427114,0.866240275608122
2452,571441468.2857512,2775.3923403326294,0.0008803283669979752,0.12832956979284127,0.8664953459608565
2453,571741468.2857512,2775.368088392677,0.0008802411015120488,0.128325451744603,0.8667499101030185
2454,572041468.2857512,2775.3439292160674,0.0008801540775578575,0.1283213422464274,0.8670039694558778
2455,572341468.2857512,2775.3198621482015,0.0008800672939764712,0.1283172412784186,0.8672575254249434
2456,572641468.2857512,2775.295886905906,0.000879980750081964,0.12831314882078199,0.867510578950805
2457,572941468.2857512,2775.272018377316,0.0008798944675067826,0.1283090650781365,0.8677631087464697
2458,573241468.2857512,2775.248246912099,0.0008798084318219965,0.12830498989508748,0.8680151294522391
2459,573541468.2857512,2775.2245697316534,0.0008797226387057487,0.1283009232175171,0.8682666456337396
2460,573841468.2857512,2775.200988435827,0.0008796370899370777,0.12829686503127438,0.8685176558046436
2461,574141468.2857512,2775.177503862737,0.0008795517862963657,0.12829281531984027,0.86876815946748
2462,574441468.2857512,2775.154112317784,0.0008794667226354127,0.12828877405337563,0.8690181619745081
2463,574741468.2857512,2775.1308132398503,0.0008793818979128653,0.1282847412117559,0.8692676646248423
2464,575041468.2857512,2775.1076053006823,0.0008792973101161058,0.12828071677489505,0.8695166696777017
2465,575341468.2857512,2775.084489016285,0.0008792129595730796,0.1282767007228913,0.8697651770804316
2466,575641468.2857512,2775.0614639376186,0.0008791288453885607,0.12827269303582262,0.8700131879901756
2467,575941468.2857512,2775.0385296199934,0.0008790449666741619,0.12826869369383306,0.8702607035580759
2468,576241468.2857512,2775.0156856234353,0.0008789613225487442,0.12826470267712903,0.8705077249289206
2469,576541468.2857512,2774.9929315129148,0.0008788779121387694,0.12826071996598418,0.8707542532406624
2470,576841468.2857512,2774.9702668574705,0.0008787947345770966,0.12825674554073319,0.8710002896257263
2471,577141468.2857512,2774.947691230793,0.0008787117890037704,0.12825277938177526,0.8712458352101229
2472,577441468.2857512,2774.9252042111675,0.0008786290745659188,0.1282488214695727,0.8714908911136038
2473,577741468.2857512,2774.902801599257,0.0008785465848538615,0.12824487172815718,0.8717354640296487
2474,578041468.2857512,2774.8804817340533,0.0008784643171981642,0.1282409301197868,0.8719795568956574
2475,578341468.2857512,2774.85824791941,0.0008783822762308189,0.12823699668073205,0.8722231653301732
2476,578641468.2857512,2774.836099744713,0.0008783004611179299,0.12823307139166581,0.872466290436404
2477,578941468.2857512,2774.8140368034665,0.0008782188710320522,0.12822915423332296,0.8727089333118403
2478,579241468.2857512,2774.7920586932446,0.0008781375051521152,0.12822524518650008,0.8729510950482836
2479,579541468.2857512,2774.770165015772,0.0008780563626635291,0.12822134423205592,0.873192776731795
2480,579841468.2857512,2774.7483553768593,0.0008779754427580725,0.12821745135090942,0.8734339794427416
2481,580141468.2857512,2774.726629386254,0.0008778947446337306,0.12821356652404206,0.8736747042559571
2482,580441468.2857512,2774.7049784676133,0.0008778142553505234,0.12820968960250256,0.8739149644889807
2483,580741468.2857512,2774.6834066524398,0.0008777339810597128,0.1282058206661997,0.8741547541479863
2484,581041468.2857512,2774.6619170194863,0.0008776539257138551,0.12820195972263382,0.8743940695561029
2485,581341468.2857512,2774.6404614424114,0.0008775740278762179,0.12819810673499074,0.874632972163148
2486,581641468.2857512,2774.6190791575527,0.0008774943373489905,0.1281942617177335,0.8748714126124455
2487,581941468.2857512,2774.597779838736,0.0008774148660699396,0.1281904246521899,0.875109379290795
2488,582241468.2857512,2774.5765631128033,0.000877335613264642,0.1281865955196378,0.8753468732505435
2489,582541468.2857512,2774.555428610015,0.0008772565781641511,0.1281827743014136,0.8755838955391441
2490,582841468.2857512,2774.5343898573847,0.0008771777804591059,0.12817896118965835,0.8758204265480156
2491,583141468.2857512,2774.513438017947,0.0008770992068993195,0.1281751560363638,0.8760564799450011
2492,583441468.2857512,2774.4925659938413,0.0008770208468088478,0.12817135872063262,0.8762920667869811
2493,583741468.2857512,2774.471773434658,0.0008769426994499606,0.12816756922416178,0.8765271880918148
2494,584041468.2857512,2774.4510599936248,0.0008768647640906108,0.1281637875287036,0.8767618448722311
2495,584341468.2857512,2774.430425327482,0.0008767870400043014,0.12816001361606782,0.8769960381359508
2496,584641468.2857512,2774.409869095889,0.0008767095264692857,0.12815624746811807,0.8772297688864982
2497,584941468.2857512,2774.389390962186,0.0008766322227695637,0.12815248906677473,0.8774630381221263
2498,585241468.2857512,2774.368990592739,0.000876555128194021,0.12814873839401267,0.8776958468367966
2499,585541468.2857512,2774.348667657146,0.0008764782420366845,0.12814499543186106,0.8779281960198012
2500,585841468.2857512,2774.3284218149215,0.0008764015635708727,0.128141260161744,0.8781600867221854
2501,586141468.2857512,2774.308252712245,0.000876325092043118,0.12813753256433597,0.8783915200717315
2502,586441468.2857512,2774.2881600718447,0.0008762488268473027,0.12813381262399046,0.8786224968268703
2503,586741468.2857512,2774.268143575628,0.0008761727672971774,0.12813010032295202,0.8788530179591407
2504,587041468.2857512,2774.248202908429,0.0008760969127112161,0.12812639564351846,0.8790830844358224
2505,587341468.2857512,2774.228335647234,0.0008760212596543228,0.1281226985612981,0.8793126999867228
2506,587641468.2857512,2774.2085396078332,0.0008759458050075585,0.1281190090528786,0.8795418680218315
2507,587941468.2857512,2774.188841221009,0.0008758705868394053,0.12811532746410514,0.8797705501936895
2508,588241468.2857512,2774.1692246024163,0.0008757955814939862,0.1281116535353729,0.8799987708494054
2509,588541468.2857512,2774.1496825471268,0.0008757207781310398,0.12810798714231927,0.8802265412905614
2510,588841468.2857512,2774.1302147605047,0.0008756461761014486,0.1281043282675932,0.880453862454822
2511,589141468.2857512,2774.110820950103,0.0008755717747598376,0.12810067689389462,0.8806807352765016
2512,589441468.2857512,2774.091515235768,0.0008754975917386707,0.12809703301003952,0.880907142319011
2513,589741468.2857512,2774.0722839842274,0.0008754236094645434,0.1280933965925606,0.8811331015462461
2514,590041468.2857512,2774.053125845558,0.0008753498259533257,0.12808976762382568,0.8813586152403837
2515,590341468.2857512,2774.034025623079,0.000875276220628841,0.12808614600449003,0.8815837044025656
2516,590641468.2857512,2774.0149830047117,0.0008752027929821765,0.1280825317286185,0.8818083698132821
2517,590941468.2857512,2773.9960082701214,0.0008751295565204669,0.12807892483784503,0.882032598148241
2518,591241468.2857512,2773.97710528253,0.0008750565160244307,0.12807532532798632,0.8822563848791588
2519,591541468.2857512,2773.958273771833,0.0008749836708847271,0.12807173318215312,0.8824797309073146
2520,591841468.2857512,2773.9395134704023,0.0008749110204960694,0.12806814838350522,0.882702637130224
2521,592141468.2857512,2773.920824112754,0.0008748385642567592,0.12806457091524823,0.882925104442202
2522,592441468.2857512,2773.9022054359666,0.0008747663015692436,0.1280610007606358,0.8831471337337433
2523,592741468.2857512,2773.883657179063,0.0008746942318392932,0.1280574379029671,0.883368725892407
2524,593041468.2857512,2773.865189268186,0.0008746223695091964,0.12805388248570948,0.8835898664223037
2525,593341468.2857512,2773.8467987373615,0.0008745507099800145,0.12805033444892638,0.8838105603235616
2526,593641468.2857512,2773.8284787688594,0.0008744792429767705,0.12804679367262953,0.8840308183941384
2527,593941468.2857512,2773.8102291077785,0.0008744079679149249,0.12804326014021364,0.8842506415149776
2528,594241468.2857512,2773.792049501312,0.0008743368842135973,0.12803973383513012,0.8844700305626012
2529,594541468.2857512,2773.773939698798,0.0008742659912954513,0.1280362147408738,0.884688986410327
2530,594841468.2857512,2773.755899451566,0.0008741952885865505,0.12803270284098708,0.8849075099283332
2531,595141468.2857512,2773.737928513016,0.0008741247755164015,0.1280291981190559,0.8851256019836894
2532,595441468.2857512,2773.7200266388354,0.000874054451518272,0.1280257005587126,0.8853432634399532
2533,595741468.2857512,2773.7021935862363,0.0008739843160281706,0.12802221014363263,0.8855604951582939
2534,596041468.2857512,2773.684429115006,0.0008739143684862182,0.1280187268575375,0.8857772979960034
2535,596341468.2857512,2773.6667329863208,0.0008738446083351089,0.1280152506841922,0.8859936728081051
2536,596641468.2857512,2773.649104963542,0.0008737750350211338,0.12801178160740623,0.8862096204462792
2537,596941468.2857512,2773.6315448119385,0.0008737056479938147,0.12800831961103312,0.8864251417592377
2538,597241468.2857512,2773.614052298478,0.0008736364467056242,0.12800486467896918,0.8866402375930392
2539,597541468.2857512,2773.5966271922125,0.0008735674306124928,0.1280014167951549,0.8868549087905228
2540,597841468.2857512,2773.5792753967257,0.0008734986069274447,0.12799797594565143,0.8870691483252822
2541,598141468.2857512,2773.5619912042634,0.0008734299681279529,0.127994542108658,0.8872829641320101
2542,598441468.2857512,2773.5447741899593,0.0008733615135755751,0.1279911152790607,0.8874963571348229
2543,598741468.2857512,2773.527624618988,0.0008732932434606977,0.12798769544877672,0.8877093274219855
2544,599041468.2857512,2773.5105422607876,0.0008732251572411348,0.12798428260178865,0.8879218758367168
2545,599341468.2857512,2773.4935268864856,0.0008731572543776361,0.12798087672212222,0.8881340032195456
2546,599641468.2857512,2773.4765782688946,0.0008730895343339027,0.12797747779384783,0.8883457104082724
2547,599941468.2857512,2773.4596961629777,0.0008730219965504349,0.12797408580096675,0.8885569982645468
2548,600241468.2857512,2773.4428776220207,0.0008729546368588262,0.12797070071225894,0.8887678713221316
2549,600541468.2857512,2773.4261243890537,0.0008728874573820985,0.12796732252480858,0.8889783277110707
2550,600841468.2857512,2773.4093153452686,0.0008728203026670031,0.12796395102222013,0.8891885259762429
2551,601141468.2857512,2773.392653077744,0.0008727534328603407,0.12796058658122486,0.8893982013911949
2552,601441468.2857512,2773.3760443951955,0.0008726867275878162,0.12795722898012665,0.8896074769518257
2553,601741468.2857512,2773.3594694925127,0.0008726201611829223,0.12795387816673648,0.8898163790776862
2554,602041468.2857512,2773.3429286746245,0.0008725537338167075,0.12795053412714766,0.8900249078673895
2555,602341468.2857512,2773.3264218128593,0.00087248744511318,0.12794719684735276,0.8902330639771542
2556,602641468.2857512,2773.309948779364,0.0008724212946979559,0.12794386631337695,0.8904408480617408
2557,602941468.2857512,2773.293509447027,0.0008723552821981692,0.12794054251127865,0.8906482607744955
2558,603241468.2857512,2773.2770929520498,0.0008722893913622246,0.12793722525326637,0.8908553192133289
2559,603541468.2857512,2773.260708122607,0.0008722236350771806,0.1279339146713642,0.8910620102847543
2560,603841468.2857512,2773.2443572273623,0.0008721580165156633,0.12793061079055992,0.8912683309687156
2561,604141468.2857512,2773.228040136163,0.0008720925353010767,0.12792731359689496,0.8914742819235548
2562,604441468.2857512,2773.2117567194464,0.0008720271910581831,0.12792402307644637,0.8916798638064297
2563,604741468.2857512,2773.1955068485927,0.000871961983413465,0.12792073921532102,0.8918850772736259
2564,605041468.2857512,2773.1792037225578,0.0008718968016086299,0.12791746189806436,0.8920900358023273
2565,605341468.2857512,2773.1629346443606,0.0008718317566908864,0.12791419121716577,0.8922946260732293
2566,605641468.2857512,2773.146700509844,0.0008717668495920961,0.12791092715998262,0.892498847408198
2567,605941468.2857512,2773.1305010274828,0.000871702079673636,0.12790766970819983,0.8927027007689016
2568,606241468.2857512,2773.114336166934,0.000871637446732766,0.12790441885137588,0.8929061866124895
2569,606541468.2857512,2773.0982058278646,0.0008715729504480248,0.12790117457680797,0.8931093055349757
2570,606841468.2857512,2773.0821098712945,0.0008715085904351273,0.12789793687074,0.8933120582049138
2571,607141468.2857512,2773.066048159091,0.0008714443663114464,0.1278947057194496,0.8935144452892619
2572,607441468.2857512,2773.0500205541466,0.0008713802776962428,0.12789148110924903,0.8937164674531529
2573,607741468.2857512,2773.0340219369978,0.0008713163168415083,0.12788826294532987,0.8939181330334132
2574,608041468.2857512,2773.018048124486,0.0008712524773952652,0.12788505114883117,0.894119448902693
2575,608341468.2857512,2773.002107897724,0.000871188772172118,0.12788184585176146,0.8943204019779208
2576,608641468.2857512,2772.986201122635,0.0008711252007974766,0.12787864704056537,0.8945209929182517
2577,608941468.2857512,2772.970327666069,0.0008710617628984799,0.12787545470171985,0.8947212223811731
2578,609241468.2857512,2772.954487395843,0.0008709984581040858,0.12787226882173686,0.8949210910223604
2579,609541468.2857512,2772.9386803174407,0.000870935286222612,0.12786908938758937,0.8951205993134418
2580,609841468.2857512,2772.922908643932,0.000870872250017351,0.12786591639958325,0.8953197446889413
2581,610141468.2857512,2772.9071735008947,0.0008708093507971018,0.12786274985158388,0.8955185260826284
2582,610441468.2857512,2772.8915065866804,0.0008707466284797817,0.12785958975268674,0.8957169027378327
2583,610741468.2857512,2772.8760053330266,0.0008706842068920353,0.12785643621169665,0.8959147477104129
2584,611041468.2857512,2772.8605348814963,0.0008706219140116544,0.12785328903792773,0.896112238223274
2585,611341468.2857512,2772.8450951115447,0.0008705597494880484,0.1278501482182201,0.8963093749105052
2586,611641468.2857512,2772.8296859031134,0.0008704977129717998,0.1278470137394466,0.89650615840503
2587,611941468.2857512,2772.8143051114585,0.0008704358011223485,0.1278438855555132,0.8967025924692398
2588,612241468.2857512,2772.79895046046,0.0008703740104100792,0.12784076361849236,0.8968986810589559
2589,612541468.2857512,2772.7836254052568,0.0008703123457721167,0.1278376479737446,0.8970944192726718
2590,612841468.2857512,2772.7683298355455,0.0008702508068755283,0.12783453860840874,0.8972898077259215
2591,613141468.2857512,2772.753063673634,0.0008701893934288937,0.12783143550965778,0.8974848469914785
2592,613441468.2857512,2772.737826783785,0.0008701281050683266,0.12782833866468707,0.8976795377169329
2593,613741468.2857512,2772.7226190538727,0.0008700669414601725,0.1278252480607266,0.8978738805187065
2594,614041468.2857512,2772.7074403764827,0.0008700059022771725,0.12782216368503438,0.8980678760067123
2595,614341468.2857512,2772.692290644891,0.0008699449871934728,0.1278190855249001,0.8982615247894014
2596,614641468.2857512,2772.6771691872127,0.0008698841950735423,0.12781601356022695,0.8984548283175965
2597,614941468.2857512,2772.6620698101433,0.0008698235168710542,0.12781294769873258,0.8986477962692622
2598,615241468.2857512,2772.6469989213783,0.0008697629616026645,0.1278098880133985,0.8988404195274692
2599,615541468.2857512,2772.6319564238383,0.0008697025289607681,0.12780683449193314,0.8990326986603334
2600,615841468.2857512,2772.61694226266,0.0008696422187023403,0.12780378712289117,0.8992246341524149
2601,616141468.2857512,2772.6019567668545,0.000869582031140511,0.12780074590030083,0.8994162260004179
2602,616441468.2857512,2772.5869992928574,0.0008695219651578745,0.12779771080272653,0.8996074756456236
2603,616741468.2857512,2772.5720697460797,0.0008694620204493999,0.12779468181780557,0.899798383674997
2604,617041468.2857512,2772.5571680326025,0.0008694021967113716,0.12779165893320313,0.8999889506741807
2605,617341468.2857512,2772.542294058971,0.0008693424936411017,0.12778864213660995,0.900179177227772
2606,617641468.2857512,2772.527447732614,0.0008692829109374921,0.12778563141574514,0.9003690639187748
2607,617941468.2857512,2772.512628961299,0.0008692234483003384,0.12778262675835522,0.9005586113292829
2608,618241468.2857512,2772.49783765351,0.0008691641054307883,0.12777962815221322,0.9007478200400175
2609,618541468.2857512,2772.483073718302,0.0008691048820311483,0.1277766355851176,0.9009366906305197
2610,618841468.2857512,2772.4683370653997,0.0008690457778050691,0.12777364904489713,0.9011252236789854
2611,619141468.2857512,2772.4536276049744,0.0008689867924571759,0.1277706685194042,0.9013134197625599
2612,619441468.2857512,2772.4389452478854,0.000868927925693428,0.12776769399651902,0.9015012794571087
2613,619741468.2857512,2772.424296255382,0.0008688691856771626,0.12776472550062734,0.9016887945648547
2614,620041468.2857512,2772.40967840715,0.0008688105692374598,0.1277617630046052,0.9018759686615943
2615,620341468.2857512,2772.3950862804495,0.0008687520688068454,0.12775880645314222,0.9020628099026857
2616,620641468.2857512,2772.3805213270066,0.0008686936863725566,0.12775585585980795,0.9022493164541124
2617,620941468.2857512,2772.365983461088,0.0008686354216468425,0.12775291121260496,0.9024354888855792
2618,621241468.2857512,2772.3514725973214,0.0008685772743428253,0.12774997249956,0.9026213277658772
2619,621541468.2857512,2772.336988651051,0.0008685192441749773,0.12774703970872667,0.9028068336624349
2620,621841468.2857512,2772.322531538,0.0008684613308586935,0.12774411282818496,0.9029920071416907
2621,622141468.2857512,2772.308101174494,0.0008684035341105402,0.12774119184603894,0.9031768487688846
2622,622441468.2857512,2772.2936974773884,0.0008683458536482069,0.1277382767504201,0.9033613591080926
2623,622741468.2857512,2772.2793203640604,0.0008682882891904631,0.1277353675294847,0.9035455387222723
2624,623041468.2857512,2772.2649697523625,0.0008682308404571004,0.12773246417141423,0.9037293881732947
2625,623341468.2857512,2772.250645560625,0.0008681735071689355,0.127729566664415,0.9039129080219974
2626,623641468.2857512,2772.2363477078466,0.0008681162890480782,0.12772667499672072,0.9040960988278168
2627,623941468.2857512,2772.2220761133185,0.0008680591858174107,0.12772378915658855,0.9042789611494214
2628,624241468.2857512,2772.2078306969765,0.0008680021972010659,0.1277209091323021,0.904461495544145
2629,624541468.2857512,2772.19361137925,0.0008679453229242058,0.127718034912169,0.9046437025682412
2630,624841468.2857512,2772.1794177704674,0.000867888561980472,0.12771516645923964,0.9048255835834009
2631,625141468.2857512,2772.1652562764943,0.0008678319219573744,0.12771230374276055,0.9050071309870042
2632,625441468.2857512,2772.151120592167,0.0008677753953800798,0.1277094467949206,0.9051883527669955
2633,625741468.2857512,2772.1370106385434,0.0008677189819759897,0.12770659560410863,0.9053692494772029
2634,626041468.2857512,2772.1229262696365,0.0008676626813683756,0.1277037501572216,0.905549821785665
2635,626341468.2857512,2772.108867430887,0.0008676064933232445,0.12770091044322956,0.9057300702038574
2636,626641468.2857512,2772.094834089642,0.0008675504176409011,0.12769807645160328,0.9059099952057592
2637,626941468.2857512,2772.0808261688753,0.0008674944540528384,0.12769524817083205,0.9060895973408579
2638,627241468.2857512,2772.066843592182,0.0008674386022917322,0.12769242558942923,0.9062688771573619
2639,627541468.2857512,2772.052886283534,0.0008673828620911543,0.12768960869593346,0.9064478352025507
2640,627841468.2857512,2772.03895416737,0.0008673272331856794,0.12768679747890832,0.9066264720225714
2641,628141468.2857512,2772.0250471686277,0.0008672717153109055,0.12768399192694085,0.9068047881625251
2642,628441468.2857512,2772.011233559384,0.0008672163947153733,0.12768119210105433,0.9069826937618178
2643,628741468.2857512,2771.9974911520376,0.0008671612430800332,0.12767839796260827,0.9071602187846367
2644,629041468.2857512,2771.9837731614157,0.0008671062009979637,0.12767560944962197,0.9073374256139081
2645,629341468.2857512,2771.970079515777,0.0008670512682111682,0.12767282655081308,0.9075143147874452
2646,629641468.2857512,2771.9563995675285,0.0008669964303997024,0.12767004919374314,0.9076909015569669
2647,629941468.2857512,2771.9427436766737,0.0008669417011863646,0.1276672774280864,0.9078671719219433
2648,630241468.2857512,2771.9291118905016,0.0008668870803192169,0.12766451123202358,0.9080431264445745
2649,630541468.2857512,2771.915502996717,0.0008668325658565847,0.12766175057532517,0.9082187674573243
2650,630841468.2857512,2771.9019205609357,0.0008667781626130335,0.12765899548516768,0.9083940901266346
2651,631141468.2857512,2771.888389398957,0.000866723902519328,0.12765624602841627,0.9085690612853429
2652,631441468.2857512,2771.8748826836063,0.0008666697506932956,0.12765350210860718,0.9087437177624532
2653,631741468.2857512,2771.8614003444764,0.0008666157068809218,0.12765076371459327,0.9089180600917639
2654,632041468.2857512,2771.8479423115805,0.0008665617708291479,0.12764803083525372,0.9090920888060133
2655,632341468.2857512,2771.8345085154174,0.0008665079422858989,0.12764530345949004,0.9092658044368452
2656,632641468.2857512,2771.8210988867922,0.0008664542209998946,0.1276425815762286,0.9094392075150324
2657,632941468.2857512,2771.80771335706,0.0008664006067209321,0.12763986517441908,0.9096122985701285
2658,633241468.2857512,2771.7943518579323,0.0008663470991996504,0.12763715424303512,0.9097850781307658
2659,633541468.2857512,2771.781014321355,0.0008662936981873764,0.1276344487710741,0.909957546724773
2660,633841468.2857512,2771.767700680072,0.0008662404034368162,0.12763174874755634,0.9101297048785145
2661,634141468.2857512,2771.7544108668662,0.0008661872147011354,0.12762905416152687,0.9103015531177393
2662,634441468.2857512,2771.7411448150715,0.0008661341317345526,0.12762636500205268,0.9104730919670838
2663,634741468.2857512,2771.7279024585437,0.0008660811542923607,0.12762368125822648,0.9106443219499443
2664,635041468.2857512,2771.7146837312707,0.0008660282821303654,0.12762100291916154,0.9108152435891615
2665,635341468.2857512,2771.70148856782,0.0008659755150055216,0.12761832997399714,0.9109858574062276
2666,635641468.2857512,2771.6883169030957,0.0008659228526755531,0.12761566241189326,0.9111561639218192
2667,635941468.2857512,2771.6751686724638,0.0008658702948991775,0.12761300022203545,0.9113261636554518
2668,636241468.2857512,2771.6620448401814,0.0008658178429569257,0.12761034341100946,0.9114958554934939
2669,636541468.2857512,2771.649100230099,0.0008657656929009398,0.12760769217189588,0.9116650334854474
2670,636841468.2857512,2771.6361908338263,0.0008657136616811481,0.12760504627762279,0.9118338906735534
2671,637141468.2857512,2771.623302924452,0.0008656617317292084,0.127602405698483,0.9120024458165245
2672,637441468.2857512,2771.61043644469,0.0008656099028167655,0.12759977042388054,0.9121706994182368
2673,637741468.2857512,2771.5975913399157,0.000865558174719161,0.12759714044324227,0.9123386519785858
2674,638041468.2857512,2771.584767558284,0.0008655065472156238,0.12759451574602101,0.9125063039932901
2675,638341468.2857512,2771.571965061127,0.0008654550201022006,0.1275918963216915,0.9126736559402492
2676,638641468.2857512,2771.5591837824886,0.0008654035931411428,0.12758928215974527,0.9128407083329395
2677,638941468.2857512,2771.5464231143114,0.0008653522653739036,0.12758667324644324,0.9130074624450794
2678,639241468.2857512,2771.533648224211,0.0008653009903686191,0.1275840693665772,0.913173967512892
2679,639541468.2857512,2771.5208947177416,0.0008652498153149116,0.12758147072152762,0.9133401739787704
2680,639841468.2857512,2771.5081625408743,0.00086519873999091,0.1275788773008465,0.9135060823394182
2681,640141468.2857512,2771.4954230617855,0.0008651477284996415,0.1275762890946849,0.9136717307296495
2682,640441468.2857512,2771.4827004184745,0.0008650968108420193,0.12757370609343857,0.9138370877240029
2683,640741468.2857512,2771.469998854073,0.000865045992163713,0.12757112828676814,0.9140021481517611
2684,641041468.2857512,2771.4573105919326,0.0008649952626055607,0.1275685556644944,0.914166922683409
2685,641341468.2857512,2771.444643476178,0.0008649446318108846,0.12756598821643045,0.9143314013906547
2686,641641468.2857512,2771.43199745478,0.0008648940995623126,0.12756342593225212,0.9144955847650097
2687,641941468.2857512,2771.4193724757847,0.0008648436656429373,0.12756086880165798,0.9146594732973744
2688,642241468.2857512,2771.406768487815,0.0008647933298368977,0.12755831681436663,0.9148230674774388
2689,642541468.2857512,2771.3941891612926,0.0008647430974328486,0.127555770023472,0.9149863618531128
2690,642841468.2857512,2771.3816325242756,0.0008646929653702167,0.12755322838571886,0.9151493599912683
2691,643141468.2857512,2771.369096698282,0.0008646429307308367,0.12755069185970586,0.9153120653001762
2692,643441468.2857512,2771.356581633112,0.000864592993301762,0.12754816043524023,0.915474478266037
2693,643741468.2857512,2771.3440872789897,0.0008645431528709413,0.12754563410215183,0.9156365993739547
2694,644041468.2857512,2771.331613586151,0.0008644934092266907,0.12754311285029246,0.9157984291085862
2695,644341468.2857512,2771.319160505499,0.0008644437621584779,0.12754059666953327,0.9159599679532107
2696,644641468.2857512,2771.30672798803,0.0008643942114562419,0.12753808554976728,0.9161212163905758
2697,644941468.2857512,2771.2943159850884,0.0008643447569107106,0.12753557948090968,0.9162821749024048
2698,645241468.2857512,2771.2819244482544,0.0008642953983132285,0.12753307845289522,0.9164428439696983
2699,645541468.2857512,2771.269553329566,0.0008642461354560722,0.12753058245568122,0.91660322407236
2700,645841468.2857512,2771.257202581148,0.0008641969681319417,0.12752809147924404,0.9167633156897292
2701,646141468.2857512,2771.2448721556793,0.0008641478961345839,0.12752560551358233,0.9169231192999261
2702,646441468.2857512,2771.232562005936,0.0008640989192581956,0.12752312454871503,0.9170826353804729
2703,646741468.2857512,2771.220272084991,0.0008640500372976846,0.12752064857468193,0.917241864408021
2704,647041468.2857512,2771.2080023463263,0.000864001250048796,0.12751817758154313,0.9174008068582323
2705,647341468.2857512,2771.195752743579,0.0008639525573078246,0.12751571155938102,0.9175594632060426
2706,647641468.2857512,2771.1835208470834,0.0008639039557068723,0.12751325048408527,0.917717837286559
2707,647941468.2857512,2771.172164686824,0.0008638565325088375,0.12751079563841425,0.9178747752210425
2708,648241468.2857512,2771.1610345326867,0.0008638094634734137,0.12750834599315763,0.9180311533728127
2709,648541468.2857512,2771.1499046835575,0.0008637624623191644,0.1275059011919174,0.9181872760933969
2710,648841468.2857512,2771.1387752415876,0.0008637155290501242,0.12750346122611123,0.9183431436161675
2711,649141468.2857512,2771.1276490172722,0.0008636686676961044,0.12750102613508954,0.918498751800148
2712,649441468.2857512,2771.116524687361,0.0008636218761393858,0.1274985958848579,0.9186541031901696
2713,649741468.2857512,2771.1054012051477,0.0008635751526757548,0.12749617044646946,0.9188091998862314
2714,650041468.2857512,2771.094278670913,0.0008635284973087068,0.12749374981147657,0.9189640421114854
2715,650341468.2857512,2771.0831571817835,0.0008634819100364704,0.12749133397133305,0.919118630105402
2716,650641468.2857512,2771.0720368898556,0.0008634353909513854,0.1274889229193827,0.9192729639841698
2717,650941468.2857512,2771.0609179415974,0.0008633889401365711,0.12748651664880767,0.9194270438759974
2718,651241468.2857512,2771.0498003245143,0.0008633425574052143,0.12748411514748798,0.91958087026144
2719,651541468.2857512,2771.0386841322247,0.000863296242751722,0.12748171840691785,0.9197344433837982
2720,651841468.2857512,2771.0275694573484,0.0008632499961694076,0.12747932641860274,0.9198877634874617
2721,652141468.2857512,2771.016456391557,0.0008632038176505187,0.12747693917405642,0.9200408308180242
2722,652441468.2857512,2771.0053450257774,0.0008631577071865475,0.1274745566648052,0.9201936456217459
2723,652741468.2857512,2770.9942354499585,0.0008631116647678736,0.1274721788823832,0.920346208146032
2724,653041468.2857512,2770.98312775327,0.0008630656903840851,0.1274698058183376,0.920498518639027
2725,653341468.2857512,2770.9720220239255,0.0008630197840236891,0.1274674374642234,0.9206505773500133
2726,653641468.2857512,2770.960918349293,0.0008629739456743037,0.12746507381160765,0.9208023845291549
2727,653941468.2857512,2770.949826755491,0.0008629281885408461,0.12746271491385966,0.9209539263214819
2728,654241468.2857512,2770.938773070662,0.0008628825468221432,0.12746036092133559,0.9211051664937382
2729,654541468.2857512,2770.927720337427,0.0008628369712231529,0.12745801159408765,0.9212561579261104
2730,654841468.2857512,2770.9166686478848,0.0008627914617399014,0.12745566692384733,0.9214069008580121
2731,655141468.2857512,2770.9056180929865,0.0008627460183671394,0.1274533269023573,0.9215573955301433
2732,655441468.2857512,2770.8945616875553,0.0008627006322520604,0.1274509915187658,0.9217076516292046
2733,655741468.2857512,2770.8834841814223,0.0008626552842184921,0.12744866075981495,0.9218576898469716
2734,656041468.2857512,2770.8724072130676,0.0008626100013283772,0.12744633463430996,0.9220074814765487
2735,656341468.2857512,2770.8613233901133,0.0008625647738441367,0.12744401310338904,0.922157037167282
2736,656641468.2857512,2770.8502411297577,0.0008625196124570659,0.12744169618300613,0.9223063457331976
2737,656941468.2857512,2770.8391605175575,0.0008624745171558634,0.12743938386495327,0.9224554074211188
2738,657241468.2857512,2770.8280816383294,0.0008624294879284685,0.12743707614103436,0.9226042224785957
2739,657541468.2857512,2770.817004576246,0.000862384524762141,0.1274347730030621,0.9227527911538524
2740,657841468.2857512,2770.805929414653,0.0008623396276432444,0.12743247444285888,0.9229011136959885
2741,658141468.2857512,2770.794856235867,0.0008622947965570152,0.12743018045225812,0.9230491903552513
2742,658441468.2857512,2770.7837851218255,0.0008622500314883384,0.12742789102310195,0.9231970213821759
2743,658741468.2857512,2770.772716153583,0.0008622053324211523,0.12742560614724358,0.92334460702824
2744,659041468.2857512,2770.761649411321,0.0008621606993384435,0.1274233258165458,0.9234919475458611
2745,659341468.2857512,2770.75058497446,0.000862116132222387,0.12742105002288118,0.9236390431882523
2746,659641468.2857512,2770.739524990114,0.0008620716338053288,0.12741877877119168,0.9237858912615818
2747,659941468.2857512,2770.7284977375516,0.0008620272415644552,0.12741651223081946,0.9239324518504445
2748,660241468.2857512,2770.717475483415,0.0008619829184741302,0.12741425021688918,0.924078764899364
2749,660541468.2857512,2770.7064582918474,0.0008619386644949633,0.12741199272111606,0.9242248306870423
2750,660841468.2857512,2770.695446226139,0.0008618944795866802,0.12740973973522773,0.9243706494930168
2751,661141468.2857512,2770.6844393489014,0.0008618503637083138,0.12740749125096243,0.9245162215974659
2752,661441468.2857512,2770.6734377220755,0.0008618063168182216,0.1274052472600693,0.9246615472812282
2753,661741468.2857512,2770.6624414071835,0.0008617623388744361,0.12740300775431124,0.9248066268253727
2754,662041468.2857512,2770.6514504648217,0.0008617184298339653,0.12740077272545985,0.9249514605119732
2755,662341468.2857512,2770.6404649551437,0.0008616745896534571,0.12739854216530008,0.9250960486234383
2756,662641468.2857512,2770.629484937591,0.0008616308182888329,0.12739631606562773,0.9252403914427941
2757,662941468.2857512,2770.618510470943,0.0008615871156953604,0.12739409441825064,0.9253844892537013
2758,663241468.2857512,2770.6075413426834,0.0008615434814258814,0.1273918772101715,0.9255283427821358
2759,663541468.2857512,2770.5965778681903,0.0008614999158174996,0.12738966443782712,0.9256719518912747
2760,663841468.2857512,2770.5856201499555,0.0008614564188912557,0.12738745609386598,0.9258153167921113
2761,664141468.2857512,2770.574668244518,0.000861412990600275,0.12738525217014068,0.9259584377702483
2762,664441468.2857512,2770.563722207645,0.0008613696308968945,0.12738305265851557,0.9261013151120268
2763,664741468.2857512,2770.552782094672,0.0008613263397330791,0.12738085755086645,0.9262439491041049
2764,665041468.2857512,2770.5418479602995,0.0008612831170601594,0.12737866683907972,0.9263863400336989
2765,665341468.2857512,2770.530919858818,0.0008612399628291506,0.12737648051505526,0.9265284881882767
2766,665641468.2857512,2770.5199978436826,0.0008611968769901723,0.1273742985707027,0.9266703938561459
2767,665941468.2857512,2770.509081967892,0.00086115385949296,0.1273721209979444,0.9268120573259284
2768,666241468.2857512,2770.4981722839693,0.0008611109102868242,0.12736994778871405,0.9269534788866027
2769,666541468.2857512,2770.4872688437185,0.000861068029320347,0.1273677789349568,0.9270946588278199
2770,666841468.2857512,2770.4763716985813,0.0008610252165418343,0.12736561442862956,0.927235597439404
2771,667141468.2857512,2770.465480899247,0.0008609824718988257,0.12736345426170118,0.9273762950119063
2772,667441468.2857512,2770.4545888754014,0.000860939785206124,0.12736129837735116,0.9275167627523588
2773,667741468.2857512,2770.4436943911223,0.0008608971547109187,0.12735914675996565,0.9276570027661921
2774,668041468.2857512,2770.432807173368,0.0008608545932306397,0.1273569994637578,0.9277970014711935
2775,668341468.2857512,2770.42192726368,0.000860812100700832,0.12735485648065697,0.9279367591713029
2776,668641468.2857512,2770.411054703248,0.0008607696770567796,0.1273527178026044,0.9280762761706011
2777,668941468.2857512,2770.4001895325828,0.0008607273222331217,0.12735058342155492,0.9282155527737688
2778,669241468.2857512,2770.3893317918632,0.000860685036164247,0.1273484533294743,0.9283545892856003
2779,669541468.2857512,2770.378481520918,0.0008606428187843156,0.12734632751834238,0.9284933860110459
2780,669841468.2857512,2770.3676388066006,0.0008606006700862533,0.12734420598016252,0.9286319431915516
2781,670141468.2857512,2770.356803698047,0.0008605585900161252,0.12734208870693828,0.9287702611190712
2782,670441468.2857512,2770.3459761758586,0.0008605165784348114,0.12733997569066946,0.9289083401772171
2783,670741468.2857512,2770.335155599689,0.0008604746342725663,0.12733786691157795,0.9290461817800457
2784,671041468.2857512,2770.324342625093,0.0008604327583746446,0.12733576237244232,0.9291837852237282
2785,671341468.2857512,2770.313537348818,0.0008603909507614626,0.12733366206638505,0.9293211507168931
2786,671641468.2857512,2770.302739807671,0.0008603492113646965,0.12733156598547216,0.9294582785662808
2787,671941468.2857512,2770.2919500377047,0.0008603075401152955,0.1273294741217838,0.9295951690792909
2788,672241468.2857512,2770.281168074944,0.0008602659369443402,0.12732738646741137,0.9297318225630332
2789,672541468.2857512,2770.2703939546395,0.0008602244017821375,0.12732530301445902,0.9298682393253273
2790,672841468.2857512,2770.2596277118014,0.0008601829345588893,0.127323223755044,0.9300044196739765
2791,673141468.2857512,2770.248869381155,0.0008601415352046069,0.12732114868129446,0.930140363916877
2792,673441468.2857512,2770.238118996821,0.00086010020364876,0.12731907778535298,0.9302760723623285
2793,673741468.2857512,2770.2273765925393,0.0008600589398204997,0.12731701105937215,0.9304115453193343
2794,674041468.2857512,2770.2166422017935,0.000860017743648812,0.1273149484955149,0.9305467830972912
2795,674341468.2857512,2770.205915857549,0.0008599766150623448,0.12731289008596552,0.9306817860037493
2796,674641468.2857512,2770.195197592559,0.000859935553989595,0.12731083582291539,0.9308165543475667
2797,674941468.2857512,2770.184487439054,0.0008598945603586054,0.12730878569856915,0.9309510884379257
2798,675241468.2857512,2770.1737854289263,0.0008598536340971658,0.12730673970514264,0.9310853885841585
2799,675541468.2857512,2770.1630915936094,0.0008598127751326973,0.12730469783486528,0.931219455095859
2800,675841468.2857512,2770.152405964363,0.0008597719833925849,0.12730266007997867,0.9313532882825204
2801,676141468.2857512,2770.141728571966,0.0008597312588038058,0.1273006264327371,0.9314868884539366
2802,676441468.2857512,2770.131061222008,0.0008596906036391417,0.12729859689595174,0.9316202533780144
2803,676741468.2857512,2770.1204633398693,0.0008596500962615886,0.1272965718105082,0.931753298397486
2804,677041468.2857512,2770.109869567158,0.0008596096501662826,0.1272945507794702,0.9318861175434121
2805,677341468.2857512,2770.099283377892,0.0008595692698586788,0.12729253381759373,0.9320187061586013
2806,677641468.2857512,2770.0884715038287,0.0008595286602806258,0.12729052051545828,0.932151384183218
2807,677941468.2857512,2770.0775499606434,0.0008594879682097338,0.12728851107732658,0.9322839924195587
2808,678241468.2857512,2770.0666448749053,0.0008594473530580467,0.127286505715727,0.9324163582590419
2809,678541468.2857512,2770.055755813424,0.0008594068140731565,0.12728450441533573,0.9325484827732289
2810,678841468.2857512,2770.0448831049084,0.0008593663516289102,0.12728250717420725,0.9326803657805358
2811,679141468.2857512,2770.034026779183,0.0008593259656575262,0.12728051398516052,0.9328120075908438
2812,679441468.2857512,2770.023186817014,0.0008592856560189038,0.12727852484016527,0.9329434085943655
2813,679741468.2857512,2770.012363198942,0.0008592454225729086,0.12727653973120717,0.933074569181156
2814,680041468.2857512,2770.001555905588,0.0008592052651797621,0.12727455865028833,0.9332054897406935
2815,680341468.2857512,2769.9907649176807,0.0008591651837000461,0.1272725815894255,0.9333361706618656
2816,680641468.2857512,2769.979990215677,0.0008591251779942555,0.12727060854065156,0.9334666123334981
2817,680941468.2857512,2769.9692317803915,0.0008590852479235574,0.12726863949601386,0.9335968151434698
2818,681241468.2857512,2769.9584895922526,0.0008590453933488907,0.12726667444757603,0.9337267794797337
2819,681541468.2857512,2769.9477636318843,0.0008590056141316785,0.1272647133874173,0.9338565057295312
2820,681841468.2857512,2769.9370538797843,0.0008589659101334106,0.1272627563076311,0.9339859942798246
2821,682141468.2857512,2769.926360316706,0.0008589262812161528,0.1272608032003278,0.9341152455167754
2822,682441468.2857512,2769.915682923086,0.0008588867272417953,0.12725885405763138,0.9342442598265468
2823,682741468.2857512,2769.905021679385,0.000858847248072517,0.12725690887168292,0.9343730375947823
2824,683041468.2857512,2769.8943765662766,0.0008588078435709769,0.12725496763463692,0.9345015792064332
2825,683341468.2857512,2769.883747564171,0.0008587685135997596,0.12725303033866464,0.9346298850463117
2826,683641468.2857512,2769.873134592085,0.0008587292579207593,0.1272510969741153,0.9347579556281224
2827,683941468.2857512,2769.8625376871587,0.0008586900764898628,0.12724916753485538,0.9348857912170262
2828,684241468.2857512,2769.851956835787,0.0008586509691802481,0.12724724201328416,0.935013392183782
2829,684541468.2857512,2769.841392018583,0.0008586119358556833,0.12724532040163267,0.9351407589111462
2830,684841468.2857512,2769.830843216253,0.0008585729763802823,0.12724340269214682,0.9352678917813533
2831,685141468.2857512,2769.820310408947,0.0008585340906177305,0.12724148887708955,0.9353947911768266
2832,685441468.2857512,2769.8097935774035,0.0008584952784326405,0.1272395789487364,0.9355214574788552
2833,685741468.2857512,2769.7993040104784,0.0008584565542100909,0.1272376729365154,0.9356478752524318
2834,686041468.2857512,2769.788868245251,0.0008584179518973797,0.12723577091888155,0.9357740077854442
2835,686341468.2857512,2769.778449367363,0.0008583794240039593,0.12723387276858,0.9358999070781898
2836,686641468.2857512,2769.7680469094657,0.0008583409697885192,0.1272319784741462,0.9360255741763774
2837,686941468.2857512,2769.7576594487323,0.0008583025870752743,0.12723008800556734,0.9361510117428615
2838,687241468.2857512,2769.7472879875772,0.0008582642772574977,0.12722820137453478,0.9362762184347504
2839,687541468.2857512,2769.736932621272,0.0008582260403725763,0.12722631857559302,0.9364011944374796
2840,687841468.2857512,2769.7265933310714,0.0008581878762875604,0.12722443960113472,0.9365259401283194
2841,688141468.2857512,2769.716270097706,0.0008581497848690541,0.12722256444356567,0.9366504558848368
2842,688441468.2857512,2769.705962902163,0.0008581117659842215,0.12722069309530717,0.9367747420837496
2843,688741468.2857512,2769.695671725586,0.000858073819500638,0.1272188255487946,0.9368987991011873
2844,689041468.2857512,2769.685409052782,0.0008580359609671034,0.12721696181031758,0.9370226102001308
2845,689341468.2857512,2769.6752041428354,0.0008579982269469952,0.12721510190332994,0.9371461357441724
2846,689641468.2857512,2769.665013944912,0.0008579605633278234,0.12721324577180346,0.9372694350604459
2847,689941468.2857512,2769.654838446187,0.0008579229699866236,0.12721139340829696,0.9373925085123648
2848,690241468.2857512,2769.6446776338666,0.0008578854468006872,0.12720954480538355,0.9375153564628602
2849,690541468.2857512,2769.6345314948003,0.0008578479936470851,0.12720769995565054,0.9376379792749153
2850,690841468.2857512,2769.6244000162337,0.0008578106104035917,0.12720585885169924,0.9377603773105404
2851,691141468.2857512,2769.614283184926,0.0008577732969475908,0.12720402148614468,0.9378825509319701
2852,691441468.2857512,2769.60418098801,0.0008577360531571499,0.12720218785161638,0.9380045005005075
2853,691741468.2857512,2769.5940934124847,0.0008576988789103884,0.12720035794075799,0.9381262263771749
2854,692041468.2857512,2769.5840204452247,0.0008576617740854729,0.12719853174622614,0.9382477289227662
2855,692341468.2857512,2769.5739620731742,0.0008576247385608797,0.12719670926069226,0.9383690084975195
2856,692641468.2857512,2769.5639182831414,0.0008575877722151307,0.12719489047684163,0.9384900654614322
2857,692941468.2857512,2769.5538890621738,0.0008575508749272555,0.1271930753873732,0.9386109001737458
2858,693241468.2857512,2769.543874396963,0.0008575140465760497,0.1271912639849996,0.938731512993751
2859,693541468.2857512,2769.53387427428,0.0008574772870406377,0.12718945626244835,0.9388519042801836
2860,693841468.2857512,2769.523888681072,0.0008574405962005424,0.12718765221245873,0.9389720743911237
2861,694141468.2857512,2769.5139176039966,0.0008574039739351775,0.12718585182778647,0.9390920236845844
2862,694441468.2857512,2769.5039610298973,0.0008573674201243688,0.1271840551011989,0.9392117525179232
2863,694741468.2857512,2769.4940189454865,0.0008573309346480015,0.12718226202547805,0.9393312612482142
2864,695041468.2857512,2769.484091345504,0.0008572945173980687,0.12718047259356483,0.9394505502187215
2865,695341468.2857512,2769.47417822207,0.0008572581682628416,0.12717868679836286,0.9395696197767184
2866,695641468.2857512,2769.4642795438626,0.0008572218870961904,0.1271769046323753,0.9396884703079907
2867,695941468.2857512,2769.454395297766,0.0008571856737790602,0.1271751260884394,0.9398071021676361
2868,696241468.2857512,2769.444524638865,0.0008571495270881701,0.12717335115386755,0.9399255169216417
2869,696541468.2857512,2769.434664781155,0.0008571134432247128,0.12717157980315855,0.9400437189579133
2870,696841468.2857512,2769.4248193626017,0.0008570774269199378,0.12716981205362898,0.940161703307072
2871,697141468.2857512,2769.4149883698346,0.0008570414780552652,0.1271680478981681,0.9402794703229291
2872,697441468.2857512,2769.4051717893985,0.0008570055965121743,0.12716628732967544,0.9403970203590359
2873,697741468.2857512,2769.395369607588,0.0008569697821720848,0.1271645303410674,0.9405143537687889
2874,698041468.2857512,2769.3855818106617,0.0008569340349165432,0.12716277692527106,0.9406314709052688
2875,698341468.2857512,2769.3758083852754,0.0008568983546278132,0.12716102707522858,0.9407483721205269
2876,698641468.2857512,2769.3660493176612,0.0008568627411878327,0.1271592807838951,0.9408650577667756
2877,698941468.2857512,2769.356304594207,0.0008568271944789368,0.127157538044239,0.9409815281955844
2878,699241468.2857512,2769.3465742014,0.0008567917143837929,0.12715579884924247,0.9410977837579455
2879,699541468.2857512,2769.336858125369,0.0008567563007848339,0.12715406319190145,0.941213824804909
2880,699841468.2857512,2769.327156352473,0.0008567209535649592,0.12715233106522342,0.9413296516867906
2881,700141468.2857512,2769.31746886909,0.0008566856726073224,0.12715060246223145,0.9414452647534204
2882,700441468.2857512,2769.3077956614998,0.0008566504577951415,0.12714887737596048,0.9415606643543517
2883,700741468.2857512,2769.29813671607,0.0008566153090119535,0.12714715579945934,0.9416758508385654
2884,701041468.2857512,2769.2884920189367,0.0008565802261412053,0.1271454377257896,0.9417908245549328
2885,701341468.2857512,2769.2788615563295,0.0008565452090666676,0.12714372314802663,0.9419055858517792
2886,701641468.2857512,2769.269245314717,0.0008565102576726049,0.1271420120592587,0.9420201350766447
2887,701941468.2857512,2769.2596432802034,0.0008564753718430379,0.12714030445258773,0.9421344725771291
2888,702241468.2857512,2769.250055438994,0.0008564405514622923,0.12713860032112728,0.9422485987003046
2889,702541468.2857512,2769.240481777306,0.0008564057964149406,0.12713689965800629,0.9423625137927547
2890,702841468.2857512,2769.230922281384,0.0008563711065857736,0.1271352024563657,0.9424762182005958
2891,703141468.2857512,2769.2213769374657,0.0008563364818597556,0.1271335087093585,0.9425897122695407
2892,703441468.2857512,2769.211845731662,0.000856301922121929,0.12713181841015303,0.942702996345013
2893,703741468.2857512,2769.202328650245,0.0008562674272577009,0.12713013155192832,0.942816070771827
2894,704041468.2857512,2769.19282589812,0.0008562329974763421,0.12712844813183044,0.94292893552771
2895,704341468.2857512,2769.1833373962513,0.0008561986325667904,0.12712676814187202,0.9430415910668645
2896,704641468.2857512,2769.1738629580177,0.0008561643321590418,0.12712509157214094,0.9431540380229143
2897,704941468.2857512,2769.164402569445,0.0008561300961390398,0.12712341841587166,0.9432662767391938
2898,705241468.2857512,2769.1549562167593,0.0008560959243931699,0.1271217486663114,0.9433783075583133
2899,705541468.2857512,2769.1455238863223,0.0008560618168081909,0.12712008231672103,0.9434901308222531
2900,705841468.2857512,2769.136105565852,0.0008560277732727297,0.12711841936037388,0.9436017468707453
2901,706141468.2857512,2769.126701242933,0.0008559937936755265,0.12711675979056236,0.9437131560418367
2902,706441468.2857512,2769.117310900848,0.0008559598779000229,0.1271151036005786,0.9438243586818544
2903,706741468.2857512,2769.107934525719,0.0008559260258334606,0.12711345078373473,0.9439353551313824
2904,707041468.2857512,2769.098571819257,0.0008558922369857343,0.12711180133143155,0.9440461461471236
2905,707341468.2857512,2769.089221318513,0.0008558585093216461,0.12711015522725078,0.9441567341891542
2906,707641468.2857512,2769.079884636559,0.000855824844889529,0.12710851247560268,0.944267117211007
2907,707941468.2857512,2769.0705617599124,0.0008557912435779775,0.12710687306985596,0.9443772955507848
2908,708241468.2857512,2769.061252675008,0.0008557577052756887,0.12710523700339277,0.9444872695462494
2909,708541468.2857512,2769.0519573682086,0.0008557242298714688,0.12710360426960834,0.9445970395348202
2910,708841468.2857512,2769.0426758261874,0.0008556908172546951,0.12710197486191033,0.9447066058530631
2911,709141468.2857512,2769.033408035085,0.0008556574673142689,0.1271003487737182,0.9448159688378592
2912,709441468.2857512,2769.0241539815656,0.0008556241799399432,0.1270987259984651,0.9449251288249384
2913,709741468.2857512,2769.01490969565,0.0008555909500647812,0.1270971065246451,0.9450340916208692
2914,710041468.2857512,2769.005660347748,0.0008555577590238678,0.1270954903275875,0.9451428780283506
2915,710341468.2857512,2768.996424412144,0.0008555246298771969,0.12709387742446,0.9452514627866259
2916,710641468.2857512,2768.9872018769356,0.0008554915625172563,0.12709226780875862,0.9453598462271787
2917,710941468.2857512,2768.977992730526,0.000855458556837077,0.1270906614739903,0.9454680286806949
2918,711241468.2857512,2768.9687969611527,0.0008554256127297,0.1270890584136762,0.945576010477622
2919,711541468.2857512,2768.9596145569953,0.0008553927300882471,0.12708745862134743,0.9456837919481038
2920,711841468.2857512,2768.95044550633,0.000855359908806172,0.12708586209054926,0.9457913734216933
2921,712141468.2857512,2768.9412897974375,0.000855327148777107,0.12708426881483834,0.9458987552275373
2922,712441468.2857512,2768.932147418228,0.0008552944498944197,0.12708267878778412,0.9460059376948509
2923,712741468.2857512,2768.92301835729,0.0008552618120524822,0.12708109200296697,0.9461129211515187
2924,713041468.2857512,2768.9139026026423,0.0008552292351451733,0.12707950845398136,0.9462197059257468
2925,713341468.2857512,2768.904800327699,0.0008551967193289605,0.12707792813691268,0.9463262920730883
2926,713641468.2857512,2768.8957119484458,0.000855164265129382,0.12707635105300383,0.9464326792055842
2927,713941468.2857512,2768.886636827202,0.0008551318715281913,0.12707477718551077,0.9465388686605339
2928,714241468.2857512,2768.877574952265,0.000855099538420337,0.12707320652807585,0.9466448607640788
2929,714541468.2857512,2768.868526311845,0.0008550672657008703,0.12707163907435548,0.9467506558419951
2930,714841468.2857512,2768.85949089408,0.0008550350532649377,0.12707007481801832,0.946856254219746
2931,715141468.2857512,2768.8504686872107,0.0008550029010079748,0.1270685137527436,0.9469616562222632
2932,715441468.2857512,2768.8414596793577,0.000854970808825459,0.1270669558722233,0.9470668621741917
2933,715741468.2857512,2768.8324638586478,0.0008549387766130659,0.12706540117016196,0.9471718723997583
2934,716041468.2857512,2768.82348121326,0.0008549068042667027,0.1270638496402752,0.9472766872227022
2935,716341468.2857512,2768.81451173131,0.0008548748916823893,0.12706230127629137,0.9473813069664074
2936,716641468.2857512,2768.8055554008847,0.0008548430387562742,0.12706075607194958,0.947485731953903
2937,716941468.2857512,2768.7966122102525,0.0008548112453849379,0.12705921402100281,0.947589962507519
2938,717241468.2857512,2768.787682132339,0.0008547795114375377,0.12705767511657287,0.9476939990142782
2939,717541468.2857512,2768.7787651613285,0.0008547478368218456,0.12705613935269847,0.9477978417695455
2940,717841468.2857512,2768.769861294431,0.0008547162214511238,0.12705460672354765,0.9479014910559911
2941,718141468.2857512,2768.7609705195014,0.0008546846652221386,0.12705307722291953,0.9480049471948415
2942,718441468.2857512,2768.7520928247486,0.000854653168032267,0.1270515508446247,0.9481082105064321
2943,718741468.2857512,2768.7432282496397,0.000854621729847098,0.12705002758283848,0.9482112812351655
2944,719041468.2857512,2768.7343768000696,0.0008545903505877768,0.12704850743151289,0.9483141596746711
2945,719341468.2857512,2768.7255383832107,0.0008545590300446889,0.12704699038393866,0.9484168462634123
2946,719641468.2857512,2768.716712987054,0.0008545277681156592,0.12704547643397404,0.9485193413203195
2947,719941468.2857512,2768.707900599691,0.0008544965646988211,0.1270439655754895,0.948621645163759
2948,720241468.2857512,2768.6991012090825,0.0008544654196923239,0.12704245780236734,0.9487237581118297
2949,720541468.2857512,2768.6903148033475,0.0008544343329946714,0.12704095310850025,0.9488256804820538
2950,720841468.2857512,2768.681541370564,0.0008544033045045047,0.1270394514877936,0.9489274125915329
2951,721141468.2857512,2768.6727808986457,0.0008543723341204354,0.12703795293416423,0.9490289547572116
2952,721441468.2857512,2768.6640333756186,0.0008543414217413889,0.1270364574415406,0.9491303072954437
2953,721741468.2857512,2768.6552987895493,0.0008543105672665129,0.1270349650038626,0.9492314705221114
2954,722041468.2857512,2768.6465771285148,0.0008542797705951371,0.12703347561508146,0.9493324447526884
2955,722341468.2857512,2768.6378683802513,0.0008542490316263484,0.12703198926916015,0.9494332303026618
2956,722641468.2857512,2768.6291233055767,0.0008542182872982218,0.12703050579587355,0.9495338974101716
2957,722941468.2857512,2768.6203828318457,0.0008541875899073886,0.127029025328072,0.9496343881190067
2958,723241468.2857512,2768.6116555812537,0.0008541569504405253,0.12702754789177387,0.9497346904101915
2959,723541468.2857512,2768.602942026332,0.0008541263695138278,0.12702607348978004,0.949834803777368
2960,723841468.2857512,2768.594241481818,0.0008540958460318058,0.12702460210385277,0.9499347296761015
2961,724141468.2857512,2768.5855539341837,0.0008540653798927542,0.1270231337280066,0.9500344684217609
2962,724441468.2857512,2768.576879369825,0.0008540349709950174,0.12702166835626563,0.9501340203294112
2963,724741468.2857512,2768.568217775427,0.0008540046192374994,0.12702020598266744,0.95023338571327
2964,725041468.2857512,2768.5595691374433,0.0008539743245189751,0.1270187466012601,0.9503325648874736
2965,725341468.2857512,2768.5509334423764,0.0008539440867384502,0.12701729020610295,0.9504315581656851
2966,725641468.2857512,2768.542310676921,0.0008539139057953507,0.12701583679126754,0.9505303658608527
2967,725941468.2857512,2768.5337008273823,0.0008538837815887782,0.12701438635083587,0.9506289882860698
2968,726241468.2857512,2768.5251038805764,0.0008538537140186367,0.12701293887890117,0.9507274257533124
2969,726541468.2857512,2768.516519822869,0.000853823702984466,0.12701149436956985,0.9508256785747138
2970,726841468.2857512,2768.507948640984,0.0008537937483863948,0.12701005281695776,0.9509237470615497
2971,727141468.2857512,2768.499390321346,0.000853763850124351,0.1270086142151921,0.9510216315250667
2972,727441468.2857512,2768.4908448506694,0.0008537340080988166,0.12700717855841312,0.9511193322756875
2973,727741468.2857512,2768.4823122154826,0.0008537042222101864,0.12700574584077062,0.9512168496236884
2974,728041468.2857512,2768.4737924025126,0.0008536744923592757,0.1270043160564261,0.9513141838786585
2975,728341468.2857512,2768.4652853982216,0.0008536448184467446,0.12700288919955233,0.9514113353501165
2976,728641468.2857512,2768.4567911893564,0.0008536152003737703,0.12700146526433342,0.9515083043467947
2977,728941468.2857512,2768.448309762435,0.0008535856380414192,0.12700004424496475,0.9516050911773037
2978,729241468.2857512,2768.4398411040625,0.0008535561313510264,0.12699862613565252,0.9517016961497338
2979,729541468.2857512,2768.4313852010996,0.0008535266802044135,0.12699721093061422,0.9517981195714071
2980,729841468.2857512,2768.422942039977,0.0008534972845030319,0.12699579862407817,0.9518943617498232
2981,730141468.2857512,2768.4145116074583,0.000853467944148926,0.1269943892102849,0.9519904229915892
2982,730441468.2857512,2768.4060938902144,0.0008534386590441754,0.12699298268348486,0.9520863036030528
2983,730741468.2857512,2768.3976888748766,0.0008534094290909738,0.12699157903793923,0.9521820038902074
2984,731041468.2857512,2768.389296548154,0.0008533802541917968,0.12699017826792192,0.9522775241584687
2985,731341468.2857512,2768.3809166467154,0.0008533511339177321,0.12698878036598749,0.9523728650830658
2986,731641468.2857512,2768.37254760567,0.0008533220661149328,0.12698738531574505,0.9524680292636646
2987,731941468.2857512,2768.364191306579,0.0008532930531996315,0.1269859931246604,0.9525630141962492
2988,732241468.2857512,2768.3558409256975,0.0008532640866793596,0.12698460378711793,0.9526578295518611
2989,732541468.2857512,2768.3474883109257,0.0008532351564323671,0.12698321729804682,0.9527524868011359
2990,732841468.2857512,2768.339148526226,0.0008532062809542316,0.12698183365201732,0.9528469654883889
2991,733141468.2857512,2768.3308214673366,0.0008531774600361241,0.12698045284335954,0.9529412660420076
2992,733441468.2857512,2768.322507120241,0.0008531486935807489,0.12697907486642254,0.9530353887655536
2993,733741468.2857512,2768.3142054616023,0.000853119981477112,0.1269776997153898,0.9531293339781973
2994,734041468.2857512,2768.3059164747388,0.0008530913236242473,0.1269763273845792,0.953223101987285
2995,734341468.2857512,2768.297640189278,0.00085306271998972,0.12697495786915947,0.9533166930209452
2996,734641468.2857512,2768.289376579571,0.0008530341704623565,0.12697359116350926,0.9534101073973879
2997,734941468.2857512,2768.2811256253376,0.0008530056749378177,0.12697222726202217,0.9535033454269307
2998,735241468.2857512,2768.272887334191,0.0008529772333466651,0.12697086615912925,0.9535964073806966
2999,735541468.2857512,2768.264661692294,0.0008529488455929127,0.1269695078492524,0.9536892935592478
3000,735841468.2857512,2768.256448685817,0.0008529205115807228,0.12696815232682254,0.9537820042627307
3001,736141468.2857512,2768.248248301051,0.0008528922312145839,0.12696679958628285,0.9538745397907281
3002,736441468.2857512,2768.240060524232,0.0008528640043990728,0.12696544962208664,0.9539669004424675
3003,736741468.2857512,2768.2318853415454,0.0008528358310388644,0.12696410242869816,0.9540590865168537
3004,737041468.2857512,2768.223722739239,0.0008528077110388654,0.12696275800059195,0.9541510983122784
3005,737341468.2857512,2768.215572703734,0.0008527796443043577,0.12696141633225339,0.9542429361265097
3006,737641468.2857512,2768.2074352210307,0.0008527516307402771,0.12696007741817944,0.9543346002574338
3007,737941468.2857512,2768.1993102776664,0.0008527236702523498,0.12695874125287568,0.9544260910018656
3008,738241468.2857512,2768.1911978597723,0.0008526957627459891,0.12695740783086024,0.9545174086567043
3009,738541468.2857512,2768.183097953675,0.0008526679081269962,0.12695607714666107,0.9546085535181895
3010,738841468.2857512,2768.1750105457436,0.0008526401063013729,0.12695474919481614,0.9546995258821278
3011,739141468.2857512,2768.166935622221,0.0008526123571751382,0.12695342396987494,0.9547903260440488
3012,739441468.2857512,2768.1588731619563,0.0008525846606453311,0.1269521014663956,0.9548809543092917
3013,739741468.2857512,2768.150823077659,0.0008525570165274666,0.12695078167893156,0.9549714110742012
3014,740041468.2857512,2768.142785444778,0.0008525294248382508,0.12694946460208734,0.9550616965096377
3015,740341468.2857512,2768.1347602493934,0.000852501885484104,0.1269481502304528,0.9551518109097697
3016,740641468.2857512,2768.126747477925,0.00085247439837204,0.1269468385586296,0.9552417545678811
3017,740941468.2857512,2768.1187471167614,0.0008524469634091735,0.1269455295812287,0.9553315277768756
3018,741241468.2857512,2768.1107591541645,0.0008524195805060624,0.12694422329294458,0.9554211308238003
3019,741541468.2857512,2768.1027835747695,0.0008523922495670979,0.12694291968834384,0.9555105640058166
3020,741841468.2857512,2768.0948203645075,0.000852364970499226,0.1269416187620635,0.9555998276154949
3021,742141468.2857512,2768.086869509952,0.0008523377432104117,0.1269403205087563,0.9556889219438819
3022,742441468.2857512,2768.0789309974907,0.0008523105676085545,0.12693902492308615,0.9557778472818635
3023,742741468.2857512,2768.0710048133187,0.0008522834436014656,0.12693773199972677,0.9558666039201951
3024,743041468.2857512,2768.063090943113,0.0008522563710964703,0.1269364417333623,0.9559551921435266
3025,743341468.2857512,2768.055189373863,0.0008522293500003398,0.1269351541185139,0.9560436122639046
3026,743641468.2857512,2768.047300092214,0.0008522023802242183,0.12693386915005897,0.9561318645534587
3027,743941468.2857512,2768.039423084476,0.0008521754616766762,0.12693258682271294,0.9562199493011531
3028,744241468.2857512,2768.031558486765,0.0008521485944516678,0.12693130713125791,0.9563078665878533
3029,744541468.2857512,2768.0237102735905,0.0008521217833890519,0.12693003007192025,0.9563956111733837
3030,744841468.2857512,2768.0158742945373,0.0008520950232799525,0.12692875563767853,0.9564831890902935
3031,745141468.2857512,2768.008049652572,0.0008520683127294985,0.12692748380717242,0.956570602137963
3032,745441468.2857512,2768.0002355937877,0.0008520416508035238,0.12692621458021885,0.9566578515009125
3033,745741468.2857512,2767.9924321250633,0.0008520150374404888,0.12692494795185327,0.9567449374291235
3034,746041468.2857512,2767.98464079384,0.0008519884746188542,0.12692368392778072,0.9568318578834999
3035,746341468.2857512,2767.976861586831,0.000851961962248915,0.12692242250279906,0.9569186131491086
3036,746641468.2857512,2767.969094490857,0.0008519355002412723,0.12692116367171802,0.9570052035105704
3037,746941468.2857512,2767.9613394923667,0.0008519090885061815,0.1269199074293546,0.9570916292525549
3038,747241468.2857512,2767.9535965783116,0.0008518827269546926,0.12691865377053785,0.9571778906586514
3039,747541468.2857512,2767.9458657352225,0.0008518564154974839,0.12691740269010665,0.9572639880126794
3040,747841468.2857512,2767.938146949963,0.0008518301540457824,0.12691615418290927,0.957349921597473
3041,748141468.2857512,2767.930440209207,0.0008518039425107364,0.12691490824380422,0.9574356916959238
3042,748441468.2857512,2767.92274549964,0.0008517777808036495,0.12691366486765981,0.9575212985902886
3043,748741468.2857512,2767.915062808101,0.0008517516688361597,0.12691242404935382,0.9576067425624508
3044,749041468.2857512,2767.9073921213107,0.0008517256065199124,0.12691118578377467,0.9576920238938494
3045,749341468.2857512,2767.8997334260157,0.0008516995937667338,0.12690995006582065,0.9577771428656342
3046,749641468.2857512,2767.8920867090055,0.0008516736304886406,0.12690871689039931,0.9578620997584156
3047,749941468.2857512,2767.884451957085,0.0008516477165978143,0.1269074862524282,0.9579468948524393
3048,750241468.2857512,2767.876829156922,0.0008516218520064206,0.12690625814683498,0.9580315284277208
3049,750541468.2857512,2767.8692182953805,0.0008515960366270091,0.12690503256855717,0.9581160007636094
3050,750841468.2857512,2767.8616193593152,0.0008515702703722599,0.12690380951254168,0.9582003121390822
3051,751141468.2857512,2767.8540323354223,0.0008515445531548026,0.12690258897374518,0.9582844628329489
3052,751441468.2857512,2767.846457210582,0.0008515188848876442,0.12690137094713466,0.9583684531233374
3053,751741468.2857512,2767.8388939716024,0.0008514932654838356,0.12690015542768596,0.9584522832881271
3054,752041468.2857512,2767.8313426053464,0.0008514676948566467,0.12689894241038518,0.9585359536046879
3055,752341468.2857512,2767.823803098517,0.0008514421729192902,0.12689773189022785,0.9586194643502695
3056,752641468.2857512,2767.816275438079,0.0008514166995854566,0.1268965238622201,0.958702815801271
3057,752941468.2857512,2767.808759530281,0.0008513912746334361,0.12689531831867795,0.9587860084434114
3058,753241468.2857512,2767.801255392022,0.0008513658980276273,0.1268941152556389,0.958869042473977
3059,753541468.2857512,2767.793763060765,0.0008513405697670493,0.12689291466983454,0.9589519180369037
3060,753841468.2857512,2767.7862777065047,0.0008513152830037284,0.12689171649401823,0.9590346430987061
3061,754141468.2857512,2767.7787923238575,0.0008512900278429529,0.12689052063328454,0.9591172290759323
3062,754441468.2857512,2767.771318756675,0.0008512648208499323,0.12688932723640756,0.9591996572884673
3063,754741468.2857512,2767.763856991722,0.0008512396619390111,0.12688813629845433,0.9592819280106011
3064,755041468.2857512,2767.756407057114,0.0008512145510761154,0.1268869478145441,0.9593640414581958
3065,755341468.2857512,2767.748969276999,0.0008511894885954879,0.1268857617801047,0.9594459974322583
3066,755641468.2857512,2767.741543315355,0.0008511644740101607,0.12688457818988677,0.9595277966588565
3067,755941468.2857512,2767.7341291589178,0.0008511395072349674,0.12688339703899296,0.9596094394106945
3068,756241468.2857512,2767.7267267941716,0.000851114588184568,0.12688221832253516,0.9596909259606825
3069,756541468.2857512,2767.719336207779,0.0008510897167739766,0.12688104203563422,0.9597722565808866
3070,756841468.2857512,2767.7119570211066,0.0008510648923793031,0.12687986816673177,0.959853432172012
3071,757141468.2857512,2767.7045889638634,0.0008510401145371857,0.12687869670629712,0.9599344534460313
3072,757441468.2857512,2767.6972326417945,0.0008510153840770515,0.12687752766084756,0.960015319606717
3073,757741468.2857512,2767.689888041573,0.0008509907009144827,0.1268763610255417,0.9600960309247532
3074,758041468.2857512,2767.682555149744,0.0008509660649650617,0.12687519679554876,0.9601765876704096
3075,758341468.2857512,2767.675233953138,0.000850941476144853,0.12687403496604696,0.9602569901133224
3076,758641468.2857512,2767.6679244382085,0.000850916934369595,0.12687287553222373,0.960337238523215
3077,758941468.2857512,2767.660626591585,0.0008508924395553802,0.1268717184892759,0.9604173331690932
3078,759241468.2857512,2767.6533404000897,0.0008508679916186649,0.12687056383240863,0.9604972743195141
3079,759541468.2857512,2767.6460587150864,0.000850843580917077,0.12686941149834882,0.9605770730492702
3080,759841468.2857512,2767.6387661754243,0.0008508191868155482,0.1268682613570938,0.9606567528362797
3081,760141468.2857512,2767.631489862326,0.0008507948455356241,0.1268671136265166,0.9607362728780459
3082,760441468.2857512,2767.62422973167,0.0008507705569493861,0.1268659683013827,0.9608156334995143
3083,760741468.2857512,2767.6169857395507,0.0008507463209293897,0.1268648253764718,0.9608948350248873
3084,761041468.2857512,2767.6097598000506,0.0008507221399404952,0.12686368486034727,0.9609738748482611
3085,761341468.2857512,2767.6025517941516,0.0008506980137540581,0.12686254674714093,0.9610527534126369
3086,761641468.2857512,2767.5953372233653,0.0008506739094816223,0.1268614108307147,0.9611315081039036
3087,761941468.2857512,2767.5881291198584,0.0008506498445535015,0.1268602772161382,0.961210119335954
3088,762241468.2857512,2767.5809372686285,0.0008506258320294852,0.12685914598039474,0.9612885725012215
3089,762541468.2857512,2767.573761622597,0.0008506018717785216,0.12685801711828076,0.9613668679269582
3090,762841468.2857512,2767.56660213476,0.0008505779636698317,0.1268568906246047,0.9614450059397377
3091,763141468.2857512,2767.559458758354,0.0008505541075731151,0.12685576649418753,0.9615229868653318
3092,763441468.2857512,2767.5523314470192,0.0008505303033587749,0.12685464472186397,0.961600811028464
3093,763741468.2857512,2767.5452201542935,0.0008505065508972788,0.1268535253024818,0.9616784787534673
3094,764041468.2857512,2767.538124834087,0.0008504828500597317,0.1268524082309007,0.9617559903636671
3095,764341468.2857512,2767.531045440573,0.000850459200717754,0.12685129350199328,0.9618333461815651
3096,764641468.2857512,2767.5239819280623,0.0008504356027433321,0.12685018111064567,0.9619105465289332
3097,764941468.2857512,2767.516934251102,0.0008504120560089223,0.12684907105175586,0.9619875917267465
3098,765241468.2857512,2767.509902364363,0.0008503885603873182,0.12684796332023446,0.9620644820952979
3099,765541468.2857512,2767.5028862229,0.0008503651157519892,0.12684685791100578,0.9621412179538725
3100,765841468.2857512,2767.4958857818865,0.0008503417219767097,0.1268457548190048,0.9622177996211013
3101,766141468.2857512,2767.4889009933727,0.0008503183789300249,0.1268446540390615,0.9622942274256197
3102,766441468.2857512,2767.48193181434,0.0008502950864890147,0.12684355556618895,0.9623705016798647
3103,766741468.2857512,2767.474977943713,0.0008502718441784073,0.1268424593927725,0.962446623095809
3104,767041468.2857512,2767.4680394054876,0.0008502486519669203,0.12684136551451317,0.9625225918824436
3105,767341468.2857512,2767.461116346421,0.0008502255099910094,0.12684027392837036,0.9625984080583101
3106,767641468.2857512,2767.4542087226896,0.0008502024181267909,0.12683918462935392,0.9626740719378292
3107,767941468.2857512,2767.4473164911387,0.0008501793762514021,0.12683809761248746,0.9627495838337525
3108,768241468.2857512,2767.440439608302,0.0008501563842417602,0.12683701287280527,0.96282494405893
3109,768541468.2857512,2767.4335780312044,0.0008501334419755748,0.1268359304053545,0.9629001529251915
3110,768841468.2857512,2767.426731717019,0.0008501105493309203,0.12683485020519492,0.9629752107434053
3111,769141468.2857512,2767.419904318366,0.0008500877108933329,0.12683377227983061,0.9630501124944821
3112,769441468.2857512,2767.4131031335564,0.0008500649358431586,0.12683269664541016,0.963124847982291
3113,769741468.2857512,2767.406316884942,0.0008500422097227132,0.1268316232573673,0.963199433766357
3114,770041468.2857512,2767.3995458624436,0.0008500195328960261,0.12683055211650934,0.963273869587186
3115,770341468.2857512,2767.3927899645064,0.0008499969051690646,0.1268294832178938,0.9633481558362095
3116,770641468.2857512,2767.3860491488877,0.0008499743264216357,0.12682841655664873,0.9634222928210703
3117,770941468.2857512,2767.3793233738543,0.0008499517965343839,0.1268273521279169,0.9634962808477686
3118,771241468.2857512,2767.372612597645,0.0008499293153880671,0.12682628992685077,0.9635701202221275
3119,771541468.2857512,2767.3659167787596,0.0008499068828639277,0.12682522994861398,0.9636438112492992
3120,771841468.2857512,2767.3592358758256,0.0008498844988435606,0.1268241721883834,0.9637173542335615
3121,772141468.2857512,2767.352569847812,0.0008498621632091564,0.12682311664134807,0.9637907494781814
3122,772441468.2857512,2767.3459186536265,0.0008498398758429834,0.12682206330270698,0.9638639972861863
3123,772741468.2857512,2767.3392822523856,0.0008498176366277469,0.12682101216767172,0.9639370979600732
3124,773041468.2857512,2767.3326606036426,0.0008497954454468618,0.1268199632314654,0.9640100518007505
3125,773341468.2857512,2767.326053666918,0.0008497733021838764,0.12681891648932306,0.9640828591089832
3126,773641468.2857512,2767.3194614018767,0.000849751206722688,0.12681787193649133,0.9641555201849286
3127,773941468.2857512,2767.3128837684358,0.0008497291589476476,0.12681682956822654,0.9642280353279464
3128,774241468.2857512,2767.3063207266696,0.0008497071587435149,0.12681578937979968,0.9643004048364555
3129,774541468.2857512,2767.2997722368304,0.0008496852059953977,0.12681475136649062,0.9643726290083541
3130,774841468.2857512,2767.293238259343,0.0008496633005888002,0.1268137155235916,0.9644447081409273
3131,775141468.2857512,2767.286718754775,0.0008496414424095637,0.12681268184640604,0.9645166425306516
3132,775441468.2857512,2767.2802112646214,0.0008496196280998699,0.12681165030987646,0.9645884361623589
3133,775741468.2857512,2767.2736888435047,0.0008495978214751717,0.12681062068329754,0.9646601303354115
3134,776041468.2857512,2767.2671804153997,0.0008495760612743385,0.12680959320692567,0.9647316811212007
3135,776341468.2857512,2767.2606859452403,0.0008495543473898877,0.12680856787615588,0.9648030888070261
3136,776641468.2857512,2767.2540784302314,0.0008495325102626437,0.12680754367599326,0.9648745463775467
3137,776941468.2857512,2767.247194333649,0.0008495103317319793,0.12680651931117745,0.9649463016885672
3138,777241468.2857512,2767.240327638646,0.0008494882042077557,0.12680549712511527,0.9650179083226554
3139,777541468.2857512,2767.2334782877815,0.0008494661275500858,0.1268044771128608,0.96508936660967
3140,777841468.2857512,2767.226646223904,0.0008494441016196079,0.1268034592694797,0.9651606768785751
3141,778141468.2857512,2767.2198313897907,0.0008494221262770888,0.12680244359005233,0.9652318394578466
3142,778441468.2857512,2767.2130337289013,0.0008494002013843258,0.12680143006967184,0.9653028546744218
3143,778741468.2857512,2767.206257662711,0.0008493783327270698,0.12680041873522435,0.9653737161180612
3144,779041468.2857512,2767.1995154549154,0.0008493565364581094,0.12679940966877912,0.9654444056044886
3145,779341468.2857512,2767.192789982447,0.0008493347898555108,0.12679840274380588,0.9655149491644237
3146,779641468.2857512,2767.186081191463,0.0008493130927855354,0.12679739795547643,0.9655853471179517
3147,779941468.2857512,2767.1793890282593,0.0008492914451148004,0.12679639529897502,0.9656555997848472
3148,780241468.2857512,2767.172713439154,0.0008492698467101285,0.12679539476949786,0.9657257074842013
3149,780541468.2857512,2767.16605437121,0.000849248297439462,0.1267943963622554,0.9657956705334818
3150,780841468.2857512,2767.159411771401,0.0008492267971708384,0.1267934000724718,0.9658654892495481
3151,781141468.2857512,2767.1527855870922,0.0008492053457729264,0.12679240589538154,0.9659351639486635
3152,781441468.2857512,2767.146175765949,0.000849183943114961,0.12679141382623219,0.9660046949460539
3153,781741468.2857512,2767.1395822558393,0.0008491625890666247,0.1267904238602853,0.9660740825560453
3154,782041468.2857512,2767.133005005053,0.0008491412834983089,0.12678943599281514,0.9661433270917038
3155,782341468.2857512,2767.126443961934,0.000849120026280629,0.12678845021910665,0.9662124288657412
3156,782641468.2857512,2767.119899066154,0.0008490988172715676,0.12678746653429504,0.9662813882057075
3157,782941468.2857512,2767.1133702394104,0.0008490776563027222,0.1267864849331914,0.9663502054697496
3158,783241468.2857512,2767.106857458962,0.0008490565432876813,0.12678550541163544,0.9664188809189513
3159,783541468.2857512,2767.100360674418,0.0008490354780993931,0.1267845279649654,0.9664874148619302
3160,783841468.2857512,2767.0938798354955,0.0008490144606110719,0.12678355258852816,0.9665558076073081
3161,784141468.2857512,2767.0874148921966,0.0008489934906965025,0.1267825792776859,0.9666240594624591
3162,784441468.2857512,2767.0809657948107,0.0008489725682299817,0.1267816080278117,0.9666921707338629
3163,784741468.2857512,2767.0745324939094,0.0008489516930863755,0.12678063883429377,0.9667601417267225
3164,785041468.2857512,2767.0681149401657,0.0008489308651407932,0.12677967169252835,0.9668279727462702
3165,785341468.2857512,2767.06171308461,0.0008489100842689831,0.12677870659792523,0.9668956640965738
3166,785641468.2857512,2767.05532687847,0.0008488893503471128,0.1267777435459063,0.9669632160808563
3167,785941468.2857512,2767.0489562732137,0.0008488686632518224,0.12677678253190575,0.9670306290014166
3168,786241468.2857512,2767.0426012206417,0.0008488480228603524,0.12677582355137068,0.9670979031594632
3169,786541468.2857512,2767.0362616726024,0.0008488274290501379,0.12677486659975745,0.9671650388562186
3170,786841468.2857512,2767.029937581336,0.0008488068816992826,0.12677391167253516,0.9672320363915521
3171,787141468.2857512,2767.0236288991928,0.0008487863806862068,0.1267729587651854,0.9672988960647152
3172,787441468.2857512,2767.0173355788834,0.0008487659258899542,0.12677200787320217,0.9673656181737635
3173,787741468.2857512,2767.0110575732783,0.0008487455171899202,0.1267710589920899,0.9674322030162918
3174,788041468.2857512,2767.004794835438,0.0008487251544658976,0.12677011211736428,0.9674986508892657
3175,788341468.2857512,2766.998547318731,0.0008487048375982429,0.12676916724455367,0.9675649620885964
3176,788641468.2857512,2766.992314976652,0.000848684566467617,0.1267682243691966,0.9676311369095636
3177,788941468.2857512,2766.9860977630565,0.000848664340955336,0.1267672834868463,0.9676971756462514
3178,789241468.2857512,2766.979895631822,0.000848644160942862,0.12676634459306382,0.9677630785925988
3179,789541468.2857512,2766.9737085372058,0.00084862402631231,0.12676540768342312,0.9678288460414162
3180,789841468.2857512,2766.9675364336354,0.0008486039369461768,0.12676447275350994,0.9678944782847929
3181,790141468.2857512,2766.9613792757295,0.0008485838927273496,0.12676353979892074,0.967959975614081
3182,790441468.2857512,2766.955237018348,0.0008485638935391872,0.1267626088152639,0.9680253383197499
3183,790741468.2857512,2766.9491096165675,0.000848543939265469,0.1267616797981583,0.9680905666916338
3184,791041468.2857512,2766.94299702566,0.0008485240297903873,0.1267607527432348,0.9681556610187813
3185,791341468.2857512,2766.9368992010222,0.0008485041649984435,0.12675982764613486,0.9682206215895913
3186,791641468.2857512,2766.9308160984588,0.0008484843447748073,0.12675890450251134,0.9682854486914585
3187,791941468.2857512,2766.924747673834,0.0008484645690048822,0.12675798330802818,0.9683501426112477
3188,792241468.2857512,2766.9186938831563,0.00084844483757441,0.12675706405836037,0.9684147036350924
3189,792541468.2857512,2766.912654682873,0.0008484251503698381,0.12675614674919425,0.968479132048078
3190,792841468.2857512,2766.9066300292975,0.0008484055072776054,0.12675523137622688,0.9685434281350362
3191,793141468.2857512,2766.900619879349,0.0008483859081850604,0.1267543179351667,0.9686075921794975
3192,793441468.2857512,2766.8946241897115,0.0008483663529793992,0.12675340642173138,0.9686716244649947
3193,793741468.2857512,2766.8886441624945,0.0008483468430804783,0.1267524968320288,0.9687355235258457
3194,794041468.2857512,2766.882677065721,0.000848327374826758,0.12675158914300355,0.9687992937056171
3195,794341468.2857512,2766.8767217261393,0.0008483079466761712,0.12675068334710862,0.9688629369138778
3196,794641468.2857512,2766.8707804763008,0.00084828856170053,0.12674977946028587,0.9689264497869609
3197,794941468.2857512,2766.8648532761704,0.000848269219792247,0.12674887747833594,0.9689898326007024
3198,795241468.2857512,2766.858940085988,0.0008482499208442207,0.12674797739706964,0.9690530856300332
3199,795541468.2857512,2766.8530408660954,0.0008482306647496296,0.1267470792123084,0.9691162091493051
3200,795841468.2857512,2766.8471555771457,0.0008482114514021798,0.12674618291988365,0.9691792034320368
3201,796141468.2857512,2766.8412841797335,0.0008481922806956672,0.12674528851563793,0.9692420687513733
3202,796441468.2857512,2766.8354266346328,0.0008481731525242311,0.12674439599542203,0.969304805379815
3203,796741468.2857512,2766.8295830042066,0.000848154066931763,0.12674350535696777,0.9693674134119206
3204,797041468.2857512,2766.8237532091825,0.0008481350237535816,0.12674261659539868,0.9694298931897134
3205,797341468.2857512,2766.8179371482556,0.0008481160227925683,0.12674172970543188,0.96949224509334
3206,797641468.2857512,2766.812134782779,0.0008480970639441734,0.12674084468295946,0.969554469392735
3207,797941468.2857512,2766.8063460744656,0.0008480781471044622,0.12673996152388547,0.9696165663568729
3208,798241468.2857512,2766.8005709852355,0.0008480592721698869,0.12673908022412317,0.9696785362540222
3209,798541468.2857512,2766.7948094771136,0.0008480404390371637,0.12673820077959497,0.9697403793518946
3210,798841468.2857512,2766.7890641807035,0.0008480216511300247,0.12673732320530237,0.9698020918816229
3211,799141468.2857512,2766.7833426035854,0.0008480029183135217,0.1267364475508098,0.9698636627127771
3212,799441468.2857512,2766.7776348528055,0.0008479842274555714,0.12673557374132435,0.9699251070355946
3213,799741468.2857512,2766.7719408886896,0.0008479655784509473,0.12673470177277732,0.9699864251195466
3214,800041468.2857512,2766.7662606716344,0.0008479469711946457,0.12673383164110918,0.9700476172335648
3215,800341468.2857512,2766.7605941622833,0.0008479284055821233,0.12673296334227135,0.9701086836458115
3216,800641468.2857512,2766.7546510064803,0.0008479095203205532,0.12673209647579198,0.9701700374706307
3217,800941468.2857512,2766.7487192989706,0.0008478906739595396,0.12673123144336143,0.9702312685317973
3218,801241468.2857512,2766.7428021319483,0.0008478718702914283,0.12673036824527134,0.9702923726404838
3219,801541468.2857512,2766.736899463413,0.0008478531092079668,0.12672950687744391,0.9703533500701997
3220,801841468.2857512,2766.7310112512396,0.0008478343906009022,0.12672864733581196,0.9704142010941935
3221,802141468.2857512,2766.725137453599,0.0008478157143624852,0.12672778961631778,0.9704749259848875
3222,802441468.2857512,2766.7192780289774,0.0008477970803855148,0.12672693371491478,0.9705355250137705
3223,802741468.2857512,2766.7134329357277,0.0008477784885627531,0.12672607962756507,0.9705959984521645
3224,803041468.2857512,2766.707602132617,0.0008477599387876375,0.1267252273502423,0.9706563465703109
3225,803341468.2857512,2766.701785578488,0.0008477414309538195,0.12672437687892824,0.9707165696380452
3226,803641468.2857512,2766.695983232414,0.0008477229649554173,0.12672352820961752,0.970776667924222
3227,803941468.2857512,2766.6901950535944,0.0008477045406868149,0.12672268133831224,0.970836641697212
3228,804241468.2857512,2766.684421001311,0.0008476861580426613,0.12672183626102582,0.9708964912248298
3229,804541468.2857512,2766.6786610352174,0.0008476678169182033,0.12672099297378137,0.9709562167739487
3230,804841468.2857512,2766.6729151148934,0.000847649517208724,0.12672015147261073,0.9710158186111219
3231,805141468.2857512,2766.6671832002685,0.0008476312588100958,0.12671931175355672,0.9710752970021629
3232,805441468.2857512,2766.6614652512635,0.0008476130416183141,0.12671847381267137,0.9711346522121008
3233,805741468.2857512,2766.6557612928596,0.0008475948656093026,0.12671763764602076,0.9711938844143382
3234,806041468.2857512,2766.6500712949564,0.0008475767306915075,0.1267168032496722,0.971252993859497
3235,806341468.2857512,2766.6443951434817,0.0008475586366706215,0.1267159706197029,0.9713119809154928
3236,806641468.2857512,2766.6387327991706,0.0008475405834442173,0.1267151397522048,0.9713708458446764
3237,806941468.2857512,2766.6330842227276,0.0008475225709099351,0.12671431064327668,0.9714295889094108
3238,807241468.2857512,2766.627449375144,0.0008475045989659607,0.12671348328903106,0.9714882103705239
3239,807541468.2857512,2766.6218282175737,0.0008474866675107944,0.12671265768558823,0.9715467104885217
3240,807841468.2857512,2766.6162207112975,0.0008474687764432323,0.1267118338290781,0.9716050895233428
3241,808141468.2857512,2766.610626817738,0.0008474509256623783,0.12671101171563984,0.9716633477342838
3242,808441468.2857512,2766.6050464984555,0.0008474331150676512,0.12671019134142267,0.9717214853800636
3243,808741468.2857512,2766.599479715088,0.0008474153445586681,0.12670937270258262,0.9717795027192412
3244,809041468.2857512,2766.5939264297253,0.0008473976140357821,0.12670855579528864,0.9718374000087229
3245,809341468.2857512,2766.588386604172,0.0008473799233991349,0.1267077406157192,0.9718951775054634
3246,809641468.2857512,2766.5828602008187,0.0008473622725497049,0.12670692716006068,0.9719528354653398
3247,809941468.2857512,2766.5773471818243,0.0008473446613883168,0.12670611542450858,0.9720103741441596
3248,810241468.2857512,2766.571847509751,0.0008473270898164367,0.12670530540526842,0.9720677937967439
3249,810541468.2857512,2766.5663611471027,0.0008473095577355792,0.12670449709855408,0.9721250946777696
3250,810841468.2857512,2766.5615139687525,0.0008472928444689169,0.1267036914463458,0.972181383530276
3251,811141468.2857512,2766.5569252699265,0.0008472764754554377,0.12670288783972766,0.9722372057376412
3252,811441468.2857512,2766.552348244485,0.0008472601432180591,0.12670208589583656,0.9722929142046594
3253,811741468.2857512,2766.547782940211,0.000847243847787348,0.1267012856127028,0.9723485090269243
3254,812041468.2857512,2766.543229217504,0.0008472275889148479,0.1267004869846561,0.9724039906323448
3255,812341468.2857512,2766.53863811621,0.0008472113013624497,0.12669968961814115,0.972459434127249
3256,812641468.2857512,2766.5337804586948,0.0008471946800114651,0.12669889168889992,0.9725151900600173
3257,812941468.2857512,2766.5289326870334,0.0008471780930298977,0.12669809540562682,0.9725708350925653
3258,813241468.2857512,2766.524094780974,0.0008471615403458946,0.12669730076491809,0.9726263694398665
3259,813541468.2857512,2766.519266720195,0.0008471450218876181,0.12669650776337693,0.9726817933168512
3260,813841468.2857512,2766.5144484844873,0.0008471285375834558,0.12669571639761254,0.9727371069379857
3261,814141468.2857512,2766.5096400536195,0.0008471120873618977,0.12669492666424326,0.9727923105174028
3262,814441468.2857512,2766.5048414075804,0.0008470956711517721,0.126694138559892,0.9728474042686415
3263,814741468.2857512,2766.500052526158,0.000847079288881732,0.1266933520811865,0.9729023884059522
3264,815041468.2857512,2766.4952733894083,0.0008470629404809714,0.12669256722476976,0.9729572631412273
3265,815341468.2857512,2766.490503977189,0.0008470466258784685,0.1266917839872864,0.9730120286871576
3266,815641468.2857512,2766.4857442697553,0.0008470303450038196,0.1266910023653901,0.9730666852555141
3267,815941468.2857512,2766.4809942470392,0.0008470140977862921,0.12669022235573926,0.9731212330582267
3268,816241468.2857512,2766.4762557838003,0.0008469978867009036,0.12668944397183612,0.9731756693759721
3269,816541468.2857512,2766.471528966064,0.0008469817118177227,0.12668866721116095,0.9732299942636568
3270,816841468.2857512,2766.466811710508,0.0008469655702936517,0.12668789205200728,0.973284211126895
3271,817141468.2857512,2766.4621039979993,0.0008469494620596886,0.12668711849107467,0.9733383201740192
3272,817441468.2857512,2766.4574058094613,0.0008469333870469287,0.1266863465250644,0.9733923216136583
3273,817741468.2857512,2766.452717125634,0.0008469173451863694,0.12668557615068665,0.973446215654343
3274,818041468.2857512,2766.4480379274573,0.0008469013364093323,0.126684807364657,0.9735000025040013
3275,818341468.2857512,2766.443368196032,0.0008468853606474418,0.12668404016369847,0.9735536823700207
3276,818641468.2857512,2766.438707912241,0.0008468694178321532,0.1266832745445409,0.973607255459833
3277,818941468.2857512,2766.434057057095,0.0008468535078951348,0.12668251050391782,0.9736607219808437
3278,819241468.2857512,2766.4294156118394,0.0008468376307685224,0.12668174803857565,0.9737140821386493
3279,819541468.2857512,2766.4247835573624,0.0008468217863840724,0.1266809871452649,0.9737673361396271
3280,819841468.2857512,2766.4201608751364,0.0008468059746743594,0.12668022782074292,0.9738204841889827
3281,820141468.2857512,2766.4155475461316,0.0008467901955714277,0.12667947006177321,0.9738735264923538
3282,820441468.2857512,2766.4109435518108,0.0008467744490080225,0.12667871386512597,0.9739264632543407
3283,820741468.2857512,2766.4063488733104,0.0008467587349166093,0.12667795922757974,0.973979294679649
3284,821041468.2857512,2766.401755557773,0.0008467430427186185,0.12667720608627597,0.9740320330746651
3285,821341468.2857512,2766.397154509467,0.0008467273603312169,0.12667645437044636,0.9740846924507592
3286,821641468.2857512,2766.392563471625,0.0008467117112252897,0.12667570421087854,0.9741372458918937
3287,821941468.2857512,2766.3879824213577,0.000846696095327789,0.12667495560430952,0.9741896936096295
3288,822241468.2857512,2766.383411335862,0.0008466805125658514,0.12667420854748151,0.9742420358151461
3289,822541468.2857512,2766.378850192444,0.0008466649628668534,0.1266734630371444,0.9742942727191073
3290,822841468.2857512,2766.3742989684188,0.0008466494461582862,0.12667271907005506,0.9743464045318114
3291,823141468.2857512,2766.369757641201,0.0008466339623678595,0.1266719766429772,0.9743984314632375
3292,823441468.2857512,2766.3652261881225,0.0008466185114232801,0.12667123575268135,0.9744503537230353
3293,823741468.2857512,2766.3607045868607,0.0008466030932528024,0.1266704963959468,0.9745021715198753
3294,824041468.2857512,2766.3561928149124,0.000846587707784527,0.1266697585695574,0.9745538850625008
3295,824341468.2857512,2766.351690849859,0.0008465723549467831,0.1266690222703058,0.9746054945591933
3296,824641468.2857512,2766.3471986694426,0.0008465570346681916,0.12666828749499143,0.974657000217643
3297,824941468.2857512,2766.34271625147,0.0008465417468775377,0.12666755424041928,0.9747084022451581
3298,825241468.2857512,2766.3382435736203,0.0008465264915035628,0.12666682250340253,0.9747597008489027
3299,825541468.2857512,2766.333780613798,0.0008465112684753808,0.12666609228076087,0.974810896235361
3300,825841468.2857512,2766.3293273499467,0.000846496077722243,0.12666536356932032,0.9748619886106845
3301,826141468.2857512,2766.324883760051,0.0008464809191735632,0.12666463636591474,0.9749129781805757
3302,826441468.2857512,2766.320449822115,0.0008464657927588764,0.12666391066738486,0.9749638651504132
3303,826741468.2857512,2766.3160255142534,0.0008464506984079347,0.12666318647057692,0.9750146497251021
3304,827041468.2857512,2766.311610814612,0.0008464356360506433,0.12666246377234539,0.9750653321091485
3305,827341468.2857512,2766.3072057205163,0.0008464206056454556,0.12666174256992377,0.9751159124725602
3306,827641468.2857512,2766.3028102195763,0.0008464056071364733,0.12666102286036116,0.9751663910024154
3307,827941468.2857512,2766.2984242628613,0.0008463906404136242,0.12666030463999894,0.9752167679506055
3308,828241468.2857512,2766.2940478286473,0.0008463757054073441,0.1266595879057173,0.9752670435203012
3309,828541468.2857512,2766.289680895445,0.0008463608020484588,0.1266588726544037,0.975317217913899
3310,828841468.2857512,2766.285323441693,0.000846345930267804,0.12665815888295254,0.9753672913335528
3311,829141468.2857512,2766.2809754459113,0.0008463310899964146,0.12665744658826503,0.9754172639809978
3312,829441468.2857512,2766.2766368867065,0.0008463162811655221,0.12665673576724878,0.9754671360575119
3313,829741468.2857512,2766.2723077427263,0.000846301503706514,0.1266560264168188,0.975516907763979
3314,830041468.2857512,2766.267987992687,0.0008462867575509401,0.1266553185338956,0.9755665793008657
3315,830341468.2857512,2766.263677615316,0.0008462720426304924,0.12665461211540877,0.9756161508681253
3316,830641468.2857512,2766.259376589437,0.0008462573588770258,0.12665390715829072,0.9756656226657056
3317,830941468.2857512,2766.2550848938968,0.0008462427062225494,0.126653203659483,0.9757149948929297
3318,831241468.2857512,2766.250802507706,0.0008462280845993677,0.12665250161593355,0.9757642677485862
3319,831541468.2857512,2766.2465294096955,0.0008462134939396423,0.12665180102459592,0.9758134414314085
3320,831841468.2857512,2766.242265579015,0.0008461989341760352,0.12665110188243126,0.9758625161393543
3321,832141468.2857512,2766.2380109946357,0.0008461844052410843,0.12665040418640733,0.9759114920703118
3322,832441468.2857512,2766.233765635789,0.0008461699070677218,0.12664970793349722,0.9759603694214949
3323,832741468.2857512,2766.2295294816195,0.0008461554395889169,0.12664901312068413,0.9760091483895368
3324,833041468.2857512,2766.2253025114696,0.0008461410027379115,0.12664831974495325,0.9760578291712434
3325,833341468.2857512,2766.2210847044985,0.0008461265964478253,0.1266476278032969,0.9761064119630002
3326,833641468.2857512,2766.2168760400427,0.0008461122206521191,0.12664693729271623,0.9761548969605772
3327,833941468.2857512,2766.2126764976233,0.0008460978752845453,0.12664624821021686,0.976203284359213
3328,834241468.2857512,2766.208486056681,0.0008460835602788691,0.12664556055281231,0.9762515743539378
3329,834541468.2857512,2766.2043046966646,0.0008460692755689495,0.12664487431752197,0.976299767139424
3330,834841468.2857512,2766.2001323970717,0.0008460550210887854,0.12664418950137077,0.9763478629100382
3331,835141468.2857512,2766.1959691377097,0.0008460407967728895,0.12664350610139322,0.9763958618590185
3332,835441468.2857512,2766.191814898088,0.0008460266025554636,0.1266428241146275,0.9764437641801694
3333,835741468.2857512,2766.187650554489,0.0008460124141142647,0.12664214347177657,0.9764915980428758
3334,836041468.2857512,2766.183486525912,0.0008459982446530466,0.12664146420710462,0.9765393482965553
3335,836341468.2857512,2766.1793313451435,0.0008459841049702132,0.12664078634760792,0.9765870025940719
3336,836641468.2857512,2766.17518499306,0.0008459699950020928,0.12664010989035668,0.9766345611257315
3337,836941468.2857512,2766.1710474506644,0.000845955914685256,0.1266394348324274,0.9766820240813481
3338,837241468.2857512,2766.166918698879,0.0008459418639562694,0.126638761170903,0.9767293916505471
3339,837541468.2857512,2766.1627987188326,0.0008459278427520237,0.12663808890287148,0.9767766640223613
3340,837841468.2857512,2766.158687491543,0.0008459138510094361,0.12663741802543263,0.9768238413850471
3341,838141468.2857512,2766.1545849981794,0.0008458998886655702,0.1266367485356827,0.9768709239276143
3342,838441468.2857512,2766.1504912199166,0.0008458859556576573,0.1266360804307299,0.9769179118380928
3343,838741468.2857512,2766.146406137934,0.0008458720519230142,0.12663541370768777,0.9769648053042412
3344,839041468.2857512,2766.1423297334113,0.0008458581773990501,0.12663474836367636,0.9770116045134832
3345,839341468.2857512,2766.1382619878036,0.0008458443320235884,0.12663408439582116,0.9770583096525861
3346,839641468.2857512,2766.1342028823924,0.0008458305157343312,0.1266334218012541,0.9771049209082413
3347,839941468.2857512,2766.1301523985117,0.0008458167284691432,0.12663276057711395,0.9771514384667614
3348,840241468.2857512,2766.126110517621,0.0008458029701661135,0.1266321007205445,0.9771978625139095
3349,840541468.2857512,2766.1220772213674,0.0008457892407637134,0.1266314422287006,0.9772441932344068
3350,840841468.2857512,2766.118040220579,0.0008457755239474715,0.1266307850055266,0.9772904496118534
3351,841141468.2857512,2766.1139832949552,0.0008457617982116828,0.12663012892619924,0.9773366565915225
3352,841441468.2857512,2766.1099352851643,0.0008457481017311694,0.1266294742079465,0.977382770099227
3353,841741468.2857512,2766.105896170828,0.0008457344344416583,0.12662882084790367,0.9774287903233679
3354,842041468.2857512,2766.101865931339,0.0008457207962787031,0.12662816884321373,0.9774747174523419
3355,842341468.2857512,2766.097844546332,0.0008457071871782418,0.12662751819102566,0.9775205516738897
3356,842641468.2857512,2766.0938319953734,0.000845693607076205,0.12662686888849395,0.9775662931755794
3357,842941468.2857512,2766.089828258074,0.000845680055908675,0.1266262209327798,0.9776119421445523
3358,843241468.2857512,2766.085833314267,0.0008456665336121525,0.12662557432105506,0.9776574987666137
3359,843541468.2857512,2766.0818471436273,0.0008456530401229013,0.12662492905048794,0.9777029632290603
3360,843841468.2857512,2766.0778743226897,0.0008456395814778478,0.12662428515413035,0.9777483286566
3361,844141468.2857512,2766.0739225885814,0.0008456261679365369,0.12662364269183873,0.977793583298701
3362,844441468.2857512,2766.069978324488,0.0008456127813550903,0.12662300155198086,0.9778387482882211
3363,844741468.2857512,2766.0660415179377,0.00084559942168144,0.1266223617318726,0.9778838237951448
3364,845041468.2857512,2766.06211215646,0.0008455860888635587,0.12662172322883228,0.9779288099892275
3365,845341468.2857512,2766.0581902277086,0.0008455727828496456,0.12662108604018363,0.9779737070397778
3366,845641468.2857512,2766.054275719211,0.0008455595035878363,0.12662045016325676,0.9780185151160077
3367,845941468.2857512,2766.0503686187344,0.0008455462510266902,0.1266198155953914,0.978063234385871
3368,846241468.2857512,2766.046468913789,0.0008455330251144358,0.12661918233392552,0.9781078650184015
3369,846541468.2857512,2766.042576592128,0.0008455198257996813,0.12661855037620304,0.9781524071819596
3370,846841468.2857512,2766.0386916412795,0.0008455066530308731,0.12661791971957606,0.978196861044674
3371,847141468.2857512,2766.03481404905,0.0008454935067568511,0.12661729036140038,0.9782412267739938
3372,847441468.2857512,2766.0309438031272,0.0008454803869263962,0.1266166622990378,0.9782855045372961
3373,847741468.2857512,2766.027080891118,0.0008454672934882644,0.12661603552985548,0.9783296945017793
3374,848041468.2857512,2766.02322530092,0.0008454542263916458,0.12661541005122615,0.9783737968339652
3375,848341468.2857512,2766.0193770201768,0.0008454411855854877,0.12661478586052718,0.978417811700475
3376,848641468.2857512,2766.015536036719,0.0008454281710190398,0.1266141629551413,0.9784617392673504
3377,848941468.2857512,2766.0117023384823,0.0008454151826418333,0.12661354133246225,0.9785055796994082
3378,849241468.2857512,2766.0078759129806,0.000845402220402808,0.12661292098987795,0.978549333163554
3379,849541468.2857512,2766.0040567482597,0.000845389284251693,0.12661230192478626,0.978592999824776
3380,849841468.2857512,2766.000244832015,0.0008453763741378788,0.12661168413459153,0.9786365798482625
3381,850141468.2857512,2765.996440152095,0.0008453634900110069,0.12661106761670265,0.9786800733987719
3382,850441468.2857512,2765.9926426964353,0.0008453506318208919,0.12661045236853305,0.9787234806406501
3383,850741468.2857512,2765.9888524528515,0.0008453377995172904,0.12660983838750267,0.9787668017381478
3384,851041468.2857512,2765.985069409253,0.0008453249930501396,0.12660922567103589,0.9788100368551212
3385,851341468.2857512,2765.9812935536174,0.0008453122123695241,0.12660861421656172,0.9788531861550537
3386,851641468.2857512,2765.9775248737915,0.0008452994574254708,0.12660800402151656,0.978896249801223
3387,851941468.2857512,2765.973763357909,0.0008452867281684522,0.1266073950833435,0.9789392279557502
3388,852241468.2857512,2765.9700089937287,0.0008452740245484522,0.12660678739948308,0.978982120782415
3389,852541468.2857512,2765.9662617692948,0.0008452613465159337,0.12660618096738538,0.9790249284435794
3390,852841468.2857512,2765.9625216726113,0.0008452486940213833,0.12660557578450551,0.9790676511013723
3391,853141468.2857512,2765.9587886916256,0.0008452360670152935,0.12660497184830402,0.9791102889177707
3392,853441468.2857512,2765.9550628144084,0.0008452234654483679,0.12660436915624565,0.9791528420543083
3393,853741468.2857512,2765.951344029019,0.0008452108892713844,0.12660376770580153,0.9791953106722642
3394,854041468.2857512,2765.9476323234544,0.0008451983384351057,0.1266031674944468,0.9792376949327558
3395,854341468.2857512,2765.9439276858643,0.0008451858128905569,0.1266025685196623,0.9792799949964156
3396,854641468.2857512,2765.940230250858,0.0008451733127682037,0.12660197077896065,0.9793222108159944
3397,854941468.2857512,2765.9365398753034,0.0008451608378584083,0.12660137426980703,0.9793643427373077
3398,855241468.2857512,2765.932856531844,0.0008451483880933407,0.12660077898968872,0.9794063909429769
3399,855541468.2857512,2765.9291802087632,0.0008451359634244724,0.12660018493610653,0.9794483555924436
3400,855841468.2857512,2765.9255108941747,0.0008451235638031358,0.12659959210656588,0.9794902368451179
3401,856141468.2857512,2765.921848576261,0.0008451111891808138,0.1265990004985772,0.9795320348600325
3402,856441468.2857512,2765.9181932430874,0.0008450988395089321,0.12659841010965686,0.9795737497961331
3403,856741468.2857512,2765.9145448829854,0.0008450865147393002,0.1265978209373254,0.9796153818117471
3404,857041468.2857512,2765.910903484137,0.0008450742148236144,0.12659723297910838,0.9796569310651436
3405,857341468.2857512,2765.907269034732,0.0008450619397136469,0.12659664623253583,0.9796983977143514
3406,857641468.2857512,2765.9036415230885,0.0008450496893614083,0.12659606069514381,0.9797397819169275
3407,857941468.2857512,2765.9000209374167,0.0008450374637188607,0.1265954763644743,0.9797810838300584
3408,858241468.2857512,2765.89640726611,0.0008450252627382492,0.12659489323807338,0.9798223036106479
3409,858541468.2857512,2765.8928004973695,0.0008450130863716123,0.126594311313489,0.9798634414159837
3410,858841468.2857512,2765.889200619499,0.0008450009345712207,0.12659373058827691,0.9799044974026424
3411,859141468.2857512,2765.8856076207835,0.0008449888072893687,0.12659315105999597,0.9799454717269978
3412,859441468.2857512,2765.8820214896177,0.0008449767044785857,0.1265925727262124,0.9799863645449525
3413,859741468.2857512,2765.878442214369,0.0008449646260914156,0.12659199558449566,0.9800271760122462
3414,860041468.2857512,2765.8748697834053,0.0008449525720804706,0.12659141963242013,0.9800679062843771
3415,860341468.2857512,2765.871304185119,0.0008449405423984724,0.12659084486756575,0.9801085555165082
3416,860641468.2857512,2765.867745407883,0.0008449285369981879,0.12659027128751751,0.9801491238636033
3417,860941468.2857512,2765.8641934400803,0.0008449165558324434,0.12658969888986352,0.9801896114803766
3418,861241468.2857512,2765.860648270265,0.0008449045988543816,0.1265891276721997,0.9802300185208259
3419,861541468.2857512,2765.8571098868847,0.0008448926660170605,0.1265885576321252,0.9802703451391164
3420,861841468.2857512,2765.853578278365,0.000844880757273558,0.12658798876724225,0.9803105914892692
3421,862141468.2857512,2765.8500534331247,0.0008448688725770263,0.12658742107515925,0.9803507577249206
3422,862441468.2857512,2765.846535339757,0.000844857011880914,0.12658685455349028,0.9803908439992265
3423,862741468.2857512,2765.843023988388,0.0008448451751410205,0.12658628919988518,0.9804308504622935
3424,863041468.2857512,2765.8395193681813,0.0008448333623117944,0.12658572501198032,0.9804707772657076
3425,863341468.2857512,2765.8360214651248,0.0008448215733429968,0.1265851619873514,0.9805106245665959
3426,863641468.2857512,2765.8325302676444,0.0008448098081881111,0.1265846001236296,0.9805503925173775
3427,863941468.2857512,2765.8290457644703,0.000844798066801094,0.12658403941845323,0.9805900812697594
3428,864241468.2857512,2765.8255679440454,0.0008447863491355897,0.12658347986946347,0.9806296909756232
3429,864541468.2857512,2765.822096795114,0.0008447746551456948,0.12658292147430747,0.9806692217861671
3430,864841468.2857512,2765.818632306261,0.0008447629847853681,0.12658236423063635,0.9807086738525728
3431,865141468.2857512,2765.8151744660904,0.0008447513380086695,0.12658180813610684,0.9807480473257453
3432,865441468.2857512,2765.8117232632712,0.0008447397147697897,0.12658125318837926,0.9807873423562508
3433,865741468.2857512,2765.808278686488,0.0008447281150230202,0.12658069938511987,0.9808265590943984
3434,866041468.2857512,2765.804840724227,0.0008447165387224527,0.1265801467239977,0.9808656976905492
3435,866341468.2857512,2765.8014093392044,0.0008447049857906091,0.1265795952026751,0.9809047583315171
3436,866641468.2857512,2765.797984546451,0.0008446934562143355,0.12657904481884508,0.9809437411292999
3437,866941468.2857512,2765.794566334616,0.00084468194994815,0.12657849557019307,0.9809826462332523
3438,867241468.2857512,2765.791154692419,0.0008446704669466965,0.12657794745440729,0.9810214737924284
3439,867541468.2857512,2765.7877496086635,0.0008446590071647932,0.1265774004691809,0.981060223955525
3440,867841468.2857512,2765.7843510721223,0.0008446475705573016,0.1265768546122131,0.9810988968709893
3441,868141468.2857512,2765.780959071597,0.0008446361570791233,0.12657630988120305,0.9811374926873816
3442,868441468.2857512,2765.7775735959444,0.0008446247666853863,0.12657576627386175,0.9811760115521937
3443,868741468.2857512,2765.7741946339506,0.0008446133993311381,0.1265752237879002,0.9812144536132027
3444,869041468.2857512,2765.770822174441,0.0008446020549715491,0.12657468242103492,0.9812528190178608
3445,869341468.2857512,2765.7674562063326,0.000844590733561972,0.1265741421709874,0.9812911079132062
3446,869641468.2857512,2765.76409671849,0.0008445794350577486,0.12657360303548285,0.981329320446183
3447,869941468.2857512,2765.76074369984,0.0008445681594143724,0.12657306501225188,0.9813674567633479
3448,870241468.2857512,2765.7573971392117,0.0008445569065872728,0.12657252809902925,0.9814055170111962
3449,870541468.2857512,2765.7540570255765,0.0008445456765321095,0.1265719922935534,0.9814435013357734
3450,870841468.2857512,2765.7507233479237,0.0008445344692046558,0.1265714575935696,0.9814814098828336
3451,871141468.2857512,2765.7473960951097,0.0008445232845605506,0.1265709239968249,0.9815192427981413
3452,871441468.2857512,2765.744075256108,0.0008445121225556633,0.12657039150107274,0.9815570002270596
3453,871741468.2857512,2765.7407608199082,0.0008445009831458961,0.1265698601040672,0.981594682315072
3454,872041468.2857512,2765.7374527755414,0.0008444898662873572,0.12656932980357388,0.9816322892064545
3455,872341468.2857512,2765.7341511119994,0.0008444787719361087,0.12656880059735823,0.9816698210458018
3456,872641468.2857512,2765.730855818408,0.0008444677000484687,0.12656827248319238,0.9817072779772671
3457,872941468.2857512,2765.7275668836996,0.0008444566505805584,0.1265677454588513,0.9817446601450532
3458,873241468.2857512,2765.7242842970163,0.0008444456234888208,0.12656721952211442,0.9817819676928284
3459,873541468.2857512,2765.721008047398,0.0008444346187296413,0.12656669467076623,0.9818192007641774
3460,873841468.2857512,2765.717738123935,0.000844423636259528,0.12656617090259537,0.9818563595023668
3461,874141468.2857512,2765.71447451579,0.0008444126760351391,0.126565648215395,0.9818934440503364
3462,874441468.2857512,2765.711217211969,0.0008444017380130118,0.12656512660696334,0.9819304545510019
3463,874741468.2857512,2765.707966201761,0.0008443908221500738,0.12656460607510173,0.9819673911466574
3464,875041468.2857512,2765.704721474241,0.0008443799284030582,0.12656408661761614,0.982004253979675
3465,875341468.2857512,2765.7014830184758,0.0008443690567287121,0.12656356823231438,0.982041043192759
3466,875641468.2857512,2765.6982508237193,0.000844358207084156,0.12656305091701467,0.9820777589270596
3467,875941468.2857512,2765.6950248792773,0.0008443473794266062,0.12656253466953757,0.9821144013238274
3468,876241468.2857512,2765.6918051742555,0.0008443365737130738,0.12656201948770632,0.9821509705244474
3469,876541468.2857512,2765.688591697913,0.00084432578990084,0.12656150536935012,0.9821874666698529
3470,876841468.2857512,2765.6853844396087,0.0008443150279473468,0.12656099231230097,0.9822238899006297
3471,877141468.2857512,2765.6821833884273,0.0008443042878097841,0.1265604803143967,0.9822602403574828
3472,877441468.2857512,2765.6789885337425,0.0008442935694457337,0.12655996937347794,0.982296518180507
3473,877741468.2857512,2765.6757998648204,0.0008442828728127276,0.12655945948739122,0.982332723509713
3474,878041468.2857512,2765.6726173710135,0.0008442721978684437,0.12655895065398584,0.9823688564847581
3475,878341468.2857512,2765.6694410416226,0.0008442615445705773,0.12655844287111695,0.982404917245135
3476,878641468.2857512,2765.6662708658732,0.0008442509128767722,0.12655793613664254,0.9824409059302356
3477,878941468.2857512,2765.6631072752175,0.0008442403033377491,0.1265574304524007,0.9824768219877811
3478,879241468.2857512,2765.659949870673,0.0008442297153903453,0.1265569258127428,0.9825126661654418
3479,879541468.2857512,2765.6567963998773,0.0008442191461870484,0.12655642221041666,0.9825484418638155
3480,879841468.2857512,2765.653648325293,0.0008442085975281993,0.12655591964656224,0.9825841470745433
3481,880141468.2857512,2765.6505063410377,0.000844198070252882,0.12655541812059215,0.9826197809104044
3482,880441468.2857512,2765.6473704366235,0.0008441875643194663,0.1265549176303912,0.9826553435089914
3483,880741468.2857512,2765.6442406014826,0.000844177079686263,0.126554418173847,0.9826908350078049
3484,881041468.2857512,2765.6411168252894,0.0008441666163119668,0.1265539197488535,0.9827262555437529
3485,881341468.2857512,2765.637999097648,0.0008441561741552136,0.12655342235330647,0.9827616052536368
3486,881641468.2857512,2765.6348874079545,0.0008441457531744792,0.1265529259851086,0.9827968842743081
3487,881941468.2857512,2765.6317817459185,0.0008441353533286492,0.1265524306421642,0.9828320927419711
3488,882241468.2857512,2765.6286821010167,0.0008441249745764014,0.12655193632238332,0.9828672307929234
3489,882541468.2857512,2765.6255884629145,0.0008441146168767054,0.12655144302368038,0.982902298562968
3490,882841468.2857512,2765.622500833425,0.0008441042802065993,0.12655095074421222,0.982937296165737
3491,883141468.2857512,2765.6194192277044,0.0008440939645630183,0.12655045948240595,0.9829722236908386
3492,883441468.2857512,2765.6163435965573,0.0008440836698473806,0.12654996923541775,0.983007081343504
3493,883741468.2857512,2765.6132739296195,0.0008440733960188448,0.12654948000117808,0.9830418692586863
3494,884041468.2857512,2765.610210216538,0.0008440631430366519,0.12654899177762233,0.9830765875710961
3495,884341468.2857512,2765.607152447051,0.0008440529108602013,0.1265485045626891,0.983111236415102
3496,884641468.2857512,2765.604100469477,0.000844042699275904,0.12654801835429108,0.9831458161262638
3497,884941468.2857512,2765.601054297313,0.0008440325082724632,0.12654753315038852,0.9831803268042022
3498,885241468.2857512,2765.5980140387733,0.0008440223379544779,0.1265470489489621,0.9832147684137
3499,885541468.2857512,2765.5949796837563,0.0008440121882817718,0.12654656574796683,0.9832491410880213
3500,885841468.2857512,2765.5919512219098,0.0008440020592139362,0.1265460835453632,0.98328344496055
3501,886141468.2857512,2765.5889286431025,0.0008439919507108731,0.12654560233911444,0.9833176801641526
3502,886441468.2857512,2765.5859119370516,0.0008439818627323625,0.12654512212718835,0.9833518468316867
3503,886741468.2857512,2765.582901093703,0.0008439717952385256,0.12654464290755732,0.9833859450954656
3504,887041468.2857512,2765.5798961027663,0.0008439617481892284,0.1265441646781959,0.9834199750880838
3505,887341468.2857512,2765.5768969540873,0.000843951721544587,0.1265436874370847,0.9834539369415698
3506,887641468.2857512,2765.5739036376453,0.0008439417152649346,0.12654321118220832,0.983487830787364
3507,887941468.2857512,2765.5709161431437,0.0008439317293103203,0.1265427359115551,0.9835216567572909
3508,888241468.2857512,2765.5679344606274,0.0008439217636412733,0.12654226162311782,0.9835554149823905
3509,888541468.2857512,2765.564958579948,0.0008439118182181253,0.12654178831489216,0.9835891055938498
3510,888841468.2857512,2765.561988491009,0.0008439018930013473,0.12654131598487905,0.9836227287224857
3511,889141468.2857512,2765.559024183745,0.0008438919879514867,0.12654084463108234,0.9836562844989147
3512,889441468.2857512,2765.5560656481334,0.0008438821030292134,0.1265403742515108,0.983689773053436
3513,889741468.2857512,2765.553112874065,0.0008438722381951407,0.12653990484417688,0.9837231945162943
3514,890041468.2857512,2765.5501658516264,0.0008438623934101746,0.12653943640709667,0.9837565490171971
3515,890341468.2857512,2765.547224570705,0.0008438525686350387,0.12653896893829072,0.9837898366859589
3516,890641468.2857512,2765.5442890213626,0.0008438427638307151,0.12653850243578296,0.9838230576519258
3517,890941468.2857512,2765.541359193573,0.0008438329789581498,0.12653803689760218,0.983856212044337
3518,891241468.2857512,2765.53843507739,0.0008438232139784339,0.1265375723217808,0.9838892999921389
3519,891541468.2857512,2765.5355166628365,0.0008438134688526624,0.1265371087063541,0.9839223216241189
3520,891841468.2857512,2765.532603940036,0.0008438037435421273,0.12653664604936268,0.9839552770686397
3521,892141468.2857512,2765.529696899049,0.0008437940380080953,0.12653618434885092,0.983988166453976
3522,892441468.2857512,2765.52679552995,0.0008437843522119055,0.12653572360286722,0.9840209899081684
3523,892741468.2857512,2765.5238998228187,0.0008437746861149563,0.12653526380946356,0.9840537475590161
3524,893041468.2857512,2765.521009767797,0.0008437650396787664,0.12653480496669525,0.9840864395340861
3525,893341468.2857512,2765.518125355,0.0008437554128648902,0.12653434707262254,0.9841190659607044
3526,893641468.2857512,2765.5152465746237,0.000843745805635026,0.12653389012530886,0.984151626965906
3527,893941468.2857512,2765.512373416843,0.0008437362179509163,0.1265334341228226,0.9841841226765312
3528,894241468.2857512,2765.5095058717084,0.0008437266497741834,0.12653297906323455,0.9842165532193947
3529,894541468.2857512,2765.5066439295815,0.0008437171010669037,0.12653252494462083,0.9842489187206485
3530,894841468.2857512,2765.503787580542,0.0008437075717908453,0.12653207176505998,0.9842812193066677
3531,895141468.2857512,2765.5009368148185,0.0008436980619080241,0.1265316195226354,0.9843134551033728
3532,895441468.2857512,2765.498091622711,0.0008436885713805942,0.1265311682154342,0.9843456262363743
3533,895741468.2857512,2765.495251994413,0.0008436791001706508,0.1265307178415485,0.9843777328311277
3534,896041468.2857512,2765.4924179202853,0.0008436696482405061,0.1265302683990714,0.9844097750128722
3535,896341468.2857512,2765.4895893904727,0.000843660215552296,0.12652981988610215,0.9844417529068259
3536,896641468.2857512,2765.486766395288,0.0008436508020683955,0.12652937230074257,0.984473666637781
3537,896941468.2857512,2765.4839489250417,0.0008436414077512366,0.12652892564109877,0.9845055163302976
3538,897241468.2857512,2765.481136970083,0.0008436320325633528,0.1265284799052807,0.9845373021087056
3539,897541468.2857512,2765.4783305208416,0.0008436226764674428,0.12652803509140323,0.9845690240969519
3540,897841468.2857512,2765.4755295674386,0.0008436133394258507,0.12652759119758256,0.9846006824192897
3541,898141468.2857512,2765.472734100346,0.0008436040214014327,0.12652714822194128,0.9846322771992143
3542,898441468.2857512,2765.4699441099724,0.0008435947223569988,0.12652670616260386,0.9846638085601395
3543,898741468.2857512,2765.4671595866844,0.0008435854422553662,0.12652626501769929,0.984695276625321
3544,899041468.2857512,2765.464380520877,0.0008435761810594401,0.12652582478536015,0.9847266815177719
3545,899341468.2857512,2765.46160690297,0.0008435669387322181,0.12652538546372363,0.9847580233602556
3546,899641468.2857512,2765.458838723405,0.0008435577152367638,0.12652494705092962,0.9847893022753176
3547,899941468.2857512,2765.4560759726055,0.000843548510536168,0.12652450954512168,0.9848205183853029
3548,900241468.2857512,2765.453318641062,0.0008435393245936956,0.12652407294445012,0.9848516718120794
3549,900541468.2857512,2765.450566719252,0.0008435301573725891,0.12652363724706445,0.9848827626776436
3550,900841468.2857512,2765.447820197655,0.0008435210088361657,0.12652320245111956,0.9849137911037569
3551,901141468.2857512,2765.445079066747,0.0008435118789477958,0.12652276855477446,0.9849447572118915
3552,901441468.2857512,2765.442343317001,0.0008435027676708969,0.12652233555619183,0.9849756611233272
3553,901741468.2857512,2765.439612939048,0.0008434936749691295,0.12652190345353795,0.9850065029589082
3554,902041468.2857512,2765.436887923389,0.0008434846008060455,0.1265214722449827,0.9850372828394846
3555,902341468.2857512,2765.4341682604813,0.000843475545145191,0.12652104192869926,0.9850680008857482
3556,902641468.2857512,2765.431453941018,0.0008434665079504703,0.12652061250286614,0.9850986572178417
3557,902941468.2857512,2765.428744955615,0.000843457489185717,0.12652018396566334,0.9851292519558614
3558,903241468.2857512,2765.4260412948156,0.0008434484888147503,0.12651975631527618,0.9851597852197629
3559,903541468.2857512,2765.423342949119,0.0008434395068013736,0.1265193295498928,0.9851902571293883
3560,903841468.2857512,2765.420649909313,0.0008434305431097981,0.12651890366770546,0.9852206678039654
3561,904141468.2857512,2765.41796216595,0.0008434215977039951,0.12651847866690955,0.9852510173628606
3562,904441468.2857512,2765.4152797097654,0.0008434126705482183,0.12651805454570494,0.9852813059249702
3563,904741468.2857512,2765.4126025313744,0.0008434037616066102,0.12651763130229396,0.9853115336091746
3564,905041468.2857512,2765.409930621456,0.0008433948708434825,0.12651720893488558,0.9853417005337419
3565,905341468.2857512,2765.407264055048,0.000843385998348351,0.12651678744336087,0.9853718066638613
3566,905641468.2857512,2765.404602761954,0.0008433771439951238,0.1265163668247181,0.9854018522288813
3567,905941468.2857512,2765.401946708345,0.0008433683077118945,0.1265159470766917,0.9854318373913669
3568,906241468.2857512,2765.3992958852286,0.000843359489463548,0.12651552819750303,0.9854617622686462
3569,906541468.2857512,2765.3966502831026,0.0008433506892143964,0.126515110185377,0.985491626978571
3570,906841468.2857512,2765.394009892943,0.0008433419069293806,0.12651469303854176,0.9855214316381119
3571,907141468.2857512,2765.39137470546,0.0008433331425731636,0.12651427675522872,0.9855511763644771
3572,907441468.2857512,2765.388744711414,0.0008433243961105341,0.12651386133367407,0.9855808612745167
3573,907741468.2857512,2765.3861199017006,0.0008433156675064818,0.1265134467721165,0.9856104864847693
3574,908041468.2857512,2765.383500267064,0.0008433069567258664,0.12651303306879866,0.9856400521117474
3575,908341468.2857512,2765.380885798383,0.000843298263733756,0.12651262022196644,0.9856695582716135
3576,908641468.2857512,2765.3782764865327,0.0008432895884952715,0.1265122082298698,0.9856990050803127
3577,908941468.2857512,2765.3756723223655,0.0008432809309755441,0.12651179709076144,0.985728392653658
3578,909241468.2857512,2765.3730732966924,0.0008432722911397175,0.12651138680289856,0.985757721107297
3579,909541468.2857512,2765.3704794004957,0.0008432636689531808,0.12651097736454117,0.9857869905564605
3580,909841468.2857512,2765.367890624611,0.0008432550643812083,0.12651056877395375,0.9858162011162348
3581,910141468.2857512,2765.3653069599945,0.000843246477389266,0.126510161029404,0.9858453529015142
3582,910441468.2857512,2765.3627283976934,0.000843237907942956,0.1265097541291614,0.985874446026994
3583,910741468.2857512,2765.3601549284476,0.0008432293560075623,0.1265093480714996,0.9859034806074849
3584,911041468.2857512,2765.357586543351,0.000843220821548869,0.12650894285469722,0.985932456757076
3585,911341468.2857512,2765.3550232333237,0.0008432123045324817,0.1265085384770351,0.9859613745899379
3586,911641468.2857512,2765.352464989352,0.0008432038049241289,0.12650813493679727,0.985990234219966
3587,911941468.2857512,2765.3499118024943,0.0008431953226896918,0.1265077322322724,0.9860190357607336
3588,912241468.2857512,2765.3473636636445,0.0008431868577948923,0.1265073303617522,0.9860477793258634
3589,912541468.2857512,2765.344820563929,0.0008431784102057706,0.12650692932353078,0.9860764650284863
3590,912841468.2857512,2765.342282494412,0.0008431699798883647,0.12650652911590762,0.9861050929815972
3591,913141468.2857512,2765.3397494460937,0.0008431615668086609,0.12650612973718403,0.9861336632981099
3592,913441468.2857512,2765.3372214100646,0.0008431531709328044,0.12650573118566502,0.9861621760906335
3593,913741468.2857512,2765.3346983773454,0.0008431447922269133,0.1265053334596596,0.9861906314716652
3594,914041468.2857512,2765.3321803390327,0.0008431364306572425,0.12650493655748005,0.9862190295534113
3595,914341468.2857512,2765.3296672864117,0.0008431280861903198,0.1265045404774417,0.9862473704476337
3596,914641468.2857512,2765.3271592104525,0.0008431197587923398,0.12650414521786368,0.9862756542663421
3597,914941468.2857512,2765.3246561022866,0.0008431114484297382,0.12650375077706816,0.9863038811210759
3598,915241468.2857512,2765.3221579519713,0.000843103155067121,0.12650335715333835,0.9863320511274415
3599,915541468.2857512,2765.319664748206,0.0008430948786667646,0.12650296434490663,0.9863601644060784
3600,915841468.2857512,2765.3171764856716,0.0008430866192014409,0.12650257235024548,0.9863882210543743
3601,916141468.2857512,2765.314693155708,0.0008430783766380229,0.1265021811676903,0.986416221182891
3602,916441468.2857512,2765.3122147494237,0.0008430701509431613,0.12650179079558105,0.9864441649023076
3603,916741468.2857512,2765.309741258026,0.0008430619420836501,0.12650140123225898,0.98647205232303
3604,917041468.2857512,2765.3072726728833,0.0008430537500265531,0.1265010124760709,0.986499883555006
3605,917341468.2857512,2765.304808985097,0.0008430455747386396,0.12650062452536584,0.9865276587083881
3606,917641468.2857512,2765.302350185957,0.00084303741618696,0.1265002373784965,0.9865553778928859
3607,917941468.2857512,2765.2998962667407,0.0008430292743385939,0.12649985103381867,0.9865830412180345
3608,918241468.2857512,2765.2974472187266,0.0008430211491606585,0.12649946548969093,0.9866106487932033
3609,918541468.2857512,2765.295003033182,0.0008430130406203282,0.12649908074447686,0.9866382007275487
3610,918841468.2857512,2765.292563701499,0.0008430049486849471,0.12649869679654144,0.9866656971299226
3611,919141468.2857512,2765.290129214913,0.000842996873321731,0.12649831364425407,0.9866931381091837
3612,919441468.2857512,2765.2876995648176,0.0008429888144981273,0.12649793128598696,0.9867205237737938
3613,919741468.2857512,2765.2852747425104,0.0008429807721815169,0.12649754972011598,0.9867478542321616
3614,920041468.2857512,2765.2828547393674,0.0008429727463394248,0.12649716894502058,0.9867751295924024
3615,920341468.2857512,2765.280439546864,0.0008429647369395237,0.12649678895908203,0.9868023499623628
3616,920641468.2857512,2765.278029156201,0.0008429567439492146,0.12649640976068618,0.9868295154500106
3617,920941468.2857512,2765.275623558913,0.0008429487673363495,0.12649603134822204,0.9868566261626838
3618,921241468.2857512,2765.2732227463584,0.000842940807068606,0.12649565372008173,0.9868836822078049
3619,921541468.2857512,2765.27082671004,0.0008429328631138871,0.12649527687466067,0.9869106836924009
3620,921841468.2857512,2765.2684354413072,0.0008429249354399491,0.12649490081035736,0.9869376307235531
3621,922141468.2857512,2765.2660489316313,0.0008429170240147369,0.1264945255255731,0.9869645234079792
3622,922441468.2857512,2765.263667172563,0.0008429091288063466,0.12649415101871322,0.9869913618521259
3623,922741468.2857512,2765.261290155489,0.0008429012497827141,0.12649377728818584,0.9870181461624539
3624,923041468.2857512,2765.258917871925,0.0008428933869119799,0.12649340433240258,0.9870448764450965
3625,923341468.2857512,2765.2565503133933,0.0008428855401623336,0.12649303214977795,0.9870715528059835
3626,923641468.2857512,2765.25418747141,0.0008428777095020056,0.12649266073872995,0.9870981753508807
3627,923941468.2857512,2765.251829337469,0.0008428698948992305,0.12649229009767896,0.9871247441854198
3628,924241468.2857512,2765.249475903161,0.0008428620963224301,0.12649192022505032,0.9871512594148777
3629,924541468.2857512,2765.247127159991,0.0008428543137399361,0.12649155111927024,0.9871777211445376
3630,924841468.2857512,2765.244783099613,0.0008428465471203329,0.1264911827787704,0.9872041294792326
3631,925141468.2857512,2765.242443713559,0.0008428387964320804,0.12649081520198385,0.9872304845238221
3632,925441468.2857512,2765.2401087077124,0.0008428310612647652,0.12649044838504644,0.987256786827749
3633,925741468.2857512,2765.237778233133,0.0008428233417998925,0.12649008232778258,0.9872830362449044
3634,926041468.2857512,2765.235452411943,0.0008428156381782172,0.1264897170296069,0.9873092326776209
3635,926341468.2857512,2765.233131235656,0.0008428079503683693,0.12648935248896648,0.9873353762298498
3636,926641468.2857512,2765.230814695859,0.0008428002783391098,0.12648898870431166,0.9873614670054964
3637,926941468.2857512,2765.2285027843677,0.0008427926220594941,0.1264886256740936,0.9873875051079763
3638,927241468.2857512,2765.226195492679,0.0008427849814982549,0.12648826339676852,0.9874134906409703
3639,927541468.2857512,2765.223892812634,0.0008427773566245667,0.126487901870794,0.9874394237075518
3640,927841468.2857512,2765.2215947356435,0.0008427697474071451,0.12648754109463256,0.9874653044111541
3641,928141468.2857512,2765.2193012536804,0.0008427621538154117,0.12648718106674814,0.9874911328542949
3642,928441468.2857512,2765.2170123582514,0.0008427545758182764,0.12648682178560874,0.9875169091399622
3643,928741468.2857512,2765.214728041123,0.0008427470133850148,0.126486463249686,0.9875426333705886
3644,929041468.2857512,2765.2124441294122,0.0008427394614089007,0.12648610545752298,0.9875683115916896
3645,929341468.2857512,2765.210162961657,0.0008427319227223898,0.12648574840775817,0.9875939405443361
3646,929641468.2857512,2765.2078863610304,0.0008427243995277034,0.1264853920988879,0.987619517714045
3647,929941468.2857512,2765.2056143192435,0.0008427168917942048,0.1264850365293952,0.9876450432026983
3648,930241468.2857512,2765.2033468281484,0.0008427093994914575,0.1264846816977649,0.9876705171118303
3649,930541468.2857512,2765.2010839672475,0.0008427019227191574,0.1264843276042293,0.987695939382556
3650,930841468.2857512,2765.1988256577933,0.0008426944613421555,0.12648397424587363,0.9877213102453465
3651,931141468.2857512,2765.196571874293,0.0008426870153044325,0.12648362162084928,0.987746629832908
3652,931441468.2857512,2765.1943226085505,0.0008426795845756656,0.12648326972765378,0.9877718982461495
3653,931741468.2857512,2765.192077852353,0.0008426721691255101,0.1264829185647842,0.9877971155862426
3654,932041468.2857512,2765.1898375974934,0.0008426647689237366,0.12648256813074574,0.9878222819535868
3655,932341468.2857512,2765.1876018359085,0.0008426573839403403,0.12648221842404728,0.9878473974481456
3656,932641468.2857512,2765.1853705594103,0.000842650014145172,0.12648186944319806,0.9878724621701307
3657,932941468.2857512,2765.183143759802,0.0008426426595081286,0.1264815211867115,0.9878974762195846
3658,933241468.2857512,2765.1809214291598,0.0008426353199994645,0.12648117365310277,0.9879224396960341
3659,933541468.2857512,2765.1787035592347,0.000842627995589088,0.12648082684089076,0.9879473526992618
3660,933841468.2857512,2765.176490141915,0.0008426206862471116,0.12648048074859697,0.9879722153287174
3661,934141468.2857512,2765.1742811692534,0.0008426133919438995,0.12648013537474662,0.9879970276834149
3662,934441468.2857512,2765.1720766329986,0.0008426061126494692,0.1264797907178667,0.9880217898626726
3663,934741468.2857512,2765.1698765251926,0.0008425988483342467,0.12647944677648779,0.9880465019652006
3664,935041468.2857512,2765.167680837725,0.000842591598968527,0.12647910354914463,0.9880711640897436
3665,935341468.2857512,2765.165489562703,0.0008425843645228845,0.12647876103437286,0.988095776334607
3666,935641468.2857512,2765.163302691997,0.0008425771449676609,0.12647841923071218,0.9881203387982455
3667,935941468.2857512,2765.161120217606,0.0008425699402733972,0.1264780781367054,0.988144851578764
3668,936241468.2857512,2765.158942131605,0.0008425627504107595,0.1264777377508977,0.9881693147740009
3669,936541468.2857512,2765.1567684259076,0.0008425555753502675,0.1264773980718379,0.9881937284818458
3670,936841468.2857512,2765.154599092644,0.0008425484150627348,0.12647705909807694,0.9882180927997402
3671,937141468.2857512,2765.1524341237514,0.000842541269518791,0.12647672082816958,0.9882424078252084
3672,937441468.2857512,2765.150273511416,0.0008425341386894057,0.12647638326067315,0.9882666736552657
3673,937741468.2857512,2765.1481172475087,0.00084252702254516,0.1264760463941446,0.9882908903874922
3674,938041468.2857512,2765.145965324081,0.0008425199210568757,0.1264757102271423,0.988315058119409
3675,938341468.2857512,2765.1438177334558,0.0008425128341959165,0.12647537475824033,0.9883391769463975
3676,938641468.2857512,2765.1416744675807,0.0008425057619331162,0.12647503998600745,0.9883632469651616
3677,938941468.2857512,2765.1395355187524,0.0008424987042397804,0.12647470590901552,0.9883872682717291
3678,939241468.2857512,2765.1374008789917,0.0008424916610869092,0.1264743725258387,0.9884112409623952
3679,939541468.2857512,2765.1352705404324,0.0008424846324456959,0.12647403983505529,0.9884351651330858
3680,939841468.2857512,2765.133144495334,0.0008424776182875118,0.12647370783524528,0.9884590408794173
3681,940141468.2857512,2765.131022735768,0.0008424706185835502,0.12647337652499246,0.9884828682970984
3682,940441468.2857512,2765.1289052539423,0.0008424636333052002,0.1264730459028827,0.9885066474814915
3683,940741468.2857512,2765.1267920420314,0.000842456662423862,0.1264727159675056,0.9885303785278148
3684,941041468.2857512,2765.1246830923446,0.0008424497059111175,0.1264723867174521,0.9885540615309881
3685,941341468.2857512,2765.122578396971,0.0008424427637383491,0.12647205815131815,0.9885776965860353
3686,941641468.2857512,2765.12047794819,0.0008424358358771786,0.12647173026770014,0.988601283787576
3687,941941468.2857512,2765.1183817382257,0.0008424289222992267,0.12647140306519947,0.9886248232301406
3688,942241468.2857512,2765.11628975938,0.0008424220229762356,0.12647107654241926,0.9886483150079697
3689,942541468.2857512,2765.1142020039174,0.0008424151378799455,0.12647075069796593,0.9886717592152271
3690,942841468.2857512,2765.112118464045,0.0008424082669820518,0.1264704255304476,0.9886951559459899
3691,943141468.2857512,2765.1100391321497,0.0008424014102545292,0.12647010103847703,0.9887185052939109
3692,943441468.2857512,2765.107964000518,0.0008423945676692524,0.12646977722066824,0.9887418073526237
3693,943741468.2857512,2765.1058930613754,0.0008423877391980681,0.12646945407563895,0.988765062215717
3694,944041468.2857512,2765.1038263071687,0.0008423809248131267,0.12646913160200912,0.9887882699762774
3695,944341468.2857512,2765.1017637299133,0.0008423741244859396,0.12646880979839023,0.9888114307292492
3696,944641468.2857512,2765.0997053221067,0.0008423673381889117,0.1264684886634166,0.9888345445663196
3697,944941468.2857512,2765.0976510763303,0.0008423605658945178,0.12646816819572,0.988857611579523
3698,945241468.2857512,2765.0956009848014,0.0008423538075747938,0.12646784839393257,0.9888806318616494
3699,945541468.2857512,2765.093555040036,0.0008423470632021623,0.12646752925668794,0.9889036055049001
3700,945841468.2857512,2765.0915132343875,0.0008423403327489008,0.12646721078262377,0.9889265326015698
3701,946141468.2857512,2765.0894755603686,0.0008423336161875009,0.12646689297037894,0.9889494132435532
3702,946441468.2857512,2765.087442010181,0.0008423269134901186,0.12646657581859572,0.9889722475230684
3703,946741468.2857512,2765.085412576504,0.0008423202246295481,0.12646625932592034,0.988995035531434
3704,947041468.2857512,2765.0833872516455,0.000842313549578143,0.1264659434909999,0.9890177773604075
3705,947341468.2857512,2765.081366028092,0.0008423068883085319,0.12646562831248573,0.9890404731012749
3706,947641468.2857512,2765.0793488983013,0.0008423002407933319,0.1264653137890308,0.9890631228452607
3707,947941468.2857512,2765.0773358548686,0.0008422936070053774,0.12646499991929186,0.9890857266832034
3708,948241468.2857512,2765.075326890202,0.0008422869869172951,0.12646468670192684,0.9891082847060909
3709,948541468.2857512,2765.0733219968643,0.0008422803805019545,0.12646437413559797,0.9891307970045027
3710,948841468.2857512,2765.071321167266,0.0008422737877320769,0.12646406221896997,0.9891532636690757
3711,949141468.2857512,2765.0693243940914,0.0008422672085807384,0.1264637509507091,0.9891756847899523
3712,949441468.2857512,2765.0673316697707,0.0008422606430207588,0.12646344032948562,0.989198060457423
3713,949741468.2857512,2765.0653429869008,0.0008422540910251864,0.1264631303539716,0.9892203907614295
3714,950041468.2857512,2765.0633583381514,0.0008422475525672089,0.1264628210228428,0.9892426757916288
3715,950341468.2857512,2765.0613777159137,0.0008422410276196931,0.12646251233477615,0.9892649156379679
3716,950641468.2857512,2765.0594011130215,0.0008422345161561004,0.12646220428845292,0.9892871103895439
3717,950941468.2857512,2765.0574285218,0.0008422280181492449,0.126461896882552,0.9893092601365652
3718,951241468.2857512,2765.0554599346124,0.0008422215335719095,0.12646159011574648,0.9893313649699038
3719,951541468.2857512,2765.053495344488,0.0008422150623981326,0.12646128398674267,0.9893534249760543
3720,951841468.2857512,2765.051534744122,0.0008422086046013332,0.12646097849423085,0.9893754402437552
3721,952141468.2857512,2765.0495781260865,0.0008422021601548347,0.1264606736369053,0.9893974108617484
3722,952441468.2857512,2765.0476254831688,0.0008421957290322592,0.126460369413463,0.9894193369183135
3723,952741468.2857512,2765.045676807942,0.0008421893112069825,0.12646006582260186,0.9894412185019331
3724,953041468.2857512,2765.043732093128,0.0008421829066526276,0.1264597628630248,0.9894630557006522
3725,953341468.2857512,2765.0417913314845,0.0008421765153428764,0.12645946053343557,0.98948484860237
3726,953641468.2857512,2765.03985451562,0.0008421701372512752,0.1264591588325416,0.989506597295032
3727,953941468.2857512,2765.038115068216,0.0008421640121381166,0.12645885806914473,0.9895280203189216
3728,954241468.2857512,2765.0365577306784,0.0008421581209107174,0.1264585582058382,0.989549140672542
3729,954541468.2857512,2765.035003539901,0.0008421522416468874,0.12645825895062565,0.9895702191563845
3730,954841468.2857512,2765.03345249009,0.0008421463743231381,0.12645796030228745,0.9895912558519026
3731,955141468.2857512,2765.031904575372,0.0008421405189159103,0.1264576622596059,0.9896122508405407
3732,955441468.2857512,2765.0303597898524,0.0008421346754016595,0.12645736482136632,0.9896332042036188
3733,955741468.2857512,2765.0288181278843,0.0008421288437571705,0.12645706798635598,0.9896541160219569
3734,956041468.2857512,2765.0272795835986,0.0008421230239590061,0.1264567717533657,0.9896749863765655
3735,956341468.2857512,2765.025744151106,0.0008421172159837103,0.12645647612118674,0.9896958153483593
3736,956641468.2857512,2765.0242118247456,0.0008421114198081661,0.12645618108861492,0.9897166030177553
3737,956941468.2857512,2765.0226825987293,0.0008421056354091166,0.126455886654447,0.9897373494652396
3738,957241468.2857512,2765.0211564671918,0.0008420998627632465,0.1264555928174824,0.9897580547712728
3739,957541468.2857512,2765.0196334244556,0.0008420941018475129,0.1264552995765237,0.9897787190158875
3740,957841468.2857512,2765.0181134648,0.0008420883526388261,0.12645500693037406,0.9897993422790877
3741,958141468.2857512,2765.0165965822307,0.0008420826151137048,0.126454714877832,0.9898199246421567
3742,958441468.2857512,2765.015082770928,0.0008420768892489494,0.1264544234177011,0.9898404661855024
3743,958741468.2857512,2765.0135720254802,0.0008420711750221542,0.12645413254880744,0.9898609669865879
3744,959041468.2857512,2765.012064340225,0.0008420654724104565,0.12645384226996537,0.9898814271247561
3745,959341468.2857512,2765.010559713058,0.0008420597813964271,0.126453552580072,0.9899018466724713
3746,959641468.2857512,2765.009058158172,0.0008420541019872862,0.12645326347838418,0.9899222256715015
3747,959941468.2857512,2765.0075596470074,0.0008420484341256251,0.12645297496321684,0.9899425642438849
3748,960241468.2857512,2765.0060641739524,0.0008420427777887604,0.126452687033393,0.9899628624683707
3749,960541468.2857512,2765.004571733332,0.0008420371329539674,0.12645239968773833,0.9899831204236571
3750,960841468.2857512,2765.00308231952,0.0008420314995986063,0.12645211292508035,0.9900033381882357
3751,961141468.2857512,2765.0015959267166,0.0008420258776998681,0.1264518267442498,0.9900235158406969
3752,961441468.2857512,2765.000112549412,0.0008420202672353286,0.12645154114407958,0.9900436534590954
3753,961741468.2857512,2764.998632182016,0.0008420146681824725,0.1264512561234031,0.9900637511214812
3754,962041468.2857512,2764.997154818872,0.0008420090805187769,0.12645097168105926,0.9900838089058467
3755,962341468.2857512,2764.9956804542826,0.0008420035042216693,0.12645068781588686,0.9901038268901076
3756,962641468.2857512,2764.99420908279,0.0008419979392689063,0.1264504045267275,0.9901238051517204
3757,962941468.2857512,2764.9927406987754,0.0008419923856380917,0.12645012181242588,0.9901437437682279
3758,963241468.2857512,2764.991275296625,0.0008419868433068552,0.1264498396718281,0.9901636428170392
3759,963541468.2857512,2764.9898128707678,0.0008419813122529181,0.12644955810378342,0.9901835023753575
3760,963841468.2857512,2764.988353415672,0.0008419757924540667,0.126449277107142,0.9902033225202238
3761,964141468.2857512,2764.986896925745,0.0008419702838880716,0.1264489966807585,0.9902231033285982
3762,964441468.2857512,2764.9854433955243,0.000841964786532863,0.12644871682348768,0.990242844877155
3763,964741468.2857512,2764.983992819429,0.0008419593003662708,0.12644843753418736,0.990262547242601
3764,965041468.2857512,2764.982545192,0.0008419538253663085,0.12644815881171811,0.9902822105013178
3765,965341468.2857512,2764.981100507653,0.0008419483615108697,0.12644788065494278,0.9903018347297551
3766,965641468.2857512,2764.9796587607298,0.0008419429087776983,0.12644760306271977,0.9903214200049799
3767,965941468.2857512,2764.9782199454926,0.000841937467144371,0.126447326033902,0.9903409664049413
3768,966241468.2857512,2764.9767840569784,0.0008419320365898991,0.1264470495673794,0.9903604740025811
3769,966541468.2857512,2764.9753510896358,0.0008419266170923264,0.12644677366202287,0.9903799428738032
3770,966841468.2857512,2764.9739210379003,0.0008419212086297253,0.12644649831670665,0.9903993730943571
3771,967141468.2857512,2764.9724938964746,0.0008419158111805225,0.1264462235303071,0.9904187647394921
3772,967441468.2857512,2764.9710696598167,0.0008419104247228623,0.12644594930170164,0.9904381178846995
3773,967741468.2857512,2764.9696483225684,0.0008419050492351649,0.12644567562977158,0.9904574326050463
3774,968041468.2857512,2764.9682298792086,0.0008418996846956718,0.12644540251339967,0.9904767089757224
3775,968341468.2857512,2764.966814324338,0.0008418943310827928,0.12644512995147011,0.9904959470716278
3776,968641468.2857512,2764.965401652638,0.0008418889883750899,0.12644485794287108,0.990515146967389
3777,968941468.2857512,2764.9639918586267,0.0008418836565509396,0.12644458648649162,0.9905343087377644
3778,969241468.2857512,2764.962584936941,0.0008418783355888924,0.12644431558122315,0.9905534324571912
3779,969541468.2857512,2764.961180882211,0.0008418730254675355,0.12644404522596017,0.990572518200006
3780,969841468.2857512,2764.9597796890175,0.0008418677261654069,0.1264437754195981,0.9905915660404933
3781,970141468.2857512,2764.958381352114,0.0008418624376613063,0.12644350616103603,0.9906105760525269
3782,970441468.2857512,2764.956985866027,0.0008418571599337613,0.12644323744917346,0.9906295483102454
3783,970741468.2857512,2764.955593225438,0.000841851892961544,0.12644296928291396,0.9906484828873626
3784,971041468.2857512,2764.9542034236847,0.000841846636720972,0.12644270166109955,0.9906673798647851
3785,971341468.2857512,2764.9528164560024,0.0008418413911918874,0.12644243458266355,0.9906862393130079
3786,971641468.2857512,2764.951434352843,0.0008418361589328026,0.12644216805405228,0.9907050582696231
3787,971941468.2857512,2764.9500552404406,0.0008418309375541646,0.12644190206720207,0.9907238395967082
3788,972241468.2857512,2764.948678966232,0.0008418257268482655,0.12644163662047886,0.9907425835870477
3789,972541468.2857512,2764.947305524867,0.0008418205267939939,0.12644137171279757,0.9907612903137343
3790,972841468.2857512,2764.9459349109525,0.0008418153373702033,0.12644110734307443,0.9907799598497934
3791,973141468.2857512,2764.9445671189937,0.0008418101585556684,0.12644084351022886,0.9907985922682614
3792,973441468.2857512,2764.9432021435964,0.0008418049903293095,0.12644058021318216,0.9908171876419222
3793,973741468.2857512,2764.941839979172,0.0008417998326696506,0.12644031745084341,0.9908357460451529
3794,974041468.2857512,2764.940480620315,0.0008417946855557088,0.126440055222142,0.9908542675501836
3795,974341468.2857512,2764.9391240618684,0.0008417895489669055,0.1264397935260149,0.9908727522279567
3796,974641468.2857512,2764.9377702985716,0.0008417844228824485,0.1264395323613924,0.99089120015056
3797,974941468.2857512,2764.9364193249776,0.0008417793072813413,0.12643927172720665,0.9909096113901975
3798,975241468.2857512,2764.9350711356738,0.00084177420214265,0.12643901162239107,0.9909279860189599
3799,975541468.2857512,2764.93372572554,0.0008417691074458396,0.12643875204588226,0.9909463241083495
3800,975841468.2857512,2764.9323830890085,0.0008417640231698462,0.12643849299661825,0.9909646257303935
3801,976141468.2857512,2764.9310432209813,0.0008417589492942187,0.12643823447353972,0.9909828909563401
3802,976441468.2857512,2764.9297061159978,0.0008417538857980858,0.12643797647558916,0.9910011198578232
3803,976741468.2857512,2764.9283717687804,0.0008417488326608255,0.1264377190017109,0.9910193125060881
3804,977041468.2857512,2764.9270401740787,0.0008417437898618857,0.126437462050852,0.991037468972227
3805,977341468.2857512,2764.925711326646,0.0008417387573807429,0.12643720562196123,0.9910555893271983
3806,977641468.2857512,2764.9243852212066,0.0008417337351968643,0.12643694971398933,0.9910736736418969
3807,977941468.2857512,2764.923061852495,0.0008417287232897697,0.12643669432589005,0.9910917219870522
3808,978241468.2857512,2764.9217412151734,0.0008417237216389001,0.12643643945661767,0.991109734433403
3809,978541468.2857512,2764.920423304111,0.0008417187302240029,0.12643618510513055,0.991127711051243
3810,978841468.2857512,2764.9191081140293,0.0008417137490246514,0.1264359312703875,0.991145651910983
3811,979141468.2857512,2764.917795639682,0.000841708778020489,0.12643567795134952,0.9911635570828714
3812,979441468.2857512,2764.916485876007,0.0008417038171914272,0.12643542514698086,0.9911814266367249
3813,979741468.2857512,2764.915178817641,0.0008416988665170286,0.1264351728562471,0.991199260642723
3814,980041468.2857512,2764.91387445948,0.0008416939259771967,0.12643492107811566,0.9912170591705305
3815,980341468.2857512,2764.9125727962396,0.0008416889955516511,0.12643466981155657,0.9912348222899574
3816,980641468.2857512,2764.9112738228137,0.0008416840752203425,0.1264344190555409,0.9912525500704418
3817,980941468.2857512,2764.909977534094,0.0008416791649632734,0.12643416880904373,0.9912702425812869
3818,981241468.2857512,2764.90868392489,0.0008416742647603452,0.1264339190710401,0.991287899891813
3819,981541468.2857512,2764.907392990022,0.0008416693745915189,0.12643366984050824,0.9913055220712043
3820,981841468.2857512,2764.9061047243504,0.0008416644944368251,0.12643342111642827,0.991323109188461
3821,982141468.2857512,2764.904819122735,0.0008416596242762778,0.12643317289777886,0.9913406613128437
3822,982441468.2857512,2764.9035361797187,0.00084165476408943,0.1264329251835329,0.9913581785147662
3823,982741468.2857512,2764.9022558907186,0.0008416499138572684,0.1264326779726912,0.9913756608605292
3824,983041468.2857512,2764.9009782504177,0.0008416450735597137,0.12643243126424145,0.9913931084189287
3825,983341468.2857512,2764.8997032538177,0.0008416402431771186,0.1264321850571746,0.9914105212581572
3826,983641468.2857512,2764.8984308958643,0.000841635422689779,0.12643193935048241,0.9914278994463985
3827,983941468.2857512,2764.897161171371,0.0008416306120778662,0.12643169414315947,0.9914452430518924
3828,984241468.2857512,2764.895894075381,0.0008416258113218571,0.12643144943420204,0.9914625521424424
3829,984541468.2857512,2764.8946296028657,0.0008416210204021718,0.12643120522260878,0.9914798267858198
3830,984841468.2857512,2764.8933677486802,0.0008416162392991002,0.12643096150737917,0.991497067049887
3831,985141468.2857512,2764.89210850794,0.0008416114679932935,0.12643071828751584,0.9915142730019757
3832,985441468.2857512,2764.8908518754724,0.0008416067064650753,0.12643047556202336,0.9915314447097345
3833,985741468.2857512,2764.8895978463684,0.0008416019546951156,0.1264302333299079,0.9915485822403025
3834,986041468.2857512,2764.888346415543,0.0008415972126639005,0.1264299915901781,0.9915656856609674
3835,986341468.2857512,2764.887097578053,0.0008415924803521024,0.12642975034184334,0.9915827550387101
3836,986641468.2857512,2764.8858513288783,0.0008415877577403541,0.1264295095839172,0.9915997904404645
3837,986941468.2857512,2764.884607663058,0.0008415830448093544,0.1264292693154127,0.9916167919330143
3838,987241468.2857512,2764.883366575627,0.0008415783415398515,0.126429029535347,0.9916337595830146
3839,987541468.2857512,2764.882127781068,0.000841573647571073,0.12642879024274126,0.9916506938591552
3840,987841468.2857512,2764.880891140919,0.0008415689627215505,0.126428551436636,0.9916675950180845
3841,988141468.2857512,2764.8796570660197,0.0008415642874784186,0.12642831311605834,0.9916844625294665
3842,988441468.2857512,2764.8784255511523,0.0008415596218222185,0.12642807528003255,0.9917012964598547
3843,988741468.2857512,2764.877196591639,0.0008415549657341595,0.12642783792758397,0.9917180968749313
3844,989041468.2857512,2764.8759701824747,0.0008415503191950953,0.126427601057741,0.9917348638407295
3845,989341468.2857512,2764.8747463187246,0.0008415456821859781,0.12642736466953303,0.9917515974230692
3846,989641468.2857512,2764.8735249955425,0.0008415410546879115,0.12642712876199252,0.9917682976875188
3847,989941468.2857512,2764.8723062079043,0.0008415364366817936,0.12642689333415294,0.9917849646997987
3848,990241468.2857512,2764.871089951161,0.0008415318281490051,0.1264266583850495,0.9918015985249895
3849,990541468.2857512,2764.8698762202125,0.0008415272290704188,0.1264264239137205,0.9918181992286806
3850,990841468.2857512,2764.8686650103955,0.0008415226394274529,0.12642618991920537,0.9918347668757415
3851,991141468.2857512,2764.8674563166583,0.000841518059201072,0.1264259564005447,0.9918513015314967
3852,991441468.2857512,2764.8662501340955,0.0008415134883723515,0.12642572335677416,0.9918678032618385
3853,991741468.2857512,2764.8650464579355,0.0008415089269227245,0.12642549078694396,0.9918842721310599
3854,992041468.2857512,2764.8638452834875,0.0008415043748337267,0.1264252586901046,0.9919007082031673
3855,992341468.2857512,2764.862646605814,0.0008414998320865662,0.12642502706530445,0.99191711154283
3856,992641468.2857512,2764.8614504202537,0.0008414952986628402,0.12642479591159592,0.9919334822142089
3857,992941468.2857512,2764.860256721822,0.0008414907745437547,0.12642456522803136,0.9919498202818491
3858,993241468.2857512,2764.859065505891,0.0008414862597109784,0.12642433501366548,0.9919661258096802
3859,993541468.2857512,2764.857876767656,0.0008414817541459916,0.12642410526755474,0.9919823988617803
3860,993841468.2857512,2764.8566904670606,0.0008414772577769612,0.12642387598797455,0.9919986395687462
3861,994141468.2857512,2764.855506622189,0.000841472770620079,0.1264236471744957,0.992014847951029
3862,994441468.2857512,2764.8543252414215,0.0008414682926768548,0.12642341882647332,0.99203102404742
3863,994741468.2857512,2764.8531463201043,0.0008414638239290431,0.12642319094297078,0.9920471679213404
3864,995041468.2857512,2764.851969853338,0.000841459364358154,0.1264229635230553,0.992063279636431
3865,995341468.2857512,2764.8507958364553,0.0008414549139459774,0.12642273656579378,0.992079359255907
3866,995641468.2857512,2764.8496240742234,0.0008414504724172218,0.12642251006836805,0.9920954071469386
3867,995941468.2857512,2764.848454634706,0.0008414460398520306,0.12642228403058206,0.9921114232557835
3868,996241468.2857512,2764.8472876312826,0.0008414416163916063,0.12642205845268262,0.9921274074567732
3869,996541468.2857512,2764.8461230592798,0.0008414372020178461,0.12642183333374518,0.9921433598127106
3870,996841468.2857512,2764.8449609140175,0.0008414327967126631,0.12642160867284705,0.9921592803862737
3871,997141468.2857512,2764.843801190777,0.0008414284004579535,0.12642138446906764,0.9921751692400888
3872,997441468.2857512,2764.8426438849096,0.0008414240132357068,0.12642116072148704,0.9921910264366081
3873,997741468.2857512,2764.841488991716,0.000841419635027892,0.12642093742918833,0.9922068520382288
3874,998041468.2857512,2764.8403365065665,0.0008414152658165825,0.12642071459125606,0.9922226461071171
3875,998341468.2857512,2764.839186424826,0.000841410905583875,0.1264204922067769,0.9922384087053651
3876,998641468.2857512,2764.8380387418706,0.0008414065543118926,0.12642027027483854,0.9922541398949422
3877,998941468.2857512,2764.836893452988,0.0008414022119826932,0.12642004879453184,0.992269839737821
3878,999241468.2857512,2764.8357505536587,0.0008413978785785702,0.12641982776494756,0.9922855082956192
3879,999541468.2857512,2764.8346100391864,0.0008413935540816499,0.1264196071851802,0.992301145630073
3880,999841468.2857512,2764.833471904985,0.0008413892384742053,0.12641938705432504,0.9923167518026644
3881,1000000000,2764.83287127895,0.0008413869609658344,0.1264192708815624,0.9923249881145089
