TOPS Opacities - Summary
Los Alamos
National Laboratory
Delivering science and technology to protect our nation and promote world stability
T-1
Physics and Chemistry of Materials
Results Page
Number of T =  50  Number of rho =  71  Number of materials =  21
TOPS results for  Untitled        on Sep  7, 2026
Opacities in cm**2/gm, T in keV, density in gm/cc
WARNING - Requested densities listed below went off table boundaries
Temp        Den Req     Den Used
2.0000E-03  3.9811E+02  2.8346E+02
2.0000E-03  6.3096E+02  2.8346E+02
2.0000E-03  1.0000E+03  2.8346E+02
2.0000E-03  1.5849E+03  2.8346E+02
2.0000E-03  2.5119E+03  2.8346E+02
2.0000E-03  3.9811E+03  2.8346E+02
2.0000E-03  6.3096E+03  2.8346E+02
2.0000E-03  1.0000E+04  2.8346E+02
2.5000E-03  3.9811E+02  3.9614E+02
2.5000E-03  6.3096E+02  3.9614E+02
2.5000E-03  1.0000E+03  3.9614E+02
2.5000E-03  1.5849E+03  3.9614E+02
2.5000E-03  2.5119E+03  3.9614E+02
2.5000E-03  3.9811E+03  3.9614E+02
2.5000E-03  6.3096E+03  3.9614E+02
2.5000E-03  1.0000E+04  3.9614E+02
3.0000E-03  6.3096E+02  5.2074E+02
3.0000E-03  1.0000E+03  5.2074E+02
3.0000E-03  1.5849E+03  5.2074E+02
3.0000E-03  2.5119E+03  5.2074E+02
3.0000E-03  3.9811E+03  5.2074E+02
3.0000E-03  6.3096E+03  5.2074E+02
3.0000E-03  1.0000E+04  5.2074E+02
3.5000E-03  1.0000E+03  6.5612E+02
3.5000E-03  1.5849E+03  6.5612E+02
3.5000E-03  2.5119E+03  6.5612E+02
3.5000E-03  3.9811E+03  6.5612E+02
3.5000E-03  6.3096E+03  6.5612E+02
3.5000E-03  1.0000E+04  6.5612E+02
4.0000E-03  1.0000E+03  8.0154E+02
4.0000E-03  1.5849E+03  8.0154E+02
4.0000E-03  2.5119E+03  8.0154E+02
4.0000E-03  3.9811E+03  8.0154E+02
4.0000E-03  6.3096E+03  8.0154E+02
4.0000E-03  1.0000E+04  8.0154E+02
5.0000E-03  1.5849E+03  1.1197E+03
5.0000E-03  2.5119E+03  1.1197E+03
5.0000E-03  3.9811E+03  1.1197E+03
5.0000E-03  6.3096E+03  1.1197E+03
5.0000E-03  1.0000E+04  1.1197E+03
6.0000E-03  1.5849E+03  1.4717E+03
6.0000E-03  2.5119E+03  1.4717E+03
6.0000E-03  3.9811E+03  1.4717E+03
6.0000E-03  6.3096E+03  1.4717E+03
6.0000E-03  1.0000E+04  1.4717E+03
7.0000E-03  2.5119E+03  1.8543E+03
7.0000E-03  3.9811E+03  1.8543E+03
7.0000E-03  6.3096E+03  1.8543E+03
7.0000E-03  1.0000E+04  1.8543E+03
8.0000E-03  2.5119E+03  2.2652E+03
8.0000E-03  3.9811E+03  2.2652E+03
8.0000E-03  6.3096E+03  2.2652E+03
8.0000E-03  1.0000E+04  2.2652E+03
9.0000E-03  3.9811E+03  2.7024E+03
9.0000E-03  6.3096E+03  2.7024E+03
9.0000E-03  1.0000E+04  2.7024E+03
1.0000E-02  3.9811E+03  3.1617E+03
1.0000E-02  6.3096E+03  3.1617E+03
1.0000E-02  1.0000E+04  3.1617E+03
1.2500E-02  6.3096E+03  4.4182E+03
1.2500E-02  1.0000E+04  4.4182E+03
1.5000E-02  6.3096E+03  5.8076E+03
1.5000E-02  1.0000E+04  5.8076E+03
2.0000E-02  1.0000E+04  8.9389E+03
Normalized composition for requested elements
No. Fraction Mass Fraction  At. No.  Chem. Sym.  Mat ID.
9.0711E-01   7.0000E-01      1         H         4525
9.1372E-02   2.8000E-01      2         He        4675
3.7374E-04   3.4367E-03      6         C         4387
9.3877E-05   1.0067E-03      7         N         4005
7.6308E-04   9.3471E-03      8         O         4105
1.3571E-04   2.0966E-03     10         Ne        4145
2.3749E-06   4.1800E-05     11         Na        3442
4.2911E-05   7.9848E-04     12         Mg        4682
3.4883E-06   7.2060E-05     13         Al        9173
4.0979E-05   8.8114E-04     14         Si        4183
3.5676E-07   8.4600E-06     15         P         2193
1.9159E-05   4.7026E-04     16         S         3104
2.1518E-07   5.8400E-06     17         Cl        2205
2.8348E-06   8.6700E-05     18         Ar        3715
1.5234E-07   4.5600E-06     19         K         2642
2.5394E-06   7.7920E-05     20         Ca        2302
1.0642E-07   3.9000E-06     22         Ti        2692
5.6119E-07   2.2340E-05     24         Cr        2703
3.7042E-07   1.5580E-05     25         Mn        2803
3.5754E-05   1.5287E-03     26         Fe        3412
2.1172E-06   9.5140E-05     28         Ni        2013
Temperature grid used the following  50 points
2.0000E-03  2.5000E-03  3.0000E-03  3.5000E-03  4.0000E-03  5.0000E-03
6.0000E-03  7.0000E-03  8.0000E-03  9.0000E-03  1.0000E-02  1.2500E-02
1.5000E-02  2.0000E-02  2.5000E-02  3.0000E-02  4.0000E-02  5.0000E-02
6.0000E-02  7.0000E-02  8.0000E-02  9.0000E-02  1.0000E-01  1.2500E-01
1.5000E-01  1.7500E-01  2.0000E-01  2.2500E-01  2.5000E-01  2.7500E-01
3.0000E-01  3.5000E-01  4.0000E-01  4.5000E-01  5.0000E-01  5.5000E-01
6.0000E-01  6.5000E-01  7.0000E-01  8.0000E-01  9.0000E-01  1.0000E+00
1.1250E+00  1.2500E+00  1.3750E+00  1.5000E+00  1.6250E+00  1.7500E+00
1.8750E+00  2.0000E+00
Density grid used the following  71 points
1.0000E-10  1.5849E-10  2.5119E-10  3.9811E-10  6.3096E-10  1.0000E-09
1.5849E-09  2.5119E-09  3.9811E-09  6.3096E-09  1.0000E-08  1.5849E-08
2.5119E-08  3.9811E-08  6.3096E-08  1.0000E-07  1.5849E-07  2.5119E-07
3.9811E-07  6.3096E-07  1.0000E-06  1.5849E-06  2.5119E-06  3.9811E-06
6.3096E-06  1.0000E-05  1.5849E-05  2.5119E-05  3.9811E-05  6.3096E-05
1.0000E-04  1.5849E-04  2.5119E-04  3.9811E-04  6.3096E-04  1.0000E-03
1.5849E-03  2.5119E-03  3.9811E-03  6.3096E-03  1.0000E-02  1.5849E-02
2.5119E-02  3.9811E-02  6.3096E-02  1.0000E-01  1.5849E-01  2.5119E-01
3.9811E-01  6.3096E-01  1.0000E+00  1.5849E+00  2.5119E+00  3.9811E+00
6.3096E+00  1.0000E+01  1.5849E+01  2.5119E+01  3.9811E+01  6.3096E+01
1.0000E+02  1.5849E+02  2.5119E+02  3.9811E+02  6.3096E+02  1.0000E+03
1.5849E+03  2.5119E+03  3.9811E+03  6.3096E+03  1.0000E+04
Rosseland and Planck opacities and free electrons
Density     Ross opa    Planck opa  No. Free    Av Sq Free  T=  2.0000E-03
1.0000E-10  7.7707E-01  7.9532E+02  1.0015E+00  1.0048E+00
1.5849E-10  9.2893E-01  7.6475E+02  1.0014E+00  1.0046E+00
2.5119E-10  1.1516E+00  7.4040E+02  1.0013E+00  1.0044E+00
3.9811E-10  1.4817E+00  7.4435E+02  1.0012E+00  1.0041E+00
6.3096E-10  1.9817E+00  7.5569E+02  1.0011E+00  1.0038E+00
1.0000E-09  2.7634E+00  7.9348E+02  1.0009E+00  1.0034E+00
1.5849E-09  3.9660E+00  8.5354E+02  1.0006E+00  1.0028E+00
2.5119E-09  5.9403E+00  9.5162E+02  1.0002E+00  1.0023E+00
3.9811E-09  8.9698E+00  1.1071E+03  9.9961E-01  1.0014E+00
6.3096E-09  1.4009E+01  1.3396E+03  9.9885E-01  1.0004E+00
1.0000E-08  2.1721E+01  1.7062E+03  9.9768E-01  9.9900E-01
1.5849E-08  3.4470E+01  2.3004E+03  9.9601E-01  9.9716E-01
2.5119E-08  5.3965E+01  3.2484E+03  9.9346E-01  9.9442E-01
3.9811E-08  8.5551E+01  4.7134E+03  9.8985E-01  9.9065E-01
6.3096E-08  1.3418E+02  6.9946E+03  9.8457E-01  9.8525E-01
1.0000E-07  2.1116E+02  1.0529E+04  9.7720E-01  9.7775E-01
1.5849E-07  3.3136E+02  1.5933E+04  9.6792E-01  9.6840E-01
2.5119E-07  5.1661E+02  2.4329E+04  9.5411E-01  9.5450E-01
3.9811E-07  8.1293E+02  3.5981E+04  9.4101E-01  9.4137E-01
6.3096E-07  1.2592E+03  5.4448E+04  9.2025E-01  9.2055E-01
1.0000E-06  1.9579E+03  7.8443E+04  9.0147E-01  9.0174E-01
1.5849E-06  2.9970E+03  1.1533E+05  8.7476E-01  8.7499E-01
2.5119E-06  4.4796E+03  1.6308E+05  8.4418E-01  8.4438E-01
3.9811E-06  6.5400E+03  2.2713E+05  8.0847E-01  8.0864E-01
6.3096E-06  9.5639E+03  3.2240E+05  7.5567E-01  7.5581E-01
1.0000E-05  1.2638E+04  4.0200E+05  7.1553E-01  7.1566E-01
1.5849E-05  1.7232E+04  5.2816E+05  6.5192E-01  6.5202E-01
2.5119E-05  2.2441E+04  6.6195E+05  5.8489E-01  5.8497E-01
3.9811E-05  2.7050E+04  7.5545E+05  5.3923E-01  5.3931E-01
6.3096E-05  3.4013E+04  9.0364E+05  4.6687E-01  4.6693E-01
1.0000E-04  4.1419E+04  1.0437E+06  3.9292E-01  3.9297E-01
1.5849E-04  4.6054E+04  1.0667E+06  3.6115E-01  3.6119E-01
2.5119E-04  5.3251E+04  1.1031E+06  3.1079E-01  3.1082E-01
3.9811E-04  6.3999E+04  1.1578E+06  2.3554E-01  2.3557E-01
6.3096E-04  7.0535E+04  1.1707E+06  2.1936E-01  2.1938E-01
1.0000E-03  8.0744E+04  1.1913E+06  1.9372E-01  1.9373E-01
1.5849E-03  9.6665E+04  1.2240E+06  1.5307E-01  1.5308E-01
2.5119E-03  1.1240E+05  1.2194E+06  1.2960E-01  1.2961E-01
3.9811E-03  1.3143E+05  1.1773E+06  1.1751E-01  1.1751E-01
6.3096E-03  1.6105E+05  1.1105E+06  9.8344E-02  9.8350E-02
1.0000E-02  2.0002E+05  1.0568E+06  8.2916E-02  8.2921E-02
1.5849E-02  2.4861E+05  1.0358E+06  7.7172E-02  7.7176E-02
2.5119E-02  3.1271E+05  1.0010E+06  6.8068E-02  6.8072E-02
3.9811E-02  3.9280E+05  1.0454E+06  6.5488E-02  6.5491E-02
6.3096E-02  4.9353E+05  1.1385E+06  6.5294E-02  6.5297E-02
1.0000E-01  6.2951E+05  1.2704E+06  7.0104E-02  7.0110E-02
1.5849E-01  8.5649E+05  1.4224E+06  8.1910E-02  8.1924E-02
2.5119E-01  1.1910E+06  1.5605E+06  1.1470E-01  1.1476E-01
3.9811E-01  1.5249E+06  1.6480E+06  2.6289E-01  2.6315E-01
6.3096E-01  9.7844E+05  1.0500E+06  6.1368E-01  6.1538E-01
1.0000E+00  4.7459E+05  4.9672E+05  8.7880E-01  8.8308E-01
1.5849E+00  2.6643E+05  2.7486E+05  9.7523E-01  9.8203E-01
2.5119E+00  1.7781E+05  1.8139E+05  1.0009E+00  1.0111E+00
3.9811E+00  1.2243E+05  1.2397E+05  1.0099E+00  1.0366E+00
6.3096E+00  8.2979E+04  8.3601E+04  1.0255E+00  1.0883E+00
1.0000E+01  5.7992E+04  5.8297E+04  1.0462E+00  1.1577E+00
1.5849E+01  4.2121E+04  4.2263E+04  1.0604E+00  1.2067E+00
2.5119E+01  2.9856E+04  2.9928E+04  1.0727E+00  1.2497E+00
3.9811E+01  1.9637E+04  1.9671E+04  1.0817E+00  1.2812E+00
6.3096E+01  1.3096E+04  1.3109E+04  1.0877E+00  1.3024E+00
1.0000E+02  9.5075E+03  9.5142E+03  1.0944E+00  1.3244E+00
1.5849E+02  6.3892E+03  6.3922E+03  1.0993E+00  1.3400E+00
2.5119E+02  4.0474E+03  4.0488E+03  1.0993E+00  1.3403E+00
3.9811E+02  3.5761E+03  3.5772E+03  1.0993E+00  1.3404E+00
6.3096E+02  3.5761E+03  3.5772E+03  1.0993E+00  1.3404E+00
1.0000E+03  3.5761E+03  3.5772E+03  1.0993E+00  1.3404E+00
1.5849E+03  3.5761E+03  3.5772E+03  1.0993E+00  1.3404E+00
2.5119E+03  3.5761E+03  3.5772E+03  1.0993E+00  1.3404E+00
3.9811E+03  3.5761E+03  3.5772E+03  1.0993E+00  1.3404E+00
6.3096E+03  3.5761E+03  3.5772E+03  1.0993E+00  1.3404E+00
1.0000E+04  3.5761E+03  3.5772E+03  1.0993E+00  1.3404E+00
Rosseland and Planck opacities and free electrons
Density     Ross opa    Planck opa  No. Free    Av Sq Free  T=  2.5000E-03
1.0000E-10  7.4738E-01  2.2254E+02  1.0101E+00  1.0316E+00
1.5849E-10  8.5732E-01  2.3551E+02  1.0079E+00  1.0249E+00
2.5119E-10  1.0064E+00  2.5362E+02  1.0056E+00  1.0178E+00
3.9811E-10  1.2178E+00  2.6886E+02  1.0043E+00  1.0136E+00
6.3096E-10  1.5140E+00  2.8569E+02  1.0034E+00  1.0108E+00
1.0000E-09  1.9677E+00  3.0408E+02  1.0026E+00  1.0086E+00
1.5849E-09  2.6362E+00  3.2370E+02  1.0023E+00  1.0074E+00
2.5119E-09  3.6554E+00  3.5146E+02  1.0019E+00  1.0062E+00
3.9811E-09  5.3009E+00  3.8761E+02  1.0017E+00  1.0057E+00
6.3096E-09  7.8927E+00  4.4435E+02  1.0014E+00  1.0050E+00
1.0000E-08  1.2258E+01  5.3099E+02  1.0012E+00  1.0046E+00
1.5849E-08  1.8955E+01  6.6827E+02  1.0009E+00  1.0039E+00
2.5119E-08  3.1123E+01  8.7953E+02  1.0005E+00  1.0034E+00
3.9811E-08  4.9650E+01  1.2144E+03  9.9997E-01  1.0025E+00
6.3096E-08  8.2421E+01  1.7083E+03  9.9924E-01  1.0015E+00
1.0000E-07  1.3269E+02  2.4817E+03  9.9813E-01  1.0001E+00
1.5849E-07  2.1757E+02  3.6615E+03  9.9657E-01  9.9830E-01
2.5119E-07  3.4788E+02  5.5006E+03  9.9422E-01  9.9569E-01
3.9811E-07  5.6107E+02  8.5065E+03  9.9078E-01  9.9199E-01
6.3096E-07  8.9305E+02  1.3400E+04  9.8574E-01  9.8677E-01
1.0000E-06  1.4221E+03  2.1138E+04  9.7834E-01  9.7914E-01
1.5849E-06  2.2673E+03  3.3342E+04  9.6855E-01  9.6924E-01
2.5119E-06  3.5531E+03  5.2504E+04  9.5330E-01  9.5382E-01
3.9811E-06  5.5630E+03  7.7530E+04  9.3712E-01  9.3759E-01
6.3096E-06  8.5374E+03  1.1719E+05  9.1148E-01  9.1185E-01
1.0000E-05  1.2735E+04  1.6467E+05  8.8513E-01  8.8544E-01
1.5849E-05  1.8761E+04  2.3352E+05  8.4930E-01  8.4956E-01
2.5119E-05  2.6714E+04  3.1579E+05  8.0503E-01  8.0525E-01
3.9811E-05  3.5883E+04  3.8584E+05  7.6302E-01  7.6321E-01
6.3096E-05  4.9986E+04  4.9687E+05  6.9644E-01  6.9659E-01
1.0000E-04  6.2504E+04  5.8851E+05  6.4853E-01  6.4865E-01
1.5849E-04  7.8389E+04  7.0485E+05  5.9231E-01  5.9241E-01
2.5119E-04  1.0290E+05  8.8930E+05  5.0321E-01  5.0328E-01
3.9811E-04  1.1747E+05  9.5110E+05  4.6672E-01  4.6679E-01
6.3096E-04  1.3816E+05  1.0301E+06  4.1748E-01  4.1754E-01
1.0000E-03  1.7029E+05  1.1556E+06  3.3944E-01  3.3949E-01
1.5849E-03  1.9277E+05  1.1870E+06  3.0606E-01  3.0610E-01
2.5119E-03  2.2123E+05  1.1964E+06  2.7495E-01  2.7498E-01
3.9811E-03  2.6539E+05  1.2115E+06  2.2564E-01  2.2566E-01
6.3096E-03  3.1125E+05  1.2145E+06  1.9681E-01  1.9682E-01
1.0000E-02  3.6571E+05  1.2066E+06  1.7935E-01  1.7937E-01
1.5849E-02  4.3870E+05  1.1937E+06  1.5169E-01  1.5171E-01
2.5119E-02  5.3040E+05  1.2259E+06  1.3831E-01  1.3832E-01
3.9811E-02  6.4602E+05  1.2944E+06  1.2967E-01  1.2968E-01
6.3096E-02  7.6114E+05  1.3910E+06  1.2119E-01  1.2121E-01
1.0000E-01  9.5678E+05  1.5097E+06  1.2526E-01  1.2528E-01
1.5849E-01  1.1750E+06  1.6229E+06  1.3971E-01  1.3977E-01
2.5119E-01  1.3564E+06  1.6569E+06  1.8628E-01  1.8642E-01
3.9811E-01  1.2982E+06  1.5512E+06  3.5165E-01  3.5204E-01
6.3096E-01  8.4309E+05  9.4921E+05  6.5653E-01  6.5838E-01
1.0000E+00  4.1467E+05  4.4678E+05  9.1124E-01  9.1600E-01
1.5849E+00  2.5281E+05  2.6481E+05  9.7533E-01  9.8275E-01
2.5119E+00  1.6938E+05  1.7482E+05  1.0021E+00  1.0134E+00
3.9811E+00  1.1884E+05  1.2116E+05  1.0127E+00  1.0456E+00
6.3096E+00  8.3946E+04  8.4940E+04  1.0314E+00  1.1070E+00
1.0000E+01  5.6080E+04  5.6487E+04  1.0465E+00  1.1592E+00
1.5849E+01  4.0213E+04  4.0426E+04  1.0627E+00  1.2151E+00
2.5119E+01  2.9452E+04  2.9553E+04  1.0754E+00  1.2584E+00
3.9811E+01  2.0317E+04  2.0369E+04  1.0829E+00  1.2849E+00
6.3096E+01  1.3440E+04  1.3464E+04  1.0902E+00  1.3100E+00
1.0000E+02  9.1473E+03  9.1568E+03  1.0993E+00  1.3403E+00
1.5849E+02  6.3654E+03  6.3699E+03  1.0993E+00  1.3404E+00
2.5119E+02  4.2322E+03  4.2343E+03  1.0993E+00  1.3406E+00
3.9811E+02  2.6891E+03  2.6901E+03  1.0994E+00  1.3412E+00
6.3096E+02  2.6891E+03  2.6901E+03  1.0994E+00  1.3412E+00
1.0000E+03  2.6891E+03  2.6901E+03  1.0994E+00  1.3412E+00
1.5849E+03  2.6891E+03  2.6901E+03  1.0994E+00  1.3412E+00
2.5119E+03  2.6891E+03  2.6901E+03  1.0994E+00  1.3412E+00
3.9811E+03  2.6891E+03  2.6901E+03  1.0994E+00  1.3412E+00
6.3096E+03  2.6891E+03  2.6901E+03  1.0994E+00  1.3412E+00
1.0000E+04  2.6891E+03  2.6901E+03  1.0994E+00  1.3412E+00
Rosseland and Planck opacities and free electrons
Density     Ross opa    Planck opa  No. Free    Av Sq Free  T=  3.0000E-03
1.0000E-10  7.1485E-01  3.6466E+02  1.0771E+00  1.2342E+00
1.5849E-10  8.3136E-01  4.5505E+02  1.0700E+00  1.2128E+00
2.5119E-10  9.8861E-01  5.7527E+02  1.0618E+00  1.1881E+00
3.9811E-10  1.2030E+00  7.4919E+02  1.0508E+00  1.1548E+00
6.3096E-10  1.4868E+00  9.4247E+02  1.0429E+00  1.1307E+00
1.0000E-09  1.8938E+00  1.2488E+03  1.0302E+00  1.0925E+00
1.5849E-09  2.4665E+00  1.4938E+03  1.0250E+00  1.0767E+00
2.5119E-09  3.3136E+00  1.8779E+03  1.0170E+00  1.0524E+00
3.9811E-09  4.6143E+00  2.1677E+03  1.0127E+00  1.0396E+00
6.3096E-09  6.5692E+00  2.5155E+03  1.0090E+00  1.0282E+00
1.0000E-08  9.7040E+00  2.8088E+03  1.0063E+00  1.0200E+00
1.5849E-08  1.4534E+01  3.0518E+03  1.0048E+00  1.0154E+00
2.5119E-08  2.2432E+01  3.3174E+03  1.0033E+00  1.0109E+00
3.9811E-08  3.5093E+01  3.5255E+03  1.0026E+00  1.0090E+00
6.3096E-08  5.5518E+01  3.8189E+03  1.0017E+00  1.0067E+00
1.0000E-07  8.9941E+01  4.1379E+03  1.0012E+00  1.0056E+00
1.5849E-07  1.4345E+02  4.6396E+03  1.0004E+00  1.0041E+00
2.5119E-07  2.3899E+02  5.3648E+03  9.9967E-01  1.0030E+00
3.9811E-07  3.8377E+02  6.5144E+03  9.9850E-01  1.0013E+00
6.3096E-07  6.4095E+02  8.2894E+03  9.9701E-01  9.9956E-01
1.0000E-06  1.0318E+03  1.1095E+04  9.9471E-01  9.9687E-01
1.5849E-06  1.7006E+03  1.5373E+04  9.9155E-01  9.9341E-01
2.5119E-06  2.7246E+03  2.2065E+04  9.8679E-01  9.8835E-01
3.9811E-06  4.4074E+03  3.2110E+04  9.8004E-01  9.8130E-01
6.3096E-06  6.9821E+03  4.7363E+04  9.7026E-01  9.7132E-01
1.0000E-05  1.0932E+04  6.9999E+04  9.5625E-01  9.5706E-01
1.5849E-05  1.6740E+04  1.0112E+05  9.3859E-01  9.3928E-01
2.5119E-05  2.5499E+04  1.5031E+05  9.1067E-01  9.1117E-01
3.9811E-05  3.6213E+04  1.9301E+05  8.8447E-01  8.8491E-01
6.3096E-05  5.2361E+04  2.6069E+05  8.4295E-01  8.4330E-01
1.0000E-04  7.1005E+04  3.3598E+05  8.0066E-01  8.0094E-01
1.5849E-04  9.4341E+04  4.2930E+05  7.5276E-01  7.5300E-01
2.5119E-04  1.2973E+05  5.7377E+05  6.7853E-01  6.7870E-01
3.9811E-04  1.5334E+05  6.4162E+05  6.3927E-01  6.3942E-01
6.3096E-04  1.8994E+05  7.4918E+05  5.7704E-01  5.7717E-01
1.0000E-03  2.3786E+05  8.8460E+05  4.9689E-01  4.9698E-01
1.5849E-03  2.6802E+05  9.2311E+05  4.6228E-01  4.6237E-01
2.5119E-03  3.1477E+05  9.8421E+05  4.0743E-01  4.0750E-01
3.9811E-03  3.7751E+05  1.0621E+06  3.3777E-01  3.3782E-01
6.3096E-03  4.2569E+05  1.0879E+06  3.1428E-01  3.1433E-01
1.0000E-02  4.9254E+05  1.1287E+06  2.7705E-01  2.7709E-01
1.5849E-02  5.7342E+05  1.1854E+06  2.3235E-01  2.3238E-01
2.5119E-02  6.6180E+05  1.2403E+06  2.1851E-01  2.1855E-01
3.9811E-02  7.6303E+05  1.3244E+06  1.9659E-01  1.9662E-01
6.3096E-02  8.7675E+05  1.4189E+06  1.8476E-01  1.8480E-01
1.0000E-01  1.0267E+06  1.5242E+06  1.8418E-01  1.8424E-01
1.5849E-01  1.1547E+06  1.6047E+06  2.0093E-01  2.0103E-01
2.5119E-01  1.2063E+06  1.6047E+06  2.5658E-01  2.5679E-01
3.9811E-01  1.0667E+06  1.4240E+06  4.2190E-01  4.2238E-01
6.3096E-01  7.2768E+05  8.6021E+05  6.7942E-01  6.8140E-01
1.0000E+00  4.1286E+05  4.5881E+05  8.7942E-01  8.8418E-01
1.5849E+00  2.3960E+05  2.5630E+05  9.7433E-01  9.8236E-01
2.5119E+00  1.6188E+05  1.6930E+05  1.0017E+00  1.0166E+00
3.9811E+00  1.1545E+05  1.1877E+05  1.0154E+00  1.0541E+00
6.3096E+00  8.2541E+04  8.3902E+04  1.0341E+00  1.1156E+00
1.0000E+01  5.6159E+04  5.6751E+04  1.0492E+00  1.1667E+00
1.5849E+01  3.7994E+04  3.8240E+04  1.0652E+00  1.2222E+00
2.5119E+01  2.8283E+04  2.8424E+04  1.0751E+00  1.2567E+00
3.9811E+01  2.0444E+04  2.0514E+04  1.0840E+00  1.2882E+00
6.3096E+01  1.3666E+04  1.3700E+04  1.0900E+00  1.3099E+00
1.0000E+02  9.1097E+03  9.1248E+03  1.0950E+00  1.3260E+00
1.5849E+02  6.2983E+03  6.3047E+03  1.0993E+00  1.3399E+00
2.5119E+02  4.3370E+03  4.3400E+03  1.0993E+00  1.3401E+00
3.9811E+02  2.7899E+03  2.7912E+03  1.0994E+00  1.3409E+00
6.3096E+02  2.1161E+03  2.1169E+03  1.0994E+00  1.3415E+00
1.0000E+03  2.1161E+03  2.1169E+03  1.0994E+00  1.3415E+00
1.5849E+03  2.1161E+03  2.1169E+03  1.0994E+00  1.3415E+00
2.5119E+03  2.1161E+03  2.1169E+03  1.0994E+00  1.3415E+00
3.9811E+03  2.1161E+03  2.1169E+03  1.0994E+00  1.3415E+00
6.3096E+03  2.1161E+03  2.1169E+03  1.0994E+00  1.3415E+00
1.0000E+04  2.1161E+03  2.1169E+03  1.0994E+00  1.3415E+00
Rosseland and Planck opacities and free electrons
Density     Ross opa    Planck opa  No. Free    Av Sq Free  T=  3.5000E-03
1.0000E-10  6.1625E-01  4.3473E+02  1.0935E+00  1.2854E+00
1.5849E-10  7.0378E-01  4.5061E+02  1.0927E+00  1.2825E+00
2.5119E-10  8.2751E-01  4.6701E+02  1.0915E+00  1.2787E+00
3.9811E-10  1.0036E+00  4.9250E+02  1.0896E+00  1.2728E+00
6.3096E-10  1.2589E+00  5.2472E+02  1.0870E+00  1.2648E+00
1.0000E-09  1.6290E+00  5.7284E+02  1.0831E+00  1.2527E+00
1.5849E-09  2.1802E+00  6.3501E+02  1.0781E+00  1.2373E+00
2.5119E-09  2.9949E+00  7.2118E+02  1.0711E+00  1.2163E+00
3.9811E-09  4.2274E+00  8.3358E+02  1.0625E+00  1.1902E+00
6.3096E-09  6.0652E+00  9.6301E+02  1.0538E+00  1.1638E+00
1.0000E-08  8.8432E+00  1.1471E+03  1.0418E+00  1.1275E+00
1.5849E-08  1.3115E+01  1.3065E+03  1.0346E+00  1.1060E+00
2.5119E-08  1.9647E+01  1.5592E+03  1.0233E+00  1.0718E+00
3.9811E-08  3.0201E+01  1.7610E+03  1.0188E+00  1.0583E+00
6.3096E-08  4.6204E+01  2.0689E+03  1.0125E+00  1.0394E+00
1.0000E-07  7.2721E+01  2.3687E+03  1.0091E+00  1.0291E+00
1.5849E-07  1.1333E+02  2.7679E+03  1.0062E+00  1.0207E+00
2.5119E-07  1.8161E+02  3.2472E+03  1.0039E+00  1.0143E+00
3.9811E-07  2.8932E+02  3.8625E+03  1.0025E+00  1.0107E+00
6.3096E-07  4.6890E+02  4.7397E+03  1.0008E+00  1.0068E+00
1.0000E-06  7.6159E+02  5.9390E+03  9.9951E-01  1.0046E+00
1.5849E-06  1.2325E+03  7.8315E+03  9.9760E-01  1.0015E+00
2.5119E-06  2.0206E+03  1.0793E+04  9.9543E-01  9.9888E-01
3.9811E-06  3.2271E+03  1.5474E+04  9.9204E-01  9.9475E-01
6.3096E-06  5.2581E+03  2.2363E+04  9.8777E-01  9.9017E-01
1.0000E-05  8.2937E+03  3.3282E+04  9.8101E-01  9.8291E-01
1.5849E-05  1.3030E+04  4.8226E+04  9.7234E-01  9.7394E-01
2.5119E-05  2.0063E+04  7.1313E+04  9.5909E-01  9.6037E-01
3.9811E-05  3.0076E+04  9.9598E+04  9.4207E-01  9.4309E-01
6.3096E-05  4.4354E+04  1.3741E+05  9.1842E-01  9.1926E-01
1.0000E-04  6.4007E+04  1.8966E+05  8.8654E-01  8.8716E-01
1.5849E-04  8.6919E+04  2.4873E+05  8.5331E-01  8.5383E-01
2.5119E-04  1.2234E+05  3.4236E+05  8.0063E-01  8.0102E-01
3.9811E-04  1.5282E+05  4.1319E+05  7.5818E-01  7.5851E-01
6.3096E-04  1.9486E+05  5.0888E+05  6.9968E-01  6.9994E-01
1.0000E-03  2.5098E+05  6.3472E+05  6.2192E-01  6.2211E-01
1.5849E-03  2.8619E+05  6.8746E+05  5.8332E-01  5.8349E-01
2.5119E-03  3.4049E+05  7.7118E+05  5.2213E-01  5.2227E-01
3.9811E-03  4.0202E+05  8.6005E+05  4.5816E-01  4.5826E-01
6.3096E-03  4.5040E+05  9.1093E+05  4.2399E-01  4.2408E-01
1.0000E-02  5.1777E+05  9.9181E+05  3.6983E-01  3.6991E-01
1.5849E-02  5.8827E+05  1.0751E+06  3.2215E-01  3.2222E-01
2.5119E-02  6.5731E+05  1.1427E+06  2.9938E-01  2.9945E-01
3.9811E-02  7.3957E+05  1.2486E+06  2.6330E-01  2.6336E-01
6.3096E-02  8.2340E+05  1.3351E+06  2.5062E-01  2.5070E-01
1.0000E-01  9.1503E+05  1.4332E+06  2.4473E-01  2.4484E-01
1.5849E-01  9.7397E+05  1.4920E+06  2.6307E-01  2.6324E-01
2.5119E-01  9.7408E+05  1.4704E+06  3.2274E-01  3.2302E-01
3.9811E-01  8.5920E+05  1.2408E+06  4.7936E-01  4.8002E-01
6.3096E-01  6.2384E+05  7.7902E+05  7.0752E-01  7.0969E-01
1.0000E+00  3.7460E+05  4.3211E+05  8.9241E-01  8.9749E-01
1.5849E+00  2.1957E+05  2.4118E+05  9.8327E-01  9.9220E-01
2.5119E+00  1.5317E+05  1.6258E+05  1.0023E+00  1.0185E+00
3.9811E+00  1.1185E+05  1.1628E+05  1.0179E+00  1.0619E+00
6.3096E+00  8.0075E+04  8.1902E+04  1.0358E+00  1.1211E+00
1.0000E+01  5.6174E+04  5.6957E+04  1.0536E+00  1.1811E+00
1.5849E+01  3.7647E+04  3.7983E+04  1.0648E+00  1.2202E+00
2.5119E+01  2.6892E+04  2.7050E+04  1.0770E+00  1.2632E+00
3.9811E+01  2.0036E+04  2.0125E+04  1.0850E+00  1.2913E+00
6.3096E+01  1.3936E+04  1.3981E+04  1.0898E+00  1.3090E+00
1.0000E+02  9.2074E+03  9.2280E+03  1.0940E+00  1.3234E+00
1.5849E+02  6.1635E+03  6.1725E+03  1.0987E+00  1.3380E+00
2.5119E+02  4.2837E+03  4.2876E+03  1.0993E+00  1.3401E+00
3.9811E+02  2.8460E+03  2.8478E+03  1.0994E+00  1.3410E+00
6.3096E+02  1.8236E+03  1.8244E+03  1.0995E+00  1.3428E+00
1.0000E+03  1.7477E+03  1.7484E+03  1.0995E+00  1.3430E+00
1.5849E+03  1.7477E+03  1.7484E+03  1.0995E+00  1.3430E+00
2.5119E+03  1.7477E+03  1.7484E+03  1.0995E+00  1.3430E+00
3.9811E+03  1.7477E+03  1.7484E+03  1.0995E+00  1.3430E+00
6.3096E+03  1.7477E+03  1.7484E+03  1.0995E+00  1.3430E+00
1.0000E+04  1.7477E+03  1.7484E+03  1.0995E+00  1.3430E+00
Rosseland and Planck opacities and free electrons
Density     Ross opa    Planck opa  No. Free    Av Sq Free  T=  4.0000E-03
1.0000E-10  5.5196E-01  5.9302E+02  1.0952E+00  1.2928E+00
1.5849E-10  6.1182E-01  6.8663E+02  1.0950E+00  1.2917E+00
2.5119E-10  6.9659E-01  7.7549E+02  1.0948E+00  1.2906E+00
3.9811E-10  8.1896E-01  8.4848E+02  1.0945E+00  1.2892E+00
6.3096E-10  9.9648E-01  9.3424E+02  1.0940E+00  1.2874E+00
1.0000E-09  1.2563E+00  1.0005E+03  1.0934E+00  1.2852E+00
1.5849E-09  1.6426E+00  1.0959E+03  1.0924E+00  1.2819E+00
2.5119E-09  2.2313E+00  1.1901E+03  1.0910E+00  1.2775E+00
3.9811E-09  3.1192E+00  1.3393E+03  1.0888E+00  1.2705E+00
6.3096E-09  4.5547E+00  1.5047E+03  1.0859E+00  1.2617E+00
1.0000E-08  6.7430E+00  1.7668E+03  1.0814E+00  1.2477E+00
1.5849E-08  1.0310E+01  2.0604E+03  1.0760E+00  1.2314E+00
2.5119E-08  1.5796E+01  2.4899E+03  1.0681E+00  1.2074E+00
3.9811E-08  2.4584E+01  2.9390E+03  1.0598E+00  1.1822E+00
6.3096E-08  3.8130E+01  3.4608E+03  1.0500E+00  1.1528E+00
1.0000E-07  5.9426E+01  4.0461E+03  1.0392E+00  1.1202E+00
1.5849E-07  9.2407E+01  4.4909E+03  1.0314E+00  1.0966E+00
2.5119E-07  1.4389E+02  5.1132E+03  1.0209E+00  1.0654E+00
3.9811E-07  2.2621E+02  5.6023E+03  1.0165E+00  1.0524E+00
6.3096E-07  3.5202E+02  6.3774E+03  1.0095E+00  1.0318E+00
1.0000E-06  5.6608E+02  7.0563E+03  1.0070E+00  1.0253E+00
1.5849E-06  8.9141E+02  8.1154E+03  1.0034E+00  1.0158E+00
2.5119E-06  1.4433E+03  9.5529E+03  1.0009E+00  1.0105E+00
3.9811E-06  2.2901E+03  1.1751E+04  9.9817E-01  1.0053E+00
6.3096E-06  3.6754E+03  1.5088E+04  9.9504E-01  1.0005E+00
1.0000E-05  5.8052E+03  2.0258E+04  9.9111E-01  9.9550E-01
1.5849E-05  9.0633E+03  2.7602E+04  9.8564E-01  9.8901E-01
2.5119E-05  1.3923E+04  3.7734E+04  9.7833E-01  9.8115E-01
3.9811E-05  2.1273E+04  5.3272E+04  9.6752E-01  9.6963E-01
6.3096E-05  3.1633E+04  7.5318E+04  9.5421E-01  9.5601E-01
1.0000E-04  4.7329E+04  1.1026E+05  9.3311E-01  9.3441E-01
1.5849E-04  6.5365E+04  1.4693E+05  9.1057E-01  9.1168E-01
2.5119E-04  9.2913E+04  2.0369E+05  8.7563E-01  8.7648E-01
3.9811E-04  1.2284E+05  2.6263E+05  8.3826E-01  8.3892E-01
6.3096E-04  1.5817E+05  3.2908E+05  7.9467E-01  7.9522E-01
1.0000E-03  2.0977E+05  4.2712E+05  7.3023E-01  7.3061E-01
1.5849E-03  2.4380E+05  4.8363E+05  6.9067E-01  6.9100E-01
2.5119E-03  2.9625E+05  5.7323E+05  6.2796E-01  6.2823E-01
3.9811E-03  3.5397E+05  6.7036E+05  5.6136E-01  5.6156E-01
6.3096E-03  3.9659E+05  7.3407E+05  5.2122E-01  5.2140E-01
1.0000E-02  4.5790E+05  8.3532E+05  4.5761E-01  4.5776E-01
1.5849E-02  5.1440E+05  9.2634E+05  4.0730E-01  4.0742E-01
2.5119E-02  5.6526E+05  1.0011E+06  3.7717E-01  3.7729E-01
3.9811E-02  6.3210E+05  1.1192E+06  3.2942E-01  3.2953E-01
6.3096E-02  6.8374E+05  1.1947E+06  3.1597E-01  3.1610E-01
1.0000E-01  7.3887E+05  1.2853E+06  3.0527E-01  3.0543E-01
1.5849E-01  7.6768E+05  1.3279E+06  3.2398E-01  3.2421E-01
2.5119E-01  7.6052E+05  1.2940E+06  3.8367E-01  3.8404E-01
3.9811E-01  6.8319E+05  1.0596E+06  5.2887E-01  5.2970E-01
6.3096E-01  5.2238E+05  6.9048E+05  7.4295E-01  7.4545E-01
1.0000E+00  3.2036E+05  3.8425E+05  9.1795E-01  9.2348E-01
1.5849E+00  2.1326E+05  2.4052E+05  9.7270E-01  9.8223E-01
2.5119E+00  1.4708E+05  1.5943E+05  1.0032E+00  1.0246E+00
3.9811E+00  1.0742E+05  1.1289E+05  1.0195E+00  1.0672E+00
6.3096E+00  7.8345E+04  8.0691E+04  1.0379E+00  1.1277E+00
1.0000E+01  5.5224E+04  5.6169E+04  1.0550E+00  1.1855E+00
1.5849E+01  3.7465E+04  3.7914E+04  1.0666E+00  1.2268E+00
2.5119E+01  2.5109E+04  2.5291E+04  1.0788E+00  1.2688E+00
3.9811E+01  1.9283E+04  1.9395E+04  1.0849E+00  1.2905E+00
6.3096E+01  1.3999E+04  1.4055E+04  1.0905E+00  1.3109E+00
1.0000E+02  9.2981E+03  9.3252E+03  1.0941E+00  1.3240E+00
1.5849E+02  6.2077E+03  6.2195E+03  1.0971E+00  1.3331E+00
2.5119E+02  4.1997E+03  4.2046E+03  1.0993E+00  1.3402E+00
3.9811E+02  2.9004E+03  2.9027E+03  1.0994E+00  1.3410E+00
6.3096E+02  1.8376E+03  1.8386E+03  1.0995E+00  1.3429E+00
1.0000E+03  1.4627E+03  1.4634E+03  1.0996E+00  1.3443E+00
1.5849E+03  1.4627E+03  1.4634E+03  1.0996E+00  1.3443E+00
2.5119E+03  1.4627E+03  1.4634E+03  1.0996E+00  1.3443E+00
3.9811E+03  1.4627E+03  1.4634E+03  1.0996E+00  1.3443E+00
6.3096E+03  1.4627E+03  1.4634E+03  1.0996E+00  1.3443E+00
1.0000E+04  1.4627E+03  1.4634E+03  1.0996E+00  1.3443E+00
Rosseland and Planck opacities and free electrons
Density     Ross opa    Planck opa  No. Free    Av Sq Free  T=  5.0000E-03
1.0000E-10  4.8634E-01  1.5911E+02  1.0962E+00  1.2994E+00
1.5849E-10  5.1772E-01  1.6968E+02  1.0961E+00  1.2989E+00
2.5119E-10  5.6050E-01  1.8579E+02  1.0960E+00  1.2981E+00
3.9811E-10  6.2041E-01  2.0142E+02  1.0959E+00  1.2975E+00
6.3096E-10  7.0529E-01  2.2309E+02  1.0958E+00  1.2968E+00
1.0000E-09  8.2802E-01  2.4943E+02  1.0957E+00  1.2962E+00
1.5849E-09  1.0068E+00  2.8525E+02  1.0956E+00  1.2954E+00
2.5119E-09  1.2731E+00  3.3157E+02  1.0954E+00  1.2945E+00
3.9811E-09  1.6740E+00  3.8925E+02  1.0952E+00  1.2935E+00
6.3096E-09  2.2839E+00  4.6761E+02  1.0949E+00  1.2921E+00
1.0000E-08  3.2305E+00  5.5007E+02  1.0945E+00  1.2905E+00
1.5849E-08  4.6851E+00  6.7383E+02  1.0940E+00  1.2882E+00
2.5119E-08  7.0357E+00  7.9902E+02  1.0932E+00  1.2856E+00
3.9811E-08  1.0607E+01  9.9743E+02  1.0920E+00  1.2815E+00
6.3096E-08  1.6598E+01  1.2323E+03  1.0904E+00  1.2763E+00
1.0000E-07  2.5778E+01  1.5977E+03  1.0879E+00  1.2683E+00
1.5849E-07  4.1217E+01  2.0652E+03  1.0845E+00  1.2580E+00
2.5119E-07  6.5313E+01  2.7604E+03  1.0795E+00  1.2427E+00
3.9811E-07  1.0517E+02  3.6620E+03  1.0733E+00  1.2241E+00
6.3096E-07  1.6840E+02  4.8935E+03  1.0653E+00  1.2000E+00
1.0000E-06  2.6884E+02  6.4402E+03  1.0554E+00  1.1705E+00
1.5849E-06  4.2860E+02  7.9456E+03  1.0464E+00  1.1440E+00
2.5119E-06  6.7599E+02  1.0109E+04  1.0338E+00  1.1068E+00
3.9811E-06  1.0658E+03  1.1674E+04  1.0269E+00  1.0874E+00
6.3096E-06  1.6646E+03  1.4153E+04  1.0161E+00  1.0566E+00
1.0000E-05  2.5889E+03  1.6353E+04  1.0107E+00  1.0432E+00
1.5849E-05  4.0069E+03  1.9646E+04  1.0035E+00  1.0258E+00
2.5119E-05  6.1221E+03  2.3586E+04  9.9764E-01  1.0140E+00
3.9811E-05  9.3000E+03  2.9193E+04  9.9109E-01  1.0031E+00
6.3096E-05  1.3898E+04  3.7335E+04  9.8327E-01  9.9166E-01
1.0000E-04  2.0556E+04  4.9351E+04  9.7389E-01  9.8047E-01
1.5849E-04  2.9989E+04  6.6451E+04  9.6069E-01  9.6520E-01
2.5119E-04  4.2204E+04  8.7619E+04  9.4483E-01  9.4854E-01
3.9811E-04  6.0921E+04  1.2079E+05  9.1998E-01  9.2245E-01
6.3096E-04  7.9713E+04  1.5196E+05  8.9647E-01  8.9860E-01
1.0000E-03  1.0866E+05  2.0135E+05  8.5922E-01  8.6078E-01
1.5849E-03  1.3731E+05  2.5169E+05  8.2189E-01  8.2309E-01
2.5119E-03  1.7108E+05  3.1346E+05  7.7670E-01  7.7767E-01
3.9811E-03  2.1597E+05  4.0031E+05  7.1364E-01  7.1431E-01
6.3096E-03  2.4480E+05  4.5981E+05  6.7398E-01  6.7457E-01
1.0000E-02  2.8778E+05  5.5414E+05  6.1111E-01  6.1158E-01
1.5849E-02  3.2808E+05  6.4759E+05  5.5297E-01  5.5334E-01
2.5119E-02  3.5784E+05  7.2030E+05  5.1607E-01  5.1641E-01
3.9811E-02  4.0060E+05  8.3539E+05  4.5760E-01  4.5789E-01
6.3096E-02  4.2539E+05  9.0299E+05  4.3843E-01  4.3872E-01
1.0000E-01  4.5287E+05  9.8184E+05  4.2199E-01  4.2230E-01
1.5849E-01  4.7015E+05  1.0182E+06  4.3740E-01  4.3779E-01
2.5119E-01  4.7574E+05  9.9153E+05  4.9118E-01  4.9175E-01
3.9811E-01  4.5190E+05  8.0474E+05  6.1434E-01  6.1552E-01
6.3096E-01  3.7718E+05  5.6577E+05  7.7874E-01  7.8172E-01
1.0000E+00  2.6901E+05  3.5498E+05  9.0412E-01  9.1055E-01
1.5849E+00  1.8122E+05  2.1692E+05  9.8158E-01  9.9401E-01
2.5119E+00  1.3068E+05  1.4776E+05  1.0082E+00  1.0322E+00
3.9811E+00  9.9589E+04  1.0769E+05  1.0231E+00  1.0789E+00
6.3096E+00  7.4708E+04  7.8380E+04  1.0410E+00  1.1376E+00
1.0000E+01  5.2745E+04  5.4153E+04  1.0576E+00  1.1936E+00
1.5849E+01  3.6925E+04  3.7559E+04  1.0711E+00  1.2410E+00
2.5119E+01  2.4705E+04  2.4999E+04  1.0787E+00  1.2678E+00
3.9811E+01  1.7168E+04  1.7290E+04  1.0870E+00  1.2973E+00
6.3096E+01  1.3437E+04  1.3517E+04  1.0912E+00  1.3131E+00
1.0000E+02  9.6015E+03  9.6424E+03  1.0959E+00  1.3288E+00
1.5849E+02  6.3627E+03  6.3814E+03  1.0993E+00  1.3398E+00
2.5119E+02  4.2466E+03  4.2548E+03  1.0993E+00  1.3400E+00
3.9811E+02  2.8319E+03  2.8353E+03  1.0994E+00  1.3408E+00
6.3096E+02  1.9253E+03  1.9269E+03  1.0995E+00  1.3430E+00
1.0000E+03  1.2314E+03  1.2320E+03  1.1000E+00  1.3478E+00
1.5849E+03  1.1212E+03  1.1218E+03  1.1001E+00  1.3493E+00
2.5119E+03  1.1212E+03  1.1218E+03  1.1001E+00  1.3493E+00
3.9811E+03  1.1212E+03  1.1218E+03  1.1001E+00  1.3493E+00
6.3096E+03  1.1212E+03  1.1218E+03  1.1001E+00  1.3493E+00
1.0000E+04  1.1212E+03  1.1218E+03  1.1001E+00  1.3493E+00
Rosseland and Planck opacities and free electrons
Density     Ross opa    Planck opa  No. Free    Av Sq Free  T=  6.0000E-03
1.0000E-10  4.6018E-01  2.7751E+02  1.0970E+00  1.3067E+00
1.5849E-10  4.8220E-01  2.8868E+02  1.0969E+00  1.3059E+00
2.5119E-10  5.0934E-01  2.8899E+02  1.0968E+00  1.3053E+00
3.9811E-10  5.4531E-01  2.8789E+02  1.0967E+00  1.3044E+00
6.3096E-10  5.9599E-01  2.7842E+02  1.0967E+00  1.3037E+00
1.0000E-09  6.6587E-01  2.6380E+02  1.0965E+00  1.3025E+00
1.5849E-09  7.6734E-01  2.5348E+02  1.0964E+00  1.3017E+00
2.5119E-09  9.1103E-01  2.3712E+02  1.0963E+00  1.3004E+00
3.9811E-09  1.1215E+00  2.3219E+02  1.0962E+00  1.2996E+00
6.3096E-09  1.4264E+00  2.2852E+02  1.0960E+00  1.2986E+00
1.0000E-08  1.8846E+00  2.3452E+02  1.0959E+00  1.2977E+00
1.5849E-08  2.5660E+00  2.5063E+02  1.0957E+00  1.2967E+00
2.5119E-08  3.6205E+00  2.7921E+02  1.0955E+00  1.2957E+00
3.9811E-08  5.2416E+00  3.2805E+02  1.0953E+00  1.2945E+00
6.3096E-08  7.7985E+00  4.0287E+02  1.0949E+00  1.2929E+00
1.0000E-07  1.1878E+01  5.1533E+02  1.0944E+00  1.2911E+00
1.5849E-07  1.8270E+01  6.8782E+02  1.0937E+00  1.2883E+00
2.5119E-07  2.8885E+01  9.2649E+02  1.0927E+00  1.2851E+00
3.9811E-07  4.5063E+01  1.3047E+03  1.0912E+00  1.2799E+00
6.3096E-07  7.3090E+01  1.8234E+03  1.0892E+00  1.2738E+00
1.0000E-06  1.1569E+02  2.6449E+03  1.0861E+00  1.2640E+00
1.5849E-06  1.8772E+02  3.6840E+03  1.0821E+00  1.2521E+00
2.5119E-06  2.9884E+02  5.2551E+03  1.0761E+00  1.2343E+00
3.9811E-06  4.7966E+02  7.2022E+03  1.0691E+00  1.2138E+00
6.3096E-06  7.6261E+02  9.8641E+03  1.0601E+00  1.1875E+00
1.0000E-05  1.2038E+03  1.3152E+04  1.0495E+00  1.1570E+00
1.5849E-05  1.8914E+03  1.6627E+04  1.0397E+00  1.1298E+00
2.5119E-05  2.9441E+03  2.1469E+04  1.0265E+00  1.0932E+00
3.9811E-05  4.5034E+03  2.5315E+04  1.0184E+00  1.0733E+00
6.3096E-05  6.8982E+03  3.1410E+04  1.0056E+00  1.0418E+00
1.0000E-04  1.0145E+04  3.7142E+04  9.9793E-01  1.0275E+00
1.5849E-04  1.5093E+04  4.6023E+04  9.8638E-01  1.0066E+00
2.5119E-04  2.1514E+04  5.6447E+04  9.7514E-01  9.9018E-01
3.9811E-04  3.0828E+04  7.1356E+04  9.6043E-01  9.7148E-01
6.3096E-04  4.2661E+04  8.9921E+04  9.4268E-01  9.5034E-01
1.0000E-03  5.7611E+04  1.1288E+05  9.2164E-01  9.2766E-01
1.5849E-03  7.7680E+04  1.4609E+05  8.9181E-01  8.9576E-01
2.5119E-03  9.7508E+04  1.8282E+05  8.6209E-01  8.6540E-01
3.9811E-03  1.2638E+05  2.4102E+05  8.1500E-01  8.1729E-01
6.3096E-03  1.4844E+05  2.9158E+05  7.7595E-01  7.7778E-01
1.0000E-02  1.7479E+05  3.5858E+05  7.2520E-01  7.2666E-01
1.5849E-02  2.0520E+05  4.4379E+05  6.6239E-01  6.6342E-01
2.5119E-02  2.2335E+05  5.0184E+05  6.2733E-01  6.2824E-01
3.9811E-02  2.4954E+05  5.9317E+05  5.7175E-01  5.7248E-01
6.3096E-02  2.6732E+05  6.5902E+05  5.4368E-01  5.4433E-01
1.0000E-01  2.8437E+05  7.2225E+05  5.2732E-01  5.2796E-01
1.5849E-01  2.9893E+05  7.6056E+05  5.3599E-01  5.3671E-01
2.5119E-01  3.0981E+05  7.4781E+05  5.8260E-01  5.8354E-01
3.9811E-01  3.0584E+05  6.2086E+05  6.8391E-01  6.8576E-01
6.3096E-01  2.7339E+05  4.6249E+05  8.1803E-01  8.2166E-01
1.0000E+00  2.1030E+05  3.0246E+05  9.3024E-01  9.3784E-01
1.5849E+00  1.5398E+05  1.9652E+05  9.8476E-01  9.9898E-01
2.5119E+00  1.1934E+05  1.4066E+05  1.0082E+00  1.0400E+00
3.9811E+00  9.1766E+04  1.0226E+05  1.0255E+00  1.0863E+00
6.3096E+00  6.9742E+04  7.4724E+04  1.0435E+00  1.1456E+00
1.0000E+01  5.0805E+04  5.2955E+04  1.0595E+00  1.2001E+00
1.5849E+01  3.5210E+04  3.6025E+04  1.0727E+00  1.2456E+00
2.5119E+01  2.4362E+04  2.4770E+04  1.0813E+00  1.2759E+00
3.9811E+01  1.6263E+04  1.6435E+04  1.0873E+00  1.2980E+00
6.3096E+01  1.2162E+04  1.2239E+04  1.0918E+00  1.3147E+00
1.0000E+02  9.4440E+03  9.4985E+03  1.0952E+00  1.3272E+00
1.5849E+02  6.5013E+03  6.5284E+03  1.0985E+00  1.3372E+00
2.5119E+02  4.2955E+03  4.3072E+03  1.0993E+00  1.3402E+00
3.9811E+02  2.8673E+03  2.8724E+03  1.0994E+00  1.3411E+00
6.3096E+02  1.9420E+03  1.9442E+03  1.0995E+00  1.3430E+00
1.0000E+03  1.2638E+03  1.2647E+03  1.0998E+00  1.3464E+00
1.5849E+03  8.7489E+02  8.7536E+02  1.1002E+00  1.3508E+00
2.5119E+03  8.7489E+02  8.7536E+02  1.1002E+00  1.3508E+00
3.9811E+03  8.7489E+02  8.7536E+02  1.1002E+00  1.3508E+00
6.3096E+03  8.7489E+02  8.7536E+02  1.1002E+00  1.3508E+00
1.0000E+04  8.7489E+02  8.7536E+02  1.1002E+00  1.3508E+00
Rosseland and Planck opacities and free electrons
Density     Ross opa    Planck opa  No. Free    Av Sq Free  T=  7.0000E-03
1.0000E-10  4.5561E-01  3.5210E+02  1.0977E+00  1.3139E+00
1.5849E-10  4.7284E-01  4.1790E+02  1.0975E+00  1.3126E+00
2.5119E-10  4.9433E-01  4.5855E+02  1.0975E+00  1.3116E+00
3.9811E-10  5.2155E-01  5.1197E+02  1.0973E+00  1.3103E+00
6.3096E-10  5.5774E-01  5.4322E+02  1.0972E+00  1.3093E+00
1.0000E-09  6.0634E-01  5.6491E+02  1.0971E+00  1.3083E+00
1.5849E-09  6.7249E-01  5.7588E+02  1.0970E+00  1.3073E+00
2.5119E-09  7.6483E-01  5.6765E+02  1.0970E+00  1.3065E+00
3.9811E-09  8.9462E-01  5.5291E+02  1.0968E+00  1.3056E+00
6.3096E-09  1.0821E+00  5.2583E+02  1.0967E+00  1.3047E+00
1.0000E-08  1.3527E+00  4.8815E+02  1.0966E+00  1.3036E+00
1.5849E-08  1.7578E+00  4.5661E+02  1.0965E+00  1.3027E+00
2.5119E-08  2.3532E+00  4.0757E+02  1.0963E+00  1.3012E+00
3.9811E-08  3.2814E+00  3.9340E+02  1.0962E+00  1.3003E+00
6.3096E-08  4.6619E+00  3.7093E+02  1.0960E+00  1.2989E+00
1.0000E-07  6.8729E+00  3.8702E+02  1.0958E+00  1.2978E+00
1.5849E-07  1.0213E+01  4.2426E+02  1.0955E+00  1.2963E+00
2.5119E-07  1.5710E+01  5.0406E+02  1.0951E+00  1.2948E+00
3.9811E-07  2.4208E+01  6.4316E+02  1.0946E+00  1.2929E+00
6.3096E-07  3.8280E+01  8.6934E+02  1.0940E+00  1.2904E+00
1.0000E-06  6.0688E+01  1.2350E+03  1.0930E+00  1.2872E+00
1.5849E-06  9.6851E+01  1.7896E+03  1.0916E+00  1.2825E+00
2.5119E-06  1.5587E+02  2.6027E+03  1.0896E+00  1.2765E+00
3.9811E-06  2.4781E+02  3.8430E+03  1.0866E+00  1.2674E+00
6.3096E-06  3.9988E+02  5.4408E+03  1.0829E+00  1.2564E+00
1.0000E-05  6.3110E+02  7.9731E+03  1.0769E+00  1.2389E+00
1.5849E-05  1.0108E+03  1.0601E+04  1.0705E+00  1.2210E+00
2.5119E-05  1.5927E+03  1.4677E+04  1.0607E+00  1.1934E+00
3.9811E-05  2.4962E+03  1.8816E+04  1.0514E+00  1.1679E+00
6.3096E-05  3.8818E+03  2.4354E+04  1.0394E+00  1.1357E+00
1.0000E-04  5.9022E+03  3.0522E+04  1.0269E+00  1.1040E+00
1.5849E-04  8.8562E+03  3.7194E+04  1.0152E+00  1.0768E+00
2.5119E-04  1.3098E+04  4.6081E+04  1.0003E+00  1.0438E+00
3.9811E-04  1.8687E+04  5.4735E+04  9.8870E-01  1.0238E+00
6.3096E-04  2.6961E+04  6.8118E+04  9.7087E-01  9.9321E-01
1.0000E-03  3.6143E+04  7.9934E+04  9.5694E-01  9.7551E-01
1.5849E-03  4.9428E+04  9.8659E+04  9.3486E-01  9.4746E-01
2.5119E-03  6.2896E+04  1.2168E+05  9.1185E-01  9.2146E-01
3.9811E-03  8.0071E+04  1.5573E+05  8.7970E-01  8.8690E-01
6.3096E-03  9.7962E+04  1.9678E+05  8.4177E-01  8.4675E-01
1.0000E-02  1.1397E+05  2.4029E+05  8.0330E-01  8.0737E-01
1.5849E-02  1.3603E+05  3.0912E+05  7.4232E-01  7.4496E-01
2.5119E-02  1.4764E+05  3.5242E+05  7.1159E-01  7.1388E-01
3.9811E-02  1.6357E+05  4.1830E+05  6.6503E-01  6.6683E-01
6.3096E-02  1.7732E+05  4.7977E+05  6.2974E-01  6.3117E-01
1.0000E-01  1.8840E+05  5.2756E+05  6.1682E-01  6.1813E-01
1.5849E-01  2.0004E+05  5.6712E+05  6.1846E-01  6.1977E-01
2.5119E-01  2.0953E+05  5.6219E+05  6.6130E-01  6.6291E-01
3.9811E-01  2.1233E+05  4.8133E+05  7.3910E-01  7.4166E-01
6.3096E-01  1.9984E+05  3.7870E+05  8.4327E-01  8.4796E-01
1.0000E+00  1.6668E+05  2.6183E+05  9.3973E-01  9.4866E-01
1.5849E+00  1.3373E+05  1.8269E+05  9.8406E-01  1.0019E+00
2.5119E+00  1.0557E+05  1.3050E+05  1.0122E+00  1.0475E+00
3.9811E+00  8.4721E+04  9.7909E+04  1.0288E+00  1.0972E+00
6.3096E+00  6.5398E+04  7.1729E+04  1.0448E+00  1.1500E+00
1.0000E+01  4.8828E+04  5.1650E+04  1.0611E+00  1.2055E+00
1.5849E+01  3.3822E+04  3.4853E+04  1.0743E+00  1.2503E+00
2.5119E+01  2.3753E+04  2.4272E+04  1.0832E+00  1.2814E+00
3.9811E+01  1.5947E+04  1.6182E+04  1.0879E+00  1.2991E+00
6.3096E+01  1.1015E+04  1.1112E+04  1.0931E+00  1.3194E+00
1.0000E+02  8.9165E+03  8.9720E+03  1.0972E+00  1.3328E+00
1.5849E+02  6.5210E+03  6.5562E+03  1.0993E+00  1.3397E+00
2.5119E+02  4.3627E+03  4.3790E+03  1.0993E+00  1.3401E+00
3.9811E+02  2.9065E+03  2.9135E+03  1.0994E+00  1.3408E+00
6.3096E+02  1.9302E+03  1.9331E+03  1.0995E+00  1.3427E+00
1.0000E+03  1.2890E+03  1.2903E+03  1.0998E+00  1.3459E+00
1.5849E+03  8.3736E+02  8.3793E+02  1.1002E+00  1.3507E+00
2.5119E+03  7.2756E+02  7.2799E+02  1.1004E+00  1.3529E+00
3.9811E+03  7.2756E+02  7.2799E+02  1.1004E+00  1.3529E+00
6.3096E+03  7.2756E+02  7.2799E+02  1.1004E+00  1.3529E+00
1.0000E+04  7.2756E+02  7.2799E+02  1.1004E+00  1.3529E+00
Rosseland and Planck opacities and free electrons
Density     Ross opa    Planck opa  No. Free    Av Sq Free  T=  8.0000E-03
1.0000E-10  4.6684E-01  7.7369E+01  1.0981E+00  1.3182E+00
1.5849E-10  4.7824E-01  7.8198E+01  1.0980E+00  1.3178E+00
2.5119E-10  4.9323E-01  7.9141E+01  1.0980E+00  1.3172E+00
3.9811E-10  5.1638E-01  8.0051E+01  1.0979E+00  1.3165E+00
6.3096E-10  5.4516E-01  8.1272E+01  1.0978E+00  1.3156E+00
1.0000E-09  5.8265E-01  8.2467E+01  1.0977E+00  1.3147E+00
1.5849E-09  6.3161E-01  8.4306E+01  1.0976E+00  1.3134E+00
2.5119E-09  7.0123E-01  8.6603E+01  1.0975E+00  1.3124E+00
3.9811E-09  7.9517E-01  9.0243E+01  1.0974E+00  1.3109E+00
6.3096E-09  9.2972E-01  9.5646E+01  1.0973E+00  1.3099E+00
1.0000E-08  1.1186E+00  1.0417E+02  1.0971E+00  1.3086E+00
1.5849E-08  1.3938E+00  1.1637E+02  1.0970E+00  1.3076E+00
2.5119E-08  1.7929E+00  1.3516E+02  1.0969E+00  1.3065E+00
3.9811E-08  2.3890E+00  1.6016E+02  1.0968E+00  1.3055E+00
6.3096E-08  3.2795E+00  1.9549E+02  1.0966E+00  1.3044E+00
1.0000E-07  4.6546E+00  2.4305E+02  1.0965E+00  1.3031E+00
1.5849E-07  6.7843E+00  3.0327E+02  1.0963E+00  1.3019E+00
2.5119E-07  1.0098E+01  3.9013E+02  1.0960E+00  1.3002E+00
3.9811E-07  1.5404E+01  4.9352E+02  1.0958E+00  1.2989E+00
6.3096E-07  2.3544E+01  6.5477E+02  1.0954E+00  1.2969E+00
1.0000E-06  3.7388E+01  8.6469E+02  1.0949E+00  1.2953E+00
1.5849E-06  5.8237E+01  1.1974E+03  1.0943E+00  1.2927E+00
2.5119E-06  9.4495E+01  1.6341E+03  1.0934E+00  1.2899E+00
3.9811E-06  1.4954E+02  2.3129E+03  1.0921E+00  1.2857E+00
6.3096E-06  2.4263E+02  3.1877E+03  1.0904E+00  1.2804E+00
1.0000E-05  3.8627E+02  4.4748E+03  1.0878E+00  1.2727E+00
1.5849E-05  6.1909E+02  6.1609E+03  1.0842E+00  1.2625E+00
2.5119E-05  9.8380E+02  8.4456E+03  1.0793E+00  1.2487E+00
3.9811E-05  1.5551E+03  1.1623E+04  1.0726E+00  1.2301E+00
6.3096E-05  2.4483E+03  1.5573E+04  1.0647E+00  1.2088E+00
1.0000E-04  3.8072E+03  2.1410E+04  1.0532E+00  1.1778E+00
1.5849E-04  5.7863E+03  2.6982E+04  1.0431E+00  1.1529E+00
2.5119E-04  8.7914E+03  3.5814E+04  1.0272E+00  1.1134E+00
3.9811E-04  1.2648E+04  4.3051E+04  1.0157E+00  1.0883E+00
6.3096E-04  1.8291E+04  5.3530E+04  9.9947E-01  1.0541E+00
1.0000E-03  2.5162E+04  6.3558E+04  9.8417E-01  1.0260E+00
1.5849E-03  3.4030E+04  7.5073E+04  9.6687E-01  9.9884E-01
2.5119E-03  4.4507E+04  9.1019E+04  9.4507E-01  9.6720E-01
3.9811E-03  5.5465E+04  1.1187E+05  9.2135E-01  9.3906E-01
6.3096E-03  6.9527E+04  1.4332E+05  8.8566E-01  8.9697E-01
1.0000E-02  7.9517E+04  1.7102E+05  8.5659E-01  8.6614E-01
1.5849E-02  9.2906E+04  2.1477E+05  8.1053E-01  8.1729E-01
2.5119E-02  1.0300E+05  2.5439E+05  7.7402E-01  7.7910E-01
3.9811E-02  1.1279E+05  2.9953E+05  7.3739E-01  7.4143E-01
6.3096E-02  1.2323E+05  3.5277E+05  6.9827E-01  7.0119E-01
1.0000E-01  1.3041E+05  3.8689E+05  6.8990E-01  6.9251E-01
1.5849E-01  1.3925E+05  4.2416E+05  6.8657E-01  6.8888E-01
2.5119E-01  1.4622E+05  4.1872E+05  7.2440E-01  7.2705E-01
3.9811E-01  1.5092E+05  3.7384E+05  7.8540E-01  7.8907E-01
6.3096E-01  1.4840E+05  3.0982E+05  8.7033E-01  8.7634E-01
1.0000E+00  1.3284E+05  2.2773E+05  9.5009E-01  9.6089E-01
1.5849E+00  1.1270E+05  1.6454E+05  9.9233E-01  1.0131E+00
2.5119E+00  9.3601E+04  1.2190E+05  1.0149E+00  1.0551E+00
3.9811E+00  7.7711E+04  9.3403E+04  1.0299E+00  1.1011E+00
6.3096E+00  6.1047E+04  6.8774E+04  1.0462E+00  1.1546E+00
1.0000E+01  4.6274E+04  4.9954E+04  1.0625E+00  1.2093E+00
1.5849E+01  3.3024E+04  3.4569E+04  1.0751E+00  1.2529E+00
2.5119E+01  2.2730E+04  2.3325E+04  1.0843E+00  1.2844E+00
3.9811E+01  1.5695E+04  1.6001E+04  1.0892E+00  1.3027E+00
6.3096E+01  1.0553E+04  1.0678E+04  1.0930E+00  1.3180E+00
1.0000E+02  8.0335E+03  8.0893E+03  1.0963E+00  1.3299E+00
1.5849E+02  6.4477E+03  6.4914E+03  1.0993E+00  1.3397E+00
2.5119E+02  4.4361E+03  4.4577E+03  1.0993E+00  1.3400E+00
3.9811E+02  2.9287E+03  2.9379E+03  1.0994E+00  1.3411E+00
6.3096E+02  1.9546E+03  1.9585E+03  1.0995E+00  1.3432E+00
1.0000E+03  1.3044E+03  1.3062E+03  1.1000E+00  1.3476E+00
1.5849E+03  8.5546E+02  8.5620E+02  1.1003E+00  1.3515E+00
2.5119E+03  6.1044E+02  6.1082E+02  1.1006E+00  1.3556E+00
3.9811E+03  6.1044E+02  6.1082E+02  1.1006E+00  1.3556E+00
6.3096E+03  6.1044E+02  6.1082E+02  1.1006E+00  1.3556E+00
1.0000E+04  6.1044E+02  6.1082E+02  1.1006E+00  1.3556E+00
Rosseland and Planck opacities and free electrons
Density     Ross opa    Planck opa  No. Free    Av Sq Free  T=  9.0000E-03
1.0000E-10  5.1489E-01  4.3884E+01  1.0982E+00  1.3202E+00
1.5849E-10  5.2600E-01  4.2455E+01  1.0982E+00  1.3199E+00
2.5119E-10  5.3588E-01  4.0332E+01  1.0982E+00  1.3194E+00
3.9811E-10  5.5624E-01  3.9710E+01  1.0981E+00  1.3192E+00
6.3096E-10  5.7948E-01  3.8726E+01  1.0981E+00  1.3187E+00
1.0000E-09  6.1051E-01  3.9488E+01  1.0981E+00  1.3183E+00
1.5849E-09  6.5018E-01  4.1057E+01  1.0980E+00  1.3177E+00
2.5119E-09  7.0542E-01  4.3714E+01  1.0979E+00  1.3171E+00
3.9811E-09  7.8119E-01  4.8009E+01  1.0979E+00  1.3162E+00
6.3096E-09  8.8704E-01  5.3260E+01  1.0978E+00  1.3153E+00
1.0000E-08  1.0379E+00  5.9955E+01  1.0977E+00  1.3142E+00
1.5849E-08  1.2513E+00  6.8623E+01  1.0975E+00  1.3129E+00
2.5119E-08  1.5629E+00  7.8258E+01  1.0974E+00  1.3117E+00
3.9811E-08  2.0137E+00  9.2090E+01  1.0973E+00  1.3101E+00
6.3096E-08  2.6921E+00  1.0683E+02  1.0971E+00  1.3091E+00
1.0000E-07  3.6888E+00  1.2991E+02  1.0970E+00  1.3074E+00
1.5849E-07  5.2517E+00  1.5523E+02  1.0968E+00  1.3065E+00
2.5119E-07  7.5682E+00  1.9535E+02  1.0966E+00  1.3050E+00
3.9811E-07  1.1321E+01  2.4224E+02  1.0964E+00  1.3038E+00
6.3096E-07  1.6977E+01  3.1309E+02  1.0962E+00  1.3021E+00
1.0000E-06  2.6367E+01  4.0188E+02  1.0959E+00  1.3006E+00
1.5849E-06  4.0812E+01  5.2906E+02  1.0954E+00  1.2986E+00
2.5119E-06  6.4701E+01  7.0467E+02  1.0949E+00  1.2964E+00
3.9811E-06  1.0236E+02  9.5183E+02  1.0942E+00  1.2939E+00
6.3096E-06  1.6325E+02  1.3338E+03  1.0932E+00  1.2904E+00
1.0000E-05  2.6155E+02  1.9150E+03  1.0918E+00  1.2863E+00
1.5849E-05  4.1474E+02  2.8220E+03  1.0898E+00  1.2802E+00
2.5119E-05  6.6749E+02  4.1641E+03  1.0872E+00  1.2728E+00
3.9811E-05  1.0491E+03  6.2911E+03  1.0830E+00  1.2612E+00
6.3096E-05  1.6747E+03  8.9176E+03  1.0783E+00  1.2484E+00
1.0000E-04  2.6171E+03  1.3054E+04  1.0708E+00  1.2284E+00
1.5849E-04  4.0281E+03  1.7643E+04  1.0627E+00  1.2076E+00
2.5119E-04  6.1323E+03  2.4190E+04  1.0512E+00  1.1786E+00
3.9811E-04  8.9797E+03  3.0826E+04  1.0388E+00  1.1486E+00
6.3096E-04  1.2871E+04  3.7518E+04  1.0253E+00  1.1174E+00
1.0000E-03  1.8174E+04  4.6583E+04  1.0082E+00  1.0797E+00
1.5849E-03  2.4423E+04  5.6686E+04  9.9342E-01  1.0526E+00
2.5119E-03  3.2962E+04  7.2168E+04  9.7086E-01  1.0116E+00
3.9811E-03  4.0216E+04  8.5876E+04  9.5202E-01  9.8632E-01
6.3096E-03  4.9963E+04  1.0756E+05  9.2216E-01  9.4626E-01
1.0000E-02  5.7791E+04  1.2875E+05  8.9474E-01  9.1334E-01
1.5849E-02  6.6296E+04  1.5696E+05  8.5923E-01  8.7337E-01
2.5119E-02  7.4613E+04  1.8995E+05  8.2060E-01  8.3037E-01
3.9811E-02  8.0784E+04  2.2022E+05  7.9265E-01  8.0063E-01
6.3096E-02  8.8716E+04  2.6404E+05  7.5255E-01  7.5793E-01
1.0000E-01  9.3391E+04  2.8753E+05  7.4837E-01  7.5315E-01
1.5849E-01  9.9981E+04  3.2016E+05  7.4279E-01  7.4665E-01
2.5119E-01  1.0490E+05  3.1568E+05  7.7521E-01  7.7941E-01
3.9811E-01  1.0984E+05  2.9304E+05  8.2463E-01  8.2979E-01
6.3096E-01  1.1175E+05  2.5408E+05  8.9736E-01  9.0499E-01
1.0000E+00  1.0564E+05  1.9676E+05  9.6107E-01  9.7398E-01
1.5849E+00  9.4607E+04  1.4758E+05  9.9984E-01  1.0227E+00
2.5119E+00  8.3338E+04  1.1576E+05  1.0151E+00  1.0600E+00
3.9811E+00  7.0569E+04  8.8586E+04  1.0316E+00  1.1065E+00
6.3096E+00  5.7136E+04  6.6558E+04  1.0488E+00  1.1629E+00
1.0000E+01  4.4054E+04  4.8543E+04  1.0641E+00  1.2150E+00
1.5849E+01  3.2338E+04  3.4260E+04  1.0767E+00  1.2577E+00
2.5119E+01  2.1932E+04  2.2675E+04  1.0849E+00  1.2861E+00
3.9811E+01  1.5508E+04  1.5903E+04  1.0906E+00  1.3064E+00
6.3096E+01  1.0352E+04  1.0514E+04  1.0931E+00  1.3174E+00
1.0000E+02  7.3846E+03  7.4512E+03  1.0962E+00  1.3299E+00
1.5849E+02  6.0679E+03  6.1052E+03  1.0987E+00  1.3378E+00
2.5119E+02  4.4387E+03  4.4650E+03  1.0993E+00  1.3400E+00
3.9811E+02  2.9544E+03  2.9662E+03  1.0994E+00  1.3410E+00
6.3096E+02  1.9847E+03  1.9898E+03  1.0995E+00  1.3432E+00
1.0000E+03  1.3098E+03  1.3119E+03  1.0999E+00  1.3473E+00
1.5849E+03  8.7683E+02  8.7779E+02  1.1003E+00  1.3522E+00
2.5119E+03  5.6240E+02  5.6280E+02  1.1007E+00  1.3576E+00
3.9811E+03  5.3127E+02  5.3162E+02  1.1008E+00  1.3587E+00
6.3096E+03  5.3127E+02  5.3162E+02  1.1008E+00  1.3587E+00
1.0000E+04  5.3127E+02  5.3162E+02  1.1008E+00  1.3587E+00
Rosseland and Planck opacities and free electrons
Density     Ross opa    Planck opa  No. Free    Av Sq Free  T=  1.0000E-02
1.0000E-10  5.9484E-01  3.7899E+01  1.0984E+00  1.3222E+00
1.5849E-10  6.0658E-01  3.6454E+01  1.0983E+00  1.3218E+00
2.5119E-10  6.1788E-01  3.4871E+01  1.0983E+00  1.3214E+00
3.9811E-10  6.3412E-01  3.5050E+01  1.0983E+00  1.3210E+00
6.3096E-10  6.5568E-01  3.6656E+01  1.0983E+00  1.3206E+00
1.0000E-09  6.8173E-01  3.9824E+01  1.0982E+00  1.3202E+00
1.5849E-09  7.1781E-01  4.5493E+01  1.0982E+00  1.3198E+00
2.5119E-09  7.6315E-01  5.3744E+01  1.0981E+00  1.3193E+00
3.9811E-09  8.3068E-01  6.5278E+01  1.0981E+00  1.3189E+00
6.3096E-09  9.1826E-01  8.1913E+01  1.0981E+00  1.3183E+00
1.0000E-08  1.0478E+00  1.0012E+02  1.0980E+00  1.3177E+00
1.5849E-08  1.2198E+00  1.2841E+02  1.0979E+00  1.3169E+00
2.5119E-08  1.4774E+00  1.5125E+02  1.0978E+00  1.3161E+00
3.9811E-08  1.8308E+00  1.8745E+02  1.0977E+00  1.3148E+00
6.3096E-08  2.3674E+00  2.1520E+02  1.0976E+00  1.3138E+00
1.0000E-07  3.1408E+00  2.5314E+02  1.0974E+00  1.3123E+00
1.5849E-07  4.3351E+00  2.8450E+02  1.0973E+00  1.3110E+00
2.5119E-07  6.1313E+00  3.1779E+02  1.0971E+00  1.3095E+00
3.9811E-07  8.9354E+00  3.5335E+02  1.0969E+00  1.3080E+00
6.3096E-07  1.3251E+01  3.8933E+02  1.0967E+00  1.3066E+00
1.0000E-06  2.0047E+01  4.3969E+02  1.0965E+00  1.3049E+00
1.5849E-06  3.0875E+01  5.0337E+02  1.0962E+00  1.3033E+00
2.5119E-06  4.7763E+01  6.0107E+02  1.0957E+00  1.3012E+00
3.9811E-06  7.5766E+01  7.3598E+02  1.0953E+00  1.2993E+00
6.3096E-06  1.1791E+02  9.4981E+02  1.0945E+00  1.2963E+00
1.0000E-05  1.9063E+02  1.2710E+03  1.0937E+00  1.2936E+00
1.5849E-05  2.9930E+02  1.7799E+03  1.0924E+00  1.2894E+00
2.5119E-05  4.8267E+02  2.5426E+03  1.0908E+00  1.2847E+00
3.9811E-05  7.5902E+02  3.7394E+03  1.0883E+00  1.2777E+00
6.3096E-05  1.2057E+03  5.4133E+03  1.0851E+00  1.2689E+00
1.0000E-04  1.8821E+03  7.9077E+03  1.0804E+00  1.2565E+00
1.5849E-04  2.9011E+03  1.1277E+04  1.0743E+00  1.2406E+00
2.5119E-04  4.3969E+03  1.5703E+04  1.0665E+00  1.2208E+00
3.9811E-04  6.5348E+03  2.1691E+04  1.0556E+00  1.1937E+00
6.3096E-04  9.2797E+03  2.6983E+04  1.0450E+00  1.1685E+00
1.0000E-03  1.3358E+04  3.5346E+04  1.0283E+00  1.1287E+00
1.5849E-03  1.7724E+04  4.3258E+04  1.0157E+00  1.1034E+00
2.5119E-03  2.3851E+04  5.5792E+04  9.9571E-01  1.0633E+00
3.9811E-03  2.9525E+04  6.7594E+04  9.7672E-01  1.0315E+00
6.3096E-03  3.6135E+04  8.2956E+04  9.5188E-01  9.9428E-01
1.0000E-02  4.2759E+04  1.0082E+05  9.2377E-01  9.5472E-01
1.5849E-02  4.8373E+04  1.1965E+05  8.9569E-01  9.2054E-01
2.5119E-02  5.5308E+04  1.4658E+05  8.5624E-01  8.7274E-01
3.9811E-02  5.9342E+04  1.6689E+05  8.3519E-01  8.4903E-01
6.3096E-02  6.4994E+04  1.9828E+05  8.0183E-01  8.1145E-01
1.0000E-01  6.8660E+04  2.1787E+05  7.9487E-01  8.0286E-01
1.5849E-01  7.3175E+04  2.4075E+05  7.9321E-01  7.9964E-01
2.5119E-01  7.7117E+04  2.4178E+05  8.1622E-01  8.2256E-01
3.9811E-01  8.1665E+04  2.3272E+05  8.5778E-01  8.6482E-01
6.3096E-01  8.4575E+04  2.0750E+05  9.1338E-01  9.2326E-01
1.0000E+00  8.4211E+04  1.7139E+05  9.6388E-01  9.7947E-01
1.5849E+00  8.0006E+04  1.3610E+05  9.9952E-01  1.0259E+00
2.5119E+00  7.3048E+04  1.0879E+05  1.0175E+00  1.0652E+00
3.9811E+00  6.3757E+04  8.3949E+04  1.0339E+00  1.1135E+00
6.3096E+00  5.3220E+04  6.4388E+04  1.0501E+00  1.1669E+00
1.0000E+01  4.1422E+04  4.6663E+04  1.0640E+00  1.2144E+00
1.5849E+01  3.0907E+04  3.3347E+04  1.0768E+00  1.2580E+00
2.5119E+01  2.1236E+04  2.2195E+04  1.0858E+00  1.2889E+00
3.9811E+01  1.5070E+04  1.5507E+04  1.0910E+00  1.3080E+00
6.3096E+01  1.0223E+04  1.0426E+04  1.0945E+00  1.3214E+00
1.0000E+02  6.9861E+03  7.0669E+03  1.0992E+00  1.3378E+00
1.5849E+02  5.5442E+03  5.5816E+03  1.0993E+00  1.3390E+00
2.5119E+02  4.4160E+03  4.4475E+03  1.0993E+00  1.3402E+00
3.9811E+02  2.9981E+03  3.0130E+03  1.0994E+00  1.3412E+00
6.3096E+02  1.9871E+03  1.9933E+03  1.0995E+00  1.3431E+00
1.0000E+03  1.3205E+03  1.3232E+03  1.0998E+00  1.3464E+00
1.5849E+03  8.7141E+02  8.7256E+02  1.1003E+00  1.3525E+00
2.5119E+03  5.7857E+02  5.7908E+02  1.1013E+00  1.3662E+00
3.9811E+03  4.7291E+02  4.7324E+02  1.1020E+00  1.3758E+00
6.3096E+03  4.7291E+02  4.7324E+02  1.1020E+00  1.3758E+00
1.0000E+04  4.7291E+02  4.7324E+02  1.1020E+00  1.3758E+00
Rosseland and Planck opacities and free electrons
Density     Ross opa    Planck opa  No. Free    Av Sq Free  T=  1.2500E-02
1.0000E-10  7.8739E-01  5.2278E+01  1.0987E+00  1.3272E+00
1.5849E-10  8.1683E-01  5.0643E+01  1.0987E+00  1.3267E+00
2.5119E-10  8.5412E-01  4.8196E+01  1.0987E+00  1.3263E+00
3.9811E-10  8.8900E-01  4.4317E+01  1.0986E+00  1.3257E+00
6.3096E-10  9.3435E-01  4.2085E+01  1.0986E+00  1.3253E+00
1.0000E-09  9.8141E-01  3.8586E+01  1.0985E+00  1.3247E+00
1.5849E-09  1.0358E+00  3.7687E+01  1.0985E+00  1.3243E+00
2.5119E-09  1.0996E+00  3.7537E+01  1.0985E+00  1.3237E+00
3.9811E-09  1.1770E+00  3.9780E+01  1.0984E+00  1.3232E+00
6.3096E-09  1.2787E+00  4.5023E+01  1.0984E+00  1.3227E+00
1.0000E-08  1.4037E+00  5.2258E+01  1.0984E+00  1.3222E+00
1.5849E-08  1.5772E+00  6.2240E+01  1.0983E+00  1.3217E+00
2.5119E-08  1.7935E+00  7.4884E+01  1.0983E+00  1.3211E+00
3.9811E-08  2.1053E+00  8.5796E+01  1.0982E+00  1.3207E+00
6.3096E-08  2.5014E+00  1.0126E+02  1.0982E+00  1.3200E+00
1.0000E-07  3.0995E+00  1.1078E+02  1.0981E+00  1.3195E+00
1.5849E-07  3.8891E+00  1.2586E+02  1.0980E+00  1.3186E+00
2.5119E-07  5.1110E+00  1.3730E+02  1.0979E+00  1.3179E+00
3.9811E-07  6.8225E+00  1.5482E+02  1.0978E+00  1.3169E+00
6.3096E-07  9.4722E+00  1.7534E+02  1.0977E+00  1.3158E+00
1.0000E-06  1.3383E+01  2.0543E+02  1.0975E+00  1.3144E+00
1.5849E-06  1.9566E+01  2.4261E+02  1.0973E+00  1.3129E+00
2.5119E-06  2.9041E+01  2.9336E+02  1.0970E+00  1.3112E+00
3.9811E-06  4.4058E+01  3.5934E+02  1.0967E+00  1.3092E+00
6.3096E-06  6.7594E+01  4.4123E+02  1.0964E+00  1.3073E+00
1.0000E-05  1.0438E+02  5.6316E+02  1.0958E+00  1.3048E+00
1.5849E-05  1.6275E+02  7.2977E+02  1.0952E+00  1.3025E+00
2.5119E-05  2.5154E+02  9.9082E+02  1.0943E+00  1.2990E+00
3.9811E-05  3.9414E+02  1.3694E+03  1.0933E+00  1.2959E+00
6.3096E-05  6.0422E+02  1.9693E+03  1.0918E+00  1.2908E+00
1.0000E-04  9.2939E+02  2.7867E+03  1.0898E+00  1.2856E+00
1.5849E-04  1.3935E+03  4.0677E+03  1.0869E+00  1.2777E+00
2.5119E-04  2.0456E+03  5.7649E+03  1.0833E+00  1.2684E+00
3.9811E-04  2.9506E+03  8.3061E+03  1.0781E+00  1.2553E+00
6.3096E-04  4.1456E+03  1.1420E+04  1.0717E+00  1.2393E+00
1.0000E-03  5.7260E+03  1.5394E+04  1.0634E+00  1.2191E+00
1.5849E-03  7.7764E+03  2.0843E+04  1.0523E+00  1.1929E+00
2.5119E-03  1.0099E+04  2.7347E+04  1.0397E+00  1.1659E+00
3.9811E-03  1.3381E+04  3.7007E+04  1.0208E+00  1.1258E+00
6.3096E-03  1.5991E+04  4.4674E+04  1.0042E+00  1.0964E+00
1.0000E-02  1.9911E+04  5.6813E+04  9.7791E-01  1.0497E+00
1.5849E-02  2.2738E+04  6.6167E+04  9.5737E-01  1.0174E+00
2.5119E-02  2.6172E+04  7.8361E+04  9.3045E-01  9.7715E-01
3.9811E-02  2.9290E+04  9.0436E+04  9.0715E-01  9.4265E-01
6.3096E-02  3.1840E+04  1.0197E+05  8.9082E-01  9.1910E-01
1.0000E-01  3.4689E+04  1.1512E+05  8.7605E-01  8.9659E-01
1.5849E-01  3.6682E+04  1.2399E+05  8.7998E-01  8.9737E-01
2.5119E-01  3.9189E+04  1.3065E+05  8.9016E-01  9.0458E-01
3.9811E-01  4.1786E+04  1.3158E+05  9.1594E-01  9.3061E-01
6.3096E-01  4.4976E+04  1.2951E+05  9.4705E-01  9.6426E-01
1.0000E+00  4.8587E+04  1.2136E+05  9.8360E-01  1.0069E+00
1.5849E+00  5.1233E+04  1.0774E+05  1.0082E+00  1.0432E+00
2.5119E+00  5.1408E+04  9.1543E+04  1.0240E+00  1.0798E+00
3.9811E+00  4.8367E+04  7.4202E+04  1.0372E+00  1.1234E+00
6.3096E+00  4.3019E+04  5.7698E+04  1.0519E+00  1.1729E+00
1.0000E+01  3.5945E+04  4.3621E+04  1.0676E+00  1.2261E+00
1.5849E+01  2.7763E+04  3.1286E+04  1.0789E+00  1.2642E+00
2.5119E+01  2.0286E+04  2.1879E+04  1.0873E+00  1.2933E+00
3.9811E+01  1.3816E+04  1.4455E+04  1.0920E+00  1.3102E+00
6.3096E+01  9.9703E+03  1.0297E+04  1.0950E+00  1.3220E+00
1.0000E+02  6.6269E+03  6.7589E+03  1.0970E+00  1.3293E+00
1.5849E+02  4.6868E+03  4.7389E+03  1.0992E+00  1.3369E+00
2.5119E+02  3.8027E+03  3.8279E+03  1.0992E+00  1.3382E+00
3.9811E+02  3.0192E+03  3.0416E+03  1.0993E+00  1.3398E+00
6.3096E+02  2.0254E+03  2.0354E+03  1.0995E+00  1.3427E+00
1.0000E+03  1.3604E+03  1.3647E+03  1.1000E+00  1.3481E+00
1.5849E+03  8.9486E+02  8.9664E+02  1.1003E+00  1.3520E+00
2.5119E+03  5.7979E+02  5.8056E+02  1.1008E+00  1.3592E+00
3.9811E+03  3.8897E+02  3.8931E+02  1.1018E+00  1.3750E+00
6.3096E+03  3.5597E+02  3.5625E+02  1.1021E+00  1.3797E+00
1.0000E+04  3.5597E+02  3.5625E+02  1.1021E+00  1.3797E+00
Rosseland and Planck opacities and free electrons
Density     Ross opa    Planck opa  No. Free    Av Sq Free  T=  1.5000E-02
1.0000E-10  6.8638E-01  3.9590E+01  1.0989E+00  1.3309E+00
1.5849E-10  7.2901E-01  4.2902E+01  1.0989E+00  1.3304E+00
2.5119E-10  7.7572E-01  4.6085E+01  1.0989E+00  1.3299E+00
3.9811E-10  8.3009E-01  4.9169E+01  1.0988E+00  1.3295E+00
6.3096E-10  8.9174E-01  5.2391E+01  1.0988E+00  1.3291E+00
1.0000E-09  9.6559E-01  5.4329E+01  1.0988E+00  1.3287E+00
1.5849E-09  1.0507E+00  5.6682E+01  1.0988E+00  1.3282E+00
2.5119E-09  1.1509E+00  5.7310E+01  1.0987E+00  1.3278E+00
3.9811E-09  1.2684E+00  5.8234E+01  1.0987E+00  1.3273E+00
6.3096E-09  1.4091E+00  5.8158E+01  1.0987E+00  1.3269E+00
1.0000E-08  1.5819E+00  5.8038E+01  1.0986E+00  1.3262E+00
1.5849E-08  1.7950E+00  5.7323E+01  1.0986E+00  1.3258E+00
2.5119E-08  2.0684E+00  5.6103E+01  1.0986E+00  1.3251E+00
3.9811E-08  2.4189E+00  5.5367E+01  1.0985E+00  1.3245E+00
6.3096E-08  2.8845E+00  5.4806E+01  1.0985E+00  1.3239E+00
1.0000E-07  3.4948E+00  5.5369E+01  1.0984E+00  1.3232E+00
1.5849E-07  4.3236E+00  5.7814E+01  1.0984E+00  1.3226E+00
2.5119E-07  5.4169E+00  6.1896E+01  1.0983E+00  1.3219E+00
3.9811E-07  6.9278E+00  6.8814E+01  1.0982E+00  1.3213E+00
6.3096E-07  8.9435E+00  7.9176E+01  1.0981E+00  1.3205E+00
1.0000E-06  1.1873E+01  9.2482E+01  1.0980E+00  1.3198E+00
1.5849E-06  1.5886E+01  1.1342E+02  1.0979E+00  1.3187E+00
2.5119E-06  2.2176E+01  1.3910E+02  1.0978E+00  1.3177E+00
3.9811E-06  3.1191E+01  1.7979E+02  1.0975E+00  1.3163E+00
6.3096E-06  4.5570E+01  2.3118E+02  1.0973E+00  1.3149E+00
1.0000E-05  6.6968E+01  3.0978E+02  1.0969E+00  1.3129E+00
1.5849E-05  1.0064E+02  4.0854E+02  1.0965E+00  1.3109E+00
2.5119E-05  1.5140E+02  5.4981E+02  1.0960E+00  1.3084E+00
3.9811E-05  2.2892E+02  7.3755E+02  1.0953E+00  1.3055E+00
6.3096E-05  3.4310E+02  9.9061E+02  1.0944E+00  1.3023E+00
1.0000E-04  5.0946E+02  1.3606E+03  1.0931E+00  1.2981E+00
1.5849E-04  7.4032E+02  1.8677E+03  1.0916E+00  1.2935E+00
2.5119E-04  1.0606E+03  2.6460E+03  1.0892E+00  1.2868E+00
3.9811E-04  1.4569E+03  3.7014E+03  1.0866E+00  1.2798E+00
6.3096E-04  2.0024E+03  5.3735E+03  1.0824E+00  1.2687E+00
1.0000E-03  2.6264E+03  7.2576E+03  1.0778E+00  1.2575E+00
1.5849E-03  3.5025E+03  1.0209E+04  1.0706E+00  1.2400E+00
2.5119E-03  4.4705E+03  1.3762E+04  1.0621E+00  1.2210E+00
3.9811E-03  5.8090E+03  1.8967E+04  1.0497E+00  1.1942E+00
6.3096E-03  7.3009E+03  2.4825E+04  1.0351E+00  1.1647E+00
1.0000E-02  9.0233E+03  3.1601E+04  1.0175E+00  1.1313E+00
1.5849E-02  1.1185E+04  4.0201E+04  9.9548E-01  1.0899E+00
2.5119E-02  1.2955E+04  4.7319E+04  9.7836E-01  1.0598E+00
3.9811E-02  1.5634E+04  5.8188E+04  9.5229E-01  1.0137E+00
6.3096E-02  1.7127E+04  6.5032E+04  9.4396E-01  9.9677E-01
1.0000E-01  1.9446E+04  7.5681E+04  9.3076E-01  9.6988E-01
1.5849E-01  2.1001E+04  8.2899E+04  9.3221E-01  9.6532E-01
2.5119E-01  2.3036E+04  9.1213E+04  9.3854E-01  9.6494E-01
3.9811E-01  2.4954E+04  9.4784E+04  9.5274E-01  9.7828E-01
6.3096E-01  2.7538E+04  9.8586E+04  9.7448E-01  1.0008E+00
1.0000E+00  3.0384E+04  9.5338E+04  9.9433E-01  1.0270E+00
1.5849E+00  3.3309E+04  8.8603E+04  1.0127E+00  1.0569E+00
2.5119E+00  3.5578E+04  7.8476E+04  1.0274E+00  1.0908E+00
3.9811E+00  3.5923E+04  6.4946E+04  1.0402E+00  1.1305E+00
6.3096E+00  3.4400E+04  5.1998E+04  1.0561E+00  1.1843E+00
1.0000E+01  3.0135E+04  4.0014E+04  1.0680E+00  1.2249E+00
1.5849E+01  2.4432E+04  2.9214E+04  1.0795E+00  1.2640E+00
2.5119E+01  1.8743E+04  2.0998E+04  1.0881E+00  1.2940E+00
3.9811E+01  1.3242E+04  1.4239E+04  1.0928E+00  1.3115E+00
6.3096E+01  9.2236E+03  9.6207E+03  1.0955E+00  1.3232E+00
1.0000E+02  6.4872E+03  6.6869E+03  1.0971E+00  1.3293E+00
1.5849E+02  4.3554E+03  4.4327E+03  1.0985E+00  1.3351E+00
2.5119E+02  3.2690E+03  3.3009E+03  1.0992E+00  1.3384E+00
3.9811E+02  2.7352E+03  2.7523E+03  1.0993E+00  1.3401E+00
6.3096E+02  2.0674E+03  2.0821E+03  1.0995E+00  1.3427E+00
1.0000E+03  1.3698E+03  1.3761E+03  1.0998E+00  1.3463E+00
1.5849E+03  9.1827E+02  9.2093E+02  1.1003E+00  1.3515E+00
2.5119E+03  6.0730E+02  6.0840E+02  1.1007E+00  1.3580E+00
3.9811E+03  3.9107E+02  3.9156E+02  1.1014E+00  1.3685E+00
6.3096E+03  2.8059E+02  2.8084E+02  1.1021E+00  1.3818E+00
1.0000E+04  2.8059E+02  2.8084E+02  1.1021E+00  1.3818E+00
Rosseland and Planck opacities and free electrons
Density     Ross opa    Planck opa  No. Free    Av Sq Free  T=  2.0000E-02
1.0000E-10  4.1954E-01  1.1615E+01  1.0996E+00  1.3406E+00
1.5849E-10  4.3639E-01  1.3769E+01  1.0996E+00  1.3401E+00
2.5119E-10  4.5532E-01  1.6667E+01  1.0995E+00  1.3394E+00
3.9811E-10  4.7901E-01  1.9390E+01  1.0995E+00  1.3389E+00
6.3096E-10  5.0679E-01  2.2351E+01  1.0995E+00  1.3383E+00
1.0000E-09  5.4030E-01  2.5313E+01  1.0994E+00  1.3376E+00
1.5849E-09  5.8054E-01  2.7474E+01  1.0994E+00  1.3369E+00
2.5119E-09  6.2850E-01  2.9880E+01  1.0993E+00  1.3361E+00
3.9811E-09  6.8894E-01  3.0553E+01  1.0993E+00  1.3353E+00
6.3096E-09  7.6221E-01  3.1471E+01  1.0992E+00  1.3343E+00
1.0000E-08  8.5448E-01  3.1541E+01  1.0991E+00  1.3336E+00
1.5849E-08  9.6980E-01  3.1650E+01  1.0991E+00  1.3325E+00
2.5119E-08  1.1193E+00  3.2631E+01  1.0990E+00  1.3319E+00
3.9811E-08  1.3162E+00  3.4241E+01  1.0989E+00  1.3311E+00
6.3096E-08  1.5772E+00  3.6680E+01  1.0989E+00  1.3304E+00
1.0000E-07  1.9356E+00  4.0504E+01  1.0988E+00  1.3297E+00
1.5849E-07  2.4198E+00  4.4728E+01  1.0988E+00  1.3291E+00
2.5119E-07  3.0869E+00  4.9910E+01  1.0987E+00  1.3285E+00
3.9811E-07  3.9949E+00  5.5993E+01  1.0987E+00  1.3278E+00
6.3096E-07  5.2180E+00  6.2109E+01  1.0986E+00  1.3271E+00
1.0000E-06  6.9098E+00  7.0205E+01  1.0986E+00  1.3263E+00
1.5849E-06  9.1927E+00  7.7315E+01  1.0985E+00  1.3256E+00
2.5119E-06  1.2384E+01  8.8017E+01  1.0984E+00  1.3245E+00
3.9811E-06  1.6840E+01  9.7618E+01  1.0983E+00  1.3238E+00
6.3096E-06  2.3111E+01  1.1284E+02  1.0981E+00  1.3226E+00
1.0000E-05  3.2201E+01  1.3006E+02  1.0980E+00  1.3217E+00
1.5849E-05  4.5130E+01  1.5659E+02  1.0977E+00  1.3203E+00
2.5119E-05  6.3969E+01  1.9242E+02  1.0975E+00  1.3190E+00
3.9811E-05  9.1118E+01  2.4656E+02  1.0971E+00  1.3173E+00
6.3096E-05  1.2990E+02  3.2325E+02  1.0966E+00  1.3152E+00
1.0000E-04  1.8486E+02  4.3625E+02  1.0960E+00  1.3127E+00
1.5849E-04  2.6012E+02  5.9788E+02  1.0952E+00  1.3096E+00
2.5119E-04  3.5904E+02  8.2074E+02  1.0941E+00  1.3060E+00
3.9811E-04  4.9025E+02  1.1506E+03  1.0926E+00  1.3011E+00
6.3096E-04  6.3949E+02  1.5703E+03  1.0910E+00  1.2961E+00
1.0000E-03  8.3940E+02  2.2291E+03  1.0884E+00  1.2885E+00
1.5849E-03  1.0393E+03  3.0938E+03  1.0854E+00  1.2808E+00
2.5119E-03  1.3211E+03  4.4632E+03  1.0805E+00  1.2688E+00
3.9811E-03  1.6171E+03  6.0864E+03  1.0746E+00  1.2558E+00
6.3096E-03  2.0385E+03  8.5381E+03  1.0656E+00  1.2366E+00
1.0000E-02  2.5181E+03  1.1338E+04  1.0557E+00  1.2160E+00
1.5849E-02  3.1528E+03  1.5034E+04  1.0429E+00  1.1903E+00
2.5119E-02  3.9218E+03  1.9479E+04  1.0290E+00  1.1613E+00
3.9811E-02  4.7526E+03  2.4157E+04  1.0178E+00  1.1358E+00
6.3096E-02  5.8690E+03  3.0459E+04  1.0038E+00  1.1028E+00
1.0000E-01  6.7587E+03  3.5754E+04  9.9906E-01  1.0853E+00
1.5849E-01  8.0754E+03  4.3433E+04  9.9249E-01  1.0599E+00
2.5119E-01  8.9698E+03  4.8302E+04  9.9446E-01  1.0547E+00
3.9811E-01  1.0313E+04  5.5428E+04  9.9770E-01  1.0477E+00
6.3096E-01  1.1539E+04  5.8598E+04  1.0049E+00  1.0550E+00
1.0000E+00  1.3252E+04  6.1580E+04  1.0146E+00  1.0669E+00
1.5849E+00  1.5259E+04  6.0679E+04  1.0246E+00  1.0867E+00
2.5119E+00  1.7480E+04  5.6869E+04  1.0348E+00  1.1131E+00
3.9811E+00  1.9614E+04  4.9628E+04  1.0465E+00  1.1492E+00
6.3096E+00  2.0765E+04  4.1644E+04  1.0587E+00  1.1903E+00
1.0000E+01  2.0784E+04  3.3735E+04  1.0729E+00  1.2386E+00
1.5849E+01  1.8596E+04  2.5801E+04  1.0820E+00  1.2701E+00
2.5119E+01  1.5229E+04  1.8703E+04  1.0893E+00  1.2958E+00
3.9811E+01  1.1785E+04  1.3427E+04  1.0939E+00  1.3135E+00
6.3096E+01  8.4063E+03  9.1770E+03  1.0963E+00  1.3242E+00
1.0000E+02  5.9602E+03  6.2738E+03  1.0989E+00  1.3340E+00
1.5849E+02  4.1762E+03  4.3238E+03  1.0991E+00  1.3354E+00
2.5119E+02  2.8083E+03  2.8650E+03  1.0992E+00  1.3374E+00
3.9811E+02  2.1192E+03  2.1423E+03  1.0993E+00  1.3396E+00
6.3096E+02  1.7707E+03  1.7826E+03  1.0996E+00  1.3429E+00
1.0000E+03  1.4127E+03  1.4241E+03  1.1001E+00  1.3486E+00
1.5849E+03  9.3911E+02  9.4397E+02  1.1004E+00  1.3525E+00
2.5119E+03  6.2907E+02  6.3113E+02  1.1008E+00  1.3596E+00
3.9811E+03  4.2055E+02  4.2141E+02  1.1019E+00  1.3774E+00
6.3096E+03  2.6589E+02  2.6626E+02  1.1022E+00  1.3834E+00
1.0000E+04  1.9426E+02  1.9445E+02  1.1024E+00  1.3882E+00
Rosseland and Planck opacities and free electrons
Density     Ross opa    Planck opa  No. Free    Av Sq Free  T=  2.5000E-02
1.0000E-10  3.5294E-01  2.5082E+00  1.1002E+00  1.3491E+00
1.5849E-10  3.5596E-01  3.0896E+00  1.1002E+00  1.3486E+00
2.5119E-10  3.6083E-01  3.4167E+00  1.1001E+00  1.3482E+00
3.9811E-10  3.6601E-01  3.9351E+00  1.1001E+00  1.3475E+00
6.3096E-10  3.7404E-01  4.1721E+00  1.1000E+00  1.3469E+00
1.0000E-09  3.8296E-01  4.4742E+00  1.1000E+00  1.3459E+00
1.5849E-09  3.9603E-01  4.7366E+00  1.0999E+00  1.3451E+00
2.5119E-09  4.1137E-01  5.0556E+00  1.0998E+00  1.3440E+00
3.9811E-09  4.3237E-01  5.5139E+00  1.0998E+00  1.3430E+00
6.3096E-09  4.5806E-01  6.1945E+00  1.0997E+00  1.3421E+00
1.0000E-08  4.9146E-01  7.1183E+00  1.0996E+00  1.3411E+00
1.5849E-08  5.3535E-01  8.2810E+00  1.0996E+00  1.3404E+00
2.5119E-08  5.8973E-01  9.9014E+00  1.0995E+00  1.3394E+00
3.9811E-08  6.6247E-01  1.1482E+01  1.0995E+00  1.3388E+00
6.3096E-08  7.5155E-01  1.3908E+01  1.0994E+00  1.3378E+00
1.0000E-07  8.7779E-01  1.5847E+01  1.0994E+00  1.3372E+00
1.5849E-07  1.0393E+00  1.8921E+01  1.0993E+00  1.3361E+00
2.5119E-07  1.2712E+00  2.1389E+01  1.0992E+00  1.3353E+00
3.9811E-07  1.5904E+00  2.4884E+01  1.0992E+00  1.3342E+00
6.3096E-07  2.0555E+00  2.7985E+01  1.0991E+00  1.3333E+00
1.0000E-06  2.7307E+00  3.1630E+01  1.0990E+00  1.3322E+00
1.5849E-06  3.7238E+00  3.5600E+01  1.0989E+00  1.3312E+00
2.5119E-06  5.1772E+00  3.9915E+01  1.0988E+00  1.3303E+00
3.9811E-06  7.3007E+00  4.5631E+01  1.0987E+00  1.3292E+00
6.3096E-06  1.0328E+01  5.2200E+01  1.0986E+00  1.3283E+00
1.0000E-05  1.4706E+01  6.1872E+01  1.0984E+00  1.3271E+00
1.5849E-05  2.0840E+01  7.3211E+01  1.0983E+00  1.3262E+00
2.5119E-05  2.9651E+01  9.1080E+01  1.0981E+00  1.3247E+00
3.9811E-05  4.1918E+01  1.1252E+02  1.0979E+00  1.3236E+00
6.3096E-05  5.9312E+01  1.4650E+02  1.0976E+00  1.3219E+00
1.0000E-04  8.2917E+01  1.9040E+02  1.0972E+00  1.3203E+00
1.5849E-04  1.1578E+02  2.5773E+02  1.0967E+00  1.3181E+00
2.5119E-04  1.5817E+02  3.4784E+02  1.0960E+00  1.3157E+00
3.9811E-04  2.1434E+02  4.8054E+02  1.0952E+00  1.3126E+00
6.3096E-04  2.8261E+02  6.6426E+02  1.0941E+00  1.3088E+00
1.0000E-03  3.6384E+02  9.2183E+02  1.0928E+00  1.3043E+00
1.5849E-03  4.6113E+02  1.3000E+03  1.0908E+00  1.2982E+00
2.5119E-03  5.6447E+02  1.8190E+03  1.0880E+00  1.2912E+00
3.9811E-03  7.0058E+02  2.6041E+03  1.0839E+00  1.2809E+00
6.3096E-03  8.4015E+02  3.5474E+03  1.0790E+00  1.2703E+00
1.0000E-02  1.0480E+03  5.0393E+03  1.0713E+00  1.2535E+00
1.5849E-02  1.2626E+03  6.6098E+03  1.0647E+00  1.2392E+00
2.5119E-02  1.5858E+03  9.0242E+03  1.0548E+00  1.2176E+00
3.9811E-02  1.9347E+03  1.1610E+04  1.0474E+00  1.1988E+00
6.3096E-02  2.4131E+03  1.5135E+04  1.0395E+00  1.1758E+00
1.0000E-01  2.9329E+03  1.9041E+04  1.0329E+00  1.1540E+00
1.5849E-01  3.5172E+03  2.3562E+04  1.0286E+00  1.1342E+00
2.5119E-01  4.1914E+03  2.8499E+04  1.0249E+00  1.1149E+00
3.9811E-01  4.8424E+03  3.2946E+04  1.0245E+00  1.1052E+00
6.3096E-01  5.6689E+03  3.7550E+04  1.0251E+00  1.0982E+00
1.0000E+00  6.6069E+03  4.0404E+04  1.0290E+00  1.1026E+00
1.5849E+00  7.8144E+03  4.2011E+04  1.0345E+00  1.1138E+00
2.5119E+00  9.4010E+03  4.1821E+04  1.0425E+00  1.1353E+00
3.9811E+00  1.1115E+04  3.7813E+04  1.0518E+00  1.1657E+00
6.3096E+00  1.2825E+04  3.3390E+04  1.0637E+00  1.2055E+00
1.0000E+01  1.3731E+04  2.8002E+04  1.0742E+00  1.2413E+00
1.5849E+01  1.3676E+04  2.2419E+04  1.0844E+00  1.2766E+00
2.5119E+01  1.2365E+04  1.7077E+04  1.0914E+00  1.3020E+00
3.9811E+01  9.9374E+03  1.2149E+04  1.0946E+00  1.3152E+00
6.3096E+01  7.6704E+03  8.7909E+03  1.0969E+00  1.3256E+00
1.0000E+02  5.4474E+03  5.9679E+03  1.0989E+00  1.3340E+00
1.5849E+02  3.9550E+03  4.1687E+03  1.0991E+00  1.3359E+00
2.5119E+02  2.7007E+03  2.7944E+03  1.0992E+00  1.3378E+00
3.9811E+02  1.8567E+03  1.8927E+03  1.0993E+00  1.3398E+00
6.3096E+02  1.4515E+03  1.4668E+03  1.0995E+00  1.3425E+00
1.0000E+03  1.2239E+03  1.2320E+03  1.0999E+00  1.3464E+00
1.5849E+03  9.6403E+02  9.7188E+02  1.1004E+00  1.3527E+00
2.5119E+03  6.4633E+02  6.4964E+02  1.1013E+00  1.3663E+00
3.9811E+03  4.3067E+02  4.3205E+02  1.1020E+00  1.3777E+00
6.3096E+03  2.8346E+02  2.8404E+02  1.1022E+00  1.3826E+00
1.0000E+04  1.8339E+02  1.8365E+02  1.1023E+00  1.3866E+00
Rosseland and Planck opacities and free electrons
Density     Ross opa    Planck opa  No. Free    Av Sq Free  T=  3.0000E-02
1.0000E-10  3.4437E-01  4.1737E-01  1.1007E+00  1.3561E+00
1.5849E-10  3.4512E-01  4.7119E-01  1.1006E+00  1.3548E+00
2.5119E-10  3.4612E-01  5.3844E-01  1.1005E+00  1.3535E+00
3.9811E-10  3.4752E-01  6.2108E-01  1.1004E+00  1.3526E+00
6.3096E-10  3.4924E-01  7.2997E-01  1.1003E+00  1.3516E+00
1.0000E-09  3.5183E-01  8.4197E-01  1.1003E+00  1.3511E+00
1.5849E-09  3.5477E-01  1.0064E+00  1.1003E+00  1.3503E+00
2.5119E-09  3.5957E-01  1.1679E+00  1.1002E+00  1.3499E+00
3.9811E-09  3.6470E-01  1.4240E+00  1.1002E+00  1.3493E+00
6.3096E-09  3.7356E-01  1.6720E+00  1.1002E+00  1.3489E+00
1.0000E-08  3.8346E-01  2.0594E+00  1.1001E+00  1.3482E+00
1.5849E-08  3.9971E-01  2.4608E+00  1.1001E+00  1.3476E+00
2.5119E-08  4.1963E-01  3.0306E+00  1.1000E+00  1.3467E+00
3.9811E-08  4.4932E-01  3.7023E+00  1.1000E+00  1.3458E+00
6.3096E-08  4.8703E-01  4.5952E+00  1.0999E+00  1.3447E+00
1.0000E-07  5.4016E-01  5.7626E+00  1.0998E+00  1.3436E+00
1.5849E-07  6.1234E-01  7.2416E+00  1.0997E+00  1.3425E+00
2.5119E-07  7.1016E-01  9.2702E+00  1.0996E+00  1.3413E+00
3.9811E-07  8.5223E-01  1.1485E+01  1.0996E+00  1.3404E+00
6.3096E-07  1.0439E+00  1.4763E+01  1.0995E+00  1.3392E+00
1.0000E-06  1.3389E+00  1.7645E+01  1.0994E+00  1.3384E+00
1.5849E-06  1.7529E+00  2.2213E+01  1.0993E+00  1.3372E+00
2.5119E-06  2.3983E+00  2.5850E+01  1.0993E+00  1.3364E+00
3.9811E-06  3.3493E+00  3.1335E+01  1.0992E+00  1.3351E+00
6.3096E-06  4.8020E+00  3.6477E+01  1.0991E+00  1.3340E+00
1.0000E-05  6.9712E+00  4.3293E+01  1.0989E+00  1.3327E+00
1.5849E-05  1.0188E+01  5.0863E+01  1.0988E+00  1.3315E+00
2.5119E-05  1.4890E+01  6.0122E+01  1.0986E+00  1.3302E+00
3.9811E-05  2.1655E+01  7.2368E+01  1.0984E+00  1.3287E+00
6.3096E-05  3.1111E+01  8.7645E+01  1.0982E+00  1.3273E+00
1.0000E-04  4.4310E+01  1.1027E+02  1.0979E+00  1.3255E+00
1.5849E-04  6.1760E+01  1.4027E+02  1.0975E+00  1.3239E+00
2.5119E-04  8.5757E+01  1.8675E+02  1.0970E+00  1.3215E+00
3.9811E-04  1.1498E+02  2.4550E+02  1.0965E+00  1.3195E+00
6.3096E-04  1.5468E+02  3.3861E+02  1.0957E+00  1.3163E+00
1.0000E-03  1.9739E+02  4.6096E+02  1.0948E+00  1.3133E+00
1.5849E-03  2.5250E+02  6.5166E+02  1.0935E+00  1.3087E+00
2.5119E-03  3.0849E+02  9.0468E+02  1.0916E+00  1.3035E+00
3.9811E-03  3.7696E+02  1.2829E+03  1.0888E+00  1.2963E+00
6.3096E-03  4.5306E+02  1.7854E+03  1.0853E+00  1.2878E+00
1.0000E-02  5.4524E+02  2.4808E+03  1.0807E+00  1.2774E+00
1.5849E-02  6.6355E+02  3.4324E+03  1.0751E+00  1.2644E+00
2.5119E-02  8.0302E+02  4.6058E+03  1.0699E+00  1.2517E+00
3.9811E-02  1.0014E+03  6.3206E+03  1.0628E+00  1.2339E+00
6.3096E-02  1.2158E+03  8.2036E+03  1.0589E+00  1.2196E+00
1.0000E-01  1.5485E+03  1.1139E+04  1.0526E+00  1.1969E+00
1.5849E-01  1.8285E+03  1.3749E+04  1.0493E+00  1.1822E+00
2.5119E-01  2.2605E+03  1.7770E+04  1.0442E+00  1.1590E+00
3.9811E-01  2.6325E+03  2.0815E+04  1.0420E+00  1.1476E+00
6.3096E-01  3.1544E+03  2.4932E+04  1.0396E+00  1.1343E+00
1.0000E+00  3.7090E+03  2.7393E+04  1.0406E+00  1.1340E+00
1.5849E+00  4.5047E+03  3.0148E+04  1.0433E+00  1.1384E+00
2.5119E+00  5.4462E+03  3.0421E+04  1.0487E+00  1.1547E+00
3.9811E+00  6.6848E+03  2.9192E+04  1.0566E+00  1.1799E+00
6.3096E+00  8.1113E+03  2.6749E+04  1.0672E+00  1.2160E+00
1.0000E+01  9.3454E+03  2.3421E+04  1.0777E+00  1.2523E+00
1.5849E+01  1.0016E+04  1.9507E+04  1.0864E+00  1.2826E+00
2.5119E+01  9.5655E+03  1.5140E+04  1.0917E+00  1.3022E+00
3.9811E+01  8.4052E+03  1.1311E+04  1.0956E+00  1.3178E+00
6.3096E+01  6.7390E+03  8.0566E+03  1.0975E+00  1.3276E+00
1.0000E+02  5.0916E+03  5.8058E+03  1.0990E+00  1.3342E+00
1.5849E+02  3.6227E+03  3.9231E+03  1.0991E+00  1.3360E+00
2.5119E+02  2.6544E+03  2.7912E+03  1.0992E+00  1.3380E+00
3.9811E+02  1.7659E+03  1.8199E+03  1.0993E+00  1.3400E+00
6.3096E+02  1.2713E+03  1.2920E+03  1.0996E+00  1.3434E+00
1.0000E+03  1.0408E+03  1.0506E+03  1.1001E+00  1.3489E+00
1.5849E+03  8.8505E+02  8.9064E+02  1.1003E+00  1.3522E+00
2.5119E+03  6.5720E+02  6.6211E+02  1.1009E+00  1.3606E+00
3.9811E+03  4.4365E+02  4.4573E+02  1.1019E+00  1.3776E+00
6.3096E+03  2.9142E+02  2.9227E+02  1.1023E+00  1.3846E+00
1.0000E+04  1.8875E+02  1.8910E+02  1.1024E+00  1.3888E+00
Rosseland and Planck opacities and free electrons
Density     Ross opa    Planck opa  No. Free    Av Sq Free  T=  4.0000E-02
1.0000E-10  3.4081E-01  8.8243E-02  1.1018E+00  1.3724E+00
1.5849E-10  3.4112E-01  1.0245E-01  1.1017E+00  1.3716E+00
2.5119E-10  3.4148E-01  1.2247E-01  1.1017E+00  1.3705E+00
3.9811E-10  3.4199E-01  1.4544E-01  1.1016E+00  1.3693E+00
6.3096E-10  3.4264E-01  1.7290E-01  1.1015E+00  1.3680E+00
1.0000E-09  3.4337E-01  2.0623E-01  1.1014E+00  1.3665E+00
1.5849E-09  3.4430E-01  2.3810E-01  1.1013E+00  1.3654E+00
2.5119E-09  3.4532E-01  2.8368E-01  1.1012E+00  1.3640E+00
3.9811E-09  3.4672E-01  3.3230E-01  1.1012E+00  1.3632E+00
6.3096E-09  3.4825E-01  4.0832E-01  1.1011E+00  1.3620E+00
1.0000E-08  3.5067E-01  4.9442E-01  1.1010E+00  1.3613E+00
1.5849E-08  3.5340E-01  6.3088E-01  1.1010E+00  1.3600E+00
2.5119E-08  3.5785E-01  7.5742E-01  1.1009E+00  1.3590E+00
3.9811E-08  3.6306E-01  9.4047E-01  1.1008E+00  1.3575E+00
6.3096E-08  3.7073E-01  1.1149E+00  1.1007E+00  1.3562E+00
1.0000E-07  3.8023E-01  1.3271E+00  1.1006E+00  1.3547E+00
1.5849E-07  3.9436E-01  1.5929E+00  1.1005E+00  1.3533E+00
2.5119E-07  4.1374E-01  1.9327E+00  1.1004E+00  1.3521E+00
3.9811E-07  4.4179E-01  2.4167E+00  1.1003E+00  1.3508E+00
6.3096E-07  4.8419E-01  3.0555E+00  1.1002E+00  1.3500E+00
1.0000E-06  5.4389E-01  4.0067E+00  1.1001E+00  1.3488E+00
1.5849E-06  6.4414E-01  5.1553E+00  1.1001E+00  1.3479E+00
2.5119E-06  7.8138E-01  6.9713E+00  1.1000E+00  1.3466E+00
3.9811E-06  1.0354E+00  8.8720E+00  1.0999E+00  1.3456E+00
6.3096E-06  1.3966E+00  1.1885E+01  1.0998E+00  1.3441E+00
1.0000E-05  2.0395E+00  1.5021E+01  1.0997E+00  1.3429E+00
1.5849E-05  3.0103E+00  1.9582E+01  1.0995E+00  1.3414E+00
2.5119E-05  4.5975E+00  2.4557E+01  1.0994E+00  1.3400E+00
3.9811E-05  7.0248E+00  3.0995E+01  1.0992E+00  1.3385E+00
6.3096E-05  1.0668E+01  3.8891E+01  1.0991E+00  1.3370E+00
1.0000E-04  1.5985E+01  4.8380E+01  1.0989E+00  1.3355E+00
1.5849E-04  2.3511E+01  6.1631E+01  1.0986E+00  1.3335E+00
2.5119E-04  3.3456E+01  7.7772E+01  1.0983E+00  1.3318E+00
3.9811E-04  4.7070E+01  1.0216E+02  1.0979E+00  1.3294E+00
6.3096E-04  6.2959E+01  1.3185E+02  1.0975E+00  1.3274E+00
1.0000E-03  8.4475E+01  1.7890E+02  1.0969E+00  1.3243E+00
1.5849E-03  1.0647E+02  2.3753E+02  1.0962E+00  1.3216E+00
2.5119E-03  1.3549E+02  3.2986E+02  1.0950E+00  1.3175E+00
3.9811E-03  1.6376E+02  4.4947E+02  1.0935E+00  1.3133E+00
6.3096E-03  1.9870E+02  6.3046E+02  1.0913E+00  1.3073E+00
1.0000E-02  2.3550E+02  8.6861E+02  1.0889E+00  1.3009E+00
1.5849E-02  2.8030E+02  1.2079E+03  1.0859E+00  1.2932E+00
2.5119E-02  3.3564E+02  1.6683E+03  1.0827E+00  1.2843E+00
3.9811E-02  4.0271E+02  2.2738E+03  1.0800E+00  1.2753E+00
6.3096E-02  4.9338E+02  3.1397E+03  1.0767E+00  1.2633E+00
1.0000E-01  5.9644E+02  4.2012E+03  1.0742E+00  1.2518E+00
1.5849E-01  7.4451E+02  5.7774E+03  1.0705E+00  1.2349E+00
2.5119E-01  8.8259E+02  7.3425E+03  1.0672E+00  1.2217E+00
3.9811E-01  1.0903E+03  9.7661E+03  1.0621E+00  1.2008E+00
6.3096E-01  1.2775E+03  1.1530E+04  1.0601E+00  1.1927E+00
1.0000E+00  1.5569E+03  1.4133E+04  1.0571E+00  1.1808E+00
1.5849E+00  1.8690E+03  1.5665E+04  1.0582E+00  1.1838E+00
2.5119E+00  2.3253E+03  1.7450E+04  1.0606E+00  1.1908E+00
3.9811E+00  2.9137E+03  1.7706E+04  1.0659E+00  1.2090E+00
6.3096E+00  3.6882E+03  1.7514E+04  1.0733E+00  1.2345E+00
1.0000E+01  4.6041E+03  1.6468E+04  1.0823E+00  1.2658E+00
1.5849E+01  5.3960E+03  1.4557E+04  1.0892E+00  1.2906E+00
2.5119E+01  5.9034E+03  1.2174E+04  1.0940E+00  1.3098E+00
3.9811E+01  5.6919E+03  9.4562E+03  1.0963E+00  1.3202E+00
6.3096E+01  5.0762E+03  7.0848E+03  1.0980E+00  1.3287E+00
1.0000E+02  4.1648E+03  5.1304E+03  1.0990E+00  1.3343E+00
1.5849E+02  3.1880E+03  3.7125E+03  1.0991E+00  1.3362E+00
2.5119E+02  2.3094E+03  2.5298E+03  1.0992E+00  1.3380E+00
3.9811E+02  1.6914E+03  1.7896E+03  1.0993E+00  1.3400E+00
6.3096E+02  1.1377E+03  1.1769E+03  1.0995E+00  1.3429E+00
1.0000E+03  8.2356E+02  8.3843E+02  1.0999E+00  1.3464E+00
1.5849E+03  6.7679E+02  6.8393E+02  1.1002E+00  1.3509E+00
2.5119E+03  5.8008E+02  5.8396E+02  1.1014E+00  1.3673E+00
3.9811E+03  4.5450E+02  4.5833E+02  1.1020E+00  1.3779E+00
6.3096E+03  3.0537E+02  3.0699E+02  1.1022E+00  1.3829E+00
1.0000E+04  1.9956E+02  2.0022E+02  1.1024E+00  1.3872E+00
Rosseland and Planck opacities and free electrons
Density     Ross opa    Planck opa  No. Free    Av Sq Free  T=  5.0000E-02
1.0000E-10  3.4023E-01  1.0629E+00  1.1021E+00  1.3775E+00
1.5849E-10  3.4015E-01  9.2210E-01  1.1020E+00  1.3769E+00
2.5119E-10  3.4034E-01  8.0581E-01  1.1020E+00  1.3765E+00
3.9811E-10  3.4044E-01  6.2181E-01  1.1020E+00  1.3760E+00
6.3096E-10  3.4071E-01  5.0616E-01  1.1020E+00  1.3756E+00
1.0000E-09  3.4103E-01  3.6922E-01  1.1019E+00  1.3751E+00
1.5849E-09  3.4150E-01  2.7935E-01  1.1019E+00  1.3747E+00
2.5119E-09  3.4209E-01  2.2116E-01  1.1019E+00  1.3743E+00
3.9811E-09  3.4282E-01  1.7721E-01  1.1019E+00  1.3738E+00
6.3096E-09  3.4379E-01  1.7261E-01  1.1018E+00  1.3733E+00
1.0000E-08  3.4497E-01  1.7394E-01  1.1018E+00  1.3726E+00
1.5849E-08  3.4670E-01  2.0011E-01  1.1017E+00  1.3718E+00
2.5119E-08  3.4874E-01  2.4033E-01  1.1017E+00  1.3706E+00
3.9811E-08  3.5152E-01  2.9427E-01  1.1016E+00  1.3696E+00
6.3096E-08  3.5463E-01  3.7976E-01  1.1015E+00  1.3678E+00
1.0000E-07  3.5934E-01  4.7883E-01  1.1014E+00  1.3667E+00
1.5849E-07  3.6491E-01  6.3434E-01  1.1013E+00  1.3651E+00
2.5119E-07  3.7267E-01  8.2474E-01  1.1012E+00  1.3639E+00
3.9811E-07  3.8240E-01  1.1085E+00  1.1011E+00  1.3626E+00
6.3096E-07  3.9687E-01  1.4700E+00  1.1010E+00  1.3613E+00
1.0000E-06  4.1622E-01  1.9761E+00  1.1009E+00  1.3600E+00
1.5849E-06  4.4481E-01  2.6277E+00  1.1008E+00  1.3584E+00
2.5119E-06  4.8598E-01  3.4305E+00  1.1007E+00  1.3570E+00
3.9811E-06  5.4698E-01  4.5251E+00  1.1006E+00  1.3551E+00
6.3096E-06  6.4550E-01  5.6830E+00  1.1005E+00  1.3537E+00
1.0000E-05  7.9067E-01  7.4221E+00  1.1003E+00  1.3516E+00
1.5849E-05  1.0604E+00  9.1738E+00  1.1002E+00  1.3504E+00
2.5119E-05  1.4582E+00  1.1949E+01  1.1000E+00  1.3485E+00
3.9811E-05  2.2479E+00  1.4857E+01  1.0999E+00  1.3473E+00
6.3096E-05  3.4471E+00  1.9337E+01  1.0997E+00  1.3454E+00
1.0000E-04  5.5681E+00  2.4367E+01  1.0996E+00  1.3439E+00
1.5849E-04  8.8235E+00  3.1538E+01  1.0993E+00  1.3419E+00
2.5119E-04  1.3645E+01  4.0427E+01  1.0991E+00  1.3400E+00
3.9811E-04  2.0602E+01  5.2360E+01  1.0988E+00  1.3380E+00
6.3096E-04  2.9802E+01  6.8655E+01  1.0985E+00  1.3357E+00
1.0000E-03  4.1242E+01  8.9894E+01  1.0981E+00  1.3335E+00
1.5849E-03  5.5954E+01  1.2106E+02  1.0975E+00  1.3305E+00
2.5119E-03  7.1598E+01  1.6071E+02  1.0968E+00  1.3276E+00
3.9811E-03  9.2489E+01  2.2222E+02  1.0957E+00  1.3233E+00
6.3096E-03  1.1141E+02  2.9772E+02  1.0944E+00  1.3195E+00
1.0000E-02  1.3750E+02  4.1705E+02  1.0924E+00  1.3136E+00
1.5849E-02  1.6177E+02  5.6164E+02  1.0909E+00  1.3088E+00
2.5119E-02  1.9482E+02  7.8358E+02  1.0887E+00  1.3018E+00
3.9811E-02  2.3142E+02  1.0659E+03  1.0870E+00  1.2953E+00
6.3096E-02  2.7979E+02  1.4773E+03  1.0853E+00  1.2871E+00
1.0000E-01  3.3619E+02  2.0162E+03  1.0834E+00  1.2777E+00
1.5849E-01  4.0534E+02  2.7523E+03  1.0810E+00  1.2666E+00
2.5119E-01  4.8973E+02  3.7072E+03  1.0781E+00  1.2533E+00
3.9811E-01  5.8161E+02  4.8263E+03  1.0749E+00  1.2409E+00
6.3096E-01  7.0154E+02  6.2753E+03  1.0712E+00  1.2262E+00
1.0000E+00  8.2889E+02  7.5598E+03  1.0697E+00  1.2206E+00
1.5849E+00  1.0041E+03  9.1908E+03  1.0684E+00  1.2154E+00
2.5119E+00  1.2284E+03  1.0341E+04  1.0702E+00  1.2216E+00
3.9811E+00  1.5468E+03  1.1340E+04  1.0735E+00  1.2329E+00
6.3096E+00  1.9956E+03  1.1909E+04  1.0793E+00  1.2534E+00
1.0000E+01  2.5398E+03  1.1763E+04  1.0855E+00  1.2757E+00
1.5849E+01  3.1501E+03  1.1052E+04  1.0914E+00  1.2974E+00
2.5119E+01  3.6155E+03  9.6001E+03  1.0948E+00  1.3117E+00
3.9811E+01  3.9177E+03  7.9981E+03  1.0974E+00  1.3240E+00
6.3096E+01  3.7414E+03  6.1809E+03  1.0982E+00  1.3297E+00
1.0000E+02  3.2911E+03  4.5885E+03  1.0988E+00  1.3336E+00
1.5849E+02  2.7135E+03  3.3767E+03  1.0991E+00  1.3361E+00
2.5119E+02  2.0721E+03  2.4149E+03  1.0992E+00  1.3381E+00
3.9811E+02  1.5269E+03  1.6679E+03  1.0993E+00  1.3402E+00
6.3096E+02  1.0915E+03  1.1536E+03  1.0996E+00  1.3439E+00
1.0000E+03  7.4840E+02  7.7298E+02  1.1001E+00  1.3487E+00
1.5849E+03  5.5876E+02  5.6822E+02  1.1004E+00  1.3534E+00
2.5119E+03  4.6701E+02  4.7179E+02  1.1009E+00  1.3610E+00
3.9811E+03  4.0590E+02  4.0860E+02  1.1020E+00  1.3785E+00
6.3096E+03  3.1057E+02  3.1316E+02  1.1022E+00  1.3841E+00
1.0000E+04  2.0687E+02  2.0796E+02  1.1024E+00  1.3889E+00
Rosseland and Planck opacities and free electrons
Density     Ross opa    Planck opa  No. Free    Av Sq Free  T=  6.0000E-02
1.0000E-10  3.4150E-01  1.0586E+00  1.1023E+00  1.3827E+00
1.5849E-10  3.4157E-01  9.2641E-01  1.1023E+00  1.3822E+00
2.5119E-10  3.4159E-01  7.7918E-01  1.1022E+00  1.3816E+00
3.9811E-10  3.4172E-01  6.6152E-01  1.1022E+00  1.3811E+00
6.3096E-10  3.4178E-01  5.1643E-01  1.1022E+00  1.3804E+00
1.0000E-09  3.4201E-01  4.5922E-01  1.1022E+00  1.3799E+00
1.5849E-09  3.4210E-01  3.7450E-01  1.1021E+00  1.3792E+00
2.5119E-09  3.4248E-01  3.5646E-01  1.1021E+00  1.3788E+00
3.9811E-09  3.4275E-01  3.2787E-01  1.1021E+00  1.3782E+00
6.3096E-09  3.4333E-01  3.1213E-01  1.1021E+00  1.3778E+00
1.0000E-08  3.4401E-01  2.9179E-01  1.1020E+00  1.3772E+00
1.5849E-08  3.4499E-01  2.7229E-01  1.1020E+00  1.3767E+00
2.5119E-08  3.4625E-01  2.4766E-01  1.1020E+00  1.3761E+00
3.9811E-08  3.4782E-01  2.3092E-01  1.1020E+00  1.3755E+00
6.3096E-08  3.4992E-01  2.2767E-01  1.1019E+00  1.3750E+00
1.0000E-07  3.5255E-01  2.3679E-01  1.1019E+00  1.3743E+00
1.5849E-07  3.5632E-01  2.8126E-01  1.1019E+00  1.3736E+00
2.5119E-07  3.6095E-01  3.5249E-01  1.1018E+00  1.3728E+00
3.9811E-07  3.6730E-01  4.6918E-01  1.1017E+00  1.3719E+00
6.3096E-07  3.7501E-01  6.5251E-01  1.1016E+00  1.3705E+00
1.0000E-06  3.8611E-01  8.8025E-01  1.1016E+00  1.3694E+00
1.5849E-06  3.9982E-01  1.2412E+00  1.1015E+00  1.3676E+00
2.5119E-06  4.2007E-01  1.6741E+00  1.1014E+00  1.3663E+00
3.9811E-06  4.4677E-01  2.3316E+00  1.1012E+00  1.3645E+00
6.3096E-06  4.8846E-01  3.1612E+00  1.1011E+00  1.3631E+00
1.0000E-05  5.4730E-01  4.3546E+00  1.1010E+00  1.3615E+00
1.5849E-05  6.4221E-01  5.8718E+00  1.1009E+00  1.3598E+00
2.5119E-05  7.8840E-01  7.8336E+00  1.1007E+00  1.3581E+00
3.9811E-05  1.0287E+00  1.0386E+01  1.1006E+00  1.3561E+00
6.3096E-05  1.4426E+00  1.3087E+01  1.1004E+00  1.3543E+00
1.0000E-04  2.1095E+00  1.6979E+01  1.1002E+00  1.3519E+00
1.5849E-04  3.3535E+00  2.0763E+01  1.1000E+00  1.3502E+00
2.5119E-04  5.2391E+00  2.6761E+01  1.0997E+00  1.3475E+00
3.9811E-04  8.5240E+00  3.3158E+01  1.0995E+00  1.3458E+00
6.3096E-04  1.3380E+01  4.3299E+01  1.0992E+00  1.3432E+00
1.0000E-03  1.9928E+01  5.5282E+01  1.0989E+00  1.3410E+00
1.5849E-03  2.9178E+01  7.3201E+01  1.0985E+00  1.3381E+00
2.5119E-03  3.9741E+01  9.5955E+01  1.0979E+00  1.3353E+00
3.9811E-03  5.2960E+01  1.2820E+02  1.0971E+00  1.3318E+00
6.3096E-03  6.7963E+01  1.7218E+02  1.0961E+00  1.3279E+00
1.0000E-02  8.4635E+01  2.3194E+02  1.0949E+00  1.3238E+00
1.5849E-02  1.0513E+02  3.1805E+02  1.0934E+00  1.3186E+00
2.5119E-02  1.2600E+02  4.3003E+02  1.0923E+00  1.3140E+00
3.9811E-02  1.5450E+02  5.9921E+02  1.0907E+00  1.3074E+00
6.3096E-02  1.8335E+02  8.0916E+02  1.0897E+00  1.3018E+00
1.0000E-01  2.2518E+02  1.1385E+03  1.0883E+00  1.2930E+00
1.5849E-01  2.6480E+02  1.5180E+03  1.0867E+00  1.2853E+00
2.5119E-01  3.2149E+02  2.1038E+03  1.0842E+00  1.2734E+00
3.9811E-01  3.7699E+02  2.7420E+03  1.0819E+00  1.2640E+00
6.3096E-01  4.5032E+02  3.6440E+03  1.0789E+00  1.2519E+00
1.0000E+00  5.3105E+02  4.5469E+03  1.0772E+00  1.2451E+00
1.5849E+00  6.3309E+02  5.6243E+03  1.0764E+00  1.2416E+00
2.5119E+00  7.6548E+02  6.6317E+03  1.0771E+00  1.2440E+00
3.9811E+00  9.5669E+02  7.6038E+03  1.0797E+00  1.2530E+00
6.3096E+00  1.2141E+03  8.2286E+03  1.0835E+00  1.2667E+00
1.0000E+01  1.5654E+03  8.6379E+03  1.0885E+00  1.2852E+00
1.5849E+01  1.9896E+03  8.5214E+03  1.0933E+00  1.3035E+00
2.5119E+01  2.4034E+03  7.8431E+03  1.0962E+00  1.3161E+00
3.9811E+01  2.6616E+03  6.6160E+03  1.0975E+00  1.3234E+00
6.3096E+01  2.7504E+03  5.3797E+03  1.0985E+00  1.3299E+00
1.0000E+02  2.6135E+03  4.1512E+03  1.0990E+00  1.3343E+00
1.5849E+02  2.2543E+03  3.0624E+03  1.0991E+00  1.3365E+00
2.5119E+02  1.8379E+03  2.2783E+03  1.0992E+00  1.3382E+00
3.9811E+02  1.3835E+03  1.5883E+03  1.0994E+00  1.3405E+00
6.3096E+02  1.0332E+03  1.1195E+03  1.0996E+00  1.3439E+00
1.0000E+03  7.1272E+02  7.4892E+02  1.0999E+00  1.3471E+00
1.5849E+03  5.0266E+02  5.1673E+02  1.1004E+00  1.3530E+00
2.5119E+03  3.9786E+02  4.0361E+02  1.1014E+00  1.3681E+00
3.9811E+03  3.3746E+02  3.4056E+02  1.1020E+00  1.3783E+00
6.3096E+03  2.8806E+02  2.8991E+02  1.1022E+00  1.3831E+00
1.0000E+04  2.1118E+02  2.1279E+02  1.1024E+00  1.3873E+00
Rosseland and Planck opacities and free electrons
Density     Ross opa    Planck opa  No. Free    Av Sq Free  T=  7.0000E-02
1.0000E-10  3.4009E-01  1.4077E-01  1.1024E+00  1.3868E+00
1.5849E-10  3.4030E-01  1.5908E-01  1.1024E+00  1.3864E+00
2.5119E-10  3.4046E-01  1.8810E-01  1.1024E+00  1.3858E+00
3.9811E-10  3.4073E-01  2.1240E-01  1.1024E+00  1.3854E+00
6.3096E-10  3.4099E-01  2.4799E-01  1.1023E+00  1.3848E+00
1.0000E-09  3.4133E-01  2.7348E-01  1.1023E+00  1.3844E+00
1.5849E-09  3.4169E-01  2.9961E-01  1.1023E+00  1.3839E+00
2.5119E-09  3.4209E-01  3.1288E-01  1.1023E+00  1.3833E+00
3.9811E-09  3.4256E-01  3.0602E-01  1.1023E+00  1.3828E+00
6.3096E-09  3.4304E-01  2.9390E-01  1.1022E+00  1.3821E+00
1.0000E-08  3.4368E-01  2.7218E-01  1.1022E+00  1.3816E+00
1.5849E-08  3.4435E-01  2.4585E-01  1.1022E+00  1.3808E+00
2.5119E-08  3.4531E-01  2.4128E-01  1.1022E+00  1.3803E+00
3.9811E-08  3.4636E-01  2.3508E-01  1.1021E+00  1.3795E+00
6.3096E-08  3.4790E-01  2.5379E-01  1.1021E+00  1.3790E+00
1.0000E-07  3.4972E-01  2.8346E-01  1.1021E+00  1.3783E+00
1.5849E-07  3.5235E-01  3.1353E-01  1.1021E+00  1.3778E+00
2.5119E-07  3.5556E-01  3.5811E-01  1.1020E+00  1.3771E+00
3.9811E-07  3.5979E-01  4.0864E-01  1.1020E+00  1.3765E+00
6.3096E-07  3.6508E-01  4.7799E-01  1.1020E+00  1.3757E+00
1.0000E-06  3.7213E-01  5.7869E-01  1.1019E+00  1.3750E+00
1.5849E-06  3.8151E-01  7.2801E-01  1.1019E+00  1.3741E+00
2.5119E-06  3.9422E-01  9.5089E-01  1.1018E+00  1.3731E+00
3.9811E-06  4.1194E-01  1.2730E+00  1.1017E+00  1.3721E+00
6.3096E-06  4.3578E-01  1.7569E+00  1.1016E+00  1.3706E+00
1.0000E-05  4.7075E-01  2.3771E+00  1.1015E+00  1.3693E+00
1.5849E-05  5.1784E-01  3.3549E+00  1.1014E+00  1.3673E+00
2.5119E-05  5.9505E-01  4.4480E+00  1.1013E+00  1.3659E+00
3.9811E-05  7.0281E-01  6.1804E+00  1.1011E+00  1.3638E+00
6.3096E-05  8.9301E-01  8.0723E+00  1.1010E+00  1.3622E+00
1.0000E-04  1.1771E+00  1.0871E+01  1.1008E+00  1.3602E+00
1.5849E-04  1.6935E+00  1.3924E+01  1.1006E+00  1.3582E+00
2.5119E-04  2.5190E+00  1.7909E+01  1.1004E+00  1.3560E+00
3.9811E-04  3.9410E+00  2.2834E+01  1.1002E+00  1.3536E+00
6.3096E-04  6.2524E+00  2.8883E+01  1.0999E+00  1.3512E+00
1.0000E-03  9.7768E+00  3.7503E+01  1.0996E+00  1.3482E+00
1.5849E-03  1.4988E+01  4.8641E+01  1.0992E+00  1.3457E+00
2.5119E-03  2.2338E+01  6.5295E+01  1.0987E+00  1.3421E+00
3.9811E-03  3.0896E+01  8.4665E+01  1.0981E+00  1.3393E+00
6.3096E-03  4.3164E+01  1.1535E+02  1.0971E+00  1.3348E+00
1.0000E-02  5.4595E+01  1.4981E+02  1.0963E+00  1.3316E+00
1.5849E-02  7.0852E+01  2.0398E+02  1.0951E+00  1.3267E+00
2.5119E-02  8.6852E+01  2.7117E+02  1.0943E+00  1.3226E+00
3.9811E-02  1.0794E+02  3.7146E+02  1.0933E+00  1.3173E+00
6.3096E-02  1.3115E+02  5.0373E+02  1.0924E+00  1.3118E+00
1.0000E-01  1.5983E+02  6.9273E+02  1.0914E+00  1.3053E+00
1.5849E-01  1.9311E+02  9.4466E+02  1.0901E+00  1.2975E+00
2.5119E-01  2.2998E+02  1.2761E+03  1.0883E+00  1.2890E+00
3.9811E-01  2.7541E+02  1.7278E+03  1.0861E+00  1.2786E+00
6.3096E-01  3.2109E+02  2.2495E+03  1.0843E+00  1.2711E+00
1.0000E+00  3.8185E+02  2.9687E+03  1.0821E+00  1.2618E+00
1.5849E+00  4.4655E+02  3.6368E+03  1.0820E+00  1.2609E+00
2.5119E+00  5.3324E+02  4.5248E+03  1.0821E+00  1.2607E+00
3.9811E+00  6.5331E+02  5.2138E+03  1.0842E+00  1.2680E+00
6.3096E+00  8.2141E+02  5.9580E+03  1.0870E+00  1.2786E+00
1.0000E+01  1.0500E+03  6.4600E+03  1.0908E+00  1.2928E+00
1.5849E+01  1.3209E+03  6.5500E+03  1.0940E+00  1.3057E+00
2.5119E+01  1.6265E+03  6.2715E+03  1.0965E+00  1.3168E+00
3.9811E+01  1.8799E+03  5.5563E+03  1.0978E+00  1.3239E+00
6.3096E+01  2.0797E+03  4.7119E+03  1.0986E+00  1.3304E+00
1.0000E+02  2.0328E+03  3.7131E+03  1.0989E+00  1.3334E+00
1.5849E+02  1.8596E+03  2.8017E+03  1.0991E+00  1.3362E+00
2.5119E+02  1.5916E+03  2.0917E+03  1.0992E+00  1.3384E+00
3.9811E+02  1.2596E+03  1.5217E+03  1.0994E+00  1.3409E+00
6.3096E+02  9.4660E+02  1.0582E+03  1.0997E+00  1.3441E+00
1.0000E+03  6.9144E+02  7.4048E+02  1.1002E+00  1.3499E+00
1.5849E+03  4.7527E+02  4.9501E+02  1.1005E+00  1.3538E+00
2.5119E+03  3.5059E+02  3.5806E+02  1.1011E+00  1.3639E+00
3.9811E+03  2.9396E+02  2.9760E+02  1.1021E+00  1.3799E+00
6.3096E+03  2.4980E+02  2.5179E+02  1.1022E+00  1.3833E+00
1.0000E+04  2.0869E+02  2.1027E+02  1.1023E+00  1.3866E+00
Rosseland and Planck opacities and free electrons
Density     Ross opa    Planck opa  No. Free    Av Sq Free  T=  8.0000E-02
1.0000E-10  3.3930E-01  4.3506E-02  1.1025E+00  1.3906E+00
1.5849E-10  3.3967E-01  5.5184E-02  1.1025E+00  1.3901E+00
2.5119E-10  3.4003E-01  6.8781E-02  1.1025E+00  1.3896E+00
3.9811E-10  3.4045E-01  8.4514E-02  1.1025E+00  1.3891E+00
6.3096E-10  3.4089E-01  1.0111E-01  1.1025E+00  1.3886E+00
1.0000E-09  3.4134E-01  1.2393E-01  1.1024E+00  1.3880E+00
1.5849E-09  3.4185E-01  1.4964E-01  1.1024E+00  1.3875E+00
2.5119E-09  3.4233E-01  1.8754E-01  1.1024E+00  1.3869E+00
3.9811E-09  3.4295E-01  2.2227E-01  1.1024E+00  1.3864E+00
6.3096E-09  3.4352E-01  2.7731E-01  1.1024E+00  1.3857E+00
1.0000E-08  3.4428E-01  3.1469E-01  1.1024E+00  1.3853E+00
1.5849E-08  3.4503E-01  3.7086E-01  1.1023E+00  1.3846E+00
2.5119E-08  3.4593E-01  4.0781E-01  1.1023E+00  1.3841E+00
3.9811E-08  3.4693E-01  4.4813E-01  1.1023E+00  1.3835E+00
6.3096E-08  3.4811E-01  4.7906E-01  1.1023E+00  1.3829E+00
1.0000E-07  3.4957E-01  5.0158E-01  1.1022E+00  1.3822E+00
1.5849E-07  3.5136E-01  5.2656E-01  1.1022E+00  1.3815E+00
2.5119E-07  3.5378E-01  5.4886E-01  1.1022E+00  1.3808E+00
3.9811E-07  3.5678E-01  5.8069E-01  1.1022E+00  1.3800E+00
6.3096E-07  3.6079E-01  6.1896E-01  1.1021E+00  1.3794E+00
1.0000E-06  3.6589E-01  6.7827E-01  1.1021E+00  1.3785E+00
1.5849E-06  3.7304E-01  7.5610E-01  1.1021E+00  1.3780E+00
2.5119E-06  3.8211E-01  8.7945E-01  1.1020E+00  1.3771E+00
3.9811E-06  3.9483E-01  1.0431E+00  1.1020E+00  1.3764E+00
6.3096E-06  4.1139E-01  1.2992E+00  1.1019E+00  1.3754E+00
1.0000E-05  4.3524E-01  1.6446E+00  1.1019E+00  1.3745E+00
1.5849E-05  4.6755E-01  2.1670E+00  1.1018E+00  1.3733E+00
2.5119E-05  5.1540E-01  2.8747E+00  1.1017E+00  1.3720E+00
3.9811E-05  5.8383E-01  3.8868E+00  1.1016E+00  1.3705E+00
6.3096E-05  6.8831E-01  5.2549E+00  1.1014E+00  1.3688E+00
1.0000E-04  8.5044E-01  6.9927E+00  1.1013E+00  1.3670E+00
1.5849E-04  1.1036E+00  9.4456E+00  1.1011E+00  1.3647E+00
2.5119E-04  1.5373E+00  1.2101E+01  1.1009E+00  1.3629E+00
3.9811E-04  2.2029E+00  1.6188E+01  1.1007E+00  1.3602E+00
6.3096E-04  3.4179E+00  2.0405E+01  1.1005E+00  1.3583E+00
1.0000E-03  5.2549E+00  2.7085E+01  1.1002E+00  1.3553E+00
1.5849E-03  8.2531E+00  3.4930E+01  1.0999E+00  1.3529E+00
2.5119E-03  1.2717E+01  4.6936E+01  1.0994E+00  1.3494E+00
3.9811E-03  1.8607E+01  6.1180E+01  1.0989E+00  1.3463E+00
6.3096E-03  2.6798E+01  8.1384E+01  1.0981E+00  1.3424E+00
1.0000E-02  3.6491E+01  1.0722E+02  1.0974E+00  1.3384E+00
1.5849E-02  4.8278E+01  1.4167E+02  1.0965E+00  1.3344E+00
2.5119E-02  6.2732E+01  1.8986E+02  1.0956E+00  1.3295E+00
3.9811E-02  7.8369E+01  2.5250E+02  1.0950E+00  1.3253E+00
6.3096E-02  9.9168E+01  3.4519E+02  1.0942E+00  1.3195E+00
1.0000E-01  1.2035E+02  4.6262E+02  1.0934E+00  1.3143E+00
1.5849E-01  1.5042E+02  6.4412E+02  1.0923E+00  1.3062E+00
2.5119E-01  1.7679E+02  8.4586E+02  1.0910E+00  1.2999E+00
3.9811E-01  2.1429E+02  1.1607E+03  1.0889E+00  1.2899E+00
6.3096E-01  2.4766E+02  1.5021E+03  1.0877E+00  1.2841E+00
1.0000E+00  2.9170E+02  1.9998E+03  1.0860E+00  1.2766E+00
1.5849E+00  3.3964E+02  2.5057E+03  1.0857E+00  1.2745E+00
2.5119E+00  4.0059E+02  3.1565E+03  1.0861E+00  1.2749E+00
3.9811E+00  4.8083E+02  3.7516E+03  1.0874E+00  1.2794E+00
6.3096E+00  5.9734E+02  4.4423E+03  1.0898E+00  1.2882E+00
1.0000E+01  7.4434E+02  4.8739E+03  1.0923E+00  1.2978E+00
1.5849E+01  9.3806E+02  5.1746E+03  1.0950E+00  1.3092E+00
2.5119E+01  1.1672E+03  5.1394E+03  1.0971E+00  1.3188E+00
3.9811E+01  1.3893E+03  4.7471E+03  1.0981E+00  1.3251E+00
6.3096E+01  1.5435E+03  4.0512E+03  1.0986E+00  1.3297E+00
1.0000E+02  1.6018E+03  3.3233E+03  1.0989E+00  1.3336E+00
1.5849E+02  1.5432E+03  2.5908E+03  1.0991E+00  1.3366E+00
2.5119E+02  1.3684E+03  1.9357E+03  1.0992E+00  1.3383E+00
3.9811E+02  1.1414E+03  1.4561E+03  1.0994E+00  1.3413E+00
6.3096E+02  8.7376E+02  1.0176E+03  1.0997E+00  1.3448E+00
1.0000E+03  6.6147E+02  7.2384E+02  1.1002E+00  1.3498E+00
1.5849E+03  4.5810E+02  4.8415E+02  1.1005E+00  1.3542E+00
2.5119E+03  3.2605E+02  3.3633E+02  1.1010E+00  1.3612E+00
3.9811E+03  2.5715E+02  2.6118E+02  1.1017E+00  1.3734E+00
6.3096E+03  2.1929E+02  2.2154E+02  1.1022E+00  1.3829E+00
1.0000E+04  1.8779E+02  1.8907E+02  1.1024E+00  1.3889E+00
Rosseland and Planck opacities and free electrons
Density     Ross opa    Planck opa  No. Free    Av Sq Free  T=  9.0000E-02
1.0000E-10  3.3837E-01  1.6353E-02  1.1026E+00  1.3935E+00
1.5849E-10  3.3859E-01  2.3304E-02  1.1026E+00  1.3931E+00
2.5119E-10  3.3890E-01  3.5401E-02  1.1026E+00  1.3928E+00
3.9811E-10  3.3924E-01  5.4133E-02  1.1026E+00  1.3923E+00
6.3096E-10  3.3972E-01  7.7737E-02  1.1025E+00  1.3919E+00
1.0000E-09  3.4019E-01  1.1515E-01  1.1025E+00  1.3913E+00
1.5849E-09  3.4089E-01  1.4517E-01  1.1025E+00  1.3908E+00
2.5119E-09  3.4154E-01  1.8926E-01  1.1025E+00  1.3902E+00
3.9811E-09  3.4241E-01  2.1801E-01  1.1025E+00  1.3897E+00
6.3096E-09  3.4326E-01  2.4557E-01  1.1025E+00  1.3891E+00
1.0000E-08  3.4429E-01  2.6796E-01  1.1025E+00  1.3885E+00
1.5849E-08  3.4537E-01  2.8322E-01  1.1024E+00  1.3879E+00
2.5119E-08  3.4657E-01  3.0345E-01  1.1024E+00  1.3873E+00
3.9811E-08  3.4791E-01  3.2801E-01  1.1024E+00  1.3867E+00
6.3096E-08  3.4931E-01  3.6251E-01  1.1024E+00  1.3860E+00
1.0000E-07  3.5101E-01  3.9803E-01  1.1024E+00  1.3855E+00
1.5849E-07  3.5278E-01  4.5253E-01  1.1023E+00  1.3847E+00
2.5119E-07  3.5509E-01  4.9941E-01  1.1023E+00  1.3842E+00
3.9811E-07  3.5769E-01  5.7372E-01  1.1023E+00  1.3834E+00
6.3096E-07  3.6098E-01  6.4498E-01  1.1023E+00  1.3828E+00
1.0000E-06  3.6504E-01  7.5026E-01  1.1022E+00  1.3819E+00
1.5849E-06  3.7030E-01  8.4995E-01  1.1022E+00  1.3812E+00
2.5119E-06  3.7722E-01  9.7383E-01  1.1022E+00  1.3804E+00
3.9811E-06  3.8660E-01  1.1123E+00  1.1021E+00  1.3796E+00
6.3096E-06  3.9927E-01  1.2699E+00  1.1021E+00  1.3788E+00
1.0000E-05  4.1664E-01  1.4881E+00  1.1020E+00  1.3779E+00
1.5849E-05  4.4071E-01  1.7659E+00  1.1020E+00  1.3771E+00
2.5119E-05  4.7401E-01  2.1860E+00  1.1019E+00  1.3760E+00
3.9811E-05  5.2297E-01  2.7478E+00  1.1018E+00  1.3750E+00
6.3096E-05  5.9113E-01  3.6315E+00  1.1017E+00  1.3735E+00
1.0000E-04  7.0037E-01  4.7002E+00  1.1016E+00  1.3723E+00
1.5849E-04  8.5625E-01  6.3945E+00  1.1015E+00  1.3704E+00
2.5119E-04  1.1204E+00  8.3075E+00  1.1014E+00  1.3687E+00
3.9811E-04  1.5183E+00  1.1173E+01  1.1012E+00  1.3664E+00
6.3096E-04  2.2046E+00  1.4655E+01  1.1010E+00  1.3643E+00
1.0000E-03  3.2843E+00  1.9549E+01  1.1007E+00  1.3618E+00
1.5849E-03  5.0383E+00  2.5874E+01  1.1004E+00  1.3590E+00
2.5119E-03  7.7771E+00  3.4159E+01  1.1000E+00  1.3562E+00
3.9811E-03  1.1776E+01  4.5701E+01  1.0995E+00  1.3526E+00
6.3096E-03  1.7344E+01  6.0033E+01  1.0990E+00  1.3494E+00
1.0000E-02  2.5155E+01  8.1226E+01  1.0981E+00  1.3447E+00
1.5849E-02  3.3972E+01  1.0504E+02  1.0976E+00  1.3413E+00
2.5119E-02  4.6816E+01  1.4261E+02  1.0967E+00  1.3358E+00
3.9811E-02  5.9069E+01  1.8487E+02  1.0962E+00  1.3321E+00
6.3096E-02  7.6766E+01  2.5107E+02  1.0956E+00  1.3265E+00
1.0000E-01  9.4582E+01  3.3192E+02  1.0949E+00  1.3215E+00
1.5849E-01  1.1808E+02  4.5259E+02  1.0939E+00  1.3146E+00
2.5119E-01  1.4222E+02  6.0092E+02  1.0928E+00  1.3080E+00
3.9811E-01  1.7060E+02  8.0688E+02  1.0913E+00  1.3004E+00
6.3096E-01  2.0079E+02  1.0683E+03  1.0900E+00  1.2934E+00
1.0000E+00  2.3240E+02  1.3976E+03  1.0890E+00  1.2886E+00
1.5849E+00  2.7074E+02  1.8137E+03  1.0884E+00  1.2846E+00
2.5119E+00  3.1464E+02  2.2693E+03  1.0889E+00  1.2857E+00
3.9811E+00  3.7186E+02  2.8069E+03  1.0899E+00  1.2884E+00
6.3096E+00  4.5165E+02  3.3206E+03  1.0916E+00  1.2949E+00
1.0000E+01  5.5625E+02  3.7927E+03  1.0936E+00  1.3028E+00
1.5849E+01  6.9941E+02  4.1821E+03  1.0959E+00  1.3125E+00
2.5119E+01  8.5910E+02  4.1966E+03  1.0973E+00  1.3193E+00
3.9811E+01  1.0372E+03  4.0035E+03  1.0982E+00  1.3253E+00
6.3096E+01  1.1794E+03  3.5283E+03  1.0987E+00  1.3296E+00
1.0000E+02  1.2852E+03  2.9847E+03  1.0990E+00  1.3339E+00
1.5849E+02  1.2710E+03  2.3818E+03  1.0991E+00  1.3365E+00
2.5119E+02  1.1695E+03  1.7977E+03  1.0992E+00  1.3387E+00
3.9811E+02  1.0141E+03  1.3581E+03  1.0994E+00  1.3414E+00
6.3096E+02  8.1032E+02  9.8465E+02  1.1000E+00  1.3473E+00
1.0000E+03  6.1698E+02  6.9219E+02  1.1002E+00  1.3502E+00
1.5849E+03  4.4453E+02  4.7732E+02  1.1004E+00  1.3537E+00
2.5119E+03  3.1082E+02  3.2401E+02  1.1010E+00  1.3617E+00
3.9811E+03  2.3300E+02  2.3805E+02  1.1016E+00  1.3723E+00
6.3096E+03  1.9634E+02  1.9880E+02  1.1022E+00  1.3838E+00
1.0000E+04  1.6963E+02  1.7103E+02  1.1024E+00  1.3889E+00
Rosseland and Planck opacities and free electrons
Density     Ross opa    Planck opa  No. Free    Av Sq Free  T=  1.0000E-01
1.0000E-10  3.3777E-01  4.7030E-03  1.1026E+00  1.3949E+00
1.5849E-10  3.3787E-01  6.1649E-03  1.1026E+00  1.3947E+00
2.5119E-10  3.3803E-01  7.2997E-03  1.1026E+00  1.3945E+00
3.9811E-10  3.3821E-01  8.9567E-03  1.1026E+00  1.3943E+00
6.3096E-10  3.3849E-01  1.1061E-02  1.1026E+00  1.3940E+00
1.0000E-09  3.3881E-01  1.4168E-02  1.1026E+00  1.3937E+00
1.5849E-09  3.3929E-01  1.8669E-02  1.1026E+00  1.3933E+00
2.5119E-09  3.3987E-01  2.5398E-02  1.1026E+00  1.3929E+00
3.9811E-09  3.4063E-01  3.4679E-02  1.1026E+00  1.3924E+00
6.3096E-09  3.4157E-01  4.6746E-02  1.1025E+00  1.3919E+00
1.0000E-08  3.4264E-01  6.3915E-02  1.1025E+00  1.3913E+00
1.5849E-08  3.4403E-01  8.2679E-02  1.1025E+00  1.3908E+00
2.5119E-08  3.4540E-01  1.1151E-01  1.1025E+00  1.3901E+00
3.9811E-08  3.4729E-01  1.3742E-01  1.1025E+00  1.3896E+00
6.3096E-08  3.4901E-01  1.7848E-01  1.1025E+00  1.3889E+00
1.0000E-07  3.5129E-01  2.1356E-01  1.1024E+00  1.3884E+00
1.5849E-07  3.5348E-01  2.6422E-01  1.1024E+00  1.3876E+00
2.5119E-07  3.5622E-01  3.1326E-01  1.1024E+00  1.3870E+00
3.9811E-07  3.5913E-01  3.7511E-01  1.1024E+00  1.3864E+00
6.3096E-07  3.6258E-01  4.4607E-01  1.1024E+00  1.3857E+00
1.0000E-06  3.6655E-01  5.2958E-01  1.1023E+00  1.3850E+00
1.5849E-06  3.7129E-01  6.3761E-01  1.1023E+00  1.3842E+00
2.5119E-06  3.7723E-01  7.5629E-01  1.1023E+00  1.3835E+00
3.9811E-06  3.8466E-01  9.2347E-01  1.1022E+00  1.3826E+00
6.3096E-06  3.9448E-01  1.0806E+00  1.1022E+00  1.3819E+00
1.0000E-05  4.0724E-01  1.3259E+00  1.1022E+00  1.3808E+00
1.5849E-05  4.2528E-01  1.5389E+00  1.1021E+00  1.3801E+00
2.5119E-05  4.4967E-01  1.8763E+00  1.1021E+00  1.3790E+00
3.9811E-05  4.8568E-01  2.2652E+00  1.1020E+00  1.3782E+00
6.3096E-05  5.3581E-01  2.8503E+00  1.1019E+00  1.3771E+00
1.0000E-04  6.1254E-01  3.6174E+00  1.1019E+00  1.3760E+00
1.5849E-04  7.2438E-01  4.7400E+00  1.1018E+00  1.3746E+00
2.5119E-04  9.0062E-01  6.2326E+00  1.1016E+00  1.3731E+00
3.9811E-04  1.1730E+00  8.2526E+00  1.1015E+00  1.3714E+00
6.3096E-04  1.6058E+00  1.1044E+01  1.1013E+00  1.3693E+00
1.0000E-03  2.3117E+00  1.4457E+01  1.1011E+00  1.3672E+00
1.5849E-03  3.4097E+00  1.9552E+01  1.1008E+00  1.3643E+00
2.5119E-03  5.2043E+00  2.5648E+01  1.1005E+00  1.3619E+00
3.9811E-03  7.9076E+00  3.5300E+01  1.1000E+00  1.3581E+00
6.3096E-03  1.1811E+01  4.5635E+01  1.0996E+00  1.3553E+00
1.0000E-02  1.7584E+01  6.1929E+01  1.0989E+00  1.3510E+00
1.5849E-02  2.4635E+01  8.0515E+01  1.0984E+00  1.3474E+00
2.5119E-02  3.4507E+01  1.0789E+02  1.0977E+00  1.3428E+00
3.9811E-02  4.5726E+01  1.4176E+02  1.0972E+00  1.3383E+00
6.3096E-02  5.9905E+01  1.8884E+02  1.0967E+00  1.3333E+00
1.0000E-01  7.6665E+01  2.5193E+02  1.0960E+00  1.3277E+00
1.5849E-01  9.5767E+01  3.3575E+02  1.0952E+00  1.3218E+00
2.5119E-01  1.1853E+02  4.5191E+02  1.0941E+00  1.3146E+00
3.9811E-01  1.4013E+02  5.9184E+02  1.0930E+00  1.3086E+00
6.3096E-01  1.6716E+02  7.9663E+02  1.0916E+00  1.3006E+00
1.0000E+00  1.9083E+02  1.0251E+03  1.0911E+00  1.2974E+00
1.5849E+00  2.2239E+02  1.3654E+03  1.0904E+00  1.2927E+00
2.5119E+00  2.5477E+02  1.6969E+03  1.0910E+00  1.2938E+00
3.9811E+00  2.9777E+02  2.1685E+03  1.0918E+00  1.2956E+00
6.3096E+00  3.5380E+02  2.5600E+03  1.0931E+00  1.3003E+00
1.0000E+01  4.3165E+02  3.0286E+03  1.0948E+00  1.3071E+00
1.5849E+01  5.3082E+02  3.3333E+03  1.0962E+00  1.3138E+00
2.5119E+01  6.5303E+02  3.4723E+03  1.0975E+00  1.3203E+00
3.9811E+01  7.9536E+02  3.4068E+03  1.0983E+00  1.3259E+00
6.3096E+01  9.2596E+02  3.1024E+03  1.0987E+00  1.3300E+00
1.0000E+02  1.0347E+03  2.6770E+03  1.0990E+00  1.3338E+00
1.5849E+02  1.0488E+03  2.1727E+03  1.0991E+00  1.3362E+00
2.5119E+02  1.0038E+03  1.6815E+03  1.0993E+00  1.3388E+00
3.9811E+02  9.0156E+02  1.2764E+03  1.0995E+00  1.3418E+00
6.3096E+02  7.4623E+02  9.4973E+02  1.0998E+00  1.3454E+00
1.0000E+03  5.7571E+02  6.6601E+02  1.1002E+00  1.3501E+00
1.5849E+03  4.3209E+02  4.7203E+02  1.1005E+00  1.3541E+00
2.5119E+03  3.0155E+02  3.1801E+02  1.1013E+00  1.3668E+00
3.9811E+03  2.2014E+02  2.2673E+02  1.1020E+00  1.3778E+00
6.3096E+03  1.7769E+02  1.8032E+02  1.1022E+00  1.3836E+00
1.0000E+04  1.5188E+02  1.5342E+02  1.1024E+00  1.3876E+00
Rosseland and Planck opacities and free electrons
Density     Ross opa    Planck opa  No. Free    Av Sq Free  T=  1.2500E-01
1.0000E-10  3.3728E-01  9.5041E-05  1.1027E+00  1.3965E+00
1.5849E-10  3.3730E-01  1.4707E-04  1.1027E+00  1.3965E+00
2.5119E-10  3.3733E-01  2.2888E-04  1.1027E+00  1.3964E+00
3.9811E-10  3.3737E-01  3.5494E-04  1.1027E+00  1.3963E+00
6.3096E-10  3.3741E-01  5.5460E-04  1.1027E+00  1.3961E+00
1.0000E-09  3.3747E-01  8.6014E-04  1.1027E+00  1.3960E+00
1.5849E-09  3.3755E-01  1.3444E-03  1.1027E+00  1.3959E+00
2.5119E-09  3.3767E-01  2.0801E-03  1.1027E+00  1.3958E+00
3.9811E-09  3.3784E-01  3.2388E-03  1.1027E+00  1.3956E+00
6.3096E-09  3.3809E-01  4.9761E-03  1.1027E+00  1.3954E+00
1.0000E-08  3.3843E-01  7.6686E-03  1.1026E+00  1.3952E+00
1.5849E-08  3.3894E-01  1.1675E-02  1.1026E+00  1.3950E+00
2.5119E-08  3.3961E-01  1.7697E-02  1.1026E+00  1.3947E+00
3.9811E-08  3.4051E-01  2.6589E-02  1.1026E+00  1.3944E+00
6.3096E-08  3.4175E-01  3.8995E-02  1.1026E+00  1.3941E+00
1.0000E-07  3.4329E-01  5.7594E-02  1.1026E+00  1.3937E+00
1.5849E-07  3.4563E-01  7.9832E-02  1.1026E+00  1.3933E+00
2.5119E-07  3.4810E-01  1.1508E-01  1.1026E+00  1.3927E+00
3.9811E-07  3.5211E-01  1.4972E-01  1.1026E+00  1.3922E+00
6.3096E-07  3.5617E-01  2.0424E-01  1.1025E+00  1.3915E+00
1.0000E-06  3.6206E-01  2.5868E-01  1.1025E+00  1.3909E+00
1.5849E-06  3.6805E-01  3.3581E-01  1.1025E+00  1.3902E+00
2.5119E-06  3.7564E-01  4.1899E-01  1.1025E+00  1.3895E+00
3.9811E-06  3.8377E-01  5.2352E-01  1.1024E+00  1.3887E+00
6.3096E-06  3.9359E-01  6.4830E-01  1.1024E+00  1.3879E+00
1.0000E-05  4.0498E-01  7.8814E-01  1.1024E+00  1.3872E+00
1.5849E-05  4.1865E-01  9.7561E-01  1.1024E+00  1.3863E+00
2.5119E-05  4.3593E-01  1.1716E+00  1.1023E+00  1.3855E+00
3.9811E-05  4.5750E-01  1.4638E+00  1.1023E+00  1.3845E+00
6.3096E-05  4.8729E-01  1.7663E+00  1.1022E+00  1.3837E+00
1.0000E-04  5.2666E-01  2.2458E+00  1.1022E+00  1.3824E+00
1.5849E-04  5.8539E-01  2.7632E+00  1.1021E+00  1.3816E+00
2.5119E-04  6.6749E-01  3.5694E+00  1.1020E+00  1.3803E+00
3.9811E-04  7.9651E-01  4.5319E+00  1.1020E+00  1.3792E+00
6.3096E-04  9.8736E-01  5.9486E+00  1.1019E+00  1.3777E+00
1.0000E-03  1.2955E+00  7.7573E+00  1.1017E+00  1.3762E+00
1.5849E-03  1.7733E+00  1.0277E+01  1.1016E+00  1.3745E+00
2.5119E-03  2.5389E+00  1.3758E+01  1.1013E+00  1.3723E+00
3.9811E-03  3.7469E+00  1.8459E+01  1.1010E+00  1.3699E+00
6.3096E-03  5.5957E+00  2.5155E+01  1.1006E+00  1.3668E+00
1.0000E-02  8.3716E+00  3.3184E+01  1.1002E+00  1.3639E+00
1.5849E-02  1.2459E+01  4.5402E+01  1.0997E+00  1.3596E+00
2.5119E-02  1.7912E+01  5.9016E+01  1.0994E+00  1.3564E+00
3.9811E-02  2.5819E+01  8.0503E+01  1.0989E+00  1.3513E+00
6.3096E-02  3.4763E+01  1.0448E+02  1.0985E+00  1.3473E+00
1.0000E-01  4.7098E+01  1.4121E+02  1.0980E+00  1.3415E+00
1.5849E-01  6.0257E+01  1.8490E+02  1.0974E+00  1.3362E+00
2.5119E-01  7.6498E+01  2.4774E+02  1.0965E+00  1.3296E+00
3.9811E-01  9.2109E+01  3.2389E+02  1.0957E+00  1.3235E+00
6.3096E-01  1.0811E+02  4.2380E+02  1.0949E+00  1.3179E+00
1.0000E+00  1.2496E+02  5.5459E+02  1.0942E+00  1.3126E+00
1.5849E+00  1.4163E+02  7.1650E+02  1.0941E+00  1.3102E+00
2.5119E+00  1.6150E+02  9.3287E+02  1.0942E+00  1.3081E+00
3.9811E+00  1.8345E+02  1.1770E+03  1.0947E+00  1.3091E+00
6.3096E+00  2.1211E+02  1.4806E+03  1.0955E+00  1.3107E+00
1.0000E+01  2.4971E+02  1.7735E+03  1.0963E+00  1.3140E+00
1.5849E+01  2.9992E+02  2.0589E+03  1.0972E+00  1.3181E+00
2.5119E+01  3.6825E+02  2.2851E+03  1.0980E+00  1.3229E+00
3.9811E+01  4.4600E+02  2.3305E+03  1.0985E+00  1.3267E+00
6.3096E+01  5.3704E+02  2.2640E+03  1.0988E+00  1.3309E+00
1.0000E+02  6.1535E+02  2.0354E+03  1.0990E+00  1.3337E+00
1.5849E+02  6.8161E+02  1.7549E+03  1.0991E+00  1.3362E+00
2.5119E+02  6.8919E+02  1.4283E+03  1.0993E+00  1.3389E+00
3.9811E+02  6.5832E+02  1.0987E+03  1.0995E+00  1.3419E+00
6.3096E+02  5.9333E+02  8.4267E+02  1.0999E+00  1.3461E+00
1.0000E+03  4.8851E+02  6.1734E+02  1.1002E+00  1.3502E+00
1.5849E+03  3.8035E+02  4.3746E+02  1.1004E+00  1.3529E+00
2.5119E+03  2.8088E+02  3.0622E+02  1.1011E+00  1.3627E+00
3.9811E+03  1.9859E+02  2.0900E+02  1.1018E+00  1.3747E+00
6.3096E+03  1.4773E+02  1.5193E+02  1.1022E+00  1.3826E+00
1.0000E+04  1.2167E+02  1.2340E+02  1.1024E+00  1.3891E+00
Rosseland and Planck opacities and free electrons
Density     Ross opa    Planck opa  No. Free    Av Sq Free  T=  1.5000E-01
1.0000E-10  3.3698E-01  1.8812E-05  1.1027E+00  1.3973E+00
1.5849E-10  3.3699E-01  2.8573E-05  1.1027E+00  1.3972E+00
2.5119E-10  3.3701E-01  4.3778E-05  1.1027E+00  1.3972E+00
3.9811E-10  3.3703E-01  6.5815E-05  1.1027E+00  1.3971E+00
6.3096E-10  3.3705E-01  9.8955E-05  1.1027E+00  1.3971E+00
1.0000E-09  3.3708E-01  1.4817E-04  1.1027E+00  1.3970E+00
1.5849E-09  3.3713E-01  2.2042E-04  1.1027E+00  1.3969E+00
2.5119E-09  3.3718E-01  3.3207E-04  1.1027E+00  1.3968E+00
3.9811E-09  3.3725E-01  4.9812E-04  1.1027E+00  1.3967E+00
6.3096E-09  3.3734E-01  7.5934E-04  1.1027E+00  1.3966E+00
1.0000E-08  3.3745E-01  1.1441E-03  1.1027E+00  1.3965E+00
1.5849E-08  3.3758E-01  1.7539E-03  1.1027E+00  1.3964E+00
2.5119E-08  3.3775E-01  2.6534E-03  1.1027E+00  1.3963E+00
3.9811E-08  3.3796E-01  4.0704E-03  1.1027E+00  1.3961E+00
6.3096E-08  3.3830E-01  6.1945E-03  1.1027E+00  1.3960E+00
1.0000E-07  3.3877E-01  9.5057E-03  1.1027E+00  1.3958E+00
1.5849E-07  3.3949E-01  1.4427E-02  1.1027E+00  1.3956E+00
2.5119E-07  3.4045E-01  2.1908E-02  1.1027E+00  1.3954E+00
3.9811E-07  3.4183E-01  3.3030E-02  1.1026E+00  1.3951E+00
6.3096E-07  3.4375E-01  4.9220E-02  1.1026E+00  1.3949E+00
1.0000E-06  3.4625E-01  7.3527E-02  1.1026E+00  1.3945E+00
1.5849E-06  3.5001E-01  1.0599E-01  1.1026E+00  1.3941E+00
2.5119E-06  3.5449E-01  1.5653E-01  1.1026E+00  1.3936E+00
3.9811E-06  3.6190E-01  2.1410E-01  1.1026E+00  1.3932E+00
6.3096E-06  3.7003E-01  3.0535E-01  1.1026E+00  1.3924E+00
1.0000E-05  3.8273E-01  3.9979E-01  1.1025E+00  1.3919E+00
1.5849E-05  3.9665E-01  5.4068E-01  1.1025E+00  1.3910E+00
2.5119E-05  4.1567E-01  6.9149E-01  1.1025E+00  1.3903E+00
3.9811E-05  4.3718E-01  8.9256E-01  1.1025E+00  1.3894E+00
6.3096E-05  4.6471E-01  1.1327E+00  1.1024E+00  1.3886E+00
1.0000E-04  4.9830E-01  1.4272E+00  1.1024E+00  1.3877E+00
1.5849E-04  5.4172E-01  1.8202E+00  1.1024E+00  1.3867E+00
2.5119E-04  5.9923E-01  2.2790E+00  1.1023E+00  1.3857E+00
3.9811E-04  6.7688E-01  2.9466E+00  1.1023E+00  1.3845E+00
6.3096E-04  7.9097E-01  3.6831E+00  1.1022E+00  1.3835E+00
1.0000E-03  9.5194E-01  4.8410E+00  1.1022E+00  1.3819E+00
1.5849E-03  1.2132E+00  6.0835E+00  1.1021E+00  1.3807E+00
2.5119E-03  1.5985E+00  8.0510E+00  1.1020E+00  1.3789E+00
3.9811E-03  2.2416E+00  1.0495E+01  1.1019E+00  1.3774E+00
6.3096E-03  3.2182E+00  1.4208E+01  1.1017E+00  1.3752E+00
1.0000E-02  4.7724E+00  1.8937E+01  1.1016E+00  1.3729E+00
1.5849E-02  7.1047E+00  2.5736E+01  1.1014E+00  1.3701E+00
2.5119E-02  1.0483E+01  3.4712E+01  1.1011E+00  1.3669E+00
3.9811E-02  1.5204E+01  4.6721E+01  1.1008E+00  1.3632E+00
6.3096E-02  2.1507E+01  6.3360E+01  1.1003E+00  1.3584E+00
1.0000E-01  2.9149E+01  8.3720E+01  1.0998E+00  1.3539E+00
1.5849E-01  3.9052E+01  1.1379E+02  1.0990E+00  1.3474E+00
2.5119E-01  4.9090E+01  1.4879E+02  1.0984E+00  1.3424E+00
3.9811E-01  6.1942E+01  2.0341E+02  1.0973E+00  1.3345E+00
6.3096E-01  7.1303E+01  2.5793E+02  1.0969E+00  1.3306E+00
1.0000E+00  8.3538E+01  3.4244E+02  1.0962E+00  1.3244E+00
1.5849E+00  9.3870E+01  4.3565E+02  1.0961E+00  1.3217E+00
2.5119E+00  1.0668E+02  5.7025E+02  1.0962E+00  1.3191E+00
3.9811E+00  1.1996E+02  7.2437E+02  1.0964E+00  1.3182E+00
6.3096E+00  1.3702E+02  9.2830E+02  1.0968E+00  1.3183E+00
1.0000E+01  1.5806E+02  1.1319E+03  1.0973E+00  1.3195E+00
1.5849E+01  1.8784E+02  1.3729E+03  1.0979E+00  1.3219E+00
2.5119E+01  2.2452E+02  1.5353E+03  1.0983E+00  1.3246E+00
3.9811E+01  2.7429E+02  1.6650E+03  1.0986E+00  1.3280E+00
6.3096E+01  3.3553E+02  1.6912E+03  1.0989E+00  1.3317E+00
1.0000E+02  4.0089E+02  1.6080E+03  1.0991E+00  1.3349E+00
1.5849E+02  4.5014E+02  1.4138E+03  1.0992E+00  1.3367E+00
2.5119E+02  4.8317E+02  1.1962E+03  1.0993E+00  1.3392E+00
3.9811E+02  4.8955E+02  9.7418E+02  1.0996E+00  1.3430E+00
6.3096E+02  4.6533E+02  7.4801E+02  1.1000E+00  1.3480E+00
1.0000E+03  4.1172E+02  5.7307E+02  1.1002E+00  1.3504E+00
1.5849E+03  3.3141E+02  4.0792E+02  1.1005E+00  1.3539E+00
2.5119E+03  2.6119E+02  2.9609E+02  1.1014E+00  1.3677E+00
3.9811E+03  1.8674E+02  2.0168E+02  1.1019E+00  1.3763E+00
6.3096E+03  1.3429E+02  1.4042E+02  1.1022E+00  1.3842E+00
1.0000E+04  1.0283E+02  1.0525E+02  1.1024E+00  1.3879E+00
Rosseland and Planck opacities and free electrons
Density     Ross opa    Planck opa  No. Free    Av Sq Free  T=  1.7500E-01
1.0000E-10  3.3677E-01  4.5538E-06  1.1027E+00  1.3975E+00
1.5849E-10  3.3678E-01  6.9430E-06  1.1027E+00  1.3975E+00
2.5119E-10  3.3678E-01  1.0504E-05  1.1027E+00  1.3974E+00
3.9811E-10  3.3679E-01  1.6117E-05  1.1027E+00  1.3974E+00
6.3096E-10  3.3679E-01  2.4616E-05  1.1027E+00  1.3974E+00
1.0000E-09  3.3681E-01  3.8087E-05  1.1027E+00  1.3974E+00
1.5849E-09  3.3683E-01  5.8106E-05  1.1027E+00  1.3974E+00
2.5119E-09  3.3685E-01  8.9686E-05  1.1027E+00  1.3973E+00
3.9811E-09  3.3689E-01  1.3659E-04  1.1027E+00  1.3973E+00
6.3096E-09  3.3693E-01  2.0961E-04  1.1027E+00  1.3972E+00
1.0000E-08  3.3700E-01  3.1885E-04  1.1027E+00  1.3972E+00
1.5849E-08  3.3708E-01  4.8599E-04  1.1027E+00  1.3971E+00
2.5119E-08  3.3718E-01  7.3634E-04  1.1027E+00  1.3970E+00
3.9811E-08  3.3731E-01  1.1060E-03  1.1027E+00  1.3969E+00
6.3096E-08  3.3747E-01  1.6772E-03  1.1027E+00  1.3968E+00
1.0000E-07  3.3768E-01  2.5206E-03  1.1027E+00  1.3967E+00
1.5849E-07  3.3795E-01  3.8491E-03  1.1027E+00  1.3966E+00
2.5119E-07  3.3830E-01  5.7954E-03  1.1027E+00  1.3965E+00
3.9811E-07  3.3876E-01  8.8801E-03  1.1027E+00  1.3964E+00
6.3096E-07  3.3949E-01  1.3426E-02  1.1027E+00  1.3962E+00
1.0000E-06  3.4046E-01  2.0578E-02  1.1027E+00  1.3960E+00
1.5849E-06  3.4195E-01  3.0959E-02  1.1027E+00  1.3958E+00
2.5119E-06  3.4388E-01  4.6943E-02  1.1027E+00  1.3956E+00
3.9811E-06  3.4680E-01  7.0067E-02  1.1026E+00  1.3953E+00
6.3096E-06  3.5073E-01  1.0441E-01  1.1026E+00  1.3950E+00
1.0000E-05  3.5647E-01  1.5406E-01  1.1026E+00  1.3946E+00
1.5849E-05  3.6478E-01  2.2269E-01  1.1026E+00  1.3942E+00
2.5119E-05  3.7601E-01  3.2376E-01  1.1026E+00  1.3936E+00
3.9811E-05  3.9313E-01  4.4579E-01  1.1026E+00  1.3930E+00
6.3096E-05  4.1394E-01  6.3634E-01  1.1025E+00  1.3922E+00
1.0000E-04  4.4664E-01  8.2909E-01  1.1025E+00  1.3916E+00
1.5849E-04  4.8492E-01  1.1346E+00  1.1025E+00  1.3905E+00
2.5119E-04  5.3961E-01  1.4457E+00  1.1025E+00  1.3897E+00
3.9811E-04  6.0656E-01  1.9036E+00  1.1024E+00  1.3886E+00
6.3096E-04  6.9971E-01  2.4254E+00  1.1024E+00  1.3876E+00
1.0000E-03  8.2305E-01  3.1373E+00  1.1023E+00  1.3865E+00
1.5849E-03  1.0014E+00  4.0406E+00  1.1023E+00  1.3852E+00
2.5119E-03  1.2587E+00  5.2074E+00  1.1022E+00  1.3838E+00
3.9811E-03  1.6499E+00  6.8473E+00  1.1021E+00  1.3822E+00
6.3096E-03  2.2566E+00  8.9414E+00  1.1020E+00  1.3806E+00
1.0000E-02  3.1762E+00  1.2067E+01  1.1019E+00  1.3784E+00
1.5849E-02  4.6258E+00  1.5882E+01  1.1018E+00  1.3764E+00
2.5119E-02  6.7342E+00  2.1913E+01  1.1015E+00  1.3733E+00
3.9811E-02  9.7672E+00  2.8935E+01  1.1013E+00  1.3706E+00
6.3096E-02  1.3939E+01  4.0031E+01  1.1009E+00  1.3664E+00
1.0000E-01  1.8974E+01  5.2995E+01  1.1005E+00  1.3625E+00
1.5849E-01  2.5452E+01  7.2260E+01  1.0999E+00  1.3570E+00
2.5119E-01  3.2368E+01  9.5739E+01  1.0994E+00  1.3518E+00
3.9811E-01  4.0162E+01  1.2813E+02  1.0987E+00  1.3459E+00
6.3096E-01  4.7822E+01  1.6911E+02  1.0981E+00  1.3401E+00
1.0000E+00  5.5207E+01  2.2083E+02  1.0977E+00  1.3355E+00
1.5849E+00  6.3472E+01  2.9045E+02  1.0974E+00  1.3305E+00
2.5119E+00  7.1387E+01  3.7310E+02  1.0974E+00  1.3282E+00
3.9811E+00  8.1414E+01  4.8827E+02  1.0975E+00  1.3254E+00
6.3096E+00  9.1794E+01  6.1406E+02  1.0977E+00  1.3247E+00
1.0000E+01  1.0617E+02  7.7996E+02  1.0980E+00  1.3242E+00
1.5849E+01  1.2356E+02  9.3544E+02  1.0982E+00  1.3252E+00
2.5119E+01  1.4777E+02  1.0995E+03  1.0985E+00  1.3269E+00
3.9811E+01  1.8031E+02  1.2255E+03  1.0988E+00  1.3295E+00
6.3096E+01  2.1896E+02  1.2744E+03  1.0989E+00  1.3319E+00
1.0000E+02  2.6609E+02  1.2585E+03  1.0991E+00  1.3347E+00
1.5849E+02  3.1047E+02  1.1566E+03  1.0992E+00  1.3374E+00
2.5119E+02  3.5230E+02  1.0211E+03  1.0994E+00  1.3402E+00
3.9811E+02  3.6581E+02  8.4894E+02  1.0999E+00  1.3456E+00
6.3096E+02  3.6273E+02  6.6897E+02  1.1001E+00  1.3493E+00
1.0000E+03  3.3921E+02  5.1823E+02  1.1002E+00  1.3508E+00
1.5849E+03  2.8976E+02  3.8502E+02  1.1006E+00  1.3553E+00
2.5119E+03  2.3416E+02  2.7806E+02  1.1015E+00  1.3695E+00
3.9811E+03  1.7722E+02  1.9711E+02  1.1020E+00  1.3783E+00
6.3096E+03  1.2575E+02  1.3405E+02  1.1023E+00  1.3844E+00
1.0000E+04  9.3049E+01  9.6511E+01  1.1024E+00  1.3884E+00
Rosseland and Planck opacities and free electrons
Density     Ross opa    Planck opa  No. Free    Av Sq Free  T=  2.0000E-01
1.0000E-10  3.3660E-01  1.7430E-06  1.1027E+00  1.3976E+00
1.5849E-10  3.3660E-01  2.6786E-06  1.1027E+00  1.3976E+00
2.5119E-10  3.3660E-01  3.9932E-06  1.1027E+00  1.3976E+00
3.9811E-10  3.3661E-01  6.0325E-06  1.1027E+00  1.3976E+00
6.3096E-10  3.3661E-01  8.9650E-06  1.1027E+00  1.3976E+00
1.0000E-09  3.3662E-01  1.3415E-05  1.1027E+00  1.3975E+00
1.5849E-09  3.3662E-01  2.0064E-05  1.1027E+00  1.3975E+00
2.5119E-09  3.3664E-01  3.0060E-05  1.1027E+00  1.3975E+00
3.9811E-09  3.3665E-01  4.5292E-05  1.1027E+00  1.3975E+00
6.3096E-09  3.3667E-01  6.7732E-05  1.1027E+00  1.3975E+00
1.0000E-08  3.3671E-01  1.0306E-04  1.1027E+00  1.3974E+00
1.5849E-08  3.3675E-01  1.5721E-04  1.1027E+00  1.3974E+00
2.5119E-08  3.3681E-01  2.4302E-04  1.1027E+00  1.3974E+00
3.9811E-08  3.3689E-01  3.7107E-04  1.1027E+00  1.3973E+00
6.3096E-08  3.3699E-01  5.7370E-04  1.1027E+00  1.3973E+00
1.0000E-07  3.3713E-01  8.8045E-04  1.1027E+00  1.3972E+00
1.5849E-07  3.3730E-01  1.3621E-03  1.1027E+00  1.3972E+00
2.5119E-07  3.3752E-01  2.0941E-03  1.1027E+00  1.3971E+00
3.9811E-07  3.3781E-01  3.2307E-03  1.1027E+00  1.3970E+00
6.3096E-07  3.3819E-01  4.9784E-03  1.1027E+00  1.3969E+00
1.0000E-06  3.3870E-01  7.6668E-03  1.1027E+00  1.3968E+00
1.5849E-06  3.3937E-01  1.1842E-02  1.1027E+00  1.3967E+00
2.5119E-06  3.4032E-01  1.8187E-02  1.1027E+00  1.3965E+00
3.9811E-06  3.4160E-01  2.8126E-02  1.1027E+00  1.3963E+00
6.3096E-06  3.4351E-01  4.2702E-02  1.1027E+00  1.3962E+00
1.0000E-05  3.4602E-01  6.5804E-02  1.1027E+00  1.3959E+00
1.5849E-05  3.5008E-01  9.7896E-02  1.1027E+00  1.3957E+00
2.5119E-05  3.5530E-01  1.4840E-01  1.1026E+00  1.3953E+00
3.9811E-05  3.6383E-01  2.1535E-01  1.1026E+00  1.3950E+00
6.3096E-05  3.7522E-01  3.1654E-01  1.1026E+00  1.3946E+00
1.0000E-04  3.9347E-01  4.4559E-01  1.1026E+00  1.3940E+00
1.5849E-04  4.1882E-01  6.2359E-01  1.1026E+00  1.3934E+00
2.5119E-04  4.5690E-01  8.5478E-01  1.1026E+00  1.3927E+00
3.9811E-04  5.1155E-01  1.1345E+00  1.1025E+00  1.3919E+00
6.3096E-04  5.8690E-01  1.5294E+00  1.1025E+00  1.3909E+00
1.0000E-03  6.9487E-01  1.9753E+00  1.1025E+00  1.3900E+00
1.5849E-03  8.3912E-01  2.6577E+00  1.1024E+00  1.3886E+00
2.5119E-03  1.0473E+00  3.3973E+00  1.1023E+00  1.3876E+00
3.9811E-03  1.3353E+00  4.5693E+00  1.1023E+00  1.3859E+00
6.3096E-03  1.7718E+00  5.9021E+00  1.1022E+00  1.3846E+00
1.0000E-02  2.4014E+00  7.9497E+00  1.1021E+00  1.3827E+00
1.5849E-02  3.3717E+00  1.0481E+01  1.1020E+00  1.3809E+00
2.5119E-02  4.7744E+00  1.4178E+01  1.1018E+00  1.3786E+00
3.9811E-02  6.7779E+00  1.9062E+01  1.1016E+00  1.3759E+00
6.3096E-02  9.4990E+00  2.5883E+01  1.1014E+00  1.3728E+00
1.0000E-01  1.2981E+01  3.5262E+01  1.1010E+00  1.3688E+00
1.5849E-01  1.7119E+01  4.7415E+01  1.1006E+00  1.3647E+00
2.5119E-01  2.2118E+01  6.4879E+01  1.1000E+00  1.3591E+00
3.9811E-01  2.6979E+01  8.5337E+01  1.0996E+00  1.3545E+00
6.3096E-01  3.2996E+01  1.1646E+02  1.0989E+00  1.3476E+00
1.0000E+00  3.7535E+01  1.5039E+02  1.0987E+00  1.3440E+00
1.5849E+00  4.3672E+01  2.0297E+02  1.0984E+00  1.3383E+00
2.5119E+00  4.8994E+01  2.5976E+02  1.0983E+00  1.3356E+00
3.9811E+00  5.6272E+01  3.4405E+02  1.0983E+00  1.3320E+00
6.3096E+00  6.3586E+01  4.3358E+02  1.0984E+00  1.3303E+00
1.0000E+01  7.3611E+01  5.5388E+02  1.0985E+00  1.3287E+00
1.5849E+01  8.5263E+01  6.7284E+02  1.0986E+00  1.3285E+00
2.5119E+01  1.0194E+02  8.1860E+02  1.0988E+00  1.3291E+00
3.9811E+01  1.2304E+02  9.1405E+02  1.0989E+00  1.3310E+00
6.3096E+01  1.5192E+02  9.9259E+02  1.0991E+00  1.3336E+00
1.0000E+02  1.8758E+02  1.0120E+03  1.0992E+00  1.3364E+00
1.5849E+02  2.2450E+02  9.6705E+02  1.0993E+00  1.3383E+00
2.5119E+02  2.5599E+02  8.6305E+02  1.0995E+00  1.3409E+00
3.9811E+02  2.7810E+02  7.3805E+02  1.0997E+00  1.3446E+00
6.3096E+02  2.8733E+02  6.0872E+02  1.1002E+00  1.3494E+00
1.0000E+03  2.7915E+02  4.7180E+02  1.1002E+00  1.3507E+00
1.5849E+03  2.5323E+02  3.6521E+02  1.1006E+00  1.3565E+00
2.5119E+03  2.1077E+02  2.6457E+02  1.1019E+00  1.3757E+00
3.9811E+03  1.6668E+02  1.9166E+02  1.1021E+00  1.3802E+00
6.3096E+03  1.1942E+02  1.3015E+02  1.1022E+00  1.3843E+00
1.0000E+04  8.6602E+01  9.1062E+01  1.1024E+00  1.3893E+00
Rosseland and Planck opacities and free electrons
Density     Ross opa    Planck opa  No. Free    Av Sq Free  T=  2.2500E-01
1.0000E-10  3.3626E-01  7.8734E-07  1.1027E+00  1.3977E+00
1.5849E-10  3.3626E-01  1.1753E-06  1.1027E+00  1.3977E+00
2.5119E-10  3.3626E-01  1.7918E-06  1.1027E+00  1.3977E+00
3.9811E-10  3.3626E-01  2.7715E-06  1.1027E+00  1.3977E+00
6.3096E-10  3.3626E-01  4.2328E-06  1.1027E+00  1.3977E+00
1.0000E-09  3.3627E-01  6.2389E-06  1.1027E+00  1.3976E+00
1.5849E-09  3.3627E-01  9.3705E-06  1.1027E+00  1.3976E+00
2.5119E-09  3.3627E-01  1.3787E-05  1.1027E+00  1.3976E+00
3.9811E-09  3.3628E-01  2.0786E-05  1.1027E+00  1.3976E+00
6.3096E-09  3.3629E-01  3.0865E-05  1.1027E+00  1.3976E+00
1.0000E-08  3.3631E-01  4.6740E-05  1.1027E+00  1.3976E+00
1.5849E-08  3.3633E-01  6.9693E-05  1.1027E+00  1.3975E+00
2.5119E-08  3.3636E-01  1.0518E-04  1.1027E+00  1.3975E+00
3.9811E-08  3.3640E-01  1.5947E-04  1.1027E+00  1.3975E+00
6.3096E-08  3.3647E-01  2.4376E-04  1.1027E+00  1.3975E+00
1.0000E-07  3.3655E-01  3.7300E-04  1.1027E+00  1.3974E+00
1.5849E-07  3.3667E-01  5.7006E-04  1.1027E+00  1.3974E+00
2.5119E-07  3.3682E-01  8.7725E-04  1.1027E+00  1.3974E+00
3.9811E-07  3.3703E-01  1.3438E-03  1.1027E+00  1.3973E+00
6.3096E-07  3.3730E-01  2.0786E-03  1.1027E+00  1.3973E+00
1.0000E-06  3.3765E-01  3.1655E-03  1.1027E+00  1.3972E+00
1.5849E-06  3.3810E-01  4.8880E-03  1.1027E+00  1.3971E+00
2.5119E-06  3.3869E-01  7.3572E-03  1.1027E+00  1.3971E+00
3.9811E-06  3.3946E-01  1.1234E-02  1.1027E+00  1.3969E+00
6.3096E-06  3.4052E-01  1.6891E-02  1.1027E+00  1.3968E+00
1.0000E-05  3.4196E-01  2.5629E-02  1.1027E+00  1.3967E+00
1.5849E-05  3.4404E-01  3.8524E-02  1.1027E+00  1.3965E+00
2.5119E-05  3.4696E-01  5.8006E-02  1.1027E+00  1.3963E+00
3.9811E-05  3.5127E-01  8.6971E-02  1.1027E+00  1.3961E+00
6.3096E-05  3.5759E-01  1.2903E-01  1.1027E+00  1.3958E+00
1.0000E-04  3.6665E-01  1.9256E-01  1.1026E+00  1.3954E+00
1.5849E-04  3.8086E-01  2.7869E-01  1.1026E+00  1.3951E+00
2.5119E-04  4.0040E-01  4.1352E-01  1.1026E+00  1.3945E+00
3.9811E-04  4.3422E-01  5.7834E-01  1.1026E+00  1.3940E+00
6.3096E-04  4.7983E-01  8.3945E-01  1.1026E+00  1.3932E+00
1.0000E-03  5.5781E-01  1.1440E+00  1.1025E+00  1.3925E+00
1.5849E-03  6.6530E-01  1.6060E+00  1.1025E+00  1.3915E+00
2.5119E-03  8.3027E-01  2.1582E+00  1.1025E+00  1.3905E+00
3.9811E-03  1.0624E+00  2.9362E+00  1.1024E+00  1.3892E+00
6.3096E-03  1.3990E+00  3.9464E+00  1.1023E+00  1.3878E+00
1.0000E-02  1.8782E+00  5.2972E+00  1.1023E+00  1.3863E+00
1.5849E-02  2.5806E+00  7.1867E+00  1.1022E+00  1.3844E+00
2.5119E-02  3.5755E+00  9.6051E+00  1.1020E+00  1.3826E+00
3.9811E-02  4.9754E+00  1.3202E+01  1.1019E+00  1.3799E+00
6.3096E-02  6.8066E+00  1.7624E+01  1.1017E+00  1.3774E+00
1.0000E-01  9.2713E+00  2.4575E+01  1.1013E+00  1.3735E+00
1.5849E-01  1.1991E+01  3.2557E+01  1.1010E+00  1.3703E+00
2.5119E-01  1.5510E+01  4.5108E+01  1.1005E+00  1.3653E+00
3.9811E-01  1.8870E+01  5.9642E+01  1.1002E+00  1.3612E+00
6.3096E-01  2.2922E+01  8.1200E+01  1.0997E+00  1.3555E+00
1.0000E+00  2.6550E+01  1.0722E+02  1.0994E+00  1.3509E+00
1.5849E+00  3.0507E+01  1.4327E+02  1.0992E+00  1.3461E+00
2.5119E+00  3.4762E+01  1.8872E+02  1.0990E+00  1.3418E+00
3.9811E+00  3.9598E+01  2.4726E+02  1.0990E+00  1.3385E+00
6.3096E+00  4.5417E+01  3.2089E+02  1.0989E+00  1.3352E+00
1.0000E+01  5.2199E+01  4.0358E+02  1.0989E+00  1.3333E+00
1.5849E+01  6.1122E+01  5.0412E+02  1.0989E+00  1.3316E+00
2.5119E+01  7.2212E+01  6.0892E+02  1.0990E+00  1.3316E+00
3.9811E+01  8.7500E+01  7.0639E+02  1.0991E+00  1.3325E+00
6.3096E+01  1.0946E+02  7.9307E+02  1.0992E+00  1.3347E+00
1.0000E+02  1.3450E+02  8.1725E+02  1.0993E+00  1.3369E+00
1.5849E+02  1.6408E+02  8.0422E+02  1.0994E+00  1.3390E+00
2.5119E+02  1.9108E+02  7.3650E+02  1.0995E+00  1.3412E+00
3.9811E+02  2.1662E+02  6.5042E+02  1.0997E+00  1.3443E+00
6.3096E+02  2.2837E+02  5.4717E+02  1.1001E+00  1.3486E+00
1.0000E+03  2.2859E+02  4.3044E+02  1.1003E+00  1.3514E+00
1.5849E+03  2.1641E+02  3.3661E+02  1.1006E+00  1.3564E+00
2.5119E+03  1.8795E+02  2.5077E+02  1.1017E+00  1.3718E+00
3.9811E+03  1.5247E+02  1.8199E+02  1.1021E+00  1.3806E+00
6.3096E+03  1.1395E+02  1.2725E+02  1.1022E+00  1.3842E+00
1.0000E+04  8.1814E+01  8.7389E+01  1.1024E+00  1.3886E+00
Rosseland and Planck opacities and free electrons
Density     Ross opa    Planck opa  No. Free    Av Sq Free  T=  2.5000E-01
1.0000E-10  3.3595E-01  4.2231E-07  1.1027E+00  1.3977E+00
1.5849E-10  3.3595E-01  6.0964E-07  1.1027E+00  1.3977E+00
2.5119E-10  3.3595E-01  9.0468E-07  1.1027E+00  1.3977E+00
3.9811E-10  3.3595E-01  1.3510E-06  1.1027E+00  1.3977E+00
6.3096E-10  3.3596E-01  2.0583E-06  1.1027E+00  1.3977E+00
1.0000E-09  3.3596E-01  3.0884E-06  1.1027E+00  1.3977E+00
1.5849E-09  3.3596E-01  4.7123E-06  1.1027E+00  1.3977E+00
2.5119E-09  3.3596E-01  7.1785E-06  1.1027E+00  1.3977E+00
3.9811E-09  3.3597E-01  1.1044E-05  1.1027E+00  1.3977E+00
6.3096E-09  3.3597E-01  1.6616E-05  1.1027E+00  1.3977E+00
1.0000E-08  3.3598E-01  2.4954E-05  1.1027E+00  1.3977E+00
1.5849E-08  3.3599E-01  3.7311E-05  1.1027E+00  1.3976E+00
2.5119E-08  3.3601E-01  5.5363E-05  1.1027E+00  1.3976E+00
3.9811E-08  3.3604E-01  8.3303E-05  1.1027E+00  1.3976E+00
6.3096E-08  3.3607E-01  1.2494E-04  1.1027E+00  1.3976E+00
1.0000E-07  3.3613E-01  1.9032E-04  1.1027E+00  1.3976E+00
1.5849E-07  3.3619E-01  2.8394E-04  1.1027E+00  1.3975E+00
2.5119E-07  3.3629E-01  4.3231E-04  1.1027E+00  1.3975E+00
3.9811E-07  3.3642E-01  6.5167E-04  1.1027E+00  1.3975E+00
6.3096E-07  3.3660E-01  9.9713E-04  1.1027E+00  1.3974E+00
1.0000E-06  3.3684E-01  1.5207E-03  1.1027E+00  1.3974E+00
1.5849E-06  3.3717E-01  2.3392E-03  1.1027E+00  1.3974E+00
2.5119E-06  3.3760E-01  3.5759E-03  1.1027E+00  1.3973E+00
3.9811E-06  3.3816E-01  5.4753E-03  1.1027E+00  1.3973E+00
6.3096E-06  3.3890E-01  8.3570E-03  1.1027E+00  1.3972E+00
1.0000E-05  3.3988E-01  1.2665E-02  1.1027E+00  1.3971E+00
1.5849E-05  3.4121E-01  1.9294E-02  1.1027E+00  1.3970E+00
2.5119E-05  3.4304E-01  2.8879E-02  1.1027E+00  1.3969E+00
3.9811E-05  3.4558E-01  4.3975E-02  1.1027E+00  1.3967E+00
6.3096E-05  3.4941E-01  6.5158E-02  1.1027E+00  1.3965E+00
1.0000E-04  3.5472E-01  9.8730E-02  1.1027E+00  1.3963E+00
1.5849E-04  3.6308E-01  1.4527E-01  1.1027E+00  1.3960E+00
2.5119E-04  3.7477E-01  2.1780E-01  1.1027E+00  1.3957E+00
3.9811E-04  3.9371E-01  3.1794E-01  1.1026E+00  1.3953E+00
6.3096E-04  4.2123E-01  4.6856E-01  1.1026E+00  1.3948E+00
1.0000E-03  4.6612E-01  6.7718E-01  1.1026E+00  1.3942E+00
1.5849E-03  5.3479E-01  9.7358E-01  1.1026E+00  1.3935E+00
2.5119E-03  6.4191E-01  1.3896E+00  1.1025E+00  1.3926E+00
3.9811E-03  8.0957E-01  1.9265E+00  1.1025E+00  1.3916E+00
6.3096E-03  1.0559E+00  2.7198E+00  1.1024E+00  1.3903E+00
1.0000E-02  1.4215E+00  3.6547E+00  1.1024E+00  1.3891E+00
1.5849E-02  1.9531E+00  5.1286E+00  1.1023E+00  1.3872E+00
2.5119E-02  2.6818E+00  6.7697E+00  1.1022E+00  1.3857E+00
3.9811E-02  3.7149E+00  9.3684E+00  1.1020E+00  1.3833E+00
6.3096E-02  5.0037E+00  1.2504E+01  1.1019E+00  1.3811E+00
1.0000E-01  6.7057E+00  1.7237E+01  1.1016E+00  1.3779E+00
1.5849E-01  8.6794E+00  2.3274E+01  1.1013E+00  1.3747E+00
2.5119E-01  1.1075E+01  3.1904E+01  1.1010E+00  1.3707E+00
3.9811E-01  1.3673E+01  4.3253E+01  1.1006E+00  1.3663E+00
6.3096E-01  1.6423E+01  5.8304E+01  1.1003E+00  1.3619E+00
1.0000E+00  1.9499E+01  7.9031E+01  1.1000E+00  1.3566E+00
1.5849E+00  2.2169E+01  1.0460E+02  1.0998E+00  1.3526E+00
2.5119E+00  2.5572E+01  1.4135E+02  1.0996E+00  1.3471E+00
3.9811E+00  2.8852E+01  1.8360E+02  1.0995E+00  1.3440E+00
6.3096E+00  3.3450E+01  2.4611E+02  1.0994E+00  1.3395E+00
1.0000E+01  3.8170E+01  3.0519E+02  1.0993E+00  1.3375E+00
1.5849E+01  4.5241E+01  3.9021E+02  1.0992E+00  1.3346E+00
2.5119E+01  5.2993E+01  4.6757E+02  1.0992E+00  1.3343E+00
3.9811E+01  6.4472E+01  5.6010E+02  1.0992E+00  1.3343E+00
6.3096E+01  7.9855E+01  6.2751E+02  1.0993E+00  1.3359E+00
1.0000E+02  9.9325E+01  6.6858E+02  1.0993E+00  1.3378E+00
1.5849E+02  1.2291E+02  6.7504E+02  1.0994E+00  1.3399E+00
2.5119E+02  1.4673E+02  6.3785E+02  1.0996E+00  1.3427E+00
3.9811E+02  1.7088E+02  5.7730E+02  1.1001E+00  1.3483E+00
6.3096E+02  1.8310E+02  4.8904E+02  1.1002E+00  1.3498E+00
1.0000E+03  1.8924E+02  3.9730E+02  1.1003E+00  1.3521E+00
1.5849E+03  1.8633E+02  3.1369E+02  1.1008E+00  1.3580E+00
2.5119E+03  1.6862E+02  2.4051E+02  1.1017E+00  1.3724E+00
3.9811E+03  1.3915E+02  1.7341E+02  1.1021E+00  1.3804E+00
6.3096E+03  1.0884E+02  1.2481E+02  1.1022E+00  1.3846E+00
1.0000E+04  7.8116E+01  8.4935E+01  1.1024E+00  1.3880E+00
Rosseland and Planck opacities and free electrons
Density     Ross opa    Planck opa  No. Free    Av Sq Free  T=  2.7500E-01
1.0000E-10  3.3568E-01  6.9983E-07  1.1027E+00  1.3978E+00
1.5849E-10  3.3568E-01  7.9299E-07  1.1027E+00  1.3978E+00
2.5119E-10  3.3568E-01  9.3964E-07  1.1027E+00  1.3977E+00
3.9811E-10  3.3568E-01  1.1417E-06  1.1027E+00  1.3977E+00
6.3096E-10  3.3568E-01  1.4519E-06  1.1027E+00  1.3977E+00
1.0000E-09  3.3568E-01  1.9249E-06  1.1027E+00  1.3977E+00
1.5849E-09  3.3568E-01  2.6602E-06  1.1027E+00  1.3977E+00
2.5119E-09  3.3568E-01  3.8128E-06  1.1027E+00  1.3977E+00
3.9811E-09  3.3568E-01  5.6197E-06  1.1027E+00  1.3977E+00
6.3096E-09  3.3569E-01  8.4220E-06  1.1027E+00  1.3977E+00
1.0000E-08  3.3569E-01  1.2658E-05  1.1027E+00  1.3977E+00
1.5849E-08  3.3570E-01  1.9244E-05  1.1027E+00  1.3977E+00
2.5119E-08  3.3571E-01  2.8265E-05  1.1027E+00  1.3977E+00
3.9811E-08  3.3573E-01  4.2562E-05  1.1027E+00  1.3977E+00
6.3096E-08  3.3575E-01  6.4916E-05  1.1027E+00  1.3977E+00
1.0000E-07  3.3578E-01  1.0032E-04  1.1027E+00  1.3976E+00
1.5849E-07  3.3583E-01  1.5167E-04  1.1027E+00  1.3976E+00
2.5119E-07  3.3589E-01  2.3118E-04  1.1027E+00  1.3976E+00
3.9811E-07  3.3597E-01  3.4840E-04  1.1027E+00  1.3976E+00
6.3096E-07  3.3609E-01  5.2647E-04  1.1027E+00  1.3976E+00
1.0000E-06  3.3625E-01  7.9723E-04  1.1027E+00  1.3975E+00
1.5849E-06  3.3648E-01  1.2062E-03  1.1027E+00  1.3975E+00
2.5119E-06  3.3678E-01  1.8399E-03  1.1027E+00  1.3975E+00
3.9811E-06  3.3718E-01  2.7881E-03  1.1027E+00  1.3974E+00
6.3096E-06  3.3772E-01  4.2813E-03  1.1027E+00  1.3974E+00
1.0000E-05  3.3845E-01  6.4961E-03  1.1027E+00  1.3973E+00
1.5849E-05  3.3941E-01  1.0006E-02  1.1027E+00  1.3973E+00
2.5119E-05  3.4072E-01  1.5120E-02  1.1027E+00  1.3972E+00
3.9811E-05  3.4251E-01  2.3165E-02  1.1027E+00  1.3971E+00
6.3096E-05  3.4504E-01  3.4779E-02  1.1027E+00  1.3970E+00
1.0000E-04  3.4861E-01  5.2665E-02  1.1027E+00  1.3968E+00
1.5849E-04  3.5392E-01  7.8783E-02  1.1027E+00  1.3966E+00
2.5119E-04  3.6162E-01  1.1798E-01  1.1027E+00  1.3964E+00
3.9811E-04  3.7323E-01  1.7628E-01  1.1027E+00  1.3961E+00
6.3096E-04  3.9079E-01  2.6110E-01  1.1027E+00  1.3958E+00
1.0000E-03  4.1719E-01  3.8988E-01  1.1026E+00  1.3953E+00
1.5849E-03  4.6028E-01  5.6856E-01  1.1026E+00  1.3948E+00
2.5119E-03  5.2339E-01  8.4867E-01  1.1026E+00  1.3941E+00
3.9811E-03  6.3377E-01  1.2054E+00  1.1025E+00  1.3934E+00
6.3096E-03  7.9502E-01  1.7700E+00  1.1025E+00  1.3923E+00
1.0000E-02  1.0559E+00  2.4546E+00  1.1025E+00  1.3913E+00
1.5849E-02  1.4398E+00  3.5002E+00  1.1024E+00  1.3898E+00
2.5119E-02  1.9819E+00  4.7909E+00  1.1023E+00  1.3882E+00
3.9811E-02  2.7406E+00  6.6419E+00  1.1022E+00  1.3862E+00
6.3096E-02  3.7164E+00  9.0883E+00  1.1020E+00  1.3840E+00
1.0000E-01  4.9248E+00  1.2423E+01  1.1018E+00  1.3814E+00
1.5849E-01  6.4247E+00  1.7120E+01  1.1016E+00  1.3781E+00
2.5119E-01  8.0909E+00  2.3258E+01  1.1013E+00  1.3749E+00
3.9811E-01  1.0168E+01  3.2282E+01  1.1009E+00  1.3704E+00
6.3096E-01  1.2111E+01  4.3156E+01  1.1007E+00  1.3668E+00
1.0000E+00  1.4766E+01  6.0008E+01  1.1004E+00  1.3613E+00
1.5849E+00  1.6667E+01  7.8642E+01  1.1002E+00  1.3579E+00
2.5119E+00  1.9342E+01  1.0759E+02  1.1000E+00  1.3524E+00
3.9811E+00  2.1781E+01  1.4006E+02  1.0999E+00  1.3490E+00
6.3096E+00  2.5096E+01  1.8820E+02  1.0997E+00  1.3444E+00
1.0000E+01  2.8755E+01  2.3764E+02  1.0996E+00  1.3414E+00
1.5849E+01  3.3914E+01  3.0186E+02  1.0995E+00  1.3383E+00
2.5119E+01  4.0173E+01  3.6844E+02  1.0994E+00  1.3370E+00
3.9811E+01  4.9211E+01  4.4951E+02  1.0994E+00  1.3365E+00
6.3096E+01  6.0310E+01  5.0746E+02  1.0994E+00  1.3373E+00
1.0000E+02  7.5591E+01  5.5602E+02  1.0994E+00  1.3388E+00
1.5849E+02  9.4730E+01  5.7447E+02  1.0995E+00  1.3410E+00
2.5119E+02  1.1524E+02  5.5769E+02  1.0996E+00  1.3424E+00
3.9811E+02  1.3401E+02  5.0585E+02  1.1000E+00  1.3469E+00
6.3096E+02  1.4913E+02  4.4032E+02  1.1002E+00  1.3502E+00
1.0000E+03  1.5821E+02  3.6966E+02  1.1004E+00  1.3525E+00
1.5849E+03  1.5934E+02  2.9128E+02  1.1008E+00  1.3584E+00
2.5119E+03  1.5089E+02  2.2984E+02  1.1018E+00  1.3738E+00
3.9811E+03  1.2717E+02  1.6592E+02  1.1021E+00  1.3809E+00
6.3096E+03  1.0279E+02  1.2134E+02  1.1023E+00  1.3860E+00
1.0000E+04  7.5004E+01  8.3131E+01  1.1024E+00  1.3886E+00
Rosseland and Planck opacities and free electrons
Density     Ross opa    Planck opa  No. Free    Av Sq Free  T=  3.0000E-01
1.0000E-10  3.3543E-01  1.6226E-06  1.1027E+00  1.3981E+00
1.5849E-10  3.3543E-01  1.7549E-06  1.1027E+00  1.3980E+00
2.5119E-10  3.3543E-01  1.8936E-06  1.1027E+00  1.3979E+00
3.9811E-10  3.3543E-01  2.0633E-06  1.1027E+00  1.3979E+00
6.3096E-10  3.3543E-01  2.2706E-06  1.1027E+00  1.3978E+00
1.0000E-09  3.3543E-01  2.5684E-06  1.1027E+00  1.3978E+00
1.5849E-09  3.3543E-01  2.9631E-06  1.1027E+00  1.3978E+00
2.5119E-09  3.3543E-01  3.5769E-06  1.1027E+00  1.3978E+00
3.9811E-09  3.3543E-01  4.4734E-06  1.1027E+00  1.3977E+00
6.3096E-09  3.3543E-01  5.8943E-06  1.1027E+00  1.3977E+00
1.0000E-08  3.3544E-01  8.0601E-06  1.1027E+00  1.3977E+00
1.5849E-08  3.3544E-01  1.1492E-05  1.1027E+00  1.3977E+00
2.5119E-08  3.3545E-01  1.6831E-05  1.1027E+00  1.3977E+00
3.9811E-08  3.3546E-01  2.5265E-05  1.1027E+00  1.3977E+00
6.3096E-08  3.3547E-01  3.7991E-05  1.1027E+00  1.3977E+00
1.0000E-07  3.3549E-01  5.7722E-05  1.1027E+00  1.3977E+00
1.5849E-07  3.3553E-01  8.8223E-05  1.1027E+00  1.3977E+00
2.5119E-07  3.3557E-01  1.3550E-04  1.1027E+00  1.3977E+00
3.9811E-07  3.3563E-01  2.0763E-04  1.1027E+00  1.3977E+00
6.3096E-07  3.3571E-01  3.1395E-04  1.1027E+00  1.3976E+00
1.0000E-06  3.3583E-01  4.8022E-04  1.1027E+00  1.3976E+00
1.5849E-06  3.3598E-01  7.2547E-04  1.1027E+00  1.3976E+00
2.5119E-06  3.3620E-01  1.1142E-03  1.1027E+00  1.3976E+00
3.9811E-06  3.3649E-01  1.6917E-03  1.1027E+00  1.3975E+00
6.3096E-06  3.3688E-01  2.6053E-03  1.1027E+00  1.3975E+00
1.0000E-05  3.3741E-01  3.9608E-03  1.1027E+00  1.3975E+00
1.5849E-05  3.3812E-01  6.0788E-03  1.1027E+00  1.3974E+00
2.5119E-05  3.3908E-01  9.2766E-03  1.1027E+00  1.3974E+00
3.9811E-05  3.4039E-01  1.4222E-02  1.1027E+00  1.3973E+00
6.3096E-05  3.4222E-01  2.1737E-02  1.1027E+00  1.3972E+00
1.0000E-04  3.4479E-01  3.3146E-02  1.1027E+00  1.3971E+00
1.5849E-04  3.4845E-01  5.0572E-02  1.1027E+00  1.3970E+00
2.5119E-04  3.5377E-01  7.6029E-02  1.1027E+00  1.3968E+00
3.9811E-04  3.6150E-01  1.1571E-01  1.1027E+00  1.3966E+00
6.3096E-04  3.7344E-01  1.7140E-01  1.1027E+00  1.3964E+00
1.0000E-03  3.9067E-01  2.5958E-01  1.1027E+00  1.3960E+00
1.5849E-03  4.1891E-01  3.7952E-01  1.1026E+00  1.3957E+00
2.5119E-03  4.6005E-01  5.6766E-01  1.1026E+00  1.3952E+00
3.9811E-03  5.2942E-01  8.1896E-01  1.1026E+00  1.3946E+00
6.3096E-03  6.3448E-01  1.1989E+00  1.1026E+00  1.3938E+00
1.0000E-02  8.0592E-01  1.7084E+00  1.1025E+00  1.3929E+00
1.5849E-02  1.0696E+00  2.4366E+00  1.1025E+00  1.3917E+00
2.5119E-02  1.4623E+00  3.4485E+00  1.1024E+00  1.3902E+00
3.9811E-02  2.0196E+00  4.8087E+00  1.1023E+00  1.3886E+00
6.3096E-02  2.7830E+00  6.7807E+00  1.1021E+00  1.3863E+00
1.0000E-01  3.6602E+00  9.1988E+00  1.1020E+00  1.3841E+00
1.5849E-01  4.8529E+00  1.2922E+01  1.1017E+00  1.3809E+00
2.5119E-01  6.0491E+00  1.7417E+01  1.1015E+00  1.3782E+00
3.9811E-01  7.6782E+00  2.4478E+01  1.1012E+00  1.3740E+00
6.3096E-01  9.1529E+00  3.2760E+01  1.1010E+00  1.3708E+00
1.0000E+00  1.1128E+01  4.5389E+01  1.1008E+00  1.3662E+00
1.5849E+00  1.2853E+01  6.0570E+01  1.1006E+00  1.3623E+00
2.5119E+00  1.4866E+01  8.2300E+01  1.1004E+00  1.3576E+00
3.9811E+00  1.6951E+01  1.0941E+02  1.1003E+00  1.3533E+00
6.3096E+00  1.9340E+01  1.4590E+02  1.1001E+00  1.3490E+00
1.0000E+01  2.2273E+01  1.8982E+02  1.0999E+00  1.3449E+00
1.5849E+01  2.6043E+01  2.3892E+02  1.0997E+00  1.3419E+00
2.5119E+01  3.1078E+01  2.9737E+02  1.0996E+00  1.3393E+00
3.9811E+01  3.7825E+01  3.6038E+02  1.0995E+00  1.3387E+00
6.3096E+01  4.6650E+01  4.1766E+02  1.0995E+00  1.3389E+00
1.0000E+02  5.8944E+01  4.6984E+02  1.0995E+00  1.3400E+00
1.5849E+02  7.3521E+01  4.8823E+02  1.0996E+00  1.3418E+00
2.5119E+02  9.0905E+01  4.8391E+02  1.0997E+00  1.3433E+00
3.9811E+02  1.0716E+02  4.4665E+02  1.0998E+00  1.3452E+00
6.3096E+02  1.2300E+02  3.9827E+02  1.1000E+00  1.3481E+00
1.0000E+03  1.3242E+02  3.4008E+02  1.1004E+00  1.3525E+00
1.5849E+03  1.3745E+02  2.7326E+02  1.1013E+00  1.3657E+00
2.5119E+03  1.3358E+02  2.1646E+02  1.1020E+00  1.3769E+00
3.9811E+03  1.1627E+02  1.5937E+02  1.1021E+00  1.3807E+00
6.3096E+03  9.5647E+01  1.1651E+02  1.1023E+00  1.3855E+00
1.0000E+04  7.2156E+01  8.1627E+01  1.1025E+00  1.3896E+00
Rosseland and Planck opacities and free electrons
Density     Ross opa    Planck opa  No. Free    Av Sq Free  T=  3.5000E-01
1.0000E-10  3.3500E-01  3.2939E-06  1.1028E+00  1.4006E+00
1.5849E-10  3.3500E-01  4.5504E-06  1.1028E+00  1.4002E+00
2.5119E-10  3.3499E-01  5.7640E-06  1.1028E+00  1.4000E+00
3.9811E-10  3.3499E-01  7.6828E-06  1.1028E+00  1.3997E+00
6.3096E-10  3.3499E-01  9.2212E-06  1.1028E+00  1.3994E+00
1.0000E-09  3.3499E-01  1.1659E-05  1.1028E+00  1.3991E+00
1.5849E-09  3.3499E-01  1.3593E-05  1.1028E+00  1.3989E+00
2.5119E-09  3.3499E-01  1.6172E-05  1.1027E+00  1.3986E+00
3.9811E-09  3.3499E-01  1.8331E-05  1.1027E+00  1.3984E+00
6.3096E-09  3.3499E-01  2.0512E-05  1.1027E+00  1.3982E+00
1.0000E-08  3.3499E-01  2.2806E-05  1.1027E+00  1.3981E+00
1.5849E-08  3.3499E-01  2.4914E-05  1.1027E+00  1.3980E+00
2.5119E-08  3.3499E-01  2.7771E-05  1.1027E+00  1.3979E+00
3.9811E-08  3.3500E-01  3.0986E-05  1.1027E+00  1.3978E+00
6.3096E-08  3.3500E-01  3.5950E-05  1.1027E+00  1.3978E+00
1.0000E-07  3.3501E-01  4.2838E-05  1.1027E+00  1.3978E+00
1.5849E-07  3.3502E-01  5.3754E-05  1.1027E+00  1.3978E+00
2.5119E-07  3.3504E-01  7.0471E-05  1.1027E+00  1.3977E+00
3.9811E-07  3.3507E-01  9.6947E-05  1.1027E+00  1.3977E+00
6.3096E-07  3.3511E-01  1.3695E-04  1.1027E+00  1.3977E+00
1.0000E-06  3.3517E-01  1.9974E-04  1.1027E+00  1.3977E+00
1.5849E-06  3.3525E-01  2.9493E-04  1.1027E+00  1.3977E+00
2.5119E-06  3.3536E-01  4.4265E-04  1.1027E+00  1.3977E+00
3.9811E-06  3.3552E-01  6.6853E-04  1.1027E+00  1.3977E+00
6.3096E-06  3.3573E-01  1.0143E-03  1.1027E+00  1.3977E+00
1.0000E-05  3.3603E-01  1.5455E-03  1.1027E+00  1.3976E+00
1.5849E-05  3.3643E-01  2.3350E-03  1.1027E+00  1.3976E+00
2.5119E-05  3.3698E-01  3.5714E-03  1.1027E+00  1.3976E+00
3.9811E-05  3.3774E-01  5.3909E-03  1.1027E+00  1.3975E+00
6.3096E-05  3.3879E-01  8.2747E-03  1.1027E+00  1.3975E+00
1.0000E-04  3.4027E-01  1.2507E-02  1.1027E+00  1.3974E+00
1.5849E-04  3.4234E-01  1.9191E-02  1.1027E+00  1.3974E+00
2.5119E-04  3.4528E-01  2.9076E-02  1.1027E+00  1.3973E+00
3.9811E-04  3.4947E-01  4.4484E-02  1.1027E+00  1.3972E+00
6.3096E-04  3.5560E-01  6.7361E-02  1.1027E+00  1.3971E+00
1.0000E-03  3.6458E-01  1.0234E-01  1.1027E+00  1.3969E+00
1.5849E-03  3.7815E-01  1.5464E-01  1.1027E+00  1.3967E+00
2.5119E-03  3.9869E-01  2.3242E-01  1.1027E+00  1.3964E+00
3.9811E-03  4.3007E-01  3.5116E-01  1.1026E+00  1.3960E+00
6.3096E-03  4.7961E-01  5.2237E-01  1.1026E+00  1.3955E+00
1.0000E-02  5.5463E-01  7.8904E-01  1.1026E+00  1.3949E+00
1.5849E-02  6.7807E-01  1.1578E+00  1.1026E+00  1.3942E+00
2.5119E-02  8.6376E-01  1.7412E+00  1.1025E+00  1.3931E+00
3.9811E-02  1.1473E+00  2.5038E+00  1.1024E+00  1.3919E+00
6.3096E-02  1.5641E+00  3.6932E+00  1.1023E+00  1.3902E+00
1.0000E-01  2.0849E+00  5.2025E+00  1.1022E+00  1.3884E+00
1.5849E-01  2.7861E+00  7.4283E+00  1.1020E+00  1.3859E+00
2.5119E-01  3.5809E+00  1.0337E+01  1.1018E+00  1.3833E+00
3.9811E-01  4.5056E+00  1.4355E+01  1.1016E+00  1.3803E+00
6.3096E-01  5.5769E+00  1.9940E+01  1.1014E+00  1.3768E+00
1.0000E+00  6.6952E+00  2.7392E+01  1.1013E+00  1.3735E+00
1.5849E+00  8.0855E+00  3.8052E+01  1.1011E+00  1.3691E+00
2.5119E+00  9.3062E+00  5.1133E+01  1.1010E+00  1.3656E+00
3.9811E+00  1.0968E+01  7.0652E+01  1.1008E+00  1.3604E+00
6.3096E+00  1.2328E+01  9.2593E+01  1.1006E+00  1.3569E+00
1.0000E+01  1.4305E+01  1.2641E+02  1.1004E+00  1.3512E+00
1.5849E+01  1.6479E+01  1.5804E+02  1.1002E+00  1.3484E+00
2.5119E+01  1.9796E+01  2.0460E+02  1.0999E+00  1.3440E+00
3.9811E+01  2.3752E+01  2.4475E+02  1.0998E+00  1.3430E+00
6.3096E+01  2.9672E+01  2.9503E+02  1.0997E+00  1.3420E+00
1.0000E+02  3.7045E+01  3.3277E+02  1.0997E+00  1.3428E+00
1.5849E+02  4.6782E+01  3.6105E+02  1.0997E+00  1.3438E+00
2.5119E+02  5.8907E+01  3.7138E+02  1.0998E+00  1.3451E+00
3.9811E+02  7.1913E+01  3.5843E+02  1.0999E+00  1.3470E+00
6.3096E+02  8.5179E+01  3.2868E+02  1.1001E+00  1.3498E+00
1.0000E+03  9.4454E+01  2.8572E+02  1.1004E+00  1.3537E+00
1.5849E+03  1.0156E+02  2.3942E+02  1.1010E+00  1.3613E+00
2.5119E+03  1.0509E+02  1.9347E+02  1.1020E+00  1.3759E+00
3.9811E+03  9.7618E+01  1.4925E+02  1.1021E+00  1.3810E+00
6.3096E+03  8.2648E+01  1.0804E+02  1.1023E+00  1.3863E+00
1.0000E+04  6.6728E+01  7.8985E+01  1.1024E+00  1.3895E+00
Rosseland and Planck opacities and free electrons
Density     Ross opa    Planck opa  No. Free    Av Sq Free  T=  4.0000E-01
1.0000E-10  3.3462E-01  1.2986E-06  1.1028E+00  1.4015E+00
1.5849E-10  3.3462E-01  1.9949E-06  1.1028E+00  1.4015E+00
2.5119E-10  3.3462E-01  2.9975E-06  1.1028E+00  1.4014E+00
3.9811E-10  3.3462E-01  4.5421E-06  1.1028E+00  1.4013E+00
6.3096E-10  3.3462E-01  6.7105E-06  1.1028E+00  1.4012E+00
1.0000E-09  3.3462E-01  9.8808E-06  1.1028E+00  1.4011E+00
1.5849E-09  3.3462E-01  1.4200E-05  1.1028E+00  1.4009E+00
2.5119E-09  3.3462E-01  1.9698E-05  1.1028E+00  1.4007E+00
3.9811E-09  3.3462E-01  2.7388E-05  1.1028E+00  1.4004E+00
6.3096E-09  3.3462E-01  3.5137E-05  1.1028E+00  1.4002E+00
1.0000E-08  3.3461E-01  4.6995E-05  1.1028E+00  1.3998E+00
1.5849E-08  3.3462E-01  5.6482E-05  1.1028E+00  1.3996E+00
2.5119E-08  3.3462E-01  7.1517E-05  1.1028E+00  1.3992E+00
3.9811E-08  3.3462E-01  8.3069E-05  1.1028E+00  1.3990E+00
6.3096E-08  3.3462E-01  9.9345E-05  1.1027E+00  1.3987E+00
1.0000E-07  3.3462E-01  1.1290E-04  1.1027E+00  1.3985E+00
1.5849E-07  3.3463E-01  1.2816E-04  1.1027E+00  1.3983E+00
2.5119E-07  3.3464E-01  1.4438E-04  1.1027E+00  1.3981E+00
3.9811E-07  3.3465E-01  1.6159E-04  1.1027E+00  1.3980E+00
6.3096E-07  3.3467E-01  1.8602E-04  1.1027E+00  1.3979E+00
1.0000E-06  3.3470E-01  2.1862E-04  1.1027E+00  1.3978E+00
1.5849E-06  3.3475E-01  2.6884E-04  1.1027E+00  1.3978E+00
2.5119E-06  3.3481E-01  3.4096E-04  1.1027E+00  1.3978E+00
3.9811E-06  3.3491E-01  4.5517E-04  1.1027E+00  1.3977E+00
6.3096E-06  3.3504E-01  6.3186E-04  1.1027E+00  1.3977E+00
1.0000E-05  3.3523E-01  9.1191E-04  1.1027E+00  1.3977E+00
1.5849E-05  3.3548E-01  1.3347E-03  1.1027E+00  1.3977E+00
2.5119E-05  3.3584E-01  2.0002E-03  1.1027E+00  1.3977E+00
3.9811E-05  3.3631E-01  3.0073E-03  1.1027E+00  1.3977E+00
6.3096E-05  3.3696E-01  4.5757E-03  1.1027E+00  1.3976E+00
1.0000E-04  3.3786E-01  6.9664E-03  1.1027E+00  1.3976E+00
1.5849E-04  3.3910E-01  1.0641E-02  1.1027E+00  1.3975E+00
2.5119E-04  3.4085E-01  1.6311E-02  1.1027E+00  1.3975E+00
3.9811E-04  3.4334E-01  2.4918E-02  1.1027E+00  1.3974E+00
6.3096E-04  3.4692E-01  3.8352E-02  1.1027E+00  1.3973E+00
1.0000E-03  3.5214E-01  5.8334E-02  1.1027E+00  1.3973E+00
1.5849E-03  3.5977E-01  8.9954E-02  1.1027E+00  1.3971E+00
2.5119E-03  3.7135E-01  1.3538E-01  1.1027E+00  1.3969E+00
3.9811E-03  3.8848E-01  2.0724E-01  1.1027E+00  1.3967E+00
6.3096E-03  4.1522E-01  3.0858E-01  1.1027E+00  1.3964E+00
1.0000E-02  4.5528E-01  4.6582E-01  1.1026E+00  1.3960E+00
1.5849E-02  5.1839E-01  6.8636E-01  1.1026E+00  1.3955E+00
2.5119E-02  6.1439E-01  1.0162E+00  1.1026E+00  1.3948E+00
3.9811E-02  7.6152E-01  1.4870E+00  1.1025E+00  1.3939E+00
6.3096E-02  9.8115E-01  2.1615E+00  1.1024E+00  1.3928E+00
1.0000E-01  1.2930E+00  3.1474E+00  1.1023E+00  1.3912E+00
1.5849E-01  1.6976E+00  4.4743E+00  1.1022E+00  1.3894E+00
2.5119E-01  2.2540E+00  6.4873E+00  1.1020E+00  1.3869E+00
3.9811E-01  2.8262E+00  9.0103E+00  1.1019E+00  1.3846E+00
6.3096E-01  3.6380E+00  1.2968E+01  1.1017E+00  1.3811E+00
1.0000E+00  4.3290E+00  1.7664E+01  1.1016E+00  1.3785E+00
1.5849E+00  5.3001E+00  2.4920E+01  1.1015E+00  1.3746E+00
2.5119E+00  6.1763E+00  3.3755E+01  1.1014E+00  1.3714E+00
3.9811E+00  7.2941E+00  4.6767E+01  1.1012E+00  1.3671E+00
6.3096E+00  8.3880E+00  6.2737E+01  1.1010E+00  1.3630E+00
1.0000E+01  9.6733E+00  8.4788E+01  1.1008E+00  1.3583E+00
1.5849E+01  1.1238E+01  1.1074E+02  1.1006E+00  1.3539E+00
2.5119E+01  1.3287E+01  1.4148E+02  1.1003E+00  1.3501E+00
3.9811E+01  1.6011E+01  1.7599E+02  1.1001E+00  1.3471E+00
6.3096E+01  1.9780E+01  2.1201E+02  1.1000E+00  1.3457E+00
1.0000E+02  2.4714E+01  2.4523E+02  1.0999E+00  1.3454E+00
1.5849E+02  3.1641E+01  2.7676E+02  1.0999E+00  1.3462E+00
2.5119E+02  4.0060E+01  2.9078E+02  1.0999E+00  1.3468E+00
3.9811E+02  5.0098E+01  2.9069E+02  1.1000E+00  1.3480E+00
6.3096E+02  5.9913E+01  2.7070E+02  1.1002E+00  1.3503E+00
1.0000E+03  6.9953E+01  2.4479E+02  1.1006E+00  1.3555E+00
1.5849E+03  7.7552E+01  2.1386E+02  1.1014E+00  1.3671E+00
2.5119E+03  8.1645E+01  1.7188E+02  1.1018E+00  1.3748E+00
3.9811E+03  8.0574E+01  1.3660E+02  1.1021E+00  1.3812E+00
6.3096E+03  7.1579E+01  1.0100E+02  1.1024E+00  1.3878E+00
1.0000E+04  5.9787E+01  7.4474E+01  1.1025E+00  1.3897E+00
Rosseland and Planck opacities and free electrons
Density     Ross opa    Planck opa  No. Free    Av Sq Free  T=  4.5000E-01
1.0000E-10  3.3428E-01  3.5183E-07  1.1028E+00  1.4016E+00
1.5849E-10  3.3428E-01  5.5585E-07  1.1028E+00  1.4016E+00
2.5119E-10  3.3428E-01  8.7589E-07  1.1028E+00  1.4016E+00
3.9811E-10  3.3428E-01  1.3756E-06  1.1028E+00  1.4016E+00
6.3096E-10  3.3428E-01  2.1590E-06  1.1028E+00  1.4016E+00
1.0000E-09  3.3428E-01  3.3526E-06  1.1028E+00  1.4016E+00
1.5849E-09  3.3428E-01  5.2420E-06  1.1028E+00  1.4015E+00
2.5119E-09  3.3428E-01  8.0120E-06  1.1028E+00  1.4015E+00
3.9811E-09  3.3428E-01  1.2402E-05  1.1028E+00  1.4014E+00
6.3096E-09  3.3428E-01  1.8635E-05  1.1028E+00  1.4013E+00
1.0000E-08  3.3428E-01  2.8343E-05  1.1028E+00  1.4012E+00
1.5849E-08  3.3429E-01  4.1480E-05  1.1028E+00  1.4011E+00
2.5119E-08  3.3429E-01  6.0914E-05  1.1028E+00  1.4009E+00
3.9811E-08  3.3429E-01  8.6107E-05  1.1028E+00  1.4007E+00
6.3096E-08  3.3430E-01  1.1896E-04  1.1028E+00  1.4004E+00
1.0000E-07  3.3430E-01  1.6256E-04  1.1028E+00  1.4001E+00
1.5849E-07  3.3430E-01  2.0977E-04  1.1028E+00  1.3998E+00
2.5119E-07  3.3431E-01  2.7743E-04  1.1028E+00  1.3995E+00
3.9811E-07  3.3432E-01  3.3571E-04  1.1028E+00  1.3992E+00
6.3096E-07  3.3433E-01  4.2808E-04  1.1028E+00  1.3988E+00
1.0000E-06  3.3435E-01  4.8826E-04  1.1027E+00  1.3986E+00
1.5849E-06  3.3438E-01  5.8199E-04  1.1027E+00  1.3984E+00
2.5119E-06  3.3441E-01  6.5635E-04  1.1027E+00  1.3982E+00
3.9811E-06  3.3447E-01  7.5290E-04  1.1027E+00  1.3981E+00
6.3096E-06  3.3454E-01  8.6737E-04  1.1027E+00  1.3979E+00
1.0000E-05  3.3465E-01  1.0218E-03  1.1027E+00  1.3979E+00
1.5849E-05  3.3480E-01  1.2482E-03  1.1027E+00  1.3978E+00
2.5119E-05  3.3502E-01  1.5813E-03  1.1027E+00  1.3978E+00
3.9811E-05  3.3532E-01  2.0992E-03  1.1027E+00  1.3977E+00
6.3096E-05  3.3575E-01  2.8908E-03  1.1027E+00  1.3977E+00
1.0000E-04  3.3634E-01  4.1354E-03  1.1027E+00  1.3977E+00
1.5849E-04  3.3716E-01  6.0218E-03  1.1027E+00  1.3977E+00
2.5119E-04  3.3830E-01  9.0116E-03  1.1027E+00  1.3976E+00
3.9811E-04  3.3989E-01  1.3473E-02  1.1027E+00  1.3976E+00
6.3096E-04  3.4217E-01  2.0529E-02  1.1027E+00  1.3975E+00
1.0000E-03  3.4544E-01  3.1084E-02  1.1027E+00  1.3974E+00
1.5849E-03  3.5020E-01  4.7597E-02  1.1027E+00  1.3974E+00
2.5119E-03  3.5724E-01  7.2379E-02  1.1027E+00  1.3972E+00
3.9811E-03  3.6765E-01  1.1065E-01  1.1027E+00  1.3971E+00
6.3096E-03  3.8336E-01  1.6843E-01  1.1027E+00  1.3969E+00
1.0000E-02  4.0706E-01  2.5553E-01  1.1027E+00  1.3966E+00
1.5849E-02  4.4303E-01  3.8839E-01  1.1026E+00  1.3963E+00
2.5119E-02  4.9809E-01  5.8100E-01  1.1026E+00  1.3958E+00
3.9811E-02  5.8105E-01  8.8081E-01  1.1026E+00  1.3951E+00
6.3096E-02  7.0590E-01  1.2970E+00  1.1025E+00  1.3943E+00
1.0000E-01  8.9186E-01  1.9544E+00  1.1024E+00  1.3931E+00
1.5849E-01  1.1372E+00  2.8150E+00  1.1023E+00  1.3918E+00
2.5119E-01  1.4897E+00  4.1552E+00  1.1022E+00  1.3898E+00
3.9811E-01  1.8847E+00  5.9007E+00  1.1021E+00  1.3878E+00
6.3096E-01  2.4017E+00  8.4960E+00  1.1020E+00  1.3851E+00
1.0000E+00  2.9548E+00  1.1936E+01  1.1019E+00  1.3824E+00
1.5849E+00  3.5878E+00  1.6781E+01  1.1018E+00  1.3793E+00
2.5119E+00  4.3099E+00  2.3405E+01  1.1016E+00  1.3757E+00
3.9811E+00  5.0488E+00  3.2190E+01  1.1015E+00  1.3722E+00
6.3096E+00  5.9668E+00  4.4500E+01  1.1013E+00  1.3678E+00
1.0000E+01  6.8447E+00  5.9593E+01  1.1011E+00  1.3639E+00
1.5849E+01  8.0638E+00  8.1080E+01  1.1009E+00  1.3586E+00
2.5119E+01  9.3984E+00  1.0246E+02  1.1007E+00  1.3552E+00
3.9811E+01  1.1363E+01  1.3204E+02  1.1004E+00  1.3507E+00
6.3096E+01  1.3812E+01  1.5739E+02  1.1002E+00  1.3492E+00
1.0000E+02  1.7356E+01  1.8685E+02  1.1001E+00  1.3478E+00
1.5849E+02  2.2086E+01  2.1310E+02  1.1001E+00  1.3482E+00
2.5119E+02  2.8094E+01  2.2955E+02  1.1001E+00  1.3488E+00
3.9811E+02  3.5696E+01  2.3622E+02  1.1001E+00  1.3496E+00
6.3096E+02  4.3836E+01  2.2725E+02  1.1002E+00  1.3509E+00
1.0000E+03  5.3058E+01  2.1145E+02  1.1004E+00  1.3528E+00
1.5849E+03  5.9364E+01  1.8568E+02  1.1013E+00  1.3661E+00
2.5119E+03  6.4576E+01  1.5533E+02  1.1020E+00  1.3768E+00
3.9811E+03  6.6626E+01  1.2492E+02  1.1021E+00  1.3819E+00
6.3096E+03  6.2114E+01  9.5711E+01  1.1024E+00  1.3881E+00
1.0000E+04  5.3187E+01  7.0063E+01  1.1025E+00  1.3897E+00
Rosseland and Planck opacities and free electrons
Density     Ross opa    Planck opa  No. Free    Av Sq Free  T=  5.0000E-01
1.0000E-10  3.3397E-01  1.1657E-07  1.1028E+00  1.4016E+00
1.5849E-10  3.3397E-01  1.8505E-07  1.1028E+00  1.4016E+00
2.5119E-10  3.3397E-01  2.9358E-07  1.1028E+00  1.4016E+00
3.9811E-10  3.3397E-01  4.6537E-07  1.1028E+00  1.4016E+00
6.3096E-10  3.3397E-01  7.3764E-07  1.1028E+00  1.4016E+00
1.0000E-09  3.3398E-01  1.1667E-06  1.1028E+00  1.4016E+00
1.5849E-09  3.3398E-01  1.8461E-06  1.1028E+00  1.4016E+00
2.5119E-09  3.3398E-01  2.9081E-06  1.1028E+00  1.4016E+00
3.9811E-09  3.3398E-01  4.5821E-06  1.1028E+00  1.4016E+00
6.3096E-09  3.3398E-01  7.1814E-06  1.1028E+00  1.4016E+00
1.0000E-08  3.3398E-01  1.1233E-05  1.1028E+00  1.4016E+00
1.5849E-08  3.3398E-01  1.7486E-05  1.1028E+00  1.4015E+00
2.5119E-08  3.3399E-01  2.6959E-05  1.1028E+00  1.4015E+00
3.9811E-08  3.3399E-01  4.1655E-05  1.1028E+00  1.4014E+00
6.3096E-08  3.3400E-01  6.2767E-05  1.1028E+00  1.4013E+00
1.0000E-07  3.3400E-01  9.6228E-05  1.1028E+00  1.4012E+00
1.5849E-07  3.3401E-01  1.3918E-04  1.1028E+00  1.4011E+00
2.5119E-07  3.3402E-01  2.0707E-04  1.1028E+00  1.4009E+00
3.9811E-07  3.3403E-01  2.8633E-04  1.1028E+00  1.4007E+00
6.3096E-07  3.3405E-01  4.0379E-04  1.1028E+00  1.4004E+00
1.0000E-06  3.3406E-01  5.3656E-04  1.1028E+00  1.4001E+00
1.5849E-06  3.3409E-01  7.0957E-04  1.1028E+00  1.3997E+00
2.5119E-06  3.3412E-01  9.1082E-04  1.1028E+00  1.3994E+00
3.9811E-06  3.3416E-01  1.1263E-03  1.1028E+00  1.3991E+00
6.3096E-06  3.3421E-01  1.3993E-03  1.1028E+00  1.3988E+00
1.0000E-05  3.3428E-01  1.6284E-03  1.1027E+00  1.3986E+00
1.5849E-05  3.3438E-01  1.9618E-03  1.1027E+00  1.3983E+00
2.5119E-05  3.3452E-01  2.2321E-03  1.1027E+00  1.3982E+00
3.9811E-05  3.3472E-01  2.6604E-03  1.1027E+00  1.3980E+00
6.3096E-05  3.3500E-01  3.1490E-03  1.1027E+00  1.3979E+00
1.0000E-04  3.3539E-01  3.9125E-03  1.1027E+00  1.3978E+00
1.5849E-04  3.3593E-01  5.0221E-03  1.1027E+00  1.3978E+00
2.5119E-04  3.3669E-01  6.7461E-03  1.1027E+00  1.3977E+00
3.9811E-04  3.3777E-01  9.3823E-03  1.1027E+00  1.3977E+00
6.3096E-04  3.3929E-01  1.3484E-02  1.1027E+00  1.3976E+00
1.0000E-03  3.4147E-01  1.9801E-02  1.1027E+00  1.3976E+00
1.5849E-03  3.4460E-01  2.9519E-02  1.1027E+00  1.3975E+00
2.5119E-03  3.4918E-01  4.4561E-02  1.1027E+00  1.3974E+00
3.9811E-03  3.5590E-01  6.7344E-02  1.1027E+00  1.3973E+00
6.3096E-03  3.6587E-01  1.0304E-01  1.1027E+00  1.3972E+00
1.0000E-02  3.8087E-01  1.5576E-01  1.1027E+00  1.3970E+00
1.5849E-02  4.0320E-01  2.3926E-01  1.1027E+00  1.3967E+00
2.5119E-02  4.3726E-01  3.6012E-01  1.1026E+00  1.3964E+00
3.9811E-02  4.8805E-01  5.4997E-01  1.1026E+00  1.3959E+00
6.3096E-02  5.6410E-01  8.2391E-01  1.1026E+00  1.3953E+00
1.0000E-01  6.7661E-01  1.2458E+00  1.1025E+00  1.3944E+00
1.5849E-01  8.3408E-01  1.8463E+00  1.1024E+00  1.3933E+00
2.5119E-01  1.0538E+00  2.7322E+00  1.1023E+00  1.3918E+00
3.9811E-01  1.3378E+00  4.0031E+00  1.1022E+00  1.3900E+00
6.3096E-01  1.6793E+00  5.7738E+00  1.1021E+00  1.3880E+00
1.0000E+00  2.1172E+00  8.3678E+00  1.1020E+00  1.3853E+00
1.5849E+00  2.5495E+00  1.1739E+01  1.1020E+00  1.3828E+00
2.5119E+00  3.1436E+00  1.6857E+01  1.1018E+00  1.3791E+00
3.9811E+00  3.6526E+00  2.3028E+01  1.1017E+00  1.3762E+00
6.3096E+00  4.3876E+00  3.2596E+01  1.1016E+00  1.3718E+00
1.0000E+01  5.0319E+00  4.3512E+01  1.1014E+00  1.3683E+00
1.5849E+01  5.9538E+00  6.0051E+01  1.1011E+00  1.3632E+00
2.5119E+01  6.9396E+00  7.6875E+01  1.1009E+00  1.3595E+00
3.9811E+01  8.3409E+00  9.9947E+01  1.1006E+00  1.3549E+00
6.3096E+01  1.0097E+01  1.2137E+02  1.1005E+00  1.3526E+00
1.0000E+02  1.2717E+01  1.4723E+02  1.1003E+00  1.3504E+00
1.5849E+02  1.5973E+01  1.6723E+02  1.1002E+00  1.3504E+00
2.5119E+02  2.0513E+01  1.8542E+02  1.1002E+00  1.3506E+00
3.9811E+02  2.6363E+01  1.9550E+02  1.1002E+00  1.3512E+00
6.3096E+02  3.3108E+01  1.9409E+02  1.1003E+00  1.3528E+00
1.0000E+03  3.9926E+01  1.8129E+02  1.1007E+00  1.3576E+00
1.5849E+03  4.6289E+01  1.6304E+02  1.1013E+00  1.3656E+00
2.5119E+03  5.1859E+01  1.4162E+02  1.1020E+00  1.3764E+00
3.9811E+03  5.5085E+01  1.1436E+02  1.1021E+00  1.3814E+00
6.3096E+03  5.3979E+01  9.0828E+01  1.1024E+00  1.3879E+00
1.0000E+04  4.7193E+01  6.6052E+01  1.1025E+00  1.3897E+00
Rosseland and Planck opacities and free electrons
Density     Ross opa    Planck opa  No. Free    Av Sq Free  T=  5.5000E-01
1.0000E-10  3.3337E-01  4.4230E-08  1.1028E+00  1.4016E+00
1.5849E-10  3.3337E-01  7.0366E-08  1.1028E+00  1.4016E+00
2.5119E-10  3.3337E-01  1.1182E-07  1.1028E+00  1.4016E+00
3.9811E-10  3.3337E-01  1.7766E-07  1.1028E+00  1.4016E+00
6.3096E-10  3.3337E-01  2.8208E-07  1.1028E+00  1.4016E+00
1.0000E-09  3.3338E-01  4.4719E-07  1.1028E+00  1.4016E+00
1.5849E-09  3.3338E-01  7.0844E-07  1.1028E+00  1.4016E+00
2.5119E-09  3.3338E-01  1.1218E-06  1.1028E+00  1.4016E+00
3.9811E-09  3.3338E-01  1.7753E-06  1.1028E+00  1.4016E+00
6.3096E-09  3.3338E-01  2.8103E-06  1.1028E+00  1.4016E+00
1.0000E-08  3.3338E-01  4.4462E-06  1.1028E+00  1.4016E+00
1.5849E-08  3.3339E-01  7.0377E-06  1.1028E+00  1.4016E+00
2.5119E-08  3.3339E-01  1.1058E-05  1.1028E+00  1.4016E+00
3.9811E-08  3.3339E-01  1.7430E-05  1.1028E+00  1.4016E+00
6.3096E-08  3.3340E-01  2.7203E-05  1.1028E+00  1.4016E+00
1.0000E-07  3.3340E-01  4.2618E-05  1.1028E+00  1.4015E+00
1.5849E-07  3.3341E-01  6.5558E-05  1.1028E+00  1.4015E+00
2.5119E-07  3.3342E-01  1.0101E-04  1.1028E+00  1.4014E+00
3.9811E-07  3.3344E-01  1.5348E-04  1.1028E+00  1.4013E+00
6.3096E-07  3.3345E-01  2.3199E-04  1.1028E+00  1.4012E+00
1.0000E-06  3.3347E-01  3.4620E-04  1.1028E+00  1.4011E+00
1.5849E-06  3.3350E-01  5.0119E-04  1.1028E+00  1.4009E+00
2.5119E-06  3.3354E-01  7.3142E-04  1.1028E+00  1.4006E+00
3.9811E-06  3.3358E-01  9.9381E-04  1.1028E+00  1.4004E+00
6.3096E-06  3.3363E-01  1.4097E-03  1.1028E+00  1.4000E+00
1.0000E-05  3.3369E-01  1.7899E-03  1.1028E+00  1.3997E+00
1.5849E-05  3.3378E-01  2.3884E-03  1.1028E+00  1.3993E+00
2.5119E-05  3.3390E-01  2.9153E-03  1.1028E+00  1.3991E+00
3.9811E-05  3.3406E-01  3.6321E-03  1.1027E+00  1.3987E+00
6.3096E-05  3.3426E-01  4.3271E-03  1.1027E+00  1.3985E+00
1.0000E-04  3.3452E-01  5.1243E-03  1.1027E+00  1.3983E+00
1.5849E-04  3.3489E-01  6.1160E-03  1.1027E+00  1.3981E+00
2.5119E-04  3.3539E-01  7.3077E-03  1.1027E+00  1.3980E+00
3.9811E-04  3.3612E-01  9.0821E-03  1.1027E+00  1.3978E+00
6.3096E-04  3.3717E-01  1.1561E-02  1.1027E+00  1.3978E+00
1.0000E-03  3.3868E-01  1.5450E-02  1.1027E+00  1.3977E+00
1.5849E-03  3.4083E-01  2.1273E-02  1.1027E+00  1.3977E+00
2.5119E-03  3.4393E-01  3.0503E-02  1.1027E+00  1.3976E+00
3.9811E-03  3.4845E-01  4.4284E-02  1.1027E+00  1.3975E+00
6.3096E-03  3.5510E-01  6.6065E-02  1.1027E+00  1.3974E+00
1.0000E-02  3.6499E-01  9.8898E-02  1.1027E+00  1.3973E+00
1.5849E-02  3.7966E-01  1.5021E-01  1.1027E+00  1.3971E+00
2.5119E-02  4.0169E-01  2.2762E-01  1.1027E+00  1.3969E+00
3.9811E-02  4.3447E-01  3.4767E-01  1.1027E+00  1.3966E+00
6.3096E-02  4.8338E-01  5.3016E-01  1.1027E+00  1.3961E+00
1.0000E-01  5.5534E-01  8.0716E-01  1.1027E+00  1.3956E+00
1.5849E-01  6.5978E-01  1.2275E+00  1.1026E+00  1.3948E+00
2.5119E-01  8.0336E-01  1.8324E+00  1.1026E+00  1.3938E+00
3.9811E-01  1.0077E+00  2.7653E+00  1.1025E+00  1.3923E+00
6.3096E-01  1.2420E+00  4.0195E+00  1.1025E+00  1.3908E+00
1.0000E+00  1.5773E+00  5.9859E+00  1.1024E+00  1.3883E+00
1.5849E+00  1.8933E+00  8.4462E+00  1.1023E+00  1.3861E+00
2.5119E+00  2.3314E+00  1.2229E+01  1.1021E+00  1.3827E+00
3.9811E+00  2.7486E+00  1.6993E+01  1.1020E+00  1.3797E+00
6.3096E+00  3.2759E+00  2.3977E+01  1.1018E+00  1.3758E+00
1.0000E+01  3.8292E+00  3.2752E+01  1.1016E+00  1.3720E+00
1.5849E+01  4.4989E+00  4.4837E+01  1.1014E+00  1.3676E+00
2.5119E+01  5.3047E+00  5.9395E+01  1.1011E+00  1.3631E+00
3.9811E+01  6.3079E+00  7.6525E+01  1.1009E+00  1.3591E+00
6.3096E+01  7.6526E+00  9.6006E+01  1.1007E+00  1.3555E+00
1.0000E+02  9.5137E+00  1.1591E+02  1.1005E+00  1.3535E+00
1.5849E+02  1.1989E+01  1.3447E+02  1.1004E+00  1.3524E+00
2.5119E+02  1.5502E+01  1.5257E+02  1.1003E+00  1.3523E+00
3.9811E+02  1.9891E+01  1.6245E+02  1.1004E+00  1.3529E+00
6.3096E+02  2.5285E+01  1.6500E+02  1.1004E+00  1.3542E+00
1.0000E+03  3.0892E+01  1.5787E+02  1.1011E+00  1.3639E+00
1.5849E+03  3.6971E+01  1.4619E+02  1.1019E+00  1.3748E+00
2.5119E+03  4.1930E+01  1.2822E+02  1.1020E+00  1.3757E+00
3.9811E+03  4.5433E+01  1.0472E+02  1.1022E+00  1.3827E+00
6.3096E+03  4.6155E+01  8.4162E+01  1.1024E+00  1.3881E+00
1.0000E+04  4.1999E+01  6.2644E+01  1.1025E+00  1.3898E+00
Rosseland and Planck opacities and free electrons
Density     Ross opa    Planck opa  No. Free    Av Sq Free  T=  6.0000E-01
1.0000E-10  3.3283E-01  2.0282E-08  1.1028E+00  1.4016E+00
1.5849E-10  3.3283E-01  3.2197E-08  1.1028E+00  1.4016E+00
2.5119E-10  3.3283E-01  5.1102E-08  1.1028E+00  1.4016E+00
3.9811E-10  3.3283E-01  8.1054E-08  1.1028E+00  1.4016E+00
6.3096E-10  3.3283E-01  1.2851E-07  1.1028E+00  1.4016E+00
1.0000E-09  3.3283E-01  2.0382E-07  1.1028E+00  1.4016E+00
1.5849E-09  3.3283E-01  3.2353E-07  1.1028E+00  1.4016E+00
2.5119E-09  3.3283E-01  5.1327E-07  1.1028E+00  1.4016E+00
3.9811E-09  3.3283E-01  8.1410E-07  1.1028E+00  1.4016E+00
6.3096E-09  3.3283E-01  1.2909E-06  1.1028E+00  1.4016E+00
1.0000E-08  3.3283E-01  2.0420E-06  1.1028E+00  1.4016E+00
1.5849E-08  3.3284E-01  3.2319E-06  1.1028E+00  1.4016E+00
2.5119E-08  3.3284E-01  5.1214E-06  1.1028E+00  1.4016E+00
3.9811E-08  3.3284E-01  8.1176E-06  1.1028E+00  1.4016E+00
6.3096E-08  3.3285E-01  1.2847E-05  1.1028E+00  1.4016E+00
1.0000E-07  3.3286E-01  2.0324E-05  1.1028E+00  1.4016E+00
1.5849E-07  3.3286E-01  3.2035E-05  1.1028E+00  1.4016E+00
2.5119E-07  3.3287E-01  5.0321E-05  1.1028E+00  1.4016E+00
3.9811E-07  3.3289E-01  7.8890E-05  1.1028E+00  1.4015E+00
6.3096E-07  3.3290E-01  1.2231E-04  1.1028E+00  1.4015E+00
1.0000E-06  3.3292E-01  1.9072E-04  1.1028E+00  1.4015E+00
1.5849E-06  3.3295E-01  2.8871E-04  1.1028E+00  1.4014E+00
2.5119E-06  3.3298E-01  4.4401E-04  1.1028E+00  1.4013E+00
3.9811E-06  3.3303E-01  6.4820E-04  1.1028E+00  1.4011E+00
6.3096E-06  3.3308E-01  9.6441E-04  1.1028E+00  1.4010E+00
1.0000E-05  3.3315E-01  1.3468E-03  1.1028E+00  1.4007E+00
1.5849E-05  3.3324E-01  1.8905E-03  1.1028E+00  1.4004E+00
2.5119E-05  3.3336E-01  2.5341E-03  1.1028E+00  1.4001E+00
3.9811E-05  3.3353E-01  3.3139E-03  1.1028E+00  1.3998E+00
6.3096E-05  3.3372E-01  4.2921E-03  1.1028E+00  1.3994E+00
1.0000E-04  3.3394E-01  5.2690E-03  1.1028E+00  1.3991E+00
1.5849E-04  3.3424E-01  6.6369E-03  1.1028E+00  1.3988E+00
2.5119E-04  3.3460E-01  7.8344E-03  1.1027E+00  1.3986E+00
3.9811E-04  3.3511E-01  9.7155E-03  1.1027E+00  1.3982E+00
6.3096E-04  3.3586E-01  1.1594E-02  1.1027E+00  1.3981E+00
1.0000E-03  3.3695E-01  1.4571E-02  1.1027E+00  1.3979E+00
1.5849E-03  3.3849E-01  1.8629E-02  1.1027E+00  1.3978E+00
2.5119E-03  3.4070E-01  2.4911E-02  1.1027E+00  1.3977E+00
3.9811E-03  3.4390E-01  3.4342E-02  1.1027E+00  1.3976E+00
6.3096E-03  3.4856E-01  4.9028E-02  1.1027E+00  1.3975E+00
1.0000E-02  3.5544E-01  7.1488E-02  1.1027E+00  1.3974E+00
1.5849E-02  3.6561E-01  1.0615E-01  1.1027E+00  1.3973E+00
2.5119E-02  3.8072E-01  1.5980E-01  1.1027E+00  1.3971E+00
3.9811E-02  4.0314E-01  2.4145E-01  1.1027E+00  1.3969E+00
6.3096E-02  4.3636E-01  3.6948E-01  1.1027E+00  1.3965E+00
1.0000E-01  4.8498E-01  5.6106E-01  1.1027E+00  1.3961E+00
1.5849E-01  5.5678E-01  8.6387E-01  1.1026E+00  1.3954E+00
2.5119E-01  6.5485E-01  1.2934E+00  1.1026E+00  1.3947E+00
3.9811E-01  7.9731E-01  1.9679E+00  1.1026E+00  1.3935E+00
6.3096E-01  9.6934E-01  2.8974E+00  1.1025E+00  1.3922E+00
1.0000E+00  1.2056E+00  4.3237E+00  1.1025E+00  1.3902E+00
1.5849E+00  1.4653E+00  6.2465E+00  1.1024E+00  1.3881E+00
2.5119E+00  1.7851E+00  9.0520E+00  1.1023E+00  1.3853E+00
3.9811E+00  2.1434E+00  1.2847E+01  1.1021E+00  1.3822E+00
6.3096E+00  2.5340E+00  1.8055E+01  1.1020E+00  1.3789E+00
1.0000E+01  3.0092E+00  2.5247E+01  1.1018E+00  1.3749E+00
1.5849E+01  3.5100E+00  3.4336E+01  1.1016E+00  1.3711E+00
2.5119E+01  4.1828E+00  4.6826E+01  1.1013E+00  1.3662E+00
3.9811E+01  4.9264E+00  5.9282E+01  1.1011E+00  1.3630E+00
6.3096E+01  5.9914E+00  7.6318E+01  1.1008E+00  1.3589E+00
1.0000E+02  7.3581E+00  9.2736E+01  1.1007E+00  1.3566E+00
1.5849E+02  9.2971E+00  1.1070E+02  1.1005E+00  1.3545E+00
2.5119E+02  1.1947E+01  1.2565E+02  1.1005E+00  1.3543E+00
3.9811E+02  1.5336E+01  1.3579E+02  1.1005E+00  1.3546E+00
6.3096E+02  1.9660E+01  1.4091E+02  1.1006E+00  1.3559E+00
1.0000E+03  2.4412E+01  1.3756E+02  1.1010E+00  1.3620E+00
1.5849E+03  3.0063E+01  1.3108E+02  1.1019E+00  1.3749E+00
2.5119E+03  3.4148E+01  1.1515E+02  1.1020E+00  1.3774E+00
3.9811E+03  3.7824E+01  9.6618E+01  1.1022E+00  1.3823E+00
6.3096E+03  3.9745E+01  7.8464E+01  1.1024E+00  1.3882E+00
1.0000E+04  3.7505E+01  6.0072E+01  1.1025E+00  1.3899E+00
Rosseland and Planck opacities and free electrons
Density     Ross opa    Planck opa  No. Free    Av Sq Free  T=  6.5000E-01
1.0000E-10  3.3233E-01  9.9707E-09  1.1028E+00  1.4016E+00
1.5849E-10  3.3233E-01  1.5852E-08  1.1028E+00  1.4016E+00
2.5119E-10  3.3233E-01  2.5240E-08  1.1028E+00  1.4016E+00
3.9811E-10  3.3233E-01  4.0111E-08  1.1028E+00  1.4016E+00
6.3096E-10  3.3233E-01  6.3615E-08  1.1028E+00  1.4016E+00
1.0000E-09  3.3233E-01  1.0087E-07  1.1028E+00  1.4016E+00
1.5849E-09  3.3233E-01  1.6019E-07  1.1028E+00  1.4016E+00
2.5119E-09  3.3233E-01  2.5423E-07  1.1028E+00  1.4016E+00
3.9811E-09  3.3233E-01  4.0294E-07  1.1028E+00  1.4016E+00
6.3096E-09  3.3233E-01  6.3854E-07  1.1028E+00  1.4016E+00
1.0000E-08  3.3233E-01  1.0126E-06  1.1028E+00  1.4016E+00
1.5849E-08  3.3233E-01  1.6060E-06  1.1028E+00  1.4016E+00
2.5119E-08  3.3233E-01  2.5480E-06  1.1028E+00  1.4016E+00
3.9811E-08  3.3234E-01  4.0434E-06  1.1028E+00  1.4016E+00
6.3096E-08  3.3234E-01  6.4096E-06  1.1028E+00  1.4016E+00
1.0000E-07  3.3235E-01  1.0148E-05  1.1028E+00  1.4016E+00
1.5849E-07  3.3235E-01  1.6071E-05  1.1028E+00  1.4016E+00
2.5119E-07  3.3236E-01  2.5433E-05  1.1028E+00  1.4016E+00
3.9811E-07  3.3238E-01  4.0271E-05  1.1028E+00  1.4016E+00
6.3096E-07  3.3239E-01  6.3351E-05  1.1028E+00  1.4016E+00
1.0000E-06  3.3241E-01  9.9905E-05  1.1028E+00  1.4016E+00
1.5849E-06  3.3243E-01  1.5588E-04  1.1028E+00  1.4015E+00
2.5119E-06  3.3246E-01  2.4393E-04  1.1028E+00  1.4015E+00
3.9811E-06  3.3250E-01  3.7477E-04  1.1028E+00  1.4015E+00
6.3096E-06  3.3255E-01  5.7530E-04  1.1028E+00  1.4014E+00
1.0000E-05  3.3262E-01  8.6621E-04  1.1028E+00  1.4013E+00
1.5849E-05  3.3271E-01  1.2849E-03  1.1028E+00  1.4011E+00
2.5119E-05  3.3283E-01  1.8874E-03  1.1028E+00  1.4009E+00
3.9811E-05  3.3301E-01  2.6368E-03  1.1028E+00  1.4007E+00
6.3096E-05  3.3323E-01  3.7645E-03  1.1028E+00  1.4004E+00
1.0000E-04  3.3345E-01  4.8769E-03  1.1028E+00  1.4001E+00
1.5849E-04  3.3375E-01  6.6399E-03  1.1028E+00  1.3997E+00
2.5119E-04  3.3405E-01  8.1622E-03  1.1028E+00  1.3994E+00
3.9811E-04  3.3447E-01  1.0455E-02  1.1028E+00  1.3990E+00
6.3096E-04  3.3506E-01  1.2681E-02  1.1027E+00  1.3987E+00
1.0000E-03  3.3590E-01  1.5646E-02  1.1027E+00  1.3984E+00
1.5849E-03  3.3707E-01  1.9289E-02  1.1027E+00  1.3982E+00
2.5119E-03  3.3873E-01  2.4128E-02  1.1027E+00  1.3980E+00
3.9811E-03  3.4111E-01  3.1221E-02  1.1027E+00  1.3978E+00
6.3096E-03  3.4453E-01  4.1513E-02  1.1027E+00  1.3977E+00
1.0000E-02  3.4952E-01  5.7469E-02  1.1027E+00  1.3976E+00
1.5849E-02  3.5684E-01  8.1569E-02  1.1027E+00  1.3975E+00
2.5119E-02  3.6762E-01  1.1957E-01  1.1027E+00  1.3973E+00
3.9811E-02  3.8356E-01  1.7721E-01  1.1027E+00  1.3971E+00
6.3096E-02  4.0703E-01  2.6816E-01  1.1027E+00  1.3968E+00
1.0000E-01  4.4133E-01  4.0584E-01  1.1027E+00  1.3965E+00
1.5849E-01  4.9155E-01  6.2285E-01  1.1027E+00  1.3959E+00
2.5119E-01  5.6199E-01  9.4097E-01  1.1026E+00  1.3953E+00
3.9811E-01  6.6245E-01  1.4331E+00  1.1026E+00  1.3944E+00
6.3096E-01  7.9307E-01  2.1443E+00  1.1026E+00  1.3932E+00
1.0000E+00  9.6462E-01  3.1985E+00  1.1025E+00  1.3917E+00
1.5849E+00  1.1772E+00  4.7147E+00  1.1024E+00  1.3897E+00
2.5119E+00  1.4176E+00  6.8383E+00  1.1023E+00  1.3874E+00
3.9811E+00  1.7256E+00  9.9410E+00  1.1022E+00  1.3842E+00
6.3096E+00  2.0246E+00  1.3920E+01  1.1021E+00  1.3814E+00
1.0000E+01  2.4359E+00  1.9909E+01  1.1019E+00  1.3772E+00
1.5849E+01  2.8196E+00  2.6879E+01  1.1017E+00  1.3740E+00
2.5119E+01  3.3829E+00  3.7632E+01  1.1015E+00  1.3688E+00
3.9811E+01  3.9537E+00  4.7508E+01  1.1013E+00  1.3659E+00
6.3096E+01  4.7976E+00  6.2204E+01  1.1010E+00  1.3614E+00
1.0000E+02  5.8469E+00  7.5676E+01  1.1009E+00  1.3592E+00
1.5849E+02  7.4086E+00  9.2663E+01  1.1007E+00  1.3563E+00
2.5119E+02  9.4243E+00  1.0483E+02  1.1006E+00  1.3561E+00
3.9811E+02  1.2149E+01  1.1525E+02  1.1006E+00  1.3562E+00
6.3096E+02  1.5655E+01  1.2161E+02  1.1007E+00  1.3573E+00
1.0000E+03  1.9686E+01  1.2122E+02  1.1009E+00  1.3613E+00
1.5849E+03  2.4268E+01  1.1586E+02  1.1017E+00  1.3722E+00
2.5119E+03  2.8192E+01  1.0403E+02  1.1020E+00  1.3778E+00
3.9811E+03  3.1856E+01  8.9705E+01  1.1022E+00  1.3824E+00
6.3096E+03  3.4456E+01  7.3477E+01  1.1024E+00  1.3883E+00
1.0000E+04  3.3601E+01  5.7774E+01  1.1025E+00  1.3901E+00
Rosseland and Planck opacities and free electrons
Density     Ross opa    Planck opa  No. Free    Av Sq Free  T=  7.0000E-01
1.0000E-10  3.3186E-01  5.2049E-09  1.1028E+00  1.4016E+00
1.5849E-10  3.3186E-01  8.2697E-09  1.1028E+00  1.4016E+00
2.5119E-10  3.3186E-01  1.3156E-08  1.1028E+00  1.4016E+00
3.9811E-10  3.3186E-01  2.0900E-08  1.1028E+00  1.4016E+00
6.3096E-10  3.3186E-01  3.3164E-08  1.1028E+00  1.4016E+00
1.0000E-09  3.3186E-01  5.2600E-08  1.1028E+00  1.4016E+00
1.5849E-09  3.3186E-01  8.3385E-08  1.1028E+00  1.4016E+00
2.5119E-09  3.3186E-01  1.3217E-07  1.1028E+00  1.4016E+00
3.9811E-09  3.3186E-01  2.0975E-07  1.1028E+00  1.4016E+00
6.3096E-09  3.3186E-01  3.3296E-07  1.1028E+00  1.4016E+00
1.0000E-08  3.3186E-01  5.2836E-07  1.1028E+00  1.4016E+00
1.5849E-08  3.3186E-01  8.3828E-07  1.1028E+00  1.4016E+00
2.5119E-08  3.3187E-01  1.3293E-06  1.1028E+00  1.4016E+00
3.9811E-08  3.3187E-01  2.1064E-06  1.1028E+00  1.4016E+00
6.3096E-08  3.3187E-01  3.3386E-06  1.1028E+00  1.4016E+00
1.0000E-07  3.3187E-01  5.2985E-06  1.1028E+00  1.4016E+00
1.5849E-07  3.3188E-01  8.4047E-06  1.1028E+00  1.4016E+00
2.5119E-07  3.3189E-01  1.3348E-05  1.1028E+00  1.4016E+00
3.9811E-07  3.3190E-01  2.1185E-05  1.1028E+00  1.4016E+00
6.3096E-07  3.3191E-01  3.3517E-05  1.1028E+00  1.4016E+00
1.0000E-06  3.3193E-01  5.3018E-05  1.1028E+00  1.4016E+00
1.5849E-06  3.3195E-01  8.3790E-05  1.1028E+00  1.4016E+00
2.5119E-06  3.3198E-01  1.3242E-04  1.1028E+00  1.4016E+00
3.9811E-06  3.3201E-01  2.0803E-04  1.1028E+00  1.4016E+00
6.3096E-06  3.3206E-01  3.2480E-04  1.1028E+00  1.4015E+00
1.0000E-05  3.3212E-01  5.0605E-04  1.1028E+00  1.4015E+00
1.5849E-05  3.3220E-01  7.7429E-04  1.1028E+00  1.4014E+00
2.5119E-05  3.3230E-01  1.1968E-03  1.1028E+00  1.4013E+00
3.9811E-05  3.3247E-01  1.7624E-03  1.1028E+00  1.4012E+00
6.3096E-05  3.3268E-01  2.6588E-03  1.1028E+00  1.4010E+00
1.0000E-04  3.3292E-01  3.7315E-03  1.1028E+00  1.4008E+00
1.5849E-04  3.3323E-01  5.3606E-03  1.1028E+00  1.4005E+00
2.5119E-04  3.3356E-01  7.1953E-03  1.1028E+00  1.4002E+00
3.9811E-04  3.3396E-01  9.6788E-03  1.1028E+00  1.3999E+00
6.3096E-04  3.3449E-01  1.2576E-02  1.1028E+00  1.3995E+00
1.0000E-03  3.3524E-01  1.5946E-02  1.1028E+00  1.3992E+00
1.5849E-03  3.3624E-01  2.0344E-02  1.1027E+00  1.3988E+00
2.5119E-03  3.3758E-01  2.5055E-02  1.1027E+00  1.3985E+00
3.9811E-03  3.3948E-01  3.2062E-02  1.1027E+00  1.3982E+00
6.3096E-03  3.4209E-01  4.0373E-02  1.1027E+00  1.3980E+00
1.0000E-02  3.4589E-01  5.3524E-02  1.1027E+00  1.3978E+00
1.5849E-02  3.5134E-01  7.1822E-02  1.1027E+00  1.3977E+00
2.5119E-02  3.5933E-01  1.0072E-01  1.1027E+00  1.3975E+00
3.9811E-02  3.7106E-01  1.4383E-01  1.1027E+00  1.3973E+00
6.3096E-02  3.8826E-01  2.1164E-01  1.1027E+00  1.3970E+00
1.0000E-01  4.1337E-01  3.1437E-01  1.1027E+00  1.3967E+00
1.5849E-01  4.4988E-01  4.7365E-01  1.1027E+00  1.3963E+00
2.5119E-01  5.0193E-01  7.1406E-01  1.1027E+00  1.3958E+00
3.9811E-01  5.7529E-01  1.0783E+00  1.1026E+00  1.3950E+00
6.3096E-01  6.7589E-01  1.6267E+00  1.1026E+00  1.3940E+00
1.0000E+00  8.0417E-01  2.4240E+00  1.1025E+00  1.3928E+00
1.5849E+00  9.7835E-01  3.6339E+00  1.1025E+00  1.3909E+00
2.5119E+00  1.1631E+00  5.2652E+00  1.1024E+00  1.3890E+00
3.9811E+00  1.4258E+00  7.7963E+00  1.1023E+00  1.3860E+00
6.3096E+00  1.6634E+00  1.0915E+01  1.1022E+00  1.3835E+00
1.0000E+01  2.0004E+00  1.5733E+01  1.1020E+00  1.3797E+00
1.5849E+01  2.3255E+00  2.1422E+01  1.1018E+00  1.3764E+00
2.5119E+01  2.7685E+00  2.9850E+01  1.1016E+00  1.3718E+00
3.9811E+01  3.2558E+00  3.8738E+01  1.1014E+00  1.3683E+00
6.3096E+01  3.9112E+00  5.0323E+01  1.1012E+00  1.3643E+00
1.0000E+02  4.7618E+00  6.2638E+01  1.1010E+00  1.3614E+00
1.5849E+02  6.0052E+00  7.7408E+01  1.1008E+00  1.3586E+00
2.5119E+02  7.6142E+00  8.8589E+01  1.1007E+00  1.3579E+00
3.9811E+02  9.8599E+00  9.9114E+01  1.1007E+00  1.3578E+00
6.3096E+02  1.2728E+01  1.0601E+02  1.1008E+00  1.3588E+00
1.0000E+03  1.6163E+01  1.0773E+02  1.1009E+00  1.3612E+00
1.5849E+03  1.9805E+01  1.0283E+02  1.1016E+00  1.3703E+00
2.5119E+03  2.3572E+01  9.4604E+01  1.1020E+00  1.3777E+00
3.9811E+03  2.7099E+01  8.3680E+01  1.1022E+00  1.3823E+00
6.3096E+03  2.9525E+01  6.8274E+01  1.1024E+00  1.3874E+00
1.0000E+04  2.9869E+01  5.4894E+01  1.1025E+00  1.3902E+00
Rosseland and Planck opacities and free electrons
Density     Ross opa    Planck opa  No. Free    Av Sq Free  T=  8.0000E-01
1.0000E-10  3.3103E-01  1.0160E-09  1.1028E+00  1.4016E+00
1.5849E-10  3.3103E-01  2.5039E-09  1.1028E+00  1.4016E+00
2.5119E-10  3.3103E-01  4.3459E-09  1.1028E+00  1.4016E+00
3.9811E-10  3.3103E-01  6.9227E-09  1.1028E+00  1.4016E+00
6.3096E-10  3.3103E-01  1.1022E-08  1.1028E+00  1.4016E+00
1.0000E-09  3.3103E-01  1.7539E-08  1.1028E+00  1.4016E+00
1.5849E-09  3.3103E-01  2.7859E-08  1.1028E+00  1.4016E+00
2.5119E-09  3.3103E-01  4.4190E-08  1.1028E+00  1.4016E+00
3.9811E-09  3.3103E-01  7.0077E-08  1.1028E+00  1.4016E+00
6.3096E-09  3.3103E-01  1.1116E-07  1.1028E+00  1.4016E+00
1.0000E-08  3.3103E-01  1.7626E-07  1.1028E+00  1.4016E+00
1.5849E-08  3.3103E-01  2.7985E-07  1.1028E+00  1.4016E+00
2.5119E-08  3.3103E-01  4.4406E-07  1.1028E+00  1.4016E+00
3.9811E-08  3.3103E-01  7.0474E-07  1.1028E+00  1.4016E+00
6.3096E-08  3.3103E-01  1.1180E-06  1.1028E+00  1.4016E+00
1.0000E-07  3.3103E-01  1.7770E-06  1.1028E+00  1.4016E+00
1.5849E-07  3.3103E-01  2.8244E-06  1.1028E+00  1.4016E+00
2.5119E-07  3.3104E-01  4.4875E-06  1.1028E+00  1.4016E+00
3.9811E-07  3.3104E-01  7.1283E-06  1.1028E+00  1.4016E+00
6.3096E-07  3.3105E-01  1.1312E-05  1.1028E+00  1.4016E+00
1.0000E-06  3.3106E-01  1.7940E-05  1.1028E+00  1.4016E+00
1.5849E-06  3.3108E-01  2.8444E-05  1.1028E+00  1.4016E+00
2.5119E-06  3.3110E-01  4.5096E-05  1.1028E+00  1.4016E+00
3.9811E-06  3.3113E-01  7.1487E-05  1.1028E+00  1.4016E+00
6.3096E-06  3.3116E-01  1.1330E-04  1.1028E+00  1.4016E+00
1.0000E-05  3.3121E-01  1.7956E-04  1.1028E+00  1.4016E+00
1.5849E-05  3.3127E-01  2.8253E-04  1.1028E+00  1.4016E+00
2.5119E-05  3.3135E-01  4.4496E-04  1.1028E+00  1.4016E+00
3.9811E-05  3.3146E-01  6.9455E-04  1.1028E+00  1.4015E+00
6.3096E-05  3.3160E-01  1.0835E-03  1.1028E+00  1.4015E+00
1.0000E-04  3.3180E-01  1.6700E-03  1.1028E+00  1.4014E+00
1.5849E-04  3.3206E-01  2.5486E-03  1.1028E+00  1.4013E+00
2.5119E-04  3.3240E-01  3.8627E-03  1.1028E+00  1.4012E+00
3.9811E-04  3.3279E-01  5.6536E-03  1.1028E+00  1.4010E+00
6.3096E-04  3.3329E-01  8.4049E-03  1.1028E+00  1.4008E+00
1.0000E-03  3.3395E-01  1.1534E-02  1.1028E+00  1.4005E+00
1.5849E-03  3.3487E-01  1.6493E-02  1.1028E+00  1.4002E+00
2.5119E-03  3.3597E-01  2.1450E-02  1.1028E+00  1.3999E+00
3.9811E-03  3.3752E-01  2.8951E-02  1.1028E+00  1.3994E+00
6.3096E-03  3.3945E-01  3.6967E-02  1.1028E+00  1.3991E+00
1.0000E-02  3.4211E-01  4.7989E-02  1.1027E+00  1.3987E+00
1.5849E-02  3.4570E-01  6.1938E-02  1.1027E+00  1.3984E+00
2.5119E-02  3.5072E-01  8.0701E-02  1.1027E+00  1.3981E+00
3.9811E-02  3.5789E-01  1.0830E-01  1.1027E+00  1.3978E+00
6.3096E-02  3.6812E-01  1.4795E-01  1.1027E+00  1.3975E+00
1.0000E-01  3.8295E-01  2.0935E-01  1.1027E+00  1.3972E+00
1.5849E-01  4.0422E-01  3.0166E-01  1.1027E+00  1.3969E+00
2.5119E-01  4.3496E-01  4.4644E-01  1.1027E+00  1.3964E+00
3.9811E-01  4.7781E-01  6.6193E-01  1.1027E+00  1.3959E+00
6.3096E-01  5.3946E-01  9.9986E-01  1.1026E+00  1.3951E+00
1.0000E+00  6.1811E-01  1.4862E+00  1.1026E+00  1.3942E+00
1.5849E+00  7.2818E-01  2.2404E+00  1.1025E+00  1.3929E+00
2.5119E+00  8.5560E-01  3.2943E+00  1.1025E+00  1.3913E+00
3.9811E+00  1.0214E+00  4.8738E+00  1.1024E+00  1.3892E+00
6.3096E+00  1.2097E+00  7.0352E+00  1.1023E+00  1.3867E+00
1.0000E+01  1.4320E+00  1.0115E+01  1.1022E+00  1.3837E+00
1.5849E+01  1.6920E+00  1.4275E+01  1.1020E+00  1.3801E+00
2.5119E+01  1.9829E+00  1.9659E+01  1.1018E+00  1.3766E+00
3.9811E+01  2.3544E+00  2.6854E+01  1.1016E+00  1.3722E+00
6.3096E+01  2.7778E+00  3.4463E+01  1.1014E+00  1.3690E+00
1.0000E+02  3.3625E+00  4.4642E+01  1.1012E+00  1.3652E+00
1.5849E+02  4.1628E+00  5.4715E+01  1.1011E+00  1.3630E+00
2.5119E+02  5.2779E+00  6.5466E+01  1.1010E+00  1.3612E+00
3.9811E+02  6.8324E+00  7.4942E+01  1.1009E+00  1.3609E+00
6.3096E+02  8.7028E+00  8.0781E+01  1.1010E+00  1.3615E+00
1.0000E+03  1.1082E+01  8.4169E+01  1.1011E+00  1.3634E+00
1.5849E+03  1.3781E+01  8.2768E+01  1.1014E+00  1.3684E+00
2.5119E+03  1.7069E+01  7.9372E+01  1.1020E+00  1.3770E+00
3.9811E+03  1.9746E+01  7.1046E+01  1.1023E+00  1.3839E+00
6.3096E+03  2.2128E+01  6.0006E+01  1.1024E+00  1.3881E+00
1.0000E+04  2.3535E+01  4.9002E+01  1.1025E+00  1.3904E+00
Rosseland and Planck opacities and free electrons
Density     Ross opa    Planck opa  No. Free    Av Sq Free  T=  9.0000E-01
1.0000E-10  3.3029E-01  9.2850E-11  1.1028E+00  1.4016E+00
1.5849E-10  3.3029E-01  2.0342E-10  1.1028E+00  1.4016E+00
2.5119E-10  3.3029E-01  6.2356E-10  1.1028E+00  1.4016E+00
3.9811E-10  3.3029E-01  2.1239E-09  1.1028E+00  1.4016E+00
6.3096E-10  3.3029E-01  4.4179E-09  1.1028E+00  1.4016E+00
1.0000E-09  3.3029E-01  7.0882E-09  1.1028E+00  1.4016E+00
1.5849E-09  3.3029E-01  1.1320E-08  1.1028E+00  1.4016E+00
2.5119E-09  3.3029E-01  1.8038E-08  1.1028E+00  1.4016E+00
3.9811E-09  3.3029E-01  2.8685E-08  1.1028E+00  1.4016E+00
6.3096E-09  3.3029E-01  4.5478E-08  1.1028E+00  1.4016E+00
1.0000E-08  3.3029E-01  7.2059E-08  1.1028E+00  1.4016E+00
1.5849E-08  3.3029E-01  1.1423E-07  1.1028E+00  1.4016E+00
2.5119E-08  3.3029E-01  1.8110E-07  1.1028E+00  1.4016E+00
3.9811E-08  3.3029E-01  2.8742E-07  1.1028E+00  1.4016E+00
6.3096E-08  3.3029E-01  4.5656E-07  1.1028E+00  1.4016E+00
1.0000E-07  3.3029E-01  7.2478E-07  1.1028E+00  1.4016E+00
1.5849E-07  3.3029E-01  1.1505E-06  1.1028E+00  1.4016E+00
2.5119E-07  3.3030E-01  1.8258E-06  1.1028E+00  1.4016E+00
3.9811E-07  3.3030E-01  2.9043E-06  1.1028E+00  1.4016E+00
6.3096E-07  3.3030E-01  4.6136E-06  1.1028E+00  1.4016E+00
1.0000E-06  3.3031E-01  7.3463E-06  1.1028E+00  1.4016E+00
1.5849E-06  3.3031E-01  1.1681E-05  1.1028E+00  1.4016E+00
2.5119E-06  3.3032E-01  1.8566E-05  1.1028E+00  1.4016E+00
3.9811E-06  3.3034E-01  2.9486E-05  1.1028E+00  1.4016E+00
6.3096E-06  3.3036E-01  4.6888E-05  1.1028E+00  1.4016E+00
1.0000E-05  3.3040E-01  7.4564E-05  1.1028E+00  1.4016E+00
1.5849E-05  3.3044E-01  1.1821E-04  1.1028E+00  1.4016E+00
2.5119E-05  3.3050E-01  1.8693E-04  1.1028E+00  1.4016E+00
3.9811E-05  3.3058E-01  2.9544E-04  1.1028E+00  1.4016E+00
6.3096E-05  3.3068E-01  4.6543E-04  1.1028E+00  1.4016E+00
1.0000E-04  3.3081E-01  7.3436E-04  1.1028E+00  1.4016E+00
1.5849E-04  3.3099E-01  1.1465E-03  1.1028E+00  1.4015E+00
2.5119E-04  3.3123E-01  1.7997E-03  1.1028E+00  1.4015E+00
3.9811E-04  3.3155E-01  2.7660E-03  1.1028E+00  1.4014E+00
6.3096E-04  3.3197E-01  4.2845E-03  1.1028E+00  1.4014E+00
1.0000E-03  3.3256E-01  6.4243E-03  1.1028E+00  1.4012E+00
1.5849E-03  3.3334E-01  9.6710E-03  1.1028E+00  1.4011E+00
2.5119E-03  3.3436E-01  1.4052E-02  1.1028E+00  1.4008E+00
3.9811E-03  3.3572E-01  2.0133E-02  1.1028E+00  1.4006E+00
6.3096E-03  3.3751E-01  2.8392E-02  1.1028E+00  1.4002E+00
1.0000E-02  3.3980E-01  3.8309E-02  1.1028E+00  1.3999E+00
1.5849E-02  3.4293E-01  5.2759E-02  1.1028E+00  1.3994E+00
2.5119E-02  3.4681E-01  6.8390E-02  1.1028E+00  1.3991E+00
3.9811E-02  3.5235E-01  9.3030E-02  1.1027E+00  1.3985E+00
6.3096E-02  3.5941E-01  1.2091E-01  1.1027E+00  1.3983E+00
1.0000E-01  3.6960E-01  1.6488E-01  1.1027E+00  1.3978E+00
1.5849E-01  3.8361E-01  2.2530E-01  1.1027E+00  1.3975E+00
2.5119E-01  4.0360E-01  3.1871E-01  1.1027E+00  1.3970E+00
3.9811E-01  4.3157E-01  4.5773E-01  1.1027E+00  1.3966E+00
6.3096E-01  4.7110E-01  6.7160E-01  1.1027E+00  1.3960E+00
1.0000E+00  5.2467E-01  9.9162E-01  1.1026E+00  1.3952E+00
1.5849E+00  5.9692E-01  1.4747E+00  1.1026E+00  1.3942E+00
2.5119E+00  6.9115E-01  2.1935E+00  1.1025E+00  1.3929E+00
3.9811E+00  8.0423E-01  3.2308E+00  1.1025E+00  1.3913E+00
6.3096E+00  9.5301E-01  4.7777E+00  1.1024E+00  1.3890E+00
1.0000E+01  1.1095E+00  6.8333E+00  1.1023E+00  1.3867E+00
1.5849E+01  1.3237E+00  9.9978E+00  1.1022E+00  1.3831E+00
2.5119E+01  1.5291E+00  1.3618E+01  1.1020E+00  1.3802E+00
3.9811E+01  1.8155E+00  1.9211E+01  1.1018E+00  1.3756E+00
6.3096E+01  2.1154E+00  2.4719E+01  1.1016E+00  1.3726E+00
1.0000E+02  2.5305E+00  3.2699E+01  1.1014E+00  1.3683E+00
1.5849E+02  3.0845E+00  4.0324E+01  1.1013E+00  1.3663E+00
2.5119E+02  3.9047E+00  5.0186E+01  1.1011E+00  1.3640E+00
3.9811E+02  4.9459E+00  5.7231E+01  1.1011E+00  1.3638E+00
6.3096E+02  6.3366E+00  6.3691E+01  1.1011E+00  1.3640E+00
1.0000E+03  8.0829E+00  6.7754E+01  1.1012E+00  1.3652E+00
1.5849E+03  1.0106E+01  6.8403E+01  1.1014E+00  1.3684E+00
2.5119E+03  1.2508E+01  6.6142E+01  1.1019E+00  1.3768E+00
3.9811E+03  1.4789E+01  6.0709E+01  1.1022E+00  1.3832E+00
6.3096E+03  1.7054E+01  5.3458E+01  1.1024E+00  1.3885E+00
1.0000E+04  1.8829E+01  4.4148E+01  1.1025E+00  1.3905E+00
Rosseland and Planck opacities and free electrons
Density     Ross opa    Planck opa  No. Free    Av Sq Free  T=  1.0000E+00
1.0000E-10  3.2964E-01  4.8967E-11  1.1028E+00  1.4016E+00
1.5849E-10  3.2964E-01  7.7608E-11  1.1028E+00  1.4016E+00
2.5119E-10  3.2964E-01  1.2300E-10  1.1028E+00  1.4016E+00
3.9811E-10  3.2964E-01  2.6480E-10  1.1028E+00  1.4016E+00
6.3096E-10  3.2964E-01  4.9638E-10  1.1028E+00  1.4016E+00
1.0000E-09  3.2964E-01  1.9784E-09  1.1028E+00  1.4016E+00
1.5849E-09  3.2964E-01  4.7783E-09  1.1028E+00  1.4016E+00
2.5119E-09  3.2964E-01  8.3735E-09  1.1028E+00  1.4016E+00
3.9811E-09  3.2964E-01  1.3319E-08  1.1028E+00  1.4016E+00
6.3096E-09  3.2964E-01  2.1180E-08  1.1028E+00  1.4016E+00
1.0000E-08  3.2964E-01  3.3682E-08  1.1028E+00  1.4016E+00
1.5849E-08  3.2964E-01  5.3478E-08  1.1028E+00  1.4016E+00
2.5119E-08  3.2964E-01  8.4776E-08  1.1028E+00  1.4016E+00
3.9811E-08  3.2964E-01  1.3441E-07  1.1028E+00  1.4016E+00
6.3096E-08  3.2964E-01  2.1365E-07  1.1028E+00  1.4016E+00
1.0000E-07  3.2964E-01  3.3923E-07  1.1028E+00  1.4016E+00
1.5849E-07  3.2964E-01  5.3858E-07  1.1028E+00  1.4016E+00
2.5119E-07  3.2964E-01  8.5456E-07  1.1028E+00  1.4016E+00
3.9811E-07  3.2964E-01  1.3596E-06  1.1028E+00  1.4016E+00
6.3096E-07  3.2964E-01  2.1619E-06  1.1028E+00  1.4016E+00
1.0000E-06  3.2964E-01  3.4412E-06  1.1028E+00  1.4016E+00
1.5849E-06  3.2964E-01  5.4765E-06  1.1028E+00  1.4016E+00
2.5119E-06  3.2965E-01  8.7099E-06  1.1028E+00  1.4016E+00
3.9811E-06  3.2966E-01  1.3850E-05  1.1028E+00  1.4016E+00
6.3096E-06  3.2967E-01  2.2029E-05  1.1028E+00  1.4016E+00
1.0000E-05  3.2969E-01  3.5141E-05  1.1028E+00  1.4016E+00
1.5849E-05  3.2971E-01  5.5913E-05  1.1028E+00  1.4016E+00
2.5119E-05  3.2975E-01  8.8531E-05  1.1028E+00  1.4016E+00
3.9811E-05  3.2980E-01  1.4023E-04  1.1028E+00  1.4016E+00
6.3096E-05  3.2988E-01  2.2165E-04  1.1028E+00  1.4016E+00
1.0000E-04  3.2997E-01  3.5061E-04  1.1028E+00  1.4016E+00
1.5849E-04  3.3010E-01  5.5295E-04  1.1028E+00  1.4016E+00
2.5119E-04  3.3027E-01  8.7252E-04  1.1028E+00  1.4016E+00
3.9811E-04  3.3049E-01  1.3699E-03  1.1028E+00  1.4016E+00
6.3096E-04  3.3079E-01  2.1477E-03  1.1028E+00  1.4015E+00
1.0000E-03  3.3121E-01  3.3466E-03  1.1028E+00  1.4015E+00
1.5849E-03  3.3180E-01  5.1688E-03  1.1028E+00  1.4014E+00
2.5119E-03  3.3262E-01  7.9703E-03  1.1028E+00  1.4013E+00
3.9811E-03  3.3374E-01  1.1924E-02  1.1028E+00  1.4012E+00
6.3096E-03  3.3529E-01  1.8168E-02  1.1028E+00  1.4009E+00
1.0000E-02  3.3727E-01  2.5770E-02  1.1028E+00  1.4007E+00
1.5849E-02  3.4007E-01  3.7835E-02  1.1028E+00  1.4004E+00
2.5119E-02  3.4353E-01  5.1617E-02  1.1028E+00  1.4000E+00
3.9811E-02  3.4834E-01  7.2190E-02  1.1028E+00  1.3996E+00
6.3096E-02  3.5439E-01  9.7099E-02  1.1028E+00  1.3991E+00
1.0000E-01  3.6256E-01  1.3179E-01  1.1027E+00  1.3987E+00
1.5849E-01  3.7345E-01  1.7935E-01  1.1027E+00  1.3982E+00
2.5119E-01  3.8808E-01  2.4549E-01  1.1027E+00  1.3977E+00
3.9811E-01  4.0846E-01  3.4503E-01  1.1027E+00  1.3972E+00
6.3096E-01  4.3622E-01  4.9046E-01  1.1027E+00  1.3967E+00
1.0000E+00  4.7510E-01  7.1416E-01  1.1027E+00  1.3959E+00
1.5849E+00  5.2610E-01  1.0398E+00  1.1026E+00  1.3951E+00
2.5119E+00  5.9778E-01  1.5489E+00  1.1026E+00  1.3939E+00
3.9811E+00  6.8015E-01  2.2555E+00  1.1025E+00  1.3927E+00
6.3096E+00  7.9354E-01  3.3565E+00  1.1025E+00  1.3909E+00
1.0000E+01  9.1594E-01  4.8281E+00  1.1024E+00  1.3888E+00
1.5849E+01  1.0755E+00  7.0419E+00  1.1023E+00  1.3859E+00
2.5119E+01  1.2440E+00  9.8196E+00  1.1021E+00  1.3829E+00
3.9811E+01  1.4527E+00  1.3760E+01  1.1020E+00  1.3792E+00
6.3096E+01  1.6931E+00  1.8372E+01  1.1018E+00  1.3756E+00
1.0000E+02  2.0019E+00  2.4085E+01  1.1016E+00  1.3722E+00
1.5849E+02  2.4126E+00  3.0726E+01  1.1015E+00  1.3692E+00
2.5119E+02  3.0022E+00  3.8245E+01  1.1013E+00  1.3673E+00
3.9811E+02  3.7680E+00  4.4940E+01  1.1013E+00  1.3664E+00
6.3096E+02  4.8304E+00  5.1427E+01  1.1013E+00  1.3662E+00
1.0000E+03  6.1197E+00  5.5382E+01  1.1013E+00  1.3668E+00
1.5849E+03  7.6983E+00  5.7241E+01  1.1015E+00  1.3708E+00
2.5119E+03  9.4455E+00  5.5646E+01  1.1019E+00  1.3770E+00
3.9811E+03  1.1449E+01  5.2666E+01  1.1022E+00  1.3836E+00
6.3096E+03  1.3399E+01  4.7724E+01  1.1024E+00  1.3884E+00
1.0000E+04  1.4935E+01  3.9647E+01  1.1025E+00  1.3910E+00
Rosseland and Planck opacities and free electrons
Density     Ross opa    Planck opa  No. Free    Av Sq Free  T=  1.1250E+00
1.0000E-10  3.2840E-01  3.2258E-11  1.1028E+00  1.4016E+00
1.5849E-10  3.2840E-01  5.1126E-11  1.1028E+00  1.4016E+00
2.5119E-10  3.2840E-01  8.1030E-11  1.1028E+00  1.4016E+00
3.9811E-10  3.2840E-01  1.2842E-10  1.1028E+00  1.4016E+00
6.3096E-10  3.2840E-01  2.0354E-10  1.1028E+00  1.4016E+00
1.0000E-09  3.2840E-01  3.5489E-10  1.1028E+00  1.4016E+00
1.5849E-09  3.2840E-01  6.6351E-10  1.1028E+00  1.4016E+00
2.5119E-09  3.2840E-01  1.5125E-09  1.1028E+00  1.4016E+00
3.9811E-09  3.2840E-01  4.6708E-09  1.1028E+00  1.4016E+00
6.3096E-09  3.2840E-01  9.6245E-09  1.1028E+00  1.4016E+00
1.0000E-08  3.2840E-01  1.5303E-08  1.1028E+00  1.4016E+00
1.5849E-08  3.2840E-01  2.4303E-08  1.1028E+00  1.4016E+00
2.5119E-08  3.2840E-01  3.8641E-08  1.1028E+00  1.4016E+00
3.9811E-08  3.2840E-01  6.1381E-08  1.1028E+00  1.4016E+00
6.3096E-08  3.2840E-01  9.7357E-08  1.1028E+00  1.4016E+00
1.0000E-07  3.2840E-01  1.5434E-07  1.1028E+00  1.4016E+00
1.5849E-07  3.2840E-01  2.4504E-07  1.1028E+00  1.4016E+00
2.5119E-07  3.2840E-01  3.8927E-07  1.1028E+00  1.4016E+00
3.9811E-07  3.2840E-01  6.1811E-07  1.1028E+00  1.4016E+00
6.3096E-07  3.2840E-01  9.8141E-07  1.1028E+00  1.4016E+00
1.0000E-06  3.2840E-01  1.5606E-06  1.1028E+00  1.4016E+00
1.5849E-06  3.2840E-01  2.4992E-06  1.1028E+00  1.4016E+00
2.5119E-06  3.2841E-01  3.9868E-06  1.1028E+00  1.4016E+00
3.9811E-06  3.2841E-01  6.3594E-06  1.1028E+00  1.4016E+00
6.3096E-06  3.2841E-01  1.0120E-05  1.1028E+00  1.4016E+00
1.0000E-05  3.2842E-01  1.6182E-05  1.1028E+00  1.4016E+00
1.5849E-05  3.2843E-01  2.5818E-05  1.1028E+00  1.4016E+00
2.5119E-05  3.2845E-01  4.0945E-05  1.1028E+00  1.4016E+00
3.9811E-05  3.2848E-01  6.4827E-05  1.1028E+00  1.4016E+00
6.3096E-05  3.2852E-01  1.0261E-04  1.1028E+00  1.4016E+00
1.0000E-04  3.2858E-01  1.6239E-04  1.1028E+00  1.4016E+00
1.5849E-04  3.2866E-01  2.5694E-04  1.1028E+00  1.4016E+00
2.5119E-04  3.2877E-01  4.0625E-04  1.1028E+00  1.4016E+00
3.9811E-04  3.2892E-01  6.4237E-04  1.1028E+00  1.4016E+00
6.3096E-04  3.2913E-01  1.0125E-03  1.1028E+00  1.4016E+00
1.0000E-03  3.2940E-01  1.5992E-03  1.1028E+00  1.4016E+00
1.5849E-03  3.2979E-01  2.5031E-03  1.1028E+00  1.4015E+00
2.5119E-03  3.3032E-01  3.9348E-03  1.1028E+00  1.4015E+00
3.9811E-03  3.3109E-01  6.0875E-03  1.1028E+00  1.4014E+00
6.3096E-03  3.3217E-01  9.4630E-03  1.1028E+00  1.4013E+00
1.0000E-02  3.3369E-01  1.4367E-02  1.1028E+00  1.4012E+00
1.5849E-02  3.3581E-01  2.1795E-02  1.1028E+00  1.4011E+00
2.5119E-02  3.3871E-01  3.2314E-02  1.1028E+00  1.4008E+00
3.9811E-02  3.4265E-01  4.7059E-02  1.1028E+00  1.4005E+00
6.3096E-02  3.4800E-01  6.8217E-02  1.1028E+00  1.4001E+00
1.0000E-01  3.5486E-01  9.4811E-02  1.1028E+00  1.3997E+00
1.5849E-01  3.6437E-01  1.3518E-01  1.1027E+00  1.3992E+00
2.5119E-01  3.7589E-01  1.8327E-01  1.1027E+00  1.3987E+00
3.9811E-01  3.9222E-01  2.5931E-01  1.1027E+00  1.3980E+00
6.3096E-01  4.1237E-01  3.5799E-01  1.1027E+00  1.3976E+00
1.0000E+00  4.4078E-01  5.1166E-01  1.1027E+00  1.3968E+00
1.5849E+00  4.7744E-01  7.2855E-01  1.1027E+00  1.3961E+00
2.5119E+00  5.2768E-01  1.0602E+00  1.1026E+00  1.3952E+00
3.9811E+00  5.9058E-01  1.5401E+00  1.1026E+00  1.3941E+00
6.3096E+00  6.7141E-01  2.2589E+00  1.1025E+00  1.3926E+00
1.0000E+01  7.6901E-01  3.2923E+00  1.1025E+00  1.3908E+00
1.5849E+01  8.8388E-01  4.7692E+00  1.1024E+00  1.3885E+00
2.5119E+01  1.0208E+00  6.8450E+00  1.1022E+00  1.3854E+00
3.9811E+01  1.1698E+00  9.4840E+00  1.1021E+00  1.3825E+00
6.3096E+01  1.3553E+00  1.3216E+01  1.1019E+00  1.3785E+00
1.0000E+02  1.5761E+00  1.7117E+01  1.1018E+00  1.3758E+00
1.5849E+02  1.8715E+00  2.2577E+01  1.1016E+00  1.3721E+00
2.5119E+02  2.2483E+00  2.7283E+01  1.1015E+00  1.3707E+00
3.9811E+02  2.7860E+00  3.3199E+01  1.1015E+00  1.3692E+00
6.3096E+02  3.5516E+00  3.9318E+01  1.1014E+00  1.3689E+00
1.0000E+03  4.4754E+00  4.3412E+01  1.1015E+00  1.3691E+00
1.5849E+03  5.6456E+00  4.5842E+01  1.1016E+00  1.3706E+00
2.5119E+03  6.9766E+00  4.5778E+01  1.1018E+00  1.3751E+00
3.9811E+03  8.6278E+00  4.4834E+01  1.1022E+00  1.3839E+00
6.3096E+03  1.0007E+01  4.0539E+01  1.1024E+00  1.3874E+00
1.0000E+04  1.1455E+01  3.5103E+01  1.1025E+00  1.3907E+00
Rosseland and Planck opacities and free electrons
Density     Ross opa    Planck opa  No. Free    Av Sq Free  T=  1.2500E+00
1.0000E-10  3.2730E-01  2.2208E-11  1.1028E+00  1.4016E+00
1.5849E-10  3.2730E-01  3.5198E-11  1.1028E+00  1.4016E+00
2.5119E-10  3.2730E-01  5.5784E-11  1.1028E+00  1.4016E+00
3.9811E-10  3.2730E-01  8.8412E-11  1.1028E+00  1.4016E+00
6.3096E-10  3.2730E-01  1.4012E-10  1.1028E+00  1.4016E+00
1.0000E-09  3.2730E-01  2.2208E-10  1.1028E+00  1.4016E+00
1.5849E-09  3.2730E-01  3.5198E-10  1.1028E+00  1.4016E+00
2.5119E-09  3.2730E-01  5.5784E-10  1.1028E+00  1.4016E+00
3.9811E-09  3.2730E-01  1.0065E-09  1.1028E+00  1.4016E+00
6.3096E-09  3.2730E-01  1.7429E-09  1.1028E+00  1.4016E+00
1.0000E-08  3.2730E-01  5.0049E-09  1.1028E+00  1.4016E+00
1.5849E-08  3.2730E-01  1.1377E-08  1.1028E+00  1.4016E+00
2.5119E-08  3.2730E-01  1.9969E-08  1.1028E+00  1.4016E+00
3.9811E-08  3.2730E-01  3.1796E-08  1.1028E+00  1.4016E+00
6.3096E-08  3.2730E-01  5.0497E-08  1.1028E+00  1.4016E+00
1.0000E-07  3.2730E-01  8.0035E-08  1.1028E+00  1.4016E+00
1.5849E-07  3.2730E-01  1.2695E-07  1.1028E+00  1.4016E+00
2.5119E-07  3.2730E-01  2.0195E-07  1.1028E+00  1.4016E+00
3.9811E-07  3.2730E-01  3.2080E-07  1.1028E+00  1.4016E+00
6.3096E-07  3.2730E-01  5.0908E-07  1.1028E+00  1.4016E+00
1.0000E-06  3.2730E-01  8.0748E-07  1.1028E+00  1.4016E+00
1.5849E-06  3.2730E-01  1.2877E-06  1.1028E+00  1.4016E+00
2.5119E-06  3.2730E-01  2.0507E-06  1.1028E+00  1.4016E+00
3.9811E-06  3.2730E-01  3.2766E-06  1.1028E+00  1.4016E+00
6.3096E-06  3.2730E-01  5.2304E-06  1.1028E+00  1.4016E+00
1.0000E-05  3.2731E-01  8.3720E-06  1.1028E+00  1.4016E+00
1.5849E-05  3.2731E-01  1.3411E-05  1.1028E+00  1.4016E+00
2.5119E-05  3.2732E-01  2.1354E-05  1.1028E+00  1.4016E+00
3.9811E-05  3.2734E-01  3.3823E-05  1.1028E+00  1.4016E+00
6.3096E-05  3.2736E-01  5.3577E-05  1.1028E+00  1.4016E+00
1.0000E-04  3.2739E-01  8.4831E-05  1.1028E+00  1.4016E+00
1.5849E-04  3.2743E-01  1.3437E-04  1.1028E+00  1.4016E+00
2.5119E-04  3.2750E-01  2.1254E-04  1.1028E+00  1.4016E+00
3.9811E-04  3.2760E-01  3.3642E-04  1.1028E+00  1.4016E+00
6.3096E-04  3.2773E-01  5.3163E-04  1.1028E+00  1.4016E+00
1.0000E-03  3.2792E-01  8.4068E-04  1.1028E+00  1.4016E+00
1.5849E-03  3.2818E-01  1.3260E-03  1.1028E+00  1.4016E+00
2.5119E-03  3.2854E-01  2.0919E-03  1.1028E+00  1.4016E+00
3.9811E-03  3.2904E-01  3.2869E-03  1.1028E+00  1.4015E+00
6.3096E-03  3.2976E-01  5.1526E-03  1.1028E+00  1.4015E+00
1.0000E-02  3.3079E-01  8.0461E-03  1.1028E+00  1.4014E+00
1.5849E-02  3.3227E-01  1.2421E-02  1.1028E+00  1.4013E+00
2.5119E-02  3.3439E-01  1.9248E-02  1.1028E+00  1.4012E+00
3.9811E-02  3.3737E-01  2.8870E-02  1.1028E+00  1.4010E+00
6.3096E-02  3.4164E-01  4.4107E-02  1.1028E+00  1.4008E+00
1.0000E-01  3.4725E-01  6.3628E-02  1.1028E+00  1.4005E+00
1.5849E-01  3.5524E-01  9.4191E-02  1.1028E+00  1.4001E+00
2.5119E-01  3.6529E-01  1.3274E-01  1.1028E+00  1.3996E+00
3.9811E-01  3.7906E-01  1.9013E-01  1.1027E+00  1.3990E+00
6.3096E-01  3.9635E-01  2.6777E-01  1.1027E+00  1.3985E+00
1.0000E+00  4.1908E-01  3.7977E-01  1.1027E+00  1.3978E+00
1.5849E+00  4.4890E-01  5.4112E-01  1.1027E+00  1.3970E+00
2.5119E+00  4.8701E-01  7.7212E-01  1.1027E+00  1.3962E+00
3.9811E+00  5.3792E-01  1.1191E+00  1.1026E+00  1.3951E+00
6.3096E+00  5.9917E-01  1.6128E+00  1.1026E+00  1.3940E+00
1.0000E+01  6.7974E-01  2.3672E+00  1.1025E+00  1.3923E+00
1.5849E+01  7.6632E-01  3.3832E+00  1.1024E+00  1.3904E+00
2.5119E+01  8.7836E-01  4.9607E+00  1.1023E+00  1.3876E+00
3.9811E+01  9.9125E-01  6.8309E+00  1.1022E+00  1.3851E+00
6.3096E+01  1.1347E+00  9.6880E+00  1.1021E+00  1.3813E+00
1.0000E+02  1.2997E+00  1.2673E+01  1.1019E+00  1.3786E+00
1.5849E+02  1.5251E+00  1.6920E+01  1.1018E+00  1.3752E+00
2.5119E+02  1.8022E+00  2.0855E+01  1.1017E+00  1.3735E+00
3.9811E+02  2.1931E+00  2.5877E+01  1.1016E+00  1.3717E+00
6.3096E+02  2.7209E+00  3.0496E+01  1.1016E+00  1.3713E+00
1.0000E+03  3.4238E+00  3.4917E+01  1.1016E+00  1.3712E+00
1.5849E+03  4.3127E+00  3.7672E+01  1.1016E+00  1.3719E+00
2.5119E+03  5.3885E+00  3.8607E+01  1.1018E+00  1.3752E+00
3.9811E+03  6.5853E+00  3.7637E+01  1.1022E+00  1.3834E+00
6.3096E+03  7.7849E+00  3.5110E+01  1.1024E+00  1.3889E+00
1.0000E+04  9.0260E+00  3.1493E+01  1.1025E+00  1.3920E+00
Rosseland and Planck opacities and free electrons
Density     Ross opa    Planck opa  No. Free    Av Sq Free  T=  1.3750E+00
1.0000E-10  3.2630E-01  1.5844E-11  1.1028E+00  1.4016E+00
1.5849E-10  3.2630E-01  2.5111E-11  1.1028E+00  1.4016E+00
2.5119E-10  3.2630E-01  3.9798E-11  1.1028E+00  1.4016E+00
3.9811E-10  3.2630E-01  6.3076E-11  1.1028E+00  1.4016E+00
6.3096E-10  3.2630E-01  9.9969E-11  1.1028E+00  1.4016E+00
1.0000E-09  3.2630E-01  1.5844E-10  1.1028E+00  1.4016E+00
1.5849E-09  3.2630E-01  2.5111E-10  1.1028E+00  1.4016E+00
2.5119E-09  3.2630E-01  3.9798E-10  1.1028E+00  1.4016E+00
3.9811E-09  3.2630E-01  6.3076E-10  1.1028E+00  1.4016E+00
6.3096E-09  3.2630E-01  9.9969E-10  1.1028E+00  1.4016E+00
1.0000E-08  3.2630E-01  1.6611E-09  1.1028E+00  1.4016E+00
1.5849E-08  3.2630E-01  2.8701E-09  1.1028E+00  1.4016E+00
2.5119E-08  3.2630E-01  5.7065E-09  1.1028E+00  1.4016E+00
3.9811E-08  3.2630E-01  1.4739E-08  1.1028E+00  1.4016E+00
6.3096E-08  3.2630E-01  2.8909E-08  1.1028E+00  1.4016E+00
1.0000E-07  3.2630E-01  4.5955E-08  1.1028E+00  1.4016E+00
1.5849E-07  3.2630E-01  7.2970E-08  1.1028E+00  1.4016E+00
2.5119E-07  3.2630E-01  1.1570E-07  1.1028E+00  1.4016E+00
3.9811E-07  3.2630E-01  1.8340E-07  1.1028E+00  1.4016E+00
6.3096E-07  3.2630E-01  2.9172E-07  1.1028E+00  1.4016E+00
1.0000E-06  3.2630E-01  4.6399E-07  1.1028E+00  1.4016E+00
1.5849E-06  3.2630E-01  7.3916E-07  1.1028E+00  1.4016E+00
2.5119E-06  3.2630E-01  1.1778E-06  1.1028E+00  1.4016E+00
3.9811E-06  3.2630E-01  1.8783E-06  1.1028E+00  1.4016E+00
6.3096E-06  3.2631E-01  3.0013E-06  1.1028E+00  1.4016E+00
1.0000E-05  3.2631E-01  4.7931E-06  1.1028E+00  1.4016E+00
1.5849E-05  3.2631E-01  7.7045E-06  1.1028E+00  1.4016E+00
2.5119E-05  3.2631E-01  1.2318E-05  1.1028E+00  1.4016E+00
3.9811E-05  3.2632E-01  1.9505E-05  1.1028E+00  1.4016E+00
6.3096E-05  3.2633E-01  3.0894E-05  1.1028E+00  1.4016E+00
1.0000E-04  3.2635E-01  4.8928E-05  1.1028E+00  1.4016E+00
1.5849E-04  3.2638E-01  7.7505E-05  1.1028E+00  1.4016E+00
2.5119E-04  3.2641E-01  1.2270E-04  1.1028E+00  1.4016E+00
3.9811E-04  3.2647E-01  1.9426E-04  1.1028E+00  1.4016E+00
6.3096E-04  3.2656E-01  3.0742E-04  1.1028E+00  1.4016E+00
1.0000E-03  3.2668E-01  4.8644E-04  1.1028E+00  1.4016E+00
1.5849E-03  3.2686E-01  7.6921E-04  1.1028E+00  1.4016E+00
2.5119E-03  3.2710E-01  1.2148E-03  1.1028E+00  1.4016E+00
3.9811E-03  3.2744E-01  1.9188E-03  1.1028E+00  1.4016E+00
6.3096E-03  3.2793E-01  3.0189E-03  1.1028E+00  1.4015E+00
1.0000E-02  3.2862E-01  4.7624E-03  1.1028E+00  1.4015E+00
1.5849E-02  3.2963E-01  7.4273E-03  1.1028E+00  1.4015E+00
2.5119E-02  3.3109E-01  1.1636E-02  1.1028E+00  1.4014E+00
3.9811E-02  3.3321E-01  1.7891E-02  1.1028E+00  1.4013E+00
6.3096E-02  3.3628E-01  2.7698E-02  1.1028E+00  1.4011E+00
1.0000E-01  3.4061E-01  4.1801E-02  1.1028E+00  1.4009E+00
1.5849E-01  3.4678E-01  6.3050E-02  1.1028E+00  1.4006E+00
2.5119E-01  3.5522E-01  9.3367E-02  1.1028E+00  1.4003E+00
3.9811E-01  3.6663E-01  1.3623E-01  1.1028E+00  1.3998E+00
6.3096E-01  3.8204E-01  1.9913E-01  1.1027E+00  1.3992E+00
1.0000E+00  4.0121E-01  2.8414E-01  1.1027E+00  1.3987E+00
1.5849E+00  4.2776E-01  4.1407E-01  1.1027E+00  1.3978E+00
2.5119E+00  4.5849E-01  5.8303E-01  1.1027E+00  1.3971E+00
3.9811E+00  5.0207E-01  8.4808E-01  1.1027E+00  1.3960E+00
6.3096E+00  5.5109E-01  1.2044E+00  1.1026E+00  1.3950E+00
1.0000E+01  6.1712E-01  1.7562E+00  1.1026E+00  1.3936E+00
1.5849E+01  6.8838E-01  2.5033E+00  1.1025E+00  1.3919E+00
2.5119E+01  7.7537E-01  3.6290E+00  1.1024E+00  1.3896E+00
3.9811E+01  8.6880E-01  5.0903E+00  1.1023E+00  1.3870E+00
6.3096E+01  9.7994E-01  7.1680E+00  1.1022E+00  1.3839E+00
1.0000E+02  1.1089E+00  9.6887E+00  1.1020E+00  1.3808E+00
1.5849E+02  1.2809E+00  1.2803E+01  1.1019E+00  1.3781E+00
2.5119E+02  1.4966E+00  1.6351E+01  1.1018E+00  1.3758E+00
3.9811E+02  1.7821E+00  2.0167E+01  1.1017E+00  1.3744E+00
6.3096E+02  2.1700E+00  2.4281E+01  1.1017E+00  1.3734E+00
1.0000E+03  2.7148E+00  2.8739E+01  1.1017E+00  1.3729E+00
1.5849E+03  3.3792E+00  3.1231E+01  1.1017E+00  1.3735E+00
2.5119E+03  4.2309E+00  3.2608E+01  1.1019E+00  1.3762E+00
3.9811E+03  5.1703E+00  3.2073E+01  1.1022E+00  1.3825E+00
6.3096E+03  6.2397E+00  3.0721E+01  1.1024E+00  1.3892E+00
1.0000E+04  7.2232E+00  2.8119E+01  1.1025E+00  1.3918E+00
Rosseland and Planck opacities and free electrons
Density     Ross opa    Planck opa  No. Free    Av Sq Free  T=  1.5000E+00
1.0000E-10  3.2540E-01  1.1643E-11  1.1028E+00  1.4016E+00
1.5849E-10  3.2540E-01  1.8452E-11  1.1028E+00  1.4016E+00
2.5119E-10  3.2540E-01  2.9245E-11  1.1028E+00  1.4016E+00
3.9811E-10  3.2540E-01  4.6350E-11  1.1028E+00  1.4016E+00
6.3096E-10  3.2540E-01  7.3461E-11  1.1028E+00  1.4016E+00
1.0000E-09  3.2540E-01  1.1643E-10  1.1028E+00  1.4016E+00
1.5849E-09  3.2540E-01  1.8452E-10  1.1028E+00  1.4016E+00
2.5119E-09  3.2540E-01  2.9245E-10  1.1028E+00  1.4016E+00
3.9811E-09  3.2540E-01  4.6350E-10  1.1028E+00  1.4016E+00
6.3096E-09  3.2540E-01  7.3461E-10  1.1028E+00  1.4016E+00
1.0000E-08  3.2540E-01  1.1643E-09  1.1028E+00  1.4016E+00
1.5849E-08  3.2540E-01  1.8452E-09  1.1028E+00  1.4016E+00
2.5119E-08  3.2540E-01  2.9245E-09  1.1028E+00  1.4016E+00
3.9811E-08  3.2540E-01  5.0011E-09  1.1028E+00  1.4016E+00
6.3096E-08  3.2540E-01  8.3316E-09  1.1028E+00  1.4016E+00
1.0000E-07  3.2540E-01  2.0368E-08  1.1028E+00  1.4016E+00
1.5849E-07  3.2540E-01  4.2276E-08  1.1028E+00  1.4016E+00
2.5119E-07  3.2540E-01  7.1777E-08  1.1028E+00  1.4016E+00
3.9811E-07  3.2540E-01  1.1374E-07  1.1028E+00  1.4016E+00
6.3096E-07  3.2540E-01  1.8056E-07  1.1028E+00  1.4016E+00
1.0000E-06  3.2540E-01  2.8707E-07  1.1028E+00  1.4016E+00
1.5849E-06  3.2540E-01  4.5678E-07  1.1028E+00  1.4016E+00
2.5119E-06  3.2540E-01  7.2953E-07  1.1028E+00  1.4016E+00
3.9811E-06  3.2540E-01  1.1625E-06  1.1028E+00  1.4016E+00
6.3096E-06  3.2540E-01  1.8618E-06  1.1028E+00  1.4016E+00
1.0000E-05  3.2540E-01  2.9702E-06  1.1028E+00  1.4016E+00
1.5849E-05  3.2540E-01  4.7835E-06  1.1028E+00  1.4016E+00
2.5119E-05  3.2540E-01  7.6659E-06  1.1028E+00  1.4016E+00
3.9811E-05  3.2541E-01  1.2172E-05  1.1028E+00  1.4016E+00
6.3096E-05  3.2541E-01  1.9284E-05  1.1028E+00  1.4016E+00
1.0000E-04  3.2542E-01  3.0544E-05  1.1028E+00  1.4016E+00
1.5849E-04  3.2544E-01  4.8380E-05  1.1028E+00  1.4016E+00
2.5119E-04  3.2546E-01  7.6615E-05  1.1028E+00  1.4016E+00
3.9811E-04  3.2549E-01  1.2129E-04  1.1028E+00  1.4016E+00
6.3096E-04  3.2555E-01  1.9205E-04  1.1028E+00  1.4016E+00
1.0000E-03  3.2563E-01  3.0394E-04  1.1028E+00  1.4016E+00
1.5849E-03  3.2574E-01  4.8122E-04  1.1028E+00  1.4016E+00
2.5119E-03  3.2591E-01  7.6030E-04  1.1028E+00  1.4016E+00
3.9811E-03  3.2615E-01  1.2026E-03  1.1028E+00  1.4016E+00
6.3096E-03  3.2648E-01  1.8963E-03  1.1028E+00  1.4016E+00
1.0000E-02  3.2697E-01  2.9942E-03  1.1028E+00  1.4015E+00
1.5849E-02  3.2766E-01  4.7057E-03  1.1028E+00  1.4015E+00
2.5119E-02  3.2867E-01  7.3933E-03  1.1028E+00  1.4015E+00
3.9811E-02  3.3015E-01  1.1551E-02  1.1028E+00  1.4014E+00
6.3096E-02  3.3232E-01  1.7990E-02  1.1028E+00  1.4013E+00
1.0000E-01  3.3548E-01  2.7831E-02  1.1028E+00  1.4012E+00
1.5849E-01  3.4005E-01  4.2582E-02  1.1028E+00  1.4010E+00
2.5119E-01  3.4662E-01  6.5151E-02  1.1028E+00  1.4007E+00
3.9811E-01  3.5567E-01  9.6821E-02  1.1028E+00  1.4004E+00
6.3096E-01  3.6872E-01  1.4654E-01  1.1028E+00  1.3999E+00
1.0000E+00  3.8488E-01  2.1159E-01  1.1027E+00  1.3994E+00
1.5849E+00  4.0797E-01  3.1435E-01  1.1027E+00  1.3986E+00
2.5119E+00  4.3475E-01  4.4736E-01  1.1027E+00  1.3979E+00
3.9811E+00  4.7145E-01  6.4929E-01  1.1027E+00  1.3970E+00
6.3096E+00  5.1470E-01  9.2787E-01  1.1026E+00  1.3960E+00
1.0000E+01  5.6914E-01  1.3393E+00  1.1026E+00  1.3947E+00
1.5849E+01  6.3205E-01  1.9176E+00  1.1025E+00  1.3931E+00
2.5119E+01  7.0160E-01  2.7483E+00  1.1025E+00  1.3911E+00
3.9811E+01  7.8004E-01  3.9080E+00  1.1024E+00  1.3887E+00
6.3096E+01  8.6626E-01  5.4508E+00  1.1023E+00  1.3861E+00
1.0000E+02  9.6960E-01  7.5822E+00  1.1021E+00  1.3829E+00
1.5849E+02  1.1043E+00  9.9349E+00  1.1020E+00  1.3806E+00
2.5119E+02  1.2776E+00  1.3125E+01  1.1019E+00  1.3778E+00
3.9811E+02  1.4912E+00  1.6102E+01  1.1019E+00  1.3766E+00
6.3096E+02  1.7850E+00  1.9740E+01  1.1018E+00  1.3753E+00
1.0000E+03  2.1965E+00  2.3528E+01  1.1018E+00  1.3747E+00
1.5849E+03  2.7097E+00  2.6054E+01  1.1018E+00  1.3749E+00
2.5119E+03  3.3853E+00  2.7703E+01  1.1020E+00  1.3787E+00
3.9811E+03  4.1710E+00  2.7796E+01  1.1023E+00  1.3843E+00
6.3096E+03  5.1396E+00  2.7183E+01  1.1024E+00  1.3893E+00
1.0000E+04  5.8625E+00  2.4857E+01  1.1025E+00  1.3915E+00
Rosseland and Planck opacities and free electrons
Density     Ross opa    Planck opa  No. Free    Av Sq Free  T=  1.6250E+00
1.0000E-10  3.2425E-01  8.7695E-12  1.1028E+00  1.4016E+00
1.5849E-10  3.2425E-01  1.3899E-11  1.1028E+00  1.4016E+00
2.5119E-10  3.2425E-01  2.2028E-11  1.1028E+00  1.4016E+00
3.9811E-10  3.2425E-01  3.4912E-11  1.1028E+00  1.4016E+00
6.3096E-10  3.2425E-01  5.5332E-11  1.1028E+00  1.4016E+00
1.0000E-09  3.2425E-01  8.7695E-11  1.1028E+00  1.4016E+00
1.5849E-09  3.2425E-01  1.3899E-10  1.1028E+00  1.4016E+00
2.5119E-09  3.2425E-01  2.2028E-10  1.1028E+00  1.4016E+00
3.9811E-09  3.2425E-01  3.4912E-10  1.1028E+00  1.4016E+00
6.3096E-09  3.2425E-01  5.5332E-10  1.1028E+00  1.4016E+00
1.0000E-08  3.2425E-01  8.7695E-10  1.1028E+00  1.4016E+00
1.5849E-08  3.2425E-01  1.3899E-09  1.1028E+00  1.4016E+00
2.5119E-08  3.2425E-01  2.2028E-09  1.1028E+00  1.4016E+00
3.9811E-08  3.2425E-01  3.6529E-09  1.1028E+00  1.4016E+00
6.3096E-08  3.2425E-01  6.0555E-09  1.1028E+00  1.4016E+00
1.0000E-07  3.2425E-01  1.2662E-08  1.1028E+00  1.4016E+00
1.5849E-07  3.2425E-01  2.6819E-08  1.1028E+00  1.4016E+00
2.5119E-07  3.2425E-01  4.7481E-08  1.1028E+00  1.4016E+00
3.9811E-07  3.2425E-01  7.5402E-08  1.1028E+00  1.4016E+00
6.3096E-07  3.2425E-01  1.1971E-07  1.1028E+00  1.4016E+00
1.0000E-06  3.2425E-01  1.9035E-07  1.1028E+00  1.4016E+00
1.5849E-06  3.2425E-01  3.0232E-07  1.1028E+00  1.4016E+00
2.5119E-06  3.2425E-01  4.8018E-07  1.1028E+00  1.4016E+00
3.9811E-06  3.2425E-01  7.6210E-07  1.1028E+00  1.4016E+00
6.3096E-06  3.2425E-01  1.2267E-06  1.1028E+00  1.4016E+00
1.0000E-05  3.2425E-01  1.9685E-06  1.1028E+00  1.4016E+00
1.5849E-05  3.2425E-01  3.1687E-06  1.1028E+00  1.4016E+00
2.5119E-05  3.2425E-01  5.0889E-06  1.1028E+00  1.4016E+00
3.9811E-05  3.2425E-01  8.1047E-06  1.1028E+00  1.4016E+00
6.3096E-05  3.2426E-01  1.2844E-05  1.1028E+00  1.4016E+00
1.0000E-04  3.2426E-01  2.0351E-05  1.1028E+00  1.4016E+00
1.5849E-04  3.2427E-01  3.2238E-05  1.1028E+00  1.4016E+00
2.5119E-04  3.2429E-01  5.1072E-05  1.1028E+00  1.4016E+00
3.9811E-04  3.2431E-01  8.0854E-05  1.1028E+00  1.4016E+00
6.3096E-04  3.2434E-01  1.2805E-04  1.1028E+00  1.4016E+00
1.0000E-03  3.2439E-01  2.0261E-04  1.1028E+00  1.4016E+00
1.5849E-03  3.2447E-01  3.2077E-04  1.1028E+00  1.4016E+00
2.5119E-03  3.2458E-01  5.0714E-04  1.1028E+00  1.4016E+00
3.9811E-03  3.2474E-01  8.0221E-04  1.1028E+00  1.4016E+00
6.3096E-03  3.2498E-01  1.2667E-03  1.1028E+00  1.4016E+00
1.0000E-02  3.2533E-01  2.0004E-03  1.1028E+00  1.4016E+00
1.5849E-02  3.2582E-01  3.1535E-03  1.1028E+00  1.4015E+00
2.5119E-02  3.2654E-01  4.9580E-03  1.1028E+00  1.4015E+00
3.9811E-02  3.2758E-01  7.7980E-03  1.1028E+00  1.4015E+00
6.3096E-02  3.2912E-01  1.2186E-02  1.1028E+00  1.4014E+00
1.0000E-01  3.3138E-01  1.9087E-02  1.1028E+00  1.4013E+00
1.5849E-01  3.3472E-01  2.9439E-02  1.1028E+00  1.4012E+00
2.5119E-01  3.3961E-01  4.5827E-02  1.1028E+00  1.4010E+00
3.9811E-01  3.4657E-01  6.9180E-02  1.1028E+00  1.4007E+00
6.3096E-01  3.5668E-01  1.0583E-01  1.1028E+00  1.4004E+00
1.0000E+00  3.7024E-01  1.5735E-01  1.1028E+00  1.3999E+00
1.5849E+00  3.8927E-01  2.3610E-01  1.1027E+00  1.3993E+00
2.5119E+00  4.1326E-01  3.4531E-01  1.1027E+00  1.3986E+00
3.9811E+00  4.4447E-01  5.0276E-01  1.1027E+00  1.3978E+00
6.3096E+00  4.8392E-01  7.2961E-01  1.1027E+00  1.3968E+00
1.0000E+01  5.2971E-01  1.0447E+00  1.1026E+00  1.3957E+00
1.5849E+01  5.8765E-01  1.5115E+00  1.1026E+00  1.3941E+00
2.5119E+01  6.4451E-01  2.1364E+00  1.1025E+00  1.3924E+00
3.9811E+01  7.1314E-01  3.0794E+00  1.1024E+00  1.3899E+00
6.3096E+01  7.8191E-01  4.2558E+00  1.1023E+00  1.3878E+00
1.0000E+02  8.6496E-01  6.0687E+00  1.1022E+00  1.3844E+00
1.5849E+02  9.7152E-01  7.8826E+00  1.1021E+00  1.3826E+00
2.5119E+02  1.1133E+00  1.0668E+01  1.1020E+00  1.3796E+00
3.9811E+02  1.2777E+00  1.3089E+01  1.1020E+00  1.3785E+00
6.3096E+02  1.5054E+00  1.6329E+01  1.1019E+00  1.3770E+00
1.0000E+03  1.8179E+00  1.9368E+01  1.1019E+00  1.3764E+00
1.5849E+03  2.2285E+00  2.2033E+01  1.1019E+00  1.3762E+00
2.5119E+03  2.7696E+00  2.3778E+01  1.1020E+00  1.3780E+00
3.9811E+03  3.4334E+00  2.4303E+01  1.1023E+00  1.3837E+00
6.3096E+03  4.2248E+00  2.3883E+01  1.1025E+00  1.3897E+00
1.0000E+04  4.8761E+00  2.2180E+01  1.1025E+00  1.3920E+00
Rosseland and Planck opacities and free electrons
Density     Ross opa    Planck opa  No. Free    Av Sq Free  T=  1.7500E+00
1.0000E-10  3.2319E-01  6.7461E-12  1.1028E+00  1.4016E+00
1.5849E-10  3.2319E-01  1.0692E-11  1.1028E+00  1.4016E+00
2.5119E-10  3.2319E-01  1.6946E-11  1.1028E+00  1.4016E+00
3.9811E-10  3.2319E-01  2.6857E-11  1.1028E+00  1.4016E+00
6.3096E-10  3.2319E-01  4.2565E-11  1.1028E+00  1.4016E+00
1.0000E-09  3.2319E-01  6.7461E-11  1.1028E+00  1.4016E+00
1.5849E-09  3.2319E-01  1.0692E-10  1.1028E+00  1.4016E+00
2.5119E-09  3.2319E-01  1.6946E-10  1.1028E+00  1.4016E+00
3.9811E-09  3.2319E-01  2.6857E-10  1.1028E+00  1.4016E+00
6.3096E-09  3.2319E-01  4.2565E-10  1.1028E+00  1.4016E+00
1.0000E-08  3.2319E-01  6.7461E-10  1.1028E+00  1.4016E+00
1.5849E-08  3.2319E-01  1.0692E-09  1.1028E+00  1.4016E+00
2.5119E-08  3.2319E-01  1.6946E-09  1.1028E+00  1.4016E+00
3.9811E-08  3.2319E-01  2.6857E-09  1.1028E+00  1.4016E+00
6.3096E-08  3.2319E-01  4.2565E-09  1.1028E+00  1.4016E+00
1.0000E-07  3.2319E-01  7.8055E-09  1.1028E+00  1.4016E+00
1.5849E-07  3.2319E-01  1.7509E-08  1.1028E+00  1.4016E+00
2.5119E-07  3.2319E-01  3.2589E-08  1.1028E+00  1.4016E+00
3.9811E-07  3.2319E-01  5.1881E-08  1.1028E+00  1.4016E+00
6.3096E-07  3.2319E-01  8.2456E-08  1.1028E+00  1.4016E+00
1.0000E-06  3.2319E-01  1.3072E-07  1.1028E+00  1.4016E+00
1.5849E-06  3.2319E-01  2.0720E-07  1.1028E+00  1.4016E+00
2.5119E-06  3.2319E-01  3.2965E-07  1.1028E+00  1.4016E+00
3.9811E-06  3.2319E-01  5.2429E-07  1.1028E+00  1.4016E+00
6.3096E-06  3.2319E-01  8.3908E-07  1.1028E+00  1.4016E+00
1.0000E-05  3.2319E-01  1.3442E-06  1.1028E+00  1.4016E+00
1.5849E-05  3.2319E-01  2.1610E-06  1.1028E+00  1.4016E+00
2.5119E-05  3.2319E-01  3.4876E-06  1.1028E+00  1.4016E+00
3.9811E-05  3.2319E-01  5.5788E-06  1.1028E+00  1.4016E+00
6.3096E-05  3.2319E-01  8.8414E-06  1.1028E+00  1.4016E+00
1.0000E-04  3.2320E-01  1.4012E-05  1.1028E+00  1.4016E+00
1.5849E-04  3.2320E-01  2.2194E-05  1.1028E+00  1.4016E+00
2.5119E-04  3.2321E-01  3.5161E-05  1.1028E+00  1.4016E+00
3.9811E-04  3.2323E-01  5.5691E-05  1.1028E+00  1.4016E+00
6.3096E-04  3.2325E-01  8.8226E-05  1.1028E+00  1.4016E+00
1.0000E-03  3.2328E-01  1.3970E-04  1.1028E+00  1.4016E+00
1.5849E-03  3.2333E-01  2.2124E-04  1.1028E+00  1.4016E+00
2.5119E-03  3.2341E-01  3.5015E-04  1.1028E+00  1.4016E+00
3.9811E-03  3.2352E-01  5.5411E-04  1.1028E+00  1.4016E+00
6.3096E-03  3.2369E-01  8.7647E-04  1.1028E+00  1.4016E+00
1.0000E-02  3.2393E-01  1.3854E-03  1.1028E+00  1.4016E+00
1.5849E-02  3.2429E-01  2.1897E-03  1.1028E+00  1.4016E+00
2.5119E-02  3.2481E-01  3.4523E-03  1.1028E+00  1.4015E+00
3.9811E-02  3.2557E-01  5.4443E-03  1.1028E+00  1.4015E+00
6.3096E-02  3.2668E-01  8.5289E-03  1.1028E+00  1.4015E+00
1.0000E-01  3.2832E-01  1.3431E-02  1.1028E+00  1.4014E+00
1.5849E-01  3.3076E-01  2.0891E-02  1.1028E+00  1.4013E+00
2.5119E-01  3.3436E-01  3.2591E-02  1.1028E+00  1.4011E+00
3.9811E-01  3.3963E-01  5.0163E-02  1.1028E+00  1.4010E+00
6.3096E-01  3.4732E-01  7.7279E-02  1.1028E+00  1.4007E+00
1.0000E+00  3.5822E-01  1.1751E-01  1.1028E+00  1.4003E+00
1.5849E+00  3.7352E-01  1.7801E-01  1.1028E+00  1.3998E+00
2.5119E+00  3.9434E-01  2.6708E-01  1.1027E+00  1.3992E+00
3.9811E+00  4.2075E-01  3.9179E-01  1.1027E+00  1.3985E+00
6.3096E+00  4.5690E-01  5.8019E-01  1.1027E+00  1.3975E+00
1.0000E+01  4.9590E-01  8.2872E-01  1.1027E+00  1.3965E+00
1.5849E+01  5.5070E-01  1.2155E+00  1.1026E+00  1.3950E+00
2.5119E+01  5.9811E-01  1.7005E+00  1.1026E+00  1.3935E+00
3.9811E+01  6.5845E-01  2.4498E+00  1.1025E+00  1.3912E+00
6.3096E+01  7.1625E-01  3.3917E+00  1.1024E+00  1.3892E+00
1.0000E+02  7.8446E-01  4.8056E+00  1.1023E+00  1.3863E+00
1.5849E+02  8.6932E-01  6.3888E+00  1.1022E+00  1.3841E+00
2.5119E+02  9.8282E-01  8.5800E+00  1.1021E+00  1.3817E+00
3.9811E+02  1.1167E+00  1.0811E+01  1.1020E+00  1.3801E+00
6.3096E+02  1.2949E+00  1.3576E+01  1.1020E+00  1.3786E+00
1.0000E+03  1.5394E+00  1.6192E+01  1.1020E+00  1.3779E+00
1.5849E+03  1.8728E+00  1.8862E+01  1.1020E+00  1.3774E+00
2.5119E+03  2.3130E+00  2.0675E+01  1.1020E+00  1.3780E+00
3.9811E+03  2.8762E+00  2.1483E+01  1.1023E+00  1.3840E+00
6.3096E+03  3.5045E+00  2.1031E+01  1.1024E+00  1.3888E+00
1.0000E+04  4.1281E+00  1.9945E+01  1.1026E+00  1.3921E+00
Rosseland and Planck opacities and free electrons
Density     Ross opa    Planck opa  No. Free    Av Sq Free  T=  1.8750E+00
1.0000E-10  3.2220E-01  5.2854E-12  1.1028E+00  1.4016E+00
1.5849E-10  3.2220E-01  8.3767E-12  1.1028E+00  1.4016E+00
2.5119E-10  3.2220E-01  1.3276E-11  1.1028E+00  1.4016E+00
3.9811E-10  3.2220E-01  2.1041E-11  1.1028E+00  1.4016E+00
6.3096E-10  3.2220E-01  3.3348E-11  1.1028E+00  1.4016E+00
1.0000E-09  3.2220E-01  5.2854E-11  1.1028E+00  1.4016E+00
1.5849E-09  3.2220E-01  8.3767E-11  1.1028E+00  1.4016E+00
2.5119E-09  3.2220E-01  1.3276E-10  1.1028E+00  1.4016E+00
3.9811E-09  3.2220E-01  2.1041E-10  1.1028E+00  1.4016E+00
6.3096E-09  3.2220E-01  3.3348E-10  1.1028E+00  1.4016E+00
1.0000E-08  3.2220E-01  5.2854E-10  1.1028E+00  1.4016E+00
1.5849E-08  3.2220E-01  8.3767E-10  1.1028E+00  1.4016E+00
2.5119E-08  3.2220E-01  1.3276E-09  1.1028E+00  1.4016E+00
3.9811E-08  3.2220E-01  2.1041E-09  1.1028E+00  1.4016E+00
6.3096E-08  3.2220E-01  3.3348E-09  1.1028E+00  1.4016E+00
1.0000E-07  3.2220E-01  5.2915E-09  1.1028E+00  1.4016E+00
1.5849E-07  3.2220E-01  8.7326E-09  1.1028E+00  1.4016E+00
2.5119E-07  3.2220E-01  1.4186E-08  1.1028E+00  1.4016E+00
3.9811E-07  3.2220E-01  3.0306E-08  1.1028E+00  1.4016E+00
6.3096E-07  3.2220E-01  5.7492E-08  1.1028E+00  1.4016E+00
1.0000E-06  3.2220E-01  9.4658E-08  1.1028E+00  1.4016E+00
1.5849E-06  3.2220E-01  1.5006E-07  1.1028E+00  1.4016E+00
2.5119E-06  3.2220E-01  2.3847E-07  1.1028E+00  1.4016E+00
3.9811E-06  3.2220E-01  3.7934E-07  1.1028E+00  1.4016E+00
6.3096E-06  3.2220E-01  6.0559E-07  1.1028E+00  1.4016E+00
1.0000E-05  3.2220E-01  9.7163E-07  1.1028E+00  1.4016E+00
1.5849E-05  3.2220E-01  1.5572E-06  1.1028E+00  1.4016E+00
2.5119E-05  3.2220E-01  2.5205E-06  1.1028E+00  1.4016E+00
3.9811E-05  3.2221E-01  4.0471E-06  1.1028E+00  1.4016E+00
6.3096E-05  3.2221E-01  6.4103E-06  1.1028E+00  1.4016E+00
1.0000E-04  3.2221E-01  1.0155E-05  1.1028E+00  1.4016E+00
1.5849E-04  3.2221E-01  1.6092E-05  1.1028E+00  1.4016E+00
2.5119E-04  3.2222E-01  2.5501E-05  1.1028E+00  1.4016E+00
3.9811E-04  3.2223E-01  4.0391E-05  1.1028E+00  1.4016E+00
6.3096E-04  3.2224E-01  6.3976E-05  1.1028E+00  1.4016E+00
1.0000E-03  3.2226E-01  1.0130E-04  1.1028E+00  1.4016E+00
1.5849E-03  3.2230E-01  1.6038E-04  1.1028E+00  1.4016E+00
2.5119E-03  3.2235E-01  2.5387E-04  1.1028E+00  1.4016E+00
3.9811E-03  3.2243E-01  4.0164E-04  1.1028E+00  1.4016E+00
6.3096E-03  3.2255E-01  6.3556E-04  1.1028E+00  1.4016E+00
1.0000E-02  3.2273E-01  1.0042E-03  1.1028E+00  1.4016E+00
1.5849E-02  3.2299E-01  1.5884E-03  1.1028E+00  1.4016E+00
2.5119E-02  3.2337E-01  2.5047E-03  1.1028E+00  1.4016E+00
3.9811E-02  3.2393E-01  3.9500E-03  1.1028E+00  1.4015E+00
6.3096E-02  3.2476E-01  6.2137E-03  1.1028E+00  1.4015E+00
1.0000E-01  3.2597E-01  9.7752E-03  1.1028E+00  1.4014E+00
1.5849E-01  3.2778E-01  1.5293E-02  1.1028E+00  1.4014E+00
2.5119E-01  3.3046E-01  2.3937E-02  1.1028E+00  1.4013E+00
3.9811E-01  3.3443E-01  3.7174E-02  1.1028E+00  1.4011E+00
6.3096E-01  3.4028E-01  5.7594E-02  1.1028E+00  1.4009E+00
1.0000E+00  3.4880E-01  8.8846E-02  1.1028E+00  1.4006E+00
1.5849E+00  3.6094E-01  1.3558E-01  1.1028E+00  1.4002E+00
2.5119E+00  3.7834E-01  2.0801E-01  1.1028E+00  1.3997E+00
3.9811E+00  4.0046E-01  3.0735E-01  1.1027E+00  1.3991E+00
6.3096E+00  4.3246E-01  4.6327E-01  1.1027E+00  1.3981E+00
1.0000E+01  4.6645E-01  6.6497E-01  1.1027E+00  1.3972E+00
1.5849E+01  5.1371E-01  9.7632E-01  1.1026E+00  1.3959E+00
2.5119E+01  5.5830E-01  1.3764E+00  1.1026E+00  1.3945E+00
3.9811E+01  6.0976E-01  1.9683E+00  1.1025E+00  1.3925E+00
6.3096E+01  6.6277E-01  2.7556E+00  1.1024E+00  1.3905E+00
1.0000E+02  7.2076E-01  3.8824E+00  1.1023E+00  1.3881E+00
1.5849E+02  7.9073E-01  5.2667E+00  1.1023E+00  1.3857E+00
2.5119E+02  8.8159E-01  7.0234E+00  1.1022E+00  1.3835E+00
3.9811E+02  9.9213E-01  9.0657E+00  1.1021E+00  1.3816E+00
6.3096E+02  1.1335E+00  1.1309E+01  1.1021E+00  1.3802E+00
1.0000E+03  1.3288E+00  1.3698E+01  1.1020E+00  1.3792E+00
1.5849E+03  1.6035E+00  1.6324E+01  1.1020E+00  1.3784E+00
2.5119E+03  1.9557E+00  1.7922E+01  1.1020E+00  1.3787E+00
3.9811E+03  2.4333E+00  1.8929E+01  1.1023E+00  1.3851E+00
6.3096E+03  2.9616E+00  1.8728E+01  1.1024E+00  1.3893E+00
1.0000E+04  3.5486E+00  1.8067E+01  1.1026E+00  1.3924E+00
Rosseland and Planck opacities and free electrons
Density     Ross opa    Planck opa  No. Free    Av Sq Free  T=  2.0000E+00
1.0000E-10  3.2128E-01  4.2069E-12  1.1028E+00  1.4016E+00
1.5849E-10  3.2128E-01  6.6674E-12  1.1028E+00  1.4016E+00
2.5119E-10  3.2128E-01  1.0567E-11  1.1028E+00  1.4016E+00
3.9811E-10  3.2128E-01  1.6748E-11  1.1028E+00  1.4016E+00
6.3096E-10  3.2128E-01  2.6543E-11  1.1028E+00  1.4016E+00
1.0000E-09  3.2128E-01  4.2069E-11  1.1028E+00  1.4016E+00
1.5849E-09  3.2128E-01  6.6674E-11  1.1028E+00  1.4016E+00
2.5119E-09  3.2128E-01  1.0567E-10  1.1028E+00  1.4016E+00
3.9811E-09  3.2128E-01  1.6748E-10  1.1028E+00  1.4016E+00
6.3096E-09  3.2128E-01  2.6543E-10  1.1028E+00  1.4016E+00
1.0000E-08  3.2128E-01  4.2069E-10  1.1028E+00  1.4016E+00
1.5849E-08  3.2128E-01  6.6674E-10  1.1028E+00  1.4016E+00
2.5119E-08  3.2128E-01  1.0567E-09  1.1028E+00  1.4016E+00
3.9811E-08  3.2128E-01  1.6748E-09  1.1028E+00  1.4016E+00
6.3096E-08  3.2128E-01  2.6543E-09  1.1028E+00  1.4016E+00
1.0000E-07  3.2128E-01  4.2068E-09  1.1028E+00  1.4016E+00
1.5849E-07  3.2128E-01  6.8665E-09  1.1028E+00  1.4016E+00
2.5119E-07  3.2128E-01  1.1139E-08  1.1028E+00  1.4016E+00
3.9811E-07  3.2128E-01  2.1781E-08  1.1028E+00  1.4016E+00
6.3096E-07  3.2128E-01  4.1371E-08  1.1028E+00  1.4016E+00
1.0000E-06  3.2128E-01  6.9674E-08  1.1028E+00  1.4016E+00
1.5849E-06  3.2128E-01  1.1063E-07  1.1028E+00  1.4016E+00
2.5119E-06  3.2128E-01  1.7575E-07  1.1028E+00  1.4016E+00
3.9811E-06  3.2128E-01  2.7965E-07  1.1028E+00  1.4016E+00
6.3096E-06  3.2128E-01  4.4511E-07  1.1028E+00  1.4016E+00
1.0000E-05  3.2128E-01  7.1445E-07  1.1028E+00  1.4016E+00
1.5849E-05  3.2128E-01  1.1413E-06  1.1028E+00  1.4016E+00
2.5119E-05  3.2129E-01  1.8484E-06  1.1028E+00  1.4016E+00
3.9811E-05  3.2129E-01  2.9707E-06  1.1028E+00  1.4016E+00
6.3096E-05  3.2129E-01  4.7177E-06  1.1028E+00  1.4016E+00
1.0000E-04  3.2129E-01  7.4755E-06  1.1028E+00  1.4016E+00
1.5849E-04  3.2129E-01  1.1846E-05  1.1028E+00  1.4016E+00
2.5119E-04  3.2129E-01  1.8771E-05  1.1028E+00  1.4016E+00
3.9811E-04  3.2130E-01  2.9741E-05  1.1028E+00  1.4016E+00
6.3096E-04  3.2131E-01  4.7114E-05  1.1028E+00  1.4016E+00
1.0000E-03  3.2133E-01  7.4636E-05  1.1028E+00  1.4016E+00
1.5849E-03  3.2135E-01  1.1821E-04  1.1028E+00  1.4016E+00
2.5119E-03  3.2139E-01  1.8724E-04  1.1028E+00  1.4016E+00
3.9811E-03  3.2144E-01  2.9641E-04  1.1028E+00  1.4016E+00
6.3096E-03  3.2153E-01  4.6944E-04  1.1028E+00  1.4016E+00
1.0000E-02  3.2166E-01  7.4254E-04  1.1028E+00  1.4016E+00
1.5849E-02  3.2185E-01  1.1753E-03  1.1028E+00  1.4016E+00
2.5119E-02  3.2214E-01  1.8566E-03  1.1028E+00  1.4016E+00
3.9811E-02  3.2256E-01  2.9292E-03  1.1028E+00  1.4015E+00
6.3096E-02  3.2318E-01  4.6198E-03  1.1028E+00  1.4015E+00
1.0000E-01  3.2410E-01  7.2734E-03  1.1028E+00  1.4015E+00
1.5849E-01  3.2546E-01  1.1426E-02  1.1028E+00  1.4014E+00
2.5119E-01  3.2748E-01  1.7915E-02  1.1028E+00  1.4013E+00
3.9811E-01  3.3050E-01  2.8065E-02  1.1028E+00  1.4012E+00
6.3096E-01  3.3498E-01  4.3586E-02  1.1028E+00  1.4010E+00
1.0000E+00  3.4158E-01  6.8001E-02  1.1028E+00  1.4008E+00
1.5849E+00  3.5116E-01  1.0446E-01  1.1028E+00  1.4005E+00
2.5119E+00  3.6515E-01  1.6204E-01  1.1028E+00  1.4000E+00
3.9811E+00  3.8367E-01  2.4251E-01  1.1027E+00  1.3995E+00
6.3096E+00  4.1018E-01  3.6799E-01  1.1027E+00  1.3987E+00
1.0000E+01  4.4101E-01  5.3750E-01  1.1027E+00  1.3979E+00
1.5849E+01  4.8157E-01  7.8987E-01  1.1027E+00  1.3967E+00
2.5119E+01  5.2431E-01  1.1291E+00  1.1026E+00  1.3953E+00
3.9811E+01  5.6856E-01  1.6077E+00  1.1025E+00  1.3936E+00
6.3096E+01  6.1774E-01  2.2703E+00  1.1025E+00  1.3915E+00
1.0000E+02  6.6708E-01  3.1808E+00  1.1024E+00  1.3894E+00
1.5849E+02  7.2625E-01  4.3982E+00  1.1023E+00  1.3869E+00
2.5119E+02  7.9931E-01  5.7964E+00  1.1022E+00  1.3850E+00
3.9811E+02  8.9158E-01  7.6471E+00  1.1022E+00  1.3828E+00
6.3096E+02  1.0071E+00  9.5239E+00  1.1021E+00  1.3816E+00
1.0000E+03  1.1659E+00  1.1738E+01  1.1021E+00  1.3804E+00
1.5849E+03  1.3909E+00  1.4084E+01  1.1021E+00  1.3795E+00
2.5119E+03  1.6791E+00  1.5612E+01  1.1021E+00  1.3795E+00
3.9811E+03  2.0729E+00  1.6709E+01  1.1023E+00  1.3845E+00
6.3096E+03  2.5341E+00  1.6812E+01  1.1025E+00  1.3899E+00
1.0000E+04  3.0893E+00  1.6459E+01  1.1026E+00  1.3927E+00
Useful Links
Group T-1 Home Page
Group XCP-5 Home Page
Please mail questions or comments to:
LANL T-1 Opacities
opacity@lanl.gov
Los Alamos Report No.
LA-UR-01-1257
Contacts
Media
Calendar
Inside
Terms of Use, Privacy
Site Feedback
Operated by Los Alamos National Security, LLC for the U.S Dept. of Energy's NNSA
© Copyright 2018 LANS, LLC