TOPS Opacities - Summary
Los Alamos National Laboratory
Delivering science and technology to protect our nation and promote world stability
T-1
Physics and Chemistry of Materials
Results Page
Number of T =  50  Number of rho =  71  Number of materials =  21
TOPS results for  Untitled        on Sep  8, 2026
Opacities in cm**2/gm, T in keV, density in gm/cc
WARNING - Requested densities listed below went off table boundaries
Temp        Den Req     Den Used
2.0000E-03  3.9811E+02  2.7541E+02
2.0000E-03  6.3096E+02  2.7541E+02
2.0000E-03  1.0000E+03  2.7541E+02
2.0000E-03  1.5849E+03  2.7541E+02
2.0000E-03  2.5119E+03  2.7541E+02
2.0000E-03  3.9811E+03  2.7541E+02
2.0000E-03  6.3096E+03  2.7541E+02
2.0000E-03  1.0000E+04  2.7541E+02
2.5000E-03  3.9811E+02  3.8488E+02
2.5000E-03  6.3096E+02  3.8488E+02
2.5000E-03  1.0000E+03  3.8488E+02
2.5000E-03  1.5849E+03  3.8488E+02
2.5000E-03  2.5119E+03  3.8488E+02
2.5000E-03  3.9811E+03  3.8488E+02
2.5000E-03  6.3096E+03  3.8488E+02
2.5000E-03  1.0000E+04  3.8488E+02
3.0000E-03  6.3096E+02  5.0594E+02
3.0000E-03  1.0000E+03  5.0594E+02
3.0000E-03  1.5849E+03  5.0594E+02
3.0000E-03  2.5119E+03  5.0594E+02
3.0000E-03  3.9811E+03  5.0594E+02
3.0000E-03  6.3096E+03  5.0594E+02
3.0000E-03  1.0000E+04  5.0594E+02
3.5000E-03  1.0000E+03  6.3747E+02
3.5000E-03  1.5849E+03  6.3747E+02
3.5000E-03  2.5119E+03  6.3747E+02
3.5000E-03  3.9811E+03  6.3747E+02
3.5000E-03  6.3096E+03  6.3747E+02
3.5000E-03  1.0000E+04  6.3747E+02
4.0000E-03  1.0000E+03  7.7876E+02
4.0000E-03  1.5849E+03  7.7876E+02
4.0000E-03  2.5119E+03  7.7876E+02
4.0000E-03  3.9811E+03  7.7876E+02
4.0000E-03  6.3096E+03  7.7876E+02
4.0000E-03  1.0000E+04  7.7876E+02
5.0000E-03  1.5849E+03  1.0879E+03
5.0000E-03  2.5119E+03  1.0879E+03
5.0000E-03  3.9811E+03  1.0879E+03
5.0000E-03  6.3096E+03  1.0879E+03
5.0000E-03  1.0000E+04  1.0879E+03
6.0000E-03  1.5849E+03  1.4299E+03
6.0000E-03  2.5119E+03  1.4299E+03
6.0000E-03  3.9811E+03  1.4299E+03
6.0000E-03  6.3096E+03  1.4299E+03
6.0000E-03  1.0000E+04  1.4299E+03
7.0000E-03  2.5119E+03  1.8017E+03
7.0000E-03  3.9811E+03  1.8017E+03
7.0000E-03  6.3096E+03  1.8017E+03
7.0000E-03  1.0000E+04  1.8017E+03
8.0000E-03  2.5119E+03  2.2009E+03
8.0000E-03  3.9811E+03  2.2009E+03
8.0000E-03  6.3096E+03  2.2009E+03
8.0000E-03  1.0000E+04  2.2009E+03
9.0000E-03  3.9811E+03  2.6256E+03
9.0000E-03  6.3096E+03  2.6256E+03
9.0000E-03  1.0000E+04  2.6256E+03
1.0000E-02  3.9811E+03  3.0720E+03
1.0000E-02  6.3096E+03  3.0720E+03
1.0000E-02  1.0000E+04  3.0720E+03
1.2500E-02  6.3096E+03  4.2929E+03
1.2500E-02  1.0000E+04  4.2929E+03
1.5000E-02  6.3096E+03  5.6429E+03
1.5000E-02  1.0000E+04  5.6429E+03
2.0000E-02  1.0000E+04  8.6856E+03
Normalized composition for requested elements
No. Fraction Mass Fraction  At. No.  Chem. Sym.  Mat ID.
9.2696E-01   7.5000E-01      1         H         4525
7.1585E-02   2.3000E-01      2         He        4675
3.5646E-04   3.4367E-03      6         C         4387
8.9537E-05   1.0067E-03      7         N         4005
7.2780E-04   9.3471E-03      8         O         4105
1.2943E-04   2.0966E-03     10         Ne        4145
2.2651E-06   4.1800E-05     11         Na        3442
4.0927E-05   7.9848E-04     12         Mg        4682
3.3270E-06   7.2060E-05     13         Al        9173
3.9085E-05   8.8114E-04     14         Si        4183
3.4026E-07   8.4600E-06     15         P         2193
1.8273E-05   4.7026E-04     16         S         3104
2.0523E-07   5.8400E-06     17         Cl        2205
2.7037E-06   8.6700E-05     18         Ar        3715
1.4529E-07   4.5600E-06     19         K         2642
2.4220E-06   7.7920E-05     20         Ca        2302
1.0150E-07   3.9000E-06     22         Ti        2692
5.3524E-07   2.2340E-05     24         Cr        2703
3.5329E-07   1.5580E-05     25         Mn        2803
3.4101E-05   1.5287E-03     26         Fe        3412
2.0193E-06   9.5140E-05     28         Ni        2013
Temperature grid used the following  50 points
2.0000E-03  2.5000E-03  3.0000E-03  3.5000E-03  4.0000E-03  5.0000E-03
6.0000E-03  7.0000E-03  8.0000E-03  9.0000E-03  1.0000E-02  1.2500E-02
1.5000E-02  2.0000E-02  2.5000E-02  3.0000E-02  4.0000E-02  5.0000E-02
6.0000E-02  7.0000E-02  8.0000E-02  9.0000E-02  1.0000E-01  1.2500E-01
1.5000E-01  1.7500E-01  2.0000E-01  2.2500E-01  2.5000E-01  2.7500E-01
3.0000E-01  3.5000E-01  4.0000E-01  4.5000E-01  5.0000E-01  5.5000E-01
6.0000E-01  6.5000E-01  7.0000E-01  8.0000E-01  9.0000E-01  1.0000E+00
1.1250E+00  1.2500E+00  1.3750E+00  1.5000E+00  1.6250E+00  1.7500E+00
1.8750E+00  2.0000E+00
Density grid used the following  71 points
1.0000E-10  1.5849E-10  2.5119E-10  3.9811E-10  6.3096E-10  1.0000E-09
1.5849E-09  2.5119E-09  3.9811E-09  6.3096E-09  1.0000E-08  1.5849E-08
2.5119E-08  3.9811E-08  6.3096E-08  1.0000E-07  1.5849E-07  2.5119E-07
3.9811E-07  6.3096E-07  1.0000E-06  1.5849E-06  2.5119E-06  3.9811E-06
6.3096E-06  1.0000E-05  1.5849E-05  2.5119E-05  3.9811E-05  6.3096E-05
1.0000E-04  1.5849E-04  2.5119E-04  3.9811E-04  6.3096E-04  1.0000E-03
1.5849E-03  2.5119E-03  3.9811E-03  6.3096E-03  1.0000E-02  1.5849E-02
2.5119E-02  3.9811E-02  6.3096E-02  1.0000E-01  1.5849E-01  2.5119E-01
3.9811E-01  6.3096E-01  1.0000E+00  1.5849E+00  2.5119E+00  3.9811E+00
6.3096E+00  1.0000E+01  1.5849E+01  2.5119E+01  3.9811E+01  6.3096E+01
1.0000E+02  1.5849E+02  2.5119E+02  3.9811E+02  6.3096E+02  1.0000E+03
1.5849E+03  2.5119E+03  3.9811E+03  6.3096E+03  1.0000E+04
Rosseland and Planck opacities and free electrons
Density     Ross opa    Planck opa  No. Free    Av Sq Free  T=  2.0000E-03
1.0000E-10  8.2012E-01  7.9063E+02  1.0014E+00  1.0046E+00
1.5849E-10  9.8177E-01  7.5880E+02  1.0014E+00  1.0044E+00
2.5119E-10  1.2199E+00  7.3932E+02  1.0013E+00  1.0042E+00
3.9811E-10  1.5718E+00  7.4447E+02  1.0012E+00  1.0039E+00
6.3096E-10  2.1091E+00  7.6003E+02  1.0010E+00  1.0036E+00
1.0000E-09  2.9439E+00  8.0225E+02  1.0008E+00  1.0032E+00
1.5849E-09  4.2442E+00  8.6957E+02  1.0006E+00  1.0027E+00
2.5119E-09  6.3539E+00  9.7879E+02  1.0002E+00  1.0022E+00
3.9811E-09  9.6004E+00  1.1519E+03  9.9971E-01  1.0013E+00
6.3096E-09  1.5033E+01  1.4097E+03  9.9905E-01  1.0005E+00
1.0000E-08  2.3308E+01  1.8184E+03  9.9801E-01  9.9925E-01
1.5849E-08  3.7106E+01  2.4830E+03  9.9657E-01  9.9765E-01
2.5119E-08  5.8081E+01  3.5409E+03  9.9434E-01  9.9523E-01
3.9811E-08  9.2498E+01  5.1705E+03  9.9122E-01  9.9197E-01
6.3096E-08  1.4517E+02  7.7208E+03  9.8658E-01  9.8721E-01
1.0000E-07  2.2998E+02  1.1657E+04  9.8028E-01  9.8080E-01
1.5849E-07  3.6179E+02  1.7733E+04  9.7193E-01  9.7238E-01
2.5119E-07  5.6902E+02  2.7003E+04  9.6020E-01  9.6056E-01
3.9811E-07  8.9792E+02  4.0196E+04  9.4782E-01  9.4815E-01
6.3096E-07  1.3968E+03  6.1105E+04  9.2821E-01  9.2848E-01
1.0000E-06  2.1823E+03  8.7690E+04  9.1091E-01  9.1116E-01
1.5849E-06  3.3542E+03  1.2967E+05  8.8381E-01  8.8402E-01
2.5119E-06  4.9940E+03  1.8148E+05  8.5455E-01  8.5474E-01
3.9811E-06  7.3214E+03  2.5471E+05  8.1642E-01  8.1658E-01
6.3096E-06  1.0546E+04  3.5393E+05  7.6547E-01  7.6561E-01
1.0000E-05  1.4008E+04  4.4518E+05  7.2186E-01  7.2198E-01
1.5849E-05  1.9220E+04  5.8980E+05  6.5275E-01  6.5284E-01
2.5119E-05  2.4469E+04  7.1955E+05  5.9129E-01  5.9137E-01
3.9811E-05  2.9689E+04  8.2678E+05  5.4146E-01  5.4152E-01
6.3096E-05  3.7602E+04  9.9675E+05  4.6248E-01  4.6253E-01
1.0000E-04  4.4720E+04  1.1195E+06  3.9723E-01  3.9727E-01
1.5849E-04  5.0003E+04  1.1459E+06  3.6251E-01  3.6255E-01
2.5119E-04  5.8211E+04  1.1879E+06  3.0748E-01  3.0751E-01
3.9811E-04  6.9087E+04  1.2408E+06  2.3851E-01  2.3853E-01
6.3096E-04  7.6554E+04  1.2557E+06  2.2083E-01  2.2084E-01
1.0000E-03  8.8212E+04  1.2794E+06  1.9279E-01  1.9281E-01
1.5849E-03  1.0639E+05  1.3171E+06  1.4836E-01  1.4837E-01
2.5119E-03  1.2246E+05  1.3000E+06  1.3084E-01  1.3085E-01
3.9811E-03  1.4421E+05  1.2518E+06  1.1762E-01  1.1763E-01
6.3096E-03  1.7804E+05  1.1752E+06  9.6674E-02  9.6679E-02
1.0000E-02  2.2033E+05  1.1286E+06  8.3949E-02  8.3954E-02
1.5849E-02  2.7489E+05  1.1044E+06  7.7663E-02  7.7667E-02
2.5119E-02  3.4456E+05  1.0642E+06  6.7700E-02  6.7703E-02
3.9811E-02  4.3482E+05  1.1315E+06  6.6777E-02  6.6780E-02
6.3096E-02  5.4108E+05  1.2358E+06  6.6526E-02  6.6529E-02
1.0000E-01  7.0215E+05  1.3823E+06  7.2684E-02  7.2690E-02
1.5849E-01  9.6472E+05  1.5511E+06  8.7085E-02  8.7103E-02
2.5119E-01  1.3652E+06  1.7090E+06  1.2875E-01  1.2883E-01
3.9811E-01  1.5969E+06  1.7505E+06  3.1070E-01  3.1100E-01
6.3096E-01  9.5370E+05  1.0220E+06  6.6597E-01  6.6795E-01
1.0000E+00  4.5238E+05  4.7297E+05  9.0830E-01  9.1264E-01
1.5849E+00  2.6492E+05  2.7292E+05  9.8354E-01  9.9034E-01
2.5119E+00  1.7861E+05  1.8202E+05  1.0017E+00  1.0121E+00
3.9811E+00  1.2326E+05  1.2473E+05  1.0097E+00  1.0360E+00
6.3096E+00  8.2874E+04  8.3470E+04  1.0221E+00  1.0782E+00
1.0000E+01  5.7778E+04  5.8073E+04  1.0380E+00  1.1325E+00
1.5849E+01  4.1720E+04  4.1858E+04  1.0495E+00  1.1737E+00
2.5119E+01  2.9264E+04  2.9333E+04  1.0588E+00  1.2068E+00
3.9811E+01  1.9163E+04  1.9195E+04  1.0656E+00  1.2313E+00
6.3096E+01  1.2734E+04  1.2747E+04  1.0704E+00  1.2491E+00
1.0000E+02  9.2563E+03  9.2627E+03  1.0756E+00  1.2664E+00
1.5849E+02  6.1922E+03  6.1951E+03  1.0792E+00  1.2776E+00
2.5119E+02  3.9046E+03  3.9059E+03  1.0792E+00  1.2779E+00
3.9811E+02  3.5563E+03  3.5573E+03  1.0792E+00  1.2780E+00
6.3096E+02  3.5563E+03  3.5573E+03  1.0792E+00  1.2780E+00
1.0000E+03  3.5563E+03  3.5573E+03  1.0792E+00  1.2780E+00
1.5849E+03  3.5563E+03  3.5573E+03  1.0792E+00  1.2780E+00
2.5119E+03  3.5563E+03  3.5573E+03  1.0792E+00  1.2780E+00
3.9811E+03  3.5563E+03  3.5573E+03  1.0792E+00  1.2780E+00
6.3096E+03  3.5563E+03  3.5573E+03  1.0792E+00  1.2780E+00
1.0000E+04  3.5563E+03  3.5573E+03  1.0792E+00  1.2780E+00
Rosseland and Planck opacities and free electrons
Density     Ross opa    Planck opa  No. Free    Av Sq Free  T=  2.5000E-03
1.0000E-10  7.8530E-01  2.2430E+02  1.0077E+00  1.0243E+00
1.5849E-10  9.0191E-01  2.3657E+02  1.0064E+00  1.0203E+00
2.5119E-10  1.0607E+00  2.5555E+02  1.0045E+00  1.0144E+00
3.9811E-10  1.2860E+00  2.6989E+02  1.0036E+00  1.0116E+00
6.3096E-10  1.6013E+00  2.8765E+02  1.0028E+00  1.0092E+00
1.0000E-09  2.0889E+00  3.0567E+02  1.0023E+00  1.0076E+00
1.5849E-09  2.8004E+00  3.2656E+02  1.0020E+00  1.0066E+00
2.5119E-09  3.9041E+00  3.5528E+02  1.0017E+00  1.0057E+00
3.9811E-09  5.6654E+00  3.9402E+02  1.0015E+00  1.0052E+00
6.3096E-09  8.4903E+00  4.5459E+02  1.0013E+00  1.0046E+00
1.0000E-08  1.3166E+01  5.4778E+02  1.0011E+00  1.0043E+00
1.5849E-08  2.0548E+01  6.9509E+02  1.0008E+00  1.0037E+00
2.5119E-08  3.3577E+01  9.2425E+02  1.0005E+00  1.0032E+00
3.9811E-08  5.3504E+01  1.2874E+03  9.9996E-01  1.0023E+00
6.3096E-08  8.9160E+01  1.8228E+03  9.9930E-01  1.0015E+00
1.0000E-07  1.4330E+02  2.6677E+03  9.9825E-01  1.0001E+00
1.5849E-07  2.3576E+02  3.9539E+03  9.9681E-01  9.9844E-01
2.5119E-07  3.7641E+02  5.9709E+03  9.9462E-01  9.9598E-01
3.9811E-07  6.1007E+02  9.2920E+03  9.9146E-01  9.9259E-01
6.3096E-07  9.7045E+02  1.4671E+04  9.8675E-01  9.8770E-01
1.0000E-06  1.5564E+03  2.3180E+04  9.7998E-01  9.8073E-01
1.5849E-06  2.4813E+03  3.6633E+04  9.7068E-01  9.7132E-01
2.5119E-06  3.9126E+03  5.7262E+04  9.5682E-01  9.5731E-01
3.9811E-06  6.1250E+03  8.5179E+04  9.4091E-01  9.4134E-01
6.3096E-06  9.4305E+03  1.2942E+05  9.1569E-01  9.1603E-01
1.0000E-05  1.4060E+04  1.8078E+05  8.9070E-01  8.9099E-01
1.5849E-05  2.0824E+04  2.5879E+05  8.5377E-01  8.5402E-01
2.5119E-05  2.9292E+04  3.4215E+05  8.1189E-01  8.1209E-01
3.9811E-05  3.9647E+04  4.2204E+05  7.6709E-01  7.6726E-01
6.3096E-05  5.5629E+04  5.4867E+05  6.9608E-01  6.9621E-01
1.0000E-04  6.8265E+04  6.3966E+05  6.5323E-01  6.5334E-01
1.5849E-04  8.6272E+04  7.7276E+05  5.9238E-01  5.9247E-01
2.5119E-04  1.1232E+05  9.6632E+05  5.0343E-01  5.0350E-01
3.9811E-04  1.2749E+05  1.0237E+06  4.6964E-01  4.6970E-01
6.3096E-04  1.5100E+05  1.1146E+06  4.1608E-01  4.1613E-01
1.0000E-03  1.8751E+05  1.2589E+06  3.3119E-01  3.3123E-01
1.5849E-03  2.0872E+05  1.2689E+06  3.0827E-01  3.0830E-01
2.5119E-03  2.4100E+05  1.2799E+06  2.7437E-01  2.7440E-01
3.9811E-03  2.9104E+05  1.2976E+06  2.2065E-01  2.2067E-01
6.3096E-03  3.3830E+05  1.2968E+06  1.9855E-01  1.9857E-01
1.0000E-02  3.9893E+05  1.2877E+06  1.7953E-01  1.7955E-01
1.5849E-02  4.7858E+05  1.2729E+06  1.4938E-01  1.4939E-01
2.5119E-02  5.7996E+05  1.3188E+06  1.3993E-01  1.3994E-01
3.9811E-02  7.0422E+05  1.3962E+06  1.3049E-01  1.3050E-01
6.3096E-02  8.3421E+05  1.5028E+06  1.2389E-01  1.2390E-01
1.0000E-01  1.0467E+06  1.6336E+06  1.2820E-01  1.2823E-01
1.5849E-01  1.2715E+06  1.7430E+06  1.4637E-01  1.4643E-01
2.5119E-01  1.4599E+06  1.7778E+06  2.0353E-01  2.0369E-01
3.9811E-01  1.3237E+06  1.6099E+06  3.9388E-01  3.9432E-01
6.3096E-01  8.2146E+05  9.1948E+05  7.0677E-01  7.0884E-01
1.0000E+00  4.1053E+05  4.4140E+05  9.2540E-01  9.3018E-01
1.5849E+00  2.4750E+05  2.5903E+05  9.8766E-01  9.9507E-01
2.5119E+00  1.7073E+05  1.7594E+05  1.0028E+00  1.0146E+00
3.9811E+00  1.1960E+05  1.2183E+05  1.0120E+00  1.0434E+00
6.3096E+00  8.3380E+04  8.4334E+04  1.0263E+00  1.0917E+00
1.0000E+01  5.5739E+04  5.6132E+04  1.0387E+00  1.1356E+00
1.5849E+01  3.9764E+04  3.9970E+04  1.0509E+00  1.1788E+00
2.5119E+01  2.9066E+04  2.9164E+04  1.0612E+00  1.2147E+00
3.9811E+01  1.9828E+04  1.9878E+04  1.0667E+00  1.2350E+00
6.3096E+01  1.3062E+04  1.3084E+04  1.0723E+00  1.2549E+00
1.0000E+02  8.8383E+03  8.8473E+03  1.0792E+00  1.2781E+00
1.5849E+02  6.1624E+03  6.1668E+03  1.0792E+00  1.2779E+00
2.5119E+02  4.0315E+03  4.0334E+03  1.0792E+00  1.2782E+00
3.9811E+02  2.6713E+03  2.6722E+03  1.0792E+00  1.2787E+00
6.3096E+02  2.6713E+03  2.6722E+03  1.0792E+00  1.2787E+00
1.0000E+03  2.6713E+03  2.6722E+03  1.0792E+00  1.2787E+00
1.5849E+03  2.6713E+03  2.6722E+03  1.0792E+00  1.2787E+00
2.5119E+03  2.6713E+03  2.6722E+03  1.0792E+00  1.2787E+00
3.9811E+03  2.6713E+03  2.6722E+03  1.0792E+00  1.2787E+00
6.3096E+03  2.6713E+03  2.6722E+03  1.0792E+00  1.2787E+00
1.0000E+04  2.6713E+03  2.6722E+03  1.0792E+00  1.2787E+00
Rosseland and Planck opacities and free electrons
Density     Ross opa    Planck opa  No. Free    Av Sq Free  T=  3.0000E-03
1.0000E-10  7.3681E-01  3.6719E+02  1.0605E+00  1.1843E+00
1.5849E-10  8.5731E-01  4.5520E+02  1.0549E+00  1.1674E+00
2.5119E-10  1.0211E+00  5.7317E+02  1.0483E+00  1.1472E+00
3.9811E-10  1.2441E+00  7.3636E+02  1.0398E+00  1.1217E+00
6.3096E-10  1.5435E+00  9.1913E+02  1.0333E+00  1.1019E+00
1.0000E-09  1.9726E+00  1.1949E+03  1.0236E+00  1.0727E+00
1.5849E-09  2.5820E+00  1.4173E+03  1.0195E+00  1.0601E+00
2.5119E-09  3.4855E+00  1.7699E+03  1.0129E+00  1.0400E+00
3.9811E-09  4.8782E+00  2.0052E+03  1.0101E+00  1.0316E+00
6.3096E-09  6.9707E+00  2.3223E+03  1.0070E+00  1.0221E+00
1.0000E-08  1.0350E+01  2.5589E+03  1.0051E+00  1.0165E+00
1.5849E-08  1.5528E+01  2.7865E+03  1.0038E+00  1.0126E+00
2.5119E-08  2.4113E+01  3.0163E+03  1.0028E+00  1.0094E+00
3.9811E-08  3.7703E+01  3.2262E+03  1.0022E+00  1.0077E+00
6.3096E-08  6.0093E+01  3.5129E+03  1.0015E+00  1.0059E+00
1.0000E-07  9.7081E+01  3.8556E+03  1.0010E+00  1.0050E+00
1.5849E-07  1.5626E+02  4.3903E+03  1.0003E+00  1.0037E+00
2.5119E-07  2.5897E+02  5.1848E+03  9.9958E-01  1.0027E+00
3.9811E-07  4.1540E+02  6.4441E+03  9.9844E-01  1.0011E+00
6.3096E-07  6.9657E+02  8.3882E+03  9.9702E-01  9.9940E-01
1.0000E-06  1.1199E+03  1.1469E+04  9.9478E-01  9.9677E-01
1.5849E-06  1.8532E+03  1.6139E+04  9.9174E-01  9.9349E-01
2.5119E-06  2.9654E+03  2.3477E+04  9.8709E-01  9.8853E-01
3.9811E-06  4.8136E+03  3.4389E+04  9.8061E-01  9.8179E-01
6.3096E-06  7.6146E+03  5.1125E+04  9.7101E-01  9.7199E-01
1.0000E-05  1.1932E+04  7.5463E+04  9.5766E-01  9.5842E-01
1.5849E-05  1.8278E+04  1.0988E+05  9.4002E-01  9.4066E-01
2.5119E-05  2.7675E+04  1.6086E+05  9.1367E-01  9.1414E-01
3.9811E-05  3.9464E+04  2.0857E+05  8.8674E-01  8.8716E-01
6.3096E-05  5.7363E+04  2.8419E+05  8.4407E-01  8.4439E-01
1.0000E-04  7.6854E+04  3.6296E+05  8.0410E-01  8.0437E-01
1.5849E-04  1.0286E+05  4.6887E+05  7.5350E-01  7.5372E-01
2.5119E-04  1.3871E+05  6.1404E+05  6.8353E-01  6.8369E-01
3.9811E-04  1.6512E+05  6.9143E+05  6.4137E-01  6.4151E-01
6.3096E-04  2.0606E+05  8.1414E+05  5.7455E-01  5.7466E-01
1.0000E-03  2.5338E+05  9.4352E+05  5.0086E-01  5.0094E-01
1.5849E-03  2.8709E+05  9.8778E+05  4.6344E-01  4.6352E-01
2.5119E-03  3.3932E+05  1.0581E+06  4.0414E-01  4.0420E-01
3.9811E-03  4.0250E+05  1.1334E+06  3.4075E-01  3.4080E-01
6.3096E-03  4.5526E+05  1.1628E+06  3.1529E-01  3.1533E-01
1.0000E-02  5.2798E+05  1.2096E+06  2.7493E-01  2.7497E-01
1.5849E-02  6.1265E+05  1.2693E+06  2.3470E-01  2.3473E-01
2.5119E-02  7.0684E+05  1.3317E+06  2.1968E-01  2.1971E-01
3.9811E-02  8.1114E+05  1.4271E+06  1.9588E-01  1.9592E-01
6.3096E-02  9.3528E+05  1.5261E+06  1.8773E-01  1.8777E-01
1.0000E-01  1.0917E+06  1.6429E+06  1.8703E-01  1.8709E-01
1.5849E-01  1.2124E+06  1.7150E+06  2.0882E-01  2.0893E-01
2.5119E-01  1.2510E+06  1.7042E+06  2.7596E-01  2.7619E-01
3.9811E-01  1.0664E+06  1.4095E+06  4.6067E-01  4.6118E-01
6.3096E-01  7.1130E+05  8.4018E+05  7.2250E-01  7.2470E-01
1.0000E+00  3.9597E+05  4.3987E+05  9.0595E-01  9.1084E-01
1.5849E+00  2.3810E+05  2.5425E+05  9.8152E-01  9.8945E-01
2.5119E+00  1.6332E+05  1.7054E+05  1.0028E+00  1.0175E+00
3.9811E+00  1.1634E+05  1.1954E+05  1.0141E+00  1.0503E+00
6.3096E+00  8.2091E+04  8.3407E+04  1.0288E+00  1.0994E+00
1.0000E+01  5.5456E+04  5.6024E+04  1.0404E+00  1.1399E+00
1.5849E+01  3.7479E+04  3.7717E+04  1.0535E+00  1.1865E+00
2.5119E+01  2.7830E+04  2.7966E+04  1.0606E+00  1.2123E+00
3.9811E+01  2.0068E+04  2.0137E+04  1.0674E+00  1.2369E+00
6.3096E+01  1.3250E+04  1.3282E+04  1.0721E+00  1.2543E+00
1.0000E+02  8.8546E+03  8.8690E+03  1.0761E+00  1.2675E+00
1.5849E+02  6.0738E+03  6.0798E+03  1.0792E+00  1.2775E+00
2.5119E+02  4.1768E+03  4.1796E+03  1.0792E+00  1.2777E+00
3.9811E+02  2.6647E+03  2.6659E+03  1.0792E+00  1.2785E+00
6.3096E+02  2.1000E+03  2.1008E+03  1.0792E+00  1.2790E+00
1.0000E+03  2.1000E+03  2.1008E+03  1.0792E+00  1.2790E+00
1.5849E+03  2.1000E+03  2.1008E+03  1.0792E+00  1.2790E+00
2.5119E+03  2.1000E+03  2.1008E+03  1.0792E+00  1.2790E+00
3.9811E+03  2.1000E+03  2.1008E+03  1.0792E+00  1.2790E+00
6.3096E+03  2.1000E+03  2.1008E+03  1.0792E+00  1.2790E+00
1.0000E+04  2.1000E+03  2.1008E+03  1.0792E+00  1.2790E+00
Rosseland and Planck opacities and free electrons
Density     Ross opa    Planck opa  No. Free    Av Sq Free  T=  3.5000E-03
1.0000E-10  6.3427E-01  4.3283E+02  1.0738E+00  1.2261E+00
1.5849E-10  7.2424E-01  4.4740E+02  1.0731E+00  1.2236E+00
2.5119E-10  8.5110E-01  4.6157E+02  1.0722E+00  1.2205E+00
3.9811E-10  1.0311E+00  4.8403E+02  1.0706E+00  1.2156E+00
6.3096E-10  1.2918E+00  5.1142E+02  1.0686E+00  1.2092E+00
1.0000E-09  1.6687E+00  5.5288E+02  1.0653E+00  1.1993E+00
1.5849E-09  2.2328E+00  6.0538E+02  1.0613E+00  1.1870E+00
2.5119E-09  3.0678E+00  6.7990E+02  1.0557E+00  1.1698E+00
3.9811E-09  4.3425E+00  7.7481E+02  1.0490E+00  1.1495E+00
6.3096E-09  6.2554E+00  8.9086E+02  1.0418E+00  1.1278E+00
1.0000E-08  9.1720E+00  1.0485E+03  1.0327E+00  1.1003E+00
1.5849E-08  1.3690E+01  1.1999E+03  1.0269E+00  1.0826E+00
2.5119E-08  2.0647E+01  1.4330E+03  1.0180E+00  1.0557E+00
3.9811E-08  3.1903E+01  1.6288E+03  1.0147E+00  1.0458E+00
6.3096E-08  4.8987E+01  1.9393E+03  1.0095E+00  1.0301E+00
1.0000E-07  7.7551E+01  2.2296E+03  1.0072E+00  1.0233E+00
1.5849E-07  1.2105E+02  2.6470E+03  1.0048E+00  1.0163E+00
2.5119E-07  1.9521E+02  3.1273E+03  1.0031E+00  1.0118E+00
3.9811E-07  3.1092E+02  3.7781E+03  1.0018E+00  1.0086E+00
6.3096E-07  5.0723E+02  4.6910E+03  1.0004E+00  1.0057E+00
1.0000E-06  8.2183E+02  5.9858E+03  9.9918E-01  1.0036E+00
1.5849E-06  1.3386E+03  8.0274E+03  9.9741E-01  1.0010E+00
2.5119E-06  2.1844E+03  1.1235E+04  9.9526E-01  9.9837E-01
3.9811E-06  3.5079E+03  1.6259E+04  9.9197E-01  9.9447E-01
6.3096E-06  5.6779E+03  2.3737E+04  9.8770E-01  9.8990E-01
1.0000E-05  8.9407E+03  3.5590E+04  9.8093E-01  9.8265E-01
1.5849E-05  1.4016E+04  5.1652E+04  9.7240E-01  9.7389E-01
2.5119E-05  2.1558E+04  7.6879E+04  9.5906E-01  9.6023E-01
3.9811E-05  3.2148E+04  1.0644E+05  9.4244E-01  9.4339E-01
6.3096E-05  4.7477E+04  1.4783E+05  9.1847E-01  9.1923E-01
1.0000E-04  6.7734E+04  2.0243E+05  8.8793E-01  8.8851E-01
1.5849E-04  9.2466E+04  2.6842E+05  8.5346E-01  8.5395E-01
2.5119E-04  1.3077E+05  3.7302E+05  7.9884E-01  7.9919E-01
3.9811E-04  1.6084E+05  4.4311E+05  7.5883E-01  7.5914E-01
6.3096E-04  2.0653E+05  5.5105E+05  6.9696E-01  6.9720E-01
1.0000E-03  2.6103E+05  6.7425E+05  6.2483E-01  6.2502E-01
1.5849E-03  2.9934E+05  7.3430E+05  5.8360E-01  5.8376E-01
2.5119E-03  3.5841E+05  8.2965E+05  5.1824E-01  5.1837E-01
3.9811E-03  4.1782E+05  9.1556E+05  4.6056E-01  4.6066E-01
6.3096E-03  4.6951E+05  9.7355E+05  4.2381E-01  4.2390E-01
1.0000E-02  5.4140E+05  1.0658E+06  3.6556E-01  3.6563E-01
1.5849E-02  6.1099E+05  1.1480E+06  3.2422E-01  3.2428E-01
2.5119E-02  6.8262E+05  1.2246E+06  2.9968E-01  2.9974E-01
3.9811E-02  7.6722E+05  1.3448E+06  2.6078E-01  2.6084E-01
6.3096E-02  8.5179E+05  1.4302E+06  2.5359E-01  2.5367E-01
1.0000E-01  9.4524E+05  1.5395E+06  2.4724E-01  2.4735E-01
1.5849E-01  9.9590E+05  1.5874E+06  2.7190E-01  2.7207E-01
2.5119E-01  9.8825E+05  1.5508E+06  3.4310E-01  3.4340E-01
3.9811E-01  8.5844E+05  1.2407E+06  5.1510E-01  5.1581E-01
6.3096E-01  6.1093E+05  7.6571E+05  7.4075E-01  7.4312E-01
1.0000E+00  3.6703E+05  4.2361E+05  9.0872E-01  9.1386E-01
1.5849E+00  2.1963E+05  2.4071E+05  9.8816E-01  9.9707E-01
2.5119E+00  1.5391E+05  1.6300E+05  1.0043E+00  1.0197E+00
3.9811E+00  1.1265E+05  1.1693E+05  1.0160E+00  1.0563E+00
6.3096E+00  7.9734E+04  8.1481E+04  1.0302E+00  1.1041E+00
1.0000E+01  5.5488E+04  5.6249E+04  1.0438E+00  1.1510E+00
1.5849E+01  3.6794E+04  3.7114E+04  1.0527E+00  1.1834E+00
2.5119E+01  2.6645E+04  2.6803E+04  1.0620E+00  1.2168E+00
3.9811E+01  1.9666E+04  1.9752E+04  1.0684E+00  1.2403E+00
6.3096E+01  1.3546E+04  1.3590E+04  1.0720E+00  1.2538E+00
1.0000E+02  8.9381E+03  8.9577E+03  1.0752E+00  1.2650E+00
1.5849E+02  5.9910E+03  5.9994E+03  1.0790E+00  1.2769E+00
2.5119E+02  4.1273E+03  4.1310E+03  1.0792E+00  1.2777E+00
3.9811E+02  2.7477E+03  2.7494E+03  1.0792E+00  1.2786E+00
6.3096E+02  1.7506E+03  1.7513E+03  1.0794E+00  1.2804E+00
1.0000E+03  1.7330E+03  1.7337E+03  1.0794E+00  1.2804E+00
1.5849E+03  1.7330E+03  1.7337E+03  1.0794E+00  1.2804E+00
2.5119E+03  1.7330E+03  1.7337E+03  1.0794E+00  1.2804E+00
3.9811E+03  1.7330E+03  1.7337E+03  1.0794E+00  1.2804E+00
6.3096E+03  1.7330E+03  1.7337E+03  1.0794E+00  1.2804E+00
1.0000E+04  1.7330E+03  1.7337E+03  1.0794E+00  1.2804E+00
Rosseland and Planck opacities and free electrons
Density     Ross opa    Planck opa  No. Free    Av Sq Free  T=  4.0000E-03
1.0000E-10  5.6800E-01  5.9643E+02  1.0753E+00  1.2326E+00
1.5849E-10  6.2975E-01  6.9203E+02  1.0751E+00  1.2316E+00
2.5119E-10  7.1720E-01  7.7591E+02  1.0749E+00  1.2306E+00
3.9811E-10  8.4320E-01  8.4915E+02  1.0746E+00  1.2294E+00
6.3096E-10  1.0257E+00  9.2945E+02  1.0742E+00  1.2279E+00
1.0000E-09  1.2922E+00  9.9304E+02  1.0737E+00  1.2260E+00
1.5849E-09  1.6886E+00  1.0806E+03  1.0729E+00  1.2232E+00
2.5119E-09  2.2902E+00  1.1665E+03  1.0718E+00  1.2196E+00
3.9811E-09  3.2018E+00  1.2993E+03  1.0700E+00  1.2139E+00
6.3096E-09  4.6655E+00  1.4465E+03  1.0677E+00  1.2066E+00
1.0000E-08  6.8987E+00  1.6796E+03  1.0639E+00  1.1952E+00
1.5849E-08  1.0564E+01  1.9330E+03  1.0597E+00  1.1822E+00
2.5119E-08  1.6190E+01  2.3145E+03  1.0532E+00  1.1626E+00
3.9811E-08  2.5309E+01  2.6952E+03  1.0468E+00  1.1430E+00
6.3096E-08  3.9376E+01  3.1665E+03  1.0388E+00  1.1189E+00
1.0000E-07  6.1726E+01  3.6587E+03  1.0306E+00  1.0944E+00
1.5849E-07  9.6401E+01  4.0795E+03  1.0241E+00  1.0749E+00
2.5119E-07  1.5113E+02  4.6341E+03  1.0164E+00  1.0517E+00
3.9811E-07  2.3824E+02  5.1233E+03  1.0127E+00  1.0409E+00
6.3096E-07  3.7342E+02  5.8687E+03  1.0072E+00  1.0250E+00
1.0000E-06  6.0071E+02  6.5790E+03  1.0052E+00  1.0199E+00
1.5849E-06  9.4657E+02  7.7047E+03  1.0021E+00  1.0119E+00
2.5119E-06  1.5371E+03  9.2272E+03  1.0001E+00  1.0081E+00
3.9811E-06  2.4359E+03  1.1600E+04  9.9748E-01  1.0034E+00
6.3096E-06  3.9102E+03  1.5194E+04  9.9458E-01  9.9930E-01
1.0000E-05  6.1568E+03  2.0802E+04  9.9065E-01  9.9446E-01
1.5849E-05  9.5752E+03  2.8557E+04  9.8531E-01  9.8832E-01
2.5119E-05  1.4664E+04  3.9518E+04  9.7790E-01  9.8040E-01
3.9811E-05  2.2287E+04  5.6096E+04  9.6728E-01  9.6921E-01
6.3096E-05  3.3029E+04  8.0113E+04  9.5369E-01  9.5532E-01
1.0000E-04  4.9108E+04  1.1732E+05  9.3263E-01  9.3381E-01
1.5849E-04  6.7636E+04  1.5675E+05  9.0997E-01  9.1099E-01
2.5119E-04  9.6416E+04  2.1925E+05  8.7405E-01  8.7482E-01
3.9811E-04  1.2555E+05  2.7902E+05  8.3828E-01  8.3889E-01
6.3096E-04  1.6267E+05  3.5300E+05  7.9275E-01  7.9325E-01
1.0000E-03  2.1210E+05  4.5155E+05  7.3172E-01  7.3208E-01
1.5849E-03  2.4805E+05  5.1517E+05  6.8987E-01  6.9018E-01
2.5119E-03  3.0347E+05  6.1609E+05  6.2354E-01  6.2379E-01
3.9811E-03  3.5751E+05  7.1114E+05  5.6281E-01  5.6300E-01
6.3096E-03  4.0215E+05  7.8327E+05  5.1999E-01  5.2016E-01
1.0000E-02  4.6657E+05  8.9787E+05  4.5213E-01  4.5227E-01
1.5849E-02  5.1930E+05  9.8559E+05  4.0879E-01  4.0892E-01
2.5119E-02  5.7151E+05  1.0700E+06  3.7654E-01  3.7666E-01
3.9811E-02  6.4052E+05  1.2028E+06  3.2597E-01  3.2608E-01
6.3096E-02  6.8856E+05  1.2743E+06  3.1879E-01  3.1892E-01
1.0000E-01  7.4513E+05  1.3753E+06  3.0741E-01  3.0757E-01
1.5849E-01  7.6892E+05  1.4056E+06  3.3345E-01  3.3367E-01
2.5119E-01  7.5968E+05  1.3573E+06  4.0411E-01  4.0449E-01
3.9811E-01  6.7860E+05  1.0647E+06  5.6116E-01  5.6204E-01
6.3096E-01  5.1237E+05  6.8230E+05  7.6884E-01  7.7149E-01
1.0000E+00  3.1589E+05  3.7924E+05  9.3173E-01  9.3730E-01
1.5849E+00  2.0964E+05  2.3620E+05  9.8251E-01  9.9185E-01
2.5119E+00  1.4792E+05  1.5996E+05  1.0043E+00  1.0245E+00
3.9811E+00  1.0835E+05  1.1371E+05  1.0173E+00  1.0606E+00
6.3096E+00  7.8183E+04  8.0446E+04  1.0320E+00  1.1098E+00
1.0000E+01  5.4561E+04  5.5491E+04  1.0451E+00  1.1555E+00
1.5849E+01  3.6699E+04  3.7129E+04  1.0540E+00  1.1879E+00
2.5119E+01  2.4659E+04  2.4834E+04  1.0638E+00  1.2226E+00
3.9811E+01  1.9036E+04  1.9145E+04  1.0682E+00  1.2390E+00
6.3096E+01  1.3645E+04  1.3700E+04  1.0724E+00  1.2549E+00
1.0000E+02  8.9988E+03  9.0246E+03  1.0752E+00  1.2653E+00
1.5849E+02  6.0263E+03  6.0375E+03  1.0776E+00  1.2727E+00
2.5119E+02  4.0309E+03  4.0356E+03  1.0792E+00  1.2778E+00
3.9811E+02  2.7847E+03  2.7869E+03  1.0792E+00  1.2786E+00
6.3096E+02  1.7817E+03  1.7826E+03  1.0794E+00  1.2805E+00
1.0000E+03  1.4492E+03  1.4499E+03  1.0795E+00  1.2817E+00
1.5849E+03  1.4492E+03  1.4499E+03  1.0795E+00  1.2817E+00
2.5119E+03  1.4492E+03  1.4499E+03  1.0795E+00  1.2817E+00
3.9811E+03  1.4492E+03  1.4499E+03  1.0795E+00  1.2817E+00
6.3096E+03  1.4492E+03  1.4499E+03  1.0795E+00  1.2817E+00
1.0000E+04  1.4492E+03  1.4499E+03  1.0795E+00  1.2817E+00
Rosseland and Planck opacities and free electrons
Density     Ross opa    Planck opa  No. Free    Av Sq Free  T=  5.0000E-03
1.0000E-10  5.0020E-01  1.5986E+02  1.0762E+00  1.2389E+00
1.5849E-10  5.3245E-01  1.7024E+02  1.0761E+00  1.2384E+00
2.5119E-10  5.7660E-01  1.8670E+02  1.0760E+00  1.2376E+00
3.9811E-10  6.3850E-01  2.0190E+02  1.0759E+00  1.2370E+00
6.3096E-10  7.2616E-01  2.2383E+02  1.0758E+00  1.2364E+00
1.0000E-09  8.5308E-01  2.4969E+02  1.0758E+00  1.2358E+00
1.5849E-09  1.0378E+00  2.8566E+02  1.0756E+00  1.2351E+00
2.5119E-09  1.3134E+00  3.3059E+02  1.0755E+00  1.2343E+00
3.9811E-09  1.7275E+00  3.8771E+02  1.0753E+00  1.2333E+00
6.3096E-09  2.3592E+00  4.6205E+02  1.0750E+00  1.2321E+00
1.0000E-08  3.3365E+00  5.4135E+02  1.0747E+00  1.2307E+00
1.5849E-08  4.8473E+00  6.5604E+02  1.0742E+00  1.2287E+00
2.5119E-08  7.2699E+00  7.7144E+02  1.0736E+00  1.2264E+00
3.9811E-08  1.0953E+01  9.5435E+02  1.0726E+00  1.2229E+00
6.3096E-08  1.7146E+01  1.1611E+03  1.0713E+00  1.2187E+00
1.0000E-07  2.6594E+01  1.4886E+03  1.0692E+00  1.2121E+00
1.5849E-07  4.2521E+01  1.8979E+03  1.0665E+00  1.2038E+00
2.5119E-07  6.7227E+01  2.5164E+03  1.0624E+00  1.1912E+00
3.9811E-07  1.0828E+02  3.3003E+03  1.0574E+00  1.1764E+00
6.3096E-07  1.7298E+02  4.3982E+03  1.0508E+00  1.1566E+00
1.0000E-06  2.7650E+02  5.7135E+03  1.0432E+00  1.1338E+00
1.5849E-06  4.4042E+02  7.0839E+03  1.0358E+00  1.1120E+00
2.5119E-06  6.9567E+02  8.9389E+03  1.0261E+00  1.0837E+00
3.9811E-06  1.0965E+03  1.0443E+04  1.0203E+00  1.0675E+00
6.3096E-06  1.7131E+03  1.2811E+04  1.0112E+00  1.0422E+00
1.0000E-05  2.6621E+03  1.4965E+04  1.0072E+00  1.0328E+00
1.5849E-05  4.1176E+03  1.8379E+04  1.0008E+00  1.0179E+00
2.5119E-05  6.2617E+03  2.2407E+04  9.9582E-01  1.0090E+00
3.9811E-05  9.4900E+03  2.8401E+04  9.8947E-01  9.9902E-01
6.3096E-05  1.4073E+04  3.7030E+04  9.8212E-01  9.8910E-01
1.0000E-04  2.0756E+04  5.0023E+04  9.7260E-01  9.7802E-01
1.5849E-04  2.9960E+04  6.7889E+04  9.5966E-01  9.6353E-01
2.5119E-04  4.2181E+04  9.0961E+04  9.4333E-01  9.4648E-01
3.9811E-04  6.0027E+04  1.2521E+05  9.1906E-01  9.2123E-01
6.3096E-04  7.8828E+04  1.5932E+05  8.9470E-01  8.9655E-01
1.0000E-03  1.0769E+05  2.1341E+05  8.5609E-01  8.5742E-01
1.5849E-03  1.3420E+05  2.6472E+05  8.2028E-01  8.2135E-01
2.5119E-03  1.6802E+05  3.3309E+05  7.7306E-01  7.7391E-01
3.9811E-03  2.0901E+05  4.2078E+05  7.1332E-01  7.1393E-01
6.3096E-03  2.3806E+05  4.8704E+05  6.7155E-01  6.7208E-01
1.0000E-02  2.8147E+05  5.9203E+05  6.0533E-01  6.0575E-01
1.5849E-02  3.1731E+05  6.8316E+05  5.5317E-01  5.5351E-01
2.5119E-02  3.4752E+05  7.6457E+05  5.1416E-01  5.1447E-01
3.9811E-02  3.9122E+05  8.9341E+05  4.5233E-01  4.5259E-01
6.3096E-02  4.1272E+05  9.5503E+05  4.4080E-01  4.4107E-01
1.0000E-01  4.4191E+05  1.0427E+06  4.2366E-01  4.2396E-01
1.5849E-01  4.5841E+05  1.0685E+06  4.4737E-01  4.4775E-01
2.5119E-01  4.6546E+05  1.0308E+06  5.1009E-01  5.1069E-01
3.9811E-01  4.4279E+05  8.1028E+05  6.4005E-01  6.4130E-01
6.3096E-01  3.6695E+05  5.5730E+05  8.0630E-01  8.0945E-01
1.0000E+00  2.6102E+05  3.4563E+05  9.2102E-01  9.2739E-01
1.5849E+00  1.8066E+05  2.1648E+05  9.8618E-01  9.9821E-01
2.5119E+00  1.3232E+05  1.4916E+05  1.0081E+00  1.0310E+00
3.9811E+00  1.0007E+05  1.0798E+05  1.0202E+00  1.0701E+00
6.3096E+00  7.4589E+04  7.8187E+04  1.0344E+00  1.1178E+00
1.0000E+01  5.1927E+04  5.3288E+04  1.0470E+00  1.1615E+00
1.5849E+01  3.6230E+04  3.6854E+04  1.0577E+00  1.1998E+00
2.5119E+01  2.4063E+04  2.4343E+04  1.0634E+00  1.2206E+00
3.9811E+01  1.6909E+04  1.7025E+04  1.0696E+00  1.2437E+00
6.3096E+01  1.3223E+04  1.3302E+04  1.0730E+00  1.2571E+00
1.0000E+02  9.3130E+03  9.3524E+03  1.0767E+00  1.2694E+00
1.5849E+02  6.1390E+03  6.1568E+03  1.0791E+00  1.2774E+00
2.5119E+02  4.1034E+03  4.1111E+03  1.0792E+00  1.2776E+00
3.9811E+02  2.7118E+03  2.7150E+03  1.0792E+00  1.2785E+00
6.3096E+02  1.8482E+03  1.8496E+03  1.0794E+00  1.2807E+00
1.0000E+03  1.1948E+03  1.1955E+03  1.0798E+00  1.2854E+00
1.5849E+03  1.1098E+03  1.1104E+03  1.0799E+00  1.2865E+00
2.5119E+03  1.1098E+03  1.1104E+03  1.0799E+00  1.2865E+00
3.9811E+03  1.1098E+03  1.1104E+03  1.0799E+00  1.2865E+00
6.3096E+03  1.1098E+03  1.1104E+03  1.0799E+00  1.2865E+00
1.0000E+04  1.1098E+03  1.1104E+03  1.0799E+00  1.2865E+00
Rosseland and Planck opacities and free electrons
Density     Ross opa    Planck opa  No. Free    Av Sq Free  T=  6.0000E-03
1.0000E-10  4.7270E-01  2.7846E+02  1.0769E+00  1.2458E+00
1.5849E-10  4.9530E-01  2.8865E+02  1.0769E+00  1.2451E+00
2.5119E-10  5.2327E-01  2.8894E+02  1.0768E+00  1.2444E+00
3.9811E-10  5.6049E-01  2.8729E+02  1.0767E+00  1.2436E+00
6.3096E-10  6.1280E-01  2.7747E+02  1.0766E+00  1.2429E+00
1.0000E-09  6.8517E-01  2.6296E+02  1.0765E+00  1.2418E+00
1.5849E-09  7.8992E-01  2.5215E+02  1.0764E+00  1.2410E+00
2.5119E-09  9.3832E-01  2.3502E+02  1.0763E+00  1.2398E+00
3.9811E-09  1.1561E+00  2.3072E+02  1.0762E+00  1.2391E+00
6.3096E-09  1.4713E+00  2.2619E+02  1.0760E+00  1.2380E+00
1.0000E-08  1.9459E+00  2.3208E+02  1.0759E+00  1.2372E+00
1.5849E-08  2.6507E+00  2.4676E+02  1.0758E+00  1.2363E+00
2.5119E-08  3.7454E+00  2.7347E+02  1.0756E+00  1.2354E+00
3.9811E-08  5.4228E+00  3.1890E+02  1.0753E+00  1.2343E+00
6.3096E-08  8.0851E+00  3.8780E+02  1.0750E+00  1.2329E+00
1.0000E-07  1.2304E+01  4.9133E+02  1.0746E+00  1.2313E+00
1.5849E-07  1.8975E+01  6.4759E+02  1.0740E+00  1.2289E+00
2.5119E-07  2.9930E+01  8.6327E+02  1.0732E+00  1.2261E+00
3.9811E-07  4.6831E+01  1.2013E+03  1.0719E+00  1.2218E+00
6.3096E-07  7.5651E+01  1.6616E+03  1.0703E+00  1.2167E+00
1.0000E-06  1.1952E+02  2.3910E+03  1.0676E+00  1.2086E+00
1.5849E-06  1.9374E+02  3.2967E+03  1.0644E+00  1.1989E+00
2.5119E-06  3.0756E+02  4.6891E+03  1.0595E+00  1.1842E+00
3.9811E-06  4.9291E+02  6.3834E+03  1.0539E+00  1.1680E+00
6.3096E-06  7.8106E+02  8.7767E+03  1.0464E+00  1.1463E+00
1.0000E-05  1.2304E+03  1.1624E+04  1.0380E+00  1.1227E+00
1.5849E-05  1.9277E+03  1.4858E+04  1.0297E+00  1.1000E+00
2.5119E-05  2.9888E+03  1.9125E+04  1.0193E+00  1.0719E+00
3.9811E-05  4.5583E+03  2.2927E+04  1.0122E+00  1.0550E+00
6.3096E-05  6.9455E+03  2.8794E+04  1.0013E+00  1.0295E+00
1.0000E-04  1.0166E+04  3.4704E+04  9.9434E-01  1.0177E+00
1.5849E-04  1.5082E+04  4.4071E+04  9.8329E-01  9.9884E-01
2.5119E-04  2.1293E+04  5.4838E+04  9.7283E-01  9.8492E-01
3.9811E-04  3.0445E+04  7.0925E+04  9.5794E-01  9.6667E-01
6.3096E-04  4.1609E+04  9.0208E+04  9.4080E-01  9.4711E-01
1.0000E-03  5.6146E+04  1.1553E+05  9.1907E-01  9.2397E-01
1.5849E-03  7.4607E+04  1.5039E+05  8.8996E-01  8.9329E-01
2.5119E-03  9.3787E+04  1.9061E+05  8.5901E-01  8.6178E-01
3.9811E-03  1.2159E+05  2.5429E+05  8.0997E-01  8.1183E-01
6.3096E-03  1.4083E+05  3.0499E+05  7.7315E-01  7.7471E-01
1.0000E-02  1.6641E+05  3.7874E+05  7.2005E-01  7.2128E-01
1.5849E-02  1.9321E+05  4.6360E+05  6.6158E-01  6.6249E-01
2.5119E-02  2.1125E+05  5.2785E+05  6.2485E-01  6.2564E-01
3.9811E-02  2.3745E+05  6.2914E+05  5.6663E-01  5.6725E-01
6.3096E-02  2.5324E+05  6.9091E+05  5.4563E-01  5.4621E-01
1.0000E-01  2.7145E+05  7.6066E+05  5.2895E-01  5.2952E-01
1.5849E-01  2.8614E+05  7.9125E+05  5.4566E-01  5.4633E-01
2.5119E-01  2.9841E+05  7.7131E+05  5.9881E-01  5.9975E-01
3.9811E-01  2.9760E+05  6.2537E+05  7.0724E-01  7.0909E-01
6.3096E-01  2.6531E+05  4.5750E+05  8.4209E-01  8.4571E-01
1.0000E+00  2.0559E+05  2.9886E+05  9.3999E-01  9.4743E-01
1.5849E+00  1.5139E+05  1.9343E+05  9.9327E-01  1.0067E+00
2.5119E+00  1.1970E+05  1.4113E+05  1.0082E+00  1.0373E+00
3.9811E+00  9.2191E+04  1.0260E+05  1.0219E+00  1.0754E+00
6.3096E+00  6.9395E+04  7.4196E+04  1.0360E+00  1.1228E+00
1.0000E+01  4.9880E+04  5.1915E+04  1.0486E+00  1.1669E+00
1.5849E+01  3.4526E+04  3.5308E+04  1.0589E+00  1.2033E+00
2.5119E+01  2.3718E+04  2.4113E+04  1.0652E+00  1.2264E+00
3.9811E+01  1.5815E+04  1.5979E+04  1.0701E+00  1.2451E+00
6.3096E+01  1.1934E+04  1.2008E+04  1.0734E+00  1.2578E+00
1.0000E+02  9.2007E+03  9.2535E+03  1.0761E+00  1.2678E+00
1.5849E+02  6.2938E+03  6.3198E+03  1.0787E+00  1.2760E+00
2.5119E+02  4.1570E+03  4.1682E+03  1.0792E+00  1.2779E+00
3.9811E+02  2.7825E+03  2.7874E+03  1.0792E+00  1.2788E+00
6.3096E+02  1.8590E+03  1.8611E+03  1.0794E+00  1.2806E+00
1.0000E+03  1.2158E+03  1.2167E+03  1.0797E+00  1.2840E+00
1.5849E+03  8.6564E+02  8.6611E+02  1.0800E+00  1.2879E+00
2.5119E+03  8.6564E+02  8.6611E+02  1.0800E+00  1.2879E+00
3.9811E+03  8.6564E+02  8.6611E+02  1.0800E+00  1.2879E+00
6.3096E+03  8.6564E+02  8.6611E+02  1.0800E+00  1.2879E+00
1.0000E+04  8.6564E+02  8.6611E+02  1.0800E+00  1.2879E+00
Rosseland and Planck opacities and free electrons
Density     Ross opa    Planck opa  No. Free    Av Sq Free  T=  7.0000E-03
1.0000E-10  4.6766E-01  3.5538E+02  1.0776E+00  1.2526E+00
1.5849E-10  4.8523E-01  4.2310E+02  1.0775E+00  1.2513E+00
2.5119E-10  5.0721E-01  4.6119E+02  1.0774E+00  1.2505E+00
3.9811E-10  5.3505E-01  5.1615E+02  1.0773E+00  1.2492E+00
6.3096E-10  5.7235E-01  5.4421E+02  1.0772E+00  1.2483E+00
1.0000E-09  6.2235E-01  5.6648E+02  1.0771E+00  1.2473E+00
1.5849E-09  6.9063E-01  5.7523E+02  1.0770E+00  1.2464E+00
2.5119E-09  7.8584E-01  5.6661E+02  1.0769E+00  1.2456E+00
3.9811E-09  9.2004E-01  5.5094E+02  1.0768E+00  1.2447E+00
6.3096E-09  1.1136E+00  5.2270E+02  1.0767E+00  1.2439E+00
1.0000E-08  1.3939E+00  4.8503E+02  1.0766E+00  1.2428E+00
1.5849E-08  1.8123E+00  4.5168E+02  1.0765E+00  1.2419E+00
2.5119E-08  2.4307E+00  4.0305E+02  1.0763E+00  1.2406E+00
3.9811E-08  3.3884E+00  3.8631E+02  1.0762E+00  1.2397E+00
6.3096E-08  4.8148E+00  3.5978E+02  1.0760E+00  1.2383E+00
1.0000E-07  7.1055E+00  3.7441E+02  1.0758E+00  1.2374E+00
1.5849E-07  1.0557E+01  4.0466E+02  1.0755E+00  1.2360E+00
2.5119E-07  1.6264E+01  4.7626E+02  1.0752E+00  1.2347E+00
3.9811E-07  2.5039E+01  6.0033E+02  1.0748E+00  1.2330E+00
6.3096E-07  3.9667E+01  8.0281E+02  1.0742E+00  1.2308E+00
1.0000E-06  6.2757E+01  1.1294E+03  1.0734E+00  1.2280E+00
1.5849E-06  1.0031E+02  1.6200E+03  1.0722E+00  1.2241E+00
2.5119E-06  1.6091E+02  2.3437E+03  1.0705E+00  1.2190E+00
3.9811E-06  2.5608E+02  3.4290E+03  1.0681E+00  1.2115E+00
6.3096E-06  4.1130E+02  4.8530E+03  1.0649E+00  1.2023E+00
1.0000E-05  6.4808E+02  7.0907E+03  1.0599E+00  1.1879E+00
1.5849E-05  1.0340E+03  9.4028E+03  1.0547E+00  1.1734E+00
2.5119E-05  1.6244E+03  1.3067E+04  1.0464E+00  1.1505E+00
3.9811E-05  2.5338E+03  1.6702E+04  1.0388E+00  1.1305E+00
6.3096E-05  3.9251E+03  2.1849E+04  1.0285E+00  1.1035E+00
1.0000E-04  5.9231E+03  2.7383E+04  1.0184E+00  1.0790E+00
1.5849E-04  8.8513E+03  3.3950E+04  1.0078E+00  1.0556E+00
2.5119E-04  1.2952E+04  4.2336E+04  9.9515E-01  1.0296E+00
3.9811E-04  1.8407E+04  5.1378E+04  9.8398E-01  1.0114E+00
6.3096E-04  2.6192E+04  6.4676E+04  9.6777E-01  9.8564E-01
1.0000E-03  3.5000E+04  7.7774E+04  9.5363E-01  9.6834E-01
1.5849E-03  4.7631E+04  9.8528E+04  9.3121E-01  9.4093E-01
2.5119E-03  5.9769E+04  1.2293E+05  9.0873E-01  9.1650E-01
3.9811E-03  7.5866E+04  1.6006E+05  8.7538E-01  8.8110E-01
6.3096E-03  9.1422E+04  2.0195E+05  8.3881E-01  8.4292E-01
1.0000E-02  1.0646E+05  2.4966E+05  7.9871E-01  8.0203E-01
1.5849E-02  1.2606E+05  3.2054E+05  7.3950E-01  7.4170E-01
2.5119E-02  1.3694E+05  3.6675E+05  7.0894E-01  7.1086E-01
3.9811E-02  1.5257E+05  4.3912E+05  6.6051E-01  6.6199E-01
6.3096E-02  1.6499E+05  4.9857E+05  6.3129E-01  6.3253E-01
1.0000E-01  1.7675E+05  5.5084E+05  6.1850E-01  6.1964E-01
1.5849E-01  1.8860E+05  5.8538E+05  6.2728E-01  6.2846E-01
2.5119E-01  1.9988E+05  5.7199E+05  6.7395E-01  6.7543E-01
3.9811E-01  2.0402E+05  4.8387E+05  7.5805E-01  7.6050E-01
6.3096E-01  1.9231E+05  3.7381E+05  8.6305E-01  8.6760E-01
1.0000E+00  1.6113E+05  2.5595E+05  9.5363E-01  9.6216E-01
1.5849E+00  1.3177E+05  1.8132E+05  9.8846E-01  1.0050E+00
2.5119E+00  1.0598E+05  1.3142E+05  1.0112E+00  1.0432E+00
3.9811E+00  8.4959E+04  9.8041E+04  1.0246E+00  1.0844E+00
6.3096E+00  6.5103E+04  7.1369E+04  1.0374E+00  1.1273E+00
1.0000E+01  4.8306E+04  5.1058E+04  1.0500E+00  1.1717E+00
1.5849E+01  3.3110E+04  3.4108E+04  1.0599E+00  1.2062E+00
2.5119E+01  2.3203E+04  2.3719E+04  1.0669E+00  1.2311E+00
3.9811E+01  1.5477E+04  1.5702E+04  1.0704E+00  1.2452E+00
6.3096E+01  1.0782E+04  1.0875E+04  1.0745E+00  1.2616E+00
1.0000E+02  8.8215E+03  8.8789E+03  1.0778E+00  1.2726E+00
1.5849E+02  6.3313E+03  6.3653E+03  1.0791E+00  1.2774E+00
2.5119E+02  4.2103E+03  4.2257E+03  1.0792E+00  1.2777E+00
3.9811E+02  2.8145E+03  2.8212E+03  1.0792E+00  1.2784E+00
6.3096E+02  1.8668E+03  1.8696E+03  1.0794E+00  1.2803E+00
1.0000E+03  1.2320E+03  1.2332E+03  1.0796E+00  1.2835E+00
1.5849E+03  8.0908E+02  8.0962E+02  1.0800E+00  1.2881E+00
2.5119E+03  7.1988E+02  7.2030E+02  1.0802E+00  1.2899E+00
3.9811E+03  7.1988E+02  7.2030E+02  1.0802E+00  1.2899E+00
6.3096E+03  7.1988E+02  7.2030E+02  1.0802E+00  1.2899E+00
1.0000E+04  7.1988E+02  7.2030E+02  1.0802E+00  1.2899E+00
Rosseland and Planck opacities and free electrons
Density     Ross opa    Planck opa  No. Free    Av Sq Free  T=  8.0000E-03
1.0000E-10  4.7881E-01  7.7402E+01  1.0780E+00  1.2568E+00
1.5849E-10  4.9014E-01  7.8251E+01  1.0779E+00  1.2563E+00
2.5119E-10  5.0567E-01  7.9167E+01  1.0779E+00  1.2558E+00
3.9811E-10  5.2926E-01  8.0092E+01  1.0778E+00  1.2551E+00
6.3096E-10  5.5865E-01  8.1283E+01  1.0777E+00  1.2543E+00
1.0000E-09  5.9692E-01  8.2484E+01  1.0777E+00  1.2534E+00
1.5849E-09  6.4733E-01  8.4297E+01  1.0775E+00  1.2522E+00
2.5119E-09  7.1880E-01  8.6589E+01  1.0774E+00  1.2512E+00
3.9811E-09  8.1533E-01  9.0220E+01  1.0773E+00  1.2497E+00
6.3096E-09  9.5423E-01  9.5582E+01  1.0772E+00  1.2489E+00
1.0000E-08  1.1487E+00  1.0407E+02  1.0771E+00  1.2476E+00
1.5849E-08  1.4327E+00  1.1609E+02  1.0770E+00  1.2467E+00
2.5119E-08  1.8440E+00  1.3473E+02  1.0769E+00  1.2456E+00
3.9811E-08  2.4594E+00  1.5894E+02  1.0767E+00  1.2446E+00
6.3096E-08  3.3771E+00  1.9364E+02  1.0766E+00  1.2435E+00
1.0000E-07  4.7996E+00  2.3887E+02  1.0764E+00  1.2424E+00
1.5849E-07  6.9920E+00  2.9697E+02  1.0763E+00  1.2412E+00
2.5119E-07  1.0425E+01  3.7826E+02  1.0760E+00  1.2397E+00
3.9811E-07  1.5879E+01  4.7573E+02  1.0758E+00  1.2385E+00
6.3096E-07  2.4352E+01  6.2501E+02  1.0754E+00  1.2367E+00
1.0000E-06  3.8543E+01  8.1776E+02  1.0750E+00  1.2352E+00
1.5849E-06  5.9977E+01  1.1233E+03  1.0744E+00  1.2328E+00
2.5119E-06  9.7362E+01  1.5133E+03  1.0737E+00  1.2304E+00
3.9811E-06  1.5381E+02  2.1263E+03  1.0726E+00  1.2267E+00
6.3096E-06  2.4945E+02  2.8966E+03  1.0711E+00  1.2223E+00
1.0000E-05  3.9605E+02  4.0466E+03  1.0689E+00  1.2157E+00
1.5849E-05  6.3377E+02  5.5187E+03  1.0659E+00  1.2074E+00
2.5119E-05  1.0033E+03  7.5582E+03  1.0617E+00  1.1958E+00
3.9811E-05  1.5811E+03  1.0339E+04  1.0561E+00  1.1807E+00
6.3096E-05  2.4757E+03  1.3926E+04  1.0494E+00  1.1629E+00
1.0000E-04  3.8268E+03  1.9033E+04  1.0399E+00  1.1383E+00
1.5849E-04  5.7800E+03  2.4260E+04  1.0310E+00  1.1171E+00
2.5119E-04  8.7408E+03  3.2543E+04  1.0169E+00  1.0836E+00
3.9811E-04  1.2427E+04  3.9207E+04  1.0072E+00  1.0642E+00
6.3096E-04  1.7870E+04  4.9603E+04  9.9223E-01  1.0343E+00
1.0000E-03  2.4234E+04  5.9352E+04  9.7872E-01  1.0117E+00
1.5849E-03  3.2565E+04  7.1928E+04  9.6168E-01  9.8643E-01
2.5119E-03  4.1882E+04  8.8750E+04  9.4109E-01  9.5870E-01
3.9811E-03  5.1929E+04  1.1140E+05  9.1671E-01  9.3063E-01
6.3096E-03  6.4032E+04  1.4361E+05  8.8234E-01  8.9148E-01
1.0000E-02  7.3159E+04  1.7396E+05  8.5217E-01  8.5982E-01
1.5849E-02  8.5498E+04  2.2187E+05  8.0436E-01  8.0963E-01
2.5119E-02  9.4050E+04  2.6126E+05  7.7128E-01  7.7543E-01
3.9811E-02  1.0350E+05  3.1066E+05  7.3341E-01  7.3667E-01
6.3096E-02  1.1294E+05  3.6307E+05  6.9943E-01  7.0187E-01
1.0000E-01  1.2050E+05  4.0018E+05  6.9157E-01  6.9375E-01
1.5849E-01  1.2942E+05  4.3405E+05  6.9425E-01  6.9627E-01
2.5119E-01  1.3755E+05  4.2397E+05  7.3547E-01  7.3782E-01
3.9811E-01  1.4312E+05  3.7380E+05  8.0060E-01  8.0400E-01
6.3096E-01  1.4159E+05  3.0567E+05  8.8475E-01  8.9042E-01
1.0000E+00  1.2824E+05  2.2425E+05  9.5884E-01  9.6893E-01
1.5849E+00  1.1091E+05  1.6425E+05  9.9461E-01  1.0138E+00
2.5119E+00  9.3629E+04  1.2242E+05  1.0139E+00  1.0499E+00
3.9811E+00  7.7619E+04  9.3393E+04  1.0254E+00  1.0876E+00
6.3096E+00  6.0671E+04  6.8280E+04  1.0382E+00  1.1301E+00
1.0000E+01  4.5605E+04  4.9157E+04  1.0508E+00  1.1736E+00
1.5849E+01  3.2166E+04  3.3638E+04  1.0607E+00  1.2085E+00
2.5119E+01  2.2227E+04  2.2811E+04  1.0677E+00  1.2336E+00
3.9811E+01  1.5240E+04  1.5537E+04  1.0714E+00  1.2477E+00
6.3096E+01  1.0266E+04  1.0386E+04  1.0744E+00  1.2608E+00
1.0000E+02  7.9032E+03  7.9568E+03  1.0769E+00  1.2700E+00
1.5849E+02  6.2508E+03  6.2928E+03  1.0791E+00  1.2773E+00
2.5119E+02  4.2851E+03  4.3056E+03  1.0792E+00  1.2777E+00
3.9811E+02  2.8417E+03  2.8504E+03  1.0792E+00  1.2787E+00
6.3096E+02  1.8911E+03  1.8948E+03  1.0794E+00  1.2808E+00
1.0000E+03  1.2455E+03  1.2471E+03  1.0798E+00  1.2852E+00
1.5849E+03  8.2146E+02  8.2216E+02  1.0801E+00  1.2888E+00
2.5119E+03  6.0405E+02  6.0443E+02  1.0804E+00  1.2925E+00
3.9811E+03  6.0405E+02  6.0443E+02  1.0804E+00  1.2925E+00
6.3096E+03  6.0405E+02  6.0443E+02  1.0804E+00  1.2925E+00
1.0000E+04  6.0405E+02  6.0443E+02  1.0804E+00  1.2925E+00
Rosseland and Planck opacities and free electrons
Density     Ross opa    Planck opa  No. Free    Av Sq Free  T=  9.0000E-03
1.0000E-10  5.2771E-01  4.3811E+01  1.0781E+00  1.2587E+00
1.5849E-10  5.3877E-01  4.2340E+01  1.0781E+00  1.2584E+00
2.5119E-10  5.4905E-01  4.0298E+01  1.0781E+00  1.2580E+00
3.9811E-10  5.6967E-01  3.9657E+01  1.0780E+00  1.2577E+00
6.3096E-10  5.9300E-01  3.8642E+01  1.0780E+00  1.2572E+00
1.0000E-09  6.2473E-01  3.9558E+01  1.0780E+00  1.2569E+00
1.5849E-09  6.6479E-01  4.1167E+01  1.0779E+00  1.2563E+00
2.5119E-09  7.2143E-01  4.3905E+01  1.0779E+00  1.2557E+00
3.9811E-09  7.9864E-01  4.8312E+01  1.0778E+00  1.2549E+00
6.3096E-09  9.0749E-01  5.3535E+01  1.0777E+00  1.2540E+00
1.0000E-08  1.0621E+00  6.0390E+01  1.0776E+00  1.2529E+00
1.5849E-08  1.2818E+00  6.8949E+01  1.0775E+00  1.2517E+00
2.5119E-08  1.6017E+00  7.8769E+01  1.0774E+00  1.2505E+00
3.9811E-08  2.0660E+00  9.2415E+01  1.0772E+00  1.2490E+00
6.3096E-08  2.7620E+00  1.0731E+02  1.0771E+00  1.2480E+00
1.0000E-07  3.7902E+00  1.3006E+02  1.0769E+00  1.2465E+00
1.5849E-07  5.3903E+00  1.5533E+02  1.0768E+00  1.2456E+00
2.5119E-07  7.7642E+00  1.9539E+02  1.0766E+00  1.2441E+00
3.9811E-07  1.1620E+01  2.4043E+02  1.0764E+00  1.2430E+00
6.3096E-07  1.7411E+01  3.0981E+02  1.0762E+00  1.2415E+00
1.0000E-06  2.7063E+01  3.9325E+02  1.0759E+00  1.2400E+00
1.5849E-06  4.1830E+01  5.1430E+02  1.0755E+00  1.2382E+00
2.5119E-06  6.6391E+01  6.7638E+02  1.0750E+00  1.2363E+00
3.9811E-06  1.0479E+02  9.0558E+02  1.0744E+00  1.2340E+00
6.3096E-06  1.6731E+02  1.2552E+03  1.0735E+00  1.2310E+00
1.0000E-05  2.6705E+02  1.7836E+03  1.0723E+00  1.2274E+00
1.5849E-05  4.2379E+02  2.6008E+03  1.0705E+00  1.2222E+00
2.5119E-05  6.7809E+02  3.8068E+03  1.0682E+00  1.2159E+00
3.9811E-05  1.0642E+03  5.6976E+03  1.0647E+00  1.2061E+00
6.3096E-05  1.6865E+03  8.0528E+03  1.0606E+00  1.1955E+00
1.0000E-04  2.6233E+03  1.1785E+04  1.0541E+00  1.1786E+00
1.5849E-04  4.0038E+03  1.5853E+04  1.0472E+00  1.1616E+00
2.5119E-04  6.0584E+03  2.1869E+04  1.0371E+00  1.1371E+00
3.9811E-04  8.7634E+03  2.7731E+04  1.0268E+00  1.1132E+00
6.3096E-04  1.2478E+04  3.4300E+04  1.0145E+00  1.0864E+00
1.0000E-03  1.7371E+04  4.2942E+04  9.9981E-01  1.0562E+00
1.5849E-03  2.3167E+04  5.3270E+04  9.8572E-01  1.0319E+00
2.5119E-03  3.0693E+04  6.8351E+04  9.6524E-01  9.9750E-01
3.9811E-03  3.7226E+04  8.3091E+04  9.4618E-01  9.7310E-01
6.3096E-03  4.6010E+04  1.0640E+05  9.1598E-01  9.3441E-01
1.0000E-02  5.2503E+04  1.2802E+05  8.8997E-01  9.0474E-01
1.5849E-02  6.0212E+04  1.5892E+05  8.5336E-01  8.6438E-01
2.5119E-02  6.7259E+04  1.9225E+05  8.1763E-01  8.2550E-01
3.9811E-02  7.3132E+04  2.2535E+05  7.8897E-01  7.9532E-01
6.3096E-02  8.0276E+04  2.6892E+05  7.5325E-01  7.5767E-01
1.0000E-01  8.5131E+04  2.9427E+05  7.4985E-01  7.5376E-01
1.5849E-01  9.1695E+04  3.2468E+05  7.4926E-01  7.5254E-01
2.5119E-01  9.7352E+04  3.1756E+05  7.8453E-01  7.8816E-01
3.9811E-01  1.0291E+05  2.9147E+05  8.3671E-01  8.4135E-01
6.3096E-01  1.0581E+05  2.5065E+05  9.0793E-01  9.1495E-01
1.0000E+00  1.0166E+05  1.9413E+05  9.7049E-01  9.8229E-01
1.5849E+00  9.2989E+04  1.4793E+05  1.0008E+00  1.0218E+00
2.5119E+00  8.2716E+04  1.1559E+05  1.0138E+00  1.0536E+00
3.9811E+00  7.0357E+04  8.8557E+04  1.0266E+00  1.0913E+00
6.3096E+00  5.6658E+04  6.5841E+04  1.0400E+00  1.1361E+00
1.0000E+01  4.3501E+04  4.7899E+04  1.0525E+00  1.1797E+00
1.5849E+01  3.1568E+04  3.3443E+04  1.0618E+00  1.2119E+00
2.5119E+01  2.1397E+04  2.2116E+04  1.0681E+00  1.2345E+00
3.9811E+01  1.5101E+04  1.5488E+04  1.0724E+00  1.2504E+00
6.3096E+01  1.0042E+04  1.0196E+04  1.0744E+00  1.2599E+00
1.0000E+02  7.2451E+03  7.3089E+03  1.0768E+00  1.2699E+00
1.5849E+02  5.9706E+03  6.0086E+03  1.0788E+00  1.2763E+00
2.5119E+02  4.3040E+03  4.3293E+03  1.0792E+00  1.2776E+00
3.9811E+02  2.8654E+03  2.8766E+03  1.0792E+00  1.2787E+00
6.3096E+02  1.9214E+03  1.9262E+03  1.0794E+00  1.2808E+00
1.0000E+03  1.2698E+03  1.2718E+03  1.0798E+00  1.2849E+00
1.5849E+03  8.3753E+02  8.3843E+02  1.0801E+00  1.2895E+00
2.5119E+03  5.4353E+02  5.4391E+02  1.0805E+00  1.2948E+00
3.9811E+03  5.2579E+02  5.2615E+02  1.0806E+00  1.2955E+00
6.3096E+03  5.2579E+02  5.2615E+02  1.0806E+00  1.2955E+00
1.0000E+04  5.2579E+02  5.2615E+02  1.0806E+00  1.2955E+00
Rosseland and Planck opacities and free electrons
Density     Ross opa    Planck opa  No. Free    Av Sq Free  T=  1.0000E-02
1.0000E-10  6.0835E-01  3.7597E+01  1.0783E+00  1.2605E+00
1.5849E-10  6.2077E-01  3.6373E+01  1.0782E+00  1.2603E+00
2.5119E-10  6.3171E-01  3.4744E+01  1.0782E+00  1.2598E+00
3.9811E-10  6.4883E-01  3.5128E+01  1.0782E+00  1.2595E+00
6.3096E-10  6.7044E-01  3.6779E+01  1.0781E+00  1.2591E+00
1.0000E-09  6.9721E-01  4.0101E+01  1.0781E+00  1.2587E+00
1.5849E-09  7.3348E-01  4.5933E+01  1.0781E+00  1.2583E+00
2.5119E-09  7.7984E-01  5.4306E+01  1.0780E+00  1.2578E+00
3.9811E-09  8.4815E-01  6.6169E+01  1.0780E+00  1.2574E+00
6.3096E-09  9.3756E-01  8.2786E+01  1.0780E+00  1.2569E+00
1.0000E-08  1.0691E+00  1.0150E+02  1.0779E+00  1.2563E+00
1.5849E-08  1.2453E+00  1.2946E+02  1.0778E+00  1.2555E+00
2.5119E-08  1.5078E+00  1.5291E+02  1.0777E+00  1.2547E+00
3.9811E-08  1.8677E+00  1.9007E+02  1.0776E+00  1.2535E+00
6.3096E-08  2.4184E+00  2.1669E+02  1.0775E+00  1.2525E+00
1.0000E-07  3.2081E+00  2.5549E+02  1.0774E+00  1.2511E+00
1.5849E-07  4.4330E+00  2.8506E+02  1.0772E+00  1.2498E+00
2.5119E-07  6.2666E+00  3.1861E+02  1.0771E+00  1.2484E+00
3.9811E-07  9.1392E+00  3.5211E+02  1.0769E+00  1.2470E+00
6.3096E-07  1.3536E+01  3.8716E+02  1.0767E+00  1.2457E+00
1.0000E-06  2.0498E+01  4.3457E+02  1.0764E+00  1.2441E+00
1.5849E-06  3.1493E+01  4.9472E+02  1.0762E+00  1.2426E+00
2.5119E-06  4.8813E+01  5.8555E+02  1.0758E+00  1.2407E+00
3.9811E-06  7.7138E+01  7.1081E+02  1.0753E+00  1.2389E+00
6.3096E-06  1.2039E+02  9.0837E+02  1.0747E+00  1.2363E+00
1.0000E-05  1.9353E+02  1.2018E+03  1.0739E+00  1.2339E+00
1.5849E-05  3.0321E+02  1.6670E+03  1.0727E+00  1.2301E+00
2.5119E-05  4.8761E+02  2.3550E+03  1.0713E+00  1.2260E+00
3.9811E-05  7.6389E+02  3.4372E+03  1.0691E+00  1.2199E+00
6.3096E-05  1.2072E+03  4.9340E+03  1.0663E+00  1.2125E+00
1.0000E-04  1.8725E+03  7.1903E+03  1.0623E+00  1.2020E+00
1.5849E-04  2.8627E+03  1.0180E+04  1.0570E+00  1.1888E+00
2.5119E-04  4.3028E+03  1.4222E+04  1.0501E+00  1.1720E+00
3.9811E-04  6.3162E+03  1.9473E+04  1.0409E+00  1.1500E+00
6.3096E-04  8.8998E+03  2.4534E+04  1.0314E+00  1.1285E+00
1.0000E-03  1.2629E+04  3.2233E+04  1.0172E+00  1.0965E+00
1.5849E-03  1.6622E+04  4.0090E+04  1.0053E+00  1.0741E+00
2.5119E-03  2.2224E+04  5.2537E+04  9.8657E-01  1.0387E+00
3.9811E-03  2.7027E+04  6.4032E+04  9.6914E-01  1.0122E+00
6.3096E-03  3.2936E+04  8.0285E+04  9.4444E-01  9.7721E-01
1.0000E-02  3.8439E+04  9.8219E+04  9.1819E-01  9.4268E-01
1.5849E-02  4.3483E+04  1.1877E+05  8.8951E-01  9.0892E-01
2.5119E-02  4.9352E+04  1.4610E+05  8.5284E-01  8.6603E-01
3.9811E-02  5.3146E+04  1.6826E+05  8.3148E-01  8.4244E-01
6.3096E-02  5.8552E+04  2.0237E+05  7.9763E-01  8.0505E-01
1.0000E-01  6.1860E+04  2.2044E+05  7.9595E-01  8.0240E-01
1.5849E-01  6.6553E+04  2.4465E+05  7.9575E-01  8.0091E-01
2.5119E-01  7.0688E+04  2.4142E+05  8.2380E-01  8.2915E-01
3.9811E-01  7.5686E+04  2.3013E+05  8.6733E-01  8.7352E-01
6.3096E-01  7.9847E+04  2.0537E+05  9.2525E-01  9.3402E-01
1.0000E+00  8.0730E+04  1.6914E+05  9.7151E-01  9.8545E-01
1.5849E+00  7.8174E+04  1.3548E+05  1.0014E+00  1.0249E+00
2.5119E+00  7.2222E+04  1.0855E+05  1.0154E+00  1.0573E+00
3.9811E+00  6.3505E+04  8.3874E+04  1.0282E+00  1.0964E+00
6.3096E+00  5.2860E+04  6.3850E+04  1.0415E+00  1.1409E+00
1.0000E+01  4.0859E+04  4.5981E+04  1.0522E+00  1.1783E+00
1.5849E+01  3.0254E+04  3.2606E+04  1.0620E+00  1.2126E+00
2.5119E+01  2.0621E+04  2.1532E+04  1.0689E+00  1.2369E+00
3.9811E+01  1.4747E+04  1.5183E+04  1.0728E+00  1.2520E+00
6.3096E+01  9.9116E+03  1.0107E+04  1.0756E+00  1.2628E+00
1.0000E+02  6.8321E+03  6.9095E+03  1.0791E+00  1.2757E+00
1.5849E+02  5.4575E+03  5.4937E+03  1.0791E+00  1.2767E+00
2.5119E+02  4.2748E+03  4.3048E+03  1.0792E+00  1.2778E+00
3.9811E+02  2.8941E+03  2.9081E+03  1.0792E+00  1.2788E+00
6.3096E+02  1.9303E+03  1.9363E+03  1.0794E+00  1.2807E+00
1.0000E+03  1.2782E+03  1.2807E+03  1.0797E+00  1.2840E+00
1.5849E+03  8.5370E+02  8.5482E+02  1.0802E+00  1.2902E+00
2.5119E+03  5.5679E+02  5.5727E+02  1.0811E+00  1.3036E+00
3.9811E+03  4.6820E+02  4.6854E+02  1.0817E+00  1.3117E+00
6.3096E+03  4.6820E+02  4.6854E+02  1.0817E+00  1.3117E+00
1.0000E+04  4.6820E+02  4.6854E+02  1.0817E+00  1.3117E+00
Rosseland and Planck opacities and free electrons
Density     Ross opa    Planck opa  No. Free    Av Sq Free  T=  1.2500E-02
1.0000E-10  8.0568E-01  5.2195E+01  1.0786E+00  1.2653E+00
1.5849E-10  8.3569E-01  5.0521E+01  1.0786E+00  1.2649E+00
2.5119E-10  8.7332E-01  4.8001E+01  1.0785E+00  1.2645E+00
3.9811E-10  9.0851E-01  4.4181E+01  1.0785E+00  1.2640E+00
6.3096E-10  9.5463E-01  4.1909E+01  1.0785E+00  1.2636E+00
1.0000E-09  1.0015E+00  3.8307E+01  1.0784E+00  1.2630E+00
1.5849E-09  1.0574E+00  3.7678E+01  1.0784E+00  1.2626E+00
2.5119E-09  1.1213E+00  3.7522E+01  1.0784E+00  1.2620E+00
3.9811E-09  1.2005E+00  4.0038E+01  1.0783E+00  1.2616E+00
6.3096E-09  1.3028E+00  4.5432E+01  1.0783E+00  1.2611E+00
1.0000E-08  1.4300E+00  5.2747E+01  1.0782E+00  1.2606E+00
1.5849E-08  1.6047E+00  6.3015E+01  1.0782E+00  1.2601E+00
2.5119E-08  1.8239E+00  7.5402E+01  1.0782E+00  1.2596E+00
3.9811E-08  2.1374E+00  8.6616E+01  1.0781E+00  1.2591E+00
6.3096E-08  2.5385E+00  1.0166E+02  1.0781E+00  1.2585E+00
1.0000E-07  3.1394E+00  1.1141E+02  1.0780E+00  1.2580E+00
1.5849E-07  3.9325E+00  1.2659E+02  1.0779E+00  1.2572E+00
2.5119E-07  5.1663E+00  1.3782E+02  1.0779E+00  1.2565E+00
3.9811E-07  6.8819E+00  1.5562E+02  1.0777E+00  1.2555E+00
6.3096E-07  9.5568E+00  1.7582E+02  1.0776E+00  1.2545E+00
1.0000E-06  1.3478E+01  2.0610E+02  1.0774E+00  1.2531E+00
1.5849E-06  1.9707E+01  2.4224E+02  1.0772E+00  1.2517E+00
2.5119E-06  2.9189E+01  2.9253E+02  1.0770E+00  1.2500E+00
3.9811E-06  4.4273E+01  3.5546E+02  1.0767E+00  1.2482E+00
6.3096E-06  6.7722E+01  4.3475E+02  1.0763E+00  1.2464E+00
1.0000E-05  1.0452E+02  5.5013E+02  1.0759E+00  1.2441E+00
1.5849E-05  1.6229E+02  7.0717E+02  1.0753E+00  1.2420E+00
2.5119E-05  2.5082E+02  9.5063E+02  1.0745E+00  1.2389E+00
3.9811E-05  3.9053E+02  1.3005E+03  1.0736E+00  1.2360E+00
6.3096E-05  5.9687E+02  1.8551E+03  1.0721E+00  1.2314E+00
1.0000E-04  9.1099E+02  2.5970E+03  1.0704E+00  1.2269E+00
1.5849E-04  1.3577E+03  3.7702E+03  1.0677E+00  1.2199E+00
2.5119E-04  1.9706E+03  5.3024E+03  1.0645E+00  1.2121E+00
3.9811E-04  2.8166E+03  7.6304E+03  1.0599E+00  1.2007E+00
6.3096E-04  3.9035E+03  1.0428E+04  1.0543E+00  1.1874E+00
1.0000E-03  5.3423E+03  1.4151E+04  1.0469E+00  1.1701E+00
1.5849E-03  7.1441E+03  1.9141E+04  1.0371E+00  1.1484E+00
2.5119E-03  9.2263E+03  2.5375E+04  1.0255E+00  1.1248E+00
3.9811E-03  1.2023E+04  3.4198E+04  1.0088E+00  1.0918E+00
6.3096E-03  1.4350E+04  4.1943E+04  9.9277E-01  1.0651E+00
1.0000E-02  1.7860E+04  5.4196E+04  9.6738E-01  1.0229E+00
1.5849E-02  2.0156E+04  6.3183E+04  9.4889E-01  9.9605E-01
2.5119E-02  2.3264E+04  7.6131E+04  9.2223E-01  9.5835E-01
3.9811E-02  2.5834E+04  8.7877E+04  9.0214E-01  9.3016E-01
6.3096E-02  2.8207E+04  1.0022E+05  8.8634E-01  9.0835E-01
1.0000E-01  3.0680E+04  1.1295E+05  8.7542E-01  8.9180E-01
1.5849E-01  3.2695E+04  1.2246E+05  8.8090E-01  8.9466E-01
2.5119E-01  3.5216E+04  1.2815E+05  8.9403E-01  9.0584E-01
3.9811E-01  3.8195E+04  1.3004E+05  9.2179E-01  9.3393E-01
6.3096E-01  4.1954E+04  1.2800E+05  9.5248E-01  9.6718E-01
1.0000E+00  4.6317E+04  1.2060E+05  9.8608E-01  1.0063E+00
1.5849E+00  4.9935E+04  1.0787E+05  1.0082E+00  1.0385E+00
2.5119E+00  5.0735E+04  9.1450E+04  1.0203E+00  1.0681E+00
3.9811E+00  4.8004E+04  7.3688E+04  1.0310E+00  1.1048E+00
6.3096E+00  4.2631E+04  5.7153E+04  1.0425E+00  1.1443E+00
1.0000E+01  3.5346E+04  4.2779E+04  1.0546E+00  1.1862E+00
1.5849E+01  2.7233E+04  3.0662E+04  1.0638E+00  1.2179E+00
2.5119E+01  1.9748E+04  2.1286E+04  1.0701E+00  1.2404E+00
3.9811E+01  1.3461E+04  1.4078E+04  1.0735E+00  1.2534E+00
6.3096E+01  9.7319E+03  1.0055E+04  1.0759E+00  1.2631E+00
1.0000E+02  6.4283E+03  6.5543E+03  1.0775E+00  1.2688E+00
1.5849E+02  4.5989E+03  4.6490E+03  1.0790E+00  1.2747E+00
2.5119E+02  3.7523E+03  3.7767E+03  1.0791E+00  1.2759E+00
3.9811E+02  2.9199E+03  2.9413E+03  1.0792E+00  1.2775E+00
6.3096E+02  1.9685E+03  1.9781E+03  1.0794E+00  1.2805E+00
1.0000E+03  1.3172E+03  1.3212E+03  1.0799E+00  1.2857E+00
1.5849E+03  8.6669E+02  8.6837E+02  1.0801E+00  1.2893E+00
2.5119E+03  5.6852E+02  5.6927E+02  1.0806E+00  1.2966E+00
3.9811E+03  3.7495E+02  3.7527E+02  1.0816E+00  1.3122E+00
6.3096E+03  3.5262E+02  3.5290E+02  1.0818E+00  1.3155E+00
1.0000E+04  3.5262E+02  3.5290E+02  1.0818E+00  1.3155E+00
Rosseland and Planck opacities and free electrons
Density     Ross opa    Planck opa  No. Free    Av Sq Free  T=  1.5000E-02
1.0000E-10  7.0409E-01  3.9756E+01  1.0788E+00  1.2689E+00
1.5849E-10  7.4754E-01  4.3165E+01  1.0788E+00  1.2684E+00
2.5119E-10  7.9514E-01  4.6239E+01  1.0787E+00  1.2680E+00
3.9811E-10  8.5059E-01  4.9413E+01  1.0787E+00  1.2676E+00
6.3096E-10  9.1334E-01  5.2488E+01  1.0787E+00  1.2672E+00
1.0000E-09  9.8845E-01  5.4482E+01  1.0787E+00  1.2668E+00
1.5849E-09  1.0746E+00  5.6711E+01  1.0786E+00  1.2663E+00
2.5119E-09  1.1763E+00  5.7356E+01  1.0786E+00  1.2660E+00
3.9811E-09  1.2951E+00  5.8224E+01  1.0786E+00  1.2654E+00
6.3096E-09  1.4377E+00  5.8143E+01  1.0786E+00  1.2650E+00
1.0000E-08  1.6116E+00  5.8013E+01  1.0785E+00  1.2644E+00
1.5849E-08  1.8274E+00  5.7238E+01  1.0785E+00  1.2640E+00
2.5119E-08  2.1024E+00  5.5969E+01  1.0784E+00  1.2633E+00
3.9811E-08  2.4559E+00  5.5279E+01  1.0784E+00  1.2628E+00
6.3096E-08  2.9226E+00  5.4666E+01  1.0783E+00  1.2622E+00
1.0000E-07  3.5355E+00  5.5342E+01  1.0783E+00  1.2616E+00
1.5849E-07  4.3631E+00  5.7772E+01  1.0782E+00  1.2610E+00
2.5119E-07  5.4556E+00  6.1876E+01  1.0782E+00  1.2603E+00
3.9811E-07  6.9569E+00  6.8798E+01  1.0781E+00  1.2597E+00
6.3096E-07  8.9648E+00  7.8970E+01  1.0780E+00  1.2589E+00
1.0000E-06  1.1863E+01  9.2204E+01  1.0779E+00  1.2582E+00
1.5849E-06  1.5859E+01  1.1264E+02  1.0778E+00  1.2572E+00
2.5119E-06  2.2064E+01  1.3787E+02  1.0777E+00  1.2563E+00
3.9811E-06  3.0942E+01  1.7787E+02  1.0775E+00  1.2549E+00
6.3096E-06  4.5170E+01  2.2708E+02  1.0772E+00  1.2537E+00
1.0000E-05  6.6212E+01  3.0344E+02  1.0769E+00  1.2517E+00
1.5849E-05  9.9341E+01  3.9657E+02  1.0765E+00  1.2499E+00
2.5119E-05  1.4903E+02  5.3204E+02  1.0760E+00  1.2475E+00
3.9811E-05  2.2470E+02  7.0692E+02  1.0753E+00  1.2449E+00
6.3096E-05  3.3575E+02  9.4618E+02  1.0745E+00  1.2419E+00
1.0000E-04  4.9637E+02  1.2890E+03  1.0734E+00  1.2382E+00
1.5849E-04  7.1803E+02  1.7619E+03  1.0719E+00  1.2340E+00
2.5119E-04  1.0216E+03  2.4773E+03  1.0698E+00  1.2281E+00
3.9811E-04  1.3933E+03  3.4547E+03  1.0673E+00  1.2219E+00
6.3096E-04  1.8994E+03  4.9866E+03  1.0636E+00  1.2123E+00
1.0000E-03  2.4635E+03  6.7347E+03  1.0595E+00  1.2027E+00
1.5849E-03  3.2572E+03  9.5037E+03  1.0530E+00  1.1875E+00
2.5119E-03  4.1035E+03  1.2798E+04  1.0453E+00  1.1714E+00
3.9811E-03  5.2989E+03  1.7747E+04  1.0337E+00  1.1479E+00
6.3096E-03  6.5710E+03  2.3152E+04  1.0206E+00  1.1231E+00
1.0000E-02  8.1094E+03  2.9825E+04  1.0039E+00  1.0933E+00
1.5849E-02  9.9240E+03  3.7836E+04  9.8426E-01  1.0589E+00
2.5119E-02  1.1518E+04  4.5109E+04  9.6782E-01  1.0316E+00
3.9811E-02  1.3766E+04  5.5475E+04  9.4507E-01  9.9367E-01
6.3096E-02  1.5145E+04  6.2642E+04  9.3768E-01  9.7911E-01
1.0000E-01  1.7291E+04  7.3695E+04  9.2598E-01  9.5603E-01
1.5849E-01  1.8665E+04  8.0574E+04  9.3071E-01  9.5691E-01
2.5119E-01  2.0714E+04  8.9275E+04  9.3912E-01  9.5977E-01
3.9811E-01  2.2725E+04  9.2770E+04  9.5473E-01  9.7552E-01
6.3096E-01  2.5553E+04  9.6752E+04  9.7628E-01  9.9828E-01
1.0000E+00  2.8916E+04  9.4470E+04  9.9569E-01  1.0232E+00
1.5849E+00  3.2305E+04  8.7838E+04  1.0110E+00  1.0486E+00
2.5119E+00  3.5027E+04  7.7832E+04  1.0229E+00  1.0766E+00
3.9811E+00  3.5575E+04  6.4438E+04  1.0331E+00  1.1091E+00
6.3096E+00  3.4115E+04  5.1384E+04  1.0456E+00  1.1526E+00
1.0000E+01  2.9756E+04  3.9402E+04  1.0552E+00  1.1858E+00
1.5849E+01  2.3906E+04  2.8503E+04  1.0639E+00  1.2163E+00
2.5119E+01  1.8249E+04  2.0454E+04  1.0705E+00  1.2400E+00
3.9811E+01  1.2830E+04  1.3794E+04  1.0741E+00  1.2542E+00
6.3096E+01  9.0206E+03  9.4054E+03  1.0763E+00  1.2639E+00
1.0000E+02  6.3004E+03  6.4924E+03  1.0774E+00  1.2687E+00
1.5849E+02  4.2378E+03  4.3110E+03  1.0786E+00  1.2736E+00
2.5119E+02  3.2161E+03  3.2467E+03  1.0791E+00  1.2761E+00
3.9811E+02  2.7006E+03  2.7175E+03  1.0792E+00  1.2778E+00
6.3096E+02  2.0007E+03  2.0147E+03  1.0794E+00  1.2803E+00
1.0000E+03  1.3277E+03  1.3336E+03  1.0797E+00  1.2838E+00
1.5849E+03  8.8501E+02  8.8750E+02  1.0801E+00  1.2889E+00
2.5119E+03  5.8787E+02  5.8891E+02  1.0806E+00  1.2952E+00
3.9811E+03  3.8425E+02  3.8472E+02  1.0812E+00  1.3056E+00
6.3096E+03  2.7813E+02  2.7837E+02  1.0818E+00  1.3174E+00
1.0000E+04  2.7813E+02  2.7837E+02  1.0818E+00  1.3174E+00
Rosseland and Planck opacities and free electrons
Density     Ross opa    Planck opa  No. Free    Av Sq Free  T=  2.0000E-02
1.0000E-10  4.3162E-01  1.1808E+01  1.0794E+00  1.2781E+00
1.5849E-10  4.4902E-01  1.3914E+01  1.0794E+00  1.2776E+00
2.5119E-10  4.6837E-01  1.6897E+01  1.0794E+00  1.2770E+00
3.9811E-10  4.9282E-01  1.9538E+01  1.0793E+00  1.2765E+00
6.3096E-10  5.2123E-01  2.2586E+01  1.0793E+00  1.2759E+00
1.0000E-09  5.5578E-01  2.5421E+01  1.0793E+00  1.2753E+00
1.5849E-09  5.9694E-01  2.7646E+01  1.0792E+00  1.2746E+00
2.5119E-09  6.4632E-01  2.9913E+01  1.0792E+00  1.2738E+00
3.9811E-09  7.0796E-01  3.0605E+01  1.0791E+00  1.2731E+00
6.3096E-09  7.8286E-01  3.1473E+01  1.0790E+00  1.2721E+00
1.0000E-08  8.7681E-01  3.1544E+01  1.0790E+00  1.2715E+00
1.5849E-08  9.9413E-01  3.1663E+01  1.0789E+00  1.2704E+00
2.5119E-08  1.1460E+00  3.2706E+01  1.0789E+00  1.2699E+00
3.9811E-08  1.3455E+00  3.4360E+01  1.0788E+00  1.2690E+00
6.3096E-08  1.6088E+00  3.6858E+01  1.0788E+00  1.2684E+00
1.0000E-07  1.9699E+00  4.0786E+01  1.0787E+00  1.2678E+00
1.5849E-07  2.4544E+00  4.4954E+01  1.0787E+00  1.2672E+00
2.5119E-07  3.1224E+00  5.0269E+01  1.0786E+00  1.2666E+00
3.9811E-07  4.0236E+00  5.6216E+01  1.0786E+00  1.2659E+00
6.3096E-07  5.2393E+00  6.2464E+01  1.0785E+00  1.2653E+00
1.0000E-06  6.9103E+00  7.0357E+01  1.0784E+00  1.2645E+00
1.5849E-06  9.1624E+00  7.7561E+01  1.0784E+00  1.2638E+00
2.5119E-06  1.2304E+01  8.7997E+01  1.0783E+00  1.2628E+00
3.9811E-06  1.6675E+01  9.7582E+01  1.0782E+00  1.2621E+00
6.3096E-06  2.2813E+01  1.1278E+02  1.0780E+00  1.2610E+00
1.0000E-05  3.1728E+01  1.2937E+02  1.0779E+00  1.2601E+00
1.5849E-05  4.4352E+01  1.5547E+02  1.0776E+00  1.2588E+00
2.5119E-05  6.2764E+01  1.9005E+02  1.0774E+00  1.2576E+00
3.9811E-05  8.9221E+01  2.4283E+02  1.0770E+00  1.2559E+00
6.3096E-05  1.2693E+02  3.1643E+02  1.0766E+00  1.2541E+00
1.0000E-04  1.8045E+02  4.2582E+02  1.0760E+00  1.2517E+00
1.5849E-04  2.5314E+02  5.7906E+02  1.0752E+00  1.2488E+00
2.5119E-04  3.4935E+02  7.9229E+02  1.0742E+00  1.2455E+00
3.9811E-04  4.7473E+02  1.1017E+03  1.0729E+00  1.2411E+00
6.3096E-04  6.1850E+02  1.5018E+03  1.0714E+00  1.2366E+00
1.0000E-03  8.0622E+02  2.1207E+03  1.0690E+00  1.2298E+00
1.5849E-03  9.9418E+02  2.9407E+03  1.0662E+00  1.2230E+00
2.5119E-03  1.2571E+03  4.2393E+03  1.0617E+00  1.2122E+00
3.9811E-03  1.5212E+03  5.7578E+03  1.0562E+00  1.2010E+00
6.3096E-03  1.9041E+03  8.1011E+03  1.0477E+00  1.1838E+00
1.0000E-02  2.3232E+03  1.0705E+04  1.0387E+00  1.1663E+00
1.5849E-02  2.8931E+03  1.4281E+04  1.0267E+00  1.1434E+00
2.5119E-02  3.5525E+03  1.8396E+04  1.0146E+00  1.1196E+00
3.9811E-02  4.2984E+03  2.2965E+04  1.0045E+00  1.0975E+00
6.3096E-02  5.2460E+03  2.8810E+04  9.9325E-01  1.0717E+00
1.0000E-01  6.0667E+03  3.4132E+04  9.9006E-01  1.0578E+00
1.5849E-01  7.2101E+03  4.1324E+04  9.8646E-01  1.0400E+00
2.5119E-01  8.1060E+03  4.6506E+04  9.8969E-01  1.0373E+00
3.9811E-01  9.3969E+03  5.3404E+04  9.9474E-01  1.0350E+00
6.3096E-01  1.0733E+04  5.7106E+04  1.0022E+00  1.0427E+00
1.0000E+00  1.2561E+04  6.0217E+04  1.0115E+00  1.0544E+00
1.5849E+00  1.4815E+04  5.9944E+04  1.0204E+00  1.0718E+00
2.5119E+00  1.7220E+04  5.5936E+04  1.0286E+00  1.0937E+00
3.9811E+00  1.9501E+04  4.9065E+04  1.0380E+00  1.1236E+00
6.3096E+00  2.0634E+04  4.1135E+04  1.0476E+00  1.1567E+00
1.0000E+01  2.0516E+04  3.3108E+04  1.0586E+00  1.1948E+00
1.5849E+01  1.8287E+04  2.5266E+04  1.0660E+00  1.2212E+00
2.5119E+01  1.4851E+04  1.8183E+04  1.0714E+00  1.2411E+00
3.9811E+01  1.1465E+04  1.3076E+04  1.0749E+00  1.2554E+00
6.3096E+01  8.1554E+03  8.9000E+03  1.0768E+00  1.2643E+00
1.0000E+02  5.8315E+03  6.1330E+03  1.0788E+00  1.2720E+00
1.5849E+02  4.0570E+03  4.1977E+03  1.0789E+00  1.2733E+00
2.5119E+02  2.7377E+03  2.7914E+03  1.0790E+00  1.2752E+00
3.9811E+02  2.0888E+03  2.1111E+03  1.0792E+00  1.2774E+00
6.3096E+02  1.7574E+03  1.7690E+03  1.0794E+00  1.2806E+00
1.0000E+03  1.3750E+03  1.3860E+03  1.0799E+00  1.2862E+00
1.5849E+03  9.0848E+02  9.1306E+02  1.0802E+00  1.2898E+00
2.5119E+03  6.0811E+02  6.1005E+02  1.0807E+00  1.2971E+00
3.9811E+03  4.0661E+02  4.0742E+02  1.0817E+00  1.3146E+00
6.3096E+03  2.6105E+02  2.6141E+02  1.0819E+00  1.3193E+00
1.0000E+04  1.9273E+02  1.9292E+02  1.0821E+00  1.3235E+00
Rosseland and Planck opacities and free electrons
Density     Ross opa    Planck opa  No. Free    Av Sq Free  T=  2.5000E-02
1.0000E-10  3.6326E-01  2.5393E+00  1.0800E+00  1.2863E+00
1.5849E-10  3.6645E-01  3.1059E+00  1.0800E+00  1.2858E+00
2.5119E-10  3.7141E-01  3.4426E+00  1.0799E+00  1.2854E+00
3.9811E-10  3.7669E-01  3.9762E+00  1.0799E+00  1.2847E+00
6.3096E-10  3.8504E-01  4.1872E+00  1.0798E+00  1.2841E+00
1.0000E-09  3.9416E-01  4.4982E+00  1.0798E+00  1.2832E+00
1.5849E-09  4.0775E-01  4.7526E+00  1.0797E+00  1.2824E+00
2.5119E-09  4.2343E-01  5.0809E+00  1.0797E+00  1.2814E+00
3.9811E-09  4.4527E-01  5.5480E+00  1.0796E+00  1.2805E+00
6.3096E-09  4.7154E-01  6.2485E+00  1.0795E+00  1.2796E+00
1.0000E-08  5.0621E-01  7.1763E+00  1.0795E+00  1.2786E+00
1.5849E-08  5.5078E-01  8.3725E+00  1.0794E+00  1.2779E+00
2.5119E-08  6.0669E-01  9.9792E+00  1.0794E+00  1.2770E+00
3.9811E-08  6.8048E-01  1.1605E+01  1.0793E+00  1.2764E+00
6.3096E-08  7.7182E-01  1.4002E+01  1.0793E+00  1.2755E+00
1.0000E-07  8.9913E-01  1.5996E+01  1.0792E+00  1.2748E+00
1.5849E-07  1.0616E+00  1.9156E+01  1.0792E+00  1.2738E+00
2.5119E-07  1.2948E+00  2.1551E+01  1.0791E+00  1.2731E+00
3.9811E-07  1.6130E+00  2.5140E+01  1.0790E+00  1.2720E+00
6.3096E-07  2.0752E+00  2.8135E+01  1.0789E+00  1.2711E+00
1.0000E-06  2.7429E+00  3.1868E+01  1.0788E+00  1.2701E+00
1.5849E-06  3.7220E+00  3.5735E+01  1.0788E+00  1.2691E+00
2.5119E-06  5.1538E+00  4.0129E+01  1.0787E+00  1.2682E+00
3.9811E-06  7.2382E+00  4.5755E+01  1.0786E+00  1.2672E+00
6.3096E-06  1.0211E+01  5.2392E+01  1.0785E+00  1.2664E+00
1.0000E-05  1.4501E+01  6.1909E+01  1.0783E+00  1.2653E+00
1.5849E-05  2.0511E+01  7.3254E+01  1.0782E+00  1.2644E+00
2.5119E-05  2.9140E+01  9.0777E+01  1.0780E+00  1.2630E+00
3.9811E-05  4.1145E+01  1.1200E+02  1.0778E+00  1.2620E+00
6.3096E-05  5.8172E+01  1.4563E+02  1.0775E+00  1.2603E+00
1.0000E-04  8.1247E+01  1.8810E+02  1.0771E+00  1.2589E+00
1.5849E-04  1.1346E+02  2.5406E+02  1.0766E+00  1.2567E+00
2.5119E-04  1.5477E+02  3.4043E+02  1.0760E+00  1.2546E+00
3.9811E-04  2.0994E+02  4.6907E+02  1.0752E+00  1.2516E+00
6.3096E-04  2.7593E+02  6.4411E+02  1.0743E+00  1.2483E+00
1.0000E-03  3.5550E+02  8.9292E+02  1.0730E+00  1.2441E+00
1.5849E-03  4.4807E+02  1.2524E+03  1.0711E+00  1.2387E+00
2.5119E-03  5.4748E+02  1.7521E+03  1.0685E+00  1.2323E+00
3.9811E-03  6.7383E+02  2.4910E+03  1.0647E+00  1.2231E+00
6.3096E-03  8.0405E+02  3.4003E+03  1.0601E+00  1.2135E+00
1.0000E-02  9.9632E+02  4.8340E+03  1.0527E+00  1.1983E+00
1.5849E-02  1.1872E+03  6.3077E+03  1.0468E+00  1.1862E+00
2.5119E-02  1.4809E+03  8.6318E+03  1.0375E+00  1.1671E+00
3.9811E-02  1.7864E+03  1.1033E+04  1.0317E+00  1.1521E+00
6.3096E-02  2.2195E+03  1.4427E+04  1.0250E+00  1.1329E+00
1.0000E-01  2.6727E+03  1.8075E+04  1.0206E+00  1.1166E+00
1.5849E-01  3.2175E+03  2.2547E+04  1.0180E+00  1.1011E+00
2.5119E-01  3.8239E+03  2.7184E+04  1.0165E+00  1.0880E+00
3.9811E-01  4.4778E+03  3.1851E+04  1.0172E+00  1.0811E+00
6.3096E-01  5.2935E+03  3.6276E+04  1.0191E+00  1.0778E+00
1.0000E+00  6.3019E+03  3.9556E+04  1.0230E+00  1.0824E+00
1.5849E+00  7.5779E+03  4.1157E+04  1.0278E+00  1.0927E+00
2.5119E+00  9.2600E+03  4.1047E+04  1.0344E+00  1.1107E+00
3.9811E+00  1.1096E+04  3.7354E+04  1.0421E+00  1.1362E+00
6.3096E+00  1.2832E+04  3.3008E+04  1.0516E+00  1.1691E+00
1.0000E+01  1.3643E+04  2.7556E+04  1.0598E+00  1.1974E+00
1.5849E+01  1.3445E+04  2.1887E+04  1.0676E+00  1.2250E+00
2.5119E+01  1.2117E+04  1.6668E+04  1.0733E+00  1.2465E+00
3.9811E+01  9.6866E+03  1.1811E+04  1.0755E+00  1.2567E+00
6.3096E+01  7.4612E+03  8.5569E+03  1.0772E+00  1.2653E+00
1.0000E+02  5.3021E+03  5.7967E+03  1.0788E+00  1.2721E+00
1.5849E+02  3.8702E+03  4.0761E+03  1.0789E+00  1.2739E+00
2.5119E+02  2.6250E+03  2.7140E+03  1.0790E+00  1.2756E+00
3.9811E+02  1.8186E+03  1.8525E+03  1.0791E+00  1.2775E+00
6.3096E+02  1.4338E+03  1.4486E+03  1.0794E+00  1.2802E+00
1.0000E+03  1.2083E+03  1.2161E+03  1.0797E+00  1.2840E+00
1.5849E+03  9.3581E+02  9.4327E+02  1.0802E+00  1.2904E+00
2.5119E+03  6.2644E+02  6.2956E+02  1.0811E+00  1.3037E+00
3.9811E+03  4.1650E+02  4.1781E+02  1.0817E+00  1.3138E+00
6.3096E+03  2.7293E+02  2.7346E+02  1.0819E+00  1.3184E+00
1.0000E+04  1.7486E+02  1.7510E+02  1.0820E+00  1.3223E+00
Rosseland and Planck opacities and free electrons
Density     Ross opa    Planck opa  No. Free    Av Sq Free  T=  3.0000E-02
1.0000E-10  3.5441E-01  4.2006E-01  1.0805E+00  1.2929E+00
1.5849E-10  3.5517E-01  4.7545E-01  1.0804E+00  1.2916E+00
2.5119E-10  3.5623E-01  5.4257E-01  1.0803E+00  1.2905E+00
3.9811E-10  3.5765E-01  6.2763E-01  1.0802E+00  1.2896E+00
6.3096E-10  3.5948E-01  7.3556E-01  1.0801E+00  1.2886E+00
1.0000E-09  3.6211E-01  8.5084E-01  1.0801E+00  1.2881E+00
1.5849E-09  3.6524E-01  1.0144E+00  1.0801E+00  1.2874E+00
2.5119E-09  3.7012E-01  1.1807E+00  1.0800E+00  1.2870E+00
3.9811E-09  3.7546E-01  1.4397E+00  1.0800E+00  1.2865E+00
6.3096E-09  3.8459E-01  1.6913E+00  1.0800E+00  1.2860E+00
1.0000E-08  3.9472E-01  2.0901E+00  1.0799E+00  1.2854E+00
1.5849E-08  4.1157E-01  2.4892E+00  1.0799E+00  1.2848E+00
2.5119E-08  4.3178E-01  3.0754E+00  1.0798E+00  1.2839E+00
3.9811E-08  4.6244E-01  3.7463E+00  1.0798E+00  1.2830E+00
6.3096E-08  5.0070E-01  4.6649E+00  1.0797E+00  1.2820E+00
1.0000E-07  5.5546E-01  5.8349E+00  1.0796E+00  1.2809E+00
1.5849E-07  6.2834E-01  7.3562E+00  1.0796E+00  1.2799E+00
2.5119E-07  7.2841E-01  9.3769E+00  1.0795E+00  1.2788E+00
3.9811E-07  8.7078E-01  1.1655E+01  1.0794E+00  1.2779E+00
6.3096E-07  1.0645E+00  1.4897E+01  1.0793E+00  1.2768E+00
1.0000E-06  1.3572E+00  1.7858E+01  1.0793E+00  1.2760E+00
1.5849E-06  1.7667E+00  2.2537E+01  1.0792E+00  1.2748E+00
2.5119E-06  2.4044E+00  2.6083E+01  1.0791E+00  1.2741E+00
3.9811E-06  3.3385E+00  3.1702E+01  1.0790E+00  1.2728E+00
6.3096E-06  4.7652E+00  3.6707E+01  1.0789E+00  1.2719E+00
1.0000E-05  6.8918E+00  4.3654E+01  1.0788E+00  1.2706E+00
1.5849E-05  1.0043E+01  5.1037E+01  1.0786E+00  1.2694E+00
2.5119E-05  1.4656E+01  6.0394E+01  1.0785E+00  1.2682E+00
3.9811E-05  2.1284E+01  7.2385E+01  1.0783E+00  1.2668E+00
6.3096E-05  3.0580E+01  8.7641E+01  1.0781E+00  1.2655E+00
1.0000E-04  4.3520E+01  1.0980E+02  1.0778E+00  1.2638E+00
1.5849E-04  6.0727E+01  1.3940E+02  1.0774E+00  1.2623E+00
2.5119E-04  8.4231E+01  1.8447E+02  1.0769E+00  1.2601E+00
3.9811E-04  1.1315E+02  2.4207E+02  1.0765E+00  1.2582E+00
6.3096E-04  1.5242E+02  3.3339E+02  1.0757E+00  1.2552E+00
1.0000E-03  1.9410E+02  4.5117E+02  1.0749E+00  1.2525E+00
1.5849E-03  2.4851E+02  6.3668E+02  1.0736E+00  1.2482E+00
2.5119E-03  3.0212E+02  8.7940E+02  1.0719E+00  1.2435E+00
3.9811E-03  3.6872E+02  1.2470E+03  1.0692E+00  1.2369E+00
6.3096E-03  4.3981E+02  1.7250E+03  1.0659E+00  1.2293E+00
1.0000E-02  5.2708E+02  2.3996E+03  1.0615E+00  1.2198E+00
1.5849E-02  6.3504E+02  3.2958E+03  1.0564E+00  1.2085E+00
2.5119E-02  7.6385E+02  4.4269E+03  1.0516E+00  1.1973E+00
3.9811E-02  9.4133E+02  6.0276E+03  1.0456E+00  1.1824E+00
6.3096E-02  1.1385E+03  7.8410E+03  1.0426E+00  1.1707E+00
1.0000E-01  1.4324E+03  1.0563E+04  1.0381E+00  1.1531E+00
1.5849E-01  1.6973E+03  1.3152E+04  1.0360E+00  1.1415E+00
2.5119E-01  2.1053E+03  1.7117E+04  1.0328E+00  1.1232E+00
3.9811E-01  2.4575E+03  2.0033E+04  1.0319E+00  1.1159E+00
6.3096E-01  2.9837E+03  2.4293E+04  1.0307E+00  1.1058E+00
1.0000E+00  3.5496E+03  2.6659E+04  1.0322E+00  1.1073E+00
1.5849E+00  4.3772E+03  2.9475E+04  1.0348E+00  1.1120E+00
2.5119E+00  5.3828E+03  2.9868E+04  1.0392E+00  1.1257E+00
3.9811E+00  6.6648E+03  2.8782E+04  1.0456E+00  1.1469E+00
6.3096E+00  8.1105E+03  2.6411E+04  1.0541E+00  1.1764E+00
1.0000E+01  9.2921E+03  2.3021E+04  1.0623E+00  1.2053E+00
1.5849E+01  9.9263E+03  1.9129E+04  1.0694E+00  1.2307E+00
2.5119E+01  9.3768E+03  1.4750E+04  1.0732E+00  1.2458E+00
3.9811E+01  8.1795E+03  1.0977E+04  1.0762E+00  1.2584E+00
6.3096E+01  6.5746E+03  7.8745E+03  1.0777E+00  1.2668E+00
1.0000E+02  4.9515E+03  5.6438E+03  1.0789E+00  1.2722E+00
1.5849E+02  3.5396E+03  3.8253E+03  1.0790E+00  1.2740E+00
2.5119E+02  2.5771E+03  2.7065E+03  1.0791E+00  1.2758E+00
3.9811E+02  1.7206E+03  1.7718E+03  1.0792E+00  1.2778E+00
6.3096E+02  1.2511E+03  1.2708E+03  1.0795E+00  1.2811E+00
1.0000E+03  1.0308E+03  1.0402E+03  1.0799E+00  1.2865E+00
1.5849E+03  8.6996E+02  8.7549E+02  1.0802E+00  1.2895E+00
2.5119E+03  6.3521E+02  6.3983E+02  1.0807E+00  1.2980E+00
3.9811E+03  4.3147E+02  4.3344E+02  1.0817E+00  1.3147E+00
6.3096E+03  2.8150E+02  2.8230E+02  1.0820E+00  1.3205E+00
1.0000E+04  1.8235E+02  1.8267E+02  1.0821E+00  1.3243E+00
Rosseland and Planck opacities and free electrons
Density     Ross opa    Planck opa  No. Free    Av Sq Free  T=  4.0000E-02
1.0000E-10  3.5074E-01  8.9212E-02  1.0815E+00  1.3084E+00
1.5849E-10  3.5106E-01  1.0345E-01  1.0815E+00  1.3077E+00
2.5119E-10  3.5143E-01  1.2405E-01  1.0814E+00  1.3066E+00
3.9811E-10  3.5197E-01  1.4681E-01  1.0813E+00  1.3055E+00
6.3096E-10  3.5263E-01  1.7508E-01  1.0812E+00  1.3042E+00
1.0000E-09  3.5339E-01  2.0783E-01  1.0811E+00  1.3028E+00
1.5849E-09  3.5434E-01  2.4062E-01  1.0811E+00  1.3018E+00
2.5119E-09  3.5540E-01  2.8611E-01  1.0810E+00  1.3005E+00
3.9811E-09  3.5683E-01  3.3615E-01  1.0809E+00  1.2997E+00
6.3096E-09  3.5844E-01  4.1262E-01  1.0809E+00  1.2986E+00
1.0000E-08  3.6092E-01  5.0124E-01  1.0808E+00  1.2978E+00
1.5849E-08  3.6371E-01  6.4170E-01  1.0807E+00  1.2966E+00
2.5119E-08  3.6831E-01  7.6653E-01  1.0807E+00  1.2956E+00
3.9811E-08  3.7358E-01  9.5483E-01  1.0805E+00  1.2942E+00
6.3096E-08  3.8148E-01  1.1253E+00  1.0805E+00  1.2930E+00
1.0000E-07  3.9111E-01  1.3435E+00  1.0803E+00  1.2915E+00
1.5849E-07  4.0570E-01  1.6093E+00  1.0803E+00  1.2902E+00
2.5119E-07  4.2527E-01  1.9587E+00  1.0802E+00  1.2891E+00
3.9811E-07  4.5421E-01  2.4471E+00  1.0801E+00  1.2879E+00
6.3096E-07  4.9688E-01  3.1037E+00  1.0800E+00  1.2870E+00
1.0000E-06  5.5838E-01  4.0602E+00  1.0799E+00  1.2859E+00
1.5849E-06  6.5890E-01  5.2399E+00  1.0799E+00  1.2851E+00
2.5119E-06  7.9995E-01  7.0559E+00  1.0798E+00  1.2838E+00
3.9811E-06  1.0533E+00  9.0055E+00  1.0797E+00  1.2829E+00
6.3096E-06  1.4133E+00  1.2096E+01  1.0796E+00  1.2814E+00
1.0000E-05  2.0597E+00  1.5204E+01  1.0795E+00  1.2803E+00
1.5849E-05  3.0243E+00  1.9872E+01  1.0794E+00  1.2788E+00
2.5119E-05  4.6101E+00  2.4765E+01  1.0792E+00  1.2776E+00
3.9811E-05  7.0199E+00  3.1324E+01  1.0791E+00  1.2761E+00
6.3096E-05  1.0636E+01  3.9074E+01  1.0789E+00  1.2747E+00
1.0000E-04  1.5920E+01  4.8661E+01  1.0787E+00  1.2732E+00
1.5849E-04  2.3352E+01  6.1678E+01  1.0785E+00  1.2714E+00
2.5119E-04  3.3263E+01  7.7818E+01  1.0782E+00  1.2698E+00
3.9811E-04  4.6680E+01  1.0168E+02  1.0778E+00  1.2675E+00
6.3096E-04  6.2565E+01  1.3114E+02  1.0774E+00  1.2657E+00
1.0000E-03  8.3858E+01  1.7740E+02  1.0769E+00  1.2627E+00
1.5849E-03  1.0568E+02  2.3486E+02  1.0762E+00  1.2603E+00
2.5119E-03  1.3463E+02  3.2594E+02  1.0750E+00  1.2563E+00
3.9811E-03  1.6196E+02  4.4200E+02  1.0736E+00  1.2525E+00
6.3096E-03  1.9644E+02  6.1986E+02  1.0715E+00  1.2469E+00
1.0000E-02  2.3135E+02  8.4904E+02  1.0693E+00  1.2412E+00
1.5849E-02  2.7463E+02  1.1806E+03  1.0664E+00  1.2341E+00
2.5119E-02  3.2633E+02  1.6188E+03  1.0635E+00  1.2263E+00
3.9811E-02  3.8989E+02  2.2034E+03  1.0613E+00  1.2185E+00
6.3096E-02  4.7357E+02  3.0223E+03  1.0586E+00  1.2086E+00
1.0000E-01  5.7123E+02  4.0544E+03  1.0569E+00  1.1993E+00
1.5849E-01  7.0692E+02  5.5325E+03  1.0544E+00  1.1861E+00
2.5119E-01  8.4128E+02  7.0964E+03  1.0521E+00  1.1754E+00
3.9811E-01  1.0381E+03  9.4300E+03  1.0486E+00  1.1593E+00
6.3096E-01  1.2263E+03  1.1210E+04  1.0472E+00  1.1533E+00
1.0000E+00  1.5090E+03  1.3859E+04  1.0451E+00  1.1441E+00
1.5849E+00  1.8307E+03  1.5368E+04  1.0463E+00  1.1475E+00
2.5119E+00  2.3013E+03  1.7132E+04  1.0484E+00  1.1540E+00
3.9811E+00  2.9141E+03  1.7521E+04  1.0528E+00  1.1694E+00
6.3096E+00  3.6979E+03  1.7319E+04  1.0588E+00  1.1906E+00
1.0000E+01  4.6033E+03  1.6226E+04  1.0658E+00  1.2159E+00
1.5849E+01  5.3494E+03  1.4245E+04  1.0711E+00  1.2358E+00
2.5119E+01  5.8354E+03  1.1912E+04  1.0752E+00  1.2522E+00
3.9811E+01  5.5720E+03  9.2036E+03  1.0768E+00  1.2604E+00
6.3096E+01  4.9414E+03  6.8763E+03  1.0781E+00  1.2675E+00
1.0000E+02  4.0665E+03  5.0143E+03  1.0789E+00  1.2723E+00
1.5849E+02  3.1071E+03  3.6124E+03  1.0790E+00  1.2741E+00
2.5119E+02  2.2592E+03  2.4680E+03  1.0791E+00  1.2757E+00
3.9811E+02  1.6445E+03  1.7374E+03  1.0792E+00  1.2778E+00
6.3096E+02  1.1099E+03  1.1469E+03  1.0794E+00  1.2805E+00
1.0000E+03  8.1111E+02  8.2525E+02  1.0797E+00  1.2840E+00
1.5849E+03  6.6979E+02  6.7668E+02  1.0801E+00  1.2884E+00
2.5119E+03  5.7380E+02  5.7759E+02  1.0812E+00  1.3049E+00
3.9811E+03  4.4139E+02  4.4502E+02  1.0817E+00  1.3140E+00
6.3096E+03  2.9558E+02  2.9711E+02  1.0819E+00  1.3188E+00
1.0000E+04  1.9323E+02  1.9385E+02  1.0821E+00  1.3230E+00
Rosseland and Planck opacities and free electrons
Density     Ross opa    Planck opa  No. Free    Av Sq Free  T=  5.0000E-02
1.0000E-10  3.5013E-01  1.0559E+00  1.0818E+00  1.3133E+00
1.5849E-10  3.5006E-01  9.1611E-01  1.0818E+00  1.3128E+00
2.5119E-10  3.5025E-01  7.9663E-01  1.0817E+00  1.3124E+00
3.9811E-10  3.5034E-01  6.0726E-01  1.0817E+00  1.3119E+00
6.3096E-10  3.5064E-01  4.9933E-01  1.0817E+00  1.3115E+00
1.0000E-09  3.5096E-01  3.5839E-01  1.0817E+00  1.3110E+00
1.5849E-09  3.5145E-01  2.7645E-01  1.0816E+00  1.3107E+00
2.5119E-09  3.5206E-01  2.1656E-01  1.0816E+00  1.3103E+00
3.9811E-09  3.5281E-01  1.7698E-01  1.0816E+00  1.3098E+00
6.3096E-09  3.5380E-01  1.7225E-01  1.0816E+00  1.3093E+00
1.0000E-08  3.5504E-01  1.7525E-01  1.0815E+00  1.3087E+00
1.5849E-08  3.5682E-01  2.0218E-01  1.0815E+00  1.3079E+00
2.5119E-08  3.5894E-01  2.4303E-01  1.0814E+00  1.3068E+00
3.9811E-08  3.6178E-01  2.9855E-01  1.0813E+00  1.3057E+00
6.3096E-08  3.6501E-01  3.8563E-01  1.0812E+00  1.3040E+00
1.0000E-07  3.6980E-01  4.8647E-01  1.0812E+00  1.3030E+00
1.5849E-07  3.7543E-01  6.4630E-01  1.0810E+00  1.3014E+00
2.5119E-07  3.8336E-01  8.3834E-01  1.0810E+00  1.3003E+00
3.9811E-07  3.9322E-01  1.1301E+00  1.0809E+00  1.2990E+00
6.3096E-07  4.0803E-01  1.4939E+00  1.0808E+00  1.2978E+00
1.0000E-06  4.2755E-01  2.0140E+00  1.0807E+00  1.2965E+00
1.5849E-06  4.5680E-01  2.6644E+00  1.0806E+00  1.2951E+00
2.5119E-06  4.9821E-01  3.4889E+00  1.0805E+00  1.2937E+00
3.9811E-06  5.6074E-01  4.5750E+00  1.0804E+00  1.2919E+00
6.3096E-06  6.5966E-01  5.7623E+00  1.0802E+00  1.2905E+00
1.0000E-05  8.0908E-01  7.4901E+00  1.0801E+00  1.2886E+00
1.5849E-05  1.0797E+00  9.2813E+00  1.0800E+00  1.2875E+00
2.5119E-05  1.4789E+00  1.2120E+01  1.0798E+00  1.2856E+00
3.9811E-05  2.2820E+00  1.5003E+01  1.0797E+00  1.2845E+00
6.3096E-05  3.4862E+00  1.9568E+01  1.0795E+00  1.2827E+00
1.0000E-04  5.6372E+00  2.4532E+01  1.0794E+00  1.2812E+00
1.5849E-04  8.9085E+00  3.1805E+01  1.0792E+00  1.2794E+00
2.5119E-04  1.3747E+01  4.0559E+01  1.0789E+00  1.2776E+00
3.9811E-04  2.0743E+01  5.2590E+01  1.0787E+00  1.2757E+00
6.3096E-04  2.9866E+01  6.8622E+01  1.0784E+00  1.2735E+00
1.0000E-03  4.1379E+01  8.9910E+01  1.0780E+00  1.2714E+00
1.5849E-03  5.5861E+01  1.2046E+02  1.0775E+00  1.2686E+00
2.5119E-03  7.1590E+01  1.6000E+02  1.0768E+00  1.2659E+00
3.9811E-03  9.1991E+01  2.2003E+02  1.0757E+00  1.2619E+00
6.3096E-03  1.1088E+02  2.9489E+02  1.0744E+00  1.2583E+00
1.0000E-02  1.3681E+02  4.1331E+02  1.0725E+00  1.2527E+00
1.5849E-02  1.5996E+02  5.5304E+02  1.0711E+00  1.2484E+00
2.5119E-02  1.9231E+02  7.7068E+02  1.0690E+00  1.2420E+00
3.9811E-02  2.2701E+02  1.0410E+03  1.0677E+00  1.2365E+00
6.3096E-02  2.7379E+02  1.4413E+03  1.0664E+00  1.2294E+00
1.0000E-01  3.2697E+02  1.9577E+03  1.0650E+00  1.2218E+00
1.5849E-01  3.9398E+02  2.6781E+03  1.0633E+00  1.2126E+00
2.5119E-01  4.7376E+02  3.5919E+03  1.0613E+00  1.2022E+00
3.9811E-01  5.6477E+02  4.7135E+03  1.0589E+00  1.1919E+00
6.3096E-01  6.8071E+02  6.1062E+03  1.0563E+00  1.1809E+00
1.0000E+00  8.1137E+02  7.4326E+03  1.0552E+00  1.1763E+00
1.5849E+00  9.8843E+02  9.0284E+03  1.0544E+00  1.1729E+00
2.5119E+00  1.2211E+03  1.0227E+04  1.0559E+00  1.1782E+00
3.9811E+00  1.5464E+03  1.1227E+04  1.0587E+00  1.1880E+00
6.3096E+00  2.0069E+03  1.1843E+04  1.0634E+00  1.2054E+00
1.0000E+01  2.5477E+03  1.1627E+04  1.0684E+00  1.2237E+00
1.5849E+01  3.1423E+03  1.0867E+04  1.0730E+00  1.2413E+00
2.5119E+01  3.5765E+03  9.3857E+03  1.0756E+00  1.2529E+00
3.9811E+01  3.8364E+03  7.7806E+03  1.0775E+00  1.2632E+00
6.3096E+01  3.6621E+03  6.0232E+03  1.0783E+00  1.2685E+00
1.0000E+02  3.2131E+03  4.4650E+03  1.0787E+00  1.2717E+00
1.5849E+02  2.6525E+03  3.3013E+03  1.0790E+00  1.2740E+00
2.5119E+02  2.0227E+03  2.3507E+03  1.0791E+00  1.2759E+00
3.9811E+02  1.4956E+03  1.6300E+03  1.0792E+00  1.2780E+00
6.3096E+02  1.0627E+03  1.1215E+03  1.0795E+00  1.2816E+00
1.0000E+03  7.3164E+02  7.5480E+02  1.0799E+00  1.2862E+00
1.5849E+03  5.5136E+02  5.6040E+02  1.0802E+00  1.2907E+00
2.5119E+03  4.6199E+02  4.6661E+02  1.0808E+00  1.2984E+00
3.9811E+03  4.0180E+02  4.0444E+02  1.0818E+00  1.3156E+00
6.3096E+03  3.0197E+02  3.0443E+02  1.0820E+00  1.3199E+00
1.0000E+04  2.0011E+02  2.0113E+02  1.0821E+00  1.3243E+00
Rosseland and Planck opacities and free electrons
Density     Ross opa    Planck opa  No. Free    Av Sq Free  T=  6.0000E-02
1.0000E-10  3.5144E-01  1.0520E+00  1.0820E+00  1.3183E+00
1.5849E-10  3.5151E-01  9.1596E-01  1.0820E+00  1.3178E+00
2.5119E-10  3.5154E-01  7.7331E-01  1.0819E+00  1.3172E+00
3.9811E-10  3.5167E-01  6.5221E-01  1.0819E+00  1.3167E+00
6.3096E-10  3.5173E-01  5.1358E-01  1.0819E+00  1.3161E+00
1.0000E-09  3.5196E-01  4.5469E-01  1.0819E+00  1.3156E+00
1.5849E-09  3.5206E-01  3.7360E-01  1.0818E+00  1.3150E+00
2.5119E-09  3.5244E-01  3.5503E-01  1.0818E+00  1.3146E+00
3.9811E-09  3.5269E-01  3.2561E-01  1.0818E+00  1.3140E+00
6.3096E-09  3.5332E-01  3.1112E-01  1.0818E+00  1.3136E+00
1.0000E-08  3.5400E-01  2.9018E-01  1.0818E+00  1.3130E+00
1.5849E-08  3.5503E-01  2.7106E-01  1.0817E+00  1.3126E+00
2.5119E-08  3.5630E-01  2.4571E-01  1.0817E+00  1.3120E+00
3.9811E-08  3.5794E-01  2.3076E-01  1.0817E+00  1.3115E+00
6.3096E-08  3.6009E-01  2.2743E-01  1.0817E+00  1.3109E+00
1.0000E-07  3.6283E-01  2.3900E-01  1.0816E+00  1.3103E+00
1.5849E-07  3.6666E-01  2.8470E-01  1.0816E+00  1.3096E+00
2.5119E-07  3.7141E-01  3.5815E-01  1.0815E+00  1.3088E+00
3.9811E-07  3.7786E-01  4.7815E-01  1.0815E+00  1.3079E+00
6.3096E-07  3.8579E-01  6.6346E-01  1.0814E+00  1.3066E+00
1.0000E-06  3.9701E-01  8.9761E-01  1.0813E+00  1.3055E+00
1.5849E-06  4.1088E-01  1.2687E+00  1.0812E+00  1.3038E+00
2.5119E-06  4.3151E-01  1.7053E+00  1.0811E+00  1.3026E+00
3.9811E-06  4.5844E-01  2.3811E+00  1.0810E+00  1.3009E+00
6.3096E-06  5.0095E-01  3.2166E+00  1.0809E+00  1.2995E+00
1.0000E-05  5.6023E-01  4.4425E+00  1.0808E+00  1.2980E+00
1.5849E-05  6.5723E-01  5.9592E+00  1.0806E+00  1.2964E+00
2.5119E-05  8.0440E-01  7.9720E+00  1.0805E+00  1.2948E+00
3.9811E-05  1.0510E+00  1.0493E+01  1.0803E+00  1.2929E+00
6.3096E-05  1.4677E+00  1.3257E+01  1.0802E+00  1.2911E+00
1.0000E-04  2.1547E+00  1.7098E+01  1.0800E+00  1.2889E+00
1.5849E-04  3.4087E+00  2.0949E+01  1.0798E+00  1.2872E+00
2.5119E-04  5.3376E+00  2.6902E+01  1.0795E+00  1.2847E+00
3.9811E-04  8.6527E+00  3.3380E+01  1.0794E+00  1.2831E+00
6.3096E-04  1.3562E+01  4.3653E+01  1.0791E+00  1.2805E+00
1.0000E-03  2.0139E+01  5.5481E+01  1.0788E+00  1.2785E+00
1.5849E-03  2.9491E+01  7.3533E+01  1.0783E+00  1.2758E+00
2.5119E-03  3.9929E+01  9.5917E+01  1.0778E+00  1.2731E+00
3.9811E-03  5.3267E+01  1.2824E+02  1.0770E+00  1.2698E+00
6.3096E-03  6.7934E+01  1.7131E+02  1.0760E+00  1.2663E+00
1.0000E-02  8.4661E+01  2.3094E+02  1.0749E+00  1.2623E+00
1.5849E-02  1.0453E+02  3.1490E+02  1.0735E+00  1.2576E+00
2.5119E-02  1.2522E+02  4.2526E+02  1.0725E+00  1.2534E+00
3.9811E-02  1.5268E+02  5.8886E+02  1.0711E+00  1.2475E+00
6.3096E-02  1.8102E+02  7.9500E+02  1.0704E+00  1.2427E+00
1.0000E-01  2.2163E+02  1.1145E+03  1.0694E+00  1.2352E+00
1.5849E-01  2.6002E+02  1.4858E+03  1.0682E+00  1.2288E+00
2.5119E-01  3.1578E+02  2.0634E+03  1.0664E+00  1.2188E+00
3.9811E-01  3.6949E+02  2.6864E+03  1.0647E+00  1.2114E+00
6.3096E-01  4.4287E+02  3.5970E+03  1.0624E+00  1.2013E+00
1.0000E+00  5.2295E+02  4.4761E+03  1.0612E+00  1.1965E+00
1.5849E+00  6.2731E+02  5.5855E+03  1.0606E+00  1.1935E+00
2.5119E+00  7.6226E+02  6.5608E+03  1.0614E+00  1.1962E+00
3.9811E+00  9.5865E+02  7.5805E+03  1.0635E+00  1.2038E+00
6.3096E+00  1.2187E+03  8.1756E+03  1.0666E+00  1.2155E+00
1.0000E+01  1.5679E+03  8.5362E+03  1.0706E+00  1.2307E+00
1.5849E+01  1.9830E+03  8.3695E+03  1.0743E+00  1.2457E+00
2.5119E+01  2.3772E+03  7.6593E+03  1.0766E+00  1.2562E+00
3.9811E+01  2.6285E+03  6.4669E+03  1.0777E+00  1.2629E+00
6.3096E+01  2.6935E+03  5.2365E+03  1.0784E+00  1.2683E+00
1.0000E+02  2.5490E+03  4.0396E+03  1.0789E+00  1.2723E+00
1.5849E+02  2.2091E+03  2.9905E+03  1.0790E+00  1.2745E+00
2.5119E+02  1.7995E+03  2.2284E+03  1.0791E+00  1.2760E+00
3.9811E+02  1.3525E+03  1.5458E+03  1.0792E+00  1.2783E+00
6.3096E+02  1.0125E+03  1.0948E+03  1.0795E+00  1.2815E+00
1.0000E+03  6.9502E+02  7.2923E+02  1.0798E+00  1.2846E+00
1.5849E+03  4.9317E+02  5.0641E+02  1.0802E+00  1.2907E+00
2.5119E+03  3.9442E+02  3.9998E+02  1.0813E+00  1.3055E+00
3.9811E+03  3.3428E+02  3.3729E+02  1.0818E+00  1.3144E+00
6.3096E+03  2.8415E+02  2.8599E+02  1.0819E+00  1.3189E+00
1.0000E+04  2.0595E+02  2.0748E+02  1.0821E+00  1.3230E+00
Rosseland and Planck opacities and free electrons
Density     Ross opa    Planck opa  No. Free    Av Sq Free  T=  7.0000E-02
1.0000E-10  3.5001E-01  1.4168E-01  1.0821E+00  1.3222E+00
1.5849E-10  3.5022E-01  1.6053E-01  1.0821E+00  1.3218E+00
2.5119E-10  3.5037E-01  1.9040E-01  1.0821E+00  1.3212E+00
3.9811E-10  3.5066E-01  2.1418E-01  1.0821E+00  1.3209E+00
6.3096E-10  3.5092E-01  2.5080E-01  1.0820E+00  1.3203E+00
1.0000E-09  3.5128E-01  2.7478E-01  1.0820E+00  1.3199E+00
1.5849E-09  3.5165E-01  3.0167E-01  1.0820E+00  1.3194E+00
2.5119E-09  3.5206E-01  3.1254E-01  1.0820E+00  1.3189E+00
3.9811E-09  3.5253E-01  3.0548E-01  1.0820E+00  1.3183E+00
6.3096E-09  3.5303E-01  2.9282E-01  1.0820E+00  1.3178E+00
1.0000E-08  3.5368E-01  2.7046E-01  1.0819E+00  1.3172E+00
1.5849E-08  3.5438E-01  2.4562E-01  1.0819E+00  1.3165E+00
2.5119E-08  3.5535E-01  2.4091E-01  1.0819E+00  1.3160E+00
3.9811E-08  3.5644E-01  2.3601E-01  1.0819E+00  1.3152E+00
6.3096E-08  3.5802E-01  2.5528E-01  1.0818E+00  1.3148E+00
1.0000E-07  3.5987E-01  2.8581E-01  1.0818E+00  1.3141E+00
1.5849E-07  3.6257E-01  3.1573E-01  1.0818E+00  1.3136E+00
2.5119E-07  3.6583E-01  3.6155E-01  1.0817E+00  1.3129E+00
3.9811E-07  3.7016E-01  4.1197E-01  1.0817E+00  1.3123E+00
6.3096E-07  3.7554E-01  4.8326E-01  1.0817E+00  1.3116E+00
1.0000E-06  3.8276E-01  5.8581E-01  1.0816E+00  1.3109E+00
1.5849E-06  3.9229E-01  7.3930E-01  1.0816E+00  1.3101E+00
2.5119E-06  4.0530E-01  9.6616E-01  1.0815E+00  1.3091E+00
3.9811E-06  4.2325E-01  1.2972E+00  1.0815E+00  1.3081E+00
6.3096E-06  4.4763E-01  1.7858E+00  1.0814E+00  1.3068E+00
1.0000E-05  4.8296E-01  2.4229E+00  1.0813E+00  1.3055E+00
1.5849E-05  5.3127E-01  3.4043E+00  1.0811E+00  1.3036E+00
2.5119E-05  6.0915E-01  4.5261E+00  1.0810E+00  1.3022E+00
3.9811E-05  7.1792E-01  6.3041E+00  1.0809E+00  1.3002E+00
6.3096E-05  9.1204E-01  8.1908E+00  1.0807E+00  1.2987E+00
1.0000E-04  1.1987E+00  1.1058E+01  1.0806E+00  1.2967E+00
1.5849E-04  1.7272E+00  1.4070E+01  1.0804E+00  1.2949E+00
2.5119E-04  2.5609E+00  1.8139E+01  1.0802E+00  1.2927E+00
3.9811E-04  4.0162E+00  2.3001E+01  1.0800E+00  1.2905E+00
6.3096E-04  6.3550E+00  2.9147E+01  1.0797E+00  1.2881E+00
1.0000E-03  9.9292E+00  3.7722E+01  1.0794E+00  1.2854E+00
1.5849E-03  1.5208E+01  4.8996E+01  1.0791E+00  1.2830E+00
2.5119E-03  2.2534E+01  6.5445E+01  1.0786E+00  1.2796E+00
3.9811E-03  3.1195E+01  8.4962E+01  1.0780E+00  1.2769E+00
6.3096E-03  4.3394E+01  1.1538E+02  1.0770E+00  1.2727E+00
1.0000E-02  5.4795E+01  1.4964E+02  1.0763E+00  1.2697E+00
1.5849E-02  7.1157E+01  2.0374E+02  1.0751E+00  1.2650E+00
2.5119E-02  8.6676E+01  2.6928E+02  1.0744E+00  1.2614E+00
3.9811E-02  1.0773E+02  3.6884E+02  1.0735E+00  1.2565E+00
6.3096E-02  1.3018E+02  4.9735E+02  1.0728E+00  1.2518E+00
1.0000E-01  1.5867E+02  6.8409E+02  1.0721E+00  1.2461E+00
1.5849E-01  1.9076E+02  9.2809E+02  1.0712E+00  1.2396E+00
2.5119E-01  2.2750E+02  1.2581E+03  1.0698E+00  1.2323E+00
3.9811E-01  2.7144E+02  1.6972E+03  1.0682E+00  1.2240E+00
6.3096E-01  3.1765E+02  2.2256E+03  1.0668E+00  1.2176E+00
1.0000E+00  3.7767E+02  2.9287E+03  1.0652E+00  1.2104E+00
1.5849E+00  4.4394E+02  3.6151E+03  1.0651E+00  1.2095E+00
2.5119E+00  5.3197E+02  4.4900E+03  1.0653E+00  1.2097E+00
3.9811E+00  6.5460E+02  5.1968E+03  1.0670E+00  1.2159E+00
6.3096E+00  8.2376E+02  5.9185E+03  1.0693E+00  1.2248E+00
1.0000E+01  1.0548E+03  6.4195E+03  1.0724E+00  1.2370E+00
1.5849E+01  1.3215E+03  6.4663E+03  1.0749E+00  1.2476E+00
2.5119E+01  1.6186E+03  6.1584E+03  1.0769E+00  1.2569E+00
3.9811E+01  1.8575E+03  5.4262E+03  1.0779E+00  1.2630E+00
6.3096E+01  2.0374E+03  4.5909E+03  1.0786E+00  1.2687E+00
1.0000E+02  1.9925E+03  3.6225E+03  1.0788E+00  1.2716E+00
1.5849E+02  1.8193E+03  2.7306E+03  1.0790E+00  1.2741E+00
2.5119E+02  1.5597E+03  2.0466E+03  1.0791E+00  1.2762E+00
3.9811E+02  1.2320E+03  1.4820E+03  1.0793E+00  1.2787E+00
6.3096E+02  9.2896E+02  1.0347E+03  1.0795E+00  1.2817E+00
1.0000E+03  6.7348E+02  7.1990E+02  1.0800E+00  1.2872E+00
1.5849E+03  4.6482E+02  4.8344E+02  1.0803E+00  1.2910E+00
2.5119E+03  3.4567E+02  3.5268E+02  1.0809E+00  1.3013E+00
3.9811E+03  2.9089E+02  2.9443E+02  1.0818E+00  1.3158E+00
6.3096E+03  2.4819E+02  2.5013E+02  1.0819E+00  1.3191E+00
1.0000E+04  2.0577E+02  2.0745E+02  1.0820E+00  1.3223E+00
Rosseland and Planck opacities and free electrons
Density     Ross opa    Planck opa  No. Free    Av Sq Free  T=  8.0000E-02
1.0000E-10  3.4920E-01  4.4434E-02  1.0822E+00  1.3259E+00
1.5849E-10  3.4958E-01  5.5862E-02  1.0822E+00  1.3254E+00
2.5119E-10  3.4995E-01  6.9856E-02  1.0822E+00  1.3249E+00
3.9811E-10  3.5039E-01  8.5342E-02  1.0822E+00  1.3244E+00
6.3096E-10  3.5083E-01  1.0242E-01  1.0822E+00  1.3239E+00
1.0000E-09  3.5130E-01  1.2521E-01  1.0821E+00  1.3233E+00
1.5849E-09  3.5181E-01  1.5167E-01  1.0821E+00  1.3229E+00
2.5119E-09  3.5232E-01  1.8927E-01  1.0821E+00  1.3223E+00
3.9811E-09  3.5294E-01  2.2502E-01  1.0821E+00  1.3218E+00
6.3096E-09  3.5353E-01  2.8102E-01  1.0821E+00  1.3212E+00
1.0000E-08  3.5432E-01  3.1749E-01  1.0821E+00  1.3208E+00
1.5849E-08  3.5507E-01  3.7530E-01  1.0820E+00  1.3201E+00
2.5119E-08  3.5600E-01  4.0982E-01  1.0820E+00  1.3196E+00
3.9811E-08  3.5702E-01  4.5132E-01  1.0820E+00  1.3190E+00
6.3096E-08  3.5823E-01  4.8019E-01  1.0820E+00  1.3184E+00
1.0000E-07  3.5973E-01  5.0337E-01  1.0820E+00  1.3178E+00
1.5849E-07  3.6157E-01  5.2767E-01  1.0819E+00  1.3171E+00
2.5119E-07  3.6403E-01  5.5059E-01  1.0819E+00  1.3165E+00
3.9811E-07  3.6710E-01  5.8253E-01  1.0819E+00  1.3157E+00
6.3096E-07  3.7119E-01  6.2188E-01  1.0818E+00  1.3151E+00
1.0000E-06  3.7643E-01  6.8198E-01  1.0818E+00  1.3143E+00
1.5849E-06  3.8369E-01  7.6197E-01  1.0818E+00  1.3138E+00
2.5119E-06  3.9291E-01  8.8875E-01  1.0817E+00  1.3129E+00
3.9811E-06  4.0590E-01  1.0552E+00  1.0817E+00  1.3123E+00
6.3096E-06  4.2270E-01  1.3183E+00  1.0816E+00  1.3113E+00
1.0000E-05  4.4703E-01  1.6688E+00  1.0816E+00  1.3104E+00
1.5849E-05  4.7978E-01  2.2054E+00  1.0815E+00  1.3093E+00
2.5119E-05  5.2861E-01  2.9206E+00  1.0814E+00  1.3081E+00
3.9811E-05  5.9785E-01  3.9595E+00  1.0813E+00  1.3066E+00
6.3096E-05  7.0467E-01  5.3299E+00  1.0812E+00  1.3050E+00
1.0000E-04  8.6854E-01  7.1113E+00  1.0810E+00  1.3033E+00
1.5849E-04  1.1283E+00  9.5478E+00  1.0809E+00  1.3011E+00
2.5119E-04  1.5664E+00  1.2262E+01  1.0807E+00  1.2994E+00
3.9811E-04  2.2512E+00  1.6321E+01  1.0805E+00  1.2969E+00
6.3096E-04  3.4799E+00  2.0619E+01  1.0803E+00  1.2950E+00
1.0000E-03  5.3404E+00  2.7426E+01  1.0800E+00  1.2921E+00
1.5849E-03  8.3925E+00  3.5243E+01  1.0797E+00  1.2898E+00
2.5119E-03  1.2922E+01  4.7440E+01  1.0792E+00  1.2865E+00
3.9811E-03  1.8837E+01  6.1512E+01  1.0787E+00  1.2835E+00
6.3096E-03  2.7143E+01  8.1921E+01  1.0780E+00  1.2798E+00
1.0000E-02  3.6716E+01  1.0735E+02  1.0773E+00  1.2761E+00
1.5849E-02  4.8622E+01  1.4194E+02  1.0765E+00  1.2722E+00
2.5119E-02  6.2768E+01  1.8911E+02  1.0757E+00  1.2679E+00
3.9811E-02  7.8463E+01  2.5146E+02  1.0752E+00  1.2640E+00
6.3096E-02  9.8749E+01  3.4199E+02  1.0745E+00  1.2588E+00
1.0000E-01  1.1995E+02  4.5878E+02  1.0739E+00  1.2542E+00
1.5849E-01  1.4911E+02  6.3455E+02  1.0731E+00  1.2474E+00
2.5119E-01  1.7562E+02  8.3662E+02  1.0721E+00  1.2419E+00
3.9811E-01  2.1317E+02  1.1507E+03  1.0705E+00  1.2332E+00
6.3096E-01  2.4587E+02  1.4885E+03  1.0696E+00  1.2287E+00
1.0000E+00  2.9048E+02  1.9950E+03  1.0683E+00  1.2222E+00
1.5849E+00  3.3841E+02  2.4942E+03  1.0681E+00  1.2208E+00
2.5119E+00  4.0034E+02  3.1598E+03  1.0684E+00  1.2210E+00
3.9811E+00  4.8177E+02  3.7431E+03  1.0696E+00  1.2251E+00
6.3096E+00  6.0007E+02  4.4444E+03  1.0715E+00  1.2326E+00
1.0000E+01  7.4681E+02  4.8474E+03  1.0735E+00  1.2407E+00
1.5849E+01  9.3774E+02  5.1089E+03  1.0757E+00  1.2502E+00
2.5119E+01  1.1612E+03  5.0441E+03  1.0773E+00  1.2583E+00
3.9811E+01  1.3730E+03  4.6335E+03  1.0781E+00  1.2638E+00
6.3096E+01  1.5246E+03  3.9657E+03  1.0785E+00  1.2682E+00
1.0000E+02  1.5707E+03  3.2403E+03  1.0788E+00  1.2717E+00
1.5849E+02  1.5094E+03  2.5254E+03  1.0790E+00  1.2745E+00
2.5119E+02  1.3450E+03  1.8951E+03  1.0791E+00  1.2761E+00
3.9811E+02  1.1204E+03  1.4259E+03  1.0793E+00  1.2791E+00
6.3096E+02  8.5590E+02  9.9206E+02  1.0796E+00  1.2825E+00
1.0000E+03  6.4883E+02  7.0828E+02  1.0800E+00  1.2872E+00
1.5849E+03  4.4709E+02  4.7170E+02  1.0803E+00  1.2914E+00
2.5119E+03  3.2006E+02  3.2975E+02  1.0808E+00  1.2984E+00
3.9811E+03  2.5511E+02  2.5900E+02  1.0815E+00  1.3104E+00
6.3096E+03  2.1736E+02  2.1955E+02  1.0819E+00  1.3189E+00
1.0000E+04  1.8514E+02  1.8639E+02  1.0821E+00  1.3244E+00
Rosseland and Planck opacities and free electrons
Density     Ross opa    Planck opa  No. Free    Av Sq Free  T=  9.0000E-02
1.0000E-10  3.4824E-01  1.6685E-02  1.0823E+00  1.3286E+00
1.5849E-10  3.4848E-01  2.3907E-02  1.0823E+00  1.3282E+00
2.5119E-10  3.4879E-01  3.6357E-02  1.0823E+00  1.3279E+00
3.9811E-10  3.4915E-01  5.5310E-02  1.0823E+00  1.3274E+00
6.3096E-10  3.4964E-01  7.9602E-02  1.0822E+00  1.3270E+00
1.0000E-09  3.5011E-01  1.1810E-01  1.0822E+00  1.3264E+00
1.5849E-09  3.5084E-01  1.4737E-01  1.0822E+00  1.3260E+00
2.5119E-09  3.5150E-01  1.9275E-01  1.0822E+00  1.3254E+00
3.9811E-09  3.5241E-01  2.1939E-01  1.0822E+00  1.3249E+00
6.3096E-09  3.5327E-01  2.4775E-01  1.0822E+00  1.3243E+00
1.0000E-08  3.5435E-01  2.6872E-01  1.0822E+00  1.3238E+00
1.5849E-08  3.5544E-01  2.8442E-01  1.0821E+00  1.3233E+00
2.5119E-08  3.5668E-01  3.0468E-01  1.0821E+00  1.3227E+00
3.9811E-08  3.5805E-01  3.2995E-01  1.0821E+00  1.3221E+00
6.3096E-08  3.5950E-01  3.6428E-01  1.0821E+00  1.3215E+00
1.0000E-07  3.6123E-01  4.0084E-01  1.0821E+00  1.3210E+00
1.5849E-07  3.6306E-01  4.5487E-01  1.0820E+00  1.3202E+00
2.5119E-07  3.6540E-01  5.0310E-01  1.0820E+00  1.3197E+00
3.9811E-07  3.6804E-01  5.7954E-01  1.0820E+00  1.3189E+00
6.3096E-07  3.7141E-01  6.5016E-01  1.0820E+00  1.3184E+00
1.0000E-06  3.7555E-01  7.5846E-01  1.0819E+00  1.3175E+00
1.5849E-06  3.8093E-01  8.5594E-01  1.0819E+00  1.3169E+00
2.5119E-06  3.8798E-01  9.8333E-01  1.0819E+00  1.3161E+00
3.9811E-06  3.9756E-01  1.1197E+00  1.0818E+00  1.3153E+00
6.3096E-06  4.1045E-01  1.2816E+00  1.0818E+00  1.3146E+00
1.0000E-05  4.2820E-01  1.5008E+00  1.0817E+00  1.3137E+00
1.5849E-05  4.5264E-01  1.7861E+00  1.0817E+00  1.3129E+00
2.5119E-05  4.8668E-01  2.2112E+00  1.0816E+00  1.3119E+00
3.9811E-05  5.3633E-01  2.7877E+00  1.0816E+00  1.3109E+00
6.3096E-05  6.0622E-01  3.6777E+00  1.0815E+00  1.3095E+00
1.0000E-04  7.1680E-01  4.7733E+00  1.0814E+00  1.3083E+00
1.5849E-04  8.7465E-01  6.5095E+00  1.0812E+00  1.3064E+00
2.5119E-04  1.1442E+00  8.4215E+00  1.0811E+00  1.3049E+00
3.9811E-04  1.5468E+00  1.1354E+01  1.0809E+00  1.3027E+00
6.3096E-04  2.2483E+00  1.4829E+01  1.0807E+00  1.3007E+00
1.0000E-03  3.3416E+00  1.9826E+01  1.0805E+00  1.2982E+00
1.5849E-03  5.1316E+00  2.6118E+01  1.0802E+00  1.2957E+00
2.5119E-03  7.9099E+00  3.4554E+01  1.0798E+00  1.2929E+00
3.9811E-03  1.1946E+01  4.6004E+01  1.0793E+00  1.2896E+00
6.3096E-03  1.7596E+01  6.0557E+01  1.0788E+00  1.2864E+00
1.0000E-02  2.5364E+01  8.1474E+01  1.0780E+00  1.2821E+00
1.5849E-02  3.4282E+01  1.0546E+02  1.0775E+00  1.2788E+00
2.5119E-02  4.6997E+01  1.4259E+02  1.0766E+00  1.2737E+00
3.9811E-02  5.9271E+01  1.8460E+02  1.0763E+00  1.2704E+00
6.3096E-02  7.7079E+01  2.5073E+02  1.0758E+00  1.2651E+00
1.0000E-01  9.4492E+01  3.3011E+02  1.0753E+00  1.2608E+00
1.5849E-01  1.1810E+02  4.5062E+02  1.0745E+00  1.2547E+00
2.5119E-01  1.4165E+02  5.9584E+02  1.0737E+00  1.2492E+00
3.9811E-01  1.7027E+02  8.0303E+02  1.0725E+00  1.2425E+00
6.3096E-01  1.9979E+02  1.0607E+03  1.0715E+00  1.2368E+00
1.0000E+00  2.3196E+02  1.3958E+03  1.0707E+00  1.2325E+00
1.5849E+00  2.7018E+02  1.8081E+03  1.0703E+00  1.2293E+00
2.5119E+00  3.1482E+02  2.2712E+03  1.0707E+00  1.2301E+00
3.9811E+00  3.7260E+02  2.8014E+03  1.0715E+00  1.2324E+00
6.3096E+00  4.5337E+02  3.3204E+03  1.0729E+00  1.2380E+00
1.0000E+01  5.5760E+02  3.7697E+03  1.0745E+00  1.2446E+00
1.5849E+01  7.0008E+02  4.1380E+03  1.0764E+00  1.2529E+00
2.5119E+01  8.5834E+02  4.1396E+03  1.0775E+00  1.2589E+00
3.9811E+01  1.0313E+03  3.9295E+03  1.0782E+00  1.2641E+00
6.3096E+01  1.1653E+03  3.4478E+03  1.0786E+00  1.2680E+00
1.0000E+02  1.2608E+03  2.9130E+03  1.0789E+00  1.2719E+00
1.5849E+02  1.2481E+03  2.3296E+03  1.0790E+00  1.2745E+00
2.5119E+02  1.1483E+03  1.7572E+03  1.0791E+00  1.2765E+00
3.9811E+02  9.9597E+02  1.3304E+03  1.0793E+00  1.2791E+00
6.3096E+02  7.9447E+02  9.6045E+02  1.0798E+00  1.2851E+00
1.0000E+03  6.0503E+02  6.7668E+02  1.0800E+00  1.2874E+00
1.5849E+03  4.3353E+02  4.6456E+02  1.0803E+00  1.2911E+00
2.5119E+03  3.0433E+02  3.1676E+02  1.0808E+00  1.2989E+00
3.9811E+03  2.2995E+02  2.3470E+02  1.0814E+00  1.3091E+00
6.3096E+03  1.9475E+02  1.9716E+02  1.0819E+00  1.3196E+00
1.0000E+04  1.6770E+02  1.6907E+02  1.0821E+00  1.3244E+00
Rosseland and Planck opacities and free electrons
Density     Ross opa    Planck opa  No. Free    Av Sq Free  T=  1.0000E-01
1.0000E-10  3.4762E-01  4.7759E-03  1.0823E+00  1.3300E+00
1.5849E-10  3.4772E-01  6.2805E-03  1.0823E+00  1.3298E+00
2.5119E-10  3.4789E-01  7.3823E-03  1.0823E+00  1.3296E+00
3.9811E-10  3.4808E-01  9.0876E-03  1.0823E+00  1.3293E+00
6.3096E-10  3.4837E-01  1.1216E-02  1.0823E+00  1.3291E+00
1.0000E-09  3.4869E-01  1.4414E-02  1.0823E+00  1.3288E+00
1.5849E-09  3.4919E-01  1.9004E-02  1.0823E+00  1.3284E+00
2.5119E-09  3.4979E-01  2.5930E-02  1.0823E+00  1.3280E+00
3.9811E-09  3.5059E-01  3.5280E-02  1.0823E+00  1.3276E+00
6.3096E-09  3.5154E-01  4.7700E-02  1.0822E+00  1.3271E+00
1.0000E-08  3.5266E-01  6.4851E-02  1.0822E+00  1.3265E+00
1.5849E-08  3.5408E-01  8.4162E-02  1.0822E+00  1.3260E+00
2.5119E-08  3.5553E-01  1.1280E-01  1.0822E+00  1.3253E+00
3.9811E-08  3.5743E-01  1.3946E-01  1.0822E+00  1.3249E+00
6.3096E-08  3.5918E-01  1.8172E-01  1.0822E+00  1.3241E+00
1.0000E-07  3.6154E-01  2.1609E-01  1.0821E+00  1.3237E+00
1.5849E-07  3.6377E-01  2.6823E-01  1.0821E+00  1.3230E+00
2.5119E-07  3.6660E-01  3.1634E-01  1.0821E+00  1.3224E+00
3.9811E-07  3.6956E-01  3.7998E-01  1.0821E+00  1.3218E+00
6.3096E-07  3.7311E-01  4.5020E-01  1.0821E+00  1.3211E+00
1.0000E-06  3.7716E-01  5.3611E-01  1.0820E+00  1.3205E+00
1.5849E-06  3.8201E-01  6.4342E-01  1.0820E+00  1.3197E+00
2.5119E-06  3.8806E-01  7.6551E-01  1.0820E+00  1.3190E+00
3.9811E-06  3.9564E-01  9.3104E-01  1.0819E+00  1.3182E+00
6.3096E-06  4.0564E-01  1.0926E+00  1.0819E+00  1.3175E+00
1.0000E-05  4.1868E-01  1.3359E+00  1.0819E+00  1.3165E+00
1.5849E-05  4.3702E-01  1.5546E+00  1.0818E+00  1.3158E+00
2.5119E-05  4.6182E-01  1.9013E+00  1.0818E+00  1.3147E+00
3.9811E-05  4.9857E-01  2.2917E+00  1.0817E+00  1.3140E+00
6.3096E-05  5.4950E-01  2.8924E+00  1.0817E+00  1.3129E+00
1.0000E-04  6.2788E-01  3.6667E+00  1.0816E+00  1.3119E+00
1.5849E-04  7.4136E-01  4.8182E+00  1.0815E+00  1.3105E+00
2.5119E-04  9.2159E-01  6.3166E+00  1.0814E+00  1.3091E+00
3.9811E-04  1.1977E+00  8.3858E+00  1.0812E+00  1.3075E+00
6.3096E-04  1.6406E+00  1.1173E+01  1.0811E+00  1.3054E+00
1.0000E-03  2.3558E+00  1.4661E+01  1.0809E+00  1.3034E+00
1.5849E-03  3.4779E+00  1.9752E+01  1.0806E+00  1.3007E+00
2.5119E-03  5.2976E+00  2.5969E+01  1.0803E+00  1.2984E+00
3.9811E-03  8.0370E+00  3.5592E+01  1.0798E+00  1.2948E+00
6.3096E-03  1.1995E+01  4.6054E+01  1.0794E+00  1.2921E+00
1.0000E-02  1.7857E+01  6.2625E+01  1.0787E+00  1.2879E+00
1.5849E-02  2.4901E+01  8.0962E+01  1.0782E+00  1.2847E+00
2.5119E-02  3.4896E+01  1.0860E+02  1.0776E+00  1.2802E+00
3.9811E-02  4.5958E+01  1.4191E+02  1.0772E+00  1.2762E+00
6.3096E-02  6.0266E+01  1.8917E+02  1.0768E+00  1.2715E+00
1.0000E-01  7.6734E+01  2.5110E+02  1.0763E+00  1.2666E+00
1.5849E-01  9.5998E+01  3.3521E+02  1.0756E+00  1.2613E+00
2.5119E-01  1.1823E+02  4.4887E+02  1.0748E+00  1.2551E+00
3.9811E-01  1.4011E+02  5.9031E+02  1.0739E+00  1.2498E+00
6.3096E-01  1.6660E+02  7.9250E+02  1.0729E+00  1.2431E+00
1.0000E+00  1.9074E+02  1.0253E+03  1.0724E+00  1.2401E+00
1.5849E+00  2.2219E+02  1.3621E+03  1.0719E+00  1.2361E+00
2.5119E+00  2.5507E+02  1.6996E+03  1.0723E+00  1.2370E+00
3.9811E+00  2.9835E+02  2.1645E+03  1.0730E+00  1.2384E+00
6.3096E+00  3.5496E+02  2.5599E+03  1.0740E+00  1.2424E+00
1.0000E+01  4.3246E+02  3.0082E+03  1.0754E+00  1.2480E+00
1.5849E+01  5.3213E+02  3.3091E+03  1.0766E+00  1.2540E+00
2.5119E+01  6.5225E+02  3.4230E+03  1.0776E+00  1.2596E+00
3.9811E+01  7.9095E+02  3.3422E+03  1.0783E+00  1.2645E+00
6.3096E+01  9.1551E+02  3.0336E+03  1.0786E+00  1.2683E+00
1.0000E+02  1.0223E+03  2.6247E+03  1.0789E+00  1.2719E+00
1.5849E+02  1.0305E+03  2.1248E+03  1.0790E+00  1.2741E+00
2.5119E+02  9.8487E+02  1.6420E+03  1.0791E+00  1.2766E+00
3.9811E+02  8.8601E+02  1.2506E+03  1.0793E+00  1.2794E+00
6.3096E+02  7.3148E+02  9.2575E+02  1.0796E+00  1.2831E+00
1.0000E+03  5.6493E+02  6.5051E+02  1.0800E+00  1.2873E+00
1.5849E+03  4.2152E+02  4.5936E+02  1.0803E+00  1.2916E+00
2.5119E+03  2.9504E+02  3.1060E+02  1.0812E+00  1.3041E+00
3.9811E+03  2.1633E+02  2.2253E+02  1.0817E+00  1.3139E+00
6.3096E+03  1.7631E+02  1.7886E+02  1.0819E+00  1.3195E+00
1.0000E+04  1.5069E+02  1.5219E+02  1.0821E+00  1.3233E+00
Rosseland and Planck opacities and free electrons
Density     Ross opa    Planck opa  No. Free    Av Sq Free  T=  1.2500E-01
1.0000E-10  3.4711E-01  9.7636E-05  1.0824E+00  1.3315E+00
1.5849E-10  3.4714E-01  1.5118E-04  1.0824E+00  1.3314E+00
2.5119E-10  3.4717E-01  2.3517E-04  1.0824E+00  1.3313E+00
3.9811E-10  3.4721E-01  3.6490E-04  1.0824E+00  1.3313E+00
6.3096E-10  3.4725E-01  5.6984E-04  1.0824E+00  1.3311E+00
1.0000E-09  3.4732E-01  8.8429E-04  1.0824E+00  1.3310E+00
1.5849E-09  3.4740E-01  1.3827E-03  1.0824E+00  1.3309E+00
2.5119E-09  3.4753E-01  2.1379E-03  1.0824E+00  1.3308E+00
3.9811E-09  3.4769E-01  3.3303E-03  1.0823E+00  1.3306E+00
6.3096E-09  3.4796E-01  5.1103E-03  1.0823E+00  1.3304E+00
1.0000E-08  3.4830E-01  7.8814E-03  1.0823E+00  1.3302E+00
1.5849E-08  3.4884E-01  1.1976E-02  1.0823E+00  1.3300E+00
2.5119E-08  3.4952E-01  1.8173E-02  1.0823E+00  1.3298E+00
3.9811E-08  3.5047E-01  2.7208E-02  1.0823E+00  1.3295E+00
6.3096E-08  3.5174E-01  3.9976E-02  1.0823E+00  1.3292E+00
1.0000E-07  3.5336E-01  5.8703E-02  1.0823E+00  1.3288E+00
1.5849E-07  3.5574E-01  8.1590E-02  1.0823E+00  1.3284E+00
2.5119E-07  3.5835E-01  1.1704E-01  1.0823E+00  1.3278E+00
3.9811E-07  3.6243E-01  1.5244E-01  1.0822E+00  1.3274E+00
6.3096E-07  3.6657E-01  2.0854E-01  1.0822E+00  1.3267E+00
1.0000E-06  3.7267E-01  2.6251E-01  1.0822E+00  1.3261E+00
1.5849E-06  3.7878E-01  3.4187E-01  1.0822E+00  1.3254E+00
2.5119E-06  3.8661E-01  4.2415E-01  1.0822E+00  1.3248E+00
3.9811E-06  3.9489E-01  5.3169E-01  1.0821E+00  1.3240E+00
6.3096E-06  4.0500E-01  6.5511E-01  1.0821E+00  1.3233E+00
1.0000E-05  4.1658E-01  7.9894E-01  1.0821E+00  1.3226E+00
1.5849E-05  4.3063E-01  9.8499E-01  1.0821E+00  1.3217E+00
2.5119E-05  4.4818E-01  1.1865E+00  1.0820E+00  1.3210E+00
3.9811E-05  4.7028E-01  1.4779E+00  1.0820E+00  1.3200E+00
6.3096E-05  5.0057E-01  1.7887E+00  1.0819E+00  1.3192E+00
1.0000E-04  5.4069E-01  2.2775E+00  1.0819E+00  1.3180E+00
1.5849E-04  6.0063E-01  2.7994E+00  1.0818E+00  1.3172E+00
2.5119E-04  6.8414E-01  3.6269E+00  1.0817E+00  1.3159E+00
3.9811E-04  8.1608E-01  4.5926E+00  1.0817E+00  1.3149E+00
6.3096E-04  1.0101E+00  6.0448E+00  1.0816E+00  1.3135E+00
1.0000E-03  1.3253E+00  7.8582E+00  1.0815E+00  1.3121E+00
1.5849E-03  1.8108E+00  1.0437E+01  1.0813E+00  1.3104E+00
2.5119E-03  2.5933E+00  1.3932E+01  1.0811E+00  1.3083E+00
3.9811E-03  3.8200E+00  1.8738E+01  1.0808E+00  1.3060E+00
6.3096E-03  5.6998E+00  2.5412E+01  1.0804E+00  1.3031E+00
1.0000E-02  8.5157E+00  3.3585E+01  1.0800E+00  1.3003E+00
1.5849E-02  1.2636E+01  4.5731E+01  1.0795E+00  1.2963E+00
2.5119E-02  1.8157E+01  5.9519E+01  1.0792E+00  1.2932E+00
3.9811E-02  2.6172E+01  8.1296E+01  1.0787E+00  1.2883E+00
6.3096E-02  3.5085E+01  1.0500E+02  1.0785E+00  1.2848E+00
1.0000E-01  4.7568E+01  1.4211E+02  1.0780E+00  1.2792E+00
1.5849E-01  6.0601E+01  1.8535E+02  1.0776E+00  1.2746E+00
2.5119E-01  7.7037E+01  2.4896E+02  1.0769E+00  1.2685E+00
3.9811E-01  9.2296E+01  3.2404E+02  1.0762E+00  1.2633E+00
6.3096E-01  1.0855E+02  4.2578E+02  1.0756E+00  1.2580E+00
1.0000E+00  1.2512E+02  5.5547E+02  1.0750E+00  1.2535E+00
1.5849E+00  1.4207E+02  7.2065E+02  1.0749E+00  1.2512E+00
2.5119E+00  1.6181E+02  9.3516E+02  1.0750E+00  1.2492E+00
3.9811E+00  1.8399E+02  1.1827E+03  1.0754E+00  1.2498E+00
6.3096E+00  2.1263E+02  1.4801E+03  1.0760E+00  1.2511E+00
1.0000E+01  2.5053E+02  1.7734E+03  1.0767E+00  1.2540E+00
1.5849E+01  3.0040E+02  2.0441E+03  1.0774E+00  1.2575E+00
2.5119E+01  3.6909E+02  2.2682E+03  1.0781E+00  1.2618E+00
3.9811E+01  4.4548E+02  2.2994E+03  1.0784E+00  1.2653E+00
6.3096E+01  5.3436E+02  2.2238E+03  1.0787E+00  1.2691E+00
1.0000E+02  6.0878E+02  1.9924E+03  1.0789E+00  1.2717E+00
1.5849E+02  6.7003E+02  1.7163E+03  1.0790E+00  1.2741E+00
2.5119E+02  6.7843E+02  1.3999E+03  1.0791E+00  1.2768E+00
3.9811E+02  6.4820E+02  1.0759E+03  1.0793E+00  1.2796E+00
6.3096E+02  5.8419E+02  8.2626E+02  1.0797E+00  1.2838E+00
1.0000E+03  4.7952E+02  6.0217E+02  1.0800E+00  1.2875E+00
1.5849E+03  3.7359E+02  4.2805E+02  1.0802E+00  1.2904E+00
2.5119E+03  2.7426E+02  2.9826E+02  1.0809E+00  1.2998E+00
3.9811E+03  1.9450E+02  2.0432E+02  1.0816E+00  1.3116E+00
6.3096E+03  1.4550E+02  1.4946E+02  1.0819E+00  1.3186E+00
1.0000E+04  1.2064E+02  1.2232E+02  1.0821E+00  1.3245E+00
Rosseland and Planck opacities and free electrons
Density     Ross opa    Planck opa  No. Free    Av Sq Free  T=  1.5000E-01
1.0000E-10  3.4681E-01  1.9333E-05  1.0824E+00  1.3322E+00
1.5849E-10  3.4682E-01  2.9331E-05  1.0824E+00  1.3322E+00
2.5119E-10  3.4684E-01  4.4979E-05  1.0824E+00  1.3321E+00
3.9811E-10  3.4685E-01  6.7466E-05  1.0824E+00  1.3321E+00
6.3096E-10  3.4688E-01  1.0157E-04  1.0824E+00  1.3320E+00
1.0000E-09  3.4692E-01  1.5177E-04  1.0824E+00  1.3319E+00
1.5849E-09  3.4696E-01  2.2613E-04  1.0824E+00  1.3319E+00
2.5119E-09  3.4702E-01  3.4035E-04  1.0824E+00  1.3318E+00
3.9811E-09  3.4709E-01  5.1123E-04  1.0824E+00  1.3317E+00
6.3096E-09  3.4718E-01  7.7852E-04  1.0824E+00  1.3316E+00
1.0000E-08  3.4729E-01  1.1745E-03  1.0824E+00  1.3315E+00
1.5849E-08  3.4742E-01  1.8021E-03  1.0824E+00  1.3314E+00
2.5119E-08  3.4760E-01  2.7240E-03  1.0824E+00  1.3313E+00
3.9811E-08  3.4782E-01  4.1824E-03  1.0824E+00  1.3311E+00
6.3096E-08  3.4817E-01  6.3595E-03  1.0824E+00  1.3310E+00
1.0000E-07  3.4865E-01  9.7672E-03  1.0824E+00  1.3308E+00
1.5849E-07  3.4940E-01  1.4800E-02  1.0824E+00  1.3306E+00
2.5119E-07  3.5039E-01  2.2499E-02  1.0823E+00  1.3304E+00
3.9811E-07  3.5184E-01  3.3835E-02  1.0823E+00  1.3302E+00
6.3096E-07  3.5379E-01  5.0492E-02  1.0823E+00  1.3299E+00
1.0000E-06  3.5642E-01  7.5131E-02  1.0823E+00  1.3295E+00
1.5849E-06  3.6026E-01  1.0853E-01  1.0823E+00  1.3292E+00
2.5119E-06  3.6502E-01  1.5937E-01  1.0823E+00  1.3287E+00
3.9811E-06  3.7252E-01  2.1860E-01  1.0823E+00  1.3283E+00
6.3096E-06  3.8083E-01  3.1247E-01  1.0823E+00  1.3276E+00
1.0000E-05  3.9398E-01  4.0668E-01  1.0822E+00  1.3270E+00
1.5849E-05  4.0818E-01  5.5160E-01  1.0822E+00  1.3262E+00
2.5119E-05  4.2778E-01  7.0117E-01  1.0822E+00  1.3255E+00
3.9811E-05  4.4967E-01  9.0790E-01  1.0822E+00  1.3247E+00
6.3096E-05  4.7793E-01  1.1466E+00  1.0821E+00  1.3239E+00
1.0000E-04  5.1206E-01  1.4491E+00  1.0821E+00  1.3230E+00
1.5849E-04  5.5653E-01  1.8409E+00  1.0821E+00  1.3221E+00
2.5119E-04  6.1492E-01  2.3119E+00  1.0820E+00  1.3212E+00
3.9811E-04  6.9444E-01  2.9780E+00  1.0820E+00  1.3200E+00
6.3096E-04  8.1024E-01  3.7328E+00  1.0819E+00  1.3190E+00
1.0000E-03  9.7537E-01  4.8896E+00  1.0819E+00  1.3175E+00
1.5849E-03  1.2404E+00  6.1609E+00  1.0818E+00  1.3164E+00
2.5119E-03  1.6315E+00  8.1739E+00  1.0817E+00  1.3146E+00
3.9811E-03  2.2883E+00  1.0628E+01  1.0816E+00  1.3132E+00
6.3096E-03  3.2799E+00  1.4425E+01  1.0815E+00  1.3111E+00
1.0000E-02  4.8631E+00  1.9160E+01  1.0814E+00  1.3090E+00
1.5849E-02  7.2299E+00  2.6085E+01  1.0812E+00  1.3063E+00
2.5119E-02  1.0648E+01  3.5042E+01  1.0809E+00  1.3032E+00
3.9811E-02  1.5433E+01  4.7261E+01  1.0806E+00  1.2997E+00
6.3096E-02  2.1746E+01  6.3774E+01  1.0802E+00  1.2953E+00
1.0000E-01  2.9489E+01  8.4414E+01  1.0798E+00  1.2910E+00
1.5849E-01  3.9339E+01  1.1431E+02  1.0791E+00  1.2851E+00
2.5119E-01  4.9514E+01  1.4989E+02  1.0785E+00  1.2804E+00
3.9811E-01  6.2164E+01  2.0391E+02  1.0777E+00  1.2734E+00
6.3096E-01  7.1668E+01  2.5954E+02  1.0773E+00  1.2697E+00
1.0000E+00  8.4095E+01  3.4589E+02  1.0767E+00  1.2638E+00
1.5849E+00  9.4215E+01  4.3862E+02  1.0766E+00  1.2615E+00
2.5119E+00  1.0721E+02  5.7527E+02  1.0766E+00  1.2587E+00
3.9811E+00  1.2033E+02  7.2724E+02  1.0768E+00  1.2579E+00
6.3096E+00  1.3758E+02  9.3373E+02  1.0771E+00  1.2577E+00
1.0000E+01  1.5852E+02  1.1321E+03  1.0774E+00  1.2587E+00
1.5849E+01  1.8855E+02  1.3710E+03  1.0779E+00  1.2608E+00
2.5119E+01  2.2496E+02  1.5246E+03  1.0782E+00  1.2632E+00
3.9811E+01  2.7402E+02  1.6419E+03  1.0786E+00  1.2664E+00
6.3096E+01  3.3410E+02  1.6618E+03  1.0788E+00  1.2699E+00
1.0000E+02  3.9695E+02  1.5737E+03  1.0789E+00  1.2728E+00
1.5849E+02  4.4578E+02  1.3877E+03  1.0790E+00  1.2745E+00
2.5119E+02  4.7599E+02  1.1727E+03  1.0792E+00  1.2771E+00
3.9811E+02  4.8159E+02  9.5252E+02  1.0794E+00  1.2807E+00
6.3096E+02  4.6005E+02  7.3520E+02  1.0799E+00  1.2856E+00
1.0000E+03  4.0616E+02  5.6250E+02  1.0800E+00  1.2877E+00
1.5849E+03  3.2574E+02  3.9849E+02  1.0803E+00  1.2914E+00
2.5119E+03  2.5688E+02  2.9016E+02  1.0812E+00  1.3052E+00
3.9811E+03  1.8253E+02  1.9668E+02  1.0816E+00  1.3126E+00
6.3096E+03  1.3186E+02  1.3766E+02  1.0819E+00  1.3199E+00
1.0000E+04  1.0162E+02  1.0390E+02  1.0821E+00  1.3236E+00
Rosseland and Planck opacities and free electrons
Density     Ross opa    Planck opa  No. Free    Av Sq Free  T=  1.7500E-01
1.0000E-10  3.4660E-01  4.6760E-06  1.0824E+00  1.3324E+00
1.5849E-10  3.4660E-01  7.1204E-06  1.0824E+00  1.3324E+00
2.5119E-10  3.4660E-01  1.0785E-05  1.0824E+00  1.3324E+00
3.9811E-10  3.4661E-01  1.6540E-05  1.0824E+00  1.3324E+00
6.3096E-10  3.4662E-01  2.5288E-05  1.0824E+00  1.3323E+00
1.0000E-09  3.4663E-01  3.9151E-05  1.0824E+00  1.3323E+00
1.5849E-09  3.4665E-01  5.9679E-05  1.0824E+00  1.3323E+00
2.5119E-09  3.4667E-01  9.2179E-05  1.0824E+00  1.3323E+00
3.9811E-09  3.4671E-01  1.4023E-04  1.0824E+00  1.3322E+00
6.3096E-09  3.4676E-01  2.1537E-04  1.0824E+00  1.3322E+00
1.0000E-08  3.4683E-01  3.2718E-04  1.0824E+00  1.3321E+00
1.5849E-08  3.4691E-01  4.9919E-04  1.0824E+00  1.3321E+00
2.5119E-08  3.4702E-01  7.5475E-04  1.0824E+00  1.3320E+00
3.9811E-08  3.4715E-01  1.1352E-03  1.0824E+00  1.3319E+00
6.3096E-08  3.4731E-01  1.7192E-03  1.0824E+00  1.3318E+00
1.0000E-07  3.4753E-01  2.5871E-03  1.0824E+00  1.3317E+00
1.5849E-07  3.4780E-01  3.9460E-03  1.0824E+00  1.3316E+00
2.5119E-07  3.4817E-01  5.9490E-03  1.0824E+00  1.3315E+00
3.9811E-07  3.4864E-01  9.1235E-03  1.0824E+00  1.3313E+00
6.3096E-07  3.4940E-01  1.3780E-02  1.0824E+00  1.3312E+00
1.0000E-06  3.5040E-01  2.1136E-02  1.0824E+00  1.3310E+00
1.5849E-06  3.5194E-01  3.1745E-02  1.0824E+00  1.3308E+00
2.5119E-06  3.5392E-01  4.8188E-02  1.0823E+00  1.3306E+00
3.9811E-06  3.5695E-01  7.1751E-02  1.0823E+00  1.3303E+00
6.3096E-06  3.6098E-01  1.0708E-01  1.0823E+00  1.3300E+00
1.0000E-05  3.6698E-01  1.5741E-01  1.0823E+00  1.3296E+00
1.5849E-05  3.7546E-01  2.2800E-01  1.0823E+00  1.3292E+00
2.5119E-05  3.8723E-01  3.2967E-01  1.0823E+00  1.3287E+00
3.9811E-05  4.0466E-01  4.5515E-01  1.0823E+00  1.3281E+00
6.3096E-05  4.2648E-01  6.4551E-01  1.0822E+00  1.3274E+00
1.0000E-04  4.5963E-01  8.4362E-01  1.0822E+00  1.3267E+00
1.5849E-04  4.9868E-01  1.1576E+00  1.0822E+00  1.3257E+00
2.5119E-04  5.5478E-01  1.4668E+00  1.0822E+00  1.3250E+00
3.9811E-04  6.2293E-01  1.9371E+00  1.0821E+00  1.3239E+00
6.3096E-04  7.1816E-01  2.4566E+00  1.0821E+00  1.3230E+00
1.0000E-03  8.4353E-01  3.1868E+00  1.0820E+00  1.3218E+00
1.5849E-03  1.0256E+00  4.0883E+00  1.0820E+00  1.3207E+00
2.5119E-03  1.2869E+00  5.2833E+00  1.0819E+00  1.3194E+00
3.9811E-03  1.6869E+00  6.9264E+00  1.0818E+00  1.3178E+00
6.3096E-03  2.3026E+00  9.0681E+00  1.0818E+00  1.3163E+00
1.0000E-02  3.2427E+00  1.2197E+01  1.0816E+00  1.3142E+00
1.5849E-02  4.7123E+00  1.6093E+01  1.0815E+00  1.3123E+00
2.5119E-02  6.8565E+00  2.2123E+01  1.0813E+00  1.3094E+00
3.9811E-02  9.9253E+00  2.9280E+01  1.0811E+00  1.3068E+00
6.3096E-02  1.4153E+01  4.0587E+01  1.0808E+00  1.3028E+00
1.0000E-01  1.9214E+01  5.3517E+01  1.0804E+00  1.2992E+00
1.5849E-01  2.5785E+01  7.3142E+01  1.0799E+00  1.2940E+00
2.5119E-01  3.2662E+01  9.6507E+01  1.0794E+00  1.2893E+00
3.9811E-01  4.0571E+01  1.2960E+02  1.0788E+00  1.2837E+00
6.3096E-01  4.8080E+01  1.7029E+02  1.0783E+00  1.2785E+00
1.0000E+00  5.5597E+01  2.2324E+02  1.0780E+00  1.2740E+00
1.5849E+00  6.3724E+01  2.9237E+02  1.0777E+00  1.2695E+00
2.5119E+00  7.1771E+01  3.7643E+02  1.0777E+00  1.2670E+00
3.9811E+00  8.1672E+01  4.9033E+02  1.0777E+00  1.2643E+00
6.3096E+00  9.2183E+01  6.1766E+02  1.0778E+00  1.2635E+00
1.0000E+01  1.0646E+02  7.7897E+02  1.0780E+00  1.2629E+00
1.5849E+01  1.2400E+02  9.3518E+02  1.0782E+00  1.2638E+00
2.5119E+01  1.4806E+02  1.0911E+03  1.0785E+00  1.2653E+00
3.9811E+01  1.8084E+02  1.2166E+03  1.0787E+00  1.2678E+00
6.3096E+01  2.1891E+02  1.2579E+03  1.0788E+00  1.2700E+00
1.0000E+02  2.6527E+02  1.2392E+03  1.0790E+00  1.2727E+00
1.5849E+02  3.0781E+02  1.1350E+03  1.0791E+00  1.2752E+00
2.5119E+02  3.4718E+02  1.0010E+03  1.0793E+00  1.2781E+00
3.9811E+02  3.6118E+02  8.3427E+02  1.0797E+00  1.2834E+00
6.3096E+02  3.5809E+02  6.5578E+02  1.0800E+00  1.2865E+00
1.0000E+03  3.3470E+02  5.0837E+02  1.0801E+00  1.2880E+00
1.5849E+03  2.8515E+02  3.7599E+02  1.0804E+00  1.2927E+00
2.5119E+03  2.3083E+02  2.7261E+02  1.0813E+00  1.3069E+00
3.9811E+03  1.7317E+02  1.9203E+02  1.0818E+00  1.3144E+00
6.3096E+03  1.2312E+02  1.3097E+02  1.0820E+00  1.3204E+00
1.0000E+04  9.1542E+01  9.4817E+01  1.0821E+00  1.3239E+00
Rosseland and Planck opacities and free electrons
Density     Ross opa    Planck opa  No. Free    Av Sq Free  T=  2.0000E-01
1.0000E-10  3.4642E-01  1.7896E-06  1.0824E+00  1.3325E+00
1.5849E-10  3.4642E-01  2.7525E-06  1.0824E+00  1.3325E+00
2.5119E-10  3.4642E-01  4.0947E-06  1.0824E+00  1.3325E+00
3.9811E-10  3.4642E-01  6.1934E-06  1.0824E+00  1.3325E+00
6.3096E-10  3.4643E-01  9.1865E-06  1.0824E+00  1.3325E+00
1.0000E-09  3.4643E-01  1.3766E-05  1.0824E+00  1.3325E+00
1.5849E-09  3.4644E-01  2.0562E-05  1.0824E+00  1.3324E+00
2.5119E-09  3.4645E-01  3.0849E-05  1.0824E+00  1.3324E+00
3.9811E-09  3.4647E-01  4.6409E-05  1.0824E+00  1.3324E+00
6.3096E-09  3.4649E-01  6.9502E-05  1.0824E+00  1.3324E+00
1.0000E-08  3.4653E-01  1.0575E-04  1.0824E+00  1.3324E+00
1.5849E-08  3.4657E-01  1.6148E-04  1.0824E+00  1.3323E+00
2.5119E-08  3.4663E-01  2.4958E-04  1.0824E+00  1.3323E+00
3.9811E-08  3.4672E-01  3.8115E-04  1.0824E+00  1.3323E+00
6.3096E-08  3.4682E-01  5.8967E-04  1.0824E+00  1.3322E+00
1.0000E-07  3.4696E-01  9.0441E-04  1.0824E+00  1.3322E+00
1.5849E-07  3.4714E-01  1.4000E-03  1.0824E+00  1.3321E+00
2.5119E-07  3.4737E-01  2.1506E-03  1.0824E+00  1.3321E+00
3.9811E-07  3.4766E-01  3.3203E-03  1.0824E+00  1.3320E+00
6.3096E-07  3.4806E-01  5.1114E-03  1.0824E+00  1.3319E+00
1.0000E-06  3.4857E-01  7.8760E-03  1.0824E+00  1.3318E+00
1.5849E-06  3.4927E-01  1.2152E-02  1.0824E+00  1.3316E+00
2.5119E-06  3.5024E-01  1.8679E-02  1.0824E+00  1.3315E+00
3.9811E-06  3.5157E-01  2.8837E-02  1.0824E+00  1.3313E+00
6.3096E-06  3.5353E-01  4.3829E-02  1.0824E+00  1.3312E+00
1.0000E-05  3.5611E-01  6.7580E-02  1.0824E+00  1.3309E+00
1.5849E-05  3.6030E-01  1.0035E-01  1.0824E+00  1.3307E+00
2.5119E-05  3.6565E-01  1.5229E-01  1.0823E+00  1.3304E+00
3.9811E-05  3.7450E-01  2.2024E-01  1.0823E+00  1.3300E+00
6.3096E-05  3.8615E-01  3.2428E-01  1.0823E+00  1.3296E+00
1.0000E-04  4.0511E-01  4.5407E-01  1.0823E+00  1.3291E+00
1.5849E-04  4.3100E-01  6.3704E-01  1.0823E+00  1.3285E+00
2.5119E-04  4.7054E-01  8.6777E-01  1.0823E+00  1.3278E+00
3.9811E-04  5.2624E-01  1.1551E+00  1.0822E+00  1.3271E+00
6.3096E-04  6.0403E-01  1.5493E+00  1.0822E+00  1.3261E+00
1.0000E-03  7.1379E-01  2.0068E+00  1.0822E+00  1.3252E+00
1.5849E-03  8.6171E-01  2.6887E+00  1.0821E+00  1.3239E+00
2.5119E-03  1.0729E+00  3.4466E+00  1.0821E+00  1.3229E+00
3.9811E-03  1.3658E+00  4.6477E+00  1.0820E+00  1.3213E+00
6.3096E-03  1.8101E+00  5.9826E+00  1.0819E+00  1.3201E+00
1.0000E-02  2.4494E+00  8.0780E+00  1.0818E+00  1.3183E+00
1.5849E-02  3.4368E+00  1.0615E+01  1.0817E+00  1.3166E+00
2.5119E-02  4.8597E+00  1.4385E+01  1.0816E+00  1.3143E+00
3.9811E-02  6.8906E+00  1.9284E+01  1.0814E+00  1.3118E+00
6.3096E-02  9.6487E+00  2.6244E+01  1.0812E+00  1.3088E+00
1.0000E-01  1.3149E+01  3.5615E+01  1.0809E+00  1.3052E+00
1.5849E-01  1.7345E+01  4.8023E+01  1.0805E+00  1.3013E+00
2.5119E-01  2.2319E+01  6.5435E+01  1.0800E+00  1.2962E+00
3.9811E-01  2.7253E+01  8.6345E+01  1.0796E+00  1.2918E+00
6.3096E-01  3.3172E+01  1.1734E+02  1.0791E+00  1.2855E+00
1.0000E+00  3.7794E+01  1.5211E+02  1.0788E+00  1.2819E+00
1.5849E+00  4.4036E+01  2.0596E+02  1.0785E+00  1.2763E+00
2.5119E+00  4.9265E+01  2.6244E+02  1.0785E+00  1.2738E+00
3.9811E+00  5.6661E+01  3.4803E+02  1.0784E+00  1.2702E+00
6.3096E+00  6.3862E+01  4.3589E+02  1.0784E+00  1.2686E+00
1.0000E+01  7.4023E+01  5.5677E+02  1.0785E+00  1.2669E+00
1.5849E+01  8.5558E+01  6.7261E+02  1.0785E+00  1.2668E+00
2.5119E+01  1.0239E+02  8.1728E+02  1.0787E+00  1.2673E+00
3.9811E+01  1.2343E+02  9.0827E+02  1.0788E+00  1.2692E+00
6.3096E+01  1.5198E+02  9.8007E+02  1.0789E+00  1.2716E+00
1.0000E+02  1.8699E+02  9.9614E+02  1.0791E+00  1.2743E+00
1.5849E+02  2.2270E+02  9.4911E+02  1.0791E+00  1.2761E+00
2.5119E+02  2.5400E+02  8.4893E+02  1.0793E+00  1.2786E+00
3.9811E+02  2.7466E+02  7.2534E+02  1.0796E+00  1.2823E+00
6.3096E+02  2.8338E+02  5.9595E+02  1.0800E+00  1.2866E+00
1.0000E+03  2.7667E+02  4.6434E+02  1.0800E+00  1.2879E+00
1.5849E+03  2.5031E+02  3.5859E+02  1.0805E+00  1.2938E+00
2.5119E+03  2.0746E+02  2.5873E+02  1.0817E+00  1.3119E+00
3.9811E+03  1.6392E+02  1.8774E+02  1.0818E+00  1.3162E+00
6.3096E+03  1.1685E+02  1.2701E+02  1.0820E+00  1.3202E+00
1.0000E+04  8.5063E+01  8.9293E+01  1.0821E+00  1.3247E+00
Rosseland and Planck opacities and free electrons
Density     Ross opa    Planck opa  No. Free    Av Sq Free  T=  2.2500E-01
1.0000E-10  3.4607E-01  8.0664E-07  1.0824E+00  1.3326E+00
1.5849E-10  3.4607E-01  1.2059E-06  1.0824E+00  1.3326E+00
2.5119E-10  3.4607E-01  1.8405E-06  1.0824E+00  1.3326E+00
3.9811E-10  3.4607E-01  2.8487E-06  1.0824E+00  1.3326E+00
6.3096E-10  3.4607E-01  4.3326E-06  1.0824E+00  1.3326E+00
1.0000E-09  3.4607E-01  6.3971E-06  1.0824E+00  1.3326E+00
1.5849E-09  3.4608E-01  9.5901E-06  1.0824E+00  1.3326E+00
2.5119E-09  3.4608E-01  1.4135E-05  1.0824E+00  1.3325E+00
3.9811E-09  3.4609E-01  2.1338E-05  1.0824E+00  1.3325E+00
6.3096E-09  3.4610E-01  3.1654E-05  1.0824E+00  1.3325E+00
1.0000E-08  3.4612E-01  4.7991E-05  1.0824E+00  1.3325E+00
1.5849E-08  3.4614E-01  7.1456E-05  1.0824E+00  1.3325E+00
2.5119E-08  3.4617E-01  1.0798E-04  1.0824E+00  1.3324E+00
3.9811E-08  3.4622E-01  1.6366E-04  1.0824E+00  1.3324E+00
6.3096E-08  3.4628E-01  2.5040E-04  1.0824E+00  1.3324E+00
1.0000E-07  3.4637E-01  3.8279E-04  1.0824E+00  1.3324E+00
1.5849E-07  3.4648E-01  5.8557E-04  1.0824E+00  1.3323E+00
2.5119E-07  3.4664E-01  9.0042E-04  1.0824E+00  1.3323E+00
3.9811E-07  3.4686E-01  1.3806E-03  1.0824E+00  1.3323E+00
6.3096E-07  3.4713E-01  2.1325E-03  1.0824E+00  1.3322E+00
1.0000E-06  3.4749E-01  3.2497E-03  1.0824E+00  1.3322E+00
1.5849E-06  3.4796E-01  5.0203E-03  1.0824E+00  1.3321E+00
2.5119E-06  3.4856E-01  7.5445E-03  1.0824E+00  1.3320E+00
3.9811E-06  3.4935E-01  1.1531E-02  1.0824E+00  1.3319E+00
6.3096E-06  3.5045E-01  1.7312E-02  1.0824E+00  1.3318E+00
1.0000E-05  3.5193E-01  2.6295E-02  1.0824E+00  1.3316E+00
1.5849E-05  3.5407E-01  3.9457E-02  1.0824E+00  1.3315E+00
2.5119E-05  3.5706E-01  5.9486E-02  1.0824E+00  1.3313E+00
3.9811E-05  3.6153E-01  8.8974E-02  1.0824E+00  1.3311E+00
6.3096E-05  3.6800E-01  1.3220E-01  1.0824E+00  1.3308E+00
1.0000E-04  3.7742E-01  1.9662E-01  1.0823E+00  1.3305E+00
1.5849E-04  3.9196E-01  2.8513E-01  1.0823E+00  1.3301E+00
2.5119E-04  4.1242E-01  4.2115E-01  1.0823E+00  1.3296E+00
3.9811E-04  4.4693E-01  5.9045E-01  1.0823E+00  1.3291E+00
6.3096E-04  4.9358E-01  8.5864E-01  1.0823E+00  1.3283E+00
1.0000E-03  5.7408E-01  1.1645E+00  1.0822E+00  1.3277E+00
1.5849E-03  6.8383E-01  1.6389E+00  1.0822E+00  1.3266E+00
2.5119E-03  8.5301E-01  2.1915E+00  1.0822E+00  1.3257E+00
3.9811E-03  1.0895E+00  2.9884E+00  1.0821E+00  1.3245E+00
6.3096E-03  1.4322E+00  4.0007E+00  1.0820E+00  1.3232E+00
1.0000E-02  1.9195E+00  5.3839E+00  1.0820E+00  1.3217E+00
1.5849E-02  2.6333E+00  7.2739E+00  1.0819E+00  1.3199E+00
2.5119E-02  3.6425E+00  9.7450E+00  1.0818E+00  1.3181E+00
3.9811E-02  5.0589E+00  1.3345E+01  1.0816E+00  1.3157E+00
6.3096E-02  6.9151E+00  1.7867E+01  1.0815E+00  1.3133E+00
1.0000E-01  9.3901E+00  2.4800E+01  1.0812E+00  1.3097E+00
1.5849E-01  1.2149E+01  3.2976E+01  1.0809E+00  1.3066E+00
2.5119E-01  1.5725E+01  4.5805E+01  1.0805E+00  1.3018E+00
3.9811E-01  1.9059E+01  6.0356E+01  1.0802E+00  1.2981E+00
6.3096E-01  2.3182E+01  8.2459E+01  1.0797E+00  1.2926E+00
1.0000E+00  2.6725E+01  1.0846E+02  1.0795E+00  1.2884E+00
1.5849E+00  3.0754E+01  1.4540E+02  1.0792E+00  1.2837E+00
2.5119E+00  3.4952E+01  1.9056E+02  1.0791E+00  1.2796E+00
3.9811E+00  3.9870E+01  2.5019E+02  1.0790E+00  1.2763E+00
6.3096E+00  4.5618E+01  3.2279E+02  1.0789E+00  1.2732E+00
1.0000E+01  5.2497E+01  4.0588E+02  1.0788E+00  1.2712E+00
1.5849E+01  6.1328E+01  5.0392E+02  1.0788E+00  1.2697E+00
2.5119E+01  7.2535E+01  6.0859E+02  1.0789E+00  1.2697E+00
3.9811E+01  8.7787E+01  7.0123E+02  1.0789E+00  1.2706E+00
6.3096E+01  1.0957E+02  7.8351E+02  1.0790E+00  1.2727E+00
1.0000E+02  1.3469E+02  8.0751E+02  1.0791E+00  1.2748E+00
1.5849E+02  1.6372E+02  7.9319E+02  1.0792E+00  1.2767E+00
2.5119E+02  1.8974E+02  7.2419E+02  1.0793E+00  1.2789E+00
3.9811E+02  2.1392E+02  6.3900E+02  1.0796E+00  1.2819E+00
6.3096E+02  2.2598E+02  5.3896E+02  1.0799E+00  1.2862E+00
1.0000E+03  2.2634E+02  4.2280E+02  1.0801E+00  1.2886E+00
1.5849E+03  2.1405E+02  3.3056E+02  1.0805E+00  1.2937E+00
2.5119E+03  1.8547E+02  2.4535E+02  1.0815E+00  1.3093E+00
3.9811E+03  1.5002E+02  1.7821E+02  1.0818E+00  1.3166E+00
6.3096E+03  1.1147E+02  1.2408E+02  1.0819E+00  1.3199E+00
1.0000E+04  8.0191E+01  8.5462E+01  1.0821E+00  1.3243E+00
Rosseland and Planck opacities and free electrons
Density     Ross opa    Planck opa  No. Free    Av Sq Free  T=  2.5000E-01
1.0000E-10  3.4575E-01  4.3163E-07  1.0824E+00  1.3326E+00
1.5849E-10  3.4575E-01  6.2440E-07  1.0824E+00  1.3326E+00
2.5119E-10  3.4575E-01  9.2687E-07  1.0824E+00  1.3326E+00
3.9811E-10  3.4575E-01  1.3861E-06  1.0824E+00  1.3326E+00
6.3096E-10  3.4575E-01  2.1141E-06  1.0824E+00  1.3326E+00
1.0000E-09  3.4575E-01  3.1691E-06  1.0824E+00  1.3326E+00
1.5849E-09  3.4576E-01  4.8402E-06  1.0824E+00  1.3326E+00
2.5119E-09  3.4576E-01  7.3705E-06  1.0824E+00  1.3326E+00
3.9811E-09  3.4576E-01  1.1348E-05  1.0824E+00  1.3326E+00
6.3096E-09  3.4577E-01  1.7030E-05  1.0824E+00  1.3326E+00
1.0000E-08  3.4578E-01  2.5610E-05  1.0824E+00  1.3326E+00
1.5849E-08  3.4579E-01  3.8206E-05  1.0824E+00  1.3326E+00
2.5119E-08  3.4581E-01  5.6783E-05  1.0824E+00  1.3325E+00
3.9811E-08  3.4584E-01  8.5368E-05  1.0824E+00  1.3325E+00
6.3096E-08  3.4588E-01  1.2821E-04  1.0824E+00  1.3325E+00
1.0000E-07  3.4593E-01  1.9496E-04  1.0824E+00  1.3325E+00
1.5849E-07  3.4600E-01  2.9129E-04  1.0824E+00  1.3325E+00
2.5119E-07  3.4610E-01  4.4397E-04  1.0824E+00  1.3324E+00
3.9811E-07  3.4623E-01  6.6879E-04  1.0824E+00  1.3324E+00
6.3096E-07  3.4642E-01  1.0243E-03  1.0824E+00  1.3324E+00
1.0000E-06  3.4667E-01  1.5606E-03  1.0824E+00  1.3324E+00
1.5849E-06  3.4700E-01  2.4017E-03  1.0824E+00  1.3323E+00
2.5119E-06  3.4744E-01  3.6669E-03  1.0824E+00  1.3323E+00
3.9811E-06  3.4802E-01  5.6195E-03  1.0824E+00  1.3322E+00
6.3096E-06  3.4878E-01  8.5624E-03  1.0824E+00  1.3321E+00
1.0000E-05  3.4979E-01  1.2990E-02  1.0824E+00  1.3321E+00
1.5849E-05  3.5115E-01  1.9748E-02  1.0824E+00  1.3319E+00
2.5119E-05  3.5303E-01  2.9599E-02  1.0824E+00  1.3318E+00
3.9811E-05  3.5566E-01  4.4972E-02  1.0824E+00  1.3317E+00
6.3096E-05  3.5958E-01  6.6738E-02  1.0824E+00  1.3315E+00
1.0000E-04  3.6502E-01  1.0124E-01  1.0824E+00  1.3313E+00
1.5849E-04  3.7364E-01  1.4866E-01  1.0824E+00  1.3310E+00
2.5119E-04  3.8562E-01  2.2317E-01  1.0823E+00  1.3307E+00
3.9811E-04  4.0521E-01  3.2488E-01  1.0823E+00  1.3303E+00
6.3096E-04  4.3337E-01  4.7956E-01  1.0823E+00  1.3298E+00
1.0000E-03  4.7993E-01  6.9055E-01  1.0823E+00  1.3293E+00
1.5849E-03  5.5015E-01  9.9478E-01  1.0823E+00  1.3286E+00
2.5119E-03  6.6097E-01  1.4129E+00  1.0822E+00  1.3277E+00
3.9811E-03  8.3203E-01  1.9636E+00  1.0822E+00  1.3268E+00
6.3096E-03  1.0845E+00  2.7582E+00  1.0821E+00  1.3256E+00
1.0000E-02  1.4565E+00  3.7159E+00  1.0821E+00  1.3244E+00
1.5849E-02  1.9970E+00  5.1908E+00  1.0820E+00  1.3226E+00
2.5119E-02  2.7364E+00  6.8693E+00  1.0819E+00  1.3211E+00
3.9811E-02  3.7873E+00  9.5225E+00  1.0818E+00  1.3188E+00
6.3096E-02  5.0854E+00  1.2672E+01  1.0816E+00  1.3168E+00
1.0000E-01  6.8153E+00  1.7498E+01  1.0814E+00  1.3137E+00
1.5849E-01  8.7948E+00  2.3556E+01  1.0812E+00  1.3108E+00
2.5119E-01  1.1232E+01  3.2379E+01  1.0809E+00  1.3069E+00
3.9811E-01  1.3807E+01  4.3762E+01  1.0805E+00  1.3029E+00
6.3096E-01  1.6610E+01  5.9211E+01  1.0802E+00  1.2986E+00
1.0000E+00  1.9624E+01  7.9998E+01  1.0799E+00  1.2938E+00
1.5849E+00  2.2343E+01  1.0614E+02  1.0798E+00  1.2897E+00
2.5119E+00  2.5707E+01  1.4288E+02  1.0795E+00  1.2846E+00
3.9811E+00  2.9044E+01  1.8579E+02  1.0794E+00  1.2815E+00
6.3096E+00  3.3599E+01  2.4755E+02  1.0793E+00  1.2772E+00
1.0000E+01  3.8389E+01  3.0687E+02  1.0792E+00  1.2752E+00
1.5849E+01  4.5395E+01  3.8973E+02  1.0791E+00  1.2725E+00
2.5119E+01  5.3234E+01  4.6707E+02  1.0791E+00  1.2722E+00
3.9811E+01  6.4686E+01  5.5602E+02  1.0791E+00  1.2722E+00
6.3096E+01  8.0226E+01  6.2338E+02  1.0791E+00  1.2738E+00
1.0000E+02  9.9477E+01  6.6049E+02  1.0792E+00  1.2756E+00
1.5849E+02  1.2267E+02  6.6526E+02  1.0793E+00  1.2776E+00
2.5119E+02  1.4577E+02  6.2705E+02  1.0795E+00  1.2804E+00
3.9811E+02  1.6988E+02  5.7007E+02  1.0799E+00  1.2859E+00
6.3096E+02  1.8117E+02  4.8124E+02  1.0800E+00  1.2870E+00
1.0000E+03  1.8725E+02  3.8983E+02  1.0802E+00  1.2893E+00
1.5849E+03  1.8449E+02  3.0825E+02  1.0806E+00  1.2956E+00
2.5119E+03  1.6633E+02  2.3509E+02  1.0815E+00  1.3092E+00
3.9811E+03  1.3716E+02  1.6982E+02  1.0818E+00  1.3163E+00
6.3096E+03  1.0651E+02  1.2166E+02  1.0820E+00  1.3203E+00
1.0000E+04  7.6500E+01  8.2957E+01  1.0821E+00  1.3237E+00
Rosseland and Planck opacities and free electrons
Density     Ross opa    Planck opa  No. Free    Av Sq Free  T=  2.7500E-01
1.0000E-10  3.4547E-01  7.0506E-07  1.0824E+00  1.3327E+00
1.5849E-10  3.4547E-01  8.0028E-07  1.0824E+00  1.3327E+00
2.5119E-10  3.4547E-01  9.5118E-07  1.0824E+00  1.3327E+00
3.9811E-10  3.4547E-01  1.1571E-06  1.0824E+00  1.3327E+00
6.3096E-10  3.4547E-01  1.4763E-06  1.0824E+00  1.3327E+00
1.0000E-09  3.4547E-01  1.9614E-06  1.0824E+00  1.3327E+00
1.5849E-09  3.4547E-01  2.7180E-06  1.0824E+00  1.3326E+00
2.5119E-09  3.4547E-01  3.9024E-06  1.0824E+00  1.3326E+00
3.9811E-09  3.4547E-01  5.7617E-06  1.0824E+00  1.3326E+00
6.3096E-09  3.4548E-01  8.6319E-06  1.0824E+00  1.3326E+00
1.0000E-08  3.4548E-01  1.2991E-05  1.0824E+00  1.3326E+00
1.5849E-08  3.4549E-01  1.9690E-05  1.0824E+00  1.3326E+00
2.5119E-08  3.4550E-01  2.8973E-05  1.0824E+00  1.3326E+00
3.9811E-08  3.4552E-01  4.3684E-05  1.0824E+00  1.3326E+00
6.3096E-08  3.4554E-01  6.6668E-05  1.0824E+00  1.3326E+00
1.0000E-07  3.4557E-01  1.0309E-04  1.0824E+00  1.3326E+00
1.5849E-07  3.4562E-01  1.5560E-04  1.0824E+00  1.3326E+00
2.5119E-07  3.4568E-01  2.3741E-04  1.0824E+00  1.3325E+00
3.9811E-07  3.4577E-01  3.5720E-04  1.0824E+00  1.3325E+00
6.3096E-07  3.4589E-01  5.4041E-04  1.0824E+00  1.3325E+00
1.0000E-06  3.4606E-01  8.1717E-04  1.0824E+00  1.3325E+00
1.5849E-06  3.4629E-01  1.2372E-03  1.0824E+00  1.3324E+00
2.5119E-06  3.4660E-01  1.8847E-03  1.0824E+00  1.3324E+00
3.9811E-06  3.4701E-01  2.8591E-03  1.0824E+00  1.3324E+00
6.3096E-06  3.4757E-01  4.3855E-03  1.0824E+00  1.3323E+00
1.0000E-05  3.4831E-01  6.6612E-03  1.0824E+00  1.3323E+00
1.5849E-05  3.4930E-01  1.0268E-02  1.0824E+00  1.3322E+00
2.5119E-05  3.5065E-01  1.5496E-02  1.0824E+00  1.3321E+00
3.9811E-05  3.5248E-01  2.3761E-02  1.0824E+00  1.3320E+00
6.3096E-05  3.5508E-01  3.5609E-02  1.0824E+00  1.3319E+00
1.0000E-04  3.5875E-01  5.3980E-02  1.0824E+00  1.3318E+00
1.5849E-04  3.6421E-01  8.0583E-02  1.0824E+00  1.3316E+00
2.5119E-04  3.7210E-01  1.2083E-01  1.0824E+00  1.3314E+00
3.9811E-04  3.8409E-01  1.8012E-01  1.0824E+00  1.3311E+00
6.3096E-04  4.0207E-01  2.6721E-01  1.0823E+00  1.3308E+00
1.0000E-03  4.2948E-01  3.9785E-01  1.0823E+00  1.3303E+00
1.5849E-03  4.7356E-01  5.8121E-01  1.0823E+00  1.3299E+00
2.5119E-03  5.3930E-01  8.6416E-01  1.0823E+00  1.3292E+00
3.9811E-03  6.5202E-01  1.2300E+00  1.0822E+00  1.3285E+00
6.3096E-03  8.1701E-01  1.8091E+00  1.0822E+00  1.3274E+00
1.0000E-02  1.0845E+00  2.4983E+00  1.0822E+00  1.3265E+00
1.5849E-02  1.4765E+00  3.5697E+00  1.0821E+00  1.3250E+00
2.5119E-02  2.0265E+00  4.8633E+00  1.0820E+00  1.3236E+00
3.9811E-02  2.7998E+00  6.7573E+00  1.0819E+00  1.3216E+00
6.3096E-02  3.7801E+00  9.2094E+00  1.0818E+00  1.3195E+00
1.0000E-01  5.0099E+00  1.2619E+01  1.0816E+00  1.3170E+00
1.5849E-01  6.5106E+00  1.7323E+01  1.0814E+00  1.3140E+00
2.5119E-01  8.2073E+00  2.3605E+01  1.0811E+00  1.3109E+00
3.9811E-01  1.0267E+01  3.2652E+01  1.0808E+00  1.3068E+00
6.3096E-01  1.2250E+01  4.3820E+01  1.0806E+00  1.3033E+00
1.0000E+00  1.4859E+01  6.0672E+01  1.0803E+00  1.2982E+00
1.5849E+00  1.6797E+01  7.9783E+01  1.0802E+00  1.2948E+00
2.5119E+00  1.9521E+01  1.0944E+02  1.0799E+00  1.2893E+00
3.9811E+00  2.1920E+01  1.4186E+02  1.0798E+00  1.2862E+00
6.3096E+00  2.5286E+01  1.9082E+02  1.0796E+00  1.2816E+00
1.0000E+01  2.8919E+01  2.3915E+02  1.0795E+00  1.2789E+00
1.5849E+01  3.4154E+01  3.0355E+02  1.0793E+00  1.2758E+00
2.5119E+01  4.0374E+01  3.6817E+02  1.0793E+00  1.2747E+00
3.9811E+01  4.9525E+01  4.4937E+02  1.0792E+00  1.2742E+00
6.3096E+01  6.0571E+01  5.0426E+02  1.0792E+00  1.2751E+00
1.0000E+02  7.5715E+01  5.4977E+02  1.0793E+00  1.2765E+00
1.5849E+02  9.4565E+01  5.6631E+02  1.0794E+00  1.2786E+00
2.5119E+02  1.1453E+02  5.4825E+02  1.0795E+00  1.2801E+00
3.9811E+02  1.3328E+02  4.9870E+02  1.0798E+00  1.2845E+00
6.3096E+02  1.4757E+02  4.3329E+02  1.0800E+00  1.2874E+00
1.0000E+03  1.5645E+02  3.6244E+02  1.0802E+00  1.2898E+00
1.5849E+03  1.5834E+02  2.8700E+02  1.0806E+00  1.2955E+00
2.5119E+03  1.4969E+02  2.2620E+02  1.0816E+00  1.3110E+00
3.9811E+03  1.2542E+02  1.6245E+02  1.0818E+00  1.3168E+00
6.3096E+03  1.0122E+02  1.1891E+02  1.0820E+00  1.3218E+00
1.0000E+04  7.3421E+01  8.1123E+01  1.0821E+00  1.3241E+00
Rosseland and Planck opacities and free electrons
Density     Ross opa    Planck opa  No. Free    Av Sq Free  T=  3.0000E-01
1.0000E-10  3.4521E-01  1.6351E-06  1.0824E+00  1.3330E+00
1.5849E-10  3.4521E-01  1.7618E-06  1.0824E+00  1.3329E+00
2.5119E-10  3.4521E-01  1.9045E-06  1.0824E+00  1.3328E+00
3.9811E-10  3.4521E-01  2.0736E-06  1.0824E+00  1.3328E+00
6.3096E-10  3.4521E-01  2.2869E-06  1.0824E+00  1.3327E+00
1.0000E-09  3.4521E-01  2.5879E-06  1.0824E+00  1.3327E+00
1.5849E-09  3.4521E-01  2.9940E-06  1.0824E+00  1.3327E+00
2.5119E-09  3.4521E-01  3.6212E-06  1.0824E+00  1.3327E+00
3.9811E-09  3.4521E-01  4.5437E-06  1.0824E+00  1.3327E+00
6.3096E-09  3.4521E-01  6.0019E-06  1.0824E+00  1.3327E+00
1.0000E-08  3.4522E-01  8.2297E-06  1.0824E+00  1.3327E+00
1.5849E-08  3.4522E-01  1.1761E-05  1.0824E+00  1.3326E+00
2.5119E-08  3.4523E-01  1.7248E-05  1.0824E+00  1.3326E+00
3.9811E-08  3.4524E-01  2.5926E-05  1.0824E+00  1.3326E+00
6.3096E-08  3.4526E-01  3.8965E-05  1.0824E+00  1.3326E+00
1.0000E-07  3.4528E-01  5.9266E-05  1.0824E+00  1.3326E+00
1.5849E-07  3.4531E-01  9.0556E-05  1.0824E+00  1.3326E+00
2.5119E-07  3.4536E-01  1.3920E-04  1.0824E+00  1.3326E+00
3.9811E-07  3.4542E-01  2.1287E-04  1.0824E+00  1.3326E+00
6.3096E-07  3.4550E-01  3.2226E-04  1.0824E+00  1.3326E+00
1.0000E-06  3.4562E-01  4.9230E-04  1.0824E+00  1.3325E+00
1.5849E-06  3.4578E-01  7.4461E-04  1.0824E+00  1.3325E+00
2.5119E-06  3.4600E-01  1.1437E-03  1.0824E+00  1.3325E+00
3.9811E-06  3.4630E-01  1.7354E-03  1.0824E+00  1.3325E+00
6.3096E-06  3.4670E-01  2.6732E-03  1.0824E+00  1.3324E+00
1.0000E-05  3.4724E-01  4.0596E-03  1.0824E+00  1.3324E+00
1.5849E-05  3.4797E-01  6.2353E-03  1.0824E+00  1.3324E+00
2.5119E-05  3.4896E-01  9.5060E-03  1.0824E+00  1.3323E+00
3.9811E-05  3.5031E-01  1.4586E-02  1.0824E+00  1.3322E+00
6.3096E-05  3.5218E-01  2.2263E-02  1.0824E+00  1.3322E+00
1.0000E-04  3.5482E-01  3.3980E-02  1.0824E+00  1.3321E+00
1.5849E-04  3.5858E-01  5.1736E-02  1.0824E+00  1.3319E+00
2.5119E-04  3.6403E-01  7.7873E-02  1.0824E+00  1.3318E+00
3.9811E-04  3.7201E-01  1.1822E-01  1.0824E+00  1.3316E+00
6.3096E-04  3.8424E-01  1.7538E-01  1.0824E+00  1.3314E+00
1.0000E-03  4.0189E-01  2.6590E-01  1.0824E+00  1.3310E+00
1.5849E-03  4.3100E-01  3.8788E-01  1.0823E+00  1.3307E+00
2.5119E-03  4.7315E-01  5.8094E-01  1.0823E+00  1.3302E+00
3.9811E-03  5.4479E-01  8.3546E-01  1.0823E+00  1.3296E+00
6.3096E-03  6.5237E-01  1.2251E+00  1.0823E+00  1.3289E+00
1.0000E-02  8.2892E-01  1.7388E+00  1.0822E+00  1.3280E+00
1.5849E-02  1.0986E+00  2.4840E+00  1.0822E+00  1.3269E+00
2.5119E-02  1.4988E+00  3.5026E+00  1.0821E+00  1.3255E+00
3.9811E-02  2.0674E+00  4.8949E+00  1.0820E+00  1.3239E+00
6.3096E-02  2.8337E+00  6.8697E+00  1.0819E+00  1.3218E+00
1.0000E-01  3.7273E+00  9.3438E+00  1.0817E+00  1.3197E+00
1.5849E-01  4.9189E+00  1.3080E+01  1.0815E+00  1.3167E+00
2.5119E-01  6.1377E+00  1.7688E+01  1.0813E+00  1.3141E+00
3.9811E-01  7.7989E+00  2.4905E+01  1.0811E+00  1.3100E+00
6.3096E-01  9.2584E+00  3.3282E+01  1.0809E+00  1.3071E+00
1.0000E+00  1.1276E+01  4.6221E+01  1.0806E+00  1.3026E+00
1.5849E+00  1.2955E+01  6.1430E+01  1.0805E+00  1.2990E+00
2.5119E+00  1.5007E+01  8.3702E+01  1.0803E+00  1.2943E+00
3.9811E+00  1.7056E+01  1.1081E+02  1.0801E+00  1.2903E+00
6.3096E+00  1.9483E+01  1.4805E+02  1.0799E+00  1.2860E+00
1.0000E+01  2.2399E+01  1.9091E+02  1.0797E+00  1.2822E+00
1.5849E+01  2.6225E+01  2.4034E+02  1.0796E+00  1.2792E+00
2.5119E+01  3.1238E+01  2.9731E+02  1.0794E+00  1.2770E+00
3.9811E+01  3.8072E+01  3.6018E+02  1.0794E+00  1.2764E+00
6.3096E+01  4.6849E+01  4.1476E+02  1.0793E+00  1.2766E+00
1.0000E+02  5.9036E+01  4.6413E+02  1.0793E+00  1.2776E+00
1.5849E+02  7.3731E+01  4.8333E+02  1.0794E+00  1.2794E+00
2.5119E+02  9.0870E+01  4.7830E+02  1.0795E+00  1.2809E+00
3.9811E+02  1.0660E+02  4.4010E+02  1.0796E+00  1.2827E+00
6.3096E+02  1.2173E+02  3.9214E+02  1.0798E+00  1.2856E+00
1.0000E+03  1.3135E+02  3.3564E+02  1.0802E+00  1.2899E+00
1.5849E+03  1.3661E+02  2.6902E+02  1.0811E+00  1.3032E+00
2.5119E+03  1.3240E+02  2.1278E+02  1.0817E+00  1.3131E+00
3.9811E+03  1.1479E+02  1.5589E+02  1.0818E+00  1.3166E+00
6.3096E+03  9.4213E+01  1.1414E+02  1.0820E+00  1.3214E+00
1.0000E+04  7.0648E+01  7.9635E+01  1.0822E+00  1.3250E+00
Rosseland and Planck opacities and free electrons
Density     Ross opa    Planck opa  No. Free    Av Sq Free  T=  3.5000E-01
1.0000E-10  3.4477E-01  3.3631E-06  1.0825E+00  1.3353E+00
1.5849E-10  3.4476E-01  4.6109E-06  1.0825E+00  1.3350E+00
2.5119E-10  3.4476E-01  5.8599E-06  1.0825E+00  1.3348E+00
3.9811E-10  3.4476E-01  7.7595E-06  1.0825E+00  1.3345E+00
6.3096E-10  3.4476E-01  9.3427E-06  1.0825E+00  1.3343E+00
1.0000E-09  3.4476E-01  1.1852E-05  1.0824E+00  1.3339E+00
1.5849E-09  3.4476E-01  1.3722E-05  1.0824E+00  1.3337E+00
2.5119E-09  3.4476E-01  1.6375E-05  1.0824E+00  1.3335E+00
3.9811E-09  3.4476E-01  1.8439E-05  1.0824E+00  1.3333E+00
6.3096E-09  3.4476E-01  2.0683E-05  1.0824E+00  1.3331E+00
1.0000E-08  3.4476E-01  2.2910E-05  1.0824E+00  1.3330E+00
1.5849E-08  3.4476E-01  2.5079E-05  1.0824E+00  1.3329E+00
2.5119E-08  3.4476E-01  2.7929E-05  1.0824E+00  1.3328E+00
3.9811E-08  3.4477E-01  3.1237E-05  1.0824E+00  1.3328E+00
6.3096E-08  3.4477E-01  3.6288E-05  1.0824E+00  1.3327E+00
1.0000E-07  3.4478E-01  4.3374E-05  1.0824E+00  1.3327E+00
1.5849E-07  3.4479E-01  5.4585E-05  1.0824E+00  1.3327E+00
2.5119E-07  3.4481E-01  7.1769E-05  1.0824E+00  1.3327E+00
3.9811E-07  3.4484E-01  9.9005E-05  1.0824E+00  1.3327E+00
6.3096E-07  3.4488E-01  1.4002E-04  1.0824E+00  1.3326E+00
1.0000E-06  3.4494E-01  2.0461E-04  1.0824E+00  1.3326E+00
1.5849E-06  3.4502E-01  3.0216E-04  1.0824E+00  1.3326E+00
2.5119E-06  3.4514E-01  4.5410E-04  1.0824E+00  1.3326E+00
3.9811E-06  3.4530E-01  6.8507E-04  1.0824E+00  1.3326E+00
6.3096E-06  3.4552E-01  1.0398E-03  1.0824E+00  1.3326E+00
1.0000E-05  3.4583E-01  1.5814E-03  1.0824E+00  1.3326E+00
1.5849E-05  3.4624E-01  2.3918E-03  1.0824E+00  1.3325E+00
2.5119E-05  3.4681E-01  3.6534E-03  1.0824E+00  1.3325E+00
3.9811E-05  3.4758E-01  5.5209E-03  1.0824E+00  1.3325E+00
6.3096E-05  3.4866E-01  8.4782E-03  1.0824E+00  1.3324E+00
1.0000E-04  3.5018E-01  1.2806E-02  1.0824E+00  1.3324E+00
1.5849E-04  3.5230E-01  1.9665E-02  1.0824E+00  1.3323E+00
2.5119E-04  3.5532E-01  2.9758E-02  1.0824E+00  1.3322E+00
3.9811E-04  3.5961E-01  4.5566E-02  1.0824E+00  1.3321E+00
6.3096E-04  3.6590E-01  6.8892E-02  1.0824E+00  1.3320E+00
1.0000E-03  3.7511E-01  1.0477E-01  1.0824E+00  1.3318E+00
1.5849E-03  3.8907E-01  1.5800E-01  1.0824E+00  1.3316E+00
2.5119E-03  4.1013E-01  2.3776E-01  1.0824E+00  1.3314E+00
3.9811E-03  4.4250E-01  3.5844E-01  1.0823E+00  1.3310E+00
6.3096E-03  4.9326E-01  5.3395E-01  1.0823E+00  1.3306E+00
1.0000E-02  5.7082E-01  8.0438E-01  1.0823E+00  1.3299E+00
1.5849E-02  6.9713E-01  1.1823E+00  1.0823E+00  1.3293E+00
2.5119E-02  8.8740E-01  1.7800E+00  1.0822E+00  1.3282E+00
3.9811E-02  1.1774E+00  2.5522E+00  1.0821E+00  1.3271E+00
6.3096E-02  1.6040E+00  3.7701E+00  1.0821E+00  1.3254E+00
1.0000E-01  2.1291E+00  5.2898E+00  1.0819E+00  1.3238E+00
1.5849E-01  2.8459E+00  7.5692E+00  1.0818E+00  1.3214E+00
2.5119E-01  3.6370E+00  1.0494E+01  1.0816E+00  1.3189E+00
3.9811E-01  4.5816E+00  1.4616E+01  1.0815E+00  1.3160E+00
6.3096E-01  5.6427E+00  2.0248E+01  1.0813E+00  1.3128E+00
1.0000E+00  6.7858E+00  2.7885E+01  1.0811E+00  1.3095E+00
1.5849E+00  8.1545E+00  3.8600E+01  1.0810E+00  1.3054E+00
2.5119E+00  9.4002E+00  5.1983E+01  1.0808E+00  1.3019E+00
3.9811E+00  1.1035E+01  7.1523E+01  1.0806E+00  1.2970E+00
6.3096E+00  1.2418E+01  9.3824E+01  1.0804E+00  1.2935E+00
1.0000E+01  1.4395E+01  1.2767E+02  1.0802E+00  1.2881E+00
1.5849E+01  1.6593E+01  1.5912E+02  1.0800E+00  1.2854E+00
2.5119E+01  1.9938E+01  2.0540E+02  1.0798E+00  1.2812E+00
3.9811E+01  2.3909E+01  2.4495E+02  1.0797E+00  1.2804E+00
6.3096E+01  2.9802E+01  2.9347E+02  1.0796E+00  1.2796E+00
1.0000E+02  3.7261E+01  3.3099E+02  1.0796E+00  1.2803E+00
1.5849E+02  4.6920E+01  3.5754E+02  1.0796E+00  1.2813E+00
2.5119E+02  5.8901E+01  3.6684E+02  1.0796E+00  1.2826E+00
3.9811E+02  7.1584E+01  3.5303E+02  1.0798E+00  1.2844E+00
6.3096E+02  8.4870E+01  3.2499E+02  1.0800E+00  1.2872E+00
1.0000E+03  9.3694E+01  2.8170E+02  1.0803E+00  1.2910E+00
1.5849E+03  1.0080E+02  2.3534E+02  1.0808E+00  1.2986E+00
2.5119E+03  1.0421E+02  1.9015E+02  1.0817E+00  1.3121E+00
3.9811E+03  9.6429E+01  1.4590E+02  1.0818E+00  1.3169E+00
6.3096E+03  8.1629E+01  1.0591E+02  1.0820E+00  1.3221E+00
1.0000E+04  6.5370E+01  7.7013E+01  1.0822E+00  1.3249E+00
Rosseland and Planck opacities and free electrons
Density     Ross opa    Planck opa  No. Free    Av Sq Free  T=  4.0000E-01
1.0000E-10  3.4438E-01  1.3333E-06  1.0825E+00  1.3363E+00
1.5849E-10  3.4438E-01  2.0500E-06  1.0825E+00  1.3362E+00
2.5119E-10  3.4438E-01  3.0745E-06  1.0825E+00  1.3362E+00
3.9811E-10  3.4438E-01  4.6641E-06  1.0825E+00  1.3361E+00
6.3096E-10  3.4438E-01  6.8685E-06  1.0825E+00  1.3360E+00
1.0000E-09  3.4437E-01  1.0131E-05  1.0825E+00  1.3359E+00
1.5849E-09  3.4437E-01  1.4474E-05  1.0825E+00  1.3357E+00
2.5119E-09  3.4437E-01  2.0133E-05  1.0825E+00  1.3355E+00
3.9811E-09  3.4437E-01  2.7774E-05  1.0825E+00  1.3352E+00
6.3096E-09  3.4437E-01  3.5749E-05  1.0825E+00  1.3350E+00
1.0000E-08  3.4437E-01  4.7468E-05  1.0825E+00  1.3346E+00
1.5849E-08  3.4437E-01  5.7230E-05  1.0825E+00  1.3344E+00
2.5119E-08  3.4437E-01  7.2703E-05  1.0824E+00  1.3340E+00
3.9811E-08  3.4438E-01  8.3879E-05  1.0824E+00  1.3338E+00
6.3096E-08  3.4438E-01  1.0063E-04  1.0824E+00  1.3335E+00
1.0000E-07  3.4438E-01  1.1365E-04  1.0824E+00  1.3333E+00
1.5849E-07  3.4439E-01  1.2935E-04  1.0824E+00  1.3331E+00
2.5119E-07  3.4440E-01  1.4523E-04  1.0824E+00  1.3330E+00
3.9811E-07  3.4441E-01  1.6293E-04  1.0824E+00  1.3329E+00
6.3096E-07  3.4443E-01  1.8761E-04  1.0824E+00  1.3328E+00
1.0000E-06  3.4447E-01  2.2114E-04  1.0824E+00  1.3328E+00
1.5849E-06  3.4451E-01  2.7235E-04  1.0824E+00  1.3327E+00
2.5119E-06  3.4458E-01  3.4652E-04  1.0824E+00  1.3327E+00
3.9811E-06  3.4467E-01  4.6372E-04  1.0824E+00  1.3327E+00
6.3096E-06  3.4481E-01  6.4492E-04  1.0824E+00  1.3327E+00
1.0000E-05  3.4500E-01  9.3209E-04  1.0824E+00  1.3326E+00
1.5849E-05  3.4527E-01  1.3647E-03  1.0824E+00  1.3326E+00
2.5119E-05  3.4563E-01  2.0479E-03  1.0824E+00  1.3326E+00
3.9811E-05  3.4612E-01  3.0777E-03  1.0824E+00  1.3326E+00
6.3096E-05  3.4678E-01  4.6873E-03  1.0824E+00  1.3326E+00
1.0000E-04  3.4770E-01  7.1301E-03  1.0824E+00  1.3325E+00
1.5849E-04  3.4898E-01  1.0901E-02  1.0824E+00  1.3325E+00
2.5119E-04  3.5078E-01  1.6691E-02  1.0824E+00  1.3324E+00
3.9811E-04  3.5333E-01  2.5522E-02  1.0824E+00  1.3324E+00
6.3096E-04  3.5700E-01  3.9228E-02  1.0824E+00  1.3323E+00
1.0000E-03  3.6234E-01  5.9725E-02  1.0824E+00  1.3322E+00
1.5849E-03  3.7019E-01  9.1933E-02  1.0824E+00  1.3321E+00
2.5119E-03  3.8205E-01  1.3851E-01  1.0824E+00  1.3319E+00
3.9811E-03  3.9962E-01  2.1220E-01  1.0824E+00  1.3317E+00
6.3096E-03  4.2710E-01  3.1531E-01  1.0824E+00  1.3314E+00
1.0000E-02  4.6818E-01  4.7651E-01  1.0823E+00  1.3310E+00
1.5849E-02  5.3308E-01  7.0017E-01  1.0823E+00  1.3305E+00
2.5119E-02  6.3147E-01  1.0382E+00  1.0823E+00  1.3299E+00
3.9811E-02  7.8237E-01  1.5144E+00  1.0822E+00  1.3290E+00
6.3096E-02  1.0072E+00  2.2052E+00  1.0822E+00  1.3279E+00
1.0000E-01  1.3233E+00  3.1998E+00  1.0821E+00  1.3264E+00
1.5849E-01  1.7370E+00  4.5597E+00  1.0820E+00  1.3248E+00
2.5119E-01  2.2933E+00  6.5867E+00  1.0818E+00  1.3224E+00
3.9811E-01  2.8782E+00  9.1768E+00  1.0817E+00  1.3202E+00
6.3096E-01  3.6946E+00  1.3196E+01  1.0815E+00  1.3168E+00
1.0000E+00  4.3895E+00  1.7971E+01  1.0814E+00  1.3143E+00
1.5849E+00  5.3821E+00  2.5417E+01  1.0813E+00  1.3105E+00
2.5119E+00  6.2423E+00  3.4299E+01  1.0812E+00  1.3074E+00
3.9811E+00  7.3829E+00  4.7643E+01  1.0810E+00  1.3032E+00
6.3096E+00  8.4533E+00  6.3624E+01  1.0808E+00  1.2994E+00
1.0000E+01  9.7603E+00  8.6146E+01  1.0806E+00  1.2948E+00
1.5849E+01  1.1316E+01  1.1164E+02  1.0804E+00  1.2907E+00
2.5119E+01  1.3399E+01  1.4278E+02  1.0801E+00  1.2870E+00
3.9811E+01  1.6116E+01  1.7611E+02  1.0799E+00  1.2843E+00
6.3096E+01  1.9936E+01  2.1206E+02  1.0798E+00  1.2829E+00
1.0000E+02  2.4857E+01  2.4394E+02  1.0797E+00  1.2828E+00
1.5849E+02  3.1736E+01  2.7395E+02  1.0797E+00  1.2836E+00
2.5119E+02  4.0237E+01  2.8850E+02  1.0798E+00  1.2841E+00
3.9811E+02  5.0165E+01  2.8798E+02  1.0798E+00  1.2853E+00
6.3096E+02  5.9741E+01  2.6751E+02  1.0800E+00  1.2876E+00
1.0000E+03  6.9402E+01  2.4130E+02  1.0804E+00  1.2930E+00
1.5849E+03  7.7149E+01  2.1147E+02  1.0812E+00  1.3043E+00
2.5119E+03  8.1295E+01  1.6929E+02  1.0816E+00  1.3113E+00
3.9811E+03  8.0004E+01  1.3433E+02  1.0818E+00  1.3172E+00
6.3096E+03  7.0770E+01  9.8906E+01  1.0821E+00  1.3235E+00
1.0000E+04  5.8963E+01  7.3018E+01  1.0822E+00  1.3251E+00
Rosseland and Planck opacities and free electrons
Density     Ross opa    Planck opa  No. Free    Av Sq Free  T=  4.5000E-01
1.0000E-10  3.4403E-01  3.6200E-07  1.0825E+00  1.3364E+00
1.5849E-10  3.4403E-01  5.7196E-07  1.0825E+00  1.3364E+00
2.5119E-10  3.4403E-01  9.0079E-07  1.0825E+00  1.3363E+00
3.9811E-10  3.4403E-01  1.4151E-06  1.0825E+00  1.3363E+00
6.3096E-10  3.4403E-01  2.2185E-06  1.0825E+00  1.3363E+00
1.0000E-09  3.4403E-01  3.4469E-06  1.0825E+00  1.3363E+00
1.5849E-09  3.4403E-01  5.3800E-06  1.0825E+00  1.3363E+00
2.5119E-09  3.4403E-01  8.2308E-06  1.0825E+00  1.3362E+00
3.9811E-09  3.4403E-01  1.2749E-05  1.0825E+00  1.3362E+00
6.3096E-09  3.4403E-01  1.9119E-05  1.0825E+00  1.3361E+00
1.0000E-08  3.4403E-01  2.9110E-05  1.0825E+00  1.3360E+00
1.5849E-08  3.4404E-01  4.2448E-05  1.0825E+00  1.3359E+00
2.5119E-08  3.4404E-01  6.2449E-05  1.0825E+00  1.3357E+00
3.9811E-08  3.4404E-01  8.7743E-05  1.0825E+00  1.3355E+00
6.3096E-08  3.4404E-01  1.2155E-04  1.0825E+00  1.3352E+00
1.0000E-07  3.4405E-01  1.6491E-04  1.0825E+00  1.3349E+00
1.5849E-07  3.4405E-01  2.1350E-04  1.0825E+00  1.3346E+00
2.5119E-07  3.4406E-01  2.8033E-04  1.0825E+00  1.3343E+00
3.9811E-07  3.4407E-01  3.4030E-04  1.0824E+00  1.3341E+00
6.3096E-07  3.4408E-01  4.3204E-04  1.0824E+00  1.3337E+00
1.0000E-06  3.4410E-01  4.9289E-04  1.0824E+00  1.3335E+00
1.5849E-06  3.4413E-01  5.8933E-04  1.0824E+00  1.3332E+00
2.5119E-06  3.4417E-01  6.6107E-04  1.0824E+00  1.3331E+00
3.9811E-06  3.4422E-01  7.6039E-04  1.0824E+00  1.3330E+00
6.3096E-06  3.4430E-01  8.7460E-04  1.0824E+00  1.3329E+00
1.0000E-05  3.4441E-01  1.0329E-03  1.0824E+00  1.3328E+00
1.5849E-05  3.4456E-01  1.2629E-03  1.0824E+00  1.3327E+00
2.5119E-05  3.4479E-01  1.6046E-03  1.0824E+00  1.3327E+00
3.9811E-05  3.4510E-01  2.1339E-03  1.0824E+00  1.3327E+00
6.3096E-05  3.4554E-01  2.9459E-03  1.0824E+00  1.3326E+00
1.0000E-04  3.4614E-01  4.2177E-03  1.0824E+00  1.3326E+00
1.5849E-04  3.4698E-01  6.1523E-03  1.0824E+00  1.3326E+00
2.5119E-04  3.4815E-01  9.2141E-03  1.0824E+00  1.3325E+00
3.9811E-04  3.4978E-01  1.3779E-02  1.0824E+00  1.3325E+00
6.3096E-04  3.5212E-01  2.1014E-02  1.0824E+00  1.3324E+00
1.0000E-03  3.5547E-01  3.1793E-02  1.0824E+00  1.3324E+00
1.5849E-03  3.6036E-01  4.8722E-02  1.0824E+00  1.3323E+00
2.5119E-03  3.6757E-01  7.4007E-02  1.0824E+00  1.3322E+00
3.9811E-03  3.7825E-01  1.1316E-01  1.0824E+00  1.3320E+00
6.3096E-03  3.9439E-01  1.7210E-01  1.0824E+00  1.3319E+00
1.0000E-02  4.1868E-01  2.6137E-01  1.0824E+00  1.3316E+00
1.5849E-02  4.5565E-01  3.9609E-01  1.0823E+00  1.3313E+00
2.5119E-02  5.1208E-01  5.9371E-01  1.0823E+00  1.3308E+00
3.9811E-02  5.9724E-01  8.9768E-01  1.0823E+00  1.3302E+00
6.3096E-02  7.2509E-01  1.3240E+00  1.0822E+00  1.3294E+00
1.0000E-01  9.1571E-01  1.9958E+00  1.0821E+00  1.3282E+00
1.5849E-01  1.1651E+00  2.8678E+00  1.0821E+00  1.3270E+00
2.5119E-01  1.5263E+00  4.2441E+00  1.0820E+00  1.3250E+00
3.9811E-01  1.9220E+00  6.0053E+00  1.0819E+00  1.3232E+00
6.3096E-01  2.4511E+00  8.6752E+00  1.0817E+00  1.3206E+00
1.0000E+00  2.9988E+00  1.2150E+01  1.0816E+00  1.3180E+00
1.5849E+00  3.6463E+00  1.7112E+01  1.0815E+00  1.3150E+00
2.5119E+00  4.3588E+00  2.3789E+01  1.0814E+00  1.3116E+00
3.9811E+00  5.1133E+00  3.2782E+01  1.0813E+00  1.3082E+00
6.3096E+00  6.0175E+00  4.5167E+01  1.0811E+00  1.3039E+00
1.0000E+01  6.9115E+00  6.0550E+01  1.0809E+00  1.3001E+00
1.5849E+01  8.1216E+00  8.1832E+01  1.0806E+00  1.2952E+00
2.5119E+01  9.4782E+00  1.0334E+02  1.0804E+00  1.2919E+00
3.9811E+01  1.1439E+01  1.3227E+02  1.0802E+00  1.2878E+00
6.3096E+01  1.3921E+01  1.5759E+02  1.0800E+00  1.2863E+00
1.0000E+02  1.7457E+01  1.8608E+02  1.0799E+00  1.2851E+00
1.5849E+02  2.2248E+01  2.1221E+02  1.0799E+00  1.2855E+00
2.5119E+02  2.8223E+01  2.2792E+02  1.0799E+00  1.2860E+00
3.9811E+02  3.5760E+01  2.3379E+02  1.0799E+00  1.2868E+00
6.3096E+02  4.3719E+01  2.2423E+02  1.0800E+00  1.2881E+00
1.0000E+03  5.2701E+01  2.0870E+02  1.0802E+00  1.2903E+00
1.5849E+03  5.9078E+01  1.8362E+02  1.0811E+00  1.3035E+00
2.5119E+03  6.4237E+01  1.5285E+02  1.0817E+00  1.3129E+00
3.9811E+03  6.6203E+01  1.2291E+02  1.0819E+00  1.3180E+00
6.3096E+03  6.1435E+01  9.3613E+01  1.0821E+00  1.3235E+00
1.0000E+04  5.2597E+01  6.8757E+01  1.0822E+00  1.3251E+00
Rosseland and Planck opacities and free electrons
Density     Ross opa    Planck opa  No. Free    Av Sq Free  T=  5.0000E-01
1.0000E-10  3.4371E-01  1.1999E-07  1.0825E+00  1.3364E+00
1.5849E-10  3.4371E-01  1.9046E-07  1.0825E+00  1.3364E+00
2.5119E-10  3.4371E-01  3.0214E-07  1.0825E+00  1.3364E+00
3.9811E-10  3.4371E-01  4.7894E-07  1.0825E+00  1.3364E+00
6.3096E-10  3.4371E-01  7.5914E-07  1.0825E+00  1.3364E+00
1.0000E-09  3.4371E-01  1.2005E-06  1.0825E+00  1.3364E+00
1.5849E-09  3.4372E-01  1.8997E-06  1.0825E+00  1.3364E+00
2.5119E-09  3.4372E-01  2.9915E-06  1.0825E+00  1.3363E+00
3.9811E-09  3.4372E-01  4.7143E-06  1.0825E+00  1.3363E+00
6.3096E-09  3.4372E-01  7.3833E-06  1.0825E+00  1.3363E+00
1.0000E-08  3.4372E-01  1.1553E-05  1.0825E+00  1.3363E+00
1.5849E-08  3.4372E-01  1.7958E-05  1.0825E+00  1.3363E+00
2.5119E-08  3.4373E-01  2.7707E-05  1.0825E+00  1.3362E+00
3.9811E-08  3.4373E-01  4.2707E-05  1.0825E+00  1.3362E+00
6.3096E-08  3.4374E-01  6.4434E-05  1.0825E+00  1.3361E+00
1.0000E-07  3.4374E-01  9.8483E-05  1.0825E+00  1.3360E+00
1.5849E-07  3.4375E-01  1.4257E-04  1.0825E+00  1.3358E+00
2.5119E-07  3.4376E-01  2.1243E-04  1.0825E+00  1.3356E+00
3.9811E-07  3.4377E-01  2.9217E-04  1.0825E+00  1.3354E+00
6.3096E-07  3.4379E-01  4.1306E-04  1.0825E+00  1.3351E+00
1.0000E-06  3.4381E-01  5.4517E-04  1.0825E+00  1.3349E+00
1.5849E-06  3.4383E-01  7.2320E-04  1.0825E+00  1.3346E+00
2.5119E-06  3.4386E-01  9.2151E-04  1.0824E+00  1.3342E+00
3.9811E-06  3.4390E-01  1.1433E-03  1.0824E+00  1.3340E+00
6.3096E-06  3.4396E-01  1.4105E-03  1.0824E+00  1.3336E+00
1.0000E-05  3.4403E-01  1.6459E-03  1.0824E+00  1.3334E+00
1.5849E-05  3.4413E-01  1.9741E-03  1.0824E+00  1.3332E+00
2.5119E-05  3.4427E-01  2.2515E-03  1.0824E+00  1.3330E+00
3.9811E-05  3.4448E-01  2.6883E-03  1.0824E+00  1.3329E+00
6.3096E-05  3.4476E-01  3.1823E-03  1.0824E+00  1.3328E+00
1.0000E-04  3.4516E-01  3.9653E-03  1.0824E+00  1.3327E+00
1.5849E-04  3.4572E-01  5.0962E-03  1.0824E+00  1.3327E+00
2.5119E-04  3.4650E-01  6.8635E-03  1.0824E+00  1.3326E+00
3.9811E-04  3.4760E-01  9.5573E-03  1.0824E+00  1.3326E+00
6.3096E-04  3.4917E-01  1.3762E-02  1.0824E+00  1.3326E+00
1.0000E-03  3.5140E-01  2.0213E-02  1.0824E+00  1.3325E+00
1.5849E-03  3.5461E-01  3.0172E-02  1.0824E+00  1.3324E+00
2.5119E-03  3.5930E-01  4.5517E-02  1.0824E+00  1.3324E+00
3.9811E-03  3.6619E-01  6.8866E-02  1.0824E+00  1.3323E+00
6.3096E-03  3.7643E-01  1.0524E-01  1.0824E+00  1.3321E+00
1.0000E-02  3.9180E-01  1.5926E-01  1.0824E+00  1.3319E+00
1.5849E-02  4.1470E-01  2.4482E-01  1.0824E+00  1.3317E+00
2.5119E-02  4.4965E-01  3.6800E-01  1.0823E+00  1.3314E+00
3.9811E-02  5.0173E-01  5.6247E-01  1.0823E+00  1.3309E+00
6.3096E-02  5.7967E-01  8.4129E-01  1.0823E+00  1.3303E+00
1.0000E-01  6.9501E-01  1.2735E+00  1.0822E+00  1.3295E+00
1.5849E-01  8.5537E-01  1.8813E+00  1.0821E+00  1.3284E+00
2.5119E-01  1.0806E+00  2.7915E+00  1.0821E+00  1.3270E+00
3.9811E-01  1.3661E+00  4.0743E+00  1.0820E+00  1.3254E+00
6.3096E-01  1.7157E+00  5.8909E+00  1.0819E+00  1.3234E+00
1.0000E+00  2.1511E+00  8.5169E+00  1.0818E+00  1.3208E+00
1.5849E+00  2.5935E+00  1.1968E+01  1.0817E+00  1.3184E+00
2.5119E+00  3.1818E+00  1.7122E+01  1.0816E+00  1.3148E+00
3.9811E+00  3.7018E+00  2.3465E+01  1.0815E+00  1.3120E+00
6.3096E+00  4.4515E+00  3.3288E+01  1.0813E+00  1.3076E+00
1.0000E+01  5.0847E+00  4.4206E+01  1.0811E+00  1.3044E+00
1.5849E+01  6.0232E+00  6.1126E+01  1.0809E+00  1.2993E+00
2.5119E+01  7.0007E+00  7.7632E+01  1.0807E+00  1.2960E+00
3.9811E+01  8.4246E+00  1.0108E+02  1.0804E+00  1.2915E+00
6.3096E+01  1.0181E+01  1.2162E+02  1.0803E+00  1.2895E+00
1.0000E+02  1.2821E+01  1.4710E+02  1.0801E+00  1.2874E+00
1.5849E+02  1.6091E+01  1.6659E+02  1.0800E+00  1.2875E+00
2.5119E+02  2.0610E+01  1.8391E+02  1.0800E+00  1.2878E+00
3.9811E+02  2.6418E+01  1.9355E+02  1.0800E+00  1.2884E+00
6.3096E+02  3.3032E+01  1.9155E+02  1.0802E+00  1.2900E+00
1.0000E+03  3.9888E+01  1.7967E+02  1.0805E+00  1.2948E+00
1.5849E+03  4.6054E+01  1.6116E+02  1.0811E+00  1.3027E+00
2.5119E+03  5.1541E+01  1.3926E+02  1.0817E+00  1.3125E+00
3.9811E+03  5.4999E+01  1.1285E+02  1.0818E+00  1.3175E+00
6.3096E+03  5.3623E+01  8.9264E+01  1.0821E+00  1.3236E+00
1.0000E+04  4.6703E+01  6.4804E+01  1.0822E+00  1.3251E+00
Rosseland and Planck opacities and free electrons
Density     Ross opa    Planck opa  No. Free    Av Sq Free  T=  5.5000E-01
1.0000E-10  3.4310E-01  4.5523E-08  1.0825E+00  1.3364E+00
1.5849E-10  3.4310E-01  7.2431E-08  1.0825E+00  1.3364E+00
2.5119E-10  3.4310E-01  1.1509E-07  1.0825E+00  1.3364E+00
3.9811E-10  3.4310E-01  1.8286E-07  1.0825E+00  1.3364E+00
6.3096E-10  3.4310E-01  2.9032E-07  1.0825E+00  1.3364E+00
1.0000E-09  3.4310E-01  4.6020E-07  1.0825E+00  1.3364E+00
1.5849E-09  3.4310E-01  7.2905E-07  1.0825E+00  1.3364E+00
2.5119E-09  3.4310E-01  1.1543E-06  1.0825E+00  1.3364E+00
3.9811E-09  3.4310E-01  1.8269E-06  1.0825E+00  1.3364E+00
6.3096E-09  3.4310E-01  2.8918E-06  1.0825E+00  1.3364E+00
1.0000E-08  3.4311E-01  4.5753E-06  1.0825E+00  1.3364E+00
1.5849E-08  3.4311E-01  7.2379E-06  1.0825E+00  1.3363E+00
2.5119E-08  3.4311E-01  1.1375E-05  1.0825E+00  1.3363E+00
3.9811E-08  3.4312E-01  1.7933E-05  1.0825E+00  1.3363E+00
6.3096E-08  3.4312E-01  2.7971E-05  1.0825E+00  1.3363E+00
1.0000E-07  3.4313E-01  4.3835E-05  1.0825E+00  1.3363E+00
1.5849E-07  3.4314E-01  6.7323E-05  1.0825E+00  1.3362E+00
2.5119E-07  3.4315E-01  1.0381E-04  1.0825E+00  1.3362E+00
3.9811E-07  3.4316E-01  1.5738E-04  1.0825E+00  1.3361E+00
6.3096E-07  3.4318E-01  2.3818E-04  1.0825E+00  1.3360E+00
1.0000E-06  3.4320E-01  3.5391E-04  1.0825E+00  1.3358E+00
1.5849E-06  3.4323E-01  5.1341E-04  1.0825E+00  1.3357E+00
2.5119E-06  3.4326E-01  7.4446E-04  1.0825E+00  1.3354E+00
3.9811E-06  3.4330E-01  1.0145E-03  1.0825E+00  1.3352E+00
6.3096E-06  3.4336E-01  1.4310E-03  1.0825E+00  1.3348E+00
1.0000E-05  3.4342E-01  1.8196E-03  1.0825E+00  1.3345E+00
1.5849E-05  3.4351E-01  2.4354E-03  1.0824E+00  1.3342E+00
2.5119E-05  3.4363E-01  2.9506E-03  1.0824E+00  1.3339E+00
3.9811E-05  3.4380E-01  3.6881E-03  1.0824E+00  1.3336E+00
6.3096E-05  3.4400E-01  4.3658E-03  1.0824E+00  1.3334E+00
1.0000E-04  3.4427E-01  5.1856E-03  1.0824E+00  1.3332E+00
1.5849E-04  3.4464E-01  6.1727E-03  1.0824E+00  1.3330E+00
2.5119E-04  3.4517E-01  7.3974E-03  1.0824E+00  1.3329E+00
3.9811E-04  3.4591E-01  9.1987E-03  1.0824E+00  1.3328E+00
6.3096E-04  3.4700E-01  1.1746E-02  1.0824E+00  1.3327E+00
1.0000E-03  3.4854E-01  1.5723E-02  1.0824E+00  1.3326E+00
1.5849E-03  3.5075E-01  2.1706E-02  1.0824E+00  1.3326E+00
2.5119E-03  3.5394E-01  3.1174E-02  1.0824E+00  1.3325E+00
3.9811E-03  3.5858E-01  4.5305E-02  1.0824E+00  1.3324E+00
6.3096E-03  3.6541E-01  6.7681E-02  1.0824E+00  1.3323E+00
1.0000E-02  3.7556E-01  1.0129E-01  1.0824E+00  1.3322E+00
1.5849E-02  3.9062E-01  1.5400E-01  1.0824E+00  1.3320E+00
2.5119E-02  4.1325E-01  2.3319E-01  1.0824E+00  1.3318E+00
3.9811E-02  4.4691E-01  3.5651E-01  1.0824E+00  1.3315E+00
6.3096E-02  4.9709E-01  5.4304E-01  1.0824E+00  1.3311E+00
1.0000E-01  5.7091E-01  8.2755E-01  1.0823E+00  1.3306E+00
1.5849E-01  6.7746E-01  1.2555E+00  1.0823E+00  1.3298E+00
2.5119E-01  8.2460E-01  1.8767E+00  1.0823E+00  1.3288E+00
3.9811E-01  1.0306E+00  2.8229E+00  1.0822E+00  1.3274E+00
6.3096E-01  1.2705E+00  4.1067E+00  1.0822E+00  1.3259E+00
1.0000E+00  1.6140E+00  6.1232E+00  1.0821E+00  1.3235E+00
1.5849E+00  1.9280E+00  8.6142E+00  1.0820E+00  1.3214E+00
2.5119E+00  2.3764E+00  1.2508E+01  1.0819E+00  1.3181E+00
3.9811E+00  2.7878E+00  1.7309E+01  1.0817E+00  1.3153E+00
6.3096E+00  3.3263E+00  2.4456E+01  1.0815E+00  1.3115E+00
1.0000E+01  3.8720E+00  3.3265E+01  1.0814E+00  1.3079E+00
1.5849E+01  4.5542E+00  4.5640E+01  1.0811E+00  1.3036E+00
2.5119E+01  5.3535E+00  5.9992E+01  1.0809E+00  1.2995E+00
3.9811E+01  6.3733E+00  7.7343E+01  1.0806E+00  1.2955E+00
6.3096E+01  7.7183E+00  9.6270E+01  1.0804E+00  1.2923E+00
1.0000E+02  9.6063E+00  1.1614E+02  1.0803E+00  1.2903E+00
1.5849E+02  1.2079E+01  1.3404E+02  1.0802E+00  1.2894E+00
2.5119E+02  1.5577E+01  1.5132E+02  1.0801E+00  1.2893E+00
3.9811E+02  2.0018E+01  1.6152E+02  1.0802E+00  1.2899E+00
6.3096E+02  2.5371E+01  1.6377E+02  1.0802E+00  1.2912E+00
1.0000E+03  3.0877E+01  1.5638E+02  1.0810E+00  1.3012E+00
1.5849E+03  3.6766E+01  1.4437E+02  1.0817E+00  1.3108E+00
2.5119E+03  4.1817E+01  1.2692E+02  1.0817E+00  1.3117E+00
3.9811E+03  4.5348E+01  1.0328E+02  1.0820E+00  1.3189E+00
6.3096E+03  4.5923E+01  8.2860E+01  1.0821E+00  1.3236E+00
1.0000E+04  4.1592E+01  6.1324E+01  1.0822E+00  1.3252E+00
Rosseland and Planck opacities and free electrons
Density     Ross opa    Planck opa  No. Free    Av Sq Free  T=  6.0000E-01
1.0000E-10  3.4253E-01  2.0874E-08  1.0825E+00  1.3364E+00
1.5849E-10  3.4253E-01  3.3138E-08  1.0825E+00  1.3364E+00
2.5119E-10  3.4253E-01  5.2592E-08  1.0825E+00  1.3364E+00
3.9811E-10  3.4253E-01  8.3415E-08  1.0825E+00  1.3364E+00
6.3096E-10  3.4253E-01  1.3225E-07  1.0825E+00  1.3364E+00
1.0000E-09  3.4253E-01  2.0977E-07  1.0825E+00  1.3364E+00
1.5849E-09  3.4253E-01  3.3297E-07  1.0825E+00  1.3364E+00
2.5119E-09  3.4254E-01  5.2824E-07  1.0825E+00  1.3364E+00
3.9811E-09  3.4254E-01  8.3782E-07  1.0825E+00  1.3364E+00
6.3096E-09  3.4254E-01  1.3285E-06  1.0825E+00  1.3364E+00
1.0000E-08  3.4254E-01  2.1012E-06  1.0825E+00  1.3364E+00
1.5849E-08  3.4254E-01  3.3257E-06  1.0825E+00  1.3364E+00
2.5119E-08  3.4255E-01  5.2704E-06  1.0825E+00  1.3364E+00
3.9811E-08  3.4255E-01  8.3539E-06  1.0825E+00  1.3364E+00
6.3096E-08  3.4256E-01  1.3219E-05  1.0825E+00  1.3364E+00
1.0000E-07  3.4256E-01  2.0914E-05  1.0825E+00  1.3363E+00
1.5849E-07  3.4257E-01  3.2944E-05  1.0825E+00  1.3363E+00
2.5119E-07  3.4258E-01  5.1763E-05  1.0825E+00  1.3363E+00
3.9811E-07  3.4259E-01  8.1050E-05  1.0825E+00  1.3363E+00
6.3096E-07  3.4261E-01  1.2574E-04  1.0825E+00  1.3363E+00
1.0000E-06  3.4263E-01  1.9559E-04  1.0825E+00  1.3362E+00
1.5849E-06  3.4266E-01  2.9643E-04  1.0825E+00  1.3361E+00
2.5119E-06  3.4269E-01  4.5625E-04  1.0825E+00  1.3360E+00
3.9811E-06  3.4274E-01  6.6391E-04  1.0825E+00  1.3359E+00
6.3096E-06  3.4280E-01  9.8932E-04  1.0825E+00  1.3357E+00
1.0000E-05  3.4287E-01  1.3738E-03  1.0825E+00  1.3355E+00
1.5849E-05  3.4295E-01  1.9333E-03  1.0825E+00  1.3352E+00
2.5119E-05  3.4308E-01  2.5726E-03  1.0825E+00  1.3349E+00
3.9811E-05  3.4325E-01  3.3750E-03  1.0825E+00  1.3346E+00
6.3096E-05  3.4345E-01  4.3400E-03  1.0825E+00  1.3343E+00
1.0000E-04  3.4367E-01  5.3449E-03  1.0824E+00  1.3340E+00
1.5849E-04  3.4397E-01  6.6945E-03  1.0824E+00  1.3336E+00
2.5119E-04  3.4435E-01  7.9258E-03  1.0824E+00  1.3334E+00
3.9811E-04  3.4487E-01  9.8040E-03  1.0824E+00  1.3331E+00
6.3096E-04  3.4565E-01  1.1734E-02  1.0824E+00  1.3330E+00
1.0000E-03  3.4676E-01  1.4793E-02  1.0824E+00  1.3328E+00
1.5849E-03  3.4834E-01  1.8922E-02  1.0824E+00  1.3328E+00
2.5119E-03  3.5061E-01  2.5376E-02  1.0824E+00  1.3326E+00
3.9811E-03  3.5389E-01  3.5024E-02  1.0824E+00  1.3326E+00
6.3096E-03  3.5868E-01  5.0109E-02  1.0824E+00  1.3325E+00
1.0000E-02  3.6574E-01  7.3096E-02  1.0824E+00  1.3324E+00
1.5849E-02  3.7618E-01  1.0869E-01  1.0824E+00  1.3322E+00
2.5119E-02  3.9171E-01  1.6358E-01  1.0824E+00  1.3320E+00
3.9811E-02  4.1471E-01  2.4744E-01  1.0824E+00  1.3318E+00
6.3096E-02  4.4880E-01  3.7835E-01  1.0824E+00  1.3315E+00
1.0000E-01  4.9867E-01  5.7509E-01  1.0824E+00  1.3311E+00
1.5849E-01  5.7206E-01  8.8393E-01  1.0823E+00  1.3304E+00
2.5119E-01  6.7250E-01  1.3247E+00  1.0823E+00  1.3297E+00
3.9811E-01  8.1861E-01  2.0172E+00  1.0823E+00  1.3285E+00
6.3096E-01  9.9253E-01  2.9633E+00  1.0822E+00  1.3273E+00
1.0000E+00  1.2346E+00  4.4277E+00  1.0821E+00  1.3254E+00
1.5849E+00  1.4938E+00  6.3697E+00  1.0821E+00  1.3233E+00
2.5119E+00  1.8211E+00  9.2471E+00  1.0820E+00  1.3206E+00
3.9811E+00  2.1758E+00  1.3079E+01  1.0818E+00  1.3177E+00
6.3096E+00  2.5749E+00  1.8431E+01  1.0817E+00  1.3145E+00
1.0000E+01  3.0450E+00  2.5637E+01  1.0815E+00  1.3107E+00
1.5849E+01  3.5553E+00  3.4950E+01  1.0813E+00  1.3070E+00
2.5119E+01  4.2227E+00  4.7263E+01  1.0811E+00  1.3024E+00
3.9811E+01  4.9775E+00  5.9891E+01  1.0809E+00  1.2993E+00
6.3096E+01  6.0415E+00  7.6595E+01  1.0806E+00  1.2955E+00
1.0000E+02  7.4300E+00  9.3103E+01  1.0805E+00  1.2933E+00
1.5849E+02  9.3692E+00  1.1032E+02  1.0803E+00  1.2914E+00
2.5119E+02  1.2053E+01  1.2518E+02  1.0803E+00  1.2912E+00
3.9811E+02  1.5434E+01  1.3502E+02  1.0803E+00  1.2916E+00
6.3096E+02  1.9729E+01  1.3979E+02  1.0804E+00  1.2929E+00
1.0000E+03  2.4406E+01  1.3624E+02  1.0808E+00  1.2993E+00
1.5849E+03  2.9885E+01  1.2938E+02  1.0817E+00  1.3110E+00
2.5119E+03  3.4050E+01  1.1391E+02  1.0817E+00  1.3135E+00
3.9811E+03  3.7721E+01  9.5218E+01  1.0819E+00  1.3184E+00
6.3096E+03  3.9543E+01  7.7220E+01  1.0821E+00  1.3237E+00
1.0000E+04  3.7161E+01  5.8799E+01  1.0822E+00  1.3253E+00
Rosseland and Planck opacities and free electrons
Density     Ross opa    Planck opa  No. Free    Av Sq Free  T=  6.5000E-01
1.0000E-10  3.4202E-01  1.0262E-08  1.0825E+00  1.3364E+00
1.5849E-10  3.4202E-01  1.6319E-08  1.0825E+00  1.3364E+00
2.5119E-10  3.4202E-01  2.5980E-08  1.0825E+00  1.3364E+00
3.9811E-10  3.4202E-01  4.1279E-08  1.0825E+00  1.3364E+00
6.3096E-10  3.4202E-01  6.5466E-08  1.0825E+00  1.3364E+00
1.0000E-09  3.4202E-01  1.0381E-07  1.0825E+00  1.3364E+00
1.5849E-09  3.4202E-01  1.6487E-07  1.0825E+00  1.3364E+00
2.5119E-09  3.4202E-01  2.6163E-07  1.0825E+00  1.3364E+00
3.9811E-09  3.4202E-01  4.1465E-07  1.0825E+00  1.3364E+00
6.3096E-09  3.4202E-01  6.5710E-07  1.0825E+00  1.3364E+00
1.0000E-08  3.4202E-01  1.0421E-06  1.0825E+00  1.3364E+00
1.5849E-08  3.4202E-01  1.6527E-06  1.0825E+00  1.3364E+00
2.5119E-08  3.4202E-01  2.6224E-06  1.0825E+00  1.3364E+00
3.9811E-08  3.4203E-01  4.1612E-06  1.0825E+00  1.3364E+00
6.3096E-08  3.4203E-01  6.5954E-06  1.0825E+00  1.3364E+00
1.0000E-07  3.4204E-01  1.0443E-05  1.0825E+00  1.3364E+00
1.5849E-07  3.4205E-01  1.6536E-05  1.0825E+00  1.3364E+00
2.5119E-07  3.4206E-01  2.6171E-05  1.0825E+00  1.3364E+00
3.9811E-07  3.4207E-01  4.1432E-05  1.0825E+00  1.3363E+00
6.3096E-07  3.4208E-01  6.5167E-05  1.0825E+00  1.3363E+00
1.0000E-06  3.4210E-01  1.0278E-04  1.0825E+00  1.3363E+00
1.5849E-06  3.4213E-01  1.6026E-04  1.0825E+00  1.3363E+00
2.5119E-06  3.4216E-01  2.5087E-04  1.0825E+00  1.3363E+00
3.9811E-06  3.4220E-01  3.8473E-04  1.0825E+00  1.3362E+00
6.3096E-06  3.4225E-01  5.9109E-04  1.0825E+00  1.3361E+00
1.0000E-05  3.4232E-01  8.8699E-04  1.0825E+00  1.3360E+00
1.5849E-05  3.4241E-01  1.3178E-03  1.0825E+00  1.3359E+00
2.5119E-05  3.4254E-01  1.9245E-03  1.0825E+00  1.3357E+00
3.9811E-05  3.4272E-01  2.6956E-03  1.0825E+00  1.3355E+00
6.3096E-05  3.4294E-01  3.8193E-03  1.0825E+00  1.3352E+00
1.0000E-04  3.4316E-01  4.9638E-03  1.0825E+00  1.3349E+00
1.5849E-04  3.4348E-01  6.7777E-03  1.0825E+00  1.3345E+00
2.5119E-04  3.4378E-01  8.2741E-03  1.0824E+00  1.3342E+00
3.9811E-04  3.4421E-01  1.0632E-02  1.0824E+00  1.3338E+00
6.3096E-04  3.4481E-01  1.2823E-02  1.0824E+00  1.3336E+00
1.0000E-03  3.4568E-01  1.5871E-02  1.0824E+00  1.3333E+00
1.5849E-03  3.4688E-01  1.9515E-02  1.0824E+00  1.3331E+00
2.5119E-03  3.4858E-01  2.4486E-02  1.0824E+00  1.3329E+00
3.9811E-03  3.5102E-01  3.1696E-02  1.0824E+00  1.3328E+00
6.3096E-03  3.5453E-01  4.2267E-02  1.0824E+00  1.3326E+00
1.0000E-02  3.5965E-01  5.8581E-02  1.0824E+00  1.3325E+00
1.5849E-02  3.6717E-01  8.3329E-02  1.0824E+00  1.3324E+00
2.5119E-02  3.7824E-01  1.2221E-01  1.0824E+00  1.3322E+00
3.9811E-02  3.9459E-01  1.8141E-01  1.0824E+00  1.3320E+00
6.3096E-02  4.1869E-01  2.7480E-01  1.0824E+00  1.3317E+00
1.0000E-01  4.5386E-01  4.1582E-01  1.0824E+00  1.3314E+00
1.5849E-01  5.0539E-01  6.3788E-01  1.0824E+00  1.3309E+00
2.5119E-01  5.7736E-01  9.6364E-01  1.0823E+00  1.3303E+00
3.9811E-01  6.8039E-01  1.4689E+00  1.0823E+00  1.3294E+00
6.3096E-01  8.1268E-01  2.1904E+00  1.0823E+00  1.3283E+00
1.0000E+00  9.8847E-01  3.2714E+00  1.0822E+00  1.3268E+00
1.5849E+00  1.2013E+00  4.8125E+00  1.0821E+00  1.3248E+00
2.5119E+00  1.4474E+00  6.9854E+00  1.0820E+00  1.3226E+00
3.9811E+00  1.7532E+00  1.0116E+01  1.0819E+00  1.3196E+00
6.3096E+00  2.0587E+00  1.4190E+01  1.0818E+00  1.3169E+00
1.0000E+01  2.4664E+00  2.0226E+01  1.0816E+00  1.3129E+00
1.5849E+01  2.8577E+00  2.7352E+01  1.0814E+00  1.3097E+00
2.5119E+01  3.4234E+00  3.8200E+01  1.0812E+00  1.3048E+00
3.9811E+01  3.9963E+00  4.8010E+01  1.0810E+00  1.3020E+00
6.3096E+01  4.8490E+00  6.2819E+01  1.0807E+00  1.2977E+00
1.0000E+02  5.9057E+00  7.6014E+01  1.0806E+00  1.2957E+00
1.5849E+02  7.4689E+00  9.2450E+01  1.0804E+00  1.2931E+00
2.5119E+02  9.5113E+00  1.0456E+02  1.0804E+00  1.2929E+00
3.9811E+02  1.2226E+01  1.1461E+02  1.0804E+00  1.2931E+00
6.3096E+02  1.5710E+01  1.2061E+02  1.0805E+00  1.2942E+00
1.0000E+03  1.9682E+01  1.1997E+02  1.0808E+00  1.2984E+00
1.5849E+03  2.4296E+01  1.1508E+02  1.0815E+00  1.3091E+00
2.5119E+03  2.8105E+01  1.0289E+02  1.0817E+00  1.3139E+00
3.9811E+03  3.1739E+01  8.8338E+01  1.0819E+00  1.3184E+00
6.3096E+03  3.4286E+01  7.2321E+01  1.0821E+00  1.3238E+00
1.0000E+04  3.3315E+01  5.6556E+01  1.0822E+00  1.3256E+00
Rosseland and Planck opacities and free electrons
Density     Ross opa    Planck opa  No. Free    Av Sq Free  T=  7.0000E-01
1.0000E-10  3.4154E-01  5.3569E-09  1.0825E+00  1.3364E+00
1.5849E-10  3.4154E-01  8.5121E-09  1.0825E+00  1.3364E+00
2.5119E-10  3.4154E-01  1.3540E-08  1.0825E+00  1.3364E+00
3.9811E-10  3.4154E-01  2.1509E-08  1.0825E+00  1.3364E+00
6.3096E-10  3.4154E-01  3.4129E-08  1.0825E+00  1.3364E+00
1.0000E-09  3.4154E-01  5.4129E-08  1.0825E+00  1.3364E+00
1.5849E-09  3.4154E-01  8.5806E-08  1.0825E+00  1.3364E+00
2.5119E-09  3.4154E-01  1.3600E-07  1.0825E+00  1.3364E+00
3.9811E-09  3.4154E-01  2.1586E-07  1.0825E+00  1.3364E+00
6.3096E-09  3.4154E-01  3.4265E-07  1.0825E+00  1.3364E+00
1.0000E-08  3.4154E-01  5.4374E-07  1.0825E+00  1.3364E+00
1.5849E-08  3.4154E-01  8.6266E-07  1.0825E+00  1.3364E+00
2.5119E-08  3.4154E-01  1.3678E-06  1.0825E+00  1.3364E+00
3.9811E-08  3.4155E-01  2.1676E-06  1.0825E+00  1.3364E+00
6.3096E-08  3.4155E-01  3.4358E-06  1.0825E+00  1.3364E+00
1.0000E-07  3.4155E-01  5.4526E-06  1.0825E+00  1.3364E+00
1.5849E-07  3.4156E-01  8.6490E-06  1.0825E+00  1.3364E+00
2.5119E-07  3.4157E-01  1.3737E-05  1.0825E+00  1.3364E+00
3.9811E-07  3.4158E-01  2.1802E-05  1.0825E+00  1.3364E+00
6.3096E-07  3.4159E-01  3.4485E-05  1.0825E+00  1.3364E+00
1.0000E-06  3.4161E-01  5.4551E-05  1.0825E+00  1.3363E+00
1.5849E-06  3.4163E-01  8.6203E-05  1.0825E+00  1.3363E+00
2.5119E-06  3.4166E-01  1.3624E-04  1.0825E+00  1.3363E+00
3.9811E-06  3.4170E-01  2.1383E-04  1.0825E+00  1.3363E+00
6.3096E-06  3.4174E-01  3.3398E-04  1.0825E+00  1.3363E+00
1.0000E-05  3.4180E-01  5.1935E-04  1.0825E+00  1.3362E+00
1.5849E-05  3.4189E-01  7.9537E-04  1.0825E+00  1.3362E+00
2.5119E-05  3.4199E-01  1.2248E-03  1.0825E+00  1.3361E+00
3.9811E-05  3.4217E-01  1.8068E-03  1.0825E+00  1.3360E+00
6.3096E-05  3.4239E-01  2.7292E-03  1.0825E+00  1.3358E+00
1.0000E-04  3.4263E-01  3.8120E-03  1.0825E+00  1.3356E+00
1.5849E-04  3.4294E-01  5.4882E-03  1.0825E+00  1.3353E+00
2.5119E-04  3.4327E-01  7.3173E-03  1.0825E+00  1.3350E+00
3.9811E-04  3.4368E-01  9.8721E-03  1.0825E+00  1.3347E+00
6.3096E-04  3.4423E-01  1.2739E-02  1.0825E+00  1.3343E+00
1.0000E-03  3.4500E-01  1.6205E-02  1.0824E+00  1.3340E+00
1.5849E-03  3.4602E-01  2.0567E-02  1.0824E+00  1.3337E+00
2.5119E-03  3.4740E-01  2.5409E-02  1.0824E+00  1.3334E+00
3.9811E-03  3.4934E-01  3.2449E-02  1.0824E+00  1.3331E+00
6.3096E-03  3.5202E-01  4.0985E-02  1.0824E+00  1.3329E+00
1.0000E-02  3.5591E-01  5.4363E-02  1.0824E+00  1.3327E+00
1.5849E-02  3.6151E-01  7.3154E-02  1.0824E+00  1.3326E+00
2.5119E-02  3.6971E-01  1.0283E-01  1.0824E+00  1.3324E+00
3.9811E-02  3.8175E-01  1.4694E-01  1.0824E+00  1.3322E+00
6.3096E-02  3.9940E-01  2.1656E-01  1.0824E+00  1.3320E+00
1.0000E-01  4.2515E-01  3.2170E-01  1.0824E+00  1.3317E+00
1.5849E-01  4.6260E-01  4.8522E-01  1.0824E+00  1.3313E+00
2.5119E-01  5.1582E-01  7.3078E-01  1.0823E+00  1.3308E+00
3.9811E-01  5.9104E-01  1.1047E+00  1.0823E+00  1.3300E+00
6.3096E-01  6.9307E-01  1.6632E+00  1.0823E+00  1.3291E+00
1.0000E+00  8.2452E-01  2.4818E+00  1.0822E+00  1.3278E+00
1.5849E+00  9.9921E-01  3.7085E+00  1.0822E+00  1.3260E+00
2.5119E+00  1.1884E+00  5.3775E+00  1.0821E+00  1.3242E+00
3.9811E+00  1.4515E+00  7.9392E+00  1.0820E+00  1.3213E+00
6.3096E+00  1.6928E+00  1.1123E+01  1.0819E+00  1.3189E+00
1.0000E+01  2.0362E+00  1.6064E+01  1.0817E+00  1.3151E+00
1.5849E+01  2.3582E+00  2.1791E+01  1.0816E+00  1.3121E+00
2.5119E+01  2.8088E+00  3.0438E+01  1.0813E+00  1.3076E+00
3.9811E+01  3.2922E+00  3.9156E+01  1.0811E+00  1.3044E+00
6.3096E+01  3.9562E+00  5.0939E+01  1.0809E+00  1.3005E+00
1.0000E+02  4.8111E+00  6.3000E+01  1.0807E+00  1.2979E+00
1.5849E+02  6.0742E+00  7.7798E+01  1.0806E+00  1.2951E+00
2.5119E+02  7.6877E+00  8.8470E+01  1.0805E+00  1.2946E+00
3.9811E+02  9.9230E+00  9.8593E+01  1.0805E+00  1.2946E+00
6.3096E+02  1.2773E+01  1.0512E+02  1.0806E+00  1.2956E+00
1.0000E+03  1.6162E+01  1.0669E+02  1.0807E+00  1.2982E+00
1.5849E+03  1.9830E+01  1.0204E+02  1.0814E+00  1.3072E+00
2.5119E+03  2.3493E+01  9.3570E+01  1.0817E+00  1.3138E+00
3.9811E+03  2.6979E+01  8.2384E+01  1.0819E+00  1.3182E+00
6.3096E+03  2.9539E+01  6.7452E+01  1.0821E+00  1.3232E+00
1.0000E+04  2.9768E+01  5.4081E+01  1.0822E+00  1.3256E+00
Rosseland and Planck opacities and free electrons
Density     Ross opa    Planck opa  No. Free    Av Sq Free  T=  8.0000E-01
1.0000E-10  3.4068E-01  1.0898E-09  1.0825E+00  1.3364E+00
1.5849E-10  3.4068E-01  2.6207E-09  1.0825E+00  1.3364E+00
2.5119E-10  3.4068E-01  4.4732E-09  1.0825E+00  1.3364E+00
3.9811E-10  3.4068E-01  7.1245E-09  1.0825E+00  1.3364E+00
6.3096E-10  3.4068E-01  1.1344E-08  1.0825E+00  1.3364E+00
1.0000E-09  3.4068E-01  1.8050E-08  1.0825E+00  1.3364E+00
1.5849E-09  3.4068E-01  2.8667E-08  1.0825E+00  1.3364E+00
2.5119E-09  3.4068E-01  4.5469E-08  1.0825E+00  1.3364E+00
3.9811E-09  3.4068E-01  7.2107E-08  1.0825E+00  1.3364E+00
6.3096E-09  3.4068E-01  1.1437E-07  1.0825E+00  1.3364E+00
1.0000E-08  3.4068E-01  1.8137E-07  1.0825E+00  1.3364E+00
1.5849E-08  3.4068E-01  2.8797E-07  1.0825E+00  1.3364E+00
2.5119E-08  3.4068E-01  4.5692E-07  1.0825E+00  1.3364E+00
3.9811E-08  3.4068E-01  7.2517E-07  1.0825E+00  1.3364E+00
6.3096E-08  3.4068E-01  1.1504E-06  1.0825E+00  1.3364E+00
1.0000E-07  3.4069E-01  1.8288E-06  1.0825E+00  1.3364E+00
1.5849E-07  3.4069E-01  2.9064E-06  1.0825E+00  1.3364E+00
2.5119E-07  3.4069E-01  4.6181E-06  1.0825E+00  1.3364E+00
3.9811E-07  3.4070E-01  7.3352E-06  1.0825E+00  1.3364E+00
6.3096E-07  3.4070E-01  1.1640E-05  1.0825E+00  1.3364E+00
1.0000E-06  3.4072E-01  1.8459E-05  1.0825E+00  1.3364E+00
1.5849E-06  3.4073E-01  2.9267E-05  1.0825E+00  1.3364E+00
2.5119E-06  3.4075E-01  4.6400E-05  1.0825E+00  1.3364E+00
3.9811E-06  3.4078E-01  7.3554E-05  1.0825E+00  1.3364E+00
6.3096E-06  3.4082E-01  1.1657E-04  1.0825E+00  1.3363E+00
1.0000E-05  3.4087E-01  1.8475E-04  1.0825E+00  1.3363E+00
1.5849E-05  3.4093E-01  2.9056E-04  1.0825E+00  1.3363E+00
2.5119E-05  3.4101E-01  4.5768E-04  1.0825E+00  1.3363E+00
3.9811E-05  3.4112E-01  7.1376E-04  1.0825E+00  1.3363E+00
6.3096E-05  3.4127E-01  1.1139E-03  1.0825E+00  1.3362E+00
1.0000E-04  3.4148E-01  1.7133E-03  1.0825E+00  1.3362E+00
1.5849E-04  3.4175E-01  2.6173E-03  1.0825E+00  1.3361E+00
2.5119E-04  3.4209E-01  3.9509E-03  1.0825E+00  1.3360E+00
3.9811E-04  3.4248E-01  5.7933E-03  1.0825E+00  1.3358E+00
6.3096E-04  3.4301E-01  8.5581E-03  1.0825E+00  1.3356E+00
1.0000E-03  3.4368E-01  1.1777E-02  1.0825E+00  1.3353E+00
1.5849E-03  3.4462E-01  1.6878E-02  1.0825E+00  1.3349E+00
2.5119E-03  3.4574E-01  2.1813E-02  1.0825E+00  1.3347E+00
3.9811E-03  3.4733E-01  2.9526E-02  1.0824E+00  1.3342E+00
6.3096E-03  3.4930E-01  3.7488E-02  1.0824E+00  1.3339E+00
1.0000E-02  3.5203E-01  4.8815E-02  1.0824E+00  1.3336E+00
1.5849E-02  3.5570E-01  6.2806E-02  1.0824E+00  1.3333E+00
2.5119E-02  3.6085E-01  8.2076E-02  1.0824E+00  1.3330E+00
3.9811E-02  3.6819E-01  1.1011E-01  1.0824E+00  1.3327E+00
6.3096E-02  3.7868E-01  1.5082E-01  1.0824E+00  1.3324E+00
1.0000E-01  3.9388E-01  2.1356E-01  1.0824E+00  1.3321E+00
1.5849E-01  4.1570E-01  3.0831E-01  1.0824E+00  1.3318E+00
2.5119E-01  4.4715E-01  4.5624E-01  1.0824E+00  1.3314E+00
3.9811E-01  4.9107E-01  6.7746E-01  1.0823E+00  1.3309E+00
6.3096E-01  5.5429E-01  1.0243E+00  1.0823E+00  1.3301E+00
1.0000E+00  6.3428E-01  1.5209E+00  1.0823E+00  1.3293E+00
1.5849E+00  7.4706E-01  2.2950E+00  1.0822E+00  1.3279E+00
2.5119E+00  8.7528E-01  3.3634E+00  1.0822E+00  1.3264E+00
3.9811E+00  1.0450E+00  4.9830E+00  1.0821E+00  1.3243E+00
6.3096E+00  1.2327E+00  7.1727E+00  1.0820E+00  1.3220E+00
1.0000E+01  1.4596E+00  1.0336E+01  1.0819E+00  1.3191E+00
1.5849E+01  1.7175E+00  1.4523E+01  1.0817E+00  1.3157E+00
2.5119E+01  2.0137E+00  2.0039E+01  1.0816E+00  1.3122E+00
3.9811E+01  2.3826E+00  2.7156E+01  1.0814E+00  1.3082E+00
6.3096E+01  2.8120E+00  3.4902E+01  1.0812E+00  1.3051E+00
1.0000E+02  3.3994E+00  4.4920E+01  1.0810E+00  1.3015E+00
1.5849E+02  4.2130E+00  5.5134E+01  1.0808E+00  1.2994E+00
2.5119E+02  5.3320E+00  6.5471E+01  1.0807E+00  1.2978E+00
3.9811E+02  6.9093E+00  7.4902E+01  1.0807E+00  1.2975E+00
6.3096E+02  8.7693E+00  8.0408E+01  1.0807E+00  1.2982E+00
1.0000E+03  1.1134E+01  8.3692E+01  1.0809E+00  1.3001E+00
1.5849E+03  1.3800E+01  8.2111E+01  1.0812E+00  1.3052E+00
2.5119E+03  1.7004E+01  7.8531E+01  1.0817E+00  1.3132E+00
3.9811E+03  1.9734E+01  7.0438E+01  1.0820E+00  1.3200E+00
6.3096E+03  2.2100E+01  5.9151E+01  1.0821E+00  1.3236E+00
1.0000E+04  2.3464E+01  4.8294E+01  1.0822E+00  1.3258E+00
Rosseland and Planck opacities and free electrons
Density     Ross opa    Planck opa  No. Free    Av Sq Free  T=  9.0000E-01
1.0000E-10  3.3992E-01  9.8068E-11  1.0825E+00  1.3364E+00
1.5849E-10  3.3992E-01  2.1169E-10  1.0825E+00  1.3364E+00
2.5119E-10  3.3992E-01  6.9762E-10  1.0825E+00  1.3364E+00
3.9811E-10  3.3992E-01  2.2413E-09  1.0825E+00  1.3364E+00
6.3096E-10  3.3992E-01  4.5492E-09  1.0825E+00  1.3364E+00
1.0000E-09  3.3992E-01  7.2963E-09  1.0825E+00  1.3364E+00
1.5849E-09  3.3992E-01  1.1650E-08  1.0825E+00  1.3364E+00
2.5119E-09  3.3992E-01  1.8561E-08  1.0825E+00  1.3364E+00
3.9811E-09  3.3992E-01  2.9515E-08  1.0825E+00  1.3364E+00
6.3096E-09  3.3992E-01  4.6785E-08  1.0825E+00  1.3364E+00
1.0000E-08  3.3992E-01  7.4130E-08  1.0825E+00  1.3364E+00
1.5849E-08  3.3992E-01  1.1752E-07  1.0825E+00  1.3364E+00
2.5119E-08  3.3993E-01  1.8631E-07  1.0825E+00  1.3364E+00
3.9811E-08  3.3993E-01  2.9574E-07  1.0825E+00  1.3364E+00
6.3096E-08  3.3993E-01  4.6974E-07  1.0825E+00  1.3364E+00
1.0000E-07  3.3993E-01  7.4572E-07  1.0825E+00  1.3364E+00
1.5849E-07  3.3993E-01  1.1837E-06  1.0825E+00  1.3364E+00
2.5119E-07  3.3993E-01  1.8788E-06  1.0825E+00  1.3364E+00
3.9811E-07  3.3993E-01  2.9883E-06  1.0825E+00  1.3364E+00
6.3096E-07  3.3993E-01  4.7468E-06  1.0825E+00  1.3364E+00
1.0000E-06  3.3994E-01  7.5595E-06  1.0825E+00  1.3364E+00
1.5849E-06  3.3995E-01  1.2019E-05  1.0825E+00  1.3364E+00
2.5119E-06  3.3996E-01  1.9103E-05  1.0825E+00  1.3364E+00
3.9811E-06  3.3997E-01  3.0337E-05  1.0825E+00  1.3364E+00
6.3096E-06  3.4000E-01  4.8249E-05  1.0825E+00  1.3364E+00
1.0000E-05  3.4003E-01  7.6721E-05  1.0825E+00  1.3364E+00
1.5849E-05  3.4008E-01  1.2159E-04  1.0825E+00  1.3364E+00
2.5119E-05  3.4014E-01  1.9229E-04  1.0825E+00  1.3363E+00
3.9811E-05  3.4022E-01  3.0379E-04  1.0825E+00  1.3363E+00
6.3096E-05  3.4032E-01  4.7867E-04  1.0825E+00  1.3363E+00
1.0000E-04  3.4046E-01  7.5462E-04  1.0825E+00  1.3363E+00
1.5849E-04  3.4064E-01  1.1786E-03  1.0825E+00  1.3363E+00
2.5119E-04  3.4089E-01  1.8506E-03  1.0825E+00  1.3362E+00
3.9811E-04  3.4122E-01  2.8405E-03  1.0825E+00  1.3362E+00
6.3096E-04  3.4165E-01  4.4027E-03  1.0825E+00  1.3361E+00
1.0000E-03  3.4225E-01  6.5832E-03  1.0825E+00  1.3360E+00
1.5849E-03  3.4306E-01  9.9229E-03  1.0825E+00  1.3358E+00
2.5119E-03  3.4410E-01  1.4348E-02  1.0825E+00  1.3356E+00
3.9811E-03  3.4550E-01  2.0602E-02  1.0825E+00  1.3353E+00
6.3096E-03  3.4732E-01  2.8869E-02  1.0825E+00  1.3350E+00
1.0000E-02  3.4967E-01  3.9064E-02  1.0825E+00  1.3347E+00
1.5849E-02  3.5285E-01  5.3462E-02  1.0824E+00  1.3342E+00
2.5119E-02  3.5683E-01  6.9555E-02  1.0824E+00  1.3339E+00
3.9811E-02  3.6247E-01  9.4310E-02  1.0824E+00  1.3334E+00
6.3096E-02  3.6972E-01  1.2294E-01  1.0824E+00  1.3331E+00
1.0000E-01  3.8017E-01  1.6809E-01  1.0824E+00  1.3327E+00
1.5849E-01  3.9450E-01  2.2955E-01  1.0824E+00  1.3324E+00
2.5119E-01  4.1499E-01  3.2544E-01  1.0824E+00  1.3320E+00
3.9811E-01  4.4359E-01  4.6689E-01  1.0824E+00  1.3315E+00
6.3096E-01  4.8410E-01  6.8700E-01  1.0823E+00  1.3309E+00
1.0000E+00  5.3864E-01  1.0137E+00  1.0823E+00  1.3302E+00
1.5849E+00  6.1264E-01  1.5076E+00  1.0823E+00  1.3292E+00
2.5119E+00  7.0768E-01  2.2410E+00  1.0822E+00  1.3279E+00
3.9811E+00  8.2334E-01  3.3019E+00  1.0822E+00  1.3264E+00
6.3096E+00  9.7218E-01  4.8735E+00  1.0821E+00  1.3242E+00
1.0000E+01  1.1319E+00  6.9790E+00  1.0820E+00  1.3220E+00
1.5849E+01  1.3449E+00  1.0150E+01  1.0819E+00  1.3185E+00
2.5119E+01  1.5540E+00  1.3873E+01  1.0817E+00  1.3157E+00
3.9811E+01  1.8436E+00  1.9621E+01  1.0815E+00  1.3112E+00
6.3096E+01  2.1430E+00  2.5041E+01  1.0814E+00  1.3085E+00
1.0000E+02  2.5619E+00  3.3191E+01  1.0811E+00  1.3043E+00
1.5849E+02  3.1234E+00  4.0654E+01  1.0810E+00  1.3026E+00
2.5119E+02  3.9461E+00  5.0208E+01  1.0809E+00  1.3005E+00
3.9811E+02  5.0037E+00  5.7301E+01  1.0809E+00  1.3003E+00
6.3096E+02  6.3891E+00  6.3438E+01  1.0809E+00  1.3006E+00
1.0000E+03  8.1233E+00  6.7318E+01  1.0810E+00  1.3017E+00
1.5849E+03  1.0121E+01  6.7845E+01  1.0812E+00  1.3051E+00
2.5119E+03  1.2543E+01  6.5802E+01  1.0817E+00  1.3133E+00
3.9811E+03  1.4769E+01  6.0120E+01  1.0819E+00  1.3192E+00
6.3096E+03  1.7015E+01  5.2700E+01  1.0821E+00  1.3240E+00
1.0000E+04  1.8812E+01  4.3565E+01  1.0822E+00  1.3259E+00
Rosseland and Planck opacities and free electrons
Density     Ross opa    Planck opa  No. Free    Av Sq Free  T=  1.0000E+00
1.0000E-10  3.3925E-01  5.0195E-11  1.0825E+00  1.3364E+00
1.5849E-10  3.3925E-01  7.9554E-11  1.0825E+00  1.3364E+00
2.5119E-10  3.3925E-01  1.2608E-10  1.0825E+00  1.3364E+00
3.9811E-10  3.3925E-01  2.7555E-10  1.0825E+00  1.3364E+00
6.3096E-10  3.3925E-01  5.1342E-10  1.0825E+00  1.3364E+00
1.0000E-09  3.3925E-01  2.1160E-09  1.0825E+00  1.3364E+00
1.5849E-09  3.3925E-01  4.9964E-09  1.0825E+00  1.3364E+00
2.5119E-09  3.3925E-01  8.6150E-09  1.0825E+00  1.3364E+00
3.9811E-09  3.3925E-01  1.3701E-08  1.0825E+00  1.3364E+00
6.3096E-09  3.3925E-01  2.1791E-08  1.0825E+00  1.3364E+00
1.0000E-08  3.3925E-01  3.4650E-08  1.0825E+00  1.3364E+00
1.5849E-08  3.3925E-01  5.5007E-08  1.0825E+00  1.3364E+00
2.5119E-08  3.3925E-01  8.7199E-08  1.0825E+00  1.3364E+00
3.9811E-08  3.3925E-01  1.3829E-07  1.0825E+00  1.3364E+00
6.3096E-08  3.3925E-01  2.1979E-07  1.0825E+00  1.3364E+00
1.0000E-07  3.3925E-01  3.4896E-07  1.0825E+00  1.3364E+00
1.5849E-07  3.3925E-01  5.5401E-07  1.0825E+00  1.3364E+00
2.5119E-07  3.3925E-01  8.7903E-07  1.0825E+00  1.3364E+00
3.9811E-07  3.3925E-01  1.3988E-06  1.0825E+00  1.3364E+00
6.3096E-07  3.3925E-01  2.2241E-06  1.0825E+00  1.3364E+00
1.0000E-06  3.3925E-01  3.5407E-06  1.0825E+00  1.3364E+00
1.5849E-06  3.3926E-01  5.6341E-06  1.0825E+00  1.3364E+00
2.5119E-06  3.3926E-01  8.9611E-06  1.0825E+00  1.3364E+00
3.9811E-06  3.3927E-01  1.4248E-05  1.0825E+00  1.3364E+00
6.3096E-06  3.3928E-01  2.2670E-05  1.0825E+00  1.3364E+00
1.0000E-05  3.3930E-01  3.6158E-05  1.0825E+00  1.3364E+00
1.5849E-05  3.3933E-01  5.7508E-05  1.0825E+00  1.3364E+00
2.5119E-05  3.3937E-01  9.1058E-05  1.0825E+00  1.3364E+00
3.9811E-05  3.3942E-01  1.4423E-04  1.0825E+00  1.3364E+00
6.3096E-05  3.3950E-01  2.2796E-04  1.0825E+00  1.3364E+00
1.0000E-04  3.3960E-01  3.6060E-04  1.0825E+00  1.3363E+00
1.5849E-04  3.3973E-01  5.6857E-04  1.0825E+00  1.3363E+00
2.5119E-04  3.3990E-01  8.9727E-04  1.0825E+00  1.3363E+00
3.9811E-04  3.4013E-01  1.4078E-03  1.0825E+00  1.3363E+00
6.3096E-04  3.4044E-01  2.2079E-03  1.0825E+00  1.3363E+00
1.0000E-03  3.4087E-01  3.4354E-03  1.0825E+00  1.3362E+00
1.5849E-03  3.4148E-01  5.3096E-03  1.0825E+00  1.3362E+00
2.5119E-03  3.4232E-01  8.1624E-03  1.0825E+00  1.3360E+00
3.9811E-03  3.4346E-01  1.2229E-02  1.0825E+00  1.3359E+00
6.3096E-03  3.4505E-01  1.8535E-02  1.0825E+00  1.3357E+00
1.0000E-02  3.4709E-01  2.6352E-02  1.0825E+00  1.3355E+00
1.5849E-02  3.4996E-01  3.8757E-02  1.0825E+00  1.3351E+00
2.5119E-02  3.5348E-01  5.2596E-02  1.0825E+00  1.3348E+00
3.9811E-02  3.5842E-01  7.3740E-02  1.0824E+00  1.3344E+00
6.3096E-02  3.6457E-01  9.8712E-02  1.0824E+00  1.3340E+00
1.0000E-01  3.7296E-01  1.3435E-01  1.0824E+00  1.3335E+00
1.5849E-01  3.8403E-01  1.8237E-01  1.0824E+00  1.3331E+00
2.5119E-01  3.9903E-01  2.5027E-01  1.0824E+00  1.3326E+00
3.9811E-01  4.1983E-01  3.5163E-01  1.0824E+00  1.3321E+00
6.3096E-01  4.4826E-01  5.0025E-01  1.0824E+00  1.3316E+00
1.0000E+00  4.8784E-01  7.2893E-01  1.0823E+00  1.3309E+00
1.5849E+00  5.4004E-01  1.0618E+00  1.0823E+00  1.3301E+00
2.5119E+00  6.1260E-01  1.5798E+00  1.0823E+00  1.3290E+00
3.9811E+00  6.9661E-01  2.3067E+00  1.0822E+00  1.3278E+00
6.3096E+00  8.1235E-01  3.4369E+00  1.0822E+00  1.3260E+00
1.0000E+01  9.3500E-01  4.9283E+00  1.0821E+00  1.3240E+00
1.5849E+01  1.0973E+00  7.2008E+00  1.0820E+00  1.3211E+00
2.5119E+01  1.2649E+00  1.0006E+01  1.0818E+00  1.3183E+00
3.9811E+01  1.4766E+00  1.4047E+01  1.0817E+00  1.3147E+00
6.3096E+01  1.7166E+00  1.8629E+01  1.0815E+00  1.3114E+00
1.0000E+02  2.0292E+00  2.4450E+01  1.0813E+00  1.3080E+00
1.5849E+02  2.4442E+00  3.0993E+01  1.0812E+00  1.3054E+00
2.5119E+02  3.0436E+00  3.8600E+01  1.0811E+00  1.3035E+00
3.9811E+02  3.8130E+00  4.5060E+01  1.0810E+00  1.3027E+00
6.3096E+02  4.8726E+00  5.1260E+01  1.0810E+00  1.3026E+00
1.0000E+03  6.1792E+00  5.5269E+01  1.0811E+00  1.3032E+00
1.5849E+03  7.7486E+00  5.7035E+01  1.0813E+00  1.3073E+00
2.5119E+03  9.4729E+00  5.5326E+01  1.0816E+00  1.3133E+00
3.9811E+03  1.1427E+01  5.2178E+01  1.0819E+00  1.3194E+00
6.3096E+03  1.3414E+01  4.7392E+01  1.0821E+00  1.3241E+00
1.0000E+04  1.4955E+01  3.9149E+01  1.0822E+00  1.3264E+00
Rosseland and Planck opacities and free electrons
Density     Ross opa    Planck opa  No. Free    Av Sq Free  T=  1.1250E+00
1.0000E-10  3.3798E-01  3.3070E-11  1.0825E+00  1.3364E+00
1.5849E-10  3.3798E-01  5.2412E-11  1.0825E+00  1.3364E+00
2.5119E-10  3.3798E-01  8.3068E-11  1.0825E+00  1.3364E+00
3.9811E-10  3.3798E-01  1.3165E-10  1.0825E+00  1.3364E+00
6.3096E-10  3.3798E-01  2.0866E-10  1.0825E+00  1.3364E+00
1.0000E-09  3.3798E-01  3.6899E-10  1.0825E+00  1.3364E+00
1.5849E-09  3.3798E-01  6.8585E-10  1.0825E+00  1.3364E+00
2.5119E-09  3.3798E-01  1.6668E-09  1.0825E+00  1.3364E+00
3.9811E-09  3.3798E-01  4.9152E-09  1.0825E+00  1.3364E+00
6.3096E-09  3.3798E-01  9.8995E-09  1.0825E+00  1.3364E+00
1.0000E-08  3.3798E-01  1.5739E-08  1.0825E+00  1.3364E+00
1.5849E-08  3.3798E-01  2.4994E-08  1.0825E+00  1.3364E+00
2.5119E-08  3.3798E-01  3.9743E-08  1.0825E+00  1.3364E+00
3.9811E-08  3.3798E-01  6.3127E-08  1.0825E+00  1.3364E+00
6.3096E-08  3.3798E-01  1.0012E-07  1.0825E+00  1.3364E+00
1.0000E-07  3.3798E-01  1.5871E-07  1.0825E+00  1.3364E+00
1.5849E-07  3.3798E-01  2.5203E-07  1.0825E+00  1.3364E+00
2.5119E-07  3.3798E-01  4.0034E-07  1.0825E+00  1.3364E+00
3.9811E-07  3.3798E-01  6.3571E-07  1.0825E+00  1.3364E+00
6.3096E-07  3.3798E-01  1.0093E-06  1.0825E+00  1.3364E+00
1.0000E-06  3.3798E-01  1.6061E-06  1.0825E+00  1.3364E+00
1.5849E-06  3.3798E-01  2.5713E-06  1.0825E+00  1.3364E+00
2.5119E-06  3.3798E-01  4.1019E-06  1.0825E+00  1.3364E+00
3.9811E-06  3.3799E-01  6.5417E-06  1.0825E+00  1.3364E+00
6.3096E-06  3.3799E-01  1.0409E-05  1.0825E+00  1.3364E+00
1.0000E-05  3.3800E-01  1.6650E-05  1.0825E+00  1.3364E+00
1.5849E-05  3.3801E-01  2.6558E-05  1.0825E+00  1.3364E+00
2.5119E-05  3.3803E-01  4.2104E-05  1.0825E+00  1.3364E+00
3.9811E-05  3.3806E-01  6.6663E-05  1.0825E+00  1.3364E+00
6.3096E-05  3.3810E-01  1.0551E-04  1.0825E+00  1.3364E+00
1.0000E-04  3.3816E-01  1.6698E-04  1.0825E+00  1.3364E+00
1.5849E-04  3.3824E-01  2.6418E-04  1.0825E+00  1.3364E+00
2.5119E-04  3.3836E-01  4.1773E-04  1.0825E+00  1.3363E+00
3.9811E-04  3.3851E-01  6.6031E-04  1.0825E+00  1.3363E+00
6.3096E-04  3.3872E-01  1.0410E-03  1.0825E+00  1.3363E+00
1.0000E-03  3.3901E-01  1.6436E-03  1.0825E+00  1.3363E+00
1.5849E-03  3.3940E-01  2.5725E-03  1.0825E+00  1.3363E+00
2.5119E-03  3.3995E-01  4.0447E-03  1.0825E+00  1.3362E+00
3.9811E-03  3.4074E-01  6.2507E-03  1.0825E+00  1.3362E+00
6.3096E-03  3.4185E-01  9.7217E-03  1.0825E+00  1.3361E+00
1.0000E-02  3.4341E-01  1.4725E-02  1.0825E+00  1.3360E+00
1.5849E-02  3.4560E-01  2.2362E-02  1.0825E+00  1.3358E+00
2.5119E-02  3.4856E-01  3.2996E-02  1.0825E+00  1.3356E+00
3.9811E-02  3.5260E-01  4.8175E-02  1.0825E+00  1.3353E+00
6.3096E-02  3.5805E-01  6.9467E-02  1.0825E+00  1.3349E+00
1.0000E-01  3.6508E-01  9.6708E-02  1.0824E+00  1.3345E+00
1.5849E-01  3.7473E-01  1.3740E-01  1.0824E+00  1.3340E+00
2.5119E-01  3.8655E-01  1.8678E-01  1.0824E+00  1.3336E+00
3.9811E-01  4.0328E-01  2.6445E-01  1.0824E+00  1.3329E+00
6.3096E-01  4.2376E-01  3.6459E-01  1.0824E+00  1.3324E+00
1.0000E+00  4.5287E-01  5.2207E-01  1.0824E+00  1.3317E+00
1.5849E+00  4.9011E-01  7.4273E-01  1.0823E+00  1.3311E+00
2.5119E+00  5.4148E-01  1.0826E+00  1.0823E+00  1.3301E+00
3.9811E+00  6.0505E-01  1.5712E+00  1.0823E+00  1.3291E+00
6.3096E+00  6.8752E-01  2.3113E+00  1.0822E+00  1.3277E+00
1.0000E+01  7.8542E-01  3.3576E+00  1.0822E+00  1.3259E+00
1.5849E+01  9.0224E-01  4.8680E+00  1.0821E+00  1.3236E+00
2.5119E+01  1.0386E+00  6.9671E+00  1.0820E+00  1.3208E+00
3.9811E+01  1.1900E+00  9.6761E+00  1.0818E+00  1.3179E+00
6.3096E+01  1.3755E+00  1.3403E+01  1.0817E+00  1.3142E+00
1.0000E+02  1.5993E+00  1.7394E+01  1.0815E+00  1.3115E+00
1.5849E+02  1.8951E+00  2.2739E+01  1.0813E+00  1.3082E+00
2.5119E+02  2.2760E+00  2.7480E+01  1.0813E+00  1.3068E+00
3.9811E+02  2.8189E+00  3.3308E+01  1.0812E+00  1.3054E+00
6.3096E+02  3.5998E+00  3.9502E+01  1.0812E+00  1.3051E+00
1.0000E+03  4.5218E+00  4.3397E+01  1.0812E+00  1.3054E+00
1.5849E+03  5.6896E+00  4.5701E+01  1.0813E+00  1.3069E+00
2.5119E+03  6.9995E+00  4.5502E+01  1.0816E+00  1.3115E+00
3.9811E+03  8.6043E+00  4.4411E+01  1.0819E+00  1.3196E+00
6.3096E+03  1.0012E+01  4.0240E+01  1.0821E+00  1.3230E+00
1.0000E+04  1.1458E+01  3.4657E+01  1.0822E+00  1.3261E+00
Rosseland and Planck opacities and free electrons
Density     Ross opa    Planck opa  No. Free    Av Sq Free  T=  1.2500E+00
1.0000E-10  3.3684E-01  2.2769E-11  1.0825E+00  1.3364E+00
1.5849E-10  3.3684E-01  3.6086E-11  1.0825E+00  1.3364E+00
2.5119E-10  3.3684E-01  5.7192E-11  1.0825E+00  1.3364E+00
3.9811E-10  3.3684E-01  9.0643E-11  1.0825E+00  1.3364E+00
6.3096E-10  3.3684E-01  1.4366E-10  1.0825E+00  1.3364E+00
1.0000E-09  3.3684E-01  2.2769E-10  1.0825E+00  1.3364E+00
1.5849E-09  3.3684E-01  3.6086E-10  1.0825E+00  1.3364E+00
2.5119E-09  3.3684E-01  5.7192E-10  1.0825E+00  1.3364E+00
3.9811E-09  3.3684E-01  1.0397E-09  1.0825E+00  1.3364E+00
6.3096E-09  3.3684E-01  1.7956E-09  1.0825E+00  1.3364E+00
1.0000E-08  3.3684E-01  5.3139E-09  1.0825E+00  1.3364E+00
1.5849E-08  3.3684E-01  1.1867E-08  1.0825E+00  1.3364E+00
2.5119E-08  3.3684E-01  2.0536E-08  1.0825E+00  1.3364E+00
3.9811E-08  3.3684E-01  3.2695E-08  1.0825E+00  1.3364E+00
6.3096E-08  3.3684E-01  5.1915E-08  1.0825E+00  1.3364E+00
1.0000E-07  3.3684E-01  8.2282E-08  1.0825E+00  1.3364E+00
1.5849E-07  3.3684E-01  1.3055E-07  1.0825E+00  1.3364E+00
2.5119E-07  3.3684E-01  2.0765E-07  1.0825E+00  1.3364E+00
3.9811E-07  3.3684E-01  3.2984E-07  1.0825E+00  1.3364E+00
6.3096E-07  3.3684E-01  5.2341E-07  1.0825E+00  1.3364E+00
1.0000E-06  3.3684E-01  8.3018E-07  1.0825E+00  1.3364E+00
1.5849E-06  3.3684E-01  1.3244E-06  1.0825E+00  1.3364E+00
2.5119E-06  3.3685E-01  2.1088E-06  1.0825E+00  1.3364E+00
3.9811E-06  3.3685E-01  3.3705E-06  1.0825E+00  1.3364E+00
6.3096E-06  3.3685E-01  5.3793E-06  1.0825E+00  1.3364E+00
1.0000E-05  3.3685E-01  8.6145E-06  1.0825E+00  1.3364E+00
1.5849E-05  3.3686E-01  1.3795E-05  1.0825E+00  1.3364E+00
2.5119E-05  3.3687E-01  2.1954E-05  1.0825E+00  1.3364E+00
3.9811E-05  3.3688E-01  3.4773E-05  1.0825E+00  1.3364E+00
6.3096E-05  3.3690E-01  5.5080E-05  1.0825E+00  1.3364E+00
1.0000E-04  3.3693E-01  8.7214E-05  1.0825E+00  1.3364E+00
1.5849E-04  3.3698E-01  1.3813E-04  1.0825E+00  1.3364E+00
2.5119E-04  3.3705E-01  2.1850E-04  1.0825E+00  1.3364E+00
3.9811E-04  3.3715E-01  3.4586E-04  1.0825E+00  1.3363E+00
6.3096E-04  3.3729E-01  5.4649E-04  1.0825E+00  1.3363E+00
1.0000E-03  3.3748E-01  8.6423E-04  1.0825E+00  1.3363E+00
1.5849E-03  3.3775E-01  1.3628E-03  1.0825E+00  1.3363E+00
2.5119E-03  3.3812E-01  2.1503E-03  1.0825E+00  1.3363E+00
3.9811E-03  3.3864E-01  3.3765E-03  1.0825E+00  1.3363E+00
6.3096E-03  3.3937E-01  5.2945E-03  1.0825E+00  1.3362E+00
1.0000E-02  3.4043E-01  8.2561E-03  1.0825E+00  1.3362E+00
1.5849E-02  3.4196E-01  1.2754E-02  1.0825E+00  1.3361E+00
2.5119E-02  3.4413E-01  1.9707E-02  1.0825E+00  1.3360E+00
3.9811E-02  3.4719E-01  2.9597E-02  1.0825E+00  1.3358E+00
6.3096E-02  3.5157E-01  4.5239E-02  1.0825E+00  1.3355E+00
1.0000E-01  3.5731E-01  6.5071E-02  1.0825E+00  1.3353E+00
1.5849E-01  3.6551E-01  9.6477E-02  1.0825E+00  1.3348E+00
2.5119E-01  3.7573E-01  1.3541E-01  1.0824E+00  1.3344E+00
3.9811E-01  3.8985E-01  1.9435E-01  1.0824E+00  1.3339E+00
6.3096E-01  4.0736E-01  2.7291E-01  1.0824E+00  1.3333E+00
1.0000E+00  4.3066E-01  3.8741E-01  1.0824E+00  1.3327E+00
1.5849E+00  4.6084E-01  5.5166E-01  1.0824E+00  1.3319E+00
2.5119E+00  4.9981E-01  7.8769E-01  1.0823E+00  1.3311E+00
3.9811E+00  5.5120E-01  1.1403E+00  1.0823E+00  1.3301E+00
6.3096E+00  6.1366E-01  1.6464E+00  1.0823E+00  1.3290E+00
1.0000E+01  6.9444E-01  2.4113E+00  1.0822E+00  1.3273E+00
1.5849E+01  7.8245E-01  3.4548E+00  1.0821E+00  1.3256E+00
2.5119E+01  8.9546E-01  5.0610E+00  1.0820E+00  1.3228E+00
3.9811E+01  1.0088E+00  6.9625E+00  1.0819E+00  1.3204E+00
6.3096E+01  1.1532E+00  9.9012E+00  1.0818E+00  1.3167E+00
1.0000E+02  1.3199E+00  1.2875E+01  1.0817E+00  1.3143E+00
1.5849E+02  1.5480E+00  1.7220E+01  1.0815E+00  1.3109E+00
2.5119E+02  1.8261E+00  2.1028E+01  1.0814E+00  1.3094E+00
3.9811E+02  2.2196E+00  2.6000E+01  1.0813E+00  1.3078E+00
6.3096E+02  2.7574E+00  3.0664E+01  1.0813E+00  1.3074E+00
1.0000E+03  3.4611E+00  3.4893E+01  1.0813E+00  1.3073E+00
1.5849E+03  4.3503E+00  3.7563E+01  1.0814E+00  1.3082E+00
2.5119E+03  5.4132E+00  3.8319E+01  1.0816E+00  1.3115E+00
3.9811E+03  6.6164E+00  3.7467E+01  1.0819E+00  1.3197E+00
6.3096E+03  7.7833E+00  3.4806E+01  1.0821E+00  1.3244E+00
1.0000E+04  9.0175E+00  3.1090E+01  1.0822E+00  1.3272E+00
Rosseland and Planck opacities and free electrons
Density     Ross opa    Planck opa  No. Free    Av Sq Free  T=  1.3750E+00
1.0000E-10  3.3582E-01  1.6245E-11  1.0825E+00  1.3364E+00
1.5849E-10  3.3582E-01  2.5747E-11  1.0825E+00  1.3364E+00
2.5119E-10  3.3582E-01  4.0806E-11  1.0825E+00  1.3364E+00
3.9811E-10  3.3582E-01  6.4673E-11  1.0825E+00  1.3364E+00
6.3096E-10  3.3582E-01  1.0250E-10  1.0825E+00  1.3364E+00
1.0000E-09  3.3582E-01  1.6245E-10  1.0825E+00  1.3364E+00
1.5849E-09  3.3582E-01  2.5747E-10  1.0825E+00  1.3364E+00
2.5119E-09  3.3582E-01  4.0806E-10  1.0825E+00  1.3364E+00
3.9811E-09  3.3582E-01  6.4673E-10  1.0825E+00  1.3364E+00
6.3096E-09  3.3582E-01  1.0250E-09  1.0825E+00  1.3364E+00
1.0000E-08  3.3582E-01  1.7153E-09  1.0825E+00  1.3364E+00
1.5849E-08  3.3582E-01  2.9560E-09  1.0825E+00  1.3364E+00
2.5119E-08  3.3582E-01  6.1415E-09  1.0825E+00  1.3364E+00
3.9811E-08  3.3582E-01  1.5428E-08  1.0825E+00  1.3364E+00
6.3096E-08  3.3582E-01  2.9720E-08  1.0825E+00  1.3364E+00
1.0000E-07  3.3582E-01  4.7241E-08  1.0825E+00  1.3364E+00
1.5849E-07  3.3582E-01  7.5008E-08  1.0825E+00  1.3364E+00
2.5119E-07  3.3582E-01  1.1892E-07  1.0825E+00  1.3364E+00
3.9811E-07  3.3582E-01  1.8850E-07  1.0825E+00  1.3364E+00
6.3096E-07  3.3582E-01  2.9993E-07  1.0825E+00  1.3364E+00
1.0000E-06  3.3582E-01  4.7699E-07  1.0825E+00  1.3364E+00
1.5849E-06  3.3582E-01  7.6007E-07  1.0825E+00  1.3364E+00
2.5119E-06  3.3582E-01  1.2109E-06  1.0825E+00  1.3364E+00
3.9811E-06  3.3582E-01  1.9319E-06  1.0825E+00  1.3364E+00
6.3096E-06  3.3582E-01  3.0862E-06  1.0825E+00  1.3364E+00
1.0000E-05  3.3582E-01  4.9321E-06  1.0825E+00  1.3364E+00
1.5849E-05  3.3583E-01  7.9249E-06  1.0825E+00  1.3364E+00
2.5119E-05  3.3583E-01  1.2661E-05  1.0825E+00  1.3364E+00
3.9811E-05  3.3584E-01  2.0048E-05  1.0825E+00  1.3364E+00
6.3096E-05  3.3585E-01  3.1755E-05  1.0825E+00  1.3364E+00
1.0000E-04  3.3587E-01  5.0292E-05  1.0825E+00  1.3364E+00
1.5849E-04  3.3589E-01  7.9667E-05  1.0825E+00  1.3364E+00
2.5119E-04  3.3593E-01  1.2611E-04  1.0825E+00  1.3364E+00
3.9811E-04  3.3599E-01  1.9967E-04  1.0825E+00  1.3364E+00
6.3096E-04  3.3608E-01  3.1596E-04  1.0825E+00  1.3364E+00
1.0000E-03  3.3621E-01  4.9998E-04  1.0825E+00  1.3363E+00
1.5849E-03  3.3639E-01  7.9046E-04  1.0825E+00  1.3363E+00
2.5119E-03  3.3664E-01  1.2484E-03  1.0825E+00  1.3363E+00
3.9811E-03  3.3699E-01  1.9712E-03  1.0825E+00  1.3363E+00
6.3096E-03  3.3749E-01  3.1020E-03  1.0825E+00  1.3363E+00
1.0000E-02  3.3821E-01  4.8911E-03  1.0825E+00  1.3363E+00
1.5849E-02  3.3924E-01  7.6281E-03  1.0825E+00  1.3362E+00
2.5119E-02  3.4074E-01  1.1954E-02  1.0825E+00  1.3361E+00
3.9811E-02  3.4292E-01  1.8356E-02  1.0825E+00  1.3360E+00
6.3096E-02  3.4607E-01  2.8436E-02  1.0825E+00  1.3359E+00
1.0000E-01  3.5051E-01  4.2807E-02  1.0825E+00  1.3357E+00
1.5849E-01  3.5684E-01  6.4641E-02  1.0825E+00  1.3354E+00
2.5119E-01  3.6544E-01  9.5371E-02  1.0825E+00  1.3351E+00
3.9811E-01  3.7715E-01  1.3940E-01  1.0824E+00  1.3346E+00
6.3096E-01  3.9276E-01  2.0306E-01  1.0824E+00  1.3341E+00
1.0000E+00  4.1241E-01  2.9035E-01  1.0824E+00  1.3335E+00
1.5849E+00  4.3922E-01  4.2180E-01  1.0824E+00  1.3327E+00
2.5119E+00  4.7064E-01  5.9525E-01  1.0824E+00  1.3320E+00
3.9811E+00  5.1508E-01  8.6544E-01  1.0823E+00  1.3309E+00
6.3096E+00  5.6455E-01  1.2284E+00  1.0823E+00  1.3300E+00
1.0000E+01  6.3180E-01  1.7940E+00  1.0823E+00  1.3286E+00
1.5849E+01  7.0303E-01  2.5539E+00  1.0822E+00  1.3270E+00
2.5119E+01  7.9112E-01  3.7092E+00  1.0821E+00  1.3247E+00
3.9811E+01  8.8457E-01  5.1893E+00  1.0820E+00  1.3223E+00
6.3096E+01  9.9695E-01  7.3208E+00  1.0819E+00  1.3192E+00
1.0000E+02  1.1270E+00  9.8271E+00  1.0818E+00  1.3164E+00
1.5849E+02  1.3013E+00  1.3028E+01  1.0816E+00  1.3138E+00
2.5119E+02  1.5176E+00  1.6518E+01  1.0815E+00  1.3117E+00
3.9811E+02  1.8062E+00  2.0364E+01  1.0815E+00  1.3103E+00
6.3096E+02  2.1992E+00  2.4413E+01  1.0814E+00  1.3095E+00
1.0000E+03  2.7457E+00  2.8747E+01  1.0814E+00  1.3090E+00
1.5849E+03  3.4210E+00  3.1263E+01  1.0815E+00  1.3096E+00
2.5119E+03  4.2747E+00  3.2561E+01  1.0816E+00  1.3124E+00
3.9811E+03  5.2012E+00  3.1928E+01  1.0819E+00  1.3186E+00
6.3096E+03  6.2372E+00  3.0456E+01  1.0822E+00  1.3246E+00
1.0000E+04  7.2337E+00  2.7945E+01  1.0822E+00  1.3272E+00
Rosseland and Planck opacities and free electrons
Density     Ross opa    Planck opa  No. Free    Av Sq Free  T=  1.5000E+00
1.0000E-10  3.3489E-01  1.1939E-11  1.0825E+00  1.3364E+00
1.5849E-10  3.3489E-01  1.8921E-11  1.0825E+00  1.3364E+00
2.5119E-10  3.3489E-01  2.9988E-11  1.0825E+00  1.3364E+00
3.9811E-10  3.3489E-01  4.7528E-11  1.0825E+00  1.3364E+00
6.3096E-10  3.3489E-01  7.5327E-11  1.0825E+00  1.3364E+00
1.0000E-09  3.3489E-01  1.1939E-10  1.0825E+00  1.3364E+00
1.5849E-09  3.3489E-01  1.8921E-10  1.0825E+00  1.3364E+00
2.5119E-09  3.3489E-01  2.9988E-10  1.0825E+00  1.3364E+00
3.9811E-09  3.3489E-01  4.7528E-10  1.0825E+00  1.3364E+00
6.3096E-09  3.3489E-01  7.5327E-10  1.0825E+00  1.3364E+00
1.0000E-08  3.3489E-01  1.1939E-09  1.0825E+00  1.3364E+00
1.5849E-08  3.3489E-01  1.8921E-09  1.0825E+00  1.3364E+00
2.5119E-08  3.3489E-01  2.9988E-09  1.0825E+00  1.3364E+00
3.9811E-08  3.3489E-01  5.1498E-09  1.0825E+00  1.3364E+00
6.3096E-08  3.3489E-01  8.5672E-09  1.0825E+00  1.3364E+00
1.0000E-07  3.3489E-01  2.1416E-08  1.0825E+00  1.3364E+00
1.5849E-07  3.3489E-01  4.3938E-08  1.0825E+00  1.3364E+00
2.5119E-07  3.3489E-01  7.3760E-08  1.0825E+00  1.3364E+00
3.9811E-07  3.3489E-01  1.1688E-07  1.0825E+00  1.3364E+00
6.3096E-07  3.3489E-01  1.8560E-07  1.0825E+00  1.3364E+00
1.0000E-06  3.3489E-01  2.9505E-07  1.0825E+00  1.3364E+00
1.5849E-06  3.3489E-01  4.6969E-07  1.0825E+00  1.3364E+00
2.5119E-06  3.3489E-01  7.4998E-07  1.0825E+00  1.3364E+00
3.9811E-06  3.3489E-01  1.1956E-06  1.0825E+00  1.3364E+00
6.3096E-06  3.3489E-01  1.9143E-06  1.0825E+00  1.3364E+00
1.0000E-05  3.3489E-01  3.0534E-06  1.0825E+00  1.3364E+00
1.5849E-05  3.3489E-01  4.9203E-06  1.0825E+00  1.3364E+00
2.5119E-05  3.3489E-01  7.8827E-06  1.0825E+00  1.3364E+00
3.9811E-05  3.3490E-01  1.2509E-05  1.0825E+00  1.3364E+00
6.3096E-05  3.3490E-01  1.9818E-05  1.0825E+00  1.3364E+00
1.0000E-04  3.3491E-01  3.1390E-05  1.0825E+00  1.3364E+00
1.5849E-04  3.3493E-01  4.9720E-05  1.0825E+00  1.3364E+00
2.5119E-04  3.3495E-01  7.8733E-05  1.0825E+00  1.3364E+00
3.9811E-04  3.3499E-01  1.2465E-04  1.0825E+00  1.3364E+00
6.3096E-04  3.3504E-01  1.9736E-04  1.0825E+00  1.3364E+00
1.0000E-03  3.3512E-01  3.1235E-04  1.0825E+00  1.3363E+00
1.5849E-03  3.3524E-01  4.9445E-04  1.0825E+00  1.3363E+00
2.5119E-03  3.3541E-01  7.8126E-04  1.0825E+00  1.3363E+00
3.9811E-03  3.3566E-01  1.2358E-03  1.0825E+00  1.3363E+00
6.3096E-03  3.3600E-01  1.9483E-03  1.0825E+00  1.3363E+00
1.0000E-02  3.3650E-01  3.0767E-03  1.0825E+00  1.3363E+00
1.5849E-02  3.3722E-01  4.8333E-03  1.0825E+00  1.3363E+00
2.5119E-02  3.3825E-01  7.5952E-03  1.0825E+00  1.3362E+00
3.9811E-02  3.3977E-01  1.1855E-02  1.0825E+00  1.3362E+00
6.3096E-02  3.4200E-01  1.8473E-02  1.0825E+00  1.3361E+00
1.0000E-01  3.4524E-01  2.8526E-02  1.0825E+00  1.3359E+00
1.5849E-01  3.4993E-01  4.3682E-02  1.0825E+00  1.3357E+00
2.5119E-01  3.5665E-01  6.6629E-02  1.0825E+00  1.3355E+00
3.9811E-01  3.6594E-01  9.9046E-02  1.0825E+00  1.3352E+00
6.3096E-01  3.7920E-01  1.4956E-01  1.0824E+00  1.3347E+00
1.0000E+00  3.9576E-01  2.1637E-01  1.0824E+00  1.3342E+00
1.5849E+00  4.1944E-01  3.2148E-01  1.0824E+00  1.3335E+00
2.5119E+00  4.4644E-01  4.5672E-01  1.0824E+00  1.3328E+00
3.9811E+00  4.8401E-01  6.6402E-01  1.0824E+00  1.3319E+00
6.3096E+00  5.2743E-01  9.4699E-01  1.0823E+00  1.3309E+00
1.0000E+01  5.8295E-01  1.3675E+00  1.0823E+00  1.3297E+00
1.5849E+01  6.4568E-01  1.9543E+00  1.0822E+00  1.3281E+00
2.5119E+01  7.1617E-01  2.8071E+00  1.0822E+00  1.3262E+00
3.9811E+01  7.9444E-01  3.9800E+00  1.0821E+00  1.3239E+00
6.3096E+01  8.8178E-01  5.5693E+00  1.0820E+00  1.3214E+00
1.0000E+02  9.8607E-01  7.6947E+00  1.0818E+00  1.3184E+00
1.5849E+02  1.1227E+00  1.0105E+01  1.0817E+00  1.3162E+00
2.5119E+02  1.2963E+00  1.3269E+01  1.0816E+00  1.3136E+00
3.9811E+02  1.5124E+00  1.6273E+01  1.0816E+00  1.3124E+00
6.3096E+02  1.8094E+00  1.9864E+01  1.0815E+00  1.3113E+00
1.0000E+03  2.2289E+00  2.3729E+01  1.0815E+00  1.3107E+00
1.5849E+03  2.7445E+00  2.6080E+01  1.0816E+00  1.3109E+00
2.5119E+03  3.4231E+00  2.7675E+01  1.0818E+00  1.3149E+00
3.9811E+03  4.2004E+00  2.7656E+01  1.0820E+00  1.3201E+00
6.3096E+03  5.1389E+00  2.6962E+01  1.0822E+00  1.3247E+00
1.0000E+04  5.8681E+00  2.4676E+01  1.0822E+00  1.3268E+00
Rosseland and Planck opacities and free electrons
Density     Ross opa    Planck opa  No. Free    Av Sq Free  T=  1.6250E+00
1.0000E-10  3.3370E-01  8.9931E-12  1.0825E+00  1.3364E+00
1.5849E-10  3.3370E-01  1.4253E-11  1.0825E+00  1.3364E+00
2.5119E-10  3.3370E-01  2.2590E-11  1.0825E+00  1.3364E+00
3.9811E-10  3.3370E-01  3.5802E-11  1.0825E+00  1.3364E+00
6.3096E-10  3.3370E-01  5.6743E-11  1.0825E+00  1.3364E+00
1.0000E-09  3.3370E-01  8.9931E-11  1.0825E+00  1.3364E+00
1.5849E-09  3.3370E-01  1.4253E-10  1.0825E+00  1.3364E+00
2.5119E-09  3.3370E-01  2.2590E-10  1.0825E+00  1.3364E+00
3.9811E-09  3.3370E-01  3.5802E-10  1.0825E+00  1.3364E+00
6.3096E-09  3.3370E-01  5.6743E-10  1.0825E+00  1.3364E+00
1.0000E-08  3.3370E-01  8.9931E-10  1.0825E+00  1.3364E+00
1.5849E-08  3.3370E-01  1.4253E-09  1.0825E+00  1.3364E+00
2.5119E-08  3.3370E-01  2.2590E-09  1.0825E+00  1.3364E+00
3.9811E-08  3.3370E-01  3.7599E-09  1.0825E+00  1.3364E+00
6.3096E-08  3.3370E-01  6.2251E-09  1.0825E+00  1.3364E+00
1.0000E-07  3.3370E-01  1.3335E-08  1.0825E+00  1.3364E+00
1.5849E-07  3.3370E-01  2.7887E-08  1.0825E+00  1.3364E+00
2.5119E-07  3.3370E-01  4.8793E-08  1.0825E+00  1.3364E+00
3.9811E-07  3.3370E-01  7.7480E-08  1.0825E+00  1.3364E+00
6.3096E-07  3.3370E-01  1.2303E-07  1.0825E+00  1.3364E+00
1.0000E-06  3.3370E-01  1.9561E-07  1.0825E+00  1.3364E+00
1.5849E-06  3.3370E-01  3.1067E-07  1.0825E+00  1.3364E+00
2.5119E-06  3.3370E-01  4.9343E-07  1.0825E+00  1.3364E+00
3.9811E-06  3.3370E-01  7.8310E-07  1.0825E+00  1.3364E+00
6.3096E-06  3.3371E-01  1.2617E-06  1.0825E+00  1.3364E+00
1.0000E-05  3.3371E-01  2.0239E-06  1.0825E+00  1.3364E+00
1.5849E-05  3.3371E-01  3.2594E-06  1.0825E+00  1.3364E+00
2.5119E-05  3.3371E-01  5.2326E-06  1.0825E+00  1.3364E+00
3.9811E-05  3.3371E-01  8.3282E-06  1.0825E+00  1.3364E+00
6.3096E-05  3.3371E-01  1.3198E-05  1.0825E+00  1.3364E+00
1.0000E-04  3.3372E-01  2.0911E-05  1.0825E+00  1.3364E+00
1.5849E-04  3.3373E-01  3.3127E-05  1.0825E+00  1.3364E+00
2.5119E-04  3.3374E-01  5.2476E-05  1.0825E+00  1.3364E+00
3.9811E-04  3.3377E-01  8.3079E-05  1.0825E+00  1.3364E+00
6.3096E-04  3.3380E-01  1.3158E-04  1.0825E+00  1.3364E+00
1.0000E-03  3.3385E-01  2.0818E-04  1.0825E+00  1.3364E+00
1.5849E-03  3.3393E-01  3.2959E-04  1.0825E+00  1.3363E+00
2.5119E-03  3.3404E-01  5.2105E-04  1.0825E+00  1.3363E+00
3.9811E-03  3.3421E-01  8.2425E-04  1.0825E+00  1.3363E+00
6.3096E-03  3.3446E-01  1.3013E-03  1.0825E+00  1.3363E+00
1.0000E-02  3.3481E-01  2.0552E-03  1.0825E+00  1.3363E+00
1.5849E-02  3.3532E-01  3.2388E-03  1.0825E+00  1.3363E+00
2.5119E-02  3.3605E-01  5.0929E-03  1.0825E+00  1.3363E+00
3.9811E-02  3.3713E-01  8.0049E-03  1.0825E+00  1.3362E+00
6.3096E-02  3.3871E-01  1.2513E-02  1.0825E+00  1.3362E+00
1.0000E-01  3.4104E-01  1.9574E-02  1.0825E+00  1.3361E+00
1.5849E-01  3.4446E-01  3.0209E-02  1.0825E+00  1.3359E+00
2.5119E-01  3.4948E-01  4.7046E-02  1.0825E+00  1.3357E+00
3.9811E-01  3.5662E-01  7.0898E-02  1.0825E+00  1.3355E+00
6.3096E-01  3.6698E-01  1.0855E-01  1.0825E+00  1.3351E+00
1.0000E+00  3.8081E-01  1.6103E-01  1.0824E+00  1.3347E+00
1.5849E+00  4.0032E-01  2.4190E-01  1.0824E+00  1.3341E+00
2.5119E+00  4.2456E-01  3.5264E-01  1.0824E+00  1.3335E+00
3.9811E+00  4.5653E-01  5.1430E-01  1.0824E+00  1.3327E+00
6.3096E+00  4.9609E-01  7.4328E-01  1.0824E+00  1.3317E+00
1.0000E+01  5.4285E-01  1.0679E+00  1.0823E+00  1.3306E+00
1.5849E+01  6.0052E-01  1.5389E+00  1.0823E+00  1.3291E+00
2.5119E+01  6.5822E-01  2.1807E+00  1.0822E+00  1.3275E+00
3.9811E+01  7.2659E-01  3.1331E+00  1.0821E+00  1.3251E+00
6.3096E+01  7.9631E-01  4.3400E+00  1.0820E+00  1.3230E+00
1.0000E+02  8.8004E-01  6.1657E+00  1.0819E+00  1.3199E+00
1.5849E+02  9.8840E-01  8.0221E+00  1.0818E+00  1.3180E+00
2.5119E+02  1.1313E+00  1.0843E+01  1.0817E+00  1.3152E+00
3.9811E+02  1.2968E+00  1.3236E+01  1.0817E+00  1.3142E+00
6.3096E+02  1.5264E+00  1.6430E+01  1.0816E+00  1.3129E+00
1.0000E+03  1.8451E+00  1.9552E+01  1.0816E+00  1.3123E+00
1.5849E+03  2.2582E+00  2.2075E+01  1.0816E+00  1.3122E+00
2.5119E+03  2.8022E+00  2.3762E+01  1.0817E+00  1.3142E+00
3.9811E+03  3.4609E+00  2.4181E+01  1.0820E+00  1.3196E+00
6.3096E+03  4.2602E+00  2.3819E+01  1.0822E+00  1.3255E+00
1.0000E+04  4.8824E+00  2.2022E+01  1.0822E+00  1.3273E+00
Rosseland and Planck opacities and free electrons
Density     Ross opa    Planck opa  No. Free    Av Sq Free  T=  1.7500E+00
1.0000E-10  3.3261E-01  6.9187E-12  1.0825E+00  1.3364E+00
1.5849E-10  3.3261E-01  1.0965E-11  1.0825E+00  1.3364E+00
2.5119E-10  3.3261E-01  1.7379E-11  1.0825E+00  1.3364E+00
3.9811E-10  3.3261E-01  2.7544E-11  1.0825E+00  1.3364E+00
6.3096E-10  3.3261E-01  4.3654E-11  1.0825E+00  1.3364E+00
1.0000E-09  3.3261E-01  6.9187E-11  1.0825E+00  1.3364E+00
1.5849E-09  3.3261E-01  1.0965E-10  1.0825E+00  1.3364E+00
2.5119E-09  3.3261E-01  1.7379E-10  1.0825E+00  1.3364E+00
3.9811E-09  3.3261E-01  2.7544E-10  1.0825E+00  1.3364E+00
6.3096E-09  3.3261E-01  4.3654E-10  1.0825E+00  1.3364E+00
1.0000E-08  3.3261E-01  6.9187E-10  1.0825E+00  1.3364E+00
1.5849E-08  3.3261E-01  1.0965E-09  1.0825E+00  1.3364E+00
2.5119E-08  3.3261E-01  1.7379E-09  1.0825E+00  1.3364E+00
3.9811E-08  3.3261E-01  2.7544E-09  1.0825E+00  1.3364E+00
6.3096E-08  3.3261E-01  4.3654E-09  1.0825E+00  1.3364E+00
1.0000E-07  3.3261E-01  8.2652E-09  1.0825E+00  1.3364E+00
1.5849E-07  3.3261E-01  1.8237E-08  1.0825E+00  1.3364E+00
2.5119E-07  3.3261E-01  3.3490E-08  1.0825E+00  1.3364E+00
3.9811E-07  3.3261E-01  5.3309E-08  1.0825E+00  1.3364E+00
6.3096E-07  3.3261E-01  8.4720E-08  1.0825E+00  1.3364E+00
1.0000E-06  3.3261E-01  1.3429E-07  1.0825E+00  1.3364E+00
1.5849E-06  3.3261E-01  2.1286E-07  1.0825E+00  1.3364E+00
2.5119E-06  3.3261E-01  3.3874E-07  1.0825E+00  1.3364E+00
3.9811E-06  3.3261E-01  5.3871E-07  1.0825E+00  1.3364E+00
6.3096E-06  3.3261E-01  8.6274E-07  1.0825E+00  1.3364E+00
1.0000E-05  3.3261E-01  1.3817E-06  1.0825E+00  1.3364E+00
1.5849E-05  3.3261E-01  2.2233E-06  1.0825E+00  1.3364E+00
2.5119E-05  3.3262E-01  3.5864E-06  1.0825E+00  1.3364E+00
3.9811E-05  3.3262E-01  5.7319E-06  1.0825E+00  1.3364E+00
6.3096E-05  3.3262E-01  9.0839E-06  1.0825E+00  1.3364E+00
1.0000E-04  3.3262E-01  1.4395E-05  1.0825E+00  1.3364E+00
1.5849E-04  3.3263E-01  2.2802E-05  1.0825E+00  1.3364E+00
2.5119E-04  3.3264E-01  3.6125E-05  1.0825E+00  1.3364E+00
3.9811E-04  3.3265E-01  5.7217E-05  1.0825E+00  1.3364E+00
6.3096E-04  3.3267E-01  9.0645E-05  1.0825E+00  1.3364E+00
1.0000E-03  3.3271E-01  1.4353E-04  1.0825E+00  1.3364E+00
1.5849E-03  3.3276E-01  2.2730E-04  1.0825E+00  1.3364E+00
2.5119E-03  3.3284E-01  3.5972E-04  1.0825E+00  1.3363E+00
3.9811E-03  3.3295E-01  5.6927E-04  1.0825E+00  1.3363E+00
6.3096E-03  3.3313E-01  9.0032E-04  1.0825E+00  1.3363E+00
1.0000E-02  3.3338E-01  1.4232E-03  1.0825E+00  1.3363E+00
1.5849E-02  3.3374E-01  2.2488E-03  1.0825E+00  1.3363E+00
2.5119E-02  3.3428E-01  3.5461E-03  1.0825E+00  1.3363E+00
3.9811E-02  3.3506E-01  5.5892E-03  1.0825E+00  1.3362E+00
6.3096E-02  3.3620E-01  8.7583E-03  1.0825E+00  1.3362E+00
1.0000E-01  3.3788E-01  1.3795E-02  1.0825E+00  1.3361E+00
1.5849E-01  3.4039E-01  2.1441E-02  1.0825E+00  1.3360E+00
2.5119E-01  3.4409E-01  3.3462E-02  1.0825E+00  1.3359E+00
3.9811E-01  3.4950E-01  5.1433E-02  1.0825E+00  1.3357E+00
6.3096E-01  3.5738E-01  7.9287E-02  1.0825E+00  1.3354E+00
1.0000E+00  3.6852E-01  1.2033E-01  1.0825E+00  1.3351E+00
1.5849E+00  3.8422E-01  1.8248E-01  1.0824E+00  1.3346E+00
2.5119E+00  4.0530E-01  2.7288E-01  1.0824E+00  1.3340E+00
3.9811E+00  4.3236E-01  4.0094E-01  1.0824E+00  1.3333E+00
6.3096E+00  4.6863E-01  5.9174E-01  1.0824E+00  1.3324E+00
1.0000E+01  5.0848E-01  8.4697E-01  1.0823E+00  1.3314E+00
1.5849E+01  5.6301E-01  1.2381E+00  1.0823E+00  1.3299E+00
2.5119E+01  6.1117E-01  1.7345E+00  1.0822E+00  1.3285E+00
3.9811E+01  6.7216E-01  2.5035E+00  1.0822E+00  1.3262E+00
6.3096E+01  7.2980E-01  3.4604E+00  1.0821E+00  1.3243E+00
1.0000E+02  7.9865E-01  4.9157E+00  1.0820E+00  1.3216E+00
1.5849E+02  8.8494E-01  6.4971E+00  1.0819E+00  1.3196E+00
2.5119E+02  9.9998E-01  8.7494E+00  1.0818E+00  1.3172E+00
3.9811E+02  1.1341E+00  1.0947E+01  1.0817E+00  1.3158E+00
6.3096E+02  1.3140E+00  1.3739E+01  1.0817E+00  1.3143E+00
1.0000E+03  1.5628E+00  1.6327E+01  1.0817E+00  1.3137E+00
1.5849E+03  1.8986E+00  1.8916E+01  1.0817E+00  1.3133E+00
2.5119E+03  2.3413E+00  2.0652E+01  1.0817E+00  1.3141E+00
3.9811E+03  2.9017E+00  2.1378E+01  1.0820E+00  1.3198E+00
6.3096E+03  3.5373E+00  2.0968E+01  1.0822E+00  1.3245E+00
1.0000E+04  4.1354E+00  1.9812E+01  1.0822E+00  1.3273E+00
Rosseland and Planck opacities and free electrons
Density     Ross opa    Planck opa  No. Free    Av Sq Free  T=  1.8750E+00
1.0000E-10  3.3160E-01  5.4209E-12  1.0825E+00  1.3364E+00
1.5849E-10  3.3160E-01  8.5915E-12  1.0825E+00  1.3364E+00
2.5119E-10  3.3160E-01  1.3617E-11  1.0825E+00  1.3364E+00
3.9811E-10  3.3160E-01  2.1581E-11  1.0825E+00  1.3364E+00
6.3096E-10  3.3160E-01  3.4203E-11  1.0825E+00  1.3364E+00
1.0000E-09  3.3160E-01  5.4209E-11  1.0825E+00  1.3364E+00
1.5849E-09  3.3160E-01  8.5915E-11  1.0825E+00  1.3364E+00
2.5119E-09  3.3160E-01  1.3617E-10  1.0825E+00  1.3364E+00
3.9811E-09  3.3160E-01  2.1581E-10  1.0825E+00  1.3364E+00
6.3096E-09  3.3160E-01  3.4203E-10  1.0825E+00  1.3364E+00
1.0000E-08  3.3160E-01  5.4209E-10  1.0825E+00  1.3364E+00
1.5849E-08  3.3160E-01  8.5915E-10  1.0825E+00  1.3364E+00
2.5119E-08  3.3160E-01  1.3617E-09  1.0825E+00  1.3364E+00
3.9811E-08  3.3160E-01  2.1581E-09  1.0825E+00  1.3364E+00
6.3096E-08  3.3160E-01  3.4203E-09  1.0825E+00  1.3364E+00
1.0000E-07  3.3160E-01  5.4445E-09  1.0825E+00  1.3364E+00
1.5849E-07  3.3160E-01  8.9750E-09  1.0825E+00  1.3364E+00
2.5119E-07  3.3160E-01  1.4570E-08  1.0825E+00  1.3364E+00
3.9811E-07  3.3160E-01  3.1588E-08  1.0825E+00  1.3364E+00
6.3096E-07  3.3160E-01  5.9523E-08  1.0825E+00  1.3364E+00
1.0000E-06  3.3160E-01  9.7234E-08  1.0825E+00  1.3364E+00
1.5849E-06  3.3160E-01  1.5414E-07  1.0825E+00  1.3364E+00
2.5119E-06  3.3160E-01  2.4503E-07  1.0825E+00  1.3364E+00
3.9811E-06  3.3160E-01  3.8973E-07  1.0825E+00  1.3364E+00
6.3096E-06  3.3160E-01  6.2267E-07  1.0825E+00  1.3364E+00
1.0000E-05  3.3160E-01  9.9869E-07  1.0825E+00  1.3364E+00
1.5849E-05  3.3160E-01  1.6023E-06  1.0825E+00  1.3364E+00
2.5119E-05  3.3160E-01  2.5919E-06  1.0825E+00  1.3364E+00
3.9811E-05  3.3160E-01  4.1577E-06  1.0825E+00  1.3364E+00
6.3096E-05  3.3160E-01  6.5853E-06  1.0825E+00  1.3364E+00
1.0000E-04  3.3161E-01  1.0433E-05  1.0825E+00  1.3364E+00
1.5849E-04  3.3161E-01  1.6532E-05  1.0825E+00  1.3364E+00
2.5119E-04  3.3162E-01  2.6198E-05  1.0825E+00  1.3364E+00
3.9811E-04  3.3162E-01  4.1493E-05  1.0825E+00  1.3364E+00
6.3096E-04  3.3164E-01  6.5722E-05  1.0825E+00  1.3364E+00
1.0000E-03  3.3166E-01  1.0406E-04  1.0825E+00  1.3364E+00
1.5849E-03  3.3170E-01  1.6476E-04  1.0825E+00  1.3364E+00
2.5119E-03  3.3175E-01  2.6077E-04  1.0825E+00  1.3363E+00
3.9811E-03  3.3183E-01  4.1257E-04  1.0825E+00  1.3363E+00
6.3096E-03  3.3196E-01  6.5276E-04  1.0825E+00  1.3363E+00
1.0000E-02  3.3214E-01  1.0314E-03  1.0825E+00  1.3363E+00
1.5849E-02  3.3241E-01  1.6314E-03  1.0825E+00  1.3363E+00
2.5119E-02  3.3280E-01  2.5725E-03  1.0825E+00  1.3363E+00
3.9811E-02  3.3338E-01  4.0572E-03  1.0825E+00  1.3363E+00
6.3096E-02  3.3422E-01  6.3804E-03  1.0825E+00  1.3362E+00
1.0000E-01  3.3547E-01  1.0039E-02  1.0825E+00  1.3362E+00
1.5849E-01  3.3732E-01  1.5697E-02  1.0825E+00  1.3361E+00
2.5119E-01  3.4008E-01  2.4576E-02  1.0825E+00  1.3360E+00
3.9811E-01  3.4415E-01  3.8124E-02  1.0825E+00  1.3359E+00
6.3096E-01  3.5015E-01  5.9012E-02  1.0825E+00  1.3357E+00
1.0000E+00  3.5888E-01  9.1028E-02  1.0825E+00  1.3354E+00
1.5849E+00  3.7133E-01  1.3903E-01  1.0825E+00  1.3350E+00
2.5119E+00  3.8901E-01  2.1234E-01  1.0824E+00  1.3345E+00
3.9811E+00  4.1167E-01  3.1467E-01  1.0824E+00  1.3339E+00
6.3096E+00  4.4444E-01  4.7464E-01  1.0824E+00  1.3330E+00
1.0000E+01  4.7856E-01  6.7868E-01  1.0824E+00  1.3321E+00
1.5849E+01  5.2692E-01  9.9793E-01  1.0823E+00  1.3308E+00
2.5119E+01  5.7082E-01  1.4031E+00  1.0823E+00  1.3294E+00
3.9811E+01  6.2308E-01  2.0106E+00  1.0822E+00  1.3275E+00
6.3096E+01  6.7574E-01  2.8059E+00  1.0821E+00  1.3256E+00
1.0000E+02  7.3446E-01  3.9647E+00  1.0820E+00  1.3233E+00
1.5849E+02  8.0529E-01  5.3521E+00  1.0820E+00  1.3210E+00
2.5119E+02  8.9741E-01  7.1565E+00  1.0819E+00  1.3189E+00
3.9811E+02  1.0082E+00  9.1794E+00  1.0818E+00  1.3172E+00
6.3096E+02  1.1510E+00  1.1458E+01  1.0818E+00  1.3159E+00
1.0000E+03  1.3495E+00  1.3824E+01  1.0817E+00  1.3150E+00
1.5849E+03  1.6263E+00  1.6368E+01  1.0817E+00  1.3143E+00
2.5119E+03  1.9845E+00  1.7980E+01  1.0818E+00  1.3145E+00
3.9811E+03  2.4674E+00  1.8949E+01  1.0820E+00  1.3211E+00
6.3096E+03  2.9908E+00  1.8667E+01  1.0821E+00  1.3248E+00
1.0000E+04  3.5569E+00  1.7945E+01  1.0823E+00  1.3276E+00
Rosseland and Planck opacities and free electrons
Density     Ross opa    Planck opa  No. Free    Av Sq Free  T=  2.0000E+00
1.0000E-10  3.3065E-01  4.3149E-12  1.0825E+00  1.3364E+00
1.5849E-10  3.3065E-01  6.8387E-12  1.0825E+00  1.3364E+00
2.5119E-10  3.3065E-01  1.0839E-11  1.0825E+00  1.3364E+00
3.9811E-10  3.3065E-01  1.7178E-11  1.0825E+00  1.3364E+00
6.3096E-10  3.3065E-01  2.7225E-11  1.0825E+00  1.3364E+00
1.0000E-09  3.3065E-01  4.3149E-11  1.0825E+00  1.3364E+00
1.5849E-09  3.3065E-01  6.8387E-11  1.0825E+00  1.3364E+00
2.5119E-09  3.3065E-01  1.0839E-10  1.0825E+00  1.3364E+00
3.9811E-09  3.3065E-01  1.7178E-10  1.0825E+00  1.3364E+00
6.3096E-09  3.3065E-01  2.7225E-10  1.0825E+00  1.3364E+00
1.0000E-08  3.3065E-01  4.3149E-10  1.0825E+00  1.3364E+00
1.5849E-08  3.3065E-01  6.8387E-10  1.0825E+00  1.3364E+00
2.5119E-08  3.3065E-01  1.0839E-09  1.0825E+00  1.3364E+00
3.9811E-08  3.3065E-01  1.7178E-09  1.0825E+00  1.3364E+00
6.3096E-08  3.3065E-01  2.7225E-09  1.0825E+00  1.3364E+00
1.0000E-07  3.3065E-01  4.3149E-09  1.0825E+00  1.3364E+00
1.5849E-07  3.3065E-01  7.0564E-09  1.0825E+00  1.3364E+00
2.5119E-07  3.3065E-01  1.1440E-08  1.0825E+00  1.3364E+00
3.9811E-07  3.3065E-01  2.2700E-08  1.0825E+00  1.3364E+00
6.3096E-07  3.3065E-01  4.2826E-08  1.0825E+00  1.3364E+00
1.0000E-06  3.3065E-01  7.1570E-08  1.0825E+00  1.3364E+00
1.5849E-06  3.3065E-01  1.1363E-07  1.0825E+00  1.3364E+00
2.5119E-06  3.3065E-01  1.8057E-07  1.0825E+00  1.3364E+00
3.9811E-06  3.3065E-01  2.8727E-07  1.0825E+00  1.3364E+00
6.3096E-06  3.3065E-01  4.5762E-07  1.0825E+00  1.3364E+00
1.0000E-05  3.3065E-01  7.3427E-07  1.0825E+00  1.3364E+00
1.5849E-05  3.3065E-01  1.1732E-06  1.0825E+00  1.3364E+00
2.5119E-05  3.3065E-01  1.9006E-06  1.0825E+00  1.3364E+00
3.9811E-05  3.3066E-01  3.0536E-06  1.0825E+00  1.3364E+00
6.3096E-05  3.3066E-01  4.8460E-06  1.0825E+00  1.3364E+00
1.0000E-04  3.3066E-01  7.6788E-06  1.0825E+00  1.3364E+00
1.5849E-04  3.3066E-01  1.2168E-05  1.0825E+00  1.3364E+00
2.5119E-04  3.3066E-01  1.9282E-05  1.0825E+00  1.3364E+00
3.9811E-04  3.3067E-01  3.0549E-05  1.0825E+00  1.3364E+00
6.3096E-04  3.3068E-01  4.8395E-05  1.0825E+00  1.3364E+00
1.0000E-03  3.3070E-01  7.6662E-05  1.0825E+00  1.3364E+00
1.5849E-03  3.3072E-01  1.2142E-04  1.0825E+00  1.3364E+00
2.5119E-03  3.3076E-01  1.9232E-04  1.0825E+00  1.3364E+00
3.9811E-03  3.3082E-01  3.0446E-04  1.0825E+00  1.3363E+00
6.3096E-03  3.3091E-01  4.8220E-04  1.0825E+00  1.3363E+00
1.0000E-02  3.3104E-01  7.6266E-04  1.0825E+00  1.3363E+00
1.5849E-02  3.3124E-01  1.2071E-03  1.0825E+00  1.3363E+00
2.5119E-02  3.3153E-01  1.9067E-03  1.0825E+00  1.3363E+00
3.9811E-02  3.3196E-01  3.0084E-03  1.0825E+00  1.3363E+00
6.3096E-02  3.3260E-01  4.7436E-03  1.0825E+00  1.3363E+00
1.0000E-01  3.3354E-01  7.4693E-03  1.0825E+00  1.3362E+00
1.5849E-01  3.3494E-01  1.1728E-02  1.0825E+00  1.3362E+00
2.5119E-01  3.3702E-01  1.8394E-02  1.0825E+00  1.3361E+00
3.9811E-01  3.4012E-01  2.8789E-02  1.0825E+00  1.3360E+00
6.3096E-01  3.4471E-01  4.4731E-02  1.0825E+00  1.3358E+00
1.0000E+00  3.5148E-01  6.9702E-02  1.0825E+00  1.3356E+00
1.5849E+00  3.6131E-01  1.0715E-01  1.0825E+00  1.3353E+00
2.5119E+00  3.7566E-01  1.6604E-01  1.0824E+00  1.3348E+00
3.9811E+00  3.9453E-01  2.4838E-01  1.0824E+00  1.3343E+00
6.3096E+00  4.2171E-01  3.7724E-01  1.0824E+00  1.3335E+00
1.0000E+01  4.5270E-01  5.4940E-01  1.0824E+00  1.3327E+00
1.5849E+01  4.9424E-01  8.0857E-01  1.0823E+00  1.3315E+00
2.5119E+01  5.3639E-01  1.1520E+00  1.0823E+00  1.3302E+00
3.9811E+01  5.8141E-01  1.6416E+00  1.0822E+00  1.3286E+00
6.3096E+01  6.3022E-01  2.3130E+00  1.0822E+00  1.3266E+00
1.0000E+02  6.8027E-01  3.2465E+00  1.0821E+00  1.3246E+00
1.5849E+02  7.3999E-01  4.4664E+00  1.0820E+00  1.3222E+00
2.5119E+02  8.1431E-01  5.9069E+00  1.0819E+00  1.3204E+00
3.9811E+02  9.0702E-01  7.7526E+00  1.0819E+00  1.3184E+00
6.3096E+02  1.0235E+00  9.6555E+00  1.0818E+00  1.3172E+00
1.0000E+03  1.1845E+00  1.1845E+01  1.0818E+00  1.3161E+00
1.5849E+03  1.4135E+00  1.4238E+01  1.0818E+00  1.3153E+00
2.5119E+03  1.7046E+00  1.5677E+01  1.0818E+00  1.3153E+00
3.9811E+03  2.1028E+00  1.6740E+01  1.0820E+00  1.3206E+00
6.3096E+03  2.5607E+00  1.6759E+01  1.0822E+00  1.3253E+00
1.0000E+04  3.0987E+00  1.6335E+01  1.0823E+00  1.3279E+00
Useful Links
Group T-1 Home Page
Group XCP-5 Home Page
Please mail questions or comments to:
LANL T-1 Opacities
opacity@lanl.gov
Los Alamos Report No.
LA-UR-01-1257
Contacts
Media
Calendar
Inside
Terms of Use, Privacy
Site Feedback
Operated by Los Alamos National Security, LLC for the U.S Dept. of Energy's NNSA
© Copyright 2018 LANS, LLC
