TOPS Opacities - Summary
Los Alamos National Laboratory
Delivering science and technology to protect our nation and promote world stability
T-1
Physics and Chemistry of Materials
Results Page
Number of T =  50  Number of rho =  71  Number of materials =  21
TOPS results for  Untitled        on Sep  8, 2026
Opacities in cm**2/gm, T in keV, density in gm/cc
WARNING - Requested densities listed below went off table boundaries
Temp        Den Req     Den Used
2.0000E-03  3.9811E+02  3.0108E+02
2.0000E-03  6.3096E+02  3.0108E+02
2.0000E-03  1.0000E+03  3.0108E+02
2.0000E-03  1.5849E+03  3.0108E+02
2.0000E-03  2.5119E+03  3.0108E+02
2.0000E-03  3.9811E+03  3.0108E+02
2.0000E-03  6.3096E+03  3.0108E+02
2.0000E-03  1.0000E+04  3.0108E+02
2.5000E-03  6.3096E+02  4.2076E+02
2.5000E-03  1.0000E+03  4.2076E+02
2.5000E-03  1.5849E+03  4.2076E+02
2.5000E-03  2.5119E+03  4.2076E+02
2.5000E-03  3.9811E+03  4.2076E+02
2.5000E-03  6.3096E+03  4.2076E+02
2.5000E-03  1.0000E+04  4.2076E+02
3.0000E-03  6.3096E+02  5.5310E+02
3.0000E-03  1.0000E+03  5.5310E+02
3.0000E-03  1.5849E+03  5.5310E+02
3.0000E-03  2.5119E+03  5.5310E+02
3.0000E-03  3.9811E+03  5.5310E+02
3.0000E-03  6.3096E+03  5.5310E+02
3.0000E-03  1.0000E+04  5.5310E+02
3.5000E-03  1.0000E+03  6.9688E+02
3.5000E-03  1.5849E+03  6.9688E+02
3.5000E-03  2.5119E+03  6.9688E+02
3.5000E-03  3.9811E+03  6.9688E+02
3.5000E-03  6.3096E+03  6.9688E+02
3.5000E-03  1.0000E+04  6.9688E+02
4.0000E-03  1.0000E+03  8.5134E+02
4.0000E-03  1.5849E+03  8.5134E+02
4.0000E-03  2.5119E+03  8.5134E+02
4.0000E-03  3.9811E+03  8.5134E+02
4.0000E-03  6.3096E+03  8.5134E+02
4.0000E-03  1.0000E+04  8.5134E+02
5.0000E-03  1.5849E+03  1.1892E+03
5.0000E-03  2.5119E+03  1.1892E+03
5.0000E-03  3.9811E+03  1.1892E+03
5.0000E-03  6.3096E+03  1.1892E+03
5.0000E-03  1.0000E+04  1.1892E+03
6.0000E-03  1.5849E+03  1.5631E+03
6.0000E-03  2.5119E+03  1.5631E+03
6.0000E-03  3.9811E+03  1.5631E+03
6.0000E-03  6.3096E+03  1.5631E+03
6.0000E-03  1.0000E+04  1.5631E+03
7.0000E-03  2.5119E+03  1.9695E+03
7.0000E-03  3.9811E+03  1.9695E+03
7.0000E-03  6.3096E+03  1.9695E+03
7.0000E-03  1.0000E+04  1.9695E+03
8.0000E-03  2.5119E+03  2.4058E+03
8.0000E-03  3.9811E+03  2.4058E+03
8.0000E-03  6.3096E+03  2.4058E+03
8.0000E-03  1.0000E+04  2.4058E+03
9.0000E-03  3.9811E+03  2.8701E+03
9.0000E-03  6.3096E+03  2.8701E+03
9.0000E-03  1.0000E+04  2.8701E+03
1.0000E-02  3.9811E+03  3.3577E+03
1.0000E-02  6.3096E+03  3.3577E+03
1.0000E-02  1.0000E+04  3.3577E+03
1.2500E-02  6.3096E+03  4.6921E+03
1.2500E-02  1.0000E+04  4.6921E+03
1.5000E-02  6.3096E+03  6.1675E+03
1.5000E-02  1.0000E+04  6.1675E+03
2.0000E-02  1.0000E+04  9.4928E+03
Normalized composition for requested elements
No. Fraction Mass Fraction  At. No.  Chem. Sym.  Mat ID.
8.6100E-01   6.0000E-01      1         H         4525
1.3732E-01   3.8000E-01      2         He        4675
4.1387E-04   3.4367E-03      6         C         4387
1.0396E-04   1.0067E-03      7         N         4005
8.4501E-04   9.3471E-03      8         O         4105
1.5028E-04   2.0966E-03     10         Ne        4145
2.6298E-06   4.1800E-05     11         Na        3442
4.7518E-05   7.9848E-04     12         Mg        4682
3.8628E-06   7.2060E-05     13         Al        9173
4.5379E-05   8.8114E-04     14         Si        4183
3.9506E-07   8.4600E-06     15         P         2193
2.1216E-05   4.7026E-04     16         S         3104
2.3828E-07   5.8400E-06     17         Cl        2205
3.1391E-06   8.6700E-05     18         Ar        3715
1.6869E-07   4.5600E-06     19         K         2642
2.8121E-06   7.7920E-05     20         Ca        2302
1.1785E-07   3.9000E-06     22         Ti        2692
6.2144E-07   2.2340E-05     24         Cr        2703
4.1019E-07   1.5580E-05     25         Mn        2803
3.9592E-05   1.5287E-03     26         Fe        3412
2.3446E-06   9.5140E-05     28         Ni        2013
Temperature grid used the following  50 points
2.0000E-03  2.5000E-03  3.0000E-03  3.5000E-03  4.0000E-03  5.0000E-03
6.0000E-03  7.0000E-03  8.0000E-03  9.0000E-03  1.0000E-02  1.2500E-02
1.5000E-02  2.0000E-02  2.5000E-02  3.0000E-02  4.0000E-02  5.0000E-02
6.0000E-02  7.0000E-02  8.0000E-02  9.0000E-02  1.0000E-01  1.2500E-01
1.5000E-01  1.7500E-01  2.0000E-01  2.2500E-01  2.5000E-01  2.7500E-01
3.0000E-01  3.5000E-01  4.0000E-01  4.5000E-01  5.0000E-01  5.5000E-01
6.0000E-01  6.5000E-01  7.0000E-01  8.0000E-01  9.0000E-01  1.0000E+00
1.1250E+00  1.2500E+00  1.3750E+00  1.5000E+00  1.6250E+00  1.7500E+00
1.8750E+00  2.0000E+00
Density grid used the following  71 points
1.0000E-10  1.5849E-10  2.5119E-10  3.9811E-10  6.3096E-10  1.0000E-09
1.5849E-09  2.5119E-09  3.9811E-09  6.3096E-09  1.0000E-08  1.5849E-08
2.5119E-08  3.9811E-08  6.3096E-08  1.0000E-07  1.5849E-07  2.5119E-07
3.9811E-07  6.3096E-07  1.0000E-06  1.5849E-06  2.5119E-06  3.9811E-06
6.3096E-06  1.0000E-05  1.5849E-05  2.5119E-05  3.9811E-05  6.3096E-05
1.0000E-04  1.5849E-04  2.5119E-04  3.9811E-04  6.3096E-04  1.0000E-03
1.5849E-03  2.5119E-03  3.9811E-03  6.3096E-03  1.0000E-02  1.5849E-02
2.5119E-02  3.9811E-02  6.3096E-02  1.0000E-01  1.5849E-01  2.5119E-01
3.9811E-01  6.3096E-01  1.0000E+00  1.5849E+00  2.5119E+00  3.9811E+00
6.3096E+00  1.0000E+01  1.5849E+01  2.5119E+01  3.9811E+01  6.3096E+01
1.0000E+02  1.5849E+02  2.5119E+02  3.9811E+02  6.3096E+02  1.0000E+03
1.5849E+03  2.5119E+03  3.9811E+03  6.3096E+03  1.0000E+04
Rosseland and Planck opacities and free electrons
Density     Ross opa    Planck opa  No. Free    Av Sq Free  T=  2.0000E-03
1.0000E-10  6.9219E-01  8.0483E+02  1.0017E+00  1.0054E+00
1.5849E-10  8.2507E-01  7.7681E+02  1.0016E+00  1.0052E+00
2.5119E-10  1.0177E+00  7.4304E+02  1.0015E+00  1.0049E+00
3.9811E-10  1.3059E+00  7.4488E+02  1.0014E+00  1.0046E+00
6.3096E-10  1.7335E+00  7.4825E+02  1.0012E+00  1.0042E+00
1.0000E-09  2.4139E+00  7.7790E+02  1.0009E+00  1.0038E+00
1.5849E-09  3.4467E+00  8.2488E+02  1.0006E+00  1.0032E+00
2.5119E-09  5.1438E+00  9.0208E+02  1.0001E+00  1.0025E+00
3.9811E-09  7.7595E+00  1.0250E+03  9.9944E-01  1.0015E+00
6.3096E-09  1.2047E+01  1.2109E+03  9.9847E-01  1.0003E+00
1.0000E-08  1.8685E+01  1.5001E+03  9.9703E-01  9.9857E-01
1.5849E-08  2.9441E+01  1.9654E+03  9.9489E-01  9.9619E-01
2.5119E-08  4.6126E+01  2.7118E+03  9.9172E-01  9.9284E-01
3.9811E-08  7.2435E+01  3.8750E+03  9.8702E-01  9.8793E-01
6.3096E-08  1.1345E+02  5.6628E+03  9.8051E-01  9.8131E-01
1.0000E-07  1.7620E+02  8.4721E+03  9.7062E-01  9.7124E-01
1.5849E-07  2.7499E+02  1.2650E+04  9.5957E-01  9.6013E-01
2.5119E-07  4.2331E+02  1.9271E+04  9.4207E-01  9.4252E-01
3.9811E-07  6.5791E+02  2.8323E+04  9.2610E-01  9.2651E-01
6.3096E-07  1.0081E+03  4.2363E+04  9.0329E-01  9.0364E-01
1.0000E-06  1.5500E+03  6.1635E+04  8.7953E-01  8.7984E-01
1.5849E-06  2.3490E+03  8.9316E+04  8.5379E-01  8.5406E-01
2.5119E-06  3.5346E+03  1.2942E+05  8.1877E-01  8.1900E-01
3.9811E-06  5.1153E+03  1.7696E+05  7.8789E-01  7.8810E-01
6.3096E-06  7.5000E+03  2.5229E+05  7.3895E-01  7.3912E-01
1.0000E-05  1.0099E+04  3.2211E+05  6.9755E-01  6.9770E-01
1.5849E-05  1.3579E+04  4.1511E+05  6.4481E-01  6.4493E-01
2.5119E-05  1.8591E+04  5.5158E+05  5.6752E-01  5.6761E-01
3.9811E-05  2.2090E+04  6.2043E+05  5.3008E-01  5.3016E-01
6.3096E-05  2.7338E+04  7.2953E+05  4.7074E-01  4.7081E-01
1.0000E-04  3.5033E+04  8.9322E+05  3.8112E-01  3.8117E-01
1.5849E-04  3.8497E+04  9.1006E+05  3.5515E-01  3.5519E-01
2.5119E-04  4.3869E+04  9.3673E+05  3.1398E-01  3.1402E-01
3.9811E-04  5.2223E+04  9.7904E+05  2.4873E-01  2.4876E-01
6.3096E-04  5.8993E+04  1.0019E+06  2.1452E-01  2.1454E-01
1.0000E-03  6.6585E+04  1.0169E+06  1.9357E-01  1.9359E-01
1.5849E-03  7.8432E+04  1.0406E+06  1.6037E-01  1.6038E-01
2.5119E-03  9.3203E+04  1.0558E+06  1.2603E-01  1.2604E-01
3.9811E-03  1.0732E+05  1.0249E+06  1.1615E-01  1.1616E-01
6.3096E-03  1.2934E+05  9.7571E+05  1.0050E-01  1.0051E-01
1.0000E-02  1.6168E+05  9.1192E+05  8.0186E-02  8.0191E-02
1.5849E-02  1.9900E+05  8.9670E+05  7.5508E-02  7.5513E-02
2.5119E-02  2.5037E+05  8.7139E+05  6.8094E-02  6.8097E-02
3.9811E-02  3.1312E+05  8.7742E+05  6.2456E-02  6.2459E-02
6.3096E-02  3.9709E+05  9.4940E+05  6.2369E-02  6.2373E-02
1.0000E-01  4.9325E+05  1.0519E+06  6.4601E-02  6.4605E-02
1.5849E-01  6.6724E+05  1.1789E+06  7.3725E-02  7.3735E-02
2.5119E-01  9.4027E+05  1.3169E+06  9.8615E-02  9.8664E-02
3.9811E-01  1.3141E+06  1.4290E+06  1.8618E-01  1.8639E-01
6.3096E-01  1.0235E+06  1.1129E+06  4.9448E-01  4.9562E-01
1.0000E+00  5.1330E+05  5.3916E+05  8.1449E-01  8.1861E-01
1.5849E+00  2.7039E+05  2.7985E+05  9.5277E-01  9.5952E-01
2.5119E+00  1.7739E+05  1.8128E+05  9.9211E-01  1.0024E+00
3.9811E+00  1.2035E+05  1.2201E+05  1.0087E+00  1.0326E+00
6.3096E+00  8.3168E+04  8.3850E+04  1.0313E+00  1.1059E+00
1.0000E+01  5.8505E+04  5.8829E+04  1.0629E+00  1.2085E+00
1.5849E+01  4.2716E+04  4.2867E+04  1.0839E+00  1.2785E+00
2.5119E+01  3.1170E+04  3.1245E+04  1.1042E+00  1.3467E+00
3.9811E+01  2.0761E+04  2.0798E+04  1.1188E+00  1.3959E+00
6.3096E+01  1.3510E+04  1.3524E+04  1.1272E+00  1.4245E+00
1.0000E+02  9.9841E+03  9.9913E+03  1.1373E+00  1.4574E+00
1.5849E+02  6.9238E+03  6.9271E+03  1.1461E+00  1.4849E+00
2.5119E+02  4.3591E+03  4.3606E+03  1.1461E+00  1.4852E+00
3.9811E+02  3.6158E+03  3.6169E+03  1.1461E+00  1.4854E+00
6.3096E+02  3.6158E+03  3.6169E+03  1.1461E+00  1.4854E+00
1.0000E+03  3.6158E+03  3.6169E+03  1.1461E+00  1.4854E+00
1.5849E+03  3.6158E+03  3.6169E+03  1.1461E+00  1.4854E+00
2.5119E+03  3.6158E+03  3.6169E+03  1.1461E+00  1.4854E+00
3.9811E+03  3.6158E+03  3.6169E+03  1.1461E+00  1.4854E+00
6.3096E+03  3.6158E+03  3.6169E+03  1.1461E+00  1.4854E+00
1.0000E+04  3.6158E+03  3.6169E+03  1.1461E+00  1.4854E+00
Rosseland and Planck opacities and free electrons
Density     Ross opa    Planck opa  No. Free    Av Sq Free  T=  2.5000E-03
1.0000E-10  6.7242E-01  2.1898E+02  1.0165E+00  1.0508E+00
1.5849E-10  7.6903E-01  2.3340E+02  1.0117E+00  1.0363E+00
2.5119E-10  8.9939E-01  2.4977E+02  1.0086E+00  1.0268E+00
3.9811E-10  1.0836E+00  2.6686E+02  1.0059E+00  1.0186E+00
6.3096E-10  1.3429E+00  2.8185E+02  1.0047E+00  1.0149E+00
1.0000E-09  1.7299E+00  3.0105E+02  1.0034E+00  1.0109E+00
1.5849E-09  2.3160E+00  3.1821E+02  1.0029E+00  1.0094E+00
2.5119E-09  3.1732E+00  3.4423E+02  1.0023E+00  1.0075E+00
3.9811E-09  4.5979E+00  3.7543E+02  1.0020E+00  1.0068E+00
6.3096E-09  6.7595E+00  4.2487E+02  1.0017E+00  1.0058E+00
1.0000E-08  1.0514E+01  4.9917E+02  1.0014E+00  1.0053E+00
1.5849E-08  1.6257E+01  6.1670E+02  1.0010E+00  1.0045E+00
2.5119E-08  2.6432E+01  7.9586E+02  1.0006E+00  1.0039E+00
3.9811E-08  4.2292E+01  1.0773E+03  1.0000E+00  1.0029E+00
6.3096E-08  6.9566E+01  1.4954E+03  9.9915E-01  1.0018E+00
1.0000E-07  1.1249E+02  2.1352E+03  9.9791E-01  1.0002E+00
1.5849E-07  1.8296E+02  3.1187E+03  9.9609E-01  9.9806E-01
2.5119E-07  2.9374E+02  4.6266E+03  9.9343E-01  9.9514E-01
3.9811E-07  4.6858E+02  7.0534E+03  9.8940E-01  9.9078E-01
6.3096E-07  7.4745E+02  1.1044E+04  9.8372E-01  9.8491E-01
1.0000E-06  1.1713E+03  1.7364E+04  9.7482E-01  9.7573E-01
1.5849E-06  1.8691E+03  2.7253E+04  9.6410E-01  9.6490E-01
2.5119E-06  2.9109E+03  4.2926E+04  9.4710E-01  9.4772E-01
3.9811E-06  4.5256E+03  6.3514E+04  9.2872E-01  9.2925E-01
6.3096E-06  6.8905E+03  9.4762E+04  9.0239E-01  9.0283E-01
1.0000E-05  1.0296E+04  1.3537E+05  8.7174E-01  8.7210E-01
1.5849E-05  1.4982E+04  1.8762E+05  8.3821E-01  8.3853E-01
2.5119E-05  2.1912E+04  2.6637E+05  7.8754E-01  7.8778E-01
3.9811E-05  2.8926E+04  3.1869E+05  7.5113E-01  7.5134E-01
6.3096E-05  3.9612E+04  4.0160E+05  6.9342E-01  6.9360E-01
1.0000E-04  5.1606E+04  4.9197E+05  6.3489E-01  6.3503E-01
1.5849E-04  6.3624E+04  5.7819E+05  5.8784E-01  5.8796E-01
2.5119E-04  8.2067E+04  7.1486E+05  5.1327E-01  5.1336E-01
3.9811E-04  9.8205E+04  8.1018E+05  4.5737E-01  4.5744E-01
6.3096E-04  1.1375E+05  8.6795E+05  4.1665E-01  4.1672E-01
1.0000E-03  1.3786E+05  9.5960E+05  3.5212E-01  3.5218E-01
1.5849E-03  1.6179E+05  1.0240E+06  2.9927E-01  2.9931E-01
2.5119E-03  1.8324E+05  1.0305E+06  2.7364E-01  2.7367E-01
3.9811E-03  2.1659E+05  1.0410E+06  2.3302E-01  2.3305E-01
6.3096E-03  2.5873E+05  1.0494E+06  1.9180E-01  1.9182E-01
1.0000E-02  3.0128E+05  1.0437E+06  1.7744E-01  1.7746E-01
1.5849E-02  3.6011E+05  1.0343E+06  1.5469E-01  1.5471E-01
2.5119E-02  4.3387E+05  1.0434E+06  1.3405E-01  1.3407E-01
3.9811E-02  5.2987E+05  1.0954E+06  1.2699E-01  1.2701E-01
6.3096E-02  6.2369E+05  1.1719E+06  1.1580E-01  1.1581E-01
1.0000E-01  7.7927E+05  1.2671E+06  1.1862E-01  1.1865E-01
1.5849E-01  9.7598E+05  1.3796E+06  1.2590E-01  1.2594E-01
2.5119E-01  1.1394E+06  1.4174E+06  1.5826E-01  1.5837E-01
3.9811E-01  1.2184E+06  1.4054E+06  2.7160E-01  2.7191E-01
6.3096E-01  8.7201E+05  9.8657E+05  5.4512E-01  5.4647E-01
1.0000E+00  4.7102E+05  5.0809E+05  8.2057E-01  8.2486E-01
1.5849E+00  2.6616E+05  2.7934E+05  9.4368E-01  9.5107E-01
2.5119E+00  1.6851E+05  1.7429E+05  9.9409E-01  1.0056E+00
3.9811E+00  1.1686E+05  1.1940E+05  1.0126E+00  1.0448E+00
6.3096E+00  8.3976E+04  8.5064E+04  1.0394E+00  1.1312E+00
1.0000E+01  5.7265E+04  5.7712E+04  1.0627E+00  1.2084E+00
1.5849E+01  4.0769E+04  4.0995E+04  1.0892E+00  1.2966E+00
2.5119E+01  3.0240E+04  3.0348E+04  1.1069E+00  1.3553E+00
3.9811E+01  2.1517E+04  2.1572E+04  1.1197E+00  1.3986E+00
6.3096E+01  1.4276E+04  1.4302E+04  1.1310E+00  1.4363E+00
1.0000E+02  9.5135E+03  9.5236E+03  1.1439E+00  1.4781E+00
1.5849E+02  6.7708E+03  6.7757E+03  1.1461E+00  1.4853E+00
2.5119E+02  4.5842E+03  4.5865E+03  1.1461E+00  1.4855E+00
3.9811E+02  2.8969E+03  2.8979E+03  1.1462E+00  1.4861E+00
6.3096E+02  2.7248E+03  2.7257E+03  1.1462E+00  1.4862E+00
1.0000E+03  2.7248E+03  2.7257E+03  1.1462E+00  1.4862E+00
1.5849E+03  2.7248E+03  2.7257E+03  1.1462E+00  1.4862E+00
2.5119E+03  2.7248E+03  2.7257E+03  1.1462E+00  1.4862E+00
3.9811E+03  2.7248E+03  2.7257E+03  1.1462E+00  1.4862E+00
6.3096E+03  2.7248E+03  2.7257E+03  1.1462E+00  1.4862E+00
1.0000E+04  2.7248E+03  2.7257E+03  1.1462E+00  1.4862E+00
Rosseland and Planck opacities and free electrons
Density     Ross opa    Planck opa  No. Free    Av Sq Free  T=  3.0000E-03
1.0000E-10  6.7050E-01  3.5875E+02  1.1162E+00  1.3519E+00
1.5849E-10  7.7905E-01  4.5258E+02  1.1056E+00  1.3198E+00
2.5119E-10  9.2254E-01  5.7568E+02  1.0943E+00  1.2858E+00
3.9811E-10  1.1207E+00  7.6819E+02  1.0769E+00  1.2333E+00
6.3096E-10  1.3730E+00  9.7759E+02  1.0660E+00  1.2005E+00
1.0000E-09  1.7343E+00  1.3095E+03  1.0488E+00  1.1485E+00
1.5849E-09  2.2387E+00  1.6260E+03  1.0385E+00  1.1174E+00
2.5119E-09  2.9756E+00  2.0597E+03  1.0276E+00  1.0846E+00
3.9811E-09  4.0986E+00  2.4714E+03  1.0192E+00  1.0593E+00
6.3096E-09  5.7865E+00  2.8675E+03  1.0142E+00  1.0440E+00
1.0000E-08  8.4472E+00  3.2960E+03  1.0091E+00  1.0286E+00
1.5849E-08  1.2607E+01  3.5624E+03  1.0071E+00  1.0225E+00
2.5119E-08  1.9174E+01  3.9157E+03  1.0045E+00  1.0147E+00
3.9811E-08  3.0054E+01  4.1179E+03  1.0036E+00  1.0122E+00
6.3096E-08  4.6679E+01  4.4347E+03  1.0023E+00  1.0084E+00
1.0000E-07  7.6215E+01  4.7086E+03  1.0017E+00  1.0072E+00
1.5849E-07  1.2088E+02  5.1426E+03  1.0008E+00  1.0052E+00
2.5119E-07  2.0072E+02  5.7505E+03  9.9990E-01  1.0039E+00
3.9811E-07  3.2323E+02  6.6954E+03  9.9866E-01  1.0021E+00
6.3096E-07  5.3468E+02  8.1575E+03  9.9701E-01  9.9998E-01
1.0000E-06  8.6361E+02  1.0452E+04  9.9460E-01  9.9716E-01
1.5849E-06  1.4097E+03  1.3995E+04  9.9115E-01  9.9330E-01
2.5119E-06  2.2652E+03  1.9481E+04  9.8619E-01  9.8803E-01
3.9811E-06  3.6303E+03  2.7904E+04  9.7883E-01  9.8028E-01
6.3096E-06  5.7730E+03  4.0395E+04  9.6871E-01  9.6995E-01
1.0000E-05  9.0101E+03  5.9923E+04  9.5301E-01  9.5393E-01
1.5849E-05  1.3801E+04  8.4940E+04  9.3536E-01  9.3617E-01
2.5119E-05  2.0909E+04  1.2459E+05  9.0740E-01  9.0802E-01
3.9811E-05  2.9976E+04  1.6415E+05  8.7867E-01  8.7918E-01
6.3096E-05  4.2789E+04  2.1726E+05  8.3956E-01  8.3998E-01
1.0000E-04  5.9591E+04  2.8610E+05  7.9119E-01  7.9151E-01
1.5849E-04  7.7834E+04  3.5661E+05  7.4874E-01  7.4902E-01
2.5119E-04  1.0589E+05  4.6838E+05  6.8147E-01  6.8168E-01
3.9811E-04  1.2982E+05  5.4708E+05  6.3175E-01  6.3193E-01
6.3096E-04  1.5813E+05  6.2733E+05  5.7866E-01  5.7881E-01
1.0000E-03  2.0209E+05  7.5464E+05  4.9452E-01  4.9463E-01
1.5849E-03  2.2913E+05  7.9697E+05  4.5699E-01  4.5709E-01
2.5119E-03  2.6541E+05  8.4167E+05  4.1095E-01  4.1103E-01
3.9811E-03  3.2145E+05  9.1286E+05  3.3798E-01  3.3804E-01
6.3096E-03  3.6436E+05  9.4005E+05  3.1010E-01  3.1015E-01
1.0000E-02  4.1913E+05  9.7012E+05  2.7903E-01  2.7908E-01
1.5849E-02  4.9068E+05  1.0181E+06  2.2980E-01  2.2984E-01
2.5119E-02  5.6646E+05  1.0615E+06  2.1469E-01  2.1473E-01
3.9811E-02  6.5736E+05  1.1250E+06  1.9646E-01  1.9649E-01
6.3096E-02  7.5147E+05  1.2091E+06  1.7778E-01  1.7782E-01
1.0000E-01  8.8560E+05  1.2924E+06  1.7744E-01  1.7750E-01
1.5849E-01  1.0214E+06  1.3808E+06  1.8447E-01  1.8457E-01
2.5119E-01  1.0898E+06  1.3921E+06  2.2065E-01  2.2084E-01
3.9811E-01  1.0304E+06  1.3136E+06  3.4441E-01  3.4482E-01
6.3096E-01  7.4773E+05  8.8135E+05  5.9041E-01  5.9185E-01
1.0000E+00  4.4321E+05  4.9230E+05  8.2121E-01  8.2562E-01
1.5849E+00  2.4362E+05  2.6162E+05  9.5509E-01  9.6321E-01
2.5119E+00  1.5911E+05  1.6700E+05  9.9793E-01  1.0120E+00
3.9811E+00  1.1326E+05  1.1687E+05  1.0164E+00  1.0570E+00
6.3096E+00  8.2351E+04  8.3818E+04  1.0433E+00  1.1434E+00
1.0000E+01  5.7643E+04  5.8286E+04  1.0685E+00  1.2254E+00
1.5849E+01  3.9174E+04  3.9442E+04  1.0906E+00  1.2997E+00
2.5119E+01  2.8982E+04  2.9131E+04  1.1078E+00  1.3575E+00
3.9811E+01  2.1435E+04  2.1508E+04  1.1222E+00  1.4062E+00
6.3096E+01  1.4564E+04  1.4601E+04  1.1309E+00  1.4363E+00
1.0000E+02  9.6808E+03  9.6975E+03  1.1385E+00  1.4605E+00
1.5849E+02  6.5873E+03  6.5941E+03  1.1461E+00  1.4848E+00
2.5119E+02  4.6547E+03  4.6579E+03  1.1461E+00  1.4850E+00
3.9811E+02  3.0085E+03  3.0099E+03  1.1462E+00  1.4857E+00
6.3096E+02  2.1482E+03  2.1490E+03  1.1462E+00  1.4865E+00
1.0000E+03  2.1482E+03  2.1490E+03  1.1462E+00  1.4865E+00
1.5849E+03  2.1482E+03  2.1490E+03  1.1462E+00  1.4865E+00
2.5119E+03  2.1482E+03  2.1490E+03  1.1462E+00  1.4865E+00
3.9811E+03  2.1482E+03  2.1490E+03  1.1462E+00  1.4865E+00
6.3096E+03  2.1482E+03  2.1490E+03  1.1462E+00  1.4865E+00
1.0000E+04  2.1482E+03  2.1490E+03  1.1462E+00  1.4865E+00
Rosseland and Planck opacities and free electrons
Density     Ross opa    Planck opa  No. Free    Av Sq Free  T=  3.5000E-03
1.0000E-10  5.8017E-01  4.3804E+02  1.1393E+00  1.4233E+00
1.5849E-10  6.6263E-01  4.5597E+02  1.1382E+00  1.4195E+00
2.5119E-10  7.7975E-01  4.7675E+02  1.1365E+00  1.4142E+00
3.9811E-10  9.4736E-01  5.0760E+02  1.1339E+00  1.4061E+00
6.3096E-10  1.1908E+00  5.4880E+02  1.1302E+00  1.3948E+00
1.0000E-09  1.5449E+00  6.0865E+02  1.1247E+00  1.3780E+00
1.5849E-09  2.0684E+00  6.8956E+02  1.1173E+00  1.3555E+00
2.5119E-09  2.8374E+00  7.9584E+02  1.1077E+00  1.3264E+00
3.9811E-09  3.9862E+00  9.4474E+02  1.0945E+00  1.2865E+00
6.3096E-09  5.6654E+00  1.0964E+03  1.0825E+00  1.2503E+00
1.0000E-08  8.1773E+00  1.3367E+03  1.0635E+00  1.1929E+00
1.5849E-08  1.1949E+01  1.5102E+03  1.0536E+00  1.1631E+00
2.5119E-08  1.7686E+01  1.7821E+03  1.0382E+00  1.1167E+00
3.9811E-08  2.6792E+01  2.0204E+03  1.0290E+00  1.0889E+00
6.3096E-08  4.0632E+01  2.3199E+03  1.0205E+00  1.0635E+00
1.0000E-07  6.3104E+01  2.6466E+03  1.0137E+00  1.0432E+00
1.5849E-07  9.7974E+01  3.0092E+03  1.0100E+00  1.0321E+00
2.5119E-07  1.5469E+02  3.4898E+03  1.0060E+00  1.0204E+00
3.9811E-07  2.4659E+02  4.0358E+03  1.0042E+00  1.0158E+00
6.3096E-07  3.9306E+02  4.8549E+03  1.0017E+00  1.0096E+00
1.0000E-06  6.4245E+02  5.8735E+03  1.0003E+00  1.0070E+00
1.5849E-06  1.0220E+03  7.4879E+03  9.9805E-01  1.0029E+00
2.5119E-06  1.6944E+03  9.9869E+03  9.9585E-01  1.0001E+00
3.9811E-06  2.7062E+03  1.3947E+04  9.9238E-01  9.9577E-01
6.3096E-06  4.4078E+03  1.9807E+04  9.8794E-01  9.9081E-01
1.0000E-05  6.9757E+03  2.8969E+04  9.8120E-01  9.8353E-01
1.5849E-05  1.0986E+04  4.1855E+04  9.7214E-01  9.7403E-01
2.5119E-05  1.6944E+04  6.0942E+04  9.5910E-01  9.6065E-01
3.9811E-05  2.5651E+04  8.6735E+04  9.4104E-01  9.4223E-01
6.3096E-05  3.7682E+04  1.1786E+05  9.1810E-01  9.1910E-01
1.0000E-04  5.5767E+04  1.6608E+05  8.8267E-01  8.8338E-01
1.5849E-04  7.4747E+04  2.1246E+05  8.5194E-01  8.5256E-01
2.5119E-04  1.0397E+05  2.8597E+05  8.0323E-01  8.0371E-01
3.9811E-04  1.3443E+05  3.5713E+05  7.5481E-01  7.5519E-01
6.3096E-04  1.6878E+05  4.3053E+05  7.0307E-01  7.0339E-01
1.0000E-03  2.2218E+05  5.4695E+05  6.2106E-01  6.2129E-01
1.5849E-03  2.5506E+05  5.9762E+05  5.8030E-01  5.8050E-01
2.5119E-03  2.9938E+05  6.6036E+05  5.2744E-01  5.2761E-01
3.9811E-03  3.6290E+05  7.5147E+05  4.5109E-01  4.5121E-01
6.3096E-03  4.0399E+05  7.8951E+05  4.2205E-01  4.2216E-01
1.0000E-02  4.6159E+05  8.4987E+05  3.7601E-01  3.7611E-01
1.5849E-02  5.3157E+05  9.3225E+05  3.1633E-01  3.1641E-01
2.5119E-02  5.9405E+05  9.8338E+05  2.9707E-01  2.9715E-01
3.9811E-02  6.6998E+05  1.0633E+06  2.6656E-01  2.6663E-01
6.3096E-02  7.5064E+05  1.1491E+06  2.4346E-01  2.4354E-01
1.0000E-01  8.3807E+05  1.2261E+06  2.3848E-01  2.3859E-01
1.5849E-01  9.1242E+05  1.2986E+06  2.4464E-01  2.4481E-01
2.5119E-01  9.2830E+05  1.2952E+06  2.8332E-01  2.8357E-01
3.9811E-01  8.4942E+05  1.1851E+06  4.0722E-01  4.0776E-01
6.3096E-01  6.4365E+05  7.9708E+05  6.3019E-01  6.3191E-01
1.0000E+00  3.8762E+05  4.4624E+05  8.5447E-01  8.5932E-01
1.5849E+00  2.3184E+05  2.5526E+05  9.5442E-01  9.6322E-01
2.5119E+00  1.5308E+05  1.6307E+05  9.9510E-01  1.0124E+00
3.9811E+00  1.0947E+05  1.1420E+05  1.0202E+00  1.0691E+00
6.3096E+00  8.0948E+04  8.2981E+04  1.0471E+00  1.1551E+00
1.0000E+01  5.7548E+04  5.8394E+04  1.0735E+00  1.2414E+00
1.5849E+01  3.9100E+04  3.9467E+04  1.0915E+00  1.3021E+00
2.5119E+01  2.7543E+04  2.7705E+04  1.1114E+00  1.3694E+00
3.9811E+01  2.0749E+04  2.0844E+04  1.1226E+00  1.4073E+00
6.3096E+01  1.4770E+04  1.4818E+04  1.1309E+00  1.4361E+00
1.0000E+02  9.8104E+03  9.8331E+03  1.1375E+00  1.4581E+00
1.5849E+02  6.5543E+03  6.5644E+03  1.1441E+00  1.4785E+00
2.5119E+02  4.4914E+03  4.4956E+03  1.1461E+00  1.4850E+00
3.9811E+02  3.0530E+03  3.0550E+03  1.1462E+00  1.4858E+00
6.3096E+02  1.9496E+03  1.9504E+03  1.1463E+00  1.4877E+00
1.0000E+03  1.7772E+03  1.7779E+03  1.1463E+00  1.4882E+00
1.5849E+03  1.7772E+03  1.7779E+03  1.1463E+00  1.4882E+00
2.5119E+03  1.7772E+03  1.7779E+03  1.1463E+00  1.4882E+00
3.9811E+03  1.7772E+03  1.7779E+03  1.1463E+00  1.4882E+00
6.3096E+03  1.7772E+03  1.7779E+03  1.1463E+00  1.4882E+00
1.0000E+04  1.7772E+03  1.7779E+03  1.1463E+00  1.4882E+00
Rosseland and Planck opacities and free electrons
Density     Ross opa    Planck opa  No. Free    Av Sq Free  T=  4.0000E-03
1.0000E-10  5.1989E-01  5.8599E+02  1.1416E+00  1.4326E+00
1.5849E-10  5.7595E-01  6.7547E+02  1.1413E+00  1.4314E+00
2.5119E-10  6.5531E-01  7.7410E+02  1.1410E+00  1.4299E+00
3.9811E-10  7.7028E-01  8.4625E+02  1.1406E+00  1.4283E+00
6.3096E-10  9.3745E-01  9.4245E+02  1.1399E+00  1.4259E+00
1.0000E-09  1.1832E+00  1.0133E+03  1.1391E+00  1.4230E+00
1.5849E-09  1.5477E+00  1.1233E+03  1.1377E+00  1.4184E+00
2.5119E-09  2.1084E+00  1.2319E+03  1.1358E+00  1.4124E+00
3.9811E-09  2.9552E+00  1.4039E+03  1.1328E+00  1.4028E+00
6.3096E-09  4.3168E+00  1.6097E+03  1.1287E+00  1.3903E+00
1.0000E-08  6.4038E+00  1.9225E+03  1.1223E+00  1.3709E+00
1.5849E-08  9.7564E+00  2.2946E+03  1.1145E+00  1.3472E+00
2.5119E-08  1.4921E+01  2.8063E+03  1.1035E+00  1.3141E+00
3.9811E-08  2.3015E+01  3.4014E+03  1.0907E+00  1.2752E+00
6.3096E-08  3.5406E+01  4.0065E+03  1.0773E+00  1.2350E+00
1.0000E-07  5.4536E+01  4.8041E+03  1.0597E+00  1.1819E+00
1.5849E-07  8.3869E+01  5.2850E+03  1.0491E+00  1.1501E+00
2.5119E-07  1.2867E+02  6.0472E+03  1.0323E+00  1.0997E+00
3.9811E-07  2.0076E+02  6.5447E+03  1.0260E+00  1.0810E+00
6.3096E-07  3.1026E+02  7.3093E+03  1.0167E+00  1.0534E+00
1.0000E-06  4.9285E+02  8.0187E+03  1.0114E+00  1.0386E+00
1.5849E-06  7.7427E+02  8.9488E+03  1.0069E+00  1.0261E+00
2.5119E-06  1.2427E+03  1.0237E+04  1.0030E+00  1.0164E+00
3.9811E-06  1.9756E+03  1.2104E+04  9.9990E-01  1.0102E+00
6.3096E-06  3.1570E+03  1.4966E+04  9.9609E-01  1.0033E+00
1.0000E-05  5.0175E+03  1.9309E+04  9.9216E-01  9.9805E-01
1.5849E-05  7.8713E+03  2.5853E+04  9.8634E-01  9.9056E-01
2.5119E-05  1.2167E+04  3.4418E+04  9.7924E-01  9.8283E-01
3.9811E-05  1.8703E+04  4.7992E+04  9.6800E-01  9.7058E-01
6.3096E-05  2.8040E+04  6.6401E+04  9.5517E-01  9.5738E-01
1.0000E-04  4.1942E+04  9.5489E+04  9.3497E-01  9.3664E-01
1.5849E-04  5.8969E+04  1.2869E+05  9.1147E-01  9.1280E-01
2.5119E-04  8.3140E+04  1.7480E+05  8.7850E-01  8.7956E-01
3.9811E-04  1.1370E+05  2.3192E+05  8.3716E-01  8.3793E-01
6.3096E-04  1.4444E+05  2.8452E+05  7.9749E-01  7.9815E-01
1.0000E-03  1.9236E+05  3.6793E+05  7.3463E-01  7.3510E-01
1.5849E-03  2.2818E+05  4.2397E+05  6.9052E-01  6.9091E-01
2.5119E-03  2.7351E+05  4.9297E+05  6.3507E-01  6.3539E-01
3.9811E-03  3.3685E+05  5.9143E+05  5.5647E-01  5.5670E-01
6.3096E-03  3.7464E+05  6.3996E+05  5.2168E-01  5.2189E-01
1.0000E-02  4.2891E+05  7.1694E+05  4.6655E-01  4.6673E-01
1.5849E-02  4.9114E+05  8.1108E+05  4.0261E-01  4.0275E-01
2.5119E-02  5.3866E+05  8.6790E+05  3.7670E-01  3.7684E-01
3.9811E-02  6.0039E+05  9.5781E+05  3.3565E-01  3.3578E-01
6.3096E-02  6.5876E+05  1.0391E+06  3.0905E-01  3.0919E-01
1.0000E-01  7.1188E+05  1.1100E+06  2.9971E-01  2.9988E-01
1.5849E-01  7.5232E+05  1.1699E+06  3.0423E-01  3.0446E-01
2.5119E-01  7.5238E+05  1.1568E+06  3.4423E-01  3.4456E-01
3.9811E-01  6.8927E+05  1.0349E+06  4.6300E-01  4.6368E-01
6.3096E-01  5.4366E+05  7.0709E+05  6.6012E-01  6.6218E-01
1.0000E+00  3.5312E+05  4.2280E+05  8.4770E-01  8.5290E-01
1.5849E+00  2.2253E+05  2.5079E+05  9.4832E-01  9.5806E-01
2.5119E+00  1.4539E+05  1.5831E+05  9.9908E-01  1.0214E+00
3.9811E+00  1.0493E+05  1.1067E+05  1.0227E+00  1.0766E+00
6.3096E+00  7.8532E+04  8.1090E+04  1.0495E+00  1.1627E+00
1.0000E+01  5.6404E+04  5.7375E+04  1.0764E+00  1.2503E+00
1.5849E+01  3.9103E+04  3.9592E+04  1.0952E+00  1.3147E+00
2.5119E+01  2.6393E+04  2.6595E+04  1.1123E+00  1.3715E+00
3.9811E+01  2.0009E+04  2.0129E+04  1.1232E+00  1.4086E+00
6.3096E+01  1.4682E+04  1.4742E+04  1.1322E+00  1.4401E+00
1.0000E+02  9.9738E+03  1.0004E+04  1.1378E+00  1.4595E+00
1.5849E+02  6.6416E+03  6.6548E+03  1.1421E+00  1.4725E+00
2.5119E+02  4.4260E+03  4.4313E+03  1.1461E+00  1.4851E+00
3.9811E+02  3.1442E+03  3.1468E+03  1.1462E+00  1.4858E+00
6.3096E+02  1.9933E+03  1.9944E+03  1.1463E+00  1.4878E+00
1.0000E+03  1.4897E+03  1.4904E+03  1.1465E+00  1.4896E+00
1.5849E+03  1.4897E+03  1.4904E+03  1.1465E+00  1.4896E+00
2.5119E+03  1.4897E+03  1.4904E+03  1.1465E+00  1.4896E+00
3.9811E+03  1.4897E+03  1.4904E+03  1.1465E+00  1.4896E+00
6.3096E+03  1.4897E+03  1.4904E+03  1.1465E+00  1.4896E+00
1.0000E+04  1.4897E+03  1.4904E+03  1.1465E+00  1.4896E+00
Rosseland and Planck opacities and free electrons
Density     Ross opa    Planck opa  No. Free    Av Sq Free  T=  5.0000E-03
1.0000E-10  4.5839E-01  1.5659E+02  1.1427E+00  1.4402E+00
1.5849E-10  4.8821E-01  1.6850E+02  1.1426E+00  1.4395E+00
2.5119E-10  5.2828E-01  1.8391E+02  1.1425E+00  1.4386E+00
3.9811E-10  5.8423E-01  2.0035E+02  1.1424E+00  1.4379E+00
6.3096E-10  6.6354E-01  2.2141E+02  1.1423E+00  1.4372E+00
1.0000E-09  7.7790E-01  2.4867E+02  1.1421E+00  1.4364E+00
1.5849E-09  9.4476E-01  2.8403E+02  1.1420E+00  1.4356E+00
2.5119E-09  1.1922E+00  3.3286E+02  1.1418E+00  1.4345E+00
3.9811E-09  1.5666E+00  3.9129E+02  1.1415E+00  1.4333E+00
6.3096E-09  2.1318E+00  4.7710E+02  1.1411E+00  1.4315E+00
1.0000E-08  3.0160E+00  5.6489E+02  1.1406E+00  1.4296E+00
1.5849E-08  4.3580E+00  7.0404E+02  1.1399E+00  1.4266E+00
2.5119E-08  6.5578E+00  8.4781E+02  1.1388E+00  1.4231E+00
3.9811E-08  9.8980E+00  1.0735E+03  1.1372E+00  1.4177E+00
6.3096E-08  1.5467E+01  1.3601E+03  1.1349E+00  1.4105E+00
1.0000E-07  2.4089E+01  1.7922E+03  1.1314E+00  1.3996E+00
1.5849E-07  3.8477E+01  2.3689E+03  1.1267E+00  1.3850E+00
2.5119E-07  6.1258E+01  3.1978E+03  1.1197E+00  1.3639E+00
3.9811E-07  9.8399E+01  4.3268E+03  1.1106E+00  1.3363E+00
6.3096E-07  1.5822E+02  5.7854E+03  1.0996E+00  1.3033E+00
1.0000E-06  2.5157E+02  7.8239E+03  1.0843E+00  1.2575E+00
1.5849E-06  4.0095E+02  9.5493E+03  1.0722E+00  1.2216E+00
2.5119E-06  6.2973E+02  1.2284E+04  1.0531E+00  1.1646E+00
3.9811E-06  9.9005E+02  1.4049E+04  1.0432E+00  1.1359E+00
6.3096E-06  1.5416E+03  1.6662E+04  1.0289E+00  1.0949E+00
1.0000E-05  2.3941E+03  1.9115E+04  1.0193E+00  1.0685E+00
1.5849E-05  3.7015E+03  2.2158E+04  1.0105E+00  1.0461E+00
2.5119E-05  5.6892E+03  2.5999E+04  1.0020E+00  1.0260E+00
3.9811E-05  8.6692E+03  3.0864E+04  9.9502E-01  1.0133E+00
6.3096E-05  1.3120E+04  3.8130E+04  9.8583E-01  9.9766E-01
1.0000E-04  1.9492E+04  4.8303E+04  9.7676E-01  9.8625E-01
1.5849E-04  2.9064E+04  6.3992E+04  9.6280E-01  9.6887E-01
2.5119E-04  4.0752E+04  8.1595E+04  9.4791E-01  9.5300E-01
3.9811E-04  5.8883E+04  1.0950E+05  9.2430E-01  9.2784E-01
6.3096E-04  7.8566E+04  1.3829E+05  8.9986E-01  9.0264E-01
1.0000E-03  1.0634E+05  1.7895E+05  8.6534E-01  8.6746E-01
1.5849E-03  1.3869E+05  2.2737E+05  8.2452E-01  8.2603E-01
2.5119E-03  1.7098E+05  2.7691E+05  7.8341E-01  7.8466E-01
3.9811E-03  2.1960E+05  3.5550E+05  7.1825E-01  7.1910E-01
6.3096E-03  2.5056E+05  4.0836E+05  6.7779E-01  6.7852E-01
1.0000E-02  2.9158E+05  4.8303E+05  6.2163E-01  6.2223E-01
1.5849E-02  3.4082E+05  5.7900E+05  5.5133E-01  5.5177E-01
2.5119E-02  3.6950E+05  6.3580E+05  5.1867E-01  5.1907E-01
3.9811E-02  4.1019E+05  7.2564E+05  4.6691E-01  4.6726E-01
6.3096E-02  4.4270E+05  8.0182E+05  4.3257E-01  4.3290E-01
1.0000E-01  4.6770E+05  8.6396E+05  4.1755E-01  4.1790E-01
1.5849E-01  4.8853E+05  9.1649E+05  4.1663E-01  4.1704E-01
2.5119E-01  4.9198E+05  9.0603E+05  4.5702E-01  4.5758E-01
3.9811E-01  4.6811E+05  7.9073E+05  5.5891E-01  5.6001E-01
6.3096E-01  3.9831E+05  5.7728E+05  7.1916E-01  7.2169E-01
1.0000E+00  2.8647E+05  3.7320E+05  8.6561E-01  8.7196E-01
1.5849E+00  1.8293E+05  2.1844E+05  9.6917E-01  9.8168E-01
2.5119E+00  1.3124E+05  1.4852E+05  1.0018E+00  1.0287E+00
3.9811E+00  9.8202E+04  1.0659E+05  1.0277E+00  1.0934E+00
6.3096E+00  7.4616E+04  7.8443E+04  1.0541E+00  1.1771E+00
1.0000E+01  5.4283E+04  5.5767E+04  1.0806E+00  1.2636E+00
1.5849E+01  3.8333E+04  3.8977E+04  1.1011E+00  1.3332E+00
2.5119E+01  2.6074E+04  2.6397E+04  1.1136E+00  1.3753E+00
3.9811E+01  1.7842E+04  1.7974E+04  1.1270E+00  1.4208E+00
6.3096E+01  1.3949E+04  1.4034E+04  1.1329E+00  1.4419E+00
1.0000E+02  1.0171E+04  1.0214E+04  1.1400E+00  1.4654E+00
1.5849E+02  6.8386E+03  6.8594E+03  1.1461E+00  1.4846E+00
2.5119E+02  4.5219E+03  4.5310E+03  1.1461E+00  1.4849E+00
3.9811E+02  2.9968E+03  3.0005E+03  1.1462E+00  1.4857E+00
6.3096E+02  2.0884E+03  2.0902E+03  1.1463E+00  1.4877E+00
1.0000E+03  1.3341E+03  1.3349E+03  1.1468E+00  1.4927E+00
1.5849E+03  1.1441E+03  1.1446E+03  1.1470E+00  1.4952E+00
2.5119E+03  1.1441E+03  1.1446E+03  1.1470E+00  1.4952E+00
3.9811E+03  1.1441E+03  1.1446E+03  1.1470E+00  1.4952E+00
6.3096E+03  1.1441E+03  1.1446E+03  1.1470E+00  1.4952E+00
1.0000E+04  1.1441E+03  1.1446E+03  1.1470E+00  1.4952E+00
Rosseland and Planck opacities and free electrons
Density     Ross opa    Planck opa  No. Free    Av Sq Free  T=  6.0000E-03
1.0000E-10  4.3489E-01  2.7561E+02  1.1435E+00  1.4481E+00
1.5849E-10  4.5567E-01  2.8874E+02  1.1435E+00  1.4473E+00
2.5119E-10  4.8115E-01  2.8909E+02  1.1434E+00  1.4466E+00
3.9811E-10  5.1466E-01  2.8907E+02  1.1433E+00  1.4456E+00
6.3096E-10  5.6210E-01  2.8030E+02  1.1432E+00  1.4448E+00
1.0000E-09  6.2745E-01  2.6640E+02  1.1430E+00  1.4435E+00
1.5849E-09  7.2197E-01  2.5605E+02  1.1429E+00  1.4426E+00
2.5119E-09  8.5622E-01  2.4120E+02  1.1428E+00  1.4413E+00
3.9811E-09  1.0521E+00  2.3491E+02  1.1426E+00  1.4403E+00
6.3096E-09  1.3364E+00  2.3283E+02  1.1425E+00  1.4392E+00
1.0000E-08  1.7615E+00  2.3882E+02  1.1423E+00  1.4381E+00
1.5849E-08  2.3960E+00  2.5748E+02  1.1421E+00  1.4370E+00
2.5119E-08  3.3691E+00  2.8927E+02  1.1419E+00  1.4357E+00
3.9811E-08  4.8770E+00  3.4409E+02  1.1416E+00  1.4343E+00
6.3096E-08  7.2197E+00  4.2944E+02  1.1411E+00  1.4323E+00
1.0000E-07  1.1019E+01  5.5761E+02  1.1405E+00  1.4300E+00
1.5849E-07  1.6836E+01  7.5940E+02  1.1395E+00  1.4265E+00
2.5119E-07  2.6762E+01  1.0387E+03  1.1382E+00  1.4222E+00
3.9811E-07  4.1838E+01  1.4814E+03  1.1362E+00  1.4155E+00
6.3096E-07  6.7819E+01  2.1113E+03  1.1334E+00  1.4069E+00
1.0000E-06  1.0777E+02  3.0954E+03  1.1291E+00  1.3936E+00
1.5849E-06  1.7498E+02  4.3859E+03  1.1235E+00  1.3767E+00
2.5119E-06  2.8018E+02  6.2677E+03  1.1153E+00  1.3522E+00
3.9811E-06  4.5008E+02  8.7167E+03  1.1051E+00  1.3219E+00
6.3096E-06  7.2001E+02  1.1832E+04  1.0929E+00  1.2861E+00
1.0000E-05  1.1387E+03  1.6070E+04  1.0768E+00  1.2387E+00
1.5849E-05  1.7959E+03  1.9926E+04  1.0640E+00  1.2021E+00
2.5119E-05  2.8091E+03  2.6036E+04  1.0437E+00  1.1443E+00
3.9811E-05  4.3110E+03  2.9948E+04  1.0336E+00  1.1180E+00
6.3096E-05  6.6173E+03  3.6088E+04  1.0179E+00  1.0771E+00
1.0000E-04  9.8527E+03  4.2053E+04  1.0065E+00  1.0514E+00
1.5849E-04  1.4694E+04  4.9980E+04  9.9396E-01  1.0264E+00
2.5119E-04  2.1310E+04  5.9884E+04  9.8038E-01  1.0026E+00
3.9811E-04  3.0558E+04  7.2560E+04  9.6605E-01  9.8304E-01
6.3096E-04  4.3348E+04  8.9935E+04  9.4667E-01  9.5761E-01
1.0000E-03  5.8416E+04  1.0852E+05  9.2700E-01  9.3584E-01
1.5849E-03  8.0955E+04  1.3798E+05  8.9582E-01  9.0134E-01
2.5119E-03  1.0138E+05  1.6852E+05  8.6818E-01  8.7282E-01
3.9811E-03  1.3109E+05  2.1645E+05  8.2500E-01  8.2837E-01
6.3096E-03  1.5899E+05  2.6643E+05  7.8118E-01  7.8363E-01
1.0000E-02  1.8604E+05  3.2090E+05  7.3514E-01  7.3714E-01
1.5849E-02  2.2425E+05  4.0586E+05  6.6336E-01  6.6469E-01
2.5119E-02  2.4244E+05  4.5229E+05  6.3165E-01  6.3284E-01
3.9811E-02  2.6849E+05  5.2552E+05  5.8138E-01  5.8235E-01
6.3096E-02  2.9148E+05  5.9725E+05  5.3903E-01  5.3984E-01
1.0000E-01  3.0675E+05  6.4806E+05  5.2336E-01  5.2414E-01
1.5849E-01  3.2232E+05  6.9834E+05  5.1595E-01  5.1676E-01
2.5119E-01  3.2902E+05  6.9380E+05  5.5446E-01  5.5550E-01
3.9811E-01  3.2334E+05  6.1023E+05  6.3588E-01  6.3773E-01
6.3096E-01  2.9097E+05  4.7219E+05  7.6106E-01  7.6469E-01
1.0000E+00  2.2370E+05  3.1564E+05  8.9604E-01  9.0368E-01
1.5849E+00  1.6184E+05  2.0534E+05  9.6376E-01  9.7919E-01
2.5119E+00  1.1884E+05  1.3970E+05  1.0063E+00  1.0421E+00
3.9811E+00  9.0437E+04  1.0115E+05  1.0321E+00  1.1063E+00
6.3096E+00  7.0400E+04  7.5785E+04  1.0592E+00  1.1934E+00
1.0000E+01  5.2759E+04  5.5134E+04  1.0837E+00  1.2734E+00
1.5849E+01  3.6730E+04  3.7612E+04  1.1036E+00  1.3403E+00
2.5119E+01  2.5663E+04  2.6093E+04  1.1183E+00  1.3898E+00
3.9811E+01  1.7234E+04  1.7424E+04  1.1266E+00  1.4192E+00
6.3096E+01  1.2576E+04  1.2659E+04  1.1343E+00  1.4461E+00
1.0000E+02  9.8489E+03  9.9061E+03  1.1394E+00  1.4642E+00
1.5849E+02  6.9565E+03  6.9860E+03  1.1441E+00  1.4785E+00
2.5119E+02  4.6099E+03  4.6231E+03  1.1461E+00  1.4851E+00
3.9811E+02  3.0782E+03  3.0840E+03  1.1462E+00  1.4860E+00
6.3096E+02  2.0573E+03  2.0597E+03  1.1463E+00  1.4880E+00
1.0000E+03  1.3652E+03  1.3663E+03  1.1466E+00  1.4914E+00
1.5849E+03  8.9340E+02  8.9388E+02  1.1471E+00  1.4969E+00
2.5119E+03  8.9340E+02  8.9388E+02  1.1471E+00  1.4969E+00
3.9811E+03  8.9340E+02  8.9388E+02  1.1471E+00  1.4969E+00
6.3096E+03  8.9340E+02  8.9388E+02  1.1471E+00  1.4969E+00
1.0000E+04  8.9340E+02  8.9388E+02  1.1471E+00  1.4969E+00
Rosseland and Planck opacities and free electrons
Density     Ross opa    Planck opa  No. Free    Av Sq Free  T=  7.0000E-03
1.0000E-10  4.3127E-01  3.4554E+02  1.1443E+00  1.4562E+00
1.5849E-10  4.4769E-01  4.0750E+02  1.1442E+00  1.4548E+00
2.5119E-10  4.6810E-01  4.5328E+02  1.1441E+00  1.4536E+00
3.9811E-10  4.9394E-01  5.0360E+02  1.1439E+00  1.4522E+00
6.3096E-10  5.2785E-01  5.4122E+02  1.1438E+00  1.4510E+00
1.0000E-09  5.7356E-01  5.6174E+02  1.1437E+00  1.4500E+00
1.5849E-09  6.3540E-01  5.7716E+02  1.1436E+00  1.4488E+00
2.5119E-09  7.2195E-01  5.6966E+02  1.1435E+00  1.4480E+00
3.9811E-09  8.4286E-01  5.5675E+02  1.1434E+00  1.4468E+00
6.3096E-09  1.0182E+00  5.3190E+02  1.1433E+00  1.4460E+00
1.0000E-08  1.2690E+00  4.9412E+02  1.1431E+00  1.4447E+00
1.5849E-08  1.6474E+00  4.6605E+02  1.1430E+00  1.4437E+00
2.5119E-08  2.2016E+00  4.2156E+02  1.1428E+00  1.4421E+00
3.9811E-08  3.0644E+00  4.0658E+02  1.1426E+00  1.4410E+00
6.3096E-08  4.3513E+00  3.9165E+02  1.1424E+00  1.4395E+00
1.0000E-07  6.3987E+00  4.0988E+02  1.1421E+00  1.4381E+00
1.5849E-07  9.5116E+00  4.5971E+02  1.1418E+00  1.4364E+00
2.5119E-07  1.4576E+01  5.5406E+02  1.1413E+00  1.4345E+00
3.9811E-07  2.2505E+01  7.1991E+02  1.1407E+00  1.4322E+00
6.3096E-07  3.5416E+01  9.8769E+02  1.1398E+00  1.4289E+00
1.0000E-06  5.6407E+01  1.4227E+03  1.1386E+00  1.4248E+00
1.5849E-06  8.9587E+01  2.0948E+03  1.1367E+00  1.4185E+00
2.5119E-06  1.4524E+02  3.0661E+03  1.1341E+00  1.4105E+00
3.9811E-06  2.2990E+02  4.6031E+03  1.1300E+00  1.3978E+00
6.3096E-06  3.7480E+02  6.5044E+03  1.1249E+00  1.3829E+00
1.0000E-05  5.9420E+02  9.5177E+03  1.1169E+00  1.3591E+00
1.5849E-05  9.5546E+02  1.2814E+04  1.1080E+00  1.3333E+00
2.5119E-05  1.5134E+03  1.7588E+04  1.0950E+00  1.2959E+00
3.9811E-05  2.3863E+03  2.2823E+04  1.0812E+00  1.2570E+00
6.3096E-05  3.7325E+03  2.8992E+04  1.0658E+00  1.2140E+00
1.0000E-04  5.7420E+03  3.6647E+04  1.0473E+00  1.1637E+00
1.5849E-04  8.6565E+03  4.3423E+04  1.0332E+00  1.1288E+00
2.5119E-04  1.3041E+04  5.3575E+04  1.0123E+00  1.0777E+00
3.9811E-04  1.8665E+04  6.1447E+04  9.9995E-01  1.0540E+00
6.3096E-04  2.7169E+04  7.3923E+04  9.8036E-01  1.0166E+00
1.0000E-03  3.7104E+04  8.4785E+04  9.6444E-01  9.9247E-01
1.5849E-03  5.1013E+04  9.9755E+04  9.4303E-01  9.6317E-01
2.5119E-03  6.6760E+04  1.1986E+05  9.1842E-01  9.3253E-01
3.9811E-03  8.5258E+04  1.4814E+05  8.8868E-01  8.9965E-01
6.3096E-03  1.0785E+05  1.8739E+05  8.4774E-01  8.5481E-01
1.0000E-02  1.2530E+05  2.2314E+05  8.1254E-01  8.1846E-01
1.5849E-02  1.4936E+05  2.7966E+05  7.5674E-01  7.6085E-01
2.5119E-02  1.6581E+05  3.2548E+05  7.1673E-01  7.1991E-01
3.9811E-02  1.8234E+05  3.7909E+05  6.7394E-01  6.7651E-01
6.3096E-02  1.9971E+05  4.4356E+05  6.2626E-01  6.2815E-01
1.0000E-01  2.0974E+05  4.8275E+05  6.1312E-01  6.1486E-01
1.5849E-01  2.2181E+05  5.3049E+05  6.0022E-01  6.0181E-01
2.5119E-01  2.2827E+05  5.3079E+05  6.3548E-01  6.3738E-01
3.9811E-01  2.2959E+05  4.7588E+05  6.9952E-01  7.0229E-01
6.3096E-01  2.1630E+05  3.8797E+05  8.0047E-01  8.0534E-01
1.0000E+00  1.7979E+05  2.7570E+05  9.0792E-01  9.1740E-01
1.5849E+00  1.3903E+05  1.8656E+05  9.7220E-01  9.9189E-01
2.5119E+00  1.0433E+05  1.2807E+05  1.0132E+00  1.0530E+00
3.9811E+00  8.4544E+04  9.7621E+04  1.0356E+00  1.1194E+00
6.3096E+00  6.5873E+04  7.2332E+04  1.0602E+00  1.1966E+00
1.0000E+01  4.9922E+04  5.2944E+04  1.0854E+00  1.2793E+00
1.5849E+01  3.5384E+04  3.6536E+04  1.1063E+00  1.3485E+00
2.5119E+01  2.4888E+04  2.5417E+04  1.1205E+00  1.3961E+00
3.9811E+01  1.6980E+04  1.7239E+04  1.1282E+00  1.4231E+00
6.3096E+01  1.1493E+04  1.1599E+04  1.1362E+00  1.4529E+00
1.0000E+02  9.2078E+03  9.2622E+03  1.1420E+00  1.4714E+00
1.5849E+02  6.9014E+03  6.9391E+03  1.1461E+00  1.4846E+00
2.5119E+02  4.6855E+03  4.7037E+03  1.1461E+00  1.4849E+00
3.9811E+02  3.1024E+03  3.1103E+03  1.1461E+00  1.4857E+00
6.3096E+02  2.0634E+03  2.0667E+03  1.1463E+00  1.4875E+00
1.0000E+03  1.4102E+03  1.4117E+03  1.1466E+00  1.4910E+00
1.5849E+03  9.1687E+02  9.1752E+02  1.1470E+00  1.4959E+00
2.5119E+03  7.4294E+02  7.4337E+02  1.1473E+00  1.4992E+00
3.9811E+03  7.4294E+02  7.4337E+02  1.1473E+00  1.4992E+00
6.3096E+03  7.4294E+02  7.4337E+02  1.1473E+00  1.4992E+00
1.0000E+04  7.4294E+02  7.4337E+02  1.1473E+00  1.4992E+00
Rosseland and Planck opacities and free electrons
Density     Ross opa    Planck opa  No. Free    Av Sq Free  T=  8.0000E-03
1.0000E-10  4.4270E-01  7.7302E+01  1.1447E+00  1.4609E+00
1.5849E-10  4.5410E-01  7.8090E+01  1.1447E+00  1.4604E+00
2.5119E-10  4.6805E-01  7.9087E+01  1.1446E+00  1.4597E+00
3.9811E-10  4.9016E-01  7.9964E+01  1.1446E+00  1.4590E+00
6.3096E-10  5.1747E-01  8.1243E+01  1.1445E+00  1.4580E+00
1.0000E-09  5.5319E-01  8.2421E+01  1.1444E+00  1.4571E+00
1.5849E-09  5.9917E-01  8.4287E+01  1.1442E+00  1.4556E+00
2.5119E-09  6.6471E-01  8.6598E+01  1.1441E+00  1.4546E+00
3.9811E-09  7.5316E-01  9.0234E+01  1.1440E+00  1.4529E+00
6.3096E-09  8.7882E-01  9.5691E+01  1.1439E+00  1.4518E+00
1.0000E-08  1.0560E+00  1.0424E+02  1.1437E+00  1.4504E+00
1.5849E-08  1.3130E+00  1.1672E+02  1.1436E+00  1.4492E+00
2.5119E-08  1.6870E+00  1.3569E+02  1.1435E+00  1.4480E+00
3.9811E-08  2.2429E+00  1.6211E+02  1.1433E+00  1.4467E+00
6.3096E-08  3.0769E+00  1.9843E+02  1.1432E+00  1.4456E+00
1.0000E-07  4.3522E+00  2.5029E+02  1.1430E+00  1.4441E+00
1.5849E-07  6.3503E+00  3.1407E+02  1.1428E+00  1.4428E+00
2.5119E-07  9.4070E+00  4.1126E+02  1.1424E+00  1.4408E+00
3.9811E-07  1.4402E+01  5.2494E+02  1.1421E+00  1.4393E+00
6.3096E-07  2.1929E+01  7.0512E+02  1.1417E+00  1.4370E+00
1.0000E-06  3.4918E+01  9.4767E+02  1.1411E+00  1.4349E+00
1.5849E-06  5.4507E+01  1.3284E+03  1.1403E+00  1.4318E+00
2.5119E-06  8.8264E+01  1.8503E+03  1.1392E+00  1.4281E+00
3.9811E-06  1.4020E+02  2.6455E+03  1.1375E+00  1.4227E+00
6.3096E-06  2.2728E+02  3.7172E+03  1.1352E+00  1.4156E+00
1.0000E-05  3.6386E+02  5.2462E+03  1.1318E+00  1.4054E+00
1.5849E-05  5.8356E+02  7.3472E+03  1.1271E+00  1.3913E+00
2.5119E-05  9.3418E+02  1.0060E+04  1.1206E+00  1.3728E+00
3.9811E-05  1.4803E+03  1.4031E+04  1.1113E+00  1.3460E+00
6.3096E-05  2.3530E+03  1.8596E+04  1.1011E+00  1.3175E+00
1.0000E-04  3.6877E+03  2.5831E+04  1.0849E+00  1.2722E+00
1.5849E-04  5.6595E+03  3.2096E+04  1.0721E+00  1.2385E+00
2.5119E-04  8.6526E+03  4.1803E+04  1.0523E+00  1.1866E+00
3.9811E-04  1.2683E+04  5.0527E+04  1.0359E+00  1.1463E+00
6.3096E-04  1.8468E+04  6.1027E+04  1.0171E+00  1.1034E+00
1.0000E-03  2.6049E+04  7.2216E+04  9.9693E-01  1.0602E+00
1.5849E-03  3.5510E+04  8.1742E+04  9.7909E-01  1.0292E+00
2.5119E-03  4.7962E+04  9.5927E+04  9.5396E-01  9.8694E-01
3.9811E-03  6.0198E+04  1.1341E+05  9.3153E-01  9.5866E-01
6.3096E-03  7.6859E+04  1.4106E+05  8.9597E-01  9.1383E-01
1.0000E-02  8.9581E+04  1.6613E+05  8.6590E-01  8.8010E-01
1.5849E-02  1.0486E+05  2.0210E+05  8.2335E-01  8.3389E-01
2.5119E-02  1.1874E+05  2.4166E+05  7.7972E-01  7.8705E-01
3.9811E-02  1.2926E+05  2.7874E+05  7.4557E-01  7.5156E-01
6.3096E-02  1.4237E+05  3.3297E+05  6.9591E-01  6.9996E-01
1.0000E-01  1.4900E+05  3.6146E+05  6.8656E-01  6.9020E-01
1.5849E-01  1.5806E+05  4.0312E+05  6.7174E-01  6.7474E-01
2.5119E-01  1.6321E+05  4.0602E+05  7.0183E-01  7.0516E-01
3.9811E-01  1.6691E+05  3.7362E+05  7.5316E-01  7.5738E-01
6.3096E-01  1.6297E+05  3.1810E+05  8.3823E-01  8.4478E-01
1.0000E+00  1.4333E+05  2.3594E+05  9.2907E-01  9.4097E-01
1.5849E+00  1.1677E+05  1.6522E+05  9.8553E-01  1.0084E+00
2.5119E+00  9.5153E+04  1.2262E+05  1.0135E+00  1.0614E+00
3.9811E+00  7.7884E+04  9.3166E+04  1.0383E+00  1.1271E+00
6.3096E+00  6.1714E+04  6.9730E+04  1.0634E+00  1.2068E+00
1.0000E+01  4.7678E+04  5.1621E+04  1.0886E+00  1.2888E+00
1.5849E+01  3.4766E+04  3.6432E+04  1.1077E+00  1.3529E+00
2.5119E+01  2.3873E+04  2.4499E+04  1.1218E+00  1.3999E+00
3.9811E+01  1.6634E+04  1.6955E+04  1.1305E+00  1.4299E+00
6.3096E+01  1.1206E+04  1.1345E+04  1.1357E+00  1.4497E+00
1.0000E+02  8.3118E+03  8.3721E+03  1.1410E+00  1.4683E+00
1.5849E+02  6.7507E+03  6.7969E+03  1.1461E+00  1.4846E+00
2.5119E+02  4.7198E+03  4.7432E+03  1.1461E+00  1.4849E+00
3.9811E+02  3.1420E+03  3.1524E+03  1.1462E+00  1.4859E+00
6.3096E+02  2.0966E+03  2.1011E+03  1.1463E+00  1.4879E+00
1.0000E+03  1.3868E+03  1.3886E+03  1.1468E+00  1.4926E+00
1.5849E+03  9.2773E+02  9.2858E+02  1.1471E+00  1.4970E+00
2.5119E+03  6.2323E+02  6.2362E+02  1.1475E+00  1.5022E+00
3.9811E+03  6.2323E+02  6.2362E+02  1.1475E+00  1.5022E+00
6.3096E+03  6.2323E+02  6.2362E+02  1.1475E+00  1.5022E+00
1.0000E+04  6.2323E+02  6.2362E+02  1.1475E+00  1.5022E+00
Rosseland and Planck opacities and free electrons
Density     Ross opa    Planck opa  No. Free    Av Sq Free  T=  9.0000E-03
1.0000E-10  4.8905E-01  4.4029E+01  1.1449E+00  1.4630E+00
1.5849E-10  5.0018E-01  4.2685E+01  1.1449E+00  1.4627E+00
2.5119E-10  5.1013E-01  4.0556E+01  1.1448E+00  1.4622E+00
3.9811E-10  5.2904E-01  3.9817E+01  1.1448E+00  1.4619E+00
6.3096E-10  5.5185E-01  3.8893E+01  1.1448E+00  1.4614E+00
1.0000E-09  5.8135E-01  3.9348E+01  1.1447E+00  1.4609E+00
1.5849E-09  6.1988E-01  4.0835E+01  1.1447E+00  1.4603E+00
2.5119E-09  6.7203E-01  4.3327E+01  1.1446E+00  1.4596E+00
3.9811E-09  7.4440E-01  4.7396E+01  1.1445E+00  1.4587E+00
6.3096E-09  8.4371E-01  5.2699E+01  1.1444E+00  1.4577E+00
1.0000E-08  9.8642E-01  5.9069E+01  1.1443E+00  1.4565E+00
1.5849E-08  1.1862E+00  6.7942E+01  1.1442E+00  1.4550E+00
2.5119E-08  1.4801E+00  7.7190E+01  1.1440E+00  1.4538E+00
3.9811E-08  1.9014E+00  9.1361E+01  1.1439E+00  1.4519E+00
6.3096E-08  2.5419E+00  1.0573E+02  1.1437E+00  1.4508E+00
1.0000E-07  3.4797E+00  1.2851E+02  1.1435E+00  1.4491E+00
1.5849E-07  4.9502E+00  1.5465E+02  1.1434E+00  1.4479E+00
2.5119E-07  7.1385E+00  1.9469E+02  1.1432E+00  1.4463E+00
3.9811E-07  1.0658E+01  2.4483E+02  1.1429E+00  1.4448E+00
6.3096E-07  1.6007E+01  3.1801E+02  1.1426E+00  1.4431E+00
1.0000E-06  2.4791E+01  4.1625E+02  1.1422E+00  1.4411E+00
1.5849E-06  3.8491E+01  5.5400E+02  1.1418E+00  1.4389E+00
2.5119E-06  6.0789E+01  7.5384E+02  1.1411E+00  1.4361E+00
3.9811E-06  9.6657E+01  1.0325E+03  1.1402E+00  1.4331E+00
6.3096E-06  1.5350E+02  1.4703E+03  1.1389E+00  1.4286E+00
1.0000E-05  2.4793E+02  2.1448E+03  1.1372E+00  1.4234E+00
1.5849E-05  3.9128E+02  3.2117E+03  1.1346E+00  1.4152E+00
2.5119E-05  6.3736E+02  4.7931E+03  1.1312E+00  1.4056E+00
3.9811E-05  1.0069E+03  7.2995E+03  1.1260E+00  1.3903E+00
6.3096E-05  1.6187E+03  1.0477E+04  1.1196E+00  1.3724E+00
1.0000E-04  2.5481E+03  1.5314E+04  1.1100E+00  1.3458E+00
1.5849E-04  3.9665E+03  2.0966E+04  1.0990E+00  1.3158E+00
2.5119E-04  6.0914E+03  2.8402E+04  1.0846E+00  1.2776E+00
3.9811E-04  9.0972E+03  3.6879E+04  1.0674E+00  1.2326E+00
6.3096E-04  1.3151E+04  4.3712E+04  1.0511E+00  1.1924E+00
1.0000E-03  1.9021E+04  5.3792E+04  1.0278E+00  1.1355E+00
1.5849E-03  2.5829E+04  6.3378E+04  1.0117E+00  1.1028E+00
2.5119E-03  3.5468E+04  7.8565E+04  9.8630E-01  1.0510E+00
3.9811E-03  4.4457E+04  9.1731E+04  9.6534E-01  1.0177E+00
6.3096E-03  5.5749E+04  1.1032E+05  9.3615E-01  9.7482E-01
1.0000E-02  6.6466E+04  1.3081E+05  9.0518E-01  9.3307E-01
1.5849E-02  7.6467E+04  1.5402E+05  8.7188E-01  8.9386E-01
2.5119E-02  8.7835E+04  1.8605E+05  8.2708E-01  8.4142E-01
3.9811E-02  9.4647E+04  2.1104E+05  8.0057E-01  8.1257E-01
6.3096E-02  1.0371E+05  2.4997E+05  7.5856E-01  7.6684E-01
1.0000E-01  1.0907E+05  2.7464E+05  7.4567E-01  7.5255E-01
1.5849E-01  1.1523E+05  3.0390E+05  7.3666E-01  7.4226E-01
2.5119E-01  1.1973E+05  3.1131E+05  7.5618E-01  7.6171E-01
3.9811E-01  1.2397E+05  2.9635E+05  7.9857E-01  8.0481E-01
6.3096E-01  1.2319E+05  2.5921E+05  8.6522E-01  8.7427E-01
1.0000E+00  1.1476E+05  2.0502E+05  9.3505E-01  9.5011E-01
1.5849E+00  9.9658E+04  1.5100E+05  9.8900E-01  1.0160E+00
2.5119E+00  8.5316E+04  1.1642E+05  1.0165E+00  1.0705E+00
3.9811E+00  7.0871E+04  8.8353E+04  1.0416E+00  1.1369E+00
6.3096E+00  5.8018E+04  6.7937E+04  1.0678E+00  1.2206E+00
1.0000E+01  4.5182E+04  4.9856E+04  1.0893E+00  1.2917E+00
1.5849E+01  3.3621E+04  3.5697E+04  1.1093E+00  1.3576E+00
2.5119E+01  2.3103E+04  2.3902E+04  1.1234E+00  1.4045E+00
3.9811E+01  1.6322E+04  1.6722E+04  1.1320E+00  1.4341E+00
6.3096E+01  1.1037E+04  1.1215E+04  1.1363E+00  1.4504E+00
1.0000E+02  7.6867E+03  7.7595E+03  1.1410E+00  1.4689E+00
1.5849E+02  6.2311E+03  6.2685E+03  1.1446E+00  1.4799E+00
2.5119E+02  4.7113E+03  4.7398E+03  1.1461E+00  1.4849E+00
3.9811E+02  3.1748E+03  3.1880E+03  1.1462E+00  1.4858E+00
6.3096E+02  2.1197E+03  2.1254E+03  1.1463E+00  1.4880E+00
1.0000E+03  1.4032E+03  1.4056E+03  1.1467E+00  1.4922E+00
1.5849E+03  9.3500E+02  9.3605E+02  1.1472E+00  1.4978E+00
2.5119E+03  6.1602E+02  6.1649E+02  1.1476E+00  1.5035E+00
3.9811E+03  5.4221E+02  5.4258E+02  1.1478E+00  1.5057E+00
6.3096E+03  5.4221E+02  5.4258E+02  1.1478E+00  1.5057E+00
1.0000E+04  5.4221E+02  5.4258E+02  1.1478E+00  1.5057E+00
Rosseland and Planck opacities and free electrons
Density     Ross opa    Planck opa  No. Free    Av Sq Free  T=  1.0000E-02
1.0000E-10  5.6732E-01  3.8503E+01  1.1451E+00  1.4652E+00
1.5849E-10  5.7790E-01  3.6614E+01  1.1450E+00  1.4649E+00
2.5119E-10  5.8977E-01  3.5125E+01  1.1450E+00  1.4644E+00
3.9811E-10  6.0439E-01  3.4894E+01  1.1450E+00  1.4640E+00
6.3096E-10  6.2568E-01  3.6408E+01  1.1449E+00  1.4635E+00
1.0000E-09  6.5023E-01  3.9267E+01  1.1449E+00  1.4630E+00
1.5849E-09  6.8568E-01  4.4611E+01  1.1449E+00  1.4626E+00
2.5119E-09  7.2875E-01  5.2617E+01  1.1448E+00  1.4621E+00
3.9811E-09  7.9422E-01  6.3492E+01  1.1448E+00  1.4616E+00
6.3096E-09  8.7749E-01  8.0161E+01  1.1447E+00  1.4609E+00
1.0000E-08  1.0020E+00  9.7343E+01  1.1447E+00  1.4604E+00
1.5849E-08  1.1670E+00  1.2458E+02  1.1446E+00  1.4594E+00
2.5119E-08  1.4107E+00  1.4791E+02  1.1445E+00  1.4586E+00
3.9811E-08  1.7484E+00  1.8216E+02  1.1444E+00  1.4573E+00
6.3096E-08  2.2534E+00  2.1215E+02  1.1442E+00  1.4560E+00
1.0000E-07  2.9890E+00  2.4833E+02  1.1441E+00  1.4545E+00
1.5849E-07  4.1126E+00  2.8317E+02  1.1439E+00  1.4529E+00
2.5119E-07  5.8205E+00  3.1583E+02  1.1437E+00  1.4513E+00
3.9811E-07  8.4609E+00  3.5525E+02  1.1435E+00  1.4495E+00
6.3096E-07  1.2577E+01  3.9276E+02  1.1433E+00  1.4480E+00
1.0000E-06  1.8956E+01  4.4833E+02  1.1429E+00  1.4460E+00
1.5849E-06  2.9346E+01  5.1816E+02  1.1426E+00  1.4443E+00
2.5119E-06  4.5110E+01  6.2811E+02  1.1421E+00  1.4417E+00
3.9811E-06  7.2178E+01  7.7999E+02  1.1416E+00  1.4395E+00
6.3096E-06  1.1265E+02  1.0207E+03  1.1407E+00  1.4361E+00
1.0000E-05  1.8232E+02  1.3919E+03  1.1397E+00  1.4326E+00
1.5849E-05  2.8749E+02  1.9782E+03  1.1381E+00  1.4274E+00
2.5119E-05  4.6491E+02  2.8731E+03  1.1360E+00  1.4211E+00
3.9811E-05  7.3629E+02  4.2719E+03  1.1329E+00  1.4121E+00
6.3096E-05  1.1761E+03  6.2757E+03  1.1287E+00  1.4002E+00
1.0000E-04  1.8559E+03  9.1860E+03  1.1229E+00  1.3840E+00
1.5849E-04  2.8910E+03  1.3301E+04  1.1148E+00  1.3617E+00
2.5119E-04  4.4374E+03  1.8385E+04  1.1050E+00  1.3357E+00
3.9811E-04  6.7267E+03  2.5989E+04  1.0903E+00  1.2965E+00
6.3096E-04  9.6547E+03  3.1639E+04  1.0774E+00  1.2637E+00
1.0000E-03  1.4023E+04  4.0593E+04  1.0570E+00  1.2117E+00
1.5849E-03  1.9109E+04  4.9363E+04  1.0403E+00  1.1735E+00
2.5119E-03  2.5964E+04  6.1911E+04  1.0177E+00  1.1237E+00
3.9811E-03  3.3277E+04  7.4808E+04  9.9432E-01  1.0774E+00
6.3096E-03  4.1054E+04  8.8450E+04  9.6918E-01  1.0356E+00
1.0000E-02  5.0078E+04  1.0642E+05  9.3637E-01  9.8281E-01
1.5849E-02  5.6784E+04  1.2203E+05  9.0947E-01  9.4779E-01
2.5119E-02  6.5714E+04  1.4661E+05  8.6683E-01  8.9227E-01
3.9811E-02  7.0754E+04  1.6479E+05  8.4352E-01  8.6442E-01
6.3096E-02  7.6949E+04  1.9100E+05  8.1114E-01  8.2649E-01
1.0000E-01  8.1679E+04  2.1300E+05  7.9320E-01  8.0491E-01
1.5849E-01  8.5942E+04  2.3316E+05  7.8868E-01  7.9831E-01
2.5119E-01  8.9790E+04  2.4243E+05  8.0070E-01  8.0934E-01
3.9811E-01  9.3467E+04  2.3618E+05  8.3638E-01  8.4546E-01
6.3096E-01  9.4541E+04  2.1321E+05  8.8779E-01  9.0000E-01
1.0000E+00  9.2101E+04  1.7803E+05  9.4591E-01  9.6465E-01
1.5849E+00  8.4644E+04  1.3853E+05  9.9356E-01  1.0254E+00
2.5119E+00  7.5062E+04  1.0902E+05  1.0210E+00  1.0792E+00
3.9811E+00  6.4127E+04  8.3837E+04  1.0456E+00  1.1491E+00
6.3096E+00  5.4040E+04  6.5415E+04  1.0680E+00  1.2212E+00
1.0000E+01  4.2585E+04  4.8103E+04  1.0902E+00  1.2942E+00
1.5849E+01  3.2312E+04  3.4947E+04  1.1102E+00  1.3605E+00
2.5119E+01  2.2617E+04  2.3685E+04  1.1243E+00  1.4071E+00
3.9811E+01  1.5726E+04  1.6159E+04  1.1330E+00  1.4371E+00
6.3096E+01  1.0893E+04  1.1110E+04  1.1383E+00  1.4565E+00
1.0000E+02  7.3916E+03  7.4799E+03  1.1448E+00  1.4787E+00
1.5849E+02  5.7313E+03  5.7716E+03  1.1460E+00  1.4836E+00
2.5119E+02  4.6374E+03  4.6709E+03  1.1461E+00  1.4850E+00
3.9811E+02  3.2181E+03  3.2347E+03  1.1462E+00  1.4860E+00
6.3096E+02  2.1267E+03  2.1337E+03  1.1463E+00  1.4880E+00
1.0000E+03  1.4151E+03  1.4181E+03  1.1466E+00  1.4914E+00
1.5849E+03  9.3375E+02  9.3503E+02  1.1472E+00  1.4973E+00
2.5119E+03  6.2491E+02  6.2548E+02  1.1481E+00  1.5115E+00
3.9811E+03  4.8232E+02  4.8266E+02  1.1490E+00  1.5245E+00
6.3096E+03  4.8232E+02  4.8266E+02  1.1490E+00  1.5245E+00
1.0000E+04  4.8232E+02  4.8266E+02  1.1490E+00  1.5245E+00
Rosseland and Planck opacities and free electrons
Density     Ross opa    Planck opa  No. Free    Av Sq Free  T=  1.2500E-02
1.0000E-10  7.5047E-01  5.2444E+01  1.1454E+00  1.4708E+00
1.5849E-10  7.7873E-01  5.0888E+01  1.1454E+00  1.4702E+00
2.5119E-10  8.1524E-01  4.8584E+01  1.1454E+00  1.4698E+00
3.9811E-10  8.5118E-01  4.4933E+01  1.1453E+00  1.4692E+00
6.3096E-10  8.9329E-01  4.2436E+01  1.1453E+00  1.4688E+00
1.0000E-09  9.4026E-01  3.9143E+01  1.1453E+00  1.4681E+00
1.5849E-09  9.9198E-01  3.7705E+01  1.1452E+00  1.4675E+00
2.5119E-09  1.0552E+00  3.7565E+01  1.1452E+00  1.4670E+00
3.9811E-09  1.1289E+00  3.9263E+01  1.1451E+00  1.4664E+00
6.3096E-09  1.2289E+00  4.4203E+01  1.1451E+00  1.4659E+00
1.0000E-08  1.3492E+00  5.1278E+01  1.1451E+00  1.4653E+00
1.5849E-08  1.5196E+00  6.0687E+01  1.1450E+00  1.4648E+00
2.5119E-08  1.7286E+00  7.3842E+01  1.1450E+00  1.4641E+00
3.9811E-08  2.0348E+00  8.4147E+01  1.1449E+00  1.4636E+00
6.3096E-08  2.4176E+00  1.0045E+02  1.1448E+00  1.4628E+00
1.0000E-07  3.0042E+00  1.0950E+02  1.1448E+00  1.4622E+00
1.5849E-07  3.7853E+00  1.2384E+02  1.1447E+00  1.4614E+00
2.5119E-07  4.9621E+00  1.3619E+02  1.1446E+00  1.4606E+00
3.9811E-07  6.6420E+00  1.5312E+02  1.1445E+00  1.4594E+00
6.3096E-07  9.2040E+00  1.7416E+02  1.1443E+00  1.4582E+00
1.0000E-06  1.3037E+01  2.0376E+02  1.1441E+00  1.4567E+00
1.5849E-06  1.9020E+01  2.4277E+02  1.1439E+00  1.4550E+00
2.5119E-06  2.8327E+01  2.9410E+02  1.1436E+00  1.4531E+00
3.9811E-06  4.2900E+01  3.6563E+02  1.1432E+00  1.4508E+00
6.3096E-06  6.6190E+01  4.5187E+02  1.1428E+00  1.4487E+00
1.0000E-05  1.0206E+02  5.8498E+02  1.1422E+00  1.4457E+00
1.5849E-05  1.6053E+02  7.6823E+02  1.1416E+00  1.4430E+00
2.5119E-05  2.4783E+02  1.0587E+03  1.1405E+00  1.4389E+00
3.9811E-05  3.9290E+02  1.4884E+03  1.1393E+00  1.4350E+00
6.3096E-05  6.0596E+02  2.1682E+03  1.1374E+00  1.4290E+00
1.0000E-04  9.4339E+02  3.1223E+03  1.1351E+00  1.4222E+00
1.5849E-04  1.4299E+03  4.5930E+03  1.1316E+00  1.4122E+00
2.5119E-04  2.1365E+03  6.6005E+03  1.1270E+00  1.3998E+00
3.9811E-04  3.1274E+03  9.5136E+03  1.1207E+00  1.3829E+00
6.3096E-04  4.4917E+03  1.3284E+04  1.1124E+00  1.3608E+00
1.0000E-03  6.2873E+03  1.7680E+04  1.1023E+00  1.3346E+00
1.5849E-03  8.7750E+03  2.4078E+04  1.0878E+00  1.2974E+00
2.5119E-03  1.1478E+04  3.1009E+04  1.0732E+00  1.2632E+00
3.9811E-03  1.5525E+04  4.1989E+04  1.0500E+00  1.2089E+00
6.3096E-03  1.8792E+04  5.0004E+04  1.0311E+00  1.1708E+00
1.0000E-02  2.3392E+04  6.1812E+04  1.0029E+00  1.1150E+00
1.5849E-02  2.7427E+04  7.2239E+04  9.7712E-01  1.0680E+00
2.5119E-02  3.1434E+04  8.2969E+04  9.4964E-01  1.0226E+00
3.9811E-02  3.5832E+04  9.5667E+04  9.1902E-01  9.7246E-01
6.3096E-02  3.8700E+04  1.0566E+05  9.0163E-01  9.4545E-01
1.0000E-01  4.2481E+04  1.1963E+05  8.7834E-01  9.0884E-01
1.5849E-01  4.4432E+04  1.2720E+05  8.7922E-01  9.0550E-01
2.5119E-01  4.7094E+04  1.3598E+05  8.8229E-01  9.0279E-01
3.9811E-01  4.9011E+04  1.3536E+05  9.0411E-01  9.2474E-01
6.3096E-01  5.1284E+04  1.3339E+05  9.3475E-01  9.5741E-01
1.0000E+00  5.3381E+04  1.2329E+05  9.7497E-01  1.0047E+00
1.5849E+00  5.4123E+04  1.0826E+05  1.0047E+00  1.0494E+00
2.5119E+00  5.2897E+04  9.2196E+04  1.0296E+00  1.1011E+00
3.9811E+00  4.9329E+04  7.5316E+04  1.0498E+00  1.1618E+00
6.3096E+00  4.3788E+04  5.8758E+04  1.0725E+00  1.2354E+00
1.0000E+01  3.7108E+04  4.5265E+04  1.0965E+00  1.3145E+00
1.5849E+01  2.8868E+04  3.2614E+04  1.1128E+00  1.3680E+00
2.5119E+01  2.1425E+04  2.3158E+04  1.1265E+00  1.4135E+00
3.9811E+01  1.4587E+04  1.5273E+04  1.1347E+00  1.4415E+00
6.3096E+01  1.0464E+04  1.0797E+04  1.1392E+00  1.4583E+00
1.0000E+02  7.0604E+03  7.2045E+03  1.1423E+00  1.4690E+00
1.5849E+02  4.8880E+03  4.9451E+03  1.1459E+00  1.4814E+00
2.5119E+02  3.9103E+03  3.9373E+03  1.1460E+00  1.4826E+00
3.9811E+02  3.1765E+03  3.2006E+03  1.1461E+00  1.4844E+00
6.3096E+02  2.1695E+03  2.1808E+03  1.1463E+00  1.4874E+00
1.0000E+03  1.4451E+03  1.4499E+03  1.1468E+00  1.4929E+00
1.5849E+03  9.5766E+02  9.5967E+02  1.1472E+00  1.4977E+00
2.5119E+03  6.3930E+02  6.4020E+02  1.1476E+00  1.5044E+00
3.9811E+03  4.1884E+02  4.1922E+02  1.1487E+00  1.5209E+00
6.3096E+03  3.6266E+02  3.6295E+02  1.1491E+00  1.5289E+00
1.0000E+04  3.6266E+02  3.6295E+02  1.1491E+00  1.5289E+00
Rosseland and Planck opacities and free electrons
Density     Ross opa    Planck opa  No. Free    Av Sq Free  T=  1.5000E-02
1.0000E-10  6.5077E-01  3.9259E+01  1.1457E+00  1.4749E+00
1.5849E-10  6.9168E-01  4.2377E+01  1.1457E+00  1.4744E+00
2.5119E-10  7.3662E-01  4.5776E+01  1.1456E+00  1.4738E+00
3.9811E-10  7.8877E-01  4.8680E+01  1.1456E+00  1.4734E+00
6.3096E-10  8.4814E-01  5.2198E+01  1.1456E+00  1.4729E+00
1.0000E-09  9.1938E-01  5.4024E+01  1.1455E+00  1.4725E+00
1.5849E-09  1.0025E+00  5.6623E+01  1.1455E+00  1.4719E+00
2.5119E-09  1.0994E+00  5.7217E+01  1.1455E+00  1.4715E+00
3.9811E-09  1.2147E+00  5.8158E+01  1.1454E+00  1.4709E+00
6.3096E-09  1.3509E+00  5.8188E+01  1.1454E+00  1.4704E+00
1.0000E-08  1.5204E+00  5.8085E+01  1.1454E+00  1.4698E+00
1.5849E-08  1.7281E+00  5.7489E+01  1.1453E+00  1.4692E+00
2.5119E-08  1.9973E+00  5.6366E+01  1.1453E+00  1.4685E+00
3.9811E-08  2.3410E+00  5.5533E+01  1.1452E+00  1.4678E+00
6.3096E-08  2.8016E+00  5.5070E+01  1.1452E+00  1.4672E+00
1.0000E-07  3.4035E+00  5.5400E+01  1.1451E+00  1.4664E+00
1.5849E-07  4.2282E+00  5.7857E+01  1.1451E+00  1.4658E+00
2.5119E-07  5.3136E+00  6.1877E+01  1.1450E+00  1.4649E+00
3.9811E-07  6.8277E+00  6.8753E+01  1.1449E+00  1.4643E+00
6.3096E-07  8.8326E+00  7.9453E+01  1.1448E+00  1.4633E+00
1.0000E-06  1.1784E+01  9.2824E+01  1.1447E+00  1.4626E+00
1.5849E-06  1.5837E+01  1.1402E+02  1.1446E+00  1.4614E+00
2.5119E-06  2.2119E+01  1.4099E+02  1.1444E+00  1.4603E+00
3.9811E-06  3.1239E+01  1.8277E+02  1.1442E+00  1.4588E+00
6.3096E-06  4.5637E+01  2.3804E+02  1.1439E+00  1.4572E+00
1.0000E-05  6.7324E+01  3.2034E+02  1.1435E+00  1.4550E+00
1.5849E-05  1.0134E+02  4.2957E+02  1.1431E+00  1.4526E+00
2.5119E-05  1.5316E+02  5.8074E+02  1.1424E+00  1.4499E+00
3.9811E-05  2.3252E+02  7.9251E+02  1.1416E+00  1.4464E+00
6.3096E-05  3.5069E+02  1.0696E+03  1.1406E+00  1.4427E+00
1.0000E-04  5.2435E+02  1.4894E+03  1.1391E+00  1.4374E+00
1.5849E-04  7.6955E+02  2.0561E+03  1.1373E+00  1.4319E+00
2.5119E-04  1.1152E+03  2.9511E+03  1.1344E+00  1.4233E+00
3.9811E-04  1.5535E+03  4.1421E+03  1.1313E+00  1.4145E+00
6.3096E-04  2.1587E+03  6.0298E+03  1.1263E+00  1.4007E+00
1.0000E-03  2.8936E+03  8.2195E+03  1.1205E+00  1.3855E+00
1.5849E-03  3.9078E+03  1.1481E+04  1.1120E+00  1.3631E+00
2.5119E-03  5.1047E+03  1.5552E+04  1.1014E+00  1.3373E+00
3.9811E-03  6.6829E+03  2.1174E+04  1.0871E+00  1.3036E+00
6.3096E-03  8.6190E+03  2.8054E+04  1.0690E+00  1.2625E+00
1.0000E-02  1.0649E+04  3.4955E+04  1.0497E+00  1.2217E+00
1.5849E-02  1.3544E+04  4.4889E+04  1.0218E+00  1.1632E+00
2.5119E-02  1.5609E+04  5.1657E+04  1.0032E+00  1.1270E+00
3.9811E-02  1.8825E+04  6.2339E+04  9.7382E-01  1.0696E+00
6.3096E-02  2.0908E+04  6.9840E+04  9.5925E-01  1.0396E+00
1.0000E-01  2.3508E+04  7.9636E+04  9.4303E-01  1.0051E+00
1.5849E-01  2.5573E+04  8.7667E+04  9.3680E-01  9.8657E-01
2.5119E-01  2.7566E+04  9.5139E+04  9.3899E-01  9.7976E-01
3.9811E-01  2.9453E+04  9.9335E+04  9.4900E-01  9.8562E-01
6.3096E-01  3.1543E+04  1.0196E+05  9.6910E-01  1.0057E+00
1.0000E+00  3.3558E+04  9.7980E+04  9.9081E-01  1.0348E+00
1.5849E+00  3.5596E+04  9.0576E+04  1.0154E+00  1.0737E+00
2.5119E+00  3.6919E+04  7.9725E+04  1.0366E+00  1.1204E+00
3.9811E+00  3.6702E+04  6.5980E+04  1.0555E+00  1.1765E+00
6.3096E+00  3.4824E+04  5.3224E+04  1.0773E+00  1.2484E+00
1.0000E+01  3.0914E+04  4.1305E+04  1.0965E+00  1.3116E+00
1.5849E+01  2.5545E+04  3.0746E+04  1.1150E+00  1.3726E+00
2.5119E+01  1.9773E+04  2.2128E+04  1.1286E+00  1.4182E+00
3.9811E+01  1.4138E+04  1.5202E+04  1.1358E+00  1.4437E+00
6.3096E+01  9.6908E+03  1.0119E+04  1.1401E+00  1.4603E+00
1.0000E+02  6.8860E+03  7.1048E+03  1.1426E+00  1.4699E+00
1.5849E+02  4.6148E+03  4.7008E+03  1.1447E+00  1.4775E+00
2.5119E+02  3.3836E+03  3.4182E+03  1.1460E+00  1.4829E+00
3.9811E+02  2.8037E+03  2.8215E+03  1.1461E+00  1.4847E+00
6.3096E+02  2.1889E+03  2.2049E+03  1.1463E+00  1.4874E+00
1.0000E+03  1.4670E+03  1.4741E+03  1.1466E+00  1.4912E+00
1.5849E+03  9.8010E+02  9.8310E+02  1.1471E+00  1.4970E+00
2.5119E+03  6.4810E+02  6.4934E+02  1.1476E+00  1.5037E+00
3.9811E+03  4.2880E+02  4.2936E+02  1.1483E+00  1.5147E+00
6.3096E+03  2.8553E+02  2.8578E+02  1.1492E+00  1.5312E+00
1.0000E+04  2.8553E+02  2.8578E+02  1.1492E+00  1.5312E+00
Rosseland and Planck opacities and free electrons
Density     Ross opa    Planck opa  No. Free    Av Sq Free  T=  2.0000E-02
1.0000E-10  3.9535E-01  1.1229E+01  1.1464E+00  1.4857E+00
1.5849E-10  4.1109E-01  1.3479E+01  1.1464E+00  1.4851E+00
2.5119E-10  4.2919E-01  1.6208E+01  1.1464E+00  1.4844E+00
3.9811E-10  4.5132E-01  1.9094E+01  1.1463E+00  1.4837E+00
6.3096E-10  4.7785E-01  2.1882E+01  1.1463E+00  1.4831E+00
1.0000E-09  5.0925E-01  2.5097E+01  1.1462E+00  1.4823E+00
1.5849E-09  5.4766E-01  2.7132E+01  1.1462E+00  1.4816E+00
2.5119E-09  5.9262E-01  2.9813E+01  1.1461E+00  1.4807E+00
3.9811E-09  6.5067E-01  3.0447E+01  1.1461E+00  1.4799E+00
6.3096E-09  7.2061E-01  3.1453E+01  1.1460E+00  1.4787E+00
1.0000E-08  8.0942E-01  3.1534E+01  1.1459E+00  1.4780E+00
1.5849E-08  9.2058E-01  3.1639E+01  1.1458E+00  1.4768E+00
2.5119E-08  1.0650E+00  3.2480E+01  1.1458E+00  1.4761E+00
3.9811E-08  1.2563E+00  3.4001E+01  1.1457E+00  1.4752E+00
6.3096E-08  1.5120E+00  3.6322E+01  1.1457E+00  1.4744E+00
1.0000E-07  1.8636E+00  3.9936E+01  1.1456E+00  1.4737E+00
1.5849E-07  2.3454E+00  4.4271E+01  1.1455E+00  1.4729E+00
2.5119E-07  3.0076E+00  4.9185E+01  1.1455E+00  1.4723E+00
3.9811E-07  3.9234E+00  5.5533E+01  1.1454E+00  1.4714E+00
6.3096E-07  5.1530E+00  6.1377E+01  1.1454E+00  1.4707E+00
1.0000E-06  6.8719E+00  6.9868E+01  1.1453E+00  1.4697E+00
1.5849E-06  9.1958E+00  7.6771E+01  1.1452E+00  1.4690E+00
2.5119E-06  1.2455E+01  8.7710E+01  1.1451E+00  1.4679E+00
3.9811E-06  1.7026E+01  9.7551E+01  1.1450E+00  1.4670E+00
6.3096E-06  2.3481E+01  1.1274E+02  1.1448E+00  1.4658E+00
1.0000E-05  3.2808E+01  1.3110E+02  1.1446E+00  1.4647E+00
1.5849E-05  4.6154E+01  1.5826E+02  1.1444E+00  1.4632E+00
2.5119E-05  6.5575E+01  1.9631E+02  1.1441E+00  1.4616E+00
3.9811E-05  9.3670E+01  2.5265E+02  1.1437E+00  1.4597E+00
6.3096E-05  1.3400E+02  3.3487E+02  1.1432E+00  1.4573E+00
1.0000E-04  1.9099E+02  4.5390E+02  1.1425E+00  1.4546E+00
1.5849E-04  2.7038E+02  6.3081E+02  1.1415E+00  1.4507E+00
2.5119E-04  3.7342E+02  8.7009E+02  1.1403E+00  1.4467E+00
3.9811E-04  5.1478E+02  1.2392E+03  1.1385E+00  1.4405E+00
6.3096E-04  6.7335E+02  1.6924E+03  1.1366E+00  1.4346E+00
1.0000E-03  8.8971E+02  2.4105E+03  1.1337E+00  1.4252E+00
1.5849E-03  1.1168E+03  3.3659E+03  1.1300E+00  1.4155E+00
2.5119E-03  1.4314E+03  4.8566E+03  1.1245E+00  1.4007E+00
3.9811E-03  1.7877E+03  6.6862E+03  1.1175E+00  1.3838E+00
6.3096E-03  2.2761E+03  9.3190E+03  1.1074E+00  1.3601E+00
1.0000E-02  2.8741E+03  1.2524E+04  1.0953E+00  1.3324E+00
1.5849E-02  3.6202E+03  1.6412E+04  1.0810E+00  1.3006E+00
2.5119E-02  4.6141E+03  2.1563E+04  1.0628E+00  1.2596E+00
3.9811E-02  5.5876E+03  2.6377E+04  1.0493E+00  1.2267E+00
6.3096E-02  7.0681E+03  3.3683E+04  1.0288E+00  1.1767E+00
1.0000E-01  8.0688E+03  3.8875E+04  1.0210E+00  1.1516E+00
1.5849E-01  9.6431E+03  4.6959E+04  1.0087E+00  1.1119E+00
2.5119E-01  1.0665E+04  5.2005E+04  1.0065E+00  1.0971E+00
3.9811E-01  1.2043E+04  5.8785E+04  1.0056E+00  1.0809E+00
6.3096E-01  1.3182E+04  6.1814E+04  1.0113E+00  1.0839E+00
1.0000E+00  1.4701E+04  6.4533E+04  1.0214E+00  1.0945E+00
1.5849E+00  1.6254E+04  6.2610E+04  1.0334E+00  1.1194E+00
2.5119E+00  1.8097E+04  5.8748E+04  1.0482E+00  1.1553E+00
3.9811E+00  1.9902E+04  5.0891E+04  1.0650E+00  1.2052E+00
6.3096E+00  2.1036E+04  4.2741E+04  1.0833E+00  1.2650E+00
1.0000E+01  2.1181E+04  3.4926E+04  1.1043E+00  1.3340E+00
1.5849E+01  1.9222E+04  2.6943E+04  1.1183E+00  1.3807E+00
2.5119E+01  1.6050E+04  1.9857E+04  1.1304E+00  1.4217E+00
3.9811E+01  1.2460E+04  1.4158E+04  1.1378E+00  1.4480E+00
6.3096E+01  8.9597E+03  9.7856E+03  1.1414E+00  1.4629E+00
1.0000E+02  6.2498E+03  6.5918E+03  1.1450E+00  1.4760E+00
1.5849E+02  4.4395E+03  4.6042E+03  1.1458E+00  1.4796E+00
2.5119E+02  2.9647E+03  3.0279E+03  1.1459E+00  1.4817E+00
3.9811E+02  2.1879E+03  2.2130E+03  1.1461E+00  1.4841E+00
6.3096E+02  1.8192E+03  1.8318E+03  1.1463E+00  1.4875E+00
1.0000E+03  1.4998E+03  1.5124E+03  1.1469E+00  1.4934E+00
1.5849E+03  1.0039E+03  1.0094E+03  1.1472E+00  1.4982E+00
2.5119E+03  6.7026E+02  6.7258E+02  1.1477E+00  1.5046E+00
3.9811E+03  4.4648E+02  4.4745E+02  1.1488E+00  1.5232E+00
6.3096E+03  2.8413E+02  2.8455E+02  1.1493E+00  1.5322E+00
1.0000E+04  1.9731E+02  1.9751E+02  1.1495E+00  1.5382E+00
Rosseland and Planck opacities and free electrons
Density     Ross opa    Planck opa  No. Free    Av Sq Free  T=  2.5000E-02
1.0000E-10  3.3229E-01  2.4460E+00  1.1471E+00  1.4951E+00
1.5849E-10  3.3505E-01  3.0319E+00  1.1470E+00  1.4945E+00
2.5119E-10  3.3966E-01  3.3649E+00  1.1470E+00  1.4941E+00
3.9811E-10  3.4463E-01  3.8530E+00  1.1470E+00  1.4933E+00
6.3096E-10  3.5201E-01  4.1419E+00  1.1469E+00  1.4926E+00
1.0000E-09  3.6055E-01  4.4263E+00  1.1469E+00  1.4916E+00
1.5849E-09  3.7257E-01  4.7047E+00  1.1468E+00  1.4906E+00
2.5119E-09  3.8723E-01  5.0051E+00  1.1467E+00  1.4896E+00
3.9811E-09  4.0654E-01  5.4458E+00  1.1466E+00  1.4884E+00
6.3096E-09  4.3108E-01  6.0866E+00  1.1466E+00  1.4874E+00
1.0000E-08  4.6179E-01  7.0020E+00  1.1465E+00  1.4862E+00
1.5849E-08  5.0429E-01  8.0976E+00  1.1464E+00  1.4855E+00
2.5119E-08  5.5550E-01  9.7456E+00  1.1464E+00  1.4844E+00
3.9811E-08  6.2611E-01  1.1235E+01  1.1463E+00  1.4837E+00
6.3096E-08  7.1173E-01  1.3596E+01  1.1463E+00  1.4826E+00
1.0000E-07  8.3418E-01  1.5549E+01  1.1462E+00  1.4819E+00
1.5849E-07  9.9300E-01  1.8448E+01  1.1461E+00  1.4808E+00
2.5119E-07  1.2212E+00  2.1063E+01  1.1460E+00  1.4798E+00
3.9811E-07  1.5406E+00  2.4367E+01  1.1460E+00  1.4787E+00
6.3096E-07  2.0081E+00  2.7680E+01  1.1459E+00  1.4775E+00
1.0000E-06  2.6927E+00  3.1145E+01  1.1458E+00  1.4764E+00
1.5849E-06  3.7047E+00  3.5316E+01  1.1457E+00  1.4752E+00
2.5119E-06  5.1874E+00  3.9465E+01  1.1456E+00  1.4743E+00
3.9811E-06  7.3673E+00  4.5347E+01  1.1454E+00  1.4730E+00
6.3096E-06  1.0470E+01  5.1760E+01  1.1453E+00  1.4721E+00
1.0000E-05  1.4978E+01  6.1701E+01  1.1452E+00  1.4707E+00
1.5849E-05  2.1289E+01  7.2974E+01  1.1450E+00  1.4697E+00
2.5119E-05  3.0352E+01  9.0841E+01  1.1448E+00  1.4681E+00
3.9811E-05  4.3002E+01  1.1317E+02  1.1446E+00  1.4668E+00
6.3096E-05  6.0901E+01  1.4761E+02  1.1442E+00  1.4650E+00
1.0000E-04  8.5305E+01  1.9403E+02  1.1438E+00  1.4630E+00
1.5849E-04  1.1906E+02  2.6351E+02  1.1432E+00  1.4606E+00
2.5119E-04  1.6323E+02  3.6038E+02  1.1425E+00  1.4576E+00
3.9811E-04  2.2080E+02  4.9969E+02  1.1415E+00  1.4541E+00
6.3096E-04  2.9322E+02  6.9986E+02  1.1403E+00  1.4495E+00
1.0000E-03  3.7709E+02  9.7189E+02  1.1387E+00  1.4443E+00
1.5849E-03  4.8333E+02  1.3844E+03  1.1364E+00  1.4367E+00
2.5119E-03  5.9340E+02  1.9368E+03  1.1333E+00  1.4284E+00
3.9811E-03  7.4811E+02  2.8111E+03  1.1285E+00  1.4152E+00
6.3096E-03  9.0388E+02  3.8112E+03  1.1231E+00  1.4025E+00
1.0000E-02  1.1378E+03  5.3945E+03  1.1146E+00  1.3823E+00
1.5849E-02  1.3984E+03  7.1600E+03  1.1064E+00  1.3629E+00
2.5119E-02  1.7727E+03  9.7231E+03  1.0951E+00  1.3361E+00
3.9811E-02  2.2078E+03  1.2679E+04  1.0844E+00  1.3085E+00
6.3096E-02  2.7631E+03  1.6407E+04  1.0738E+00  1.2777E+00
1.0000E-01  3.4280E+03  2.0918E+04  1.0624E+00  1.2427E+00
1.5849E-01  4.0761E+03  2.5449E+04  1.0545E+00  1.2139E+00
2.5119E-01  4.9147E+03  3.1158E+04  1.0452E+00  1.1787E+00
3.9811E-01  5.5541E+03  3.5176E+04  1.0422E+00  1.1632E+00
6.3096E-01  6.4314E+03  4.0201E+04  1.0393E+00  1.1455E+00
1.0000E+00  7.2366E+03  4.2313E+04  1.0430E+00  1.1497E+00
1.5849E+00  8.3216E+03  4.3905E+04  1.0493E+00  1.1614E+00
2.5119E+00  9.6538E+03  4.3033E+04  1.0600E+00  1.1898E+00
3.9811E+00  1.1189E+04  3.8940E+04  1.0733E+00  1.2309E+00
6.3096E+00  1.2827E+04  3.4275E+04  1.0904E+00  1.2863E+00
1.0000E+01  1.3891E+04  2.8947E+04  1.1067E+00  1.3401E+00
1.5849E+01  1.4133E+04  2.3531E+04  1.1232E+00  1.3949E+00
2.5119E+01  1.2863E+04  1.7946E+04  1.1329E+00  1.4287E+00
3.9811E+01  1.0485E+04  1.2912E+04  1.1387E+00  1.4502E+00
6.3096E+01  8.1185E+03  9.2895E+03  1.1423E+00  1.4652E+00
1.0000E+02  5.7862E+03  6.3528E+03  1.1452E+00  1.4766E+00
1.5849E+02  4.1339E+03  4.3664E+03  1.1458E+00  1.4800E+00
2.5119E+02  2.8668E+03  2.9717E+03  1.1460E+00  1.4823E+00
3.9811E+02  1.9449E+03  1.9853E+03  1.1461E+00  1.4843E+00
6.3096E+02  1.4918E+03  1.5083E+03  1.1463E+00  1.4872E+00
1.0000E+03  1.2551E+03  1.2636E+03  1.1467E+00  1.4914E+00
1.5849E+03  1.0305E+03  1.0394E+03  1.1472E+00  1.4975E+00
2.5119E+03  6.8838E+02  6.9211E+02  1.1481E+00  1.5116E+00
3.9811E+03  4.5845E+02  4.6001E+02  1.1491E+00  1.5260E+00
6.3096E+03  3.0365E+02  3.0430E+02  1.1492E+00  1.5316E+00
1.0000E+04  1.9570E+02  1.9599E+02  1.1494E+00  1.5358E+00
Rosseland and Planck opacities and free electrons
Density     Ross opa    Planck opa  No. Free    Av Sq Free  T=  3.0000E-02
1.0000E-10  3.2427E-01  4.1199E-01  1.1476E+00  1.5029E+00
1.5849E-10  3.2501E-01  4.6267E-01  1.1475E+00  1.5015E+00
2.5119E-10  3.2589E-01  5.3018E-01  1.1474E+00  1.5000E+00
3.9811E-10  3.2724E-01  6.0799E-01  1.1473E+00  1.4991E+00
6.3096E-10  3.2875E-01  7.1877E-01  1.1473E+00  1.4978E+00
1.0000E-09  3.3125E-01  8.2422E-01  1.1472E+00  1.4973E+00
1.5849E-09  3.3383E-01  9.9021E-01  1.1472E+00  1.4964E+00
2.5119E-09  3.3847E-01  1.1423E+00  1.1471E+00  1.4960E+00
3.9811E-09  3.4341E-01  1.3834E+00  1.1471E+00  1.4953E+00
6.3096E-09  3.5149E-01  1.6332E+00  1.1471E+00  1.4948E+00
1.0000E-08  3.6093E-01  1.9979E+00  1.1470E+00  1.4941E+00
1.5849E-08  3.7590E-01  2.4039E+00  1.1470E+00  1.4934E+00
2.5119E-08  3.9522E-01  2.9409E+00  1.1469E+00  1.4924E+00
3.9811E-08  4.2294E-01  3.6142E+00  1.1468E+00  1.4914E+00
6.3096E-08  4.5951E-01  4.4556E+00  1.1468E+00  1.4903E+00
1.0000E-07  5.0921E-01  5.6176E+00  1.1467E+00  1.4890E+00
1.5849E-07  5.7984E-01  7.0119E+00  1.1466E+00  1.4879E+00
2.5119E-07  6.7261E-01  9.0560E+00  1.1465E+00  1.4864E+00
3.9811E-07  8.1361E-01  1.1146E+01  1.1464E+00  1.4855E+00
6.3096E-07  1.0003E+00  1.4458E+01  1.1463E+00  1.4841E+00
1.0000E-06  1.2976E+00  1.7217E+01  1.1463E+00  1.4833E+00
1.5849E-06  1.7174E+00  2.1535E+01  1.1462E+00  1.4820E+00
2.5119E-06  2.3714E+00  2.5377E+01  1.1461E+00  1.4810E+00
3.9811E-06  3.3457E+00  3.0588E+01  1.1460E+00  1.4797E+00
6.3096E-06  4.8339E+00  3.5996E+01  1.1458E+00  1.4784E+00
1.0000E-05  7.0624E+00  4.2541E+01  1.1457E+00  1.4770E+00
1.5849E-05  1.0374E+01  5.0466E+01  1.1455E+00  1.4755E+00
2.5119E-05  1.5197E+01  5.9498E+01  1.1453E+00  1.4742E+00
3.9811E-05  2.2164E+01  7.2199E+01  1.1451E+00  1.4724E+00
6.3096E-05  3.1831E+01  8.7436E+01  1.1449E+00  1.4710E+00
1.0000E-04  4.5424E+01  1.1087E+02  1.1445E+00  1.4688E+00
1.5849E-04  6.3176E+01  1.4142E+02  1.1441E+00  1.4671E+00
2.5119E-04  8.7811E+01  1.8984E+02  1.1436E+00  1.4643E+00
3.9811E-04  1.1757E+02  2.5104E+02  1.1430E+00  1.4620E+00
6.3096E-04  1.5777E+02  3.4695E+02  1.1421E+00  1.4584E+00
1.0000E-03  2.0245E+02  4.7748E+02  1.1411E+00  1.4546E+00
1.5849E-03  2.5857E+02  6.7637E+02  1.1396E+00  1.4494E+00
2.5119E-03  3.1915E+02  9.4896E+02  1.1375E+00  1.4430E+00
3.9811E-03  3.9076E+02  1.3450E+03  1.1345E+00  1.4346E+00
6.3096E-03  4.7629E+02  1.8936E+03  1.1304E+00  1.4239E+00
1.0000E-02  5.7691E+02  2.6230E+03  1.1254E+00  1.4116E+00
1.5849E-02  7.1482E+02  3.6793E+03  1.1185E+00  1.3947E+00
2.5119E-02  8.7262E+02  4.9268E+03  1.1124E+00  1.3789E+00
3.9811E-02  1.1121E+03  6.8687E+03  1.1030E+00  1.3542E+00
6.3096E-02  1.3556E+03  8.8571E+03  1.0971E+00  1.3345E+00
1.0000E-01  1.7346E+03  1.1983E+04  1.0878E+00  1.3033E+00
1.5849E-01  2.0745E+03  1.4888E+04  1.0810E+00  1.2786E+00
2.5119E-01  2.5454E+03  1.8963E+04  1.0720E+00  1.2452E+00
3.9811E-01  2.9753E+03  2.2390E+04  1.0661E+00  1.2225E+00
6.3096E-01  3.4846E+03  2.6191E+04  1.0612E+00  1.2027E+00
1.0000E+00  4.0353E+03  2.8932E+04  1.0603E+00  1.1958E+00
1.5849E+00  4.7354E+03  3.1119E+04  1.0632E+00  1.2006E+00
2.5119E+00  5.5905E+03  3.1546E+04  1.0701E+00  1.2204E+00
3.9811E+00  6.7322E+03  3.0092E+04  1.0812E+00  1.2542E+00
6.3096E+00  8.1047E+03  2.7467E+04  1.0966E+00  1.3053E+00
1.0000E+01  9.4380E+03  2.4280E+04  1.1130E+00  1.3597E+00
1.5849E+01  1.0174E+04  2.0274E+04  1.1251E+00  1.4004E+00
2.5119E+01  9.9430E+03  1.5973E+04  1.1343E+00  1.4323E+00
3.9811E+01  8.8951E+03  1.2042E+04  1.1405E+00  1.4555E+00
6.3096E+01  7.0811E+03  8.4863E+03  1.1432E+00  1.4679E+00
1.0000E+02  5.3882E+03  6.1480E+03  1.1457E+00  1.4782E+00
1.5849E+02  3.8096E+03  4.1446E+03  1.1458E+00  1.4801E+00
2.5119E+02  2.8026E+03  2.9533E+03  1.1460E+00  1.4825E+00
3.9811E+02  1.8671E+03  1.9277E+03  1.1461E+00  1.4846E+00
6.3096E+02  1.3182E+03  1.3413E+03  1.1464E+00  1.4881E+00
1.0000E+03  1.0642E+03  1.0746E+03  1.1469E+00  1.4938E+00
1.5849E+03  9.0407E+02  9.0982E+02  1.1472E+00  1.4980E+00
2.5119E+03  6.9862E+02  7.0410E+02  1.1477E+00  1.5058E+00
3.9811E+03  4.6929E+02  4.7161E+02  1.1488E+00  1.5235E+00
6.3096E+03  3.0958E+02  3.1054E+02  1.1493E+00  1.5333E+00
1.0000E+04  2.0236E+02  2.0276E+02  1.1496E+00  1.5386E+00
Rosseland and Planck opacities and free electrons
Density     Ross opa    Planck opa  No. Free    Av Sq Free  T=  4.0000E-02
1.0000E-10  3.2096E-01  8.6306E-02  1.1489E+00  1.5209E+00
1.5849E-10  3.2122E-01  1.0045E-01  1.1488E+00  1.5200E+00
2.5119E-10  3.2158E-01  1.1930E-01  1.1487E+00  1.5189E+00
3.9811E-10  3.2203E-01  1.4270E-01  1.1486E+00  1.5175E+00
6.3096E-10  3.2266E-01  1.6856E-01  1.1485E+00  1.5161E+00
1.0000E-09  3.2333E-01  2.0305E-01  1.1484E+00  1.5144E+00
1.5849E-09  3.2422E-01  2.3306E-01  1.1484E+00  1.5133E+00
2.5119E-09  3.2515E-01  2.7883E-01  1.1482E+00  1.5116E+00
3.9811E-09  3.2649E-01  3.2461E-01  1.1482E+00  1.5108E+00
6.3096E-09  3.2793E-01  3.9716E-01  1.1481E+00  1.5095E+00
1.0000E-08  3.3018E-01  4.8078E-01  1.1480E+00  1.5086E+00
1.5849E-08  3.3278E-01  6.0924E-01  1.1480E+00  1.5073E+00
2.5119E-08  3.3690E-01  7.3918E-01  1.1479E+00  1.5061E+00
3.9811E-08  3.4198E-01  9.1169E-01  1.1478E+00  1.5046E+00
6.3096E-08  3.4918E-01  1.0941E+00  1.1476E+00  1.5030E+00
1.0000E-07  3.5842E-01  1.2941E+00  1.1475E+00  1.5014E+00
1.5849E-07  3.7157E-01  1.5600E+00  1.1474E+00  1.4997E+00
2.5119E-07  3.9053E-01  1.8805E+00  1.1473E+00  1.4985E+00
3.9811E-07  4.1666E-01  2.3555E+00  1.1472E+00  1.4970E+00
6.3096E-07  4.5840E-01  2.9586E+00  1.1471E+00  1.4961E+00
1.0000E-06  5.1404E-01  3.8988E+00  1.1470E+00  1.4947E+00
1.5849E-06  6.1339E-01  4.9849E+00  1.1470E+00  1.4938E+00
2.5119E-06  7.4908E-01  6.7062E+00  1.1469E+00  1.4924E+00
3.9811E-06  9.9574E-01  8.6019E+00  1.1468E+00  1.4913E+00
6.3096E-06  1.3567E+00  1.1458E+01  1.1466E+00  1.4897E+00
1.0000E-05  1.9867E+00  1.4646E+01  1.1465E+00  1.4883E+00
1.5849E-05  2.9615E+00  1.8989E+01  1.1464E+00  1.4867E+00
2.5119E-05  4.5360E+00  2.4121E+01  1.1462E+00  1.4850E+00
3.9811E-05  6.9761E+00  3.0305E+01  1.1461E+00  1.4835E+00
6.3096E-05  1.0640E+01  3.8473E+01  1.1459E+00  1.4816E+00
1.0000E-04  1.5978E+01  4.7734E+01  1.1456E+00  1.4800E+00
1.5849E-04  2.3639E+01  6.1400E+01  1.1453E+00  1.4778E+00
2.5119E-04  3.3577E+01  7.7463E+01  1.1450E+00  1.4759E+00
3.9811E-04  4.7525E+01  1.0281E+02  1.1445E+00  1.4731E+00
6.3096E-04  6.3331E+01  1.3278E+02  1.1441E+00  1.4709E+00
1.0000E-03  8.4780E+01  1.8023E+02  1.1434E+00  1.4674E+00
1.5849E-03  1.0748E+02  2.4174E+02  1.1426E+00  1.4642E+00
2.5119E-03  1.3652E+02  3.3593E+02  1.1414E+00  1.4595E+00
3.9811E-03  1.6660E+02  4.6212E+02  1.1397E+00  1.4544E+00
6.3096E-03  2.0225E+02  6.4755E+02  1.1374E+00  1.4477E+00
1.0000E-02  2.4259E+02  9.0220E+02  1.1346E+00  1.4397E+00
1.5849E-02  2.8991E+02  1.2539E+03  1.1313E+00  1.4308E+00
2.5119E-02  3.5204E+02  1.7563E+03  1.1272E+00  1.4191E+00
3.9811E-02  4.2502E+02  2.3949E+03  1.1238E+00  1.4078E+00
6.3096E-02  5.2937E+02  3.3553E+03  1.1188E+00  1.3909E+00
1.0000E-01  6.4135E+02  4.4659E+03  1.1148E+00  1.3750E+00
1.5849E-01  8.1106E+02  6.2013E+03  1.1083E+00  1.3499E+00
2.5119E-01  9.5933E+02  7.8066E+03  1.1030E+00  1.3306E+00
3.9811E-01  1.1775E+03  1.0239E+04  1.0948E+00  1.3013E+00
6.3096E-01  1.3775E+03  1.2172E+04  1.0903E+00  1.2852E+00
1.0000E+00  1.6462E+03  1.4606E+04  1.0855E+00  1.2683E+00
1.5849E+00  1.9477E+03  1.6284E+04  1.0856E+00  1.2675E+00
2.5119E+00  2.3702E+03  1.7980E+04  1.0885E+00  1.2758E+00
3.9811E+00  2.9152E+03  1.8118E+04  1.0957E+00  1.2993E+00
6.3096E+00  3.6653E+03  1.7941E+04  1.1063E+00  1.3344E+00
1.0000E+01  4.5946E+03  1.6964E+04  1.1198E+00  1.3799E+00
1.5849E+01  5.4765E+03  1.5196E+04  1.1307E+00  1.4173E+00
2.5119E+01  6.0256E+03  1.2713E+04  1.1374E+00  1.4421E+00
3.9811E+01  5.9360E+03  1.0008E+04  1.1415E+00  1.4587E+00
6.3096E+01  5.3624E+03  7.5272E+03  1.1442E+00  1.4707E+00
1.0000E+02  4.3697E+03  5.3837E+03  1.1457E+00  1.4783E+00
1.5849E+02  3.3636E+03  3.9311E+03  1.1459E+00  1.4804E+00
2.5119E+02  2.4231E+03  2.6712E+03  1.1460E+00  1.4825E+00
3.9811E+02  1.7956E+03  1.9057E+03  1.1461E+00  1.4846E+00
6.3096E+02  1.2004E+03  1.2446E+03  1.1463E+00  1.4876E+00
1.0000E+03  8.5279E+02  8.6946E+02  1.1467E+00  1.4916E+00
1.5849E+03  6.9061E+02  6.9826E+02  1.1471E+00  1.4962E+00
2.5119E+03  5.9223E+02  5.9632E+02  1.1482E+00  1.5122E+00
3.9811E+03  4.8190E+02  4.8616E+02  1.1491E+00  1.5263E+00
6.3096E+03  3.2281E+02  3.2461E+02  1.1492E+00  1.5316E+00
1.0000E+04  2.1191E+02  2.1265E+02  1.1494E+00  1.5365E+00
Rosseland and Planck opacities and free electrons
Density     Ross opa    Planck opa  No. Free    Av Sq Free  T=  5.0000E-02
1.0000E-10  3.2042E-01  1.0769E+00  1.1492E+00  1.5265E+00
1.5849E-10  3.2039E-01  9.4436E-01  1.1491E+00  1.5259E+00
2.5119E-10  3.2052E-01  8.2417E-01  1.1491E+00  1.5254E+00
3.9811E-10  3.2064E-01  6.5091E-01  1.1491E+00  1.5249E+00
6.3096E-10  3.2086E-01  5.1982E-01  1.1491E+00  1.5244E+00
1.0000E-09  3.2117E-01  3.9088E-01  1.1490E+00  1.5239E+00
1.5849E-09  3.2158E-01  2.8516E-01  1.1490E+00  1.5234E+00
2.5119E-09  3.2216E-01  2.3037E-01  1.1490E+00  1.5230E+00
3.9811E-09  3.2282E-01  1.7767E-01  1.1490E+00  1.5224E+00
6.3096E-09  3.2375E-01  1.7334E-01  1.1489E+00  1.5219E+00
1.0000E-08  3.2482E-01  1.7133E-01  1.1489E+00  1.5211E+00
1.5849E-08  3.2647E-01  1.9596E-01  1.1488E+00  1.5203E+00
2.5119E-08  3.2833E-01  2.3493E-01  1.1487E+00  1.5190E+00
3.9811E-08  3.3099E-01  2.8571E-01  1.1487E+00  1.5178E+00
6.3096E-08  3.3395E-01  3.6618E-01  1.1485E+00  1.5160E+00
1.0000E-07  3.3838E-01  4.6348E-01  1.1484E+00  1.5147E+00
1.5849E-07  3.4382E-01  6.1031E-01  1.1483E+00  1.5130E+00
2.5119E-07  3.5124E-01  7.9743E-01  1.1482E+00  1.5115E+00
3.9811E-07  3.6070E-01  1.0652E+00  1.1481E+00  1.5101E+00
6.3096E-07  3.7441E-01  1.4220E+00  1.1480E+00  1.5086E+00
1.0000E-06  3.9337E-01  1.8999E+00  1.1479E+00  1.5072E+00
1.5849E-06  4.2049E-01  2.5536E+00  1.1478E+00  1.5055E+00
2.5119E-06  4.6103E-01  3.3128E+00  1.1477E+00  1.5039E+00
3.9811E-06  5.1854E-01  4.4241E+00  1.1475E+00  1.5018E+00
6.3096E-06  6.1587E-01  5.5225E+00  1.1474E+00  1.5003E+00
1.0000E-05  7.5265E-01  7.2633E+00  1.1472E+00  1.4979E+00
1.5849E-05  1.0182E+00  8.9534E+00  1.1471E+00  1.4966E+00
2.5119E-05  1.4108E+00  1.1600E+01  1.1469E+00  1.4946E+00
3.9811E-05  2.1682E+00  1.4553E+01  1.1468E+00  1.4931E+00
6.3096E-05  3.3504E+00  1.8855E+01  1.1466E+00  1.4912E+00
1.0000E-04  5.3975E+00  2.4006E+01  1.1464E+00  1.4894E+00
1.5849E-04  8.6025E+00  3.0955E+01  1.1462E+00  1.4873E+00
2.5119E-04  1.3362E+01  4.0089E+01  1.1459E+00  1.4850E+00
3.9811E-04  2.0207E+01  5.1785E+01  1.1456E+00  1.4829E+00
6.3096E-04  2.9533E+01  6.8554E+01  1.1452E+00  1.4801E+00
1.0000E-03  4.0778E+01  8.9612E+01  1.1448E+00  1.4777E+00
1.5849E-03  5.5930E+01  1.2180E+02  1.1442E+00  1.4741E+00
2.5119E-03  7.1347E+01  1.6157E+02  1.1434E+00  1.4710E+00
3.9811E-03  9.2653E+01  2.2455E+02  1.1421E+00  1.4660E+00
6.3096E-03  1.1210E+02  3.0195E+02  1.1408E+00  1.4617E+00
1.0000E-02  1.3832E+02  4.2271E+02  1.1387E+00  1.4551E+00
1.5849E-02  1.6471E+02  5.7618E+02  1.1368E+00  1.4490E+00
2.5119E-02  1.9885E+02  8.0433E+02  1.1343E+00  1.4409E+00
3.9811E-02  2.3896E+02  1.1079E+03  1.1319E+00  1.4321E+00
6.3096E-02  2.8991E+02  1.5373E+03  1.1294E+00  1.4216E+00
1.0000E-01  3.5268E+02  2.1218E+03  1.1262E+00  1.4083E+00
1.5849E-01  4.2523E+02  2.8798E+03  1.1225E+00  1.3931E+00
2.5119E-01  5.1970E+02  3.9231E+03  1.1174E+00  1.3728E+00
3.9811E-01  6.1258E+02  5.0279E+03  1.1126E+00  1.3558E+00
6.3096E-01  7.4248E+02  6.6091E+03  1.1059E+00  1.3318E+00
1.0000E+00  8.6304E+02  7.8156E+03  1.1037E+00  1.3242E+00
1.5849E+00  1.0358E+03  9.5221E+03  1.1007E+00  1.3137E+00
2.5119E+00  1.2433E+03  1.0575E+04  1.1033E+00  1.3219E+00
3.9811E+00  1.5466E+03  1.1585E+04  1.1076E+00  1.3362E+00
6.3096E+00  1.9720E+03  1.2059E+04  1.1155E+00  1.3631E+00
1.0000E+01  2.5188E+03  1.2038E+04  1.1247E+00  1.3947E+00
1.5849E+01  3.1572E+03  1.1428E+04  1.1338E+00  1.4265E+00
2.5119E+01  3.6873E+03  1.0062E+04  1.1394E+00  1.4477E+00
3.9811E+01  4.0824E+03  8.4578E+03  1.1433E+00  1.4650E+00
6.3096E+01  3.9024E+03  6.5271E+03  1.1445E+00  1.4717E+00
1.0000E+02  3.4621E+03  4.8616E+03  1.1454E+00  1.4772E+00
1.5849E+02  2.8414E+03  3.5359E+03  1.1459E+00  1.4802E+00
2.5119E+02  2.1791E+03  2.5535E+03  1.1460E+00  1.4826E+00
3.9811E+02  1.5918E+03  1.7491E+03  1.1461E+00  1.4848E+00
6.3096E+02  1.1555E+03  1.2253E+03  1.1464E+00  1.4887E+00
1.0000E+03  7.8546E+02  8.1323E+02  1.1469E+00  1.4937E+00
1.5849E+03  5.7503E+02  5.8552E+02  1.1473E+00  1.4991E+00
2.5119E+03  4.7762E+02  4.8276E+02  1.1478E+00  1.5062E+00
3.9811E+03  4.1118E+02  4.1398E+02  1.1489E+00  1.5244E+00
6.3096E+03  3.2853E+02  3.3142E+02  1.1493E+00  1.5331E+00
1.0000E+04  2.2126E+02  2.2249E+02  1.1496E+00  1.5387E+00
Rosseland and Planck opacities and free electrons
Density     Ross opa    Planck opa  No. Free    Av Sq Free  T=  6.0000E-02
1.0000E-10  3.2160E-01  1.0718E+00  1.1494E+00  1.5323E+00
1.5849E-10  3.2168E-01  9.4730E-01  1.1494E+00  1.5317E+00
2.5119E-10  3.2169E-01  7.9092E-01  1.1493E+00  1.5310E+00
3.9811E-10  3.2183E-01  6.8012E-01  1.1493E+00  1.5305E+00
6.3096E-10  3.2187E-01  5.2214E-01  1.1493E+00  1.5297E+00
1.0000E-09  3.2210E-01  4.6826E-01  1.1493E+00  1.5292E+00
1.5849E-09  3.2222E-01  3.8287E-01  1.1492E+00  1.5284E+00
2.5119E-09  3.2255E-01  3.5931E-01  1.1492E+00  1.5280E+00
3.9811E-09  3.2285E-01  3.3239E-01  1.1492E+00  1.5273E+00
6.3096E-09  3.2335E-01  3.1416E-01  1.1492E+00  1.5268E+00
1.0000E-08  3.2402E-01  2.9501E-01  1.1491E+00  1.5262E+00
1.5849E-08  3.2490E-01  2.7474E-01  1.1491E+00  1.5256E+00
2.5119E-08  3.2612E-01  2.5154E-01  1.1491E+00  1.5250E+00
3.9811E-08  3.2755E-01  2.3123E-01  1.1490E+00  1.5243E+00
6.3096E-08  3.2957E-01  2.2816E-01  1.1490E+00  1.5237E+00
1.0000E-07  3.3198E-01  2.3234E-01  1.1490E+00  1.5229E+00
1.5849E-07  3.3563E-01  2.7434E-01  1.1489E+00  1.5223E+00
2.5119E-07  3.4001E-01  3.4116E-01  1.1489E+00  1.5213E+00
3.9811E-07  3.4616E-01  4.5121E-01  1.1488E+00  1.5204E+00
6.3096E-07  3.5358E-01  6.2562E-01  1.1487E+00  1.5189E+00
1.0000E-06  3.6422E-01  8.4542E-01  1.1486E+00  1.5176E+00
1.5849E-06  3.7758E-01  1.1860E+00  1.1485E+00  1.5158E+00
2.5119E-06  3.9702E-01  1.6114E+00  1.1484E+00  1.5142E+00
3.9811E-06  4.2314E-01  2.2323E+00  1.1483E+00  1.5124E+00
6.3096E-06  4.6301E-01  3.0495E+00  1.1481E+00  1.5106E+00
1.0000E-05  5.2072E-01  4.1777E+00  1.1480E+00  1.5090E+00
1.5849E-05  6.1092E-01  5.6950E+00  1.1479E+00  1.5070E+00
2.5119E-05  7.5455E-01  7.5538E+00  1.1477E+00  1.5053E+00
3.9811E-05  9.8062E-01  1.0165E+01  1.1475E+00  1.5029E+00
6.3096E-05  1.3872E+00  1.2739E+01  1.1473E+00  1.5010E+00
1.0000E-04  2.0095E+00  1.6729E+01  1.1471E+00  1.4982E+00
1.5849E-04  3.2289E+00  2.0371E+01  1.1469E+00  1.4964E+00
2.5119E-04  5.0711E+00  2.6143E+01  1.1466E+00  1.4936E+00
3.9811E-04  8.2313E+00  3.2671E+01  1.1464E+00  1.4915E+00
6.3096E-04  1.2963E+01  4.2514E+01  1.1461E+00  1.4887E+00
1.0000E-03  1.9434E+01  5.4778E+01  1.1457E+00  1.4861E+00
1.5849E-03  2.8452E+01  7.2371E+01  1.1452E+00  1.4830E+00
2.5119E-03  3.9252E+01  9.5778E+01  1.1446E+00  1.4796E+00
3.9811E-03  5.2189E+01  1.2776E+02  1.1437E+00  1.4758E+00
6.3096E-03  6.7838E+01  1.7322E+02  1.1426E+00  1.4712E+00
1.0000E-02  8.4327E+01  2.3311E+02  1.1413E+00  1.4667E+00
1.5849E-02  1.0600E+02  3.2323E+02  1.1396E+00  1.4604E+00
2.5119E-02  1.2709E+02  4.3712E+02  1.1383E+00  1.4551E+00
3.9811E-02  1.5753E+02  6.1702E+02  1.1362E+00  1.4466E+00
6.3096E-02  1.8714E+02  8.3304E+02  1.1347E+00  1.4395E+00
1.0000E-01  2.3014E+02  1.1725E+03  1.1324E+00  1.4283E+00
1.5849E-01  2.7317E+02  1.5745E+03  1.1298E+00  1.4171E+00
2.5119E-01  3.3122E+02  2.1716E+03  1.1259E+00  1.4011E+00
3.9811E-01  3.9095E+02  2.8447E+03  1.1221E+00  1.3866E+00
6.3096E-01  4.6375E+02  3.7285E+03  1.1177E+00  1.3704E+00
1.0000E+00  5.4692E+02  4.6838E+03  1.1143E+00  1.3582E+00
1.5849E+00  6.4406E+02  5.7027E+03  1.1131E+00  1.3535E+00
2.5119E+00  7.7164E+02  6.7604E+03  1.1135E+00  1.3545E+00
3.9811E+00  9.5229E+02  7.6475E+03  1.1171E+00  1.3664E+00
6.3096E+00  1.2031E+03  8.3290E+03  1.1223E+00  1.3846E+00
1.0000E+01  1.5570E+03  8.8497E+03  1.1299E+00  1.4111E+00
1.5849E+01  1.9807E+03  8.7544E+03  1.1366E+00  1.4353E+00
2.5119E+01  2.4225E+03  8.1356E+03  1.1413E+00  1.4535E+00
3.9811E+01  2.7216E+03  6.9272E+03  1.1433E+00  1.4638E+00
6.3096E+01  2.8654E+03  5.6835E+03  1.1449E+00  1.4727E+00
1.0000E+02  2.7407E+03  4.3821E+03  1.1457E+00  1.4782E+00
1.5849E+02  2.3543E+03  3.2246E+03  1.1459E+00  1.4807E+00
2.5119E+02  1.9207E+03  2.3851E+03  1.1460E+00  1.4827E+00
3.9811E+02  1.4528E+03  1.6839E+03  1.1461E+00  1.4850E+00
6.3096E+02  1.0774E+03  1.1727E+03  1.1464E+00  1.4888E+00
1.0000E+03  7.5243E+02  7.9321E+02  1.1467E+00  1.4923E+00
1.5849E+03  5.2397E+02  5.3991E+02  1.1472E+00  1.4976E+00
2.5119E+03  4.0602E+02  4.1226E+02  1.1483E+00  1.5134E+00
3.9811E+03  3.4454E+02  3.4785E+02  1.1491E+00  1.5266E+00
6.3096E+03  2.9571E+02  2.9762E+02  1.1493E+00  1.5322E+00
1.0000E+04  2.2371E+02  2.2552E+02  1.1494E+00  1.5366E+00
Rosseland and Planck opacities and free electrons
Density     Ross opa    Planck opa  No. Free    Av Sq Free  T=  7.0000E-02
1.0000E-10  3.2026E-01  1.3845E-01  1.1495E+00  1.5368E+00
1.5849E-10  3.2046E-01  1.5618E-01  1.1495E+00  1.5364E+00
2.5119E-10  3.2062E-01  1.8351E-01  1.1495E+00  1.5357E+00
3.9811E-10  3.2086E-01  2.0885E-01  1.1495E+00  1.5352E+00
6.3096E-10  3.2112E-01  2.4236E-01  1.1495E+00  1.5347E+00
1.0000E-09  3.2143E-01  2.7087E-01  1.1495E+00  1.5341E+00
1.5849E-09  3.2178E-01  2.9548E-01  1.1494E+00  1.5336E+00
2.5119E-09  3.2215E-01  3.1356E-01  1.1494E+00  1.5329E+00
3.9811E-09  3.2261E-01  3.0711E-01  1.1494E+00  1.5324E+00
6.3096E-09  3.2306E-01  2.9607E-01  1.1494E+00  1.5316E+00
1.0000E-08  3.2367E-01  2.7561E-01  1.1493E+00  1.5310E+00
1.5849E-08  3.2431E-01  2.4630E-01  1.1493E+00  1.5301E+00
2.5119E-08  3.2522E-01  2.4200E-01  1.1493E+00  1.5296E+00
3.9811E-08  3.2624E-01  2.3517E-01  1.1492E+00  1.5287E+00
6.3096E-08  3.2767E-01  2.5082E-01  1.1492E+00  1.5282E+00
1.0000E-07  3.2941E-01  2.7875E-01  1.1492E+00  1.5274E+00
1.5849E-07  3.3188E-01  3.0911E-01  1.1492E+00  1.5268E+00
2.5119E-07  3.3499E-01  3.5119E-01  1.1491E+00  1.5261E+00
3.9811E-07  3.3902E-01  4.0197E-01  1.1491E+00  1.5254E+00
6.3096E-07  3.4413E-01  4.6741E-01  1.1490E+00  1.5246E+00
1.0000E-06  3.5081E-01  5.6440E-01  1.1490E+00  1.5237E+00
1.5849E-06  3.5990E-01  7.0534E-01  1.1489E+00  1.5229E+00
2.5119E-06  3.7195E-01  9.2023E-01  1.1489E+00  1.5217E+00
3.9811E-06  3.8919E-01  1.2244E+00  1.1488E+00  1.5206E+00
6.3096E-06  4.1185E-01  1.6987E+00  1.1487E+00  1.5190E+00
1.0000E-05  4.4600E-01  2.2849E+00  1.1486E+00  1.5176E+00
1.5849E-05  4.9180E-01  3.2141E+00  1.1484E+00  1.5155E+00
2.5119E-05  5.6603E-01  4.2903E+00  1.1483E+00  1.5139E+00
3.9811E-05  6.7137E-01  5.9307E+00  1.1481E+00  1.5116E+00
6.3096E-05  8.5286E-01  7.8315E+00  1.1480E+00  1.5097E+00
1.0000E-04  1.1308E+00  1.0490E+01  1.1478E+00  1.5076E+00
1.5849E-04  1.6205E+00  1.3624E+01  1.1476E+00  1.5053E+00
2.5119E-04  2.4267E+00  1.7434E+01  1.1474E+00  1.5029E+00
3.9811E-04  3.7759E+00  2.2481E+01  1.1471E+00  1.5001E+00
6.3096E-04  6.0259E+00  2.8319E+01  1.1468E+00  1.4976E+00
1.0000E-03  9.4401E+00  3.7011E+01  1.1464E+00  1.4941E+00
1.5849E-03  1.4506E+01  4.7853E+01  1.1461E+00  1.4914E+00
2.5119E-03  2.1889E+01  6.4890E+01  1.1455E+00  1.4872E+00
3.9811E-03  3.0221E+01  8.3899E+01  1.1448E+00  1.4841E+00
6.3096E-03  4.2168E+01  1.1399E+02  1.1438E+00  1.4793E+00
1.0000E-02  5.4060E+01  1.4974E+02  1.1429E+00  1.4754E+00
1.5849E-02  7.0042E+01  2.0363E+02  1.1416E+00  1.4701E+00
2.5119E-02  8.6952E+01  2.7370E+02  1.1405E+00  1.4649E+00
3.9811E-02  1.0800E+02  3.7527E+02  1.1393E+00  1.4588E+00
6.3096E-02  1.3264E+02  5.1415E+02  1.1379E+00  1.4515E+00
1.0000E-01  1.6151E+02  7.0658E+02  1.1363E+00  1.4432E+00
1.5849E-01  1.9724E+02  9.7365E+02  1.1341E+00  1.4323E+00
2.5119E-01  2.3415E+02  1.3069E+03  1.1314E+00  1.4212E+00
3.9811E-01  2.8289E+02  1.7863E+03  1.1277E+00  1.4058E+00
6.3096E-01  3.2734E+02  2.2922E+03  1.1251E+00  1.3960E+00
1.0000E+00  3.9005E+02  3.0479E+03  1.1213E+00  1.3813E+00
1.5849E+00  4.5148E+02  3.6807E+03  1.1212E+00  1.3803E+00
2.5119E+00  5.3543E+02  4.6008E+03  1.1211E+00  1.3789E+00
3.9811E+00  6.5016E+02  5.2413E+03  1.1238E+00  1.3885E+00
6.3096E+00  8.1535E+02  6.0331E+03  1.1280E+00  1.4029E+00
1.0000E+01  1.0385E+03  6.5290E+03  1.1331E+00  1.4215E+00
1.5849E+01  1.3165E+03  6.7158E+03  1.1381E+00  1.4399E+00
2.5119E+01  1.6384E+03  6.5098E+03  1.1420E+00  1.4558E+00
3.9811E+01  1.9215E+03  5.8300E+03  1.1440E+00  1.4654E+00
6.3096E+01  2.1424E+03  4.9356E+03  1.1452E+00  1.4731E+00
1.0000E+02  2.1150E+03  3.9117E+03  1.1456E+00  1.4770E+00
1.5849E+02  1.9461E+03  2.9547E+03  1.1459E+00  1.4804E+00
2.5119E+02  1.6584E+03  2.1877E+03  1.1460E+00  1.4829E+00
3.9811E+02  1.3195E+03  1.6078E+03  1.1462E+00  1.4855E+00
6.3096E+02  9.8639E+02  1.1116E+03  1.1465E+00  1.4890E+00
1.0000E+03  7.3046E+02  7.8543E+02  1.1470E+00  1.4955E+00
1.5849E+03  4.9935E+02  5.2170E+02  1.1473E+00  1.4995E+00
2.5119E+03  3.6223E+02  3.7075E+02  1.1480E+00  1.5093E+00
3.9811E+03  3.0047E+02  3.0431E+02  1.1491E+00  1.5287E+00
6.3096E+03  2.5538E+02  2.5749E+02  1.1493E+00  1.5323E+00
1.0000E+04  2.1636E+02  2.1780E+02  1.1494E+00  1.5360E+00
Rosseland and Planck opacities and free electrons
Density     Ross opa    Planck opa  No. Free    Av Sq Free  T=  8.0000E-02
1.0000E-10  3.1950E-01  4.1650E-02  1.1497E+00  1.5411E+00
1.5849E-10  3.1984E-01  5.3828E-02  1.1496E+00  1.5405E+00
2.5119E-10  3.2019E-01  6.6632E-02  1.1496E+00  1.5399E+00
3.9811E-10  3.2058E-01  8.2859E-02  1.1496E+00  1.5393E+00
6.3096E-10  3.2101E-01  9.8485E-02  1.1496E+00  1.5388E+00
1.0000E-09  3.2141E-01  1.2136E-01  1.1496E+00  1.5381E+00
1.5849E-09  3.2191E-01  1.4557E-01  1.1496E+00  1.5376E+00
2.5119E-09  3.2235E-01  1.8395E-01  1.1495E+00  1.5369E+00
3.9811E-09  3.2295E-01  2.1678E-01  1.1495E+00  1.5364E+00
6.3096E-09  3.2351E-01  2.6861E-01  1.1495E+00  1.5357E+00
1.0000E-08  3.2422E-01  3.0909E-01  1.1495E+00  1.5351E+00
1.5849E-08  3.2494E-01  3.6198E-01  1.1495E+00  1.5345E+00
2.5119E-08  3.2578E-01  4.0378E-01  1.1494E+00  1.5338E+00
3.9811E-08  3.2675E-01  4.4175E-01  1.1494E+00  1.5332E+00
6.3096E-08  3.2785E-01  4.7681E-01  1.1494E+00  1.5325E+00
1.0000E-07  3.2925E-01  4.9801E-01  1.1494E+00  1.5318E+00
1.5849E-07  3.3093E-01  5.2434E-01  1.1493E+00  1.5309E+00
2.5119E-07  3.3326E-01  5.4538E-01  1.1493E+00  1.5302E+00
3.9811E-07  3.3613E-01  5.7699E-01  1.1493E+00  1.5292E+00
6.3096E-07  3.3998E-01  6.1311E-01  1.1492E+00  1.5286E+00
1.0000E-06  3.4483E-01  6.7034E-01  1.1492E+00  1.5277E+00
1.5849E-06  3.5170E-01  7.4431E-01  1.1492E+00  1.5270E+00
2.5119E-06  3.6045E-01  8.6077E-01  1.1491E+00  1.5261E+00
3.9811E-06  3.7262E-01  1.0189E+00  1.1491E+00  1.5253E+00
6.3096E-06  3.8863E-01  1.2608E+00  1.1490E+00  1.5243E+00
1.0000E-05  4.1146E-01  1.5958E+00  1.1489E+00  1.5232E+00
1.5849E-05  4.4283E-01  2.0896E+00  1.1489E+00  1.5220E+00
2.5119E-05  4.8854E-01  2.7820E+00  1.1488E+00  1.5205E+00
3.9811E-05  5.5515E-01  3.7400E+00  1.1486E+00  1.5190E+00
6.3096E-05  6.5448E-01  5.1028E+00  1.1485E+00  1.5169E+00
1.0000E-04  8.1267E-01  6.7523E+00  1.1483E+00  1.5151E+00
1.5849E-04  1.0512E+00  9.2358E+00  1.1481E+00  1.5124E+00
2.5119E-04  1.4749E+00  1.1769E+01  1.1479E+00  1.5106E+00
3.9811E-04  2.1118E+00  1.5784E+01  1.1477E+00  1.5076E+00
6.3096E-04  3.2835E+00  1.9958E+01  1.1475E+00  1.5054E+00
1.0000E-03  5.0677E+00  2.6372E+01  1.1471E+00  1.5023E+00
1.5849E-03  7.9510E+00  3.4260E+01  1.1468E+00  1.4994E+00
2.5119E-03  1.2274E+01  4.5863E+01  1.1463E+00  1.4957E+00
3.9811E-03  1.8103E+01  6.0409E+01  1.1457E+00  1.4919E+00
6.3096E-03  2.6045E+01  8.0089E+01  1.1449E+00  1.4878E+00
1.0000E-02  3.5959E+01  1.0673E+02  1.1440E+00  1.4830E+00
1.5849E-02  4.7473E+01  1.4078E+02  1.1432E+00  1.4786E+00
2.5119E-02  6.2508E+01  1.9065E+02  1.1420E+00  1.4728E+00
3.9811E-02  7.7961E+01  2.5344E+02  1.1412E+00  1.4679E+00
6.3096E-02  9.9758E+01  3.5037E+02  1.1400E+00  1.4605E+00
1.0000E-01  1.2079E+02  4.6857E+02  1.1388E+00  1.4540E+00
1.5849E-01  1.5119E+02  6.5360E+02  1.1369E+00  1.4436E+00
2.5119E-01  1.7871E+02  8.6139E+02  1.1350E+00  1.4349E+00
3.9811E-01  2.1590E+02  1.1748E+03  1.1320E+00  1.4220E+00
6.3096E-01  2.5094E+02  1.5251E+03  1.1298E+00  1.4129E+00
1.0000E+00  2.9369E+02  2.0054E+03  1.1275E+00  1.4035E+00
1.5849E+00  3.4190E+02  2.5270E+03  1.1266E+00  1.3989E+00
2.5119E+00  4.0070E+02  3.1499E+03  1.1271E+00  1.3999E+00
3.9811E+00  4.7847E+02  3.7691E+03  1.1288E+00  1.4052E+00
6.3096E+00  5.9116E+02  4.4356E+03  1.1321E+00  1.4167E+00
1.0000E+01  7.3803E+02  4.9272E+03  1.1357E+00  1.4299E+00
1.5849E+01  9.3672E+02  5.3113E+03  1.1399E+00  1.4460E+00
2.5119E+01  1.1729E+03  5.3190E+03  1.1429E+00  1.4588E+00
3.9811E+01  1.4129E+03  4.9557E+03  1.1445E+00  1.4671E+00
6.3096E+01  1.5790E+03  4.2395E+03  1.1452E+00  1.4725E+00
1.0000E+02  1.6644E+03  3.4973E+03  1.1457E+00  1.4774E+00
1.5849E+02  1.6157E+03  2.7334E+03  1.1459E+00  1.4810E+00
2.5119E+02  1.4205E+03  2.0282E+03  1.1460E+00  1.4827E+00
3.9811E+02  1.1868E+03  1.5206E+03  1.1462E+00  1.4858E+00
6.3096E+02  9.1372E+02  1.0752E+03  1.1465E+00  1.4895E+00
1.0000E+03  6.8872E+02  7.5769E+02  1.1470E+00  1.4952E+00
1.5849E+03  4.8248E+02  5.1178E+02  1.1474E+00  1.4999E+00
2.5119E+03  3.3946E+02  3.5105E+02  1.1479E+00  1.5070E+00
3.9811E+03  2.6211E+02  2.6649E+02  1.1486E+00  1.5198E+00
6.3096E+03  2.2346E+02  2.2586E+02  1.1493E+00  1.5313E+00
1.0000E+04  1.9184E+02  1.9318E+02  1.1496E+00  1.5388E+00
Rosseland and Planck opacities and free electrons
Density     Ross opa    Planck opa  No. Free    Av Sq Free  T=  9.0000E-02
1.0000E-10  3.1862E-01  1.5689E-02  1.1497E+00  1.5442E+00
1.5849E-10  3.1882E-01  2.2097E-02  1.1497E+00  1.5438E+00
2.5119E-10  3.1913E-01  3.3488E-02  1.1497E+00  1.5434E+00
3.9811E-10  3.1943E-01  5.1543E-02  1.1497E+00  1.5428E+00
6.3096E-10  3.1989E-01  7.4005E-02  1.1497E+00  1.5424E+00
1.0000E-09  3.2034E-01  1.0923E-01  1.1497E+00  1.5418E+00
1.5849E-09  3.2098E-01  1.4078E-01  1.1497E+00  1.5413E+00
2.5119E-09  3.2161E-01  1.8229E-01  1.1496E+00  1.5406E+00
3.9811E-09  3.2241E-01  2.1526E-01  1.1496E+00  1.5400E+00
6.3096E-09  3.2324E-01  2.4122E-01  1.1496E+00  1.5393E+00
1.0000E-08  3.2419E-01  2.6644E-01  1.1496E+00  1.5387E+00
1.5849E-08  3.2522E-01  2.8080E-01  1.1496E+00  1.5381E+00
2.5119E-08  3.2633E-01  3.0100E-01  1.1496E+00  1.5373E+00
3.9811E-08  3.2763E-01  3.2413E-01  1.1495E+00  1.5368E+00
6.3096E-08  3.2892E-01  3.5896E-01  1.1495E+00  1.5359E+00
1.0000E-07  3.3057E-01  3.9241E-01  1.1495E+00  1.5354E+00
1.5849E-07  3.3225E-01  4.4543E-01  1.1495E+00  1.5345E+00
2.5119E-07  3.3444E-01  4.9202E-01  1.1494E+00  1.5340E+00
3.9811E-07  3.3697E-01  5.6205E-01  1.1494E+00  1.5331E+00
6.3096E-07  3.4009E-01  6.3462E-01  1.1494E+00  1.5324E+00
1.0000E-06  3.4400E-01  7.3383E-01  1.1493E+00  1.5315E+00
1.5849E-06  3.4903E-01  8.3792E-01  1.1493E+00  1.5307E+00
2.5119E-06  3.5568E-01  9.5477E-01  1.1493E+00  1.5298E+00
3.9811E-06  3.6462E-01  1.0974E+00  1.1492E+00  1.5288E+00
6.3096E-06  3.7684E-01  1.2463E+00  1.1492E+00  1.5280E+00
1.0000E-05  3.9341E-01  1.4624E+00  1.1491E+00  1.5270E+00
1.5849E-05  4.1670E-01  1.7252E+00  1.1491E+00  1.5261E+00
2.5119E-05  4.4838E-01  2.1351E+00  1.1490E+00  1.5249E+00
3.9811E-05  4.9587E-01  2.6671E+00  1.1489E+00  1.5238E+00
6.3096E-05  5.6165E-01  3.5104E+00  1.1488E+00  1.5223E+00
1.0000E-04  6.6661E-01  4.5521E+00  1.1487E+00  1.5209E+00
1.5849E-04  8.1808E-01  6.1600E+00  1.1485E+00  1.5189E+00
2.5119E-04  1.0705E+00  8.0746E+00  1.1484E+00  1.5169E+00
3.9811E-04  1.4577E+00  1.0804E+01  1.1482E+00  1.5145E+00
6.3096E-04  2.1115E+00  1.4298E+01  1.1480E+00  1.5120E+00
1.0000E-03  3.1605E+00  1.8977E+01  1.1477E+00  1.5093E+00
1.5849E-03  4.8378E+00  2.5359E+01  1.1474E+00  1.5061E+00
2.5119E-03  7.4913E+00  3.3327E+01  1.1470E+00  1.5031E+00
3.9811E-03  1.1408E+01  4.5007E+01  1.1464E+00  1.4990E+00
6.3096E-03  1.6802E+01  5.8886E+01  1.1458E+00  1.4955E+00
1.0000E-02  2.4684E+01  8.0603E+01  1.1449E+00  1.4901E+00
1.5849E-02  3.3275E+01  1.0400E+02  1.1443E+00  1.4863E+00
2.5119E-02  4.5797E+01  1.4093E+02  1.1433E+00  1.4804E+00
3.9811E-02  5.8522E+01  1.8472E+02  1.1426E+00  1.4757E+00
6.3096E-02  7.5925E+01  2.5064E+02  1.1417E+00  1.4691E+00
1.0000E-01  9.4541E+01  3.3462E+02  1.1406E+00  1.4625E+00
1.5849E-01  1.1772E+02  4.5501E+02  1.1391E+00  1.4541E+00
2.5119E-01  1.4311E+02  6.0953E+02  1.1373E+00  1.4449E+00
3.9811E-01  1.7091E+02  8.1204E+02  1.1352E+00  1.4354E+00
6.3096E-01  2.0263E+02  1.0817E+03  1.1329E+00  1.4250E+00
1.0000E+00  2.3307E+02  1.3982E+03  1.1317E+00  1.4191E+00
1.5849E+00  2.7170E+02  1.8251E+03  1.1304E+00  1.4128E+00
2.5119E+00  3.1404E+02  2.2634E+03  1.1312E+00  1.4146E+00
3.9811E+00  3.6996E+02  2.8159E+03  1.1325E+00  1.4182E+00
6.3096E+00  4.4762E+02  3.3184E+03  1.1349E+00  1.4266E+00
1.0000E+01  5.5256E+02  3.8373E+03  1.1379E+00  1.4375E+00
1.5849E+01  6.9365E+02  4.2316E+03  1.1410E+00  1.4499E+00
2.5119E+01  8.5857E+02  4.3092E+03  1.1431E+00  1.4595E+00
3.9811E+01  1.0465E+03  4.1539E+03  1.1446E+00  1.4673E+00
6.3096E+01  1.2052E+03  3.6939E+03  1.1453E+00  1.4726E+00
1.0000E+02  1.3347E+03  3.1375E+03  1.1457E+00  1.4779E+00
1.5849E+02  1.3177E+03  2.4974E+03  1.1459E+00  1.4806E+00
2.5119E+02  1.2157E+03  1.8865E+03  1.1460E+00  1.4832E+00
3.9811E+02  1.0527E+03  1.4176E+03  1.1462E+00  1.4860E+00
6.3096E+02  8.4486E+02  1.0374E+03  1.1467E+00  1.4917E+00
1.0000E+03  6.4213E+02  7.2559E+02  1.1471E+00  1.4960E+00
1.5849E+03  4.6846E+02  5.0522E+02  1.1473E+00  1.4993E+00
2.5119E+03  3.2537E+02  3.4030E+02  1.1479E+00  1.5075E+00
3.9811E+03  2.4008E+02  2.4585E+02  1.1485E+00  1.5188E+00
6.3096E+03  2.0019E+02  2.0279E+02  1.1493E+00  1.5328E+00
1.0000E+04  1.7241E+02  1.7389E+02  1.1495E+00  1.5382E+00
Rosseland and Planck opacities and free electrons
Density     Ross opa    Planck opa  No. Free    Av Sq Free  T=  1.0000E-01
1.0000E-10  3.1806E-01  4.5572E-03  1.1498E+00  1.5457E+00
1.5849E-10  3.1816E-01  5.9338E-03  1.1498E+00  1.5455E+00
2.5119E-10  3.1831E-01  7.1344E-03  1.1498E+00  1.5453E+00
3.9811E-10  3.1848E-01  8.6948E-03  1.1498E+00  1.5451E+00
6.3096E-10  3.1873E-01  1.0751E-02  1.1498E+00  1.5448E+00
1.0000E-09  3.1904E-01  1.3677E-02  1.1497E+00  1.5444E+00
1.5849E-09  3.1947E-01  1.7997E-02  1.1497E+00  1.5440E+00
2.5119E-09  3.2003E-01  2.4334E-02  1.1497E+00  1.5436E+00
3.9811E-09  3.2072E-01  3.3475E-02  1.1497E+00  1.5430E+00
6.3096E-09  3.2162E-01  4.4838E-02  1.1497E+00  1.5425E+00
1.0000E-08  3.2258E-01  6.2044E-02  1.1497E+00  1.5418E+00
1.5849E-08  3.2394E-01  7.9713E-02  1.1497E+00  1.5413E+00
2.5119E-08  3.2521E-01  1.0772E-01  1.1496E+00  1.5405E+00
3.9811E-08  3.2701E-01  1.3332E-01  1.1496E+00  1.5399E+00
6.3096E-08  3.2866E-01  1.7198E-01  1.1496E+00  1.5392E+00
1.0000E-07  3.3078E-01  2.0851E-01  1.1496E+00  1.5385E+00
1.5849E-07  3.3288E-01  2.5621E-01  1.1496E+00  1.5378E+00
2.5119E-07  3.3544E-01  3.0710E-01  1.1495E+00  1.5371E+00
3.9811E-07  3.3824E-01  3.6537E-01  1.1495E+00  1.5364E+00
6.3096E-07  3.4150E-01  4.3782E-01  1.1495E+00  1.5356E+00
1.0000E-06  3.4533E-01  5.1650E-01  1.1495E+00  1.5348E+00
1.5849E-06  3.4982E-01  6.2596E-01  1.1494E+00  1.5339E+00
2.5119E-06  3.5554E-01  7.3783E-01  1.1494E+00  1.5332E+00
3.9811E-06  3.6264E-01  9.0827E-01  1.1494E+00  1.5321E+00
6.3096E-06  3.7210E-01  1.0565E+00  1.1493E+00  1.5314E+00
1.0000E-05  3.8441E-01  1.2914E+00  1.1493E+00  1.5302E+00
1.5849E-05  4.0168E-01  1.5071E+00  1.1492E+00  1.5294E+00
2.5119E-05  4.2521E-01  1.8260E+00  1.1492E+00  1.5283E+00
3.9811E-05  4.5965E-01  2.2117E+00  1.1491E+00  1.5273E+00
6.3096E-05  5.0807E-01  2.7655E+00  1.1490E+00  1.5262E+00
1.0000E-04  5.8130E-01  3.5177E+00  1.1489E+00  1.5249E+00
1.5849E-04  6.8957E-01  4.5819E+00  1.1488E+00  1.5235E+00
2.5119E-04  8.5728E-01  6.0617E+00  1.1487E+00  1.5217E+00
3.9811E-04  1.1216E+00  7.9815E+00  1.1486E+00  1.5199E+00
6.3096E-04  1.5327E+00  1.0781E+01  1.1484E+00  1.5175E+00
1.0000E-03  2.2181E+00  1.4039E+01  1.1481E+00  1.5153E+00
1.5849E-03  3.2639E+00  1.9136E+01  1.1478E+00  1.5119E+00
2.5119E-03  5.0048E+00  2.4980E+01  1.1475E+00  1.5094E+00
3.9811E-03  7.6207E+00  3.4241E+01  1.1470E+00  1.5054E+00
6.3096E-03  1.1416E+01  4.4709E+01  1.1465E+00  1.5021E+00
1.0000E-02  1.6998E+01  6.0456E+01  1.1458E+00  1.4975E+00
1.5849E-02  2.4050E+01  7.9495E+01  1.1451E+00  1.4932E+00
2.5119E-02  3.3649E+01  1.0625E+02  1.1444E+00  1.4882E+00
3.9811E-02  4.5164E+01  1.4124E+02  1.1436E+00  1.4826E+00
6.3096E-02  5.9039E+01  1.8780E+02  1.1429E+00  1.4769E+00
1.0000E-01  7.6379E+01  2.5295E+02  1.1419E+00  1.4697E+00
1.5849E-01  9.5099E+01  3.3597E+02  1.1407E+00  1.4626E+00
2.5119E-01  1.1898E+02  4.5680E+02  1.1390E+00  1.4528E+00
3.9811E-01  1.3998E+02  5.9389E+02  1.1375E+00  1.4455E+00
6.3096E-01  1.6819E+02  8.0484E+02  1.1351E+00  1.4342E+00
1.0000E+00  1.9088E+02  1.0234E+03  1.1345E+00  1.4305E+00
1.5849E+00  2.2187E+02  1.3580E+03  1.1335E+00  1.4246E+00
2.5119E+00  2.5397E+02  1.6895E+03  1.1341E+00  1.4256E+00
3.9811E+00  2.9607E+02  2.1498E+03  1.1354E+00  1.4286E+00
6.3096E+00  3.5103E+02  2.5562E+03  1.1371E+00  1.4346E+00
1.0000E+01  4.2934E+02  3.0661E+03  1.1397E+00  1.4440E+00
1.5849E+01  5.2712E+02  3.3717E+03  1.1417E+00  1.4524E+00
2.5119E+01  6.5312E+02  3.5658E+03  1.1436E+00  1.4612E+00
3.9811E+01  8.0241E+02  3.5375E+03  1.1448E+00  1.4683E+00
6.3096E+01  9.4565E+02  3.2494E+03  1.1454E+00  1.4733E+00
1.0000E+02  1.0575E+03  2.7899E+03  1.1457E+00  1.4773E+00
1.5849E+02  1.0866E+03  2.2796E+03  1.1459E+00  1.4803E+00
2.5119E+02  1.0444E+03  1.7676E+03  1.1460E+00  1.4833E+00
3.9811E+02  9.3412E+02  1.3317E+03  1.1463E+00  1.4865E+00
6.3096E+02  7.7820E+02  1.0021E+03  1.1465E+00  1.4899E+00
1.0000E+03  5.9923E+02  7.0022E+02  1.1471E+00  1.4958E+00
1.5849E+03  4.5513E+02  4.9985E+02  1.1473E+00  1.4991E+00
2.5119E+03  3.1628E+02  3.3480E+02  1.1482E+00  1.5123E+00
3.9811E+03  2.2857E+02  2.3602E+02  1.1491E+00  1.5261E+00
6.3096E+03  1.8040E+02  1.8323E+02  1.1493E+00  1.5322E+00
1.0000E+04  1.5456E+02  1.5620E+02  1.1495E+00  1.5369E+00
Rosseland and Planck opacities and free electrons
Density     Ross opa    Planck opa  No. Free    Av Sq Free  T=  1.2500E-01
1.0000E-10  3.1760E-01  8.9853E-05  1.1499E+00  1.5475E+00
1.5849E-10  3.1762E-01  1.3885E-04  1.1499E+00  1.5474E+00
2.5119E-10  3.1765E-01  2.1631E-04  1.1498E+00  1.5473E+00
3.9811E-10  3.1769E-01  3.3502E-04  1.1498E+00  1.5472E+00
6.3096E-10  3.1773E-01  5.2315E-04  1.1498E+00  1.5471E+00
1.0000E-09  3.1779E-01  8.1185E-04  1.1498E+00  1.5470E+00
1.5849E-09  3.1786E-01  1.2679E-03  1.1498E+00  1.5468E+00
2.5119E-09  3.1797E-01  1.9646E-03  1.1498E+00  1.5467E+00
3.9811E-09  3.1813E-01  3.0557E-03  1.1498E+00  1.5465E+00
6.3096E-09  3.1836E-01  4.7075E-03  1.1498E+00  1.5463E+00
1.0000E-08  3.1868E-01  7.2430E-03  1.1498E+00  1.5461E+00
1.5849E-08  3.1914E-01  1.1075E-02  1.1498E+00  1.5458E+00
2.5119E-08  3.1978E-01  1.6746E-02  1.1498E+00  1.5456E+00
3.9811E-08  3.2059E-01  2.5352E-02  1.1498E+00  1.5452E+00
6.3096E-08  3.2178E-01  3.7034E-02  1.1498E+00  1.5449E+00
1.0000E-07  3.2313E-01  5.5375E-02  1.1498E+00  1.5444E+00
1.5849E-07  3.2540E-01  7.6316E-02  1.1497E+00  1.5440E+00
2.5119E-07  3.2776E-01  1.0950E-01  1.1497E+00  1.5434E+00
3.9811E-07  3.3146E-01  1.4429E-01  1.1497E+00  1.5428E+00
6.3096E-07  3.3536E-01  1.9565E-01  1.1497E+00  1.5421E+00
1.0000E-06  3.4081E-01  2.5103E-01  1.1497E+00  1.5414E+00
1.5849E-06  3.4659E-01  3.2369E-01  1.1496E+00  1.5406E+00
2.5119E-06  3.5366E-01  4.0868E-01  1.1496E+00  1.5398E+00
3.9811E-06  3.6151E-01  5.0717E-01  1.1496E+00  1.5390E+00
6.3096E-06  3.7071E-01  6.3463E-01  1.1496E+00  1.5381E+00
1.0000E-05  3.8172E-01  7.6648E-01  1.1495E+00  1.5373E+00
1.5849E-05  3.9462E-01  9.5679E-01  1.1495E+00  1.5363E+00
2.5119E-05  4.1135E-01  1.1418E+00  1.1495E+00  1.5355E+00
3.9811E-05  4.3178E-01  1.4350E+00  1.1494E+00  1.5342E+00
6.3096E-05  4.6058E-01  1.7214E+00  1.1494E+00  1.5334E+00
1.0000E-04  4.9854E-01  2.1746E+00  1.1493E+00  1.5321E+00
1.5849E-04  5.5456E-01  2.6900E+00  1.1492E+00  1.5311E+00
2.5119E-04  6.3369E-01  3.4535E+00  1.1491E+00  1.5297E+00
3.9811E-04  7.5658E-01  4.4088E+00  1.1491E+00  1.5284E+00
6.3096E-04  9.4070E-01  5.7534E+00  1.1489E+00  1.5269E+00
1.0000E-03  1.2339E+00  7.5514E+00  1.1488E+00  1.5252E+00
1.5849E-03  1.6955E+00  9.9497E+00  1.1486E+00  1.5233E+00
2.5119E-03  2.4251E+00  1.3400E+01  1.1484E+00  1.5208E+00
3.9811E-03  3.5930E+00  1.7886E+01  1.1481E+00  1.5183E+00
6.3096E-03  5.3744E+00  2.4618E+01  1.1476E+00  1.5147E+00
1.0000E-02  8.0650E+00  3.2326E+01  1.1472E+00  1.5117E+00
1.5849E-02  1.2060E+01  4.4523E+01  1.1466E+00  1.5069E+00
2.5119E-02  1.7381E+01  5.7870E+01  1.1462E+00  1.5032E+00
3.9811E-02  2.5055E+01  7.8722E+01  1.1456E+00  1.4977E+00
6.3096E-02  3.4050E+01  1.0319E+02  1.1451E+00  1.4927E+00
1.0000E-01  4.6062E+01  1.3908E+02  1.1443E+00  1.4861E+00
1.5849E-01  5.9483E+01  1.8366E+02  1.1434E+00  1.4794E+00
2.5119E-01  7.5302E+01  2.4478E+02  1.1422E+00  1.4716E+00
3.9811E-01  9.1673E+01  3.2297E+02  1.1410E+00  1.4635E+00
6.3096E-01  1.0714E+02  4.1924E+02  1.1399E+00  1.4570E+00
1.0000E+00  1.2458E+02  5.5186E+02  1.1388E+00  1.4497E+00
1.5849E+00  1.4067E+02  7.0786E+02  1.1387E+00  1.4474E+00
2.5119E+00  1.6079E+02  9.2728E+02  1.1388E+00  1.4448E+00
3.9811E+00  1.8220E+02  1.1636E+03  1.1396E+00  1.4464E+00
6.3096E+00  2.1083E+02  1.4812E+03  1.1407E+00  1.4491E+00
1.0000E+01  2.4771E+02  1.7699E+03  1.1419E+00  1.4533E+00
1.5849E+01  2.9846E+02  2.0858E+03  1.1433E+00  1.4589E+00
2.5119E+01  3.6585E+02  2.3152E+03  1.1443E+00  1.4645E+00
3.9811E+01  4.4615E+02  2.3950E+03  1.1450E+00  1.4694E+00
6.3096E+01  5.4118E+02  2.3456E+03  1.1455E+00  1.4741E+00
1.0000E+02  6.2746E+02  2.1250E+03  1.1457E+00  1.4777E+00
1.5849E+02  7.0498E+02  1.8363E+03  1.1459E+00  1.4804E+00
2.5119E+02  7.1109E+02  1.4908E+03  1.1461E+00  1.4832E+00
3.9811E+02  6.8029E+02  1.1491E+03  1.1463E+00  1.4866E+00
6.3096E+02  6.1262E+02  8.7749E+02  1.1466E+00  1.4909E+00
1.0000E+03  5.0786E+02  6.5014E+02  1.1471E+00  1.4960E+00
1.5849E+03  3.9424E+02  4.5778E+02  1.1473E+00  1.4985E+00
2.5119E+03  2.9533E+02  3.2371E+02  1.1480E+00  1.5087E+00
3.9811E+03  2.0757E+02  2.1929E+02  1.1487E+00  1.5212E+00
6.3096E+03  1.5270E+02  1.5745E+02  1.1493E+00  1.5312E+00
1.0000E+04  1.2391E+02  1.2575E+02  1.1496E+00  1.5390E+00
Rosseland and Planck opacities and free electrons
Density     Ross opa    Planck opa  No. Free    Av Sq Free  T=  1.5000E-01
1.0000E-10  3.1733E-01  1.7772E-05  1.1499E+00  1.5484E+00
1.5849E-10  3.1734E-01  2.7057E-05  1.1499E+00  1.5483E+00
2.5119E-10  3.1735E-01  4.1375E-05  1.1499E+00  1.5483E+00
3.9811E-10  3.1737E-01  6.2511E-05  1.1499E+00  1.5482E+00
6.3096E-10  3.1739E-01  9.3719E-05  1.1499E+00  1.5481E+00
1.0000E-09  3.1742E-01  1.4097E-04  1.1499E+00  1.5480E+00
1.5849E-09  3.1746E-01  2.0900E-04  1.1499E+00  1.5479E+00
2.5119E-09  3.1752E-01  3.1552E-04  1.1499E+00  1.5478E+00
3.9811E-09  3.1758E-01  4.7188E-04  1.1499E+00  1.5477E+00
6.3096E-09  3.1766E-01  7.1970E-04  1.1499E+00  1.5476E+00
1.0000E-08  3.1776E-01  1.0833E-03  1.1499E+00  1.5475E+00
1.5849E-08  3.1789E-01  1.6575E-03  1.1498E+00  1.5474E+00
2.5119E-08  3.1804E-01  2.5122E-03  1.1498E+00  1.5473E+00
3.9811E-08  3.1824E-01  3.8466E-03  1.1498E+00  1.5471E+00
6.3096E-08  3.1856E-01  5.8644E-03  1.1498E+00  1.5469E+00
1.0000E-07  3.1900E-01  8.9826E-03  1.1498E+00  1.5467E+00
1.5849E-07  3.1966E-01  1.3681E-02  1.1498E+00  1.5465E+00
2.5119E-07  3.2057E-01  2.0726E-02  1.1498E+00  1.5463E+00
3.9811E-07  3.2182E-01  3.1418E-02  1.1498E+00  1.5460E+00
6.3096E-07  3.2365E-01  4.6673E-02  1.1498E+00  1.5457E+00
1.0000E-06  3.2589E-01  7.0316E-02  1.1498E+00  1.5453E+00
1.5849E-06  3.2951E-01  1.0090E-01  1.1498E+00  1.5449E+00
2.5119E-06  3.3365E-01  1.4937E-01  1.1497E+00  1.5444E+00
3.9811E-06  3.4063E-01  2.0511E-01  1.1497E+00  1.5439E+00
6.3096E-06  3.4841E-01  2.9109E-01  1.1497E+00  1.5431E+00
1.0000E-05  3.6020E-01  3.8599E-01  1.1497E+00  1.5424E+00
1.5849E-05  3.7358E-01  5.1881E-01  1.1497E+00  1.5416E+00
2.5119E-05  3.9138E-01  6.7207E-01  1.1496E+00  1.5407E+00
3.9811E-05  4.1214E-01  8.6178E-01  1.1496E+00  1.5398E+00
6.3096E-05  4.3813E-01  1.1050E+00  1.1496E+00  1.5388E+00
1.0000E-04  4.7060E-01  1.3832E+00  1.1495E+00  1.5379E+00
1.5849E-04  5.1181E-01  1.7784E+00  1.1495E+00  1.5366E+00
2.5119E-04  5.6750E-01  2.2127E+00  1.1495E+00  1.5357E+00
3.9811E-04  6.4115E-01  2.8831E+00  1.1494E+00  1.5342E+00
6.3096E-04  7.5170E-01  3.5822E+00  1.1493E+00  1.5332E+00
1.0000E-03  9.0689E-01  4.6901E+00  1.1492E+00  1.5315E+00
1.5849E-03  1.1572E+00  5.9253E+00  1.1492E+00  1.5301E+00
2.5119E-03  1.5297E+00  7.8012E+00  1.1490E+00  1.5282E+00
3.9811E-03  2.1440E+00  1.0215E+01  1.1489E+00  1.5264E+00
6.3096E-03  3.0884E+00  1.3765E+01  1.1488E+00  1.5240E+00
1.0000E-02  4.5803E+00  1.8478E+01  1.1486E+00  1.5214E+00
1.5849E-02  6.8392E+00  2.4989E+01  1.1483E+00  1.5184E+00
2.5119E-02  1.0131E+01  3.4022E+01  1.1480E+00  1.5146E+00
3.9811E-02  1.4717E+01  4.5594E+01  1.1476E+00  1.5106E+00
6.3096E-02  2.0993E+01  6.2483E+01  1.1470E+00  1.5050E+00
1.0000E-01  2.8423E+01  8.2153E+01  1.1464E+00  1.4999E+00
1.5849E-01  3.8436E+01  1.1276E+02  1.1453E+00  1.4920E+00
2.5119E-01  4.8190E+01  1.4639E+02  1.1445E+00  1.4864E+00
3.9811E-01  6.0692E+01  1.9896E+02  1.1432E+00  1.4774E+00
6.3096E-01  7.0539E+01  2.5431E+02  1.1425E+00  1.4720E+00
1.0000E+00  8.2366E+01  3.3518E+02  1.1417E+00  1.4653E+00
1.5849E+00  9.3138E+01  4.2987E+02  1.1414E+00  1.4616E+00
2.5119E+00  1.0556E+02  5.5987E+02  1.1416E+00  1.4592E+00
3.9811E+00  1.1914E+02  7.1626E+02  1.1420E+00  1.4582E+00
6.3096E+00  1.3579E+02  9.1551E+02  1.1426E+00  1.4589E+00
1.0000E+01  1.5696E+02  1.1305E+03  1.1433E+00  1.4606E+00
1.5849E+01  1.8615E+02  1.3705E+03  1.1441E+00  1.4637E+00
2.5119E+01  2.2329E+02  1.5556E+03  1.1447E+00  1.4670E+00
3.9811E+01  2.7436E+02  1.7121E+03  1.1453E+00  1.4711E+00
6.3096E+01  3.3597E+02  1.7407E+03  1.1456E+00  1.4752E+00
1.0000E+02  4.0467E+02  1.6659E+03  1.1458E+00  1.4788E+00
1.5849E+02  4.5812E+02  1.4699E+03  1.1459E+00  1.4809E+00
2.5119E+02  4.9777E+02  1.2471E+03  1.1461E+00  1.4836E+00
3.9811E+02  5.0565E+02  1.0192E+03  1.1464E+00  1.4877E+00
6.3096E+02  4.7716E+02  7.7708E+02  1.1468E+00  1.4929E+00
1.0000E+03  4.2405E+02  5.9634E+02  1.1471E+00  1.4962E+00
1.5849E+03  3.4370E+02  4.2863E+02  1.1473E+00  1.4991E+00
2.5119E+03  2.7037E+02  3.0889E+02  1.1482E+00  1.5126E+00
3.9811E+03  1.9594E+02  2.1269E+02  1.1489E+00  1.5240E+00
6.3096E+03  1.3980E+02  1.4665E+02  1.1493E+00  1.5334E+00
1.0000E+04  1.0569E+02  1.0846E+02  1.1495E+00  1.5373E+00
Rosseland and Planck opacities and free electrons
Density     Ross opa    Planck opa  No. Free    Av Sq Free  T=  1.7500E-01
1.0000E-10  3.1713E-01  4.3094E-06  1.1499E+00  1.5486E+00
1.5849E-10  3.1713E-01  6.5881E-06  1.1499E+00  1.5485E+00
2.5119E-10  3.1714E-01  9.9416E-06  1.1499E+00  1.5485E+00
3.9811E-10  3.1714E-01  1.5256E-05  1.1499E+00  1.5485E+00
6.3096E-10  3.1715E-01  2.3274E-05  1.1499E+00  1.5485E+00
1.0000E-09  3.1716E-01  3.5960E-05  1.1499E+00  1.5485E+00
1.5849E-09  3.1718E-01  5.4959E-05  1.1499E+00  1.5484E+00
2.5119E-09  3.1720E-01  8.4699E-05  1.1499E+00  1.5484E+00
3.9811E-09  3.1724E-01  1.2932E-04  1.1499E+00  1.5484E+00
6.3096E-09  3.1728E-01  1.9808E-04  1.1499E+00  1.5483E+00
1.0000E-08  3.1734E-01  3.0220E-04  1.1499E+00  1.5482E+00
1.5849E-08  3.1742E-01  4.5960E-04  1.1499E+00  1.5482E+00
2.5119E-08  3.1751E-01  6.9952E-04  1.1499E+00  1.5481E+00
3.9811E-08  3.1763E-01  1.0477E-03  1.1499E+00  1.5480E+00
6.3096E-08  3.1779E-01  1.5932E-03  1.1499E+00  1.5479E+00
1.0000E-07  3.1798E-01  2.3874E-03  1.1499E+00  1.5478E+00
1.5849E-07  3.1823E-01  3.6463E-03  1.1499E+00  1.5476E+00
2.5119E-07  3.1857E-01  5.4882E-03  1.1499E+00  1.5475E+00
3.9811E-07  3.1900E-01  8.3932E-03  1.1498E+00  1.5473E+00
6.3096E-07  3.1968E-01  1.2717E-02  1.1498E+00  1.5472E+00
1.0000E-06  3.2059E-01  1.9459E-02  1.1498E+00  1.5470E+00
1.5849E-06  3.2197E-01  2.9385E-02  1.1498E+00  1.5468E+00
2.5119E-06  3.2381E-01  4.4449E-02  1.1498E+00  1.5465E+00
3.9811E-06  3.2648E-01  6.6693E-02  1.1498E+00  1.5462E+00
6.3096E-06  3.3024E-01  9.9065E-02  1.1498E+00  1.5458E+00
1.0000E-05  3.3544E-01  1.4734E-01  1.1498E+00  1.5454E+00
1.5849E-05  3.4341E-01  2.1205E-01  1.1498E+00  1.5450E+00
2.5119E-05  3.5349E-01  3.1191E-01  1.1497E+00  1.5443E+00
3.9811E-05  3.7003E-01  4.2701E-01  1.1497E+00  1.5437E+00
6.3096E-05  3.8964E-01  6.0943E-01  1.1497E+00  1.5428E+00
1.0000E-04  4.2054E-01  7.9990E-01  1.1497E+00  1.5421E+00
1.5849E-04  4.5729E-01  1.0883E+00  1.1496E+00  1.5410E+00
2.5119E-04  5.0906E-01  1.4032E+00  1.1496E+00  1.5401E+00
3.9811E-04  5.7353E-01  1.8362E+00  1.1496E+00  1.5389E+00
6.3096E-04  6.6231E-01  2.3625E+00  1.1495E+00  1.5378E+00
1.0000E-03  7.8142E-01  3.0371E+00  1.1494E+00  1.5365E+00
1.5849E-03  9.5174E-01  3.9434E+00  1.1494E+00  1.5350E+00
2.5119E-03  1.2007E+00  5.0538E+00  1.1493E+00  1.5336E+00
3.9811E-03  1.5730E+00  6.6850E+00  1.1492E+00  1.5317E+00
6.3096E-03  2.1611E+00  8.6816E+00  1.1491E+00  1.5300E+00
1.0000E-02  3.0363E+00  1.1800E+01  1.1489E+00  1.5274E+00
1.5849E-02  4.4439E+00  1.5451E+01  1.1488E+00  1.5253E+00
2.5119E-02  6.4871E+00  2.1229E+01  1.1485E+00  1.5220E+00
3.9811E-02  9.4328E+00  2.8223E+01  1.1482E+00  1.5189E+00
6.3096E-02  1.3485E+01  3.8884E+01  1.1478E+00  1.5143E+00
1.0000E-01  1.8468E+01  5.1920E+01  1.1473E+00  1.5096E+00
1.5849E-01  2.4753E+01  7.0480E+01  1.1465E+00  1.5035E+00
2.5119E-01  3.1754E+01  9.4129E+01  1.1457E+00  1.4971E+00
3.9811E-01  3.9312E+01  1.2515E+02  1.1449E+00  1.4905E+00
6.3096E-01  4.7290E+01  1.6641E+02  1.1440E+00  1.4831E+00
1.0000E+00  5.4403E+01  2.1568E+02  1.1436E+00  1.4783E+00
1.5849E+00  6.2944E+01  2.8582E+02  1.1432E+00  1.4723E+00
2.5119E+00  7.0583E+01  3.6590E+02  1.1433E+00  1.4701E+00
3.9811E+00  8.0848E+01  4.8309E+02  1.1435E+00  1.4671E+00
6.3096E+00  9.0944E+01  6.0617E+02  1.1439E+00  1.4668E+00
1.0000E+01  1.0550E+02  7.8017E+02  1.1443E+00  1.4664E+00
1.5849E+01  1.2251E+02  9.3396E+02  1.1447E+00  1.4678E+00
2.5119E+01  1.4698E+02  1.1149E+03  1.1451E+00  1.4698E+00
3.9811E+01  1.7893E+02  1.2420E+03  1.1454E+00  1.4728E+00
6.3096E+01  2.1864E+02  1.3068E+03  1.1457E+00  1.4756E+00
1.0000E+02  2.6725E+02  1.2997E+03  1.1459E+00  1.4786E+00
1.5849E+02  3.1535E+02  1.2024E+03  1.1460E+00  1.4817E+00
2.5119E+02  3.6002E+02  1.0592E+03  1.1462E+00  1.4846E+00
3.9811E+02  3.7511E+02  8.8058E+02  1.1466E+00  1.4902E+00
6.3096E+02  3.7281E+02  6.9802E+02  1.1470E+00  1.4950E+00
1.0000E+03  3.4859E+02  5.3899E+02  1.1471E+00  1.4966E+00
1.5849E+03  2.9973E+02  4.0472E+02  1.1474E+00  1.5006E+00
2.5119E+03  2.4150E+02  2.9018E+02  1.1484E+00  1.5149E+00
3.9811E+03  1.8595E+02  2.0819E+02  1.1491E+00  1.5266E+00
6.3096E+03  1.3150E+02  1.4083E+02  1.1493E+00  1.5330E+00
1.0000E+04  9.6411E+01  1.0029E+02  1.1495E+00  1.5382E+00
Rosseland and Planck opacities and free electrons
Density     Ross opa    Planck opa  No. Free    Av Sq Free  T=  2.0000E-01
1.0000E-10  3.1697E-01  1.6498E-06  1.1499E+00  1.5487E+00
1.5849E-10  3.1697E-01  2.5309E-06  1.1499E+00  1.5487E+00
2.5119E-10  3.1697E-01  3.7901E-06  1.1499E+00  1.5487E+00
3.9811E-10  3.1697E-01  5.7106E-06  1.1499E+00  1.5487E+00
6.3096E-10  3.1698E-01  8.5219E-06  1.1499E+00  1.5486E+00
1.0000E-09  3.1698E-01  1.2713E-05  1.1499E+00  1.5486E+00
1.5849E-09  3.1699E-01  1.9069E-05  1.1499E+00  1.5486E+00
2.5119E-09  3.1700E-01  2.8483E-05  1.1499E+00  1.5486E+00
3.9811E-09  3.1702E-01  4.3059E-05  1.1499E+00  1.5486E+00
6.3096E-09  3.1704E-01  6.4192E-05  1.1499E+00  1.5485E+00
1.0000E-08  3.1707E-01  9.7670E-05  1.1499E+00  1.5485E+00
1.5849E-08  3.1711E-01  1.4866E-04  1.1499E+00  1.5485E+00
2.5119E-08  3.1717E-01  2.2948E-04  1.1499E+00  1.5484E+00
3.9811E-08  3.1724E-01  3.5091E-04  1.1499E+00  1.5484E+00
6.3096E-08  3.1734E-01  5.4174E-04  1.1499E+00  1.5484E+00
1.0000E-07  3.1746E-01  8.3253E-04  1.1499E+00  1.5483E+00
1.5849E-07  3.1763E-01  1.2861E-03  1.1499E+00  1.5482E+00
2.5119E-07  3.1784E-01  1.9810E-03  1.1499E+00  1.5482E+00
3.9811E-07  3.1811E-01  3.0515E-03  1.1499E+00  1.5481E+00
6.3096E-07  3.1847E-01  4.7118E-03  1.1499E+00  1.5479E+00
1.0000E-06  3.1894E-01  7.2474E-03  1.1499E+00  1.5478E+00
1.5849E-06  3.1957E-01  1.1221E-02  1.1499E+00  1.5477E+00
2.5119E-06  3.2047E-01  1.7202E-02  1.1499E+00  1.5475E+00
3.9811E-06  3.2165E-01  2.6682E-02  1.1498E+00  1.5473E+00
6.3096E-06  3.2347E-01  4.0443E-02  1.1498E+00  1.5471E+00
1.0000E-05  3.2585E-01  6.2224E-02  1.1498E+00  1.5469E+00
1.5849E-05  3.2962E-01  9.2973E-02  1.1498E+00  1.5466E+00
2.5119E-05  3.3459E-01  1.4060E-01  1.1498E+00  1.5463E+00
3.9811E-05  3.4248E-01  2.0555E-01  1.1498E+00  1.5459E+00
6.3096E-05  3.5334E-01  3.0100E-01  1.1498E+00  1.5454E+00
1.0000E-04  3.7013E-01  4.2855E-01  1.1498E+00  1.5448E+00
1.5849E-04  3.9439E-01  5.9658E-01  1.1497E+00  1.5442E+00
2.5119E-04  4.2947E-01  8.2865E-01  1.1497E+00  1.5433E+00
3.9811E-04  4.8202E-01  1.0930E+00  1.1497E+00  1.5425E+00
6.3096E-04  5.5225E-01  1.4893E+00  1.1496E+00  1.5413E+00
1.0000E-03  6.5661E-01  1.9117E+00  1.1496E+00  1.5404E+00
1.5849E-03  7.9385E-01  2.5810E+00  1.1495E+00  1.5388E+00
2.5119E-03  9.9493E-01  3.2971E+00  1.1495E+00  1.5377E+00
3.9811E-03  1.2728E+00  4.4101E+00  1.1494E+00  1.5360E+00
6.3096E-03  1.6928E+00  5.7376E+00  1.1493E+00  1.5344E+00
1.0000E-02  2.3016E+00  7.6876E+00  1.1492E+00  1.5324E+00
1.5849E-02  3.2355E+00  1.0209E+01  1.1490E+00  1.5303E+00
2.5119E-02  4.5957E+00  1.3738E+01  1.1489E+00  1.5278E+00
3.9811E-02  6.5408E+00  1.8607E+01  1.1486E+00  1.5247E+00
6.3096E-02  9.1850E+00  2.5146E+01  1.1483E+00  1.5213E+00
1.0000E-01  1.2628E+01  3.4543E+01  1.1478E+00  1.5166E+00
1.5849E-01  1.6648E+01  4.6204E+01  1.1473E+00  1.5120E+00
2.5119E-01  2.1703E+01  6.3824E+01  1.1465E+00  1.5053E+00
3.9811E-01  2.6414E+01  8.3265E+01  1.1460E+00  1.5003E+00
6.3096E-01  3.2414E+01  1.1361E+02  1.1451E+00  1.4924E+00
1.0000E+00  3.7002E+01  1.4673E+02  1.1449E+00  1.4881E+00
1.5849E+00  4.2919E+01  1.9684E+02  1.1446E+00  1.4822E+00
2.5119E+00  4.8431E+01  2.5429E+02  1.1445E+00  1.4788E+00
3.9811E+00  5.5458E+01  3.3558E+02  1.1446E+00  1.4755E+00
6.3096E+00  6.2988E+01  4.2814E+02  1.1448E+00  1.4734E+00
1.0000E+01  7.2718E+01  5.4674E+02  1.1450E+00  1.4720E+00
1.5849E+01  8.4579E+01  6.7211E+02  1.1452E+00  1.4717E+00
2.5119E+01  1.0088E+02  8.1747E+02  1.1454E+00  1.4725E+00
3.9811E+01  1.2207E+02  9.2590E+02  1.1456E+00  1.4745E+00
6.3096E+01  1.5155E+02  1.0181E+03  1.1458E+00  1.4775E+00
1.0000E+02  1.8814E+02  1.0442E+03  1.1460E+00  1.4807E+00
1.5849E+02  2.2724E+02  1.0035E+03  1.1461E+00  1.4827E+00
2.5119E+02  2.5945E+02  8.9219E+02  1.1462E+00  1.4854E+00
3.9811E+02  2.8514E+02  7.6623E+02  1.1465E+00  1.4894E+00
6.3096E+02  2.9562E+02  6.3579E+02  1.1470E+00  1.4951E+00
1.0000E+03  2.8489E+02  4.8906E+02  1.1471E+00  1.4965E+00
1.5849E+03  2.5933E+02  3.7892E+02  1.1475E+00  1.5021E+00
2.5119E+03  2.1789E+02  2.7736E+02  1.1490E+00  1.5238E+00
3.9811E+03  1.7256E+02  2.0014E+02  1.1491E+00  1.5288E+00
6.3096E+03  1.2511E+02  1.3713E+02  1.1493E+00  1.5333E+00
1.0000E+04  9.0083E+01  9.5071E+01  1.1496E+00  1.5392E+00
Rosseland and Planck opacities and free electrons
Density     Ross opa    Planck opa  No. Free    Av Sq Free  T=  2.2500E-01
1.0000E-10  3.1664E-01  7.4872E-07  1.1499E+00  1.5488E+00
1.5849E-10  3.1665E-01  1.1141E-06  1.1499E+00  1.5488E+00
2.5119E-10  3.1665E-01  1.6942E-06  1.1499E+00  1.5488E+00
3.9811E-10  3.1665E-01  2.6169E-06  1.1499E+00  1.5488E+00
6.3096E-10  3.1665E-01  4.0332E-06  1.1499E+00  1.5488E+00
1.0000E-09  3.1665E-01  5.9226E-06  1.1499E+00  1.5488E+00
1.5849E-09  3.1666E-01  8.9170E-06  1.1499E+00  1.5487E+00
2.5119E-09  3.1666E-01  1.3091E-05  1.1499E+00  1.5487E+00
3.9811E-09  3.1667E-01  1.9683E-05  1.1499E+00  1.5487E+00
6.3096E-09  3.1668E-01  2.9286E-05  1.1499E+00  1.5487E+00
1.0000E-08  3.1669E-01  4.4238E-05  1.1499E+00  1.5487E+00
1.5849E-08  3.1671E-01  6.6165E-05  1.1499E+00  1.5486E+00
2.5119E-08  3.1674E-01  9.9591E-05  1.1499E+00  1.5486E+00
3.9811E-08  3.1678E-01  1.5109E-04  1.1499E+00  1.5486E+00
6.3096E-08  3.1684E-01  2.3048E-04  1.1499E+00  1.5486E+00
1.0000E-07  3.1692E-01  3.5342E-04  1.1499E+00  1.5485E+00
1.5849E-07  3.1703E-01  5.3903E-04  1.1499E+00  1.5485E+00
2.5119E-07  3.1717E-01  8.3090E-04  1.1499E+00  1.5484E+00
3.9811E-07  3.1737E-01  1.2704E-03  1.1499E+00  1.5484E+00
6.3096E-07  3.1762E-01  1.9669E-03  1.1499E+00  1.5484E+00
1.0000E-06  3.1795E-01  2.9965E-03  1.1499E+00  1.5483E+00
1.5849E-06  3.1838E-01  4.6225E-03  1.1499E+00  1.5482E+00
2.5119E-06  3.1894E-01  6.9818E-03  1.1499E+00  1.5481E+00
3.9811E-06  3.1967E-01  1.0639E-02  1.1499E+00  1.5480E+00
6.3096E-06  3.2067E-01  1.6048E-02  1.1499E+00  1.5478E+00
1.0000E-05  3.2203E-01  2.4292E-02  1.1499E+00  1.5477E+00
1.5849E-05  3.2397E-01  3.6650E-02  1.1498E+00  1.5475E+00
2.5119E-05  3.2674E-01  5.5036E-02  1.1498E+00  1.5473E+00
3.9811E-05  3.3074E-01  8.2950E-02  1.1498E+00  1.5470E+00
6.3096E-05  3.3676E-01  1.2265E-01  1.1498E+00  1.5468E+00
1.0000E-04  3.4507E-01  1.8439E-01  1.1498E+00  1.5463E+00
1.5849E-04  3.5865E-01  2.6576E-01  1.1498E+00  1.5460E+00
2.5119E-04  3.7694E-01  3.9470E-01  1.1498E+00  1.5454E+00
3.9811E-04  4.0874E-01  5.5398E-01  1.1497E+00  1.5448E+00
6.3096E-04  4.5222E-01  8.0083E-01  1.1497E+00  1.5440E+00
1.0000E-03  5.2503E-01  1.1021E+00  1.1497E+00  1.5432E+00
1.5849E-03  6.2792E-01  1.5395E+00  1.1496E+00  1.5421E+00
2.5119E-03  7.8410E-01  2.0908E+00  1.1496E+00  1.5409E+00
3.9811E-03  1.0073E+00  2.8289E+00  1.1495E+00  1.5395E+00
6.3096E-03  1.3307E+00  3.8356E+00  1.1494E+00  1.5379E+00
1.0000E-02  1.7934E+00  5.1206E+00  1.1493E+00  1.5363E+00
1.5849E-02  2.4711E+00  7.0021E+00  1.1492E+00  1.5342E+00
2.5119E-02  3.4362E+00  9.3097E+00  1.1491E+00  1.5322E+00
3.9811E-02  4.8006E+00  1.2894E+01  1.1489E+00  1.5291E+00
6.3096E-02  6.5807E+00  1.7130E+01  1.1486E+00  1.5264E+00
1.0000E-01  8.9745E+00  2.3813E+01  1.1482E+00  1.5221E+00
1.5849E-01  1.1664E+01  3.1711E+01  1.1478E+00  1.5183E+00
2.5119E-01  1.5067E+01  4.3730E+01  1.1472E+00  1.5128E+00
3.9811E-01  1.8483E+01  5.8187E+01  1.1467E+00  1.5077E+00
6.3096E-01  2.2389E+01  7.8636E+01  1.1462E+00  1.5017E+00
1.0000E+00  2.6190E+01  1.0453E+02  1.1458E+00  1.4960E+00
1.5849E+00  2.9998E+01  1.3892E+02  1.1456E+00  1.4912E+00
2.5119E+00  3.4370E+01  1.8450E+02  1.1454E+00  1.4861E+00
3.9811E+00  3.9031E+01  2.4108E+02  1.1454E+00  1.4828E+00
6.3096E+00  4.4988E+01  3.1683E+02  1.1455E+00  1.4791E+00
1.0000E+01  5.1559E+01  3.9840E+02  1.1455E+00  1.4773E+00
1.5849E+01  6.0650E+01  5.0464E+02  1.1456E+00  1.4754E+00
2.5119E+01  7.1473E+01  6.0821E+02  1.1457E+00  1.4755E+00
3.9811E+01  8.6795E+01  7.1519E+02  1.1458E+00  1.4763E+00
6.3096E+01  1.0827E+02  8.0257E+02  1.1459E+00  1.4787E+00
1.0000E+02  1.3385E+02  8.3630E+02  1.1460E+00  1.4811E+00
1.5849E+02  1.6447E+02  8.2744E+02  1.1461E+00  1.4835E+00
2.5119E+02  1.9346E+02  7.6224E+02  1.1463E+00  1.4859E+00
3.9811E+02  2.2208E+02  6.7518E+02  1.1465E+00  1.4892E+00
6.3096E+02  2.3320E+02  5.6535E+02  1.1469E+00  1.4937E+00
1.0000E+03  2.3356E+02  4.4736E+02  1.1472E+00  1.4972E+00
1.5849E+03  2.2136E+02  3.4934E+02  1.1475E+00  1.5019E+00
2.5119E+03  1.9331E+02  2.6252E+02  1.1485E+00  1.5169E+00
3.9811E+03  1.5760E+02  1.9013E+02  1.1492E+00  1.5293E+00
6.3096E+03  1.1934E+02  1.3420E+02  1.1493E+00  1.5333E+00
1.0000E+04  8.5354E+01  9.1613E+01  1.1495E+00  1.5380E+00
Rosseland and Planck opacities and free electrons
Density     Ross opa    Planck opa  No. Free    Av Sq Free  T=  2.5000E-01
1.0000E-10  3.1636E-01  4.0368E-07  1.1499E+00  1.5488E+00
1.5849E-10  3.1636E-01  5.8012E-07  1.1499E+00  1.5488E+00
2.5119E-10  3.1636E-01  8.5975E-07  1.1499E+00  1.5488E+00
3.9811E-10  3.1636E-01  1.2806E-06  1.1499E+00  1.5488E+00
6.3096E-10  3.1636E-01  1.9469E-06  1.1499E+00  1.5488E+00
1.0000E-09  3.1636E-01  2.9270E-06  1.1499E+00  1.5488E+00
1.5849E-09  3.1636E-01  4.4564E-06  1.1499E+00  1.5488E+00
2.5119E-09  3.1637E-01  6.7943E-06  1.1499E+00  1.5488E+00
3.9811E-09  3.1637E-01  1.0435E-05  1.1499E+00  1.5488E+00
6.3096E-09  3.1638E-01  1.5788E-05  1.1499E+00  1.5488E+00
1.0000E-08  3.1638E-01  2.3641E-05  1.1499E+00  1.5488E+00
1.5849E-08  3.1640E-01  3.5519E-05  1.1499E+00  1.5487E+00
2.5119E-08  3.1641E-01  5.2522E-05  1.1499E+00  1.5487E+00
3.9811E-08  3.1644E-01  7.9172E-05  1.1499E+00  1.5487E+00
6.3096E-08  3.1647E-01  1.1839E-04  1.1499E+00  1.5487E+00
1.0000E-07  3.1652E-01  1.8054E-04  1.1499E+00  1.5486E+00
1.5849E-07  3.1658E-01  2.6922E-04  1.1499E+00  1.5486E+00
2.5119E-07  3.1667E-01  4.0899E-04  1.1499E+00  1.5486E+00
3.9811E-07  3.1680E-01  6.1742E-04  1.1499E+00  1.5486E+00
6.3096E-07  3.1697E-01  9.4285E-04  1.1499E+00  1.5485E+00
1.0000E-06  3.1719E-01  1.4404E-03  1.1499E+00  1.5485E+00
1.5849E-06  3.1750E-01  2.2135E-03  1.1499E+00  1.5485E+00
2.5119E-06  3.1791E-01  3.3934E-03  1.1499E+00  1.5484E+00
3.9811E-06  3.1844E-01  5.1860E-03  1.1499E+00  1.5483E+00
6.3096E-06  3.1914E-01  7.9447E-03  1.1499E+00  1.5483E+00
1.0000E-05  3.2007E-01  1.2011E-02  1.1499E+00  1.5482E+00
1.5849E-05  3.2132E-01  1.8382E-02  1.1499E+00  1.5480E+00
2.5119E-05  3.2306E-01  2.7432E-02  1.1499E+00  1.5479E+00
3.9811E-05  3.2546E-01  4.1777E-02  1.1499E+00  1.5477E+00
6.3096E-05  3.2907E-01  6.1981E-02  1.1498E+00  1.5475E+00
1.0000E-04  3.3411E-01  9.3694E-02  1.1498E+00  1.5473E+00
1.5849E-04  3.4194E-01  1.3847E-01  1.1498E+00  1.5470E+00
2.5119E-04  3.5306E-01  2.0701E-01  1.1498E+00  1.5466E+00
3.9811E-04  3.7068E-01  3.0397E-01  1.1498E+00  1.5462E+00
6.3096E-04  3.9687E-01  4.4640E-01  1.1498E+00  1.5457E+00
1.0000E-03  4.3836E-01  6.5021E-01  1.1497E+00  1.5450E+00
1.5849E-03  5.0391E-01  9.3079E-01  1.1497E+00  1.5443E+00
2.5119E-03  6.0334E-01  1.3424E+00  1.1497E+00  1.5432E+00
3.9811E-03  7.6414E-01  1.8514E+00  1.1496E+00  1.5422E+00
6.3096E-03  9.9752E-01  2.6418E+00  1.1495E+00  1.5407E+00
1.0000E-02  1.3502E+00  3.5303E+00  1.1495E+00  1.5394E+00
1.5849E-02  1.8608E+00  4.9378E+00  1.1494E+00  1.5374E+00
2.5119E-02  2.5695E+00  6.5655E+00  1.1493E+00  1.5356E+00
3.9811E-02  3.5654E+00  9.0432E+00  1.1491E+00  1.5331E+00
6.3096E-02  4.8347E+00  1.2163E+01  1.1489E+00  1.5304E+00
1.0000E-01  6.4794E+00  1.6687E+01  1.1486E+00  1.5270E+00
1.5849E-01  8.4424E+00  2.2679E+01  1.1482E+00  1.5231E+00
2.5119E-01  1.0753E+01  3.0903E+01  1.1477E+00  1.5187E+00
3.9811E-01  1.3400E+01  4.2222E+01  1.1472E+00  1.5135E+00
6.3096E-01  1.6043E+01  5.6465E+01  1.1469E+00  1.5088E+00
1.0000E+00  1.9244E+01  7.7069E+01  1.1464E+00  1.5025E+00
1.5849E+00  2.1811E+01  1.0136E+02  1.1463E+00  1.4984E+00
2.5119E+00  2.5293E+01  1.3817E+02  1.1461E+00  1.4922E+00
3.9811E+00  2.8453E+01  1.7883E+02  1.1461E+00  1.4892E+00
6.3096E+00  3.3038E+01  2.4125E+02  1.1460E+00  1.4843E+00
1.0000E+01  3.7704E+01  3.0117E+02  1.1460E+00  1.4821E+00
1.5849E+01  4.4698E+01  3.8757E+02  1.1459E+00  1.4790E+00
2.5119E+01  5.2447E+01  4.6681E+02  1.1460E+00  1.4786E+00
3.9811E+01  6.3960E+01  5.6762E+02  1.1460E+00  1.4784E+00
6.3096E+01  7.8980E+01  6.3473E+02  1.1460E+00  1.4800E+00
1.0000E+02  9.8839E+01  6.8385E+02  1.1461E+00  1.4822E+00
1.5849E+02  1.2315E+02  6.9437E+02  1.1462E+00  1.4846E+00
2.5119E+02  1.4841E+02  6.6029E+02  1.1464E+00  1.4873E+00
3.9811E+02  1.7260E+02  5.9365E+02  1.1469E+00  1.4931E+00
6.3096E+02  1.8696E+02  5.0576E+02  1.1471E+00  1.4956E+00
1.0000E+03  1.9354E+02  4.1370E+02  1.1472E+00  1.4977E+00
1.5849E+03  1.9019E+02  3.2528E+02  1.1476E+00  1.5031E+00
2.5119E+03  1.7360E+02  2.5242E+02  1.1487E+00  1.5192E+00
3.9811E+03  1.4341E+02  1.8122E+02  1.1492E+00  1.5292E+00
6.3096E+03  1.1392E+02  1.3173E+02  1.1493E+00  1.5339E+00
1.0000E+04  8.1639E+01  8.9280E+01  1.1495E+00  1.5375E+00
Rosseland and Planck opacities and free electrons
Density     Ross opa    Planck opa  No. Free    Av Sq Free  T=  2.7500E-01
1.0000E-10  3.1610E-01  6.8859E-07  1.1499E+00  1.5489E+00
1.5849E-10  3.1610E-01  7.7843E-07  1.1499E+00  1.5489E+00
2.5119E-10  3.1610E-01  9.1655E-07  1.1499E+00  1.5489E+00
3.9811E-10  3.1610E-01  1.1110E-06  1.1499E+00  1.5489E+00
6.3096E-10  3.1610E-01  1.4031E-06  1.1499E+00  1.5488E+00
1.0000E-09  3.1610E-01  1.8520E-06  1.1499E+00  1.5488E+00
1.5849E-09  3.1610E-01  2.5445E-06  1.1499E+00  1.5488E+00
2.5119E-09  3.1610E-01  3.6335E-06  1.1499E+00  1.5488E+00
3.9811E-09  3.1610E-01  5.3356E-06  1.1499E+00  1.5488E+00
6.3096E-09  3.1611E-01  8.0018E-06  1.1499E+00  1.5488E+00
1.0000E-08  3.1611E-01  1.1992E-05  1.1499E+00  1.5488E+00
1.5849E-08  3.1612E-01  1.8317E-05  1.1499E+00  1.5488E+00
2.5119E-08  3.1613E-01  2.6848E-05  1.1499E+00  1.5488E+00
3.9811E-08  3.1614E-01  4.0317E-05  1.1499E+00  1.5488E+00
6.3096E-08  3.1617E-01  6.1409E-05  1.1499E+00  1.5488E+00
1.0000E-07  3.1620E-01  9.4758E-05  1.1499E+00  1.5487E+00
1.5849E-07  3.1624E-01  1.4380E-04  1.1499E+00  1.5487E+00
2.5119E-07  3.1630E-01  2.1871E-04  1.1499E+00  1.5487E+00
3.9811E-07  3.1638E-01  3.3079E-04  1.1499E+00  1.5487E+00
6.3096E-07  3.1649E-01  4.9856E-04  1.1499E+00  1.5487E+00
1.0000E-06  3.1664E-01  7.5710E-04  1.1499E+00  1.5486E+00
1.5849E-06  3.1685E-01  1.1438E-03  1.1499E+00  1.5486E+00
2.5119E-06  3.1713E-01  1.7499E-03  1.1499E+00  1.5486E+00
3.9811E-06  3.1752E-01  2.6455E-03  1.1499E+00  1.5485E+00
6.3096E-06  3.1803E-01  4.0649E-03  1.1499E+00  1.5485E+00
1.0000E-05  3.1871E-01  6.1642E-03  1.1499E+00  1.5484E+00
1.5849E-05  3.1963E-01  9.4803E-03  1.1499E+00  1.5483E+00
2.5119E-05  3.2087E-01  1.4363E-02  1.1499E+00  1.5483E+00
3.9811E-05  3.2256E-01  2.1965E-02  1.1499E+00  1.5481E+00
6.3096E-05  3.2495E-01  3.3109E-02  1.1499E+00  1.5480E+00
1.0000E-04  3.2834E-01  5.0018E-02  1.1499E+00  1.5478E+00
1.5849E-04  3.3333E-01  7.5157E-02  1.1498E+00  1.5476E+00
2.5119E-04  3.4065E-01  1.1223E-01  1.1498E+00  1.5474E+00
3.9811E-04  3.5148E-01  1.6852E-01  1.1498E+00  1.5471E+00
6.3096E-04  3.6818E-01  2.4880E-01  1.1498E+00  1.5467E+00
1.0000E-03  3.9254E-01  3.7378E-01  1.1498E+00  1.5462E+00
1.5849E-03  4.3361E-01  5.4316E-01  1.1498E+00  1.5457E+00
2.5119E-03  4.9284E-01  8.1141E-01  1.1497E+00  1.5449E+00
3.9811E-03  5.9699E-01  1.1555E+00  1.1497E+00  1.5441E+00
6.3096E-03  7.5065E-01  1.6914E+00  1.1496E+00  1.5429E+00
1.0000E-02  9.9800E-01  2.3658E+00  1.1496E+00  1.5418E+00
1.5849E-02  1.3652E+00  3.3590E+00  1.1495E+00  1.5402E+00
2.5119E-02  1.8907E+00  4.6448E+00  1.1494E+00  1.5384E+00
3.9811E-02  2.6197E+00  6.4090E+00  1.1492E+00  1.5363E+00
6.3096E-02  3.5856E+00  8.8441E+00  1.1491E+00  1.5336E+00
1.0000E-01  4.7504E+00  1.2027E+01  1.1488E+00  1.5308E+00
1.5849E-01  6.2490E+00  1.6692E+01  1.1485E+00  1.5269E+00
2.5119E-01  7.8536E+00  2.2530E+01  1.1481E+00  1.5234E+00
3.9811E-01  9.9662E+00  3.1511E+01  1.1476E+00  1.5180E+00
6.3096E-01  1.1830E+01  4.1813E+01  1.1474E+00  1.5143E+00
1.0000E+00  1.4413E+01  5.7921E+01  1.1470E+00  1.5084E+00
1.5849E+00  1.6400E+01  7.6254E+01  1.1469E+00  1.5044E+00
2.5119E+00  1.8974E+01  1.0373E+02  1.1467E+00  1.4989E+00
3.9811E+00  2.1494E+01  1.3643E+02  1.1466E+00  1.4947E+00
6.3096E+00  2.4697E+01  1.8273E+02  1.1465E+00  1.4901E+00
1.0000E+01  2.8408E+01  2.3457E+02  1.1464E+00  1.4865E+00
1.5849E+01  3.3402E+01  2.9798E+02  1.1463E+00  1.4834E+00
2.5119E+01  3.9727E+01  3.6834E+02  1.1462E+00  1.4815E+00
3.9811E+01  4.8516E+01  4.4907E+02  1.1462E+00  1.4811E+00
6.3096E+01  5.9692E+01  5.1317E+02  1.1462E+00  1.4818E+00
1.0000E+02  7.5223E+01  5.6887E+02  1.1462E+00  1.4833E+00
1.5849E+02  9.4493E+01  5.8912E+02  1.1463E+00  1.4857E+00
2.5119E+02  1.1585E+02  5.7427E+02  1.1464E+00  1.4872E+00
3.9811E+02  1.3520E+02  5.2053E+02  1.1468E+00  1.4918E+00
6.3096E+02  1.5224E+02  4.5535E+02  1.1471E+00  1.4960E+00
1.0000E+03  1.6189E+02  3.8487E+02  1.1472E+00  1.4981E+00
1.5849E+03  1.6165E+02  3.0105E+02  1.1477E+00  1.5042E+00
2.5119E+03  1.5354E+02  2.3777E+02  1.1487E+00  1.5194E+00
3.9811E+03  1.3096E+02  1.7357E+02  1.1492E+00  1.5296E+00
6.3096E+03  1.0613E+02  1.2655E+02  1.1494E+00  1.5349E+00
1.0000E+04  7.8426E+01  8.7508E+01  1.1495E+00  1.5384E+00
Rosseland and Planck opacities and free electrons
Density     Ross opa    Planck opa  No. Free    Av Sq Free  T=  3.0000E-01
1.0000E-10  3.1586E-01  1.5976E-06  1.1499E+00  1.5493E+00
1.5849E-10  3.1586E-01  1.7411E-06  1.1499E+00  1.5491E+00
2.5119E-10  3.1586E-01  1.8718E-06  1.1499E+00  1.5491E+00
3.9811E-10  3.1586E-01  2.0427E-06  1.1499E+00  1.5490E+00
6.3096E-10  3.1586E-01  2.2380E-06  1.1499E+00  1.5489E+00
1.0000E-09  3.1586E-01  2.5293E-06  1.1499E+00  1.5489E+00
1.5849E-09  3.1586E-01  2.9011E-06  1.1499E+00  1.5489E+00
2.5119E-09  3.1586E-01  3.4882E-06  1.1499E+00  1.5489E+00
3.9811E-09  3.1586E-01  4.3328E-06  1.1499E+00  1.5489E+00
6.3096E-09  3.1587E-01  5.6714E-06  1.1499E+00  1.5488E+00
1.0000E-08  3.1587E-01  7.7206E-06  1.1499E+00  1.5488E+00
1.5849E-08  3.1587E-01  1.0954E-05  1.1499E+00  1.5488E+00
2.5119E-08  3.1588E-01  1.5997E-05  1.1499E+00  1.5488E+00
3.9811E-08  3.1589E-01  2.3943E-05  1.1499E+00  1.5488E+00
6.3096E-08  3.1590E-01  3.6040E-05  1.1499E+00  1.5488E+00
1.0000E-07  3.1593E-01  5.4631E-05  1.1499E+00  1.5488E+00
1.5849E-07  3.1595E-01  8.3551E-05  1.1499E+00  1.5488E+00
2.5119E-07  3.1600E-01  1.2809E-04  1.1499E+00  1.5488E+00
3.9811E-07  3.1605E-01  1.9714E-04  1.1499E+00  1.5488E+00
6.3096E-07  3.1613E-01  2.9732E-04  1.1499E+00  1.5487E+00
1.0000E-06  3.1624E-01  4.5603E-04  1.1499E+00  1.5487E+00
1.5849E-06  3.1639E-01  6.8714E-04  1.1499E+00  1.5487E+00
2.5119E-06  3.1659E-01  1.0534E-03  1.1499E+00  1.5487E+00
3.9811E-06  3.1686E-01  1.6037E-03  1.1499E+00  1.5486E+00
6.3096E-06  3.1723E-01  2.4682E-03  1.1499E+00  1.5486E+00
1.0000E-05  3.1773E-01  3.7622E-03  1.1499E+00  1.5486E+00
1.5849E-05  3.1840E-01  5.7640E-03  1.1499E+00  1.5485E+00
2.5119E-05  3.1932E-01  8.8148E-03  1.1499E+00  1.5484E+00
3.9811E-05  3.2056E-01  1.3490E-02  1.1499E+00  1.5484E+00
6.3096E-05  3.2229E-01  2.0678E-02  1.1499E+00  1.5483E+00
1.0000E-04  3.2472E-01  3.1466E-02  1.1499E+00  1.5482E+00
1.5849E-04  3.2818E-01  4.8228E-02  1.1499E+00  1.5480E+00
2.5119E-04  3.3323E-01  7.2311E-02  1.1499E+00  1.5479E+00
3.9811E-04  3.4048E-01  1.1048E-01  1.1498E+00  1.5476E+00
6.3096E-04  3.5182E-01  1.6335E-01  1.1498E+00  1.5474E+00
1.0000E-03  3.6817E-01  2.4683E-01  1.1498E+00  1.5470E+00
1.5849E-03  3.9466E-01  3.6261E-01  1.1498E+00  1.5466E+00
2.5119E-03  4.3375E-01  5.4084E-01  1.1498E+00  1.5460E+00
3.9811E-03  4.9852E-01  7.8557E-01  1.1497E+00  1.5454E+00
6.3096E-03  5.9848E-01  1.1458E+00  1.1497E+00  1.5446E+00
1.0000E-02  7.5939E-01  1.6471E+00  1.1496E+00  1.5435E+00
1.5849E-02  1.0111E+00  2.3381E+00  1.1496E+00  1.5423E+00
2.5119E-02  1.3878E+00  3.3397E+00  1.1495E+00  1.5406E+00
3.9811E-02  1.9224E+00  4.6349E+00  1.1494E+00  1.5388E+00
6.3096E-02  2.6793E+00  6.5984E+00  1.1492E+00  1.5362E+00
1.0000E-01  3.5235E+00  8.9070E+00  1.1490E+00  1.5338E+00
1.5849E-01  4.6974E+00  1.2545E+01  1.1487E+00  1.5301E+00
2.5119E-01  5.8688E+00  1.6877E+01  1.1484E+00  1.5271E+00
3.9811E-01  7.4322E+00  2.3588E+01  1.1480E+00  1.5225E+00
6.3096E-01  8.9389E+00  3.1760E+01  1.1478E+00  1.5187E+00
1.0000E+00  1.0828E+01  4.3709E+01  1.1475E+00  1.5139E+00
1.5849E+00  1.2644E+01  5.8723E+01  1.1473E+00  1.5094E+00
2.5119E+00  1.4577E+01  7.9376E+01  1.1472E+00  1.5046E+00
3.9811E+00  1.6735E+01  1.0649E+02  1.1470E+00  1.4996E+00
6.3096E+00  1.9042E+01  1.4166E+02  1.1469E+00  1.4953E+00
1.0000E+01  2.2007E+01  1.8697E+02  1.1467E+00  1.4905E+00
1.5849E+01  2.5656E+01  2.3551E+02  1.1466E+00  1.4874E+00
2.5119E+01  3.0726E+01  2.9729E+02  1.1464E+00  1.4842E+00
3.9811E+01  3.7280E+01  3.5964E+02  1.1464E+00  1.4836E+00
6.3096E+01  4.6182E+01  4.2215E+02  1.1463E+00  1.4836E+00
1.0000E+02  5.8376E+01  4.7662E+02  1.1463E+00  1.4847E+00
1.5849E+02  7.2960E+01  4.9779E+02  1.1464E+00  1.4866E+00
2.5119E+02  9.0797E+01  4.9581E+02  1.1465E+00  1.4884E+00
3.9811E+02  1.0809E+02  4.6038E+02  1.1466E+00  1.4904E+00
6.3096E+02  1.2557E+02  4.1192E+02  1.1468E+00  1.4934E+00
1.0000E+03  1.3460E+02  3.5020E+02  1.1472E+00  1.4980E+00
1.5849E+03  1.3932E+02  2.8250E+02  1.1481E+00  1.5109E+00
2.5119E+03  1.3613E+02  2.2445E+02  1.1490E+00  1.5251E+00
3.9811E+03  1.1953E+02  1.6705E+02  1.1492E+00  1.5295E+00
6.3096E+03  9.8640E+01  1.2155E+02  1.1493E+00  1.5343E+00
1.0000E+04  7.5425E+01  8.5991E+01  1.1496E+00  1.5395E+00
Rosseland and Planck opacities and free electrons
Density     Ross opa    Planck opa  No. Free    Av Sq Free  T=  3.5000E-01
1.0000E-10  3.1546E-01  3.1556E-06  1.1500E+00  1.5520E+00
1.5849E-10  3.1546E-01  4.4294E-06  1.1500E+00  1.5517E+00
2.5119E-10  3.1546E-01  5.5722E-06  1.1499E+00  1.5514E+00
3.9811E-10  3.1545E-01  7.3835E-06  1.1499E+00  1.5510E+00
6.3096E-10  3.1545E-01  8.9782E-06  1.1499E+00  1.5508E+00
1.0000E-09  3.1545E-01  1.1274E-05  1.1499E+00  1.5504E+00
1.5849E-09  3.1545E-01  1.3336E-05  1.1499E+00  1.5501E+00
2.5119E-09  3.1545E-01  1.5764E-05  1.1499E+00  1.5498E+00
3.9811E-09  3.1545E-01  1.8114E-05  1.1499E+00  1.5496E+00
6.3096E-09  3.1545E-01  2.0168E-05  1.1499E+00  1.5494E+00
1.0000E-08  3.1545E-01  2.2597E-05  1.1499E+00  1.5492E+00
1.5849E-08  3.1545E-01  2.4583E-05  1.1499E+00  1.5491E+00
2.5119E-08  3.1545E-01  2.7454E-05  1.1499E+00  1.5490E+00
3.9811E-08  3.1546E-01  3.0485E-05  1.1499E+00  1.5490E+00
6.3096E-08  3.1546E-01  3.5274E-05  1.1499E+00  1.5489E+00
1.0000E-07  3.1547E-01  4.1766E-05  1.1499E+00  1.5489E+00
1.5849E-07  3.1548E-01  5.2054E-05  1.1499E+00  1.5489E+00
2.5119E-07  3.1550E-01  6.7871E-05  1.1499E+00  1.5489E+00
3.9811E-07  3.1553E-01  9.2827E-05  1.1499E+00  1.5488E+00
6.3096E-07  3.1556E-01  1.3079E-04  1.1499E+00  1.5488E+00
1.0000E-06  3.1562E-01  1.8997E-04  1.1499E+00  1.5488E+00
1.5849E-06  3.1569E-01  2.8046E-04  1.1499E+00  1.5488E+00
2.5119E-06  3.1580E-01  4.1971E-04  1.1499E+00  1.5488E+00
3.9811E-06  3.1595E-01  6.3510E-04  1.1499E+00  1.5488E+00
6.3096E-06  3.1615E-01  9.6288E-04  1.1499E+00  1.5488E+00
1.0000E-05  3.1643E-01  1.4732E-03  1.1499E+00  1.5487E+00
1.5849E-05  3.1681E-01  2.2203E-03  1.1499E+00  1.5487E+00
2.5119E-05  3.1734E-01  3.4043E-03  1.1499E+00  1.5487E+00
3.9811E-05  3.1805E-01  5.1286E-03  1.1499E+00  1.5486E+00
6.3096E-05  3.1905E-01  7.8590E-03  1.1499E+00  1.5486E+00
1.0000E-04  3.2045E-01  1.1904E-02  1.1499E+00  1.5485E+00
1.5849E-04  3.2241E-01  1.8235E-02  1.1499E+00  1.5484E+00
2.5119E-04  3.2520E-01  2.7697E-02  1.1499E+00  1.5484E+00
3.9811E-04  3.2918E-01  4.2297E-02  1.1499E+00  1.5482E+00
6.3096E-04  3.3497E-01  6.4262E-02  1.1499E+00  1.5481E+00
1.0000E-03  3.4350E-01  9.7426E-02  1.1498E+00  1.5479E+00
1.5849E-03  3.5627E-01  1.4784E-01  1.1498E+00  1.5477E+00
2.5119E-03  3.7578E-01  2.2172E-01  1.1498E+00  1.5474E+00
3.9811E-03  4.0511E-01  3.3641E-01  1.1498E+00  1.5469E+00
6.3096E-03  4.5222E-01  4.9890E-01  1.1498E+00  1.5465E+00
1.0000E-02  5.2249E-01  7.5635E-01  1.1497E+00  1.5457E+00
1.5849E-02  6.3968E-01  1.1082E+00  1.1497E+00  1.5450E+00
2.5119E-02  8.1611E-01  1.6623E+00  1.1496E+00  1.5438E+00
3.9811E-02  1.0863E+00  2.4067E+00  1.1495E+00  1.5425E+00
6.3096E-02  1.4835E+00  3.5385E+00  1.1494E+00  1.5406E+00
1.0000E-01  1.9953E+00  5.0278E+00  1.1492E+00  1.5385E+00
1.5849E-01  2.6652E+00  7.1460E+00  1.1490E+00  1.5358E+00
2.5119E-01  3.4673E+00  1.0027E+01  1.1488E+00  1.5327E+00
3.9811E-01  4.3518E+00  1.3838E+01  1.1485E+00  1.5295E+00
6.3096E-01  5.4436E+00  1.9351E+01  1.1483E+00  1.5253E+00
1.0000E+00  6.5118E+00  2.6397E+01  1.1481E+00  1.5219E+00
1.5849E+00  7.9451E+00  3.6978E+01  1.1479E+00  1.5170E+00
2.5119E+00  9.1147E+00  4.9361E+01  1.1478E+00  1.5134E+00
3.9811E+00  1.0795E+01  6.8519E+01  1.1477E+00  1.5078E+00
6.3096E+00  1.2143E+01  8.9859E+01  1.1475E+00  1.5040E+00
1.0000E+01  1.4058E+01  1.2247E+02  1.1473E+00  1.4982E+00
1.5849E+01  1.6239E+01  1.5545E+02  1.1471E+00  1.4946E+00
2.5119E+01  1.9446E+01  2.0119E+02  1.1468E+00  1.4901E+00
3.9811E+01  2.3410E+01  2.4411E+02  1.1467E+00  1.4884E+00
6.3096E+01  2.9359E+01  2.9838E+02  1.1466E+00  1.4871E+00
1.0000E+02  3.6553E+01  3.3585E+02  1.1466E+00  1.4879E+00
1.5849E+02  4.6428E+01  3.6794E+02  1.1466E+00  1.4890E+00
2.5119E+02  5.8815E+01  3.8063E+02  1.1466E+00  1.4904E+00
3.9811E+02  7.2460E+01  3.6932E+02  1.1468E+00  1.4924E+00
6.3096E+02  8.5647E+01  3.3679E+02  1.1470E+00  1.4953E+00
1.0000E+03  9.5966E+01  2.9436E+02  1.1473E+00  1.4994E+00
1.5849E+03  1.0321E+02  2.4837E+02  1.1478E+00  1.5068E+00
2.5119E+03  1.0627E+02  1.9954E+02  1.1489E+00  1.5228E+00
3.9811E+03  1.0012E+02  1.5646E+02  1.1492E+00  1.5297E+00
6.3096E+03  8.4807E+01  1.1265E+02  1.1494E+00  1.5352E+00
1.0000E+04  6.9323E+01  8.2906E+01  1.1496E+00  1.5395E+00
Rosseland and Planck opacities and free electrons
Density     Ross opa    Planck opa  No. Free    Av Sq Free  T=  4.0000E-01
1.0000E-10  3.1510E-01  1.2291E-06  1.1500E+00  1.5530E+00
1.5849E-10  3.1510E-01  1.8849E-06  1.1500E+00  1.5530E+00
2.5119E-10  3.1510E-01  2.8435E-06  1.1500E+00  1.5529E+00
3.9811E-10  3.1510E-01  4.2980E-06  1.1500E+00  1.5528E+00
6.3096E-10  3.1510E-01  6.3944E-06  1.1500E+00  1.5527E+00
1.0000E-09  3.1510E-01  9.3798E-06  1.1500E+00  1.5526E+00
1.5849E-09  3.1510E-01  1.3652E-05  1.1500E+00  1.5524E+00
2.5119E-09  3.1510E-01  1.8830E-05  1.1500E+00  1.5522E+00
3.9811E-09  3.1510E-01  2.6616E-05  1.1500E+00  1.5518E+00
6.3096E-09  3.1510E-01  3.3913E-05  1.1500E+00  1.5516E+00
1.0000E-08  3.1510E-01  4.5478E-05  1.1499E+00  1.5512E+00
1.5849E-08  3.1510E-01  5.4984E-05  1.1499E+00  1.5509E+00
2.5119E-08  3.1510E-01  6.9143E-05  1.1499E+00  1.5505E+00
3.9811E-08  3.1510E-01  8.1450E-05  1.1499E+00  1.5503E+00
6.3096E-08  3.1510E-01  9.6779E-05  1.1499E+00  1.5499E+00
1.0000E-07  3.1511E-01  1.1139E-04  1.1499E+00  1.5497E+00
1.5849E-07  3.1511E-01  1.2576E-04  1.1499E+00  1.5495E+00
2.5119E-07  3.1512E-01  1.4269E-04  1.1499E+00  1.5493E+00
3.9811E-07  3.1513E-01  1.5891E-04  1.1499E+00  1.5491E+00
6.3096E-07  3.1515E-01  1.8284E-04  1.1499E+00  1.5490E+00
1.0000E-06  3.1518E-01  2.1357E-04  1.1499E+00  1.5490E+00
1.5849E-06  3.1522E-01  2.6181E-04  1.1499E+00  1.5489E+00
2.5119E-06  3.1529E-01  3.2981E-04  1.1499E+00  1.5489E+00
3.9811E-06  3.1537E-01  4.3759E-04  1.1499E+00  1.5489E+00
6.3096E-06  3.1550E-01  6.0545E-04  1.1499E+00  1.5488E+00
1.0000E-05  3.1567E-01  8.7106E-04  1.1499E+00  1.5488E+00
1.5849E-05  3.1592E-01  1.2740E-03  1.1499E+00  1.5488E+00
2.5119E-05  3.1625E-01  1.9041E-03  1.1499E+00  1.5488E+00
3.9811E-05  3.1670E-01  2.8653E-03  1.1499E+00  1.5488E+00
6.3096E-05  3.1732E-01  4.3505E-03  1.1499E+00  1.5487E+00
1.0000E-04  3.1817E-01  6.6357E-03  1.1499E+00  1.5487E+00
1.5849E-04  3.1935E-01  1.0117E-02  1.1499E+00  1.5486E+00
2.5119E-04  3.2101E-01  1.5542E-02  1.1499E+00  1.5486E+00
3.9811E-04  3.2337E-01  2.3698E-02  1.1499E+00  1.5485E+00
6.3096E-04  3.2677E-01  3.6580E-02  1.1499E+00  1.5484E+00
1.0000E-03  3.3172E-01  5.5522E-02  1.1499E+00  1.5483E+00
1.5849E-03  3.3896E-01  8.5497E-02  1.1499E+00  1.5482E+00
2.5119E-03  3.4991E-01  1.2905E-01  1.1498E+00  1.5480E+00
3.9811E-03  3.6617E-01  1.9720E-01  1.1498E+00  1.5477E+00
6.3096E-03  3.9139E-01  2.9493E-01  1.1498E+00  1.5474E+00
1.0000E-02  4.2942E-01  4.4413E-01  1.1498E+00  1.5470E+00
1.5849E-02  4.8887E-01  6.5831E-01  1.1497E+00  1.5464E+00
2.5119E-02  5.8005E-01  9.7167E-01  1.1497E+00  1.5457E+00
3.9811E-02  7.1948E-01  1.4312E+00  1.1496E+00  1.5447E+00
6.3096E-02  9.2857E-01  2.0739E+00  1.1495E+00  1.5434E+00
1.0000E-01  1.2318E+00  3.0409E+00  1.1494E+00  1.5416E+00
1.5849E-01  1.6180E+00  4.3041E+00  1.1492E+00  1.5397E+00
2.5119E-01  2.1746E+00  6.2916E+00  1.1490E+00  1.5367E+00
3.9811E-01  2.7211E+00  8.6809E+00  1.1489E+00  1.5343E+00
6.3096E-01  3.4961E+00  1.2443E+01  1.1487E+00  1.5305E+00
1.0000E+00  4.2067E+00  1.7030E+01  1.1485E+00  1.5275E+00
1.5849E+00  5.1339E+00  2.3914E+01  1.1484E+00  1.5235E+00
2.5119E+00  6.0422E+00  3.2592E+01  1.1483E+00  1.5198E+00
3.9811E+00  7.1130E+00  4.4947E+01  1.1482E+00  1.5154E+00
6.3096E+00  8.2535E+00  6.0900E+01  1.1480E+00  1.5107E+00
1.0000E+01  9.4929E+00  8.2047E+01  1.1478E+00  1.5059E+00
1.5849E+01  1.1073E+01  1.0876E+02  1.1475E+00  1.5007E+00
2.5119E+01  1.3053E+01  1.3888E+02  1.1473E+00  1.4968E+00
3.9811E+01  1.5782E+01  1.7542E+02  1.1470E+00  1.4929E+00
6.3096E+01  1.9441E+01  2.1158E+02  1.1469E+00  1.4914E+00
1.0000E+02  2.4391E+01  2.4726E+02  1.1468E+00  1.4908E+00
1.5849E+02  3.1377E+01  2.8196E+02  1.1468E+00  1.4917E+00
2.5119E+02  3.9632E+01  2.9548E+02  1.1468E+00  1.4924E+00
3.9811E+02  4.9870E+01  2.9678E+02  1.1469E+00  1.4935E+00
6.3096E+02  6.0164E+01  2.7762E+02  1.1470E+00  1.4959E+00
1.0000E+03  7.1024E+01  2.5183E+02  1.1474E+00  1.5008E+00
1.5849E+03  7.8321E+01  2.1893E+02  1.1483E+00  1.5129E+00
2.5119E+03  8.2421E+01  1.7743E+02  1.1488E+00  1.5223E+00
3.9811E+03  8.1752E+01  1.4131E+02  1.1492E+00  1.5298E+00
6.3096E+03  7.3275E+01  1.0566E+02  1.1495E+00  1.5367E+00
1.0000E+04  6.1555E+01  7.7660E+01  1.1496E+00  1.5396E+00
Rosseland and Planck opacities and free electrons
Density     Ross opa    Planck opa  No. Free    Av Sq Free  T=  4.5000E-01
1.0000E-10  3.1478E-01  3.3149E-07  1.1500E+00  1.5531E+00
1.5849E-10  3.1478E-01  5.2361E-07  1.1500E+00  1.5531E+00
2.5119E-10  3.1478E-01  8.2607E-07  1.1500E+00  1.5531E+00
3.9811E-10  3.1478E-01  1.2966E-06  1.1500E+00  1.5531E+00
6.3096E-10  3.1478E-01  2.0400E-06  1.1500E+00  1.5531E+00
1.0000E-09  3.1478E-01  3.1641E-06  1.1500E+00  1.5531E+00
1.5849E-09  3.1478E-01  4.9456E-06  1.1500E+00  1.5530E+00
2.5119E-09  3.1478E-01  7.5744E-06  1.1500E+00  1.5530E+00
3.9811E-09  3.1478E-01  1.1709E-05  1.1500E+00  1.5529E+00
6.3096E-09  3.1479E-01  1.7667E-05  1.1500E+00  1.5529E+00
1.0000E-08  3.1479E-01  2.6809E-05  1.1500E+00  1.5527E+00
1.5849E-08  3.1479E-01  3.9543E-05  1.1500E+00  1.5526E+00
2.5119E-08  3.1479E-01  5.7844E-05  1.1500E+00  1.5524E+00
3.9811E-08  3.1479E-01  8.2834E-05  1.1500E+00  1.5522E+00
6.3096E-08  3.1480E-01  1.1377E-04  1.1500E+00  1.5519E+00
1.0000E-07  3.1480E-01  1.5786E-04  1.1499E+00  1.5515E+00
1.5849E-07  3.1481E-01  2.0232E-04  1.1499E+00  1.5512E+00
2.5119E-07  3.1481E-01  2.7164E-04  1.1499E+00  1.5508E+00
3.9811E-07  3.1482E-01  3.2653E-04  1.1499E+00  1.5505E+00
6.3096E-07  3.1483E-01  4.1352E-04  1.1499E+00  1.5501E+00
1.0000E-06  3.1485E-01  4.7898E-04  1.1499E+00  1.5499E+00
1.5849E-06  3.1488E-01  5.6728E-04  1.1499E+00  1.5496E+00
2.5119E-06  3.1491E-01  6.4689E-04  1.1499E+00  1.5494E+00
3.9811E-06  3.1496E-01  7.3791E-04  1.1499E+00  1.5492E+00
6.3096E-06  3.1503E-01  8.5271E-04  1.1499E+00  1.5491E+00
1.0000E-05  3.1513E-01  9.9925E-04  1.1499E+00  1.5490E+00
1.5849E-05  3.1528E-01  1.2185E-03  1.1499E+00  1.5489E+00
2.5119E-05  3.1548E-01  1.5341E-03  1.1499E+00  1.5489E+00
3.9811E-05  3.1577E-01  2.0289E-03  1.1499E+00  1.5488E+00
6.3096E-05  3.1617E-01  2.7793E-03  1.1499E+00  1.5488E+00
1.0000E-04  3.1674E-01  3.9687E-03  1.1499E+00  1.5488E+00
1.5849E-04  3.1751E-01  5.7577E-03  1.1499E+00  1.5488E+00
2.5119E-04  3.1859E-01  8.5929E-03  1.1499E+00  1.5487E+00
3.9811E-04  3.2010E-01  1.2854E-02  1.1499E+00  1.5487E+00
6.3096E-04  3.2226E-01  1.9547E-02  1.1499E+00  1.5486E+00
1.0000E-03  3.2537E-01  2.9647E-02  1.1499E+00  1.5485E+00
1.5849E-03  3.2989E-01  4.5316E-02  1.1499E+00  1.5484E+00
2.5119E-03  3.3656E-01  6.9077E-02  1.1499E+00  1.5483E+00
3.9811E-03  3.4644E-01  1.0540E-01  1.1498E+00  1.5481E+00
6.3096E-03  3.6129E-01  1.6097E-01  1.1498E+00  1.5479E+00
1.0000E-02  3.8378E-01  2.4368E-01  1.1498E+00  1.5476E+00
1.5849E-02  4.1769E-01  3.7213E-01  1.1498E+00  1.5472E+00
2.5119E-02  4.7000E-01  5.5515E-01  1.1498E+00  1.5467E+00
3.9811E-02  5.4852E-01  8.4487E-01  1.1497E+00  1.5460E+00
6.3096E-02  6.6731E-01  1.2420E+00  1.1496E+00  1.5451E+00
1.0000E-01  8.4385E-01  1.8669E+00  1.1495E+00  1.5437E+00
1.5849E-01  1.0809E+00  2.7032E+00  1.1494E+00  1.5422E+00
2.5119E-01  1.4161E+00  3.9781E+00  1.1492E+00  1.5401E+00
3.9811E-01  1.8097E+00  5.6841E+00  1.1491E+00  1.5378E+00
6.3096E-01  2.3021E+00  8.1420E+00  1.1489E+00  1.5350E+00
1.0000E+00  2.8660E+00  1.1526E+01  1.1488E+00  1.5318E+00
1.5849E+00  3.4696E+00  1.6113E+01  1.1487E+00  1.5286E+00
2.5119E+00  4.2107E+00  2.2631E+01  1.1486E+00  1.5245E+00
3.9811E+00  4.9176E+00  3.0933E+01  1.1485E+00  1.5210E+00
6.3096E+00  5.8629E+00  4.3214E+01  1.1483E+00  1.5160E+00
1.0000E+01  6.7072E+00  5.7622E+01  1.1481E+00  1.5120E+00
1.5849E+01  7.9434E+00  7.9610E+01  1.1478E+00  1.5058E+00
2.5119E+01  9.2310E+00  1.0044E+02  1.1476E+00  1.5024E+00
3.9811E+01  1.1199E+01  1.3147E+02  1.1473E+00  1.4969E+00
6.3096E+01  1.3575E+01  1.5679E+02  1.1472E+00  1.4954E+00
1.0000E+02  1.7130E+01  1.8857E+02  1.1470E+00  1.4935E+00
1.5849E+02  2.1727E+01  2.1437E+02  1.1470E+00  1.4939E+00
2.5119E+02  2.7791E+01  2.3338E+02  1.1470E+00  1.4945E+00
3.9811E+02  3.5502E+01  2.4098E+02  1.1470E+00  1.4954E+00
6.3096E+02  4.3998E+01  2.3335E+02  1.1471E+00  1.4968E+00
1.0000E+03  5.3127E+01  2.1563E+02  1.1473E+00  1.4988E+00
1.5849E+03  5.9933E+01  1.9027E+02  1.1482E+00  1.5115E+00
2.5119E+03  6.5341E+01  1.6080E+02  1.1490E+00  1.5251E+00
3.9811E+03  6.7527E+01  1.2923E+02  1.1492E+00  1.5304E+00
6.3096E+03  6.3572E+01  1.0029E+02  1.1495E+00  1.5379E+00
1.0000E+04  5.4465E+01  7.2946E+01  1.1496E+00  1.5397E+00
Rosseland and Planck opacities and free electrons
Density     Ross opa    Planck opa  No. Free    Av Sq Free  T=  5.0000E-01
1.0000E-10  3.1449E-01  1.0975E-07  1.1500E+00  1.5531E+00
1.5849E-10  3.1449E-01  1.7424E-07  1.1500E+00  1.5531E+00
2.5119E-10  3.1449E-01  2.7644E-07  1.1500E+00  1.5531E+00
3.9811E-10  3.1449E-01  4.3824E-07  1.1500E+00  1.5531E+00
6.3096E-10  3.1450E-01  6.9464E-07  1.1500E+00  1.5531E+00
1.0000E-09  3.1450E-01  1.0990E-06  1.1500E+00  1.5531E+00
1.5849E-09  3.1450E-01  1.7388E-06  1.1500E+00  1.5531E+00
2.5119E-09  3.1450E-01  2.7412E-06  1.1500E+00  1.5531E+00
3.9811E-09  3.1450E-01  4.3177E-06  1.1500E+00  1.5531E+00
6.3096E-09  3.1450E-01  6.7777E-06  1.1500E+00  1.5531E+00
1.0000E-08  3.1450E-01  1.0593E-05  1.1500E+00  1.5531E+00
1.5849E-08  3.1451E-01  1.6542E-05  1.1500E+00  1.5530E+00
2.5119E-08  3.1451E-01  2.5463E-05  1.1500E+00  1.5530E+00
3.9811E-08  3.1451E-01  3.9552E-05  1.1500E+00  1.5529E+00
6.3096E-08  3.1452E-01  5.9433E-05  1.1500E+00  1.5529E+00
1.0000E-07  3.1452E-01  9.0944E-05  1.1500E+00  1.5527E+00
1.5849E-07  3.1453E-01  1.3242E-04  1.1500E+00  1.5526E+00
2.5119E-07  3.1454E-01  1.9635E-04  1.1500E+00  1.5524E+00
3.9811E-07  3.1455E-01  2.7463E-04  1.1500E+00  1.5521E+00
6.3096E-07  3.1456E-01  3.8526E-04  1.1500E+00  1.5518E+00
1.0000E-06  3.1458E-01  5.1936E-04  1.1499E+00  1.5515E+00
1.5849E-06  3.1460E-01  6.8229E-04  1.1499E+00  1.5511E+00
2.5119E-06  3.1463E-01  8.8945E-04  1.1499E+00  1.5507E+00
3.9811E-06  3.1467E-01  1.0925E-03  1.1499E+00  1.5504E+00
6.3096E-06  3.1472E-01  1.3768E-03  1.1499E+00  1.5500E+00
1.0000E-05  3.1479E-01  1.5933E-03  1.1499E+00  1.5498E+00
1.5849E-05  3.1488E-01  1.9363E-03  1.1499E+00  1.5494E+00
2.5119E-05  3.1501E-01  2.1928E-03  1.1499E+00  1.5493E+00
3.9811E-05  3.1521E-01  2.5982E-03  1.1499E+00  1.5491E+00
6.3096E-05  3.1547E-01  3.0816E-03  1.1499E+00  1.5490E+00
1.0000E-04  3.1583E-01  3.8056E-03  1.1499E+00  1.5489E+00
1.5849E-04  3.1635E-01  4.8719E-03  1.1499E+00  1.5489E+00
2.5119E-04  3.1707E-01  6.5079E-03  1.1499E+00  1.5488E+00
3.9811E-04  3.1809E-01  9.0273E-03  1.1499E+00  1.5488E+00
6.3096E-04  3.1954E-01  1.2921E-02  1.1499E+00  1.5487E+00
1.0000E-03  3.2161E-01  1.8966E-02  1.1499E+00  1.5487E+00
1.5849E-03  3.2458E-01  2.8193E-02  1.1499E+00  1.5486E+00
2.5119E-03  3.2892E-01  4.2619E-02  1.1499E+00  1.5485E+00
3.9811E-03  3.3530E-01  6.4254E-02  1.1499E+00  1.5484E+00
6.3096E-03  3.4474E-01  9.8463E-02  1.1498E+00  1.5482E+00
1.0000E-02  3.5898E-01  1.4865E-01  1.1498E+00  1.5480E+00
1.5849E-02  3.8016E-01  2.2799E-01  1.1498E+00  1.5477E+00
2.5119E-02  4.1242E-01  3.4409E-01  1.1498E+00  1.5474E+00
3.9811E-02  4.6059E-01  5.2455E-01  1.1497E+00  1.5468E+00
6.3096E-02  5.3283E-01  7.8860E-01  1.1497E+00  1.5461E+00
1.0000E-01  6.3962E-01  1.1905E+00  1.1496E+00  1.5451E+00
1.5849E-01  7.9126E-01  1.7722E+00  1.1495E+00  1.5439E+00
2.5119E-01  1.0001E+00  2.6144E+00  1.1494E+00  1.5423E+00
3.9811E-01  1.2809E+00  3.8554E+00  1.1492E+00  1.5402E+00
6.3096E-01  1.6059E+00  5.5314E+00  1.1491E+00  1.5381E+00
1.0000E+00  2.0487E+00  8.0760E+00  1.1490E+00  1.5351E+00
1.5849E+00  2.4606E+00  1.1274E+01  1.1490E+00  1.5325E+00
2.5119E+00  3.0515E+00  1.6247E+01  1.1489E+00  1.5284E+00
3.9811E+00  3.5527E+00  2.2169E+01  1.1488E+00  1.5254E+00
6.3096E+00  4.2569E+00  3.1228E+01  1.1486E+00  1.5208E+00
1.0000E+01  4.9237E+00  4.2085E+01  1.1484E+00  1.5168E+00
1.5849E+01  5.8107E+00  5.7894E+01  1.1482E+00  1.5115E+00
2.5119E+01  6.8124E+00  7.5320E+01  1.1479E+00  1.5070E+00
3.9811E+01  8.1653E+00  9.7699E+01  1.1476E+00  1.5023E+00
6.3096E+01  9.9190E+00  1.2062E+02  1.1474E+00  1.4991E+00
1.0000E+02  1.2459E+01  1.4665E+02  1.1472E+00  1.4968E+00
1.5849E+02  1.5714E+01  1.6828E+02  1.1471E+00  1.4964E+00
2.5119E+02  2.0288E+01  1.8839E+02  1.1471E+00  1.4966E+00
3.9811E+02  2.6203E+01  1.9959E+02  1.1471E+00  1.4972E+00
6.3096E+02  3.3177E+01  1.9897E+02  1.1472E+00  1.4985E+00
1.0000E+03  3.9941E+01  1.8503E+02  1.1476E+00  1.5036E+00
1.5849E+03  4.6755E+01  1.6720E+02  1.1482E+00  1.5119E+00
2.5119E+03  5.2547E+01  1.4667E+02  1.1490E+00  1.5246E+00
3.9811E+03  5.5316E+01  1.1767E+02  1.1492E+00  1.5299E+00
6.3096E+03  5.4566E+01  9.3801E+01  1.1495E+00  1.5368E+00
1.0000E+04  4.8233E+01  6.8773E+01  1.1496E+00  1.5397E+00
Rosseland and Planck opacities and free electrons
Density     Ross opa    Planck opa  No. Free    Av Sq Free  T=  5.5000E-01
1.0000E-10  3.1393E-01  4.1642E-08  1.1500E+00  1.5531E+00
1.5849E-10  3.1393E-01  6.6238E-08  1.1500E+00  1.5531E+00
2.5119E-10  3.1393E-01  1.0528E-07  1.1500E+00  1.5531E+00
3.9811E-10  3.1393E-01  1.6726E-07  1.1500E+00  1.5531E+00
6.3096E-10  3.1393E-01  2.6560E-07  1.1500E+00  1.5531E+00
1.0000E-09  3.1393E-01  4.2117E-07  1.1500E+00  1.5531E+00
1.5849E-09  3.1393E-01  6.6720E-07  1.1500E+00  1.5531E+00
2.5119E-09  3.1393E-01  1.0567E-06  1.1500E+00  1.5531E+00
3.9811E-09  3.1393E-01  1.6722E-06  1.1500E+00  1.5531E+00
6.3096E-09  3.1394E-01  2.6474E-06  1.1500E+00  1.5531E+00
1.0000E-08  3.1394E-01  4.1880E-06  1.1500E+00  1.5531E+00
1.5849E-08  3.1394E-01  6.6296E-06  1.1500E+00  1.5531E+00
2.5119E-08  3.1394E-01  1.0424E-05  1.1500E+00  1.5531E+00
3.9811E-08  3.1395E-01  1.6424E-05  1.1500E+00  1.5531E+00
6.3096E-08  3.1395E-01  2.5668E-05  1.1500E+00  1.5531E+00
1.0000E-07  3.1396E-01  4.0185E-05  1.1500E+00  1.5531E+00
1.5849E-07  3.1397E-01  6.2028E-05  1.1500E+00  1.5530E+00
2.5119E-07  3.1398E-01  9.5417E-05  1.1500E+00  1.5529E+00
3.9811E-07  3.1399E-01  1.4566E-04  1.1500E+00  1.5529E+00
6.3096E-07  3.1400E-01  2.1960E-04  1.1500E+00  1.5527E+00
1.0000E-06  3.1402E-01  3.3078E-04  1.1500E+00  1.5526E+00
1.5849E-06  3.1405E-01  4.7675E-04  1.1500E+00  1.5524E+00
2.5119E-06  3.1408E-01  7.0534E-04  1.1500E+00  1.5521E+00
3.9811E-06  3.1412E-01  9.5247E-04  1.1500E+00  1.5518E+00
6.3096E-06  3.1417E-01  1.3442E-03  1.1499E+00  1.5514E+00
1.0000E-05  3.1423E-01  1.7305E-03  1.1499E+00  1.5511E+00
1.5849E-05  3.1431E-01  2.2943E-03  1.1499E+00  1.5507E+00
2.5119E-05  3.1442E-01  2.8447E-03  1.1499E+00  1.5504E+00
3.9811E-05  3.1458E-01  3.5201E-03  1.1499E+00  1.5500E+00
6.3096E-05  3.1477E-01  4.2497E-03  1.1499E+00  1.5497E+00
1.0000E-04  3.1502E-01  5.0016E-03  1.1499E+00  1.5495E+00
1.5849E-04  3.1537E-01  6.0023E-03  1.1499E+00  1.5492E+00
2.5119E-04  3.1585E-01  7.1274E-03  1.1499E+00  1.5491E+00
3.9811E-04  3.1653E-01  8.8476E-03  1.1499E+00  1.5490E+00
6.3096E-04  3.1753E-01  1.1190E-02  1.1499E+00  1.5489E+00
1.0000E-03  3.1895E-01  1.4902E-02  1.1499E+00  1.5488E+00
1.5849E-03  3.2098E-01  2.0403E-02  1.1499E+00  1.5488E+00
2.5119E-03  3.2392E-01  2.9123E-02  1.1499E+00  1.5487E+00
3.9811E-03  3.2819E-01  4.2232E-02  1.1499E+00  1.5486E+00
6.3096E-03  3.3448E-01  6.2876E-02  1.1499E+00  1.5485E+00
1.0000E-02  3.4383E-01  9.4081E-02  1.1499E+00  1.5484E+00
1.5849E-02  3.5770E-01  1.4258E-01  1.1499E+00  1.5482E+00
2.5119E-02  3.7852E-01  2.1660E-01  1.1499E+00  1.5479E+00
3.9811E-02  4.0956E-01  3.2988E-01  1.1499E+00  1.5476E+00
6.3096E-02  4.5590E-01  5.0422E-01  1.1498E+00  1.5471E+00
1.0000E-01  5.2412E-01  7.6687E-01  1.1498E+00  1.5465E+00
1.5849E-01  6.2427E-01  1.1724E+00  1.1498E+00  1.5457E+00
2.5119E-01  7.6072E-01  1.7449E+00  1.1497E+00  1.5447E+00
3.9811E-01  9.5994E-01  2.6470E+00  1.1497E+00  1.5430E+00
6.3096E-01  1.1846E+00  3.8391E+00  1.1496E+00  1.5414E+00
1.0000E+00  1.5034E+00  5.7019E+00  1.1495E+00  1.5388E+00
1.5849E+00  1.8232E+00  8.0978E+00  1.1494E+00  1.5363E+00
2.5119E+00  2.2405E+00  1.1693E+01  1.1493E+00  1.5328E+00
3.9811E+00  2.6691E+00  1.6356E+01  1.1491E+00  1.5293E+00
6.3096E+00  3.1735E+00  2.2983E+01  1.1489E+00  1.5253E+00
1.0000E+01  3.7417E+00  3.1671E+01  1.1487E+00  1.5208E+00
1.5849E+01  4.3851E+00  4.3233E+01  1.1485E+00  1.5162E+00
2.5119E+01  5.2033E+00  5.8068E+01  1.1482E+00  1.5110E+00
3.9811E+01  6.1713E+00  7.4705E+01  1.1479E+00  1.5068E+00
6.3096E+01  7.5131E+00  9.5221E+01  1.1476E+00  1.5023E+00
1.0000E+02  9.3156E+00  1.1506E+02  1.1474E+00  1.5002E+00
1.5849E+02  1.1791E+01  1.3529E+02  1.1473E+00  1.4987E+00
2.5119E+02  1.5281E+01  1.5435E+02  1.1473E+00  1.4985E+00
3.9811E+02  1.9602E+01  1.6438E+02  1.1473E+00  1.4991E+00
6.3096E+02  2.5066E+01  1.6769E+02  1.1474E+00  1.5004E+00
1.0000E+03  3.0872E+01  1.6101E+02  1.1480E+00  1.5094E+00
1.5849E+03  3.7374E+01  1.5007E+02  1.1490E+00  1.5233E+00
2.5119E+03  4.2143E+01  1.3107E+02  1.1490E+00  1.5243E+00
3.9811E+03  4.5658E+01  1.0791E+02  1.1493E+00  1.5309E+00
6.3096E+03  4.6672E+01  8.7004E+01  1.1495E+00  1.5379E+00
1.0000E+04  4.2869E+01  6.5504E+01  1.1496E+00  1.5398E+00
Rosseland and Planck opacities and free electrons
Density     Ross opa    Planck opa  No. Free    Av Sq Free  T=  6.0000E-01
1.0000E-10  3.1342E-01  1.9099E-08  1.1500E+00  1.5531E+00
1.5849E-10  3.1342E-01  3.0316E-08  1.1500E+00  1.5531E+00
2.5119E-10  3.1342E-01  4.8120E-08  1.1500E+00  1.5531E+00
3.9811E-10  3.1342E-01  7.6331E-08  1.1500E+00  1.5531E+00
6.3096E-10  3.1342E-01  1.2102E-07  1.1500E+00  1.5531E+00
1.0000E-09  3.1342E-01  1.9190E-07  1.1500E+00  1.5531E+00
1.5849E-09  3.1342E-01  3.0465E-07  1.1500E+00  1.5531E+00
2.5119E-09  3.1342E-01  4.8334E-07  1.1500E+00  1.5531E+00
3.9811E-09  3.1342E-01  7.6665E-07  1.1500E+00  1.5531E+00
6.3096E-09  3.1342E-01  1.2157E-06  1.1500E+00  1.5531E+00
1.0000E-08  3.1342E-01  1.9236E-06  1.1500E+00  1.5531E+00
1.5849E-08  3.1342E-01  3.0442E-06  1.1500E+00  1.5531E+00
2.5119E-08  3.1343E-01  4.8232E-06  1.1500E+00  1.5531E+00
3.9811E-08  3.1343E-01  7.6450E-06  1.1500E+00  1.5531E+00
6.3096E-08  3.1344E-01  1.2103E-05  1.1500E+00  1.5531E+00
1.0000E-07  3.1344E-01  1.9145E-05  1.1500E+00  1.5531E+00
1.5849E-07  3.1345E-01  3.0215E-05  1.1500E+00  1.5531E+00
2.5119E-07  3.1346E-01  4.7437E-05  1.1500E+00  1.5531E+00
3.9811E-07  3.1347E-01  7.4569E-05  1.1500E+00  1.5531E+00
6.3096E-07  3.1348E-01  1.1546E-04  1.1500E+00  1.5530E+00
1.0000E-06  3.1350E-01  1.8028E-04  1.1500E+00  1.5530E+00
1.5849E-06  3.1353E-01  2.7326E-04  1.1500E+00  1.5529E+00
2.5119E-06  3.1356E-01  4.1953E-04  1.1500E+00  1.5528E+00
3.9811E-06  3.1360E-01  6.1676E-04  1.1500E+00  1.5526E+00
6.3096E-06  3.1366E-01  9.1458E-04  1.1500E+00  1.5524E+00
1.0000E-05  3.1372E-01  1.2928E-03  1.1500E+00  1.5522E+00
1.5849E-05  3.1380E-01  1.8050E-03  1.1500E+00  1.5519E+00
2.5119E-05  3.1392E-01  2.4569E-03  1.1499E+00  1.5515E+00
3.9811E-05  3.1408E-01  3.1916E-03  1.1499E+00  1.5512E+00
6.3096E-05  3.1427E-01  4.1962E-03  1.1499E+00  1.5508E+00
1.0000E-04  3.1448E-01  5.1170E-03  1.1499E+00  1.5505E+00
1.5849E-04  3.1476E-01  6.5212E-03  1.1499E+00  1.5500E+00
2.5119E-04  3.1511E-01  7.6510E-03  1.1499E+00  1.5498E+00
3.9811E-04  3.1559E-01  9.4417E-03  1.1499E+00  1.5495E+00
6.3096E-04  3.1630E-01  1.1312E-02  1.1499E+00  1.5493E+00
1.0000E-03  3.1732E-01  1.4124E-02  1.1499E+00  1.5491E+00
1.5849E-03  3.1878E-01  1.8039E-02  1.1499E+00  1.5490E+00
2.5119E-03  3.2088E-01  2.3977E-02  1.1499E+00  1.5489E+00
3.9811E-03  3.2390E-01  3.2970E-02  1.1499E+00  1.5488E+00
6.3096E-03  3.2832E-01  4.6853E-02  1.1499E+00  1.5487E+00
1.0000E-02  3.3482E-01  6.8252E-02  1.1499E+00  1.5485E+00
1.5849E-02  3.4444E-01  1.0102E-01  1.1499E+00  1.5484E+00
2.5119E-02  3.5872E-01  1.5218E-01  1.1499E+00  1.5482E+00
3.9811E-02  3.7995E-01  2.2963E-01  1.1499E+00  1.5479E+00
6.3096E-02  4.1142E-01  3.5163E-01  1.1498E+00  1.5475E+00
1.0000E-01  4.5754E-01  5.3335E-01  1.1498E+00  1.5471E+00
1.5849E-01  5.2553E-01  8.2011E-01  1.1498E+00  1.5464E+00
2.5119E-01  6.1943E-01  1.2304E+00  1.1498E+00  1.5456E+00
3.9811E-01  7.5455E-01  1.8706E+00  1.1497E+00  1.5444E+00
6.3096E-01  9.2272E-01  2.7675E+00  1.1497E+00  1.5429E+00
1.0000E+00  1.1472E+00  4.1185E+00  1.1496E+00  1.5409E+00
1.5849E+00  1.4081E+00  5.9911E+00  1.1495E+00  1.5385E+00
2.5119E+00  1.7125E+00  8.6474E+00  1.1494E+00  1.5356E+00
3.9811E+00  2.0779E+00  1.2379E+01  1.1492E+00  1.5320E+00
6.3096E+00  2.4510E+00  1.7298E+01  1.1491E+00  1.5286E+00
1.0000E+01  2.9362E+00  2.4426E+01  1.1489E+00  1.5239E+00
1.5849E+01  3.4170E+00  3.3084E+01  1.1487E+00  1.5200E+00
2.5119E+01  4.0999E+00  4.5838E+01  1.1484E+00  1.5143E+00
3.9811E+01  4.8195E+00  5.8021E+01  1.1481E+00  1.5110E+00
6.3096E+01  5.8859E+00  7.5731E+01  1.1478E+00  1.5061E+00
1.0000E+02  7.2058E+00  9.1832E+01  1.1477E+00  1.5037E+00
1.5849E+02  9.1398E+00  1.1121E+02  1.1475E+00  1.5009E+00
2.5119E+02  1.1715E+01  1.2613E+02  1.1474E+00  1.5007E+00
3.9811E+02  1.5115E+01  1.3740E+02  1.1474E+00  1.5010E+00
6.3096E+02  1.9488E+01  1.4320E+02  1.1475E+00  1.5023E+00
1.0000E+03  2.4390E+01  1.4044E+02  1.1479E+00  1.5078E+00
1.5849E+03  3.0136E+01  1.3351E+02  1.1489E+00  1.5221E+00
2.5119E+03  3.4329E+01  1.1774E+02  1.1491E+00  1.5259E+00
3.9811E+03  3.8075E+01  9.9707E+01  1.1493E+00  1.5308E+00
6.3096E+03  4.0168E+01  8.1083E+01  1.1495E+00  1.5382E+00
1.0000E+04  3.8235E+01  6.2822E+01  1.1496E+00  1.5399E+00
Rosseland and Planck opacities and free electrons
Density     Ross opa    Planck opa  No. Free    Av Sq Free  T=  6.5000E-01
1.0000E-10  3.1294E-01  9.3886E-09  1.1500E+00  1.5531E+00
1.5849E-10  3.1294E-01  1.4919E-08  1.1500E+00  1.5531E+00
2.5119E-10  3.1294E-01  2.3761E-08  1.1500E+00  1.5531E+00
3.9811E-10  3.1294E-01  3.7774E-08  1.1500E+00  1.5531E+00
6.3096E-10  3.1294E-01  5.9911E-08  1.1500E+00  1.5531E+00
1.0000E-09  3.1294E-01  9.4997E-08  1.1500E+00  1.5531E+00
1.5849E-09  3.1294E-01  1.5085E-07  1.1500E+00  1.5531E+00
2.5119E-09  3.1294E-01  2.3941E-07  1.1500E+00  1.5531E+00
3.9811E-09  3.1294E-01  3.7951E-07  1.1500E+00  1.5531E+00
6.3096E-09  3.1294E-01  6.0142E-07  1.1500E+00  1.5531E+00
1.0000E-08  3.1295E-01  9.5364E-07  1.1500E+00  1.5531E+00
1.5849E-08  3.1295E-01  1.5125E-06  1.1500E+00  1.5531E+00
2.5119E-08  3.1295E-01  2.3994E-06  1.1500E+00  1.5531E+00
3.9811E-08  3.1295E-01  3.8078E-06  1.1500E+00  1.5531E+00
6.3096E-08  3.1296E-01  6.0379E-06  1.1500E+00  1.5531E+00
1.0000E-07  3.1296E-01  9.5592E-06  1.1500E+00  1.5531E+00
1.5849E-07  3.1297E-01  1.5140E-05  1.1500E+00  1.5531E+00
2.5119E-07  3.1298E-01  2.3958E-05  1.1500E+00  1.5531E+00
3.9811E-07  3.1299E-01  3.7933E-05  1.1500E+00  1.5531E+00
6.3096E-07  3.1300E-01  5.9717E-05  1.1500E+00  1.5531E+00
1.0000E-06  3.1302E-01  9.4145E-05  1.1500E+00  1.5531E+00
1.5849E-06  3.1304E-01  1.4713E-04  1.1500E+00  1.5531E+00
2.5119E-06  3.1307E-01  2.3006E-04  1.1500E+00  1.5530E+00
3.9811E-06  3.1311E-01  3.5484E-04  1.1500E+00  1.5530E+00
6.3096E-06  3.1316E-01  5.4372E-04  1.1500E+00  1.5529E+00
1.0000E-05  3.1322E-01  8.2464E-04  1.1500E+00  1.5528E+00
1.5849E-05  3.1331E-01  1.2190E-03  1.1500E+00  1.5526E+00
2.5119E-05  3.1342E-01  1.8131E-03  1.1500E+00  1.5524E+00
3.9811E-05  3.1359E-01  2.5190E-03  1.1500E+00  1.5522E+00
6.3096E-05  3.1380E-01  3.6379E-03  1.1500E+00  1.5518E+00
1.0000E-04  3.1401E-01  4.7028E-03  1.1499E+00  1.5515E+00
1.5849E-04  3.1429E-01  6.3640E-03  1.1499E+00  1.5511E+00
2.5119E-04  3.1460E-01  7.9379E-03  1.1499E+00  1.5507E+00
3.9811E-04  3.1499E-01  1.0100E-02  1.1499E+00  1.5503E+00
6.3096E-04  3.1554E-01  1.2396E-02  1.1499E+00  1.5500E+00
1.0000E-03  3.1634E-01  1.5195E-02  1.1499E+00  1.5497E+00
1.5849E-03  3.1745E-01  1.8835E-02  1.1499E+00  1.5494E+00
2.5119E-03  3.1903E-01  2.3407E-02  1.1499E+00  1.5492E+00
3.9811E-03  3.2128E-01  3.0287E-02  1.1499E+00  1.5490E+00
6.3096E-03  3.2452E-01  3.9996E-02  1.1499E+00  1.5489E+00
1.0000E-02  3.2924E-01  5.5231E-02  1.1499E+00  1.5487E+00
1.5849E-02  3.3617E-01  7.8104E-02  1.1499E+00  1.5486E+00
2.5119E-02  3.4637E-01  1.1411E-01  1.1499E+00  1.5484E+00
3.9811E-02  3.6146E-01  1.6875E-01  1.1499E+00  1.5482E+00
6.3096E-02  3.8369E-01  2.5509E-01  1.1499E+00  1.5479E+00
1.0000E-01  4.1623E-01  3.8616E-01  1.1498E+00  1.5475E+00
1.5849E-01  4.6380E-01  5.9101E-01  1.1498E+00  1.5470E+00
2.5119E-01  5.3114E-01  8.9632E-01  1.1498E+00  1.5463E+00
3.9811E-01  6.2643E-01  1.3624E+00  1.1498E+00  1.5453E+00
6.3096E-01  7.5364E-01  2.0464E+00  1.1497E+00  1.5440E+00
1.0000E+00  9.1666E-01  3.0472E+00  1.1497E+00  1.5424E+00
1.5849E+00  1.1289E+00  4.5279E+00  1.1496E+00  1.5402E+00
2.5119E+00  1.3576E+00  6.5333E+00  1.1495E+00  1.5378E+00
3.9811E+00  1.6698E+00  9.5782E+00  1.1493E+00  1.5342E+00
6.3096E+00  1.9553E+00  1.3345E+01  1.1492E+00  1.5313E+00
1.0000E+01  2.3648E+00  1.9205E+01  1.1490E+00  1.5267E+00
1.5849E+01  2.7419E+00  2.5916E+01  1.1488E+00  1.5231E+00
2.5119E+01  3.2853E+00  3.6156E+01  1.1485E+00  1.5177E+00
3.9811E+01  3.8650E+00  4.6431E+01  1.1483E+00  1.5140E+00
6.3096E+01  4.6849E+00  6.0724E+01  1.1480E+00  1.5094E+00
1.0000E+02  5.7230E+00  7.4872E+01  1.1478E+00  1.5065E+00
1.5849E+02  7.2700E+00  9.2724E+01  1.1476E+00  1.5031E+00
2.5119E+02  9.2351E+00  1.0510E+02  1.1476E+00  1.5028E+00
3.9811E+02  1.1975E+01  1.1660E+02  1.1475E+00  1.5028E+00
6.3096E+02  1.5519E+01  1.2366E+02  1.1476E+00  1.5038E+00
1.0000E+03  1.9665E+01  1.2379E+02  1.1478E+00  1.5072E+00
1.5849E+03  2.4168E+01  1.1752E+02  1.1486E+00  1.5186E+00
2.5119E+03  2.8353E+01  1.0641E+02  1.1491E+00  1.5262E+00
3.9811E+03  3.2118E+01  9.2639E+01  1.1492E+00  1.5312E+00
6.3096E+03  3.4526E+01  7.5494E+01  1.1495E+00  1.5376E+00
1.0000E+04  3.4151E+01  6.0273E+01  1.1496E+00  1.5400E+00
Rosseland and Planck opacities and free electrons
Density     Ross opa    Planck opa  No. Free    Av Sq Free  T=  7.0000E-01
1.0000E-10  3.1251E-01  4.9009E-09  1.1500E+00  1.5531E+00
1.5849E-10  3.1251E-01  7.7855E-09  1.1500E+00  1.5531E+00
2.5119E-10  3.1251E-01  1.2387E-08  1.1500E+00  1.5531E+00
3.9811E-10  3.1251E-01  1.9682E-08  1.1500E+00  1.5531E+00
6.3096E-10  3.1251E-01  3.1235E-08  1.1500E+00  1.5531E+00
1.0000E-09  3.1251E-01  4.9542E-08  1.1500E+00  1.5531E+00
1.5849E-09  3.1251E-01  7.8542E-08  1.1500E+00  1.5531E+00
2.5119E-09  3.1251E-01  1.2449E-07  1.1500E+00  1.5531E+00
3.9811E-09  3.1251E-01  1.9752E-07  1.1500E+00  1.5531E+00
6.3096E-09  3.1251E-01  3.1357E-07  1.1500E+00  1.5531E+00
1.0000E-08  3.1251E-01  4.9759E-07  1.1500E+00  1.5531E+00
1.5849E-08  3.1251E-01  7.8951E-07  1.1500E+00  1.5531E+00
2.5119E-08  3.1251E-01  1.2521E-06  1.1500E+00  1.5531E+00
3.9811E-08  3.1251E-01  1.9842E-06  1.1500E+00  1.5531E+00
6.3096E-08  3.1251E-01  3.1444E-06  1.1500E+00  1.5531E+00
1.0000E-07  3.1252E-01  4.9901E-06  1.1500E+00  1.5531E+00
1.5849E-07  3.1252E-01  7.9159E-06  1.1500E+00  1.5531E+00
2.5119E-07  3.1253E-01  1.2570E-05  1.1500E+00  1.5531E+00
3.9811E-07  3.1254E-01  1.9952E-05  1.1500E+00  1.5531E+00
6.3096E-07  3.1256E-01  3.1581E-05  1.1500E+00  1.5531E+00
1.0000E-06  3.1257E-01  4.9949E-05  1.1500E+00  1.5531E+00
1.5849E-06  3.1259E-01  7.8962E-05  1.1500E+00  1.5531E+00
2.5119E-06  3.1262E-01  1.2477E-04  1.1500E+00  1.5531E+00
3.9811E-06  3.1265E-01  1.9644E-04  1.1500E+00  1.5531E+00
6.3096E-06  3.1269E-01  3.0643E-04  1.1500E+00  1.5531E+00
1.0000E-05  3.1275E-01  4.7943E-04  1.1500E+00  1.5530E+00
1.5849E-05  3.1282E-01  7.3211E-04  1.1500E+00  1.5529E+00
2.5119E-05  3.1292E-01  1.1326E-03  1.1500E+00  1.5528E+00
3.9811E-05  3.1308E-01  1.6735E-03  1.1500E+00  1.5527E+00
6.3096E-05  3.1328E-01  2.5180E-03  1.1500E+00  1.5525E+00
1.0000E-04  3.1351E-01  3.5703E-03  1.1500E+00  1.5523E+00
1.5849E-04  3.1380E-01  5.1053E-03  1.1500E+00  1.5520E+00
2.5119E-04  3.1412E-01  6.9510E-03  1.1500E+00  1.5516E+00
3.9811E-04  3.1450E-01  9.2916E-03  1.1499E+00  1.5513E+00
6.3096E-04  3.1501E-01  1.2248E-02  1.1499E+00  1.5508E+00
1.0000E-03  3.1572E-01  1.5427E-02  1.1499E+00  1.5505E+00
1.5849E-03  3.1668E-01  1.9895E-02  1.1499E+00  1.5500E+00
2.5119E-03  3.1794E-01  2.4344E-02  1.1499E+00  1.5498E+00
3.9811E-03  3.1976E-01  3.1284E-02  1.1499E+00  1.5494E+00
6.3096E-03  3.2223E-01  3.9140E-02  1.1499E+00  1.5492E+00
1.0000E-02  3.2583E-01  5.1622E-02  1.1499E+00  1.5490E+00
1.5849E-02  3.3100E-01  6.9139E-02  1.1499E+00  1.5488E+00
2.5119E-02  3.3856E-01  9.6474E-02  1.1499E+00  1.5486E+00
3.9811E-02  3.4967E-01  1.3771E-01  1.1499E+00  1.5484E+00
6.3096E-02  3.6596E-01  2.0171E-01  1.1499E+00  1.5481E+00
1.0000E-01  3.8978E-01  2.9961E-01  1.1499E+00  1.5478E+00
1.5849E-01  4.2438E-01  4.5084E-01  1.1498E+00  1.5474E+00
2.5119E-01  4.7408E-01  6.8119E-01  1.1498E+00  1.5468E+00
3.9811E-01  5.4368E-01  1.0262E+00  1.1498E+00  1.5460E+00
6.3096E-01  6.4137E-01  1.5549E+00  1.1497E+00  1.5449E+00
1.0000E+00  7.6327E-01  2.3102E+00  1.1497E+00  1.5436E+00
1.5849E+00  9.3637E-01  3.4921E+00  1.1496E+00  1.5415E+00
2.5119E+00  1.1122E+00  5.0319E+00  1.1495E+00  1.5395E+00
3.9811E+00  1.3625E+00  7.4389E+00  1.1494E+00  1.5364E+00
6.3096E+00  1.6040E+00  1.0470E+01  1.1493E+00  1.5336E+00
1.0000E+01  1.9270E+00  1.5044E+01  1.1491E+00  1.5295E+00
1.5849E+01  2.2589E+00  2.0672E+01  1.1489E+00  1.5257E+00
2.5119E+01  2.6856E+00  2.8658E+01  1.1487E+00  1.5210E+00
3.9811E+01  3.1802E+00  3.7809E+01  1.1485E+00  1.5166E+00
6.3096E+01  3.8166E+00  4.9063E+01  1.1482E+00  1.5125E+00
1.0000E+02  4.6584E+00  6.1882E+01  1.1480E+00  1.5089E+00
1.5849E+02  5.8596E+00  7.6408E+01  1.1478E+00  1.5060E+00
2.5119E+02  7.4563E+00  8.8782E+01  1.1477E+00  1.5047E+00
3.9811E+02  9.7190E+00  1.0032E+02  1.1477E+00  1.5046E+00
6.3096E+02  1.2540E+01  1.0719E+02  1.1477E+00  1.5055E+00
1.0000E+03  1.6010E+01  1.0923E+02  1.1479E+00  1.5078E+00
1.5849E+03  1.9719E+01  1.0440E+02  1.1485E+00  1.5169E+00
2.5119E+03  2.3721E+01  9.6744E+01  1.1491E+00  1.5262E+00
3.9811E+03  2.7275E+01  8.6013E+01  1.1492E+00  1.5311E+00
6.3096E+03  2.9543E+01  7.0203E+01  1.1495E+00  1.5365E+00
1.0000E+04  3.0096E+01  5.6643E+01  1.1496E+00  1.5402E+00
Rosseland and Planck opacities and free electrons
Density     Ross opa    Planck opa  No. Free    Av Sq Free  T=  8.0000E-01
1.0000E-10  3.1172E-01  8.6849E-10  1.1500E+00  1.5531E+00
1.5849E-10  3.1172E-01  2.2700E-09  1.1500E+00  1.5531E+00
2.5119E-10  3.1172E-01  4.0910E-09  1.1500E+00  1.5531E+00
3.9811E-10  3.1172E-01  6.5188E-09  1.1500E+00  1.5531E+00
6.3096E-10  3.1172E-01  1.0377E-08  1.1500E+00  1.5531E+00
1.0000E-09  3.1172E-01  1.6518E-08  1.1500E+00  1.5531E+00
1.5849E-09  3.1172E-01  2.6244E-08  1.1500E+00  1.5531E+00
2.5119E-09  3.1172E-01  4.1630E-08  1.1500E+00  1.5531E+00
3.9811E-09  3.1172E-01  6.6014E-08  1.1500E+00  1.5531E+00
6.3096E-09  3.1172E-01  1.0472E-07  1.1500E+00  1.5531E+00
1.0000E-08  3.1172E-01  1.6605E-07  1.1500E+00  1.5531E+00
1.5849E-08  3.1172E-01  2.6361E-07  1.1500E+00  1.5531E+00
2.5119E-08  3.1172E-01  4.1831E-07  1.1500E+00  1.5531E+00
3.9811E-08  3.1172E-01  6.6386E-07  1.1500E+00  1.5531E+00
6.3096E-08  3.1172E-01  1.0532E-06  1.1500E+00  1.5531E+00
1.0000E-07  3.1172E-01  1.6734E-06  1.1500E+00  1.5531E+00
1.5849E-07  3.1173E-01  2.6602E-06  1.1500E+00  1.5531E+00
2.5119E-07  3.1173E-01  4.2263E-06  1.1500E+00  1.5531E+00
3.9811E-07  3.1173E-01  6.7142E-06  1.1500E+00  1.5531E+00
6.3096E-07  3.1174E-01  1.0657E-05  1.1500E+00  1.5531E+00
1.0000E-06  3.1175E-01  1.6901E-05  1.1500E+00  1.5531E+00
1.5849E-06  3.1177E-01  2.6797E-05  1.1500E+00  1.5531E+00
2.5119E-06  3.1179E-01  4.2485E-05  1.1500E+00  1.5531E+00
3.9811E-06  3.1181E-01  6.7349E-05  1.1500E+00  1.5531E+00
6.3096E-06  3.1185E-01  1.0674E-04  1.1500E+00  1.5531E+00
1.0000E-05  3.1189E-01  1.6917E-04  1.1500E+00  1.5531E+00
1.5849E-05  3.1195E-01  2.6646E-04  1.1500E+00  1.5531E+00
2.5119E-05  3.1202E-01  4.1949E-04  1.1500E+00  1.5531E+00
3.9811E-05  3.1212E-01  6.5610E-04  1.1500E+00  1.5531E+00
6.3096E-05  3.1226E-01  1.0225E-03  1.1500E+00  1.5530E+00
1.0000E-04  3.1245E-01  1.5832E-03  1.1500E+00  1.5529E+00
1.5849E-04  3.1270E-01  2.4111E-03  1.1500E+00  1.5529E+00
2.5119E-04  3.1302E-01  3.6862E-03  1.1500E+00  1.5527E+00
3.9811E-04  3.1339E-01  5.3738E-03  1.1500E+00  1.5525E+00
6.3096E-04  3.1387E-01  8.0485E-03  1.1500E+00  1.5523E+00
1.0000E-03  3.1450E-01  1.1048E-02  1.1500E+00  1.5520E+00
1.5849E-03  3.1536E-01  1.5723E-02  1.1499E+00  1.5516E+00
2.5119E-03  3.1642E-01  2.0723E-02  1.1499E+00  1.5513E+00
3.9811E-03  3.1788E-01  2.7798E-02  1.1499E+00  1.5508E+00
6.3096E-03  3.1974E-01  3.5919E-02  1.1499E+00  1.5504E+00
1.0000E-02  3.2226E-01  4.6329E-02  1.1499E+00  1.5500E+00
1.5849E-02  3.2571E-01  6.0189E-02  1.1499E+00  1.5496E+00
2.5119E-02  3.3046E-01  7.7933E-02  1.1499E+00  1.5493E+00
3.9811E-02  3.3728E-01  1.0465E-01  1.1499E+00  1.5489E+00
6.3096E-02  3.4698E-01  1.4217E-01  1.1499E+00  1.5487E+00
1.0000E-01  3.6105E-01  2.0088E-01  1.1499E+00  1.5483E+00
1.5849E-01  3.8123E-01  2.8823E-01  1.1499E+00  1.5480E+00
2.5119E-01  4.1045E-01  4.2640E-01  1.1498E+00  1.5475E+00
3.9811E-01  4.5122E-01  6.3061E-01  1.1498E+00  1.5469E+00
6.3096E-01  5.0972E-01  9.5177E-01  1.1498E+00  1.5461E+00
1.0000E+00  5.8564E-01  1.4180E+00  1.1498E+00  1.5451E+00
1.5849E+00  6.9022E-01  2.1328E+00  1.1497E+00  1.5437E+00
2.5119E+00  8.1598E-01  3.1505E+00  1.1496E+00  1.5420E+00
3.9811E+00  9.7395E-01  4.6468E+00  1.1496E+00  1.5398E+00
6.3096E+00  1.1632E+00  6.7584E+00  1.1494E+00  1.5370E+00
1.0000E+01  1.3760E+00  9.6696E+00  1.1493E+00  1.5339E+00
1.5849E+01  1.6402E+00  1.3789E+01  1.1491E+00  1.5297E+00
2.5119E+01  1.9200E+00  1.8891E+01  1.1490E+00  1.5260E+00
3.9811E+01  2.2960E+00  2.6165E+01  1.1487E+00  1.5209E+00
6.3096E+01  2.7066E+00  3.3573E+01  1.1485E+00  1.5176E+00
1.0000E+02  3.2859E+00  4.4031E+01  1.1482E+00  1.5131E+00
1.5849E+02  4.0580E+00  5.3897E+01  1.1481E+00  1.5108E+00
2.5119E+02  5.1635E+00  6.5440E+01  1.1479E+00  1.5084E+00
3.9811E+02  6.6680E+00  7.4810E+01  1.1479E+00  1.5081E+00
6.3096E+02  8.5549E+00  8.1468E+01  1.1479E+00  1.5086E+00
1.0000E+03  1.0958E+01  8.5224E+01  1.1481E+00  1.5105E+00
1.5849E+03  1.3721E+01  8.4219E+01  1.1484E+00  1.5154E+00
2.5119E+03  1.7170E+01  8.1076E+01  1.1491E+00  1.5250E+00
3.9811E+03  1.9766E+01  7.2426E+01  1.1493E+00  1.5323E+00
6.3096E+03  2.2198E+01  6.1804E+01  1.1495E+00  1.5379E+00
1.0000E+04  2.3697E+01  5.0554E+01  1.1496E+00  1.5403E+00
Rosseland and Planck opacities and free electrons
Density     Ross opa    Planck opa  No. Free    Av Sq Free  T=  9.0000E-01
1.0000E-10  3.1103E-01  8.2364E-11  1.1500E+00  1.5531E+00
1.5849E-10  3.1103E-01  1.8680E-10  1.1500E+00  1.5531E+00
2.5119E-10  3.1103E-01  4.7530E-10  1.1500E+00  1.5531E+00
3.9811E-10  3.1103E-01  1.8889E-09  1.1500E+00  1.5531E+00
6.3096E-10  3.1103E-01  4.1293E-09  1.1500E+00  1.5531E+00
1.0000E-09  3.1103E-01  6.6716E-09  1.1500E+00  1.5531E+00
1.5849E-09  3.1103E-01  1.0660E-08  1.1500E+00  1.5531E+00
2.5119E-09  3.1103E-01  1.6990E-08  1.1500E+00  1.5531E+00
3.9811E-09  3.1103E-01  2.7024E-08  1.1500E+00  1.5531E+00
6.3096E-09  3.1103E-01  4.2861E-08  1.1500E+00  1.5531E+00
1.0000E-08  3.1103E-01  6.7912E-08  1.1500E+00  1.5531E+00
1.5849E-08  3.1103E-01  1.0765E-07  1.1500E+00  1.5531E+00
2.5119E-08  3.1103E-01  1.7066E-07  1.1500E+00  1.5531E+00
3.9811E-08  3.1103E-01  2.7077E-07  1.1500E+00  1.5531E+00
6.3096E-08  3.1103E-01  4.3017E-07  1.1500E+00  1.5531E+00
1.0000E-07  3.1103E-01  6.8287E-07  1.1500E+00  1.5531E+00
1.5849E-07  3.1103E-01  1.0841E-06  1.1500E+00  1.5531E+00
2.5119E-07  3.1103E-01  1.7200E-06  1.1500E+00  1.5531E+00
3.9811E-07  3.1103E-01  2.7360E-06  1.1500E+00  1.5531E+00
6.3096E-07  3.1104E-01  4.3468E-06  1.1500E+00  1.5531E+00
1.0000E-06  3.1104E-01  6.9195E-06  1.1500E+00  1.5531E+00
1.5849E-06  3.1105E-01  1.1004E-05  1.1500E+00  1.5531E+00
2.5119E-06  3.1106E-01  1.7491E-05  1.1500E+00  1.5531E+00
3.9811E-06  3.1107E-01  2.7782E-05  1.1500E+00  1.5531E+00
6.3096E-06  3.1110E-01  4.4162E-05  1.1500E+00  1.5531E+00
1.0000E-05  3.1113E-01  7.0243E-05  1.1500E+00  1.5531E+00
1.5849E-05  3.1117E-01  1.1144E-04  1.1500E+00  1.5531E+00
2.5119E-05  3.1122E-01  1.7621E-04  1.1500E+00  1.5531E+00
3.9811E-05  3.1130E-01  2.7870E-04  1.1500E+00  1.5531E+00
6.3096E-05  3.1139E-01  4.3890E-04  1.1500E+00  1.5531E+00
1.0000E-04  3.1152E-01  6.9280E-04  1.1500E+00  1.5531E+00
1.5849E-04  3.1168E-01  1.0822E-03  1.1500E+00  1.5531E+00
2.5119E-04  3.1191E-01  1.6979E-03  1.1500E+00  1.5530E+00
3.9811E-04  3.1221E-01  2.6167E-03  1.1500E+00  1.5530E+00
6.3096E-04  3.1262E-01  4.0479E-03  1.1500E+00  1.5529E+00
1.0000E-03  3.1317E-01  6.1059E-03  1.1500E+00  1.5527E+00
1.5849E-03  3.1391E-01  9.1664E-03  1.1500E+00  1.5526E+00
2.5119E-03  3.1489E-01  1.3459E-02  1.1500E+00  1.5523E+00
3.9811E-03  3.1617E-01  1.9194E-02  1.1500E+00  1.5520E+00
6.3096E-03  3.1790E-01  2.7435E-02  1.1499E+00  1.5516E+00
1.0000E-02  3.2006E-01  3.6793E-02  1.1499E+00  1.5513E+00
1.5849E-02  3.2309E-01  5.1280E-02  1.1499E+00  1.5507E+00
2.5119E-02  3.2676E-01  6.6047E-02  1.1499E+00  1.5504E+00
3.9811E-02  3.3200E-01  8.9432E-02  1.1499E+00  1.5498E+00
6.3096E-02  3.3878E-01  1.1682E-01  1.1499E+00  1.5495E+00
1.0000E-01  3.4843E-01  1.5842E-01  1.1499E+00  1.5490E+00
1.5849E-01  3.6181E-01  2.1672E-01  1.1499E+00  1.5486E+00
2.5119E-01  3.8078E-01  3.0515E-01  1.1499E+00  1.5481E+00
3.9811E-01  4.0746E-01  4.3805E-01  1.1498E+00  1.5476E+00
6.3096E-01  4.4501E-01  6.4053E-01  1.1498E+00  1.5470E+00
1.0000E+00  4.9661E-01  9.4834E-01  1.1498E+00  1.5461E+00
1.5849E+00  5.6534E-01  1.4063E+00  1.1498E+00  1.5451E+00
2.5119E+00  6.5789E-01  2.1003E+00  1.1497E+00  1.5436E+00
3.9811E+00  7.6572E-01  3.0827E+00  1.1496E+00  1.5420E+00
6.3096E+00  9.1429E-01  4.5972E+00  1.1495E+00  1.5394E+00
1.0000E+01  1.0642E+00  6.5393E+00  1.1494E+00  1.5370E+00
1.5849E+01  1.2725E+00  9.5655E+00  1.1493E+00  1.5332E+00
2.5119E+01  1.4782E+00  1.3091E+01  1.1491E+00  1.5299E+00
3.9811E+01  1.7567E+00  1.8384E+01  1.1489E+00  1.5251E+00
6.3096E+01  2.0583E+00  2.4023E+01  1.1487E+00  1.5215E+00
1.0000E+02  2.4641E+00  3.1709E+01  1.1485E+00  1.5170E+00
1.5849E+02  3.0036E+00  3.9648E+01  1.1483E+00  1.5144E+00
2.5119E+02  3.8034E+00  4.9554E+01  1.1482E+00  1.5118E+00
3.9811E+02  4.8239E+00  5.7005E+01  1.1481E+00  1.5113E+00
6.3096E+02  6.2222E+00  6.4094E+01  1.1481E+00  1.5114E+00
1.0000E+03  7.9881E+00  6.8633E+01  1.1482E+00  1.5125E+00
1.5849E+03  1.0061E+01  6.9692E+01  1.1484E+00  1.5155E+00
2.5119E+03  1.2418E+01  6.6930E+01  1.1489E+00  1.5242E+00
3.9811E+03  1.4823E+01  6.1928E+01  1.1493E+00  1.5320E+00
6.3096E+03  1.7149E+01  5.5123E+01  1.1495E+00  1.5384E+00
1.0000E+04  1.8762E+01  4.5276E+01  1.1496E+00  1.5405E+00
Rosseland and Planck opacities and free electrons
Density     Ross opa    Planck opa  No. Free    Av Sq Free  T=  1.0000E+00
1.0000E-10  3.1041E-01  4.6477E-11  1.1500E+00  1.5531E+00
1.5849E-10  3.1041E-01  7.3661E-11  1.1500E+00  1.5531E+00
2.5119E-10  3.1041E-01  1.1675E-10  1.1500E+00  1.5531E+00
3.9811E-10  3.1041E-01  2.4317E-10  1.1500E+00  1.5531E+00
6.3096E-10  3.1041E-01  4.6209E-10  1.1500E+00  1.5531E+00
1.0000E-09  3.1041E-01  1.7028E-09  1.1500E+00  1.5531E+00
1.5849E-09  3.1041E-01  4.3416E-09  1.1500E+00  1.5531E+00
2.5119E-09  3.1041E-01  7.8896E-09  1.1500E+00  1.5531E+00
3.9811E-09  3.1041E-01  1.2552E-08  1.1500E+00  1.5531E+00
6.3096E-09  3.1041E-01  1.9956E-08  1.1500E+00  1.5531E+00
1.0000E-08  3.1041E-01  3.1743E-08  1.1500E+00  1.5531E+00
1.5849E-08  3.1041E-01  5.0415E-08  1.1500E+00  1.5531E+00
2.5119E-08  3.1041E-01  7.9921E-08  1.1500E+00  1.5531E+00
3.9811E-08  3.1041E-01  1.2669E-07  1.1500E+00  1.5531E+00
6.3096E-08  3.1041E-01  2.0136E-07  1.1500E+00  1.5531E+00
1.0000E-07  3.1041E-01  3.1975E-07  1.1500E+00  1.5531E+00
1.5849E-07  3.1041E-01  5.0765E-07  1.1500E+00  1.5531E+00
2.5119E-07  3.1041E-01  8.0554E-07  1.1500E+00  1.5531E+00
3.9811E-07  3.1041E-01  1.2810E-06  1.1500E+00  1.5531E+00
6.3096E-07  3.1041E-01  2.0374E-06  1.1500E+00  1.5531E+00
1.0000E-06  3.1042E-01  3.2419E-06  1.1500E+00  1.5531E+00
1.5849E-06  3.1042E-01  5.1606E-06  1.1500E+00  1.5531E+00
2.5119E-06  3.1042E-01  8.2065E-06  1.1500E+00  1.5531E+00
3.9811E-06  3.1043E-01  1.3052E-05  1.1500E+00  1.5531E+00
6.3096E-06  3.1044E-01  2.0744E-05  1.1500E+00  1.5531E+00
1.0000E-05  3.1046E-01  3.3106E-05  1.1500E+00  1.5531E+00
1.5849E-05  3.1048E-01  5.2697E-05  1.1500E+00  1.5531E+00
2.5119E-05  3.1052E-01  8.3468E-05  1.1500E+00  1.5531E+00
3.9811E-05  3.1057E-01  1.3220E-04  1.1500E+00  1.5531E+00
6.3096E-05  3.1064E-01  2.0902E-04  1.1500E+00  1.5531E+00
1.0000E-04  3.1073E-01  3.3060E-04  1.1500E+00  1.5531E+00
1.5849E-04  3.1085E-01  5.2166E-04  1.1500E+00  1.5531E+00
2.5119E-04  3.1101E-01  8.2293E-04  1.1500E+00  1.5531E+00
3.9811E-04  3.1122E-01  1.2937E-03  1.1500E+00  1.5531E+00
6.3096E-04  3.1150E-01  2.0271E-03  1.1500E+00  1.5530E+00
1.0000E-03  3.1189E-01  3.1685E-03  1.1500E+00  1.5530E+00
1.5849E-03  3.1245E-01  4.8866E-03  1.1500E+00  1.5529E+00
2.5119E-03  3.1322E-01  7.5852E-03  1.1500E+00  1.5528E+00
3.9811E-03  3.1428E-01  1.1314E-02  1.1500E+00  1.5527E+00
6.3096E-03  3.1575E-01  1.7223E-02  1.1500E+00  1.5524E+00
1.0000E-02  3.1765E-01  2.4604E-02  1.1500E+00  1.5522E+00
1.5849E-02  3.2029E-01  3.5986E-02  1.1500E+00  1.5518E+00
2.5119E-02  3.2363E-01  4.9651E-02  1.1499E+00  1.5514E+00
3.9811E-02  3.2817E-01  6.9076E-02  1.1499E+00  1.5510E+00
6.3096E-02  3.3403E-01  9.3853E-02  1.1499E+00  1.5505E+00
1.0000E-01  3.4176E-01  1.2665E-01  1.1499E+00  1.5500E+00
1.5849E-01  3.5224E-01  1.7326E-01  1.1499E+00  1.5494E+00
2.5119E-01  3.6613E-01  2.3585E-01  1.1499E+00  1.5489E+00
3.9811E-01  3.8567E-01  3.3212E-01  1.1499E+00  1.5483E+00
6.3096E-01  4.1205E-01  4.6939E-01  1.1498E+00  1.5477E+00
1.0000E+00  4.4951E-01  6.8528E-01  1.1498E+00  1.5469E+00
1.5849E+00  4.9809E-01  9.9391E-01  1.1498E+00  1.5461E+00
2.5119E+00  5.6643E-01  1.4767E+00  1.1497E+00  1.5449E+00
3.9811E+00  6.4699E-01  2.1550E+00  1.1497E+00  1.5435E+00
6.3096E+00  7.5553E-01  3.2028E+00  1.1496E+00  1.5416E+00
1.0000E+01  8.7738E-01  4.6262E+00  1.1495E+00  1.5393E+00
1.5849E+01  1.0311E+00  6.7287E+00  1.1494E+00  1.5362E+00
2.5119E+01  1.2014E+00  9.4674E+00  1.1493E+00  1.5328E+00
3.9811E+01  1.4036E+00  1.3184E+01  1.1491E+00  1.5290E+00
6.3096E+01  1.6446E+00  1.7860E+01  1.1489E+00  1.5248E+00
1.0000E+02  1.9450E+00  2.3334E+01  1.1487E+00  1.5211E+00
1.5849E+02  2.3475E+00  3.0155E+01  1.1485E+00  1.5175E+00
2.5119E+02  2.9162E+00  3.7481E+01  1.1484E+00  1.5155E+00
3.9811E+02  3.6738E+00  4.4690E+01  1.1483E+00  1.5141E+00
6.3096E+02  4.7403E+00  5.1736E+01  1.1483E+00  1.5138E+00
1.0000E+03  5.9915E+00  5.5561E+01  1.1483E+00  1.5145E+00
1.5849E+03  7.5836E+00  5.7700E+01  1.1485E+00  1.5183E+00
2.5119E+03  9.3752E+00  5.6420E+01  1.1489E+00  1.5248E+00
3.9811E+03  1.1492E+01  5.3760E+01  1.1493E+00  1.5327E+00
6.3096E+03  1.3363E+01  4.8494E+01  1.1495E+00  1.5377E+00
1.0000E+04  1.4904E+01  4.0696E+01  1.1496E+00  1.5410E+00
Rosseland and Planck opacities and free electrons
Density     Ross opa    Planck opa  No. Free    Av Sq Free  T=  1.1250E+00
1.0000E-10  3.0925E-01  3.0613E-11  1.1500E+00  1.5531E+00
1.5849E-10  3.0925E-01  4.8519E-11  1.1500E+00  1.5531E+00
2.5119E-10  3.0925E-01  7.6898E-11  1.1500E+00  1.5531E+00
3.9811E-10  3.0925E-01  1.2187E-10  1.1500E+00  1.5531E+00
6.3096E-10  3.0925E-01  1.9316E-10  1.1500E+00  1.5531E+00
1.0000E-09  3.0925E-01  3.2648E-10  1.1500E+00  1.5531E+00
1.5849E-09  3.0925E-01  6.1849E-10  1.1500E+00  1.5531E+00
2.5119E-09  3.0925E-01  1.2035E-09  1.1500E+00  1.5531E+00
3.9811E-09  3.0925E-01  4.1811E-09  1.1500E+00  1.5531E+00
6.3096E-09  3.0925E-01  8.9001E-09  1.1500E+00  1.5531E+00
1.0000E-08  3.0925E-01  1.4429E-08  1.1500E+00  1.5531E+00
1.5849E-08  3.0925E-01  2.2918E-08  1.1500E+00  1.5531E+00
2.5119E-08  3.0925E-01  3.6433E-08  1.1500E+00  1.5531E+00
3.9811E-08  3.0925E-01  5.7882E-08  1.1500E+00  1.5531E+00
6.3096E-08  3.0925E-01  9.1824E-08  1.1500E+00  1.5531E+00
1.0000E-07  3.0925E-01  1.4557E-07  1.1500E+00  1.5531E+00
1.5849E-07  3.0925E-01  2.3103E-07  1.1500E+00  1.5531E+00
2.5119E-07  3.0925E-01  3.6707E-07  1.1500E+00  1.5531E+00
3.9811E-07  3.0925E-01  5.8282E-07  1.1500E+00  1.5531E+00
6.3096E-07  3.0925E-01  9.2549E-07  1.1500E+00  1.5531E+00
1.0000E-06  3.0925E-01  1.4694E-06  1.1500E+00  1.5531E+00
1.5849E-06  3.0925E-01  2.3546E-06  1.1500E+00  1.5531E+00
2.5119E-06  3.0925E-01  3.7577E-06  1.1500E+00  1.5531E+00
3.9811E-06  3.0925E-01  5.9938E-06  1.1500E+00  1.5531E+00
6.3096E-06  3.0926E-01  9.5403E-06  1.1500E+00  1.5531E+00
1.0000E-05  3.0927E-01  1.5245E-05  1.1500E+00  1.5531E+00
1.5849E-05  3.0928E-01  2.4332E-05  1.1500E+00  1.5531E+00
2.5119E-05  3.0929E-01  3.8623E-05  1.1500E+00  1.5531E+00
3.9811E-05  3.0932E-01  6.1147E-05  1.1500E+00  1.5531E+00
6.3096E-05  3.0936E-01  9.6794E-05  1.1500E+00  1.5531E+00
1.0000E-04  3.0941E-01  1.5317E-04  1.1500E+00  1.5531E+00
1.5849E-04  3.0949E-01  2.4242E-04  1.1500E+00  1.5531E+00
2.5119E-04  3.0960E-01  3.8325E-04  1.1500E+00  1.5531E+00
3.9811E-04  3.0974E-01  6.0639E-04  1.1500E+00  1.5531E+00
6.3096E-04  3.0993E-01  9.5553E-04  1.1500E+00  1.5531E+00
1.0000E-03  3.1019E-01  1.5089E-03  1.1500E+00  1.5531E+00
1.5849E-03  3.1055E-01  2.3641E-03  1.1500E+00  1.5531E+00
2.5119E-03  3.1106E-01  3.7145E-03  1.1500E+00  1.5530E+00
3.9811E-03  3.1178E-01  5.7603E-03  1.1500E+00  1.5530E+00
6.3096E-03  3.1280E-01  8.9444E-03  1.1500E+00  1.5529E+00
1.0000E-02  3.1424E-01  1.3648E-02  1.1500E+00  1.5527E+00
1.5849E-02  3.1625E-01  2.0656E-02  1.1500E+00  1.5525E+00
2.5119E-02  3.1902E-01  3.0899E-02  1.1500E+00  1.5523E+00
3.9811E-02  3.2275E-01  4.4817E-02  1.1500E+00  1.5520E+00
6.3096E-02  3.2791E-01  6.5704E-02  1.1499E+00  1.5515E+00
1.0000E-01  3.3440E-01  9.0829E-02  1.1499E+00  1.5511E+00
1.5849E-01  3.4360E-01  1.3050E-01  1.1499E+00  1.5505E+00
2.5119E-01  3.5455E-01  1.7619E-01  1.1499E+00  1.5500E+00
3.9811E-01  3.7003E-01  2.4812E-01  1.1499E+00  1.5493E+00
6.3096E-01  3.8953E-01  3.4380E-01  1.1499E+00  1.5487E+00
1.0000E+00  4.1654E-01  4.8928E-01  1.1498E+00  1.5480E+00
1.5849E+00  4.5199E-01  6.9885E-01  1.1498E+00  1.5471E+00
2.5119E+00  4.9992E-01  1.0133E+00  1.1498E+00  1.5462E+00
3.9811E+00  5.6143E-01  1.4750E+00  1.1497E+00  1.5449E+00
6.3096E+00  6.3892E-01  2.1590E+00  1.1497E+00  1.5435E+00
1.0000E+01  7.3586E-01  3.1607E+00  1.1496E+00  1.5414E+00
1.5849E+01  8.4663E-01  4.5574E+00  1.1495E+00  1.5390E+00
2.5119E+01  9.8468E-01  6.6087E+00  1.1494E+00  1.5355E+00
3.9811E+01  1.1286E+00  9.0884E+00  1.1492E+00  1.5325E+00
6.3096E+01  1.3139E+00  1.2834E+01  1.1490E+00  1.5279E+00
1.0000E+02  1.5281E+00  1.6583E+01  1.1489E+00  1.5250E+00
1.5849E+02  1.8223E+00  2.2196E+01  1.1487E+00  1.5207E+00
2.5119E+02  2.1897E+00  2.6863E+01  1.1486E+00  1.5192E+00
3.9811E+02  2.7185E+00  3.2997E+01  1.1485E+00  1.5173E+00
6.3096E+02  3.4520E+00  3.8913E+01  1.1485E+00  1.5169E+00
1.0000E+03  4.3772E+00  4.3498E+01  1.1485E+00  1.5171E+00
1.5849E+03  5.5497E+00  4.6257E+01  1.1486E+00  1.5184E+00
2.5119E+03  6.9194E+00  4.6439E+01  1.1488E+00  1.5229E+00
3.9811E+03  8.5599E+00  4.5217E+01  1.1493E+00  1.5321E+00
6.3096E+03  9.9951E+00  4.1260E+01  1.1495E+00  1.5368E+00
1.0000E+04  1.1460E+01  3.6090E+01  1.1496E+00  1.5407E+00
Rosseland and Planck opacities and free electrons
Density     Ross opa    Planck opa  No. Free    Av Sq Free  T=  1.2500E+00
1.0000E-10  3.0821E-01  2.1072E-11  1.1500E+00  1.5531E+00
1.5849E-10  3.0821E-01  3.3398E-11  1.1500E+00  1.5531E+00
2.5119E-10  3.0821E-01  5.2932E-11  1.1500E+00  1.5531E+00
3.9811E-10  3.0821E-01  8.3891E-11  1.1500E+00  1.5531E+00
6.3096E-10  3.0821E-01  1.3296E-10  1.1500E+00  1.5531E+00
1.0000E-09  3.0821E-01  2.1072E-10  1.1500E+00  1.5531E+00
1.5849E-09  3.0821E-01  3.3398E-10  1.1500E+00  1.5531E+00
2.5119E-09  3.0821E-01  5.2932E-10  1.1500E+00  1.5531E+00
3.9811E-09  3.0821E-01  9.3939E-10  1.1500E+00  1.5531E+00
6.3096E-09  3.0821E-01  1.6366E-09  1.1500E+00  1.5531E+00
1.0000E-08  3.0821E-01  4.3855E-09  1.1500E+00  1.5531E+00
1.5849E-08  3.0821E-01  1.0395E-08  1.1500E+00  1.5531E+00
2.5119E-08  3.0821E-01  1.8829E-08  1.1500E+00  1.5531E+00
3.9811E-08  3.0821E-01  2.9990E-08  1.1500E+00  1.5531E+00
6.3096E-08  3.0821E-01  4.7653E-08  1.1500E+00  1.5531E+00
1.0000E-07  3.0821E-01  7.5526E-08  1.1500E+00  1.5531E+00
1.5849E-07  3.0821E-01  1.1973E-07  1.1500E+00  1.5531E+00
2.5119E-07  3.0821E-01  1.9050E-07  1.1500E+00  1.5531E+00
3.9811E-07  3.0821E-01  3.0265E-07  1.1500E+00  1.5531E+00
6.3096E-07  3.0821E-01  4.8033E-07  1.1500E+00  1.5531E+00
1.0000E-06  3.0821E-01  7.6191E-07  1.1500E+00  1.5531E+00
1.5849E-06  3.0821E-01  1.2141E-06  1.1500E+00  1.5531E+00
2.5119E-06  3.0821E-01  1.9341E-06  1.1500E+00  1.5531E+00
3.9811E-06  3.0821E-01  3.0881E-06  1.1500E+00  1.5531E+00
6.3096E-06  3.0821E-01  4.9317E-06  1.1500E+00  1.5531E+00
1.0000E-05  3.0822E-01  7.8854E-06  1.1500E+00  1.5531E+00
1.5849E-05  3.0822E-01  1.2640E-05  1.1500E+00  1.5531E+00
2.5119E-05  3.0823E-01  2.0151E-05  1.1500E+00  1.5531E+00
3.9811E-05  3.0824E-01  3.1916E-05  1.1500E+00  1.5531E+00
6.3096E-05  3.0826E-01  5.0561E-05  1.1500E+00  1.5531E+00
1.0000E-04  3.0829E-01  8.0051E-05  1.1500E+00  1.5531E+00
1.5849E-04  3.0834E-01  1.2679E-04  1.1500E+00  1.5531E+00
2.5119E-04  3.0840E-01  2.0058E-04  1.1500E+00  1.5531E+00
3.9811E-04  3.0849E-01  3.1748E-04  1.1500E+00  1.5531E+00
6.3096E-04  3.0862E-01  5.0182E-04  1.1500E+00  1.5531E+00
1.0000E-03  3.0880E-01  7.9343E-04  1.1500E+00  1.5531E+00
1.5849E-03  3.0904E-01  1.2522E-03  1.1500E+00  1.5531E+00
2.5119E-03  3.0938E-01  1.9749E-03  1.1500E+00  1.5531E+00
3.9811E-03  3.0985E-01  3.1072E-03  1.1500E+00  1.5531E+00
6.3096E-03  3.1053E-01  4.8678E-03  1.1500E+00  1.5530E+00
1.0000E-02  3.1150E-01  7.6246E-03  1.1500E+00  1.5529E+00
1.5849E-02  3.1290E-01  1.1754E-02  1.1500E+00  1.5529E+00
2.5119E-02  3.1491E-01  1.8309E-02  1.1500E+00  1.5527E+00
3.9811E-02  3.1773E-01  2.7409E-02  1.1500E+00  1.5525E+00
6.3096E-02  3.2176E-01  4.1794E-02  1.1500E+00  1.5523E+00
1.0000E-01  3.2714E-01  6.0727E-02  1.1500E+00  1.5519E+00
1.5849E-01  3.3470E-01  8.9597E-02  1.1499E+00  1.5515E+00
2.5119E-01  3.4441E-01  1.2736E-01  1.1499E+00  1.5510E+00
3.9811E-01  3.5745E-01  1.8162E-01  1.1499E+00  1.5504E+00
6.3096E-01  3.7429E-01  2.5741E-01  1.1499E+00  1.5497E+00
1.0000E+00  3.9588E-01  3.6340E-01  1.1499E+00  1.5490E+00
1.5849E+00  4.2494E-01  5.2053E-01  1.1498E+00  1.5481E+00
2.5119E+00  4.6129E-01  7.3854E-01  1.1498E+00  1.5473E+00
3.9811E+00  5.1117E-01  1.0748E+00  1.1498E+00  1.5460E+00
6.3096E+00  5.6995E-01  1.5424E+00  1.1497E+00  1.5449E+00
1.0000E+01  6.4946E-01  2.2739E+00  1.1497E+00  1.5430E+00
1.5849E+01  7.3364E-01  3.2386E+00  1.1496E+00  1.5411E+00
2.5119E+01  8.4273E-01  4.7324E+00  1.1495E+00  1.5381E+00
3.9811E+01  9.5553E-01  6.5595E+00  1.1494E+00  1.5353E+00
6.3096E+01  1.0962E+00  9.2590E+00  1.1492E+00  1.5313E+00
1.0000E+02  1.2582E+00  1.2275E+01  1.1490E+00  1.5281E+00
1.5849E+02  1.4777E+00  1.6327E+01  1.1489E+00  1.5245E+00
2.5119E+02  1.7523E+00  2.0472E+01  1.1487E+00  1.5222E+00
3.9811E+02  2.1341E+00  2.5420E+01  1.1487E+00  1.5203E+00
6.3096E+02  2.6457E+00  3.0168E+01  1.1486E+00  1.5196E+00
1.0000E+03  3.3455E+00  3.4941E+01  1.1486E+00  1.5193E+00
1.5849E+03  4.2323E+00  3.7962E+01  1.1487E+00  1.5200E+00
2.5119E+03  5.3306E+00  3.9158E+01  1.1489E+00  1.5229E+00
3.9811E+03  6.5098E+00  3.7958E+01  1.1492E+00  1.5316E+00
6.3096E+03  7.7833E+00  3.5736E+01  1.1496E+00  1.5386E+00
1.0000E+04  9.0510E+00  3.2382E+01  1.1497E+00  1.5423E+00
Rosseland and Planck opacities and free electrons
Density     Ross opa    Planck opa  No. Free    Av Sq Free  T=  1.3750E+00
1.0000E-10  3.0727E-01  1.5031E-11  1.1500E+00  1.5531E+00
1.5849E-10  3.0727E-01  2.3823E-11  1.1500E+00  1.5531E+00
2.5119E-10  3.0727E-01  3.7757E-11  1.1500E+00  1.5531E+00
3.9811E-10  3.0727E-01  5.9841E-11  1.1500E+00  1.5531E+00
6.3096E-10  3.0727E-01  9.4842E-11  1.1500E+00  1.5531E+00
1.0000E-09  3.0727E-01  1.5031E-10  1.1500E+00  1.5531E+00
1.5849E-09  3.0727E-01  2.3823E-10  1.1500E+00  1.5531E+00
2.5119E-09  3.0727E-01  3.7757E-10  1.1500E+00  1.5531E+00
3.9811E-09  3.0727E-01  5.9841E-10  1.1500E+00  1.5531E+00
6.3096E-09  3.0727E-01  9.4842E-10  1.1500E+00  1.5531E+00
1.0000E-08  3.0727E-01  1.5517E-09  1.1500E+00  1.5531E+00
1.5849E-08  3.0727E-01  2.6967E-09  1.1500E+00  1.5531E+00
2.5119E-08  3.0727E-01  4.8338E-09  1.1500E+00  1.5531E+00
3.9811E-08  3.0727E-01  1.3355E-08  1.1500E+00  1.5531E+00
6.3096E-08  3.0727E-01  2.6861E-08  1.1500E+00  1.5531E+00
1.0000E-07  3.0727E-01  4.3372E-08  1.1500E+00  1.5531E+00
1.5849E-07  3.0727E-01  6.8877E-08  1.1500E+00  1.5531E+00
2.5119E-07  3.0727E-01  1.0923E-07  1.1500E+00  1.5531E+00
3.9811E-07  3.0727E-01  1.7314E-07  1.1500E+00  1.5531E+00
6.3096E-07  3.0727E-01  2.7525E-07  1.1500E+00  1.5531E+00
1.0000E-06  3.0727E-01  4.3788E-07  1.1500E+00  1.5531E+00
1.5849E-06  3.0727E-01  6.9719E-07  1.1500E+00  1.5531E+00
2.5119E-06  3.0727E-01  1.1113E-06  1.1500E+00  1.5531E+00
3.9811E-06  3.0727E-01  1.7708E-06  1.1500E+00  1.5531E+00
6.3096E-06  3.0727E-01  2.8308E-06  1.1500E+00  1.5531E+00
1.0000E-05  3.0728E-01  4.5139E-06  1.1500E+00  1.5531E+00
1.5849E-05  3.0728E-01  7.2621E-06  1.1500E+00  1.5531E+00
2.5119E-05  3.0728E-01  1.1618E-05  1.1500E+00  1.5531E+00
3.9811E-05  3.0729E-01  1.8413E-05  1.1500E+00  1.5531E+00
6.3096E-05  3.0730E-01  2.9164E-05  1.1500E+00  1.5531E+00
1.0000E-04  3.0732E-01  4.6189E-05  1.1500E+00  1.5531E+00
1.5849E-04  3.0734E-01  7.3166E-05  1.1500E+00  1.5531E+00
2.5119E-04  3.0738E-01  1.1584E-04  1.1500E+00  1.5531E+00
3.9811E-04  3.0743E-01  1.8339E-04  1.1500E+00  1.5531E+00
6.3096E-04  3.0751E-01  2.9027E-04  1.1500E+00  1.5531E+00
1.0000E-03  3.0763E-01  4.5926E-04  1.1500E+00  1.5531E+00
1.5849E-03  3.0779E-01  7.2655E-04  1.1500E+00  1.5531E+00
2.5119E-03  3.0802E-01  1.1471E-03  1.1500E+00  1.5531E+00
3.9811E-03  3.0835E-01  1.8135E-03  1.1500E+00  1.5531E+00
6.3096E-03  3.0881E-01  2.8520E-03  1.1500E+00  1.5531E+00
1.0000E-02  3.0946E-01  4.4980E-03  1.1500E+00  1.5530E+00
1.5849E-02  3.1041E-01  7.0239E-03  1.1500E+00  1.5530E+00
2.5119E-02  3.1179E-01  1.0997E-02  1.1500E+00  1.5529E+00
3.9811E-02  3.1379E-01  1.6973E-02  1.1500E+00  1.5528E+00
6.3096E-02  3.1670E-01  2.6217E-02  1.1500E+00  1.5526E+00
1.0000E-01  3.2082E-01  3.9778E-02  1.1500E+00  1.5524E+00
1.5849E-01  3.2665E-01  5.9911E-02  1.1500E+00  1.5521E+00
2.5119E-01  3.3476E-01  8.9334E-02  1.1499E+00  1.5517E+00
3.9811E-01  3.4557E-01  1.2985E-01  1.1499E+00  1.5513E+00
6.3096E-01  3.6055E-01  1.9144E-01  1.1499E+00  1.5506E+00
1.0000E+00  3.7877E-01  2.7195E-01  1.1499E+00  1.5500E+00
1.5849E+00  4.0472E-01  3.9865E-01  1.1499E+00  1.5490E+00
2.5119E+00  4.3408E-01  5.5909E-01  1.1498E+00  1.5483E+00
3.9811E+00  4.7563E-01  8.1040E-01  1.1498E+00  1.5471E+00
6.3096E+00  5.2399E-01  1.1541E+00  1.1498E+00  1.5460E+00
1.0000E+01  5.8749E-01  1.6771E+00  1.1497E+00  1.5445E+00
1.5849E+01  6.5875E-01  2.4012E+00  1.1497E+00  1.5427E+00
2.5119E+01  7.4334E-01  3.4711E+00  1.1496E+00  1.5402E+00
3.9811E+01  8.3680E-01  4.8983E+00  1.1494E+00  1.5374E+00
6.3096E+01  9.4511E-01  6.8607E+00  1.1493E+00  1.5341E+00
1.0000E+02  1.0721E+00  9.3853E+00  1.1491E+00  1.5304E+00
1.5849E+02  1.2389E+00  1.2337E+01  1.1490E+00  1.5276E+00
2.5119E+02  1.4530E+00  1.6027E+01  1.1489E+00  1.5247E+00
3.9811E+02  1.7315E+00  1.9760E+01  1.1488E+00  1.5232E+00
6.3096E+02  2.1100E+00  2.3978E+01  1.1488E+00  1.5220E+00
1.0000E+03  2.6462E+00  2.8606E+01  1.1487E+00  1.5214E+00
1.5849E+03  3.2918E+00  3.1139E+01  1.1488E+00  1.5219E+00
2.5119E+03  4.1377E+00  3.2722E+01  1.1489E+00  1.5245E+00
3.9811E+03  5.0999E+00  3.2401E+01  1.1492E+00  1.5308E+00
6.3096E+03  6.2401E+00  3.1263E+01  1.1496E+00  1.5391E+00
1.0000E+04  7.1968E+00  2.8526E+01  1.1497E+00  1.5418E+00
Rosseland and Planck opacities and free electrons
Density     Ross opa    Planck opa  No. Free    Av Sq Free  T=  1.5000E+00
1.0000E-10  3.0642E-01  1.1044E-11  1.1500E+00  1.5531E+00
1.5849E-10  3.0642E-01  1.7503E-11  1.1500E+00  1.5531E+00
2.5119E-10  3.0642E-01  2.7740E-11  1.1500E+00  1.5531E+00
3.9811E-10  3.0642E-01  4.3965E-11  1.1500E+00  1.5531E+00
6.3096E-10  3.0642E-01  6.9681E-11  1.1500E+00  1.5531E+00
1.0000E-09  3.0642E-01  1.1044E-10  1.1500E+00  1.5531E+00
1.5849E-09  3.0642E-01  1.7503E-10  1.1500E+00  1.5531E+00
2.5119E-09  3.0642E-01  2.7740E-10  1.1500E+00  1.5531E+00
3.9811E-09  3.0642E-01  4.3965E-10  1.1500E+00  1.5531E+00
6.3096E-09  3.0642E-01  6.9681E-10  1.1500E+00  1.5531E+00
1.0000E-08  3.0642E-01  1.1044E-09  1.1500E+00  1.5531E+00
1.5849E-08  3.0642E-01  1.7503E-09  1.1500E+00  1.5531E+00
2.5119E-08  3.0642E-01  2.7740E-09  1.1500E+00  1.5531E+00
3.9811E-08  3.0642E-01  4.7008E-09  1.1500E+00  1.5531E+00
6.3096E-08  3.0642E-01  7.8557E-09  1.1500E+00  1.5531E+00
1.0000E-07  3.0642E-01  1.8263E-08  1.1500E+00  1.5531E+00
1.5849E-07  3.0642E-01  3.8940E-08  1.1500E+00  1.5531E+00
2.5119E-07  3.0642E-01  6.7794E-08  1.1500E+00  1.5531E+00
3.9811E-07  3.0642E-01  1.0743E-07  1.1500E+00  1.5531E+00
6.3096E-07  3.0642E-01  1.7045E-07  1.1500E+00  1.5531E+00
1.0000E-06  3.0642E-01  2.7104E-07  1.1500E+00  1.5531E+00
1.5849E-06  3.0642E-01  4.3085E-07  1.1500E+00  1.5531E+00
2.5119E-06  3.0642E-01  6.8843E-07  1.1500E+00  1.5531E+00
3.9811E-06  3.0642E-01  1.0967E-06  1.1500E+00  1.5531E+00
6.3096E-06  3.0642E-01  1.7563E-06  1.1500E+00  1.5531E+00
1.0000E-05  3.0642E-01  2.8030E-06  1.1500E+00  1.5531E+00
1.5849E-05  3.0642E-01  4.5087E-06  1.1500E+00  1.5531E+00
2.5119E-05  3.0642E-01  7.2305E-06  1.1500E+00  1.5531E+00
3.9811E-05  3.0643E-01  1.1495E-05  1.1500E+00  1.5531E+00
6.3096E-05  3.0643E-01  1.8210E-05  1.1500E+00  1.5531E+00
1.0000E-04  3.0644E-01  2.8846E-05  1.1500E+00  1.5531E+00
1.5849E-04  3.0646E-01  4.5688E-05  1.1500E+00  1.5531E+00
2.5119E-04  3.0648E-01  7.2360E-05  1.1500E+00  1.5531E+00
3.9811E-04  3.0651E-01  1.1455E-04  1.1500E+00  1.5531E+00
6.3096E-04  3.0656E-01  1.8140E-04  1.1500E+00  1.5531E+00
1.0000E-03  3.0663E-01  2.8706E-04  1.1500E+00  1.5531E+00
1.5849E-03  3.0674E-01  4.5452E-04  1.1500E+00  1.5531E+00
2.5119E-03  3.0690E-01  7.1820E-04  1.1500E+00  1.5531E+00
3.9811E-03  3.0713E-01  1.1359E-03  1.1500E+00  1.5531E+00
6.3096E-03  3.0744E-01  1.7918E-03  1.1500E+00  1.5531E+00
1.0000E-02  3.0790E-01  2.8287E-03  1.1500E+00  1.5531E+00
1.5849E-02  3.0856E-01  4.4494E-03  1.1500E+00  1.5530E+00
2.5119E-02  3.0951E-01  6.9875E-03  1.1500E+00  1.5530E+00
3.9811E-02  3.1091E-01  1.0938E-02  1.1500E+00  1.5529E+00
6.3096E-02  3.1296E-01  1.7020E-02  1.1500E+00  1.5528E+00
1.0000E-01  3.1595E-01  2.6434E-02  1.1500E+00  1.5527E+00
1.5849E-01  3.2027E-01  4.0369E-02  1.1500E+00  1.5525E+00
2.5119E-01  3.2655E-01  6.2251E-02  1.1500E+00  1.5522E+00
3.9811E-01  3.3513E-01  9.2109E-02  1.1499E+00  1.5518E+00
6.3096E-01  3.4750E-01  1.3934E-01  1.1499E+00  1.5513E+00
1.0000E+00  3.6310E-01  2.0222E-01  1.1499E+00  1.5508E+00
1.5849E+00  3.8500E-01  2.9916E-01  1.1499E+00  1.5500E+00
2.5119E+00  4.1130E-01  4.2904E-01  1.1499E+00  1.5492E+00
3.9811E+00  4.4622E-01  6.2042E-01  1.1498E+00  1.5482E+00
6.3096E+00  4.8909E-01  8.9052E-01  1.1498E+00  1.5470E+00
1.0000E+01  5.4131E-01  1.2804E+00  1.1498E+00  1.5457E+00
1.5849E+01  6.0454E-01  1.8434E+00  1.1497E+00  1.5439E+00
2.5119E+01  6.7206E-01  2.6293E+00  1.1496E+00  1.5419E+00
3.9811E+01  7.5088E-01  3.7687E+00  1.1495E+00  1.5391E+00
6.3096E+01  8.3467E-01  5.2256E+00  1.1494E+00  1.5364E+00
1.0000E+02  9.3605E-01  7.3630E+00  1.1492E+00  1.5326E+00
1.5849E+02  1.0665E+00  9.5816E+00  1.1491E+00  1.5303E+00
2.5119E+02  1.2388E+00  1.2821E+01  1.1490E+00  1.5269E+00
3.9811E+02  1.4469E+00  1.5736E+01  1.1489E+00  1.5256E+00
6.3096E+02  1.7353E+00  1.9480E+01  1.1489E+00  1.5241E+00
1.0000E+03  2.1300E+00  2.3133E+01  1.1489E+00  1.5235E+00
1.5849E+03  2.6373E+00  2.5928E+01  1.1489E+00  1.5235E+00
2.5119E+03  3.3059E+00  2.7775E+01  1.1491E+00  1.5267E+00
3.9811E+03  4.1060E+00  2.8082E+01  1.1494E+00  1.5334E+00
6.3096E+03  5.1000E+00  2.7513E+01  1.1496E+00  1.5390E+00
1.0000E+04  5.8443E+00  2.5208E+01  1.1497E+00  1.5415E+00
Rosseland and Planck opacities and free electrons
Density     Ross opa    Planck opa  No. Free    Av Sq Free  T=  1.6250E+00
1.0000E-10  3.0534E-01  8.3168E-12  1.1500E+00  1.5531E+00
1.5849E-10  3.0534E-01  1.3181E-11  1.1500E+00  1.5531E+00
2.5119E-10  3.0534E-01  2.0891E-11  1.1500E+00  1.5531E+00
3.9811E-10  3.0534E-01  3.3110E-11  1.1500E+00  1.5531E+00
6.3096E-10  3.0534E-01  5.2475E-11  1.1500E+00  1.5531E+00
1.0000E-09  3.0534E-01  8.3168E-11  1.1500E+00  1.5531E+00
1.5849E-09  3.0534E-01  1.3181E-10  1.1500E+00  1.5531E+00
2.5119E-09  3.0534E-01  2.0891E-10  1.1500E+00  1.5531E+00
3.9811E-09  3.0534E-01  3.3110E-10  1.1500E+00  1.5531E+00
6.3096E-09  3.0534E-01  5.2475E-10  1.1500E+00  1.5531E+00
1.0000E-08  3.0534E-01  8.3168E-10  1.1500E+00  1.5531E+00
1.5849E-08  3.0534E-01  1.3181E-09  1.1500E+00  1.5531E+00
2.5119E-08  3.0534E-01  2.0891E-09  1.1500E+00  1.5531E+00
3.9811E-08  3.0534E-01  3.4367E-09  1.1500E+00  1.5531E+00
6.3096E-08  3.0534E-01  5.7129E-09  1.1500E+00  1.5531E+00
1.0000E-07  3.0534E-01  1.1309E-08  1.1500E+00  1.5531E+00
1.5849E-07  3.0534E-01  2.4675E-08  1.1500E+00  1.5531E+00
2.5119E-07  3.0534E-01  4.4845E-08  1.1500E+00  1.5531E+00
3.9811E-07  3.0534E-01  7.1223E-08  1.1500E+00  1.5531E+00
6.3096E-07  3.0534E-01  1.1304E-07  1.1500E+00  1.5531E+00
1.0000E-06  3.0534E-01  1.7978E-07  1.1500E+00  1.5531E+00
1.5849E-06  3.0534E-01  2.8555E-07  1.1500E+00  1.5531E+00
2.5119E-06  3.0534E-01  4.5355E-07  1.1500E+00  1.5531E+00
3.9811E-06  3.0534E-01  7.1988E-07  1.1500E+00  1.5531E+00
6.3096E-06  3.0534E-01  1.1564E-06  1.1500E+00  1.5531E+00
1.0000E-05  3.0534E-01  1.8572E-06  1.1500E+00  1.5531E+00
1.5849E-05  3.0534E-01  2.9866E-06  1.1500E+00  1.5531E+00
2.5119E-05  3.0534E-01  4.8002E-06  1.1500E+00  1.5531E+00
3.9811E-05  3.0534E-01  7.6555E-06  1.1500E+00  1.5531E+00
6.3096E-05  3.0535E-01  1.2132E-05  1.1500E+00  1.5531E+00
1.0000E-04  3.0535E-01  1.9224E-05  1.1500E+00  1.5531E+00
1.5849E-04  3.0536E-01  3.0453E-05  1.1500E+00  1.5531E+00
2.5119E-04  3.0537E-01  4.8249E-05  1.1500E+00  1.5531E+00
3.9811E-04  3.0539E-01  7.6381E-05  1.1500E+00  1.5531E+00
6.3096E-04  3.0542E-01  1.2097E-04  1.1500E+00  1.5531E+00
1.0000E-03  3.0547E-01  1.9142E-04  1.1500E+00  1.5531E+00
1.5849E-03  3.0554E-01  3.0302E-04  1.1500E+00  1.5531E+00
2.5119E-03  3.0565E-01  4.7919E-04  1.1500E+00  1.5531E+00
3.9811E-03  3.0581E-01  7.5791E-04  1.1500E+00  1.5531E+00
6.3096E-03  3.0603E-01  1.1973E-03  1.1500E+00  1.5531E+00
1.0000E-02  3.0635E-01  1.8903E-03  1.1500E+00  1.5531E+00
1.5849E-02  3.0682E-01  2.9821E-03  1.1500E+00  1.5531E+00
2.5119E-02  3.0750E-01  4.6867E-03  1.1500E+00  1.5530E+00
3.9811E-02  3.0849E-01  7.3821E-03  1.1500E+00  1.5530E+00
6.3096E-02  3.0994E-01  1.1527E-02  1.1500E+00  1.5529E+00
1.0000E-01  3.1208E-01  1.8113E-02  1.1500E+00  1.5528E+00
1.5849E-01  3.1524E-01  2.7890E-02  1.1500E+00  1.5527E+00
2.5119E-01  3.1986E-01  4.3375E-02  1.1500E+00  1.5525E+00
3.9811E-01  3.2648E-01  6.5806E-02  1.1500E+00  1.5522E+00
6.3096E-01  3.3605E-01  1.0037E-01  1.1499E+00  1.5518E+00
1.0000E+00  3.4908E-01  1.5015E-01  1.1499E+00  1.5513E+00
1.5849E+00  3.6712E-01  2.2471E-01  1.1499E+00  1.5507E+00
2.5119E+00  3.9060E-01  3.3055E-01  1.1499E+00  1.5499E+00
3.9811E+00  4.2028E-01  4.8013E-01  1.1499E+00  1.5491E+00
6.3096E+00  4.5945E-01  7.0098E-01  1.1498E+00  1.5479E+00
1.0000E+01  5.0329E-01  1.0008E+00  1.1498E+00  1.5468E+00
1.5849E+01  5.6168E-01  1.4541E+00  1.1497E+00  1.5450E+00
2.5119E+01  6.1678E-01  2.0471E+00  1.1497E+00  1.5433E+00
3.9811E+01  6.8555E-01  2.9671E+00  1.1496E+00  1.5405E+00
6.3096E+01  7.5268E-01  4.0817E+00  1.1495E+00  1.5382E+00
1.0000E+02  8.3461E-01  5.7968E+00  1.1493E+00  1.5347E+00
1.5849E+02  9.3707E-01  7.6117E+00  1.1492E+00  1.5324E+00
2.5119E+02  1.0749E+00  1.0233E+01  1.1491E+00  1.5293E+00
3.9811E+02  1.2381E+00  1.2763E+01  1.1490E+00  1.5277E+00
6.3096E+02  1.4626E+00  1.6111E+01  1.1490E+00  1.5260E+00
1.0000E+03  1.7622E+00  1.9047E+01  1.1490E+00  1.5253E+00
1.5849E+03  2.1671E+00  2.1909E+01  1.1490E+00  1.5250E+00
2.5119E+03  2.7019E+00  2.3849E+01  1.1490E+00  1.5263E+00
3.9811E+03  3.3740E+00  2.4574E+01  1.1494E+00  1.5326E+00
6.3096E+03  4.1475E+00  2.4035E+01  1.1496E+00  1.5389E+00
1.0000E+04  4.8589E+00  2.2524E+01  1.1497E+00  1.5423E+00
Rosseland and Planck opacities and free electrons
Density     Ross opa    Planck opa  No. Free    Av Sq Free  T=  1.7500E+00
1.0000E-10  3.0434E-01  6.3968E-12  1.1500E+00  1.5531E+00
1.5849E-10  3.0434E-01  1.0138E-11  1.1500E+00  1.5531E+00
2.5119E-10  3.0434E-01  1.6068E-11  1.1500E+00  1.5531E+00
3.9811E-10  3.0434E-01  2.5466E-11  1.1500E+00  1.5531E+00
6.3096E-10  3.0434E-01  4.0361E-11  1.1500E+00  1.5531E+00
1.0000E-09  3.0434E-01  6.3968E-11  1.1500E+00  1.5531E+00
1.5849E-09  3.0434E-01  1.0138E-10  1.1500E+00  1.5531E+00
2.5119E-09  3.0434E-01  1.6068E-10  1.1500E+00  1.5531E+00
3.9811E-09  3.0434E-01  2.5466E-10  1.1500E+00  1.5531E+00
6.3096E-09  3.0434E-01  4.0361E-10  1.1500E+00  1.5531E+00
1.0000E-08  3.0434E-01  6.3968E-10  1.1500E+00  1.5531E+00
1.5849E-08  3.0434E-01  1.0138E-09  1.1500E+00  1.5531E+00
2.5119E-08  3.0434E-01  1.6068E-09  1.1500E+00  1.5531E+00
3.9811E-08  3.0434E-01  2.5466E-09  1.1500E+00  1.5531E+00
6.3096E-08  3.0434E-01  4.0361E-09  1.1500E+00  1.5531E+00
1.0000E-07  3.0434E-01  6.8821E-09  1.1500E+00  1.5531E+00
1.5849E-07  3.0434E-01  1.6045E-08  1.1500E+00  1.5531E+00
2.5119E-07  3.0434E-01  3.0568E-08  1.1500E+00  1.5531E+00
3.9811E-07  3.0434E-01  4.9008E-08  1.1500E+00  1.5531E+00
6.3096E-07  3.0434E-01  7.7902E-08  1.1500E+00  1.5531E+00
1.0000E-06  3.0434E-01  1.2354E-07  1.1500E+00  1.5531E+00
1.5849E-06  3.0434E-01  1.9581E-07  1.1500E+00  1.5531E+00
2.5119E-06  3.0434E-01  3.1135E-07  1.1500E+00  1.5531E+00
3.9811E-06  3.0434E-01  4.9528E-07  1.1500E+00  1.5531E+00
6.3096E-06  3.0434E-01  7.9150E-07  1.1500E+00  1.5531E+00
1.0000E-05  3.0434E-01  1.2688E-06  1.1500E+00  1.5531E+00
1.5849E-05  3.0434E-01  2.0357E-06  1.1500E+00  1.5531E+00
2.5119E-05  3.0434E-01  3.2891E-06  1.1500E+00  1.5531E+00
3.9811E-05  3.0434E-01  5.2710E-06  1.1500E+00  1.5531E+00
6.3096E-05  3.0434E-01  8.3536E-06  1.1500E+00  1.5531E+00
1.0000E-04  3.0435E-01  1.3239E-05  1.1500E+00  1.5531E+00
1.5849E-04  3.0435E-01  2.0970E-05  1.1500E+00  1.5531E+00
2.5119E-04  3.0436E-01  3.3222E-05  1.1500E+00  1.5531E+00
3.9811E-04  3.0437E-01  5.2623E-05  1.1500E+00  1.5531E+00
6.3096E-04  3.0439E-01  8.3363E-05  1.1500E+00  1.5531E+00
1.0000E-03  3.0442E-01  1.3201E-04  1.1500E+00  1.5531E+00
1.5849E-03  3.0447E-01  2.0905E-04  1.1500E+00  1.5531E+00
2.5119E-03  3.0454E-01  3.3092E-04  1.1500E+00  1.5531E+00
3.9811E-03  3.0465E-01  5.2363E-04  1.1500E+00  1.5531E+00
6.3096E-03  3.0481E-01  8.2851E-04  1.1500E+00  1.5531E+00
1.0000E-02  3.0504E-01  1.3093E-03  1.1500E+00  1.5531E+00
1.5849E-02  3.0538E-01  2.0707E-03  1.1500E+00  1.5531E+00
2.5119E-02  3.0587E-01  3.2638E-03  1.1500E+00  1.5531E+00
3.9811E-02  3.0659E-01  5.1469E-03  1.1500E+00  1.5530E+00
6.3096E-02  3.0764E-01  8.0795E-03  1.1500E+00  1.5530E+00
1.0000E-01  3.0919E-01  1.2700E-02  1.1500E+00  1.5529E+00
1.5849E-01  3.1150E-01  1.9784E-02  1.1500E+00  1.5528E+00
2.5119E-01  3.1490E-01  3.0884E-02  1.1500E+00  1.5526E+00
3.9811E-01  3.1990E-01  4.7608E-02  1.1500E+00  1.5524E+00
6.3096E-01  3.2718E-01  7.3239E-02  1.1500E+00  1.5522E+00
1.0000E+00  3.3759E-01  1.1197E-01  1.1499E+00  1.5518E+00
1.5849E+00  3.5211E-01  1.6925E-01  1.1499E+00  1.5513E+00
2.5119E+00  3.7236E-01  2.5574E-01  1.1499E+00  1.5506E+00
3.9811E+00  3.9747E-01  3.7384E-01  1.1499E+00  1.5498E+00
6.3096E+00  4.3334E-01  5.5769E-01  1.1499E+00  1.5487E+00
1.0000E+01  4.7061E-01  7.9300E-01  1.1498E+00  1.5477E+00
1.5849E+01  5.2302E-01  1.1613E+00  1.1498E+00  1.5460E+00
2.5119E+01  5.7173E-01  1.6317E+00  1.1497E+00  1.5444E+00
3.9811E+01  6.3050E-01  2.3413E+00  1.1496E+00  1.5420E+00
6.3096E+01  6.8881E-01  3.2584E+00  1.1495E+00  1.5397E+00
1.0000E+02  7.5549E-01  4.5953E+00  1.1494E+00  1.5367E+00
1.5849E+02  8.3753E-01  6.1786E+00  1.1493E+00  1.5341E+00
2.5119E+02  9.4768E-01  8.2331E+00  1.1492E+00  1.5315E+00
3.9811E+02  1.0808E+00  1.0538E+01  1.1491E+00  1.5295E+00
6.3096E+02  1.2550E+00  1.3219E+01  1.1491E+00  1.5280E+00
1.0000E+03  1.4913E+00  1.5896E+01  1.1490E+00  1.5270E+00
1.5849E+03  1.8197E+00  1.8742E+01  1.1490E+00  1.5263E+00
2.5119E+03  2.2479E+00  2.0585E+01  1.1491E+00  1.5267E+00
3.9811E+03  2.8057E+00  2.1557E+01  1.1494E+00  1.5327E+00
6.3096E+03  3.4343E+00  2.1179E+01  1.1495E+00  1.5381E+00
1.0000E+04  4.1100E+00  2.0251E+01  1.1497E+00  1.5425E+00
Rosseland and Planck opacities and free electrons
Density     Ross opa    Planck opa  No. Free    Av Sq Free  T=  1.8750E+00
1.0000E-10  3.0341E-01  5.0112E-12  1.1500E+00  1.5531E+00
1.5849E-10  3.0341E-01  7.9422E-12  1.1500E+00  1.5531E+00
2.5119E-10  3.0341E-01  1.2588E-11  1.1500E+00  1.5531E+00
3.9811E-10  3.0341E-01  1.9950E-11  1.1500E+00  1.5531E+00
6.3096E-10  3.0341E-01  3.1618E-11  1.1500E+00  1.5531E+00
1.0000E-09  3.0341E-01  5.0112E-11  1.1500E+00  1.5531E+00
1.5849E-09  3.0341E-01  7.9422E-11  1.1500E+00  1.5531E+00
2.5119E-09  3.0341E-01  1.2588E-10  1.1500E+00  1.5531E+00
3.9811E-09  3.0341E-01  1.9950E-10  1.1500E+00  1.5531E+00
6.3096E-09  3.0341E-01  3.1618E-10  1.1500E+00  1.5531E+00
1.0000E-08  3.0341E-01  5.0112E-10  1.1500E+00  1.5531E+00
1.5849E-08  3.0341E-01  7.9422E-10  1.1500E+00  1.5531E+00
2.5119E-08  3.0341E-01  1.2588E-09  1.1500E+00  1.5531E+00
3.9811E-08  3.0341E-01  1.9950E-09  1.1500E+00  1.5531E+00
6.3096E-08  3.0341E-01  3.1618E-09  1.1500E+00  1.5531E+00
1.0000E-07  3.0341E-01  5.0112E-09  1.1500E+00  1.5531E+00
1.5849E-07  3.0341E-01  8.2427E-09  1.1500E+00  1.5531E+00
2.5119E-07  3.0341E-01  1.3410E-08  1.1500E+00  1.5531E+00
3.9811E-07  3.0341E-01  2.7731E-08  1.1500E+00  1.5531E+00
6.3096E-07  3.0341E-01  5.3411E-08  1.1500E+00  1.5531E+00
1.0000E-06  3.0341E-01  8.9475E-08  1.1500E+00  1.5531E+00
1.5849E-06  3.0341E-01  1.4184E-07  1.1500E+00  1.5531E+00
2.5119E-06  3.0341E-01  2.2528E-07  1.1500E+00  1.5531E+00
3.9811E-06  3.0341E-01  3.5843E-07  1.1500E+00  1.5531E+00
6.3096E-06  3.0341E-01  5.7124E-07  1.1500E+00  1.5531E+00
1.0000E-05  3.0341E-01  9.1719E-07  1.1500E+00  1.5531E+00
1.5849E-05  3.0341E-01  1.4666E-06  1.1500E+00  1.5531E+00
2.5119E-05  3.0341E-01  2.3768E-06  1.1500E+00  1.5531E+00
3.9811E-05  3.0341E-01  3.8193E-06  1.1500E+00  1.5531E+00
6.3096E-05  3.0341E-01  6.0583E-06  1.1500E+00  1.5531E+00
1.0000E-04  3.0342E-01  9.5975E-06  1.1500E+00  1.5531E+00
1.5849E-04  3.0342E-01  1.5208E-05  1.1500E+00  1.5531E+00
2.5119E-04  3.0343E-01  2.4100E-05  1.1500E+00  1.5531E+00
3.9811E-04  3.0343E-01  3.8175E-05  1.1500E+00  1.5531E+00
6.3096E-04  3.0345E-01  6.0463E-05  1.1500E+00  1.5531E+00
1.0000E-03  3.0347E-01  9.5750E-05  1.1500E+00  1.5531E+00
1.5849E-03  3.0350E-01  1.5158E-04  1.1500E+00  1.5531E+00
2.5119E-03  3.0355E-01  2.3999E-04  1.1500E+00  1.5531E+00
3.9811E-03  3.0363E-01  3.7964E-04  1.1500E+00  1.5531E+00
6.3096E-03  3.0374E-01  6.0095E-04  1.1500E+00  1.5531E+00
1.0000E-02  3.0391E-01  9.4931E-04  1.1500E+00  1.5531E+00
1.5849E-02  3.0415E-01  1.5014E-03  1.1500E+00  1.5531E+00
2.5119E-02  3.0452E-01  2.3684E-03  1.1500E+00  1.5531E+00
3.9811E-02  3.0505E-01  3.7344E-03  1.1500E+00  1.5530E+00
6.3096E-02  3.0582E-01  5.8783E-03  1.1500E+00  1.5530E+00
1.0000E-01  3.0697E-01  9.2443E-03  1.1500E+00  1.5529E+00
1.5849E-01  3.0868E-01  1.4480E-02  1.1500E+00  1.5529E+00
2.5119E-01  3.1122E-01  2.2651E-02  1.1500E+00  1.5528E+00
3.9811E-01  3.1498E-01  3.5313E-02  1.1500E+00  1.5526E+00
6.3096E-01  3.2051E-01  5.4564E-02  1.1500E+00  1.5524E+00
1.0000E+00  3.2862E-01  8.4576E-02  1.1499E+00  1.5520E+00
1.5849E+00  3.4014E-01  1.2882E-01  1.1499E+00  1.5517E+00
2.5119E+00  3.5690E-01  1.9843E-01  1.1499E+00  1.5510E+00
3.9811E+00  3.7800E-01  2.9303E-01  1.1499E+00  1.5504E+00
6.3096E+00  4.0836E-01  4.4071E-01  1.1499E+00  1.5495E+00
1.0000E+01  4.4213E-01  6.3631E-01  1.1498E+00  1.5485E+00
1.5849E+01  4.8717E-01  9.3124E-01  1.1498E+00  1.5470E+00
2.5119E+01  5.3308E-01  1.3226E+00  1.1497E+00  1.5454E+00
3.9811E+01  5.8283E-01  1.8829E+00  1.1497E+00  1.5434E+00
6.3096E+01  6.3652E-01  2.6479E+00  1.1496E+00  1.5411E+00
1.0000E+02  6.9292E-01  3.7121E+00  1.1495E+00  1.5386E+00
1.5849E+02  7.6114E-01  5.1012E+00  1.1494E+00  1.5357E+00
2.5119E+02  8.4923E-01  6.7497E+00  1.1493E+00  1.5335E+00
3.9811E+02  9.5910E-01  8.8388E+00  1.1492E+00  1.5311E+00
6.3096E+02  1.0972E+00  1.0999E+01  1.1492E+00  1.5297E+00
1.0000E+03  1.2865E+00  1.3452E+01  1.1491E+00  1.5284E+00
1.5849E+03  1.5550E+00  1.6133E+01  1.1491E+00  1.5275E+00
2.5119E+03  1.8960E+00  1.7749E+01  1.1491E+00  1.5277E+00
3.9811E+03  2.3629E+00  1.8896E+01  1.1494E+00  1.5335E+00
6.3096E+03  2.8997E+00  1.8868E+01  1.1496E+00  1.5390E+00
1.0000E+04  3.5287E+00  1.8331E+01  1.1497E+00  1.5427E+00
Rosseland and Planck opacities and free electrons
Density     Ross opa    Planck opa  No. Free    Av Sq Free  T=  2.0000E+00
1.0000E-10  3.0255E-01  3.9882E-12  1.1500E+00  1.5531E+00
1.5849E-10  3.0255E-01  6.3209E-12  1.1500E+00  1.5531E+00
2.5119E-10  3.0255E-01  1.0018E-11  1.1500E+00  1.5531E+00
3.9811E-10  3.0255E-01  1.5877E-11  1.1500E+00  1.5531E+00
6.3096E-10  3.0255E-01  2.5164E-11  1.1500E+00  1.5531E+00
1.0000E-09  3.0255E-01  3.9882E-11  1.1500E+00  1.5531E+00
1.5849E-09  3.0255E-01  6.3209E-11  1.1500E+00  1.5531E+00
2.5119E-09  3.0255E-01  1.0018E-10  1.1500E+00  1.5531E+00
3.9811E-09  3.0255E-01  1.5877E-10  1.1500E+00  1.5531E+00
6.3096E-09  3.0255E-01  2.5164E-10  1.1500E+00  1.5531E+00
1.0000E-08  3.0255E-01  3.9882E-10  1.1500E+00  1.5531E+00
1.5849E-08  3.0255E-01  6.3209E-10  1.1500E+00  1.5531E+00
2.5119E-08  3.0255E-01  1.0018E-09  1.1500E+00  1.5531E+00
3.9811E-08  3.0255E-01  1.5877E-09  1.1500E+00  1.5531E+00
6.3096E-08  3.0255E-01  2.5164E-09  1.1500E+00  1.5531E+00
1.0000E-07  3.0255E-01  3.9882E-09  1.1500E+00  1.5531E+00
1.5849E-07  3.0255E-01  6.4827E-09  1.1500E+00  1.5531E+00
2.5119E-07  3.0255E-01  1.0531E-08  1.1500E+00  1.5531E+00
3.9811E-07  3.0255E-01  1.9934E-08  1.1500E+00  1.5531E+00
6.3096E-07  3.0255E-01  3.8443E-08  1.1500E+00  1.5531E+00
1.0000E-06  3.0255E-01  6.5858E-08  1.1500E+00  1.5531E+00
1.5849E-06  3.0255E-01  1.0458E-07  1.1500E+00  1.5531E+00
2.5119E-06  3.0255E-01  1.6607E-07  1.1500E+00  1.5531E+00
3.9811E-06  3.0255E-01  2.6429E-07  1.1500E+00  1.5531E+00
6.3096E-06  3.0255E-01  4.1997E-07  1.1500E+00  1.5531E+00
1.0000E-05  3.0255E-01  6.7455E-07  1.1500E+00  1.5531E+00
1.5849E-05  3.0255E-01  1.0781E-06  1.1500E+00  1.5531E+00
2.5119E-05  3.0255E-01  1.7431E-06  1.1500E+00  1.5531E+00
3.9811E-05  3.0255E-01  2.8040E-06  1.1500E+00  1.5531E+00
6.3096E-05  3.0255E-01  4.4596E-06  1.1500E+00  1.5531E+00
1.0000E-04  3.0255E-01  7.0663E-06  1.1500E+00  1.5531E+00
1.5849E-04  3.0255E-01  1.1197E-05  1.1500E+00  1.5531E+00
2.5119E-04  3.0256E-01  1.7744E-05  1.1500E+00  1.5531E+00
3.9811E-04  3.0256E-01  2.8114E-05  1.1500E+00  1.5531E+00
6.3096E-04  3.0257E-01  4.4537E-05  1.1500E+00  1.5531E+00
1.0000E-03  3.0258E-01  7.0558E-05  1.1500E+00  1.5531E+00
1.5849E-03  3.0261E-01  1.1174E-04  1.1500E+00  1.5531E+00
2.5119E-03  3.0264E-01  1.7702E-04  1.1500E+00  1.5531E+00
3.9811E-03  3.0270E-01  2.8022E-04  1.1500E+00  1.5531E+00
6.3096E-03  3.0278E-01  4.4378E-04  1.1500E+00  1.5531E+00
1.0000E-02  3.0290E-01  7.0206E-04  1.1500E+00  1.5531E+00
1.5849E-02  3.0308E-01  1.1111E-03  1.1500E+00  1.5531E+00
2.5119E-02  3.0335E-01  1.7557E-03  1.1500E+00  1.5531E+00
3.9811E-02  3.0375E-01  2.7697E-03  1.1500E+00  1.5531E+00
6.3096E-02  3.0434E-01  4.3706E-03  1.1500E+00  1.5530E+00
1.0000E-01  3.0521E-01  6.8791E-03  1.1500E+00  1.5530E+00
1.5849E-01  3.0649E-01  1.0818E-02  1.1500E+00  1.5529E+00
2.5119E-01  3.0841E-01  1.6952E-02  1.1500E+00  1.5528E+00
3.9811E-01  3.1126E-01  2.6608E-02  1.1500E+00  1.5527E+00
6.3096E-01  3.1551E-01  4.1281E-02  1.1500E+00  1.5525E+00
1.0000E+00  3.2175E-01  6.4477E-02  1.1500E+00  1.5523E+00
1.5849E+00  3.3085E-01  9.9191E-02  1.1499E+00  1.5519E+00
2.5119E+00  3.4410E-01  1.5349E-01  1.1499E+00  1.5515E+00
3.9811E+00  3.6191E-01  2.3102E-01  1.1499E+00  1.5509E+00
6.3096E+00  3.8707E-01  3.4985E-01  1.1499E+00  1.5501E+00
1.0000E+01  4.1754E-01  5.1425E-01  1.1499E+00  1.5491E+00
1.5849E+01  4.5613E-01  7.5429E-01  1.1498E+00  1.5479E+00
2.5119E+01  5.0000E-01  1.0861E+00  1.1498E+00  1.5463E+00
3.9811E+01  5.4263E-01  1.5390E+00  1.1497E+00  1.5445E+00
6.3096E+01  5.9254E-01  2.1877E+00  1.1496E+00  1.5422E+00
1.0000E+02  6.4036E-01  3.0447E+00  1.1495E+00  1.5400E+00
1.5849E+02  6.9847E-01  4.2625E+00  1.1494E+00  1.5370E+00
2.5119E+02  7.6884E-01  5.5712E+00  1.1494E+00  1.5351E+00
3.9811E+02  8.5991E-01  7.4354E+00  1.1493E+00  1.5325E+00
6.3096E+02  9.7296E-01  9.2398E+00  1.1492E+00  1.5312E+00
1.0000E+03  1.1279E+00  1.1519E+01  1.1492E+00  1.5297E+00
1.5849E+03  1.3445E+00  1.3779E+01  1.1492E+00  1.5289E+00
2.5119E+03  1.6267E+00  1.5469E+01  1.1492E+00  1.5286E+00
3.9811E+03  2.0113E+00  1.6671E+01  1.1493E+00  1.5329E+00
6.3096E+03  2.4781E+00  1.6934E+01  1.1496E+00  1.5398E+00
1.0000E+04  3.0673E+00  1.6695E+01  1.1497E+00  1.5430E+00
Useful Links
Group T-1 Home Page
Group XCP-5 Home Page
Please mail questions or comments to:
LANL T-1 Opacities
opacity@lanl.gov
Los Alamos Report No.
LA-UR-01-1257
Contacts
Media
Calendar
Inside
Terms of Use, Privacy
Site Feedback
Operated by Los Alamos National Security, LLC for the U.S Dept. of Energy's NNSA
© Copyright 2018 LANS, LLC
