TOPS Opacities - Summary
Los Alamos National Laboratory
Delivering science and technology to protect our nation and promote world stability
T-1
Physics and Chemistry of Materials
Results Page
Number of T =  50  Number of rho =  71  Number of materials =  21
TOPS results for  Untitled        on Sep  8, 2026
Opacities in cm**2/gm, T in keV, density in gm/cc
WARNING - Requested densities listed below went off table boundaries
Temp        Den Req     Den Used
2.0000E-03  3.9811E+02  2.9201E+02
2.0000E-03  6.3096E+02  2.9201E+02
2.0000E-03  1.0000E+03  2.9201E+02
2.0000E-03  1.5849E+03  2.9201E+02
2.0000E-03  2.5119E+03  2.9201E+02
2.0000E-03  3.9811E+03  2.9201E+02
2.0000E-03  6.3096E+03  2.9201E+02
2.0000E-03  1.0000E+04  2.9201E+02
2.5000E-03  6.3096E+02  4.0808E+02
2.5000E-03  1.0000E+03  4.0808E+02
2.5000E-03  1.5849E+03  4.0808E+02
2.5000E-03  2.5119E+03  4.0808E+02
2.5000E-03  3.9811E+03  4.0808E+02
2.5000E-03  6.3096E+03  4.0808E+02
2.5000E-03  1.0000E+04  4.0808E+02
3.0000E-03  6.3096E+02  5.3643E+02
3.0000E-03  1.0000E+03  5.3643E+02
3.0000E-03  1.5849E+03  5.3643E+02
3.0000E-03  2.5119E+03  5.3643E+02
3.0000E-03  3.9811E+03  5.3643E+02
3.0000E-03  6.3096E+03  5.3643E+02
3.0000E-03  1.0000E+04  5.3643E+02
3.5000E-03  1.0000E+03  6.7589E+02
3.5000E-03  1.5849E+03  6.7589E+02
3.5000E-03  2.5119E+03  6.7589E+02
3.5000E-03  3.9811E+03  6.7589E+02
3.5000E-03  6.3096E+03  6.7589E+02
3.5000E-03  1.0000E+04  6.7589E+02
4.0000E-03  1.0000E+03  8.2569E+02
4.0000E-03  1.5849E+03  8.2569E+02
4.0000E-03  2.5119E+03  8.2569E+02
4.0000E-03  3.9811E+03  8.2569E+02
4.0000E-03  6.3096E+03  8.2569E+02
4.0000E-03  1.0000E+04  8.2569E+02
5.0000E-03  1.5849E+03  1.1534E+03
5.0000E-03  2.5119E+03  1.1534E+03
5.0000E-03  3.9811E+03  1.1534E+03
5.0000E-03  6.3096E+03  1.1534E+03
5.0000E-03  1.0000E+04  1.1534E+03
6.0000E-03  1.5849E+03  1.5160E+03
6.0000E-03  2.5119E+03  1.5160E+03
6.0000E-03  3.9811E+03  1.5160E+03
6.0000E-03  6.3096E+03  1.5160E+03
6.0000E-03  1.0000E+04  1.5160E+03
7.0000E-03  2.5119E+03  1.9102E+03
7.0000E-03  3.9811E+03  1.9102E+03
7.0000E-03  6.3096E+03  1.9102E+03
7.0000E-03  1.0000E+04  1.9102E+03
8.0000E-03  2.5119E+03  2.3333E+03
8.0000E-03  3.9811E+03  2.3333E+03
8.0000E-03  6.3096E+03  2.3333E+03
8.0000E-03  1.0000E+04  2.3333E+03
9.0000E-03  3.9811E+03  2.7837E+03
9.0000E-03  6.3096E+03  2.7837E+03
9.0000E-03  1.0000E+04  2.7837E+03
1.0000E-02  3.9811E+03  3.2568E+03
1.0000E-02  6.3096E+03  3.2568E+03
1.0000E-02  1.0000E+04  3.2568E+03
1.2500E-02  6.3096E+03  4.5510E+03
1.2500E-02  1.0000E+04  4.5510E+03
1.5000E-02  6.3096E+03  5.9821E+03
1.5000E-02  1.0000E+04  5.9821E+03
2.0000E-02  1.0000E+04  9.2076E+03
Normalized composition for requested elements
No. Fraction Mass Fraction  At. No.  Chem. Sym.  Mat ID.
8.8523E-01   6.5000E-01      1         H         4525
1.1317E-01   3.3000E-01      2         He        4675
3.9278E-04   3.4367E-03      6         C         4387
9.8660E-05   1.0067E-03      7         N         4005
8.0196E-04   9.3471E-03      8         O         4105
1.4262E-04   2.0966E-03     10         Ne        4145
2.4958E-06   4.1800E-05     11         Na        3442
4.5097E-05   7.9848E-04     12         Mg        4682
3.6660E-06   7.2060E-05     13         Al        9173
4.3067E-05   8.8114E-04     14         Si        4183
3.7493E-07   8.4600E-06     15         P         2193
2.0135E-05   4.7026E-04     16         S         3104
2.2614E-07   5.8400E-06     17         Cl        2205
2.9792E-06   8.6700E-05     18         Ar        3715
1.6010E-07   4.5600E-06     19         K         2642
2.6688E-06   7.7920E-05     20         Ca        2302
1.1184E-07   3.9000E-06     22         Ti        2692
5.8978E-07   2.2340E-05     24         Cr        2703
3.8929E-07   1.5580E-05     25         Mn        2803
3.7575E-05   1.5287E-03     26         Fe        3412
2.2251E-06   9.5140E-05     28         Ni        2013
Temperature grid used the following  50 points
2.0000E-03  2.5000E-03  3.0000E-03  3.5000E-03  4.0000E-03  5.0000E-03
6.0000E-03  7.0000E-03  8.0000E-03  9.0000E-03  1.0000E-02  1.2500E-02
1.5000E-02  2.0000E-02  2.5000E-02  3.0000E-02  4.0000E-02  5.0000E-02
6.0000E-02  7.0000E-02  8.0000E-02  9.0000E-02  1.0000E-01  1.2500E-01
1.5000E-01  1.7500E-01  2.0000E-01  2.2500E-01  2.5000E-01  2.7500E-01
3.0000E-01  3.5000E-01  4.0000E-01  4.5000E-01  5.0000E-01  5.5000E-01
6.0000E-01  6.5000E-01  7.0000E-01  8.0000E-01  9.0000E-01  1.0000E+00
1.1250E+00  1.2500E+00  1.3750E+00  1.5000E+00  1.6250E+00  1.7500E+00
1.8750E+00  2.0000E+00
Density grid used the following  71 points
1.0000E-10  1.5849E-10  2.5119E-10  3.9811E-10  6.3096E-10  1.0000E-09
1.5849E-09  2.5119E-09  3.9811E-09  6.3096E-09  1.0000E-08  1.5849E-08
2.5119E-08  3.9811E-08  6.3096E-08  1.0000E-07  1.5849E-07  2.5119E-07
3.9811E-07  6.3096E-07  1.0000E-06  1.5849E-06  2.5119E-06  3.9811E-06
6.3096E-06  1.0000E-05  1.5849E-05  2.5119E-05  3.9811E-05  6.3096E-05
1.0000E-04  1.5849E-04  2.5119E-04  3.9811E-04  6.3096E-04  1.0000E-03
1.5849E-03  2.5119E-03  3.9811E-03  6.3096E-03  1.0000E-02  1.5849E-02
2.5119E-02  3.9811E-02  6.3096E-02  1.0000E-01  1.5849E-01  2.5119E-01
3.9811E-01  6.3096E-01  1.0000E+00  1.5849E+00  2.5119E+00  3.9811E+00
6.3096E+00  1.0000E+01  1.5849E+01  2.5119E+01  3.9811E+01  6.3096E+01
1.0000E+02  1.5849E+02  2.5119E+02  3.9811E+02  6.3096E+02  1.0000E+03
1.5849E+03  2.5119E+03  3.9811E+03  6.3096E+03  1.0000E+04
Rosseland and Planck opacities and free electrons
Density     Ross opa    Planck opa  No. Free    Av Sq Free  T=  2.0000E-03
1.0000E-10  7.3443E-01  8.0006E+02  1.0016E+00  1.0051E+00
1.5849E-10  8.7669E-01  7.7075E+02  1.0015E+00  1.0049E+00
2.5119E-10  1.0842E+00  7.4164E+02  1.0014E+00  1.0046E+00
3.9811E-10  1.3931E+00  7.4449E+02  1.0013E+00  1.0044E+00
6.3096E-10  1.8565E+00  7.5177E+02  1.0011E+00  1.0040E+00
1.0000E-09  2.5868E+00  7.8536E+02  1.0009E+00  1.0036E+00
1.5849E-09  3.6983E+00  8.3860E+02  1.0006E+00  1.0030E+00
2.5119E-09  5.5370E+00  9.2605E+02  1.0002E+00  1.0024E+00
3.9811E-09  8.3564E+00  1.0648E+03  9.9952E-01  1.0014E+00
6.3096E-09  1.3014E+01  1.2733E+03  9.9866E-01  1.0003E+00
1.0000E-08  2.0181E+01  1.6001E+03  9.9735E-01  9.9878E-01
1.5849E-08  3.1915E+01  2.1278E+03  9.9545E-01  9.9667E-01
2.5119E-08  4.9980E+01  2.9721E+03  9.9259E-01  9.9363E-01
3.9811E-08  7.8864E+01  4.2815E+03  9.8845E-01  9.8930E-01
6.3096E-08  1.2360E+02  6.3086E+03  9.8255E-01  9.8329E-01
1.0000E-07  1.9323E+02  9.4675E+03  9.7399E-01  9.7457E-01
1.5849E-07  3.0243E+02  1.4239E+04  9.6381E-01  9.6433E-01
2.5119E-07  4.6738E+02  2.1801E+04  9.4768E-01  9.4809E-01
3.9811E-07  7.3293E+02  3.2024E+04  9.3380E-01  9.3418E-01
6.3096E-07  1.1296E+03  4.8201E+04  9.1197E-01  9.1229E-01
1.0000E-06  1.7472E+03  6.9758E+04  8.9106E-01  8.9135E-01
1.5849E-06  2.6620E+03  1.0188E+05  8.6480E-01  8.6506E-01
2.5119E-06  3.9933E+03  1.4572E+05  8.3233E-01  8.3255E-01
3.9811E-06  5.8047E+03  2.0121E+05  7.9904E-01  7.9923E-01
6.3096E-06  8.5599E+03  2.8915E+05  7.4626E-01  7.4641E-01
1.0000E-05  1.1335E+04  3.6098E+05  7.0752E-01  7.0765E-01
1.5849E-05  1.5352E+04  4.6993E+05  6.4936E-01  6.4948E-01
2.5119E-05  2.0482E+04  6.0596E+05  5.7705E-01  5.7713E-01
3.9811E-05  2.4516E+04  6.8666E+05  5.3552E-01  5.3560E-01
6.3096E-05  3.0591E+04  8.1456E+05  4.6971E-01  4.6977E-01
1.0000E-04  3.8190E+04  9.6823E+05  3.8761E-01  3.8765E-01
1.5849E-04  4.2218E+04  9.8803E+05  3.5875E-01  3.5879E-01
2.5119E-04  4.8470E+04  1.0194E+06  3.1301E-01  3.1305E-01
3.9811E-04  5.8198E+04  1.0692E+06  2.4053E-01  2.4055E-01
6.3096E-04  6.4681E+04  1.0861E+06  2.1729E-01  2.1731E-01
1.0000E-03  7.3534E+04  1.1038E+06  1.9401E-01  1.9403E-01
1.5849E-03  8.7345E+04  1.1318E+06  1.5711E-01  1.5712E-01
2.5119E-03  1.0264E+05  1.1380E+06  1.2801E-01  1.2802E-01
3.9811E-03  1.1913E+05  1.1017E+06  1.1704E-01  1.1704E-01
6.3096E-03  1.4481E+05  1.0440E+06  9.9640E-02  9.9646E-02
1.0000E-02  1.8047E+05  9.8451E+05  8.1673E-02  8.1678E-02
1.5849E-02  2.2329E+05  9.6654E+05  7.6465E-02  7.6470E-02
2.5119E-02  2.8115E+05  9.3664E+05  6.8212E-02  6.8215E-02
3.9811E-02  3.5220E+05  9.6066E+05  6.4056E-02  6.4059E-02
6.3096E-02  4.4515E+05  1.0430E+06  6.3916E-02  6.3919E-02
1.0000E-01  5.5984E+05  1.1603E+06  6.7416E-02  6.7421E-02
1.5849E-01  7.5655E+05  1.2975E+06  7.7373E-02  7.7384E-02
2.5119E-01  1.0628E+06  1.4386E+06  1.0640E-01  1.0645E-01
3.9811E-01  1.4487E+06  1.5602E+06  2.2429E-01  2.2453E-01
6.3096E-01  9.9543E+05  1.0731E+06  5.6069E-01  5.6207E-01
1.0000E+00  4.9495E+05  5.1877E+05  8.4763E-01  8.5184E-01
1.5849E+00  2.6828E+05  2.7720E+05  9.6509E-01  9.7187E-01
2.5119E+00  1.7734E+05  1.8106E+05  9.9740E-01  1.0076E+00
3.9811E+00  1.2146E+05  1.2306E+05  1.0096E+00  1.0356E+00
6.3096E+00  8.2898E+04  8.3546E+04  1.0286E+00  1.0976E+00
1.0000E+01  5.8130E+04  5.8445E+04  1.0550E+00  1.1843E+00
1.5849E+01  4.2455E+04  4.2602E+04  1.0718E+00  1.2416E+00
2.5119E+01  3.0533E+04  3.0607E+04  1.0878E+00  1.2961E+00
3.9811E+01  2.0192E+04  2.0227E+04  1.0994E+00  1.3358E+00
6.3096E+01  1.3472E+04  1.3486E+04  1.1065E+00  1.3606E+00
1.0000E+02  9.7506E+03  9.7575E+03  1.1148E+00  1.3878E+00
1.5849E+02  6.7100E+03  6.7132E+03  1.1215E+00  1.4087E+00
2.5119E+02  4.1988E+03  4.2002E+03  1.1215E+00  1.4091E+00
3.9811E+02  3.5960E+03  3.5970E+03  1.1215E+00  1.4092E+00
6.3096E+02  3.5960E+03  3.5970E+03  1.1215E+00  1.4092E+00
1.0000E+03  3.5960E+03  3.5970E+03  1.1215E+00  1.4092E+00
1.5849E+03  3.5960E+03  3.5970E+03  1.1215E+00  1.4092E+00
2.5119E+03  3.5960E+03  3.5970E+03  1.1215E+00  1.4092E+00
3.9811E+03  3.5960E+03  3.5970E+03  1.1215E+00  1.4092E+00
6.3096E+03  3.5960E+03  3.5970E+03  1.1215E+00  1.4092E+00
1.0000E+04  3.5960E+03  3.5970E+03  1.1215E+00  1.4092E+00
Rosseland and Planck opacities and free electrons
Density     Ross opa    Planck opa  No. Free    Av Sq Free  T=  2.5000E-03
1.0000E-10  7.0974E-01  2.2077E+02  1.0130E+00  1.0403E+00
1.5849E-10  8.1301E-01  2.3446E+02  1.0097E+00  1.0302E+00
2.5119E-10  9.5265E-01  2.5170E+02  1.0070E+00  1.0219E+00
3.9811E-10  1.1504E+00  2.6785E+02  1.0050E+00  1.0160E+00
6.3096E-10  1.4279E+00  2.8375E+02  1.0040E+00  1.0127E+00
1.0000E-09  1.8480E+00  3.0254E+02  1.0030E+00  1.0097E+00
1.5849E-09  2.4748E+00  3.2091E+02  1.0026E+00  1.0084E+00
2.5119E-09  3.4118E+00  3.4778E+02  1.0021E+00  1.0068E+00
3.9811E-09  4.9451E+00  3.8141E+02  1.0018E+00  1.0062E+00
6.3096E-09  7.3091E+00  4.3450E+02  1.0015E+00  1.0053E+00
1.0000E-08  1.1373E+01  5.1478E+02  1.0013E+00  1.0049E+00
1.5849E-08  1.7583E+01  6.4203E+02  1.0010E+00  1.0042E+00
2.5119E-08  2.8741E+01  8.3674E+02  1.0006E+00  1.0036E+00
3.9811E-08  4.5912E+01  1.1443E+03  9.9998E-01  1.0027E+00
6.3096E-08  7.5889E+01  1.5991E+03  9.9919E-01  1.0016E+00
1.0000E-07  1.2242E+02  2.3042E+03  9.9802E-01  1.0002E+00
1.5849E-07  1.9997E+02  3.3831E+03  9.9633E-01  9.9817E-01
2.5119E-07  3.2032E+02  5.0525E+03  9.9382E-01  9.9540E-01
3.9811E-07  5.1391E+02  7.7603E+03  9.9010E-01  9.9138E-01
6.3096E-07  8.1871E+02  1.2191E+04  9.8474E-01  9.8584E-01
1.0000E-06  1.2938E+03  1.9199E+04  9.7662E-01  9.7748E-01
1.5849E-06  2.0632E+03  3.0216E+04  9.6636E-01  9.6710E-01
2.5119E-06  3.2210E+03  4.7676E+04  9.5009E-01  9.5065E-01
3.9811E-06  5.0298E+03  7.0308E+04  9.3308E-01  9.3357E-01
6.3096E-06  7.6905E+03  1.0564E+05  9.0706E-01  9.0747E-01
1.0000E-05  1.1480E+04  1.4953E+05  8.7885E-01  8.7919E-01
1.5849E-05  1.6813E+04  2.0980E+05  8.4415E-01  8.4444E-01
2.5119E-05  2.4253E+04  2.9053E+05  7.9698E-01  7.9720E-01
3.9811E-05  3.2308E+04  3.5139E+05  7.5777E-01  7.5797E-01
6.3096E-05  4.4644E+04  4.4785E+05  6.9562E-01  6.9578E-01
1.0000E-04  5.6947E+04  5.3928E+05  6.4248E-01  6.4262E-01
1.5849E-04  7.0835E+04  6.4000E+05  5.9087E-01  5.9098E-01
2.5119E-04  9.2208E+04  7.9967E+05  5.0906E-01  5.0915E-01
3.9811E-04  1.0770E+05  8.7993E+05  4.6269E-01  4.6276E-01
6.3096E-04  1.2574E+05  9.4793E+05  4.1774E-01  4.1780E-01
1.0000E-03  1.5373E+05  1.0558E+06  3.4649E-01  3.4653E-01
1.5849E-03  1.7712E+05  1.1054E+06  3.0310E-01  3.0314E-01
2.5119E-03  2.0197E+05  1.1133E+06  2.7475E-01  2.7478E-01
3.9811E-03  2.4056E+05  1.1259E+06  2.2981E-01  2.2983E-01
6.3096E-03  2.8471E+05  1.1320E+06  1.9458E-01  1.9460E-01
1.0000E-02  3.3312E+05  1.1253E+06  1.7868E-01  1.7870E-01
1.5849E-02  3.9910E+05  1.1142E+06  1.5349E-01  1.5351E-01
2.5119E-02  4.8162E+05  1.1341E+06  1.3637E-01  1.3638E-01
3.9811E-02  5.8775E+05  1.1942E+06  1.2852E-01  1.2853E-01
6.3096E-02  6.8916E+05  1.2808E+06  1.1826E-01  1.1828E-01
1.0000E-01  8.6746E+05  1.3874E+06  1.2208E-01  1.2210E-01
1.5849E-01  1.0763E+06  1.5014E+06  1.3290E-01  1.3295E-01
2.5119E-01  1.2401E+06  1.5291E+06  1.6905E-01  1.6918E-01
3.9811E-01  1.2707E+06  1.4947E+06  3.1149E-01  3.1184E-01
6.3096E-01  8.6184E+05  9.7396E+05  6.0110E-01  6.0272E-01
1.0000E+00  4.4059E+05  4.7529E+05  8.7009E-01  8.7466E-01
1.5849E+00  2.5924E+05  2.7176E+05  9.6055E-01  9.6797E-01
2.5119E+00  1.6865E+05  1.7425E+05  9.9891E-01  1.0103E+00
3.9811E+00  1.1794E+05  1.2037E+05  1.0130E+00  1.0462E+00
6.3096E+00  8.4127E+04  8.5168E+04  1.0358E+00  1.1202E+00
1.0000E+01  5.6711E+04  5.7138E+04  1.0545E+00  1.1835E+00
1.5849E+01  4.0394E+04  4.0612E+04  1.0754E+00  1.2542E+00
2.5119E+01  2.9936E+04  3.0041E+04  1.0906E+00  1.3050E+00
3.9811E+01  2.0879E+04  2.0932E+04  1.1005E+00  1.3392E+00
6.3096E+01  1.3828E+04  1.3853E+04  1.1096E+00  1.3702E+00
1.0000E+02  9.2107E+03  9.2203E+03  1.1206E+00  1.4061E+00
1.5849E+02  6.5683E+03  6.5730E+03  1.1215E+00  1.4091E+00
2.5119E+02  4.3649E+03  4.3670E+03  1.1216E+00  1.4093E+00
3.9811E+02  2.7939E+03  2.7948E+03  1.1216E+00  1.4100E+00
6.3096E+02  2.7070E+03  2.7079E+03  1.1216E+00  1.4100E+00
1.0000E+03  2.7070E+03  2.7079E+03  1.1216E+00  1.4100E+00
1.5849E+03  2.7070E+03  2.7079E+03  1.1216E+00  1.4100E+00
2.5119E+03  2.7070E+03  2.7079E+03  1.1216E+00  1.4100E+00
3.9811E+03  2.7070E+03  2.7079E+03  1.1216E+00  1.4100E+00
6.3096E+03  2.7070E+03  2.7079E+03  1.1216E+00  1.4100E+00
1.0000E+04  2.7070E+03  2.7079E+03  1.1216E+00  1.4100E+00
Rosseland and Planck opacities and free electrons
Density     Ross opa    Planck opa  No. Free    Av Sq Free  T=  3.0000E-03
1.0000E-10  6.9274E-01  3.6184E+02  1.0955E+00  1.2898E+00
1.5849E-10  8.0524E-01  4.5417E+02  1.0868E+00  1.2633E+00
2.5119E-10  9.5571E-01  5.7610E+02  1.0771E+00  1.2340E+00
3.9811E-10  1.1618E+00  7.5978E+02  1.0631E+00  1.1918E+00
6.3096E-10  1.4299E+00  9.6193E+02  1.0537E+00  1.1634E+00
1.0000E-09  1.8140E+00  1.2823E+03  1.0388E+00  1.1183E+00
1.5849E-09  2.3519E+00  1.5634E+03  1.0313E+00  1.0957E+00
2.5119E-09  3.1434E+00  1.9745E+03  1.0218E+00  1.0671E+00
3.9811E-09  4.3541E+00  2.3231E+03  1.0158E+00  1.0488E+00
6.3096E-09  6.1740E+00  2.6972E+03  1.0114E+00  1.0355E+00
1.0000E-08  9.0691E+00  3.0545E+03  1.0076E+00  1.0240E+00
1.5849E-08  1.3560E+01  3.3105E+03  1.0058E+00  1.0186E+00
2.5119E-08  2.0784E+01  3.6172E+03  1.0038E+00  1.0127E+00
3.9811E-08  3.2541E+01  3.8227E+03  1.0031E+00  1.0105E+00
6.3096E-08  5.1045E+01  4.1262E+03  1.0020E+00  1.0075E+00
1.0000E-07  8.2979E+01  4.4222E+03  1.0014E+00  1.0064E+00
1.5849E-07  1.3152E+02  4.8914E+03  1.0006E+00  1.0046E+00
2.5119E-07  2.1956E+02  5.5534E+03  9.9977E-01  1.0034E+00
3.9811E-07  3.5302E+02  6.5981E+03  9.9857E-01  1.0017E+00
6.3096E-07  5.8693E+02  8.2125E+03  9.9700E-01  9.9975E-01
1.0000E-06  9.4630E+02  1.0757E+04  9.9465E-01  9.9700E-01
1.5849E-06  1.5526E+03  1.4658E+04  9.9135E-01  9.9335E-01
2.5119E-06  2.4908E+03  2.0733E+04  9.8649E-01  9.8818E-01
3.9811E-06  4.0123E+03  2.9948E+04  9.7945E-01  9.8080E-01
6.3096E-06  6.3670E+03  4.3786E+04  9.6950E-01  9.7064E-01
1.0000E-05  9.9559E+03  6.4819E+04  9.5470E-01  9.5557E-01
1.5849E-05  1.5244E+04  9.2803E+04  9.3704E-01  9.3779E-01
2.5119E-05  2.3165E+04  1.3715E+05  9.0906E-01  9.0961E-01
3.9811E-05  3.3040E+04  1.7820E+05  8.8180E-01  8.8228E-01
6.3096E-05  4.7486E+04  2.3838E+05  8.4147E-01  8.4185E-01
1.0000E-04  6.5228E+04  3.1036E+05  7.9640E-01  7.9670E-01
1.5849E-04  8.5968E+04  3.9188E+05  7.5122E-01  7.5148E-01
2.5119E-04  1.1795E+05  5.2109E+05  6.7962E-01  6.7981E-01
3.9811E-04  1.4153E+05  5.9350E+05  6.3612E-01  6.3628E-01
6.3096E-04  1.7390E+05  6.8691E+05  5.7847E-01  5.7861E-01
1.0000E-03  2.2194E+05  8.2634E+05  4.9200E-01  4.9210E-01
1.5849E-03  2.4863E+05  8.5949E+05  4.6018E-01  4.6027E-01
2.5119E-03  2.9006E+05  9.1209E+05  4.0976E-01  4.0983E-01
3.9811E-03  3.5175E+05  9.9133E+05  3.3412E-01  3.3418E-01
6.3096E-03  3.9529E+05  1.0136E+06  3.1259E-01  3.1264E-01
1.0000E-02  4.5615E+05  1.0488E+06  2.7845E-01  2.7849E-01
1.5849E-02  5.3283E+05  1.1022E+06  2.2954E-01  2.2957E-01
2.5119E-02  6.1487E+05  1.1503E+06  2.1687E-01  2.1691E-01
3.9811E-02  7.1154E+05  1.2237E+06  1.9680E-01  1.9684E-01
6.3096E-02  8.1530E+05  1.3132E+06  1.8146E-01  1.8150E-01
1.0000E-01  9.5783E+05  1.4074E+06  1.8100E-01  1.8106E-01
1.5849E-01  1.0910E+06  1.4931E+06  1.9282E-01  1.9292E-01
2.5119E-01  1.1519E+06  1.4987E+06  2.3716E-01  2.3736E-01
3.9811E-01  1.0544E+06  1.3836E+06  3.8314E-01  3.8359E-01
6.3096E-01  7.4033E+05  8.7445E+05  6.3545E-01  6.3717E-01
1.0000E+00  4.2883E+05  4.7647E+05  8.5127E-01  8.5587E-01
1.5849E+00  2.4146E+05  2.5876E+05  9.6562E-01  9.7371E-01
2.5119E+00  1.6052E+05  1.6817E+05  1.0001E+00  1.0148E+00
3.9811E+00  1.1443E+05  1.1789E+05  1.0162E+00  1.0564E+00
6.3096E+00  8.2634E+04  8.4045E+04  1.0390E+00  1.1303E+00
1.0000E+01  5.6891E+04  5.7507E+04  1.0585E+00  1.1952E+00
1.5849E+01  3.8719E+04  3.8978E+04  1.0775E+00  1.2598E+00
2.5119E+01  2.8560E+04  2.8705E+04  1.0907E+00  1.3049E+00
3.9811E+01  2.0899E+04  2.0970E+04  1.1022E+00  1.3444E+00
6.3096E+01  1.4102E+04  1.4138E+04  1.1096E+00  1.3705E+00
1.0000E+02  9.4064E+03  9.4223E+03  1.1157E+00  1.3901E+00
1.5849E+02  6.3630E+03  6.3694E+03  1.1215E+00  1.4087E+00
2.5119E+02  4.5025E+03  4.5057E+03  1.1215E+00  1.4089E+00
3.9811E+02  2.8712E+03  2.8725E+03  1.1216E+00  1.4096E+00
6.3096E+02  2.1321E+03  2.1329E+03  1.1216E+00  1.4103E+00
1.0000E+03  2.1321E+03  2.1329E+03  1.1216E+00  1.4103E+00
1.5849E+03  2.1321E+03  2.1329E+03  1.1216E+00  1.4103E+00
2.5119E+03  2.1321E+03  2.1329E+03  1.1216E+00  1.4103E+00
3.9811E+03  2.1321E+03  2.1329E+03  1.1216E+00  1.4103E+00
6.3096E+03  2.1321E+03  2.1329E+03  1.1216E+00  1.4103E+00
1.0000E+04  2.1321E+03  2.1329E+03  1.1216E+00  1.4103E+00
Rosseland and Planck opacities and free electrons
Density     Ross opa    Planck opa  No. Free    Av Sq Free  T=  3.5000E-03
1.0000E-10  5.9822E-01  4.3647E+02  1.1152E+00  1.3508E+00
1.5849E-10  6.8324E-01  4.5342E+02  1.1142E+00  1.3475E+00
2.5119E-10  8.0372E-01  4.7207E+02  1.1128E+00  1.3430E+00
3.9811E-10  9.7570E-01  5.0035E+02  1.1106E+00  1.3359E+00
6.3096E-10  1.2252E+00  5.3718E+02  1.1075E+00  1.3264E+00
1.0000E-09  1.5876E+00  5.9142E+02  1.1028E+00  1.3120E+00
1.5849E-09  2.1253E+00  6.6306E+02  1.0966E+00  1.2932E+00
2.5119E-09  2.9179E+00  7.5982E+02  1.0884E+00  1.2682E+00
3.9811E-09  4.1083E+00  8.9021E+02  1.0776E+00  1.2356E+00
6.3096E-09  5.8679E+00  1.0315E+03  1.0672E+00  1.2043E+00
1.0000E-08  8.5103E+00  1.2438E+03  1.0519E+00  1.1580E+00
1.5849E-08  1.2533E+01  1.4100E+03  1.0435E+00  1.1326E+00
2.5119E-08  1.8668E+01  1.6733E+03  1.0301E+00  1.0924E+00
3.9811E-08  2.8492E+01  1.8916E+03  1.0236E+00  1.0726E+00
6.3096E-08  4.3410E+01  2.1958E+03  1.0162E+00  1.0504E+00
1.0000E-07  6.7890E+01  2.5077E+03  1.0112E+00  1.0356E+00
1.5849E-07  1.0561E+02  2.8886E+03  1.0079E+00  1.0259E+00
2.5119E-07  1.6806E+02  3.3680E+03  1.0049E+00  1.0172E+00
3.9811E-07  2.6780E+02  3.9484E+03  1.0033E+00  1.0130E+00
6.3096E-07  4.3073E+02  4.7943E+03  1.0013E+00  1.0081E+00
1.0000E-06  7.0159E+02  5.9015E+03  9.9988E-01  1.0057E+00
1.5849E-06  1.1264E+03  7.6517E+03  9.9781E-01  1.0022E+00
2.5119E-06  1.8566E+03  1.0377E+04  9.9563E-01  9.9947E-01
3.9811E-06  2.9618E+03  1.4697E+04  9.9218E-01  9.9519E-01
6.3096E-06  4.8324E+03  2.1053E+04  9.8785E-01  9.9047E-01
1.0000E-05  7.6347E+03  3.1075E+04  9.8110E-01  9.8320E-01
1.5849E-05  1.2013E+04  4.4960E+04  9.7225E-01  9.7399E-01
2.5119E-05  1.8513E+04  6.6001E+04  9.5911E-01  9.6052E-01
3.9811E-05  2.7891E+04  9.3029E+04  9.4160E-01  9.4270E-01
6.3096E-05  4.1057E+04  1.2742E+05  9.1831E-01  9.1922E-01
1.0000E-04  5.9973E+04  1.7755E+05  8.8481E-01  8.8547E-01
1.5849E-04  8.0948E+04  2.3007E+05  8.5281E-01  8.5339E-01
2.5119E-04  1.1331E+05  3.1334E+05  8.0211E-01  8.0254E-01
3.9811E-04  1.4392E+05  3.8453E+05  7.5688E-01  7.5723E-01
6.3096E-04  1.8216E+05  4.6871E+05  7.0175E-01  7.0204E-01
1.0000E-03  2.3932E+05  5.9599E+05  6.1823E-01  6.1844E-01
1.5849E-03  2.7130E+05  6.4192E+05  5.8226E-01  5.8244E-01
2.5119E-03  3.2066E+05  7.1475E+05  5.2524E-01  5.2540E-01
3.9811E-03  3.8358E+05  8.0537E+05  4.5504E-01  4.5515E-01
6.3096E-03  4.2843E+05  8.4960E+05  4.2344E-01  4.2354E-01
1.0000E-02  4.9104E+05  9.1982E+05  3.7335E-01  3.7344E-01
1.5849E-02  5.6167E+05  1.0031E+06  3.1955E-01  3.1963E-01
2.5119E-02  6.2769E+05  1.0623E+06  2.9854E-01  2.9862E-01
3.9811E-02  7.0707E+05  1.1547E+06  2.6525E-01  2.6532E-01
6.3096E-02  7.8962E+05  1.2413E+06  2.4726E-01  2.4734E-01
1.0000E-01  8.7933E+05  1.3286E+06  2.4183E-01  2.4194E-01
1.5849E-01  9.4631E+05  1.3957E+06  2.5400E-01  2.5417E-01
2.5119E-01  9.5445E+05  1.3844E+06  3.0227E-01  3.0254E-01
3.9811E-01  8.5812E+05  1.2342E+06  4.4341E-01  4.4402E-01
6.3096E-01  6.3442E+05  7.8870E+05  6.7308E-01  6.7502E-01
1.0000E+00  3.8156E+05  4.3972E+05  8.7443E-01  8.7942E-01
1.5849E+00  2.2142E+05  2.4380E+05  9.7507E-01  9.8390E-01
2.5119E+00  1.5292E+05  1.6262E+05  9.9928E-01  1.0161E+00
3.9811E+00  1.1080E+05  1.1538E+05  1.0193E+00  1.0662E+00
6.3096E+00  8.0495E+04  8.2419E+04  1.0415E+00  1.1381E+00
1.0000E+01  5.6831E+04  5.7645E+04  1.0634E+00  1.2106E+00
1.5849E+01  3.8383E+04  3.8734E+04  1.0777E+00  1.2597E+00
2.5119E+01  2.7137E+04  2.7295E+04  1.0934E+00  1.3139E+00
3.9811E+01  2.0397E+04  2.0489E+04  1.1030E+00  1.3468E+00
6.3096E+01  1.4388E+04  1.4435E+04  1.1094E+00  1.3695E+00
1.0000E+02  9.5230E+03  9.5447E+03  1.1147E+00  1.3875E+00
1.5849E+02  6.3441E+03  6.3536E+03  1.1203E+00  1.4049E+00
2.5119E+02  4.4422E+03  4.4464E+03  1.1215E+00  1.4088E+00
3.9811E+02  2.9478E+03  2.9497E+03  1.1216E+00  1.4097E+00
6.3096E+02  1.9011E+03  1.9019E+03  1.1217E+00  1.4115E+00
1.0000E+03  1.7624E+03  1.7632E+03  1.1217E+00  1.4119E+00
1.5849E+03  1.7624E+03  1.7632E+03  1.1217E+00  1.4119E+00
2.5119E+03  1.7624E+03  1.7632E+03  1.1217E+00  1.4119E+00
3.9811E+03  1.7624E+03  1.7632E+03  1.1217E+00  1.4119E+00
6.3096E+03  1.7624E+03  1.7632E+03  1.1217E+00  1.4119E+00
1.0000E+04  1.7624E+03  1.7632E+03  1.1217E+00  1.4119E+00
Rosseland and Planck opacities and free electrons
Density     Ross opa    Planck opa  No. Free    Av Sq Free  T=  4.0000E-03
1.0000E-10  5.3592E-01  5.8954E+02  1.1172E+00  1.3591E+00
1.5849E-10  5.9388E-01  6.8111E+02  1.1170E+00  1.3580E+00
2.5119E-10  6.7596E-01  7.7489E+02  1.1167E+00  1.3567E+00
3.9811E-10  7.9465E-01  8.4751E+02  1.1163E+00  1.3552E+00
6.3096E-10  9.6706E-01  9.3857E+02  1.1158E+00  1.3531E+00
1.0000E-09  1.2200E+00  1.0073E+03  1.1150E+00  1.3506E+00
1.5849E-09  1.5956E+00  1.1101E+03  1.1139E+00  1.3467E+00
2.5119E-09  2.1707E+00  1.2118E+03  1.1122E+00  1.3415E+00
3.9811E-09  3.0386E+00  1.3730E+03  1.1096E+00  1.3332E+00
6.3096E-09  4.4382E+00  1.5592E+03  1.1062E+00  1.3226E+00
1.0000E-08  6.5777E+00  1.8478E+03  1.1007E+00  1.3059E+00
1.5849E-08  1.0040E+01  2.1809E+03  1.0942E+00  1.2861E+00
2.5119E-08  1.5371E+01  2.6538E+03  1.0848E+00  1.2576E+00
3.9811E-08  2.3816E+01  3.1744E+03  1.0743E+00  1.2260E+00
6.3096E-08  3.6800E+01  3.7407E+03  1.0628E+00  1.1912E+00
1.0000E-07  5.7016E+01  4.4279E+03  1.0488E+00  1.1492E+00
1.5849E-07  8.8205E+01  4.8926E+03  1.0396E+00  1.1215E+00
2.5119E-07  1.3632E+02  5.5892E+03  1.0261E+00  1.0809E+00
3.9811E-07  2.1364E+02  6.0760E+03  1.0209E+00  1.0657E+00
6.3096E-07  3.3141E+02  6.8476E+03  1.0127E+00  1.0416E+00
1.0000E-06  5.2989E+02  7.5362E+03  1.0091E+00  1.0315E+00
1.5849E-06  8.3359E+02  8.5301E+03  1.0050E+00  1.0205E+00
2.5119E-06  1.3445E+03  9.8895E+03  1.0019E+00  1.0132E+00
3.9811E-06  2.1354E+03  1.1919E+04  9.9897E-01  1.0076E+00
6.3096E-06  3.4221E+03  1.5012E+04  9.9553E-01  1.0018E+00
1.0000E-05  5.4217E+03  1.9760E+04  9.9161E-01  9.9669E-01
1.5849E-05  8.4891E+03  2.6701E+04  9.8598E-01  9.8975E-01
2.5119E-05  1.3080E+04  3.6033E+04  9.7878E-01  9.8195E-01
3.9811E-05  2.0064E+04  5.0589E+04  9.6773E-01  9.7005E-01
6.3096E-05  2.9945E+04  7.0748E+04  9.5470E-01  9.5669E-01
1.0000E-04  4.4806E+04  1.0270E+05  9.3405E-01  9.3552E-01
1.5849E-04  6.2421E+04  1.3757E+05  9.1108E-01  9.1229E-01
2.5119E-04  8.8403E+04  1.8888E+05  8.7711E-01  8.7807E-01
3.9811E-04  1.1880E+05  2.4693E+05  8.3790E-01  8.3862E-01
6.3096E-04  1.5199E+05  3.0625E+05  7.9627E-01  7.9687E-01
1.0000E-03  2.0370E+05  4.0032E+05  7.3029E-01  7.3071E-01
1.5849E-03  2.3706E+05  4.5323E+05  6.9091E-01  6.9128E-01
2.5119E-03  2.8613E+05  5.3221E+05  6.3183E-01  6.3213E-01
3.9811E-03  3.4700E+05  6.3044E+05  5.5928E-01  5.5949E-01
6.3096E-03  3.8734E+05  6.8630E+05  5.2182E-01  5.2202E-01
1.0000E-02  4.4527E+05  7.7503E+05  4.6245E-01  4.6261E-01
1.5849E-02  5.0498E+05  8.6817E+05  4.0526E-01  4.0540E-01
2.5119E-02  5.5431E+05  9.3369E+05  3.7725E-01  3.7738E-01
3.9811E-02  6.1865E+05  1.0371E+06  3.3286E-01  3.3298E-01
6.3096E-02  6.7388E+05  1.1163E+06  3.1275E-01  3.1288E-01
1.0000E-01  7.2790E+05  1.1968E+06  3.0272E-01  3.0289E-01
1.5849E-01  7.6234E+05  1.2493E+06  3.1426E-01  3.1448E-01
2.5119E-01  7.5853E+05  1.2267E+06  3.6306E-01  3.6340E-01
3.9811E-01  6.8693E+05  1.0498E+06  4.9618E-01  4.9694E-01
6.3096E-01  5.3320E+05  7.0033E+05  7.0204E-01  7.0433E-01
1.0000E+00  3.3632E+05  4.0354E+05  8.8365E-01  8.8903E-01
1.5849E+00  2.1760E+05  2.4542E+05  9.6140E-01  9.7107E-01
2.5119E+00  1.4624E+05  1.5887E+05  1.0015E+00  1.0236E+00
3.9811E+00  1.0628E+05  1.1187E+05  1.0213E+00  1.0726E+00
6.3096E+00  7.8443E+04  8.0882E+04  1.0437E+00  1.1453E+00
1.0000E+01  5.5894E+04  5.6849E+04  1.0655E+00  1.2173E+00
1.5849E+01  3.8256E+04  3.8724E+04  1.0803E+00  1.2690E+00
2.5119E+01  2.5749E+04  2.5940E+04  1.0949E+00  1.3181E+00
3.9811E+01  1.9645E+04  1.9761E+04  1.1031E+00  1.3468E+00
6.3096E+01  1.4345E+04  1.4403E+04  1.1103E+00  1.3723E+00
1.0000E+02  9.6068E+03  9.6353E+03  1.1149E+00  1.3885E+00
1.5849E+02  6.4200E+03  6.4325E+03  1.1185E+00  1.3994E+00
2.5119E+02  4.2545E+03  4.2595E+03  1.1215E+00  1.4089E+00
3.9811E+02  3.0202E+03  3.0227E+03  1.1216E+00  1.4097E+00
6.3096E+02  1.9318E+03  1.9329E+03  1.1217E+00  1.4116E+00
1.0000E+03  1.4762E+03  1.4769E+03  1.1219E+00  1.4132E+00
1.5849E+03  1.4762E+03  1.4769E+03  1.1219E+00  1.4132E+00
2.5119E+03  1.4762E+03  1.4769E+03  1.1219E+00  1.4132E+00
3.9811E+03  1.4762E+03  1.4769E+03  1.1219E+00  1.4132E+00
6.3096E+03  1.4762E+03  1.4769E+03  1.1219E+00  1.4132E+00
1.0000E+04  1.4762E+03  1.4769E+03  1.1219E+00  1.4132E+00
Rosseland and Planck opacities and free electrons
Density     Ross opa    Planck opa  No. Free    Av Sq Free  T=  5.0000E-03
1.0000E-10  4.7236E-01  1.5786E+02  1.1182E+00  1.3662E+00
1.5849E-10  5.0297E-01  1.6909E+02  1.1182E+00  1.3656E+00
2.5119E-10  5.4439E-01  1.8486E+02  1.1181E+00  1.3648E+00
3.9811E-10  6.0231E-01  2.0090E+02  1.1180E+00  1.3641E+00
6.3096E-10  6.8441E-01  2.2228E+02  1.1179E+00  1.3634E+00
1.0000E-09  8.0295E-01  2.4909E+02  1.1178E+00  1.3627E+00
1.5849E-09  9.7578E-01  2.8471E+02  1.1176E+00  1.3619E+00
2.5119E-09  1.2327E+00  3.3232E+02  1.1174E+00  1.3609E+00
3.9811E-09  1.6204E+00  3.9045E+02  1.1172E+00  1.3598E+00
6.3096E-09  2.2081E+00  4.7263E+02  1.1168E+00  1.3582E+00
1.0000E-08  3.1236E+00  5.5792E+02  1.1164E+00  1.3565E+00
1.5849E-08  4.5207E+00  6.9028E+02  1.1157E+00  1.3538E+00
2.5119E-08  6.7981E+00  8.2447E+02  1.1148E+00  1.3508E+00
3.9811E-08  1.0255E+01  1.0371E+03  1.1134E+00  1.3461E+00
6.3096E-08  1.6037E+01  1.2987E+03  1.1115E+00  1.3399E+00
1.0000E-07  2.4941E+01  1.6989E+03  1.1085E+00  1.3305E+00
1.5849E-07  3.9867E+01  2.2222E+03  1.1045E+00  1.3181E+00
2.5119E-07  6.3320E+01  2.9875E+03  1.0985E+00  1.3000E+00
3.9811E-07  1.0186E+02  4.0041E+03  1.0909E+00  1.2771E+00
6.3096E-07  1.6347E+02  5.3558E+03  1.0814E+00  1.2486E+00
1.0000E-06  2.6050E+02  7.1435E+03  1.0690E+00  1.2115E+00
1.5849E-06  4.1537E+02  8.7672E+03  1.0585E+00  1.1803E+00
2.5119E-06  6.5364E+02  1.1263E+04  1.0424E+00  1.1327E+00
3.9811E-06  1.0301E+03  1.2875E+04  1.0345E+00  1.1100E+00
6.3096E-06  1.6070E+03  1.5431E+04  1.0220E+00  1.0741E+00
1.0000E-05  2.4987E+03  1.7736E+04  1.0147E+00  1.0550E+00
1.5849E-05  3.8667E+03  2.0906E+04  1.0067E+00  1.0351E+00
2.5119E-05  5.9289E+03  2.4783E+04  9.9968E-01  1.0196E+00
3.9811E-05  9.0226E+03  3.0014E+04  9.9293E-01  1.0078E+00
6.3096E-05  1.3575E+04  3.7701E+04  9.8450E-01  9.9450E-01
1.0000E-04  2.0126E+04  4.8778E+04  9.7527E-01  9.8320E-01
1.5849E-04  2.9679E+04  6.5152E+04  9.6173E-01  9.6698E-01
2.5119E-04  4.1709E+04  8.4499E+04  9.4636E-01  9.5071E-01
3.9811E-04  6.0351E+04  1.1516E+05  9.2198E-01  9.2493E-01
6.3096E-04  7.9593E+04  1.4495E+05  8.9820E-01  9.0063E-01
1.0000E-03  1.0815E+05  1.8987E+05  8.6231E-01  8.6413E-01
1.5849E-03  1.3877E+05  2.3924E+05  8.2331E-01  8.2466E-01
2.5119E-03  1.7202E+05  2.9473E+05  7.8016E-01  7.8126E-01
3.9811E-03  2.2063E+05  3.8047E+05  7.1363E-01  7.1437E-01
6.3096E-03  2.4896E+05  4.3362E+05  6.7608E-01  6.7673E-01
1.0000E-02  2.9115E+05  5.1784E+05  6.1656E-01  6.1709E-01
1.5849E-02  3.3595E+05  6.1285E+05  5.5238E-01  5.5278E-01
2.5119E-02  3.6521E+05  6.7740E+05  5.1760E-01  5.1797E-01
3.9811E-02  4.0699E+05  7.7949E+05  4.6248E-01  4.6280E-01
6.3096E-02  4.3547E+05  8.5187E+05  4.3570E-01  4.3601E-01
1.0000E-01  4.6156E+05  9.2220E+05  4.1997E-01  4.2030E-01
1.5849E-01  4.8032E+05  9.6765E+05  4.2716E-01  4.2756E-01
2.5119E-01  4.8527E+05  9.5014E+05  4.7194E-01  4.7249E-01
3.9811E-01  4.6044E+05  7.9764E+05  5.8734E-01  5.8846E-01
6.3096E-01  3.8777E+05  5.7269E+05  7.4998E-01  7.5275E-01
1.0000E+00  2.7754E+05  3.6426E+05  8.8574E-01  8.9217E-01
1.5849E+00  1.8201E+05  2.1759E+05  9.7598E-01  9.8858E-01
2.5119E+00  1.3066E+05  1.4787E+05  1.0055E+00  1.0311E+00
3.9811E+00  9.8980E+04  1.0724E+05  1.0256E+00  1.0867E+00
6.3096E+00  7.4685E+04  7.8427E+04  1.0475E+00  1.1573E+00
1.0000E+01  5.3557E+04  5.5004E+04  1.0688E+00  1.2278E+00
1.5849E+01  3.7619E+04  3.8261E+04  1.0855E+00  1.2853E+00
2.5119E+01  2.5361E+04  2.5669E+04  1.0954E+00  1.3191E+00
3.9811E+01  1.7441E+04  1.7566E+04  1.1060E+00  1.3560E+00
6.3096E+01  1.3735E+04  1.3818E+04  1.1110E+00  1.3744E+00
1.0000E+02  9.8879E+03  9.9302E+03  1.1168E+00  1.3938E+00
1.5849E+02  6.5958E+03  6.6155E+03  1.1215E+00  1.4085E+00
2.5119E+02  4.3810E+03  4.3896E+03  1.1215E+00  1.4088E+00
3.9811E+02  2.9553E+03  2.9590E+03  1.1216E+00  1.4096E+00
6.3096E+02  2.0054E+03  2.0071E+03  1.1217E+00  1.4117E+00
1.0000E+03  1.2938E+03  1.2946E+03  1.1222E+00  1.4165E+00
1.5849E+03  1.1327E+03  1.1332E+03  1.1224E+00  1.4185E+00
2.5119E+03  1.1327E+03  1.1332E+03  1.1224E+00  1.4185E+00
3.9811E+03  1.1327E+03  1.1332E+03  1.1224E+00  1.4185E+00
6.3096E+03  1.1327E+03  1.1332E+03  1.1224E+00  1.4185E+00
1.0000E+04  1.1327E+03  1.1332E+03  1.1224E+00  1.4185E+00
Rosseland and Planck opacities and free electrons
Density     Ross opa    Planck opa  No. Free    Av Sq Free  T=  6.0000E-03
1.0000E-10  4.4757E-01  2.7656E+02  1.1191E+00  1.3738E+00
1.5849E-10  4.6898E-01  2.8871E+02  1.1190E+00  1.3730E+00
2.5119E-10  4.9529E-01  2.8904E+02  1.1189E+00  1.3723E+00
3.9811E-10  5.3002E-01  2.8848E+02  1.1188E+00  1.3714E+00
6.3096E-10  5.7907E-01  2.7937E+02  1.1187E+00  1.3706E+00
1.0000E-09  6.4660E-01  2.6492E+02  1.1186E+00  1.3694E+00
1.5849E-09  7.4467E-01  2.5478E+02  1.1185E+00  1.3686E+00
2.5119E-09  8.8365E-01  2.3919E+02  1.1183E+00  1.3673E+00
3.9811E-09  1.0868E+00  2.3359E+02  1.1182E+00  1.3664E+00
6.3096E-09  1.3814E+00  2.3073E+02  1.1181E+00  1.3653E+00
1.0000E-08  1.8231E+00  2.3676E+02  1.1179E+00  1.3643E+00
1.5849E-08  2.4811E+00  2.5420E+02  1.1177E+00  1.3633E+00
2.5119E-08  3.4949E+00  2.8447E+02  1.1175E+00  1.3621E+00
3.9811E-08  5.0595E+00  3.3644E+02  1.1172E+00  1.3608E+00
6.3096E-08  7.5097E+00  4.1676E+02  1.1168E+00  1.3591E+00
1.0000E-07  1.1449E+01  5.3742E+02  1.1163E+00  1.3570E+00
1.5849E-07  1.7556E+01  7.2509E+02  1.1154E+00  1.3539E+00
2.5119E-07  2.7827E+01  9.8496E+02  1.1143E+00  1.3501E+00
3.9811E-07  4.3456E+01  1.3968E+03  1.1125E+00  1.3442E+00
6.3096E-07  7.0475E+01  1.9733E+03  1.1101E+00  1.3368E+00
1.0000E-06  1.1176E+02  2.8797E+03  1.1064E+00  1.3254E+00
1.5849E-06  1.8145E+02  4.0470E+03  1.1017E+00  1.3110E+00
2.5119E-06  2.8969E+02  5.7812E+03  1.0946E+00  1.2900E+00
3.9811E-06  4.6533E+02  7.9797E+03  1.0861E+00  1.2649E+00
6.3096E-06  7.4216E+02  1.0882E+04  1.0755E+00  1.2338E+00
1.0000E-05  1.1730E+03  1.4634E+04  1.0624E+00  1.1955E+00
1.5849E-05  1.8471E+03  1.8315E+04  1.0511E+00  1.1636E+00
2.5119E-05  2.8835E+03  2.3785E+04  1.0345E+00  1.1170E+00
3.9811E-05  4.4197E+03  2.7655E+04  1.0255E+00  1.0942E+00
6.3096E-05  6.7799E+03  3.3789E+04  1.0113E+00  1.0580E+00
1.0000E-04  1.0037E+04  3.9592E+04  1.0020E+00  1.0386E+00
1.5849E-04  1.4958E+04  4.7993E+04  9.8991E-01  1.0157E+00
2.5119E-04  2.1511E+04  5.8129E+04  9.7764E-01  9.9605E-01
3.9811E-04  3.0852E+04  7.1899E+04  9.6312E-01  9.7691E-01
6.3096E-04  4.3224E+04  8.9827E+04  9.4463E-01  9.5383E-01
1.0000E-03  5.8342E+04  1.1055E+05  9.2428E-01  9.3161E-01
1.5849E-03  7.9850E+04  1.4204E+05  8.9363E-01  8.9829E-01
2.5119E-03  1.0000E+05  1.7546E+05  8.6515E-01  8.6908E-01
3.9811E-03  1.2951E+05  2.2840E+05  8.2001E-01  8.2280E-01
6.3096E-03  1.5447E+05  2.7874E+05  7.7864E-01  7.8076E-01
1.0000E-02  1.8132E+05  3.3928E+05  7.3024E-01  7.3195E-01
1.5849E-02  2.1555E+05  4.2453E+05  6.6300E-01  6.6417E-01
2.5119E-02  2.3376E+05  4.7661E+05  6.2961E-01  6.3065E-01
3.9811E-02  2.5992E+05  5.5869E+05  5.7668E-01  5.7752E-01
6.3096E-02  2.8010E+05  6.2776E+05  5.4150E-01  5.4222E-01
1.0000E-01  2.9619E+05  6.8467E+05  5.2547E-01  5.2618E-01
1.5849E-01  3.1103E+05  7.2956E+05  5.2610E-01  5.2686E-01
2.5119E-01  3.1964E+05  7.2129E+05  5.6864E-01  5.6963E-01
3.9811E-01  3.1444E+05  6.1593E+05  6.6014E-01  6.6200E-01
6.3096E-01  2.8180E+05  4.6749E+05  7.9009E-01  7.9373E-01
1.0000E+00  2.1533E+05  3.0607E+05  9.1919E-01  9.2684E-01
1.5849E+00  1.5745E+05  2.0047E+05  9.7500E-01  9.8989E-01
2.5119E+00  1.1907E+05  1.4019E+05  1.0076E+00  1.0417E+00
3.9811E+00  9.1179E+04  1.0177E+05  1.0289E+00  1.0966E+00
6.3096E+00  7.0082E+04  7.5268E+04  1.0513E+00  1.1693E+00
1.0000E+01  5.1747E+04  5.4012E+04  1.0712E+00  1.2355E+00
1.5849E+01  3.5947E+04  3.6795E+04  1.0875E+00  1.2911E+00
2.5119E+01  2.5005E+04  2.5424E+04  1.0989E+00  1.3301E+00
3.9811E+01  1.6740E+04  1.6921E+04  1.1060E+00  1.3558E+00
6.3096E+01  1.2326E+04  1.2405E+04  1.1120E+00  1.3772E+00
1.0000E+02  9.6228E+03  9.6784E+03  1.1162E+00  1.3924E+00
1.5849E+02  6.7101E+03  6.7382E+03  1.1202E+00  1.4044E+00
2.5119E+02  4.4592E+03  4.4717E+03  1.1215E+00  1.4090E+00
3.9811E+02  2.9654E+03  2.9708E+03  1.1216E+00  1.4099E+00
6.3096E+02  1.9726E+03  1.9749E+03  1.1217E+00  1.4118E+00
1.0000E+03  1.3135E+03  1.3146E+03  1.1220E+00  1.4152E+00
1.5849E+03  8.8415E+02  8.8462E+02  1.1225E+00  1.4202E+00
2.5119E+03  8.8415E+02  8.8462E+02  1.1225E+00  1.4202E+00
3.9811E+03  8.8415E+02  8.8462E+02  1.1225E+00  1.4202E+00
6.3096E+03  8.8415E+02  8.8462E+02  1.1225E+00  1.4202E+00
1.0000E+04  8.8415E+02  8.8462E+02  1.1225E+00  1.4202E+00
Rosseland and Planck opacities and free electrons
Density     Ross opa    Planck opa  No. Free    Av Sq Free  T=  7.0000E-03
1.0000E-10  4.4347E-01  3.4882E+02  1.1198E+00  1.3814E+00
1.5849E-10  4.6032E-01  4.1270E+02  1.1197E+00  1.3800E+00
2.5119E-10  4.8128E-01  4.5592E+02  1.1196E+00  1.3790E+00
3.9811E-10  5.0783E-01  5.0778E+02  1.1194E+00  1.3777E+00
6.3096E-10  5.4289E-01  5.4222E+02  1.1193E+00  1.3766E+00
1.0000E-09  5.9006E-01  5.6333E+02  1.1192E+00  1.3755E+00
1.5849E-09  6.5405E-01  5.7653E+02  1.1191E+00  1.3745E+00
2.5119E-09  7.4350E-01  5.6867E+02  1.1190E+00  1.3736E+00
3.9811E-09  8.6886E-01  5.5484E+02  1.1189E+00  1.3726E+00
6.3096E-09  1.0503E+00  5.2889E+02  1.1188E+00  1.3718E+00
1.0000E-08  1.3110E+00  4.9118E+02  1.1187E+00  1.3705E+00
1.5849E-08  1.7028E+00  4.6140E+02  1.1186E+00  1.3696E+00
2.5119E-08  2.2771E+00  4.1420E+02  1.1184E+00  1.3681E+00
3.9811E-08  3.1732E+00  4.0015E+02  1.1182E+00  1.3671E+00
6.3096E-08  4.5071E+00  3.8155E+02  1.1180E+00  1.3656E+00
1.0000E-07  6.6367E+00  3.9884E+02  1.1178E+00  1.3644E+00
1.5849E-07  9.8637E+00  4.4261E+02  1.1174E+00  1.3628E+00
2.5119E-07  1.5146E+01  5.3000E+02  1.1171E+00  1.3611E+00
3.9811E-07  2.3361E+01  6.8302E+02  1.1165E+00  1.3590E+00
6.3096E-07  3.6859E+01  9.3097E+02  1.1157E+00  1.3561E+00
1.0000E-06  5.8565E+01  1.3328E+03  1.1146E+00  1.3524E+00
1.5849E-06  9.3265E+01  1.9478E+03  1.1130E+00  1.3470E+00
2.5119E-06  1.5063E+02  2.8435E+03  1.1107E+00  1.3400E+00
3.9811E-06  2.3905E+02  4.2343E+03  1.1072E+00  1.3292E+00
6.3096E-06  3.8765E+02  5.9911E+03  1.1028E+00  1.3162E+00
1.0000E-05  6.1318E+02  8.7756E+03  1.0958E+00  1.2957E+00
1.5849E-05  9.8443E+02  1.1738E+04  1.0882E+00  1.2740E+00
2.5119E-05  1.5553E+03  1.6183E+04  1.0768E+00  1.2416E+00
3.9811E-05  2.4462E+03  2.0856E+04  1.0655E+00  1.2099E+00
6.3096E-05  3.8161E+03  2.6734E+04  1.0517E+00  1.1723E+00
1.0000E-04  5.8391E+03  3.3609E+04  1.0365E+00  1.1321E+00
1.5849E-04  8.7867E+03  4.0352E+04  1.0236E+00  1.1011E+00
2.5119E-04  1.3120E+04  4.9827E+04  1.0060E+00  1.0597E+00
3.9811E-04  1.8761E+04  5.8092E+04  9.9399E-01  1.0379E+00
6.3096E-04  2.7262E+04  7.1190E+04  9.7503E-01  1.0034E+00
1.0000E-03  3.6821E+04  8.2271E+04  9.6053E-01  9.8351E-01
1.5849E-03  5.0523E+04  9.9063E+04  9.3879E-01  9.5483E-01
2.5119E-03  6.5194E+04  1.2065E+05  9.1507E-01  9.2679E-01
3.9811E-03  8.3165E+04  1.5176E+05  8.8412E-01  8.9307E-01
6.3096E-03  1.0341E+05  1.9191E+05  8.4475E-01  8.5070E-01
1.0000E-02  1.2024E+05  2.3146E+05  8.0791E-01  8.1284E-01
1.5849E-02  1.4338E+05  2.9397E+05  7.4952E-01  7.5283E-01
2.5119E-02  1.5726E+05  3.3868E+05  7.1419E-01  7.1690E-01
3.9811E-02  1.7350E+05  3.9828E+05  6.6951E-01  6.7167E-01
6.3096E-02  1.8890E+05  4.6146E+05  6.2807E-01  6.2972E-01
1.0000E-01  1.9941E+05  5.0480E+05  6.1503E-01  6.1655E-01
1.5849E-01  2.1113E+05  5.4885E+05  6.0946E-01  6.1089E-01
2.5119E-01  2.1901E+05  5.4737E+05  6.4849E-01  6.5023E-01
3.9811E-01  2.2084E+05  4.7862E+05  7.1962E-01  7.2229E-01
6.3096E-01  2.0782E+05  3.8344E+05  8.2247E-01  8.2727E-01
1.0000E+00  1.7290E+05  2.6847E+05  9.2457E-01  9.3382E-01
1.5849E+00  1.3616E+05  1.8446E+05  9.7870E-01  9.9758E-01
2.5119E+00  1.0502E+05  1.2937E+05  1.0129E+00  1.0508E+00
3.9811E+00  8.4593E+04  9.7771E+04  1.0324E+00  1.1087E+00
6.3096E+00  6.5665E+04  7.2058E+04  1.0524E+00  1.1730E+00
1.0000E+01  4.9356E+04  5.2267E+04  1.0729E+00  1.2412E+00
1.5849E+01  3.4566E+04  3.5634E+04  1.0899E+00  1.2982E+00
2.5119E+01  2.4311E+04  2.4834E+04  1.1010E+00  1.3361E+00
3.9811E+01  1.6448E+04  1.6695E+04  1.1071E+00  1.3581E+00
6.3096E+01  1.1250E+04  1.1351E+04  1.1136E+00  1.3829E+00
1.0000E+02  9.0614E+03  9.1158E+03  1.1185E+00  1.3987E+00
1.5849E+02  6.7113E+03  6.7477E+03  1.1215E+00  1.4085E+00
2.5119E+02  4.5210E+03  4.5383E+03  1.1215E+00  1.4088E+00
3.9811E+02  3.0024E+03  3.0098E+03  1.1216E+00  1.4096E+00
6.3096E+02  1.9957E+03  1.9988E+03  1.1217E+00  1.4114E+00
1.0000E+03  1.3484E+03  1.3498E+03  1.1220E+00  1.4148E+00
1.5849E+03  8.6676E+02  8.6735E+02  1.1224E+00  1.4196E+00
2.5119E+03  7.3525E+02  7.3568E+02  1.1226E+00  1.4223E+00
3.9811E+03  7.3525E+02  7.3568E+02  1.1226E+00  1.4223E+00
6.3096E+03  7.3525E+02  7.3568E+02  1.1226E+00  1.4223E+00
1.0000E+04  7.3525E+02  7.3568E+02  1.1226E+00  1.4223E+00
Rosseland and Planck opacities and free electrons
Density     Ross opa    Planck opa  No. Free    Av Sq Free  T=  8.0000E-03
1.0000E-10  4.5481E-01  7.7336E+01  1.1202E+00  1.3859E+00
1.5849E-10  4.6622E-01  7.8145E+01  1.1202E+00  1.3854E+00
2.5119E-10  4.8069E-01  7.9114E+01  1.1201E+00  1.3848E+00
3.9811E-10  5.0333E-01  8.0008E+01  1.1200E+00  1.3841E+00
6.3096E-10  5.3142E-01  8.1259E+01  1.1200E+00  1.3832E+00
1.0000E-09  5.6805E-01  8.2446E+01  1.1199E+00  1.3823E+00
1.5849E-09  6.1546E-01  8.4308E+01  1.1197E+00  1.3809E+00
2.5119E-09  6.8316E-01  8.6606E+01  1.1196E+00  1.3799E+00
3.9811E-09  7.7440E-01  9.0247E+01  1.1195E+00  1.3783E+00
6.3096E-09  9.0452E-01  9.5682E+01  1.1194E+00  1.3772E+00
1.0000E-08  1.0876E+00  1.0423E+02  1.1193E+00  1.3759E+00
1.5849E-08  1.3537E+00  1.1658E+02  1.1191E+00  1.3748E+00
2.5119E-08  1.7404E+00  1.3548E+02  1.1190E+00  1.3737E+00
3.9811E-08  2.3166E+00  1.6121E+02  1.1189E+00  1.3725E+00
6.3096E-08  3.1790E+00  1.9709E+02  1.1187E+00  1.3714E+00
1.0000E-07  4.5049E+00  2.4686E+02  1.1185E+00  1.3700E+00
1.5849E-07  6.5695E+00  3.0897E+02  1.1183E+00  1.3687E+00
2.5119E-07  9.7569E+00  4.0113E+02  1.1180E+00  1.3669E+00
3.9811E-07  1.4909E+01  5.0992E+02  1.1178E+00  1.3655E+00
6.3096E-07  2.2696E+01  6.8225E+02  1.1173E+00  1.3633E+00
1.0000E-06  3.6173E+01  9.0799E+02  1.1168E+00  1.3615E+00
1.5849E-06  5.6404E+01  1.2658E+03  1.1161E+00  1.3587E+00
2.5119E-06  9.1444E+01  1.7465E+03  1.1151E+00  1.3554E+00
3.9811E-06  1.4497E+02  2.4860E+03  1.1136E+00  1.3507E+00
6.3096E-06  2.3518E+02  3.4612E+03  1.1116E+00  1.3445E+00
1.0000E-05  3.7545E+02  4.8746E+03  1.1086E+00  1.3356E+00
1.5849E-05  6.0217E+02  6.7703E+03  1.1045E+00  1.3235E+00
2.5119E-05  9.6045E+02  9.2796E+03  1.0989E+00  1.3074E+00
3.9811E-05  1.5209E+03  1.2853E+04  1.0909E+00  1.2850E+00
6.3096E-05  2.4063E+03  1.7129E+04  1.0819E+00  1.2601E+00
1.0000E-04  3.7592E+03  2.3722E+04  1.0680E+00  1.2219E+00
1.5849E-04  5.7423E+03  2.9594E+04  1.0568E+00  1.1931E+00
2.5119E-04  8.7555E+03  3.8901E+04  1.0389E+00  1.1475E+00
3.9811E-04  1.2722E+04  4.6823E+04  1.0252E+00  1.1155E+00
6.3096E-04  1.8474E+04  5.7336E+04  1.0077E+00  1.0770E+00
1.0000E-03  2.5746E+04  6.7847E+04  9.9021E-01  1.0421E+00
1.5849E-03  3.4983E+04  7.8344E+04  9.7264E-01  1.0130E+00
2.5119E-03  4.6503E+04  9.3407E+04  9.4935E-01  9.7657E-01
3.9811E-03  5.8190E+04  1.1253E+05  9.2627E-01  9.4836E-01
6.3096E-03  7.3994E+04  1.4280E+05  8.8969E-01  9.0365E-01
1.0000E-02  8.4973E+04  1.6840E+05  8.6116E-01  8.7288E-01
1.5849E-02  9.9353E+04  2.0818E+05  8.1686E-01  8.2535E-01
2.5119E-02  1.1123E+05  2.4785E+05  7.7683E-01  7.8297E-01
3.9811E-02  1.2138E+05  2.8885E+05  7.4144E-01  7.4638E-01
6.3096E-02  1.3304E+05  3.4278E+05  6.9710E-01  7.0055E-01
1.0000E-01  1.3992E+05  3.7399E+05  6.8823E-01  6.9133E-01
1.5849E-01  1.4884E+05  4.1419E+05  6.7873E-01  6.8135E-01
2.5119E-01  1.5478E+05  4.1329E+05  7.1320E-01  7.1617E-01
3.9811E-01  1.5884E+05  3.7365E+05  7.6962E-01  7.7357E-01
6.3096E-01  1.5553E+05  3.1402E+05  8.5488E-01  8.6119E-01
1.0000E+00  1.3789E+05  2.3169E+05  9.4024E-01  9.5165E-01
1.5849E+00  1.1465E+05  1.6484E+05  9.8934E-01  1.0113E+00
2.5119E+00  9.4162E+04  1.2209E+05  1.0145E+00  1.0588E+00
3.9811E+00  7.7811E+04  9.3339E+04  1.0341E+00  1.1143E+00
6.3096E+00  6.1396E+04  6.9256E+04  1.0546E+00  1.1801E+00
1.0000E+01  4.6972E+04  5.0785E+04  1.0751E+00  1.2476E+00
1.5849E+01  3.3879E+04  3.5489E+04  1.0907E+00  1.3008E+00
2.5119E+01  2.3282E+04  2.3893E+04  1.1022E+00  1.3396E+00
3.9811E+01  1.6166E+04  1.6481E+04  1.1089E+00  1.3632E+00
6.3096E+01  1.0871E+04  1.1003E+04  1.1133E+00  1.3807E+00
1.0000E+02  8.1697E+03  8.2276E+03  1.1175E+00  1.3957E+00
1.5849E+02  6.6007E+03  6.6457E+03  1.1215E+00  1.4085E+00
2.5119E+02  4.5903E+03  4.6128E+03  1.1215E+00  1.4088E+00
3.9811E+02  3.0332E+03  3.0430E+03  1.1216E+00  1.4098E+00
6.3096E+02  2.0281E+03  2.0324E+03  1.1217E+00  1.4118E+00
1.0000E+03  1.3654E+03  1.3673E+03  1.1222E+00  1.4164E+00
1.5849E+03  8.9088E+02  8.9167E+02  1.1225E+00  1.4205E+00
2.5119E+03  6.1683E+02  6.1722E+02  1.1228E+00  1.4252E+00
3.9811E+03  6.1683E+02  6.1722E+02  1.1228E+00  1.4252E+00
6.3096E+03  6.1683E+02  6.1722E+02  1.1228E+00  1.4252E+00
1.0000E+04  6.1683E+02  6.1722E+02  1.1228E+00  1.4252E+00
Rosseland and Planck opacities and free electrons
Density     Ross opa    Planck opa  No. Free    Av Sq Free  T=  9.0000E-03
1.0000E-10  5.0201E-01  4.3956E+01  1.1204E+00  1.3879E+00
1.5849E-10  5.1314E-01  4.2570E+01  1.1203E+00  1.3876E+00
2.5119E-10  5.2267E-01  4.0373E+01  1.1203E+00  1.3872E+00
3.9811E-10  5.4269E-01  3.9764E+01  1.1203E+00  1.3869E+00
6.3096E-10  5.6575E-01  3.8810E+01  1.1202E+00  1.3864E+00
1.0000E-09  5.9604E-01  3.9418E+01  1.1202E+00  1.3860E+00
1.5849E-09  6.3519E-01  4.0947E+01  1.1201E+00  1.3854E+00
2.5119E-09  6.8893E-01  4.3521E+01  1.1201E+00  1.3847E+00
3.9811E-09  7.6307E-01  4.7703E+01  1.1200E+00  1.3839E+00
6.3096E-09  8.6572E-01  5.2981E+01  1.1199E+00  1.3829E+00
1.0000E-08  1.0126E+00  5.9515E+01  1.1198E+00  1.3817E+00
1.5849E-08  1.2193E+00  6.8287E+01  1.1197E+00  1.3803E+00
2.5119E-08  1.5222E+00  7.7731E+01  1.1195E+00  1.3791E+00
3.9811E-08  1.9586E+00  9.1739E+01  1.1194E+00  1.3774E+00
6.3096E-08  2.6183E+00  1.0630E+02  1.1193E+00  1.3763E+00
1.0000E-07  3.5847E+00  1.2938E+02  1.1191E+00  1.3746E+00
1.5849E-07  5.1041E+00  1.5500E+02  1.1189E+00  1.3736E+00
2.5119E-07  7.3581E+00  1.9512E+02  1.1187E+00  1.3720E+00
3.9811E-07  1.0998E+01  2.4371E+02  1.1185E+00  1.3707E+00
6.3096E-07  1.6505E+01  3.1582E+02  1.1182E+00  1.3690E+00
1.0000E-06  2.5603E+01  4.0955E+02  1.1179E+00  1.3672E+00
1.5849E-06  3.9689E+01  5.4230E+02  1.1174E+00  1.3652E+00
2.5119E-06  6.2815E+01  7.3049E+02  1.1168E+00  1.3627E+00
3.9811E-06  9.9617E+01  9.9415E+02  1.1160E+00  1.3599E+00
6.3096E-06  1.5859E+02  1.4055E+03  1.1149E+00  1.3560E+00
1.0000E-05  2.5509E+02  2.0355E+03  1.1134E+00  1.3513E+00
1.5849E-05  4.0375E+02  3.0256E+03  1.1110E+00  1.3442E+00
2.5119E-05  6.5364E+02  4.4928E+03  1.1081E+00  1.3357E+00
3.9811E-05  1.0301E+03  6.8181E+03  1.1034E+00  1.3223E+00
6.3096E-05  1.6512E+03  9.7253E+03  1.0978E+00  1.3071E+00
1.0000E-04  2.5904E+03  1.4231E+04  1.0893E+00  1.2838E+00
1.5849E-04  4.0126E+03  1.9347E+04  1.0798E+00  1.2587E+00
2.5119E-04  6.1381E+03  2.6367E+04  1.0669E+00  1.2252E+00
3.9811E-04  9.0827E+03  3.3875E+04  1.0523E+00  1.1882E+00
6.3096E-04  1.3083E+04  4.0654E+04  1.0374E+00  1.1525E+00
1.0000E-03  1.8707E+04  5.0200E+04  1.0174E+00  1.1060E+00
1.5849E-03  2.5287E+04  6.0053E+04  1.0020E+00  1.0761E+00
2.5119E-03  3.4567E+04  7.5663E+04  9.7765E-01  1.0288E+00
3.9811E-03  4.2603E+04  8.8751E+04  9.5838E-01  1.0011E+00
6.3096E-03  5.3188E+04  1.0886E+05  9.2885E-01  9.5965E-01
1.0000E-02  6.2433E+04  1.2967E+05  8.9979E-01  9.2274E-01
1.5849E-02  7.1709E+04  1.5532E+05  8.6539E-01  8.8315E-01
2.5119E-02  8.1468E+04  1.8788E+05  8.2374E-01  8.3565E-01
3.9811E-02  8.7958E+04  2.1546E+05  7.9650E-01  8.0635E-01
6.3096E-02  9.6672E+04  2.5832E+05  7.5335E-01  7.5991E-01
1.0000E-01  1.0137E+05  2.8101E+05  7.4697E-01  7.5273E-01
1.5849E-01  1.0777E+05  3.1247E+05  7.3915E-01  7.4379E-01
2.5119E-01  1.1236E+05  3.1360E+05  7.6577E-01  7.7060E-01
3.9811E-01  1.1687E+05  2.9477E+05  8.1195E-01  8.1764E-01
6.3096E-01  1.1743E+05  2.5660E+05  8.8228E-01  8.9060E-01
1.0000E+00  1.0996E+05  2.0039E+05  9.4862E-01  9.6264E-01
1.5849E+00  9.6880E+04  1.4895E+05  9.9493E-01  1.0200E+00
2.5119E+00  8.4202E+04  1.1603E+05  1.0161E+00  1.0657E+00
3.9811E+00  7.0748E+04  8.8526E+04  1.0366E+00  1.1217E+00
6.3096E+00  5.7584E+04  6.7259E+04  1.0581E+00  1.1913E+00
1.0000E+01  4.4619E+04  4.9199E+04  1.0763E+00  1.2522E+00
1.5849E+01  3.2965E+04  3.4957E+04  1.0924E+00  1.3057E+00
2.5119E+01  2.2506E+04  2.3276E+04  1.1032E+00  1.3425E+00
3.9811E+01  1.5908E+04  1.6305E+04  1.1103E+00  1.3672E+00
6.3096E+01  1.0687E+04  1.0857E+04  1.1136E+00  1.3806E+00
1.0000E+02  7.5300E+03  7.5995E+03  1.1175E+00  1.3960E+00
1.5849E+02  6.1309E+03  6.1678E+03  1.1205E+00  1.4053E+00
2.5119E+02  4.5746E+03  4.6020E+03  1.1215E+00  1.4088E+00
3.9811E+02  3.0624E+03  3.0749E+03  1.1216E+00  1.4097E+00
6.3096E+02  2.0508E+03  2.0562E+03  1.1218E+00  1.4119E+00
1.0000E+03  1.3557E+03  1.3579E+03  1.1221E+00  1.4161E+00
1.5849E+03  8.9350E+02  8.9449E+02  1.1226E+00  1.4213E+00
2.5119E+03  5.8203E+02  5.8245E+02  1.1230E+00  1.4268E+00
3.9811E+03  5.3674E+02  5.3710E+02  1.1231E+00  1.4284E+00
6.3096E+03  5.3674E+02  5.3710E+02  1.1231E+00  1.4284E+00
1.0000E+04  5.3674E+02  5.3710E+02  1.1231E+00  1.4284E+00
Rosseland and Planck opacities and free electrons
Density     Ross opa    Planck opa  No. Free    Av Sq Free  T=  1.0000E-02
1.0000E-10  5.8116E-01  3.8201E+01  1.1205E+00  1.3901E+00
1.5849E-10  5.9229E-01  3.6534E+01  1.1205E+00  1.3897E+00
2.5119E-10  6.0390E-01  3.4998E+01  1.1205E+00  1.3893E+00
3.9811E-10  6.1931E-01  3.4972E+01  1.1204E+00  1.3888E+00
6.3096E-10  6.4076E-01  3.6532E+01  1.1204E+00  1.3884E+00
1.0000E-09  6.6607E-01  3.9545E+01  1.1204E+00  1.3880E+00
1.5849E-09  7.0188E-01  4.5052E+01  1.1203E+00  1.3876E+00
2.5119E-09  7.4612E-01  5.3181E+01  1.1203E+00  1.3871E+00
3.9811E-09  8.1269E-01  6.4386E+01  1.1203E+00  1.3866E+00
6.3096E-09  8.9820E-01  8.1038E+01  1.1202E+00  1.3860E+00
1.0000E-08  1.0253E+00  9.8734E+01  1.1201E+00  1.3854E+00
1.5849E-08  1.1936E+00  1.2678E+02  1.1201E+00  1.3845E+00
2.5119E-08  1.4449E+00  1.4959E+02  1.1200E+00  1.3837E+00
3.9811E-08  1.7908E+00  1.8481E+02  1.1199E+00  1.3824E+00
6.3096E-08  2.3120E+00  2.1369E+02  1.1197E+00  1.3813E+00
1.0000E-07  3.0672E+00  2.5075E+02  1.1196E+00  1.3797E+00
1.5849E-07  4.2274E+00  2.8387E+02  1.1194E+00  1.3783E+00
2.5119E-07  5.9812E+00  3.1687E+02  1.1192E+00  1.3768E+00
3.9811E-07  8.7070E+00  3.5440E+02  1.1190E+00  1.3751E+00
6.3096E-07  1.2928E+01  3.9120E+02  1.1188E+00  1.3737E+00
1.0000E-06  1.9527E+01  4.4427E+02  1.1185E+00  1.3718E+00
1.5849E-06  3.0150E+01  5.1118E+02  1.1182E+00  1.3702E+00
2.5119E-06  4.6512E+01  6.1526E+02  1.1177E+00  1.3679E+00
3.9811E-06  7.4085E+01  7.5904E+02  1.1172E+00  1.3658E+00
6.3096E-06  1.1546E+02  9.8693E+02  1.1164E+00  1.3626E+00
1.0000E-05  1.8682E+02  1.3343E+03  1.1155E+00  1.3596E+00
1.5849E-05  2.9394E+02  1.8836E+03  1.1141E+00  1.3549E+00
2.5119E-05  4.7488E+02  2.7153E+03  1.1122E+00  1.3494E+00
3.9811E-05  7.4945E+02  4.0176E+03  1.1095E+00  1.3414E+00
6.3096E-05  1.1946E+03  5.8605E+03  1.1058E+00  1.3311E+00
1.0000E-04  1.8754E+03  8.5728E+03  1.1006E+00  1.3169E+00
1.5849E-04  2.9085E+03  1.2316E+04  1.0935E+00  1.2979E+00
2.5119E-04  4.4382E+03  1.7090E+04  1.0847E+00  1.2750E+00
3.9811E-04  6.6660E+03  2.3863E+04  1.0720E+00  1.2423E+00
6.3096E-04  9.5229E+03  2.9351E+04  1.0603E+00  1.2133E+00
1.0000E-03  1.3781E+04  3.8047E+04  1.0417E+00  1.1675E+00
1.5849E-03  1.8538E+04  4.6347E+04  1.0273E+00  1.1364E+00
2.5119E-03  2.5080E+04  5.8915E+04  1.0060E+00  1.0915E+00
3.9811E-03  3.1594E+04  7.1181E+04  9.8507E-01  1.0532E+00
6.3096E-03  3.8829E+04  8.5675E+04  9.6009E-01  1.0136E+00
1.0000E-02  4.6632E+04  1.0356E+05  9.2981E-01  9.6803E-01
1.5849E-02  5.2804E+04  1.2074E+05  9.0231E-01  9.3343E-01
2.5119E-02  6.0926E+04  1.4717E+05  8.5992E-01  8.8014E-01
3.9811E-02  6.5212E+04  1.6574E+05  8.3918E-01  8.5632E-01
6.3096E-02  7.1129E+04  1.9449E+05  8.0632E-01  8.1857E-01
1.0000E-01  7.5266E+04  2.1537E+05  7.9394E-01  8.0368E-01
1.5849E-01  7.9641E+04  2.3694E+05  7.9085E-01  7.9876E-01
2.5119E-01  8.3484E+04  2.4216E+05  8.0852E-01  8.1596E-01
3.9811E-01  8.7703E+04  2.3537E+05  8.4765E-01  8.5558E-01
6.3096E-01  8.9472E+04  2.1017E+05  9.0093E-01  9.1195E-01
1.0000E+00  8.7997E+04  1.7436E+05  9.5540E-01  9.7259E-01
1.5849E+00  8.2155E+04  1.3710E+05  9.9694E-01  1.0262E+00
2.5119E+00  7.3993E+04  1.0892E+05  1.0194E+00  1.0725E+00
3.9811E+00  6.3963E+04  8.3929E+04  1.0396E+00  1.1311E+00
6.3096E+00  5.3614E+04  6.4910E+04  1.0589E+00  1.1936E+00
1.0000E+01  4.2001E+04  4.7374E+04  1.0767E+00  1.2529E+00
1.5849E+01  3.1599E+04  3.4134E+04  1.0928E+00  1.3071E+00
2.5119E+01  2.1909E+04  2.2923E+04  1.1042E+00  1.3454E+00
3.9811E+01  1.5398E+04  1.5834E+04  1.1110E+00  1.3694E+00
6.3096E+01  1.0550E+04  1.0761E+04  1.1154E+00  1.3856E+00
1.0000E+02  7.1833E+03  7.2677E+03  1.1209E+00  1.4049E+00
1.5849E+02  5.6353E+03  5.6741E+03  1.1215E+00  1.4076E+00
2.5119E+02  4.5273E+03  4.5598E+03  1.1215E+00  1.4089E+00
3.9811E+02  3.1061E+03  3.1218E+03  1.1216E+00  1.4099E+00
6.3096E+02  2.0555E+03  2.0621E+03  1.1217E+00  1.4119E+00
1.0000E+03  1.3696E+03  1.3724E+03  1.1220E+00  1.4152E+00
1.5849E+03  9.1571E+02  9.1696E+02  1.1226E+00  1.4212E+00
2.5119E+03  6.0127E+02  6.0181E+02  1.1235E+00  1.4352E+00
3.9811E+03  4.7761E+02  4.7795E+02  1.1243E+00  1.4463E+00
6.3096E+03  4.7761E+02  4.7795E+02  1.1243E+00  1.4463E+00
1.0000E+04  4.7761E+02  4.7795E+02  1.1243E+00  1.4463E+00
Rosseland and Planck opacities and free electrons
Density     Ross opa    Planck opa  No. Free    Av Sq Free  T=  1.2500E-02
1.0000E-10  7.6899E-01  5.2361E+01  1.1209E+00  1.3953E+00
1.5849E-10  7.9785E-01  5.0766E+01  1.1209E+00  1.3948E+00
2.5119E-10  8.3476E-01  4.8390E+01  1.1208E+00  1.3944E+00
3.9811E-10  8.7026E-01  4.4625E+01  1.1208E+00  1.3938E+00
6.3096E-10  9.1390E-01  4.2260E+01  1.1208E+00  1.3934E+00
1.0000E-09  9.6099E-01  3.8864E+01  1.1207E+00  1.3928E+00
1.5849E-09  1.0140E+00  3.7696E+01  1.1207E+00  1.3923E+00
2.5119E-09  1.0776E+00  3.7551E+01  1.1206E+00  1.3917E+00
3.9811E-09  1.1531E+00  3.9522E+01  1.1206E+00  1.3911E+00
6.3096E-09  1.2541E+00  4.4613E+01  1.1206E+00  1.3906E+00
1.0000E-08  1.3767E+00  5.1768E+01  1.1205E+00  1.3901E+00
1.5849E-08  1.5489E+00  6.1464E+01  1.1205E+00  1.3896E+00
2.5119E-08  1.7617E+00  7.4363E+01  1.1204E+00  1.3890E+00
3.9811E-08  2.0710E+00  8.4973E+01  1.1204E+00  1.3885E+00
6.3096E-08  2.4610E+00  1.0086E+02  1.1203E+00  1.3877E+00
1.0000E-07  3.0542E+00  1.1014E+02  1.1203E+00  1.3872E+00
1.5849E-07  3.8411E+00  1.2485E+02  1.1202E+00  1.3864E+00
2.5119E-07  5.0422E+00  1.3676E+02  1.1201E+00  1.3856E+00
3.9811E-07  6.7411E+00  1.5399E+02  1.1200E+00  1.3845E+00
6.3096E-07  9.3522E+00  1.7478E+02  1.1198E+00  1.3834E+00
1.0000E-06  1.3232E+01  2.0465E+02  1.1196E+00  1.3819E+00
1.5849E-06  1.9330E+01  2.4278E+02  1.1194E+00  1.3803E+00
2.5119E-06  2.8743E+01  2.9388E+02  1.1191E+00  1.3785E+00
3.9811E-06  4.3582E+01  3.6273E+02  1.1188E+00  1.3764E+00
6.3096E-06  6.7053E+01  4.4694E+02  1.1184E+00  1.3744E+00
1.0000E-05  1.0351E+02  5.7477E+02  1.1178E+00  1.3716E+00
1.5849E-05  1.6208E+02  7.5012E+02  1.1172E+00  1.3692E+00
2.5119E-05  2.5023E+02  1.0271E+03  1.1162E+00  1.3654E+00
3.9811E-05  3.9473E+02  1.4320E+03  1.1152E+00  1.3619E+00
6.3096E-05  6.0696E+02  2.0736E+03  1.1134E+00  1.3564E+00
1.0000E-04  9.3977E+02  2.9618E+03  1.1113E+00  1.3504E+00
1.5849E-04  1.4170E+03  4.3420E+03  1.1081E+00  1.3414E+00
2.5119E-04  2.1001E+03  6.1974E+03  1.1040E+00  1.3307E+00
3.9811E-04  3.0530E+03  8.9340E+03  1.0983E+00  1.3157E+00
6.3096E-04  4.3401E+03  1.2372E+04  1.0910E+00  1.2968E+00
1.0000E-03  6.0388E+03  1.6570E+04  1.0818E+00  1.2737E+00
1.5849E-03  8.3178E+03  2.2488E+04  1.0691E+00  1.2423E+00
2.5119E-03  1.0847E+04  2.9224E+04  1.0555E+00  1.2117E+00
3.9811E-03  1.4603E+04  3.9792E+04  1.0341E+00  1.1637E+00
6.3096E-03  1.7470E+04  4.7359E+04  1.0169E+00  1.1314E+00
1.0000E-02  2.1753E+04  5.9351E+04  9.8968E-01  1.0802E+00
1.5849E-02  2.5162E+04  6.9185E+04  9.6674E-01  1.0412E+00
2.5119E-02  2.8895E+04  8.0640E+04  9.3954E-01  9.9843E-01
3.9811E-02  3.2622E+04  9.3021E+04  9.1275E-01  9.5667E-01
6.3096E-02  3.5338E+04  1.0377E+05  8.9589E-01  9.3139E-01
1.0000E-01  3.8622E+04  1.1734E+05  8.7701E-01  9.0223E-01
1.5849E-01  4.0594E+04  1.2557E+05  8.7941E-01  9.0094E-01
2.5119E-01  4.3147E+04  1.3325E+05  8.8625E-01  9.0355E-01
3.9811E-01  4.5392E+04  1.3336E+05  9.1005E-01  9.2754E-01
6.3096E-01  4.8089E+04  1.3135E+05  9.4116E-01  9.6103E-01
1.0000E+00  5.0976E+04  1.2232E+05  9.8059E-01  1.0070E+00
1.5849E+00  5.2575E+04  1.0778E+05  1.0068E+00  1.0466E+00
2.5119E+00  5.2066E+04  9.1796E+04  1.0269E+00  1.0906E+00
3.9811E+00  4.8810E+04  7.4751E+04  1.0434E+00  1.1424E+00
6.3096E+00  4.3395E+04  5.8214E+04  1.0619E+00  1.2032E+00
1.0000E+01  3.6560E+04  4.4485E+04  1.0817E+00  1.2692E+00
1.5849E+01  2.8308E+04  3.1936E+04  1.0952E+00  1.3140E+00
2.5119E+01  2.0844E+04  2.2504E+04  1.1060E+00  1.3506E+00
3.9811E+01  1.4188E+04  1.4850E+04  1.1123E+00  1.3726E+00
6.3096E+01  1.0213E+04  1.0543E+04  1.1160E+00  1.3868E+00
1.0000E+02  6.8402E+03  6.9784E+03  1.1185E+00  1.3957E+00
1.5849E+02  4.7855E+03  4.8400E+03  1.1213E+00  1.4055E+00
2.5119E+02  3.8553E+03  3.8813E+03  1.1214E+00  1.4067E+00
3.9811E+02  3.0980E+03  3.1213E+03  1.1215E+00  1.4084E+00
6.3096E+02  2.0962E+03  2.1068E+03  1.1217E+00  1.4114E+00
1.0000E+03  1.3986E+03  1.4032E+03  1.1222E+00  1.4168E+00
1.5849E+03  9.2748E+02  9.2938E+02  1.1226E+00  1.4212E+00
2.5119E+03  6.0883E+02  6.0966E+02  1.1230E+00  1.4281E+00
3.9811E+03  4.0360E+02  4.0396E+02  1.1240E+00  1.4442E+00
6.3096E+03  3.5931E+02  3.5960E+02  1.1244E+00  1.4505E+00
1.0000E+04  3.5931E+02  3.5960E+02  1.1244E+00  1.4505E+00
Rosseland and Planck opacities and free electrons
Density     Ross opa    Planck opa  No. Free    Av Sq Free  T=  1.5000E-02
1.0000E-10  6.6861E-01  3.9425E+01  1.1211E+00  1.3992E+00
1.5849E-10  7.1039E-01  4.2640E+01  1.1211E+00  1.3987E+00
2.5119E-10  7.5622E-01  4.5930E+01  1.1211E+00  1.3982E+00
3.9811E-10  8.0948E-01  4.8924E+01  1.1210E+00  1.3978E+00
6.3096E-10  8.7001E-01  5.2295E+01  1.1210E+00  1.3973E+00
1.0000E-09  9.4257E-01  5.4177E+01  1.1210E+00  1.3969E+00
1.5849E-09  1.0267E+00  5.6652E+01  1.1209E+00  1.3964E+00
2.5119E-09  1.1253E+00  5.7263E+01  1.1209E+00  1.3960E+00
3.9811E-09  1.2416E+00  5.8232E+01  1.1209E+00  1.3954E+00
6.3096E-09  1.3802E+00  5.8173E+01  1.1209E+00  1.3950E+00
1.0000E-08  1.5515E+00  5.8062E+01  1.1208E+00  1.3944E+00
1.5849E-08  1.7619E+00  5.7406E+01  1.1208E+00  1.3938E+00
2.5119E-08  2.0334E+00  5.6236E+01  1.1207E+00  1.3931E+00
3.9811E-08  2.3806E+00  5.5452E+01  1.1207E+00  1.3925E+00
6.3096E-08  2.8442E+00  5.4941E+01  1.1206E+00  1.3919E+00
1.0000E-07  3.4508E+00  5.5389E+01  1.1206E+00  1.3912E+00
1.5849E-07  4.2785E+00  5.7842E+01  1.1205E+00  1.3906E+00
2.5119E-07  5.3693E+00  6.1896E+01  1.1204E+00  1.3898E+00
3.9811E-07  6.8842E+00  6.8799E+01  1.1204E+00  1.3892E+00
6.3096E-07  8.8986E+00  7.9337E+01  1.1203E+00  1.3883E+00
1.0000E-06  1.1845E+01  9.2688E+01  1.1202E+00  1.3875E+00
1.5849E-06  1.5879E+01  1.1385E+02  1.1200E+00  1.3864E+00
2.5119E-06  2.2189E+01  1.4014E+02  1.1199E+00  1.3854E+00
3.9811E-06  3.1282E+01  1.8143E+02  1.1197E+00  1.3839E+00
6.3096E-06  4.5712E+01  2.3483E+02  1.1194E+00  1.3824E+00
1.0000E-05  6.7317E+01  3.1541E+02  1.1190E+00  1.3804E+00
1.5849E-05  1.0128E+02  4.1954E+02  1.1186E+00  1.3782E+00
2.5119E-05  1.5271E+02  5.6605E+02  1.1180E+00  1.3755E+00
3.9811E-05  2.3144E+02  7.6607E+02  1.1173E+00  1.3723E+00
6.3096E-05  3.4795E+02  1.0317E+03  1.1163E+00  1.3689E+00
1.0000E-04  5.1861E+02  1.4275E+03  1.1150E+00  1.3642E+00
1.5849E-04  7.5726E+02  1.9657E+03  1.1133E+00  1.3592E+00
2.5119E-04  1.0915E+03  2.8041E+03  1.1106E+00  1.3515E+00
3.9811E-04  1.5100E+03  3.9305E+03  1.1078E+00  1.3437E+00
6.3096E-04  2.0874E+03  5.7158E+03  1.1032E+00  1.3312E+00
1.0000E-03  2.7694E+03  7.7527E+03  1.0980E+00  1.3181E+00
1.5849E-03  3.7188E+03  1.0868E+04  1.0902E+00  1.2982E+00
2.5119E-03  4.8038E+03  1.4680E+04  1.0807E+00  1.2760E+00
3.9811E-03  6.2698E+03  2.0109E+04  1.0674E+00  1.2458E+00
6.3096E-03  7.9832E+03  2.6459E+04  1.0512E+00  1.2109E+00
1.0000E-02  9.8694E+03  3.3310E+04  1.0327E+00  1.1739E+00
1.5849E-02  1.2391E+04  4.2551E+04  1.0079E+00  1.1245E+00
2.5119E-02  1.4318E+04  4.9501E+04  9.9010E-01  1.0914E+00
3.9811E-02  1.7325E+04  6.0454E+04  9.6184E-01  1.0388E+00
6.3096E-02  1.9048E+04  6.7436E+04  9.5111E-01  1.0168E+00
1.0000E-01  2.1519E+04  7.7669E+04  9.3640E-01  9.8610E-01
1.5849E-01  2.3304E+04  8.5262E+04  9.3422E-01  9.7514E-01
2.5119E-01  2.5321E+04  9.3166E+04  9.3847E-01  9.7153E-01
3.9811E-01  2.7198E+04  9.7017E+04  9.5083E-01  9.8161E-01
6.3096E-01  2.9568E+04  1.0056E+05  9.7243E-01  1.0034E+00
1.0000E+00  3.1931E+04  9.6508E+04  9.9271E-01  1.0308E+00
1.5849E+00  3.4408E+04  8.9536E+04  1.0142E+00  1.0653E+00
2.5119E+00  3.6212E+04  7.9111E+04  1.0320E+00  1.1054E+00
3.9811E+00  3.6302E+04  6.5473E+04  1.0476E+00  1.1529E+00
6.3096E+00  3.4584E+04  5.2573E+04  1.0664E+00  1.2156E+00
1.0000E+01  3.0527E+04  4.0659E+04  1.0818E+00  1.2666E+00
1.5849E+01  2.4978E+04  2.9962E+04  1.0965E+00  1.3159E+00
2.5119E+01  1.9251E+04  2.1557E+04  1.1074E+00  1.3531E+00
3.9811E+01  1.3679E+04  1.4708E+04  1.1132E+00  1.3743E+00
6.3096E+01  9.4447E+03  9.8560E+03  1.1167E+00  1.3883E+00
1.0000E+02  6.6793E+03  6.8877E+03  1.1187E+00  1.3961E+00
1.5849E+02  4.4812E+03  4.5627E+03  1.1204E+00  1.4027E+00
2.5119E+02  3.3240E+03  3.3572E+03  1.1214E+00  1.4070E+00
3.9811E+02  2.7696E+03  2.7869E+03  1.1215E+00  1.4087E+00
6.3096E+02  2.1205E+03  2.1358E+03  1.1217E+00  1.4114E+00
1.0000E+03  1.4135E+03  1.4201E+03  1.1220E+00  1.4151E+00
1.5849E+03  9.4863E+02  9.5146E+02  1.1225E+00  1.4205E+00
2.5119E+03  6.2737E+02  6.2854E+02  1.1230E+00  1.4271E+00
3.9811E+03  4.0948E+02  4.1000E+02  1.1236E+00  1.4379E+00
6.3096E+03  2.8306E+02  2.8331E+02  1.1245E+00  1.4527E+00
1.0000E+04  2.8306E+02  2.8331E+02  1.1245E+00  1.4527E+00
Rosseland and Planck opacities and free electrons
Density     Ross opa    Planck opa  No. Free    Av Sq Free  T=  2.0000E-02
1.0000E-10  4.0745E-01  1.1422E+01  1.1218E+00  1.4095E+00
1.5849E-10  4.2375E-01  1.3624E+01  1.1218E+00  1.4089E+00
2.5119E-10  4.4226E-01  1.6437E+01  1.1218E+00  1.4082E+00
3.9811E-10  4.6517E-01  1.9242E+01  1.1217E+00  1.4076E+00
6.3096E-10  4.9233E-01  2.2116E+01  1.1217E+00  1.4070E+00
1.0000E-09  5.2479E-01  2.5205E+01  1.1216E+00  1.4063E+00
1.5849E-09  5.6412E-01  2.7303E+01  1.1216E+00  1.4056E+00
2.5119E-09  6.1060E-01  2.9846E+01  1.1215E+00  1.4047E+00
3.9811E-09  6.6985E-01  3.0500E+01  1.1215E+00  1.4039E+00
6.3096E-09  7.4144E-01  3.1469E+01  1.1214E+00  1.4028E+00
1.0000E-08  8.3201E-01  3.1537E+01  1.1213E+00  1.4021E+00
1.5849E-08  9.4530E-01  3.1645E+01  1.1213E+00  1.4010E+00
2.5119E-08  1.0923E+00  3.2556E+01  1.1212E+00  1.4003E+00
3.9811E-08  1.2865E+00  3.4121E+01  1.1211E+00  1.3994E+00
6.3096E-08  1.5449E+00  3.6501E+01  1.1211E+00  1.3988E+00
1.0000E-07  1.9002E+00  4.0221E+01  1.1210E+00  1.3980E+00
1.5849E-07  2.3834E+00  4.4501E+01  1.1210E+00  1.3973E+00
2.5119E-07  3.0487E+00  4.9549E+01  1.1209E+00  1.3967E+00
3.9811E-07  3.9614E+00  5.5765E+01  1.1209E+00  1.3959E+00
6.3096E-07  5.1891E+00  6.1746E+01  1.1208E+00  1.3953E+00
1.0000E-06  6.8968E+00  7.0042E+01  1.1207E+00  1.3943E+00
1.5849E-06  9.2036E+00  7.7052E+01  1.1207E+00  1.3936E+00
2.5119E-06  1.2433E+01  8.8008E+01  1.1205E+00  1.3925E+00
3.9811E-06  1.6956E+01  9.7607E+01  1.1204E+00  1.3918E+00
6.3096E-06  2.3331E+01  1.1282E+02  1.1203E+00  1.3905E+00
1.0000E-05  3.2558E+01  1.3064E+02  1.1201E+00  1.3895E+00
1.5849E-05  4.5725E+01  1.5752E+02  1.1199E+00  1.3881E+00
2.5119E-05  6.4897E+01  1.9451E+02  1.1196E+00  1.3867E+00
3.9811E-05  9.2586E+01  2.4983E+02  1.1192E+00  1.3849E+00
6.3096E-05  1.3223E+02  3.2940E+02  1.1187E+00  1.3827E+00
1.0000E-04  1.8834E+02  4.4561E+02  1.1180E+00  1.3800E+00
1.5849E-04  2.6582E+02  6.1512E+02  1.1171E+00  1.3765E+00
2.5119E-04  3.6699E+02  8.4667E+02  1.1160E+00  1.3727E+00
3.9811E-04  5.0352E+02  1.1966E+03  1.1144E+00  1.3672E+00
6.3096E-04  6.5768E+02  1.6338E+03  1.1126E+00  1.3618E+00
1.0000E-03  8.6757E+02  2.3269E+03  1.1099E+00  1.3532E+00
1.5849E-03  1.0801E+03  3.2353E+03  1.1066E+00  1.3447E+00
2.5119E-03  1.3791E+03  4.6690E+03  1.1014E+00  1.3313E+00
3.9811E-03  1.7058E+03  6.3958E+03  1.0950E+00  1.3164E+00
6.3096E-03  2.1624E+03  8.9440E+03  1.0854E+00  1.2950E+00
1.0000E-02  2.7016E+03  1.1945E+04  1.0745E+00  1.2711E+00
1.5849E-02  3.3950E+03  1.5745E+04  1.0609E+00  1.2424E+00
2.5119E-02  4.2755E+03  2.0536E+04  1.0450E+00  1.2078E+00
3.9811E-02  5.1822E+03  2.5290E+04  1.0326E+00  1.1786E+00
6.3096E-02  6.4762E+03  3.2077E+04  1.0155E+00  1.1376E+00
1.0000E-01  7.4259E+03  3.7334E+04  1.0093E+00  1.1164E+00
1.5849E-01  8.9196E+03  4.5469E+04  9.9947E-01  1.0826E+00
2.5119E-01  9.8228E+03  5.0136E+04  1.0000E+00  1.0745E+00
3.9811E-01  1.1213E+04  5.7327E+04  1.0011E+00  1.0624E+00
6.3096E-01  1.2354E+04  6.0148E+04  1.0078E+00  1.0687E+00
1.0000E+00  1.3965E+04  6.3008E+04  1.0179E+00  1.0802E+00
1.5849E+00  1.5739E+04  6.1568E+04  1.0289E+00  1.1025E+00
2.5119E+00  1.7772E+04  5.7776E+04  1.0413E+00  1.1336E+00
3.9811E+00  1.9748E+04  5.0237E+04  1.0554E+00  1.1764E+00
6.3096E+00  2.0901E+04  4.2188E+04  1.0706E+00  1.2263E+00
1.0000E+01  2.1053E+04  3.4386E+04  1.0885E+00  1.2861E+00
1.5849E+01  1.8908E+04  2.6359E+04  1.0994E+00  1.3230E+00
2.5119E+01  1.5631E+04  1.9266E+04  1.1089E+00  1.3557E+00
3.9811E+01  1.2117E+04  1.3789E+04  1.1148E+00  1.3774E+00
6.3096E+01  8.6739E+03  9.4718E+03  1.1177E+00  1.3901E+00
1.0000E+02  6.0973E+03  6.4242E+03  1.1208E+00  1.4015E+00
1.5849E+02  4.3033E+03  4.4589E+03  1.1212E+00  1.4038E+00
2.5119E+02  2.8840E+03  2.9439E+03  1.1214E+00  1.4058E+00
3.9811E+02  2.1522E+03  2.1763E+03  1.1215E+00  1.4082E+00
6.3096E+02  1.7949E+03  1.8071E+03  1.1218E+00  1.4115E+00
1.0000E+03  1.4614E+03  1.4735E+03  1.1223E+00  1.4173E+00
1.5849E+03  9.7092E+02  9.7608E+02  1.1226E+00  1.4217E+00
2.5119E+03  6.4772E+02  6.4990E+02  1.1231E+00  1.4284E+00
3.9811E+03  4.3332E+02  4.3423E+02  1.1242E+00  1.4466E+00
6.3096E+03  2.7912E+02  2.7953E+02  1.1246E+00  1.4540E+00
1.0000E+04  1.9578E+02  1.9598E+02  1.1248E+00  1.4594E+00
Rosseland and Planck opacities and free electrons
Density     Ross opa    Planck opa  No. Free    Av Sq Free  T=  2.5000E-02
1.0000E-10  3.4262E-01  2.4771E+00  1.1224E+00  1.4184E+00
1.5849E-10  3.4546E-01  3.0732E+00  1.1224E+00  1.4179E+00
2.5119E-10  3.5025E-01  3.3908E+00  1.1224E+00  1.4174E+00
3.9811E-10  3.5532E-01  3.8940E+00  1.1223E+00  1.4167E+00
6.3096E-10  3.6303E-01  4.1570E+00  1.1223E+00  1.4160E+00
1.0000E-09  3.7176E-01  4.4503E+00  1.1222E+00  1.4151E+00
1.5849E-09  3.8430E-01  4.7207E+00  1.1222E+00  1.4141E+00
2.5119E-09  3.9931E-01  5.0303E+00  1.1221E+00  1.4131E+00
3.9811E-09  4.1946E-01  5.4799E+00  1.1220E+00  1.4120E+00
6.3096E-09  4.4458E-01  6.1405E+00  1.1219E+00  1.4111E+00
1.0000E-08  4.7665E-01  7.0602E+00  1.1219E+00  1.4100E+00
1.5849E-08  5.1985E-01  8.1893E+00  1.1218E+00  1.4092E+00
2.5119E-08  5.7267E-01  9.8236E+00  1.1218E+00  1.4082E+00
3.9811E-08  6.4435E-01  1.1359E+01  1.1217E+00  1.4076E+00
6.3096E-08  7.3130E-01  1.3792E+01  1.1216E+00  1.4065E+00
1.0000E-07  8.5614E-01  1.5699E+01  1.1216E+00  1.4058E+00
1.5849E-07  1.0164E+00  1.8685E+01  1.1215E+00  1.4047E+00
2.5119E-07  1.2466E+00  2.1226E+01  1.1215E+00  1.4039E+00
3.9811E-07  1.5663E+00  2.4626E+01  1.1214E+00  1.4027E+00
6.3096E-07  2.0331E+00  2.7833E+01  1.1213E+00  1.4017E+00
1.0000E-06  2.7139E+00  3.1389E+01  1.1212E+00  1.4006E+00
1.5849E-06  3.7179E+00  3.5461E+01  1.1211E+00  1.3995E+00
2.5119E-06  5.1882E+00  3.9694E+01  1.1210E+00  1.3986E+00
3.9811E-06  7.3434E+00  4.5495E+01  1.1209E+00  1.3974E+00
6.3096E-06  1.0413E+01  5.1990E+01  1.1208E+00  1.3965E+00
1.0000E-05  1.4864E+01  6.1802E+01  1.1206E+00  1.3952E+00
1.5849E-05  2.1097E+01  7.3118E+01  1.1205E+00  1.3943E+00
2.5119E-05  3.0052E+01  9.1052E+01  1.1202E+00  1.3928E+00
3.9811E-05  4.2532E+01  1.1291E+02  1.1200E+00  1.3916E+00
6.3096E-05  6.0214E+01  1.4716E+02  1.1197E+00  1.3898E+00
1.0000E-04  8.4259E+01  1.9238E+02  1.1193E+00  1.3881E+00
1.5849E-04  1.1763E+02  2.6088E+02  1.1187E+00  1.3857E+00
2.5119E-04  1.6097E+02  3.5448E+02  1.1181E+00  1.3830E+00
3.9811E-04  2.1793E+02  4.9073E+02  1.1172E+00  1.3797E+00
6.3096E-04  2.8834E+02  6.8290E+02  1.1160E+00  1.3755E+00
1.0000E-03  3.7100E+02  9.4807E+02  1.1146E+00  1.3707E+00
1.5849E-03  4.7285E+02  1.3438E+03  1.1124E+00  1.3639E+00
2.5119E-03  5.7974E+02  1.8807E+03  1.1095E+00  1.3563E+00
3.9811E-03  7.2530E+02  2.7105E+03  1.1051E+00  1.3446E+00
6.3096E-03  8.7338E+02  3.6844E+03  1.0999E+00  1.3329E+00
1.0000E-02  1.0949E+03  5.2245E+03  1.0918E+00  1.3145E+00
1.5849E-02  1.3329E+03  6.8927E+03  1.0845E+00  1.2978E+00
2.5119E-02  1.6830E+03  9.3879E+03  1.0739E+00  1.2736E+00
3.9811E-02  2.0750E+03  1.2156E+04  1.0649E+00  1.2506E+00
6.3096E-02  2.5942E+03  1.5791E+04  1.0557E+00  1.2238E+00
1.0000E-01  3.1846E+03  1.9991E+04  1.0468E+00  1.1958E+00
1.5849E-01  3.8033E+03  2.4527E+04  1.0407E+00  1.1716E+00
2.5119E-01  4.5549E+03  2.9820E+04  1.0345E+00  1.1450E+00
3.9811E-01  5.2011E+03  3.4060E+04  1.0327E+00  1.1324E+00
6.3096E-01  6.0482E+03  3.8858E+04  1.0318E+00  1.1206E+00
1.0000E+00  6.9185E+03  4.1329E+04  1.0356E+00  1.1250E+00
1.5849E+00  8.0623E+03  4.2928E+04  1.0416E+00  1.1366E+00
2.5119E+00  9.5269E+03  4.2427E+04  1.0510E+00  1.1616E+00
3.9811E+00  1.1145E+04  3.8325E+04  1.0622E+00  1.1971E+00
6.3096E+00  1.2823E+04  3.3812E+04  1.0765E+00  1.2444E+00
1.0000E+01  1.3816E+04  2.8475E+04  1.0898E+00  1.2886E+00
1.5849E+01  1.3903E+04  2.2960E+04  1.1029E+00  1.3329E+00
2.5119E+01  1.2615E+04  1.7505E+04  1.1112E+00  1.3624E+00
3.9811E+01  1.0202E+04  1.2515E+04  1.1156E+00  1.3793E+00
6.3096E+01  7.8903E+03  9.0364E+03  1.1184E+00  1.3919E+00
1.0000E+02  5.6110E+03  6.1540E+03  1.1209E+00  1.4018E+00
1.5849E+02  4.0417E+03  4.2640E+03  1.1213E+00  1.4043E+00
2.5119E+02  2.7817E+03  2.8807E+03  1.1214E+00  1.4064E+00
3.9811E+02  1.8989E+03  1.9370E+03  1.1215E+00  1.4084E+00
6.3096E+02  1.4708E+03  1.4867E+03  1.1217E+00  1.4111E+00
1.0000E+03  1.2395E+03  1.2479E+03  1.1221E+00  1.4152E+00
1.5849E+03  1.0005E+03  1.0088E+03  1.1226E+00  1.4214E+00
2.5119E+03  6.6697E+02  6.7049E+02  1.1235E+00  1.4352E+00
3.9811E+03  4.4324E+02  4.4471E+02  1.1243E+00  1.4481E+00
6.3096E+03  2.9336E+02  2.9396E+02  1.1245E+00  1.4533E+00
1.0000E+04  1.8656E+02  1.8683E+02  1.1247E+00  1.4574E+00
Rosseland and Planck opacities and free electrons
Density     Ross opa    Planck opa  No. Free    Av Sq Free  T=  3.0000E-02
1.0000E-10  3.3432E-01  4.1468E-01  1.1230E+00  1.4258E+00
1.5849E-10  3.3507E-01  4.6693E-01  1.1229E+00  1.4244E+00
2.5119E-10  3.3600E-01  5.3431E-01  1.1228E+00  1.4230E+00
3.9811E-10  3.3738E-01  6.1454E-01  1.1227E+00  1.4221E+00
6.3096E-10  3.3900E-01  7.2437E-01  1.1226E+00  1.4210E+00
1.0000E-09  3.4154E-01  8.3310E-01  1.1226E+00  1.4204E+00
1.5849E-09  3.4431E-01  9.9829E-01  1.1225E+00  1.4196E+00
2.5119E-09  3.4902E-01  1.1551E+00  1.1225E+00  1.4192E+00
3.9811E-09  3.5406E-01  1.4037E+00  1.1224E+00  1.4186E+00
6.3096E-09  3.6253E-01  1.6526E+00  1.1224E+00  1.4181E+00
1.0000E-08  3.7220E-01  2.0286E+00  1.1224E+00  1.4174E+00
1.5849E-08  3.8782E-01  2.4324E+00  1.1223E+00  1.4168E+00
2.5119E-08  4.0744E-01  2.9858E+00  1.1223E+00  1.4158E+00
3.9811E-08  4.3615E-01  3.6583E+00  1.1222E+00  1.4149E+00
6.3096E-08  4.7330E-01  4.5254E+00  1.1221E+00  1.4138E+00
1.0000E-07  5.2475E-01  5.6901E+00  1.1220E+00  1.4126E+00
1.5849E-07  5.9618E-01  7.1268E+00  1.1220E+00  1.4115E+00
2.5119E-07  6.9156E-01  9.1632E+00  1.1219E+00  1.4102E+00
3.9811E-07  8.3318E-01  1.1316E+01  1.1218E+00  1.4093E+00
6.3096E-07  1.0223E+00  1.4629E+01  1.1217E+00  1.4080E+00
1.0000E-06  1.3191E+00  1.7432E+01  1.1217E+00  1.4072E+00
1.5849E-06  1.7365E+00  2.1875E+01  1.1216E+00  1.4059E+00
2.5119E-06  2.3873E+00  2.5615E+01  1.1215E+00  1.4050E+00
3.9811E-06  3.3515E+00  3.0964E+01  1.1214E+00  1.4037E+00
6.3096E-06  4.8247E+00  3.6240E+01  1.1213E+00  1.4026E+00
1.0000E-05  7.0276E+00  4.2923E+01  1.1211E+00  1.4012E+00
1.5849E-05  1.0297E+01  5.0673E+01  1.1210E+00  1.3998E+00
2.5119E-05  1.5068E+01  5.9824E+01  1.1208E+00  1.3985E+00
3.9811E-05  2.1946E+01  7.2306E+01  1.1206E+00  1.3969E+00
6.3096E-05  3.1524E+01  8.7577E+01  1.1203E+00  1.3955E+00
1.0000E-04  4.4940E+01  1.1064E+02  1.1200E+00  1.3935E+00
1.5849E-04  6.2568E+01  1.4094E+02  1.1196E+00  1.3919E+00
2.5119E-04  8.6997E+01  1.8878E+02  1.1191E+00  1.3893E+00
3.9811E-04  1.1644E+02  2.4851E+02  1.1186E+00  1.3871E+00
6.3096E-04  1.5644E+02  3.4313E+02  1.1177E+00  1.3837E+00
1.0000E-03  2.0016E+02  4.6978E+02  1.1168E+00  1.3803E+00
1.5849E-03  2.5584E+02  6.6485E+02  1.1153E+00  1.3754E+00
2.5119E-03  3.1415E+02  9.2799E+02  1.1134E+00  1.3697E+00
3.9811E-03  3.8429E+02  1.3157E+03  1.1105E+00  1.3619E+00
6.3096E-03  4.6520E+02  1.8416E+03  1.1067E+00  1.3524E+00
1.0000E-02  5.6183E+02  2.5552E+03  1.1019E+00  1.3410E+00
1.5849E-02  6.9012E+02  3.5599E+03  1.0957E+00  1.3262E+00
2.5119E-02  8.3924E+02  4.7730E+03  1.0900E+00  1.3119E+00
3.9811E-02  1.0582E+03  6.6002E+03  1.0818E+00  1.2908E+00
6.3096E-02  1.2881E+03  8.5431E+03  1.0769E+00  1.2739E+00
1.0000E-01  1.6453E+03  1.1580E+04  1.0692E+00  1.2470E+00
1.5849E-01  1.9541E+03  1.4330E+04  1.0642E+00  1.2277E+00
2.5119E-01  2.4072E+03  1.8390E+04  1.0572E+00  1.1994E+00
3.9811E-01  2.8051E+03  2.1607E+04  1.0533E+00  1.1829E+00
6.3096E-01  3.3213E+03  2.5564E+04  1.0497E+00  1.1664E+00
1.0000E+00  3.8709E+03  2.8150E+04  1.0500E+00  1.1633E+00
1.5849E+00  4.6189E+03  3.0620E+04  1.0527E+00  1.1680E+00
2.5119E+00  5.5155E+03  3.0976E+04  1.0590E+00  1.1861E+00
3.9811E+00  6.7071E+03  2.9621E+04  1.0684E+00  1.2156E+00
6.3096E+00  8.1099E+03  2.7106E+04  1.0813E+00  1.2588E+00
1.0000E+01  9.3955E+03  2.3850E+04  1.0946E+00  1.3035E+00
1.5849E+01  1.0097E+04  1.9881E+04  1.1049E+00  1.3389E+00
2.5119E+01  9.7552E+03  1.5550E+04  1.1120E+00  1.3641E+00
3.9811E+01  8.6437E+03  1.1666E+04  1.1169E+00  1.3832E+00
6.3096E+01  6.9055E+03  8.2521E+03  1.1192E+00  1.3944E+00
1.0000E+02  5.2357E+03  5.9719E+03  1.1212E+00  1.4026E+00
1.5849E+02  3.7125E+03  4.0292E+03  1.1213E+00  1.4044E+00
2.5119E+02  2.7351E+03  2.8798E+03  1.1214E+00  1.4066E+00
3.9811E+02  1.8146E+03  1.8718E+03  1.1215E+00  1.4086E+00
6.3096E+02  1.2940E+03  1.3158E+03  1.1218E+00  1.4120E+00
1.0000E+03  1.0520E+03  1.0621E+03  1.1223E+00  1.4177E+00
1.5849E+03  8.9469E+02  9.0035E+02  1.1226E+00  1.4214E+00
2.5119E+03  6.7517E+02  6.8033E+02  1.1231E+00  1.4295E+00
3.9811E+03  4.5626E+02  4.5846E+02  1.1242E+00  1.4468E+00
6.3096E+03  3.0035E+02  3.0126E+02  1.1246E+00  1.4552E+00
1.0000E+04  1.9542E+02  1.9579E+02  1.1248E+00  1.4599E+00
Rosseland and Planck opacities and free electrons
Density     Ross opa    Planck opa  No. Free    Av Sq Free  T=  4.0000E-02
1.0000E-10  3.3089E-01  8.7275E-02  1.1241E+00  1.4428E+00
1.5849E-10  3.3117E-01  1.0145E-01  1.1241E+00  1.4420E+00
2.5119E-10  3.3153E-01  1.2088E-01  1.1240E+00  1.4409E+00
3.9811E-10  3.3201E-01  1.4407E-01  1.1239E+00  1.4396E+00
6.3096E-10  3.3265E-01  1.7073E-01  1.1238E+00  1.4383E+00
1.0000E-09  3.3335E-01  2.0464E-01  1.1237E+00  1.4367E+00
1.5849E-09  3.3426E-01  2.3558E-01  1.1236E+00  1.4356E+00
2.5119E-09  3.3523E-01  2.8126E-01  1.1235E+00  1.4340E+00
3.9811E-09  3.3661E-01  3.2845E-01  1.1235E+00  1.4333E+00
6.3096E-09  3.3807E-01  4.0325E-01  1.1234E+00  1.4320E+00
1.0000E-08  3.4043E-01  4.8760E-01  1.1233E+00  1.4312E+00
1.5849E-08  3.4309E-01  6.2006E-01  1.1233E+00  1.4299E+00
2.5119E-08  3.4738E-01  7.4830E-01  1.1232E+00  1.4288E+00
3.9811E-08  3.5253E-01  9.2609E-01  1.1231E+00  1.4273E+00
6.3096E-08  3.5996E-01  1.1045E+00  1.1230E+00  1.4259E+00
1.0000E-07  3.6934E-01  1.3106E+00  1.1228E+00  1.4243E+00
1.5849E-07  3.8298E-01  1.5764E+00  1.1227E+00  1.4228E+00
2.5119E-07  4.0216E-01  1.9066E+00  1.1226E+00  1.4216E+00
3.9811E-07  4.2927E-01  2.3861E+00  1.1225E+00  1.4202E+00
6.3096E-07  4.7137E-01  3.0071E+00  1.1225E+00  1.4193E+00
1.0000E-06  5.2911E-01  3.9529E+00  1.1224E+00  1.4180E+00
1.5849E-06  6.2897E-01  5.0703E+00  1.1223E+00  1.4172E+00
2.5119E-06  7.6538E-01  6.8413E+00  1.1222E+00  1.4158E+00
3.9811E-06  1.0162E+00  8.7375E+00  1.1221E+00  1.4147E+00
6.3096E-06  1.3777E+00  1.1672E+01  1.1220E+00  1.4132E+00
1.0000E-05  2.0151E+00  1.4835E+01  1.1219E+00  1.4119E+00
1.5849E-05  2.9892E+00  1.9288E+01  1.1218E+00  1.4103E+00
2.5119E-05  4.5726E+00  2.4342E+01  1.1216E+00  1.4088E+00
3.9811E-05  7.0098E+00  3.0655E+01  1.1215E+00  1.4073E+00
6.3096E-05  1.0668E+01  3.8691E+01  1.1213E+00  1.4056E+00
1.0000E-04  1.6004E+01  4.8070E+01  1.1211E+00  1.4041E+00
1.5849E-04  2.3605E+01  6.1539E+01  1.1208E+00  1.4020E+00
2.5119E-04  3.3558E+01  7.7654E+01  1.1205E+00  1.4002E+00
3.9811E-04  4.7348E+01  1.0254E+02  1.1200E+00  1.3976E+00
6.3096E-04  6.3209E+01  1.3239E+02  1.1196E+00  1.3955E+00
1.0000E-03  8.4713E+01  1.7970E+02  1.1190E+00  1.3922E+00
1.5849E-03  1.0706E+02  2.3985E+02  1.1182E+00  1.3893E+00
2.5119E-03  1.3612E+02  3.3316E+02  1.1170E+00  1.3849E+00
3.9811E-03  1.6530E+02  4.5627E+02  1.1155E+00  1.3802E+00
6.3096E-03  2.0063E+02  6.3956E+02  1.1132E+00  1.3739E+00
1.0000E-02  2.3924E+02  8.8642E+02  1.1106E+00  1.3668E+00
1.5849E-02  2.8538E+02  1.2323E+03  1.1074E+00  1.3585E+00
2.5119E-02  3.4419E+02  1.7145E+03  1.1038E+00  1.3482E+00
3.9811E-02  4.1440E+02  2.3379E+03  1.1008E+00  1.3381E+00
6.3096E-02  5.1197E+02  3.2507E+03  1.0966E+00  1.3237E+00
1.0000E-01  6.1978E+02  4.3390E+03  1.0934E+00  1.3101E+00
1.5849E-01  7.8069E+02  6.0131E+03  1.0883E+00  1.2889E+00
2.5119E-01  9.2192E+02  7.5817E+03  1.0841E+00  1.2731E+00
3.9811E-01  1.1353E+03  1.0009E+04  1.0775E+00  1.2481E+00
6.3096E-01  1.3279E+03  1.1855E+04  1.0744E+00  1.2364E+00
1.0000E+00  1.6022E+03  1.4375E+04  1.0705E+00  1.2221E+00
1.5849E+00  1.9080E+03  1.5971E+04  1.0712E+00  1.2236E+00
2.5119E+00  2.3499E+03  1.7765E+04  1.0738E+00  1.2310E+00
3.9811E+00  2.9141E+03  1.7904E+04  1.0801E+00  1.2521E+00
6.3096E+00  3.6774E+03  1.7721E+04  1.0891E+00  1.2823E+00
1.0000E+01  4.6010E+03  1.6710E+04  1.1002E+00  1.3202E+00
1.5849E+01  5.4374E+03  1.4865E+04  1.1089E+00  1.3509E+00
2.5119E+01  5.9674E+03  1.2443E+04  1.1147E+00  1.3728E+00
3.9811E+01  5.8132E+03  9.7240E+03  1.1178E+00  1.3859E+00
6.3096E+01  5.2160E+03  7.3009E+03  1.1199E+00  1.3961E+00
1.0000E+02  4.2650E+03  5.2496E+03  1.1212E+00  1.4027E+00
1.5849E+02  3.2743E+03  3.8198E+03  1.1213E+00  1.4047E+00
2.5119E+02  2.3635E+03  2.5968E+03  1.1214E+00  1.4065E+00
3.9811E+02  1.7417E+03  1.8456E+03  1.1215E+00  1.4086E+00
6.3096E+02  1.1678E+03  1.2094E+03  1.1217E+00  1.4115E+00
1.0000E+03  8.3768E+02  8.5339E+02  1.1221E+00  1.4153E+00
1.5849E+03  6.8310E+02  6.9047E+02  1.1225E+00  1.4199E+00
2.5119E+03  5.8622E+02  5.9020E+02  1.1236E+00  1.4361E+00
3.9811E+03  4.6801E+02  4.7205E+02  1.1244E+00  1.4483E+00
6.3096E+03  3.1491E+02  3.1663E+02  1.1245E+00  1.4535E+00
1.0000E+04  2.0513E+02  2.0583E+02  1.1247E+00  1.4581E+00
Rosseland and Planck opacities and free electrons
Density     Ross opa    Planck opa  No. Free    Av Sq Free  T=  5.0000E-02
1.0000E-10  3.3032E-01  1.0699E+00  1.1244E+00  1.4482E+00
1.5849E-10  3.3027E-01  9.3323E-01  1.1244E+00  1.4476E+00
2.5119E-10  3.3043E-01  8.1499E-01  1.1244E+00  1.4472E+00
3.9811E-10  3.3054E-01  6.3636E-01  1.1243E+00  1.4466E+00
6.3096E-10  3.3079E-01  5.1299E-01  1.1243E+00  1.4462E+00
1.0000E-09  3.3110E-01  3.8005E-01  1.1243E+00  1.4457E+00
1.5849E-09  3.3154E-01  2.8225E-01  1.1243E+00  1.4453E+00
2.5119E-09  3.3213E-01  2.2576E-01  1.1242E+00  1.4448E+00
3.9811E-09  3.3282E-01  1.7744E-01  1.1242E+00  1.4444E+00
6.3096E-09  3.3377E-01  1.7297E-01  1.1242E+00  1.4438E+00
1.0000E-08  3.3489E-01  1.7263E-01  1.1241E+00  1.4431E+00
1.5849E-08  3.3659E-01  1.9804E-01  1.1241E+00  1.4423E+00
2.5119E-08  3.3853E-01  2.3763E-01  1.1240E+00  1.4410E+00
3.9811E-08  3.4125E-01  2.8999E-01  1.1239E+00  1.4399E+00
6.3096E-08  3.4429E-01  3.7297E-01  1.1238E+00  1.4382E+00
1.0000E-07  3.4887E-01  4.7116E-01  1.1237E+00  1.4369E+00
1.5849E-07  3.5438E-01  6.2234E-01  1.1236E+00  1.4352E+00
2.5119E-07  3.6196E-01  8.1110E-01  1.1235E+00  1.4340E+00
3.9811E-07  3.7156E-01  1.0869E+00  1.1234E+00  1.4326E+00
6.3096E-07  3.8566E-01  1.4460E+00  1.1233E+00  1.4312E+00
1.0000E-06  4.0482E-01  1.9381E+00  1.1232E+00  1.4298E+00
1.5849E-06  4.3270E-01  2.5907E+00  1.1231E+00  1.4282E+00
2.5119E-06  4.7358E-01  3.3718E+00  1.1230E+00  1.4267E+00
3.9811E-06  5.3291E-01  4.4748E+00  1.1228E+00  1.4247E+00
6.3096E-06  6.3090E-01  5.6031E+00  1.1227E+00  1.4232E+00
1.0000E-05  7.7139E-01  7.3531E+00  1.1226E+00  1.4210E+00
1.5849E-05  1.0399E+00  9.0645E+00  1.1225E+00  1.4198E+00
2.5119E-05  1.4355E+00  1.1776E+01  1.1223E+00  1.4179E+00
3.9811E-05  2.2099E+00  1.4707E+01  1.1222E+00  1.4165E+00
6.3096E-05  3.4017E+00  1.9100E+01  1.1220E+00  1.4146E+00
1.0000E-04  5.4880E+00  2.4192E+01  1.1218E+00  1.4129E+00
1.5849E-04  8.7211E+00  3.1255E+01  1.1216E+00  1.4109E+00
2.5119E-04  1.3515E+01  4.0270E+01  1.1213E+00  1.4088E+00
3.9811E-04  2.0422E+01  5.2092E+01  1.1210E+00  1.4068E+00
6.3096E-04  2.9689E+01  6.8632E+01  1.1207E+00  1.4042E+00
1.0000E-03  4.1040E+01  8.9790E+01  1.1203E+00  1.4019E+00
1.5849E-03  5.5975E+01  1.2149E+02  1.1197E+00  1.3986E+00
2.5119E-03  7.1515E+01  1.6126E+02  1.1189E+00  1.3956E+00
3.9811E-03  9.2886E+01  2.2406E+02  1.1177E+00  1.3909E+00
6.3096E-03  1.1182E+02  3.0001E+02  1.1164E+00  1.3870E+00
1.0000E-02  1.3800E+02  4.2024E+02  1.1144E+00  1.3807E+00
1.5849E-02  1.6335E+02  5.6943E+02  1.1127E+00  1.3753E+00
2.5119E-02  1.9700E+02  7.9479E+02  1.1103E+00  1.3678E+00
3.9811E-02  2.3539E+02  1.0881E+03  1.1083E+00  1.3601E+00
6.3096E-02  2.8516E+02  1.5095E+03  1.1062E+00  1.3509E+00
1.0000E-01  3.4475E+02  2.0709E+03  1.1037E+00  1.3396E+00
1.5849E-01  4.1574E+02  2.8185E+03  1.1006E+00  1.3265E+00
2.5119E-01  5.0503E+02  3.8168E+03  1.0967E+00  1.3099E+00
3.9811E-01  5.9754E+02  4.9301E+03  1.0927E+00  1.2952E+00
6.3096E-01  7.2213E+02  6.4441E+03  1.0876E+00  1.2763E+00
1.0000E+00  8.4611E+02  7.6859E+03  1.0858E+00  1.2697E+00
1.5849E+00  1.0199E+03  9.3553E+03  1.0837E+00  1.2621E+00
2.5119E+00  1.2358E+03  1.0465E+04  1.0859E+00  1.2693E+00
3.9811E+00  1.5468E+03  1.1457E+04  1.0898E+00  1.2821E+00
6.3096E+00  1.9840E+03  1.1975E+04  1.0965E+00  1.3057E+00
1.0000E+01  2.5303E+03  1.1903E+04  1.1042E+00  1.3324E+00
1.5849E+01  3.1549E+03  1.1236E+04  1.1116E+00  1.3588E+00
2.5119E+01  3.6524E+03  9.8256E+03  1.1160E+00  1.3763E+00
3.9811E+01  4.0001E+03  8.2254E+03  1.1192E+00  1.3909E+00
6.3096E+01  3.8207E+03  6.3465E+03  1.1202E+00  1.3971E+00
1.0000E+02  3.3737E+03  4.7200E+03  1.1209E+00  1.4017E+00
1.5849E+02  2.7759E+03  3.4539E+03  1.1213E+00  1.4045E+00
2.5119E+02  2.1236E+03  2.4816E+03  1.1214E+00  1.4067E+00
3.9811E+02  1.5580E+03  1.7067E+03  1.1215E+00  1.4088E+00
6.3096E+02  1.1223E+03  1.1881E+03  1.1218E+00  1.4126E+00
1.0000E+03  7.6615E+02  7.9224E+02  1.1223E+00  1.4175E+00
1.5849E+03  5.6662E+02  5.7657E+02  1.1227E+00  1.4225E+00
2.5119E+03  4.7209E+02  4.7705E+02  1.1232E+00  1.4299E+00
3.9811E+03  4.0736E+02  4.1010E+02  1.1242E+00  1.4477E+00
6.3096E+03  3.1942E+02  3.2216E+02  1.1246E+00  1.4548E+00
1.0000E+04  2.1392E+02  2.1507E+02  1.1248E+00  1.4600E+00
Rosseland and Planck opacities and free electrons
Density     Ross opa    Planck opa  No. Free    Av Sq Free  T=  6.0000E-02
1.0000E-10  3.3155E-01  1.0652E+00  1.1246E+00  1.4537E+00
1.5849E-10  3.3162E-01  9.3685E-01  1.1246E+00  1.4531E+00
2.5119E-10  3.3164E-01  7.8505E-01  1.1246E+00  1.4525E+00
3.9811E-10  3.3177E-01  6.7082E-01  1.1246E+00  1.4520E+00
6.3096E-10  3.3183E-01  5.1929E-01  1.1245E+00  1.4512E+00
1.0000E-09  3.3206E-01  4.6374E-01  1.1245E+00  1.4507E+00
1.5849E-09  3.3214E-01  3.7570E-01  1.1245E+00  1.4500E+00
2.5119E-09  3.3251E-01  3.5788E-01  1.1245E+00  1.4496E+00
3.9811E-09  3.3281E-01  3.3013E-01  1.1244E+00  1.4490E+00
6.3096E-09  3.3334E-01  3.1315E-01  1.1244E+00  1.4485E+00
1.0000E-08  3.3402E-01  2.9340E-01  1.1244E+00  1.4479E+00
1.5849E-08  3.3495E-01  2.7351E-01  1.1244E+00  1.4474E+00
2.5119E-08  3.3618E-01  2.4960E-01  1.1243E+00  1.4468E+00
3.9811E-08  3.3769E-01  2.3107E-01  1.1243E+00  1.4461E+00
6.3096E-08  3.3974E-01  2.2792E-01  1.1243E+00  1.4456E+00
1.0000E-07  3.4227E-01  2.3457E-01  1.1242E+00  1.4448E+00
1.5849E-07  3.4598E-01  2.7780E-01  1.1242E+00  1.4442E+00
2.5119E-07  3.5049E-01  3.4683E-01  1.1241E+00  1.4432E+00
3.9811E-07  3.5674E-01  4.6020E-01  1.1241E+00  1.4423E+00
6.3096E-07  3.6427E-01  6.3988E-01  1.1240E+00  1.4409E+00
1.0000E-06  3.7517E-01  8.6285E-01  1.1239E+00  1.4397E+00
1.5849E-06  3.8872E-01  1.2136E+00  1.1238E+00  1.4379E+00
2.5119E-06  4.0858E-01  1.6428E+00  1.1237E+00  1.4365E+00
3.9811E-06  4.3500E-01  2.2821E+00  1.1236E+00  1.4347E+00
6.3096E-06  4.7581E-01  3.1055E+00  1.1234E+00  1.4331E+00
1.0000E-05  5.3413E-01  4.2663E+00  1.1233E+00  1.4315E+00
1.5849E-05  6.2677E-01  5.7837E+00  1.1232E+00  1.4297E+00
2.5119E-05  7.7178E-01  7.6942E+00  1.1230E+00  1.4279E+00
3.9811E-05  1.0052E+00  1.0276E+01  1.1228E+00  1.4258E+00
6.3096E-05  1.4157E+00  1.2914E+01  1.1227E+00  1.4239E+00
1.0000E-04  2.0611E+00  1.6856E+01  1.1224E+00  1.4213E+00
1.5849E-04  3.2935E+00  2.0570E+01  1.1223E+00  1.4196E+00
2.5119E-04  5.1587E+00  2.6457E+01  1.1220E+00  1.4168E+00
3.9811E-04  8.3833E+00  3.2925E+01  1.1218E+00  1.4149E+00
6.3096E-04  1.3180E+01  4.2919E+01  1.1215E+00  1.4122E+00
1.0000E-03  1.9692E+01  5.5054E+01  1.1211E+00  1.4099E+00
1.5849E-03  2.8831E+01  7.2825E+01  1.1207E+00  1.4069E+00
2.5119E-03  3.9515E+01  9.5909E+01  1.1201E+00  1.4037E+00
3.9811E-03  5.2600E+01  1.2806E+02  1.1192E+00  1.4002E+00
6.3096E-03  6.7930E+01  1.7279E+02  1.1181E+00  1.3959E+00
1.0000E-02  8.4522E+01  2.3272E+02  1.1169E+00  1.3916E+00
1.5849E-02  1.0561E+02  3.2087E+02  1.1153E+00  1.3859E+00
2.5119E-02  1.2662E+02  4.3404E+02  1.1141E+00  1.3809E+00
3.9811E-02  1.5614E+02  6.0857E+02  1.1123E+00  1.3734E+00
6.3096E-02  1.8538E+02  8.2213E+02  1.1111E+00  1.3671E+00
1.0000E-01  2.2786E+02  1.1565E+03  1.1092E+00  1.3571E+00
1.5849E-01  2.6917E+02  1.5475E+03  1.1071E+00  1.3477E+00
2.5119E-01  3.2663E+02  2.1399E+03  1.1039E+00  1.3338E+00
3.9811E-01  3.8413E+02  2.7936E+03  1.1010E+00  1.3220E+00
6.3096E-01  4.5728E+02  3.6894E+03  1.0972E+00  1.3080E+00
1.0000E+00  5.3904E+02  4.6140E+03  1.0948E+00  1.2987E+00
1.5849E+00  6.3868E+02  5.6660E+03  1.0938E+00  1.2947E+00
2.5119E+00  7.6860E+02  6.6986E+03  1.0944E+00  1.2965E+00
3.9811E+00  9.5455E+02  7.6219E+03  1.0975E+00  1.3069E+00
6.3096E+00  1.2089E+03  8.2797E+03  1.1020E+00  1.3228E+00
1.0000E+01  1.5618E+03  8.7446E+03  1.1082E+00  1.3451E+00
1.5849E+01  1.9874E+03  8.6464E+03  1.1140E+00  1.3663E+00
2.5119E+01  2.4161E+03  7.9935E+03  1.1177E+00  1.3815E+00
3.9811E+01  2.6926E+03  6.7694E+03  1.1192E+00  1.3901E+00
6.3096E+01  2.8075E+03  5.5277E+03  1.1205E+00  1.3977E+00
1.0000E+02  2.6809E+03  4.2683E+03  1.1212E+00  1.4027E+00
1.5849E+02  2.3022E+03  3.1396E+03  1.1213E+00  1.4050E+00
2.5119E+02  1.8781E+03  2.3303E+03  1.1214E+00  1.4068E+00
3.9811E+02  1.4171E+03  1.6344E+03  1.1215E+00  1.4091E+00
6.3096E+02  1.0549E+03  1.1455E+03  1.1218E+00  1.4127E+00
1.0000E+03  7.3182E+02  7.7021E+02  1.1221E+00  1.4160E+00
1.5849E+03  5.1301E+02  5.2799E+02  1.1226E+00  1.4216E+00
2.5119E+03  4.0183E+02  4.0780E+02  1.1237E+00  1.4370E+00
3.9811E+03  3.4088E+02  3.4408E+02  1.1244E+00  1.4487E+00
6.3096E+03  2.9192E+02  2.9379E+02  1.1245E+00  1.4538E+00
1.0000E+04  2.1814E+02  2.1985E+02  1.1247E+00  1.4581E+00
Rosseland and Planck opacities and free electrons
Density     Ross opa    Planck opa  No. Free    Av Sq Free  T=  7.0000E-02
1.0000E-10  3.3017E-01  1.3985E-01  1.1248E+00  1.4579E+00
1.5849E-10  3.3038E-01  1.5763E-01  1.1248E+00  1.4576E+00
2.5119E-10  3.3054E-01  1.8581E-01  1.1247E+00  1.4569E+00
3.9811E-10  3.3080E-01  2.1063E-01  1.1247E+00  1.4565E+00
6.3096E-10  3.3105E-01  2.4517E-01  1.1247E+00  1.4559E+00
1.0000E-09  3.3138E-01  2.7217E-01  1.1247E+00  1.4554E+00
1.5849E-09  3.3174E-01  2.9754E-01  1.1247E+00  1.4549E+00
2.5119E-09  3.3212E-01  3.1322E-01  1.1247E+00  1.4543E+00
3.9811E-09  3.3258E-01  3.0657E-01  1.1246E+00  1.4538E+00
6.3096E-09  3.3305E-01  2.9498E-01  1.1246E+00  1.4531E+00
1.0000E-08  3.3368E-01  2.7389E-01  1.1246E+00  1.4525E+00
1.5849E-08  3.3433E-01  2.4608E-01  1.1245E+00  1.4517E+00
2.5119E-08  3.3526E-01  2.4164E-01  1.1245E+00  1.4511E+00
3.9811E-08  3.3629E-01  2.3460E-01  1.1245E+00  1.4503E+00
6.3096E-08  3.3779E-01  2.5231E-01  1.1245E+00  1.4498E+00
1.0000E-07  3.3957E-01  2.8110E-01  1.1244E+00  1.4491E+00
1.5849E-07  3.4211E-01  3.1132E-01  1.1244E+00  1.4485E+00
2.5119E-07  3.4528E-01  3.5465E-01  1.1244E+00  1.4478E+00
3.9811E-07  3.4941E-01  4.0531E-01  1.1243E+00  1.4471E+00
6.3096E-07  3.5461E-01  4.7270E-01  1.1243E+00  1.4464E+00
1.0000E-06  3.6148E-01  5.7155E-01  1.1243E+00  1.4455E+00
1.5849E-06  3.7071E-01  7.1669E-01  1.1242E+00  1.4447E+00
2.5119E-06  3.8310E-01  9.3558E-01  1.1241E+00  1.4436E+00
3.9811E-06  4.0059E-01  1.2487E+00  1.1241E+00  1.4426E+00
6.3096E-06  4.2385E-01  1.7279E+00  1.1240E+00  1.4410E+00
1.0000E-05  4.5843E-01  2.3311E+00  1.1239E+00  1.4397E+00
1.5849E-05  5.0482E-01  3.2873E+00  1.1237E+00  1.4376E+00
2.5119E-05  5.8067E-01  4.3694E+00  1.1236E+00  1.4361E+00
3.9811E-05  6.8730E-01  6.0559E+00  1.1234E+00  1.4340E+00
6.3096E-05  8.7328E-01  7.9525E+00  1.1233E+00  1.4322E+00
1.0000E-04  1.1545E+00  1.0681E+01  1.1231E+00  1.4301E+00
1.5849E-04  1.6579E+00  1.3776E+01  1.1229E+00  1.4280E+00
2.5119E-04  2.4743E+00  1.7674E+01  1.1227E+00  1.4257E+00
3.9811E-04  3.8608E+00  2.2663E+01  1.1224E+00  1.4231E+00
6.3096E-04  6.1426E+00  2.8607E+01  1.1222E+00  1.4206E+00
1.0000E-03  9.6137E+00  3.7266E+01  1.1218E+00  1.4174E+00
1.5849E-03  1.4754E+01  4.8267E+01  1.1215E+00  1.4148E+00
2.5119E-03  2.2123E+01  6.5121E+01  1.1209E+00  1.4109E+00
3.9811E-03  3.0571E+01  8.4326E+01  1.1203E+00  1.4080E+00
6.3096E-03  4.2685E+01  1.1472E+02  1.1193E+00  1.4034E+00
1.0000E-02  5.4350E+01  1.4988E+02  1.1184E+00  1.3998E+00
1.5849E-02  7.0480E+01  2.0388E+02  1.1172E+00  1.3947E+00
2.5119E-02  8.6943E+01  2.7256E+02  1.1162E+00  1.3901E+00
3.9811E-02  1.0803E+02  3.7367E+02  1.1151E+00  1.3844E+00
6.3096E-02  1.3196E+02  5.0933E+02  1.1140E+00  1.3781E+00
1.0000E-01  1.6077E+02  7.0050E+02  1.1127E+00  1.3707E+00
1.5849E-01  1.9527E+02  9.6004E+02  1.1110E+00  1.3614E+00
2.5119E-01  2.3220E+02  1.2921E+03  1.1087E+00  1.3516E+00
3.9811E-01  2.7922E+02  1.7575E+03  1.1058E+00  1.3389E+00
6.3096E-01  3.2431E+02  2.2717E+03  1.1036E+00  1.3303E+00
1.0000E+00  3.8598E+02  3.0084E+03  1.1007E+00  1.3185E+00
1.5849E+00  4.4906E+02  3.6578E+03  1.1006E+00  1.3176E+00
2.5119E+00  5.3439E+02  4.5640E+03  1.1006E+00  1.3169E+00
3.9811E+00  6.5183E+02  5.2300E+03  1.1030E+00  1.3253E+00
6.3096E+00  8.1861E+02  5.9962E+03  1.1065E+00  1.3377E+00
1.0000E+01  1.0446E+03  6.4965E+03  1.1109E+00  1.3540E+00
1.5849E+01  1.3192E+03  6.6314E+03  1.1150E+00  1.3695E+00
2.5119E+01  1.6331E+03  6.3902E+03  1.1181E+00  1.3828E+00
3.9811E+01  1.9011E+03  5.6896E+03  1.1197E+00  1.3911E+00
6.3096E+01  2.1175E+03  4.8293E+03  1.1208E+00  1.3983E+00
1.0000E+02  2.0738E+03  3.8102E+03  1.1211E+00  1.4016E+00
1.5849E+02  1.9017E+03  2.8760E+03  1.1213E+00  1.4047E+00
2.5119E+02  1.6241E+03  2.1381E+03  1.1214E+00  1.4070E+00
3.9811E+02  1.2884E+03  1.5630E+03  1.1216E+00  1.4095E+00
6.3096E+02  9.6579E+02  1.0839E+03  1.1219E+00  1.4129E+00
1.0000E+03  7.1031E+02  7.6218E+02  1.1224E+00  1.4190E+00
1.5849E+03  4.8698E+02  5.0798E+02  1.1227E+00  1.4229E+00
2.5119E+03  3.5610E+02  3.6407E+02  1.1233E+00  1.4329E+00
3.9811E+03  2.9707E+02  3.0080E+02  1.1244E+00  1.4505E+00
6.3096E+03  2.5303E+02  2.5508E+02  1.1245E+00  1.4540E+00
1.0000E+04  2.1262E+02  2.1411E+02  1.1247E+00  1.4575E+00
Rosseland and Planck opacities and free electrons
Density     Ross opa    Planck opa  No. Free    Av Sq Free  T=  8.0000E-02
1.0000E-10  3.2940E-01  4.2578E-02  1.1249E+00  1.4620E+00
1.5849E-10  3.2975E-01  5.4506E-02  1.1249E+00  1.4615E+00
2.5119E-10  3.3011E-01  6.7707E-02  1.1249E+00  1.4610E+00
3.9811E-10  3.3051E-01  8.3687E-02  1.1248E+00  1.4603E+00
6.3096E-10  3.3095E-01  9.9797E-02  1.1248E+00  1.4599E+00
1.0000E-09  3.3137E-01  1.2264E-01  1.1248E+00  1.4592E+00
1.5849E-09  3.3188E-01  1.4761E-01  1.1248E+00  1.4587E+00
2.5119E-09  3.3234E-01  1.8581E-01  1.1248E+00  1.4580E+00
3.9811E-09  3.3295E-01  2.1953E-01  1.1248E+00  1.4576E+00
6.3096E-09  3.3351E-01  2.7296E-01  1.1247E+00  1.4569E+00
1.0000E-08  3.3425E-01  3.1189E-01  1.1247E+00  1.4564E+00
1.5849E-08  3.3499E-01  3.6642E-01  1.1247E+00  1.4557E+00
2.5119E-08  3.3586E-01  4.0579E-01  1.1247E+00  1.4552E+00
3.9811E-08  3.3684E-01  4.4494E-01  1.1247E+00  1.4545E+00
6.3096E-08  3.3798E-01  4.7794E-01  1.1246E+00  1.4538E+00
1.0000E-07  3.3941E-01  4.9980E-01  1.1246E+00  1.4532E+00
1.5849E-07  3.4115E-01  5.2545E-01  1.1246E+00  1.4524E+00
2.5119E-07  3.4352E-01  5.4712E-01  1.1245E+00  1.4517E+00
3.9811E-07  3.4646E-01  5.7884E-01  1.1245E+00  1.4508E+00
6.3096E-07  3.5039E-01  6.1604E-01  1.1245E+00  1.4502E+00
1.0000E-06  3.5535E-01  6.7455E-01  1.1244E+00  1.4493E+00
1.5849E-06  3.6237E-01  7.5021E-01  1.1244E+00  1.4487E+00
2.5119E-06  3.7129E-01  8.7012E-01  1.1244E+00  1.4478E+00
3.9811E-06  3.8374E-01  1.0310E+00  1.1243E+00  1.4471E+00
6.3096E-06  4.0003E-01  1.2800E+00  1.1243E+00  1.4460E+00
1.0000E-05  4.2338E-01  1.6203E+00  1.1242E+00  1.4451E+00
1.5849E-05  4.5524E-01  2.1284E+00  1.1241E+00  1.4439E+00
2.5119E-05  5.0205E-01  2.8285E+00  1.1240E+00  1.4425E+00
3.9811E-05  5.6960E-01  3.8136E+00  1.1239E+00  1.4410E+00
6.3096E-05  6.7157E-01  5.1792E+00  1.1238E+00  1.4391E+00
1.0000E-04  8.3182E-01  6.8731E+00  1.1236E+00  1.4373E+00
1.5849E-04  1.0779E+00  9.3415E+00  1.1234E+00  1.4348E+00
2.5119E-04  1.5068E+00  1.1936E+01  1.1232E+00  1.4330E+00
3.9811E-04  2.1522E+00  1.6049E+01  1.1230E+00  1.4301E+00
6.3096E-04  3.3524E+00  2.0185E+01  1.1228E+00  1.4282E+00
1.0000E-03  5.1639E+00  2.6734E+01  1.1225E+00  1.4251E+00
1.5849E-03  8.1059E+00  3.4603E+01  1.1221E+00  1.4224E+00
2.5119E-03  1.2501E+01  4.6407E+01  1.1217E+00  1.4188E+00
3.9811E-03  1.8362E+01  6.0812E+01  1.1211E+00  1.4154E+00
6.3096E-03  2.6432E+01  8.0764E+01  1.1203E+00  1.4114E+00
1.0000E-02  3.6238E+01  1.0700E+02  1.1195E+00  1.4070E+00
1.5849E-02  4.7895E+01  1.4133E+02  1.1187E+00  1.4028E+00
2.5119E-02  6.2644E+01  1.9031E+02  1.1176E+00  1.3975E+00
3.9811E-02  7.8201E+01  2.5320E+02  1.1169E+00  1.3930E+00
6.3096E-02  9.9503E+01  3.4799E+02  1.1159E+00  1.3863E+00
1.0000E-01  1.2063E+02  4.6579E+02  1.1150E+00  1.3805E+00
1.5849E-01  1.5112E+02  6.5027E+02  1.1134E+00  1.3712E+00
2.5119E-01  1.7782E+02  8.5411E+02  1.1118E+00  1.3639E+00
3.9811E-01  2.1520E+02  1.1682E+03  1.1093E+00  1.3525E+00
6.3096E-01  2.4935E+02  1.5140E+03  1.1077E+00  1.3452E+00
1.0000E+00  2.9276E+02  2.0032E+03  1.1057E+00  1.3367E+00
1.5849E+00  3.4080E+02  2.5166E+03  1.1051E+00  1.3336E+00
2.5119E+00  4.0072E+02  3.1554E+03  1.1056E+00  1.3342E+00
3.9811E+00  4.7973E+02  3.7592E+03  1.1071E+00  1.3392E+00
6.3096E+00  5.9439E+02  4.4419E+03  1.1099E+00  1.3493E+00
1.0000E+01  7.4143E+02  4.9019E+03  1.1129E+00  1.3606E+00
1.5849E+01  9.3774E+02  5.2435E+03  1.1164E+00  1.3742E+00
2.5119E+01  1.1724E+03  5.2392E+03  1.1189E+00  1.3855E+00
3.9811E+01  1.4046E+03  4.8594E+03  1.1202E+00  1.3926E+00
6.3096E+01  1.5616E+03  4.1424E+03  1.1207E+00  1.3975E+00
1.0000E+02  1.6330E+03  3.4090E+03  1.1211E+00  1.4019E+00
1.5849E+02  1.5787E+03  2.6600E+03  1.1213E+00  1.4051E+00
2.5119E+02  1.3935E+03  1.9800E+03  1.1214E+00  1.4068E+00
3.9811E+02  1.1635E+03  1.4877E+03  1.1216E+00  1.4099E+00
6.3096E+02  8.9300E+02  1.0452E+03  1.1219E+00  1.4134E+00
1.0000E+03  6.7476E+02  7.4029E+02  1.1224E+00  1.4188E+00
1.5849E+03  4.7001E+02  4.9763E+02  1.1227E+00  1.4233E+00
2.5119E+03  3.3258E+02  3.4349E+02  1.1232E+00  1.4304E+00
3.9811E+03  2.5955E+02  2.6375E+02  1.1240E+00  1.4429E+00
6.3096E+03  2.2137E+02  2.2370E+02  1.1245E+00  1.4533E+00
1.0000E+04  1.8924E+02  1.9055E+02  1.1248E+00  1.4601E+00
Rosseland and Planck opacities and free electrons
Density     Ross opa    Planck opa  No. Free    Av Sq Free  T=  9.0000E-02
1.0000E-10  3.2849E-01  1.6021E-02  1.1250E+00  1.4650E+00
1.5849E-10  3.2871E-01  2.2700E-02  1.1250E+00  1.4646E+00
2.5119E-10  3.2902E-01  3.4445E-02  1.1249E+00  1.4643E+00
3.9811E-10  3.2933E-01  5.2955E-02  1.1249E+00  1.4637E+00
6.3096E-10  3.2981E-01  7.5871E-02  1.1249E+00  1.4633E+00
1.0000E-09  3.3027E-01  1.1219E-01  1.1249E+00  1.4627E+00
1.5849E-09  3.3093E-01  1.4297E-01  1.1249E+00  1.4622E+00
2.5119E-09  3.3157E-01  1.8578E-01  1.1249E+00  1.4616E+00
3.9811E-09  3.3241E-01  2.1664E-01  1.1249E+00  1.4610E+00
6.3096E-09  3.3325E-01  2.4340E-01  1.1248E+00  1.4604E+00
1.0000E-08  3.3424E-01  2.6720E-01  1.1248E+00  1.4597E+00
1.5849E-08  3.3530E-01  2.8201E-01  1.1248E+00  1.4592E+00
2.5119E-08  3.3645E-01  3.0223E-01  1.1248E+00  1.4585E+00
3.9811E-08  3.3777E-01  3.2607E-01  1.1248E+00  1.4579E+00
6.3096E-08  3.3912E-01  3.6073E-01  1.1247E+00  1.4572E+00
1.0000E-07  3.4079E-01  3.9522E-01  1.1247E+00  1.4566E+00
1.5849E-07  3.4250E-01  4.4988E-01  1.1247E+00  1.4558E+00
2.5119E-07  3.4477E-01  4.9572E-01  1.1247E+00  1.4553E+00
3.9811E-07  3.4733E-01  5.6788E-01  1.1246E+00  1.4544E+00
6.3096E-07  3.5054E-01  6.3980E-01  1.1246E+00  1.4538E+00
1.0000E-06  3.5453E-01  7.4204E-01  1.1246E+00  1.4529E+00
1.5849E-06  3.5967E-01  8.4394E-01  1.1246E+00  1.4521E+00
2.5119E-06  3.6646E-01  9.6431E-01  1.1245E+00  1.4513E+00
3.9811E-06  3.7562E-01  1.1049E+00  1.1245E+00  1.4504E+00
6.3096E-06  3.8807E-01  1.2581E+00  1.1244E+00  1.4496E+00
1.0000E-05  4.0505E-01  1.4753E+00  1.1244E+00  1.4486E+00
1.5849E-05  4.2873E-01  1.7456E+00  1.1243E+00  1.4478E+00
2.5119E-05  4.6124E-01  2.1606E+00  1.1243E+00  1.4466E+00
3.9811E-05  5.0948E-01  2.7076E+00  1.1242E+00  1.4456E+00
6.3096E-05  5.7633E-01  3.5745E+00  1.1241E+00  1.4441E+00
1.0000E-04  6.8364E-01  4.6265E+00  1.1240E+00  1.4428E+00
1.5849E-04  8.3739E-01  6.2777E+00  1.1238E+00  1.4408E+00
2.5119E-04  1.0959E+00  8.1919E+00  1.1237E+00  1.4391E+00
3.9811E-04  1.4886E+00  1.0990E+01  1.1235E+00  1.4367E+00
6.3096E-04  2.1590E+00  1.4478E+01  1.1233E+00  1.4344E+00
1.0000E-03  3.2239E+00  1.9266E+01  1.1230E+00  1.4318E+00
1.5849E-03  4.9403E+00  2.5621E+01  1.1227E+00  1.4288E+00
2.5119E-03  7.6375E+00  3.3750E+01  1.1223E+00  1.4259E+00
3.9811E-03  1.1596E+01  4.5364E+01  1.1218E+00  1.4221E+00
6.3096E-03  1.7080E+01  5.9476E+01  1.1212E+00  1.4187E+00
1.0000E-02  2.4929E+01  8.0927E+01  1.1203E+00  1.4137E+00
1.5849E-02  3.3636E+01  1.0454E+02  1.1197E+00  1.4101E+00
2.5119E-02  4.6326E+01  1.4187E+02  1.1188E+00  1.4044E+00
3.9811E-02  5.8819E+01  1.8484E+02  1.1182E+00  1.4002E+00
6.3096E-02  7.6380E+01  2.5094E+02  1.1174E+00  1.3941E+00
1.0000E-01  9.4598E+01  3.3336E+02  1.1166E+00  1.3883E+00
1.5849E-01  1.1795E+02  4.5426E+02  1.1154E+00  1.3808E+00
2.5119E-01  1.4270E+02  6.0549E+02  1.1139E+00  1.3730E+00
3.9811E-01  1.7081E+02  8.0989E+02  1.1121E+00  1.3644E+00
6.3096E-01  2.0174E+02  1.0756E+03  1.1103E+00  1.3558E+00
1.0000E+00  2.3277E+02  1.3977E+03  1.1093E+00  1.3505E+00
1.5849E+00  2.7124E+02  1.8203E+03  1.1083E+00  1.3454E+00
2.5119E+00  3.1438E+02  2.2669E+03  1.1090E+00  1.3469E+00
3.9811E+00  3.7098E+02  2.8117E+03  1.1102E+00  1.3500E+00
6.3096E+00  4.4973E+02  3.3190E+03  1.1122E+00  1.3575E+00
1.0000E+01  5.5458E+02  3.8174E+03  1.1146E+00  1.3668E+00
1.5849E+01  6.9678E+02  4.2086E+03  1.1174E+00  1.3778E+00
2.5119E+01  8.5922E+02  4.2554E+03  1.1190E+00  1.3859E+00
3.9811E+01  1.0423E+03  4.0783E+03  1.1202E+00  1.3927E+00
6.3096E+01  1.1926E+03  3.6087E+03  1.1208E+00  1.3975E+00
1.0000E+02  1.3100E+03  3.0601E+03  1.1212E+00  1.4022E+00
1.5849E+02  1.2940E+03  2.4368E+03  1.1213E+00  1.4049E+00
2.5119E+02  1.1921E+03  1.8410E+03  1.1214E+00  1.4073E+00
3.9811E+02  1.0330E+03  1.3872E+03  1.1216E+00  1.4100E+00
6.3096E+02  8.2711E+02  1.0103E+03  1.1222E+00  1.4158E+00
1.0000E+03  6.2953E+02  7.0859E+02  1.1224E+00  1.4194E+00
1.5849E+03  4.5610E+02  4.9078E+02  1.1227E+00  1.4228E+00
2.5119E+03  3.1789E+02  3.3193E+02  1.1232E+00  1.4309E+00
3.9811E+03  2.3641E+02  2.4181E+02  1.1239E+00  1.4418E+00
6.3096E+03  1.9825E+02  2.0077E+02  1.1245E+00  1.4545E+00
1.0000E+04  1.7098E+02  1.7242E+02  1.1248E+00  1.4598E+00
Rosseland and Planck opacities and free electrons
Density     Ross opa    Planck opa  No. Free    Av Sq Free  T=  1.0000E-01
1.0000E-10  3.2792E-01  4.6301E-03  1.1250E+00  1.4665E+00
1.5849E-10  3.2801E-01  6.0494E-03  1.1250E+00  1.4663E+00
2.5119E-10  3.2817E-01  7.2170E-03  1.1250E+00  1.4661E+00
3.9811E-10  3.2835E-01  8.8257E-03  1.1250E+00  1.4658E+00
6.3096E-10  3.2861E-01  1.0906E-02  1.1250E+00  1.4655E+00
1.0000E-09  3.2892E-01  1.3923E-02  1.1250E+00  1.4652E+00
1.5849E-09  3.2938E-01  1.8333E-02  1.1250E+00  1.4648E+00
2.5119E-09  3.2995E-01  2.4866E-02  1.1249E+00  1.4644E+00
3.9811E-09  3.3068E-01  3.4077E-02  1.1249E+00  1.4639E+00
6.3096E-09  3.3159E-01  4.5792E-02  1.1249E+00  1.4634E+00
1.0000E-08  3.3261E-01  6.2980E-02  1.1249E+00  1.4627E+00
1.5849E-08  3.3399E-01  8.1196E-02  1.1249E+00  1.4622E+00
2.5119E-08  3.3528E-01  1.1007E-01  1.1249E+00  1.4614E+00
3.9811E-08  3.3715E-01  1.3537E-01  1.1249E+00  1.4609E+00
6.3096E-08  3.3884E-01  1.7523E-01  1.1248E+00  1.4602E+00
1.0000E-07  3.4103E-01  2.1103E-01  1.1248E+00  1.4596E+00
1.5849E-07  3.4318E-01  2.6022E-01  1.1248E+00  1.4589E+00
2.5119E-07  3.4583E-01  3.1018E-01  1.1248E+00  1.4582E+00
3.9811E-07  3.4869E-01  3.7024E-01  1.1247E+00  1.4575E+00
6.3096E-07  3.5204E-01  4.4195E-01  1.1247E+00  1.4568E+00
1.0000E-06  3.5594E-01  5.2304E-01  1.1247E+00  1.4561E+00
1.5849E-06  3.6056E-01  6.3179E-01  1.1247E+00  1.4552E+00
2.5119E-06  3.6639E-01  7.4707E-01  1.1246E+00  1.4545E+00
3.9811E-06  3.7365E-01  9.1588E-01  1.1246E+00  1.4535E+00
6.3096E-06  3.8330E-01  1.0685E+00  1.1246E+00  1.4528E+00
1.0000E-05  3.9583E-01  1.3105E+00  1.1245E+00  1.4517E+00
1.5849E-05  4.1349E-01  1.5230E+00  1.1245E+00  1.4510E+00
2.5119E-05  4.3747E-01  1.8512E+00  1.1244E+00  1.4499E+00
3.9811E-05  4.7270E-01  2.2385E+00  1.1244E+00  1.4490E+00
6.3096E-05  5.2200E-01  2.8081E+00  1.1243E+00  1.4478E+00
1.0000E-04  5.9701E-01  3.5678E+00  1.1242E+00  1.4466E+00
1.5849E-04  7.0711E-01  4.6612E+00  1.1241E+00  1.4453E+00
2.5119E-04  8.7918E-01  6.1476E+00  1.1240E+00  1.4436E+00
3.9811E-04  1.1477E+00  8.1178E+00  1.1238E+00  1.4419E+00
6.3096E-04  1.5699E+00  1.0914E+01  1.1236E+00  1.4396E+00
1.0000E-03  2.2658E+00  1.4250E+01  1.1234E+00  1.4375E+00
1.5849E-03  3.3383E+00  1.9347E+01  1.1231E+00  1.4343E+00
2.5119E-03  5.1067E+00  2.5318E+01  1.1228E+00  1.4319E+00
3.9811E-03  7.7674E+00  3.4773E+01  1.1223E+00  1.4280E+00
6.3096E-03  1.1618E+01  4.5182E+01  1.1218E+00  1.4250E+00
1.0000E-02  1.7298E+01  6.1219E+01  1.1211E+00  1.4205E+00
1.5849E-02  2.4352E+01  8.0017E+01  1.1205E+00  1.4166E+00
2.5119E-02  3.4092E+01  1.0713E+02  1.1199E+00  1.4117E+00
3.9811E-02  4.5461E+01  1.4156E+02  1.1192E+00  1.4068E+00
6.3096E-02  5.9496E+01  1.8842E+02  1.1186E+00  1.4014E+00
1.0000E-01  7.6547E+01  2.5255E+02  1.1178E+00  1.3950E+00
1.5849E-01  9.5467E+01  3.3615E+02  1.1168E+00  1.3886E+00
2.5119E-01  1.1878E+02  4.5434E+02  1.1154E+00  1.3802E+00
3.9811E-01  1.4009E+02  5.9291E+02  1.1141E+00  1.3735E+00
6.3096E-01  1.6769E+02  8.0113E+02  1.1123E+00  1.3640E+00
1.0000E+00  1.9088E+02  1.0245E+03  1.1117E+00  1.3605E+00
1.5849E+00  2.2235E+02  1.3648E+03  1.1108E+00  1.3551E+00
2.5119E+00  2.5440E+02  1.6936E+03  1.1114E+00  1.3564E+00
3.9811E+00  2.9700E+02  2.1619E+03  1.1125E+00  1.3588E+00
6.3096E+00  3.5250E+02  2.5588E+03  1.1140E+00  1.3641E+00
1.0000E+01  4.3062E+02  3.0479E+03  1.1161E+00  1.3721E+00
1.5849E+01  5.2914E+02  3.3523E+03  1.1178E+00  1.3796E+00
2.5119E+01  6.5329E+02  3.5180E+03  1.1194E+00  1.3872E+00
3.9811E+01  7.9918E+02  3.4719E+03  1.1204E+00  1.3935E+00
6.3096E+01  9.3606E+02  3.1751E+03  1.1209E+00  1.3980E+00
1.0000E+02  1.0464E+03  2.7315E+03  1.1211E+00  1.4019E+00
1.5849E+02  1.0676E+03  2.2252E+03  1.1213E+00  1.4046E+00
2.5119E+02  1.0235E+03  1.7227E+03  1.1215E+00  1.4074E+00
3.9811E+02  9.1766E+02  1.3034E+03  1.1217E+00  1.4105E+00
6.3096E+02  7.6195E+02  9.7541E+02  1.1220E+00  1.4140E+00
1.0000E+03  5.8702E+02  6.8241E+02  1.1224E+00  1.4193E+00
1.5849E+03  4.4328E+02  4.8551E+02  1.1227E+00  1.4229E+00
2.5119E+03  3.0862E+02  3.2606E+02  1.1236E+00  1.4359E+00
3.9811E+03  2.2417E+02  2.3117E+02  1.1244E+00  1.4482E+00
6.3096E+03  1.7901E+02  1.8173E+02  1.1245E+00  1.4541E+00
1.0000E+04  1.5317E+02  1.5475E+02  1.1247E+00  1.4585E+00
Rosseland and Planck opacities and free electrons
Density     Ross opa    Planck opa  No. Free    Av Sq Free  T=  1.2500E-01
1.0000E-10  3.2744E-01  9.2447E-05  1.1251E+00  1.4682E+00
1.5849E-10  3.2746E-01  1.4296E-04  1.1251E+00  1.4681E+00
2.5119E-10  3.2749E-01  2.2260E-04  1.1251E+00  1.4680E+00
3.9811E-10  3.2753E-01  3.4498E-04  1.1251E+00  1.4679E+00
6.3096E-10  3.2757E-01  5.3894E-04  1.1251E+00  1.4678E+00
1.0000E-09  3.2763E-01  8.3600E-04  1.1251E+00  1.4677E+00
1.5849E-09  3.2770E-01  1.3061E-03  1.1250E+00  1.4675E+00
2.5119E-09  3.2782E-01  2.0223E-03  1.1250E+00  1.4674E+00
3.9811E-09  3.2798E-01  3.1472E-03  1.1250E+00  1.4672E+00
6.3096E-09  3.2823E-01  4.8418E-03  1.1250E+00  1.4670E+00
1.0000E-08  3.2855E-01  7.4558E-03  1.1250E+00  1.4668E+00
1.5849E-08  3.2904E-01  1.1375E-02  1.1250E+00  1.4665E+00
2.5119E-08  3.2970E-01  1.7222E-02  1.1250E+00  1.4663E+00
3.9811E-08  3.3055E-01  2.5970E-02  1.1250E+00  1.4660E+00
6.3096E-08  3.3177E-01  3.8014E-02  1.1250E+00  1.4657E+00
1.0000E-07  3.3321E-01  5.6484E-02  1.1250E+00  1.4652E+00
1.5849E-07  3.3551E-01  7.8074E-02  1.1250E+00  1.4648E+00
2.5119E-07  3.3793E-01  1.1229E-01  1.1249E+00  1.4642E+00
3.9811E-07  3.4179E-01  1.4701E-01  1.1249E+00  1.4637E+00
6.3096E-07  3.4577E-01  1.9995E-01  1.1249E+00  1.4630E+00
1.0000E-06  3.5144E-01  2.5486E-01  1.1249E+00  1.4623E+00
1.5849E-06  3.5732E-01  3.2975E-01  1.1249E+00  1.4616E+00
2.5119E-06  3.6465E-01  4.1384E-01  1.1248E+00  1.4608E+00
3.9811E-06  3.7264E-01  5.1535E-01  1.1248E+00  1.4600E+00
6.3096E-06  3.8216E-01  6.4147E-01  1.1248E+00  1.4592E+00
1.0000E-05  3.9336E-01  7.7732E-01  1.1248E+00  1.4584E+00
1.5849E-05  4.0665E-01  9.6621E-01  1.1247E+00  1.4575E+00
2.5119E-05  4.2365E-01  1.1567E+00  1.1247E+00  1.4567E+00
3.9811E-05  4.4466E-01  1.4496E+00  1.1246E+00  1.4555E+00
6.3096E-05  4.7396E-01  1.7439E+00  1.1246E+00  1.4547E+00
1.0000E-04  5.1264E-01  2.2103E+00  1.1245E+00  1.4535E+00
1.5849E-04  5.7003E-01  2.7267E+00  1.1245E+00  1.4525E+00
2.5119E-04  6.5068E-01  3.5116E+00  1.1244E+00  1.4512E+00
3.9811E-04  7.7668E-01  4.4706E+00  1.1243E+00  1.4500E+00
6.3096E-04  9.6423E-01  5.8514E+00  1.1242E+00  1.4485E+00
1.0000E-03  1.2651E+00  7.6551E+00  1.1241E+00  1.4469E+00
1.5849E-03  1.7349E+00  1.0114E+01  1.1239E+00  1.4451E+00
2.5119E-03  2.4829E+00  1.3581E+01  1.1237E+00  1.4428E+00
3.9811E-03  3.6712E+00  1.8175E+01  1.1234E+00  1.4404E+00
6.3096E-03  5.4873E+00  2.4891E+01  1.1229E+00  1.4370E+00
1.0000E-02  8.2213E+00  3.2761E+01  1.1225E+00  1.4340E+00
1.5849E-02  1.2271E+01  4.5069E+01  1.1219E+00  1.4294E+00
2.5119E-02  1.7653E+01  5.8459E+01  1.1216E+00  1.4261E+00
3.9811E-02  2.5446E+01  7.9620E+01  1.1210E+00  1.4208E+00
6.3096E-02  3.4418E+01  1.0389E+02  1.1206E+00  1.4163E+00
1.0000E-01  4.6596E+01  1.4020E+02  1.1200E+00  1.4101E+00
1.5849E-01  5.9884E+01  1.8433E+02  1.1192E+00  1.4041E+00
2.5119E-01  7.5920E+01  2.4635E+02  1.1182E+00  1.3970E+00
3.9811E-01  9.1901E+01  3.2360E+02  1.1172E+00  1.3899E+00
6.3096E-01  1.0764E+02  4.2162E+02  1.1162E+00  1.3839E+00
1.0000E+00  1.2478E+02  5.5310E+02  1.1154E+00  1.3777E+00
1.5849E+00  1.4117E+02  7.1205E+02  1.1153E+00  1.3753E+00
2.5119E+00  1.6116E+02  9.3026E+02  1.1154E+00  1.3730E+00
3.9811E+00  1.8285E+02  1.1706E+03  1.1160E+00  1.3743E+00
6.3096E+00  2.1151E+02  1.4819E+03  1.1170E+00  1.3764E+00
1.0000E+01  2.4877E+02  1.7723E+03  1.1179E+00  1.3802E+00
1.5849E+01  2.9927E+02  2.0728E+03  1.1191E+00  1.3849E+00
2.5119E+01  3.6718E+02  2.3021E+03  1.1200E+00  1.3901E+00
3.9811E+01  4.4624E+02  2.3630E+03  1.1206E+00  1.3944E+00
6.3096E+01  5.3931E+02  2.3046E+03  1.1210E+00  1.3988E+00
1.0000E+02  6.2158E+02  2.0796E+03  1.1212E+00  1.4020E+00
1.5849E+02  6.9322E+02  1.7944E+03  1.1213E+00  1.4046E+00
2.5119E+02  7.0013E+02  1.4589E+03  1.1215E+00  1.4074E+00
3.9811E+02  6.6888E+02  1.1227E+03  1.1217E+00  1.4106E+00
6.3096E+02  6.0288E+02  8.5986E+02  1.1221E+00  1.4148E+00
1.0000E+03  4.9785E+02  6.3316E+02  1.1224E+00  1.4194E+00
1.5849E+03  3.8712E+02  4.4724E+02  1.1226E+00  1.4219E+00
2.5119E+03  2.8790E+02  3.1469E+02  1.1233E+00  1.4320E+00
3.9811E+03  2.0289E+02  2.1393E+02  1.1241E+00  1.4442E+00
6.3096E+03  1.5010E+02  1.5456E+02  1.1245E+00  1.4531E+00
1.0000E+04  1.2272E+02  1.2450E+02  1.1248E+00  1.4602E+00
Rosseland and Planck opacities and free electrons
Density     Ross opa    Planck opa  No. Free    Av Sq Free  T=  1.5000E-01
1.0000E-10  3.2716E-01  1.8292E-05  1.1251E+00  1.4690E+00
1.5849E-10  3.2716E-01  2.7815E-05  1.1251E+00  1.4689E+00
2.5119E-10  3.2718E-01  4.2577E-05  1.1251E+00  1.4689E+00
3.9811E-10  3.2720E-01  6.4163E-05  1.1251E+00  1.4688E+00
6.3096E-10  3.2722E-01  9.6337E-05  1.1251E+00  1.4687E+00
1.0000E-09  3.2725E-01  1.4457E-04  1.1251E+00  1.4686E+00
1.5849E-09  3.2730E-01  2.1471E-04  1.1251E+00  1.4686E+00
2.5119E-09  3.2735E-01  3.2379E-04  1.1251E+00  1.4685E+00
3.9811E-09  3.2742E-01  4.8500E-04  1.1251E+00  1.4684E+00
6.3096E-09  3.2750E-01  7.4016E-04  1.1251E+00  1.4683E+00
1.0000E-08  3.2760E-01  1.1137E-03  1.1251E+00  1.4682E+00
1.5849E-08  3.2773E-01  1.7057E-03  1.1251E+00  1.4680E+00
2.5119E-08  3.2789E-01  2.5828E-03  1.1251E+00  1.4679E+00
3.9811E-08  3.2810E-01  3.9585E-03  1.1251E+00  1.4678E+00
6.3096E-08  3.2843E-01  6.0294E-03  1.1251E+00  1.4676E+00
1.0000E-07  3.2888E-01  9.2441E-03  1.1250E+00  1.4674E+00
1.5849E-07  3.2957E-01  1.4054E-02  1.1250E+00  1.4672E+00
2.5119E-07  3.3051E-01  2.1317E-02  1.1250E+00  1.4670E+00
3.9811E-07  3.3182E-01  3.2224E-02  1.1250E+00  1.4667E+00
6.3096E-07  3.3370E-01  4.7947E-02  1.1250E+00  1.4664E+00
1.0000E-06  3.3607E-01  7.1922E-02  1.1250E+00  1.4660E+00
1.5849E-06  3.3976E-01  1.0345E-01  1.1250E+00  1.4657E+00
2.5119E-06  3.4401E-01  1.5341E-01  1.1250E+00  1.4651E+00
3.9811E-06  3.5126E-01  2.0961E-01  1.1250E+00  1.4647E+00
6.3096E-06  3.5922E-01  2.9822E-01  1.1249E+00  1.4639E+00
1.0000E-05  3.7147E-01  3.9290E-01  1.1249E+00  1.4633E+00
1.5849E-05  3.8512E-01  5.2975E-01  1.1249E+00  1.4625E+00
2.5119E-05  4.0354E-01  6.8179E-01  1.1249E+00  1.4617E+00
3.9811E-05  4.2467E-01  8.7719E-01  1.1248E+00  1.4608E+00
6.3096E-05  4.5145E-01  1.1189E+00  1.1248E+00  1.4598E+00
1.0000E-04  4.8447E-01  1.4053E+00  1.1248E+00  1.4590E+00
1.5849E-04  5.2681E-01  1.7994E+00  1.1247E+00  1.4578E+00
2.5119E-04  5.8342E-01  2.2460E+00  1.1247E+00  1.4569E+00
3.9811E-04  6.5911E-01  2.9150E+00  1.1246E+00  1.4555E+00
6.3096E-04  7.7146E-01  3.6329E+00  1.1246E+00  1.4545E+00
1.0000E-03  9.2934E-01  4.7705E+00  1.1245E+00  1.4529E+00
1.5849E-03  1.1855E+00  6.0050E+00  1.1244E+00  1.4516E+00
2.5119E-03  1.5645E+00  7.9278E+00  1.1243E+00  1.4498E+00
3.9811E-03  2.1935E+00  1.0356E+01  1.1242E+00  1.4481E+00
6.3096E-03  3.1544E+00  1.3987E+01  1.1240E+00  1.4458E+00
1.0000E-02  4.6781E+00  1.8714E+01  1.1239E+00  1.4434E+00
1.5849E-02  6.9745E+00  2.5367E+01  1.1237E+00  1.4405E+00
2.5119E-02  1.0311E+01  3.4367E+01  1.1234E+00  1.4370E+00
3.9811E-02  1.4966E+01  4.6178E+01  1.1230E+00  1.4331E+00
6.3096E-02  2.1256E+01  6.2950E+01  1.1225E+00  1.4280E+00
1.0000E-01  2.8794E+01  8.2980E+01  1.1219E+00  1.4232E+00
1.5849E-01  3.8751E+01  1.1329E+02  1.1210E+00  1.4160E+00
2.5119E-01  4.8649E+01  1.4762E+02  1.1203E+00  1.4107E+00
3.9811E-01  6.1330E+01  2.0124E+02  1.1191E+00  1.4023E+00
6.3096E-01  7.0926E+01  2.5606E+02  1.1185E+00  1.3977E+00
1.0000E+00  8.2961E+01  3.3887E+02  1.1178E+00  1.3913E+00
1.5849E+00  9.3511E+01  4.3285E+02  1.1176E+00  1.3881E+00
2.5119E+00  1.0613E+02  5.6543E+02  1.1177E+00  1.3856E+00
3.9811E+00  1.1956E+02  7.2049E+02  1.1180E+00  1.3846E+00
6.3096E+00  1.3643E+02  9.2223E+02  1.1186E+00  1.3851E+00
1.0000E+01  1.5754E+02  1.1320E+03  1.1191E+00  1.3865E+00
1.5849E+01  1.8704E+02  1.3723E+03  1.1198E+00  1.3892E+00
2.5119E+01  2.2397E+02  1.5465E+03  1.1203E+00  1.3922E+00
3.9811E+01  2.7440E+02  1.6879E+03  1.1208E+00  1.3959E+00
6.3096E+01  3.3632E+02  1.7181E+03  1.1211E+00  1.3999E+00
1.0000E+02  4.0365E+02  1.6393E+03  1.1213E+00  1.4032E+00
1.5849E+02  4.5423E+02  1.4408E+03  1.1214E+00  1.4051E+00
2.5119E+02  4.9046E+02  1.2213E+03  1.1215E+00  1.4078E+00
3.9811E+02  4.9788E+02  9.9731E+02  1.1218E+00  1.4117E+00
6.3096E+02  4.7102E+02  7.6195E+02  1.1222E+00  1.4167E+00
1.0000E+03  4.1773E+02  5.8442E+02  1.1225E+00  1.4196E+00
1.5849E+03  3.3739E+02  4.1795E+02  1.1227E+00  1.4228E+00
2.5119E+03  2.6566E+02  3.0230E+02  1.1236E+00  1.4365E+00
3.9811E+03  1.9120E+02  2.0701E+02  1.1242E+00  1.4464E+00
6.3096E+03  1.3694E+02  1.4341E+02  1.1246E+00  1.4550E+00
1.0000E+04  1.0418E+02  1.0677E+02  1.1247E+00  1.4588E+00
Rosseland and Planck opacities and free electrons
Density     Ross opa    Planck opa  No. Free    Av Sq Free  T=  1.7500E-01
1.0000E-10  3.2695E-01  4.4316E-06  1.1251E+00  1.4692E+00
1.5849E-10  3.2696E-01  6.7656E-06  1.1251E+00  1.4692E+00
2.5119E-10  3.2696E-01  1.0223E-05  1.1251E+00  1.4691E+00
3.9811E-10  3.2696E-01  1.5693E-05  1.1251E+00  1.4691E+00
6.3096E-10  3.2697E-01  2.3945E-05  1.1251E+00  1.4691E+00
1.0000E-09  3.2698E-01  3.7024E-05  1.1251E+00  1.4691E+00
1.5849E-09  3.2700E-01  5.6533E-05  1.1251E+00  1.4690E+00
2.5119E-09  3.2703E-01  8.7192E-05  1.1251E+00  1.4690E+00
3.9811E-09  3.2706E-01  1.3296E-04  1.1251E+00  1.4690E+00
6.3096E-09  3.2711E-01  2.0384E-04  1.1251E+00  1.4689E+00
1.0000E-08  3.2717E-01  3.1052E-04  1.1251E+00  1.4689E+00
1.5849E-08  3.2725E-01  4.7280E-04  1.1251E+00  1.4688E+00
2.5119E-08  3.2735E-01  7.1793E-04  1.1251E+00  1.4687E+00
3.9811E-08  3.2747E-01  1.0769E-03  1.1251E+00  1.4686E+00
6.3096E-08  3.2763E-01  1.6352E-03  1.1251E+00  1.4685E+00
1.0000E-07  3.2783E-01  2.4540E-03  1.1251E+00  1.4684E+00
1.5849E-07  3.2809E-01  3.7518E-03  1.1251E+00  1.4683E+00
2.5119E-07  3.2843E-01  5.6418E-03  1.1251E+00  1.4682E+00
3.9811E-07  3.2888E-01  8.6367E-03  1.1251E+00  1.4680E+00
6.3096E-07  3.2958E-01  1.3072E-02  1.1251E+00  1.4679E+00
1.0000E-06  3.3053E-01  2.0019E-02  1.1251E+00  1.4677E+00
1.5849E-06  3.3196E-01  3.0172E-02  1.1250E+00  1.4674E+00
2.5119E-06  3.3384E-01  4.5696E-02  1.1250E+00  1.4672E+00
3.9811E-06  3.3664E-01  6.8381E-02  1.1250E+00  1.4669E+00
6.3096E-06  3.4048E-01  1.0174E-01  1.1250E+00  1.4666E+00
1.0000E-05  3.4596E-01  1.5070E-01  1.1250E+00  1.4661E+00
1.5849E-05  3.5410E-01  2.1737E-01  1.1250E+00  1.4657E+00
2.5119E-05  3.6476E-01  3.1784E-01  1.1250E+00  1.4651E+00
3.9811E-05  3.8158E-01  4.3641E-01  1.1249E+00  1.4646E+00
6.3096E-05  4.0165E-01  6.2432E-01  1.1249E+00  1.4637E+00
1.0000E-04  4.3361E-01  8.1452E-01  1.1249E+00  1.4630E+00
1.5849E-04  4.7113E-01  1.1115E+00  1.1249E+00  1.4620E+00
2.5119E-04  5.2437E-01  1.4245E+00  1.1248E+00  1.4611E+00
3.9811E-04  5.9010E-01  1.8700E+00  1.1248E+00  1.4600E+00
6.3096E-04  6.8110E-01  2.3942E+00  1.1247E+00  1.4589E+00
1.0000E-03  8.0235E-01  3.0874E+00  1.1247E+00  1.4577E+00
1.5849E-03  9.7675E-01  3.9923E+00  1.1246E+00  1.4563E+00
2.5119E-03  1.2300E+00  5.1315E+00  1.1246E+00  1.4549E+00
3.9811E-03  1.6119E+00  6.7668E+00  1.1245E+00  1.4531E+00
6.3096E-03  2.2095E+00  8.8125E+00  1.1244E+00  1.4515E+00
1.0000E-02  3.1074E+00  1.1936E+01  1.1242E+00  1.4491E+00
1.5849E-02  4.5363E+00  1.5667E+01  1.1241E+00  1.4471E+00
2.5119E-02  6.6128E+00  2.1581E+01  1.1238E+00  1.4439E+00
3.9811E-02  9.6030E+00  2.8590E+01  1.1236E+00  1.4410E+00
6.3096E-02  1.3716E+01  3.9476E+01  1.1232E+00  1.4366E+00
1.0000E-01  1.8725E+01  5.2482E+01  1.1227E+00  1.4323E+00
1.5849E-01  2.5108E+01  7.1387E+01  1.1220E+00  1.4265E+00
2.5119E-01  3.2065E+01  9.4946E+01  1.1214E+00  1.4207E+00
3.9811E-01  3.9743E+01  1.2662E+02  1.1206E+00  1.4145E+00
6.3096E-01  4.7559E+01  1.6777E+02  1.1199E+00  1.4079E+00
1.0000E+00  5.4810E+01  2.1836E+02  1.1195E+00  1.4033E+00
1.5849E+00  6.3212E+01  2.8819E+02  1.1191E+00  1.3978E+00
2.5119E+00  7.0991E+01  3.6959E+02  1.1192E+00  1.3955E+00
3.9811E+00  8.1138E+01  4.8559E+02  1.1194E+00  1.3926E+00
6.3096E+00  9.1381E+01  6.1058E+02  1.1196E+00  1.3921E+00
1.0000E+01  1.0585E+02  7.7990E+02  1.1200E+00  1.3917E+00
1.5849E+01  1.2306E+02  9.3503E+02  1.1203E+00  1.3929E+00
2.5119E+01  1.4741E+02  1.1074E+03  1.1207E+00  1.3947E+00
3.9811E+01  1.7967E+02  1.2336E+03  1.1209E+00  1.3975E+00
6.3096E+01  2.1887E+02  1.2907E+03  1.1211E+00  1.4001E+00
1.0000E+02  2.6676E+02  1.2790E+03  1.1213E+00  1.4030E+00
1.5849E+02  3.1302E+02  1.1797E+03  1.1214E+00  1.4059E+00
2.5119E+02  3.5737E+02  1.0416E+03  1.1216E+00  1.4087E+00
3.9811E+02  3.7042E+02  8.6419E+02  1.1221E+00  1.4142E+00
6.3096E+02  3.6767E+02  6.8317E+02  1.1224E+00  1.4184E+00
1.0000E+03  3.4381E+02  5.2835E+02  1.1225E+00  1.4200E+00
1.5849E+03  2.9462E+02  3.9459E+02  1.1228E+00  1.4243E+00
2.5119E+03  2.3769E+02  2.8387E+02  1.1238E+00  1.4385E+00
3.9811E+03  1.8146E+02  2.0248E+02  1.1244E+00  1.4487E+00
6.3096E+03  1.2852E+02  1.3731E+02  1.1246E+00  1.4549E+00
1.0000E+04  9.4691E+01  9.8357E+01  1.1248E+00  1.4594E+00
Rosseland and Planck opacities and free electrons
Density     Ross opa    Planck opa  No. Free    Av Sq Free  T=  2.0000E-01
1.0000E-10  3.2678E-01  1.6964E-06  1.1251E+00  1.4693E+00
1.5849E-10  3.2678E-01  2.6048E-06  1.1251E+00  1.4693E+00
2.5119E-10  3.2679E-01  3.8917E-06  1.1251E+00  1.4693E+00
3.9811E-10  3.2679E-01  5.8715E-06  1.1251E+00  1.4693E+00
6.3096E-10  3.2679E-01  8.7435E-06  1.1251E+00  1.4692E+00
1.0000E-09  3.2680E-01  1.3064E-05  1.1251E+00  1.4692E+00
1.5849E-09  3.2681E-01  1.9566E-05  1.1251E+00  1.4692E+00
2.5119E-09  3.2682E-01  2.9272E-05  1.1251E+00  1.4692E+00
3.9811E-09  3.2683E-01  4.4176E-05  1.1251E+00  1.4692E+00
6.3096E-09  3.2686E-01  6.5962E-05  1.1251E+00  1.4691E+00
1.0000E-08  3.2689E-01  1.0036E-04  1.1251E+00  1.4691E+00
1.5849E-08  3.2693E-01  1.5294E-04  1.1251E+00  1.4691E+00
2.5119E-08  3.2699E-01  2.3625E-04  1.1251E+00  1.4691E+00
3.9811E-08  3.2707E-01  3.6099E-04  1.1251E+00  1.4690E+00
6.3096E-08  3.2717E-01  5.5772E-04  1.1251E+00  1.4690E+00
1.0000E-07  3.2730E-01  8.5650E-04  1.1251E+00  1.4689E+00
1.5849E-07  3.2746E-01  1.3241E-03  1.1251E+00  1.4689E+00
2.5119E-07  3.2768E-01  2.0375E-03  1.1251E+00  1.4688E+00
3.9811E-07  3.2796E-01  3.1411E-03  1.1251E+00  1.4687E+00
6.3096E-07  3.2833E-01  4.8452E-03  1.1251E+00  1.4686E+00
1.0000E-06  3.2882E-01  7.4573E-03  1.1251E+00  1.4685E+00
1.5849E-06  3.2947E-01  1.1532E-02  1.1251E+00  1.4683E+00
2.5119E-06  3.3039E-01  1.7695E-02  1.1251E+00  1.4682E+00
3.9811E-06  3.3162E-01  2.7414E-02  1.1251E+00  1.4680E+00
6.3096E-06  3.3349E-01  4.1574E-02  1.1251E+00  1.4678E+00
1.0000E-05  3.3593E-01  6.4015E-02  1.1250E+00  1.4676E+00
1.5849E-05  3.3985E-01  9.5437E-02  1.1250E+00  1.4673E+00
2.5119E-05  3.4495E-01  1.4450E-01  1.1250E+00  1.4670E+00
3.9811E-05  3.5316E-01  2.1046E-01  1.1250E+00  1.4666E+00
6.3096E-05  3.6428E-01  3.0877E-01  1.1250E+00  1.4661E+00
1.0000E-04  3.8181E-01  4.3708E-01  1.1250E+00  1.4656E+00
1.5849E-04  4.0661E-01  6.1010E-01  1.1250E+00  1.4650E+00
2.5119E-04  4.4321E-01  8.4174E-01  1.1249E+00  1.4642E+00
3.9811E-04  4.9681E-01  1.1138E+00  1.1249E+00  1.4634E+00
6.3096E-04  5.6965E-01  1.5095E+00  1.1249E+00  1.4623E+00
1.0000E-03  6.7581E-01  1.9436E+00  1.1248E+00  1.4613E+00
1.5849E-03  8.1619E-01  2.6264E+00  1.1248E+00  1.4599E+00
2.5119E-03  1.0213E+00  3.3474E+00  1.1247E+00  1.4588E+00
3.9811E-03  1.3043E+00  4.4901E+00  1.1246E+00  1.4571E+00
6.3096E-03  1.7327E+00  5.8204E+00  1.1245E+00  1.4557E+00
1.0000E-02  2.3521E+00  7.8195E+00  1.1244E+00  1.4538E+00
1.5849E-02  3.3046E+00  1.0345E+01  1.1243E+00  1.4518E+00
2.5119E-02  4.6864E+00  1.3960E+01  1.1242E+00  1.4494E+00
3.9811E-02  6.6613E+00  1.8841E+01  1.1239E+00  1.4465E+00
6.3096E-02  9.3444E+00  2.5513E+01  1.1236E+00  1.4432E+00
1.0000E-01  1.2807E+01  3.4917E+01  1.1232E+00  1.4389E+00
1.5849E-01  1.6886E+01  4.6818E+01  1.1228E+00  1.4346E+00
2.5119E-01  2.1913E+01  6.4357E+01  1.1221E+00  1.4285E+00
3.9811E-01  2.6699E+01  8.4310E+01  1.1216E+00  1.4237E+00
6.3096E-01  3.2804E+01  1.1542E+02  1.1208E+00  1.4161E+00
1.0000E+00  3.7271E+01  1.4852E+02  1.1206E+00  1.4124E+00
1.5849E+00  4.3299E+01  1.9993E+02  1.1203E+00  1.4066E+00
2.5119E+00  4.8716E+01  2.5697E+02  1.1203E+00  1.4035E+00
3.9811E+00  5.5871E+01  3.3990E+02  1.1203E+00  1.4001E+00
6.3096E+00  6.3294E+01  4.3099E+02  1.1204E+00  1.3982E+00
1.0000E+01  7.3175E+01  5.5054E+02  1.1206E+00  1.3967E+00
1.5849E+01  8.4937E+01  6.7267E+02  1.1207E+00  1.3965E+00
2.5119E+01  1.0144E+02  8.1877E+02  1.1209E+00  1.3971E+00
3.9811E+01  1.2259E+02  9.2020E+02  1.1211E+00  1.3991E+00
6.3096E+01  1.5178E+02  1.0050E+03  1.1212E+00  1.4019E+00
1.0000E+02  1.8808E+02  1.0289E+03  1.1214E+00  1.4049E+00
1.5849E+02  2.2622E+02  9.8622E+02  1.1215E+00  1.4068E+00
2.5119E+02  2.5778E+02  8.7703E+02  1.1217E+00  1.4095E+00
3.9811E+02  2.8160E+02  7.5166E+02  1.1219E+00  1.4133E+00
6.3096E+02  2.9141E+02  6.2200E+02  1.1224E+00  1.4185E+00
1.0000E+03  2.8194E+02  4.8020E+02  1.1225E+00  1.4199E+00
1.5849E+03  2.5619E+02  3.7189E+02  1.1229E+00  1.4256E+00
2.5119E+03  2.1424E+02  2.7077E+02  1.1243E+00  1.4460E+00
3.9811E+03  1.6954E+02  1.9577E+02  1.1244E+00  1.4507E+00
6.3096E+03  1.2218E+02  1.3353E+02  1.1246E+00  1.4550E+00
1.0000E+04  8.8273E+01  9.2984E+01  1.1248E+00  1.4604E+00
Rosseland and Planck opacities and free electrons
Density     Ross opa    Planck opa  No. Free    Av Sq Free  T=  2.2500E-01
1.0000E-10  3.2645E-01  7.6803E-07  1.1251E+00  1.4694E+00
1.5849E-10  3.2645E-01  1.1447E-06  1.1251E+00  1.4694E+00
2.5119E-10  3.2645E-01  1.7430E-06  1.1251E+00  1.4694E+00
3.9811E-10  3.2645E-01  2.6942E-06  1.1251E+00  1.4694E+00
6.3096E-10  3.2646E-01  4.1330E-06  1.1251E+00  1.4694E+00
1.0000E-09  3.2646E-01  6.0808E-06  1.1251E+00  1.4693E+00
1.5849E-09  3.2646E-01  9.1509E-06  1.1251E+00  1.4693E+00
2.5119E-09  3.2647E-01  1.3439E-05  1.1251E+00  1.4693E+00
3.9811E-09  3.2647E-01  2.0235E-05  1.1251E+00  1.4693E+00
6.3096E-09  3.2649E-01  3.0076E-05  1.1251E+00  1.4693E+00
1.0000E-08  3.2650E-01  4.5490E-05  1.1251E+00  1.4693E+00
1.5849E-08  3.2652E-01  6.7929E-05  1.1251E+00  1.4692E+00
2.5119E-08  3.2655E-01  1.0239E-04  1.1251E+00  1.4692E+00
3.9811E-08  3.2659E-01  1.5528E-04  1.1251E+00  1.4692E+00
6.3096E-08  3.2665E-01  2.3712E-04  1.1251E+00  1.4692E+00
1.0000E-07  3.2674E-01  3.6321E-04  1.1251E+00  1.4691E+00
1.5849E-07  3.2685E-01  5.5455E-04  1.1251E+00  1.4691E+00
2.5119E-07  3.2700E-01  8.5408E-04  1.1251E+00  1.4691E+00
3.9811E-07  3.2720E-01  1.3071E-03  1.1251E+00  1.4690E+00
6.3096E-07  3.2746E-01  2.0247E-03  1.1251E+00  1.4690E+00
1.0000E-06  3.2780E-01  3.0811E-03  1.1251E+00  1.4689E+00
1.5849E-06  3.2824E-01  4.7554E-03  1.1251E+00  1.4688E+00
2.5119E-06  3.2881E-01  7.1697E-03  1.1251E+00  1.4687E+00
3.9811E-06  3.2956E-01  1.0937E-02  1.1251E+00  1.4686E+00
6.3096E-06  3.3059E-01  1.6470E-02  1.1251E+00  1.4685E+00
1.0000E-05  3.3200E-01  2.4961E-02  1.1251E+00  1.4683E+00
1.5849E-05  3.3401E-01  3.7588E-02  1.1251E+00  1.4682E+00
2.5119E-05  3.3685E-01  5.6523E-02  1.1251E+00  1.4680E+00
3.9811E-05  3.4101E-01  8.4963E-02  1.1251E+00  1.4677E+00
6.3096E-05  3.4718E-01  1.2584E-01  1.1250E+00  1.4674E+00
1.0000E-04  3.5586E-01  1.8848E-01  1.1250E+00  1.4671E+00
1.5849E-04  3.6976E-01  2.7224E-01  1.1250E+00  1.4667E+00
2.5119E-04  3.8852E-01  4.0498E-01  1.1250E+00  1.4661E+00
3.9811E-04  4.2149E-01  5.6619E-01  1.1250E+00  1.4656E+00
6.3096E-04  4.6604E-01  8.2018E-01  1.1249E+00  1.4648E+00
1.0000E-03  5.4146E-01  1.1231E+00  1.1249E+00  1.4640E+00
1.5849E-03  6.4666E-01  1.5729E+00  1.1249E+00  1.4629E+00
2.5119E-03  8.0730E-01  2.1247E+00  1.1248E+00  1.4618E+00
3.9811E-03  1.0350E+00  2.8828E+00  1.1248E+00  1.4605E+00
6.3096E-03  1.3651E+00  3.8914E+00  1.1247E+00  1.4590E+00
1.0000E-02  1.8361E+00  5.2094E+00  1.1246E+00  1.4575E+00
1.5849E-02  2.5266E+00  7.0952E+00  1.1245E+00  1.4555E+00
2.5119E-02  3.5067E+00  9.4587E+00  1.1244E+00  1.4535E+00
3.9811E-02  4.8894E+00  1.3050E+01  1.1242E+00  1.4507E+00
6.3096E-02  6.6951E+00  1.7376E+01  1.1240E+00  1.4481E+00
1.0000E-01  9.1277E+00  2.4207E+01  1.1236E+00  1.4440E+00
1.5849E-01  1.1829E+01  3.2148E+01  1.1232E+00  1.4406E+00
2.5119E-01  1.5291E+01  4.4427E+01  1.1227E+00  1.4352E+00
3.9811E-01  1.8678E+01  5.8919E+01  1.1223E+00  1.4307E+00
6.3096E-01  2.2658E+01  7.9926E+01  1.1218E+00  1.4249E+00
1.0000E+00  2.6371E+01  1.0589E+02  1.1214E+00  1.4198E+00
1.5849E+00  3.0255E+01  1.4111E+02  1.1212E+00  1.4150E+00
2.5119E+00  3.4568E+01  1.8665E+02  1.1210E+00  1.4103E+00
3.9811E+00  3.9318E+01  2.4423E+02  1.1210E+00  1.4070E+00
6.3096E+00  4.5207E+01  3.1909E+02  1.1210E+00  1.4035E+00
1.0000E+01  5.1886E+01  4.0132E+02  1.1210E+00  1.4016E+00
1.5849E+01  6.0896E+01  5.0451E+02  1.1211E+00  1.3998E+00
2.5119E+01  7.1857E+01  6.0824E+02  1.1211E+00  1.3999E+00
3.9811E+01  8.7168E+01  7.1062E+02  1.1212E+00  1.4008E+00
6.3096E+01  1.0890E+02  7.9809E+02  1.1213E+00  1.4030E+00
1.0000E+02  1.3422E+02  8.2684E+02  1.1214E+00  1.4053E+00
1.5849E+02  1.6434E+02  8.1610E+02  1.1216E+00  1.4075E+00
2.5119E+02  1.9232E+02  7.4918E+02  1.1217E+00  1.4098E+00
3.9811E+02  2.1935E+02  6.6264E+02  1.1219E+00  1.4131E+00
6.3096E+02  2.3079E+02  5.5608E+02  1.1223E+00  1.4175E+00
1.0000E+03  2.3102E+02  4.3871E+02  1.1225E+00  1.4206E+00
1.5849E+03  2.1883E+02  3.4281E+02  1.1229E+00  1.4254E+00
2.5119E+03  1.9053E+02  2.5641E+02  1.1239E+00  1.4406E+00
3.9811E+03  1.5501E+02  1.8596E+02  1.1244E+00  1.4512E+00
6.3096E+03  1.1659E+02  1.3063E+02  1.1246E+00  1.4550E+00
1.0000E+04  8.3527E+01  8.9430E+01  1.1248E+00  1.4595E+00
Rosseland and Planck opacities and free electrons
Density     Ross opa    Planck opa  No. Free    Av Sq Free  T=  2.5000E-01
1.0000E-10  3.2616E-01  4.1300E-07  1.1251E+00  1.4694E+00
1.5849E-10  3.2616E-01  5.9488E-07  1.1251E+00  1.4694E+00
2.5119E-10  3.2616E-01  8.8249E-07  1.1251E+00  1.4694E+00
3.9811E-10  3.2616E-01  1.3158E-06  1.1251E+00  1.4694E+00
6.3096E-10  3.2616E-01  2.0026E-06  1.1251E+00  1.4694E+00
1.0000E-09  3.2616E-01  3.0077E-06  1.1251E+00  1.4694E+00
1.5849E-09  3.2616E-01  4.5844E-06  1.1251E+00  1.4694E+00
2.5119E-09  3.2616E-01  6.9864E-06  1.1251E+00  1.4694E+00
3.9811E-09  3.2617E-01  1.0740E-05  1.1251E+00  1.4694E+00
6.3096E-09  3.2617E-01  1.6202E-05  1.1251E+00  1.4694E+00
1.0000E-08  3.2618E-01  2.4298E-05  1.1251E+00  1.4694E+00
1.5849E-08  3.2620E-01  3.6415E-05  1.1251E+00  1.4693E+00
2.5119E-08  3.2621E-01  5.3943E-05  1.1251E+00  1.4693E+00
3.9811E-08  3.2624E-01  8.1238E-05  1.1251E+00  1.4693E+00
6.3096E-08  3.2627E-01  1.2166E-04  1.1251E+00  1.4693E+00
1.0000E-07  3.2632E-01  1.8568E-04  1.1251E+00  1.4693E+00
1.5849E-07  3.2639E-01  2.7658E-04  1.1251E+00  1.4692E+00
2.5119E-07  3.2648E-01  4.2065E-04  1.1251E+00  1.4692E+00
3.9811E-07  3.2661E-01  6.3455E-04  1.1251E+00  1.4692E+00
6.3096E-07  3.2678E-01  9.6999E-04  1.1251E+00  1.4691E+00
1.0000E-06  3.2702E-01  1.4806E-03  1.1251E+00  1.4691E+00
1.5849E-06  3.2733E-01  2.2765E-03  1.1251E+00  1.4691E+00
2.5119E-06  3.2775E-01  3.4847E-03  1.1251E+00  1.4690E+00
3.9811E-06  3.2830E-01  5.3308E-03  1.1251E+00  1.4690E+00
6.3096E-06  3.2902E-01  8.1511E-03  1.1251E+00  1.4689E+00
1.0000E-05  3.2997E-01  1.2338E-02  1.1251E+00  1.4688E+00
1.5849E-05  3.3127E-01  1.8839E-02  1.1251E+00  1.4687E+00
2.5119E-05  3.3305E-01  2.8157E-02  1.1251E+00  1.4685E+00
3.9811E-05  3.3552E-01  4.2925E-02  1.1251E+00  1.4683E+00
6.3096E-05  3.3924E-01  6.3572E-02  1.1251E+00  1.4682E+00
1.0000E-04  3.4442E-01  9.6217E-02  1.1251E+00  1.4679E+00
1.5849E-04  3.5252E-01  1.4188E-01  1.1250E+00  1.4677E+00
2.5119E-04  3.6392E-01  2.1242E-01  1.1250E+00  1.4673E+00
3.9811E-04  3.8220E-01  3.1097E-01  1.1250E+00  1.4669E+00
6.3096E-04  4.0906E-01  4.5751E-01  1.1250E+00  1.4664E+00
1.0000E-03  4.5226E-01  6.6373E-01  1.1250E+00  1.4658E+00
1.5849E-03  5.1938E-01  9.5225E-01  1.1249E+00  1.4650E+00
2.5119E-03  6.2270E-01  1.3661E+00  1.1249E+00  1.4641E+00
3.9811E-03  7.8694E-01  1.8891E+00  1.1248E+00  1.4631E+00
6.3096E-03  1.0269E+00  2.6810E+00  1.1248E+00  1.4617E+00
1.0000E-02  1.3861E+00  3.5928E+00  1.1247E+00  1.4604E+00
1.5849E-02  1.9074E+00  5.0372E+00  1.1246E+00  1.4585E+00
2.5119E-02  2.6262E+00  6.6684E+00  1.1245E+00  1.4568E+00
3.9811E-02  3.6410E+00  9.2071E+00  1.1244E+00  1.4544E+00
6.3096E-02  4.9201E+00  1.2338E+01  1.1242E+00  1.4519E+00
1.0000E-01  6.5937E+00  1.6960E+01  1.1239E+00  1.4486E+00
1.5849E-01  8.5620E+00  2.2972E+01  1.1236E+00  1.4451E+00
2.5119E-01  1.0915E+01  3.1418E+01  1.1232E+00  1.4409E+00
3.9811E-01  1.3537E+01  4.2740E+01  1.1227E+00  1.4361E+00
6.3096E-01  1.6235E+01  5.7388E+01  1.1224E+00  1.4316E+00
1.0000E+00  1.9373E+01  7.8055E+01  1.1220E+00  1.4258E+00
1.5849E+00  2.1992E+01  1.0303E+02  1.1219E+00  1.4218E+00
2.5119E+00  2.5434E+01  1.3978E+02  1.1217E+00  1.4160E+00
3.9811E+00  2.8655E+01  1.8118E+02  1.1216E+00  1.4129E+00
6.3096E+00  3.3295E+01  2.4454E+02  1.1215E+00  1.4081E+00
1.0000E+01  3.7942E+01  3.0329E+02  1.1215E+00  1.4061E+00
1.5849E+01  4.5052E+01  3.9018E+02  1.1214E+00  1.4030E+00
2.5119E+01  5.2731E+01  4.6734E+02  1.1214E+00  1.4028E+00
3.9811E+01  6.4230E+01  5.6396E+02  1.1214E+00  1.4027E+00
6.3096E+01  7.9440E+01  6.3129E+02  1.1215E+00  1.4043E+00
1.0000E+02  9.9109E+01  6.7596E+02  1.1215E+00  1.4063E+00
1.5849E+02  1.2306E+02  6.8435E+02  1.1216E+00  1.4085E+00
2.5119E+02  1.4759E+02  6.4839E+02  1.1218E+00  1.4113E+00
3.9811E+02  1.7179E+02  5.8530E+02  1.1223E+00  1.4170E+00
6.3096E+02  1.8501E+02  4.9709E+02  1.1224E+00  1.4190E+00
1.0000E+03  1.9135E+02  4.0533E+02  1.1226E+00  1.4212E+00
1.5849E+03  1.8819E+02  3.1925E+02  1.1230E+00  1.4269E+00
2.5119E+03  1.7108E+02  2.4635E+02  1.1240E+00  1.4420E+00
3.9811E+03  1.4121E+02  1.7717E+02  1.1244E+00  1.4510E+00
6.3096E+03  1.1131E+02  1.2816E+02  1.1246E+00  1.4555E+00
1.0000E+04  7.9815E+01  8.7025E+01  1.1247E+00  1.4589E+00
Rosseland and Planck opacities and free electrons
Density     Ross opa    Planck opa  No. Free    Av Sq Free  T=  2.7500E-01
1.0000E-10  3.2589E-01  6.9421E-07  1.1251E+00  1.4695E+00
1.5849E-10  3.2589E-01  7.8571E-07  1.1251E+00  1.4695E+00
2.5119E-10  3.2589E-01  9.2810E-07  1.1251E+00  1.4695E+00
3.9811E-10  3.2589E-01  1.1263E-06  1.1251E+00  1.4694E+00
6.3096E-10  3.2589E-01  1.4275E-06  1.1251E+00  1.4694E+00
1.0000E-09  3.2589E-01  1.8884E-06  1.1251E+00  1.4694E+00
1.5849E-09  3.2589E-01  2.6024E-06  1.1251E+00  1.4694E+00
2.5119E-09  3.2589E-01  3.7232E-06  1.1251E+00  1.4694E+00
3.9811E-09  3.2589E-01  5.4777E-06  1.1251E+00  1.4694E+00
6.3096E-09  3.2590E-01  8.2119E-06  1.1251E+00  1.4694E+00
1.0000E-08  3.2590E-01  1.2325E-05  1.1251E+00  1.4694E+00
1.5849E-08  3.2591E-01  1.8797E-05  1.1251E+00  1.4694E+00
2.5119E-08  3.2592E-01  2.7557E-05  1.1251E+00  1.4694E+00
3.9811E-08  3.2593E-01  4.1440E-05  1.1251E+00  1.4694E+00
6.3096E-08  3.2596E-01  6.3163E-05  1.1251E+00  1.4694E+00
1.0000E-07  3.2599E-01  9.7537E-05  1.1251E+00  1.4693E+00
1.5849E-07  3.2603E-01  1.4773E-04  1.1251E+00  1.4693E+00
2.5119E-07  3.2609E-01  2.2494E-04  1.1251E+00  1.4693E+00
3.9811E-07  3.2618E-01  3.3960E-04  1.1251E+00  1.4693E+00
6.3096E-07  3.2629E-01  5.1252E-04  1.1251E+00  1.4693E+00
1.0000E-06  3.2645E-01  7.7720E-04  1.1251E+00  1.4692E+00
1.5849E-06  3.2666E-01  1.1750E-03  1.1251E+00  1.4692E+00
2.5119E-06  3.2695E-01  1.7950E-03  1.1251E+00  1.4692E+00
3.9811E-06  3.2735E-01  2.7169E-03  1.1251E+00  1.4691E+00
6.3096E-06  3.2787E-01  4.1768E-03  1.1251E+00  1.4691E+00
1.0000E-05  3.2858E-01  6.3304E-03  1.1251E+00  1.4690E+00
1.5849E-05  3.2952E-01  9.7437E-03  1.1251E+00  1.4690E+00
2.5119E-05  3.3080E-01  1.4742E-02  1.1251E+00  1.4689E+00
3.9811E-05  3.3254E-01  2.2566E-02  1.1251E+00  1.4688E+00
6.3096E-05  3.3500E-01  3.3946E-02  1.1251E+00  1.4686E+00
1.0000E-04  3.3848E-01  5.1344E-02  1.1251E+00  1.4685E+00
1.5849E-04  3.4362E-01  7.6974E-02  1.1251E+00  1.4683E+00
2.5119E-04  3.5114E-01  1.1511E-01  1.1251E+00  1.4681E+00
3.9811E-04  3.6236E-01  1.7241E-01  1.1250E+00  1.4677E+00
6.3096E-04  3.7949E-01  2.5497E-01  1.1250E+00  1.4674E+00
1.0000E-03  4.0488E-01  3.8186E-01  1.1250E+00  1.4669E+00
1.5849E-03  4.4696E-01  5.5583E-01  1.1250E+00  1.4664E+00
2.5119E-03  5.0773E-01  8.3174E-01  1.1249E+00  1.4656E+00
3.9811E-03  6.1543E-01  1.1805E+00  1.1249E+00  1.4649E+00
6.3096E-03  7.7290E-01  1.7306E+00  1.1249E+00  1.4638E+00
1.0000E-02  1.0271E+00  2.4104E+00  1.1248E+00  1.4627E+00
1.5849E-02  1.4027E+00  3.4299E+00  1.1247E+00  1.4611E+00
2.5119E-02  1.9366E+00  4.7174E+00  1.1246E+00  1.4595E+00
3.9811E-02  2.6806E+00  6.5249E+00  1.1245E+00  1.4574E+00
6.3096E-02  3.6516E+00  8.9651E+00  1.1243E+00  1.4550E+00
1.0000E-01  4.8383E+00  1.2230E+01  1.1241E+00  1.4523E+00
1.5849E-01  6.3375E+00  1.6902E+01  1.1238E+00  1.4487E+00
2.5119E-01  7.9730E+00  2.2889E+01  1.1235E+00  1.4453E+00
3.9811E-01  1.0068E+01  3.1909E+01  1.1231E+00  1.4405E+00
6.3096E-01  1.1971E+01  4.2487E+01  1.1229E+00  1.4368E+00
1.0000E+00  1.4611E+01  5.9050E+01  1.1225E+00  1.4311E+00
1.5849E+00  1.6534E+01  7.7423E+01  1.1224E+00  1.4274E+00
2.5119E+00  1.9160E+01  1.0562E+02  1.1222E+00  1.4219E+00
3.9811E+00  2.1639E+01  1.3821E+02  1.1221E+00  1.4181E+00
6.3096E+00  2.4899E+01  1.8551E+02  1.1219E+00  1.4136E+00
1.0000E+01  2.8585E+01  2.3619E+02  1.1218E+00  1.4103E+00
1.5849E+01  3.3664E+01  3.0018E+02  1.1217E+00  1.4071E+00
2.5119E+01  3.9957E+01  3.6850E+02  1.1216E+00  1.4056E+00
3.9811E+01  4.8875E+01  4.4927E+02  1.1216E+00  1.4051E+00
6.3096E+01  6.0017E+01  5.1043E+02  1.1216E+00  1.4059E+00
1.0000E+02  7.5429E+01  5.6273E+02  1.1216E+00  1.4074E+00
1.5849E+02  9.4847E+01  5.8326E+02  1.1217E+00  1.4097E+00
2.5119E+02  1.1590E+02  5.6735E+02  1.1218E+00  1.4110E+00
3.9811E+02  1.3463E+02  5.1285E+02  1.1222E+00  1.4156E+00
6.3096E+02  1.5070E+02  4.4789E+02  1.1225E+00  1.4194E+00
1.0000E+03  1.6000E+02  3.7691E+02  1.1226E+00  1.4216E+00
1.5849E+03  1.6044E+02  2.9596E+02  1.1230E+00  1.4276E+00
2.5119E+03  1.5218E+02  2.3370E+02  1.1241E+00  1.4429E+00
3.9811E+03  1.2904E+02  1.6967E+02  1.1244E+00  1.4515E+00
6.3096E+03  1.0443E+02  1.2388E+02  1.1246E+00  1.4566E+00
1.0000E+04  7.6665E+01  8.5249E+01  1.1248E+00  1.4597E+00
Rosseland and Planck opacities and free electrons
Density     Ross opa    Planck opa  No. Free    Av Sq Free  T=  3.0000E-01
1.0000E-10  3.2564E-01  1.6101E-06  1.1251E+00  1.4698E+00
1.5849E-10  3.2564E-01  1.7480E-06  1.1251E+00  1.4697E+00
2.5119E-10  3.2564E-01  1.8827E-06  1.1251E+00  1.4696E+00
3.9811E-10  3.2564E-01  2.0530E-06  1.1251E+00  1.4696E+00
6.3096E-10  3.2564E-01  2.2543E-06  1.1251E+00  1.4695E+00
1.0000E-09  3.2564E-01  2.5488E-06  1.1251E+00  1.4695E+00
1.5849E-09  3.2564E-01  2.9321E-06  1.1251E+00  1.4695E+00
2.5119E-09  3.2565E-01  3.5326E-06  1.1251E+00  1.4695E+00
3.9811E-09  3.2565E-01  4.4031E-06  1.1251E+00  1.4695E+00
6.3096E-09  3.2565E-01  5.7829E-06  1.1251E+00  1.4694E+00
1.0000E-08  3.2565E-01  7.8904E-06  1.1251E+00  1.4694E+00
1.5849E-08  3.2566E-01  1.1223E-05  1.1251E+00  1.4694E+00
2.5119E-08  3.2566E-01  1.6414E-05  1.1251E+00  1.4694E+00
3.9811E-08  3.2567E-01  2.4604E-05  1.1251E+00  1.4694E+00
6.3096E-08  3.2569E-01  3.7016E-05  1.1251E+00  1.4694E+00
1.0000E-07  3.2571E-01  5.6177E-05  1.1251E+00  1.4694E+00
1.5849E-07  3.2574E-01  8.5888E-05  1.1251E+00  1.4694E+00
2.5119E-07  3.2578E-01  1.3180E-04  1.1251E+00  1.4694E+00
3.9811E-07  3.2584E-01  2.0239E-04  1.1251E+00  1.4694E+00
6.3096E-07  3.2592E-01  3.0564E-04  1.1251E+00  1.4693E+00
1.0000E-06  3.2603E-01  4.6813E-04  1.1251E+00  1.4693E+00
1.5849E-06  3.2619E-01  7.0631E-04  1.1251E+00  1.4693E+00
2.5119E-06  3.2639E-01  1.0838E-03  1.1251E+00  1.4693E+00
3.9811E-06  3.2668E-01  1.6478E-03  1.1251E+00  1.4692E+00
6.3096E-06  3.2706E-01  2.5369E-03  1.1251E+00  1.4692E+00
1.0000E-05  3.2757E-01  3.8617E-03  1.1251E+00  1.4692E+00
1.5849E-05  3.2826E-01  5.9217E-03  1.1251E+00  1.4691E+00
2.5119E-05  3.2920E-01  9.0462E-03  1.1251E+00  1.4691E+00
3.9811E-05  3.3048E-01  1.3857E-02  1.1251E+00  1.4690E+00
6.3096E-05  3.3225E-01  2.1208E-02  1.1251E+00  1.4689E+00
1.0000E-04  3.3476E-01  3.2307E-02  1.1251E+00  1.4688E+00
1.5849E-04  3.3831E-01  4.9403E-02  1.1251E+00  1.4687E+00
2.5119E-04  3.4350E-01  7.4175E-02  1.1251E+00  1.4685E+00
3.9811E-04  3.5098E-01  1.1318E-01  1.1251E+00  1.4683E+00
6.3096E-04  3.6263E-01  1.6739E-01  1.1251E+00  1.4680E+00
1.0000E-03  3.7942E-01  2.5323E-01  1.1250E+00  1.4677E+00
1.5849E-03  4.0679E-01  3.7109E-01  1.1250E+00  1.4673E+00
2.5119E-03  4.4691E-01  5.5430E-01  1.1250E+00  1.4668E+00
3.9811E-03  5.1400E-01  8.0233E-01  1.1250E+00  1.4661E+00
6.3096E-03  6.1652E-01  1.1724E+00  1.1249E+00  1.4653E+00
1.0000E-02  7.8274E-01  1.6782E+00  1.1249E+00  1.4643E+00
1.5849E-02  1.0405E+00  2.3876E+00  1.1248E+00  1.4632E+00
2.5119E-02  1.4253E+00  3.3937E+00  1.1247E+00  1.4616E+00
3.9811E-02  1.9713E+00  4.7236E+00  1.1246E+00  1.4599E+00
6.3096E-02  2.7316E+00  6.6902E+00  1.1245E+00  1.4574E+00
1.0000E-01  3.5923E+00  9.0567E+00  1.1243E+00  1.4552E+00
1.5849E-01  4.7859E+00  1.2771E+01  1.1240E+00  1.4517E+00
2.5119E-01  5.9594E+00  1.7154E+01  1.1238E+00  1.4489E+00
3.9811E-01  7.5560E+00  2.4045E+01  1.1234E+00  1.4445E+00
6.3096E-01  9.0464E+00  3.2262E+01  1.1232E+00  1.4410E+00
1.0000E+00  1.0979E+01  4.4552E+01  1.1229E+00  1.4363E+00
1.5849E+00  1.2749E+01  5.9651E+01  1.1228E+00  1.4321E+00
2.5119E+00  1.4722E+01  8.0811E+01  1.1226E+00  1.4274E+00
3.9811E+00  1.6844E+01  1.0797E+02  1.1225E+00  1.4227E+00
6.3096E+00  1.9193E+01  1.4381E+02  1.1223E+00  1.4184E+00
1.0000E+01  2.2143E+01  1.8845E+02  1.1221E+00  1.4140E+00
1.5849E+01  2.5853E+01  2.3731E+02  1.1220E+00  1.4109E+00
2.5119E+01  3.0907E+01  2.9728E+02  1.1218E+00  1.4081E+00
3.9811E+01  3.7561E+01  3.5998E+02  1.1217E+00  1.4075E+00
6.3096E+01  4.6427E+01  4.1999E+02  1.1217E+00  1.4075E+00
1.0000E+02  5.8781E+01  4.7459E+02  1.1217E+00  1.4086E+00
1.5849E+02  7.3264E+01  4.9305E+02  1.1218E+00  1.4105E+00
2.5119E+02  9.0886E+01  4.9003E+02  1.1219E+00  1.4122E+00
3.9811E+02  1.0764E+02  4.5304E+02  1.1220E+00  1.4141E+00
6.3096E+02  1.2428E+02  4.0485E+02  1.1222E+00  1.4171E+00
1.0000E+03  1.3350E+02  3.4493E+02  1.1226E+00  1.4215E+00
1.5849E+03  1.3834E+02  2.7769E+02  1.1235E+00  1.4346E+00
2.5119E+03  1.3482E+02  2.2035E+02  1.1243E+00  1.4472E+00
3.9811E+03  1.1787E+02  1.6313E+02  1.1244E+00  1.4513E+00
6.3096E+03  9.7104E+01  1.1895E+02  1.1246E+00  1.4561E+00
1.0000E+04  7.3753E+01  8.3751E+01  1.1248E+00  1.4607E+00
Rosseland and Planck opacities and free electrons
Density     Ross opa    Planck opa  No. Free    Av Sq Free  T=  3.5000E-01
1.0000E-10  3.2523E-01  3.2248E-06  1.1252E+00  1.4724E+00
1.5849E-10  3.2523E-01  4.4899E-06  1.1252E+00  1.4721E+00
2.5119E-10  3.2522E-01  5.6681E-06  1.1252E+00  1.4719E+00
3.9811E-10  3.2522E-01  7.5354E-06  1.1252E+00  1.4715E+00
6.3096E-10  3.2522E-01  9.0997E-06  1.1251E+00  1.4712E+00
1.0000E-09  3.2522E-01  1.1467E-05  1.1251E+00  1.4709E+00
1.5849E-09  3.2522E-01  1.3465E-05  1.1251E+00  1.4707E+00
2.5119E-09  3.2522E-01  1.5968E-05  1.1251E+00  1.4704E+00
3.9811E-09  3.2522E-01  1.8222E-05  1.1251E+00  1.4701E+00
6.3096E-09  3.2522E-01  2.0340E-05  1.1251E+00  1.4700E+00
1.0000E-08  3.2522E-01  2.2701E-05  1.1251E+00  1.4698E+00
1.5849E-08  3.2522E-01  2.4748E-05  1.1251E+00  1.4697E+00
2.5119E-08  3.2522E-01  2.7612E-05  1.1251E+00  1.4696E+00
3.9811E-08  3.2523E-01  3.0736E-05  1.1251E+00  1.4696E+00
6.3096E-08  3.2523E-01  3.5612E-05  1.1251E+00  1.4695E+00
1.0000E-07  3.2524E-01  4.2302E-05  1.1251E+00  1.4695E+00
1.5849E-07  3.2525E-01  5.2905E-05  1.1251E+00  1.4695E+00
2.5119E-07  3.2527E-01  6.9172E-05  1.1251E+00  1.4694E+00
3.9811E-07  3.2530E-01  9.4888E-05  1.1251E+00  1.4694E+00
6.3096E-07  3.2534E-01  1.3387E-04  1.1251E+00  1.4694E+00
1.0000E-06  3.2539E-01  1.9486E-04  1.1251E+00  1.4694E+00
1.5849E-06  3.2547E-01  2.8770E-04  1.1251E+00  1.4694E+00
2.5119E-06  3.2558E-01  4.3119E-04  1.1251E+00  1.4694E+00
3.9811E-06  3.2573E-01  6.5187E-04  1.1251E+00  1.4694E+00
6.3096E-06  3.2594E-01  9.8870E-04  1.1251E+00  1.4694E+00
1.0000E-05  3.2623E-01  1.5095E-03  1.1251E+00  1.4693E+00
1.5849E-05  3.2662E-01  2.2778E-03  1.1251E+00  1.4693E+00
2.5119E-05  3.2716E-01  3.4889E-03  1.1251E+00  1.4693E+00
3.9811E-05  3.2789E-01  5.2602E-03  1.1251E+00  1.4692E+00
6.3096E-05  3.2892E-01  8.0674E-03  1.1251E+00  1.4692E+00
1.0000E-04  3.3036E-01  1.2207E-02  1.1251E+00  1.4691E+00
1.5849E-04  3.3238E-01  1.8715E-02  1.1251E+00  1.4691E+00
2.5119E-04  3.3524E-01  2.8389E-02  1.1251E+00  1.4690E+00
3.9811E-04  3.3932E-01  4.3394E-02  1.1251E+00  1.4689E+00
6.3096E-04  3.4529E-01  6.5818E-02  1.1251E+00  1.4687E+00
1.0000E-03  3.5404E-01  9.9893E-02  1.1251E+00  1.4685E+00
1.5849E-03  3.6721E-01  1.5126E-01  1.1251E+00  1.4683E+00
2.5119E-03  3.8724E-01  2.2715E-01  1.1250E+00  1.4680E+00
3.9811E-03  4.1760E-01  3.4382E-01  1.1250E+00  1.4676E+00
6.3096E-03  4.6593E-01  5.1069E-01  1.1250E+00  1.4672E+00
1.0000E-02  5.3837E-01  7.7395E-01  1.1250E+00  1.4665E+00
1.5849E-02  6.5892E-01  1.1331E+00  1.1249E+00  1.4657E+00
2.5119E-02  8.3999E-01  1.7020E+00  1.1249E+00  1.4646E+00
3.9811E-02  1.1169E+00  2.4563E+00  1.1248E+00  1.4634E+00
6.3096E-02  1.5240E+00  3.6175E+00  1.1247E+00  1.4616E+00
1.0000E-01  2.0403E+00  5.1174E+00  1.1245E+00  1.4596E+00
1.5849E-01  2.7259E+00  7.2906E+00  1.1243E+00  1.4570E+00
2.5119E-01  3.5243E+00  1.0186E+01  1.1241E+00  1.4542E+00
3.9811E-01  4.4290E+00  1.4104E+01  1.1239E+00  1.4511E+00
6.3096E-01  5.5105E+00  1.9646E+01  1.1237E+00  1.4473E+00
1.0000E+00  6.6039E+00  2.6896E+01  1.1235E+00  1.4439E+00
1.5849E+00  8.0157E+00  3.7501E+01  1.1233E+00  1.4393E+00
2.5119E+00  9.2111E+00  5.0229E+01  1.1232E+00  1.4357E+00
3.9811E+00  1.0900E+01  6.9757E+01  1.1230E+00  1.4303E+00
6.3096E+00  1.2237E+01  9.1244E+01  1.1229E+00  1.4267E+00
1.0000E+01  1.4184E+01  1.2447E+02  1.1226E+00  1.4209E+00
1.5849E+01  1.6361E+01  1.5672E+02  1.1225E+00  1.4177E+00
2.5119E+01  1.9624E+01  2.0288E+02  1.1222E+00  1.4134E+00
3.9811E+01  2.3586E+01  2.4462E+02  1.1221E+00  1.4120E+00
6.3096E+01  2.9530E+01  2.9705E+02  1.1220E+00  1.4108E+00
1.0000E+02  3.6809E+01  3.3439E+02  1.1220E+00  1.4117E+00
1.5849E+02  4.6618E+01  3.6452E+02  1.1220E+00  1.4127E+00
2.5119E+02  5.8878E+01  3.7598E+02  1.1220E+00  1.4141E+00
3.9811E+02  7.2201E+01  3.6365E+02  1.1222E+00  1.4160E+00
6.3096E+02  8.5445E+01  3.3278E+02  1.1224E+00  1.4188E+00
1.0000E+03  9.5206E+01  2.8987E+02  1.1227E+00  1.4229E+00
1.5849E+03  1.0237E+02  2.4381E+02  1.1232E+00  1.4303E+00
2.5119E+03  1.0586E+02  1.9666E+02  1.1243E+00  1.4460E+00
3.9811E+03  9.8893E+01  1.5286E+02  1.1244E+00  1.4516E+00
6.3096E+03  8.3691E+01  1.1025E+02  1.1247E+00  1.4569E+00
1.0000E+04  6.8145E+01  8.1065E+01  1.1248E+00  1.4607E+00
Rosseland and Planck opacities and free electrons
Density     Ross opa    Planck opa  No. Free    Av Sq Free  T=  4.0000E-01
1.0000E-10  3.2486E-01  1.2638E-06  1.1252E+00  1.4734E+00
1.5849E-10  3.2486E-01  1.9399E-06  1.1252E+00  1.4734E+00
2.5119E-10  3.2486E-01  2.9205E-06  1.1252E+00  1.4733E+00
3.9811E-10  3.2486E-01  4.4201E-06  1.1252E+00  1.4732E+00
6.3096E-10  3.2486E-01  6.5524E-06  1.1252E+00  1.4731E+00
1.0000E-09  3.2486E-01  9.6303E-06  1.1252E+00  1.4730E+00
1.5849E-09  3.2486E-01  1.3926E-05  1.1252E+00  1.4728E+00
2.5119E-09  3.2486E-01  1.9264E-05  1.1252E+00  1.4726E+00
3.9811E-09  3.2486E-01  2.7002E-05  1.1252E+00  1.4723E+00
6.3096E-09  3.2486E-01  3.4525E-05  1.1252E+00  1.4720E+00
1.0000E-08  3.2486E-01  4.6448E-05  1.1252E+00  1.4716E+00
1.5849E-08  3.2486E-01  5.5733E-05  1.1252E+00  1.4714E+00
2.5119E-08  3.2486E-01  7.0330E-05  1.1251E+00  1.4710E+00
3.9811E-08  3.2486E-01  8.2260E-05  1.1251E+00  1.4708E+00
6.3096E-08  3.2486E-01  9.8062E-05  1.1251E+00  1.4705E+00
1.0000E-07  3.2486E-01  1.1214E-04  1.1251E+00  1.4702E+00
1.5849E-07  3.2487E-01  1.2696E-04  1.1251E+00  1.4700E+00
2.5119E-07  3.2488E-01  1.4354E-04  1.1251E+00  1.4698E+00
3.9811E-07  3.2489E-01  1.6025E-04  1.1251E+00  1.4697E+00
6.3096E-07  3.2491E-01  1.8443E-04  1.1251E+00  1.4696E+00
1.0000E-06  3.2494E-01  2.1610E-04  1.1251E+00  1.4696E+00
1.5849E-06  3.2499E-01  2.6532E-04  1.1251E+00  1.4695E+00
2.5119E-06  3.2505E-01  3.3539E-04  1.1251E+00  1.4695E+00
3.9811E-06  3.2514E-01  4.4643E-04  1.1251E+00  1.4695E+00
6.3096E-06  3.2527E-01  6.1871E-04  1.1251E+00  1.4694E+00
1.0000E-05  3.2545E-01  8.9156E-04  1.1251E+00  1.4694E+00
1.5849E-05  3.2570E-01  1.3044E-03  1.1251E+00  1.4694E+00
2.5119E-05  3.2605E-01  1.9523E-03  1.1251E+00  1.4694E+00
3.9811E-05  3.2651E-01  2.9365E-03  1.1251E+00  1.4694E+00
6.3096E-05  3.2714E-01  4.4634E-03  1.1251E+00  1.4693E+00
1.0000E-04  3.2801E-01  6.8016E-03  1.1251E+00  1.4693E+00
1.5849E-04  3.2922E-01  1.0380E-02  1.1251E+00  1.4692E+00
2.5119E-04  3.3093E-01  1.5928E-02  1.1251E+00  1.4692E+00
3.9811E-04  3.3336E-01  2.4310E-02  1.1251E+00  1.4691E+00
6.3096E-04  3.3685E-01  3.7469E-02  1.1251E+00  1.4690E+00
1.0000E-03  3.4193E-01  5.6934E-02  1.1251E+00  1.4689E+00
1.5849E-03  3.4937E-01  8.7734E-02  1.1251E+00  1.4688E+00
2.5119E-03  3.6064E-01  1.3223E-01  1.1251E+00  1.4686E+00
3.9811E-03  3.7733E-01  2.0224E-01  1.1250E+00  1.4684E+00
6.3096E-03  4.0331E-01  3.0178E-01  1.1250E+00  1.4681E+00
1.0000E-02  4.4236E-01  4.5502E-01  1.1250E+00  1.4677E+00
1.5849E-02  5.0365E-01  6.7241E-01  1.1250E+00  1.4671E+00
2.5119E-02  5.9725E-01  9.9407E-01  1.1249E+00  1.4664E+00
3.9811E-02  7.4056E-01  1.4592E+00  1.1249E+00  1.4655E+00
6.3096E-02  9.5493E-01  2.1173E+00  1.1248E+00  1.4643E+00
1.0000E-01  1.2625E+00  3.0945E+00  1.1247E+00  1.4626E+00
1.5849E-01  1.6579E+00  4.3913E+00  1.1245E+00  1.4607E+00
2.5119E-01  2.2144E+00  6.3873E+00  1.1243E+00  1.4580E+00
3.9811E-01  2.7738E+00  8.8498E+00  1.1242E+00  1.4557E+00
6.3096E-01  3.5674E+00  1.2707E+01  1.1240E+00  1.4520E+00
1.0000E+00  4.2681E+00  1.7340E+01  1.1239E+00  1.4492E+00
1.5849E+00  5.2173E+00  2.4419E+01  1.1238E+00  1.4453E+00
2.5119E+00  6.1096E+00  3.3175E+01  1.1236E+00  1.4418E+00
3.9811E+00  7.2041E+00  4.5840E+01  1.1235E+00  1.4374E+00
6.3096E+00  8.3214E+00  6.1829E+01  1.1233E+00  1.4331E+00
1.0000E+01  9.5842E+00  8.3470E+01  1.1231E+00  1.4283E+00
1.5849E+01  1.1157E+01  1.0978E+02  1.1229E+00  1.4236E+00
2.5119E+01  1.3172E+01  1.4022E+02  1.1226E+00  1.4197E+00
3.9811E+01  1.5900E+01  1.7576E+02  1.1224E+00  1.4163E+00
6.3096E+01  1.9615E+01  2.1198E+02  1.1222E+00  1.4148E+00
1.0000E+02  2.4558E+01  2.4618E+02  1.1222E+00  1.4144E+00
1.5849E+02  3.1531E+01  2.7955E+02  1.1222E+00  1.4153E+00
2.5119E+02  3.9860E+01  2.9329E+02  1.1222E+00  1.4159E+00
3.9811E+02  5.0000E+01  2.9371E+02  1.1222E+00  1.4171E+00
6.3096E+02  6.0058E+01  2.7422E+02  1.1224E+00  1.4194E+00
1.0000E+03  7.0486E+01  2.4817E+02  1.1228E+00  1.4245E+00
1.5849E+03  7.7943E+01  2.1635E+02  1.1236E+00  1.4363E+00
2.5119E+03  8.2020E+01  1.7459E+02  1.1241E+00  1.4448E+00
3.9811E+03  8.1157E+01  1.3893E+02  1.1245E+00  1.4517E+00
6.3096E+03  7.2404E+01  1.0326E+02  1.1247E+00  1.4585E+00
1.0000E+04  6.0656E+01  7.6029E+01  1.1248E+00  1.4608E+00
Rosseland and Planck opacities and free electrons
Density     Ross opa    Planck opa  No. Free    Av Sq Free  T=  4.5000E-01
1.0000E-10  3.2453E-01  3.4166E-07  1.1252E+00  1.4735E+00
1.5849E-10  3.2453E-01  5.3973E-07  1.1252E+00  1.4735E+00
2.5119E-10  3.2453E-01  8.5098E-07  1.1252E+00  1.4735E+00
3.9811E-10  3.2453E-01  1.3361E-06  1.1252E+00  1.4735E+00
6.3096E-10  3.2453E-01  2.0995E-06  1.1252E+00  1.4735E+00
1.0000E-09  3.2453E-01  3.2584E-06  1.1252E+00  1.4735E+00
1.5849E-09  3.2453E-01  5.0950E-06  1.1252E+00  1.4734E+00
2.5119E-09  3.2453E-01  7.7932E-06  1.1252E+00  1.4734E+00
3.9811E-09  3.2453E-01  1.2055E-05  1.1252E+00  1.4733E+00
6.3096E-09  3.2453E-01  1.8151E-05  1.1252E+00  1.4732E+00
1.0000E-08  3.2454E-01  2.7576E-05  1.1252E+00  1.4731E+00
1.5849E-08  3.2454E-01  4.0511E-05  1.1252E+00  1.4730E+00
2.5119E-08  3.2454E-01  5.9379E-05  1.1252E+00  1.4728E+00
3.9811E-08  3.2454E-01  8.4470E-05  1.1252E+00  1.4726E+00
6.3096E-08  3.2455E-01  1.1636E-04  1.1252E+00  1.4723E+00
1.0000E-07  3.2455E-01  1.6021E-04  1.1252E+00  1.4720E+00
1.5849E-07  3.2456E-01  2.0605E-04  1.1252E+00  1.4717E+00
2.5119E-07  3.2456E-01  2.7454E-04  1.1251E+00  1.4713E+00
3.9811E-07  3.2457E-01  3.3112E-04  1.1251E+00  1.4710E+00
6.3096E-07  3.2458E-01  4.2080E-04  1.1251E+00  1.4706E+00
1.0000E-06  3.2460E-01  4.8362E-04  1.1251E+00  1.4704E+00
1.5849E-06  3.2463E-01  5.7463E-04  1.1251E+00  1.4701E+00
2.5119E-06  3.2466E-01  6.5162E-04  1.1251E+00  1.4700E+00
3.9811E-06  3.2471E-01  7.4541E-04  1.1251E+00  1.4698E+00
6.3096E-06  3.2479E-01  8.6007E-04  1.1251E+00  1.4697E+00
1.0000E-05  3.2489E-01  1.0106E-03  1.1251E+00  1.4696E+00
1.5849E-05  3.2504E-01  1.2334E-03  1.1251E+00  1.4695E+00
2.5119E-05  3.2525E-01  1.5578E-03  1.1251E+00  1.4695E+00
3.9811E-05  3.2555E-01  2.0642E-03  1.1251E+00  1.4694E+00
6.3096E-05  3.2596E-01  2.8353E-03  1.1251E+00  1.4694E+00
1.0000E-04  3.2654E-01  4.0525E-03  1.1251E+00  1.4694E+00
1.5849E-04  3.2733E-01  5.8903E-03  1.1251E+00  1.4694E+00
2.5119E-04  3.2844E-01  8.8030E-03  1.1251E+00  1.4693E+00
3.9811E-04  3.2999E-01  1.3165E-02  1.1251E+00  1.4693E+00
6.3096E-04  3.3221E-01  2.0040E-02  1.1251E+00  1.4692E+00
1.0000E-03  3.3541E-01  3.0369E-02  1.1251E+00  1.4691E+00
1.5849E-03  3.4005E-01  4.6461E-02  1.1251E+00  1.4690E+00
2.5119E-03  3.4690E-01  7.0735E-02  1.1251E+00  1.4689E+00
3.9811E-03  3.5705E-01  1.0804E-01  1.1251E+00  1.4688E+00
6.3096E-03  3.7233E-01  1.6472E-01  1.1251E+00  1.4686E+00
1.0000E-02  3.9543E-01  2.4964E-01  1.1250E+00  1.4683E+00
1.5849E-02  4.3037E-01  3.8030E-01  1.1250E+00  1.4679E+00
2.5119E-02  4.8407E-01  5.6814E-01  1.1250E+00  1.4674E+00
3.9811E-02  5.6479E-01  8.6374E-01  1.1249E+00  1.4667E+00
6.3096E-02  6.8665E-01  1.2697E+00  1.1249E+00  1.4659E+00
1.0000E-01  8.6790E-01  1.9109E+00  1.1248E+00  1.4645E+00
1.5849E-01  1.1091E+00  2.7593E+00  1.1247E+00  1.4632E+00
2.5119E-01  1.4530E+00  4.0654E+00  1.1245E+00  1.4611E+00
3.9811E-01  1.8473E+00  5.7903E+00  1.1244E+00  1.4590E+00
6.3096E-01  2.3520E+00  8.3234E+00  1.1243E+00  1.4562E+00
1.0000E+00  2.9106E+00  1.1732E+01  1.1241E+00  1.4533E+00
1.5849E+00  3.5289E+00  1.6448E+01  1.1241E+00  1.4501E+00
2.5119E+00  4.2605E+00  2.3019E+01  1.1239E+00  1.4463E+00
3.9811E+00  4.9836E+00  3.1563E+01  1.1238E+00  1.4428E+00
6.3096E+00  5.9153E+00  4.3864E+01  1.1236E+00  1.4381E+00
1.0000E+01  6.7766E+00  5.8617E+01  1.1234E+00  1.4342E+00
1.5849E+01  8.0044E+00  8.0364E+01  1.1232E+00  1.4285E+00
2.5119E+01  9.3159E+00  1.0143E+02  1.1230E+00  1.4251E+00
3.9811E+01  1.1283E+01  1.3173E+02  1.1226E+00  1.4201E+00
6.3096E+01  1.3696E+01  1.5722E+02  1.1225E+00  1.4186E+00
1.0000E+02  1.7246E+01  1.8774E+02  1.1224E+00  1.4170E+00
1.5849E+02  2.1912E+01  2.1368E+02  1.1223E+00  1.4174E+00
2.5119E+02  2.7950E+01  2.3137E+02  1.1223E+00  1.4179E+00
3.9811E+02  3.5609E+01  2.3847E+02  1.1224E+00  1.4188E+00
6.3096E+02  4.3926E+01  2.3016E+02  1.1225E+00  1.4202E+00
1.0000E+03  5.3110E+01  2.1349E+02  1.1226E+00  1.4221E+00
1.5849E+03  5.9652E+01  1.8794E+02  1.1235E+00  1.4351E+00
2.5119E+03  6.4949E+01  1.5802E+02  1.1243E+00  1.4471E+00
3.9811E+03  6.7056E+01  1.2698E+02  1.1245E+00  1.4524E+00
6.3096E+03  6.2826E+01  9.7934E+01  1.1248E+00  1.4592E+00
1.0000E+04  5.3820E+01  7.1477E+01  1.1248E+00  1.4608E+00
Rosseland and Planck opacities and free electrons
Density     Ross opa    Planck opa  No. Free    Av Sq Free  T=  5.0000E-01
1.0000E-10  3.2423E-01  1.1316E-07  1.1252E+00  1.4735E+00
1.5849E-10  3.2423E-01  1.7964E-07  1.1252E+00  1.4735E+00
2.5119E-10  3.2423E-01  2.8501E-07  1.1252E+00  1.4735E+00
3.9811E-10  3.2423E-01  4.5181E-07  1.1252E+00  1.4735E+00
6.3096E-10  3.2423E-01  7.1614E-07  1.1252E+00  1.4735E+00
1.0000E-09  3.2424E-01  1.1328E-06  1.1252E+00  1.4735E+00
1.5849E-09  3.2424E-01  1.7924E-06  1.1252E+00  1.4735E+00
2.5119E-09  3.2424E-01  2.8247E-06  1.1252E+00  1.4735E+00
3.9811E-09  3.2424E-01  4.4499E-06  1.1252E+00  1.4735E+00
6.3096E-09  3.2424E-01  6.9795E-06  1.1252E+00  1.4735E+00
1.0000E-08  3.2424E-01  1.0913E-05  1.1252E+00  1.4735E+00
1.5849E-08  3.2425E-01  1.7014E-05  1.1252E+00  1.4734E+00
2.5119E-08  3.2425E-01  2.6211E-05  1.1252E+00  1.4734E+00
3.9811E-08  3.2425E-01  4.0603E-05  1.1252E+00  1.4733E+00
6.3096E-08  3.2426E-01  6.1100E-05  1.1252E+00  1.4732E+00
1.0000E-07  3.2426E-01  9.3586E-05  1.1252E+00  1.4731E+00
1.5849E-07  3.2427E-01  1.3580E-04  1.1252E+00  1.4730E+00
2.5119E-07  3.2428E-01  2.0171E-04  1.1252E+00  1.4728E+00
3.9811E-07  3.2429E-01  2.8048E-04  1.1252E+00  1.4725E+00
6.3096E-07  3.2431E-01  3.9453E-04  1.1252E+00  1.4722E+00
1.0000E-06  3.2432E-01  5.2796E-04  1.1252E+00  1.4719E+00
1.5849E-06  3.2435E-01  6.9593E-04  1.1252E+00  1.4716E+00
2.5119E-06  3.2437E-01  9.0014E-04  1.1251E+00  1.4712E+00
3.9811E-06  3.2441E-01  1.1094E-03  1.1251E+00  1.4709E+00
6.3096E-06  3.2446E-01  1.3881E-03  1.1251E+00  1.4705E+00
1.0000E-05  3.2453E-01  1.6109E-03  1.1251E+00  1.4703E+00
1.5849E-05  3.2463E-01  1.9495E-03  1.1251E+00  1.4700E+00
2.5119E-05  3.2477E-01  2.2125E-03  1.1251E+00  1.4699E+00
3.9811E-05  3.2496E-01  2.6294E-03  1.1251E+00  1.4697E+00
6.3096E-05  3.2523E-01  3.1155E-03  1.1251E+00  1.4696E+00
1.0000E-04  3.2561E-01  3.8593E-03  1.1251E+00  1.4695E+00
1.5849E-04  3.2614E-01  4.9473E-03  1.1251E+00  1.4695E+00
2.5119E-04  3.2688E-01  6.6275E-03  1.1251E+00  1.4694E+00
3.9811E-04  3.2793E-01  9.2056E-03  1.1251E+00  1.4694E+00
6.3096E-04  3.2942E-01  1.3204E-02  1.1251E+00  1.4693E+00
1.0000E-03  3.3154E-01  1.9385E-02  1.1251E+00  1.4693E+00
1.5849E-03  3.3459E-01  2.8859E-02  1.1251E+00  1.4692E+00
2.5119E-03  3.3905E-01  4.3595E-02  1.1251E+00  1.4691E+00
3.9811E-03  3.4560E-01  6.5807E-02  1.1251E+00  1.4690E+00
6.3096E-03  3.5531E-01  1.0081E-01  1.1251E+00  1.4688E+00
1.0000E-02  3.6993E-01  1.5222E-01  1.1251E+00  1.4687E+00
1.5849E-02  3.9169E-01  2.3365E-01  1.1250E+00  1.4684E+00
2.5119E-02  4.2485E-01  3.5215E-01  1.1250E+00  1.4680E+00
3.9811E-02  4.7433E-01  5.3733E-01  1.1250E+00  1.4675E+00
6.3096E-02  5.4849E-01  8.0635E-01  1.1249E+00  1.4669E+00
1.0000E-01  6.5814E-01  1.2178E+00  1.1248E+00  1.4659E+00
1.5849E-01  8.1271E-01  1.8094E+00  1.1248E+00  1.4647E+00
2.5119E-01  1.0270E+00  2.6748E+00  1.1246E+00  1.4632E+00
3.9811E-01  1.3094E+00  3.9276E+00  1.1245E+00  1.4613E+00
6.3096E-01  1.6427E+00  5.6504E+00  1.1244E+00  1.4593E+00
1.0000E+00  2.0830E+00  8.2263E+00  1.1243E+00  1.4564E+00
1.5849E+00  2.5052E+00  1.1507E+01  1.1243E+00  1.4538E+00
2.5119E+00  3.1051E+00  1.6591E+01  1.1242E+00  1.4499E+00
3.9811E+00  3.6029E+00  2.2589E+01  1.1241E+00  1.4470E+00
6.3096E+00  4.3227E+00  3.1930E+01  1.1239E+00  1.4425E+00
1.0000E+01  4.9782E+00  4.2804E+01  1.1237E+00  1.4388E+00
1.5849E+01  5.8830E+00  5.8957E+01  1.1235E+00  1.4336E+00
2.5119E+01  6.8768E+00  7.6081E+01  1.1232E+00  1.4295E+00
3.9811E+01  8.2544E+00  9.8851E+01  1.1229E+00  1.4248E+00
6.3096E+01  1.0010E+01  1.2104E+02  1.1227E+00  1.4221E+00
1.0000E+02  1.2591E+01  1.4707E+02  1.1226E+00  1.4199E+00
1.5849E+02  1.5848E+01  1.6779E+02  1.1225E+00  1.4197E+00
2.5119E+02  2.0406E+01  1.8691E+02  1.1225E+00  1.4199E+00
3.9811E+02  2.6296E+01  1.9767E+02  1.1225E+00  1.4205E+00
6.3096E+02  3.3167E+01  1.9651E+02  1.1226E+00  1.4219E+00
1.0000E+03  3.9946E+01  1.8313E+02  1.1230E+00  1.4269E+00
1.5849E+03  4.6524E+01  1.6509E+02  1.1235E+00  1.4350E+00
2.5119E+03  5.2191E+01  1.4406E+02  1.1243E+00  1.4467E+00
3.9811E+03  5.5186E+01  1.1594E+02  1.1245E+00  1.4519E+00
6.3096E+03  5.4269E+01  9.2295E+01  1.1247E+00  1.4585E+00
1.0000E+04  4.7703E+01  6.7374E+01  1.1248E+00  1.4609E+00
Rosseland and Planck opacities and free electrons
Density     Ross opa    Planck opa  No. Free    Av Sq Free  T=  5.5000E-01
1.0000E-10  3.2365E-01  4.2936E-08  1.1252E+00  1.4735E+00
1.5849E-10  3.2365E-01  6.8302E-08  1.1252E+00  1.4735E+00
2.5119E-10  3.2365E-01  1.0855E-07  1.1252E+00  1.4735E+00
3.9811E-10  3.2365E-01  1.7246E-07  1.1252E+00  1.4735E+00
6.3096E-10  3.2365E-01  2.7384E-07  1.1252E+00  1.4735E+00
1.0000E-09  3.2365E-01  4.3418E-07  1.1252E+00  1.4735E+00
1.5849E-09  3.2365E-01  6.8782E-07  1.1252E+00  1.4735E+00
2.5119E-09  3.2365E-01  1.0892E-06  1.1252E+00  1.4735E+00
3.9811E-09  3.2366E-01  1.7238E-06  1.1252E+00  1.4735E+00
6.3096E-09  3.2366E-01  2.7289E-06  1.1252E+00  1.4735E+00
1.0000E-08  3.2366E-01  4.3171E-06  1.1252E+00  1.4735E+00
1.5849E-08  3.2366E-01  6.8343E-06  1.1252E+00  1.4735E+00
2.5119E-08  3.2367E-01  1.0741E-05  1.1252E+00  1.4735E+00
3.9811E-08  3.2367E-01  1.6927E-05  1.1252E+00  1.4735E+00
6.3096E-08  3.2368E-01  2.6436E-05  1.1252E+00  1.4735E+00
1.0000E-07  3.2368E-01  4.1402E-05  1.1252E+00  1.4734E+00
1.5849E-07  3.2369E-01  6.3793E-05  1.1252E+00  1.4734E+00
2.5119E-07  3.2370E-01  9.8215E-05  1.1252E+00  1.4733E+00
3.9811E-07  3.2371E-01  1.4957E-04  1.1252E+00  1.4732E+00
6.3096E-07  3.2373E-01  2.2580E-04  1.1252E+00  1.4731E+00
1.0000E-06  3.2375E-01  3.3849E-04  1.1252E+00  1.4730E+00
1.5849E-06  3.2378E-01  4.8897E-04  1.1252E+00  1.4728E+00
2.5119E-06  3.2381E-01  7.1838E-04  1.1252E+00  1.4725E+00
3.9811E-06  3.2385E-01  9.7314E-04  1.1252E+00  1.4722E+00
6.3096E-06  3.2390E-01  1.3769E-03  1.1252E+00  1.4718E+00
1.0000E-05  3.2396E-01  1.7602E-03  1.1252E+00  1.4716E+00
1.5849E-05  3.2405E-01  2.3414E-03  1.1251E+00  1.4712E+00
2.5119E-05  3.2416E-01  2.8800E-03  1.1251E+00  1.4709E+00
3.9811E-05  3.2432E-01  3.5762E-03  1.1251E+00  1.4705E+00
6.3096E-05  3.2451E-01  4.2884E-03  1.1251E+00  1.4702E+00
1.0000E-04  3.2477E-01  5.0630E-03  1.1251E+00  1.4700E+00
1.5849E-04  3.2513E-01  6.0592E-03  1.1251E+00  1.4698E+00
2.5119E-04  3.2562E-01  7.2177E-03  1.1251E+00  1.4697E+00
3.9811E-04  3.2632E-01  8.9650E-03  1.1251E+00  1.4696E+00
6.3096E-04  3.2735E-01  1.1376E-02  1.1251E+00  1.4695E+00
1.0000E-03  3.2881E-01  1.5176E-02  1.1251E+00  1.4694E+00
1.5849E-03  3.3090E-01  2.0839E-02  1.1251E+00  1.4694E+00
2.5119E-03  3.3393E-01  2.9814E-02  1.1251E+00  1.4693E+00
3.9811E-03  3.3832E-01  4.3260E-02  1.1251E+00  1.4692E+00
6.3096E-03  3.4479E-01  6.4443E-02  1.1251E+00  1.4691E+00
1.0000E-02  3.5441E-01  9.6494E-02  1.1251E+00  1.4690E+00
1.5849E-02  3.6868E-01  1.4640E-01  1.1251E+00  1.4688E+00
2.5119E-02  3.9011E-01  2.2201E-01  1.1251E+00  1.4686E+00
3.9811E-02  4.2202E-01  3.3879E-01  1.1251E+00  1.4682E+00
6.3096E-02  4.6965E-01  5.1722E-01  1.1251E+00  1.4678E+00
1.0000E-01  5.3974E-01  7.8746E-01  1.1250E+00  1.4672E+00
1.5849E-01  6.4205E-01  1.1995E+00  1.1250E+00  1.4664E+00
2.5119E-01  7.8207E-01  1.7879E+00  1.1250E+00  1.4654E+00
3.9811E-01  9.8457E-01  2.7102E+00  1.1249E+00  1.4638E+00
6.3096E-01  1.2133E+00  3.9276E+00  1.1248E+00  1.4622E+00
1.0000E+00  1.5404E+00  5.8475E+00  1.1247E+00  1.4597E+00
1.5849E+00  1.8583E+00  8.2768E+00  1.1247E+00  1.4574E+00
2.5119E+00  2.2861E+00  1.1962E+01  1.1245E+00  1.4539E+00
3.9811E+00  2.7090E+00  1.6675E+01  1.1244E+00  1.4507E+00
6.3096E+00  3.2250E+00  2.3471E+01  1.1242E+00  1.4468E+00
1.0000E+01  3.7858E+00  3.2231E+01  1.1240E+00  1.4426E+00
1.5849E+01  4.4425E+00  4.4062E+01  1.1237E+00  1.4381E+00
2.5119E+01  5.2546E+00  5.8717E+01  1.1235E+00  1.4333E+00
3.9811E+01  6.2405E+00  7.5599E+01  1.1232E+00  1.4292E+00
6.3096E+01  7.5841E+00  9.5598E+01  1.1229E+00  1.4252E+00
1.0000E+02  9.4167E+00  1.1548E+02  1.1228E+00  1.4231E+00
1.5849E+02  1.1893E+01  1.3484E+02  1.1227E+00  1.4218E+00
2.5119E+02  1.5418E+01  1.5381E+02  1.1226E+00  1.4216E+00
3.9811E+02  1.9752E+01  1.6335E+02  1.1226E+00  1.4223E+00
6.3096E+02  2.5183E+01  1.6626E+02  1.1227E+00  1.4236E+00
1.0000E+03  3.0891E+01  1.5941E+02  1.1234E+00  1.4329E+00
1.5849E+03  3.7178E+01  1.4817E+02  1.1243E+00  1.4453E+00
2.5119E+03  4.2044E+01  1.2967E+02  1.1243E+00  1.4462E+00
3.9811E+03  4.5540E+01  1.0628E+02  1.1245E+00  1.4530E+00
6.3096E+03  4.6405E+01  8.5542E+01  1.1248E+00  1.4592E+00
1.0000E+04  4.2429E+01  6.4046E+01  1.1248E+00  1.4610E+00
Rosseland and Planck opacities and free electrons
Density     Ross opa    Planck opa  No. Free    Av Sq Free  T=  6.0000E-01
1.0000E-10  3.2312E-01  1.9690E-08  1.1252E+00  1.4735E+00
1.5849E-10  3.2312E-01  3.1256E-08  1.1252E+00  1.4735E+00
2.5119E-10  3.2312E-01  4.9611E-08  1.1252E+00  1.4735E+00
3.9811E-10  3.2312E-01  7.8693E-08  1.1252E+00  1.4735E+00
6.3096E-10  3.2312E-01  1.2477E-07  1.1252E+00  1.4735E+00
1.0000E-09  3.2312E-01  1.9786E-07  1.1252E+00  1.4735E+00
1.5849E-09  3.2312E-01  3.1409E-07  1.1252E+00  1.4735E+00
2.5119E-09  3.2312E-01  4.9830E-07  1.1252E+00  1.4735E+00
3.9811E-09  3.2312E-01  7.9038E-07  1.1252E+00  1.4735E+00
6.3096E-09  3.2313E-01  1.2533E-06  1.1252E+00  1.4735E+00
1.0000E-08  3.2313E-01  1.9828E-06  1.1252E+00  1.4735E+00
1.5849E-08  3.2313E-01  3.1381E-06  1.1252E+00  1.4735E+00
2.5119E-08  3.2313E-01  4.9723E-06  1.1252E+00  1.4735E+00
3.9811E-08  3.2314E-01  7.8814E-06  1.1252E+00  1.4735E+00
6.3096E-08  3.2314E-01  1.2475E-05  1.1252E+00  1.4735E+00
1.0000E-07  3.2315E-01  1.9734E-05  1.1252E+00  1.4735E+00
1.5849E-07  3.2316E-01  3.1125E-05  1.1252E+00  1.4735E+00
2.5119E-07  3.2317E-01  4.8879E-05  1.1252E+00  1.4735E+00
3.9811E-07  3.2318E-01  7.6730E-05  1.1252E+00  1.4734E+00
6.3096E-07  3.2319E-01  1.1889E-04  1.1252E+00  1.4734E+00
1.0000E-06  3.2321E-01  1.8571E-04  1.1252E+00  1.4734E+00
1.5849E-06  3.2324E-01  2.8099E-04  1.1252E+00  1.4733E+00
2.5119E-06  3.2327E-01  4.3177E-04  1.1252E+00  1.4732E+00
3.9811E-06  3.2332E-01  6.3248E-04  1.1252E+00  1.4730E+00
6.3096E-06  3.2337E-01  9.3950E-04  1.1252E+00  1.4728E+00
1.0000E-05  3.2344E-01  1.3198E-03  1.1252E+00  1.4726E+00
1.5849E-05  3.2352E-01  1.8478E-03  1.1252E+00  1.4723E+00
2.5119E-05  3.2364E-01  2.4955E-03  1.1252E+00  1.4720E+00
3.9811E-05  3.2380E-01  3.2528E-03  1.1252E+00  1.4717E+00
6.3096E-05  3.2400E-01  4.2442E-03  1.1251E+00  1.4712E+00
1.0000E-04  3.2421E-01  5.1930E-03  1.1251E+00  1.4709E+00
1.5849E-04  3.2450E-01  6.5791E-03  1.1251E+00  1.4705E+00
2.5119E-04  3.2485E-01  7.7428E-03  1.1251E+00  1.4703E+00
3.9811E-04  3.2535E-01  9.5872E-03  1.1251E+00  1.4700E+00
6.3096E-04  3.2608E-01  1.1453E-02  1.1251E+00  1.4699E+00
1.0000E-03  3.2714E-01  1.4348E-02  1.1251E+00  1.4697E+00
1.5849E-03  3.2863E-01  1.8334E-02  1.1251E+00  1.4696E+00
2.5119E-03  3.3079E-01  2.4445E-02  1.1251E+00  1.4694E+00
3.9811E-03  3.3390E-01  3.3658E-02  1.1251E+00  1.4693E+00
6.3096E-03  3.3844E-01  4.7943E-02  1.1251E+00  1.4692E+00
1.0000E-02  3.4513E-01  6.9873E-02  1.1251E+00  1.4691E+00
1.5849E-02  3.5502E-01  1.0359E-01  1.1251E+00  1.4690E+00
2.5119E-02  3.6973E-01  1.5600E-01  1.1251E+00  1.4688E+00
3.9811E-02  3.9155E-01  2.3569E-01  1.1251E+00  1.4685E+00
6.3096E-02  4.2390E-01  3.6058E-01  1.1251E+00  1.4682E+00
1.0000E-01  4.7127E-01  5.4754E-01  1.1250E+00  1.4678E+00
1.5849E-01  5.4117E-01  8.4253E-01  1.1250E+00  1.4671E+00
2.5119E-01  6.3716E-01  1.2620E+00  1.1250E+00  1.4663E+00
3.9811E-01  7.7596E-01  1.9204E+00  1.1250E+00  1.4651E+00
6.3096E-01  9.4608E-01  2.8341E+00  1.1249E+00  1.4637E+00
1.0000E+00  1.1764E+00  4.2238E+00  1.1248E+00  1.4617E+00
1.5849E+00  1.4368E+00  6.1225E+00  1.1247E+00  1.4594E+00
2.5119E+00  1.7489E+00  8.8456E+00  1.1246E+00  1.4566E+00
3.9811E+00  2.1108E+00  1.2613E+01  1.1245E+00  1.4533E+00
6.3096E+00  2.4927E+00  1.7678E+01  1.1243E+00  1.4500E+00
1.0000E+01  2.9729E+00  2.4852E+01  1.1241E+00  1.4456E+00
1.5849E+01  3.4639E+00  3.3714E+01  1.1239E+00  1.4417E+00
2.5119E+01  4.1419E+00  4.6322E+01  1.1236E+00  1.4365E+00
3.9811E+01  4.8738E+00  5.8640E+01  1.1234E+00  1.4332E+00
6.3096E+01  5.9395E+00  7.6008E+01  1.1231E+00  1.4288E+00
1.0000E+02  7.2833E+00  9.2313E+01  1.1230E+00  1.4264E+00
1.5849E+02  9.2205E+00  1.1092E+02  1.1228E+00  1.4240E+00
2.5119E+02  1.1834E+01  1.2593E+02  1.1228E+00  1.4238E+00
3.9811E+02  1.5230E+01  1.3654E+02  1.1228E+00  1.4241E+00
6.3096E+02  1.9580E+01  1.4205E+02  1.1228E+00  1.4254E+00
1.0000E+03  2.4409E+01  1.3904E+02  1.1232E+00  1.4312E+00
1.5849E+03  3.0201E+01  1.3259E+02  1.1243E+00  1.4452E+00
2.5119E+03  3.4241E+01  1.1642E+02  1.1243E+00  1.4479E+00
3.9811E+03  3.7945E+01  9.8135E+01  1.1245E+00  1.4528E+00
6.3096E+03  3.9950E+01  7.9735E+01  1.1248E+00  1.4594E+00
1.0000E+04  3.7867E+01  6.1422E+01  1.1248E+00  1.4611E+00
Rosseland and Planck opacities and free electrons
Density     Ross opa    Planck opa  No. Free    Av Sq Free  T=  6.5000E-01
1.0000E-10  3.2263E-01  9.6797E-09  1.1252E+00  1.4735E+00
1.5849E-10  3.2263E-01  1.5385E-08  1.1252E+00  1.4735E+00
2.5119E-10  3.2263E-01  2.4501E-08  1.1252E+00  1.4735E+00
3.9811E-10  3.2263E-01  3.8942E-08  1.1252E+00  1.4735E+00
6.3096E-10  3.2263E-01  6.1763E-08  1.1252E+00  1.4735E+00
1.0000E-09  3.2264E-01  9.7933E-08  1.1252E+00  1.4735E+00
1.5849E-09  3.2264E-01  1.5552E-07  1.1252E+00  1.4735E+00
2.5119E-09  3.2264E-01  2.4682E-07  1.1252E+00  1.4735E+00
3.9811E-09  3.2264E-01  3.9123E-07  1.1252E+00  1.4735E+00
6.3096E-09  3.2264E-01  6.1998E-07  1.1252E+00  1.4735E+00
1.0000E-08  3.2264E-01  9.8314E-07  1.1252E+00  1.4735E+00
1.5849E-08  3.2264E-01  1.5592E-06  1.1252E+00  1.4735E+00
2.5119E-08  3.2264E-01  2.4737E-06  1.1252E+00  1.4735E+00
3.9811E-08  3.2264E-01  3.9256E-06  1.1252E+00  1.4735E+00
6.3096E-08  3.2265E-01  6.2237E-06  1.1252E+00  1.4735E+00
1.0000E-07  3.2265E-01  9.8538E-06  1.1252E+00  1.4735E+00
1.5849E-07  3.2266E-01  1.5606E-05  1.1252E+00  1.4735E+00
2.5119E-07  3.2267E-01  2.4696E-05  1.1252E+00  1.4735E+00
3.9811E-07  3.2268E-01  3.9103E-05  1.1252E+00  1.4735E+00
6.3096E-07  3.2270E-01  6.1534E-05  1.1252E+00  1.4735E+00
1.0000E-06  3.2272E-01  9.7026E-05  1.1252E+00  1.4735E+00
1.5849E-06  3.2274E-01  1.5150E-04  1.1252E+00  1.4734E+00
2.5119E-06  3.2277E-01  2.3700E-04  1.1252E+00  1.4734E+00
3.9811E-06  3.2281E-01  3.6481E-04  1.1252E+00  1.4734E+00
6.3096E-06  3.2286E-01  5.5951E-04  1.1252E+00  1.4733E+00
1.0000E-05  3.2292E-01  8.4543E-04  1.1252E+00  1.4732E+00
1.5849E-05  3.2301E-01  1.2519E-03  1.1252E+00  1.4730E+00
2.5119E-05  3.2313E-01  1.8502E-03  1.1252E+00  1.4728E+00
3.9811E-05  3.2330E-01  2.5779E-03  1.1252E+00  1.4726E+00
6.3096E-05  3.2352E-01  3.7096E-03  1.1252E+00  1.4722E+00
1.0000E-04  3.2373E-01  4.7899E-03  1.1252E+00  1.4719E+00
1.5849E-04  3.2402E-01  6.5020E-03  1.1252E+00  1.4715E+00
2.5119E-04  3.2432E-01  8.0501E-03  1.1251E+00  1.4712E+00
3.9811E-04  3.2473E-01  1.0277E-02  1.1251E+00  1.4708E+00
6.3096E-04  3.2530E-01  1.2539E-02  1.1251E+00  1.4705E+00
1.0000E-03  3.2612E-01  1.5421E-02  1.1251E+00  1.4702E+00
1.5849E-03  3.2726E-01  1.9062E-02  1.1251E+00  1.4699E+00
2.5119E-03  3.2888E-01  2.3768E-02  1.1251E+00  1.4698E+00
3.9811E-03  3.3120E-01  3.0743E-02  1.1251E+00  1.4696E+00
6.3096E-03  3.3452E-01  4.0756E-02  1.1251E+00  1.4694E+00
1.0000E-02  3.3938E-01  5.6353E-02  1.1251E+00  1.4693E+00
1.5849E-02  3.4651E-01  7.9800E-02  1.1251E+00  1.4692E+00
2.5119E-02  3.5700E-01  1.1690E-01  1.1251E+00  1.4690E+00
3.9811E-02  3.7252E-01  1.7299E-01  1.1251E+00  1.4688E+00
6.3096E-02  3.9537E-01  2.6150E-01  1.1251E+00  1.4685E+00
1.0000E-01  4.2879E-01  3.9580E-01  1.1251E+00  1.4681E+00
1.5849E-01  4.7769E-01  6.0697E-01  1.1250E+00  1.4676E+00
2.5119E-01  5.4658E-01  9.1820E-01  1.1250E+00  1.4669E+00
3.9811E-01  6.4446E-01  1.3971E+00  1.1250E+00  1.4660E+00
6.3096E-01  7.7339E-01  2.0955E+00  1.1249E+00  1.4648E+00
1.0000E+00  9.4068E-01  3.1213E+00  1.1249E+00  1.4632E+00
1.5849E+00  1.1531E+00  4.6217E+00  1.1248E+00  1.4611E+00
2.5119E+00  1.3877E+00  6.6900E+00  1.1247E+00  1.4587E+00
3.9811E+00  1.6978E+00  9.7543E+00  1.1246E+00  1.4554E+00
6.3096E+00  1.9901E+00  1.3633E+01  1.1244E+00  1.4525E+00
1.0000E+01  2.4050E+00  1.9609E+01  1.1242E+00  1.4481E+00
1.5849E+01  2.7810E+00  2.6400E+01  1.1241E+00  1.4447E+00
2.5119E+01  3.3347E+00  3.6916E+01  1.1238E+00  1.4394E+00
3.9811E+01  3.9100E+00  4.6982E+01  1.1236E+00  1.4362E+00
6.3096E+01  4.7423E+00  6.1481E+01  1.1233E+00  1.4316E+00
1.0000E+02  5.7860E+00  7.5296E+01  1.1231E+00  1.4291E+00
1.5849E+02  7.3452E+00  9.2841E+01  1.1229E+00  1.4259E+00
2.5119E+02  9.3321E+00  1.0494E+02  1.1229E+00  1.4257E+00
3.9811E+02  1.2065E+01  1.1599E+02  1.1229E+00  1.4258E+00
6.3096E+02  1.5591E+01  1.2263E+02  1.1229E+00  1.4268E+00
1.0000E+03  1.9680E+01  1.2249E+02  1.1232E+00  1.4305E+00
1.5849E+03  2.4225E+01  1.1667E+02  1.1240E+00  1.4416E+00
2.5119E+03  2.8274E+01  1.0520E+02  1.1243E+00  1.4482E+00
3.9811E+03  3.1981E+01  9.1116E+01  1.1245E+00  1.4530E+00
6.3096E+03  3.4539E+01  7.4536E+01  1.1248E+00  1.4593E+00
1.0000E+04  3.3902E+01  5.9064E+01  1.1248E+00  1.4612E+00
Rosseland and Planck opacities and free electrons
Density     Ross opa    Planck opa  No. Free    Av Sq Free  T=  7.0000E-01
1.0000E-10  3.2218E-01  5.0529E-09  1.1252E+00  1.4735E+00
1.5849E-10  3.2218E-01  8.0271E-09  1.1252E+00  1.4735E+00
2.5119E-10  3.2218E-01  1.2772E-08  1.1252E+00  1.4735E+00
3.9811E-10  3.2218E-01  2.0291E-08  1.1252E+00  1.4735E+00
6.3096E-10  3.2218E-01  3.2200E-08  1.1252E+00  1.4735E+00
1.0000E-09  3.2218E-01  5.1071E-08  1.1252E+00  1.4735E+00
1.5849E-09  3.2218E-01  8.0964E-08  1.1252E+00  1.4735E+00
2.5119E-09  3.2218E-01  1.2833E-07  1.1252E+00  1.4735E+00
3.9811E-09  3.2218E-01  2.0364E-07  1.1252E+00  1.4735E+00
6.3096E-09  3.2219E-01  3.2327E-07  1.1252E+00  1.4735E+00
1.0000E-08  3.2219E-01  5.1298E-07  1.1252E+00  1.4735E+00
1.5849E-08  3.2219E-01  8.1390E-07  1.1252E+00  1.4735E+00
2.5119E-08  3.2219E-01  1.2907E-06  1.1252E+00  1.4735E+00
3.9811E-08  3.2219E-01  2.0453E-06  1.1252E+00  1.4735E+00
6.3096E-08  3.2219E-01  3.2413E-06  1.1252E+00  1.4735E+00
1.0000E-07  3.2220E-01  5.1443E-06  1.1252E+00  1.4735E+00
1.5849E-07  3.2220E-01  8.1603E-06  1.1252E+00  1.4735E+00
2.5119E-07  3.2221E-01  1.2959E-05  1.1252E+00  1.4735E+00
3.9811E-07  3.2222E-01  2.0569E-05  1.1252E+00  1.4735E+00
6.3096E-07  3.2223E-01  3.2549E-05  1.1252E+00  1.4735E+00
1.0000E-06  3.2225E-01  5.1484E-05  1.1252E+00  1.4735E+00
1.5849E-06  3.2227E-01  8.1376E-05  1.1252E+00  1.4735E+00
2.5119E-06  3.2230E-01  1.2859E-04  1.1252E+00  1.4735E+00
3.9811E-06  3.2233E-01  2.0224E-04  1.1252E+00  1.4735E+00
6.3096E-06  3.2238E-01  3.1562E-04  1.1252E+00  1.4734E+00
1.0000E-05  3.2243E-01  4.9274E-04  1.1252E+00  1.4734E+00
1.5849E-05  3.2251E-01  7.5321E-04  1.1252E+00  1.4733E+00
2.5119E-05  3.2261E-01  1.1660E-03  1.1252E+00  1.4732E+00
3.9811E-05  3.2277E-01  1.7180E-03  1.1252E+00  1.4731E+00
6.3096E-05  3.2298E-01  2.5884E-03  1.1252E+00  1.4729E+00
1.0000E-04  3.2322E-01  3.6509E-03  1.1252E+00  1.4727E+00
1.5849E-04  3.2352E-01  5.2330E-03  1.1252E+00  1.4724E+00
2.5119E-04  3.2384E-01  7.0732E-03  1.1252E+00  1.4721E+00
3.9811E-04  3.2423E-01  9.4853E-03  1.1252E+00  1.4717E+00
6.3096E-04  3.2475E-01  1.2412E-02  1.1251E+00  1.4713E+00
1.0000E-03  3.2548E-01  1.5687E-02  1.1251E+00  1.4710E+00
1.5849E-03  3.2646E-01  2.0120E-02  1.1251E+00  1.4706E+00
2.5119E-03  3.2776E-01  2.4700E-02  1.1251E+00  1.4703E+00
3.9811E-03  3.2962E-01  3.1674E-02  1.1251E+00  1.4699E+00
6.3096E-03  3.3216E-01  3.9758E-02  1.1251E+00  1.4698E+00
1.0000E-02  3.3586E-01  5.2601E-02  1.1251E+00  1.4695E+00
1.5849E-02  3.4117E-01  7.0484E-02  1.1251E+00  1.4694E+00
2.5119E-02  3.4895E-01  9.8603E-02  1.1251E+00  1.4692E+00
3.9811E-02  3.6037E-01  1.4086E-01  1.1251E+00  1.4690E+00
6.3096E-02  3.7712E-01  2.0669E-01  1.1251E+00  1.4687E+00
1.0000E-01  4.0159E-01  3.0701E-01  1.1251E+00  1.4684E+00
1.5849E-01  4.3714E-01  4.6256E-01  1.1251E+00  1.4680E+00
2.5119E-01  4.8802E-01  6.9810E-01  1.1250E+00  1.4674E+00
3.9811E-01  5.5950E-01  1.0530E+00  1.1250E+00  1.4667E+00
6.3096E-01  6.5865E-01  1.5919E+00  1.1250E+00  1.4656E+00
1.0000E+00  7.8375E-01  2.3687E+00  1.1249E+00  1.4643E+00
1.5849E+00  9.5741E-01  3.5633E+00  1.1248E+00  1.4624E+00
2.5119E+00  1.1377E+00  5.1460E+00  1.1248E+00  1.4604E+00
3.9811E+00  1.3943E+00  7.6184E+00  1.1247E+00  1.4574E+00
6.3096E+00  1.6338E+00  1.0693E+01  1.1245E+00  1.4547E+00
1.0000E+01  1.9639E+00  1.5382E+01  1.1244E+00  1.4508E+00
1.5849E+01  2.2925E+00  2.1049E+01  1.1242E+00  1.4472E+00
2.5119E+01  2.7274E+00  2.9257E+01  1.1240E+00  1.4426E+00
3.9811E+01  3.2185E+00  3.8302E+01  1.1237E+00  1.4387E+00
6.3096E+01  3.8647E+00  4.9729E+01  1.1235E+00  1.4346E+00
1.0000E+02  4.7109E+00  6.2304E+01  1.1233E+00  1.4314E+00
1.5849E+02  5.9336E+00  7.6970E+01  1.1231E+00  1.4285E+00
2.5119E+02  7.5370E+00  8.8664E+01  1.1230E+00  1.4276E+00
3.9811E+02  9.7920E+00  9.9723E+01  1.1230E+00  1.4275E+00
6.3096E+02  1.2650E+01  1.0667E+02  1.1230E+00  1.4284E+00
1.0000E+03  1.6108E+01  1.0864E+02  1.1232E+00  1.4307E+00
1.5849E+03  1.9767E+01  1.0356E+02  1.1238E+00  1.4398E+00
2.5119E+03  2.3648E+01  9.5662E+01  1.1244E+00  1.4482E+00
3.9811E+03  2.7225E+01  8.5016E+01  1.1245E+00  1.4530E+00
6.3096E+03  2.9530E+01  6.9219E+01  1.1247E+00  1.4582E+00
1.0000E+04  2.9981E+01  5.5758E+01  1.1248E+00  1.4614E+00
Rosseland and Planck opacities and free electrons
Density     Ross opa    Planck opa  No. Free    Av Sq Free  T=  8.0000E-01
1.0000E-10  3.2137E-01  9.4227E-10  1.1252E+00  1.4735E+00
1.5849E-10  3.2137E-01  2.3870E-09  1.1252E+00  1.4735E+00
2.5119E-10  3.2137E-01  4.2184E-09  1.1252E+00  1.4735E+00
3.9811E-10  3.2137E-01  6.7208E-09  1.1252E+00  1.4735E+00
6.3096E-10  3.2137E-01  1.0700E-08  1.1252E+00  1.4735E+00
1.0000E-09  3.2137E-01  1.7029E-08  1.1252E+00  1.4735E+00
1.5849E-09  3.2137E-01  2.7052E-08  1.1252E+00  1.4735E+00
2.5119E-09  3.2137E-01  4.2910E-08  1.1252E+00  1.4735E+00
3.9811E-09  3.2137E-01  6.8046E-08  1.1252E+00  1.4735E+00
6.3096E-09  3.2137E-01  1.0794E-07  1.1252E+00  1.4735E+00
1.0000E-08  3.2137E-01  1.7116E-07  1.1252E+00  1.4735E+00
1.5849E-08  3.2137E-01  2.7174E-07  1.1252E+00  1.4735E+00
2.5119E-08  3.2137E-01  4.3119E-07  1.1252E+00  1.4735E+00
3.9811E-08  3.2138E-01  6.8430E-07  1.1252E+00  1.4735E+00
6.3096E-08  3.2138E-01  1.0856E-06  1.1252E+00  1.4735E+00
1.0000E-07  3.2138E-01  1.7252E-06  1.1252E+00  1.4735E+00
1.5849E-07  3.2138E-01  2.7423E-06  1.1252E+00  1.4735E+00
2.5119E-07  3.2138E-01  4.3569E-06  1.1252E+00  1.4735E+00
3.9811E-07  3.2139E-01  6.9213E-06  1.1252E+00  1.4735E+00
6.3096E-07  3.2140E-01  1.0985E-05  1.1252E+00  1.4735E+00
1.0000E-06  3.2141E-01  1.7420E-05  1.1252E+00  1.4735E+00
1.5849E-06  3.2142E-01  2.7621E-05  1.1252E+00  1.4735E+00
2.5119E-06  3.2144E-01  4.3791E-05  1.1252E+00  1.4735E+00
3.9811E-06  3.2147E-01  6.9418E-05  1.1252E+00  1.4735E+00
6.3096E-06  3.2151E-01  1.1002E-04  1.1252E+00  1.4735E+00
1.0000E-05  3.2155E-01  1.7436E-04  1.1252E+00  1.4735E+00
1.5849E-05  3.2161E-01  2.7450E-04  1.1252E+00  1.4735E+00
2.5119E-05  3.2169E-01  4.3223E-04  1.1252E+00  1.4735E+00
3.9811E-05  3.2179E-01  6.7533E-04  1.1252E+00  1.4734E+00
6.3096E-05  3.2193E-01  1.0530E-03  1.1252E+00  1.4734E+00
1.0000E-04  3.2212E-01  1.6266E-03  1.1252E+00  1.4733E+00
1.5849E-04  3.2238E-01  2.4799E-03  1.1252E+00  1.4732E+00
2.5119E-04  3.2271E-01  3.7745E-03  1.1252E+00  1.4731E+00
3.9811E-04  3.2309E-01  5.5137E-03  1.1252E+00  1.4729E+00
6.3096E-04  3.2358E-01  8.2516E-03  1.1252E+00  1.4727E+00
1.0000E-03  3.2423E-01  1.1291E-02  1.1252E+00  1.4724E+00
1.5849E-03  3.2511E-01  1.6108E-02  1.1252E+00  1.4720E+00
2.5119E-03  3.2620E-01  2.1087E-02  1.1252E+00  1.4717E+00
3.9811E-03  3.2770E-01  2.8375E-02  1.1251E+00  1.4713E+00
6.3096E-03  3.2960E-01  3.6444E-02  1.1251E+00  1.4709E+00
1.0000E-02  3.3218E-01  4.7160E-02  1.1251E+00  1.4705E+00
1.5849E-02  3.3571E-01  6.1065E-02  1.1251E+00  1.4701E+00
2.5119E-02  3.4059E-01  7.9320E-02  1.1251E+00  1.4698E+00
3.9811E-02  3.4759E-01  1.0648E-01  1.1251E+00  1.4695E+00
6.3096E-02  3.5755E-01  1.4507E-01  1.1251E+00  1.4692E+00
1.0000E-01  3.7201E-01  2.0513E-01  1.1251E+00  1.4689E+00
1.5849E-01  3.9273E-01  2.9496E-01  1.1251E+00  1.4686E+00
2.5119E-01  4.2275E-01  4.3648E-01  1.1251E+00  1.4681E+00
3.9811E-01  4.6453E-01  6.4631E-01  1.1250E+00  1.4676E+00
6.3096E-01  5.2461E-01  9.7654E-01  1.1250E+00  1.4668E+00
1.0000E+00  6.0190E-01  1.4513E+00  1.1250E+00  1.4658E+00
1.5849E+00  7.0923E-01  2.1882E+00  1.1249E+00  1.4644E+00
2.5119E+00  8.3583E-01  3.2207E+00  1.1249E+00  1.4628E+00
3.9811E+00  9.9776E-01  4.7578E+00  1.1248E+00  1.4606E+00
6.3096E+00  1.1866E+00  6.8971E+00  1.1247E+00  1.4580E+00
1.0000E+01  1.4042E+00  9.8929E+00  1.1245E+00  1.4550E+00
1.5849E+01  1.6662E+00  1.4040E+01  1.1244E+00  1.4511E+00
2.5119E+01  1.9517E+00  1.9276E+01  1.1242E+00  1.4475E+00
3.9811E+01  2.3255E+00  2.6515E+01  1.1240E+00  1.4428E+00
6.3096E+01  2.7427E+00  3.4009E+01  1.1238E+00  1.4396E+00
1.0000E+02  3.3247E+00  4.4346E+01  1.1235E+00  1.4354E+00
1.5849E+02  4.1112E+00  5.4321E+01  1.1234E+00  1.4332E+00
2.5119E+02  5.2218E+00  6.5434E+01  1.1233E+00  1.4310E+00
3.9811E+02  6.7518E+00  7.4860E+01  1.1232E+00  1.4307E+00
6.3096E+02  8.6313E+00  8.1135E+01  1.1232E+00  1.4313E+00
1.0000E+03  1.1024E+01  8.4652E+01  1.1234E+00  1.4332E+00
1.5849E+03  1.3755E+01  8.3522E+01  1.1237E+00  1.4382E+00
2.5119E+03  1.7134E+01  8.0297E+01  1.1243E+00  1.4473E+00
3.9811E+03  1.9758E+01  7.1726E+01  1.1246E+00  1.4543E+00
6.3096E+03  2.2161E+01  6.0890E+01  1.1248E+00  1.4592E+00
1.0000E+04  2.3613E+01  4.9755E+01  1.1248E+00  1.4615E+00
Rosseland and Planck opacities and free electrons
Density     Ross opa    Planck opa  No. Free    Av Sq Free  T=  9.0000E-01
1.0000E-10  3.2066E-01  8.7615E-11  1.1252E+00  1.4735E+00
1.5849E-10  3.2066E-01  1.9512E-10  1.1252E+00  1.4735E+00
2.5119E-10  3.2066E-01  5.4945E-10  1.1252E+00  1.4735E+00
3.9811E-10  3.2066E-01  2.0064E-09  1.1252E+00  1.4735E+00
6.3096E-10  3.2066E-01  4.2866E-09  1.1252E+00  1.4735E+00
1.0000E-09  3.2066E-01  6.8800E-09  1.1252E+00  1.4735E+00
1.5849E-09  3.2066E-01  1.0990E-08  1.1252E+00  1.4735E+00
2.5119E-09  3.2066E-01  1.7514E-08  1.1252E+00  1.4735E+00
3.9811E-09  3.2066E-01  2.7855E-08  1.1252E+00  1.4735E+00
6.3096E-09  3.2066E-01  4.4170E-08  1.1252E+00  1.4735E+00
1.0000E-08  3.2066E-01  6.9987E-08  1.1252E+00  1.4735E+00
1.5849E-08  3.2066E-01  1.1094E-07  1.1252E+00  1.4735E+00
2.5119E-08  3.2066E-01  1.7588E-07  1.1252E+00  1.4735E+00
3.9811E-08  3.2066E-01  2.7910E-07  1.1252E+00  1.4735E+00
6.3096E-08  3.2066E-01  4.4337E-07  1.1252E+00  1.4735E+00
1.0000E-07  3.2066E-01  7.0384E-07  1.1252E+00  1.4735E+00
1.5849E-07  3.2066E-01  1.1173E-06  1.1252E+00  1.4735E+00
2.5119E-07  3.2066E-01  1.7727E-06  1.1252E+00  1.4735E+00
3.9811E-07  3.2067E-01  2.8202E-06  1.1252E+00  1.4735E+00
6.3096E-07  3.2067E-01  4.4803E-06  1.1252E+00  1.4735E+00
1.0000E-06  3.2067E-01  7.1330E-06  1.1252E+00  1.4735E+00
1.5849E-06  3.2068E-01  1.1343E-05  1.1252E+00  1.4735E+00
2.5119E-06  3.2069E-01  1.8029E-05  1.1252E+00  1.4735E+00
3.9811E-06  3.2071E-01  2.8634E-05  1.1252E+00  1.4735E+00
6.3096E-06  3.2073E-01  4.5526E-05  1.1252E+00  1.4735E+00
1.0000E-05  3.2076E-01  7.2404E-05  1.1252E+00  1.4735E+00
1.5849E-05  3.2081E-01  1.1482E-04  1.1252E+00  1.4735E+00
2.5119E-05  3.2086E-01  1.8157E-04  1.1252E+00  1.4735E+00
3.9811E-05  3.2094E-01  2.8707E-04  1.1252E+00  1.4735E+00
6.3096E-05  3.2104E-01  4.5217E-04  1.1252E+00  1.4735E+00
1.0000E-04  3.2117E-01  7.1383E-04  1.1252E+00  1.4735E+00
1.5849E-04  3.2134E-01  1.1144E-03  1.1252E+00  1.4734E+00
2.5119E-04  3.2157E-01  1.7488E-03  1.1252E+00  1.4734E+00
3.9811E-04  3.2188E-01  2.6914E-03  1.1252E+00  1.4733E+00
6.3096E-04  3.2229E-01  4.1663E-03  1.1252E+00  1.4733E+00
1.0000E-03  3.2286E-01  6.2651E-03  1.1252E+00  1.4731E+00
1.5849E-03  3.2362E-01  9.4188E-03  1.1252E+00  1.4730E+00
2.5119E-03  3.2462E-01  1.3756E-02  1.1252E+00  1.4727E+00
3.9811E-03  3.2595E-01  1.9664E-02  1.1252E+00  1.4724E+00
6.3096E-03  3.2771E-01  2.7914E-02  1.1252E+00  1.4721E+00
1.0000E-02  3.2993E-01  3.7552E-02  1.1252E+00  1.4717E+00
1.5849E-02  3.3301E-01  5.2021E-02  1.1251E+00  1.4712E+00
2.5119E-02  3.3679E-01  6.7220E-02  1.1251E+00  1.4709E+00
3.9811E-02  3.4218E-01  9.1290E-02  1.1251E+00  1.4703E+00
6.3096E-02  3.4910E-01  1.1887E-01  1.1251E+00  1.4700E+00
1.0000E-01  3.5902E-01  1.6166E-01  1.1251E+00  1.4695E+00
1.5849E-01  3.7272E-01  2.2102E-01  1.1251E+00  1.4692E+00
2.5119E-01  3.9220E-01  3.1195E-01  1.1251E+00  1.4687E+00
3.9811E-01  4.1953E-01  4.4792E-01  1.1251E+00  1.4682E+00
6.3096E-01  4.5807E-01  6.5611E-01  1.1250E+00  1.4676E+00
1.0000E+00  5.1066E-01  9.6942E-01  1.1250E+00  1.4668E+00
1.5849E+00  5.8116E-01  1.4397E+00  1.1250E+00  1.4658E+00
2.5119E+00  6.7455E-01  2.1485E+00  1.1249E+00  1.4644E+00
3.9811E+00  7.8502E-01  3.1550E+00  1.1249E+00  1.4628E+00
6.3096E+00  9.3372E-01  4.6876E+00  1.1248E+00  1.4604E+00
1.0000E+01  1.0870E+00  6.6867E+00  1.1247E+00  1.4580E+00
1.5849E+01  1.2991E+00  9.7874E+00  1.1245E+00  1.4543E+00
2.5119E+01  1.5038E+00  1.3348E+01  1.1244E+00  1.4512E+00
3.9811E+01  1.7865E+00  1.8799E+01  1.1241E+00  1.4465E+00
6.3096E+01  2.0872E+00  2.4363E+01  1.1240E+00  1.4432E+00
1.0000E+02  2.4979E+00  3.2225E+01  1.1237E+00  1.4389E+00
1.5849E+02  3.0445E+00  4.0015E+01  1.1236E+00  1.4366E+00
2.5119E+02  3.8589E+00  4.9997E+01  1.1234E+00  1.4341E+00
3.9811E+02  4.8859E+00  5.7132E+01  1.1234E+00  1.4338E+00
6.3096E+02  6.2808E+00  6.3867E+01  1.1234E+00  1.4340E+00
1.0000E+03  8.0379E+00  6.8193E+01  1.1235E+00  1.4351E+00
1.5849E+03  1.0086E+01  6.9041E+01  1.1237E+00  1.4382E+00
2.5119E+03  1.2467E+01  6.6557E+01  1.1242E+00  1.4467E+00
3.9811E+03  1.4807E+01  6.1311E+01  1.1246E+00  1.4538E+00
6.3096E+03  1.7100E+01  5.4278E+01  1.1248E+00  1.4596E+00
1.0000E+04  1.8794E+01  4.4700E+01  1.1248E+00  1.4616E+00
Rosseland and Planck opacities and free electrons
Density     Ross opa    Planck opa  No. Free    Av Sq Free  T=  1.0000E+00
1.0000E-10  3.2002E-01  4.7728E-11  1.1252E+00  1.4735E+00
1.5849E-10  3.2002E-01  7.5643E-11  1.1252E+00  1.4735E+00
2.5119E-10  3.2002E-01  1.1989E-10  1.1252E+00  1.4735E+00
3.9811E-10  3.2002E-01  2.5401E-10  1.1252E+00  1.4735E+00
6.3096E-10  3.2002E-01  4.7927E-10  1.1252E+00  1.4735E+00
1.0000E-09  3.2002E-01  1.8406E-09  1.1252E+00  1.4735E+00
1.5849E-09  3.2002E-01  4.5600E-09  1.1252E+00  1.4735E+00
2.5119E-09  3.2002E-01  8.1317E-09  1.1252E+00  1.4735E+00
3.9811E-09  3.2002E-01  1.2935E-08  1.1252E+00  1.4735E+00
6.3096E-09  3.2002E-01  2.0569E-08  1.1252E+00  1.4735E+00
1.0000E-08  3.2002E-01  3.2713E-08  1.1252E+00  1.4735E+00
1.5849E-08  3.2002E-01  5.1947E-08  1.1252E+00  1.4735E+00
2.5119E-08  3.2002E-01  8.2350E-08  1.1252E+00  1.4735E+00
3.9811E-08  3.2002E-01  1.3054E-07  1.1252E+00  1.4735E+00
6.3096E-08  3.2002E-01  2.0751E-07  1.1252E+00  1.4735E+00
1.0000E-07  3.2002E-01  3.2950E-07  1.1252E+00  1.4735E+00
1.5849E-07  3.2002E-01  5.2312E-07  1.1252E+00  1.4735E+00
2.5119E-07  3.2002E-01  8.3006E-07  1.1252E+00  1.4735E+00
3.9811E-07  3.2003E-01  1.3203E-06  1.1252E+00  1.4735E+00
6.3096E-07  3.2003E-01  2.0997E-06  1.1252E+00  1.4735E+00
1.0000E-06  3.2003E-01  3.3416E-06  1.1252E+00  1.4735E+00
1.5849E-06  3.2003E-01  5.3186E-06  1.1252E+00  1.4735E+00
2.5119E-06  3.2004E-01  8.4583E-06  1.1252E+00  1.4735E+00
3.9811E-06  3.2004E-01  1.3451E-05  1.1252E+00  1.4735E+00
6.3096E-06  3.2006E-01  2.1387E-05  1.1252E+00  1.4735E+00
1.0000E-05  3.2007E-01  3.4124E-05  1.1252E+00  1.4735E+00
1.5849E-05  3.2010E-01  5.4311E-05  1.1252E+00  1.4735E+00
2.5119E-05  3.2014E-01  8.6001E-05  1.1252E+00  1.4735E+00
3.9811E-05  3.2019E-01  1.3622E-04  1.1252E+00  1.4735E+00
6.3096E-05  3.2026E-01  2.1534E-04  1.1252E+00  1.4735E+00
1.0000E-04  3.2035E-01  3.4061E-04  1.1252E+00  1.4735E+00
1.5849E-04  3.2047E-01  5.3731E-04  1.1252E+00  1.4735E+00
2.5119E-04  3.2064E-01  8.4774E-04  1.1252E+00  1.4735E+00
3.9811E-04  3.2085E-01  1.3318E-03  1.1252E+00  1.4735E+00
6.3096E-04  3.2115E-01  2.0875E-03  1.1252E+00  1.4734E+00
1.0000E-03  3.2155E-01  3.2576E-03  1.1252E+00  1.4734E+00
1.5849E-03  3.2213E-01  5.0278E-03  1.1252E+00  1.4733E+00
2.5119E-03  3.2292E-01  7.7779E-03  1.1252E+00  1.4732E+00
3.9811E-03  3.2401E-01  1.1619E-02  1.1252E+00  1.4730E+00
6.3096E-03  3.2552E-01  1.7707E-02  1.1252E+00  1.4728E+00
1.0000E-02  3.2746E-01  2.5188E-02  1.1252E+00  1.4726E+00
1.5849E-02  3.3018E-01  3.6911E-02  1.1252E+00  1.4722E+00
2.5119E-02  3.3358E-01  5.0636E-02  1.1252E+00  1.4719E+00
3.9811E-02  3.3826E-01  7.0635E-02  1.1251E+00  1.4714E+00
6.3096E-02  3.4421E-01  9.5479E-02  1.1251E+00  1.4710E+00
1.0000E-01  3.5216E-01  1.2923E-01  1.1251E+00  1.4705E+00
1.5849E-01  3.6285E-01  1.7632E-01  1.1251E+00  1.4699E+00
2.5119E-01  3.7711E-01  2.4068E-01  1.1251E+00  1.4695E+00
3.9811E-01  3.9708E-01  3.3839E-01  1.1251E+00  1.4689E+00
6.3096E-01  4.2415E-01  4.7996E-01  1.1251E+00  1.4684E+00
1.0000E+00  4.6232E-01  7.0024E-01  1.1250E+00  1.4676E+00
1.5849E+00  5.1212E-01  1.0163E+00  1.1250E+00  1.4668E+00
2.5119E+00  5.8214E-01  1.5119E+00  1.1250E+00  1.4656E+00
3.9811E+00  6.6361E-01  2.2069E+00  1.1249E+00  1.4643E+00
6.3096E+00  7.7460E-01  3.2800E+00  1.1248E+00  1.4624E+00
1.0000E+01  8.9674E-01  4.7274E+00  1.1248E+00  1.4602E+00
1.5849E+01  1.0534E+00  6.8819E+00  1.1246E+00  1.4572E+00
2.5119E+01  1.2228E+00  9.6439E+00  1.1245E+00  1.4540E+00
3.9811E+01  1.4283E+00  1.3473E+01  1.1243E+00  1.4503E+00
6.3096E+01  1.6691E+00  1.8129E+01  1.1241E+00  1.4464E+00
1.0000E+02  1.9739E+00  2.3713E+01  1.1239E+00  1.4428E+00
1.5849E+02  2.3804E+00  3.0446E+01  1.1238E+00  1.4396E+00
2.5119E+02  2.9598E+00  3.7872E+01  1.1237E+00  1.4376E+00
3.9811E+02  3.7216E+00  4.4802E+01  1.1236E+00  1.4365E+00
6.3096E+02  4.7863E+00  5.1586E+01  1.1236E+00  1.4362E+00
1.0000E+03  6.0571E+00  5.5480E+01  1.1236E+00  1.4369E+00
1.5849E+03  7.6431E+00  5.7444E+01  1.1238E+00  1.4408E+00
2.5119E+03  9.4132E+00  5.6027E+01  1.1242E+00  1.4471E+00
3.9811E+03  1.1472E+01  5.3208E+01  1.1246E+00  1.4544E+00
6.3096E+03  1.3382E+01  4.8103E+01  1.1248E+00  1.4592E+00
1.0000E+04  1.4918E+01  4.0162E+01  1.1249E+00  1.4622E+00
Rosseland and Planck opacities and free electrons
Density     Ross opa    Planck opa  No. Free    Av Sq Free  T=  1.1250E+00
1.0000E-10  3.1882E-01  3.1440E-11  1.1252E+00  1.4735E+00
1.5849E-10  3.1882E-01  4.9828E-11  1.1252E+00  1.4735E+00
2.5119E-10  3.1882E-01  7.8973E-11  1.1252E+00  1.4735E+00
3.9811E-10  3.1882E-01  1.2516E-10  1.1252E+00  1.4735E+00
6.3096E-10  3.1882E-01  1.9837E-10  1.1252E+00  1.4735E+00
1.0000E-09  3.1882E-01  3.4072E-10  1.1252E+00  1.4735E+00
1.5849E-09  3.1882E-01  6.4106E-10  1.1252E+00  1.4735E+00
2.5119E-09  3.1882E-01  1.3581E-09  1.1252E+00  1.4735E+00
3.9811E-09  3.1882E-01  4.4261E-09  1.1252E+00  1.4735E+00
6.3096E-09  3.1882E-01  9.2884E-09  1.1252E+00  1.4735E+00
1.0000E-08  3.1882E-01  1.4867E-08  1.1252E+00  1.4735E+00
1.5849E-08  3.1882E-01  2.3611E-08  1.1252E+00  1.4735E+00
2.5119E-08  3.1882E-01  3.7538E-08  1.1252E+00  1.4735E+00
3.9811E-08  3.1882E-01  5.9633E-08  1.1252E+00  1.4735E+00
6.3096E-08  3.1882E-01  9.4593E-08  1.1252E+00  1.4735E+00
1.0000E-07  3.1882E-01  1.4996E-07  1.1252E+00  1.4735E+00
1.5849E-07  3.1882E-01  2.3804E-07  1.1252E+00  1.4735E+00
2.5119E-07  3.1882E-01  3.7818E-07  1.1252E+00  1.4735E+00
3.9811E-07  3.1882E-01  6.0048E-07  1.1252E+00  1.4735E+00
6.3096E-07  3.1882E-01  9.5347E-07  1.1252E+00  1.4735E+00
1.0000E-06  3.1883E-01  1.5150E-06  1.1252E+00  1.4735E+00
1.5849E-06  3.1883E-01  2.4270E-06  1.1252E+00  1.4735E+00
2.5119E-06  3.1883E-01  3.8723E-06  1.1252E+00  1.4735E+00
3.9811E-06  3.1883E-01  6.1768E-06  1.1252E+00  1.4735E+00
6.3096E-06  3.1884E-01  9.8302E-06  1.1252E+00  1.4735E+00
1.0000E-05  3.1884E-01  1.5714E-05  1.1252E+00  1.4735E+00
1.5849E-05  3.1886E-01  2.5075E-05  1.1252E+00  1.4735E+00
2.5119E-05  3.1887E-01  3.9785E-05  1.1252E+00  1.4735E+00
3.9811E-05  3.1890E-01  6.2989E-05  1.1252E+00  1.4735E+00
6.3096E-05  3.1894E-01  9.9703E-05  1.1252E+00  1.4735E+00
1.0000E-04  3.1900E-01  1.5778E-04  1.1252E+00  1.4735E+00
1.5849E-04  3.1908E-01  2.4968E-04  1.1252E+00  1.4735E+00
2.5119E-04  3.1918E-01  3.9476E-04  1.1252E+00  1.4735E+00
3.9811E-04  3.1933E-01  6.2439E-04  1.1252E+00  1.4735E+00
6.3096E-04  3.1953E-01  9.8406E-04  1.1252E+00  1.4735E+00
1.0000E-03  3.1980E-01  1.5541E-03  1.1252E+00  1.4735E+00
1.5849E-03  3.2017E-01  2.4337E-03  1.1252E+00  1.4734E+00
2.5119E-03  3.2069E-01  3.8247E-03  1.1252E+00  1.4734E+00
3.9811E-03  3.2143E-01  5.9241E-03  1.1252E+00  1.4733E+00
6.3096E-03  3.2249E-01  9.2039E-03  1.1252E+00  1.4732E+00
1.0000E-02  3.2397E-01  1.4008E-02  1.1252E+00  1.4731E+00
1.5849E-02  3.2603E-01  2.1226E-02  1.1252E+00  1.4729E+00
2.5119E-02  3.2887E-01  3.1608E-02  1.1252E+00  1.4727E+00
3.9811E-02  3.3270E-01  4.5939E-02  1.1252E+00  1.4724E+00
6.3096E-02  3.3796E-01  6.6963E-02  1.1252E+00  1.4720E+00
1.0000E-01  3.4463E-01  9.2824E-02  1.1251E+00  1.4716E+00
1.5849E-01  3.5400E-01  1.3296E-01  1.1251E+00  1.4710E+00
2.5119E-01  3.6523E-01  1.7974E-01  1.1251E+00  1.4705E+00
3.9811E-01  3.8113E-01  2.5373E-01  1.1251E+00  1.4698E+00
6.3096E-01  4.0096E-01  3.5091E-01  1.1251E+00  1.4693E+00
1.0000E+00  4.2868E-01  5.0050E-01  1.1251E+00  1.4685E+00
1.5849E+00  4.6473E-01  7.1330E-01  1.1250E+00  1.4678E+00
2.5119E+00  5.1382E-01  1.0361E+00  1.1250E+00  1.4668E+00
3.9811E+00  5.7604E-01  1.5066E+00  1.1250E+00  1.4657E+00
6.3096E+00  6.5521E-01  2.2092E+00  1.1249E+00  1.4642E+00
1.0000E+01  7.5250E-01  3.2267E+00  1.1248E+00  1.4623E+00
1.5849E+01  8.6534E-01  4.6637E+00  1.1247E+00  1.4599E+00
2.5119E+01  1.0028E+00  6.7309E+00  1.1246E+00  1.4567E+00
3.9811E+01  1.1494E+00  9.2812E+00  1.1245E+00  1.4537E+00
6.3096E+01  1.3347E+00  1.3027E+01  1.1243E+00  1.4494E+00
1.0000E+02  1.5524E+00  1.6852E+01  1.1241E+00  1.4466E+00
1.5849E+02  1.8473E+00  2.2382E+01  1.1239E+00  1.4426E+00
2.5119E+02  2.2195E+00  2.7096E+01  1.1239E+00  1.4412E+00
3.9811E+02  2.7526E+00  3.3117E+01  1.1238E+00  1.4395E+00
6.3096E+02  3.5023E+00  3.9122E+01  1.1237E+00  1.4391E+00
1.0000E+03  4.4272E+00  4.3460E+01  1.1238E+00  1.4393E+00
1.5849E+03  5.5990E+00  4.6028E+01  1.1239E+00  1.4408E+00
2.5119E+03  6.9501E+00  4.6105E+01  1.1241E+00  1.4452E+00
3.9811E+03  8.6002E+00  4.5020E+01  1.1245E+00  1.4542E+00
6.3096E+03  1.0001E+01  4.0879E+01  1.1247E+00  1.4583E+00
1.0000E+04  1.1456E+01  3.5589E+01  1.1249E+00  1.4619E+00
Rosseland and Planck opacities and free electrons
Density     Ross opa    Planck opa  No. Free    Av Sq Free  T=  1.2500E+00
1.0000E-10  3.1775E-01  2.1643E-11  1.1252E+00  1.4735E+00
1.5849E-10  3.1775E-01  3.4302E-11  1.1252E+00  1.4735E+00
2.5119E-10  3.1775E-01  5.4364E-11  1.1252E+00  1.4735E+00
3.9811E-10  3.1775E-01  8.6161E-11  1.1252E+00  1.4735E+00
6.3096E-10  3.1775E-01  1.3656E-10  1.1252E+00  1.4735E+00
1.0000E-09  3.1775E-01  2.1643E-10  1.1252E+00  1.4735E+00
1.5849E-09  3.1775E-01  3.4301E-10  1.1252E+00  1.4735E+00
2.5119E-09  3.1775E-01  5.4364E-10  1.1252E+00  1.4735E+00
3.9811E-09  3.1775E-01  9.7304E-10  1.1252E+00  1.4735E+00
6.3096E-09  3.1775E-01  1.6899E-09  1.1252E+00  1.4735E+00
1.0000E-08  3.1775E-01  4.6955E-09  1.1252E+00  1.4735E+00
1.5849E-08  3.1775E-01  1.0887E-08  1.1252E+00  1.4735E+00
2.5119E-08  3.1775E-01  1.9400E-08  1.1252E+00  1.4735E+00
3.9811E-08  3.1775E-01  3.0894E-08  1.1252E+00  1.4735E+00
6.3096E-08  3.1775E-01  4.9077E-08  1.1252E+00  1.4735E+00
1.0000E-07  3.1775E-01  7.7783E-08  1.1252E+00  1.4735E+00
1.5849E-07  3.1775E-01  1.2334E-07  1.1252E+00  1.4735E+00
2.5119E-07  3.1775E-01  1.9623E-07  1.1252E+00  1.4735E+00
3.9811E-07  3.1775E-01  3.1174E-07  1.1252E+00  1.4735E+00
6.3096E-07  3.1775E-01  4.9472E-07  1.1252E+00  1.4735E+00
1.0000E-06  3.1775E-01  7.8472E-07  1.1252E+00  1.4735E+00
1.5849E-06  3.1775E-01  1.2510E-06  1.1252E+00  1.4735E+00
2.5119E-06  3.1776E-01  1.9924E-06  1.1252E+00  1.4735E+00
3.9811E-06  3.1776E-01  3.1824E-06  1.1252E+00  1.4735E+00
6.3096E-06  3.1776E-01  5.0812E-06  1.1252E+00  1.4735E+00
1.0000E-05  3.1776E-01  8.1289E-06  1.1252E+00  1.4735E+00
1.5849E-05  3.1777E-01  1.3026E-05  1.1252E+00  1.4735E+00
2.5119E-05  3.1778E-01  2.0753E-05  1.1252E+00  1.4735E+00
3.9811E-05  3.1779E-01  3.2870E-05  1.1252E+00  1.4735E+00
6.3096E-05  3.1781E-01  5.2071E-05  1.1252E+00  1.4735E+00
1.0000E-04  3.1784E-01  8.2444E-05  1.1252E+00  1.4735E+00
1.5849E-04  3.1789E-01  1.3058E-04  1.1252E+00  1.4735E+00
2.5119E-04  3.1795E-01  2.0657E-04  1.1252E+00  1.4735E+00
3.9811E-04  3.1805E-01  3.2696E-04  1.1252E+00  1.4735E+00
6.3096E-04  3.1818E-01  5.1674E-04  1.1252E+00  1.4735E+00
1.0000E-03  3.1836E-01  8.1708E-04  1.1252E+00  1.4735E+00
1.5849E-03  3.1861E-01  1.2891E-03  1.1252E+00  1.4735E+00
2.5119E-03  3.1896E-01  2.0335E-03  1.1252E+00  1.4735E+00
3.9811E-03  3.1945E-01  3.1972E-03  1.1252E+00  1.4734E+00
6.3096E-03  3.2014E-01  5.0103E-03  1.1252E+00  1.4734E+00
1.0000E-02  3.2114E-01  7.8356E-03  1.1252E+00  1.4733E+00
1.5849E-02  3.2259E-01  1.2088E-02  1.1252E+00  1.4732E+00
2.5119E-02  3.2465E-01  1.8787E-02  1.1252E+00  1.4731E+00
3.9811E-02  3.2755E-01  2.8140E-02  1.1252E+00  1.4729E+00
6.3096E-02  3.3170E-01  4.2952E-02  1.1252E+00  1.4727E+00
1.0000E-01  3.3720E-01  6.2180E-02  1.1252E+00  1.4724E+00
1.5849E-01  3.4497E-01  9.1898E-02  1.1252E+00  1.4719E+00
2.5119E-01  3.5486E-01  1.3006E-01  1.1251E+00  1.4715E+00
3.9811E-01  3.6826E-01  1.8588E-01  1.1251E+00  1.4709E+00
6.3096E-01  3.8533E-01  2.6260E-01  1.1251E+00  1.4702E+00
1.0000E+00  4.0749E-01  3.7161E-01  1.1251E+00  1.4695E+00
1.5849E+00  4.3694E-01  5.3052E-01  1.1251E+00  1.4687E+00
2.5119E+00  4.7417E-01  7.5538E-01  1.1250E+00  1.4679E+00
3.9811E+00  5.2457E-01  1.0963E+00  1.1250E+00  1.4667E+00
6.3096E+00  5.8460E-01  1.5788E+00  1.1250E+00  1.4656E+00
1.0000E+01  6.6494E-01  2.3229E+00  1.1249E+00  1.4638E+00
1.5849E+01  7.5004E-01  3.3111E+00  1.1248E+00  1.4619E+00
2.5119E+01  8.6067E-01  4.8469E+00  1.1247E+00  1.4590E+00
3.9811E+01  9.7349E-01  6.6914E+00  1.1246E+00  1.4564E+00
6.3096E+01  1.1157E+00  9.4740E+00  1.1244E+00  1.4525E+00
1.0000E+02  1.2791E+00  1.2482E+01  1.1243E+00  1.4495E+00
1.5849E+02  1.5017E+00  1.6617E+01  1.1241E+00  1.4461E+00
2.5119E+02  1.7776E+00  2.0669E+01  1.1240E+00  1.4440E+00
3.9811E+02  2.1641E+00  2.5657E+01  1.1239E+00  1.4422E+00
6.3096E+02  2.6836E+00  3.0321E+01  1.1239E+00  1.4417E+00
1.0000E+03  3.3853E+00  3.4933E+01  1.1239E+00  1.4415E+00
1.5849E+03  4.2734E+00  3.7818E+01  1.1240E+00  1.4422E+00
2.5119E+03  5.3608E+00  3.8862E+01  1.1241E+00  1.4453E+00
3.9811E+03  6.5495E+00  3.7778E+01  1.1245E+00  1.4537E+00
6.3096E+03  7.7849E+00  3.5420E+01  1.1248E+00  1.4600E+00
1.0000E+04  9.0377E+00  3.1932E+01  1.1249E+00  1.4633E+00
Rosseland and Planck opacities and free electrons
Density     Ross opa    Planck opa  No. Free    Av Sq Free  T=  1.3750E+00
1.0000E-10  3.1679E-01  1.5439E-11  1.1252E+00  1.4735E+00
1.5849E-10  3.1679E-01  2.4470E-11  1.1252E+00  1.4735E+00
2.5119E-10  3.1679E-01  3.8782E-11  1.1252E+00  1.4735E+00
3.9811E-10  3.1679E-01  6.1466E-11  1.1252E+00  1.4735E+00
6.3096E-10  3.1679E-01  9.7417E-11  1.1252E+00  1.4735E+00
1.0000E-09  3.1679E-01  1.5439E-10  1.1252E+00  1.4735E+00
1.5849E-09  3.1679E-01  2.4470E-10  1.1252E+00  1.4735E+00
2.5119E-09  3.1679E-01  3.8782E-10  1.1252E+00  1.4735E+00
3.9811E-09  3.1679E-01  6.1466E-10  1.1252E+00  1.4735E+00
6.3096E-09  3.1679E-01  9.7416E-10  1.1252E+00  1.4735E+00
1.0000E-08  3.1679E-01  1.6066E-09  1.1252E+00  1.4735E+00
1.5849E-08  3.1679E-01  2.7837E-09  1.1252E+00  1.4735E+00
2.5119E-08  3.1679E-01  5.2706E-09  1.1252E+00  1.4735E+00
3.9811E-08  3.1679E-01  1.4048E-08  1.1252E+00  1.4735E+00
6.3096E-08  3.1679E-01  2.7958E-08  1.1252E+00  1.4735E+00
1.0000E-07  3.1679E-01  4.4665E-08  1.1252E+00  1.4735E+00
1.5849E-07  3.1679E-01  7.0926E-08  1.1252E+00  1.4735E+00
2.5119E-07  3.1679E-01  1.1247E-07  1.1252E+00  1.4735E+00
3.9811E-07  3.1679E-01  1.7828E-07  1.1252E+00  1.4735E+00
6.3096E-07  3.1679E-01  2.8350E-07  1.1252E+00  1.4735E+00
1.0000E-06  3.1679E-01  4.5095E-07  1.1252E+00  1.4735E+00
1.5849E-06  3.1679E-01  7.1820E-07  1.1252E+00  1.4735E+00
2.5119E-06  3.1679E-01  1.1446E-06  1.1252E+00  1.4735E+00
3.9811E-06  3.1679E-01  1.8246E-06  1.1252E+00  1.4735E+00
6.3096E-06  3.1679E-01  2.9162E-06  1.1252E+00  1.4735E+00
1.0000E-05  3.1679E-01  4.6536E-06  1.1252E+00  1.4735E+00
1.5849E-05  3.1679E-01  7.4836E-06  1.1252E+00  1.4735E+00
2.5119E-05  3.1680E-01  1.1969E-05  1.1252E+00  1.4735E+00
3.9811E-05  3.1681E-01  1.8960E-05  1.1252E+00  1.4735E+00
6.3096E-05  3.1682E-01  3.0030E-05  1.1252E+00  1.4735E+00
1.0000E-04  3.1683E-01  4.7560E-05  1.1252E+00  1.4735E+00
1.5849E-04  3.1686E-01  7.5338E-05  1.1252E+00  1.4735E+00
2.5119E-04  3.1690E-01  1.1927E-04  1.1252E+00  1.4735E+00
3.9811E-04  3.1695E-01  1.8883E-04  1.1252E+00  1.4735E+00
6.3096E-04  3.1704E-01  2.9885E-04  1.1252E+00  1.4735E+00
1.0000E-03  3.1715E-01  4.7287E-04  1.1252E+00  1.4735E+00
1.5849E-03  3.1732E-01  7.4791E-04  1.1252E+00  1.4735E+00
2.5119E-03  3.1756E-01  1.1810E-03  1.1252E+00  1.4735E+00
3.9811E-03  3.1790E-01  1.8662E-03  1.1252E+00  1.4735E+00
6.3096E-03  3.1837E-01  2.9356E-03  1.1252E+00  1.4734E+00
1.0000E-02  3.1904E-01  4.6304E-03  1.1252E+00  1.4734E+00
1.5849E-02  3.2002E-01  7.2258E-03  1.1252E+00  1.4734E+00
2.5119E-02  3.2144E-01  1.1317E-02  1.1252E+00  1.4733E+00
3.9811E-02  3.2350E-01  1.7424E-02  1.1252E+00  1.4732E+00
6.3096E-02  3.2649E-01  2.6959E-02  1.1252E+00  1.4730E+00
1.0000E-01  3.3072E-01  4.0791E-02  1.1252E+00  1.4728E+00
1.5849E-01  3.3672E-01  6.1453E-02  1.1252E+00  1.4725E+00
2.5119E-01  3.4499E-01  9.1354E-02  1.1252E+00  1.4721E+00
3.9811E-01  3.5610E-01  1.3305E-01  1.1251E+00  1.4717E+00
6.3096E-01  3.7130E-01  1.9519E-01  1.1251E+00  1.4711E+00
1.0000E+00  3.8999E-01  2.7790E-01  1.1251E+00  1.4705E+00
1.5849E+00  4.1629E-01  4.0630E-01  1.1251E+00  1.4696E+00
2.5119E+00  4.4630E-01  5.7074E-01  1.1251E+00  1.4688E+00
3.9811E+00  4.8887E-01  8.2875E-01  1.1250E+00  1.4677E+00
6.3096E+00  5.3757E-01  1.1785E+00  1.1250E+00  1.4667E+00
1.0000E+01  6.0235E-01  1.7180E+00  1.1249E+00  1.4652E+00
1.5849E+01  6.7362E-01  2.4524E+00  1.1249E+00  1.4635E+00
2.5119E+01  7.5945E-01  3.5482E+00  1.1248E+00  1.4611E+00
3.9811E+01  8.5287E-01  4.9974E+00  1.1247E+00  1.4584E+00
6.3096E+01  9.6265E-01  7.0146E+00  1.1245E+00  1.4551E+00
1.0000E+02  1.0906E+00  9.5377E+00  1.1244E+00  1.4518E+00
1.5849E+02  1.2601E+00  1.2577E+01  1.1243E+00  1.4491E+00
2.5119E+02  1.4751E+00  1.6194E+01  1.1241E+00  1.4465E+00
3.9811E+02  1.7572E+00  1.9980E+01  1.1241E+00  1.4450E+00
6.3096E+02  2.1403E+00  2.4120E+01  1.1240E+00  1.4439E+00
1.0000E+03  2.6830E+00  2.8726E+01  1.1240E+00  1.4434E+00
1.5849E+03  3.3362E+00  3.1190E+01  1.1241E+00  1.4439E+00
2.5119E+03  4.1852E+00  3.2650E+01  1.1242E+00  1.4466E+00
3.9811E+03  5.1364E+00  3.2220E+01  1.1245E+00  1.4529E+00
6.3096E+03  6.2406E+00  3.0990E+01  1.1248E+00  1.4603E+00
1.0000E+04  7.2112E+00  2.8320E+01  1.1249E+00  1.4630E+00
Rosseland and Planck opacities and free electrons
Density     Ross opa    Planck opa  No. Free    Av Sq Free  T=  1.5000E+00
1.0000E-10  3.1591E-01  1.1344E-11  1.1252E+00  1.4735E+00
1.5849E-10  3.1591E-01  1.7980E-11  1.1252E+00  1.4735E+00
2.5119E-10  3.1591E-01  2.8496E-11  1.1252E+00  1.4735E+00
3.9811E-10  3.1591E-01  4.5163E-11  1.1252E+00  1.4735E+00
6.3096E-10  3.1591E-01  7.1578E-11  1.1252E+00  1.4735E+00
1.0000E-09  3.1591E-01  1.1344E-10  1.1252E+00  1.4735E+00
1.5849E-09  3.1591E-01  1.7980E-10  1.1252E+00  1.4735E+00
2.5119E-09  3.1591E-01  2.8496E-10  1.1252E+00  1.4735E+00
3.9811E-09  3.1591E-01  4.5163E-10  1.1252E+00  1.4735E+00
6.3096E-09  3.1591E-01  7.1578E-10  1.1252E+00  1.4735E+00
1.0000E-08  3.1591E-01  1.1344E-09  1.1252E+00  1.4735E+00
1.5849E-08  3.1591E-01  1.7980E-09  1.1252E+00  1.4735E+00
2.5119E-08  3.1591E-01  2.8496E-09  1.1252E+00  1.4735E+00
3.9811E-08  3.1591E-01  4.8515E-09  1.1252E+00  1.4735E+00
6.3096E-08  3.1591E-01  8.0944E-09  1.1252E+00  1.4735E+00
1.0000E-07  3.1591E-01  1.9316E-08  1.1252E+00  1.4735E+00
1.5849E-07  3.1591E-01  4.0610E-08  1.1252E+00  1.4735E+00
2.5119E-07  3.1591E-01  6.9789E-08  1.1252E+00  1.4735E+00
3.9811E-07  3.1591E-01  1.1059E-07  1.1252E+00  1.4735E+00
6.3096E-07  3.1591E-01  1.7551E-07  1.1252E+00  1.4735E+00
1.0000E-06  3.1591E-01  2.7906E-07  1.1252E+00  1.4735E+00
1.5849E-06  3.1591E-01  4.4384E-07  1.1252E+00  1.4735E+00
2.5119E-06  3.1591E-01  7.0901E-07  1.1252E+00  1.4735E+00
3.9811E-06  3.1591E-01  1.1293E-06  1.1252E+00  1.4735E+00
6.3096E-06  3.1591E-01  1.8092E-06  1.1252E+00  1.4735E+00
1.0000E-05  3.1591E-01  2.8867E-06  1.1252E+00  1.4735E+00
1.5849E-05  3.1591E-01  4.6463E-06  1.1252E+00  1.4735E+00
2.5119E-05  3.1591E-01  7.4485E-06  1.1252E+00  1.4735E+00
3.9811E-05  3.1592E-01  1.1834E-05  1.1252E+00  1.4735E+00
6.3096E-05  3.1592E-01  1.8748E-05  1.1252E+00  1.4735E+00
1.0000E-04  3.1593E-01  2.9696E-05  1.1252E+00  1.4735E+00
1.5849E-04  3.1595E-01  4.7036E-05  1.1252E+00  1.4735E+00
2.5119E-04  3.1597E-01  7.4490E-05  1.1252E+00  1.4735E+00
3.9811E-04  3.1600E-01  1.1793E-04  1.1252E+00  1.4735E+00
6.3096E-04  3.1605E-01  1.8673E-04  1.1252E+00  1.4735E+00
1.0000E-03  3.1613E-01  2.9551E-04  1.1252E+00  1.4735E+00
1.5849E-03  3.1624E-01  4.6792E-04  1.1252E+00  1.4735E+00
2.5119E-03  3.1640E-01  7.3928E-04  1.1252E+00  1.4735E+00
3.9811E-03  3.1664E-01  1.1693E-03  1.1252E+00  1.4735E+00
6.3096E-03  3.1696E-01  1.8441E-03  1.1252E+00  1.4735E+00
1.0000E-02  3.1743E-01  2.9116E-03  1.1252E+00  1.4734E+00
1.5849E-02  3.1811E-01  4.5777E-03  1.1252E+00  1.4734E+00
2.5119E-02  3.1909E-01  7.1907E-03  1.1252E+00  1.4734E+00
3.9811E-02  3.2053E-01  1.1245E-02  1.1252E+00  1.4733E+00
6.3096E-02  3.2264E-01  1.7506E-02  1.1252E+00  1.4732E+00
1.0000E-01  3.2571E-01  2.7133E-02  1.1252E+00  1.4731E+00
1.5849E-01  3.3016E-01  4.1477E-02  1.1252E+00  1.4729E+00
2.5119E-01  3.3659E-01  6.3742E-02  1.1252E+00  1.4726E+00
3.9811E-01  3.4540E-01  9.4469E-02  1.1252E+00  1.4722E+00
6.3096E-01  3.5812E-01  1.4290E-01  1.1251E+00  1.4717E+00
1.0000E+00  3.7400E-01  2.0704E-01  1.1251E+00  1.4712E+00
1.5849E+00  3.9649E-01  3.0678E-01  1.1251E+00  1.4704E+00
2.5119E+00  4.2304E-01  4.3795E-01  1.1251E+00  1.4697E+00
3.9811E+00  4.5885E-01  6.3533E-01  1.1251E+00  1.4687E+00
6.3096E+00  5.0192E-01  9.0987E-01  1.1250E+00  1.4677E+00
1.0000E+01  5.5526E-01  1.3109E+00  1.1250E+00  1.4663E+00
1.5849E+01  6.1834E-01  1.8806E+00  1.1249E+00  1.4647E+00
2.5119E+01  6.8690E-01  2.6890E+00  1.1248E+00  1.4627E+00
3.9811E+01  7.6552E-01  3.8408E+00  1.1247E+00  1.4600E+00
6.3096E+01  8.5056E-01  5.3384E+00  1.1246E+00  1.4575E+00
1.0000E+02  9.5292E-01  7.4689E+00  1.1245E+00  1.4539E+00
1.5849E+02  1.0855E+00  9.7533E+00  1.1244E+00  1.4516E+00
2.5119E+02  1.2584E+00  1.2976E+01  1.1242E+00  1.4485E+00
3.9811E+02  1.4693E+00  1.5923E+01  1.1242E+00  1.4473E+00
6.3096E+02  1.7603E+00  1.9611E+01  1.1241E+00  1.4459E+00
1.0000E+03  2.1636E+00  2.3346E+01  1.1241E+00  1.4453E+00
1.5849E+03  2.6740E+00  2.5995E+01  1.1241E+00  1.4454E+00
2.5119E+03  3.3462E+00  2.7727E+01  1.1243E+00  1.4489E+00
3.9811E+03  4.1395E+00  2.7938E+01  1.1246E+00  1.4551E+00
6.3096E+03  5.1393E+00  2.7431E+01  1.1248E+00  1.4605E+00
1.0000E+04  5.8541E+00  2.5020E+01  1.1249E+00  1.4627E+00
Rosseland and Planck opacities and free electrons
Density     Ross opa    Planck opa  No. Free    Av Sq Free  T=  1.6250E+00
1.0000E-10  3.1479E-01  8.5441E-12  1.1252E+00  1.4735E+00
1.5849E-10  3.1479E-01  1.3541E-11  1.1252E+00  1.4735E+00
2.5119E-10  3.1479E-01  2.1462E-11  1.1252E+00  1.4735E+00
3.9811E-10  3.1479E-01  3.4015E-11  1.1252E+00  1.4735E+00
6.3096E-10  3.1479E-01  5.3909E-11  1.1252E+00  1.4735E+00
1.0000E-09  3.1479E-01  8.5441E-11  1.1252E+00  1.4735E+00
1.5849E-09  3.1479E-01  1.3541E-10  1.1252E+00  1.4735E+00
2.5119E-09  3.1479E-01  2.1462E-10  1.1252E+00  1.4735E+00
3.9811E-09  3.1479E-01  3.4015E-10  1.1252E+00  1.4735E+00
6.3096E-09  3.1479E-01  5.3909E-10  1.1252E+00  1.4735E+00
1.0000E-08  3.1479E-01  8.5441E-10  1.1252E+00  1.4735E+00
1.5849E-08  3.1479E-01  1.3541E-09  1.1252E+00  1.4735E+00
2.5119E-08  3.1479E-01  2.1462E-09  1.1252E+00  1.4735E+00
3.9811E-08  3.1479E-01  3.5451E-09  1.1252E+00  1.4735E+00
6.3096E-08  3.1479E-01  5.8848E-09  1.1252E+00  1.4735E+00
1.0000E-07  3.1479E-01  1.1986E-08  1.1252E+00  1.4735E+00
1.5849E-07  3.1479E-01  2.5748E-08  1.1252E+00  1.4735E+00
2.5119E-07  3.1479E-01  4.6165E-08  1.1252E+00  1.4735E+00
3.9811E-07  3.1479E-01  7.3316E-08  1.1252E+00  1.4735E+00
6.3096E-07  3.1479E-01  1.1638E-07  1.1252E+00  1.4735E+00
1.0000E-06  3.1479E-01  1.8507E-07  1.1252E+00  1.4735E+00
1.5849E-06  3.1479E-01  2.9395E-07  1.1252E+00  1.4735E+00
2.5119E-06  3.1479E-01  4.6689E-07  1.1252E+00  1.4735E+00
3.9811E-06  3.1479E-01  7.4103E-07  1.1252E+00  1.4735E+00
6.3096E-06  3.1479E-01  1.1916E-06  1.1252E+00  1.4735E+00
1.0000E-05  3.1479E-01  1.9129E-06  1.1252E+00  1.4735E+00
1.5849E-05  3.1479E-01  3.0778E-06  1.1252E+00  1.4735E+00
2.5119E-05  3.1480E-01  4.9448E-06  1.1252E+00  1.4735E+00
3.9811E-05  3.1480E-01  7.8805E-06  1.1252E+00  1.4735E+00
6.3096E-05  3.1480E-01  1.2488E-05  1.1252E+00  1.4735E+00
1.0000E-04  3.1481E-01  1.9788E-05  1.1252E+00  1.4735E+00
1.5849E-04  3.1482E-01  3.1347E-05  1.1252E+00  1.4735E+00
2.5119E-04  3.1483E-01  4.9663E-05  1.1252E+00  1.4735E+00
3.9811E-04  3.1485E-01  7.8621E-05  1.1252E+00  1.4735E+00
6.3096E-04  3.1488E-01  1.2452E-04  1.1252E+00  1.4735E+00
1.0000E-03  3.1493E-01  1.9703E-04  1.1252E+00  1.4735E+00
1.5849E-03  3.1501E-01  3.1191E-04  1.1252E+00  1.4735E+00
2.5119E-03  3.1511E-01  4.9319E-04  1.1252E+00  1.4735E+00
3.9811E-03  3.1527E-01  7.8009E-04  1.1252E+00  1.4735E+00
6.3096E-03  3.1551E-01  1.2321E-03  1.1252E+00  1.4735E+00
1.0000E-02  3.1584E-01  1.9455E-03  1.1252E+00  1.4735E+00
1.5849E-02  3.1632E-01  3.0680E-03  1.1252E+00  1.4734E+00
2.5119E-02  3.1702E-01  4.8226E-03  1.1252E+00  1.4734E+00
3.9811E-02  3.1803E-01  7.5904E-03  1.1252E+00  1.4734E+00
6.3096E-02  3.1953E-01  1.1857E-02  1.1252E+00  1.4733E+00
1.0000E-01  3.2173E-01  1.8599E-02  1.1252E+00  1.4732E+00
1.5849E-01  3.2498E-01  2.8666E-02  1.1252E+00  1.4731E+00
2.5119E-01  3.2974E-01  4.4603E-02  1.1252E+00  1.4729E+00
3.9811E-01  3.3653E-01  6.7456E-02  1.1252E+00  1.4726E+00
6.3096E-01  3.4636E-01  1.0311E-01  1.1252E+00  1.4722E+00
1.0000E+00  3.5967E-01  1.5386E-01  1.1251E+00  1.4718E+00
1.5849E+00  3.7820E-01  2.3028E-01  1.1251E+00  1.4712E+00
2.5119E+00  4.0194E-01  3.3795E-01  1.1251E+00  1.4704E+00
3.9811E+00  4.3238E-01  4.9181E-01  1.1251E+00  1.4696E+00
6.3096E+00  4.7170E-01  7.1486E-01  1.1250E+00  1.4685E+00
1.0000E+01  5.1653E-01  1.0229E+00  1.1250E+00  1.4674E+00
1.5849E+01  5.7470E-01  1.4818E+00  1.1250E+00  1.4657E+00
2.5119E+01  6.3070E-01  2.0919E+00  1.1249E+00  1.4640E+00
3.9811E+01  6.9959E-01  3.0256E+00  1.1248E+00  1.4613E+00
6.3096E+01  7.6737E-01  4.1713E+00  1.1247E+00  1.4592E+00
1.0000E+02  8.4997E-01  5.9331E+00  1.1246E+00  1.4558E+00
1.5849E+02  9.5441E-01  7.7517E+00  1.1245E+00  1.4536E+00
2.5119E+02  1.0943E+00  1.0450E+01  1.1243E+00  1.4506E+00
3.9811E+02  1.2582E+00  1.2922E+01  1.1243E+00  1.4493E+00
6.3096E+02  1.4842E+00  1.6226E+01  1.1242E+00  1.4477E+00
1.0000E+03  1.7903E+00  1.9220E+01  1.1242E+00  1.4471E+00
1.5849E+03  2.1981E+00  2.1962E+01  1.1242E+00  1.4468E+00
2.5119E+03  2.7362E+00  2.3815E+01  1.1243E+00  1.4484E+00
3.9811E+03  3.4044E+00  2.4426E+01  1.1246E+00  1.4544E+00
6.3096E+03  4.1874E+00  2.3969E+01  1.1248E+00  1.4605E+00
1.0000E+04  4.8681E+00  2.2341E+01  1.1249E+00  1.4633E+00
Rosseland and Planck opacities and free electrons
Density     Ross opa    Planck opa  No. Free    Av Sq Free  T=  1.7500E+00
1.0000E-10  3.1376E-01  6.5722E-12  1.1252E+00  1.4735E+00
1.5849E-10  3.1376E-01  1.0416E-11  1.1252E+00  1.4735E+00
2.5119E-10  3.1376E-01  1.6509E-11  1.1252E+00  1.4735E+00
3.9811E-10  3.1376E-01  2.6164E-11  1.1252E+00  1.4735E+00
6.3096E-10  3.1376E-01  4.1468E-11  1.1252E+00  1.4735E+00
1.0000E-09  3.1376E-01  6.5722E-11  1.1252E+00  1.4735E+00
1.5849E-09  3.1376E-01  1.0416E-10  1.1252E+00  1.4735E+00
2.5119E-09  3.1376E-01  1.6509E-10  1.1252E+00  1.4735E+00
3.9811E-09  3.1376E-01  2.6164E-10  1.1252E+00  1.4735E+00
6.3096E-09  3.1376E-01  4.1468E-10  1.1252E+00  1.4735E+00
1.0000E-08  3.1376E-01  6.5722E-10  1.1252E+00  1.4735E+00
1.5849E-08  3.1376E-01  1.0416E-09  1.1252E+00  1.4735E+00
2.5119E-08  3.1376E-01  1.6509E-09  1.1252E+00  1.4735E+00
3.9811E-08  3.1376E-01  2.6164E-09  1.1252E+00  1.4735E+00
6.3096E-08  3.1376E-01  4.1468E-09  1.1252E+00  1.4735E+00
1.0000E-07  3.1376E-01  7.3445E-09  1.1252E+00  1.4735E+00
1.5849E-07  3.1376E-01  1.6778E-08  1.1252E+00  1.4735E+00
2.5119E-07  3.1376E-01  3.1685E-08  1.1252E+00  1.4735E+00
3.9811E-07  3.1376E-01  5.0447E-08  1.1252E+00  1.4735E+00
6.3096E-07  3.1376E-01  8.0183E-08  1.1252E+00  1.4735E+00
1.0000E-06  3.1376E-01  1.2714E-07  1.1252E+00  1.4735E+00
1.5849E-06  3.1376E-01  2.0151E-07  1.1252E+00  1.4735E+00
2.5119E-06  3.1376E-01  3.2051E-07  1.1252E+00  1.4735E+00
3.9811E-06  3.1376E-01  5.0981E-07  1.1252E+00  1.4735E+00
6.3096E-06  3.1376E-01  8.1533E-07  1.1252E+00  1.4735E+00
1.0000E-05  3.1376E-01  1.3066E-06  1.1252E+00  1.4735E+00
1.5849E-05  3.1376E-01  2.0985E-06  1.1252E+00  1.4735E+00
2.5119E-05  3.1377E-01  3.3885E-06  1.1252E+00  1.4735E+00
3.9811E-05  3.1377E-01  5.4252E-06  1.1252E+00  1.4735E+00
6.3096E-05  3.1377E-01  8.5979E-06  1.1252E+00  1.4735E+00
1.0000E-04  3.1377E-01  1.3626E-05  1.1252E+00  1.4735E+00
1.5849E-04  3.1378E-01  2.1583E-05  1.1252E+00  1.4735E+00
2.5119E-04  3.1379E-01  3.4193E-05  1.1252E+00  1.4735E+00
3.9811E-04  3.1380E-01  5.4160E-05  1.1252E+00  1.4735E+00
6.3096E-04  3.1382E-01  8.5799E-05  1.1252E+00  1.4735E+00
1.0000E-03  3.1385E-01  1.3586E-04  1.1252E+00  1.4735E+00
1.5849E-03  3.1390E-01  2.1516E-04  1.1252E+00  1.4735E+00
2.5119E-03  3.1397E-01  3.4055E-04  1.1252E+00  1.4735E+00
3.9811E-03  3.1409E-01  5.3890E-04  1.1252E+00  1.4735E+00
6.3096E-03  3.1425E-01  8.5253E-04  1.1252E+00  1.4735E+00
1.0000E-02  3.1449E-01  1.3474E-03  1.1252E+00  1.4735E+00
1.5849E-02  3.1483E-01  2.1303E-03  1.1252E+00  1.4735E+00
2.5119E-02  3.1534E-01  3.3582E-03  1.1252E+00  1.4734E+00
3.9811E-02  3.1608E-01  5.2964E-03  1.1252E+00  1.4734E+00
6.3096E-02  3.1716E-01  8.3109E-03  1.1252E+00  1.4734E+00
1.0000E-01  3.1876E-01  1.3066E-02  1.1252E+00  1.4733E+00
1.5849E-01  3.2113E-01  2.0338E-02  1.1252E+00  1.4732E+00
2.5119E-01  3.2463E-01  3.1763E-02  1.1252E+00  1.4730E+00
3.9811E-01  3.2977E-01  4.8888E-02  1.1252E+00  1.4728E+00
6.3096E-01  3.3725E-01  7.5263E-02  1.1252E+00  1.4726E+00
1.0000E+00  3.4791E-01  1.1483E-01  1.1252E+00  1.4722E+00
1.5849E+00  3.6282E-01  1.7353E-01  1.1251E+00  1.4717E+00
2.5119E+00  3.8336E-01  2.6160E-01  1.1251E+00  1.4710E+00
3.9811E+00  4.0912E-01  3.8310E-01  1.1251E+00  1.4703E+00
6.3096E+00  4.4513E-01  5.6936E-01  1.1251E+00  1.4692E+00
1.0000E+01  4.8327E-01  8.1147E-01  1.1250E+00  1.4682E+00
1.5849E+01  5.3692E-01  1.1887E+00  1.1250E+00  1.4666E+00
2.5119E+01  5.8496E-01  1.6662E+00  1.1249E+00  1.4651E+00
3.9811E+01  6.4455E-01  2.3958E+00  1.1248E+00  1.4627E+00
6.3096E+01  7.0259E-01  3.3271E+00  1.1248E+00  1.4606E+00
1.0000E+02  7.7007E-01  4.7007E+00  1.1246E+00  1.4577E+00
1.5849E+02  8.5351E-01  6.2803E+00  1.1245E+00  1.4553E+00
2.5119E+02  9.6539E-01  8.4108E+00  1.1244E+00  1.4528E+00
3.9811E+02  1.0989E+00  1.0682E+01  1.1244E+00  1.4510E+00
6.3096E+02  1.2752E+00  1.3393E+01  1.1243E+00  1.4495E+00
1.0000E+03  1.5155E+00  1.6054E+01  1.1243E+00  1.4486E+00
1.5849E+03  1.8465E+00  1.8804E+01  1.1243E+00  1.4480E+00
2.5119E+03  2.2828E+00  2.0670E+01  1.1243E+00  1.4484E+00
3.9811E+03  2.8455E+00  2.1549E+01  1.1246E+00  1.4546E+00
6.3096E+03  3.4701E+00  2.1095E+01  1.1248E+00  1.4596E+00
1.0000E+04  4.1198E+00  2.0097E+01  1.1249E+00  1.4635E+00
Rosseland and Planck opacities and free electrons
Density     Ross opa    Planck opa  No. Free    Av Sq Free  T=  1.8750E+00
1.0000E-10  3.1281E-01  5.1488E-12  1.1252E+00  1.4735E+00
1.5849E-10  3.1281E-01  8.1603E-12  1.1252E+00  1.4735E+00
2.5119E-10  3.1281E-01  1.2933E-11  1.1252E+00  1.4735E+00
3.9811E-10  3.1281E-01  2.0498E-11  1.1252E+00  1.4735E+00
6.3096E-10  3.1281E-01  3.2487E-11  1.1252E+00  1.4735E+00
1.0000E-09  3.1281E-01  5.1488E-11  1.1252E+00  1.4735E+00
1.5849E-09  3.1281E-01  8.1603E-11  1.1252E+00  1.4735E+00
2.5119E-09  3.1281E-01  1.2933E-10  1.1252E+00  1.4735E+00
3.9811E-09  3.1281E-01  2.0498E-10  1.1252E+00  1.4735E+00
6.3096E-09  3.1281E-01  3.2487E-10  1.1252E+00  1.4735E+00
1.0000E-08  3.1281E-01  5.1488E-10  1.1252E+00  1.4735E+00
1.5849E-08  3.1281E-01  8.1603E-10  1.1252E+00  1.4735E+00
2.5119E-08  3.1281E-01  1.2933E-09  1.1252E+00  1.4735E+00
3.9811E-08  3.1281E-01  2.0498E-09  1.1252E+00  1.4735E+00
6.3096E-08  3.1281E-01  3.2487E-09  1.1252E+00  1.4735E+00
1.0000E-07  3.1281E-01  5.1488E-09  1.1252E+00  1.4735E+00
1.5849E-07  3.1281E-01  8.4885E-09  1.1252E+00  1.4735E+00
2.5119E-07  3.1281E-01  1.3799E-08  1.1252E+00  1.4735E+00
3.9811E-07  3.1281E-01  2.9021E-08  1.1252E+00  1.4735E+00
6.3096E-07  3.1281E-01  5.5455E-08  1.1252E+00  1.4735E+00
1.0000E-06  3.1281E-01  9.2072E-08  1.1252E+00  1.4735E+00
1.5849E-06  3.1281E-01  1.4596E-07  1.1252E+00  1.4735E+00
2.5119E-06  3.1281E-01  2.3189E-07  1.1252E+00  1.4735E+00
3.9811E-06  3.1281E-01  3.6891E-07  1.1252E+00  1.4735E+00
6.3096E-06  3.1281E-01  5.8845E-07  1.1252E+00  1.4735E+00
1.0000E-05  3.1281E-01  9.4446E-07  1.1252E+00  1.4735E+00
1.5849E-05  3.1281E-01  1.5120E-06  1.1252E+00  1.4735E+00
2.5119E-05  3.1281E-01  2.4488E-06  1.1252E+00  1.4735E+00
3.9811E-05  3.1281E-01  3.9334E-06  1.1252E+00  1.4735E+00
6.3096E-05  3.1281E-01  6.2346E-06  1.1252E+00  1.4735E+00
1.0000E-04  3.1281E-01  9.8769E-06  1.1252E+00  1.4735E+00
1.5849E-04  3.1282E-01  1.5651E-05  1.1252E+00  1.4735E+00
2.5119E-04  3.1282E-01  2.4802E-05  1.1252E+00  1.4735E+00
3.9811E-04  3.1283E-01  3.9285E-05  1.1252E+00  1.4735E+00
6.3096E-04  3.1284E-01  6.2223E-05  1.1252E+00  1.4735E+00
1.0000E-03  3.1287E-01  9.8530E-05  1.1252E+00  1.4735E+00
1.5849E-03  3.1290E-01  1.5599E-04  1.1252E+00  1.4735E+00
2.5119E-03  3.1295E-01  2.4695E-04  1.1252E+00  1.4735E+00
3.9811E-03  3.1303E-01  3.9066E-04  1.1252E+00  1.4735E+00
6.3096E-03  3.1314E-01  6.1829E-04  1.1252E+00  1.4735E+00
1.0000E-02  3.1332E-01  9.7679E-04  1.1252E+00  1.4735E+00
1.5849E-02  3.1357E-01  1.5450E-03  1.1252E+00  1.4735E+00
2.5119E-02  3.1394E-01  2.4367E-03  1.1252E+00  1.4735E+00
3.9811E-02  3.1449E-01  3.8424E-03  1.1252E+00  1.4734E+00
6.3096E-02  3.1529E-01  6.0463E-03  1.1252E+00  1.4734E+00
1.0000E-01  3.1647E-01  9.5103E-03  1.1252E+00  1.4733E+00
1.5849E-01  3.1823E-01  1.4887E-02  1.1252E+00  1.4733E+00
2.5119E-01  3.2084E-01  2.3295E-02  1.1252E+00  1.4731E+00
3.9811E-01  3.2470E-01  3.6219E-02  1.1252E+00  1.4730E+00
6.3096E-01  3.3040E-01  5.6082E-02  1.1252E+00  1.4728E+00
1.0000E+00  3.3871E-01  8.6655E-02  1.1252E+00  1.4725E+00
1.5849E+00  3.5054E-01  1.3212E-01  1.1251E+00  1.4721E+00
2.5119E+00  3.6766E-01  2.0336E-01  1.1251E+00  1.4715E+00
3.9811E+00  3.8924E-01  3.0001E-01  1.1251E+00  1.4709E+00
6.3096E+00  4.2042E-01  4.5234E-01  1.1251E+00  1.4699E+00
1.0000E+01  4.5431E-01  6.5024E-01  1.1251E+00  1.4690E+00
1.5849E+01  5.0046E-01  9.5320E-01  1.1250E+00  1.4676E+00
2.5119E+01  5.4573E-01  1.3496E+00  1.1250E+00  1.4661E+00
3.9811E+01  5.9635E-01  1.9258E+00  1.1249E+00  1.4641E+00
6.3096E+01  6.4969E-01  2.7018E+00  1.1248E+00  1.4619E+00
1.0000E+02  7.0691E-01  3.7951E+00  1.1247E+00  1.4595E+00
1.5849E+02  7.7601E-01  5.1811E+00  1.1246E+00  1.4569E+00
2.5119E+02  8.6552E-01  6.8828E+00  1.1245E+00  1.4547E+00
3.9811E+02  9.7576E-01  8.9491E+00  1.1244E+00  1.4525E+00
6.3096E+02  1.1156E+00  1.1156E+01  1.1244E+00  1.4511E+00
1.0000E+03  1.3078E+00  1.3583E+01  1.1244E+00  1.4500E+00
1.5849E+03  1.5804E+00  1.6276E+01  1.1244E+00  1.4492E+00
2.5119E+03  1.9262E+00  1.7838E+01  1.1244E+00  1.4494E+00
3.9811E+03  2.3985E+00  1.8905E+01  1.1246E+00  1.4555E+00
6.3096E+03  2.9314E+00  1.8806E+01  1.1248E+00  1.4603E+00
1.0000E+04  3.5394E+00  1.8206E+01  1.1249E+00  1.4637E+00
Rosseland and Planck opacities and free electrons
Density     Ross opa    Planck opa  No. Free    Av Sq Free  T=  2.0000E+00
1.0000E-10  3.1191E-01  4.0979E-12  1.1252E+00  1.4735E+00
1.5849E-10  3.1191E-01  6.4948E-12  1.1252E+00  1.4735E+00
2.5119E-10  3.1191E-01  1.0294E-11  1.1252E+00  1.4735E+00
3.9811E-10  3.1191E-01  1.6314E-11  1.1252E+00  1.4735E+00
6.3096E-10  3.1191E-01  2.5856E-11  1.1252E+00  1.4735E+00
1.0000E-09  3.1191E-01  4.0979E-11  1.1252E+00  1.4735E+00
1.5849E-09  3.1191E-01  6.4948E-11  1.1252E+00  1.4735E+00
2.5119E-09  3.1191E-01  1.0294E-10  1.1252E+00  1.4735E+00
3.9811E-09  3.1191E-01  1.6314E-10  1.1252E+00  1.4735E+00
6.3096E-09  3.1191E-01  2.5856E-10  1.1252E+00  1.4735E+00
1.0000E-08  3.1191E-01  4.0979E-10  1.1252E+00  1.4735E+00
1.5849E-08  3.1191E-01  6.4948E-10  1.1252E+00  1.4735E+00
2.5119E-08  3.1191E-01  1.0294E-09  1.1252E+00  1.4735E+00
3.9811E-08  3.1191E-01  1.6314E-09  1.1252E+00  1.4735E+00
6.3096E-08  3.1191E-01  2.5856E-09  1.1252E+00  1.4735E+00
1.0000E-07  3.1191E-01  4.0979E-09  1.1252E+00  1.4735E+00
1.5849E-07  3.1191E-01  6.6753E-09  1.1252E+00  1.4735E+00
2.5119E-07  3.1191E-01  1.0836E-08  1.1252E+00  1.4735E+00
3.9811E-07  3.1191E-01  2.0859E-08  1.1252E+00  1.4735E+00
6.3096E-07  3.1191E-01  3.9909E-08  1.1252E+00  1.4735E+00
1.0000E-06  3.1191E-01  6.7770E-08  1.1252E+00  1.4735E+00
1.5849E-06  3.1191E-01  1.0761E-07  1.1252E+00  1.4735E+00
2.5119E-06  3.1191E-01  1.7092E-07  1.1252E+00  1.4735E+00
3.9811E-06  3.1191E-01  2.7198E-07  1.1252E+00  1.4735E+00
6.3096E-06  3.1191E-01  4.3255E-07  1.1252E+00  1.4735E+00
1.0000E-05  3.1191E-01  6.9454E-07  1.1252E+00  1.4735E+00
1.5849E-05  3.1192E-01  1.1098E-06  1.1252E+00  1.4735E+00
2.5119E-05  3.1192E-01  1.7959E-06  1.1252E+00  1.4735E+00
3.9811E-05  3.1192E-01  2.8875E-06  1.1252E+00  1.4735E+00
6.3096E-05  3.1192E-01  4.5889E-06  1.1252E+00  1.4735E+00
1.0000E-04  3.1192E-01  7.2713E-06  1.1252E+00  1.4735E+00
1.5849E-04  3.1192E-01  1.1522E-05  1.1252E+00  1.4735E+00
2.5119E-04  3.1192E-01  1.8259E-05  1.1252E+00  1.4735E+00
3.9811E-04  3.1193E-01  2.8929E-05  1.1252E+00  1.4735E+00
6.3096E-04  3.1194E-01  4.5828E-05  1.1252E+00  1.4735E+00
1.0000E-03  3.1196E-01  7.2601E-05  1.1252E+00  1.4735E+00
1.5849E-03  3.1198E-01  1.1498E-04  1.1252E+00  1.4735E+00
2.5119E-03  3.1201E-01  1.8214E-04  1.1252E+00  1.4735E+00
3.9811E-03  3.1207E-01  2.8833E-04  1.1252E+00  1.4735E+00
6.3096E-03  3.1215E-01  4.5664E-04  1.1252E+00  1.4735E+00
1.0000E-02  3.1228E-01  7.2234E-04  1.1252E+00  1.4735E+00
1.5849E-02  3.1247E-01  1.1432E-03  1.1252E+00  1.4735E+00
2.5119E-02  3.1274E-01  1.8063E-03  1.1252E+00  1.4735E+00
3.9811E-02  3.1315E-01  2.8496E-03  1.1252E+00  1.4734E+00
6.3096E-02  3.1376E-01  4.4955E-03  1.1252E+00  1.4734E+00
1.0000E-01  3.1465E-01  7.0766E-03  1.1252E+00  1.4734E+00
1.5849E-01  3.1598E-01  1.1122E-02  1.1252E+00  1.4733E+00
2.5119E-01  3.1795E-01  1.7435E-02  1.1252E+00  1.4732E+00
3.9811E-01  3.2088E-01  2.7338E-02  1.1252E+00  1.4731E+00
6.3096E-01  3.2524E-01  4.2436E-02  1.1252E+00  1.4729E+00
1.0000E+00  3.3167E-01  6.6293E-02  1.1252E+00  1.4727E+00
1.5849E+00  3.4101E-01  1.0176E-01  1.1252E+00  1.4724E+00
2.5119E+00  3.5463E-01  1.5777E-01  1.1251E+00  1.4719E+00
3.9811E+00  3.7280E-01  2.3695E-01  1.1251E+00  1.4713E+00
6.3096E+00  3.9863E-01  3.5870E-01  1.1251E+00  1.4705E+00
1.0000E+01  4.2928E-01  5.2628E-01  1.1251E+00  1.4696E+00
1.5849E+01  4.6887E-01  7.7216E-01  1.1250E+00  1.4684E+00
2.5119E+01  5.1218E-01  1.1077E+00  1.1250E+00  1.4669E+00
3.9811E+01  5.5563E-01  1.5734E+00  1.1249E+00  1.4652E+00
6.3096E+01  6.0518E-01  2.2305E+00  1.1248E+00  1.4630E+00
1.0000E+02  6.5378E-01  3.1109E+00  1.1248E+00  1.4609E+00
1.5849E+02  7.1241E-01  4.3302E+00  1.1247E+00  1.4581E+00
2.5119E+02  7.8416E-01  5.6803E+00  1.1246E+00  1.4562E+00
3.9811E+02  8.7588E-01  7.5388E+00  1.1245E+00  1.4539E+00
6.3096E+02  9.9022E-01  9.3786E+00  1.1245E+00  1.4526E+00
1.0000E+03  1.1470E+00  1.1629E+01  1.1244E+00  1.4513E+00
1.5849E+03  1.3679E+00  1.3926E+01  1.1244E+00  1.4504E+00
2.5119E+03  1.6532E+00  1.5543E+01  1.1244E+00  1.4503E+00
3.9811E+03  2.0424E+00  1.6691E+01  1.1246E+00  1.4550E+00
6.3096E+03  2.5066E+00  1.6882E+01  1.1248E+00  1.4610E+00
1.0000E+04  3.0787E+00  1.6569E+01  1.1249E+00  1.4640E+00
Useful Links
Group T-1 Home Page
Group XCP-5 Home Page
Please mail questions or comments to:
LANL T-1 Opacities
opacity@lanl.gov
Los Alamos Report No.
LA-UR-01-1257
Contacts
Media
Calendar
Inside
Terms of Use, Privacy
Site Feedback
Operated by Los Alamos National Security, LLC for the U.S Dept. of Energy's NNSA
© Copyright 2018 LANS, LLC
