age_yr,step_yr,R_Rsun,L_Lsun,Teff_K,central_X,central_Y3,step_error_norm,discrete_luminosity_balance,nuclear_rest_mass_balance,last_halfstep_coupling_iterations,convective_mass_fraction,central_T_K,central_rho,surface_X,surface_Y3
0,0,0.12590233386790187,0.0008377677449373143,2767.518922150534,0.7,0,0,0,0,0,1.0000000000000007,4629944.274358928,382.1149443418711,0.7,0
100000000,100000000,0.12590268469260915,0.0008377764949678032,2767.522292607239,0.699976275127249,2.3724872687967858e-05,0.0202574384822185,1.0499191072099734e-08,-2.5777971979223935e-09,2,1.0000000000000007,4630049.796594026,382.1120552658043,0.699976275127249,2.3724872687967858e-05
300000000,200000000,0.12590425835245003,0.0008378120748496292,2767.534380229852,0.6999288215674292,7.117843052364754e-05,0.020576991559551058,6.661338147750939e-16,-1.3830414924420609e-08,2,1.0000000000000007,4630247.293956873,382.09838927262984,0.6999288215674292,7.117843052364754e-05
700000000,400000000,0.12590833531420587,0.0008379026272926572,2767.564348890577,0.6998339034192979,0.00016609655633148803,0.02760579209670766,3.0233593406592263e-12,-2.9692137637482574e-11,3,1.0000000000000007,4630627.873050156,382.06265703093965,0.6998339034192979,0.00016609655633148803
1500000000,800000000,0.12591698133761162,0.0008380945557614751,2767.6277948590014,0.6996440283939946,0.000355971373290314,0.10836285868620621,-1.2271184068879393e-11,-1.9229617898020024e-11,3,1.0000000000000007,4631381.621231472,381.98678705633995,0.6996440283939946,0.000355971373290314
3100000000,1600000000,0.1259333178460006,0.000838537666985982,2767.813999631194,0.699264112150697,0.0007358858140135607,0.49779293798124513,-2.384833441837486e-10,3.915978652457852e-12,3,1.0000000000000007,4632906.6817209525,381.84477441189506,0.699264112150697,0.0007358858140135607
5140977074.726472,2040977074.7264714,0.12595395596898215,0.0008391086346736079,2768.0582293326547,0.6987791835467803,0.0012208076631228986,0.795692255417535,-5.439892980518835e-10,6.389999640532551e-12,3,1.0000000000000007,4634857.699055951,381.66602891452254,0.6987791835467803,0.0012208076631228986
7200222313.208641,2059245238.4821696,0.12597497586382195,0.0008396840063230371,2768.301632380558,0.6982895938203001,0.0017103831402485456,0.7968337445429796,-5.537160729929269e-10,-4.9428239279336594e-12,3,1.0000000000000007,4636825.21065859,381.48420592982023,0.6982895938203001,0.0017103831402485456
9276410526.464048,2076188213.255406,0.12599624593021852,0.0008402698195608851,2768.5506227198866,0.6977956534990438,0.0022042986321528114,0.8061626721733717,-5.663031155123122e-10,-9.296008407488898e-12,3,1.0000000000000007,4638809.9766483335,381.30057625110425,0.6977956534990438,0.0022042986321528114
11357534193.098988,2081123666.6349406,0.12601771994008662,0.0008408578917358057,2768.798957563859,0.6973002185307755,0.0026996951601430466,0.7941104951392219,-5.629705590592948e-10,-1.6564527527407336e-13,3,1.0000000000000007,4640799.08096214,381.1153751515432,0.6973002185307755,0.0026996951601430466
13459375532.69117,2101841339.5921805,0.1260395652686039,0.0008414542091143018,2769.0497207455587,0.6967995306219972,0.0032003272605915186,0.7986428451900451,-5.757436749576073e-10,-1.070921129553426e-12,3,1.0000000000000007,4642807.664685881,380.9272378389142,0.6967995306219972,0.0032003272605915186
15576108804.986517,2116733272.2953484,0.1260617576435854,0.0008420549785998319,2769.300049069731,0.6962949742022613,0.0037048068852996727,0.7826604253580172,-5.651061840694638e-10,-1.2984058272991206e-12,3,1.0000000000000007,4644829.655892017,380.7363853726023,0.6962949742022613,0.0037048068852996727
17729495168.591198,2153386363.6046824,0.1260855926477969,0.0008426159467654327,2769.4993457069577,0.6957813790850755,0.004218299031157434,0.728395044280461,-5.753397758212486e-10,1.4854784069484595e-12,3,1.0000000000000007,4646866.717040991,380.53002201666857,0.6957813790850755,0.004218299031157434
20000306103.137703,2270810934.546504,0.12611150936558294,0.0008431854031162868,2769.6825100717274,0.6952394702058996,0.004760067741730968,0.7356689035731279,-6.542072439330582e-10,-7.190581463589751e-12,3,1.0000000000000007,4649003.570478879,380.3051851909763,0.6952394702058996,0.004760067741730968
22383076998.67494,2382770895.537234,0.12613917046645173,0.0008437775722332794,2769.8649168077463,0.6946705256576278,0.0053288254292033835,0.794094717759819,-7.562114268111486e-10,-9.146128299164502e-12,3,1.0000000000000007,4651240.006677848,380.06519420596715,0.6946705256576278,0.0053288254292033835
24789592384.353,2406515385.678064,0.12616745370662,0.0008443702761751706,2770.0406700689223,0.6940955952320869,0.005903520736952586,0.7571696281072349,-7.561107295828151e-10,-5.7628346539218e-12,3,1.0000000000000007,4653494.658004739,379.8197364738974,0.6940955952320869,0.005903520736952586
27278647764.48111,2489055380.128113,0.1261971263805585,0.0008449786136659951,2770.2137262372557,0.6935006283491151,0.006498188990447517,0.7895745390840148,-8.31628987896238e-10,1.5398793351550921e-12,3,1.0000000000000007,4655821.2602648875,379.56207460715626,0.6935006283491151,0.006498188990447517
29799692204.011784,2521044439.5306706,0.12622727369939196,0.0008456033378069866,2770.3947238718483,0.692897696055185,0.007100755018498218,0.7938540225183033,-8.556606534426692e-10,1.972644270153978e-12,3,1.0000000000000007,4658177.8152247425,379.30038634117227,0.692897696055185,0.007100755018498218
32346245007.4449,2546552803.43312,0.12625764274940943,0.0008462559857421028,2770.5958570084417,0.6922883396017121,0.007709669277388841,0.822466564853741,-8.858183075943771e-10,-9.99733629214461e-12,3,1.0000000000000007,4660562.842864451,379.03792258074253,0.6922883396017121,0.007709669277388841
34873424386.9789,2527179379.53399,0.12628849107921836,0.0008468788375037681,2770.7670441343016,0.6916833095728734,0.008314181810747272,0.6457855217245623,-7.89732168549051e-10,5.486944232302449e-12,3,1.0000000000000007,4662919.219138286,378.7708961494362,0.6916833095728734,0.008314181810747272
37703737129.92195,2830312742.943063,0.1263244167805206,0.0008475382483609189,2770.912144668747,0.6910053967012455,0.008991409874858537,0.7847089655843575,-1.123499293598229e-09,1.7423840148467207e-12,3,1.0000000000000007,4665535.7576059345,378.4587061041588,0.6910053967012455,0.008991409874858537
40579298421.29477,2875561291.3728123,0.1263607710892556,0.0008482351589482582,2771.0828731758766,0.6903163239702429,0.009679664811605022,0.8082774993756203,-1.1743775951700286e-09,1.965094753586527e-13,3,1.0000000000000007,4668198.814367095,378.14352330618243,0.6903163239702429,0.009679664811605022
43457922101.54019,2878623680.245419,0.12639692974714165,0.0008489641510050221,2771.281585379038,0.6896261927749363,0.010368842998840186,0.8243401050656018,-1.1782202991028612e-09,-6.228351168147128e-14,3,1.0000000000000007,4670871.334259563,377.83103585765673,0.6896261927749363,0.010368842998840186
46311397867.291336,2853475765.751137,0.1264325666932656,0.000849715237738452,2771.503649119007,0.6889417682458511,0.011052178713105184,0.8002018092589935,-1.1314764680747658e-09,-4.833800026915469e-12,3,1.0000000000000007,4673526.363198089,377.52384412449885,0.6889417682458511,0.011052178713105184
49182290385.15814,2870892517.8668127,0.12646846105410098,0.000850485265245091,2771.737910714752,0.6882528499382069,0.011739843964038623,0.7741958674145621,-1.12898346227297e-09,-6.908695837637424e-12,3,1.0000000000000007,4676197.602928363,377.21409370260113,0.6882528499382069,0.011739843964038623
52118817521.44821,2936527136.2900805,0.12650439205561934,0.0008513314340040758,2772.033317497372,0.6875478420942213,0.012443392494592649,0.869909552170256,-1.2319447684205898e-09,4.9757975517650266e-12,3,1.0000000000000007,4678945.402939229,376.9049737649016,0.6875478420942213,0.012443392494592649
54952423616.94127,2833606095.4930525,0.1265389969869337,0.0008521679162853637,2772.334831053396,0.6868672223706311,0.013122423273586462,0.786992986334667,-1.079380362867255e-09,-1.7064127888488656e-13,3,1.0000000000000007,4681599.415652843,376.607311936783,0.6868672223706311,0.013122423273586462
57827150276.4806,2874726659.539332,0.1265738287090698,0.0008530524772040545,2772.6723975144882,0.6861764011627282,0.01381143520178645,0.8259565309476358,-1.1298029178874458e-09,-8.749667657070859e-13,3,1.0000000000000007,4684298.886310257,376.3083247419611,0.6861764011627282,0.01381143520178645
60673973304.60776,2846823028.127156,0.12660780638886363,0.000853974340851381,2773.049000528755,0.6854919569887767,0.014493879233178596,0.8367631953998256,-1.0947184270193588e-09,4.877431791783238e-12,3,1.0000000000000007,4686983.245460193,376.01742711170584,0.6854919569887767,0.014493879233178596
63474899690.24596,2800926385.638208,0.12664071671130447,0.000854926728275724,2773.461389920603,0.6848182196700928,0.015165432851552788,0.8355335501253336,-1.0417504636706099e-09,7.602807272633072e-13,3,1.0000000000000007,4689635.369679265,375.7363226419667,0.6848182196700928,0.015165432851552788
66232696453.68203,2757796763.4360676,0.12667225559666215,0.0008559268925111585,2773.926799685893,0.6841545214195036,0.01582675824632527,0.8704264686798524,-1.0062252142617467e-09,2.1440627051561023e-12,3,1.0000000000000007,4692263.986059827,375.46794701290224,0.6841545214195036,0.01582675824632527
68893046120.75359,2660349667.071551,0.12670337642888907,0.0008568763941104702,2774.3549961029794,0.6835139751766984,0.016464794521398905,0.6960568343927775,-8.375365956325709e-10,-2.528088849373944e-12,3,1.0000000000000007,4694789.307360195,375.20263171235325,0.6835139751766984,0.016464794521398905
71762894026.82889,2869847906.075311,0.12673674631247497,0.0008579413469245018,2774.8512260625,0.6828226635426717,0.017153133517972978,0.8358210823455892,-1.0751447510060075e-09,-2.1682655670929307e-13,3,1.0000000000000007,4697519.416390551,374.918687209236,0.6828226635426717,0.017153133517972978
74588064962.24066,2825170935.4117537,0.12676907534958773,0.0008590396123704364,2775.384872487774,0.6821417855509896,0.017830806869204303,0.8376949767185948,-1.0222963586770106e-09,3.22564197574593e-12,3,1.0000000000000007,4700218.439437116,374.64430341455375,0.6821417855509896,0.017830806869204303
77366141991.87701,2778077029.636359,0.12679991933936438,0.0008601922650736282,2775.9777129817076,0.6814719196831213,0.018497236573704282,0.8870200074451162,-9.857022975623408e-10,-1.985300812634705e-12,3,1.0000000000000007,4702892.3753833445,374.3840677281674,0.6814719196831213,0.018497236573704282
80020870325.88277,2654728334.005761,0.12683179107989437,0.0008611964470172044,2776.43860904484,0.6808315374512591,0.0191340594555528,0.6974386751457118,-7.319203021438625e-10,-5.237921207879026e-12,3,1.0000000000000007,4705406.318193551,374.11277181641276,0.6808315374512591,0.0191340594555528
82881815802.52116,2860945476.638397,0.1268660203762388,0.0008623290714636861,2776.9763359903027,0.6801411630541013,0.019820271054381795,0.8546941648868156,-9.556847535563406e-10,-4.922284801978094e-12,3,1.0000000000000007,4708120.008672179,373.8220650184834,0.6801411630541013,0.019820271054381795
85666953817.62306,2785138015.10189,0.12689850045423873,0.0008634959749563364,2777.559779654067,0.6794688188013686,0.020488228015094135,0.8528185280187728,-8.652776273265772e-10,2.0037305148434825e-12,3,1.0000000000000007,4710778.456740799,373.5470484752265,0.6794688188013686,0.020488228015094135
88381273006.92543,2714319189.3023896,0.12692962995323667,0.000864684470988266,2778.174292749324,0.6788133151899945,0.021139121587700305,0.8512623922429796,-7.986029615381085e-10,-6.104006189389111e-12,3,1.0000000000000007,4713380.081123982,373.28387093504995,0.6788133151899945,0.021139121587700305
91028990854.1637,2647717847.2382717,0.12695890810628366,0.0008659191690664391,2778.8450411543413,0.6781736309843368,0.021773974861281846,0.8500423642754384,-7.432026105647083e-10,-3.998024133977651e-12,3,1.0000000000000007,4715938.281667195,373.0369374806659,0.6781736309843368,0.021773974861281846
93613594347.72052,2584603493.5568075,0.12698601044751587,0.000867217441863741,2779.5893685216233,0.6775489115313404,0.022393644739546775,0.8496195919027727,1.1102230246251565e-15,-2.6002202613284453e-09,3,1.0000000000000007,4718462.7876761975,372.8091064442458,0.6775489115313404,0.022393644739546775
96137215606.42232,2523621258.701805,0.12701028496514838,0.0008686099271337704,2780.4387490925665,0.6769386096507173,0.022998682469551675,0.8918758132026028,-1.3322676295501878e-15,-2.7474710284636217e-09,3,1.0000000000000007,4720967.817117532,372.60629960264765,0.6769386096507173,0.022998682469551675
98542212354.1498,2404996747.727487,0.1270313222226899,0.0008700523371402432,2781.361992302828,0.6763566465524096,0.023575309443751264,0.9241430820594587,6.661338147750939e-16,-2.6464042068852223e-09,3,1.0000000000000007,4723393.308821284,372.4315029596819,0.6763566465524096,0.023575309443751264
100793792417.00102,2251580062.8512197,0.1270491258101155,0.0008715090846689292,2782.330519138477,0.6758114562158966,0.024115210225543113,0.9129001077301524,-8.881784197001252e-16,-2.416789435244482e-09,3,1.0000000000000007,4725698.860289722,372.28447448549764,0.6758114562158966,0.024115210225543113
101854237735.18225,1060445318.1812451,0.1270566854470452,0.00087224325175828,2782.8335087744767,0.6755545751831229,0.024369515209099114,0.22980950142859058,-1.2862266807189826e-11,-1.4545253890219101e-11,3,1.0000000000000007,4726799.636076638,372.22247172620433,0.6755545751831229,0.024369515209099114
103845125594.48605,1990887859.303796,0.12706836491399923,0.0008737458583098379,2783.9032768176708,0.6750719924477482,0.024847048317688174,0.9803830092192101,-3.6136016401400184e-10,-9.099165865222858e-12,3,1.0000000000000007,4728911.613499042,372.12825179107654,0.6750719924477482,0.024847048317688174
105654762396.00981,1809636801.523753,0.12708481631355553,0.0008748045832478609,2784.565961941281,0.6746330891808335,0.0252811521471569,0.5026976418465168,-1.2506318203264755e-10,-5.3013149425851225e-12,3,1.0000000000000007,4730734.094525106,371.99162530066803,0.6746330891808335,0.0252811521471569
107951865587.08154,2297103191.0717387,0.12711626662297984,0.0008757889498807821,2785.004370983775,0.6740759428949908,0.02583189369930969,0.848283209405054,-2.819958710986725e-10,-4.761746552617296e-13,3,1.0000000000000007,4732868.518056572,371.7261623579811,0.6740759428949908,0.02583189369930969
110196535984.48946,2244670397.4079013,0.12714712109557835,0.0008767791776954833,2785.453236266836,0.6735315206404148,0.0263697304604681,0.8520660478919527,-2.504261242819439e-10,-4.0734082773496993e-13,3,1.0000000000000007,4734953.159941583,371.4662627667188,0.6735315206404148,0.0263697304604681
112385095989.36076,2188560004.8713017,0.12717877858783325,0.0008776873560778765,2785.8274672432813,0.6730007509006295,0.02689375898278998,0.9632801597700412,-2.0210011442145515e-10,3.2360780721774063e-12,3,1.0000000000000007,4736957.307469655,371.1985485551794,0.6730007509006295,0.02689375898278998
114391991031.6932,2006895042.332422,0.12720816590568063,0.0008785286102660067,2786.1728909122567,0.6725140979210318,0.02737394871933474,0.8566831820322474,-1.3824918987381807e-10,-5.878408870785279e-12,3,1.0000000000000007,4738788.732801191,370.9500565750328,0.6725140979210318,0.02737394871933474
116343439327.39903,1951448295.7058206,0.12723693810641265,0.0008793556533349847,2786.5132705669726,0.6720409552591208,0.02784053713575646,0.8507822149214638,-1.1789347276192075e-10,8.256950678742214e-12,3,1.0000000000000007,4740565.952139939,370.70684545694013,0.6720409552591208,0.02784053713575646
118247541975.81392,1904102648.4148793,0.12726517962467832,0.0008801723011489257,2786.850728737177,0.6715793621843812,0.028295471718566625,0.8453428799667927,-1.0196388178229654e-10,1.2514433933574765e-12,3,1.0000000000000007,4742296.94316956,370.4682168629824,0.6715793621843812,0.028295471718566625
120111415404.0502,1863873428.2362773,0.12729247331265858,0.0008810098965138183,2787.2146412234447,0.6711275896633331,0.028740467640983893,0.787815896338695,-9.431666558867846e-11,2.5122126601218042e-12,3,1.0000000000000007,4743998.015000023,370.2382287107823,0.6711275896633331,0.028740467640983893
122001349049.53807,1889933645.4878807,0.12731947804746702,0.0008819038666383756,2787.6257486906043,0.6706695560191605,0.029191358708883407,0.829867431439979,-9.647593834927193e-11,-1.0400236227781079e-11,3,1.0000000000000007,4745734.797047004,370.01120019120594,0.6706695560191605,0.029191358708883407
123868522681.29811,1867173631.7600455,0.12734624325672209,0.0008828006504007713,2788.041106797315,0.6702170964435521,0.02963648843115379,0.8399702425623822,-8.738387791140667e-11,1.894040480010517e-13,3,1.0000000000000007,4747449.7550902935,369.78662315637484,0.6702170964435521,0.02963648843115379
125702083266.82652,1833560585.5284152,0.12737292837891903,0.0008836760140822922,2788.4398480298387,0.6697728475950311,0.030073269049633755,0.8784491127913906,-7.291833803435566e-11,-6.56030785251005e-12,3,1.0000000000000007,4749126.367813615,369.5625240391177,0.6697728475950311,0.030073269049633755
127462759370.4059,1760676103.579371,0.12739937542858287,0.0008844947162029521,2788.795966954225,0.669346340520687,0.030492348816931397,0.8589043970150255,-5.66423574710484e-11,-1.5558665467096944e-12,3,1.0000000000000007,4750721.158785558,369.33998921897864,0.669346340520687,0.030492348816931397
129172576116.62823,1709816746.2223601,0.12742515515166997,0.0008853039759584836,2789.1514604248464,0.6689322390870656,0.03089899150119379,0.8331713700557296,-4.6587955715438056e-11,-6.009859276900897e-12,3,1.0000000000000007,4752268.366572221,369.12339045179937,0.6689322390870656,0.03089899150119379
130858449316.30968,1685873199.681451,0.1274505875934044,0.0008861174274808149,2789.5135729903227,0.6685240225678969,0.031299610249525094,0.8295416755593754,-4.1114112114826185e-11,-3.782196777990521e-12,3,1.0000000000000007,4753793.944991347,368.9101063253542,0.6685240225678969,0.031299610249525094
132524346950.3907,1665897634.0810292,0.12747600125807565,0.0008869213171385687,2789.867886484428,0.6681207344066162,0.03169514817143765,0.839587762091476,-3.580569174488346e-11,1.766364832178624e-12,3,1.0000000000000007,4755296.122512348,368.69697737165785,0.6681207344066162,0.03169514817143765
134160627511.47171,1636280561.0810125,0.12750140369632967,0.0008877019410399586,2790.203568293814,0.6677247128031032,0.032083318386787255,0.8729399768314661,-2.8422153519613857e-11,1.3162138046141081e-11,3,1.0000000000000007,4756763.6512055695,368.48399559312645,0.6677247128031032,0.032083318386787255
135736815773.97853,1576188262.5068252,0.1275270732522693,0.0008884092380575786,2790.478306024809,0.6673433497947301,0.0324568921490485,0.8716720945045608,-2.005917654201994e-11,3.4641178814354134e-12,3,1.0000000000000007,4758154.934836484,368.2681354246026,0.6673433497947301,0.0324568921490485
137256222438.93958,1519406664.9610233,0.12755226108735243,0.0008890864981398546,2790.734384699627,0.6669758450210725,0.03281667468023329,0.8425079500717914,-1.3967160761296782e-11,-1.6112111644872584e-11,3,1.0000000000000007,4759487.850317851,368.05636981588304,0.6669758450210725,0.03281667468023329
138746027799.98022,1489805361.0406342,0.12757734379032787,0.0008897444273707331,2790.9761271249386,0.6666156238181353,0.03316911626536014,0.841044400026747,-1.056488230233299e-11,-8.958389585700388e-13,3,1.0000000000000007,4760787.433686178,367.84550763982014,0.6666156238181353,0.03316911626536014
140208078996.17538,1462051196.1951747,0.12760234683440014,0.0008903827764060286,2791.20308907747,0.6662622415494233,0.03351466060816253,0.8397822359035301,-7.722378292385201e-12,2.0371482278846997e-11,3,1.0000000000000007,4762055.150843043,367.6352298479619,0.6662622415494233,0.03351466060816253
141643970904.21075,1435891908.0353842,0.12762718548437596,0.0008910084445788585,2791.421630319327,0.6659153130938239,0.03385369235504814,0.8326702531646912,-5.378142375889183e-12,2.5213164889237305e-12,3,1.0000000000000007,4763294.673750892,367.42644212388086,0.6659153130938239,0.03385369235504814
143060181151.60046,1416210247.389703,0.12765192613786996,0.000891625513800535,2791.6342382641405,0.6655732732067938,0.03418774741842086,0.831233220865979,-3.5911273954525313e-12,-6.1946003881985234e-12,3,1.0000000000000007,4764512.5393902175,367.21867103305783,0.6655732732067938,0.03418774741842086
144458186381.38165,1398005229.7811759,0.1276765370012142,0.0008922370012054913,2791.8436331520993,0.6652357649626464,0.0345171792939599,0.8289144882295263,-2.0541346401614646e-12,-1.261091231441469e-11,3,1.0000000000000007,4765711.033489374,367.0122001585238,0.6652357649626464,0.0345171792939599
145840149459.72806,1381963078.3464012,0.12770102429816357,0.0008928448241866944,2792.0512538037538,0.6649022656932744,0.034842502357163345,0.8272374649870295,-7.40851824332367e-13,-6.68698429961978e-12,3,1.0000000000000007,4766892.55450368,366.806975729093,0.6649022656932744,0.034842502357163345
147207638492.93732,1367489033.2092512,0.1277253798830217,0.0008934511520737211,2792.258889284623,0.6645723962995329,0.03516408995198193,0.8252391574953277,4.083400284571326e-13,2.986277891636746e-12,3,1.0000000000000007,4768059.103856251,366.603084659185,0.6645723962995329,0.03516408995198193
148562442423.84558,1354803930.9082441,0.127749620719856,0.0008940567163828819,2792.4669273600043,0.6642457245515719,0.03548236636126107,0.8257636369135568,1.396882609583372e-12,-3.081646049452047e-12,3,1.0000000000000007,4769212.416487478,366.40035945316197,0.6642457245515719,0.03548236636126107
149904252597.08258,1341810173.2369976,0.12777378876123616,0.0008946583057891088,2792.6724045336946,0.663922324996058,0.03579726174454588,0.8270454738418254,2.3077095789858504e-12,-3.566702488910778e-12,3,1.0000000000000007,4770351.212453616,366.1983520844154,0.663922324996058,0.03579726174454588
151232163372.65054,1327910775.567941,0.12779782838811354,0.0008952577764535714,2792.877381837448,0.6636024154365975,0.03610856718805004,0.8248580276454254,3.1661340216260214e-12,6.505018745883717e-12,3,1.0000000000000007,4771475.457596816,365.99755450901114,0.6636024154365975,0.03610856718805004
152548060084.84213,1315896712.1915743,0.1278217744583778,0.0008958550306191531,2793.0814050471063,0.6632855411864702,0.036416728087970404,0.8250876672860619,3.8973269056441495e-12,6.127764962116089e-12,3,1.0000000000000007,4772586.627647785,365.7976219847829,0.6632855411864702,0.036416728087970404
153851869951.95728,1303809867.1151137,0.12784557756757867,0.0008964529547199478,2793.2872654333146,0.662971718868591,0.03672173096090767,0.8222952829761709,4.600764214046649e-12,-4.870548409030562e-12,3,1.0000000000000007,4773685.671646481,365.5990507368064,0.662971718868591,0.03672173096090767
155145895567.47125,1294025615.5139723,0.12786924276499703,0.0008970542518716563,2793.4970111555203,0.6626603929917503,0.037024117845583564,0.8203892119112988,5.241140854650439e-12,-7.609468610780823e-13,3,1.0000000000000007,4774775.292448338,365.4018525819744,0.6626603929917503,0.037024117845583564
156431701462.15277,1285805894.6815012,0.127892775287957,0.0008976602999973105,2793.711652265135,0.6623511858960431,0.037324256939477,0.8207047264008338,5.806688463394494e-12,4.694244992720087e-12,3,1.0000000000000007,4775857.248277744,365.2059946105806,0.6623511858960431,0.037324256939477
157709094234.70316,1277392772.550409,0.12791618819844985,0.0008982698094035475,2793.9300365113877,0.6620441431844457,0.037622105190612286,0.821519998486786,6.193712209778823e-12,3.950173521616307e-13,3,1.0000000000000007,4776931.025308798,365.01133196421813,0.6620441431844457,0.037622105190612286
158977499084.84424,1268404850.1410623,0.12793972684743637,0.0008988680025029712,2794.1379958146854,0.6617394051500722,0.03791752811569704,0.829281659314729,6.626477144777709e-12,7.635669874161977e-12,3,1.0000000000000007,4777991.18484499,364.8155812563041,0.6617394051500722,0.03791752811569704
160231071344.98853,1253572260.1442964,0.1279629490725181,0.0008994728207925441,2794.3543089564782,0.6614383738122408,0.038209169742854605,0.8163023226120947,7.249090216987497e-12,8.717693233961654e-12,3,1.0000000000000007,4779039.27560578,364.62272297907634,0.6614383738122408,0.038209169742854605
161479795079.85544,1248723734.8669345,0.1279859950584402,0.0009000884395552773,2794.580676388213,0.6611386486334765,0.03849935737011374,0.8162693387880893,7.715827976539913e-12,-5.107136935578183e-12,3,1.0000000000000007,4780084.425269447,364.4315769574308,0.6611386486334765,0.03849935737011374
162723714173.79987,1243919093.9444053,0.12800885538779172,0.0009007157202237523,2794.817853764852,0.660840217499216,0.03878810250999149,0.8141186929461197,8.278933094629792e-12,-4.0848435745033385e-12,3,1.0000000000000007,4781126.907382957,364.2422377928218,0.660840217499216,0.03878810250999149
163964482733.85422,1240768560.0543356,0.12803149828840604,0.0009013581186372189,2795.0688502036937,0.6605426812259514,0.03907579069095096,0.815040377966092,8.770095760723962e-12,-2.6194602043005943e-12,3,1.0000000000000007,4782169.272883239,364.0549941218069,0.6605426812259514,0.03907579069095096
165201408759.46997,1236926025.6157284,0.12805396721373516,0.0009020123484873075,2795.330623238674,0.6602462043246847,0.03936226207102443,0.8151454458649177,9.264589095892006e-12,-1.5975443190541228e-11,3,1.0000000000000007,4783209.862230913,363.86942708397754,0.6602462043246847,0.03936226207102443
166434424678.31732,1233015918.8473284,0.12807633011694813,0.0009026739965328554,2795.5989968552076,0.6599508019720055,0.03964750140644086,0.821321220895177,9.342526752220692e-12,-5.543787651163257e-12,3,1.0000000000000007,4784247.3308234345,363.6849283377333,0.6599508019720055,0.03964750140644086
167658913066.30414,1224488387.9868383,0.12809883693457447,0.000903322601593313,2795.855400580213,0.6596575832164904,0.03993043879407055,0.8281181072822275,9.53526146929562e-12,8.108846927257218e-12,3,1.0000000000000007,4785271.211994349,363.499073251723,0.6596575832164904,0.03993043879407055
168869932297.90378,1211019231.5996265,0.1281211414883093,0.0009039720032051863,2796.1143336538453,0.6593677303808775,0.040209936597041376,0.8199507156581021,9.81859038517996e-12,1.9033663534173684e-12,3,1.0000000000000007,4786282.372744686,363.3149830274733,0.6593677303808775,0.040209936597041376
170073580786.46698,1203648488.5632052,0.12814328538651099,0.0009046277322262567,2796.3796150509575,0.6590797816343243,0.04048740691478037,0.8170331256690533,1.0166756325702409e-11,6.1530780470775426e-12,3,1.0000000000000007,4787287.300007067,363.132381508329,0.6590797816343243,0.04048740691478037
171272037497.92505,1198456711.4580727,0.12816526390295585,0.0009052929966526894,2796.653764665024,0.6587932139697191,0.04076335439917825,0.8157470117453602,1.0547562823148837e-11,-6.5210059574383195e-12,3,1.0000000000000007,4788288.737040109,362.95136653321805,0.6587932139697191,0.04076335439917825
172466265129.4951,1194227631.570054,0.12818706682868497,0.0009059695862900697,2796.938261226522,0.65850779550761,0.04103800231285842,0.8149692162784383,1.0948353335038519e-11,2.2963853041346738e-12,3,1.0000000000000007,4789288.036611953,362.7720384127132,0.65850779550761,0.04103800231285842
173656846335.49484,1190581205.9997745,0.1282086659331091,0.000906660242579853,2797.2355103260097,0.658223385069167,0.041311486117572675,0.8129695486247535,1.1447287562305064e-11,-1.5063950087323974e-11,3,1.0000000000000007,4790286.521414868,362.59469224921594,0.658223385069167,0.041311486117572675
174845251123.42648,1188404787.9316604,0.12823047003126004,0.0009073407647766475,2797.5223774099472,0.6579396332496181,0.041584141074675805,0.8348413869929683,1.0973444375395047e-11,8.774314608217537e-12,3,1.0000000000000007,4791277.8337705005,362.41554602873515,0.6579396332496181,0.041584141074675805
176015841412.04095,1170590288.6144607,0.1282521517914404,0.0009080116989882555,2797.802869600016,0.6576602752860979,0.041852381712913916,0.8196193658494,1.1031620061885405e-11,-6.764366844436154e-12,3,1.0000000000000007,4792249.849608521,362.2373994070941,0.6576602752860979,0.041852381712913916
177179542179.1711,1163700767.1301591,0.1282737754485326,0.0009086838226789665,2798.0845973679825,0.6573827021228679,0.04211871690183302,0.8192299726789143,1.1162182289581324e-11,1.8563595105547392e-11,3,1.0000000000000007,4793214.350335904,362.0598566195721,0.6573827021228679,0.04211871690183302
178336668875.62952,1157126696.4584324,0.12829531092247035,0.0009093592182328708,2798.369489363304,0.6571068376841238,0.042383220955574515,0.8185132206739443,1.1298295632400368e-11,-1.2543077687610094e-11,3,1.0000000000000007,4794172.413688174,361.88324876614604,0.6571068376841238,0.042383220955574515
179487762301.5964,1151093425.9669049,0.128316770617572,0.0009100378101936166,2798.657347724183,0.6568325522659264,0.04264601937147682,0.8184763460733491,1.1411538380912134e-11,7.249090216987497e-12,3,1.0000000000000007,4795124.462013961,361.7074787381092,0.6568325522659264,0.04264601937147682
180632879709.072,1145117407.4755878,0.12833815902700113,0.0009107191925280358,2798.947807045678,0.6565598315619224,0.04290712690604321,0.818763346288609,1.1496359419993496e-11,-6.551093001405661e-12,3,1.0000000000000007,4796070.442912526,361.5324878437055,0.6565598315619224,0.04290712690604321
181771852449.23743,1138972740.1654298,0.12835947596721725,0.0009114030051837143,2799.2405890396135,0.6562887151192963,0.04316650683000024,0.8185989128217663,1.1569856184223681e-11,-5.562994509489272e-12,3,1.0000000000000007,4797010.128065221,361.35825724411546,0.6562887151192963,0.04316650683000024
182904827268.428,1132974819.190586,0.12838072239200796,0.0009120893088462219,2799.5357265824864,0.6560191673311631,0.04342419437321375,0.8186166211565649,1.1607603767060937e-11,2.652100761224574e-12,3,1.0000000000000007,4797943.677056555,361.1847797467284,0.6560191673311631,0.04342419437321375
184031823562.36884,1126996293.940824,0.12840191618221242,0.0009127770291204339,2799.8321974553673,0.6557511831255773,0.043680195567161746,0.8186863729997551,1.1656009490934593e-11,-1.2544631999844569e-11,3,1.0000000000000007,4798870.758566919,361.0118892369412,0.6557511831255773,0.043680195567161746
185152825121.21594,1121001558.847127,0.12842341407246588,0.0009134429498685329,2800.108319042578,0.655484768042941,0.043934506495416706,0.8438157715617844,1.0270229111597473e-11,-1.680255934388697e-11,3,1.0000000000000007,4799784.81886953,360.8365677632571,0.655484768042941,0.043934506495416706
186251135042.62387,1098309921.4079056,0.12844543386947282,0.0009140555880181483,2800.337636880708,0.6552238976328517,0.04418333932098296,0.8332029034774369,9.474865336756011e-12,6.026956711480125e-12,3,1.0000000000000007,4800661.90819406,360.65668425422854,0.6552238976328517,0.04418333932098296
187334044206.50818,1082909163.884312,0.12846746604093315,0.0009146535213397743,2800.555309230885,0.654966838911705,0.044428355077291065,0.823322399978732,9.114486942962685e-12,3.701261519495347e-12,3,1.0000000000000007,4801519.956267516,360.4766542213589,0.654966838911705,0.044428355077291065
188408156216.55896,1074112010.0507786,0.12848955648071442,0.0009152415181848886,2800.7645036849317,0.6547120234765469,0.0446710531116434,0.8224557997149606,8.82782735800447e-12,-5.058953256309451e-12,3,1.0000000000000007,4802365.850945947,360.29614762874826,0.6547120234765469,0.0446710531116434
189474103674.7425,1065947458.1835533,0.12851170223352598,0.000915820144872692,2800.9656989044556,0.6544593013453338,0.044911579158060023,0.8221970593247363,8.531175765824628e-12,1.3368861573326285e-11,3,1.0000000000000007,4803200.351962215,360.1151844678498,0.6544593013453338,0.044911579158060023
190532115077.11935,1058011402.3768945,0.12853390563319977,0.0009163892369759347,2801.1587563204052,0.6542086185313479,0.045149987330836826,0.8218670707882403,8.246958671520588e-12,5.630385047084019e-12,3,1.0000000000000007,4804023.606402984,359.93371687537046,0.6542086185313479,0.045149987330836826
191582460307.2186,1050345230.099274,0.12855615873824414,0.000916949551631464,2801.344353281377,0.6539599111570747,0.04538634102042043,0.821367290571029,7.961853398796848e-12,-4.913847106990943e-13,3,1.0000000000000007,4804836.088935243,359.7518262111481,0.6539599111570747,0.04538634102042043
192625512102.76862,1043051795.5500044,0.12857847538347406,0.0009175006555042706,2801.522019678738,0.6537130911346251,0.045620726460594195,0.8211931258605976,7.706724147737987e-12,-2.779199093083662e-11,3,1.0000000000000007,4805637.961186835,359.5693950202512,0.6537130911346251,0.045620726460594195
193661430943.4421,1035918840.673504,0.1286008258442948,0.0009180443737803951,2801.6934836490314,0.6534681204070173,0.04585318220699767,0.820260705192144,7.475131624801179e-12,-1.4369283540816014e-11,3,1.0000000000000007,4806429.954980458,359.38667782834546,0.6534681204070173,0.04585318220699767
194690850199.37518,1029419255.9330906,0.128623190254069,0.0009185829506950452,2801.8606822637876,0.6532248488294723,0.04608385293668199,0.8189821738141534,7.289280290478928e-12,1.7256640560958658e-11,3,1.0000000000000007,4807213.282796379,359.2038986884044,0.6532248488294723,0.04608385293668199
195714608822.2287,1023758622.8535161,0.12864556991760884,0.0009191173402374941,2802.0243348797894,0.6529830777841942,0.04631292881626856,0.818553253303933,7.12518932743933e-12,-1.1161516155766549e-11,3,1.0000000000000007,4807988.914503641,359.02106145686537,0.6529830777841942,0.04631292881626856
196733004653.06183,1018395830.8331594,0.12866795621192703,0.0009196484474315701,2802.1852300960054,0.6527427365936412,0.04654047840365341,0.8180248122630074,6.9821926018676095e-12,-1.1197154314857016e-11,3,1.0000000000000007,4808757.389024704,358.8382574696745,0.6527427365936412,0.04654047840365341
197746392948.05008,1013388294.9882878,0.12869034145508187,0.0009201772238048733,2802.344180159795,0.6525037410020106,0.04676658290989739,0.8174903319557725,6.860734202973617e-12,-1.301514451768071e-12,3,1.0000000000000007,4809519.2977907425,358.6555707483005,0.6525037410020106,0.04676658290989739
198755127926.6759,1008734978.6257787,0.12871271070128118,0.0009207050439429997,2802.5023967694196,0.6522660069370121,0.046991323140481836,0.8167920414331453,6.764588889041079e-12,3.056666031397981e-12,3,1.0000000000000007,4810275.363440021,358.47314409068366,0.6522660069370121,0.046991323140481836
199759660077.5884,1004532150.9124827,0.12873496618251504,0.0009212398021815827,2802.66694966187,0.6520294268663294,0.04721480175077144,0.8118758330899478,6.875167102293744e-12,-1.7206236435640676e-12,3,1.0000000000000007,4811028.299204715,358.29197284193276,0.6520294268663294,0.04721480175077144
200763031075.3625,1003370997.7741026,0.1287571886331373,0.0009217794794402776,2802.8354168030205,0.6517932834169229,0.04743769635060211,0.8158065366997702,6.8258732000003874e-12,-7.541856028581151e-12,3,1.0000000000000007,4811780.007602739,358.11133080223794,0.6517932834169229,0.04743769635060211
201762824929.40622,999793854.04371,0.12877949649337242,0.000922310507506994,2802.9961946842595,0.6515581460144,0.04765946968095678,0.8234146962188271,6.479927705527189e-12,-7.243206034956984e-12,3,1.0000000000000007,4812524.708874554,357.92985106885834,0.6515581460144,0.04765946968095678
202754441248.0559,991616318.6497023,0.1288018283338317,0.0009228341569680352,2803.150927394186,0.6513250971305045,0.047879103078671034,0.8153608611893848,6.3871130606685256e-12,-7.204237206792641e-12,3,1.0000000000000007,4813258.75029565,357.748282016608,0.6513250971305045,0.047879103078671034
203742792335.10626,988351087.0503372,0.1288241075518322,0.0009233620681100167,2803.3092922782203,0.6510929805892506,0.048097687757809274,0.8143665868043382,6.371125849113923e-12,2.709388269295232e-12,3,1.0000000000000007,4813989.5856859,357.5674432738242,0.6510929805892506,0.048097687757809274
204728490119.81796,985697784.7117348,0.12884635761039465,0.0009238921979991331,2803.4694793186245,0.6508616521088602,0.048315359956026344,0.815210629764862,6.334932578511143e-12,5.81712455982597e-12,3,1.0000000000000007,4814717.2142035235,357.3870129769119,0.6508616521088602,0.048315359956026344
205711032683.32004,982542563.5020949,0.12886856108364358,0.0009244249462238845,2803.631978542157,0.6506312289415398,0.04853200975200492,0.8148190847045989,6.31139585038909e-12,4.9891202280605285e-12,3,1.0000000000000007,4815441.38657965,357.2071332552435,0.6506312289415398,0.04853200975200492
206690665412.17548,979632728.8554658,0.12889071188862952,0.0009249611057401441,2803.7974539836514,0.6504016527904808,0.04874769240277627,0.8146141628612158,6.281641873329136e-12,-1.8691714842589136e-12,3,1.0000000000000007,4816162.555419278,357.0278800686075,0.6504016527904808,0.04874769240277627
207667519768.03125,976854355.8557837,0.12891283733731412,0.0009254987890672351,2803.9641749908496,0.6501728923944434,0.04896243766571265,0.8153373459718338,6.224132320653553e-12,-9.405143330809551e-12,3,1.0000000000000007,4816880.255092782,356.84897375298044,0.6501728923944434,0.04896243766571265
208641171541.32068,973651773.2894279,0.12893493043896564,0.0009260378366029272,2804.1320950868458,0.6499450466734529,0.04917615320127815,0.8151020686880672,6.17239592770602e-12,-1.889932654819404e-12,3,1.0000000000000007,4817594.104616643,356.6704592487354,0.6499450466734529,0.04917615320127815
209611771281.9391,970599740.6183842,0.12895698802763508,0.0009265786555238665,2804.3015552677866,0.649718079835806,0.0493888731587348,0.8149903622800547,6.1235461146225134e-12,1.631628165910115e-11,3,1.0000000000000007,4818304.357291148,356.4923714199978,0.649718079835806,0.0493888731587348
210579394863.56363,967623581.6245488,0.12897900571768103,0.0009271214661339246,2804.4727678107156,0.6494919735608635,0.049600615241048154,0.8149304367432997,6.071809721674981e-12,-5.581979323210362e-12,3,1.0000000000000007,4819011.165426353,356.314735865547,0.6494919735608635,0.049600615241048154
211544086879.1552,964692015.5915906,0.12900089407232,0.0009276717727893128,2804.6508630391045,0.649266715978045,0.04981139099324394,0.8139885305374905,6.070477454045431e-12,-7.265632540054412e-12,3,1.0000000000000007,4819716.400198562,356.13836079602885,0.649266715978045,0.04981139099324394
212506412504.7895,962325625.6343269,0.12902287654533182,0.0009282158773259928,2804.8230548977776,0.6490421757694259,0.050021323742821124,0.8165777533319929,5.941247493979063e-12,-1.0888068224801373e-11,3,1.0000000000000007,4820416.069474188,355.9611800818359,0.6490421757694259,0.050021323742821124
213464854397.66876,958441892.8792504,0.12904480317855738,0.0009287619111070598,2804.9971206182704,0.6488187065587168,0.050230083619128486,0.8145509899915027,5.891509502475856e-12,-1.7939205676498204e-11,3,1.0000000000000007,4821111.538337317,355.78457472455494,0.6488187065587168,0.050230083619128486
214420615077.7402,955760680.0714064,0.12906668233406726,0.0009293105853113324,2805.173503750477,0.6485960271554322,0.05043793398996834,0.8142691658441503,5.8619775700208265e-12,-1.0314527010280017e-11,3,1.0000000000000007,4821804.0061308695,355.6084632060716,0.6485960271554322,0.05043793398996834
215373866966.31912,953251888.5788997,0.12908850312297362,0.0009298628921268609,2805.3530678767065,0.648374096709376,0.05064491334494224,0.8138452431416532,5.8510973843795e-12,-4.159228517153224e-12,3,1.0000000000000007,4822493.924841623,355.4329563025027,0.648374096709376,0.05064491334494224
216324864233.86707,950997267.5479726,0.12911026087064129,0.0009304194614582038,2805.5363343144973,0.6481528553319983,0.050851077776560005,0.813648809439016,5.84976511674995e-12,1.6717738304805607e-12,3,1.0000000000000007,4823181.699553153,355.2581014133593,0.6481528553319983,0.050851077776560005
217273726730.96646,948862497.0993851,0.12913194670378123,0.0009309810768585999,2805.723984710289,0.6479322743877345,0.05105645411001948,0.8133153327899434,5.855982365687851e-12,3.785860513971784e-13,3,1.0000000000000007,4823867.673169326,355.0839863450894,0.6479322743877345,0.05105645411001948
218220653320.06717,946926589.1006924,0.12915355708669132,0.0009315482461795898,2805.9164337906723,0.6477123068713466,0.051261086159612924,0.8131084453660842,5.873967978686778e-12,-6.033173960418026e-12,3,1.0000000000000007,4824552.161337047,354.91064621436914,0.6477123068713466,0.051261086159612924
219165768165.5228,945114845.4555976,0.12917506155158864,0.0009321235717720069,2806.115964287443,0.647492922927062,0.05146500163721862,0.8119083214075395,5.9472426983120386e-12,-8.688050279204163e-12,3,1.0000000000000007,4825236.038431996,354.73839940668125,0.647492922927062,0.05146500163721862
220109771651.55273,944003486.0299628,0.12919647139195845,0.000932706971364598,2806.3223815385395,0.6472739589915087,0.05166835223860693,0.8125449753315639,5.9894311732477945e-12,-4.853673019056259e-12,3,1.0000000000000007,4825919.870456884,354.5671380640084,0.6472739589915087,0.05166835223860693
221052295619.64664,942523968.0939299,0.12921779317918863,0.0009332974671923783,2806.534869050766,0.6470554997282361,0.05187105898740645,0.8125475266240745,6.0320637373934005e-12,-6.984191003311935e-12,3,1.0000000000000007,4826603.076311918,354.3967854642067,0.6470554997282361,0.05187105898740645
221993340911.24088,941045291.59422,0.12923901312769298,0.0009338960591585509,2806.754318915526,0.6468375440337704,0.0520731226359325,0.8121790740639456,6.0680349633912556e-12,-7.57094387182633e-12,3,1.0000000000000007,4827285.95123389,354.22746531210726,0.6468375440337704,0.0520731226359325
222933122944.06308,939782032.822177,0.12926027112240437,0.0009344931094341302,2806.9719646697936,0.646620042077851,0.052274589149709165,0.817154633264705,5.899059019043307e-12,-1.3944401189291966e-13,3,1.0000000000000007,4827965.89337985,354.0579268542279,0.646620042077851,0.052274589149709165
223868781780.41382,935658836.3506981,0.12928161691335813,0.0009350815387165675,2807.181955411175,0.6464036566486598,0.05247484547230989,0.8177739126147276,5.70898883722748e-12,-4.9107384825219924e-12,3,1.0000000000000007,4828638.475968277,353.8876570315566,0.6464036566486598,0.05247484547230989
224799982722.63568,931200942.2218486,0.1293029993700266,0.0009356646256668073,2807.3873168605137,0.6461884650967467,0.05267382167166293,0.8164477790367775,5.557776461273534e-12,6.5709659935464515e-12,3,1.0000000000000007,4829304.365992148,353.71711746057355,0.6461884650967467,0.05267382167166293
225727499363.5507,927516640.9150499,0.12932441362149483,0.0009362436841407255,2807.589093886231,0.6459742883963372,0.052871684744382266,0.8159929447415504,5.434763750145066e-12,7.602141138818297e-12,3,1.0000000000000007,4829964.569326312,353.54636616057263,0.6459742883963372,0.052871684744382266
226651603720.28485,924104356.7341855,0.129345847418856,0.0009368198655090999,2807.7882874670236,0.6457610635064309,0.053068494116535886,0.8154927685910529,5.331735053459852e-12,-1.3196888026811848e-11,3,1.0000000000000007,4830619.659643625,353.37552045332495,0.6457610635064309,0.053068494116535886
227572590656.68057,920986936.395748,0.12936728815739662,0.0009373943942241589,2807.985955215981,0.6455487220818708,0.05326431389116137,0.8150107887877622,5.24869037121789e-12,-2.8845814625810817e-12,3,1.0000000000000007,4831270.246344933,353.20470107467344,0.6455487220818708,0.05326431389116137
228490742056.31473,918151399.6341258,0.12938871691925866,0.000937968973758463,2808.1835797324497,0.6453371987042115,0.05345920523983115,0.8143069736565867,5.195843755245733e-12,-1.5569434630435808e-11,3,1.0000000000000007,4831917.065442172,353.0340887360616,0.6453371987042115,0.05345920523983115
229406462126.73508,915720070.4203656,0.12941011920317821,0.0009385451303814326,2808.3824602840746,0.6451263997190736,0.05365325507560421,0.8138390836937015,5.1598725292478775e-12,-7.400746682151293e-13,3,1.0000000000000007,4832560.904862565,352.86382612865896,0.6451263997190736,0.05365325507560421
230320019803.0326,913557676.2975258,0.12943148065595064,0.0009391241544178507,2808.5837155844447,0.6449162626330046,0.05384652134946491,0.8133600754023362,5.1432191838785e-12,-7.09432512735475e-14,3,1.0000000000000007,4833202.373466913,352.694043055144,0.6449162626330046,0.05384652134946491
231231688525.36752,911668722.3349081,0.12945306869157786,0.000939686078317991,2808.7695202967707,0.6447067255850565,0.0540390614297852,0.8249635738422079,4.759748151172971e-12,-1.3676615395752378e-11,3,1.0000000000000007,4833836.274579438,352.52235511407537,0.6447067255850565,0.0540390614297852
232135051274.8194,903362749.4518844,0.12947477348570985,0.0009402333699965561,2808.9429303455468,0.6444992649650767,0.054229521591985526,0.8136410995646104,4.667821684734008e-12,7.791545186819349e-12,3,1.0000000000000007,4834457.514457841,352.3497094415147,0.6444992649650767,0.054229521591985526
233036390452.7857,901339177.9663092,0.12949646632113251,0.0009407824347214812,2809.117605887081,0.6442924364225131,0.054419229723847704,0.8138443730043576,4.635847261624804e-12,-9.934830735858213e-12,3,1.0000000000000007,4835075.963014351,352.17730573420704,0.6442924364225131,0.054419229723847704
233935598273.80356,899207821.0178876,0.12951813772729845,0.0009413327591198981,2809.293264723396,0.6440862643075308,0.05460816391126569,0.813590145046228,4.610312132058425e-12,2.8772539906185557e-12,3,1.0000000000000007,4835691.641164605,352.0052045060489,0.6440862643075308,0.05460816391126569
234832819925.38226,897221651.5786984,0.12953978002620323,0.0009418853155819475,2809.470713915397,0.6438807148358602,0.05479635550624451,0.8131757325835487,4.597655589577698e-12,-1.1673884081631059e-11,3,1.0000000000000007,4836304.946021335,351.8335054264202,0.6438807148358602,0.05479635550624451
235728287882.6022,895467957.2199523,0.1295617457233261,0.0009424142985952044,2809.6268954531993,0.6436757368534199,0.054983851980683465,0.8231158400012761,4.331646152877511e-12,-1.510880309751883e-11,3,1.0000000000000007,4836908.599164257,351.658968367709,0.6436757368534199,0.054983851980683465
236616592827.65915,888304945.0569323,0.12958368134270187,0.0009429388455880094,2809.7799262085578,0.6434725687136463,0.05516952299032533,0.8132646623498774,4.270139797313277e-12,-9.514278254130204e-12,3,1.0000000000000007,4837503.772276928,351.48472814811953,0.6434725687136463,0.05516952299032533
237503113032.7292,886520205.0700562,0.1296055998920088,0.0009434650603851724,2809.934215025761,0.6432699787849429,0.055354495707748794,0.8132452189446582,4.2552628087833e-12,-9.240608278560103e-12,3,1.0000000000000007,4838096.48522599,351.31076643823883,0.6432699787849429,0.055354495707748794
238387862659.9185,884749627.1892985,0.1296275060966587,0.0009439921409465718,2810.0891120684178,0.6430679635092387,0.05553877370328459,0.8134437006618311,4.235722883549897e-12,-2.2793766873974164e-11,3,1.0000000000000007,4838686.642579711,351.1370344781253,0.6430679635092387,0.05553877370328459
239270737514.22784,882874854.3093289,0.12964939004472195,0.0009445210126946519,2810.245412299329,0.6428665462905249,0.05572233598810435,0.8127974456678677,4.2381653742040726e-12,-1.2972289908930179e-11,3,1.0000000000000007,4839274.409557299,350.96365334401594,0.6428665462905249,0.05572233598810435
240152091741.708,881354227.4801288,0.12967124524124404,0.0009450521491105894,2810.4035362175537,0.6426656458263266,0.055905256903042086,0.8131993093490886,4.221067939624845e-12,-2.9336533202695136e-12,3,1.0000000000000007,4839860.264532967,350.79065416195016,0.6426656458263266,0.055905256903042086
241031710537.5328,879618795.8248305,0.12969309790788722,0.0009455832993141994,2810.5615246709717,0.6424653108847448,0.05608749233108944,0.813531645590948,4.200195746761892e-12,-4.688693877596961e-12,3,1.0000000000000007,4840443.377564854,350.6177846870078,0.6424653108847448,0.05608749233108944
241909417987.54352,877707450.0107132,0.1297149496195141,0.0009461139837555904,2810.7190046159544,0.6422655813249193,0.05626900643981199,0.8137292452359279,4.171996081936413e-12,8.15791878494565e-12,3,1.0000000000000007,4841023.473445959,350.44501073231476,0.6422655813249193,0.05626900643981199
242785111902.25327,875693914.7097286,0.12973679789049405,0.0009466444419134245,2810.876181476185,0.6420664801593273,0.0564497788380271,0.8132902065000058,4.156008870381811e-12,-1.8704593429674787e-11,3,1.0000000000000007,4841600.513760732,350.27236474206563,0.6420664801593273,0.0564497788380271
243659032689.90427,873920787.651019,0.12975863228632303,0.0009471760323360111,2811.034176699155,0.641867952315782,0.05662985997245991,0.8130758025193252,4.143130283296159e-12,9.184653038118995e-12,3,1.0000000000000007,4842175.103429015,350.09998968713916,0.641867952315782,0.05662985997245991
244531298924.12814,872266234.2238832,0.129780467664515,0.0009477073038013109,2811.191752058324,0.6416699706240733,0.05680927485754369,0.813560065496266,4.1244785364824565e-12,1.2116974090758958e-12,3,1.0000000000000007,4842746.945113197,349.9277004012417,0.6416699706240733,0.05680927485754369
245401654586.73938,870355662.6111965,0.12980233169606353,0.0009482357271894961,2811.3467338677697,0.6414725932430241,0.05698797128175707,0.8140935914974223,4.094724559422502e-12,-6.3227201252402665e-12,3,1.0000000000000007,4843315.091057458,349.75521753912284,0.6414725932430241,0.05698797128175707
246269819241.6,868164654.8606435,0.12982422515515285,0.0009487603703131854,2811.4984266363826,0.6412758836690916,0.05716589242735084,0.8154606667698516,4.065858760782248e-12,1.7830181775480014e-11,3,1.0000000000000007,4843879.197130063,349.5825291419858,0.6412758836690916,0.05716589242735084
247135072216.4214,865252974.821416,0.1298461685328622,0.0009492798699835978,2811.6456036144964,0.6410800054277702,0.05734289149382738,0.8131969616437251,4.034106382277969e-12,-1.3107182006422136e-11,3,1.0000000000000007,4844438.034233345,349.40945851079164,0.6410800054277702,0.05734289149382738
247998622710.31488,863550493.893495,0.1298680776526467,0.0009498017964979994,2811.7947848943327,0.640884684070911,0.05751921717485593,0.8124859205566048,4.033662293068119e-12,-1.104061286838487e-11,3,1.0000000000000007,4844994.815737548,349.2367930719978,0.640884684070911,0.05751921717485593
248860851112.073,862228401.7581104,0.12988995305796397,0.0009503262997656904,2811.946072873726,0.6406898330721515,0.05769494782621232,0.8122607631638745,4.036104783722294e-12,2.7249313916399842e-12,3,1.0000000000000007,4845549.963526844,349.0645294430326,0.6406898330721515,0.05769494782621232
249721878758.75635,861027646.683391,0.1299117826823097,0.0009508544758909782,2812.100405787328,0.6404954244988522,0.05787010872972365,0.8120348646278863,4.0458747463389955e-12,-1.165456620100258e-11,3,1.0000000000000007,4846103.910750207,348.89279076901755,0.6404954244988522,0.05787010872972365
250581826911.33218,859948152.5758423,0.1299335609376991,0.0009513868805822381,2812.25825072076,0.640301430434523,0.058044725046111224,0.8118440151388961,4.054756530535997e-12,-7.277178859510514e-12,3,1.0000000000000007,4846656.9246419305,348.7216303886918,0.640301430434523,0.058044725046111224
251440797869.47458,858970958.1423708,0.12995529308015466,0.0009519231382905736,2812.4192687089376,0.640107827304692,0.05821881793833111,0.8121325222043563,4.049649504622721e-12,-9.67603774881809e-12,3,1.0000000000000007,4847209.010798216,348.550999102009,0.640107827304692,0.05821881793833111
252298640330.3245,857842460.8499192,0.12997707211492757,0.0009524562485091243,2812.577281135281,0.6399146494589993,0.05839235662478914,0.8136492470056655,4.057865155004947e-12,2.333599979920109e-11,3,1.0000000000000007,4847757.985848014,348.3800499492523,0.6399146494589993,0.05839235662478914
253154556901.7231,855916571.3986163,0.12999877909087848,0.0009529941656447584,2812.7394480628295,0.6397220758594283,0.05856518068150427,0.8116782079098384,4.059197422634497e-12,-1.6101009414626333e-11,3,1.0000000000000007,4848305.534081692,348.20986221053806,0.6397220758594283,0.05856518068150427
254009588178.19504,855031276.4719281,0.130020431083294,0.0009535367667939833,2812.9054887021216,0.639529871617385,0.058737501038022444,0.8117015395936455,4.070077608275824e-12,-6.199707414111799e-12,3,1.0000000000000007,4848852.462989247,348.040284818962,0.639529871617385,0.058737501038022444
254863722799.46362,854134621.2685775,0.1300420275557129,0.000954084025995502,2813.075384452372,0.6393380387752249,0.0589093157394757,0.8116976708827384,4.078959392472825e-12,-9.851341964406402e-12,3,1.0000000000000007,4849398.769437731,347.87131859927797,0.6393380387752249,0.0589093157394757
255716963739.18414,853240939.7205428,0.13006356853629178,0.0009546359225275657,2813.249114481455,0.6391465761534,0.05908062572425959,0.8116942079583467,4.086064819830426e-12,-3.033051587664204e-11,3,1.0000000000000007,4849944.455046761,347.7029597815132,0.6391465761534,0.05908062572425959
256569313750.59735,852350011.4131683,0.1300850475474913,0.0009551930388660739,2813.4271724835535,0.6389554825773672,0.059251431918816516,0.811475795170491,4.0958347824471275e-12,-1.475752853252743e-11,3,1.0000000000000007,4850489.686871484,347.53527359374453,0.6389554825773672,0.059251431918816516
257420888343.6446,851574593.0472558,0.13010646677340829,0.0009557552422911937,2813.609431190916,0.6387647315960199,0.05942175779596281,0.8116247832146151,4.102052031385028e-12,7.329248319365433e-12,3,1.0000000000000007,4851034.537504653,347.36823331308807,0.6387647315960199,0.05942175779596281
258271610130.5103,850721786.8657106,0.13012782516097532,0.0009563224958794588,2813.7958689873644,0.6385743400267683,0.059591588176203504,0.8115343968356781,4.1102676817672545e-12,-8.402167850363185e-13,3,1.0000000000000007,4851578.934071733,347.2018409652189,0.6385743400267683,0.059591588176203504
259121527291.95145,849917161.4411314,0.13014912352683708,0.0009568947449428506,2813.986431010464,0.638384296551179,0.0597609329954004,0.8116254112539023,4.115596752285455e-12,1.007283145781912e-11,3,1.0000000000000007,4852122.909959407,347.0360849843274,0.638384296551179,0.0597609329954004
259970592978.53412,849065686.5826917,0.13017036336901472,0.0009574717635386379,2814.1809292588323,0.6381946111396141,0.05992978322263254,0.811657151766898,4.119593555174106e-12,-4.727662705761304e-12,3,1.0000000000000007,4852666.370565942,346.87094397529296,0.6381946111396141,0.05992978322263254
260818791458.06168,848198479.5275592,0.13019154803164776,0.000958053242653062,2814.379095107421,0.6380052868288276,0.06009813603750022,0.8116758200282792,4.120481733593806e-12,-6.797229445965058e-12,3,1.0000000000000007,4853209.210422756,346.7063784546114,0.6380052868288276,0.06009813603750022
261666113872.04175,847322413.9800599,0.13021266603504875,0.0009586400155996491,2814.5816590957456,0.6378163250405365,0.06026599005614676,0.811464175853871,4.1242564918775315e-12,-5.652145418366672e-12,3,1.0000000000000007,4853751.662981386,346.54248628081507,0.6378163250405365,0.06026599005614676
262512671502.31503,846557630.2732532,0.1302337141919791,0.0009592324789645144,2814.788940372704,0.6376277003645244,0.06043336768130831,0.8113709367568722,4.1242564918775315e-12,-2.294275880387886e-12,3,1.0000000000000007,4854293.936856398,346.3792998439075,0.6376277003645244,0.06043336768130831
263358513635.1642,845842132.8492265,0.13025468995294628,0.0009598308016357801,2815.001083570319,0.6374394012336274,0.06060027895602306,0.8113571497991856,4.126032848716932e-12,-1.651434544669428e-11,3,1.0000000000000007,4854836.1308862865,346.2168332887894,0.6374394012336274,0.06060027895602306
264203648055.6837,845134420.5194367,0.13027557980175455,0.0009604361770407615,2815.219102278416,0.6372514252592227,0.06076672574563118,0.8108922590344125,4.127809205556332e-12,-2.3988588893075757e-11,3,1.0000000000000007,4855378.571628399,346.05521472881753,0.6372514252592227,0.06076672574563118
265048317379.6604,844669323.9767065,0.130296918491461,0.0009610065743989326,2815.4064272296455,0.63706372087111,0.060932753954489445,0.8260380610775053,4.205746861885018e-12,2.0099033548603984e-11,3,1.0000000000000007,4855910.219238818,345.88978275245273,0.63706372087111,0.060932753954489445
265884746611.38983,836429231.729417,0.13031815689826864,0.0009615807420311332,2815.5973976903206,0.6368780166883492,0.06109683787089116,0.8021584756157107,4.090727756533852e-12,-3.877786980410747e-12,3,1.0000000000000007,4856433.932126982,345.7252682482206,0.6368780166883492,0.06109683787089116
266725254170.00452,840507558.6146752,0.1303392326082777,0.0009621719674505807,2815.8024049410587,0.6366915741140665,0.06126139671283184,0.8142302340002905,4.132472142259758e-12,-9.368950060206771e-12,3,1.0000000000000007,4856964.861563192,345.56230190821276,0.6366915741140665,0.06126139671283184
267563575508.041,838321338.0364804,0.13036038336319014,0.0009627549565860701,2816.000364932237,0.6365057842486408,0.06142520202432071,0.8143050116149464,4.14845935381436e-12,1.7749579583892228e-11,3,1.0000000000000007,4857490.891345218,345.39874159500056,0.6365057842486408,0.06142520202432071
268399677919.7372,836102411.696212,0.13038159629211002,0.000963332224711119,2816.1932651040497,0.6363206544719516,0.061588248390119844,0.8136031014877032,4.1668890560231375e-12,1.616484723854228e-12,3,1.0000000000000007,4858012.30658054,345.2347219950152,0.6363206544719516,0.061588248390119844
269233926906.47595,834248986.7387266,0.13040286830986056,0.0009639042458092105,2816.381492098513,0.6361361039100819,0.06175060797988984,0.8136735950986518,4.193090319404291e-12,9.634293363092183e-12,3,1.0000000000000007,4858529.5624445435,345.0702672085014,0.6361361039100819,0.06175060797988984
270066290518.06097,832363611.5850402,0.13042420292907583,0.0009644709297724491,2816.5649486852362,0.6359521398000555,0.061912275308535505,0.8133762795931032,4.224176564093796e-12,9.849898674474389e-12,3,1.0000000000000007,4859042.591012736,344.90536711931975,0.6359521398000555,0.061912275308535505
270896924785.70236,830634267.64141,0.1304456039617412,0.0009650324716643971,2816.743742590305,0.6357687277273432,0.0620732814385921,0.8137638631000588,4.261924146931051e-12,-8.192224676406568e-12,3,1.0000000000000007,4859551.640772808,344.74005864007586,0.6357687277273432,0.0620732814385921
271725635880.48865,828711094.7862681,0.13046711259175853,0.0009655856707278918,2816.9151010963637,0.6355859109529709,0.06223358934866933,0.8137215716519375,4.3149928075081334e-12,-6.313949363345728e-12,3,1.0000000000000007,4860055.57886262,344.5739680164165,0.6355859109529709,0.06223358934866933
272552449740.26273,826813859.7740884,0.13048866531376105,0.0009661339787808452,2817.0822358672513,0.6354036838244449,0.062393204935863394,0.8133893921596913,4.36073399612269e-12,-1.1904033314635853e-11,3,1.0000000000000007,4860555.441701162,344.407504672106,0.6354036838244449,0.062393204935863394
273377539135.75528,825089395.4925561,0.13051025863475488,0.0009666785736995891,2817.246048593808,0.6352220082365092,0.06255216242748238,0.8128178187460922,4.399369757379645e-12,1.244493397223323e-11,3,1.0000000000000007,4861051.698693588,344.24078800113335,0.6352220082365092,0.06255216242748238
274201197109.09695,823657973.3416439,0.13053188192022172,0.0009672210845538729,2817.4078448210616,0.6350408195614297,0.06271051903095058,0.8123370413837261,4.4335646265381e-12,-1.2249978809109052e-11,3,1.0000000000000007,4861545.028514215,344.07396605202035,0.6350408195614297,0.06271051903095058
275023669423.5702,822472314.473198,0.13055353284309829,0.0009677614652866722,2817.567618740644,0.63486006365226,0.06286832254254199,0.8126391409790656,4.4788617259428065e-12,9.134693002010863e-12,3,1.0000000000000007,4862035.681438559,343.9070318029898,0.63486006365226,0.06286832254254199
275844805114.2682,821135690.6980454,0.13057521190908497,0.000968299238600485,2817.7250203002545,0.6346797737127976,0.06302554447123872,0.8125003629622096,4.523714736137663e-12,9.028555680856698e-12,3,1.0000000000000007,4862523.398656634,343.73994458797245,0.6346797737127976,0.06302554447123872
276664676362.9046,819871248.6364042,0.1305969117791644,0.0009688354945649599,2817.8809244440267,0.634499933786542,0.06318219922682368,0.8123026720707749,4.566569344888194e-12,1.247890679678676e-12,3,1.0000000000000007,4863008.544581,343.57282460133393,0.634499933786542,0.06318219922682368
277483384723.2999,818708360.3952653,0.1306186386798943,0.0009693694008858313,2818.0346610398487,0.6343205215683978,0.06333830669255229,0.8124345217408457,4.616529380996326e-12,-1.3655743202889425e-12,3,1.0000000000000007,4863490.984578169,343.4055700154651,0.6343205215683978,0.06333830669255229
278300865502.4827,817480779.1828054,0.13064023860254018,0.0009699132758709308,2818.19684218495,0.6341415502514612,0.06349385563231176,0.8095573580946258,4.564792988048794e-12,-2.7477908837170162e-11,3,1.0000000000000007,4863974.057973045,343.23956035873533,0.6341415502514612,0.06349385563231176
279118569738.22314,817704235.7404087,0.13066184676432244,0.0009704576845327207,2818.3591482494444,0.633962701841975,0.06364912217619302,0.8120310696080324,4.614308934947076e-12,1.1914247366462405e-11,3,1.0000000000000007,4864456.439876316,343.07361512661436,0.633962701841975,0.06364912217619302
279935250703.98,816680965.7568684,0.13068353183764184,0.0009709952977544725,2818.5155197785853,0.6337842495851784,0.0638038691633641,0.8140033898318411,4.728217817273617e-12,5.334399588718952e-12,3,1.0000000000000007,4864935.1734505,342.90708980584526,0.6337842495851784,0.0638038691633641
280749920915.11755,814670211.1375684,0.13070525669524485,0.0009715291163065132,2818.6685414585945,0.6336064095217432,0.06395791011969751,0.8117260379136848,4.761302463407446e-12,-5.336842079373127e-13,3,1.0000000000000007,4865409.996548348,342.740316918354,0.6336064095217432,0.06395791011969751
281563724516.1522,813803601.0346452,0.13072697395475316,0.0009720639841302848,2818.822240222718,0.6334289314412435,0.06411146228411974,0.8115614787140846,4.791500529677251e-12,-7.596145934485321e-12,3,1.0000000000000007,4865883.253819554,342.57373949393246,0.6334289314412435,0.06411146228411974
282376744843.91644,813020327.76422,0.13074867908607535,0.0009725998918339706,2818.9766571353257,0.6332517969396735,0.06426454173253997,0.8115868832536677,4.82502926502093e-12,-2.3270496640748206e-11,3,1.0000000000000007,4866355.101925815,342.4073825848314,0.6332517969396735,0.06426454173253997
283188969939.7415,812225095.8250945,0.13077041046876872,0.0009731331692661159,2819.1287194668375,0.633075008600447,0.06441714641946779,0.8128736836421346,4.92961227394062e-12,-1.2004730542969355e-11,3,1.0000000000000007,4866824.630477843,342.2408853917725,0.633075008600447,0.06441714641946779
283999758069.0734,810788129.3319081,0.13079224988623564,0.0009736572697737411,2819.2728098649454,0.6328987068124465,0.0645691558384285,0.8128189245282247,5.018652160515558e-12,-2.4314994462315553e-12,3,1.0000000000000007,4867289.288988236,342.07350701710095,0.6328987068124465,0.0645691558384285
284809139036.52704,809380967.4536034,0.13081407473943646,0.0009741821422178212,2819.417458177795,0.6327228848164973,0.06472057647302619,0.8114853559948454,5.047517959155812e-12,-6.901146321069973e-12,3,1.0000000000000007,4867751.866951752,341.9063558152704,0.6327228848164973,0.06472057647302619
285617778912.655,808639876.1279563,0.13083590383471477,0.000974706400228028,2819.5614584764526,0.6325473976624905,0.06487153350324801,0.811850000281833,5.106359779460945e-12,-5.004108238892968e-12,3,1.0000000000000007,4868212.63634602,341.73925008093084,0.6325473976624905,0.06487153350324801
286425496920.6961,807718008.0410739,0.13085772538667553,0.0009752311195891985,2819.7057161926878,0.6323722844482771,0.06502199354266495,0.8113558808142685,5.1396664701997e-12,-2.926692221905114e-11,3,1.0000000000000007,4868671.713044736,341.5723145980032,0.6323722844482771,0.06502199354266495
287232539745.811,807042825.1148572,0.1308795331617139,0.0009757570782659774,2819.850860207682,0.6321974914309454,0.06517200293391405,0.8113381107233142,5.1731952055433794e-12,4.1804337769235644e-12,3,1.0000000000000007,4869129.536403533,341.40561741560583,0.6321974914309454,0.06517200293391405
288038916782.96576,806377037.1548175,0.1309013269241981,0.0009762842448168384,2819.996869175926,0.6320230163681623,0.06532156369841088,0.8113216505567511,5.208500297726459e-12,-3.1338265316094294e-12,3,1.0000000000000007,4869586.123930878,341.2391604798226,0.6320230163681623,0.06532156369841088
288844636754.5524,805719971.5866253,0.13092310791465753,0.0009768125191147853,2820.1436563213306,0.6318488571741299,0.06547067772164206,0.8113220799355059,5.2451376575390896e-12,-9.886869101194407e-12,3,1.0000000000000007,4870041.459984056,341.0729328749859,0.6318488571741299,0.06547067772164206
289649699982.93866,805063228.386278,0.13094486789263307,0.0009773427613297637,2820.2919298923157,0.6316750135206525,0.06561934536913451,0.8111166230340139,5.268452341056218e-12,-2.3744339827658223e-12,3,1.0000000000000007,4870495.779041483,340.90702691448394,0.6316750135206525,0.06561934536913451
290454208875.6612,804508892.722521,0.13096660926704595,0.000977874654043063,2820.4414330920818,0.6315014630513885,0.06576758580380757,0.8111877083938346,5.3010928979801974e-12,-5.413891557282113e-12,3,1.0000000000000007,4870949.09150511,340.7414013017397,0.6315014630513885,0.06576758580380757
291258128587.8708,803919712.209554,0.13098833953666697,0.0009784074959293771,2820.5915780986243,0.6313282131120915,0.06591539280035288,0.8113450564173341,5.340838882261778e-12,1.397326698793222e-12,3,1.0000000000000007,4871401.190547298,340.57598778446214,0.6313282131120915,0.06591539280035288
292061381650.3694,803253062.4986334,0.1310100631047118,0.0009789409025713815,2820.742039731538,0.6311552802567996,0.06606275234778815,0.8113497919348678,5.384581669432009e-12,7.082556763293724e-12,3,1.0000000000000007,4871851.899890116,340.4107490011293,0.6311552802567996,0.06606275234778815
292863966273.7862,802584623.4167321,0.13103178283932596,0.0009794746473888716,2820.8926235436047,0.6309826647313279,0.06620966438293355,0.8113652087693435,5.4292126350219405e-12,6.618927628210258e-12,3,1.0000000000000007,4872301.15354251,340.24565905756106,0.6309826647313279,0.06620966438293355
293665875395.6848,801909121.89867,0.131053506539671,0.0009800079256252316,2821.042666267108,0.6308103679613036,0.06635612786157738,0.8115667925190362,5.488276499931999e-12,-1.4777068457760834e-11,3,1.0000000000000007,4872748.744334859,340.08063850729604,0.6308103679613036,0.06635612786157738
294467010069.8009,801134674.1161066,0.1310752357521408,0.0009805405661600603,2821.1920288712467,0.6306384111550715,0.06650212499366646,0.8114073252185605,5.541789249718931e-12,-4.870770453635487e-12,3,1.0000000000000007,4873194.513770091,339.91566669447366,0.6306384111550715,0.06650212499366646
295267449688.36847,800439618.5674658,0.13109696759687253,0.0009810728255789378,2821.3409276972206,0.630466777166476,0.06664767056400533,0.8114208178977567,5.597966534764964e-12,-1.3982148772129221e-11,3,1.0000000000000007,4873638.607868266,339.7507673412015,0.630466777166476,0.06664767056400533
296067188205.1166,799738516.7481211,0.13111871006441062,0.000981603959658117,2821.488742578417,0.6302954672583309,0.06679276373094883,0.8115142778597484,5.6628035594030735e-12,-1.9877988144401115e-11,3,1.0000000000000007,4874080.827346655,339.58586463173475,0.6302954672583309,0.06679276373094883
296866180221.2602,798992016.1435496,0.1311404435289661,0.000982135751701754,2821.636966901687,0.6301244910047477,0.0669373966146377,0.8111083092676719,5.6987747854009285e-12,-7.659428646888955e-13,3,1.0000000000000007,4874521.601804011,339.42114713370097,0.6301244910047477,0.0669373966146377
297664626174.10175,798445952.8415735,0.13116216476669681,0.0009826685636775314,2821.785894656676,0.6299538052972145,0.0670816058155387,0.8111150769096742,5.738520769682509e-12,-9.486189611607188e-12,3,1.0000000000000007,4874961.226102732,339.2566452504824,0.6299538052972145,0.0670816058155387
298462523108.14484,797896934.0430346,0.13118387479178462,0.000983202190423724,2821.935366789863,0.6297834106110362,0.06722539101861581,0.811128618993795,5.78137537843304e-12,1.0100587033434749e-11,3,1.0000000000000007,4875399.655604206,339.0923412320293,0.6297834106110362,0.06722539101861581
299259864744.8636,797341636.7187937,0.1312055516344375,0.0009837386104865058,2822.0870378434834,0.6296133080321047,0.06736875137554582,0.8105405524538867,5.7700511035818636e-12,7.098321930243401e-12,3,1.0000000000000007,4875837.3718973,338.92842591493076,0.6296133080321047,0.06736875137554582
300056940462.21484,797075717.3513546,0.13122714299900637,0.0009842822333192476,2822.2446281058205,0.6294434351801271,0.06751173927681955,0.8101046854169791,5.721867424313132e-12,6.995071188953261e-12,3,1.0000000000000007,4876275.878119973,338.7653644092433,0.6294434351801271,0.06751173927681955
300853964677.02515,797024214.8102593,0.13124865424067345,0.0009848326101547253,2822.4077506717067,0.6292737457797808,0.06765439329729538,0.8101722052955562,5.678124637142901e-12,4.044542478709445e-12,3,1.0000000000000007,4876715.283079688,338.6031052745244,0.6292737457797808,0.06765439329729538
301650904182.01465,796939504.9894909,0.1312700827955343,0.0009853898559165366,2822.5765080540614,0.6291042463638843,0.06779670751705123,0.81020683800892,5.6352700283923696e-12,-1.1389333920419631e-11,3,1.0000000000000007,4877155.603773212,338.44166546935134,0.6291042463638843,0.06779670751705123
302447741955.0177,796837773.0030395,0.13129144073552912,0.000985952932529207,2822.750019953891,0.6289349400907214,0.06793867889618935,0.8103379224577711,5.60129720383884e-12,2.077671368283518e-12,3,1.0000000000000007,4877596.542543162,338.280931854822,0.6289349400907214,0.06793867889618935
303244413564.34424,796671609.3265157,0.1313127281692695,0.0009865216292037292,2822.928128012007,0.6287658402060854,0.06808029598156991,0.8103990908892023,5.56776846849516e-12,1.54154466969203e-11,3,1.0000000000000007,4878037.987107779,338.1208837734738,0.6287658402060854,0.06808029598156991
304040888984.20184,796475419.8575991,0.1313339473367546,0.0009870959358428877,2823.1107947349415,0.6285969526283023,0.0682215535051154,0.810393368105844,5.52979884105298e-12,-2.5886071064462612e-11,3,1.0000000000000007,4878479.9073286615,337.96151990608547,0.6285969526283023,0.0682215535051154
304837171074.45624,796282090.2543113,0.13135508285101688,0.0009876770784582921,2823.299055418435,0.628428276208993,0.06836245209781042,0.8101750587075074,5.467404307069046e-12,-9.54014645060397e-12,3,1.0000000000000007,4878922.62949886,337.80296317655745,0.628428276208993,0.06836245209781042
305633367131.6718,796196057.2156143,0.13137553454277112,0.0009883131741444285,2823.5337190609353,0.6282597841558213,0.06850301267834832,0.8031672013575353,4.704236999941713e-12,-1.1004752664689477e-11,3,1.0000000000000007,4879379.244101897,337.65025080942195,0.6282597841558213,0.06850301267834832
306432942762.78455,799575631.1126499,0.13139606427583056,0.0009889438791435353,2823.7634573752107,0.6280907428239286,0.06864384510616163,0.8128041933952446,4.886979709795014e-12,-8.317901922794135e-12,3,1.0000000000000007,4879836.966021,337.4969554049255,0.6280907428239286,0.06864384510616163
307231137924.9323,798195162.1477462,0.1314167000943952,0.0009895650780206843,2823.985039839045,0.6279221601819611,0.06878410920118543,0.8126712154610249,5.052402940464162e-12,1.3317569269588603e-11,3,1.0000000000000007,4880290.093155338,337.3428375266713,0.6279221601819611,0.06878410920118543
308028020190.68646,796882265.7541467,0.13143743836341087,0.0009901780229281897,2824.199410091957,0.627754022379365,0.06892381745002055,0.8124377941232108,5.206279851677209e-12,-6.132316876517052e-12,3,1.0000000000000007,4880738.885596371,337.1879765171256,0.627754022379365,0.06892381745002055
308823705999.0795,795685808.3931034,0.13145828045902216,0.0009907821874499045,2824.406188327028,0.6275863053008361,0.06906299079477995,0.8124907673046078,5.378586465099033e-12,2.2147617073642323e-11,3,1.0000000000000007,4881183.319637644,337.03231729270175,0.6275863053008361,0.06906299079477995
309618171246.2614,794465247.1819212,0.13147911595352046,0.0009913882793070742,2824.614198352605,0.6274190140164868,0.06920162577202757,0.8096633025145294,5.118572232731822e-12,8.83004780405372e-12,3,1.0000000000000007,4881625.947164027,336.87686181003573,0.6274190140164868,0.06920162577202757
310412801664.97,794630418.7085671,0.13149992121488543,0.0009919967594100398,2824.824020147189,0.6272518560202579,0.06933996459413339,0.8121901323709935,5.3936854982339355e-12,7.548628389031364e-12,3,1.0000000000000007,4882068.73864784,336.7218004780732,0.6272518560202579,0.06933996459413339
311206359969.79663,793558304.8267457,0.13152083436378967,0.000992595643520015,2825.025640698277,0.6270850923309221,0.06947779165335355,0.8124367883999284,5.5848659030743875e-12,-1.860278597831666e-11,3,1.0000000000000007,4882507.2256564405,336.5659146704566,0.6270850923309221,0.06947779165335355
311998727298.37274,792367328.5761832,0.13154185961802414,0.0009931850191835434,2825.219088431328,0.6269187484799368,0.06961508674319515,0.8124091889494256,5.785816270531541e-12,3.141709115084268e-12,3,1.0000000000000007,4882941.176330224,336.4091682517616,0.6269187484799368,0.06961508674319515
312789918877.0982,791191578.725482,0.13156299285066206,0.0009937653010606599,2825.404713620391,0.6267528217760466,0.0697518530195691,0.8122276920485838,5.978328943001543e-12,-2.0661361510576626e-11,3,1.0000000000000007,4883370.694080386,336.251599543188,0.6267528217760466,0.0697518530195691
313580024712.63416,790105835.5359839,0.13158422471497155,0.0009943372028838977,2825.5831342838273,0.6265872937869904,0.06988810655404594,0.8120929026467216,6.1668448125828945e-12,-1.751709888253572e-11,3,1.0000000000000007,4883796.055889756,336.09328167335036,0.6265872937869904,0.06988810655404594
314369111772.2541,789087059.6199756,0.13160554339055608,0.0009949018978490758,2825.7553200427155,0.6264221508715034,0.07002385938270721,0.8118010659530217,6.326938972733842e-12,-2.434707990772722e-11,3,1.0000000000000007,4884217.620994512,335.93433051084264,0.6264221508715034,0.07002385938270721
315157323009.55664,788211237.3024697,0.1316269098222623,0.0009954625471622048,2825.923941929923,0.6262573632475066,0.07015913662372134,0.8114889757382393,6.4568350666149854e-12,1.0809575456960374e-11,3,1.0000000000000007,4884636.402325132,335.7750794480842,0.6262573632475066,0.07015913662372134
315944810782.76935,787487773.2126354,0.13164835104182648,0.0009960165808516061,2826.086891505374,0.6260928993847007,0.07029396473613571,0.8117104986771206,6.628919635431885e-12,-2.626998618637799e-11,3,1.0000000000000007,4885051.872824167,335.6152663594237,0.6260928993847007,0.07029396473613571
316731468391.0592,786657608.2899435,0.13166986154236693,0.0009965644222392227,2826.244535481698,0.6259287819246592,0.0704283257575885,0.811610405965224,6.795897178335508e-12,-1.997746412740753e-11,3,1.0000000000000007,4885464.03054974,335.4549367267005,0.6259287819246592,0.0704283257575885
317517345164.64185,785876773.5826186,0.1316914369800181,0.0009971064439152162,2826.3971914526214,0.6257650008737957,0.07056222847682268,0.8115086934379345,6.956435427696306e-12,-5.845879336163762e-12,3,1.0000000000000007,4885873.017935757,335.29412796502936,0.6257650008737957,0.07056222847682268
318302491078.0874,785145913.4455986,0.1317130729845745,0.0009976430231719382,2826.5451800263086,0.625601546090244,0.07069568175120897,0.811433411157525,7.113420963378303e-12,-1.2388534642582272e-11,3,1.0000000000000007,4886278.988104603,335.1328813215837,0.625601546090244,0.07069568175120897
319086943198.07904,784452119.9915904,0.13173476320220365,0.0009981747671455354,2826.689005219712,0.6254384101033382,0.07082869220955972,0.8112779090185818,7.257083822764798e-12,7.916778343997066e-12,3,1.0000000000000007,4886682.13040019,334.9712565533829,0.6254384101033382,0.07082869220955972
319870777247.8002,783834049.7211808,0.13175650013248005,0.0009987023885827471,2826.8292571776533,0.6252755773562658,0.07096127300220713,0.8111791206799612,7.394085344003543e-12,-3.837152817709466e-12,3,1.0000000000000007,4887082.71382801,334.8093281260082,0.6252755773562658,0.07096127300220713
320654041404.2494,783264156.4492943,0.13177828055391247,0.0009992261158733268,2826.9661365297143,0.6251130380232693,0.0710934325479703,0.8111203077254547,7.527756196168411e-12,-1.014655026665423e-11,3,1.0000000000000007,4887480.853618733,334.6471222230164,0.6251130380232693,0.0710934325479703
321436764457.1884,782723052.9390414,0.13180010272447545,0.0009997460817587447,2827.099760066241,0.6249507863102317,0.07122517595155503,0.811071002859709,7.66009478070373e-12,2.474243032679624e-12,3,1.0000000000000007,4887876.6155722365,334.4846542230541,0.6249507863102317,0.07122517595155503
322218970554.4312,782206097.2427685,0.13182196254231143,0.001000262606551518,2827.230402211867,0.6247888173755966,0.07135650751746242,0.8109931923239166,7.785549982486373e-12,-4.50506298932396e-12,3,1.0000000000000007,4888270.107324978,334.32195663802,0.6247888173755966,0.07135650751746242
323000697536.00525,781726981.5740122,0.13184385580073985,0.0010007760849199555,2827.3583905610076,0.6246271235233319,0.07148743382978556,0.8109095735175931,7.90500997993604e-12,-1.1823653167652992e-11,3,1.0000000000000007,4888661.469457312,334.15906955952204,0.6246271235233319,0.07148743382978556
323781985974.44006,781288438.434785,0.13186577548348966,0.0010012871573062713,2827.4842557734396,0.6244656964642515,0.07161796190279655,0.810795413724863,8.01003707806558e-12,1.025379781083302e-11,3,1.0000000000000007,4889050.909865571,333.9960565626884,0.6244656964642515,0.07161796190279655
324562891085.5732,780905111.1331055,0.13188773499507078,0.0010017943819008593,2827.606839399304,0.6243045249712841,0.07174810110781708,0.8109926476207452,8.158140829550575e-12,1.5459855617905305e-11,3,1.0000000000000007,4889438.127043461,333.8327826154449,0.6243045249712841,0.07174810110781708
325343318140.0023,780427054.429113,0.1319097211185797,0.0010022992315057658,2827.7273259687217,0.6241436287363193,0.071877835862289,0.810707456305737,8.26072543702594e-12,-5.197398067480208e-12,3,1.0000000000000007,4889823.383789482,333.66938627619317,0.6241436287363193,0.071877835862289
326123404603.91425,780086463.9119804,0.13193172471927364,0.0010028024222344231,2827.846320803933,0.623982979451107,0.07200718923928409,0.8106587988387925,8.355316438724003e-12,-1.5184853374705654e-11,3,1.0000000000000007,4890207.021511569,333.50594303971087,0.623982979451107,0.07200718923928409
326903174026.6051,779769422.6908528,0.1319537311690368,0.001003305200531786,2827.9648608111233,0.6238225722470243,0.07213616532635056,0.8104892251781237,8.422817998621213e-12,-4.095723760144665e-12,3,1.0000000000000007,4890589.397841958,333.3425791397907,0.6238225722470243,0.07213616532635056
327682708072.68164,779534046.0765607,0.13197574807174053,0.0010038068693513159,2828.0823741219974,0.6236623903411641,0.07226477774956018,0.8105323723306412,8.502754056394224e-12,3.1030733538273125e-12,3,1.0000000000000007,4890970.418322792,333.17922651317014,0.6236623903411641,0.07226477774956018
328461986070.6726,779277997.9909155,0.13199776042726563,0.0010043089142181953,2828.200068531884,0.623502437934183,0.07239302322845223,0.8103489991528878,8.54627479895953e-12,-3.28126414927965e-12,3,1.0000000000000007,4891350.444998183,333.01603016072494,0.623502437934183,0.07239302322845223
329241096241.8073,779110171.1346372,0.13201976235170002,0.0010048117858228731,2828.3183239798805,0.6233426968112336,0.07252091640015138,0.8103030481321216,8.583134203377085e-12,-8.843592524954147e-12,3,1.0000000000000007,4891729.699371051,332.8530381565417,0.6233426968112336,0.07252091640015138
330020060708.21924,778964466.4119041,0.13204175019045208,0.0010053157059304362,2828.4373348955614,0.6231831623247412,0.0726484609724552,0.8102959286881983,8.618439295560165e-12,-8.326117573176361e-12,3,1.0000000000000007,4892108.278302396,332.69027749512003,0.6231831623247412,0.0726484609724552
330798882918.5891,778822210.3698334,0.13206374899335108,0.0010058183645288003,2828.555208045484,0.6230238337936358,0.07277565752295416,0.8105613864828332,8.715028698702554e-12,-4.7275516834588416e-12,3,1.0000000000000007,4892485.603428771,332.52752914261526,0.6230238337936358,0.07277565752295416
331577435380.1167,778552461.5275396,0.13208572331801005,0.0010063232029160045,2828.6747426365323,0.6228647371930535,0.07290248537204538,0.81001562748928,8.695932862679001e-12,-1.6302847960503186e-11,3,1.0000000000000007,4892862.369129573,332.36510326936246,0.6228647371930535,0.07290248537204538
332355980331.37,778544951.253344,0.13210765392918447,0.0010068317391493792,2828.7972088325746,0.6227058186070309,0.07302898737616173,0.8099896622870695,8.664846617989497e-12,-5.1282311730460606e-12,3,1.0000000000000007,4893239.291754612,332.203164953332,0.6227058186070309,0.07302898737616173
333134530250.8031,778549919.4331275,0.13212953786008982,0.0010073440660399572,2828.92269993245,0.6225470752061393,0.07315516556774294,0.8099782645987208,8.628875391991642e-12,-1.816324868286756e-13,3,1.0000000000000007,4893616.436494059,332.0417312593964,0.6225470752061393,0.07315516556774294
333913090616.1841,778560365.3809583,0.13215137298925958,0.0010078603529818557,2829.0513537800716,0.6223885055812027,0.07328102083468556,0.8099644148440444,8.588019184685436e-12,-8.209877222498108e-12,3,1.0000000000000007,4893993.8584251115,331.88081884598114,0.6223885055812027,0.07328102083468556
334691668084.099,778577467.91486,0.13217315705129165,0.0010083807518593817,2829.18329723188,0.6222301080733682,0.0734065542505913,0.8099534686001331,8.54538662053983e-12,1.864286502950563e-12,3,1.0000000000000007,4894371.609408106,331.7204422741983,0.6222301080733682,0.0734065542505913
335470267916.12524,778599832.0262455,0.1321948829389377,0.0010089059047138666,2829.3190523745425,0.6220718812731884,0.07353176666845136,0.8098817470825193,8.475886659198295e-12,-9.917289212069136e-12,3,1.0000000000000007,4894749.8610897735,331.56066142913016,0.6220718812731884,0.07353176666845136
336248924588.759,778656672.6337525,0.13221654485071754,0.0010094362450673094,2829.458980296701,0.621913817795955,0.07365666362857107,0.809859767719745,8.399059225894234e-12,-7.792655409843974e-13,3,1.0000000000000007,4895128.774547354,331.4015201120703,0.621913817795955,0.07365666362857107
337027648673.10925,778724084.3503524,0.132238137737015,0.0010099722257754479,2829.603446953178,0.6217559150931884,0.07378124680878305,0.8098234140219152,8.308687071689747e-12,-5.073719222536965e-13,3,1.0000000000000007,4895508.485990245,331.24306262510714,0.6217559150931884,0.07378124680878305
337806457655.1399,778808982.0306683,0.1322596078353331,0.0010105187325970693,2829.7564421235575,0.6215981689617066,0.07390551906564892,0.8092352030142358,8.059553024963861e-12,-3.2642777370028853e-12,3,1.0000000000000007,4895890.226667189,331.08573647554664,0.6215981689617066,0.07390551906564892
338585634571.0516,779176915.91169,0.13228096931734246,0.0010110734601592437,2829.91619007188,0.6214405213651926,0.07402952546008931,0.8098252385346782,7.94297960737822e-12,-3.724576203012475e-12,3,1.0000000000000007,4896273.869566689,330.92937992239456,0.6214405213651926,0.07402952546008931
339364895556.1844,779260985.1327124,0.13230223842742594,0.0010116362098244458,2830.0823694603782,0.6212830292397817,0.07415322067514349,0.8096405756941039,7.774447752240121e-12,2.987410319121864e-11,3,1.0000000000000007,4896658.992785684,330.7739437721018,0.6212830292397817,0.07415322067514349
340144329491.06134,779433934.8769436,0.13232340136657886,0.001012208456979351,2830.256150720684,0.621125673946168,0.07427661880508822,0.8095556580656194,7.575273741622368e-12,2.8903546223091325e-12,3,1.0000000000000007,4897046.065240451,330.6195644723641,0.621125673946168,0.07427661880508822
340923977301.08606,779647810.024727,0.13234445047095708,0.001012790651952057,2830.437920269444,0.6209684465151737,0.07439972625621072,0.8095586946643696,7.364997500758363e-12,-4.825584376533243e-12,3,1.0000000000000007,4897435.274852679,330.4662906332262,0.6209684465151737,0.07439972625621072
341703837582.34033,779860281.2542915,0.13236550378900555,0.0010133699415113208,2830.6174294995462,0.6208113471875357,0.07452254247614686,0.8110047636233908,7.561284931512091e-12,1.0533796057643485e-12,3,1.0000000000000007,4897823.472164035,330.3129480915019,0.6208113471875357,0.07452254247614686
342483214624.7021,779377042.361773,0.13238652626856082,0.0010139523672386905,2830.7992732939083,0.6206545161620023,0.07464495795423914,0.8098344493612242,7.447598093790475e-12,4.763300864851772e-12,3,1.0000000000000007,4898211.101358961,330.15997123831943,0.6206545161620023,0.07464495795423914
343262671325.1803,779456700.47827,0.1324074655301715,0.0010145418474054875,2830.986741783902,0.6204978395584592,0.07476706134858738,0.8098222138708255,7.305933635848305e-12,1.1678658040636947e-11,3,1.0000000000000007,4898599.907068532,330.0077869723599,0.6204978395584592,0.07476706134858738
344042213580.84735,779542255.6670622,0.1324276794331252,0.001015198873649337,2831.2288678632776,0.6203413129773819,0.07488885445053574,0.8024212502788508,4.987343871221128e-12,-1.780398051209886e-11,3,1.0000000000000007,4899004.384767841,329.8617355112026,0.6203413129773819,0.07488885445053574
344825428515.4226,783214934.5752308,0.1324473973365614,0.0010158898739057744,2831.499726380902,0.6201842116244284,0.07501089678974747,0.8110959018314823,4.8692161414010116e-12,-3.542166560066562e-12,3,1.0000000000000007,4899422.755697471,329.71977144320215,0.6201842116244284,0.07501089678974747
345608114155.7401,782685640.3175404,0.13246738587992182,0.001016554382459597,2831.7489730324305,0.6200273804367062,0.07513253144142215,0.8129206913176645,5.6277205118249185e-12,2.319922032256727e-12,3,1.0000000000000007,4899833.733974912,329.57563553784973,0.6200273804367062,0.07513253144142215
346389392500.01605,781278344.2759298,0.13248764516086264,0.0010171967739300704,2831.979683817365,0.6198709970835874,0.07525362228854926,0.8120997532778951,6.215472581061476e-12,-9.371725617768334e-12,3,1.0000000000000007,4900236.541727803,329.4293827987918,0.6198709970835874,0.07525362228854926
347169660159.6201,780267659.6040543,0.13250817364536355,0.0010178167227991655,2832.191675009182,0.6197149836053489,0.07537423141106647,0.812039523817587,6.824762976975762e-12,2.348565786292056e-12,3,1.0000000000000007,4900631.51638403,329.28099612277055,0.6197149836053489,0.07537423141106647
347948947340.49585,779287180.8757352,0.13252894323715214,0.0010184168877204816,2832.3871213724574,0.619559335323344,0.07549436395192334,0.811754975460488,7.377876087844015e-12,8.604228440844963e-12,3,1.0000000000000007,4901019.360437373,329.13073436607243,0.619559335323344,0.07549436395192334
348727391674.75635,778444334.2605556,0.1325499277817363,0.0010189992577104225,2832.5677070095517,0.6194040259413456,0.07561404158924918,0.8115232032201991,7.885248010097712e-12,6.180167488878396e-12,3,1.0000000000000007,4901400.74970159,328.9788015312412,0.6194040259413456,0.07561404158924918
349505105108.2684,777713433.5120482,0.13257110546955247,0.001019565620740927,2832.7349265613916,0.6192490342026765,0.07573328193063376,0.8113126066799925,8.351541680440278e-12,-1.3777201601783418e-11,3,1.0000000000000007,4901776.275850243,328.8253805755586,0.6192490342026765,0.07573328193063376
350282189163.49274,777084055.2244322,0.13259245408336917,0.001020117785402654,2832.890290385198,0.619094340833483,0.07585210089006889,0.8111160113011273,8.778089366501263e-12,-1.1454059922755278e-11,3,1.0000000000000007,4902146.524892471,328.6706553093963,0.619094340833483,0.07585210089006889
351058738441.27045,776549277.7776664,0.13261395462126338,0.0010206572581809776,2833.035061997024,0.618939927858287,0.07597051323240597,0.8109487711904784,9.162670622231417e-12,3.856914787547794e-13,3,1.0000000000000007,4902512.000119555,328.5147805977423,0.618939927858287,0.07597051323240597
351834833323.38794,776094882.117444,0.13263558998121036,0.001021185409148931,2833.170387667648,0.6187857800597598,0.07608853147180235,0.8108022875319421,9.517941990111467e-12,-2.0408008616357165e-11,3,1.0000000000000007,4902873.153587373,328.3578971416288,0.6187857800597598,0.07608853147180235
352610544138.1677,775710814.7797878,0.13265734561715614,0.0010217032961316026,2833.2971678269946,0.6186318841663236,0.07620616652085765,0.8106756520243064,9.847012094610363e-12,-6.9996231033542244e-12,3,1.0000000000000007,4903230.342564731,328.2001142337787,0.6186318841663236,0.07620616652085765
353385931630.15454,775387491.9868859,0.13267920984582834,0.0010222118458329114,2833.416179879527,0.6184782287656183,0.07632342777535855,0.8105621748799585,1.0151657292567506e-11,-5.829114968491922e-12,3,1.0000000000000007,4903583.876943998,328.0415266443892,0.6184782287656183,0.07632342777535855
354161050185.96893,775118555.8142933,0.13270116893227352,0.001022712212139755,2833.528379123216,0.6183248036476124,0.0764403236202064,0.8104431242772492,1.0424772156625295e-11,4.144684595530634e-12,3,1.0000000000000007,4903934.1169382315,327.8822494898142,0.6183248036476124,0.0764403236202064
354935956807.8408,774906621.8719256,0.13272320992233907,0.0010232054757576626,2833.6346602324184,0.618171598024406,0.0765568627875341,0.8103357744537742,1.066857713283298e-11,-1.662081583475583e-11,3,1.0000000000000007,4904281.411621346,327.7223922693094,0.618171598024406,0.0765568627875341
355710702866.14435,774746058.3035544,0.13274532089357763,0.001023692625139661,2833.7358415402227,0.6180186021699453,0.07667305311236271,0.8102397447418141,1.088840129170876e-11,1.6615597786540093e-12,3,1.0000000000000007,4904626.080756952,327.5620553105272,0.6180186021699453,0.07667305311236271
356485334294.77386,774631428.629515,0.1327674745975265,0.0010241762153312196,2833.833987272806,0.6178658073003378,0.07678890159111149,0.8100406334587973,1.102384850071303e-11,-6.4923622034029904e-12,3,1.0000000000000007,4904968.8224330675,327.4014775403798,0.6178658073003378,0.07678890159111149
357259946294.533,774611999.7591139,0.1327896578882947,0.0010246571984380052,2833.9298995628124,0.6177131948239049,0.07690442252430855,0.8099725760934984,1.1136647160014945e-11,-7.960965220377147e-12,3,1.0000000000000007,4905310.028021048,327.24076723503,0.6177131948239049,0.07690442252430855
358034571407.5184,774625112.9853373,0.132811862363777,0.0010251362624039415,2834.024146120683,0.6175607584740628,0.07701962078302158,0.8099351785084696,1.123789949986076e-11,-7.508660360144859e-12,3,1.0000000000000007,4905649.935107827,327.07999964664714,0.6175607584740628,0.07701962078302158
358809227517.64514,774656110.1267831,0.13283408920750978,0.0010256132339359467,2834.1165965426526,0.6174084948859547,0.07713449902310937,0.8099189620358604,1.1338707750496724e-11,-1.3399281684201014e-11,3,1.0000000000000007,4905988.526800631,326.91916265054385,0.6174084948859547,0.07713449902310937
359583922381.6391,774694863.9940141,0.13285632581515835,0.0010260892750560973,2834.2081897819603,0.617256402633148,0.07724905839840505,0.8098352388685726,1.1405543176579158e-11,1.4239720513842258e-12,3,1.0000000000000007,4906326.098408997,326.758360973313,0.617256402633148,0.07724905839840505
360358696047.53314,774773665.8939327,0.1328785690618135,0.0010265644317809998,2834.298991920188,0.6171044739203239,0.07736330481871284,0.8098305841197639,1.1474154959500993e-11,-6.910805261384212e-12,3,1.0000000000000007,4906662.733237492,326.59761016558815,0.6171044739203239,0.07736330481871284
361133550750.1902,774854702.6570945,0.1329008130844357,0.0010270393003689515,2834.3894777965247,0.6169527083609685,0.07747723859011776,0.8097729480016636,1.1518119791276149e-11,6.9748651299050834e-12,3,1.0000000000000007,4906998.576443572,326.436962119586,0.6169527083609685,0.07747723859011776
361908514075.8745,774963325.6843388,0.13292303973657624,0.0010275156631327554,2834.4810704293977,0.6168011005128251,0.07759086375197652,0.8096308200256086,1.145861183715624e-11,-5.836442440454448e-13,3,1.0000000000000007,4907334.09136391,326.27657356780793,0.6168011005128251,0.07759086375197652
362683654067.47034,775139991.5958956,0.1329451126484984,0.0010280060419271344,2834.5838541807016,0.6166496362464307,0.07770419038333164,0.8091594795589518,1.1121548126880043e-11,4.547251464259716e-12,3,1.0000000000000007,4907672.602583613,326.1176142525936,0.6166496362464307,0.07770419038333164
363459196545.794,775542478.3236712,0.13296716293951621,0.0010284968845728634,2834.687080207822,0.6164982711749473,0.07781725129460206,0.8097395105821636,1.113198422331152e-11,-8.82960371484387e-12,3,1.0000000000000007,4908011.153932142,325.95893452928215,0.6164982711749473,0.07781725129460206
364234863758.2831,775667212.4890339,0.13298919111554433,0.0010289893003702561,2834.791506741163,0.6163470595035956,0.07793000580705044,0.8096863335360638,1.1110445896633792e-11,-9.697020963983505e-12,3,1.0000000000000007,4908349.487128789,325.80054102433104,0.6163470595035956,0.07793000580705044
365010681200.0788,775817441.795736,0.13301118708828533,0.0010294844482894962,2834.8980377556004,0.6161959961040491,0.07804245758587094,0.8096362574816496,1.1054490656192684e-11,-1.274902405867806e-11,3,1.0000000000000007,4908687.927843461,325.6425413963172,0.6161959961040491,0.07804245758587094
365786672896.7322,775991696.6534328,0.13303314251320542,0.0010299827367869388,2835.0070407277667,0.6160450761004067,0.07815461005361435,0.8096208367613933,1.0984990694851149e-11,-1.3660073072685464e-11,3,1.0000000000000007,4909026.632285971,325.4849804393698,0.6160450761004067,0.07815461005361435
366562846279.10266,776173382.370522,0.13305504861159412,0.0010304849252994104,2835.119128615869,0.6158942978074697,0.07826646421637586,0.8095890964565644,1.0887291068684135e-11,-3.073208354464896e-12,3,1.0000000000000007,4909365.809060328,325.3279286146152,0.6158942978074697,0.07826646421637586
367339216608.25555,776370329.1529081,0.13307689315309434,0.0010309920801761716,2835.2351611560657,0.6157436579478524,0.07837802220485605,0.8095520469264539,1.0754730439543891e-11,1.0889067425523535e-11,3,1.0000000000000007,4909705.7620117925,325.1714868979055,0.6157436579478524,0.07837802220485605
368115801703.9453,776585095.6898229,0.13309866742603574,0.0010315048655823698,2835.3556828223086,0.6155931526940407,0.07848928650040406,0.8095396844542968,1.0599965349911145e-11,1.1410872247097359e-11,3,1.0000000000000007,4910046.707143267,325.0157235662692,0.6155931526940407,0.07848928650040406
368892607556.8118,776805852.8665318,0.13312036030493887,0.0010320242604296966,2835.481479083626,0.6154427804572017,0.07860025787653908,0.8095088969983788,1.0406564499021442e-11,-6.6736616233242785e-12,3,1.0000000000000007,4910388.910589484,324.8607284753781,0.6154427804572017,0.07860025787653908
369669649005.51013,777041448.698335,0.13314196108106913,0.0010325511116100624,2835.6132390018997,0.6152925378671961,0.07871093836320907,0.8094989410734055,1.0185186027911186e-11,-5.3049786785663855e-12,3,1.0000000000000007,4910732.632606509,324.70658584560977,0.6152925378671961,0.07871093836320907
370446930901.2953,777281895.7852252,0.13316343089671226,0.0010330890448709297,2835.7538571153323,0.6151424232915033,0.0788213285787706,0.8093794107155716,9.837686221203512e-12,-6.06115158063858e-12,3,1.0000000000000007,4911078.794637813,324.5536184255855,0.6151424232915033,0.0788213285787706
371224510729.2864,777579827.9911017,0.1331847791280789,0.0010336365794542794,2835.9022068873737,0.6149924249130441,0.07893143656787613,0.8094825855453625,9.543921208887696e-12,-6.5847327590518034e-12,3,1.0000000000000007,4911427.206669308,324.4017325891906,0.6149924249130441,0.07893143656787613
372002339028.819,777828299.5324947,0.1332060020408,0.0010341942977866827,2836.0587176850877,0.614842551586995,0.07904125519754762,0.8094819692328059,9.22151244253655e-12,3.917532964692327e-12,3,1.0000000000000007,4911777.923685509,324.2509609973011,0.614842551586995,0.07904125519754762
372780416175.4914,778077146.6724781,0.13322711016948915,0.0010347604303901337,2836.2220544865127,0.6146928025729546,0.07915078440201057,0.8096328134310493,9.018563673635072e-12,-2.697653211924944e-11,3,1.0000000000000007,4912130.590246445,324.1011713943276,0.6146928025729546,0.07915078440201057
373558669739.8483,778253564.3569494,0.13324823713203957,0.0010353232958190057,2836.382785890711,0.614543191910752,0.0792600137902291,0.8098707375558956,9.066303263693953e-12,-4.807265696626928e-12,3,1.0000000000000007,4912482.057834034,323.95127042958916,0.614543191910752,0.0792600137902291
374336985409.76074,778315669.9124408,0.133269248621847,0.001035897187413672,2836.5521294858645,0.6143937410749502,0.0793689273258802,0.8095164014121359,8.72546479513403e-12,1.0984324561036374e-11,3,1.0000000000000007,4912835.568257002,323.8024489149214,0.6143937410749502,0.0793689273258802
375115533524.72406,778548114.9633182,0.13329012221999717,0.0010364826198437727,2836.7306646210254,0.6142444165238717,0.07947754883423948,0.8095188504253503,8.342437851638351e-12,-9.333089856511378e-12,3,1.0000000000000007,4913191.736777693,323.6548593966858,0.6142444165238717,0.07947754883423948
375894312976.14655,778779451.4224446,0.1333108521287011,0.0010370778946791391,2836.917279377589,0.614095217728323,0.07958587804268834,0.8096151325742706,8.01714250542318e-12,-1.4556467142767815e-11,3,1.0000000000000007,4913550.209299158,323.508365870495,0.614095217728323,0.07958587804268834
376673277510.0969,778964533.9503863,0.13333143334891345,0.0010376848198045796,2837.113252207797,0.6139461527718448,0.07969390842474519,0.8095835588028955,7.62301333168125e-12,2.8455016121142762e-12,3,1.0000000000000007,4913911.324814203,323.3631026578824,0.6139461527718448,0.07969390842474519
377452442363.83777,779164853.7408202,0.1333518604297067,0.001038303897392618,2837.318971663235,0.6137972178812993,0.07980164201142588,0.8095999153023836,7.196909734830115e-12,-6.975531263719859e-13,3,1.0000000000000007,4914275.276838115,323.2191277141583,0.6137972178812993,0.07980164201142588
378231799716.01263,779357352.174879,0.13337208320067248,0.0010389402725492136,2837.538471301074,0.6136484134220483,0.07990907765600416,0.8095195362656238,6.593170454038955e-12,-4.618527782440651e-14,3,1.0000000000000007,4914643.348350137,323.07689217185344,0.6136484134220483,0.07990907765600416
379011388314.8607,779588598.8480518,0.1333920773842747,0.0010395947385666885,2837.7725315269804,0.6134997306981925,0.08001622061188926,0.8095642692329541,5.949907233571139e-12,4.82058837292243e-12,3,1.0000000000000007,4915015.935353414,322.93651106797597,0.6134997306981925,0.08001622061188926
379791186683.9861,779798369.1254283,0.13341180845349696,0.0010402708455395432,2838.02392040864,0.6133511723223246,0.08012306783269722,0.8095481576764207,5.175193606987705e-12,-5.552447390755333e-12,3,1.0000000000000007,4915393.920138303,322.7982957615857,0.6133511723223246,0.08012306783269722
380571202641.62225,780015957.6361898,0.13343123705511617,0.0010409719307255462,2838.2953062686383,0.6132027350602818,0.08022962030076602,0.8095608927671805,4.274802734016703e-12,1.3467005288703149e-12,3,1.0000000000000007,4915778.2471454805,322.6625666355814,0.6132027350602818,0.08022962030076602
381351430111.5855,780227469.9632866,0.13345031483669073,0.001041701974598575,2838.5898853336357,0.6130544180516749,0.08033587709170512,0.8095732534352251,3.2149838347095283e-12,-3.68594044175552e-12,3,1.0000000000000007,4916169.992809643,322.52969146134,0.6130544180516749,0.08033587709170512
382131863193.28613,780433081.7006223,0.13346945481524145,0.0010424165962751666,2838.8730139617774,0.6129062215708344,0.0804418371771863,0.8111656840670278,4.801936626108727e-12,-8.37419023014263e-12,3,1.0000000000000007,4916559.626598173,322.39631790158705,0.6129062215708344,0.0804418371771863
382911735313.4619,779872120.1756854,0.13349035673673354,0.001042975995714145,2839.0315046033243,0.6127583008987121,0.0805473959106923,0.8117512324823384,9.136025269640413e-12,1.9461321443259294e-11,3,1.0000000000000007,4916907.7427371815,322.2489110878899,0.6127583008987121,0.0805473959106923
383690765750.42004,779030436.9581836,0.13351140484640933,0.0010435380924852934,2839.1901150084236,0.6126107120617168,0.08065251602069631,0.8097604341228415,9.349188090368443e-12,7.0912165028858e-12,3,1.0000000000000007,4917251.251400259,322.10054842600925,0.6126107120617168,0.08065251602069631
384469911416.0932,779145665.673175,0.13353261559907126,0.0010440859278490532,2839.337138702546,0.6124632744624873,0.0807573270394017,0.8098213996610149,9.775513731824503e-12,-7.772671395400721e-13,3,1.0000000000000007,4917590.400400158,321.95099167667735,0.6124632744624873,0.0807573270394017
385249142994.542,779231578.4487967,0.1335538312884487,0.0010446346387102407,2839.4845528508154,0.6123159939266403,0.0808618250197479,0.8096310849525779,9.770628750516153e-12,-8.841150034299972e-12,3,1.0000000000000007,4917928.769747259,321.80150696255953,0.6123159939266403,0.0808618250197479
386028552084.40344,779409089.8613844,0.13357503743207,0.0010451837592249916,2839.6321943243915,0.6121688531191029,0.08096602221928015,0.8096257385348249,9.761969010924076e-12,-4.252709295826662e-12,3,1.0000000000000007,4918266.724941901,321.65218982711787,0.6121688531191029,0.08096602221928015
386808141300.137,779589215.7336661,0.13359623806162144,0.0010457329036185992,2839.779758114602,0.6120218515696528,0.08106991891411702,0.8096174218541474,9.757084029615726e-12,-6.319389456166391e-13,3,1.0000000000000007,4918604.173070861,321.50300731893157,0.6120218515696528,0.08106991891411702
387587914688.3963,779773388.2592326,0.1336174320344855,0.0010462821969816195,2839.927341375639,0.6118749885348578,0.08117351556980254,0.809608226431946,9.74931246844335e-12,-2.3746560273707473e-12,3,1.0000000000000007,4918941.147053456,321.35396926889337,0.6118749885348578,0.08117351556980254
388367876722.0052,779962033.6088957,0.13363860006574968,0.0010468336620657554,2840.076520972089,0.6117282631013256,0.08127681270886372,0.8095821744935616,9.658274180424087e-12,-9.085954211229819e-12,3,1.0000000000000007,4919278.135364713,321.20524389351556,0.6117282631013256,0.08127681270886372
389148039998.92523,780163276.9200073,0.13365974300910366,0.0010473868211046404,2840.2269619277236,0.6115816727840236,0.08137981192024787,0.809587518135757,9.593215111181053e-12,-1.4211520849016779e-11,3,1.0000000000000007,4919615.122401192,321.05682044970575,0.6115816727840236,0.08137981192024787
389928401995.6975,780361996.7722293,0.13368086263063908,0.001047941610474568,2840.378600818729,0.6114352179654423,0.08148251278683134,0.8095848981481968,9.527933997333093e-12,1.1199485783208729e-11,3,1.0000000000000007,4919952.070948072,320.90868585603255,0.6114352179654423,0.08148251278683134
390708964025.9677,780562030.2701741,0.1337019755863834,0.0010484961618257922,2840.5299938245066,0.6112888983946636,0.0815849153971516,0.809588903416536,9.53659373692517e-12,1.1121992216089893e-11,3,1.0000000000000007,4920288.533083077,320.7606833152312,0.6112888983946636,0.0815849153971516
391489724209.68195,780760183.7141871,0.13372308882350975,0.0010490500973396604,2840.680811766974,0.6111427144979864,0.08168701942246788,0.8095776185546022,9.552580948479772e-12,1.286770690001049e-11,3,1.0000000000000007,4920624.339485046,320.6127546103687,0.6111427144979864,0.08168701942246788
392270688040.09076,780963830.4088738,0.13374420249211966,0.001049603433533955,2840.831064996517,0.6109966653240705,0.08178882550056725,0.809566191861677,9.564127267935874e-12,-3.5104141815622825e-12,3,1.0000000000000007,4920959.493539063,320.46489909357825,0.6109966653240705,0.08178882550056725
393051861083.22107,781173043.1303039,0.133765297783721,0.001050157829754355,2840.9820762499494,0.6108507498229312,0.08189033427462682,0.8095552642140014,9.525269462073993e-12,8.707257137530178e-12,3,1.0000000000000007,4921294.413709179,320.3172597132605,0.6108507498229312,0.08189033427462682
393833248668.781,781387585.5598913,0.13378639849597565,0.0010507108150244018,2841.131921544818,0.6107049670862637,0.08199154635108397,0.8095463047141926,9.557243885183198e-12,1.6988632722814145e-12,3,1.0000000000000007,4921628.537227361,320.1696396527157,0.6107049670862637,0.08199154635108397
394614855180.7976,781606512.0165365,0.13380747725248424,0.0010512658208796971,2841.283211710227,0.6105593163205649,0.08209246220987185,0.8095431094923278,9.4002583495012e-12,-7.022493697661503e-12,3,1.0000000000000007,4921962.569874348,320.0222814518457,0.6105593163205649,0.08209246220987185
395396682223.5183,781827042.720709,0.13382853212776852,0.0010518215232733778,2841.4350711326633,0.6104137970657799,0.08219308196807809,0.8095304115940394,9.43289890642518e-12,-4.952926957457748e-12,3,1.0000000000000007,4922296.520003166,319.8751865887043,0.6104137970657799,0.08219308196807809
396178735992.5505,782053769.032139,0.13384960431005047,0.0010523750169274323,2841.5851008488125,0.610268408345193,0.08229340633383954,0.8095146034059475,9.497957975668214e-12,-4.505840145441198e-12,3,1.0000000000000007,4922629.43140511,319.728022773547,0.610268408345193,0.08229340633383954
396961024191.7875,782288199.2369629,0.13387069123879425,0.0010529267180870818,2841.733611231383,0.6101231489082224,0.08239343620385868,0.8095003045660576,9.549472324010821e-12,-1.593269960409316e-11,3,1.0000000000000007,4922961.380870396,319.58081453947153,0.6101231489082224,0.08239343620385868
397743553802.6287,782529610.8412254,0.1338917886819484,0.001053477026631391,2841.8809188045702,0.609978017612153,0.08249317237575783,0.8094876567665832,9.584333326984051e-12,-2.3673285554082213e-12,3,1.0000000000000007,4923292.485331604,319.4336005909002,0.609978017612153,0.08249317237575783
398526331014.7331,782777212.1044005,0.13391289257318467,0.0010540262721710088,2842.0272904340068,0.6098330134377388,0.0825926155400644,0.8094768907951355,9.605649609056854e-12,8.006928453596629e-13,3,1.0000000000000007,4923622.844999515,319.28641337000937,0.6098330134377388,0.0825926155400644
399309361113.5083,783030098.7752094,0.13393400041120765,0.001054574683727713,2842.1729081657422,0.6096881355151742,0.08269176626726699,0.8094660140789411,9.617862062327731e-12,1.662026072324352e-11,3,1.0000000000000007,4923952.533168337,319.13927691806106,0.6096881355151742,0.08269176626726699
400092649443.0843,783288329.5760095,0.133955108570767,0.0010551225905002508,2842.318033131195,0.6095433829451521,0.08279062513035917,0.8094583769935326,9.61475343785878e-12,3.838929174548866e-12,3,1.0000000000000007,4924281.642089766,318.9922210902527,0.6095433829451521,0.08279062513035917
400876199784.9193,783550341.8350605,0.1339762143845325,0.0010556702148073595,2842.462843920978,0.6093987550993084,0.08288919250071014,0.8094503275990483,9.602985073797754e-12,1.4242607093706283e-11,3,1.0000000000000007,4924610.24229762,318.8452689778699,0.6093987550993084,0.08288919250071014
401660016123.8698,783816338.9504797,0.133997315928979,0.0010562177091056782,2842.6074639377734,0.6092542512991966,0.08298746877208453,0.8094427791927039,9.584111282379126e-12,3.292033312618514e-12,3,1.0000000000000007,4924938.38439428,318.69843641541297,0.6092542512991966,0.08298746877208453
402444102206.182,784086082.3122157,0.13401841070186962,0.0010567653107869837,2842.752079640704,0.6091098708979243,0.08308545430465905,0.8094375297806877,9.551248680850222e-12,-2.682298827494378e-12,3,1.0000000000000007,4925266.134002401,318.55174442354104,0.6091098708979243,0.08308545430465905
403228460668.05725,784358461.8752216,0.13403949546147984,0.0010573133183641003,2842.896926106309,0.6089656134328341,0.0831831493164168,0.8094338900532794,9.509060205914466e-12,1.393973825258854e-11,3,1.0000000000000007,4925593.576814613,318.40522129544456,0.6089656134328341,0.0831831493164168
404013093368.2128,784632700.1555655,0.13406057769940039,0.0010578607920320995,2843.0412922036903,0.608821478599476,0.08328055392899794,0.8093972078682121,9.528600131147869e-12,-1.1206369165961405e-11,3,1.0000000000000007,4925920.528823329,318.25880315490986,0.608821478599476,0.08328055392899794
404798018188.4709,784924820.2579929,0.13408166636129126,0.0010584074117720378,2843.184868828339,0.6086774632531137,0.0833776702505168,0.8094119202661787,9.50439726921104e-12,-1.2625678280642205e-11,3,1.0000000000000007,4926246.812186078,318.1124237599233,0.6086774632531137,0.0833776702505168
405583228101.2477,785209912.7766885,0.1341027392339887,0.0010589552048611303,2843.329253281814,0.6085335686822465,0.08347449728747386,0.8094213729825661,9.427791880511904e-12,-1.999256316054243e-11,3,1.0000000000000007,4926572.977852702,317.9662738883143,0.6085335686822465,0.08347449728747386
406368718623.4297,785490522.1820391,0.13412379136202388,0.0010595043620618195,2843.474625090371,0.6083897956620975,0.08357103436812473,0.809422698033746,9.337641770912342e-12,-9.542699963560608e-12,3,1.0000000000000007,4926899.116337665,317.8203844583953,0.6083897956620975,0.08357103436812473
407154489212.13135,785770588.701649,0.13414482346065704,0.0010600547820546452,2843.6209075352795,0.6082461442373768,0.0836672813104009,0.8094146504433741,9.25104437499158e-12,3.048894470225605e-12,3,1.0000000000000007,4927225.220485499,317.6747520962256,0.6082461442373768,0.0836672813104009
407940543874.8482,786054662.7168529,0.13416584024956815,0.0010606059603735815,2843.76771135382,0.6081026136464869,0.08376323849166979,0.8093973143108446,9.18842779640272e-12,-1.2504441926353138e-12,3,1.0000000000000007,4927551.170065811,317.5293342664558,0.6081026136464869,0.08376323849166979
408726891135.3609,786347260.512703,0.1341868828816906,0.0010611533412965683,2843.911547503312,0.607959202461722,0.08385890685177658,0.8092193427844396,9.389822253069724e-12,-1.8455237338343977e-12,3,1.0000000000000007,4927875.950595545,317.38378284769834,0.607959202461722,0.08385890685177658
409513617600.6525,786726465.2916881,0.13420801677123861,0.0010616921666994617,2844.04854018033,0.6078158955622952,0.08395429683137486,0.8092296120698617,9.619194329957281e-12,-9.068190642835816e-12,3,1.0000000000000007,4928198.054649601,317.23756041378556,0.6078158955622952,0.08395429683137486
410300718459.30817,787100858.6556886,0.1342290898498366,0.001062237939421862,2844.190686290042,0.6076726938716581,0.08404940763705991,0.8096293309389768,9.161782443811717e-12,8.673506357581573e-12,3,1.0000000000000007,4928521.117670526,317.0919019115486,0.6076726938716581,0.08404940763705991
411087999474.82056,787281015.51241,0.13425008387161735,0.00106278853276526,2844.3367496795763,0.6075296321734803,0.08414421565839883,0.8093496349503848,9.051204230559051e-12,9.417577828685353e-12,3,1.0000000000000007,4928845.40929982,316.94695989840807,0.6075296321734803,0.08414421565839883
411875596742.553,787597267.7324424,0.1342710743317815,0.0010633389560491938,2844.482588488607,0.6073866857155164,0.08423873721872135,0.8093335805703372,9.019229807449847e-12,5.557776461273534e-13,3,1.0000000000000007,4929169.3642544765,316.80215963931437,0.6073866857155164,0.08423873721872135
412663518204.24713,787921461.6941258,0.1342920639716162,0.0010638891096759568,2844.628107417755,0.6072438531321322,0.08433297314094225,0.8093314637913629,8.985034938291392e-12,-1.1973422253674926e-11,3,1.0000000000000007,4929492.89190341,316.6574675965817,0.6072438531321322,0.08433297314094225
413451765024.1633,788246819.916214,0.13431305142358974,0.001064438999659835,2844.7733253795154,0.607101134281264,0.08442692343180142,0.8093174730383623,8.953060515182187e-12,-1.110334046927619e-11,3,1.0000000000000007,4929816.007231983,316.51288825184184,0.607101134281264,0.08442692343180142
414240344152.68774,788579128.5244206,0.13433403873546426,0.0010649878704837867,2844.9177165352376,0.6069585280114591,0.0845205887909591,0.8092872273712803,8.952838470577262e-12,1.0736078692730189e-11,3,1.0000000000000007,4930138.533458688,316.3683575920554,0.6069585280114591,0.0845205887909591
415029270471.8589,788926319.1710929,0.13435502877135502,0.0010655363655674764,2845.061681164461,0.6068160317447601,0.08461397084809112,0.8093120890118044,8.907319326567631e-12,5.328626428990901e-12,3,1.0000000000000007,4930460.588447303,316.22391378148336,0.6068160317447601,0.08461397084809112
415818532011.40717,789261539.5482515,0.13437600671236144,0.0010660855861928246,2845.2061114549183,0.6066736476707094,0.08470706803806109,0.8093245879026156,8.82782735800447e-12,-7.600253759676434e-12,3,1.0000000000000007,4930782.483095173,316.0796632091988,0.6066736476707094,0.08470706803806109
416608122816.6344,789590805.2272853,0.13439697014224145,0.0010666357792214489,2845.3511970611385,0.6065313768592624,0.08479987951846564,0.8093329088854073,8.731015910257156e-12,-1.1827872015146568e-11,3,1.0000000000000007,4931104.29484468,315.9356345188474,0.6065313768592624,0.08479987951846564
417398038964.1963,789916147.5619482,0.1344179162788863,0.0010671870394699037,2845.497029842119,0.6063892199885808,0.08489240469241302,0.8093251191443329,8.631539927250742e-12,5.703215677499429e-12,3,1.0000000000000007,4931426.070275514,315.7918435226093,0.6063892199885808,0.08489240469241302
418188284391.1689,790245426.9726158,0.13443884224958058,0.0010677396946584768,2845.643857664661,0.6062471763147818,0.08498464388433322,0.8093412644238906,8.5114137959863e-12,-1.0314304965675092e-11,3,1.0000000000000007,4931747.8803904895,315.6483114929212,0.6062471763147818,0.08498464388433322
418978851349.3169,790566958.1480361,0.13445974691681198,0.0010682939839546323,2845.791850640104,0.6061052471657374,0.08507659605321122,0.8093412236231945,8.380185434475607e-12,9.134915046615788e-12,3,1.0000000000000007,4932069.802132923,315.5050681066014,0.6061052471657374,0.08507659605321122
419769739989.3986,790888640.08171,0.13448062815532644,0.0010688495693424334,2845.940804823364,0.6059634324587311,0.08516826108663104,0.809330048812118,8.26294588307519e-12,6.56030785251005e-12,3,1.0000000000000007,4932391.766003584,315.36208533243786,0.6059634324587311,0.08516826108663104
420560955904.60016,791215915.2015347,0.13450148397085054,0.001069407122368449,2846.0911870010646,0.6058217311176222,0.08525963949592792,0.8093554521027002,8.111733507121244e-12,-7.849609851007244e-12,3,1.0000000000000007,4932713.918597703,315.2194121942197,0.6058217311176222,0.08525963949592792
421352486808.14264,791530903.542439,0.1345223147399353,0.0010699661873864042,2846.242688413596,0.6056801452616912,0.08535072973092465,0.8093260632502375,7.983391725474576e-12,7.993605777301127e-13,3,1.0000000000000007,4933036.184963221,315.07702544873894,0.6056801452616912,0.08535072973092465
422144347202.3465,791860394.2037797,0.13454312108465913,0.0010705268411089959,2846.3953521432454,0.6055386722350138,0.08544153333005602,0.8093378361939685,7.844391802791506e-12,-1.3959389200124406e-11,3,1.0000000000000007,4933358.561368432,314.9349180819586,0.6055386722350138,0.08544153333005602
422936531462.5952,792184260.248813,0.13456390385425923,0.001071088982279174,2846.5491005321455,0.6053973129756756,0.08553204951418977,0.8093230559336195,7.710276861416787e-12,1.042232966597112e-11,3,1.0000000000000007,4933681.038357877,314.7930885498862,0.6053973129756756,0.08553204951418977
423729046957.9053,792515495.3101115,0.1345846646554566,0.0010716524498238834,2846.703808318291,0.6052560661172512,0.08562227899343922,0.8093188626212555,7.583489392004594e-12,-8.526068739911352e-12,3,1.0000000000000007,4934003.57214415,314.6515188014545,0.6052560661172512,0.08562227899343922
424521895880.7561,792848922.8507992,0.13460438057548185,0.0010723273248748003,2846.9433585148686,0.6051149276694961,0.08571222093321135,0.8165378566349357,8.706368959110478e-13,1.2249312675294277e-11,3,1.0000000000000007,4934350.567367992,314.518331597277,0.6051149276694961,0.08571222093321135
425311564332.441,789668451.6848315,0.1346232888702443,0.0010730421777046194,2847.2177375037522,0.6049745156335987,0.08580147734922439,0.8088502022329802,6.303846333821639e-13,-1.5330847702443862e-11,3,1.0000000000000007,4934712.001760919,314.39125413923676,0.6049745156335987,0.08580147734922439
426101793850.0551,790229517.6141592,0.13464237983817803,0.0010737387829316608,2847.4778256923973,0.6048341647511979,0.08589047274458342,0.8087905989384581,1.3093970352429096e-12,-5.622169396701793e-12,3,1.0000000000000007,4935068.929698621,314.2627983338961,0.6048341647511979,0.08589047274458342
426892613970.11597,790820120.0608953,0.13466165796522298,0.0010744195279794456,2847.725178448397,0.6046938710902087,0.085979210213889,0.8087952363400319,1.943112337698949e-12,-1.0468514943795526e-11,3,1.0000000000000007,4935421.330636115,314.13295444287064,0.6046938710902087,0.085979210213889
427684022865.16223,791408895.04624,0.1346811060378643,0.0010750858886862202,2847.9609730360485,0.6045536361961077,0.08606768930717466,0.8088052012855673,2.510436303282404e-12,-5.934808200436237e-12,3,1.0000000000000007,4935769.5984498765,314.00186003723803,0.6045536361961077,0.08606768930717466
428476016094.5926,791993229.4302969,0.1347007835017768,0.0010757311005542283,2848.1801194133395,0.6044134622923528,0.0861559093819223,0.8083935691682864,3.3919533848347783e-12,-4.122258090433206e-13,3,1.0000000000000007,4936112.229738661,313.8690240812739,0.6044134622923528,0.0861559093819223
429268795853.5994,792779759.0067471,0.1347206304619531,0.0010763631827025576,2848.3885787585864,0.6042733149366064,0.08624389265360449,0.8087352165730977,3.9190872769268026e-12,-2.1304735753346904e-11,3,1.0000000000000007,4936450.924414456,313.73495463226675,0.6042733149366064,0.08624389265360449
430062195285.7431,793399432.1437474,0.13474061891430136,0.0010769831646221576,2848.5873418716474,0.604133224720841,0.08633162026615677,0.8087379385623983,4.389821839367869e-12,-1.393973825258854e-11,3,1.0000000000000007,4936786.145723651,313.59986262928254,0.604133224720841,0.08633162026615677
430856213539.1621,794018253.418965,0.13476073607740915,0.0010775920466037853,2848.7772176776493,0.6039931927647385,0.08641909187027196,0.8087386176025557,4.814593168589454e-12,-1.203537269844901e-11,3,1.0000000000000007,4937118.1803763965,313.46384789446705,0.6039931927647385,0.08641909187027196
431650850762.9129,794637223.7508373,0.13478095041803334,0.0010781929437262432,2848.9606087507123,0.6038532198691505,0.0865063072019321,0.8089051338477926,5.073719222536965e-12,-1.0632605906835124e-12,3,1.0000000000000007,4937447.77255818,313.3271606201598,0.6038532198691505,0.0865063072019321
432446025581.96716,795174819.0541937,0.1348012563888486,0.0010787854160178344,2849.137291486645,0.6037133210630724,0.08659325709129728,0.8087707657755683,5.390132784555135e-12,-9.590772620526877e-12,3,1.0000000000000007,4937774.96070528,313.1898419426611,0.6037133210630724,0.08659325709129728
433241804456.59644,795778874.6292732,0.1348216608554606,0.001079369176525752,2849.307012548548,0.6035734853984146,0.08667994859404174,0.8087495634301334,5.70898883722748e-12,-8.542944129885655e-12,3,1.0000000000000007,4938099.645599983,313.05184192344586,0.6035734853984146,0.08667994859404174
434038198284.6796,796393828.083159,0.13484215744425812,0.001079944852881358,2849.4702620631892,0.6034337116935424,0.08676638265014713,0.8087543756918336,5.99320593153152e-12,-1.336641908267211e-11,3,1.0000000000000007,4938421.984091663,312.9132123307457,0.6034337116935424,0.08676638265014713
434835205170.2424,797006885.5627804,0.13486273799968512,0.0010805131337481661,2849.6275883142666,0.6032940009668171,0.08685255880119533,0.8087615681329208,6.247891093380531e-12,3.965050510146284e-12,3,1.0000000000000007,4938742.164153233,312.77401881361743,0.6032940009668171,0.08685255880119533
435632822038.52295,797616868.2806203,0.13488339695627308,0.001081074398547079,2849.7793074582564,0.6031543544004883,0.08693847646603664,0.8087434613668343,6.4859229098601645e-12,1.0042189302339466e-11,3,1.0000000000000007,4939060.3061257005,312.6343048439251,0.6031543544004883,0.08693847646603664
436431058291.978,798236253.455061,0.13490413051017303,0.0010816289672280941,2849.925677308247,0.6030147709717468,0.08702413641020058,0.8087420254321298,6.7050809349211704e-12,-7.2127859240822545e-12,3,1.0000000000000007,4939376.498290392,312.494099258382,0.6030147709717468,0.08702413641020058
437229915120.7786,798856828.8005376,0.1349249321733475,0.001082177426970205,2850.0671595020995,0.6028752510598703,0.08710953850799734,0.8087499185627234,6.8969274735763975e-12,9.022338431918797e-12,3,1.0000000000000007,4939690.8965631435,312.3534555996244,0.6028752510598703,0.08710953850799734
438029389106.0517,799473985.2730361,0.13494579454386635,0.001082720416044238,2850.204258160143,0.6027357958039773,0.08719468213849906,0.808762888188097,7.05902003517167e-12,-1.1515122189109661e-11,3,1.0000000000000007,4940003.672632951,312.21243356468267,0.6027357958039773,0.08719468213849906
438829474309.2707,800085203.2189428,0.1349667103280399,0.0010832585501246892,2850.337460553006,0.6025964067353162,0.08727956641484408,0.8087787113641998,7.189138173657739e-12,-7.970291093783999e-13,3,1.0000000000000007,4940314.992538247,312.07109136864136,0.6025964067353162,0.08727956641484408
439630163365.1582,800689055.8875005,0.13498766704075585,0.0010837930200654645,2850.4676861555263,0.6024570855620541,0.08736419029384876,0.8088309527698456,7.2655215177519494e-12,5.438760553033717e-12,3,1.0000000000000007,4940625.1547051845,311.9295310275114,0.6024570855620541,0.08736419029384876
440431430851.76434,801267486.606221,0.13500873023647772,0.0010843156503312806,2850.5888732132676,0.6023178372978414,0.08744855093501075,0.8078528736243928,7.927436485033468e-12,6.745493053017526e-12,3,1.0000000000000007,4940932.462648478,311.78720691282695,0.6023178372978414,0.08744855093501075
441233762443.59595,802331591.8315654,0.13502992374331235,0.0010848289546394033,2850.7024323623114,0.6021785787090953,0.08753269917705438,0.8088319101984265,8.078870905592339e-12,-3.890998634403786e-12,3,1.0000000000000007,4941236.921807138,311.64397832874397,0.6021785787090953,0.08753269917705438
442036673177.5306,802910733.9345948,0.13505114074540323,0.0010853402319309282,2850.814292535083,0.6020393944219296,0.08761658369085328,0.8088522175653257,8.078426816382489e-12,-1.7804202556703785e-11,3,1.0000000000000007,4941540.6175312335,311.50067635639374,0.6020393944219296,0.08761658369085328
442840153385.1694,803480207.6387624,0.13507244219690062,0.0010858418143822914,2850.9187793728306,0.601900286573818,0.08770020332621238,0.8079456514931138,8.603340262425263e-12,-1.1368683772161603e-12,3,1.0000000000000007,4941841.992740921,311.35679695245574,0.601900286573818,0.08770020332621238
443644654441.4494,804501056.2800645,0.13509384495497306,0.0010863363681683487,2851.0174728632915,0.601761177971622,0.08778360476576037,0.8088318297072572,8.6843865432229e-12,-7.854938921525445e-12,3,1.0000000000000007,4942141.178746241,311.2122509135136,0.601761177971622,0.08778360476576037
444449736245.86273,805081804.4133298,0.13511516913806929,0.001086840052705423,2851.1228750724936,0.6016221447012061,0.08786674176294511,0.8096329819073933,8.123723915787195e-12,1.1242118347354335e-12,3,1.0000000000000007,4942442.200158484,311.0684825111032,0.6016221447012061,0.08786674176294511
445255000507.0906,805264261.2278173,0.135136473987836,0.0010873424479512744,2851.2275223553356,0.601483255344256,0.08794957310656669,0.8087909426912621,8.075984325728314e-12,1.865618770580113e-12,3,1.0000000000000007,4942743.001312205,310.92493991497844,0.601483255344256,0.08794957310656669
446060866436.1904,805865929.09988,0.1351577999518512,0.00108784174137554,2851.3298014861416,0.6013444377657283,0.08803214189479516,0.8086740170554219,8.132161610774347e-12,-1.1216916284695344e-11,3,1.0000000000000007,4943042.925803883,310.7812839225449,0.6013444377657283,0.08803214189479516
446867392783.9402,806526347.7497203,0.13517914252888774,0.0010883394311140653,2851.4307439889108,0.6012056821560062,0.08811445388196301,0.8088762383506864,8.071987522839663e-12,-5.1990634020171456e-12,3,1.0000000000000007,4943342.244253529,310.6375862049422,0.6012056821560062,0.08811445388196301
447674479185.7262,807086401.78605,0.1352004835750852,0.0010888365695046701,2851.531231695206,0.6010670059546775,0.08819649855031826,0.8088630813751774,7.991829420461727e-12,-3.508193735513032e-12,3,1.0000000000000007,4943641.279791371,310.4939808013063,0.6010670059546775,0.08819649855031826
448482132599.02094,807653413.2947733,0.1352218186136586,0.0010893337387240882,2851.6316933748985,0.6009284080932057,0.08827827637141276,0.8089375369557672,7.864153772629834e-12,-2.3781643321285628e-11,3,1.0000000000000007,4943940.166603492,310.3505092545111,0.6009284080932057,0.08827827637141276
449290316226.5108,808183627.4898851,0.13524314104062912,0.0010898325115951781,2851.733227608019,0.6007898949176594,0.08835978336766144,0.8090435689445119,7.653433442555979e-12,-8.36353208910623e-12,3,1.0000000000000007,4944239.286807397,310.2073089330546,0.6007898949176594,0.08835978336766144
450098977420.12787,808661193.6170068,0.13526444276339913,0.00109033356617642,2851.8363618166227,0.6006514753911539,0.08844101400279639,0.8090817030237396,7.41562367068127e-12,-9.728884364790247e-13,3,1.0000000000000007,4944538.833424364,310.06445779392885,0.6006514753911539,0.08844101400279639
450908097393.4564,809119973.3285422,0.13528571690240965,0.001090836046258007,2851.9406070237683,0.6005131526538233,0.0885219662054137,0.8089538934552554,7.2379879867412455e-12,-1.956212969389526e-12,3,1.0000000000000007,4944838.648001247,309.92190563097137,0.6005131526538233,0.0885219662054137
451717740358.4179,809642964.9615159,0.1353069621055098,0.001091339299480818,2852.0455500948697,0.6003749157518483,0.08860264622187526,0.809020462289034,7.0465855372958686e-12,-1.2098766433155106e-11,3,1.0000000000000007,4945138.524673507,309.7795625467465,0.6003749157518483,0.08860264622187526
452527873320.815,810132962.3970996,0.13532817772454045,0.0010918444485402744,2852.151930408751,0.6002367702831942,0.08868305054596562,0.8090526244786123,6.8194339064575615e-12,-6.579181643928678e-13,3,1.0000000000000007,4945438.738524169,309.6375311413428,0.6002367702831942,0.08868305054596562
453338480464.7216,810607143.9065392,0.13534935717417895,0.001092352217065639,2852.260288148058,0.6000987188548348,0.08876317739551418,0.8091130178355943,6.553424469757374e-12,1.0114797888149951e-11,3,1.0000000000000007,4945739.471003739,309.4958731087059,0.6000987188548348,0.08876317739551418
454149531796.96985,811051332.2482975,0.1353704289914377,0.0010928594049444589,2852.3692859229673,0.5999607664381014,0.08884302390036698,0.8064200662794008,5.894618126944806e-12,-4.997335878442755e-12,3,1.0000000000000007,4946038.345117414,309.3550428222528,0.5999607664381014,0.08884302390036698
454962381382.31586,812849585.3459593,0.13539128908293693,0.0010933621837842997,2852.4775235029674,0.5998226828949013,0.08892272369596285,0.8071962004363442,5.659472890329198e-12,-4.5363712786183896e-13,3,1.0000000000000007,4946333.005144093,309.2157195665948,0.5998226828949013,0.08892272369596285
455776641462.19434,814260079.8785334,0.13541208940278684,0.0010938706250544963,2852.5899694415234,0.5996845344396007,0.08900223732139029,0.8092467500275813,5.269562564080843e-12,9.757750163430501e-12,3,1.0000000000000007,4946629.494489514,309.07690767551674,0.5996845344396007,0.08900223732139029
456591280412.12946,814638949.9351314,0.13543283604887715,0.0010943823541570506,2852.7050072534607,0.5995464961340128,0.08908146338742291,0.809188080291845,4.945821530100147e-12,9.126255307023712e-12,3,1.0000000000000007,4946926.733425487,308.93855782295174,0.5995464961340128,0.08908146338742291
457406327954.08673,815047541.9573187,0.13545351819485407,0.0010948984631954227,2852.8234595145736,0.5994085627019832,0.08916040461833911,0.8093001151177059,4.565903211073419e-12,4.973355061110851e-12,3,1.0000000000000007,4947224.940508422,308.8007268782078,0.5994085627019832,0.08916040461833911
458221727847.51807,815399893.4312806,0.13547412447613574,0.0010954202668435665,2852.94629809924,0.5992707433366884,0.08923905537777287,0.8094126788260603,4.1175951537297806e-12,-3.89999144090325e-12,3,1.0000000000000007,4947524.434521689,308.66353382678733,0.5992707433366884,0.08923905537777287
459037423520.094,815695672.5759861,0.1354946397026786,0.0010959490009897432,2853.0744823228483,0.5991330471721594,0.08931741003888836,0.8095401818342118,3.597122599785507e-12,1.1730616478189404e-12,3,1.0000000000000007,4947825.519048225,308.5270883926286,0.5991330471721594,0.08931741003888836
459853350817.02386,815927296.9298091,0.13551504907774084,0.0010964860161726076,2853.20904043076,0.5989954845077322,0.08939546229276511,0.8097240648818893,2.9884983376859964e-12,-8.403389095690272e-12,3,1.0000000000000007,4948128.510228413,308.3915073528669,0.5989954845077322,0.08939546229276511
460669417126.62915,816066309.6053648,0.1355353276340082,0.0010970337225038817,2853.351795029111,0.5988580702488812,0.0894732031378214,0.8099127349336932,2.2597479443220436e-12,1.1588507931037384e-11,3,1.0000000000000007,4948433.994199798,308.2570012924595,0.5988580702488812,0.0894732031378214
461485527399.0958,816110272.4666631,0.1355554625773414,0.0010975928086025281,2853.5033187057043,0.5987208195766958,0.08955062343769,0.810025304887052,1.4837020501090592e-12,9.309220061481938e-12,3,1.0000000000000007,4948742.155618304,308.12365128080927,0.5987208195766958,0.08955062343769
462301624923.9733,816097524.8775252,0.13557544045536304,0.001098164533429795,2853.6645605072968,0.5985837411019675,0.08962771776299791,0.8101678138083823,6.326050794314142e-13,-1.4464984765538702e-11,3,1.0000000000000007,4949053.290147536,307.9915634348167,0.5985837411019675,0.08962771776299791
463117637923.4452,816012999.4718257,0.13559524887487978,0.0010987499196120736,2853.836303158176,0.5984468458640579,0.08970447930938151,0.8103211381060849,-2.836619827917275e-13,-1.1941558852868184e-11,3,1.0000000000000007,4949367.638913592,307.86082985719133,0.5984468458640579,0.08970447930938151
463933489209.97034,815851286.5252331,0.1356144905812155,0.0010993954892625515,2854.052907483627,0.598310144686193,0.08978090012379333,0.8183715546894454,-5.232592137360825e-12,-1.3132495091383589e-11,3,1.0000000000000007,4949694.87056529,307.7345448601784,0.598310144686193,0.08978090012379333
464745156883.1277,811667673.1573247,0.1356332384828902,0.0011000605975952375,2854.287180910596,0.5981743065101747,0.08985660460544564,0.8066974280240835,-4.7830628346900994e-12,1.2312151298488061e-11,3,1.0000000000000007,4950028.873826713,307.611878156877,0.5981743065101747,0.08985660460544564
465558484319.21106,813327436.0834355,0.13565229046337382,0.0011006980832070732,2854.500131903771,0.5980383539904467,0.08993213991334388,0.8065623163799884,-3.5681457788427906e-12,-3.376854351699876e-12,3,1.0000000000000007,4950356.433959777,307.48697289856943,0.5980383539904467,0.08993213991334388
466373543171.13336,815058851.9222374,0.13567162362039675,0.0011013124463223319,2854.6949456337284,0.5979022773177382,0.09000751199478854,0.8068341847411453,-2.5320856522625945e-12,-8.554490449341756e-12,3,1.0000000000000007,4950678.2029006425,307.3600256552073,0.5979022773177382,0.09000751199478854
467190199500.96045,816656329.8270354,0.13569119746883446,0.00110190699731491,2854.8742150463722,0.5977661007973154,0.0900827077171509,0.8070814838667673,-1.6640022693081846e-12,-1.0369483049998962e-12,3,1.0000000000000007,4950995.007418044,307.23134522998726,0.5977661007973154,0.0900827077171509
468008331068.3638,818131567.4033053,0.1357109776977599,0.0011024843597781822,2855.040018762157,0.5976298465110713,0.0901577151448414,0.8072739078601732,-9.345857421294568e-13,-1.0750067502840466e-11,3,1.0000000000000007,4951307.517514866,307.1011858050477,0.5976298465110713,0.0901577151448414
468827842850.27856,819511781.9148519,0.1357309752418129,0.001103042490354892,2855.19093577342,0.5974935319082695,0.09023252504126635,0.806901767763657,-5.850875339774575e-14,-5.1275650392312855e-12,3,1.0000000000000007,4951615.362259511,306.96946355308444,0.5974935319082695,0.09023252504126635
469648926450.0568,821083599.7783109,0.1357511557541808,0.0011035862347337437,2855.3304793664865,0.5973571266949145,0.09030715425177066,0.8075135501939279,5.042632977847461e-13,-3.0270230766404893e-12,3,1.0000000000000007,4951919.56746969,306.836456733299,0.5973571266949145,0.09030715425177066
470471273195.19666,822346745.1398792,0.1357714755235743,0.0011041183326998447,2855.460893712406,0.5972206834295571,0.09038157404543584,0.8076661649203398,9.43023437116608e-13,-8.820055796832094e-12,3,1.0000000000000007,4952220.873223175,306.7024913496613,0.5972206834295571,0.09038157404543584
471294807211.3384,823534016.1416857,0.1357919146421681,0.0011046402861988184,2855.5833692446945,0.5970842157690485,0.09045577703003532,0.8077814915574688,1.2998491172311333e-12,9.505507492235665e-12,3,1.0000000000000007,4952519.670560358,306.5677166268247,0.5970842157690485,0.09045577703003532
472119471337.8294,824664126.4911199,0.13581245500126857,0.0011051535873011027,2855.6990692030545,0.5969477341252976,0.09052975755978343,0.8079058078092061,1.5771828287824974e-12,-1.325695109244407e-11,3,1.0000000000000007,4952816.329874284,306.43226928828165,0.5969477341252976,0.09052975755978343
472945203588.5079,825732250.6785041,0.1358330766866606,0.0011056599849143748,2855.8093398282645,0.5968112495674905,0.09060350959593359,0.8080889729589202,1.7461587731304462e-12,-1.7003176644436735e-11,3,1.0000000000000007,4953111.271764516,306.2963025537567,0.5968112495674905,0.09060350959593359
473771911638.18506,826708049.6771103,0.13585374767273925,0.001106162345695283,2855.9163740590316,0.5966747779691932,0.09067702440590115,0.8083195028596446,1.7721379919066749e-12,-1.869548960087286e-11,3,1.0000000000000007,4953405.186109525,306.16006197717394,0.5966747779691932,0.09067702440590115
474599478605.1462,827566966.9611642,0.13587446536917927,0.0011066601621649488,2856.019875247251,0.5965383391382294,0.09075029122134688,0.8082780947327173,1.8132162438178057e-12,6.405986852087153e-13,3,1.0000000000000007,4953698.00111632,306.02355894460493,0.5965383391382294,0.09075029122134688
475427926601.6735,828447996.5273151,0.13589526666458748,0.0011071486896442396,2856.116399703964,0.5964019300060021,0.09082331175213598,0.8071804830089846,2.30415686530705e-12,-4.140798814944446e-12,3,1.0000000000000007,4953988.766040683,305.8864899141162,0.5964019300060021,0.09082331175213598
476257820239.55554,829893637.8819656,0.1359162118685317,0.001107625148097942,2856.203529285909,0.5962654587972828,0.0908961354728569,0.8079907029556743,2.5717206142417126e-12,-4.732658709372117e-12,3,1.0000000000000007,4954276.54436769,305.74840858631325,0.5962654587972828,0.0908961354728569
477088745119.1556,830924879.6001166,0.13593716733949107,0.0011081020300060813,2856.2907283238596,0.5961289942460882,0.0909687252499684,0.8087100870912689,2.3641089086368083e-12,-1.674516081351385e-11,3,1.0000000000000007,4954564.288689875,305.6103601766329,0.5961289942460882,0.0909687252499684
477920332407.7517,831587288.5960902,0.1359581105394594,0.0011085794633769715,2856.378315835098,0.5959925971070419,0.09104104841568919,0.8087239111720379,2.1007640071957212e-12,-7.100320331687726e-12,3,1.0000000000000007,4954852.166810771,305.4724989147247,0.5959925971070419,0.09104104841568919
478752575520.2661,832243112.5144557,0.1359790542325642,0.0011090558683624022,2856.465140117397,0.5958562685879493,0.09111310418033365,0.8085779272526405,1.836086838125084e-12,-4.994560320881192e-12,3,1.0000000000000007,4955139.832167829,305.33471754347016,0.5958562685879493,0.09111310418033365
479585550158.02826,832974637.7620846,0.13600006620467575,0.0011095235145258228,2856.545514547465,0.595719996718176,0.09118489908378392,0.8076859249472879,2.218447647805988e-12,-8.678502361192386e-12,3,1.0000000000000007,4955425.5486094365,305.19645218204005,0.595719996718176,0.09118489908378392
480419717206.78314,834167048.7549111,0.13602108788656944,0.0011099918966920835,2856.6261700412415,0.5955837065437377,0.09125647234090266,0.8086939558282769,1.9881873924987303e-12,-3.074540622094446e-12,3,1.0000000000000007,4955711.3399509415,305.0582124930342,0.5955837065437377,0.09125647234090266
481254557575.45654,834840368.673421,0.13604209207243176,0.0011104610821205305,2856.7074350670223,0.5954474830850989,0.09132777888984929,0.8087413003177168,1.7175150190951172e-12,-3.531175352122773e-12,3,1.0000000000000007,4955997.33513641,304.92018063259974,0.5954474830850989,0.09132777888984929
482090047351.2773,835489775.8206812,0.13606307407847107,0.0011109313291751345,2856.7895243018434,0.595311330286763,0.09139881641825469,0.8087785649535384,1.4299672557172016e-12,-1.194488952194206e-12,3,1.0000000000000007,4956283.6036600415,304.7823840066469,0.595311330286763,0.09139881641825469
482926167776.5328,836120425.2555181,0.13608402884875778,0.001111403061811792,2856.872762456182,0.5951752512134943,0.09146958306796932,0.8088234940140104,1.1151080059335072e-12,-5.71209746169643e-13,3,1.0000000000000007,4956570.246791491,304.6448589531966,0.5951752512134943,0.09146958306796932
483762896086.7177,836728310.1849322,0.13610494999698938,0.0011118769404445373,2856.9576396399,0.595039249538471,0.09154007664993252,0.8089293471180703,7.545075675352564e-13,-2.978206570247721e-11,3,1.0000000000000007,4956857.413891955,304.5076575432277,0.595039249538471,0.09154007664993252
484600177936.809,837281850.0913029,0.1361258280729501,0.0011123539221782948,2857.0448679182896,0.5949033339876464,0.09161029232437667,0.8090229841606345,3.3373304120232206e-13,-2.923217223838037e-12,3,1.0000000000000007,4957145.332795784,304.37086468250095,0.5949033339876464,0.09161029232437667
485437965205.6702,837787268.86122,0.13614665759508998,0.0011128342138931175,2857.134635141639,0.5947675122124317,0.09168022583166198,0.8090583200615065,-1.000310945187266e-13,8.608669332943464e-12,3,1.0000000000000007,4957434.060940201,304.2345095212557,0.5947675122124317,0.09168022583166198
486276239891.826,838274686.1557779,0.13616743386411873,0.0011133182154504967,2857.2272445227004,0.5946317869347459,0.09174987546140492,0.8091118255948437,-5.642153411145046e-13,-6.7453820307150636e-12,3,1.0000000000000007,4957723.691183433,304.0986243597681,0.5946317869347459,0.09174987546140492
487114974545.2493,838734653.4233649,0.13618815165980316,0.0011138063634586412,2857.32302786067,0.5944961623687487,0.0918192387303673,0.8091833436640883,-1.0623724122638123e-12,-1.614541833561134e-11,3,1.0000000000000007,4958014.323631824,303.9632460422105,0.5944961623687487,0.0918192387303673
487954132332.2187,839157786.9693372,0.13620880415402567,0.0011142990914042347,2857.4223313276643,0.5943606441969126,0.09188831240133549,0.8092392550507199,-1.5842882561400984e-12,-8.027023490342344e-12,3,1.0000000000000007,4958306.061881822,303.8284143191634,0.5943606441969126,0.09188831240133549
488793684461.8267,839552129.6079651,0.13622938609523993,0.0011147973288814594,2857.5258019737603,0.5942252367411206,0.09195709391147248,0.8093751986681941,-2.1735946376111315e-12,-6.929345985895452e-12,3,1.0000000000000007,4958599.113313231,303.6942002964378,0.5942252367411206,0.09195709391147248
489633560577.20526,839876115.3785431,0.136249890663343,0.0011153014974098292,2857.6337768234202,0.5940899509575097,0.0920255773276115,0.8094305843642235,-2.7888802378583932e-12,-1.6768475497030977e-11,3,1.0000000000000007,4958893.583526356,303.5606533141637,0.5940899509575097,0.0920255773276115
490473732057.32764,840171480.1223401,0.13627031261564979,0.0011158115467370083,2857.746273785015,0.593954791031901,0.0920937601874929,0.8094222211929569,-3.408273663296768e-12,2.76534350973634e-12,3,1.0000000000000007,4959189.468906438,303.42777623220456,0.593954791031901,0.0920937601874929
491314203348.0223,840471290.6947103,0.13629064108403036,0.0011163287869218029,2857.8642403662143,0.5938197557877436,0.0921616426931928,0.809643978944008,-4.121480934315969e-12,-3.4579006324975126e-12,3,1.0000000000000007,4959487.049048463,303.2956521829074,0.5938197557877436,0.0921616426931928
492154859406.71204,840656058.6897746,0.13631088171454947,0.0011168518400004506,2857.986729807572,0.5936848632187359,0.09222921547318676,0.8094267849034775,-4.73676653456323e-12,6.352918191510071e-12,3,1.0000000000000007,4959786.043329284,303.16422216108975,0.5936848632187359,0.09222921547318676
492995813078.15063,840953671.4386023,0.13633103826489543,0.0011173812583158507,2858.114051006138,0.5935500947615898,0.09229648751280889,0.8095753499526293,-5.413225423467338e-12,1.5938361741518747e-12,3,1.0000000000000007,4960086.544970658,303.0334832985546,0.5935500947615898,0.09229648751280889
493836987275.20154,841174197.0508672,0.13635110329616565,0.0011179174689033094,2858.246549495789,0.5934154622835776,0.09236345251510487,0.8095942966024339,-6.1026739217595605e-12,3.859135233597044e-13,3,1.0000000000000007,4960388.661715359,302.9034865570895,0.5934154622835776,0.09236345251510487
494678372210.20337,841384935.0019147,0.13637107251012445,0.0011184608600247426,2858.384512581429,0.5932809668381014,0.09243010960006584,0.8097350961966399,-6.845635169838715e-12,-4.535150033291302e-12,3,1.0000000000000007,4960692.469201252,302.77425478460947,0.5932809668381014,0.09243010960006584
495519894762.9548,841522552.7513347,0.13639092942562828,0.0011190131981983628,2858.5292349334104,0.5931466195027842,0.09249645284087483,0.8099457940446975,-7.69362351604741e-12,-5.678679748655213e-12,3,1.0000000000000007,4960998.365917063,302.6459272464004,0.5931466195027842,0.09249645284087483
496361445474.8563,841550711.9016334,0.13641066401744972,0.0011195749477513426,2858.6811102068104,0.5930124370487488,0.09256247352890802,0.8100382371811765,-8.580358645815522e-12,-2.3105961588498758e-12,3,1.0000000000000007,4961306.467374698,302.5185639584846,0.5930124370487488,0.09256247352890802
497202976324.173,841530849.3165649,0.13643026896753932,0.0011201469727963242,2858.840758129438,0.5928784263551847,0.09262816785397326,0.8101864913678813,-9.530154443382344e-12,4.320543922631259e-12,3,1.0000000000000007,4961616.962192805,302.3922332683965,0.5928784263551847,0.09262816785397326
498044410314.7582,841433990.5852394,0.13644972674089345,0.001120730889323402,2859.0093838602384,0.5927445988154162,0.09269352976082856,0.8105118841361669,-1.0614287226928809e-11,-8.765876913230386e-12,3,1.0000000000000007,4961930.199511874,302.26705711820193,0.5927445988154162,0.09269352976082856
498885578556.7796,841168242.0213854,0.13646903423266138,0.0011213262722590898,2859.186738219718,0.5926109803148538,0.09275854618200711,0.8103469004150377,-1.1633582985837165e-11,-1.7819190567536225e-11,3,1.0000000000000007,4962246.11774655,302.14305736490377,0.5926109803148538,0.09275854618200711
499726566732.18506,840988175.405434,0.13648817568196012,0.0011219355614107511,2859.3745303408023,0.5924775562205783,0.09282322375369396,0.8108143001450685,-1.2853829112202675e-11,4.6351811278100286e-12,3,1.0000000000000007,4962565.222828737,302.02036284029964,0.5924775562205783,0.09282322375369396
500567132499.636,840565767.4510217,0.1365071277929574,0.001122560021100468,2859.5737965001827,0.5923443638152721,0.09288754385346197,0.8110320884324729,-1.4160117522976634e-11,-7.324363338057083e-12,3,1.0000000000000007,4962887.809276092,301.8991206288191,0.5923443638152721,0.09288754385346197
501407163260.89404,840030761.258025,0.13652587180160713,0.001123201463393002,2859.785872324314,0.5922114196123869,0.09295149796669774,0.8113391741781939,-1.5599854741310537e-11,1.304734098539484e-12,3,1.0000000000000007,4963214.275144212,301.77947721784653,0.5922114196123869,0.09295149796669774
502246500469.98206,839337209.088015,0.13654438480604847,0.001123861725231698,2860.0121500054197,0.5920787472192113,0.09301507416207605,0.811642590081707,-1.7160273202421195e-11,7.728262474415715e-12,3,1.0000000000000007,4963545.02940558,301.6615924666225,0.5920787472192113,0.09301507416207605
503084987929.9071,838487459.925058,0.13656263803202517,0.0011245433365301553,2860.254521125857,0.5919463696635013,0.0930782607852661,0.8121013438111557,-1.891919954033483e-11,-4.484412841065932e-12,3,1.0000000000000007,4963880.622578262,301.5456678806888,0.5919463696635013,0.0930782607852661
503922389877.7198,837401947.8126228,0.13658059104987097,0.0011252499744000373,2860.5157245814603,0.5918143222538392,0.09314104027111082,0.8127231819476943,-2.0945578604880666e-11,6.0313976035786254e-12,3,1.0000000000000007,4964221.859794233,301.43200335919033,0.5918143222538392,0.09314104027111082
504758387711.9606,835997834.2408175,0.13659818968122034,0.001125986425804469,2860.7993425530676,0.5916826529756022,0.093203388988201,0.8135323512070691,-2.3320345654553876e-11,-4.7156722970953524e-12,3,1.0000000000000007,4964569.791963728,301.3209935383844,0.5916826529756022,0.093203388988201
505592568623.70917,834180911.7486564,0.13661660583539148,0.0011266082683911486,2861.001386962314,0.5915514273370226,0.09326528055568804,0.7802566343029227,-1.2293610573976821e-11,3.467670595114214e-12,3,1.0000000000000007,4964894.808216025,301.20370650006475,0.5915514273370226,0.09326528055568804
506442500313.4779,849931689.7687957,0.13663642711489515,0.0011271498075590362,2861.137582985177,0.5914178927794946,0.0933280173361359,0.8083356857480073,-1.1348033623903575e-11,-7.675304836141095e-12,3,1.0000000000000007,4965199.7861395115,301.07650071764186,0.5914178927794946,0.0933280173361359
507293306532.2809,850806218.8030034,0.13665626803360809,0.0011276917491840942,2861.2737001661194,0.5912843908255899,0.09339049419933282,0.8085941140267838,-1.1651235531928705e-11,-1.3826162437169387e-11,3,1.0000000000000007,4965504.367443347,300.9492391020116,0.5912843908255899,0.09339049419933282
508144852069.51025,851545537.229392,0.1366761044426143,0.0011282333055409432,2861.4094916975614,0.5911509428719609,0.09345270088078113,0.8085960680193072,-1.1983969372408865e-11,-5.30164800949251e-12,3,1.0000000000000007,4965808.945181971,300.8220766716962,0.5911509428719609,0.09345270088078113
508997136537.8207,852284468.3103507,0.13669593283957177,0.0011287748368949255,2861.545222998166,0.591017549107205,0.09351463706199332,0.8086480696167797,-1.2350787059745016e-11,1.8912871269094467e-11,3,1.0000000000000007,4966113.61020665,300.6950411337069,0.591017549107205,0.09351463706199332
509850133150.3427,852996612.5220683,0.13671575365715122,0.0011293161388662056,2861.680760191863,0.5908842138376703,0.0935763005227806,0.8085839216243063,-1.2691514506002477e-11,7.954081837624472e-12,3,1.0000000000000007,4966418.327789629,300.56812864838696,0.5908842138376703,0.0935763005227806
510703876365.4329,853743215.0902187,0.13673556756647856,0.0011298572783567393,2861.8161389147976,0.5907509317997601,0.09363769347987987,0.8086029623655122,-1.3052892100517965e-11,6.019851284122524e-12,3,1.0000000000000007,4966723.11231796,300.44133462182765,0.5907509317997601,0.09363769347987987
511558356775.8678,854480410.4348844,0.1367553760288265,0.0011303978807743781,2861.951107019675,0.590617704593826,0.09369881498249155,0.8085021348247512,-1.3369638729443523e-11,-5.264344515865105e-12,3,1.0000000000000007,4967027.89094136,300.3146392481062,0.590617704593826,0.09369881498249155
512413628343.274,855271567.4062519,0.13677517578521542,0.0011309386689069391,2862.0861564498286,0.5904845239555279,0.09375966859128963,0.8087800563993941,-1.3785306229863181e-11,-1.2528422743685041e-11,3,1.0000000000000007,4967332.799714645,300.1880699070591,0.5904845239555279,0.09375966859128963
513269544702.74115,855916359.4670922,0.13679473460993624,0.0011315059496375094,2862.240353157841,0.5903514119987004,0.0938202425609784,0.8124593528502366,-1.5901502337101192e-11,-5.846989559188387e-12,3,1.0000000000000007,4967643.577842436,300.063400113428,0.5903514119987004,0.0938202425609784
514124164630.74347,854619928.0023731,0.13681422085649655,0.0011320709060819115,2862.3936975817473,0.5902186696778294,0.09388040013255061,0.8085340530428198,-1.6135870417599563e-11,6.410427744185654e-12,3,1.0000000000000007,4967954.095796236,299.9392647230536,0.5902186696778294,0.09388040013255061
514979558960.3431,855394329.5996263,0.13683370371525208,0.0011326355820460163,2862.54675924749,0.5900859749921122,0.09394028773801023,0.8086485604741345,-1.654965053887736e-11,8.569367437871733e-12,3,1.0000000000000007,4968264.663744721,299.8152280388709,0.5900859749921122,0.09394028773801023
515835667772.83124,856108812.4881396,0.13685318078450445,0.0011331999614149113,2862.699553470124,0.5899533373606778,0.0939999008912898,0.8085653303846474,-1.692002093989231e-11,3.959943484233008e-12,3,1.0000000000000007,4968575.2824565,299.69130549552006,0.5899533373606778,0.0939999008912898
516692535762.66205,856867989.8307736,0.13687269823978368,0.001133758328736566,2862.847989712613,0.5898207501336012,0.09405924263672476,0.8075012451758123,-1.6873835662067904e-11,3.213429522475053e-12,3,1.0000000000000007,4968884.741557007,299.56712060724357,0.5898207501336012,0.09405924263672476
517550728486.8022,858192724.1400732,0.13689225871104535,0.0011343132986538203,2862.993695582039,0.5896881263311536,0.09411835176673054,0.8081703371798366,-1.7101098315208674e-11,-2.8667068718846167e-12,3,1.0000000000000007,4969193.546336611,299.44268385846937,0.5896881263311536,0.09411835176673054
518409892117.4048,859163630.602561,0.13691184183994645,0.0011348655655558323,2863.137324997191,0.5895555210901117,0.09417720338060166,0.8081752966848654,-1.7334911284194732e-11,-1.078115374752997e-11,3,1.0000000000000007,4969501.87260752,299.3181391819518,0.5895555210901117,0.09417720338060166
519270025113.7054,860132996.300615,0.13693144568670634,0.0011354152765398748,2863.2789934113143,0.5894229350053249,0.09423579700286178,0.8081864742714995,-1.758015955033443e-11,7.299716386910404e-12,3,1.0000000000000007,4969809.763393998,299.193500776232,0.5894229350053249,0.09423579700286178
520131122614.6602,861097500.9548173,0.13695106888667116,0.0011359625045976778,2863.418763385395,0.58929036917375,0.09429413193562639,0.8081863693554237,-1.7833734489158815e-11,-1.131472693316482e-11,3,1.0000000000000007,4970117.24040083,299.06877702279195,0.58929036917375,0.09429413193562639
520993185757.76544,862063143.1052519,0.13697070905385078,0.0011365074806600323,2863.5568075470587,0.589157823757448,0.09435220788605174,0.8082201581605108,-1.811018002229048e-11,-6.332934177066818e-12,3,1.0000000000000007,4970424.357600883,298.9439845276213,0.589157823757448,0.09435220788605174
521856197585.61005,863011827.8446687,0.13699036330902653,0.001137050479883363,2863.6933312550086,0.5890253016806628,0.09441002333993313,0.8082528191177829,-1.8406609569865395e-11,-8.426814801509863e-12,3,1.0000000000000007,4970731.179701415,298.81914797684556,0.5890253016806628,0.09441002333993313
522720141685.97284,863944100.3628626,0.1370100285965506,0.0011375917671538655,2863.828534930689,0.5888928057568592,0.09446757683237557,0.8082883957982734,-1.8727019934772215e-11,-1.592392884219862e-12,3,1.0000000000000007,4971037.768982078,298.69429089812996,0.5888928057568592,0.09446757683237557
523585000032.01855,864858346.0456598,0.13702970152123573,0.001138131622162548,2863.9626315527807,0.5887603390195043,0.09452486680302644,0.8083286115456723,-1.907052293859124e-11,8.435252496497014e-12,3,1.0000000000000007,4971344.190726029,298.56943773884416,0.5887603390195043,0.09452486680302644
524450752054.08856,865752022.0700774,0.1370493765850608,0.0011386707943883004,2864.0961511672026,0.5886279048523373,0.09458189152146562,0.8084867454682954,-1.948807781815276e-11,-1.6683210368739765e-11,3,1.0000000000000007,4971650.605955532,298.444642595179,0.5886279048523373,0.09458189152146562
525317313916.71387,866561862.625336,0.1370690377902529,0.0011392114800913642,2864.230642075423,0.5884955162055489,0.09463864505066201,0.8088732476874139,-2.007638499890163e-11,-7.12740977348858e-12,3,1.0000000000000007,4971957.488638071,298.3200683799103,0.5884955162055489,0.09463864505066201
526184479125.28564,867165208.5717332,0.13708868137559205,0.0011397526971565226,2864.3655253852066,0.5883632046397809,0.09469511359521707,0.8085642679012128,-2.0546009338318072e-11,-7.1794792333435e-12,3,1.0000000000000007,4972264.653558391,298.1957108678809,0.5883632046397809,0.09469511359521707
527052413886.00305,867934760.7174063,0.13710831490914457,0.0011402939585138377,2864.5004157958647,0.5882309448581411,0.09475130776745312,0.8085682604019873,-2.1013635276290188e-11,-1.5487611193520934e-12,3,1.0000000000000007,4972571.989752135,298.0714946588704,0.5882309448581411,0.09475130776745312
527921116737.0702,868702851.0671939,0.13712793545376042,0.0011408356591437164,2864.6355919955613,0.588098737176002,0.09480722717291018,0.8086310158972321,-2.151501199421091e-11,-6.425748821925481e-12,3,1.0000000000000007,4972879.580590403,297.9474451235677,0.588098737176002,0.09480722717291018
528790554618.98566,869437881.915479,0.13714753848215272,0.001141378194495865,2864.771349138598,0.5879665866883346,0.09486286938111776,0.8087009556456692,-2.2053692205759035e-11,-1.7963408538435033e-13,3,1.0000000000000007,4973187.513843454,297.82359632807095,0.5879665866883346,0.09486286938111776
529660690524.7899,870135905.8042791,0.1371671739115548,0.001141914866728707,2864.9029643597137,0.5878344992060114,0.09491823200774609,0.8071840264245456,-2.1997736965317927e-11,8.151257446797899e-13,3,1.0000000000000007,4973494.399909526,297.69954304440563,0.5878344992060114,0.09491823200774609
530532342904.11316,871652379.323296,0.13718684600979303,0.0011424494309386537,2865.0327522548587,0.5877023510087352,0.09497336671854043,0.8084071619063327,-2.2444601732729552e-11,-3.2436275887448573e-12,3,1.0000000000000007,4973800.97455261,297.5753036286084,0.5877023510087352,0.09497336671854043
531404853587.23834,872510683.1252061,0.1372065179124081,0.0011429830557806997,2865.1618320171283,0.5875702422276009,0.09502823128013838,0.8083179438289623,-2.2856605497167948e-11,-3.2602809341142347e-12,3,1.0000000000000007,4974107.5150805125,297.45112371729175,0.5875702422276009,0.09502823128013838
532278271617.0843,873418029.8459798,0.13722618753530066,0.0011435157738890383,2865.2902467125996,0.5874381656423111,0.09508282845616173,0.8083698091465585,-2.3289037365259446e-11,-5.90316684423442e-12,3,1.0000000000000007,4974414.038377211,297.3269957495069,0.5874381656423111,0.09508282845616173
533152569888.2185,874298271.1341227,0.137245848867371,0.0011440490849703672,2865.418998974527,0.5873061255172286,0.09513715615939093,0.8086587931221967,-2.3846924435133587e-11,-9.623413177450857e-12,3,1.0000000000000007,4974720.861920439,297.2030221410226,0.5873061255172286,0.09513715615939093
534027592895.8268,875023007.6082983,0.13726549503698987,0.0011445835342759553,2865.5485014230585,0.5871741453998617,0.09519120437609926,0.808702728116728,-2.443267810292582e-11,-3.5076386240007196e-12,3,1.0000000000000007,4975028.110483536,297.0792790779497,0.5871741453998617,0.09519120437609926
534903317451.62976,875724555.8030221,0.1372851238295226,0.0011451192510445888,2865.678857200105,0.5870422287956449,0.09524497139670988,0.8087327885153428,-2.503730556213668e-11,-1.3135270648945152e-11,3,1.0000000000000007,4975335.815860344,296.9557809894787,0.5870422287956449,0.09524497139670988
535779727829.6595,876410378.0297515,0.13730473376847496,0.0011456552374929593,2865.809456799088,0.5869103780840272,0.09529845602542736,0.8084113196915599,-2.5525137559156974e-11,-7.10798087055764e-12,3,1.0000000000000007,4975643.784059895,296.8324715896955,0.5869103780840272,0.09529845602542736
536656998940.64575,877271110.9862417,0.13732433135399122,0.001146191396684924,2865.940171646729,0.5867785670572734,0.09535166867669748,0.8086332635437454,-2.610178739814728e-11,-1.1389889031931943e-11,3,1.0000000000000007,4975951.975358044,296.7092956526486,0.5867785670572734,0.09535166867669748
537535011112.04846,878012171.4026852,0.13734393430760974,0.0011467255452081901,2866.069452507429,0.5866468138200155,0.0954046018641484,0.8078381973086746,-2.6384783247124233e-11,-8.664513551082109e-12,3,1.0000000000000007,4976259.958692117,296.5861566157518,0.5866468138200155,0.0954046018641484
538414197293.8779,879186181.8294357,0.13736355306763426,0.0011472583438738738,2866.1976049285404,0.5865150537137122,0.09545728137261836,0.8084513190842468,-2.6897706284501055e-11,-7.835621040896967e-12,3,1.0000000000000007,4976567.839520404,296.46298046576396,0.5865150537137122,0.09545728137261836
539294225163.6284,880027869.7504553,0.13738314963386467,0.0011477926048344977,2866.3267822168696,0.5863833367220977,0.09550968676730859,0.8088175730558422,-2.759481532166319e-11,-2.440048163521169e-12,3,1.0000000000000007,4976876.218836375,296.3400243595241,0.5863833367220977,0.09550968676730859
540174896063.81616,880670900.1877502,0.13740272204569232,0.0011483279304230765,2866.4567555589583,0.5862516925831441,0.09556180592655847,0.8086617261926499,-2.8202329360738077e-11,-6.388889417507926e-12,3,1.0000000000000007,4977185.025403122,296.2173169833182,0.5862516925831441,0.09556180592655847
541056295384.522,881399320.7058107,0.1374222735040408,0.001148863998439076,2866.5872897925187,0.5861201085348716,0.09561364368359915,0.8085969335769327,-2.879785299114701e-11,8.550049557243256e-12,3,1.0000000000000007,4977494.199002039,296.0948177496717,0.5861201085348716,0.09561364368359915
541938459069.8612,882163685.3392285,0.13744180518562094,0.0011494008144146929,2866.718375566917,0.5859885792523304,0.0956652018842408,0.8086271921503574,-2.9403035561870183e-11,-6.788125617163132e-12,3,1.0000000000000007,4977803.7392540695,295.9725174264301,0.5859885792523304,0.0956652018842408
542821371263.093,882912193.231849,0.13746131553827373,0.0011499386852713784,2866.8502198314773,0.5858571071316185,0.09571647930734152,0.8086518697714151,-3.0042079934844423e-11,-1.3909873253226124e-11,3,1.0000000000000007,4978113.714356098,295.8504406327914,0.5858571071316185,0.09571647930734152
543705019115.8746,883647852.7816644,0.13748080277582447,0.0011504772793735837,2866.9826338268626,0.5857256941159693,0.09576747494140826,0.8086112646132904,-3.065492304443751e-11,2.6225688287695448e-12,3,1.0000000000000007,4978424.057552964,295.72856768051304,0.5857256941159693,0.09576747494140826
544589425445.97406,884406330.0995148,0.13750026814918215,0.001151016915415793,2867.115802455381,0.5855943368414315,0.09581818982296178,0.8086744376911703,-3.13095105397565e-11,-1.542654892716655e-12,3,1.0000000000000007,4978734.835466741,295.60691415325124,0.5855943368414315,0.09581818982296178
545474556329.50226,885130883.5282646,0.1375197097939028,0.0011515575459283122,2867.249714839435,0.5854630403636616,0.09586862172804793,0.8086337038859526,-3.195155251489723e-11,-4.212075133125381e-12,3,1.0000000000000007,4979046.043333308,295.4854857514228,0.5854630403636616,0.09586862172804793
546360434671.65826,885878342.155935,0.13753912772661023,0.0011520991817472275,2867.384376814791,0.585331801305325,0.0959187716933205,0.8086722540212588,-3.261613201743785e-11,4.987787960430978e-12,3,1.0000000000000007,4979357.683487085,295.3642766439996,0.585331801305325,0.0959187716933205
547247039970.24915,886605298.5908794,0.13755852183576125,0.0011526418536105484,2867.519807920071,0.5852006227175354,0.0959686382855315,0.80866027818427,-3.328082254228093e-11,-8.576916954439184e-12,3,1.0000000000000007,4979669.764234042,295.2432943441683,0.5852006227175354,0.0959686382855315
548134379392.26337,887339422.0141641,0.13757789082292768,0.0011531856389433402,2867.6560690555857,0.5850695035490143,0.09601822163792076,0.8086726252520826,-3.396050107795645e-11,-8.126721517953683e-12,3,1.0000000000000007,4979982.305216338,295.12254184886154,0.5850695035490143,0.09601822163792076
549022446765.84326,888067373.5799024,0.13759721996786983,0.0011537323612433033,2867.7944459430014,0.584938444687299,0.09606752106893485,0.8092533068659868,-3.493327849213301e-11,-6.196154700432999e-12,3,1.0000000000000007,4980295.672675358,295.00212719098664,0.584938444687299,0.09606752106893485
549910923752.1566,888476986.3133447,0.13761650065703931,0.0011542815831886105,2867.934754372129,0.5848074929304335,0.0961165186699437,0.8087511531307268,-3.5671243736601355e-11,-9.223954933190726e-12,3,1.0000000000000007,4980609.79985979,294.8821059515095,0.5848074929304335,0.0961165186699437
550800086452.2943,889162700.1375972,0.13763575649612286,0.0011548316842806942,2868.075740248632,0.5846766074977258,0.09616522956631907,0.8086492658820887,-3.63360452837469e-11,-1.7436052601738083e-12,3,1.0000000000000007,4980924.346100204,294.76231165505914,0.5846766074977258,0.09616522956631907
551689991452.79,889905000.495778,0.13765475174331626,0.0011554138204466111,2868.2391947567553,0.5845457795580169,0.09621365551577049,0.8190912319239185,-3.8059666529477454e-11,-1.0285439167034838e-11,3,1.0000000000000007,4981245.48641548,294.64453244194067,0.5845457795580169,0.09621365551577049
552574944070.1571,884952617.3670479,0.13767256901266917,0.0011561109833869696,2868.4861277562964,0.5844158409161125,0.09626148222379446,0.826127240088903,-4.916367313256842e-11,6.247447004170681e-12,3,1.0000000000000007,4981591.184554808,294.53534712102953,0.5844158409161125,0.09626148222379446
553451216315.5236,876272245.3664159,0.13769016246864843,0.001156793150839885,2868.7258800202085,0.5842873338437697,0.09630851465542425,0.8073521405582706,-4.7686299353699724e-11,1.7110757255522913e-12,3,1.0000000000000007,4981933.727341168,294.4275325241439,0.5842873338437697,0.09630851465542425
554328924332.4185,877708016.8949472,0.13770783298727893,0.0011574676475418994,2868.959870300528,0.5841587732463454,0.09635529995718735,0.8071480975258005,-4.77832218237495e-11,-7.108647004372415e-12,3,1.0000000000000007,4982274.904668493,294.3192106171974,0.5841587732463454,0.09635529995718735
555208181588.2211,879257255.8025832,0.13772593470719494,0.0011580913383982987,2869.1577009718453,0.5840301442298815,0.09640184579578782,0.7980843597099607,-4.4263037679570516e-11,-5.894174037734956e-13,3,1.0000000000000007,4982605.7176535,294.20773936300145,0.5840301442298815,0.09640184579578782
556093978313.4557,885796725.2346358,0.1377443718735842,0.001158697382025341,2869.3409430464367,0.5839007199973502,0.09644841457480711,0.8050850749952154,-4.405942277685426e-11,9.827694213981886e-13,3,1.0000000000000007,4982933.217838169,294.09400449592226,0.5839007199973502,0.09644841457480711
556982474753.4509,888496439.9952384,0.1377629207282039,0.001159296844624624,2869.5187907038858,0.5837710639925703,0.09649480121209995,0.8070333862297829,-4.436218059566954e-11,-1.1164291713328112e-11,3,1.0000000000000007,4983259.611040222,293.9795606935376,0.5837710639925703,0.09649480121209995
557872602729.3715,890127975.9205635,0.13778154511741292,0.0011598894186592046,2869.691436203372,0.5836413331465273,0.096540948855603,0.8070625633072037,-4.4536152543628305e-11,9.92317339409965e-13,3,1.0000000000000007,4983584.8263993515,293.86464196605516,0.5836413331465273,0.096540948855603
558764349117.4597,891746388.0882285,0.13780024220576426,0.0011604753241302777,2869.8590511838975,0.5835115301622419,0.09658685622352856,0.807086729254225,-4.473776904490023e-11,-1.7819079545233762e-13,3,1.0000000000000007,4983908.921258523,293.74927042059755,0.5835115301622419,0.09658685622352856
559657703485.4839,893354368.0241965,0.13781900946037384,0.0011610547661385158,2870.0217946175417,0.5833816573299744,0.09663252218448053,0.8071068664794456,-4.4959036493708027e-11,8.953282559787112e-12,3,1.0000000000000007,4984231.945478821,293.6334652540197,0.5833816573299744,0.09663252218448053
560552657568.212,894954082.7280642,0.13783784431171175,0.0011616279801036763,2870.179844300572,0.5832517166055664,0.09667794572490777,0.8071340673598826,-4.5206616228199437e-11,-2.51865195366463e-12,3,1.0000000000000007,4984553.954995056,293.5172468342436,0.5832517166055664,0.09667794572490777
561449199122.8624,896541554.650424,0.13785674415193194,0.0011621951798048873,2870.3333647531363,0.5831217105027947,0.09672312563697785,0.8071582860424975,-4.547373588792425e-11,1.4713119611542425e-11,3,1.0000000000000007,4984875.000809715,293.4006348769339,0.5831217105027947,0.09672312563697785
562347317491.0297,898118368.1672574,0.1378757063949438,0.0011627565886840633,2870.482525947752,0.5829916412850785,0.0967680608021149,0.8071844714852006,-4.576516943188835e-11,-7.245759547913622e-12,3,1.0000000000000007,4985195.135705619,293.2836492355969,0.5829916412850785,0.0967680608021149
563247000852.5414,899683361.511803,0.13789472851236745,0.0011633124104644859,2870.6274848016556,0.582861511364195,0.09681275005292005,0.8072076226883773,-4.607747516871541e-11,6.069811320230656e-12,3,1.0000000000000007,4985514.40807708,293.1663086779949,0.582861511364195,0.09681275005292005
564148239010.1312,901238157.5898175,0.13791380787981605,0.0011638628746910998,2870.768414889919,0.582731322897445,0.09685719231140154,0.807244455724998,-4.640454687176998e-11,7.907896559800065e-12,3,1.0000000000000007,4985832.870973191,293.0486328245155,0.582731322897445,0.09685719231140154
565051014054.0712,902775043.9398614,0.13793293934620462,0.0011644084813331134,2870.9056824816676,0.582601079127065,0.0969013861119229,0.8073131933794553,-4.679767684478975e-11,1.3627987627273797e-11,3,1.0000000000000007,4986150.634905083,292.93065954442807,0.582601079127065,0.0969013861119229
565955290106.0465,904276051.9752699,0.1379521226755021,0.0011649490803906423,2871.0392016644782,0.5824707858632228,0.09694532915273509,0.8072861842900458,-4.717293222711305e-11,-2.266742349377182e-12,3,1.0000000000000007,4986467.671401444,292.8123906673308,0.5824707858632228,0.09694532915273509
566861084813.7703,905794707.7238148,0.1379713555631067,0.0011654849957758117,2871.169200041699,0.58234044118429,0.09698902174499546,0.8073360174831734,-4.7583159634712047e-11,4.829470157119431e-13,3,1.0000000000000007,4986784.054317825,292.693845088927,0.58234044118429,0.09698902174499546
567768372725.0159,907287911.2456386,0.137990634140482,0.0011660166452031888,2871.2959788650955,0.5822100493529695,0.0970324620990759,0.807408678249466,-4.8035908584154186e-11,3.2078784073519273e-12,3,1.0000000000000007,4987099.874287139,292.5750566021045,0.5822100493529695,0.0970324620990759
568677115408.5349,908742683.5190295,0.13800995254868031,0.0011665447071254186,2871.4200200782516,0.5820796164526594,0.09707564781130625,0.807589301959899,-4.854439072943251e-11,5.246247880563715e-12,3,1.0000000000000007,4987415.271869631,292.456075814409,0.5820796164526594,0.09707564781130625
569587213404.5831,910097996.0482275,0.138029307857437,0.0011670690882396725,2871.541299712959,0.581949157256256,0.09711857363146341,0.8073319092416487,-4.906275385962999e-11,-6.6708860657627156e-12,3,1.0000000000000007,4987730.242073126,292.33692548428394,0.581949157256256,0.09711857363146341
570498814017.5347,911600612.951504,0.13804872186011502,0.0011675870797102752,2871.6579285049183,0.5818186512473996,0.09716124615583668,0.8070039453356159,-4.9315662664639603e-11,2.44582132324922e-12,3,1.0000000000000007,4988044.22184448,292.2174111584249,0.5818186512473996,0.09716124615583668
571412105251.105,913291233.5702869,0.138068182292496,0.0011681010500986383,2871.771494815,0.5816880721672019,0.09720367357175254,0.8073751518733463,-4.98301400142509e-11,2.3168134077877767e-12,3,1.0000000000000007,4988357.723214119,292.0976384304916,0.5816880721672019,0.09720367357175254
572326879875.3395,914774624.2345484,0.13808767974908714,0.0011686112894564518,2871.8822778692497,0.5815574502450456,0.09724584561869755,0.807453689327664,-5.0357051861738e-11,-5.1413318047366374e-12,3,1.0000000000000007,4988670.797239128,291.97767111038814,0.5815574502450456,0.09724584561869755
573243095738.2128,916215862.8733101,0.13810721091392042,0.00116911771486922,2871.9902641814315,0.581426792029568,0.09728775983107639,0.807374736788713,-5.0841442167381956e-11,-6.891598403058197e-12,3,1.0000000000000007,4988983.432767783,291.85751659878235,0.581426792029568,0.09728775983107639
574160799977.9104,917704239.6976073,0.13812656248784907,0.0011696450484698748,2872.1128510060207,0.5812960909983519,0.0973294169310682,0.8176294249984117,-5.752198717345891e-11,-2.422839706639479e-12,3,1.0000000000000007,4989300.429756238,291.73853878547044,0.5812960909983519,0.0973294169310682
575074212563.4368,913412585.5263914,0.1381447202328731,0.0011702786462124263,2872.3129414795826,0.5811661660290598,0.09737054928090633,0.8262914358292406,-6.981626388125051e-11,-7.2524208860613726e-12,3,1.0000000000000007,4989639.641417518,291.6271527317359,0.5811661660290598,0.09737054928090633
575978575749.0167,904363185.5799085,0.1381627033144269,0.0011708936207135733,2872.5032540704456,0.5810376890706901,0.09741094914831251,0.8063235827637794,-6.717382206034017e-11,-8.268608020500778e-12,3,1.0000000000000007,4989974.614037701,291.5168573703127,0.5810376890706901,0.09741094914831251
576884998303.3352,906422554.3185412,0.13818078404377868,0.0011715009867808623,2872.6877262442745,0.5809090805165948,0.09745111693125358,0.8068715805220616,-6.741063263149272e-11,1.3219425554211739e-11,3,1.0000000000000007,4990308.400593741,291.4059930986225,0.5809090805165948,0.09745111693125358
577793176357.9889,908178054.6536473,0.1381989441606312,0.0011721013548117237,2872.8669285492797,0.5807803843480219,0.09749103840099639,0.8066011319973754,-6.757272519308799e-11,9.043876758596525e-12,3,1.0000000000000007,4990641.114736388,291.2946631821885,0.5807803843480219,0.09749103840099639
578703265848.3351,910089490.3461626,0.1382171984077207,0.0011726932248834845,2873.039795195118,0.5806515793659477,0.0975307198574617,0.8066525608585451,-6.765754623216935e-11,-1.5473844428015582e-11,3,1.0000000000000007,4990972.44534074,291.1827458829537,0.5806515793659477,0.0975307198574617
579615241724.0461,911975875.711135,0.1382355331649223,0.001173278736376497,2873.207784801568,0.5805226699825293,0.0975701594625729,0.8068254207793668,-6.793310358688132e-11,-5.8021365489935306e-12,3,1.0000000000000007,4991302.848751086,291.0703810887057,0.5805226699825293,0.0975701594625729
580529009993.3381,913768269.291971,0.13825392727002472,0.001173859987824533,2873.372406956011,0.5803936702605182,0.0976093523409879,0.8074053621520694,-6.843203781414786e-11,-9.860889882418178e-12,3,1.0000000000000007,4991632.753109638,290.95771420752976,0.5803936702605182,0.0976093523409879
581444245305.1786,915235311.8404261,0.13827236978050883,0.0011744359930623194,2873.5331758482703,0.5802646267632218,0.09764828392803923,0.8069897070028809,-6.873301927612374e-11,-7.474021401776554e-13,3,1.0000000000000007,4991961.948474104,290.8447589604775,0.5802646267632218,0.09764828392803923
582361186067.4496,916940762.2710352,0.13829085246012726,0.0011750086620167398,2873.691349260287,0.5801355065019993,0.09768696374538098,0.8077940993889143,-6.941414110173127e-11,2.462474668618597e-13,3,1.0000000000000007,4992290.8303606,290.7315754309299,0.5801355065019993,0.09768696374538098
583279377953.7401,918191886.2904574,0.13830934764236785,0.0011755798103662586,2873.848327169077,0.5800063739039636,0.09772537194640345,0.8079892750700868,-7.013667424615733e-11,-2.2093438190040615e-14,3,1.0000000000000007,4992619.746620365,290.618366545652,0.5800063739039636,0.09772537194640345
584198711615.1682,919333661.4281567,0.13832784502785644,0.001176150689020283,2874.0049821080584,0.5798772446262916,0.09776350344781279,0.8083974345485245,-7.100076082622309e-11,-5.165423644371003e-12,3,1.0000000000000007,4992948.945008535,290.50522870834163,0.5798772446262916,0.09776350344781279
585118956068.0344,920244452.8663375,0.13834632785165865,0.0011767221281857453,2874.161995525472,0.5797481512515065,0.09780134822822383,0.8084567280908228,-7.187361816818338e-11,1.2672085603071537e-12,3,1.0000000000000007,4993278.587570386,290.3922590952125,0.5797481512515065,0.09780134822822383
586040078434.497,921122366.4624809,0.13836478763599427,0.001177294931944039,2874.3199459175016,0.5796190984491714,0.09783890456207203,0.8086999930823069,-7.285760883490866e-11,9.118039656641486e-12,3,1.0000000000000007,4993608.837917698,290.27951099888423,0.5796190984491714,0.09783890456207203
586961940868.1078,921862433.6107711,0.1383832153839364,0.0011778696857017218,2874.4792828832115,0.5794901055145965,0.0978761664828753,0.80882961828177,-7.387346290244068e-11,-4.34396962845085e-12,3,1.0000000000000007,4993939.805912306,290.1670460441747,0.5794901055145965,0.0978761664828753
587884470031.0837,922529162.9761118,0.13840160369842852,0.0011784469565601662,2874.6404275957966,0.5793611826210722,0.0979131307316802,0.8089776477870902,-7.494826981258029e-11,2.573941060290963e-12,3,1.0000000000000007,4994271.603079167,290.0549110254054,0.5793611826210722,0.0979131307316802
588807581936.9476,923111905.8637769,0.13841994537393093,0.001179027353534608,2874.803824163331,0.579232341356135,0.09794979367335845,0.8091373208951591,-7.607503516027236e-11,-1.3490319972220277e-12,3,1.0000000000000007,4994604.346961424,289.94315715883357,0.579232341356135,0.09794979367335845
589731185809.4924,923603872.5447733,0.13843823066329275,0.0011796117302831117,2874.970091473424,0.579103594170081,0.09798615144810263,0.8093528300334718,-7.728595541323102e-11,-1.3332557280421042e-11,3,1.0000000000000007,4994938.204742287,289.83185061269467,0.579103594170081,0.09798615144810263
590655158871.6074,923973062.1149923,0.13845645174763674,0.0011802005636513005,2875.139597951849,0.578974957881509,0.09802219901807753,0.8094693464133496,-7.852685168785456e-11,-1.4366285938649526e-13,3,1.0000000000000007,4995273.263998659,289.7210417179227,0.578974957881509,0.09802219901807753
591579434742.7736,924275871.1659838,0.13847460219485647,0.001180794383191294,2875.312729166831,0.578846441375156,0.09805793363212509,0.8096276557512105,-7.981615368635175e-11,-1.3183898417423734e-12,3,1.0000000000000007,4995609.626402143,289.61077186078114,0.578846441375156,0.09805793363212509
592503923124.7422,924488381.9685975,0.13849267618558753,0.0011813937681341322,2875.4898939503796,0.578718056790503,0.09809335165728036,0.809752820907228,-8.115241811879059e-11,-6.24389429049188e-12,3,1.0000000000000007,4995947.402290016,289.5010911149385,0.578718056790503,0.09809335165728036
593428552597.1508,924629472.4085816,0.13851066216369093,0.0011819998723518414,2875.6719095309895,0.5785898135701183,0.09812845022684893,0.8102610332683113,-8.261180628466036e-11,-1.0380696302547676e-11,3,1.0000000000000007,4996286.807760624,289.3920735495533,0.5785898135701183,0.09812845022684893
594353033118.4897,924480521.3388602,0.13852854205296491,0.00118261380900251,2875.859634740893,0.5784617513118412,0.09816321822530173,0.8101961011808267,-8.408984619734383e-11,6.2077010198891e-12,3,1.0000000000000007,4996628.059448873,289.2838419112217,0.5784617513118412,0.09816321822530173
595277401751.674,924368633.1842607,0.13854632386563973,0.0011832349081671968,2876.052572795417,0.5783338642218447,0.09819765709867989,0.8102058175751825,-8.553246999554176e-11,6.2099214659383506e-12,3,1.0000000000000007,4996971.019246621,289.17634683828504,0.5783338642218447,0.09819765709867989
596201652968.1536,924251216.479451,0.13856400747544353,0.0011838631713346074,2876.250719908871,0.5782061524169986,0.09823176667783041,0.8102165682810636,-8.697487174913476e-11,-8.915534976949857e-12,3,1.0000000000000007,4997315.684058592,289.0695856172264,0.5782061524169986,0.09823176667783041
597125780651.6896,924127683.5361533,0.13858159351380783,0.001184498571069745,2876.4540468342047,0.5780786160960413,0.09826554677547504,0.8102208773341779,-8.841505305667852e-11,-3.5259573039070347e-12,3,1.0000000000000007,4997662.046632904,288.96355491839455,0.5780786160960413,0.09826554677547504
598049782361.693,924001710.0033876,0.1385991569169478,0.0011851314009512506,2876.655879808083,0.5779512550889115,0.09829899781856952,0.8066582804500122,-8.847889088059446e-11,7.861489237370733e-12,3,1.0000000000000007,4998008.206675175,288.8577197403593,0.5779512550889115,0.09829899781856952
598975696010.9725,925913649.2796329,0.13861544552506785,0.0011859252821423386,2876.968453305757,0.5778237861535115,0.09833218423167266,0.8569422368931434,-1.1032608160377322e-10,-7.647105171315616e-12,3,1.0000000000000007,4998386.975930186,288.76082743936485,0.5778237861535115,0.09833218423167266
599875892306.2555,900196295.283032,0.13863096058532995,0.0011867128274066169,2877.284945268464,0.5777000033432951,0.09836412357969006,0.8014120481125708,-1.0034351127785612e-10,1.266164950664006e-11,3,1.0000000000000007,4998762.495679345,288.66885185627893,0.5777000033432951,0.09836412357969006
600780899011.9554,905006705.699958,0.13864694840601566,0.0011874564994873388,2877.5696880267164,0.5775757057443942,0.09839591163969462,0.7972600248040695,-9.76480007963687e-11,-8.599676526444e-12,3,1.0000000000000007,4999130.060545102,288.57378189138024,0.5775757057443942,0.09839591163969462
601693107926.7665,912208914.8111284,0.13866339241289904,0.0011881678985789588,2877.8299203180354,0.5774505686482165,0.09842763023387859,0.8001885200281666,-9.72683045219469e-11,-1.4821699423350765e-11,3,1.0000000000000007,4999492.056349906,288.47577436996136,0.5774505686482165,0.09842763023387859
602610892309.6151,917784382.8484112,0.1386802120718178,0.0011888503100966447,2878.068496679816,0.577324818845998,0.09845921994803918,0.8008727916952729,-9.647627141617932e-11,-1.5962120514245726e-11,3,1.0000000000000007,4999849.005395621,288.3753417278029,0.577324818845998,0.09845921994803918
603533891676.434,922999366.8188225,0.13869736967513976,0.0011895065691576103,2878.2875499569623,0.5771985088492405,0.09849066623191684,0.8016748889727587,-9.596801131550592e-11,1.1970868740718288e-11,3,1.0000000000000007,5000201.465743086,288.27272818976627,0.5771985088492405,0.09849066623191684
604461671176.7781,927779500.3442224,0.1387148236780259,0.0011901397839860386,2878.4894138802492,0.577071700994794,0.09852195227163725,0.8023833394932289,-9.564615766066709e-11,-5.703215677499429e-12,3,1.0000000000000007,5000550.040574032,288.16820566031043,0.577071700994794,0.09852195227163725
605393843770.9816,932172594.2035376,0.13873253367241759,0.0011907532057853834,2878.676492656043,0.5769444507170345,0.09855306315889771,0.8031656877072191,-9.559475433462694e-11,-5.933586955109149e-12,3,1.0000000000000007,5000895.363735613,288.062042973019,0.5769444507170345,0.09855306315889771
606329973994.0583,936130223.0767533,0.13875047294873236,0.001191348186877494,2878.8498971566796,0.5768168197231169,0.09858398275472983,0.8034605909756909,-9.550860102791603e-11,1.552757922240744e-12,3,1.0000000000000007,5001237.6772407,287.9544090602012,0.5768168197231169,0.09858398275472983
607269906104.0244,939932109.966069,0.13876861866007625,0.0011919267132094698,2879.0110789345154,0.5766888313180828,0.09861470444481805,0.8039286478189744,-9.559941727133037e-11,-1.8538504065190864e-11,3,1.0000000000000007,5001577.379153747,287.845454870487,0.5766888313180828,0.09861470444481805
608213380770.3202,943474666.2957782,0.13878694716240164,0.0011924905396284737,2879.161355891119,0.5765605227198559,0.09864521834346605,0.8043423152526152,-9.58116919136387e-11,2.7615687514526144e-12,3,1.0000000000000007,5001914.80637814,287.7353360616929,0.5765605227198559,0.09864521834346605
609160167787.8551,946787017.5347637,0.13880543767217435,0.0011930412065156832,2879.301884762906,0.5764319269667589,0.09867551570139116,0.8047063199123627,-9.613798646057603e-11,-2.0827783941967937e-13,3,1.0000000000000007,5002250.254296306,287.62418977741066,0.5764319269667589,0.09867551570139116
610110063872.477,949896084.6219044,0.13882407181989034,0.0011935800767300681,2879.433688386961,0.5763030732459496,0.09870558880213426,0.8050289893035689,-9.656475619124194e-11,-1.841204966268606e-11,3,1.0000000000000007,5002583.984084624,287.512137036282,0.5763030732459496,0.09870558880213426
611062888222.194,952824349.7169123,0.1388428334644844,0.0011941083421152395,2879.5576618358227,0.5761739875218118,0.09873543079281463,0.8053116917761116,-9.708256420992711e-11,-2.001288024189307e-12,3,1.0000000000000007,5002916.223542145,287.39928422469563,0.5761739875218118,0.09873543079281463
612018482090.5476,955593868.35378,0.13886170817486626,0.0011946270928242042,2879.6746198340484,0.5760446926163633,0.09876503564298408,0.8055718087041086,-9.769041131590939e-11,3.5085268024204197e-12,3,1.0000000000000007,5003247.181394009,287.2857271583432,0.5760446926163633,0.09876503564298408
612976698787.2888,958216696.7411963,0.13888068442465798,0.0011951370950133097,2879.7851506219254,0.5759152095834067,0.09879439782107434,0.8056990050131496,-9.828859948157742e-11,7.0954353503793754e-12,3,1.0000000000000007,5003577.004122249,287.1715413348974,0.5759152095834067,0.09879439782107434
613937469663.5297,960770876.2410209,0.13889973708280326,0.0011956413970019663,2879.8913568651187,0.5757855487970995,0.09882351414964752,0.806733752578559,-9.938105893780858e-11,1.1072698313796536e-11,3,1.0000000000000007,5003906.291623692,287.0569107470306,0.5757855487970995,0.09882351414964752
614900183526.1991,962713862.6694432,0.13891883672522898,0.0011961414571510806,2879.9944256970157,0.5756557935655915,0.09885236515931868,0.8069377657737853,-1.0040257514276618e-10,-1.2102985280648682e-11,3,1.0000000000000007,5004235.272179734,286.942031610178,0.5756557935655915,0.09885236515931868
615864722352.2539,964538826.0547867,0.1389379753137182,0.0011966376578413597,2880.0946736771652,0.5755259604303612,0.09888094663149796,0.8069872864391314,-1.0145029261110494e-10,1.3424816813767393e-11,3,1.0000000000000007,5004564.0178983435,286.82695051891784,0.5755259604303612,0.09888094663149796
616831059950.2238,966337597.969763,0.1389571486095942,0.0011971302133629797,2880.1922764818473,0.5753960535090675,0.09890925716295161,0.8070933149584292,-1.0252032556223867e-10,-2.561284517810236e-13,3,1.0000000000000007,5004892.570446747,286.7116858375662,0.5753960535090675,0.09890925716295161
617799136079.8961,968076129.6722897,0.13897633893115385,0.0011976214186641193,2880.288799860961,0.5752660814294694,0.09893729426886913,0.807978321470948,-1.0394474170283274e-10,2.3527846337856317e-12,3,1.0000000000000007,5005221.372703044,286.5963739797104,0.5752660814294694,0.09893729426886913
618768422586.0983,969286506.2022868,0.13899552581154512,0.0011981118042850626,2880.384775804353,0.5751361153997616,0.09896504204580778,0.8075566558518599,-1.0514433768094023e-10,-5.934586155831312e-12,3,1.0000000000000007,5005550.490348855,286.4811458977018,0.5751361153997616,0.09896504204580778
619739174321.9026,970751735.8041358,0.1390147233153345,0.0011986005228717164,2880.4795501343233,0.5750061215400161,0.09899250739798254,0.807621318710261,-1.0639955583258143e-10,-7.721490113965501e-12,3,1.0000000000000007,5005879.782322272,286.36590878445884,0.5750061215400161,0.09899250739798254
620711354580.6953,972180258.792698,0.13903392656646785,0.0011990880195264166,2880.573441923442,0.5748761050896362,0.09901968877486851,0.8076725249717143,-1.0771150638078097e-10,8.779643678735738e-12,3,1.0000000000000007,5006209.335370487,286.2506947736464,0.5748761050896362,0.09901968877486851
621684934600.7913,973580020.0960348,0.13905312425038371,0.0011995756335533279,2880.6673733459215,0.5747460701850811,0.09904658483212803,0.8084188167500894,-1.0922174276117858e-10,-1.2825962514284583e-11,3,1.0000000000000007,5006539.399231384,286.135579058092,0.5747460701850811,0.09904658483212803
622659466266.4904,974531665.6990479,0.13907228805301253,0.001200065376900169,2880.7628450587977,0.5746160767533571,0.0990731826123784,0.8083624231103315,-1.1078749029280743e-10,-6.628364523919572e-12,3,1.0000000000000007,5006870.344551395,286.0207581036371,0.5746160767533571,0.0990731826123784
623634984533.6686,975518267.1782925,0.139091429240077,0.001200555900135073,2880.8589294021886,0.5744861201466063,0.09909948278069144,0.8083126423752418,-1.1224843277091168e-10,3.100186773963287e-12,3,1.0000000000000007,5007201.899582163,285.90614920346985,0.5744861201466063,0.09909948278069144
624611520470.2247,976535936.5561316,0.13911054779333223,0.0012010471913996594,2880.9556189352948,0.5743561962589423,0.09912548586441344,0.8082509900253498,-1.1370449026770757e-10,-1.6811219083479045e-11,3,1.0000000000000007,5007534.067574312,285.791746217546,0.5743561962589423,0.09912548586441344
625589112420.3984,977591950.1735523,0.13912963858765778,0.001201540071461736,2881.0534582221194,0.5742263000289243,0.09915119249562192,0.8085299456339623,-1.1530643106993921e-10,-2.020605904817785e-12,3,1.0000000000000007,5007867.018271319,285.67758711894567,0.5742263000289243,0.09915119249562192
626567592686.8812,978480266.4827986,0.1391486917246442,0.0012020353619963144,2881.153041024207,0.5740964537137471,0.0991765978554014,0.8087477980367463,-1.1697698365509268e-10,-1.796285342692272e-11,3,1.0000000000000007,5008200.894467146,285.5637457212059,0.5740964537137471,0.0991765978554014
627546830161.6112,979237474.730048,0.13916770017750438,0.0012025335885320725,2881.254753198563,0.5739666745950469,0.09920169820417234,0.8089091335650167,-1.186879483583425e-10,3.5926817076870066e-12,3,1.0000000000000007,5008535.7843893245,285.4502728674517,0.5739666745950469,0.09920169820417234
628526727696.5082,979897534.8970714,0.1391866586029321,0.0012030349736134095,2881.3587812487704,0.5738369753648428,0.09922649078221793,0.8089541925215826,-1.203966926155431e-10,-1.4730439090726577e-12,3,1.0000000000000007,5008871.721608894,285.3371967177656,0.5738369753648428,0.09922649078221793
629507258427.4415,980530730.9333338,0.13920556252584998,0.001203539909152612,2881.4654038358476,0.5737073593606892,0.0992509746624741,0.809107719573765,-1.22169607763567e-10,4.475086967659081e-12,3,1.0000000000000007,5009208.780760582,285.22454169683965,0.5737073593606892,0.0992509746624741
630488329671.8806,981071244.4391439,0.13922440621286944,0.0012040490632317122,2881.5750774937565,0.5735778385692868,0.09927514727896607,0.8093410368281706,-1.2401579763121617e-10,2.5073276788134535e-12,3,1.0000000000000007,5009547.0805319045,285.1123585579279,0.5735778385692868,0.09927514727896607
631469800227.7662,981470555.8855027,0.13924318284559764,0.001204563262322054,2881.688364064405,0.5734484312854861,0.09929900491792668,0.8095358600135327,-1.2592271669831234e-10,3.575806317712704e-12,3,1.0000000000000007,5009886.767760165,285.0007159870301,0.5734484312854861,0.09929900491792668
632451552101.9211,981751874.1549276,0.13926188602750383,0.0012050829124192692,2881.805568837156,0.5733191526450295,0.09932254454100965,0.8096867620821513,-1.2785550396188228e-10,-1.981592667732457e-11,3,1.0000000000000007,5010227.906825349,284.8896539434821,0.5733191526450295,0.09932254454100965
633433493859.492,981941757.5708588,0.13928051010071604,0.0012056082645067673,2881.9268963991663,0.5731900142075468,0.09934576383734338,0.8097234611981197,-1.2980538866003144e-10,-4.547917598074491e-12,3,1.0000000000000007,5010570.537243629,284.77919983680255,0.5731900142075468,0.09934576383734338
634415603280.3636,982109420.8716283,0.13929905073303286,0.001206139502696754,2882.052497397358,0.5730610183905017,0.09936866220326292,0.8099195412947235,-1.3176570945461208e-10,-3.187561326001287e-12,3,1.0000000000000007,5010914.687754457,284.6693633420111,0.5730610183905017,0.09936866220326292
635397761482.1858,982158201.8221036,0.13931750023647438,0.001206677929133362,2882.1832245893984,0.5729321802410623,0.09939123673230994,0.8102371305829248,-1.3388146147264024e-10,2.3865354137342365e-12,3,1.0000000000000007,5011260.60110164,284.5602339286593,0.5729321802410623,0.09939123673230994
636379775950.2902,982014468.1044003,0.13933586288654604,0.0012072223533458727,2882.318317868366,0.5728035243681824,0.09941348302111547,0.8095666148566494,-1.3572987178633866e-10,2.1813661987835076e-12,3,1.0000000000000007,5011608.0287011415,284.45178097423565,0.5728035243681824,0.09941348302111547
637362053234.0363,982277283.7459086,0.1393541380274179,0.0012077745631634143,2882.458846257894,0.5726749969571966,0.09943541019726511,0.8109524260446754,-1.3816636723618103e-10,-8.72146799224538e-12,3,1.0000000000000007,5011957.350946025,284.3440214905295,0.5726749969571966,0.09943541019726511
638343753528.7452,981700294.7090094,0.13937228585212338,0.001208336469247917,2882.60635513086,0.5725467071087496,0.09945699934115855,0.8109352744867238,-1.4038314954945008e-10,-7.979061855678538e-12,3,1.0000000000000007,5012308.840052692,284.2371992751586,0.5725467071087496,0.09945699934115855
639324887548.8354,981134020.0902792,0.13939030423860652,0.0012089085219509474,2882.761127531131,0.572418652468858,0.09947825082271065,0.8112703937801502,-1.427066242953856e-10,6.241451799837705e-12,3,1.0000000000000007,5012662.584201875,284.1313329696091,0.572418652468858,0.09947825082271065
640305253073.6724,980365524.8368953,0.13940818137845915,0.0012094917681187219,2882.923901572572,0.5722908584041569,0.09949916037441023,0.8115889826854072,-1.4508994006234843e-10,-5.6561422212553225e-12,3,1.0000000000000007,5013018.757676505,284.0265081832691,0.5722908584041569,0.09949916037441023
641284658416.0105,979405342.338101,0.13942590370899072,0.0012100871317709998,2883.09535915702,0.5721633487660825,0.0995197240908262,0.8119187068500455,-1.4752510324456125e-10,-1.3850032232198828e-12,3,1.0000000000000007,5013377.513252775,283.92280007180557,0.5721633487660825,0.0995197240908262
642262905820.2124,978247404.201905,0.13944343732393583,0.0012106994191047936,2883.278702761246,0.5720361480191565,0.09953993786370567,0.8141520267679336,-1.5089862692718725e-10,-3.747002708109903e-12,3,1.0000000000000007,5013739.73204415,283.8204855692181,0.5720361480191565,0.09953993786370567
643238655594.3555,975749774.1430712,0.13946072244444496,0.0012113315800236619,2883.4762922938307,0.5719094285497127,0.09955977421549767,0.8138692027259697,-1.5346124371262704e-10,-2.454481062841296e-12,3,1.0000000000000007,5014105.838644061,283.7199467075796,0.5719094285497127,0.09955977421549767
644212083206.9753,973427612.6198956,0.13947776986100177,0.0012119828655019912,2883.6875543113474,0.5717831655812265,0.09957923749383063,0.8142333644822752,-1.5625778448935534e-10,-4.955813537321774e-12,3,1.0000000000000007,5014475.695936576,283.6211035977849,0.5717831655812265,0.09957923749383063
645182976997.9995,970893791.0240898,0.13949462110369437,0.001212647116203533,2883.9083814726437,0.5716573846385599,0.09959832463732407,0.8118537525581004,-1.5706369538293075e-10,1.9271251261443467e-12,3,1.0000000000000007,5014848.072237288,283.52366152594755,0.5716573846385599,0.09959832463732407
646152761706.6226,969784708.6230211,0.13951087218876423,0.0012133884633864667,2884.1810487968987,0.571531898993239,0.09961706072547483,0.8404968777908639,-1.7121470907710545e-10,1.2701173446316716e-11,3,1.0000000000000007,5015235.388252562,283.43067764979656,0.571531898993239,0.09961706072547483
647104789854.7875,952028148.1648828,0.13952708604770592,0.0012140568743515025,2884.4105567720794,0.5714088567145275,0.09963513215869692,0.7523644746099123,-1.431624818692967e-10,3.780975532663433e-12,3,1.0000000000000007,5015607.552387345,283.33740035151834,0.5714088567145275,0.09963513215869692
648092610635.7227,987820780.9352635,0.13954484665433697,0.0012146415530867427,2884.5741855480824,0.5712813460361097,0.09965356029871693,0.808065513807632,-1.5774792583300723e-10,-1.2085887846069454e-12,3,1.0000000000000007,5015968.33632503,283.23397499427176,0.5712813460361097,0.09965356029871693
649081613117.4731,989002481.7503089,0.1395626935283742,0.0012152147801127808,2884.7299921836347,0.5711538419619805,0.09967168655827442,0.8048188947229473,-1.5795154073572348e-10,2.5761615063402132e-12,3,1.0000000000000007,5016327.077323537,283.1299764645098,0.5711538419619805,0.09967168655827442
650073793895.4066,992180777.9333304,0.1395806522589208,0.0012157782097616315,2884.8787024577537,0.5710260879952211,0.09968954728358956,0.8049812948163204,-1.5927670293791607e-10,1.6506795930126827e-12,3,1.0000000000000007,5016684.742122056,283.02526310822003,0.5710260879952211,0.09968954728358956
651069062773.4944,995268878.0878649,0.13959871363631943,0.0012163326882384034,2885.0209208851134,0.570898097011303,0.09970713975874274,0.8051909015927006,-1.607110000634293e-10,-5.939138070232275e-12,3,1.0000000000000007,5017041.492157291,282.9199000818311,0.570898097011303,0.09970713975874274
652067299407.7224,998236634.2280257,0.13961686973441725,0.0012168787101245004,2885.1570293628047,0.570769885678366,0.09972446081400548,0.8053259271945112,-1.6217727161205175e-10,-1.2007839167438306e-11,3,1.0000000000000007,5017397.412005102,282.81393746900756,0.570769885678366,0.09972446081400548
653068428709.4159,1001129301.6932702,0.13963511383648097,0.0012174168222214535,2885.2874276573607,0.570641464771023,0.09974150814746875,0.8054797939749392,-1.6370949040833693e-10,-1.6755485887642863e-12,3,1.0000000000000007,5017752.602998537,282.7074205655403,0.570641464771023,0.09974150814746875
654072363158.8497,1003934449.4338313,0.1396534392241338,0.0012179475807262894,2885.412520509789,0.5705128465897005,0.09975827929615108,0.8056282012336435,-1.6530710134077253e-10,2.842170943040401e-14,3,1.0000000000000007,5018107.166131587,282.6003969102649,0.5705128465897005,0.09975827929615108
655079017883.702,1006654724.8521867,0.13967183963630941,0.0012184715132029314,2885.5326903832865,0.5703840430235866,0.09977477190044509,0.8057650560666652,-1.6695445026471134e-10,-1.8077761509971424e-12,3,1.0000000000000007,5018461.197025351,282.4929118599587,0.5703840430235866,0.09977477190044509
656088314532.1647,1009296648.4625425,0.13969030921587355,0.00121898903636462,2885.6482494050865,0.5702550650604329,0.09979098377201648,0.8058853065429084,-1.6865342455929522e-10,-7.2166717046684425e-12,3,1.0000000000000007,5018814.76960742,282.3850033603539,0.5702550650604329,0.09979098377201648
657100184536.1271,1011870003.9625118,0.13970884252898885,0.0012195006072542754,2885.7595287411923,0.570125922375547,0.09980691293100241,0.8060038450552476,-1.7040135968926506e-10,-1.2358669643219855e-11,3,1.0000000000000007,5019167.967490483,282.27670987313235,0.570125922375547,0.09980691293100241
658114559856.7312,1014375320.6040962,0.13972743717897868,0.0012200061466150056,2885.8665105718133,0.569996624523172,0.09982255747875213,0.8058320397075214,-1.7227308468648062e-10,-1.3796408460109433e-11,3,1.0000000000000007,5019520.773818363,282.16804245955495,0.569996624523172,0.09982255747875213
659131555092.5536,1016995235.8223491,0.13974610537763946,0.0012205041618806004,2885.9681907883664,0.5698671578094875,0.0998379185187052,0.8057596817545587,-1.7371681870770317e-10,3.2651659154225854e-12,3,1.0000000000000007,5019872.9046170255,282.0589043690532,0.5698671578094875,0.0998379185187052
660151222790.7372,1019667698.1835868,0.13976481840312685,0.00122099917312905,2886.0675422410372,0.5697375164322321,0.09985299573314674,0.8067849668891292,-1.7600843005283195e-10,1.344280242676632e-11,3,1.0000000000000007,5020225.272530768,281.94953136091647,0.5697375164322321,0.09985299573314674
661172920153.6211,1021697362.8839499,0.1397835609808283,0.0012214910065304796,2886.16462213242,0.5696077828058799,0.09986777870690061,0.8068299896246689,-1.780012803820341e-10,3.4141578453272814e-12,3,1.0000000000000007,5020577.735464347,281.8400151186691,0.5696077828058799,0.09986777870690061
662196622657.7607,1023702504.1396737,0.13980233086213403,0.0012219798453302704,2886.259564127501,0.5694779605881359,0.09988226642808251,0.806879014020323,-1.8003409874012277e-10,-2.106093077713922e-13,3,1.0000000000000007,5020930.329078452,281.73037110468044,0.5694779605881359,0.09988226642808251
663222303077.7727,1025680420.0120375,0.1398211257190508,0.0012224658824032423,2886.3525082144647,0.5693480537552313,0.09989645786273192,0.8069312122660488,-1.8210055685585758e-10,-2.4403812304285566e-12,3,1.0000000000000007,5021283.089996556,281.6206154863821,0.5693480537552313,0.09989645786273192
664249931996.3165,1027628918.5439082,0.13983994291862017,0.0012229494150775158,2886.443658975568,0.5692180665340866,0.09991035195652422,0.8070194283671395,-1.8423651493293391e-10,-2.6274538100778955e-12,3,1.0000000000000007,5021636.0747249285,281.5107701031972,0.5692180665340866,0.09991035195652422
665279456841.1715,1029524844.8550311,0.1398587797184567,0.0012234305586910578,2886.533114500965,0.5690880060476977,0.0999239473746416,0.8070442446272974,-1.8637713594671368e-10,7.277733971022826e-12,3,1.0000000000000007,5021989.300142069,281.40085067693053,0.5690880060476977,0.0999239473746416
666310865252.185,1031408411.0135577,0.1398776365132661,0.0012239085708074858,2886.6204346221357,0.568957874320537,0.09993724341758387,0.8067605636319364,-1.8840262683283981e-10,-2.117972464077411e-12,3,1.0000000000000007,5022342.623556271,281.29082227821544,0.568957874320537,0.09993724341758387
667344342328.1593,1033477075.9743676,0.13989651363116498,0.0012243844216671788,2886.7061899657774,0.5688276485035754,0.09995024181465319,0.8071244181340198,-1.907265456679852e-10,-1.1286527268339341e-12,3,1.0000000000000007,5022696.269183934,281.1807089791868,0.5688276485035754,0.09995024181465319
668379658777.0912,1035316448.9319079,0.13991539789129537,0.0012248594955187012,2886.7913336287106,0.5686973579395046,0.09996293891933572,0.8076252430710973,-1.931842463775979e-10,-1.0491940649615117e-11,3,1.0000000000000007,5023050.467285146,281.070618026042,0.5686973579395046,0.09996293891933572
669416496241.0217,1036837463.9305094,0.1399342808256486,0.0012253339731372935,2886.876060021295,0.5685670429891371,0.09997533023195933,0.807606482661205,-1.9549306617960838e-10,-6.409428543463491e-12,3,1.0000000000000007,5023405.2014529845,280.9606081228497,0.5685670429891371,0.09997533023195933
670454869014.8245,1038372773.8027291,0.139953162649329,0.0012258079982696594,2886.960452003632,0.5684367020886194,0.0999874154404428,0.8076871971240962,-1.978870400876076e-10,7.76245734357417e-12,3,1.0000000000000007,5023760.504747082,280.85068530123266,0.5684367020886194,0.0999874154404428
671494727410.0408,1039858395.2161982,0.13997203465773303,0.001226282650537356,2887.0452351374697,0.5683063416801812,0.09999919340561397,0.8080416456779371,-2.0041934778447512e-10,-8.227862835497035e-12,3,1.0000000000000007,5024116.581482228,280.7409133686664,0.5683063416801812,0.09999919340561397
672535845133.1854,1041117723.1447608,0.13999088804862614,0.0012267586678977756,2887.130934020315,0.5681759902458444,0.10001066102778552,0.808261169243929,-2.0301060832395024e-10,2.0163870573242093e-12,3,1.0000000000000007,5024473.537691726,280.6313646477117,0.5681759902458444,0.10001066102778552
673578082144.8613,1042237011.6759301,0.14000971870513843,0.0012272358639416705,2887.217480608652,0.5680456653428135,0.10002181637109427,0.8081741810495036,-2.0554713486831133e-10,1.1945999744966684e-12,3,1.0000000000000007,5024831.315003315,280.5220504907057,0.5680456653428135,0.10002181637109427
674621495798.015,1043413653.1538881,0.14002853123332623,0.001227713463851036,2887.3043711167043,0.5679153598203172,0.10003265975907373,0.8079100624613922,-2.0791091071004075e-10,4.409361764601272e-12,3,1.0000000000000007,5025189.775550853,280.41292262083107,0.5679153598203172,0.10003265975907373
675666258153.8411,1044762355.8259888,0.14004732942875514,0.0012281914474472006,2887.391554314101,0.5677850522760767,0.10004319262699295,0.8079746356692841,-2.1045887255155549e-10,9.459100169806334e-13,3,1.0000000000000007,5025548.946874771,280.3039544037961,0.5677850522760767,0.10004319262699295
676712329152.2324,1046070998.3914121,0.1400661111498049,0.0012286696958658634,2887.478982222018,0.5676547478126561,0.10005341417161089,0.8078727624372117,-2.1292434482234057e-10,-1.0900946811887025e-11,3,1.0000000000000007,5025908.802114948,280.1951462360434,0.5676547478126561,0.10005341417161089
677759776467.9785,1047447315.7460195,0.14008487539627149,0.0012291487179898009,2887.566963871423,0.5675244381116455,0.1000633246090994,0.8080612255711994,-2.1557400309291097e-10,-3.5541569687325136e-12,3,1.0000000000000007,5026269.455275759,280.0865147101122,0.5675244381116455,0.1000633246090994
678808479596.6305,1048703128.6519079,0.14010362222957212,0.001229628035943866,2887.6552175943907,0.56739413825607,0.10007292240992144,0.807919093570586,-2.1802992744568428e-10,9.918732502001149e-12,3,1.0000000000000007,5026630.792092863,279.9780528353058,0.56739413825607,0.10007292240992144
679858532396.143,1050052799.51251,0.140122347256619,0.0012301086520722627,2887.744376751135,0.5672638366674513,0.10008220797393033,0.808224107778921,-2.2078872063957533e-10,-4.3977044228427076e-12,3,1.0000000000000007,5026993.028824229,279.8697990695917,0.5672638366674513,0.10008220797393033
680909738191.0588,1051205794.9159069,0.14014104404783836,0.0012305909599063512,2887.834737642646,0.5671335577875835,0.1000911790976258,0.8084145670939069,-2.2354462725360236e-10,1.4379608614945028e-12,3,1.0000000000000007,5027356.205295612,279.76180153820445,0.5671335577875835,0.1000911790976258
681961974274.1461,1052236083.0872225,0.14015970706150796,0.0012310749177804256,2887.9263318346434,0.5670033167821331,0.10009983437829695,0.8083252721335921,-2.2620316730836976e-10,-3.795630476588485e-12,3,1.0000000000000007,5027720.295178237,279.6540758997977,0.5670033167821331,0.10009983437829695
683015299830.3315,1053325556.1852857,0.14017833475005476,0.0012315605497631396,2888.019188296697,0.5668731062767162,0.10010817397723094,0.8083712728368386,-2.2891888384890535e-10,-6.753930748004677e-12,3,1.0000000000000007,5028085.316399385,279.5466140403768,0.5668731062767162,0.10010817397723094
684069685986.2212,1054386155.8895776,0.14019690988975853,0.0012320514868196623,2888.1156112190565,0.5667429297664374,0.10011619709915726,0.810484436231107,-2.3266066850879952e-10,-7.40763006490397e-12,3,1.0000000000000007,5028451.940318591,279.43959836379065,0.5667429297664374,0.10011619709915726
685123756985.4088,1054070999.1877792,0.14021539918938727,0.0012325477966300292,2888.2159796319957,0.5666129565906965,0.10012389296952122,0.8089425199142575,-2.3483726074857714e-10,5.724531959572232e-12,3,1.0000000000000007,5028819.964666515,279.3332391694484,0.5666129565906965,0.10012389296952122
686178516720.2114,1054759734.8024886,0.14023383982476845,0.00123304693252672,2888.3184156930597,0.5664830625169064,0.10013126910416473,0.808766997401067,-2.3759405554102386e-10,-9.886758078891944e-12,3,1.0000000000000007,5029189.078436497,279.22725909820093,0.5664830625169064,0.10013126910416473
687234080163.7456,1055563443.5342159,0.1402522297580512,0.00123354891381821,2888.422949790082,0.5663532331737864,0.1001383261018598,0.8089135274114145,-2.4045432311936565e-10,4.135580766728708e-12,3,1.0000000000000007,5029559.300139275,279.1216384728866,0.5663532331737864,0.1001383261018598
688290352246.633,1056272082.8872632,0.14027056521701017,0.0012340546566421578,2888.5301549385686,0.5662234800261268,0.10014506302047316,0.8091683423305795,-2.4342883264694137e-10,-7.578160321486394e-12,3,1.0000000000000007,5029930.7907152455,279.0164376286754,0.5662234800261268,0.10014506302047316
689347167004.7158,1056814758.0827346,0.14028882964500777,0.0012345667628124565,2888.6417209908313,0.5660938231458171,0.10015147840585324,0.8106539697849691,-2.4701563017259787e-10,-1.113553693699032e-13,3,1.0000000000000007,5030304.004716957,278.91180637888357,0.5660938231458171,0.10015147840585324
690403555400.6342,1056388395.918374,0.14030695429707804,0.0012350923683575685,2888.7625239488525,0.5659643807275468,0.1001575657793964,0.8139375837212803,-2.511784114034299e-10,-1.0156986363085707e-11,3,1.0000000000000007,5030680.107111662,278.8082319016488,0.5659643807275468,0.1001575657793964
691457385454.9897,1053830054.355756,0.14032488636307966,0.0012356313691751757,2888.8930371946844,0.565835412475676,0.10016331294901513,0.8109230094366371,-2.532539733479666e-10,-1.4637291378960526e-11,3,1.0000000000000007,5031058.7552550165,278.70602688399106,0.565835412475676,0.10016331294901513
692510615592.9437,1053230137.9539906,0.14034272405796663,0.001236175930579759,2889.027662703878,0.5657066774551794,0.10016873176513806,0.8100951633116527,-2.5573032580439303e-10,-7.899680909417839e-12,3,1.0000000000000007,5031438.775545183,278.6045070318445,0.5657066774551794,0.10016873176513806
693563783866.6772,1053168273.7335336,0.14036047172022065,0.0012367274758555361,2889.167183098647,0.5655781091638526,0.10017382515402584,0.8104650145446257,-2.5881852216969037e-10,5.692779581067953e-12,3,1.0000000000000007,5031820.539713525,278.50366471482613,0.5655781091638526,0.10017382515402584
694616649962.7565,1052866096.0793369,0.14037823159251997,0.001237268128136321,2889.300104629955,0.5654497363456559,0.10017859299476012,0.7987550476595828,-2.588406156078804e-10,-2.6552093856935244e-12,3,1.0000000000000007,5032200.726660727,278.4026769758085,0.5654497363456559,0.10017859299476012
695676901333.3947,1060251370.6381321,0.1403963919105192,0.001237767169384718,2889.404513210219,0.5653206236732077,0.10018307277663177,0.7981689865987907,-2.585578418035084e-10,-8.558487252230407e-12,3,1.0000000000000007,5032574.627673691,278.29886207207034,0.5653206236732077,0.10018307277663177
696744981689.0781,1068080355.6835382,0.14041467310231726,0.0012382681239553133,2889.508704805857,0.5651907202185273,0.10018726168982812,0.8072365419165006,-2.662242648554525e-10,-1.4771517342637708e-12,3,1.0000000000000007,5032950.879537507,278.19439391365074,0.5651907202185273,0.10018726168982812
697814888692.444,1069907003.3659991,0.14043283959381175,0.0012387871279640884,2889.6245121727866,0.5650607573586666,0.1001911322008262,0.8199248532902992,-2.7498070487297355e-10,-3.0044855492405986e-12,3,1.0000000000000007,5033331.219415841,278.0908632359672,0.5650607573586666,0.1001911322008262
698878300588.5906,1063411896.1466423,0.14045073042606673,0.0012393179533956387,2889.7499484663617,0.5649317436974071,0.10019465436010093,0.8065439326132573,-2.721732839106039e-10,7.73603403558809e-12,3,1.0000000000000007,5033713.089431542,277.98917319496184,0.5649317436974071,0.10019465436010093
699943988426.7686,1065687838.1779033,0.1404686652296912,0.0012398428569787572,2889.871378084538,0.5648026140483521,0.10019785998149415,0.8056486361374127,-2.748012928321941e-10,-4.863665026277886e-12,3,1.0000000000000007,5034094.739309654,277.88720814703504,0.5648026140483521,0.10019785998149415
701012550316.2012,1068561889.432548,0.14048665509046254,0.0012403623976074167,2889.989016708829,0.564673296686316,0.10020075019762861,0.8057537513594948,-2.779989571877195e-10,-1.7862378243194144e-12,3,1.0000000000000007,5034476.362983384,277.7849072569122,0.564673296686316,0.10020075019762861
702083924117.6284,1071373801.4271518,0.14050469695805418,0.0012408767799008415,2890.103018636325,0.5645437999666381,0.10020332395632206,0.8057858351395719,-2.8122215667281125e-10,3.7483349757394535e-12,3,1.0000000000000007,5034857.991718559,277.68229219149265,0.5645437999666381,0.10020332395632206
703158095844.9172,1074171727.2886822,0.14052278933835727,0.0012413861707610675,2890.2134999871905,0.5644141263924964,0.10020558036100069,0.8058228810614576,-2.844933177925668e-10,5.133449221261799e-12,3,1.0000000000000007,5035239.659566541,277.5793762975352,0.5644141263924964,0.10020558036100069
704235048048.8379,1076952203.9207177,0.14054092976311053,0.001241890773655249,2890.3206079956567,0.564284278868436,0.10020751851355354,0.8058828901424953,-2.878460803046323e-10,-5.1594284400380275e-12,3,1.0000000000000007,5035621.406572437,277.4761748593908,0.564284278868436,0.10020751851355354
705314747725.1094,1079699676.2715335,0.1405591166886719,0.0012423906401368937,2890.4243918221923,0.5641542621535588,0.10020913751423458,0.8058872080773938,-2.9121749456351154e-10,-2.6081359294494177e-12,3,1.0000000000000007,5036003.24020975,277.3726975719428,0.5641542621535588,0.10020913751423458
706397198983.0679,1082451257.9583817,0.14057733057249322,0.0012428891486666038,2890.5270199061906,0.5640240764984046,0.10021043628493269,0.8076073264307038,-2.9551416869111335e-10,-6.77435885165778e-12,3,1.0000000000000007,5036385.800682152,277.2691107422489,0.5640240764984046,0.10021043628493269
707481252527.7896,1084053544.7216032,0.14059555422555953,0.0012433846961694688,2890.6277382626245,0.5638938605488402,0.10021141275931614,0.806124327429325,-2.982137869977919e-10,-1.0424217045112982e-11,3,1.0000000000000007,5036768.568037244,277.16549559305315,0.5638938605488402,0.10021141275931614
708567908896.0754,1086656368.285902,0.1406138141516775,0.0012438764287676588,2890.7257803474745,0.563763494615756,0.10021206740680429,0.8062009754228328,-3.017842642449864e-10,-1.5466850022960443e-11,3,1.0000000000000007,5037151.584488192,277.061676968802,0.563763494615756,0.10021206740680429
709657122556.2015,1089213660.1260307,0.14063210739318976,0.0012443646152763162,2890.82133526808,0.5636329848248509,0.10021239940144559,0.8062871181824249,-3.0541713602616483e-10,-7.464695528369703e-12,3,1.0000000000000007,5037534.892842142,276.95767568022154,0.5636329848248509,0.10021239940144559
710748841202.7556,1091718646.5540013,0.1406504307401972,0.0012448495222614194,2890.914593166724,0.5635023380763982,0.10021240794343829,0.806376325296343,-3.091065181592967e-10,1.8740564655672642e-12,3,1.0000000000000007,5037918.537123884,276.85351400057425,0.5635023380763982,0.10021240794343829
711843010069.3218,1094168866.566153,0.14066878132780955,0.0012453313406149006,2891.005696474025,0.5633715615257527,0.10021209227083769,0.8064177577093989,-3.1284952406451794e-10,-8.592015987574086e-13,3,1.0000000000000007,5038302.546774423,276.7492107859046,0.5633715615257527,0.10021209227083769
712939606483.3568,1096596414.0350766,0.14068715787141872,0.0012458101388707627,2891.0947002146563,0.5632406584627307,0.10021145165935627,0.8064669684837433,-3.166040762891953e-10,-9.137357537269963e-12,3,1.0000000000000007,5038686.933019375,276.6447741409378,0.5632406584627307,0.10021145165935627
714038602298.6659,1098995815.309098,0.14070555619296707,0.001246286398975957,2891.181928830278,0.5631096328064985,0.10021048537004164,0.8066147486052166,-3.204944087897843e-10,-6.855627177060342e-13,3,1.0000000000000007,5039071.786502631,276.54023356543445,0.5631096328064985,0.10021048537004164
715139901866.6741,1101299568.00813,0.14072397246657298,0.0012467603465048814,2891.2675540911378,0.5629784964816688,0.10020919275417586,0.8066985496268941,-3.244001733904156e-10,-5.430877969558878e-12,3,1.0000000000000007,5039457.133510485,276.4356143691157,0.5629784964816688,0.10020919275417586
716243452692.8859,1103550826.2118242,0.1407424043616372,0.0012472320684729552,2891.3516518991805,0.5628472562225824,0.10020757318735105,0.8067136558764787,-3.283109339946577e-10,3.0042635046356736e-13,3,1.0000000000000007,5039842.9832722135,276.33092934336804,0.5628472562225824,0.10020757318735105
717349249025.7546,1105796332.8687875,0.14076084794244925,0.001247702169747688,2891.434614573744,0.5627159131769159,0.10020562596375038,0.8069721343928471,-3.3242208985484467e-10,-4.758415883543421e-13,3,1.0000000000000007,5040229.4529834865,276.22621030302537,0.5627159131769159,0.10020562596375038
718457117962.9281,1107868937.1734676,0.1407792980029859,0.0012481708436628204,2891.516608630363,0.5625844882900682,0.10020335070552468,0.8069832257984189,-3.3646208041915315e-10,1.291189377639057e-12,3,1.0000000000000007,5040616.546989772,276.12149074198896,0.5625844882900682,0.10020335070552468
719567055761.3795,1109937798.4515283,0.14079775223697744,0.0012486382900602285,2891.5977743950402,0.5624529823768742,0.10020074679537211,0.8071399515419131,-3.4059033371391934e-10,-4.947930953846935e-12,3,1.0000000000000007,5041004.304112681,276.01678165255987,0.5624529823768742,0.10020074679537211
720678958317.4401,1111902556.0605054,0.14081620384216298,0.0012491053340456504,2891.678660055277,0.5623214081033553,0.10019781381116376,0.8074811320979425,-3.44866801782473e-10,-9.405809464624326e-12,3,1.0000000000000007,5041392.861570068,275.91213762571397,0.5623214081033553,0.10019781381116376
721792593765.3192,1113635447.8792698,0.14083464528457607,0.001249572567637978,2891.7596857672497,0.5621897931466558,0.10019455173478717,0.8075957108610865,-3.4909608537248005e-10,5.762057497804562e-13,3,1.0000000000000007,5041782.287873872,275.8076188294139,0.5621897931466558,0.10019455173478717
722907885680.5017,1115291915.182631,0.1408530740660425,0.0012500400617117102,2891.8409180827766,0.5620581467119911,0.10019096026636055,0.8076881342911069,-3.5332081704808616e-10,2.972289081526469e-12,3,1.0000000000000007,5042172.581543466,275.70323874950304,0.5620581467119911,0.10019096026636055
724024772618.9381,1116886938.436288,0.1408714870551514,0.0012505082160121986,2891.9226201228666,0.5619264761884091,0.10018703908648563,0.807817482906259,-3.576333673649401e-10,-7.556621994808665e-12,3,1.0000000000000007,5042563.808539633,275.5990253961326,0.5619264761884091,0.10018703908648563
725143167311.6918,1118394692.7536337,0.14088988103851244,0.0012509771879502616,2892.0049154598205,0.5617947919614233,0.10018278801371146,0.8078474035555505,-3.619472499494236e-10,-5.650813150737122e-12,3,1.0000000000000007,5042955.983419557,275.4949980238147,0.5617947919614233,0.10018278801371146
726263051054.7493,1119883743.0572712,0.14090825573456295,0.001251446810692421,2892.0877101075034,0.5616630963089143,0.10017820669256002,0.8078430710489748,-3.6626013333318497e-10,4.691802502065912e-13,3,1.0000000000000007,5043349.071401871,275.39115073729687,0.5616630963089143,0.10017820669256002
727384428837.6509,1121377782.901689,0.14092660857792585,0.0012519174263124942,2892.171227565996,0.5615313887130726,0.10017329464981507,0.8079691191098526,-3.7068137448414973e-10,3.091527034371211e-12,3,1.0000000000000007,5043743.141487715,275.2874998172141,0.5615313887130726,0.10017329464981507
728507215062.6357,1122786224.98483,0.14094493574398986,0.0012523892523797694,2892.2556320881936,0.5613996792700818,0.1001680518032339,0.8079950586381557,-3.751461363776798e-10,-7.1701533599366485e-12,3,1.0000000000000007,5044138.22033171,275.18406712462655,0.5613996792700818,0.1001680518032339
729631393453.1903,1124178390.5546849,0.14096323724525045,0.0012528622518098323,2892.3409013983296,0.5612679699105304,0.10016247781758189,0.8080418430200798,-3.79634212954727e-10,-1.1549206035965653e-11,3,1.0000000000000007,5044534.298503705,275.08085267994124,0.5612679699105304,0.10016247781758189
730756933150.5643,1125539697.374012,0.1409815103982045,0.001253336739919153,2892.4272442226384,0.5611362642558273,0.10015657241887446,0.8081576040319671,-3.8421177350755897e-10,-1.1927125953548057e-12,3,1.0000000000000007,5044931.431767056,274.97787568772856,0.5611362642558273,0.10015657241887446
731883755091.1929,1126821940.6286106,0.1409997515756134,0.001253813005185589,2892.5148632233318,0.5610045715331401,0.10015033560026362,0.8082792078700773,-3.888289690223701e-10,5.487610366117224e-12,3,1.0000000000000007,5045329.659723296,274.8751598857911,0.5610045715331401,0.10015033560026362
733011775872.1353,1128020780.942273,0.14101795443162368,0.0012542918060632776,2892.604259657786,0.560872901423285,0.10014376739356422,0.8087438821413606,-3.933797732003086e-10,2.263522702605769e-12,3,1.0000000000000007,5045729.106386211,274.77275109123775,0.560872901423285,0.10014376739356422
734140672317.9965,1128896445.8612578,0.14103609849802323,0.0012547753337920026,2892.6969047373823,0.5607412914639851,0.10013686911096793,0.8092645888135852,-3.9854441968856236e-10,-6.262990126515433e-12,3,1.0000000000000007,5046130.126911405,274.6707967250245,0.5607412914639851,0.10013686911096793
735270081584.1157,1129409266.1193085,0.14105419038973818,0.0012552612945723734,2892.791406103277,0.5606097836329695,0.10012964287209082,0.8086655670092036,-4.027113087445855e-10,-4.284350652028479e-12,3,1.0000000000000007,5046532.197962563,274.56922800286617,0.5606097836329695,0.10012964287209082
736400422322.9033,1130340738.7876973,0.14107223609946168,0.0012557500637059016,2892.8879168828753,0.5604783289020318,0.10012208587005209,0.8086944965068898,-4.0732395234499563e-10,-1.6523560297798667e-11,3,1.0000000000000007,5046935.490508154,274.4680116077375,0.5604783289020318,0.10012208587005209
737531675067.8414,1131252744.9381788,0.1410902873550703,0.0012562332290130096,2892.9810618654014,0.560346929377806,0.10011419884726575,0.8055507254300931,-4.089317773292578e-10,-4.459321800709404e-12,3,1.0000000000000007,5047338.395952682,274.3667428879146,0.560346929377806,0.10011419884726575
738666047618.2946,1134372550.4531806,0.1411083312309184,0.0012567201384812582,2893.0763570317977,0.5602153289722547,0.10010596542416748,0.8086965654074962,-4.160913835704605e-10,-2.644773289262048e-12,3,1.0000000000000007,5047743.214830342,274.26560808484845,0.5602153289722547,0.10010596542416748
739801333975.7195,1135286357.4249408,0.14112632705411798,0.0012572098102417643,2893.1736521618473,0.5600837837820224,0.10009740056608135,0.8086746336455342,-4.2081149675965435e-10,-3.8913317013111737e-13,3,1.0000000000000007,5048149.248659002,274.1648254478961,0.5600837837820224,0.10009740056608135
740937550283.3792,1136216307.6596572,0.1411441537124517,0.0012577232048259172,2893.2862413716166,0.5599522916396777,0.10008850243927743,0.8240893162314578,-4.293755351270079e-10,-3.6270986214503864e-13,3,1.0000000000000007,5048560.312977863,274.0653548045629,0.5599522916396777,0.10008850243927743
742064011868.163,1126461584.783812,0.14116147939749535,0.0012582765906607798,2893.4268621577717,0.5598220858283581,0.1000793527927937,0.8163440125275034,-4.3162184937273196e-10,-1.7386092565629951e-13,3,1.0000000000000007,5048977.360976704,273.9693391572493,0.5598220858283581,0.1000793527927937
743186087909.3528,1122076041.1897979,0.14117871920606037,0.0012588217001087334,2893.563495633251,0.5596925423732076,0.10006991412481096,0.8058289938106533,-4.2846337588997585e-10,4.490408045398908e-12,3,1.0000000000000007,5049392.317490451,273.8737718283031,0.5596925423732076,0.10006991412481096
744311064159.8671,1124976250.5143564,0.1411959932623939,0.0012593631268189266,2893.6975550439756,0.5595628195633771,0.10006012690233468,0.8060148398714162,-4.341120796169662e-10,-2.773781204723491e-12,3,1.0000000000000007,5049807.737762334,273.77799660264344,0.5595628195633771,0.10006012690233468
745438818077.9733,1127753918.1062095,0.14121329626926715,0.0012599013855684712,2893.82939287102,0.5594329321793983,0.10004999130552303,0.8062154807642052,-4.3981340791532375e-10,-6.88338275267597e-14,3,1.0000000000000007,5050223.693504666,273.68205484231186,0.5594329321793983,0.10004999130552303
746569215836.0477,1130397758.0743861,0.1412306245010066,0.0012604362754840936,2893.958934229677,0.5593028962255,0.10003950775407086,0.8060747196114715,-4.453515334290614e-10,-3.4102720647410933e-12,3,1.0000000000000007,5050640.121652524,273.585954901255,0.5593028962255,0.10003950775407086
747702362557.3198,1133146721.2720618,0.14124797572202516,0.0012609687976003444,2894.0867787535367,0.5591727001933463,0.10002867442365738,0.8065644432897479,-4.5136727688799283e-10,-8.960721054052101e-12,3,1.0000000000000007,5051057.237872439,273.48973388405363,0.5591727001933463,0.10002867442365738
748837920030.2173,1135557472.8975387,0.14126534147458858,0.0012614992181707145,2894.213167483882,0.5590423834532725,0.10001749372498976,0.8066081046143037,-4.5707115869930703e-10,9.425793479067579e-12,3,1.0000000000000007,5051475.018466686,273.3934466313372,0.5590423834532725,0.10001749372498976
749975862584.1731,1137942553.9556644,0.14128271839485548,0.0012620278813036644,2894.3383336587626,0.5589119493911918,0.10000596518857724,0.8067851871296217,-4.629436833880618e-10,-1.2292389328649733e-12,3,1.0000000000000007,5051893.525953659,273.297113756182,0.5589119493911918,0.10000596518857724
751116070075.1725,1140207490.999433,0.14129972783167954,0.0012626168752476515,2894.5017411773874,0.5587814119687564,0.09999408501220425,0.8533348806738505,-4.915746698586076e-10,-6.341593916658894e-12,3,1.0000000000000007,5052323.969306816,273.20357021418755,0.5587814119687564,0.09999408501220425
752226948802.3901,1110878727.217676,0.14131588350789062,0.0012632369601193703,2894.691576752986,0.5586543805112328,0.09998218476892078,0.8016436719993081,-4.5826231698242736e-10,-5.215383680479135e-12,3,1.0000000000000007,5052754.278551751,273.11535244083024,0.5586543805112328,0.09998218476892078
753343602415.3024,1116653612.9122334,0.14133224579203255,0.001263834841361713,2894.866438856744,0.5585268369084869,0.09996990007276524,0.7988137042114207,-4.6406434250911843e-10,4.122702179643056e-12,3,1.0000000000000007,5053182.356907607,273.0257278305545,0.5585268369084869,0.09996990007276524
754468047450.9629,1124445035.660567,0.1413488306761981,0.0012644149042622965,2895.0286901045693,0.5583985532302391,0.09995720701459344,0.7998018089483416,-4.731350866649109e-10,-6.724953927061961e-12,3,1.0000000000000007,5053609.42608216,272.9346530395028,0.5583985532302391,0.09995720701459344
755599638620.6874,1131591169.7245593,0.14136561125260064,0.0012649791676334172,2895.179774017197,0.5582696056576196,0.09994411043320767,0.8006346721711743,-4.819760146546059e-10,-7.969847004574149e-12,3,1.0000000000000007,5054035.724585407,272.84230700829124,0.5582696056576196,0.09994411043320767
756737828874.3569,1138190253.669494,0.1413825649479051,0.0012655294045292524,2895.3209470356483,0.5581400588374019,0.09993061444047252,0.8013506308524043,-4.906521855474466e-10,-5.088152121857092e-13,3,1.0000000000000007,5054461.466607207,272.7488449280078,0.5581400588374019,0.09993061444047252
757882145164.0076,1144316289.650557,0.14139965948916372,0.0012660694986657709,2895.4547698403294,0.5580099686933435,0.09991672244985346,0.803771258717223,-5.000309055702701e-10,-7.228329046427007e-12,3,1.0000000000000007,5054887.260930773,272.65450717421726,0.5580099686933435,0.09991672244985346
759030886776.4966,1148741612.4889822,0.1414168515048161,0.0012666005192378791,2895.582304567376,0.5578795301376411,0.09990245328385845,0.8026910611191873,-5.070887043601147e-10,-5.6102900103383035e-12,3,1.0000000000000007,5055312.9414184075,272.5595531720753,0.5578795301376411,0.09990245328385845
760184846496.2007,1153959719.7040575,0.1414341615014416,0.0012671217363746058,2895.702930465734,0.5577486546264039,0.09988779581467305,0.80310435301989,-5.15340881079851e-10,-2.7997604234997198e-12,3,1.0000000000000007,5055738.557347596,272.46386019039926,0.5577486546264039,0.09988779581467305
761343749714.8071,1158903218.6063206,0.1414515775765902,0.0012676340726839215,2895.8173028673464,0.5576173748361429,0.09987275198005649,0.8034597695494305,-5.235121225410921e-10,-5.608846720406291e-12,3,1.0000000000000007,5056164.219940229,272.3675071714358,0.5576173748361429,0.09987275198005649
762507360158.6138,1163610443.8066628,0.14146908793294005,0.0012681384989539468,2895.926102646539,0.5574857189488951,0.09985732336898291,0.8038514924535445,-5.317143392247203e-10,6.34714503178202e-12,3,1.0000000000000007,5056590.0613180725,272.2705711542588,0.5574857189488951,0.09985732336898291
763675412243.036,1168052084.4223256,0.14148668179249962,0.001268635940991345,2896.0299736709076,0.557353718315742,0.09984151209863806,0.8042901049332141,-5.399612978962409e-10,2.02216021705226e-12,3,1.0000000000000007,5057016.195700275,272.17312998800605,0.557353718315742,0.09984151209863806
764847603169.5963,1172190926.5603368,0.14150434815764248,0.0012691270872099423,2896.129425781443,0.5572214083287008,0.09982532096875227,0.8044827916331432,-5.479651177253686e-10,4.026112776500668e-12,3,1.0000000000000007,5057442.68575886,272.0752542391609,0.5572214083287008,0.09982532096875227
766023806718.5095,1176203548.9131954,0.14152208064045588,0.0012696124379903261,2896.2248137800275,0.5570888043172421,0.09980875052250389,0.8047224485385751,-5.560301108431531e-10,-5.019429316632795e-12,3,1.0000000000000007,5057869.599774079,271.9769850250549,0.5570888043172421,0.09980875052250389
767203860868.6466,1180054150.1370192,0.1415398722791523,0.001270092684517471,2896.3166066599665,0.5569559255597962,0.09979180186521712,0.8049994584813369,-5.641271894063493e-10,-7.361666831684488e-12,3,1.0000000000000007,5058297.032812054,271.8783763870363,0.5569559255597962,0.09979180186521712
768387574508.3402,1183713639.6934667,0.1415577002191843,0.0012705707676235268,2896.4067174847733,0.5568227944997953,0.09977447643613184,0.8070705659335431,-5.732161412197456e-10,-5.909606137777246e-12,3,1.0000000000000007,5058725.478870387,271.7795856141107,0.5568227944997953,0.09977447643613184
769573434472.2196,1185859963.8795154,0.14157553605763762,0.0012710463403807573,2896.495240601993,0.5566895818348312,0.09975679543912212,0.8054672739898905,-5.79347569917843e-10,1.270095140171179e-13,3,1.0000000000000007,5059154.529223627,271.6807742710036,0.5566895818348312,0.09975679543912212
770762626438.2446,1189191966.0251825,0.14159340838194145,0.0012715184191023255,2896.5813249438343,0.5565561549198017,0.0997387406289183,0.8057024528107526,-5.873632691333341e-10,3.070876886113183e-13,3,1.0000000000000007,5059584.289801264,271.58176427888003,0.5565561549198017,0.0997387406289183
771954985709.8936,1192359271.6489062,0.14161129596568287,0.0012719900487806635,2896.666923383533,0.5564225329242374,0.0997203132631165,0.8070918464109234,-5.961123816788927e-10,9.015677093771046e-12,3,1.0000000000000007,5060015.291887958,271.48271689015314,0.5564225329242374,0.0997203132631165
773149491234.1039,1194505524.2104285,0.14162918766284918,0.0012724597771069518,2896.7513237306807,0.5562888306887488,0.09970152836871253,0.8064844787825098,-6.030123067546356e-10,-2.3947510641164627e-13,3,1.0000000000000007,5060447.009653668,271.3836785044528,0.5562888306887488,0.09970152836871253
774346597393.108,1197106159.0041213,0.14164708693975836,0.0012729283538457014,2896.834918281872,0.5561549977011074,0.09968237819253405,0.8067575694992168,-1.5543122344752192e-15,-5.752686105253701e-10,3,1.0000000000000007,5060879.703599045,271.2846356468747,0.5561549977011074,0.09968237819253405
775546106777.957,1199509384.8489933,0.14166498572327307,0.0012733963661992911,2896.918124295592,0.556021056400484,0.09966286512105205,0.8070163104445527,-2.1094237467877974e-15,-5.775171452171435e-10,3,1.0000000000000007,5061313.437380369,271.1856384218753,0.556021056400484,0.09966286512105205
776747831521.8107,1201724743.853722,0.14168287626826018,0.0012738644242766837,2897.001368214135,0.5558870280500082,0.09964299149561374,0.807358673665659,-7.771561172376096e-16,-5.784253076512869e-10,3,1.0000000000000007,5061748.280324794,271.0867364269397,0.5558870280500082,0.09964299149561374
777951520420.7834,1203688898.9726524,0.14170074777192782,0.0012743338059177205,2897.0854867424523,0.5557529408521925,0.09962276073626622,0.8078877382355909,4.440892098500626e-16,-5.983621376159931e-10,3,1.0000000000000007,5062184.41267523,270.9880172043852,0.5557529408521925,0.09962276073626622
779156781844.1367,1205261423.353125,0.14171858985583755,0.0012748047500149786,2897.1707209309607,0.5556188384801087,0.0996021788493512,0.8080117672171205,1.1102230246251565e-15,-6.040603572898817e-10,3,1.0000000000000007,5062621.7829074785,270.8895346236726,0.5556188384801087,0.0996021788493512
780363525218.647,1206743374.5104241,0.14173639593540757,0.0012752778972943022,2897.257501056219,0.5554847309671744,0.09958124689369766,0.808364362114844,-4.440892098500626e-16,-5.989200246858672e-10,3,1.0000000000000007,5063060.490051543,270.79132789180363,0.5554847309671744,0.09958124689369766
781571488833.585,1207963614.9379008,0.14175415386276566,0.0012757544420186958,2897.3466280081966,0.5553506472711913,0.09955996888190027,0.8089197182925556,-6.661338147750939e-16,-6.081574133176559e-10,3,1.0000000000000007,5063500.693587011,270.6934801246317,0.5553506472711913,0.09955996888190027
782780258774.2823,1208769940.6973078,0.1417718505835406,0.0012762351922715976,2897.4386917723036,0.5552166330656736,0.09953835167706174,0.8093148634591429,-3.3306690738754696e-16,-6.183293876915741e-10,3,1.0000000000000007,5063942.44119359,270.596072464865,0.5552166330656736,0.09953835167706174
783989540257.083,1209281482.8005264,0.14178947449407872,0.0012767210814732081,2897.534337932707,0.5550827206218484,0.09951640022942883,0.8097904387327493,8.881784197001252e-16,-6.328615409501026e-10,3,1.0000000000000007,5064385.8336921735,270.4991783936006,0.5550827206218484,0.09951640022942883
785198978201.4537,1209437944.3705795,0.1418070119862699,0.0012772132225980846,2897.6343335982046,0.5549489487160731,0.09949412072209214,0.8103439164131032,1.3322676295501878e-15,-6.315357126140952e-10,3,1.0000000000000007,5064830.989600069,270.4028854955701,0.5549489487160731,0.09949412072209214
786408159471.0388,1209181269.5851624,0.1418244095424546,0.001277719213041022,2897.743529149651,0.5548153623336228,0.09947152008628285,0.8162392282906605,-4.440892098500626e-16,-6.438778399342482e-10,3,1.0000000000000007,5065279.177465429,270.3075731380964,0.5548153623336228,0.09947152008628285
787612710461.8306,1204550990.791704,0.14184157923872096,0.0012782396100457826,2897.8631298354053,0.5546824428623431,0.09944868010987208,0.812087373736059,1.1102230246251565e-15,-6.310141298371263e-10,3,1.0000000000000007,5065729.453454568,270.21374728450877,0.5546824428623431,0.09944868010987208
788815712379.2274,1203001917.396954,0.14185861028221913,0.00127876943543865,2897.9893945974486,0.5545498485398548,0.09942554385338596,0.8120895046703769,-6.661338147750939e-16,-6.427119947360893e-10,3,1.0000000000000007,5066181.656018493,270.1208408122753,0.5545498485398548,0.09942554385338596
790017165639.0465,1201453259.8191109,0.14187549828946422,0.001279309390193217,2898.12275901603,0.5544175780670803,0.09940211169432978,0.8122738781590755,6.661338147750939e-16,-6.404597963083347e-10,3,1.0000000000000007,5066635.911306121,270.02888098757967,0.5544175780670803,0.09940211169432978
791216936047.1571,1199770408.1105096,0.1418922577691447,0.0012798568533962035,2898.2615844335737,0.554285644949454,0.09937838698765736,0.8113240630713836,-7.771561172376096e-16,-6.532877572240636e-10,3,1.0000000000000007,5067091.691788488,269.9377577276863,0.554285644949454,0.09937838698765736
792415727056.0227,1198791008.865623,0.1419088436008208,0.0012804205920812024,2898.4112879644968,0.5541539706906046,0.09935435542594878,0.8154054988163129,-6.661338147750939e-16,-6.528877438682912e-10,3,1.0000000000000007,5067550.814542579,269.84779359072246,0.5541539706906046,0.09935435542594878
793610537935.6345,1194810879.6119707,0.14192517871810012,0.0012810039402467196,2898.5745315842214,0.5540228831897969,0.09933007689343014,0.8172283939844593,0,-6.540732400139859e-10,3,1.0000000000000007,5068013.112846509,269.7594490108756,0.5540228831897969,0.09933007689343014
794800053021.3212,1189515085.6866546,0.14194122468934653,0.0012816089316822809,2898.7528441060103,0.5538925243492647,0.09930557895386073,0.8182454373784065,8.881784197001252e-16,-6.488671822069136e-10,3,1.0000000000000007,5068478.620706335,269.6729474219449,0.5538925243492647,0.09930557895386073
795983559575.884,1183506554.5626802,0.14195755966638343,0.0012821439323762753,2898.88851278645,0.5537629696630172,0.09928088778530875,0.7725261236268821,4.440892098500626e-16,-6.407305797040408e-10,3,1.0000000000000007,5068930.186127543,269.5842146032825,0.5537629696630172,0.09928088778530875
797195431125.0332,1211871549.1491845,0.14197431581044434,0.001282685557795251,2899.0235240119227,0.5536304610822762,0.09925528136977178,0.8105762244747794,-1.1102230246251565e-15,-6.910969574391856e-10,3,1.0000000000000007,5069391.016622884,269.4931498246873,0.5536304610822762,0.09925528136977178
798406871848.4474,1211440723.4143221,0.1419909617011541,0.0012832350212155551,2899.1639850908023,0.553498150894057,0.09922935862890862,0.811211153667335,-6.661338147750939e-16,-6.947867836615274e-10,3,1.0000000000000007,5069853.7512313435,269.40279727351475,0.553498150894057,0.09922935862890862
799617407882.0458,1210536033.598283,0.14200748096023508,0.001283793327047764,2899.3106251215754,0.5533660899440825,0.09920312968450706,0.8117774261129362,8.881784197001252e-16,-6.975116040308649e-10,3,1.0000000000000007,5070318.472696416,269.31325379049184,0.5533660899440825,0.09920312968450706
800826617925.688,1209210043.6422524,0.14202385763159336,0.0012843615752319503,2899.464221845292,0.5532343231227267,0.09917660377281158,0.8123257494441205,0,-7.014729908050299e-10,3,1.0000000000000007,5070785.275081842,269.22460951247984,0.5532343231227267,0.09917660377281158
802034095699.0891,1207477773.400943,0.14204007493606816,0.0012849411875919892,2899.625741928746,0.5531028934834398,0.0991497899953133,0.8131694523294541,1.3322676295501878e-15,-7.089263620585484e-10,3,1.0000000000000007,5071254.312572435,269.13696643024605,0.5531028934834398,0.0991497899953133
803239218010.3921,1205122311.3029318,0.14205610798478824,0.0012855340319336047,2899.796484924359,0.552971867449198,0.0991227024520428,0.8141624176227769,-5.551115123125783e-16,-7.063826190645273e-10,3,1.0000000000000007,5071725.764532502,269.0504680276076,0.552971867449198,0.0991227024520428
804441255771.2067,1202037760.8144686,0.14207178630306408,0.0012861631691592796,2899.9911807973085,0.5528413226104703,0.09909535537789671,0.8241234542016862,-7.771561172376096e-16,-7.254975509241035e-10,3,1.0000000000000007,5072203.73260956,268.9662274332789,0.5528413226104703,0.09909535537789671
805632949031.5088,1191693260.3019876,0.14208712877509966,0.0012868065602798327,2900.197192816095,0.552712044132727,0.09906791658282416,0.8166122078545612,8.881784197001252e-16,-7.108351685047865e-10,3,1.0000000000000007,5072682.142058731,268.8839702622158,0.552712044132727,0.09906791658282416
806819807843.3816,1186858811.872795,0.14210219620002884,0.0012874703084072468,2900.417327209417,0.5525834310937677,0.09904026216950812,0.8178652145807153,0,-7.070881657966765e-10,3,1.0000000000000007,5073163.617704935,268.8034103659195,0.5525834310937677,0.09904026216950812
808000945999.5114,1181138156.1296546,0.14211695661907722,0.0012881567009187618,2900.6531825666957,0.5524555770177363,0.0990124138295022,0.8191226893994319,1.9984014443252818e-15,-7.068386986830433e-10,3,1.0000000000000007,5073648.339914085,268.7247323880914,0.5524555770177363,0.0990124138295022
809175488485.642,1174542486.1306717,0.14213137751166333,0.0012888672023664372,2900.905897525391,0.5523285738315552,0.09898439358526437,0.819911014637853,1.1102230246251565e-15,-7.027126658343263e-10,3,1.0000000000000007,5074136.341792595,268.64808118334196,0.5523285738315552,0.09898439358526437
810342910503.589,1167422017.9468796,0.142146083674999,0.0012895056038689848,2901.114966323572,0.5522024753483309,0.09895622409218809,0.7501504895035538,8.881784197001252e-16,-6.865737978145603e-10,3,1.0000000000000007,5074610.235335064,268.56932569934366,0.5522024753483309,0.09895622409218809
811556009353.3063,1213098849.7172458,0.14216183089271356,0.0012901047882270494,2901.2912162739926,0.5520715865538164,0.0989266301314924,0.8086058779499528,6.661338147750939e-16,-7.736897789101249e-10,3,1.0000000000000007,5075089.488946606,268.48444731047687,0.5520715865538164,0.0989266301314924
812770153508.0194,1214144154.71304,0.14217752417904334,0.0012907075119620197,2901.4698776657297,0.551940729396423,0.09889668574709623,0.8089215998430266,2.220446049250313e-16,-7.766618459470465e-10,3,1.0000000000000007,5075570.205189161,268.3999061250853,0.551940729396423,0.09889668574709623
813985106701.0614,1214953193.0419998,0.14219316727115172,0.0012913118920873207,2901.6498521921776,0.551809929051815,0.0988663966441114,0.8080619508243903,1.3322676295501878e-15,-7.984984895514913e-10,3,1.0000000000000007,5076052.0661392035,268.3156631602923,0.551809929051815,0.0988663966441114
815201515988.4569,1216409287.3956335,0.1422087694050175,0.0012919182086453052,2901.8312017866933,0.5516791156686994,0.09883574647862274,0.8083310916451314,-6.661338147750939e-16,-8.017835284590547e-10,3,1.0000000000000007,5076535.301186867,268.23166579178667,0.5516791156686994,0.09883574647862274
816419180348.7322,1217664360.2753325,0.1422243216843997,0.0012925272622981785,2902.014465361013,0.5515483107267471,0.09880473983810471,0.8086674335716637,-6.661338147750939e-16,-8.081895153111418e-10,3,1.0000000000000007,5077020.006535365,268.14796968951697,0.5515483107267471,0.09880473983810471
817637847563.0056,1218667214.2734075,0.14223981697507612,0.0012931394849824709,2902.1999562157794,0.5514175410981714,0.0987733827444976,0.8089289088575313,-7.771561172376096e-16,-8.225330416777865e-10,3,1.0000000000000007,5077506.195133138,268.0646187117643,0.5514175410981714,0.0987733827444976
818857321320.2565,1219473757.250735,0.1422552496820875,0.001293755205442447,2902.3879136610117,0.551286827547769,0.09874167993909376,0.8091078644578698,-4.440892098500626e-16,-8.29829649440228e-10,3,1.0000000000000007,5077993.876343801,267.9816463330758,0.551286827547769,0.09874167993909376
820077467198.1234,1220145877.866891,0.1422706134415147,0.0012943748954264177,2902.578664703554,0.5511561841269256,0.09870963464616866,0.8093571245149089,0,-8.411256136042766e-10,3,1.0000000000000007,5078483.103107099,267.89908564063484,0.5511561841269256,0.09870963464616866
821298097563.09,1220630364.966488,0.14228590276953984,0.0012949990530422375,2902.7725416904177,0.5510256305106399,0.0986772515518911,0.8096256261247436,-6.661338147750939e-16,-8.48354275717611e-10,3,1.0000000000000007,5078973.917024384,267.8169767630246,0.5510256305106399,0.0986772515518911
822519010107.4312,1220912544.3411617,0.14230115921201306,0.0012956205834277624,2902.965143591418,0.5508951878535177,0.09864453645028921,0.8033089023140594,2.220446049250313e-16,-8.48758729965482e-10,3,1.0000000000000007,5079465.010951341,267.7350362767647,0.5508951878535177,0.09864453645028921
823744996854.4156,1225986746.984439,0.14231645752617375,0.001296241354219497,2903.1567555454376,0.5507643446273621,0.09861136063216591,0.8094321547746919,-2.220446049250313e-16,-8.704668097436752e-10,3,1.0000000000000007,5079957.974033841,267.65286199238983,0.5507643446273621,0.09861136063216591
824971413562.492,1226416708.0764132,0.14233164729229925,0.0012968715281514059,2903.354600364789,0.5506335966936116,0.09857784756746664,0.812297623747904,-2.220446049250313e-16,-8.802365503157716e-10,3,1.0000000000000007,5080453.411703738,267.57135932822496,0.5506335966936116,0.09857784756746664
826196094552.3436,1224680989.8515847,0.14234672199122095,0.001297506395976774,2903.5561033617537,0.550503174036794,0.09854405672540587,0.8095874340363629,4.440892098500626e-16,-8.836280596113966e-10,3,1.0000000000000007,5080949.872853135,267.4905309609668,0.550503174036794,0.09854405672540587
827421087551.3232,1224992998.9796364,0.14236171836825065,0.001298145800742332,2903.7607987145125,0.5503728577881788,0.09850993217893451,0.8096803270907227,-6.661338147750939e-16,-8.947764751354725e-10,3,1.0000000000000007,5081447.900814439,267.4101711653439,0.5503728577881788,0.09850993217893451
828646322348.4657,1225234797.142677,0.14237662421601222,0.0012987913600140577,2903.9697119361226,0.5502426549020545,0.09847547563814434,0.8108005930540507,1.3322676295501878e-15,-9.17862452709528e-10,3,1.0000000000000007,5081947.768030224,267.3303549006487,0.5502426549020545,0.09847547563814434
829870952091.334,1224629742.8682222,0.14239142240188885,0.001299443414772175,2904.1832039216047,0.550112654681749,0.09844071078322761,0.8103984518170737,-7.771561172376096e-16,-9.292125957571784e-10,3,1.0000000000000007,5082449.311143315,267.25117897704143,0.550112654681749,0.09844071078322761
831095280737.9089,1224328646.574941,0.14240612266861788,0.0013001013304891247,2904.4008163170092,0.5499828241133148,0.09840562917849846,0.8105935916935536,-4.440892098500626e-16,-9.243640297640354e-10,3,1.0000000000000007,5082952.494035795,267.17258317483316,0.5499828241133148,0.09840562917849846
832319161018.9778,1223880281.068708,0.14242071443339055,0.0013007662071842696,2904.6232669548294,0.5498531780840179,0.09837023502860485,0.8110370000591338,-1.1102230246251565e-16,-9.399849787428138e-10,3,1.0000000000000007,5083457.479241154,267.0946281237676,0.5498531780840179,0.09837023502860485
833542258616.9662,1223097597.9884334,0.14243518733037439,0.0013014386922308788,2904.851017773421,0.5497237511972238,0.09833453802822036,0.8114055531638353,1.7763568394002505e-15,-9.479201867890197e-10,3,1.0000000000000007,5083964.292271852,267.0173718937856,0.5497237511972238,0.09833453802822036
834764296403.4799,1222037786.5135548,0.14244953309801037,0.0013021192494526521,2905.084406204529,0.5495945718721056,0.09829854640842513,0.8117066496726721,0,-9.677700862908978e-10,3,1.0000000000000007,5084472.940000078,266.94085861322026,0.5495945718721056,0.09829854640842513
835985048819.3457,1220752415.8657782,0.14246374178521606,0.001302808717609019,2905.3239954398027,0.5494656629703562,0.09826226699481068,0.8121813552253165,1.1102230246251565e-15,-9.737002315546306e-10,3,1.0000000000000007,5084983.512271511,266.86514354259157,0.5494656629703562,0.09826226699481068
837204160785.6686,1219111966.3229585,0.14247780097785423,0.0013035079951317968,2905.570406154133,0.5493370609143581,0.09822571056701629,0.8127054705597825,6.661338147750939e-16,-9.840676051808828e-10,3,1.0000000000000007,5085496.07213266,266.7902963287888,0.5493370609143581,0.09822571056701629
838421241867.9921,1217081082.323669,0.14249170164842348,0.001304217339486788,2905.8238665057265,0.5492088057024663,0.09818888923763823,0.8129622043606677,1.3322676295501878e-15,-1.0001431904882452e-09,3,1.0000000000000007,5086010.553920076,266.71636133623286,0.5492088057024663,0.09818888923763823
839636103577.1466,1214861709.1546402,0.14250639722382283,0.0013048102400125688,2906.004210568888,0.5490809158090219,0.09815182134835843,0.7180063504863554,6.661338147750939e-16,-8.529918993360752e-10,3,1.0000000000000007,5086504.372136274,266.6379818710718,0.5490809158090219,0.09815182134835843
840926446697.3674,1290343120.2207577,0.14252274290969646,0.0013053530595006585,2906.139733733068,0.5489452250030362,0.09811212968922632,0.8076966322156931,6.661338147750939e-16,-1.0312685150282164e-09,3,1.0000000000000007,5087011.079614724,266.5506441270301,0.5489452250030362,0.09811212968922632
842218628390.8271,1292181693.459552,0.14253905374520837,0.0013058992735815941,2906.277400645232,0.5488094877875731,0.09807205655904791,0.8087826094960171,4.440892098500626e-16,-1.0447828158177686e-09,3,1.0000000000000007,5087519.517972783,266.463583301527,0.5488094877875731,0.09807205655904791
843511782223.271,1293153832.443932,0.14255530961087384,0.001306449287905812,2906.4176399260277,0.5486737949460669,0.09803162825220106,0.8089867553628949,2.220446049250313e-16,-1.0524940918799075e-09,3,1.0000000000000007,5088029.617707479,266.376921312117,0.5486737949460669,0.09803162825220106
844805745630.8759,1293963407.6047697,0.14257148783305404,0.001307006240363226,2906.5624248458234,0.548538163153204,0.09799084930911382,0.8119644137605242,0,-1.0243528247855238e-09,3,1.0000000000000007,5088541.888178904,266.29080388542604,0.548538163153204,0.09799084930911382
846098142825.259,1292397194.3832402,0.1425870181319261,0.0013076545773385965,2906.764493477454,0.5484028407240596,0.09794978266021657,0.8475054891210476,4.440892098500626e-16,-1.080324940616606e-09,3,1.0000000000000007,5089071.220436214,266.20914663275306,0.5484028407240596,0.09794978266021657
847361619579.674,1263476754.4150794,0.14260221019593702,0.0013082747599008537,2906.954222757526,0.5482706853527259,0.09790930939596598,0.8018783381746886,-1.1102230246251565e-16,-1.0047903620247212e-09,3,1.0000000000000007,5089587.536596994,266.1291781513327,0.5482706853527259,0.09790930939596598
848631478648.109,1269859068.4351318,0.14261750886606273,0.0013088865253057754,2907.1380572776275,0.5481380010582523,0.09786830830549806,0.8021726415063934,6.661338147750939e-16,-1.0257713567440874e-09,3,1.0000000000000007,5090104.885645978,266.04857180856357,0.5481380010582523,0.09786830830549806
849907518127.235,1276039479.1259913,0.1426329067808021,0.0013094904457740548,2907.3163956046255,0.548004810301359,0.09782678421028482,0.8024636770354032,-5.551115123125783e-16,-1.053348297475054e-09,3,1.0000000000000007,5090623.320124072,265.96737492909097,0.548004810301359,0.09782678421028482
851189535554.4426,1282017427.207668,0.14264839657627634,0.001310087069487992,2907.4896224126787,0.5478711355059498,0.0977847420602838,0.8026937654836974,-1.2212453270876722e-15,-1.0672870365269205e-09,3,1.0000000000000007,5091142.88995153,265.88563399441574,0.5478711355059498,0.0977847420602838
852477374318.8306,1287838764.3877573,0.1426639726122546,0.001310676817234486,2907.6580336094303,0.547736994227941,0.0977421854250262,0.8029454225122468,0,-1.0915406356559743e-09,3,1.0000000000000007,5091663.633458834,265.8033853795545,0.547736994227941,0.0977421854250262
853770858105.9186,1293483787.0879886,0.14267962448966368,0.0013112608805301601,2907.8224004611293,0.5476024059979002,0.09769911851626073,0.803529138643233,6.661338147750939e-16,-1.119863868304094e-09,3,1.0000000000000007,5092185.724345586,265.72070044727116,0.5476024059979002,0.09769911851626073
855069539695.0808,1298681589.1620615,0.14269533883944083,0.0013118401639642357,2907.9833644025616,0.5474674184001489,0.09765555471055816,0.8044865107414978,2.220446049250313e-16,-1.1423835211132882e-09,3,1.0000000000000007,5092709.195559082,265.63766002235934,0.5474674184001489,0.09765555471055816
856372663894.9426,1303124199.8619044,0.1427111031367038,0.0013124145887898132,2908.141012701861,0.5473321107724751,0.09761151807001936,0.8035631195169035,-7.771561172376096e-16,-1.1530632004763675e-09,3,1.0000000000000007,5093233.82792406,265.5543339518895,0.5473321107724751,0.09761151807001936
857680996972.305,1308333077.3624194,0.14272693362641029,0.0013129835236939124,2908.2948335387455,0.5471964044220373,0.09756698163543892,0.8036156531887606,-1.1102230246251565e-16,-1.1715419745428335e-09,3,1.0000000000000007,5093759.737663447,265.47062929569057,0.5471964044220373,0.09756698163543892
858994516812.6335,1313519840.3287175,0.1427428267352369,0.001313547410056634,2908.4451113267037,0.5470603026061481,0.09752194482772782,0.8038034775281755,-7.771561172376096e-16,-1.192011045425545e-09,3,1.0000000000000007,5094287.005353087,265.38657021653046,0.5470603026061481,0.09752194482772782
860313089896.2146,1318573083.5809639,0.14275877736341605,0.0013141066568013134,2908.5921276662148,0.5469238200876716,0.09747641089289479,0.8040181298518689,-2.220446049250313e-16,-1.2056305953578317e-09,3,1.0000000000000007,5094815.672804626,265.30218929331977,0.5469238200876716,0.09747641089289479
861636558961.7681,1323469065.5534809,0.14277477979008485,0.0013146617332327555,2908.7362035094743,0.5467869740178636,0.09743038395836069,0.8042584358214366,6.661338147750939e-16,-1.2439042018641544e-09,3,1.0000000000000007,5095345.785516018,265.2175236075338,0.5467869740178636,0.09743038395836069
862964743718.5682,1328184756.8001237,0.14279082826265607,0.00131521304306683,2908.877623445846,0.5466497838501784,0.09738386904027091,0.804479644567202,4.440892098500626e-16,-1.2538654559079987e-09,3,1.0000000000000007,5095877.3696439285,265.13260913628886,0.5466497838501784,0.09738386904027091
864297477699.6945,1332733981.1261919,0.14280691758176592,0.001315760955553707,2909.0166470188615,0.5465122675283814,0.09733687076902584,0.804660805486801,4.440892098500626e-16,-1.2801161242137482e-09,3,1.0000000000000007,5096410.449190716,265.0474789935246,0.5465122675283814,0.09733687076902584
865634625939.0416,1337148239.3472345,0.14282282799361007,0.00131634143494475,2909.175385418661,0.5463744397471582,0.09728938943991824,0.8399066706021863,0,-1.2844283414636948e-09,3,1.0000000000000007,5096951.311858041,264.9636341819762,0.5463744397471582,0.09728938943991824
866947752394.2157,1313126455.174075,0.14283781417968858,0.0013170000105335422,2909.3865530005987,0.5462392273715752,0.097242426882709,0.832033995173953,1.1102230246251565e-15,-1.2579072228291466e-09,3,1.0000000000000007,5097500.044599024,264.88557039838054,0.5462392273715752,0.097242426882709
868243375024.0442,1295622629.8284512,0.14285266823448503,0.0013176288701645155,2909.582511121249,0.5461059521685648,0.09719576623688506,0.7979432102567241,-1.1102230246251565e-16,-1.2151625261580534e-09,3,1.0000000000000007,5098038.772306531,264.80804425989163,0.5461059521685648,0.09719576623688506
869548749277.2965,1305374253.2522,0.14286770789518005,0.001318244390579493,2909.769081452757,0.5459718092141677,0.09714843183655619,0.7987634811912336,-2.3314683517128287e-15,-1.2490518619401314e-09,3,1.0000000000000007,5098578.799053532,264.7294188008315,0.5459718092141677,0.09714843183655619
870863273070.8843,1314523793.5877187,0.14288291451834995,0.0013188479413693748,2909.947218568766,0.545836862536962,0.09710044291319801,0.7995088791012961,-2.220446049250313e-16,-1.2768338608637464e-09,3,1.0000000000000007,5099120.2016699435,264.6498109356149,0.545836862536962,0.09710044291319801
872186393317.9641,1323120247.079833,0.14289827128716512,0.001319440770497012,2910.1177900216867,0.5457011708926148,0.09705181723679818,0.8002108946303377,0,-1.313646080802755e-09,3,1.0000000000000007,5099663.049344076,264.569327636005,0.5457011708926148,0.09705181723679818
873517581933.389,1331188615.425,0.1429137603874974,0.0013200243854545306,2910.281815355725,0.5455647902456663,0.09700257191539101,0.8011206992231124,-3.3306690738754696e-16,-1.3423778755239368e-09,3,1.0000000000000007,5100207.463801195,264.4880837811194,0.5455647902456663,0.09700257191539101
874856127400.4556,1338545467.066657,0.14292934608297345,0.0013206023819811092,2910.4416457500874,0.545427795107793,0.09695273079848266,0.8029472246817715,2.220446049250313e-16,-1.375326297292645e-09,3,1.0000000000000007,5100753.891844891,264.40629789853404,0.545427795107793,0.09695273079848266
876200538645.7197,1344411245.2640998,0.14294503008097934,0.001321171361687901,2910.5953959405756,0.5452903393232532,0.0969023479663753,0.8012341050356309,4.440892098500626e-16,-1.409175331978929e-09,3,1.0000000000000007,5101301.264675146,264.3239565914086,0.5452903393232532,0.0969023479663753
877552284145.4069,1351745499.6871798,0.1429608732290651,0.0013217245174548323,2910.7387046827807,0.5451522740279979,0.09685136771543643,0.7937056328843894,8.881784197001252e-16,-1.4060628217293925e-09,3,1.0000000000000007,5101848.861064552,264.24066384496297,0.5451522740279979,0.09685136771543643
878917834472.3744,1365550326.967522,0.1429770023149614,0.0013222574593160985,2910.867875324874,0.5450129408865859,0.09679954495415533,0.798040150767898,-4.440892098500626e-16,-1.4575033402408621e-09,3,1.0000000000000007,5102397.815307995,264.1556785381925,0.5450129408865859,0.09679954495415533
880293579174.3522,1375744701.9777744,0.14299325626841738,0.001322786753454862,2910.993674155449,0.5448727111213638,0.09674701184215027,0.8032902412691278,-4.440892098500626e-16,-1.4953978055842754e-09,3,1.0000000000000007,5102950.063332563,264.07002193023465,0.5448727111213638,0.09674701184215027
881675057618.9669,1381478444.614871,0.14300956796342798,0.0013233123036008587,2911.1167339354606,0.5447320409694576,0.09669393587303847,0.8040942148235253,-2.220446049250313e-16,-1.5227904492931543e-09,3,1.0000000000000007,5103504.20603844,263.98406536427024,0.5447320409694576,0.09669393587303847
883061600015.554,1386542396.5870125,0.1430259200173854,0.0013238350495902486,2911.2377506647485,0.5445909994914964,0.09664034127993701,0.8047379461417759,-5.551115123125783e-16,-1.5455122737151328e-09,3,1.0000000000000007,5104060.211658036,263.8979066657658,0.5445909994914964,0.09664034127993701
884452668216.281,1391068200.7272666,0.14304229787519385,0.0013243562885939938,2911.3575871613275,0.5444496421018512,0.096586247495075,0.8054809411128794,4.440892098500626e-16,-1.572391994386635e-09,3,1.0000000000000007,5104618.153587103,263.811647996788,0.5444496421018512,0.096586247495075
885847633173.7615,1394964957.480385,0.1430586633648654,0.001324880811475017,2911.4792648953876,0.5443080332229822,0.09653167739332605,0.8101019378925489,2.220446049250313e-16,-1.5991808988147227e-09,3,1.0000000000000007,5105178.685937864,263.7255395826175,0.5443080332229822,0.09653167739332605
887242510361.879,1394877188.1176999,0.14307492526356386,0.0013254136912509455,2911.606496243332,0.5441665770922345,0.09647678513893033,0.8094163239658059,-1.1102230246251565e-15,-1.6110822675940994e-09,3,1.0000000000000007,5105741.521891525,263.64013173890214,0.5441665770922345,0.09647678513893033
888637890387.4369,1395380025.5578473,0.14309114823680671,0.0013259457213143854,2911.733563852121,0.5440252131057878,0.09642154838327559,0.8066590628796888,-1.3322676295501878e-15,-1.632441182231048e-09,3,1.0000000000000007,5106305.159841518,263.5549815302071,0.5440252131057878,0.09642154838327559
890036157047.565,1398266660.1280606,0.14310735376459738,0.001326479060341046,2911.861434357404,0.5438836995518737,0.0963658726677508,0.8072461560315602,0,-1.6485690590428703e-09,3,1.0000000000000007,5106870.752357938,263.4699867473096,0.5438836995518737,0.0963658726677508
891436806704.3618,1400649656.7968152,0.14312353495824126,0.0013270135474430548,2911.9900888435923,0.5437420874026282,0.09630977737161404,0.8070189791431481,-8.881784197001252e-16,-1.6585542939040465e-09,3,1.0000000000000007,5107438.118049837,263.3851827499486,0.5437420874026282,0.09630977737161404
892840040883.4817,1403234179.119874,0.14313969094372525,0.001327549721219224,2912.1198309187766,0.5436003562507299,0.09625325380081719,0.8075429924758737,-6.661338147750939e-16,-1.6819561299286079e-09,3,1.0000000000000007,5108007.421766249,263.3005758938303,0.5436003562507299,0.09625325380081719
894245408161.6676,1405367278.1860132,0.14315580692451857,0.0013280888746673083,2912.2515189421692,0.5434585516093564,0.09619631936535557,0.8083384914203684,-2.220446049250313e-16,-1.701135121656705e-09,3,1.0000000000000007,5108578.758519765,263.21625688157064,0.5434585516093564,0.09619631936535557
895652219037.527,1406810875.859317,0.14317186624950037,0.001328632152678506,2912.3859479062126,0.5433167427964207,0.09613900132554754,0.8090617832634539,-1.9984014443252818e-15,-1.7259350615361768e-09,3,1.0000000000000007,5109152.119740949,263.1323292126342,0.5433167427964207,0.09613900132554754
897059845370.9379,1407626333.4109266,0.14318784648075927,0.0013291817293430719,2912.5245344937193,0.543174992690439,0.09608132462653524,0.8106364848825542,-3.1086244689504383e-15,-1.73650671619896e-09,3,1.0000000000000007,5109727.699188579,263.0489325212489,0.543174992690439,0.09608132462653524
898466918985.0773,1407073614.1394134,0.14320372222495464,0.0013297384963114375,2912.668021356388,0.5430334383273546,0.09602334497621087,0.8110120534865484,4.440892098500626e-16,-1.750313338710896e-09,3,1.0000000000000007,5110305.2254981445,262.96621219630293,0.5430334383273546,0.09602334497621087
899873114388.9066,1406195403.8295138,0.1432194837836164,0.0013303032510083184,2912.8169391517017,0.5428921114928785,0.0959650757755571,0.8116020565329674,6.661338147750939e-16,-1.7537609142692645e-09,3,1.0000000000000007,5110884.7405041,262.88422552745226,0.5428921114928785,0.0959650757755571
901277921232.0857,1404806843.1790345,0.14323511956878515,0.0013308766103505177,2912.9717382679078,0.5427510624031516,0.09590653825553269,0.8119618137569784,8.881784197001252e-16,-1.758766132731182e-09,3,1.0000000000000007,5111466.194734592,262.8030361723891,0.5427510624031516,0.09590653825553269
902681029943.616,1403108711.530167,0.14325061552170099,0.0013314603725735116,2913.1335397973085,0.5426103209659322,0.09584774537312653,0.8134286608174612,1.1102230246251565e-15,-1.7763709392326632e-09,3,1.0000000000000007,5112049.81035917,262.72274003603474,0.5426103209659322,0.09584774537312653
904081178429.9557,1400148486.3396447,0.14326594427971076,0.0013320561130591689,2913.3034766532446,0.5424700123770305,0.09578875016567999,0.8144018388833718,-8.881784197001252e-16,-1.772076596573413e-09,3,1.0000000000000007,5112635.465352008,262.64349853052965,0.5424700123770305,0.09578875016567999
905477537890.7836,1396359460.8279138,0.14328108221958324,0.0013326659731865867,2913.4829516004174,0.5423302180262961,0.0957295879209391,0.815831448786053,-4.440892098500626e-16,-1.760913748150017e-09,3,1.0000000000000007,5113223.277058272,262.56546134689665,0.5423302180262961,0.0957295879209391
906868897910.9622,1391360020.1787362,0.1432960082139455,0.0013332906688628729,2913.6725612379187,0.5421910571569872,0.09567031061322472,0.8160310818738914,-1.5543122344752192e-15,-1.8277764857188572e-09,3,1.0000000000000007,5113812.986751352,262.48874920881735,0.5421910571569872,0.09567031061322472
908255106798.6394,1386208887.677203,0.14331140597816241,0.0013338163590415914,2913.803173617115,0.5420525421954087,0.09561094301592936,0.7540116093995852,1.1102230246251565e-15,-1.7373630312178534e-09,3,1.0000000000000007,5114383.999813644,262.40864141651366,0.5420525421954087,0.09561094301592936
909691859995.3593,1436753196.7198646,0.14332733376421936,0.0013343629104960412,2913.9396967863568,0.5419091146519252,0.0955490886712394,0.807414678033469,8.881784197001252e-16,-1.9555705943474777e-09,3,1.0000000000000007,5114976.201903789,262.3258344242794,0.5419091146519252,0.0955490886712394
911130911577.9282,1439051582.568996,0.14334322388640267,0.0013349120728163432,2914.0779298275866,0.5417655964493894,0.09548681047522845,0.807879172726178,-6.661338147750939e-16,-1.969873486551421e-09,3,1.0000000000000007,5115570.492595519,262.2432950527478,0.5417655964493894,0.09548681047522845
912571850806.3076,1440939228.3793662,0.14335906747407476,0.0013354645522477043,2914.218346643911,0.5416220283323722,0.09542412555402835,0.8084026446864012,1.1102230246251565e-15,-1.9911547965989485e-09,3,1.0000000000000007,5116166.870508148,262.1610844629162,0.5416220283323722,0.09542412555402835
914014212937.042,1442362130.7341878,0.14337485697567706,0.001336020456822078,2914.3610809101624,0.5414784562601814,0.09536105366480946,0.8084890708304204,-1.1102230246251565e-15,-2.0126302846534827e-09,3,1.0000000000000007,5116765.207816079,262.07924266440403,0.5414784562601814,0.09536105366480946
915457922203.9691,1443709266.9270997,0.1433905889968247,0.0013365801336329174,2914.5063542649277,0.5413348873609177,0.09529759775344973,0.8087147580770893,-2.220446049250313e-16,-2.0330344074892537e-09,3,1.0000000000000007,5117365.547197376,261.99778950825333,0.5413348873609177,0.09529759775344973
916902778215.7936,1444856011.824525,0.1434062569080348,0.0013371441741358283,2914.654554091941,0.5411913411094899,0.09523376623216429,0.8091162460865942,0,-2.0466900396698406e-09,3,1.0000000000000007,5117967.933632059,261.9167641878615,0.5411913411094899,0.09523376623216429
918348423081.3086,1445644865.5150762,0.14342185379741784,0.0013377128780305099,2914.805911212001,0.5410478525297981,0.09516957459520993,0.8093360885641498,-4.440892098500626e-16,-2.0626118590882925e-09,3,1.0000000000000007,5118572.307369286,261.83620555734217,0.5410478525297981,0.09516957459520993
919794660768.1633,1446237686.854604,0.14343737489453512,0.0013382865288222882,2914.9606255982203,0.5409044404749711,0.09510503132133213,0.8095101979022079,-1.3322676295501878e-15,-2.075363436659927e-09,3,1.0000000000000007,5119178.659237377,261.75613936608056,0.5409044404749711,0.09510503132133213
921241335919.0151,1446675150.8517048,0.143452807618164,0.00133886683278299,2915.119750780416,0.5407611197085035,0.09504014298023908,0.8110001697980707,4.440892098500626e-16,-2.0906394393449546e-09,3,1.0000000000000007,5119787.243896384,261.6766454122265,0.5407611197085035,0.09504014298023908
922687118735.1743,1445782816.1592016,0.14346813418074073,0.0013394537548613297,2915.283444244325,0.5406180211111467,0.09497496909195924,0.8104771037631409,2.220446049250313e-16,-2.101846252600126e-09,3,1.0000000000000007,5120397.622512766,261.5978219324422,0.5406180211111467,0.09497496909195924
924132475944.0194,1445357208.8450391,0.14348335981927135,0.001340047522377021,2915.451772231401,0.5404750975474933,0.09490948876201874,0.810893631270071,-1.1102230246251565e-15,-2.114459718427497e-09,3,1.0000000000000007,5121009.992653732,261.51964111761737,0.5404750975474933,0.09490948876201874
925577036517.8956,1444560573.876219,0.14349847530711118,0.001340648879384971,2915.6252286630006,0.5403323847716822,0.09484371877297207,0.8114348580556818,-4.440892098500626e-16,-2.1168078401245793e-09,3,1.0000000000000007,5121624.366315736,261.4421591056867,0.5403323847716822,0.09484371877297207
927020319320.3823,1443282802.48665,0.14351346994499156,0.0013412585264520516,2915.8042981085605,0.5401899292760685,0.09477768108856606,0.811943457607045,-4.440892098500626e-16,-2.131119392068115e-09,3,1.0000000000000007,5122240.7108308105,261.3654381222061,0.5401899292760685,0.09477768108856606
928461873776.2668,1441554455.8846219,0.1435283306879258,0.001341877614326351,2915.9897328803086,0.5400477743843771,0.09471139642572683,0.8127665324098032,-2.220446049250313e-16,-2.1335295752322736e-09,3,1.0000000000000007,5122859.083225522,261.289556006311,0.5400477743843771,0.09471139642572683
929900972725.8789,1439098949.6120942,0.143543045987426,0.0013425064959849838,2916.181835797794,0.5399059905058118,0.09464489852436075,0.8130715223320095,6.661338147750939e-16,-2.1353206980379014e-09,3,1.0000000000000007,5123479.304216379,261.21457794620727,0.5399059905058118,0.09464489852436075
931337350877.3263,1436378151.447314,0.14355760617089205,0.001343146225198461,2916.381270655985,0.539764602376214,0.09457820004148634,0.8138375034993928,-1.1102230246251565e-15,-2.1300777808264115e-09,3,1.0000000000000007,5124101.473869103,261.1405631315113,0.539764602376214,0.09457820004148634
932770338536.5938,1432987659.2675304,0.14357204478649602,0.0013437895517930851,2916.5837554906416,0.539623674366042,0.09451133337126391,0.8054697282766643,6.661338147750939e-16,-2.179037394967054e-09,3,1.0000000000000007,5124724.115514955,261.06727244514246,0.539623674366042,0.09451133337126391
934207350382.4303,1437011845.8364904,0.14358691034679408,0.0013443633496507212,2916.7440537559114,0.5394824761500533,0.09444396493782989,0.7691719154656607,-8.881784197001252e-16,-2.1619197543287783e-09,3,1.0000000000000007,5125336.553517535,260.9911665224975,0.5394824761500533,0.09444396493782989
935682007829.4315,1474657447.0012348,0.14360215870551982,0.0013449479266605115,2916.9062002786577,0.5393377093106069,0.09437450939010861,0.8039796954573131,-1.3322676295501878e-15,-2.353084282979978e-09,3,1.0000000000000007,5125964.6937862905,260.913107325709,0.5393377093106069,0.09437450939010861
937162176192.4543,1480168363.022888,0.14361744052738804,0.0013455301270827516,2917.0666065571845,0.5391925326069795,0.09430447022696126,0.8040800318631636,1.3322676295501878e-15,-2.3880553090549483e-09,3,1.0000000000000007,5126595.238978774,260.8348887074937,0.5391925326069795,0.09430447022696126
938647783367.4895,1485607175.0351615,0.14363275956965274,0.0013461089782238803,2917.224709050095,0.53904695363245,0.09423384974890829,0.802890644940879,-1.7763568394002505e-15,-2.4297930334427065e-09,3,1.0000000000000007,5127228.00661281,260.7564805439911,0.53904695363245,0.09423384974890829
940139953348.871,1492169981.3815444,0.14364813488162134,0.001346683676722839,2917.379881430212,0.5389008628958455,0.09416259348651596,0.8033181414512924,-2.220446049250313e-16,-2.478341309952725e-09,3,1.0000000000000007,5127863.237365796,260.6777703223771,0.5389008628958455,0.09416259348651596
941638316282.2502,1498362933.3793657,0.14366354872210246,0.0013472563286856746,2917.533446761287,0.5387542973367736,0.09409071745673583,0.8040638956041679,1.9984014443252818e-15,-2.516203800873029e-09,3,1.0000000000000007,5128501.196809963,260.5988743512316,0.5387542973367736,0.09409071745673583
943142199972.7982,1503883690.5481002,0.14367898980047103,0.0013478272456345767,2917.6856896664053,0.5386073232887341,0.09401825245831784,0.8044697176468052,1.5543122344752192e-15,-2.5645821022379778e-09,3,1.0000000000000007,5129141.719263346,260.51985586472813,0.5386073232887341,0.09401825245831784
944651243992.3518,1509044019.5534985,0.1436944512501127,0.001348396712890897,2917.8368353980613,0.5384599764234412,0.09394521461748925,0.8045495272779313,-2.6645352591003757e-15,-2.610654248336175e-09,3,1.0000000000000007,5129784.742667934,260.4407547776703,0.5384599764234412,0.09394521461748925
946165390942.0354,1514146949.683555,0.1437099295287376,0.0013489650918767535,2917.9871163655102,0.5383122627364506,0.09387160554022161,0.8048357857948218,2.220446049250313e-16,-2.658107511877006e-09,3,1.0000000000000007,5130430.321158912,260.361592025733,0.5383122627364506,0.09387160554022161
947684387872.41,1518996930.3746247,0.14372541769350022,0.0013495328454604994,2918.1368540402714,0.5381642072459194,0.09379743635191598,0.8051521176166698,0,-2.6878553827103246e-09,3,1.0000000000000007,5131078.459520846,260.2824062782411,0.5381642072459194,0.09379743635191598
949207950938.0933,1523563065.6832013,0.14374090864556874,0.00135010090618526,2918.286624894641,0.5380158378885856,0.09372271972645427,0.8058597951443591,-1.1102230246251565e-15,-2.730309645038176e-09,3,1.0000000000000007,5131729.23419078,260.20325732409225,0.5380158378885856,0.09372271972645427
950735422737.1119,1527471799.018789,0.14375632349280174,0.0013506814642731749,2918.443814577994,0.5378672188943332,0.09364748552084812,0.8200551378234611,-4.440892098500626e-16,-2.7076465514142e-09,3,1.0000000000000007,5132384.543512833,260.1246701459998,0.5378672188943332,0.09364748552084812
952253501075.4463,1518078338.3342645,0.14377120712455127,0.0013513223779042828,2918.638876731129,0.5377196433218802,0.0935723793401049,0.8349801333684681,-1.5543122344752192e-15,-2.751646799303842e-09,3,1.0000000000000007,5133048.47255629,260.0495315973463,0.5377196433218802,0.0935723793401049
953748698779.5675,1495197704.1211946,0.14378590112977022,0.0013519351833511854,2918.820556876627,0.5375744170067138,0.0934980810696748,0.7964713052976968,-2.220446049250313e-16,-2.634905071907667e-09,3,1.0000000000000007,5133700.373837468,259.97517292166503,0.5375744170067138,0.0934980810696748
955256541570.546,1507842790.9784012,0.1438007588696264,0.0013525383111527406,2918.9952303524624,0.5374280877488848,0.09342283191004969,0.7980433894272387,-8.881784197001252e-16,-2.7186258799716256e-09,3,1.0000000000000007,5134355.986418483,259.8998856162395,0.5374280877488848,0.09342283191004969
956775637923.7914,1519096353.2453845,0.14381575470775312,0.0013531330323689312,2919.1638492386123,0.5372807924604949,0.09334669832421992,0.7992244892285338,-1.5543122344752192e-15,-2.792352349345606e-09,3,1.0000000000000007,5135015.065770218,259.82382342821086,0.5372807924604949,0.09334669832421992
958304940567.2902,1529302643.498971,0.1438308715722875,0.0013537188857627642,2919.3263436112798,0.5371326342542843,0.09326973044994498,0.7984808483851857,0,-2.8696466314315217e-09,3,1.0000000000000007,5135677.184589036,259.74704638342575,0.5371326342542843,0.09326973044994498
959845234826.1167,1540294258.8264313,0.14384611240105052,0.0013542970497895522,2919.48332445109,0.5369835386023701,0.09319188644819476,0.7995419809558868,3.1086244689504383e-15,-2.9441870053048547e-09,3,1.0000000000000007,5136342.84237257,259.66955367098154,0.5369835386023701,0.09319188644819476
961395569892.1621,1550335066.0454519,0.14386145864016736,0.0013548688581244564,2919.6357034525,0.5368335990421468,0.09311321182618759,0.8003271158296688,2.220446049250313e-16,-3.031986106627471e-09,3,1.0000000000000007,5137011.958609154,259.5914701428257,0.5368335990421468,0.09311321182618759
962955245621.1248,1559675728.9626818,0.14387691374220807,0.0013554320219091635,2919.7822170212994,0.5366828845599001,0.09303374034137113,0.7985229673324046,4.440892098500626e-16,-3.099268397477317e-09,3,1.0000000000000007,5137683.896362677,259.5127576779632,0.5366828845599001,0.09303374034137113
964526089837.4854,1570844216.3605685,0.14389247916271086,0.0013559900406220644,2919.9247396727524,0.5365312199849754,0.09295337646082495,0.8012345961705414,-2.220446049250313e-16,-3.1803477629210875e-09,3,1.0000000000000007,5138359.938791656,259.4334374217525,0.5365312199849754,0.09295337646082495
966105503098.768,1579413261.2825365,0.14390811677534174,0.00135654386476187,2920.0641730234247,0.536378857581326,0.09287225060509142,0.8019020006355682,-2.220446049250313e-16,-3.24906901383315e-09,3,1.0000000000000007,5139039.348395747,259.35372816261963,0.536378857581326,0.09287225060509142
967692871172.1421,1587368073.3742483,0.1439238134889385,0.0013570943840197419,2920.2011311501046,0.5362258575339025,0.0927903924030481,0.802547774764184,8.881784197001252e-16,-3.3231637441843986e-09,3,1.0000000000000007,5139722.0794473495,259.27371113692493,0.5362258575339025,0.0927903924030481
969287592134.902,1594720962.7599556,0.1439395568771407,0.0013576424073830711,2920.336177255453,0.5360722786395089,0.0927078311184323,0.8031298007193932,8.881784197001252e-16,-3.3873266414019554e-09,3,1.0000000000000007,5140408.074686641,259.19346286436854,0.5360722786395089,0.0927078311184323
970889119419.7501,1601527284.8480387,0.14395533596784815,0.0013581885024166916,2920.4697293488884,0.5359181741712623,0.09262459343932102,0.8035346059365178,2.220446049250313e-16,-3.4497488199392023e-09,3,1.0000000000000007,5141097.253012541,259.11304566255376,0.5359181741712623,0.09262459343932102
972497076894.2346,1607957474.4845788,0.14397114148620255,0.0013587334450757286,2920.602299740702,0.5357635808452459,0.09254069739777963,0.8041391116875296,1.7763568394002505e-15,-3.518676683356148e-09,3,1.0000000000000007,5141789.629657703,259.03251860851407,0.5357635808452459,0.09254069739777963
974110883449.8948,1613806555.6602871,0.14398696361220314,0.0013592776182002764,2920.734194474692,0.535608554929512,0.09245617193576657,0.8043970242677112,4.440892098500626e-16,-3.577528606690805e-09,3,1.0000000000000007,5142485.076418571,258.9519381494073,0.535608554929512,0.09245617193576657
975730300685.1829,1619417235.287985,0.1440027979043738,0.0013598210759034877,2920.865488203469,0.5354531196211432,0.09237102835668394,0.804443914814712,-1.1102230246251565e-15,-3.634571199562231e-09,3,1.0000000000000007,5143183.528583544,258.8713246860047,0.5354531196211432,0.09237102835668394
977355300744.4,1625000059.2172472,0.14401863730587167,0.0013603648665729015,2920.9968157787825,0.5352972778593685,0.09228526683293244,0.8051410298193229,2.220446049250313e-16,-3.6985657869692545e-09,3,1.0000000000000007,5143885.174894926,258.79072400517487,0.5352972778593685,0.09228526683293244
978985196809.1981,1629896064.798174,0.14403447021899066,0.0013609094916746047,2921.1285637953283,0.5351410956779707,0.09219892237412436,0.8056416092583341,6.661338147750939e-16,-3.7597480684326e-09,3,1.0000000000000007,5144589.866752705,258.71020272496065,0.5351410956779707,0.09219892237412436
980619495664.417,1634298855.2188225,0.14405028544630818,0.001361455900215863,2921.261354447342,0.5349846203715387,0.09211201996125039,0.8063278116032802,4.440892098500626e-16,-3.810088911038179e-09,3,1.0000000000000007,5145297.605219555,258.6298322557249,0.5349846203715387,0.09211201996125039
982257511764.501,1638016100.0838351,0.14406607155020631,0.0013620046154197345,2921.3955832909605,0.5348279174693501,0.09202459505099152,0.8067762043151294,-1.5543122344752192e-15,-3.858375952070503e-09,3,1.0000000000000007,5146008.244353432,258.5496790664774,0.5348279174693501,0.09202459505099152
983898797274.68,1641285510.179202,0.14408176891981075,0.0013625656409051764,2921.537215699793,0.5346710296608466,0.09193666932631428,0.8174181560793858,-4.440892098500626e-16,-3.907562828864286e-09,3,1.0000000000000007,5146723.382068502,258.4701623775883,0.5346710296608466,0.09193666932631428
985532618391.567,1633821116.8868248,0.14409728746389758,0.0013631319232413881,2921.6833782304925,0.5345149813979524,0.09184881808513516,0.8070854244646153,-2.3314683517128287e-15,-3.884410793020265e-09,3,1.0000000000000007,5147437.900111607,258.39170024512725,0.5345149813979524,0.09184881808513516
987169386906.3229,1636768514.7558503,0.14411276213310317,0.0013637016146750996,2921.8317097909016,0.5343587768854074,0.09176048331974236,0.8076334391537987,6.661338147750939e-16,-3.926111991070513e-09,3,1.0000000000000007,5148155.26288637,258.3135478964835,0.5343587768854074,0.09176048331974236
988808551730.2594,1639164823.936518,0.14412818502211114,0.0013642746456748894,2921.9822512845653,0.5342024682904367,0.09167169416061455,0.807556536225329,-4.440892098500626e-16,-3.9717418243157e-09,3,1.0000000000000007,5148875.262468758,258.2357374330619,0.5342024682904367,0.09167169416061455
990450194532.2385,1641642801.9790952,0.1441434061061856,0.0013648777740697011,2922.150843391789,0.5340460475549478,0.09158244236957591,0.8420122318830714,-1.1102230246251565e-15,-3.960854200180108e-09,3,1.0000000000000007,5149602.5661488725,258.15928974389647,0.5340460475549478,0.09158244236957591
992060328366.096,1610133833.8574367,0.14415793556852302,0.0013655244441293708,2922.349625093056,0.5338927490935347,0.09149457181358253,0.8242443456929482,0,-3.8022479609267634e-09,3,1.0000000000000007,5150327.291817071,258.0869239681827,0.5338927490935347,0.09149457181358253
993656488638.0363,1596160271.9404314,0.14417229453248628,0.0013661622237622793,2922.545244735327,0.5337408977238152,0.09140713859120397,0.8044676821916674,0,-3.7313060419208455e-09,3,1.0000000000000007,5151046.455952494,258.01543345056274,0.5337408977238152,0.09140713859120397
995258127897.0826,1601639259.0463543,0.1441866574856549,0.001366800397138469,2922.740902784271,0.5335886411895373,0.09131908084143502,0.8051660477237377,1.5543122344752192e-15,-3.781657764712065e-09,3,1.0000000000000007,5151768.890689699,257.94396006536556,0.5335886411895373,0.09131908084143502
996864567819.3206,1606439922.2379358,0.14420101068501062,0.0013674399150091117,2922.9372464573157,0.533436044040656,0.09123043456054158,0.8059977824048659,-1.6653345369377348e-15,-3.854341068532108e-09,3,1.0000000000000007,5152494.525022609,257.87258550253523,0.533436044040656,0.09123043456054158
998474991226.8398,1610423407.5192363,0.14421533872900336,0.0013680817996206544,2923.1349771384666,0.5332831838135703,0.09114124366978046,0.8068041326692033,6.661338147750939e-16,-3.902311473957809e-09,3,1.0000000000000007,5153223.248699564,257.80140241079084,0.5332831838135703,0.09114124366978046
1000088601041.514,1613609814.6741002,0.14422962677592704,0.001368726993685343,2923.3347471722113,0.533130135915367,0.09105155131389596,0.8076145499580356,1.9984014443252818e-15,-3.9550872577009955e-09,3,1.0000000000000007,5153954.9427521285,257.73049822348116,0.533130135915367,0.09105155131389596
1001704592157.6746,1615991116.1604793,0.1442438596319574,0.0013693764864689318,2923.5372364847726,0.5329769762996156,0.09096140139958689,0.8084571449795686,-2.220446049250313e-16,-4.001761699790052e-09,3,1.0000000000000007,5154689.491907254,257.65996187911855,0.5329769762996156,0.09096140139958689
1003322124512.993,1617532355.3185709,0.14425802257531936,0.0013700310862097033,2923.743022756477,0.5328237840147743,0.09087084013670448,0.809174973276372,6.661338147750939e-16,-4.042079115862407e-09,3,1.0000000000000007,5155426.734035608,257.58987673930704,0.5328237840147743,0.09087084013670448
1004940481268.1473,1618356755.154345,0.144272144038811,0.0013706843737909596,2923.9483912851956,0.5326706261768698,0.09077990804985642,0.8004305089570618,-6.661338147750939e-16,-4.137375997359527e-09,3,1.0000000000000007,5156165.308440206,257.5200440718188,0.5326706261768698,0.09077990804985642
1006568483356.0045,1628002087.857313,0.14428653480938888,0.0013713014078644836,2924.13156690884,0.5325166676233491,0.09068811618130851,0.784651402463421,-2.220446049250313e-16,-4.200670589149524e-09,3,1.0000000000000007,5156902.264910309,257.4485480514417,0.5325166676233491,0.09068811618130851
1008222573177.8384,1654089821.8338635,0.14430108688039733,0.0013719316279841543,2924.320012781665,0.5323603562178598,0.09059452949745765,0.8066676500384506,1.3322676295501878e-15,-4.440372847192009e-09,3,1.0000000000000007,5157652.635095267,257.3763413536953,0.5323603562178598,0.09059452949745765
1009880076007.0905,1657502829.2522047,0.1443155945794671,0.001372566039514962,2924.511013630707,0.5322038363323902,0.0905004244467104,0.8088133535144593,1.1102230246251565e-15,-4.495993577435797e-09,3,1.0000000000000007,5158406.283749794,257.30444697286634,0.5322038363323902,0.0905004244467104
1011538794289.2073,1658718282.1168516,0.14433002438542186,0.0013732061637697626,2924.7057165376473,0.5320473149137311,0.0904059248863615,0.8095413935038653,-1.887379141862766e-15,-4.537800135651082e-09,3,1.0000000000000007,5159162.663209183,257.2330576148636,0.5320473149137311,0.0904059248863615
1013197982338.0845,1659188048.8772342,0.14434436310466175,0.00137385284930847,2924.9047032079307,0.5318908614955471,0.09031107287790564,0.8103120981151068,1.3322676295501878e-15,-4.5653042457516335e-09,3,1.0000000000000007,5159921.649359946,257.1622504652861,0.5318908614955471,0.09031107287790564
1014856850831.4873,1658868493.4028683,0.14435859613248334,0.0013745071137934,2925.1086588464213,0.5317345495403205,0.09021591324343776,0.8112792979075856,-8.881784197001252e-16,-4.600432701451496e-09,3,1.0000000000000007,5160683.128685725,257.09211094295796,0.5317345495403205,0.09021591324343776
1016514410882.6115,1657560051.1241221,0.14437270715852646,0.001375169918220383,2925.31825487786,0.5315784711068411,0.09012050256112518,0.8120846411996396,-1.3322676295501878e-15,-4.622272342658107e-09,3,1.0000000000000007,5161446.901134605,257.0227336622673,0.5315784711068411,0.09012050256112518
1018169842067.9841,1655431185.3726215,0.14438668137349292,0.0013758423476744836,2925.534212592442,0.5314227021760537,0.09002488807628024,0.8131368386954385,4.440892098500626e-16,-4.633304184764597e-09,3,1.0000000000000007,5162212.849414643,256.9542069716597,0.5314227021760537,0.09002488807628024
1019822077088.7489,1652235020.7648284,0.1444004997629825,0.0013765257425260606,2925.7574305134576,0.531267341752653,0.08992913156933242,0.8143828005013898,0,-4.632967010032019e-09,3,1.0000000000000007,5162980.805266424,256.8866429145065,0.531267341752653,0.08992913156933242
1021469860157.8993,1647783069.1504478,0.1444146067769279,0.0013771378719302214,2925.939721812535,0.531112505373868,0.08983331995198063,0.7377907848549192,1.9984014443252818e-15,-4.637296546761149e-09,3,1.0000000000000007,5163735.908686216,256.8169669956021,0.531112505373868,0.08983331995198063
1023196397327.2281,1726537169.3286762,0.1444295491549693,0.0013777454305506373,2926.111004807264,0.5309503807610619,0.08973260825281318,0.8030156523064491,-1.3605117032966518e-11,1.745048550105821e-12,4,1.0000000000000007,5164521.674749552,256.7428511088591,0.5309503807610619,0.08973260825281318
1024930426647.3099,1734029320.081881,0.14444451431098052,0.0013783526259427102,2926.281747711769,0.5307876655174699,0.08963113540642155,0.803397615933843,-1.396704973899432e-11,2.9558577807620168e-12,4,1.0000000000000007,5165311.596998222,256.66865605724905,0.5307876655174699,0.08963113540642155
1026671566582.2673,1741139934.9573803,0.14445949556855303,0.0013789596996613483,2926.452146662039,0.5306243956012408,0.08952892226442649,0.8036395107713368,-1.4329204489627045e-11,-1.9558799024821383e-12,4,1.0000000000000007,5166105.603073899,256.59441989188895,0.5306243956012408,0.08952892226442649
1028419583154.9243,1748016572.6570203,0.14447451620987253,0.0013795617274831758,2926.619354467133,0.5304605929683707,0.08942598219125321,0.7996584468206169,-1.468603016974157e-11,4.876099524153688e-13,4,1.0000000000000007,5166902.750456684,256.5199697969897,0.5304605929683707,0.08942598219125321
1030178866497.5458,1759283342.6213417,0.14448959301773562,0.0013801641597802172,2926.786093879562,0.5302958467147532,0.08932205467794223,0.8032302825644599,-1.520494841145137e-11,2.1678214778830807e-12,4,1.0000000000000007,5167705.721401242,256.44526735108707,0.5302958467147532,0.08932205467794223
1031945548006.1555,1766681508.609625,0.14450468726818236,0.0013807666879781851,2926.9525934828994,0.530130519534972,0.08921736591818402,0.8036251759879764,-1.5598966562890837e-11,2.7127189383691075e-12,4,1.0000000000000007,5168512.979414367,256.3705267608772,0.530130519534972,0.08921736591818402
1033719222847.8735,1773674841.7179768,0.14451979328685305,0.0013813694339020045,2927.1189753435197,0.5299646493697244,0.0891119385004295,0.8036826910917672,-1.5988876889139192e-11,7.500666754367558e-13,4,1.0000000000000007,5169324.406708599,256.29577915837933,0.5299646493697244,0.0891119385004295
1035499854987.1163,1780632139.2427747,0.14453490747954176,0.0013819720449342555,2927.2850891138696,0.5297982395837572,0.0890057733655132,0.803445246028156,-1.637667779164076e-11,-1.953215367223038e-12,4,1.0000000000000007,5170139.944539617,256.2210154565803,0.5297982395837572,0.0890057733655132
1037287735844.998,1787880857.8817694,0.14455002976096035,0.001382575572857721,2927.451492607128,0.529631262956344,0.08889885171452125,0.8041604507291744,-1.679245631436288e-11,3.042011087472929e-14,4,1.0000000000000007,5170959.909868069,256.1462630657191,0.529631262956344,0.08889885171452125
1039082096462.6932,1794360617.695072,0.14456514939494639,0.0013831804778119136,2927.618537571095,0.5294637912518221,0.08879121808726967,0.8046937580163949,-1.7181034372981685e-11,3.641087431560663e-12,4,1.0000000000000007,5171784.099744804,256.07158583389486,0.5294637912518221,0.08879121808726967
1040882363468.3372,1800267005.6439066,0.14458025759145499,0.0013837869771845825,2927.7864272551824,0.5292958778041283,0.08868290564173349,0.8047567499891439,-1.7558399179051776e-11,-5.077160913913303e-12,4,1.0000000000000007,5172612.345447898,255.99702690501985,0.5292958778041283,0.08868290564173349
1042688485612.7794,1806122144.442137,0.14459534640788604,0.0013843962032815728,2927.9558398921995,0.5291275271617917,0.08857391616216684,0.805798337638608,-1.7939316698800667e-11,-5.10658182406587e-12,4,1.0000000000000007,5173444.84243163,255.92263440523632,0.5291275271617917,0.08857391616216684
1044499310452.8934,1810824840.114198,0.1446104043141852,0.0013850079109318592,2928.126761051021,0.5289588463822975,0.08846431812514882,0.8057328838850797,-1.8280710278872903e-11,3.681499549657019e-13,4,1.0000000000000007,5174281.109209759,255.8484649901266,0.5289588463822975,0.08846431812514882
1046314923974.5747,1815613521.6810777,0.1446254251914285,0.0013856233062179639,2928.2998884447516,0.5287898270143679,0.08835410530133522,0.806971508504617,-1.8631762799259377e-11,-1.5836221223253233e-12,4,1.0000000000000007,5175121.405827096,255.77456114496712,0.5287898270143679,0.08835410530133522
1048133941222.9049,1819017248.3303206,0.14464039568112166,0.001386241903723187,2928.475098742502,0.5286205974090535,0.0882433609490502,0.8061183456864462,-1.892663803459982e-11,-6.874500968478969e-13,4,1.0000000000000007,5175965.116248956,255.70098284165098,0.5286205974090535,0.0882433609490502
1049957332715.2466,1823391492.3417478,0.1446553224150805,0.0013868641987157117,2928.652584352829,0.5284510666752253,0.0881320252869631,0.8066801127082357,-1.926470094559818e-11,4.67803573656056e-12,4,1.0000000000000007,5176812.725512273,255.62769654842276,0.5284510666752253,0.0881320252869631
1051784472433.6151,1827139718.3686726,0.14467019556700964,0.0013874906459731577,2928.832682513155,0.5282812924240387,0.08802013564715476,0.8072941164172232,-1.9581336552221273e-11,-2.6054713941903174e-12,4,1.0000000000000007,5177664.0779340835,255.55475472982278,0.5282812924240387,0.08802013564715476
1053614671688.3754,1830199254.760089,0.14468500108059587,0.0013881225400083604,2929.016215851443,0.5281113379562222,0.0879077332792045,0.8084423736010038,-1.9869106360204114e-11,-9.098277686803158e-13,4,1.0000000000000007,5178519.14050781,255.48224495589807,0.5281113379562222,0.0879077332792045
1055446633217.6929,1831961529.31759,0.14469963700427962,0.001388776207915242,2929.2128222630545,0.5279413230528336,0.08779489485615549,0.8319488652153151,-1.9702794951115266e-11,-6.574740751830177e-12,4,1.0000000000000007,5179380.220288449,255.4108442308437,0.5279413230528336,0.08779489485615549
1057254267386.3585,1807634168.665511,0.14471362492983875,0.0013894894640714922,2929.447261091938,0.5277736667713439,0.08768321753197762,0.8402846092547822,-1.915922975825879e-11,-5.219158438762861e-13,4,1.0000000000000007,5180243.680802826,255.34342199090213,0.5277736667713439,0.08768321753197762
1059029028264.8221,1774760878.4635673,0.1447273616986354,0.0013901754356503446,2929.669706587077,0.5276091556336843,0.08757324664487252,0.7955854086638681,-1.7930101847696278e-11,-4.585887225516672e-12,4,1.0000000000000007,5181090.654643589,255.27710025290568,0.5276091556336843,0.08757324664487252
1060819794724.4492,1790766459.627046,0.1447412258654296,0.00139085536991082,2929.8875349586424,0.527443256532729,0.08746196156143365,0.7964171189200897,-1.8745671681585918e-11,8.528733275170453e-13,4,1.0000000000000007,5181944.546769056,255.2100686368558,0.527443256532729,0.08746196156143365
1062625767369.3744,1805972644.9250224,0.14475519389492283,0.0013915319040799083,2930.102376858371,0.5272760444728293,0.08734940861429462,0.7995387953096955,-1.9520052241261965e-11,-3.799738301779598e-12,4,1.0000000000000007,5182805.526586797,255.1424763656728,0.5272760444728293,0.08734940861429462
1064443516336.1833,1817748966.8090856,0.14476926942150242,0.001392198179184592,2930.310588727342,0.5271078375343118,0.08723579982069815,0.7895553126580079,-2.0300205960666062e-11,-3.4606761900590755e-12,4,1.0000000000000007,5183671.063890914,255.0742597662318,0.5271078375343118,0.08723579982069815
1066284649224.2432,1841132888.059853,0.1447836158575446,0.001392845691046212,2930.5060504700364,0.5269375625773812,0.0871204096238789,0.7848240109187277,-2.1601942457039058e-11,-6.799338869711846e-12,4,1.0000000000000007,5184544.375016231,255.0044882994559,0.5269375625773812,0.0871204096238789
1068155079418.2002,1870430193.9569306,0.14479826246180438,0.0013934795770293618,2930.691179329528,0.5267646749300279,0.08700286315155947,0.7871283580485056,-2.3263502235693068e-11,8.536726880947754e-12,4,1.0000000000000007,5185428.815153912,254.9330597708961,0.5267646749300279,0.08700286315155947
1070052489633.8291,1897410215.6290755,0.1448131732828704,0.0013941018638259114,2930.867413190601,0.5265893911816812,0.08688330050940649,0.7887129996331232,-2.490530004450875e-11,-2.298161660974074e-13,4,1.0000000000000007,5186323.856091229,254.86018788047417,0.5265893911816812,0.08688330050940649
1071975334488.394,1922844854.5648184,0.14482832284421676,0.001394713678812339,2931.035609669888,0.5264118561779867,0.08676181419804511,0.7900481223399591,-2.6547875009441668e-11,-3.42115225038242e-12,4,1.0000000000000007,5187229.117937733,254.7860095070121,0.5264118561779867,0.08676181419804511
1073922307723.094,1946973234.7000887,0.14484368539918746,0.0013953169714363443,2931.197059842854,0.5262321923771426,0.08663848207908188,0.7917222795417178,-2.8201441182318376e-11,2.6827429167042283e-12,4,1.0000000000000007,5188144.460804782,254.71067935992636,0.5262321923771426,0.08663848207908188
1075891626661.827,1969318938.7330983,0.14485923248030544,0.0013959133197035951,2931.352885669939,0.5260505658784731,0.08651341268460805,0.7932794723886083,-2.9829805292536093e-11,5.488276499931999e-12,4,1.0000000000000007,5189069.480514473,254.63436110300708,0.5260505658784731,0.08651341268460805
1077881591757.1774,1989965095.3502228,0.14487493718143143,0.0013965042166937025,2931.504147417389,0.5258671347470258,0.08638670991372155,0.794760452171861,-3.1424751689712593e-11,-9.732215033864122e-13,4,1.0000000000000007,5190003.787998382,254.5572094272809,0.5258671347470258,0.08638670991372155
1079890545070.4581,2008953313.2808738,0.14489077370437328,0.001397091110722216,2931.651869416764,0.5256820528615395,0.08625847560900413,0.7962161044372529,-3.2981839481749375e-11,-2.2581936320875684e-13,4,1.0000000000000007,5190946.998809144,254.479373850025,0.5256820528615395,0.08625847560900413
1081916813019.1632,2026267948.7051153,0.14490662988263428,0.0013976920988923352,2931.8066792077007,0.5254954754053861,0.08612881052189887,0.8251773958578568,-3.415767668712988e-11,-8.846257060213247e-13,4,1.0000000000000007,5191901.585899865,254.4016151771127,0.5254954754053861,0.08612881052189887
1083924360025.049,2007547005.8856785,0.14492206110698383,0.0013983248905318976,2931.9823492638493,0.5253107192864725,0.08600001231201963,0.8206236457031224,-3.350064670115671e-11,-1.701971896750365e-13,4,1.0000000000000007,5192855.884644444,254.32644464319165,0.5253107192864725,0.08600001231201963
1085918870029.0964,1994510004.0474472,0.14493735657685583,0.001398946212386654,2932.1532594707232,0.525127257528212,0.08587172626154492,0.7983430537483738,-3.296041217737411e-11,5.893729948525106e-12,4,1.0000000000000007,5193804.557463057,254.25192768948008,0.525127257528212,0.08587172626154492
1087927888607.7603,2009018578.6637874,0.14495271785419572,0.0013995668431442479,2932.323023746409,0.5249425550130982,0.0857421836140751,0.7999655544932427,-3.429012629396766e-11,-2.124855846830087e-12,4,1.0000000000000007,5194760.96815575,254.17708941438244,0.5249425550130982,0.0857421836140751
1089949468079.1631,2021579471.4028306,0.144968115812887,0.001400188791071328,2932.492988804457,0.5247567909113142,0.08561150712290562,0.8019599555264545,-3.552858007793702e-11,-1.6999734953060397e-12,4,1.0000000000000007,5195724.693425001,254.10210905294034,0.5247567909113142,0.08561150712290562
1091981155944.4569,2031687865.293625,0.144983517338432,0.0014008136787665958,2932.664338160854,0.5245701903981974,0.08547985283225466,0.8040137880471754,-3.664379910617299e-11,2.290834189011548e-12,4,1.0000000000000007,5196695.024594433,254.02717405660266,0.5245701903981974,0.08547985283225466
1094020393157.9509,2039237213.4939628,0.1449988880282803,0.0014014431600184781,2932.838283291211,0.5243829880116827,0.08534738444917256,0.8054667895163181,-3.759526023827675e-11,-3.3155700407405675e-12,4,1.0000000000000007,5197671.210579398,253.9524768777981,0.5243829880116827,0.08534738444917256
1096065360788.4314,2044967630.4805944,0.14501421109037693,0.001402077231156041,2933.0149893422476,0.524195349936336,0.08521421879286764,0.8062949258258456,-3.8421155146295405e-11,-2.8236302185291606e-12,4,1.0000000000000007,5198652.508742806,253.8781088411257,0.524195349936336,0.08521421879286764
1098115021535.726,2049660747.2944717,0.14502947084976264,0.0014027168941897752,2933.1951358660936,0.5240073703885216,0.08508042228528444,0.8069364403062718,-3.918299018579319e-11,-8.085754288345015e-13,4,1.0000000000000007,5199638.681879876,253.80416022523406,0.5240073703885216,0.08508042228528444
1100168569398.0237,2053547862.2976384,0.14504465457214283,0.0014033630286613972,2933.379307812359,0.5238191222146978,0.08494604653062074,0.8080962382583934,-3.98931998546459e-11,5.606626274357041e-13,4,1.0000000000000007,5200629.563620976,253.7307041383863,0.5238191222146978,0.08494604653062074
1102224534773.137,2055965375.1131542,0.14505974410997463,0.001404016502298858,2933.568137923489,0.5236307389218745,0.08481118685832888,0.8096754754161051,-4.0336955997588575e-11,-8.859579736508749e-14,4,1.0000000000000007,5201624.700618946,253.65784409124518,0.5236307389218745,0.08481118685832888
1104280912130.881,2056377357.7442014,0.14507464981185975,0.0014046908558984293,2933.7695982627424,0.5234424031336266,0.08467597098067194,0.8198889918376029,-4.0930148159645796e-11,-2.7280400161089347e-12,4,1.0000000000000007,5202625.651087811,253.58618260791755,0.5234424031336266,0.08467597098067194
1106324850493.6802,2043938362.7991796,0.14508936004446032,0.0014053659682758156,2933.9732912711565,0.5232552894255951,0.08454124696792258,0.8075812034380458,-4.0349390495464377e-11,2.5084379018380787e-12,4,1.0000000000000007,5203623.411724658,253.51558092569095,0.5232552894255951,0.08454124696792258
1108371847480.6367,2046996986.9564881,0.14510398968183177,0.0014060467834023198,2934.1806342627733,0.5230679770159425,0.08440599596369323,0.8071067411630217,-4.099420802816667e-11,3.1663560662309465e-13,4,1.0000000000000007,5204625.453408234,253.4454805175077,0.5230679770159425,0.08440599596369323
1110422510150.0115,2050662669.374826,0.14511854307645825,0.0014067334887687053,2934.3916773719993,0.522880409118752,0.08427017736080541,0.8075045336564113,-4.170175316176028e-11,-3.2946978478776145e-12,4,1.0000000000000007,5205632.084968676,253.37585990930785,0.522880409118752,0.08427017736080541
1112476339001.0967,2053828851.0851684,0.14513301595816175,0.0014074259817099578,2934.6064064854463,0.5226926301726534,0.08413382368598045,0.8072037420425726,-4.2373216047053575e-11,-4.449329793487777e-12,4,1.0000000000000007,5206643.095240287,253.30673962410802,0.5226926301726534,0.08413382368598045
1114533722140.8398,2057383139.7432787,0.14514741229886655,0.0014081243179763802,2934.824806776234,0.5225046034241215,0.08399690869336666,0.8073321906831854,-4.307698642236346e-11,-2.4082957850168896e-12,4,1.0000000000000007,5207658.678019895,253.2381044656969,0.5225046034241215,0.08399690869336666
1116594501762.9263,2060779622.08646,0.14516172808433112,0.0014088289453523463,2935.0471482774747,0.5223163420292863,0.08385944223849923,0.8076290715364198,-4.376943252282217e-11,-2.798539178172632e-12,4,1.0000000000000007,5208678.863768022,253.16997941167347,0.5223163420292863,0.08385944223849923
1118658304047.645,2063802284.718828,0.14517596062253993,0.0014095397914022732,2935.273416407176,0.5221278788273985,0.08372144872595438,0.8077930065131245,-4.442257672820915e-11,2.3934187964869125e-12,4,1.0000000000000007,5209703.496826459,253.10237990504555,0.5221278788273985,0.08372144872595438
1120724923694.8157,2066619647.1707182,0.14519009580599682,0.0014102588388993891,2935.5047815271846,0.5219392312515677,0.08358294098985282,0.80976777755426,-4.508149409332418e-11,-3.2953639816923896e-12,4,1.0000000000000007,5210732.854421083,253.0353888941166,0.5219392312515677,0.08358294098985282
1122791839649.817,2066915955.0011752,0.14520395729745006,0.0014110145054306916,2935.757802334489,0.5217506284404761,0.08344408176745333,0.848946784121063,-4.533351471991409e-11,3.6557423754857155e-12,4,1.0000000000000007,5211770.785291694,252.9701572020943,0.5217506284404761,0.08344408176745333
1124810787463.6914,2018947813.8743575,0.14521728130279588,0.0014117772702505662,2936.0197717813126,0.5215664708255288,0.08330811730438889,0.8102475462790082,-4.158484667726725e-11,-6.049605261182478e-13,4,1.0000000000000007,5212791.254778879,252.90782371624763,0.5215664708255288,0.08330811730438889
1126829426840.2244,2018639376.5330129,0.14523047661999894,0.0014125502133235488,2936.2881530291247,0.5213824076254381,0.08317184715658087,0.8127342310260133,-4.1906700332106084e-11,1.7719159473017498e-12,4,1.0000000000000007,5213815.439339805,252.8463003588545,0.5213824076254381,0.08317184715658087
1128844667764.8445,2015240924.6201298,0.14524350426255062,0.0014133340824372695,2936.563721576005,0.5211987189687566,0.08303547964607089,0.8142295881974349,-4.196509806320137e-11,2.937650123158164e-13,4,1.0000000000000007,5214842.1284785895,252.7857508308213,0.5211987189687566,0.08303547964607089
1130854667700.069,2009999935.2246747,0.14525661057338934,0.0014140797874142418,2936.818491673084,0.5210155703634136,0.08289914747692151,0.730420855188374,-4.260991559590366e-11,-2.3340218646694666e-12,4,1.0000000000000007,5215862.134161291,252.72449907730643,0.5210155703634136,0.08289914747692151
1132971331929.2935,2116664229.224406,0.14527080689658484,0.0014147821237972932,2937.039565053062,0.5208227661147972,0.08275526804058779,0.7740196024397239,-5.263911528885501e-11,2.226885342793139e-12,4,1.0000000000000007,5216923.301862214,252.65726545148013,0.5208227661147972,0.08275526804058779
1135136634044.4207,2165302115.1270657,0.14528526125288616,0.0014154996590716785,2937.2657645169015,0.5206255960899446,0.08260775986040862,0.8016582109249271,-5.82621728639765e-11,-1.3524736885983657e-12,4,1.0000000000000007,5218010.748470856,252.58887102491295,0.5206255960899446,0.08260775986040862
1137313172711.5461,2176538667.125374,0.14529970737283673,0.001416221518408504,2937.494132711038,0.5204274663822092,0.08245916188034053,0.8032479258124336,-6.006051211926433e-11,-1.88049575911009e-12,4,1.0000000000000007,5219106.192657339,252.52059913620118,0.5204274663822092,0.08245916188034053
1139498840188.952,2185667477.4058805,0.14531411750357298,0.001416949234618177,2937.72574189081,0.5202285677343036,0.08230961584973763,0.8052577715744746,-6.16617867876812e-11,-5.2621240698158545e-12,4,1.0000000000000007,5220209.009706787,252.45260356596907,0.5202285677343036,0.08230961584973763
1141690934005.593,2192093816.6410766,0.1453285515364001,0.0014176674162938315,2937.952008651073,0.5200291445218824,0.08215930775026392,0.7769268164925514,-6.392664175791651e-11,1.2589929099249275e-13,4,1.0000000000000007,5221315.398757861,252.3844562021444,0.5200291445218824,0.08215930775026392
1143929199453.3804,2238265447.787374,0.14534352111675833,0.0014183456915596144,2938.1520390005444,0.5198255796426702,0.0820055215385111,0.7647375464825412,-6.971401234068253e-11,2.041700142285663e-12,4,1.0000000000000007,5222437.630961584,252.313295908784,0.5198255796426702,0.0820055215385111
1146232750779.2468,2303551325.8662667,0.14535885425672143,0.0014190427568795954,2938.3579829877185,0.5196161365965513,0.08184692770159978,0.8004360828317569,-7.910017085777099e-11,-5.478062448105447e-12,4,1.0000000000000007,5223594.696002826,252.2404776015767,0.5196161365965513,0.08184692770159978
1148550023098.0537,2317272318.8070426,0.1453741896363037,0.0014197446768477678,2938.5662698776846,0.5194055041493184,0.08168706502441281,0.802212025557969,-8.184475319694684e-11,5.839773109528323e-13,4,1.0000000000000007,5224761.262506762,252.16774622659943,0.5194055041493184,0.08168706502441281
1150878516433.2893,2328493335.2354827,0.14538949798824302,0.0014204526442975608,2938.7778093757593,0.5191939081492254,0.08152610361129865,0.8040681909182723,-8.429346110006009e-11,-2.5476287746073467e-12,4,1.0000000000000007,5225936.468267823,252.09525840980436,0.5191939081492254,0.08152610361129865
1153215582920.43,2337066487.1407847,0.14540474891726277,0.0014211679625742541,2938.9935786110605,0.5189815876459661,0.0813642244592513,0.8059331892129595,-8.639233772811394e-11,1.0647038806155251e-12,4,1.0000000000000007,5227119.3957348345,252.02317960980545,0.5189815876459661,0.0813642244592513
1155558538510.701,2342955590.270902,0.1454199094255398,0.0014218923023843503,2939.214769633017,0.5187687847566095,0.08120161171121684,0.8086555977615539,-8.810785434576474e-11,6.565414878423326e-12,4,1.0000000000000007,5228309.165866627,251.95168742714685,0.5187687847566095,0.08120161171121684
1157903440891.829,2344902381.128046,0.14543493691299864,0.0014226276890946673,2939.442853149923,0.5185558556641767,0.08103853744121205,0.8117980400401681,-8.922362848551302e-11,8.046896482483135e-13,4,1.0000000000000007,5229504.38477458,251.88102353513656,0.5185558556641767,0.08103853744121205
1160245744987.8118,2342304095.982774,0.14544982493129055,0.0014233683431947354,2939.674902762802,0.5183432109006403,0.08087531808693624,0.7996242601393533,-8.988365607365267e-11,-4.320988011841109e-12,4,1.0000000000000007,5230702.031155389,251.81117402351467,0.5183432109006403,0.08087531808693624
1162603196702.861,2357451715.0493255,0.14546487574883776,0.0014240838474835825,2939.8921621753275,0.518129236696218,0.0807107259126057,0.7679213055722389,-9.34392563323172e-11,-1.2989609388114332e-14,4,1.0000000000000007,5231904.8302500555,251.74029012934596,0.518129236696218,0.0807107259126057
1165024376030.9734,2421179328.112417,0.14548039779204774,0.0014247896299439038,2940.0994908609287,0.5179095225727492,0.08054136777721856,0.7722952316546738,-1.0535916583620519e-10,4.412026299860372e-12,4,1.0000000000000007,5233137.648662787,251.66692670053226,0.5179095225727492,0.08054136777721856
1167503954119.953,2479578088.9793353,0.14549632767624346,0.0014254884670658336,2940.298968075756,0.5176845518214815,0.08036760707259855,0.7763345390154885,-1.174300656714422e-10,-1.0451639553821224e-12,4,1.0000000000000007,5234398.722920954,251.59143901794408,0.5176845518214815,0.08036760707259855
1170036724655.682,2532770535.7290144,0.1455126010899368,0.0014261837743713346,2940.493009335191,0.5174547960935045,0.08018980000642151,0.7810065308366809,-1.2950807093403682e-10,-1.1617373729677638e-12,4,1.0000000000000007,5235686.44257407,251.51419664078682,0.5174547960935045,0.08018980000642151
1172616079080.934,2579354425.2520275,0.14552914420873336,0.0014268787089333874,2940.683990053762,0.5172208537396878,0.080008402601764,0.7858999696852553,-1.4110868029604262e-10,-5.6343818499726694e-12,4,1.0000000000000007,5236998.49108362,251.43561252152108,0.5172208537396878,0.080008402601764
1175234683493.866,2618604412.932222,0.14554587734246321,0.001427576661383544,2940.8744623276616,0.5169833883977251,0.07982392349221741,0.7914452179735854,-1.5182133328295322e-10,-2.2026824808563106e-13,4,1.0000000000000007,5238332.236516771,251.35613163908997,0.5169833883977251,0.07982392349221741
1177883805590.6165,2649122096.750777,0.1455626999767417,0.0014282830060491146,2941.068206699919,0.5167431900984526,0.07963697097883184,0.8001952939151735,-1.6102374988946622e-10,-6.482592240786289e-12,4,1.0000000000000007,5239684.722111161,251.27632037192865,0.5167431900984526,0.07963697097883184
1180549107977.1963,2665302386.579656,0.14557949479180088,0.0014289984223750936,2941.2667526648916,0.5165015565513635,0.07944855202837654,0.8040039033152535,-1.670786842211669e-10,-4.3257619708469974e-12,4,1.0000000000000007,5241049.540412465,251.19679238171494,0.5165015565513635,0.07944855202837654
1183224330542.5261,2675222565.3299537,0.14559606676328976,0.001429751420580961,2941.486728217282,0.5162590533205608,0.07925909911373263,0.8520484923169036,-1.714133279762109e-10,-4.4784176367329565e-12,4,1.0000000000000007,5242428.829535658,251.11882636533758,0.5162590533205608,0.07925909911373263
1185832707003.4875,2608376460.961478,0.14561206116275643,0.0014304949468169621,2941.707499849854,0.5160226356702932,0.07907405582083346,0.7890574972579945,-1.5697898536615185e-10,1.5836221223253233e-12,4,1.0000000000000007,5243778.721587756,251.0437706728285,0.5160226356702932,0.07907405582083346
1188475471455.285,2642764451.797488,0.14562819912638428,0.0014312405832369378,2941.927741362856,0.5157831241540389,0.0788862517044627,0.7897991650962499,-1.6772483402149874e-10,1.9617640845126516e-12,4,1.0000000000000007,5245148.302362404,250.968029077313,0.5157831241540389,0.0788862517044627
1191151819748.153,2676348292.8682165,0.1456444598206947,0.0014319906956589469,2942.148877247933,0.5155405889581335,0.07869573916904943,0.7927881216784893,-1.7887968883911753e-10,-1.110334046927619e-12,4,1.0000000000000007,5246537.731420177,250.8917362108118,0.5155405889581335,0.07869573916904943
1193857064560.4827,2705244812.329347,0.1456608008997119,0.0014327458609869669,2942.3716286006884,0.5152954519701375,0.07850284740943275,0.7933316945041291,-1.8923873579268502e-10,-1.6667778268697475e-12,4,1.0000000000000007,5247945.038452325,250.8151132545405,0.5152954519701375,0.07850284740943275
1196590580934.7305,2733516374.247741,0.14567720880017776,0.0014335073437665223,2942.5967780920996,0.5150477667233717,0.07830761712425337,0.7956996658786686,-1.9992785205147356e-10,-1.0658141036401503e-12,4,1.0000000000000007,5249370.2634861935,250.7382451632769,0.5150477667233717,0.07830761712425337
1199348551338.1648,2757970403.434542,0.14569364685392702,0.0014342761238937349,2942.8251945039574,0.5147978758862055,0.07811031718876352,0.797296267340819,-2.0992263483066154e-10,-5.631939359318494e-12,4,1.0000000000000007,5250811.891333556,250.6613286715405,0.5147978758862055,0.07811031718876352
1202128406991.3528,2779855653.187863,0.14570999863352735,0.0014350711590134563,2943.067768411598,0.5145460093292398,0.07791112227318843,0.8229450323971044,-2.1930879334775e-10,2.190470027585434e-12,4,1.0000000000000007,5252272.138113716,250.58515421166115,0.5145460093292398,0.07791112227318843
1204886312236.1956,2757905244.842716,0.14572608225844896,0.0014358640134268855,2943.311745508333,0.5142961354288809,0.07771317577286109,0.7971342326495989,-2.1518453685587247e-10,1.8429702208777599e-13,4,1.0000000000000007,5253725.305266685,250.5103694712534,0.5142961354288809,0.07771317577286109
1207666384725.4587,2780072489.2630315,0.14574217394421438,0.0014366643187116244,2943.5592714832937,0.5140442533070548,0.07751331504421216,0.8051485145266213,-2.2507229413548657e-10,-4.0167869030938164e-13,4,1.0000000000000007,5255194.045384443,250.4356509509282,0.5140442533070548,0.07751331504421216
1210454820407.7024,2788435682.243845,0.1457579758763316,0.001437508250018915,2943.831869225373,0.5137916110311332,0.07731252001832573,0.8584703348191169,-2.2992452386461082e-10,2.758016037773814e-12,4,1.0000000000000007,5256678.173046947,250.3628091780666,0.5137916110311332,0.07731252001832573
1213163393095.072,2708572687.369551,0.1457731515045151,0.0014383395154479448,2944.1040990408733,0.5135461996753996,0.07711715357628947,0.8060755063432623,-2.0725243743413557e-10,-5.15865128392079e-12,4,1.0000000000000007,5258125.655068008,250.2931102946046,0.5135461996753996,0.07711715357628947
1215878551312.8918,2715158217.8199344,0.14578830390303926,0.001439163983280454,2944.3728819211137,0.513300182851377,0.07692099898678399,0.795967655675689,-2.1215917911376891e-10,-2.2567503421555557e-12,4,1.0000000000000007,5259578.768133947,250.22353048461264,0.513300182851377,0.07692099898678399
1218617538124.5225,2738986811.6306033,0.14580352486816947,0.0014399863407630854,2944.639692391678,0.5130519940086344,0.07672281457538023,0.7959087700015743,-2.2269752708581336e-10,-2.5445201501383963e-12,4,1.0000000000000007,5261046.667475148,250.15360605315527,0.5130519940086344,0.07672281457538023
1221380664862.8347,2763126738.3122,0.14581880523979662,0.0014408094058166857,2944.9060646523317,0.5128016005893417,0.07652257871888697,0.7991871553425511,-2.3369073343104674e-10,-3.561373418392577e-12,4,1.0000000000000007,5262530.085942724,250.08343793327734,0.5128016005893417,0.07652257871888697
1224162421079.5828,2781756216.747947,0.14583409980015283,0.0014416339762306474,2945.1728624734365,0.5125494976064262,0.07632069166636261,0.801521219950807,-2.43231434993163e-10,-2.1320722964901506e-12,4,1.0000000000000007,5264026.589391345,250.01326455297877,0.5125494976064262,0.07632069166636261
1226958851799.788,2796430720.205332,0.14584937324508349,0.001442461060205384,2945.440956123951,0.5122960392067435,0.07611744204550511,0.8039009657956342,-2.516218344794652e-10,1.7503776206240218e-12,4,1.0000000000000007,5265534.510332243,249.94327145008882,0.5122960392067435,0.07611744204550511
1229765870453.2485,2807018653.4601836,0.14586459075275618,0.0014432923366824993,2945.7115522289514,0.5120415916200436,0.07591312862192925,0.8069925611087214,-2.5871527142840023e-10,7.642775301519578e-13,4,1.0000000000000007,5267052.216868949,249.8736701953694,0.5120415916200436,0.07591312862192925
1232578114735.111,2812244281.8623567,0.14587970890146126,0.0014441288596584866,2945.985623850328,0.5117866369553743,0.07570814378132923,0.80987461625881,-2.638953500166963e-10,-1.8451906669270102e-13,4,1.0000000000000007,5268577.326210912,249.80469144370792,0.5117866369553743,0.07570814378132923
1235390576702.5605,2812461967.449442,0.14589468438958836,0.0014449722542674473,2946.264432900998,0.51153162553408,0.07550285485939694,0.8132346307476723,-2.6721447277111565e-10,1.0902390101819037e-13,4,1.0000000000000007,5270107.704811043,249.7365692336788,0.51153162553408,0.07550285485939694
1238197439830.682,2806863128.1211185,0.14590946801803192,0.0014458243398337942,2946.5493981354857,0.5112770814197543,0.07529768880834735,0.8173311311088227,-2.682657429531332e-10,5.520028878436278e-13,4,1.0000000000000007,5271640.832352096,249.66956864068567,0.5112770814197543,0.07529768880834735
1240991686387.7146,2794246557.032694,0.1459240008759033,0.0014466873125011596,2946.84222640822,0.5110236381883003,0.07509316097036205,0.8221174724321045,-2.665333509455081e-10,1.482591827084434e-12,4,1.0000000000000007,5273173.635518681,249.60400516053963,0.5110236381883003,0.07509316097036205
1243765263818.7253,2773577431.010413,0.14593821670833582,0.0014475640112915492,2947.145023689981,0.510772024028397,0.07488986305548626,0.828093700278032,-2.6163027300185604e-10,8.770761894538737e-13,4,1.0000000000000007,5274702.607641673,249.54024816041536,0.510772024028397,0.07488986305548626
1246508372810.9075,2743108992.1820436,0.1459521672938647,0.001448431201838044,2947.445436945206,0.5105231260117596,0.07468852145458353,0.7800402906932291,-2.5681168303037794e-10,-1.4814816040598089e-12,4,1.0000000000000007,5276218.850013082,249.47781468281528,0.5105231260117596,0.07468852145458353
1249303663999.4302,2795291188.522541,0.1459665990701523,0.0014492533492158784,2947.7178676935,0.5102694376402067,0.07448309658773064,0.7615024189000508,-2.786680886046611e-10,8.975042931069765e-13,4,1.0000000000000007,5277757.003127692,249.41259575000765,0.5102694376402067,0.07448309658773064
1252186592830.2407,2882928830.8105307,0.14598134929796858,0.0014501065967965315,2948.002691860417,0.5100077324246922,0.07427097241417642,0.8105888332776701,-3.195117503906886e-10,2.716271652047908e-12,4,1.0000000000000007,5279348.319968025,249.34611167014722,0.5100077324246922,0.07427097241417642
1255068474352.7463,2881881522.505728,0.1459959534551194,0.0014509653578900236,2948.291579110459,0.5097460547964852,0.07405866802586276,0.8112106059110502,-3.2307434505440824e-10,1.1457501614131615e-13,4,1.0000000000000007,5280944.299394122,249.28048362549143,0.5097460547964852,0.07405866802586276
1257948204691.956,2879730339.2097797,0.14601041001471926,0.0014518285790834466,2948.5840060779733,0.50948450127505,0.07384626872798666,0.8098800091671521,-3.261549919031381e-10,-5.420108806220014e-13,4,1.0000000000000007,5282544.221174238,249.21570847371387,0.50948450127505,0.07384626872798666
1260828148351.9292,2879943659.973396,0.14602473030581378,0.0014526972465560978,2948.880355711422,0.5092228533140112,0.07363360399661996,0.8109431709479864,-3.3000446819642093e-10,-2.3917534619499747e-12,4,1.0000000000000007,5284149.457913945,249.15173883171244,0.5092228533140112,0.07363360399661996
1263706416759.219,2878268407.2898917,0.14603880977636294,0.0014535888442056572,2949.190548144276,0.5089612792473895,0.07342081131704475,0.83681312101902,-3.3245073360888e-10,-1.1934897514720433e-12,4,1.0000000000000007,5285762.130692513,249.0892452057303,0.5089612792473895,0.07342081131704475
1266538197081.763,2831780322.5441575,0.14605229164778255,0.0014545182463381098,2949.525709206692,0.5087038518767903,0.07321119513279081,0.8618771840662731,-3.177248464325544e-10,-5.551115123125783e-16,4,1.0000000000000007,5287362.202903758,249.03021180266308,0.5087038518767903,0.07321119513279081
1269283431132.2407,2745234050.4774747,0.1460656092246618,0.0014553466971181353,2949.8111261226204,0.5084542133442698,0.07300776042886804,0.7009811048286352,-2.861695325151459e-10,2.176037128265307e-12,4,1.0000000000000007,5288904.969187048,248.97106877273148,0.5084542133442698,0.07300776042886804
1272234427878.6223,2950996746.381755,0.14607991206841894,0.0014562204333113413,2950.1093309665075,0.5081857687459588,0.07278885353580997,0.812080013790073,-3.8758152243190125e-10,-3.2397418081586693e-12,4,1.0000000000000007,5290564.403172315,248.90744221139357,0.5081857687459588,0.07278885353580997
1275181642947.5122,2947215068.890035,0.1460940497796998,0.0014570994865583363,2950.411673572222,0.5079175677504079,0.07257000285869251,0.8117396815832123,-3.906536205633415e-10,7.034373084024992e-13,4,1.0000000000000007,5292227.329374274,248.84475228578643,0.5079175677504079,0.07257000285869251
1278125698157.434,2944055209.921722,0.14610802580531,0.0014579837099205583,2950.718041018555,0.5076495501216749,0.0723511664441405,0.8118237854182198,-3.9341663260472615e-10,-5.843103778602199e-13,4,1.0000000000000007,5293894.05007411,248.7829704435657,0.5076495501216749,0.0723511664441405
1281066444555.7412,2940746398.3073783,0.146121806601253,0.0014588787215723432,2951.031609496321,0.5073817259672776,0.07213235737950276,0.817519960061297,-3.96763955023971e-10,1.3076206784035094e-12,4,1.0000000000000007,5295565.486339177,248.72229365214642,0.5073817259672776,0.07213235737950276
1283993634474.4514,2927189918.7105064,0.14613537403192212,0.0014597764765174022,2951.3484878634313,0.5071150257205833,0.07191434267054532,0.8126556316767619,-3.94179688889551e-10,-6.071809721674981e-13,4,1.0000000000000007,5297234.955714013,248.66275789967483,0.5071150257205833,0.07191434267054532
1286916037679.6738,2922403205.2221866,0.14614864849697992,0.001460704594433903,2951.6834312256037,0.5068486481369839,0.07169646586650175,0.8485215780007493,-3.956609484490059e-10,-6.288303211476887e-13,4,1.0000000000000007,5298911.782994635,248.60503983134103,0.5068486481369839,0.07169646586650175
1289771334091.0098,2855296411.3363566,0.1461614881558105,0.0014616138831844382,2952.013010464745,0.5065882750354589,0.07148338131640287,0.7954848157964989,-3.649330837518505e-10,-1.1179945857975326e-13,4,1.0000000000000007,5300555.097682522,248.54935614551036,0.5065882750354589,0.07148338131640287
1292652562987.7654,2881228896.7554436,0.14617450859778244,0.00146249761689255,2952.327629729395,0.5063254185192131,0.07126816701654033,0.7600954315956088,-3.8435610250076024e-10,-1.5895063043558366e-12,4,1.0000000000000007,5302211.853257656,248.49258375709283,0.5063254185192131,0.07126816701654033
1295626872842.8142,2974309855.0489163,0.14618792203258593,0.0014633940128516638,2952.6444430348374,0.5060539390253533,0.07104581266780306,0.7947963376331302,-4.423639232697951e-10,1.908029290120794e-12,4,1.0000000000000007,5303923.832731751,248.43400944637384,0.5060539390253533,0.07104581266780306
1298629495731.866,3002622889.0518103,0.1462013296473427,0.0014643032399086486,2952.9675534839457,0.505779736424788,0.07082115685475436,0.8170746351732205,-4.6505210793412743e-10,-1.5225598559709397e-12,4,1.0000000000000007,5305657.558574692,248.375640287061,0.505779736424788,0.07082115685475436
1301619091265.3594,2989595533.4930677,0.1462146230111299,0.0014651957344058318,2953.2831492876253,0.505506580793037,0.07059730044063024,0.7768619669779042,-4.6387460539421e-10,2.5441870832310087e-12,4,1.0000000000000007,5307386.330374478,248.31771175652463,0.505506580793037,0.07059730044063024
1304671783453.9065,3052692188.547202,0.14622821756019633,0.0014660784666041206,2953.5905584793386,0.5052275063872687,0.07036855875417401,0.7703180787688169,-5.116708168273476e-10,2.23443485936059e-12,4,1.0000000000000007,5309151.380430305,248.25818480373135,0.5052275063872687,0.07036855875417401
1307802116021.2495,3130332567.3429546,0.14624208652430068,0.0014669736683340575,2953.9012504920065,0.504941166993536,0.07013384799047169,0.8116570787697341,-5.72742631099743e-10,3.742783860616328e-12,4,1.0000000000000007,5310964.505823083,248.1974188532264,0.504941166993536,0.07013384799047169
1310929251513.1084,3127135491.858962,0.14625589643721845,0.0014678503989090563,2954.2030160867225,0.5046549469729528,0.06989923585231758,0.7620338560165862,-5.788891588309752e-10,-1.7985612998927536e-14,4,1.0000000000000007,5312777.865887875,248.1367661922895,0.5046549469729528,0.06989923585231758
1314153303786.8425,3224052273.7341385,0.1462701456012112,0.0014687258544352922,2954.4994847377334,0.5043596671648276,0.06965722867908172,0.7757140541020391,-1.2212453270876722e-15,-5.732148089521161e-10,4,1.0000000000000007,5314647.632477679,248.07389372680495,0.5043596671648276,0.06965722867908172
1317447835968.5493,3294532181.706815,0.14628469750319023,0.0014695951625337588,2954.789587189758,0.5040577278201098,0.06940982268905048,0.7669800633491874,-2.220446049250313e-16,-6.355420634207576e-10,4,1.0000000000000007,5316559.293871249,248.0094464206765,0.5040577278201098,0.06940982268905048
1320833502855.8909,3385666887.3413973,0.1462996438335351,0.0014704635168777164,2955.075011580856,0.5037472133926557,0.06915548213092221,0.7720741435068845,-9.992007221626409e-16,-7.177131111646418e-10,4,1.0000000000000007,5318525.11828671,247.94304404207935,0.5037472133926557,0.06915548213092221
1324301328320.25,3467825464.3589606,0.1463148143518848,0.0014713532204192847,2955.368677754352,0.5034289237035927,0.06889488695137636,0.802930303911431,4.440892098500626e-16,-8.109253268884231e-10,4,1.0000000000000007,5320544.635405388,247.87575717143216,0.5034289237035927,0.06889488695137636
1327784387200.3882,3483058880.138531,0.14633003570029035,0.0014722214509763345,2955.650828170216,0.5031089852932938,0.06863308368133571,0.7707764260178607,2.220446049250313e-16,-8.390100836308534e-10,4,1.0000000000000007,5322574.670765033,247.80803435220614,0.5031089852932938,0.06863308368133571
1331354970043.8425,3570582843.454328,0.14634557790208064,0.001473096787786321,2955.9330890297574,0.5027807380445116,0.06836465543129581,0.7818084052368945,-2.220446049250313e-15,-9.373196663275962e-10,4,1.0000000000000007,5324659.385949649,247.73884278323405,0.5027807380445116,0.06836465543129581
1334989359431.7373,3634389387.894903,0.1463613000059004,0.001473980203997426,2956.217366748899,0.5024463383051004,0.06809139883653466,0.7970804710710766,-4.440892098500626e-16,-1.0209778578129658e-09,4,1.0000000000000007,5326786.518562002,247.6689146226518,0.5024463383051004,0.06809139883653466
1338653084539.437,3663725107.699944,0.1463769717141092,0.0014748808559574228,2956.5105699355563,0.5021089408116066,0.06781591190199183,0.8259631878448914,1.7763568394002505e-15,-1.0728120614089676e-09,4,1.0000000000000007,5328939.25175339,247.59954347130432,0.5021089408116066,0.06781591190199183
1342281232954.9175,3628148415.4804144,0.14639216772347,0.0014758132125466926,2956.82422789199,0.5017745206450138,0.06754306512056808,0.8585952243622685,-4.440892098500626e-16,-1.046833841833461e-09,4,1.0000000000000007,5331084.900660389,247.5330156082903,0.5017745206450138,0.06754306512056808
1345805212017.8213,3523979062.903953,0.14640662237587637,0.0014767548259419004,2957.1497611094733,0.5014494142360725,0.06727800699088436,0.8535486278882232,2.220446049250313e-16,-9.484693030969993e-10,4,1.0000000000000007,5333181.837587073,247.47039595976943,0.5014494142360725,0.06727800699088436
1349238116301.9033,3432904284.0820746,0.1464203889139504,0.0014777122072606374,2957.4898829206136,0.5011324329256504,0.06701974247806175,0.8540016432911912,8.881784197001252e-16,-8.667601081313592e-10,4,1.0000000000000007,5335237.96711636,247.4115006252147,0.5011324329256504,0.06701974247806175
1352581412472.545,3343296170.6417613,0.14643351445022157,0.001478677829813281,2957.8403416714514,0.5008234589249689,0.06676815448217936,0.8427313830106087,-1.9984014443252818e-15,-7.931242329561883e-10,4,1.0000000000000007,5337252.403357562,247.35598515438124,0.5008234589249689,0.06676815448217936
1355859139458.4434,3277726985.8983126,0.14644617341410338,0.0014796435318108108,2958.1952905048443,0.500520284277293,0.06652143352318453,0.8187158767603009,0,-7.444563854264175e-10,4,1.0000000000000007,5339236.650354271,247.30289025022654,0.500520284277293,0.06652143352318453
1359119372765.7434,3260233307.300026,0.1464585581080628,0.0014806229186880469,2958.5595843908663,0.5002184665061794,0.06627596268061463,0.8340094409531318,1.1102230246251565e-15,-7.385888567412735e-10,4,1.0000000000000007,5341219.4753594035,247.25137804542265,0.5002184665061794,0.06627596268061463
1362332335630.048,3212962864.3048115,0.14647037460938267,0.0014816073094724898,2958.9318475658156,0.49992076544732,0.06603398375556971,0.8164149412070998,-4.440892098500626e-16,-7.041700555987518e-10,4,1.0000000000000007,5343181.187364649,247.20283627868676,0.49992076544732,0.06603398375556971
1365532650749.8635,3200315119.815539,0.14648150774692065,0.0014825923695388965,2959.3110774491906,0.49962396984891194,0.06579290264995334,0.8056125666566771,6.661338147750939e-16,-6.991510703713288e-10,4,1.0000000000000007,5345137.783974655,247.15785473220433,0.49962396984891194,0.06579290264995334
1368741668628.537,3209017878.6736813,0.14649252437281063,0.0014835838993922424,2959.694441579247,0.49932609407896145,0.06555111709352504,0.8068450085829681,4.440892098500626e-16,-7.129362655788896e-10,4,1.0000000000000007,5347106.256873899,247.1135187223501,0.49932609407896145,0.06555111709352504
1371956954468.0476,3215285839.510307,0.1465034611373886,0.0014845727569259282,2960.0770079115487,0.49902735706620743,0.06530881873788308,0.7913927929648068,-1.7763568394002505e-15,-7.366997012425713e-10,4,1.0000000000000007,5349083.586453831,247.0695567262284,0.49902735706620743,0.06530881873788308
1375209819559.3726,3252865091.3248634,0.14651476321000897,0.0014854979266110304,2960.4238827849213,0.4987248351334109,0.06506368650454496,0.7415983876990495,2.220446049250313e-16,-7.809283220083785e-10,4,1.0000000000000007,5351076.675448051,247.02313462232516,0.4987248351334109,0.06506368650454496
1378609391005.0964,3399571445.7236643,0.14652659744527685,0.0014864360851698593,2960.771611490053,0.49840834368225156,0.06480752896072633,0.826836240586104,-4.440892098500626e-16,-9.448902771325152e-10,4,1.0000000000000007,5353160.553653112,246.97423056502308,0.49840834368225156,0.06480752896072633
1381974172991.928,3364781986.8313556,0.14653831883424753,0.0014873377621785308,2961.10207858389,0.4980947609941057,0.06455404649586,0.8262643297340944,-2.220446049250313e-16,-9.187350880068834e-10,4,1.0000000000000007,5355224.430776754,246.92552028999822,0.4980947609941057,0.06455404649586
1385305673912.4019,3331500920.4736595,0.14655001030872308,0.0014881873404891488,2961.4067041816143,0.4977839495799862,0.06430315043045305,0.8299540515954718,1.5543122344752192e-15,-8.978053855912549e-10,4,1.0000000000000007,5357266.234173439,246.8764181894256,0.4977839495799862,0.06430315043045305
1388596882612.252,3291208699.8504453,0.1465615929874924,0.0014889984268633913,2961.693088087022,0.4974765676163629,0.06405539777092635,0.8216968661045598,0,-8.649904126301067e-10,4,1.0000000000000007,5359283.851261912,246.82746878234263,0.4974765676163629,0.06405539777092635
1391864582148.5286,3267699536.2765737,0.14657297330691227,0.001489808144824366,2961.98065372187,0.4971710523346473,0.063809527989984,0.8203666862494075,-7.771561172376096e-16,-8.480913749053798e-10,4,1.0000000000000007,5361293.363892742,246.7795514644261,0.4971710523346473,0.063809527989984
1395111569657.3152,3246987508.7864747,0.1465841441782264,0.0014906211647182249,2962.271794238506,0.49686714476706284,0.06356533049845929,0.8202111573263338,-1.7763568394002505e-15,-8.398477469029331e-10,4,1.0000000000000007,5363297.137693385,246.7327535214822,0.49686714476706284,0.06356533049845929
1398338282302.061,3226712644.745977,0.1465953157432256,0.0014913919381352037,2962.54176496791,0.49656480465357017,0.06332279006756396,0.8253135724833882,-1.2212453270876722e-15,-8.286050734440664e-10,4,1.0000000000000007,5365287.338940345,246.68551436570564,0.49656480465357017,0.06332279006756396
1401534919190.4475,3196636888.386445,0.14660637221141534,0.0014921387650297278,2962.8008470544837,0.4962649530166832,0.06308265920821288,0.8217075442296107,0,-8.106979532129799e-10,4,1.0000000000000007,5367261.203516217,246.6386205228383,0.4962649530166832,0.06308265920821288
1404708701821.5063,3173782631.058863,0.1466173151233637,0.0014928689243249493,2963.0526516673244,0.49596691588630976,0.06284440472867993,0.8205923213155941,-2.220446049250313e-15,-7.999910733857973e-10,4,1.0000000000000007,5369224.069442663,246.59214513069435,0.49596691588630976,0.06284440472867993
1407861934103.7527,3153232282.246182,0.1466281512842861,0.0014935831362558817,2963.297477479431,0.49567047930173747,0.06260786171936727,0.8206014839862164,6.661338147750939e-16,-7.885363473292273e-10,4,1.0000000000000007,5371177.291659586,246.54604860586355,0.49567047930173747,0.06260786171936727
1410994731611.144,3132797507.3912587,0.14663890176778163,0.0014942774071651157,2963.5331409786186,0.4953756345071962,0.062373030825387595,0.8210681057274627,-7.771561172376096e-16,-7.800913248701136e-10,4,1.0000000000000007,5373120.115909418,246.50017792699197,0.4953756345071962,0.062373030825387595
1414106342215.1252,3111610603.9811234,0.1466496114035889,0.0014949414485556126,2963.7541014421504,0.495082454206904,0.062139982940130296,0.8210383067863702,3.552713678800501e-15,-7.727228856779789e-10,4,1.0000000000000007,5375050.122360624,246.454178421057,0.495082454206904,0.062139982940130296
1417196965285.6726,3090623070.5476413,0.1466602473284363,0.001495584069826408,2963.965072322445,0.49479092206565,0.06190871426272434,0.819656487682785,-2.220446049250313e-16,-7.629958886923305e-10,4,1.0000000000000007,5376968.805881226,246.4083193214746,0.49479092206565,0.06190871426272434
1420269328886.286,3072363600.6132107,0.14667078365152983,0.0014962144175137678,2964.170856839925,0.49450078325270047,0.06167902710171935,0.8184719052506395,2.6645352591003757e-15,-7.564572301888006e-10,4,1.0000000000000007,5378879.265389713,246.36283627305482,0.49450078325270047,0.06167902710171935
1423325750290.716,3056421404.4301033,0.14667926674522183,0.0014971337342843663,2964.540339939834,0.4942118287407483,0.0614506643509643,0.838488860011033,2.220446049250313e-16,-8.333523870973636e-10,4,1.0000000000000007,5380835.293634071,246.32768487359547,0.4942118287407483,0.0614506643509643
1426329799851.3252,3004049560.6092205,0.14668649494345032,0.0014981811364687958,2964.9856509766137,0.493927522782082,0.06122620799638691,0.7584134881222226,-1.3322676295501878e-15,-7.790402767327009e-10,4,1.0000000000000007,5382790.167592805,246.2987854504085,0.493927522782082,0.06122620799638691
1429434334982.3713,3104535131.0458736,0.14669416018467699,0.00149922277463262,2965.4234024626803,0.4936333807382515,0.06099426616827417,0.8255057742934113,1.3322676295501878e-15,-8.905878257081667e-10,4,1.0000000000000007,5384808.957624194,246.26807519780283,0.4936333807382515,0.06099426616827417
1432509575091.9958,3075240109.6246037,0.14670186851325298,0.0015002285704508068,2965.84271488677,0.4933416850153023,0.06076455761514998,0.8236641313441595,-4.440892098500626e-16,-8.637353055007679e-10,4,1.0000000000000007,5386809.765998512,246.23729790074913,0.4933416850153023,0.06076455761514998
1435559200258.5723,3049625166.5767536,0.14670951158034926,0.0015012222421195989,2966.256428138769,0.4930520903558332,0.06053681801738913,0.8207942686633274,-4.440892098500626e-16,-8.396247030972859e-10,4,1.0000000000000007,5388798.777727646,246.20714951182904,0.4930520903558332,0.06053681801738913
1438588706243.0774,3029505984.5051074,0.14671708329006558,0.001502210206923113,2966.66778204711,0.4927640777975662,0.06031064223003199,0.8202334950135892,-1.3322676295501878e-15,-8.216065605637368e-10,4,1.0000000000000007,5390780.328637584,246.17772704435487,0.4927640777975662,0.06031064223003199
1441599254368.8677,3010548125.7901897,0.1467245584698673,0.0015031993525418282,2967.08043481562,0.49247753929001753,0.06008594575110078,0.819500584614552,0,-8.045426547198531e-10,4,1.0000000000000007,5392756.24211207,246.14922598925423,0.49247753929001753,0.06008594575110078
1444592300769.571,2993046400.703423,0.14673193098670498,0.001504192941620385,2967.4960572607156,0.49219233842338656,0.059862620189670875,0.8191703276816398,1.3322676295501878e-15,-7.945100133355254e-10,4,1.0000000000000007,5394727.9105773885,246.12171888596956,0.49219233842338656,0.059862620189670875
1447568546961.6726,2976246192.1016726,0.14673919852294873,0.0015051927832799281,2967.9155617766714,0.49190841034566707,0.05964061271669039,0.8188272282438902,-4.440892098500626e-16,-7.778387933754516e-10,4,1.0000000000000007,5396696.017766226,246.0952443257764,0.49190841034566707,0.05964061271669039
1450528707224.4075,2960160262.7349916,0.1467463845862897,0.0015061956848135107,2968.337133363932,0.49162568870138484,0.059419870043718036,0.8194510792147724,-1.2212453270876722e-15,-7.655962530606075e-10,4,1.0000000000000007,5398660.399696638,246.0696776646295,0.49162568870138484,0.059419870043718036
1453471747585.0278,2943040360.6203446,0.1467535549343741,0.0015071872831265876,2968.7530322336697,0.49134427367956623,0.059200475260101755,0.8205603402311468,-2.3314683517128287e-15,-7.563862869375271e-10,4,1.0000000000000007,5400617.823527332,246.04454862428142,0.49134427367956623,0.059200475260101755
1456395788640.8936,2924041055.865822,0.14676073403631945,0.0015081614437706806,2969.1600005970113,0.49106434677037974,0.05898257755019911,0.8209878787912572,-1.5543122344752192e-15,-7.442938487756123e-10,4,1.0000000000000007,5402565.939862517,246.0196709147301,0.49106434677037974,0.05898257755019911
1459300196498.4644,2904407857.5710106,0.1467679715246856,0.0015091049146847015,2969.551030528784,0.49078597051144296,0.05876623833047259,0.8218994479447517,-2.220446049250313e-16,-7.28554105933199e-10,4,1.0000000000000007,5404501.887825157,245.99459681937375,0.49078597051144296,0.05876623833047259
1462183502713.4377,2883306214.9730945,0.14677531404786484,0.0015100046897090064,2969.9192773535306,0.4905092875606454,0.05855158671607526,0.8225269360062626,-7.771561172376096e-16,-7.127800571993248e-10,4,1.0000000000000007,5406422.283239533,245.96889517774594,0.4905092875606454,0.05855158671607526
1465044768573.5188,2861265860.0810914,0.1467827874032408,0.0015108524502691432,2970.260422011239,0.490234390198696,0.05833871581599106,0.8226220271634332,0,-6.974758548494719e-10,4,1.0000000000000007,5408324.8545917,245.94227653978646,0.490234390198696,0.05833871581599106
1467883998443.0496,2839229869.5308604,0.14679040092980208,0.0015116442490188465,2970.5724649280264,0.48996128044063214,0.058127649940848444,0.8222688513415122,4.440892098500626e-16,-6.845894962026478e-10,4,1.0000000000000007,5410208.665386226,245.91457781772732,0.48996128044063214,0.058127649940848444
1470701967015.1582,2817968572.1089263,0.14679814898402022,0.001512380432123212,2970.8556676929456,0.4896898863238328,0.05791835563022067,0.8215540148182043,-1.3322676295501878e-15,-6.680581643436767e-10,4,1.0000000000000007,5412074.012551885,245.88576505257993,0.4896898863238328,0.05791835563022067
1473500050019.2505,2798083004.0922155,0.1468060195936027,0.001513064281615835,2971.111794680045,0.48942007790772135,0.057710753080984944,0.8206080137629357,2.220446049250313e-16,-6.581102329761279e-10,4,1.0000000000000007,5413922.097473653,245.8558934964355,0.48942007790772135,0.057710753080984944
1476279988761.497,2779938742.246481,0.14681399424931005,0.001513700976035381,2971.3436027019047,0.48915168973858264,0.057504732830516575,0.819665483264842,-7.771561172376096e-16,-6.487473891425566e-10,4,1.0000000000000007,5415754.709285167,245.82507893197473,0.48915168973858264,0.057504732830516575
1479043488399.3271,2763499637.8298035,0.14682205047940272,0.0015142959751867472,2971.554021458496,0.4888845594720086,0.05730018572140833,0.8186743305493849,2.220446049250313e-16,-6.369431648778345e-10,4,1.0000000000000007,5417573.688736839,245.79344847546702,0.4888845594720086,0.05730018572140833
1481792308606.5833,2748820207.2563562,0.1468301656191251,0.0015148577473160603,2971.747453231429,0.4886185191608883,0.05709699534491202,0.8173761034679927,6.661338147750939e-16,-6.257495632766563e-10,4,1.0000000000000007,5419381.46243161,245.7612312505788,0.4886185191608883,0.05709699534491202
1484528697858.1975,2736389251.6141067,0.1468383118745455,0.0015153928411789962,2971.9274050741005,0.48835335310259625,0.05689500567984073,0.8169457826889825,-1.7763568394002505e-15,-6.225601145715132e-10,4,1.0000000000000007,5421180.490845778,245.72859214319186,0.48835335310259625,0.05689500567984073
1487253429704.3755,2724731846.177903,0.14684647064424813,0.0015159058242656652,2972.096315523184,0.48808898797649497,0.056694168862788524,0.8157356501392599,-2.220446049250313e-16,-6.174378786028001e-10,4,1.0000000000000007,5422971.934998016,245.6956512006037,0.48808898797649497,0.056694168862788524
1489968565502.5427,2715135798.1672044,0.1468546510243691,0.0015163959942224308,2972.2537575627935,0.48782522515482096,0.05649434040947886,0.8165312315178141,2.220446049250313e-16,-6.142608643955327e-10,4,1.0000000000000007,5424756.925144055,245.66234743262248,0.48782522515482096,0.05649434040947886
1492672820649.009,2704255146.4661417,0.14686282043389645,0.001516872471500944,2972.4045380397824,0.4875621908804108,0.056295622031647494,0.8140501961406699,0,-6.095024485119893e-10,4,1.0000000000000007,5426536.087072428,245.62897835070666,0.4875621908804108,0.056295622031647494
1495370340079.8499,2697519430.841207,0.1468709574606652,0.0015173432249471223,2972.5527818241358,0.48729948336617995,0.056097710537535525,0.8140415402868584,6.661338147750939e-16,-6.061674495683178e-10,4,1.0000000000000007,5428313.45506471,245.59574079359788,0.48729948336617995,0.056097710537535525
1498061154878.1301,2690814798.2803016,0.14687905454737682,0.0015178105806703647,2972.699706559436,0.487037100479585,0.05590060423605989,0.8142717849990433,-3.3306690738754696e-16,-6.057523371794105e-10,4,1.0000000000000007,5430089.439532141,245.56270899986689,0.487037100479585,0.05590060423605989
1500744902197.3894,2683747319.2590528,0.14688712347942107,0.0015182705901176882,2972.8432614406884,0.4867750783825069,0.05570433279556704,0.8137182788692243,-9.992007221626409e-16,-6.063141100298708e-10,4,1.0000000000000007,5431863.04737324,245.52974864466083,0.4867750783825069,0.05570433279556704
1503422510815.4688,2677608618.079638,0.1468951577675273,0.001518725702810879,2972.984713677652,0.4865133272776743,0.05550882907205419,0.8142841545488722,2.220446049250313e-16,-6.07404904151565e-10,4,1.0000000000000007,5433635.302622614,245.4969265441599,0.4865133272776743,0.05550882907205419
1506093066356.7834,2670555541.31458,0.1469031937966499,0.0015191645392093397,2973.1181292788115,0.48625193710124454,0.055314165544583245,0.8146495195093806,-3.3306690738754696e-16,-6.070953739722995e-10,4,1.0000000000000007,5435403.551719668,245.46387298479758,0.48625193710124454,0.055314165544583245
1508755990046.9766,2662923690.1928954,0.14691123049825697,0.0015195871386382573,2973.2435441521093,0.4859909653295986,0.05512039046226738,0.8240343431914487,-5.551115123125783e-16,-6.070319802375934e-10,4,1.0000000000000007,5437167.347813847,245.43058737231354,0.4859909653295986,0.05512039046226738
1511396139880.9475,2640149833.9708757,0.1469192087232649,0.0015199954381474056,2973.3625097751506,0.4857319002940595,0.054928606649938594,0.8250018910388457,-7.771561172376096e-16,-5.948035397551621e-10,4,1.0000000000000007,5438917.336393438,245.39739274921897,0.4857319002940595,0.054928606649938594
1514012175254.2883,2616035373.340724,0.14692710923134347,0.0015203945096675983,2973.477705465255,0.4854748807830258,0.05473890736407367,0.8190658030982068,-1.1102230246251565e-15,-5.819544846019653e-10,4,1.0000000000000007,5440653.460648529,245.36447256326056,0.4854748807830258,0.05473890736407367
1516613692591.6873,2601517337.3991494,0.14693495103468746,0.0015207879671251968,2973.5907084337027,0.4852189695039055,0.05455059298744273,0.8176564172956979,-9.992007221626409e-16,-5.720527385122409e-10,4,1.0000000000000007,5442382.405453615,245.3317724100387,0.4852189695039055,0.05455059298744273
1519203001164.1697,2589308572.4822555,0.14694273440877867,0.0015211787654219775,2973.702961814942,0.4849639429673989,0.05436349370453203,0.813905527488612,-5.551115123125783e-16,-5.683292725322531e-10,4,1.0000000000000007,5444106.111965828,245.29934358728715,0.4849639429673989,0.05436349370453203
1521786089864.6824,2583088700.512784,0.14695046486032118,0.001521571049646413,2973.81643606909,0.48470921349985835,0.05417717431254643,0.8108953884755632,0,-5.68964875213851e-10,4,1.0000000000000007,5445829.117897868,245.26721574548728,0.48470921349985835,0.05417717431254643
1524367752051.5503,2581662186.8681087,0.14695814441327046,0.001521967850217976,2973.9325906001413,0.4844543087436859,0.053991287652842834,0.8077562863723076,0,-5.728156837747633e-10,4,1.0000000000000007,5447555.025959536,245.23540470171116,0.4844543087436859,0.053991287652842834
1526952997307.8572,2585245256.3069253,0.14696577303940744,0.0015223727465031567,2974.0531723586837,0.4841987326954621,0.053805472263936255,0.8050355852079472,-1.1102230246251565e-15,-5.840294914349897e-10,4,1.0000000000000007,5449287.708709941,245.20394262750102,0.4841987326954621,0.053805472263936255
1529546201531.8064,2593204223.948919,0.14697335195131667,0.0015227909098602147,2974.1806914686845,0.48394204978589855,0.053619412961676695,0.8002841566517871,-3.3306690738754696e-16,-5.990835605373945e-10,4,1.0000000000000007,5451030.942560941,245.1729269324257,0.48394204978589855,0.053619412961676695
1532155099654.026,2608898122.219521,0.14698088979339036,0.0015232281009810384,2974.317868117079,0.48368348916684867,0.0534325546273149,0.8040042198675934,-2.3314683517128287e-15,-6.179080580537288e-10,4,1.0000000000000007,5452790.814724431,245.1424204609765,0.48368348916684867,0.0534325546273149
1534773707504.4485,2618607850.422751,0.1469883525617134,0.001523687611545201,2974.466646126812,0.48342363885580947,0.053245323750011134,0.8112139449067968,1.7763568394002505e-15,-6.368275906609711e-10,4,1.0000000000000007,5454564.15733499,245.11264407349898,0.48342363885580947,0.053245323750011134
1537390355307.326,2616647802.8772383,0.1469956903181522,0.0015241714730508786,2974.6285137692016,0.4831636553575162,0.05305854744966413,0.8111017957279643,-1.1102230246251565e-15,-6.422683496154491e-10,4,1.0000000000000007,5456343.875890476,245.08387379968346,0.4831636553575162,0.05305854744966413
1540005225287.051,2614869979.724958,0.14700289218722812,0.0015246817959682004,2974.8046011933134,0.4829035208644271,0.05287220257856975,0.8112074501021027,-9.992007221626409e-16,-6.473590552502628e-10,4,1.0000000000000007,5458130.540433878,245.05618590955757,0.4829035208644271,0.05287220257856975
1542618148476.971,2612923189.9197955,0.14700995457388263,0.0015252188990358508,2974.9950896152336,0.48264325242166356,0.05268629107594686,0.8112606819654644,1.3322676295501878e-15,-6.555428422316822e-10,4,1.0000000000000007,5459924.166812143,245.02960108474943,0.48264325242166356,0.05268629107594686
1545229040663.8247,2610892186.853736,0.14701684814595162,0.0015257876980163249,2975.202661029147,0.4823828587721669,0.052500807021824185,0.8112101967938656,1.3322676295501878e-15,-6.608114055950409e-10,4,1.0000000000000007,5461725.650693501,245.00429154880777,0.4823828587721669,0.052500807021824185
1547837984605.522,2608943941.6971927,0.14702362417974382,0.0015263627471041308,2975.414382085001,0.4821223313412995,0.05231574000677757,0.8137164891897086,8.881784197001252e-16,-6.629791160506215e-10,4,1.0000000000000007,5463530.64343293,244.9794375539291,0.4821223313412995,0.05231574000677757
1550440963810.9084,2602979205.3862333,0.14703022385724918,0.0015269607281807075,2975.638972490317,0.481862071863161,0.05213136817588222,0.8119382527427277,4.440892098500626e-16,-6.64532762151282e-10,4,1.0000000000000007,5465339.377118082,244.95563212675157,0.481862071863161,0.05213136817588222
1553040834253.9285,2599870443.019874,0.1470366399919556,0.0015275852486452432,2975.8782514871673,0.4816017956713493,0.051947478985340016,0.811876749162721,0,-6.699696353251738e-10,4,1.0000000000000007,5467154.480404647,244.9329640938627,0.4816017956713493,0.051947478985340016
1555637698004.2954,2596863750.3670154,0.14704288288438283,0.0015282299334959586,2976.128998652433,0.4813414927755227,0.051764056957035884,0.8127211020836356,-3.3306690738754696e-16,-6.765734639202492e-10,4,1.0000000000000007,5468974.970254038,244.91123392991778,0.4813414927755227,0.051764056957035884
1558230210781.1067,2592512776.8111196,0.14704894959862388,0.0015288936981425767,2976.390706192775,0.48108129830385166,0.05158118955118536,0.8131661849430927,2.220446049250313e-16,-6.826396115044986e-10,4,1.0000000000000007,5470799.80053196,244.89043095237182,0.48108129830385166,0.05158118955118536
1560817671465.984,2587460684.877124,0.14705484776463365,0.001529571820293109,2976.66099009336,0.48082128313201516,0.05139892099332146,0.8131772755159972,-1.1102230246251565e-15,-6.881936132074884e-10,4,1.0000000000000007,5472627.679075329,244.87041148805713,0.48082128313201516,0.05139892099332146
1563400072293.7559,2582400827.77233,0.1470605801949035,0.0015302614163652164,2976.938412434619,0.4805614486031527,0.051217246956827334,0.813823648471157,-5.551115123125783e-16,-6.914968597726556e-10,4,1.0000000000000007,5474458.128492532,244.8510872135614,0.4805614486031527,0.051217246956827334
1565976399435.6096,2576327141.8534937,0.14706613733363694,0.001530963534085287,2977.2235736953567,0.48030189742689366,0.05103623466258285,0.8134089546363299,1.5543122344752192e-15,-6.919627093537883e-10,4,1.0000000000000007,5476290.642243884,244.83250291025143,0.48030189742689366,0.05103623466258285
1568547322282.69,2570922847.080134,0.14707153784935745,0.0015316712909827699,2977.512933869101,0.4800425627647089,0.05085583425268148,0.8142296481494782,-1.1102230246251565e-15,-6.972855626230512e-10,4,1.0000000000000007,5478124.485697587,244.8144301274418,0.4800425627647089,0.05085583425268148
1571111558897.1426,2564236614.4525642,0.14707676256544036,0.0015323892630612194,2977.808907553928,0.4797835747355193,0.050676132370596934,0.8138589036033039,6.661338147750939e-16,-7.099667520549247e-10,4,1.0000000000000007,5479959.584107392,244.79703162774922,0.4797835747355193,0.050676132370596934
1573669709137.6636,2558150240.520989,0.14708176115548935,0.0015331315163813395,2978.118830083956,0.47952487379148706,0.05049708155623121,0.8108161053677065,-2.220446049250313e-16,-7.188225570331497e-10,4,1.0000000000000007,5481798.763155528,244.78074278855763,0.47952487379148706,0.05049708155623121
1576226571635.0522,2556862497.3889794,0.14708647671471942,0.0015339117645522123,2978.449921827463,0.4792659755280252,0.05031832780143019,0.8141876528533487,8.881784197001252e-16,-7.30879357035974e-10,4,1.0000000000000007,5483648.014709032,244.7659938036684,0.4792659755280252,0.05031832780143019
1578776850235.102,2550278600.0496035,0.14709099719573177,0.0015347004037533,2978.7869061837,0.4790074161406073,0.05014023925263807,0.813971373081479,-1.5543122344752192e-15,-7.337291885178843e-10,4,1.0000000000000007,5485498.410575967,244.7518764747558,0.4790074161406073,0.05014023925263807
1581320899812.776,2544049577.67385,0.14709524594952916,0.0015355162461700292,2979.139679753375,0.4787491608335561,0.049962782206543946,0.8129961176495115,-7.771561172376096e-16,-7.410712044020329e-10,4,1.0000000000000007,5487353.54959572,244.73899937175653,0.4787491608335561,0.049962782206543946
1583860257297.0957,2539357484.3199725,0.14709921393170333,0.0015363607924795712,2979.509046251733,0.4784910544671031,0.049785838861797445,0.8131804041244806,-5.551115123125783e-16,-7.491230968881268e-10,4,1.0000000000000007,5489214.836014904,244.72740272564585,0.4784910544671031,0.049785838861797445
1586394644116.185,2534386819.0890255,0.1471028538343299,0.001537242365391304,2979.899501396266,0.47823312614803776,0.049609416086112454,0.8125273154302448,-2.4424906541753444e-15,-7.534414203647088e-10,4,1.0000000000000007,5491083.609363352,244.717366715028,0.47823312614803776,0.049609416086112454
1588925086339.632,2530442223.447006,0.14710610946882907,0.0015381710372635018,2980.316470777529,0.4779752723060899,0.049433425691001606,0.8123192768438869,1.5543122344752192e-15,-7.66489316461616e-10,4,1.0000000000000007,5492962.481368324,244.70922123501927,0.4779752723060899,0.049433425691001606
1591451913610.649,2526827271.016808,0.14710892758500213,0.0015391536609331649,2980.7637815627168,0.4777174600388098,0.04925782569676461,0.8120752298390599,-7.771561172376096e-16,-7.790128542239927e-10,4,1.0000000000000007,5494853.026880068,244.7031984487413,0.4777174600388098,0.04925782569676461
1593975510207.0322,2523596596.3830366,0.1471112814665371,0.0015401920548860134,2981.2425481473097,0.4774596506499666,0.04908256915188076,0.8124787348462448,2.220446049250313e-16,-7.868712348368945e-10,4,1.0000000000000007,5496755.993884463,244.69937377256127,0.4774596506499666,0.04908256915188076
1596495254330.218,2519744123.1860023,0.14711311823134468,0.0015412929454757236,2981.756520361798,0.47720190822749214,0.04890767746682304,0.8121778016789705,-3.3306690738754696e-16,-8.028313569496959e-10,4,1.0000000000000007,5498672.281369627,244.6979884592206,0.47720190822749214,0.04890767746682304
1599011617921.1448,2516363590.9268956,0.14711790346141523,0.0015419190270792125,2982.01077732384,0.47694417293567104,0.048733253127055336,0.8533216777628638,-9.992007221626409e-16,-7.395997148051947e-10,4,1.0000000000000007,5500507.146610018,244.6817317878423,0.47694417293567104,0.048733253127055336
1601463273808.892,2451655887.7472577,0.14712278943622678,0.0015424933050027468,2982.2388747009913,0.4766927349747003,0.048563606522268904,0.8140582802296237,8.881784197001252e-16,-6.773388516734258e-10,4,1.0000000000000007,5502290.2803230705,244.66460637913107,0.4766927349747003,0.048563606522268904
1603908811008.3037,2445537199.4116297,0.1471276756461015,0.0015430557749896512,2982.461179776251,0.4764415963216936,0.04839467894349802,0.8135469686809671,-2.220446049250313e-16,-6.780598305056174e-10,4,1.0000000000000007,5504070.3292094795,244.64732047594458,0.4764415963216936,0.04839467894349802
1606349011257.5913,2440200249.287458,0.14713255942256187,0.0015436073530608761,2982.6781671159238,0.4761906775444693,0.0482264200185159,0.8133599826987137,-5.551115123125783e-16,-6.774895089378674e-10,4,1.0000000000000007,5505847.951917866,244.62988729782964,0.4761906775444693,0.0482264200185159
1608784166068.2915,2435154810.700136,0.1471374392805303,0.001544149132890642,2982.890384491574,0.47593994939794054,0.0480588129447451,0.8131819773105065,-1.5543122344752192e-15,-6.801317287141728e-10,4,1.0000000000000007,5507623.499460813,244.61233232740258,0.47593994939794054,0.0480588129447451
1611214551834.3591,2430385766.067719,0.14714230962593738,0.001544683010472426,2983.0988080201146,0.47568938413431094,0.047891841398220676,0.8129346373841884,1.1102230246251565e-15,-6.817916231582899e-10,4,1.0000000000000007,5509397.458540651,244.5947070891074,0.47568938413431094,0.047891841398220676
1613640546872.673,2425995038.31387,0.14714716539870207,0.0015452108115331827,2983.3043734314842,0.4754389434223651,0.04772548138653445,0.8127418460457392,-2.220446049250313e-16,-6.832520105248818e-10,4,1.0000000000000007,5511170.385539477,244.5770613805507,0.4754389434223651,0.04772548138653445
1616062446315.0574,2421899442.384256,0.14715200220399127,0.0015457343669967032,2983.5080112292817,0.47518859741959996,0.04755971404249112,0.8125558559335389,-7.771561172376096e-16,-6.854182776905304e-10,4,1.0000000000000007,5512942.785554131,244.55944691114956,0.47518859741959996,0.04755971404249112
1618480533772.5215,2418087457.4641347,0.14715681538494851,0.0015462555075781159,2983.710653502847,0.47493831739743886,0.04739452068293108,0.8123889050359878,1.5543122344752192e-15,-6.847978850643699e-10,4,1.0000000000000007,5514715.162045343,244.54191658368273,0.47493831739743886,0.04739452068293108
1620895063307.0698,2414529534.548424,0.14716160049204713,0.0015467758671683697,2983.913134362036,0.47468807760615433,0.047229884127370475,0.8122323214010407,6.661338147750939e-16,-6.929961049451094e-10,4,1.0000000000000007,5516487.968821573,244.5245177147278,0.47468807760615433,0.047229884127370475
1623306272538.8228,2411209231.7528644,0.14716635216066115,0.0015473001516277392,2984.117777500159,0.4744378539900876,0.047065786932964836,0.8118832472980841,-3.3306690738754696e-16,-6.936548002656195e-10,4,1.0000000000000007,5518262.198027396,244.50739830507936,0.4744378539900876,0.047065786932964836
1625714683622.1855,2408411083.3624825,0.14717106518060125,0.001547826806195094,2984.3238848636993,0.47418759278116046,0.04690219234264766,0.8120493377727911,1.1102230246251565e-15,-6.979522515493386e-10,4,1.0000000000000007,5520037.960020461,244.4905029142716,0.47418759278116046,0.04690219234264766
1628120053778.422,2405370156.236748,0.14717573512101478,0.0015483570296459894,2984.532078208931,0.4739373196035738,0.04673911555888719,0.8119655803273673,0,-7.022104009379859e-10,4,1.0000000000000007,5521815.288724932,244.47387169169025,0.4739373196035738,0.04673911555888719
1630522510748.9531,2402456970.5310926,0.1471803613342322,0.0015488913855127922,2984.7426342727736,0.47368702159784365,0.046576546296469346,0.8119704048015208,2.220446049250313e-16,-7.069796970071707e-10,4,1.0000000000000007,5523594.381204355,244.4575218344197,0.47368702159784365,0.046576546296469346
1632922050933.2983,2399540184.3450475,0.14718493996462723,0.001549431303000401,2984.956278943695,0.4734366995655059,0.046414482952029254,0.8117727273715403,-1.3322676295501878e-15,-7.12052306006683e-10,4,1.0000000000000007,5525375.487372517,244.44149852252357,0.4734366995655059,0.046414482952029254
1635318969660.15,2396918726.8514414,0.1471894625418599,0.0015499785251756968,2985.1739352569216,0.47318632311674297,0.046252902867192885,0.8117888911085558,-9.992007221626409e-16,-7.153309056207036e-10,4,1.0000000000000007,5527159.1487694355,244.42585648030712,0.47318632311674297,0.046252902867192885
1637713245956.5251,2394276296.3753066,0.1471939446062637,0.0015505305297445742,2985.39422867267,0.4729358947525924,0.04609180550238108,0.8119786115701189,-5.551115123125783e-16,-7.208047492213154e-10,4,1.0000000000000007,5528944.914104973,244.4105171800379,0.4729358947525924,0.04609180550238108
1640104603313.7812,2391357357.2559667,0.14719836897648786,0.001551091117904889,2985.6191607732253,0.47268544382553934,0.04593120666049392,0.8117356392611796,-2.220446049250313e-16,-7.268283752637217e-10,4,1.0000000000000007,5530733.261337572,244.3956051382321,0.47268544382553934,0.04593120666049392
1642493402723.264,2388799409.4826555,0.14720273492998376,0.0015516604224253307,2985.8487993413373,0.47243493293836264,0.04577107888531521,0.8117961697307052,0,-7.271199198299882e-10,4,1.0000000000000007,5532524.498793427,244.38112433067644,0.47243493293836264,0.04577107888531521
1644879557955.943,2386155232.6792336,0.14720704293643427,0.0015522392010941459,2986.0835005444883,0.47218437150308873,0.04561142455953823,0.8118318167715799,6.661338147750939e-16,-7.345944963432771e-10,4,1.0000000000000007,5534318.719802956,244.36710238181652,0.47218437150308873,0.04561142455953823
1647263019608.776,2383461652.832965,0.14721129359605517,0.0015528256194146859,2986.3223724080326,0.47193376504745893,0.04545224411916495,0.8119783551086002,-2.220446049250313e-16,-7.377914945649877e-10,4,1.0000000000000007,5536115.582016648,244.35348247527628,0.47193376504745893,0.04545224411916495
1649643575882.9155,2380556274.1394105,0.14721549054782312,0.0015534207139338695,2986.565873094238,0.4716831362307874,0.04529354873718688,0.8119169975229212,1.9984014443252818e-15,-7.417049197044889e-10,4,1.0000000000000007,5537915.124400353,244.3403017332749,0.4716831362307874,0.04529354873718688
1652021320159.41,2377744276.4945025,0.14721964589388137,0.0015540175617451853,2986.8105497711954,0.4714324754916888,0.045135330903015004,0.8124604072845543,-1.1102230246251565e-15,-7.579634697663096e-10,4,1.0000000000000007,5539716.206034641,244.32733931755655,0.4714324754916888,0.045135330903015004
1654395461395.6084,2374141236.1984167,0.1472237354940437,0.0015546261903590756,2987.0614634259446,0.47118186680256624,0.04497763990382419,0.8117675376340117,-1.1102230246251565e-15,-7.542216851064154e-10,4,1.0000000000000007,5541520.015902619,244.31492100728067,0.47118186680256624,0.04497763990382419
1656767016503.0356,2371555107.4274087,0.14722777236541093,0.0015552335903472418,2987.312229801305,0.4709312031021768,0.044820407432349545,0.8126740619340822,4.440892098500626e-16,-7.591178796673148e-10,4,1.0000000000000007,5543325.027695423,244.30262245358787,0.4709312031021768,0.044820407432349545
1659134666655.8926,2367650152.857181,0.14723176036219354,0.0015558479575930378,2987.5667449670154,0.47068062425490603,0.04466371948036554,0.8119109123905233,4.440892098500626e-16,-7.63145324711445e-10,4,1.0000000000000007,5545131.680744992,244.29071529701955,0.47068062425490603,0.04466371948036554
1661499528918.3418,2364862262.4490304,0.14723570289572327,0.0015564671369713739,2987.823937098257,0.47043001253466454,0.044507499619451746,0.8124522937746903,4.440892098500626e-16,-7.679262781223883e-10,4,1.0000000000000007,5546940.459036706,244.2791282131926,0.47043001253466454,0.044507499619451746
1663860819451.2114,2361290532.869642,0.14723960571704595,0.0015570890786028274,2988.082762387654,0.47017945138411155,0.044351798715878014,0.8124003736398322,-3.3306690738754696e-16,-7.715302841049265e-10,4,1.0000000000000007,5548750.4026246155,244.26779973682878,0.47017945138411155,0.044351798715878014
1666218618988.3345,2357799537.123149,0.14724346938936553,0.0015577135000161989,2988.3430785407036,0.4699289327360485,0.044196610417684204,0.8124369987871916,1.1102230246251565e-15,-7.72370056800753e-10,4,1.0000000000000007,5550561.520205413,244.2567189322167,0.4699289327360485,0.044196610417684204
1668572879623.3584,2354260635.023901,0.14724730243144515,0.0015583381520671363,2988.6037197667315,0.4696784621279626,0.044041937633583446,0.812496646074301,2.220446049250313e-16,-7.821082670389501e-10,4,1.0000000000000007,5552373.364958414,244.24581271399074,0.4696784621279626,0.044041937633583446
1670923520380.1619,2350640756.8036113,0.14725111226300938,0.0015589575228483954,2988.8619689050324,0.4694280485680495,0.04388778675905041,0.812983108056109,-1.5543122344752192e-15,-7.88480836177996e-10,4,1.0000000000000007,5554184.890508878,244.23490472104004,0.4694280485680495,0.04388778675905041
1673269844528.3662,2346324148.204302,0.14725487770794465,0.0015595830584389085,2989.123527804588,0.4691777669474516,0.04373420343042668,0.8113309996060636,-3.3306690738754696e-16,-7.941284296819617e-10,4,1.0000000000000007,5555997.523574428,244.2243529200318,0.4691777669474516,0.04373420343042668
1675614243298.1594,2344398769.793165,0.14725858873780567,0.0015602209439337675,2989.391458299265,0.4689273628486518,0.0435810249240586,0.8125961342697607,-5.551115123125783e-16,-8.062988055002052e-10,4,1.0000000000000007,5557814.28883689,244.21435582292582,0.4689273628486518,0.0435810249240586
1677954894054.1501,2340650755.9908547,0.14726229381428999,0.0015608485563658903,2989.654430006056,0.46867703102452696,0.043428372478395726,0.81365068294037,-7.771561172376096e-16,-8.032430276472269e-10,4,1.0000000000000007,5559629.772251242,244.20420420350985,0.46867703102452696,0.043428372478395726
1680290287898.0466,2335393843.8964357,0.14726604117352268,0.0015614484443202447,2989.9036039025577,0.4684269330635375,0.04327635476905072,0.8130730921873663,1.9984014443252818e-15,-8.017166930329722e-10,4,1.0000000000000007,5561439.559675902,244.19332966084494,0.4684269330635375,0.04327635476905072
1682621264134.8865,2330976236.8399534,0.147269746440763,0.0015620520036445775,2990.154873494138,0.4681769801707929,0.04312491666221467,0.8120933447930412,-5.551115123125783e-16,-8.040509369422466e-10,4,1.0000000000000007,5563249.853338341,244.18272353405456,0.4681769801707929,0.04312491666221467
1684949234137.5464,2327970002.6600585,0.1472734031180396,0.0015626618650116672,2990.409561849862,0.46792702174065076,0.04297396441830757,0.8117434596721651,6.661338147750939e-16,-8.082995384128822e-10,4,1.0000000000000007,5565062.197077845,244.17245721796678,0.46792702174065076,0.04297396441830757
1687274702793.605,2325468656.058617,0.1472770245494911,0.0015632744941957227,2990.665840563536,0.4676770039254795,0.04282346350595244,0.8123019540340337,6.661338147750939e-16,-8.130355277913281e-10,4,1.0000000000000007,5566876.376548577,244.16241999565582,0.4676770039254795,0.04282346350595244
1689596874079.876,2322171286.2710295,0.1472806206905713,0.001563887023765345,2990.922236476598,0.46742701263352465,0.04267346571097974,0.8121118488801926,0,-8.163210107881014e-10,4,1.0000000000000007,5568691.243655343,244.15252047681992,0.46742701263352465,0.04267346571097974
1691916024066.0771,2319149986.2009697,0.14728418974872942,0.0015644999182273585,2991.178989968367,0.4671770185954641,0.042523952748662434,0.812244415060448,2.220446049250313e-16,-8.198383083524163e-10,4,1.0000000000000007,5570507.091296585,244.1427727316972,0.4671770185954641,0.042523952748662434
1694231967667.7356,2315943601.658407,0.1472877391275836,0.0015651114546388798,2991.43520253251,0.4669270421684477,0.0423749368660091,0.8122670558385892,1.7763568394002505e-15,-8.266037854198771e-10,4,1.0000000000000007,5572323.454410705,244.13312040433237,0.4669270421684477,0.0423749368660091
1696544677085.4976,2312709417.7619076,0.14729127217295038,0.0015657209376667373,2991.690508732256,0.46667708679401537,0.042226420385679704,0.8122572242585946,-5.551115123125783e-16,-8.289861019861178e-10,4,1.0000000000000007,5574140.170137438,244.12353873542392,0.46667708679401537,0.042226420385679704
1698854170812.8127,2309493727.3149786,0.1472947911236966,0.0015663278841021567,2991.9446560633924,0.4664271509182812,0.04207840283219581,0.8122513128761,-1.1102230246251565e-15,-8.313644217494698e-10,4,1.0000000000000007,5575957.143237902,244.11401097997012,0.4664271509182812,0.04207840283219581
1701160461713.2026,2306290900.389679,0.14729830309626768,0.0015669308789788413,2992.1968979298013,0.4661772335782628,0.04193088450551597,0.8122791383957662,6.661338147750939e-16,-8.346703328498961e-10,4,1.0000000000000007,5577774.109817623,244.10448784583917,0.4661772335782628,0.04193088450551597
1703463514780.5488,2303053067.346268,0.14730180505985424,0.0015675302681620016,2992.447431956557,0.46592733902420697,0.041783868737704455,0.8122110656261228,2.220446049250313e-16,-8.426876973999242e-10,4,1.0000000000000007,5579591.080266722,244.09497677236075,0.46592733902420697,0.041783868737704455
1705763430934.344,2299916153.7949314,0.14730535055443245,0.0015681089222791698,2992.6875432095935,0.465677456471913,0.041637354686592645,0.813093277152177,-2.7755575615628914e-15,-8.365063086657187e-10,4,1.0000000000000007,5581405.03934188,244.08492988970414,0.465677456471913,0.041637354686592645
1708058968096.5393,2295537162.1948347,0.14730889185499718,0.0015686827396011853,2992.9253082586984,0.4654277215474066,0.041491424414207397,0.8119036531972768,-7.771561172376096e-16,-8.38789149248953e-10,4,1.0000000000000007,5583217.766912497,244.0748444796056,0.4654277215474066,0.041491424414207397
1710351812530.8743,2292844434.335326,0.14731242367578298,0.0015692540544385333,2993.161895948151,0.4651779514813528,0.04134597117754499,0.8118475641749612,-2.220446049250313e-16,-8.394964723379417e-10,4,1.0000000000000007,5585030.981719536,244.0647827614085,0.4651779514813528,0.04134597117754499
1712642046505.875,2290233975.000468,0.147315948227627,0.0015698247599585796,2993.398187393604,0.4649281377239367,0.04120098993315027,0.8117306782295941,-5.551115123125783e-16,-8.47850678553641e-10,4,1.0000000000000007,5586845.067546001,244.05480284756032,0.4649281377239367,0.04120098993315027
1714929837692.1797,2287791186.304597,0.14731946207573432,0.0015703925958892786,2993.6331406178983,0.4646782623242962,0.041056470728401705,0.8118062289064198,-5.551115123125783e-16,-8.531427786451218e-10,4,1.0000000000000007,5588659.741292497,244.04482805306947,0.4646782623242962,0.041056470728401705
1717215082349.8223,2285244657.6424365,0.14732296396666547,0.0015709578205296236,2993.8668926501155,0.46442833695268637,0.04091242093541122,0.811739895856256,-1.3322676295501878e-15,-8.587743849375329e-10,4,1.0000000000000007,5590474.942890888,244.03486436605297,0.46442833695268637,0.04091242093541122
1719497876579.3044,2282794229.4824424,0.147326450790771,0.0015715215132667965,2994.099990327717,0.4641783514724816,0.04076883497001116,0.8116297239846304,-1.4432899320127035e-15,-8.664694517435123e-10,4,1.0000000000000007,5592290.924226941,244.02494110719758,0.4641783514724816,0.04076883497001116
1721778377771.7986,2280501192.494408,0.14732991326297276,0.0015720855893918135,2994.33344070233,0.4639282890216784,0.04062570271567404,0.8115762289984119,-7.771561172376096e-16,-8.694361897099157e-10,4,1.0000000000000007,5594108.138303532,244.0151182086706,0.4639282890216784,0.04062570271567404
1724056663313.4292,2278285541.6305275,0.14733334661140532,0.001572649277943786,2994.5669251960367,0.46367814142682545,0.040483019502650576,0.8114344607346169,0,-8.799730943920281e-10,4,1.0000000000000007,5595926.493667038,244.00536400390578,0.46367814142682545,0.040483019502650576
1726332934178.0054,2276270864.576081,0.14733676724931952,0.001573210756762413,2994.7994100750257,0.4634278868897729,0.04034077279861271,0.8118074001917108,-1.6653345369377348e-15,-8.842053755842016e-10,4,1.0000000000000007,5597745.828530411,243.99562305842406,0.4634278868897729,0.04034077279861271
1728606669696.8423,2273735518.837098,0.1473401807933871,0.0015737675823506263,2995.029676651998,0.463177582927305,0.040198996690466955,0.8117042843425182,1.7763568394002505e-15,-8.899238013171384e-10,4,1.0000000000000007,5599565.257016616,243.98581539278638,0.463177582927305,0.040198996690466955
1730878016951.7952,2271347254.9531145,0.14734358711390544,0.00157432030924338,2995.257991903823,0.4629272137155952,0.040057683251023456,0.8116213340292333,6.661338147750939e-16,-8.943141782680186e-10,4,1.0000000000000007,5601384.9650680795,243.9759538339392,0.4629272137155952,0.040057683251023456
1733147094396.048,2269077444.252784,0.1473469868122926,0.0015748692976235896,2995.4845226540133,0.4626767665411775,0.03991682624158325,0.8115486449522535,1.1102230246251565e-15,-9.001869250013783e-10,4,1.0000000000000007,5603205.083447905,243.96604478750143,0.4626767665411775,0.03991682624158325
1735414005812.8193,2266911416.7713485,0.14735037925355207,0.0015754149617262711,2995.7094737894367,0.4624262302770817,0.03977642020529052,0.8114719463048203,-1.1102230246251565e-15,-9.040852511077446e-10,4,1.0000000000000007,5605025.74290804,243.95609609745617,0.4624262302770817,0.03977642020529052
1737678860296.857,2264854484.037651,0.1473537638858939,0.00157595786517347,2995.9331201256905,0.46217559318100565,0.039636459220055334,0.8113820443300668,-2.220446049250313e-15,-9.134520917442046e-10,4,1.0000000000000007,5606847.102687052,243.94612042636876,0.46217559318100565,0.039636459220055334
1739941785071.3574,2262924774.500478,0.14735713939950518,0.0015764987565802934,2996.155831784446,0.4619248414782001,0.03949693597510486,0.8113113930674487,-3.3306690738754696e-16,-9.162056668898799e-10,4,1.0000000000000007,5608669.372857754,243.93613663671204,0.4619248414782001,0.03949693597510486
1742202880225.2905,2261095153.93318,0.14736051096733732,0.0015770371005907509,2996.3773027061598,0.4616739643495654,0.039357844966792,0.8112842964091982,-7.771561172376096e-16,-9.236260645195671e-10,4,1.0000000000000007,5610492.506520011,243.92612333478354,0.4616739643495654,0.039357844966792
1744462184967.0554,2259304741.7649426,0.14736387888797034,0.0015775731172383658,2996.59763536235,0.4614229577155285,0.03921918446826579,0.8111786969910995,-3.3306690738754696e-16,-9.289837787918032e-10,4,1.0000000000000007,5612316.538821214,243.91608069232043,0.4614229577155285,0.03921918446826579
1746719847651.5237,2257662684.4680862,0.1473672387079544,0.0015781079249651416,2996.817406943581,0.46117180537291796,0.03908094575033781,0.8110163873809029,6.661338147750939e-16,-9.340331841301008e-10,4,1.0000000000000007,5614141.74906616,243.90603606893285,0.46117180537291796,0.03908094575033781
1748976095210.9207,2256247559.396858,0.14737058950628118,0.001578642727593474,2997.037198686924,0.4609204823399526,0.038943114802782425,0.8109013321933034,-3.774758283725532e-15,-9.41548394806091e-10,4,1.0000000000000007,5615968.497725653,243.89601983421264,0.4609204823399526,0.038943114802782425
1751231088490.7283,2254993279.8075686,0.14737393434188148,0.001579177217201556,2997.256833435164,0.46066897092223913,0.03880568171079971,0.810827442965234,4.440892098500626e-16,-9.50639900132444e-10,4,1.0000000000000007,5617796.814847363,243.88601382355824,0.46066897092223913,0.03880568171079971
1753484930875.4758,2253842384.7473626,0.14737727405552487,0.0015797107115949306,2997.4759791929187,0.4604172597818037,0.038668640462208775,0.8106451071521192,-1.1102230246251565e-15,-9.576880399819743e-10,4,1.0000000000000007,5619626.602298823,243.87598513230753,0.4604172597818037,0.038668640462208775
1755737876283.723,2252945408.246869,0.14738060778662665,0.0015802452896912643,2997.695631052764,0.4601653207678553,0.0385319751553242,0.8105291254834057,-2.220446049250313e-15,-9.620207963578764e-10,4,1.0000000000000007,5621458.47244521,243.8659915151459,0.4601653207678553,0.0385319751553242
1757990086193.7576,2252209910.0346947,0.14738393664821456,0.001580780066345179,2997.91535767104,0.45991313594558203,0.03839567586679051,0.8105218024523353,6.661338147750939e-16,-9.762715080796625e-10,4,1.0000000000000007,5623292.7629394075,243.85600379715453,0.45991313594558203,0.03839567586679051
1760241571016.6584,2251484822.901164,0.14738725632672176,0.0015813177293944156,2998.136476912051,0.4596607042773981,0.03825974116734078,0.8104365850636341,-5.551115123125783e-16,-9.846402582169844e-10,4,1.0000000000000007,5625130.012992478,243.846111562925,0.4596607042773981,0.03825974116734078
1762492449316.4338,2250878299.7751718,0.14739057004900644,0.0015818571183886553,2998.358405017408,0.45940801254318037,0.03812416328208244,0.8104938498121328,6.661338147750939e-16,-9.921148347302733e-10,4,1.0000000000000007,5626970.105544637,243.83628401414234,0.45940801254318037,0.03812416328208244
1764742641759.551,2250192443.1171403,0.14739387398290738,0.0015823967735178696,2998.580488792821,0.4591550696927861,0.03798894665733963,0.81067593693529,-1.1102230246251565e-15,-1.0017860985200855e-09,4,1.0000000000000007,5628812.713479547,243.82648107580692,0.4591550696927861,0.03798894665733963
1766991895908.2805,2249254148.729367,0.14739716834065636,0.0015829386270101386,2998.8036411647286,0.4589019042220244,0.037854105938587415,0.8105692089754868,4.440892098500626e-16,-1.011596917344093e-09,4,1.0000000000000007,5630657.960549119,243.81676981294518,0.4589019042220244,0.037854105938587415
1769240360167.3367,2248464259.0561256,0.14740045517045855,0.0015834815144867521,2999.0272891994587,0.458648499535369,0.037719631843074614,0.8106048626776996,1.1102230246251565e-15,-1.019832218673855e-09,4,1.0000000000000007,5632505.749812086,243.8071175344619,0.458648499535369,0.037719631843074614
1771487985382.627,2247625215.2904406,0.1474037310803264,0.001584026557674695,2999.2519980452294,0.4583948612798461,0.03758552653174761,0.8106660009943312,2.220446049250313e-16,-1.0268222938591975e-09,4,1.0000000000000007,5634356.24029627,243.79756546580282,0.4583948612798461,0.03758552653174761
1773734687142.2644,2246701759.6374297,0.14740699859759893,0.0015845729376693539,2999.477353693265,0.45814099908299805,0.03745179463309275,0.8106685117637014,1.7763568394002505e-15,-1.0407755768326865e-09,4,1.0000000000000007,5636209.200576726,243.7880925869725,0.45814099908299805,0.03745179463309275
1775980462347.8884,2245775205.6242595,0.1474102565449852,0.0015851260983144398,2999.7059431637226,0.4578869134837471,0.03731843443971683,0.8104973187039732,-1.3322676295501878e-15,-1.0495084801220855e-09,4,1.0000000000000007,5638065.600663326,243.77887765816521,0.4578869134837471,0.03731843443971683
1778225548447.35,2245086099.461979,0.14741349758165126,0.0015856832872967442,2999.936536818783,0.4576325777109336,0.03718543022926029,0.8107039839444496,-8.881784197001252e-16,-1.058731435854554e-09,4,1.0000000000000007,5639925.157584839,243.76983836770415,0.4576325777109336,0.03718543022926029
1780469659562.1934,2244111114.843345,0.14741707056973394,0.0015861894529265012,3000.13955218042,0.4573780235333193,0.03705281017613411,0.831690269084695,-7.771561172376096e-16,-1.0657089655197183e-09,4,1.0000000000000007,5641777.746803081,243.75926098826574,0.4573780235333193,0.03705281017613411
1782684314434.0542,2214654871.8608327,0.14742072780147267,0.0015866728668306634,3000.3308929286204,0.45712648838998066,0.036922262675378306,0.8071500463835424,-8.881784197001252e-16,-1.021279616431059e-09,4,1.0000000000000007,5643605.500565029,243.74828236237835,0.45712648838998066,0.036922262675378306
1784902875706.0107,2218561271.9564643,0.14742438405166775,0.0015871611251090947,3000.5244767336007,0.4568741873206783,0.036791815518895564,0.8070974553964216,-2.4424906541753444e-15,-1.0401109973301459e-09,4,1.0000000000000007,5645439.837627559,243.73742611494163,0.4568741873206783,0.036791815518895564
1787125422676.263,2222546970.2524085,0.1474280158697938,0.0015876588730605122,3000.7227355514674,0.45662110956094065,0.03666146351778097,0.8025830113694843,-1.887379141862766e-15,-1.055990628273662e-09,4,1.0000000000000007,5647281.67469771,243.72684201950466,0.45662110956094065,0.03666146351778097
1789358215748.8804,2232793072.617047,0.14743165235086145,0.00158816364945547,3000.9242073491664,0.45636653882976935,0.036530841069517775,0.8068274687245136,-5.551115123125783e-16,-1.087463230575736e-09,4,1.0000000000000007,5649135.559821193,243.71638863139785,0.45636653882976935,0.036530841069517775
1791595394304.4001,2237178555.5195894,0.14743528524024507,0.001588674328844355,3001.128442155387,0.45611114019603094,0.036400292707764556,0.809878246132989,6.661338147750939e-16,-1.1055856230512973e-09,4,1.0000000000000007,5650996.6735513555,243.70610191306366,0.45611114019603094,0.036400292707764556
1793832741017.8525,2237346713.4526334,0.14743890595553616,0.001589189334675847,3001.3347808774333,0.45585539410545917,0.03627006417521496,0.8104358478755458,-1.4432899320127035e-15,-1.1167963220870547e-09,4,1.0000000000000007,5652861.4085248625,243.69598643567892,0.45585539410545917,0.03627006417521496
1796069486034.1094,2236745016.2570252,0.14744251320390533,0.001589708196467197,3001.543013081153,0.4555993884920653,0.03614019912126742,0.8104972626377105,-1.9984014443252818e-15,-1.1284713163917104e-09,4,1.0000000000000007,5654729.066839091,243.6860386660058,0.4555993884920653,0.03614019912126742
1798305544792.4175,2236058758.308141,0.14744610675673306,0.0015902305765351716,3001.7529803905404,0.45534313310563584,0.03601070127263344,0.8105558707560689,-2.4424906541753444e-15,-1.139376482051091e-09,4,1.0000000000000007,5656599.513322399,243.67625270682333,0.45534313310563584,0.03601070127263344
1800540836686.3472,2235291893.929791,0.1474496845381655,0.0015907565223639997,3001.9647251074957,0.4550866372732708,0.03588157412238016,0.8105907284283731,0,-1.152417161698338e-09,4,1.0000000000000007,5658472.684776166,243.6666334156151,0.4550866372732708,0.03588157412238016
1802775313932.957,2234477246.609844,0.1474532439646673,0.0015912911324593628,3002.1806770338158,0.4548299066260526,0.035752818410383545,0.8101998494325358,-5.551115123125783e-16,-1.1694505364090446e-09,4,1.0000000000000007,5660349.443312736,243.65733908317148,0.4548299066260526,0.035752818410383545
1805009515576.8552,2234201643.8981905,0.14745678335976012,0.0015918340206340805,3002.4006679663357,0.4545728793215757,0.035624399270170276,0.8108506643900171,2.220446049250313e-15,-1.1785945552844623e-09,4,1.0000000000000007,5662230.246073905,243.64837027202677,0.4545728793215757,0.035624399270170276
1807242544961.426,2233029384.570708,0.14746031512719776,0.0015923735854637422,3002.619099587565,0.4543156584510473,0.035496369080024,0.8110271093597632,-7.771561172376096e-16,-1.1929152110567998e-09,4,1.0000000000000007,5664112.210706356,243.63936494110098,0.4543156584510473,0.035496369080024
1809474159909.922,2231614948.4961095,0.1474638376872681,0.0015929099364145678,3002.8360408742615,0.4540582720634376,0.03536874273938743,0.8109944038547923,1.1102230246251565e-15,-1.1960995527360296e-09,4,1.0000000000000007,5665995.1176029425,243.6303231984748,0.4540582720634376,0.03536874273938743
1811704406287.2163,2230246377.2941394,0.14746735276951595,0.001593442819335275,3003.0513557266086,0.45380071506036895,0.035241518690607355,0.8109597166017224,1.9984014443252818e-15,-1.2060810128389221e-09,4,1.0000000000000007,5667878.9233956095,243.62123567011807,0.45380071506036895,0.035241518690607355
1813933332600.1091,2228926312.8928065,0.14747087148711605,0.0015939694208256616,3003.263607112522,0.4535429819951116,0.03511469582448773,0.8110709009967465,-3.3306690738754696e-16,-1.2212000299882675e-09,4,1.0000000000000007,5669763.13272061,243.61200990318022,0.4535429819951116,0.03511469582448773
1816160786940.6777,2227454340.568396,0.14747438827975137,0.0015944862954839223,3003.471231500898,0.45328509057913513,0.03498828556747795,0.8111520932718719,6.661338147750939e-16,-1.2220562339848584e-09,4,1.0000000000000007,5671646.944227044,243.6025336039193,0.45328509057913513,0.03498828556747795
1818386658873.3074,2225871932.6296554,0.1474779018628279,0.001594994374709524,3003.6746840179335,0.45302705381416924,0.034862297356176374,0.814303738327915,-7.771561172376096e-16,-1.2333936094677256e-09,4,1.0000000000000007,5673530.355804308,243.59282491016378,0.45302705381416924,0.034862297356176374
1820606640951.2761,2219982077.968943,0.14748140718969585,0.0015954951642081256,3003.87472792018,0.4527693724950964,0.034736975677157805,0.8159336007534934,2.220446049250313e-16,-1.2333084553617368e-09,4,1.0000000000000007,5675410.145321184,243.58297922236292,0.4527693724950964,0.034736975677157805
1822818536266.4824,2211895315.2062593,0.1474849004013717,0.001595988708362214,3004.071425983383,0.4525123044674254,0.034612443617682766,0.8152639870834255,-1.1102230246251565e-15,-1.2280130246011822e-09,4,1.0000000000000007,5677284.494111456,243.5730182493085,0.4525123044674254,0.034612443617682766
1825023279147.5076,2204742881.025124,0.1474883824990199,0.0015964760779590113,3004.2652743065037,0.45225574418487724,0.03448864713192144,0.8144906273044317,-1.6653345369377348e-15,-1.2246235137070016e-09,4,1.0000000000000007,5679154.295513264,243.56295939039936,0.45225574418487724,0.03448864713192144
1827221935793.3796,2198656645.8719387,0.14749185434437825,0.001596958397842385,3004.45679531509,0.45199957020721915,0.034365525035458144,0.8134885659538682,-1.9984014443252818e-15,-1.2138392513350027e-09,4,1.0000000000000007,5681020.568754319,243.552820013643,0.45199957020721915,0.034365525035458144
1829415873012.3901,2193937219.010364,0.14749531643119645,0.0015974379065042672,3004.6470383246838,0.4517436254136941,0.03424299945358805,0.8112782189095835,1.3322676295501878e-15,-1.222900336550481e-09,4,1.0000000000000007,5682884.786033532,243.54264926647667,0.4517436254136941,0.03424299945358805
1831608081208.3325,2192208195.942208,0.14749877158094937,0.0015979173741708095,3004.837277909311,0.4514875621175931,0.03412090224458166,0.8099777294712229,4.440892098500626e-16,-1.2329147702772048e-09,4,1.0000000000000007,5684749.856513551,243.53249669097065,0.4514875621175931,0.03412090224458166
1833800319541.7085,2192238333.375838,0.14750224027732853,0.001598393325283071,3005.025671928604,0.4512311749880073,0.033999136125827646,0.8133634569335024,1.5543122344752192e-15,-1.2366137003283484e-09,4,1.0000000000000007,5686616.5657031,243.52223048266217,0.4512311749880073,0.033999136125827646
1835988020458.406,2187700916.697467,0.14750570051998244,0.0015988691716886402,3005.2140488902965,0.45097499926394075,0.033877953862190224,0.8094186654955537,-8.881784197001252e-16,-1.2456965459151093e-09,4,1.0000000000000007,5688481.786467407,243.51200112969784,0.45097499926394075,0.033877953862190224
1838176506851.033,2188486392.626883,0.14750915872779125,0.0015993463461422398,3005.4030165654817,0.4507184122137657,0.03375705968025491,0.8092440855617111,-1.6653345369377348e-15,-1.2605557708766923e-09,4,1.0000000000000007,5690350.11289323,243.5017896031778,0.4507184122137657,0.03375705968025491
1840366015137.023,2189508285.9900064,0.1475126162153259,0.0015998256417081933,3005.5929336342265,0.4504613856773437,0.03363644048626349,0.8082171805423588,2.886579864025407e-15,-1.2748555544561668e-09,4,1.0000000000000007,5692221.879957334,243.49161369816886,0.4504613856773437,0.03363644048626349
1842557936974.5872,2191921837.564171,0.14751606469233633,0.0016003104742072938,3005.7854878240196,0.4502037555042999,0.03351601910530581,0.8053205010488673,2.220446049250313e-16,-1.2919890712836946e-09,4,1.0000000000000007,5694098.857261334,243.48155887584028,0.4502037555042999,0.03351601910530581
1844756217919.339,2198280944.7521024,0.14751962659244783,0.0016007828616093312,3005.970988220137,0.44994505576462723,0.0333955824074975,0.8369904019867036,1.1102230246251565e-15,-1.3119327846311535e-09,4,1.0000000000000007,5695981.084467692,243.4710310297029,0.44994505576462723,0.0333955824074975
1846918764475.3289,2162546555.9896927,0.1475235400723903,0.0016011870635846352,3006.120850463463,0.4496902471592996,0.03327744755422982,0.8459742870808862,-1.1102230246251565e-15,-1.2374357094557809e-09,4,1.0000000000000007,5697823.618512532,243.45872447792993,0.4496902471592996,0.03327744755422982
1849034831374.5713,2116066899.2423232,0.14752737925201181,0.0016015854506849618,3006.268701666599,0.44944061398565294,0.03316218453900805,0.8076146543189999,1.3322676295501878e-15,-1.1457996773600598e-09,4,1.0000000000000007,5699628.7980082985,243.44667614354236,0.44944061398565294,0.03316218453900805
1851154020944.652,2119189570.0811327,0.14753123338678037,0.0016019865797492513,3006.417648724006,0.4491903124304819,0.03304708212657377,0.8067709827974667,0,-1.155122886231652e-09,4,1.0000000000000007,5701438.897884567,243.43460016568838,0.4491903124304819,0.03304708212657377
1853277447198.0002,2123426253.3481355,0.1475351063964956,0.00160238977385931,3006.567333400853,0.4489392096383809,0.032932080528772834,0.8083433487154901,8.881784197001252e-16,-1.1811198685762747e-09,4,1.0000000000000007,5703254.737495702,243.4224587406474,0.4489392096383809,0.032932080528772834
1855403048255.1074,2125601057.10701,0.14753899616586563,0.001602794553077896,3006.7175515869367,0.4486875484812166,0.03281729205907144,0.8071962420003187,2.886579864025407e-15,-1.1991931891941476e-09,4,1.0000000000000007,5705074.551971049,243.41025328589822,0.4486875484812166,0.03281729205907144
1857532337699.5403,2129289444.4332092,0.14754291056163593,0.0016031999458679064,3006.8677671357364,0.44843514882511054,0.032702635548843034,0.8104593234720125,1.5543122344752192e-15,-1.2172972629898027e-09,4,1.0000000000000007,5706899.452780347,243.3979338992038,0.44843514882511054,0.032702635548843034
1859661023676.776,2128685977.2355509,0.14754684431060103,0.0016036015349486382,3007.015962826871,0.4481825192361949,0.032588343292636796,0.8102620917965764,2.220446049250313e-16,-1.2297406426498014e-09,4,1.0000000000000007,5708725.103646603,243.38540300805863,0.4481825192361949,0.032588343292636796
1861789365347.977,2128341671.200928,0.14755079713660055,0.001604003188036572,3007.163955342063,0.4479296295652171,0.03247440074317311,0.8077242936305185,-3.3306690738754696e-16,-1.2338637889186543e-09,4,1.0000000000000007,5710552.453104047,243.37277296823476,0.4479296295652171,0.03247440074317311
1863920703136.7837,2131337788.8066943,0.14755477546615905,0.0016044063026594752,3007.3123340623774,0.4476760826907857,0.03236062884741239,0.8074539060293207,6.661338147750939e-16,-1.25243992954438e-09,4,1.0000000000000007,5712384.574702862,243.360047435637,0.4476760826907857,0.03236062884741239
1866055398587.9631,2134695451.179375,0.14755877581193938,0.0016048101154340863,3007.4607764606417,0.4474218347250234,0.0322470089640777,0.8082518210966727,-8.881784197001252e-16,-1.2753141875876395e-09,4,1.0000000000000007,5714221.706085536,243.34719679034484,0.4474218347250234,0.0322470089640777
1868192401373.1492,2137002785.1862288,0.14756280139935943,0.0016052148383197417,3007.6093487550306,0.44716701009393034,0.03213359742969346,0.8077619426116733,0,-1.29041088925419e-09,4,1.0000000000000007,5716063.105942536,243.33424218568064,0.44716701009393034,0.03213359742969346
1870332362595.9229,2139961222.7738125,0.1475668489210679,0.0016056194387310215,3007.757600814884,0.4469115305009497,0.032020360331602354,0.8086613005608978,-1.3322676295501878e-15,-1.3093758299831393e-09,4,1.0000000000000007,5717909.246618894,243.32114646611396,0.4469115305009497,0.032020360331602354
1872474094387.0713,2141731791.1485279,0.1475709167324611,0.001606024357886475,3007.9057560270912,0.44665553726938856,0.031907360939564235,0.8081372340762449,4.440892098500626e-16,-1.3261651776730332e-09,4,1.0000000000000007,5719759.3617204735,243.3079447276258,0.44665553726938856,0.031907360939564235
1874618293116.0671,2144198728.9957645,0.1475750054789363,0.0016064298895685032,3008.053945254754,0.4463989466859786,0.031794562784980114,0.8085183641343141,8.881784197001252e-16,-1.3452305935857112e-09,4,1.0000000000000007,5721614.162034054,243.29464840323314,0.4463989466859786,0.031794562784980114
1876764455602.3257,2146162486.2585437,0.14757911359893408,0.0016068360519304495,3008.2021927383275,0.44614181846135365,0.031681992722285564,0.8076611084095742,4.440892098500626e-16,-1.366202373453973e-09,4,1.0000000000000007,5723472.990861403,243.28126921211643,0.44614181846135365,0.031681992722285564
1878913723359.1724,2149267756.846787,0.14758323583078256,0.0016072445972859207,3008.3513719009443,0.445884015151577,0.03156959096290922,0.8069125470577809,8.881784197001252e-16,-1.3845261603862014e-09,4,1.0000000000000007,5725337.097802503,243.26785182432158,0.445884015151577,0.03156959096290922
1881067099013.2556,2153375654.083237,0.14758737506318131,0.0016076556192218955,3008.5014964079037,0.4456254153546736,0.031457305598633,0.8070072910620896,2.220446049250313e-15,-1.408269389990835e-09,4,1.0000000000000007,5727207.346744201,243.25439148813527,0.4456254153546736,0.031457305598633
1883224463765.7373,2157364752.4820204,0.1475915303960663,0.0016080694492823953,3008.652729802006,0.44536603204282754,0.031345143450964216,0.8067247471432726,1.5543122344752192e-15,-1.4341295928588238e-09,4,1.0000000000000007,5729083.708122358,243.24090404514564,0.44536603204282754,0.031345143450964216
1885386203466.3164,2161739700.579313,0.1475957010172141,0.0016084867870458366,3008.8054067082103,0.445105817450246,0.031233085012566202,0.8060508541185563,6.661338147750939e-16,-1.4618597443671888e-09,4,1.0000000000000007,5730966.645198909,243.22741057891653,0.445105817450246,0.031233085012566202
1887553232283.8325,2167028817.516083,0.14759988675926558,0.0016089083428925657,3008.9598599497185,0.44484465986367294,0.03112108351866558,0.8062008404960407,6.661338147750939e-16,-1.4867436171073223e-09,4,1.0000000000000007,5732857.07487181,243.21392666274159,0.44484465986367294,0.03112108351866558
1889725361078.4802,2172128794.6480346,0.14760409233527622,0.0016093335849547668,3009.1157916273687,0.4445825802655025,0.031009149677332582,0.8062994047083881,1.5543122344752192e-15,-1.5171301992467079e-09,4,1.0000000000000007,5734754.75776457,243.2004421933897,0.4445825802655025,0.031009149677332582
1891902468772.8047,2177107694.324258,0.14760831726426132,0.0016097623828654148,3009.2731446250173,0.4443195914993248,0.030897290625226715,0.8065996562334199,8.881784197001252e-16,-1.5445836831773363e-09,4,1.0000000000000007,5736659.586535823,243.18695793056582,0.4443195914993248,0.030897290625226715
1894084160605.551,2181691832.7465277,0.14761256016042518,0.001610196126239679,3009.432581300786,0.444055739598618,0.03078552722758425,0.8041187243151837,4.440892098500626e-16,-1.5745216241924709e-09,4,1.0000000000000007,5738571.495249332,243.17352409239425,0.444055739598618,0.03078552722758425
1896273816284.07,2189655678.5190325,0.14761683011931917,0.001610643753856967,3009.59818313177,0.44379061348508486,0.030673685161043924,0.8002341890522846,-1.7763568394002505e-15,-1.6153028914445144e-09,4,1.0000000000000007,5740495.019407562,243.1603873333369,0.44379061348508486,0.030673685161043924
1898476792387.1301,2202976103.0599566,0.14762113752533002,0.0016110925359236327,3009.7638946445336,0.44352356012898597,0.030561494828666106,0.8106073012478786,-1.1102230246251565e-15,-1.6723097351345473e-09,4,1.0000000000000007,5742432.395415512,243.14709236618003,0.44352356012898597,0.030561494828666106
1900678943108.5234,2202150721.39303,0.14762545104780042,0.001611540740546019,3009.9292261923442,0.443256292412398,0.030449678853224853,0.8090599275256682,8.881784197001252e-16,-1.6869308172573483e-09,4,1.0000000000000007,5744371.359176128,243.13375356472545,0.443256292412398,0.030449678853224853
1902882372832.994,2203429724.4704523,0.14762977215045378,0.001611989064998774,3010.094488560376,0.4429885550144725,0.03033813022336548,0.8090919325492996,4.440892098500626e-16,-1.7077423919431567e-09,4,1.0000000000000007,5746313.811113387,243.12036887228263,0.4429885550144725,0.03033813022336548
1905087038697.4133,2204665864.4196897,0.14763409997952195,0.001612437487767086,3010.259680391315,0.44272035285787636,0.03022685134194869,0.8091352609804202,0,-1.7307557609314017e-09,4,1.0000000000000007,5748259.704706898,243.10693946471713,0.44272035285787636,0.03022685134194869
1907292882332.469,2205843635.0557523,0.1476384347798646,0.0016128855499390935,3010.42458503834,0.4424516927736267,0.030115845478206827,0.8095554139206372,2.220446049250313e-16,-1.746630395871307e-09,4,1.0000000000000007,5750208.89948176,243.0934529820158,0.4424516927736267,0.030115845478206827
1909499331579.4146,2206449246.9457517,0.14764277475896137,0.0016133332374219174,3010.5892143331157,0.4421826443307042,0.030005141612270244,0.8094080351447873,-3.3306690738754696e-16,-1.7667066698479061e-09,4,1.0000000000000007,5752160.89833041,243.07991642518274,0.4421826443307042,0.030005141612270244
1911706587528.0647,2207255948.650214,0.14764712053949225,0.001613780612490571,3010.753591108981,0.4419131829451484,0.029894729762491908,0.8094036610048482,-1.9984014443252818e-15,-1.7908436955593743e-09,4,1.0000000000000007,5754115.875621652,243.0663295765686,0.4419131829451484,0.029894729762491908
1913914656439.7039,2208068911.6387267,0.14765147065118597,0.00161422647531908,3010.9171709827733,0.44164330774370836,0.02978461000348147,0.8109615725129803,0,-1.8062598083901094e-09,4,1.0000000000000007,5756073.608758011,243.05265532630472,0.44164330774370836,0.02978461000348147
1916121415888.4758,2206759448.772255,0.14765582240210018,0.0016146702681688722,3011.079721870139,0.4413732785458047,0.029674888295135277,0.8102045442534566,8.881784197001252e-16,-1.8203305529596037e-09,4,1.0000000000000007,5758032.165264006,243.03890144787837,0.4413732785458047,0.029674888295135277
1918327896760.4,2206480871.92419,0.14766017885885904,0.0016151126342166728,3011.241512950473,0.4411029697554286,0.029565513154193687,0.809927282047207,6.661338147750939e-16,-1.8437451565489482e-09,4,1.0000000000000007,5759992.527136051,243.0250740622972,0.4411029697554286,0.029565513154193687
1920534476682.68,2206579922.279791,0.14766453964704512,0.0016155539235624872,3011.402711647119,0.4408323353909121,0.029456465809476782,0.8098390841954073,4.440892098500626e-16,-1.8639179089063873e-09,4,1.0000000000000007,5761955.067309606,243.0111793507785,0.4408323353909121,0.029456465809476782
1922741275818.847,2206799136.1667886,0.14766890472391406,0.0016159940235061815,3011.563266238767,0.4405613609007821,0.029347740391982104,0.8099221946583635,-2.220446049250313e-16,-1.8787519318053114e-09,4,1.0000000000000007,5763919.85625796,242.99721128422564,0.4405613609007821,0.029347740391982104
1924948180950.7737,2206905131.926891,0.14767327424255783,0.001616433313111209,3011.723352114365,0.44029006038932733,0.029239342454671823,0.8094855112952825,-5.551115123125783e-16,-1.8972492465962887e-09,4,1.0000000000000007,5765886.853535995,242.98318231051672,0.44029006038932733,0.029239342454671823
1927155787298.097,2207606347.3235044,0.14767764922551657,0.0016168720625473409,3011.883084929906,0.4400183607674,0.029131242767861526,0.8094626393131964,4.440892098500626e-16,-1.9240551374366532e-09,4,1.0000000000000007,5767856.611355987,242.9690921265686,0.4400183607674,0.029131242767861526
1929364126282.1064,2208338984.009231,0.1476820294568432,0.0016173105069124578,3012.0425765305654,0.43974625814271934,0.029023439875687475,0.8090739912411381,2.220446049250313e-16,-1.942220828610175e-09,4,1.0000000000000007,5769829.189672536,242.954947261602,0.43974625814271934,0.029023439875687475
1931573728658.88,2209602376.7735248,0.14768641606439992,0.0016177489205802323,3012.2019432444636,0.4394736869633207,0.028915907987500582,0.8091192790771196,6.661338147750939e-16,-1.9679703422426087e-09,4,1.0000000000000007,5771805.091006067,242.94074846260713,0.4394736869633207,0.028915907987500582
1933784533277.2876,2210804618.4077854,0.14769080931638884,0.0016181874695881304,3012.361259635421,0.43920065454606816,0.028808650241169437,0.8088916616036389,2.220446049250313e-16,-1.9895781688816783e-09,4,1.0000000000000007,5773784.290673934,242.9264996947148,0.43920065454606816,0.028808650241169437
1935996851992.6892,2212318715.4018655,0.14769521064060673,0.001618626354953037,3012.520604649091,0.4389271220902543,0.02870165168392053,0.8086759642131346,1.9984014443252818e-15,-2.0163947178630792e-09,4,1.0000000000000007,5775767.091442392,242.91220203693578,0.4389271220902543,0.02870165168392053
1938210981069.2734,2214129076.584459,0.14769962045269908,0.0016190658814624456,3012.680115743562,0.4386530525576649,0.028594898211375817,0.8084536120764317,-5.551115123125783e-16,-2.041757318771431e-09,4,1.0000000000000007,5777753.8045113245,242.89785969238585,0.4386530525576649,0.028594898211375817
1940427226696.945,2216245627.671267,0.14770404048103025,0.001619505522673034,3012.8395302701765,0.43837840751211105,0.028488375513358054,0.8091588539829718,-1.9984014443252818e-15,-2.068363813556573e-09,4,1.0000000000000007,5779744.599239815,242.8834511973597,0.43837840751211105,0.028488375513358054
1942644623953.839,2217397256.8939705,0.14770847036316,0.0016199462697480422,3012.999312780856,0.4381033061918869,0.028382130044020744,0.8077226960542804,4.440892098500626e-16,-2.0903890840529016e-09,4,1.0000000000000007,5781738.82303674,242.86901662437398,0.4381033061918869,0.028382130044020744
1944865144889.9775,2220520936.1386857,0.14771291359162034,0.0016203889832151076,3013.1598273751115,0.4378275032931855,0.028276067419674783,0.8075767509926889,-2.886579864025407e-15,-2.13140050053795e-09,4,1.0000000000000007,5783738.349007133,242.85455700458823,0.4378275032931855,0.028276067419674783
1947088994825.2932,2223849935.3154616,0.1477173704347075,0.001620833807290215,3013.3211377545836,0.4375509722756281,0.028170178317795922,0.8074982345285253,4.440892098500626e-16,-2.167958368382017e-09,4,1.0000000000000007,5785743.3913393,242.8400734664495,0.4375509722756281,0.028170178317795922
1949316287027.231,2227292201.9373775,0.14772184034338265,0.0016212805388799213,3013.4831545092825,0.43727369795480675,0.028064457933140656,0.8076877846055485,-5.551115123125783e-16,-2.198939919040299e-09,4,1.0000000000000007,5787754.026736315,242.82555512765828,0.43727369795480675,0.028064457933140656
1951546765051.0254,2230478023.7947874,0.14772632213240341,0.0016217296290991655,3013.646098728178,0.4369957112057937,0.027958918883304547,0.807119383862409,-3.3306690738754696e-16,-2.2356113626997853e-09,4,1.0000000000000007,5789770.127965589,242.81101751332275,0.4369957112057937,0.027958918883304547
1953781219827.4983,2234454776.4727454,0.14773081871467572,0.001622181113644758,3013.8099565605366,0.43671691226003423,0.027853524309009062,0.8071683419222374,-2.220446049250313e-16,-2.27088015058996e-09,4,1.0000000000000007,5791792.406558693,242.79644922299568,0.43671691226003423,0.027853524309009062
1956019590560.6047,2238370733.1064487,0.1477353287554336,0.0016226352001902197,3013.9748373233174,0.436437307392403,0.027748277669345567,0.8074279844380582,-2.6645352591003757e-15,-2.315916680650787e-09,4,1.0000000000000007,5793820.868446009,242.78185549575113,0.436437307392403,0.027748277669345567
1958261523559.9502,2241932999.345745,0.14773985393121236,0.0016230911465805204,3014.140378559882,0.4361569395696001,0.0276431963278826,0.807343536503302,4.440892098500626e-16,-2.352208317013549e-09,4,1.0000000000000007,5795855.082857052,242.76721498723398,0.4361569395696001,0.0276431963278826
1960507141931.0728,2245618371.122417,0.14774439635949257,0.001623549047464944,3014.3066020289193,0.43587579222620604,0.02753827512975673,0.807695281664078,0,-2.39464048590321e-09,4,1.0000000000000007,5797895.194082143,242.75252667887818,0.43587579222620604,0.02753827512975673
1962755961900.1187,2248819969.045683,0.1477489561174346,0.0016240081094708655,3014.4731381741053,0.43559392486376863,0.02743353738915558,0.8081858929656626,4.440892098500626e-16,-2.43665421173489e-09,4,1.0000000000000007,5799940.648789545,242.73776888600568,0.43559392486376863,0.02743353738915558
1965007304378.77,2251342478.6512213,0.1477535447738805,0.0016244684942365963,3014.6399436098955,0.4353114218028783,0.02732901518019008,0.8074358378087897,0,-2.4745129278969102e-09,4,1.0000000000000007,5801990.895686142,242.72295242180914,0.4353114218028783,0.02732901518019008
1967262218801.5322,2254914422.7619,0.14775814741383683,0.0016249305333720598,3014.8073238927086,0.43502815044714493,0.027224660219638132,0.8074200025937062,2.220446049250313e-16,-2.5094358813149142e-09,4,1.0000000000000007,5804046.936975687,242.70806905872976,0.43502815044714493,0.027224660219638132
1969520732982.3904,2258514180.8579564,0.14776276776729882,0.0016253953415682997,3014.9757573720376,0.43474410622651727,0.027120471534597995,0.8066257645156227,-1.7763568394002505e-15,-2.5546225135286704e-09,4,1.0000000000000007,5806109.028591155,242.6931508044814,0.43474410622651727,0.027120471534597995
1971783966083.6943,2263233101.3041167,0.1477674071545899,0.001625863093380457,3015.145310630766,0.43445914704908795,0.027016398012602253,0.8065180658392567,-1.9984014443252818e-15,-2.6036339750845627e-09,4,1.0000000000000007,5808178.216828091,242.67818608210933,0.43445914704908795,0.027016398012602253
1974052079386.6096,2268113302.915588,0.14777206515211236,0.0016263339240391804,3015.316049735725,0.4341732510505028,0.026912432946098398,0.8062683832035787,2.220446049250313e-16,-2.655924813410593e-09,4,1.0000000000000007,5810254.705873941,242.66317378723866,0.4341732510505028,0.026912432946098398
1976325435335.394,2273355948.7843785,0.14777674021728246,0.0016268083506088208,3015.488229051154,0.43388637089202914,0.026808560384609006,0.8058259599874606,-5.551115123125783e-16,-2.7038689065506105e-09,4,1.0000000000000007,5812338.954656403,242.64812262726133,0.43388637089202914,0.026808560384609006
1978604671476.0164,2279236140.622514,0.14778144358432857,0.0016272843875853578,3015.660812917305,0.43359842425101514,0.026704752473713286,0.80830923013947,-1.1102230246251565e-15,-2.760925377209844e-09,4,1.0000000000000007,5814431.206432249,242.632962502104,0.43359842425101514,0.026704752473713286
1980886290152.0105,2281618675.9942822,0.14778617133890642,0.0016277607855965113,3015.833262058895,0.4333098519023074,0.026601169477020507,0.8076974818832516,-7.771561172376096e-16,-2.8023873221982853e-09,4,1.0000000000000007,5816528.185520815,242.61769626395056,0.4333098519023074,0.026601169477020507
1983171158639.8105,2284868487.8001065,0.14779092347715228,0.0016282382348033616,3016.005896004368,0.4330205434949099,0.026497772321992658,0.8073667662894524,-8.881784197001252e-16,-2.8450737321605857e-09,4,1.0000000000000007,5818630.837191226,242.60233344397892,0.4330205434949099,0.026497772321992658
1985459750153.6062,2288591513.7957172,0.1477957002390884,0.0016287176879474076,3016.179153058029,0.43273043820059637,0.026394539951849302,0.8061315068946806,-2.220446049250313e-16,-2.896785922246181e-09,4,1.0000000000000007,5820739.840062172,242.5868988578546,0.43273043820059637,0.026394539951849302
1987753826383.1838,2294076229.5776987,0.14780050158781813,0.0016292006236931693,3016.353717357593,0.4324393112801277,0.026291393291799307,0.8061954476223931,2.220446049250313e-16,-2.96004631916702e-09,4,1.0000000000000007,5822857.236859488,242.57142243133327,0.4324393112801277,0.026291393291799307
1990053309279.5518,2299482896.3676114,0.1478053119944384,0.0016296882850148342,3016.5303214038636,0.4321471708962695,0.026188336329111245,0.8044984722843651,-1.1102230246251565e-15,-3.0161156905350595e-09,4,1.0000000000000007,5824983.239180757,242.555951692939,0.4321471708962695,0.026188336329111245
1992360641236.6665,2307331957.1147175,0.14781013794567283,0.001630180369329745,3016.708757459538,0.43185370437857157,0.026085260719780866,0.8078637819819434,-5.551115123125783e-16,-3.0888250845961807e-09,4,1.0000000000000007,5827119.974775918,242.54045567544384,0.43185370437857157,0.026085260719780866
1994671021795.6133,2310380558.946465,0.14781496550462608,0.0016306763391600212,3016.8889176822527,0.4315595206430142,0.02598238128330473,0.808755068471001,2.220446049250313e-16,-3.141337745482531e-09,4,1.0000000000000007,5829263.098613866,242.52498948974693,0.4315595206430142,0.02598238128330473
1996983179876.3909,2312158080.7777867,0.14781981432535193,0.001631169860460186,3017.067671296426,0.4312647809944081,0.02587975512632908,0.8089336150929327,2.220446049250313e-16,-3.1890279306168168e-09,4,1.0000000000000007,5831410.302169315,242.50938519239648,0.4312647809944081,0.02587975512632908
1999296861468.1074,2313681591.7168236,0.1478246746199264,0.001631662922491656,3017.2460386607177,0.43096951753059987,0.025777394528588498,0.8088241038040067,8.881784197001252e-16,-3.3194981208239938e-09,4,1.0000000000000007,5833561.651549649,242.49370330304907,0.43096951753059987,0.025777394528588498
2001612224303.7712,2315362835.6637335,0.14782684685920117,0.0016325872879651385,3017.6511068614973,0.43067371258271336,0.025675179801185114,0.8072996288133183,-4.240752193851449e-11,-2.3917534619499747e-12,5,1.0000000000000007,5835798.928388888,242.4912811293352,0.43067371258271336,0.025675179801185114
2003931456284.8936,2319231981.122233,0.14782944936751358,0.0016334290750608328,3018.0134523762595,0.4303770843281549,0.0255730012228756,0.8146998820013351,-4.3007042371812076e-11,1.099120794378905e-13,5,1.0000000000000007,5838030.277079247,242.4867310589471,0.4303770843281549,0.0255730012228756
2006243988938.6436,2312532653.749822,0.14783243835691365,0.001634200050653505,3018.3389995865937,0.4300809833929257,0.025471351120230256,0.8135679702148124,-4.269340436735547e-11,-6.1668448125828945e-12,5,1.0000000000000007,5840246.440859098,242.4802377085443,0.4300809833929257,0.025471351120230256
2008551445118.0007,2307456179.356984,0.14783575524890435,0.0016349115292060353,3018.633603983255,0.42978520287992955,0.02537017906140642,0.812604057376376,-4.255451546697486e-11,1.0897949209720537e-12,5,1.0000000000000007,5842450.67621404,242.47209105411414,0.42978520287992955,0.02537017906140642
2010855201112.8445,2303755994.843855,0.14783935772469542,0.001635571961807739,3018.9016245154617,0.42948956703842045,0.025269442407737465,0.8118021432856892,-4.25712798346467e-11,-1.003308547353754e-12,5,1.0000000000000007,5844645.527386095,242.4625015337456,0.42948956703842045,0.025269442407737465
2013156398599.3667,2301197486.522273,0.14784321481230323,0.0016361875176002802,3019.146245080824,0.429193929829795,0.02516910674843391,0.8111047966607998,-4.272393550053266e-11,2.020605904817785e-12,5,1.0000000000000007,5846832.930934191,242.45161519827755,0.429193929829795,0.02516910674843391
2015456028334.331,2299629734.9642344,0.1478472958879313,0.0016367650136411961,3019.3709402434542,0.4288981642869515,0.02506914207135651,0.810504159898251,-4.2986281201251586e-11,7.367439991412539e-13,5,1.0000000000000007,5849014.846943201,242.43960394543558,0.4288981642869515,0.02506914207135651
2017754942735.8647,2298914401.5336175,0.1478515773570326,0.001637309433113,3019.5782628692286,0.4286021609502466,0.02496952274468324,0.8099952991669213,-4.335154457635326e-11,6.583622536027178e-13,5,1.0000000000000007,5851192.798523337,242.4265900753049,0.4286021609502466,0.02496952274468324
2020053863808.2993,2298921072.434792,0.14785604169168698,0.0016378244901461088,3019.7701158230666,0.42830582690656294,0.024870227600755218,0.8095486553338915,-4.3792969250944225e-11,-3.0145885787646876e-12,5,1.0000000000000007,5853367.977287768,242.41265907364652,0.42830582690656294,0.024870227600755218
2022353425645.9153,2299561837.615605,0.14786067389782193,0.0016383130393609639,3019.947977767034,0.4280090803648024,0.02477123840262045,0.8174328820775845,-4.431133238114171e-11,1.7368328997235949e-12,5,1.0000000000000007,5855541.348219455,242.3978740201824,0.4280090803648024,0.02477123840262045
2024642508699.8533,2289083053.9382267,0.1478654345304265,0.0016387763855153043,3020.112861324834,0.42771335902259466,0.024673038838867446,0.8268445467196628,-4.37820890653029e-11,1.787237025041577e-12,5,1.0000000000000007,5857702.949235951,242.38240440438324,0.42771335902259466,0.024673038838867446
2026908155079.7754,2265646379.9222665,0.14787028126698754,0.0016392150393170692,3020.265441849477,0.42742034496983194,0.02457618305396382,0.824069706535646,-2.220446049250313e-16,-3.4035795293263504e-09,4,1.0000000000000007,5859840.974792177,242.36642501933062,0.42742034496983194,0.02457618305396382
2029154377000.8564,2246221921.08116,0.14787520850554364,0.001639632583594592,3020.4074339411504,0.427129528730405,0.02448049524931889,0.821398677824936,-3.3306690738754696e-16,-3.308551654868097e-09,4,1.0000000000000007,5861959.579790017,242.34998197931955,0.427129528730405,0.02448049524931889
2031384958886.2466,2230581885.390279,0.14788021093843162,0.001640032223162711,3020.5403734715765,0.42684042813993983,0.024385810625783128,0.819248418340579,1.3322676295501878e-15,-3.243798674112952e-09,4,1.0000000000000007,5864062.669179399,242.33311692599136,0.42684042813993983,0.024385810625783128
2033602914622.0908,2217955735.84426,0.14788528499724868,0.0016404169691652275,3020.6656879984776,0.4265526590100125,0.02429199825131183,0.8168335675559634,4.440892098500626e-16,-3.1964448865551276e-09,4,1.0000000000000007,5866153.438297521,242.31587527945481,0.4265526590100125,0.02429199825131183
2035811573247.7935,2208658625.7025986,0.14789043652195338,0.0016407877438416234,3020.7837463236083,0.4262657945502447,0.024198915213526646,0.8176773476364918,1.3322676295501878e-15,-3.1714466608434577e-09,4,1.0000000000000007,5868235.010102351,242.2982363064148,0.4262657945502447,0.024198915213526646
2038009838635.5823,2198265387.7890754,0.14789565960773282,0.0016411449243892142,3020.894785940781,0.4259799819698013,0.02410660603073436,0.8150551133664917,8.881784197001252e-16,-3.1334017602802078e-09,4,1.0000000000000007,5870306.352842943,242.2802170694972,0.4259799819698013,0.02410660603073436
2040201276408.5347,2191437772.9522305,0.14790094132092194,0.0016414936276180519,3021.0012965888113,0.42569476191126104,0.024014918511180348,0.812173670781957,4.440892098500626e-16,-3.121826797070071e-09,4,1.0000000000000007,5872371.618430116,242.26192250597745,0.42569476191126104,0.024014918511180348
2042389779676.288,2188503267.7534437,0.14790628586858065,0.00164183466820297,3021.1036121532725,0.42540963041915814,0.023923688605125948,0.8120762945776349,-6.661338147750939e-16,-3.1306992553936652e-09,4,1.0000000000000007,5874434.475683552,242.2433229328256,0.42540963041915814,0.023923688605125948
2044575483400.6387,2185703724.3504305,0.14791168595744197,0.0016421696925820047,3021.2025662369956,0.42512457199534237,0.023832909904014613,0.8103146588445131,2.220446049250313e-16,-3.1453660787050808e-09,4,1.0000000000000007,5876495.316864811,242.22446155544367,0.42512457199534237,0.023832909904014613
2046760762710.9792,2185279310.3403053,0.1479171418503349,0.0016425002498960783,3021.2988699865136,0.4248392784173498,0.02374248310933958,0.8095404376365355,8.881784197001252e-16,-3.1670375211234614e-09,4,1.0000000000000007,5878556.58423985,242.2053513031726,0.4248392784173498,0.02374248310933958
2048946662206.2979,2185899495.31896,0.14792264865408264,0.001642827701612876,3021.393200419976,0.4245536142405758,0.02365236469392834,0.8083506693873366,1.3322676295501878e-15,-3.203414755681422e-09,4,1.0000000000000007,5880619.475928433,242.18601586246015,0.4245536142405758,0.02365236469392834
2051134790581.945,2188128375.646926,0.14792820449915087,0.0016431536074806522,3021.4862943989174,0.42426736964542766,0.02356248818068705,0.8073964602797744,-3.3306690738754696e-16,-3.245809510055153e-09,4,1.0000000000000007,5882685.757434013,242.1664787244608,0.42426736964542766,0.02356248818068705
2053326444049.8198,2191653467.87456,0.14793380899596337,0.0016434792701404308,3021.5787550133687,0.4239803749343259,0.0234728004534212,0.8063165519295312,4.440892098500626e-16,-3.2961193774383446e-09,4,1.0000000000000007,5884756.867545409,242.14676089228684,0.4239803749343259,0.0234728004534212
2055523097813.8223,2196653764.002666,0.1479394567423917,0.0016438057010991407,3021.6711023512553,0.42369243626818304,0.0233832415479341,0.8059636976212591,8.881784197001252e-16,-3.3634991458697527e-09,4,1.0000000000000007,5886834.371147286,242.1268706042027,0.42369243626818304,0.0233832415479341
2057725245178.6958,2202147364.873409,0.14794514280642207,0.0016441337126303463,3021.763759842556,0.4234034879805829,0.023293791991892316,0.8047633847166334,-1.6653345369377348e-15,-3.4280192018343314e-09,4,1.0000000000000007,5888918.89365956,242.10682376791857,0.4234034879805829,0.023293791991892316
2059934545639.8257,2209300461.1300106,0.14795086818286152,0.0016444651350043173,3021.857557801777,0.4231133108801712,0.0232043849946492,0.8037257249668416,-8.881784197001252e-16,-3.50884421518316e-09,4,1.0000000000000007,5891012.341106047,242.08665312410275,0.4231133108801712,0.0232043849946492
2062152452775.1377,2217907135.3122077,0.14795662720351935,0.0016448012342142127,3021.9531348261066,0.4228217120093146,0.023114962671000785,0.802739998813362,2.220446049250313e-16,-3.601175913026111e-09,4,1.0000000000000007,5893116.336411841,242.06637629227285,0.4228217120093146,0.023114962671000785
2064380366740.445,2227913965.3072524,0.14796241455986786,0.0016451435203560197,3022.051237525761,0.4225285046910542,0.023025469685797214,0.8019149206825448,-4.757394478360766e-11,9.64339719189411e-13,5,1.0000000000000007,5895232.512084975,242.04602051474825,0.4225285046910542,0.023025469685797214
2066619483693.5735,2239116953.128225,0.14796822784556987,0.0016454927853913745,3022.1522526280314,0.42223352840529255,0.022935859435959976,0.8012814119856548,-4.9459214501723636e-11,-1.3044010316320964e-12,5,1.0000000000000007,5897362.188037759,242.0255939684954,0.42223352840529255,0.022935859435959976
2068870749388.2585,2251265694.6851964,0.1479740602329843,0.0016458505503147928,3022.2569464004814,0.42193665504666034,0.022846095568302315,0.8000628332407999,-5.153966142756872e-11,-3.2850389075633757e-12,5,1.0000000000000007,5899506.603122707,242.00513002455864,0.42193665504666034,0.022846095568302315
2071135952841.637,2265203453.378567,0.14797990576577413,0.0016462182914798449,3022.3660551711064,0.42163764460655195,0.02275610843074906,0.7991411055466302,-5.3924420484463553e-11,-4.99977836909693e-12,5,1.0000000000000007,5901667.781381724,241.984650986168,0.42163764460655195,0.02275610843074906
2073416494392.7837,2280541551.146811,0.14798575431277095,0.0016465987137507404,3022.48092109762,0.4213363075106222,0.022665844117976446,0.7961999188080271,-5.657763146871275e-11,9.179323967600794e-13,5,1.0000000000000007,5903847.634694886,241.96422205328713,0.4213363075106222,0.022665844117976446
2075716714706.0686,2300220313.2850246,0.1479916059518389,0.0016469938504306005,3022.6024729206542,0.4210320642129499,0.022575133034823554,0.7971578513954469,-6.008504804810855e-11,-1.556199613617082e-12,5,1.0000000000000007,5906050.714062181,241.9438515714372,0.4210320642129499,0.022575133034823554
2078035389174.3035,2318674468.2351184,0.14799745071366924,0.001647403574527852,3022.73075016572,0.42072507018823513,0.022484026344670394,0.7958836900981425,-6.35437258367233e-11,7.851497230149107e-13,5,1.0000000000000007,5908276.003030607,241.92355658674128,0.42072507018823513,0.022484026344670394
2080374536021.6318,2339146847.328271,0.14800327630452995,0.0016478309573019106,3022.8672827755863,0.4204150513932059,0.022392447064840035,0.793594465975378,-6.749723002741348e-11,-4.85944617878431e-13,5,1.0000000000000007,5910526.122792719,241.9034101074623,0.4204150513932059,0.022392447064840035
2082737737126.3184,2363201104.686426,0.1480090713917746,0.0016482797749743324,3023.0139127386283,0.4201015250069179,0.02230025744745239,0.7911556847498002,-7.225597897786429e-11,-1.7167378629778796e-12,5,1.0000000000000007,5912805.324550099,241.8834876914621,0.4201015250069179,0.02230025744745239
2085128916819.8833,2391179693.5652065,0.1480148218671582,0.0016487541727679355,3023.1726777479744,0.4197839606212192,0.022207307324176345,0.7993033046549414,-7.799394463603448e-11,1.2958523143424827e-12,5,1.0000000000000007,5915118.299626317,241.8638750363014,0.4197839606212192,0.022207307324176345
2087536043347.8894,2407126528.0063725,0.14802047112462513,0.0016492550772001994,3023.344572279811,0.4194639483916353,0.02211406394174121,0.8082724195501712,-8.212530655526962e-11,-1.5624168625549828e-12,5,1.0000000000000007,5917454.333962561,241.8447931331968,0.4194639483916353,0.02211406394174121
2089945740967.604,2409697619.714491,0.14802595881685437,0.0016497839782560967,3023.5308864093126,0.41914326388113665,0.022021038491635152,0.8088933484140526,-8.418110652996802e-11,-3.673727988484643e-13,5,1.0000000000000007,5919801.537907413,241.82650651947947,0.41914326388113665,0.022021038491635152
2092357086384.4233,2411345416.8194704,0.1480312489164214,0.0016503456323998637,3023.7341569592704,0.41882202962626347,0.021928255775643682,0.8094658054957904,-8.62061533268843e-11,-7.531752999057062e-13,5,1.0000000000000007,5922160.126065763,241.80920499627328,0.41882202962626347,0.021928255775643682
2094769227335.1685,2412140950.744925,0.14803630333208595,0.0016509447258499324,3023.9569067981256,0.41850035898717813,0.021835735951559937,0.810056806077597,-8.820011387911109e-11,-5.758726828730687e-13,5,1.0000000000000007,5924530.259989632,241.79307435147416,0.41850035898717813,0.021835735951559937
2097181283707.4814,2412056372.313313,0.14804107889693013,0.0016515866405063626,3024.202025979529,0.4181783692906035,0.02174349828658952,0.810725864219819,-9.017508961761678e-11,-1.2995160503237457e-12,5,1.0000000000000007,5926912.373125786,241.7783239385129,0.4181783692906035,0.02174349828658952
2099592260049.195,2410976341.7137628,0.14804552488493455,0.0016522778066080843,3024.4729576572977,0.41785619352322995,0.02165156415331527,0.8114764360467319,-9.211653662077879e-11,-2.287614542240135e-12,5,1.0000000000000007,5929307.028595943,241.7651991360821,0.41785619352322995,0.02165156415331527
2102001042073.9563,2408782024.761141,0.14804958181903427,0.0016530257864096108,3024.7737472920567,0.41753398084371074,0.021559956802931282,0.812346463985314,-9.402179035333802e-11,-2.7101654254124696e-12,5,1.0000000000000007,5931714.926673341,241.75398736623538,0.41753398084371074,0.021559956802931282
2104406342697.6375,2405300623.6809087,0.14805317900754605,0.0016538396648740604,3025.1092449394623,0.41721190385693285,0.021468702965312492,0.8133401430132636,-9.588085880807284e-11,1.2250200853713977e-12,5,1.0000000000000007,5934136.937366858,241.74502940370166,0.41721190385693285,0.021468702965312492
2106806699317.5852,2400356619.9474306,0.14805623006914098,0.0016547308481686992,3025.4855137822524,0.4168901590555594,0.021377832255354466,0.8144880397908949,-9.768097442020007e-11,9.519052213136092e-13,5,1.0000000000000007,5936574.258820675,241.7387454162954,0.4168901590555594,0.021377832255354466
2109200433509.1572,2393734191.5721436,0.14805937648772827,0.0016555903434698693,3025.846157688518,0.4165689720445818,0.02128739902854565,0.8146500246608568,-9.525058519699314e-11,-1.1851630787873546e-12,5,1.0000000000000007,5939005.243361553,241.73197884572218,0.4165689720445818,0.02128739902854565
2111587326203.145,2386892693.987383,0.1480645298599658,0.0016561193719565519,3026.035187162342,0.41624837222918876,0.021197519173600167,0.8095007952846345,-9.339817808040607e-11,1.2370104940373494e-12,5,1.0000000000000007,5941370.067455868,241.7153336676835,0.41624837222918876,0.021197519173600167
2113974954760.7966,2387628557.6516643,0.14806970775014164,0.0016566496042535821,3026.2244522858928,0.4159273428734594,0.021107928044161135,0.8087110719978696,-9.497402864155902e-11,1.8565149417781868e-12,5,1.0000000000000007,5943738.150235103,241.6985704529175,0.4159273428734594,0.021107928044161135
2116364485268.454,2389530507.65758,0.1480748910054059,0.0016571806701669654,3026.4139793604377,0.41560572710870974,0.021018581556117764,0.8086954450536865,-9.683620572076279e-11,-2.119415754009424e-12,5,1.0000000000000007,5946111.300030325,241.681783059161,0.41560572710870974,0.021018581556117764
2118755942346.683,2391457078.2287364,0.14808007750158386,0.0016577130688197601,3026.6040176521883,0.4152835213338474,0.020929478529599303,0.808704981869468,-9.872913597774868e-11,-8.204548151979907e-14,5,1.0000000000000007,5948489.646452286,241.66498711411748,0.4152835213338474,0.020929478529599303
2121149313436.5105,2393371089.827524,0.1480852659460866,0.0016582468891954054,3026.7946205384096,0.4149607269516971,0.020840619032579524,0.8087132669087893,-1.0067136013702793e-10,-1.2883027977750316e-12,5,1.0000000000000007,5950873.214360572,241.6481866571323,0.4149607269516971,0.020840619032579524
2123544587800.2737,2395274363.7632313,0.14809045825615577,0.0016587817665976161,3026.985601578968,0.4146373451197394,0.02075200321269556,0.8087205355389315,-1.0276590689528575e-10,-2.029709733619711e-12,5,1.0000000000000007,5953261.933740941,241.63137216389137,0.4146373451197394,0.02075200321269556
2125941756178.783,2397168378.509304,0.1480956728249074,0.0016593147823384228,3027.175441269907,0.41431337679487273,0.02066363201607369,0.8086760328041009,-1.0474066058918652e-10,2.672972954087527e-12,5,1.0000000000000007,5955655.238209694,241.61445474030901,0.41431337679487273,0.02066363201607369
2128340886080.9443,2399129902.161581,0.1481008983223236,0.001659849143156151,3027.3657182649313,0.41398881256675435,0.020575502910095272,0.808682978359343,-1.0678813389120023e-10,-3.1429303604113557e-12,5,1.0000000000000007,5958053.801423263,241.59752882876649,0.41398881256675435,0.020575502910095272
2130741968800.6228,2401082719.678518,0.1481061156782201,0.0016603884144840593,3027.5582523364455,0.41366365332421284,0.020487614890250118,0.8087527880729084,-1.0895495616836115e-10,-9.987566329527908e-13,5,1.0000000000000007,5960458.3338187,241.58070642630338,0.41366365332421284,0.020487614890250118
2133144902212.7454,2402933412.1223793,0.14811133164155474,0.001660930589663921,3027.752058295622,0.4133379126085672,0.020399970638303722,0.8087843833548547,-1.1116441100966767e-10,-1.0019762797242038e-12,5,1.0000000000000007,5962868.394006464,241.56393286034717,0.4133379126085672,0.020399970638303722
2135549640771.667,2404738558.9215508,0.14811654561399434,0.0016614757306601042,3027.9471694872445,0.41301159631934825,0.020312570936116523,0.8088163283570537,-1.1339440497692976e-10,7.742695373735842e-13,5,1.0000000000000007,5965283.968789582,241.54721094870317,0.41301159631934825,0.020312570936116523
2137956138308.5515,2406497536.884511,0.14812175456196564,0.0016620241083216813,3028.1437392604143,0.41268471045462735,0.020225416476942655,0.8088516245674526,-1.1563927593272183e-10,-2.408184762714427e-12,5,1.0000000000000007,5967705.093591787,241.53055102698215,0.41268471045462735,0.020225416476942655
2140364343564.3567,2408205255.805076,0.148126958390308,0.001662576519353967,3028.342130254142,0.4123572617172472,0.02013850791834475,0.8089074815531561,-1.1791945198069698e-10,-1.8295365222797955e-12,5,1.0000000000000007,5970131.899479047,241.51398114809902,0.4123572617172472,0.02013850791834475
2142774174544.3384,2409830979.98155,0.1481321545440462,0.0016631333390445373,3028.5425380095708,0.4120292610064945,0.020051846776467507,0.8089603364958009,-1.202079547013568e-10,-3.65374397404139e-13,5,1.0000000000000007,5972564.418387535,241.49751736338192,0.4120292610064945,0.020051846776467507
2145185553566.1367,2411379021.7984843,0.14813733993343164,0.0016636945424914555,3028.744981209471,0.4117007186568328,0.019965434425538785,0.8090173392316657,-1.225128887227811e-10,-2.480127214710137e-12,5,1.0000000000000007,5975002.604547237,241.4811622496249,0.4117007186568328,0.019965434425538785
2147598396616.173,2412843050.0363064,0.14814250546638022,0.00166426066624274,3028.9497953650985,0.41137164588933944,0.01987927229108474,0.8090800457383196,-1.2480438904560742e-10,-1.712296970879379e-12,5,1.0000000000000007,5977446.518120009,241.46493492336015,0.41137164588933944,0.01987927229108474
2150012611022.8784,2414214406.705425,0.1481476844871609,0.0016648244732761195,3029.1533458744884,0.41104205511938363,0.019793363739928484,0.8090045788833322,-1.2737666477136145e-10,-2.6164626021341064e-12,5,1.0000000000000007,5979894.706065123,241.4486238410408,0.41104205511938363,0.019793363739928484
2152428310230.3435,2415699207.4651937,0.14815287676947894,0.0016653858745094717,3029.3555954285493,0.41071193063861927,0.019707705906506317,0.8089353764617613,-1.298816609818232e-10,-2.673417043297377e-13,5,1.0000000000000007,5982347.213163204,241.43221433805354,0.41071193063861927,0.019707705906506317
2154845598541.6433,2417288311.2995934,0.14815808196812952,0.0016659456212956068,3029.556890061059,0.41038125796085656,0.01962229579364529,0.8088802733174916,-1.324608200903299e-10,6.610267888618182e-13,5,1.0000000000000007,5984804.288705776,241.41572693678899,0.41038125796085656,0.01962229579364529
2157264559391.044,2418960849.400595,0.1481633011910794,0.0016665036573586978,3029.757193503524,0.41005002542585123,0.019537131158246075,0.8088227743119347,-1.3509970919756142e-10,1.4050982599655981e-12,5,1.0000000000000007,5987266.001007099,241.39915659828145,0.41005002542585123,0.019537131158246075
2159685279975.4043,2420720584.360324,0.14816853416495424,0.0016670601820956302,3029.9565998092785,0.40971822083497966,0.019452209592488015,0.8087700187342506,-1.377820080250558e-10,4.0101255649460654e-13,5,1.0000000000000007,5989732.471547567,241.3825058297763,0.40971822083497966,0.019452209592488015
2162107840582.1025,2422560606.698467,0.14817378386252644,0.0016676145757694599,3030.1547976373577,0.4093858329123341,0.01936752906988054,0.8087029379488797,-1.405687788391674e-10,-9.67781410565749e-13,5,1.0000000000000007,5992203.658985612,241.36575301039193,0.4093858329123341,0.01936752906988054
2164532343158.07,2424502575.9676275,0.14817905285093375,0.0016681662387303272,3030.35148921134,0.4090528473850131,0.01928308708314472,0.8086294067677358,-1.4339096576776456e-10,-2.102207297127734e-12,5,1.0000000000000007,5994679.536961728,241.34887603434208,0.4090528473850131,0.01928308708314472
2166958899579.6538,2426556421.5839777,0.14818434052027196,0.0016687156184281523,3030.5468849323947,0.40871924858926595,0.019198880713414346,0.8085626101994592,-1.4629941702537508e-10,-3.8047343053904115e-13,5,1.0000000000000007,5997160.29488947,241.33188350049747,0.40871924858926595,0.019198880713414346
2169387611900.2747,2428712320.620861,0.14818964712157148,0.0016692627444507705,3030.7409965099378,0.40838502218140393,0.01911490735627353,0.8084956437670598,-1.4927425961985819e-10,-5.250244683452365e-13,5,1.0000000000000007,5999646.036758658,241.31477263986665,0.40838502218140393,0.01911490735627353
2171818582705.8682,2430970805.593672,0.1481949733350663,0.0016698073646017717,3030.933703376801,0.40805015371629677,0.019031164465314426,0.8084225228133235,-1.5233958539084824e-10,-3.9834802123550617e-13,5,1.0000000000000007,6002136.812521325,241.29753183594522,0.40805015371629677,0.019031164465314426
2174251924135.7256,2433341429.8573084,0.14820032131490576,0.001670349368408549,3031.124934303646,0.40771462740276343,0.018947649245759816,0.8083523722612895,-1.5548151655053744e-10,-3.8458125573015423e-13,5,1.0000000000000007,6004632.705775319,241.28015412009432,0.40771462740276343,0.018947649245759816
2176687744187.5867,2435820051.861363,0.14820565520776455,0.0016708969909375916,3031.318791896577,0.4073784279905126,0.01886435706864046,0.8084891783832759,-1.5907153372296534e-10,-7.710498906021712e-13,5,1.0000000000000007,6007135.424843338,241.26288389371751,0.4073784279905126,0.01886435706864046
2179125839082.4814,2438094894.89464,0.1482109929303588,0.0016714456894473297,3031.5130311557573,0.4070415832544609,0.01878129405606803,0.8084574948385992,-1.624517187437391e-10,-3.9102054927298013e-13,5,1.0000000000000007,6009643.972616162,241.2455977960682,0.4070415832544609,0.01878129405606803
2181566258763.6758,2440419681.194694,0.14821633723899422,0.0016719951246993389,3031.7074697613657,0.4067040859568289,0.018698458426974842,0.8084561342602825,-1.6592249796332226e-10,3.6926017799032707e-13,5,1.0000000000000007,6012158.329363231,241.2282823000412,0.4067040859568289,0.018698458426974842
2184009007503.4038,2442748739.7282443,0.14822168693874013,0.0016725455315026606,3031.9022261153873,0.4063659351616816,0.01861584984807303,0.8084601621494159,-1.69449343445649e-10,6.616929226765933e-14,5,1.0000000000000007,6014678.567455966,241.21094578540072,0.4063659351616816,0.01861584984807303
2186454081433.53,2445073930.1262684,0.14822704311049112,0.0016730973541590963,3032.0974901455106,0.4060271310564803,0.01853346820630955,0.808489294401582,-1.7314250033706458e-10,-1.6603385333269216e-12,5,1.0000000000000007,6017204.78675623,241.19360398798,0.4060271310564803,0.01853346820630955
2188901438673.405,2447357239.8749976,0.14823240053181638,0.001673651653297532,3032.2937951981157,0.405687679103594,0.018451314203357407,0.8085218045073006,-1.7687240561059525e-10,-8.042455590384634e-13,5,1.0000000000000007,6019737.189719441,241.17629136921926,0.405687679103594,0.018451314203357407
2191351032105.5579,2449593432.1526284,0.14823775740561904,0.0016742085419981742,3032.4912100022243,0.40534758550154765,0.01836938868822046,0.8085684688463601,-1.8066115270443106e-10,-8.083533842295765e-13,5,1.0000000000000007,6022275.7839319715,241.1590148956307,0.40534758550154765,0.01836938868822046
2193802793021.803,2451760916.2448816,0.14824311139783716,0.0016747684317108698,3032.689943796538,0.4050068594604947,0.01828769305875283,0.8086218050706862,-1.8451129513152864e-10,-2.956523914576792e-13,5,1.0000000000000007,6024820.614858487,241.14179127138345,0.4050068594604947,0.01828769305875283
2196256642408.761,2453849386.957828,0.14824846018660162,0.0016753318075662168,3032.890238840219,0.40466551164362324,0.0182062288946562,0.8086812963714607,-1.884082889702654e-10,-7.698286452750835e-13,5,1.0000000000000007,6027371.715904506,241.12463937600378,0.40466551164362324,0.0182062288946562
2198712491707.1775,2455849298.416687,0.14825380336597804,0.0016758985537027396,3033.092045630401,0.4043235540666009,0.018124998006508287,0.8087269248724382,-1.9238055593007175e-10,1.8851586958135158e-13,5,1.0000000000000007,6029929.012320647,241.10756076082086,0.4043235540666009,0.018124998006508287
2201170273209.856,2457781502.6785893,0.14825913111459,0.0016764698657795822,3033.296004278762,0.4039809958641385,0.018044001286026377,0.8088135478034886,-1.9631540837394823e-10,-2.274846977456946e-13,5,1.0000000000000007,6032492.702484984,241.09059466441738,0.4039809958641385,0.018044001286026377
2203629856717.2524,2459583507.3963814,0.1482644426521487,0.0016770464407087236,3033.502436280494,0.4036378549056959,0.017963241438368933,0.8089235353780921,-2.0031154512878402e-10,1.2567724638756772e-13,5,1.0000000000000007,6035062.835105149,241.07376815352578,0.4036378549056959,0.017963241438368933
2206091076210.17,2461219492.917301,0.1482697417648667,0.001677627050828452,3033.710745986758,0.4032941541009021,0.01788272211979035,0.8089396241750535,-2.0446333515167225e-10,-1.8056667272503546e-12,5,1.0000000000000007,6037639.0725211045,241.05705481875066,0.4032941541009021,0.01788272211979035
2208553908285.09,2462832074.9201593,0.1482750352954024,0.001678210374522104,3033.9202646167982,0.40294989646977086,0.017802443288297595,0.8089929776078364,-2.0865198457897804e-10,-2.610578420103593e-12,5,1.0000000000000007,6040221.139844575,241.0404167764476,0.40294989646977086,0.017802443288297595
2211018272731.6064,2464364446.516646,0.14828032256074714,0.0016787964597264294,3034.13101984443,0.4026050929880736,0.017722406651018575,0.8090162512131016,-2.129103560122303e-10,3.927969061123804e-13,5,1.0000000000000007,6042808.99993252,241.02385770278562,0.4026050929880736,0.017722406651018575
2213484135033.697,2465862302.090088,0.14828560550925368,0.0016793840147221843,3034.3424072657444,0.4022597482594885,0.017642612730318606,0.8090058828402746,-2.1723567389386744e-10,-1.0547118733938987e-12,5,1.0000000000000007,6045402.392655609,241.0073414002247,0.4022597482594885,0.017642612730318606
2215951511912.799,2467376879.10222,0.148290889026766,0.0016799723504551404,3034.5540652213954,0.4019138597146507,0.017563060697477335,0.8089876535333218,-2.2172841340761806e-10,3.232969447708456e-13,5,1.0000000000000007,6048001.213279712,240.9908475370022,0.4019138597146507,0.017563060697477335
2218420432115.406,2468920202.606482,0.148296177221457,0.0016805603269717246,3034.7654367922455,0.4015674230922802,0.017483749849738172,0.8089580227910176,-2.262584564149961e-10,-2.994271497414047e-13,5,1.0000000000000007,6050605.26987147,240.97434029251258,0.4015674230922802,0.017483749849738172
2220890941850.8726,2470509735.466932,0.14830146908654057,0.0016811483286366304,3034.9767059319697,0.4012204316728436,0.01740467873587019,0.8089255526533279,-2.3091406564645922e-10,-1.2516654379624015e-12,5,1.0000000000000007,6053214.6952131,240.95783056264474,0.4012204316728436,0.01740467873587019
2223363091756.9185,2472149906.045936,0.14830673608368652,0.001681744190145708,3035.191699698623,0.40087287808860333,0.017325844004958412,0.8091938979992719,-2.353717221126317e-10,-6.818989817247711e-13,5,1.0000000000000007,6055831.084068794,240.94155153810752,0.40087287808860333,0.017325844004958412
2225836472708.416,2473380951.4972773,0.14831200373278564,0.0016823408284092098,3035.406959043934,0.4005248196470484,0.017247257381146512,0.8090428599283328,-2.4008262045072115e-10,-5.312417172831374e-13,5,1.0000000000000007,6058452.742907434,240.9253112368704,0.4005248196470484,0.017247257381146512
2228311316297.0435,2474843588.627519,0.14831727552668023,0.0016829361063568197,3035.6214842807003,0.40017622356248694,0.017168912084577343,0.8089966041513463,-2.450064595649337e-10,2.8488322811881517e-13,5,1.0000000000000007,6061079.447439272,240.90903465716414,0.40017622356248694,0.017168912084577343
2230787694180.2876,2476377883.2440014,0.14832220349224945,0.001683533773362537,3035.840527371758,0.39982707805980433,0.017090808249527113,0.822999803307134,-2.4968338507846966e-10,-1.4849232954361469e-12,5,1.0000000000000007,6063708.301675127,240.89438595809588,0.39982707805980433,0.017090808249527113
2233244436236.015,2456742055.72779,0.14832672567958255,0.001684129617609002,3036.0628236707735,0.3994803684096805,0.01701361411271125,0.8089178937797925,-2.4422386335487545e-10,-5.263567359747867e-13,5,1.0000000000000007,6066317.51192535,240.88162061118203,0.3994803684096805,0.01701361411271125
2235702820959.9336,2458384723.9186425,0.14833124761515773,0.0016847262576628235,3036.285403778516,0.39913309514207257,0.01693665722008811,0.8085677755120813,-2.493029116479306e-10,3.7125857943465235e-13,5,1.0000000000000007,6068932.217578266,240.8688597239636,0.39913309514207257,0.01693665722008811
2238163382001.726,2460561041.7923965,0.14833577143138726,0.0016853226774853054,3036.5077879568194,0.39878518264165713,0.016859920928009003,0.8085337965813011,-2.5473423370669934e-10,-1.825095630181295e-12,5,1.0000000000000007,6071552.760557965,240.85606379662596,0.39878518264165713,0.016859920928009003
2240626173036.226,2462791034.4999676,0.14834029940493357,0.0016859192847939566,3036.73013662978,0.3984366229927465,0.016783403625683768,0.808523536455219,-2.602569271203947e-10,-5.420108806220014e-13,5,1.0000000000000007,6074179.286485618,240.84324460072625,0.3984366229927465,0.016783403625683768
2243091211724.9277,2465038688.7017665,0.14834482877303012,0.0016865150260660592,3036.952003772297,0.3980874133654548,0.01670710508256463,0.8084691016652101,-2.6594326740791985e-10,2.1316282072803006e-13,5,1.0000000000000007,6076811.620743201,240.8303697520143,0.3980874133654548,0.01670710508256463
2245558583179.87,2467371454.9426036,0.14834936191333004,0.0016871107096060357,3037.173729200894,0.39773754136178396,0.016631022884807625,0.808463166968032,-2.718191227657485e-10,-1.170175067954915e-13,5,1.0000000000000007,6079450.013055319,240.81746188810467,0.39773754136178396,0.016631022884807625
2248028298673.333,2469715493.462978,0.14835390004164342,0.001687706320742483,3037.395293932702,0.3973870050346773,0.016555156828686482,0.8084435459965178,-2.77838974049871e-10,6.687983500341943e-13,5,1.0000000000000007,6082094.488347826,240.8045209986793,0.3973870050346773,0.016555156828686482
2250500390430.546,2472091757.21256,0.14835844406420434,0.001688301803000887,3037.6166633561484,0.397035799459876,0.01647950608908784,0.8084296526655876,-2.840203627840765e-10,-2.4091839634365897e-14,5,1.0000000000000007,6084745.0805335315,240.79154556286872,0.397035799459876,0.01647950608908784
2252974882000.366,2474491569.820278,0.14836299453166,0.0016888972152309843,3037.8378583856525,0.39668392093581045,0.01640407010111141,0.8084137026465044,-2.9036506532520434e-10,-1.3536949339254534e-12,5,1.0000000000000007,6087401.836509862,240.7785382498544,0.39668392093581045,0.01640407010111141
2255451800146.903,2476918146.536333,0.14836755095386572,0.0016894927438496374,3038.058967908973,0.39633136530054025,0.01632884814266515,0.8083960501004128,-2.968747470077915e-10,-1.0144107776000055e-12,5,1.0000000000000007,6090064.837761735,240.76550333152454,0.39633136530054025,0.01632884814266515
2257931174319.7373,2479374172.834586,0.14837212039728392,0.001690086633425068,3038.27913063302,0.3959781280044304,0.016253839717478912,0.8082876967741015,-3.0326974265193485e-10,-2.2715163083830703e-12,5,1.0000000000000007,6092733.788898431,240.75238929775213,0.3959781280044304,0.016253839717478912
2260413173297.063,2481998977.325353,0.14837670927869742,0.0016906777795294226,3038.497785281161,0.3956241846295492,0.016179041047688483,0.8082482888527309,-3.101904288982382e-10,-2.1027624086400465e-13,5,1.0000000000000007,6095408.618529745,240.73915534613477,0.3956241846295492,0.016179041047688483
2262897860428.6196,2484687131.556833,0.14838129941336015,0.0016912708249024401,3038.7172045182447,0.3952695257436272,0.016104449974566927,0.8083269198433385,-3.173515894516754e-10,-7.894795928109488e-13,5,1.0000000000000007,6098090.326886988,240.7259401065219,0.3952695257436272,0.016104449974566927
2265385117641.5186,2487257212.899315,0.14838588949778836,0.0016918659533441873,3038.937483559758,0.3949141678080752,0.016030069421733267,0.8083603969533115,-3.245722579592325e-10,-3.47499806707674e-14,5,1.0000000000000007,6100778.871064768,240.71275473735818,0.3949141678080752,0.016030069421733267
2267874896037.2324,2489778395.7139473,0.14839047639181863,0.0016924635586453446,3039.1588306080666,0.39455811743481595,0.015955900140612107,0.808414450936823,-3.3189884174333883e-10,-2.1772583735923945e-12,5,1.0000000000000007,6103474.311199124,240.6996137804362,0.39455811743481595,0.015955900140612107
2270367114847.0483,2492218809.8157916,0.14839505661680222,0.0016930642248629696,3039.381542528178,0.3942013858079524,0.015881943600026222,0.8084823999165991,-3.3932623377808113e-10,2.0299317782246362e-12,5,1.0000000000000007,6106176.718148076,240.6865392672028,0.3942013858079524,0.015881943600026222
2272861671628.7563,2494556781.70769,0.14839962600119855,0.0016936686321628897,3039.605966109783,0.3938439872369689,0.01580820168222663,0.8085751818098785,-3.467913733956607e-10,-3.93796106834543e-13,5,1.0000000000000007,6108886.1617494095,240.67355703439168,0.3938439872369689,0.01580820168222663
2275358425315.3115,2496753686.5550485,0.14840416610995244,0.0016942805024406289,3039.833958230929,0.3934859415873351,0.01573467636645613,0.8088104191950052,-3.5405722798032e-10,-1.418198891656175e-12,5,1.0000000000000007,6111603.285907179,240.660784790787,0.3934859415873351,0.01573467636645613
2277857014412.8027,2498589097.490768,0.14840868755095707,0.0016948965887905935,3040.0639515015173,0.39312730040702676,0.015661376343277682,0.8087919223243034,-3.618351174239365e-10,-9.349188090368443e-13,5,1.0000000000000007,6114327.16434528,240.6481406792867,0.39312730040702676,0.015661376343277682
2280357468862.3706,2500454449.568025,0.1484132033313917,0.0016955144998129223,3040.294739109773,0.39276805913646057,0.015588300043038324,0.8087985231552963,-3.697709916039571e-10,-8.996137168537643e-13,5,1.0000000000000007,6117057.372420819,240.63555401644246,0.39276805913646057,0.015588300043038324
2282859779845.525,2502310983.1541057,0.14841771026122114,0.0016961348474546644,3040.5266273307716,0.392408218766355,0.01551544698944779,0.808849047184701,-3.7778857819859013e-10,4.738431869100168e-13,5,1.0000000000000007,6119794.046966794,240.6230445230992,0.392408218766355,0.01551544698944779
2285363870529.1494,2504090683.6243486,0.14842220392421104,0.0016967584891378468,3040.7600446657384,0.39204779007169965,0.015442818426109806,0.8089336106520406,-3.8605285634929487e-10,-1.638245095136881e-12,5,1.0000000000000007,6122537.311492064,240.61064152914534,0.39204779007169965,0.015442818426109806
2287869611197.471,2505740668.322033,0.14842668169188522,0.0016973856855696614,3040.995133594752,0.39168679146599544,0.015370416821046123,0.8089803260613593,-3.944133908362346e-10,-5.245803791353865e-13,5,1.0000000000000007,6125287.130680568,240.59835928038126,0.39168679146599544,0.015370416821046123
2290376930540.6763,2507319343.204994,0.14843114277014252,0.0016980157223537792,3041.231581054302,0.39132523298190697,0.015298243259455297,0.8090256714554656,-4.0281122881680176e-10,-1.3931078512996464e-12,5,1.0000000000000007,6128043.3210184155,240.58618015755096,0.39132523298190697,0.015298243259455297
2292885759241.2534,2508828700.576944,0.1484355884305837,0.001698648763100369,3041.4694462136417,0.39096312438265873,0.01522629871500483,0.8090772252167255,-4.113172025199674e-10,4.645173135031655e-13,5,1.0000000000000007,6130805.8762651,240.57411311233886,0.39096312438265873,0.01522629871500483
2295396018228.125,2510258986.871197,0.14844001936532333,0.0016992847272344722,3041.7086848147037,0.39060047685773386,0.015154584396049277,0.8091069308990839,-4.2007808342958697e-10,-1.7515988659511095e-12,5,1.0000000000000007,6133574.735335234,240.56215993980652,0.39060047685773386,0.015154584396049277
2297907662208.9775,2511643980.8526964,0.14844444359281442,0.0016999214601422677,3041.948249717088,0.3902372967431102,0.01508310120104126,0.8090644509906042,-4.2903358643542333e-10,-1.4708234630234074e-12,5,1.0000000000000007,6136349.447258726,240.55025902252413,0.3902372967431102,0.01508310120104126
2300420757920.3745,2513095711.397171,0.14844886302151009,0.001700558270744116,3042.18781205286,0.3898735741800858,0.015011847187739262,0.8090191466747498,-4.3819359252239565e-10,1.014077710692618e-12,5,1.0000000000000007,6139129.954124216,240.53838810105495,0.3898735741800858,0.015011847187739262
2302935376606.608,2514618686.2328773,0.14845327920404972,0.0017011951276226058,3042.42734189804,0.3895092986324075,0.014940820391514037,0.8089952446832527,-4.4764070228353603e-10,1.6786572132332367e-13,5,1.0000000000000007,6141916.331062661,240.52654513004182,0.3895092986324075,0.014940820391514037
2305451556360.4175,2516179753.8096423,0.14845769456780897,0.001701831622305568,3042.666631846256,0.38914446434825156,0.0148700198662992,0.8089406711153657,-4.571930611874109e-10,-8.506528814677949e-13,5,1.0000000000000007,6144708.5476856865,240.51471750822463,0.38914446434825156,0.0148700198662992
2307969383076.69,2517826716.2725472,0.14846212142099763,0.0017024650412017005,3042.904343427857,0.3887790586435076,0.014799444162465066,0.8087844605153549,-4.668216924130775e-10,2.4202861936828413e-14,5,1.0000000000000007,6147506.150803144,240.50282096249927,0.3887790586435076,0.014799444162465066
2310489101130.44,2519718053.7501864,0.14846654770200873,0.0017030980787696864,3043.141805141506,0.3884130457812874,0.014729086887026515,0.8088025849062319,-4.77239803231555e-10,-9.416911694870578e-13,5,1.0000000000000007,6150309.920360573,240.49092908468256,0.3884130457812874,0.014729086887026515
2313010683688.9565,2521582558.5166564,0.1484709722717604,0.0017037308728815803,3043.3790904382645,0.3880464293685348,0.014658948982216292,0.8087738601059158,-4.878499826332927e-10,5.861977570020827e-13,5,1.0000000000000007,6153119.871948207,240.47904651897366,0.3880464293685348,0.014658948982216292
2315534176943.5137,2523493254.557286,0.14847539467206744,0.0017043632588663398,3043.6161306512195,0.38767920240664344,0.014589029392534914,0.8087385816590853,-4.987121826616203e-10,9.618972285352356e-13,5,1.0000000000000007,6155936.03084063,240.46716736990172,0.38767920240664344,0.014589029392534914
2318059637422.39,2525460478.8765216,0.14847981479915284,0.0017049957841603917,3043.8531713910766,0.3873113563787206,0.01451932662369438,0.8087207709062127,-5.099103361771995e-10,-6.139533326177116e-14,5,1.0000000000000007,6158758.578926146,240.4553062388882,0.3873113563787206,0.01451932662369438
2320587094490.2583,2527457067.868179,0.14848423203589514,0.0017056270272840593,3044.0895847469055,0.3869428867179484,0.014449840241412769,0.8086213065805481,-5.212452691694125e-10,-4.805045250577678e-13,5,1.0000000000000007,6161587.278897656,240.4434201174818,0.3869428867179484,0.014449840241412769
2323116705288.4106,2529610798.152358,0.14848864576556656,0.0017062577570757492,3044.325720544448,0.386573770205572,0.014380566350429336,0.8086239461357891,-5.331175501055441e-10,-1.6975310046518644e-12,5,1.0000000000000007,6164422.446157606,240.43152762278564,0.386573770205572,0.014380566350429336
2325648467519.943,2531762231.5321584,0.14849305362533835,0.001706888659407401,3044.561909112505,0.38620400685224227,0.014311505079189072,0.8086149555497357,-5.452477358502961e-10,-9.690026558928366e-13,5,1.0000000000000007,6167264.233094506,240.41964970536966,0.38620400685224227,0.014311505079189072
2328182397101.2803,2533929581.3371434,0.14849745327176314,0.0017075201707671696,3044.7983690548567,0.3858335940106304,0.01424265590501942,0.8086222014203059,-5.576851203059618e-10,3.2884805989397137e-13,5,1.0000000000000007,6170112.762151915,240.40779980305388,0.3858335940106304,0.01424265590501942
2330718484525.098,2536087423.818225,0.1485018413902799,0.0017081536015875092,3045.035718192552,0.385462532742456,0.01417401861889936,0.8086935593398792,-5.705831362945446e-10,-2.046474101291551e-12,5,1.0000000000000007,6172968.308816724,240.3960184281406,0.385462532742456,0.01417401861889936
2333256619640.923,2538135115.824413,0.1485062178729033,0.0017087885146486938,3045.2737621579245,0.3850908388524398,0.014105595671706272,0.8086929420558775,-5.836148231352922e-10,-2.2196688931330755e-12,5,1.0000000000000007,6175830.704768469,240.38429701061935,0.3850908388524398,0.014105595671706272
2335796805071.579,2540185430.6563973,0.1485105831067754,0.0017094247561973874,3045.5124279907836,0.3847185116571056,0.014037386584448554,0.808710616251318,-5.96915628037209e-10,-6.428191312579656e-14,5,1.0000000000000007,6178699.946643253,240.37263235914105,0.3847185116571056,0.014037386584448554
2338339014693.1436,2542209621.564397,0.1485149368849369,0.001710063017687919,3045.752025247115,0.38434555468084675,0.013969391428493799,0.8087524516753319,-6.105750349760797e-10,-6.206146707654625e-14,5,1.0000000000000007,6181576.174926342,240.3610478192386,0.38434555468084675,0.013969391428493799
2340883184313.2354,2544169620.0920362,0.1485192800192845,0.0017107030908428212,3045.992452167346,0.3839719770451723,0.013901611329984288,0.8087774877596487,-2.4424906541753444e-15,-5.269524816498006e-10,5,1.0000000000000007,6184459.312283388,240.3495398679222,0.3839719770451723,0.013901611329984288
2343429276034.336,2546091721.1005254,0.14852361238763184,0.001711344840242503,3046.233649100051,0.3835977840273328,0.013834046714899751,0.8087909736387289,0,-5.384280798992336e-10,5,1.0000000000000007,6187349.321566876,240.33810758949753,0.3835977840273328,0.013834046714899751
2345977270065.531,2547994031.194996,0.14852793581970206,0.0017119876086208487,3046.47530429079,0.38322297825659546,0.013766697771229686,0.8087890079888638,2.220446049250313e-16,-5.511658907053629e-10,5,1.0000000000000007,6190246.075213909,240.32673270406377,0.38322297825659546,0.013766697771229686
2348527170926.7144,2549900861.1838145,0.14853222688419881,0.0017126374042373954,3046.7203298435484,0.38284755875619997,0.01369956266595655,0.8091990899572465,4.440892098500626e-16,-5.637618150089452e-10,5,1.0000000000000007,6193150.809012429,240.31559495438196,0.38284755875619997,0.01369956266595655
2351078333366.2617,2551162439.5473123,0.14853649300049865,0.0017132912409319506,3046.9673192982536,0.3824716202928702,0.013632656224682004,0.8090731745680202,-3.3306690738754696e-16,-5.732503360889041e-10,5,1.0000000000000007,6196062.3417192185,240.30462836331802,0.3824716202928702,0.013632656224682004
2353630956616.4873,2552623250.2254453,0.14854074413645837,0.0017139465090063126,3047.2150089509973,0.38209513332413253,0.013565972650773746,0.809064105156132,-2.220446049250313e-16,-5.863064478361935e-10,5,1.0000000000000007,6198980.37605064,240.29375253137198,0.38209513332413253,0.013565972650773746
2356185055829.1543,2554099212.667608,0.1485449815197346,0.001714602647688535,3047.463136545096,0.3817180953973358,0.013499511262285291,0.8090547937156245,0,-6.006471986452766e-10,5,1.0000000000000007,6201904.834289813,240.2829511395038,0.3817180953973358,0.013499511262285291
2358740646563.752,2555590734.59745,0.14854920227189697,0.0017152606152268171,3047.712157000031,0.3813405039868214,0.013433271098199638,0.8090939107585626,-6.661338147750939e-16,-6.141378516844043e-10,5,1.0000000000000007,6204835.948584487,240.27225359779612,0.3813405039868214,0.013433271098199638
2361297667877.238,2557021313.486152,0.14855340456272934,0.001715920291275145,3047.962035001167,0.3809623678722775,0.013367253152751902,0.8091079223282449,-2.1094237467877974e-15,-6.266764884799159e-10,5,1.0000000000000007,6207773.658169834,240.26165877609174,0.3809623678722775,0.013367253152751902
2363856098417.578,2558430540.3397565,0.1485575941374246,0.0017165805884171545,3048.2122282652535,0.3805836899996127,0.013301457662846917,0.8090569586505225,-2.220446049250313e-16,-6.410694197711564e-10,5,1.0000000000000007,6210717.7441675225,240.25113715597863,0.3805836899996127,0.013301457662846917
2366416019584.2,2559921166.622061,0.14856176758820114,0.00171724253891051,3048.46322970568,0.38020445810031966,0.013235882284643124,0.8091755920869304,-3.3306690738754696e-16,-6.533749097314967e-10,5,1.0000000000000007,6213668.506996613,240.24071659837085,0.38020445810031966,0.013235882284643124
2368977244474.033,2561224889.8337927,0.14856589566397066,0.001717912964269125,3048.718365351709,0.3798246996061403,0.013170529105540167,0.8094882070208698,1.3322676295501878e-15,-6.691580622941729e-10,5,1.0000000000000007,6216627.190431769,240.23060700009515,0.3798246996061403,0.013170529105540167
2371539278893.7544,2562034419.7207637,0.1485700053976764,0.0017185846187781,3048.9741408126765,0.3794444876450321,0.013105409771554352,0.8093395892361244,1.7763568394002505e-15,-6.818190456669981e-10,5,1.0000000000000007,6219591.859776655,240.22061001563384,0.3794444876450321,0.013105409771554352
2374102358394.0015,2563079500.2468224,0.14857409477206387,0.0017192576846735944,3049.23065718461,0.3790637871386431,0.013040517741636153,0.8093248837770517,-5.551115123125783e-16,-6.957501241799946e-10,5,1.0000000000000007,6222562.819155235,240.210726678166,0.3790637871386431,0.013040517741636153
2376666506696.0845,2564148302.083068,0.1485781664757045,0.00171993250523823,3049.488038561458,0.37868259439311264,0.012975851855157546,0.8093580083912144,8.881784197001252e-16,-7.104005161906457e-10,5,1.0000000000000007,6225540.181806531,240.20096947382498,0.37868259439311264,0.012975851855157546
2379231671751.797,2565165055.7122416,0.14858221702045388,0.0017206086930297152,3049.746148434582,0.3783009169813284,0.012911412918757588,0.8093433884193146,8.881784197001252e-16,-7.261053980300858e-10,5,1.0000000000000007,6228523.838978581,240.19132753993694,0.3783009169813284,0.012911412918757588
2381797877141.9507,2566205390.1533885,0.1485862468264158,0.0017212862358588128,3050.004976634122,0.3779187512340371,0.012847199902144849,0.8093549197507599,8.881784197001252e-16,-7.413989422389022e-10,5,1.0000000000000007,6231513.832199695,240.18180070215834,0.3779187512340371,0.012847199902144849
2384365104999.9062,2567227857.955268,0.14859026780253112,0.001721962315270016,3050.2631523285554,0.3775360996635881,0.012783213332776527,0.8091016984179689,2.220446049250313e-16,-7.566091086985693e-10,5,1.0000000000000007,6234509.596819995,240.17230875102362,0.3775360996635881,0.012783213332776527
2386933757589.2085,2568652589.301804,0.14859428596168173,0.0017226361664968365,3050.520275906798,0.3771529021298704,0.012719444292886451,0.8090765779567022,-1.6653345369377348e-15,-7.718190531136315e-10,5,1.0000000000000007,6237511.3833849365,240.1628167973834,0.3771529021298704,0.012719444292886451
2389503875598.5215,2570118009.3124166,0.14859829256042126,0.0017233098544249112,3050.777351967015,0.37676915232894104,0.012655891976029243,0.8090570308150191,6.661338147750939e-16,-7.90632781466627e-10,5,1.0000000000000007,6240519.661849149,240.15338414115877,0.37676915232894104,0.012655891976029243
2392075490928.9336,2571615330.4121795,0.148602286552045,0.0017239833068867306,3051.0343594753367,0.3763848452696141,0.012592555744726777,0.809010790581155,-2.220446049250313e-15,-8.095615289249736e-10,5,1.0000000000000007,6243534.465172256,240.14400643907223,0.3763848452696141,0.012592555744726777
2394648677986.812,2573187057.878475,0.1486062672174256,0.0017246565342964573,3051.291310602486,0.3759999695992193,0.012529433879412494,0.8089684633283412,-1.2212453270876722e-15,-8.268371542996533e-10,5,1.0000000000000007,6246555.887829001,240.1346830698827,0.3759999695992193,0.012529433879412494
2397223505090.8228,2574827104.0107675,0.14861023416354122,0.0017253297328122892,3051.548296297137,0.37561451485252556,0.01246652480139994,0.8089424463619821,-2.220446049250313e-16,-8.45323033793477e-10,5,1.0000000000000007,6249584.054126129,240.12541857430367,0.37561451485252556,0.01246652480139994
2399800014717.735,2576509626.9113975,0.14861418856439018,0.0017260024375103952,3051.80509909263,0.3752284744211507,0.012403827649725507,0.8088708042253145,4.440892098500626e-16,-8.639151616307572e-10,5,1.0000000000000007,6252618.930283963,240.11619820519667,0.3752284744211507,0.012403827649725507
2402378322140.469,2578307422.7344337,0.14861812912864783,0.0017266754253346987,3052.062075864569,0.3748418307666089,0.01234133968950285,0.8088899028368957,-1.887379141862766e-15,-8.880420843127013e-10,5,1.0000000000000007,6255660.809247017,240.10704236819217,0.3748418307666089,0.01234133968950285
2404958398153.9775,2580076013.5082345,0.14862202416130543,0.0017273534597681069,3052.3216563849487,0.3744545879753971,0.012279060725155846,0.8093798958830334,1.1102230246251565e-15,-9.246026166920274e-10,5,1.0000000000000007,6258710.63327783,240.0980901197755,0.3744545879753971,0.012279060725155846
2407539462337.2197,2581064183.2421265,0.14862313394878718,0.0017284814570829598,3052.8084436854892,0.3740668590656813,0.012216886672122073,0.8386499000812009,2.220446049250313e-16,-9.71992930587362e-10,5,1.0000000000000007,6261859.416062919,240.10261477193293,0.3740668590656813,0.012216886672122073
2410076056355.156,2536594017.9361734,0.14862478573093127,0.001729469215828093,3053.227523473901,0.3736854782811272,0.012155909414909169,0.8142773733066377,0,-9.020583169316865e-10,5,1.0000000000000007,6264939.746086051,240.104328421981,0.3736854782811272,0.012155909414909169
2412605979276.689,2529922921.5327926,0.14862692466404367,0.0017303587423910384,3053.5980703809787,0.37330476874657975,0.012095258226602677,0.8114942906534139,-3.3306690738754696e-16,-9.008654933140292e-10,5,1.0000000000000007,6267999.897305975,240.10362909415653,0.37330476874657975,0.012095258226602677
2415133571817.0005,2527592540.312137,0.1486294757918382,0.0017311701340182806,3053.9297674468303,0.3729240775916583,0.012034860287756629,0.8094493009203063,1.3322676295501878e-15,-9.075425966287298e-10,5,1.0000000000000007,6271047.87837074,240.10092826889317,0.3729240775916583,0.012034860287756629
2417662024019.689,2528452202.6880364,0.1486323737300492,0.001731920089427153,3054.2306846934525,0.3725429241861169,0.011974663906230696,0.8079032320917889,-6.661338147750939e-16,-9.214120577638596e-10,5,1.0000000000000007,6274089.940855898,240.09657879575838,0.3725429241861169,0.011974663906230696
2420193755168.3315,2531731148.6426926,0.14863557714233422,0.0017326197255611746,3054.5061729302047,0.37216094333780597,0.011914631315856596,0.806573410283562,-1.2212453270876722e-15,-9.395499933617657e-10,5,1.0000000000000007,6277130.5136969825,240.09080168525045,0.37216094333780597,0.011914631315856596
2422730858431.618,2537103263.2862906,0.1486390597299871,0.001733276421794869,3054.7597740864776,0.3717778184850123,0.011854729656966321,0.805390563130004,0,-9.627852959326333e-10,5,1.0000000000000007,6280173.0134992255,240.08372611957017,0.3717778184850123,0.011854729656966321
2425275211551.5703,2544353119.952174,0.14864279404285602,0.001733898444718821,3054.9954278722544,0.3713932650590597,0.011794928525257547,0.804534107667898,4.440892098500626e-16,-9.915013254868654e-10,5,1.0000000000000007,6283220.884905291,240.075520512329,0.3713932650590597,0.011794928525257547
2427828193031.1836,2552981479.613678,0.14864675203223848,0.001734492131093669,3055.2162255616604,0.37100707348786266,0.011735207006789272,0.803819332761968,2.220446049250313e-16,-1.0226843816241171e-09,5,1.0000000000000007,6286276.716434587,240.0663143578191,0.37100707348786266,0.011735207006789272
2430390970812.3296,2562777781.146038,0.14865091722871468,0.0017350603815485073,3055.423623249115,0.3706190657318276,0.011675547911884123,0.803063009424676,1.9984014443252818e-15,-1.0571035158335462e-09,5,1.0000000000000007,6289342.222704657,240.05614739965839,0.3706190657318276,0.011675547911884123
2432964793640.867,2573822828.5379577,0.1486552714194182,0.001735607629119495,3055.619767771085,0.37022905120441585,0.01161593117044282,0.8026186110177136,4.440892098500626e-16,-1.0967838859343715e-09,5,1.0000000000000007,6292419.547413907,240.04510501391636,0.37022905120441585,0.01161593117044282
2435550424634.963,2585630994.095749,0.14865979018812306,0.001736139365428495,3055.8073333471903,0.36983691259701584,0.011556346126344784,0.802341288963504,8.881784197001252e-16,-1.1397494059650626e-09,5,1.0000000000000007,6295510.575359034,240.0333200084634,0.36983691259701584,0.011556346126344784
2438148366829.3604,2597942194.3970294,0.14866444968388082,0.0017366596091276608,3055.9883379115176,0.36944257187724816,0.011496786687898535,0.8021790154355557,4.440892098500626e-16,-1.1866788662828753e-09,5,1.0000000000000007,6298616.651534355,240.0208920011729,0.36944257187724816,0.011496786687898535
2440758942850.3516,2610576020.9907346,0.14866922085514783,0.0017371743175611692,3056.165703776144,0.36904597827091784,0.01143724902327468,0.8023331893314278,-6.661338147750939e-16,-1.2361548451522708e-09,5,1.0000000000000007,6301739.362337999,240.00798580516494,0.36904597827091784,0.01143724902327468
2443381962084.389,2623019234.037788,0.1486740760596742,0.001737687767851035,3056.3415974579543,0.3686471589367964,0.011377739186495187,0.802552784229249,-1.2212453270876722e-15,-1.2861894882476577e-09,5,1.0000000000000007,6304879.437294731,239.9947332020424,0.3686471589367964,0.011377739186495187
2446017123250.5195,2635161166.1302667,0.14867898770028878,0.0017382042570612448,3056.5181920130103,0.3682461579361352,0.011318264136686015,0.8029784481777824,6.661338147750939e-16,-1.3419469979680798e-09,5,1.0000000000000007,6308037.52266732,239.98127236999628,0.3682461579361352,0.011318264136686015
2448663780769.672,2646657519.152023,0.14868392153510118,0.0017387291423946898,3056.6981929490353,0.36784307182293247,0.01125883651521384,0.8036276805123421,6.661338147750939e-16,-1.3936357623478557e-09,5,1.0000000000000007,6311214.144809872,239.9677841967429,0.36784307182293247,0.01125883651521384
2451320910828.7783,2657130059.106928,0.14868884238830196,0.0017392663622155333,3056.883689666348,0.3674380549642275,0.011199475612706886,0.8043768540133556,-9.992007221626409e-16,-1.4498310330068875e-09,5,1.0000000000000007,6314409.15850119,239.9544207953083,0.3674380549642275,0.011199475612706886
2453987312293.6436,2666401464.8651967,0.1486937078143448,0.001739821148653543,3057.0774128772096,0.3670312890352061,0.01114020266102834,0.8054326888773389,-1.6653345369377348e-15,-1.5072704195873143e-09,5,1.0000000000000007,6317622.514642614,239.9413791424377,0.3670312890352061,0.01114020266102834
2456661263159.8276,2673950866.1840687,0.14869847342145007,0.001740398415858544,3057.281971226653,0.36662303552384584,0.011081048159010126,0.8066225354319556,-8.881784197001252e-16,-1.5609520342962924e-09,5,1.0000000000000007,6320853.560258627,239.92886224438217,0.36662303552384584,0.011081048159010126
2459340806319.736,2679543159.908287,0.14870308813284408,0.00174100404071225,3057.5004623195364,0.36621359227644196,0.011022045348914461,0.808104627658679,-3.3306690738754696e-16,-1.6134683589186238e-09,5,1.0000000000000007,6324101.610071499,239.91711026743693,0.36621359227644196,0.011022045348914461
2462023490012.023,2682683692.286739,0.14870749427022426,0.0017416444736788861,3057.7363002652946,0.36580333325815856,0.01096323558892487,0.8098591836036562,-2.220446049250313e-15,-1.6585177675665363e-09,5,1.0000000000000007,6327365.580198519,239.9063950070519,0.36580333325815856,0.01096323558892487
2464706406923.515,2682916911.491939,0.1487116244166659,0.0017423265383888522,3057.993159332176,0.365392702770872,0.010904667253877169,0.8118590377748092,-8.881784197001252e-16,-1.7019594622524892e-09,5,1.0000000000000007,6330643.992630493,239.89701168866458,0.365392702770872,0.010904667253877169
2467386250331.9917,2679843408.4764075,0.1487154028703842,0.0017430591456341136,3058.2757101986813,0.36498220701331924,0.010846393941996487,0.8142885155049129,0,-1.7385112238699207e-09,5,1.0000000000000007,6333935.387832501,239.88933070141528,0.36498220701331924,0.010846393941996487
2470059027619.938,2672777287.946301,0.14871874392984788,0.0017438508791878045,3058.58857696764,0.3645724581571568,0.010788480584858833,0.8169622817133515,2.220446049250313e-16,-1.7645019889656055e-09,5,1.0000000000000007,6337237.5095945,239.8837315736299,0.3645724581571568,0.010788480584858833
2472720391624.1177,2661364004.179594,0.1487215484970012,0.0017447126156860235,3058.9375199879464,0.3641641237864949,0.010730995810335348,0.8200747458886326,-2.220446049250313e-16,-1.7808261532081815e-09,5,1.0000000000000007,6340548.211995018,239.88067388803896,0.3641641237864949,0.010730995810335348
2475365357473.688,2644965849.5696077,0.14872370299826237,0.001745656478102426,3059.3289856197666,0.3637579705005206,0.010674017695179628,0.8235524789901305,-3.3306690738754696e-16,-1.7861241374816927e-09,5,1.0000000000000007,6343864.930025581,239.88067262188096,0.3637579705005206,0.010674017695179628
2477988470106.8975,2623112633.209272,0.1487250839870942,0.0017466955545765185,3059.7699333717587,0.363354838451154,0.010617630195538194,0.8273969231975542,-6.661338147750939e-16,-1.776393476760063e-09,5,1.0000000000000007,6347184.800920501,239.88428624713958,0.363354838451154,0.010617630195538194
2480583859334.428,2595389227.5306907,0.14872601347223746,0.0017477681218215227,3060.22997932764,0.3629556335381319,0.010561935039338985,0.8212863222833988,-5.551115123125783e-16,-1.703014396170488e-09,5,1.0000000000000007,6350489.321705695,239.88993799722826,0.3629556335381319,0.010561935039338985
2483161353625.7925,2577494291.364666,0.14872907419847864,0.0017484603307014977,3060.5014458527744,0.3625588516859028,0.010506829552735054,0.7925609002423784,1.3322676295501878e-15,-1.6446668471559178e-09,5,1.0000000000000007,6353702.548499325,239.8851707263818,0.3625588516859028,0.010506829552735054
2485767050547.3145,2605696921.521682,0.1487321972960336,0.0017491561843883487,3060.7737698774163,0.36215739432904787,0.01045136296742809,0.8073746154968475,-6.661338147750939e-16,-1.771157220886721e-09,5,1.0000000000000007,6356954.36265717,239.88016354049267,0.36215739432904787,0.01045136296742809
2488376980574.467,2609930027.15288,0.14873530781518682,0.0017498533695561914,3061.0467094262594,0.36175494978150985,0.010396048998288901,0.8081360469702759,2.4424906541753444e-15,-1.8207193530628274e-09,5,1.0000000000000007,6360216.742983688,239.87521880880638,0.36175494978150985,0.010396048998288901
2490989918749.2524,2612938174.785614,0.14873838409116105,0.0017505565976133899,3061.3225467988896,0.3613517062856172,0.010340911618313776,0.80841041583124,-6.661338147750939e-16,-1.8703142368181602e-09,5,1.0000000000000007,6363489.318500864,239.87049772261526,0.3613517062856172,0.010340911618313776
2493605424583.56,2615505834.3073316,0.14874143102145357,0.001751263671404119,3061.6002689833103,0.3609477314108441,0.010285958621975384,0.808516210648591,-1.3322676295501878e-15,-1.915378078365393e-09,5,1.0000000000000007,6366771.204385072,239.86594969183238,0.3609477314108441,0.010285958621975384
2496223329306.565,2617904723.0045767,0.14874444895948902,0.0017519741542105648,3061.879680085655,0.3605430508721074,0.01023119222067192,0.8086074321234094,2.220446049250313e-16,-1.964632900808283e-09,5,1.0000000000000007,6370062.18228577,239.86157078320372,0.3605430508721074,0.01023119222067192
2498843487311.958,2620158005.3929405,0.1487474239328348,0.001752690750725499,3062.1621040119403,0.36013768680792246,0.010176613550621497,0.8090057684873031,-8.881784197001252e-16,-2.009306276917755e-09,5,1.0000000000000007,6373362.70911601,239.85744848270534,0.36013768680792246,0.010176613550621497
2500000000000,1156512688.0419722,0.1487487109232278,0.0017530076547748674,3062.287264314398,0.35995867683748073,0.010152583279596424,0.16128284208161148,1.5543122344752192e-15,-3.0101852122044193e-09,4,1.0000000000000007,6374821.889243306,239.8557623365566,0.35995867683748073,0.010152583279596424
2502313025376.084,2313025376.0839443,0.1487512896255492,0.0017536437336785609,3062.5384683773677,0.3596004283832472,0.01010468142607379,0.6323312606859588,-9.992007221626409e-16,-1.1306000580191267e-09,5,1.0000000000000007,6377743.353176523,239.8523932580859,0.3596004283832472,0.01010468142607379
2504930910471.605,2617885095.521719,0.1487541918876523,0.0017543645270587922,3062.823236733561,0.35919463832858056,0.010050689884192467,0.804992214553657,-2.220446049250313e-16,-2.1018343732137623e-09,5,1.0000000000000007,6381055.211076673,239.84867516483212,0.35919463832858056,0.010050689884192467
2507556925758.3765,2626015286.7708225,0.14875707618151923,0.0017550888418274423,3063.1096243282523,0.3587872530177642,0.009996761711112296,0.8090909081603925,-2.220446049250313e-15,-2.172291790891734e-09,5,1.0000000000000007,6384383.351688946,239.84509748287246,0.3587872530177642,0.009996761711112296
2510184415921.97,2627490163.594171,0.14875992726913406,0.0017558166989964953,3063.3977958668356,0.3583793036386173,0.009943032548220878,0.8090342107358595,4.440892098500626e-16,-2.2241050112725702e-09,5,1.0000000000000007,6387719.855508632,239.84173635211312,0.3583793036386173,0.009943032548220878
2512813473908.5874,2629057986.6172643,0.14876275481877585,0.001756545266638551,3063.686415629253,0.35797077552960027,0.009889500216959172,0.8090130099169812,4.440892098500626e-16,-2.2759760742729895e-09,5,1.0000000000000007,6391064.26960579,239.8385101404379,0.35797077552960027,0.009889500216959172
2515444135122.3374,2630661213.7503242,0.14876555421055607,0.0017572753113640183,3063.975865187068,0.3575616629375559,0.009836163609600442,0.8090997688503521,-9.992007221626409e-16,-2.329444193094332e-09,5,1.0000000000000007,6394416.821565647,239.83543984822805,0.3575616629375559,0.009836163609600442
2518076259409.5493,2632124287.2122536,0.14876832394225656,0.0017580068371745442,3064.2661612757684,0.35715198741781795,0.009783024972262952,0.8090861181031528,-1.2212453270876722e-15,-2.384997088711316e-09,5,1.0000000000000007,6397777.384233119,239.83253044273903,0.35715198741781795,0.009783024972262952
2520709869800.5356,2633610390.9857,0.14877106461382525,0.0017587395059886822,3064.5571499643875,0.3567417451621969,0.009730083430651128,0.8090936093330114,4.440892098500626e-16,-2.4415696131541154e-09,5,1.0000000000000007,6401145.94529411,239.82977304788986,0.3567417451621969,0.009730083430651128
2523344954935.4146,2635085134.8789716,0.1487737710865602,0.0017594746877350133,3064.8494804210445,0.3563309376956848,0.00967733846127195,0.8092441849960608,-9.992007221626409e-16,-2.49898635118484e-09,5,1.0000000000000007,6404522.808667467,239.82721030374955,0.3563309376956848,0.00967733846127195
2525981270336.8184,2636315401.4042516,0.14877643530105714,0.0017602130913655601,3065.1435433989886,0.35591960290096,0.009624793777028554,0.8093333453418339,1.7763568394002505e-15,-2.5555024762979883e-09,5,1.0000000000000007,6407907.883693961,239.82487030914626,0.35591960290096,0.009624793777028554
2528618671292.267,2637400955.44852,0.1487790700551141,0.001760951959724904,3065.4380059698647,0.35550776319961624,0.009572451860742487,0.8091958220157736,2.220446049250313e-16,-2.61717780780657e-09,5,1.0000000000000007,6411300.461193469,239.82267743296018,0.35550776319961624,0.009572451860742487
2531257382445.471,2638711153.203493,0.14878167538601422,0.0017616916088706031,3065.7330052042594,0.35509538333877555,0.009520307983937455,0.8091883196836847,6.661338147750939e-16,-2.678938959554955e-09,5,1.0000000000000007,6414700.896539368,239.82063836855752,0.35509538333877555,0.009520307983937455
2533897416685.6646,2640034240.19336,0.14878424979454266,0.0017624323272766877,3066.0286818300037,0.354682461094259,0.009468361546413706,0.80920220024705,-6.661338147750939e-16,-2.74298184166355e-09,5,1.0000000000000007,6418109.291137953,239.81876189034543,0.354682461094259,0.009468361546413706
2536538752022.039,2641335336.374708,0.14878679246221915,0.0017631743594355629,3066.325150281067,0.3542689996930441,0.009416612510451073,0.8092136516424375,-6.661338147750939e-16,-2.8065104684671383e-09,5,1.0000000000000007,6421525.698857871,239.81705779536577,0.3542689996930441,0.009416612510451073
2539181370397.426,2642618375.386715,0.14878930598262355,0.001763916923816957,3066.6220437518355,0.3538550017655665,0.009365061004308627,0.8091651304553693,1.3322676295501878e-15,-2.8741583557589934e-09,5,1.0000000000000007,6424949.959978383,239.81550445907507,0.3538550017655665,0.009365061004308627
2541825351704.017,2643981306.591035,0.1487917873938101,0.0017646606688193963,3066.919674416831,0.35344045458549195,0.009313705076736683,0.8091830372425335,1.3322676295501878e-15,-2.942502463909591e-09,5,1.0000000000000007,6428382.333009307,239.81412067533347,0.35344045458549195,0.009313705076736683
2544470667374.5493,2645315670.5323296,0.14879423595954097,0.0017654056291204155,3067.218064585032,0.3530253624154052,0.009262544890128956,0.8092125575176468,1.1102230246251565e-15,-3.0139920559335565e-09,5,1.0000000000000007,6431822.818764482,239.81290882428792,0.3530253624154052,0.009262544890128956
2547117269806.7715,2646602432.222224,0.14879665224017338,0.0017661514258048988,3067.5170435980426,0.35260973252117106,0.009211580958877695,0.8091391290321326,-1.07172382080023e-10,-2.318145675417327e-13,6,1.0000000000000007,6435271.313507531,239.81186062405106,0.35260973252117106,0.009211580958877695
2549765279770.421,2648009963.649917,0.14879903038349743,0.0017668990362055639,3067.817095818385,0.352193545711446,0.009160810480386727,0.809269848911498,-1.1038037150967739e-10,-1.1648459974367142e-12,6,1.0000000000000007,6438728.193160992,239.81100364347282,0.352193545711446,0.009160810480386727
2552414484027.575,2649204257.1546564,0.1488013733233455,0.0017676470686014158,3068.1175865018345,0.35177683530571424,0.009110237228040004,0.8091488323813678,-1.136072347307504e-10,-8.75632899521861e-13,6,1.0000000000000007,6442192.941811501,239.81030189540516,0.35177683530571424,0.009110237228040004
2555065081306.6914,2650597279.1160383,0.1488036834489851,0.0017683950723947246,3068.418295541174,0.3513595698595131,0.009059857346916016,0.8090523351267365,-1.170015195839369e-10,6.232792060245629e-13,6,1.0000000000000007,6445665.727375459,239.8097403454788,0.3513595698595131,0.009059857346916016
2557717230489.62,2652149182.928932,0.1488059704991797,0.001769140762763205,3068.718131891318,0.3509417241522688,0.009009668273947174,0.8086275615770688,-1.2065504151337336e-10,-8.832934383917745e-13,6,1.0000000000000007,6449146.286233959,239.80925088660507,0.3509417241522688,0.009009668273947174
2560371629390.7563,2654398901.136374,0.1488082316965367,0.0017698857295098715,3069.0178144922475,0.35052318793781934,0.008959657779521981,0.8089411052125683,-1.2445044994535692e-10,9.869882688917642e-13,6,1.0000000000000007,6452635.770059553,239.8088638191504,0.35052318793781934,0.008959657779521981
2563027765012.8604,2656135622.1043096,0.14881045761001613,0.0017706325843253312,3069.318572867803,0.35010404176365406,0.008909834869715708,0.8089865694005383,-1.2827083839539455e-10,5.211386877590485e-13,6,1.0000000000000007,6456134.139194185,239.80866391369162,0.35010404176365406,0.008909834869715708
2565685563806.3496,2657798793.4886847,0.14881266476169488,0.0017713776018506054,3069.6186220711247,0.349684297022203,0.008860201119330302,0.8085770003551929,-1.3230283535392573e-10,-6.685763054292693e-13,6,1.0000000000000007,6459640.557862574,239.8085463758351,0.349684297022203,0.008860201119330302
2568345700277.147,2660136470.7980766,0.1488148444120668,0.0017721227585118901,3069.9189091039116,0.34926384688379336,0.008810744304672739,0.8087785979826734,-1.3654521957562338e-10,-1.149302875091962e-12,6,1.0000000000000007,6463156.265509124,239.8085569059581,0.34926384688379336,0.008810744304672739
2571007844633.851,2662144356.704401,0.14881699107334365,0.0017728692527990873,3070.2200095451585,0.3488427431165848,0.008761470145295118,0.8088367042802247,-1.4082346400101642e-10,-1.0433875985427221e-12,6,1.0000000000000007,6466681.144178551,239.808736378995,0.3488427431165848,0.008761470145295118
2573671902694.779,2664058060.9274955,0.14881910502308796,0.001773617202426043,3070.521971080196,0.3484210003153706,0.00871237980879405,0.8088439262809999,-1.4518430901944157e-10,-4.0756287233989497e-13,6,1.0000000000000007,6470215.147554005,239.80909293694504,0.3484210003153706,0.00871237980879405
2576337863933.6226,2665961238.843482,0.14882119153980775,0.0017743641808041562,3070.823688901295,0.347998619877159,0.008663473512374072,0.8085390684753335,-1.4982115548178854e-10,-6.646905248430812e-13,6,1.0000000000000007,6473757.790702863,239.80955904941206,0.347998619877159,0.008663473512374072
2579006232618.937,2668368685.3142767,0.14882324503897065,0.001775113261586751,3071.1265506199784,0.34757552155577626,0.008614741972915096,0.8090567849006192,-1.5452739088317458e-10,-3.7836400679225335e-13,6,1.0000000000000007,6477310.3460299065,239.81021390687877,0.34757552155577626,0.008614741972915096
2581676156270.826,2669923651.8884997,0.1488252530964186,0.0017758667307551127,3071.431672146459,0.34715184017830397,0.008566199089264915,0.8092135933557287,-1.5917311912971854e-10,2.1271873151818e-13,6,1.0000000000000007,6480872.315931076,239.8111416182264,0.34715184017830397,0.008566199089264915
2584347376944.8154,2671220673.9894776,0.14882721470124086,0.0017766246132521588,3071.7390730440934,0.34672761645375205,0.008517847894000178,0.8094093367772004,-1.639237634520896e-10,-1.1609602168505262e-12,6,1.0000000000000007,6484443.462798108,239.81235330602172,0.34672761645375205,0.008517847894000178
2587019572097.353,2672195152.537349,0.1488291307895526,0.001777385786103672,3072.0482567481904,0.346302901439002,0.0084696928122631,0.8094374182032738,-1.6870660424217476e-10,9.57012247226885e-14,6,1.0000000000000007,6488023.222085848,239.8138266812411,0.346302901439002,0.0084696928122631
2589692695714.027,2673123616.6737785,0.14883100108994285,0.0017781498282164214,3072.3590429718133,0.3458777023051813,0.008421733531589317,0.8095049131018328,-1.7363444015927598e-10,4.2166270475263445e-13,6,1.0000000000000007,6491611.504325488,239.81555503137582,0.3458777023051813,0.008421733531589317
2592366636636.545,2673940922.517509,0.1488328239320242,0.0017789169715746978,3072.671548118245,0.34545203658662255,0.00837397093592824,0.8096480091923652,-1.7864587587013148e-10,-1.4865886299730846e-13,6,1.0000000000000007,6495208.268704175,239.81755081363957,0.34545203658662255,0.00837397093592824
2595041158737.7607,2674522101.2152486,0.14883460208390273,0.0017796863572722612,3072.985371732526,0.3450259417546608,0.008326408133425969,0.8095253573037198,-1.835929186455587e-10,-1.2004841565271818e-12,6,1.0000000000000007,6498813.097902191,239.81979786890386,0.3450259417546608,0.008326408133425969
2597716464789.9346,2675306052.174225,0.1488363370255438,0.0017804567097293705,3073.2999473299587,0.3445993854004926,0.008279041225975033,0.8095619452586078,-1.888961209672857e-10,-5.515587986337778e-13,6,1.0000000000000007,6502425.997863101,239.82225754992282,0.3445993854004926,0.008279041225975033
2600392494549.552,2676029759.617115,0.14883802726370032,0.001781228722608022,3073.615589359136,0.344172376996487,0.008231870651492425,0.8095643161398769,-1.9435186793259618e-10,-2.1405099914773018e-13,6,1.0000000000000007,6506047.071954177,239.82495229367814,0.344172376996487,0.008231870651492425
2603069244292.826,2676749743.2741885,0.14883967278806576,0.0017820018202465908,3073.932049173734,0.3437449170196235,0.008184896027778969,0.8095236470051503,-1.999677090580576e-10,4.976019596369952e-13,6,1.0000000000000007,6509676.224241355,239.82786624294573,0.3437449170196235,0.008184896027778969
2605746781468.464,2677537175.6370897,0.14884127269847197,0.0017827765373626691,3074.2495663360587,0.34331699456297055,0.008138115598129646,0.8095468095881131,-2.0577428649914964e-10,-9.592326932761353e-14,6,1.0000000000000007,6513313.684087804,239.8310153787222,0.34331699456297055,0.008138115598129646
2608425067991.999,2678286523.535331,0.1488428258118748,0.0017835520521139528,3074.56779840397,0.3428886155831158,0.008091529646579922,0.8094547848669364,-2.1165580399440387e-10,2.26973995154367e-12,6,1.0000000000000007,6516959.260338254,239.83437724094637,0.3428886155831158,0.008091529646579922
2611104256354.997,2679188362.997973,0.14884433275078812,0.001784328390116507,3074.886749861176,0.34245975554999186,0.008045135293974447,0.8094770570510335,-2.1791402016191341e-10,-9.556799795973347e-13,6,1.0000000000000007,6520613.168799608,239.83795147360584,0.34245975554999186,0.008045135293974447
2613784309990.484,2680053635.486943,0.14884579435757495,0.0017851057138017017,3075.2064818272506,0.34203042016449364,0.007998932798581484,0.8094473630260168,-2.2437629532134906e-10,1.970645868709653e-12,6,1.0000000000000007,6524275.42335112,239.84174427487167,0.34203042016449364,0.007998932798581484
2616465278351.3047,2680968360.8208413,0.14884720835013807,0.0017858845616644462,3075.5272495136023,0.34160060134478476,0.007952920821690626,0.8095136905250655,-2.3104962387776595e-10,1.3147261057611104e-12,6,1.0000000000000007,6527946.227385867,239.84577256063483,0.34160060134478476,0.007952920821690626
2619147051877.363,2681773526.0581794,0.14884857346229147,0.001786665380670196,3075.8492579437466,0.34117031649681095,0.00790710057543768,0.8095831888210725,-2.380572405868975e-10,-9.65227897609111e-13,6,1.0000000000000007,6531625.5700631915,239.85005255585776,0.34117031649681095,0.00790710057543768
2621829515665.6235,2682463788.2600484,0.14884990001342777,0.001787445570673913,3076.1712811668003,0.3407395839624701,0.007861473864081167,0.8092186276620339,-2.450690761435226e-10,5.779821066198565e-13,6,1.0000000000000007,6535312.78845955,239.85451177857533,0.3407395839624701,0.007861473864081167
2624513274219.7266,2683758554.102711,0.1488511927953468,0.0017882242638609864,3076.492896882341,0.3403083065397612,0.007816030956415988,0.8090500092094999,-2.526554521153912e-10,-8.354428260304303e-13,6,1.0000000000000007,6539008.469816112,239.85911572977457,0.3403083065397612,0.007816030956415988
2627198607953.2974,2685333733.571114,0.1488524540054573,0.001789001053971405,3076.813908527955,0.3398764389489051,0.007770767850848895,0.8088817726736863,-2.6055924085000015e-10,4.11448652926083e-13,6,1.0000000000000007,6542712.879068572,239.86384529710634,0.3398764389489051,0.007770767850848895
2629885797196.895,2687189243.597334,0.148853672532168,0.0017897789207015227,3077.135712678087,0.33944393579806703,0.007725679773692878,0.8090874697996853,-2.6875646153001753e-10,1.4661605263199817e-12,6,1.0000000000000007,6546427.0192714445,239.8687819167947,0.33944393579806703,0.007725679773692878
2632574501388.1387,2688704191.243476,0.14885484791495487,0.0017905572868474522,3077.4580658345094,0.3390108516238178,0.007680772211077518,0.8090259712156822,-2.771497475961837e-10,8.08242361927114e-14,6,1.0000000000000007,6550150.36176066,239.8739139727028,0.3390108516238178,0.007680772211077518
2635264823628.489,2690322240.3492985,0.14885597960803437,0.0017913367182629722,3077.781216696139,0.3385771695717269,0.007636043072429822,0.8090495429158295,-2.8585322997543017e-10,-4.505285033928885e-13,6,1.0000000000000007,6553883.194501744,239.87925855044298,0.3385771695717269,0.007636043072429822
2637956725676.4683,2691902047.9798174,0.14885707637321488,0.0017921151886595586,3078.1042043580055,0.33814289558255933,0.007591493131453496,0.8087988340177432,-2.9480540231219265e-10,-1.0996759058912176e-12,6,1.0000000000000007,6557625.062502418,239.8847592079028,0.33814289558255933,0.007591493131453496
2640650625886.052,2693900209.5837984,0.14885813465884215,0.001792894207116411,3078.427713920929,0.33770796188230773,0.007547115474329994,0.8089102437880413,-3.045763641296162e-10,-2.0738966099997924e-13,6,1.0000000000000007,6561376.8472450785,239.89045357522613,0.33770796188230773,0.007547115474329994
2643346340083.306,2695714197.2547603,0.14885915831581129,0.0017936733454412105,3078.7515217879563,0.33727239790399954,0.0075029129972380626,0.8087895175812321,-3.146115590269005e-10,-7.960299086562372e-14,6,1.0000000000000007,6565138.253400139,239.89633294606932,0.33727239790399954,0.0075029129972380626
2646044070809.3003,2697730725.9936485,0.14886013490712413,0.0017944552637985604,3079.076897857543,0.3368361705945028,0.007458881848714716,0.8092716452523518,-3.2463787213998785e-10,2.5290880500961066e-13,6,1.0000000000000007,6568910.140472665,239.90247174664967,0.3368361705945028,0.007458881848714716
2648743015258.2036,2698944448.9028015,0.14886105534127525,0.001795241669930635,3079.404667542314,0.3363994094744351,0.007415033390955847,0.8094468167962887,-3.3458991133272775e-10,-3.9690473130349346e-13,6,1.0000000000000007,6572691.914726335,239.90893539179606,0.3363994094744351,0.007415033390955847
2651442881790.997,2699866532.793186,0.1488619197704321,0.0017960324843746013,3079.734793548981,0.3359621615548825,0.007371370731379559,0.8097034132070746,-3.446295471221106e-10,-7.527312106958561e-14,6,1.0000000000000007,6576483.2599794045,239.9157330878399,0.3359621615548825,0.007371370731379559
2654143242746.458,2700360955.4609957,0.14886272627662697,0.0017968272441979288,3080.067095707452,0.3355244959723081,0.007327899168351615,0.8097969311782194,-3.547767635225796e-10,-9.814371537686384e-14,6,1.0000000000000007,6580283.599721199,239.92286362328142,0.3355244959723081,0.007327899168351615
2656843942258.86,2700699512.4025397,0.14886347298332414,0.0017976251691216654,3080.4012577382796,0.3350864379202532,0.007284619932068539,0.8098744791462664,-3.6514591350567116e-10,-1.020739048840369e-12,6,1.0000000000000007,6584092.628672801,239.93031174212987,0.3350864379202532,0.007284619932068539
2659544851051.2085,2700908792.348515,0.14886415558949775,0.0017984271536898551,3080.7377061552156,0.3346480082894076,0.007241533621251045,0.8100741516470222,-3.757328892461942e-10,-2.3120394487818885e-12,6,1.0000000000000007,6587910.432887063,239.93811029036695,0.3346480082894076,0.007241533621251045
2662245636224.3687,2700785173.1598334,0.1488647789804153,0.001799231140724275,3081.0755082461296,0.33420926110368054,0.007198644528316749,0.8099265186300997,-3.861896358259287e-10,8.826273045769994e-13,6,1.0000000000000007,6591736.190121451,239.94620893806345,0.33420926110368054,0.007198644528316749
2664946543910.4287,2700907686.0598683,0.1488653503021453,0.0018000354584233446,3081.4138739952677,0.3337701563928588,0.007155948451646631,0.8097355347347346,-3.971374340494549e-10,9.763301278553627e-13,6,1.0000000000000007,6595569.892391348,239.95455813281413,0.3337701563928588,0.007155948451646631
2667647892628.111,2701348717.682541,0.1488658700551152,0.0018008402379450464,3081.7528544541424,0.33333064231476833,0.007113440226558936,0.8096841497273743,-4.086643246026256e-10,1.851852005074761e-13,6,1.0000000000000007,6599412.0006962,239.96315757015836,0.33333064231476833,0.007113440226558936
2670349768179.9526,2701875551.841874,0.14886633640105412,0.0018016454946620654,3082.0924752885517,0.33289070480901206,0.007071118348124192,0.8096159226367305,-4.2059489224755e-10,-1.0336176359260207e-12,6,1.0000000000000007,6603262.647386466,239.97200567868097,0.33289070480901206,0.007071118348124192
2673052284533.293,2702516353.340917,0.1488667489622331,0.001802451892211133,3082.433024198172,0.33245032519496587,0.007028980732769164,0.809683661784355,-4.3298609142539135e-10,-2.8754776337791554e-14,6,1.0000000000000007,6607122.142092242,239.98112118399536,0.33245032519496587,0.007028980732769164
2675755328762.986,2703044229.6929636,0.14886710868933617,0.0018032593925907327,3082.774474875921,0.33200952175749543,0.006987028701721895,0.8096228265586092,-4.4564230083921075e-10,-3.3861802251067274e-14,6,1.0000000000000007,6610990.35509328,239.99050499099891,0.33200952175749543,0.006987028701721895
2678459002543.7183,2703673780.731894,0.14886741374854076,0.0018040680022375119,3083.1168488538337,0.33156827780822357,0.006945260270662022,0.8096008946578692,-4.587606960981816e-10,1.3589129821411916e-13,6,1.0000000000000007,6614867.454763902,240.0001558452962,0.33156827780822357,0.006945260270662022
2681163342651.3438,2704340107.6254654,0.14886766545479133,0.001804876955308344,3083.4598052184774,0.3311265872358992,0.006903674660842824,0.8094726344776149,-4.724718394299998e-10,-9.370282327836321e-13,6,1.0000000000000007,6618753.349600341,240.01005249572972,0.3311265872358992,0.006903674660842824
2683868563544.472,2705220893.1287003,0.14886786430785884,0.001805686481779502,3083.8034371081676,0.33068441487657707,0.006862268418477306,0.8094576131600917,-4.867319880474952e-10,-1.7141843500212417e-13,6,1.0000000000000007,6622648.393811355,240.0201997662379,0.33068441487657707,0.006862268418477306
2686574690618.7764,2706127074.303853,0.14886799953274235,0.0018064988590362398,3084.1488281803763,0.33024175637765185,0.006821040388337575,0.8097622272718041,-5.012207315857609e-10,-1.2330136911486989e-12,6,1.0000000000000007,6626553.14581155,240.0306644641398,0.33024175637765185,0.006821040388337575
2689281214967.718,2706524348.941125,0.14886807638631558,0.0018073132242995573,3084.4955549327183,0.3297986948549517,0.006779997446200907,0.8097088277647657,-5.158649063474741e-10,1.227240531420648e-12,6,1.0000000000000007,6630466.788400766,240.04143050924037,0.3297986948549517,0.006779997446200907
2691988225907.569,2707010939.8506365,0.14886809243830482,0.0018081300618765276,3084.8438485486663,0.3293552155995265,0.006739137401070523,0.8098638376585754,-5.310611950193334e-10,-1.5599743719008075e-12,6,1.0000000000000007,6634389.589547993,240.05251398414197,0.3293552155995265,0.006739137401070523
2694695464402.62,2707238495.0513506,0.148868058987514,0.0018089462313165146,3085.1922521584424,0.32891136099946183,0.006698463700942336,0.8091403802534813,-5.473750341877803e-10,3.284039706841213e-13,6,1.0000000000000007,6638320.579544049,240.06383264778938,0.32891136099946183,0.006698463700942336
2697404140582.626,2708676180.0059676,0.14886798588442526,0.001809760144342169,3085.539987253613,0.3284669325432515,0.006657959424030573,0.8092277226090516,-5.650820922298294e-10,-1.021405182655144e-13,6,1.0000000000000007,6642261.010804735,240.07532250906817,0.3284669325432515,0.006657959424030573
2700114108951.7583,2709968369.1324353,0.14886786336136854,0.0018105739895176152,3085.888088807068,0.32802195386335964,0.00661762685105794,0.8091776637630943,-5.830406157869561e-10,-6.159517340620368e-13,6,1.0000000000000007,6646211.1643825155,240.0870426871702,0.32802195386335964,0.00661762685105794
2702825453989.694,2711345037.935836,0.1488676884572322,0.0018113883305142398,3086.236827903844,0.3275764108680996,0.006577464575820058,0.8091710590463208,-6.016612763559692e-10,-7.821521208484228e-13,6,1.0000000000000007,6650171.300411922,240.09900975927223,0.3275764108680996,0.006577464575820058
2705538187466.821,2712733477.1271744,0.14886745676991514,0.0018122043518356687,3086.5867546129107,0.32713030138160776,0.006537471987005575,0.8093762432492824,-4.440892098500626e-16,-5.218188103839339e-10,6,1.0000000000000007,6654141.723001977,240.1112589743001,0.32713030138160776,0.006537471987005575
2708251966045.007,2713778578.185996,0.14886715972872996,0.001813024148564408,3086.9388491641685,0.32668368161524497,0.006497652826208949,0.8096197207096978,2.220446049250313e-16,-5.376095124631775e-10,6,1.0000000000000007,6658122.48758477,240.12385926393117,0.32668368161524497,0.006497652826208949
2710966381880.792,2714415835.784623,0.14886680029525787,0.001813845727539495,3087.2922314220264,0.32623661855479846,0.0064580122509059635,0.8095723347256722,2.220446049250313e-16,-5.548819181910858e-10,6,1.0000000000000007,6662112.666805163,240.13676180802602,0.32623661855479846,0.0064580122509059635
2713681514581.5645,2715132700.772698,0.14886639350541792,0.0018146646963229946,3087.644876578904,0.325789099032406,0.006418549085872109,0.8084622965531807,0,-5.73149749882873e-10,6,1.0000000000000007,6666111.477708176,240.1498449610475,0.325789099032406,0.006418549085872109
2716399228160.6045,2717713579.040174,0.1488659506320047,0.0018154805816064938,3087.996467839177,0.32534081558694106,0.00637923836397808,0.8090025138685064,0,-5.917201173488706e-10,6,1.0000000000000007,6670121.289287193,240.16306578733617,0.32534081558694106,0.00637923836397808
2719118616670.4736,2719388509.868699,0.1488643028089204,0.001816494133052791,3088.444464719747,0.32489191485207763,0.006340058323864711,0.8571771042964471,1.3322676295501878e-15,-6.31852015153811e-10,6,1.0000000000000007,6674184.223814606,240.18214229824454,0.32489191485207763,0.006340058323864711
2721762111629.1675,2643494958.69373,0.14886151612392787,0.0018176385832159,3088.959717082885,0.32445520648059534,0.006302031122874502,0.8233245329947181,-6.661338147750939e-16,-5.542202252684092e-10,6,1.0000000000000007,6678183.90673842,240.20645491199645,0.32445520648059534,0.006302031122874502
2724384128415.2983,2622016786.130948,0.14885930525800006,0.0018186502211672533,3089.412372592732,0.324021712713575,0.006264419444662425,0.8090684039396834,-4.440892098500626e-16,-5.406369796290278e-10,6,1.0000000000000007,6682137.393502939,240.2279366169731,0.324021712713575,0.006264419444662425
2727007654318.4307,2623525903.131847,0.14885757253686752,0.0018195651668334854,3089.818845605103,0.32358763469932056,0.006226934314373771,0.8041862697982793,-1.4432899320127035e-15,-5.528105750940426e-10,6,1.0000000000000007,6686082.1178526925,240.24716246161395,0.32358763469932056,0.006226934314373771
2729640646314.9575,2632991996.5271816,0.1488562443500304,0.0018204062036223834,3090.189612830791,0.32315165444439903,0.006189493161144245,0.800709395454291,-1.1102230246251565e-16,-5.773899136585214e-10,6,1.0000000000000007,6690032.431138832,240.26450956531622,0.32315165444439903,0.006189493161144245
2732288869516.4976,2648223201.540272,0.14885527495764084,0.0018211880208580345,3090.531411682615,0.322712815123482,0.0061520385800394395,0.7979612759445587,0,-6.126462670508204e-10,6,1.0000000000000007,6693998.371377312,240.28019724866573,0.322712815123482,0.0061520385800394395
2734956994611.2,2668125094.7024183,0.14885461458971322,0.0018219249307011858,3090.8508517541663,0.322270339904844,0.006114523491728713,0.796135148362076,2.220446049250313e-16,-6.510690875316527e-10,6,1.0000000000000007,6697988.760792186,240.29448820347406,0.322270339904844,0.006114523491728713
2737648252389.617,2691257778.416291,0.14885422016255712,0.001822627845047731,3091.1530232496857,0.32182368967429265,0.006076917223558491,0.7949901548176541,1.3322676295501878e-15,-7.012330716094084e-10,6,1.0000000000000007,6702009.978689696,240.30759313614,0.32182368967429265,0.006076917223558491
2740364797569.265,2716545179.648037,0.14885404665426472,0.0018233070781033262,3091.4427773424395,0.32137250317851596,0.006039200618466688,0.7946429408933753,-6.661338147750939e-16,-7.55460916046502e-10,6,1.0000000000000007,6706067.021104295,240.31974175136847,0.32137250317851596,0.006039200618466688
2743107466752.99,2742669183.7251053,0.14885404552787407,0.0018239714800403286,3091.72437627035,0.32091663765926776,0.006001369470631833,0.7948082908493248,-7.771561172376096e-16,-8.17484635540211e-10,6,1.0000000000000007,6710162.941242258,240.33115877021618,0.32091663765926776,0.006001369470631833
2745876223118.0522,2768756365.061793,0.14885415890413992,0.001824630481833023,3092.0024212983335,0.32045609539475556,0.005963428338107777,0.7959891251685391,8.881784197001252e-16,-8.851469557313862e-10,6,1.0000000000000007,6714299.875138222,240.34211276154818,0.32045609539475556,0.005963428338107777
2748669240793.947,2793017675.8951488,0.14885431908381602,0.0018252947784955776,3092.282146894791,0.3199911763531537,0.0059254019846729225,0.7979928345891452,-7.771561172376096e-16,-9.543615897555924e-10,6,1.0000000000000007,6718477.922082996,240.35294856279086,0.3199911763531537,0.0059254019846729225
2750000000000,1330759206.0531244,0.14885436723893694,0.001825613477418555,3092.416617007074,0.31976956298654213,0.005907354423384522,0.18682532909597427,-1.3322676295501878e-15,-6.145779440913657e-10,5,1.0000000000000007,6720471.802976825,240.35825208978363,0.31976956298654213,0.005907354423384522
2752661518412.1064,2661518412.106249,0.14885445328826527,0.0018262634175819535,3092.690920658701,0.31932606965314037,0.005871443511175668,0.7161825216206452,-3.3306690738754696e-16,-7.613925046001668e-10,6,1.0000000000000007,6724464.71393863,240.36891495690045,0.31932606965314037,0.005871443511175668
2755491998639.4893,2830480227.3827434,0.1488544065649757,0.0018269782675860704,3092.9940028564065,0.31885408585453445,0.005833474178940418,0.802985577474935,-7.771561172376096e-16,-1.1008481903829193e-09,6,1.0000000000000007,6728722.596324206,240.38090104342734,0.31885408585453445,0.005833474178940418
2758334814713.5366,2842816074.047956,0.1488541196565036,0.0018277322442557847,3093.3160469309114,0.31837970316198294,0.00579554944895687,0.8104457471791449,2.220446049250313e-16,-1.1635578056612417e-09,6,1.0000000000000007,6733014.648804797,240.3940925488843,0.31837970316198294,0.00579554944895687
2761176848902.0996,2842034188.563432,0.14885348489767197,0.0018285354469263348,3093.6624289636793,0.3179051089368549,0.005757826427440598,0.8161366343850673,-7.771561172376096e-16,-1.1997596249813114e-09,6,1.0000000000000007,6737325.273934287,240.40896280453381,0.3179051089368549,0.005757826427440598
2764008178122.767,2831329220.6677947,0.1488523840046034,0.0018293999082587128,3094.0394468490963,0.3174319606051105,0.0057204135834430445,0.8222198949470183,-3.3306690738754696e-16,-1.217432710198807e-09,6,1.0000000000000007,6741644.04548622,240.42605509968095,0.3174319606051105,0.0057204135834430445
2766818388867.924,2810210745.156375,0.14885070172612205,0.0018303364760044116,3094.4528582234434,0.31696200016507015,0.005683421635178049,0.828838505606555,2.220446049250313e-16,-1.2123351211812405e-09,6,1.0000000000000007,6745959.589632979,240.4458921542028,0.31696200016507015,0.005683421635178049
2769596479691.5737,2778090823.650168,0.14884830161460155,0.0018313580299787117,3094.909491379062,0.31649707065900656,0.005646964668036356,0.8358599967728253,-9.992007221626409e-16,-1.182863806903356e-09,6,1.0000000000000007,6750260.136976617,240.4690647983178,0.31649707065900656,0.005646964668036356
2772331258329.9404,2734778638.367455,0.14884503975357835,0.001832479113827233,3095.4169441793674,0.31603904994862503,0.005611155516019582,0.8435742543388969,-7.771561172376096e-16,-1.131406413001912e-09,6,1.0000000000000007,6754533.959124904,240.4962175750915,0.31603904994862503,0.005611155516019582
2775011062323.5933,2679803993.6529775,0.14884127995908458,0.00183362859671167,3095.9413572552803,0.3155898988025413,0.005576123873029581,0.8274297202959247,-6.661338147750939e-16,-1.039292985005602e-09,6,1.0000000000000007,6758749.901024699,240.5255755145766,0.3155898988025413,0.005576123873029581
2777662491197.12,2651428873.526433,0.1488392409228211,0.001834454797093861,3096.3112512266775,0.31514517316847346,0.005541616759471754,0.7817131703058422,4.440892098500626e-16,-9.924963073615345e-10,6,1.0000000000000007,6762865.323456539,240.5465180832728,0.31514517316847346,0.005541616759471754
2780361465665.652,2698974468.531539,0.14883713231263318,0.0018352998151442799,3096.6896941838872,0.31469213488887127,0.005506672047412382,0.8068281459605586,-1.7763568394002505e-15,-1.1281579004318587e-09,6,1.0000000000000007,6767062.597753667,240.56802711796027,0.31469213488887127,0.005506672047412382
2783065740120.287,2704274454.635622,0.14883496346418035,0.0018361498982026687,3097.070782124708,0.31423786755941974,0.0054718384219401865,0.8079280200412597,-1.4432899320127035e-15,-1.1751156714367994e-09,6,1.0000000000000007,6771277.143290098,240.5898866270362,0.31423786755941974,0.0054718384219401865
2785773479991.7026,2707739871.4152184,0.1488327401321306,0.0018370018583595202,3097.453109525925,0.31378267866565857,0.005437138344567332,0.8078032981417849,-9.992007221626409e-16,-1.219569334409698e-09,6,1.0000000000000007,6775505.72127245,240.61202453470415,0.31378267866565857,0.005437138344567332
2788484899013.083,2711419021.380616,0.14883046141731393,0.0018378554598250396,3097.836585911222,0.3133265317810395,0.005402568362105716,0.8080143631961079,-6.661338147750939e-16,-1.2654459702332588e-09,6,1.0000000000000007,6779748.703356201,240.63444210690997,0.3133265317810395,0.005402568362105716
2791199647548.189,2714748535.1061983,0.14882813017658614,0.0018387112674641186,3098.22141912578,0.3128694851894352,0.005368132059373475,0.8082691999033997,-1.4432899320127035e-15,-1.3106513652161311e-09,6,1.0000000000000007,6784005.808492852,240.65716779107726,0.3128694851894352,0.005368132059373475
2793917301163.877,2717653615.6876016,0.14882574297109766,0.0018395684689054025,3098.6073022523788,0.3124116098936212,0.005333834052569211,0.8082699276545924,-2.1094237467877974e-15,-1.3600539583435989e-09,6,1.0000000000000007,6788276.343474198,240.68018800321045,0.3124116098936212,0.005333834052569211
2796637861744.131,2720560580.2540126,0.14882329749555556,0.001840427424209535,3098.9944106088515,0.3119529051416267,0.005299673649964309,0.8084943164954339,-1.4432899320127035e-15,-1.4092611522187326e-09,6,1.0000000000000007,6792560.481189997,240.70352016347275,0.3119529051416267,0.005299673649964309
2799360954437.296,2723092693.1654515,0.14882079085390262,0.001841287787151571,3099.382628255226,0.31149343372718385,0.005265654861318598,0.8085263047963309,-1.1102230246251565e-16,-1.4583803054080136e-09,6,1.0000000000000007,6796857.685608109,240.7271634976043,0.31149343372718385,0.005265654861318598
2802086527681.5957,2725573244.2998,0.1488182205234501,0.0018421495643799225,3099.771984025505,0.3110332039760515,0.00523177774498208,0.8086570169041352,-2.220446049250313e-15,-1.5083309046204363e-09,6,1.0000000000000007,6801167.963573324,240.75112468013234,0.3110332039760515,0.00523177774498208
2804814363244.9126,2727835563.3171673,0.14881558196066444,0.0018430135970587094,3100.1628787540926,0.31057225235383606,0.0051980441582733265,0.808860318168847,-1.1102230246251565e-16,-1.561077489498075e-09,6,1.0000000000000007,6805491.269839496,240.77543533796668,0.31057225235383606,0.0051980441582733265
2807544119887.9487,2729756643.03612,0.14881287527554363,0.0018438787513275399,3100.5548340701844,0.3101106362140624,0.005164457727305774,0.8088408837148009,2.220446049250313e-16,-1.6137883251943208e-09,6,1.0000000000000007,6809826.9279389335,240.80007100065401,0.3101106362140624,0.005164457727305774
2810275831781.1875,2731711893.239076,0.14881009525708092,0.0018447461236811105,3100.9483649843555,0.3096483494653382,0.005131017240451014,0.8090733649712689,-4.440892098500626e-16,-1.6692759396974566e-09,6,1.0000000000000007,6814175.31296546,240.82506825883746,0.3096483494653382,0.005131017240451014
2813009107547.1704,2733275765.9828534,0.1488072404829917,0.001845616341088081,3101.34374918067,0.30918545803663744,0.005097726499587467,0.8093999542824193,-1.1102230246251565e-16,-1.7258314777279793e-09,6,1.0000000000000007,6818536.06756344,240.85045326605513,0.30918545803663744,0.005097726499587467
2815743396277.482,2734288730.3112555,0.1488043114389155,0.0018464873434726654,3101.740115678294,0.30872205504971045,0.00506459140506255,0.8089524333732001,2.220446049250313e-16,-1.7816689235061745e-09,6,1.0000000000000007,6822908.007741259,240.87617724303377,0.30872205504971045,0.00506459140506255
2818479454841.7134,2736058564.2311635,0.1488013146998826,0.0018473579135013596,3102.13688500102,0.3082580120520283,0.005031602964520435,0.8089232095276344,-1.2212453270876722e-15,-1.8409623825377253e-09,6,1.0000000000000007,6827292.02378984,240.90220355376937,0.3082580120520283,0.005031602964520435
2821217333839.5605,2737878997.8472795,0.14879824527742894,0.0018482293253747717,3102.534644493733,0.30779332015608163,0.004998760320532419,0.8090087433298976,-3.3306690738754696e-16,-1.9051669131187055e-09,6,1.0000000000000007,6831688.515206303,240.92856945837715,0.30779332015608163,0.004998760320532419
2823956889648.703,2739555809.142674,0.1487951021801688,0.0018491018887601004,3102.9335344822507,0.30732800344050426,0.004966064759888457,0.8090633435431371,-6.661338147750939e-16,-1.9715072907544595e-09,6,1.0000000000000007,6836097.393372154,240.95528751200527,0.30732800344050426,0.004966064759888457
2826698030797.494,2741141148.7909822,0.14879187779659878,0.0018499771952076834,3103.334301749268,0.30686207715179603,0.004933516666517819,0.8096309472849228,-2.3314683517128287e-15,-2.0331819561292264e-09,6,1.0000000000000007,6840518.933781355,240.9824063761859,0.30686207715179603,0.004933516666517819
2829439796619.99,2741765822.496411,0.14878856559123907,0.00185085632716906,3103.7374675560814,0.3063957043588732,0.004901125806927454,0.8097243026083945,2.220446049250313e-16,-2.0952064527790526e-09,6,1.0000000000000007,6844952.046773285,241.00997165957423,0.3063957043588732,0.004901125806927454
2832182029165.142,2742232545.15225,0.14878517501835992,0.0018517381995169177,3104.1424773811227,0.30592891182533694,0.00486889289552109,0.8097798170902948,6.661338147750939e-16,-2.1609112277332088e-09,6,1.0000000000000007,6849396.352214361,241.0379620602999,0.30592891182533694,0.00486889289552109
2834924634497.866,2742605332.723761,0.1487817067466342,0.001852621736220099,3104.548872745737,0.30546171547375495,0.0048368183907391464,0.8098569215242435,6.661338147750939e-16,-2.2279537104097358e-09,6,1.0000000000000007,6853851.525351952,241.066351479779,0.30546171547375495,0.0048368183907391464
2837667482089.7163,2742847591.849979,0.1487781476097784,0.0018535103597884907,3104.958224124141,0.3049941373921527,0.0048049022284463545,0.8104975218747867,4.440892098500626e-16,-2.297916523730237e-09,6,1.0000000000000007,6858318.220481771,241.09524692750617,0.3049941373921527,0.0048049022284463545
2840409487707.2715,2742005617.5553126,0.14877449716170937,0.0018544034484829202,3105.3702742105856,0.3045263623809491,0.004773155265847848,0.8106772048099842,-7.771561172376096e-16,-2.3617460209734986e-09,6,1.0000000000000007,6862794.759036637,241.12464448631474,0.3045263623809491,0.004773155265847848
2843150347808.8696,2740860101.5979824,0.1487707497460058,0.001855300722516836,3105.7849635579514,0.3040584423345826,0.0047415794480363425,0.8109032390013482,4.440892098500626e-16,-2.4297527323469126e-09,6,1.0000000000000007,6867280.709457546,241.1545455698396,0.3040584423345826,0.0047415794480363425
2845889681007.2603,2739333198.3909807,0.14876688709710684,0.001856205281344264,3106.2037782776206,0.30359044243454375,0.0047101768864740556,0.8117874583657425,-6.661338147750939e-16,-2.495767259524939e-09,6,1.0000000000000007,6871776.29003817,241.1850504152931,0.30359044243454375,0.0047101768864740556
2848625996702.542,2736315695.282081,0.14876292715324185,0.0018571135271243432,3106.6250238982734,0.30312261766499726,0.0046789627872056636,0.8113884841787211,0,-2.554495392992351e-09,6,1.0000000000000007,6876278.514824226,241.21607267675418,0.30312261766499726,0.0046789627872056636
2850000000000,1374003297.4579482,0.14876088174924135,0.0018575705980597992,3106.83751480519,0.3028875982546768,0.004663338019452628,0.21063876032290096,-1.5543122344752192e-15,-1.869309373958572e-09,5,1.0000000000000007,6878544.13316771,241.23194367687486,0.3028875982546768,0.004663338019452628
