pulse_years,Teff_K,radius_cm,photon_luminosity_erg_s,nuclear_power_erg_s,logg,run
1043056.4364848862,6398.352704157825,12541010308.566597,1.878275771834841e+32,7.14766206135027e+31,4.926246584352607,33
1049456.4364848863,6398.460268407898,12502162432.214775,1.866782774853665e+32,7.108780747991305e+31,4.928941359817467,33
1055856.4364848863,6398.549450525138,12463706013.575157,1.855419499853385e+32,7.0701557189078605e+31,4.931617240875548,33
1062256.4364848863,6398.620330966517,12425637739.977045,1.8441843954733942e+32,7.031786840804289e+31,4.934274258146091,33
1068656.4364848863,6398.673394970149,12387957113.352352,1.8330772176555775e+32,6.99367393351977e+31,4.936912247666477,33
1075056.4364848863,6398.709450176215,12350662702.223698,1.8220978035474123e+32,6.955816770964631e+31,4.939531111507668,33
1081456.4364848863,6398.728812132781,12313751791.144165,1.8112450397911668e+32,6.918215073974384e+31,4.942130843518367,33
1087856.4364848863,6398.732610460175,12277221117.351036,1.8005185715148023e+32,6.880868504360965e+31,4.9447114785795305,33
1094256.4364848863,6398.72183041185,12241067863.063541,1.7899179956932306e+32,6.843776766488824e+31,4.947273022777335,33
1100656.4364848863,6398.696486950816,12205286021.420076,1.7794408863796254e+32,6.806939520053635e+31,4.949815711564216,33
1107056.4364848863,6398.667522880288,12169933655.896255,1.7691155533015603e+32,6.770356857994189e+31,4.952335212637465,33
1113456.4364848863,6398.620997509197,12134950992.472097,1.758908313172296e+32,6.7340282098565695e+31,4.954835580509789,33
1119856.4364848863,6398.559473862099,12100312712.330105,1.748814046488525e+32,6.697952891684479e+31,4.957318445867435,33
1126256.4364848863,6398.4829639544405,12066015547.257444,1.738831238082671e+32,6.662130234604717e+31,4.959783872865922,33
1132656.4364848863,6398.392158875078,12032056545.639824,1.728959210048009e+32,6.626559533275292e+31,4.962231905508397,33
1139056.4364848863,6398.288201636508,11998434608.141874,1.719198295614738e+32,6.591240079767092e+31,4.964662456155226,33
1145456.4364848863,6398.171803271893,11965145607.702724,1.7095474792178145e+32,6.556171139284582e+31,4.967075657916923,33
1151856.4364848863,6398.042691296592,11932185147.171679,1.7000046219842104e+32,6.521351921373031e+31,4.969471666969733,33
1158256.4364848863,6397.901126619878,11899549225.757408,1.690568284691665e+32,6.486781589662862e+31,4.971850614170197,33
1164656.4364848863,6397.747399217031,11867234037.012411,1.6812371229514307e+32,6.452459273312352e+31,4.974212619435612,33
1171056.4364848863,6397.581788289646,11835235691.456575,1.6720097655839295e+32,6.418384061374177e+31,4.976557811899754,33
1177456.4364848863,6397.4111059990255,11803568510.463676,1.662896773483512e+32,6.384555196256483e+31,4.978884983794265,34
1183856.4364848863,6397.2417877209655,11772241447.899157,1.6539066149971715e+32,6.350972028545899e+31,4.981193312277976,34
1190256.4364848863,6397.060439386815,11741203431.177498,1.645010377675836e+32,6.31763338897412e+31,4.98348640838361,34
1196656.4364848863,6396.86718583622,11710452231.9694,1.636207088231598e+32,6.284538117347511e+31,4.9857643002261405,34
1203056.4364848863,6396.662193722805,11679985269.374142,1.6274957235154374e+32,6.25168502435712e+31,4.988027043916623,34
1209456.4364848863,6396.445471049522,11649801620.437986,1.618875566565027e+32,6.219072984055136e+31,4.990274574003825,34
1215856.4364848863,6396.217838792602,11619899413.373808,1.6103464605380272e+32,6.18670084700873e+31,4.992506896740409,34
1222256.4364848863,6395.97953497287,11590276161.185122,1.6019074847067534e+32,6.154567412339164e+31,4.99472406599979,34
1228656.4364848863,6395.7309484048765,11560928826.63497,1.5935577214581329e+32,6.122671444332381e+31,4.9969261789848005,34
1235056.4364848863,6395.472449272591,11531854277.172424,1.5852962115949227e+32,6.091011679995703e+31,4.999113342482687,34
1241456.4364848863,6395.203813669023,11503048613.269205,1.5771212034220029e+32,6.059586853030067e+31,5.001285723666386,34
1247856.4364848863,6394.926093893714,11474509672.02085,1.5690326907600694e+32,6.028395697325203e+31,5.003443361292282,34
1254256.4364848863,6394.639717327357,11446234123.837387,1.5610297264407241e+32,5.997436931843667e+31,5.005586384378712,34
1260656.4364848863,6394.34426205555,11418217966.364412,1.5531103586929848e+32,5.966709238393228e+31,5.007714975719707,34
1267056.4364848863,6394.040221278526,11390457835.143068,1.5452737155155664e+32,5.936211288723741e+31,5.009829272553797,34
1273456.4364848863,6393.741430891577,11362986532.124975,1.5375415488851797e+32,5.905942111351799e+31,5.011926650149193,34
1279856.4364848863,6393.436510666335,11335763080.581326,1.5298912083721794e+32,5.875900341604836e+31,5.014010113010235,34
1286256.4364848863,6393.121791253645,11308773822.158882,1.5223150779042746e+32,5.846084519299975e+31,5.016080597666924,34
1292656.4364848863,6392.797334426917,11282017663.47096,1.5148125607335767e+32,5.816493185262169e+31,5.018138083349244,34
1299056.4364848863,6392.463695693941,11255492794.298143,1.5073833370693965e+32,5.787124879501276e+31,5.020182605463666,34
1305456.4364848863,6392.121429151641,11229198355.033924,1.5000273359969448e+32,5.757978137420777e+31,5.022214127267915,34
1311856.4364848863,6391.771362163324,11203133481.547918,1.4927447345479811e+32,5.729051494973196e+31,5.024232613068358,34
1318256.4364848863,6391.413787358226,11177295472.076365,1.4855347133934526e+32,5.700343474833482e+31,5.02623817068221,34
1324656.4364848863,6391.048400325679,11151681549.954445,1.4783958848843635e+32,5.671852579493216e+31,5.0282309157875025,34
1331056.4364848863,6390.675218276382,11126289454.049576,1.4713273085473056e+32,5.643577302865329e+31,5.030210925889651,34
1337456.4364848863,6390.294849011318,11101116549.53579,1.4643284941270026e+32,5.6155161680341295e+31,5.032178309433375,34
1343856.4364848863,6389.907286022241,11076160264.562431,1.4573984057627834e+32,5.587667743238365e+31,5.03413317188444,34
1350256.4364848863,6389.5127663049025,11051417798.861208,1.4505361774350493e+32,5.560030536624334e+31,5.036075638569287,34
1356656.4364848863,6389.1114626448525,11026886395.324074,1.4437409014768747e+32,5.532603032889059e+31,5.038005833475581,34
1363056.4364848863,6388.703386352697,11002563270.360123,1.4370115240613074e+32,5.505383725598178e+31,5.039923884703794,34
1369456.4364848863,6388.288810443914,10978445493.952427,1.4303471963251896e+32,5.478371120165206e+31,5.041829933971167,34
1375856.4364848863,6387.867925248523,10954531301.672808,1.42374730341264e+32,5.451563718644012e+31,5.0437240326990525,34
1382256.4364848863,6387.44104466071,10930818488.99841,1.4172112291441957e+32,5.424960028107852e+31,5.045606268591721,34
1388656.4364848863,6387.00972964468,10907308087.049358,1.4107402984009727e+32,5.398558591543815e+31,5.047476473298692,34
1395056.4364848863,6386.58370440849,10884018842.437738,1.404347562234887e+32,5.3723581637773035e+31,5.049333064098536,34
1401456.4364848863,6386.151050474231,10860915387.649233,1.3980129930799823e+32,5.346357188191279e+31,5.051178773374437,34
1407856.4364848863,6385.711415489212,10837994723.325972,1.3917352356850454e+32,5.320554117657356e+31,5.053013763553855,34
1414256.4364848863,6385.265168584043,10815255875.83928,1.3855140940535409e+32,5.294947415954128e+31,5.054838036463497,34
1420656.4364848863,6384.812613911912,10792697922.900368,1.3793493270783807e+32,5.2695355546886635e+31,5.056651590515808,34
1427056.4364848863,6384.354081285258,10770319625.346882,1.3732406338019052e+32,5.244317012019847e+31,5.0584544503631035,34
1433456.4364848863,6383.889664169395,10748119504.01488,1.3671874490795617e+32,5.219290267044891e+31,5.060246660951382,34
1439856.4364848863,6383.419182595669,10726095705.63256,1.3611888830702427e+32,5.194453794934885e+31,5.0620282985792375,34
1446256.4364848863,6382.942852119256,10704246573.764606,1.3552444400497928e+32,5.16980607505293e+31,5.063799424876472,34
1452656.4364848863,6382.461410304831,10682570721.230938,1.3493541357971004e+32,5.145345597983569e+31,5.065560080749549,34
1459056.4364848863,6381.974779085295,10661066164.514982,1.3435171428945347e+32,5.121070853483406e+31,5.067310356680073,34
1465456.4364848863,6381.483529300297,10639731588.310549,1.337733353199495e+32,5.096980344925051e+31,5.069050289977435,34
1468256.4364848863,6381.265700436998,10630417032.393826,1.335209817867394e+32,5.086511025045733e+31,5.069811029465765,34
1471056.4364848863,6381.046680956852,10621133677.089819,1.3326958256116257e+32,5.076076397070919e+31,5.070569884251213,34
1477456.4364848863,6380.54555578113,10600108814.208645,1.3270078830356735e+32,5.052327128084649e+31,5.072290987042136,35
1483856.4364848863,6380.040021831167,10579248922.206749,1.321371345223402e+32,5.02875775090603e+31,5.074001962234422,35
1490256.4364848863,6379.529967191346,10558551489.033354,1.3157852456136783e+32,5.0053668423974435e+31,5.075702949795021,35
1496656.4364848863,6379.015543713502,10538014118.041153,1.3102488716437475e+32,4.982152965102022e+31,5.0773940818737495,35
1503056.4364848863,6378.496707132498,10517634621.200043,1.3047614066961361e+32,4.959114646420666e+31,5.079075475004014,35
1509456.4364848863,6377.973598939969,10497410961.325321,1.2993222296446194e+32,4.936250433912226e+31,5.080747234708616,35
1515856.4364848863,6377.446298334487,10477341135.298504,1.2939306811215969e+32,4.913558886900529e+31,5.08240946505416,35
1522256.4364848863,6376.9147384929665,10457423310.686798,1.2885860304181044e+32,4.891038571845911e+31,5.084062257270241,35
1528656.4364848863,6376.378694978691,10437655301.227793,1.2832873390457247e+32,4.868688055926751e+31,5.085705733257488,35
1535056.4364848863,6375.838408601888,10418035705.001606,1.2780342428291254e+32,4.846505916434812e+31,5.087339950966062,35
1541456.4364848863,6375.294184945554,10398563059.541676,1.272826415553804e+32,4.824490742361321e+31,5.08896497434931,35
1547856.4364848863,6374.7464131750685,10379236163.735722,1.2676636617214868e+32,4.802641136009652e+31,5.090580846469625,35
1554256.4364848863,6374.2016068131625,10360066862.476141,1.262553816665552e+32,4.780955828354361e+31,5.092186517425732,36
1560656.4364848863,6373.656202905941,10341042679.705038,1.2574907436056927e+32,4.759433467530262e+31,5.093782972902535,36
1567056.4364848863,6373.106423612204,10322153173.247585,1.2524687032166888e+32,4.738072643095681e+31,5.095371035226283,36
1573456.4364848863,6372.552230498031,10303397045.072998,1.2474871683046123e+32,4.716871959797046e+31,5.096950762337019,36
1579856.4364848863,6371.993739734779,10284773572.677391,1.2425458753654139e+32,4.69583003569881e+31,5.0985221644108565,36
1586256.4364848863,6371.431065492149,10266282119.98187,1.237644581111645e+32,4.674945494468445e+31,5.100085244800571,36
1592656.4364848863,6370.864114980622,10247921954.813522,1.2327828597384098e+32,4.654216965766473e+31,5.101640015440351,36
1599056.4364848863,6370.2925869905375,10229692393.794268,1.2279601399034536e+32,4.633643088484903e+31,5.103186484616844,36
1605456.4364848863,6369.7173719540815,10211592152.78226,1.223176627423048e+32,4.613222518070892e+31,5.10472471218355,36
1611856.4364848863,6369.13854497778,10193619914.47349,1.2184318893101467e+32,4.592953917170373e+31,5.106254761646899,36
1618256.4364848863,6368.556034372415,10175774015.866554,1.2137253008859304e+32,4.572835953782009e+31,5.107776726865717,36
1624656.4364848863,6367.970386229836,10158053392.089903,1.2090568540771428e+32,4.55286730716243e+31,5.109290651601284,36
1631056.4364848863,6367.38148002757,10140456899.968857,1.2044260146020142e+32,4.533046664251014e+31,5.110796587009032,36
1637456.4364848863,6366.789669260325,10122983080.878006,1.1998325352494533e+32,4.513372723893533e+31,5.11229461204272,36
1643856.4364848863,6366.195294984383,10105630939.858473,1.195276268952924e+32,4.4938442008571765e+31,5.113784766718594,36
1650256.4364848863,6365.5978551603075,10088398442.162228,1.1907561914169474e+32,4.474459815153047e+31,5.11526718121526,36
1656656.4364848863,6364.997403981786,10071284378.434637,1.1862718978793576e+32,4.455218290471949e+31,5.116741915771644,36
1663056.4364848863,6364.393932028186,10054287495.26576,1.1818229285551209e+32,4.436118358545165e+31,5.118209035189886,36
1669456.4364848863,6363.787574736749,10037406474.423592,1.1774089189957146e+32,4.417158778875158e+31,5.119668610661592,36
1675856.4364848863,6363.178420407437,10020640059.959782,1.1730294864527057e+32,4.398338347379519e+31,5.121120708794155,36
1682256.4364848863,6362.566438504403,10003986976.543093,1.1686841585920276e+32,4.379655835822305e+31,5.122565398653033,37
1688656.4364848863,6361.951605820085,9987446049.319424,1.1643724954062489e+32,4.36111003422694e+31,5.124002741348535,37
1695056.4364848863,6361.333989777248,9971016108.589153,1.1600941274275621e+32,4.342699731710684e+31,5.1254327982642485,37
1701456.4364848863,6360.713876081041,9954695822.456724,1.1558488084282701e+32,4.324423731622933e+31,5.126855645652564,37
1707856.4364848863,6360.091184104358,9938483955.868523,1.1516360495753244e+32,4.306280844242904e+31,5.128271352108291,37
1714256.4364848863,6359.46593437894,9922379354.242867,1.147455457532069e+32,4.288269894524289e+31,5.129679979929343,37
1720656.4364848863,6358.837952576345,9906380493.096731,1.1433064160908428e+32,4.270389713173864e+31,5.131081624545302,37
1727056.4364848863,6358.207379259916,9890486525.482018,1.1391886960712007e+32,4.252639144034736e+31,5.132476322788661,37
1733456.4364848863,6357.574392603807,9874696614.703209,1.1351020983226353e+32,4.235017041223062e+31,5.133864111109398,37
1739856.4364848863,6356.938943182764,9859009596.44908,1.131046186972215e+32,4.21752226656451e+31,5.135245055332939,37
1746256.4364848863,6356.301207061586,9843424288.314495,1.1270206852074857e+32,4.200153692339723e+31,5.136619223574891,37
1752656.4364848863,6355.66137185468,9827940151.23266,1.1230254724781671e+32,4.1829102033656585e+31,5.137986627793585,37
1759056.4364848863,6355.019275643836,9812555454.265486,1.1190599099933177e+32,4.165790690267108e+31,5.139347385790603,37
1765456.4364848863,6354.374857041306,9797269126.645248,1.1151235851393889e+32,4.14879404972794e+31,5.140701557838669,37
1771856.4364848863,6353.7282482741775,9782080154.366068,1.1112162367685188e+32,4.131919188807485e+31,5.142049199800663,37
1778256.4364848863,6353.079453858643,9766987507.782375,1.107337512298307e+32,4.11516502370581e+31,5.1433903695268475,37
1784656.4364848863,6352.428442681657,9751990194.146544,1.103487045121981e+32,4.098530479079748e+31,5.144725122183792,37
1791056.4364848863,6351.7754168212905,9737087198.888512,1.0996646278187636e+32,4.082014491884477e+31,5.146053515464892,37
1797456.4364848863,6351.12501046664,9722286087.082949,1.0958750466037913e+32,4.0656160748104495e+31,5.147374841147553,37
1803856.4364848863,6350.475573611903,9707581450.534622,1.0921157906812423e+32,4.049334215418156e+31,5.14868954773898,37
1810256.4364848863,6349.823663195416,9692965285.4884,1.088382562580991e+32,4.0331678608106755e+31,5.14999831931403,37
1816656.4364848863,6349.1690321192555,9678436606.746675,1.0846748677809858e+32,4.0171159680556415e+31,5.151301214421999,37
1823056.4364848863,6348.511977787568,9663994907.657387,1.0809926940490032e+32,4.0011775077324164e+31,5.15259824915821,37
1829456.4364848863,6347.852430663002,9649639828.091438,1.0773358114008778e+32,3.9853514604548955e+31,5.153889426728067,37
1835856.4364848863,6347.190406668498,9635370942.068918,1.073704034682755e+32,3.9696368127303637e+31,5.155174756493689,37
1842256.4364848863,6346.525751777115,9621187339.05898,1.0700969573527186e+32,3.9540325563493234e+31,5.156454291817654,37
1848656.4364848863,6345.859044288521,9607088869.053858,1.0665148373526208e+32,3.938537701866007e+31,5.157728017815234,37
1855056.4364848863,6345.190481364588,9593074817.496988,1.0629575477616967e+32,3.9231512703231457e+31,5.158995970826555,37
1858256.4364848863,6344.854288540773,9586083192.066086,1.0611837704633753e+32,3.915501295067538e+31,5.159629246693445,37
1861456.4364848863,6344.517473560607,9579112111.533215,1.0594159429149873e+32,3.9078780229298316e+31,5.160261121692659,37
1866256.4364848863,6344.01213547291,9568706056.366316,1.0567786923696137e+32,3.896490798272865e+31,5.161205206860516,37
1871056.4364848863,6343.505728521109,9558346562.682158,1.0541550463464844e+32,3.8851630152453967e+31,5.162146088128922,37
1877456.4364848863,6342.830203140733,9544621789.761011,1.0506822384883794e+32,3.870148404995862e+31,5.163394186133516,37
1883856.4364848863,6342.153308834775,9530979006.79305,1.0472336065720122e+32,3.8552378995208316e+31,5.1646366081016,37
1890256.4364848863,6341.47480283306,9517416777.814497,1.04380857718178e+32,3.8404305847990207e+31,5.165873458127096,37
1896656.4364848863,6340.7946613053255,9503934207.728666,1.040406843847391e+32,3.8257255703595273e+31,5.167104791648088,37
1903056.4364848863,6340.112964686225,9490530425.98179,1.0370281757705661e+32,3.8111219534367864e+31,5.168330662348382,37
1909456.4364848863,6339.429591054593,9477204663.921772,1.0336722335796695e+32,3.7966188380491967e+31,5.169551115049676,37
1915856.4364848863,6338.744610435647,9463956187.863855,1.030338812973187e+32,3.7822153366720585e+31,5.170766191787352,37
1922256.4364848863,6338.057902106654,9450784262.948471,1.0270275867765596e+32,3.767910569413325e+31,5.171975935108206,37
1928656.4364848863,6337.369638247905,9437688131.074646,1.023738414581951e+32,3.7537036657713924e+31,5.173180390100608,37
1935056.4364848863,6336.679902464193,9424667065.040865,1.0204711058349017e+32,3.7395937645911363e+31,5.174379599418098,37
1941456.4364848863,6335.988633937783,9411720375.10481,1.0172253862131473e+32,3.7255800105215646e+31,5.17557360265283,37
1947856.4364848863,6335.295957675189,9398847293.75691,1.014001085539929e+32,3.7116615560475627e+31,5.176762446959007,37
1954256.4364848863,6334.601859302201,9386047123.574003,1.0107979603767407e+32,3.6978375622756736e+31,5.177946173418095,37
1960656.4364848863,6333.906258337249,9373319211.375195,1.0076157363118107e+32,3.6841071983740253e+31,5.1791248193880275,37
1967056.4364848863,6333.209187563237,9360662840.661116,1.0044541992080451e+32,3.6704696414327617e+31,5.180298428454806,37
1973456.4364848863,6332.5106489655245,9348077365.978527,1.0013131318854666e+32,3.6569240757025496e+31,5.181467037986158,37
1979856.4364848863,6331.8106337286445,9335562046.510204,9.981922912935985e+31,3.6434696920491514e+31,5.182630694568755,37
1986256.4364848863,6331.1090381067315,9323116178.462158,9.950913841518087e+31,3.6301056886922458e+31,5.1837894417323485,37
1992656.4364848863,6330.40613408204,9310739454.802505,9.920104394325207e+31,3.616831274539406e+31,5.184943286365616,37
1999056.4364848863,6329.701933304613,9298431222.860577,9.889492486574536e+31,3.6036456662620625e+31,5.186092267819205,37
2005456.4364848863,6328.996389013458,9286190825.490175,9.859075672447222e+31,3.5905480877564325e+31,5.1872364262076,37
2011856.4364848863,6328.289753680872,9274017607.794075,9.828853386621652e+31,3.57753777045457e+31,5.188375801780779,37
2018256.4364848863,6327.582212776018,9261911160.425018,9.798825162914379e+31,3.564613955096169e+31,5.189510412104591,37
2024656.4364848863,6326.873418694491,9249870508.935015,9.7689860451878e+31,3.5517758870323316e+31,5.19064032803196,37
2031056.4364848863,6326.163324897128,9237895102.102406,9.739333866702887e+31,3.539022818628043e+31,5.191765581119381,37
2037456.4364848863,6325.452188117071,9225984263.48969,9.709868073932982e+31,3.5263540104893355e+31,5.192886215001234,37
2043856.4364848863,6324.73992771911,9214137404.257738,9.680586226614555e+31,3.5137687299290237e+31,5.1940022654032605,37
2050256.4364848863,6324.026602485767,9202353887.290442,9.651486651815165e+31,3.5012662500344683e+31,5.195113772913274,37
2056656.4364848863,6323.312112676401,9190633156.82724,9.622566890220262e+31,3.488845850890361e+31,5.196220770757798,37
2063056.4364848863,6322.59650051308,9178974654.659796,9.593825357128401e+31,3.4765068196463524e+31,5.197323292682132,37
2069456.4364848863,6321.879788705335,9167377847.931437,9.565260410694697e+31,3.4642484502908705e+31,5.198421370316886,37
2075856.4364848863,6321.161964545711,9155842242.45844,9.536870284891553e+31,3.4520700442697145e+31,5.199515031898094,37
2084478.079553527,6320.195320460539,9140419541.09433,9.498955669705201e+31,3.4357873677218687e+31,5.200979373797907,38
2093099.7226221676,6319.226983118745,9125105697.915648,9.461352626836717e+31,3.4196469692811733e+31,5.202435826664278,38
2103142.4333820725,6318.098194656744,9107418410.978119,9.417977847961263e+31,3.401022113070548e+31,5.204121055430318,38
2113185.1441419777,6316.966739905236,9089874455.792812,9.375009828998278e+31,3.3825855674646286e+31,5.205795863951382,38
2124072.5515178326,6315.738941693357,9071023297.000452,9.328908784012733e+31,3.362807373291169e+31,5.207599069341957,38
2134959.9588936875,6314.508198110356,9052334227.256752,9.28326797706799e+31,3.343244378649094e+31,5.209390473109783,38
2146352.88453201,6313.218070330293,9032954426.717276,9.236010173200555e+31,3.322999651229944e+31,5.211251995768831,38
2157745.8101703324,6311.924989788497,9013747019.431726,9.189241115224528e+31,3.3029836478468376e+31,5.213100904096019,38
2169462.19853705,6310.592497613393,8994174870.168016,9.141654469957349e+31,3.2826340415509144e+31,5.2149889797603395,38
2181178.5869037667,6309.257452298825,8974779673.427317,9.094570406107229e+31,3.2625190012224336e+31,5.216864042701954,38
2193125.319680111,6307.893202753649,8955184620.106773,9.04707134603765e+31,3.2422461295626293e+31,5.218762546631666,38
2205072.0524564553,6306.525727607145,8935767498.146193,9.00007250754399e+31,3.222209653544554e+31,5.2206479135315655,38
2217203.0661014994,6305.138525162043,8916236812.272543,8.952891477155234e+31,3.20210216978803e+31,5.222548444662818,38
2229334.0797465434,6303.752216633946,8896887699.230036,8.906239170944463e+31,3.182230946623063e+31,5.224435416557865,38
2241627.5601201192,6302.34378278731,8877456083.280455,8.859455354040324e+31,3.162330688708207e+31,5.226334568964653,38
2253921.0404936955,6300.93158846468,8858198424.883736,8.813156184748011e+31,3.1426653602102177e+31,5.228220825388754,38
2266367.2214252655,6299.498476327646,8838878391.470587,8.766774163717176e+31,3.1229911805968515e+31,5.230117316503521,39
2278813.4023568355,6298.062115482289,8819732437.523436,8.720877368049831e+31,3.1035501227637663e+31,5.232000813566517,39
2291408.6340473173,6296.605257561537,8800533893.238045,8.674920651273986e+31,3.0841096887434485e+31,5.233893594296767,39
2304003.8657377986,6295.145166558546,8781509147.774681,8.629445981427477e+31,3.0649003364614275e+31,5.235773317871489,39
2316747.5724956426,6293.664868892761,8762435750.213984,8.583921702993619e+31,3.0456958644163763e+31,5.237661940897494,39
2329491.2792534865,6292.181588991146,8743535538.273434,8.538876855214065e+31,3.02672032623284e+31,5.239537474863953,39
2342291.2792534865,6290.688901324464,8724724185.009586,8.494109325228035e+31,3.007887657588352e+31,5.241408221053241,39
2355091.2792534865,6289.193478120248,8706082415.187931,8.449810518419394e+31,2.9892784873991435e+31,5.243266085933237,39
2367891.2792534865,6287.695737161312,8687607843.788784,8.405974920349013e+31,2.970889184288189e+31,5.245111216509189,39
2380691.2792534865,6286.195955785837,8669297688.89461,8.362595540220183e+31,2.9527161924298614e+31,5.246943801740047,39
2393491.2792534865,6284.6935582269625,8651149297.814747,8.319661179168732e+31,2.9347560178545267e+31,5.2487640201193715,39
2406291.2792534865,6283.188650836539,8633160451.528257,8.277165209475306e+31,2.9170052347704303e+31,5.250572008893492,39
2419091.2792534865,6281.673631054163,8615333569.521124,8.235069509222504e+31,2.8994604266978284e+31,5.252367439667327,39
2431891.2792534865,6280.153994951347,8597666211.486906,8.193395784916553e+31,2.882118290993435e+31,5.254150473164359,39
2444691.2792534865,6278.6330838226995,8580154310.266959,8.152150977116154e+31,2.8649756132827473e+31,5.25592143699356,39
2457491.2792534865,6277.111160145179,8562794494.847688,8.111327211464986e+31,2.8480292361548434e+31,5.257680591665545,39
2470291.2792534865,6275.587404820531,8545584409.736405,8.070913040820349e+31,2.8312760555679574e+31,5.259428097390015,39
2483091.2792534865,6274.062001028215,8528521664.984237,8.030902239235775e+31,2.814713029786949e+31,5.261164119955732,39
2495891.2792534865,6272.535026555216,8511603892.888227,7.991288141293687e+31,2.7983371662914272e+31,5.262888824966032,39
2508691.2792534865,6271.0063045888655,8494828996.843273,7.952063362560532e+31,2.7821455324072526e+31,5.2646023523581205,39
2521491.2792534865,6269.475935713564,8478194730.836808,7.913221722275808e+31,2.766135257522017e+31,5.266304859198603,39
2534291.2792534865,6267.943862088066,8461699438.878197,7.87475739992121e+31,2.7503035254098002e+31,5.267996443919847,39
2547091.2792534865,6266.41053098103,8445341252.490401,7.836666766759275e+31,2.734647577020564e+31,5.269677228257848,39
2559891.2792534865,6264.876376034726,8429117899.404175,7.798945395983041e+31,2.7191647080013956e+31,5.271347377168867,39
2572691.2792534865,6263.34028190191,8413027878.165845,7.76158263207669e+31,2.703852255751675e+31,5.273006977947931,39
2585491.2792534865,6261.8029375082515,8397069399.774203,7.724576343256288e+31,2.688707611927109e+31,5.274656148936665,39
2598291.2792534865,6260.264596840327,8381240621.534181,7.687922155264603e+31,2.6737282182276764e+31,5.27629501556283,39
2611091.2792534865,6258.725608616726,8365539831.202902,7.651616428470102e+31,2.6589115674265503e+31,5.277923691264288,39
2617491.2792534865,6257.952605228791,8357713819.45653,7.633534482066676e+31,2.6515626181091217e+31,5.2787366416711565,39
2623891.2792534865,6257.179037743237,8349918746.97191,7.615535136536988e+31,2.6442534237744687e+31,5.279547135246062,39
2633491.2792534865,6256.02039915577,8338301420.381333,7.588735324144963e+31,2.633364178398379e+31,5.280756453339224,39
2643091.2792534865,6254.861320626151,8326753944.946882,7.562124173141387e+31,2.622562697849829e+31,5.281960171071636,39
2648506.1598735913,6254.205703164636,8320258852.42462,7.547166330163938e+31,2.6165079393211025e+31,5.2826379582564815,39
2653921.0404936955,6253.549758963693,8313785443.8583355,7.5322662794249045e+31,2.61048061033288e+31,5.283314009302467,39
2662043.361423852,6252.5671180669515,8304127832.091825,7.510054731631154e+31,2.6014911794773095e+31,5.284323582021041,40
2670165.682354009,6251.584319430656,8294518965.433708,7.487974941680196e+31,2.5925624899060142e+31,5.285329225019298,40
2681251.7333144792,6250.24465309992,8281499364.52209,7.458089922903852e+31,2.5804736710352e+31,5.286693688277657,40
2692337.78427495,6248.904812685632,8268568650.234856,7.428444974722448e+31,2.5684955225717294e+31,5.2880509610090325,40
2705137.78427495,6247.359187331678,8253758783.887319,7.39453808377202e+31,2.554801913875438e+31,5.289608089078468,40
2717937.78427495,6245.812942422885,8239063710.372112,7.360938954625776e+31,2.5412518208563533e+31,5.291155911721894,40
2730737.78427495,6244.266059062493,8224481588.513575,7.327642347520071e+31,2.5278431375496247e+31,5.292694568578289,40
2743537.78427495,6242.718458743613,8210010808.792734,7.294643206665648e+31,2.51457379271275e+31,5.29422417624826,40
2756337.78427495,6241.1703553847765,8195649779.281973,7.261937918956236e+31,2.5014417527293668e+31,5.29574485075705,40
2769137.78427495,6239.621569162882,8181397119.002245,7.229521445792408e+31,2.4884450218155126e+31,5.297256687002763,40
2781937.78427495,6238.072057891439,8167251431.937438,7.197389410240885e+31,2.4755816351754253e+31,5.298759782588661,40
2794737.78427495,6236.521940469547,8153211324.246537,7.165538221383032e+31,2.4628496651186126e+31,5.300254235997438,40
2807537.78427495,6234.971278400678,8139275779.848118,7.133964716804658e+31,2.450247219240075e+31,5.3017401065024865,40
2820337.78427495,6233.420065281199,8125443530.71968,7.102665010087961e+31,2.4377724388149044e+31,5.303217481132163,40
2833137.78427495,6231.868333093801,8111713318.525152,7.071635441498845e+31,2.425423498627109e+31,5.304686446879817,40
2845937.78427495,6230.316166663412,8098083926.041866,7.040872693771076e+31,2.4131986065640705e+31,5.3061470873191166,40
2858737.78427495,6228.7638254203375,8084554209.450667,7.010374390104263e+31,2.401096003785445e+31,5.307599479092859,40
2871537.78427495,6227.211457109799,8071122902.097815,6.980137453206577e+31,2.3891139655808433e+31,5.309043712961045,40
2884337.78427495,6225.658881911044,8057788555.133604,6.950157051873593e+31,2.37725079400255e+31,5.310479900304765,40
2897137.78427495,6224.105884768128,8044550105.3261,6.9204289115189685e+31,2.365504815257715e+31,5.311908111974378,40
2909937.78427495,6222.5526083768655,8031406436.712511,6.890950296477375e+31,2.3538743886670405e+31,5.313328425349283,40
2922737.78427495,6220.999164356421,8018356453.087434,6.861718387467488e+31,2.3423579039126004e+31,5.314740916528174,40
2935537.78427495,6219.445562963807,8005399062.13543,6.832729947807522e+31,2.3309537790215995e+31,5.316145662029071,40
2948337.78427495,6217.892007771751,7992533105.868364,6.803982503364949e+31,2.319660459986394e+31,5.317542746341511,40
2961137.78427495,6216.338350225606,7979757565.325524,6.775472296629555e+31,2.3084764197649227e+31,5.318932239698107,40
2973937.78427495,6214.784620787042,7967071417.836379,6.747196378559177e+31,2.297400157763695e+31,5.320314213511013,40
2980337.78427495,6214.005199178176,7960745872.078397,6.733107841368352e+31,2.291900552978922e+31,5.321004113379185,40
2986737.78427495,6213.225558799425,7954442109.098451,6.719075667757346e+31,2.286427348262027e+31,5.321692183070557,40
2996337.78427495,6212.057872182717,7945039120.985053,6.698162086410271e+31,2.2782677056824594e+31,5.322719554031421,40
3005937.78427495,6210.890269983438,7935685288.047821,6.677377035426298e+31,2.2701664381672043e+31,5.323742761385048,40
3009137.78427495,6210.499885491794,7932570627.971247,6.67045913927288e+31,2.267478171079061e+31,5.324083738921279,40
3012337.78427495,6210.109427680257,7929461259.415365,6.663554829078683e+31,2.2647963063417934e+31,5.324424270735338,40
3017137.78427495,6209.524083717844,7924810008.808291,6.653230691813523e+31,2.260785726713748e+31,5.32493391573797,40
3021937.78427495,6208.938701131939,7920170824.591413,6.642937813127676e+31,2.2567894215530724e+31,5.325442536653243,40
3029137.78427495,6208.061709562111,7913241000.233642,6.627572491530553e+31,2.2508221726327185e+31,5.326202849011591,40
3036337.78427495,6207.184881993264,7906338236.233505,6.612278002103377e+31,2.244886633537475e+31,5.326960854635025,40
3045129.412384323,6206.115240462236,7897951037.375146,6.593709621021446e+31,2.2376821322689934e+31,5.327882759938503,40
3053921.0404936955,6205.045881557071,7889603510.435187,6.575245095130061e+31,2.230524120301677e+31,5.3288012771703945,40
3066356.1818909463,6203.536527435235,7877879736.584512,6.549341992184732e+31,2.220479782675414e+31,5.330092940817399,41
3078791.323288197,6202.027709022832,7866233461.0013895,6.523641289421961e+31,2.21052639958716e+31,5.33137797074053,41
3091591.323288197,6200.478253635915,7854329438.970952,6.497414626440836e+31,2.200374937836471e+31,5.332693407624384,41
3104391.323288197,6198.928814210658,7842504356.952083,6.471392398812754e+31,2.1903173730300965e+31,5.334002096728732,41
3117191.323288197,6197.379225929322,7830757211.735754,6.445571153144694e+31,2.1803524605736824e+31,5.335304115782906,41
3129991.323288197,6195.82955522505,7819087272.046408,6.4199488747540665e+31,2.170478978242105e+31,5.336599513026213,41
3142791.323288197,6194.279887885426,7807493851.503769,6.394523717012193e+31,2.1606957239441144e+31,5.337888332238049,41
3155591.323288197,6192.730249305791,7795976277.64191,6.369293620147358e+31,2.151001516778816e+31,5.339170616150582,41
3168391.323288197,6191.180890037719,7784533771.699007,6.344257289960785e+31,2.1413951975089527e+31,5.340446419848368,41
3181191.323288197,6189.631876776576,7773165606.177316,6.319412768728196e+31,2.1318756272029858e+31,5.341715793247152,41
3193991.323288197,6188.08332616195,7761871162.51228,6.294758492845915e+31,2.1224416870669795e+31,5.342978774596258,41
3206791.323288197,6186.535105165389,7750649473.297178,6.270291331512465e+31,2.113092275308696e+31,5.344235441689446,41
3219591.323288197,6184.987212162527,7739499838.736183,6.246009146237801e+31,2.103826307658819e+31,5.345485842961579,41
3232391.323288197,6183.43965523368,7728421569.433597,6.221909871666757e+31,2.0946427180906707e+31,5.34673002617737,41
3245191.323288197,6181.892385240307,7717413999.745955,6.197991267557179e+31,2.0855404571603874e+31,5.347968036918169,41
3257991.323288197,6180.345599952167,7706476377.609072,6.174251961042942e+31,2.076518492139009e+31,5.349199930978413,41
3270791.323288197,6178.799266961646,7695608001.80092,6.150689750245838e+31,2.067575810634153e+31,5.3504257589398465,41
3283591.323288197,6177.2532608442125,7684808241.53379,6.127302195063971e+31,2.0587114145899393e+31,5.351645563914312,41
3296391.323288197,6175.707705238354,7674076410.952497,6.104087774957226e+31,2.049924320452513e+31,5.35285939569081,41
3309191.323288197,6174.163132267023,7663411645.967091,6.081046304953448e+31,2.0412135637496597e+31,5.35406732473714,41
3321991.323288197,6172.619062949957,7652813333.038172,6.0581740165336005e+31,2.032578193025632e+31,5.355269393670825,41
3334791.323288197,6171.075602762795,7642280817.539816,6.035469404056912e+31,2.0240172725983904e+31,5.3564656502062835,41
3347591.323288197,6169.532742395154,7631813456.707955,6.012930542519965e+31,2.015529881498338e+31,5.357656141158976,41
3360391.323288197,6167.990601514824,7621410582.937726,5.990555984370788e+31,2.007115114342792e+31,5.358840916617092,41
3373191.323288197,6166.449224833001,7611071530.018447,5.968344002761564e+31,1.998772079629105e+31,5.360020026964888,41
3385991.323288197,6164.908524926932,7600795687.21756,5.94629246051399e+31,1.9904998997617074e+31,5.36119351669903,41
3392391.323288197,6164.136343228585,7595670443.9885645,5.935301331438003e+31,1.9863886857166177e+31,5.3617794068442635,41
3398791.323288197,6163.364165505344,7590560644.871853,5.924348874992033e+31,1.982294872833323e+31,5.362363925183484,41
3408391.323288197,6162.207636553784,7582933085.354176,5.908011871277113e+31,1.976187601859574e+31,5.363237186766305,41
3417991.323288197,6161.051553960308,7575340399.557358,5.891763119593938e+31,1.9701188719799625e+31,5.364107328560075,41
3424391.323288197,6160.280072112186,7570292542.330826,5.880967175643111e+31,1.9660935874061946e+31,5.364686309082976,41
3430791.323288197,6159.508690671674,7565259920.336371,5.87020945176379e+31,1.9620851801980188e+31,5.365263926595818,41
3440391.323288197,6158.353409995906,7557747431.565662,5.854162616823812e+31,1.956105039845131e+31,5.366126885294689,41
3449991.323288197,6157.198532452213,7550269049.644586,5.83820156357683e+31,1.9501622895232733e+31,5.366986778523211,41
3451956.1818909463,6156.961515718811,7548738870.851986,5.834936867174656e+31,1.948950036577218e+31,5.367162829350319,41
3453921.0404936955,6156.724554299648,7547210068.640015,5.831675819485071e+31,1.9477393359496634e+31,5.367338757440566,41
3456868.3283978193,6156.369288829944,7544920163.92764,5.826792467224277e+31,1.9459262852282556e+31,5.367602336663108,42
3459815.616301943,6156.0140002385315,7542633394.636037,5.8219168068886695e+31,1.9441167064972253e+31,5.367865634828308,42
3464236.5481581287,6155.481395771487,7539210754.101221,5.81462164556826e+31,1.9414090475084155e+31,5.36825986617261,42
3468657.4800143144,6154.948901925645,7535795220.520148,5.807344429025297e+31,1.938709144502004e+31,5.368653457369826,42
3475288.877798593,6154.1510859271875,7530688856.258905,5.79647044215489e+31,1.9346742588796823e+31,5.369242225365029,42
3481920.2755828714,6153.3535799915735,7525598423.287456,5.78563676899298e+31,1.9306566421836822e+31,5.369829553965549,42
3491867.3722592895,6152.159499718923,7518000584.960067,5.769479791247093e+31,1.924663480635187e+31,5.370706923679733,42
3501814.468935707,6150.966163681624,7510438076.637713,5.753412227999984e+31,1.9187085732312614e+31,5.371581094572646,42
3514614.468935707,6149.433458629255,7500766766.97026,5.732886577548503e+31,1.911102708241159e+31,5.372700311063596,42
3527414.468935707,6147.902008130456,7491152490.921059,5.712505386742421e+31,1.9035588610835434e+31,5.373814358581125,42
3540214.468935707,6146.3716198130505,7481594496.547151,5.692266065783928e+31,1.896076307060692e+31,5.374923302659849,42
3553014.468935707,6144.842212238294,7472092152.923784,5.672166642380827e+31,1.8886543304183026e+31,5.3760271952458,42
3565814.468935707,6143.31378531593,7462644878.363642,5.652205535050115e+31,1.881292226638348e+31,5.377126082959498,42
3578614.468935707,6141.786221710206,7453252168.74553,5.632380861532902e+31,1.8739892999854438e+31,5.378220003756501,42
3591414.468935707,6140.259590983905,7443913503.950125,5.612691415302114e+31,1.8667448655377638e+31,5.3793089977864685,42
3604214.468935707,6138.73388250216,7434628381.349975,5.593135731539808e+31,1.8595582482687339e+31,5.380393103490809,42
3617014.468935707,6137.209334765549,7425396386.057686,5.573713393351143e+31,1.8524287850569007e+31,5.381472349371212,42
3629814.468935707,6135.685546000506,7416216967.751055,5.554421460746426e+31,1.8453558203470098e+31,5.382546780063064,42
3642614.468935707,6134.162996457758,7407089520.691179,5.535260124397997e+31,1.8383387098362511e+31,5.3836164470489125,42
3655414.468935707,6132.6416126153945,7398013531.196803,5.516227709347957e+31,1.8313768191257132e+31,5.384681391382005,42
3668214.468935707,6131.121093241799,7388988609.168946,5.497321921764326e+31,1.824469521599799e+31,5.385741639912644,42
3681014.468935707,6129.60151787752,7380014328.87752,5.478541798724156e+31,1.817616200146082e+31,5.386797223937012,42
3693814.468935707,6128.083015313273,7371090224.3658085,5.459886498694018e+31,1.8108162468891695e+31,5.387848179763189,42
3706614.468935707,6126.565558108639,7362215853.021757,5.441354663372031e+31,1.8040690628576085e+31,5.388894541238593,42
3719414.468935707,6125.049143412074,7353390778.407696,5.422945041070518e+31,1.7973740579898525e+31,5.389936341760377,42
3732214.468935707,6123.533799971058,7344614574.83,5.404656516627635e+31,1.7907306504341208e+31,5.390973613729524,42
3745014.468935707,6122.019563117863,7335886809.860308,5.386487995711832e+31,1.7841382666840586e+31,5.39200639061171,42
3757814.468935707,6120.506535724738,7327207023.958977,5.36843858851446e+31,1.777596342150886e+31,5.393034709356462,42
3770614.468935707,6118.994690378903,7318574786.10989,5.350506995888227e+31,1.7711043202530285e+31,5.3940586038121,42
3783414.468935707,6117.483981194514,7309989684.830606,5.332691892668483e+31,1.764661651776373e+31,5.395078105772837,42
3796214.468935707,6115.974530460718,7301451269.128039,5.314992491112885e+31,1.7582677958877633e+31,5.396093251988081,42
3809014.468935707,6114.4663514059675,7292959094.641715,5.297407638738176e+31,1.7519222224971029e+31,5.397104078693123,42
3821814.468935707,6112.958984628751,7284512876.963246,5.279934790147111e+31,1.7456244025936752e+31,5.398110603321902,42
3834614.468935707,6111.452623132016,7276112262.846115,5.262573573438928e+31,1.7393738161764148e+31,5.39911285170765,42
3847414.468935707,6109.947395080954,7267756854.664497,5.24532332916642e+31,1.7331699519925998e+31,5.4001108552065045,42
3860214.468935707,6108.443454592621,7259446211.68129,5.228183427100774e+31,1.727012307495594e+31,5.401104650575352,42
3873014.468935707,6106.9364588278195,7251181367.016377,5.211140008069428e+31,1.7209003707888226e+31,5.402094098288881,42
3885814.468935707,6105.431263053866,7242961378.088183,5.194207848861263e+31,1.7148336552846402e+31,5.403079295213827,42
3898614.468935707,6103.927664504096,7234785578.246811,5.17738477507821e+31,1.7088116801504838e+31,5.404060305627783,42
3911414.468935707,6102.425544241137,7226653421.352639,5.160669087371911e+31,1.7028339705265052e+31,5.4050371797099475,42
3924214.468935707,6100.9248472422105,7218564422.049088,5.144059402890341e+31,1.696900057691718e+31,5.406009960644631,42
3937014.468935707,6099.425540802852,7210518146.5495405,5.127554498034492e+31,1.691009479274709e+31,5.406978685688633,42
3949814.468935707,6097.9275717012315,7202514187.683056,5.111153127437098e+31,1.6851617790010796e+31,5.407943389144731,42
3962614.468935707,6096.4307707476055,7194552094.160495,5.094853605233092e+31,1.6793565083869883e+31,5.4089041108823634,42
3975414.468935707,6094.935427347127,7186631572.292528,5.078656011436912e+31,1.6735932230822127e+31,5.409860871985939,42
3988214.4689357076,6093.441527278079,7178752213.526288,5.062559249732396e+31,1.6678714845767239e+31,5.410813707615615,42
4001014.4689357076,6091.949066713314,7170913625.730136,5.046562289309003e+31,1.6621908606332148e+31,5.41176265118058,42
4013814.4689357076,6090.457738707459,7163115518.811688,5.030663248473429e+31,1.6565509236616729e+31,5.41270772394524,42
4026614.4689357076,6088.967937878706,7155357467.208952,5.014862384513563e+31,1.6509512535917344e+31,5.413648963792362,42
4039414.4689357076,6087.479653570878,7147639082.743264,4.999158668014307e+31,1.6453914357676312e+31,5.414586404305985,42
4052214.4689357076,6085.99267604836,7139960058.404517,4.983550538144435e+31,1.6398710601624245e+31,5.4155200694193155,42
4065014.4689357076,6084.506968252458,7132320093.920017,4.968037021262037e+31,1.6343897222156555e+31,5.4164499824252434,42
4077814.4689357076,6083.022695018687,7124718841.033039,4.952617741659161e+31,1.6289470236307445e+31,5.417376172642504,42
4090614.4689357076,6081.539828700193,7117155972.2289715,4.937291727454856e+31,1.6235425713080888e+31,5.418298667058658,42
4103414.4689357076,6080.058368082782,7109631169.259712,4.922058112219637e+31,1.618175977175254e+31,5.419217491717859,42
4116214.4689357076,6078.57828637272,7102144124.936551,4.906915968098102e+31,1.6128468570381227e+31,5.4201326714948594,42
4129014.4689357076,6077.099566326077,7094694537.7077465,4.891864412406301e+31,1.6075548334426616e+31,5.421044230751043,42
4141814.4689357076,6075.622026170239,7087282163.882564,4.876902120000937e+31,1.602299532927579e+31,5.421952186929776,42
4154614.4689357076,6074.145967485925,7079906676.658238,4.8620292105965275e+31,1.5970805876388532e+31,5.422856567813889,42
4167414.4689357076,6072.671428754356,7072567747.205262,4.847244955971165e+31,1.5918976341222336e+31,5.423757401619975,42
4180214.4689357076,6071.198320098114,7065265086.145199,4.832548277569363e+31,1.5867503128979312e+31,5.4246547118997155,42
4193014.4689357076,6069.726575065376,7057998422.942428,4.817938205408052e+31,1.581638270379559e+31,5.4255485200502935,42
4205814.468935708,6068.25637632552,7050767453.950201,4.803414520521476e+31,1.5765611574446048e+31,5.42643885170212,42
4218614.468935708,6066.78786277187,7043571880.920867,4.7889768719751355e+31,1.5715186299877245e+31,5.427325731990162,42
4225014.468935708,6066.052657459632,7039981434.086495,4.781777147187727e+31,1.5690091777123061e+31,5.427768606383191,42
4231414.468935708,6065.317694884676,7036399657.551532,4.774598012972696e+31,1.5665082531446834e+31,5.428210636421449,42
4241014.468935708,6064.216915248972,7031047633.838864,4.763877561807821e+31,1.5627735415695792e+31,5.42887155362396,42
4250614.468935708,6063.116761174667,7025715208.887278,4.753203527140976e+31,1.559057767285423e+31,5.429530551109693,42
4252267.754714701,6062.926917479521,7024797032.135103,4.7513661036706e+31,1.558419414215406e+31,5.429644072692567,42
4253921.040493695,6062.737086280139,7023879419.399068,4.749530011506526e+31,1.5577816196024092e+31,5.429757539366734,42
4268321.040493695,6061.091200718661,7015936900.261109,4.7336508862037095e+31,1.5522545592313335e+31,5.430740285158691,43
4282721.040493695,6059.447554368415,7008037737.583388,4.717876715053406e+31,1.5467692032559857e+31,5.431718770420959,43
4302119.847354022,6057.240101346089,6997477279.675177,4.696818199864633e+31,1.5394472194702397e+31,5.4330286399857535,43
4321518.654214349,6055.036229345624,6986993164.251545,4.675943139912935e+31,1.5321989752352767e+31,5.434330997296289,43
4332842.963424237,6053.7479633011935,6980895598.650994,4.663814093969424e+31,1.5279991346229894e+31,5.4350893479122,43
4344167.272634125,6052.460689028053,6974823420.441193,4.65174548159203e+31,1.5238238750575155e+31,5.43584519966085,43
4361153.736448957,6050.535187985395,6965775318.385054,4.63378296818877e+31,1.5176089406362967e+31,5.436972709725543,43
4378140.200263789,6048.612542077845,6956783727.31533,4.615956077430545e+31,1.5114481052864758e+31,5.4380946296011095,43
4388817.634512015,6047.403007551662,6951151726.460256,4.604800117263068e+31,1.507601272277651e+31,5.438798097642146,43
4399495.0687602395,6046.194328639647,6945541620.180411,4.59369591469286e+31,1.5037753991400731e+31,5.43949939780667,43
4415511.220132578,6044.386045042748,6937178321.417773,4.577160001307199e+31,1.4980775408786807e+31,5.440545917496699,43
4431527.371504916,6042.580108235075,6928863874.483876,4.5607401179560635e+31,1.492425878952729e+31,5.441587575615209,43
4452413.03957173,6040.232006774288,6918106710.187521,4.539526911784172e+31,1.4851267757023903e+31,5.442937120775601,43
4473298.707638544,6037.88841811752,6907430250.542806,4.5185068872851585e+31,1.4779040951322985e+31,5.444278617585399,43
4497296.052903507,6035.203040657659,6895270245.561418,4.494607032327536e+31,1.4696999004347747e+31,5.445809049816714,43
4521293.39816847,6032.522565106673,6883213631.468972,4.470951086547947e+31,1.4615933256561545e+31,5.447329136454377,43
4546893.39816847,6029.669602652868,6870469021.535833,4.445989515268584e+31,1.4530520041040543e+31,5.448938862515912,43
4572493.39816847,6026.822664405667,6857838503.394598,4.4212977078767895e+31,1.4446178666084002e+31,5.450537126794324,43
4598093.39816847,6023.98177936182,6845320249.190943,4.396871168659305e+31,1.436288972205932e+31,5.452124092349996,43
4623693.39816847,6021.146452609675,6832912763.04478,4.372704359948514e+31,1.4280634160825954e+31,5.45369988192477,43
4636493.39816847,6019.725817299864,6826732040.913314,4.360679383498994e+31,1.4239852923117716e+31,5.4544859210165875,cool5500_nominal_v1
4649293.39816847,6018.306383124864,6820578401.494995,4.348717384642982e+31,1.419932357123483e+31,5.455269223143521,cool5500_nominal_v1
4658893.39816847,6017.241779318641,6815977616.273069,4.339780467214659e+31,1.4169083947245378e+31,5.4558553229498115,cool5500_nominal_v1
4668493.39816847,6016.177940412714,6811392016.615343,4.330878940334682e+31,1.4138983830282905e+31,5.456439882041224,cool5500_nominal_v1
4682893.39816847,6014.5859210922035,6804549539.990684,4.317608843772639e+31,1.4094107651149963e+31,5.457312873476576,cool5500_nominal_v1
4697293.39816847,6012.995927550156,6797741018.792003,4.304418298871594e+31,1.4049539899321353e+31,5.458182404507596,cool5500_nominal_v1
4717803.281860357,6010.738759603842,6788115090.149926,4.285795124870844e+31,1.398661456623728e+31,5.459413239976034,cool5500_nominal_v1
4738313.165552245,6008.485827312377,6778556601.6801815,4.267329899599096e+31,1.3924299577311906e+31,5.46063718040267,cool5500_nominal_v1
4762936.03681211,6005.870197825144,6767214101.402372,4.24565989603149e+31,1.3850309084168611e+31,5.462091800162859,cool5500_nominal_v1
4787558.908071974,6003.174342885426,6755914955.932686,4.223901417313536e+31,1.37771701234262e+31,5.463543286027956,cool5500_nominal_v1
4800358.908071974,6001.770006290802,6750062414.670482,4.212642191087368e+31,1.3739451084124148e+31,5.464296056883299,cool5500_nominal_v1
4813158.908071974,6000.3673869449485,6744235662.225786,4.201442681278817e+31,1.3701956831307796e+31,5.465046159356802,cool5500_nominal_v1
4832358.908071974,5998.372754222315,6735522539.741606,4.185024357193229e+31,1.3646160571308232e+31,5.466169046425054,cool5500_nominal_v1
4851558.908071974,5996.389475028259,6726839252.098528,4.168722946563605e+31,1.3590862455589564e+31,5.467289534639363,cool5500_nominal_v1
4875727.48692656,5993.8840184786595,6715974940.073907,4.148327876576311e+31,1.3521974883879481e+31,5.468693500125101,cool5500_nominal_v1
4899896.065781147,5991.373440826056,6705181558.947822,4.128081321125503e+31,1.3453851226011461e+31,5.470090550185586,cool5500_nominal_v1
4912696.065781147,5990.039727012181,6699482575.80593,4.11739881676479e+31,1.3418049251702355e+31,5.4708291101540345,cool5500_nominal_v1
4925496.065781147,5988.705424863985,6693804551.992664,4.10676130234317e+31,1.3382456519396897e+31,5.471565578963945,cool5500_nominal_v1
4944696.065781147,5986.707008617482,6685338875.1907835,4.090915130099505e+31,1.332947874341597e+31,5.472664781534369,cool5500_nominal_v1
4963896.065781147,5984.709818598145,6676922586.800132,4.0751788425915785e+31,1.3276960993803702e+31,5.473758952038341,cool5500_nominal_v1
4976151.455431001,5983.433739720485,6671568796.674884,4.065177211662423e+31,1.3243660907659321e+31,5.474455696431859,cool5500_nominal_v1
4988406.845080856,5982.158297037654,6666235103.5831175,4.055220342869059e+31,1.3210544576139045e+31,5.475150381589541,cool5500_nominal_v1
5006789.929555639,5980.249634447694,6658282401.702186,4.0403898905866456e+31,1.316123184844081e+31,5.476187211614149,cool5500_nominal_v1
5025173.014030421,5978.343334061664,6650375192.863861,4.025661987725858e+31,1.3112323801988602e+31,5.477219339023068,cool5500_nominal_v1
5049336.132841071,5975.844649211661,6640062835.585935,4.0064818006739993e+31,1.3048670457615623e+31,5.4785672556983265,cool5500_nominal_v1
5073499.251651721,5973.350702939606,6629827821.703809,3.987476661422043e+31,1.2985696643237003e+31,5.479907134389855,cool5500_nominal_v1
5086299.251651721,5972.0278926090205,6624424592.633482,3.977454607711036e+31,1.2952583463064186e+31,5.480615312452664,cool5500_nominal_v1
5099099.251651721,5970.706034300689,6619042642.208358,3.9674797250132016e+31,1.2919656814764638e+31,5.481321276067397,cool5500_nominal_v1
5118299.251651721,5968.728515300772,6611020121.353958,3.9526272580304457e+31,1.2870634461485838e+31,5.482374676048131,cool5500_nominal_v1
5137499.251651721,5966.754018839788,6603045403.712487,3.9378820613185453e+31,1.282202277715545e+31,5.483423066879955,cool5500_nominal_v1
5150016.757938482,5965.466297171137,6597864831.382477,3.928312369086593e+31,1.2790534685152142e+31,5.484104805957475,cool5500_nominal_v1
5162534.264225242,5964.179761176515,6592704235.109178,3.9187872345388394e+31,1.275921784511258e+31,5.484784448689454,cool5500_nominal_v1
5181310.523655383,5962.2553609137385,6585010373.869077,3.90460241525633e+31,1.271258048651482e+31,5.485798707067309,cool5500_nominal_v1
5200086.783085523,5960.334068695586,6577361064.93297,3.8905175176170086e+31,1.2666320475858396e+31,5.486808267707885,cool5500_nominal_v1
5225028.645911135,5957.790577457807,6567280384.182735,3.8719848611898354e+31,1.2605471432318685e+31,5.488140517019939,cool5500_nominal_v1
5249970.508736747,5955.252822353534,6557276203.98976,3.8536242804595963e+31,1.254526980765601e+31,5.489464679422245,cool5500_nominal_v1
5262770.508736747,5953.948870122213,6552159299.658011,3.844243592869218e+31,1.2514597564795886e+31,5.490142738650024,cool5500_nominal_v1
5275570.508736747,5952.646096339991,6547062078.89159,3.834906422656878e+31,1.2484092209096718e+31,5.49081871622141,cool5500_nominal_v1
5294770.508736747,5950.697487708134,6539462653.354103,3.82100160191992e+31,1.2438663837174744e+31,5.491827506260043,cool5500_nominal_v1
5313970.508736747,5948.752305398715,6531907193.532788,3.8071953053257e+31,1.2393603146221592e+31,5.4928316228637355,cool5500_nominal_v1
5326752.256487496,5947.457103460561,6526895357.04906,3.798045592321177e+31,1.2363794279883524e+31,5.4934983342341,cool5500_nominal_v1
5339534.004238245,5946.1631856554095,6521902699.588269,3.78893823895998e+31,1.2334145368692316e+31,5.494163003480003,cool5500_nominal_v1
5358706.625864369,5944.227770951869,6514458799.432643,3.7753746344178247e+31,1.2289988270830423e+31,5.495154950539167,cool5500_nominal_v1
5377879.247490492,5942.295642444949,6507057629.370847,3.761905893960727e+31,1.2246183737061274e+31,5.496142327909896,cool5500_nominal_v1
5389332.7851599865,5941.140929813565,6502649922.741466,3.7538919337006777e+31,1.2220168258706725e+31,5.4967308861791935,cool5500_nominal_v1
5400786.322829481,5939.987282299998,6498257172.730505,3.745910967532916e+31,1.2194276459063112e+31,5.497317844350259,cool5500_nominal_v1
5412239.860498975,5938.8347720485435,6493879349.241382,3.737963036121473e+31,1.2168507462370367e+31,5.497903202933219,cool5500_nominal_v1
5423693.39816847,5937.683391396165,6489516403.093258,3.730047956864333e+31,1.2142860416253443e+31,5.498486965007314,cool5500_nominal_v1
5449293.39816847,5935.122628973487,6479844331.688067,3.712526244882609e+31,1.2086027225082317e+31,5.499782488542968,v44
5474893.39816847,5932.568065878113,6470245078.426724,3.695166241255153e+31,1.2029788703163626e+31,5.501070171848713,v44
5487693.39816847,5931.289348404547,6465460909.752757,3.686523654445498e+31,1.2001865415970218e+31,5.501712653411677,v44
5500493.39816847,5930.011901138622,6460694481.765172,3.677919920242179e+31,1.1974087739939845e+31,5.502353225462537,v44
5510093.39816847,5929.054040048043,6457129174.4462385,3.6714886042851336e+31,1.19533448557559e+31,5.502832684967614,v44
5519693.39816847,5928.096927486576,6453573799.459446,3.6650790494917955e+31,1.1932682818052783e+31,5.503311072482225,v44
5534093.39816847,5926.664301280612,6448264091.618328,3.6555148016954416e+31,1.1901850334812956e+31,5.504026002235822,v44
5548493.39816847,5925.233651731662,6442976621.487079,3.6459997492208857e+31,1.1871197032561704e+31,5.504738523018299,v44
5570093.39816847,5923.094756288207,6435097273.045828,3.6318387211379817e+31,1.182557194804311e+31,5.505801401832027,v44
5591693.39816847,5920.959853119846,6427267038.561373,3.617785007224867e+31,1.1780341240339371e+31,5.506858945520362,v44
5604493.39816847,5919.69420518917,6422642362.646178,3.6094927275113023e+31,1.1753706125547317e+31,5.507484155007703,v44
5617293.39816847,5918.42992007947,6418034563.215447,3.6012373177585096e+31,1.1727206973360714e+31,5.508107530851183,v44
5636493.39816847,5916.538842612811,6411162469.981464,3.5889387486273623e+31,1.1687727959267216e+31,5.509038068420564,v44
5655693.39816847,5914.651168091553,6404327982.498115,3.576722735424544e+31,1.164854888951315e+31,5.509964503657063,v44
5668493.39816847,5913.3928510458445,6399787089.497518,3.5686140438886107e+31,1.162258332054297e+31,5.510580582111422,v44
5681293.39816847,5912.135993644818,6395262588.032975,3.5605412734822894e+31,1.159674878602456e+31,5.511194871590819,v44
5690893.39816847,5911.193590215629,6391878004.477436,3.55450628118666e+31,1.1577454120288863e+31,5.5116546791562095,v44
5700493.39816847,5910.251942773666,6388502579.552828,3.5484911572182154e+31,1.1558232251049378e+31,5.512113485040207,v44
5714893.39816847,5908.8424219984145,6383460941.043016,3.539514082564848e+31,1.1529544324446097e+31,5.5127992232651115,v44
5729293.39816847,5907.434806853719,6378439808.2975,3.5305817663503146e+31,1.1501017807362166e+31,5.513482710905278,v44
5750893.39816847,5905.3302023101605,6370955886.358152,3.5172848635218453e+31,1.1458548393052958e+31,5.514502438099385,v44
5772493.39816847,5903.22989336982,6363517189.705878,3.504086594639749e+31,1.1416434535268171e+31,5.515517190812523,v44
5785293.39816847,5901.984934624571,6359123345.887231,3.496298347016046e+31,1.1391629535116902e+31,5.516117136144723,v44
5798093.39816847,5900.741327928555,6354745056.794837,3.4885437332314238e+31,1.1366947197932263e+31,5.516715370075717,v44
5807693.39816847,5899.808920663531,6351469689.5471115,3.4827463462089076e+31,1.1348511428445695e+31,5.517163174235114,v44
5817293.39816847,5898.87727565781,6348203015.238834,3.4769677164272855e+31,1.1330143818926997e+31,5.51761001997375,v44
5831693.39816847,5897.482654698104,6343323402.9435425,3.4683426543608844e+31,1.1302728223769964e+31,5.51827792664731,v44
5846093.39816847,5896.0899454527025,6338463251.608488,3.459759851383558e+31,1.1275463800020835e+31,5.518943680477386,v44
5856893.39816847,5895.045864048922,6334828536.153629,3.453345912328483e+31,1.1255109049872445e+31,5.519441905227529,v44
5867693.39816847,5894.002773005138,6331204616.148863,3.446955233500266e+31,1.1234838215803057e+31,5.519938934876812,v44
5883893.39816847,5892.441896713943,6325793970.6530695,3.4374225504746065e+31,1.1204599145186885e+31,5.5206815480988585,v44
5900093.39816847,5890.883447822781,6320407343.355406,3.4279419556891676e+31,1.11745459077235e+31,5.521421496038903,v44
5912243.39816847,5889.715230686813,6316380191.551487,3.420860108122341e+31,1.1152120862358637e+31,5.521975108216241,v44
5924393.39816847,5888.54833984584,6312366322.874141,3.4138070213843977e+31,1.1129798816003377e+31,5.5225272456985675,v44
5942618.39816847,5886.802680734379,6306376558.00812,3.4032928001117325e+31,1.1096520879755717e+31,5.523351835611885,v44
5960843.39816847,5885.05972578875,6300416405.03145,3.392841775446038e+31,1.1063470621402702e+31,5.52417312672042,v44
5973643.39816847,5883.835969101793,6296244090.33654,3.385532136286209e+31,1.1040384894525092e+31,5.524748521545324,v44
5986443.39816847,5882.613629507898,6292086130.98391,3.378253363827206e+31,1.1017409707344803e+31,5.525322316111164,v44
6005643.39816847,5880.78525300762,6285882731.587719,3.367405622005012e+31,1.098316711839994e+31,5.526179084759483,coolg580_nominal_v1
6024843.39816847,5878.96022149152,6279711238.327784,3.3566266249105724e+31,1.0949168694170186e+31,5.527032286188661,coolg580_nominal_v1
6037643.39816847,5877.743793250149,6275610061.272321,3.3494701215814336e+31,1.0926627862118692e+31,5.5275997327988575,coolg580_nominal_v1
6050443.39816847,5876.528724317556,6271522821.041239,3.342343396255535e+31,1.0904193819053546e+31,5.528165620147946,coolg580_nominal_v1
6069643.39816847,5874.71110922137,6265424554.509981,3.331721334228109e+31,1.0870755607928915e+31,5.529010624480578,coolg580_nominal_v1
6088843.39816847,5872.897705686681,6259357836.847785,3.3211684708506593e+31,1.0837553347931138e+31,5.529852073737798,coolg580_nominal_v1
6101643.39816847,5871.851812380427,6255402533.069389,3.3146102653219203e+31,1.0815543534995233e+31,5.530401110750614,coolg580_nominal_v1
6114443.39816847,5870.653256522363,6251380189.951132,3.3076469290857644e+31,1.079363672981672e+31,5.530959809664475,coolg580_nominal_v1
6133643.39816847,5868.839393257892,6245364969.454717,3.2972064869921323e+31,1.0760981766705977e+31,5.531795988121331,coolg580_nominal_v1
6152843.39816847,5867.0275496519425,6239380538.693688,3.286828610798962e+31,1.0728554282838697e+31,5.532628686057931,coolg580_nominal_v1
6165643.39816847,5865.820697436088,6235404463.067337,3.279940716465797e+31,1.0707052154935528e+31,5.533182375043316,coolg580_nominal_v1
6178443.39816847,5864.6161048006825,6231442753.037366,3.273084175959115e+31,1.0685649616207172e+31,5.533734414811834,coolg580_nominal_v1
6197643.39816847,5862.815909071974,6225533272.9734955,3.262869831781575e+31,1.0653744597690693e+31,5.5345585168313995,coolg580_nominal_v1
6216843.39816847,5861.020447147898,6219654975.676684,3.252723399305543e+31,1.0622059751373943e+31,5.5353790467319,coolg580_nominal_v1
6229643.39816847,5859.824339860231,6215748926.585944,3.245988055205268e+31,1.0601048889224711e+31,5.535924706731454,coolg580_nominal_v1
6242443.39816847,5858.630051397629,6211856280.875963,3.239281560992792e+31,1.0580134412436048e+31,5.536468835573308,coolg580_nominal_v1
6247243.39816847,5858.181948038701,6210398056.436527,3.2367704457274175e+31,1.057231204312715e+31,5.536672759535299,coolg580_nominal_v1
6252043.39816847,5857.73394742753,6208941689.86551,3.234263007239773e+31,1.0564503129318623e+31,5.536876471481744,coolg580_nominal_v1
6259243.39816847,5857.062715745214,6206761476.709412,3.2305108942942468e+31,1.0552816762887001e+31,5.537181522122887,coolg580_nominal_v1
6266443.39816847,5856.39204697677,6204585429.484104,3.226767742133237e+31,1.0541160448133286e+31,5.537486096741302,coolg580_nominal_v1
6277243.39816847,5855.387807918585,6201331035.84106,3.2211732768075817e+31,1.052373623490726e+31,5.537941803576822,coolg580_nominal_v1
6288043.39816847,5854.38482525006,6198085892.783943,3.215598720313234e+31,1.050637897717242e+31,5.5383964532633305,coolg580_nominal_v1
6304243.39816847,5852.884181710514,6193239605.069387,3.2072815540480824e+31,1.048047707381628e+31,5.539075869236973,coolg580_nominal_v1
6320443.39816847,5851.386176935702,6188413704.872925,3.1990079898861283e+31,1.0454723648882313e+31,5.539752955528829,coolg580_nominal_v1
6332593.39816847,5850.263468906322,6184805174.144857,3.192826713425128e+31,1.0435500153925946e+31,5.540259586840449,coolg580_nominal_v1
6344743.39816847,5849.142119515139,6181207888.640618,3.1866692972472055e+31,1.0416359050326937e+31,5.540764933642351,coolg580_nominal_v1
6353855.89816847,5848.301520275596,6178515966.684604,3.1820644298571695e+31,1.0402054110328906e+31,5.54114328736073,coolg580_nominal_v1
6362968.39816847,5847.461652186642,6175830299.830336,3.1774727734957117e+31,1.038779503890031e+31,5.541520926221824,coolg580_nominal_v1
6369802.77316847,5846.831966568334,6173819420.354676,3.1740363538445073e+31,1.0377129098896874e+31,5.541803788938599,coolg580_nominal_v1
6376637.14816847,5846.202683344507,6171812034.701889,3.170607293492128e+31,1.0366488760425432e+31,5.542086252099082,coolg580_nominal_v1
6386888.71066847,5845.260112702631,6168809116.027813,3.1654804245297873e+31,1.0350579641750444e+31,5.542508970216613,coolg580_nominal_v1
6397140.27316847,5844.318488908708,6165814030.799362,3.1603700975363734e+31,1.033472758105366e+31,5.542930790647647,coolg580_nominal_v1
6412517.61691847,5842.909130657636,6161339628.110348,3.152741961407574e+31,1.0311063817066985e+31,5.543561336363798,coolg580_nominal_v1
6427894.96066847,5841.501988048866,6156882616.760649,3.1451507278004567e+31,1.0287526690210737e+31,5.544189886646767,coolg580_nominal_v1
6450960.97629347,5839.3982168251405,6150237397.975664,3.133846582965738e+31,1.025247401858037e+31,5.54512787445427,coolg580_nominal_v1
6474026.99191847,5837.299045831243,6143630483.091343,3.1226229355171032e+31,1.0217700562085862e+31,5.546061460850565,coolg580_nominal_v1
6486826.99191847,5836.133956351128,6139974661.296076,3.116418437420296e+31,1.0198510131435947e+31,5.546578476257921,coolg580_nominal_v1
6499626.99191847,5834.970158187279,6136330397.567336,3.1102380360849136e+31,1.017940431901476e+31,5.547094163565101,coolg580_nominal_v1
6518826.99191847,5833.228994801866,6130891004.985621,3.1010223378026694e+31,1.0150914975716097e+31,5.547864443406133,coolg580_nominal_v1
6538026.99191847,5831.490910149018,6125477424.330113,3.091860563133696e+31,1.012261275480503e+31,5.548631746828016,coolg580_nominal_v1
6563626.99191847,5829.180920131162,6118306111.149813,3.079740634044343e+31,1.0085180122065601e+31,5.549649230382614,coolg580_nominal_v1
6589226.99191847,5826.811585908856,6111197805.201614,3.067596143567451e+31,1.0048070673296485e+31,5.550658951927412,coolg580_nominal_v1
6602026.99191847,5825.610876810405,6107659736.27581,3.0615204068372023e+31,1.0029620488160803e+31,5.5511619658462825,coolg580_nominal_v1
6614826.99191847,5824.417030152081,6104137157.9561615,3.055484041934362e+31,1.0011249687762728e+31,5.551663066996908,coolg580_nominal_v1
6634026.99191847,5822.637999641177,6098886024.2907095,3.04650430895742e+31,9.983852676349849e+30,5.552410599303074,coolg580_nominal_v1
6653226.99191847,5820.867400571948,6093664516.824032,3.037592464299608e+31,9.956631705083379e+30,5.553154552591922,coolg580_nominal_v1
6678826.99191847,5818.520593515184,6086753132.871071,3.025821326857946e+31,9.920623212958403e+30,5.5541402581141925,coolg580_nominal_v1
6704426.99191847,5816.184045459599,6079888694.336234,3.014153883745291e+31,9.884921224521285e+30,5.555120376748639,coolg580_nominal_v1
6710826.99191847,5815.5992018239,6078174562.263889,3.0112430526988897e+31,9.876032137564163e+30,5.555365296713108,coolg580_nominal_v1
6717226.99191847,5815.014874842482,6076463238.3794155,3.008338282187606e+31,9.867162004311199e+30,5.555609884346858,coolg580_nominal_v1
6726826.99191847,5814.139869690788,6073902771.500588,3.003994776242861e+31,9.853894935159486e+30,5.55597596275211,coolg580_nominal_v1
6736426.99191847,5813.266026878372,6071348560.65724,2.999664784576451e+31,9.840670111362802e+30,5.556341300499646,coolg580_nominal_v1
6750826.99191847,5811.9586873763,6067531647.02108,2.993200267565155e+31,9.820917799407818e+30,5.556887533613857,coolg580_nominal_v1
6765226.99191847,5810.653819632523,6063728458.306662,2.986765316520591e+31,9.801259403974222e+30,5.557432144449691,coolg580_nominal_v1
6786826.99191847,5808.7034798069235,6058055197.757446,2.977178556368351e+31,9.771960142750422e+30,5.558245181870826,coolg580_nominal_v1
6808426.99191847,5806.758364922904,6052411769.030167,2.9676559595436925e+31,9.742868478225609e+30,5.55905469983224,coolg580_nominal_v1
6821226.99191847,5805.606227941566,6049077041.624511,2.962034659551425e+31,9.725716351959506e+30,5.559533402501058,coolg580_nominal_v1
6834026.99191847,5804.455688431825,6045752531.639873,2.956434992106984e+31,9.708636081024323e+30,5.560010901210396,coolg580_nominal_v1
6843626.99191847,5803.593376372107,6043264654.353534,2.9522472982175204e+31,9.695870120962902e+30,5.560368406332852,coolg580_nominal_v1
6853226.99191847,5802.731954376787,6040782463.788274,2.948071635795935e+31,9.683144158353945e+30,5.560725240982749,coolg580_nominal_v1
6867626.99191847,5801.442548076248,6037072404.833302,2.941835285694362e+31,9.66413568630184e+30,5.5612588649416015,coolg580_nominal_v1
6882026.99191847,5800.1551944934845,6033375014.2351885,2.935625814219864e+31,9.645216115950618e+30,5.561790993148179,coolg580_nominal_v1
6892826.99191847,5799.190407662338,6030608776.374266,2.9309835770449406e+31,9.631081149173649e+30,5.562189323212455,coolg580_nominal_v1
6903626.99191847,5798.226718652942,6027849558.234813,2.926356157464962e+31,9.616995644984018e+30,5.562586824518176,coolg580_nominal_v1
6919826.99191847,5796.784561083098,6023727051.006685,2.91944844372095e+31,9.59596688004465e+30,5.563181064514706,coolg580_nominal_v1
6936026.99191847,5795.344865425244,6019620162.960631,2.9125736500195424e+31,9.575047906783018e+30,5.56377345759402,coolg580_nominal_v1
6948176.99191847,5794.265951390329,6016548378.869219,2.9074357563138634e+31,9.559426174740548e+30,5.564216807620177,coolg580_nominal_v1
6960326.99191847,5793.18836547721,6013485240.1729765,2.902316017077282e+31,9.543865450695933e+30,5.5646591353156625,coolg580_nominal_v1
6978551.99191847,5791.576104046826,6008910636.89958,2.894677340790047e+31,9.520647046000102e+30,5.565320143345919,coolg580_nominal_v1
6996776.99191847,5789.966852865658,6004355264.690878,2.8870790251711544e+31,9.497563846812735e+30,5.565978872828571,coolg580_nominal_v1
7022376.99191847,5787.71416578785,5997995311.542705,2.876485197899338e+31,9.46538107459288e+30,5.5668993901217085,coolg580_nominal_v1
7047976.99191847,5785.46727799029,5991672469.94005,2.8659690561329385e+31,9.433459507689492e+30,5.567815504070014,coolg580_nominal_v1
7060776.99191847,5784.343652567751,5988519174.511468,2.8607297796254053e+31,9.417582739589657e+30,5.568272745114802,coolg580_nominal_v1
7073576.99191847,5783.2213240218225,5985374964.865594,2.855509297259331e+31,9.401770289691359e+30,5.568728908469727,coolg580_nominal_v1
7092776.99191847,5781.5420771608315,5980679884.005803,2.847721265344425e+31,9.378180976100742e+30,5.569410519189346,coolg580_nominal_v1
7111976.99191847,5779.865873370036,5976005181.978858,2.8399753655915907e+31,9.354734062882721e+30,5.5700897032230765,coolg580_nominal_v1
7137576.99191847,5777.638261297415,5969809157.755193,2.829722740158916e+31,9.323703529351609e+30,5.570990738278487,coolg580_nominal_v1
7163176.99191847,5775.416710554846,5963648518.626977,2.8195446724277677e+31,9.292920871216952e+30,5.571887555240889,coolg580_nominal_v1
7175976.99191847,5774.305684576551,5960575973.889402,2.8144733524060474e+31,9.277609143260563e+30,5.572335178230643,coolg580_nominal_v1
7188776.99191847,5773.195884297128,5957512125.581332,2.809419832665954e+31,9.262358464031661e+30,5.572781764103072,coolg580_nominal_v1
7207976.99191847,5771.535300863778,5952936677.819819,2.8018801324291954e+31,9.239605340172579e+30,5.573449108162262,coolg580_nominal_v1
7227176.99191847,5769.877780887744,5948380734.0139065,2.794380699136928e+31,9.21698740562583e+30,5.574114117348373,coolg580_nominal_v1
7239976.99191847,5768.77335860309,5945351562.807641,2.7893986693424295e+31,9.201977228006091e+30,5.574556552854817,coolg580_nominal_v1
7252776.99191847,5767.670247601584,5942330939.830074,2.784434211172109e+31,9.18702635410506e+30,5.574997964347431,coolg580_nominal_v1
7271976.99191847,5766.019750656306,5937819914.42638,2.7770272872325964e+31,9.164719508433479e+30,5.57565759015816,coolg580_nominal_v1
7291176.99191847,5764.372359776853,5933327970.1788845,2.7696597453756166e+31,9.142544047842584e+30,5.5763149239600045,coolg580_nominal_v1
7303976.99191847,5763.274723739057,5930341287.158833,2.7647652587280035e+31,9.127826906245711e+30,5.576752259139895,coolg580_nominal_v1
7316776.99191847,5762.179797371056,5927363674.341804,2.7598912589022545e+31,9.113167446263643e+30,5.5771884854913045,coolg580_nominal_v1
7335976.99191847,5760.768199340307,5923005997.286999,2.7531352532523073e+31,9.091301087164769e+30,5.577827289254077,coolg580_nominal_v1
7355176.99191847,5759.135093257908,5918564085.6291,2.745891505238816e+31,9.069561976657082e+30,5.5784789250757125,coolg580_nominal_v1
7367976.99191847,5758.036574281251,5915604847.701263,2.7410539878814085e+31,9.055133598261302e+30,5.578913321690033,coolg580_nominal_v1
7380776.99191847,5756.937685948774,5912653394.854554,2.73622972839188e+31,9.040761014160189e+30,5.5793467920067075,coolg580_nominal_v1
7390376.99191847,5756.114137883662,5910444668.963057,2.7326216229303926e+31,9.030015858637489e+30,5.579671321997982,coolg580_nominal_v1
7399976.99191847,5755.291835953453,5908241164.943598,2.7290244771182357e+31,9.019301811452709e+30,5.579995205604346,coolg580_nominal_v1
7414376.99191847,5754.062082088643,5904948085.094996,2.7236540331820612e+31,9.003293599189793e+30,5.580479466514245,coolg580_nominal_v1
7428776.99191847,5752.83540974736,5901666643.328466,2.7183085155154386e+31,8.987354645680402e+30,5.580962284704341,coolg580_nominal_v1
7450376.99191847,5751.003180813559,5896770760.225037,2.7103446597836362e+31,8.963585883821947e+30,5.581683144616609,coolg580_nominal_v1
7471976.99191847,5749.176859363944,5891899581.551948,2.7024330824515483e+31,8.939970544338745e+30,5.582400961326096,coolg580_nominal_v1
7497576.99191847,5747.020727901708,5886160548.10165,2.693127172537938e+31,8.912185693700636e+30,5.583247426950738,coolg580_nominal_v1
7523176.99191847,5744.871290672099,5880454385.947432,2.683889208898815e+31,8.884612004794096e+30,5.5840898629255955,coolg580_nominal_v1
7529576.99191847,5744.33333868086,5879029264.426841,2.6815838380457842e+31,8.877743060597708e+30,5.584300389997656,coolg580_nominal_v1
7535976.99191847,5743.795740178897,5877606133.112987,2.6792825125777265e+31,8.870887195673811e+30,5.584510673997713,coolg580_nominal_v1
7545576.99191847,5742.990425074251,5875476075.076274,2.675839705944638e+31,8.860629873078274e+30,5.584825509696203,coolg580_nominal_v1
7555176.99191847,5742.185972695206,5873350493.70035,2.6724060904136882e+31,8.850401718369943e+30,5.585139797516205,coolg580_nominal_v1
7569576.99191847,5740.981788451596,5870172482.3565855,2.6672762745674677e+31,8.835118487597025e+30,5.58560990953507,coolg580_nominal_v1
7583976.99191847,5739.779523814401,5867004411.466622,2.6621668589446286e+31,8.81990016420531e+30,5.58607880448371,coolg580_nominal_v1
7605576.99191847,5737.981609656892,5862275208.035172,2.654548192309307e+31,8.797203710783239e+30,5.586779228425163,coolg580_nominal_v1
7627176.99191847,5736.188002854951,5857567825.705173,2.6469745161609575e+31,8.774651010657915e+30,5.587476981893084,coolg580_nominal_v1
7652776.99191847,5734.068675321312,5852019468.939321,2.6380601007769543e+31,8.748112836223916e+30,5.588300109419866,coolg580_nominal_v1
7678376.99191847,5731.954797053362,5846500993.319444,2.629206417133699e+31,8.721772520689601e+30,5.589119578410234,coolg580_nominal_v1
7691176.99191847,5730.897879186629,5843748368.305331,2.624794415014097e+31,8.708665498034339e+30,5.589528620113106,coolg580_nominal_v1
7703976.99191847,5729.842209480952,5841003070.592856,2.6203971548632864e+31,8.695607265254414e+30,5.589936764925046,coolg580_nominal_v1
7723176.99191847,5728.262597973856,5836902171.633159,2.613834615989927e+31,8.676118507063597e+30,5.590546805107873,coolg580_nominal_v1
7742376.99191847,5726.685938687439,5832817651.405517,2.607305164505223e+31,8.65673789674699e+30,5.591154835016191,coolg580_nominal_v1
7755176.99191847,5725.635489989435,5830101483.42803,2.6029667127252545e+31,8.643872058267891e+30,5.591559405011827,coolg580_nominal_v1
7767976.99191847,5724.586295070358,5827392491.938146,2.598642679091829e+31,8.631053708610196e+30,5.591963093859273,coolg580_nominal_v1
7787176.99191847,5723.016330365462,5823345672.221287,2.592189112490953e+31,8.611922207810242e+30,5.592566493066501,coolg580_nominal_v1
7806376.99191847,5721.449273504847,5819314857.826332,2.5857677774507583e+31,8.592896008894374e+30,5.593167922787734,coolg580_nominal_v1
7819176.99191847,5720.405221591915,5816634337.384378,2.5815010363188755e+31,8.58026498433203e+30,5.593568108535413,coolg580_nominal_v1
7831976.99191847,5719.362401220495,5813960827.734825,2.577248332998851e+31,8.567680203271418e+30,5.593967431353234,coolg580_nominal_v1
7851176.99191847,5717.801919809659,5809966849.227327,2.5709008862151903e+31,8.548896581427246e+30,5.594564325257983,coolg580_nominal_v1
7870376.99191847,5716.244317914031,5805988514.792642,2.5645848723952936e+31,8.530215518374711e+30,5.595159289238323,coolg580_nominal_v1
7883176.99191847,5715.206570102486,5803342833.930529,2.5603880049551604e+31,8.517813184043866e+30,5.595555179263224,coolg580_nominal_v1
7895976.99191847,5714.170044459127,5800704009.017619,2.5562048352746473e+31,8.505455895804686e+30,5.595950223210789,coolg580_nominal_v1
7915176.99191847,5712.618900037439,5796761706.836248,2.5499608093381725e+31,8.487011127666746e+30,5.596540738480679,coolg580_nominal_v1
7934376.99191847,5711.070644201334,5792834709.728732,2.5437475202686277e+31,8.468666269242666e+30,5.597129360613224,coolg580_nominal_v1
7937576.99191847,5710.812330818038,5792180425.888789,2.542712852359427e+31,8.465615444913059e+30,5.597227470752317,coolg580_nominal_v1
7940776.99191847,5710.554081843518,5791526556.119208,2.5416789977454e+31,8.462567385108918e+30,5.597325529873997,coolg580_nominal_v1
7945576.99191847,5710.166920124724,5790546720.062477,2.5401300701175155e+31,8.4580009153823e+30,5.597472494025743,coolg580_nominal_v1
7950376.99191847,5709.779915818162,5789567823.609004,2.5385829982971203e+31,8.453440630379249e+30,5.597619342082386,coolg580_nominal_v1
7957576.99191847,5709.199899307062,5788101668.444656,2.536266587251691e+31,8.446612776915502e+30,5.597839332159433,coolg580_nominal_v1
7964776.99191847,5708.620272640324,5786637635.245376,2.5339544106870092e+31,8.439798757180897e+30,5.598059059455739,coolg580_nominal_v1
7975576.99191847,5707.751982996065,5784446515.759307,2.5304956480831324e+31,8.429605826135868e+30,5.598388014323215,coolg580_nominal_v1
7986376.99191847,5706.884599081379,5782260157.186037,2.5270464130760014e+31,8.419443776017446e+30,5.598716378654391,coolg580_nominal_v1
7998885.29269972,5705.881357289768,5779734417.552729,2.523064276830777e+31,8.40771398619675e+30,5.599095868471941,coolg580_nominal_v2
8011393.59348097,5704.879299551329,5777215014.419643,2.5190947593062387e+31,8.396025228844314e+30,5.599474571485971,coolg580_nominal_v2
8030156.044652845,5703.379694364203,5773450589.624484,2.513168732093282e+31,8.378575230818187e+30,5.600040727248765,coolg580_nominal_v2
8048918.49582472,5701.882793354728,5769700264.657098,2.507270831087188e+31,8.361216316213019e+30,5.600605129643415,coolg580_nominal_v2
8067680.946996595,5700.388542480023,5765963925.649004,2.501400754419347e+31,8.343947802560824e+30,5.601167792163304,coolg580_nominal_v2
8086443.39816847,5698.89692213968,5762241471.525686,2.495558273609004e+31,8.326769019129501e+30,5.601728726423367,coolg580_nominal_v2
8099243.39816847,5697.880006789797,5759708076.758454,2.4915851948870245e+31,8.315096334181101e+30,5.602110689347614,v45
8112043.39816847,5696.864270417552,5757181063.201659,2.487624735850592e+31,8.30346492410706e+30,5.602491857577224,v45
8131243.39816847,5695.344237290811,5753405356.278992,2.4817124671514196e+31,8.286101463918229e+30,5.603061687360296,v45
8150443.39816847,5693.826940298262,5749643901.066174,2.475828444702138e+31,8.268829584227899e+30,5.603629738236036,v45
8163243.39816847,5692.816056893016,5747142234.161567,2.4719182109561724e+31,8.257361090641573e+30,5.604007743058113,v45
8176043.39816847,5691.806342130547,5744646816.18658,2.4680203026192505e+31,8.245932840936692e+30,5.604384967620404,v45
8195243.39816847,5690.295289252267,5740918193.61031,2.462201170709428e+31,8.228872066892161e+30,5.60494891733136,v45
8214443.39816847,5688.786921046182,5737203531.996201,2.45640958582529e+31,8.211900594442033e+30,5.6055111198017755,v45
8227243.39816847,5687.7819763461175,5734732941.798665,2.452560672316858e+31,8.200631207361929e+30,5.605885237531201,v45
8240043.39816847,5686.778187793124,5732268473.296354,2.448723796385134e+31,8.189401065476372e+30,5.606258588871839,v45
8259243.39816847,5685.275979545906,5728585975.847663,2.442995557895418e+31,8.172635459353735e+30,5.606816763093045,v45
8278443.39816847,5683.77645483423,5724917149.150405,2.4372942675287907e+31,8.15595694625818e+30,5.60737322210014,v45
8291243.39816847,5682.7774146579995,5722476994.795749,2.433505289162819e+31,8.144881737714731e+30,5.607743523174409,v45
8304043.39816847,5681.779527258757,5720042834.038319,2.4297280808317655e+31,8.133844807149384e+30,5.608113072055872,v45
8323243.39816847,5680.286064184784,5716405510.491989,2.424088604089192e+31,8.117367085585882e+30,5.60866557561318,v45
8342443.39816847,5678.795216406325,5712781590.963466,2.4184753938833463e+31,8.100974315114614e+30,5.609216392847292,v45
8355243.39816847,5677.801976401839,5710371263.268991,2.4147448995180165e+31,8.090088508392838e+30,5.609582943849867,v45
8368043.39816847,5676.809871517514,5707966811.918907,2.4110258978853594e+31,8.079240041960854e+30,5.609948755393336,v45
8387243.39816847,5675.325100225618,5704373769.458262,2.405473219920351e+31,8.063043145335852e+30,5.610495685641109,v45
8406443.39816847,5673.842961750964,5700793856.687143,2.3999462779296044e+31,8.046929128251936e+30,5.6110409600164495,v45
8432043.39816847,5671.872499453616,5696044393.669777,2.3926224304428994e+31,8.025579805881848e+30,5.61176490315034,v45
8457643.39816847,5669.906705779091,5691317898.8443985,2.385343573703677e+31,8.004375204623122e+30,5.612485944840788,v45
8483243.39816847,5667.945438859399,5686614167.304174,2.3781090730880303e+31,7.983313938889654e+30,5.613204108653605,v45
8508843.39816847,5665.988665311368,5681933013.991091,2.370918497587733e+31,7.962394622884057e+30,5.6139194152395016,v45
8521643.39816847,5665.010376734977,5679597486.296454,2.367334111943788e+31,7.951979831444237e+30,5.614276517411387,v45
8534443.39816847,5664.033145745926,5677267518.987393,2.363760459480021e+31,7.94160009526106e+30,5.6146329157516215,v45
8536843.39816847,5663.8498105061835,5676830767.140463,2.3630908036896646e+31,7.939656571071129e+30,5.614699738818464,v45
8539243.39816847,5663.6673652420595,5676394626.90262,2.36242329373122e+31,7.937714280404236e+30,5.614766473439561,v45
8542843.39816847,5663.618600186795,5675825699.03591,2.3618684144125465e+31,7.934804564403547e+30,5.61485353384756,v45
8546443.39816847,5663.392149583785,5675194807.417517,2.36096574532107e+31,7.931897582217111e+30,5.614950086487448,v45
8551843.39816847,5663.004927612272,5674224145.105778,2.359512778080851e+31,7.927542770388888e+30,5.615098659128416,v45
8557243.39816847,5662.601753764431,5673245604.601804,2.3580274029340097e+31,7.923194129879583e+30,5.615248463358477,v45
8565343.39816847,5661.984772684276,5671773018.774244,2.355776436171108e+31,7.916683697598632e+30,5.61547394942381,v45
8573443.39816847,5661.363083265508,5670299916.101622,2.353518930706392e+31,7.910186980362004e+30,5.615699573212078,v45
8585593.39816847,5660.428356235817,5668093945.480608,2.35013533329202e+31,7.900469813529201e+30,5.6160375543729835,v45
8597743.39816847,5659.4940976974585,5665893189.4143,2.346760730188179e+31,7.890783232374855e+30,5.616374867700147,v45
8615968.39816847,5658.097310291979,5662605662.391541,2.341724975335832e+31,7.87631558651237e+30,5.616878996236098,v45
8634193.39816847,5656.705186098665,5659331573.938018,2.336716684217407e+31,7.861916034348316e+30,5.617381354996294,v45
8646993.39816847,5655.729354367508,5657038405.3536,2.333212692559536e+31,7.851840055045917e+30,5.617733379710135,v45
8659793.39816847,5654.755728574508,5654751666.218662,2.329721845302409e+31,7.841797353566715e+30,5.618084559565879,v45
8678993.39816847,5653.300698437178,5651336034.0577135,2.3245142267263093e+31,7.826801009278095e+30,5.61860937072396,v45
8698193.39816847,5651.850035164024,5647934098.241794,2.3193343565852693e+31,7.811878666422777e+30,5.619132392823613,v45
8710993.39816847,5650.884295113663,5645671846.58027,2.3158931763174056e+31,7.801967589631445e+30,5.61948037146966,v45
8723793.39816847,5649.9202674316075,5643415445.057997,2.312463686709736e+31,7.792089076731264e+30,5.619827589173914,v45
8742993.39816847,5648.478584814667,5640044139.739007,2.3073450868180623e+31,7.777337551632383e+30,5.620346628331865,v45
8762193.39816847,5647.040378999059,5636685509.28147,2.302251595447959e+31,7.762658369761758e+30,5.620864024691621,v45
8787793.39816847,5645.129529907234,5632229882.87618,2.295503669844458e+31,7.743205097277712e+30,5.621550889041823,v45
8813393.39816847,5643.224207616263,5627795851.520717,2.2887981401462567e+31,7.723878311454209e+30,5.622234964014731,v45
8826193.39816847,5642.27196529189,5625583671.366098,2.2854558774023316e+31,7.714254788896504e+30,5.6225764570371775,v45
8838993.39816847,5641.3209680150985,5623376751.128348,2.2821238133779316e+31,7.70466253114254e+30,5.622917271924084,v45
8858193.39816847,5639.897950218507,5620078500.159676,2.277148469451186e+31,7.690337782084341e+30,5.623426870514447,v45
8877393.39816847,5638.477642643744,5616791923.900692,2.2721956430233103e+31,7.676082466201717e+30,5.623934962864173,v45
8890193.39816847,5637.531338072086,5614605796.502128,2.2689034541642835e+31,7.666613724103809e+30,5.6242730946271315,v45
8902993.39816847,5636.586211951191,5612424786.896542,2.2656211196621555e+31,7.657175525288326e+30,5.624610566032973,v45
8912593.39816847,5635.877865029346,5610791807.241641,2.263164909833953e+31,7.650115512441074e+30,5.624863325677141,v45
8922193.39816847,5635.170172916757,5609161678.0397625,2.2607141854711934e+31,7.643072549520187e+30,5.625115717497864,v45
8936593.39816847,5634.110482200414,5606723073.577935,2.2570503576493485e+31,7.632542885447143e+30,5.625493421977344,v45
8950993.39816847,5633.052260454849,5604290834.552156,2.253398765593379e+31,7.622051213814434e+30,5.625870304215756,v45
8972593.39816847,5631.469008781466,5600657148.653017,2.247948562952354e+31,7.606391067920568e+30,5.62643365883111,v45
8994193.39816847,5629.889031143392,5597037569.167146,2.242525465882689e+31,7.590815233074081e+30,5.626995189929032,v45
9006993.39816847,5628.953277586697,5594897230.456333,2.239321260433518e+31,7.581619935912725e+30,5.62732740676892,v45
9019793.39816847,5628.018597760274,5592761766.604899,2.2361263362307315e+31,7.57245393604256e+30,5.627658993628509,v45
9038993.39816847,5626.619693374382,5589569850.645612,2.231354760676782e+31,7.55876463653012e+30,5.62815485856005,v45
9058193.39816847,5625.223258709405,5586388818.557414,2.2266039506832066e+31,7.545140418854984e+30,5.628649314475953,v45
9070993.39816847,5624.292960248274,5584272712.774591,2.223445948839437e+31,7.536090195047284e+30,5.628978395461182,v45
9083793.39816847,5623.363719378737,5582161382.486102,2.2202970145510487e+31,7.527068606413211e+30,5.629306858100865,v45
9102993.39816847,5621.97288026978,5579005441.296545,2.215593874547983e+31,7.513594598696333e+30,5.629798064048058,v45
9122193.39816847,5620.584482692387,5575860166.4623375,2.2109110410557537e+31,7.500184211521604e+30,5.630287886369114,v45
9134993.39816847,5619.659544155021,5573767807.304757,2.207798166702531e+31,7.491275798777113e+30,5.630613888294596,v45
9147793.39816847,5618.735646573897,5571680127.981309,2.204694152276394e+31,7.48239538059346e+30,5.630939283065995,v45
9166993.39816847,5617.352794873925,5568559440.107791,2.2000579565915063e+31,7.469131843006893e+30,5.631425914453185,v45
9186193.39816847,5615.972328162877,5565449209.721154,2.19544157894163e+31,7.455930506496844e+30,5.63191118654951,v45
9211793.39816847,5614.136759491693,5561321131.076058,2.1893212823513377e+31,7.438431192165825e+30,5.632555686904517,v45
9237393.39816847,5612.305429301715,5557211359.56636,2.183235687739061e+31,7.421040652243149e+30,5.633197804439843,v45
9250193.39816847,5611.3899914592275,5555160595.054396,2.1802015826756145e+31,7.412379518536593e+30,5.6335183969200004,v45
9262993.39816847,5610.475531090723,5553114335.20348,2.1771759184826005e+31,7.403745290864253e+30,5.63383840317747,v45
9282193.39816847,5609.106737265232,5550055388.874585,2.172656418737015e+31,7.390848835945538e+30,5.634316999318105,v45
9301393.39816847,5607.740240101318,5547006541.174913,2.168155913467247e+31,7.378012139657468e+30,5.634794277997378,v45
9314193.39816847,5606.829858809138,5544978234.822764,2.1651640232385156e+31,7.36948422272984e+30,5.6351119424312754,v45
9326993.39816847,5605.920468494919,5542954367.270981,2.1621804467730263e+31,7.360982602985472e+30,5.635429027518693,v45
9346193.39816847,5604.559249178476,5539928841.929581,2.1577237028344333e+31,7.348283852535391e+30,5.635903261152114,v45
9365393.39816847,5603.200249414956,5536913256.655681,2.1532854958570716e+31,7.335643537977872e+30,5.636376194526035,v45
9378193.39816847,5602.294893315524,5534907055.677581,2.1503350176734657e+31,7.327245869627747e+30,5.636690969151827,v45
9390993.39816847,5601.390542948463,5532905216.286975,2.1473927215628055e+31,7.318873919981431e+30,5.637005173183884,v45
9410193.39816847,5600.036884954246,5529912546.588859,2.142997562428512e+31,7.306368512984834e+30,5.637475107696271,v45
9429393.39816847,5598.685535398774,5526929623.032218,2.1386207161251745e+31,7.293920264177758e+30,5.637943764932087,v45
9442193.39816847,5597.785257177062,5524945117.749062,2.1357109446250953e+31,7.285649995164642e+30,5.638255697422551,v45
9454993.39816847,5596.8859576565455,5522964893.197535,2.1328091591113867e+31,7.277404885771159e+30,5.638567068751251,v45
9474193.39816847,5595.539815856303,5520004462.332796,2.1284743443048343e+31,7.265088615069145e+30,5.63903277639854,v45
9493393.39816847,5594.195928059308,5517053608.024817,2.1241574237835e+31,7.252828265825541e+30,5.639497226169564,v45
9506193.39816847,5593.3006195046355,5515090412.157471,2.121287439349836e+31,7.244682636403088e+30,5.639806361053781,v45
9518993.39816847,5592.406284309948,5513131423.875963,2.1184252870080963e+31,7.236561624559617e+30,5.640114943098055,v45
9528593.39816847,5591.7359400668865,5511664473.364119,2.116283090038853e+31,7.230485851081902e+30,5.640346090603086,v45
9538193.39816847,5591.066140275582,5510199876.575662,2.114145267885946e+31,7.22442382570682e+30,5.640576928612696,v45
9552593.39816847,5590.06298848334,5508008430.153206,2.11094831123071e+31,7.215358924089779e+30,5.640922441449163,v45
9566993.39816847,5589.061105559968,5505822263.003868,2.107761206258554e+31,7.206324671342493e+30,5.6412672589312525,v45
9588593.39816847,5587.561909613301,5502555182.420773,2.1030025835150453e+31,7.19283591222633e+30,5.64178282087228,v45
9610193.39816847,5586.0655544557885,5499299848.388053,2.0982658526477027e+31,7.179415218457247e+30,5.6422968336981025,v45
9635793.39816847,5584.296505265008,5495458285.47757,2.0926823451736193e+31,7.163600239577784e+30,5.642903802808831,v45
9661393.39816847,5582.531371556869,5491632975.711611,2.087129027521611e+31,7.147879334896866e+30,5.643508625668881,v45
9674193.39816847,5581.649043007437,5489723994.313388,2.084359972027892e+31,7.14004828039223e+30,5.6438106138832405,v45
9686993.39816847,5580.767791018853,5487819084.904901,2.0815985741592435e+31,7.132240502640778e+30,5.64411206263073,v45
9706193.39816847,5579.777364743142,5485084489.935831,2.07804872771413e+31,7.120582372454529e+30,5.644544990714639,v45
9725393.39816847,5578.478098585733,5482240325.31328,2.0739614025473313e+31,7.108975722223751e+30,5.64499549438794,v45
9738193.39816847,5577.594390725163,5480339186.814007,2.071210276822298e+31,7.101263604201582e+30,5.6452967570485875,v45
9750993.39816847,5576.706825366308,5478439973.548871,2.068457825599007e+31,7.09357407645038e+30,5.645597818996162,v45
9760593.39816847,5576.040753726997,5477017575.840195,2.0663963534951558e+31,7.087820678031347e+30,5.645823364840006,v45
9770193.39816847,5575.375211339738,5475597664.483231,2.0643391982041604e+31,7.08207989899608e+30,5.646048574858635,v45
9784593.39816847,5574.379353369984,5473473996.90328,2.0612648658244677e+31,7.073494584673031e+30,5.6463855156154255,v45
9798993.39816847,5573.385968680923,5471356484.019938,2.0582025134392536e+31,7.064937444504823e+30,5.646721610056969,v45
9809793.39816847,5572.642185588288,5469771713.232557,2.05591254102634e+31,7.05853673759972e+30,5.646973232083672,v45
9820593.39816847,5571.899796700653,5468190344.860492,2.053629236391299e+31,7.052151774422459e+30,5.647224386570763,v45
9836793.39816847,5570.7896031581095,5465825974.466711,2.0502188705125023e+31,7.042606584697236e+30,5.6476000337259205,v45
9852993.39816847,5569.6823387373315,5463468928.529944,2.046822870661808e+31,7.033096511926143e+30,5.647974678959263,v45
9865143.39816847,5568.8532970344395,5461705078.965736,2.0442838623987355e+31,7.02598531276209e+30,5.648255143193068,v45
9877293.39816847,5568.025705663825,5459945192.390514,2.0417524880147893e+31,7.018893718174239e+30,5.648535067569337,v45
9895518.39816847,5566.787868912167,5457314321.831805,2.037972061156281e+31,7.00829648056643e+30,5.648953697386418,v45
9913743.39816847,5565.552957421404,5454692010.805497,2.034207947045673e+31,6.997742905188934e+30,5.649371166070275,v45
9926543.39816847,5564.686720191314,5452854296.2341385,2.0315722179543723e+31,6.990354549373555e+30,5.649663847589195,v45
9939343.39816847,5563.821791835828,5451020680.345636,2.0289442068035893e+31,6.982987548453754e+30,5.649955974662009,v45
9958543.39816847,5562.527763169099,5448279592.368455,2.0250191747745201e+31,6.971980782260849e+30,5.650392861206361,v45
9977743.39816847,5561.2364912663,5445547463.917459,2.0211109332847765e+31,6.961021533872645e+30,5.650828538523016,v45
10003343.39816847,5559.5201468080895,5441920605.678304,2.0159290211727178e+31,6.946487749921087e+30,5.651407231224792,v45
10028943.39816847,5557.808288186989,5438309145.639627,2.010775720548778e+31,6.932037186520794e+30,5.65198385038077,v45
10041743.39816847,5556.952795811978,5436506904.25043,2.0082062714884295e+31,6.924837833701666e+30,5.652271746192143,v45
10054543.39816847,5556.098336320752,5434708427.638632,2.0056437449388097e+31,6.917659086834472e+30,5.652559135762348,v45
10073743.39816847,5554.819457659217,5432019378.813148,2.0018153462242103e+31,6.906933177314387e+30,5.652989012763452,v45
10092943.39816847,5553.542977685218,5429338691.388246,1.9980024582299502e+31,6.896253093011693e+30,5.653417764959064,v45
10118543.39816847,5551.845698201638,5425779479.580875,1.99294552251949e+31,6.882088753907266e+30,5.6539873565853975,v45
10144143.39816847,5550.152372011199,5422234846.635025,1.9879152855800865e+31,6.868004673019513e+30,5.6545549865819105,v45
10156943.39816847,5549.306034607234,5420465839.820783,1.9854069074976807e+31,6.860987607607357e+30,5.654838410399245,v45
10169743.39816847,5548.4606267191175,5418700417.0293045,1.9829050394497022e+31,6.853990412783104e+30,5.655121352228967,v45
10179343.39816847,5547.8269795487095,5417378305.631087,1.9810323250160464e+31,6.848754584016824e+30,5.65533330553874,v45
10188943.39816847,5547.193850661086,5416058199.569338,1.9791632454606667e+31,6.843529855074914e+30,5.655544988980354,v45
10203343.39816847,5546.245603157034,5414082672.947012,1.9763677415778771e+31,6.835715545301722e+30,5.655861867710019,v45
10217743.39816847,5545.29855165875,5412111641.2258215,1.9735804108190847e+31,6.827925990778181e+30,5.656178140699321,v45
10228543.39816847,5544.58878533707,5410635814.584987,1.9714945249031302e+31,6.82209885739632e+30,5.656415028189471,v45
10239343.39816847,5543.879674186552,5409162493.865613,1.9694131771582875e+31,6.816285550187897e+30,5.6566515779085,v45
10255543.39816847,5542.817839364391,5406958294.202647,1.966301290825174e+31,6.807593968244362e+30,5.657005594577747,v45
10271743.39816847,5541.757506238754,5404759697.834428,1.9631995794693222e+31,6.79893319884835e+30,5.657358855099161,v45
10283893.39816847,5540.962911817757,5403113798.272699,1.9608790328704036e+31,6.792456320671212e+30,5.65762340486585,v45
10296043.39816847,5540.169139565211,5401471018.059545,1.958564129370695e+31,6.785996636547664e+30,5.657887533621996,v45
10314268.39816847,5538.980759123602,5399014042.918044,1.9551043451928677e+31,6.776342391184617e+30,5.658282719859839,v45
10332493.39816847,5537.7942509470695,5396564036.133939,1.9516571844909303e+31,6.766726421822895e+30,5.658676964406056,v45
10345293.39816847,5536.961581884984,5394846614.515005,1.949242375530369e+31,6.75999360147506e+30,5.6589534312231,v45
10358093.39816847,5536.129810129292,5393132591.676513,1.9468336997255685e+31,6.7532795009794e+30,5.6592294386764515,v45
10377293.39816847,5534.884631108424,5390569400.1093645,1.943234335704574e+31,6.743246760857494e+30,5.659642350671047,v45
10396493.39816847,5533.641517926247,5388013801.649871,1.9396487199224211e+31,6.733255671394397e+30,5.660054234982349,v45
10409293.39816847,5532.813370879478,5386313284.997279,1.9372644308678422e+31,6.726615662290097e+30,5.660328414519984,v45
10422093.39816847,5531.986099766797,5384616105.765324,1.9348861375499807e+31,6.719994005417123e+30,5.660602142275351,v45
10441293.39816847,5530.747632528378,5382078040.870843,1.9313320638367146e+31,6.710099185918656e+30,5.661011652412369,v45
10460493.39816847,5529.511216745304,5379547435.633215,1.9277914815712881e+31,6.700245198705445e+30,5.661420151263489,v45
10473293.39816847,5528.68756114035,5377863522.6704235,1.9254371394333882e+31,6.693696177971554e+30,5.661692080677194,v45
10486093.39816847,5527.864776334684,5376182886.106238,1.923088680483895e+31,6.687165149861413e+30,5.66196356590763,v45
10505293.39816847,5526.633013711074,5373669495.1767645,1.9195790978570836e+31,6.677405545660045e+30,5.662369730306065,v45
10524493.39816847,5525.4032475477015,5371163434.245229,1.9160827000875496e+31,6.667685973013302e+30,5.662774899362025,v45
10537293.39816847,5524.583996859531,5369495832.153342,1.9137576692155306e+31,6.661226158087404e+30,5.663044614795453,v45
10550093.39816847,5523.765604106668,5367831452.683459,1.9114384053512056e+31,6.654783984162371e+30,5.663313892542579,v45
10559693.39816847,5523.152189478518,5366584927.111549,1.9097022285330327e+31,6.649963055561669e+30,5.663515620949867,cool5000_nominal_v1
10569293.39816847,5522.539254739652,5365340204.413562,1.9079692741081881e+31,6.645151985936307e+30,5.663717104353836,cool5000_nominal_v1
10583693.39816847,5521.621179830575,5363477285.280945,1.90537702106423e+31,6.637955656732881e+30,5.664018742631655,cool5000_nominal_v1
10598093.39816847,5520.704206216041,5361618412.023632,1.9027920104479919e+31,6.630781323097945e+30,5.664319830259804,cool5000_nominal_v1
10603493.39816847,5520.360336261069,5360921826.227039,1.9018237060955898e+31,6.628095297233273e+30,5.664432685371125,cool5000_nominal_v1
10608893.39816847,5520.016611678533,5360225803.216375,1.9008564002027091e+31,6.625412353254712e+30,5.664545463951807,cool5000_nominal_v1
10616993.39816847,5519.501435770134,5359183070.474409,1.8994076768789983e+31,6.62139428555999e+30,5.664714448298874,cool5000_nominal_v1
10625093.39816847,5518.986565895591,5358141607.511453,1.897961168384798e+31,6.617383113676456e+30,5.664883259689004,cool5000_nominal_v1
10637243.39816847,5518.215204913262,5356582344.260664,1.8957964503571955e+31,6.611380552104408e+30,5.665136063002829,cool5000_nominal_v1
10649393.39816847,5517.444628890416,5355025929.00111,1.8936368242024213e+31,6.60539339826737e+30,5.665388477970325,cool5000_nominal_v1
10667618.39816847,5516.290903232213,5352697866.780685,1.8904086867452257e+31,6.596444337125009e+30,5.665766173402547,cool5000_nominal_v1
10685843.39816847,5515.138944996762,5350376161.549419,1.8871919118139045e+31,6.587529590291783e+30,5.666143001137716,cool5000_nominal_v1
10698643.39816847,5514.330515240058,5348748563.682916,1.884938298973478e+31,6.5812870841498e+30,5.666407268279481,cool5000_nominal_v1
10711443.39816847,5513.522925591584,5347124067.427211,1.882690198390203e+31,6.575061365983048e+30,5.6666711120216355,cool5000_nominal_v1
10730643.39816847,5512.3138671323,5344694479.0752535,1.8793303253994367e+31,6.565757292166224e+30,5.667065865010802,cool5000_nominal_v1
10749843.39816847,5511.106730443148,5342271829.337685,1.8759828019396656e+31,6.556490586496815e+30,5.667459669351629,cool5000_nominal_v1
10762643.39816847,5510.302548689225,5340659671.504636,1.8737566529343468e+31,6.550331340192852e+30,5.667721826328339,cool5000_nominal_v1
10775443.39816847,5509.499196879584,5339050564.708708,1.8715359117871504e+31,6.544188564888697e+30,5.667983566091721,cool5000_nominal_v1
10785043.39816847,5508.8970510516065,5337845400.969827,1.8698734232116847e+31,6.539591468563687e+30,5.668179651532842,cool5000_nominal_v1
10794643.39816847,5508.297534602884,5336642863.582529,1.8682175376725216e+31,6.535003599052805e+30,5.668375353786984,cool5000_nominal_v1
10809043.39816847,5507.761541201555,5334964207.465244,1.8663158205677125e+31,6.528145028740887e+30,5.668648613883578,cool5000_nominal_v1
10823443.39816847,5506.9002824467025,5333174884.84278,1.8638978225456974e+31,6.52130695391721e+30,5.668939983518655,cool5000_nominal_v1
10834243.39816847,5506.227979006796,5331822328.955572,1.8620429507183438e+31,6.516190781391352e+30,5.669160295835537,cool5000_nominal_v1
10845043.39816847,5505.547422315083,5330467816.547831,1.8601770546593622e+31,6.511085986232572e+30,5.669380982858489,cool5000_nominal_v1
10861243.39816847,5504.522693180938,5328438904.437665,1.8573777886542422e+31,6.503452157446417e+30,5.66971165292341,cool5000_nominal_v1
10877443.39816847,5503.4984094024485,5326415015.406234,1.854586038468287e+31,6.495843663303315e+30,5.6700416297979945,cool5000_nominal_v1
10901743.39816847,5501.967875490481,5323392714.874985,1.850422130514995e+31,6.48448298612083e+30,5.670534622164375,cool5000_nominal_v1
10926043.39816847,5500.443557126252,5320383903.941342,1.8462835171921725e+31,6.473178700732193e+30,5.671025692229888,cool5000_nominal_v1
10938843.39816847,5499.674181999756,5318800035.136457,1.8441522453187439e+31,6.467243406286784e+30,5.671284308112851,cool5000_nominal_v1
10951643.39816847,5498.943924370251,5317214782.66922,1.842074418978179e+31,6.461324119427159e+30,5.6715432270466195,cool5000_nominal_v1
10970843.39816847,5497.841700435038,5314836604.545672,1.8389518565506933e+31,6.45247805391187e+30,5.671931799153977,cool5000_nominal_v1
10990043.39816847,5496.734573462248,5312459534.904817,1.8358277729300228e+31,6.443667382615761e+30,5.6723203639335,cool5000_nominal_v1
11002843.39816847,5495.994579160774,5310875541.600411,1.8337453748077218e+31,6.437811101462549e+30,5.672579386002038,cool5000_nominal_v1
11015643.39816847,5495.253334520252,5309292648.098227,1.831663971880879e+31,6.431970377226057e+30,5.672838305411317,cool5000_nominal_v1
11034843.39816847,5494.139788350108,5306921662.837332,1.828545513770342e+31,6.423241284758596e+30,5.673226280183658,cool5000_nominal_v1
11054043.39816847,5493.024837389919,5304554395.152155,1.8254320275187303e+31,6.414546712509445e+30,5.673613819600153,cool5000_nominal_v1
11066843.39816847,5492.280871615085,5302977877.251958,1.8233590040689914e+31,6.408767416630022e+30,5.673872003317962,cool5000_nominal_v1
11079643.39816847,5491.536580731119,5301403239.1532545,1.8212887395215303e+31,6.403003314762652e+30,5.674129955813174,cool5000_nominal_v1
11098843.39816847,5490.420135570185,5299046004.049715,1.8181901258827697e+31,6.394388428696669e+30,5.674516254239364,cool5000_nominal_v1
11118043.39816847,5489.303716065465,5296693561.535515,1.8150990840762062e+31,6.385807304068986e+30,5.674901938622554,cool5000_nominal_v1
11130843.39816847,5488.559322019738,5295127335.023362,1.8130420109154674e+31,6.380103271458003e+30,5.6751588174135525,cool5000_nominal_v1
11143643.39816847,5487.815069412724,5293563335.284912,1.810988529234903e+31,6.374414112268593e+30,5.675415406819059,cool5000_nominal_v1
11162843.39816847,5486.699536109331,5291222680.460533,1.8079165924757435e+31,6.365910992961084e+30,5.675799555724602,cool5000_nominal_v1
11182043.39816847,5485.584728355069,5288887322.553063,1.8048534318233704e+31,6.357440943446325e+30,5.67618300469391,cool5000_nominal_v1
11194843.39816847,5484.841682673033,5287332681.489004,1.802815406319797e+31,6.351810619469893e+30,5.676438359457735,cool5000_nominal_v1
11207643.39816847,5484.099027687818,5285780434.071165,1.8007813826864453e+31,6.34619486661768e+30,5.676693395977478,cool5000_nominal_v1
11226843.39816847,5482.986339818508,5283457708.044464,1.7977393600879326e+31,6.337801245794965e+30,5.677075163177363,cool5000_nominal_v1
11246043.39816847,5481.8747640489355,5281140522.760056,1.7947067091661133e+31,6.329440039360896e+30,5.6774561869614075,cool5000_nominal_v1
11271643.39816847,5480.395206670273,5278061125.41631,1.7906798343777539e+31,6.318345571331433e+30,5.677962803031997,cool5000_nominal_v1
11297243.39816847,5478.917942430639,5274991751.867523,1.7866700390446321e+31,6.307307901088282e+30,5.6784680642291985,cool5000_nominal_v1
11310043.39816847,5478.179507961406,5273459348.704475,1.7846696652775067e+31,6.301806555015966e+30,5.678720428955014,cool5000_nominal_v1
11322843.39816847,5477.441636940269,5271929437.204134,1.78267351911906e+31,6.296319282725084e+30,5.678972456505842,cool5000_nominal_v1
11342043.39816847,5476.336469504235,5269640384.347359,1.7796887390573164e+31,6.288117364828054e+30,5.679349676618951,cool5000_nominal_v1
11361243.39816847,5475.232719699751,5267357006.026272,1.7767136647599862e+31,6.279946752296028e+30,5.679726124893057,cool5000_nominal_v1
11386843.39816847,5473.764050575781,5264322832.653637,1.772763989984038e+31,6.269104592505336e+30,5.6802266052758705,cool5000_nominal_v1
11412443.39816847,5472.2980506371305,5261298773.310282,1.7688316625444212e+31,6.258317310314026e+30,5.680725704472504,cool5000_nominal_v1
11425243.39816847,5471.565345104432,5259789049.5047865,1.7668700726293241e+31,6.252940555709998e+30,5.680974980871853,cool5000_nominal_v1
11438043.39816847,5470.833283003873,5258281826.561409,1.7649127497559702e+31,6.247577402431796e+30,5.681223915726733,cool5000_nominal_v1
11457243.39816847,5469.736974515591,5256026801.418668,1.7619862452038153e+31,6.239560711124258e+30,5.681596491813554,cool5000_nominal_v1
11476443.39816847,5468.642217062231,5253777434.525966,1.7590694476396215e+31,6.23157429342845e+30,5.68196829232373,cool5000_nominal_v1
11489243.39816847,5467.912882953191,5252280260.235709,1.7571293409375168e+31,6.226264996156006e+30,5.682215850277816,cool5000_nominal_v1
11502043.39816847,5467.184226794861,5250785583.223694,1.7551935040098077e+31,6.220969046956208e+30,5.68246306570714,cool5000_nominal_v1
11511643.39816847,5466.638054091596,5249665941.341923,1.753744080238586e+31,6.217005157651228e+30,5.682648297472333,cool5000_nominal_v1
11521243.39816847,5466.09228719446,5248547699.243768,1.7522970790456398e+31,6.213048731393348e+30,5.682833337095691,cool5000_nominal_v1
11535643.39816847,5465.274662387095,5246873577.089001,1.7501318624641e+31,6.207129502233716e+30,5.683110433936636,cool5000_nominal_v1
11550043.39816847,5464.457931064416,5245202612.867506,1.747972056929371e+31,6.201226930012085e+30,5.683387096261175,cool5000_nominal_v1
11571643.39816847,5463.235217802773,5242703462.019581,1.7447442896283398e+31,6.192407415557823e+30,5.6838010463616015,cool5000_nominal_v1
11593243.39816847,5462.014452054523,5240211408.5670595,1.7415285435399323e+31,6.183624958510185e+30,5.684214017408982,cool5000_nominal_v1
11618843.39816847,5460.570719508351,5237267920.347958,1.7377341163446421e+31,6.173265921632534e+30,5.684702051098996,cool5000_nominal_v1
11644443.39816847,5459.129887043117,5234334313.057078,1.7339566071197751e+31,6.162958228389271e+30,5.685188719505008,cool5000_nominal_v1
11657243.39816847,5458.409833286726,5232869767.341769,1.7320722988669887e+31,6.157820156894214e+30,5.685431781213528,cool5000_nominal_v1
11670043.39816847,5457.690467586343,5231407657.313455,1.7301921304501106e+31,6.152694814353944e+30,5.6856745065525445,cool5000_nominal_v1
11689243.39816847,5456.613270087022,5229220130.363062,1.727381041553036e+31,6.145033059620824e+30,5.6860377852836885,cool5000_nominal_v1
11708443.39816847,5455.537687506401,5227038089.715436,1.7245793097118982e+31,6.137399640499735e+30,5.686400304344088,cool5000_nominal_v1
11721243.39816847,5454.821176322686,5225585727.233501,1.722715755358885e+31,6.132324705424744e+30,5.686641680299727,cool5000_nominal_v1
11734043.39816847,5454.108574955247,5224137248.43333,1.7208613231564591e+31,6.127262298139086e+30,5.686882477632081,cool5000_nominal_v1
11753243.39816847,5453.406565238508,5222103317.273618,1.7186364844219966e+31,6.119699563874429e+30,5.687220714181332,cool5000_nominal_v1
11772443.39816847,5452.373834409825,5219946416.419102,1.7159166581933694e+31,6.112164594413984e+30,5.687579544172125,cool5000_nominal_v1
11785243.39816847,5451.663518759786,5218499360.523699,1.7140719253463917e+31,6.107154977593587e+30,5.687820364849009,cool5000_nominal_v1
11798043.39816847,5450.946421761466,5217050934.929863,1.7122193765853984e+31,6.102157542280173e+30,5.688061480354786,cool5000_nominal_v1
11817243.39816847,5449.867903480227,5214881856.510415,1.7094423203978885e+31,6.094686492677305e+30,5.688422686210227,cool5000_nominal_v1
11836443.39816847,5448.790206288225,5212718317.934764,1.7066735667205476e+31,6.087242546366423e+30,5.688783119238941,cool5000_nominal_v1
11849243.39816847,5448.072468366315,5211278603.629734,1.7048323885302597e+31,6.082293326437964e+30,5.689023050231581,cool5000_nominal_v1
11862043.39816847,5447.355871755234,5209841742.706683,1.7029961110861964e+31,6.077356070625321e+30,5.68926257180061,cool5000_nominal_v1
11871643.39816847,5446.8190662071565,5208765691.103746,1.701621797594394e+31,6.073660364423141e+30,5.689441990510079,cool5000_nominal_v1
11881243.39816847,5446.282984911062,5207691272.733425,1.7002503528544665e+31,6.069971354174705e+30,5.689621173882222,cool5000_nominal_v1
11895643.39816847,5445.480662587002,5206083385.350449,1.6981995484090125e+31,6.064451683937779e+30,5.6898893942524245,cool5000_nominal_v1
11910043.39816847,5444.679992155294,5204479126.204392,1.6961551700614263e+31,6.058946979234537e+30,5.69015709194865,cool5000_nominal_v1
11931643.39816847,5443.482888829064,5202080912.080002,1.6931025143730242e+31,6.050720830601752e+30,5.69055742834233,cool5000_nominal_v1
11953243.39816847,5442.289213428642,5199690520.344823,1.6900636504805046e+31,6.042528035542743e+30,5.690956642635854,cool5000_nominal_v1
11966043.39816847,5441.582779476155,5198276570.772149,1.6882677549714767e+31,6.037686582721103e+30,5.691192869773526,cool5000_nominal_v1
11978843.39816847,5440.877459720355,5196865278.4720745,1.6864765106810462e+31,6.032856761471042e+30,5.6914287170456195,cool5000_nominal_v1
11998043.39816847,5439.822131049055,5194754361.214022,1.6837997146972295e+31,6.025636060327265e+30,5.691781601297093,cool5000_nominal_v1
12017243.39816847,5438.769134152371,5192649238.310763,1.681132993965082e+31,6.018441286260768e+30,5.692133659735708,cool5000_nominal_v1
12042843.39816847,5437.369415904603,5189852686.788972,1.6775946101340144e+31,6.008891413691266e+30,5.692601572742575,cool5000_nominal_v1
12068443.39816847,5435.973479281904,5187066046.7650795,1.6740733138812575e+31,5.999387068966581e+30,5.693068078242172,cool5000_nominal_v1
12081243.39816847,5435.276113716767,5185674999.357615,1.672317118695737e+31,5.994648850554703e+30,5.693301044326668,cool5000_nominal_v1
12094043.39816847,5434.579621674556,5184286365.388712,1.6705650448974033e+31,5.989921927539285e+30,5.693533668558319,cool5000_nominal_v1
12113243.39816847,5433.537063237467,5182208936.312425,1.6679459520165015e+31,5.98285488462681e+30,5.693881796240896,cool5000_nominal_v1
12132443.39816847,5432.496416239076,5180136854.397646,1.665335966699373e+31,5.97581300591488e+30,5.694229166912289,cool5000_nominal_v1
12145243.39816847,5431.803333378021,5178757737.411273,1.6636001087195558e+31,5.971130845964926e+30,5.6944604436746165,cool5000_nominal_v1
12158043.39816847,5431.111063885783,5177380955.805755,1.6618682109503666e+31,5.966459790320422e+30,5.694691390236959,cool5000_nominal_v1
12177243.39816847,5430.074697278461,5175321137.967269,1.6592790261542294e+31,5.959476163116754e+30,5.695037026583752,cool5000_nominal_v1
12196443.39816847,5429.040122775809,5173266513.352942,1.656698622687025e+31,5.952517281178235e+30,5.695381928583591,cool5000_nominal_v1
12209243.39816847,5428.351043286132,5171898970.885554,1.6549823491617687e+31,5.947890242556837e+30,5.695611568661062,cool5000_nominal_v1
12222043.39816847,5427.662731411426,5170533701.684366,1.653269904891367e+31,5.943274123997327e+30,5.6958408875853825,cool5000_nominal_v1
12241243.39816847,5426.632220374537,5168491017.96261,1.6507096447591453e+31,5.936372526743743e+30,5.6961841022711885,cool5000_nominal_v1
12260443.39816847,5425.603435288622,5166453402.03268,1.6481579273979584e+31,5.929495263987319e+30,5.696526600626327,cool5000_nominal_v1
12273243.39816847,5424.918183631946,5165097146.838577,1.6464606668980917e+31,5.924922431417928e+30,5.696754645447847,cool5000_nominal_v1
12286043.39816847,5424.233668103005,5163743113.733297,1.6447671308621643e+31,5.920360336991328e+30,5.69698237638161,cool5000_nominal_v1
12305243.39816847,5423.208784678936,5161717172.561763,1.6422350125047918e+31,5.913539404643794e+30,5.69732322514122,cool5000_nominal_v1
12324443.39816847,5422.185568229052,5159696195.660833,1.6397112245348758e+31,5.906742399639141e+30,5.6976633720168595,cool5000_nominal_v1
12330843.39816847,5421.84453951317,5159023007.984348,1.6388710124200334e+31,5.904480592836198e+30,5.697776704568246,cool5000_nominal_v1
12337243.39816847,5421.503684632962,5158350363.229926,1.6380317040360233e+31,5.902221435000955e+30,5.69788996048912,cool5000_nominal_v1
12346843.39816847,5420.992851326592,5157342648.575279,1.6367747317074696e+31,5.898838188900383e+30,5.698059661124739,cool5000_nominal_v1
12356443.39816847,5420.482415758116,5156336157.774175,1.6355197973783267e+31,5.895460868285973e+30,5.6982291887629755,cool5000_nominal_v1
12370843.39816847,5419.717789448533,5154829237.915248,1.6336418810362972e+31,5.890407162199769e+30,5.698483067721929,cool5000_nominal_v1
12385243.39816847,5418.9540593403635,5153325062.573582,1.631768529654096e+31,5.885366692080196e+30,5.698736558322203,cool5000_nominal_v1
12396043.39816847,5418.381708225748,5152198430.874731,1.6303661452841408e+31,5.881594326282676e+30,5.698926471986349,cool5000_nominal_v1
12406843.39816847,5417.809860474907,5151073328.986769,1.6289663106246872e+31,5.877829362932156e+30,5.699116169222276,cool5000_nominal_v1
12423043.39816847,5416.953378403512,5149389196.140989,1.6268721581996326e+31,5.872197247427584e+30,5.699400199034121,cool5000_nominal_v1
12439243.39816847,5416.098034697053,5147708490.383399,1.6247837172919115e+31,5.866581652530425e+30,5.699683743490987,cool5000_nominal_v1
12451393.39816847,5415.457077861202,5146449832.953356,1.6232206541830772e+31,5.862379920047707e+30,5.69989614666647,cool5000_nominal_v1
12463543.39816847,5414.816748269961,5145193084.537539,1.6216607646676553e+31,5.85818742019261e+30,5.700108279523865,cool5000_nominal_v1
12472655.89816847,5414.336806094121,5144251568.602542,1.6204926687463549e+31,5.85504861655239e+30,5.700267236664942,cool5000_nominal_v1
12481768.39816847,5413.857213137882,5143311119.898829,1.6193263446659095e+31,5.851914979988294e+30,5.700426042670228,cool5000_nominal_v1
12495437.14816847,5413.138720894032,5141902904.116395,1.6175807527536308e+31,5.847225234587874e+30,5.7006638910401435,cool5000_nominal_v1
12509105.89816847,5412.421024206384,5140497084.047764,1.6158391424269608e+31,5.842547034037065e+30,5.7009013997551765,cool5000_nominal_v1
12529599.64816847,5411.346999521684,5138394818.715177,1.6132366417473142e+31,5.835556819341925e+30,5.701256691844948,cool5000_nominal_v1
12550093.39816847,5410.274756048552,5136297900.390871,1.6106430142158536e+31,5.828592304433881e+30,5.701611225102453,cool5000_nominal_v1
12560344.96066847,5409.738641105973,5135250196.904521,1.6093479503228676e+31,5.825116312480725e+30,5.701788418195475,v46
12570596.52316847,5409.203336940898,5134203987.518583,1.6080556307383338e+31,5.821646717144219e+30,5.701965394676071,v46
12585973.86691847,5408.776657371629,5132774683.570918,1.6066533934217341e+31,5.81645942899682e+30,5.702207233620644,v46
12601351.21066847,5408.027038326018,5131228057.951688,1.6047953319781026e+31,5.81128641003269e+30,5.702468999325117,v46
12612884.21848097,5407.43672391834,5130055355.79544,1.6033616366028307e+31,5.807415234437534e+30,5.702667531246342,v46
12624417.22629347,5406.836614529799,5128879048.371524,1.6019151180849655e+31,5.803551987523075e+30,5.702866719117262,v46
12641716.73801222,5405.929887486402,5127114558.0736065,1.5997395367180116e+31,5.7977734915974e+30,5.703165591537322,v46
12659016.24973097,5405.021705446515,5125352760.389815,1.597566310185833e+31,5.792012625007901e+30,5.703464110516633,v46
12671816.24973097,5404.3498480994795,5124051153.535575,1.5959612205219358e+31,5.787760515691993e+30,5.703684720683698,v46
12684616.24973097,5403.678701290992,5122751817.10259,1.5943596910196526e+31,5.783517993576954e+30,5.703905001935371,v46
12694216.24973097,5403.175816877292,5121778627.952431,1.593160777609323e+31,5.780341888205456e+30,5.704070026845512,v46
12703816.24973097,5402.673531402469,5120806811.902013,1.5919641553161522e+31,5.777171150651769e+30,5.70423485021042,v46
12718216.24973097,5401.921687184437,5119352283.366773,1.5901744393452275e+31,5.772426175492035e+30,5.704481601736445,v46
12732616.24973097,5401.171359542986,5117900891.583633,1.5883900869150913e+31,5.767693203911603e+30,5.7047278910236,v46
12754216.24973097,5400.049514925832,5115730910.816792,1.5857252933922033e+31,5.760618613325507e+30,5.705096249278107,v46
12775816.24973097,5398.930962709882,5113567766.356989,1.583072221921001e+31,5.753570795454344e+30,5.705463602601576,v46
12788616.24973097,5398.269058632468,5112288169.283203,1.5815042370106527e+31,5.749405133037625e+30,5.705680981745035,v46
12801416.24973097,5397.608171003892,5111010901.752587,1.5799401425063113e+31,5.745248813366527e+30,5.705898019411444,v46
12820616.24973097,5396.619392679009,5109100263.433033,1.5776025894288675e+31,5.73903369488855e+30,5.706222782880394,v46
12839816.24973097,5395.632893463625,5107194693.225871,1.575273630676292e+31,5.732839417909725e+30,5.706546805880496,v46
12852616.24973097,5394.976077596592,5105926464.646481,1.5737248599985933e+31,5.728720168466807e+30,5.706762522376223,v46
12865416.24973097,5394.32020619504,5104660427.056042,1.572179775495133e+31,5.724610123710511e+30,5.7069779196489,v46
12875016.24973097,5393.8287802455125,5103712095.3449955,1.5710230629458997e+31,5.721533139725901e+30,5.707139299037986,v46
12884616.24973097,5393.3378663448775,5102764974.722046,1.5698683822692052e+31,5.718461307864731e+30,5.707300502265545,v46
12899016.24973097,5392.602723281017,5101347052.862116,1.5681407766777975e+31,5.713864251549764e+30,5.707541893438765,v46
12913416.24973097,5391.868688770375,5099931808.153044,1.5664176465521798e+31,5.709278709364337e+30,5.707782895760144,v46
12935016.24973097,5390.770297569113,5097815018.914846,1.5638426481052502e+31,5.70242426101501e+30,5.708143489100729,v46
12956616.24973097,5389.674270197502,5095704098.944323,1.561277420563531e+31,5.695595476949463e+30,5.708503231755819,v46
12969416.24973097,5389.025409204607,5094455129.746248,1.5597608263831642e+31,5.691559148186592e+30,5.70871615107193,v46
12982216.24973097,5388.377326736794,5093208178.1850195,1.5582475628485447e+31,5.687531772656315e+30,5.708928778509087,v46
12991816.24973097,5387.891656803079,5092274068.773397,1.5571145255088836e+31,5.684516636052145e+30,5.709088094898537,v46
13001416.24973097,5387.406414056368,5091341081.75636,1.555983336296278e+31,5.68150650990875e+30,5.709247249033226,v46
13008616.24973097,5387.042698489421,5090641956.965848,1.5551360080789667e+31,5.679251936120162e+30,5.709366528760172,v46
13015816.24973097,5386.679221220576,5089943458.471948,1.5542897118469549e+31,5.677000169957853e+30,5.709485717993253,v46
13026616.24973097,5386.134591807875,5088897146.691418,1.5530225211109728e+31,5.673628354410445e+30,5.7096642874205035,v46
13037416.24973097,5385.590490360476,5087852235.744772,1.5517576318160934e+31,5.670262822283494e+30,5.709842654418746,v46
13053616.24973097,5384.7756442158,5086288074.957704,1.5498653226797806e+31,5.665227567628015e+30,5.710109726184316,v46
13069816.24973097,5383.961966120456,5084727031.882886,1.5479781281890758e+31,5.660206347007036e+30,5.710376347516252,v46
13081966.24973097,5383.3522830949205,5083557952.648721,1.5465656540995905e+31,5.656448883349603e+30,5.710576076246639,v46
13094116.24973097,5382.743235480344,5082390604.405884,1.5451560082424368e+31,5.652699266498938e+30,5.710775555085118,v46
13112341.24973097,5381.83124907149,5080643548.835409,1.5430477220240752e+31,5.64709112288476e+30,5.711074181101668,v46
13130566.24973097,5380.9206777925,5078900352.1172285,1.5409457336205952e+31,5.641500484130161e+30,5.711372249885223,v46
13143366.24973097,5380.281745238927,5077677886.180312,1.5394726196698069e+31,5.637583412730307e+30,5.711581340073208,v46
13156166.24973097,5379.643489484807,5076457299.673067,1.538002561717548e+31,5.63367492039697e+30,5.71179015903322,v46
13175366.24973097,5378.687803124432,5074630732.09419,1.5358041599484826e+31,5.62782998178585e+30,5.712102743546883,v46
13194566.24973097,5377.733580715576,5072808365.431414,1.5336125194885013e+31,5.622004171818172e+30,5.712414721292816,v46
13207366.24973097,5377.09714693185,5071595293.249676,1.5321536224492617e+31,5.618129701460287e+30,5.712622453782537,v46
13220166.24973097,5376.461444650164,5070384103.893463,1.5306978221657627e+31,5.614263673386926e+30,5.712829913425609,v46
13229766.24973097,5375.9850312984845,5069476741.672394,1.5296077440784447e+31,5.61136923632912e+30,5.712985364240073,v46
13239366.24973097,5375.509017071984,5068570426.433141,1.5285193817695996e+31,5.608479524371907e+30,5.713140663461628,v46
13253766.24973097,5374.7959821001,5067213352.110985,1.526890583584972e+31,5.604154773387046e+30,5.713373253227172,v46
13268166.24973097,5374.08383497529,5065858613.217636,1.5252656091679247e+31,5.599840580716807e+30,5.713605504860762,v46
13278966.24973097,5373.550166377123,5064843836.240497,1.5240490698340631e+31,5.596611293647107e+30,5.713779515318658,v46
13289766.24973097,5373.016981184577,5063830358.193887,1.5228346477405734e+31,5.593387914487215e+30,5.7139533378412075,v46
13305966.24973097,5372.218403276567,5062313120.851209,1.5210176374101093e+31,5.588565118001152e+30,5.714213625605037,v46
13322166.24973097,5371.420907659023,5060798785.565771,1.5192053546454837e+31,5.583755513297341e+30,5.714473493309436,v46
13334316.24973097,5370.8233245680085,5059664621.058953,1.5178488545986954e+31,5.580156247625405e+30,5.714668172690864,v46
13346466.24973097,5370.226332230715,5058532070.739432,1.5164949734010576e+31,5.576564357755978e+30,5.714862618547683,v46
13364691.24973097,5369.332326410549,5056836950.951232,1.51446988293998e+31,5.571191840682065e+30,5.715153732465719,v46
13382916.24973097,5368.442603016564,5055146733.60869,1.5124547485975338e+31,5.565835813355817e+30,5.715444101633557,v46
13395716.24973097,5368.192084454191,5054095626.737294,1.5115436725400633e+31,5.562085969120944e+30,5.715624724433768,v46
13408516.24973097,5367.628930171294,5052934973.794968,1.5102156247567616e+31,5.55834419932537e+30,5.71582421533882,v46
13427716.24973097,5366.710697849514,5051160898.120291,1.508122932454148e+31,5.552748270552221e+30,5.7161292287882866,v46
13446916.24973097,5365.773000158873,5049380347.461472,1.5060068761722045e+31,5.54717019798717e+30,5.716435463202892,v46
13459716.24973097,5365.144255962257,5048193061.851832,1.504593309394899e+31,5.543460245468232e+30,5.716639722808714,v46
13472516.24973097,5364.514329395714,5047006745.380624,1.5031800725969115e+31,5.539758155412846e+30,5.716843863671479,v46
13491716.24973097,5363.569904186123,5045231106.531679,1.5010650423142813e+31,5.534221336090051e+30,5.717149504570246,v46
13510916.24973097,5362.627067326121,5043459866.811585,1.4989568215296581e+31,5.528702053451925e+30,5.717454495434373,v46
13523716.24973097,5361.9993118280045,5042281030.344235,1.49755475664789e+31,5.525031155796862e+30,5.717657539387371,v46
13536516.24973097,5361.372551376976,5041104283.67646,1.4961561088077493e+31,5.52136800801966e+30,5.717860270740311,v46
13546116.24973097,5360.903031299012,5040222886.151153,1.4951091231928874e+31,5.518625314275884e+30,5.718012149982451,v46
13555716.24973097,5360.434112301138,5039342673.096476,1.494064105498436e+31,5.51588696110591e+30,5.718163851629222,v46
13570116.24973097,5359.732193417062,5038025058.080876,1.4925009201597825e+31,5.511788458676522e+30,5.718390987504015,v46
13584516.24973097,5359.031639212061,5036710077.340215,1.4909421423240645e+31,5.507699665686776e+30,5.718617728505161,v46
13595316.24973097,5358.50692978219,5035725282.178708,1.4897755649475977e+31,5.504638916485226e+30,5.718787574660751,v46
13606116.24973097,5357.9829567454135,5034741938.398968,1.4886114060186704e+31,5.501583604438584e+30,5.718957203643939,v46
13622316.24973097,5357.1987269992205,5033270206.265985,1.4868704141244356e+31,5.497011945031666e+30,5.719211142610067,v46
13638516.24973097,5356.416078803537,5031801650.986104,1.485134706448106e+31,5.49245243962708e+30,5.719464607450853,v46
13662816.24973097,5355.2457556645795,5029605957.103207,1.4825424818531048e+31,5.485638423906468e+30,5.719843710570245,v46
13687116.24973097,5354.078688066649,5027417118.908999,1.4799615708985475e+31,5.478851493980355e+30,5.720221794763689,v46
13699916.24973097,5353.4646350257,5026265925.260578,1.4786053634344176e+31,5.475285436727294e+30,5.720420709748018,v46
13712716.24973097,5352.851421575051,5025116579.683918,1.4772521794358438e+31,5.47172684909224e+30,5.720619350857805,v46
13731916.24973097,5351.933598934848,5023396757.527221,1.4752289575012504e+31,5.46640449335375e+30,5.720916672164843,v46
13751116.24973097,5351.017584578293,5021680998.71784,1.4732123633887977e+31,5.461098802754745e+30,5.721213392452538,v46
13763916.24973097,5350.407592247542,5020538891.534138,1.4718709803687502e+31,5.457569857731168e+30,5.7214109626532235,v46
13776716.24973097,5349.798356378316,5019398552.929568,1.4705324580555816e+31,5.454048275011674e+30,5.721608271757323,v46
13795916.24973097,5348.886333256087,5017692073.112953,1.468530897742613e+31,5.448781208057682e+30,5.721903622194054,v46
13815116.24973097,5347.975961475416,5015989502.770075,1.466535649366223e+31,5.443530567255352e+30,5.722198396113863,v46
13827916.24973097,5347.369669910372,5014856124.11167,1.465208365758464e+31,5.440038202343202e+30,5.722394678707637,v46
13840716.24973097,5346.764084712968,5013724452.361546,1.4638838289173347e+31,5.436553093914898e+30,5.722590709958418,v46
13859916.24973097,5345.857454430855,5012030840.058046,1.4619030323042436e+31,5.431340521470202e+30,5.722884164750974,v46
13879116.24973097,5344.952365899244,5010341015.269683,1.4599283062627323e+31,5.426144137425361e+30,5.723177062120386,v46
13891916.24973097,5344.349552061835,5009216083.060914,1.458614600736703e+31,5.422687824246915e+30,5.723372101421242,v46
13904716.24973097,5343.747393863726,5008092809.1902275,1.4573035365047167e+31,5.419238662214286e+30,5.723566896910129,v46
13923916.24973097,5342.845765258079,5006411693.768954,1.4553426955989896e+31,5.414079793092133e+30,5.7238585135977225,v46
13943116.24973097,5341.945605395262,5004734272.945427,1.4533877439878358e+31,5.408936876470911e+30,5.724149587013984,v46
13955916.24973097,5341.34604761041,5003617571.240169,1.4520871423599723e+31,5.405516090272531e+30,5.724343416087177,v46
13968716.24973097,5340.747119600554,5002502489.581571,1.4507891109362878e+31,5.402102350942321e+30,5.724537007133561,v46
13987916.24973097,5339.850285004092,5000833578.700431,1.4488476733797818e+31,5.396996401920406e+30,5.724826829963963,v46
14007116.24973097,5338.954858797478,4999168284.758329,1.4469119687485125e+31,5.391906172254479e+30,5.725116121100649,v46
14019916.24973097,5338.358432012616,4998059635.504918,1.4456241297265372e+31,5.388520394253569e+30,5.725308766605558,v46
14032716.24973097,5337.762612228986,4996952574.742812,1.4443387979920924e+31,5.385141560075919e+30,5.7255011787295125,v46
14051916.24973097,5336.870390316313,4995295626.102921,1.4424162761505017e+31,5.380087757377394e+30,5.725789243494612,v46
14071116.24973097,5335.979531038684,4993642229.407809,1.440499355957552e+31,5.375049444112322e+30,5.726076786005349,v46
14083916.24973097,5335.386132720756,4992541484.187443,1.4392239841284711e+31,5.371698162393844e+30,5.726268269595409,v46
14096716.24973097,5334.79332548637,4991442299.924044,1.4379510671833588e+31,5.368353722998138e+30,5.726459523777083,v46
14106316.24973097,5334.349018863289,4990618769.093088,1.4369977960295984e+31,5.365849504841346e+30,5.7266028428347004,v46
14115916.24973097,5333.905037979723,4989796110.603782,1.4360458916854716e+31,5.363349117123753e+30,5.726746033693002,v46
14130316.24973097,5333.239949324032,4988564123.47702,1.4346210969750416e+31,5.35960651662629e+30,5.726960515912964,v46
14144716.24973097,5332.575637488385,4987334089.288605,1.4331994094638257e+31,5.355872478092266e+30,5.727174710986688,v46
14166316.24973097,5332.020705690741,4985654252.500266,1.4316380240991954e+31,5.350288787172707e+30,5.727467318911041,event1414
14171716.24973097,5331.794177929109,4985202604.220222,1.431135423281047e+31,5.348896184701149e+30,5.727546007576915,v47
14177116.24973097,5331.558921239296,4984746807.362025,1.4306212148136313e+31,5.347504788573533e+30,5.727625426258936,v47
14185216.24973097,5331.196108169354,4984058552.305002,1.429836915641947e+31,5.34542019316287e+30,5.727745362545422,v47
14193316.24973097,5330.827758014209,4983367951.158841,1.429045682556301e+31,5.343338267077561e+30,5.727865724312764,v47
14205466.24973097,5330.269212525294,4982330101.428526,1.4278519325650882e+31,5.340220919438952e+30,5.728046637846436,v47
14217616.24973097,5329.707696749051,4981291906.462261,1.426655615198371e+31,5.33710950891766e+30,5.728227649268292,v47
14235841.24973097,5328.8633929072175,4979736325.097999,1.4248614753408188e+31,5.332454736298879e+30,5.728498938694418,v47
14254066.24973097,5328.0190775401825,4978183525.42677,1.4230707491815696e+31,5.327813200324652e+30,5.72876982753237,v47
14266866.24973097,5327.4264288171335,4977094496.542444,1.4218154104209438e+31,5.324560401464768e+30,5.728959861094844,v47
14279666.24973097,5326.834484688794,4976007182.9541855,1.420562703672037e+31,5.32131409634114e+30,5.729149636828505,v47
14298866.24973097,5325.948604172381,4974380342.62553,1.418689852039084e+31,5.316458159345427e+30,5.7294336570366236,v47
14318066.24973097,5325.064816490362,4972757627.711499,1.4168235878080369e+31,5.311616725868667e+30,5.729717049562682,v47
14330866.24973097,5324.476491294391,4971677603.681624,1.4155824602256192e+31,5.308396216298938e+30,5.729905717281834,v47
14343666.24973097,5323.889116732381,4970599403.308961,1.414344265296841e+31,5.30518211987061e+30,5.73009410731512,v47
14362866.24973097,5323.010320147997,4968986240.822142,1.4124933820863915e+31,5.300374334082318e+30,5.7303760456564845,v47
14382066.24973097,5322.13362498995,4967377090.530859,1.4106489766338532e+31,5.29558087262143e+30,5.730657373975453,v47
14394866.24973097,5321.549992647416,4966306037.972595,1.4094223153721402e+31,5.292392252956362e+30,5.730844676997572,v47
14407666.24973097,5320.967248136357,4965236723.744275,1.4081984479167523e+31,5.289209966290841e+30,5.7310317163253846,v47
14426866.24973097,5320.095206887772,4963636679.274689,1.4063686878339054e+31,5.284449730907234e+30,5.731311663691717,v47
14446066.24973097,5319.225063539216,4962040433.645349,1.4045450175734936e+31,5.279703637359309e+30,5.731591036339719,v47
14458866.24973097,5318.645706899425,4960977891.3024435,1.4033320037427053e+31,5.276546503618468e+30,5.731777050821589,v47
14471666.24973097,5318.067144134739,4959916996.067538,1.40212161079701e+31,5.273395621188429e+30,5.731962816703955,v47
14481266.24973097,5317.633633487279,4959122227.178142,1.4012153172572708e+31,5.271036213834624e+30,5.732102009114036,v47
14490866.24973097,5317.200556385836,4958328370.175367,1.400310472130438e+31,5.268680307761939e+30,5.73224106409115,v47
14505266.24973097,5316.551969670748,4957139657.542867,1.3989563487713763e+31,5.265153752156054e+30,5.732449325098253,v47
14519666.24973097,5315.904328064004,4955952962.249344,1.3976054226535583e+31,5.261635027074601e+30,5.732657282489515,v47
14530466.24973097,5315.4190795638615,4955064044.914094,1.3965940544505512e+31,5.259000685250889e+30,5.732813089666245,v47
14541266.24973097,5314.934336036531,4954176243.706272,1.3955844409683743e+31,5.256370728304867e+30,5.7329687291120095,v47
14549366.24973097,5314.5710427128315,4953511005.500902,1.3948282431537157e+31,5.254400894311055e+30,5.7330853695649875,v47
14557466.24973097,5314.208029033329,4952846387.943883,1.394073021564596e+31,5.252433517888189e+30,5.733201916839251,v47
14569616.24973097,5313.664178694516,4951850877.12818,1.3929423121029577e+31,5.249487583241152e+30,5.733376518785709,v47
14581766.24973097,5313.120944264051,4950856747.8897505,1.3918137710796e+31,5.246547149335726e+30,5.73355091345042,v47
14590878.74973097,5312.713832610458,4950111908.836078,1.390968608545588e+31,5.244345127263583e+30,5.73368159944802,v47
14599991.24973097,5312.307058446201,4949367837.596887,1.390124648194723e+31,5.242146187418327e+30,5.733812170363748,v47
14613659.99973097,5311.6977112851755,4948253482.584804,1.388861323751574e+31,5.238854210751619e+30,5.734007756037929,v47
14627328.74973097,5311.089110692426,4947140836.697223,1.3876006725840281e+31,5.235569129205678e+30,5.734203085685535,v47
14637580.31223097,5310.633041214289,4946307289.280754,1.3866567185997092e+31,5.233109457236967e+30,5.734349447212729,v47
14647831.87473097,5310.177378809285,4945474691.482525,1.3857142442551583e+31,5.230653646866305e+30,5.734495666622325,v47
14663209.21848097,5309.49486941548,4944227963.0522,1.384303750671839e+31,5.226977989229372e+30,5.73471466098424,v47
14678586.56223097,5308.813262448439,4942983349.685311,1.3828965492969899e+31,5.223310964023017e+30,5.73493333891196,v47
14690119.57004347,5308.302515108759,4942051048.806352,1.3818430373189556e+31,5.220565874943932e+30,5.735097179769597,v47
14701652.57785597,5307.792259087464,4941119923.206938,1.3807913466289794e+31,5.217825617459713e+30,5.735260844938246,v47
14710302.333715346,5307.409819165991,4940422224.7794075,1.3800036290831935e+31,5.215773324525237e+30,5.735383500520978,v47
14718952.08957472,5307.027650658432,4939725182.134297,1.3792169256042838e+31,5.213723738707836e+30,5.735506058115498,v47
14731926.723363783,5306.455059137913,4938681118.81363,1.3780390790274415e+31,5.210655012653106e+30,5.735689663011591,v47
14744901.357152846,5305.8830750001225,4937638522.583048,1.3768634997865744e+31,5.207592343145399e+30,5.735873048648313,v47
14764363.30783644,5305.026575335455,4936077979.538964,1.3751050593950183e+31,5.203010972738604e+30,5.736147610000491,v47
14783825.258520033,5304.171427236977,4934520703.018407,1.3733516650695e+31,5.198443122881636e+30,5.73642168318573,v47
14796625.258520033,5303.609499253829,4933497852.100096,1.3722007323228348e+31,5.195445338486129e+30,5.736601747099774,v47
14809425.258520033,5303.0481369342115,4932476396.068024,1.3710519451219356e+31,5.192453369601812e+30,5.736781602716123,v47
14828625.258520033,5302.207482926577,4930947404.418061,1.3693334404624467e+31,5.187977546737814e+30,5.737050893646009,v47
14847825.258520033,5301.368100788845,4929421528.401137,1.3676197305484941e+31,5.183514702204212e+30,5.737319719100319,v47
14854225.258520033,5301.088374434672,4928913207.4801035,1.3670491206601587e+31,5.182029121273695e+30,5.73740929243178,v47
14860625.258520033,5300.808782184955,4928405227.923789,1.3664790321387146e+31,5.180544978574481e+30,5.73749881483886,v47
14870225.258520033,5300.389727364875,4927644042.586557,1.3656250404869876e+31,5.178321770071377e+30,5.737632977557917,v47
14879825.258520033,5299.97097591916,4926883625.377166,1.3647722213223894e+31,5.176101781500208e+30,5.737767025585287,v47
14894225.258520033,5299.343603424172,4925744760.969645,1.3634955572530156e+31,5.172778523927142e+30,5.737967825822799,v47
14908625.258520033,5298.716922396755,4924607618.93792,1.3622215293545507e+31,5.169462466774374e+30,5.738168368703974,v47
14930225.258520033,5297.778592281486,4922905847.92576,1.36031622027832e+31,5.164503401869129e+30,5.738468574342641,v47
14951825.258520033,5296.848691175007,4921210918.507839,1.3584255047800089e+31,5.159560477383828e+30,5.738767676240011,v47
14964625.258520033,5296.681204132931,4920344254.124319,1.357775342133547e+31,5.156640467728337e+30,5.73892065513564,v47
14977425.258520033,5296.198951057886,4919369577.737854,1.3567432406100365e+31,5.153726067791297e+30,5.7390927319195395,v47
14996625.258520033,5295.397238798114,4917871815.603903,1.3550963906675353e+31,5.1493662038358e+30,5.739357224701203,v47
15015825.258520033,5294.5728596207555,4916365138.503457,1.3534230790314802e+31,5.145018789634349e+30,5.739623373080139,v47
15041425.258520033,5293.462458114205,4914355119.444623,1.3511825327435302e+31,5.139243029725441e+30,5.73997856178454,v47
15067025.258520033,5292.349746602369,4912348616.1584215,1.3489445825807322e+31,5.133489059522504e+30,5.740333274144116,v47
15079825.258520033,5291.793267766504,4911346475.851257,1.3478272244747378e+31,5.130618628186646e+30,5.7405104881162226,v47
15092625.258520033,5291.237148127702,4910345699.039796,1.34671173378146e+31,5.127753611716051e+30,5.740687497063601,v47
15111825.258520033,5290.404475138983,4908847955.95463,1.3450433149250485e+31,5.123467384545772e+30,5.740952472614587,v47
15131025.258520033,5289.573491076137,4907353705.301293,1.3433802076334073e+31,5.119193247212748e+30,5.7412169108731845,v47
15143825.258520033,5289.020217709074,4906359066.659913,1.3422739633060536e+31,5.116349734639261e+30,5.741392977193835,v47
15156625.258520033,5288.467752220827,4905365998.199976,1.3411701391288726e+31,5.113511568870257e+30,5.74156880118031,v47
15161425.258520033,5288.260660624188,4904993800.964549,1.3407565910596354e+31,5.112448264746329e+30,5.7416347083270045,v47
15166225.258520033,5288.053683001959,4904621823.435811,1.340343382488444e+31,5.111385711197727e+30,5.741700581565828,v47
15173425.258520033,5287.743489588174,4904064359.406952,1.3397243152196741e+31,5.109793451430614e+30,5.741799311832998,v47
15180625.258520033,5287.433556518478,4903507389.292013,1.3391060143488468e+31,5.10820287466949e+30,5.741897965833789,v47
15191425.258520033,5286.969274636347,4902673058.598316,1.338180238064942e+31,5.105820529975802e+30,5.742045768627815,v47
15202225.258520033,5286.505574650503,4901839828.453735,1.3372561723528097e+31,5.103441956767367e+30,5.742193401563377,v47
15218425.258520033,5285.811390892626,4900592475.436866,1.3358737880977316e+31,5.09988197976646e+30,5.742414456305033,v47
15234625.258520033,5285.1184745916335,4899347546.194164,1.3344951684163552e+31,5.096330440341937e+30,5.742635137616217,v47
15240700.258520033,5284.858756350033,4898881008.859336,1.3339787808874595e+31,5.095000201737669e+30,5.742717852400479,v47
15246775.258520033,5284.599209131593,4898414806.827233,1.3334629112787204e+31,5.093671147255758e+30,5.742800515606309,v47
15255887.758520033,5284.210317162937,4897716266.284855,1.3326902591123247e+31,5.091680042710438e+30,5.742924389940448,v47
15265000.258520033,5283.821820194053,4897018471.356362,1.331918775472414e+31,5.089691591529631e+30,5.7430481496932435,v47
15278669.008520033,5283.239963754977,4895973470.47152,1.3307640472718146e+31,5.086714463682014e+30,5.743233522303489,v47
15292337.758520033,5282.658933019949,4894930117.966152,1.3296118613238543e+31,5.083743275254226e+30,5.743418641984583,v47
15302589.321020033,5282.223586019649,4894148507.2166195,1.3287491745012167e+31,5.081518444980687e+30,5.743557347270029,v47
15312840.883520033,5281.788683093866,4893367808.193946,1.3278878849949836e+31,5.079296942528777e+30,5.7436959128743625,v47
15328218.227270033,5281.137378377236,4892198829.306619,1.3265989804421312e+31,5.075971646279782e+30,5.743903435280147,v47
15343595.571020033,5280.487042684419,4891031866.285546,1.325313160289921e+31,5.072653792962488e+30,5.744110649284931,v47
15355128.578832533,5279.99978871919,4890157748.407679,1.3243505590723703e+31,5.07016986342441e+30,5.74426589607468,v47
15366661.586645033,5279.513080974521,4889284744.5646925,1.3233896781095508e+31,5.0676901016585675e+30,5.744420972707307,v47
15375311.342504408,5279.148320873322,4888630603.937017,1.322669992680584e+31,5.0658327787075354e+30,5.744537189571654,v47
15383961.098363783,5278.783844797444,4887977082.928098,1.3219512457100095e+31,5.063977791749163e+30,5.74465331188217,v47
15396935.732152846,5278.237815242315,4886998213.1555605,1.3208751701154898e+31,5.061200198581151e+30,5.744827273546219,v47
15409910.365941908,5277.692419657032,4886020722.688126,1.3198011873546165e+31,5.058427833817206e+30,5.745001024859022,v47
15429372.316625502,5276.875834693039,4884557621.930783,1.3181947461668638e+31,5.0542802147590606e+30,5.745261159548175,v47
15448834.267309096,5276.060629679517,4883097573.367903,1.3165929212414724e+31,5.050144273929465e+30,5.745520829254451,v47
15461634.267309096,5275.524990500465,4882138580.912527,1.3155414759868947e+31,5.047429661705684e+30,5.745691428357766,v47
15474434.267309096,5274.989924130508,4881180887.796431,1.3144919855655385e+31,5.0447200753168544e+30,5.7458618297620605,v47
15493634.267309096,5274.188701497503,4879747309.549303,1.312921993321294e+31,5.0406661993792375e+30,5.746116967435033,v47
15512834.267309096,5273.388744609062,4878316620.32663,1.3113563410662568e+31,5.036623543705983e+30,5.746371665679948,v47
15525634.267309096,5272.855926423262,4877364067.215955,1.310314567644725e+31,5.0339339152120936e+30,5.746541285237722,v47
15538434.267309096,5272.323650462225,4876412780.725668,1.3092746872348851e+31,5.0312492468391443e+30,5.746710712314512,v47
15548034.267309096,5271.924721879246,4875700012.681004,1.3084958685761641e+31,5.0292387162706675e+30,5.74683768017708,v47
15557634.267309096,5271.52609595532,4874987951.42749,1.3077181068685763e+31,5.027230963846858e+30,5.746964540671382,v47
15572034.267309096,5270.928886912303,4873921475.087957,1.306553760264453e+31,5.0242251486017374e+30,5.747154578252377,v47
15586434.267309096,5270.332351293871,4872856579.626039,1.3053917725176823e+31,5.021225547050399e+30,5.747344375628354,v47
15597234.267309096,5269.885304690336,4872058776.503983,1.3045216509980118e+31,5.0189795671659376e+30,5.7474865960506625,v47
15608034.267309096,5269.438631011866,4871261854.06662,1.3036528424522712e+31,5.016737067060832e+30,5.747628682729711,v47
15624234.267309096,5268.769523100515,4870068483.513713,1.302352482654019e+31,5.013380597325447e+30,5.747841497296356,v47
15640434.267309096,5268.10124406196,4868877082.132271,1.3010550509734783e+31,5.0100319059331797e+30,5.748054012725172,v47
15652584.267309096,5267.600457800613,4867984612.825382,1.3000836638291807e+31,5.0075250438252107e+30,5.748213240414124,v47
15664734.267309096,5267.100127305902,4867093240.593175,1.2991139029513812e+31,5.0050225352598867e+30,5.748372301512013,v47
15682959.267309096,5266.350742502721,4865758690.762686,1.2976627997006745e+31,5.00127787937742e+30,5.748610499990703,v47
15701184.267309096,5265.602372666552,4864426594.129176,1.296215324122064e+31,4.997542948227355e+30,5.748848325768515,v47
15713984.267309096,5265.07721017135,4863492195.189817,1.2952005627655862e+31,4.994924976810343e+30,5.749015187484077,v47
15726784.267309096,5264.558237180084,4862561502.6376,1.2941945080113287e+31,4.992311817500893e+30,5.7491814191967805,v47
15736384.267309096,5264.531218410446,4861991607.039771,1.2938646029590806e+31,4.990356732274767e+30,5.749283224394774,v47
15745984.267309096,5264.217951750445,4861327276.012046,1.2932031911835741e+31,4.9884042913899333e+30,5.7494019144443005,v47
15760384.267309096,5263.67045856852,4860294809.422952,1.2921162645949608e+31,4.985481295552191e+30,5.749586408159501,v47
15774784.267309096,5263.097487322464,4859250885.234208,1.2909989924618419e+31,4.982564287110365e+30,5.749772989109139,v47
15785584.267309096,5262.660738633749,4858465078.192643,1.2901531489656884e+31,4.980380096614612e+30,5.7499134631316435,v47
15796384.267309096,5262.220248149113,4857678063.147354,1.289303448297043e+31,4.978199230614002e+30,5.750054175876246,v47
15812584.267309096,5261.555850794137,4856497282.940339,1.2880260298544496e+31,4.9749348689553265e+30,5.750265333823268,v47
15828784.267309096,5260.889998594463,4855317401.14248,1.2867486956967726e+31,4.971677911069342e+30,5.750476382395877,v47
15840934.267309096,5260.390316771289,4854433272.458543,1.2857915011757832e+31,4.969239623875741e+30,5.7506345624450645,v47
15853084.267309096,5259.890726422198,4853550128.5600395,1.284835497852491e+31,4.96680547838631e+30,5.750792595069168,v47
15871309.267309096,5259.142274708682,4852228006.155069,1.2834048627037495e+31,4.9631629230560103e+30,5.751029233681946,v47
15889534.267309096,5258.395022396171,4850908605.577002,1.2819781345827115e+31,4.9595296237721446e+30,5.751265449419984,v47
15902334.267309096,5257.87081511877,4849983295.739246,1.2809781789673494e+31,4.9569827842206283e+30,5.751431148393602,v47
15915134.267309096,5257.34731602448,4849059377.298768,1.2799802834845294e+31,4.9544404894968245e+30,5.751596629748893,v47
15934334.267309096,5256.563830505663,4847676701.966461,1.2784880329017088e+31,4.9506365577620435e+30,5.7518443371284675,v47
15953534.267309096,5255.782037565468,4846297172.211704,1.2770005034952354e+31,4.9468427846063957e+30,5.752091551396603,v47
15979134.267309096,5254.742756110843,4844463395.611695,1.275025289382457e+31,4.9418015044165175e+30,5.752420276500215,v47
16004734.267309096,5253.706400435433,4842635063.106437,1.2730582646338048e+31,4.936778131172856e+30,5.752748149590771,v47
16017534.267309096,5253.188845796442,4841722177.38775,1.2720769568175664e+31,4.934271799369257e+30,5.752911902835953,v47
16030334.267309096,5252.671982063845,4840810619.501711,1.2710976317886702e+31,4.9317699227471777e+30,5.753075448705331,v47
16049534.267309096,5251.898309104234,4839446287.505111,1.2696329423861526e+31,4.928026432566335e+30,5.75332028595179,v47
16068734.267309096,5251.126134846274,4838084878.11481,1.268172609018526e+31,4.9242928946437116e+30,5.753564667532009,v47
16094334.267309096,5250.099278521453,4836274844.745898,1.2662329538333448e+31,4.919331583717532e+30,5.75388968646282,v47
16119934.267309096,5249.074924653594,4834469845.939917,1.2643007619151552e+31,4.914387807852631e+30,5.754213922519279,v47
16132734.267309096,5248.5632382374615,4833568529.420516,1.2633366582692306e+31,4.911921156979618e+30,5.754375873383254,v47
16145534.267309096,5248.052143208367,4832668443.847039,1.2623743661277026e+31,4.9094588676974586e+30,5.754537633207687,v47
16164734.267309096,5247.286909939712,4831321110.050948,1.260934861674483e+31,4.905774565122755e+30,5.754779827027725,v47
16183934.267309096,5246.522972183908,4829976500.135353,1.259499360276034e+31,4.90210000253904e+30,5.755021598555313,v47
16196734.267309096,5246.014182710598,4829081263.813248,1.2585441917780563e+31,4.899655037777516e+30,5.7551826064736025,v47
16209534.267309096,5245.505945201387,4828187218.565045,1.2575907636952295e+31,4.897214380253449e+30,5.755343429969266,v47
16228734.267309096,5244.74490801643,4826848858.884761,1.2561643990155606e+31,4.8935624147413325e+30,5.755584233721012,v47
16247934.267309096,5243.98508740528,4825513141.686955,1.2547418920963574e+31,4.889920069534042e+30,5.755824628605522,v47
16260734.267309096,5243.479009434645,4824623799.421335,1.253795323012266e+31,4.8874965235819683e+30,5.755984724339679,v47
16273534.267309096,5242.973451336517,4823735614.777713,1.2528504344298057e+31,4.885077232143914e+30,5.756144641139693,v47
16283134.267309096,5242.594550468893,4823070113.81293,1.2521427358290232e+31,4.883265308014895e+30,5.756264483253361,v47
16292734.267309096,5242.215935090559,4822405258.465663,1.2514359708786744e+31,4.8814557676046243e+30,5.756384225618727,v47
16307134.267309096,5241.648701972107,4821409448.111077,1.2503778555056152e+31,4.8787464547163536e+30,5.756563604819474,v47
16321534.267309096,5241.082106341833,4820415079.849448,1.2493218250182898e+31,4.876042474515443e+30,5.756742761222616,v47
16332334.267309096,5240.657488223787,4819670097.000106,1.248531003644292e+31,4.874017678143101e+30,5.756877009804569,v47
16343134.267309096,5240.233219094504,4818925917.418557,1.2477413388332841e+31,4.871995868901633e+30,5.757011134353817,v47
16359334.267309096,5239.597665591943,4817811480.361642,1.2465593624664928e+31,4.8689694173660125e+30,5.757212029676134,v47
16375534.267309096,5238.9628936901645,4816698836.77835,1.2453799698239005e+31,4.865949644874859e+30,5.757412648059339,v47
16387684.267309096,5238.487216290342,4815865340.235092,1.2444969137909624e+31,4.8636888078684945e+30,5.757562964400314,v47
16399834.267309096,5238.01196721957,4815032842.235049,1.2436152909630804e+31,4.861431710181181e+30,5.757713126630946,v47
16408946.767309096,5237.655750343827,4814409019.070383,1.2429549010370013e+31,4.859741122789651e+30,5.757825666054259,v47
16418059.267309096,5237.299771848673,4813785753.853131,1.2422953112505102e+31,4.8580526309451894e+30,5.757938119385908,v47
16424893.642309096,5237.0329107209545,4813318612.840138,1.2418010815310305e+31,4.856787515516456e+30,5.758022413377805,v47
16431728.017309096,5236.766181643694,4812851784.217703,1.241307298501333e+31,4.855523575486425e+30,5.758106659172972,v47
16441979.579809096,5236.366409861959,4812152255.315661,1.240567597312472e+31,4.8536301330338607e+30,5.758232914306529,v47
16452231.142309096,5235.9669271317625,4811453427.668579,1.2398288907918206e+31,4.8517393240614433e+30,5.758359061200514,v47
16467608.486059096,5235.368424923973,4810406787.34448,1.2387230114369628e+31,4.848908635074493e+30,5.758548026788843,v47
16482985.829809096,5234.771812887079,4809362251.692113,1.2376208073399906e+31,4.846083847088412e+30,5.7587366533847275,v47
16494518.837621596,5234.706144507759,4808714199.709909,1.2372252117598953e+31,4.843970986041279e+30,5.758853701903402,v47
16506051.845434096,5234.3388721086285,4807966067.787773,1.2364931952968665e+31,4.8418614046969426e+30,5.7589888460725485,v47
16523351.357152846,5233.707719034406,4806807005.11089,1.2353011143168595e+31,4.838704022285316e+30,5.759198263194875,v47
16540650.868871596,5233.051014871915,4805636834.461913,1.234080159723546e+31,4.8355540125239506e+30,5.759409738514463,v47
16553450.868871596,5232.558440746452,4804768522.768099,1.2331698276333824e+31,4.8332275853715614e+30,5.759566694632006,v47
16566250.868871596,5232.06246009163,4803899364.487602,1.2322563993412914e+31,4.8309051437758283e+30,5.759723832187629,v47
16585450.868871596,5231.315603206974,4802596135.8689575,1.2308848359761732e+31,4.827429815246813e+30,5.759959499815303,v47
16604650.868871596,5230.570340937082,4801294386.749442,1.2295167749991643e+31,4.823963376861122e+30,5.760194963750074,v47
16617450.868871596,5230.073410977965,4800427392.718103,1.2286057696293847e+31,4.8216567430801203e+30,5.760351823418922,v47
16630250.868871596,5229.576685968376,4799561396.628051,1.2276960178290212e+31,4.819354039284908e+30,5.760508530820371,v47
16639850.868871596,5229.204320490333,4798912490.649272,1.227014534197746e+31,4.817629361100535e+30,5.7606259729427745,v47
16649450.868871596,5228.832201779123,4798264212.800233,1.2263339117064515e+31,4.815906885008649e+30,5.76074331724171,v47
16656650.868871596,5228.553262457596,4797778361.4159975,1.225823969770904e+31,4.8146163451455243e+30,5.76083127123889,v47
16663850.868871596,5228.274493240141,4797292878.695017,1.2253145485931306e+31,4.813327040561454e+30,5.760919167393774,v47
16674650.868871596,5227.856782536919,4796565513.526939,1.2245515943380166e+31,4.811395677363551e+30,5.761050872768823,v47
16685450.868871596,5227.439517716552,4795839004.694864,1.2237898821845067e+31,4.809467082720776e+30,5.761182443023947,v47
16701650.868871596,5226.814717443766,4794751212.333248,1.2226500701441466e+31,4.8065800005759694e+30,5.761379478748107,v47
16717850.868871596,5226.190983091054,4793665363.4689665,1.2215131111608356e+31,4.803699115328895e+30,5.761576207026744,v47
16730000.868871596,5225.72375589793,4792852049.724208,1.2206620403889842e+31,4.801542155386277e+30,5.761723588044074,v47
16742150.868871596,5225.257127028658,4792039819.354672,1.2198125635817873e+31,4.79938866721968e+30,5.761870797704105,v47
16760375.868871596,5224.558588552781,4790823932.097725,1.2185418136448903e+31,4.79616571873293e+30,5.762091213288772,v47
16778600.868871596,5223.8613815510935,4789610444.161879,1.2172746042857118e+31,4.7929505342641785e+30,5.762311249707379,v47
16791400.868871596,5223.372313931105,4788759322.742641,1.2163863913815672e+31,4.790696542198525e+30,5.7624656130680645,v47
16804200.868871596,5222.883864971295,4787909363.545787,1.2154998731820074e+31,4.788446363122133e+30,5.762619793024414,v47
16823400.868871596,5222.152662985119,4786637054.892727,1.2141737868345244e+31,4.7850790939150357e+30,5.762850637016977,v47
16842600.868871596,5221.422847210415,4785367307.337958,1.21285146692327e+31,4.781720347269505e+30,5.763081077513581,v47
16855400.868871596,5220.936867830344,4784521909.375617,1.2119716546743146e+31,4.779485325900075e+30,5.763234538713684,v47
16868200.868871596,5220.451475883399,4783677627.375606,1.211093473227306e+31,4.7772540750009153e+30,5.763387824402728,v47
16877800.868871596,5220.087743953337,4783045030.042571,1.2104357780652576e+31,4.775582889486623e+30,5.763502694893384,v47
16887400.868871596,5219.724334206127,4782413052.582571,1.2097789865533927e+31,4.7739138171581604e+30,5.763617467995348,v47
16901800.868871596,5219.179974405743,4781466494.621992,1.208795755639707e+31,4.7714146467457173e+30,5.763789400273832,v47
16916200.868871596,5218.636326331275,4780521313.959853,1.2078145314608859e+31,4.768920206050922e+30,5.763961116346064,v47
16927000.868871596,5218.228959658721,4779813185.451888,1.2070797638647935e+31,4.767052200743563e+30,5.764089788121751,v47
16937800.868871596,5217.821991104666,4779105820.802268,1.2063461147016931e+31,4.765186845729117e+30,5.764218340132447,v47
16954000.868871596,5217.212447309662,4778046509.06587,1.2052480383464136e+31,4.7623943785881506e+30,5.764410888384369,v47
16970200.868871596,5216.6037556387655,4776988893.136825,1.2041524191149773e+31,4.759607839908513e+30,5.764603170984904,v47
16982350.868871596,5216.147683926096,4776196612.845343,1.203332119888656e+31,4.757521475755227e+30,5.764747241445709,v47
16994500.868871596,5215.692077815751,4775405273.068968,1.2025131795815124e+31,4.755438431948601e+30,5.76489116473861,v47
17012725.868871596,5215.009769658461,4774220401.545937,1.2012877120237358e+31,4.752320836798112e+30,5.7651067054035074,v47
17030950.868871596,5214.328489298378,4773037618.798975,1.2000652598463474e+31,4.7492106632453077e+30,5.765321919456309,v47
17043750.868871596,5213.850467479472,4772207914.04747,1.1992082287333965e+31,4.747030236787509e+30,5.765472920787748,v47
17056550.868871596,5213.372937176699,4771379225.150483,1.198352659127089e+31,4.744853454146341e+30,5.765623763447151,v47
17066150.868871596,5213.015047553761,4770758268.136539,1.1977118269374157e+31,4.7432230428789707e+30,5.765736810740894,v47
17075750.868871596,5212.657433563053,4770137877.422695,1.1970718117312394e+31,4.74159467358403e+30,5.76584976963277,v47
17090150.868871596,5212.121672451391,4769208581.8782425,1.1961135650763572e+31,4.739156410624655e+30,5.766019000483127,v47
17104550.868871596,5211.586507687791,4768280550.800653,1.1951571251281256e+31,4.7367227173688977e+30,5.766188033976826,v47
17115350.868871596,5211.18544918524,4767585223.612008,1.1944408423198509e+31,4.7349001754439216e+30,5.766314703864523,v47
17126150.868871596,5210.784700810996,4766890601.140269,1.1937255468670277e+31,4.733080193795962e+30,5.76644126381918,v47
17134250.868871596,5210.484313232743,4766370023.165157,1.1931896584327348e+31,4.7317167363962046e+30,5.766536125021921,v47
17142350.868871596,5210.184110903414,4765849839.136816,1.192654333051038e+31,4.7303547147060064e+30,5.766630924788007,v47
17148425.868871596,5209.959057226998,4765459918.650322,1.1922531662216957e+31,4.729334055946225e+30,5.766701991753645,v47
17154500.868871596,5209.734106660696,4765070218.665385,1.1918523141368817e+31,4.728314202842056e+30,5.766773024340798,v47
17163613.368871596,5209.396925783445,4764486172.220874,1.1912517180248592e+31,4.726786118309045e+30,5.766879492318085,v47
17172725.868871596,5209.059976931324,4763902620.395787,1.1906518282100671e+31,4.7252598398393965e+30,5.766985883164795,v47
17186394.618871596,5208.555106631104,4763028420.882777,1.189753524466102e+31,4.722974219705973e+30,5.767145288129102,v47
17200063.368871596,5208.050776417007,4762155326.8994255,1.1888568188147187e+31,4.7206926438367604e+30,5.767304520710963,v47
17210314.931371596,5207.672799994343,4761501115.084721,1.1881852027765864e+31,4.718983876010877e+30,5.767423853273325,v47
17220566.493871596,5207.297873874514,4760848743.418913,1.1875175967508845e+31,4.717277390165581e+30,5.767542866508194,v47
17235943.837621596,5207.142252335063,4760016592.651515,1.186960598437713e+31,4.714725269342044e+30,5.767694700810878,v47
17251321.181371596,5206.6565145270415,4759071554.658104,1.186046679583451e+31,4.7121782151659374e+30,5.7678671647194895,v47
17262854.189184096,5206.259449547354,4758347594.467035,1.185324213971498e+31,4.7102709810144857e+30,5.767999306390158,v47
17274387.196996596,5205.84891450711,4757617524.57399,1.184586803071021e+31,4.70836659705216e+30,5.768132583602762,v47
17283036.95285597,5205.53669326083,4757068119.818712,1.1840291375469794e+31,4.7069400025944585e+30,5.768232893150647,v47
17291686.708715346,5205.221820703136,4756517699.172659,1.1834687691943038e+31,4.705514993558744e+30,5.768333399796247,v47
17304661.34250441,5204.746298014912,4755691196.043841,1.1826252672563754e+31,4.7033808028302036e+30,5.768484340867023,v47
17317635.97629347,5204.269021470052,4754864577.703019,1.1817806053389106e+31,4.701250144475619e+30,5.768635329218705,v47
17337097.926977064,5203.551687167453,4753625731.651726,1.1805137842099247e+31,4.698061564500206e+30,5.768861663364103,v47
17356559.87766066,5202.8341805438195,4752388621.09651,1.1792487762920402e+31,4.6948808638773815e+30,5.769087739307492,v47
17369359.87766066,5202.362404798235,4751575832.181711,1.178417925934622e+31,4.6927926742614346e+30,5.769236304569177,v47
17382159.87766066,5201.890947363738,4750764000.211759,1.1775883159456687e+31,4.690707876812426e+30,5.769384720286509,v47
17401359.87766066,5201.1848572071785,4749548604.032685,1.1763469511016374e+31,4.687587805009635e+30,5.769606961334259,v47
17420559.87766066,5200.479998814959,4748335609.773071,1.1751089564950625e+31,4.684475316437823e+30,5.769828819889084,v47
17426959.87766066,5200.245159722221,4747931524.198786,1.1746967523646106e+31,4.683438980558851e+30,5.7699027403602585,v47
17433359.87766066,5200.010461256524,4747527707.250772,1.1742849261515107e+31,4.68240348586728e+30,5.769976617976097,v47
17442959.87766066,5199.65875664705,4746922600.072128,1.1736680232375655e+31,4.680852013456783e+30,5.770087333057221,v47
17452559.87766066,5199.307389856975,4746318105.531642,1.1730519925168496e+31,4.6793024264001975e+30,5.770197950138056,v47
17466959.87766066,5198.781104715366,4745412766.013299,1.172129823888693e+31,4.676982010465742e+30,5.770363645505351,v47
17481359.87766066,5198.255596106425,4744508807.584447,1.1712096286298773e+31,4.6746658166437266e+30,5.770529119647856,v47
17492159.87766066,5197.861885265906,4743831601.286831,1.17052062430844e+31,4.6729311913689506e+30,5.770653106328768,v47
17502959.87766066,5197.468606263407,4743155164.505033,1.1698327191591193e+31,4.671198932907566e+30,5.770776969793298,v47
17519159.87766066,5196.879692069195,4742142255.209183,1.1688032441519102e+31,4.668605522351615e+30,5.770962478333542,v47
17535359.87766066,5196.29174581592,4741131054.414239,1.1677762203049788e+31,4.66601740938654e+30,5.771147713499783,v47
17547509.87766066,5195.851299908338,4740373593.118329,1.167007359871939e+31,4.6640794854467504e+30,5.771286493693011,v47
17559659.87766066,5195.411382601103,4739617076.612627,1.1662398521627572e+31,4.6621445298420587e+30,5.771425122919996,v47
17568772.37766066,5195.081729336993,4739050210.394692,1.1656650036548635e+31,4.6606950845409877e+30,5.771529013841901,v47
17577884.87766066,5194.752365337377,4738483869.043708,1.1650909040033521e+31,4.659247303751738e+30,5.7716328209806935,v47
17591553.62766066,5194.25899278662,4737635548.385718,1.1642313764838756e+31,4.657079134955644e+30,5.771788336531059,v47
17605222.37766066,5193.766244612825,4736788393.811767,1.1633734986986866e+31,4.6549146937333283e+30,5.7719436661046615,v47
17615473.94016066,5193.3970217800925,4736153669.848368,1.1627310471102512e+31,4.6532935868499404e+30,5.772060063782762,v47
17625725.50266066,5193.028152279405,4735519592.648136,1.1620895187677804e+31,4.651674569776563e+30,5.772176358431845,v47
17633414.17453566,5192.751690010581,4735044391.529839,1.161608907023504e+31,4.6504615540587026e+30,5.7722635241905005,v47
17641102.84641066,5192.475422410173,4734569550.469515,1.1611288082241035e+31,4.649249710725632e+30,5.772350632642319,v47
17652635.85422316,5192.061474759098,4733858106.95808,1.1604097703590884e+31,4.6474344140696886e+30,5.772481161597269,v47
17664168.86203566,5191.647959159871,4733147465.2645855,1.159691874846384e+31,4.645621744511222e+30,5.772611563027508,v47
17672818.617895033,5191.338053550998,4732614925.789789,1.159154113903411e+31,4.644263809903766e+30,5.772709295865493,v47
17681468.37375441,5191.02838572533,4732082832.152187,1.1586169870782965e+31,4.64290734879508e+30,5.772806957866677,v47
17694443.00754347,5190.5644362754065,4731285704.652547,1.1578126662238934e+31,4.6408757593292376e+30,5.7729532854978745,v47
17707417.641332533,5190.1010108496885,4730489569.383146,1.1570097537207205e+31,4.63884747040649e+30,5.773099455596044,v47
17717148.61667433,5189.753722363367,4729893014.270704,1.156408384805075e+31,4.637328222494781e+30,5.773208998985663,v47
17726879.592016127,5189.40672229658,4729297010.49988,1.155807797423509e+31,4.635810825211608e+30,5.773318454932115,v47
17741476.055028822,5188.886895986517,4728404257.910478,1.15490860562373e+31,4.633538624618933e+30,5.773482434534951,v47
17756072.518041518,5188.367712981141,4727512732.009637,1.1540111559956168e+31,4.631270567061008e+30,5.773646219720785,v47
17767019.86530104,5187.978701996855,4726844762.107749,1.1533391060736892e+31,4.629571994388767e+30,5.773768954932831,v47
17777967.21256056,5187.590028638585,4726177472.727005,1.1526680075894427e+31,4.6278757437218776e+30,5.773891582422398,v47
17786177.7230052,5187.298701949012,4725677381.267791,1.1521652344534956e+31,4.6266049405213584e+30,5.773983495370594,v47
17794388.233449843,5187.00756332764,4725177669.708807,1.1516629925051425e+31,4.6253354395030864e+30,5.774075348212116,v47
17806703.999116804,5186.571299745306,4724428967.877211,1.150910780684233e+31,4.6234339304009443e+30,5.774212986565629,v47
17819019.764783766,5186.135457493632,4723681115.333242,1.1501597571980158e+31,4.6215353381850646e+30,5.774350490566297,v47
17828256.589033987,5185.808798128929,4723120694.156529,1.1495971771566605e+31,4.6201131333574383e+30,5.774453546745429,v47
17837493.41328421,5185.482371852419,4722560746.436479,1.149035258688339e+31,4.618692564197451e+30,5.774556528073684,v47
17851348.64965954,5184.993420742613,4721721900.573271,1.1481939341359762e+31,4.616565155031243e+30,5.774710825078182,v47
17865203.886034872,5184.505004589279,4720884107.575806,1.1473540976898202e+31,4.6144414083991824e+30,5.774864955781683,v47
17885986.74059787,5183.773559681562,4719629814.587595,1.1460974899001272e+31,4.6112634934544464e+30,5.775095762083614,v47
17906769.595160868,5183.043232947329,4718377867.290372,1.1448441317150424e+31,4.608093762363874e+30,5.7753261979231825,v47
17917161.022442367,5182.678298615921,4717752448.685611,1.1442183437239673e+31,4.6065113160689516e+30,5.775441336582879,v48
17927552.449723866,5182.313635651199,4717127609.067682,1.1435933551868047e+31,4.604930908496029e+30,5.775556383895352,v48
17943139.590646114,5181.767246569199,4716191672.507967,1.1426575697701579e+31,4.6025645888582206e+30,5.77572873980635,v48
17958726.731568363,5181.221474603815,4715257034.570209,1.1417235822130744e+31,4.6002028291557424e+30,5.775900890708246,v48
17964571.909414206,5181.016873825778,4714906713.199598,1.141373634961223e+31,4.5993180062441175e+30,5.775965425171183,v48
17970417.08726005,5180.81235764394,4714556572.5550995,1.1410239372601454e+31,4.598433823509071e+30,5.776029931133085,v48
17979184.854028814,5180.505785120026,4714031774.562395,1.1404999321575604e+31,4.597108898878713e+30,5.776126622966131,v48
17987952.62079758,5180.19940545071,4713507382.870846,1.139976489765658e+31,4.595785409291251e+30,5.776223250692381,v48
18014255.921103872,5179.74597648164,4712109746.275423,1.1389016995236992e+31,4.591826615131806e+30,5.776480840559328,event1799
18020831.746180445,5179.54450231378,4711728989.111513,1.1385404930626792e+31,4.590839218064716e+30,5.7765510288297195,v49
18027407.57125702,5179.333542321454,4711343726.796369,1.1381688645368312e+31,4.589852638446957e+30,5.776622053346962,v49
18037271.30887188,5179.005915020619,4710760589.948616,1.1375992445631646e+31,4.588374477313437e+30,5.776729567807419,v49
18047135.04648674,5178.671794074136,4710174526.192309,1.137022740559589e+31,4.5868981190071523e+30,5.776837635319868,v49
18061930.65290903,5178.163023870161,4709292397.238647,1.13615030694604e+31,4.5846873562788815e+30,5.777000321272751,v49
18076726.25933132,5177.650245160141,4708409012.076738,1.1352742977600414e+31,4.5824805905727864e+30,5.777163269442655,v49
18082274.61173968,5177.457481785424,4708077624.612919,1.1349454661919024e+31,4.5816537866385516e+30,5.7772244046632615,v49
18087822.964148037,5177.264372983848,4707746185.900414,1.1346163848268241e+31,4.58082754280854e+30,5.777285553642633,v49
18096145.492760576,5176.974194117695,4707249051.5768795,1.134122468340226e+31,4.579589356392171e+30,5.77737728080265,v49
18104468.021373115,5176.683672849676,4706752032.857376,1.1336284830887843e+31,4.5783524235852717e+30,5.777468996316829,v49
18116951.814291924,5176.247549526494,4706006995.650531,1.1328877719185427e+31,4.5764996633936724e+30,5.777606497148388,v49
18129435.60721073,5175.81133671432,4705262584.13793,1.1321476786294955e+31,4.574649708315942e+30,5.777743904247449,v49
18148161.296588942,5175.157477563035,4704147700.420412,1.1310395145205523e+31,4.57188067839134e+30,5.777949735573369,v49
18166886.98596715,5174.504319397935,4703034697.908693,1.1299337522435592e+31,4.569117920606943e+30,5.778155268252963,v49
18192486.98596715,5173.613411958205,4701516892.326711,1.128427074056902e+31,4.565352036809715e+30,5.7784356323248725,v49
18218086.98596715,5172.724520336355,4700002934.309177,1.1269256380640052e+31,4.561597787909849e+30,5.778715375868749,v49
18230886.98596715,5172.280534953831,4699246881.178475,1.126176376653611e+31,4.5597241006190025e+30,5.778855110298556,v49
18243686.98596715,5171.837080136164,4698491794.32925,1.1254284466971145e+31,4.5578533105891395e+30,5.778994688579675,v49
18253286.98596715,5171.504780239953,4697926016.0747595,1.1248682758596468e+31,4.556451944403603e+30,5.779099287748917,v49
18262886.98596715,5171.172785205715,4697360781.711385,1.1243088581501283e+31,4.555052202408243e+30,5.779203798945041,v49
18277286.98596715,5170.675513395891,4696514169.719467,1.123471376888544e+31,4.552956011732447e+30,5.779360360074201,v49
18291686.98596715,5170.1789372586245,4695668776.62398,1.122635592010155e+31,4.550863458095767e+30,5.7795167239608505,v49
18302486.98596715,5169.806879116529,4695035404.681598,1.1220097327609565e+31,4.549296210007277e+30,5.779633890867474,v49
18313286.98596715,5169.435206938018,4694402711.093035,1.121384817363403e+31,4.547731000980342e+30,5.779750948067821,v49
18321386.98596715,5169.156660165801,4693928565.816873,1.1209166762261923e+31,4.5465583094465897e+30,5.779838681945614,v49
18329486.98596715,5168.878326865245,4693454798.821158,1.1204490603496511e+31,4.545386761931539e+30,5.779926354680018,v49
18341636.98596715,5168.461323904355,4692745007.306256,1.1197487757579528e+31,4.5436318527723417e+30,5.780057721386536,v49
18353786.98596715,5168.044796137436,4692036058.778057,1.1190496621900962e+31,4.541879507230586e+30,5.7801889519105805,v49
18372011.98596715,5167.421110927221,4690974543.606353,1.1180035268126168e+31,4.5392563912285405e+30,5.780385481661225,v49
18390236.98596715,5166.798441237409,4689914893.069607,1.1169599562424492e+31,4.536639012210097e+30,5.780581710552277,v49
18396636.98596715,5166.579871050764,4689542991.192659,1.1165938571100848e+31,4.5357208219965063e+30,5.7806505908372765,v49
18403036.98596715,5166.3614474433725,4689171315.972676,1.1162280905270432e+31,4.5348033381472104e+30,5.780719434600674,v49
18412636.98596715,5166.034199190768,4688614317.271611,1.1156802031810905e+31,4.5334286026074545e+30,5.780822615232881,v49
18422236.98596715,5165.707226120946,4688057822.38343,1.115133012682425e+31,4.5320554506340467e+30,5.780925714778574,v49
18436636.98596715,5165.217407130689,4687224223.814014,1.114313734355777e+31,4.5299990617319636e+30,5.781080175095816,v49
18451036.98596715,5164.728196745779,4686391745.934831,1.1134960048631553e+31,4.527946219139397e+30,5.781234455173581,v49
18461836.98596715,5164.3615995099935,4685768004.71265,1.1128835901281685e+31,4.5264086990629374e+30,5.781350068811648,v49
18472636.98596715,5163.99534096302,4685144886.395326,1.1122720379410014e+31,4.5248731670334687e+30,5.781465582358868,v49
18488836.98596715,5163.446727238968,4684211621.959645,1.1113565610184857e+31,4.5225740599606015e+30,5.78163861947003,v49
18505036.98596715,5162.898832729141,4683279742.037903,1.1104429746119641e+31,4.5202794020254717e+30,5.781811434279638,v49
18511111.98596715,5162.693450603594,4682930467.178626,1.110100690560202e+31,4.519419718649341e+30,5.781876215291694,v49
18517186.98596715,5162.488169554751,4682581384.720842,1.109758670751663e+31,4.5185606599520925e+30,5.781940965446353,v49
18526299.48596715,5162.180480821526,4682058199.030461,1.1092462100003836e+31,4.517273390259337e+30,5.782038018475055,v49
18535411.98596715,5161.87301478326,4681535444.137276,1.1087343378331852e+31,4.515987521004794e+30,5.7821350024213425,v49
18549080.73596715,5161.412306397791,4680752292.316985,1.1079677766573865e+31,4.5140616711316356e+30,5.782280316696832,v49
18562749.48596715,5160.952091864749,4679970102.55901,1.1072025272033753e+31,4.512138957725858e+30,5.782425476731347,v49
18573001.04846715,5160.607211343023,4679383990.635402,1.1066293646785008e+31,4.5106987900062464e+30,5.782534264227578,v49
18583252.61096715,5160.262623647039,4678798413.693038,1.1060569483918508e+31,4.509260380836215e+30,5.782642966034891,v49
18590941.28284215,5160.004348655272,4678359526.361765,1.10562807651903e+31,4.5081826211498144e+30,5.782724446479064,v49
18598629.95471715,5159.746231187425,4677920937.274262,1.105199616301586e+31,4.5071058480953296e+30,5.7828058791900245,v49
18610162.96252965,5159.35942154062,4677263732.565506,1.1045578146978478e+31,4.5054927708135873e+30,5.782927916494059,v49
18621695.97034215,5158.972967249185,4676607194.587484,1.1039169363061024e+31,4.503881904547185e+30,5.783049847114528,v49
18638995.4820609,5158.3941031642535,4675623902.764709,1.1029576018102054e+31,4.5014702680612194e+30,5.783232493676556,v49
18656294.99377965,5157.81601397899,4674642095.161313,1.1020003100457925e+31,4.499063578925226e+30,5.783414902872661,v49
18669094.99377965,5157.388688164374,4673916444.98711,1.1012931621914525e+31,4.4972857307648665e+30,5.783549745422228,v49
18681894.99377965,5156.961778976874,4673191597.260943,1.1005871184619742e+31,4.495510579922066e+30,5.783684459760353,v49
18701094.99377965,5156.322383204058,4672106151.208431,1.0995304306829047e+31,4.492853540357279e+30,5.783886231066444,v49
18720294.99377965,5155.687818348197,4671024259.039591,1.0984803599508639e+31,4.490202563639712e+30,5.784087388400405,v49
18733094.99377965,5155.3219214945,4670329468.453589,1.097841889074103e+31,4.4884385236050775e+30,5.784216596104957,v49
18745894.99377965,5154.917714608275,4669617831.602435,1.0971631863392299e+31,4.486677166890558e+30,5.784348956576914,v49
18755494.99377965,5154.608957683836,4669081739.039017,1.0966485054714896e+31,4.4853577544387215e+30,5.784448680115754,v49
18765094.99377965,5154.297876528419,4668544804.464223,1.096131648896402e+31,4.484039853393237e+30,5.784548571762587,v49
18779494.99377965,5153.829103860562,4667738999.332533,1.0953547186429813e+31,4.482066187359881e+30,5.784698505817894,v49
18793894.99377965,5153.359353845134,4666933370.320146,1.0945774898647508e+31,4.480095894558234e+30,5.784848432980436,v49
18804694.99377965,5153.006749209029,4666329375.577382,1.093994721945146e+31,4.478620179663129e+30,5.784960853081054,v49
18815494.99377965,5152.654066836529,4665725697.143411,1.093412289452826e+31,4.4771463532589136e+30,5.785073228848681,v49
18823594.99377965,5152.389529917954,4665273135.235813,1.0929757020642526e+31,4.4760421065001496e+30,5.785157483554045,v49
18831694.99377965,5152.124983974555,4664820792.140218,1.092539351758075e+31,4.47493891836899e+30,5.7852417056902965,v49
18855994.99377965,5151.89160571569,4663645607.024136,1.0917911011506148e+31,4.471638994729731e+30,5.785460552558362,event1883
18862069.99377965,5151.72398545684,4663320033.383774,1.0914966066118489e+31,4.470815782181732e+30,5.78552119171625,v50
18868144.99377965,5151.546386906678,4662989629.705077,1.0911914613054086e+31,4.469993174766772e+30,5.785582734813016,v50
18877257.49377965,5151.26793959287,4662488196.172161,1.090720940856507e+31,4.4687605311461244e+30,5.785676143352788,v50
18886369.99377965,5150.982316556404,4661983349.451544,1.090242913731459e+31,4.467529220765501e+30,5.785770197860483,v50
18900038.74377965,5150.545130498257,4661222146.865615,1.0895169494179762e+31,4.465685050114736e+30,5.785912031517821,v50
18913707.49377965,5150.102882054418,4660458930.2938595,1.0887861570529652e+31,4.463843828893196e+30,5.786054263694017,v50
18934210.61877965,5149.433951744329,4659312686.004539,1.0876853595740304e+31,4.461088191790174e+30,5.786267920248178,v50
18954713.74377965,5148.7624288197385,4658166582.940884,1.0865833474940818e+31,4.458339107047181e+30,5.786481603037001,v50
18967513.74377965,5148.342620033084,4657451362.617983,1.085895472664572e+31,4.456625687265241e+30,5.786614977437714,v50
18980313.74377965,5147.922575469334,4656736618.90614,1.085207976583924e+31,4.454914806761367e+30,5.786748283422628,v50
18989913.74377965,5147.607457628369,4656200876.934446,1.0846926636736648e+31,4.45363315662915e+30,5.786848217426218,v50
18999513.74377965,5147.292288684961,4655665498.681023,1.084177676847877e+31,4.4523529289801984e+30,5.786948095071396,v50
19013913.74377965,5146.819828739753,4654863361.516816,1.083406250937574e+31,4.4504355891371143e+30,5.787097759499802,v50
19028313.74377965,5146.347767933309,4654062204.141354,1.0826360648382462e+31,4.448521433619385e+30,5.787247266862689,v50
19039113.74377965,5145.993973941509,4653461898.074178,1.082059191586763e+31,4.4470877116307114e+30,5.787359309382236,v50
19049913.74377965,5145.640433595416,4652862175.893106,1.0814830539439441e+31,4.4456557747898496e+30,5.787471257357486,v50
19058013.74377965,5145.375438399935,4652412713.121196,1.0810514024163085e+31,4.4445828845362965e+30,5.787555166410852,v50
19066113.74377965,5145.110622621022,4651963587.040298,1.0806201986896513e+31,4.443510995850247e+30,5.787639020705852,v50
19078263.74377965,5144.713837864402,4651290674.581282,1.079974385570327e+31,4.4419052782730736e+30,5.787764672294015,v50
19090413.74377965,5144.31749652166,4650618534.1892,1.0793296180462017e+31,4.4403018056336924e+30,5.787890197864003,v50
19099526.24377965,5144.020485765225,4650114858.381032,1.0788466536750448e+31,4.439100537132188e+30,5.787984273724534,v50
19108638.74377965,5143.723727995182,4649611617.70894,1.0783642797207784e+31,4.437900528127299e+30,5.788078278488109,v50
19122307.49377965,5143.2792317765825,4648857748.900606,1.0776420456609912e+31,4.436103175046437e+30,5.7882191193303365,v50
19135976.24377965,5142.835243477891,4648104858.175023,1.0769210851676023e+31,4.434308644136284e+30,5.788359800239632,v50
19146227.80627965,5142.502570698477,4647540731.865646,1.07638114077318e+31,4.4329644249394454e+30,5.78846522463052,v50
19156479.36877965,5142.1702135488,4646977151.875936,1.0758419344889963e+31,4.4316217886435206e+30,5.788570559703518,v50
19171856.71252965,5141.672366101296,4646133023.169245,1.0750346885464337e+31,4.429611177071248e+30,5.788728354212971,v50
19187234.05627965,5141.175239502531,4645290113.2828455,1.0742291032898057e+31,4.427604110595499e+30,5.78888594949543,v50
19193000.5601859,5140.988904200221,4644974181.937002,1.0739272826512762e+31,4.42685210547565e+30,5.788945025205594,v50
19198767.06409215,5140.802667680991,4644658419.982417,1.073625692070075e+31,4.426100598260648e+30,5.789004073256427,v50
19207416.819951527,5140.523541156642,4644185162.156779,1.0731738044194845e+31,4.424974390098e+30,5.789092580834599,v50
19216066.5758109,5140.244636112311,4643712283.48377,1.0727224320936401e+31,4.423849298707481e+30,5.789181026513367,v50
19229041.209599964,5139.826787098261,4643003825.380621,1.0720464855626399e+31,4.4221640214720365e+30,5.789313551053515,v50
19242015.843389027,5139.409428431274,4642296211.194007,1.071371685150173e+31,4.420481246947068e+30,5.789445937917029,v50
19251746.818730824,5139.096674265497,4641765966.191701,1.0708662479957054e+31,4.419220654541488e+30,5.789545154175778,v50
19261477.79407262,5138.784189510538,4641236190.146148,1.0703614462621647e+31,4.417961465994921e+30,5.78964429400559,v50
19268776.02557897,5138.5499718138135,4640839117.3837385,1.0699832134973801e+31,4.417017909622028e+30,5.789718607778758,v50
19276074.257085316,5138.315903240254,4640442306.150425,1.0696053345698091e+31,4.416075141151373e+30,5.789792878958017,v50
19287021.604344837,5137.965144201637,4639847683.124282,1.0690392802251481e+31,4.4146626541090336e+30,5.789904186470915,v50
19297968.95160436,5137.614716417833,4639253643.530157,1.0684740147386006e+31,4.413251933523216e+30,5.790015399015764,v50
19314389.97249364,5137.089834074299,4638363905.943741,1.0676278137073076e+31,4.411139584812249e+30,5.790181997012824,v50
19330810.993382923,5136.565672726088,4637475462.956621,1.0667833543539137e+31,4.409031191251221e+30,5.7903483844943775,v50
19343126.759049885,5136.172943875834,4636809843.719746,1.0661510212028948e+31,4.407452246855725e+30,5.790473062462571,v50
19355442.524716847,5135.780609697937,4636144942.3824005,1.0655196515510817e+31,4.4058755191777063e+30,5.790597623830107,v50
19373916.17321729,5135.193036013568,4635149217.698401,1.0645746860379745e+31,4.403515109673766e+30,5.79078419443393,v50
19392389.82171773,5134.606394039875,4634155084.485182,1.0636319072690478e+31,4.4011596593897054e+30,5.7909705068286295,v50
19405189.82171773,5134.200288376665,4633467014.845276,1.0629797202867944e+31,4.399530178332615e+30,5.791099482673834,v50
19417989.82171773,5133.7945847314695,4632779698.832343,1.0623285381462147e+31,4.3979030687970916e+30,5.79122833637761,v50
19427589.82171773,5133.490537442239,4632264627.919767,1.0618407466878516e+31,4.3966841460155023e+30,5.791324911179612,v50
19437189.82171773,5133.186725564425,4631749976.835066,1.0613535251748426e+31,4.395466553038172e+30,5.7914214179905175,v50
19451589.82171773,5132.731541264697,4630978953.957231,1.0606239129277216e+31,4.3936429745133215e+30,5.791566019429053,v50
19465989.82171773,5132.276745270744,4630208869.441167,1.0598954605025913e+31,4.391822373463776e+30,5.791710468915695,v50
19476789.82171773,5131.93593692486,4629631824.406759,1.0593498647908175e+31,4.390458691922795e+30,5.791818724546807,v50
19487589.82171773,5131.595422152084,4629055302.113961,1.058804979781525e+31,4.38909667972064e+30,5.791926895585468,v50
19495689.82171773,5131.340177582185,4628623199.099223,1.0583967149611012e+31,4.3880761627046887e+30,5.792007978528682,v50
19503789.82171773,5131.0850647400575,4628191388.47908,1.0579888209772594e+31,4.387056582147387e+30,5.792089014166986,v50
19515939.82171773,5130.702827569689,4627544335.940131,1.0573778799689238e+31,4.3855291921161466e+30,5.792210457283337,v50
19528089.82171773,5130.320944086711,4626897935.749492,1.0567678163727126e+31,4.384003900726413e+30,5.792331794919085,v50
19537202.32171773,5130.03471231386,4626413495.417537,1.0563107705024652e+31,4.3828611793031725e+30,5.792422741717855,v50
19546314.82171773,5129.748663556279,4625929419.095627,1.055854202848088e+31,4.3817196350267547e+30,5.792513629691879,v50
19559983.57171773,5129.32002846499,4625204132.497838,1.0551703916020204e+31,4.380009808045924e+30,5.792649824014923,v50
19573652.32171773,5128.891829847404,4624479659.787111,1.0544876720250857e+31,4.3783026176943254e+30,5.7927858868288595,v50
19583903.88421773,5128.570915942805,4623936754.233815,1.053976266921333e+31,4.377023791319115e+30,5.792887863589294,v50
19594155.44671773,5128.250225460489,4623394302.361337,1.0534654546265363e+31,4.375746443299792e+30,5.792989767091502,v50
19609532.79046773,5127.769689747653,4622581658.362249,1.052700496570102e+31,4.373833547122296e+30,5.793142450510522,v50
19624910.13421773,5127.289692420917,4621770030.103184,1.0519368962080643e+31,4.37192396049584e+30,5.7932949698810745,v50
19636443.14203023,5126.929981257121,4621161869.230438,1.0513649829487855e+31,4.370493736214054e+30,5.793409271669469,v50
19647976.14984273,5126.570563788011,4620554274.120357,1.0507938216592587e+31,4.3690653669772364e+30,5.793523482147188,v50
19665275.66156148,5126.032120479961,4619644169.334947,1.049938699575687e+31,4.366926734789919e+30,5.79369458387837,v50
19682575.17328023,5125.494338757286,4618735328.783994,1.0490852616051921e+31,4.3647922531453276e+30,5.793865481572089,v50
19695375.17328023,5125.096780725857,4618063550.660727,1.0484547566924552e+31,4.363215344480717e+30,5.793991823841233,v50
19708175.17328023,5124.699632273031,4617392457.082999,1.0478252068172086e+31,4.3616406992202237e+30,5.794118055718864,v50
19717775.17328023,5124.401964583992,4616889514.555971,1.0473535766098606e+31,4.360461059441044e+30,5.794212670618037,v50
19727375.17328023,5124.104486775884,4616386953.876464,1.0468824480707764e+31,4.359282688764755e+30,5.794307223978761,v50
19741775.17328023,5123.658732228499,4615633983.502209,1.0461768518014917e+31,4.35751781736571e+30,5.7944489094803515,v50
19756175.17328023,5123.21339080793,4614881869.636956,1.0454723690974124e+31,4.355755787530647e+30,5.794590456889992,v50
19766975.17328023,5122.8796005210115,4614318257.613231,1.0449446517046989e+31,4.354435952423727e+30,5.794696543479845,v50
19777775.17328023,5122.546036961251,4613755124.567296,1.0444175535444656e+31,4.3531177101526247e+30,5.794802552855628,v50
19785875.17328023,5122.295985640405,4613333039.894714,1.0440225913088898e+31,4.352129974496149e+30,5.794882018464304,v50
19793975.17328023,5122.046061418226,4612911223.617846,1.0436279760446892e+31,4.3511431324079046e+30,5.794961440806188,v50
19806125.17328023,5121.6714745659,4612279111.656093,1.0430368024281763e+31,4.3496647604893206e+30,5.795080472599522,v50
19818275.17328023,5121.297175859197,4611647602.884862,1.0424464095311154e+31,4.3481883906652905e+30,5.795199407098259,v50
19831075.17328023,5120.903312795949,4610982977.397109,1.041825402908115e+31,4.346635236600544e+30,5.795324596188228,coolg600_nominal_v1
19843875.17328023,5120.509747904706,4610319015.049013,1.0412052403807647e+31,4.3450842957407895e+30,5.795449678387988,coolg600_nominal_v1
19853475.17328023,5120.214613162971,4609821410.591419,1.040740513788192e+31,4.3439224039090966e+30,5.795543432652169,coolg600_nominal_v1
19863075.17328023,5119.919651120546,4609324180.129637,1.0402762657231631e+31,4.3427617529015996e+30,5.795637126560729,coolg600_nominal_v1
19877475.17328023,5119.477617722591,4608579187.738894,1.039580928363895e+31,4.3410234020782315e+30,5.7957775255526265,coolg600_nominal_v1
19891875.17328023,5119.035976562035,4607835035.312214,1.0388866676725538e+31,4.3392878295305316e+30,5.795917788906891,coolg600_nominal_v1
19902675.17328023,5118.704979052143,4607277385.151469,1.0383666191824482e+31,4.3379877994661265e+30,5.796022913783025,coolg600_nominal_v1
19913475.17328023,5118.374287051216,4606720203.512047,1.0378472421488784e+31,4.336689327146547e+30,5.796127963045036,coolg600_nominal_v1
19945875.17328023,5117.3837471083025,4605051840.466955,1.0362930597593078e+31,4.3328039877940607e+30,5.7964425869279355,recovery
19971475.17328023,5116.602829803319,4603737115.857998,1.0350693777147983e+31,4.329744970092571e+30,5.796690601145432,v51
19997075.17328023,5115.8232452610455,4602424993.58489,1.0338491221406709e+31,4.3266945903555234e+30,5.7969381950764864,v51
20022675.17328023,5115.0451991476975,4601115447.263062,1.0326324399257235e+31,4.3236528160775555e+30,5.7971853733222325,v51
20048275.17328023,5114.268420558228,4599808462.996763,1.0314190984942917e+31,4.320619613251422e+30,5.797432138131567,v51
20073875.17328023,5113.493620358486,4598504003.706071,1.03020964700727e+31,4.317594950813121e+30,5.797678496135892,v51
20099475.17328023,5112.721729977648,4597202798.506059,1.0290051529340453e+31,4.3145788100772504e+30,5.797924309211109,v51
20125075.17328023,5112.352188770541,4596053658.48074,1.0281934666464367e+31,4.311574785030645e+30,5.798141453234824,v51
20150675.17328023,5111.65392868373,4594785844.728201,1.027064984104605e+31,4.308579207577956e+30,5.798381085107455,v51
20176275.17328023,5110.909434619082,4593496834.1417885,1.0258909170514267e+31,4.3055920725475197e+30,5.798624791231018,v51
20201875.17328023,5110.149245336528,4592201731.603378,1.0247026359321764e+31,4.302613287860584e+30,5.7988697180095885,v51
20227475.17328023,5109.382760728603,4590905313.073229,1.0235098466708027e+31,4.2996427866797866e+30,5.799114962855318,v51
20253075.17328023,5108.613751634172,4589609580.596505,1.0223164756516148e+31,4.2966805178819094e+30,5.799360147128714,v51
20278675.17328023,5107.844042185142,4588315504.833716,1.0211244180854034e+31,4.293726438798751e+30,5.799605087008452,v51
20304275.17328023,5107.07460010566,4587023596.671061,1.0199346731236189e+31,4.290780512121678e+30,5.7998496855278825,v51
