age_yr,step_yr,R_Rsun,L_Lsun,Teff_K,central_X,central_Y3,step_error_norm,discrete_luminosity_balance,nuclear_rest_mass_balance,last_halfstep_coupling_iterations,convective_mass_fraction,central_T_K,central_rho,surface_X,surface_Y3,nuclear_deposited_Lsun,nuclear_neutrino_Lsun,last_halfstep_gravothermal_Lsun,hydrogen_mass_Msun,thermal_neutrino_Lsun
0,0,0.1259722885864316,0.0008349535502311358,2764.4239675384624,0.7,0,0,0,0,0,1.0000000000000004,4628828.478258943,381.4679412304652,0.7,0,0.0008349535840045188,3.316938303555077e-05,,0.06999999999999991,3.3772102284191925e-11
100000000,100000000,0.1259725879106269,0.0008349692829986214,2764.433705440257,0.699976354790394,2.364520954332755e-05,0.017082039445170945,1.0692330798534044e-08,-2.4942896637014655e-09,2,1.0000000000000004,4628934.303580912,381.46549974002335,0.699976354790394,2.364520954332755e-05,0.0008350080071685119,3.3171544757637225e-05,-3.868146841898102e-08,0.06999763547903944,3.377370395219363e-11
300000000,200000000,0.1259739703012959,0.0008350146366415432,2764.4560759500546,0.6999290602615634,7.093973641841509e-05,0.018259531167075235,-1.887379141862766e-15,-1.4518826696452436e-08,2,1.0000000000000004,4629133.751092591,381.4535309402668,0.6999290602615634,7.093973641841509e-05,0.0008350861127602828,3.3174645205903934e-05,-7.144234321216025e-08,0.0699929060261564,3.377552910557978e-11
700000000,400000000,0.12597761978117628,0.00083512024171075,2764.5034339353115,0.6998344587286216,0.00016554124735816017,0.031663599520115326,3.240963053485757e-12,-1.0088596624768797e-12,3,1.0000000000000004,4629518.882468815,381.4215909114089,0.6998344587286216,0.00016554124735816017,0.0008352076992638573,3.317946342179199e-05,-8.742377277868677e-08,0.06998344587286214,3.3777621983947735e-11
1500000000,800000000,0.1259854792503801,0.000835337590547312,2764.597051916792,0.6996452115460288,0.0003547882245936357,0.12243416502855098,-1.2932988013858449e-11,-2.0871526729138168e-11,3,1.0000000000000004,4630280.588053816,381.3526310469206,0.6996452115460288,0.0003547882245936357,0.0008354294466405239,3.3188219785033e-05,-9.182232319769861e-08,0.06996452115460287,3.378081749466805e-11
3100000000,1600000000,0.1260016150683931,0.0008357647970409478,2764.773404161108,0.6992665486207196,0.0007334493731524196,0.4712366508119459,-2.3105972690729004e-10,8.595790745857812e-12,3,1.0000000000000004,4631798.218112728,381.21089330920756,0.6992665486207196,0.0007334493731524196,0.0008358589693634958,3.320506025261008e-05,-9.413872920263285e-08,0.06992665486207196,3.378645687029733e-11
5197697988.454813,2097697988.4548128,0.12602324980873061,0.0008363122354690931,2764.988667992996,0.6987697986114958,0.0012301924092655877,0.7773680188449816,-5.68689317859139e-10,1.7914558725351526e-12,3,1.0000000000000004,4633781.856562617,381.0207296172759,0.6987697986114958,0.0012301924092655877,0.0008364085052891836,3.3226357314622474e-05,-9.62365027088045e-08,0.06987697986114956,3.3792983540529757e-11
6268334723.842181,1070636735.3873676,0.12603434444481512,0.0008365951167455925,2765.1007394802887,0.6985161637244527,0.001483821457726593,0.20997563243696504,-5.227851485045676e-11,1.4270806758531762e-12,3,1.0000000000000004,4634794.200379122,380.92335085982677,0.6985161637244527,0.001483821457726593,0.0008366898522339681,3.323715362142949e-05,-9.470173587234274e-08,0.0698516163724453,3.379623922177923e-11
8371145534.722767,2102810810.8805869,0.12605306333944166,0.0008372968501210746,2765.475037096171,0.6980176716280737,0.001982293725644206,0.974833457290103,-6.476260638876852e-10,7.238654120556021e-14,3,1.0000000000000004,4636836.4660428595,380.7621172170416,0.6980176716280737,0.001982293725644206,0.0008373788872771476,3.326356016641932e-05,-8.200388983773303e-08,0.06980176716280735,3.380849050031275e-11
10287948609.927462,1916803075.2046928,0.1260706231217661,0.0008379072013465589,2765.78623890767,0.697562950670144,0.0024369862255324212,0.7683314040551892,-4.580986701085976e-10,-5.827893723164834e-12,3,1.0000000000000004,4638691.577861285,380.6104080101743,0.697562950670144,0.0024369862255324212,0.0008379923655260881,3.328679244914498e-05,-8.513074465017428e-08,0.06975629506701445,3.381872308809581e-11
12256042053.966038,1968093444.038577,0.12608920403980475,0.0008385187051019504,2766.086885466175,0.6970957461376034,0.002904148359298998,0.7798266199454673,-4.892803939782198e-10,-6.588063428125679e-13,3,1.0000000000000004,4640589.130298257,380.449553907482,0.6970957461376034,0.002904148359298998,0.0008386061374108207,3.330974270597502e-05,-8.739889091831805e-08,0.0697095746137604,3.382822278382072e-11
14261849300.862272,2005807246.8962345,0.12610851294774836,0.0008391354189516746,2766.383536170028,0.6966192703184998,0.003380564513719946,0.7869641360791491,-5.113811596402229e-10,1.1890488593735427e-12,3,1.0000000000000004,4642519.1989870705,380.28247250900637,0.6966192703184998,0.003380564513719946,0.0008392243684522612,3.333256084057705e-05,-8.891609243146227e-08,0.06966192703184998,3.3837272984735654e-11
16296801607.32012,2034952306.4578495,0.12612842813906952,0.0008397559119381,2766.6763406848127,0.6961355521805945,0.0038642022136046853,0.7888097774966241,-5.269864544743541e-10,-1.1897927088000415e-11,3,1.0000000000000004,4644474.0815389585,380.11017274683087,0.6961355521805945,0.0038642022136046853,0.0008398461693955035,3.33551969176277e-05,-9.022405405367972e-08,0.06961355521805945,3.384588984743399e-11
18358905784.087254,2062104176.7671356,0.12614890001459642,0.0008403811715209882,2766.9666513389816,0.6956450608267178,0.004354588448466886,0.790071748024701,-5.41714340052124e-10,-2.8858027079081694e-12,3,1.0000000000000004,4646452.3602407165,379.93310280297385,0.6956450608267178,0.004354588448466886,0.0008404725780906711,3.337767341844663e-05,-9.137317081280448e-08,0.06956450608267178,3.38541166106791e-11
20446854585.944637,2087948801.857381,0.12616989078578947,0.000841012140200717,2767.2556518095294,0.6951481028739278,0.0048514123840990644,0.7899377407749597,-5.552511783690761e-10,-4.424238753131249e-12,3,1.0000000000000004,4648453.187784285,379.7516033651649,0.6951481028739278,0.0048514123840990644,0.000841104630110173,3.340001204226773e-05,-9.245651443913358e-08,0.06951481028739277,3.386198991056417e-11
22561151241.793133,2114296655.8484933,0.1261914981889821,0.0008416441874164092,2767.538456165784,0.694644555628515,0.00535479204484888,0.7724935691122425,-5.566952454572061e-10,-6.6527894304613255e-12,3,1.0000000000000004,4650475.386176145,379.56469364275597,0.694644555628515,0.00535479204484888,0.0008417387652576814,3.342204920198361e-05,-9.454444048768631e-08,0.0694644555628516,3.386932391260089e-11
24726166672.153645,2165015430.3605103,0.12621458120765938,0.0008422584981415958,2767.7901888867527,0.6941286211108432,0.005870517712101614,0.7535911028533349,-5.852669460182369e-10,1.6984191830715645e-12,3,1.0000000000000004,4652531.725006621,379.36431738283227,0.6941286211108432,0.005870517712101614,0.0008423566097994686,3.344299122602935e-05,-9.807827578586633e-08,0.06941286211108433,3.3875033056107466e-11
26970749438.96571,2244582766.812067,0.1262386403300673,0.000842902578228656,2768.055361754867,0.6935934064355551,0.0064054715140367865,0.7972233884157021,-6.530760376932676e-10,-1.4572787421229805e-12,3,1.0000000000000004,4654663.160047519,379.1554164743656,0.6935934064355551,0.0064054715140367865,0.0008430010830485054,3.346444867342829e-05,-9.847148964108284e-08,0.06935934064355553,3.388068771724937e-11
29233246991.24771,2262497552.2819996,0.12626284164155713,0.0008435656685733782,2768.3342441082746,0.6930535963627122,0.00694496848847879,0.811612326234723,-6.672594698997614e-10,-7.153944103777121e-12,3,1.0000000000000004,4656814.543935067,378.94560285265516,0.6930535963627122,0.00694496848847879,0.0008436636652887409,3.3486157637539365e-05,-9.796339174106751e-08,0.06930535963627121,3.388649894463062e-11
31493496119.28862,2260249128.0409107,0.12628686327053296,0.000844248618031466,2768.6310290036304,0.6925139970755211,0.007484199873051514,0.8222086644860127,-6.664996332617079e-10,6.001643626518671e-12,3,1.0000000000000004,4658969.349242721,378.73822859867374,0.6925139970755211,0.007484199873051514,0.000844345450990656,3.350818511205054e-05,-9.679962917430217e-08,0.06925139970755209,3.38927071082521e-11
33736901696.76677,2243405577.4781513,0.12631057613491745,0.0008449429233957169,2768.9401307028197,0.6919780951904768,0.008019677185787048,0.8073779722561625,-6.458448220669766e-10,-5.821343407319546e-12,3,1.0000000000000004,4661112.535868126,378.5339704701116,0.6919780951904768,0.008019677185787048,0.0008450393732442514,3.353027611931177e-05,-9.641649509230289e-08,0.06919780951904769,3.389914428707269e-11
35983947145.416306,2247045448.6495376,0.1263328080086634,0.0008457227944938556,2769.335129361831,0.6914409726051458,0.00855630982102931,0.9299713776833585,-6.92068957697245e-10,-5.9360294457633245e-12,3,1.0000000000000004,4663287.661720219,378.34421171338425,0.6914409726051458,0.00855630982102931,0.0008458116335545702,3.355499369766773e-05,-8.880573750990792e-08,0.06914409726051457,3.3908503196166746e-11
38081049244.09158,2097102098.6752772,0.12635316948053826,0.000846471461548353,2769.7246132899927,0.6909393628264789,0.009057400347758067,0.8091035719193229,-5.452389650884015e-10,2.2584156766924934e-12,3,1.0000000000000004,4665326.289261908,378.1709205132363,0.6909393628264789,0.009057400347758067,0.0008465596519360792,3.3578707149693934e-05,-8.815693128364925e-08,0.0690939362826479,3.391797176751449e-11
40179312739.690704,2098263495.5991209,0.12637345257081986,0.0008472351090376435,2770.126750407274,0.6904371516253929,0.009559026520445798,0.811488340968225,-5.43535993990929e-10,-7.915113009460129e-12,3,1.0000000000000004,4667369.643000308,377.99852628271293,0.6904371516253929,0.009559026520445798,0.000847322776704234,3.360258300103565e-05,-8.763419946877205e-08,0.06904371516253931,3.392762453515436e-11
42275651152.32048,2096338412.62978,0.12639363643805818,0.0008480123180221561,2770.5405831225085,0.6899350780150783,0.010060445671117474,0.8071307211476864,-5.374601874663654e-10,3.2867042421003134e-12,3,1.0000000000000004,4669414.5446390305,377.82717499268813,0.6899350780150783,0.010060445671117474,0.0008480997122150718,3.362656802913943e-05,-8.736071126172384e-08,0.06899350780150783,3.393742671570133e-11
44375712408.795044,2100061256.474562,0.12641342140995207,0.0008488234780779106,2770.9860116981777,0.68943178316733,0.010563009995004407,0.8416840679981163,-5.483981047049724e-10,-7.948419700198883e-12,3,1.0000000000000004,4671472.737836183,377.6598092238994,0.68943178316733,0.010563009995004407,0.0008489083287759189,3.3651338055363996e-05,-8.481721541654391e-08,0.06894317831673302,3.394808496125247e-11
46435867514.60295,2060155105.8079133,0.1264325720050137,0.0008496406008532111,2771.442728389862,0.6889377265133332,0.01105627286973767,0.8136753615328729,-5.116641554891999e-10,-3.4204861165676448e-12,3,1.0000000000000004,4673498.551223084,377.49828573367506,0.6889377265133332,0.01105627286973767,0.0008497246253805585,3.3676093026049524e-05,-8.399100301971952e-08,0.06889377265133333,3.395905824243133e-11
48491364506.745224,2055496992.142263,0.12645153834456016,0.0008504736496371428,2771.913907545937,0.6884444626505246,0.011548663583162335,0.8124129069475572,-5.049128892764543e-10,-1.0374812120517163e-11,3,1.0000000000000004,4675524.415219424,377.3386143596374,0.6884444626505246,0.011548663583162335,0.0008505570320883313,3.370104033236042e-05,-8.334891031131946e-08,0.06884444626505243,3.397029217870632e-11
50543806764.61021,2052442257.864976,0.12647052668860104,0.0008513135557428317,2772.3898747337394,0.6879516106232086,0.012040558080471712,0.7930797507604836,-4.924017860119534e-10,7.228218024124544e-12,3,1.0000000000000004,4677548.36997937,377.17872477375,0.6879516106232086,0.012040558080471712,0.0008513976088583248,3.372585112694906e-05,-8.401955327405046e-08,0.06879516106232089,3.3981407416329566e-11
52618027762.92191,2074220998.3117049,0.12648995198143836,0.0008521638590079159,2772.8689487296783,0.6874532099666109,0.012537898835874917,0.7896009779351232,-5.000763136919772e-10,1.6326939800137552e-12,3,1.0000000000000004,4679591.673447413,377.0149290014329,0.6874532099666109,0.012537898835874917,0.000852248917643361,3.3750507452169674e-05,-8.502506940665425e-08,0.06874532099666106,3.39921855373843e-11
54718871242.87606,2100843479.9541423,0.12650993061429747,0.0008530239677296482,2773.3493526450284,0.6869480951266642,0.013041840376399626,0.7789851641515355,-5.07637043511977e-10,1.3886669592011458e-12,3,1.0000000000000004,4681657.915414208,376.84620269172706,0.6869480951266642,0.013041840376399626,0.0008531106324397002,3.377494695002382e-05,-8.663114055882939e-08,0.06869480951266638,3.400251988721463e-11
56861128453.694534,2142257210.8184767,0.12653043272191666,0.0008539109505786907,2773.8452562259317,0.6864327030752485,0.013555926734199725,0.8122465011695112,-5.428766325366041e-10,-7.395972723145405e-12,3,1.0000000000000004,4683764.693051837,376.6729975061558,0.6864327030752485,0.013555926734199725,0.0008539971860309086,3.3799633977899935e-05,-8.620190297698819e-08,0.0686432703075248,3.401280928532655e-11
59000421099.21299,2139292645.5184457,0.12655078864168362,0.0008548149092524824,2774.3559130983363,0.6859177017310345,0.014069508716952473,0.7865209761259706,-5.24796539558281e-10,-6.268652263941021e-12,3,1.0000000000000004,4685872.81114394,376.50128846704274,0.6859177017310345,0.014069508716952473,0.0008549018680878476,3.382448782057908e-05,-8.692526064975893e-08,0.0685917701731035,3.4023319302533566e-11
61171409748.54526,2170988649.3322697,0.12657184655175827,0.0008557291550230614,2774.866568650884,0.685394752209719,0.014590893188753975,0.7842988458683919,-5.383700152350457e-10,3.426148253993233e-13,3,1.0000000000000004,4688007.36281965,376.3233925881662,0.685394752209719,0.014590893188753975,0.0008558173447116856,3.384902056264054e-05,-8.81561160904086e-08,0.06853947522097194,3.4033232620208154e-11
63377682870.97429,2206273122.4290304,0.1265934135661902,0.0008566677330353759,2775.3906917469444,0.6848629842388044,0.01512093530141995,0.7956727643421146,-5.595556240578503e-10,-6.305400646056114e-12,3,1.0000000000000004,4690176.0059332345,376.14123706691896,0.6848629842388044,0.01512093530141995,0.0008567563038533176,3.387367107067085e-05,-8.853725428572804e-08,0.06848629842388049,3.404300917873812e-11
65603730936.224815,2226048065.250514,0.12661579187603317,0.0008575996607664212,2775.8998462574473,0.6843261365898657,0.01565589653539493,0.7025836012974906,-5.308576911389196e-10,-4.89164264649844e-13,3,1.0000000000000004,4692355.710940274,375.95191666425484,0.6843261365898657,0.01565589653539493,0.0008576935774442497,3.389749919947601e-05,-9.388308135993753e-08,0.06843261365898656,3.4051732039151556e-11
67993896816.104126,2390165879.8793206,0.12664172833053322,0.000858536629281245,2776.3733897295815,0.6837494115690022,0.01623042321973019,0.7017578929069401,-6.344136327385286e-10,2.3296919948734285e-12,3,1.0000000000000004,4694665.363726765,375.73115415025586,0.6837494115690022,0.01623042321973019,0.0008586361006696435,3.391984318008463e-05,-9.9437875537355e-08,0.0683749411569002,3.4057528558670513e-11
70561789671.17676,2567892855.072632,0.12667072914062286,0.0008595180696614154,2776.8485766824397,0.6831295031147452,0.016847760107156322,0.7179166128246095,-7.678210289796539e-10,3.575362228502854e-12,3,1.0000000000000004,4697129.39362724,375.4837609202156,0.6831295031147452,0.016847760107156322,0.0008596211405910453,3.394190531734682e-05,-1.0303752795194534e-07,0.06831295031147454,3.406163393058526e-11
73289400505.0493,2727610833.8725486,0.12670234079915435,0.0008605523521964095,2777.337033871604,0.6824707336921099,0.017503547841357076,0.7278607627725364,-8.95915341914133e-10,-9.440226378387706e-13,3,1.0000000000000004,4699735.335164524,375.2140309387084,0.6824707336921099,0.017503547841357076,0.0008606579544506793,3.396396885208203e-05,-1.0556896073693257e-07,0.06824707336921096,3.406451491712187e-11
76166803968.9347,2877403463.88541,0.12673681229673925,0.0008616222538785984,2777.822028027907,0.6817754924779832,0.018195349252573545,0.7660196632564009,-1.009723638034643e-09,5.56554802244591e-12,3,1.0000000000000004,4702467.333649133,374.9195785282163,0.6817754924779832,0.018195349252573545,0.0008617312622867714,3.398530457855362e-05,-1.0897521271853501e-07,0.06817754924779831,3.4065454830064976e-11
79125656446.13597,2958852477.201271,0.12677298944179263,0.0008627263304057497,2778.314962964708,0.6810602956222446,0.018906677973230784,0.8561346187541119,-1.057139709104149e-09,3.0113689319932746e-12,3,1.0000000000000004,4705267.619020931,374.6112723064841,0.6810602956222446,0.018906677973230784,0.0008628372790592901,3.400608636758495e-05,-1.1091550036782763e-07,0.06810602956222449,3.4065194813934966e-11
82003682974.4493,2878026528.3133173,0.12680861514361164,0.0008638147852832103,2778.8004395383296,0.6803643984718629,0.019598477437917625,0.8546952146026854,-9.372976839117086e-10,-3.4406921756158226e-12,3,1.0000000000000004,4707986.574613847,374.3082118288085,0.6803643984718629,0.019598477437917625,0.0008639263040961948,3.402557122457142e-05,-1.114855584468425e-07,0.0680364398471863,3.406418927252291e-11
84805447718.16246,2801764743.713154,0.12684357173072486,0.0008648938907746001,2779.2848270517356,0.6796867328094539,0.02027181932620489,0.8520867261774256,-8.254535943663655e-10,-4.118927421359331e-13,3,1.0000000000000004,4710631.474791316,374.0115869557567,0.6796867328094539,0.02027181932620489,0.0008650063580607936,3.4044105290745416e-05,-1.1243393734166118e-07,0.06796867328094539,3.406278170750162e-11
87537143144.22972,2731695426.067253,0.12687817142906962,0.0008659518751178972,2779.755282408699,0.6790258405005913,0.020928161929846062,0.8495328984725603,-7.221981901395225e-10,-5.5713211821739606e-12,3,1.0000000000000004,4713203.120105874,373.7181942036428,0.6790258405005913,0.020928161929846062,0.000866066189214856,3.406126512504831e-05,-1.1428066189339787e-07,0.06790258405005917,3.406045428868938e-11
90204521876.16573,2667378731.935994,0.12691258564883498,0.000866985160906264,2780.207114543553,0.6783803712693948,0.021568855041032602,0.8475082213799112,-6.349281100881399e-10,-2.2370993946196904e-13,3,1.0000000000000004,4715704.645098105,373.4263607152307,0.6783803712693948,0.021568855041032602,0.0008671014393267442,3.407689331321641e-05,-1.1624491396537492e-07,0.06783803712693957,3.405698805123272e-11
92812207504.98248,2607685628.816744,0.1269467938191754,0.0008679966451411444,2780.6429313358854,0.6777492425465792,0.02219498143709822,0.8456600797401848,-5.59316704062951e-10,-7.027600723574778e-12,3,1.0000000000000004,4718141.145827722,373.13609357631606,0.6777492425465792,0.02219498143709822,0.0008681149357805385,3.4091114762879866e-05,-1.1825707239555472e-07,0.06777492425465795,3.4052483534760246e-11
95364320084.14319,2552112579.1607046,0.1269804323401367,0.000869008948313677,2781.084866606376,0.6771314826393319,0.02280751277550295,0.8453470051739131,-5.097796629272011e-10,-7.728262474415715e-12,3,1.0000000000000004,4720524.112447685,372.8510016207701,0.6771314826393319,0.02280751277550295,0.0008691265922354857,3.410471181823467e-05,-1.1761031704341946e-07,0.06771314826393317,3.4047768365876104e-11
97862506418.64857,2498186334.5053906,0.12701340743031414,0.0008700220870373909,2781.533958310901,0.6765267034023918,0.023406841452276454,0.8428963776951903,-4.513830420549425e-10,5.679900993982301e-13,3,1.0000000000000004,4722856.983721716,372.5719075586297,0.6765267034023918,0.023406841452276454,0.0008701409300718458,3.411788870432023e-05,-1.1880938411654658e-07,0.06765267034023921,3.4043051471065196e-11
100311458255.81496,2448951837.1663866,0.12704624307945983,0.0008710168146857329,2781.9690990398294,0.67593379543532,0.023994074245895718,0.8413799035267289,-4.00996347238447e-10,-2.1458390619955026e-12,3,1.0000000000000004,4725135.475081955,372.2938723142927,0.67593379543532,0.023994074245895718,0.0008711373943700198,3.412985012675683e-05,-1.2054599614012594e-07,0.067593379543532,3.4037421397623385e-11
102714308398.29675,2402850142.481786,0.12707885643768166,0.0008720003806487207,2782.397023392922,0.6753520225005478,0.02456994708870071,0.8402759199555021,-3.580566954042297e-10,-3.409938997833706e-12,3,1.0000000000000004,4727364.798230229,372.01780723811055,0.6753520225005478,0.02456994708870071,0.0008721223252156278,3.41408499448717e-05,-1.219108480003341e-07,0.06753520225005483,3.4031132301824646e-11
103893890681.33983,1179582283.0430634,0.12709500001793786,0.0008724862568327871,2782.6077884358237,0.6750664206611823,0.02485254945899806,0.20708638526212297,-1.5242695994288624e-11,3.0815350271495845e-12,3,1.0000000000000004,4728457.099761584,371.88123058694174,0.6750664206611823,0.02485254945899806,0.0008726091647425151,3.4146004310138084e-05,-1.2287389523436177e-07,0.06750664206611824,3.40277926554381e-11
105060337602.154,1166446920.8141785,0.12710296534690702,0.0008733964503161027,2783.246006656914,0.6747839249868584,0.025131995160817468,0.39392477502175893,-2.770028650900258e-11,-1.3863576953099255e-11,3,1.0000000000000004,4729674.470654028,371.8163784427328,0.6747839249868584,0.025131995160817468,0.0008734406610391963,3.4164260328397084e-05,-4.417670836089974e-08,0.06747839249868581,3.403892604426537e-11
106732971302.04225,1672633699.8882513,0.12711140551555283,0.0008747244789628671,2784.2109685893483,0.6743785739154392,0.0255328066652141,0.65836663343255,-1.63534519259656e-10,-5.1736392947532295e-12,3,1.0000000000000004,4731473.027459302,371.74952358301255,0.6743785739154392,0.0255328066652141,0.0008747746984561038,3.419537206582865e-05,-5.018557599122156e-08,0.06743785739154391,3.4060293098473097e-11
108588251229.36641,1855279927.3241458,0.12712394342015906,0.0008760714756694075,2785.144852584909,0.6739286755512535,0.02597744973245657,0.6320238232770947,-2.1567836405722574e-10,5.9963145560004705e-12,3,1.0000000000000004,4733416.162703721,371.64767686374483,0.6739286755512535,0.02597744973245657,0.0008761367776799074,3.4224697401621515e-05,-6.526812114417982e-08,0.06739286755512533,3.407830544899386e-11
110688570083.44283,2100318854.0764265,0.12714133964053143,0.0008774857342595234,2786.0775773847454,0.6734190765372394,0.0264808120879424,0.7486949599178061,-1.2212453270876722e-15,-1.6754345688596572e-09,3,1.0000000000000004,4735563.620669328,371.50446915566096,0.6734190765372394,0.0264808120879424,0.0008775637461903198,3.4252642933634104e-05,-7.797783785657272e-08,0.06734190765372393,3.4092940836914576e-11
112873186966.45953,2184616883.0166965,0.12716090244416106,0.0008789290609348026,2787.0081313073197,0.6728887679110976,0.027004307545152956,0.8353820241113752,-6.661338147750939e-16,-1.7722288081500892e-09,3,1.0000000000000004,4737775.1360233985,371.34314314055047,0.6728887679110976,0.027004307545152956,0.0008790118458256915,3.427936035507065e-05,-8.275078529373786e-08,0.06728887679110974,3.41055956586258e-11
115024359440.71826,2151172474.25875,0.12718268176032246,0.0008802594579561476,2787.8234465325772,0.6723663850223329,0.027519651909917533,0.8312792260101176,-2.220446049250313e-16,-1.4914379731223448e-09,3,1.0000000000000004,4739911.237087459,371.1622828376727,0.6723663850223329,0.027519651909917533,0.0008803530890298733,3.430147710048619e-05,-9.359696024678938e-08,0.06723663850223328,3.411347913863136e-11
117147820386.07544,2123460945.357177,0.12720574090058684,0.0008815360456791217,2788.580867288137,0.6718505985031773,0.028028160737749146,0.8342232427072105,-2.392881448542994e-10,-5.345390796662741e-12,3,1.0000000000000004,4741994.492574239,370.97026778591004,0.6718505985031773,0.028028160737749146,0.0008816334234258065,3.432070745866243e-05,-9.734383919561842e-08,0.06718505985031777,3.411843024006537e-11
119240224881.5178,2092404495.4423463,0.12722947417118055,0.0008827710427784254,2789.2968345981503,0.6713422529131314,0.028529005348831658,0.8314936084108382,-2.0238355435964195e-10,-4.235278794340047e-12,3,1.0000000000000004,4744031.148115545,370.7723925218992,0.6713422529131314,0.028529005348831658,0.0008828745548517395,3.433795628869801e-05,-1.0347813050493723e-07,0.06713422529131313,3.412146740699337e-11
121305408617.90753,2065183736.3897429,0.12725428264247962,0.0008839534639799782,2789.9583979175254,0.6708404606241839,0.029023064691602346,0.8314821992039256,-1.7535650709277206e-10,1.7934542739794779e-12,3,1.0000000000000004,4746018.48125364,370.5652125135449,0.6708404606241839,0.029023064691602346,0.000884062044988694,3.4352659463141436e-05,-1.0854704177416768e-07,0.0670840460624184,3.41219485612392e-11
123343739703.16742,2038331085.25991,0.12728166998777454,0.0008849982879866649,2790.4821942503063,0.6703451969464083,0.029510367750075955,0.9635587749912133,-1.3317602576279342e-10,-1.830535723001958e-12,3,1.0000000000000004,4747928.060745051,370.33444412111055,0.6703451969464083,0.029510367750075955,0.0008851226186433651,3.4362092679981325e-05,-1.2429665765972224e-07,0.06703451969464087,3.411690093670644e-11
125212605568.284,1868865865.116564,0.12730828647617962,0.0008859188316793497,2790.915755697994,0.6698911652819198,0.02995681368886914,0.8662713972193424,-8.642786486490195e-11,2.2570834090629432e-12,3,1.0000000000000004,4749652.597076708,370.10977416774875,0.6698911652819198,0.02995681368886914,0.0008860465798952397,3.43681619691954e-05,-1.2771418297341278e-07,0.06698911652819192,3.4109484809934277e-11
127019753286.21968,1807147717.9356892,0.1273342870577504,0.0008868174675642232,2791.3382037899282,0.6694521913336615,0.030388181486661742,0.8482567489045966,-6.981515365822588e-11,-2.6240121187015575e-12,3,1.0000000000000004,4751315.97809704,369.8905844499233,0.6694521913336615,0.030388181486661742,0.0008869463693930011,3.43735780792502e-05,-1.2886778884490497e-07,0.06694521913336615,3.41018464067283e-11
128785679288.10048,1765926001.880802,0.12735996466983246,0.0008877007077683941,2791.751492656171,0.6690232999945728,0.030809376216331084,0.8462033706732596,-5.874356556745397e-11,1.1621814621776139e-12,3,1.0000000000000004,4752936.980069946,369.6743612308794,0.6690232999945728,0.030809376216331084,0.0008878307857847504,3.4378401981661264e-05,-1.300439746060682e-07,0.06690232999945724,3.409389703090156e-11
130513416293.42395,1727737005.3234658,0.1273853449954011,0.0008885697282050233,2792.156295892746,0.6686037571633648,0.03122113064899315,0.8561931466935512,-4.867251046647425e-11,3.93707288992573e-12,3,1.0000000000000004,4754518.9504972445,369.46102986972437,0.6686037571633648,0.03122113064899315,0.0008887019212958744,3.438270205292921e-05,-1.3215904841258297e-07,0.06686037571633648,3.4085687494288755e-11
132193899864.5679,1680483571.1439464,0.12741051991651087,0.0008894100286329684,2792.540253241412,0.668195771410053,0.03162129138346308,0.8422105939737135,-3.913580570724662e-11,-9.731326855444422e-12,3,1.0000000000000004,4756049.434966741,369.2496714826099,0.668195771410053,0.03162129138346308,0.000889543669732964,3.438606804024571e-05,-1.3360705796550653e-07,0.06681957714100525,3.4076837745139195e-11
133841934863.55031,1648034998.9824162,0.12743551753514043,0.0008902365673044397,2792.914844035424,0.6677957512368047,0.032013393197022746,0.8414892899849535,-3.248612490125424e-11,2.383426789265286e-12,3,1.0000000000000004,4757545.417951677,369.04018776800007,0.6677957512368047,0.032013393197022746,0.0008903715076562285,3.4388870164350884e-05,-1.3490631306900825e-07,0.06677957512368049,3.406764004713187e-11
135458840382.76439,1616905519.2140808,0.12746042967849633,0.00089104464031327,2793.2754018692053,0.6674033803183808,0.03239775550466204,0.8484596424052082,-2.6446289602688466e-11,3.391287251020003e-12,3,1.0000000000000004,4759006.667424231,368.83172337781167,0.6674033803183808,0.03239775550466204,0.0008911817728001045,3.4390980473158834e-05,-1.370984524545753e-07,0.06674033803183806,3.4057944852450165e-11
137038674753.66977,1579834370.9053893,0.12748517733639872,0.0008918300721479667,2793.6195569721135,0.6670201045961166,0.03277297284353662,0.8453935318453176,-2.055522418942246e-11,-2.610134330893743e-13,3,1.0000000000000004,4760427.271705252,368.6247956305837,0.6670201045961166,0.03277297284353662,0.0008919693522975602,3.439234566092331e-05,-1.3924612018772824e-07,0.06670201045961165,3.404773760152849e-11
138585084603.29834,1546409849.6285543,0.12750992898123847,0.0008925871538411853,2793.941036813039,0.6666450440802916,0.03313991810529615,0.8519271375850845,-1.561317741760604e-11,-3.768096945577781e-12,3,1.0000000000000004,4761808.298720494,368.4178603419735,0.6666450440802916,0.03313991810529615,0.0008927296123567881,3.439276547409873e-05,-1.4242449276576293e-07,0.0666645044080292,3.403677312711313e-11
140092961511.15503,1507876907.8566751,0.12753465360751987,0.0008933103050035501,2794.235866786388,0.666279443103423,0.03349738620890249,0.8507229398019289,-1.1073475469913774e-11,-3.8372638400119286e-12,3,1.0000000000000004,4763143.999362553,368.21104933125747,0.666279443103423,0.03349738620890249,0.0008934561920828665,3.439213339420585e-05,-1.4585306423516752e-07,0.06662794431034232,3.402497327694986e-11
141564305867.94223,1471344356.7871964,0.12755936864240788,0.0008939994815322155,2794.50387813886,0.6659228209315868,0.03384586013111511,0.8500395019123141,-7.403855306620244e-12,-6.327161017338767e-13,3,1.0000000000000004,4764436.075485453,368.0040845229088,0.6659228209315868,0.03384586013111511,0.0008941490220428465,3.439044927169071e-05,-1.4950650492711183e-07,0.06659228209315872,3.401232298691884e-11
143000579816.637,1436273948.6947954,0.12758399351010816,0.0008946607841006285,2794.750772024557,0.6655748257851952,0.034185695921849404,0.841512620280982,-4.4924064468432334e-12,-1.2167711282984328e-11,3,1.0000000000000004,4765687.804910288,367.7977664314548,0.6655748257851952,0.034185695921849404,0.0008948131150666785,3.4387906931873576e-05,-1.5229697104726397e-07,0.06655748257851947,3.399902189861746e-11
144409704673.62903,1409124856.9920146,0.1276085521333802,0.00089530257013071,2794.9828517765486,0.6652335393105291,0.03451877704405345,0.8371003516749465,-2.39241959576475e-12,-1.3787082586702581e-11,3,1.0000000000000004,4766908.312433945,367.59206519576793,0.6652335393105291,0.03451877704405345,0.0008954571700998123,3.438470772922093e-05,-1.545659860140579e-07,0.06652335393105295,3.398523030225496e-11
145795832312.1884,1386127638.5593574,0.12763305172150574,0.0008959289058447862,2795.2032391686703,0.6648979566041232,0.034846091944442874,0.8350593935085859,-7.536193891155563e-13,-9.565681580170349e-13,3,1.0000000000000004,4768102.367118051,367.3869595325146,0.6648979566041232,0.034846091944442874,0.0008960855696023806,3.4380956841199195e-05,-1.5662978723793504e-07,0.06648979566041231,3.397103159787959e-11
147161003298.56625,1365170986.377888,0.127657499278436,0.0008965413264551193,2795.413076824081,0.6645675843358552,0.03516812836137163,0.8331707836151114,5.972999872483342e-13,1.538991156735392e-12,3,1.0000000000000004,4769272.163582062,367.1823703690504,0.6645675843358552,0.03516812836137163,0.0008966999055755287,3.437669323448348e-05,-1.5854516342086222e-07,0.0664567584335855,3.395645285311329e-11
148507057484.76932,1346054186.203056,0.12768200095785112,0.0008971351635670006,2795.6075857374303,0.6642419787982314,0.03548532469111172,0.8391247569017324,1.6402434965812063e-12,9.61075663497013e-12,3,1.0000000000000004,4770417.772433837,366.977299966791,0.6642419787982314,0.03548532469111172,0.0008972967023651736,3.437177239723361e-05,-1.615048553777624e-07,0.06642419787982314,3.3941323781787037e-11
149829545622.5619,1322488137.7926033,0.12770638223550793,0.0008977152634938189,2795.792475849446,0.6639222167788781,0.035796638750443394,0.8281349921090975,2.731592729787735e-12,1.04620756502527e-11,3,1.0000000000000004,4771537.237873169,366.773328646977,0.6639222167788781,0.035796638750443394,0.0008978782717006388,3.436638656981683e-05,-1.6297427848267407e-07,0.06639222167788787,3.39258849934793e-11
151137473290.13837,1307927667.576453,0.12773071193337174,0.0008982881032207431,2795.972052369794,0.6636061199277408,0.03610419669128551,0.8279411807532444,3.4585667663122877e-12,-1.1959322421262186e-12,3,1.0000000000000004,4772639.846960323,366.5698781859699,0.6636061199277408,0.03610419669128551,0.0008984524777390381,3.436065785768721e-05,-1.6434060498530906e-07,0.06636061199277411,3.391020301228717e-11
152431152187.8865,1293678897.748145,0.12775497855734458,0.0008988542240106036,2796.146871832905,0.6632936128360621,0.036408075634876476,0.8272513872531473,4.087841176669826e-12,-2.99704705497561e-12,3,1.0000000000000004,4773726.148531774,366.36704207913573,0.6632936128360621,0.036408075634876476,0.0008990199148016684,3.435461355742271e-05,-1.6565689308523224e-07,0.06632936128360621,3.389430487628038e-11
153711270916.32098,1280118728.4344628,0.12777919461059709,0.000899413275386924,2796.316533940759,0.6629845290963409,0.03670844100884983,0.8273862592278469,4.619860050070201e-12,-9.628964292573983e-13,3,1.0000000000000004,4774796.633280028,366.16467255187956,0.6629845290963409,0.03670844100884983,0.0008995803838822917,3.4348243841571084e-05,-1.670746130378352e-07,0.06629845290963407,3.387817468377066e-11
154977868364.87503,1266597448.5540092,0.12780332707897457,0.0008999671904641512,2796.482910903201,0.6626788589629697,0.03700530584518749,0.8244830108222745,5.122791080225397e-12,5.894618126944806e-12,3,1.0000000000000004,4775851.974888789,365.96307422643696,0.6626788589629697,0.03700530584518749,0.0009001352956606861,3.434161013608285e-05,-1.6807133004606192e-07,0.06626788589629695,3.386187831246701e-11
156233291890.5964,1255423525.7213936,0.1278273772161359,0.0009005188915197493,2796.648264436804,0.6623760350994999,0.037299224144605965,0.8233357261244745,5.548228543261757e-12,-7.780665001178022e-12,3,1.0000000000000004,4776895.030863831,365.7623089272529,0.6623760350994999,0.037299224144605965,0.0009006877810268152,3.433478589690444e-05,-1.6885565659146837e-07,0.06623760350995009,3.384547806373899e-11
157478506742.19617,1245214851.599813,0.12785134459479297,0.0009010694153033275,2796.813406476207,0.6620758239496736,0.037590424992214024,0.8225488864338493,5.928590951498336e-12,-7.998046669399628e-13,3,1.0000000000000004,4777926.954234947,365.5623902619606,0.6620758239496736,0.037590424992214024,0.0009012389769986066,3.4327799622934935e-05,-1.695278609396159e-07,0.06620758239496732,3.382899752096842e-11
158714186527.13223,1235679784.936038,0.12787522665643256,0.0009016195260226797,2796.978959106965,0.6617780623748742,0.037879068739589454,0.8219185405194951,6.269429420058259e-12,5.335731856348502e-13,3,1.0000000000000004,4778948.563744571,365.3633325646187,0.6617780623748742,0.037879068739589454,0.0009017896748831627,3.432067252865825e-05,-1.7011504237580396e-07,0.0661778062374874,3.381245443387823e-11
159940874374.34915,1226687847.2169342,0.12789900715211794,0.000902170975066975,2797.146457975834,0.6614826185371925,0.038165285081965615,0.8204911929737824,6.602718372050731e-12,-7.597700246719796e-12,3,1.0000000000000004,4779960.889697384,365.1653237933535,0.6614826185371925,0.038165285081965615,0.0009023414594620979,3.4313456288916544e-05,-1.7045059326560465e-07,0.06614826185371922,3.3795900405246846e-11
161159694481.6066,1218820107.2574449,0.12792269752759605,0.0009027241565244895,2797.31608136168,0.6611892207650518,0.038449338759259315,0.8204900602687415,6.893152715292672e-12,-6.219025294740277e-12,3,1.0000000000000004,4780964.979182839,364.96823400782597,0.6611892207650518,0.038449338759259315,0.0009028949927330108,3.4306155588707425e-05,-1.7080242296660826e-07,0.06611892207650524,3.3779332034411955e-11
162370698146.98373,1211003665.3771627,0.12794631852423174,0.0009032775285199523,2797.4864063759696,0.660897856080824,0.03873124373025587,0.8223420962238936,7.1034289561566766e-12,-3.063105324940807e-12,3,1.0000000000000004,4781960.465260832,364.7718562841016,0.660897856080824,0.03873124373025587,0.0009034490925056366,3.429873228558168e-05,-1.7153021656050178e-07,0.06608978560808244,3.376270745635802e-11
163572579800.35086,1201881653.3671424,0.1279698431554403,0.0009038313578839214,2797.6579342290356,0.6606088380231541,0.03901069843639678,0.8191414865854618,7.381872890732666e-12,-1.4096501743665613e-11,3,1.0000000000000004,4782946.330598816,364.57642654904333,0.6606088380231541,0.03901069843639678,0.0009040031530865191,3.429120008167343e-05,-1.7176144987528426e-07,0.06606088380231542,3.374605043853052e-11
164767736235.49792,1195156435.1470728,0.1279932420317458,0.0009043902478521963,2797.834545594541,0.6603215887511095,0.03928826301049289,0.8178464796365637,7.667422252666256e-12,2.736921800305936e-12,3,1.0000000000000004,4783925.990819214,364.38223971871383,0.6603215887511095,0.03928826301049289,0.0009045619201255833,3.4283678998129576e-05,-1.7163853697956303e-07,0.06603215887511098,3.372947307628612e-11
165957145643.43927,1189409407.9413443,0.1280164987951392,0.0009049563912668277,2798.0181075017945,0.6600358717119427,0.03956416675037711,0.816233550193779,8.089307002023816e-12,-3.034239526300553e-12,3,1.0000000000000004,4784900.9556528805,364.18946623995123,0.6600358717119427,0.03956416675037711,0.0009051276014949591,3.427622842974757e-05,-1.7117650777891237e-07,0.0660035871711942,3.371303209202833e-11
167142004605.52963,1184858962.0903778,0.12803940793578072,0.0009055443488977823,2798.2221045250853,0.6597513956166916,0.03983869104438736,0.8078244607273577,8.553380226317131e-12,-2.8997915180184464e-12,3,1.0000000000000004,4785876.9522039695,364.0001544750988,0.6597513956166916,0.03983869104438736,0.0009057131284002674,3.4269281031526175e-05,-1.687457975543564e-07,0.06597513956166914,3.369718511147324e-11
168328457957.34647,1186453351.816842,0.12806251781324773,0.0009061279870935966,2798.420338073201,0.6594666863367017,0.040113256869744034,0.8286793166251138,8.383294058944557e-12,-1.1663225940594657e-11,3,1.0000000000000004,4786850.389386489,363.80920748158604,0.6594666863367017,0.040113256869744034,0.0009062988744734539,3.4261995826055544e-05,-1.7085369127943778e-07,0.06594666863367021,3.3680981625793454e-11
169501463130.44366,1173005173.097189,0.1280855906864843,0.000906702345786999,2798.6115847737065,0.6591853554914114,0.04038438278039732,0.8241239057849015,8.354206215699378e-12,-1.0976552999863998e-11,3,1.0000000000000004,4787807.9399938565,363.61859316800906,0.6591853554914114,0.04038438278039732,0.0009068747352812134,3.4254375858143573e-05,-1.723558221084483e-07,0.06591853554914111,3.366453115520716e-11
170664373333.15552,1162910202.7118566,0.12810867291649575,0.0009072687265687839,2798.796354311851,0.6589065986076593,0.040652847616459695,0.8236668544436831,8.351097591230427e-12,-1.4375167722846527e-11,3,1.0000000000000004,4788752.526699076,363.4278549310133,0.6589065986076593,0.040652847616459695,0.0009074425851707453,3.424641773040601e-05,-1.7382494657843512e-07,0.06589065986076596,3.3647806217937846e-11
171817595270.90494,1153221937.749386,0.12813170277755082,0.000907831454892923,2798.9786655073244,0.6586303175779388,0.040918748663971063,0.8217098251828148,8.350431457415652e-12,6.887823644774471e-12,3,1.0000000000000004,4789685.962167766,363.2376302634021,0.6586303175779388,0.040918748663971063,0.0009080063174638815,3.423825733196223e-05,-1.7482893242735398e-07,0.06586303175779396,3.3630950281880706e-11
172962570694.65286,1144975423.7479625,0.12815471112464047,0.0009083903895809058,2799.1580773995147,0.6583561665445992,0.04118242116391007,0.8214663545919043,8.344658297687602e-12,-1.190170184628414e-11,3,1.0000000000000004,4790609.342434985,363.0476475326887,0.6583561665445992,0.04118242116391007,0.000908566266229699,3.4229878655595196e-05,-1.7584302727727688e-07,0.06583561665445992,3.361393580645396e-11
174099527025.11655,1136956330.4636695,0.1281776779612099,0.0009089472774735773,2799.336158330509,0.6580840905066894,0.04144392008426438,0.8203546798118966,8.349099189786102e-12,3.867572928584195e-12,3,1.0000000000000004,4791523.440465245,362.85814787042665,0.6580840905066894,0.04144392008426438,0.0009091239346104318,3.422133540609993e-05,-1.7662353244668034e-07,0.0658084090506689,3.359681888983679e-11
175229285124.6876,1129758099.5710542,0.12820061470460165,0.0009095023779782691,2799.512985964218,0.6578138924802103,0.04170343659020025,0.8203201855294662,8.33266788902165e-12,-4.551359289450829e-12,3,1.0000000000000004,4792429.01518644,362.6690403417595,0.6578138924802103,0.04170343659020025,0.000909679835017195,3.421263114779698e-05,-1.7742345174991986e-07,0.065781389248021,3.3579597457144224e-11
176351914168.7883,1122629044.1007025,0.12822353564335046,0.0009100545011338082,2799.687491519563,0.657545555639982,0.04196098855778669,0.8209564263811364,8.266720641358916e-12,-5.078160114635466e-13,3,1.0000000000000004,4793325.780922907,362.4801534856067,0.657545555639982,0.04196098855778669,0.0009102329590630759,3.420373451477597e-05,-1.784243595073073e-07,0.0657545555639982,3.3562237139576845e-11
177467026786.33154,1115112617.5432248,0.12824645886247432,0.000910601595700255,2799.857904767881,0.657279172583977,0.042216488993329,0.8215756779755834,8.169021015191902e-12,-3.5862424141441807e-12,3,1.0000000000000004,4794212.794576697,362.2912580601272,0.657279172583977,0.042216488993329,0.000910781294993511,3.4194591067168325e-05,-1.7966574113524229e-07,0.0657279172583977,3.3544682029481457e-11
178574255787.13367,1107229000.8021483,0.1282694186929828,0.0009111414316820139,2800.0221442792817,0.6570148310190385,0.04246985589569667,0.8243604760621581,7.760903031339694e-12,7.696066006701585e-12,3,1.0000000000000004,4795089.211012043,362.1021617138473,0.6570148310190385,0.04246985589569667,0.0009113230404546677,3.4185154005984396e-05,-1.815752386982213e-07,0.06570148310190384,3.352688437947222e-11
179671798375.0506,1097542587.9169035,0.12829269113621786,0.0009116570963645594,2800.1642204975574,0.6567529641497201,0.042720677010488824,0.8290217579781656,7.45181694128405e-12,-7.476019803220879e-12,3,1.0000000000000004,4795948.0134023195,361.9105775433473,0.6567529641497201,0.042720677010488824,0.0009118423271247695,3.417492683826686e-05,-1.8519724509294858e-07,0.06567529641497197,3.350832360394061e-11
180756676434.5362,1084878059.4855847,0.12831587757026283,0.000912166879174922,2800.302550281131,0.6564942816258111,0.04296827667078191,0.8203329927847225,7.322586981217682e-12,9.53659373692517e-12,3,1.0000000000000004,4796792.847606921,361.7198191928664,0.6564942816258111,0.04296827667078191,0.0009123533201066287,3.416448886226295e-05,-1.8640743538460232e-07,0.06564942816258111,3.3489642512275453e-11
181834700227.50684,1078023792.9706755,0.12833905224753026,0.0009126735558264853,2800.4384594950507,0.6562373965315796,0.04321398535463696,0.8194108474385287,7.226663711890069e-12,-8.793521466543552e-12,3,1.0000000000000004,4797629.144449879,361.529285034331,0.6562373965315796,0.04321398535463696,0.0009128609486383518,3.415386798039109e-05,-1.8735933444015792e-07,0.06562373965315799,3.347083081381215e-11
182906515648.40994,1071815420.9031067,0.1283622172215784,0.000913177592840385,2800.5722871956273,0.6559821544567233,0.043457952436776685,0.8191455024009198,7.132516799401856e-12,2.7082114328891294e-11,3,1.0000000000000004,4798457.59844773,361.3389503765084,0.6559821544567233,0.043457952436776685,0.0009133658939093155,3.4143076128533024e-05,-1.88267610520337e-07,0.0655982154456723,3.3451896728373327e-11
183972331033.81454,1065815385.4045993,0.12838550327328854,0.0009136700948099369,2800.695793315975,0.6557285066804961,0.04370022610695269,0.8241325531038735,6.8260952446053125e-12,6.399325513939402e-12,3,1.0000000000000004,4799275.602932309,361.14749963870975,0.6557285066804961,0.04370022610695269,0.0009138607703927087,3.413185870891753e-05,-1.906421439692591e-07,0.06557285066804962,3.3432565748767124e-11
185028968388.67923,1056637354.864673,0.1284087452830127,0.0009141579197673729,2800.8160454419058,0.6554772091515934,0.04394008679858544,0.8188684347265607,6.6988636859832695e-12,-3.243516566442395e-12,3,1.0000000000000004,4800082.855547317,360.9564975524258,0.6554772091515934,0.04394008679858544,0.0009143496185598243,3.412044609406394e-05,-1.9166537322087482e-07,0.06554772091515935,3.341310672784501e-11
186079868418.21976,1050900029.5405577,0.12843198442199993,0.0009146429870975131,2800.9340693283652,0.6552274425731813,0.04417831865716033,0.8187126582237525,6.589617740360154e-12,-1.115407766150156e-11,3,1.0000000000000004,4800882.64497329,360.7656264899999,0.6552274425731813,0.04417831865716033,0.0009148356269095829,3.410886202864966e-05,-1.9260641252114352e-07,0.06552274425731826,3.3393521446870823e-11
187125161704.75958,1045293286.5398506,0.12845522079164215,0.0009151252668306092,2801.049844190959,0.654979175521952,0.04441495310055408,0.8185709772512428,6.475708858033613e-12,-1.6282530879152546e-12,3,1.0000000000000004,4801675.110880492,360.5748819451715,0.654979175521952,0.04441495310055408,0.000915318845091638,3.409710933824387e-05,-1.935448812907233e-07,0.06549791755219521,3.3373811960283466e-11
188164968136.18216,1039806431.4225808,0.1284784560701844,0.0009156046659335486,2801.1632838465366,0.6547323791516757,0.044650019043045774,0.8184851353620903,6.3586913512381216e-12,1.945887895260512e-11,3,1.0000000000000004,4802460.338984013,360.38424003980697,0.6547323791516757,0.044650019043045774,0.0009157991980962766,3.4085186756613426e-05,-1.9449880292993658e-07,0.0654732379151676,3.335397600431316e-11
189199370752.85202,1034402616.6698598,0.1285016884501822,0.0009160813686890144,2801.2745522315513,0.6544870333605328,0.04488353703420184,0.8182015189678316,6.243672245886955e-12,1.9451107391432743e-12,3,1.0000000000000004,4803238.468431041,360.1937211057809,0.6544870333605328,0.04488353703420184,0.0009162768134608803,3.40731008469321e-05,-1.9541143212635144e-07,0.0654487033360532,3.333401995652933e-11
190228575970.4417,1029205217.5896858,0.1285248136994918,0.0009165624824434185,2801.390219171095,0.6542430877906016,0.04511555628607299,0.8145368481093929,6.267875107823784e-12,-8.712475185745916e-12,3,1.0000000000000004,4804011.912261011,360.00432190138804,0.6542430877906016,0.04511555628607299,0.0009167577137766435,3.4061055019882786e-05,-1.9519801331999874e-07,0.06542430877906016,3.3314160013421597e-11
191254910926.34915,1026334955.907409,0.1285479710875483,0.0009170415428368066,2801.5038248310016,0.6539999905838519,0.04534660231741764,0.818239776212426,6.154410314707093e-12,-1.2857492848183938e-12,3,1.0000000000000004,4804780.473902554,359.8147193385463,0.6539999905838519,0.04534660231741764,0.0009172377029242466,3.40488450088084e-05,-1.961267876346795e-07,0.0653999990583851,3.3294161635821994e-11
192276065146.3274,1021154219.9782456,0.12857112636215204,0.0009175175931135008,2801.615014619837,0.653758289110145,0.04557615578993253,0.8180075906916162,6.0320637373934005e-12,-1.3484990901702076e-11,3,1.0000000000000004,4805542.082952197,359.625185919433,0.653758289110145,0.04557615578993253,0.0009177147049170165,3.4036467965641136e-05,-1.9707852394397833e-07,0.06537582891101448,3.3274037353424383e-11
193292208963.53983,1016143817.2124276,0.1285942817178466,0.0009179906124423345,2801.7237521943766,0.6535179426944342,0.0458042566803536,0.8180314455680238,5.899725152858082e-12,-2.333466753157154e-12,3,1.0000000000000004,4806296.875310317,359.4356947315832,0.6535179426944342,0.0458042566803536,0.0009181887133905447,3.4023923175798315e-05,-1.9806768900902305e-07,0.06535179426944338,3.3253785187328397e-11
194303352218.60703,1011143255.067219,0.12861743379443985,0.0009184608029916027,2801.8302318033907,0.6532789486659265,0.046030908862844735,0.8174759147383526,5.7911453410497415e-12,1.028954699222595e-12,3,1.0000000000000004,4807044.91747312,359.24627161049216,0.6532789486659265,0.046030908862844735,0.0009186597836823006,3.4011216428867765e-05,-1.989474519677511e-07,0.06532789486659261,3.323341119650405e-11
195309861341.58527,1006509122.9782882,0.12864057655952946,0.0009189291413443405,2801.9352667855605,0.6530412199298896,0.046256196178723084,0.8171760827041519,5.689226867389152e-12,4.406253140132321e-12,3,1.0000000000000004,4807786.826018188,359.05700554009644,0.6530412199298896,0.046256196178723084,0.0009191289103258504,3.3998374895642195e-05,-1.997357633398427e-07,0.06530412199298892,3.321294188008453e-11
196311941358.20468,1002080016.6193688,0.1286637093691374,0.0009193959073891826,2802.039079518762,0.652804707606013,0.04648016608154178,0.8168612523201668,5.595079954900939e-12,-4.845901457883883e-12,3,1.0000000000000004,4808522.865672001,358.8679100331352,0.652804707606013,0.04648016608154178,0.0009195963985758308,3.398540668363856e-05,-2.0045798911982368e-07,0.06528047076060123,3.3192384465844886e-11
197309803998.51266,997862640.3080078,0.12868683231272643,0.0009198613023986932,2802.141824109562,0.6525693612660997,0.04670286737312213,0.8168080652126708,5.49760237333885e-12,-1.6134205083062625e-11,3,1.0000000000000004,4809253.288718111,358.67898884689686,0.6525693612660997,0.04670286737312213,0.0009200625150317662,3.397231816577194e-05,-2.0117945627170286e-07,0.06525693612660997,3.317174425857702e-11
198303499362.9058,993695364.3931619,0.1287099410767445,0.0009203257009420543,2802.24383421589,0.6523351686518554,0.04692431266622203,0.816209131185297,5.433653527120441e-12,-1.5415335674617836e-11,3,1.0000000000000004,4809978.2435301915,358.49028252286087,0.6523351686518554,0.04692431266622203,0.0009205274937000897,3.395911908841556e-05,-2.0175960200330164e-07,0.06523351686518555,3.315103122848322e-11
199293407852.29,989908489.3841739,0.12873301422109404,0.000920791811094973,2802.3474047967306,0.6521020393127002,0.04714458836583524,0.8151971715719686,5.3932414090240854e-12,-1.9578894061567098e-11,3,1.0000000000000004,4810698.891444428,358.30212115213936,0.6521020393127002,0.04714458836583524,0.000920993820646661,3.3945884646318156e-05,-2.0197641639894662e-07,0.06521020393127006,3.3130323140491094e-11
200280155787.05997,986747934.7699535,0.12875606234521764,0.0009212595288638133,2802.452339565122,0.6518698250750702,0.0473638351025686,0.8151967167968621,5.356604049211455e-12,-2.901634488239324e-11,3,1.0000000000000004,4811415.706608141,358.11439108457654,0.6518698250750702,0.0473638351025686,0.000921461768324321,3.393260806050552e-05,-2.0220634596446502e-07,0.06518698250750701,3.310960842275003e-11
201263753532.5145,983597745.4545285,0.12877908452686493,0.0009217273059629272,2802.5574699583035,0.6516385231469904,0.04758205604137161,0.8158902371074861,5.288880444709321e-12,4.335198866556311e-12,3,1.0000000000000004,4812128.246844174,357.92687640660137,0.6516385231469904,0.04758205604137161,0.0009219300385484558,3.3919247956363136e-05,-2.0269949181126247e-07,0.06516385231469905,3.308884230732551e-11
202243794354.3706,980040821.8561112,0.1288020666555135,0.0009221971550560161,2802.66447864485,0.6514082285250118,0.04779916220938061,0.8147558960835966,5.260236690673992e-12,-1.6499579480466764e-11,3,1.0000000000000004,4812836.817035086,357.7399331711381,0.6514082285250118,0.04779916220938061,0.0009224000134557155,3.390586477257709e-05,-2.0282532675595518e-07,0.06514082285250118,3.3068092283979957e-11
203220970640.96265,977176286.592021,0.1288249995009601,0.000922671034338379,2802.774950868041,0.6511787776195423,0.04801530834811882,0.81354951851631,5.2866599986600704e-12,-1.2445267039140617e-11,3,1.0000000000000004,4813542.532075349,357.5537023524006,0.6511787776195423,0.04801530834811882,0.0009228736235690893,3.389250410950416e-05,-2.025561784302805e-07,0.06511787776195434,3.304740218459369e-11
204196012886.05258,975042245.0899379,0.1288478716859156,0.0009231498901675541,2802.889724293,0.6509499979885689,0.04823065703858961,0.8141202492706334,5.28399546340097e-12,-6.164513344231182e-12,3,1.0000000000000004,4814246.339238799,357.36822778370663,0.6509499979885689,0.04823065703858961,0.0009233523096319341,3.3879193221387755e-05,-2.0238643270611607e-07,0.0650949997988568,3.302679595039655e-11
205168584665.00027,972571778.9476769,0.12887065262782105,0.0009236357225209123,2803.010643351569,0.6507219677166767,0.04844513487580605,0.8113150774119449,5.489164678351699e-12,-1.0284884055522525e-11,3,1.0000000000000004,4814948.472699876,357.1837801763788,0.6507219677166767,0.04844513487580605,0.0009238371547459747,3.3865978850768e-05,-2.0139921366711568e-07,0.06507219677166769,3.300632522812535e-11
206140367893.40427,971783228.4039978,0.12889324840712366,0.0009241370054009213,2803.145147392212,0.6504942903036416,0.04865911430542667,0.8107263541057286,5.531797242497305e-12,5.229150445984487e-12,3,1.0000000000000004,4815653.049591768,357.001336229639,0.6504942903036416,0.04865911430542667,0.0009243368699816016,3.3853097587596765e-05,-1.998315893373556e-07,0.0650494290303641,3.298623068839987e-11
207111715699.35953,971347805.9552695,0.12891581116910794,0.0009246433135101437,2803.2836625513287,0.6502668826232388,0.04887267261471319,0.813836359275788,5.551559212335633e-12,-8.893663583364741e-12,3,1.0000000000000004,4816357.117192664,356.8193828071427,0.6502668826232388,0.04887267261471319,0.0009248429134769357,3.384025617629815e-05,-1.9956699546162397e-07,0.0650266882623239,3.296619737680875e-11
208080771373.09564,969055673.7361099,0.12893829527259176,0.0009251554648342135,2803.427299033126,0.6500401789309302,0.04908540168754405,0.8127482233749594,5.605516051332415e-12,4.7204462561012406e-12,3,1.0000000000000004,4817059.403276563,356.63829619868767,0.6500401789309302,0.04908540168754405,0.0009253544963692243,3.382748536409696e-05,-1.9899858355488908e-07,0.06500401789309303,3.294626996068258e-11
209048187279.1217,967415906.0260721,0.12896070281611904,0.000925674085017313,2803.5765009531674,0.6498140256741077,0.049297445486882065,0.8134776155466206,5.626388244195368e-12,7.26907423143075e-12,3,1.0000000000000004,4817760.665913141,356.4580784593344,0.6498140256741077,0.049297445486882065,0.0009258727116234663,3.381480171024982e-05,-1.985936744835192e-07,0.06498140256741072,3.2926461637490535e-11
210013533119.6465,965345840.5248125,0.12898303997871216,0.0009261978911973127,2803.7302227523182,0.6495885227794328,0.049508710219048124,0.81351922955053,5.642819544959821e-12,1.4230838729645257e-12,3,1.0000000000000004,4818460.188721678,356.27862189710453,0.6495885227794328,0.049508710219048124,0.0009263961883678615,3.380217403920743e-05,-1.9826425858073147e-07,0.0649588522779432,3.2906741701001595e-11
210976788686.4889,963255566.842409,0.12900530767943483,0.0009267267687782826,2803.8883616844128,0.6493636742398872,0.049719192155712875,0.8135958015631495,5.650147016922347e-12,-1.5987322576904717e-11,3,1.0000000000000004,4819157.914735732,356.0999096607737,0.6493636742398872,0.049719192155712875,0.0009269247695515535,3.378959868757536e-05,-1.9796788092865604e-07,0.06493636742398869,3.288710630281389e-11
211937913274.16568,961124587.6768203,0.12902750522671416,0.000927260378858034,2804.050663082975,0.6491394888698403,0.049928883091507205,0.8136419659549032,5.6554760874405474e-12,-5.818567849757983e-12,3,1.0000000000000004,4819853.714654871,355.9218990812315,0.6491394888698403,0.049928883091507205,0.0009274581176888567,3.377706678950752e-05,-1.9770595803276277e-07,0.06491394888698396,3.2867545998873985e-11
212896884390.77933,958971116.6136394,0.12904963264694014,0.0009277987454328254,2804.2171391938964,0.6489159712116253,0.05013777885048942,0.8136385710316718,5.665246050057249e-12,-9.194978112248009e-12,3,1.0000000000000004,4820547.587551026,355.7445982468141,0.6489159712116253,0.05013777885048942,0.0009279962258151684,3.376457977143166e-05,-1.9744752902459915e-07,0.06489159712116255,3.284806230865753e-11
213853708857.52008,956824466.7407848,0.1290717423387748,0.0009283381397838441,2804.3843991398967,0.6486931193197363,0.050345881374489414,0.8158884663711508,5.555333970619358e-12,-1.5900614158681492e-11,3,1.0000000000000004,4821238.484436446,355.567537124154,0.6486931193197363,0.050345881374489414,0.0009285361699050821,3.3752043720258836e-05,-1.9799728752545628e-07,0.06486931193197362,3.282855533799461e-11
214807074253.76248,953365396.2424421,0.12909390006773247,0.0009288722658881898,2804.546975105223,0.648471239264125,0.050552905520407955,0.8172840487707944,5.396794122702886e-12,-1.497291179930471e-11,3,1.0000000000000004,4821923.42708886,355.39005828485347,0.648471239264125,0.050552905520407955,0.000929071567339259,3.373929554444116e-05,-1.9926863719595598e-07,0.06484712392641252,3.28088602538042e-11
215756181704.24973,949107450.4872537,0.12911609351090111,0.0009294010004427597,2804.7049144765333,0.6482505170846,0.05075867897106202,0.8170725555867175,5.242473122279989e-12,-1.1545320255379465e-11,3,1.0000000000000004,4822601.7293539895,355.212263408276,0.6482505170846,0.05075867897106202,0.0009296015641278235,3.372633668216977e-05,-2.005308912075876e-07,0.06482505170846008,3.278898377555406e-11
216701172504.13162,944990799.881915,0.1291383470854538,0.0009299226721838905,2804.8566984659637,0.6480309200283476,0.05096323370432558,0.8178666675157098,5.061284724661164e-12,-9.626077712709957e-12,3,1.0000000000000004,4823273.021934153,355.03392166712496,0.6480309200283476,0.05096323370432558,0.0009301248405771208,3.371312429152415e-05,-2.0213561964400555e-07,0.06480309200283475,3.276887958820507e-11
217641607615.98837,940435111.8567767,0.1291606357937895,0.0009304386096031066,2805.0036083064415,0.6478125500943744,0.0511664762846245,0.8166425107675179,4.922062757373169e-12,-8.241185511792537e-12,3,1.0000000000000004,4823937.342560084,354.85527353729606,0.6478125500943744,0.0511664762846245,0.0009306420071969085,3.369969635355698e-05,-2.0336484063138426e-07,0.06478125500943742,3.274859088828116e-11
218578210203.1744,936602587.1860063,0.12918295273857,0.0009309505125178921,2805.1470062103417,0.647595239079665,0.05136856469650121,0.8160691300496126,4.8114845441205034e-12,-1.191491350027718e-12,3,1.0000000000000004,4824595.767138086,354.6764333305424,0.647595239079665,0.05136856469650121,0.0009311549169479059,3.368609330632294e-05,-2.0437169737860923e-07,0.06475952390796655,3.272815598103485e-11
219511323520.3503,933113317.1759018,0.12920529534080913,0.0009314590051698612,2805.287395039246,0.6473789071010437,0.0515695743902698,0.8160297552961548,4.7060133567811135e-12,-1.1390333121141794e-11,3,1.0000000000000004,4825248.800789909,354.4974531243247,0.6473789071010437,0.0515695743902698,0.0009316643954094229,3.367233405042648e-05,-2.053575275855656e-07,0.06473789071010438,3.27075927168504e-11
220440982994.60544,929659474.2551017,0.12922766665487256,0.0009319637959976482,2805.4245263362836,0.6471635457949312,0.051769514235622635,0.8159481403730018,4.601430347861424e-12,-8.816281038548368e-12,3,1.0000000000000004,4825896.399778792,354.31829747944585,0.6471635457949312,0.051769514235622635,0.0009321701865202845,3.3658412522346586e-05,-2.0635783145362632e-07,0.06471635457949308,3.268689444636859e-11
221367247731.23383,926264736.6283361,0.12925006748040446,0.0009324648786096939,2805.558391036579,0.6469491413196963,0.05196839817541306,0.8158530064722447,4.5066173015584354e-12,-6.9936278990212486e-12,3,1.0000000000000004,4826538.616450022,354.13896140942313,0.6469491413196963,0.05196839817541306,0.0009326722675425054,3.364432934830163e-05,-2.0735626254771926e-07,0.06469491413196966,3.2666061463263216e-11
222290183931.98618,922936200.7523658,0.1292724985681257,0.000932962251575451,2805.6889843188014,0.6467356782017154,0.052166241640374277,0.8157734428249075,4.409583809206197e-12,9.285017199545109e-12,3,1.0000000000000004,4827175.514841756,353.9594417207199,0.6467356782017154,0.052166241640374277,0.0009331706403071482,3.363008565924675e-05,-2.0835608248871987e-07,0.0646735678201715,3.26450945608341e-11
223209848402.83875,919664470.8525919,0.12929503103867301,0.0009334502624616393,2805.8112912855954,0.6465231436440666,0.0523630576123916,0.8189110013018253,4.232836303685872e-12,7.545075675352564e-12,3,1.0000000000000004,4827805.574463844,353.77904747139934,0.6465231436440666,0.0523630576123916,0.0009336609204636962,3.3615543790578636e-05,-2.106253742580998e-07,0.06465231436440665,3.262384760472839e-11
224124495510.81897,914647107.9801992,0.12931761875056355,0.0009339304553997832,2805.926983050499,0.6463119413698526,0.052558473978956986,0.8156024753486202,4.134026454494233e-12,1.4445999951817612e-11,3,1.0000000000000004,4828427.702655053,353.5981710616547,0.6463119413698526,0.052558473978956986,0.0009341423548468304,3.36007415081338e-05,-2.1186684081445842e-07,0.06463119413698531,3.260237181235782e-11
225035995792.84674,911500282.0277479,0.1293402337278853,0.0009344071837857996,2806.0396401512435,0.6461016389349042,0.052752892321380924,0.81533919775445,4.061417868683748e-12,-4.9505954891060355e-12,3,1.0000000000000004,4829044.688771545,353.41710749113395,0.6461016389349042,0.052752892321380924,0.0009346200396484838,3.3585782760071175e-05,-2.12823278123711e-07,0.06461016389349039,3.258076542152743e-11
225944506721.63712,908510928.790376,0.12936282107508115,0.0009348849550815363,2806.1532443399046,0.6458921995210052,0.052946347627212044,0.8123108793944844,4.068745340646274e-12,-2.6967317268145052e-12,3,1.0000000000000004,4829657.937074104,353.2363915468505,0.6458921995210052,0.052946347627212044,0.0009350975935235906,3.357077937889999e-05,-2.126058791047629e-07,0.06458921995210051,3.2559145763163676e-11
226851724454.3664,907217732.7292563,0.1293853439875001,0.000935367780926264,2806.27120259253,0.6456832310007966,0.053139202336259156,0.8137702205840425,4.049427460017796e-12,-8.222533764978834e-12,3,1.0000000000000004,4830270.237210988,353.05639891254236,0.6456832310007966,0.053139202336259156,0.0009355804402607911,3.35558475844313e-05,-2.1262679311459073e-07,0.06456832310007972,3.2537624941186583e-11
227756838164.484,905113710.1176575,0.12940789159894858,0.0009358481163678979,2806.386886536389,0.6454749202523287,0.05333128423632577,0.8148022771770069,4.001465825353989e-12,-8.312239785368547e-12,3,1.0000000000000004,4830878.680130663,352.87626127402444,0.6454749202523287,0.05333128423632577,0.000936061520071547,3.354079338860097e-05,-2.133711839016315e-07,0.06454749202523284,3.2516002750644615e-11
228659280655.77975,902442491.29573,0.12943045480034207,0.0009363260844360608,2806.5004900303697,0.6452673977405737,0.053522473689865006,0.8148447613876009,3.948619209381832e-12,-8.174017018802715e-12,3,1.0000000000000004,4831482.816564249,352.6960633856128,0.6452673977405737,0.053522473689865006,0.0009365402797395135,3.3525620688984003e-05,-2.1416280546847014e-07,0.0645267397740574,3.249428690410782e-11
229559036355.1368,899755699.3570629,0.12945302923549207,0.0009368020394259158,2806.612328384946,0.6450606668218508,0.053712768420024794,0.8143802157634106,3.909539358915026e-12,4.763522909456697e-12,3,1.0000000000000004,4832082.720760229,352.51584555200407,0.6450606668218508,0.053712768420024794,0.000937016878484036,3.3510337499186336e-05,-2.1480658197170044e-07,0.06450606668218506,3.247248594936121e-11
230456369084.39847,897332729.2616645,0.12947562076385946,0.0009372756427508122,2806.7220869326547,0.6448546666423681,0.05390222518174134,0.8149238320265262,3.83026943495679e-12,-1.530875426425382e-11,3,1.0000000000000004,4832678.550479933,352.3355471032768,0.6448546666423681,0.05390222518174134,0.0009374913371839425,3.349493803449495e-05,-2.1566197894803852e-07,0.06448546666423685,3.2450592077213046e-11
231350986829.97348,894617745.5750182,0.12949835301563647,0.0009377375326438621,2806.8214231950174,0.6446494651750806,0.05409078240948955,0.81692838396763,3.775202372935382e-12,5.926814594658936e-12,3,1.0000000000000004,4833267.197506844,352.1539703535742,0.6446494651750806,0.05409078240948955,0.0009379552616689658,3.347917344554903e-05,-2.1769659321935422e-07,0.06446494651750811,3.2428344310320024e-11
232241802863.3845,890816033.4110148,0.129521012836549,0.0009382022158787379,2806.9235101053864,0.6444453108495384,0.05427821304101379,0.8126727002455425,3.764988321108831e-12,-7.321809825100445e-12,3,1.0000000000000004,4833852.177013764,351.9731646773861,0.6444453108495384,0.05427821304101379,0.0009384198634856946,3.3463432858569356e-05,-2.1761519726372726e-07,0.06444453108495386,3.240616046585353e-11
233131152842.25345,889349978.8689188,0.12954363736974317,0.0009386698086084457,2807.028029018204,0.644241667372354,0.05446501007177154,0.8127052956996561,3.770317391627032e-12,-6.660338947028777e-12,3,1.0000000000000004,4834435.39188682,351.79281196023317,0.644241667372354,0.05446501007177154,0.0009388873382561071,3.344770694261054e-05,-2.1749726010637137e-07,0.06442416673723543,3.238401596009018e-11
234019021373.76807,887868531.5146149,0.12956622322668018,0.0009391408197311798,2807.1353938983866,0.6440385377491511,0.05465117084319915,0.8124767197220661,3.780753488058508e-12,3.5063063563711694e-12,3,1.0000000000000004,4835017.003779364,351.6129885760175,0.6440385377491511,0.05465117084319915,0.0009393581303105501,3.343201089778374e-05,-2.172782138926195e-07,0.06440385377491514,3.2361926895119547e-11
234905535601.92593,886514228.1578758,0.1295887690624008,0.0009396153137806606,2807.2456639387533,0.6438358923629269,0.05483672255993721,0.8124799984188247,3.79363207514416e-12,3.4428015993626104e-12,3,1.0000000000000004,4835597.1434790725,351.4336857998054,0.6438358923629269,0.05483672255993721,0.0009398324058848497,3.341634631824361e-05,-2.1705976073064018e-07,0.06438358923629275,3.233989399538839e-11
235790695806.50186,885160204.5759186,0.12961126865662123,0.0009400936322434524,2807.3591577845937,0.6436337306026272,0.05502166581390368,0.8124074043353025,3.802735903946086e-12,8.493206138382448e-13,3,1.0000000000000004,4836175.930227796,351.2549513428897,0.6436337306026272,0.05502166581390368,0.0009403104676697266,3.340072325136838e-05,-2.16803104771597e-07,0.0643633730602628,3.231792769533235e-11
236674543541.80634,883847735.3044865,0.12963373156017485,0.0009405750477460626,2807.475225179415,0.643432042522292,0.05520600974040913,0.8125030746819473,3.811173598933237e-12,-2.6259883156853903e-11,3,1.0000000000000004,4836753.17631005,351.07668225535593,0.643432042522292,0.05520600974040913,0.0009407917015719614,3.3385122085212734e-05,-2.1662152630736914e-07,0.06434320425222925,3.2296006937689786e-11
237557028794.01895,882485252.2125944,0.1296561578599372,0.0009410594144035979,2807.593753108373,0.6432308390914245,0.05538974436654431,0.8126368736260936,3.814060178797263e-12,1.0307310560619953e-11,3,1.0000000000000004,4837328.813781014,350.89887125433705,0.6432308390914245,0.05538974436654431,0.0009412759485071788,3.3369540463794404e-05,-2.1650182586240947e-07,0.06432308390914249,3.227412943415631e-11
238438081122.79633,881052328.777411,0.12967855049970148,0.0009415466268979728,2807.714628069543,0.6430301359332384,0.055572855527720545,0.812508941586132,3.823608096809039e-12,7.065015239504646e-12,3,1.0000000000000004,4837902.751058194,350.7215115522703,0.6430301359332384,0.055572855527720545,0.0009417630090172549,3.335397557364248e-05,-2.1634986338935477e-07,0.06430301359332387,3.22522925790654e-11
239317772101.6808,879690978.8844581,0.12970088859991558,0.000942038023774481,2807.83907048557,0.6428299161408811,0.055755358727015876,0.812204907427172,3.835820550079916e-12,-1.0423439888995745e-11,3,1.0000000000000004,4838475.457045106,350.5447652648124,0.6428299161408811,0.055755358727015876,0.0009422540816595252,3.3338462389865985e-05,-2.1602565089798688e-07,0.06428299161408804,3.2230532594581475e-11
240196268212.53552,878496110.8547667,0.12972320415255714,0.0009425313469822573,2807.96504780149,0.6426301414624741,0.05593728886850969,0.8129532506895298,3.837818951524241e-12,9.199752071253897e-12,3,1.0000000000000004,4839046.41724487,350.368331534991,0.6426301414624741,0.05593728886850969,0.0009427474655699784,3.332294393265328e-05,-2.160863753154643e-07,0.0642630141462474,3.2208788353813527e-11
241073167196.03552,876898983.5000347,0.1297454973689554,0.0009430257679300753,2808.0919389101145,0.6424309031184402,0.056118563049180246,0.8131199553257362,3.837818951524241e-12,-4.831024469353906e-12,3,1.0000000000000004,4839615.079314944,350.19216380621134,0.6424309031184402,0.056118563049180246,0.000943242067800941,3.330740194442867e-05,-2.1626768020367727e-07,0.06424309031184401,3.2187042923214665e-11
241948382224.3621,875215028.3265297,0.12976775991317707,0.0009435223452900686,2808.220620644656,0.6422322204167602,0.05629916400111561,0.8124536830800277,3.845146423486767e-12,1.0403899963762342e-11,3,1.0000000000000004,4840181.647133998,350.01639123721196,0.6422322204167602,0.05629916400111561,0.0009437385428411216,3.329186061238575e-05,-2.1616538210272354e-07,0.06422322204167606,3.216532233553422e-11
242822274639.34143,873892414.9793788,0.1297899872074312,0.0009440218950198414,2808.35174710622,0.6420340107975404,0.05647916694669584,0.8124791623514982,3.850697538609893e-12,5.42343947529389e-12,3,1.0000000000000004,4840746.672098209,349.8410731952477,0.6420340107975404,0.05647916694669584,0.000944237958504183,3.327634069376225e-05,-2.1603133706039585e-07,0.06420340107975402,3.2143646072127335e-11
243694832757.69666,872558118.3551922,0.12981218574468975,0.000944523523364087,2808.4845805039454,0.6418362765441477,0.05665856992543812,0.8126679914427504,3.859135233597044e-12,-1.4961920591360922e-11,3,1.0000000000000004,4841309.900394187,349.6661053062936,0.6418362765441477,0.05665856992543812,0.0009447395729947515,3.32608210088472e-05,-2.1601750502759422e-07,0.06418362765441477,3.2121991807461816e-11
244565957393.09827,871124635.401634,0.1298343619140034,0.0009450263271766171,2808.6183785106155,0.6416390398465599,0.056837352980275514,0.8129401585926788,3.8615777242512195e-12,2.213829120023547e-11,3,1.0000000000000004,4841870.997614385,349.4913913770673,0.6416390398465599,0.056837352980275514,0.0009452425219074644,3.324527997973958e-05,-2.1616262686066575e-07,0.06416390398465595,3.210033736715851e-11
245435505304.4545,869547911.3562405,0.1298565108467182,0.0009455306024503844,2808.753412412095,0.6414423328001618,0.05701548728019701,0.8127121592371722,3.866240660954645e-12,-2.4119595209981526e-12,3,1.0000000000000004,4842429.9323855555,349.31698422461847,0.6414423328001618,0.05701548728019701,0.0009457468551484239,3.322972534555757e-05,-2.1622061569217618e-07,0.06414423328001621,3.207869166596839e-11
246303601088.37595,868095783.921468,0.12987862857030363,0.0009460368252167027,2808.8900769898996,0.6412461268056332,0.05719299897464743,0.8125710789647078,3.871791776077771e-12,7.807088309164101e-13,3,1.0000000000000004,4842986.945684178,349.1429254409645,0.6412461268056332,0.05719299897464743,0.0009462530652018177,3.3214168655263736e-05,-2.1620792438614333e-07,0.06412461268056328,3.2057066005719886e-11
247170322401.06396,866721312.6880127,0.12990071484869295,0.0009465450673035424,2809.028426031263,0.6410504039166078,0.057369904496555935,0.8125460990854316,3.880007426459997e-12,-1.0872192035549233e-11,3,1.0000000000000004,4843542.131750486,348.9692165504983,0.6410504039166078,0.057369904496555935,0.0009467612873188797,3.319861224282886e-05,-2.1618797620234793e-07,0.06410504039166076,3.2035462278902876e-11
248035684720.23303,865362319.16904,0.12992276879504847,0.0009470554054731351,2809.1685239108815,0.6408551602602807,0.05754620752593298,0.8124363042733007,3.891331701311174e-12,1.2433609697382053e-11,3,1.0000000000000004,4844095.525840705,348.7958633552487,0.6408551602602807,0.05754620752593298,0.0009472715668852462,3.318305790307791e-05,-2.1612939454352946e-07,0.0640855160260281,3.201388218208386e-11
248899748556.77515,864063836.5421324,0.12994476550859715,0.0009475699732781046,2809.312218938066,0.6406603816113621,0.05772192103569162,0.8117504857879654,3.905764600631301e-12,-2.8880231539574197e-12,3,1.0000000000000004,4844647.7943223,348.62311608144137,0.6406603816113621,0.05772192103569162,0.0009477857065913223,3.316755818328236e-05,-2.157013171363316e-07,0.06406603816113612,3.199238044255926e-11
249762880242.49573,863131685.7205739,0.129966695690936,0.0009480899340322014,2809.4604687596857,0.6404659847252795,0.05789712007677954,0.8114829278677016,3.9255265704696285e-12,-2.3714363805993344e-13,3,1.0000000000000004,4845199.5785463415,348.45106977125374,0.6404659847252795,0.05789712007677954,0.0009483050687425833,3.315214104914824e-05,-2.1510273567609964e-07,0.06404659847252796,3.197098407531592e-11
250625222911.41678,862342668.9210248,0.12998855614779484,0.0009486156148263408,2809.613544088954,0.6402719367429883,0.05807183406547708,0.8114808410647489,3.945732629517806e-12,-1.1244893904915898e-11,3,1.0000000000000004,4845751.112168981,348.27975165984947,0.6402719367429883,0.05807183406547708,0.0009488301289580191,3.313681565071635e-05,-2.144821782336056e-07,0.0640271936742988,3.194970164386599e-11
251486778392.58948,861555481.1727183,0.13001034237806525,0.0009491474448618644,2809.7718047951334,0.6400782366335785,0.05824606369288945,0.8112562099177323,3.9686032238250846e-12,-1.1400214106060957e-11,3,1.0000000000000004,4846302.519304963,348.1092093108391,0.6400782366335785,0.05824606369288945,0.0009493612268278141,3.3121592019518935e-05,-2.1375003363943905e-07,0.06400782366335785,3.19285435033303e-11
252347666566.7955,860888174.2060125,0.13003205240400822,0.0009496856735842551,2809.9354498139305,0.639884856787861,0.05841983350201138,0.8113586918295779,3.990363595107738e-12,9.557243885183198e-12,3,1.0000000000000004,4846853.989329652,347.9394624601106,0.639884856787861,0.05841983350201138,0.000949898747846708,3.310647718690593e-05,-2.1304235114706314e-07,0.06398848567878612,3.1907516147013366e-11
253207833622.31842,860167055.5229001,0.1300536879478137,0.0009502299886297788,2810.104222319769,0.6396918086941534,0.05859313287632235,0.8113821915040065,4.00857125271159e-12,7.37188088351104e-14,3,1.0000000000000004,4847405.396153602,347.77047874870055,0.6396918086941534,0.05859313287632235,0.0009504423798098424,3.309146373429528e-05,-2.1235928964278923e-07,0.06396918086941537,3.188661191040035e-11
254067267717.23993,859434094.9215386,0.13007525030064673,0.0009507802596253701,2810.2780050618535,0.6394990944148582,0.05876595969379291,0.8114221783372955,4.026556865710518e-12,-1.1407763622628408e-11,3,1.0000000000000004,4847956.693995258,347.6022406306486,0.6394990944148582,0.05876595969379291,0.0009509919909641487,3.3076548140361354e-05,-2.11699469123495e-07,0.06394990944148578,3.186582699908082e-11
254925948317.48157,858680600.2416652,0.13009646618516943,0.0009513593602059075,2810.476636274162,0.6393067166284997,0.05893831106259024,0.7996779323449221,4.18287626757774e-12,-1.2524314918493928e-11,3,1.0000000000000004,4848513.708795411,347.43718357681,0.6393067166284997,0.05893831106259024,0.0009515644693786049,3.3062227015683015e-05,-2.0507732303608335e-07,0.06393067166285002,3.184568186994689e-11
255790152979.6192,864204662.1376595,0.1301172086171123,0.0009519788756288199,2810.7100036863294,0.6391132644602617,0.059111447430511,0.8092929199704502,4.238831508018848e-12,-4.050648705344884e-12,3,1.0000000000000004,4849086.205929778,347.27645486304704,0.6391132644602617,0.059111447430511,0.0009521805964091137,3.30488768438269e-05,-2.0168894972573839e-07,0.06391132644602616,3.182653281744751e-11
256654735087.56784,864582107.9486278,0.13013803405259977,0.0009525925809926047,2810.9379460474706,0.6389198915472293,0.059284334038572965,0.8148933750701248,4.21818135976082e-12,1.1386891429765456e-11,3,1.0000000000000004,4849656.527173315,347.1150608521914,0.6389198915472293,0.059284334038572965,0.0009527954850781467,3.3035363715251085e-05,-2.028722743019352e-07,0.06389198915472294,3.180722182302138e-11
257516717410.62317,861982323.0553311,0.13015892740470997,0.0009531995845408077,2811.159976554734,0.6387272646320908,0.05945637517609814,0.8147899735466702,4.185762847441765e-12,1.1394885035542757e-11,3,1.0000000000000004,4850221.625452846,346.95311007281583,0.6387272646320908,0.05945637517609814,0.000953403823758866,3.302164284169886e-05,-2.0420742634847203e-07,0.06387272646320905,3.178771981287744e-11
258376162295.35175,859444884.7285876,0.13017988999299715,0.000953800027101583,2811.3761934819704,0.6385353699626183,0.05962758429258889,0.814688252692708,4.160671807085237e-12,-6.417977260753105e-12,3,1.0000000000000004,4850781.547784145,346.7905969743326,0.6385353699626183,0.05962758429258889,0.0009540055927487799,3.3007714485464713e-05,-2.0553387520170725e-07,0.06385353699626176,3.17680268062855e-11
259233130706.21118,856968410.8594878,0.13020092234052885,0.0009543938572485003,2811.586561800491,0.6383441941133882,0.059797974510808635,0.8146367010825051,4.143796417110934e-12,-5.387912338505885e-13,3,1.0000000000000004,4851336.337387277,346.6275143433352,0.6383441941133882,0.059797974510808635,0.0009546007625325448,3.2993578623624126e-05,-2.0687353194735952e-07,0.06383441941133883,3.174814249613851e-11
260087656815.7704,854526109.5591745,0.1302220225754154,0.0009549812457255541,2811.7912358752324,0.6381537296386761,0.05996755359773345,0.8144706693802295,4.132028053049908e-12,-4.231615058358784e-12,3,1.0000000000000004,4851886.073243,346.4638831263676,0.6381537296386761,0.05996755359773345,0.0009551894440869053,3.2979240264127736e-05,-2.0816662933327503e-07,0.06381537296386762,3.172807205187294e-11
260939834430.31766,852177614.5472792,0.13024316413649997,0.0009555645107388261,2811.9922160991614,0.6379639556696112,0.060136341208873276,0.8133069664961745,4.129363517790807e-12,5.81534820298657e-12,3,1.0000000000000004,4852431.429990544,346.29994205079953,0.6379639556696112,0.060136341208873276,0.0009557734181505838,3.296475040973872e-05,-2.0887569994354276e-07,0.06379639556696112,3.1707868344533226e-11
261790277771.4299,850443341.1122285,0.1302643371634373,0.0009561446254165906,2812.1903297322415,0.6377747352563858,0.060304459912643965,0.8140932212380436,4.1306957854203574e-12,6.659783835516464e-12,3,1.0000000000000004,4852973.313622979,346.1357869422403,0.6377747352563858,0.060304459912643965,0.0009563545401443092,3.2950142435520905e-05,-2.098830362064624e-07,0.06377747352563856,3.168756270716392e-11
262638580424.39322,848302652.9633102,0.13028556659850934,0.0009567192516705121,2812.3835933809582,0.6375861590318433,0.06047183001922269,0.8139902836490354,4.134692588309008e-12,9.362510766663945e-12,3,1.0000000000000004,4853510.7153908,345.97118833926766,0.6375861590318433,0.06047183001922269,0.000956930274717406,3.293536044243038e-05,-2.109913758390783e-07,0.06375861590318442,3.1667099126228974e-11
263484801279.2941,846220854.9008793,0.13030675659489305,0.0009572962663057268,2812.5788339152004,0.6373982134110505,0.06063846440404052,0.8114243941342858,4.135358722123783e-12,-4.4467762805311395e-12,3,1.0000000000000004,4854045.82184283,345.8070233739798,0.6373982134110505,0.06063846440404052,0.0009575069016221356,3.292058521253993e-05,-2.1060366578376787e-07,0.06373982134110504,3.164666632997402e-11
264330279069.60904,845477790.314938,0.1303279606329726,0.0009578726176829688,2812.773231277968,0.6372106007247283,0.060804627248146184,0.8133417334771353,4.156230914986736e-12,-1.038924501983729e-11,3,1.0000000000000004,4854578.984967844,345.6428272682885,0.6372106007247283,0.060804627248146184,0.000958083840042066,3.290575162412381e-05,-2.111907289277671e-07,0.06372106007247277,3.162618829160734e-11
265174018187.60486,843739117.9958203,0.13034917854239012,0.0009584470008261117,2812.9658308789426,0.6370235419984445,0.06097012317184071,0.8130424875019138,4.168221323652688e-12,6.881828440441495e-12,3,1.0000000000000004,4855109.035472421,345.4785706479182,0.6370235419984445,0.06097012317184071,0.0009586587768682411,3.289083171297952e-05,-2.1174443249287778e-07,0.06370235419984452,3.160564162559116e-11
266016177147.23257,842158959.6277411,0.13037043081464617,0.0009590181709774009,2813.1555013910033,0.6368370020846607,0.06113498387958333,0.8133618947109289,4.184874669022065e-12,-1.8372636745311866e-11,3,1.0000000000000004,4855635.720241396,345.3140786410371,0.6368370020846607,0.06113498387958333,0.0009592307285830756,3.287579329742531e-05,-2.125260166695399e-07,0.0636837002084661,3.158499179752962e-11
266856593843.388,840416696.1554266,0.1303917210979807,0.0009595856408781435,2813.3418504020447,0.6366510169710465,0.06129917822709677,0.813341491379127,4.204414594255468e-12,-2.60682586628036e-11,3,1.0000000000000004,4856158.765753222,345.1493140409063,0.6366510169710465,0.06129917822709677,0.0009597990221757738,3.286062522326725e-05,-2.1334972936761506e-07,0.06366510169710463,3.156422815974539e-11
267695282399.86996,838688556.4820037,0.13041304763055586,0.0009601495538678434,2813.525006556765,0.6364655835533525,0.06146270966332554,0.8132954901901579,4.228839500797221e-12,1.744915323342866e-11,3,1.0000000000000004,4856678.230062791,344.98429589099476,0.6364655835533525,0.06146270966332554,0.0009603637538841501,3.284533179377239e-05,-2.1416846889118324e-07,0.06364655835533523,3.1543355164027886e-11
268532270039.8551,836987639.9851319,0.13043439824433162,0.0009607108536228902,2813.7057964864016,0.6362806957658845,0.06162558423050548,0.8128881406194166,4.2521541843143495e-12,1.816236050444786e-11,3,1.0000000000000004,4857194.391368644,344.81912743024094,0.6362806957658845,0.06162558423050548,0.0009609256574620918,3.282993484608624e-05,-2.1477231272117368e-07,0.06362806957658852,3.1522395487914796e-11
269367769474.47375,835499434.6186403,0.1304557583837523,0.0009612715923653599,2813.8858823092455,0.636096306393831,0.06178784408957365,0.81242528343628,4.275024778621628e-12,8.453238109495942e-13,3,1.0000000000000004,4857708.009513645,344.6540275823134,0.636096306393831,0.06178784408957365,0.0009614866918728638,3.2814483714579e-05,-2.1506800199495402e-07,0.0636096306393831,3.150139953140484e-11
270202020894.3475,834251419.8737524,0.13047712783587864,0.0009618319047820113,2814.0653657359353,0.6359123622250398,0.06194953647730933,0.8124100465967121,4.298117417533831e-12,-7.093770015842438e-12,3,1.0000000000000004,4858219.338796978,344.4889924763649,0.6359123622250398,0.06194953647730933,0.0009620472906083187,3.279898303456686e-05,-2.1535434180277638e-07,0.06359123622250398,3.148037071212535e-11
271035033975.19565,833013080.8481536,0.13049848575006415,0.000962392826533958,2814.2452294607974,0.6357288609044609,0.06211066380054828,0.812013415743551,4.318989610396784e-12,-7.032263660278204e-12,3,1.0000000000000004,4858728.674891734,344.32413483177794,0.6357288609044609,0.06211066380054828,0.0009626082704426987,3.278345668658073e-05,-2.1541244525055422e-07,0.06357288609044609,3.1459333685350263e-11
271867013672.4937,831979697.2980453,0.13051988377348636,0.0009629494895229812,2814.4213591400703,0.6355457573279303,0.06227126597172005,0.8140937837741724,4.377831430701917e-12,-1.5693224497681513e-11,3,1.0000000000000004,4859234.968671776,344.1589338472428,0.6355457573279303,0.06227126597172005,0.0009631662360444549,3.276780264158424e-05,-2.1671507907733238e-07,0.06355457573279298,3.143818077704563e-11
272696898870.56454,829885198.0708114,0.13054133477993693,0.0009635014495534674,2814.5932967607387,0.635363285357436,0.062431138656577935,0.8125133324488054,4.407141318552021e-12,-1.089195400538756e-11,3,1.0000000000000004,4859737.034592277,343.993385532468,0.635363285357436,0.062431138656577935,0.0009637188231482673,3.275199651473373e-05,-2.1734217366071114e-07,0.06353632853574359,3.1416892936294326e-11
273525499540.25443,828600669.6899166,0.13056279787593222,0.0009640526705757786,2814.7643822095392,0.6351812665982547,0.06259043880195446,0.8123735686926814,4.441558232315401e-12,7.711609129046337e-12,3,1.0000000000000004,4860236.66872023,343.8278625757602,0.6351812665982547,0.06259043880195446,0.0009642704060928919,3.273613243824721e-05,-2.1770411726743504e-07,0.06351812665982544,3.139556369372184e-11
274352888834.18222,827389293.9278262,0.13058426621854247,0.0009646030124689233,2814.934588099087,0.6349996848462851,0.06274918099045569,0.8122964190171444,4.476863324498481e-12,-1.0089706847793423e-12,3,1.0000000000000004,4860733.948592603,343.6623609350686,0.6349996848462851,0.06274918099045569,0.0009648210822669846,3.2720211687163775e-05,-2.1803841954913778e-07,0.06349996848462855,3.137419378510774e-11
275179107756.52673,826218922.3445314,0.1306057315813765,0.0009651533223588387,2815.1046220132203,0.6348185309302206,0.06290737360047154,0.8119718938881526,4.50595116774366e-12,-2.735034421164073e-12,3,1.0000000000000004,4861229.132694203,343.4969671434259,0.6348185309302206,0.06290737360047154,0.0009653715358317047,3.270425308242841e-05,-2.1818211571437942e-07,0.0634818530930221,3.135280255287784e-11
276004322822.4531,825215065.9263941,0.13062718446993263,0.0009657045717678213,2815.2752945640727,0.6346377680681504,0.06306504901130593,0.811917404142104,4.536593323223315e-12,4.645173135031655e-12,3,1.0000000000000004,4861722.659512286,343.33178603280726,0.6346377680681504,0.06306504901130593,0.0009659228568878446,3.2688281777492164e-05,-2.1825378422694075e-07,0.06346377680681504,3.133141526362459e-11
276828562908.6309,824240086.1777992,0.13064862551589174,0.0009662564283537944,2815.4463559784413,0.6344573897280705,0.06322221313525506,0.8118936711820623,4.566791389493119e-12,-9.50350909079134e-14,3,1.0000000000000004,4862214.47009606,343.16677807028896,0.6344573897280705,0.06322221313525506,0.0009664747975111199,3.2672290691804146e-05,-2.1833784288865293e-07,0.06344573897280706,3.131002422563266e-11
277651841199.59625,823278290.9653854,0.13067004954979364,0.0009668094026057755,2815.618233121049,0.6342773927846544,0.06337886889477115,0.8117623577497124,4.595435143528448e-12,-2.1658230764387554e-11,3,1.0000000000000004,4862704.717790688,343.00200024426056,0.6342773927846544,0.06337886889477115,0.0009670277734294669,3.26562918001144e-05,-2.1833953060660068e-07,0.06342773927846546,3.12886418575869e-11
278474225325.4097,822384125.8135098,0.13069144784733872,0.0009673642278611505,2815.7915525353546,0.6340977621541756,0.06353502957581349,0.8115671931707702,4.6205261838849765e-12,-1.4756307287200343e-11,3,1.0000000000000004,4863193.666486026,342.8375280747851,0.6340977621541756,0.06353502957581349,0.0009675824694726692,3.264030229005446e-05,-2.182103397634718e-07,0.06340977621541759,3.126728558768397e-11
279295815026.8024,821589701.3926755,0.1307128120940443,0.0009679215326670713,2815.966859001672,0.6339184757125742,0.06369071449892577,0.8114377138268569,4.6413983767479294e-12,-1.0919931625608115e-11,3,1.0000000000000004,4863681.584075004,342.67342338305156,0.6339184757125742,0.06369071449892577,0.0009681395492712068,3.262433733215972e-05,-2.1798535367221314e-07,0.06339184757125742,3.1245970505651226e-11
280116676554.89355,820861528.0911139,0.13073417909413212,0.0009684780810504014,2816.1414010613066,0.6337395188267181,0.06384593643764708,0.8128373528426547,4.789280083628e-12,1.2909451285736395e-11,3,1.0000000000000004,4864167.756171892,342.5093687253746,0.6337395188267181,0.06384593643764708,0.0009686967642171217,3.2608333154505695e-05,-2.1865193745197787e-07,0.06337395188267182,3.122462988051263e-11
280936104149.2165,819427594.3229403,0.1307555637828521,0.0009690329693736236,2816.314362382117,0.6335610455372072,0.06400056224182744,0.8112386341851963,4.729550084903167e-12,-8.12216960355272e-12,3,1.0000000000000004,4864651.094975504,342.34523549472016,0.6335610455372072,0.06400056224182744,0.0009692515782783858,3.259224821211578e-05,-2.185776969544571e-07,0.06335610455372079,3.120322452265392e-11
281754905935.84906,818801786.6325222,0.1307768498911462,0.0009695956331983667,2816.4938492693286,0.6333828789754878,0.06415474523421859,0.8103821079463724,4.71378491795349e-12,-4.232525441238977e-11,3,1.0000000000000004,4865134.967658008,342.18202261064545,0.6333828789754878,0.06415474523421859,0.0009698132214704828,3.25763056886048e-05,-2.1755708556396908e-07,0.06333828789754882,3.1181981751727836e-11
282573514660.7421,818608724.8930852,0.1307980051332192,0.0009701686236019062,2816.682052139837,0.6332049240492903,0.06430856730722645,0.8097224792058544,4.686473431547711e-12,7.37809813244894e-12,3,1.0000000000000004,4865620.5181009,342.0199963142036,0.6332049240492903,0.06430856730722645,0.0009703846713459875,3.256056994016526e-05,-2.1601657856874374e-07,0.06332049240492908,3.116096581148275e-11
283392263656.8311,818748996.0889834,0.1308190466790844,0.0009707507131136569,2816.8778837337586,0.6330271075272822,0.06446209109526851,0.8102549954591698,4.671818487622659e-12,6.45483666517066e-13,3,1.0000000000000004,4866107.736879077,341.859001590081,0.6330271075272822,0.06446209109526851,0.0009709655407273448,3.254501660984363e-05,-2.147964690034886e-07,0.06330271075272825,3.114014924330778e-11
284210883808.4785,818620151.6473947,0.13083997361840097,0.0009713416992139729,2817.0811964233885,0.6328494872010717,0.06461526607200134,0.8101776141633543,4.650058116340006e-12,1.3997247805264124e-11,3,1.0000000000000004,4866596.34128814,341.69903736620046,0.6328494872010717,0.06461526607200134,0.0009715552750502778,3.252963998579142e-05,-2.135447122607399e-07,0.06328494872010723,3.1119527438800913e-11
285029414222.7026,818530414.2240486,0.13086079982395576,0.0009719402733482357,2817.290882173662,0.6326720539600476,0.06476809953851569,0.8105708708405768,4.639622019908529e-12,-1.3892331729437046e-11,3,1.0000000000000004,4867086.012956346,341.53995411163686,0.6326720539600476,0.06476809953851569,0.0009721528688425318,3.25144104558808e-05,-2.1256439071722455e-07,0.06326720539600475,3.1099069204033546e-11
285847656347.8548,818242125.1522202,0.13088149941021227,0.0009725485771083492,2817.5087617292374,0.6324948501030153,0.06492055455295109,0.8099062497046727,4.608535775219025e-12,6.314726519462965e-12,3,1.0000000000000004,4867577.140794918,341.3819893195222,0.6324948501030153,0.06492055455295109,0.000972759722148097,3.249937292499024e-05,-2.1111395644356796e-07,0.06324948501030152,3.107882211682232e-11
286665945829.2418,818289481.3870586,0.13090205117877138,0.000973168523920012,2817.7364366433308,0.6323178019743805,0.06507269382360335,0.8097251145977591,4.566347300283269e-12,-7.359779452542625e-12,3,1.0000000000000004,4868070.55358366,341.22532264065654,0.6323178019743805,0.06507269382360335,0.0009733779985918114,3.248457198555995e-05,-2.0944360852550995e-07,0.0632317801974381,3.1058830304392136e-11
287484374195.25903,818428366.0172416,0.13092244088126548,0.0009738012098179415,2817.9748390382106,0.6321408887839394,0.06522453438361316,0.809545750019014,4.517497487199762e-12,-1.5991319379793367e-11,3,1.0000000000000004,4868566.652118941,341.07006806707585,0.6321408887839394,0.06522453438361316,0.0009740088376743526,3.247003344913915e-05,-2.075968128920212e-07,0.06321408887839404,3.1039119771568005e-11
288303032146.1593,818657950.9002093,0.1309426556241654,0.000974447627962406,2818.224810055712,0.6319640898702873,0.06537609303140095,0.8094401190983369,4.460432023734029e-12,-1.1027623258996755e-11,3,1.0000000000000004,4869065.801740906,340.91632491567503,0.6319640898702873,0.06537609303140095,0.0009746532783216975,3.245578014234159e-05,-2.056193352317488e-07,0.06319640898702872,3.1019713391794713e-11
289121973176.5049,818941030.3456197,0.13096266404857407,0.000975110394131798,2818.4885601510405,0.6317873924556572,0.0655273796731776,0.8088690406360399,4.389821839367869e-12,8.487877067864247e-12,3,1.0000000000000004,4869568.755549769,340.7643622082444,0.6317873924556572,0.0655273796731776,0.0009753135920558612,3.2441869110512464e-05,-2.0316691911289078e-07,0.06317873924556568,3.100066971483895e-11
289941486527.86755,819513351.3626372,0.13098245435577335,0.0009757904067279531,2818.766844256688,0.6316107328049592,0.06567844763059676,0.8089684981615886,4.318989610396784e-12,8.432587961237914e-12,3,1.0000000000000004,4870076.043341589,340.6142572866459,0.6316107328049592,0.06567844763059676,0.0009759911275445017,3.242832297384743e-05,-2.0068983032381199e-07,0.06316107328049596,3.0982010198155035e-11
290761522186.4868,820035658.6192374,0.13100200947940693,0.0009764888206751316,2819.0606571927515,0.6314341203486808,0.06582928749092043,0.8087486425001345,4.2374992403892975e-12,2.1881163547732285e-11,3,1.0000000000000004,4870587.94926429,340.46613513735406,0.6314341203486808,0.06582928749092043,0.0009766868542526975,3.241516697666114e-05,-1.980026096672154e-07,0.0631434120348681,3.0963760914144645e-11
291582192010.709,820669824.222176,0.13102130520681943,0.0009772075687863781,2819.371629277589,0.6312575294803887,0.06597991967523187,0.8084514135919818,4.154010468937486e-12,1.4530154857084199e-11,3,1.0000000000000004,4871105.096415406,340.3201851233319,0.6312575294803887,0.06597991967523187,0.0009774026157228371,3.240244312486641e-05,-1.9501598643519571e-07,0.0631257529480389,3.094596436837348e-11
292403647454.2679,821455443.5588559,0.1310403050535396,0.000977949461945601,2819.7021517888243,0.6310809258859775,0.06613037181277069,0.8080402351395843,4.0600856010541975e-12,-4.589439939195472e-12,3,1.0000000000000004,4871628.394427749,340.17669178458533,0.6310809258859775,0.06613037181277069,0.000978141106613391,3.239021400120677e-05,-1.9161373513538922e-07,0.0631080925885978,3.092868410496178e-11
293226098445.14856,822450990.880735,0.13105897859930232,0.0009787168271923412,2820.0541963699916,0.630904262528113,0.0662806821018346,0.807790702106459,3.957278948973908e-12,-3.966937889288147e-12,3,1.0000000000000004,4872158.683032542,340.035885560438,0.630904262528113,0.0662806821018346,0.0009789047632891223,3.2378532330184653e-05,-1.8790518093483236e-07,0.0630904262528113,3.0911973068472966e-11
294049673364.87494,823574919.7263432,0.1310772978294121,0.000979511748853386,2820.429528862539,0.6307275097906776,0.06643087366020238,0.8075217067249341,3.858025010572419e-12,3.93707288992573e-12,3,1.0000000000000004,4872696.653553022,339.897971551279,0.6307275097906776,0.06643087366020238,0.0009796956685286457,3.236744396942838e-05,-1.8388877560322975e-07,0.06307275097906777,3.089587748934749e-11
294874511096.8312,824837731.9562334,0.13109522335508747,0.000980337268487592,2820.8307210875537,0.630550635597078,0.0665809714496057,0.8071262115605382,3.75877107217093e-12,-2.0347945550724944e-11,3,1.0000000000000004,4873243.265515853,339.7632552574925,0.630550635597078,0.0665809714496057,0.000980516739177427,3.235701579938758e-05,-1.7943980568497842e-07,0.06305506355970786,3.088046526574106e-11
295700815949.3447,826304852.5135297,0.13111269342472986,0.000981198258045529,2821.2618939997406,0.6303735935405275,0.06673101227298568,0.8061667906844594,3.8753444897565714e-12,9.206857498611498e-12,3,1.0000000000000004,4873799.981069361,339.6322105409702,0.6303735935405275,0.06673101227298568,0.0009813723999278496,3.2347351036763406e-05,-1.7411101267661128e-07,0.06303735935405275,3.086584145224274e-11
296529082953.6643,828267004.3195605,0.13112800478092748,0.0009822230724161438,2821.8335115018485,0.6301962649117769,0.0668810909923386,0.7838776767965516,3.234745804547856e-12,-5.502820421554588e-12,3,1.0000000000000004,4874402.312721917,339.5185882825933,0.6301962649117769,0.0668810909923386,0.0009823723447613135,3.234130541170208e-05,-1.4924148703505345e-07,0.06301962649117766,3.0854957297173276e-11
297371037646.13727,841954692.4729228,0.13114700099121523,0.0009829810428151414,2822.1733348053344,0.6300161557590538,0.06703331429296361,0.8803993203909677,4.1522341120980855e-12,-1.0627720925526773e-11,3,1.0000000000000004,4874946.327018023,339.3764699723726,0.6300161557590538,0.06703331429296361,0.0009831822674606495,3.232963052813978e-05,-2.0119380324943862e-07,0.06300161557590547,3.08381772114709e-11
298178628481.4755,807590835.338215,0.1311673978498363,0.0009836178888014727,2822.410854058148,0.6298435627008526,0.06717899659935611,0.8150412544871699,4.4999559634106845e-12,6.2732041783419845e-12,3,1.0000000000000004,4875424.403546135,339.2233025976537,0.6298435627008526,0.06717899659935611,0.0009838278298993977,3.231491768679954e-05,-2.0991027504405307e-07,0.0629843562700853,3.0818454559459584e-11
298983717856.9624,805089375.486925,0.13118803044686447,0.0009842413245384604,2822.635981010607,0.629671670451893,0.06732390219654177,0.8139536541995618,4.709344025854989e-12,-1.9500512316028562e-11,3,1.0000000000000004,4875894.019555113,339.06825847777225,0.629671670451893,0.06732390219654177,0.000984453908599573,3.2299733720595196e-05,-2.1255325820948662e-07,0.06296716704518936,3.0798267902874276e-11
299786849553.60767,803131696.6452111,0.13120882528847694,0.0009848514069543438,2822.8495638945274,0.6295003635840409,0.06746813005185749,0.8135797156805236,4.9038550997693164e-12,-4.365952044338428e-12,3,1.0000000000000004,4876357.214676216,338.9119174966045,0.6295003635840409,0.06746813005185749,0.000985066180602318,3.228420985062192e-05,-2.1474286539453703e-07,0.06295003635840403,3.0777750206475257e-11
300588212430.0011,801362876.3934835,0.13122975206499388,0.0009854504034234055,2823.0535689088874,0.6293296023695405,0.06761171497321271,0.8131439277470065,5.07349717793204e-12,7.1382899591299065e-12,3,1.0000000000000004,4876814.837611576,338.7545391868452,0.6293296023695405,0.06761171497321271,0.000985667008495814,3.22684036346375e-05,-2.1657431044855639e-07,0.06293296023695408,3.0756960148797425e-11
301388024617.221,799812187.2199019,0.13125079675270598,0.0009860394850431439,2823.2489985531506,0.6291593408070019,0.06775469682191448,0.8128878087321212,5.241140854650439e-12,-1.6614487563515468e-12,3,1.0000000000000004,4877267.414781026,338.5962428598682,0.6291593408070019,0.06775469682191448,0.0009862577311073762,3.225234430772596e-05,-2.1821532313742806e-07,0.06291593408070019,3.073592690098535e-11
302186414861.84973,798390244.6287422,0.13127194416456672,0.0009866199742495133,2823.436974109534,0.6289895519092293,0.06789709929998566,0.8125902022093623,5.3941295874437856e-12,-1.8256396394633612e-11,3,1.0000000000000004,4877715.421898459,338.43716595472415,0.6289895519092293,0.06789709929998566,0.0009868396338398031,3.223606287352671e-05,-2.1962887028600588e-07,0.062898955190923,3.07146819848901e-11
302983531621.52985,797116759.6801658,0.13129317795241857,0.0009871930753415665,2823.618542697758,0.6288202044324385,0.0680389495189542,0.8124218849048237,5.5422333389287814e-12,-4.511946372076636e-12,3,1.0000000000000004,4878159.341122895,338.2774381073361,0.6288202044324385,0.0680389495189542,0.000987414006911596,3.2219589313504325e-05,-2.209008713028027e-07,0.06288202044324386,3.069325565991141e-11
303779459364.7713,795927743.2413604,0.13131449607838633,0.0009877589818998007,2823.7938732650246,0.6286512807736678,0.0681802630543667,0.8122778209773696,5.6912252688334775e-12,-2.793021369740245e-11,3,1.0000000000000004,4878599.301258268,338.1170779476982,0.6286512807736678,0.0681802630543667,0.0009879811078278397,3.2202929202141684e-05,-2.2209525076410986e-07,0.0628651280773669,3.0671653348632963e-11
304574270338.81354,794810974.0422907,0.1313358898191286,0.000988318727697378,2823.9638064315413,0.6284827658812747,0.06832105325842415,0.812064901156706,5.8257842994180464e-12,-5.976330541557218e-13,3,1.0000000000000004,4879035.644010726,337.95619303656133,0.6284827658812747,0.06832105325842415,0.0009885418811928835,3.2186106171630495e-05,-2.2312283984854946e-07,0.0628482765881274,3.0649899225444146e-11
305368070155.5383,793799816.7248327,0.13135733150827184,0.000988874783920997,2824.130411122397,0.6283146375031486,0.06846133937377324,0.8114873033260306,5.907496714030458e-12,-8.647527138805344e-13,3,1.0000000000000004,4879469.0996917235,337.79502648516416,0.6283146375031486,0.06846133937377324,0.0009890984628291226,3.216917281236062e-05,-2.2364827423675207e-07,0.06283146375031484,3.062804707743398e-11
306161142195.8931,793072040.3547672,0.13137881066967178,0.0009894270362410505,2824.293722702219,0.6281468356711692,0.06860117189003005,0.8119424126096231,6.0458305028987525e-12,7.049694161764819e-12,3,1.0000000000000004,4879900.00605277,337.6335909021316,0.6281468356711692,0.06860117189003005,0.0009896515752584622,3.215213798317577e-05,-2.2450840532539165e-07,0.0628146835671169,3.060610440259073e-11
306953265033.736,792122837.842951,0.13140036724151644,0.0009899724865967765,2824.451177932076,0.6279794076285596,0.06874051201612162,0.8120168609737632,6.203482172395525e-12,-4.140354725734596e-12,3,1.0000000000000004,4880327.3224955825,337.47157677229154,0.6279794076285596,0.06874051201612162,0.0009901981222342946,3.213493281204881e-05,-2.2560504737524478e-07,0.06279794076285597,3.058400149170854e-11
307744403535.5593,791138501.8232893,0.13142199117526665,0.0009905123059683217,2824.603727283416,0.6278123610848776,0.06887935399388687,0.8117934964524398,6.343148228893369e-12,1.8487433806058107e-12,3,1.0000000000000004,4880751.293301026,337.3090976136581,0.6278123610848776,0.06887935399388687,0.0009907388610581132,3.2117579964711494e-05,-2.26524521746446e-07,0.06278123610848774,3.056176207815789e-11
308534667622.4814,790264086.922087,0.13144367485312095,0.0009910473041952,2824.752036020907,0.6276456730200737,0.06901771755500924,0.8116931760060453,6.4783733932927134e-12,1.7763568394002505e-15,3,1.0000000000000004,4881172.25229045,337.14624090556595,0.6276456730200737,0.06901771755500924,0.0009912746888850721,3.210009975060809e-05,-2.273541440451669e-07,0.0627645673020073,3.053940663454251e-11
309324107041.4449,789439418.9635196,0.13146541280115548,0.0009915776907609474,2824.8963175801864,0.6274793331482633,0.06915561178690996,0.811539361961211,6.605160862704906e-12,6.119549311733863e-13,3,1.0000000000000004,4881590.294163675,336.98302346574303,0.6274793331482633,0.06915561178690996,0.0009918058051319803,3.208249688820553e-05,-2.280838475435246e-07,0.06274793331482635,3.0516939749552606e-11
310112797384.08966,788690342.6446853,0.13148719524150254,0.0009921044911065473,2825.037412141181,0.6273133256714025,0.06929305026478402,0.8114195634845167,6.722622458710248e-12,3.04956060404038e-12,3,1.0000000000000004,4882005.773862369,336.81955466639306,0.6273133256714025,0.06929305026478402,0.0009923332175867821,3.206479550975697e-05,-2.28695979179316e-07,0.0627313325671402,3.0494386005044976e-11
310900797525.1615,788000141.0718231,0.131509018903527,0.0009926278334812851,2825.175450116754,0.6271476383261577,0.06943004357160323,0.811350408663758,6.838973831690964e-12,-6.115996598055062e-12,3,1.0000000000000004,4882418.788547132,336.65584855706936,0.6271476383261577,0.06943004357160323,0.0009928571325064702,3.204699988586631e-05,-2.2926854664684738e-07,0.06271476383261572,3.047174948512574e-11
311688141620.858,787344095.6965276,0.13153087904543131,0.0009931480758236819,2825.310740860482,0.6269822640448144,0.06956659794652327,0.8112713188734855,6.95088431257318e-12,-6.850742195751991e-12,3,1.0000000000000004,4882829.469170975,336.49194252569106,0.6269822640448144,0.06956659794652327,0.000993377890734046,3.202911859397856e-05,-2.2978445442210555e-07,0.06269822640448153,3.0449038853113076e-11
312474868563.05804,786726942.2000675,0.13155276579102476,0.0009936661513763345,2825.4440572964195,0.626817194744362,0.06970272042665447,0.8109565961811338,7.015943381816214e-12,-2.5419666371817584e-12,3,1.0000000000000004,4883238.065521641,336.3279191497128,0.626817194744362,0.06970272042665447,0.0009938962129821044,3.201116951183451e-05,-2.3003117252603448e-07,0.06268171947443622,3.042627238959651e-11
313261131360.77924,786262797.7212062,0.1315746186805368,0.0009941871337480746,2825.5796560075187,0.6266523979972255,0.06983843789437033,0.8105225239585234,7.0397021545431926e-12,-1.2853940134505137e-11,3,1.0000000000000004,4883646.132853515,336.16431414971584,0.6266523979972255,0.06983843789437033,0.0009944168626844104,3.1993267225360394e-05,-2.296985257701179e-07,0.06266523979972247,3.0403567172596066e-11
314047140675.48584,786009314.7065398,0.13159647906093713,0.0009947075028656153,2825.7145902609122,0.6264878295751843,0.06997378683157639,0.8108588764321745,7.1105343835142776e-12,-1.497812984752045e-11,3,1.0000000000000004,4884052.952113961,336.0007640316846,0.6264878295751843,0.06997378683157639,0.0009949373201289572,3.1975340644697486e-05,-2.297868754203963e-07,0.06264878295751852,3.038084884069743e-11
314832733602.239,785592926.7531158,0.1316183409745503,0.000995227785315675,2825.8492986275833,0.6263235235702089,0.07010873928879817,0.8107618211516954,7.167599846980011e-12,-1.133149130083666e-11,3,1.0000000000000004,4884458.490128383,335.8373227074634,0.6263235235702089,0.07010873928879817,0.0009954576159795726,3.1957397680797316e-05,-2.2980029863777293e-07,0.06263235235702089,3.035812642325815e-11
315617957356.47595,785223754.2369896,0.1316402058771961,0.000995747604230745,2825.9834983496853,0.6261594700529364,0.07024330354061253,0.8108611763979479,7.240430477395421e-12,-7.502887200416808e-13,3,1.0000000000000004,4884862.709361929,335.67395600008064,0.6261594700529364,0.07024330354061253,0.000995977556195718,3.193943233847622e-05,-2.299216223698698e-07,0.06261594700529366,3.0335393456300264e-11
316402764025.87555,784806669.3996197,0.1316620754120646,0.00099626665981093,2826.116959827139,0.6259956790279463,0.07037747152981642,0.8108206885071301,7.311040661761581e-12,-1.4195977726672027e-11,3,1.0000000000000004,4885265.475876756,335.5106319124768,0.6259956790279463,0.07037747152981642,0.0009964967324686764,3.19214370872645e-05,-2.3004233782016622e-07,0.06259956790279464,3.0312642438289793e-11
317187173415.7745,784409389.8989488,0.13168394513247422,0.0009967853137215943,2826.249988094681,0.6258321463217857,0.07051124682639555,0.8107546183022674,7.374767463375065e-12,-2.6866286972904163e-12,3,1.0000000000000004,4885666.89980041,335.3473845711677,0.6258321463217857,0.07051124682639555,0.0009970154498894256,3.190341952026929e-05,-2.301058705990437e-07,0.06258321463217859,3.02898810533991e-11
317971217672.08734,784044256.312881,0.1317058095925369,0.0009973040555938146,2826.3829890629395,0.6256688651602113,0.07064463509318951,0.8106721031964081,7.428946346976772e-12,-4.764189043271472e-12,3,1.0000000000000004,4886067.144355875,335.184263508318,0.6256688651602113,0.07064463509318951,0.0009975341742885758,3.188539065402804e-05,-2.3008842023187781e-07,0.06256688651602114,3.026712044371863e-11
318754936847.5721,783719175.484702,0.13172766594032942,0.0009978230535290747,2826.516112429942,0.6255058271179071,0.0707776433017179,0.8106422656750656,7.48090478452923e-12,-1.0830336627520865e-11,3,1.0000000000000004,4886466.299452308,335.0212866878477,0.6255058271179071,0.0707776433017179,0.0009980531304491502,3.186735512268315e-05,-2.3004666824580256e-07,0.06255058271179076,3.024436513315864e-11
319538345494.179,783408646.606921,0.13174950429899943,0.0009983432585133505,2826.650137166256,0.6253430290319529,0.07091027408457776,0.8104909871020638,7.509104449354709e-12,5.696998428561528e-12,3,1.0000000000000004,4886864.629241053,334.8585486124318,0.6253430290319529,0.07091027408457776,0.0009985731296255562,3.184933297149209e-05,-2.2984088307327274e-07,0.06253430290319527,3.0221635605400766e-11
320321516814.3886,783171320.2096027,0.1317713168773976,0.0009988653390447793,2826.7856186850745,0.6251804554976385,0.0710425399827964,0.810415337476611,7.527312106958561e-12,6.038058941726376e-12,3,1.0000000000000004,4887262.39147012,334.69611732641675,0.6251804554976385,0.0710425399827964,0.0009990949094527686,3.183133993655954e-05,-2.295402015229822e-07,0.06251804554976387,3.019894758368878e-11
321104487421.4132,782970607.0246212,0.13179310181838894,0.0009993893856806047,2826.9226391213756,0.6250180987261643,0.0711744472801391,0.8103958723526539,7.541078872463913e-12,-1.0226930413637092e-11,3,1.0000000000000004,4887659.654675933,334.53400303429044,0.6250180987261643,0.0711744472801391,0.0009996186367459319,3.1813379006970294e-05,-2.292208814868077e-07,0.06250180987261647,3.017630387787072e-11
321887266767.4203,782779346.0070518,0.1318148522662814,0.0009999160127782656,2827.061704314976,0.6248559565356328,0.07130599766754914,0.8103187303099002,7.541967050883613e-12,9.138467760294589e-12,3,1.0000000000000004,4888056.59484761,334.3722674807752,0.6248559565356328,0.07130599766754914,0.0010001448522356793,3.179546336158842e-05,-2.2880929615432653e-07,0.06248559565356329,3.0153717894568814e-11
322669892149.2937,782625381.8734744,0.13183656226218585,0.0010004457170524022,2827.2032265097305,0.6246940209417782,0.07143719750577679,0.8102492157768815,7.531975043661987e-12,9.841016890277388e-13,3,1.0000000000000004,4888453.383875375,334.2109596952294,0.6246940209417782,0.07143719750577679,0.001000674059949073,3.177760406684402e-05,-2.2831275793480852e-07,0.062469402094177874,3.0131200724100193e-11
323452397162.2802,782505012.9864585,0.13185822667147268,0.0010009788888126138,2827.347533266492,0.6245322847025202,0.07156805250184037,0.810240442655763,7.51532169829261e-12,-4.516387264175137e-13,3,1.0000000000000004,4888850.174669775,334.05012232135863,0.6245322847025202,0.07156805250184037,0.0010012067076057237,3.1759810839370424e-05,-2.2778867682539323e-07,0.062453228470251976,3.0108762060759184e-11
324234786060.6333,782388898.3530389,0.13187983816576015,0.0010015161773875225,2827.4951579149324,0.624370746622855,0.07169856343805144,0.8101102895452517,7.48046069531938e-12,-6.029954313646613e-12,3,1.0000000000000004,4889247.135221432,333.8898154304604,0.624370746622855,0.07169856343805144,0.0010017433230991512,3.174209640794872e-05,-2.2711561772195699e-07,0.06243707466228553,3.008641484886635e-11
325017121699.4153,782335638.782083,0.1319013964044995,0.0010020575016347043,2827.6460426294248,0.6242093934085817,0.07182874083399327,0.810113145038871,7.437828131173774e-12,1.6397772029108637e-11,3,1.0000000000000004,4889644.308222999,333.730027854183,0.6242093934085817,0.07182874083399327,0.0010022839736731227,3.17244598806275e-05,-2.2644196680771047e-07,0.06242093934085822,3.006415772726735e-11
325799402703.55304,782281004.1376945,0.13192287853029258,0.001002604953171413,2827.8019030512687,0.6240482249002639,0.07195858452563762,0.8099163487096384,7.355227538141662e-12,1.6461276786117196e-11,3,1.0000000000000004,4890042.253204376,333.5709693298627,0.6240482249002639,0.07195858452563762,0.0010028304672180994,3.1706945075622345e-05,-2.254839972765686e-07,0.06240482249002642,3.004203551466647e-11
326581724105.1503,782321401.5972097,0.1319442745197413,0.0010031594025882904,2827.9634537175675,0.6238872209940346,0.07208811033153163,0.8098218381991096,7.2515327076416725e-12,-1.9068968626356764e-11,3,1.0000000000000004,4890441.30867284,333.41272714909337,0.6238872209940346,0.07208811033153163,0.0010033838100957794,3.168957223351599e-05,-2.2437748014635823e-07,0.06238872209940346,3.002006831913409e-11
327364131557.85046,782407452.7001323,0.13196557389429042,0.0010037217077348052,2828.1314037588036,0.6237263717215851,0.07221732580785735,0.809762283199289,7.128519996513205e-12,-1.1722622872412103e-11,3,1.0000000000000004,4890841.762514594,333.25538787388876,0.6237263717215851,0.07221732580785735,0.0010039448944858022,3.1672360548933616e-05,-2.2315674556650825e-07,0.06237263717215851,2.999827538653316e-11
328146653845.3313,782522287.4808391,0.1319867765035304,0.0010042918104893098,2828.3057054343694,0.6235656705917462,0.0723462356661911,0.8098067356965277,7.006173419199513e-12,3.5729197378486788e-12,3,1.0000000000000004,4891243.647609162,333.09894864015547,0.6235656705917462,0.0723462356661911,0.001004513803418947,3.165531020297347e-05,-2.21962945944382e-07,0.06235656705917459,2.9976656580154184e-11
328929269503.6105,782615658.2791374,0.13200786166122952,0.0010048716772928822,2828.4879557013887,0.6234051213399946,0.07247483636436985,0.809550897151734,6.827205467629938e-12,-4.702016553892463e-12,3,1.0000000000000004,4891647.441860262,332.94359377369597,0.6234051213399946,0.07247483636436985,0.001005092120331317,3.1638459398369156e-05,-2.20413076323333e-07,0.062340512133999416,2.995525096364733e-11
329712102211.97894,782832708.3684636,0.13202878478364075,0.0010054652254068164,2828.681376564739,0.6232446976462747,0.07260314826435137,0.80913743594202,6.552758335942599e-12,-4.046984969363621e-12,3,1.0000000000000004,4892054.294599118,332.78970169612785,0.6232446976462747,0.07260314826435137,0.0010056834916391496,3.162188975495452e-05,-2.1823629160349395e-07,0.062324469764627445,2.9934141223529456e-11
330495352070.4299,783249858.4509163,0.13204954475326897,0.0010060722534056404,2828.8858230942715,0.6230843574988307,0.0727312040502176,0.8093634276673534,6.306954958290589e-12,-7.12607750585903e-12,3,1.0000000000000004,4892464.441296377,332.6372759602861,0.6230843574988307,0.0727312040502176,0.001006288521218983,3.160560627967505e-05,-2.1623789366631703e-07,0.06230843574988302,2.9913331153297396e-11
331278909885.21625,783557814.7863662,0.1320701348620695,0.0010066933477216537,2829.1017638495964,0.6229241222879246,0.07285898570443385,0.8092712970586557,6.02984329134415e-12,-7.062683771152933e-12,3,1.0000000000000004,4892877.921528559,332.4863671432843,0.6229241222879246,0.07285898570443385,0.0010069074659333228,3.158961771549334e-05,-2.1408831276896576e-07,0.062292412228792504,2.989282998084727e-11
332062820395.32874,783910510.1125671,0.13209053674683846,0.0010073301274611992,2829.330516207251,0.6227639817618176,0.07298650041849772,0.809152158193216,5.711431327881655e-12,1.59574575775423e-11,3,1.0000000000000004,4893295.206352687,332.3371276000817,0.6227639817618176,0.07298650041849772,0.0010075418554903169,3.157395703687933e-05,-2.1169815069330884e-07,0.06227639817618173,2.9872670924348355e-11
332847141494.52814,784321099.1994263,0.13211072923197908,0.0010079843401340392,2829.573514940196,0.622603922866098,0.07311375748644673,0.8090418392170395,5.352163157112955e-12,-1.3847589741544652e-11,3,1.0000000000000004,4893716.832339571,332.1897277232924,0.622603922866098,0.07311375748644673,0.001008193429210907,3.155866134072746e-05,-2.0905921858134763e-07,0.06226039228660981,2.985289128734977e-11
333631926898.1113,784785403.5831915,0.1321306886526346,0.0010086579674946064,2829.8323826148694,0.6224439332752032,0.07324076547960795,0.8089097337793394,4.943379039445972e-12,6.52145004664817e-13,3,1.0000000000000004,4894143.392549725,332.04436000752014,0.6224439332752032,0.07324076547960795,0.0010088641265667026,3.1543772258849783e-05,-2.0612923357697423e-07,0.062244393327520305,2.983353300810418e-11
334417240999.0676,785314100.9562613,0.1321511291174658,0.0010092851190614456,2830.053260599868,0.6222840016774427,0.0733675333611648,0.8185300040541854,6.63269439371561e-12,-2.0997203975525736e-11,3,1.0000000000000004,4894558.984638447,331.8950479319275,0.6222840016774427,0.0733675333611648,0.00100950155453235,3.152804440381346e-05,-2.1640565088800664e-07,0.062228400167744294,2.9813322120792665e-11
335198452455.00977,781211455.9421765,0.13217197585205995,0.001009882290945629,2830.248561953704,0.6221250751121724,0.07349331398028461,0.8103105353374218,6.750822123535727e-12,4.385602991874293e-12,3,1.0000000000000004,4894960.620035709,331.74249130942445,0.6221250751121724,0.07349331398028461,0.0010101000419065738,3.15115320188059e-05,-2.1772116178786542e-07,0.06221250751121718,2.9792339202459364e-11
335979514204.7595,781061749.749768,0.13219276339136266,0.0010104859052762094,2830.4488097493804,0.6219663482023602,0.07361874586376486,0.8103681684024089,6.7479355436717015e-12,-2.736921800305936e-12,3,1.0000000000000004,4895362.672759688,331.59053527203343,0.6219663482023602,0.07361874586376486,0.0010107032028431801,3.1495114857004945e-05,-2.1726778868888852e-07,0.062196634820236,2.977146309761e-11
336760398507.4323,780884302.6727997,0.13221364263553495,0.001011081105063617,2830.64198315219,0.6218078269991067,0.07374382439064707,0.8114159200101057,7.015721337211289e-12,-6.561751142442063e-12,3,1.0000000000000004,4895761.714168467,331.4379108807389,0.6218078269991067,0.07374382439064707,0.0010112997190607007,3.1478527638614996e-05,-2.18584239567575e-07,0.06218078269991072,2.97504228178095e-11
337540601191.4359,780202684.0035638,0.13223494381773454,0.0010116389483445425,2830.8043107243498,0.6216496162521844,0.07386846822005617,0.8138784102218466,7.97872878877115e-12,4.798828001639777e-12,3,1.0000000000000004,4896149.616311722,331.28179229321125,0.6216496162521844,0.07386846822005617,0.001011863107964586,3.1461170329314905e-05,-2.2412988336346891e-07,0.062164961625218486,2.972860829682573e-11
338318942688.58417,778341497.1482321,0.13225637111353886,0.001012187269365955,2830.9584612799567,0.6214919562622911,0.0739924897424752,0.8110216642709389,8.208544954868557e-12,-9.023004565733572e-12,3,1.0000000000000004,4896531.936217385,331.1247149432698,0.6214919562622911,0.0739924897424752,0.0010124127467155003,3.1443548900054244e-05,-2.2544763469378022e-07,0.062149195626229115,2.970654300385375e-11
339096793783.11707,777851094.5328469,0.13227788331546,0.0010127283450213622,2831.106477433389,0.6213345695000827,0.07411610828796945,0.8109591269345184,8.433920228867464e-12,-2.295119649886601e-11,3,1.0000000000000004,4896910.957785218,330.96700496674913,0.6213345695000827,0.07411610828796945,0.0010129548755493452,3.142575817859304e-05,-2.2650083512483257e-07,0.062133456950008215,2.968431675991007e-11
339874184756.6441,777390973.5270333,0.13229947077925613,0.0010132636474747129,2831.2494985610515,0.6211774502060358,0.07423932891329393,0.8107743804108836,8.624212455288216e-12,1.504485425130042e-11,3,1.0000000000000004,4897287.14866675,330.80883030838726,0.6211774502060358,0.07423932891329393,0.0010134909819651304,3.140783345216994e-05,-2.273048197133393e-07,0.06211774502060362,2.966196568647819e-11
340651204393.7253,777019637.0811443,0.13232112880702324,0.001013793683109132,2831.3879347187953,0.6210205807489692,0.07436216590295283,0.8106965421195156,8.801626094623316e-12,-2.6530888597164903e-11,3,1.0000000000000004,4897660.746898329,330.6502485273885,0.6210205807489692,0.07436216590295283,0.001014021737100599,3.138978836152423e-05,-2.2802434304055703e-07,0.06210205807489692,2.9639503371596005e-11
341427890155.4407,776685761.7153897,0.1323428569751457,0.0010143181721558806,2831.5216008499083,0.6208639539005668,0.07448462533527006,0.8107074626895194,9.001910328265694e-12,-8.487210934049472e-12,3,1.0000000000000004,4898031.735536899,330.4912399246885,0.6208639539005668,0.07448462533527006,0.0010145470075107103,3.13716196848915e-05,-2.2880572877265777e-07,0.06208639539005665,2.961692634406296e-11
342204236956.34076,776346800.9000386,0.1323646615400329,0.0010148350893599582,2831.6490231747466,0.6207075711660436,0.07460670651288927,0.8108025610631397,9.236167386461602e-12,-8.356981773260941e-12,3,1.0000000000000004,4898399.578510641,330.33160628396206,0.6207075711660436,0.07460670651288927,0.0010150649594196715,3.1353286429160497e-05,-2.298404561475046e-07,0.06207075711660434,2.959419268791879e-11
342980199434.3468,775962478.0060929,0.13238653609077966,0.0010153464679545743,2831.77169572722,0.6205514420570055,0.0747284024866183,0.8106329268953161,9.433565040239955e-12,7.639444632445702e-12,3,1.0000000000000004,4898764.7313831905,330.1715414654971,0.6205514420570055,0.0747284024866183,0.0010155771261386832,3.1334827567787195e-05,-2.3062860318773372e-07,0.06205514420570056,2.957134275573584e-11
343755858924.7681,775659490.4213258,0.13240846831766678,0.001015853172674454,2831.890358558934,0.620395550520739,0.07484972620039394,0.8104214754833805,9.536815781530095e-12,-3.0386804183990535e-13,3,1.0000000000000004,4899127.478952823,330.0111203606215,0.620395550520739,0.07484972620039394,0.0010160843413878039,3.1316260533065624e-05,-2.311391552677559e-07,0.062039555052073904,2.9548393894885165e-11
344531316690.5405,775457765.7724359,0.13243028498298093,0.0010163709782760471,2832.0178576107332,0.6202398755286805,0.07497069392514957,0.8093411249521232,9.349188090368443e-12,-1.0608403044898296e-11,3,1.0000000000000004,4899492.028546059,329.8518587189564,0.6202398755286805,0.07497069392514957,0.0010166005579842628,3.12979039594035e-05,-2.2955017304292472e-07,0.06202398755286809,2.952567045645104e-11
345307090037.601,775773347.0604943,0.13245214482475023,0.0010168839459867491,2832.1413869341823,0.6200843132894751,0.0750913861908409,0.8104732365787903,9.522382882209968e-12,-3.235411938362631e-12,3,1.0000000000000004,4899855.020796282,329.6923153868164,0.6200843132894751,0.0750913861908409,0.0010171140481627953,3.127946718872673e-05,-2.300726634896957e-07,0.06200843132894755,2.950287322009266e-11
346082636863.96045,775546826.3594551,0.13247404442542768,0.0010173935524500641,2832.2620157266115,0.619928972872903,0.07521171850113499,0.8103557276595286,9.656497823584687e-12,-1.0268452754758073e-11,3,1.0000000000000004,4900216.091406815,329.53256648354926,0.619928972872903,0.07521171850113499,0.0010176240660760816,3.126095524607435e-05,-2.3048413618269363e-07,0.06199289728729033,2.948001034885479e-11
346858013447.9613,775376584.0009083,0.13249597877204733,0.0010178998268723035,2832.379821408721,0.619773843209169,0.07533169969132197,0.8103257445601919,9.79216707719388e-12,-2.084465933194224e-11,3,1.0000000000000004,4900575.304889326,329.3726127589625,0.619773843209169,0.07533169969132197,0.0010181307374102111,3.124236977493115e-05,-2.3088107085726212e-07,0.06197738432091698,2.945708311273335e-11
347633234168.66016,775220720.6987749,0.13251793596132655,0.0010184040333376838,2832.4958135996617,0.6196189215721876,0.07545133208148794,0.8101807938420968,9.884315588237769e-12,-1.5094814287408553e-11,3,1.0000000000000004,4900932.986464402,329.2125706798761,0.6196189215721876,0.07545133208148794,0.0010186351156875214,3.122373528630605e-05,-2.310529056549008e-07,0.061961892157218805,2.943411649505998e-11
348408368388.32513,775134219.6649952,0.1325399066901033,0.0010189068477437933,2832.6105636631655,0.6194641941733815,0.07557062645433665,0.8101578376218388,9.972689340997931e-12,-5.610401032640766e-12,3,1.0000000000000004,4901289.416674173,329.0525179710067,0.6194641941733815,0.07557062645433665,0.0010191380559056644,3.120506938924261e-05,-2.3117874058172787e-07,0.06194641941733816,2.941112808960633e-11
349183427097.2096,775058708.8844612,0.13256189031138077,0.0010194082541296581,2832.7240689351866,0.6193096589099182,0.07568958454361024,0.8101185659803445,1.0055067889425118e-11,-4.6209702730948266e-12,3,1.0000000000000004,4901644.6050320035,328.8924539255484,0.6193096589099182,0.07568958454361024,0.0010196395547039739,3.1186372258179397e-05,-2.3127117594754427e-07,0.061930965890991826,2.9388117997321105e-11
349958429086.6445,775001989.4349114,0.1325838815357879,0.0010199087377386685,2832.836724387167,0.6191553120963368,0.07580820927462324,0.8100709122937921,1.0126344207606053e-11,-6.336042801535768e-12,3,1.0000000000000004,4901998.696695257,328.7324253276322,0.6191553120963368,0.07580820927462324,0.0010201400617115067,3.116765405478137e-05,-2.312945974138241e-07,0.061915531209633695,2.936509647942241e-11
350733397154.1284,774968067.4839449,0.13260587501197607,0.0010204087113861481,2832.94887474202,0.6190011492257785,0.07592650416964745,0.8100268485133899,1.0184519894096411e-11,2.0308199566443363e-12,3,1.0000000000000004,4902351.827801882,328.57247353212597,0.6190011492257785,0.07592650416964745,0.0010206399934352163,3.114892393480848e-05,-2.3125269660308724e-07,0.061900114922577874,2.934207272299988e-11
351508352378.26465,774955224.1362283,0.13262786509984575,0.0010209086330227198,2833.060898572481,0.6188471661104743,0.07604447246918906,0.8099807199957176,1.0227596547451867e-11,-2.757793993168889e-13,3,1.0000000000000004,4902704.143402225,328.41264342665545,0.6188471661104743,0.07604447246918906,0.0010211397995895043,3.113019178325269e-05,-2.3113723728651691e-07,0.06188471661104745,2.931905664854251e-11
352283316825.49146,774964447.2268286,0.13264984740271069,0.0010214088044262803,2833.1730522717103,0.618693358346212,0.0761621175439448,0.8099587468779479,1.0264455951869422e-11,8.575362642204709e-13,3,1.0000000000000004,4903055.756319908,328.25296770039307,0.618693358346212,0.0761621175439448,0.001021639822444477,3.111146493444686e-05,-2.3098871165698617e-07,0.061869335834621154,2.9296055576562434e-11
353058301007.8566,774984182.3651845,0.1326718203450566,0.0010219092562747658,2833.285373799417,0.6185397238286315,0.07627944098848899,0.8099385809257065,1.0299983088657427e-11,-9.562683978003861e-12,3,1.0000000000000004,4903406.688126659,328.09345005903305,0.6185397238286315,0.07627944098848899,0.0010221401074291263,3.1092744422444945e-05,-2.3082187076433527e-07,0.061853972382863116,2.9273070482891725e-11
353833314573.875,775013566.018373,0.132693778653483,0.0010224104499919806,2833.3982389797684,0.6183862606021981,0.07639644426220173,0.8098976038428685,1.0317080523236655e-11,-9.305223258593287e-12,3,1.0000000000000004,4903757.067304096,327.934133138434,0.6183862606021981,0.07639644426220173,0.0010226410628983394,3.1074039449688776e-05,-2.3058364569981542e-07,0.06183862606021981,2.925011063270981e-11
354608377131.2118,775062557.3367362,0.13271571429275061,0.0010229131418360478,2833.512256691631,0.6182329646973983,0.07651313032274525,0.8098293952096824,1.0303979891546078e-11,-1.0524914273446484e-11,3,1.0000000000000004,4904107.107924418,327.77508698424214,0.6182329646973983,0.07651313032274525,0.0010231433814121736,3.1055365125719366e-05,-2.302103383944466e-07,0.0618232964697398,2.922719124162383e-11
355383521324.5218,775144193.3099933,0.13273759940819882,0.0010234199009983955,2833.629501280008,0.6180798294031549,0.07662950410039032,0.8097002068829795,1.0232925617970068e-11,-2.6429969324226477e-12,3,1.0000000000000004,4904457.522350105,327.6165573186485,0.6180798294031549,0.07662950410039032,0.0010236494406080433,3.103677360896144e-05,-2.2951039480996098e-07,0.061807982940315497,2.9204365066303146e-11
356158809003.8936,775287679.3717487,0.13275944651950095,0.0010239293352178132,2833.7488719585326,0.6179268422919416,0.07674557483060104,0.8097698021847233,1.0190737143034312e-11,1.4186207764055325e-11,3,1.0000000000000004,4904808.0636586305,327.45842984496113,0.6179268422919416,0.07674557483060104,0.0010241583374233764,3.1018242240119945e-05,-2.2897301352013643e-07,0.06179268422919411,2.9181608694466056e-11
356934206873.12897,775397869.2353922,0.1327812509152239,0.0010244419983394227,2833.8707994895462,0.6177740097324068,0.0768613374694448,0.8097431035414271,1.0133893724173504e-11,2.447375635483695e-12,3,1.0000000000000004,4905158.82245427,327.3007480257484,0.6177740097324068,0.0768613374694448,0.0010246703992115747,3.099977961297095e-05,-2.2837170283965765e-07,0.06177740097324071,2.915893093944846e-11
357709727732.711,775520859.5820101,0.13280300346056462,0.0010249587872111483,2833.9959981996813,0.6176213289359213,0.0769767938918757,0.8096849084260338,1.0041745213129616e-11,-3.675393323021581e-12,3,1.0000000000000004,4905510.043299671,327.1435941593693,0.6176213289359213,0.0769767938918757,0.0010251864397916898,3.098140329723798e-05,-2.2762343389974765e-07,0.061762132893592094,2.913634949370315e-11
358485399475.8756,775671743.1646149,0.13282469461834276,0.0010254805478523885,2834.1251503892986,0.6174687940789447,0.0770919482063553,0.8096511935895556,9.928058375408e-12,1.7076784430969383e-11,3,1.0000000000000004,4905861.993578392,326.987052413386,0.6174687940789447,0.0770919482063553,0.0010257073398068717,3.096313159899181e-05,-2.267628304195088e-07,0.06174687940789449,2.91138826808858e-11
359261238284.8982,775838809.0226502,0.13284630931481403,0.0010260087246737018,2834.2594095188465,0.6173164015746692,0.07720680276337523,0.8095472664448877,9.74931246844335e-12,-5.1423310054588e-12,3,1.0000000000000004,4906215.053523765,326.83125197072,0.6173164015746692,0.07720680276337523,0.0010262343810901228,3.0944991997074864e-05,-2.2562731486006848e-07,0.06173164015746696,2.909155818962462e-11
360037294004.76855,776055719.870363,0.13286783099892438,0.0010265444336325115,2834.3997161070292,0.6171641410844833,0.0773213648812985,0.8096125295176115,9.586775817638227e-12,-3.134081882905093e-11,3,1.0000000000000004,4906569.654352751,326.67632691928895,0.6171641410844833,0.0773213648812985,0.0010267689941992394,3.0927013703857944e-05,-2.245314874813142e-07,0.06171641410844829,2.9069405243363818e-11
360813535407.7306,776241402.9620403,0.13288929980090053,0.001027083930336623,2834.543051185759,0.6170120184331256,0.07743562982284768,0.8097544297591686,9.502398867766715e-12,-2.1646018311116677e-12,3,1.0000000000000004,4906924.803517925,326.5219271897515,0.6170120184331256,0.07743562982284768,0.0010273078087384023,3.090912294156034e-05,-2.23849344670367e-07,0.0617012018433126,2.9047349038820042e-11
361589894505.2252,776359097.4946182,0.13291071591709175,0.0010276275363273212,2834.689630660929,0.6168600466830297,0.07754958749846194,0.8097375699123166,9.406919687648951e-12,-2.422972933402434e-11,3,1.0000000000000004,4907280.447171037,326.3680562839996,0.6168600466830297,0.07754958749846194,0.0010278506940038104,3.089131926748502e-05,-2.2312864143306778e-07,0.061686004668302985,2.9025389386036377e-11
362366379398.7114,776484893.48619,0.13293207501470694,0.0010281756412533931,2834.8397652417275,0.6167082239420935,0.07766323905038766,0.8097243309190816,9.29656351900121e-12,-1.960542839185564e-12,3,1.0000000000000004,4907636.698476032,326.2147496019904,0.6167082239420935,0.07766323905038766,0.0010283980239887446,3.087361041220086e-05,-2.22353722259084e-07,0.06167082239420936,2.900353396691227e-11
363142996457.33905,776617058.6277019,0.13295334207291365,0.0010287315423370418,2834.996095456548,0.6165565484789866,0.07777658539335723,0.8095681847120062,9.077405493940205e-12,-3.820166405432701e-12,3,1.0000000000000004,4907994.394120842,326.06230364971884,0.6165565484789866,0.07777658539335723,0.0010289526659801092,3.085605873935296e-05,-2.2109465188361494e-07,0.061655654847898665,2.898184584681753e-11
363919820608.10455,776824150.7654301,0.1329745418753971,0.0010292924739991756,2835.156444725896,0.6164050052374246,0.07788963737545558,0.8097423520592173,8.955947095046213e-12,1.2067236099255751e-11,3,1.0000000000000004,4908353.017360376,325.9105018343665,0.6164050052374246,0.07788963737545558,0.0010295127771019481,3.083862044628988e-05,-2.202741332739291e-07,0.06164050052374243,2.89602801051121e-11
364696768335.97076,776947727.8661335,0.1329956786635487,0.001029858430684903,2835.32075890475,0.616253610182301,0.07800238275017508,0.8097295747799826,8.820499886041944e-12,-4.950040377593723e-12,3,1.0000000000000004,4908712.41059163,325.7593155753351,0.616253610182301,0.07800238275017508,0.0010300778857346593,3.0821288080809575e-05,-2.1942610184312597e-07,0.06162536101823006,2.893882951722007e-11
365473845791.54315,777077455.5724171,0.13301674870785027,0.0010304297360517907,2835.489295286917,0.6161023617431289,0.07811482235871,0.8097290851716288,8.674838625211123e-12,1.08186792857623e-11,3,1.0000000000000004,4909072.668615258,325.6087738446947,0.6161023617431289,0.07811482235871,0.0010306483089240301,3.08040680074136e-05,-2.185439458001824e-07,0.061610236174312924,2.8917500368325096e-11
366251053231.4545,777207439.9113107,0.1330377490062649,0.0010310068807604772,2835.662417762502,0.6159512594737699,0.07822695618533405,0.8097065744283594,8.5060847254681e-12,1.0283551787892975e-11,3,1.0000000000000004,4909433.916385608,325.45891937115016,0.6159512594737699,0.07822695618533405,0.0010312244774719683,3.078696924744766e-05,-2.175678064193871e-07,0.06159512594737705,2.8896301706195343e-11
367028401482.79535,777348251.3407686,0.13305867599616655,0.001031590017398585,2835.8402631394283,0.615800300839315,0.07833878573489408,0.8097341540336256,8.342215807033426e-12,-1.5582535262126385e-11,3,1.0000000000000004,4909796.2369124405,325.3097746833811,0.615800300839315,0.07833878573489408,0.0010318066662050533,3.076999693263986e-05,-2.1661992262410944e-07,0.06158003008393149,2.8875238520994102e-11
367805877330.2965,777475847.5011797,0.13307953076637555,0.0010321789914819078,2836.022707476607,0.6156494879953385,0.07845030904440027,0.8097425324704588,8.175238264129803e-12,-1.3135492693550077e-11,3,1.0000000000000004,4910159.575128096,325.1613219414453,0.6156494879953385,0.07845030904440027,0.0010323946952010472,3.0753147230213015e-05,-2.1567485639402425e-07,0.06156494879953386,2.8854306871558475e-11
368583476771.9454,777599441.6488454,0.1331003127573562,0.0010327738279036318,2836.209767734728,0.6154988213046607,0.07856152548315404,0.80975189664656,8.000933249263653e-12,-5.860867346996201e-13,3,1.0000000000000004,4910523.935704976,325.0135608816957,0.6154988213046607,0.07856152548315404,0.001032988581370032,3.073642023026834e-05,-2.1472462463023163e-07,0.06154988213046603,2.883350671534047e-11
369361195330.4833,777718558.53785,0.13312124097129374,0.0010333529058375954,2836.3842683445673,0.615348302220409,0.07867243417827195,0.8107714749572281,8.65441052155802e-12,1.4765966227514582e-12,3,1.0000000000000004,4910884.125752914,324.86463936874054,0.615348302220409,0.07867243417827195,0.001033570297564399,3.071942725445856e-05,-2.173629054154034e-07,0.0615348302220409,2.8812444942907566e-11
370138543788.9339,777348458.4506668,0.13314220128535872,0.0010339314300401273,2836.557870321874,0.6151980260592094,0.07878296546189238,0.8097113050886673,8.553158181712206e-12,2.1293633523100652e-11,3,1.0000000000000004,4911242.46175271,324.71556225869006,0.6151980260592094,0.07878296546189238,0.0010341482644691648,3.070237012379999e-05,-2.1680562886587174e-07,0.06151980260592086,2.8791328228199918e-11
370916030813.1567,777487024.2228394,0.13316309548182548,0.0010345156674122682,2836.73591680021,0.6150478940208166,0.07889319185428256,0.8097253390015879,8.392841976956333e-12,-1.5136225606227072e-11,3,1.0000000000000004,4911601.7000278225,324.56713048083776,0.6150478940208166,0.07889319185428256,0.001034731607284417,3.0685426269409305e-05,-2.159110931327031e-07,0.061504789402081594,2.8770333416870445e-11
371693649689.03735,777618875.8806311,0.13318392526663791,0.0010351050343265498,2836.9179838320874,0.6148979070350897,0.07900311233947238,0.8097491088765452,8.240741422582687e-12,-8.966161146872764e-13,3,1.0000000000000004,4911961.784291192,324.4193233703689,0.6148979070350897,0.07900311233947238,0.0010353201318974567,3.0668591426192103e-05,-2.1506881292069232e-07,0.06148979070350899,2.8749456093054103e-11
372471389023.56464,777739334.5272777,0.13320469716240863,0.0010356989535881237,2837.1036013709313,0.6147480669647156,0.0791127252453956,0.8097824048813873,8.107958748837518e-12,-1.0039968856290216e-11,3,1.0000000000000004,4912322.5614702515,324.2720882819389,0.6147480669647156,0.0791127252453956,0.0010359133116262234,3.065185444790778e-05,-2.14329301017168e-07,0.061474806696471526,2.872868494901815e-11
373249232843.5158,777843819.9512204,0.1332254741038937,0.0010362906463797868,2837.2874545913364,0.6145983768115814,0.07922202823359327,0.8101389421810712,8.328671086133e-12,-1.9849233368063324e-11,3,1.0000000000000004,4912682.460144233,324.1248697360223,0.6145983768115814,0.07922202823359327,0.0010365056619472683,3.063509869778015e-05,-2.1498685094856025e-07,0.0614598376811581,2.8707902089453484e-11
374027009958.8899,777777115.3740869,0.1332464663163866,0.0010368636591749317,2837.4560511619375,0.6144488707510953,0.07933099709668774,0.810264726147647,8.79962769317899e-12,-9.114486942962685e-12,3,1.0000000000000004,4913036.698991185,323.97603638750496,0.6144488707510953,0.07933099709668774,0.0010370805948108081,3.0617978222912485e-05,-2.1690693999346609e-07,0.06144488707510953,2.8686759143781875e-11
374804660007.91565,777650049.0258291,0.13326744119625689,0.001037440404996814,2837.6272134997553,0.6142995605154689,0.07943962352951524,0.8097519615946069,8.713252341863154e-12,3.095901313088234e-11,3,1.0000000000000004,4913390.628045813,323.8275123112818,0.6142995605154689,0.07943962352951524,0.0010376568292561554,3.0600895691804056e-05,-2.163955846384616e-07,0.06142995605154693,2.8665663275770975e-11
375582429150.3914,777769142.4757484,0.1332883766681839,0.0010380203432089434,2837.8008034472336,0.6141503985702297,0.07954794199298272,0.8097538238549529,8.61777316174539e-12,1.6997736551616072e-11,3,1.0000000000000004,4913744.833586228,323.67941559778194,0.6141503985702297,0.07954794199298272,0.0010382361905596704,3.058388066853645e-05,-2.1581869713857742e-07,0.06141503985702295,2.8644642972981447e-11
376360316510.06696,777887359.6755749,0.13330946476939984,0.0010385836182708523,2837.9612098528023,0.6140013857895508,0.07965595219536607,0.8103608825638098,9.275469281533333e-12,-6.14985840030613e-12,3,1.0000000000000004,4914094.564595872,323.53006226616503,0.6140013857895508,0.07965595219536607,0.0010388019835547407,3.056657995993563e-05,-2.1833665091360702e-07,0.06140013857895504,2.86233415744408e-11
377138030639.98035,777714129.9133561,0.13333057858263372,0.0010391465283413818,2838.1209292584103,0.6138525785706389,0.07976361373117224,0.8097047062005647,9.234168985017277e-12,3.069988707693483e-12,3,1.0000000000000004,4914442.7160754325,323.3805852122843,0.6138525785706389,0.07976361373117224,0.001039364582342225,3.054922582553417e-05,-2.1802538925218924e-07,0.06138525785706391,2.8601995197778088e-11
377915886570.49335,777855930.513024,0.1333516885430263,0.0010397091115179474,2838.2803029288852,0.6137039165822805,0.07987097028898864,0.8097615024349469,9.241718501584728e-12,-1.3673062682073578e-11,3,1.0000000000000004,4914790.231457084,323.2312076328202,0.6137039165822805,0.07987097028898864,0.0010399270098723874,3.053187089317941e-05,-2.1786976417564302e-07,0.06137039165822797,2.8580655391095026e-11
378693857042.81085,777970472.3175346,0.13337279796125026,0.0010402712441382625,2838.43921177787,0.6135554050694021,0.07997801804309086,0.8097788654903848,9.277245638372733e-12,1.893019074827862e-11,3,1.0000000000000004,4915137.063984817,323.0819241349851,0.6135554050694021,0.07997801804309086,0.0010404891119953033,3.0514513377238408e-05,-2.1783928806950756e-07,0.06135554050694022,2.8559320558451592e-11
379471933732.0124,778076689.2014978,0.13339391858703672,0.0010408312305322843,2838.596375294908,0.6134070457676714,0.08008475579511695,0.8097889606095698,9.358513963775295e-12,-1.0203615730119964e-11,3,1.0000000000000004,4915482.753494491,322.93257214320096,0.6134070457676714,0.08008475579511695,0.0010410492445299046,3.0497119445881154e-05,-2.179854499233092e-07,0.061340704576767144,2.8537956445171993e-11
380250111802.03107,778178070.018728,0.13341504972248192,0.00104138987731954,2838.75235294042,0.6132588397337431,0.08019118284403445,0.809753986502626,9.411138535142527e-12,-4.777400697264511e-12,3,1.0000000000000004,4915827.451696944,322.7832104798873,0.6132588397337431,0.08019118284403445,0.0010416079341766969,3.047970100562752e-05,-2.1802833078119427e-07,0.06132588397337424,2.85165752514764e-11
381028408073.2402,778296271.2090499,0.13343619260702724,0.001041946866661859,2838.9069165675287,0.6131107838929085,0.08029730145026781,0.8097472610490986,9.480194407274212e-12,7.192024753521764e-13,3,1.0000000000000004,4916171.121868732,322.63381990519184,0.6131107838929085,0.08029730145026781,0.001042165013075442,3.0462254461130732e-05,-2.181179085320091e-07,0.06131107838929086,2.8495173232329592e-11
381806825796.19476,778417722.9545152,0.13345734847033514,0.0010425021608323165,2839.060029256121,0.6129628777763294,0.08040311201043598,0.8097251524841198,9.539924405999045e-12,7.87503395827116e-12,3,1.0000000000000004,4916513.739761391,322.4843913213005,0.6129628777763294,0.08040311201043598,0.0010427203714959141,3.044477798324962e-05,-2.1818217990389607e-07,0.061296287777632935,2.847374854089347e-11
382585375618.3096,778549822.1148242,0.13347849507896087,0.0010430581941196014,2839.213585888195,0.6128151193903204,0.08050861593286975,0.8096681824998342,9.509504295124316e-12,-2.1496249225094743e-11,3,1.0000000000000004,4916855.909226882,322.3351339089033,0.6128151193903204,0.08050861593286975,0.00104327611995696,3.0427315691018427e-05,-2.178973750939333e-07,0.061281511939032085,2.8452345603653902e-11
383364084956.3835,778709338.0739105,0.13349964154473315,0.0010436137876043679,2839.366687115689,0.6126675035458611,0.08061381687479935,0.8096876517871276,9.532152844826669e-12,-2.940869769929577e-12,3,1.0000000000000004,4917197.463698167,322.1859790932186,0.6126675035458611,0.08061381687479935,0.0010438316277349,3.0409853758243328e-05,-2.1781168963382637e-07,0.061266750354586126,2.8430950319550894e-11
384142944478.92474,778859522.5412753,0.13352077833862375,0.001044169936377604,2839.520111382893,0.6125200320198172,0.08071871351431496,0.809663119744064,9.522826971419818e-12,-6.746270209134764e-12,3,1.0000000000000004,4917538.595056502,322.0369970108762,0.6125200320198172,0.08071871351431496,0.001044387566348954,3.0392406830769976e-05,-2.1760155182900693e-07,0.061252003201981736,2.8409577457198945e-11
384921966016.44604,779021537.5212764,0.1335419225959514,0.0010447249297527725,2839.672513651235,0.6123727026439838,0.08082330737918487,0.8096716948291505,9.561684777281698e-12,-3.832822947913428e-12,3,1.0000000000000004,4917878.9193337895,321.8880491849542,0.6123727026439838,0.08082330737918487,0.001044942546246563,3.0374946027289577e-05,-2.1758809560330271e-07,0.06123727026439839,2.8388197874827083e-11
385701145476.54254,779179460.0964589,0.13356307580414475,0.0010452788069981581,2839.823906104956,0.6122255163014214,0.08092759785369123,0.8096580984828794,9.601208716958354e-12,3.5629277306270524e-12,3,1.0000000000000004,4918218.397855179,321.7391235284681,0.6122255163014214,0.08092759785369123,0.0010454964135705694,3.0357468795722237e-05,-2.1757819556645594e-07,0.061222551630142195,2.8366809012277478e-11
386480489434.79065,779343958.2481476,0.13358423805293204,0.0010458314518157722,2839.974210126713,0.6120784718634555,0.08103158575410818,0.8096460638040703,9.644951504128585e-12,-1.8072543461755686e-11,3,1.0000000000000004,4918557.009375178,321.5902099224814,0.6120784718634555,0.08103158575410818,0.0010460490654734332,3.033997325080899e-05,-2.1758530216522464e-07,0.06120784718634555,2.834540890482056e-11
387260003719.2525,779514284.4617987,0.13360535929258774,0.0010463880441890759,2840.1274739917726,0.6119315681000562,0.08113527180427262,0.8095860229428986,9.50350909079134e-12,-1.8344326058183924e-11,3,1.0000000000000004,4918896.010589575,321.44174539786127,0.6119315681000562,0.08113527180427262,0.0010466049620907962,3.0322551375305224e-05,-2.1688956768578397e-07,0.06119315681000568,2.83240900745281e-11
388039717278.2682,779713559.0157255,0.1336264732807553,0.0010469443665038762,2840.2804746190245,0.6117847994977181,0.08123865977532467,0.8096216064235051,9.49951228790269e-12,-2.3723245590190345e-12,3,1.0000000000000004,4919234.57422632,321.293430417866,0.6117847994977181,0.08123865977532467,0.0010471611175687599,3.0305140753729956e-05,-2.1672275214846942e-07,0.06117847994977181,2.830278954561494e-11
388819613023.712,779895745.4438274,0.13364758243663494,0.0010475007813655311,2840.433432527709,0.6116381693046292,0.08134174731806332,0.8096101450361104,9.489520280681063e-12,-6.545097797072685e-12,3,1.0000000000000004,4919572.648189996,321.145252461981,0.6116381693046292,0.08134174731806332,0.0010477173447972458,3.028773849325797e-05,-2.1653514026974654e-07,0.06116381693046299,2.828150447344679e-11
389599696519.7887,780083496.0767636,0.13366868376096946,0.001048057571989927,2840.5865715585032,0.6114916764838207,0.08144453509379664,0.809599806778083,9.469314221632885e-12,-7.01882996168024e-13,3,1.0000000000000004,4919910.312208762,320.9972371002417,0.6114916764838207,0.08144453509379664,0.0010482739085256225,3.0270350123137575e-05,-2.163082655309272e-07,0.061149167648382075,2.8260240367715823e-11
390379972793.5537,780276273.7649804,0.13368976875007524,0.0010486156073326895,2840.740570351484,0.6113453200511425,0.08154702368889165,0.809588910216652,9.415135338031178e-12,-2.0046075910329364e-11,3,1.0000000000000004,4920247.794182464,320.84946138281833,0.6113453200511425,0.08154702368889165,0.0010488316059376584,3.025299200122552e-05,-2.1597035608238027e-07,0.061134532005114296,2.8239013615186212e-11
391160447144.94275,780474351.3890744,0.13371085217645326,0.001049173008588101,2840.8939990562103,0.6111990990351318,0.08164921371830092,0.8095903870908305,9.43423117405473e-12,2.76445533131664e-13,3,1.0000000000000004,4920584.68175242,320.70177981885814,0.6111990990351318,0.08164921371830092,0.0010493889404921543,3.023563366051448e-05,-2.1590367636165225e-07,0.061119909903513174,2.821779354635675e-11
391941118912.17804,780671767.2352694,0.13373194469167785,0.0010497289566463988,2841.046191094141,0.6110530136763961,0.08175110501419924,0.8095794634677134,9.486855745421963e-12,1.5803580666329253e-11,3,1.0000000000000004,4920920.707926264,320.5541000732098,0.6110530136763961,0.08175110501419924,0.001049944937049612,3.0218255697486318e-05,-2.1595219669393515e-07,0.06110530136763959,2.8196560664271538e-11
392721993413.2953,780874501.1172986,0.13375305621825023,0.0010502826230576513,2841.1964824120955,0.6109070631659209,0.08185269819086065,0.809563982517858,9.560352509652148e-12,-1.8598567130823085e-11,3,1.0000000000000004,4921255.637795588,320.40633942086396,0.6109070631659209,0.08185269819086065,0.0010504987273321222,3.0200840819073616e-05,-2.1607608913221302e-07,0.06109070631659208,2.8175297584682056e-11
393503078169.0126,781084755.7173222,0.13377419007205366,0.0010508336708896279,2841.3446124702423,0.6107612463060634,0.08195399414546402,0.8095465958701809,9.659384403448712e-12,1.138267258227188e-11,3,1.0000000000000004,4921589.39027759,320.2584681382284,0.6107612463060634,0.08195399414546402,0.0010510499920264932,3.018338290140515e-05,-2.162929727168454e-07,0.061076124630606354,2.815399814992335e-11
394284381625.84155,781303456.8289903,0.13379535230605757,0.001051381620574966,2841.4901957243574,0.6106155617866428,0.0820549938895,0.809526602280064,9.756639940405876e-12,1.5163426070330388e-11,3,1.0000000000000004,4921921.812154708,320.11043137115854,0.6106155617866428,0.0820549938895,0.0010515981499805956,3.0165870551216404e-05,-2.1650126272054868e-07,0.061061556178664274,2.8132650912068836e-11
395065913495.9289,781531870.0872719,0.13381653827498755,0.0010519269188464695,2841.6335864084963,0.6104700080380537,0.08215569859106961,0.8095078687930801,9.842793247116788e-12,-2.4981128277090647e-12,3,1.0000000000000004,4922253.027313165,319.96226981469067,0.6104700080380537,0.08215569859106961,0.0010521436166668768,3.0148312501699665e-05,-2.1666969878855404e-07,0.06104700080380531,2.8111264626904638e-11
395847682891.6779,781769395.7490242,0.13383774485470196,0.0010524698487640184,2841.7750115227573,0.6103245835855273,0.08225610933263938,0.8094906649158684,9.920952948050399e-12,-8.749223567861009e-12,3,1.0000000000000004,4922583.122159697,319.8140112192531,0.6103245835855273,0.08225610933263938,0.0010526866743990949,3.013071475609723e-05,-2.167975347896342e-07,0.061032458358552776,2.808984530476634e-11
396629698195.12134,782015303.443424,0.13385896674740072,0.0010530108809296238,2841.914847295043,0.6101792870648548,0.08235622709479404,0.8094760504950838,9.977130233096432e-12,-6.338152225282556e-12,3,1.0000000000000004,4922912.227189358,319.66569845866087,0.6101792870648548,0.08235622709479404,0.0010532277662073403,3.011308651489269e-05,-2.1685719880830705e-07,0.06101792870648549,2.8068402151210424e-11
397411966545.1185,782268349.9972664,0.13388020333793565,0.0010535500083321948,2842.0530975247048,0.6100341173317511,0.08245605269217739,0.8094601468278118,1.0035972053401565e-11,-8.446243704440803e-12,3,1.0000000000000004,4923240.366904561,319.5173383064854,0.6100341173317511,0.08245605269217739,0.0010537669549064877,3.0095429335778083e-05,-2.1691851678293013e-07,0.06100341173317505,2.8046936714194033e-11
398194495710.7116,782529165.5930523,0.13390145262077136,0.0010540874647811615,2842.1899430991357,0.6098890731187437,0.08255558701356475,0.8094468219310702,1.0081491197411196e-11,-3.5835778788850803e-12,3,1.0000000000000004,4923567.6026304625,319.3689498859859,0.6098890731187437,0.08255558701356475,0.0010543044363836617,3.0077747398232744e-05,-2.1694356642016347e-07,0.060988907311874424,2.8025453161701843e-11
398977292221.8725,782796511.160886,0.13392271142207351,0.0010546235293135136,2842.32560746894,0.6097441533715255,0.08265483078337305,0.8094347755949194,1.0116574244989351e-11,5.657474488884873e-12,3,1.0000000000000004,4923894.016908669,319.22055976432466,0.6097441533715255,0.08265483078337305,0.0010548404848719007,3.0060046450574697e-05,-2.1692754376069846e-07,0.060974415337152504,2.8003957227624236e-11
399760361996.8537,783069774.9811747,0.13394397694317212,0.0010551584831191363,2842.4603111867427,0.6095993571302103,0.08275378464285754,0.8094238797273778,1.0140999151531105e-11,-1.42706957362293e-11,3,1.0000000000000004,4924219.69395187,319.07219570109584,0.6095993571302103,0.08275378464285754,0.0010553753840478795,3.004233241462764e-05,-2.168729355881628e-07,0.06095993571302101,2.7982454844824764e-11
400543710403.424,783348406.5703611,0.13396524643098867,0.0010556925328591405,2842.594223786033,0.6094546835220781,0.08285244915858202,0.8094140128978022,1.0154321827826607e-11,-1.8193890838347215e-11,3,1.0000000000000004,4924544.699244361,318.9238782522882,0.6094546835220781,0.08285244915858202,0.0010559093485468208,3.002460979373849e-05,-2.1678771600983265e-07,0.06094546835220783,2.7960950479382626e-11
401327342316.9542,783631913.5302,0.13398651917618445,0.0010562257338155372,2842.727390992697,0.6093101317575745,0.08295082483094467,0.809402462137454,1.0165424058072858e-11,7.9836137700795e-12,3,1.0000000000000004,4924869.060661072,318.7756158655422,0.6093101317575745,0.08295082483094467,0.0010564424596505775,3.0006880441637376e-05,-2.1669788485720576e-07,0.06093101317575752,2.793944597844359e-11
402111263433.5519,783921116.5976378,0.1340077804609812,0.0010567595920181368,2842.8609827362525,0.6091657008294038,0.0830489122546858,0.8094115531986912,1.0116796289594276e-11,-9.743428286412836e-12,3,1.0000000000000004,4925193.144678357,318.62753183927214,0.6091657008294038,0.0830489122546858,0.001056976029758531,2.998917051611148e-05,-2.1640981173569046e-07,0.060916570082940366,2.791796748291728e-11
402895469455.93134,784206022.3794985,0.13402901780981344,0.0010572952037587397,2842.9958677984414,0.6090213914931779,0.08314671076954597,0.8094292749949439,1.0006884210156386e-11,7.158273973573159e-12,3,1.0000000000000004,4925517.252314517,318.4797303785504,0.6090213914931779,0.08314671076954597,0.001057511147652774,2.997150191605864e-05,-2.159159869171511e-07,0.060902139149317774,2.7896536922105054e-11
403679951899.6941,784482443.7627578,0.13405021661770558,0.001057833688794167,2843.1329518961525,0.6088772051673217,0.08324421919683252,0.8094392790758409,9.859446592486165e-12,3.0258018313134016e-12,3,1.0000000000000004,4925841.71899594,318.3323276726846,0.6088772051673217,0.08324421919683252,0.001058049033195849,2.995389908138373e-05,-2.153165160735744e-07,0.060887720516732156,2.7875178735455773e-11
404464706012.7346,784754113.040543,0.1340713706967405,0.001058375533710862,2843.2726247909723,0.6087331425334203,0.0833414368289614,0.8094483465448388,9.693801317212092e-12,-1.1258771692723712e-11,3,1.0000000000000004,4926166.691912929,318.1853742421882,0.6087331425334203,0.0833414368289614,0.0010585902208616773,2.9936372642832054e-05,-2.146592866521964e-07,0.06087331425334205,2.7853903520958163e-11
405249727492.17694,785021479.4423147,0.13409247509301558,0.0010589211718064699,2843.4152267474938,0.6085892041562401,0.08343836301751649,0.8094605055686266,9.50528544763074e-12,6.6566752110475136e-12,3,1.0000000000000004,4926492.2902297545,318.0389104371561,0.6085892041562401,0.08343836301751649,0.0010591351435114969,2.9918931128081404e-05,-2.13943862241856e-07,0.060858920415624025,2.7832719749021258e-11
406035010531.1213,785283038.9443283,0.13411352446081531,0.001059471172363652,2843.5611928544813,0.6084453908361269,0.08353499693117034,0.8094767282862403,9.291456493087935e-12,8.219203095904959e-12,3,1.0000000000000004,4926818.663885667,317.89298793298497,0.6084453908361269,0.08353499693117034,0.001059684351361867,2.990158535998057e-05,-2.1315117673281186e-07,0.06084453908361275,2.781163821248903e-11
406820547345.1287,785536814.0074579,0.13413451302002205,0.0010600259825563339,2843.7108801580735,0.6083017036938457,0.0836313374998938,0.809492800707412,9.055201033447702e-12,4.127587160951407e-12,3,1.0000000000000004,4927145.941712879,317.7476507488864,0.6083017036938457,0.0836313374998938,0.0010602383181682411,2.9884344629131877e-05,-2.123078116403471e-07,0.0608301703693845,2.7790668126827877e-11
407606330215.263,785782870.1342344,0.13415543292931287,0.0010605863943606941,2843.8648980820744,0.608158143786429,0.08372738366573347,0.809517301664231,8.785194793858864e-12,1.5668133457324984e-11,3,1.0000000000000004,4927474.326541934,317.6029677639681,0.608158143786429,0.08372738366573347,0.0010607977909602617,2.9867223479941266e-05,-2.1136882042609262e-07,0.06081581437864283,2.7769823947386046e-11
408392347323.4784,786017108.2154768,0.13417628068740514,0.0010611523172308229,2844.023217670287,0.6080147128781587,0.08382313387699186,0.809505447812997,8.54227799607088e-12,1.1384226894506355e-12,3,1.0000000000000004,4927803.847104465,317.45894976591336,0.6080147128781587,0.08382313387699186,0.001061362883135851,2.9850224140031636e-05,-2.1053814685572488e-07,0.06080147128781587,2.77491078275756e-11
409178604496.2467,786257172.7683334,0.1341971119611469,0.0010617182071644168,2844.1815307959832,0.6078714097917249,0.0839185887688707,0.8094020290116966,8.496758852061248e-12,-8.68571881085245e-12,3,1.0000000000000004,4928133.141492716,317.3151305749948,0.6078714097917249,0.0839185887688707,0.0010619285793977864,2.9833248493563854e-05,-2.1034449592677542e-07,0.06078714097917253,2.772842160146868e-11
409965152051.3947,786547555.1479928,0.13421794993097155,0.0010622819766874761,2844.3381946563163,0.6077282254814454,0.08401375436631553,0.8093442298295894,8.547385021984155e-12,-1.09007247672821e-11,3,1.0000000000000004,4928461.561601987,317.171273165733,0.6077282254814454,0.08401375436631553,0.0010624924363636969,2.9816247534058298e-05,-2.1043195942490891e-07,0.06077282254814452,2.7707716016783753e-11
410752018191.61884,786866140.2241107,0.13423878675386564,0.0010628451738664436,2844.494330343884,0.6075851549608605,0.08410863395650126,0.8093833755995483,8.515632643479876e-12,-7.81896769552759e-12,3,1.0000000000000004,4928789.395404436,317.02746628751777,0.6075851549608605,0.08410863395650126,0.0010630554731985594,2.9799240497276225e-05,-2.1027163605496846e-07,0.060758515496086074,2.7687010154632387e-11
411539184009.6593,787165818.0404829,0.13425960328583486,0.0010634103638088505,2844.6518568185866,0.6074422016492308,0.08420322511499641,0.8094371745093198,8.381295657500232e-12,5.339506614632228e-12,3,1.0000000000000004,4929117.31682943,316.8839462506494,0.6074422016492308,0.08420322511499641,0.0010636201833856692,2.978227666918011e-05,-2.0979190155274388e-07,0.060744220164923014,2.7666353417858253e-11
412326623449.92413,787439440.2648718,0.13428046060445498,0.0010639699237206225,2844.8050299297943,0.6072993703931349,0.08429752462006761,0.8090576750219292,8.747003121811758e-12,-1.074673683376659e-11,3,1.0000000000000004,4929443.7617593305,316.74019106484195,0.6072993703931349,0.08429752462006761,0.0010641807943127467,2.976524567086635e-05,-2.1084293718201352e-07,0.060729937039313474,2.764563565417076e-11
413114521329.6424,787897879.7183038,0.13430144846342437,0.0010645190363016274,2844.9496860915892,0.6071566286066967,0.0843915545219713,0.8092500666800895,8.952172336762487e-12,1.3615553129397995e-11,3,1.0000000000000004,4929766.901506912,316.59552679634817,0.6071566286066967,0.0843915545219713,0.0010647303706483062,2.9748008266463855e-05,-2.1130671243174237e-07,0.0607156628606696,2.7624717150669947e-11
413902784197.9285,788262868.2862128,0.13432242407001702,0.0010650692556783035,2845.0950639917223,0.6070139933773123,0.08448530344524911,0.809304270821265,8.922640404307458e-12,-1.3230638806760453e-11,3,1.0000000000000004,4930089.838687208,316.45103160404364,0.6070139933773123,0.08448530344524911,0.001065280429312654,2.973079057248786e-05,-2.111460210231827e-07,0.0607013993377312,2.7603824000614228e-11
414691385813.75684,788601615.8282613,0.13434339827317562,0.0010656191127534538,2845.2400671997534,0.6068714695506772,0.08457876811383823,0.8093086072136213,8.882894420025877e-12,-1.1495804308481183e-11,3,1.0000000000000004,4930412.335210085,316.3066348128336,0.6068714695506772,0.08457876811383823,0.001065830101173258,2.971357709288556e-05,-2.1096082739765287e-07,0.060687146955067724,2.758294091826247e-11
415480324209.06885,788938395.3120409,0.1343615529604868,0.0010664486607172238,2845.6013703885224,0.6067290452648855,0.0846719458962182,0.8177276003551448,-2.3695490014574716e-12,-8.36752889199488e-12,3,1.0000000000000004,4930800.902794964,316.1847165736383,0.6067290452648855,0.0846719458962182,0.0010666262260489682,2.9701091991163838e-05,-1.775377674926635e-07,0.06067290452648849,2.7566778777349814e-11
416265525985.7073,785201776.6384128,0.13437970952310355,0.0010672251418727915,2845.926917951298,0.6065874504377179,0.08476435755383559,0.808581326755542,-9.529044220357719e-13,-8.646083848873332e-12,3,1.0000000000000004,4931184.009075424,316.0624327485237,0.6065874504377179,0.08476435755383559,0.0010674069944920784,2.9688448368586024e-05,-1.8182506982355652e-07,0.060658745043771826,2.755048046223391e-11
417051416287.1319,785890301.4245819,0.13439830575421827,0.0010679650349365351,2846.2231191424403,0.6064458888154426,0.08485652585604102,0.8086113005567608,5.229150445984487e-13,-1.397326698793222e-11,3,1.0000000000000004,4931556.997497401,315.9368107067697,0.6064458888154426,0.08485652585604102,0.0010681513855755236,2.967509240731377e-05,-1.8632310495647498e-07,0.06064458888154424,2.7533473397513646e-11
417837981138.39935,786564851.2674489,0.13441728943069223,0.0010686731984709402,2846.4938061462612,0.6063043655280582,0.08494844887373082,0.808625828935261,1.8269830093231576e-12,1.0897283075905762e-11,3,1.0000000000000004,4931920.996027984,315.80824572012324,0.6063043655280582,0.08494844887373082,0.001068863481248544,2.9661107024380087e-05,-1.902552598106162e-07,0.060630436552805825,2.7515840759333616e-11
418625214046.3892,787232907.9898707,0.134436608066419,0.001069354227877541,2846.7426299389044,0.6061628840318962,0.0850401255587258,0.8086776145943553,2.928102205146388e-12,-1.0758061108617767e-12,3,1.0000000000000004,4932277.245116155,315.6771699823816,0.6061628840318962,0.0850401255587258,0.001069547809934079,2.964658271335052e-05,-1.9355455573320505e-07,0.060616288403189576,2.74976733330255e-11
419413090350.4955,787876304.1062845,0.1344562176936499,0.0010700115865758895,2846.972390461716,0.6060214507459759,0.08513155275733407,0.8086948519170356,3.889333299866848e-12,-3.3916203179273907e-12,3,1.0000000000000004,4932626.740975693,315.54393720170174,0.6060214507459759,0.08513155275733407,0.001070208023500599,2.9631593223952018e-05,-1.9640944150278323e-07,0.06060214507459751,2.7479045202354056e-11
420201602172.863,788511822.3675641,0.1344760938486461,0.0010706464411779166,2847.1841483799567,0.6058800689016821,0.08522272929791382,0.8086274365382007,4.823474952786455e-12,-7.263745160912549e-12,3,1.0000000000000004,4932969.904654428,315.40869741612033,0.6058800689016821,0.08522272929791382,0.0010708456129773342,2.961617016139405e-05,-1.991443342651065e-07,0.06058800689016813,2.7459988117100302e-11
420990782921.11084,789180748.2478439,0.13449621245456989,0.001071261503717964,2847.379984835194,0.6057387342091586,0.08531365877614092,0.8086948033447783,5.605516051332415e-12,-2.4314994462315553e-11,3,1.0000000000000004,4933307.392041655,315.27167090291323,0.6057387342091586,0.08531365877614092,0.001071462940809635,2.9600359992773805e-05,-2.0140964511739306e-07,0.060573873420915844,2.7440548678936852e-11
421780600263.5324,789817342.4215155,0.13451653474930783,0.001071859627683852,2847.5622260803125,0.6055974539153648,0.08540433718422813,0.8086978113552856,6.292522058970462e-12,1.754574263657105e-11,3,1.0000000000000004,4933640.023863759,315.1331492688965,0.6055974539153648,0.08540433718422813,0.0010720630407017903,2.9584223644033668e-05,-2.033855904055392e-07,0.06055974539153656,2.7420787968074858e-11
422571053243.5597,790452980.0272417,0.13453704361703964,0.0010724420691073492,2847.7319045160266,0.6054562295283802,0.08549476415090908,0.8087019798264095,6.912248551316225e-12,-3.1475932971147813e-12,3,1.0000000000000004,4933968.169139549,314.993262733837,0.6054562295283802,0.08549476415090908,0.0010726472408393113,2.9567788419207934e-05,-2.0514432381581315e-07,0.06054562295283802,2.74007334312653e-11
423362140333.9026,791087090.3428771,0.13455771801094868,0.0010730106517479981,2847.8904688314997,0.6053150625270125,0.08558493923757939,0.8087131096734534,7.458034190221952e-12,-1.3390955011516326e-11,3,1.0000000000000004,4934292.32325818,314.85218414796753,0.6053150625270125,0.08558493923757939,0.0010732173536504215,2.955109052328874e-05,-2.0667451399943842e-07,0.060531506252701185,2.7380421395012082e-11
424153856595.23065,791716261.3280773,0.13457852260667122,0.0010735684764589532,2848.040363128168,0.6051739548175199,0.08567486160058478,0.8088003670969623,7.866596263284009e-12,-9.417355784080428e-12,3,1.0000000000000004,4934613.275214192,314.71018336201325,0.6051739548175199,0.08567486160058478,0.0010737763026051593,2.953418676628894e-05,-2.077987778522479e-07,0.060517395481751994,2.735990860787856e-11
424946159785.6678,792303190.4370964,0.13459946196508193,0.001074114226311616,2848.180676728049,0.6050329148856103,0.08576452620313628,0.8086519842631645,8.327560863108374e-12,-9.241163390072415e-12,3,1.0000000000000004,4934930.84534573,314.56721837390563,0.6050329148856103,0.08576452620313628,0.0010743234067826395,2.9517067438725264e-05,-2.0915312289310883e-07,0.060503291488561026,2.7339185790744642e-11
425739123082.3423,792963296.674573,0.13462060925965533,0.0010746406138378683,2848.3058183627654,0.6048919310455804,0.08585394118170905,0.8083487081089746,9.115819210592235e-12,-2.7327029528123603e-12,3,1.0000000000000004,4935243.254706181,314.42267951007733,0.6048919310455804,0.08585394118170905,0.0010748518628402113,2.9499604744119978e-05,-2.112216744209636e-07,0.060489193104558005,2.7318125728072836e-11
426532895897.1209,793772814.7787036,0.13464187878124326,0.0010751578632027588,2848.4234844610723,0.6047509778399656,0.08594312303516649,0.8087036751369681,9.485079388582562e-12,1.450861653040647e-11,3,1.0000000000000004,4935552.776588293,314.27728278010204,0.6047509778399656,0.08594312303516649,0.0010753700697375484,2.948195227405558e-05,-2.1217922771084663e-07,0.060475097783996554,2.7296880706287042e-11
427327304652.75104,794408755.6301559,0.134663244412679,0.0010756666338379896,2848.5343963945575,0.6046100869285961,0.08603205191186543,0.8087102298937054,9.800604772181032e-12,-1.5918488749377957e-11,3,1.0000000000000004,4935859.811665417,314.13121972874524,0.6046100869285961,0.08603205191186543,0.0010758796481322558,2.946414753705701e-05,-2.1298700823530517e-07,0.060461008692859655,2.72754889795542e-11
428122346636.71844,795041983.9674081,0.13468469454714854,0.0010761678767732656,2848.63931405997,0.6044692595101516,0.08612072724500709,0.808729596624147,1.006794647651077e-11,6.631584170690985e-12,3,1.0000000000000004,4936164.6217133375,313.9845815066435,0.6044692595101516,0.08612072724500709,0.0010763815589730492,2.9446209667235887e-05,-2.136549349791508e-07,0.060446925951015175,2.7253969707430722e-11
428918012826.6525,795666189.9340849,0.1347062166282872,0.0010766626467917343,2848.7390748003468,0.6043284978192544,0.08620914776510928,0.8087464514749954,1.0292211527485051e-11,-1.1162293311883786e-11,3,1.0000000000000004,4936467.49402219,313.8374692220359,0.6043284978192544,0.08620914776510928,0.0010768768683755603,2.942815981125296e-05,-2.1419434040088193e-07,0.060432849781925445,2.7232344058078253e-11
429714295414.95465,796282588.3021568,0.13472780046105864,0.0010771517623792168,2848.834333438171,0.6041878038053389,0.08629731234591025,0.8087606016837778,1.0476286504967902e-11,-7.590927886269583e-12,3,1.0000000000000004,4936768.655361195,313.6899630242161,0.6041878038053389,0.08629731234591025,0.0010773664158294095,2.941001472185287e-05,-2.1462622827924777e-07,0.060418780380533874,2.721062880601044e-11
430511187907.77264,796892492.818092,0.1347494369334563,0.0010776359727243594,2848.9256865315424,0.604047179124278,0.08638522001346516,0.808775855176691,1.0625056390267673e-11,-8.468670209538232e-12,3,1.0000000000000004,4937068.310078502,313.54213500114497,0.604047179124278,0.08638522001346516,0.001077850958192836,2.9391789457051476e-05,-2.149582681876016e-07,0.06040471791242779,2.7188839027789786e-11
431308683251.77905,797495344.006411,0.13477111682909623,0.0010781160685135141,2849.013758242117,0.6039066254701213,0.08647286973663007,0.8087973911441448,1.0737410960359739e-11,7.350120512228386e-12,3,1.0000000000000004,4937366.6697183335,313.39405913843996,0.6039066254701213,0.08647286973663007,0.0010783312817281634,2.9373499512239536e-05,-2.1518603608313038e-07,0.06039066254701215,2.7166990206169406e-11
432106771277.41626,798088025.6371831,0.13479283650708979,0.0010785922085471032,2849.0986955803364,0.6037661450380227,0.08656026015215904,0.8087528509392872,1.0857537091624181e-11,-3.2117641879381154e-12,3,1.0000000000000004,4937663.814237569,313.2457666325272,0.6037661450380227,0.08656026015215904,0.001078807678144897,2.9355151284088056e-05,-2.1544244099405776e-07,0.0603766145038023,2.7145088795445476e-11
432905474417.6144,798703140.1980585,0.13481459501939808,0.0010790646771425758,2849.180699738011,0.6036257342982033,0.08664739347332821,0.8088120884153227,1.0932366123483916e-11,-7.713829575095588e-13,3,1.0000000000000004,4937959.784509245,313.0972655807448,0.6036257342982033,0.08664739347332821,0.0010792802650612984,2.9336746823685483e-05,-2.155607837890241e-07,0.0603625734298203,2.7123136779204263e-11
433704763874.83704,799289457.2226962,0.13483637425152023,0.0010795349782579903,2849.2609577090584,0.6034853986268607,0.08673426629858692,0.8088461068977981,1.0953460360951794e-11,-1.5817347431834605e-12,3,1.0000000000000004,4938254.976234086,312.94869661995887,0.6034853986268607,0.08673426629858692,0.0010797505525526763,2.9318315382372337e-05,-2.1554718169790487e-07,0.060348539862686006,2.710116335485627e-11
434504623258.70184,799859383.8647776,0.1348581675541358,0.001080003575223834,2849.339847270255,0.6033451411553299,0.08682087660377936,0.8088617986512503,1.0951017870297619e-11,-3.795297409681098e-12,3,1.0000000000000004,4938549.5295080375,312.8001116883708,0.6033451411553299,0.08682087660377936,0.0010802190713994208,2.929986767735181e-05,-2.1546908458007256e-07,0.060334514115532985,2.7079179247968165e-11
435305045211.466,800421952.7642187,0.1348799724400309,0.0010804705572178767,2849.4174550148796,0.6032049633994829,0.08690722336193211,0.8088481266710357,1.0944134487544943e-11,-4.005684672847565e-13,3,1.0000000000000004,4938843.486084131,312.65152738546215,0.6032049633994829,0.08690722336193211,0.0010806859717755937,2.928140710022918e-05,-2.1538748870407855e-07,0.06032049633994837,2.7057187869566856e-11
436106036898.3093,800991686.8434045,0.13490172685137386,0.0010809427769128818,2849.4989539313915,0.6030648640826725,0.08699330702548172,0.8093335714109973,1.0534240146853335e-11,-1.2489675960125624e-11,3,1.0000000000000004,4939138.403121708,312.5034534558082,0.6030648640826725,0.08699330702548172,0.001081157176117829,2.926304159234611e-05,-2.1437215826406334e-07,0.060306486408267225,2.7035296188610027e-11
436907358297.1136,801321398.8041999,0.13492350897916391,0.0010814096533274887,2849.57654363173,0.6029248852821903,0.0870791017267017,0.8086035904741884,1.0732525979051388e-11,1.418642980866025e-12,3,1.0000000000000004,4939432.059199381,312.3552324674218,0.6029248852821903,0.0870791017267017,0.0010816243909405354,2.9244628286468536e-05,-2.1471058807669906e-07,0.06029248852821907,2.7013363642844135e-11
437709371314.26135,802013017.147714,0.1349452652305828,0.0010818798583609927,2849.656504896701,0.6027849638669464,0.08716464597888451,0.8091227657325284,1.0514034087805157e-11,-1.2162604257071052e-11,3,1.0000000000000004,4939726.1944160955,312.20732579178235,0.6027849638669464,0.08716464597888451,0.0010820939547876867,2.9226270599986508e-05,-2.1406942382800113e-07,0.06027849638669467,2.699149107350504e-11
438511818976.64465,802447662.3833852,0.1349669710364717,0.0010823539014387406,2849.7394297380642,0.6026451445564781,0.0872499120581381,0.8091805278609421,1.0235146064019318e-11,-7.675859947653407e-12,3,1.0000000000000004,4940021.113184165,312.05991014021737,0.6026451445564781,0.0872499120581381,0.0010825672352146245,2.9208001850642746e-05,-2.1330679509329567e-07,0.060264514455647865,2.6969712597120956e-11
439314672863.02704,802853886.3823782,0.13498861638588538,0.0010828326363117326,2849.8259823489225,0.6025054320524911,0.08733489675489325,0.8092427929151658,9.911849119248473e-12,-1.3412604360496516e-12,3,1.0000000000000004,4940317.038083218,311.9130654936256,0.6025054320524911,0.08733489675489325,0.001083045104438744,2.9189838544058685e-05,-2.124411682339097e-07,0.060250543205249134,2.694804461822162e-11
440117902276.083,803229413.056011,0.135010190999318,0.0010833169284415244,2849.9168364618627,0.6023658313752553,0.08741959664077065,0.8093107169149238,9.541256673628595e-12,2.516653552220305e-12,3,1.0000000000000004,4940614.188835835,311.76687073622077,0.6023658313752553,0.08741959664077065,0.0010835284267631331,2.917179698311852e-05,-2.114713847693329e-07,0.06023658313752548,2.6926503311174882e-11
440921473668.18445,803571392.1013793,0.13503168394593484,0.001083807718116813,2850.012720849193,0.6022263479582503,0.08750400801003327,0.8093868800185255,9.119593968875961e-12,-7.107203714440402e-12,3,1.0000000000000004,4940912.801559157,311.62141064098284,0.6022263479582503,0.08750400801003327,0.0010840181346399819,2.9153894669487058e-05,-2.1038960817911475e-07,0.06022263479582506,2.690510603705454e-11
441725349360.00995,803875691.8254905,0.13505304399568435,0.0010843106723014049,2850.1178944131834,0.6020869877235736,0.08758812668649467,0.809942596047275,8.346212609922077e-12,7.954970016044172e-12,3,1.0000000000000004,4941214.146486972,311.47710832046585,0.6020869877235736,0.08758812668649467,0.0010845191407345472,2.913622062172711e-05,-2.0844154015164045e-07,0.060208698772357384,2.6883940934210945e-11
442529253538.3139,803904178.3039347,0.13507427883004092,0.0010848221744667855,2850.229889987122,0.6019477976447093,0.08767192374432545,0.8093756831417664,7.891687303640538e-12,-5.427769345089928e-12,3,1.0000000000000004,4941517.67054477,311.3338614245386,0.6019477976447093,0.08767192374432545,0.0010850295520284808,2.9118748995823074e-05,-2.073506901505723e-07,0.06019477976447089,2.6862983464915808e-11
443333467705.04126,804214166.7274349,0.1350954270628981,0.0010853404350389339,2850.3471176361345,0.6018087284575698,0.08775542851745985,0.80947506905793,7.438272220383624e-12,8.399947404313934e-13,3,1.0000000000000004,4941822.7386507895,311.19137468268826,0.6018087284575698,0.08775542851745985,0.0010855467019005901,2.9101421914482794e-05,-2.0624001140828493e-07,0.06018087284575697,2.6842174931746933e-11
444137942589.1756,804474884.1343533,0.1351164750169147,0.001085866753941732,2850.470568728573,0.601669788165666,0.08783863574210443,0.8095875612956771,6.914024908155625e-12,-5.392908342116698e-12,3,1.0000000000000004,4942129.642905324,311.04975452537593,0.601669788165666,0.08783863574210443,0.0010860717564631771,2.9084261294942316e-05,-2.0497569240024632e-07,0.06016697881656652,2.682153707538504e-11
444942622364.26154,804679775.086014,0.13513740573877447,0.0010864024253444513,2850.601263783398,0.6015309857823914,0.08792153951488127,0.8096897102793932,6.325384660499367e-12,-1.6225909504896663e-12,3,1.0000000000000004,4942438.71027639,310.90912061108435,0.6015309857823914,0.08792153951488127,0.0010866060269729158,2.906729170158715e-05,-2.0357482049809262e-07,0.06015309857823913,2.68010942853704e-11
445747456309.484,804833945.2224298,0.13515821232392997,0.0010869471484003302,2850.739069859548,0.601392329370671,0.08800413452186592,0.8096323395045957,5.767608612927688e-12,-1.8151147251899147e-11,3,1.0000000000000004,4942749.914046671,310.7694750950622,0.601392329370671,0.08800413452186592,0.001087149457288372,2.905051299213538e-05,-2.022821009261039e-07,0.06013923293706709,2.67808464564518e-11
446552472974.7183,805016665.2342976,0.1351788801341951,0.0010875032039780973,2850.8856278053945,0.6012538133001403,0.08808642358635375,0.8099926204763186,5.023093052614058e-12,1.0015543949748462e-11,3,1.0000000000000004,4943063.701423539,310.6309509750326,0.6012538133001403,0.08808642358635375,0.001087703761081072,2.9033953886422176e-05,-2.0053033669038594e-07,0.06012538133001412,2.6760821681416308e-11
447357493307.03906,805020332.320802,0.13519936490834308,0.001088074273885498,2851.0438055952673,0.601115467366666,0.08816838827638762,0.8101942006177865,4.128475339371107e-12,5.42343947529389e-12,3,1.0000000000000004,4943381.023404949,310.49390438023664,0.601115467366666,0.08816838827638762,0.001088272772176456,2.9017687237542522e-05,-1.984715453733137e-07,0.060111546736666556,2.6741092500740162e-11
448162417153.34753,804923846.3084785,0.13521963703042666,0.0010886628677664113,2851.2155444193277,0.6009773075528292,0.08825001833868229,0.8104749282811241,3.0744295997919835e-12,1.2311707209278211e-11,3,1.0000000000000004,4943702.491129737,310.3585565663464,0.6009773075528292,0.08825001833868229,0.001088858957997164,2.9001758591143327e-05,-1.9606350570172736e-07,0.060097730755282935,2.672170407131358e-11
448967105127.3885,804687974.0409753,0.13523966180175492,0.0010892728747636392,2851.40373827605,0.6008393562766737,0.08833129960278933,0.8108184472443991,1.815214645262131e-12,-2.4471424886485238e-11,3,1.0000000000000004,4944029.044112018,310.22524850467533,0.6008393562766737,0.08833129960278933,0.0010894661099715493,2.8986237876353733e-05,-1.9320850320675345e-07,0.060083935627667416,2.670272590984585e-11
449771386869.34454,804281741.9560179,0.13525939875983498,0.0010899076943102096,2851.611016026711,0.6007016409451046,0.08841221488340925,0.8111521254683396,3.5793590313915047e-13,-8.238076887323587e-12,3,1.0000000000000004,4944361.523888014,310.09429457811683,0.6007016409451046,0.08841221488340925,0.0010900976704115324,2.8971189275854512e-05,-1.8994941671103416e-07,0.06007016409451041,2.6684221805453243e-11
450575097224.79913,803710355.4546723,0.13527880316177815,0.0010905709412230733,2851.8401872022855,0.6005641877440157,0.08849274764990168,0.8115083373338994,-1.322608689235949e-12,-1.422528761452213e-12,3,1.0000000000000004,4944700.811946791,309.9660181289208,0.6005641877440157,0.08849274764990168,0.0010907572431771708,2.8956679123940113e-05,-1.8627528928223837e-07,0.060056418774401536,2.66662575391384e-11
451378060311.1822,802963086.3829861,0.13529783775165719,0.0010912630716351033,2852.091912665695,0.6004270245013933,0.08857288049464675,0.811724834570704,-3.0653257709900572e-12,-2.367883666920534e-12,3,1.0000000000000004,4945047.047383227,309.84049762004634,0.6004270245013933,0.08857288049464675,0.0010914455443119162,2.8942722691696368e-05,-1.8244603130977795e-07,0.06004270245013936,2.6648848130535315e-11
452180169835.52704,802109524.3447824,0.13531643629087206,0.0010919926582624111,2852.3724574637276,0.6002901667034,0.08865260295581748,0.8123880808341699,-5.203615316418109e-12,-1.1254441822927674e-11,3,1.0000000000000004,4945402.2071170155,309.71839670585905,0.6002901667034,0.08865260295581748,0.0010921704415303793,2.892945856332226e-05,-1.7775664151980132e-07,0.060029016670340024,2.6632130627896626e-11
452981099559.1129,800929723.5858839,0.13533452644280383,0.0010927652685664058,2852.6861754388487,0.6001536668991769,0.08873188280790695,0.8130810440210023,-7.759126674500294e-12,-5.592970531154151e-12,3,1.0000000000000004,4945767.6452926025,309.6002328424294,0.6001536668991769,0.08873188280790695,0.001092937564111683,2.8916991987078918e-05,-1.7226893754630952e-07,0.06001536668991767,2.6616209682598327e-11
453780510343.14465,799410784.0318168,0.13535239817902514,0.0010935437494374743,2853.0057277997553,0.6000175802015459,0.0888106873765683,0.8070712066710062,-8.04667443787821e-12,-2.0486945473408014e-12,3,1.0000000000000004,4946135.902703095,309.4836868280807,0.6000175802015459,0.0888106873765683,0.0010937181526370703,2.890482722139882e-05,-1.7437660779817008e-07,0.06000175802015461,2.660059718076961e-11
454581370310.7765,800859967.6318823,0.13537201771751933,0.001094113289389983,2853.170352979934,0.5998814092358035,0.08888931507736827,0.7908872524942101,1.6608936448392342e-12,-9.874434603318605e-12,3,1.0000000000000004,4946450.837389174,309.3534897694524,0.5998814092358035,0.08888931507736827,0.0010943052763196708,2.8889370788414187e-05,-1.919603459502199e-07,0.059988140923580346,2.6581920284066583e-11
455391849386.10297,810479075.3265148,0.13539206980639718,0.0010946816843509107,2853.32952029878,0.5997437718946503,0.08896856369914019,0.8081652679015061,2.1187496201946487e-12,7.143174940438257e-13,3,1.0000000000000004,4946762.47254634,309.22030414815146,0.5997437718946503,0.08896856369914019,0.0010948748798836085,2.8873348344023785e-05,-1.931689677018251e-07,0.059974377189465085,2.6562676856606665e-11
456203247932.3722,811398546.2691861,0.13541221361633748,0.0010952421230021527,2853.482386847148,0.5996061487373169,0.0890475778676107,0.8083318098206504,2.3845370122899112e-12,-4.958922161790724e-12,3,1.0000000000000004,4947071.911461491,309.08645915899115,0.5996061487373169,0.0890475778676107,0.001095436008784203,2.8857181769838522e-05,-1.938592361455817e-07,0.059960614873731805,2.6543292997684528e-11
457015483306.6838,812235374.3115672,0.13543242031087557,0.0010957968343884954,2853.630715182548,0.5994685544637862,0.08912634911919189,0.8084572751532182,2.5359714328487826e-12,-5.626499266497831e-12,3,1.0000000000000004,4947379.785267594,308.9521846453229,0.5994685544637862,0.08912634911919189,0.0010959911764497187,2.8840918378552173e-05,-1.943155346285897e-07,0.05994685544637862,2.6523815823445357e-11
457828493278.8134,813009972.1295328,0.13545269375895416,0.0010963447721970023,2853.7737890931626,0.5993310002637753,0.089204871107932,0.8084528857477125,2.6973978606292803e-12,1.574118613234532e-11,3,1.0000000000000004,4947685.880189795,308.8174307012076,0.5993310002637753,0.089204871107932,0.0010965395652324133,2.8824546795593047e-05,-1.9476652821921686e-07,0.059933100026377556,2.6504234399053163e-11
458642280796.64087,813787517.8274726,0.13547302103013273,0.0010968875390140688,2853.9127934973144,0.5991934861830016,0.08928314379739159,0.8084225792959199,2.8332891588433995e-12,1.007238736860927e-11,3,1.0000000000000004,4947990.599689894,308.6823302066177,0.5991934861830016,0.08928314379739159,0.0010970827396078466,2.880809489024148e-05,-1.9517410609365367e-07,0.059919348618300255,2.6484576359861494e-11
459456861872.0273,814581075.38645,0.1354934300965669,0.0010974218475310802,2854.045301301106,0.5990560101658342,0.089361168470001,0.8080660589271371,3.1581404158487203e-12,-2.475797344914099e-13,3,1.0000000000000004,4948293.229550298,308.54665068079385,0.5990560101658342,0.089361168470001,0.001097617851402263,2.8791513755280688e-05,-1.959774029236544e-07,0.059905601016583404,2.64647934806927e-11
460272417131.6014,815555259.5741282,0.13551392120833952,0.001097949114654809,2854.1722383766573,0.5989185425039981,0.08943896208726598,0.8083810398851199,3.3351099659739702e-12,6.1171068210796875e-12,3,1.0000000000000004,4948593.981499085,308.4104120586703,0.5989185425039981,0.08943896208726598,0.0010981455645703484,2.8774810135131555e-05,-1.964234669858256e-07,0.05989185425039981,2.644489178656747e-11
461088788646.7279,816371515.1265945,0.13553445699855263,0.0010984725374455725,2854.296081412419,0.5987811103816767,0.08951650915055542,0.8085470575014408,3.376188217885101e-12,1.3068879312072568e-11,3,1.0000000000000004,4948893.661616403,308.2739196248567,0.5987811103816767,0.08951650915055542,0.001098669157507085,2.8758046291961527e-05,-1.9659363287068455e-07,0.05987811103816763,2.642493333945053e-11
461905893334.07275,817104687.3448776,0.13555503184213943,0.0010989919407356887,2854.4167794186787,0.5986437282251069,0.08959380144692705,0.8084857204548879,3.431699369116359e-12,-6.5598637633002e-12,3,1.0000000000000004,4949192.291887299,308.13720508367146,0.5986437282251069,0.08959380144692705,0.001099188763444076,2.8741227730828483e-05,-1.9679629969218872e-07,0.05986437282251068,2.6404923938553414e-11
462723762874.8053,817869540.7324882,0.13557564519307402,0.0010995076213545557,2854.534534431464,0.5985063911331404,0.08967084167970903,0.8085187727657761,3.4650060598551136e-12,-1.5595302826909574e-12,3,1.0000000000000004,4949489.935708454,308.00028159859244,0.5985063911331404,0.08967084167970903,0.0010997045904020209,2.8724357615108003e-05,-1.9694265878880207e-07,0.05985063911331411,2.6384866637087087e-11
463542381251.764,818618376.9587047,0.13559629151463304,0.0011000200175951523,2854.6496924432586,0.5983691021935111,0.08974762803215665,0.8085383591815987,3.4798830483850907e-12,9.513723142617891e-12,3,1.0000000000000004,4949786.70746418,307.86319135717065,0.5983691021935111,0.08974762803215665,0.0011002170848919998,2.8707444638480292e-05,-1.9704092824971344e-07,0.05983691021935112,2.636477009284513e-11
464361739226.1407,819357974.3767158,0.13561696378349294,0.0011005298196953375,2854.7627779500444,0.5982318633091647,0.08982415932797787,0.8085819198921929,3.4514613389546867e-12,1.1309619907251545e-11,3,1.0000000000000004,4950082.777655732,307.7259923789067,0.5982318633091647,0.08982415932797787,0.00110072691169408,2.8690500943723102e-05,-1.970656502976381e-07,0.05982318633091647,2.6344646322956908e-11
465181815375.27765,820076149.1370349,0.13563764427181724,0.0011010388222036417,2854.875143135462,0.5980946783446258,0.08990043323735565,0.8088196243316581,3.3033575874696908e-12,1.670774629758398e-11,3,1.0000000000000004,4950378.5501314765,307.58882016945694,0.5980946783446258,0.08990043323735565,0.0011012356719885656,2.8673554909642255e-05,-1.9682345676342714e-07,0.05980946783446261,2.6324523352953873e-11
466002489707.8611,820674332.5834041,0.13565833165665167,0.0011015462413866944,2854.986294905275,0.5979575675536262,0.08997643833952565,0.8085973081384257,3.240074875066057e-12,7.959188863537747e-12,3,1.0000000000000004,4950673.922299713,307.45167614189586,0.5979575675536262,0.08997643833952565,0.0011017430429792017,2.8656605075699205e-05,-1.9677528453800604e-07,0.05979575675536257,2.6304400252198424e-11
466823875553.0822,821385845.2210727,0.13567903511869184,0.0011020517744242692,2855.0959419740193,0.597820512248632,0.09005218489611361,0.8086282379804466,3.1668001554407965e-12,-1.9354073899080504e-11,3,1.0000000000000004,4950968.789572565,307.31449562365066,0.597820512248632,0.09005218489611361,0.0011022485050108343,2.863963940519032e-05,-1.9670429881030735e-07,0.059782051224863186,2.6284264719908607e-11
467645957805.1334,822082252.0512791,0.1356997656478398,0.00110255408281104,2855.2031038813484,0.5976835152455654,0.0901276712598934,0.8083827504612451,3.198552533945076e-12,-5.529687818750517e-12,3,1.0000000000000004,4951262.877966343,307.1771966309894,0.5976835152455654,0.0901276712598934,0.0011027509683462638,2.862264028002259e-05,-1.9685926759765455e-07,0.059768351524556534,2.626409952802427e-11
468468861974.68066,822904169.5473064,0.13572052702491286,0.0011030535415161062,2855.3079863431026,0.5975465560146133,0.09020290866648879,0.8085594616069613,3.15725223742902e-12,-6.838418720178652e-12,3,1.0000000000000004,4951556.213356857,307.0397532764783,0.5975465560146133,0.09020290866648879,0.0011032504185708287,2.8605604035086026e-05,-1.9685080733904956e-07,0.05975465560146137,2.6243900581740674e-11
469292498865.558,823636890.8773623,0.13574130175750254,0.0011035513445047647,2855.411548206935,0.5974096497086204,0.09027788862124282,0.8086355099412579,3.062439191126032e-12,-1.9311219290329973e-12,3,1.0000000000000004,4951849.095484479,306.90228616493084,0.5974096497086204,0.09027788862124282,0.0011037481034067017,2.8588554947997184e-05,-1.9673267486544882e-07,0.05974096497086204,2.6223692117822236e-11
470116830365.21906,824331499.6610218,0.13576208132028889,0.0011040482109343777,2855.514345629784,0.5972728028829035,0.09035260735455417,0.8086779328120297,2.929434472775938e-12,-2.224553874441426e-12,3,1.0000000000000004,4952141.711641659,306.7648659364219,0.5972728028829035,0.09035260735455417,0.0011042447865643344,2.8571507405747452e-05,-1.9654942323413745e-07,0.059727280288290406,2.6203488446073755e-11
470941835418.91406,825005053.6950165,0.13578288266167018,0.0011045420344402695,2855.6148398559917,0.597136019288974,0.09042706273946796,0.8084249904227736,2.921218822393712e-12,7.962519532611623e-12,3,1.0000000000000004,4952433.609483371,306.62735592988554,0.597136019288974,0.09042706273946796,0.001104738670623352,2.8554432106178656e-05,-1.966099965951978e-07,0.05971360192889737,2.6183260899548675e-11
471767643737.35785,825808318.4438692,0.1358037266455283,0.0011050312050124261,2855.7117739594273,0.5969992778170244,0.09050126626933784,0.8082498928474458,2.9949376312288223e-12,-9.528600131147869e-12,3,1.0000000000000004,4952724.397472862,306.489597359723,0.5969992778170244,0.09050126626933784,0.0011052280731472996,2.8537297259896516e-05,-1.9684196858641436e-07,0.059699927781702446,2.616297776353819e-11
472594345635.59064,826701898.2328441,0.1358245633531857,0.0011055219478492858,2855.809696956214,0.5968625638077327,0.09057522559683233,0.8089916618547743,2.702060797332706e-12,3.199218667759851e-12,3,1.0000000000000004,4953015.428896242,306.35199356126304,0.5968625638077327,0.09057522559683233,0.0011057183058617262,2.852018968597463e-05,-1.963318667292198e-07,0.059686256380773337,2.6142723897868306e-11
473421562579.59515,827216944.0044672,0.13584536189853624,0.001106015410437287,2855.9096730862834,0.5967259398542824,0.0906489064657812,0.8090359306101025,2.355893258254582e-12,-1.801225835151854e-12,3,1.0000000000000004,4953307.080555209,306.2147678910747,0.5967259398542824,0.0906489064657812,0.0011062111733900622,2.8503151249160756e-05,-1.9573682762750287e-07,0.05967259398542827,2.6122541932593953e-11
474249272244.0504,827709664.455263,0.13586611757791747,0.0011065119084649124,2856.0119532890844,0.5965894095042924,0.09072230667611636,0.8090769486324145,1.986188991054405e-12,-6.137312880127865e-12,3,1.0000000000000004,4953599.440232007,306.0779529174237,0.5965894095042924,0.09072230667611636,0.0011067070390468473,2.848618858961241e-05,-1.9510447729885205e-07,0.059658940950429215,2.6102438411446216e-11
475077453928.3499,828181684.2995113,0.13588682583330788,0.0011070118272182884,2856.1168314993247,0.59645297599992,0.09079542418812969,0.809125072220862,1.5911716388927744e-12,2.0337065365083618e-12,3,1.0000000000000004,4953892.600122443,305.94158200877285,0.59645297599992,0.09079542418812969,0.0011072062836030739,2.8469308541332445e-05,-1.944303006039752e-07,0.05964529759999206,2.60824200560267e-11
475906083258.76154,828629330.411675,0.13590748166352312,0.0011075155785798985,2856.224623014106,0.5963166431490013,0.09086825665305269,0.8091776779184379,1.1664003096711895e-12,5.625944154985518e-12,3,1.0000000000000004,4954186.658504119,305.8056912745453,0.5963166431490013,0.09086825665305269,0.0011077093162224871,2.8452518472081092e-05,-1.9371157880269184e-07,0.05963166431490016,2.6062494118911252e-11
476735133527.11127,829050268.3497112,0.13592815317921378,0.0011080142932048058,2856.3288930272074,0.596180415319346,0.09094080172270443,0.8074936334867555,1.4670487047396819e-12,-3.701705608705197e-12,3,1.0000000000000004,4954479.774875925,305.6697083082309,0.596180415319346,0.09094080172270443,0.0011082087713680507,2.843569666389377e-05,-1.9445211907821416e-07,0.059618041531934604,2.6042541336576768e-11
477565469436.5166,830335909.4053823,0.135948869596096,0.0011085108350861455,2856.431183806182,0.5960441510474118,0.09101313477838137,0.8091640708862702,1.1570744362643381e-12,-5.112688050701308e-12,3,1.0000000000000004,4954772.163851712,305.53346439556464,0.5960441510474118,0.09101313477838137,0.0011087047912029316,2.841881980184967e-05,-1.939300929682487e-07,0.059604415104741126,2.602253529970215e-11
478396234135.838,830764699.321476,0.1359695302106616,0.0011090115849299504,2856.5366639592557,0.5959079909553994,0.09108518060985588,0.8091981347491117,7.081002451059248e-13,1.2004397476061968e-11,3,1.0000000000000004,4955065.502306264,305.39772113583274,0.5959079909553994,0.09108518060985588,0.0011092047956849848,2.8402037046426436e-05,-1.931847516235026e-07,0.059590799095539965,2.6002625738560996e-11
479227410351.4286,831176215.5904875,0.1359901315404789,0.00110951659718868,2856.645401647324,0.5957719376117676,0.09115693754619068,0.8092187422925612,2.431388423929093e-13,3.770983525441807e-12,3,1.0000000000000004,4955359.853019972,305.26250129989455,0.5957719376117676,0.09115693754619068,0.0011097090483781437,2.8385353033078906e-05,-1.9242520637673313e-07,0.059577193761176796,2.5982817189830598e-11
480058987698.4654,831577347.0367979,0.1360106721937948,0.0011100259448346415,2856.7574549021488,0.5956359924414529,0.09122840452566396,0.8092351395927455,-2.3148150063434514e-13,7.1453953864875075e-12,3,1.0000000000000004,4955655.234998178,305.12781171242665,0.5956359924414529,0.09122840452566396,0.0011102176308796965,2.8368769150271143e-05,-1.9166008220113559e-07,0.05956359924414529,2.596311096437347e-11
480890957941.42163,831970242.956307,0.13603115094586066,0.0011105397334342782,2856.8729008648334,0.5955001565067848,0.0912995806785291,0.80925624909578,-7.164269177906135e-13,6.42130792982698e-12,3,1.0000000000000004,4955951.6723066885,304.99366045757483,0.5955001565067848,0.0912995806785291,0.0011107306446972863,2.8352287046230202e-05,-1.9088532029508563e-07,0.05955001565067851,2.594350863255716e-11
481723310409.7322,832352468.3105081,0.13605156709411723,0.0011110578699498972,2856.9916833854195,0.595364431261856,0.09137046493827786,0.8092506560697377,-1.201816424156732e-12,-1.226796442210798e-13,3,1.0000000000000004,4956249.146743943,304.86004241899116,0.595364431261856,0.09137046493827786,0.0011112480210389972,2.8335905616335373e-05,-1.901251664260744e-07,0.05953644312618563,2.592400904722966e-11
482556048156.66156,832737746.9294344,0.13607192055661224,0.0011115803786760027,2857.113815278185,0.5952288159223761,0.09144105741282006,0.8092655415237182,-1.6940893132755264e-12,-2.8132052243279304e-11,3,1.0000000000000004,4956547.661177961,304.72695595804055,0.5952288159223761,0.09144105741282006,0.0011117697668613356,2.8319624610985483e-05,-1.8936228260423947e-07,0.059522881592237634,2.5904611873268026e-11
483389163698.3688,833115541.7072625,0.13609221107535674,0.0011121071754279538,2857.239241488058,0.5950933114217649,0.09151135731743681,0.8092618827837406,-2.188360603838646e-12,-1.065092458674144e-11,3,1.0000000000000004,4956847.197946473,304.59439549620276,0.5950933114217649,0.09151135731743681,0.0011122958134586283,2.830344284650728e-05,-1.8861214779224e-07,0.059509331142176464,2.5885315885265737e-11
484222659090.3955,833495392.0267125,0.13611243540844595,0.001112638957137639,2857.3684398553805,0.5949579171231778,0.09158136465777866,0.8093795693386863,-2.7353674880714607e-12,-1.0275225115208286e-11,3,1.0000000000000004,4957147.904863795,304.46240533687404,0.5949579171231778,0.09158136465777866,0.0011128267564718458,2.8287369743593577e-05,-1.8777347112007045e-07,0.05949579171231778,2.5866130236826e-11
485056473879.55927,833814789.1637021,0.13613258917436816,0.0011131758407958501,2857.501527200527,0.5948226425007174,0.09165107420192033,0.8093687518806458,-3.2852609521683007e-12,-6.905365168563549e-12,3,1.0000000000000004,4957449.824198729,304.33101247902016,0.5948226425007174,0.09165107420192033,0.001113362813425313,2.827141031003277e-05,-1.8694678606005872e-07,0.05948226425007173,2.5847059958700723e-11
485890613762.4635,834139882.9042989,0.1361526747966513,0.0011137175519380252,2857.6382976564614,0.5946874862842856,0.09172048630433574,0.8093556004562519,-3.828826145024777e-12,-9.671374812114664e-12,3,1.0000000000000004,4957752.892733662,304.20019368238627,0.5946874862842856,0.09172048630433574,0.0011139037225797298,2.825555976969137e-05,-1.86144817868558e-07,0.0594687486284286,2.5828100265265864e-11
486725085645.5483,834471883.0847906,0.13617269421131184,0.001114263881954723,2857.7785929978254,0.5945524470253073,0.09178960141691396,0.8093405054476754,-4.367950445782753e-12,-2.9465319073551655e-12,3,1.0000000000000004,4958057.061032758,304.06992942520606,0.5945524470253073,0.09178960141691396,0.0011144492751577425,2.8239814196353728e-05,-1.8536739863919283e-07,0.05945524470253076,2.5809247183767354e-11
487559897445.8825,834811800.3342649,0.1361926475579909,0.0011148148567929877,2857.92242440184,0.5944175231228987,0.09185842006360191,0.8093566374045569,-4.913625062386018e-12,-6.267208974009009e-13,3,1.0000000000000004,4958362.330942824,303.9402162821718,0.5944175231228987,0.09185842006360191,0.0011149994704009085,2.8224173045937222e-05,-1.845878228984658e-07,0.05944175231228996,2.5790500064485847e-11
488395040978.83673,835143532.9542072,0.1362125343469884,0.0011153705169999542,2858.069818956938,0.5942827155801428,0.09192694143497747,0.8093821726729011,-5.470179864630609e-12,-6.519007555993994e-12,3,1.0000000000000004,4958668.709927525,303.8110563807652,0.5942827155801428,0.09192694143497747,0.001115554341868108,2.8208636793260085e-05,-1.8379910239551673e-07,0.059428271558014376,2.577185929341606e-11
489230503196.886,835462218.049287,0.1362323548598262,0.0011159312253867216,2858.2210019500517,0.594148026163188,0.09199516431988351,0.8094201489616815,-6.0428329007322645e-12,6.976863531349409e-12,3,1.0000000000000004,4958976.279991518,303.6824778760602,0.594148026163188,0.09199516431988351,0.001116114236127836,2.8193211153795176e-05,-1.8298499452728677e-07,0.05941480261631878,2.5753330479099526e-11
490066264614.86566,835761417.9796743,0.13625211034362575,0.0011164965667627138,2858.375690158665,0.5940134576680138,0.09206308700518126,0.8093288862698333,-6.608380509476319e-12,1.7614798508702734e-12,3,1.0000000000000004,4959284.960868517,303.5544586040569,0.5940134576680138,0.09206308700518126,0.0011166788396298304,2.8177891292498104e-05,-1.8224713958579963e-07,0.059401345766801415,2.5734908863003786e-11
490902372477.1305,836107862.26493,0.13627181492379423,0.0011170647303398787,2858.5325729357096,0.5938790022293998,0.09213071325852511,0.8091492866013628,-7.066236484831734e-12,-1.5788703677799276e-11,3,1.0000000000000004,4959594.340886744,303.4268555353708,0.5938790022293998,0.09213071325852511,0.0011172464300660294,2.8162647742999435e-05,-1.8167401747894787e-07,0.05938790022294007,2.5716565335134856e-11
491738919752.3164,836547275.1858715,0.13629148008820477,0.00111763496570328,2858.691047501488,0.5937446447342268,0.09219805049254132,0.8090417551176454,-7.480238650714455e-12,8.521405803207927e-12,3,1.0000000000000004,4959904.238093884,303.29958679675354,0.5937446447342268,0.09219805049254132,0.0011178161849490038,2.8147464432862103e-05,-1.8119355580011497e-07,0.05937446447342265,2.5698283785335112e-11
492575962292.3745,837042540.0581309,0.13631111194264017,0.0011182068615440402,2858.8507851730187,0.5936103761220548,0.09226510304398133,0.8089976535896604,-7.880029961881974e-12,-4.228062344679984e-12,3,1.0000000000000004,4960214.552074418,303.1726054700986,0.5936103761220548,0.09226510304398133,0.001118387641306748,2.8132332242532637e-05,-1.8075409146403413e-07,0.05936103761220549,2.568005503180833e-11
493413523218.8956,837560926.521074,0.13633071437667602,0.0011187805442323512,2859.0118245130543,0.5934761926200167,0.09233187256832232,0.8090256475856705,-8.29780688604842e-12,-3.7247982476174e-13,3,1.0000000000000004,4960525.304606773,303.0459124074633,0.5934761926200167,0.09233187256832232,0.001118960865393378,2.811725157737275e-05,-1.8029550843085446e-07,0.059347619262001626,2.566187938822404e-11
494251588353.13196,838065134.2363983,0.13635029147180946,0.0011193552054323795,2859.173605057889,0.5933420964537489,0.09239835775658836,0.8088858952093325,-8.658185279841746e-12,-9.361289521336857e-12,3,1.0000000000000004,4960836.327776487,302.91945808566186,0.5933420964537489,0.09239835775658836,0.001119535172389545,2.810221185466225e-05,-1.7994132311059835e-07,0.05933420964537487,2.5643746512150546e-11
495090230435.9259,838642082.7939672,0.13636985408323543,0.0011199299131537275,2859.335417362077,0.5932080760093215,0.09246456421409122,0.8087935944589564,-8.976264176396853e-12,-9.351075469510306e-12,3,1.0000000000000004,4961147.404463929,302.79315576401314,0.5932080760093215,0.09246456421409122,0.0011201096042402772,2.808719571149512e-05,-1.796654709633921e-07,0.059320807600932175,2.5625639137786867e-11
495929497749.59595,839267313.6699901,0.13638937630862724,0.0011205081899668067,2859.4997804072373,0.5930741235294797,0.09253049540810473,0.8091820589972709,-1.0252687587808396e-11,-5.6057380959373404e-12,3,1.0000000000000004,4961459.31272173,302.66723190595917,0.5930741235294797,0.09253049540810473,0.0011206872992859797,2.807225193906262e-05,-1.790837230565024e-07,0.05930741235294804,2.5607604621218585e-11
496769189132.085,839691382.4890141,0.13640929795477827,0.00112103966416834,2859.629958666541,0.5929402725167048,0.09259613700844131,0.8028433856610562,-7.048139849530344e-12,5.659250845724273e-12,3,1.0000000000000004,4961760.992678589,302.53833650275556,0.5929402725167048,0.09259613700844131,0.0011212230460341836,2.8056666407883253e-05,-1.8335628479741097e-07,0.059294027251670454,2.5588947546037204e-11
497612614751.4717,843425619.3867074,0.13642931403636258,0.0011215752037523003,2859.761614358668,0.5928059970633016,0.0926617462993505,0.8088305256115369,-7.486011810442506e-12,4.937605879717921e-12,3,1.0000000000000004,4962063.227363438,302.4089246275709,0.5928059970633016,0.0926617462993505,0.0011217582726441141,2.8041006350288003e-05,-1.8304333000229187e-07,0.05928059970633023,2.5570207735133707e-11
498456649898.0366,844035146.5649929,0.13644930456117743,0.0011221123455817706,2859.894432607453,0.5926717954307765,0.09272707847688778,0.8089647890452412,-7.910005983546853e-12,5.142553050063725e-13,3,1.0000000000000004,4962365.859632509,302.2797714891339,0.5926717954307765,0.09272707847688778,0.0011222949347925214,2.80253927302338e-05,-1.8256366811076222e-07,0.059267179543077655,2.5551515913331303e-11
499301224916.726,844575018.6894205,0.13646926150219169,0.0011226518687648239,2860.028992457493,0.5925376786187391,0.09279212789445566,0.8089840990155306,-8.364087200618542e-12,1.3700818257689207e-11,3,1.0000000000000004,4962669.0974642625,302.1509600853204,0.5925376786187391,0.09279212789445566,0.0011228339443548302,2.8009842025339433e-05,-1.8205006650773886e-07,0.05925376786187392,2.5532888463590917e-11
500146330066.59973,845105149.8737532,0.13648917822436918,0.0011231943713205996,2860.1657421886853,0.5924036480570558,0.09285689356274891,0.8091055263281799,-8.870348899847613e-12,2.5721647034515627e-12,3,1.0000000000000004,4962973.074682892,302.02253286500127,0.5924036480570558,0.09285689356274891,0.0011233758541736212,2.7994363175086924e-05,-1.8145734865058552e-07,0.059240364805705596,2.551433407578169e-11
500991902223.23395,845572156.6342793,0.13650905938662652,0.001123738852144918,2860.303993484088,0.5922697136299295,0.09292137046767943,0.8089543984679537,-9.316103444234614e-12,4.022115973612017e-12,3,1.0000000000000004,4963277.582810341,301.8944404305838,0.5922697136299295,0.09292137046767943,0.0011239198499274129,2.797894497323136e-05,-1.8097229712169402e-07,0.05922697136299296,2.5495841993256452e-11
501838020669.02625,846118445.7921995,0.13652891202395204,0.0011242850846259014,2860.4435268871043,0.5921358626901616,0.0929855644864092,0.8089323295934481,-9.754863583566475e-12,3.3091307471977416e-12,3,1.0000000000000004,4963582.563078018,301.7666439849145,0.5921358626901616,0.0929855644864092,0.0011244656191956434,2.7963580209344975e-05,-1.8050910330440058e-07,0.059213586269016204,2.5477404867157737e-11
502684697305.9725,846676636.9462322,0.13654873910812884,0.0011248326074478625,2860.584016561463,0.5920020933048379,0.0930494763263537,0.8088483779977729,-1.0160761121369433e-11,3.9819259001205864e-12,3,1.0000000000000004,4963887.917501064,301.6391089140992,0.5920020933048379,0.0930494763263537,0.0011250127378044713,2.794826183010032e-05,-1.8010490902217071e-07,0.05920020933048374,2.5459015703413444e-11
503531976469.0859,847279163.1134356,0.13656854470378632,0.0011253811457846276,2860.7252442648273,0.5918683984571861,0.09311310912812407,0.8088292685615173,-1.0559553231814789e-11,2.964739564959018e-12,3,1.0000000000000004,4964193.580664175,301.51180291010127,0.5918683984571861,0.09311310912812407,0.0011255608899525867,2.793298363416722e-05,-1.79718739174544e-07,0.059186839845718646,2.5440668243750202e-11
504379868603.13745,847892134.0515198,0.1365883197352103,0.0011259319474726853,2860.8680969208,0.5917347764805846,0.09317646341739086,0.8091601286230876,-1.1074363648333474e-11,3.0464519795714295e-12,3,1.0000000000000004,4964499.803727154,301.38479969596455,0.5917347764805846,0.09317646341739086,0.0011261110988261779,2.791776141568881e-05,-1.7912594358388116e-07,0.05917347764805845,2.542237779647661e-11
505228200659.78125,848332056.6438665,0.13660806334451303,0.0011264839361950303,2861.011898264706,0.5916012545287369,0.093239526065171,0.8085823621772903,-1.1443068714811488e-11,7.785994071696223e-12,3,1.0000000000000004,4964806.422904676,301.2580933418649,0.5916012545287369,0.093239526065171,0.0011266628256515368,2.7902591556934752e-05,-1.7886406525545455e-07,0.05916012545287366,2.5404141506784352e-11
506077276055.0163,849075395.2351062,0.13662782283367458,0.001127033255721628,2861.1537046555904,0.5914677849828074,0.09330231955300437,0.8082919779328623,-1.1629475160646052e-11,-1.0161760322091595e-11,3,1.0000000000000004,4965112.551229396,301.13133404459626,0.5914677849828074,0.09330231955300437,0.0011272121301672032,2.7887403988311322e-05,-1.7884907279214798e-07,0.05914677849828072,2.538588994242652e-11
506927248078.0947,849972023.0783362,0.13664760424530784,0.0011275799764790195,2861.2934999177355,0.5913343440482296,0.09336485495032189,0.8082738703341086,-1.1815326494968303e-11,5.210498699170785e-12,3,1.0000000000000004,4965418.182594472,301.0044809425053,0.5913343440482296,0.09336485495032189,0.0011277588429743093,2.7872192129912742e-05,-1.7884114099627233e-07,0.05913343440482295,2.536761609837787e-11
507778127206.7376,850879128.6428337,0.13666737923123598,0.0011281275289718783,2861.4337584991877,0.5912009303311586,0.09342713256911588,0.8088553503371454,-1.2256196058046953e-11,-8.206657575726695e-12,3,1.0000000000000004,4965724.054135803,300.8777563608495,0.5912009303311586,0.09342713256911588,0.001128306001215849,2.7857003350232077e-05,-1.784469084313121e-07,0.05912009303311577,2.53493659998077e-11
508629608182.2849,851480975.5473349,0.13668714655383635,0.0011286744758920299,2861.5735817640234,0.5910675918113519,0.09348912977219018,0.8085945499280989,-1.2530421145129367e-11,-9.727108007950847e-12,3,1.0000000000000004,4966029.8895374285,300.7511549715113,0.5910675918113519,0.09348912977219018,0.0011288527071534858,2.784183231205373e-05,-1.7820594446305675e-07,0.05910675918113526,2.5331135696129187e-11
509481828832.88684,852220650.6019729,0.1367068871715885,0.0011292236196955056,2861.714945145823,0.5909343069294188,0.09355085627124574,0.8088778166714938,-1.307121078042428e-11,7.951195257760446e-12,3,1.0000000000000004,4966336.307734567,300.6248289999317,0.5909343069294188,0.09355085627124574,0.0011294014064583053,2.78267132931816e-05,-1.7776146460213043e-07,0.0590934306929419,2.5312957909721688e-11
510334640435.7459,852811602.8590056,0.1367266243006866,0.001129771513532546,2861.855421078481,0.5908010990239049,0.09361230110372616,0.8084869806967987,-1.3370526907863223e-11,-2.362776641007258e-12,3,1.0000000000000004,4966642.565053204,300.49859028560655,0.5908010990239049,0.09361230110372616,0.001129949123419392,2.781160429625138e-05,-1.7758460715901904e-07,0.05908010990239053,2.5294792410147255e-11
511188249650.27277,853609214.5268668,0.136746363708893,0.0011303184552358795,2861.9951388944464,0.5906679359611873,0.09367347895146685,0.808491642662057,-1.3689271938233105e-11,-1.0477840817202377e-11,3,1.0000000000000004,4966948.712648095,300.3724013475899,0.5906679359611873,0.09367347895146685,0.0011304958832114046,2.779650020159193e-05,-1.7740271436475495e-07,0.05906679359611874,2.5276633375887805e-11
512042654759.0846,854405108.8118331,0.1367661030861109,0.0011308646517793363,2862.134254652171,0.5905348181983208,0.09373438938207465,0.8085261421486578,-1.4034884365798916e-11,4.255040764178375e-12,3,1.0000000000000004,4967254.797469348,300.24627703252906,0.5905348181983208,0.09373438938207465,0.0011310418715336677,2.7781404144922617e-05,-1.7719451171906786e-07,0.05905348181983205,2.5258483857097226e-11
512897838258.5104,855183499.4258451,0.1367858575976965,0.0011314082457430526,2862.271435691439,0.590401748684561,0.09379503091254413,0.808155408427158,-1.4228618283596006e-11,-5.678457704050288e-12,3,1.0000000000000004,4967560.432475284,300.12010479451374,0.590401748684561,0.09379503091254413,0.001131585476383883,2.776629196978787e-05,-1.7720541660810444e-07,0.059040174868456086,2.52403204713529e-11
513753997167.5892,856158909.078725,0.13680566246146558,0.0011319453996334078,2862.4038898821996,0.5902686971476425,0.09385541730362353,0.8069718239467338,-1.3987477842647422e-11,8.091305403468141e-12,3,1.0000000000000004,4967864.849383413,299.993602563783,0.5902686971476425,0.09385541730362353,0.0011321233043566812,2.7751106402572817e-05,-1.7787951701964963e-07,0.059026869714764243,2.5222086844992913e-11
514611760948.23083,857763780.6417036,0.13682552708160828,0.0011324788007610585,2862.5332225276634,0.5901355665554043,0.09391559244125905,0.8087343800200486,-1.4387935287629716e-11,-7.855827099945145e-12,3,1.0000000000000004,4968168.446141853,299.86673226742556,0.5901355665554043,0.09391559244125905,0.0011326564622266154,2.773584786893939e-05,-1.7763627807010205e-07,0.05901355665554043,2.5203780900673915e-11
515470195640.492,858434692.2611831,0.1368453716466955,0.0011330132325454768,2862.6632931982067,0.5900025021375963,0.09397549013143014,0.8087484038021842,-1.4857559627046157e-11,-3.6169955919262975e-12,3,1.0000000000000004,4968472.363456705,299.7400777192089,0.5900025021375963,0.09397549013143014,0.0011331905086634,2.7720627682831105e-05,-1.7725094924274048e-07,0.059000250213759674,2.5185514495945126e-11
516329294320.6078,859098680.115848,0.13686519448438753,0.0011335486721178699,2862.7941041737213,0.5898695049850292,0.09403510963624213,0.8087495512176801,-1.5338952330523625e-11,-1.350586309456503e-11,3,1.0000000000000004,4968776.629533215,299.6136486823024,0.5898695049850292,0.09403510963624213,0.001133725559425223,2.7705447852487795e-05,-1.7686215745105253e-07,0.05898695049850298,2.516728957679423e-11
517189056892.2683,859762571.6604928,0.13688499500216814,0.0011340851610307289,2862.925687116867,0.5897365751259562,0.09409445069628146,0.8087565191161605,-1.5831891353457195e-11,-4.586553359331447e-12,3,1.0000000000000004,4969081.255977215,299.4874481209762,0.5897365751259562,0.09409445069628146,0.001134261655047035,2.769030903713055e-05,-1.7646888515393153e-07,0.0589736575125956,2.5149106750375167e-11
518049480161.971,860423269.7026868,0.13690477062333298,0.0011346229930038654,2863.0582534678597,0.5896037130579211,0.09415351283031258,0.8088198012734527,-1.6362244892320632e-11,-1.3025136524902337e-12,3,1.0000000000000004,4969386.306456981,299.36149547098665,0.5896037130579211,0.09415351283031258,0.0011347990574413706,2.7675215353212004e-05,-1.7603932510015018e-07,0.05896037130579207,2.5130969988624615e-11
518910530951.1049,861050789.1339387,0.13692451990261623,0.001135162138649821,2863.1917987683637,0.5894709238874288,0.09421229351289144,0.8087839963033527,-1.6879053710283642e-11,-6.423528375876231e-12,3,1.0000000000000004,4969691.781640438,299.2357986629069,0.5894709238874288,0.09421229351289144,0.001135337790330936,2.7660168070326285e-05,-1.7562658739478453e-07,0.058947092388742864,2.511288062049e-11
519772228790.4324,861697839.3274508,0.13694424341809205,0.0011357025979376672,2863.326315936705,0.5893382045876339,0.0942707938387233,0.8088000660877448,-1.740851907072738e-11,-1.1508571873264373e-12,3,1.0000000000000004,4969997.681786814,299.11035216728243,0.5893382045876339,0.0942707938387233,0.0011358778302685843,2.764516631162908e-05,-1.7520725585006476e-07,0.05893382045876338,2.5094837679523178e-11
520634565599.3175,862336808.8851488,0.13696393978352558,0.0011362444784797595,2863.4618862455923,0.5892055563854421,0.09432901301103777,0.8088167072206609,-1.795408266502818e-11,-6.083022974223695e-12,3,1.0000000000000004,4970304.031899454,298.9851648585369,0.5892055563854421,0.09432901301103777,0.001136419281727155,2.7630211889962324e-05,-1.7477819095262056e-07,0.05892055563854431,2.5076842917612765e-11
521497532973.80225,862967374.4846821,0.1369836082234401,0.0011367876749014995,2863.5984503318623,0.5890729805501398,0.09438695022356822,0.8087784837684797,-1.8483437003169456e-11,-7.742806396038304e-12,3,1.0000000000000004,4970610.81455252,298.8602324670678,0.5890729805501398,0.09438695022356822,0.0011369620694268573,2.7615303878986392e-05,-1.743694874740838e-07,0.05890729805501394,2.505889541025603e-11
522361151781.8736,863618808.0713297,0.13700325026922017,0.0011373321022518884,2863.7359376901995,0.5889404738658688,0.09444460664344706,0.808814618474818,-1.903255331114906e-11,-7.421174785804396e-12,3,1.0000000000000004,4970918.007062151,298.7355427698074,0.5889404738658688,0.09444460664344706,0.001137506073816978,2.760043992963916e-05,-1.739465457432499e-07,0.05889404738658685,2.5040992785984843e-11
523225403208.93225,864251427.0586481,0.13702296552886015,0.0011378660748556039,2863.8659536158316,0.5888080395039508,0.09450198125355917,0.8067074906692451,-1.8464896278658216e-11,-6.793676732286258e-12,3,1.0000000000000004,4971223.123027202,298.6103549327461,0.5888080395039508,0.09450198125355917,0.001138040813863788,2.7585462252080923e-05,-1.747140062125453e-07,0.0588808039503951,2.5022982325893626e-11
524091416525.1241,866013316.1918931,0.13704271129577264,0.0011383999470545203,2863.99546548411,0.5886755050176938,0.09455914843459783,0.808574013438923,-1.8969270598745425e-11,-2.450817326860033e-12,3,1.0000000000000004,4971528.326810337,298.48503700224717,0.5886755050176938,0.09455914843459783,0.001138574421134259,2.757046422971321e-05,-1.7444909638334234e-07,0.058867550501769395,2.500494995099498e-11
524958193147.66614,866776622.5420398,0.13706243744504573,0.001138935550654355,2864.1261489387075,0.5885430235417883,0.09461604146555372,0.8089180272841112,-1.9558132891006608e-11,-4.0217829067046296e-12,3,1.0000000000000004,4971834.039238098,298.35996556330707,0.5885430235417883,0.09461604146555372,0.0011391095349090217,2.7555512463678073e-05,-1.739592899781049e-07,0.05885430235417884,2.498696419661821e-11
525825549257.39655,867356109.7303792,0.13708213373577924,0.0011394732501819169,2864.2583387190116,0.5884106231175422,0.09467264797438749,0.8088085957924651,-2.0146773138662866e-11,1.5478729409323932e-12,3,1.0000000000000004,4972140.371805894,298.2352192986523,0.5884106231175422,0.09467264797438749,0.0011396467805196999,2.7540621230514232e-05,-1.7350539170015633e-07,0.058841062311754226,2.4969039591917554e-11
526693543955.4502,867994698.0536956,0.13710181123771278,0.0011400113150711617,2864.390830484304,0.5882782947019042,0.09472897165362326,0.8086122658956807,-2.0633605934960997e-11,-9.738654327406948e-12,3,1.0000000000000004,4972446.950457777,298.1106704953304,0.5882782947019042,0.09472897165362326,0.001140184515169287,2.7525764245541554e-05,-1.7317517049765724e-07,0.05882782947019042,2.4951150405791085e-11
527562283157.10016,868739201.6499022,0.13712151439260492,0.001140544301626747,2864.5197418002676,0.5881460222951305,0.09478501931368048,0.8070050651343141,-2.0536017331096446e-11,1.0962786234358646e-11,3,1.0000000000000004,4972752.676731465,297.98596461615386,0.5881460222951305,0.09478501931368048,0.001140717982009084,2.7510867530122696e-05,-1.7365547253438098e-07,0.05881460222951298,2.4933224641090557e-11
528432632886.33984,870349729.239707,0.13714127835171655,0.0011410726442474127,2864.64498242192,0.5880136747131038,0.09484084650445083,0.8084015802600764,-2.0870416506113543e-11,-9.705014569760806e-12,3,1.0000000000000004,4973057.502339247,297.86087395958526,0.5880136747131038,0.09484084650445083,0.001141246202688082,2.7495894143681164e-05,-1.7353354926097009e-07,0.05880136747131038,2.4915223137669978e-11
529303842644.31885,871209757.978999,0.13716102546366016,0.0011416022436049264,2864.771069083742,0.5878813664048224,0.09489640435520647,0.8087048551652654,-2.143074606664186e-11,1.483124734136254e-11,3,1.0000000000000004,4973362.744210155,297.7359784645841,0.5878813664048224,0.09489640435520647,0.001141775407655266,2.74809574011352e-05,-1.7313917754622863e-07,0.05878813664048226,2.4897258526801786e-11
530175749746.58276,871907102.2638433,0.13718075008270525,0.0011421329447940263,2864.8979626706027,0.5877491221262698,0.09495168215590621,0.8087057301597866,-2.1985413489744587e-11,-1.1882383965655663e-11,3,1.0000000000000004,4973668.396833174,297.61131663795413,0.5877491221262698,0.09495168215590621,0.0011423057097553486,2.7466063303133888e-05,-1.7274010709524268e-07,0.05877491221262696,2.4879337253766146e-11
531048354279.2424,872604532.6595556,0.13720045262541153,0.0011426647068473134,2865.0256323306407,0.5876169418720444,0.09500667965085198,0.8086705252652315,-2.2540636024359628e-11,-1.1065925953346323e-11,3,1.0000000000000004,4973974.457347489,297.4868869739445,0.5876169418720444,0.09500667965085198,0.0011428370886099348,2.745121156644813e-05,-1.7235692691881752e-07,0.058761694187204457,2.486145900845004e-11
531921675809.2601,873321530.0176759,0.13722013498197555,0.0011431968031991688,2865.153602299983,0.5874848227144537,0.09506139783949888,0.8085661221124418,-2.3052559861014288e-11,1.715427799808822e-11,3,1.0000000000000004,4974280.7717354,297.3626374843375,0.5874848227144537,0.09506139783949888,0.0011433688605901435,2.743639152877148e-05,-1.720325737148459e-07,0.058748482271445385,2.484361333671617e-11
532795771352.51056,874095543.2504599,0.13723979651355978,0.0011437301129498618,2865.282429622469,0.5873527560799089,0.0951158400029575,0.8088112971038619,-2.365418971805866e-11,-2.7799429425101607e-11,3,1.0000000000000004,4974587.517939131,297.2386072359821,0.5873527560799089,0.0951158400029575,0.001143901726537597,2.7421612198954637e-05,-1.7158878898020316e-07,0.058735275607990876,2.4825808717142495e-11
533670508985.2205,874737632.7098911,0.13725942673638836,0.0011442664440035255,2865.413354638015,0.5872207618461897,0.09516999756265798,0.8089863111349072,-2.4375612639460087e-11,4.5856651809117466e-12,3,1.0000000000000004,4974895.094851834,297.1149483909144,0.5872207618461897,0.09516999756265798,0.0011444375026966435,2.7406903971852893e-05,-1.7103391293499909e-07,0.05872207618461897,2.480807509802234e-11
534545794485.17456,875285499.9540117,0.1372790213382982,0.0011448056133284365,2865.546305441452,0.5870888541076347,0.0952238644357799,0.809094843762237,-2.5110913348669328e-11,-1.2978840224775468e-11,3,1.0000000000000004,4975203.4577444885,296.99166944018395,0.5870888541076347,0.0952238644357799,0.0011449760759408142,2.7392267484576007e-05,-1.7043785071135991e-07,0.058708885410763544,2.4790413404584893e-11
535421569451.0278,875774965.8532064,0.13729857451721525,0.0011453475265357563,2865.6812812951234,0.5869570414856089,0.09527743683324218,0.8089214734163797,-2.5816571103121078e-11,-1.1947332012596235e-11,3,1.0000000000000004,4975512.60192228,296.8687810995478,0.5869570414856089,0.09527743683324218,0.00114551746902,2.7377704427911583e-05,-1.6991774098702413e-07,0.058695704148560825,2.477282539479737e-11
536297928053.2315,876358602.2036748,0.13731809222949778,0.0011458908349645434,2865.8173746181324,0.5868253097008711,0.09533072038584506,0.8088440679732134,-2.643629759546684e-11,-4.550693155636054e-12,3,1.0000000000000004,4975822.231349652,296.7461692843691,0.5868253097008711,0.09533072038584506,0.0011460603196809269,2.7363192118467563e-05,-1.6945999138824878e-07,0.05868253097008711,2.4755288627467063e-11
537174912640.92865,876984587.6971489,0.13733757704246954,0.0011464364802538413,2865.9551460236253,0.5866936522985661,0.09538371743205272,0.8089163164304303,-2.7127411428296e-11,-8.030021092508832e-12,3,1.0000000000000004,4976132.549568302,296.62388538252895,0.5866936522985661,0.09538371743205272,0.0011466054619008602,2.7348741780357638e-05,-1.6895694030496983e-07,0.05866936522985664,2.4737813838240907e-11
538052484468.4209,877571827.4922885,0.13735702754482101,0.001146984474029542,2866.094615653799,0.5865620749958099,0.0954364253857207,0.8089224969032305,-2.7819746506452248e-11,-1.2703171847761041e-12,3,1.0000000000000004,4976443.562166213,296.5019401597601,0.5865620749958099,0.0954364253857207,0.0011471529504303252,2.7334355151651495e-05,-1.684517122892502e-07,0.058656207499580976,2.4720402842268832e-11
538930640574.19037,878156105.7694454,0.1373764481450648,0.0011475336244458206,2866.2349914298675,0.5864305781546527,0.0954888438953248,0.8086863800826904,-2.8424373965663108e-11,-2.6005753106517204e-11,3,1.0000000000000004,4976755.021674129,296.3802586051163,0.5864305781546527,0.0954888438953248,0.0011477017154425285,2.7320016493901845e-05,-1.6806632628542804e-07,0.05864305781546532,2.470304033895773e-11
539809509623.38336,878869049.1929487,0.1373958416295975,0.0011480843556092358,2866.3765081110105,0.5862991424812849,0.09554098040982366,0.8088347704104937,-2.9096391962468715e-11,-9.685252599922478e-12,3,1.0000000000000004,4977067.012039813,296.2588342494533,0.5862991424812849,0.09554098040982366,0.001148251996821021,2.730572606029354e-05,-1.6761655946411527e-07,0.058629914248128495,2.4685726054341962e-11
540689011506.1867,879501882.8033109,0.1374152018907468,0.0011486371033274645,2866.519500077867,0.5861677799083761,0.09559282989376719,0.8088736945521813,-2.9792723843513613e-11,-1.138489302832113e-11,3,1.0000000000000004,4977379.628756231,296.13771454644575,0.5861677799083761,0.09559282989376719,0.001148804271044826,2.729149285677745e-05,-1.6714308311355698e-07,0.05861677799083761,2.4668468982085903e-11
541569125501.348,880113995.161402,0.1374345266719352,0.001149191613990076,2866.6638311148013,0.5860364934603033,0.0956443908979406,0.8088442100817606,-3.0474622825238384e-11,-1.1601053451215648e-11,3,1.0000000000000004,4977692.821753173,296.0168865469649,0.5860364934603033,0.0956443908979406,0.0011493583264541496,2.727731420768088e-05,-1.6668784782843863e-07,0.0586036493460303,2.465126646178252e-11
542449868087.1207,880742585.7726502,0.13745302748966823,0.0011498508919918918,2866.881928824294,0.5859052790033117,0.09569566100483985,0.844173770747636,-4.2510550635199706e-11,-1.1483369810605382e-11,3,1.0000000000000004,4978026.870772414,295.9023171845853,0.5859052790033117,0.09569566100483985,0.001150001372503365,2.7264460240805985e-05,-1.5045592501174054e-07,0.058590527900331174,2.4635342256233843e-11
543312599434.2357,862731347.1149893,0.1374696228928119,0.0011506473178026688,2867.2051439968377,0.5857769007625447,0.09574555374810531,0.8173830422231187,-4.850131407607705e-11,-1.1958434242842486e-11,3,1.0000000000000004,4978391.258860799,295.80125981116464,0.5857769007625447,0.09574555374810531,0.0011507911363623701,2.725423320597699e-05,-1.437939934849736e-07,0.05857769007625449,2.4622024142765477e-11
544171425616.7389,858826182.5031112,0.1374864052026614,0.0011513980064402232,2867.4976478252215,0.5856492544383851,0.09579489686544698,0.8023258755984752,-4.543931897416087e-11,-6.229461391171753e-12,3,1.0000000000000004,4978746.480316776,295.6986591954834,0.5856492544383851,0.09579489686544698,0.0011515449562303677,2.7243613821305077e-05,-1.4692523411753742e-07,0.05856492544383857,2.4608345748318496e-11
545034349295.18085,862923678.4419389,0.13750355555688035,0.0011521187933270696,2867.767452993664,0.5855211519782001,0.09584415219186079,0.8031272062669625,-4.409816956041368e-11,-3.2326363808010683e-12,3,1.0000000000000004,4979095.543661091,295.59347961166804,0.5855211519782001,0.09584415219186079,0.0011522684822051503,2.7232485666001864e-05,-1.496643347237328e-07,0.05855211519781994,2.4594163230726527e-11
545900957360.32996,866608065.149098,0.13752102749167036,0.0011528130018425302,2868.017141337682,0.5853926575726901,0.09589329447863545,0.8036614361495165,-4.29243307564775e-11,4.523936780742588e-12,3,1.0000000000000004,4979439.158179983,295.4860374873162,0.5853926575726901,0.09589329447863545,0.0011529650732510373,2.7220910428402457e-05,-1.5204687845292262e-07,0.058539265757269025,2.4579537989046767e-11
546770976228.67413,870018868.344101,0.13753892681451388,0.0011534666326714364,2868.236933094559,0.5852638147363987,0.09594230751154145,0.8007277527144474,-4.05225852873059e-11,-2.0577983761427276e-12,3,1.0000000000000004,4979774.429695535,295.37555988902056,0.5852638147363987,0.09594230751154145,0.0011536224072493718,2.720871938956671e-05,-1.5575006036771922e-07,0.058526381473639914,2.4564309153665223e-11
547646017909.5213,875041680.8472059,0.13755716422938405,0.0011540971100976701,2868.438624134846,0.5851343879630613,0.09599128017813906,0.8041114991919063,-3.959499395023158e-11,1.923350367860621e-12,3,1.0000000000000004,4980105.05304304,295.2627557353011,0.5851343879630613,0.09599128017813906,0.0011542549195429658,2.7196083968542726e-05,-1.5778494235653635e-07,0.05851343879630618,2.4548635742509335e-11
548524257707.0285,878239797.5071942,0.1375755919092733,0.0011547141975166459,2868.6298408121734,0.5850046496765158,0.09604010793499065,0.806213989873461,-3.9624858949594e-11,-4.142908238691234e-12,3,1.0000000000000004,4980433.048382296,295.14866235372006,0.5850046496765158,0.09604010793499065,0.0011548729670204576,2.718320102950413e-05,-1.5874501685230143e-07,0.058500464967651544,2.453271483329896e-11
549404557212.21783,880299505.1892269,0.1375941944607282,0.0011553143356480067,2868.8085463089883,0.5848747696880646,0.09608872644851128,0.8049845999502647,-3.892219879730874e-11,1.6699974736411605e-12,3,1.0000000000000004,4980757.71710881,295.033353106181,0.5848747696880646,0.09608872644851128,0.0011554745277593495,2.7170071144251978e-05,-1.601676397581825e-07,0.058487476968806504,2.4516551771789363e-11
550287594781.341,883037569.1230642,0.13761299716930553,0.0011558972444854507,2868.9743183014325,0.5847446495997779,0.09613717246290543,0.8051292468835847,-3.8342995445361794e-11,-8.129497075515246e-12,3,1.0000000000000004,4981079.023560789,294.9166613885044,0.5847446495997779,0.09613717246290543,0.0011560587899196297,2.7156667370545717e-05,-1.6152097838116775e-07,0.058474464959977754,2.4500118162360923e-11
551173299358.6698,885704577.3287996,0.13763198176319458,0.0011564646996440704,2869.128463514833,0.5846143016472047,0.09618544101484813,0.8054191977246994,-3.7897684990184644e-11,-9.24138543467734e-12,3,1.0000000000000004,4981397.3458766695,294.79872062947123,0.5846143016472047,0.09618544101484813,0.0011566274231010116,2.714301696803798e-05,-1.6269901732788325e-07,0.05846143016472046,2.448344074352269e-11
552061519076.587,888219717.9173126,0.1376511298420432,0.0011570181377742498,2869.2720775937437,0.5844837498162136,0.09623352279483852,0.8056501013542494,-3.7549519049662194e-11,1.063904520037795e-11,3,1.0000000000000004,4981712.997089952,294.6796640313353,0.5844837498162136,0.09623352279483852,0.001157181894002887,2.7129146103575833e-05,-1.6373180553736348e-07,0.058448374981621316,2.4466545508600278e-11
552952133422.4938,890614345.906713,0.13767042138767993,0.0011575594016258696,2869.406522880624,0.5843530133181509,0.09628141029241664,0.8060842138224444,-3.716227325867294e-11,3.504529999531769e-12,3,1.0000000000000004,4982026.365120799,294.5596384980147,0.5843530133181509,0.09628141029241664,0.0011577239705425342,2.7115084303145242e-05,-1.6454451022073146e-07,0.05843530133181513,2.44494615234851e-11
553844908355.478,892774932.984285,0.1376897730984443,0.0011580979327620764,2869.538526069948,0.5842221276393582,0.09632908959228775,0.8077653267102303,-3.790423530602993e-11,4.764189043271472e-12,3,1.0000000000000004,4982339.445133572,294.4392852448086,0.5842221276393582,0.09632908959228775,0.0011582625249459016,2.7100965003111072e-05,-1.6456779540398029e-07,0.05842221276393584,2.443231810469384e-11
554738917361.2234,894009005.7454052,0.13770920027014494,0.0011586275709551533,2869.6641158433,0.5840912294065669,0.09637651065287585,0.8066896263481116,-3.787148372680349e-11,-1.314004460795104e-11,3,1.0000000000000004,4982650.915367946,294.3184407377744,0.5840912294065669,0.09637651065287585,0.0011587926414542394,2.708674130267783e-05,-1.6504612789096856e-07,0.058409122940656644,2.4415073978900556e-11
555634758839.9429,895841478.719393,0.13772871109228307,0.0011591497392249711,2869.784094821657,0.5839602318086992,0.096423704788905,0.8068795259719153,-3.80121489840235e-11,-5.4358739731696915e-12,3,1.0000000000000004,4982961.108272533,294.1970628651178,0.5839602318086992,0.096423704788905,0.0011593151951216933,2.707241183457464e-05,-1.6543154305832378e-07,0.05839602318086992,2.4397725544027964e-11
556532330906.969,897572067.0261592,0.1377483131250513,0.0011596631421812303,2869.8975888424297,0.5838291506673927,0.0964706660505923,0.8065907190768495,-3.80334652660963e-11,-9.900746889002221e-12,3,1.0000000000000004,4983269.755283048,294.07510031215656,0.5838291506673927,0.0964706660505923,0.001159829089092581,2.7057964244000497e-05,-1.659225751953719e-07,0.05838291506673922,2.4380261450099987e-11
557431797893.254,899466986.2850975,0.13776798288048198,0.0011601712071906988,2870.0069691557087,0.5836979628706759,0.09651740226843052,0.8072317536633733,-3.83651999058543e-11,-1.2893908163391643e-11,3,1.0000000000000004,4983577.590090796,293.952730383671,0.5836979628706759,0.09651740226843052,0.0011603373538181848,2.7043438316749397e-05,-1.661223092769062e-07,0.0583697962870676,2.436271934682611e-11
558332805834.2482,901007940.9940368,0.13778770238151655,0.0011606746017886309,2870.112839944964,0.5835667207907462,0.09656389431007002,0.8073733481772649,-3.872413500971561e-11,1.1516565479041674e-11,3,1.0000000000000004,4983884.742680777,293.8300762348003,0.5835667207907462,0.09656389431007002,0.0011608408699780974,2.702885566653656e-05,-1.6624388929132222e-07,0.058356672079074606,2.434512147284843e-11
559235278223.1461,902472388.8979788,0.13780746292979462,0.0011611740300536701,2870.2157305840874,0.5834354361780825,0.09661013764171936,0.807504976774176,-3.9140135577042656e-11,-2.134958876354176e-12,3,1.0000000000000004,4984191.363684994,293.70720122075386,0.5834354361780825,0.09661013764171936,0.0011613403525656105,2.7014228743764367e-05,-1.6629822990852617e-07,0.058343543617808226,2.4327480142980037e-11
560139143763.1725,903865540.0263878,0.1378272565745519,0.001161670130404666,2870.316121355103,0.5833041199413527,0.09665612805507874,0.8076227542286318,-3.960842764882955e-11,-5.91948712269641e-12,3,1.0000000000000004,4984497.588764097,293.58416276493944,0.5833041199413527,0.09665612805507874,0.001161836447669563,2.699956881886982e-05,-1.6629300110226025e-07,0.058330411994135356,2.4309806503148385e-11
561044338594.416,905194831.2435471,0.1378470760131365,0.0011621635021058755,2870.414460943499,0.5831727818321684,0.09670186177378635,0.8077418109375678,-4.013156473803292e-11,-1.2390088954816747e-13,3,1.0000000000000004,4984803.544588249,293.4610136368019,0.5831727818321684,0.09670186177378635,0.0011623297564813193,2.6984886277761705e-05,-1.662301299724731e-07,0.05831727818321681,2.4292110807971124e-11
561950797860.8844,906459266.4684918,0.13786691401676116,0.001162654757077083,2870.51120445368,0.5830414316728162,0.096747335016919,0.8078579806503061,-4.0703329595714877e-11,-4.598876834904786e-12,3,1.0000000000000004,4985109.360239367,293.33780725217764,0.5830414316728162,0.096747335016919,0.0011628208930093272,2.6970191642093858e-05,-1.6611170516463577e-07,0.05830414316728161,2.4274403434156707e-11
562858458061.1647,907660200.2803077,0.13788676387258994,0.0011631444332506813,2870.6067553404423,0.5829100790178804,0.09679254412088896,0.8079641852787312,-4.13267198240419e-11,-1.3782752716906543e-11,3,1.0000000000000004,4985415.148722104,293.21459184708795,0.5829100790178804,0.09679254412088896,0.0011633104010453242,2.6955494348287713e-05,-1.6594358601825962e-07,0.05829100790178801,2.4256693704040137e-11
563767261050.6364,908802989.4717063,0.13790661927206443,0.0011636330552874349,2870.7015041142176,0.5827787325791637,0.0968374857353998,0.8080701106860655,-4.199440795105147e-11,2.1109780590222726e-12,3,1.0000000000000004,4985721.019958402,293.091413232458,0.5827787325791637,0.0968374857353998,0.0011637988068742937,2.6940803397472243e-05,-1.657273967342383e-07,0.05827787325791639,2.4238990488980788e-11
564677148626.2184,909887575.5820117,0.13792647411632816,0.0011641211080717442,2870.7958140470123,0.5826474010129761,0.09688215655076667,0.8081679581106727,-4.2704284552996796e-11,-7.418066161335446e-12,3,1.0000000000000004,4986027.075224545,292.96831445110223,0.5826474010129761,0.09688215655076667,0.0011642865998072619,2.6926127214504433e-05,-1.654675639284057e-07,0.058264740101297625,2.4221302095881297e-11
565588066933.4071,910918307.1886454,0.1379463226045474,0.0011646090597229187,2870.890034485701,0.5825160922868988,0.0969265535132982,0.8082667224407203,-4.34610125665813e-11,-1.4464096587119002e-11,3,1.0000000000000004,4986333.411912758,292.84533619083044,0.5825160922868988,0.0969265535132982,0.001164774249031989,2.691147378525357e-05,-1.6516515604909521e-07,0.05825160922868984,2.420363638432036e-11
566499961421.2755,911894487.8684895,0.13796615898518746,0.0011650973911790771,2870.9845216879653,0.5823848144096143,0.09697067357329801,0.808369166604983,-4.425870780977448e-11,2.892575068358383e-12,3,1.0000000000000004,4986640.129593988,292.7225197333403,0.5823848144096143,0.09697067357329801,0.0011652622350507506,2.68968512181706e-05,-1.6481973723791632e-07,0.05823848144096134,2.4186001326041883e-11
567412775290.2537,912813868.9779947,0.13798597694334142,0.0011655866788058836,2871.0796960525963,0.5822535756516991,0.09701451360631677,0.8085006802938111,-4.5113801583340774e-11,5.188738327888132e-12,3,1.0000000000000004,4986947.346680786,292.5999120590702,0.5822535756516991,0.09701451360631677,0.0011657511243826813,2.6882268819384858e-05,-1.6442146097574076e-07,0.05822535756516991,2.4168406038012904e-11
568326435148.5702,913659858.3164654,0.1380057965791394,0.0011660740664367125,2871.1735896797964,0.5821223866781485,0.09705806993377196,0.8079963446927518,-4.571520939578022e-11,-7.283063041541027e-14,3,1.0000000000000004,4987254.459304588,292.47735622240305,0.5821223866781485,0.09705806993377196,0.0011662383182664319,2.6867692186019228e-05,-1.642277322088185e-07,0.05821223866781481,2.415081786106444e-11
569241227144.3843,914791995.8142248,0.13802558542930263,0.0011665652606297897,2871.27005307021,0.5819912064893723,0.0971013556402009,0.8090156583540065,-4.685918320035398e-11,-3.1314950632577165e-12,3,1.0000000000000004,4987562.686157176,292.3551366916129,0.5819912064893723,0.0971013556402009,0.0011667289090621174,2.6853185580865896e-05,-1.63624353694644e-07,0.05819912064893721,2.41332971665745e-11
570156575491.6814,915348347.296967,0.13804532884449558,0.0011670591894801816,2871.3685765242526,0.5818601175828815,0.09714434306353915,0.808874597441056,-4.784683760306052e-11,-1.1321277249010109e-11,3,1.0000000000000004,4987871.766791351,292.2333098884569,0.5818601175828815,0.09714434306353915,0.0011672222880155735,2.6838753845793392e-05,-1.6307447538118259e-07,0.05818601175828817,2.4115850802186334e-11
571072560388.3971,915984896.7157276,0.13806502537839244,0.0011675562943731005,2871.4694444391484,0.5817291082951994,0.09718703575562411,0.8090025996332351,-4.889855187428793e-11,-1.4510614931850796e-11,3,1.0000000000000004,4988181.798078803,292.1118838250135,0.5817291082951994,0.09718703575562411,0.0011677188005250671,2.682439976696764e-05,-1.6248211057742147e-07,0.058172910829519926,2.409848104778993e-11
571989109759.3529,916549370.9557694,0.13808466841779712,0.0011680571326095385,2871.5730657431236,0.5815981887340622,0.09722943010142922,0.8091341029137222,-4.999856084708654e-11,-1.3036238755148588e-12,3,1.0000000000000004,4988492.890474572,291.99090554226706,0.5815981887340622,0.09722943010142922,0.0011682189987203629,2.681013250374153e-05,-1.6184208802857966e-07,0.05815981887340617,2.4081196892321624e-11
572906149423.087,917039663.7342466,0.1381042515364739,0.0011685621145797014,2871.6797565889406,0.5814673692377368,0.09727152244437343,0.8092098223444477,-5.1138426826469185e-11,-4.280242826837366e-12,3,1.0000000000000004,4988805.12658927,291.87041400375824,0.5814673692377368,0.09727152244437343,0.0011687233134597271,2.679595952078635e-05,-1.6117487577867793e-07,0.058146736923773694,2.4064005685180265e-11
573823636713.2727,917487290.1856787,0.1381237698677522,0.0011690715589517907,2871.7897601515274,0.5813366555972864,0.0973133106359958,0.809370521714925,-5.23006082886468e-11,-1.1857181902996672e-12,3,1.0000000000000004,4989118.564778025,291.7504340733125,0.5813366555972864,0.0973133106359958,0.0011692320400568399,2.6781885645931683e-05,-1.6045711928025888e-07,0.058133665559728626,2.404691213451234e-11
574741480716.5216,917844003.2489604,0.13814320990916715,0.0011695868399281362,2871.9040569897243,0.5812060603926575,0.09735479030994765,0.8096181902672583,-5.359113153247108e-11,-2.574340740579828e-11,3,1.0000000000000004,4989433.486836817,291.631065065166,0.5812060603926575,0.09735479030994765,0.0011697465094675967,2.676793102796901e-05,-1.5964557220417304e-07,0.05812060603926578,2.402993576159545e-11
575659541118.3589,918060401.8372809,0.1381625640531282,0.0011701081714004706,2872.0228529687365,0.5810756031350784,0.09739595497502787,0.8097192452649615,-5.4887538958325877e-11,-7.832845483335404e-12,3,1.0000000000000004,4989749.925573979,291.5123459709018,0.5810756031350784,0.09739595497502787,0.001170266999163159,2.6754102340536617e-05,-1.588038138294088e-07,0.05810756031350787,2.4013083387970156e-11
576577760666.3866,918219548.0276349,0.13818182309387173,0.001170636703051854,2872.1469442822495,0.5809452914321325,0.09743680193148899,0.8100371037822462,-5.6300186734858926e-11,-4.747424675599632e-12,3,1.0000000000000004,4990068.1101560425,291.3943531051703,0.5809452914321325,0.09743680193148899,0.0011707945803711881,2.6740415216388397e-05,-1.5785338887125738e-07,0.058094529143213246,2.3996370077210944e-11
577495959184.6316,918198518.2450781,0.13820097023330088,0.00117117376601009,2872.2773160433226,0.5808151502128591,0.09747732303312844,0.810298941972265,-5.7820859211688e-11,-8.915757021554782e-12,3,1.0000000000000004,4990388.305043246,291.27719952718587,0.5808151502128591,0.09747732303312844,0.0011713305985924967,2.6726891720142237e-05,-1.56808670307513e-07,0.05808151502128592,2.3979817461732443e-11
578413988312.6781,918029128.0465901,0.1382200130590329,0.0011717173737790338,2872.4126652630334,0.5806851998084761,0.09751751184534149,0.8099216365631268,-5.912903500160382e-11,-1.260647142231619e-11,3,1.0000000000000004,4990710.085625396,291.1607945798554,0.5806851998084761,0.09751751184534149,0.0011718733110706845,2.671351081256239e-05,-1.5591339752762716e-07,0.05806851998084764,2.3963405889298136e-11
579332061851.3037,918073538.6255494,0.13823893728182682,0.0011722711270474738,2872.55534101089,0.580555409244074,0.09755737761740173,0.8107274353241767,-6.082878645230494e-11,-6.518674489086607e-12,3,1.0000000000000004,4991034.208948135,291.04530418939066,0.580555409244074,0.09755737761740173,0.00117242588368889,2.6700310481086786e-05,-1.5473276555365195e-07,0.05805554092440739,2.3947170731851575e-11
580249723421.0189,917661569.7152358,0.1382577197143835,0.0011728361735238674,2872.7062788854764,0.5804258421751309,0.09759690041907136,0.8110807253602914,-6.259093243698999e-11,6.658007478677064e-12,3,1.0000000000000004,4991360.869508851,290.9308834073044,0.5804258421751309,0.09759690041907136,0.0011729896283351295,2.6687318276894468e-05,-1.5343095353104025e-07,0.05804258421751311,2.393113993162113e-11
581166773417.3844,917049996.3655626,0.1382763454792362,0.0011734125130630413,2872.865624201508,0.580296525738955,0.0976360717882712,0.8109734356276377,-6.4296901136629e-11,1.1303624702918569e-11,3,1.0000000000000004,4991690.0604420975,290.81756929264947,0.580296525738955,0.0976360717882712,0.001173564706681557,2.6674540068289334e-05,-1.5216977864268424e-07,0.05802965257389554,2.3915319595897784e-11
582083272867.2458,916499449.8613199,0.1382948111185271,0.0011740009583744786,2873.033900809068,0.5801674502655954,0.09767489449990005,0.8114221346222639,-6.610445524302122e-11,-1.2603695864754627e-11,3,1.0000000000000004,4992021.936603218,290.70538800319713,0.5801674502655954,0.09767489449990005,0.001174151757066792,2.666198236964545e-05,-1.5077487020464255e-07,0.058016745026559596,2.3899715517682036e-11
582998968815.984,915695948.7382678,0.1383130888706999,0.0011746044603150336,2873.2131915227637,0.5800386501781083,0.09771335788493032,0.8120577947579033,-6.816225361916395e-11,7.975842208907125e-12,3,1.0000000000000004,4992357.081162288,290.5945581692728,0.5800386501781083,0.09771335788493032,0.0011747536383666793,2.664968883172092e-05,-1.491542473394236e-07,0.05800386501781076,2.3884370163420537e-11
583913503819.2904,914535003.3063556,0.13833115210317834,0.0011752255666922257,2873.4053175595095,0.5799101743173566,0.09775144705903696,0.812786315473879,-7.043565730668888e-11,-1.084821121821733e-11,3,1.0000000000000004,4992695.977666099,290.48529309332616,0.5799101743173566,0.09775144705903696,0.001175372876095705,2.6637700650492783e-05,-1.4728561693290027e-07,0.057991017431735695,2.386932405084522e-11
584826469916.6047,912966097.3143799,0.13834897122244147,0.001175866181069713,2873.611734089177,0.5797820782931361,0.09778914533128012,0.8132174440789175,-7.278400104837601e-11,-6.641021066400299e-12,3,1.0000000000000004,4993038.98169356,290.3777782444754,0.5797820782931361,0.09778914533128012,0.0011760114733416853,2.6626052752797033e-05,-1.4526850294487753e-07,0.05797820782931361,2.3854611783435905e-11
585737628177.2979,911158260.6930557,0.1383665113726995,0.00117652980170247,2873.83492216091,0.5796543936994635,0.09782644319123601,0.8141967498820346,-7.546474556363592e-11,-3.824607297531202e-12,3,1.0000000000000004,4993386.777085142,290.2722538714315,0.5796543936994635,0.09782644319123601,0.0011766727450022582,2.6614793823040704e-05,-1.429195482942945e-07,0.05796543936994643,2.3840280402839038e-11
586646435136.7792,908806959.4814422,0.13838386221993854,0.0011772019817187511,2874.0651121691085,0.5795271946837923,0.09786331953156623,0.8076541439805407,-7.957356995547116e-11,6.458833468059311e-12,3,1.0000000000000004,4993736.569676431,290.1680431079537,0.5795271946837923,0.09786331953156623,0.0011773447362255424,2.6603772981429078e-05,-1.4273077427754928e-07,0.0579527194683793,2.3826187945300976e-11
587556560968.0033,910125831.2239771,0.13840206340607952,0.0011777684206942312,2874.221768771124,0.5793999692314765,0.09789993073788449,0.7871007212667536,-6.75510758441078e-11,-2.241762331323116e-12,3,1.0000000000000004,4994064.924739378,290.0576950789883,0.5793999692314765,0.09789993073788449,0.001177918802104759,2.65914447618978e-05,-1.5035767923986345e-07,0.05793999692314769,2.3810847348366182e-11
588479831118.4949,923270150.4915026,0.13842061948960607,0.0011783366670468382,2874.3757099403033,0.5792710692140437,0.0979367476325439,0.8062316522727819,-7.058287287975418e-11,1.3340661908500806e-11,3,1.0000000000000004,4994395.125691654,289.945176956307,0.5792710692140437,0.0979367476325439,0.0011784875688819628,2.6578801103459392e-05,-1.508781231370683e-07,0.057927106921404355,2.3795157936295323e-11
589405256447.9386,925425329.4437913,0.13843926694354322,0.001178896743064179,2874.5235890052204,0.5791420322945984,0.09797332643973307,0.8062816463094702,-7.097944454415028e-11,2.3565593920693573e-12,3,1.0000000000000004,4994724.098728153,289.83207736731254,0.5791420322945984,0.09797332643973307,0.0011790480814554696,2.6566045338685195e-05,-1.5131469561092646e-07,0.057914203229459844,2.3779357009991096e-11
590332813228.9154,927556780.9767116,0.13845800524343235,0.0011794484336352456,2874.6652870343137,0.579012862781239,0.09800966547509318,0.8061694269090314,-7.13277215069752e-11,-8.777423232686488e-13,3,1.0000000000000004,4995051.818457728,289.71839710984074,0.579012862781239,0.09800966547509318,0.0011796002279357983,2.6553177236577812e-05,-1.5177062123544672e-07,0.057901286278123965,2.376344454782815e-11
591262571075.358,929757846.4425621,0.13847669335872959,0.0011800104840316644,2874.813691880925,0.5788835516863281,0.09804576571278319,0.8120457460625286,-7.411615765562374e-11,-1.4753753774243705e-12,3,1.0000000000000004,4995382.044882378,289.6051831940283,0.5788835516863281,0.09804576571278319,0.0011801608248129052,2.654042120178066e-05,-1.5031712106482332e-07,0.057888355168632805,2.374763396927998e-11
592191157037.1453,928585961.7871685,0.1384953418531644,0.0011805675967431024,2874.9593726430226,0.5787545677284626,0.0980814962483039,0.8058517492193218,-7.371481203222174e-11,-1.2595480214372401e-11,3,1.0000000000000004,4995711.475087381,289.4922516665481,0.5787545677284626,0.0980814962483039,0.0011807183661400025,2.652769648471942e-05,-1.507457520638159e-07,0.0578754567728463,2.3731861671827657e-11
593122129953.4539,930972916.3086587,0.1385140919503619,0.0011811157857243369,2875.0984417426107,0.5786254169237228,0.09811699465955838,0.8061852645180334,-7.42036432299642e-11,1.3802292642139946e-12,3,1.0000000000000004,4996039.599921763,289.3786708282526,0.5786254169237228,0.09811699465955838,0.0011812669985966297,2.651484780714209e-05,-1.5118924397015326e-07,0.05786254169237233,2.371596585391399e-11
594055302875.3353,933172921.8813844,0.13853293699842253,0.0011816552026613317,2875.2310676509655,0.578496126270061,0.09815225299595493,0.805925915309258,-7.449163508255197e-11,-7.272293878202163e-12,3,1.0000000000000004,4996366.424544647,289.26448665718505,0.578496126270061,0.09815225299595493,0.0011818069113006082,2.6501882543003944e-05,-1.5168502734569147e-07,0.05784961262700614,2.3699954396242854e-11
594990831493.2178,935528617.8823608,0.1385518775871884,0.00118218640853295,2875.3575923069784,0.5783666752660875,0.09818727633595327,0.8062207319803338,-7.493683451542665e-11,2.8912428007288327e-12,3,1.0000000000000004,4996692.078166113,289.14970465811643,0.5783666752660875,0.09818727633595327,0.0011823385129844026,2.6488803563576984e-05,-1.5208085621221034e-07,0.05783666752660877,2.3683829562857587e-11
595928550255.5073,937718762.2896532,0.13857089736032407,0.0011827107348532674,2875.4790011880996,0.5782370878280179,0.09822205759423192,0.8064805408214415,-7.548739411333827e-11,3.3220093342833934e-12,3,1.0000000000000004,4997016.822816738,289.0344374801124,0.5782370878280179,0.09822205759423192,0.0011828631312965263,2.6475632823724364e-05,-1.5237286492559858e-07,0.057823708782801735,2.366761297910646e-11
596868312879.9911,939762624.483827,0.1385899871370434,0.0011832287042168952,2875.59571242686,0.5781073850700306,0.09825659055357193,0.8065943790658281,-7.606659746528521e-11,-9.328648964412878e-12,3,1.0000000000000004,4997340.757340022,288.9187474842811,0.5781073850700306,0.09825659055357193,0.001183381341629678,2.6462381751295714e-05,-1.5261385147051275e-07,0.05781073850700305,2.3651316178879566e-11
597810057358.1697,941744478.1785473,0.13860914030786547,0.001183740870317233,2875.708135779332,0.5779775763765506,0.09829087220139755,0.806715542700509,-7.669753721017969e-11,1.652056269563218e-11,3,1.0000000000000004,4997663.994188254,288.80268209357047,0.5779775763765506,0.09829087220139755,0.001183893697967216,2.6449059614700062e-05,-1.5280410582462774e-07,0.057797757637655094,2.363494830301814e-11
598753716995.6746,943659637.5050403,0.13862834892273052,0.0011842479016667823,2875.8167640145284,0.5778476717095539,0.09832489939078595,0.8068675638739364,-7.739819896102063e-11,9.68403135459539e-12,3,1.0000000000000004,4997986.667956178,288.68629569428913,0.5778476717095539,0.09832489939078595,0.0011844008603663814,2.643567712684445e-05,-1.5293517273778637e-07,0.05778476717095537,2.361851987144059e-11
599699206605.23,945489609.5553015,0.1386476074796056,0.0011847501100812228,2875.921847344976,0.577717683506028,0.0983586683751149,0.8069258211618191,-7.811351565578661e-11,-7.1671557577701606e-12,3,1.0000000000000004,4998308.838614532,288.5696255196039,0.577717683506028,0.0983586683751149,0.0011849031710468518,2.642224112601752e-05,-1.5303745613614785e-07,0.05777176835060288,2.360203778239653e-11
600646495538.2059,947288932.976014,0.13866691100335587,0.001185247950956677,2876.023717273339,0.5775876166455318,0.09839217740901882,0.8070250878677854,-7.888201203343215e-11,-1.4901413436518851e-12,3,1.0000000000000004,4998630.600646761,288.45270636917166,0.5775876166455318,0.09839217740901882,0.0011854010743766754,2.6408758598509925e-05,-1.5309992798416754e-07,0.05775876166455327,2.3585508853701026e-11
601595528846.3488,949033308.1429713,0.13868625395505527,0.001185741855518636,2876.1226960197205,0.5774574792982202,0.09842542390892366,0.8071263293829567,-7.969680471120455e-11,-7.980616167913013e-12,3,1.0000000000000004,4998952.040100019,288.335575798042,0.5774574792982202,0.09842542390892366,0.0011858950020063146,2.6395236833138347e-05,-1.5312301323778699e-07,0.05774574792982199,2.35689402773254e-11
602546250109.5706,950721263.221672,0.13870563082442797,0.0011862322639863462,2876.2191105140946,0.5773272797798891,0.09845840527834168,0.8072252867530327,-8.055534017614718e-11,1.2279510741564081e-11,3,1.0000000000000004,4999273.244678009,288.2182719427141,0.5773272797798891,0.09845840527834168,0.0011863853955012315,2.6381683233807286e-05,-1.53108058103172e-07,0.057732727977988944,2.3552339351612256e-11
603498603950.4022,952353840.8317636,0.1387250363972616,0.0011867195695822901,2876.3132556930736,0.5771970262082504,0.09849111899837953,0.8073118604179363,-8.145439878148863e-11,5.8621996146257516e-12,3,1.0000000000000004,4999594.292495109,288.100829826589,0.5771970262082504,0.09849111899837953,0.0011868726527183315,2.6368104561626975e-05,-1.530596969922886e-07,0.05771970262082511,2.353571275150903e-11
604452542019.4841,953938069.0819119,0.1387444659085947,0.0011872041390796736,2876.4054054184744,0.5770667256884696,0.0985235628313155,0.8073971595468077,-8.23922041703895e-11,7.189582262867589e-12,3,1.0000000000000004,4999915.256547,287.983281349142,0.5770667256884696,0.0985235628313155,0.0011873571419740436,2.635450700066786e-05,-1.5297947311976062e-07,0.05770667256884696,2.3519066569685993e-11
605408016476.6305,955474457.1463693,0.1387639148406417,0.0011876863030090543,2876.4958086789597,0.5769363852087346,0.09855573459247713,0.8074706489558103,-8.336531465147345e-11,2.851718861052177e-12,3,1.0000000000000004,5000236.202399655,287.8656560409082,0.5769363852087346,0.09855573459247713,0.0011878391979543571,2.6340896244345945e-05,-1.528715419082509e-07,0.057693638520873385,2.3502406423129184e-11
606364986245.5342,956969768.9037908,0.13878337907406058,0.0011881663841393642,2876.584705306732,0.5768060107904338,0.09858763235841705,0.8075480409375224,-8.437617271539466e-11,-5.4500848278848935e-12,3,1.0000000000000004,5000557.194313573,287.7479814722934,0.5768060107904338,0.09858763235841705,0.0011883191432562898,2.632727765189214e-05,-1.5273573144099243e-07,0.057680601079043325,2.348573757987435e-11
607323407737.5212,958421491.9869252,0.13880285468522763,0.0011886446804776428,2876.6723178065336,0.5766756087554902,0.0986192541519452,0.8076158923564503,-8.542289098301126e-11,4.93183271998987e-12,3,1.0000000000000004,5000878.291151041,287.6302841188502,0.5766756087554902,0.0986192541519452,0.001188797279145044,2.6313656322622684e-05,-1.5257529987382494e-07,0.057667560875549057,2.3469065065605185e-11
608283242832.2972,959835094.7760538,0.13882234513898614,0.0011891205617916934,2876.7582304308316,0.5765451846556786,0.09865059826066672,0.8073731258551042,-8.637490722662733e-11,-1.198952048753199e-11,3,1.0000000000000004,5001199.367853641,287.5125380168794,0.5765451846556786,0.09865059826066672,0.0011892730639031742,2.6300026216882803e-05,-1.5247876180763843e-07,0.05765451846556788,2.3452383319696152e-11
609244638121.7092,961395289.4120952,0.1388418472925287,0.0011895949466191617,2876.8430328243903,0.5764147189676976,0.09868166893913735,0.8077372730397325,-8.752665259237347e-11,-7.05591141070272e-12,3,1.0000000000000004,5001520.625105918,287.39476801238334,0.5764147189676976,0.09868166893913735,0.0011897472500959944,2.6286394375044688e-05,-1.5228014525535987e-07,0.05764147189676986,2.3435698460598454e-11
610207379055.1602,962740933.4510425,0.13886132999490428,0.0011900714544317039,2876.9292362671304,0.5762842411073085,0.09871245856214568,0.8093407717624235,-8.92411700093021e-11,-2.3198110099542646e-12,3,1.0000000000000004,5001842.736564959,287.27720775861076,0.5762842411073085,0.09871245856214568,0.0011902231219964115,2.6272808146377043e-05,-1.5164425185468352e-07,0.057628424110730776,2.3419056205306072e-11
611170511997.0492,963132941.8890982,0.13888075062397776,0.0011905518355155328,2877.0183382275513,0.5761538801514294,0.09874293611150287,0.8085495609155835,-9.0541685260348e-11,-1.2682299654898088e-11,3,1.0000000000000004,5002166.001409996,287.1601443276657,0.5761538801514294,0.09874293611150287,0.0011907030216772325,2.6259317499646183e-05,-1.5116286698656768e-07,0.05761538801514299,2.3402507583342215e-11
612134508423.2532,963996426.203969,0.1389001374150669,0.001191034066651152,2877.108821690205,0.5760235721263712,0.09877311639442587,0.8085969095683598,-9.193035221954915e-11,-9.695799718656417e-12,3,1.0000000000000004,5002490.056116118,287.043374336294,0.5760235721263712,0.09877311639442587,0.0011911847952805323,2.6245884661957433e-05,-1.507053528575976e-07,0.05760235721263711,2.3386014897354156e-11
613099340858.0431,964832434.7900298,0.13891948731059228,0.0011915184987668515,2877.200928881421,0.5758933206783086,0.09880299824014845,0.8086860933675943,-9.33678689918338e-11,-3.6227687516543483e-12,3,1.0000000000000004,5002814.96232967,286.926919917289,0.5758933206783086,0.09880299824014845,0.0011916687456498586,2.623251406954137e-05,-1.5022362467408157e-07,0.057589332067830866,2.3369582410843553e-11
614064956776.834,965615918.790874,0.1389387965032024,0.001192005427706216,2877.294876217118,0.5757631327993976,0.09883257972050138,0.8087743154361338,-9.484091290090646e-11,-1.0940803818471068e-11,3,1.0000000000000004,5003140.774520279,286.8108064285005,0.5757631327993976,0.09883257972050138,0.001192155169252108,2.6219210556968925e-05,-1.4971830572795553e-07,0.0575763132799398,2.3353214855893945e-11
615031304106.3745,966347329.5404297,0.13895806291190044,0.0011924946980370916,2877.39058972901,0.5756330153822079,0.09886185898328392,0.8086897812509264,-9.628176034226499e-11,-7.733036433421603e-12,3,1.0000000000000004,5003467.458725076,286.6950344693619,0.5756330153822079,0.09886185898328392,0.0011926439574663178,2.620597368626002e-05,-1.492362071298818e-07,0.05756330153822082,2.3336911963211906e-11
615998433944.8553,967129838.4809098,0.13897728588622907,0.0011929865508222939,2877.488219856276,0.5755029614229843,0.09889083731309818,0.80881984984571,-9.779743681548325e-11,-2.9873881146613712e-12,3,1.0000000000000004,5003795.068886181,286.5796070233316,0.5755029614229843,0.09889083731309818,0.001193135297126274,2.6192804748581127e-05,-1.4872309997651185e-07,0.05755029614229835,2.3320674701400784e-11
616966269096.3873,967835151.5319995,0.13899643865198946,0.0011934847677988996,2877.590321444083,0.5753729811179285,0.09891951195328616,0.810574516396656,-1.0002987327339952e-10,-9.59665680255739e-12,3,1.0000000000000004,5004124.321269306,286.46473721313976,0.5753729811179285,0.09891951195328616,0.0011936325466095161,2.6179748441386596e-05,-1.477556254549742e-07,0.057537298111792805,2.3304545602307385e-11
617933761197.5804,967492101.1929775,0.13901548161636154,0.001193990350116973,2877.6979029861927,0.5752432146309636,0.09894785157277494,0.8094619273479875,-1.0156864238552998e-10,-8.8626883609777e-12,3,1.0000000000000004,5004455.34654687,286.35068143240113,0.5752432146309636,0.09894785157277494,0.0011941373976331053,2.6166847246204702e-05,-1.4702434883544146e-07,0.0575243214630964,2.328856882670102e-11
618901574805.2832,967813607.7027615,0.13903445704625078,0.0011945001550396055,2877.8086287788965,0.5751135722756786,0.09897587583935893,0.8093223730076815,-1.0318235155182265e-10,-1.063460430827945e-11,3,1.0000000000000004,5004787.5795332985,286.23714019325485,0.5751135722756786,0.09897587583935893,0.0011946465576363392,2.615404511910337e-05,-1.4637944729613209e-07,0.05751135722756788,2.327268865877208e-11
619869793492.2402,968218686.9569491,0.13905336292438006,0.0011950148733307058,2877.922932507892,0.5749840424741159,0.09900358703220366,0.8094678799475119,-1.0495804225740812e-10,4.2372771957843725e-12,3,1.0000000000000004,5005121.163908921,286.1241335934165,0.5749840424741159,0.09900358703220366,0.0011951605940206242,2.6141347429677556e-05,-1.45697558434963e-07,0.057498404247411566,2.325690976421985e-11
620838330365.9642,968536873.7240913,0.13907219850157707,0.0011955341041784058,2878.0405771198352,0.5748546364640235,0.09903098254734216,0.8094191238094961,-1.0663292471235764e-10,6.498801496945816e-12,3,1.0000000000000004,5005456.00583547,286.01165229046137,0.5748546364640235,0.09903098254734216,0.0011956791623804744,2.6128751237430974e-05,-1.450350883224339e-07,0.05748546364640233,2.3241229611893808e-11
621807214710.5426,968884344.5784062,0.1390909577051109,0.0011960588636788594,2878.162233406031,0.574725349923422,0.09905806304896438,0.8096942920310379,-1.0849043885485798e-10,-5.599187780092052e-12,3,1.0000000000000004,5005792.314120029,285.8997456950536,0.574725349923422,0.09905806304896438,0.0011962031879109887,2.6116267541196573e-05,-1.443011362318886e-07,0.05747253499234219,2.3225658393732402e-11
622776281943.7219,969067233.1793522,0.13910963477681096,0.0011965893249081966,2878.288060940047,0.5745962043514278,0.09908482379908502,0.8097558863717769,-1.1031719981957622e-10,3.923306124420378e-12,3,1.0000000000000004,5006130.101942891,285.7884500881761,0.5745962043514278,0.09908482379908502,0.0011967329016003671,2.6103902247913257e-05,-1.435536139728853e-07,0.05745962043514278,2.3210202234582897e-11
623745495236.1617,969213292.4399762,0.13912822809128336,0.0011971255302301899,2878.4180977616425,0.574467204146935,0.09911126371441834,0.809757497999275,-1.1215361972460869e-10,5.88640247656258e-12,3,1.0000000000000004,5006469.374395573,285.6777724641536,0.574467204146935,0.09911126371441834,0.0011972683627087715,2.6091656515801163e-05,-1.4280941798131186e-07,0.05744672041469348,2.31948622707734e-11
624714853645.2379,969358409.0760719,0.13914673629243585,0.001197667574959889,2878.552410872438,0.5743383489204091,0.09913738271255439,0.8098379830623337,-1.140290084578055e-10,3.4494629375103614e-12,3,1.0000000000000004,5006810.1488979645,285.5677154467036,0.5743383489204091,0.09913738271255439,0.0011978096488223526,2.6079531018155973e-05,-1.4205081939335277e-07,0.05743383489204089,2.317963903071019e-11
625684309014.8357,969455369.5978017,0.13916515361152282,0.0011982161902527125,2878.6914946908896,0.5742096445328426,0.09916317940102784,0.8100508966379927,-1.1599998739342254e-10,-4.68203253944921e-12,3,1.0000000000000004,5007152.565041179,285.45832526561577,0.5742096445328426,0.09916317940102784,0.0011983574525712107,2.6067535172225894e-05,-1.4123929294983939e-07,0.05742096445328425,2.3164541492100372e-11
626653733927.8323,969424912.9966902,0.13918347379760984,0.0011987718508717977,2878.835693923637,0.5740811073008092,0.09918865031852594,0.8102024412481867,-1.1800371790826603e-10,-4.136357922845946e-12,3,1.0000000000000004,5007496.70023956,285.34964750921745,0.5740811073008092,0.09918865031852594,0.0011989122654253287,2.6055677333120585e-05,-1.403915454126267e-07,0.05740811073008089,2.3149577928982574e-11
627623037720.5754,969303792.7432498,0.13920169214718736,0.0011993347376480334,2878.985160353715,0.5739527485882301,0.09921379307425815,0.8102420716304959,-1.2001533100658435e-10,-1.3876122473277519e-11,3,1.0000000000000004,5007842.579642931,285.2417051961911,0.5739527485882301,0.09921379307425815,0.0011994742979840464,2.604396151651431e-05,-1.3953734519913117e-07,0.05739527485882299,2.3134752351004724e-11
628592196705.6829,969158985.1073648,0.13921980616595625,0.0011999050243474772,2879.1400184491167,0.5738245708500556,0.09923860707761527,0.8103501542011671,-1.2206258226399314e-10,-4.477529458313256e-12,3,1.0000000000000004,5008190.2327362,285.13450838615717,0.5738245708500556,0.09923860707761527,0.0012000437097961457,2.6032389763796746e-05,-1.386624750653907e-07,0.057382457085005584,2.3120066638342726e-11
629561146280.2316,968949574.5485901,0.13923781012957145,0.0012004835363631542,2879.3008165768174,0.5736965819146184,0.09926309067146064,0.8106423768361459,-1.2422418649293832e-10,-4.434341782655338e-12,3,1.0000000000000004,5008539.811939797,285.02810988488875,0.5736965819146184,0.09926309067146064,0.0012006212764194611,2.6020972697433102e-05,-1.377170999048506e-07,0.05736965819146187,2.3105530955671453e-11
630529711866.6388,968565586.4072967,0.13925570275852078,0.0012010701304931769,2879.467475710527,0.5735688040542396,0.09928723950590332,0.810385684807402,-1.262572268956319e-10,-3.954614413714808e-12,3,1.0000000000000004,5008891.2739720885,284.9225319468564,0.5735688040542396,0.09928723950590332,0.001201206987695378,2.6009713087590313e-05,-1.3683426269644297e-07,0.05735688040542401,2.3091148492614113e-11
631498046942.1326,968335075.4936522,0.13927348624755978,0.0012016651422549372,2879.6401678004754,0.573441216257763,0.09931105749478732,0.8108427904107707,-1.285250794680337e-10,1.1639578190170141e-12,3,1.0000000000000004,5009244.692537642,284.8177595593652,0.573441216257763,0.09931105749478732,0.001201801019682134,2.59986096984143e-05,-1.3585450472355788e-07,0.05734412162577625,2.3076917338233645e-11
632465878642.8041,967831700.671444,0.13929114645259422,0.001202269345142833,2879.819495577305,0.5733138536440254,0.09933453796559397,0.8109077698215117,-1.3077650073967106e-10,5.574651851247836e-12,3,1.0000000000000004,5009600.187470273,284.713878753246,0.5733138536440254,0.09933453796559397,0.0012024042222327739,2.5987677949512142e-05,-1.3485418431638743e-07,0.05733138536440258,2.306285293363181e-11
633433168472.7112,967289829.9071532,0.13930867949788045,0.0012028827306303058,2880.0054866279465,0.573186720384163,0.09935768015116891,0.8110315700970983,-1.3301371115659322e-10,-2.7617907960575394e-12,3,1.0000000000000004,5009957.747990416,284.61089061612574,0.573186720384163,0.09935768015116891,0.0012030165865075271,2.5976917882583078e-05,-1.338329882658317e-07,0.05731867203841627,2.304895528367698e-11
634399842947.5615,966674474.8504037,0.13932608143203357,0.0012035062408494697,2880.1987380315386,0.5730598251986642,0.09938048241133857,0.8111521353215689,-1.3532497344925787e-10,1.9475532297974496e-12,3,1.0000000000000004,5010317.555861144,284.5088575302254,0.5730598251986642,0.09938048241133857,0.0012036390428488023,2.5966342033832695e-05,-1.3277912696078747e-07,0.05730598251986647,2.3035236383984874e-11
635365830661.2485,965987713.6869315,0.139343369068971,0.0012041379224291696,2880.3978995765638,0.5729331765249246,0.09940294339424023,0.8109066633454898,-1.3759537953461631e-10,-2.580602398438714e-12,3,1.0000000000000004,5010679.19865864,284.4076785277838,0.5729331765249246,0.09940294339424023,0.0012042697550745352,2.5955928130702896e-05,-1.3180978937409082e-07,0.057293317652492494,2.302167537366952e-11
636331278195.2571,965447534.0085304,0.13936088318820547,0.0012047293723778916,2880.57050949926,0.5728067546805371,0.0994250690012158,0.7844916437294014,-1.2960132966810534e-10,-8.504308368628699e-14,3,1.0000000000000004,5011033.659548508,284.3048685924477,0.5728067546805371,0.0994250690012158,0.001204866592097216,2.5945145781736936e-05,-1.3719686768672715e-07,0.05728067546805369,2.3007772097142223e-11
637312296308.3258,981018113.0688099,0.13937875094396862,0.0012053279863866813,2880.74360492214,0.5726784548000939,0.09944722471029971,0.8229226497458164,-1.4164913686443015e-10,1.4948042803553108e-12,3,1.0000000000000004,5011391.67034138,284.2000332373532,0.5726784548000939,0.09944722471029971,0.0012054619169264227,2.5934097394029974e-05,-1.339077169141962e-07,0.057267845480009405,2.2993560827813318e-11
638285581302.5033,973284994.177508,0.13939629728413044,0.0012059364461690773,2880.925758426367,0.5725513245731898,0.09946888004216885,0.8090533890059426,-1.4123979763525085e-10,1.2891021583527618e-11,3,1.0000000000000004,5011750.7687001135,284.0973038981792,0.5725513245731898,0.09946888004216885,0.0012060697041234895,2.5923397009349138e-05,-1.3323514502821097e-07,0.05725513245731894,2.29797101169619e-11
639259435513.0972,973854210.5937887,0.1394138874039921,0.0012065357982985049,2881.1018734819663,0.5724242778117747,0.09949022382254312,0.8058783519671042,-1.4169898587823582e-10,3.8331560148208155e-12,3,1.0000000000000004,5012108.491087666,283.9943002076197,0.5724242778117747,0.09949022382254312,0.0012066693849077973,2.5912631254049116e-05,-1.3356381445898072e-07,0.0572424277811774,2.2965798535675215e-11
640235776926.0907,976341412.9936886,0.13943157904824582,0.001207124908778613,2881.270684119351,0.5722970649141507,0.09951129826473579,0.805133788112089,-1.42671430225505e-10,2.5195401320843303e-12,3,1.0000000000000004,5012464.876505605,283.8906395023094,0.5722970649141507,0.09951129826473579,0.001207259011403769,2.590174047190704e-05,-1.3407984561546964e-07,0.057229706491415025,2.295176253152099e-11
641215064387.9337,979287461.8429143,0.13944937514332,0.0012077050710449628,2881.432939826777,0.572169627227528,0.09953211243060042,0.8054583930383608,-1.4401202452773987e-10,1.0411671524934718e-12,3,1.0000000000000004,5012820.254367529,283.7863205851782,0.572169627227528,0.09953211243060042,0.0012078395966260873,2.5890729489387636e-05,-1.3450281744375124e-07,0.05721696272275277,2.2937605019883358e-11
642197108843.1873,982044455.2535325,0.13946726432603293,0.001208277111916549,2881.589258113513,0.5720419904980251,0.09955266127540344,0.8056054646987665,-1.4537060444297367e-10,1.9479973190072997e-12,3,1.0000000000000004,5013174.769584192,283.6814247938414,0.5720419904980251,0.09955266127540344,0.0012084120060500247,2.5879613334070707e-05,-1.3487138578263868e-07,0.057204199049802514,2.2923341008999208e-11
643181828155.9425,984719312.755371,0.13948523753262637,0.0012088416057610101,2881.740081344817,0.5719141664657517,0.09957294212816344,0.8057904880842681,-1.4679146786988895e-10,3.495426170729843e-12,3,1.0000000000000004,5013528.530486518,283.57599966168686,0.5719141664657517,0.09957294212816344,0.001208976811472386,2.586840127490877e-05,-1.3518297984403948e-07,0.05719141664657524,2.2908979576449012e-11
644169116243.1755,987288087.2329328,0.13950328700163256,0.0012093994410064895,2881.8860248669953,0.5717861698960374,0.0995929518653328,0.8060413025923197,-1.4830858763303922e-10,5.801581437481218e-12,3,1.0000000000000004,5013881.701170021,283.4701150495242,0.5717861698960374,0.0995929518653328,0.0012095348842499172,2.5857106744308315e-05,-1.3542052825817256e-07,0.05717861698960371,2.289453392858018e-11
645158825786.817,989709543.6414498,0.13952140377659458,0.0012099510959438214,2882.0274711900556,0.5716580207995771,0.09961268662378016,0.8061463274700031,-1.498331458904545e-10,-7.061018436615996e-12,3,1.0000000000000004,5014234.361056359,283.3638242385825,0.5716580207995771,0.09961268662378016,0.0012100867397146938,2.5845739404212812e-05,-1.3562107214943066e-07,0.05716580207995771,2.288001378302127e-11
646150898095.8256,992072309.0086542,0.1395395814377604,0.0012104970871886123,2882.16479890055,0.5715297276260076,0.09963214440622178,0.8063057434226639,-1.5142531673006943e-10,-7.808531599096113e-12,3,1.0000000000000004,5014586.608220309,283.2571674718704,0.5715297276260076,0.09963214440622178,0.0012106328844026146,2.5834307126602654e-05,-1.3577453187542181e-07,0.05715297276260076,2.2865426832647547e-11
647145240499.8435,994342404.0178262,0.13955781327453354,0.0012110380382664417,2882.29845264354,0.5714013031532812,0.09965132258353727,0.8064830585297056,-1.5308498912958157e-10,2.992717185179572e-12,3,1.0000000000000004,5014938.555941329,283.1501964153818,0.5714013031532812,0.09965132258353727,0.0012111739377135117,2.582281976467027e-05,-1.3587678167916252e-07,0.05714013031532805,2.2850782785808398e-11
648141748628.1005,996508128.2569196,0.13957609198994556,0.0012115743983823622,2882.4287787887756,0.5712727615902926,0.09967021837152176,0.8065715786931271,-1.5476331327590742e-10,8.126832540256146e-13,3,1.0000000000000004,5015290.28326858,283.04295490439927,0.5712727615902926,0.09967021837152176,0.0012117103698804873,2.581128546964992e-05,-1.3594884954286832e-07,0.057127276159029246,2.2836089749800745e-11
649140372394.3158,998623766.2152331,0.13959441363785793,0.0012121064697215376,2882.556001223797,0.5711441100803849,0.09968883009341926,0.8066760531777462,-1.564791629604656e-10,-6.321387857610716e-12,3,1.0000000000000004,5015641.8459084835,282.9354694684142,0.5711441100803849,0.09968883009341926,0.0012122424826544438,2.5799709290808516e-05,-1.3599030122302022e-07,0.05711441100803846,2.2821352709726326e-11
650141051483.6687,1000679089.3529876,0.1396127734107251,0.0012126347211791125,2882.6804514839037,0.571015357035238,0.09970715590742571,0.8067927524668672,-1.58255075710656e-10,4.8967496724117154e-12,3,1.0000000000000004,5015993.331338275,282.82777757254144,0.571015357035238,0.09970715590742571,0.0012127707411374552,2.5788098448708107e-05,-1.359973436694793e-07,0.05710153570352382,2.2806578745777386e-11
651143717602.6793,1002666119.010539,0.1396311668922861,0.0012131594058833065,2882.8023284101528,0.5708865118406612,0.0997251938776963,0.8068607271205508,-1.6005197167601182e-10,6.134204255658915e-12,3,1.0000000000000004,5016344.782885444,282.719905859321,0.5708865118406612,0.0997251938776963,0.00121329541114647,2.5776457812029723e-05,-1.3598266555938613e-07,0.05708865118406607,2.2791772734457955e-11
652148332376.9768,1004614774.2975394,0.13964959046632297,0.001213680825850188,2882.921851349228,0.5707575799919176,0.0997429426515151,0.8069473925176318,-1.6188728135801966e-10,-6.532663299196884e-12,3,1.0000000000000004,5016696.257793897,282.6118786169002,0.5707575799919176,0.0997429426515151,0.0012138167912814672,2.5764792083644465e-05,-1.3594285081968204e-07,0.05707575799919173,2.2776939279096366e-11
653154845540.0804,1006513163.1036004,0.13966804095484567,0.0012141991919599694,2883.039180719153,0.5706285684725997,0.09976040069666213,0.8069776920305305,-1.6372769806594079e-10,4.307443290940682e-12,3,1.0000000000000004,5017047.7942784745,282.5037173271398,0.5706285684725997,0.09976040069666213,0.001214335104605965,2.5753105229606288e-05,-1.3589008271128995e-07,0.057062856847260014,2.2762082334153826e-11
654163241747.7052,1008396207.6247497,0.13968651570770835,0.0012147147737393467,2883.1545060720237,0.5704994797595797,0.0997775671153599,0.8070846561902822,-1.6564261073881426e-10,5.064837438339964e-13,3,1.0000000000000004,5017399.44561681,282.3954403585885,0.5704994797595797,0.0997775671153599,0.0012148506061371766,2.574140095659794e-05,-1.3580985183298264e-07,0.057049947975957964,2.2747205469685467e-11
655173457573.3862,1010215825.6808785,0.13970501039356176,0.0012152279191086747,2883.2680805407726,0.5703703224504033,0.09979444020153733,0.8071904657180884,-1.6756462883904533e-10,-9.18043419062542e-12,3,1.0000000000000004,5017751.27298389,282.2870777585694,0.5703703224504033,0.09979444020153733,0.0012153636431758523,2.572968493069327e-05,-1.357015384925077e-07,0.057037032245040364,2.2732314274639437e-11
656185429967.491,1011972394.1047277,0.1397235122594228,0.0012157402144601956,2883.380978135989,0.5702411050274463,0.09981101820513869,0.8077298149777867,-1.6977075301127798e-10,1.2305712004945235e-12,3,1.0000000000000004,5018103.58003659,282.178724274314,0.5702411050274463,0.09981101820513869,0.0012158757076982348,2.571797671115796e-05,-1.3547072700909483e-07,0.05702411050274454,2.2717427350852112e-11
657198823475.7883,1013393508.2973598,0.1397420105825963,0.001216251926425063,2883.4934682066223,0.5701118706165164,0.09982729503919201,0.8077496188585442,-1.7184531575509254e-10,-5.634270827670207e-12,3,1.0000000000000004,5018456.368420184,282.0704478247977,0.5701118706165164,0.09982729503919201,0.0012163871775356396,2.5706287021117618e-05,-1.3522861702780233e-07,0.057011187061651654,2.270255604869283e-11
658213627653.5673,1014804177.7788019,0.13976050432185122,0.0012167632814147952,2883.6056961121867,0.5699826207642266,0.09984327006408567,0.8078173363568197,-1.7398649188038462e-10,-8.86846152070575e-12,3,1.0000000000000004,5018809.684469843,281.96226328426087,0.5699826207642266,0.09984327006408567,0.0012168982738152618,2.569461887938892e-05,-1.3496992446367818e-07,0.05699826207642269,2.2687703247691024e-11
659229801870.0453,1016174216.4781039,0.1397789945820494,0.0012172738468739733,2883.7173945926556,0.5698533608468783,0.09985894221672248,0.807621260701108,-1.7597578949590797e-10,-1.1901590823981678e-12,3,1.0000000000000004,5019163.441037227,281.85415553531055,0.5698533608468783,0.09985894221672248,0.0012174086200925907,2.5682968566059505e-05,-1.3475075996260608e-07,0.056985336084687824,2.2672865615236962e-11
660247471488.1327,1017669618.0872649,0.1397974830617809,0.0012177837628827308,2883.8286296713786,0.5697240751484861,0.09987431298385797,0.8077427855746055,-1.7812429309316258e-10,-6.076250613773482e-12,3,1.0000000000000004,5019517.687163743,281.7461125900291,0.5697240751484861,0.09987431298385797,0.0012179182929638569,2.567133495004706e-05,-1.345076400011986e-07,0.056972407514848604,2.2658041593552514e-11
661266562038.7416,1019090550.6089338,0.13981596539403945,0.001218293355788023,2883.939640039851,0.5695947733552627,0.09988938074606954,0.8078439946157534,-1.8029577830702692e-10,4.594769009713673e-12,3,1.0000000000000004,5019872.476101182,281.63816361164044,0.5695947733552627,0.09988938074606954,0.0012184276189025653,2.565972342970946e-05,-1.342406909587928e-07,0.056959477335526316,2.2643236521648437e-11
662287011577.4177,1020449538.6760249,0.13983442921157987,0.0012188041695075924,2884.051466863354,0.5694654635000239,0.0999041440455601,0.8085927336032306,-1.8252155342679544e-10,9.989120641762383e-12,3,1.0000000000000004,5020228.093453956,281.530397031361,0.5694654635000239,0.0999041440455601,0.0012189380117097446,2.5648152279205846e-05,-1.3381979614251135e-07,0.056946546350002424,2.2628467732576484e-11
663308348719.9576,1021337142.5399245,0.1398528372393089,0.0012193197348532175,2884.1665816502136,0.5693362052718952,0.09991859534153562,0.8090912385905202,-1.8539947355122877e-10,-8.844036614163997e-13,3,1.0000000000000004,5020585.176248982,281.4230755589554,0.5693362052718952,0.09991859534153562,0.001219453024434941,2.5636672572415804e-05,-1.3326719399965125e-07,0.05693362052718956,2.2613784804581583e-11
664330259278.2391,1021910558.2815759,0.13987121993403104,0.0012198346624296959,2884.2814812966685,0.5692070382647156,0.09993273021734035,0.8077907598380563,-1.8707435600617828e-10,-1.0464962230116726e-11,3,1.0000000000000004,5020942.60277283,281.3159614400116,0.5692070382647156,0.09993273021734035,0.0012199676913178452,2.5625229772892027e-05,-1.3300651721123524e-07,0.05692070382647159,2.2599137859180047e-11
665353566302.3188,1023307024.0797336,0.13988959486269653,0.001220348839387197,2884.3959184635314,0.5690778584760717,0.09994655996787681,0.8076396819378662,-1.892314083207225e-10,-7.989497952110014e-12,3,1.0000000000000004,5021300.497858074,281.20892455252914,0.5690778584760717,0.09994655996787681,0.001220481642490914,2.561380528445237e-05,-1.3278075013918358e-07,0.05690778584760726,2.2584506300533442e-11
666378367537.2368,1024801234.9178778,0.13990795866290956,0.0012208633045547078,2884.5105419932997,0.5689486537788963,0.09996008539971415,0.808078865488504,-1.916559133618989e-10,-3.3629765638920617e-12,3,1.0000000000000004,5021659.080100873,281.10200385865414,0.5689486537788963,0.09996008539971415,0.0012209957922356821,2.5602408554851957e-05,-1.3246534506124358e-07,0.05689486537788968,2.2569898585058206e-11
667404386235.1667,1026018697.9298413,0.1399262988643605,0.0012213790960986918,2884.626093268349,0.5688194591958362,0.09997330231717678,0.8084804076213814,-1.9399326589564225e-10,-2.4621416017112097e-12,3,1.0000000000000004,5022018.503476053,280.99529474845144,0.5688194591958362,0.09997330231717678,0.0012215111835633603,2.559105693735681e-05,-1.3206514627581144e-07,0.056881945919583676,2.2555331989748073e-11
668431368715.4249,1026982480.2581646,0.1399445892314197,0.0012218992553249587,2884.744636850457,0.5686903066255441,0.09998620682470455,0.8092787345814756,-1.9691626107487537e-10,1.333244625811858e-11,3,1.0000000000000004,5022379.32848837,280.88899538442865,0.5686903066255441,0.09998620682470455,0.0012220307682081117,2.5579790148313925e-05,-1.314905829204014e-07,0.0568690306625544,2.254084457795793e-11
669458808740.1285,1027440024.703639,0.1399628280509927,0.001222422264279257,2884.8652917960812,0.5685612594972497,0.09999879231910465,0.8089210054573748,-1.991715681270989e-10,-3.699596184958409e-12,3,1.0000000000000004,5022741.166574965,280.7831008762251,0.5685612594972497,0.09999879231910465,0.001222553279774286,2.5568601503682325e-05,-1.3099321206861572e-07,0.056856125949724945,2.2526431983336967e-11
670486933771.6102,1028125031.4817542,0.13998102612565275,0.0012229475220204111,2884.987590378254,0.5684322889856144,0.10001106153095257,0.8087828230751715,-2.0147361556865917e-10,6.20814510909895e-12,3,1.0000000000000004,5023103.939961032,280.6775446595971,0.5684322889856144,0.10001106153095257,0.0012230780746161649,2.555747932743233e-05,-1.305303300629539e-07,0.056843228898561415,2.2512082358891416e-11
671515832150.1237,1028898378.5134479,0.13999916938573329,0.0012234773897460399,2885.113068015427,0.5683033837984262,0.10002301514353902,0.8095213001324542,-2.0434010039593886e-10,-6.330935775622493e-12,3,1.0000000000000004,5023468.128542771,280.57243546521875,0.5683033837984262,0.10002301514353902,0.00122360732841788,2.5546448014164574e-05,-1.2991642402739414e-07,0.05683033837984264,2.2497818094494396e-11
672545034696.4988,1029202546.3751421,0.1400172433244485,0.0012240122887290812,2885.242119202629,0.5681746023741392,0.10003464740674908,0.809702048049088,-2.0702473069178495e-10,8.821832153671494e-12,3,1.0000000000000004,5023833.730639003,280.46786308203673,0.5681746023741392,0.10003464740674908,0.0012241415768021414,2.553552167016806e-05,-1.2926584280676532e-07,0.0568174602374139,2.2483654086583323e-11
673574426587.0298,1029391890.5309209,0.140035244501556,0.001224552063695354,2885.374684343137,0.5680459586109909,0.1000459569338706,0.8094895063981422,-2.0955215340734412e-10,4.310107826199783e-12,3,1.0000000000000004,5024200.703135237,280.3638363622938,0.5680459586109909,0.1000459569338706,0.0012246807419504257,2.5524701045996592e-05,-1.2865604208796456e-07,0.05680459586109905,2.2469591371230443e-11
674604143012.435,1029716425.4052675,0.1400531756023677,0.0012250967649567225,2885.5107619116625,0.5679174351668044,0.10005694512927339,0.8096448698979852,-2.1223878210463454e-10,7.158496018178084e-12,3,1.0000000000000004,5024569.077620533,280.26033553235095,0.5679174351668044,0.10005694512927339,0.001225224810290834,2.551398348214183e-05,-1.2802313849784865e-07,0.056791743516680544,2.2455626862279535e-11
675634085242.5248,1029942230.0896238,0.14007103171611637,0.001225646630791972,2885.650539211504,0.5677890439124128,0.10006761080992267,0.809681148516983,-2.1490031976156843e-10,-4.451994328746878e-12,3,1.0000000000000004,5024938.884325676,280.1573859534746,0.5677890439124128,0.10006761080992267,0.0012257740369198671,2.5503373420145906e-05,-1.2738394952198445e-07,0.05677890439124131,2.244176499313579e-11
676664230247.6721,1030145005.1472533,0.1400888089293111,0.0012262020872334225,2885.7943034842465,0.567660787240086,0.10007795363254597,0.8100138373934307,-2.1765911295545948e-10,-1.0415335260915981e-11,3,1.0000000000000004,5025310.19695282,280.0550095736689,0.567660787240086,0.10007795363254597,0.0012263287959829053,2.549287542544287e-05,-1.2668658836656056e-07,0.056766078724008656,2.2428010015064208e-11
677694366453.8445,1030136206.1725034,0.1401064960998327,0.0012267640095128427,2885.9426801678424,0.5675326909345395,0.10008797134315298,0.8100928114429529,-2.2046708902934142e-10,2.1385115900329765e-12,3,1.0000000000000004,5025683.154797619,279.95328223375213,0.5675326909345395,0.10008797134315298,0.0012268900001252835,2.5482503533330785e-05,-1.2596846852598e-07,0.05675326909345392,2.241437573545254e-11
678724443647.5404,1030077193.6957986,0.1401240951080319,0.0012273319680546463,2886.0953926231923,0.5674047606359967,0.10009766346617774,0.8101234043322858,-2.231852480605312e-10,1.5184964397008116e-11,3,1.0000000000000004,5026057.661535616,279.8521858806972,0.5674047606359967,0.10009766346617774,0.0012274572433261495,2.5472253439543294e-05,-1.2525314456755137e-07,0.05674047606359971,2.240085821777795e-11
679754442383.5416,1029998736.0010788,0.14014159967154308,0.0012279068195568562,2886.2530045249437,0.5672769981346405,0.10010702978290018,0.8104114307405652,-2.2603319216329965e-10,-8.56792414793972e-12,3,1.0000000000000004,5026433.880018071,279.75176499148296,0.5672769981346405,0.10010702978290018,0.001228031325396209,2.546213459415065e-05,-1.244837294342545e-07,0.05672769981346409,2.238746624357657e-11
680784179630.794,1029737247.2524375,0.14015899859660297,0.001228489608918114,2886.416239787065,0.5671494254428937,0.10011606856010039,0.8107582731564644,-2.289770595353957e-10,-6.8332006719629135e-12,3,1.0000000000000004,5026811.980676996,279.65209728986497,0.5671494254428937,0.10011606856010039,0.0012286132784135998,2.5452161810263572e-05,-1.23647402567694e-07,0.05671494254428939,2.237421420063634e-11
681813435227.2308,1029255596.4368856,0.14017614637965434,0.0012291007826864635,2886.5985955964034,0.5670220689093731,0.10012477678433938,0.8233052029016363,-2.3531165904699947e-10,9.155565194873816e-12,3,1.0000000000000004,5027195.696810913,279.5542031434436,0.5670220689093731,0.10012477678433938,0.0012292212820424553,2.54425522923019e-05,-1.2047728390843163e-07,0.05670220689093739,2.236130513467792e-11
682834340193.6759,1020904966.4452006,0.14019273477100175,0.0012297552965574732,2886.8120006545364,0.5668958986478095,0.10013308686718692,0.817453589679884,-2.384286101886346e-10,8.422151864806438e-13,3,1.0000000000000004,5027586.820906798,279.46006288456437,0.5668958986478095,0.10013308686718692,0.0012298733924439918,2.543364498369539e-05,-1.180738306427934e-07,0.056689589864780905,2.2349084605174616e-11
683850580166.2268,1016239972.5509562,0.1402091187649948,0.0012304172775954832,2887.0317218261694,0.5667704556710926,0.10014103330455261,0.8118184431638031,-2.385746045163728e-10,-6.009304165388585e-12,3,1.0000000000000004,5027978.925888289,279.3672675553839,0.5667704556710926,0.10014103330455261,0.001230534344582273,2.5424963267109834e-05,-1.1704494324207654e-07,0.056677045567109285,2.2337094047266205e-11
684865681330.7994,1015101164.5725766,0.14022535146172346,0.0012310913130996102,2887.259895925227,0.5666453029262895,0.10014864532247987,0.8124984565704985,-2.4158908207283503e-10,1.361355472795367e-12,3,1.0000000000000004,5028373.53565875,279.2755334947988,0.5666453029262895,0.10014864532247987,0.0012312072274063702,2.5416485535083454e-05,-1.1589227887876461e-07,0.05666453029262898,2.2325299600417206e-11
685879220560.7805,1013539229.9811859,0.14024202979440506,0.0012316904848435,2887.4394287497903,0.5665204921298449,0.10015592689671393,0.7785428893236634,-2.2879664829389412e-10,-1.5791812302268227e-12,3,1.0000000000000004,5028753.916630883,279.1805514268534,0.5665204921298449,0.10015592689671393,0.001231812004410321,2.540728035627062e-05,-1.2149753579195744e-07,0.056652049212984466,2.231283568840055e-11
686913033113.9153,1033812553.1346838,0.14025889779208472,0.001232326738486574,2887.638593133252,0.5663933393314747,0.10016302842820228,0.835362111706317,-2.509503715941719e-10,3.802069770131311e-12,3,1.0000000000000004,5029145.203957447,279.0847291121637,0.5663933393314747,0.10016302842820228,0.0012324432468853073,2.5398106809978718e-05,-1.1648640766068812e-07,0.05663933393314752,2.2300325534249042e-11
687931031111.86,1017997997.9447901,0.14027482254848914,0.001233033674319435,2887.8886960099985,0.5662682810162275,0.10016969195786472,0.8184443162084776,-2.5356050592506563e-10,-8.911094084851356e-12,3,1.0000000000000004,5029547.935160747,278.9951220719825,0.5662682810162275,0.10016969195786472,0.0012331473134368606,2.539008387626817e-05,-1.1361714112561983e-07,0.05662682810162276,2.2288948725019214e-11
688943763885.8486,1012732773.9885119,0.1402907991103624,0.0012337101720312031,2888.1202547919443,0.5661440166400921,0.10017599736202946,0.8005813696698727,-2.4743562754281356e-10,2.9700686354772188e-12,3,1.0000000000000004,5029944.209672531,278.90500937095993,0.5661440166400921,0.10017599736202946,0.0012338251129589875,2.5381882841957247e-05,-1.1491895562020477e-07,0.056614401664009245,2.227742785038492e-11
689962436508.7726,1018672622.9240834,0.14030701391684308,0.0012343672029780934,2888.3377938376943,0.5660191717727204,0.10018201688024254,0.8010208447928324,-2.5017266036542196e-10,-2.077227279073668e-12,3,1.0000000000000004,5030338.2513160575,278.81335537984825,0.5660191717727204,0.10018201688024254,0.0012344833433581915,2.537340448475534e-05,-1.1611842327510982e-07,0.05660191717727208,2.2265627763527452e-11
690986802697.0875,1024366188.3149377,0.14032344624757434,0.0012350066569902177,2888.5426475251884,0.5658937789960914,0.10018774702546139,0.8016937874666397,-2.5310398221733976e-10,-1.652011860642233e-12,3,1.0000000000000004,5030730.384616454,278.72029812978326,0.5658937789960914,0.10018774702546139,0.001235123832374779,2.5364675416805777e-05,-1.1715344357199372e-07,0.05658937789960919,2.2253574422399255e-11
692016461852.4902,1029659155.4025944,0.1403400738246346,0.0012356301180709423,2888.7359851889432,0.5657678895678888,0.10019318363114284,0.8021596795138031,-2.560283096642024e-10,-7.803757640090225e-12,3,1.0000000000000004,5031120.852419787,278.62598275989427,0.5657678895678888,0.10019318363114284,0.001235748205771918,2.5355722169730978e-05,-1.1806577603777583e-07,0.05657678895678889,2.2241294255971473e-11
693051140723.8762,1034678871.3858787,0.14035688020988313,0.001236238983410697,2888.9188049979507,0.565641538948324,0.10019832347620991,0.8026460129872959,-2.5904545175592375e-10,-1.402844507225609e-11,3,1.0000000000000004,5031509.881452324,278.5305262672394,0.565641538948324,0.10019832347620991,0.0012363578642288664,2.5346566526060728e-05,-1.1885890960268637e-07,0.056564153894832325,2.222880881148682e-11
694090548744.5118,1039408020.6357008,0.1403738484472669,0.0012368345282028354,2889.0920375521405,0.5655147645215259,0.10020316344418938,0.8030479328735574,-2.6210267289883404e-10,-3.1684654899777343e-12,3,1.0000000000000004,5031897.671873913,278.43404073805823,0.5655147645215259,0.10020316344418938,0.0012369541022093499,2.5337229156180412e-05,-1.1955211455354815e-07,0.056551476452152555,2.2216138608056056e-11
695134446199.8619,1043897455.3502032,0.14039096385620684,0.0012374179669828204,2889.256553149599,0.5653875972878524,0.10020770084814574,0.8034735264617066,-2.652441599693134e-10,4.800604358479177e-13,3,1.0000000000000004,5032284.41915956,278.33662721545534,0.5653875972878524,0.10020770084814574,0.001237538134070243,2.53277288940639e-05,-1.2014521233829453e-07,0.0565387597287852,2.2203302258916306e-11
696182574777.7479,1048128577.8859469,0.14040821242760385,0.0012379904187611365,2889.4131580756143,0.5652600703430671,0.10021193308328073,0.8038210043415095,-2.6842439382335215e-10,-6.957545650720931e-12,3,1.0000000000000004,5032670.296912881,278.2383843392784,0.5652600703430671,0.10021193308328073,0.001238111095452147,2.531808384624048e-05,-1.206548329995972e-07,0.056526007034306706,2.2190317764443036e-11
697234724141.0269,1052149363.2789596,0.14042558145171274,0.0012385527772672113,2889.5625126198333,0.565132210785487,0.10021585791945248,0.8041267755831694,-2.7164714921923405e-10,2.4948931809376518e-12,3,1.0000000000000004,5033055.443672131,278.1393911662556,0.565132210785487,0.10021585791945248,0.00123867389172573,2.5308308581269914e-05,-1.210926177683774e-07,0.05651322107854866,2.2177199589168823e-11
698290708886.3496,1055984745.3227129,0.14044305939369137,0.0012391060287021377,2889.7053179154263,0.5650040425451834,0.10021947334941439,0.8044617651192798,-2.749477312491422e-10,1.1426859458651961e-11,3,1.0000000000000004,5033440.0191910155,278.03972787055284,0.5650040425451834,0.10021947334941439,0.0012392275057039558,2.5298418106864517e-05,-1.2145517854495403e-07,0.05650040425451826,2.2163962528562285e-11
699350322306.6515,1059613420.3019041,0.14046063381009,0.0012396511755232403,2889.8422928795612,0.564875592002012,0.1002227774099288,0.8048318675402122,-2.783232533332125e-10,-6.283862319378386e-14,3,1.0000000000000004,5033824.180748573,277.93947745362357,0.564875592002012,0.1002227774099288,0.0012397729364040906,2.528842785095798e-05,-1.2173907525229888e-07,0.05648755920020122,2.2150621824197042e-11
700413332373.8914,1063010067.2398957,0.1404782929089126,0.0012401890959513908,2889.974076324367,0.5647468884553146,0.10022576819673226,0.8050669071668626,-2.8172830734973786e-10,3.233857626128156e-12,3,1.0000000000000004,5034208.0586495,277.8387202647804,0.5647468884553146,0.10022576819673226,0.0012403110855687986,2.527835241742443e-05,-1.2196782961209008e-07,0.05647468884553141,2.213719203142804e-11
701479594294.3004,1066261920.4091216,0.14049602954144594,0.0012407202635630063,2890.1010227715733,0.5646179505132227,0.10022844422117526,0.8052272507108604,-2.8511604188707906e-10,-4.210742865495831e-12,3,1.0000000000000004,5034591.720635197,277.73750361968007,0.5646179505132227,0.10022844422117526,0.0012408424438420372,2.5268200266099706e-05,-1.221585090982638e-07,0.05646179505132225,2.212368165525713e-11
702549011524.0911,1069417229.7907485,0.14051383683968505,0.0012412452930033134,2890.2235654782476,0.5644887908620612,0.1002308042005761,0.8054492624254284,-2.885887084858041e-10,-3.860245456621669e-12,3,1.0000000000000004,5034975.270052502,277.6358748850382,0.5644887908620612,0.1002308042005761,0.0012413676166036429,2.5257980389905213e-05,-1.2230184843922974e-07,0.05644887908620612,2.2110099506745384e-11
703621445568.6581,1072434044.567017,0.14053170706897758,0.0012417647791336203,2890.34213449111,0.5643594271721397,0.10023284682292015,0.8056543653045534,-2.920990116450639e-10,5.38769029390096e-12,3,1.0000000000000004,5035358.797810025,277.53388578327474,0.5643594271721397,0.10023284682292015,0.0012418872023345021,2.5247702284549945e-05,-1.224014671452061e-07,0.05643594271721393,2.2096455009871576e-11
704696768034.8738,1075322466.215767,0.14054960855018414,0.0012422830067808008,2890.459551878674,0.5642298757688385,0.10023457053151856,0.807119852341831,-2.964183343223681e-10,-4.911293594034305e-12,3,1.0000000000000004,5035743.109084671,277.4317706262719,0.5642298757688385,0.10023457053151856,0.001242405267889409,2.5237414941364274e-05,-1.2223939404955573e-07,0.056422987576883875,2.208279414052561e-11
705774007396.9883,1077239362.114501,0.1405675490320109,0.0012427954231302046,2890.5730916646426,0.5641002542720531,0.10023597322324532,0.8056006053913656,-2.9906355170084e-10,-6.056488643935154e-12,3,1.0000000000000004,5036127.128008304,277.3294339904722,0.5641002542720531,0.10023597322324532,0.001242917777261818,2.5227087141498757e-05,-1.223324341963023e-07,0.056410025427205274,2.206909172039485e-11
706854184162.8291,1080176765.8407419,0.14058554485829472,0.0012433029311200575,2890.6831146270424,0.5639704405550454,0.10023705567574934,0.8058453382364661,-3.0276714468868704e-10,1.2574385976904523e-12,3,1.0000000000000004,5036511.245895278,277.2267876303796,0.5639704405550454,0.10023705567574934,0.0012434253351515621,2.521671087055299e-05,-1.2238235259966076e-07,0.056397044055504525,2.2055336476620857e-11
707937141859.0844,1082957696.2553089,0.14060358804363599,0.0012438060895036537,2890.790030915877,0.5638404542273129,0.10023781680228565,0.806030241856659,-3.064731801671883e-10,5.5917492858270634e-12,3,1.0000000000000004,5036895.54119039,277.12388270153525,0.5638404542273129,0.10023781680228565,0.0012439285055311127,2.5206295350551456e-05,-1.2239436711452924e-07,0.05638404542273125,2.2041537617141516e-11
709022763102.924,1085621243.8396833,0.14062167151262392,0.0012443054606979067,2890.8942429254494,0.5637103101109078,0.10023825563883064,0.8062341694259345,-3.1023483781922323e-10,-4.260147790091651e-12,3,1.0000000000000004,5037280.101574852,277.02076518228347,0.5637103101109078,0.10023825563883064,0.0012444278491147162,2.5195849127315267e-05,-1.2236677513269854e-07,0.05637103101109074,2.202770356214363e-11
710110916801.3434,1088153698.419579,0.14063978813981443,0.0012448015999307607,2890.9961488681724,0.5635800245856274,0.10023837128798387,0.8064337407576172,-3.1403923905770625e-10,-4.917399820669743e-12,3,1.0000000000000004,5037665.01009839,276.91748219757125,0.5635800245856274,0.10023837128798387,0.0012449239226092685,2.5185380854165137e-05,-1.2230105558147403e-07,0.05635800245856269,2.201384287452772e-11
711201473894.581,1090557093.2375531,0.14065793140031205,0.00124529497894522,2891.096091819931,0.5634496136988377,0.10023816293783099,0.8065847044436136,-3.1791802523883916e-10,-7.502887200416808e-12,3,1.0000000000000004,5038050.334472432,276.8140762913211,0.5634496136988377,0.10023816293783099,0.0012454172061936184,2.5174898232516727e-05,-1.222056443370807e-07,0.05634496136988377,2.1999963217227774e-11
712294337404.2357,1092863509.6545544,0.14067610028460542,0.0012457853464536244,2891.193938249525,0.5633190895887457,0.10023762991588257,0.8064962446485691,-3.21603077502175e-10,-3.858469099782269e-12,3,1.0000000000000004,5038436.009391776,276.71054957556964,0.5633190895887457,0.10023762991588257,0.0012459074892557315,2.5164400603453437e-05,-1.2212121669097165e-07,0.05633190895887458,2.1986064384678614e-11
713389572268.1127,1095234863.876874,0.1406942896565633,0.0012462735884067367,2891.290256806322,0.5631884450295291,0.10023677143819056,0.8068068874100831,-3.256106495541644e-10,-4.474087766936918e-12,3,1.0000000000000004,5038822.222610971,276.6069392124883,0.5631884450295291,0.10023677143819056,0.0012463955930123048,2.5153896625532885e-05,-1.2198303921377033e-07,0.05631884450295293,2.197215417043238e-11
714486972306.1338,1097400038.0210211,0.14071249149650283,0.0012467601635021562,2891.3853972878514,0.563057705091905,0.10023558691236663,0.8069941377641943,-3.295780315326624e-10,-5.6630256040079985e-12,3,1.0000000000000004,5039209.020946504,276.50329615695233,0.563057705091905,0.10023558691236663,0.0012468819964569842,2.5143395007848425e-05,-1.2181140749123e-07,0.056305770509190535,2.1958241442271663e-11
715586414222.2974,1099441916.1634831,0.140730701885984,0.0012472452050131064,2891.479478335115,0.562926884862936,0.10023407580967987,0.8069331156046466,-3.335003384563606e-10,3.4918734570510424e-12,3,1.0000000000000004,5039596.409938939,276.3996451496663,0.562926884862936,0.10023407580967987,0.0012473668708801987,2.5132899715587185e-05,-1.2164433871856966e-07,0.05629268848629355,2.1944330352912892e-11
716687943463.5651,1101529241.2677953,0.14074892075077972,0.001247728816477795,2891.5725617439225,0.5627959793199199,0.10023223745358745,0.8071790223718178,-3.3751734740405936e-10,7.824851877558103e-13,3,1.0000000000000004,5039984.417153874,276.2959853150366,0.5627959793199199,0.10023223745358745,0.001247850279203677,2.5122411014603236e-05,-1.2144121659127018e-07,0.05627959793199196,2.193042098527274e-11
717791395871.2072,1103452407.6420493,0.14076713443523467,0.0012482123925251023,2891.6655964673137,0.562665008304388,0.100230071397625,0.8076180366134444,-3.4172198404291976e-10,-2.517097641430155e-12,3,1.0000000000000004,5040373.278788444,276.19240787525007,0.562665008304388,0.100230071397625,0.0012483335780753004,2.5111946790872744e-05,-1.2116406020926223e-07,0.05626650083043881,2.191653050466187e-11
718896474324.7952,1105078453.5880373,0.14078533325327425,0.001248696351922442,2891.758924506154,0.5625340072958274,0.10022757760665914,0.8077604464473698,-3.4578973018284387e-10,4.2026382374160676e-12,3,1.0000000000000004,5040763.014653948,276.0889725926313,0.5625340072958274,0.10022757760665914,0.0012488172353007534,2.5101516733071573e-05,-1.208619074289384e-07,0.056253400729582764,2.190266898837685e-11
720003083658.8132,1106609334.0178442,0.14080351239053635,0.0012491809355607525,2891.8527345040316,0.5624029877037717,0.1002247557922418,0.8078693480850774,-3.498479284047562e-10,-5.2345905388051506e-12,3,1.0000000000000004,5041153.652873001,275.98570387949894,0.5624029877037717,0.1002247557922418,0.001249301499382493,2.5091125095578577e-05,-1.2054236992329872e-07,0.05624029877037717,2.1888840708248317e-11
721111151302.1173,1108067643.3041384,0.1408216648790959,0.0012496670630174143,2891.9476296502253,0.5622719582027952,0.10022160561434246,0.8083278975334895,-3.540966408976942e-10,-5.370703881624195e-12,3,1.0000000000000004,5041545.353237033,275.8826556497673,0.5622719582027952,0.10022160561434246,0.001249787237784867,2.508078274092893e-05,-1.2015333489965145e-07,0.056227195820279546,2.1875055950264152e-11
722220364424.5399,1109213122.4225762,0.1408397779256847,0.0012501557597760363,2892.0443334070974,0.5621409557581244,0.10021812744073327,0.8086101840887316,-3.582799612544818e-10,9.475087381360936e-12,3,1.0000000000000004,5041938.248515796,275.77991860399817,0.5621409557581244,0.10021812744073327,0.0012502754982459813,2.5070505914456218e-05,-1.197170565197518e-07,0.056214095575812396,2.1861330871168838e-11
723330530379.508,1110165954.967976,0.14085784383248134,0.001250647534803986,2892.1432174126744,0.5620100029806991,0.10021432147855328,0.8089086880880281,-3.6244174328459167e-10,-7.007727731433988e-13,3,1.0000000000000004,5042332.394125116,275.67754118265844,0.5620100029806991,0.10021432147855328,0.0012507667933567986,2.5060303056538388e-05,-1.1923715842562523e-07,0.05620100029806994,2.1847673942816076e-11
724441444953.571,1110914574.0630426,0.1408758534300503,0.0012511431813511196,2892.244832247477,0.561879123720575,0.10021018807751585,0.8091978932756039,-3.6657266111461695e-10,-7.109979272001965e-12,3,1.0000000000000004,5042727.898915729,275.5755874320043,0.561879123720575,0.10021018807751585,0.0012512619155928225,2.5050185851851503e-05,-1.1871286624108507e-07,0.056187912372057496,2.1834096670074464e-11
725552909980.96,1111465027.3891149,0.14089379733391,0.0012516434913632925,2892.349729241528,0.561748340989062,0.10020572767217831,0.8095065107127652,-3.707717466383542e-10,3.2378544290168065e-12,3,1.0000000000000004,5043124.8727500355,275.47412000403574,0.561748340989062,0.10020572767217831,0.0012517616550883036,2.5040165797393542e-05,-1.1814236847458691e-07,0.05617483409890624,2.1820610335402366e-11
726664713740.9653,1111803760.0053263,0.14091165285390825,0.0012521511407090256,2892.459683536095,0.5616176792549831,0.10020094070431634,0.8108722633626275,-3.7549818809878843e-10,-6.448730438535222e-12,3,1.0000000000000004,5043523.772771825,275.37329230158355,0.5616176792549831,0.10020094070431634,0.001252268533488208,2.5030273856580035e-05,-1.1737144211860402e-07,0.05616176792549834,2.1807244214288617e-11
727775919350.8844,1111205609.9189873,0.14092940964947956,0.001252664552105482,2892.5738858759055,0.5614872478988068,0.10019583124006613,0.8097809715834625,-3.7867564639526563e-10,-1.183941833460267e-12,3,1.0000000000000004,5043924.103248459,275.27314604591413,0.5614872478988068,0.10019583124006613,0.0012527813287470024,2.5020509169046607e-05,-1.1675532187333118e-07,0.056148724789880713,2.1794000964927153e-11
728887275229.3071,1111355878.422635,0.14094708311097204,0.001253183763056616,2892.6921960951995,0.5613569583847073,0.10019039601290926,0.8100347480277659,-3.8273628710783214e-10,7.265299473147024e-13,3,1.0000000000000004,5044326.035982959,275.17358649641886,0.5613569583847073,0.10019039601290926,0.0012532998969443582,2.501085939781497e-05,-1.1611258651501352e-07,0.05613569583847066,2.1780866242691632e-11
729998607270.5801,1111332041.2729533,0.14096466464197227,0.0012537095121410706,2892.8151245674007,0.5612268305228295,0.10018463575712162,0.8103699626615946,-3.8679814906572574e-10,-7.369660437461789e-12,3,1.0000000000000004,5044729.671346171,275.0746686363952,0.5612268305228295,0.10018463575712162,0.0012538249554464435,2.500133468641052e-05,-1.1542202245544109e-07,0.056122683052282955,2.1767849953072654e-11
731109685601.6245,1111078331.044376,0.14098214393672553,0.001254242624760793,2892.9432485715092,0.5610968905340216,0.10017855158939289,0.810727862898819,-3.908116052997457e-10,-1.0480505352461478e-13,3,1.0000000000000004,5045135.115597323,274.9764587534765,0.5610968905340216,0.10017855158939289,0.001254357325925624,2.4991947045618263e-05,-1.1467990003964243e-07,0.05610968905340218,2.175496392113195e-11
732220265063.488,1110579461.863472,0.14099951065158134,0.0012547838651303636,2893.077109713873,0.5609671662875065,0.10017214484801862,0.811053257471217,-3.9472958235364786e-10,2.517985819849855e-12,3,1.0000000000000004,5045542.459896493,274.87902171900816,0.5609671662875065,0.10017214484801862,0.0012548977775590719,2.4982708038722415e-05,-1.1389118178913759e-07,0.056096716628750654,2.17422196027663e-11
733330123175.6055,1109858112.1174932,0.1410164805641805,0.0012553751866423817,2893.2437907208614,0.5608376826354903,0.10016541325923851,0.8322749607547753,-4.100406680862534e-10,-1.0889178447825998e-11,3,1.0000000000000004,5045959.50809815,274.7843756133181,0.5608376826354903,0.10016541325923851,0.0012554852039013647,2.497405171235965e-05,-1.0999604372093122e-07,0.056083768263549036,2.1730017383410727e-11
734425028469.6987,1094905294.0932262,0.141033051113434,0.0012559716913782548,2893.417423612904,0.560710095291325,0.10015844708381011,0.8059111768210503,-3.9571890209089133e-10,1.0648371073784801e-11,3,1.0000000000000004,5046374.744192472,274.6921555160535,0.560710095291325,0.10015844708381011,0.0012560815600998376,2.496574865729732e-05,-1.0984750039495273e-07,0.0560710095291324,2.1718199689615696e-11
735522707773.0328,1097679303.33413,0.14104965441291564,0.0012565649467603645,2893.5887171632585,0.5605823361752014,0.10015113905518584,0.8064361878279414,-4.007544296413812e-10,-3.9312997301976793e-13,3,1.0000000000000004,5046790.498154371,274.59974887238127,0.5605823361752014,0.10015113905518584,0.001256674769859949,2.4957422772530263e-05,-1.0980189680592587e-07,0.05605823361752012,2.1706352504246632e-11
736622809841.2062,1100102068.1733608,0.14106627671448088,0.0012571560450898654,2893.7584434563446,0.5604544467408872,0.10014349058678604,0.8068130888383429,-4.0563086223244227e-10,-4.447553436648377e-12,3,1.0000000000000004,5047206.865996888,274.5072442510913,0.5604544467408872,0.10014349058678604,0.0012572657599973888,2.4949089408734947e-05,-1.0969372297357653e-07,0.056045444674088715,2.169449132820318e-11
737725082469.2816,1102272628.0752861,0.14108290099333576,0.001257746712922148,2893.9277719409747,0.5603264567412249,0.10013550255221275,0.8076331727002728,-4.1069925238446103e-10,8.537615059367454e-13,3,1.0000000000000004,5047624.118480771,274.41475622835816,0.5603264567412249,0.10013550255221275,0.0012578561942049166,2.4940770615689833e-05,-1.0946011668663081e-07,0.05603264567412255,2.1682637430396196e-11
738828969060.507,1103886591.2254274,0.1410995051469657,0.0012583385059821933,2894.0978242376573,0.5601984310402147,0.10012717819402103,0.808232522853114,-4.155110699954889e-10,9.192646643896296e-14,3,1.0000000000000004,5048042.427748582,274.32242849748525,0.5601984310402147,0.10012717819402103,0.0012584476587628656,2.4932491551844006e-05,-1.0913163270965857e-07,0.0560198431040215,2.1670816070792974e-11
739934062005.5651,1105092945.0582688,0.14111606980609495,0.0012589328746506283,2894.269631864677,0.5600704169362396,0.10011851997165964,0.808909519089962,-4.203495329591078e-10,-4.569900013962069e-12,3,1.0000000000000004,5048461.976923677,274.2303798627758,0.5600704169362396,0.10011851997165964,0.001259041597430199,2.4924273645465168e-05,-1.0870164971409883e-07,0.05600704169362392,2.165904846937621e-11
741039899580.8115,1105837575.246325,0.14113254883379311,0.001259535372006019,2894.44685643164,0.5599424677281165,0.10010953073758388,0.8124125373820679,-4.247365792409141e-10,-1.7580381594939354e-12,3,1.0000000000000004,5048883.680338146,274.1389230120891,0.5599424677281165,0.10010953073758388,0.0012596431654835715,2.4916179727754594e-05,-1.07772365128877e-07,0.05599424677281167,2.1647394091251117e-11
742144093989.6,1104194408.7884738,0.1411489304694126,0.0012601398970317362,2894.6261090598437,0.5598148588293729,0.10010023003491847,0.8049735818194126,-4.2766934438276394e-10,-1.4661605263199817e-12,3,1.0000000000000004,5049305.965204182,274.0480858030395,0.5598148588293729,0.10010023003491847,0.0012602477617152422,2.4908190703177668e-05,-1.0784358658496149e-07,0.05598148588293731,2.1635844371929872e-11
743251730440.3805,1107636450.7803814,0.14116548769625883,0.0012607226227851355,2894.7909119110586,0.5596870027196703,0.10009057744752399,0.7995657481940643,-4.3043690833854953e-10,3.112177182629239e-12,3,1.0000000000000004,5049725.409948993,273.95609552617515,0.5596870027196703,0.10009057744752399,0.0012608314675288947,2.4899976678722984e-05,-1.0882366234427272e-07,0.05596870027196704,2.1624076766368765e-11
744366570736.5704,1114840296.1899705,0.141182264157157,0.0012612884778346557,2894.9436612513887,0.5595584671083269,0.10008053928752973,0.800454079685764,-4.3823833451028804e-10,3.4934277692855176e-12,3,1.0000000000000004,5050143.822925455,273.8627420065233,0.5595584671083269,0.10008053928752973,0.001261398146708298,2.489153152089061e-05,-1.0964781431575913e-07,0.055955846710832674,2.1612071567740445e-11
745488038918.1223,1121468181.551894,0.14119923113601557,0.0012618398200205249,2895.086015946654,0.5594293208184449,0.10007011842059436,0.8013847317689393,-4.4609926863614646e-10,3.902878020767275e-12,3,1.0000000000000004,5050561.526098794,273.7682149425807,0.5594293208184449,0.10007011842059436,0.0012619501522257593,2.4882889812661826e-05,-1.1031116827724368e-07,0.05594293208184454,2.1599862994274938e-11
746615519143.8022,1127480225.6798704,0.1412163702270911,0.0012623772933134123,2895.218544108118,0.5592996369255911,0.10005931858911064,0.8016413532985212,-4.5320647235058686e-10,-7.309375327224643e-12,3,1.0000000000000004,5050978.507205513,273.6726257632375,0.5592996369255911,0.10005931858911064,0.0012624882304363995,2.4874068874261427e-05,-1.1091610763548561e-07,0.055929963692559155,2.1587469509028508e-11
747748862196.8677,1133343053.0653474,0.14123366002543294,0.0012629033827346987,2895.3428989975064,0.5591694345878403,0.10004813927967507,0.8026570329222604,-4.6094428274301436e-10,-3.5635938644418275e-12,3,1.0000000000000004,5051395.209182826,273.57611697867407,0.5591694345878403,0.10004813927967507,0.0012630147640473968,2.4865097699167953e-05,-1.1136031990769081e-07,0.05591694345878404,2.1574918495158094e-11
748887377542.477,1138515345.6093915,0.1412510769977967,0.0012634196689304555,2895.460235203389,0.5590387949168909,0.10003658545679277,0.8032663331714041,-4.682936260991255e-10,-1.7396750706666353e-11,3,1.0000000000000004,5051811.775922563,273.4788520706961,0.5590387949168909,0.10003658545679277,0.0012635313921599393,2.4856004061808917e-05,-1.11702258897085e-07,0.05590387949168904,2.156223828107538e-11
750030654934.71,1143277392.232958,0.14126860272553232,0.0012639273273923309,2895.5714213422625,0.5589077665328153,0.10002465969062016,0.8037642985903037,-4.755034144210413e-10,-7.64244223461219e-12,3,1.0000000000000004,5052228.339989879,273.38093983538243,0.5589077665328153,0.10002465969062016,0.0012640393116503154,2.4846807078336277e-05,-1.1196330953824399e-07,0.05589077665328151,2.1549448081805475e-11
751178358601.3241,1147703666.6141984,0.1412862204853827,0.0012644278937420197,2895.677513723402,0.5587763892943144,0.10001236398799056,0.8044419971819927,-4.827871435963971e-10,-2.159494805198392e-12,3,1.0000000000000004,5052645.116102137,273.2824973193922,0.5587763892943144,0.10001236398799056,0.0012645400363890575,2.4837528276427983e-05,-1.1212172091824804e-07,0.055877638929431456,2.1536569086079146e-11
752330020266.0828,1151661664.7586963,0.14130391373263448,0.0012649222763235475,2895.7792064426135,0.5586447179938416,0.09999970202192758,0.8047089518348205,-4.897309224816127e-10,-5.245692769051402e-12,3,1.0000000000000004,5053062.172613084,273.1836267163441,0.5586447179938416,0.09999970202192758,0.0012650345301941212,2.482818474627368e-05,-1.1223296642628278e-07,0.05586447179938415,2.1523618841281032e-11
753485461877.4722,1155441611.3893182,0.1413216720307998,0.0012654114214891293,2895.8771519167717,0.558512774041011,0.09998667453553145,0.8051570686562481,-4.967862787808031e-10,1.1610712391529887e-11,3,1.0000000000000004,5053479.650001849,273.08439676048897,0.558512774041011,0.09998667453553145,0.0012655237203735925,2.481878937312677e-05,-1.1227800249239791e-07,0.05585127740410108,2.151060992468942e-11
754644373206.3906,1158911328.918616,0.1413394827214956,0.0012658962599800124,2895.9720155635823,0.5583805937951472,0.09997328387013078,0.8055390962602438,-5.037426031861969e-10,-9.02422581106066e-12,3,1.0000000000000004,5053897.654044606,272.9848907261851,0.5583805937951472,0.09997328387013078,0.001266008546532464,2.4809356788726712e-05,-1.1226569258021817e-07,0.055838059379514686,2.1497557015014183e-11
755806489006.9194,1162115800.528628,0.1413573221615604,0.001266379629638571,2896.0656648416384,0.5582482083058768,0.0999595318899616,0.8074475862929198,-5.113266476897138e-10,-2.2414292644157285e-12,3,1.0000000000000004,5054316.644886757,272.88527181862895,0.5582482083058768,0.0999595318899616,0.001266491660659636,2.4799919501028548e-05,-1.1201018410764895e-07,0.05582482083058771,2.1484490959634718e-11
756970440133.939,1163951127.019568,0.14137515571822867,0.0012668623880304662,2896.1589456358315,0.5581157739356105,0.09994543382452607,0.8063926425216916,-5.171064687559124e-10,2.9622970743048427e-12,3,1.0000000000000004,5054736.48739103,272.78574728308547,0.5581157739356105,0.09994543382452607,0.0012669742694443576,2.47905081026593e-05,-1.1186059754920161e-07,0.05581157739356108,2.1471444992977823e-11
758136991794.6737,1166551660.7347329,0.14139301237933252,0.001267342430599881,2896.2503590908614,0.5579832039755639,0.09993097999828122,0.8062744275005862,-5.235550881721451e-10,-1.628275292375747e-11,3,1.0000000000000004,5055156.961579154,272.68612858352304,0.5579832039755639,0.09993097999828122,0.0012674541924877702,2.4781089602342712e-05,-1.1174109302679396e-07,0.055798320397556354,2.145838602250312e-11
759306235506.4658,1169243711.7921522,0.1414108861109218,0.0012678206702363228,2896.340490123966,0.5578504885282041,0.09991616849731326,0.8066063238165722,-5.303972816506075e-10,-4.392819441534357e-12,3,1.0000000000000004,5055578.264346843,272.58644870692865,0.5578504885282041,0.09991616849731326,0.0012679322683089417,2.4771672170745934e-05,-1.1157729974627914e-07,0.05578504885282041,2.1445321164054516e-11
760477936346.0095,1171700839.5436976,0.14142876711823096,0.0012682980160735637,2896.429959267016,0.5577176547099814,0.09990100145905507,0.8070176756025393,-5.372474687348472e-10,-8.453460154100867e-12,3,1.0000000000000004,5056000.511831515,272.48677897604364,0.5577176547099814,0.09990100145905507,0.0012684093936274077,2.476226868416659e-05,-1.1135680297076709e-07,0.055771765470998144,2.1432263146091636e-11
761651800192.4403,1173863846.4307168,0.141446644392752,0.0012687751869487965,2896.519290112724,0.55758473619531,0.0998854819333714,0.807308153522035,-5.439314554323005e-10,3.2072122735371522e-12,3,1.0000000000000004,5056423.771976548,272.38718792703816,0.55758473619531,0.0998854819333714,0.0012688863046568305,2.4752890924615677e-05,-1.1109697893694962e-07,0.05575847361953102,2.1419223865588912e-11
762827619445.6199,1175819253.1794739,0.1414645085529789,0.001269252870892555,2896.608971409879,0.5574517567133065,0.0998696119922442,0.8076240454180095,-5.505780276138239e-10,-1.7937873408868654e-12,3,1.0000000000000004,5056848.126741087,272.2877319832362,0.5574517567133065,0.0998696119922442,0.0012693636876309582,2.4743548988862708e-05,-1.1079603101267087e-07,0.055745175671330714,2.1406213326457312e-11
764005167003.8682,1177547558.248338,0.14148234036967586,0.0012697334057809608,2896.700533106428,0.557318742065858,0.09985339390817585,0.8086844369148416,-5.576700212728269e-10,1.87827531306084e-12,3,1.0000000000000004,5057273.962214715,272.1885469453693,0.557318742065858,0.09985339390817585,0.0012698437876434527,2.4734269927294506e-05,-1.10361177327038e-07,0.05573187420658582,2.1393257126418287e-11
765183671986.6123,1178504982.7440517,0.14150013440885847,0.0012702152244425283,2896.793135599539,0.557185779224157,0.09983683794911627,0.8079398668148219,-5.631913824188928e-10,1.4381829060994278e-12,3,1.0000000000000004,5057700.7980454415,272.0896464401619,0.557185779224157,0.09983683794911627,0.0012703252621506836,2.4725048759871237e-05,-1.100170431758942e-07,0.055718577922415684,2.1380353575485186e-11
766363678523.8699,1180006537.2576232,0.1415178967641737,0.0012706989613804273,2896.8870773428225,0.5570528066896889,0.09981993617962921,0.8082592094227348,-5.697412541749713e-10,3.390621117205228e-13,3,1.0000000000000004,5058128.890542179,271.9909987607359,0.5570528066896889,0.09981993617962921,0.0012708086182893067,2.4715884292872173e-05,-1.096362653496168e-07,0.0557052806689689,2.1367499474770795e-11
767544955098.8807,1181276575.010937,0.14153561851726537,0.0012711852791115286,2896.982825903548,0.5569198504749482,0.09980269142840457,0.8085667566049004,-5.761892074573893e-10,-2.0334844919034367e-12,3,1.0000000000000004,5058558.308741553,271.8926605460396,0.5569198504749482,0.09980269142840457,0.0012712945171723905,2.4706786444147727e-05,-1.0921743860030305e-07,0.055691985047494764,2.1354704724370222e-11
768727278159.6843,1182323060.8036716,0.1415532911891419,0.0012716749168803598,2897.080887488497,0.5567869355669314,0.09978510652750643,0.8089107149389374,-5.825975257778282e-10,-2.116418151842936e-12,3,1.0000000000000004,5058989.138275698,271.79469097188667,0.5567869355669314,0.09978510652750643,0.0012717836940449678,2.4697765768819172e-05,-1.087565635027659e-07,0.05567869355669317,2.134197976812438e-11
769910397015.0953,1183118855.4111187,0.1415709027496642,0.0012721688881028805,2897.1819601092375,0.5566540898711686,0.09976718481963483,0.8095458131629485,-5.887508258695107e-10,5.494271704264975e-12,3,1.0000000000000004,5059421.505791318,271.6971634634538,0.5566540898711686,0.09976718481963483,0.001272277129641544,2.4688835697624618e-05,-1.082209583163518e-07,0.05566540898711685,2.1329337749162734e-11
771093847711.9253,1183450696.8298647,0.14158843528827111,0.0012726685238369664,2897.2869818543936,0.556521365045185,0.09974893295484498,0.8096809263336002,-5.949409853656107e-10,4.781508522455624e-12,3,1.0000000000000004,5059855.556963346,271.60019272196746,0.556521365045185,0.09974893295484498,0.0012727762061464556,2.4680016427477238e-05,-1.076617498531183e-07,0.05565213650451852,2.1316798783242653e-11
772277531568.971,1183683857.0455637,0.14160589788554984,0.001273172018187255,2897.394828805823,0.5563887716266286,0.09973035249388723,0.809295225140394,-6.003996189107852e-10,7.136735646895431e-12,3,1.0000000000000004,5060290.923528585,271.5037026047131,0.5563887716266286,0.09973035249388723,0.0012732791970120141,2.467129051985148e-05,-1.0715828482403237e-07,0.05563887716266288,2.1304347223388583e-11
773461730719.4808,1184199150.5100708,0.14162328934807122,0.0012736803749451289,2897.50608158443,0.556256277531275,0.09971143889724499,0.8097049757072039,2.220446049250313e-16,-5.802162084123097e-10,3,1.0000000000000004,5060727.866320716,271.4077073024048,0.556256277531275,0.09971143889724499,0.0012737870033448673,2.4662664068562843e-05,-1.0660710775090339e-07,0.05562562775312747,2.1291987477255886e-11
774646145587.8816,1184414868.4007094,0.14164059706480173,0.0012741947259052296,2897.621509532019,0.5561239157695179,0.09969219668757785,0.8102037570012488,-8.881784197001252e-16,-5.732844199357601e-10,3,1.0000000000000004,5061166.524017646,271.31229097047566,0.5561239157695179,0.09969219668757785,0.0012743007432168773,2.465415235862478e-05,-1.059960319143585e-07,0.0556123915769518,2.1279734536255567e-11
775830411513.5042,1184265925.6225777,0.1416578087861307,0.001274715878401374,2897.7416929000865,0.5559917264489497,0.09967263162960047,0.8106032541033148,2.220446049250313e-16,-5.741551678539736e-10,3,1.0000000000000004,5061606.957563952,271.2175292524442,0.5559917264489497,0.09967263162960047,0.0012748212376393884,2.4645768190326985e-05,-1.0533797041290857e-07,0.055599172644894945,2.1267601348430332e-11
777014236689.4492,1183825175.9449768,0.14167491288626008,0.0012752447870803014,2897.8672885069745,0.5558597413685591,0.09965274847851022,0.8111143626199357,1.1102230246251565e-15,-5.868445729362293e-10,3,1.0000000000000004,5062049.272138964,271.12349586145154,0.5558597413685591,0.09965274847851022,0.001275349428975824,2.4637524713968298e-05,-1.0462063992036201e-07,0.05558597413685592,2.125560089097155e-11
778197248377.1848,1183011687.7356434,0.14169189317367825,0.001275783162993356,2897.999428534805,0.5557280011761047,0.09963255343052584,0.8119401574691043,-5.551115123125783e-16,-5.830131932782479e-10,3,1.0000000000000004,5062493.69385776,271.03030778199303,0.5557280011761047,0.09963255343052584,0.0012758869896414902,2.462944368500938e-05,-1.0380540438079178e-07,0.05557280011761046,2.1243754271266956e-11
779378845797.063,1181597419.8782117,0.14170861183324954,0.0012763512924927874,2898.1510318585697,0.5555965716296032,0.09961205539993032,0.8280758732881477,0,-5.990986595705294e-10,3,1.0000000000000004,5062943.715572392,270.9389261933171,0.5555965716296032,0.09961205539993032,0.0012764524549221396,2.462172799825711e-05,-1.0114119710384586e-07,0.055559657162960296,2.1232248535754613e-11
780547475654.062,1168629856.998975,0.1417248035129991,0.0012769548207526426,2898.327994656754,0.5554667338608585,0.09959145461985558,0.8172947507656403,1.5543122344752192e-15,-5.900454569385261e-10,3,1.0000000000000004,5063397.716900556,270.85091974154835,0.5554667338608585,0.09959145461985558,0.0012770543647349605,2.4614600521412052e-05,-9.952276098572475e-08,0.05554667338608581,2.1221330056902114e-11
781710878528.3625,1163402874.300511,0.14174078090321918,0.0012775688043834472,2898.51294658083,0.5553376239937275,0.09957061984756053,0.8133403912868875,2.220446049250313e-16,-5.841321870647675e-10,3,1.0000000000000004,5063852.904266262,270.7642656690667,0.5553376239937275,0.09957061984756053,0.0012776673651177354,2.4607701830345556e-05,-9.8539523646355e-08,0.05553376239937272,2.121064153187949e-11
782871889895.2076,1161011366.844936,0.1417565759500305,0.001278196833933717,2898.707589067884,0.5552089253794401,0.09954950179838856,0.8144994560754792,-5.551115123125783e-16,-5.887081933053651e-10,3,1.0000000000000004,5064310.647051828,270.67881207943003,0.5552089253794401,0.09954950179838856,0.0012782942763659285,2.4601028323911542e-05,-9.742123204360801e-08,0.055520892537944046,2.1200168732795536e-11
784029689992.7897,1157800097.5821087,0.14177215373440494,0.0012788419592494786,2898.913997245377,0.5550807271801598,0.0995281157409179,0.8158009150160961,-1.4432899320127035e-15,-5.830834703957066e-10,3,1.0000000000000004,5064771.304336572,270.594782452901,0.5550807271801598,0.0995281157409179,0.0012789381179254319,2.4594620518315965e-05,-9.613748600355654e-08,0.05550807271801603,2.1189951428903947e-11
785183366362.46,1153676369.6703086,0.14178748405027883,0.0012795062222016526,2899.1336238462973,0.5549531284009424,0.09950647918186986,0.8169138254743302,-6.661338147750939e-16,-5.841422900942916e-10,3,1.0000000000000004,5065235.019011876,270.51236188963003,0.5549531284009424,0.09950647918186986,0.0012796009568742507,2.45885097094878e-05,-9.471349257769671e-08,0.055495312840094214,2.118002129848183e-11
786332150376.7764,1148784014.3163865,0.14180253455164316,0.0012801925175626905,2899.368424053872,0.554826211730508,0.09948460739130013,0.8183733848921015,-5.551115123125783e-16,-5.795438573485967e-10,3,1.0000000000000004,5065702.12769117,270.43175777625265,0.554826211730508,0.09948460739130013,0.0012802856418776725,2.458273357793399e-05,-9.310314456757602e-08,0.055482621173050785,2.1170415250836672e-11
787475042250.112,1142891873.3355894,0.14181802892537387,0.0012807870883996591,2899.546601678274,0.5547000852424038,0.09946253285408337,0.7654058356565407,2.220446049250313e-16,-5.603675301557587e-10,3,1.0000000000000004,5066151.3002251005,270.34789771033917,0.5547000852424038,0.09946253285408337,0.0012808853021156943,2.457617871409785e-05,-9.819255591129145e-08,0.05547000852424037,2.116012374516218e-11
788650756466.328,1175714216.2159538,0.14183403161096264,0.0012813902480393784,2899.7243142645398,0.5545704822546556,0.09943950146666447,0.8095514149319971,0,-6.168463517752798e-10,3,1.0000000000000004,5066611.10807937,270.2612352297089,0.5545704822546556,0.09943950146666447,0.0012814880846379845,2.4569338643660024e-05,-9.781544915621975e-08,0.05545704822546561,2.1149450003622633e-11
789826796378.2262,1176039911.8981018,0.14184996352299295,0.0012819983558666845,2899.9054172270394,0.5544409895543635,0.09941613860267959,0.8097947026830532,-1.1102230246251565e-15,-6.265642449321263e-10,3,1.0000000000000004,5067072.466499907,270.1750608634599,0.5544409895543635,0.09941613860267959,0.0012820956667363057,2.4562596731969732e-05,-9.7289730756763e-08,0.05544409895543633,2.113886594680715e-11
791002985354.1635,1176188975.937099,0.14186582114195487,0.0012826112470138696,2900.089849901408,0.5543116260790597,0.09939244767400401,0.8097384196492641,-4.440892098500626e-16,-6.202999225379813e-10,3,1.0000000000000004,5067535.324509321,270.08939030073714,0.5543116260790597,0.09939244767400401,0.0012827080394678632,2.455595470429771e-05,-9.677132562062999e-08,0.05543116260790596,2.1128373723298295e-11
792179364294.584,1176378940.4206345,0.141881602075211,0.0012832293682868681,2900.2778858585025,0.5541823868015319,0.09936842776901231,0.8100610558725574,-4.440892098500626e-16,-6.364242466361247e-10,3,1.0000000000000004,5067999.775548819,270.00423774201323,0.5541823868015319,0.09936842776901231,0.00128332560760498,2.4549416186279563e-05,-9.621820013596626e-08,0.05541823868015316,2.1117976384184444e-11
793355698901.1882,1176334606.6043189,0.14189729711892246,0.0012838534704929887,2900.4700395419486,0.5540532968886102,0.09934408353990373,0.8104070844949796,-1.1102230246251565e-16,-6.324391010892327e-10,3,1.0000000000000004,5068465.899543111,269.91966046872363,0.5540532968886102,0.09934408353990373,0.0012839491165178632,2.4542991385350494e-05,-9.562491719061325e-08,0.05540532968886105,2.1107683997811412e-11
794531738021.8943,1176039120.7060351,0.14191233731044955,0.0012845698327607238,2900.720829977069,0.5539243830915067,0.09931941089953919,0.8542741138095611,2.220446049250313e-16,-6.524626394721622e-10,3,1.0000000000000004,5068949.544930766,269.839573145113,0.5539243830915067,0.09931941089953919,0.0012846597317260591,2.4537530524615625e-05,-8.987786706535555e-08,0.05539243830915065,2.1098269783558237e-11
795676896663.8562,1145158641.961982,0.14192673726464808,0.0012852904420587172,2900.980372492829,0.5537989907986245,0.09929505900320995,0.8097235018600379,-1.9984014443252818e-15,-6.070147717807117e-10,3,1.0000000000000004,5069426.504488018,269.7631966407156,0.5537989907986245,0.09929505900320995,0.0012853797016541383,2.453255371549902e-05,-8.923850601096643e-08,0.05537989907986242,2.108941267779789e-11
796822250809.1029,1145354145.2466812,0.14194105581510413,0.0012860171209413622,2901.2439803467523,0.5536737121634885,0.09927037771506671,0.8106170712451899,1.9984014443252818e-15,-6.123903606436443e-10,3,1.0000000000000004,5069905.243952878,269.6873555843712,0.5536737121634885,0.09927037771506671,0.0012861057854145945,2.4527686366030178e-05,-8.864339257547993e-08,0.05536737121634884,2.1080654454307263e-11
797967168928.704,1144918119.6010818,0.14195535828332084,0.0012867377949098344,2901.504174505533,0.5535486156732871,0.09924538137585477,0.8004099809333365,2.220446049250313e-16,-6.450838752058985e-10,3,1.0000000000000004,5070383.443997773,269.6115882453969,0.5535486156732871,0.09924538137585477,0.0012868270669300311,2.4522821572039892e-05,-8.925094829609704e-08,0.05535486156732872,2.10719003515652e-11
799118925477.4595,1151756548.7554464,0.14197069421147082,0.0012873154742532237,2901.6730417199374,0.5534229075506718,0.09921992697873762,0.75185357481522,8.881784197001252e-16,-6.039507782773512e-10,3,1.0000000000000004,5070837.423117984,269.5288991540597,0.5534229075506718,0.09921992697873762,0.0012874115259990933,2.4516508357159157e-05,-9.603068406235534e-08,0.0553422907550672,2.1061806023339584e-11
800314389650.4485,1195464172.989059,0.14198668817116622,0.0012879059107244453,2901.842251311993,0.5532925734058753,0.09919318566082673,0.8032285017667284,-1.4432899320127035e-15,-6.812074238027321e-10,3,1.0000000000000004,5071306.047595682,269.4426012375854,0.5532925734058753,0.09919318566082673,0.0012880022282555643,2.4509841733338546e-05,-9.629647989417635e-08,0.0553292573405875,2.1051226860624498e-11
801514882338.9579,1200492688.5095022,0.14200277691630195,0.001288488469191105,2902.0059323585806,0.553161837293662,0.09916600827162612,0.8032828542614556,-1.6653345369377348e-15,-6.830397358825735e-10,3,1.0000000000000004,5071775.14864776,269.3557383707199,0.553161837293662,0.09916600827162612,0.0012885850110183384,2.4503091529371544e-05,-9.65207866810855e-08,0.055316183729366204,2.1040554520230782e-11
802720383908.6067,1205501569.6488426,0.14201895365840492,0.0012890640580574546,2902.164671052884,0.5530307025982439,0.09913839380010106,0.803779205971189,-2.220446049250313e-16,-7.167486604231499e-10,3,1.0000000000000004,5072244.899412265,269.26835856190434,0.5530307025982439,0.09913839380010106,0.0012891607610979394,2.4496267803794952e-05,-9.668201068662664e-08,0.05530307025982443,2.1029798314854336e-11
803930541435.3567,1210157526.749987,0.1420352091693859,0.001289633017184715,2902.31875776945,0.5528992088699605,0.09911034893716165,0.8038380860941885,4.440892098500626e-16,-7.210887442710145e-10,3,1.0000000000000004,5072715.276510596,269.18051736696793,0.5528992088699605,0.09911034893716165,0.0012897298652531188,2.4489378916708756e-05,-9.682704943602394e-08,0.05528992088699605,2.101896725992524e-11
805145328408.4628,1214786973.1060126,0.14205153715455615,0.001290195767463379,2902.4684981229893,0.5527673600818207,0.09908187300816242,0.8041492471910772,-3.3306690738754696e-16,-7.245197775063161e-10,3,1.0000000000000004,5073186.355636176,269.09223915326953,0.5527673600818207,0.09908187300816242,0.0012902927212812012,2.4482429824658667e-05,-9.693280975657803e-08,0.055276736008182115,2.1008066013437315e-11
806364526588.361,1219198179.8980868,0.14206792910796437,0.0012907527252802645,2902.6142173663934,0.5526351809546685,0.09905296985989753,0.8042313588696448,-3.3306690738754696e-16,-7.496190335132269e-10,3,1.0000000000000004,5073658.162957953,269.0035684330553,0.5526351809546685,0.09905296985989753,0.0012908497676394088,2.4475427899447028e-05,-9.702136204259126e-08,0.055263518095466924,2.0997102158612153e-11
807588089525.8774,1223562937.516563,0.14208438280345492,0.0012913049501308308,2902.756537605959,0.5525026775066272,0.0990236393004796,0.8047561612933851,-1.1102230246251565e-15,-7.488831776925053e-10,3,1.0000000000000004,5074130.8865084415,268.9145616215053,0.5525026775066272,0.0990236393004796,0.0012914020185487663,2.4468384658650273e-05,-9.704743185041435e-08,0.05525026775066268,2.098608644762954e-11
808815632394.7598,1227542868.882399,0.14210088861157238,0.0012918528702705568,2902.8958010215592,0.5523698922970668,0.09899388933190284,0.8049602548410029,6.661338147750939e-16,-7.566306470252471e-10,3,1.0000000000000004,5074604.506850642,268.82527956940487,0.5523698922970668,0.09899388933190284,0.001291949937155304,2.446130936449966e-05,-9.704590971765047e-08,0.05523698922970668,2.0975028791967476e-11
810047012006.0015,1231379611.241649,0.14211743932089474,0.001292396419791116,2903.032047185176,0.5522368416046417,0.09896372237308336,0.8048259728110629,1.3322676295501878e-15,-7.712265270853891e-10,3,1.0000000000000004,5075078.981241256,268.73573606062723,0.5522368416046417,0.09896372237308336,0.0012924934938265335,2.4454203606487366e-05,-9.705307148448877e-08,0.055223684160464116,2.0963931179684753e-11
811282343393.703,1235331387.7014644,0.14213404118214018,0.0012929347135844118,2903.164718339229,0.5521035137862013,0.09893313464426962,0.8038922243158719,6.661338147750939e-16,-7.817341218796514e-10,3,1.0000000000000004,5075554.192199509,268.6458848600114,0.5521035137862013,0.09893313464426962,0.0012930318819277418,2.4447058340274497e-05,-9.714739054430241e-08,0.055210351378620064,2.095278504396252e-11
812522358773.5272,1240015379.8243084,0.1421507197757092,0.0012934660135490376,2903.2925814072305,0.5519698307688693,0.09890210718793722,0.8041896187860331,1.5543122344752192e-15,-8.029673592702125e-10,3,1.0000000000000004,5076030.004692752,268.555574280634,0.5519698307688693,0.09890210718793722,0.001293563255954111,2.4439847590530532e-05,-9.722146350721952e-08,0.055196983076886946,2.0941564214953053e-11
813766845732.2501,1244486958.7228754,0.14216744978404827,0.001293993806171025,2903.417855203192,0.551835816462829,0.09887064383038724,0.8050763002087624,1.7763568394002505e-15,-8.145121244140796e-10,3,1.0000000000000004,5076507.020979051,268.46498721507396,0.551835816462829,0.09887064383038724,0.0012940910153373705,2.4432608989331175e-05,-9.718823603964718e-08,0.05518358164628296,2.0930303640191026e-11
815015132417.8304,1248286685.5803945,0.14218421815422164,0.0012945180941523597,2903.5406768711146,0.5517015440459282,0.09883876031329858,0.8052504019140372,2.220446049250313e-16,-8.156286757099451e-10,3,1.0000000000000004,5076985.061598552,268.37419238278983,0.5517015440459282,0.09883876031329858,0.001294615248650219,2.442535071022485e-05,-9.713357884568513e-08,0.055170154404592824,2.0919013291910648e-11
816267095067.5563,1251962649.725876,0.14220101980136757,0.0012950393509215165,2903.6613660068842,0.5515670275244772,0.09880645875623674,0.8054836121706987,0,-8.326447309414675e-10,3,1.0000000000000004,5077464.1846053405,268.2832255849143,0.5515670275244772,0.09880645875623674,0.0012951364233109133,2.4418079195782242e-05,-9.705148169742586e-08,0.055156702752447745,2.0907699522186947e-11
817522562720.2866,1255467652.7303522,0.14221784881186353,0.001295558014176983,2903.7802302361297,0.5514322858995131,0.09877374256484672,0.8056874394035685,4.440892098500626e-16,-8.483065361275521e-10,3,1.0000000000000004,5077944.428678223,268.1921253707436,0.5514322858995131,0.09877374256484672,0.0012956549804501744,2.441080105192733e-05,-9.694537682200963e-08,0.05514322858995139,2.0896368991572097e-11
818781385926.4285,1258823206.1419904,0.14223469941352124,0.0012960745865074439,2903.897611707883,0.5512973357790064,0.09874061466746335,0.8059465977927616,2.220446049250313e-16,-8.583999067113268e-10,3,1.0000000000000004,5078425.849627528,268.1009308460066,0.5512973357790064,0.09874061466746335,0.0012961714178457118,2.4403523212572084e-05,-9.681045323920084e-08,0.05512973357790062,2.0885028574964533e-11
820043370705.0929,1261984778.6643124,0.14225154476107962,0.0012965927211977583,2904.0158314203936,0.5511621984571881,0.09870707885416816,0.8078266314215377,-1.1102230246251565e-16,-8.649049254572105e-10,3,1.0000000000000004,5078909.071101069,268.00982460031645,0.5511621984571881,0.09870707885416816,0.0012966892297352698,2.4396283612345233e-05,-9.648766379833754e-08,0.05511621984571873,2.0873713289152372e-11
821307051959.0054,1263681253.9122965,0.1422683804940123,0.001297109116412027,2904.1330848602215,0.5510270309781442,0.09867317355490543,0.806125005914371,-1.4432899320127035e-15,-8.727336631153548e-10,3,1.0000000000000004,5079393.080639789,267.918803605061,0.5510270309781442,0.09867317355490543,0.001297205464797427,2.4389066838445853e-05,-9.632752298728912e-08,0.05510270309781444,2.086241474462467e-11
822573766791.3615,1266714832.356218,0.14228522616461164,0.0012976243058772938,2904.249472217316,0.5508916905337149,0.09863886248950932,0.8063681265768619,8.881784197001252e-16,-8.797965689311127e-10,3,1.0000000000000004,5079878.355823241,267.82776351127757,0.5508916905337149,0.09863886248950932,0.0012977204723597746,2.4381863445278952e-05,-9.614563136040129e-08,0.05508916905337141,2.0851119364088323e-11
823843331053.9042,1269564262.5427847,0.14230207469705905,0.001298138776714232,2904.365338983963,0.5507561971684933,0.09860414980766459,0.8066388629268673,-9.992007221626409e-16,-9.009476498178515e-10,3,1.0000000000000004,5080364.938517575,267.73674444647014,0.5507561971684933,0.09860414980766459,0.001298234733367291,2.4374680383692855e-05,-9.593581322615543e-08,0.05507561971684934,2.0839834104299614e-11
825115537603.9541,1272206550.0498555,0.1423189194107045,0.0012986531492453054,2904.4811006848313,0.5506205732833758,0.0985690403685725,0.8069396195686807,-9.992007221626409e-16,-9.135849854402522e-10,3,1.0000000000000004,5080852.88888644,267.6457954628837,0.5506205732833758,0.0985690403685725,0.0012987488651049022,2.4367526201139098e-05,-9.569503103056802e-08,0.05506205732833761,2.082856748975108e-11
826390154341.4462,1274616737.4920025,0.14233575169696308,0.0012991680270787848,2904.597182657483,0.5504848438317124,0.09853353982695873,0.8073115834172917,-1.1102230246251565e-16,-9.135737721877035e-10,3,1.0000000000000004,5081342.256441889,267.55496584997655,0.5504848438317124,0.09853353982695873,0.0012992634659652737,2.4360409413266392e-05,-9.54180691609559e-08,0.05504848438317126,2.0817328045860064e-11
827666891606.367,1276737264.9206612,0.14235256156828083,0.0012996843083928232,2904.7141883863337,0.5503490397703287,0.09849765552302958,0.8076987703664606,8.881784197001252e-16,-9.299579994959117e-10,3,1.0000000000000004,5081833.129462879,267.46432420645726,0.5503490397703287,0.09849765552302958,0.0012997794313006088,2.4353342078814025e-05,-9.510210165666347e-08,0.05503490397703288,2.080612774341504e-11
828945446365.623,1278554759.2561188,0.14236934611331586,0.0013002015757379312,2904.8319135936986,0.5502131933349318,0.09846139546329989,0.8074995851148348,-4.440892098500626e-16,-9.388504418339494e-10,3,1.0000000000000004,5082325.349523491,267.3738813623122,0.5502131933349318,0.09846139546329989,0.001300296401185474,2.4346323568290438e-05,-9.480465257640283e-08,0.05502131933349316,2.0794967122728517e-11
830225979111.2637,1280532745.6405663,0.14238610463611187,0.0013007203559146907,2904.9506589350917,0.5500772874611746,0.09842475458469405,0.8078031005220865,4.440892098500626e-16,-9.497218567133814e-10,3,1.0000000000000004,5082819.062486241,267.2836455357064,0.5500772874611746,0.09842475458469405,0.001300814855907835,2.4339357309471712e-05,-9.447920929517327e-08,0.055007728746117486,2.0783848633633645e-11
831508251941.5988,1282272830.3349347,0.1424028298653442,0.001301241236122444,2905.0708254230103,0.5499413473581177,0.09838773911567528,0.8081189704911562,-1.887379141862766e-15,-9.605604089912845e-10,3,1.0000000000000004,5083314.311961545,267.1936653991422,0.5499413473581177,0.09838773911567528,0.0013013353806800602,2.433245158971739e-05,-9.412378483813381e-08,0.05499413473581179,2.077278061375333e-11
832792016254.7314,1283764313.1326637,0.14241951373081074,0.00130176477388027,2905.1928051640734,0.5498053992534002,0.09835035571581976,0.808419208797595,-2.220446049250313e-16,-9.62983248697924e-10,3,1.0000000000000004,5083811.133260511,267.1039888196722,0.5498053992534002,0.09835035571581976,0.0013018585349359655,2.4325614475282314e-05,-9.374029392468657e-08,0.054980539925340036,2.0761771214619754e-11
834077035097.8278,1285018843.0964398,0.14243614988255335,0.001302291383293494,2905.3168922588957,0.5496694680257244,0.09831261084887848,0.8086513995919642,-4.440892098500626e-16,-9.7745622706924e-10,3,1.0000000000000004,5084309.5380556295,267.0146560676195,0.5496694680257244,0.09831261084887848,0.001302384739472743,2.4318852474859613e-05,-9.333542842238878e-08,0.05496694680257241,2.0750827139275856e-11
835363125017.417,1286089919.5892131,0.14245273364328206,0.001302821257950691,2905.4432404487334,0.5495335727939114,0.098274509557256,0.8087483377439142,-3.3306690738754696e-16,-9.899219222120337e-10,3,1.0000000000000004,5084809.512947966,266.9256925034362,0.5495335727939114,0.098274509557256,0.0013029142006872655,2.431216938498594e-05,-9.292199662234057e-08,0.05495335727939116,2.073995243527197e-11
836650209763.0745,1287084745.6573286,0.14246926089368087,0.001303354816441053,2905.5721230084323,0.5493977212851435,0.09823605377646827,0.8089923096699092,8.881784197001252e-16,-9.900289477116075e-10,3,1.0000000000000004,5085311.11601316,266.83712295784693,0.5493977212851435,0.09823605377646827,0.0013034473242572039,2.4305569978907783e-05,-9.248708699807206e-08,0.05493977212851439,2.0729151613802152e-11
837938095863.2091,1287886100.1348574,0.14248530438815213,0.0013039597103166626,2905.7455834901975,0.5492619336183772,0.09819724010585028,0.8425674864753763,-2.220446049250313e-16,-1.0329476163306595e-09,3,1.0000000000000004,5085826.727083607,266.7519306177984,0.5492619336183772,0.09819724010585028,0.0013040486608604902,2.4299706270657825e-05,-8.892982481563199e-08,0.05492619336183772,2.071901208433182e-11
839200846561.304,1262750698.0948973,0.14250100696879,0.0013045452587776242,2905.911619360319,0.5491289388782025,0.09815885894608528,0.8006220464373826,1.9984014443252818e-15,-9.645640952626877e-10,3,1.0000000000000004,5086332.184356754,266.66853007530204,0.5491289388782025,0.09815885894608528,0.001304634550055529,2.4293973947797394e-05,-8.927056881524351e-08,0.05491289388782026,2.070908721059036e-11
840470971239.2329,1270124677.92896,0.14251683964055648,0.0013051215009023073,2906.0710291241794,0.5489953103475288,0.09811993042246013,0.8018002536913649,-1.6653345369377348e-15,-9.891136798501066e-10,3,1.0000000000000004,5086838.756653007,266.584355715168,0.5489953103475288,0.09811993042246013,0.001305211065146209,2.4288133915985958e-05,-8.954354486485183e-08,0.054899531034752924,2.0699039127292386e-11
841747573969.8037,1276602730.5707676,0.14253277607417597,0.0013056903173773906,2906.2251340598914,0.5488611439108592,0.09808047985577156,0.8028541825799707,-6.661338147750939e-16,-1.0115336346316894e-09,3,1.0000000000000004,5087346.526324924,266.49957465962115,0.5488611439108592,0.09808047985577156,0.0013057800445887776,2.4282213661826332e-05,-8.970652249186644e-08,0.054886114391085955,2.0688896076889466e-11
843029845327.1371,1282271357.3334515,0.1425487896014976,0.0013062540239908392,2906.375499200397,0.5487265259724747,0.09804053031483112,0.8041216063847667,-8.881784197001252e-16,-1.037548824633916e-09,3,1.0000000000000004,5087855.689820219,266.41436660614096,0.5487265259724747,0.09804053031483112,0.001306343787696986,2.427624432697042e-05,-8.974302745873756e-08,0.05487265259724749,2.0678689232770097e-11
844316795062.7561,1286949735.618983,0.14256485979608918,0.0013068131664898557,2906.5226396974263,0.5485915615157043,0.09800011111344038,0.8042935042973376,-7.771561172376096e-16,-1.0413327977687459e-09,3,1.0000000000000004,5088366.068546927,266.32885014358015,0.5485915615157043,0.09800011111344038,0.0013069029420303187,2.4270241938863684e-05,-8.975487202709086e-08,0.05485915615157043,2.0668436818020033e-11
845608302209.728,1291507146.9719458,0.1425809745789334,0.0013073691135254883,2906.667442475644,0.5484562640811947,0.09795922470066815,0.8051474417736237,4.440892098500626e-16,-1.0554918050686979e-09,3,1.0000000000000004,5088877.882717473,266.2430983894921,0.5484562640811947,0.09795922470066815,0.0013074588199401512,2.4264221214600688e-05,-8.968575650968994e-08,0.05484562640811944,2.0658152573744337e-11
846903695414.5875,1295393204.8592978,0.14259711615445234,0.001307922698493696,2906.81055414115,0.5483207047011462,0.09791789107197134,0.8056057848593312,2.220446049250313e-16,-1.0751539658571119e-09,3,1.0000000000000004,5089391.094271123,266.1572110387752,0.5483207047011462,0.09791789107197134,0.001308012289760614,2.4258197283339405e-05,-8.957061906522266e-08,0.054832070470114666,2.064785266642822e-11
848202616706.9398,1298921292.3523548,0.14261327297631643,0.001308474838463992,2906.952603334978,0.5481849213694657,0.09787612056024665,0.80600923074714,-6.661338147750939e-16,-1.083232281651192e-09,3,1.0000000000000004,5089905.773225235,266.0712627732831,0.5481849213694657,0.09787612056024665,0.001308564274335929,2.425218291546761e-05,-8.941523438785681e-08,0.054818492136946576,2.0637549943663236e-11
849504749683.6783,1302132976.7383943,0.1426294318932632,0.0013090267999065148,2907.094428246813,0.548048947579677,0.09783392228029077,0.8067661888544464,6.661338147750939e-16,-1.0994924970475495e-09,3,1.0000000000000004,5090422.0625929255,265.9853385431022,0.548048947579677,0.09783392228029077,0.0013091160113532377,2.4246193578550235e-05,-8.919081946268579e-08,0.05480489475796773,2.062725949831787e-11
850809489760.8208,1304740077.1423993,0.14264558224311635,0.001309578768772718,2907.236240934739,0.5479128467174165,0.09779131497882906,0.8068942515537803,4.440892098500626e-16,-1.1117509135516457e-09,3,1.0000000000000004,5090939.8230212815,265.89950203953333,0.5479128467174165,0.09779131497882906,0.0013096677423307676,2.4240237253740642e-05,-8.895294105842694e-08,0.05479128467174167,2.0616990770263423e-11
852116738408.7616,1307248647.9407654,0.14266171781048537,0.0013101314775275771,2907.3785111620023,0.5477766292067248,0.09774830114092768,0.8072532781122632,-1.1102230246251565e-16,-1.128940718686522e-09,3,1.0000000000000004,5091459.164703918,265.81379488762815,0.5477766292067248,0.09774830114092768,0.001310220180407105,2.423432210462571e-05,-8.86822727765235e-08,0.054777662920672515,2.0606751441117005e-11
853426209159.3645,1309470750.6028447,0.14267782986511254,0.0013106854227739342,2907.521602889047,0.5476403249725026,0.09770488949265689,0.8075464090484541,-1.2212453270876722e-15,-1.1333365357302227e-09,3,1.0000000000000004,5091980.098128798,265.72826471598256,0.5476403249725026,0.09770488949265689,0.001310773828639956,2.4228455797992454e-05,-8.838526947380228e-08,0.05476403249725025,2.0596549435722923e-11
854737667702.1141,1311458542.749604,0.14269391192936828,0.0013112409544348439,2907.665775376093,0.5475039583914774,0.09766108719841399,0.8077440703802008,-7.771561172376096e-16,-1.1553220602422698e-09,3,1.0000000000000004,5092502.622088083,265.6429480221542,0.5475039583914774,0.09766108719841399,0.0013113290455387218,2.42226440623946e-05,-8.807051748828015e-08,0.05475039583914768,2.0586390742172786e-11
856050956338.9724,1313288636.858431,0.14270983393134706,0.0013118191220813616,2907.824017693517,0.5473675458170135,0.09761689710217002,0.8277383369004188,-8.881784197001252e-16,-1.15837972547439e-09,3,1.0000000000000004,5093030.403609732,265.5587358190212,0.5473675458170135,0.09761689710217002,0.001311905248934393,2.4217081192044846e-05,-8.610627658249999e-08,0.05473675458170133,2.05764501092319e-11
857350096955.8715,1299140616.8990083,0.14272530244384019,0.0013124245696882453,2908.001876846716,0.5472327439075205,0.09757285537428066,0.8114918084722866,-4.440892098500626e-16,-1.139092264956787e-09,3,1.0000000000000004,5093559.795487239,265.4773004154892,0.5472327439075205,0.09757285537428066,0.0013125099219828827,2.421197784630418e-05,-8.533172766161016e-08,0.05472327439075203,2.056697626060673e-11
858648042883.8702,1297945927.9987776,0.1427408292609492,0.0013130100038503234,2908.1679334741175,0.5470982057225346,0.09752853097753912,0.7984447014663942,4.440892098500626e-16,-1.154132234226779e-09,3,1.0000000000000004,5094085.903874913,265.3954216147221,0.5470982057225346,0.09752853097753912,0.0013130958866339746,2.420675425014491e-05,-8.586222625034634e-08,0.05470982057225349,2.055740041207145e-11
859955347179.1489,1307304295.2787914,0.1427565340117498,0.001313582790342622,2908.325059163564,0.5469628382352556,0.09748356429394246,0.7993771322656329,1.7763568394002505e-15,-1.175907926587172e-09,3,1.0000000000000004,5094613.238705173,265.3124914678403,0.5469628382352556,0.09748356429394246,0.0013136691061699211,2.420138037147242e-05,-8.62952796405287e-08,0.05469628382352556,2.054765604088712e-11
861271309144.9934,1315961965.8443704,0.1427723949206414,0.0013141444867350426,2908.4743459503115,0.5468267161336132,0.09743797689869466,0.8002274895502204,-1.5543122344752192e-15,-1.2113321457007942e-09,3,1.0000000000000004,5095141.884605586,265.22864518437507,0.5468267161336132,0.09743797689869466,0.0013142311462168942,2.41958786775901e-05,-8.663894408741933e-08,0.0546826716133613,2.0537766114474285e-11
862595282099.761,1323972954.7674685,0.14278839224408826,0.001314696473711995,2908.6167658794902,0.5466899082241252,0.09739178887624791,0.8009825044896779,2.220446049250313e-16,-1.2404494098561258e-09,3,1.0000000000000004,5095671.909346735,265.1440048001532,0.5466899082241252,0.09739178887624791,0.0013147833991451188,2.4190269323167687e-05,-8.690490537230453e-08,0.05466899082241253,2.0527751295216146e-11
863926686868.4047,1331404768.64386,0.14280364584201483,0.00131535654891365,2908.8264166695258,0.5465524762985994,0.09734500754045679,0.9166195277798828,-4.440892098500626e-16,-1.4852592489233984e-09,3,1.0000000000000004,5096223.865036922,265.06350189767903,0.5465524762985994,0.09734500754045679,0.0013154346014176436,2.4185631584266125e-05,-7.803198541430046e-08,0.054655247629859925,2.0518579910575406e-11
865178265284.3232,1251578415.918539,0.14281717551852155,0.0013160622555351419,2909.0786899300074,0.5464234136571421,0.0973007040894266,0.7957976977390757,-3.3306690738754696e-16,-1.2245724434478689e-09,3,1.0000000000000004,5096761.273320241,264.99231093591885,0.5464234136571421,0.0973007040894266,0.0013161405338093163,2.4182249600173666e-05,-7.825776334089444e-08,0.05464234136571415,2.051083385406222e-11
866440962535.878,1262697251.5549026,0.14283096587859156,0.0013167494799817842,2909.317925152131,0.5462933330251329,0.09725568514819392,0.7963223518092644,2.220446049250313e-16,-1.2534946414177739e-09,3,1.0000000000000004,5097299.5370088555,264.91968078193565,0.5462933330251329,0.09725568514819392,0.001316828555576773,2.417865127689389e-05,-7.905509213664961e-08,0.05462933330251326,2.0502852180728364e-11
867714457674.923,1273495139.0447056,0.14284499607403986,0.0013174209082730153,2909.545831437772,0.5461622700768075,0.09720995906219322,0.7975276822280719,-1.1102230246251565e-16,-1.2990645226196307e-09,3,1.0000000000000004,5097838.942607644,264.84573457166834,0.5461622700768075,0.09720995906219322,0.001317500646830206,2.4174860090584534e-05,-7.971806253345627e-08,0.05461622700768073,2.049465735184786e-11
868997872104.6133,1283414429.6904094,0.1428592406821194,0.0013180779444089304,2909.7634541410785,0.5460303176492545,0.09716355445099195,0.7983302235947676,-5.551115123125783e-16,-1.3234864315592176e-09,3,1.0000000000000004,5098379.4932886,264.7706160867036,0.5460303176492545,0.09716355445099195,0.0013181582510461978,2.4170898659949092e-05,-8.028615099499312e-08,0.054603031764925446,2.0486273132104604e-11
870290632806.301,1292760701.6875937,0.14287366895702874,0.0013187234922890805,2909.9727187545886,0.5458975368618729,0.09711648917209341,0.7998853379653781,-1.6653345369377348e-15,-1.3519391162120087e-09,3,1.0000000000000004,5098921.555655606,264.69450578828713,0.5458975368618729,0.09711648917209341,0.0013188042109150055,2.4166800721878432e-05,-8.069814819511436e-08,0.05458975368618728,2.0477732049135345e-11
871591541401.0844,1300908594.7834382,0.14288825417454132,0.0013193584635990282,2910.1744084007646,0.5457640527201615,0.09706880431481718,0.8001431257842473,-1.7763568394002505e-15,-1.378054115264149e-09,3,1.0000000000000004,5099464.946771587,264.6175527603182,0.5457640527201615,0.09706880431481718,0.0013194395521729995,2.4162587039120368e-05,-8.106810491646883e-08,0.05457640527201621,2.04690573532965e-11
872900438343.4597,1308896942.375308,0.14290299018931243,0.0013199832626434765,2910.368816013016,0.5456298833229334,0.09702050362393094,0.8008328192254943,4.440892098500626e-16,-1.402971738784231e-09,3,1.0000000000000004,5100009.69655982,264.5397924368661,0.5456298833229334,0.09702050362393094,0.0013200646540612727,2.4158263531196405e-05,-8.137095754066178e-08,0.054562988332293304,2.0460255098470884e-11
874216805479.1907,1316367135.7309687,0.14291785398157167,0.0013205997463230214,2910.5572062616075,0.5454950833986015,0.09697160404188737,0.8016109555308848,8.881784197001252e-16,-1.4260902458929081e-09,3,1.0000000000000004,5100555.996251831,264.4613536840805,0.5454950833986015,0.09697160404188737,0.0013206813607739968,2.415385327555413e-05,-8.159399962626184e-08,0.05454950833986013,2.0451347989259548e-11
875540042730.9741,1323237251.7832873,0.1429328242076247,0.0013212094210322302,2910.740631953147,0.5453597158358601,0.09692212580787815,0.8026565113949946,-7.771561172376096e-16,-1.4439984763470193e-09,3,1.0000000000000004,5101103.942327736,264.38235551053634,0.5453597158358601,0.09692212580787815,0.001321291163233877,2.4149376415922448e-05,-8.172175929146906e-08,0.05453597158358598,2.044235639217614e-11
876869319336.4962,1329276605.5222447,0.1429478766862612,0.0013218141521266049,2910.9203710087304,0.5452238668365866,0.09687209805276473,0.8036455644011564,6.661338147750939e-16,-1.4700124451039187e-09,3,1.0000000000000004,5101653.6262582885,264.3029518418418,0.5452238668365866,0.09687209805276473,0.0013218959314926278,2.414485850749432e-05,-8.175893271558942e-08,0.054522386683658684,2.0433306375786934e-11
878203840897.8801,1334521561.3839424,0.1429629882682534,0.0013224160138092947,2911.0978040826776,0.5450876185547816,0.09682154889044609,0.8048442058650185,0,-1.4892345134853713e-09,3,1.0000000000000004,5102205.1859641485,264.22330141143755,0.5450876185547816,0.09682154889044609,0.0013224977261726105,2.414032653066786e-05,-8.16919390904478e-08,0.05450876185547814,2.0424225125937245e-11
879542630076.8184,1338789178.9382985,0.1429781363463295,0.0013230154948195023,2911.2734322604133,0.5449510714625135,0.09677051395001596,0.8052253237800233,-9.992007221626409e-16,-1.5111419893187872e-09,3,1.0000000000000004,5102758.414629869,264.1435086603581,0.5449510714625135,0.09677051395001596,0.0013230971050435638,2.413579399488817e-05,-8.158980893437419e-08,0.054495107146251366,2.041512838187439e-11
880885382641.3527,1342752564.534384,0.14299306884532742,0.001323650367625871,2911.4705945482683,0.5448142572406229,0.09671899867475567,0.8278024030139441,-2.220446049250313e-16,-1.526010762198382e-09,3,1.0000000000000004,5103320.040798775,264.06519144526527,0.5448142572406229,0.09671899867475567,0.0013237300799782868,2.413161501393451e-05,-7.969194608308397e-08,0.05448142572406234,2.0406333105569727e-11
882213618370.8398,1328235729.4872243,0.1430077579328482,0.0013242824390512146,2911.6685567274594,0.5446790561573068,0.09666771493040573,0.8061714334983705,6.661338147750939e-16,-1.4852312713031779e-09,3,1.0000000000000004,5103877.415024687,263.9882727833587,0.5446790561573068,0.09666771493040573,0.0013243619427353692,2.4127592759548495e-05,-7.948328642070733e-08,0.05446790561573076,2.0397733148760137e-11
883545004308.4348,1331385937.5951097,0.1430224504058319,0.0013249146273047903,2911.866411617574,0.5445436678898011,0.09661598506261691,0.806852213930398,0,-1.4949061988289714e-09,3,1.0000000000000004,5104436.584792738,263.91140789009063,0.5445436678898011,0.09661598506261691,0.0013249939043083801,2.412360297543083e-05,-7.925661443903182e-08,0.05445436678898011,2.038915093008072e-11
884878984797.0919,1333980488.6569684,0.14303713097520973,0.0013255481909503612,2912.065006129643,0.5444081490788264,0.09656382972382843,0.8075236303251021,-1.1102230246251565e-15,-1.50447720947966e-09,3,1.0000000000000004,5104997.6027591005,263.83469558462156,0.5444081490788264,0.09656382972382843,0.0013256271848567027,2.411966201305642e-05,-7.897352573973852e-08,0.05444081490788263,2.0380603120620576e-11
886215009126.9376,1336024329.8456693,0.1430517841191295,0.0013261841663466441,2912.2650664000603,0.5442725556444512,0.09651126965242807,0.8082010206911239,-2.220446049250313e-16,-1.5201186975843939e-09,3,1.0000000000000004,5105560.488389517,263.7582251275902,0.5442725556444512,0.09651126965242807,0.001326262822161505,2.4115784288770798e-05,-7.863544275665214e-08,0.054427255564445144,2.0372104595075396e-11
887552519562.3873,1337510435.4496396,0.1430663975302185,0.0013268231622850023,2912.4670502529643,0.5441369440027072,0.09645832616974061,0.8083504442202294,1.5543122344752192e-15,-1.525034765137434e-09,3,1.0000000000000004,5106125.184332162,263.68206882960453,0.5441369440027072,0.09645832616974061,0.001326901465327904,2.4111980405674427e-05,-7.828267923285379e-08,0.05441369440027065,2.0363666850821077e-11
888891393993.9011,1338874431.5138552,0.14308096572269222,0.0013274656637023584,2912.67127757002,0.5440013262560325,0.09640500360453848,0.8085618884157153,-1.5543122344752192e-15,-1.531482940464457e-09,3,1.0000000000000004,5106691.745900675,263.6062571691066,0.5440013262560325,0.09640500360453848,0.0013275435968372465,2.410825601565819e-05,-7.79127795949449e-08,0.05440013262560325,2.0355295308690417e-11
890231458560.3102,1340064566.4090495,0.14309549599091256,0.0013281101487670468,2912.876837367719,0.5438657196804844,0.09635130876209544,0.8086937698659202,4.440892098500626e-16,-1.5330999802998235e-09,3,1.0000000000000004,5107259.834936435,263.5307375483383,0.5438657196804844,0.09635130876209544,0.0013281877101954853,2.410459784571503e-05,-7.754108145932749e-08,0.05438657196804844,2.034697875631987e-11
891572604949.3535,1341146389.0432012,0.14310995818189493,0.00132876108067583,2913.086481484469,0.5437301348835097,0.09629724524786701,0.8104819294862953,-8.881784197001252e-16,-1.5494024951934193e-09,3,1.0000000000000004,5107830.234306815,263.4557069366443,0.5437301348835097,0.09629724524786701,0.00132883812328944,2.4101048540838238e-05,-7.702227485592063e-08,0.05437301348835099,2.0338755474142424e-11
892913352542.2749,1340747592.9214773,0.14312432845768377,0.0013294189752049007,2913.3007307429148,0.543594720943025,0.09624287227420587,0.8110713772824241,-3.1086244689504383e-15,-1.556410889058668e-09,3,1.0000000000000004,5108402.569428438,263.3813057687606,0.543594720943025,0.09624287227420587,0.001329495452544468,2.4097624864591903e-05,-7.645700892563902e-08,0.05435947209430252,2.033064587831054e-11
894253214318.466,1339861776.1909552,0.14313859372512183,0.001330084786777852,2913.5202362959917,0.543459526187688,0.0961882095339841,0.8117509531224698,2.220446049250313e-16,-1.5473513581554244e-09,3,1.0000000000000004,5108976.859231144,263.3076109065816,0.543459526187688,0.0961882095339841,0.0013301606466896796,2.4094339340593846e-05,-7.583958916468645e-08,0.054345952618768865,2.0322662801230757e-11
895591630268.4326,1338415949.966818,0.14315273904709305,0.0013307598001585173,2913.745847950327,0.5433246061248614,0.09613327989513051,0.8125785003199049,0,-1.5456889101983506e-09,3,1.0000000000000004,5109553.157742377,263.23471882002866,0.5433246061248614,0.09613327989513051,0.001330834978064409,2.4091208072977617e-05,-7.515759106910558e-08,0.05433246061248611,2.0314822546618375e-11
896927920978.7478,1336290710.3152347,0.14316674937087004,0.0013314450251224715,2913.9782649623735,0.5431900280795177,0.09607811142485252,0.8132695296370063,-2.220446049250313e-16,-1.5389096663653845e-09,3,1.0000000000000004,5110131.430403903,263.16272337468826,0.5431900280795177,0.09607811142485252,0.001331519466992839,2.4088245482035846e-05,-7.442156322733879e-08,0.05431900280795174,2.0307140346736308e-11
898261522886.6995,1333601907.9515316,0.14318067198314824,0.0013321312654336025,2914.2119694154508,0.5430558474528779,0.09602272870604027,0.8036646548248427,-8.881784197001252e-16,-1.6058097074278521e-09,3,1.0000000000000004,5110709.907180956,263.0912980464923,0.5430558474528779,0.09602272870604027,0.0013322056993448415,2.4085374135109636e-05,-7.441361169100159e-08,0.05430558474528783,2.0299549322794398e-11
899600370915.0276,1338848028.32807,0.1431953665217856,0.0013327000855782296,2914.373465509888,0.5429212650554733,0.09596682018333971,0.7491894762901019,8.881784197001252e-16,-1.5541317122114151e-09,3,1.0000000000000004,5111269.678654297,263.0148498678324,0.5429212650554733,0.09596682018333971,0.0013327788968852047,2.4081432004308196e-05,-7.879101598672057e-08,0.0542921265055473,2.0290987225924354e-11
900992495036.6499,1392124121.6225152,0.1432106667331109,0.001333286711397507,2914.5384207797715,0.5427814613705806,0.09590836588634719,0.8034641869880677,-2.220446049250313e-15,-1.7525474405033492e-09,3,1.0000000000000004,5111850.748643812,262.9352621400654,0.5427814613705806,0.09590836588634719,0.001333365522116653,2.4077300593222334e-05,-7.879043709242533e-08,0.05427814613705798,2.028205669897727e-11
902390269836.0559,1397774799.4060445,0.14322602029332165,0.0013338699416449188,2914.7008631703407,0.5426412257274057,0.09584935037811378,0.8040473913062396,1.1102230246251565e-15,-1.7779308025822615e-09,3,1.0000000000000004,5112433.880523124,262.8554130202385,0.5426412257274057,0.09584935037811378,0.0013339487013997477,2.407315497557274e-05,-7.873948173408842e-08,0.054264122572740596,2.027309338958717e-11
903793209171.5492,1402939335.4931657,0.143241419606079,0.0013344498500215418,2914.860912524403,0.5425006076272748,0.09578979284165089,0.8041086434207312,6.661338147750939e-16,-1.8098961218626641e-09,3,1.0000000000000004,5113018.939172902,262.7753471794084,0.5425006076272748,0.09578979284165089,0.0013345285499644394,2.4069000170669952e-05,-7.867967879321162e-08,0.054250060762727495,2.0264103654536183e-11
905201278493.0466,1408069321.4976158,0.14325686028641035,0.0013350268870833575,2915.0188616384503,0.5423596111890739,0.09572969349950634,0.8043704255444872,-4.440892098500626e-16,-1.8421710823446347e-09,3,1.0000000000000004,5113606.003145143,262.6950886322624,0.5423596111890739,0.09572969349950634,0.0013351055053503625,2.4064841092466642e-05,-7.859801191354205e-08,0.0542359611189074,2.0255092015139874e-11
906614266574.4281,1412988081.3814492,0.14327233359666192,0.001335601998760483,2915.1753175095496,0.542218258177049,0.09566906005147777,0.8049543821775362,1.3322676295501878e-15,-1.859221443467618e-09,3,1.0000000000000004,5114195.181721747,262.6146957352136,0.542218258177049,0.09566906005147777,0.0013356804911891073,2.406068852115339e-05,-7.847218255358529e-08,0.05422182581770498,2.024606887404237e-11
908031676186.2421,1417409611.814074,0.1432878287431041,0.0013361757461933458,2915.330697359671,0.5420765988350531,0.09560791260509587,0.8053094582849418,2.220446049250313e-16,-1.887687117729797e-09,3,1.0000000000000004,5114786.421511779,262.5342327586862,0.5420765988350531,0.09560791260509587,0.0013362540850366225,2.405655181426891e-05,-7.831860623203908e-08,0.05420765988350522,2.0237044433943553e-11
909453207670.692,1421531484.4500523,0.14330333808172938,0.0013367485829070028,2915.4853272045743,0.5419346634996449,0.0955462630020231,0.8055939158813086,-1.1102230246251565e-15,-1.909375213493547e-09,3,1.0000000000000004,5115379.71379158,262.45374368088153,0.5419346634996449,0.0955462630020231,0.001336826746239902,2.4052437778867095e-05,-7.81431048748456e-08,0.054193466349964525,2.022802587114916e-11
910878621288.7661,1425413618.074206,0.14331885361128213,0.0013373212313919256,2915.6396829035134,0.5417924764178119,0.09548412058908198,0.8060588418956627,-1.7763568394002505e-15,-1.935510751671643e-09,3,1.0000000000000004,5115975.116968536,262.3732786377256,0.5417924764178119,0.09548412058908198,0.0013373991856135987,2.40483551764518e-05,-7.793400265359809e-08,0.05417924764178122,2.021902186117138e-11
912307515378.7114,1428894089.9451487,0.1433342969416303,0.0013379055361234056,2915.8010154217873,0.5416500779398231,0.09542150013700149,0.812856461446243,4.440892098500626e-16,-1.9570175480154717e-09,3,1.0000000000000004,5116574.6384925535,262.29335996526873,0.5416500779398231,0.09542150013700149,0.0013379828147379465,2.404441608634241e-05,-7.725840440706725e-08,0.054165007793982305,2.0210133206261263e-11
913733896618.5037,1426381239.7921617,0.14334965612837758,0.0013384901662154254,2915.9632677602704,0.5415080645528573,0.0953586646528179,0.8076281168833965,-2.6645352591003757e-15,-1.945925087731837e-09,3,1.0000000000000004,5117174.260443943,262.2139750369186,0.5415080645528573,0.0953586646528179,0.0013385671267846422,2.4040559983057852e-05,-7.694036789131981e-08,0.05415080645528572,2.0201328790310768e-11
915162370857.0134,1428474238.5099134,0.14336498480014323,0.0013390767127871791,2916.126760514717,0.541365976929744,0.0952954121187391,0.807609529807074,-4.440892098500626e-16,-1.9657622196689317e-09,3,1.0000000000000004,5117775.799707156,262.13483853312255,0.541365976929744,0.0952954121187391,0.0013391533585099624,2.4036768098317953e-05,-7.662553020918297e-08,0.05413659769297442,2.0192574521413806e-11
916592957627.5428,1430586770.5293174,0.14338027687702087,0.0013396662319688983,2916.292129139061,0.5412238129169629,0.09523174107732325,0.8082155300570548,-2.220446049250313e-16,-1.9869395018190517e-09,3,1.0000000000000004,5118379.457928761,262.0559928159571,0.5412238129169629,0.09523174107732325,0.0013397425218842102,2.4033050083934374e-05,-7.626973143342821e-08,0.054122381291696296,2.0183878820676858e-11
918025122833.1796,1432165205.6369145,0.14339551760577932,0.001340259909361126,2916.4601668251366,0.5410816253022127,0.09516767464071989,0.8091503611584727,2.220446049250313e-16,-1.9917092419774463e-09,3,1.0000000000000004,5118985.274271164,261.97752673318854,0.5410816253022127,0.09516767464071989,0.0013403357816062496,2.402942061518605e-05,-7.585206986682866e-08,0.05410816253022126,2.017525662686319e-11
919458039755.6694,1432916922.4898367,0.14341068860474654,0.0013408589015760813,2916.631686867067,0.5409394956917984,0.09510324924431031,0.8097363249359724,-2.220446049250313e-16,-2.0217980623016274e-09,3,1.0000000000000004,5119593.188264121,261.8995502519442,0.5409394956917984,0.09510324924431031,0.0013409343154608283,2.4025896282181646e-05,-7.539371802167841e-08,0.05409394956917985,2.0166725654946467e-11
920891189960.0913,1433150204.4217684,0.14342577767172196,0.001341464119695157,2916.807305232315,0.5407974748669664,0.0950384878513828,0.8104737937719708,8.881784197001252e-16,-2.019875489089884e-09,3,1.0000000000000004,5120203.193815585,261.82213858216727,0.5407974748669664,0.0950384878513828,0.0013415390272417287,2.4022488965176337e-05,-7.488738827221113e-08,0.0540797474866967,2.015829826500676e-11
922323921201.6102,1432731241.5189028,0.14344076859003566,0.0013420768187378947,2916.9878647770806,0.540655626671473,0.09497341967778597,0.8114341928933122,-2.220446049250313e-16,-2.0343260409561026e-09,3,1.0000000000000004,5120815.300276139,261.74539034615407,0.540655626671473,0.09497341967778597,0.0013421511570876137,2.4019214500146413e-05,-7.431819972819326e-08,0.05406556266714732,2.014999080126236e-11
923755385721.967,1431464520.3567965,0.1434556993054284,0.0013426885434427234,2917.1683823239696,0.5405140340113683,0.09490808410603148,0.8015412916728692,-6.661338147750939e-16,-2.091925188629773e-09,3,1.0000000000000004,5121427.769198771,261.66903376743005,0.5405140340113683,0.09490808410603148,0.0013427629450745186,2.4016004469929782e-05,-7.438149005046434e-08,0.054051403401136816,2.0141745848638744e-11
925194383580.5597,1438997858.5926762,0.14347121034385765,0.0013432132447353342,2917.295625378904,0.5403718259754995,0.09484209353758717,0.7605086380091386,6.661338147750939e-16,-2.0682444645814257e-09,3,1.0000000000000004,5122028.013939744,261.5888653650615,0.5403718259754995,0.09484209353758717,0.0013432905000916005,2.401200790513447e-05,-7.723522348747042e-08,0.05403718259754997,2.013277828752144e-11
926679466084.0741,1485082503.514574,0.14348719969829743,0.0013437536730905736,2917.4264534086133,0.5402251998558092,0.09477366744563756,0.8056889076735185,2.220446049250313e-16,-2.3017864281271727e-09,3,1.0000000000000004,5122647.567527835,261.50628166941016,0.5402251998558092,0.09477366744563756,0.0013438307225854282,2.400790510809208e-05,-7.702937130983505e-08,0.054022519985580914,2.0123544470363364e-11
928168516487.6946,1489050403.6204395,0.1435031900314663,0.0013442943117238065,2917.5572915868233,0.5400783189814741,0.0947047340191828,0.8059575810903663,-1.1102230246251565e-15,-2.3220784184374565e-09,3,1.0000000000000004,5123269.428021544,261.42375949326845,0.5400783189814741,0.0947047340191828,0.0013443711336838095,2.4003841869999884e-05,-7.680184567198952e-08,0.05400783189814742,2.0114332387563975e-11
929661296514.7648,1492780027.0700521,0.1435191764704044,0.0013448353957876743,2917.688316947464,0.5399312070085311,0.09463530337224633,0.8061353692911943,1.7763568394002505e-15,-2.3610741139989955e-09,3,1.0000000000000004,5123893.565322219,261.34132756962833,0.5399312070085311,0.09463530337224633,0.0013449119781933762,2.399982228536694e-05,-7.656230055309581e-08,0.05399312070085316,2.0105146538096823e-11
931157650473.7369,1496353958.9722946,0.14353515566034047,0.001345377107573689,2917.819662236928,0.5397838793746499,0.09456538190328778,0.8062563365551778,-1.9984014443252818e-15,-2.3798852888390343e-09,3,1.0000000000000004,5124519.967015048,261.2590060951591,0.5397838793746499,0.09456538190328778,0.0013454534420941067,2.3995849353235445e-05,-7.631442443033384e-08,0.053978387937465004,2.009599013572799e-11
932657474394.8665,1499823921.1295228,0.14355112405568968,0.0013459197666254663,2917.9515363811515,0.5396363463719022,0.09449497364479874,0.8064468366708599,-1.3322676295501878e-15,-2.420047051643337e-09,3,1.0000000000000004,5125148.6627990445,261.17681696704574,0.5396363463719022,0.09449497364479874,0.0013459958408444475,2.3991926959452686e-05,-7.6054132115752e-08,0.053963634637190186,2.0086866975808146e-11
934160598758.1665,1503124363.3000455,0.1435670763875654,0.0013464638369307393,2918.084243822636,0.5394886246894215,0.09442408572204081,0.8067619872154097,8.881784197001252e-16,-2.4464081871400367e-09,3,1.0000000000000004,5125779.685524855,261.09479248963686,0.5394886246894215,0.09442408572204081,0.0013465396312734015,2.39880606965213e-05,-7.577426487824962e-08,0.053948862468942135,2.0077782598071118e-11
935666736564.1453,1506137805.9788322,0.14358300930962514,0.0013470092124730762,2918.2177603714554,0.5393407424764463,0.09435273095827731,0.8066948564700027,-2.4424906541753444e-15,-2.4769623019338383e-09,3,1.0000000000000004,5126412.925888905,261.0129501242772,0.5393407424764463,0.09435273095827731,0.0013470847303408227,2.3984251733556227e-05,-7.549779901057831e-08,0.05393407424764462,2.0068739077395617e-11
937175956646.5938,1509220082.4483614,0.1435989355243525,0.0013475536698734942,2918.3507524572715,0.5391926928707118,0.0942809058373322,0.8054448155658811,-1.7763568394002505e-15,-2.5029740502446884e-09,3,1.0000000000000004,5127048.014915767,260.9311950168222,0.5391926928707118,0.0942809058373322,0.0013476289860452776,2.3980479601728866e-05,-7.529611206788815e-08,0.053919269287071185,2.0059718074739224e-11
938689438400.9957,1513481754.4018912,0.14361485147179634,0.0013481006141508457,2918.4850997239737,0.5390443602762334,0.09420855315311705,0.8071030747902608,1.3322676295501878e-15,-2.5426433181152674e-09,3,1.0000000000000004,5127685.977926579,260.84958299297324,0.5390443602762334,0.09420855315311705,0.0013481756282939892,2.3976768055413834e-05,-7.499409240543381e-08,0.05390443602762337,2.0050736055130127e-11
940205633883.2803,1516195482.2844207,0.14363073854862027,0.0013486497084411683,2918.620807538505,0.5388958963948649,0.09413574587962595,0.8072948047554984,-2.220446049250313e-16,-2.574381263720227e-09,3,1.0000000000000004,5128326.228523587,260.7682116974063,0.5388958963948649,0.09413574587962595,0.00134872440938197,2.397312408944818e-05,-7.46808989971062e-08,0.053889589639486486,2.0041804975088633e-11
941724367579.9028,1518733696.6225276,0.1436465939086901,0.001349200961269814,2918.757908192004,0.5387473182007025,0.09406249185432977,0.807154887788597,-1.1102230246251565e-15,-2.5950723792078634e-09,3,1.0000000000000004,5128968.716372796,260.6870949394146,0.5387473182007025,0.09406249185432977,0.00134927535608997,2.3969549157674233e-05,-7.437478723075742e-08,0.05387473182007025,2.0032926724434253e-11
943245775587.7638,1521408007.860823,0.14366241896601425,0.0013497543835472034,2918.8963919713665,0.5385986121610135,0.0939887839627809,0.8073034596378648,-1.5543122344752192e-15,-2.6295454702562893e-09,3,1.0000000000000004,5129613.496230151,260.6062236832538,0.5385986121610135,0.0939887839627809,0.0013498284645828192,2.3966042616589217e-05,-7.406101151758902e-08,0.05385986121610137,2.0024100163085066e-11
944769722367.1083,1523946779.3445833,0.14367821038199427,0.0013503102784172536,2919.0364553693335,0.5384497912976537,0.09391462815917438,0.8074363343213431,-1.7763568394002505e-15,-2.6561128851909643e-09,3,1.0000000000000004,5130260.583090886,260.525620439826,0.5384497912976537,0.09391462815917438,0.0013503840374969362,2.396260826129252e-05,-7.373906435569589e-08,0.05384497912976537,2.0015329085161143e-11
946296086546.8354,1526364179.7270806,0.1436937079771667,0.0013509168294182127,2919.2067701497467,0.5383008675424997,0.09384002302488376,0.8511835486446628,-8.881784197001252e-16,-2.6931429308874044e-09,3,1.0000000000000004,5130918.428633423,260.44721312036893,0.5383008675424997,0.09384002302488376,0.001350987818547434,2.3959675816670897e-05,-7.096912223037713e-08,0.05383008675424999,2.0006991910778518e-11
947785067232.8927,1488980686.0572174,0.14370868139525436,0.001351521553246909,2919.381302215237,0.5381557183378456,0.09376692007686048,0.7978723809420885,-6.661338147750939e-16,-2.5164225148088804e-09,3,1.0000000000000004,5131564.059095678,260.37171798859737,0.5381557183378456,0.09376692007686048,0.0013515927120845775,2.3957026143742737e-05,-7.113883862398622e-08,0.05381557183378456,1.9999045332721065e-11
949285321456.0511,1500254223.1583493,0.1437238019623074,0.0013521164560512324,2919.5489183891523,0.5380095971148197,0.0936929409872677,0.7982810928952588,-6.661338147750939e-16,-2.577378421797505e-09,3,1.0000000000000004,5132212.8765550535,260.29537668022584,0.5380095971148197,0.0936929409872677,0.001352187852069335,2.3954284457244423e-05,-7.137602712726766e-08,0.053800959711482015,1.9990976050238108e-11
950796547556.8171,1511226100.7660413,0.14373905667507927,0.0013527032860591772,2919.710700493621,0.5378625350114242,0.09361809793333065,0.799439405924085,-8.881784197001252e-16,-2.659936604310076e-09,3,1.0000000000000004,5132865.084940595,260.2182831246229,0.5378625350114242,0.09361809793333065,0.0013527748404424341,2.395146849300872e-05,-7.153440045711351e-08,0.05378625350114245,1.9982800964908184e-11
952317722557.0863,1521175000.2691395,0.1437543799292684,0.001353290921348106,2919.872108905976,0.5377146332022208,0.09354243808775425,0.8089758918305989,-2.220446049250313e-16,-2.7423987525310167e-09,3,1.0000000000000004,5133521.890992684,260.1408632083203,0.5377146332022208,0.09354243808775425,0.001353362096392502,2.394866351514698e-05,-7.115506979734498e-08,0.05377146332022203,1.9974598969591773e-11
953839860104.596,1522137547.5095663,0.14376969370598094,0.0013538717302903618,2920.0298206728626,0.5375667656615454,0.09346640732166056,0.79743900774365,-2.220446049250313e-15,-2.7651364531422473e-09,3,1.0000000000000004,5134178.868968184,260.06345061296713,0.5375667656615454,0.09346640732166056,0.0013539431390627433,2.3945858461549783e-05,-7.138880599018034e-08,0.0537566765661545,1.9966394216372492e-11
955373938912.6598,1534078808.0639684,0.14378515450055365,0.001354443263121099,2920.180930431742,0.5374178666102851,0.09338945739178854,0.7984494235224737,-8.881784197001252e-16,-2.8424551601347048e-09,3,1.0000000000000004,5134839.416372615,259.98518675803837,0.5374178666102851,0.09338945739178854,0.0013545148656535421,2.3942965635645662e-05,-7.158257437567265e-08,0.05374178666102849,1.995806838801471e-11
956919074069.2855,1545135156.625582,0.14380074871119902,0.0013550065857271779,2920.326156493591,0.5372680237029335,0.09331162999455551,0.7990549528991142,-2.4424906541753444e-15,-2.914517627239377e-09,3,1.0000000000000004,5135503.424446022,259.90618197369866,0.5372680237029335,0.09331162999455551,0.0013550783361727726,2.3940000789745203e-05,-7.173049595908739e-08,0.05372680237029326,1.994963886760332e-11
958474755471.0251,1555681401.7397099,0.14381646358266417,0.0013555618974720257,2920.46574093023,0.5371172879945568,0.09323294845270844,0.7990231683241422,4.440892098500626e-16,-2.99618863053297e-09,3,1.0000000000000004,5136170.768130013,259.8264853335204,0.5371172879945568,0.09323294845270844,0.0013556337871205586,2.3936969835483724e-05,-7.186970741939086e-08,0.053711728799455696,1.9941112876534993e-11
960041086253.5984,1566330782.5730782,0.1438322956449636,0.001356109472596103,2920.599871620698,0.5369656510224237,0.09315340531680706,0.7993373647707802,-2.220446049250313e-16,-3.0730565869774296e-09,3,1.0000000000000004,5136841.547909322,259.7461062517364,0.5369656510224237,0.09315340531680706,0.001356181476180033,2.3933875606817517e-05,-7.198365143759455e-08,0.0536965651022423,1.9932492634865573e-11
961617829339.6095,1576743086.011113,0.14384825209675872,0.0013566476335614452,2920.727577372036,0.5368131372203065,0.09307301059530969,0.796621255072516,-1.1102230246251565e-15,-3.129508874266662e-09,3,1.0000000000000004,5137515.410308506,259.6650034943828,0.5368131372203065,0.09307301059530969,0.0013567198782940175,2.3930706173826052e-05,-7.222480880511638e-08,0.0536813137220306,1.992376875528434e-11
963207757493.7043,1589928154.0948434,0.14386443168347748,0.0013571639590260107,2920.84117830481,0.5366594800590323,0.09299162307723412,0.7915711094930167,-1.1102230246251565e-15,-3.207025423002108e-09,3,1.0000000000000004,5138191.111258748,259.58249214490695,0.5366594800590323,0.09299162307723412,0.0013572367153270627,2.3927334043306664e-05,-7.273638623424374e-08,0.05366594800590319,1.9914819185497846e-11
964816087044.9807,1608329551.2763658,0.14388079161398612,0.0013576782398656223,2920.951766118668,0.5365041782668518,0.0929089706193982,0.8010524360502203,2.220446049250313e-15,-3.3355418427305494e-09,3,1.0000000000000004,5138874.08262441,259.49902815541907,0.5365041782668518,0.0929089706193982,0.0013577509877812238,2.3923910435256168e-05,-7.272800984116328e-08,0.05365041782668522,1.9905757136739316e-11
966433373980.7947,1617286935.813848,0.14389722694538115,0.0013581882691684386,2921.0592209692686,0.5363481458408411,0.09282553425042436,0.8016483056538792,-1.7763568394002505e-15,-3.415344229651396e-09,3,1.0000000000000004,5139560.574754684,259.4151628846858,0.5363481458408411,0.09282553425042436,0.00135826097259497,2.3920468804729596e-05,-7.268352988634491e-08,0.053634814584084145,1.9896647658293357e-11
968059063659.0648,1625689678.270284,0.14391372636220515,0.0013586947623344203,2921.1640447865175,0.5361914372978753,0.09274134065572207,0.8021701634886025,2.220446049250313e-16,-3.484410981968722e-09,3,1.0000000000000004,5140250.531226082,259.33096654756025,0.5361914372978753,0.09274134065572207,0.0013587673901994854,2.3917019419331562e-05,-7.26079775629879e-08,0.0536191437297875,1.988750191763795e-11
969692668100.6674,1633604441.6024084,0.14393028239810954,0.0013591978849732662,2921.2664044628405,0.5360341005437317,0.0926564133943053,0.8022264977314286,2.4424906541753444e-15,-3.5512378593338667e-09,3,1.0000000000000004,5140943.820967394,259.2464827819201,0.5360341005437317,0.0926564133943053,0.0013592704297197777,2.391356721174522e-05,-7.25248681820415e-08,0.05360341005437323,1.9878326155392867e-11
971334168201.0343,1641500100.367105,0.14394688925808696,0.0013596984885284218,2921.3668181632074,0.5358761382232465,0.09257075175185438,0.8028583776964471,2.220446049250313e-16,-3.6360153776726634e-09,3,1.0000000000000004,5141640.60243903,259.1617505058449,0.5358761382232465,0.09257075175185438,0.001359770915727828,2.391012060674341e-05,-7.240733027807851e-08,0.053587613822324645,1.986912786616257e-11
972982952910.791,1648784709.7567644,0.14396353474761606,0.0013601974257231178,2921.465869036214,0.5357176098499301,0.09248438590016464,0.8036051413196077,2.220446049250313e-16,-3.696754791171486e-09,3,1.0000000000000004,5142340.819826357,259.0768477729948,0.5357176098499301,0.09248438590016464,0.0013602696961983432,2.390669113738904e-05,-7.225061530544949e-08,0.05357176098499298,1.9859919507621986e-11
974638284898.3691,1655331987.5781283,0.14398020635875883,0.0013606952220879833,2921.5639671267854,0.5355585868586976,0.09239735292388988,0.803788333669786,1.5543122344752192e-15,-3.760847966383096e-09,3,1.0000000000000004,5143044.315462055,258.9918475754631,0.5355585868586976,0.09239735292388988,0.001360767323257464,2.3903288107293785e-05,-7.208131876622208e-08,0.053555858685869824,1.9850712018642604e-11
976300000768.6357,1661715870.266537,0.1439969007961671,0.0013611919224295807,2921.661170644271,0.5353990853755032,0.0923096601005267,0.8038657128839333,2.220446049250313e-16,-3.835358253212462e-09,3,1.0000000000000004,5143751.050634582,258.9067653464473,0.5353990853755032,0.0923096601005267,0.0013612638484016447,2.3899913339009176e-05,-7.190613055616573e-08,0.05353990853755031,1.9841507628556172e-11
977968044853.5752,1668044084.9393845,0.14401361360842857,0.0013616880224554394,2921.757791354005,0.5352391111383061,0.09222130903778869,0.8042445547029597,1.3322676295501878e-15,-3.897951628140106e-09,3,1.0000000000000004,5144461.105795999,258.8216270668135,0.5352391111383061,0.09222130903778869,0.0013617597534686169,2.389657208797368e-05,-7.171118086425779e-08,0.053523911113830626,1.983231114660037e-11
979642046841.3695,1674001987.7941957,0.14403019865555183,0.0013622111637668257,2921.870134559768,0.5350787001947553,0.09213231460414885,0.8403048754046516,-1.1102230246251565e-15,-3.9193169820705975e-09,3,1.0000000000000004,5145179.15283566,258.7375270365633,0.5350787001947553,0.09213231460414885,0.001362281088337957,2.3893506901518732e-05,-6.990474779699029e-08,0.05350787001947549,1.982333587136632e-11
981285585928.8335,1643539087.464115,0.14404612103124573,0.0013627783853044442,2922.0127439062644,0.5349213387466772,0.09204460790834502,0.8222706643357114,0,-3.7733329794065185e-09,3,1.0000000000000004,5145895.219981743,258.6575430569832,0.5349213387466772,0.09204460790834502,0.0013628471702484427,2.3891066215412753e-05,-6.876512897597203e-08,0.05349213387466775,1.9815022595833438e-11
982916815734.9717,1631229806.1381779,0.14406192129557124,0.0013633301546758087,2922.1482099897753,0.534765282876869,0.09195723390612469,0.7990892500475688,-1.887379141862766e-15,-3.703544138033976e-09,3,1.0000000000000004,5146605.190062093,258.57810467662557,0.534765282876869,0.09195723390612469,0.0013633990156302256,2.388861971476031e-05,-6.884114766734898e-08,0.05347652828768686,1.980675194290847e-11
984559144175.3336,1642328440.3619676,0.1440778280460082,0.0013638757495463127,2922.279192940717,0.5346082922857684,0.09186894230234409,0.7996333149795642,2.4424906541753444e-15,-3.80601195004715e-09,3,1.0000000000000004,5147319.267754109,258.498075613945,0.5346082922857684,0.09186894230234409,0.0013639446522831834,2.388613307613867e-05,-6.88829384615604e-08,0.053460829228576756,1.9798405988892043e-11
986212084151.7712,1652939976.4377246,0.14409383151933708,0.001364415977462008,2922.406227994752,0.5344504148181466,0.09177975695407294,0.8001467198537338,2.6645352591003757e-15,-3.9025115361468465e-09,3,1.0000000000000004,5148037.436891658,258.4175252274077,0.5344504148181466,0.09177975695407294,0.0013644848898830592,2.3883616975761077e-05,-6.889263105192588e-08,0.05344504148181453,1.978999601629347e-11
987875170421.4226,1663086269.6515498,0.14410992131734765,0.0013649513602453753,2922.5297032240287,0.5342916960729694,0.09168970077547678,0.8005069079830562,2.220446049250313e-15,-4.0113219412774015e-09,3,1.0000000000000004,5148759.6380843185,258.3365091559032,0.5342916960729694,0.09168970077547678,0.0013650202588614867,2.3881079329967987e-05,-6.887883457785953e-08,0.05342916960729695,1.9781530770288303e-11
989548088773.6863,1672918352.2635798,0.14412608997566767,0.0013654820808611601,2922.649795193745,0.534132167095594,0.09159878877253931,0.8006918633673976,-4.440892098500626e-16,-4.098323014289917e-09,3,1.0000000000000004,5149485.805379645,258.25505968554836,0.534132167095594,0.09159878877253931,0.0013655509513827446,2.3878524211892635e-05,-6.885074857014613e-08,0.05341321670955943,1.9773015076077868e-11
991230702964.3884,1682614190.7023559,0.14414233088329959,0.001366009260772902,2922.7671736548623,0.5339718418806377,0.09150702626785258,0.8014486531371379,-1.1102230246251565e-15,-4.2022829660481875e-09,3,1.0000000000000004,5150216.105281213,258.1732348606726,0.5339718418806377,0.09150702626785258,0.0013660780630478666,2.3875963168300803e-05,-6.878251050626893e-08,0.053397184188063745,1.976445960667543e-11
992922269968.0924,1691567003.704038,0.14415863527807604,0.0013665326582969104,2922.881800395217,0.5338107921015924,0.09141445191002318,0.8010589389040312,-1.7763568394002505e-15,-4.2979958481126346e-09,3,1.0000000000000004,5150950.239433723,258.0910771544505,0.5338107921015924,0.09141445191002318,0.0013666014039933178,2.3873398561354798e-05,-6.872594054048588e-08,0.053381079210159194,1.97558692849722e-11
994623251032.4448,1700981064.3522859,0.14417501320623047,0.001367051212602497,2922.9930088137717,0.5336489746669485,0.09132103899577655,0.8008489700561672,0,-4.394967167975494e-09,3,1.0000000000000004,5151688.201738467,258.00851954374923,0.5336489746669485,0.09132103899577655,0.0013671199087335426,2.387081942234741e-05,-6.867638381259147e-08,0.05336489746669482,1.9747232900556174e-11
996333922759.71,1710671727.2651653,0.14419144467925318,0.001367568979455858,2923.103171650548,0.5334863641925562,0.0912267699327227,0.8031998460777956,-4.440892098500626e-16,-4.503354800178272e-09,3,1.0000000000000004,5152430.83647528,257.92570986253537,0.5334863641925562,0.0912267699327227,0.0013676375158470056,2.3868261505129985e-05,-6.851665256747707e-08,0.053348636419255684,1.9738580627436982e-11
998051820778.7566,1717898019.0464587,0.14420789826064762,0.0013680864804553638,2923.212886774505,0.5333231955747447,0.0911317783911037,0.8040882998328058,0,-4.591722446711799e-09,3,1.0000000000000004,5153177.335574551,257.8428256015552,0.5333231955747447,0.0911317783911037,0.0013681548157213148,2.3865741490963484e-05,-6.831553601500421e-08,0.053332319557474465,1.972993627500926e-11
999776022272.1876,1724201493.4310641,0.14422435765941932,0.001368604711421169,2923.3228513159775,0.533159556757114,0.09103611382415412,0.8049243113705806,-2.1094237467877974e-15,-4.670322906186186e-09,3,1.0000000000000004,5153927.5466565555,257.7599659511675,0.533159556757114,0.09103611382415412,0.0013686728073644657,2.3863273009012114e-05,-6.80762219846443e-08,0.05331595567571141,1.9721315170502255e-11
1001505651454.1665,1729629181.9788473,0.14424080697507485,0.0013691247490487685,2923.433800844163,0.5329955309568276,0.09093982341406871,0.8058389849852077,-4.440892098500626e-16,-4.74829020546963e-09,3,1.0000000000000004,5154681.347409194,257.67722953317485,0.5329955309568276,0.09093982341406871,0.001369192565094904,2.3860870051137346e-05,-6.779633340351164e-08,0.05329955309568273,1.9712732754708924e-11
1003239740426.7792,1734088972.6126962,0.14425722892852386,0.00136964766685296,2923.5464823641437,0.5328312098641564,0.0908429597984896,0.8067753674845246,-1.5543122344752192e-15,-4.8163907306886244e-09,3,1.0000000000000004,5155438.578831339,257.5947195630147,0.5328312098641564,0.0908429597984896,0.0013697151623210887,2.385854684968004e-05,-6.747576392584419e-08,0.053283120986415716,1.970420499033511e-11
1004977291467.9727,1737551041.1934054,0.1442736163294756,0.0013701724428431773,2923.660421973466,0.5326666876958728,0.09074557800352062,0.8056237106590647,-1.3322676295501878e-15,-4.875161163653274e-09,3,1.0000000000000004,5156198.70045554,257.5124590322355,0.5326666876958728,0.09074557800352062,0.0013702396640672104,2.3856299278912325e-05,-6.720152830287867e-08,0.0532666687695873,1.9695731969156395e-11
1006719555458.495,1742263990.5223238,0.1442899669236557,0.0013707023350515162,2923.7773788657832,0.5325018457619214,0.09064760672894477,0.8089371987540783,-1.234123914173324e-11,1.38355993328787e-12,4,1.0000000000000004,5156962.765539025,257.43049883029886,0.5325018457619214,0.09064760672894477,0.001370769145584329,2.3854150675791863e-05,-6.679086239954102e-08,0.053250184576192135,1.9687329213376905e-11
1008462963587.6144,1743408129.119429,0.14430623201613382,0.001371238951038741,2923.898700465683,0.5323370211855589,0.09054924537280887,0.8101701567952979,-1.2485457112632048e-11,5.319966689398825e-12,4,1.0000000000000004,5157729.728885494,257.34911919199806,0.5323370211855589,0.09054924537280887,0.001371305297978524,2.385213099654818e-05,-6.632727786771443e-08,0.05323370211855591,1.9679036022751266e-11
1010206188626.6042,1743225038.9898484,0.14432238957602786,0.0013717836443245756,2924.0253273476924,0.5321723384496604,0.09045056830042571,0.8114333523157047,-1.2597589638119189e-11,-3.179789764828911e-12,4,1.0000000000000004,5158499.337837683,257.26845202008036,0.5321723384496604,0.09045056830042571,0.0013718494755060023,2.3850257848975777e-05,-6.581152783533193e-08,0.053217233844965996,1.9670872509497075e-11
1011947873329.5646,1741684702.9601922,0.14433841634140238,0.0013723379583056878,2924.158312587142,0.5320079245265752,0.09035165204230915,0.8128724474087967,-1.2668310844787811e-11,-7.912226429596103e-12,4,1.0000000000000004,5159271.358807856,257.18863712520914,0.5320079245265752,0.09035165204230915,0.0013724032143104718,2.3848550427224053e-05,-6.523635930922056e-08,0.0532007924526575,1.966286023761458e-11
1013686478013.4891,1738604683.9245455,0.14435429018613294,0.0013729028787561267,2924.2983995298005,0.5318439232438384,0.09025258405542663,0.8135054345437265,-1.2985390540620756e-11,3.8185010708957634e-12,4,1.0000000000000004,5160045.390891556,257.1098030440637,0.5318439232438384,0.09025258405542663,0.0013729675347967244,2.3847023741969918e-05,-6.463640340731958e-08,0.053184392324383836,1.9655017786293917e-11
1015421332787.2805,1734854773.791351,0.14437041633044476,0.0013733978645465838,2924.3986041799435,0.5316803950092239,0.09015341913587475,0.7559548649560544,-1.2711276475840805e-11,5.261124869093692e-12,4,1.0000000000000004,5160806.872949381,257.02885013317604,0.5316803950092239,0.09015341913587475,0.001373464345234326,2.3844969541812266e-05,-6.646105846661481e-08,0.05316803950092234,1.964673332476258e-11
1017217131689.649,1795798902.3685467,0.14438705691241766,0.0013739108727273707,2924.5031163257527,0.531511247200851,0.09005044847305028,0.8053658842599454,-1.476763156205152e-11,-3.362865541589599e-12,4,1.0000000000000004,5161596.106696516,256.9453803567872,0.531511247200851,0.09005044847305028,0.0013739770781547877,2.384290357970502e-05,-6.618580949414466e-08,0.05315112472008517,1.963821235824272e-11
1019018089739.695,1800958050.0459356,0.1444036738674155,0.001374426569022573,2924.6092189440847,0.5313417389270213,0.08994685712845342,0.8061405963599722,-1.5085266369396777e-11,-4.620748228489902e-13,4,1.0000000000000004,5162389.12843794,256.8621112348342,0.5313417389270213,0.08994685712845342,0.0013744924686692607,2.3840917632032208e-05,-6.588003767743695e-08,0.053134173892702155,1.9629743617834962e-11
1020823353691.7755,1805263952.0805686,0.14442025357049876,0.001374945731019366,2924.7174620614246,0.5311719502045347,0.08984269306928569,0.8069456700066091,-1.5386247831372657e-11,2.540190280342358e-12,4,1.0000000000000004,5163185.762836134,256.77912463760373,0.5311719502045347,0.08984269306928569,0.0013750112934154087,2.3839022316272297e-05,-6.554279585879236e-08,0.0531171950204535,1.9621339435996406e-11
1022632030924.5266,1808677232.7511456,0.14443677971574187,0.00137546957882483,2924.828657483364,0.5310019645277089,0.08973800676049469,0.8079008090300377,-1.5663359498319096e-11,-1.6688872506165353e-12,4,1.0000000000000004,5163985.8977820445,256.69652140931123,0.5310019645277089,0.08973800676049469,0.0013755347665862297,2.383723224309322e-05,-6.516816992842488e-08,0.053100196452770886,1.9613015723994196e-11
1024443056400.8772,1811025476.3506262,0.14445324635465437,0.0013759966977753425,2924.9421110292415,0.5308318813190963,0.08963285935199616,0.8058531258958723,-1.5905943229199693e-11,-1.3263834475196745e-12,4,1.0000000000000004,5164788.892281053,256.61431088847496,0.5308318813190963,0.08963285935199616,0.0013760615859120156,2.3835539708076798e-05,-6.48685537899233e-08,0.053083188131909605,1.9604769688253385e-11
1026258735614.7135,1815679213.8362775,0.14446966776505205,0.0013765292350876638,2925.058816978139,0.5306614835443395,0.08952711620233046,0.8096800874213272,-1.6238232980470002e-11,-1.0410561301910093e-12,4,1.0000000000000004,5165596.011468067,256.53243960983195,0.5306614835443395,0.08952711620233046,0.0013765936856456168,2.383395429205031e-05,-6.443098370462919e-08,0.05306614835443397,1.9596600897405578e-11
1028074773489.4976,1816037874.78395,0.14448598775740543,0.0013770690706461095,2925.180339407816,0.5304911735386569,0.08942102626787138,0.8103446839935469,-1.6423640225582403e-11,-4.82280881897168e-12,4,1.0000000000000004,5166405.951109369,256.4512308363721,0.5304911735386569,0.08942102626787138,0.0013771330536205284,2.3832509355242288e-05,-6.396340848127478e-08,0.05304911735386565,1.9588554167196827e-11
1029890425092.9963,1815651603.4988267,0.14450219436674494,0.0013776169016712567,2925.3071653329102,0.5303210199816959,0.08931463281853644,0.8112642768676182,-1.6586176876387526e-11,2.2430945989526663e-12,4,1.0000000000000004,5167218.554447282,256.3707530023413,0.5303210199816959,0.08931463281853644,0.0013776803834683817,2.383121375311926e-05,-6.346223933469531e-08,0.053032101998169545,1.9580639770079106e-11
1031704661386.2145,1814236293.2181344,0.1445182724939609,0.0013781738590016137,2925.4400430078767,0.5301511179787711,0.08920799597782839,0.81222535613934,-1.671029981054062e-11,-2.6251223417261826e-12,4,1.0000000000000004,5168033.63058163,256.2911073940762,0.5301511179787711,0.08920799597782839,0.0013782368033572285,2.383008114256954e-05,-6.292480577164227e-08,0.053015111797877094,1.9572873189078548e-11
1033516410628.8699,1811749242.6554549,0.1445342046573003,0.001378740586533895,2925.5794855435647,0.5299815663879239,0.0891011788032368,0.8128360226566933,-1.6803780589214057e-11,-4.222955318766708e-12,4,1.0000000000000004,5168850.884649132,256.2123773714196,0.5299815663879239,0.0891011788032368,0.001378802970665513,2.3829120900809846e-05,-6.236458951949524e-08,0.052998156638792426,1.9565266295284616e-11
1035324996471.1505,1808585842.2805831,0.14455003282725565,0.0013793067167036444,2925.7195645667357,0.5298124266924742,0.08899422382514519,0.805916697682596,-1.680089400935003e-11,4.463762692807904e-12,4,1.0000000000000004,5169668.213872207,256.13419750767173,0.5298124266924742,0.08899422382514519,0.0013793688080939916,2.3828243976796122e-05,-6.207185577650323e-08,0.0529812426692474,1.9557744482424307e-11
1037138158265.3184,1813161794.167834,0.14456575051767592,0.0013798894341386877,2925.869455410481,0.5296429742829136,0.08888667123572372,0.8154545384775336,-1.7160828313933507e-11,2.645217378471898e-12,4,1.0000000000000004,5170491.701602672,256.0567931828558,0.5296429742829136,0.08888667123572372,0.0013799508644791515,2.382757417450973e-05,-6.141081375823646e-08,0.05296429742829138,1.9550385615807802e-11
1038945245806.2788,1807087540.9603825,0.14458128753041694,0.0013804810216753584,2926.025769254568,0.5294742031085486,0.0887791522264896,0.8133241470587027,-1.7094881066270773e-11,3.4638958368304884e-13,4,1.0000000000000004,5171315.820244835,255.98046498315549,0.5294742031085486,0.0887791522264896,0.0013805418758855075,2.3827080765652088e-05,-6.083469054561801e-08,0.052947420310854885,1.954320273585319e-11
1040748636681.4158,1803390875.1371317,0.1445966586198649,0.0013810829734317285,2926.189142733901,0.5293058891623499,0.088671526482099,0.8135285128885172,-1.7122636641886402e-11,3.156586103614245e-12,4,1.0000000000000004,5172141.768785009,255.90513274434502,0.5293058891623499,0.088671526482099,0.001381143243158474,2.3826768234594726e-05,-6.025021420300609e-08,0.052930588916235,1.9536190561566028e-11
1042548112387.8079,1799475706.3920748,0.1446118578489553,0.0013816958822284377,2926.3599433924032,0.5291380510703203,0.08856380757850504,0.8142835840330154,-1.713718056350899e-11,6.834088850382614e-12,4,1.0000000000000004,5172969.568188156,255.83082768487935,0.5291380510703203,0.08856380757850504,0.0013817555396554695,2.3826642095693342e-05,-5.963792135574163e-08,0.052913805107032044,1.9529354424887165e-11
1044342848732.0984,1794736344.2903416,0.14462687062505244,0.0013823207445119703,2926.538839422102,0.5289707638729725,0.0884560453488616,0.8152559462237807,-1.7117418593670664e-11,-5.126343793904198e-12,4,1.0000000000000004,5173799.073133287,255.75763018950687,0.5289707638729725,0.0884560453488616,0.001382379752379558,2.3826713431938674e-05,-5.898836854280957e-08,0.05289707638729731,1.9522706714312825e-11
1046131790398.8794,1788941666.7811224,0.14464167794359387,0.0013829589319438115,2926.726741243699,0.5288041239800249,0.08834830371918524,0.8167073338449793,-1.705813268415568e-11,1.1977085989656189e-12,4,1.0000000000000004,5174630.110436131,255.68564684744055,0.5288041239800249,0.08834830371918524,0.0013830172343805417,2.382699720741838e-05,-5.828294405693953e-08,0.052880412398002445,1.951626400092577e-11
1047913370942.4402,1781580543.5607088,0.14465625847432548,0.0013836110908564535,2926.924197939039,0.528638275160119,0.08824067790631378,0.81744152197194,-1.6940004954335564e-11,-5.857536677922326e-13,4,1.0000000000000004,5175462.175757198,255.6149841202335,0.528638275160119,0.08824067790631378,0.0013836686578416332,2.3827503652737606e-05,-5.754749857719003e-08,0.0528638275160119,1.95100406595487e-11
1049686823698.8158,1773452756.3756206,0.14467056758246666,0.0013842840303772068,2927.135251556153,0.5284732865537782,0.0881332145376422,0.8263639837691183,-1.6386114687350073e-11,2.7753355169579663e-12,4,1.0000000000000004,5176296.141474775,255.54593343823208,0.5284732865537782,0.0881332145376422,0.0013843405192629904,2.3828292709997557e-05,-5.646940437566699e-08,0.052847328655377876,1.9504090880371434e-11
1051442629351.0509,1755805652.2351408,0.14468421030381742,0.0013850322307091918,2927.3926716103715,0.5283100416344532,0.08802647907755468,0.8486950237029944,-1.6545875780593633e-11,-3.1530333899354446e-12,4,1.0000000000000004,5177137.9901117,255.4811167817333,0.5283100416344532,0.08802647907755468,0.0013850866723720218,2.3829875220778733e-05,-5.442218685702445e-08,0.05283100416344527,1.9498889520241668e-11
1053157941345.0226,1715311993.9716475,0.1446978256439408,0.0013856953235565803,2927.605239403,0.5281506572976131,0.08792188963825237,0.7642680635577825,-1.4995893415914452e-11,3.764766276503906e-12,4,1.0000000000000004,5177950.146411966,255.41561956912736,0.5281506572976131,0.08792188963825237,0.0013857512675819522,2.3830916909631948e-05,-5.5924552778958056e-08,0.052815065729761274,1.9493372771994822e-11
1054923827809.58,1765886464.5572476,0.14471184261299228,0.0013863660753192439,2927.8176487481464,0.5279866719818725,0.0878138956624704,0.7963092975293851,-1.7058243706458143e-11,1.7768009286101005e-12,4,1.0000000000000004,5178785.265897503,255.34802811786258,0.5279866719818725,0.0878138956624704,0.0013864221184285803,2.383194371251387e-05,-5.602364533223532e-08,0.05279866719818728,1.9487653372200655e-11
1056704829755.2909,1781001945.710803,0.14472597385171823,0.001387029663622435,2928.024979448715,0.5278213819784826,0.08770465493671128,0.795620353072346,-1.7848389433083867e-11,1.2423395645555502e-12,4,1.0000000000000004,5179626.6600508625,255.27971943693478,0.5278213819784826,0.08770465493671128,0.0013870858224300732,2.3832938937338874e-05,-5.6139350544759304e-08,0.05278213819784826,1.948184967084379e-11
1058501854102.0634,1797024346.7723832,0.14474022812884327,0.0013876862138428481,2928.227213790359,0.5276547041498585,0.08759410913011138,0.7956348008208991,-1.870914534407575e-11,-7.751577157932843e-13,4,1.0000000000000004,5180474.744176082,255.21065731987844,0.5276547041498585,0.08759410913011138,0.001387742477332089,2.383390238621226e-05,-5.624403924490521e-08,0.05276547041498587,1.9475958244113093e-11
1060315028529.2516,1813174427.1880553,0.1447546057885509,0.0013883358040745015,2928.424394207632,0.5274866277172671,0.08748224753466366,0.79551375806175,-1.9610091328559065e-11,1.426192497433476e-12,4,1.0000000000000004,5181329.617103343,255.140846221342,0.5274866277172671,0.08748224753466366,0.001388392165829601,2.3834835934896048e-05,-5.634231234469573e-08,0.05274866277172668,1.9469980349680312e-11
1062144637357.3796,1829608828.1279821,0.14476910745027297,0.0013889787987984173,2928.616711210105,0.527317127383139,0.08736904970736861,0.795660504981921,-2.0559443036916036e-11,5.5004889532028756e-12,4,1.0000000000000004,5182191.491189453,255.07029330027365,0.527317127383139,0.08736904970736861,0.0013890352426760265,2.383574350222486e-05,-5.642444224744614e-08,0.05273171273831382,1.9463918426624197e-11
1063990659287.6978,1846021930.3181958,0.14478373000981787,0.00138961562841468,2928.8044273669084,0.5271462061588775,0.08725451400324179,0.7958983164191302,-2.154898481876444e-11,8.86402062860725e-13,4,1.0000000000000004,5183060.46839041,254.9990245945556,0.5271462061588775,0.08725451400324179,0.0013896721353898029,2.3836630490726356e-05,-5.648754729061366e-08,0.05271462061588778,1.945777732485502e-11
1065852963272.1936,1862303984.495906,0.14479846853506698,0.0013902467608574057,2928.9878431145435,0.5269738771661778,0.08713864560631103,0.7962498843605559,-2.2570612046024507e-11,9.403589018575076e-13,4,1.0000000000000004,5183936.613019718,254.92707316708308,0.5269738771661778,0.08713864560631103,0.001390303308752569,2.3837502911216e-05,-5.6528474979424654e-08,0.05269738771661781,1.9451562817129148e-11
1067731278116.6023,1878314844.408761,0.14481331529453773,0.001390873256713712,2929.1675988148518,0.5268001664285337,0.08702145837190721,0.797153425768915,-2.362154916113468e-11,2.114308728096148e-12,4,1.0000000000000004,5184820.036709844,254.8545016970548,0.5268001664285337,0.08702145837190721,0.0013909298051855486,2.3838372266957858e-05,-5.6529059405343274e-08,0.0526800166428533,1.944528590664845e-11
1069624667518.2355,1893389401.633283,0.1448282560638733,0.001391495724192886,2929.3441615107986,0.5266251613388805,0.08690300780331622,0.7975573226848276,-2.4667823339541428e-11,-4.392486374626969e-12,4,1.0000000000000004,5185710.5022421125,254.78139060418698,0.5266251613388805,0.08690300780331622,0.0013915522508100434,2.383924795884017e-05,-5.65072125244597e-08,0.052662516133888074,1.9438958262715392e-11
1071532769127.5637,1908101609.3284032,0.14484328137566793,0.0013921150393763494,2929.5180905326497,0.5264488960684631,0.08678331380181505,0.7984550580431016,-2.5746627052569693e-11,-7.664979762012081e-13,4,1.0000000000000004,5186608.049389744,254.70779927489406,0.5264488960684631,0.08678331380181505,0.0013921715072097148,2.384013996457336e-05,-5.6448436617884645e-08,0.05264488960684632,1.9432589882180135e-11
1073454615945.8689,1921846818.3051963,0.14485838130577788,0.001392731333526142,2929.689557401127,0.5262714604839226,0.08666243449934272,0.798676079993843,-2.6795676788538003e-11,-1.3300471835009375e-12,4,1.0000000000000004,5187512.339648133,254.6337901580251,0.5262714604839226,0.08666243449934272,0.0013927877287862908,2.3841053349258704e-05,-5.637587127938591e-08,0.05262714604839233,1.9426188799269863e-11
1075390039132.54,1935423186.671007,0.144873540936059,0.0013933464383951652,2929.859677931737,0.5260928706242111,0.0865403778582993,0.8000750287284752,-2.787892139366477e-11,8.51096970677645e-13,4,1.0000000000000004,5188423.659706243,254.55944800531356,0.5260928706242111,0.0865403778582993,0.001393402709547377,2.384200578874809e-05,-5.6251771286176874e-08,0.05260928706242113,1.9419770851436126e-11
1077337429830.5575,1947390698.0175948,0.14488865631430234,0.0013939764112265475,2930.0379419507576,0.5259132754113356,0.08641724047340207,0.8251591246399848,-2.8456015321864925e-11,1.956879103204301e-12,4,1.0000000000000004,5189344.151717243,254.48545390913273,0.5259132754113356,0.08641724047340207,0.0013940317793200239,2.3843138642592668e-05,-5.5348719680346056e-08,0.05259132754113354,1.941346314939272e-11
1079266849703.4221,1929419872.8645744,0.14490322080407544,0.001394658327420959,2930.248937444457,0.5257354347907363,0.08629490363038633,0.8366480751254013,-2.811506583100254e-11,2.8530511286817273e-12,4,1.0000000000000004,5190268.2109024925,254.4147657921098,0.5257354347907363,0.08629490363038633,0.0013947123456943048,2.384485356222408e-05,-5.399890483560681e-08,0.05257354347907367,1.9407721095905815e-11
1081165293956.2031,1898444252.7809608,0.14491751141516407,0.0013953203257440407,2930.4520990918204,0.5255605422345094,0.08617420591759706,0.798192837103695,-2.664723997014562e-11,1.8773871346411397e-12,4,1.0000000000000004,5191177.718170166,254.3453112321314,0.5255605422345094,0.08617420591759706,0.0013953742994485174,2.3846554370236438e-05,-5.3954339576121443e-08,0.05255605422345093,1.9402082245792873e-11
1083077727907.5653,1912433951.362329,0.14493186260230495,0.0013959808055373968,2930.6537147221034,0.5253844529798155,0.0860522955015203,0.7998184638202677,-2.779110275241692e-11,-6.336042801535768e-13,4,1.0000000000000004,5192094.4398798505,254.27549170532566,0.5253844529798155,0.0860522955015203,0.0013960346733054858,2.38482921970996e-05,-5.3848410462325755e-08,0.052538445297981545,1.9396422355719754e-11
1085002295824.6226,1924567917.0572505,0.1449462444431044,0.0013966416512803579,2930.855076646477,0.5252073381339575,0.08592928784991902,0.8016980249103689,-2.886890726472302e-11,-5.71120928327673e-12,4,1.0000000000000004,5193017.974375218,254.2054783561887,0.5252073381339575,0.08592928784991902,0.0013966953467015799,2.3850089008472326e-05,-5.3676070774663894e-08,0.052520733813395774,1.9390767171972514e-11
1086936802997.45,1934507172.8275793,0.1449606234549364,0.0013973048503208496,2931.057565477683,0.5250293996418913,0.08580532067325551,0.8039724688768679,-2.985267588684337e-11,3.8968828164342995e-13,4,1.0000000000000004,5193947.791578708,254.13546128821113,0.5250293996418913,0.08580532067325551,0.0013973582971145337,2.3851968086616732e-05,-5.342745025235535e-08,0.052502939964189116,1.938514478628562e-11
1088878548309.2205,1941745311.7703083,0.14497496622082268,0.0013979713738626887,2931.2620267694156,0.524850885597268,0.0856805650540339,0.804979756324764,-3.0697888675490503e-11,-2.8884672431672698e-12,4,1.0000000000000004,5194882.969114689,254.06561644060474,0.524850885597268,0.0856805650540339,0.0013980245369594481,2.3853944876755044e-05,-5.314376009587137e-08,0.05248508855972683,1.937957842746013e-11
1090826339042.2488,1947790733.0282464,0.14498925038118224,0.0013986430115024006,2931.4696222461553,0.5246719050578973,0.0855550959668765,0.8071038168355749,-3.149736027552308e-11,-2.2503110486127298e-12,4,1.0000000000000004,5195823.346308981,253.99607267853534,0.5246719050578973,0.0855550959668765,0.00139869582323575,2.3856038073126906e-05,-5.2792403314275905e-08,0.05246719050578972,1.937408844075159e-11
1092777621337.971,1951282295.7221494,0.14500344041569088,0.0013993218679896815,2931.6818101705535,0.5244926918780998,0.08542907635918537,0.8095755096859669,-3.2166269647859735e-11,-8.004041873732604e-12,4,1.0000000000000004,5196768.246768442,253.92703720812742,0.5244926918780998,0.08542907635918537,0.0013993742502783238,2.3858271838453637e-05,-5.236296494851433e-08,0.052449269187809996,1.9368704890799043e-11
1094729415131.3087,1951793793.3378167,0.14501749887719745,0.0014000093235604601,2931.8996870847786,0.5243135186169787,0.08530269766441469,0.8111154811696331,-3.264710723982489e-11,-2.7691182680200654e-12,4,1.0000000000000004,5197716.684041494,253.85870932074366,0.5243135186169787,0.08530269766441469,0.0014000612271436754,2.3860664713280937e-05,-5.188426546687758e-08,0.05243135186169783,1.936345456891577e-11
1096679866367.1868,1950451235.8780951,0.14503140050648225,0.0014007064976190023,2932.1240885556076,0.524134554064784,0.08517607949658718,0.812670259281445,-3.3019809109191556e-11,7.280842595491777e-13,4,1.0000000000000004,5198668.087929831,253.7912205843969,0.524134554064784,0.08517607949658718,0.0014007578742033877,2.3863230192505172e-05,-5.135727228078356e-08,0.0524134554064784,1.9358355713995288e-11
1098627110585.3578,1947244218.1710227,0.14504511302045298,0.0014014157436909164,2932.3565656779515,0.523955967712534,0.08504934252991754,0.8152582904596972,-3.327427222643564e-11,6.690203946391193e-13,4,1.0000000000000004,5199622.095584168,253.7247475987924,0.523955967712534,0.08504934252991754,0.001401466512182073,2.3865992156021473e-05,-5.0749184352204173e-08,0.052395596771253425,1.9353435430034507e-11
1100568064932.238,1940954346.8800352,0.14505844985773594,0.0014021638922775738,2932.6130252831736,0.523778040903529,0.08492268189668832,0.8408937450521403,-3.340960841313745e-11,2.076783189863818e-12,4,1.0000000000000004,5200582.1178989,253.66043379436076,0.523778040903529,0.08492268189668832,0.001402213245844545,2.3869186744358646e-05,-4.9334264910711046e-08,0.052377804090352885,1.9348906250982587e-11
1102473031108.3975,1904966176.1594613,0.14507127741211392,0.001402925949673481,2932.881728268403,0.5236034923809423,0.08479803957179202,0.8246651481136347,-3.1480928974758626e-11,-1.5868417690967362e-12,4,1.0000000000000004,5201531.228796053,253.59878148826346,0.5236034923809423,0.08479803957179202,0.0014029743764631592,2.387265497091303e-05,-4.840748910038989e-08,0.05236034923809425,1.9344743024026087e-11
1104360983149.6528,1887952041.2554548,0.14508372666927233,0.0014037097146927125,2933.1654150099116,0.5234305796781961,0.08467418064975123,0.8275618247621797,-3.088440614362753e-11,3.979039320256561e-13,4,1.0000000000000004,5202478.7716419175,253.53914704991053,0.5234305796781961,0.08467418064975123,0.0014037571169097853,2.3876425631504972e-05,-4.738291952663457e-08,0.05234305796781958,1.9340898947256886e-11
1106228795501.6067,1867812351.9536808,0.14509575128172184,0.0014045179675819988,2933.4659903280285,0.5232595860814057,0.08455131244226832,0.8306665778834432,-3.010225402277911e-11,-1.0620393453564247e-12,4,1.0000000000000004,5203423.885684587,253.4817729592025,0.5232595860814057,0.08455131244226832,0.0014045642283415818,2.388052672870428e-05,-4.6241464453224976e-08,0.052325958608140564,1.933740911458707e-11
1108073226379.1108,1844430877.5040495,0.14510730346522885,0.0014053535729402502,2933.7854146017257,0.5230908051923346,0.08442965097326396,0.8341070126260952,-2.913447261221336e-11,-3.1645797093915462e-12,4,1.0000000000000004,5204365.665955111,253.42690798489468,0.5230908051923346,0.08442965097326396,0.0014053985567630438,2.3884986758261202e-05,-4.496452942859103e-08,0.05230908051923344,1.9334309435954816e-11
1109890808354.794,1817581975.6832476,0.1451183343650226,0.0014062192273307061,2934.1255681794187,0.5229245509351336,0.08430942838503254,0.8374496457408398,-2.7988278361590346e-11,-8.576472865229334e-13,4,1.0000000000000004,5205303.071829018,253.37480308451347,0.5229245509351336,0.08430942838503254,0.0014062627920200148,2.3889832722576072e-05,-4.3545397031125286e-08,0.052292455093513344,1.933163536616742e-11
1111678354101.962,1787545747.1678286,0.14512879363488498,0.0014071181592515802,2934.4886206588008,0.5227611113159025,0.08419085954606999,0.8411024822463364,-2.669175991343309e-11,-3.908984247402714e-12,4,1.0000000000000004,5206235.265124653,253.32571284869778,0.5227611113159025,0.08419085954606999,0.0014071601393707096,2.3895095241163593e-05,-4.1960827263811113e-08,0.052276111131590204,1.9329424344554694e-11
1113432538391.944,1754184289.9823253,0.1451401418805072,0.0014078379588635804,2934.749088919539,0.522600783697862,0.08407420650771205,0.6043805601818608,-2.2208568317694244e-11,4.5341508325691393e-13,4,1.0000000000000004,5207124.148236854,253.27205412757863,0.522600783697862,0.08407420650771205,0.0014078871326090934,2.3898985678643358e-05,-4.915445061185087e-08,0.05226007836978617,1.932616728256462e-11
1115463316547.8662,2030778155.9219887,0.1451539153945083,0.0014085957117455027,2935.0046483462547,0.5224152494098844,0.0839388353051438,0.8403937232226433,-4.090916494448038e-11,-9.928724509222775e-13,4,1.0000000000000004,5208139.860289385,253.20712057122682,0.5224152494098844,0.0839388353051438,0.001408643807520251,2.3902831030557177e-05,-4.807651053877242e-08,0.05224152494098844,1.9321834242266128e-11
1117457033918.1257,1993717370.2596805,0.1451673177861823,0.0014093473711142685,2935.2606101494584,0.5222331731740263,0.08380560697892349,0.8103699121464469,-3.8383851652668e-11,-4.698574862516125e-12,4,1.0000000000000004,5209140.500252662,253.1440994063171,0.5222331731740263,0.08380560697892349,0.001409395013447549,2.3906768241210977e-05,-4.7623069660636526e-08,0.05222331731740265,1.9317716186095896e-11
1119450296197.1719,1993262279.0462253,0.1451805969710704,0.0014101077285166126,2935.5221704793753,0.522051208811959,0.08367208284700187,0.8112760831180399,-3.876376997169473e-11,-7.465139617579553e-13,4,1.0000000000000004,5210144.464642382,253.08183533655594,0.522051208811959,0.08367208284700187,0.001410154889625718,2.391087060277263e-05,-4.7141850028517903e-08,0.05220512088119595,1.9313738183510428e-11
1121441990225.0396,1991694027.8674488,0.14519373913725792,0.0014108772166099173,2935.7896880957196,0.5218694563974584,0.08353833741444232,0.8117796279627498,-3.9052205913492344e-11,1.865396725975188e-12,4,1.0000000000000004,5211151.359462918,253.0203943237789,0.5218694563974584,0.08353833741444232,0.001410923881322983,2.391514352693215e-05,-4.6645458254750075e-08,0.05218694563974578,1.930990877629563e-11
1123431499904.4746,1989509679.4351463,0.14520673437172582,0.0014116573941481937,2936.0640674281226,0.521687970560516,0.08340441194918238,0.813664363663591,-3.928191105728729e-11,3.3215652450735433e-12,4,1.0000000000000004,5212161.1967968615,252.95986026672523,0.521687970560516,0.08340441194918238,0.0014117035072261014,2.3919601132578793e-05,-4.6093827118314776e-08,0.05216879705605161,1.930624206724202e-11
1125416524618.211,1985024713.7362237,0.14521956183347062,0.001412448705166977,2936.3457425013594,0.5215069594667328,0.08327046143908173,0.8144108004648487,-3.9320990907754094e-11,8.204548151979907e-13,4,1.0000000000000004,5213173.061763056,252.9003528101182,0.5215069594667328,0.08327046143908173,0.0014124942433872709,2.392425024521247e-05,-4.551897308070021e-08,0.05215069594667332,1.930275224333931e-11
1127396166646.0725,1979642027.8616273,0.14523262054780722,0.0014131738849668919,2936.5905328978533,0.521326501986361,0.08313656128315221,0.7089712633634448,-3.960320960061381e-11,9.29034627006331e-13,4,1.0000000000000004,5214173.243812932,252.83911395436448,0.521326501986361,0.08313656128315221,0.0014132219108763575,2.392844095645356e-05,-4.800666654054744e-08,0.05213265019863602,1.9298891243520525e-11
1129512162725.0115,2115996078.9390419,0.14524683041947667,0.001413892939957801,2936.820343751187,0.5211336810684235,0.08299311967836352,0.7978052737889207,-5.237577038741392e-11,2.6711965972481266e-13,4,1.0000000000000004,5215233.8933098065,252.77187735826527,0.5211336810684235,0.08299311967836352,0.0014139409230152888,2.393249900610077e-05,-4.7963837136279173e-08,0.05211336810684237,1.929440520144907e-11
1131644269335.221,2132106610.2094455,0.14526124106910587,0.0014145879874676583,2937.03550567048,0.5209394576159527,0.08284826841235085,0.7692293547967299,-5.4698578999534675e-11,7.533973445106312e-13,4,1.0000000000000004,5216299.60613965,252.70348845274177,0.5209394576159527,0.08284826841235085,0.001414636559384202,2.393643049372375e-05,-4.8552704169068646e-08,0.05209394576159529,1.9289750365103602e-11
1133832149351.3066,2187880016.085717,0.14527603202843947,0.0014152880109875904,2937.2492576709806,0.5207402194987024,0.08269930627305973,0.7980591840150986,-6.133515917383647e-11,-3.933853243154317e-12,4,1.0000000000000004,5217392.92477364,252.6332441594882,0.5207402194987024,0.08269930627305973,0.001415336435561445,2.394044048551966e-05,-4.84053757096116e-08,0.05207402194987025,1.9284952211908534e-11
1136036336475.0535,2204187123.7466583,0.14529087429840498,0.0014159896094032532,2937.463158878316,0.5205395614539561,0.08254891049833817,0.7989901777694097,-6.383915618357605e-11,-3.3281155609188318e-12,4,1.0000000000000004,5218496.006081853,252.56280284038218,0.5205395614539561,0.08254891049833817,0.0014160378459349798,2.3944547423061132e-05,-4.821734194798582e-08,0.05205395614539561,1.9280174260062137e-11
1138255658127.2864,2219321652.2329426,0.14530575227378467,0.0014166934742169221,2937.6777246672345,0.5203375893971559,0.08239715848286627,0.7999081433340827,-6.628420035070803e-11,4.2388315080188477e-13,4,1.0000000000000004,5219608.506097385,252.49224989830648,0.5203375893971559,0.08239715848286627,0.0014167414964237157,2.3948760278236012e-05,-4.8003025269761e-08,0.05203375893971557,1.9275428456942895e-11
1140488935679.6091,2233277552.322872,0.14532064799482555,0.0014174008435326943,2937.8937768247606,0.520134409632938,0.08224412827972484,0.8014326037530939,-6.860800816355095e-11,3.332667475319795e-12,4,1.0000000000000004,5220730.167869309,252.42168955789475,0.520134409632938,0.08224412827972484,0.001417448611953361,2.3953092415613393e-05,-4.774924718135607e-08,0.05201344096329379,1.927073046595669e-11
1142734118481.7964,2245182802.1874986,0.14533552148213774,0.0014181153685424086,2938.113608480339,0.5199302076751432,0.08208995732155754,0.8052431157978823,-7.080158681560533e-11,2.112754415861673e-12,4,1.0000000000000004,5221860.768549156,252.3513517232627,0.5199302076751432,0.08208995732155754,0.0014181627917823146,2.3957578526803372e-05,-4.740407419395489e-08,0.05199302076751426,1.9266117211195728e-11
1144985923102.8928,2251804621.0964804,0.1453503404200331,0.0014188347684773522,2938.336360790971,0.5197254626550912,0.08193500682812921,0.8046759340796239,-7.23234805377615e-11,-2.2359891715950653e-13,4,1.0000000000000004,5222997.596594305,252.2813873425436,0.5197254626550912,0.08193500682812921,0.001418881858694217,2.396220487688735e-05,-4.7071057883229736e-08,0.05197254626550915,1.9261596711242006e-11
1147245164873.8018,2259241770.908978,0.14536509719167712,0.0014195616750556856,2938.563469532147,0.5195200989056068,0.08177921933006167,0.8070134999149658,-7.397182866242247e-11,-3.4895419886993295e-12,4,1.0000000000000004,5224141.508160852,252.2118600005959,0.5195200989056068,0.08177921933006167,0.001419608377797498,2.396699418557371e-05,-4.6683589635237455e-08,0.05195200989056076,1.9257184964476516e-11
1149508583151.6292,2263418277.8272314,0.14537975375789827,0.0014202980230406147,2938.7963150413434,0.5193144112218614,0.08162281793449468,0.8098322919203316,-7.51931850118126e-11,-4.4043657609904585e-12,4,1.0000000000000004,5225291.415491205,252.14298316644528,0.5193144112218614,0.08162281793449468,0.001420344273888141,2.3971966354806547e-05,-4.623170141209899e-08,0.051931441122186194,1.925291079395584e-11
1151772235782.844,2263652631.215079,0.1453942645927209,0.0014210460727398988,2939.0365198152585,0.5191087560660569,0.08146607363928404,0.8133118371833614,-7.587863670721617e-11,-7.260858581048524e-14,4,1.0000000000000004,5226445.970798356,252.07500831221518,0.5191087560660569,0.08146607363928404,0.0014210917930359143,2.3977144027641926e-05,-4.5701155034670435e-08,0.05191087560660568,1.9248807815186866e-11
1154031274872.2083,2259039089.3643312,0.1454085766117605,0.0014218081896518104,2939.28583492992,0.5189035718960096,0.08130932120423043,0.8170902519866186,-7.588263351010482e-11,-6.42041975140728e-13,4,1.0000000000000004,5227603.4232577,252.0082263626158,0.5189035718960096,0.08130932120423043,0.0014218532935300972,2.3982550769896794e-05,-4.508474126332056e-08,0.05189035718960098,1.9244913763507107e-11
1156280491267.6216,2249216395.4132442,0.1454227557017193,0.0014225629139560517,2939.5324988364296,0.5186993293092909,0.08115292605424793,0.7762343144646078,-7.612044328197953e-11,-1.6021628468365634e-12,4,1.0000000000000004,5228757.756969562,251.9420907724875,0.5186993293092909,0.08115292605424793,0.0014226083009002827,2.3988010558793434e-05,-4.53678114175729e-08,0.05186993293092902,1.9241099321200824e-11
1158578106656.2986,2297615388.676999,0.1454374903902669,0.0014232706731623992,2939.7491241245384,0.51849073881808,0.08099285471498456,0.7555087599975252,-8.335532264425183e-11,1.1957101975212936e-12,4,1.0000000000000004,5229928.237929492,251.87268494585388,0.51849073881808,0.08099285471498456,0.0014233168191408777,2.3993146921890217e-05,-4.612686028630921e-08,0.051849073881808,1.923682938345299e-11
1160957137587.719,2379030931.420369,0.14545275150630557,0.0014239870557790225,2939.964729482177,0.5182748038650105,0.08082679293879982,0.7839236047801901,-9.701373038240035e-11,-3.8347103270552907e-13,4,1.0000000000000004,5231139.7615465615,251.8006875445879,0.5182748038650105,0.08082679293879982,0.0014240332712569378,2.399842543029123e-05,-4.619638368817315e-08,0.051827480386501056,1.9232373499076574e-11
1163375412816.2124,2418275228.493366,0.1454682621728511,0.0014246984920155896,2940.1751068852673,0.5180553523707099,0.08065767208959732,0.7832572020138873,-1.0478462542096167e-10,-1.8662849043948881e-13,4,1.0000000000000004,5232370.997865678,251.7274007639629,0.5180553523707099,0.08065767208959732,0.0014247447707467905,2.4003757740038972e-05,-4.6259652671963466e-08,0.05180553523707096,1.9227815239929818e-11
1165834625206.1465,2459212389.9341607,0.14548402670211588,0.00142540603731465,2940.3807607456406,0.5178322297181591,0.08048536850910767,0.783969347772917,-1.1337730754235054e-10,2.8455016121142762e-12,4,1.0000000000000004,5233623.021497889,251.65281430790472,0.5178322297181591,0.08048536850910767,0.0014254523459663168,2.4009156539160584e-05,-4.6289590116286025e-08,0.051783222971815895,1.922315916254354e-11
1168334331630.3022,2499706424.155693,0.14549997589430724,0.0014261219367068113,2940.588705513639,0.5176054751467517,0.08030990551017214,0.8081660712866423,-1.2327516785148873e-10,3.015365734881925e-13,4,1.0000000000000004,5234897.8679533405,251.57740529668735,0.5176054751467517,0.08030990551017214,0.0014261678243580418,2.4014729361928415e-05,-4.586860853829795e-08,0.0517605475146752,1.9218497581549847e-11
1170836872673.3423,2502541043.040002,0.14551583263507797,0.0014268411431977814,2940.799135616293,0.5173785031803554,0.08013392081612963,0.7900781194558615,-1.2526368831089485e-10,1.1819434320159417e-12,4,1.0000000000000004,5236177.573539712,251.50256164626032,0.5173785031803554,0.08013392081612963,0.0014268869136788835,2.4020451527814047e-05,-4.5751445882912856e-08,0.05173785031803553,1.921395050461928e-11
1173370768178.0056,2533895504.6635814,0.14553185564972448,0.0014275569346452412,2941.0059724535477,0.5171487247557048,0.07995541055351886,0.7865209175617061,-1.3308520951937908e-10,-2.3611113064703204e-12,4,1.0000000000000004,5237474.076108298,251.42687917094256,0.5171487247557048,0.07995541055351886,0.0014276026543053994,2.4026258424330543e-05,-4.570064078824871e-08,0.051714872475570495,1.9209356886646433e-11
1175942206263.1814,2571438085.175886,0.14554806970664427,0.0014282731989548822,2941.210969962669,0.5169155768565494,0.07977393463731063,0.7885699009058111,-1.4267043102478283e-10,-2.737809978725636e-12,4,1.0000000000000004,5238791.014875933,251.35026571353626,0.5169155768565494,0.07977393463731063,0.0014283188174056443,2.403218567383346e-05,-4.559944981098443e-08,0.05169155768565493,1.9204723634316094e-11
1178548350710.6677,2606144447.486481,0.14556443365739385,0.0014289928944094268,2941.4160662813156,0.516679314717137,0.07958968763602929,0.7924648680324164,-1.5217516136090126e-10,1.4033219031261979e-13,4,1.0000000000000004,5240127.723333443,251.2729622902712,0.516679314717137,0.07958968763602929,0.0014290383333783834,2.403826329749191e-05,-4.54199863270194e-08,0.05166793147171368,1.9200086629650832e-11
1181183170906.2844,2634820195.616857,0.14558072804134436,0.0014297491253870084,2941.640504493227,0.5164404837064871,0.07940308113983684,0.8350646960031405,-1.6046008965986402e-10,1.0722533971829762e-12,4,1.0000000000000004,5241487.333116363,251.19642263629186,0.5164404837064871,0.07940308113983684,0.0014297936747291124,2.4044778200523538e-05,-4.453037581249483e-08,0.051644048370648725,1.9195709116369808e-11
1183778147418.7256,2594976512.4409943,0.1455966821514986,0.0014304909503386545,2941.860803602321,0.5162052914777169,0.07921897329123456,0.7880472692456397,-1.5258372343396331e-10,1.4988010832439613e-13,4,1.0000000000000004,5242829.175835276,251.12153705377523,0.5162052914777169,0.07921897329123456,0.001430535389888126,2.405130206670566e-05,-4.442057625395839e-08,0.05162052914777167,1.9191487193557022e-11
1186409019950.0315,2630872531.3062196,0.14561279054781665,0.0014312355667070182,2942.0808149355134,0.5159668700613496,0.07903199736203745,0.7904905445499377,-1.630200419100447e-10,-4.02577970959328e-12,4,1.0000000000000004,5244191.473520072,251.0459220732626,0.5159668700613496,0.07903199736203745,0.0014312798505336818,2.405797887209018e-05,-4.426487272519399e-08,0.05159668700613498,1.9187258622516946e-11
1189072159818.4893,2663139868.4578533,0.14562901114229315,0.0014319848056562196,2942.3019027054634,0.5157255457222862,0.07884240617950378,0.7932560483481232,-1.7309487176930816e-10,-2.760236483823064e-12,4,1.0000000000000004,5245572.978950997,250.96980487441937,0.5157255457222862,0.07884240617950378,0.0014320288786989733,2.4064828279620826e-05,-4.405410756937397e-08,0.051572554572228646,1.9183053433477745e-11
1191763259529.502,2691099711.012724,0.14564530027635475,0.0014327402948624134,2942.5253407537434,0.515481706007789,0.07865050178555205,0.7960655754035706,-1.82499126921698e-10,-1.3744561044859438e-12,4,1.0000000000000004,5246972.0790639175,250.89342912295334,0.515481706007789,0.07865050178555205,0.0014327841048048513,2.407186765488858e-05,-4.379102500967426e-08,0.05154817060077888,1.9178902208382462e-11
1194477809727.1484,2714550197.6465135,0.14566163023620163,0.0014335005646222468,2942.7506506568175,0.5152357564702692,0.07845660266610768,0.7954566377810224,-1.908769808878219e-10,-3.0192515154681132e-12,4,1.0000000000000004,5248386.505455475,250.8169309332653,0.5152357564702692,0.07845660266610768,0.0014335441151466582,2.4079087207626335e-05,-4.353162322026583e-08,0.051523575647026955,1.9174813473349998e-11
1197217062635.3586,2739252908.20998,0.14567800722612217,0.001434265579328408,2942.9777483553407,0.514987580441955,0.07826061662664936,0.7902126700209955,-2.004804100508295e-10,4.53859172466764e-13,4,1.0000000000000004,5249816.952833541,250.74027630732968,0.514987580441955,0.07826061662664936,0.0014343089399211477,2.408649064325301e-05,-4.3341709495936184e-08,0.05149875804419548,1.9170785554051818e-11
1199990399639.913,2773337004.5544977,0.14569442043396535,0.0014350516089545414,2943.2150822019553,0.514736324867854,0.07806186513339997,0.8198540711601421,-2.13120077141582e-10,-3.489653011001792e-12,4,1.0000000000000004,5251270.787871033,250.6636989467428,0.514736324867854,0.07806186513339997,0.0014350943419097228,2.4094221193395814e-05,-4.271409411653161e-08,0.05147363248678542,1.9166903099650044e-11
1202747019477.212,2756619837.2985783,0.14571060496126698,0.0014358357283997896,2943.453563881625,0.5144865889287598,0.07786398854905983,0.7909249999382695,-2.1067503297445e-10,9.50572953684059e-13,4,1.0000000000000004,5252720.067534349,250.58832574481733,0.5144865889287598,0.07786398854905983,0.0014358782509442088,2.4102072347185565e-05,-4.250368373124277e-08,0.05144865889287603,1.9163182638176948e-11
1205536682430.114,2789662952.9022365,0.1457268964325733,0.0014366239165007717,2943.6928676362872,0.5142338606881935,0.07766341866454111,0.7950310026982876,-2.2382418141120297e-10,-3.007594173709549e-13,4,1.0000000000000004,5254189.468708037,250.5124861961202,0.5142338606881935,0.07766341866454111,0.0014366662471355437,2.411011258346303e-05,-4.2311796827413556e-08,0.05142338606881934,1.9159495631848933e-11
1208352485072.4958,2815802642.3815126,0.1457432513870464,0.0014374142375722832,2943.9324386679064,0.5139787615280363,0.07746065010025792,0.7996293671652666,-2.3531976367507923e-10,5.941913627793838e-13,4,1.0000000000000004,5255675.469989929,250.43638306522772,0.5139787615280363,0.07746065010025792,0.0014374563690454122,2.411832555912743e-05,-4.211265552688338e-08,0.0513978761528037,1.9155854130477918e-11
1211186488386.54,2834003314.0445004,0.14575958532868902,0.0014382119733014531,2944.175832102679,0.5137220066655132,0.07725625368528867,0.8139270452067748,-2.4439239521001355e-10,1.2589929099249275e-13,4,1.0000000000000004,5257175.273807404,250.36050674893423,0.5137220066655132,0.07725625368528867,0.0014382536884108262,2.412675387785188e-05,-4.169630853789567e-08,0.05137220066655133,1.915232322799451e-11
1214013646667.0986,2827158280.558363,0.1457757510684208,0.0014390102431027486,2944.4210095680733,0.513465861479917,0.0770520380293825,0.8023129538514695,-2.451149283544396e-10,2.389199948993337e-12,4,1.0000000000000004,5258675.762933735,250.28554924271907,0.513465861479917,0.0770520380293825,0.0014390517125900527,2.413532861036859e-05,-4.145069108842175e-08,0.05134658614799169,1.9148938578423424e-11
1216854316314.1484,2840669647.0496182,0.1457918817623066,0.0014398113856853797,2944.667821775784,0.513208477598036,0.07684653763740029,0.8040878313186894,-2.5312529849941257e-10,-2.5749402610131256e-12,4,1.0000000000000004,5260187.125375399,250.2108387865446,0.513208477598036,0.07684653763740029,0.0014398525863489047,2.4144080545478434e-05,-4.118188232795743e-08,0.05132084775980358,1.9145649817968026e-11
1219705410046.371,2851093732.22291,0.14580795177979838,0.0014406152903999202,2944.9164690977973,0.5129501305797035,0.07663997828568132,0.8055425188002729,-2.6019675303246004e-10,-3.4494629375103614e-12,4,1.0000000000000004,5261707.910908849,250.1364882680124,0.5129501305797035,0.07663997828568132,0.0014406562004420176,2.4153008089752393e-05,-4.089127447401748e-08,0.051295013057970316,1.914246698192511e-11
1222564381180.4377,2858971134.066459,0.14582393325084808,0.0014414246454099342,2945.1686042604015,0.5126910471223074,0.07643254650478389,0.8089482650408542,-2.665905274312763e-10,3.5083047578154947e-13,4,1.0000000000000004,5263237.410857904,250.0626900281797,0.5126910471223074,0.07643254650478389,0.001441465213330305,2.416213355717803e-05,-4.0549165222699955e-08,0.05126910471223075,1.9139418045054193e-11
1225425210222.681,2860829042.2434416,0.14583977524436129,0.001442240440369415,2945.425243017956,0.512431768830027,0.07622468128107776,0.8124961492494975,-2.7096358490297234e-10,-1.5840662115351734e-12,4,1.0000000000000004,5264772.922218622,249.98969654249265,0.512431768830027,0.07622468128107776,0.001442280614120797,2.4171461610262634e-05,-4.015500564776178e-08,0.05124317688300266,1.9136529046221716e-11
1228281641367.5312,2856431144.8505025,0.1458554259582522,0.0014430650832474093,2945.688132691051,0.5121728591071316,0.07601683946344681,0.817210450976269,-2.7308721950447534e-10,-2.603695037350917e-12,4,1.0000000000000004,5266311.847242491,249.9178158004374,0.5121728591071316,0.07601683946344681,0.0014431047927457783,2.418100790950044e-05,-3.9690758615766506e-08,0.051217285910713214,1.9133836071375732e-11
1231125443091.464,2843801723.9327044,0.14587082109860391,0.0014439005637853085,2945.9589309890903,0.5119150609603499,0.07580962247614202,0.8218283154004524,-2.721742831113261e-10,2.738920201750261e-12,4,1.0000000000000004,5267850.522951811,249.84740585570316,0.5119150609603499,0.07580962247614202,0.0014439397392003155,2.419078188716065e-05,-3.915667662232836e-08,0.05119150609603497,1.913137727455451e-11
1233948705674.1526,2823262582.688295,0.14588589705679667,0.0014447489206905906,2946.2393116265653,0.5116590888658593,0.0756036095251119,0.8267025591868205,-2.6836044497713374e-10,-1.1834977442504169e-13,4,1.0000000000000004,5269385.413581681,249.7788081079006,0.5116590888658593,0.0756036095251119,0.0014447874862835016,2.4200792318035513e-05,-3.854685143553823e-08,0.05116590888658594,1.9129188957221385e-11
1236743302367.111,2794596692.9583664,0.14590070421854948,0.0014455889862163493,2946.5179698774855,0.5114056771053668,0.07539940341524579,0.7945420266164405,-2.5956814475591727e-10,-2.0076162954296706e-12,4,1.0000000000000004,5270908.800635643,249.71154985969736,0.5114056771053668,0.07539940341524579,0.001445627433828199,2.421085077510268e-05,-3.842885993396238e-08,0.051140567710536676,1.9127144448494464e-11
1239564952827.4514,2821650460.340545,0.1459155344163928,0.0014464392977277152,2946.8014067623294,0.5111497688944661,0.07519293869701955,0.8156525316271868,-2.733926418585497e-10,-7.238654120556021e-14,4,1.0000000000000004,5272451.239585047,249.64432116906565,0.5111497688944661,0.07519293869701955,0.0014464773145172378,2.4221165741263586e-05,-3.7998059759212237e-08,0.05111497688944663,1.912520944804646e-11
1242376809167.8945,2811856340.4432693,0.1459303067208994,0.0014472656110720062,2947.0729992821603,0.5108947018090175,0.07498691804439557,0.7478063562826875,-2.754579897512599e-10,-2.7432500715462993e-12,4,1.0000000000000004,5273988.753688491,249.5772203072108,0.5108947018090175,0.07498691804439557,0.001447304211320862,2.423141551976799e-05,-3.858152426260715e-08,0.05108947018090176,1.9123253953000886e-11
1245303258854.3289,2926449686.434331,0.14594573671015695,0.0014480949280462874,2947.339279166802,0.5106291831248166,0.0747722378232772,0.809914340038631,-3.269571280384298e-10,-4.938716102742546e-12,4,1.0000000000000004,5275587.480060964,249.50688851739375,0.5106291831248166,0.0747722378232772,0.0014481332088085688,2.4241958876326106e-05,-3.826211463292488e-08,0.051062918312481706,1.912111335506541e-11
1248229863293.5107,2926604439.1821303,0.14596096368486067,0.0014489420229746026,2947.6164493492997,0.5103635895776896,0.07455727970242743,0.8248234023566781,-3.3131319909784906e-10,1.0944578576754793e-12,4,1.0000000000000004,5277193.652803746,249.43782259620696,0.5103635895776896,0.07455727970242743,0.0014489797402300684,2.425280357249341e-05,-3.7698616299975126e-08,0.05103635895776889,1.91192195664321e-11
1251130050612.0664,2900187318.5558352,0.14597585434408503,0.0014497975056057314,2947.901069316068,0.5101003301433918,0.07434399767954351,0.8218810210181005,-3.2364866342504683e-10,1.3988810110276972e-14,4,1.0000000000000004,5278792.419014303,249.37059089736687,0.5101003301433918,0.07434399767954351,0.0014498346990836043,2.4263837950426377e-05,-3.717482951939075e-08,0.05101003301433915,1.911757844586844e-11
1254009199227.2007,2879148615.134273,0.14599040072485614,0.0014506703972914055,2948.1977968661463,0.509838914891951,0.0741319992685877,0.8390928357693284,-3.166920059527456e-10,1.8467449791614854e-12,4,1.0000000000000004,5280387.954272883,249.3053087172897,0.509838914891951,0.0741319992685877,0.0014507068201355612,2.427514151725356e-05,-3.640418733620364e-08,0.050983891489195174,1.9116235389880313e-11
1256837994943.4048,2828795716.2040005,0.14600438840360982,0.0014515643389507128,2948.510632973242,0.5095820056578139,0.07392344168475372,0.8347386137863566,-2.9962099468150427e-10,-2.32225350060844e-12,4,1.0000000000000004,5281966.203460639,249.24307847078444,0.5095820056578139,0.07392344168475372,0.0014516000299722438,2.4286706358707078e-05,-3.567234115795265e-08,0.05095820056578142,1.9115292131543632e-11
1259624557795.5256,2786562852.120791,0.14601801125777913,0.0014524538868540958,2948.824689922417,0.5093288649074358,0.0737177382155991,0.8136858176133188,-2.856040959287043e-10,-8.097966741615892e-13,4,1.0000000000000004,5283526.621513497,249.18270448140288,0.5093288649074358,0.0737177382155991,0.0014524891749946305,2.429832161025747e-05,-3.526944081773761e-08,0.05093288649074357,1.9114543556505342e-11
1262404802226.144,2780244430.618614,0.14603146845036682,0.0014533470898587394,2949.142043637625,0.509076228049751,0.07351224645536841,0.8117979888311311,-2.864493087173514e-10,-2.5833779560002768e-12,4,1.0000000000000004,5285088.58225281,249.12325952206317,0.509076228049751,0.07351224645536841,0.0014533820080278224,2.4310101755894915e-05,-3.489947144251652e-08,0.050907622804975045,1.9113950688907994e-11
1265181966075.4707,2777163849.3265905,0.14604492868002808,0.001454213430938839,2949.4455145603824,0.5088237970538654,0.0733067380833236,0.7412985719712495,-2.9208579999107087e-10,-3.843814155857217e-12,4,1.0000000000000004,5286648.47826774,249.06358354611294,0.5088237970538654,0.0733067380833236,0.0014542490580708692,2.432179711917073e-05,-3.560844349020627e-08,0.0508823797053866,1.9113295099530657e-11
1268084968717.2446,2903002641.7742934,0.14605919227335715,0.0014550608692332923,2949.731075319933,0.50855984081977,0.07309169279558586,0.7786807892928849,-3.5222136318679986e-10,1.829203455372408e-12,4,1.0000000000000004,5288272.878653462,248.99972168472752,0.50855984081977,0.07309169279558586,0.001455096637344657,2.4333662956768688e-05,-3.574951155886682e-08,0.05085598408197701,1.9112309312891756e-11
1271045776476.848,2960807759.603228,0.1460736128330703,0.0014559286442169203,2950.02514431541,0.5082905330837402,0.07287213858220187,0.8086509378779638,-3.862246078512044e-10,-2.037814361699475e-12,4,1.0000000000000004,5289934.59297679,248.9353229861692,0.5082905330837402,0.07287213858220187,0.0014559640873541167,2.434594161698703e-05,-3.542458806564299e-08,0.05082905330837402,1.9111446408268924e-11
1274009052946.3015,2963276469.453521,0.1460879095471824,0.0014568014453676648,2950.3227903000675,0.5080209005062868,0.07265217746780164,0.8097724846223286,-3.925518798908456e-10,-3.5782488083668795e-12,4,1.0000000000000004,5291602.953639791,248.87165515648698,0.5080209005062868,0.07265217746780164,0.00145683654759963,2.4358419655712534e-05,-3.508369309929978e-08,0.050802090050628634,1.9110735494406696e-11
1276972745670.709,2963692724.4072385,0.14610206476353624,0.0014576801590276134,2950.6246365011966,0.5077511256287615,0.07243196538474718,0.8115690242060936,-3.9781944405348213e-10,-3.1399327582448677e-12,4,1.0000000000000004,5293277.09537879,248.80881332854818,0.5077511256287615,0.07243196538474718,0.0014577148965134188,2.437110146204419e-05,-3.471895551113516e-08,0.05077511256287613,1.9110187587250298e-11
1279933572122.9949,2960826452.2860103,0.14611605407035977,0.0014585655259060758,2950.9312998460864,0.5074815034011346,0.07221174959854255,0.813527396559266,-4.0130809786376176e-10,1.5980550216454503e-12,4,1.0000000000000004,5294955.485816548,248.74692478868081,0.5074815034011346,0.07221174959854255,0.0014585998725813963,2.4383987724208335e-05,-3.4328150839297554e-08,0.050748150340113464,1.9109815184278617e-11
1282887972636.3306,2954400513.3354616,0.14612995795051265,0.0014594383047828372,2951.2322356215736,0.5072123541107654,0.07199180357505261,0.7767955167992113,-4.043005930043364e-10,-2.0023982472139323e-12,4,1.0000000000000004,5296632.969968542,248.68543414169937,0.5072123541107654,0.07199180357505261,0.0014594727588291832,2.43969104063997e-05,-3.4435526904942855e-08,0.05072123541107651,1.9109492926331912e-11
1285904856029.0315,3016883392.700963,0.1461439788421877,0.0014603443809016858,2951.548594642575,0.5069373916191212,0.07176699805157215,0.8530478506907357,-4.443992951408404e-10,3.2107649872159527e-13,4,1.0000000000000004,5298353.063885235,248.6237671930263,0.5069373916191212,0.07176699805157215,0.0014603779434013962,2.4410380522164636e-05,-3.3544039300543504e-08,0.05069373916191207,1.91093857705423e-11
1288844632686.8923,2939776657.860915,0.14615749738002018,0.0014612321878657265,2951.8605635364534,0.506669337095914,0.071547735679447,0.7897231119047277,-4.0623482355783835e-10,2.3159252293680765e-13,4,1.0000000000000004,5300034.792348611,248.56449749644466,0.506669337095914,0.071547735679447,0.0014612656791466074,2.4423707544932105e-05,-3.347276504152955e-08,0.05066693370959137,1.910944295413541e-11
1291821910921.8838,2977278234.9910445,0.14617113741978072,0.0014621186904882073,2952.170420217692,0.5063977366333294,0.07132548353460902,0.7904443638517833,-4.334438363784443e-10,-1.6119328094532648e-12,4,1.0000000000000004,5301740.356828685,248.5046449499362,0.5063977366333294,0.07132548353460902,0.0014621521103654206,2.4437248390510803e-05,-3.340140142674616e-08,0.0506397736633329,1.9109532918799173e-11
1294835793155.8237,3013882233.939991,0.14618488544208771,0.0014630049563001152,2952.478841001944,0.5061226623823101,0.07110031406473584,0.7923064504478106,-4.613899262650989e-10,1.667110893777135e-12,4,1.0000000000000004,5303469.631118661,248.44429005510213,0.5061226623823101,0.07110031406473584,0.0014630382735463003,2.4451014270924798e-05,-3.329881153247175e-08,0.05061226623823101,1.9109668243304603e-11
1297883142135.2444,3047348979.42083,0.14619866781934782,0.0014639018038950903,2952.7920252940376,0.5058443912354244,0.07087246428464608,0.8139975637977415,-4.887408255882519e-10,-8.016920460818255e-13,4,1.0000000000000004,5305223.012869824,248.3839159849944,0.5058443912354244,0.07087246428464608,0.0014639347370079025,2.4465093758501384e-05,-3.291471834745404e-08,0.05058443912354245,1.9109933269653783e-11
1300922999098.8176,3039856963.5732646,0.14621232957037747,0.001464789967413582,2953.1018201071893,0.5055666574546429,0.07064500200947382,0.7856109279780199,-4.913047746413213e-10,1.6799894808627869e-12,4,1.0000000000000004,5306975.842025484,248.32410816920773,0.5055666574546429,0.07064500200947382,0.0014648228731355673,2.4479242812575612e-05,-3.288733136418831e-08,0.05055666574546429,1.911027931009311e-11
1304009681177.3945,3086682078.5769734,0.14622615739410955,0.0014656768127822265,2953.4090476938313,0.5052844894379958,0.07041387400647982,0.7888553982260404,-5.335104580339589e-10,-3.4561242756581123e-13,4,1.0000000000000004,5308757.94019099,248.26348956856,0.5052844894379958,0.07041387400647982,0.001465709650823396,2.449363908139218e-05,-3.281971247258113e-08,0.05052844894379956,1.9110650882981812e-11
1307137457653.0825,3127776475.6879306,0.14623967448373396,0.0014666542656946791,2953.7648089336126,0.5049984020561779,0.07017948255974944,0.9111762516722521,-5.732303520744608e-10,-9.847678228425139e-13,4,1.0000000000000004,5310582.614595692,248.2054330995158,0.5049984020561779,0.07017948255974944,0.0014666855268303048,2.45090558268755e-05,-3.1242864653523136e-08,0.05049984020561779,1.911170266097124e-11
1310086472930.1265,2949015277.044055,0.146252353736854,0.001467562001343133,2954.093675954657,0.5047285143122064,0.06995831716255949,0.7713649485818763,-4.594351565856414e-10,-1.0602629885170245e-13,4,1.0000000000000004,5312305.66965097,248.15088458613977,0.5047285143122064,0.06995831716255949,0.0014675934461243056,2.4523642615078784e-05,-3.142634269073841e-08,0.050472851431220676,1.9112731441569683e-11
1313108438984.7952,3021966054.668493,0.1462653533890295,0.0014684664875844458,2954.417437859792,0.5044517891276828,0.06973152696467885,0.7800462048512813,-5.129733304798378e-10,-3.235189893757706e-13,4,1.0000000000000004,5314071.607949848,248.0946927424323,0.5044517891276828,0.06973152696467885,0.0014684979984732262,2.453852270490125e-05,-3.149252833889259e-08,0.05044517891276829,1.9113725760814287e-11
1316187880263.2307,3079441278.435511,0.14627859869127968,0.0014693633450884801,2954.734650542137,0.5041696275971627,0.0695002823201681,0.7690766667955984,-5.606989317286093e-10,1.212363542890671e-13,4,1.0000000000000004,5315871.747405021,248.03719210057432,0.5041696275971627,0.0695002823201681,0.001469395037545619,2.455363120051435e-05,-3.167416631926118e-08,0.05041696275971624,1.911468997257234e-11
1319348189778.3289,3160309515.0979733,0.14629221873303316,0.001470252788434646,2955.044123962468,0.5038798677597267,0.06926284044145799,0.766422974529668,-6.307252498061189e-10,-2.2526425169644426e-12,4,1.0000000000000004,5317718.860384238,247.97774158141928,0.5038798677597267,0.06926284044145799,0.0014702846710450083,2.4569032327744643e-05,-3.186442209748224e-08,0.050387986775972636,1.911559032834335e-11
1322597101198.99,3248911420.661023,0.14630625748739007,0.0014711334426485948,2955.3447291653792,0.5035817782519935,0.06901863602126701,0.7617586045283176,-2.220446049250313e-15,-6.161835486295786e-10,4,1.0000000000000004,5319617.194399661,247.91611075871157,0.5035817782519935,0.06901863602126701,0.0014711655400810933,2.4584742338896578e-05,-3.207831608993291e-08,0.050358177825199295,1.911641189198992e-11
1325947308617.2158,3350207418.2258883,0.14632075282385268,0.0014720097554469854,2955.638323064024,0.5032741687008492,0.0687667321420145,0.7633724036226752,2.4424906541753444e-15,-7.1344574692489e-10,4,1.0000000000000004,5321574.744951972,247.85213349656078,0.5032741687008492,0.0687667321420145,0.0014720420159573331,2.4600840749656972e-05,-3.224139317140016e-08,0.05032741687008494,1.9117173051779097e-11
1329398316707.5708,3451008090.355188,0.14633569267999505,0.001472884489961904,2955.9264172966423,0.502957056464659,0.06850718407298872,0.7676787366905913,-4.440892098500626e-16,-8.124155792543775e-10,4,1.0000000000000004,5323592.185033984,247.78596852524782,0.502957056464659,0.06850718407298872,0.0014729168396785185,2.4617361249480838e-05,-3.2330598711512716e-08,0.0502957056464659,1.9117903674864113e-11
1332943173794.8335,3544857087.262702,0.14635101599445516,0.0014737596155630238,2956.2106176348693,0.5026310517050084,0.06824053341385604,0.7737086082926226,6.661338147750939e-16,-9.224170316457503e-10,4,1.0000000000000004,5325666.563624046,247.717924840997,0.5026310517050084,0.06824053341385604,0.001473791973416082,2.463431375438975e-05,-3.2338734419536964e-08,0.05026310517050086,1.91186378864728e-11
1336570215306.083,3627041511.2495933,0.14636662837237827,0.0014746405837227463,2956.4946098811847,0.5022971996752607,0.0679676743910803,0.7837639759422643,8.881784197001252e-16,-1.022927742511115e-09,4,1.0000000000000004,5327792.961741747,247.64855819891898,0.5022971996752607,0.0679676743910803,0.0014746728401611453,2.465172440684002e-05,-3.223731895707936e-08,0.050229719967526114,1.9119440403838865e-11
1340257463626.2092,3687248320.1262608,0.1463823935944124,0.0014755304874978766,2956.781315239264,0.5019574992701835,0.06769027452410034,0.7985436467627949,-1.5543122344752192e-15,-1.1086720430597552e-09,4,1.0000000000000004,5329960.3537768675,247.57861712914416,0.5019574992701835,0.06769027452410034,0.0014755625042583392,2.466956902592736e-05,-3.199764009208733e-08,0.05019574992701835,1.9120372815942817e-11
1343971067417.4653,3713603791.255997,0.14639812750790843,0.0014764281987717294,2957.072022177774,0.5016150520510194,0.0674108904290419,0.8030919151913452,-2.220446049250313e-16,-1.1643145336748262e-09,4,1.0000000000000004,5332150.357189133,247.5090128145912,0.5016150520510194,0.0674108904290419,0.0014764599319826354,2.4687751081702142e-05,-3.17140894249021e-08,0.050161505205101944,1.9121481300075322e-11
1347700608959.8423,3729541542.377174,0.14641375854861155,0.0014773379994471062,2957.3695906202483,0.5012708066657182,0.0671303129588748,0.8257992600846364,-5.551115123125783e-16,-1.2018186446027812e-09,4,1.0000000000000004,5334358.171370149,247.44018254110748,0.5012708066657182,0.0671303129588748,0.0014773693359641314,2.4706280563038256e-05,-3.1317394213808296e-08,0.05012708066657183,1.912281216479534e-11
1351394301257.0664,3693692297.2239203,0.14642904134754098,0.0014782513369279333,2957.6722115396674,0.5009295405755825,0.066852441409717,0.8255393391110033,1.3322676295501878e-15,-1.1725979076615545e-09,4,1.0000000000000004,5336553.867981908,247.3732181484237,0.5009295405755825,0.066852441409717,0.0014782822476286227,2.4724935154970787e-05,-3.089157631262713e-08,0.05009295405755827,1.9124374999316522e-11
1355053064745.328,3658763488.2615414,0.1464439172719116,0.0014791826367731077,2957.9876864825574,0.5005911725105056,0.06657720317499563,0.8301756426742912,0,-1.1452034875958361e-09,4,1.0000000000000004,5338740.352270451,247.30856573598248,0.5005911725105056,0.06657720317499563,0.001479212900361781,2.474383598011774e-05,-3.024446240883836e-08,0.05005911725105058,1.912626436961007e-11
1358667095570.0442,3614030824.716205,0.14645830705926394,0.001480137897739142,2958.319799608585,0.5002566151969544,0.06630532507086673,0.8513791882602817,-5.551115123125783e-16,-1.1021713541836675e-09,4,1.0000000000000004,5340913.1849272465,247.24667806279885,0.5002566151969544,0.06630532507086673,0.0014801674460259654,2.476300396093222e-05,-2.9529158291930584e-08,0.05002566151969542,1.912853249535543e-11
1362192206977.5833,3525111407.5392637,0.14647187926770663,0.0014811061167773886,2958.6663848296107,0.49992997261559835,0.06604012105662732,0.8454996902607093,4.440892098500626e-16,-1.0139454831303851e-09,4,1.0000000000000004,5343044.290282662,247.1891132204277,0.49992997261559835,0.06604012105662732,0.00148113435863329,2.478224991125292e-05,-2.8222724654434604e-08,0.04999299726155986,1.913124614799267e-11
1365642521054.109,3450314076.5255136,0.1464843076049452,0.0014820866583995732,2959.030411044832,0.4996099475749322,0.06578052878451127,0.8420010511045461,-3.552713678800501e-15,-9.374025999875357e-10,4,1.0000000000000004,5345137.838685552,247.1375724278446,0.4996099475749322,0.06578052878451127,0.00148211338623624,2.4801733572606673e-05,-2.670870203903189e-08,0.049960994757493264,1.913463305977268e-11
1369026633791.818,3384112737.708973,0.14649619034283085,0.001483084539230762,2959.408329611394,0.4992957566261824,0.06552589192753744,0.8488601010991914,-2.220446049250313e-16,-8.760894232295868e-10,4,1.0000000000000004,5347204.058218338,247.0889594394233,0.4992957566261824,0.06552589192753744,0.0014831105405217462,2.4821340324881017e-05,-2.5982152631394432e-08,0.04992957566261817,1.9138353001692e-11
1372332378196.9321,3305744405.113805,0.14650753052745707,0.0014840888970587527,2959.7946809539044,0.49898854513815255,0.06527711821553796,0.8361581177451782,-1.2212453270876722e-15,-8.068195000987544e-10,4,1.0000000000000004,5349233.814296065,247.0431409587847,0.49898854513815255,0.06527711821553796,0.0014841142909309706,2.4840923799983666e-05,-2.5374729888955798e-08,0.04989885451381526,1.9142330534672092e-11
1375586003791.7207,3253625594.78874,0.14651849222291094,0.0014850967597875983,2960.186322608945,0.49868588620541576,0.0650322305976836,0.8267186690780193,2.220446049250313e-16,-7.953476766076051e-10,4,1.0000000000000004,5351240.999052928,246.99934150913967,0.49868588620541576,0.0650322305976836,0.00148512164736538,2.4860537374356072e-05,-2.486843126756441e-08,0.04986858862054158,1.914651413140239e-11
1378806562442.9915,3220558651.270815,0.14652921313321463,0.0014860965098117667,2960.5760754894563,0.4983860137069927,0.06478979991905778,0.7978798099994577,-2.220446049250313e-15,-7.721229211554714e-10,4,1.0000000000000004,5353234.113037283,246.95668595549475,0.4983860137069927,0.06478979991905778,0.0014861212150725082,2.488014148489581e-05,-2.468610994153042e-08,0.0498386013706992,1.9150803074815793e-11
1382051489841.2551,3244927398.2637744,0.14653996232036565,0.0014870900241436202,2960.9621629347316,0.49808357379186763,0.06454551634979351,0.7825760517388147,-1.2212453270876722e-15,-8.038990584324779e-10,4,1.0000000000000004,5355245.824130179,246.91385169876423,0.49808357379186763,0.06454551634979351,0.001487114722220541,2.489994515939627e-05,-2.4678921762442503e-08,0.04980835737918676,1.9155160126643548e-11
1385352783951.16,3301294109.904756,0.14655097536842407,0.0014880583749568048,2961.3327931557224,0.49777556526481515,0.06429699514030343,0.7989468336910832,2.4424906541753444e-15,-8.773533011208201e-10,4,1.0000000000000004,5357291.135844948,246.86945846034592,0.49777556526481515,0.06429699514030343,0.0014880837064680057,2.4919903280950935e-05,-2.53123517633354e-08,0.04977755652648151,1.915943406342511e-11
1388676835778.4133,3324051827.253592,0.14656210704721484,0.0014890007298362712,2961.6890392622836,0.49746510550341405,0.06404680138809901,0.8235721199456592,1.7763568394002505e-15,-9.14520126293894e-10,4,1.0000000000000004,5359350.670211535,246.82421864118027,0.49746510550341405,0.06404680138809901,0.001489025924056731,2.4939877320586767e-05,-2.5175056823043257e-08,0.049746510550341405,1.9163634490974674e-11
1391973384340.8364,3296548562.423165,0.14657303385544787,0.0014899354822465816,2962.0433317622606,0.4971568854530519,0.06379872682053796,0.8224561659497809,-2.220446049250313e-16,-8.917535598840232e-10,4,1.0000000000000004,5361399.158036966,246.77994760124244,0.4971568854530519,0.06379872682053796,0.0014899604270637928,2.4959849621373052e-05,-2.492564928321925e-08,0.049715688545305226,1.9167928027974472e-11
1395244874414.1646,3271490073.328085,0.14658389297603797,0.0014908363597073329,2962.3812395975506,0.4968506786267563,0.06355260122807849,0.8280638391644501,0,-8.786439353869469e-10,4,1.0000000000000004,5363433.332434927,246.73569978528175,0.4968506786267563,0.06355260122807849,0.001490861760245294,2.4979604668190748e-05,-2.538136582896509e-08,0.04968506786267563,1.917213215351263e-11
1398480484692.9717,3235610278.8068585,0.14659469754260843,0.001491691804317266,2962.6969162745318,0.49654750042126305,0.06330926804691271,0.8232891623993766,-7.771561172376096e-16,-8.508160842524148e-10,4,1.0000000000000004,5365444.480926177,246.69125412989837,0.49654750042126305,0.06330926804691271,0.0014917172394249556,2.499898326263397e-05,-2.541593153267466e-08,0.04965475004212633,1.917615807436092e-11
1401689874851.9673,3209390158.9952173,0.14660538769388837,0.0014925251337188162,2963.002571367031,0.4962464496783636,0.06306801364979946,0.8225212755341715,-1.5543122344752192e-15,-8.344649415903405e-10,4,1.0000000000000004,5367442.147829491,246.64717247467763,0.4962464496783636,0.06306801364979946,0.0014925505683913416,2.5018217629868584e-05,-2.541549236880485e-08,0.04962464496783628,1.918015910756815e-11
1404874742988.2852,3184868136.3179455,0.14661594504199071,0.0014933430231043637,2963.3017174590905,0.49594737004772504,0.06282872003445808,0.821494421932023,2.6645352591003757e-15,-8.158670405933321e-10,4,1.0000000000000004,5369428.334469906,246.60362239154856,0.49594737004772504,0.06282872003445808,0.0014933683856684509,2.5037365807493334e-05,-2.5343379906898763e-08,0.04959473700477252,1.918417627828768e-11
1408037251156.401,3162508168.115553,0.14662642778552976,0.0014941347575062056,2963.5884637470963,0.49565006070932327,0.06259123776902947,0.8222978731264874,1.7763568394002505e-15,-8.029782394558538e-10,4,1.0000000000000004,5371402.282322916,246.56017872034369,0.49565006070932327,0.06259123776902947,0.0014941602112691107,2.505634024554392e-05,-2.5434574770962052e-08,0.049565006070932324,1.9188131644499277e-11
1411176021798.3237,3138770641.9228053,0.14663687073581133,0.0014948919368167088,2963.85831188175,0.4953546532694822,0.06235568628482534,0.8236153764551446,1.9984014443252818e-15,-7.928298018100577e-10,4,1.0000000000000004,5373361.549843046,246.51656691724114,0.4953546532694822,0.06235568628482534,0.0014949177192917953,2.5075057528783576e-05,-2.5763283119985673e-08,0.04953546532694829,1.9191963506562027e-11
1414288740451.6423,3112718653.318622,0.14664731257399016,0.0014956049272869842,2964.1061192517313,0.4950613679027015,0.06212226142360097,0.8227481101963363,1.3322676295501878e-15,-7.751372876896312e-10,4,1.0000000000000004,5375302.828161886,246.47247493312494,0.4950613679027015,0.06212226142360097,0.0014956310324107846,2.509341530959508e-05,-2.6085928199644474e-08,0.04950613679027018,1.9195598555377943e-11
1417377249876.5925,3088509424.9500766,0.14665773597781576,0.0014962809677086925,2964.335672140029,0.49477003388011465,0.06189084316446975,0.8216378161174376,6.661338147750939e-16,-7.61399499005222e-10,4,1.0000000000000004,5377228.258979845,246.42808044075696,0.49477003388011465,0.06189084316446975,0.00149630733652269,2.5111474806222216e-05,-2.6349614916394027e-08,0.04947700338801146,1.9199080258881994e-11
1420443808211.3137,3066558334.7210035,0.14666812171705873,0.0014969274487450321,2964.5508447325524,0.4944804409928838,0.061661276743231484,0.8204148077561868,-2.1094237467877974e-15,-7.488347719686317e-10,4,1.0000000000000004,5379140.290551924,246.38356140680042,0.4944804409928838,0.061661276743231484,0.0014969539927780033,2.512930164332957e-05,-2.6524830520272372e-08,0.0494480440992884,1.9202453952670758e-11
1423490840068.5452,3047031857.2314496,0.14667844977940533,0.0014975509759513673,2964.75512447333,0.494192362826124,0.06143339164270386,0.8194082790069501,8.881784197001252e-16,-7.432455761957613e-10,4,1.0000000000000004,5381041.3716131095,246.3390700570688,0.494192362826124,0.06143339164270386,0.0014975776202464314,2.514695697321044e-05,-2.6625089302185744e-08,0.04941923628261238,1.9205760560899233e-11
1426520328723.8604,3029488655.3154283,0.1466886993793498,0.0014981578592210333,2964.951855279915,0.49390561416597223,0.06120704760933668,0.8183983440934739,2.220446049250313e-16,-7.340578145331733e-10,4,1.0000000000000004,5382933.66254258,246.2947608576617,0.49390561416597223,0.06120704760933668,0.0014981845143453376,2.516449857899683e-05,-2.6635915264302967e-08,0.04939056141659725,1.9209039728381787e-11
1429534233099.12,3013904375.259902,0.14669884837160713,0.0014987574196913462,2965.1458796482293,0.49362001176361275,0.06098210221232116,0.8172748483525893,4.440892098500626e-16,-7.269039814516987e-10,4,1.0000000000000004,5384819.873000838,246.25089544768775,0.49362001176361275,0.06098210221232116,0.0014987839618493997,2.5182011323722932e-05,-2.6522945699979198e-08,0.049362001176361255,1.9212352861705785e-11
1432534693583.524,3000460484.4037905,0.1467088807029687,0.0014993552295899672,2965.340118626897,0.49333535466012507,0.0607583967382272,0.8166735004921932,6.661338147750939e-16,-7.273536217766718e-10,4,1.0000000000000004,5386702.204670483,246.20761018562916,0.49333535466012507,0.0607583967382272,0.0014993815951832034,2.5199550490229824e-05,-2.6346377498497244e-08,0.049333535466012574,1.9215736708806185e-11
1435522869692.0518,2988176108.528122,0.14671876571788317,0.0014999584942625565,2965.5384443473486,0.4930515345325101,0.060535843043579694,0.815733693371179,-4.440892098500626e-16,-7.230048781892151e-10,4,1.0000000000000004,5388582.57410442,246.16511561839488,0.4930515345325101,0.060535843043579694,0.0014999845600407074,2.5217181368147052e-05,-2.6046558912126502e-08,0.04930515345325096,1.9219239357488794e-11
1438500525517.4849,2977655825.432992,0.14672849082059722,0.001500572998251491,2965.743839620857,0.49276838533167183,0.06031430503895544,0.8153798258803135,-4.440892098500626e-16,-7.166176541062441e-10,4,1.0000000000000004,5390463.05077373,246.12357080055384,0.49276838533167183,0.06031430503895544,0.001500598709041276,2.5234961799633798e-05,-2.5691566885142945e-08,0.04927683853316715,1.922290071961357e-11
1441468341891.1472,2967816373.6623883,0.14673803952062225,0.0015012031545861425,2965.9586452572757,0.492485843623044,0.06009372571891785,0.8149219127284724,1.5543122344752192e-15,-7.195328777243049e-10,4,1.0000000000000004,5392344.82328004,246.08310891289358,0.492485843623044,0.06009372571891785,0.0015012284350794248,2.5252933170742425e-05,-2.5261266528662934e-08,0.0492485843623044,1.9226751185311986e-11
1444427182278.3235,2958840387.176647,0.14674739135298265,0.0015018543280352291,2966.185709026239,0.49220382845334026,0.0598740322938668,0.8144928764775017,2.220446049250313e-16,-7.180988026433965e-10,4,1.0000000000000004,5394229.378054772,246.0438942277426,0.49220382845334026,0.0598740322938668,0.0015018790965369406,2.5271146749025853e-05,-2.474927088275987e-08,0.04922038284533405,1.9230828313041437e-11
1447377850655.6138,2950668377.290151,0.14675653196282623,0.001502530768862681,2966.4272628671733,0.49192226431955643,0.05965515458023474,0.8142547586187376,-2.1094237467877974e-15,-7.176765848271316e-10,4,1.0000000000000004,5396117.9885324845,246.00605770718317,0.49192226431955643,0.05965515458023474,0.00150255496327767,2.5289644906096307e-05,-2.417517982980109e-08,0.049192226431955664,1.9235162638933474e-11
1450320799811.864,2942949156.2503805,0.14676544891578036,0.0015032356234822635,2966.684971262267,0.49164110902819563,0.05943704714530558,0.8141755014623442,8.881784197001252e-16,-7.211928831907244e-10,4,1.0000000000000004,5398011.53573889,245.96970140714805,0.49164110902819563,0.05943704714530558,0.0015032591991409776,2.53084594802517e-05,-2.3556418935746348e-08,0.049164110902819566,1.923977741745599e-11
1453256192805.9944,2935392994.130251,0.1467741188283784,0.0015039731669889106,2966.96116319413,0.4913603480045054,0.059219684531564114,0.8138961893333629,-2.220446049250313e-16,-7.172569205238233e-10,4,1.0000000000000004,5399910.928906317,245.9349707462378,0.4913603480045054,0.059219684531564114,0.0015039960441457151,2.5327630861644943e-05,-2.2857912101513276e-08,0.04913603480045058,1.9244703686010044e-11
1456184551385.1902,2928358579.195759,0.14678241835583306,0.0015047747247625275,2967.272509336298,0.4910799331240422,0.059003003581121156,0.8108561705411077,-1.3322676295501878e-15,-7.278372349261986e-10,4,1.0000000000000004,5401822.07760396,245.9029066135598,0.4910799331240422,0.059003003581121156,0.0015047963743762749,2.5347433812732864e-05,-2.1630363591323358e-08,0.04910799331240419,1.92501582027122e-11
1459111363551.71,2926812166.5200295,0.14679041761753223,0.001505626759216605,2967.6115904156795,0.4907993392901237,0.05878657487059443,0.8134134332760112,-5.551115123125783e-16,-7.351272923727947e-10,4,1.0000000000000004,5403746.182920619,245.87298759349213,0.4907993392901237,0.05878657487059443,0.001505647484166641,2.536778934273489e-05,-2.0705693979350616e-08,0.04907993392901233,1.9256057174799276e-11
1462032028179.494,2920664627.783974,0.146798134259447,0.0015065201770105483,2967.9737164124444,0.4905190075446558,0.05857072090666309,0.814697823092736,-2.220446049250313e-16,-7.364656662289804e-10,4,1.0000000000000004,5405678.924582876,245.8450064454486,0.4905190075446558,0.05857072090666309,0.0015065401097800921,2.5388602187218186e-05,-1.9913507204235456e-08,0.04905190075446554,1.9262339788027847e-11
1464944259863.0479,2912231683.5542164,0.14680560469314136,0.0015074434328719462,2968.352807689305,0.4902391577090259,0.05835559783739192,0.8159901510040868,2.220446049250313e-15,-7.399137968988612e-10,4,1.0000000000000004,5407616.9360109335,245.8186283701943,0.4902391577090259,0.05835559783739192,0.001507462729908017,2.540976589681298e-05,-1.9277767139232415e-08,0.04902391577090255,1.9268928357988776e-11
1467845782568.804,2901522705.755998,0.14681287142517555,0.001508384089968748,2968.7422945163767,0.48996000918843674,0.05814136651849739,0.817280446652191,0,-7.384280964473078e-10,4,1.0000000000000004,5409556.652532149,245.7934831207186,0.48996000918843674,0.05814136651849739,0.0015084029305041265,2.5431164378756054e-05,-1.8821259640709883e-08,0.048996000918843666,1.927573775782787e-11
1470734352782.674,2888570213.8701935,0.14682000083667257,0.0015093252552833734,2969.133185864352,0.4896817786534347,0.057928192399742486,0.8188768313432959,-7.771561172376096e-16,-7.358003095703225e-10,4,1.0000000000000004,5411493.692329713,245.76904623405977,0.4896817786534347,0.057928192399742486,0.0015093438951262377,2.5452641279579812e-05,-1.862056021457352e-08,0.04896817786534343,1.928265097320468e-11
1473607223920.3716,2872871137.697542,0.14682705383089956,0.0015102510991861137,2969.517084905964,0.48940473176732024,0.05771628519734713,0.8199933493324707,0,-7.257303646923674e-10,4,1.0000000000000004,5413423.476553696,245.7448278886996,0.48940473176732024,0.05771628519734713,0.0015102697541572775,2.547404351453691e-05,-1.8635681608045542e-08,0.048940473176732065,1.9289555777207853e-11
1476462535395.0679,2855311474.6963787,0.14683408059131367,0.001511150271352638,2969.887918769926,0.48912904948788327,0.0575057942015732,0.8206627843954095,6.661338147750939e-16,-7.217073605403357e-10,4,1.0000000000000004,5415342.711695504,245.7204675361134,0.48912904948788327,0.0575057942015732,0.001511169109933457,2.5495258943144984e-05,-1.881928444806477e-08,0.048912904948788326,1.9296369850422056e-11
1479299236843.2354,2836701448.1675644,0.14684112120629692,0.0015120129880669983,2970.2404959482215,0.4888548350157256,0.05729681305065545,0.8209763807665027,2.220446049250313e-16,-7.09811764920687e-10,4,1.0000000000000004,5417248.849798636,245.69563621287534,0.4888548350157256,0.05729681305065545,0.0015120321451922568,2.5516191219163605e-05,-1.9137822237828685e-08,0.04888548350157259,1.9303020737340264e-11
1482116911257.6665,2817674414.4311156,0.14684817415466087,0.0015128417102068892,2970.5760643069057,0.48858213088742497,0.057089388228780714,0.8201528611806452,-1.7763568394002505e-15,-7.005305224794256e-10,4,1.0000000000000004,5419141.869760394,245.67039754371356,0.48858213088742497,0.057089388228780714,0.0015128611375303618,2.553685146331701e-05,-1.9408013955641568e-08,0.048858213088742525,1.930951947312387e-11
1484917091040.6775,2800179783.010818,0.14685527383107078,0.0015136286795944967,2970.890491019432,0.48831079080630146,0.0568834242839113,0.8206529505949689,8.881784197001252e-16,-6.952999287435091e-10,4,1.0000000000000004,5421021.212935558,245.64444842337548,0.48831079080630146,0.0568834242839113,0.0015136485500347316,2.5557174678324776e-05,-1.9851124423742684e-08,0.048831079080630134,1.9315809567099727e-11
1487699036796.0068,2781945755.329189,0.146862417334763,0.001514376118934295,2971.1849211907484,0.48804088857066685,0.05667899262441126,0.820063718043329,-2.55351295663786e-15,-6.852620693109657e-10,4,1.0000000000000004,5422886.609464608,245.61784931893644,0.48804088857066685,0.05667899262441126,0.0015143964260683138,2.557716793091001e-05,-2.0287812122462266e-08,0.04880408885706665,1.932190003256835e-11
1490463860014.861,2764823218.854114,0.14686958504606354,0.0015150890750989735,2971.462050854243,0.4877723186283894,0.05647602768831847,0.818025924775867,0,-6.725310308652865e-10,4,1.0000000000000004,5424739.433458709,245.59071879241688,0.4877723186283894,0.05647602768831847,0.0015151095714431508,2.5596871410589504e-05,-2.0477016357804326e-08,0.04877723186283896,1.932781964243674e-11
1493215086500.302,2751226485.4413223,0.14687669235082776,0.0015157900913783952,2971.7338044186927,0.48750474096538743,0.056274276194338536,0.8168041742973031,1.3322676295501878e-15,-6.652622897007632e-10,4,1.0000000000000004,5426585.797400343,245.56373311104196,0.48750474096538743,0.056274276194338536,0.0015158106033637184,2.5616494658349624e-05,-2.049265159814973e-08,0.04875047409653871,1.933372288205458e-11
1495954829833.7764,2739743333.474377,0.14688376409159032,0.0015164760961560212,2971.9984323165663,0.4872379516551054,0.056073588794520984,0.8170320831002442,0,-6.692583154332965e-10,4,1.0000000000000004,5428426.442070931,245.53674947701907,0.4872379516551054,0.056073588794520984,0.0015164967022861982,2.563602054543287e-05,-2.058679058804813e-08,0.048723795165510564,1.9339588935902614e-11
1498682757390.5298,2727927556.7534313,0.14689079928267393,0.001517147475012753,2972.256141533147,0.48697198447645706,0.05587399662906257,0.8161465231415477,-7.771561172376096e-16,-6.57519039215515e-10,4,1.0000000000000004,5430261.1100806855,245.50976965810204,0.48697198447645706,0.05587399662906257,0.0015171680686767671,2.5655445857293706e-05,-2.0574318598545444e-08,0.04869719844764572,1.9345416698627478e-11
1501400393315.7986,2717635925.2687464,0.14689779372860753,0.0015178065981042322,2972.5081427461,0.48670669223283375,0.05567539267541351,0.8163836517915968,2.220446049250313e-15,-6.561089449519386e-10,4,1.0000000000000004,5432091.142203878,245.48284231306587,0.48670669223283375,0.05567539267541351,0.0015178272492046866,2.5674797683565545e-05,-2.0631749228648155e-08,0.0486706692232834,1.9351222543211567e-11
1504107383211.8604,2706989896.061549,0.14690478018673794,0.0015184460010564465,2972.750457592647,0.4864421106322604,0.05547780988085185,0.8170782056504677,6.661338147750939e-16,-6.543734443198446e-10,4,1.0000000000000004,5433914.929129196,245.45571848688985,0.4864421106322604,0.05547780988085185,0.0015184668762866674,2.5694007016865318e-05,-2.0855873266459414e-08,0.04864421106322602,1.93569532590227e-11
1506802622514.122,2695239302.2619057,0.14691179065957133,0.0015190575391619099,2972.978787153507,0.4861783487788715,0.05528133981928984,0.8170393439588253,-5.551115123125783e-16,-6.464128121663748e-10,4,1.0000000000000004,5435730.199914056,245.42812976888334,0.4861783487788715,0.05528133981928984,0.0015190786969950707,2.5712992114775547e-05,-2.1138470613222616e-08,0.048617834877887046,1.936254833335835e-11
1509486226049.197,2683603535.0751176,0.1469188176732073,0.001519644197878786,2973.1946807019267,0.48591539691340097,0.05508598399435711,0.8165111337055109,-9.992007221626409e-16,-6.492558712878349e-10,4,1.0000000000000004,5437537.430832221,245.40015651138245,0.48591539691340097,0.05508598399435711,0.0015196656019093656,2.573177422664942e-05,-2.138466255651327e-08,0.048591539691340155,1.936802468599253e-11
1512159108190.0461,2672882140.8493137,0.14692585410964157,0.001520209074576711,2973.3997363098915,0.4856531669383404,0.05489168432567109,0.8159783793093567,-9.992007221626409e-16,-6.430688204162038e-10,4,1.0000000000000004,5439337.651304955,245.37187260079503,0.4856531669383404,0.05489168432567109,0.0015202306807234021,2.575038084942868e-05,-2.1586773291221995e-08,0.04856531669383407,1.937340131209973e-11
1514822180708.2246,2663072518.178642,0.14693289142336313,0.0015207556737418528,2973.595763289717,0.48539157079660883,0.05469838156881226,0.8154703834417631,2.220446049250313e-16,-6.443845457226871e-10,4,1.0000000000000004,5441131.975998075,245.34336740329053,0.48539157079660883,0.05469838156881226,0.0015207774343890567,2.5768843620343316e-05,-2.1741268503447636e-08,0.04853915707966088,1.937870044023256e-11
1517476305910.898,2654125202.6735992,0.1469399204174801,0.001521287546365558,2973.7845979804233,0.4851305250715452,0.054506018742820024,0.8149853292227505,-1.5543122344752192e-15,-6.453992895671945e-10,4,1.0000000000000004,5442921.512475608,245.3147337711757,0.4851305250715452,0.054506018742820024,0.0015213094106326737,2.5787194853619024e-05,-2.184488317317174e-08,0.0485130525071545,1.9383944916291398e-11
1520122300915.1475,2645995004.2494287,0.14694692923854158,0.0015218094665107591,2973.968698969557,0.48486995061436483,0.05431454041596326,0.8144559321410227,-2.3314683517128287e-15,-6.437707034123719e-10,4,1.0000000000000004,5444707.57044177,245.2861074205709,0.48486995061436483,0.05431454041596326,0.0015218313651826658,2.580547782664435e-05,-2.187928274375359e-08,0.04848699506143649,1.9389166350551515e-11
1522761047801.7107,2638746886.5632443,0.1469538959069199,0.0015223273912736714,2974.151202410372,0.4846097617077451,0.05412388444740943,0.8137657325768544,6.661338147750939e-16,-6.425520115982408e-10,4,1.0000000000000004,5446491.724550944,245.25766348084844,0.4846097617077451,0.05412388444740943,0.0015223492127770068,2.5823747073580404e-05,-2.1802108929578115e-08,0.048460976170774536,1.9394404911132384e-11
1525393682156.657,2632634354.946439,0.14696081352780585,0.0015228439978986397,2974.333487031094,0.48434984732703107,0.05393396899533149,0.8136303641936848,-2.220446049250313e-16,-6.470970426164513e-10,4,1.0000000000000004,5448275.167816833,245.22947115317902,0.48434984732703107,0.05393396899533149,0.0015228657258198684,2.584203181817094e-05,-2.1708521549163947e-08,0.04843498473270311,1.9399679795784763e-11
1528020436626.2693,2626754469.612026,0.14696767024639912,0.0015233595933164812,2974.5158232277167,0.4840901852698677,0.053744777401588256,0.8135856444102529,1.5543122344752192e-15,-6.468582336438544e-10,4,1.0000000000000004,5450058.088402391,245.20153333912495,0.4840901852698677,0.053744777401588256,0.001523381230036292,2.586033532865757e-05,-2.1617314815571565e-08,0.048409018526986744,1.9404992740023004e-11
1530641396372.2852,2620959746.016045,0.14697444194156067,0.0015238803131381597,2974.70144985184,0.4838307680007154,0.05355630186614781,0.8129494882824773,1.5543122344752192e-15,-6.500044946733397e-10,4,1.0000000000000004,5451841.601512405,245.1740453887281,0.4838307680007154,0.05355630186614781,0.0015239017368345166,2.5878710225346967e-05,-2.140428596934589e-08,0.04838307680007158,1.9410384952784185e-11
1533257597203.5532,2616200831.2678447,0.14698112894461704,0.0015244093139040933,2974.8919015426195,0.4835714937948886,0.053368464609965395,0.8127722816997363,-1.887379141862766e-15,-6.516951422952388e-10,4,1.0000000000000004,5453626.954875905,245.14709767138592,0.4835714937948886,0.053368464609965395,0.001524430482464886,2.5897190644359548e-05,-2.114914491595887e-08,0.04835714937948893,1.941587972294368e-11
1535869332429.2039,2611735225.650801,0.1469877189325406,0.0015249503220435196,2975.0891171871067,0.4833123342618458,0.05318124008627294,0.8125071321307686,-1.887379141862766e-15,-6.534754959375277e-10,4,1.0000000000000004,5455415.01318613,245.12080922702648,0.4833123342618458,0.05318124008627294,0.0015249711699216865,2.5915811353199885e-05,-2.0828456666351e-08,0.04833123342618458,1.942150330224694e-11
1538477035059.8953,2607702630.69133,0.14699419874748865,0.0015255076678742916,2975.295336416878,0.48305324709449154,0.05299459113590135,0.8122713496261369,-3.885780586188048e-15,-6.587129730561969e-10,4,1.0000000000000004,5457206.854191986,245.09531920618684,0.48305324709449154,0.05299459113590135,0.0015255281251747403,2.5934613947631306e-05,-2.0437873167615704e-08,0.04830532470944915,1.942728676802909e-11
1541081089186.4177,2604054126.522746,0.14700055400601064,0.0015260848128571215,2975.512385126804,0.48279419472166774,0.05280848287542993,0.8120818939527652,0,-6.587816958614212e-10,4,1.0000000000000004,5459003.38572605,245.0707399005681,0.48279419472166774,0.05280848287542993,0.0015261048137274313,2.595363272765352e-05,-1.9981437054084016e-08,0.04827941947216686,1.943325551029365e-11
1543681803228.855,2600714042.437185,0.14700675228432558,0.0015266886651777941,2975.7439490883357,0.4825351470826971,0.05262288349306171,0.8116912891820149,2.220446049250313e-16,-6.617097980665676e-10,4,1.0000000000000004,5460806.087760048,245.04729850080255,0.4825351470826971,0.05262288349306171,0.0015267080908591816,2.5972932008358054e-05,-1.9406241928491016e-08,0.04825351470826968,1.9439458717027216e-11
1546279806355.6702,2598003126.815259,0.14701278682665472,0.0015273217939101782,2975.991335970879,0.4822760419979313,0.05243773701721549,0.8117439476151844,2.220446049250313e-15,-6.725462409207239e-10,4,1.0000000000000004,5462615.911176878,245.02508092152178,0.4822760419979313,0.05243773701721549,0.0015273406059242447,2.5992541750559175e-05,-1.879256814577944e-08,0.04822760419979313,1.9445917366104727e-11
1548875017211.9263,2595210856.255996,0.14701865660183236,0.0015279834484162266,2976.2541767838347,0.48201688790501535,0.05225303840458001,0.812017458828862,4.440892098500626e-16,-6.763224424943814e-10,4,1.0000000000000004,5464432.748667731,245.0040731674514,0.48201688790501535,0.05225303840458001,0.0015280016542138463,2.6012458751633358e-05,-1.818634499056295e-08,0.04820168879050157,1.9452628664594188e-11
1551467002160.2358,2591984948.3092628,0.14702434108932347,0.0015286782579305204,2976.5349186381713,0.4817577285731846,0.052068806283572085,0.8119192135280784,4.440892098500626e-16,-6.835764176926773e-10,4,1.0000000000000004,5466257.204595212,244.98444167970285,0.4817577285731846,0.052068806283572085,0.0015286957821978309,2.6032724245429292e-05,-1.7504807683894337e-08,0.04817577285731846,1.9459626035206223e-11
1554055921830.8079,2588919670.5722666,0.147029832993763,0.0015294080891521437,2976.8345266858914,0.48149854843589296,0.05188501606089864,0.8120681038725763,8.881784197001252e-16,-6.876952340917342e-10,4,1.0000000000000004,5468089.812873606,244.96625657641397,0.48149854843589296,0.05188501606089864,0.001529424903141697,2.605335993951144e-05,-1.6794522626558578e-08,0.048149854843589274,1.946692539425766e-11
1556641542782.965,2585620952.1571345,0.14703514504610046,0.0015301677547179013,2977.1503300862873,0.4812393711561981,0.0517016728936596,0.8126170997213578,0,-6.922113993113044e-10,4,1.0000000000000004,5469929.586140516,244.94936294088498,0.4812393711561981,0.0517016728936596,0.0015301839204999636,2.6074323633383345e-05,-1.6146307568799055e-08,0.04812393711561988,1.9474493772495974e-11
1559222996775.7097,2581453992.744646,0.14704042885576024,0.00153091330972527,2977.459410563935,0.48098028323012265,0.05151883916105388,0.8175548266153854,0,-6.86269596705813e-10,4,1.0000000000000004,5471768.285477465,244.93235955587278,0.48098028323012265,0.05151883916105388,0.0015309298464165919,2.609523388423954e-05,-1.6517209288077552e-08,0.04809802832301226,1.9482033956249776e-11
1561792495789.7788,2569499014.0689745,0.14704563762840683,0.0015316565147446253,2977.7679660862486,0.4807220672327643,0.05133707169780494,0.8139021584474548,-7.771561172376096e-16,-6.803244634312478e-10,4,1.0000000000000004,5473602.491034654,244.91569353429418,0.4807220672327643,0.05133707169780494,0.0015316727171519504,2.6116132796923545e-05,-1.6182917720154843e-08,0.04807220672327644,1.9489606142859492e-11
1564355827822.4087,2563332032.629531,0.14705077179744427,0.0015324011586505986,2978.0778346799975,0.48046414302617263,0.051155958932444595,0.815071668491818,-2.3314683517128287e-15,-6.851518241646204e-10,4,1.0000000000000004,5475436.860344204,244.89942532075634,0.48046414302617263,0.051155958932444595,0.0015324172644685338,2.6137093772297206e-05,-1.608632069046507e-08,0.04804641430261732,1.9497248036096693e-11
1566911172424.476,2555344602.0673976,0.1470558435224,0.0015331444658176134,2978.3875446568045,0.48020669456351306,0.050975630697063484,0.8146553648336052,-2.4424906541753444e-15,-6.791560647201322e-10,4,1.0000000000000004,5477269.605829372,244.88347856698041,0.48020669456351306,0.050975630697063484,0.0015331604077793517,2.615807849551676e-05,-1.592245680625724e-08,0.04802066945635128,1.9504935826528112e-11
1569459205281.1614,2548032856.68536,0.1470608600451014,0.0015338811131653922,2978.6944394054613,0.4799496546572523,0.05079604121089785,0.8152957997609178,-3.3306690738754696e-16,-6.767588711653616e-10,4,1.0000000000000004,5479100.230194428,244.86766979489656,0.4799496546572523,0.05079604121089785,0.0015338970467147748,2.617904459724185e-05,-1.591403674910998e-08,0.047994965465725216,1.9512633956937434e-11
1571998949210.1926,2539743929.031431,0.14706584774050166,0.001534607703237958,2978.9966068964823,0.47969312277280446,0.050617263075535775,0.8154042724362043,0,-6.798688279019416e-10,4,1.0000000000000004,5480927.4052821165,244.85189323693365,0.47969312277280446,0.050617263075535775,0.0015346236821176195,2.6199953782370155e-05,-1.595935934551664e-08,0.04796931227728044,1.9520315897075344e-11
1574530262789.765,2531313579.5726247,0.14707084796767134,0.001535312066722606,2979.287730184099,0.4794371139933401,0.050439314102575995,0.8158793363133299,-5.551115123125783e-16,-6.759487414242926e-10,4,1.0000000000000004,5482748.800284141,244.83574528549389,0.4794371139933401,0.050439314102575995,0.0015353282513668205,2.6220695891883004e-05,-1.6165116319270865e-08,0.04794371139933401,1.952789598579872e-11
1577052439385.8105,2522176596.0454473,0.1470758336238757,0.0015360029924323425,2979.572357755917,0.4791817010492635,0.05026224915083714,0.8154422059813982,-1.887379141862766e-15,-6.81558809390026e-10,4,1.0000000000000004,5484565.40209177,244.81950857998828,0.4791817010492635,0.05026224915083714,0.0015360193243166194,2.6241339213239873e-05,-1.6312348849277303e-08,0.04791817010492635,1.9535430505451295e-11
1579566185474.3723,2513746088.5618134,0.14708084123743007,0.0015366707931295913,2979.845430376644,0.4789268134323501,0.050086027054506155,0.8153739833316465,-9.992007221626409e-16,-6.735377811040166e-10,4,1.0000000000000004,5486375.885609458,244.8028466519113,0.4789268134323501,0.050086027054506155,0.001536687324257187,2.6261799793906276e-05,-1.651158474600023e-08,0.04789268134323503,1.954285152979768e-11
1582071634044.2017,2505448569.8293295,0.14708583122145424,0.0015373281884048815,2980.1135249245854,0.4786724389601865,0.04991064282237962,0.8145608731968679,0,-6.737096436282286e-10,4,1.0000000000000004,5488182.509933684,244.78615938568777,0.4786724389601865,0.04991064282237962,0.0015373447704292082,2.628218583271311e-05,-1.656247408326648e-08,0.0478672438960186,1.9550243708687337e-11
1584570058538.8218,2498424494.6203256,0.14709080322647608,0.0015379762990210557,2980.3771931325336,0.47841844948274775,0.04973601064107671,0.814291202799744,-3.3306690738754696e-16,-6.79115208512826e-10,4,1.0000000000000004,5489986.301985966,244.76946120242033,0.47841844948274775,0.04973601064107671,0.0015379929037992936,2.630251354388815e-05,-1.6585220623019705e-08,0.04784184494827479,1.9557615559805858e-11
1587061891160.4338,2491832621.6121283,0.14709561082261732,0.0015386595649529823,2980.659445459619,0.4781648030093848,0.04956209002371815,0.8112677041260952,0,-6.828790866109102e-10,4,1.0000000000000004,5491795.399533171,244.7541821850941,0.4781648030093848,0.04956209002371815,0.0015386754539192483,2.63231726368419e-05,-1.586940099539438e-08,0.04781648030093846,1.9565270676264334e-11
1589551776125.626,2489884965.192074,0.14710041623768697,0.0015393330834069668,2980.936882236638,0.4779110268162671,0.049388556892243765,0.8146209778958635,4.440892098500626e-16,-6.857223677769753e-10,4,1.0000000000000004,5493605.193747,244.73883332914016,0.4779110268162671,0.049388556892243765,0.0015393490396016694,2.6343808424949198e-05,-1.59366217870388e-08,0.04779110268162666,1.9572915306110693e-11
1592034589049.457,2482812923.830763,0.1471052067875319,0.0015399958195832476,2981.2091361561697,0.47765764327807564,0.049215773024666405,0.8144217439332024,-2.3314683517128287e-15,-6.803625440809924e-10,4,1.0000000000000004,5495411.839633695,244.72342395472307,0.47765764327807564,0.049215773024666405,0.0015400118285460451,2.636437247112859e-05,-1.598938227188976e-08,0.04776576432780757,1.958052913837888e-11
1594510652825.887,2476063776.4299135,0.14710999293121213,0.001540645196924387,2981.474860105913,0.4774046203131769,0.049043720399049265,0.8145884522470226,-1.5543122344752192e-15,-6.881171188410917e-10,4,1.0000000000000004,5497215.054976164,244.70786091820563,0.4774046203131769,0.049043720399049265,0.0015406613332045438,2.638484238601998e-05,-1.6116692065216758e-08,0.04774046203131772,1.9588093784904637e-11
1596979733109.7913,2469080283.9042935,0.14711477490289088,0.0015412806666011373,2981.7337928075517,0.4771519827433343,0.048872420442739,0.8142900709273704,0,-6.859887102805828e-10,4,1.0000000000000004,5499014.501408785,244.69211840933139,0.4771519827433343,0.048872420442739,0.0015412969038653915,2.6405208394168257e-05,-1.6217668651739228e-08,0.0477151982743334,1.9595602646160727e-11
1599442300654.2996,2462567544.508439,0.1471195504464103,0.0015419035760334907,2981.986615242997,0.47689968334514626,0.04870184461074726,0.8143388890990977,-9.992007221626409e-16,-6.861134993485507e-10,4,1.0000000000000004,5500810.696696932,244.67622896738857,0.47689968334514626,0.04870184461074726,0.001541919958728665,2.6425483493447083e-05,-1.6363092111155735e-08,0.047689968334514644,1.960306452118761e-11
1601898299018.505,2455998364.2050133,0.14712433472565067,0.001542510412770142,2982.2314819138346,0.4766477287282003,0.04853200236092552,0.8142667334842812,6.661338147750939e-16,-6.833975607634102e-10,4,1.0000000000000004,5502602.90736881,244.6600697853488,0.4766477287282003,0.04853200236092552,0.0015425269707675768,2.6445633423578046e-05,-1.653838698076611e-08,0.04766477287282009,1.9610453071489318e-11
1604347854251.9512,2449555233.44626,0.14712912985469806,0.0015431017638639966,2982.4686623621706,0.47639610683939704,0.04836289041990747,0.8140322987904014,1.5543122344752192e-15,-6.856435419422269e-10,4,1.0000000000000004,5504391.251489188,244.6436489429132,0.47639610683939704,0.04836289041990747,0.0015431184850683848,2.646566095619404e-05,-1.670158661546729e-08,0.04763961068393974,1.961777035230919e-11
1606791335033.0527,2443480781.1014404,0.14713393134536887,0.001543678911764816,2982.6988284323857,0.4761447806871418,0.04819448822628367,0.8138181012418144,-3.4416913763379853e-15,-6.857373557878077e-10,4,1.0000000000000004,5506176.151255735,244.62699477229597,0.4761447806871418,0.04819448822628367,0.001543695786144802,2.6485577019888865e-05,-1.6854754967434292e-08,0.04761447806871418,1.962502388488876e-11
1609229077169.8352,2437742136.782353,0.1471387361126819,0.0015442430060975702,2982.9225727171774,0.47589371656582574,0.04802677713685126,0.813579246194962,0,-6.871794244744933e-10,4,1.0000000000000004,5507957.9853065265,244.61013175853978,0.47589371656582574,0.04802677713685126,0.0015442600144393206,2.6505391253733606e-05,-1.69887095304573e-08,0.04758937165658257,1.9632220265085685e-11
1611661451116.0352,2432373946.2000275,0.14714353732189137,0.0015447963739425557,2983.141093489543,0.4756428771305185,0.047859735418017545,0.8132621304168808,-3.3306690738754696e-16,-6.877797220639081e-10,4,1.0000000000000004,5509737.370531369,244.5931229862811,0.4756428771305185,0.047859735418017545,0.0015448134725814663,2.6525124108747016e-05,-1.7078999536922902e-08,0.04756428771305186,1.963937440689217e-11
1614088941831.104,2427490715.0684958,0.14714833091451138,0.0015453407280586178,2983.355263014641,0.4753922131142803,0.04769333276710078,0.8130788325955152,-2.6645352591003757e-15,-6.906084593083506e-10,4,1.0000000000000004,5511514.910038573,244.57601279211048,0.4753922131142803,0.04769333276710078,0.0015453579003426455,2.6544792094187572e-05,-1.7152637534171036e-08,0.04753922131142807,1.9646497749360613e-11
1616511832176.6633,2422890345.559656,0.14715310424544115,0.001545879068484261,2983.566660730507,0.47514169602608025,0.047527551829802166,0.8128153178299513,-1.5543122344752192e-15,-6.881444303274975e-10,4,1.0000000000000004,5513291.298716974,244.55888888627322,0.47514169602608025,0.047527551829802166,0.0015458962717435473,2.6564421768966037e-05,-1.718360567836555e-08,0.04751416960260801,1.965361016288222e-11
1618930522845.445,2418690668.7816133,0.14715786623192037,0.001546410942320579,2983.7749802530757,0.4748912850523627,0.04736236720838856,0.8127508527300265,-1.3322676295501878e-15,-6.936289320691458e-10,4,1.0000000000000004,5515066.709953895,244.54172839305662,0.4748912850523627,0.04736236720838856,0.001546428183208582,2.6584010644672598e-05,-1.7221227296282145e-08,0.04748912850523631,1.9660708499805954e-11
1621345116870.5784,2414594025.133392,0.14716261956063614,0.0015469365887397558,2983.980312304672,0.4746409700869953,0.0471977738775066,0.8126542910824597,8.881784197001252e-16,-6.949255615396055e-10,4,1.0000000000000004,5516841.225410869,244.52453323287747,0.4746409700869953,0.0471977738775066,0.001546953864427756,2.6603560049111795e-05,-1.7256020204906894e-08,0.04746409700869956,1.966779357986155e-11
1623755764397.6003,2410647527.0220966,0.1471673515333203,0.0015474594215145443,2984.1844339398817,0.47439073617850663,0.04703376261782773,0.8123512373892083,-7.771561172376096e-16,-6.985139133774965e-10,4,1.0000000000000004,5518615.5262382245,244.50740737484517,0.47439073617850663,0.04703376261782773,0.0015474766696806277,2.6623099660252726e-05,-1.7228491196228908e-08,0.04743907361785063,1.9674888130599578e-11
1626162920755.0425,2407156357.4423494,0.1471720554140509,0.001547984461695333,2984.3898346652263,0.474140536697654,0.046870301753591866,0.8119953692764525,-3.3306690738754696e-16,-6.997389334628679e-10,4,1.0000000000000004,5520390.814991377,244.49050582411405,0.474140536697654,0.046870301753591866,0.0015480015950047293,2.6642676257476755e-05,-1.7113627369750297e-08,0.0474140536697654,1.96820271216951e-11
1628567117661.9536,2404196906.911241,0.1471767276478461,0.0015485098826899329,2984.5956695940745,0.473890316818373,0.04670735464018335,0.8121505634672843,8.881784197001252e-16,-7.062570528404422e-10,4,1.0000000000000004,5522167.154419896,244.47376384573445,0.473890316818373,0.04670735464018335,0.0015485269471016583,2.6662277797224785e-05,-1.704472252455575e-08,0.04738903168183732,1.9689199321943546e-11
1630968129318.752,2401011656.798436,0.1471813690187611,0.0015490357807704293,2984.80197708103,0.4736401004419984,0.04654493622514007,0.8121708866548616,-1.1102230246251565e-15,-7.125405820929132e-10,4,1.0000000000000004,5523944.390201411,244.4571854293963,0.4736401004419984,0.04654493622514007,0.0015490527858533806,2.668190310245867e-05,-1.698538654850523e-08,0.047364010044199864,1.9696404605578234e-11
1633365929944.4893,2397800625.737095,0.1471859802308981,0.0015495628417521031,2985.0090801579886,0.473389890703557,0.046383047936658525,0.8119427247210709,1.5543122344752192e-15,-7.094954623809713e-10,4,1.0000000000000004,5525722.608011349,244.44079005471386,0.473389890703557,0.046383047936658525,0.0015495797345014529,2.6701557209463012e-05,-1.6873045700539482e-08,0.04733898907035575,1.9703647021620138e-11
1635760860259.186,2394930314.6968083,0.14719015718762143,0.001550156353240514,2985.2525090669833,0.4731396533973203,0.04622165333712851,0.8038653154240905,4.440892098500626e-16,-7.55155826759335e-10,4,1.0000000000000004,5527513.467847922,244.4266309749933,0.4731396533973203,0.04622165333712851,0.0015501709662812887,2.672180777513483e-05,-1.4593329407674996e-08,0.04731396533973201,1.9711366396698292e-11
1638164911640.262,2404051381.076078,0.14719172237853032,0.0015511560328602138,2985.7178075261513,0.47288814276463803,0.046059810381109505,0.7934536261355873,-2.220446049250313e-15,-8.004610307921212e-10,4,1.0000000000000004,5529387.071438602,244.42563118686326,0.47288814276463803,0.046059810381109505,0.0015511646477347112,2.6745783220366434e-05,-8.595152550880208e-09,0.047288814276463774,1.9721950041922414e-11
1640593900261.334,2428988621.07202,0.14719358956329548,0.0015521103193920937,2986.1579721704384,0.47263369586661125,0.04589644286174601,0.8191595785023154,1.9984014443252818e-15,-8.348938207447532e-10,4,1.0000000000000004,5531275.653402251,244.4233120021768,0.47263369586661125,0.04589644286174601,0.0015521197143285152,2.6769671873101172e-05,-9.375204037541025e-09,0.047263369586661066,1.9732380673473213e-11
1643009270622.527,2415370361.1931567,0.14719572246049661,0.0015530129222847665,2986.570376395558,0.47238034691417985,0.04573416692369205,0.8181907046322934,1.3322676295501878e-15,-8.138753004871546e-10,4,1.0000000000000004,5533149.486757193,244.41975633121817,0.47238034691417985,0.04573416692369205,0.0015530229693913125,2.679310568939849e-05,-1.0027364042030334e-08,0.04723803469141796,1.9742502216156703e-11
1645412520736.7986,2403250114.271512,0.14719808179601834,0.0015538721006783625,2986.9594200058823,0.4721279407426706,0.045572898226233165,0.8173186127891086,1.9984014443252818e-15,-8.018837815981783e-10,4,1.0000000000000004,5535010.942683961,244.41518960008887,0.4721279407426706,0.045572898226233165,0.0015538827023316869,2.6816160070354123e-05,-1.0581900952334804e-08,0.04721279407426712,1.975236898972469e-11
1647804986802.094,2392466065.295295,0.14720063974379868,0.0015546923170602406,2987.327554875718,0.47187633873309826,0.045412561357748134,0.8166817866417375,4.440892098500626e-16,-7.902627441325194e-10,4,1.0000000000000004,5536861.622451675,244.40971930151738,0.47187633873309826,0.045412561357748134,0.0015547034219523586,2.683887675878677e-05,-1.1085130107986005e-08,0.047187633873309834,1.9762009558812847e-11
1650187645632.6277,2382658830.533726,0.14720337501569314,0.0015554798462568472,2987.6780323516846,0.4716254397303133,0.04525310294324309,0.8159126718698673,-1.1102230246251565e-15,-7.82564568702071e-10,4,1.0000000000000004,5538703.199382792,244.40351737191776,0.4716254397303133,0.04525310294324309,0.0015554913482458464,2.686131146769433e-05,-1.1482217536537995e-08,0.04716254397303138,1.9771464560625068e-11
1652561655562.4417,2374009929.8138447,0.1472062841959534,0.001556231665745235,2988.009454193452,0.47137512302907564,0.045094457505455404,0.8159673636765064,-7.771561172376096e-16,-7.780264210666132e-10,4,1.0000000000000004,5540535.868122462,244.39645990165587,0.47137512302907564,0.045094457505455404,0.0015562436812827803,2.6883440832213472e-05,-1.1995756834003038e-08,0.0471375123029076,1.9780712456300542e-11
1654926968712.645,2365313150.203514,0.14720931960378394,0.001556961943080749,2988.3291212260165,0.47112539512208307,0.0449366370228717,0.8145604574183452,6.661338147750939e-16,-7.678928604093471e-10,4,1.0000000000000004,5542361.952900263,244.38897903624328,0.47112539512208307,0.0449366370228717,0.001556974164097362,2.6905382436798254e-05,-1.2201226766730729e-08,0.047112539512208326,1.978984514482177e-11
1657285651262.0676,2358682549.4225225,0.14721248573366044,0.0015576595825412352,2988.631676595897,0.4708760388440162,0.04477951367269073,0.815234964535172,6.661338147750939e-16,-7.621525632828252e-10,4,1.0000000000000004,5544180.944125341,244.38068922789594,0.4708760388440162,0.04477951367269073,0.0015576722878640691,2.692705092178275e-05,-1.2685524043172987e-08,0.04708760388440162,1.979878963074487e-11
1659636748571.5034,2351097309.435916,0.14721575945457757,0.0015583383674855336,2988.92398039076,0.47062715623364065,0.04462315893577945,0.8138369100851861,-7.771561172376096e-16,-7.56358420339609e-10,4,1.0000000000000004,5545994.423612685,244.372021216521,0.47062715623364065,0.04462315893577945,0.0015583512320572104,2.6948553689223997e-05,-1.284476404459124e-08,0.04706271562336409,1.9807633112893052e-11
1661982297099.2788,2345548527.775522,0.14721914119206297,0.001558997639202411,2989.2057215421787,0.47037853274762087,0.044467443084155976,0.8142032448255065,-8.881784197001252e-16,-7.56131823820283e-10,4,1.0000000000000004,5547803.748637951,244.36293431985845,0.47037853274762087,0.044467443084155976,0.0015590108172212265,2.6969899386215594e-05,-1.3158202441255573e-08,0.04703785327476208,1.981637585187198e-11
1664321783460.362,2339486361.0832353,0.14722261992771787,0.0015596388089604229,2989.4776972596,0.47013022363131374,0.04431240670939814,0.8136596996166645,6.661338147750939e-16,-7.57972462572809e-10,4,1.0000000000000004,5549608.684775753,244.35346220988612,0.47013022363131374,0.04431240670939814,0.0015596522102092696,2.6991091558907408e-05,-1.3381423823256946e-08,0.04701302236313143,1.9825022599047734e-11
1666656002590.9028,2334219130.540842,0.1472261940305107,0.0015602621531419928,2989.740064710275,0.46988214536171063,0.044158002892184904,0.8135509343976111,0,-7.537320767525557e-10,4,1.0000000000000004,5551409.806016212,244.34359803172802,0.46988214536171063,0.044158002892184904,0.0015602758013970215,2.7012135796032424e-05,-1.3628421453416335e-08,0.04698821453617103,1.9833575333823936e-11
1668985122026.4556,2329119435.5530357,0.1472298678383236,0.0015608662221883293,2989.9920935254413,0.4696342808379464,0.044004226872866696,0.8134318474350977,-1.1102230246251565e-15,-7.59231233438129e-10,4,1.0000000000000004,5553206.900415053,244.3332841838981,0.4696342808379464,0.044004226872866696,0.0015608801423995554,2.703301699389626e-05,-1.3900369205582219e-08,0.046963428083794674,1.9842022173444087e-11
1671309323022.2068,2324200995.7512317,0.14723364500870512,0.0015614501139530293,2990.2333229195706,0.4693866114671744,0.04385107308255813,0.8134320023112096,4.440892098500626e-16,-7.579850080929873e-10,4,1.0000000000000004,5554999.870236672,244.32248061215518,0.4693866114671744,0.04385107308255813,0.0015614643655650282,2.7053725257862457e-05,-1.4231761643299953e-08,0.046938661146717395,1.9850355158205652e-11
1673628615743.7117,2319292721.5048285,0.14723752082304314,0.0015620093372391865,2990.4616596019264,0.46913913677577257,0.04369854905170857,0.813219581119462,-8.881784197001252e-16,-7.532590107217629e-10,4,1.0000000000000004,5556787.822364941,244.3110282432357,0.46913913677577257,0.04369854905170857,0.0015620239370737136,2.7074215980553546e-05,-1.4579975988729258e-08,0.046913913677577225,1.98585400238535e-11
1675943312808.267,2314697064.5554504,0.14724148799937797,0.0015625488823948655,2990.6795752572775,0.4688918241423573,0.04354664068012166,0.8129421436020579,8.881784197001252e-16,-7.582963146290922e-10,4,1.0000000000000004,5558571.7969171675,244.29907408780784,0.4688918241423573,0.04354664068012166,0.0015625638051714546,2.7094532155538147e-05,-1.4902909978346363e-08,0.04688918241423571,1.9866609450084758e-11
1678253817480.9578,2310504672.6906204,0.14724553440587124,0.0015630725988096095,2990.8890421343817,0.4686446311862401,0.04339532725819436,0.8122222977524629,-7.771561172376096e-16,-7.564269211002284e-10,4,1.0000000000000004,5560352.687072762,244.28672504266856,0.4686446311862401,0.04339532725819436,0.0015630876875962004,2.711470673224737e-05,-1.5068912004071495e-08,0.046864463118624036,1.9874587986663836e-11
1680561159136.3647,2307341655.4071593,0.14724962325901741,0.0015635969969693046,2991.0983357908644,0.4683974485852162,0.04324454203681617,0.8111535454435881,6.661338147750939e-16,-7.653767619686391e-10,4,1.0000000000000004,5562134.161505832,244.27449104386483,0.4683974485852162,0.04324454203681617,0.001563611941419122,2.7134892169091217e-05,-1.4924567226279942e-08,0.04683974485852159,1.9882590213458638e-11
1682866859567.112,2305700430.7470737,0.14725375664931953,0.0015641180834234188,2991.305525397407,0.46815011368624454,0.04309418505524582,0.8121286837470265,6.661338147750939e-16,-7.724141326548306e-10,4,1.0000000000000004,5563916.718170994,244.26224288739715,0.46815011368624454,0.04309418505524582,0.0015641331801927053,2.7155068050665218e-05,-1.507687869035687e-08,0.04681501136862446,1.9890595348486248e-11
1685169536260.6528,2302676693.541073,0.14725797306630786,0.0015646116670779873,2991.498658112719,0.46790277469324726,0.042944354128363955,0.8220557180110832,-1.1102230246251565e-15,-7.682743330406083e-10,4,1.0000000000000004,5565694.944753705,244.24921449469937,0.46790277469324726,0.042944354128363955,0.0015646273384983351,2.717500575308608e-05,-1.565152191793306e-08,0.04679027746932474,1.9898431614798232e-11
1687455265834.656,2285729574.002782,0.1472622205127157,0.0015650880999754015,2991.6832189715105,0.46765693088722665,0.04279595876377425,0.8181435835058481,-1.5543122344752192e-15,-7.543435875945192e-10,4,1.0000000000000004,5567460.241794187,244.235873048451,0.46765693088722665,0.04279595876377425,0.0015651038894757105,2.719469298216811e-05,-1.5769594176027377e-08,0.04676569308872266,1.9906135383589077e-11
1689729591187.0894,2274325352.433459,0.14726648529014144,0.0015655580555940555,2991.8644524997194,0.4674119913506095,0.04264863568549362,0.8150591106897975,-2.6645352591003757e-15,-7.445118965776487e-10,4,1.0000000000000004,5569218.602818875,244.22250352773307,0.4674119913506095,0.04264863568549362,0.0015655738986572164,2.7214265037347904e-05,-1.582314937197253e-08,0.04674119913506091,1.9913793238902667e-11
1691996847129.5552,2267255942.4661436,0.1472707734674411,0.0015660222698926469,2992.0426508163673,0.46716749246960976,0.042502102387532624,0.8154526217468705,-1.1102230246251565e-15,-7.400469126395137e-10,4,1.0000000000000004,5570973.322179053,244.2090717507729,0.46716749246960976,0.042502102387532624,0.0015660381799627349,2.723375711426409e-05,-1.5890148671800117e-08,0.04671674924696097,1.9921418027707205e-11
1694256510218.7236,2259663089.168409,0.14727509479462303,0.001566474049988931,2992.2145207184453,0.4669234931881906,0.04235639337475422,0.8217151706985115,-8.881784197001252e-16,-7.319798100979824e-10,4,1.0000000000000004,5572722.774015799,244.19537078780445,0.4669234931881906,0.04235639337475422,0.0015664901609086508,2.7253104966184153e-05,-1.6090990759412456e-08,0.04669234931881902,1.9928962172807405e-11
1696500007504.7864,2243497286.0626307,0.14727942510469852,0.0015669156512903347,2992.3813886316616,0.4666809239728377,0.04221205941918792,0.8173491507917907,4.440892098500626e-16,-7.162045401187811e-10,4,1.0000000000000004,5574460.936383362,244.1815669946468,0.4666809239728377,0.04221205941918792,0.0015669318796820608,2.7272267212814734e-05,-1.6208455303808194e-08,0.046668092397283784,1.9936421723913798e-11
1698733395873.6895,2233388368.9033985,0.14728376894775028,0.0015673498036880861,2992.544514692707,0.46643913479123683,0.04206870789789734,0.8155208075510956,6.661338147750939e-16,-7.09975966906029e-10,4,1.0000000000000004,5576192.724210071,244.1676706087114,0.46643913479123683,0.04206870789789734,0.0015673661186971462,2.729130839926315e-05,-1.6295065232083003e-08,0.046643913479123715,1.994382679435059e-11
1700959211752.7903,2225815879.1007276,0.14728812572291747,0.0015677778988515737,2992.7045715262516,0.466197854254231,0.04192617429167329,0.815319048316776,1.3322676295501878e-15,-7.0680383768007e-10,4,1.0000000000000004,5577920.225069685,244.15369344380977,0.466197854254231,0.04192617429167329,0.0015677942986191214,2.731025743519144e-05,-1.6379816354170173e-08,0.046619785425423076,1.995119151809761e-11
1703177755267.2214,2218543514.4312286,0.1472924930176766,0.0015682000895464786,2992.861658447055,0.46595705253596503,0.041784438149910105,0.8149069709306733,-2.220446049250313e-16,-7.026792481212851e-10,4,1.0000000000000004,5579643.652614194,244.13963210510897,0.46595705253596503,0.041784438149910105,0.0015682165702738497,2.7329116537503404e-05,-1.6460768854688057e-08,0.04659570525359648,1.995851659173352e-11
1705389609204.5076,2211853937.286188,0.14729686670802514,0.0015686173003544525,2993.0162602397513,0.46571666892585306,0.04164346093544213,0.8140336552747707,4.440892098500626e-16,-7.002682878010091e-10,4,1.0000000000000004,5581363.568872509,244.12550594745704,0.46571666892585306,0.04164346093544213,0.001568633847608589,2.7347896950152604e-05,-1.652728832704329e-08,0.046571666892585246,1.996580882860961e-11
1707595976307.198,2206367102.6907105,0.14730124743560613,0.0015690299457530677,2993.1685695993206,0.46547657488646643,0.04150316491439292,0.8140265768397104,-1.3322676295501878e-15,-6.997378232398432e-10,4,1.0000000000000004,5583080.914825362,244.1113114725076,0.46547657488646643,0.04150316491439292,0.001569046562356157,2.736660987672349e-05,-1.659663001855884e-08,0.04654765748864669,1.9973073005351703e-11
1709796879755.2134,2200903448.0153866,0.1473056321363576,0.0015694379681314278,2993.318591588827,0.4652367698683451,0.04136354777526987,0.8138612159203085,1.3322676295501878e-15,-6.981180078469151e-10,4,1.0000000000000004,5584795.667269928,244.09704400895768,0.4652367698683451,0.04136354777526987,0.0015694546536335727,2.738525410082472e-05,-1.666552183445678e-08,0.04652367698683451,1.998030814611488e-11
1711992556103.8513,2195676348.6380334,0.14731001870724916,0.0015698421301042443,2993.466712530506,0.464997230033214,0.041224593542313726,0.8128850627342477,2.220446049250313e-16,-6.970496402303183e-10,4,1.0000000000000004,5586508.108778711,244.08272259451945,0.464997230033214,0.041224593542313726,0.001569858866149079,2.7403837216484895e-05,-1.6716057315140736e-08,0.04649972300332145,1.9987519386277884e-11
1714184332580.9155,2191776477.064449,0.1473144142799299,0.0015702405766827344,2993.611977010017,0.46475781216528184,0.041086217702176416,0.818214346623436,-1.6653345369377348e-15,-6.941142105532094e-10,4,1.0000000000000004,5588218.893054238,244.0682733354753,0.46475781216528184,0.041086217702176416,0.0015702574788843751,2.742235191102735e-05,-1.6882206946609338e-08,0.04647578121652819,1.9994696852027706e-11
1716365079291.0154,2180746710.0995417,0.14731880418339538,0.0015706281429671998,2993.7520746043374,0.46451929804350794,0.04094887041848145,0.8149968350190662,8.881784197001252e-16,-6.906800686934389e-10,4,1.0000000000000004,5589921.675164941,244.05360780471383,0.46451929804350794,0.04094887041848145,0.0015706451554673775,2.7440699807849932e-05,-1.6992498388563372e-08,0.046451929804350776,2.0001787802742892e-11
1718539130523.9814,2174051232.966098,0.14732317708762907,0.0015710141187661715,2993.8915494892085,0.46428121695082025,0.04081227566196136,0.8107073906638007,6.661338147750939e-16,-6.854939949008099e-10,4,1.0000000000000004,5591621.335775734,244.0389673258407,0.46428121695082025,0.04081227566196136,0.0015710311442799804,2.7458993467902382e-05,-1.7005504943019486e-08,0.04642812169508208,2.0008864906477213e-11
1720712233055.1182,2173102531.1365743,0.14732753937284468,0.001571400644363997,2994.031356797848,0.46404294081418707,0.04067607091980516,0.8093745783310791,-3.3306690738754696e-16,-6.916478501040046e-10,4,1.0000000000000004,5593322.570866335,244.02434920076277,0.46404294081418707,0.04067607091980516,0.0015714176554198402,2.747729165082794e-05,-1.6991039889289534e-08,0.04640429408141873,2.0015954796173518e-11
1722886175026.3586,2173941971.240585,0.14733188817833281,0.0015717894706841341,2994.172359317636,0.46380427344115194,0.0405401436935765,0.8085512265970651,4.440892098500626e-16,-6.992839640673765e-10,4,1.0000000000000004,5595027.04079822,244.00978873210985,0.46380427344115194,0.0405401436935765,0.0015718064483923363,2.7495622697327665e-05,-1.6957685128114677e-08,0.04638042734411522,2.0023073558096038e-11
1725062063775.747,2175888749.388244,0.14733621505645614,0.0015721787767473553,2994.3137752124735,0.4635650925360449,0.040404425372530146,0.8103466567904727,1.3322676295501878e-15,-7.107030519648561e-10,4,1.0000000000000004,5596735.267982701,243.99521145565714,0.4635650925360449,0.040404425372530146,0.0015721957628068923,2.7513977904826156e-05,-1.6966029324158494e-08,0.04635650925360447,2.0030210714451863e-11
1727237487065.5137,2175423289.766756,0.14734051845305476,0.0015725703650354124,2994.4564782291136,0.46332566294729005,0.04026906626559361,0.8081644641694252,-2.220446049250313e-16,-7.149522085470039e-10,4,1.0000000000000004,5598445.749789486,243.98070369539425,0.46332566294729005,0.04026906626559361,0.001572587310309126,2.7532356550068838e-05,-1.692523634017935e-08,0.04633256629472895,2.0037373532036836e-11
1729415379408.8206,2177892343.3066344,0.14734480106280234,0.0015729653660029863,2994.6009783964514,0.46308566111667926,0.04013388355284723,0.8077271168582811,2.886579864025407e-15,-7.23976545380367e-10,4,1.0000000000000004,5600160.916468687,243.9662664748995,0.46308566111667926,0.04013388355284723,0.0015729822606092077,2.7550789446761986e-05,-1.6874561640412716e-08,0.04630856611166789,2.0044576261938833e-11
1731596333811.8752,2180954403.0548587,0.14734906116433685,0.001573364277673295,2994.7475292326876,0.46284502046711573,0.039998840760409056,0.8074889059489498,-1.887379141862766e-15,-7.372051857856832e-10,4,1.0000000000000004,5601881.320361233,243.95190846968694,0.46284502046711573,0.039998840760409056,0.0015733811165988222,2.7569285483269162e-05,-1.6818873706289254e-08,0.046284502046711674,2.005182378237463e-11
1733780676701.4373,2184342889.562264,0.14735329508921613,0.0015737680864442256,2994.8966361880393,0.4626037035795411,0.03986391798258863,0.8063893944948441,-7.771561172376096e-16,-7.517415578917053e-10,4,1.0000000000000004,5603607.399423483,243.93765686821934,0.4626037035795411,0.03986391798258863,0.0015737848449098467,2.758785602469715e-05,-1.6738406498744154e-08,0.046260370357954154,2.005912373325356e-11
1735969904322.833,2189227621.3960605,0.1473574941650721,0.0015741807518644536,2995.050269354993,0.4623615433963568,0.039729022395853214,0.8042816777159567,6.661338147750939e-16,-7.674465507534478e-10,4,1.0000000000000004,5605341.027639166,243.92361957381752,0.4623615433963568,0.039729022395853214,0.001574197380764171,2.760654777304203e-05,-1.660883320935579e-08,0.046236154339635654,2.0066507066753196e-11
1738166900700.285,2196996377.4516587,0.14736167273303294,0.0015745979270400318,2995.206213198763,0.4621182180956457,0.039593978059418125,0.8075472439361686,-3.3306690738754696e-15,-7.870314400193479e-10,4,1.0000000000000004,5607083.647705844,243.90962475275555,0.4621182180956457,0.039593978059418125,0.0015746145008150244,2.7625342228940967e-05,-1.655370104766362e-08,0.046211821809564596,2.0073950335083723e-11
1740367231006.909,2200330306.6241317,0.14736581773147295,0.00157501967303069,2995.364628160768,0.4618742166022395,0.03945905884217512,0.8068859333465461,2.220446049250313e-16,-7.964954251704626e-10,4,1.0000000000000004,5608831.90590708,243.8957265445418,0.4618742166022395,0.03945905884217512,0.0015750361769222706,2.7644209092462584e-05,-1.648381013611431e-08,0.04618742166022396,2.0081444335190603e-11
1742571803162.7285,2204572155.8194113,0.14736991724394938,0.0015754492379753617,2995.5271779835934,0.4616294365835039,0.039324208934294384,0.8035809302697761,-3.3306690738754696e-16,-8.111301630364665e-10,4,1.0000000000000004,5610587.087451731,243.88201448483645,0.4616294365835039,0.039324208934294384,0.0015754656017158979,2.766318378491125e-05,-1.6343651523423763e-08,0.046162943658350386,2.0089013232878892e-11
1744785162955.0735,2213359792.3450375,0.1473739666523637,0.0015758902012505762,2995.6956082858756,0.4613833704459646,0.039189150368498266,0.8018942644627547,1.5543122344752192e-15,-8.327222245085864e-10,4,1.0000000000000004,5612353.3345524985,243.86854707745886,0.4613833704459646,0.039189150368498266,0.0015759063890389276,2.7682330712888705e-05,-1.6167691657299142e-08,0.04613833704459647,2.0096691896751656e-11
1747009681200.529,2224518245.455815,0.14737796918523377,0.0015763428110645654,2995.8700006173603,0.46113575036602633,0.03905373989492738,0.8020612584508369,-2.6645352591003757e-15,-8.569042142525518e-10,4,1.0000000000000004,5614132.541638053,243.85530264925308,0.46113575036602633,0.03905373989492738,0.0015763588292090815,2.7701668987222916e-05,-1.5998040033062067e-08,0.046113575036602614,2.0104487358572164e-11
1749245181394.7737,2235500194.2443285,0.14738191977348347,0.0015768079830289696,2996.0508377022998,0.4608865913555615,0.03891798984481687,0.8009407329034879,-2.220446049250313e-16,-8.916284377491479e-10,4,1.0000000000000004,5615924.770939787,243.8423096099341,0.4608865913555615,0.03891798984481687,0.0015768238114102974,2.772120552375034e-05,-1.580826892277836e-08,0.046088659135556105,2.0112405378218552e-11
1751493288669.4424,2248107274.6685977,0.14738581092762953,0.0015772871130500697,2996.2388544685878,0.46063570728744224,0.03878180299200067,0.8007471108406605,6.661338147750939e-16,-9.208017681672231e-10,4,1.0000000000000004,5617731.554734551,243.8295899209236,0.46063570728744224,0.03878180299200067,0.0015773027514371153,2.7740964148330535e-05,-1.561826658558791e-08,0.04606357072874424,2.012045898822247e-11
1753754347436.4688,2261058767.0263667,0.14738962988590423,0.0015777834673909071,2996.435726717117,0.46038305437759763,0.038645159556920376,0.7997664419612249,-2.220446049250313e-16,-9.502110209780312e-10,4,1.0000000000000004,5619553.778075632,243.81723865962152,0.46038305437759763,0.038645159556920376,0.001577798830840894,2.7760976137958155e-05,-1.5343321315882684e-08,0.046038305437759774,2.0128671035802045e-11
1756029826117.8135,2275478681.3449526,0.14739336925604749,0.0015782991721739856,2996.6425327990128,0.46012846278389063,0.0385079712851416,0.809574217663922,6.661338147750939e-16,-9.931641065108465e-10,4,1.0000000000000004,5621393.276576695,243.80531074927387,0.46012846278389063,0.0385079712851416,0.00157831423890108,2.7781272602582662e-05,-1.5046590032849083e-08,0.04601284627838902,2.013706085316129e-11
1758305903095.925,2276076978.111418,0.1473969829365894,0.0015788348631552073,2996.860036107481,0.45987347637480164,0.03837106779672668,0.8095963915932813,4.440892098500626e-16,-1.004090366407695e-09,4,1.0000000000000004,5623239.921678917,243.79400884663906,0.45987347637480164,0.03837106779672668,0.0015788495365254872,2.7801767450418377e-05,-1.4653224672944358e-08,0.045987347637480164,2.0145606103858513e-11
1760582547350.1187,2276644254.193555,0.14740045748417016,0.0015793934189064585,2997.0897315585607,0.45961809856719993,0.03823444338340443,0.8098289550062532,0,-1.0181110399187787e-09,4,1.0000000000000004,5625094.293022575,243.78344398115783,0.45961809856719993,0.03823444338340443,0.0015794076902225331,2.7822491741958065e-05,-1.4251161743580785e-08,0.04596180985671998,2.0154330848392947e-11
1762859432018.0688,2276884667.9501367,0.14740377205475716,0.001579976641336637,2997.332676918159,0.4593623659864084,0.038098109781248744,0.8098924714206035,2.220446049250313e-16,-1.0347017687095672e-09,4,1.0000000000000004,5626956.52139719,243.77369030736887,0.4593623659864084,0.038098109781248744,0.001579990439045389,2.7843463415735227e-05,-1.3777545501932148e-08,0.045936236598640844,2.0163249865029518e-11
1765136467830.8044,2277035812.735717,0.14740691194929642,0.001580585651842585,2997.589543550443,0.4591062886331413,0.03796206405588488,0.8099975035147366,8.881784197001252e-16,-1.0518059756492448e-09,4,1.0000000000000004,5628826.810811583,243.76480097684373,0.4591062886331413,0.03796206405588488,0.0015805989130143034,2.7864696722853194e-05,-1.3240999342391062e-08,0.04591062886331414,2.0172374400630483e-11
1767413507152.5522,2277039321.7477484,0.14740986401007458,0.0015812222600937469,2997.861312401902,0.45884988309976527,0.0378263057634337,0.8103391346825362,4.440892098500626e-16,-1.0673688599638353e-09,4,1.0000000000000004,5630705.4675593395,243.75685493461413,0.45884988309976527,0.0378263057634337,0.0015812350006549076,2.7886212905176877e-05,-1.2720379438942064e-08,0.04588498830997651,2.0181721164535998e-11
1769690069943.063,2276562790.5109863,0.14741259602750267,0.001581891555016197,2998.150710501622,0.45859320352342925,0.037690853376091335,0.8102131554554859,-1.1102230246251565e-15,-1.0842360342877555e-09,4,1.0000000000000004,5632593.097080937,243.75003152326815,0.45859320352342925,0.037690853376091335,0.0015819036047129832,2.790805892286668e-05,-1.2029505460633368e-08,0.04585932035234299,2.0191327468159722e-11
1771966333248.3733,2276263305.310186,0.14741508038848125,0.0015825971553674043,2998.4597181660924,0.45833623005861096,0.03755568439276999,0.8104728543845141,-5.551115123125783e-16,-1.1054013260292095e-09,4,1.0000000000000004,5634490.619315894,243.74446721891357,0.45833623005861096,0.03755568439276999,0.0015826084711342279,2.793027652101238e-05,-1.1295565600025655e-08,0.04583362300586113,2.020122449277919e-11
1774241932436.362,2275599187.9886107,0.147417280335068,0.0015833446341160877,2998.791331061459,0.4580790039977358,0.0374208071002477,0.8105307797157124,4.440892098500626e-16,-1.1272962563424471e-09,4,1.0000000000000004,5636398.860738421,243.74036196968703,0.4580790039977358,0.0374208071002477,0.0015833550778408627,2.7952920353213013e-05,-1.042351331953831e-08,0.045807900399773595,2.021145486407804e-11
1776516786409.1624,2274853972.800459,0.1474191548673246,0.0015841426271248555,2999.150033100096,0.45782153472389936,0.03728621036300897,0.810475012658074,6.661338147750939e-16,-1.1465898230866856e-09,4,1.0000000000000004,5638319.452796901,243.7380141404591,0.45782153472389936,0.03728621036300897,0.00158415198607277,2.7976076567496515e-05,-9.338725829122965e-09,0.04578215347239,2.0222084327586648e-11
1778790973647.7683,2274187238.6061463,0.14742065366500554,0.0015849982043371366,2999.539654728854,0.4575638135680957,0.03715187059138876,0.8108554888641706,4.440892098500626e-16,-1.1715545200630118e-09,4,1.0000000000000004,5640253.935968387,243.73767875503827,0.4575638135680957,0.03715187059138876,0.0015850064072367176,2.7999821420700153e-05,-8.182666410050449e-09,0.04575638135680958,2.0233170270486896e-11
1781063960885.0713,2272987237.302753,0.14742171551987948,0.0015859179147185486,2999.963883791389,0.4573059011915891,0.037017798794076094,0.8109654919818965,6.661338147750939e-16,-1.193826704160017e-09,4,1.0000000000000004,5642203.245902726,243.73959311174082,0.4573059011915891,0.037017798794076094,0.001585924767209965,2.802422040629245e-05,-6.832246652047684e-09,0.0457305901191589,2.0244763526048508e-11
1783335594671.1226,2271633786.051114,0.14742316405518952,0.0015867725911523447,3000.353243829631,0.4570478133895676,0.036884015618830264,0.8172014170915176,2.220446049250313e-16,-1.20784238166749e-09,4,1.0000000000000004,5644144.137213675,243.7397366457125,0.4570478133895676,0.036884015618830264,0.0015867807390076512,2.804810714135176e-05,-8.127599331135925e-09,0.04570478133895669,2.0255975060481727e-11
1785597197159.052,2261602487.9295144,0.1474250876482302,0.0015875435339153456,3000.698035602967,0.45679053639855255,0.036751049626420174,0.8224409830948076,8.881784197001252e-16,-1.1491381179951077e-09,4,1.0000000000000004,5646066.118865715,243.73758805051264,0.45679053639855255,0.036751049626420174,0.0015875552516794198,2.8071236442003122e-05,-1.1697497427136547e-08,0.04567905363985525,2.0266645738294175e-11
1787841628946.5254,2244431787.4730735,0.1474287337092604,0.0015880385531576472,3000.89481535246,0.4565348818512489,0.0366194182119191,0.8290378093744888,2.220446049250313e-16,-1.1012228906537302e-09,4,1.0000000000000004,5647927.019921024,243.72691325569215,0.4565348818512489,0.0366194182119191,0.0015880531813548258,2.809171597960876e-05,-1.4607921819710775e-08,0.04565348818512489,2.0275358360935148e-11
1790060140790.1357,2218511843.610524,0.1474323439274717,0.0015885326182163773,3001.0914501588445,0.4562818551257772,0.03648963878633668,0.807027507043756,-2.55351295663786e-15,-1.0624113810919766e-09,4,1.0000000000000004,5649769.398562956,243.7164433484191,0.4562818551257772,0.03648963878633668,0.0015885471571661133,2.8111984768426214e-05,-1.4518665739534164e-08,0.045628185512577725,2.028400039052558e-11
1792282734557.5974,2222593767.4620104,0.14743595455017014,0.0015890316339382642,3001.2903597008517,0.4560280380219094,0.03635995130592143,0.8075676225655082,2.220446049250313e-16,-1.0823233420609313e-09,4,1.0000000000000004,5651618.529829714,243.70610915075267,0.4560280380219094,0.03635995130592143,0.0015890460959152356,2.8132337662628528e-05,-1.4441684266355285e-08,0.04560280380219089,2.029270455363387e-11
1794508673012.2798,2225938454.682383,0.14743955962570313,0.0015895357098985325,3001.491654580093,0.45577351299828384,0.036230399334843615,0.8064518223355188,1.1102230246251565e-15,-1.1013772116541531e-09,4,1.0000000000000004,5653473.854558341,243.69592507426006,0.45577351299828384,0.036230399334843615,0.0015895500685247446,2.8152771052740266e-05,-1.4338324739733694e-08,0.04557735129982842,2.030147051283984e-11
1796739502866.9412,2230829854.661206,0.14744315752046053,0.001590045671747138,3001.695739340292,0.4555181011939384,0.036100893388634155,0.8088319541910138,4.440892098500626e-16,-1.1207228478582465e-09,4,1.0000000000000004,5655336.768690812,243.68590357345934,0.4555181011939384,0.036100893388634155,0.0015900599276435269,2.81733048156311e-05,-1.4235586079725824e-08,0.045551810119393805,2.0310308830122182e-11
1798971942927.153,2232440060.2120275,0.1474467427299317,0.0015905604814260412,3001.9021781651463,0.4552621768052311,0.03597162403354177,0.8104263665709155,0,-1.1395344667874951e-09,4,1.0000000000000004,5657204.493369985,243.67605345245136,0.4552621768052311,0.03597162403354177,0.0015905746396300783,2.8193907193581974e-05,-1.4137884831929988e-08,0.04552621768052312,2.031920539199979e-11
1801203795665.0144,2231852737.861537,0.14745031204616718,0.0015910791990421044,3002.110558658478,0.4550059914184601,0.03584271760173693,0.8105018056703273,0,-1.1495764340452297e-09,4,1.0000000000000004,5659075.1110600885,243.66637396724636,0.4550059914184601,0.03584271760173693,0.0015910932659628167,2.8214554845421155e-05,-1.4046592563148707e-08,0.04550059914184603,2.0328149196106694e-11
1803434957392.8408,2231161727.826409,0.14745387141098693,0.0015916001533843344,3002.3200308450587,0.4547495569913671,0.03571417918194831,0.8106215348968604,4.440892098500626e-16,-1.162484442041034e-09,4,1.0000000000000004,5660948.233937259,243.65681600194105,0.4547495569913671,0.03571417918194831,0.0015916141675919083,2.823523245443642e-05,-1.3993870444616082e-08,0.045474955699136725,2.0337128943842063e-11
1805665263597.6306,2230306204.7898455,0.14745741808598076,0.001592123504878426,3002.530697475595,0.454492892525833,0.03558601753694146,0.8105982657324873,0,-1.1731192683939184e-09,4,1.0000000000000004,5662823.740026344,243.64738499907514,0.454492892525833,0.03558601753694146,0.0015921374464619477,2.8255940255194623e-05,-1.392123737664587e-08,0.04544928925258332,2.034614525594914e-11
1807894746606.6882,2229483009.057725,0.1474609417698068,0.0015926596069455964,3002.7475426224933,0.45423599454994823,0.035458227338514746,0.8102681975374892,-1.9984014443252818e-15,-1.1830677548729795e-09,4,1.0000000000000004,5664703.525902054,243.63840863384013,0.45423599454994823,0.035458227338514746,0.0015926732764906608,2.82767743609172e-05,-1.3649189796541915e-08,0.04542359945499477,2.0355271158851107e-11
1810123860607.4702,2229114000.7822113,0.14746446061311747,0.0015931928897227022,3002.9630400122305,0.4539788106738515,0.03533078194338668,0.8110934918148516,4.440892098500626e-16,-1.1982809189348131e-09,4,1.0000000000000004,5666585.206477465,243.62940639568413,0.4539788106738515,0.03533078194338668,0.001593206654735915,2.829759967692614e-05,-1.3744648809636205e-08,0.04539788106738516,2.0364402396972732e-11
1812351471489.2903,2227610881.8198776,0.14746798340275108,0.0015937198826146142,3003.1754662884778,0.4537214717355035,0.035203748558317254,0.8109374827203197,0,-1.2111863734176609e-09,4,1.0000000000000004,5668467.125465139,243.62026466295404,0.4537214717355035,0.035203748558317254,0.0015937337045421654,2.8318371109994303e-05,-1.380155404335082e-08,0.04537214717355036,2.0373508146333865e-11
1814577794386.1172,2226322896.8270526,0.1474714980244976,0.0015942435597062585,3003.3863478696953,0.45346395310887877,0.03507711594338909,0.8108623023028727,6.661338147750939e-16,-1.2189061981970895e-09,4,1.0000000000000004,5670349.971987644,243.61107247043532,0.45346395310887877,0.03507711594338909,0.0015942574238459845,2.8339117233118596e-05,-1.3843757115304382e-08,0.04534639531088782,2.0382609462196475e-11
1816802933189.1624,2225138803.0452747,0.1474750065721877,0.001594763623918734,3003.5955248124314,0.4532062429525196,0.0349508792667585,0.8108400295636642,4.440892098500626e-16,-1.2269570914824612e-09,4,1.0000000000000004,5672233.746516849,243.60181718332728,0.4532062429525196,0.0349508792667585,0.00159477753519157,2.835983554654445e-05,-1.3890881130974261e-08,0.045320624295252,2.0391704143038506e-11
1819026919072.5945,2223985883.432029,0.14747850314658795,0.00159527259890996,3003.7995391819163,0.4529483377254869,0.034825039737170896,0.8140337199452619,-7.771561172376096e-16,-1.2350281908268812e-09,4,1.0000000000000004,5674117.089116997,243.5922571520563,0.4529483377254869,0.034825039737170896,0.0015952867091047235,2.838045651004424e-05,-1.4089794025838563e-08,0.045294833772548684,2.04007390203683e-11
1821245387938.2007,2218468865.606573,0.14748198847337368,0.0015957751574687934,3004.0005866721012,0.4526907447749003,0.03469984539315665,0.8152557293833462,-5.551115123125783e-16,-1.2332915799717625e-09,4,1.0000000000000004,5675997.241940345,243.58257936868208,0.4526907447749003,0.03469984539315665,0.0015957893553961652,2.840098856883725e-05,-1.417751763856215e-08,0.04526907447749002,2.0409733661251146e-11
1823456694312.2883,2211306374.0876584,0.14748545909271135,0.0015962715853932881,3004.198839284432,0.4524336577186285,0.03457538815822903,0.8145496513400907,6.661338147750939e-16,-1.2292320494822206e-09,4,1.0000000000000004,5677872.898492707,243.5728097442756,0.4524336577186285,0.03457538815822903,0.0015962858601960496,2.8421422379120836e-05,-1.4254384074639383e-08,0.04524336577186282,2.041868568873558e-11
1825661816434.2644,2205122121.9758196,0.1474889170779136,0.001596762537183546,3004.39458594288,0.452176965462723,0.03445161176705151,0.8140213587221057,-1.9984014443252818e-15,-1.2289641526663786e-09,4,1.0000000000000004,5679744.919791942,243.56295202763187,0.452176965462723,0.03445161176705151,0.0015967768834689805,2.8441769860637687e-05,-1.432585783670037e-08,0.045217696546272314,2.0427601025896552e-11
1827861485034.7556,2199668600.4911127,0.14749236252715708,0.001597248958114998,3004.5882721074145,0.45192058524461,0.03432847409576384,0.8131413564704815,-8.881784197001252e-16,-1.2287943995659134e-09,4,1.0000000000000004,5681614.0242944695,243.55302231485797,0.45192058524461,0.03432847409576384,0.0015972633621101197,2.8462043879878687e-05,-1.4383558635932995e-08,0.045192058524460996,2.0436487077336903e-11
1830056900604.8586,2195415570.1031446,0.14749580374366988,0.001597730369375018,3004.779589661893,0.4516643790220901,0.03420590717598845,0.8154319029035628,-1.1102230246251565e-15,-1.2307115326848361e-09,4,1.0000000000000004,5683481.068156308,243.54298854161013,0.4516643790220901,0.03420590717598845,0.0015977448850429698,2.848224812086676e-05,-1.4495222610683744e-08,0.04516643790220898,2.0445342886361883e-11
1832244991706.5989,2188091101.740384,0.14749924660750638,0.0015982054128014696,3004.9678420151054,0.4514087076621633,0.034084081874361745,0.8122905988117157,-1.1102230246251565e-15,-1.2279768313305794e-09,4,1.0000000000000004,5685343.2442779,243.53283343709865,0.4514087076621633,0.034084081874361745,0.0015982199821318887,2.8502345472431525e-05,-1.4548876271776782e-08,0.04514087076621629,2.0454149155958072e-11
1834429995503.5808,2185003796.9817967,0.14750268015297888,0.0015986814475797391,3005.1566014086707,0.4511530781062673,0.033962760007608464,0.8089850664361187,-5.551115123125783e-16,-1.2328710274900345e-09,4,1.0000000000000004,5687205.312579033,243.52273540466138,0.4511530781062673,0.033962760007608464,0.00159869599844091,2.8522433908770868e-05,-1.453039820440291e-08,0.045115307810626774,2.0462967446913742e-11
1836616369498.03,2186373994.449583,0.14750611227874186,0.0015991590271576548,3005.3460471159374,0.4508969690099569,0.0338416935307036,0.8090781224157073,-1.887379141862766e-15,-1.2446234043395066e-09,4,1.0000000000000004,5689071.001462346,243.51265892735094,0.4508969690099569,0.0338416935307036,0.0015991735662928125,2.8542550716689983e-05,-1.451866334819475e-08,0.045089696900995645,2.0471812701567043e-11
1838803988734.0105,2187619235.980541,0.1475095424044641,0.001599638310101588,3005.536259047877,0.45064039439441467,0.033720889562551086,0.8091126801890169,-2.220446049250313e-16,-1.2585998909742102e-09,4,1.0000000000000004,5690940.240076295,243.50260558191687,0.45064039439441467,0.033720889562551086,0.001599652841270051,2.856269589643947e-05,-1.4510687778517446e-08,0.04506403943944144,2.048068502361943e-11
1840992807176.2576,2188818442.2471933,0.1475129721595069,0.001600119435975785,3005.727285608794,0.45038335908768845,0.03360035081043887,0.8084360058474571,-1.1102230246251565e-15,-1.2737892962633168e-09,4,1.0000000000000004,5692813.01549794,243.4925754758522,0.45038335908768845,0.03360035081043887,0.0016001339491596136,2.858286968335179e-05,-1.4492694245825988e-08,0.0450383359087688,2.0489584502067755e-11
1843183741831.2583,2190934655.000782,0.14751640422576898,0.0016006033165937817,3005.9195269823967,0.4501257546362751,0.03348002688258592,0.8079923626003183,1.3322676295501878e-15,-1.2953477179777906e-09,4,1.0000000000000004,5694690.252860492,243.4825816868712,0.4501257546362751,0.03348002688258592,0.0016006178059959951,2.8603086481716167e-05,-1.4468903692149546e-08,0.04501257546362753,2.0498519117855878e-11
1845377396730.6694,2193654899.410888,0.14752010275387642,0.0016010481144289324,3006.090652785311,0.4498675085925625,0.03335989211329795,0.87723546704499,0,-1.3053671477081252e-09,4,1.0000000000000004,5696564.960342121,243.47133746977687,0.4498675085925625,0.03335989211329795,0.0016010640879860775,2.8622970750264025e-05,-1.5953049942111313e-08,0.04498675085925624,2.050720292982298e-11
1847485309937.3132,2107913206.6438534,0.1475239148507452,0.0016014402085142276,3006.235840442376,0.4496190553822679,0.03324478722185199,0.8073620185594654,4.440892098500626e-16,-1.1208824979291876e-09,4,1.0000000000000004,5698361.509464849,243.45931651496124,0.4496190553822679,0.03324478722185199,0.0016014562162637324,2.8641725263558322e-05,-1.598723421528737e-08,0.04496190553822677,2.051528912756175e-11
1849596664042.2024,2111354104.8890376,0.14752774193064472,0.0016018351764420526,3006.3821868290215,0.4493698980492988,0.03312982525213117,0.8072830236932615,-2.7755575615628914e-15,-1.1342113914736274e-09,4,1.0000000000000004,5700163.222222887,243.44726927601795,0.4493698980492988,0.03312982525213117,0.0016018512000352766,2.866051746849306e-05,-1.6003069826058615e-08,0.044936989804929904,2.052340221256638e-11
1851711568129.1624,2114904086.9598947,0.14753158344194595,0.0016022339842234553,3006.530149941904,0.4491200225739808,0.03301500051874785,0.806216753634903,0,-1.1539257327441987e-09,4,1.0000000000000004,5701970.389541409,243.4352207844946,0.4491200225739808,0.03301500051874785,0.0016022500024333683,2.8679356336058355e-05,-1.5997678364517497e-08,0.044912002257398054,2.0531548548721524e-11
1853831428599.4568,2119860470.294226,0.14753544577597333,0.0016026346544721778,3006.6787361468528,0.44886926127411325,0.0329002377156434,0.8080504887431061,2.220446049250313e-16,-1.1803005239841013e-09,4,1.0000000000000004,5703783.839747674,243.42308906636433,0.44886926127411325,0.0329002377156434,0.0016026507170962016,2.8698232846271387e-05,-1.6042084306291755e-08,0.044886926127411395,2.0539717152952066e-11
1855953844728.2556,2122416128.7992563,0.1475393234902139,0.0016030379961316193,3006.828379714166,0.4486178969934553,0.03278566735949007,0.8067784883908358,1.3322676295501878e-15,-1.1885101791619945e-09,4,1.0000000000000004,5705601.770175028,243.41092016820696,0.4486178969934553,0.03278566735949007,0.0016030540780122002,2.8717135512306742e-05,-1.6061332672495843e-08,0.04486178969934557,2.0547906200805363e-11
1858080494098.5032,2126649370.2476726,0.1475432245847106,0.0016034446256617462,3006.979287385335,0.44836572995271623,0.03267119918519624,0.8064632719267939,-1.887379141862766e-15,-1.2099464763437595e-09,4,1.0000000000000004,5707425.713426947,243.39871110678806,0.44836572995271623,0.03267119918519624,0.0016034607243075054,2.873608109927558e-05,-1.6078089638062384e-08,0.04483657299527158,2.055612362056387e-11
1860211801555.8635,2131307457.360062,0.14754714837206112,0.001603853383407084,3007.1309216538075,0.44811270828727484,0.03255681129532668,0.8073711343925538,0,-1.238320779251012e-09,4,1.0000000000000004,5709255.858854182,243.3864161455941,0.44811270828727484,0.03255681129532668,0.0016038695257644877,2.8755060635163972e-05,-1.6121793042173738e-08,0.04481127082872754,2.0564361438388756e-11
1862346576047.871,2134774492.007826,0.1475510975973965,0.0016042586489237174,3007.2806199716965,0.44785897208775965,0.03244256972232005,0.8117131283097434,-1.1102230246251565e-15,-1.2536054416756315e-09,4,1.0000000000000004,5711090.244437672,243.37386968350967,0.44785897208775965,0.03244256972232005,0.0016042749434500734,2.87740118476944e-05,-1.6273953781595287e-08,0.04478589720877603,2.0572576149697364e-11
1864479096619.0435,2132520571.1723208,0.1475550628933174,0.0016046645200521066,3007.4303988214033,0.44760520173454177,0.03232878009134153,0.8076012928542875,-5.551115123125783e-16,-1.261803883600976e-09,4,1.0000000000000004,5712924.9290519385,243.36126010629442,0.44760520173454177,0.03232878009134153,0.0016046808711629823,2.8792929410006843e-05,-1.6330530096154232e-08,0.04476052017345417,2.0580780360723907e-11
1866614781808.5095,2135685189.465749,0.147559052777472,0.0016050705400759964,3007.5799572834408,0.447350752510983,0.032215153003552606,0.8085861394335758,1.1102230246251565e-15,-1.277895456119893e-09,4,1.0000000000000004,5714764.391135309,243.34851117713362,0.447350752510983,0.032215153003552606,0.0016050869741712538,2.8811847583546885e-05,-1.6413506270773542e-08,0.044735075251098384,2.058898473759437e-11
1868752333368.2402,2137551559.7305126,0.14756306553782225,0.0016054772924082876,3007.7295860078657,0.44709577856083993,0.03210175784619613,0.8080680068828228,-7.771561172376096e-16,-1.293443352423651e-09,4,1.0000000000000004,5716607.757931891,243.33565810452103,0.44709577856083993,0.03210175784619613,0.001605493795118413,2.8830762003054544e-05,-1.648211293627324e-08,0.04470957785608404,2.0597190128536864e-11
1870892438716.3818,2140105348.1417756,0.14756710073775908,0.001605883555797787,3007.878717374927,0.4468401973975638,0.03198855871576284,0.8088477948531292,1.1102230246251565e-15,-1.3108092389302328e-09,4,1.0000000000000004,5718455.499355816,243.32265874681082,0.4468401973975638,0.03198855871576284,0.0016059001419926043,2.8849666550508616e-05,-1.656558942522703e-08,0.04468401973975632,2.0605390358339674e-11
1873034067814.0408,2141629097.658705,0.14757115781490873,0.0016062894233876894,3008.0274008646675,0.4465841316576914,0.0318756105460245,0.8088399827688164,-2.220446049250313e-16,-1.3278500521352044e-09,4,1.0000000000000004,5720306.920210048,243.30953664743126,0.4465841316576914,0.0318756105460245,0.0016063060840112522,2.8868555852929988e-05,-1.664000997815328e-08,0.044658413165769184,2.0613584887398842e-11
1875177232095.7954,2143164281.7544582,0.1475752333092455,0.0016066955434440207,3008.1759752907737,0.44632757975393816,0.03176291288271771,0.8082111481455545,-2.220446049250313e-16,-1.3462239101258433e-09,4,1.0000000000000004,5722162.131843165,243.29632059752646,0.44632757975393816,0.03176291288271771,0.0016067122564714829,2.8887437498636338e-05,-1.6692405682412565e-08,0.0446327579753938,2.0621779916023363e-11
1877322766849.9,2145534754.1047556,0.1475793260322037,0.0016071030416079605,3008.324979470752,0.44607044126534356,0.03165042188780969,0.8074506156058314,-1.6653345369377348e-15,-1.3629088968514225e-09,4,1.0000000000000004,5724021.82161502,243.283041103014,0.44607044126534356,0.03165042188780969,0.0016071197857894886,2.890632864507996e-05,-1.6723551544400983e-08,0.04460704412653436,2.0629986438398774e-11
1879471686010.4543,2148919160.5545163,0.14758343778720667,0.0016075122952381726,3008.47457119238,0.4458125938443729,0.03153808475649676,0.8077455497523811,2.220446049250313e-16,-1.386654013835198e-09,4,1.0000000000000004,5725886.90883087,243.26970173058314,0.4458125938443729,0.03153808475649676,0.0016075290742192728,2.8925240608080462e-05,-1.6758342889597504e-08,0.04458125938443723,2.0638210439514515e-11
1881623601941.2505,2151915930.796195,0.1475875691793065,0.0016079226589547854,3008.624441892376,0.4455540830729154,0.03142592241503743,0.8078908358272185,6.661338147750939e-16,-1.409557470744005e-09,4,1.0000000000000004,5727756.953944389,243.25629034134658,0.4455540830729154,0.03142592241503743,0.0016079394736433065,2.8944164945787873e-05,-1.6794042072882637e-08,0.04455540830729153,2.0646446976054464e-11
1883778325049.2754,2154723108.0247087,0.14759171858084008,0.0016083344987967525,3008.774779037245,0.44529493090753886,0.03131394520538459,0.8076194589479169,-3.3306690738754696e-16,-1.4266196002310494e-09,4,1.0000000000000004,5729631.867690499,243.24282387640693,0.44529493090753886,0.03131394520538459,0.0016083513400030004,2.896310409728498e-05,-1.6820551549643072e-08,0.04452949309075388,2.0654698738920676e-11
1885936221454.1143,2157896404.838763,0.14759588664517762,0.0016087482847580458,3008.9257953100537,0.44503509243531547,0.031202134504849828,0.807294309422557,2.220446049250313e-16,-1.4507990364620582e-09,4,1.0000000000000004,5731512.047223627,243.22931629376413,0.44503509243531547,0.031202134504849828,0.0016087651421264483,2.8982065492400858e-05,-1.683670543133307e-08,0.04450350924353151,2.0662970643370028e-11
1888097730987.3914,2161509533.276899,0.14760007286009058,0.0016091645693204846,3009.0777536530404,0.4447745136405617,0.03109046796404387,0.8070260942849572,-2.220446049250313e-16,-1.479688038763527e-09,4,1.0000000000000004,5733397.971497664,243.21578261553552,0.4447745136405617,0.03109046796404387,0.001609181433821023,2.900105788448425e-05,-1.6843829270255394e-08,0.044477451364056154,2.0671268343305522e-11
1890263219459.2344,2165488471.8428993,0.14760427933029394,0.0016095834754214053,3009.2306893485484,0.44451314919188795,0.030978927272038704,0.8070444365571028,1.1102230246251565e-15,-1.5004290032649692e-09,4,1.0000000000000004,5735289.97979697,243.20222625891722,0.44451314919188795,0.030978927272038704,0.001609600344472435,2.9020085584792125e-05,-1.684837143355128e-08,0.04445131491918874,2.0679594401797433e-11
1892432669540.3955,2169450081.1608715,0.14760850517959923,0.0016100049591188494,3009.3845900298356,0.4442509998769747,0.03086751399765006,0.807088510988707,-3.3306690738754696e-16,-1.5238984518717302e-09,4,1.0000000000000004,5737188.060326816,243.18864896888078,0.4442509998769747,0.03086751399765006,0.0016100218310984619,2.9039148565324405e-05,-1.6851291664003576e-08,0.044425099987697426,2.068794910558526e-11
1894606029133.251,2173359592.855792,0.1476127512004956,0.0016104290145103775,3009.539444105541,0.44398807069333185,0.030756231464279887,0.8073473529296438,-1.1102230246251565e-15,-1.5531114172517846e-09,4,1.0000000000000004,5739092.180304586,243.17505405545072,0.44398807069333185,0.030756231464279887,0.0016104458924434942,2.905824692846352e-05,-1.6857236785494838e-08,0.04439880706933316,2.0696332928223506e-11
1896782956229.0864,2176927095.835153,0.14761701863696222,0.0016108599557940033,3009.697253277808,0.44372440182766776,0.03064509708232959,0.7999074195033651,-1.6653345369377348e-15,-1.5811272291443856e-09,4,1.0000000000000004,5741002.835972933,243.16158095658577,0.44372440182766776,0.03064509708232959,0.001610876670581643,2.907741842045083e-05,-1.6694082866749588e-08,0.04437244018276678,2.0704775589986272e-11
1898973573623.7896,2190617394.703253,0.1476213230397416,0.0016113012856874102,3009.859492686375,0.4434587636209999,0.030533594681291007,0.8062091333416177,1.9984014443252818e-15,-1.642036062676766e-09,4,1.0000000000000004,5742929.295059348,243.14822978399334,0.4434587636209999,0.030533594681291007,0.0016113179674326344,2.9096770875086208e-05,-1.6661031890470252e-08,0.04434587636210003,2.0713330706739437e-11
1901169335216.8464,2195761593.056913,0.14762564217425542,0.0016117437978290239,3010.022087459773,0.44319218897047413,0.03042216243965236,0.8087501558382003,8.881784197001252e-16,-1.6714951645013798e-09,4,1.0000000000000004,5744862.673083738,243.13481561358103,0.44319218897047413,0.03042216243965236,0.0016117605054800082,2.9116157616084305e-05,-1.6686929071330894e-08,0.04431921889704742,2.0721911423977076e-11
1903366792822.1526,2197457605.305966,0.14762996921408295,0.001612186588958597,3010.184685210541,0.4429250954364133,0.030310976351746913,0.8090238668920223,-3.3306690738754696e-16,-1.6926063883815345e-09,4,1.0000000000000004,5746799.8877864415,243.1213530630901,0.4429250954364133,0.030310976351746913,0.0016122033264149023,2.9135545912399973e-05,-1.6716725802672874e-08,0.04429250954364135,2.0730502785479793e-11
1905565575706.3413,2198782884.188557,0.14763430331397345,0.0016126293901178354,3010.347168968386,0.44265752771601813,0.03020005551032609,0.8091674525215197,-7.771561172376096e-16,-1.7159645926412281e-09,4,1.0000000000000004,5748740.569693157,243.10783999139426,0.44265752771601813,0.03020005551032609,0.0016126461592098028,2.9154930763641808e-05,-1.6748352866377077e-08,0.04426575277160178,2.0739102261280887e-11
1907765489456.8982,2199913750.5570126,0.14763864427107817,0.0016130720268098322,3010.5094593988483,0.44238950921345566,0.03008940998448114,0.8093011209450717,6.661338147750939e-16,-1.7330828994133185e-09,4,1.0000000000000004,5750684.515696427,243.09427429012607,0.44238950921345566,0.03008940998448114,0.0016130888303265984,2.9174309223748348e-05,-1.6782769056607375e-08,0.044238950921345555,2.07477083327969e-11
1909966352879.8467,2200863422.9482107,0.14764299184251764,0.0016135141705024409,3010.6714057936597,0.442121061827815,0.02997904915017385,0.8095399875798769,1.1102230246251565e-15,-1.7564110166290448e-09,4,1.0000000000000004,5752631.505070452,243.08064772725612,0.442121061827815,0.02997904915017385,0.001613531013542175,2.9193676867512587e-05,-1.682228341421622e-08,0.04421210618278154,2.0756318258422764e-11
1912167841522.5127,2201488642.6662526,0.14764734580264974,0.0016139553762161436,3010.832803095764,0.4418522250674037,0.029868989541834635,0.8098189036367941,0,-1.7791342843409552e-09,4,1.0000000000000004,5754581.170775683,243.0669505296034,0.4418522250674037,0.029868989541834635,0.001613972265099259,2.921302713269885e-05,-1.686811818733782e-08,0.04418522250674039,2.0764928109200678e-11
1914369576306.1982,2201734783.6853495,0.14765170260396776,0.001614396555285592,3010.99411271286,0.4415830453165689,0.02975925003741184,0.8086319899791583,-1.4432899320127035e-15,-1.7908797778076746e-09,4,1.0000000000000004,5756533.341894385,243.05321703597457,0.4415830453165689,0.02975925003741184,0.0016144134629939072,2.9232365867773693e-05,-1.688693477402619e-08,0.04415830453165687,2.0773543530908495e-11
1916573172704.604,2203596398.405598,0.14765605883136707,0.001614837177426416,3011.155122292839,0.4413133248307467,0.029649750435663383,0.8097329037490274,-2.220446049250313e-16,-1.820899764304329e-09,4,1.0000000000000004,5758489.298255052,243.03940930628445,0.4413133248307467,0.029649750435663383,0.0016148541297184454,2.9251699345609704e-05,-1.693150986478201e-08,0.04413133248307464,2.0782164828017212e-11
1918777132509.1438,2203959804.5397315,0.14766041330391874,0.0016152783608424039,3011.316365229708,0.44104324684716417,0.02954056517755772,0.8085738535668074,4.440892098500626e-16,-1.8373402799198857e-09,4,1.0000000000000004,5760447.958018088,243.02558103362676,0.44104324684716417,0.02954056517755772,0.0016152953304236326,2.927102754262113e-05,-1.694879043134326e-08,0.044104324684716374,2.0790796183111483e-11
1920983035107.5647,2205902598.4207916,0.14766477010042992,0.001615720214546362,3011.477850579196,0.44077261755506547,0.029431616075530728,0.8086826139633295,1.3322676295501878e-15,-1.8603776297254626e-09,4,1.0000000000000004,5762410.688344348,243.01171661693795,0.44077261755506547,0.029431616075530728,0.0016157372048207714,2.9290362657752582e-05,-1.696947496478754e-08,0.044077261755506573,2.0799442593959032e-11
1923190733739.8545,2207698632.2897663,0.14766912944405486,0.0016161623597104261,3011.639399398543,0.4405014544432143,0.02932291079107536,0.809004479344899,4.440892098500626e-16,-1.8882287955435118e-09,4,1.0000000000000004,5764377.292138962,242.99780597191173,0.4405014544432143,0.02932291079107536,0.0016161793774182478,2.93097001007709e-05,-1.6996899719790084e-08,0.04405014544432143,2.080810107611874e-11
1925399790296.5637,2209056556.7090287,0.14767349238431318,0.0016166047015624373,3011.800956775046,0.44022981094024677,0.02921447120768371,0.8089373167846636,-3.3306690738754696e-16,-1.910230196244811e-09,4,1.0000000000000004,5766347.373846961,242.9838505612973,0.44022981094024677,0.02921447120768371,0.0016166217463916338,2.9329035816585073e-05,-1.7024012427257836e-08,0.0440229810940247,2.0816769773039736e-11
1927610297371.6309,2210507075.066909,0.14767786510185257,0.001617045855256846,3011.9618147749943,0.439957675322837,0.029106293339480605,0.810437680229259,-1.1102230246251565e-15,-1.9370133275131707e-09,4,1.0000000000000004,5768320.75210731,242.96980689531443,0.439957675322837,0.029106293339480605,0.0016170629606482479,2.934835738230812e-05,-1.7084565964594722e-08,0.04399576753228372,2.0825439224396498e-11
1929820207469.3315,2209910097.700704,0.1476822399206165,0.0016174866152682996,3012.1224219305545,0.43968529982188753,0.028998477334845785,0.8088901447961261,-8.881784197001252e-16,-1.951641404041027e-09,4,1.0000000000000004,5770295.80257042,242.9557219167186,0.43968529982188753,0.028998477334845785,0.0016175037477602129,2.9367657525842112e-05,-1.7111657805428354e-08,0.04396852998218873,2.0834109343076097e-11
1932031633124.8008,2211425655.4691176,0.1476866217840149,0.001617927305585378,3012.2828787706585,0.43941242407623393,0.028890920074359488,0.809160207865256,-5.551115123125783e-16,-1.9748889190651653e-09,4,1.0000000000000004,5772274.396043596,242.94157894410176,0.43941242407623393,0.028890920074359488,0.001617944473569997,2.938695392580443e-05,-1.7147141832001494e-08,0.0439412424076233,2.0842787825149793e-11
1934244206053.8523,2212572929.0518084,0.14769101048637462,0.001618368173489474,3012.4433025040967,0.4391390932669176,0.028783639671332326,0.8087823803043515,-1.6653345369377348e-15,-2.0007203671568163e-09,4,1.0000000000000004,5774256.257226165,242.92738857662093,0.4391390932669176,0.028783639671332326,0.0016183853696864839,2.9406246076114898e-05,-1.717534553731136e-08,0.04391390932669174,2.0851475262337342e-11
1936458443867.8132,2214237813.960859,0.1476954067398162,0.001618809499650718,3012.603816412764,0.43886524313235964,0.028676611205629164,0.8086180300348467,8.881784197001252e-16,-2.027643164481674e-09,4,1.0000000000000004,5776241.882014608,242.91315165881898,0.43886524313235964,0.028676611205629164,0.0016188267214393673,2.9425540053084596e-05,-1.7200928472941412e-08,0.04388652431323596,2.0860174826873153e-11
1938674572997.4067,2216129129.5933275,0.14769981166345283,0.0016192514973745837,3012.764508177851,0.43859084520829195,0.028569823990813245,0.8085720584749545,-5.551115123125783e-16,-2.0515539267407235e-09,4,1.0000000000000004,5778231.505837385,242.89887070504435,0.43859084520829195,0.028569823990813245,0.0016192687449096846,2.9444839301627148e-05,-1.722666621301041e-08,0.043859084520829185,2.08688884902009e-11
1940892658110.3145,2218085112.907972,0.14770422577767287,0.0016196943316948945,3012.9254490501867,0.43831589097750107,0.028463275179080844,0.8084298564609016,-7.771561172376096e-16,-2.0811684597887847e-09,4,1.0000000000000004,5780225.2178556165,242.88454804928503,0.43831589097750107,0.028463275179080844,0.001619711603331633,2.946414561952732e-05,-1.7250759122507953e-08,0.04383158909775014,2.087761737276284e-11
1943112896175.9978,2220238065.6835494,0.14770864974045805,0.0016201379499653891,3013.0866076001466,0.4380403554568748,0.028356955664402047,0.8082722008709297,-1.4432899320127035e-15,-2.1088659707402257e-09,4,1.0000000000000004,5782223.1800333895,242.8701778460123,0.4380403554568748,0.028356955664402047,0.0016201552439453373,2.9483459618152594e-05,-1.7273093588746167e-08,0.043804035545687514,2.0886361383105148e-11
1945335506015.3928,2222609839.3952,0.14771308554056703,0.0016205834937419344,3013.248493958483,0.4377642108500408,0.028250855099879513,0.8075649633731974,1.7763568394002505e-15,-2.1365486047031368e-09,4,1.0000000000000004,5784225.798947005,242.8557911534872,0.4377642108500408,0.028250855099879513,0.0016206007951138318,2.9502793483061764e-05,-1.7280476765336705e-08,0.043776421085004034,2.0895129044246805e-11
1947561464231.0615,2225958215.668534,0.14771753580188698,0.0016210310372534128,3013.4111152787113,0.4374873349026635,0.028144927240340543,0.807649828543644,0,-2.1886784606905962e-09,4,1.0000000000000004,5786233.945511731,242.84137670696828,0.4374873349026635,0.028144927240340543,0.0016210483501125526,2.9522154595699763e-05,-1.7291955216531257e-08,0.043748733490266346,2.0903923309219923e-11
1949790658739.9338,2229194508.8721604,0.14772199956443244,0.0016214804825903074,3013.574435253856,0.43720974049661865,0.028039177978507,0.8076052786590292,1.5543122344752192e-15,-2.2108452846225646e-09,4,1.0000000000000004,5788247.516877968,242.8269306632646,0.43720974049661865,0.028039177978507,0.0016214978074005466,2.9541540996576503e-05,-1.7303897494123368e-08,0.04372097404966186,2.091274294034108e-11
1952023155820.2244,2232497080.290681,0.14772647560353527,0.0016219320503787417,3013.7385682853915,0.4369314183296847,0.027933604639822855,0.80761679295549,-1.6653345369377348e-15,-2.2467221416633265e-09,4,1.0000000000000004,5790266.626589123,242.81245661581806,0.4369314183296847,0.027933604639822855,0.0016219493890075342,2.95609550047135e-05,-1.731770720549972e-08,0.04369314183296846,2.0921589416545694e-11
1954258944426.5894,2235788606.3647795,0.14773096916031409,0.0016223852269084973,3013.903221682757,0.4366523687213209,0.02782820839451317,0.8075108746258275,2.220446049250313e-16,-2.281993483066458e-09,4,1.0000000000000004,5792291.1815018775,242.7979360937875,0.4366523687213209,0.02782820839451317,0.0016224025801095969,2.9580391209370272e-05,-1.7332270640708353e-08,0.04366523687213212,2.093045865601e-11
1956498176253.5469,2239231826.9575295,0.14773547829137287,0.0016228397598742905,3014.068297627024,0.43637257165398696,0.027722982756127633,0.808418646920661,2.220446049250313e-16,-2.3208791555262565e-09,4,1.0000000000000004,5794321.2833123645,242.78335701584035,0.43637257165398696,0.027722982756127633,0.0016228571489424945,2.9599847956936613e-05,-1.7368128854831647e-08,0.043637257165398666,2.0939348956475753e-11
1958739597098.6567,2241420845.109622,0.14774000309641375,0.0016232956676245835,3014.2338032054004,0.4360921830509288,0.027617987105299075,0.8075149019598493,-2.220446049250313e-16,-2.3506993018784783e-09,4,1.0000000000000004,5796355.850861813,242.7687323734627,0.4360921830509288,0.027617987105299075,0.0016233130760851787,2.9619316067971528e-05,-1.738751233888779e-08,0.043609218305092894,2.0948256601624655e-11
1960984464240.3193,2244867141.6627474,0.14774454478820434,0.0016237530617997278,3014.39977743926,0.4358110447686383,0.027513162942537923,0.8082156266811523,4.440892098500626e-16,-2.3932281711935843e-09,4,1.0000000000000004,5798396.018897762,242.75404733755497,0.4358110447686383,0.027513162942537923,0.0016237705073419502,2.9638804790629707e-05,-1.742458503627197e-08,0.04358110447686381,2.0957185269945434e-11
1963231808117.4023,2247343877.083208,0.14774910228428234,0.0016242120314405267,3014.5662722295615,0.43552927739511255,0.027408555996389167,0.8070032820120531,0,-2.4265762732511575e-09,4,1.0000000000000004,5800440.967175289,242.73931301424875,0.43552927739511255,0.027408555996389167,0.0016242294916483779,2.965830738509695e-05,-1.743924171856065e-08,0.04355292773951121,2.0966132344926822e-11
1965483320760.2463,2251512642.8440566,0.14775368168944436,0.0016246737747711935,3014.7337806643877,0.4352466677323064,0.027304087767106664,0.8071119196248476,2.220446049250313e-16,-2.4703860068697736e-09,4,1.0000000000000004,5802492.423226868,242.72454315266813,0.4352466677323064,0.027304087767106664,0.001624691254260109,2.9677846331468226e-05,-1.745851380481626e-08,0.04352466677323058,2.0975110423883877e-11
1967738858088.331,2255537328.08461,0.14775827886437679,0.0016251375595168402,3014.9020044763824,0.4349632325537945,0.027199765717196168,0.8068433585486922,-1.6653345369377348e-15,-2.5152329108379945e-09,4,1.0000000000000004,5804550.148703917,242.7097123115442,0.4349632325537945,0.027199765717196168,0.00162515505706874,2.9697412668950922e-05,-1.747656778944288e-08,0.04349632325537947,2.098411311117179e-11
1969998803318.06,2259945229.7288694,0.1477628945143019,0.0016256042808481125,3015.0713509073425,0.4346789223492569,0.027095572654564172,0.8067233668584972,-7.771561172376096e-16,-2.5605469966549776e-09,4,1.0000000000000004,5806614.675482456,242.69484146184143,0.4346789223492569,0.027095572654564172,0.0016256217959440585,2.9717016844056315e-05,-1.7494102800018874e-08,0.04346789223492574,2.0993147386681618e-11
1972263333457.4495,2264530139.3893595,0.14776753023776762,0.0016260735393768642,3015.241617568834,0.4343937133978851,0.02699150115577153,0.8067990526702816,-2.55351295663786e-15,-2.6085970050715446e-09,4,1.0000000000000004,5808686.117573831,242.6799128222042,0.4343937133978851,0.02699150115577153,0.001626091077431059,2.973665528937872e-05,-1.7517051988740756e-08,0.04343937133978851,2.1002210227631175e-11
1974532351372.464,2269017915.0146065,0.1477721921315194,0.00162654369941309,3015.4119833561917,0.43410761648638424,0.026887556660935546,0.8096500095020053,-7.771561172376096e-16,-2.662350007121006e-09,4,1.0000000000000004,5810764.1256850045,242.66487515825014,0.43410761648638424,0.026887556660935546,0.001626561322801073,2.975631097620292e-05,-1.760237669517896e-08,0.04341076164863846,2.1011289278329895e-11
1976801859653.0056,2269508280.5419025,0.14777687858596933,0.0016270124534796015,3015.5813952110652,0.43382113520570476,0.02678392317153918,0.8077896128041994,-5.551115123125783e-16,-2.6881117332067106e-09,4,1.0000000000000004,5812844.7618219685,242.64970191615424,0.43382113520570476,0.02678392317153918,0.0016270301307661297,2.9775932449093845e-05,-1.7656266172851874e-08,0.04338211352057045,2.1020356155961858e-11
1979074470885.693,2272611232.6872,0.14778158277595588,0.0016274836250339466,3015.7516944672416,0.43353393946351343,0.026680481010061218,0.8061843382450862,-1.1102230246251565e-15,-2.731921355803024e-09,4,1.0000000000000004,5814931.073932989,242.6344754329006,0.43353393946351343,0.026680481010061218,0.001627501324299667,2.9795572714738625e-05,-1.7678236277726993e-08,0.043353393946351404,2.102944429377711e-11
1981352453891.9412,2277983006.248047,0.14778631126693995,0.0016279572748331569,3015.9228415023636,0.4332457412385942,0.026577127447688784,0.8067728790236982,-2.55351295663786e-15,-2.786782693497969e-09,4,1.0000000000000004,5817025.12996537,242.6191678396688,0.4332457412385942,0.026577127447688784,0.001627975010986117,2.9815246801813464e-05,-1.771511440439703e-08,0.04332457412385941,2.1038559688785894e-11
1983634988358.8335,2282534466.89235,0.1477910661270779,0.0016284325694737223,3016.0944285189466,0.432956642820311,0.026473900662759536,0.8072452561957988,0,-2.8436099031026174e-09,4,1.0000000000000004,5819126.114348161,242.60376420886757,0.432956642820311,0.026473900662759536,0.0016284503532151425,2.9834940312437333e-05,-1.77626937264571e-08,0.04329566428203111,2.1047694063034918e-11
1985921414110.5928,2286425751.7594147,0.14779584137369883,0.0016289100201070325,3016.266752661298,0.43266672665486977,0.026370831061401836,0.8063489725235184,1.5543122344752192e-15,-2.895535033964336e-09,4,1.0000000000000004,5821233.647064615,242.588290931101,0.43266672665486977,0.026370831061401836,0.0016289278307536979,2.9854653231060815e-05,-1.778958981353263e-08,0.043266672665487026,2.105684956101285e-11
1988213010313.0244,2291596202.431626,0.1478006386119666,0.00162939142793265,3016.440630481242,0.4323758291760179,0.026267861311540117,0.8046597237132413,-1.6653345369377348e-15,-2.951821564955992e-09,4,1.0000000000000004,5823349.386131384,242.57279402717555,0.4323758291760179,0.026267861311540117,0.0016294092237881608,2.9874412210021785e-05,-1.7774789469647914e-08,0.043237582917601824,2.1066043634054388e-11
1990512198245.8806,2299187932.856006,0.14780545975446857,0.0016298763957129016,3016.615857361423,0.43208364079472666,0.026164883743465126,0.8068184738016514,-2.55351295663786e-15,-3.0265538963902827e-09,4,1.0000000000000004,5825475.440479794,242.557240460884,0.43208364079472666,0.026164883743465126,0.0016298942134162207,2.989423155747267e-05,-1.779662804128917e-08,0.04320836407947265,2.1075281791309925e-11
1992815914910.9292,2303716665.04831,0.1478102944334358,0.0016303638300091824,3016.7920321119227,0.4317905488249522,0.02606203678353912,0.8065952453173431,1.1102230246251565e-15,-3.0779665483038343e-09,4,1.0000000000000004,5827608.891345259,242.54164347663325,0.4317905488249522,0.02606203678353912,0.0016303816584388496,2.9914081331681558e-05,-1.7807345115739597e-08,0.04317905488249522,2.108454972757738e-11
1995124488615.7017,2308573704.772529,0.14781517786430715,0.0016308447800135917,3016.9646549413605,0.43149650993653055,0.02595930880315243,0.8147951848641588,-3.219646771412954e-15,-3.1454521209894892e-09,4,1.0000000000000004,5829748.346723965,242.5257302571474,0.43149650993653055,0.02595930880315243,0.00163086278637966,2.9933878536386715e-05,-1.7985272288313567e-08,0.04314965099365304,2.10937853580522e-11
1997426259154.979,2301770539.277505,0.14782005068894363,0.0016313256003525854,3017.137271981295,0.4312030105911414,0.025857217490479322,0.8067634189867778,6.661338147750939e-16,-3.1403376565819485e-09,4,1.0000000000000004,5831884.564992656,242.509849349423,0.4312030105911414,0.025857217490479322,0.0016313436116890062,2.9953605747928982e-05,-1.799023341552931e-08,0.04312030105911412,2.110300416053107e-11
1999732642205.0237,2306383050.044677,0.14782493511845662,0.0016318086817435787,3017.310761775899,0.43090859573719004,0.025755255227504967,0.8070637116941448,-6.661338147750939e-16,-3.2020083251538267e-09,4,1.0000000000000004,5834028.150359532,242.4939336010202,0.43090859573719004,0.025755255227504967,0.0016318267019512886,2.997336345966947e-05,-1.7999095457193215e-08,0.04309085957371899,2.11122542541923e-11
2002043217028.865,2310574823.841357,0.14782982986048912,0.001632293679576903,3017.4849775237417,0.4306133177009709,0.02565344141923489,0.807315290382582,0,-3.259134073729797e-09,4,1.0000000000000004,5836178.661843705,242.47798385768306,0.4306133177009709,0.02565344141923489,0.0016323117087947536,2.9993146505119572e-05,-1.800809631749393e-08,0.0430613317700971,2.1121533291141028e-11
2004357630547.3972,2314413518.532105,0.14783473213622111,0.0016327808319774506,3017.660056994721,0.43031722036522896,0.025551792238733637,0.8070297672843617,-8.881784197001252e-16,-3.319438168780664e-09,4,1.0000000000000004,5838335.82717801,242.4620172360776,0.43031722036522896,0.025551792238733637,0.0016327988601235483,3.0012955693807654e-05,-1.8007015255696647e-08,0.04303172203652283,2.1130843161468374e-11
2006676299195.9563,2318668648.5591006,0.14783964435198457,0.0016332696679181899,3017.8357573519056,0.43002024915270093,0.025450290151521508,0.808594319834377,-2.220446049250313e-16,-3.3748119854237757e-09,4,1.0000000000000004,5840499.932922231,242.44601859119697,0.43002024915270093,0.025450290151521508,0.0016332877081656348,3.0032790146032523e-05,-1.801910726290023e-08,0.04300202491527013,2.1140182624263743e-11
2008996982384.542,2320683188.585763,0.14784456301970572,0.0016337590847670797,3018.011604438669,0.42972269019483045,0.02534903378028516,0.8089403541466922,4.440892098500626e-16,-3.4295969397746262e-09,4,1.0000000000000004,5842668.762802556,242.42998676676294,0.42972269019483045,0.02534903378028516,0.0016337771450997188,3.00526251363856e-05,-1.803918309976079e-08,0.04297226901948309,2.114953880523931e-11
2011319185028.5027,2322202643.9610534,0.14784948442762041,0.0016342495176428242,3018.1878368692046,0.42942460664127213,0.025248044721700186,0.8089596675864286,-4.2969516833579746e-11,-2.4885649096972884e-12,5,1.0000000000000004,5844841.939008457,242.41394500595234,0.42942460664127213,0.025248044721700186,0.0016342675765662748,3.0072461986383227e-05,-1.803783475886499e-08,0.04294246066412719,2.1158914206404147e-11
2013642880383.763,2323695355.2603073,0.1478544097353082,0.0016347409014736967,3018.3644124578427,0.4291260016803963,0.025147323932264112,0.8089986008874561,-4.371203399244905e-11,1.3100631690576847e-12,5,1.0000000000000004,5847019.421568151,242.3978953370649,0.4291260016803963,0.025147323932264112,0.001634758965675423,3.0092300747968714e-05,-1.8043104874962656e-08,0.04291260016803967,2.1168309161802208e-11
2015968013458.953,2325133075.1901846,0.147859335213131,0.0016352338652747805,3018.5416592635756,0.4288268821435467,0.025046873465124603,0.8090242209490839,-4.4490300332711286e-11,1.3677947663381929e-12,5,1.0000000000000004,5849201.269724815,242.38185962971087,0.4288268821435467,0.025046873465124603,0.001635251921998057,3.0112147600575004e-05,-1.8035618299591604e-08,0.04288268821435471,2.117772857010679e-11
2018294548304.5623,2326534845.6091795,0.1478642632414909,0.0016357271033245163,3018.7189500626605,0.42852725241977735,0.02494669479180361,0.8090639214142215,-4.527922481400992e-11,3.977485008022086e-12,5,1.0000000000000004,5851387.201053576,242.3658017883476,0.42852725241977735,0.02494669479180361,0.0016357451790973596,3.0131990442586473e-05,-1.8054659743932126e-08,0.042852725241977765,2.1187163731625827e-11
2020622428649.4736,2327880344.9114733,0.14786919363749373,0.001636220959182486,3018.896445128481,0.4282271195331234,0.0248467903501176,0.8090635722490802,-4.6077253124110484e-11,2.4134028109301653e-12,5,1.0000000000000004,5853577.212807513,242.3497317505689,0.4282271195331234,0.0248467903501176,0.0016362390372285397,3.0151832015828016e-05,-1.8056924829682076e-08,0.04282271195331228,2.1196616879984563e-11
2022951655774.4353,2329227124.961765,0.147874121897917,0.0016367165187284875,3019.0746910031044,0.42792648310810455,0.024747159682170967,0.8090837522178873,-4.689559851556169e-11,-8.559819519859957e-13,5,1.0000000000000004,5855771.507769442,242.33368555565855,0.42792648310810455,0.024747159682170967,0.0016367345887162146,3.0171683478854262e-05,-1.804885838534414e-08,0.04279264831081043,2.1206096500031965e-11
2025282201394.1255,2330545619.6901608,0.1478790554937327,0.0016372119437402732,3019.252763390665,0.42762534657379314,0.02464780404025242,0.8091097492002319,-4.772282569120989e-11,5.084821452783217e-13,5,1.0000000000000004,5857969.710841478,242.31760787798763,0.42762534657379314,0.02464780404025242,0.0016372300337642173,3.0191527249819623e-05,-1.8068886486862224e-08,0.04276253465737931,2.1215589617991216e-11
2027614028792.776,2331827398.65053,0.14788399700199553,0.0016377064056336808,3019.430254140219,0.4273237144580405,0.024548725371462913,0.809104748755729,-4.8553938647444284e-11,-1.3109513474773848e-12,5,1.0000000000000004,5860171.616201342,242.30147265248206,0.4273237144580405,0.024548725371462913,0.001637724532723544,3.021135473849132e-05,-1.810594429030895e-08,0.04273237144580407,2.1225090015868332e-11
2029947145884.9077,2333117092.131524,0.1478889450211079,0.0016382007453678885,3019.6075654325227,0.4270215855339786,0.024449923649473716,0.8090718761621929,-4.935174491293992e-11,-2.370104112969784e-12,5,1.0000000000000004,5862377.370988318,242.2853030527543,0.4270215855339786,0.024449923649473716,0.0016382188821264835,3.023117348580568e-05,-1.8115604839829744e-08,0.04270215855339787,2.1234603355320445e-11
2032281600806.8386,2334454921.9309936,0.14789388244211182,0.0016386986525224723,3019.786571790818,0.4267189533805439,0.024351395961338663,0.8090824948903119,-5.023959026573266e-11,1.3296030942910875e-12,5,1.0000000000000004,5864587.720525108,242.26921227227749,0.4267189533805439,0.024351395961338663,0.0016387167517508763,3.025102013547633e-05,-1.8078066574582453e-08,0.0426718953380544,2.1244156782664735e-11
2034617378997.6897,2335778190.850873,0.1478988265203384,0.0016391967008138589,3019.965517780867,0.4264158196662661,0.02425314274767715,0.8091091507900217,-5.112443801635891e-11,-8.805178808302117e-13,5,1.0000000000000004,5866802.018917385,242.25309705521698,0.4264158196662661,0.02425314274767715,0.0016392148142141663,3.0270862215917075e-05,-1.809223038450034e-08,0.04264158196662662,2.1253726139564284e-11
2036954442709.6033,2337063711.913629,0.14790377738661373,0.0016396957279710413,3020.1447877967285,0.42611218908395226,0.024155165461570524,0.8090975361918495,-5.20207210641388e-11,-2.9110047705671604e-13,5,1.0000000000000004,5869020.376455808,242.2369803683084,0.42611218908395226,0.024155165461570524,0.0016397138417394968,3.029070694103666e-05,-1.8092590436823213e-08,0.042611218908395226,2.126331685236769e-11
2039292809433.531,2338366723.927815,0.147908734154538,0.0016401963186562795,3020.3246597381144,0.4258080591633362,0.024057463019086008,0.8090905223578915,-5.295874849764459e-11,-1.6585621764875214e-12,5,1.0000000000000004,5871242.922119099,242.22087905983378,0.4258080591633362,0.024057463019086008,0.001640214420205051,3.031056018520923e-05,-1.8080362701038362e-08,0.042580805916333564,2.12729332182217e-11
2041632490036.9885,2339680603.4576635,0.14791369801151869,0.0016406976816591237,3020.5047568248883,0.42550342828662896,0.02396003467360416,0.8090992514864226,-5.3881232808805635e-11,-2.220224004645388e-12,5,1.0000000000000004,5873469.526517475,242.2047681752271,0.42550342828662896,0.02396003467360416,0.0016407158004501019,3.0330414622894624e-05,-1.8097596811449584e-08,0.04255034282866285,2.128256968856601e-11
2043973472630.0366,2340982593.0482216,0.14791866788002142,0.0016411998312238101,3020.685096376914,0.4251982977988371,0.02386288084200876,0.8090728365051092,-5.4909521374213455e-11,5.708766792622555e-13,5,1.0000000000000004,5875700.17454247,242.18864442645128,0.4251982977988371,0.02386288084200876,0.0016412179546069156,3.035026959558778e-05,-1.8102180997128595e-08,0.04251982977988371,2.129222571193287e-11
2046315796172.8994,2342323542.8630466,0.14792364378390832,0.0016417030746210322,3020.865819260423,0.4248926624225384,0.023765999642902932,0.8090577646724384,-5.588651763588359e-11,-1.7528201112781971e-12,5,1.0000000000000004,5877934.967750416,242.1725149583477,0.4248926624225384,0.023765999642902932,0.0016417212040600133,3.0370128237628065e-05,-1.8108228826440027e-08,0.042489266242253826,2.1301903461787846e-11
2048659483263.5103,2343687090.6111197,0.14792862668411272,0.0016422069801161443,3021.0467167598554,0.4245865190019713,0.02366938998916388,0.809042215443867,-5.687772475226893e-11,-1.2656542480726785e-14,5,1.0000000000000004,5880173.8501515575,242.15636385634258,0.4245865190019713,0.02366938998916388,0.0016422251249664812,3.0389986199380643e-05,-1.8123632142247553e-08,0.04245865190019712,2.131159956916597e-11
2051004557230.6582,2345073967.147934,0.14793361694492677,0.0016427114536462697,3021.227741706264,0.42427986428276127,0.023573050830938795,0.8090127423532323,-5.788569623632611e-11,-7.559508574672691e-13,5,1.0000000000000004,5882416.83007796,242.14018380386705,0.42427986428276127,0.023573050830938795,0.0016427296169409446,3.0409842096420972e-05,-1.8142068451673136e-08,0.042427986428276124,2.1321312805066965e-11
2053351061636.534,2346504405.875681,0.1479386161269088,0.001643217185467715,3021.4091952921876,0.4239726923595041,0.023476980134816375,0.8089872605143711,-5.892908383486883e-11,-1.7899015603006774e-12,5,1.0000000000000004,5884664.081359472,242.12399380394115,0.4239726923595041,0.023476980134816375,0.0016432353540606973,3.0429702492238564e-05,-1.814735876778788e-08,0.04239726923595037,2.133104798145229e-11
2055699034331.5386,2347972695.004781,0.14794362276919515,0.0016437237460902446,3021.5908946521686,0.4236649980630805,0.023381176083587522,0.8089589531579122,-6.001421581913746e-11,-9.048317650695026e-14,5,1.0000000000000004,5886915.575887953,242.1077766830767,0.4236649980630805,0.023381176083587522,0.0016437419401283185,3.044956317402398e-05,-1.8172795919398748e-08,0.042366499806308036,2.1340801688476367e-11
2058048517340.2925,2349483008.7536964,0.14794863827559537,0.0016442310932201526,3021.7728057609133,0.4233567756662452,0.023285636895578114,0.8089161079860574,-6.110445482931937e-11,-3.9956926656259384e-13,5,1.0000000000000004,5889171.346335084,242.09152627418908,0.4233567756662452,0.023285636895578114,0.0016442492977480705,3.0469422951191573e-05,-1.8183277814779637e-08,0.04233567756662447,2.1350572908028748e-11
2060399573895.0256,2351056554.7329783,0.14795366377115518,0.0016447399249241601,3021.9552375321455,0.423048016651693,0.023190359612823723,0.8088838920894403,-6.223355164536315e-11,6.166178678768119e-13,5,1.0000000000000004,5891431.601636927,242.0752611811279,0.423048016651693,0.023190359612823723,0.0016447581393031054,3.0489288680447178e-05,-1.8193120936680037e-08,0.04230480166516931,2.136036657770699e-11
2062752251898.9558,2352678003.930041,0.1479586980085877,0.0016452501698075433,3022.1381694330116,0.42273871449697753,0.023095341921210957,0.8088505493164533,-6.339395675070136e-11,-4.0401015866109447e-13,5,1.0000000000000004,5893696.390643927,242.05897555207582,0.42273871449697753,0.023095341921210957,0.0016452683961784736,3.0509159387900863e-05,-1.8205105047384698e-08,0.04227387144969777,2.1370181815965233e-11
2065106600994.8225,2354349095.86671,0.14796374060926953,0.0016457619709435204,3022.3216705558593,0.42242886243835226,0.023000581413492552,0.8088117320337318,-6.457823165106902e-11,-2.4424906541753444e-14,5,1.0000000000000004,5895965.805266276,242.04267038689213,0.42242886243835226,0.023000581413492552,0.001645780207975063,3.0529036142658824e-05,-1.8215757803743715e-08,0.04224288624383529,2.1380019304397586e-11
2067462678905.1533,2356077910.330466,0.14796879262486987,0.0016462755127478698,3022.5058142945327,0.422118452636087,0.02290607529641683,0.8087746106166804,-6.579392586303356e-11,-1.8529622280993863e-12,5,1.0000000000000004,5898239.957475784,242.02634827088127,0.422118452636087,0.02290607529641683,0.001646293759634769,3.054892046405606e-05,-1.8225605334107415e-08,0.04221184526360864,2.1389880096328764e-11
2069820541008.5508,2357862103.3972626,0.14797385328398796,0.0016467907557982941,3022.690589861634,0.4218074775441001,0.02281182087473842,0.8087372321829989,-6.701961208221974e-11,3.539391002504999e-13,5,1.0000000000000004,5900518.918652831,242.01000440615408,0.4218074775441001,0.02281182087473842,0.0016468090150758277,3.056881162886509e-05,-1.82379881371182e-08,0.042180747754410004,2.139976355078391e-11
2072180243184.918,2359702176.367412,0.14797891815448636,0.0016473080937118795,3022.876222538974,0.4214959295362263,0.022717815344108733,0.8087016778457468,-6.833533738870301e-11,-2.0650148258027912e-14,5,1.0000000000000004,5902802.844632047,241.99364801024478,0.4214959295362263,0.022717815344108733,0.0016473263603125439,3.058871317583085e-05,-1.8245303561471422e-08,0.04214959295362259,2.140967226131942e-11
2074541838781.9712,2361595597.053204,0.14798399285873984,0.0016478265269758011,3023.062195780289,0.42118380130065114,0.0226240562259031,0.8086626185344059,-6.96915858355851e-11,-1.4364065492600275e-12,5,1.0000000000000004,5905091.629263182,241.9772469046426,0.42118380130065114,0.0226240562259031,0.0016478448212218734,3.060861512058184e-05,-1.8272941313088674e-08,0.04211838013006511,2.141959886964132e-11
2076905386397.92,2363547615.9487596,0.14798907890063442,0.0016483459282659117,3023.2484354870207,0.4208710848178934,0.02253054098505932,0.8086123104433796,-7.107592292499021e-11,3.955280547529583e-12,5,1.0000000000000004,5907385.333533212,241.9607936491987,0.4208710848178934,0.02253054098505932,0.0016483642515071806,3.062851546973585e-05,-1.830192888465719e-08,0.04208710848178933,2.142954196077729e-11
2079270961230.3296,2365574832.4097757,0.14799417708721305,0.0016488661957337147,3023.434886414194,0.4205577698529444,0.02243726647734758,0.8085723407491585,-7.249334466052915e-11,2.3951951533263127e-12,5,1.0000000000000004,5909684.045697464,241.94428364392544,0.4205577698529444,0.02243726647734758,0.0016488845489684445,3.064841295287041e-05,-1.8331914760778928e-08,0.04205577698529449,2.143950073549233e-11
2081638623535.4243,2367662305.094808,0.14799928701614384,0.0016493875455043502,3023.6216514424896,0.4202438481270281,0.02234423011140512,0.808545717601028,-7.394229672996744e-11,-1.5420997812043424e-12,5,1.0000000000000004,5911987.909383238,241.92772298735292,0.4202438481270281,0.02234423011140512,0.0016494059252219078,3.066830949218002e-05,-1.8358390040334984e-08,0.04202438481270277,2.14494768402558e-11
2084008414169.593,2369790634.1686,0.14800440801348583,0.0016499101596928686,3023.8088205438,0.4199293139129075,0.022251430014207235,0.8085399733070986,-7.54233342448174e-11,1.3700152123874432e-12,5,1.0000000000000004,5914297.055080315,241.9111186490841,0.4199293139129075,0.022251430014207235,0.0016499285613550965,3.0688206952676006e-05,-1.8380327197743966e-08,0.041992931391290775,2.1459471975522613e-11
2086380343471.6968,2371929302.1038218,0.14800953990686888,0.0016504338905399454,3023.996327378803,0.4196141655160361,0.022158865530873813,0.8085602998253449,-7.69433405878317e-11,-1.0663692151524629e-12,5,1.0000000000000004,5916611.536536991,241.8944695318268,0.4196141655160361,0.022158865530873813,0.001650452317340498,3.070810426002285e-05,-1.840545805665388e-08,0.0419614165516036,2.1469485751489293e-11
2088754383530.5854,2374040058.8887835,0.14801468070766707,0.0016509583535438954,3024.1840158168984,0.41929840631262166,0.02206653765999338,0.808609018077,-7.847378302727748e-11,-2.4991120284312274e-13,5,1.0000000000000004,5918931.337180302,241.87776860281318,0.41929840631262166,0.02206653765999338,0.001650976805440594,3.0727998091208165e-05,-1.8430546739285624e-08,0.041929840631262115,2.1479516187966285e-11
2091130464642.572,2376081111.9864917,0.14801982976268227,0.0016514840910333253,3024.3721405941883,0.4189820452358623,0.021974448920126385,0.8087002784096242,-8.003298024306105e-11,2.120970066243899e-12,5,1.0000000000000004,5921256.580818436,241.86104167632087,0.4189820452358623,0.021974448920126385,0.0016515025534621353,3.074789478128365e-05,-1.8441071414638184e-08,0.04189820452358628,2.14895686766005e-11
2093508454375.196,2377989732.624065,0.1480249863669944,0.0016520110431510904,3024.5606810952613,0.41866509959455545,0.02188260420156969,0.8087555386504519,-8.160694342507213e-11,-8.884004643050503e-13,5,1.0000000000000004,5923587.033219466,241.8442953746734,0.41866509959455545,0.02188260420156969,0.0016520295148484002,3.07677942871574e-05,-1.8450332481608147e-08,0.04186650995945552,2.1499643863140355e-11
2095888272953.8953,2379818578.699173,0.1480301438598429,0.0016525404609577705,3024.7502774461896,0.4183475797304025,0.02179100607503418,0.8087855746241601,-8.322342814892636e-11,-6.794564910705958e-13,5,1.0000000000000004,5925922.785077382,241.82757143027303,0.4183475797304025,0.02179100607503418,0.0016525589050125232,3.078770872301209e-05,-1.842268253145955e-08,0.041834757973040274,2.1509751192109004e-11
2098269877560.9746,2381604607.079388,0.14803529736125903,0.0016530731038305237,3024.9413260624233,0.41802949108191967,0.021699655122471146,0.808834214605092,-8.482925473174419e-11,-3.765876499528531e-13,5,1.0000000000000004,5928263.972206155,241.8108989804962,0.41802949108191967,0.021699655122471146,0.001653091534046888,3.080764674609927e-05,-1.8408836695833695e-08,0.04180294910819197,2.1519897397108783e-11
2100653197872.0298,2383320311.055579,0.14804045645417863,0.0016536069845569568,3025.1328190674285,0.41771084276679993,0.021608553652227643,0.8088560909946807,-8.644052140738268e-11,2.6867397195928788e-14,5,1.0000000000000004,5930610.158871137,241.7942204630661,0.41771084276679993,0.021608553652227643,0.0016536254187186155,3.082758868883775e-05,-1.8412774529194873e-08,0.041771084276680005,2.153006828386173e-11
2103038202869.8752,2385004997.84533,0.148045621400128,0.0016541419484780442,3025.3246826646564,0.4173916386683129,0.021517702590997334,0.8088669478656385,-8.808076490396388e-11,-2.4713564528155985e-12,5,1.0000000000000004,5932961.2909050295,241.7775328793256,0.4173916386683129,0.021517702590997334,0.0016541603889521288,3.0847532909497236e-05,-1.8419079519667508e-08,0.04173916386683129,2.1540262942826514e-11
2105424877727.8394,2386674857.9639664,0.14805079263298082,0.0016546777517581328,3025.516800605343,0.41707188051175315,0.021427102325297705,0.8088739017475532,-8.975820087187003e-11,-1.4954704141700859e-13,5,1.0000000000000004,5935317.314464962,241.76083024115576,0.41707188051175315,0.021427102325297705,0.0016546962010184267,3.0867477022602694e-05,-1.8427858335006602e-08,0.04170718805117532,2.155047986732711e-11
2107813213348.757,2388335620.917873,0.1480559700318345,0.0016552144014283711,3025.709177070131,0.4167515692608476,0.021336753048620708,0.8088718428389541,-9.14539555196825e-11,-2.591593606382503e-12,5,1.0000000000000004,5937678.229286023,241.744113297396,0.4167515692608476,0.021336753048620708,0.001655232856211722,3.088742097580833e-05,-1.843337400727621e-08,0.041675156926084776,2.1560719249562914e-11
2110203213930.0247,2390000581.267487,0.1480611580584022,0.0016557508447712329,3025.9012852339847,0.4164307040938989,0.021246654585782742,0.8088724640087364,-9.324652161524227e-11,9.554579349924097e-13,5,1.0000000000000004,5940043.848048726,241.72735284051402,0.4164307040938989,0.021246654585782742,0.0016557693446317006,3.090735487383901e-05,-1.8478443886684592e-08,0.0416430704093899,2.157097402154817e-11
2112594879713.9868,2391665783.962183,0.1480663569681907,0.0016562869674955848,3026.093070384273,0.41610928471835895,0.02115680736453423,0.8088509118042708,-9.50004519495451e-11,-2.291500322826323e-12,5,1.0000000000000004,5942414.131891167,241.7105426995856,0.41610928471835895,0.02115680736453423,0.0016563054775540736,3.092727642463612e-05,-1.848863459420994e-08,0.04161092847183587,2.158124271651e-11
2114988243746.3582,2393364032.371178,0.1480715602500381,0.001656823935846345,3026.2851317543987,0.41578730643769646,0.02106720998759489,0.8088556552321435,-9.681533352789984e-11,6.465938895416912e-13,5,1.0000000000000004,5944789.348389906,241.69372035714343,0.41578730643769646,0.02106720998759489,0.0016568424530634016,3.094719778833584e-05,-1.849578592808656e-08,0.0415787306437697,2.1591534516269024e-11
2117383300210.2344,2395056463.876108,0.14807676925308885,0.0016573614656181501,3026.4773255431073,0.4154647697760872,0.020977862570343172,0.8088466690869822,-9.86725146034928e-11,1.4055423491754482e-12,5,1.0000000000000004,5947169.4488633005,241.67687701561337,0.4154647697760872,0.020977862570343172,0.0016573799959437843,3.09671160521071e-05,-1.8508887322953252e-08,0.04154647697760869,2.160184742571399e-11
2119780063616.0935,2396763405.8589997,0.1480819817408438,0.0016579001300009745,3026.669936042952,0.41514167252160283,0.0208887643704806,0.8088475395018335,-1.0059231225767462e-10,5.855316231873076e-13,5,1.0000000000000004,5949554.56310814,241.6600302194098,0.41514167252160283,0.0208887643704806,0.0016579186604419559,3.0987036820872814e-05,-1.8508995567593518e-08,0.04151416725216027,2.16121857858145e-11
2122178533889.9436,2398470273.8501735,0.14808719636903142,0.001658439867608971,3026.8629486115956,0.4148180144245927,0.020799915144681977,0.8088538144823687,-1.02514885469418e-10,9.048317650695026e-13,5,1.0000000000000004,5951944.6925796205,241.64317889863585,0.4148180144245927,0.020799915144681977,0.0016584583971427744,3.100695965572451e-05,-1.8508081268465076e-08,0.04148180144245932,2.1622549437830824e-11
2124578702937.1892,2400169047.245977,0.14809241238875487,0.0016589811569403872,3027.0565888270567,0.41449379631882877,0.02071131480171492,0.8088630132352392,-1.0446388198914747e-10,6.3860028376439e-13,5,1.0000000000000004,5954339.933781714,241.6263389188976,0.41449379631882877,0.02071131480171492,0.0016589996802411507,3.102688940625107e-05,-1.850184112487702e-08,0.04144937963188285,2.1632942191049666e-11
2126980558303.4229,2401855366.2337017,0.1480976351842372,0.0016595227803437944,3027.250245839458,0.41416901962819824,0.020622963613083408,0.8088535108363715,-1.065660892862752e-10,1.3808953980287697e-12,5,1.0000000000000004,5956740.058978403,241.6094749653004,0.41416901962819824,0.020622963613083408,0.0016595413326377885,3.104681427241326e-05,-1.8530827487535628e-08,0.041416901962819795,2.1643355522151164e-11
2129384115291.7754,2403556988.352455,0.14810287739715583,0.0016600630710371421,3027.443030429864,0.41384368202002936,0.020534861594051032,0.8088199493494486,-1.0863931976246022e-10,-1.7903456495105274e-12,5,1.0000000000000004,5959144.750983582,241.59253492397883,0.41384368202002936,0.020534861594051032,0.001660081656353986,3.1066716927351636e-05,-1.8563843415368238e-08,0.04138436820200292,2.165377685726298e-11
2131789425009.6516,2405309717.8765864,0.14810812787113956,0.0016606039300316395,3027.635923614091,0.4135177763161743,0.02044700692097278,0.8088122310789814,-1.107769431740735e-10,1.2752021660844548e-12,5,1.0000000000000004,5961554.425986269,241.57557475517103,0.4135177763161743,0.02044700692097278,0.001660622525892734,3.108661607209295e-05,-1.8574380830941568e-08,0.04135177763161748,2.1664220105848483e-11
2134196500220.1265,2407075210.474631,0.14811338581443365,0.0016611455222471031,3027.8290084633936,0.41319130052249553,0.02035939901444134,0.8088009811890728,-1.1295753221673976e-10,2.355893258254582e-13,5,1.0000000000000004,5963969.143265468,241.55859949340092,0.41319130052249553,0.02035939901444134,0.0016611641253424525,3.1106513427317205e-05,-1.8581608301453174e-08,0.04131913005224954,2.167468668208648e-11
2136605358971.7134,2408858751.586778,0.14811864874766592,0.0016616883680003038,3028.0225471273056,0.4128642519248463,0.020272036951394633,0.8088027320107827,-1.1517864439980485e-10,-3.0774272019584714e-12,5,1.0000000000000004,5966389.033428435,241.5416246161509,0.4128642519248463,0.020272036951394633,0.0016617069692658694,3.112641419138686e-05,-1.857977177609284e-08,0.04128642519248462,2.168518055628606e-11
2139015999976.7698,2410641005.0564756,0.14812391312343243,0.0016622329957040186,3028.2168161132254,0.4125366304307977,0.02018492033635455,0.8088132802397396,-1.1743117589446683e-10,1.5631940186722204e-13,5,1.0000000000000004,5968814.214551451,241.52466638843651,0.4125366304307977,0.02018492033635455,0.0016622515840641488,3.114632371244079e-05,-1.856685962226651e-08,0.04125366304307976,2.169570581497991e-11
2141428408822.936,2412408846.1663833,0.14812917793950994,0.0016627807192280473,3028.4124232976756,0.41220843773329985,0.020098048852713043,0.8088520303539681,-1.1973977365187238e-10,1.318944953254686e-12,5,1.0000000000000004,5971244.946427439,241.50776760062863,0.41220843773329985,0.020098048852713043,0.0016627992707933122,3.116625538480376e-05,-1.8530058093379384e-08,0.04122084377333,2.1706272660405742e-11
2143842528977.2954,2414120154.3591504,0.14813443674919652,0.001663332247745448,3028.6097563179255,0.4118796812637848,0.02001142337853255,0.8088969999375806,-1.2206513577694977e-10,-1.15230047725845e-12,5,1.0000000000000004,5973681.345139741,241.49095234555028,0.4118796812637848,0.02001142337853255,0.0016633507499706388,3.1186216754919124e-05,-1.8480711338919944e-08,0.04118796812637845,2.1716886835513907e-11
2146258294500.3289,2415765523.033655,0.14813697288210603,0.0016643239296866743,3029.035142033979,0.4115503702153882,0.01992492999017117,0.8171732523987174,-1.3195600168103283e-10,-3.731792652672539e-12,5,1.0000000000000004,5976208.356200605,241.48749404556372,0.4115503702153882,0.01992492999017117,0.0016643352884261964,3.121057844509538e-05,-1.1337228364949612e-08,0.04115503702153877,2.1730774796036316e-11
2148663433701.1987,2405139200.8700914,0.1481399488428916,0.0016652167376000845,3029.410854183534,0.41122217761641294,0.019838995140077212,0.8146138041897899,-1.300042296037418e-10,2.0692336732963668e-12,5,1.0000000000000004,5978713.192473353,241.4817497358202,0.41122217761641294,0.019838995140077212,0.0016652295265116343,3.1234072285184084e-05,-1.2767383971148664e-08,0.04112221776164126,2.1744063659136716e-11
2151061752124.8652,2398318423.6667466,0.14814334083763359,0.001666031655698138,3029.7467306708713,0.4108945854749554,0.01975351263854378,0.8131396611599229,-1.2934209259185536e-10,3.785860513971784e-13,5,1.0000000000000004,5981201.283071757,241.47395474162573,0.4108945854749554,0.01975351263854378,0.0016660455462241906,3.125681260257402e-05,-1.3868984707966095e-08,0.04108945854749557,2.1756832461677906e-11
2153455435926.6018,2393683801.736598,0.14814708715806502,0.001666781404540787,3030.0492229666056,0.41056729595762725,0.01966842860185065,0.8119077543611297,-1.2936740567681682e-10,-1.6844303729612875e-12,5,1.0000000000000004,5983676.771590499,241.46440525831596,0.41056729595762725,0.01966842860185065,0.0016667962424408835,3.127891756136259e-05,-1.4816346558014468e-08,0.04105672959576276,2.176916562336914e-11
2155846305833.3013,2390869906.6997356,0.14815113964013885,0.0016674771684663764,3030.323935414657,0.41024006061547874,0.019583698139543363,0.8108920418470333,-1.29947386184881e-10,-6.217248937900877e-13,5,1.0000000000000004,5986143.207975452,241.45336337700041,0.41024006061547874,0.019583698139543363,0.001667492816223569,3.130049040353144e-05,-1.5626192739809183e-08,0.04102400606154788,2.1781137159355012e-11
2158235860310.346,2389554477.044437,0.14815545621444345,0.0016681284653677281,3030.575644733253,0.4099126746218957,0.019499284556655897,0.8100592691073771,-1.3110479368805272e-10,-4.218847493575595e-14,5,1.0000000000000004,5988603.578187004,241.44105308393648,0.4099126746218957,0.019499284556655897,0.001668144785755854,3.1321618992889816e-05,-1.6298814015439673e-08,0.04099126746218955,2.179281014204407e-11
2160625327368.2612,2389467057.915394,0.14816000975552915,0.0016687414711373996,3030.8074508276145,0.4095849698047218,0.019415158156373565,0.8093305536860385,-1.3262646536560396e-10,-1.98552285723963e-12,5,1.0000000000000004,5991060.036862481,241.42761151271597,0.4095849698047218,0.019415158156373565,0.001668758425425676,3.1342359925965306e-05,-1.693270537096006e-08,0.040958496980472194,2.1804224962724493e-11
2163015782458.3584,2390455090.0971026,0.14816478799052904,0.0016693190343551217,3031.0207871875364,0.40925679857580877,0.019331293812717417,0.8086640590487804,-1.3445389246413697e-10,-1.553202011450594e-13,5,1.0000000000000004,5993513.951680473,241.41307760530873,0.40925679857580877,0.019331293812717417,0.0016693365806068514,3.136273578008704e-05,-1.752466077911401e-08,0.040925679857580895,2.1815397171078138e-11
2165408211290.7983,2392428832.4401946,0.1481697694795056,0.0016698663098781519,3031.2182255443117,0.40892802537492473,0.019247668032400987,0.8080926017228762,-1.3662826425786534e-10,3.6926017799032707e-13,5,1.0000000000000004,5995967.084165055,241.39756499775478,0.40892802537492473,0.019247668032400987,0.0016698843868265078,3.1382793055221806e-05,-1.8055350146664507e-08,0.04089280253749247,2.182636010244054e-11
2167803461968.7908,2395250677.992254,0.14817493901313672,0.001670386836959188,3031.4015379014195,0.40859853328464657,0.019164260983623175,0.8075871321677752,-1.3910961271790256e-10,-1.8437473769949975e-12,5,1.0000000000000004,5998420.786903709,241.38114503660614,0.40859853328464657,0.019164260983623175,0.001670405401832595,3.14025629675627e-05,-1.8543268637762534e-08,0.040859853328464646,2.183713601652492e-11
2170202288182.2585,2398826213.467599,0.14818028562390603,0.0016708829945025663,3031.57192452535,0.40826821814436154,0.019081055374045922,0.8071219625982451,-1.4190448816009393e-10,5.093703236980218e-13,5,1.0000000000000004,6000876.117468217,241.36385785592108,0.40826821814436154,0.019081055374045922,0.0016709020228583484,3.1422065499892916e-05,-1.900674514870925e-08,0.040826821814436136,2.1847739028920274e-11
2172605387459.981,2403099277.72228,0.1481857930164965,0.0016713584532356417,3031.7312246284955,0.407936983320564,0.01899803491270123,0.8067344670070753,-1.4499312861460112e-10,1.8058887718552796e-12,5,1.0000000000000004,6003334.344751618,241.34578503386925,0.407936983320564,0.01899803491270123,0.001671377892079872,3.144133382102724e-05,-1.941722837288623e-08,0.04079369833205644,2.185819308565571e-11
2175013345507.8887,2407958047.9075313,0.1481914494659246,0.001671816191072875,3031.8809147674406,0.4076047474055286,0.01891518621634862,0.8185422887760362,-1.483566602900055e-10,-1.8964829706646924e-12,5,1.0000000000000004,6005796.52632281,241.326993667233,0.4076047474055286,0.01891518621634862,0.0016718360028138207,3.146039507700378e-05,-1.9790120452560498e-08,0.04076047474055287,2.186851789555753e-11
2177408705904.5852,2395360396.6965027,0.1481971997721005,0.0016722554298392886,3032.0212122708285,0.4072739224702626,0.018833111448019826,0.8180753418435271,-1.4645418211500782e-10,-1.4849232954361469e-12,5,1.0000000000000004,6008245.209457569,241.30768696687028,0.4072739224702626,0.018833111448019826,0.001672275579803779,3.1479132480528475e-05,-2.012833074462935e-08,0.04072739224702626,2.187865457429992e-11
2179792214503.9062,2383508599.3212132,0.14820303104464053,0.0016726786924829492,3032.1533978189477,0.4069444119089694,0.018751782728902495,0.8155775063981018,-1.4479728527305724e-10,-1.3677947663381929e-12,5,1.0000000000000004,6010681.502465399,241.28792303337107,0.4069444119089694,0.018751782728902495,0.0016726991441745843,3.1497572554431526e-05,-2.0430045213414745e-08,0.040694441190896956,2.1888621396910316e-11
2182167559047.1108,2375344543.204741,0.1482089369063379,0.0016730897348224117,3032.279242954338,0.4066157113436745,0.018671071781294676,0.8129592382610795,-1.442805874773967e-10,-1.5765166949677223e-13,5,1.0000000000000004,6013109.6865566755,241.26775906778164,0.4066157113436745,0.018671071781294676,0.0016731104457735353,3.151577246939594e-05,-2.068929406286266e-08,0.04066157113436745,2.189845481508254e-11
2184538576424.5002,2371017377.3895426,0.1482149155343744,0.0016734911777368407,3032.3999570019405,0.4062872937697289,0.01859084656230186,0.81111882536955,-1.449401709763265e-10,9.103828801926284e-13,5,1.0000000000000004,6015534.003731845,241.2472185174083,0.4062872937697289,0.01859084656230186,0.0016735121179203903,3.1533779587918544e-05,-2.091851792192305e-08,0.04062872937697291,2.1908184012632296e-11
2186907957993.5974,2369381569.0972457,0.1482209790728807,0.0016738821742494693,3032.515034749146,0.40595878910337085,0.01851101563059726,0.8135075022300263,-1.4660039848735096e-10,-5.927480728473711e-13,5,1.0000000000000004,6017956.917903699,241.22623777376907,0.40595878910337085,0.01851101563059726,0.0016739033967023314,3.155160021138357e-05,-2.1200780444144805e-08,0.040595878910337106,2.1917809767445886e-11
2189272226156.584,2364268162.98647,0.14822710006889256,0.0016742658746988909,3032.6261863969125,0.40563068259741963,0.018431694961861027,0.8073321155002698,-1.470750188303782e-10,-1.096123192212417e-12,5,1.0000000000000004,6020375.525433199,241.20495200095647,0.40563068259741963,0.018431694961861027,0.0016742872613698097,3.156924249130754e-05,-2.1364989818205606e-08,0.040563068259741965,2.1927343335487244e-11
2191640397540.9873,2368171384.4034286,0.14823328181455975,0.0016746479469059718,3032.7359462644135,0.40530172457282515,0.018352580567314303,0.8052684536893894,-1.504169011568024e-10,6.257216966787382e-13,5,1.0000000000000004,6022799.880937467,241.18341009815194,0.40530172457282515,0.018352580567314303,0.001674669456823021,3.158681654475375e-05,-2.1488232091456233e-08,0.04053017245728247,2.1936852846545747e-11
2194015516112.4612,2375118571.474266,0.1482395223314001,0.0016750295955217456,3032.8448803314063,0.40497149165523977,0.018273571225574232,0.8046563285124542,-1.548611239243769e-10,1.7208456881689926e-13,5,1.0000000000000004,6025233.268770632,241.16160840681866,0.40497149165523977,0.018273571225574232,0.0016750512157719302,3.1604352430127736e-05,-2.1598563225066858e-08,0.040497149165523987,2.1946356401360534e-11
2196398508139.4539,2382992026.9926167,0.14824581654620606,0.001675411831875877,3032.953498325508,0.4046398538137299,0.018194637091341365,0.8037377110733933,-1.5971390876501346e-10,-7.72937269744034e-13,5,1.0000000000000004,6027676.824239616,241.1395662883691,0.4046398538137299,0.018194637091341365,0.0016754335428641987,3.162186569781437e-05,-2.1689300043749556e-08,0.04046398538137301,2.19558645712036e-11
2198790765645.1697,2392257505.715784,0.14825215503857828,0.0016757967490539255,3033.0628435644776,0.40430661561434755,0.01811573292280584,0.802421885187643,-1.6524315249455412e-10,6.23945339839338e-13,5,1.0000000000000004,6030132.385076801,241.11733006007026,0.40430661561434755,0.01811573292280584,0.0016758185216507872,3.1639385789822986e-05,-2.1750908378363316e-08,0.04043066156143474,2.1965397544815662e-11
2201194292908.702,2403527263.5325375,0.14825852470382683,0.0016761883487253018,3033.1748597428355,0.40397149546557815,0.01803679320540087,0.7986321377134731,-1.7169732302591e-10,-1.4260814751310136e-12,5,1.0000000000000004,6032602.792691355,241.09499552193031,0.40397149546557815,0.01803679320540087,0.001676210104661798,3.165696517853936e-05,-2.1734249301480004e-08,0.040397149546557834,2.1974991673258154e-11
2203614865831.7036,2420572923.0015683,0.14826493238787933,0.0016765879808664757,3033.29008566404,0.4036336839756162,0.017957629957334686,0.799525542612145,-1.8064627571590108e-10,-5.697664562376303e-13,5,1.0000000000000004,6035094.180126251,241.0725304840632,0.4036336839756162,0.017957629957334686,0.001676609732350976,3.1674652692194856e-05,-2.1729802694297617e-08,0.0403633683975616,2.1984675533228742e-11
2206051242932.199,2436377100.495308,0.14827135368782746,0.0016769992219917878,3033.4103861189683,0.403293349633756,0.017878285511956783,0.7946870579991772,-1.896910406529173e-10,-4.71955807768154e-13,5,1.0000000000000004,6037606.111371081,241.0500653666768,0.403293349633756,0.017878285511956783,0.0016770208697487353,3.1692478492559134e-05,-2.1626080585445946e-08,0.04032933496337559,2.1994473817216382e-11
2208510981485.495,2459738553.295878,0.14827778278861592,0.001677428844414881,3033.5388792165904,0.40294943040164155,0.017798515053688846,0.7909176890155689,-2.0229562469609164e-10,-1.6497914145929826e-13,5,1.0000000000000004,6040147.62481429,241.02771095835888,0.40294943040164155,0.017798515053688846,0.00167745030768318,3.171055738606588e-05,-2.1441603173815423e-08,0.04029494304016415,2.2004461730995044e-11
2211000215995.484,2489234509.988722,0.14828421100950528,0.001677881686766744,3033.6778355559536,0.4026010594040731,0.017718122276135166,0.7977600680053598,-2.18417284258976e-10,5.102585021177219e-13,5,1.0000000000000004,6042726.03116374,241.00553969851865,0.4026010594040731,0.017718122276135166,0.0016779029011752765,3.172897724353333e-05,-2.1192760314110498e-08,0.04026010594040727,2.2014696716260704e-11
2213508473820.543,2508257825.059113,0.14829058288377817,0.001678359364137936,3033.8285453556355,0.4022496943500212,0.01763744539224096,0.8072612117659972,-2.3099755441791103e-10,-1.6125989432680399e-12,5,1.0000000000000004,6045331.432548679,240.98377245280702,0.4022496943500212,0.01763744539224096,0.001678380266114275,3.1747703056996667e-05,-2.0880338867922134e-08,0.04022496943500213,2.202516797319565e-11
2216020982915.318,2512509094.7750096,0.14829683058968463,0.0016788633078766834,3033.9923411935974,0.401897401533469,0.01755695308898702,0.8080371649565876,-2.3741397736642966e-10,-3.6703973194107675e-13,5,1.0000000000000004,6047949.559550135,240.96269165343,0.401897401533469,0.01755695308898702,0.0016788838154344393,3.1766676527706496e-05,-2.0485920489154536e-08,0.04018974015334691,2.203585252414906e-11
2218536541776.758,2515558861.439762,0.14830291864802622,0.0016793978087630103,3034.171515360202,0.40154434888432217,0.017476673398313824,0.8087676001133914,-2.4359203543156127e-10,-5.099254352103344e-13,5,1.0000000000000004,6050580.287822771,240.94247341762937,0.40154434888432217,0.017476673398313824,0.001679417832908645,3.178594503667622e-05,-2.0002507935617974e-08,0.0401544348884322,2.204678686370274e-11
2221054016512.6357,2517474735.8781257,0.1483087994691017,0.0016799693853272828,3034.369487536145,0.4011906951836111,0.017396629608286755,0.809642408117206,-2.4965196576687276e-10,-5.954126081064715e-13,5,1.0000000000000004,6053224.035493117,240.92336503455644,0.4011906951836111,0.017396629608286755,0.0016799888202484719,3.180558095960342e-05,-1.941328257124893e-08,0.040119069518361125,2.205802568349852e-11
2223572047129.1987,2518030616.562874,0.14831445991419323,0.001680574546650771,3034.584802652702,0.40083663131283775,0.017316852486081728,0.8103451298868691,-2.557037914741045e-10,2.7755575615628914e-13,5,1.0000000000000004,6055879.043243928,240.90531857956006,0.40083663131283775,0.017316852486081728,0.0016805934077594696,3.1825555346970275e-05,-1.8839468878681894e-08,0.040083663131283795,2.206954918603764e-11
2226089541467.9814,2517494338.782967,0.14831985801838488,0.0016812203452349441,3034.821059831342,0.400482310839879,0.01723736247846873,0.81131481088903,-2.6155766441604555e-10,6.379341499496149e-13,5,1.0000000000000004,6058545.85254198,240.88859517772207,0.400482310839879,0.01723736247846873,0.001681238490838791,3.1845945720470324e-05,-1.8123962166984434e-08,0.04004823108398788,2.208141574901713e-11
2228604995063.107,2515453595.1251187,0.14832492441163017,0.0016819134335641472,3035.081953523315,0.4001279456758802,0.017158190485818948,0.8124280148624763,-2.669300336322067e-10,-1.9806378759312793e-13,5,1.0000000000000004,6061224.58291007,240.8734580704665,0.4001279456758802,0.017158190485818948,0.0016819307171542228,3.1866827176826556e-05,-1.7261945346764408e-08,0.04001279456758804,2.2093682132119624e-11
2231116687014.9336,2511691951.826872,0.14832914189614688,0.001682666192477635,3035.3783388390148,0.3997737763161364,0.017079374219922845,0.828219644533057,-2.7134527957883847e-10,6.794564910705958e-14,5,1.0000000000000004,6063911.548211101,240.86239822462227,0.3997737763161364,0.017079374219922845,0.0016826806758086135,3.188847532636111e-05,-1.4461680823645897e-08,0.03997737763161362,2.2106738588872333e-11
2233600598524.047,2483911509.1132774,0.14833261045819712,0.0016834757848230963,3035.707887279657,0.39942319190720166,0.017001645933826942,0.8147217084308878,-2.6392710239520056e-10,-1.6542323066914832e-13,5,1.0000000000000004,6066584.7979805255,240.85486349138714,0.39942319190720166,0.017001645933826942,0.0016834890638715214,3.1910707334558565e-05,-1.3257372344620745e-08,0.03994231919072015,2.212039530376579e-11
2236077301836.7773,2476703312.7308125,0.14833553184284864,0.001684360421552627,3036.0767140579605,0.39907329355951343,0.016924333441382798,0.8162436038183785,-2.6792590368529545e-10,-1.1565193247520256e-12,5,1.0000000000000004,6069271.2436338235,240.84994830421468,0.39907329355951343,0.016924333441382798,0.0016843722630004905,3.193373702603232e-05,-1.1819764466458796e-08,0.03990732935595134,2.21346810908723e-11
2238544514576.626,2467212739.848451,0.14833779810359177,0.001685333987809177,3036.492139179001,0.39872440491267264,0.016847477831416918,0.8182327493333474,-2.712602364951522e-10,-1.425526363618701e-12,5,1.0000000000000004,6071971.844666908,240.84817038745285,0.39872440491267264,0.016847477831416918,0.001685344081019083,3.1957720223431905e-05,-1.007151735814658e-08,0.03987244049126723,2.214971222181351e-11
2240999283854.94,2454769278.3138747,0.14834078854570723,0.0016861630490827787,3036.8348927679604,0.39837694528360207,0.01677117859603851,0.8081818941851893,-2.5801860648044794e-10,-1.1574075031717257e-12,5,1.0000000000000004,6074639.113093677,240.84280263453527,0.39837694528360207,0.01677117859603851,0.0016861789755899027,3.19803510946964e-05,-1.5904778392279815e-08,0.0398376945283602,2.216379313524715e-11
2243456812736.7007,2457528881.761291,0.14834526695829578,0.001686754102513716,3037.0551403970253,0.39802876333546927,0.01669508142560845,0.8080068991667133,-2.631909135075716e-10,-1.4973577933119486e-12,5,1.0000000000000004,6077265.137897433,240.8301348561925,0.39802876333546927,0.01669508142560845,0.0016867705486130927,3.200051560654925e-05,-1.6424367224485684e-08,0.039802876333546955,2.2176090582083303e-11
2245917370730.0103,2460557993.3097005,0.1483497473291752,0.0016873469670383701,3037.2761071092946,0.3976798203471535,0.01661918074909308,0.8083219543708609,-2.6934787733523535e-10,-2.1969093211282598e-12,5,1.0000000000000004,6079898.127001218,240.81745636416238,0.3976798203471535,0.01661918074909308,0.001687363406873866,3.2020682850928046e-05,-1.641810155550748e-08,0.039767982034715335,2.2188423812754047e-11
2248380481411.584,2463110681.573525,0.1483542266914172,0.0016879415738392369,3037.497791681223,0.39733018342769105,0.016543490826483882,0.8083494057453677,-2.7538737956689374e-10,-6.429301535604282e-13,5,1.0000000000000004,6082537.713234291,240.80478903061547,0.39733018342769105,0.016543490826483882,0.0016879580077557546,3.204085515494094e-05,-1.641218056005072e-08,0.039733018342769114,2.2200795349596197e-11
2250846105562.5864,2465624151.002334,0.1483587048224989,0.0016885379691691392,3037.720216584983,0.39697985776853184,0.01646801236619045,0.8083870434161256,-2.8155533460250126e-10,1.52478030202019e-12,5,1.0000000000000004,6085183.892003362,240.79213756710652,0.39697985776853184,0.01646801236619045,0.0016885543930835979,3.206103324433484e-05,-1.6402176669627075e-08,0.039697985776853184,2.2213206111074743e-11
2253314188290.17,2468082727.583638,0.14836318075333282,0.0016891364123129116,3037.943507697739,0.3966288507999727,0.016392746456491677,0.8084159214272191,-2.878247640225595e-10,-2.2282176104226892e-13,5,1.0000000000000004,6087836.687784712,240.7795133026944,0.3966288507999727,0.016392746456491677,0.0016891528223871282,3.208122000937137e-05,-1.638833473321608e-08,0.03966288507999725,2.2225658608037868e-11
2255784687919.4478,2470499629.2779155,0.14836765611089237,0.0016897365203698445,3038.167475521453,0.3962771680911096,0.016317693850755696,0.8084296576615912,-2.942052157450803e-10,-7.87592213669086e-13,5,1.0000000000000004,6090496.015096349,240.7669068071257,0.3962771680911096,0.016317693850755696,0.0016897529216605503,3.2101411748629526e-05,-1.637954968449767e-08,0.03962771680911099,2.2238150402298765e-11
2258257585808.115,2472897888.667306,0.14837213105253777,0.0016903382393596228,3038.392093604438,0.39592481194128354,0.01624285465064849,0.8084507530092822,-3.0072222489962996e-10,-1.3179457525325233e-12,5,1.0000000000000004,6093161.870552812,240.75431852214535,0.39592481194128354,0.01624285465064849,0.0016903546310292968,3.2121608121087354e-05,-1.6369927314600325e-08,0.03959248119412833,2.2250681563721894e-11
2260732851989.434,2475266181.3190417,0.14837660218289128,0.0016909423126933263,3038.617730127139,0.39557178626672546,0.016168229142313213,0.8085080988040616,-3.0732005829037234e-10,-2.1309620734655255e-12,5,1.0000000000000004,6095834.39673585,240.7417728415817,0.39557178626672546,0.016168229142313213,0.0016909586751485603,3.2141816839624365e-05,-1.6340711636476962e-08,0.039557178626672525,2.226325810109653e-11
2263210400863.154,2477548873.7191944,0.14838107316789897,0.001691547947028853,3038.8439903992125,0.3952181029340789,0.01609381929701137,0.8085005481772711,-3.1411118150970196e-10,1.580957587066223e-12,5,1.0000000000000004,6098513.3882078575,240.72925096920648,0.3952181029340789,0.01609381929701137,0.0016915643048569017,3.216203034860141e-05,-1.6336083507840044e-08,0.03952181029340789,2.227587483323193e-11
2265690246113.991,2479845250.837954,0.14838554665847825,0.0016921546972503076,3039.070646872657,0.39486375965271053,0.01601962438703965,0.8085047853434446,-3.2099600755230995e-10,-1.318944953254686e-13,5,1.0000000000000004,6101198.790727068,240.71674044253555,0.39486375965271053,0.01601962438703965,0.001692171053258489,3.2182244179124035e-05,-1.6334262827797792e-08,0.039486375965271055,2.2288528776950633e-11
2268172383366.254,2482137252.2624736,0.14839002317006875,0.0016927620488127778,3039.2974629261803,0.3945087567094198,0.015945644416115266,0.8084983510459054,-3.280675731076599e-10,-6.750155989720952e-14,5,1.0000000000000004,6103890.5184054375,240.7042265869045,0.3945087567094198,0.015945644416115266,0.001692778405422032,3.2202453034805824e-05,-1.633486337829119e-08,0.03945087567094197,2.2301216327483616e-11
2270656824624.271,2484441258.0174327,0.1483944990245691,0.001693370846040473,3039.5248549251614,0.39415309204563403,0.015871878700221602,0.8085318292661015,-3.3525160425540435e-10,-1.7189583090271299e-12,5,1.0000000000000004,6106588.770293409,240.69173547032653,0.39415309204563403,0.015871878700221602,0.0016933871883073393,3.22226655879833e-05,-1.6320520627486418e-08,0.03941530920456342,2.23139441782755e-11
2273143520542.804,2486695918.533275,0.1483989748046079,0.0016939806648466685,3039.7526261492376,0.39379677238615907,0.01579832831029732,0.8085156877335464,-3.427099715125337e-10,2.460254222569347e-13,5,1.0000000000000004,6109293.443359823,240.67925838214816,0.39379677238615907,0.01579832831029732,0.0016939970138908163,3.224287794610099e-05,-1.6327297982020207e-08,0.0393796772386159,2.2326709846128447e-11
2275632498013.087,2488977470.2827344,0.14840346022422082,0.0016945892933252348,3039.9796847604625,0.3934397935481767,0.01572499287667156,0.8084457825408009,-3.504346812732706e-10,-4.0023540037736893e-13,5,1.0000000000000004,6112004.136644058,240.66672788360412,0.3934397935481767,0.01572499287667156,0.0016946056667302663,3.226306706022789e-05,-1.635165937774873e-08,0.03934397935481764,2.233949663804124e-11
2278123866834.0796,2491368820.9930434,0.1484079507564512,0.0016951974321705663,3040.2063917802398,0.3930821394416341,0.015651869483706955,0.8084216757131557,-3.583197072387634e-10,8.335554468885675e-13,5,1.0000000000000004,6114721.108481195,240.65416189881734,0.3930821394416341,0.015651869483706955,0.0016952138242592495,3.228323983992156e-05,-1.6370343795869044e-08,0.03930821394416338,2.2352309865519588e-11
2280617666484.5845,2493799650.5047345,0.14841244552199634,0.0016958060590850084,3040.433194679477,0.3927238040389822,0.015578957035310986,0.8084421621035176,-3.663989112112631e-10,-1.3711254354120683e-12,5,1.0000000000000004,6117444.606126565,240.64158921961786,0.3927238040389822,0.015578957035310986,0.001695822449679369,3.230340607853827e-05,-1.6368850545194035e-08,0.039272380403898244,2.236515706673874e-11
2283113867708.1724,2496201223.5877113,0.14841694259102878,0.0016964158084315385,3040.6603973426318,0.3923647911838803,0.015506256114009182,0.8084550379150457,-3.746417620575926e-10,-2.1460611066004276e-12,5,1.0000000000000004,6120174.751731425,240.6290310461624,0.3923647911838803,0.015506256114009182,0.0016964321938162169,3.232357239256324e-05,-1.636364218326514e-08,0.039236479118388005,2.2378043471126727e-11
2285612452920.5776,2498585212.405206,0.1484214383226939,0.0016970270216727578,3040.8881896501803,0.39200510305047764,0.01543376688783654,0.808490330239664,-3.8291936288459283e-10,-1.2245759961615477e-13,5,1.0000000000000004,6122911.618553253,240.61649902850775,0.39200510305047764,0.01543376688783654,0.0016970433885567103,3.234374229678715e-05,-1.6345142805104407e-08,0.03920051030504777,2.2390972002874832e-11
2288113369811.66,2500916891.0822577,0.1484259275556129,0.0016976403140060254,3041.116899481932,0.3916447468180132,0.015361490191949422,0.8085144082015105,-3.9147629582458876e-10,2.6068036618198676e-13,5,1.0000000000000004,6125655.310637608,240.60401521668825,0.3916447468180132,0.015361490191949422,0.001697656667142979,3.236392256168109e-05,-1.633139759122381e-08,0.03916447468180132,2.2403948001449656e-11
2290616583283.0366,2503213471.3762493,0.14843040396219356,0.001698257271654926,3041.347301102537,0.39128372719475657,0.015289426188183203,0.8086698594089725,-4.002772557853973e-10,9.64783808399261e-13,5,1.0000000000000004,6128406.128953884,240.59162834766045,0.39128372719475657,0.015289426188183203,0.0016982735492823801,3.238412928849286e-05,-1.6255890244250538e-08,0.039128372719475626,2.2416983670925117e-11
2293121854613.8403,2505271330.8035016,0.14843486794762153,0.0016988777132125512,3041.579307818988,0.390922078286127,0.015217580225862748,0.8086590191913601,-4.0946057655588675e-10,2.2724044868027704e-12,5,1.0000000000000004,6131163.861749697,240.5793449054518,0.390922078286127,0.015217580225862748,0.0016988939694854456,3.240436207966857e-05,-1.6234538438774744e-08,0.03909220782861271,2.2430079206483174e-11
2295629202301.362,2507347687.521703,0.14843933015986746,0.0016994993516955357,3041.811785924105,0.3905597971237066,0.01514595151969455,0.8086931757578242,-4.1872139089349503e-10,7.132072710192006e-13,5,1.0000000000000004,6133928.084450919,240.56709560065832,0.3905597971237066,0.01514595151969455,0.0016995155694300873,3.242459707093412e-05,-1.6196002950902168e-08,0.039055979712370674,2.2443217325467733e-11
2298138575070.93,2509372769.568135,0.14844378196852387,0.0017001245500809672,3042.0458804629375,0.3901968908098417,0.015074540411804359,0.8087821717905896,-4.281635046510246e-10,-3.955724636739433e-13,5,1.0000000000000004,6136699.252355562,240.55495512260654,0.3901968908098417,0.015074540411804359,0.0017001407134043793,3.244485914573183e-05,-1.6141594927033372e-08,0.03901968908098419,2.2456416709634753e-11
2300649836380.78,2511261309.84944,0.14844822301230734,0.0017007525510055106,3042.281255126373,0.38983337880118685,0.015003349775155812,0.8088140363016194,-4.3767167667851936e-10,9.838796444228137e-13,5,1.0000000000000004,6139477.1162964245,240.5429065257983,0.38983337880118685,0.015003349775155812,0.0017007686695571466,3.2465141007099086e-05,-1.609682633485895e-08,0.038983337880118686,2.2469672353785376e-11
2303162938146.939,2513101766.1592913,0.14845265682030917,0.001701382559159903,3042.5175171670917,0.389469267785476,0.014932380238835228,0.8088280528673053,-4.4737258342308905e-10,-8.36664071357518e-13,5,1.0000000000000004,6142261.499048998,240.53092986773018,0.389469267785476,0.014932380238835228,0.0017013986432222268,3.248543489983603e-05,-1.6062340496521162e-08,0.0389469267785476,2.2482978931370974e-11
2305677859926.823,2514921779.8845124,0.1484570840810194,0.001702014289439158,3042.754531383461,0.38910456045435204,0.014861631796664204,0.808842174349067,-4.5724946051706183e-10,7.369660437461789e-13,5,1.0000000000000004,6145052.348729638,240.5190188544697,0.38910456045435204,0.014861631796664204,0.001702030342345464,3.250573813301238e-05,-1.6031188216459293e-08,0.038910456045435214,2.2496334801071015e-11
2308194581068.6465,2516721141.823071,0.1484615055350454,0.0017026470362975295,3042.9919743327014,0.388739259535313,0.01479110462950091,0.8088200109668264,-4.674038933671909e-10,1.3278267374516872e-13,5,1.0000000000000004,6147849.529675088,240.5071542389309,0.388739259535313,0.01479110462950091,0.0017026630734431358,3.252604368020263e-05,-1.6015431694923323e-08,0.03887392595353128,2.2509735088978653e-11
2310713137365.986,2518556297.3394876,0.14846592173553674,0.0017032806191097198,3043.22975932901,0.3883733595618887,0.014720797541797344,0.8088278463658227,-4.777609419193141e-10,-7.590594819362195e-13,5,1.0000000000000004,6150653.057452496,240.4953306988642,0.3883733595618887,0.014720797541797344,0.0017032966340873488,3.2546349617776044e-05,-1.599326821099376e-08,0.03883733595618887,2.2523178717621073e-11
2313233517949.016,2520380583.029944,0.14847033186358344,0.0017039149681040708,3043.4678633437625,0.3880068618399162,0.014650710590410104,0.8088130576400232,-4.883130566568639e-10,1.6542323066914832e-13,5,1.0000000000000004,6153462.929204402,240.4835473554633,0.3880068618399162,0.014650710590410104,0.0017039309672087898,3.25666552764255e-05,-1.5977400097456186e-08,0.03880068618399164,2.2536665513581467e-11
2315755747197.6436,2522229248.627932,0.14847473530940297,0.0017045499153275786,3043.706217414061,0.38763976255084326,0.014580842974838611,0.8088098557568202,-4.989815227673944e-10,-1.3590240044436541e-12,5,1.0000000000000004,6156279.152311678,240.4717992130485,0.38763976255084326,0.014580842974838611,0.0017045658948652428,3.258695881288973e-05,-1.5957838008455355e-08,0.03876397625508431,2.2550194446966564e-11
2318279831463.947,2524084266.303195,0.1484791303757186,0.0017051860192434137,3043.945087997108,0.38727206049255275,0.014511194179778683,0.8088100955649935,-5.100047051342926e-10,-1.9768631176475537e-12,5,1.0000000000000004,6159101.868767869,240.4601032048568,0.38727206049255275,0.014511194179778683,0.0017052019777372177,3.2607265999438054e-05,-1.5936799687074916e-08,0.03872720604925526,2.256377005809275e-11
2320805771737.766,2525940273.8192444,0.1484835181734006,0.0017058218739198364,3044.183836066614,0.3869037552488067,0.014441764212217637,0.8087489983266138,-5.21211074300254e-10,4.685141163918161e-13,5,1.0000000000000004,6161930.818747689,240.4484180193319,0.3869037552488067,0.014441764212217637,0.0017058378313958055,3.262756232083364e-05,-1.593578768052334e-08,0.03869037552488065,2.2577381963463457e-11
2323333664863.754,2527893125.9880238,0.1484878989837169,0.0017064577154505577,3044.4225642053493,0.38653483241550957,0.014372550521060082,0.8087322933558738,-5.326731278287866e-10,-1.7830181775480014e-12,5,1.0000000000000004,6164766.159026401,240.4367488678363,0.38653483241550957,0.014372550521060082,0.0017064736675523392,3.2647850049317985e-05,-1.593041973343334e-08,0.038653483241550955,2.2591032164631086e-11
2325863538479.509,2529873615.7553506,0.1484922729365415,0.0017070934452499405,3044.6612271954286,0.38616528766470987,0.01430355247093391,0.8087048997129642,-5.444009687494145e-10,-8.431033649003439e-13,5,1.0000000000000004,6167607.912739727,240.42509245218173,0.38616528766470987,0.01430355247093391,0.0017071093924311638,3.266812793218698e-05,-1.5925505846480074e-08,0.038616528766470995,2.2604720082829158e-11
2328395437017.6636,2531898538.1546416,0.14849664042621158,0.0017077286623944667,3044.899642390969,0.38579511420994855,0.014234769067656423,0.8086546865460065,-5.563997040880508e-10,-8.909539772616881e-13,5,1.0000000000000004,6170456.059264849,240.4134362681626,0.38579511420994855,0.014234769067656423,0.0017077446127719996,3.268839163516367e-05,-1.592870926964889e-08,0.03857951142099487,2.2618442876872128e-11
2330929440769.407,2534003751.7436843,0.1485010025598431,0.0017083631435861404,3045.13769920073,0.3854243000067987,0.014166198453206335,0.8086048086664022,-5.687329496240068e-10,-9.164891068280667e-13,5,1.0000000000000004,6173310.647293179,240.40177212771997,0.3854243000067987,0.014166198453206335,0.0017083791023250348,3.2708638620406956e-05,-1.5937078297878966e-08,0.03854243000067989,2.2632199025832414e-11
2333465629702.54,2536188933.1325274,0.14850537299979324,0.0017089941834284661,3045.374052658358,0.3850528330497425,0.01409783952872083,0.8084128833019122,-5.81773185182044e-10,6.128431095930864e-14,5,1.0000000000000004,6176171.222796771,240.390017181389,0.3850528330497425,0.01409783952872083,0.0017090101949649023,3.2728840392470555e-05,-1.5989884715441398e-08,0.038505283304974255,2.2645967897507762e-11
2336004307001.576,2538677299.0363145,0.14850973608331408,0.001709626490279485,3045.610961677917,0.38468066857076555,0.014029684334902166,0.8085806746382929,-5.9556493070545e-10,-6.774580896262705e-13,5,1.0000000000000004,6179039.036033895,240.37830242095785,0.38468066857076555,0.014029684334902166,0.0017096424665193114,3.274904495033626e-05,-1.595459823472839e-08,0.03846806685707656,2.2659785120147368e-11
2338545211431.0464,2540904429.470109,0.14851408827622314,0.0017102609349001936,3045.8488497615344,0.38430784450077465,0.013961739204269432,0.8086198938217493,-6.09375883087182e-10,2.2648549702353193e-14,5,1.0000000000000004,6181914.032114043,240.3666624429937,0.38430784450077465,0.013961739204269432,0.0017102768751384961,3.276926139048166e-05,-1.5918606836209102e-08,0.03843078445007747,2.2673657904505552e-11
2341088283271.2725,2543071840.225997,0.1485184295491529,0.0017108976465262226,3046.0877739679636,0.3839343692789654,0.013894005021607517,0.8086723524147743,2.220446049250313e-16,-5.255443857876685e-10,5,1.0000000000000004,6184796.2083310345,240.35510382667297,0.3839343692789654,0.013894005021607517,0.0017109135436450872,3.278949126332054e-05,-1.5874431276424483e-08,0.03839343692789654,2.268758774131153e-11
2343633441814.8105,2545158543.5381756,0.1485227568728758,0.0017115373167005718,3046.3280722613554,0.38356025444063585,0.013826482979055206,0.8087491021324666,1.1102230246251565e-15,-5.359351851197403e-10,5,1.0000000000000004,6187685.655724533,240.34365177938957,0.38356025444063585,0.013826482979055206,0.00171155315955739,3.280974219955976e-05,-1.5820155235467412e-08,0.038356025444063586,2.2701580662397036e-11
2346180567905.059,2547126090.2481127,0.14852704978580064,0.0017121849840013089,3046.5721947549923,0.38318551717086224,0.01375917395915398,0.8091216469052753,0,-5.492825083663888e-10,5,1.0000000000000004,6190583.309403804,240.33246134895037,0.38318551717086224,0.01375917395915398,0.0017122006795651761,3.283006704763672e-05,-1.5672848191073132e-08,0.038318551717086244,2.271567595524793e-11
2348729076154.1245,2548508249.0653243,0.1485313281405218,0.0017128343236737693,3046.8171221204243,0.3828102433640389,0.013692092031115871,0.8089088104901165,-6.661338147750939e-16,-5.6311821872157e-10,5,1.0000000000000004,6193487.364751326,240.32136537760883,0.3828102433640389,0.013692092031115871,0.0017128499949121544,3.285040154980555e-05,-1.564850855923385e-08,0.03828102433640389,2.2729826830963553e-11
2351279302747.8457,2550226593.7213016,0.14853559546943543,0.001713485090343393,3047.0627084542593,0.3824343833059842,0.013625227958947253,0.808952901332205,4.440892098500626e-16,-5.747534670419441e-10,5,1.0000000000000004,6196398.132912338,240.31034953255391,0.3824343833059842,0.013625227958947253,0.0017135007195240922,3.287074360031195e-05,-1.5606436666618646e-08,0.03824343833059841,2.274403197592658e-11
2353831179298.758,2551876550.9127707,0.14853984994851466,0.001714137595244153,3047.3091102973544,0.38205794681860555,0.013558582967242602,0.808976503008374,-9.992007221626409e-16,-5.874455366594589e-10,5,1.0000000000000004,6199315.632943192,240.29942613435009,0.38205794681860555,0.013558582967242602,0.0017141531801985836,3.28910965487282e-05,-1.556219613804683e-08,0.03820579468186057,2.2758294234568325e-11
2356384669624.8403,2553490326.082494,0.14854409026505788,0.0017147917704899804,3047.5563103381583,0.38168093899394245,0.01349215744255019,0.8089958469792435,-5.551115123125783e-16,-6.006665165259051e-10,5,1.0000000000000004,6202239.840207252,240.28859521318452,0.38168093899394245,0.01349215744255019,0.0017148073101352947,3.2911459833796695e-05,-1.551687270141544e-08,0.03816809389939423,2.2772613537860514e-11
2358939744198.77,2555074573.9293895,0.14854831753459408,0.0017154475729343952,3047.8042773818875,0.38130336395114356,0.013425951591463323,0.8090082992406877,-2.220446049250313e-16,-6.144906805616301e-10,5,1.0000000000000004,6205170.741864943,240.27785787904898,0.38130336395114356,0.013425951591463323,0.0017154630688410433,3.293183321277171e-05,-1.5473119658283742e-08,0.03813033639511437,2.278699008461958e-11
2361496384327.314,2556640128.5438123,0.1485525174517493,0.0017161077073429012,3048.0543586322024,0.380925224197106,0.013359964656566373,0.8091922931718898,-2.220446049250313e-16,-6.262813601054518e-10,5,1.0000000000000004,6208108.894528863,240.2672962858658,0.380925224197106,0.013359964656566373,0.0017161231132589616,3.29522451033435e-05,-1.5383114615607485e-08,0.03809252241971058,2.2801445151915395e-11
2364054300111.0117,2557915783.698385,0.14855669564703156,0.0017167706764228733,3048.3058300310777,0.380546562394591,0.013294203051636823,0.8092356873490303,4.440892098500626e-16,-6.387786966044473e-10,5,1.0000000000000004,6211053.730555501,240.2568756666465,0.380546562394591,0.013294203051636823,0.0017167859997506342,3.297268018855295e-05,-1.5300511792193197e-08,0.038054656239459146,2.2815967896473022e-11
2366613423568.8237,2559123457.8116093,0.14856083281943722,0.0017174410672833756,3048.560924164334,0.3801673883918298,0.013228666014852645,0.8094628828336781,-1.2212453270876722e-15,-6.5406124960532e-10,5,1.0000000000000004,6214006.16248345,240.24673868199548,0.3801673883918298,0.013228666014852645,0.001717456277693537,3.299318774210403e-05,-1.5187579568272986e-08,0.03801673883918299,2.283059496073815e-11
2369173395935.971,2559972367.1470413,0.14856496377206294,0.0017181092886712941,3048.8150260710486,0.37978775522473096,0.013163362799577026,0.8091319403380481,-5.551115123125783e-16,-6.695506371556803e-10,5,1.0000000000000004,6216963.9147000415,240.2366102011039,0.37978775522473096,0.013163362799577026,0.0017181244981886135,3.301366789949615e-05,-1.5186672067538252e-08,0.037978775522473106,2.2845253041633807e-11
2371734741140.4424,2561345204.4707527,0.1485690874248099,0.0017187765302885117,3049.0686754166322,0.37940758505025296,0.01309828054385286,0.8091093361972668,-1.5543122344752192e-15,-6.833220655977357e-10,5,1.0000000000000004,6219927.767853483,240.22651414741705,0.37940758505025296,0.01309828054385286,0.001718791721277862,3.303413318853133e-05,-1.5168129401383485e-08,0.03794075850502527,2.2859951762902352e-11
2374297495715.6196,2562754575.178016,0.1485732003751117,0.0017194435494532012,3049.322243354841,0.37902687222448544,0.013033418485952556,0.8090697994900253,-1.6653345369377348e-15,-6.976335065189687e-10,5,1.0000000000000004,6222897.923825056,240.21647118994946,0.37902687222448544,0.013033418485952556,0.0017194587196890394,3.3054590989447585e-05,-1.514736114416512e-08,0.03790268722244853,2.2874696898340806e-11
2376861723087.5903,2564227371.9706316,0.14857730145342493,0.0017201114668641165,3049.5762387794107,0.37864560709268075,0.01296877490498554,0.8091162684298325,-2.220446049250313e-16,-7.1080241692556e-10,5,1.0000000000000004,6225874.685337489,240.20651454302632,0.37864560709268075,0.01296877490498554,0.0017201265936144972,3.307505271420859e-05,-1.510386088337249e-08,0.0378645607092681,2.288949737799553e-11
2379427350425.3887,2565627337.798728,0.14858138118662334,0.0017207814548209962,3049.8312780653164,0.37826380025476386,0.012904351112374302,0.8092051556607416,4.440892098500626e-16,-7.290311687668805e-10,5,1.0000000000000004,6228858.233531152,240.19667911930534,0.37826380025476386,0.012904351112374302,0.0017207965092443298,3.3095530151399425e-05,-1.5031518970656576e-08,0.03782638002547637,2.2904362136620143e-11
2381994237501.7266,2566887076.3376455,0.14858543995712453,0.0017214532571842177,3050.0872430880595,0.37788147237672437,0.012840149801239452,0.8091569725365844,6.661338147750939e-16,-7.444260763378452e-10,5,1.0000000000000004,6231848.406686352,240.18696325671584,0.37788147237672437,0.012840149801239452,0.0017214682679341081,3.3116021145046976e-05,-1.498783059945412e-08,0.03778814723767246,2.2919289949964537e-11
2384562461397.1445,2568223895.4180956,0.14858948250676393,0.0017221259929886582,3050.3436944311024,0.37749861178258154,0.012776168730193969,0.8091522096798087,1.1102230246251565e-15,-7.594107565012109e-10,5,1.0000000000000004,6234845.1262938995,240.17734090749528,0.37749861178258154,0.012776168730193969,0.0017221409608571391,3.3136516694257396e-05,-1.4944934204471617e-08,0.03774986117825815,2.2934274606629146e-11
2387132030370.3555,2569568973.210558,0.14859351103187476,0.00172279929111435,3050.600444973348,0.3771152170368976,0.012712407495378398,0.8091199737991772,6.661338147750939e-16,-7.765764697964528e-10,5,1.0000000000000004,6237848.344099906,240.16780156488184,0.3771152170368976,0.012712407495378398,0.001722814221428398,3.315701281911667e-05,-1.4907364733241525e-08,0.03771152170368974,2.2949313552435377e-11
2389702996338.799,2570965968.443217,0.1485975241416992,0.001723473190681458,3050.857526163326,0.3767312801836995,0.012648864626459684,0.8090986247655252,1.5543122344752192e-15,-7.952671854383198e-10,5,1.0000000000000004,6240858.141442436,240.1583457313838,0.3767312801836995,0.012648864626459684,0.0017234880844036807,3.3177509861576066e-05,-1.487075781264026e-08,0.037673128018369924,2.2964407417345265e-11
2392275393999.1987,2572397660.3998528,0.14860152224370504,0.0017241472852983072,3051.1147538724663,0.37634679582807834,0.012585539195806145,0.8090468006649587,1.1102230246251565e-15,-8.156654240920602e-10,5,1.0000000000000004,6243874.492401045,240.14895983528524,0.37634679582807834,0.012585539195806145,0.0017241621495126497,3.319800334410892e-05,-1.4841234787702174e-08,0.03763467958280785,2.297955319379567e-11
2394849306581.8125,2573912582.6135345,0.14860550677430592,0.0017248211510612088,3051.3719258830215,0.3759617513073564,0.012522429243551004,0.8089959224744092,2.220446049250313e-16,-8.327136757912967e-10,5,1.0000000000000004,6246897.41291983,240.13963067049343,0.3759617513073564,0.012522429243551004,0.0017248359928621546,3.321848878123998e-05,-1.4818806197486515e-08,0.03759617513073564,2.2994748027129056e-11
2397424815962.5684,2575509380.7550874,0.1486094782450857,0.0017254946877551783,3051.6289928142637,0.37557613413679564,0.012459532953882739,0.8089555331158849,-2.220446049250313e-16,-8.49066705832513e-10,5,1.0000000000000004,6249926.9799010735,240.13035331371773,0.37557613413679564,0.012459532953882739,0.0017255095055725114,3.323896473505651e-05,-1.4794807342372243e-08,0.037557613413679566,2.3009991283919636e-11
2400001987465.9067,2577171503.3389893,0.1486134369267987,0.0017261680127920126,3051.8860040027444,0.3751899342876482,0.012396848845460594,0.8089056702242914,1.1102230246251565e-15,-8.679186258575555e-10,5,1.0000000000000004,6252963.30196409,240.12112977670978,0.3751899342876482,0.012396848845460594,0.0017261828104767139,3.325943217000482e-05,-1.477465941554569e-08,0.03751899342876481,2.302528407938273e-11
2402580901646.0547,2578914180.1477375,0.1486173742154048,0.0017268429640575483,3052.1438600731085,0.37480313942111404,0.012334374797091057,0.809070822005431,2.220446049250313e-16,-8.874692092319947e-10,5,1.0000000000000004,6256006.845777959,240.11201160131992,0.37480313942111404,0.012334374797091057,0.0017268576841264632,3.327990965588662e-05,-1.4697028274015223e-08,0.03748031394211145,2.3040640557669834e-11
2405161296279.2334,2580394633.178605,0.14862127928095892,0.0017275206475268576,3052.40316022438,0.37441578861057906,0.012272115970694976,0.8090346759193068,-1.6653345369377348e-15,-9.072439466351057e-10,5,1.0000000000000004,6259057.604824956,240.1030409897708,0.37441578861057906,0.012272115970694976,0.0017275353226976586,3.330040947347932e-05,-1.465211473367419e-08,0.037441578861057916,2.3056070137690293e-11
2407743229891.251,2581933612.017211,0.14862516868847808,0.0017281979614263458,3052.662363618202,0.3740278728562723,0.012210071008709062,0.8089544545342164,-9.992007221626409e-16,-9.269853773474779e-10,5,1.0000000000000004,6262115.028361589,240.0941265369038,0.3740278728562723,0.012210071008709062,0.001728212608938421,3.332089920245205e-05,-1.4624440527556884e-08,0.03740278728562724,2.3071549350418678e-11
2410326831494.134,2583601602.88326,0.148629042891686,0.0017288756110720052,3052.9217772068228,0.37363937253563567,0.012148236762512931,0.8089320335802341,8.881784197001252e-16,-9.482821194950475e-10,5,1.0000000000000004,6265179.416372405,240.08528596596355,0.37363937253563567,0.012148236762512931,0.0017288902270188912,3.3341386066850816e-05,-1.4592859800349585e-08,0.03736393725356359,2.3087083934178377e-11
2412912137992.8267,2585306498.6927795,0.1486329075955648,0.0017295510976411447,3053.1802395565855,0.3732502818616688,0.012086612891996702,0.8087146596835737,1.9984014443252818e-15,-9.722073146534171e-10,5,1.0000000000000004,6268250.317039718,240.0764445969245,0.3732502818616688,0.012086612891996702,0.0017295657282590774,3.336184361848538e-05,-1.4607515274514657e-08,0.03732502818616686,2.3102654752054502e-11
2415499498169.7354,2587360176.908959,0.14863675804657286,0.001730227423254011,3053.439124958013,0.3728605480441718,0.012025191293374551,0.8088800335093183,-8.881784197001252e-16,-9.939548073489846e-10,5,1.0000000000000004,6271328.717049842,240.0676828138612,0.3728605480441718,0.012025191293374551,0.0017302420029938106,3.3382302878158616e-05,-1.455662151543761e-08,0.03728605480441716,2.311828530893731e-11
2418088648942.419,2589150772.6837764,0.14864059074106753,0.0017309051887985207,3053.6987341749996,0.3724702104061424,0.0119639777518354,0.8089064329475093,8.881784197001252e-16,-1.0177247933285116e-09,5,1.0000000000000004,6274414.482001121,240.05902498990147,0.3724702104061424,0.0119639777518354,0.0017309197157929217,3.3402769691525884e-05,-1.4503860418908125e-08,0.03724702104061424,2.3133980317233968e-11
2420679549270.7734,2590900328.3545756,0.14864440200513615,0.0017315849860247124,3053.9593653748566,0.3720792748668155,0.011902972571348662,0.8089611147621412,-3.3306690738754696e-16,-1.039734409680193e-09,5,1.0000000000000004,6277507.718449342,240.05049156281493,0.3720792748668155,0.011902972571348662,0.00173159945239581,3.342325051207279e-05,-1.4443221353116384e-08,0.03720792748668153,2.3149744987923768e-11
2423272112710.2725,2592563439.4987082,0.1486481913196631,0.0017322668807957322,3054.221052199856,0.3716877542111492,0.011842177052532227,0.8090045500175336,-8.881784197001252e-16,-1.0633099956081082e-09,5,1.0000000000000004,6280608.3793087555,240.0420886894302,0.3716877542111492,0.011842177052532227,0.0017322812844248422,3.344374631908612e-05,-1.4380463530845445e-08,0.037168775421114894,2.3165580473655387e-11
2425866270685.8174,2594157975.545435,0.14865195740208936,0.001732952336733404,3054.4844520195265,0.37129565853646546,0.011781591684286531,0.8091551401134822,-9.992007221626409e-16,-1.088296452955717e-09,5,1.0000000000000004,6283716.724881369,240.03386373315564,0.37129565853646546,0.011781591684286531,0.0017329666518703607,3.3464272920582134e-05,-1.4291955459755364e-08,0.03712956585364662,2.3181498896886354e-11
2428461782621.871,2595511936.053108,0.1486556971757513,0.0017336408272812264,3054.749363144269,0.3709030239783515,0.011721220911343314,0.8091960357337058,-5.551115123125783e-16,-1.1131856547663688e-09,5,1.0000000000000004,6286832.430373656,240.02580899361254,0.3709030239783515,0.011721220911343314,0.0017336550624020707,3.348482523452902e-05,-1.4211923348219058e-08,0.03709030239783513,2.3197496809577528e-11
2431058583603.2925,2596800981.421991,0.14865941128612226,0.0017343317678762038,3055.0155203867726,0.3705098601624696,0.01166106530012848,0.8092204695220317,-1.2212453270876722e-15,-1.138673155764991e-09,5,1.0000000000000004,6289955.343736969,240.01791120164276,0.3705098601624696,0.01166106530012848,0.0017343459284279933,3.3505397689462665e-05,-1.4137338221108464e-08,0.03705098601624698,2.3213570473538178e-11
2433656635046.312,2598051443.018871,0.14866309853411058,0.0017350252568528032,3055.2829784675255,0.3701161727367808,0.01160112483335042,0.8092779896218261,-3.3306690738754696e-16,-1.1649898823407057e-09,5,1.0000000000000004,6293085.477956516,240.0101763760503,0.3701161727367808,0.01160112483335042,0.0017350393390166328,3.3525991811447026e-05,-1.4058934108784649e-08,0.037011617273678084,2.322972140956454e-11
2436255845177.6494,2599210131.3371615,0.1486667546235527,0.0017357220785876638,3055.552125807557,0.3697219754130983,0.011541400513237696,0.8093940301323599,-3.3306690738754696e-16,-1.1875238570269175e-09,5,1.0000000000000004,6296222.928188713,240.00263195298402,0.3697219754130983,0.011541400513237696,0.001735736066149449,3.3546616275773625e-05,-1.396431582945382e-08,0.036972197541309856,2.3245956411861152e-11
2438856028103.616,2600182925.9672546,0.14867038065456414,0.001736421405581553,3055.8225857846087,0.3693272962197462,0.011481895569677941,0.8093878706150193,-1.2212453270876722e-15,-1.2156963213882932e-09,5,1.0000000000000004,6299367.361028341,239.9952604010457,0.3693272962197462,0.011481895569677941,0.0017364353150928157,3.3567262864063204e-05,-1.3886248994881905e-08,0.03693272962197459,2.3262269738117863e-11
2441457194085.7983,2601165982.1824217,0.14867397698577037,0.0017371229973961316,3056.0942480521194,0.3689321334486408,0.011422608944156773,0.8094266623626112,1.5543122344752192e-15,-1.2418290840088275e-09,5,1.0000000000000004,6302518.769529592,239.98805671975194,0.3689321334486408,0.011422608944156773,0.0017371368269321833,3.3587929549925174e-05,-1.3806257388776865e-08,0.03689321334486409,2.3278660311595138e-11
2444059281141.15,2602087055.3517385,0.1486775459161638,0.0017378260357366908,3056.3667283774757,0.3685364963707806,0.011363541440273187,0.8093947234666388,4.440892098500626e-16,-1.2697445317400025e-09,5,1.0000000000000004,6305676.946085336,239.9809998055629,0.3685364963707806,0.011363541440273187,0.0017378397973738858,3.3608607922541355e-05,-1.3738342071665799e-08,0.036853649637078045,2.3295122293955305e-11
2446662340952.9634,2603059811.8130794,0.14868108931674054,0.0017385309271053654,3056.640185726919,0.368140376975213,0.011304691244294163,0.8094226472410426,0,-1.2983473185457228e-09,5,1.0000000000000004,6308842.05743146,239.97410213547073,0.368140376975213,0.011304691244294163,0.0017385446166606113,3.362930258128129e-05,-1.3666243586149727e-08,0.03681403769752131,2.3311659532473996e-11
2449266328967.037,2603988014.0736036,0.14868460808537537,0.0017392367191516223,3056.914191753164,0.36774378189186746,0.01124605893328135,0.8093522080310223,-9.992007221626409e-16,-1.3265517573302077e-09,5,1.0000000000000004,6312013.885876539,239.9673374108281,0.36774378189186746,0.01124605893328135,0.0017392503541723812,3.365000355192613e-05,-1.3611692495726288e-08,0.03677437818918673,2.3328264999411014e-11
2451871358866.9,2605029899.862615,0.1486881004668956,0.0017399437716649653,3057.1889222887717,0.3673466936452369,0.011187641624203357,0.8094025266691673,-3.3306690738754696e-16,-1.3582227564867821e-09,5,1.0000000000000004,6315192.647023107,239.96071468900413,0.3673466936452369,0.011187641624203357,0.0017399573355241398,3.367071463119724e-05,-1.354051423339507e-08,0.0367346693645237,2.334494202210717e-11
2454477350061.4946,2605991194.594784,0.1486915690127873,0.0017406514514069155,3057.464072628713,0.36694912436224014,0.011129440816323782,0.8093344133763836,8.881784197001252e-16,-1.3864448478173585e-09,5,1.0000000000000004,6318378.142787333,239.95421793935338,0.36694912436224014,0.011129440816323782,0.0017406649588493821,3.36914289416132e-05,-1.348408077902668e-08,0.036694912436224,2.3361685917080754e-11
2457084412603.352,2607062541.857295,0.14869503400367998,0.0017413553134810501,3057.7374828526126,0.366551057139959,0.01107145499977183,0.808943838581655,8.881784197001252e-16,-1.4195195019439666e-09,5,1.0000000000000004,6321569.588531798,239.9477143493605,0.366551057139959,0.01107145499977183,0.001741368835920828,3.371209915567663e-05,-1.3499061314548865e-08,0.03665510571399593,2.3378462204737003e-11
2459693176487.4956,2608763884.1431637,0.14869848377465175,0.0017420591277342598,3058.010928965274,0.36615239555554674,0.011013670620939912,0.8090539949101583,2.220446049250313e-16,-1.4509866641532199e-09,5,1.0000000000000004,6324768.456074456,239.94130043953894,0.36615239555554674,0.011013670620939912,0.0017420726129304487,3.373276500750836e-05,-1.3461800887379136e-08,0.03661523955555469,2.3395301150091272e-11
2462303465104.8066,2610288617.3106318,0.1487019153332871,0.001742763064114758,3058.2845164175205,0.36575316631970645,0.010956091687824148,0.809051658445803,4.440892098500626e-16,-1.4854870666880515e-09,5,1.0000000000000004,6327974.592580064,239.93498442066442,0.36575316631970645,0.010956091687824148,0.0017427765037929266,3.3753427202126695e-05,-1.341626596392906e-08,0.036575316631970646,2.3412203729895505e-11
2464915283117.772,2611818012.965452,0.14870532607348577,0.0017434669110760349,3058.5581792879825,0.3653533684870854,0.010898718163231758,0.8090015690687125,-6.661338147750939e-16,-1.5187757718138073e-09,5,1.0000000000000004,6331187.976083592,239.9287586731117,0.3653533684870854,0.010898718163231758,0.0017434803068420819,3.377408288444211e-05,-1.3372336879939218e-08,0.03653533684870855,2.3429168240937134e-11
2467528712324.032,2613429206.259826,0.1487087142643044,0.0017441710695161078,3058.8321112963827,0.3649529892969552,0.010841548168242681,0.8089708147807073,-2.220446049250313e-16,-1.554928630298491e-09,5,1.0000000000000004,6334408.800759547,239.92263405108164,0.3649529892969552,0.010841548168242681,0.0017441844223388917,3.379473621796528e-05,-1.3329376586041186e-08,0.036495298929695504,2.3446198313259285e-11
2470143803424.4756,2615091100.4437594,0.14871207839381315,0.001744876104563532,3059.1065756757343,0.36455202072664106,0.010784580438948274,0.8090269032479114,1.1102230246251565e-15,-1.5947516640579806e-09,5,1.0000000000000004,6337637.257659066,239.91662609095573,0.36455202072664106,0.010784580438948274,0.001744889395622378,3.381539284726083e-05,-1.3267595545221605e-08,0.0364552020726641,2.3463298648177787e-11
2472760466766.772,2616663342.296418,0.1487154127525726,0.0017455832342458824,3059.382164602211,0.3641504762627109,0.010727816242738046,0.809090908715504,1.1102230246251565e-15,-1.629872237174368e-09,5,1.0000000000000004,6340873.529187155,239.91077380933828,0.3641504762627109,0.010727816242738046,0.0017455964544956012,3.383606569605735e-05,-1.319676923712247e-08,0.03641504762627107,2.348047924217205e-11
2475378599732.5625,2618132965.78984,0.14871871878148005,0.001746291381143502,3059.658390584623,0.3637483714237581,0.010671257332033942,0.8090363140533796,4.440892098500626e-16,-1.6684491566110182e-09,5,1.0000000000000004,6344117.310667946,239.90504964141041,0.3637483714237581,0.010671257332033942,0.0017463045469410473,3.385674352425704e-05,-1.3142299812187481e-08,0.03637483714237581,2.3497732179844448e-11
2477998291532.6167,2619691800.0546956,0.14872199676346945,0.0017470002110598665,3059.935104081307,0.36334569228374175,0.010614901554657387,0.8090265457560974,4.440892098500626e-16,-1.7080905578836791e-09,5,1.0000000000000004,6347368.658148057,239.89944303903707,0.36334569228374175,0.010614901554657387,0.001747013321368854,3.387742290327834e-05,-1.3086793931083175e-08,0.03633456922837419,2.3515055474174693e-11
2480619558919.692,2621267387.075582,0.14872524862276956,0.0017477097307839451,3060.2122881140517,0.36294243602739706,0.01055874826722867,0.8089800707100636,-2.886579864025407e-15,-1.7486613268502538e-09,5,1.0000000000000004,6350627.619599884,239.89395517452647,0.36294243602739706,0.01055874826722867,0.0017477227941386957,3.3898103967315964e-05,-1.3039822305934957e-08,0.036294243602739674,2.353244974361406e-11
2483242478180.126,2622919260.4343557,0.1487284808016698,0.0017484185341011748,3060.4892608684245,0.3625385906847536,0.010502796055315866,0.8088838049369329,6.661338147750939e-16,-1.7904555615899653e-09,5,1.0000000000000004,6353894.007147373,239.888543916618,0.3625385906847536,0.010502796055315866,0.001748431562151285,3.3918771560288996e-05,-1.3004500204903604e-08,0.03625385906847537,2.354990435499641e-11
2485867206526.249,2624728346.123344,0.14873166918558456,0.0017491323091943054,3060.76875929117,0.3621341317507476,0.0104470407050399,0.8095117620676717,2.220446049250313e-16,-1.8285499781001135e-09,5,1.0000000000000004,6357169.181032092,239.8833712622634,0.3621341317507476,0.0104470407050399,0.0017491451630699299,3.3939485217215516e-05,-1.2830308159870739e-08,0.03621341317507477,2.356746412141908e-11
2488492726274.569,2625519748.3200192,0.14873481849901626,0.0017498490495871605,3061.049855371202,0.3617292158493189,0.010391501747394857,0.8091018399714045,2.220446049250313e-16,-1.870990140595552e-09,5,1.0000000000000004,6360451.659711879,239.87840701676132,0.3617292158493189,0.010391501747394857,0.0017498618645026278,3.396022478365603e-05,-1.2791330353029968e-08,0.0361729215849319,2.3585113749689392e-11
2491119702874.619,2626976600.050069,0.1487379469655366,0.0017505653317203694,3061.3308637392615,0.3613237402157412,0.01033616529784419,0.8090514919123493,-1.887379141862766e-15,-1.9146763063915273e-09,5,1.0000000000000004,6363741.516842664,239.8735396772036,0.3613237402157412,0.01033616529784419,0.001750578104751399,3.39809552958347e-05,-1.2749428204418734e-08,0.036132374021574154,2.360282833431353e-11
2493748218918.5137,2628516043.894192,0.14874105110718996,0.0017512818851838355,3061.612139367645,0.3609176918609311,0.010281029670289226,0.8090693376372471,0,-1.958712303462562e-09,5,1.0000000000000004,6367039.010641874,239.86878792049717,0.3609176918609311,0.010281029670289226,0.0017512946017503438,3.4001683891386415e-05,-1.2692945894408091e-08,0.036091769186093095,2.362061373754672e-11
2496378246302.516,2630027384.0022817,0.14874412942791007,0.001751999250860133,3061.893933986458,0.36051107488282125,0.010226095225463003,0.8090776448810288,-1.5543122344752192e-15,-2.0059640615244234e-09,5,1.0000000000000004,6370344.242065071,239.86416870500145,0.36051107488282125,0.010226095225463003,0.0017520119059081015,3.4022415979542804e-05,-1.2631409496989884e-08,0.03605110748828212,2.3638474488170497e-11
2499009772385.85,2631526083.333788,0.14874718231506281,0.001752717603548751,3062.176319747647,0.36010389100017626,0.010171361905537128,0.8090826164597331,-3.3306690738754696e-16,-2.0524989485792844e-09,5,1.0000000000000004,6373657.257455254,239.85968879003624,0.36010389100017626,0.010171361905537128,0.001752730194543538,3.404315331971138e-05,-1.2567338375160972e-08,0.03601038910001762,2.3656412449160445e-11
2501642789932.9336,2633017547.08372,0.1487502100123115,0.0017534366854336215,3062.4591812887766,0.3596961411052352,0.010116829599513934,0.8090676384409079,-2.3314683517128287e-15,-2.100927209980341e-09,5,1.0000000000000004,6376978.0197877595,239.85534184969842,0.3596961411052352,0.010116829599513934,0.001753449213852585,3.406389307848052e-05,-1.2504744541382332e-08,0.03596961411052353,2.3674426045668312e-11
2504277324174.901,2634534241.966997,0.1487532054572112,0.0017541587733598686,3062.743584978272,0.35928782104109774,0.010062497022572043,0.8093200326575456,2.220446049250313e-16,-2.146003375003147e-09,5,1.0000000000000004,6380307.055654415,239.85119513993553,0.35928782104109774,0.010062497022572043,0.0017541711905324426,3.408465941538572e-05,-1.2393480040043352e-08,0.03592878210410973,2.3692533803750285e-11
2506912964914.3364,2635640739.4357095,0.14875614181788074,0.0017548898520874218,3063.0324174473785,0.35887899409490237,0.010008369717897954,0.8098286630175977,-8.881784197001252e-16,-2.197096171663304e-09,5,1.0000000000000004,6383645.20904082,239.84743732857345,0.35887899409490237,0.010008369717897954,0.0017549020966990594,3.410551733904561e-05,-1.2220900855059645e-08,0.03588789940949021,2.3710784070381336e-11
2509548884452.776,2635919538.438873,0.14875904534726558,0.0017556220597865772,3063.3219753553926,0.3584697885830437,0.009954463558292631,0.8095055631374137,-2.220446049250313e-16,-2.2430978185994377e-09,5,1.0000000000000004,6386989.951493433,239.8438587133887,0.3584697885830437,0.009954463558292631,0.0017556342212727606,3.412638327676557e-05,-1.2137757069232817e-08,0.035846978858304394,2.372911435380645e-11
2512185608863.285,2636724410.509627,0.14876191721749563,0.0017563564021193024,3063.6126848524796,0.35806012277712707,0.009900767031127104,0.8095774139960099,-9.992007221626409e-16,-2.294032741545493e-09,5,1.0000000000000004,6390342.133290228,239.84048356467247,0.35806012277712707,0.009900767031127104,0.0017563684682773302,3.414726978001032e-05,-1.2042410494295536e-08,0.03580601227771273,2.3747535122807125e-11
2514823021347.256,2637412483.97046,0.14876322738572959,0.0017573491151348577,3064.0319978244866,0.35765001277318803,0.00984723488573695,0.8468116763360456,-1.2212453270876722e-15,-2.4543380661157244e-09,5,1.0000000000000004,6393754.32989888,239.84468519232487,0.35765001277318803,0.00984723488573695,0.0017573539772349992,3.4170870118516606e-05,-4.838332095928324e-09,0.03576500127731881,2.3768047957913958e-11
2517402471550.433,2579450203.1769524,0.14876355351282,0.001758443541642152,3064.505575127205,0.3572485836469486,0.009794956382769449,0.8162417908241792,-2.220446049250313e-16,-2.2325771231734848e-09,5,1.0000000000000004,6397129.782792182,239.85342240137697,0.3572485836469486,0.009794956382769449,0.0017584498444913092,3.419559410133596e-05,-6.279059756411138e-09,0.03572485836469481,2.3789400892333357e-11
2519972040314.733,2569568764.3000426,0.1487644374250933,0.0017594193403674945,3064.9215215055283,0.3568483604099594,0.009743004695434467,0.8122198147386683,-9.992007221626409e-16,-2.2191869453180857e-09,5,1.0000000000000004,6400478.155329663,239.85942631305159,0.3568483604099594,0.009743004695434467,0.0017594269805816874,3.421918843971851e-05,-7.616404221674944e-09,0.035684836040995954,2.3809972911555494e-11
2522538095332.4385,2566055017.705231,0.14876578767327597,0.0017603022965828972,3065.292067323945,0.3564483516469677,0.009691289398811073,0.8092080022725767,1.7763568394002505e-15,-2.235018836671543e-09,5,1.0000000000000004,6403810.964113703,239.86317986186927,0.3564483516469677,0.009691289398811073,0.001760311064549422,3.424187874940871e-05,-8.744136582000088e-09,0.03564483516469675,2.3829940038599218e-11
2525105405783.053,2567310450.61515,0.14876754596642183,0.0017611088274162318,3065.625002376223,0.35604781367179283,0.009639745174130694,0.8066641138393393,1.9984014443252818e-15,-2.274786026212894e-09,5,1.0000000000000004,6407136.245855738,239.86495827219684,0.35604781367179283,0.009639745174130694,0.001761118582609893,3.426380202777026e-05,-9.73134424702712e-09,0.03560478136717929,2.3849410803441303e-11
2527678019196.414,2572613413.3608184,0.14876966100733843,0.0017618534924607493,3065.927223062596,0.3556461142432593,0.009588315597231606,0.8046591337684816,-8.881784197001252e-16,-2.3324517872680417e-09,5,1.0000000000000004,6410461.044532031,239.86502218294007,0.3556461142432593,0.009588315597231606,0.0017618641119404867,3.428508413848488e-05,-1.0595611253957016e-08,0.03556461142432594,2.3868484905317138e-11
2530259156256.2163,2581137059.801869,0.14877209276392378,0.0017625479595976493,3066.204241741707,0.35524274924515115,0.00953695655599548,0.8030940573666712,1.3322676295501878e-15,-2.4064520376398946e-09,5,1.0000000000000004,6413791.015776489,239.8635831793981,0.35524274924515115,0.00953695655599548,0.0017625593335790714,3.430582613052962e-05,-1.1350094176650405e-08,0.03552427492451514,2.3887242882002423e-11
2532851367378.722,2592211122.5052567,0.14877480699564827,0.0017632016858034423,3066.460542290152,0.3548373185343465,0.009485633946981618,0.8018650515806414,-2.220446049250313e-15,-2.4972455214822276e-09,5,1.0000000000000004,6417130.715182611,239.86081595074427,0.3548373185343465,0.009485633946981618,0.0017632137198243369,3.4326110224041486e-05,-1.2010115148014393e-08,0.035483731853434654,2.3905750608390986e-11
2535456694355.296,2605326976.5740657,0.148777773901001,0.0017638225774119654,3066.6998832270006,0.3544295009103433,0.009434321033537545,0.800934391587127,6.661338147750939e-16,-2.6009334685994645e-09,5,1.0000000000000004,6420483.895997944,239.85687277028822,0.3544295009103433,0.009434321033537545,0.0017638351870700344,3.4346006134093334e-05,-1.2585734003648866e-08,0.035442950091034355,2.3924064234264432e-11
2538076724418.49,2620030063.1941724,0.1487809617888324,0.0017644183677672587,3066.9259630602105,0.35401904582969845,0.009382997470964787,0.8003356249952631,-1.2212453270876722e-15,-2.718075320373714e-09,5,1.0000000000000004,6423853.844154123,239.85192076806214,0.35401904582969845,0.009382997470964787,0.0017644314656884202,3.4365585259899606e-05,-1.3073978922846512e-08,0.03540190458296987,2.3942240758785443e-11
2540712525971.893,2635801553.403039,0.1487843410553827,0.0017649955509825917,3067.141916559239,0.353605783667173,0.009331650875327703,0.800017119217955,-2.220446049250313e-16,-2.847912572434552e-09,5,1.0000000000000004,6427243.064492422,239.84610851428496,0.353605783667173,0.009331650875327703,0.001765009050987827,3.4384908397060245e-05,-1.3476044907129685e-08,0.035360578366717334,2.3960328606650816e-11
2543364721746.7207,2652195774.827286,0.148787876991588,0.0017655609850474548,3067.3510861195095,0.3531896144348687,0.009280275162349692,0.8000248852280123,4.440892098500626e-16,-2.9891102926171698e-09,5,1.0000000000000004,6430653.693887704,239.83961291900545,0.3531896144348687,0.009280275162349692,0.0017655747944462653,3.44040431021355e-05,-1.3785420429153677e-08,0.03531896144348687,2.3978380747579332e-11
2546033400759.333,2668679012.6123934,0.14879153594458525,0.0017661204979748395,3067.55635297956,0.352770521786082,0.009228872383044923,0.8002767049042347,-1.0965983676669566e-10,1.1657341758564144e-13,6,1.0000000000000004,6434087.09603454,239.8325985937068,0.352770521786082,0.009228872383044923,0.001766134529903421,3.442304828900736e-05,-1.4008125810825972e-08,0.03527705217860815,2.3996442984446752e-11
2548718242938.3994,2684842179.066748,0.14879528076285978,0.0017666794247129598,3067.7604179006976,0.35234855364482953,0.009177450345780032,0.800759732411116,-1.1632106389214414e-10,-7.505107646466058e-13,6,1.0000000000000004,6437544.11103744,239.82523085565424,0.35234855364482953,0.009177450345780032,0.0017666935969647283,3.444198000025192e-05,-1.4148442711918765e-08,0.03523485536448296,2.4014558388718766e-11
2551418531386.8213,2700288448.4221997,0.1487990695979471,0.0017672436106873275,3067.9662493611404,0.3519238204226479,0.009126022234173619,0.8016123986820389,-1.2324763432047803e-10,5.300204719560497e-13,6,1.0000000000000004,6441025.270091132,239.8177026437989,0.3519238204226479,0.009126022234173619,0.00176725781834434,3.446090169741363e-05,-1.4183842046003043e-08,0.03519238204226483,2.403277488050688e-11
2554132910189.0254,2714378802.204107,0.1488028588648267,0.0017678183909129509,3068.176609781816,0.3514965332833567,0.009074610911710952,0.8026049541642877,-1.3036671742128192e-10,-1.3722356584366935e-13,6,1.0000000000000004,6444530.299526509,239.81021140763315,0.3514965332833567,0.009074610911710952,0.001767832554009463,3.447987360814237e-05,-1.413927583997741e-08,0.03514965332833565,2.405113692598482e-11
2556859765197.7793,2726855008.7538857,0.14880660025013245,0.0017684097652356254,3068.39459637983,0.3510669444133554,0.00902324186729791,0.8041295473937282,-1.374010905053069e-10,-6.404876629062528e-13,6,1.0000000000000004,6448058.793320125,239.8029831464745,0.3510669444133554,0.00902324186729791,0.0017684237491846944,3.449896482260614e-05,-1.3960122355366729e-08,0.03510669444133553,2.4069695060475626e-11
2559596555647.538,2736790449.7587075,0.14881022762879126,0.0017690265983924182,3068.6247296475094,0.350635452423979,0.008971954290593711,0.8061179296303678,-1.4420331595488278e-10,-2.9594104944408173e-12,6,1.0000000000000004,6451609.908202041,239.79635169695317,0.350635452423979,0.008971954290593711,0.0017690402549021184,3.4518277401484816e-05,-1.3632676277175603e-08,0.0350635452423979,2.4088522733577194e-11
2562339928045.3438,2743372397.805308,0.1488136763627562,0.001769676006868746,3068.8707524854844,0.35020258478507216,0.00892079924171537,0.8084075064918039,-1.5049561596924832e-10,-1.287525641657794e-12,6,1.0000000000000004,6455181.5174807515,239.7906219905152,0.35020258478507216,0.00892079924171537,0.0017696891903012887,3.453789697643173e-05,-1.3159591191667612e-08,0.035020258478507205,2.4107679516507332e-11
2565086001217.9897,2746073172.645861,0.14881687406867786,0.0017703657789212837,3069.1367749767883,0.34976895313174594,0.008869834103242661,0.8110875271416518,-1.5602441560957914e-10,2.0694557179012918e-13,6,1.0000000000000004,6458771.050818951,239.78613477225363,0.34976895313174594,0.008869834103242661,0.001770378327060312,3.4557919088125106e-05,-1.2524288017223367e-08,0.034976895313174584,2.4127231102210346e-11
2567830232770.1265,2744231552.1361794,0.14881973882442165,0.0017711039567767377,3069.4271110303926,0.34933527455316593,0.008819124971940385,0.8141399454597575,-1.6049350737290524e-10,-1.2984058272991206e-12,6,1.0000000000000004,6462375.233932965,239.783256022336,0.34933527455316593,0.008819124971940385,0.0017711156901294752,3.457844425355396e-05,-1.1709489742824095e-08,0.03493352745531662,2.4147245344736036e-11
2570567478147.0713,2737245376.945271,0.1488221757097373,0.0017719006820444382,3069.7471126666414,0.3489023624878994,0.008768745038017743,0.8177556681809861,-1.636000224181089e-10,-4.2232883856740955e-13,6,1.0000000000000004,6465990.544656839,239.78242938551006,0.3489023624878994,0.008768745038017743,0.0017719113734330377,3.459959801776706e-05,-1.0667510675467354e-08,0.034890236248789924,2.4167807240335188e-11
2573291712460.537,2724234313.465649,0.14882408645472864,0.00177276515615789,3070.101752266303,0.34847117099372493,0.008718779645614707,0.8214536267869832,-1.6484047460352258e-10,8.459899447643693e-14,6,1.0000000000000004,6469612.24360996,239.7840939643554,0.34847117099372493,0.008718779645614707,0.0017727746058295198,3.4621498528504325e-05,-9.425774858850996e-09,0.034847117099372486,2.418899411689235e-11
2575996887942.443,2705175481.905651,0.1488253472629691,0.0017737108498767247,3070.498105789255,0.3480426592791488,0.008669310579683983,0.8262496542510434,-1.6423762350115112e-10,5.24469356832924e-13,6,1.0000000000000004,6473236.463410166,239.78881639807085,0.3480426592791488,0.008669310579683983,0.0017737187008776975,3.464431228910193e-05,-7.827081364271373e-09,0.03480426592791491,2.4210918750078022e-11
2578675330313.7866,2678442371.3436856,0.14882581493112432,0.0017747538377978623,3070.9445643350923,0.3476180458605003,0.00862044360768001,0.8313080485100599,-1.613034150693693e-10,-2.6494362259654736e-12,6,1.0000000000000004,6476857.974076942,239.79727445759198,0.3476180458605003,0.00862044360768001,0.0017747597381642445,3.466823615229651e-05,-5.876418943090882e-09,0.03476180458605003,2.4233712879495796e-11
2581319223000.0137,2643892686.2266016,0.148825331568524,0.0017759116883044929,3071.4503011742213,0.34719857386055697,0.00857228223614838,0.8370579929195543,-1.56252899508047e-10,-1.2745360322696797e-12,6,1.0000000000000004,6480471.716998541,239.81020061250396,0.34719857386055697,0.00857228223614838,0.0017759151834224416,3.469348766900242e-05,-3.471137917545847e-09,0.03471985738605568,2.4257522713725234e-11
2583920032596.8936,2600809596.880066,0.14882680536283927,0.0017766943355764693,3071.7734339822428,0.34678560928354585,0.008525060988024503,0.7827746889566001,-1.4062384590118882e-10,5.198064201294983e-13,6,1.0000000000000004,6483963.411607723,239.81349983808633,0.34678560928354585,0.008525060988024503,0.0017767039610228981,3.471476888210746e-05,-9.601417909054256e-09,0.03467856092835458,2.427836551233345e-11
2586565684373.416,2645651776.522432,0.1488285852486313,0.0017774456362343607,3072.0797482257776,0.3463651896965707,0.008477244261585677,0.8075161445075807,-1.591513587584359e-10,-1.4129808434404367e-12,6,1.0000000000000004,6487510.861998033,239.81551550758718,0.3463651896965707,0.008477244261585677,0.0017774552327575433,3.473584781193056e-05,-9.572506836021675e-09,0.034636518969657075,2.429922953845591e-11
2589215401933.1484,2649717559.7323174,0.14883033809797896,0.001778199833328119,3072.3874861897552,0.3459437876153433,0.008429572736565846,0.8082327490610552,-1.6478607367531595e-10,-3.1752378504279477e-13,6,1.0000000000000004,6491070.365338198,239.81770429944453,0.3459437876153433,0.008429572736565846,0.0017782093537882175,3.475694921785939e-05,-9.496432913272492e-09,0.03459437876153433,2.432020759888055e-11
2591868014796.7915,2652612863.6429257,0.14883204875573183,0.0017789592228035567,3072.697794668105,0.34552158855251297,0.008382065980722832,0.8087159408809441,-1.7025336696008253e-10,-9.504619313815965e-13,6,1.0000000000000004,6494641.003887547,239.82015067386257,0.34552158855251297,0.008382065980722832,0.0017789686133259418,3.47780948527555e-05,-9.366483944334467e-09,0.034552158855251265,2.4341314552713034e-11
2594522732701.6504,2654717904.858348,0.14883372168259493,0.0017797221454739565,3073.009909393769,0.3450987179216312,0.008334736520423188,0.8087200370487935,-1.7558432485742514e-10,1.014743844507393e-12,6,1.0000000000000004,6498221.538024641,239.82282648623627,0.3450987179216312,0.008334736520423188,0.0017797314359140803,3.479926751458638e-05,-9.266390078762858e-09,0.03450987179216314,2.4362536741728365e-11
2597179550589.809,2656817888.158783,0.1488353576229941,0.0017804872436848846,3073.3232355041596,0.3446751762493738,0.008287583454273236,0.8087367492359832,-1.8114743038921688e-10,5.786482404346316e-13,6,1.0000000000000004,6501811.745037857,239.82569915280132,0.3446751762493738,0.008287583454273236,0.0017804964460477997,3.482045443492849e-05,-9.178301580220498e-09,0.03446751762493737,2.4383865322147104e-11
2599838442649.5957,2658892059.7863183,0.14883695528223823,0.0017812546516723922,3073.6378435378674,0.3442509673452697,0.008240606368271298,0.808835566856736,-1.8692780656692776e-10,-1.0909051439966788e-12,6,1.0000000000000004,6505411.68057771,239.82877751556643,0.3442509673452697,0.008240606368271298,0.0017812637602203985,3.484165808158727e-05,-9.08447566966937e-09,0.03442509673452697,2.4405302852775854e-11
2602499247946.539,2660805296.9434385,0.14883851338403797,0.0017820241301578297,3073.9536426956843,0.34382611658851825,0.008193807287012665,0.8088938480144137,-1.928350812363533e-10,2.859934511434403e-13,6,1.0000000000000004,6509021.15035524,239.83206030169154,0.34382611658851825,0.008193807287012665,0.0017820331450907657,3.486287643339327e-05,-8.990849724394949e-09,0.03438261165885185,2.4426848153555705e-11
2605161871930.5337,2662623983.994399,0.1488400297976517,0.0017827963230384594,3074.2709318826232,0.343400638786322,0.008147186911513863,0.809041469929106,-1.9889456748245493e-10,-2.2237767183241886e-13,6,1.0000000000000004,6512640.229030202,239.8355716114941,0.343400638786322,0.008147186911513863,0.0017828052317408693,3.488411723594639e-05,-8.884608490844031e-09,0.03434006387863223,2.444850756372055e-11
2607826072749.432,2664200818.8989415,0.14884151138830218,0.0017835692027229867,3074.588765426461,0.34297457235184703,0.008100748932597537,0.808871972735048,-2.0508383880013525e-10,-7.469580509678053e-13,6,1.0000000000000004,6516268.237507421,239.83925938579915,0.34297457235184703,0.008100748932597537,0.0017835780380473965,3.490535886190205e-05,-8.811219926101447e-09,0.034297457235184736,2.447026501066337e-11
2610492130626.1997,2666057876.7667203,0.14884295339757364,0.0017843428293946792,3074.907218298161,0.3425478722210928,0.00805448818818392,0.8088752301294022,-2.1162260832596758e-10,1.13464793116691e-13,6,1.0000000000000004,6519905.577608999,239.84312416364432,0.3425478722210928,0.00805448818818392,0.0017843515888851672,3.492660290129176e-05,-8.735375972282578e-09,0.0342547872221093,2.449212306137331e-11
2613160041483.337,2667910857.1369715,0.14884436097978093,0.001785116108853626,3075.225765886825,0.3421205387731073,0.008008404771047892,0.8087439223869453,-2.1835899755018318e-10,-6.252776074688882e-13,6,1.0000000000000004,6523552.0413380535,239.84713568044629,0.3421205387731073,0.008008404771047892,0.0017851248078164799,3.494783726001325e-05,-8.6748385767133e-09,0.03421205387731071,2.451407341483483e-11
2615830023331.5815,2669981848.2445374,0.1488457373974492,0.0017858888298940198,3075.5442838869963,0.34169253679349065,0.007962495062940653,0.8086214176028506,-2.2537272048595014e-10,9.161560399206792e-13,6,1.0000000000000004,6527207.884078543,239.85128632163352,0.34169253679349065,0.007962495062940653,0.0017858974795416133,3.4969059813756063e-05,-8.625513968300149e-09,0.03416925367934907,2.453611579643724e-11
2618502280176.7705,2672256845.1893535,0.1488470941535265,0.0017866583850913373,3075.861531641985,0.3412638332880922,0.007916756581434547,0.8083120706103841,-2.3275958938029362e-10,-2.814415367424772e-13,6,1.0000000000000004,6530872.811033559,239.85549630109685,0.3412638332880922,0.007916756581434547,0.0017866670109452374,3.499024124769971e-05,-8.601711532554628e-09,0.03412638332880922,2.4558229501492915e-11
2621177325690.2964,2675045513.5263004,0.14884842454434025,0.0017874270718926306,3076.1785683840985,0.3408343454614195,0.00787118107528764,0.8083404168246489,-2.4070823112509743e-10,-1.3888890038060708e-12,6,1.0000000000000004,6534547.970875489,239.85982237565355,0.3408343454614195,0.00787118107528764,0.0017874356519102415,3.501140602498042e-05,-8.55586742411816e-09,0.03408343454614193,2.4580434888723615e-11
2623855115829.809,2677790139.512699,0.14884971678910439,0.0017881978376878384,3076.496784090812,0.34040407991980104,0.007825769075421965,0.8087906994136418,-2.485907035776336e-10,-8.186784583585904e-13,6,1.0000000000000004,6538233.955041319,239.86434911568153,0.34040407991980104,0.007825769075421965,0.0017882063004620835,3.503258478117234e-05,-8.43861601890075e-09,0.034040407991980104,2.460275576080081e-11
2626534907132.068,2679791302.258835,0.148850963289568,0.0017889716251715787,3076.816661937467,0.33997315573781384,0.007780531834923393,0.8087713632143334,-2.5650415125255677e-10,7.216449660063518e-14,6,1.0000000000000004,6541930.097006496,239.8691195763734,0.33997315573781384,0.007780531834923393,0.0017889799951852187,3.5053787670509456e-05,-8.345847319753647e-09,0.03399731557378139,2.46251987929782e-11
2629216733150.7085,2681826018.6398926,0.14885216618052888,0.0017897475328926306,3077.137791326504,0.33954156722104306,0.007735468006249597,0.8088895397939666,-2.647136954081475e-10,-2.857714065385153e-13,6,1.0000000000000004,6545636.309790991,239.87411229612013,0.33954156722104306,0.007735468006249597,0.001789755801286609,3.507500624227854e-05,-8.244219990698883e-09,0.03395415672210432,2.4647758525518075e-11
2631900399370.971,2683666220.2631273,0.14885332325491707,0.0017905252740618386,3077.460071156933,0.3391093453796278,0.00769058009736863,0.8089195330240884,-2.7307245353824783e-10,-8.570921750106208e-14,6,1.0000000000000004,6549352.340404814,239.87932570679695,0.3391093453796278,0.00769058009736863,0.0017905334448941232,3.509623786180001e-05,-8.14665079456822e-09,0.03391093453796277,2.4670433309177745e-11
2634585857268.2837,2685457897.312624,0.14885443406871363,0.0017913050615278683,3077.783596889627,0.33867649774984687,0.0076458681759164265,0.8090238384772519,-2.8174851340878604e-10,-2.9967139880682225e-12,6,1.0000000000000004,6553078.224949831,239.88477051894083,0.33867649774984687,0.0076458681759164265,0.0017913131264440394,3.5117485527773974e-05,-8.040727642448085e-09,0.033867649774984666,2.469322610272183e-11
2637272934802.911,2687077534.627483,0.1488554992006205,0.0017920866992667424,3078.1082777216375,0.33824305179767095,0.007601334350659047,0.8090575820407508,-2.906456186835271e-10,-4.2943426592501055e-13,6,1.0000000000000004,6556813.753741694,239.89044785046644,0.33824305179767095,0.007601334350659047,0.0017920946614395166,3.513874760807244e-05,-7.93797750011675e-09,0.03382430517976712,2.4716136101148542e-11
2639961576881.997,2688642079.0863004,0.14885652117357404,0.0017928693575264354,3078.4337308210647,0.3378090161757019,0.007556979025086542,0.8089853814619019,-2.9986868543829814e-10,-1.1324274851176597e-13,6,1.0000000000000004,6560558.727781892,239.89633741278794,0.3378090161757019,0.007556979025086542,0.0017928772298438263,3.51600155455767e-05,-7.848115858909427e-09,0.03378090161757019,2.4739157490571787e-11
2642651904462.0557,2690327580.058205,0.14885749750175617,0.0017936549241390478,3078.7607917808123,0.3373743710926898,0.007512799547183358,0.8094384579271363,-3.091396028054305e-10,-9.89763826453327e-13,6,1.0000000000000004,6564313.738520916,239.9024934495931,0.3373743710926898,0.007512799547183358,0.0017936626436282736,3.5181309909754896e-05,-7.695281408639543e-09,0.033737437109268964,2.4762306937176722e-11
2645343165077.966,2691260615.9098945,0.14885842359535395,0.0017944431896688374,3079.089417212061,0.336939237897965,0.007468806708566799,0.8091368614016048,-3.18373105656633e-10,-1.1005640843109177e-12,6,1.0000000000000004,6568077.859538348,239.90892728009408,0.336939237897965,0.007468806708566799,0.0017944508228221146,3.5202629183370754e-05,-7.608938997697176e-09,0.03369392378979655,2.4785582068932565e-11
2648035860748.85,2692695670.8839793,0.14885931195420768,0.0017952312826973113,3079.418245553446,0.3365035352711061,0.007424992406451275,0.8091230635498547,-3.28196025911609e-10,-4.548583731889266e-13,6,1.0000000000000004,6571851.156137889,239.91555103565892,0.3365035352711061,0.007424992406451275,0.0017952388217775074,3.522394326180651e-05,-7.514860421450254e-09,0.03365035352711065,2.48089622770435e-11
2650730015211.1274,2694154462.277302,0.14886015683523107,0.0017960209118666184,3079.748068971124,0.3360672591274276,0.007381355818606541,0.8092516035063113,-3.383174851379067e-10,4.3365311341858614e-13,6,1.0000000000000004,6575634.053170101,239.92241485725106,0.3360672591274276,0.007381355818606541,0.0017960283382164328,3.524527046266171e-05,-7.402124977814229e-09,0.03360672591274278,2.4832462297303827e-11
2653425415163.5537,2695399952.4263253,0.14886095495077062,0.00179681276846397,3080.0792172934557,0.33563044377350526,0.007337899606034727,0.8093490100335998,-3.48697848373547e-10,1.1168843627729075e-13,6,1.0000000000000004,6579426.467359852,239.92954442079485,0.33563044377350526,0.007337899606034727,0.0017968200744462278,3.52666183014135e-05,-7.281752714360837e-09,0.03356304437735054,2.4856088056021905e-11
2656121898904.066,2696483740.5115886,0.14886170137368762,0.0017976066806770666,3080.411667175367,0.3351931152239295,0.007294625579741726,0.8094029890770571,-3.592304231858634e-10,-7.076561558960748e-13,6,1.0000000000000004,6583228.201701221,239.93693973890677,0.3351931152239295,0.007294625579741726,0.0017976138650469475,3.5287985221886505e-05,-7.160135797065192e-09,0.03351931152239295,2.4879838691340278e-11
2658819376916.607,2697478012.541358,0.1488623936575322,0.0017984033386061293,3080.74573884608,0.3347552878159034,0.007251534221549361,0.8095651971018469,-3.699969219894683e-10,-9.460210392830959e-13,6,1.0000000000000004,6587039.338059845,239.94462545432418,0.3347552878159034,0.007251534221549361,0.0017984103866682747,3.5309379318618274e-05,-7.023823828108391e-09,0.03347552878159037,2.4903720877859017e-11
2661517579215.3594,2698202298.7520423,0.14886302682851066,0.001799203339504308,3081.081738555006,0.33431700520628066,0.00720862860535277,0.809713711635851,-3.810016746541578e-10,-3.530509218307998e-14,6,1.0000000000000004,6590859.711668813,239.95262693442385,0.33431700520628066,0.00720862860535277,0.0017992102437990477,3.5330807759410584e-05,-6.880052499055251e-09,0.03343170052062809,2.4927740063343096e-11
2664216258470.1294,2698679254.7697735,0.148863600221348,0.0018000063272629394,3081.419519623073,0.3338783074570344,0.007165911509144474,0.8098086679009242,-3.9215697356098644e-10,-7.676081992258332e-13,6,1.0000000000000004,6594688.979976875,239.96094170112087,0.3338783074570344,0.007165911509144474,0.0018000130860170939,3.535226736064021e-05,-6.734508145571313e-09,0.03338783074570346,2.4951893910673883e-11
2666915256512.22,2698998042.0905886,0.14886411187195484,0.0018008124205809639,3081.7591521591035,0.33343922019630073,0.00712338425747948,0.8099172466025095,-4.0355108144041196e-10,-3.469446951953614e-13,6,1.0000000000000004,6598527.0171413645,239.96957943779745,0.33343922019630073,0.00712338425747948,0.0018008190296050913,3.5373760282846345e-05,-6.584774663004916e-09,0.03334392201963005,2.4976184331205568e-11
2669614392436.0225,2699135923.8024526,0.1488645606460205,0.001801621239933332,3082.1004845391476,0.3329997727970987,0.007081048590459879,0.809934672663104,-4.1518788407302054e-10,-1.582067810090848e-13,6,1.0000000000000004,6602373.558908111,239.9785354157087,0.3329997727970987,0.007081048590459879,0.0018016277061073096,3.539528318014863e-05,-6.441921380222581e-09,0.033299977279709875,2.5000608959204732e-11
2672313637210.4595,2699244774.437191,0.14886495591055088,0.0018024303513258155,3082.442378275488,0.3325599699762186,0.007038904524245939,0.8096214604291774,-4.274881559851451e-10,-6.783462680459706e-14,6,1.0000000000000004,6606228.083207165,239.98774307472559,0.3325599699762186,0.007038904524245939,0.0018024367161757079,3.5416810076344784e-05,-6.340595261210593e-09,0.03325599699762192,2.5025148784598108e-11
2675013512928.8647,2699875718.4052806,0.14886530561393102,0.0018032393183943145,3082.7845647136623,0.3321197266100945,0.006996944105113944,0.8096277703817378,-4.4025150192084084e-10,-9.394707234378075e-13,6,1.0000000000000004,6610091.187288538,239.99718314851052,0.3321197266100945,0.006996944105113944,0.0018032455662648785,3.5438336292836625e-05,-6.223614640186714e-09,0.03321197266100942,2.5049802702997476e-11
2677714009215.3022,2700496286.437374,0.14886559656722523,0.0018040505513198138,3083.1282104907955,0.3316790442396022,0.006955166824986064,0.8097764325754042,-4.534432829217394e-10,-4.005684672847565e-13,6,1.0000000000000004,6613963.40600711,240.00692399844564,0.3316790442396022,0.006955166824986064,0.0018040566622149065,3.5459887629339104e-05,-6.086638536081931e-09,0.0331679044239602,2.507459090287186e-11
2680414878259.7686,2700869044.4667535,0.14886582915871632,0.0018048630393893456,3083.4728792134683,0.3312379632016882,0.006913575924191274,0.8096653425493372,-4.669552522429399e-10,-1.0293987884324451e-12,6,1.0000000000000004,6617844.231517074,240.0169415069023,0.3312379632016882,0.006913575924191274,0.0018048690298574238,3.548145274649929e-05,-5.966211363675733e-09,0.03312379632016881,2.5099504808228868e-11
2683116305419.127,2701427159.3584833,0.14886600494756108,0.0018056765744257565,3083.818465596786,0.3307964531390143,0.006872168206440475,0.8096808201685235,-4.809294074092918e-10,7.94475596421762e-13,6,1.0000000000000004,6621733.889878152,240.02722925531023,0.3307964531390143,0.006872168206440475,0.0018056824383902823,3.5503029642028e-05,-5.839708384339804e-09,0.033079645313901444,2.512454434398161e-11
2685818264983.407,2701959564.280219,0.14886611265642974,0.0018064941806725662,3084.1663770933365,0.33035451809436817,0.006830942927923891,0.8101241100177958,-4.955185151089836e-10,-1.31206157050201e-12,6,1.0000000000000004,6625633.038161874,240.03787702977465,0.33035451809436817,0.006830942927923891,0.0018064998678002481,3.5524651639422544e-05,-5.662873097336947e-09,0.03303545180943682,2.5149735567686756e-11
2688520017571.3184,2701752587.9108753,0.1488661646184666,0.001807312438325488,3084.515025358299,0.3299122789828085,0.006789910579221185,0.8096705150784089,-5.093018229374024e-10,5.0182080713057076e-14,6,1.0000000000000004,6629540.00545369,240.04879854895603,0.3299122789828085,0.006789910579221185,0.001807318015110606,3.55462806926983e-05,-5.552530537624938e-09,0.032991227898280885,2.517504794198792e-11
2691222319824.9136,2702302253.5952144,0.14886617537705404,0.0018081285836747168,3084.8630809143324,0.32946961196699726,0.006749060037961433,0.8090879966005105,-5.250253565236562e-10,8.113509863960644e-13,6,1.0000000000000004,6633455.231138521,240.05990776949696,0.32946961196699726,0.006749060037961433,0.0018081341093521073,3.5567888286113875e-05,-5.501426240540407e-09,0.032946961196699695,2.5200463086597044e-11
2693926144666.129,2703824841.2155232,0.14886615292158495,0.0018089415043353722,3085.2099878232148,0.3290263575269998,0.006708378152357884,0.8090570424723609,-5.413061110459694e-10,-1.5204504322241519e-12,6,1.0000000000000004,6637379.732527656,240.07115418848593,0.3290263575269998,0.006708378152357884,0.0018089469459768447,3.5589460642578776e-05,-5.417394688623364e-09,0.03290263575269996,2.5225974663564302e-11
2696631544705.011,2705400038.882473,0.1488660822716522,0.001809755007112476,3085.557525546075,0.3285825067380825,0.006667864136544612,0.8091384234854004,-5.584099849187396e-10,2.0694557179012918e-13,6,1.0000000000000004,6641314.403164934,240.08264498502433,0.3285825067380825,0.006667864136544612,0.0018097603451189194,3.561103776719757e-05,-5.313765414293977e-09,0.032858250673808216,2.5251614316735545e-11
2699338384725.5493,2706840020.5384655,0.14886596864876603,0.0018105675075667403,3085.9049648503997,0.3281380815483134,0.006627520215492192,0.8088441844078531,-5.759510646186072e-10,-1.5754064719430971e-12,6,1.0000000000000004,6645258.744180756,240.09433338084852,0.3281380815483134,0.006627520215492192,0.001810572769027683,3.563260086586652e-05,-5.237226373387906e-09,0.03281380815483133,2.5277368056545486e-11
2702047158054.805,2708773329.2561073,0.1488658159850247,0.001811378105395354,3086.2518821631797,0.32769300072441515,0.006587339714648757,0.8086366276582879,-5.949800652160775e-10,-1.8425261316679098e-12,6,1.0000000000000004,6649213.231882115,240.1061867077822,0.32769300072441515,0.006587339714648757,0.001811383298357954,3.565413964779214e-05,-5.1687371031173505e-09,0.032769300072441505,2.5303230756711393e-11
2704758213936.6826,2711055881.877122,0.14886561118912472,0.0018121894781548476,3086.5995543793815,0.32724720651030914,0.00654731746906683,0.8088355057944696,0,-5.156374216497284e-10,6,1.0000000000000004,6653178.937041445,240.11827807548585,0.32724720651030914,0.00654731746906683,0.0018121945705214667,3.567568313927746e-05,-5.06703739219475e-09,0.03272472065103093,2.5329226831517715e-11
2707471220693.2188,2713006756.5358963,0.1488653653727856,0.001812999046153902,3086.9467681406827,0.3268007531401094,0.006507458786716833,0.8084722563639346,-7.771561172376096e-16,-5.337844610764364e-10,6,1.0000000000000004,6657154.872012328,240.13053605443812,0.3268007531401094,0.006507458786716833,0.0018130040721055826,3.569720108978256e-05,-5.000596349085094e-09,0.03268007531401094,2.535533310880929e-11
2710186789580.0933,2715568886.8742247,0.14886507711217614,0.0018138080017620337,3087.2940466022746,0.3263535396931038,0.006467755058017516,0.8085022684678478,-1.1102230246251565e-16,-5.539452230252095e-10,6,1.0000000000000004,6661142.144115497,240.14298790695534,0.3263535396931038,0.006467755058017516,0.0018138129435831265,3.571870676712626e-05,-4.916439530190643e-09,0.032635353969310395,2.5381562957717772e-11
2712904872567.0854,2718082986.9922833,0.14886476338601334,0.001814611716311608,3087.639245218781,0.32590557379939833,0.006428208480723035,0.8078122443189173,2.6645352591003757e-15,-5.707029293589017e-10,6,1.0000000000000004,6665139.673869398,240.1554963107751,0.32590557379939833,0.006428208480723035,0.001814616632225207,3.574014643501717e-05,-4.890505717815512e-09,0.032590557379939836,2.5407876294770598e-11
2715626633686.485,2721761119.3993683,0.14886438463919022,0.0018154208621689327,3087.9873150110357,0.3254566630200734,0.006388801146061248,0.8089426656310295,2.220446049250313e-16,-5.920872681031142e-10,6,1.0000000000000004,6669151.415371851,240.16835872416632,0.3254566630200734,0.006388801146061248,0.0018154256192407842,3.576163990253577e-05,-4.731637480995823e-09,0.03254566630200731,2.5434370021289036e-11
2718350172973.8223,2723539287.33749,0.1488639410369458,0.001816234122533679,3088.3376925052034,0.32500712021237255,0.006349558896042623,0.8091131420417952,2.220446049250313e-16,-6.113498596249656e-10,6,1.0000000000000004,6673174.583029668,240.18156415747387,0.32500712021237255,0.006349558896042623,0.0018162387293870206,3.578317037569748e-05,-4.581392315650517e-09,0.03250071202123726,2.5461025500221955e-11
2721075204469.6396,2725031495.817815,0.14886343373729058,0.0018170515439894445,3088.6903840543864,0.32455699232983487,0.006310484271455417,0.8094243114653565,-6.661338147750939e-16,-6.32661922850275e-10,6,1.0000000000000004,6677208.89796937,240.19512467190418,0.32455699232983487,0.006310484271455417,0.0018170559835193575,3.580474036872348e-05,-4.414042069708649e-09,0.032455699232983484,2.548784453598053e-11
2723801204858.1167,2726000388.477598,0.14886285709129296,0.0018178743270106153,3089.0459567927305,0.3241063655931083,0.006271582782314437,0.8098189696603697,-1.1102230246251565e-15,-6.519157436102319e-10,6,1.0000000000000004,6681254.00866563,240.20909022630457,0.3241063655931083,0.006271582782314437,0.0018178785787959875,3.582636509758312e-05,-4.226270536474117e-09,0.032410636559310854,2.5514837820596195e-11
2726527509920.3657,2726305062.249508,0.1488622112940294,0.0018187020140727045,3089.4042124413495,0.32365534967577986,0.006232861897037431,0.8100030007840431,-4.440892098500626e-16,-6.72803590617832e-10,6,1.0000000000000004,6685309.008497773,240.2234658966437,0.32365534967577986,0.006232861897037431,0.0018187060830253772,3.584804156728352e-05,-4.043410671966354e-09,0.032365534967578005,2.554200158748056e-11
2729253809932.597,2726300012.2309914,0.14886150145397306,0.0018195317915342863,3089.763901751585,0.32320399582380016,0.006194324908669769,0.8098648140997255,1.1102230246251565e-15,-6.905578331384277e-10,6,1.0000000000000004,6689372.933898852,240.23817939944885,0.32320399582380016,0.006194324908669769,0.001819535704014578,3.586974010680132e-05,-3.8869109767880655e-09,0.032320399582380026,2.556931270420971e-11
2731980337477.8286,2726527545.2316666,0.14886071762752637,0.0018203655224288114,3090.1259180022225,0.3227522654804882,0.006155967187327455,0.8101723031339603,-6.661338147750939e-16,-7.102122223656693e-10,6,1.0000000000000004,6693446.581038299,240.2532868576214,0.3227522654804882,0.006155967187327455,0.0018203692527354416,3.5891483428771094e-05,-3.704709841193122e-09,0.032275226548048826,2.5596790267482043e-11
2734706575075.959,2726237598.130426,0.14885986216084945,0.0018212019323032046,3090.489694830207,0.3223002443529495,0.006117794829109177,0.8101128179394124,-7.771561172376096e-16,-7.298665005706084e-10,6,1.0000000000000004,6697529.01733993,240.26876275347576,0.3223002443529495,0.006117794829109177,0.001821205498230101,3.591325785280661e-05,-3.540302475216586e-09,0.03223002443529496,2.56244227337676e-11
2737432622836.8154,2726047760.85699,0.14885893394850777,0.0018220407808750647,3090.85514101762,0.3218479158583681,0.006079805549464428,0.810212484880779,8.881784197001252e-16,-7.492713116619143e-10,6,1.0000000000000004,6701620.375809891,240.28460288153408,0.3218479158583681,0.006079805549464428,0.0018220441745167972,3.593506179451369e-05,-3.3679895204811813e-09,0.0321847915858368,2.565221017267171e-11
2740158313110.021,2725690273.2058344,0.14885791489289163,0.0018228859554024813,3091.224091782698,0.32139530773022223,0.00604199969366921,0.8108069798895556,-1.887379141862766e-15,-7.730923679005741e-10,6,1.0000000000000004,6705721.347940326,240.30092680238658,0.32139530773022223,0.00604199969366921,0.0018228891277350832,3.595693981950526e-05,-3.146652418558807e-09,0.03213953077302221,2.5680186954057445e-11
2742882646633.186,2724333523.164527,0.14885682698329097,0.0018237317889512833,3091.593914817324,0.32094258604424175,0.00600439028134875,0.8102514570396124,-3.3306690738754696e-16,-7.932533518939522e-10,6,1.0000000000000004,6709829.354627035,240.31758516290057,0.32094258604424175,0.00600439028134875,0.00182373480991117,3.597882836792455e-05,-2.9952515864296356e-09,0.03209425860442416,2.5708301019384134e-11
2745606557382.6577,2723910749.471537,0.1488556694254157,0.001824578384810525,3091.9646622134173,0.32048959575148517,0.005966964157450823,0.8101856291409248,-1.1102230246251565e-16,-8.155284225708215e-10,6,1.0000000000000004,6713945.743882614,240.33457319131813,0.32048959575148517,0.005966964157450823,0.0018245812515612016,3.6000730572806435e-05,-2.841014117383884e-09,0.0320489595751485,2.5736559409700952e-11
2748330156064.0303,2723598681.3723764,0.14885444980735751,0.0018254246432241033,3092.335789439544,0.3200363184713848,0.005929719691756956,0.8097554654584727,-1.1102230246251565e-16,-8.396755513118137e-10,6,1.0000000000000004,6718070.445681558,240.35185865495734,0.3200363184713848,0.005929719691756956,0.0018254273954073337,3.6022633943339936e-05,-2.7264182770752142e-09,0.03200363184713849,2.5764953905522022e-11
2751054165958.2373,2724009894.2071066,0.14885317298125728,0.0018262702956164435,3092.7071328793054,0.3195826338002552,0.00589264752372867,0.8098159953728867,1.5543122344752192e-15,-8.665934636553629e-10,6,1.0000000000000004,6722204.396500804,240.36942313868423,0.3195826338002552,0.00589264752372867,0.0018262729057140228,3.604453469408196e-05,-2.5843040911181915e-09,0.03195826338002551,2.579348562843307e-11
2753778485306.665,2724319348.4280734,0.14885183168787472,0.001827116086385841,3093.0790835908037,0.3191285585921485,0.0058557489435527256,0.8096273601543302,2.220446049250313e-16,-8.930135519946703e-10,6,1.0000000000000004,6726347.622261796,240.3872866115765,0.3191285585921485,0.0058557489435527256,0.0018271185670572481,3.6066439296022115e-05,-2.4548492468743978e-09,0.03191285585921484,2.5822160083315212e-11
2756503431531.854,2724946225.1897273,0.14885042491972852,0.0018279618595020946,3093.4515863292595,0.31867403984881604,0.005819019710563742,0.8095404646635274,-4.440892098500626e-16,-9.192845373817704e-10,6,1.0000000000000004,6730500.547182293,240.40544081101538,0.31867403984881604,0.005819019710563742,0.0018279642095227972,3.608834555787429e-05,-2.324169725116829e-09,0.03186740398488159,2.5850977974721266e-11
2759229151054.6626,2725719522.808272,0.1488489557971658,0.0018288073002291484,3093.8244759270556,0.31821905302375636,0.005782457940361561,0.8093626058247594,2.220446049250313e-16,-9.494171004931218e-10,6,1.0000000000000004,6734663.32032569,240.42387461630616,0.31821905302375636,0.005782457940361561,0.0018288095289406498,3.611024906880361e-05,-2.2028315635329503e-09,0.031821905302375636,2.5879937633199955e-11
2761955943653.874,2726792599.2116394,0.14884742467051182,0.0018296530594831592,3094.198024436758,0.317763547906855,0.005746059595417069,0.8093566022937537,4.440892098500626e-16,-9.787840538066916e-10,6,1.0000000000000004,6738836.527691241,240.44260265371372,0.317763547906855,0.005746059595417069,0.001829655158373396,3.613215653780051e-05,-2.072981189304618e-09,0.031776354790685524,2.590904656761641e-11
2764683819869.115,2727876215.2407103,0.14884583235872198,0.001830499392763758,3094.5723315433993,0.3173075225408439,0.0057098243878038885,0.8093663073083235,-1.4432899320127035e-15,-1.00985109163787e-09,6,1.0000000000000004,6743020.261984237,240.46163281565703,0.3173075225408439,0.0057098243878038885,0.0018305013553712743,3.6154069959097075e-05,-1.93666921129271e-09,0.03173075225408437,2.5938307556016544e-11
2767412763769.642,2728943900.527211,0.14884417938854322,0.0018313466717324708,3094.9475488973185,0.31685097939510387,0.005673752159201328,0.8093254849628195,0,-1.0426196572765889e-09,6,1.0000000000000004,6747214.620284603,240.48097737292622,0.31685097939510387,0.005673752159201328,0.0018313485003080764,3.617599316692997e-05,-1.8026078812160394e-09,0.03168509793951038,2.5967724607851666e-11
2770142844623.3267,2730080853.684242,0.1488424661648378,0.0018321942192080537,3095.323386219583,0.3163939067026088,0.005637841834649669,0.8092138997772835,-7.771561172376096e-16,-1.0751654011542655e-09,6,1.0000000000000004,6751419.588458249,240.50061677254482,0.3163939067026088,0.005637841834649669,0.001832195920779051,3.619791837394449e-05,-1.6755737058076917e-09,0.03163939067026084,2.5997293097518686e-11
2772874251205.7314,2731406582.404652,0.14884069344877088,0.0018330418850432807,3095.6997724334897,0.3159362726609189,0.005602090876766123,0.8091385317321453,2.220446049250313e-16,-1.1112638587107426e-09,6,1.0000000000000004,6755635.43125118,240.52054626107775,0.3159362726609189,0.005602090876766123,0.0018330434609011132,3.621984369408652e-05,-1.5498308181518183e-09,0.03159362726609188,2.6027013647618786e-11
2775607111429.286,2732860223.5543466,0.14883886175672964,0.001833889615699995,3096.076679866741,0.31547805561533865,0.005566497567586477,0.8090527597870434,-3.3306690738754696e-16,-1.1492163887183438e-09,6,1.0000000000000004,6759862.349488876,240.54076368028774,0.31547805561533865,0.005566497567586477,0.001833891068342293,3.624176805500902e-05,-1.4265854115487732e-09,0.03154780556153386,2.6056887217120566e-11
2778341571003.3184,2734459574.032963,0.14883697085559758,0.00183473749512971,3096.454146682081,0.31501923088896977,0.005531059959393321,0.8090041303532303,1.7763568394002505e-15,-1.1843591662952235e-09,6,1.0000000000000004,6764100.601909757,240.56127100931144,0.31501923088896977,0.005531059959393321,0.0018347388234083947,3.6263691987360616e-05,-1.302191765365932e-09,0.031501923088897,2.608691614072666e-11
2781077713095.191,2736142091.872737,0.1488350184694446,0.0018355858780787296,3096.832346463923,0.3145597842593037,0.005495776836618455,0.8090414604922103,-9.992007221626409e-16,-1.226162726908342e-09,6,1.0000000000000004,6768350.420306034,240.58207868699512,0.3145597842593037,0.005495776836618455,0.0018355870736288474,3.628561897029554e-05,-1.1694330148587215e-09,0.03145597842593036,2.6117104764679567e-11
2783815475576.1587,2737762480.968,0.14883299663936086,0.0018364370465212537,3097.212324322344,0.31409972584924883,0.005460648246060959,0.8094811221326381,0,-1.2660906767436586e-09,6,1.0000000000000004,6772612.270621538,240.60325580650843,0.31409972584924883,0.005460648246060959,0.0018364380679797227,3.6307574364625187e-05,-9.95310995213739e-10,0.031409972584924874,2.6147473748508854e-11
2786554115370.226,2738639794.0676646,0.14883089636571006,0.0018372918112584326,3097.5945148482406,0.3136391802808988,0.005425682323531735,0.8096759407383303,-1.1102230246251565e-16,-1.307149610774161e-09,6,1.0000000000000004,6776885.348000808,240.62483613770002,0.3136391802808988,0.005425682323531735,0.0018372926542830007,3.6329567312968145e-05,-8.168465408374858e-10,0.03136391802808993,2.6178027604908583e-11
2789293303156.869,2739187786.6427455,0.14882871653500446,0.0018381506180642783,3097.9791163365217,0.3131782027841273,0.005390881830790066,0.8100363879659511,-6.661338147750939e-16,-1.3474862337048421e-09,6,1.0000000000000004,6781169.363601324,240.64684342069248,0.3131782027841273,0.005390881830790066,0.0018381512610881206,3.6351604406604204e-05,-6.168150725963733e-10,0.03131782027841272,2.620877106931528e-11
2792032429418.7505,2739126261.88115,0.14882645904722153,0.0018390132586278622,3098.3660199615,0.31271689585124673,0.005356252870584071,0.8100607612471222,-4.440892098500626e-16,-1.387308379285912e-09,6,1.0000000000000004,6785463.486690883,240.6692858805125,0.31271689585124673,0.005356252870584071,0.0018390137172111657,3.637368493754304e-05,-4.323436028643703e-10,0.0312716895851247,2.6239701748905047e-11
2794771452950.1597,2739023531.4091077,0.14882412665027972,0.0018398777042698843,3098.754341704869,0.3122552664393639,0.005321795219090698,0.8100813048139699,-1.4432899320127035e-15,-1.4295518102613869e-09,6,1.0000000000000004,6789767.266258931,240.69210987608452,0.3122552664393639,0.005321795219090698,0.001839877979026007,3.639578738062521e-05,-2.48485321620445e-10,0.0312255266439364,2.627080375949912e-11
2797510339025.374,2738886075.2146354,0.14882171486282397,0.0018407451931006322,3099.1446490062294,0.31179332037885144,0.005287508197531989,0.8102243220786676,-4.440892098500626e-16,-1.4741849962973674e-09,6,1.0000000000000004,6794080.986981118,240.71535574359638,0.31179332037885144,0.005287508197531989,0.001840745276465794,3.6417926665619456e-05,-5.7063073186355673e-11,0.03117933203788517,2.6302089575196165e-11
2800248845924.642,2738506899.2675586,0.14881922377427034,0.0018416148018491735,3099.536551584344,0.31133109844852624,0.005253393958859565,0.8101950421668391,-9.992007221626409e-16,-1.5176592205179418e-09,6,1.0000000000000004,6798404.143797191,240.73900302285844,0.31133109844852624,0.005253393958859565,0.0018416147009968989,3.6440092905451856e-05,1.2718582432839295e-10,0.03113310984485264,2.633355138355457e-11
2802987023177.071,2738177252.4287186,0.14881665047532644,0.0018424868357289363,3099.930207651635,0.31086859230489816,0.005219451028368754,0.8102956966515862,2.220446049250313e-16,-1.5605099434878866e-09,6,1.0000000000000004,6802736.924637808,240.76306368154596,0.31086859230489816,0.005219451028368754,0.0018424865432334469,3.64622903246633e-05,3.1886068332623547e-10,0.031086859230489847,2.63651938019625e-11
2805724700770.0986,2737677593.0272894,0.14881317803139457,0.001843500396140098,3100.3926132059887,0.3104058286347607,0.005185656724699675,0.8514691590688628,-4.440892098500626e-16,-1.6428528537559828e-09,6,1.0000000000000004,6807109.9061511485,240.7914968380145,0.3104058286347607,0.005185656724699675,0.0018434961046467967,3.648606109094545e-05,4.317891518237734e-09,0.031040582863476107,2.6398217768107e-11
2808394879609.129,2670178839.0302196,0.14880834249767597,0.0018446910935855608,3100.9435011312016,0.30995413492968465,0.005152748386985659,0.8362236664227751,2.220446049250313e-16,-1.4814599547108287e-09,6,1.0000000000000004,6811436.599496729,240.82623982214812,0.30995413492968465,0.005152748386985659,0.001844685639353815,3.651185981848708e-05,5.480664364974419e-09,0.030995413492968443,2.6432618666573805e-11
2811022857044.8374,2627977435.7091293,0.1488041261977299,0.0018457309658904157,3101.424355441165,0.30950924559026916,0.00512045472478486,0.8072362489564,-3.3306690738754696e-16,-1.386405101833077e-09,6,1.0000000000000004,6815681.078016337,240.85777070387147,0.30950924559026916,0.00512045472478486,0.001845726837408611,3.65360982572757e-05,4.154947533748575e-09,0.030950924559026892,2.6465729780451735e-11
2813655329366.2285,2632472321.391482,0.14880037358286893,0.0018466728095267548,3101.859042497366,0.30906325984537697,0.005088243575732591,0.8016508307173709,2.220446049250313e-16,-1.4308388918138348e-09,6,1.0000000000000004,6819921.872210023,240.8870790552289,0.30906325984537697,0.005088243575732591,0.001846669778237584,3.655937281531542e-05,3.0577874373597555e-09,0.030906325984537686,2.6498266100621836e-11
2816301474738.744,2646145372.5159845,0.14879701554780397,0.0018475399032224992,3102.2580981632796,0.3086146206688005,0.005056034025119576,0.7972633125907791,-6.661338147750939e-16,-1.507218239105157e-09,6,1.0000000000000004,6824175.807409503,240.91453173052562,0.3086146206688005,0.005056034025119576,0.0018475378586768555,3.658186317558581e-05,2.0710760621898507e-09,0.03086146206688002,2.6530419907166448e-11
2818968673121.195,2667198382.450732,0.14879399905648097,0.0018483499776549368,3102.6295463900606,0.30816207379612226,0.005023760198788454,0.7943245178276825,-6.661338147750939e-16,-1.6118700818523735e-09,6,1.0000000000000004,6828456.480686171,240.9404227848843,0.30816207379612226,0.005023760198788454,0.001848348797265493,3.660371138641498e-05,1.2069517887594925e-09,0.03081620737961227,2.6562346093071015e-11
2821662060648.535,2693387527.3402104,0.14879127083621838,0.0018491169042048445,3102.9797834945916,0.3077047439898054,0.004991378284973593,0.7924123751612555,-3.3306690738754696e-16,-1.740018240603547e-09,6,1.0000000000000004,6832773.787666699,240.96500179937536,0.3077047439898054,0.004991378284973593,0.0018491164721949342,3.662503163141416e-05,4.586040763779543e-10,0.030770474398980546,2.659416670788189e-11
2824385174062.029,2723113413.492888,0.14878877766393023,0.0018498527145727845,3103.314425915263,0.30724202643113174,0.004958859493631945,0.7915414418357969,0,-1.8968304704714e-09,6,1.0000000000000004,6837135.219522265,240.98851762750806,0.30724202643113174,0.004958859493631945,0.0018498529044759131,3.664593023248988e-05,-1.6327713887715103e-10,0.030724202643113166,2.6625989780658383e-11
2827139855673.9873,2754681611.9583817,0.1487864616106005,0.0018505705960579235,3103.639617547598,0.30677360340353615,0.004926190784444919,0.7920425781904328,1.3322676295501878e-15,-2.0749203466507993e-09,6,1.0000000000000004,6841546.340474236,241.01129981527782,0.30677360340353615,0.004926190784444919,0.0018505712429189084,3.666653754135674e-05,-6.202030490908264e-10,0.030677360340353624,2.6657933323985573e-11
2829925589739.8545,2785734065.8676314,0.14878426590222085,0.0018512803068351001,3103.960046666771,0.30629955792944,0.0048933832658557596,0.7934330747971785,-9.992007221626409e-16,-2.26459395680223e-09,6,1.0000000000000004,6846008.685620131,241.03362385230122,0.30629955792944,0.0048933832658557596,0.0018512812466047082,3.668695261192439e-05,-9.130795318624145e-10,0.030629955792944003,2.669007783577517e-11
2832740256694.3433,2814666954.488367,0.14878210844155304,0.001851996212135673,3104.2825919282336,0.3058202461429237,0.0048604615386038125,0.7965315668156947,2.220446049250313e-16,-2.4623635352938322e-09,6,1.0000000000000004,6850522.703206538,241.05593996672354,0.3058202461429237,0.0048604615386038125,0.0018519972211554342,3.670733686854715e-05,-9.822972177007173e-10,0.030582024614292387,2.6722543355647045e-11
2835578620289.369,2838363595.0254955,0.14877990497603913,0.0018527288131193183,3104.6125292995284,0.3053365556925822,0.004827481658154843,0.8002579038324242,-1.4432899320127035e-15,-2.654642283772546e-09,6,1.0000000000000004,6855083.5293648625,241.07863480924755,0.3053365556925822,0.004827481658154843,0.0018527297002216678,3.672781492707044e-05,-8.603469497134817e-10,0.03053365556925818,2.6755402441836154e-11
2838434208309.0283,2855588019.6593776,0.14877756737703016,0.0018534869241061936,3104.9544639936166,0.3048495863593603,0.004794509782916753,0.8048430027995934,6.661338147750939e-16,-2.828336564952849e-09,6,1.0000000000000004,6859684.201178276,241.10207503955834,0.3048495863593603,0.004794509782916753,0.0018534874814820513,3.6748499998555276e-05,-5.30587146287296e-10,0.03048495863593604,2.6788710420952835e-11
2841298930249.946,2864721940.917924,0.1487749897925948,0.0018542830657524152,3105.314733730179,0.3043607155758704,0.004761625404674854,0.8107976379179149,-2.0064194750091247e-10,9.108269694024784e-13,7,1.0000000000000004,6864316.2764495695,241.12676195012807,0.3043607155758704,0.004761625404674854,0.0018542830322754,3.676955378037177e-05,5.992751794991527e-11,0.030436071557587045,2.682254961453994e-11
2844162242731.2188,2863312481.2728677,0.14877205364672583,0.0018551291886801553,3105.6995639744637,0.3038717415449534,0.004728930870500561,0.8177373039819358,-2.0816426360426021e-10,-1.1106671138350066e-12,7,1.0000000000000004,6868967.562094364,241.15320920864914,0.3038717415449534,0.004728930870500561,0.0018551282741262568,3.6791135879160436e-05,9.410247108314305e-10,0.030387174154495333,2.6856984066579152e-11
2847011976907.1226,2849734175.904349,0.1487686293662873,0.0018560393450800638,3106.116167408766,0.30338474280962474,0.004696541376052978,0.8258028166840958,-2.1060087007640504e-10,-2.8976820942716586e-13,7,1.0000000000000004,6873623.928545727,241.18201588788384,0.30338474280962474,0.004696541376052978,0.0018560372036727478,3.681343573694841e-05,2.167908522043262e-09,0.030338474280962507,2.6892089222337726e-11
2849834312678.9766,2822335771.8546185,0.14876465227288568,0.001857010773556991,3106.564038353119,0.30290208380418077,0.0046645896810231634,0.8306375975930536,-2.0814305834448987e-10,5.657696533489798e-13,7,1.0000000000000004,6878264.820652985,241.21330307699455,0.30290208380418077,0.0046645896810231634,0.0018570072943364679,3.683645200779436e-05,3.505761776516559e-09,0.030290208380418095,2.692777747771882e-11
2852621366768.0825,2787054089.106299,0.14875993545360996,0.001858071047584323,3107.0566298375243,0.30242511632257485,0.0046331354930164445,0.8411265844943117,-2.0151980084648358e-10,-1.0547118733938987e-14,7,1.0000000000000004,6882885.558745193,241.24804342089303,0.30242511632257485,0.0046331354930164445,0.001858065647753043,3.68605440495158e-05,5.426421121113196e-09,0.030242511632257496,2.6964279600543017e-11
2855356366115.163,2734999347.08009,0.148754334410221,0.0018592350751501692,3107.6016393249765,0.3019567160917599,0.004602333708225,0.850287019682483,-1.1102230246251565e-16,-2.8146085462310566e-09,6,1.0000000000000004,6887464.987164832,241.2868869670106,0.3019567160917599,0.004602333708225,0.0018592272772247917,3.6885914285405865e-05,7.824927021983917e-09,0.030195671609175977,2.7001644862629838e-11
2858025786433.568,2669420318.405025,0.14874882130426872,0.0018603274964618124,3108.1156149488625,0.3014992099854397,0.004572331147056452,0.7990627537424189,-9.992007221626409e-16,-2.5072797171787897e-09,6,1.0000000000000004,6891944.186462798,241.32507623143823,0.3014992099854397,0.004572331147056452,0.0018603221388654365,3.691065172117098e-05,5.384634645719878e-09,0.030149920998543977,2.703827159554057e-11
2860713413631.896,2687627198.3285093,0.14874447364423302,0.0018612066141246333,3108.5281718893243,0.30103824654935324,0.004542282974071679,0.7978947463849195,1.1102230246251565e-15,-2.6704385369669126e-09,6,1.0000000000000004,6896415.286193033,241.35771038081145,0.30103824654935324,0.004542282974071679,0.0018612021655405148,3.693313068578632e-05,4.475657530403232e-09,0.03010382465493529,2.707340990573816e-11
2863421351740.539,2707938108.643251,0.14874004284331924,0.0018620948999837701,3108.9453072159436,0.30057345941255054,0.004512173285822118,0.8065793255518372,-7.771561172376096e-16,-2.8643846183840083e-09,6,1.0000000000000004,6900929.517638093,241.39085587950896,0.30057345941255054,0.004512173285822118,0.0018620903251600166,3.695574040367432e-05,4.6019327163571886e-09,0.030057345941255052,2.710896404050623e-11
2866135025908.975,2713674168.436333,0.14873555148608697,0.0018629847260636767,3109.3635986438867,0.30010734710881176,0.004482164030435932,0.806716101697802,1.5543122344752192e-15,-2.9876592311239847e-09,6,1.0000000000000004,6905462.515550933,241.42431141403546,0.30010734710881176,0.004482164030435932,0.0018629800576020436,3.6978347187540724e-05,4.695606372828083e-09,0.030010734710881153,2.7144736856733546e-11
2868854217743.0747,2719191834.0998764,0.14873224594402473,0.0018635981296704046,3109.654068286629,0.2996399503122414,0.004452324205683088,0.7523859602009964,-2.0807877643136408e-10,1.7275070263167436e-13,7,1.0000000000000004,6909943.232616516,241.45204053382284,0.2996399503122414,0.004452324205683088,0.0018635972043562756,3.6997896841318236e-05,9.521049063223879e-10,0.029963995031224124,2.71785524580883e-11
2871675600549.2373,2821382806.162619,0.1487293702479076,0.0018641562038728065,3109.9169116906096,0.2991546434927832,0.004421657676158877,0.7745205832243585,-2.700336620975463e-10,1.000088900582341e-12,7,1.0000000000000004,6914571.459189374,241.4781425733166,0.2991546434927832,0.004421657676158877,0.0018641557253066515,3.7016757473039315e-05,5.052755514423979e-10,0.02991546434927831,2.7212781371044835e-11
2874560881064.5244,2885280515.286995,0.14872657883783152,0.0018647331099378834,3110.18667935069,0.29865799907158536,0.004390580633629712,0.7791993228423166,-3.2048153020269865e-10,1.312283615106935e-13,7,1.0000000000000004,6919306.297057482,241.5041039711171,0.29865799907158536,0.004390580633629712,0.0018647329513187454,3.703558257749368e-05,1.8526914900746028e-10,0.02986579990715854,2.724762363374317e-11
2877502634498.716,2941753434.191993,0.14872384250653523,0.0018653272310077747,3110.462997162095,0.2981512868268233,0.004359167995642943,0.7830874304559643,-3.7349301429401294e-10,-7.700506898800086e-13,7,1.0000000000000004,6924137.394829928,241.53003816422995,0.2981512868268233,0.004359167995642943,0.0018653273011242282,3.705438298462921e-05,-4.353009118764829e-11,0.029815128682682258,2.7283049019481513e-11
2880494510926.191,2991876427.4754057,0.14872113708752488,0.0018659360127950306,3110.7450481882997,0.2976355934219808,0.004327482505669132,0.7864916601318939,-4.288195354362756e-10,-1.2908563107316695e-12,7,1.0000000000000004,6929055.776977342,241.55602676521428,0.2976355934219808,0.004327482505669132,0.0018659362472121391,3.707316132074804e-05,-2.0789823155017946e-10,0.02976355934219808,2.73190269114232e-11
2883530771921.828,3036260995.637451,0.14871843953597794,0.0018665577901778702,3111.0323752509985,0.29711190171518953,0.0042955801989796975,0.7897982856608365,-4.860812863327624e-10,-1.1483036743697994e-12,7,1.0000000000000004,6934053.472414115,241.58216532254508,0.29711190171518953,0.0042955801989796975,0.0018665581187959884,3.709192807529637e-05,-3.021698809156873e-10,0.029711190171518922,2.735553616708314e-11
2886605618963.5405,3074847041.7121205,0.14871572868694233,0.001867191378854605,3111.324702491676,0.29658120636437146,0.004263517382817412,0.7928148537672541,-5.441820327689584e-10,-3.852473895449293e-13,7,1.0000000000000004,6939122.390548462,241.60854665184985,0.29658120636437146,0.004263517382817412,0.0018671917421433006,3.711069517498414e-05,-3.3691223269756904e-10,0.029658120636437153,2.7392554715812168e-11
2889713612714.853,3107993751.3118925,0.1487129900024333,0.0018678341893830263,3111.621100030296,0.2960444414903042,0.004231346744813129,0.7951094910252365,-6.024126752990355e-10,3.3506530883187224e-13,7,1.0000000000000004,6944254.522928627,241.63521060567524,0.2960444414903042,0.004231346744813129,0.001867834558362181,3.71294553838508e-05,-3.4267431489145613e-10,0.029604444149030407,2.743004666945363e-11
2892850574135.4644,3136961420.611487,0.1487102040790069,0.0018684857663548071,3111.9215785383167,0.29550232476500127,0.00419910797558228,0.7976669891274213,8.881784197001252e-16,-5.562207361364813e-10,7,1.0000000000000004,6949444.171108951,241.66224225248612,0.29550232476500127,0.00419910797558228,0.0018684860818629768,3.7148223787013765e-05,-2.8804016655462075e-10,0.02955023247650013,2.746800191628993e-11
2896011693370.0195,3161119234.554754,0.14870735070474678,0.0018691454577469534,3112.2260755557536,0.29495568392121285,0.004166847024208966,0.7999325313257089,-4.440892098500626e-16,-6.061879886942734e-10,7,1.0000000000000004,6954684.465466038,241.68970938307973,0.29495568392121285,0.004166847024208966,0.0018691456700807205,3.716700825421386e-05,-1.8482736941216019e-10,0.029495568392121297,2.750639888773576e-11
2899192642378.9067,3180949008.887021,0.14870440434455257,0.0018698154346123163,3112.5357595213773,0.2944052644217683,0.004134603801559325,0.8025529318889113,1.7763568394002505e-15,-6.53277765216842e-10,7,1.0000000000000004,6959969.873609459,241.71775676416704,0.2944052644217683,0.004134603801559325,0.0018698154758772215,3.718584943832326e-05,-1.3719657253658398e-11,0.029440526442176818,2.754524465398893e-11
2902388315677.7393,3195673298.832793,0.14870135075535415,0.0018704953034921212,3112.850612886032,0.29385194735664394,0.004102425601489583,0.8046464183841806,-6.661338147750939e-16,-6.973763788664655e-10,7,1.0000000000000004,6965292.94704025,241.74645010750888,0.29385194735664394,0.004102425601489583,0.0018704951334231645,3.720475577920216e-05,1.976534693784831e-10,0.0293851947356644,2.758451368261143e-11
2905594602293.739,3206286615.999731,0.14869817370230762,0.001871184015281925,3113.1703664540987,0.2932964428547106,0.00407034965894876,0.8063594530982598,-4.440892098500626e-16,-7.414940883521126e-10,7,1.0000000000000004,6970647.536849099,241.775823888456,0.2932964428547106,0.00407034965894876,0.0018711836028250245,3.7223727276578884e-05,4.400810792953158e-10,0.029329644285471093,2.7624179839000923e-11
2908808118620.713,3213516326.9744825,0.14869486654533656,0.0018718813434038173,3113.4949931274764,0.29273933593973245,0.004038405649553003,0.8076379870436412,2.220446049250313e-16,-7.815948999123634e-10,7,1.0000000000000004,6976028.747294951,241.80592787988422,0.29273933593973245,0.004038405649553003,0.001871880674118957,3.7242772824815956e-05,6.969490891896545e-10,0.02927393359397323,2.7664228580746618e-11
2912026330631.73,3218212011.0166845,0.14869142487335285,0.0018725854326494063,3113.8237655447233,0.29218106513705133,0.004006615481415481,0.8086391362072121,2.220446049250313e-16,-8.203604462408975e-10,7,1.0000000000000004,6981432.530706295,241.83674859500246,0.29218106513705133,0.004006615481415481,0.0018725844917593857,3.726187993220022e-05,9.685946545239106e-10,0.029218106513705103,2.7704633637266734e-11
2915247249478.815,3220918847.0848055,0.14868785234117596,0.0018732941570384725,3114.155760192331,0.2916219750098442,0.003974996193222215,0.8088588743238034,8.881784197001252e-16,-8.56625326228766e-10,7,1.0000000000000004,6986855.529047514,241.86825926910694,0.2916219750098442,0.003974996193222215,0.0018732929606193394,3.7281030734733603e-05,1.2241645031331873e-09,0.02916219750098443,2.774536854764592e-11
2918470439536.553,3223190057.7386756,0.14868413101214872,0.001874009911700787,3114.4921590901195,0.2910621406865907,0.003943549109351844,0.8098161069503007,-8.881784197001252e-16,-8.973676246526452e-10,7,1.0000000000000004,6992297.90019472,241.90055880702326,0.2910621406865907,0.003943549109351844,0.0018740084338752115,3.730026179782883e-05,1.5056120357944654e-09,0.029106214068659052,2.7786462118859358e-11
2921693995534.533,3223555997.980768,0.14868030262907223,0.0018747213087834723,3114.827793074169,0.29050189317643327,0.003912293310220328,0.8076229135456359,8.881784197001252e-16,-9.349306884232078e-10,7,1.0000000000000004,6997754.023840902,241.93332203672256,0.29050189317643327,0.003912293310220328,0.0018747196577969289,3.731943881182226e-05,1.6788143387817392e-09,0.029050189317643336,2.7827793720935255e-11
2924922292012.9067,3228296478.372766,0.1486763589169476,0.00187543012618756,3115.1634891055105,0.28994047202340717,0.0038811875851296664,0.8073208473957649,-2.3314683517128287e-15,-9.813716506101855e-10,7,1.0000000000000004,7003231.3771812115,241.96659648154974,0.28994047202340717,0.0038811875851296664,0.0018754282931086601,3.7338586911056505e-05,1.8609483170877709e-09,0.02899404720234073,2.786942149692122e-11
2928155940722.1567,3233648709.2497253,0.1486722963178124,0.0018761387989785225,3115.500296784183,0.2893777700602402,0.003850226566113112,0.8076781021770785,4.440892098500626e-16,-1.0350450496687813e-09,7,1.0000000000000004,7008731.563415619,242.00045230606366,0.2893777700602402,0.003850226566113112,0.0018761367553733687,3.7357731773527775e-05,2.0715165295773694e-09,0.028937777006024,2.7911374753919987e-11
2931394234111.9487,3238293389.791931,0.14866810957800822,0.0018768485871897122,3115.838794730501,0.2888139096347889,0.0038194166993778473,0.8078970237246352,-3.3306690738754696e-16,-1.0848705267463288e-09,7,1.0000000000000004,7014253.85744145,242.0349289128851,0.2888139096347889,0.0038194166993778473,0.001876846322894279,3.737688609248979e-05,2.292249093804915e-09,0.02888139096347892,2.7953661179112776e-11
2934636739442.1514,3242505330.2029605,0.14866379429008042,0.001877559899539312,3116.1791989362055,0.2882489654373155,0.0037887615876373245,0.8082704761047665,8.881784197001252e-16,-1.138537042422172e-09,7,1.0000000000000004,7019797.791536546,242.0700479980695,0.2882489654373155,0.0037887615876373245,0.0018775573979123137,3.7396054845860146e-05,2.5296232844931776e-09,0.02882489654373154,2.799628477615514e-11
2937882712048.377,3245972606.2254033,0.1486593521165357,0.0018782720783495307,3116.5212192617655,0.2876830666836852,0.0037582676993187514,0.8081224939227027,-6.661338147750939e-16,-1.1888456885600363e-09,7,1.0000000000000004,7025362.1419776175,242.10579975009165,0.2876830666836852,0.0037582676993187514,0.0018782693495351284,3.741523043762498e-05,2.7568536377567637e-09,0.028768306668368535,2.8039236546137478e-11
2941132453141.2583,3249741092.8810883,0.14865475813355344,0.0018789897366926656,3116.8670303591475,0.2871161601588398,0.0037279305146852935,0.8096068621066266,1.1102230246251565e-15,-1.2466156995571964e-09,7,1.0000000000000004,7030948.681401336,242.14233415946495,0.2871161601588398,0.0037279305146852935,0.0018789867173363407,3.743447077691496e-05,3.047438896075543e-09,0.02871161601588399,2.8082569251086224e-11
2944382983161.067,3250530019.808058,0.14865003251743805,0.0018797082158316242,3117.214488108528,0.2865487653349577,0.003697776882997518,0.8089431458024876,-1.1102230246251565e-15,-1.2998818688103597e-09,7,1.0000000000000004,7036551.585688566,242.17952340970461,0.2865487653349577,0.003697776882997518,0.0018797049467352983,3.745371866941278e-05,3.2972225378897953e-09,0.02865487653349578,2.8126214217555477e-11
2947635635836.225,3252652675.158376,0.14864517172324246,0.0018804271655675558,3117.563484906071,0.2859806492960067,0.003667793981076448,0.8086422259578896,-6.661338147750939e-16,-1.3569942947100344e-09,7,1.0000000000000004,7042173.076334181,242.21736631938344,0.2859806492960067,0.003667793981076448,0.0018804236570366293,3.747297375668236e-05,3.536701110740497e-09,0.02859806492960069,2.817018546164198e-11
2950891018096.19,3255382259.9649434,0.14864017323915177,0.0018811471568150548,3117.914284172927,0.28541170566567503,0.003637975893098533,0.8087973718540198,0,-1.4203822562564028e-09,7,1.0000000000000004,7047814.378324485,242.25588671423833,0.28541170566567503,0.003637975893098533,0.0018811433972602469,3.749224357438745e-05,3.787769305574799e-09,0.02854117056656752,2.8214497719386497e-11
2954148819726.0776,3257801629.888217,0.14863503528454952,0.0018818682478661944,3118.2669290719186,0.284841988269322,0.00360832501496428,0.8088590669474982,2.220446049250313e-16,-1.4864554032101296e-09,7,1.0000000000000004,7053475.094526478,242.29508830075915,0.284841988269322,0.00360832501496428,0.0018818642325907043,3.7511527711671135e-05,4.0435346412680145e-09,0.02848419882693222,2.825915095776351e-11
2957408918186.0977,3260098460.020239,0.148629760591094,0.0018825902110689604,3118.6212969977687,0.2842715181828235,0.0035788418838031766,0.8085260261303517,2.220446049250313e-16,-1.552109329949758e-09,7,1.0000000000000004,7059155.085674358,242.33497347141878,0.2842715181828235,0.0035788418838031766,0.0018825859558390318,3.7530824278231894e-05,4.2835340749941895e-09,0.02842715181828233,2.830414592457192e-11
2960671986935.088,3263068748.9904985,0.14862434498292643,0.0018833138320446254,3118.977757439658,0.28370017714987367,0.003549520141401459,0.8092943354354176,-1.1102230246251565e-16,-1.6250230050474102e-09,7,1.0000000000000004,7064855.743276558,242.37556994903352,0.28370017714987367,0.003549520141401459,0.001883309295419815,3.755014273123212e-05,4.5649743097379705e-09,0.02837001771498737,2.834949972696079e-11
2963936477991.242,3264491056.15405,0.14861877157732278,0.0018840421059384892,3119.3377274771983,0.28312823574574475,0.00352037184554638,0.8100442949743325,2.4424906541753444e-15,-1.6954690984505305e-09,7,1.0000000000000004,7070575.370576206,242.41697344539241,0.28312823574574475,0.00352037184554638,0.0018840372644896612,3.756951805440314e-05,4.8698440626278326e-09,0.02831282357457448,2.8395230045325164e-11
2967200879791.4604,3264401800.217517,0.1486130440743257,0.0018847742727348816,3119.700853025678,0.2825559586265556,0.003491408739109644,0.8104601206815332,-7.771561172376096e-16,-1.765668944386789e-09,7,1.0000000000000004,7076311.435091209,242.4591742679504,0.2825559586265556,0.003491408739109644,0.0018847691175986774,3.758894284001707e-05,5.183577522915563e-09,0.028255595862655553,2.844132011619364e-11
2970464354814.414,3263475022.953748,0.1486071596914386,0.001885510707941141,3120.0673181312645,0.2819834926145495,0.0034626363363473426,0.8108502180803612,-1.2212453270876722e-15,-1.8356827169441203e-09,7,1.0000000000000004,7082062.7823516205,242.50219547638068,0.2819834926145495,0.0034626363363473426,0.0018855052300847464,3.760842410549405e-05,5.506344163047753e-09,0.02819834926145495,2.8487770651761404e-11
2973726118428.0757,3261763613.661494,0.14860111299439915,0.0018862511546407373,3120.4370729813286,0.2814109754656755,0.0034340597777841615,0.8112086535838614,-1.1102230246251565e-15,-1.9037554865874995e-09,7,1.0000000000000004,7087828.167553854,242.54603718206036,0.2814109754656755,0.0034340597777841615,0.0018862453440001545,3.762796065501093e-05,5.839175156571486e-09,0.028141097546567538,2.8534575685401654e-11
2976985451217.174,3259332789.0987005,0.1485949069646428,0.0018869950380343429,3120.809848116702,0.2808385336913944,0.0034056836409131776,0.8111032745450331,2.220446049250313e-16,-1.9749081259234913e-09,7,1.0000000000000004,7093606.35605819,242.59069183472096,0.2808385336913944,0.0034056836409131776,0.001886988905021026,3.764754750960211e-05,6.161595044049674e-09,0.02808385336913944,2.8581726817515777e-11
2980242566555.8833,3257115338.70895,0.14858854394874974,0.001887742153774466,3121.185534121063,0.2802661300664958,0.0033775046569976884,0.8111782395792133,6.661338147750939e-16,-2.048864855552779e-09,7,1.0000000000000004,7099397.745863592,242.6361630608988,0.2802661300664958,0.0033775046569976884,0.0018877356959878815,3.766718467594096e-05,6.486415814078592e-09,0.028026613006649593,2.8629228537606254e-11
2983497315548.587,3254748992.703435,0.14858203148099408,0.0018884888779522504,3121.562554086017,0.27969379115613774,0.0033495237890634297,0.810117059546478,-1.2212453270876722e-15,-2.1266561844868193e-09,7,1.0000000000000004,7105201.235701602,242.6823410863655,0.27969379115613774,0.0033495237890634297,0.0018884821357339236,3.768682765816909e-05,6.770895369833387e-09,0.027969379115613757,2.8677044958317592e-11
2986751829381.939,3254513833.351576,0.1485753644305429,0.0018892372293195588,3121.94179687629,0.2791211423316872,0.0033217221873990538,0.8101273557548083,-6.661338147750939e-16,-2.2150341560944753e-09,7,1.0000000000000004,7111020.958489803,242.729292799563,0.2791211423316872,0.0033217221873990538,0.001889230193443262,3.770650259373914e-05,7.064601516341146e-09,0.027912114233168722,2.872522084769508e-11
2990006087392.9478,3254258011.0085206,0.14856854384762275,0.0018899859083673118,3122.3227150634584,0.2785481872093052,0.0032940998593911173,0.8097177933708011,-6.661338147750939e-16,-2.3034490981288513e-09,7,1.0000000000000004,7116856.589614519,242.77697683273388,0.2785481872093052,0.0032940998593911173,0.0018899785894930996,3.772619148046465e-05,7.347647954789298e-09,0.027854818720930524,2.8773743987877336e-11
2993260912449.1577,3254825056.210171,0.14856156641008128,0.0018907353615475989,3122.7055286615296,0.27797478084507665,0.0032666495334435154,0.8095144399256071,-1.2212453270876722e-15,-2.401011833796929e-09,7,1.0000000000000004,7122709.680860784,242.82540911139247,0.27797478084507665,0.0032666495334435154,0.0018907277612758046,3.774589906131231e-05,7.629094421309574e-09,0.02779747808450768,2.8822629448522485e-11
2996516713507.8325,3255801058.675415,0.14855443324875367,0.0018914849533968774,3123.0899641105875,0.2774008510613081,0.0032393676834493817,0.8091999859072274,1.1102230246251565e-15,-2.5041764217803575e-09,7,1.0000000000000004,7128580.820197726,242.87457187449468,0.2774008510613081,0.0032393676834493817,0.0018914770778604556,3.776561624699932e-05,7.904408300780232e-09,0.02774008510613079,2.8871877039134697e-11
2999774123589.811,3257410081.9786134,0.14854714839702765,0.001892234864108185,3123.476054219006,0.2768262860730926,0.003212248908693939,0.8090651187897535,-4.440892098500626e-16,-2.6136260933284916e-09,7,1.0000000000000004,7134471.185857743,242.92447417040552,0.2768262860730926,0.003212248908693939,0.0018922267117569508,3.7785344112149127e-05,8.18127273089762e-09,0.02768262860730925,2.8921497556874364e-11
3003033415110.133,3259291520.3216076,0.14853972415575692,0.0018929831808927897,3123.8628812816128,0.2762510376700786,0.003185291288222155,0.8081835933815285,-2.8507551874668025e-10,-2.0907719999740948e-12,8,1.0000000000000004,7140380.8253834,242.97505885194062,0.2762510376700786,0.003185291288222155,0.001892974779766275,3.780505754416642e-05,8.429558347726346e-09,0.027625103767007882,2.897147647940356e-11
3006296367231.8535,3262952121.7202897,0.14853214016408195,0.0018937339631272478,3124.2523350694273,0.2756747913310889,0.0031584796290600463,0.8091622688555233,-3.0091984459801324e-10,-2.2472024241437794e-12,8,1.0000000000000004,7146313.895247498,243.0264580988147,0.2756747913310889,0.0031584796290600463,0.0018937252662763128,3.782480681298598e-05,8.725302950543198e-09,0.027567479133108898,2.9021877666480902e-11
3009561007994.7705,3264640762.917365,0.14852439821142602,0.0018944863841009788,3124.644055994401,0.2750978948318434,0.003131829342200209,0.8091355230277486,-3.1647562348524616e-10,-2.639666263348772e-12,8,1.0000000000000004,7152266.911132862,243.0786452909949,0.2750978948318434,0.003131829342200209,0.0018944773961284147,3.784457911127694e-05,9.016445679093608e-09,0.027509789483184333,2.9072673934089543e-11
3012827392256.3213,3266384261.550096,0.14851649283627788,0.0018952411211919696,3125.038381139497,0.2745203381892682,0.003105339068269739,0.8095336356817029,-3.328837205884838e-10,-3.061439990403869e-12,8,1.0000000000000004,7158240.273982407,243.13165084281056,0.2745203381892682,0.003105339068269739,0.0018952318259476532,3.786438423055289e-05,9.323737299377924e-09,0.02745203381892681,2.9123877738470566e-11
3016094717248.233,3267324991.911596,0.14850842080025003,0.0018959983496499267,3125.4354170096162,0.2739422630906867,0.0030790142097168304,0.8097449849531202,-3.4958780315008653e-10,-2.2347679262679776e-12,8,1.0000000000000004,7164232.772266569,243.18548602285694,0.2739422630906867,0.0030790142097168304,0.001895988741430508,3.7884224762934066e-05,9.636732087194878e-09,0.027394226309068705,2.91754863943327e-11
3019362556693.126,3267839444.89371,0.14850017980282468,0.00189675853703452,3125.835380626002,0.2733637447805709,0.0030528569937230627,0.8101743564914443,-3.668778614240864e-10,-1.2023715356690445e-12,8,1.0000000000000004,7170243.91688523,243.2401732469338,0.2733637447805709,0.0030528569937230627,0.0018967486006382815,3.7904107716597376e-05,9.96492786449139e-09,0.027336374478057097,2.92275047550847e-11
3022630044485.5186,3267487792.3921547,0.14849177028529814,0.0018975218500401959,3126.238336043945,0.27278493649879126,0.0030268729602802007,0.8104110710283052,-3.8434866400649526e-10,-2.662647879958513e-12,8,1.0000000000000004,7176272.375454101,243.2957227158079,0.27278493649879126,0.0030268729602802007,0.0018975115799524263,3.792403604388748e-05,1.0298638388935002e-08,0.027278493649879113,2.927992923463943e-11
3025896703476.341,3266658990.821828,0.1484831948885391,0.0018982870097837665,3126.6437288440807,0.2722059228474954,0.0030010648908597643,0.8102047477365204,-4.0235637044361283e-10,-1.9051427102567686e-12,8,1.0000000000000004,7182317.109033054,243.35210204234812,0.2722059228474954,0.0030010648908597643,0.0018982764152198333,3.794399530556758e-05,1.062313289101973e-08,0.027220592284749528,2.933274577443718e-11
3029162949680.5815,3266246204.240749,0.14847445113914792,0.001899054789705934,3127.0519038869957,0.2716266301161985,0.0029754284175867603,0.8104019127985751,-4.2109404851942145e-10,-2.3100410473375632e-12,8,1.0000000000000004,7188379.144489681,243.40934485179915,0.2716266301161985,0.0029754284175867603,0.0018990438620227988,3.796399672780037e-05,1.095626942618001e-08,0.027162663011619865,2.938597166176062e-11
3032428385849.1265,3265436168.5448236,0.14846552735253693,0.001899826349642595,3127.4634617521388,0.27104712868993464,0.0029499652365067826,0.8109238641695882,-4.4068271254360525e-10,-2.4459323455516824e-12,8,1.0000000000000004,7194458.1864845455,243.46749170432727,0.27104712868993464,0.0029499652365067826,0.0018998150698690025,3.798405534850168e-05,1.130837598993659e-08,0.027104712868993498,2.943961833916802e-11
3035691961374.9263,3263575525.7995234,0.1484564279982724,0.0019006011244841134,3127.878122722205,0.2704676051309848,0.0029246822803465798,0.8114480637422261,-4.605256176404282e-10,-2.035260848742837e-12,8,1.0000000000000004,7200552.323083838,243.52652489296514,0.2704676051309848,0.0029246822803465798,0.001900589472526658,3.8004163410733666e-05,1.1680575850634398e-08,0.027046760513098466,2.949367064183838e-11
3038952623605.433,3260662230.506386,0.1484471530997453,0.001901379593400943,3128.2960836910374,0.2698882466283424,0.002899585829413279,0.8112574650942506,-4.800858599551816e-10,-1.9815260543509794e-12,8,1.0000000000000004,7206659.928082157,243.58646349815297,0.2698882466283424,0.002899585829413279,0.0019013675835311806,3.802432820434083e-05,1.2038505062764611e-08,0.02698882466283422,2.9548125626221e-11
3042210757810.508,3258134205.0744143,0.1484377003429854,0.0019021614330681376,3128.717235987907,0.2693089850301799,0.00287467157700989,0.811526664756812,-5.00814612003353e-10,-3.0767610681436963e-12,8,1.0000000000000004,7212781.708974069,243.64730813012687,0.2693089850301799,0.00287467157700989,0.00190214905398532,3.804454866410061e-05,1.2407733176842838e-08,0.026930898503018004,2.960298949261667e-11
3045465825930.1265,3255068119.618426,0.14842807144832412,0.001902945886035658,3129.141250128904,0.26872991632886584,0.002849942409226965,0.8113374072582502,-5.218802057171956e-10,-2.6594282331871e-12,8,1.0000000000000004,7218916.583838445,243.70903617218625,0.26872991632886584,0.002849942409226965,0.0019029331453001837,3.806481539361194e-05,1.2769400614989332e-08,0.026872991632886582,2.965825077809351e-11
3048718210118.7534,3252384188.6268697,0.1484160367094265,0.0019040772272194276,3129.733115443276,0.26815095271931283,0.002825298396655276,0.9273497142414655,-5.542956094117812e-10,-1.2370104940373494e-12,8,1.0000000000000004,7225156.576372131,243.7826024364166,0.26815095271931283,0.002825298396655276,0.001904060090382525,3.8089535545797644e-05,1.716549912404616e-08,0.026815095271931252,2.9717642919599813e-11
3051757853116.6816,3039642997.9282713,0.14840536867448853,0.0019049677187801845,3130.2114773553812,0.2676095153293098,0.002802367967216791,0.7905924881423942,-3.7487057902296783e-10,-6.330491686412643e-13,8,1.0000000000000004,7230975.526034176,243.8485415084171,0.2676095153293098,0.002802367967216791,0.001904951860703128,3.811122126390796e-05,1.5887135264323343e-08,0.026760951532930982,2.9772324011771066e-11
3054834578588.0566,3076725471.3742504,0.14839514968546322,0.0019057454650702951,3130.6387110023793,0.2670611297137815,0.0027793162366620792,0.7756638836786678,-4.213391857632587e-10,-2.520983422016343e-12,8,1.0000000000000004,7236851.820012441,243.91240973978367,0.2670611297137815,0.0027793162366620792,0.0019057307947834305,3.8131730935420125e-05,1.469931071877174e-08,0.02670611297137811,2.982681912209892e-11
3057978664982.1885,3144086394.13205,0.1483852057622786,0.0019064523128613637,3131.033868570783,0.26650039090221733,0.0027559533984701963,0.769945032175201,-5.037109618299951e-10,-8.533174167268953e-13,8,1.0000000000000004,7242847.028753275,243.97524429217063,0.26650039090221733,0.0027559533984701963,0.0019064386284500185,3.815141291742372e-05,1.3713332849563604e-08,0.026650039090221754,2.988180541721037e-11
3061203497170.673,3224832188.483838,0.14837541305404067,0.0019071137731795965,3131.4087487898114,0.2659249008192643,0.0027322052354104677,0.7686241931814664,4.440892098500626e-16,-5.190580187885985e-10,8,1.0000000000000004,7248990.359790375,244.03768677781932,0.2659249008192643,0.0027322052354104677,0.0019071008587716264,3.817047746674457e-05,1.2944345620412072e-08,0.026592490081926396,2.993764956151898e-11
3064513989640.8643,3310492470.1920114,0.14836563418646267,0.001907754109853263,3131.7747713269537,0.26533377045475354,0.0027080507083990647,0.7731056239634881,-1.2212453270876722e-15,-6.414190290016109e-10,8,1.0000000000000004,7255296.951269154,244.10043949774592,0.26533377045475354,0.0027080507083990647,0.001907741659092146,3.818917161532354e-05,1.2480755766243169e-08,0.02653337704547538,2.999465163438748e-11
3067902553679.5986,3388564038.7341185,0.14835572578640582,0.0019083961102946034,3132.1428052643196,0.2647283428612146,0.0026835501047844323,0.7828611686688802,2.220446049250313e-16,-7.749545449797779e-10,8,1.0000000000000004,7261759.993945809,244.16418881461755,0.2647283428612146,0.0026835501047844323,0.001908383768030445,3.8207759050818614e-05,1.2372317132355631e-08,0.026472834286121454,3.005297348922013e-11
3071349351670.2627,3446797990.6633353,0.14834554105920325,0.0019090612260158858,3132.523200656079,0.26411215183725684,0.002658841255593862,0.7971304016862746,2.220446049250313e-16,-9.055864946816428e-10,8,1.0000000000000004,7268350.7744021965,244.22957543286677,0.26411215183725684,0.002658841255593862,0.0019090486040276079,3.822651533599664e-05,1.265210090864437e-08,0.026411215183725714,3.011263015302997e-11
3074823862375.042,3474510704.7791805,0.14833492471840934,0.0019097705615451581,3132.9262480015127,0.2634906460887537,0.002634127203822852,0.8165229015144604,-1.1102230246251565e-15,-9.991982796719867e-10,8,1.0000000000000004,7275021.21023155,244.29719024931939,0.2634906460887537,0.002634127203822852,0.0019097571841444126,3.8245730088122476e-05,1.3407574247228992e-08,0.026349064608875355,3.0173503750059886e-11
3078284466956.567,3460604581.524515,0.14832371097675773,0.0019105506918090246,3133.3645840001286,0.2628712666576421,0.0026096760934363854,0.8407308493829646,-4.440892098500626e-16,-1.0293773611280699e-09,8,1.0000000000000004,7281704.16229058,244.36772331872925,0.2628712666576421,0.0026096760934363854,0.0019105359729686285,3.826577342689456e-05,1.4749075783301379e-08,0.026287126665764212,3.0235388151039713e-11
3081681235821.79,3396768865.22317,0.1483117883946558,0.001911419204871429,3133.846575880288,0.262262952449365,0.0025858037558237354,0.861572494459395,0,-9.689419266933896e-10,8,1.0000000000000004,7288314.387056527,244.44151211219798,0.262262952449365,0.0025858037558237354,0.0019114026359975816,3.828691334405897e-05,1.6599171708793935e-08,0.026226295244936495,3.029786158420156e-11
3084974773170.213,3293537348.4225707,0.14829905030908483,0.0019123917116954487,3134.3797200496333,0.26167276758020797,0.002562746676422509,0.8808911067248459,-6.661338147750939e-16,-8.464228207216706e-10,8,1.0000000000000004,7294784.604554711,244.5188829957484,0.26167276758020797,0.002562746676422509,0.0019123727083085122,3.830940798107539e-05,1.9033747544596196e-08,0.02616727675802081,3.0360608961948705e-11
3088133004877.625,3158231707.4124165,0.1482856906683769,0.001913436741178552,3134.949039422612,0.2611064752065509,0.0025406961739820365,0.8676823998188254,0,-6.857142631488955e-10,8,1.0000000000000004,7301048.198108409,244.59875607400807,0.2611064752065509,0.0025406961739820365,0.0019134158307357475,3.833294318137006e-05,2.094086570679563e-08,0.026110647520655082,3.0422902308226636e-11
3091184453799.307,3051448921.6818676,0.14827404000958988,0.0019141860606445408,3135.379087319307,0.26055899682695133,0.0025195284097426717,0.7432145138208668,-8.881784197001252e-16,-5.703363337161704e-10,8,1.0000000000000004,7307059.273875172,244.66980286237475,0.26055899682695133,0.0025195284097426717,0.0019141679954744865,3.835290055558585e-05,1.8095651155639353e-08,0.026055899682695186,3.0481103076221906e-11
3094370055855.7544,3185602056.4477906,0.14826178294094253,0.0019149758812203072,3135.83207727,0.25998710057836105,0.002497595929473522,0.7995622686163273,-1.2212453270876722e-15,-7.813804048240058e-10,8,1.0000000000000004,7313349.980575296,244.7444794179878,0.25998710057836105,0.002497595929473522,0.0019149575770241948,3.837361379045809e-05,1.833473829521913e-08,0.025998710057836116,3.054218492558814e-11
3097576383406.0176,3206327550.2632165,0.1482493024702988,0.0019157760761721939,3136.291619040718,0.2594111310350707,0.0024756818685572855,0.8047036542668806,2.220446049250313e-16,-8.532851092368787e-10,8,1.0000000000000004,7319699.2140804585,244.82037386142113,0.2594111310350707,0.0024756818685572855,0.001915757481412149,3.8394418990832845e-05,1.862536411617688e-08,0.025941113103507094,3.060407103096582e-11
3100793245249.416,3216861843.398513,0.14823661214624267,0.001916584269374099,3136.756595320254,0.25883291640899736,0.0024538520336784076,0.8072336982190009,0,-9.103922060660352e-10,8,1.0000000000000004,7326088.070964359,244.89737289399488,0.25883291640899736,0.0024538520336784076,0.001916565335877263,3.841529455001064e-05,1.8964163449368825e-08,0.025883291640899742,3.066661346277192e-11
3104015614295.9253,3222369046.5096445,0.1482237144371495,0.0019173998570626084,3137.2267319634716,0.2582533590994649,0.0024321369350088972,0.8092035158613342,1.1102230246251565e-15,-9.655525268215115e-10,8,1.0000000000000004,7332507.633955459,244.97546769214392,0.2582533590994649,0.0024321369350088972,0.0019173805443397412,3.8436247951433124e-05,1.9343452625972563e-08,0.025825335909946512,3.0729756765198303e-11
3107239568811.689,3223954515.7636166,0.14821061222258747,0.0019182219587506515,3137.7016375620397,0.2576731638807919,0.002410559853087212,0.8105311222195155,-1.6653345369377348e-15,-1.014718642444734e-09,8,1.0000000000000004,7338950.793357123,245.05463571122343,0.2576731638807919,0.002410559853087212,0.0019182022418413036,3.8457279576500305e-05,1.9747702796991948e-08,0.025767316388079206,3.0793452454752294e-11
3110462466863.0977,3222898051.4077744,0.14819730939209902,0.0019190496185450517,3138.180879563541,0.2570928061113784,0.0023891358121474852,0.8113199667647564,-1.6653345369377348e-15,-1.0597457356098516e-09,8,1.0000000000000004,7345412.674718541,245.1348530123563,0.2570928061113784,0.0023891358121474852,0.001919029484646711,3.8478386294261315e-05,2.016475600282731e-08,0.02570928061113784,3.085766531853695e-11
3113682742120.667,3220275257.5697246,0.14818380890931745,0.0019198818266833162,3138.6640136100286,0.2565125680592737,0.002367873095402282,0.8117081806702231,6.661338147750939e-16,-1.1056147108945424e-09,8,1.0000000000000004,7351890.295598123,245.21609492118245,0.2565125680592737,0.002367873095402282,0.0019198612709322661,3.8499561759778606e-05,2.0586673422834006e-08,0.025651256805927378,3.092237152458148e-11
3116899627176.473,3216885055.806104,0.14817011363200044,0.0019207174271778473,3139.1505371618205,0.25593258840023225,0.0023467751379528086,0.811639850328838,-7.771561172376096e-16,-1.1501575247763185e-09,8,1.0000000000000004,7358382.058078265,245.2983326290779,0.25593258840023225,0.0023467751379528086,0.0019206964559317008,3.8520795617154065e-05,2.1002233699467516e-08,0.02559325884002327,3.09875545317908e-11
3120113260865.778,3213633689.304336,0.14815622189110988,0.0019215560389588902,3139.6403126926275,0.25535284253022456,0.002325839745904644,0.811634665587313,1.3322676295501878e-15,-1.1973756430805338e-09,8,1.0000000000000004,7364888.233964601,245.38156606748103,0.25535284253022456,0.002325839745904644,0.0019215346520848582,3.8542085930366275e-05,2.1417927252430996e-08,0.02553528425302246,3.105321804626875e-11
3123323656728.791,3210395863.013511,0.14814213656531133,0.0019223958919622178,3140.132587472701,0.25477332848875894,0.0023050660733978717,0.8109172461301384,-4.440892098500626e-16,-1.2469774102186193e-09,8,1.0000000000000004,7371408.444117653,245.46574453534447,0.25477332848875894,0.0023050660733978717,0.0019223741124817758,3.8563410848901805e-05,2.1810599787662254e-08,0.025477332848875874,3.111934650957e-11
3126532236403.792,3208579675.0011063,0.1481278773632283,0.0019232317872884968,3140.625031335353,0.2541937903098985,0.0022844456485596747,0.8081909069757032,2.220446049250313e-16,-1.3024926692750682e-09,8,1.0000000000000004,7377944.048237349,245.55072245013687,0.2541937903098985,0.0022844456485596747,0.001923209702342488,3.858470408926554e-05,2.2116131916010532e-08,0.025419379030989814,3.11859064160617e-11
3129744405190.1987,3212168786.406857,0.14811343355253692,0.0019240661009148595,3141.1187306320894,0.25361325165123016,0.002263944780312659,0.8081891128552954,2.220446049250313e-15,-1.3785197428006768e-09,8,1.0000000000000004,7384506.062808486,245.63663777785015,0.25361325165123016,0.002263944780312659,0.0019240436895167803,3.860599651352722e-05,2.2442651093563662e-08,0.025361325165123023,3.125301036493489e-11
3132960170672.1606,3215765481.9616385,0.14809878785398348,0.0019249024619252706,3141.6153514963394,0.2530317103924306,0.0022435631131881265,0.8092227710143618,-4.440892098500626e-16,-1.450824682613927e-09,8,1.0000000000000004,7391095.516920008,245.7235996705086,0.2530317103924306,0.0022435631131881265,0.0019248796820360147,3.862732866185879e-05,2.281120995544723e-08,0.02530317103924307,3.1320700248962e-11
3136177480096.2715,3217309424.1113186,0.14808394182742032,0.0019257413937519238,3142.11509193127,0.2524495372318913,0.0022233127455519685,0.809991838046642,1.7763568394002505e-15,-1.5233202477205054e-09,8,1.0000000000000004,7397708.713700896,245.81160310979584,0.2524495372318913,0.0022233127455519685,0.0019257182196528633,3.864870399336588e-05,2.3205488017652473e-08,0.025244953723189127,3.138895383805234e-11
3139394805730.0913,3217325633.8199067,0.14806888626623677,0.001926586153558396,3142.6193787626203,0.2518670082500232,0.0022032012473903345,0.8116318328532657,-6.661338147750939e-16,-1.5954909615700785e-09,8,1.0000000000000004,7404343.765017455,245.90074625726052,0.2518670082500232,0.0022032012473903345,0.001926562534319905,3.8670166118262986e-05,2.3650696281158585e-08,0.025186700825002357,3.145779154252121e-11
3142608895426.7295,3214089696.6381497,0.148053638011704,0.001927434307794962,3143.1270409567483,0.251284712411476,0.0021832471530458188,0.811335189032647,-3.3306690738754696e-16,-1.6611718667292052e-09,8,1.0000000000000004,7410993.887807061,245.99092630933833,0.251284712411476,0.0021832471530458188,0.0019274102624482951,3.869168574806109e-05,2.4076873808038803e-08,0.025128471241147605,3.1527141703140935e-11
3145820339370.793,3211443944.063801,0.1480382045344968,0.001928280971487447,3143.636008777808,0.2507025434263154,0.0021634465180388894,0.8090364667090455,-8.881784197001252e-16,-1.7344624625437177e-09,8,1.0000000000000004,7417659.066550557,246.08201077189577,0.2507025434263154,0.0021634465180388894,0.0019282565771390832,3.871320508642037e-05,2.442594532831372e-08,0.025070254342631545,3.159696609194123e-11
3149033695102.84,3213355732.0472937,0.14802257470474556,0.0019291263127577416,3144.146471093241,0.25011967532647117,0.0021437720927117133,0.8091737230264684,1.1102230246251565e-15,-1.8226857800840435e-09,8,1.0000000000000004,7424348.284360522,246.1740682164403,0.25011967532647117,0.0021437720927117133,0.0019291015463959752,3.873472745532702e-05,2.4798029112659135e-08,0.025011967532647138,3.166734445595634e-11
3152248691053.983,3214995951.142951,0.14800596937951477,0.0019300393911571472,3144.6948380492663,0.249536150471447,0.0021242143315500467,0.8507960863601838,-3.3306690738754696e-16,-1.9224999370237583e-09,8,1.0000000000000004,7431074.012843119,246.27101053801596,0.249536150471447,0.0021242143315500467,0.0019300122791385827,3.875726291867952e-05,2.7143757973636944e-08,0.024953615047144717,3.1739409478990016e-11
3155385659844.965,3136968790.9816055,0.1479892983943265,0.0019309502942831695,3145.2429563937003,0.248966435165809,0.0021052466887318015,0.8193083170238147,-1.5543122344752192e-15,-1.7362318249780628e-09,8,1.0000000000000004,7437663.86020052,246.36799773156173,0.248966435165809,0.0021052466887318015,0.0019309225945361307,3.87797044518231e-05,2.7731557741850792e-08,0.0248966435165809,3.181070581037007e-11
3158504757884.307,3119098039.341974,0.14797246365213804,0.0019318605077592928,3145.7924751482215,0.24839961497636895,0.002086503948665844,0.8162112880016892,-5.551115123125783e-16,-1.7567158838716068e-09,8,1.0000000000000004,7444239.604196244,246.4657812935081,0.24839961497636895,0.002086503948665844,0.0019318322828624512,3.8802195665716586e-05,2.8256779109073748e-08,0.02483996149763691,3.188226868705714e-11
3161611965243.3457,3107207359.038495,0.14795544543089556,0.0019327716171591983,3146.344251159444,0.24783460531501011,0.0020679506855610357,0.8149484093111781,-2.1094237467877974e-15,-1.7955374964628845e-09,8,1.0000000000000004,7450813.081072274,246.5644692527378,0.24783460531501011,0.0020679506855610357,0.0019327428869096181,3.882475013839161e-05,2.8762203783347777e-08,0.024783460531501007,3.195420742926411e-11
3164709724675.774,3097759432.428255,0.1479382394006656,0.0019336835801720222,3146.898314746618,0.24727096345598487,0.002049572480099138,0.8136627771548888,1.1102230246251565e-15,-1.8451866701241215e-09,8,1.0000000000000004,7457388.806299463,246.66406802947378,0.24727096345598487,0.002049572480099138,0.0019336543745053837,3.884735816168553e-05,2.9237693195016573e-08,0.024727096345598467,3.202655434859504e-11
3167800503820.522,3090779144.747889,0.1479208542362351,0.0019345960679722951,3147.454441424578,0.24670824160315158,0.0020313549080813263,0.8128709100274634,0,-1.9023954633823337e-09,8,1.0000000000000004,7463971.373771672,246.76458568770596,0.24670824160315158,0.0020313549080813263,0.0019345663998243748,3.88700089701625e-05,2.9700247263244344e-08,0.02467082416031514,3.2099342773969996e-11
3170885820106.8047,3085316286.283249,0.1479032583254349,0.0019355149720041804,3148.0153647489806,0.24614616407082915,0.0020132876260846215,0.814680815308666,8.881784197001252e-16,-1.965610119114558e-09,8,1.0000000000000004,7470565.2995542465,246.866222367386,0.24614616407082915,0.0020132876260846215,0.001935484767478269,3.88927744926592e-05,3.0236698578837095e-08,0.024614616407082904,3.2172665463509135e-11
3173962260156.3022,3076440049.497388,0.1478854803279119,0.0019364363586768106,3148.579180443958,0.24558535361740677,0.0019953891367071514,0.8126879419423361,-1.3322676295501878e-15,-2.023095135861297e-09,8,1.0000000000000004,7477162.67111892,246.9687941726525,0.24558535361740677,0.0019953891367071514,0.0019364056971298406,3.891560070495204e-05,3.069379338487419e-08,0.024558535361740717,3.2246417456825445e-11
3177033608373.648,3071348217.3454256,0.14786752280475943,0.001937356843180046,3149.144486700009,0.245025121567967,0.001977637774027797,0.8112437108187542,8.881784197001252e-16,-2.096642193194498e-09,8,1.0000000000000004,7483770.162885494,247.0722604803943,0.245025121567967,0.001977637774027797,0.0019373257637061623,3.8938448122119855e-05,3.111179451607842e-08,0.024502512156796705,3.232063052250154e-11
3180102601359.063,3068992985.415362,0.14784937866890493,0.0019382774349106292,3149.7117712364993,0.24446496928763536,0.0019600179708408553,0.8107206883600782,-7.771561172376096e-16,-2.1829751339907943e-09,8,1.0000000000000004,7490393.4691922655,247.17669248797557,0.24446496928763536,0.0019600179708408553,0.0019382459433171398,3.8961326469803247e-05,3.152398885284118e-08,0.02444649692876356,3.2395364867990736e-11
3183170229953.935,3067628594.871852,0.14783103956048124,0.0019391987352305007,3150.2813692370346,0.24390471616241127,0.0019425240725640157,0.8108210047819142,2.220446049250313e-16,-2.277648070148075e-09,8,1.0000000000000004,7497034.696808228,247.2821154299863,0.24390471616241127,0.0019425240725640157,0.0019391668174939696,3.898423811624513e-05,3.1950207175706954e-08,0.024390471616241124,3.247064429025684e-11
3186236305076.712,3066075122.776168,0.14781249190465426,0.0019401243837787496,3150.8549048799564,0.2433443967068379,0.001925155883064168,0.8117786751138389,2.220446049250313e-16,-2.37436625916132e-09,8,1.0000000000000004,7503694.511057386,247.38864382408826,0.2433443967068379,0.001925155883064168,0.0019400920042239186,3.9007228520319104e-05,3.241210134258049e-08,0.0243344396706838,3.254651134174442e-11
3189299019343.715,3062714267.0037575,0.1477937422432029,0.0019410536002202618,3151.4319922865348,0.24278434141980065,0.001907922384178945,0.8121552547146749,-1.2212453270876722e-15,-2.4648787455561205e-09,8,1.0000000000000004,7510369.114150864,247.49622587206994,0.24278434141980065,0.001907922384178945,0.0019410207469712205,3.9030286909755154e-05,3.2885871967407965e-08,0.02427843414198006,3.262292818926338e-11
3192357667076.3677,3058647732.6526184,0.14777479437133995,0.001941986643881413,3152.0126970396195,0.24222467978180887,0.001890826137562396,0.8123437950091628,0,-2.5566530004184074e-09,8,1.0000000000000004,7517057.240059846,247.60486639206684,0.24222467978180887,0.001890826137562396,0.0019419533117566183,3.9053418630073485e-05,3.3364824685149306e-08,0.024222467978180885,3.269989073924501e-11
3195411899177.5225,3054232101.155153,0.1477556496100023,0.001942922580248919,3152.5966266760606,0.24166547623621495,0.0018738680058844168,0.8121886299616854,-5.551115123125783e-16,-2.6501150163227294e-09,8,1.0000000000000004,7523758.001949901,247.71453516551085,0.24166547623621495,0.0018738680058844168,0.0019428887743156511,3.9076613234498896e-05,3.383871065336902e-08,0.02416654762362151,3.277738648817443e-11
3198462013335.501,3050114157.978772,0.1477363186926989,0.001943858841769396,3153.1826264840415,0.2411066769877925,0.0018570458912764492,0.8108443952381528,6.661338147750939e-16,-2.752745476009011e-09,8,1.0000000000000004,7530471.348627328,247.82516099406175,0.2411066769877925,0.0018570458912764492,0.0019438246072229239,3.9099838292033066e-05,3.4267401868567996e-08,0.024110667698779252,3.285539492160221e-11
3201510538919.425,3048525583.9238524,0.14771678667379703,0.001944796280083442,3153.7712031607357,0.24054781906716952,0.0018403456751270265,0.810894597580436,2.220446049250313e-16,-2.870846227409629e-09,8,1.0000000000000004,7537202.752997242,247.93682335498445,0.24054781906716952,0.0018403456751270265,0.0019447616054643826,3.9123106086551624e-05,3.470755303826535e-08,0.024054781906716942,3.293397859223526e-11
3204557382437.5083,3046843518.0838175,0.14769705395071545,0.0019457352862995516,3154.3625127229807,0.23998891978112913,0.0018237674001311242,0.8109078555862403,-4.481911508591452e-10,-5.141664871644025e-12,9,1.0000000000000004,7543952.134876859,248.04953206580865,0.23998891978112913,0.0018237674001311242,0.0019457001655089003,3.914641838608243e-05,3.5152931732416914e-08,0.02399889197811294,3.3013142447237644e-11
3207602519924.1846,3045137486.676441,0.14767711330961444,0.0019466773321928606,3154.957230170248,0.23942998364909512,0.0018073102448598122,0.8113724742075945,-4.69953631565545e-10,-5.081157716801954e-12,9,1.0000000000000004,7550719.937545503,248.1633362566837,0.23942998364909512,0.0018073102448598122,0.001946641747344875,3.916979413530337e-05,3.561702604541173e-08,0.02394299836490952,3.3092908003088735e-11
3210645080825.082,3042560900.897975,0.14765696788197538,0.0019476223006190414,3155.555275774615,0.23887117066179095,0.0017909778964166241,0.8116073360597831,-4.917878326793357e-10,-4.7417625381740436e-12,9,1.0000000000000004,7557504.410952036,248.27822164553186,0.23887117066179095,0.0017909778964166241,0.0019475862431027832,3.919323188842558e-05,3.608973170336451e-08,0.023887117066179082,3.31732621360957e-11
3213684627434.88,3039546609.7976575,0.14763661182855575,0.001948571887781075,3156.157400008526,0.23831256144370058,0.0017747713263660152,0.8126589876034096,-5.144755732544581e-10,-5.781486400735503e-12,9,1.0000000000000004,7564305.215196387,248.39424182145817,0.23831256144370058,0.0017747713263660152,0.0019485353196954712,3.921675511849397e-05,3.6600337333724736e-08,0.02383125614437005,3.325422254486019e-11
3216719197333.1616,3034569898.282097,0.14761604917851592,0.001949526713514697,3156.7638113845696,0.23775451703229603,0.0017586992309401271,0.8133788584330226,-5.35453126282448e-10,-5.9073856917279954e-12,9,1.0000000000000004,7571118.519000468,248.51138266315445,0.23775451703229603,0.0017586992309401271,0.0019494896129831198,3.924037257973668e-05,3.713282346006828e-08,0.02377545170322961,3.3335762966753816e-11
3219747457716.1685,3028260383.0066314,0.14759528511263534,0.001950485863219919,3157.3740847849485,0.23719728326541198,0.0017427671189995807,0.8135366297290503,-5.554727788847913e-10,-4.9467097085198475e-12,9,1.0000000000000004,7577941.353154816,248.62959714466774,0.23719728326541198,0.0017427671189995807,0.00195044822662905,3.926407453170171e-05,3.76689252787767e-08,0.02371972832654123,3.341785161653977e-11
3222769128659.8057,3021670943.637256,0.14757432107572072,0.0019514487672555325,3157.9879750085815,0.2366409125484562,0.0017269750917720294,0.813230233986939,-5.76113268202505e-10,-4.9649173661237e-12,9,1.0000000000000004,7584773.034956665,248.74886971295248,0.2366409125484562,0.0017269750917720294,0.0019514106058465459,3.928785645896032e-05,3.81937852128432e-08,0.023664091254845598,3.350048160521805e-11
3225784792438.621,3015663778.8154573,0.14755315173974454,0.0019524159969477456,3158.605771079347,0.236085298485635,0.0017113189244419547,0.8137638118910218,-5.986343643016312e-10,-5.1525450572853515e-12,9,1.0000000000000004,7591614.978385123,248.8692386859308,0.236085298485635,0.0017113189244419547,0.0019523772880661568,3.931172789749986e-05,3.874129648221106e-08,0.02360852984856348,3.358367667325271e-11
3228793474126.3853,3008681687.764461,0.14753179019935936,0.001953385956745909,3159.226688460488,0.23553062160754873,0.0016958025583799846,0.812788681914256,-9.992007221626409e-16,-5.22902388055968e-10,9,1.0000000000000004,7598464.684383334,248.99062987546515,0.23553062160754873,0.0016958025583799846,0.0019533467370791463,3.9335667371515224e-05,3.925333416005032e-08,0.023553062160754888,3.366739962923607e-11
3231796989978.6006,3003515852.2156215,0.14751023405037936,0.001954357434706131,3159.8502642724543,0.2349765479959408,0.001680416188998679,0.8120232533603833,-9.992007221626409e-16,-5.427228666476935e-10,9,1.0000000000000004,7605325.689821665,249.1130509845931,0.2349765479959408,0.001680416188998679,0.001954317724051674,3.935966148574613e-05,3.974440613265681e-08,0.023497654799594102,3.375167824046425e-11
3234796761687.0654,2999771708.4649253,0.1474884723776639,0.0019553306926251572,3160.476722979677,0.2344228160015671,0.0016651521779951733,0.8118710520532701,-4.440892098500626e-16,-5.675064862487034e-10,9,1.0000000000000004,7612201.079748527,249.2365368631125,0.2344228160015671,0.0016651521779951733,0.0019552904888836876,3.938371212384227e-05,4.023757801577009e-08,0.023442281600156743,3.38365469750376e-11
3237793074738.808,2996313051.7422624,0.14746648980870117,0.001956308841049627,3161.1074876637126,0.23386937318197865,0.0016500078542395964,0.8128650830219186,-5.551115123125783e-16,-5.92176530034294e-10,9,1.0000000000000004,7619092.374203629,249.36119663158695,0.23386937318197865,0.0016500078542395964,0.0019562681060051883,3.940785975374536e-05,4.076896649113266e-08,0.02338693731819788,3.392205402520643e-11
3240784102618.5435,2991027879.7352686,0.14744432353433756,0.001957286342209618,3161.739924017815,0.23331655767027337,0.0016349922297266893,0.8110412172412929,-1.1102230246251565e-16,-6.149029063706735e-10,9,1.0000000000000004,7625994.077206585,249.4868066123015,0.23331655767027337,0.0016349922297266893,0.0019572451393696975,3.943202765240995e-05,4.123684801403993e-08,0.023331655767027316,3.4008093377402904e-11
3243773209936.2207,2989107317.6765113,0.14742194959599547,0.0019582656070212725,3162.375264791829,0.23276374819159426,0.0016200880566443645,0.8112263688575538,-7.771561172376096e-16,-6.446548850291833e-10,9,1.0000000000000004,7632914.162303226,249.61353097719353,0.23276374819159426,0.0016200880566443645,0.0019582239207526263,3.945625078558705e-05,4.172036341804656e-08,0.023276374819159434,3.409477336593187e-11
3246760057012.652,2986847076.4318995,0.14739937145032805,0.0019592461637067972,3163.013284342202,0.23221100781895718,0.0016052965849262593,0.8108904206438616,0,-6.735704216609406e-10,9,1.0000000000000004,7639851.778485983,249.7413462723368,0.23221100781895718,0.0016052965849262593,0.0019592040021130103,3.948052002530693e-05,4.219577587041816e-08,0.023221100781895734,3.4182083585829975e-11
3249745263743.6514,2985206730.9989676,0.14737657096976836,0.0019602310567299803,3163.655407620052,0.2316582219499928,0.0015906137621415886,0.8125512254708589,-1.6653345369377348e-15,-7.039169247491373e-10,9,1.0000000000000004,7646809.202624011,249.8703694630678,0.2316582219499928,0.0015906137621415886,0.0019601883562601887,3.950487555879121e-05,4.273473986898111e-08,0.023165822194999283,3.427008057030726e-11
3252725780356.2383,2980516612.587179,0.14735352906191143,0.001961226456475873,3164.3043296267183,0.23110595533048864,0.0015760519707839742,0.8170659671069558,4.440892098500626e-16,-7.330507312275358e-10,9,1.0000000000000004,7653781.604595768,250.00072784368226,0.23110595533048864,0.0015760519707839742,0.0019611830614923785,3.952939606191219e-05,4.342934227302388e-08,0.02311059553304887,3.435877752538872e-11
3255693381266.0273,2967600909.789431,0.14732877673323394,0.0019624521049640326,3165.0644324154464,0.23055571619298915,0.0015615982209917342,0.9028976685754309,2.220446049250313e-16,-7.567798609997567e-10,9,1.0000000000000004,7660817.091266584,250.13976484495564,0.23055571619298915,0.0015615982209917342,0.0019624051073548433,3.955715247352522e-05,4.703206010179655e-08,0.023055571619298925,3.445091220413441e-11
3258504173462.767,2810792196.7391443,0.14730567204046485,0.0019634892405567222,3165.7307665645717,0.23003420914049202,0.001547983766841358,0.7848719493774858,-8.881784197001252e-16,-5.598864705191886e-10,9,1.0000000000000004,7667478.261337399,250.2697954644131,0.23003420914049202,0.001547983766841358,0.0019634431163191063,3.9582369602057986e-05,4.615877539361789e-08,0.023003420914049208,3.4537779392503464e-11
3261359605609.867,2855432147.1001773,0.14728258524159368,0.0019644567231415513,3166.368799919223,0.22950407788312926,0.0015342608450689859,0.775245517503631,4.440892098500626e-16,-6.475118219384512e-10,9,1.0000000000000004,7674240.770115606,250.40002742411306,0.22950407788312926,0.0015342608450689859,0.0019644114442926974,3.960683302206544e-05,4.5313474397726937e-08,0.022950407788312942,3.462554337230128e-11
3264278340987.197,2918735377.3299327,0.14725931336922699,0.0019653849246880255,3166.9929747530196,0.22896184890693497,0.001520356943384635,0.7745740018827441,8.881784197001252e-16,-7.769797027989966e-10,9,1.0000000000000004,7681151.79407902,250.53159179649,0.22896184890693497,0.001520356943384635,0.0019653403109172784,3.963079302064075e-05,4.46484856444129e-08,0.02289618489069349,3.4714895723760945e-11
3267263075954.499,2984734967.3017955,0.1472357253403107,0.0019662955454845363,3167.613456009875,0.22840701110876244,0.0015062670517717674,0.7801593199241452,1.1102230246251565e-15,-9.335948680799788e-10,9,1.0000000000000004,7688223.264886311,250.66516701851978,0.22840701110876244,0.0015062670517717674,0.0019662512980732705,3.965446895331383e-05,4.428221741670656e-08,0.02284070111087626,3.480614872385061e-11
3270304357540.7124,3041281586.2128296,0.1472117418588603,0.0019672061727356613,3168.2381875968204,0.22784131177691141,0.001492036488071245,0.7899718088011376,-1.9984014443252818e-15,-1.098049762227049e-09,9,1.0000000000000004,7695440.338617738,250.8011156680293,0.22784131177691141,0.001492036488071245,0.0019671619387312224,3.9678076213462545e-05,4.426890376884907e-08,0.02278413117769116,3.4899333872243984e-11
3273383950693.3003,3079593152.58772,0.14718731013118502,0.001968134118743052,3168.8747111558605,0.22726813430824888,0.001477745304542918,0.8046475002965181,-1.3322676295501878e-15,-1.2464743681661616e-09,9,1.0000000000000004,7702769.0819842,250.93962282809457,0.22726813430824888,0.001477745304542918,0.00196808945013446,3.9701856569730494e-05,4.470360288644397e-08,0.022726813430824888,3.49942969634701e-11
3276473769565.9746,3089818872.6750207,0.14716244160370015,0.0019690941795521195,3169.5288572829963,0.2266927004498317,0.0014635131314168798,0.820686960334438,4.440892098500626e-16,-1.3372838392200492e-09,9,1.0000000000000004,7710152.750991312,251.0805396933755,0.2266927004498317,0.0014635131314168798,0.0019690486279678935,3.972603156943735e-05,4.558667484536733e-08,0.022669270044983158,3.509061858541806e-11
3279543404752.375,3069635186.4007573,0.14713716303006014,0.001970097915097113,3170.2049827500928,0.22612067190852256,0.0014494657760697146,0.8363118803034197,-1.2212453270876722e-15,-1.3549042998661776e-09,9,1.0000000000000004,7717527.9613411315,251.22353087215834,0.22612067190852256,0.0014494657760697146,0.0019700510426791016,3.97507903132336e-05,4.690760577911846e-08,0.02261206719085227,3.518776996052251e-11
3282564365905.9985,3020961153.6229453,0.1471115126432158,0.001971156874438556,3170.907309766699,0.22555736039600882,0.0014357169299395265,0.8513331398174451,-4.440892098500626e-16,-1.2980274632923283e-09,9,1.0000000000000004,7724834.858227613,251.36828205571223,0.22555736039600882,0.0014357169299395265,0.001971108224855244,3.977632623840862e-05,4.86848685592631e-08,0.022555736039600868,3.528524850265299e-11
3285511079186.6045,2946713280.606398,0.14708553132352897,0.001972281321194148,3171.639507721719,0.22500754114274663,0.0014223649814967805,0.864606135853041,-4.440892098500626e-16,-1.1779027753178184e-09,9,1.0000000000000004,7732018.96659891,251.5144705395667,0.22500754114274663,0.0014223649814967805,0.0019722304309614572,3.980281484172153e-05,5.092561527158127e-08,0.022500754114274664,3.5382581569750246e-11
3288363221772.6772,2852142586.072653,0.14705925398103015,0.0019734792081582205,3172.4043738983255,0.22447501648215976,0.0014094839918706835,0.8748586427520522,-3.3306690738754696e-16,-1.018777950889671e-09,9,1.0000000000000004,7739036.295146737,251.66180956907496,0.22447501648215976,0.0014094839918706835,0.001973425635281085,3.983040133046265e-05,5.360835651031064e-08,0.02244750164821599,3.5479375562888624e-11
3291107605271.5674,2744383498.8903046,0.14703469323005408,0.001974454625943309,3173.0612835007673,0.22396228111323818,0.00139717231947388,0.7414088276647135,-1.3322676295501878e-15,-8.316120014839612e-10,9,1.0000000000000004,7745768.526892629,251.79996478567247,0.22396228111323818,0.00139717231947388,0.001974403628882405,3.985506214358539e-05,5.103263223994484e-08,0.022396228111323833,3.5571338662661494e-11
3293976128905.9375,2868523634.370106,0.14700899745765,0.0019754679833854484,3173.745669879027,0.22342600781884767,0.0013844069950470098,0.8005525389820356,6.661338147750939e-16,-1.146130745866003e-09,9,1.0000000000000004,7752819.544175739,251.9445989380429,0.22342600781884767,0.0013844069950470098,0.00197541667571021,3.988050743830514e-05,5.1343343061768765e-08,0.02234260078188475,3.566782174661396e-11
3296861528871.6377,2885399965.700929,0.14698297019908957,0.0019764935399192297,3174.4385213678083,0.22288623149838122,0.0013716631367498304,0.8068311529996208,-1.2212453270876722e-15,-1.2442437080650848e-09,9,1.0000000000000004,7759933.618256355,252.09110669790616,0.22288623149838122,0.0013716631367498304,0.0019764417932986063,3.990607807757142e-05,5.178238617928661e-08,0.022288623149838108,3.5765558142576305e-11
3299752589520.408,2891060648.7708125,0.1469566773713585,0.0019775269540311326,3175.1373831641604,0.22234504831283036,0.0013589861608298644,0.8096322448580828,8.881784197001252e-16,-1.3202996473893336e-09,9,1.0000000000000004,7767084.963852582,252.23911067177065,0.22234504831283036,0.0013589861608298644,0.001977474698590274,3.9931743982633605e-05,5.229130511180226e-08,0.02223450483128303,3.58642514494621e-11
3302644306690.532,2891717170.123615,0.1469301365717764,0.0019785681920915406,3175.842052332521,0.2218033943305497,0.001346394837522274,0.8122202921345689,1.3322676295501878e-15,-1.3862808678766214e-09,9,1.0000000000000004,7774262.852907098,252.3885319410637,0.2218033943305497,0.001346394837522274,0.0019785153508578234,3.995752790402033e-05,5.2877197526487176e-08,0.022180339433054964,3.596380692898066e-11
3305532068744.8384,2887762054.3062243,0.14690337491676922,0.0019796157322521097,3176.5516257374366,0.22126213344598317,0.0013339067727783005,0.813294704637979,8.881784197001252e-16,-1.4424202943175146e-09,9,1.0000000000000004,7781456.649199822,252.53922000165497,0.22126213344598317,0.0013339067727783005,0.001979562277372654,3.9983421639515626e-05,5.349094356230052e-08,0.02212621334459832,3.606410529377593e-11
3308413975616.32,2881906871.4820266,0.1468764077323365,0.001980667484030646,3177.265100016122,0.22072162250698416,0.00132152853211324,0.8130890172264316,-2.6645352591003757e-15,-1.4952526994349569e-09,9,1.0000000000000004,7788661.616433774,252.69107418909408,0.22072162250698416,0.00132152853211324,0.0019806134273426756,4.0009406523145736e-05,5.40928530483937e-08,0.0220721622506984,3.616508369289961e-11
3311290402933.2544,2876427316.934569,0.14684923099626887,0.0019817243618461483,3177.982886638851,0.22018179178135594,0.0013092571656661222,0.8138635071430755,-5.551115123125783e-16,-1.551383466136258e-09,9,1.0000000000000004,7795879.0503518395,252.84415619198097,0.22018179178135594,0.0013092571656661222,0.0019816696742727133,4.003550201963816e-05,5.4723840209374285e-08,0.022018179178135602,3.626677545698742e-11
3314159994756.5312,2869591823.276679,0.14682185896760153,0.001982783365822201,3178.7036300169066,0.21964289668942935,0.001297097680412377,0.8128792011730113,6.661338147750939e-16,-1.6042565054164015e-09,9,1.0000000000000004,7803104.9220368285,252.99832447320577,0.21964289668942935,0.001297097680412377,0.0019827280818400816,4.006166689227362e-05,5.532035122874783e-08,0.021964289668942948,3.6369107956854584e-11
3317024500054.5337,2864505298.0020266,0.14679426691761135,0.001983847222178661,3179.4286922679635,0.21910460955286626,0.0012850416223057072,0.813754118256238,-3.3306690738754696e-16,-1.664220539154826e-09,9,1.0000000000000004,7810344.186903719,253.15373639906517,0.21910460955286626,0.0012850416223057072,0.001983791305682763,4.008794249491892e-05,5.595296806998932e-08,0.021910460955286613,3.647217260351517e-11
3319882390256.7266,2857890202.193146,0.14676648613474313,0.001984910688257072,3180.1556358716443,0.21856721859809,0.0012730951065370905,0.8110584998055614,6.661338147750939e-16,-1.7194442536450083e-09,9,1.0000000000000004,7817591.702605026,253.31016289233037,0.21856721859809,0.0012730951065370905,0.0019848542356541645,4.011425516628401e-05,5.648917876800353e-08,0.021856721859808994,3.6575858993517526e-11
3322738414956.0835,2856024699.357284,0.14673848344151835,0.0019859748452191145,3180.8852562370053,0.21802983153701486,0.0012612386231567573,0.811666268085709,8.881784197001252e-16,-1.7947241470750441e-09,9,1.0000000000000004,7824858.9552811,253.46780488345001,0.21802983153701486,0.0012612386231567573,0.001985917822317741,4.0140621942361915e-05,5.7059581692949314e-08,0.021802983153701497,3.668031817798988e-11
3325591506585.599,2853091629.515953,0.1467102488587744,0.001987043038159615,3181.6190035630034,0.2174926493874391,0.0012494755480023092,0.8124097072848002,-3.3306690738754696e-16,-1.8687396075023344e-09,9,1.0000000000000004,7832144.400974608,253.62672990270815,0.2174926493874391,0.0012494755480023092,0.001986985415852596,4.016708326947982e-05,5.7659092585742596e-08,0.02174926493874389,3.6785567340722315e-11
3328440363762.1616,2848857176.5625653,0.14668179271347856,0.001988114870854483,3182.35660915932,0.2169559175723724,0.0012378102293846163,0.8127673895019782,-3.3306690738754696e-16,-1.94176885681685e-09,9,1.0000000000000004,7839444.935938435,253.78688852703576,0.2169559175723724,0.0012378102293846163,0.0019880566354109367,4.019363465809413e-05,5.827233511790193e-08,0.02169559175723722,3.68915719561807e-11
3331284366770.1396,2844003007.977724,0.14665310446694443,0.001989192394844418,3183.0990100331323,0.21641975328156746,0.0012262438161879945,0.8139508556048725,6.661338147750939e-16,-2.0143645640402497e-09,9,1.0000000000000004,7846759.80345732,253.94834094752858,0.21641975328156746,0.0012262438161879945,0.001989133502397105,4.022030729533928e-05,5.8929445665479784e-08,0.021641975328156756,3.6998351471977896e-11
3334121459094.684,2837092324.5443845,0.14662421320137453,0.001990272951703659,3183.844828590583,0.21588454505057203,0.0012147836978412404,0.8133419096556516,-4.440892098500626e-16,-2.080943639626298e-09,9,1.0000000000000004,7854083.3392976755,254.1109296907839,0.21588454505057203,0.0012147836978412404,0.0019902134242634766,4.02470643758982e-05,5.956454599723521e-08,0.021588454505057194,3.7105815564694235e-11
3336952716809.2534,2831257714.569334,0.14659510208865073,0.0019913583265369116,3184.5949632312363,0.2153500907691905,0.0012034244986503036,0.8143080076905562,-1.1102230246251565e-16,-2.1537845951158374e-09,9,1.0000000000000004,7861418.700995143,254.27476004626138,0.2153500907691905,0.0012034244986503036,0.0019912981252970313,4.027393380494728e-05,6.023845390650994e-08,0.02153500907691905,3.7214026642670427e-11
3339776475362.242,2823758552.988726,0.14656578784756538,0.001992448081365342,3185.349058749643,0.2148167055397403,0.0011921716708947346,0.8141350152368609,-8.881784197001252e-16,-2.2225274953768803e-09,9,1.0000000000000004,7868761.763702991,254.43975856696505,0.2148167055397403,0.0011921716708947346,0.0019923872120928485,4.030090892409796e-05,6.090659542612263e-08,0.021481670553974003,3.73229341293767e-11
3342593053811.047,2816578448.8041697,0.1465362726212278,0.001993541988367517,3186.107002286373,0.2142843301374648,0.001181022965203399,0.8140704504944196,-4.440892098500626e-16,-2.293991663293582e-09,9,1.0000000000000004,7876113.263817582,254.6059389437523,0.2142843301374648,0.001181022965203399,0.0019934804506232563,4.0327990089805134e-05,6.157517681132418e-08,0.021428433013746497,3.74325512083325e-11
3345402581819.4683,2809528008.4222817,0.1465065545934432,0.001994639804460483,3186.868718038694,0.2137529410458943,0.0011699770056517308,0.8139675744534003,4.440892098500626e-16,-2.368592988410967e-09,9,1.0000000000000004,7883473.436734552,254.77329905098674,0.2137529410458943,0.0011699770056517308,0.001994577598839887,4.035517480512392e-05,6.22431634790546e-08,0.02137529410458943,3.7542882514677525e-11
3348205254131.94,2802672312.4717836,0.14647663234654917,0.0019957413038464286,3187.634132943928,0.21322250242802204,0.0011590322488518356,0.8139566604059567,1.1102230246251565e-15,-2.447024471941006e-09,9,1.0000000000000004,7890842.662660143,254.9418374505105,0.21322250242802204,0.0011590322488518356,0.0019956784270621594,4.03824598510447e-05,6.291443820547221e-08,0.021322250242802206,3.765393398337769e-11
3351001106221.543,2795852089.602684,0.14644650727551398,0.001996846522183921,3188.403247848566,0.21269300853370482,0.001148187694106153,0.8137009951947327,0,-2.526536757585518e-09,9,1.0000000000000004,7898221.023761662,255.11156021892657,0.21269300853370482,0.001148187694106153,0.0019967829804836937,4.0409846280025406e-05,6.35794659391048e-08,0.02126930085337047,3.7765711709861885e-11
3353790592810.81,2789486589.2667246,0.146416198966011,0.0019979507878235877,3189.1739869861485,0.21216437451395043,0.0011374416503422877,0.8113859811809121,1.3322676295501878e-15,-2.607841720347892e-09,9,1.0000000000000004,7905608.1697614,255.28232234693485,0.21216437451395043,0.0011374416503422877,0.0019978866619937514,4.043726799810748e-05,6.416370800461922e-08,0.021216437451395072,3.787816550828926e-11
3356577695930.042,2787103119.2320538,0.1463856529020682,0.0019990590852009206,3189.948936051193,0.2116358463104983,0.001126778274976319,0.8127566011872922,1.9984014443252818e-15,-2.7160040882989733e-09,9,1.0000000000000004,7913015.410962901,255.45445201124213,0.2116358463104983,0.001126778274976319,0.0019989943163899932,4.046479785349728e-05,6.48068024267591e-08,0.021163584631049857,3.7991495457073116e-11
3359360068569.499,2782372639.4566417,0.14635488785631887,0.002000171319144801,3190.7278546785446,0.21110786928237027,0.001116205618678037,0.8131845055658893,-1.1102230246251565e-16,-2.8139952590322537e-09,9,1.0000000000000004,7920436.9268060345,255.6278492577415,0.21110786928237027,0.001116205618678037,0.0020001058900784314,4.049242924659664e-05,6.546717199888404e-08,0.021110786928237042,3.810562954314579e-11
3362136987850.745,2776919281.246743,0.14632390828658848,0.0020012872476901406,3191.5105997898363,0.2105805812840907,0.0011057255063672213,0.813306738345343,-1.1102230246251565e-16,-2.9124149758530393e-09,9,1.0000000000000004,7927870.915750177,255.80248536535765,0.2105805812840907,0.0011057255063672213,0.002001221151764869,4.052016011962731e-05,6.613414582030976e-08,0.021058058128409073,3.8220548785251885e-11
3364908256190.1973,2771268339.4526234,0.14629271292846172,0.0020024081074166825,3192.2976800785536,0.2100540205110228,0.001095337603455887,0.8140341076212643,-5.551115123125783e-16,-3.0127457195661123e-09,9,1.0000000000000004,7935317.324033629,255.97840406548687,0.2100540205110228,0.001095337603455887,0.0020023413153483975,4.054801007431882e-05,6.683040455625264e-08,0.02100540205110229,3.833627236686771e-11
3367672649215.8726,2764393025.6753683,0.1462613145892958,0.002003531547761833,3193.0880208302033,0.20952842055886825,0.001085045765470833,0.813215680350865,6.661338147750939e-16,-3.1047399096095774e-09,9,1.0000000000000004,7942772.4042834295,256.1554743119252,0.20952842055886825,0.001085045765470833,0.0020034640879328883,4.057594571027591e-05,6.749828167745961e-08,0.020952842055886826,3.845273132061596e-11
3370431571239.353,2758922023.4799814,0.14622970566802285,0.0020046574069931536,3193.8816429697026,0.209003515438043,0.001074844276919391,0.8128795539463773,6.661338147750939e-16,-3.2111120429334505e-09,9,1.0000000000000004,7950239.625548234,256.3337555800459,0.209003515438043,0.001074844276919391,0.0020045892871298618,4.060396742525894e-05,6.815843326841152e-08,0.02090035154380431,3.856997512960557e-11
3373185602308.8833,2754031069.5298467,0.14619787516500188,0.0020057873670988368,3194.6793389479917,0.20847919545030474,0.0010647301942655644,0.8133979528812674,-1.1102230246251565e-16,-3.326985020812856e-09,9,1.0000000000000004,7957720.9710209025,256.51333270325387,0.20847919545030474,0.0010647301942655644,0.0020057185637838084,4.0632099428476215e-05,6.884200308085207e-08,0.020847919545030506,3.8688052655024686e-11
3375933874904.6396,2748272595.756399,0.14616582984035695,0.0020069213833954725,3195.481019175442,0.2079556264195057,0.0010547058251979577,0.8136653517620829,-5.551115123125783e-16,-3.4382956481948668e-09,9,1.0000000000000004,7965214.267260131,256.69416827012856,0.2079556264195057,0.0010547058251979577,0.0020068518843306396,4.066034037255201e-05,6.953787177146975e-08,0.020795562641950566,3.8806939539927524e-11
3378675950385.143,2742075480.5033813,0.14613357440377647,0.0020080589420416748,3196.286429698706,0.2074328927661963,0.001044771965764557,0.8135796319974631,-5.551115123125783e-16,-5.988022300229545e-10,10,1.0000000000000004,7972718.272636284,256.8762296914423,0.2074328927661963,0.001044771965764557,0.002007988747361039,4.068868372893674e-05,7.0233607254e-08,0.02074328927661964,3.892661938056482e-11
3381411986849.067,2736036463.9234858,0.1461011075626421,0.0020092000471127313,3197.0955884502437,0.20691096523715993,0.0010349272855828117,0.8134935919335007,-5.551115123125783e-16,-6.203371150093062e-10,10,1.0000000000000004,7980233.406282562,257.0595303115082,0.20691096523715993,0.0010349272855828117,0.0020091291566287374,4.0717131112312423e-05,7.092953109649462e-08,0.020691096523716007,3.904710389823488e-11
3384142141963.9634,2730155114.896548,0.14606842927448996,0.0020103443673486834,3197.908366367161,0.20638981463795056,0.0010251705732421735,0.8134243537072372,-5.551115123125783e-16,-6.444815792150393e-10,10,1.0000000000000004,7987759.967755534,257.2440675167619,0.20638981463795056,0.0010251705732421735,0.002010272780097499,4.0745678231848915e-05,7.162641958177862e-08,0.02063898146379508,3.9168398537821995e-11
3386866544314.706,2724402350.7432194,0.1460355279325463,0.002011494183975631,3198.7257998359164,0.2058694171161223,0.0010155003229247348,0.8145175717233499,8.881784197001252e-16,-6.674869545975071e-10,10,1.0000000000000004,7995299.010609841,257.42993043671675,0.2058694171161223,0.0010155003229247348,0.0020114218554187994,4.077435849409029e-05,7.236784738124313e-08,0.02058694171161224,3.929054769435621e-11
3389583380962.4395,2716836647.7337255,0.14600241752847504,0.0020126497336590355,3199.547831305976,0.20535011976018466,0.0010059217354520837,0.8151518268717517,2.220446049250313e-16,-6.886647918591393e-10,10,1.0000000000000004,8002845.981854053,257.6170498465656,0.20535011976018466,0.0010059217354520837,0.0020125766384509578,4.080317476978257e-05,7.313462157595256e-08,0.020535011976018473,3.941349770167868e-11
3392291618686.1577,2708237723.718379,0.14597062263985056,0.0020135725065083313,3200.262984661268,0.20483213187383248,0.0009964666361615036,0.621928118171855,-1.1102230246251565e-16,-7.424150183510392e-10,10,1.0000000000000004,8010327.265822406,257.7974375659425,0.20483213187383248,0.0009964666361615036,0.002013505979995674,4.082888179382936e-05,6.656604644117785e-08,0.02048321318738323,3.9533784592629296e-11
3395382335370.0024,3090716683.8442163,0.14593681077400647,0.0020143275393239082,3200.933689719415,0.20424064262926733,0.0009858663282650611,0.706537517380923,-7.771561172376096e-16,-1.7043102484848305e-09,10,1.0000000000000004,8018767.223729457,257.99064928046863,0.20424064262926733,0.0009858663282650611,0.0020142628736922958,4.085245413931515e-05,6.470529763209128e-08,0.02042406426292675,3.9666021313994065e-11
3398691619769.242,3309284399.240232,0.1459007193377018,0.0020151643820577186,3201.6620149259334,0.2036069664589897,0.0009746631826588081,0.7781321398336871,-1.5543122344752192e-15,-2.6529527463736713e-09,10,1.0000000000000004,8027818.992612841,258.197286667008,0.2036069664589897,0.0009746631826588081,0.0020150996164560457,4.0876885522252604e-05,6.480540966319501e-08,0.02036069664589896,3.9807993516240054e-11
3402067988927.617,3376369158.3750362,0.14586367048021023,0.0020160351847907094,3202.4144618974833,0.20296008498563434,0.0009633508475019822,0.7999725584739714,0,-6.375070471520417e-10,11,1.0000000000000004,8037085.706040083,258.4096124837929,0.20296008498563434,0.0009633508475019822,0.002015969879747489,4.090164989427512e-05,6.534499723600423e-08,0.02029600849856343,3.995401571418407e-11
3405465453127.7354,3397464200.118274,0.1458260953229034,0.002016911227822636,3203.1749004937187,0.20230880345597715,0.0009520755792619259,0.8022241185234869,6.661338147750939e-16,-7.009022251480701e-10,11,1.0000000000000004,8046444.122312308,258.6249885557531,0.20230880345597715,0.0009520755792619259,0.0020168453438046794,4.092647221799317e-05,6.592412019518139e-08,0.020230880345597717,4.01022373193733e-11
3408879343267.477,3413890139.7414045,0.14578802531043097,0.0020177851258327264,3203.94006104806,0.20165401515720802,0.0009408510315759199,0.8019484520893627,8.881784197001252e-16,-7.655316380805743e-10,11,1.0000000000000004,8055882.098181767,258.84315871843063,0.20165401515720802,0.0009408510315759199,0.0020177186615319676,4.0951314004325594e-05,6.650455325030665e-08,0.020165401515720813,4.025248981470965e-11
3412310328303.8027,3430985036.3257976,0.14574942506635827,0.0020186583779694773,3204.7109363286436,0.20099558978028062,0.0009296748021328405,0.8057853617682298,-7.771561172376096e-16,-8.313723043329446e-10,11,1.0000000000000004,8065403.079097811,259.0643035998013,0.20099558978028062,0.0009296748021328405,0.0020185912379296436,4.097621857629488e-05,6.71804447132738e-08,0.02009955897802809,4.0404881061590535e-11
3415750274474.2295,3439946170.426386,0.1457103349236003,0.002019536185686418,3205.4891558741633,0.20033508584272264,0.000918571540901707,0.8092380970881052,-1.1102230246251565e-16,-8.912999227561613e-10,11,1.0000000000000004,8074988.193225009,259.28828086223496,0.20033508584272264,0.000918571540901707,0.002019468284534911,4.10012655528222e-05,6.794171074057865e-08,0.020033508584272264,4.055923411324253e-11
3419191839629.479,3441565155.249217,0.14567304801539557,0.0020200592274500937,3206.106927553032,0.19967393558969632,0.0009076153235057101,0.3973072579266379,-3.3306690738754696e-16,-9.160150415965518e-10,11,1.0000000000000004,8084500.96285068,259.5029692934182,0.19967393558969632,0.0009076153235057101,0.0020199990592229614,4.102132942940968e-05,6.020893702845531e-08,0.01996739355896962,4.0709897097890666e-11
3424105840805.131,4914001175.651775,0.14562385603948458,0.0020203420536854485,3206.7606298246956,0.19872953728840695,0.0008923626397521107,0.5648259127077893,-1.5543122344752192e-15,-1.533674742759672e-09,12,1.0000000000000004,8097908.371186559,259.78850010561706,0.19872953728840695,0.0008923626397521107,0.00202028324950814,4.103954853761688e-05,5.8845093662888264e-08,0.0198729537288407,4.0916357960307755e-11
3427048164596.387,2942323791.2566924,0.14559421957212512,0.0020205302637157684,3207.1616781424445,0.19816392569566565,0.0008833487958521981,0.21485575568691573,-1.1102230246251565e-16,-2.044404978640557e-09,10,1.0000000000000004,8105963.03843122,259.96066078712954,0.19816392569566565,0.0008833487958521981,0.002020470895579321,4.1050137223300826e-05,5.9409177445553624e-08,0.019816392569566552,4.10409985135633e-11
3429904633371.673,2856468775.285177,0.14556524614667019,0.0020207258012292575,3207.558438751509,0.1976147125261225,0.0008746758024703234,0.20028697589324906,-9.992007221626409e-16,-1.805150029454694e-09,10,1.0000000000000004,8113805.67742473,260.1290635782864,0.1976147125261225,0.0008746758024703234,0.0020206658569264673,4.106034699808033e-05,5.998546570906652e-08,0.01976147125261227,4.1162920488069444e-11
3432761102146.958,2856468775.285177,0.14553601068558664,0.0020209283489040614,3207.960974352173,0.1970653975946684,0.0008660717121299616,0.19996418965106955,-3.3306690738754696e-16,-1.8873005380726227e-09,10,1.0000000000000004,8121673.753886162,260.29901808978286,0.1970653975946684,0.0008660717121299616,0.0020208677504664745,4.1070605469937355e-05,6.063972347474607e-08,0.019706539759466814,4.1285888718596353e-11
3435617570922.2437,2856468775.285177,0.14550624035385776,0.002021173981899613,3208.386612412975,0.19651597952899477,0.0008575285372916279,0.23584606823057186,-9.992007221626409e-16,-1.9790634686600583e-09,10,1.0000000000000004,8129580.4699050505,260.471987776277,0.19651597952899477,0.0008575285372916279,0.0020211115505918307,4.108150304184454e-05,6.24727183456912e-08,0.019651597952899485,4.14105653898158e-11
3438264410832.722,2646839910.478775,0.14547785361210064,0.0020214683689180556,3208.816451100548,0.1960067794774921,0.0008496524532784609,0.22159277662803234,-7.771561172376096e-16,-1.3347152272302765e-09,10,1.0000000000000004,8136957.251062008,260.6366965041893,0.1960067794774921,0.0008496524532784609,0.002021404626159372,4.109287024591479e-05,6.378428709266372e-08,0.01960067794774921,4.152841009787652e-11
3443324898657.4062,5060487824.68382,0.1454238456264313,0.0020218975288316112,3209.58257304785,0.19503292888453255,0.0008347663673162822,0.6298666849202661,-9.992007221626409e-16,-5.824303261903196e-10,13,1.0000000000000004,8151080.998469581,260.9506484576548,0.19503292888453255,0.0008347663673162822,0.0020218340822948573,4.1112775637801554e-05,6.348829094256381e-08,0.01950329288845327,4.1754190494394666e-11
3446194229185.5005,2869330528.0940495,0.1453931378371216,0.002022092208548476,3209.9987600003656,0.19448061881985254,0.0008264182115908369,0.20027882297046773,0,-2.3835980966779857e-09,10,1.0000000000000004,8159111.949797865,261.12938439226474,0.19448061881985254,0.0008264182115908369,0.002022028505056047,4.112351476021886e-05,6.374537548879213e-08,0.019448061881985265,4.188306018604932e-11
3449063559713.594,2869330528.0940495,0.1453623545127218,0.002022274513627729,3210.410987953997,0.19392820693292442,0.0008181451438079418,0.1875567681719481,1.5543122344752192e-15,-2.4876271043083875e-09,10,1.0000000000000004,8167159.953125498,261.30870065328935,0.19392820693292442,0.0008181451438079418,0.0020222105303196293,4.113388177139698e-05,6.402532067867427e-08,0.019392820693292442,4.201257587728139e-11
3451932890241.6885,2869330528.0940495,0.14533136392721377,0.0020224553204278746,3210.825029178723,0.19337569841170035,0.0008099411995331832,0.18373701365925754,-3.3306690738754696e-16,-2.5945051662645824e-09,10,1.0000000000000004,8175231.013718681,261.48926632588075,0.19337569841170035,0.0008099411995331832,0.002022390769485965,4.1144143537253126e-05,6.459308495356853e-08,0.019337569841170025,4.214304448277685e-11
3454802220769.7827,2869330528.0940495,0.14530003164737157,0.0020226477909000918,3211.2475956973144,0.1928230945493779,0.0008018011144980833,0.18963684678130477,1.3322676295501878e-15,-2.709556579105765e-09,10,1.0000000000000004,8183331.520231547,261.6717867079411,0.1928230945493779,0.0008018011144980833,0.0020225823567967694,4.115458126703683e-05,6.547637811776e-08,0.01928230945493778,4.2274792872770614e-11
3457671551297.8765,2869330528.0940495,0.14526822789912353,0.0020228653479119336,3211.685454432933,0.19227039272584162,0.0007937197634807223,0.20451765170292902,2.220446049250313e-16,-2.8340568780649278e-09,10,1.0000000000000004,8191468.026201643,261.85697990030064,0.19227039272584162,0.0007937197634807223,0.0020227987373473105,4.116548018291681e-05,6.665297278054625e-08,0.019227039272584165,4.2408157202941805e-11
3460526693175.422,2855141877.5454745,0.14523598696612416,0.0020231191054030343,3212.142644209714,0.19172032060102742,0.0007857319646614928,0.2260997242209406,-1.1102230246251565e-16,-2.887070471579989e-09,10,1.0000000000000004,8199606.224660214,262.0445822383836,0.19172032060102742,0.0007857319646614928,0.002023051031540496,4.1177048798702894e-05,6.811640532266422e-08,0.019172032060102734,4.254278475553253e-11
3463228723330.5576,2702030155.1353555,0.14520480605837033,0.002023405871973392,3212.601341617119,0.19119964434737396,0.0007782173305479566,0.23183797992487598,-1.1102230246251565e-16,-2.223562223235831e-09,10,1.0000000000000004,8207352.655114418,262.22584158932165,0.19119964434737396,0.0007782173305479566,0.002023336091293259,4.118892395382136e-05,6.982335240875757e-08,0.01911996443473741,4.2672275832949055e-11
3468279293495.9805,5050570165.42313,0.14514540942576437,0.002023973327493789,3213.4838697362907,0.19022606737295464,0.0007643012976205728,0.7341887825473847,-4.440892098500626e-16,-8.280609531396976e-10,13,1.0000000000000004,8221919.135157525,262.57096070495373,0.19022606737295464,0.0007643012976205728,0.002023902719816847,4.1212144155758034e-05,7.065059518449746e-08,0.01902260673729546,4.291824331220349e-11
3470931754760.447,2652461264.4659796,0.145114088221621,0.0020242208747375382,3213.9289122025116,0.18971463379348677,0.000757068273825526,0.21244339953874203,6.661338147750939e-16,-2.2608064309537212e-09,10,1.0000000000000004,8229592.285603977,262.7530882709601,0.18971463379348677,0.000757068273825526,0.0020241495944017147,4.122389033602104e-05,7.132338418781764e-08,0.018971463379348685,4.304836362239625e-11
3473521398029.7876,2589643269.340475,0.14508329703875583,0.0020244681676694688,3214.3681067978127,0.18921521324684873,0.0007500618210153848,0.20130709238452837,0,-2.057429782098552e-09,10,1.0000000000000004,8237105.5409679115,262.93218359999736,0.18921521324684873,0.0007500618210153848,0.0020243962883149916,4.1235343777572145e-05,7.192253083408967e-08,0.018921521324684866,4.317635718612379e-11
3476111041299.1284,2589643269.340475,0.1450522488069977,0.00202472126024664,3214.8125724611236,0.18871569543964245,0.0007431061453472647,0.2023815859342193,2.220446049250313e-16,-2.1426901364307582e-09,10,1.0000000000000004,8244642.845090243,263.1128154238403,0.18871569543964245,0.0007431061453472647,0.002024648675116622,4.124688738691701e-05,7.262843544333676e-08,0.01887156954396425,4.330542524546191e-11
3478700684568.469,2589643269.340475,0.1450209078434069,0.0020249833082548302,3215.2639606142598,0.18821607996544554,0.0007361988705139315,0.20653126181491288,1.5543122344752192e-15,-2.231371976080254e-09,10,1.0000000000000004,8252206.56180377,263.2952399686973,0.18821607996544554,0.0007361988705139315,0.0020249098932479284,4.125862050536028e-05,7.34584425981317e-08,0.018821607996544556,4.343569333945117e-11
3481264929805.4033,2564245236.9337306,0.14498958071666734,0.002025249133373183,3215.7168196722687,0.1877212672487967,0.0007294060129365608,0.20572595266221683,-1.3322676295501878e-15,-2.1978554531898453e-09,10,1.0000000000000004,8259722.231482353,263.4776478227161,0.1877212672487967,0.0007294060129365608,0.0020251749306222262,4.127042347188712e-05,7.424631683031415e-08,0.018772126724879674,4.356587610068105e-11
3486353051920.861,5088122115.458178,0.14492665980454758,0.0020257940024552175,3216.6311194463656,0.18673910059987303,0.0007160712773450959,0.7830971820999011,-1.4432899320127035e-15,-1.1068415073367532e-09,13,1.0000000000000004,8274707.593427023,263.8442242154587,0.18673910059987303,0.0007160712773450959,0.0020257184672129785,4.1294136049462916e-05,7.55790696956428e-08,0.018673910059987312,4.382745987965329e-11
3488940443790.0254,2587391869.163838,0.14489412902761029,0.002026075553255567,3217.1039596539663,0.1862395245575319,0.0007093518733013836,0.2207266261433638,1.1102230246251565e-15,-2.6137686459648535e-09,10,1.0000000000000004,8282371.722854509,264.0338056929081,0.1862395245575319,0.0007093518733013836,0.002025998891011023,4.13066600073336e-05,7.670620708117369e-08,0.01862395245575319,4.396253532334196e-11
3493896969416.902,4956525626.877335,0.14483116849199237,0.002026629439436138,3218.0230454517127,0.18528218379262923,0.000696623296805975,0.7694863615737013,2.220446049250313e-16,-1.0810176087616696e-09,13,1.0000000000000004,8297118.949010363,264.4009357825122,0.18528218379262923,0.000696623296805975,0.0020265516222036273,4.133070685430451e-05,7.786145676904339e-08,0.018528218379262936,4.422425837826985e-11
3498982302477.4214,5085333060.519269,0.14476542481842677,0.002027211621612456,3218.9848128319254,0.1842995640273922,0.0006837379375399088,0.8307415136354912,-4.440892098500626e-16,-1.3174794588621808e-09,13,1.0000000000000004,8312352.13719264,264.784517243927,0.1842995640273922,0.0006837379375399088,0.002027132213549995,4.135603126344179e-05,7.945256004166408e-08,0.01842995640273923,4.4497581288126176e-11
3504003750304.4375,5021447827.016212,0.1446993552539157,0.0020278053111348433,3219.9553274217947,0.1833288847940201,0.0006711869865052803,0.8323612082916654,-1.7763568394002505e-15,-1.3243107721550018e-09,13,1.0000000000000004,8327497.805298709,265.17029725845003,0.1833288847940201,0.0006711869865052803,0.002027724304923161,4.1381720807561664e-05,8.105098404690165e-08,0.01833288847940201,4.477236774318825e-11
3508957288866.0244,4953538561.587001,0.14463305301287493,0.002028407461269159,3220.932350842948,0.18237093193743054,0.0006589733094980436,0.8295761677601377,1.5543122344752192e-15,-1.3239420670885238e-09,13,1.0000000000000004,8342539.688847224,265.5576428486588,0.18237093193743054,0.0006589733094980436,0.0020283248848653895,4.1407680652115466e-05,8.26214520115032e-08,0.018237093193743066,4.5048239228480313e-11
3513852032205.428,4894743339.404062,0.1445664364500199,0.002029017997097627,3221.9167698270085,0.1814239511430628,0.000647066912324626,0.8269474177646785,-1.1102230246251565e-16,-1.333788079982412e-09,13,1.0000000000000004,8357502.354674229,265.94705453253704,0.1814239511430628,0.000647066912324626,0.0020289338721077525,4.1433925198814426e-05,8.417031547089555e-08,0.018142395114306282,4.5325597016632894e-11
3518696359593.3135,4844327387.885118,0.14449941023415785,0.0020296390071925584,3222.91048542109,0.18048632780514806,0.0006354404465684038,0.828922878670646,6.661338147750939e-16,-1.3535115250817853e-09,13,1.0000000000000004,8372409.747429732,266.33911543580774,0.18048632780514806,0.0006354404465684038,0.0020295533068361007,4.1460509400851354e-05,8.57459613389807e-08,0.018048632780514804,4.5604879802762824e-11
3523485073944.776,4788714351.462015,0.14443206093583186,0.0020302716218633223,3223.9129914721166,0.17955907359451473,0.000624099273037844,0.83058460914609,-1.3322676295501878e-15,-1.3687094790881815e-09,13,1.0000000000000004,8387244.876353751,266.73339205698574,0.17955907359451473,0.000624099273037844,0.0020301843198931293,4.1487440950564695e-05,8.73478559769005e-08,0.01795590735945148,4.588578661357371e-11
3528214075989.3076,4729002044.532045,0.14436445672748646,0.0020309178274781126,3224.9243242034063,0.17864298842572499,0.0006130456414930946,0.8345658325525918,2.220446049250313e-16,-1.373459013187528e-09,13,1.0000000000000004,8401994.031732071,267.12954740363176,0.17864298842572499,0.0006130456414930946,0.002030828873106388,4.1514743630827484e-05,8.900053980170535e-08,0.017864298842572502,4.616807662948045e-11
3532872957990.886,4658882001.579027,0.14429677071847924,0.0020315769403162764,3225.942284489631,0.17774009564068316,0.0006022960295745131,0.8338858423218021,-8.881784197001252e-16,-1.3606188398185282e-09,13,1.0000000000000004,8416622.816591231,267.52662860948845,0.17774009564068316,0.0006022960295745131,0.0020314863326527156,4.154238010766318e-05,9.065411463949459e-08,0.017774009564068317,4.645108023921748e-11
3537464630655.889,4591672665.002886,0.1442290114344267,0.002032245660295976,3226.9654696805137,0.1768498398974934,0.0005918367938376437,0.8305495072247204,-9.992007221626409e-16,-1.3486265437734346e-09,13,1.0000000000000004,8431136.156068053,267.9245563427125,0.1768498398974934,0.0005918367938376437,0.0020321534351084238,4.1570299077549764e-05,9.227192235117174e-08,0.017684983989749343,4.673480107433983e-11
3541999143821.0947,4534513165.205416,0.1441610960677328,0.0020329205707571105,3227.9934531256777,0.17597028130208142,0.0005816392574131134,0.824339460581136,8.881784197001252e-16,-1.3482117644514346e-09,13,1.0000000000000004,8445561.2755149,268.3238254438883,0.17597028130208142,0.0005816392574131134,0.002032826798664216,4.159846594575799e-05,9.381911256187394e-08,0.017597028130208144,4.7019665828802504e-11
3544246594325.5166,2247450504.4224734,0.1441270212353983,0.00203325658608293,3228.508409117163,0.17553422172337477,0.0005766298842978992,0.21361362317895427,-9.992007221626409e-16,-2.9095590381444936e-09,10,1.0000000000000004,8452746.922359912,268.52427743489295,0.17553422172337477,0.0005766298842978992,0.0020331618135876824,4.1612734721496175e-05,9.481965795620077e-08,0.017553422172337484,4.7162710922870955e-11
3546434800185.1733,2188205859.6573544,0.14409365565039825,0.0020335863157659954,3229.013073464932,0.17510956417029716,0.0005717858488618583,0.2019618194903927,1.9984014443252818e-15,-2.6079078896401597e-09,10,1.0000000000000004,8459762.55012957,268.720659636472,0.17510956417029716,0.0005717858488618583,0.002033490919656271,4.162665615561899e-05,9.544341269918195e-08,0.017510956417029724,4.730297079359163e-11
3546468990901.7305,34190716.55714616,0.14409313214714142,0.002033591451634227,3229.020977844637,0.17510292851988718,0.0005717102945569692,5.909828182382171e-05,2.220446049250313e-16,-2.9131290713024782e-09,3,1.0000000000000004,8459872.350706901,268.7237412805379,0.17510292851988718,0.0005717102945569692,0.0020334957644276824,4.162687523332421e-05,9.573451171713787e-08,0.01751029285198871,4.7305171887312146e-11
3546477538580.87,8547679.13928654,0.14409300115258367,0.0020335927318639114,3229.022953792002,0.17510126960468314,0.0005716914071999805,3.671785098191549e-06,3.1086244689504383e-15,-5.343899434073762e-09,2,1.0000000000000004,8459899.807172243,268.72451235241857,0.17510126960468314,0.0005716914071999805,0.0020334969971187865,4.1626930253385686e-05,9.578205085351066e-08,0.017510126960468303,4.730572250412687e-11
3546481812420.44,4273839.56964327,0.14409293563850725,0.002033593371452448,3229.023941745807,0.17510044014661538,0.0005716819637300297,9.264811140496931e-07,-2.1094237467877974e-14,-4.798036412623219e-10,2,1.0000000000000004,8459913.536303023,268.7248979819,0.17510044014661538,0.0005716819637300297,0.002033497616584662,4.162695779877251e-05,9.580217374101933e-08,0.01751004401466154,4.7305997861269875e-11
3546483949340.224,2136919.784821635,0.14409290287769763,0.0020335936911295765,3229.0244357186757,0.17510002541746505,0.0005716772420478657,2.300937218535637e-07,1.4654943925052066e-14,1.037458563502014e-09,2,1.0000000000000004,8459920.401071439,268.7250908176638,0.17510002541746505,0.0005716772420478657,0.002033497927017328,4.162697157934729e-05,9.581141841355313e-08,0.017510002541746516,4.7306135550849543e-11
3546485017800.117,1068459.8924108176,0.14409288649677013,0.0020335938509522715,3229.024682704719,0.17509981805281413,0.0005716748821343612,9.116716713150619e-06,1.638733593267716e-11,-2.6390955744082234e-06,1,1.0000000000000004,8459923.8334835,268.7251872384804,0.17509981805281413,0.0005716748821343612,0.0020334980855160963,4.162697847205511e-05,9.581277570443972e-08,0.017509981805281412,4.730620439723555e-11
3546485284915.0903,267114.9731027044,0.14409288240149565,0.0020335938909069235,3229.0247444513075,0.17509976621165765,0.0005716742919854924,5.733922451428564e-07,3.2174263253637037e-12,-6.578336161355836e-07,1,1.0000000000000004,8459924.691589402,268.72521134392326,0.17509976621165765,0.0005716742919854924,0.002033498124549121,4.1626980195053167e-05,9.58136705674531e-08,0.01750997662116578,4.7306221608967077e-11
3546485819145.0366,534229.9462054088,0.1440928567417655,0.002033593413543343,3229.0248424655497,0.17509940765952306,0.0005715240381393125,0.005187963392216943,4.8405723873656825e-14,-2.493082851273698e-09,3,1.0000000000000004,8459929.838510767,268.7255684472527,0.175099728133519,0.000571711572891939,0.0020329899849923483,4.162677661001787e-05,6.034758574584143e-07,0.017509966250959786,4.730636567086479e-11
3546486086260.01,267114.9731027044,0.1440928352039246,0.0020335929647122214,3229.0249056216594,0.17509922815924853,0.0005714489251011898,0.000689577843715483,2.542575039399253e-10,-2.453050768180809e-06,1,1.0000000000000004,8459932.577546876,268.72585688598673,0.17509970914180664,0.0005717302410762163,0.002032737290355292,4.162669715814728e-05,8.557221804596421e-07,0.017509961065031616,4.730647424304729e-11
3546486620489.956,534229.9462054088,0.14409276375586946,0.002033591281885193,3229.025038157378,0.17509886667733743,0.0005712912939690234,0.002838976254082581,-2.1260770921571748e-13,-8.011842966837435e-09,2,0.9959025700828579,8459938.918037454,268.72672009348213,0.17509967115818678,0.0005717675775521904,0.002032211608350246,4.162659578855386e-05,1.379720841309761e-06,0.017509950690758003,4.7306795343186135e-11
3546487688949.8486,1068459.8924108176,0.1440925095317442,0.002033584843801887,3229.025330986987,0.17509814323202075,0.0005709774656380498,0.010029421702029138,3.1086244689504383e-15,-3.6607762488038986e-08,2,0.9917608086768951,8459955.0131188,268.72956269172556,0.17509959726820393,0.0005718402926531066,0.002031184507506389,4.1626668009796287e-05,2.4003836033508146e-06,0.017509929932460363,4.730784663086634e-11
3546488757409.7417,1068459.8924108176,0.14409212191431267,0.002033574593086298,3229.025604971092,0.1750974146118979,0.0005706491726406771,0.010317193321895955,-1.5765166949677223e-14,-3.851479257743762e-08,2,0.9877080770021062,8459975.493046714,268.7336573977243,0.17509952337610343,0.0005719130094531231,0.00203013152855126,4.1627038479179586e-05,3.443111844374069e-06,0.017509909162580193,4.7309367871676654e-11
3546489825869.6343,1068459.8924108176,0.14409160392093587,0.0020335606316939196,3229.025866763002,0.17509668540570048,0.0005703225932149138,0.009935761475787784,2.1094237467877974e-14,-3.869416431712125e-08,2,0.983522369776508,8460000.43299746,268.7389691326223,0.17509945153204037,0.0005719837878308928,0.002029107691454138,4.162772782328809e-05,4.452987551175437e-06,0.017509888380962322,4.731135079406923e-11
3546490360099.5806,534229.9462054088,0.14409130379803947,0.0020335524464395603,3229.0259802913874,0.1750963206200456,0.0005701598334865944,0.002470670539267416,-5.3179682879545e-14,-1.1739080041373029e-08,2,0.983522369776508,8460014.39147161,268.74198487269757,0.1750994156089663,0.000572019177927641,0.002028604868540636,4.162817164309923e-05,4.94762521129893e-06,0.017509877986483947,4.731248253911585e-11
3546491428559.473,1068459.8924108176,0.1440905855177152,0.0020335325958242365,3229.026148382892,0.1750955860350939,0.0005698190691430966,0.00991997358923413,1.2612133559741778e-13,-4.3574976515969865e-08,2,0.97951468410778,8460046.3812527,268.74905627888734,0.17509934375935648,0.0005720899611798517,0.0020275683362362225,4.1629314637719325e-05,5.964306903417149e-06,0.01750985718680669,4.731514625814603e-11
3546493565479.258,2136919.784821635,0.14408869342643443,0.0020334793797698826,3229.026223529788,0.17509411469610678,0.0005691437006554041,0.03321924804566834,1.176836406102666e-14,-4.820307153430292e-09,2,0.9752854355600622,8460127.797716506,268.7670368634565,0.17509920408805227,0.0005722277001768353,0.002025598941329655,4.163269656235903e-05,7.880485762254374e-06,0.017509815544274984,4.7322002579960397e-11
3546494633939.1504,1068459.8924108176,0.1440875834609236,0.00203344784173722,3229.026140578881,0.17509337387589313,0.0005687908350851746,0.009438476871181932,-4.884981308350689e-15,-4.6352144011940766e-08,2,0.9713231246102757,8460174.54870588,268.77739276925854,0.17509913424521964,0.0005722965762413573,0.002024592438831016,4.163474895049968e-05,8.855450232166052e-06,0.017509794707139387,4.732597189021885e-11
3546496770858.9346,2136919.784821635,0.144084921579655,0.0020333715085366364,3229.0256634362618,0.175091889943279,0.0005680914508807913,0.03190627868576712,-2.786659791809143e-14,-6.175600586466601e-09,2,0.9670507579658381,8460285.49003463,268.80171671334494,0.1750989985236451,0.0005724305478795793,0.0020226816984855126,4.163991315312748e-05,1.0689857386439138e-05,0.01750975298762078,4.7335372331630846e-11
3546498907778.719,2136919.784821635,0.14408175342525456,0.002033279732116044,3229.024727485491,0.17509039484585318,0.0005673633497480534,0.03187481025790362,2.6201263381153694e-14,-7.21152515481549e-09,2,0.9631341313492021,8460416.441224411,268.83004873417605,0.1750988627709005,0.0005725645485817223,0.002020766717028292,4.1646219932328426e-05,1.251306243421541e-05,0.0175097112146051,4.734641016552806e-11
3546501044698.5034,2136919.784821635,0.14407810750248823,0.002033173417017854,3229.0233719935545,0.17508889699476388,0.0005666426398005238,0.028957808018148512,-3.086420008457935e-14,-8.270170326341031e-09,2,0.9588190884477898,8460566.789749686,268.86214243870074,0.17509873091236386,0.0005726948228762768,0.002018964372236584,4.165366564905624e-05,1.420909214020646e-05,0.017509669387551975,4.735899936430896e-11
3546502113158.396,1068459.8924108176,0.14407613990627244,0.002033115790231803,3229.0225400549334,0.17508814721529256,0.0005662845468501726,0.007265565695746545,1.3922196728799463e-13,-5.011064307947066e-08,2,0.9588190884477898,8460648.137970546,268.87927224658364,0.17509866497127988,0.0005727599711651749,0.0020180976335338005,4.165773167080139e-05,1.5018204064039246e-05,0.017509648457171685,4.7365753243298056e-11
3546504250078.1807,2136919.784821635,0.14407179750656618,0.0020329878570732574,3229.020403640656,0.17508663693763632,0.0005655375818896831,0.02817030213542182,3.6637359812630166e-14,-9.19311748948104e-09,2,0.9549484366451545,8460826.992108526,268.9166208737425,0.17509853305295792,0.0005728903018949257,0.0020163346822668947,4.166675736427467e-05,1.665322218698074e-05,0.017509606547413337,4.73805434511691e-11
3546506386997.965,2136919.784821635,0.14406702305050356,0.002032846668933661,3229.01784378763,0.17508512378453203,0.000564798051187161,0.02626452294762771,-2.2870594307278225e-14,-1.0119291293797517e-08,2,0.9505911778142926,8461024.487561148,268.9572450581866,0.17509840496132964,0.0005730169594500396,0.0020146777587915026,4.1676817627423034e-05,1.8168957538834247e-05,0.017509564581430426,4.739672181445251e-11
3546507455457.8574,1068459.8924108176,0.14406450414326977,0.002032771941269629,3229.016397243322,0.17508436631631616,0.0005644305625302014,0.006588541117125146,2.1316282072803006e-14,-5.000685787681647e-08,2,0.9505911778142926,8461129.030508239,268.9784991178118,0.17509834090103374,0.0005730803020039561,0.0020138814004968713,4.168215852605063e-05,1.8890588178021855e-05,0.01750954358091367,4.740522071785587e-11
3546509592377.642,2136919.784821635,0.14405909496593636,0.0020326107825882956,3229.013016331953,0.17508284079058764,0.0005636636287257826,0.02543422234602133,1.354472090042691e-14,-1.0550198714653902e-08,2,0.9467667721515879,8461353.41689043,269.02371749743355,0.17509821273725568,0.0005732070282330861,0.0020122501572630747,4.1693646716534846e-05,2.036067274861814e-05,0.017509501528997135,4.7423369606426324e-11
3546513866217.212,4273839.56964327,0.14404694574741989,0.002032246604758927,3229.0045349119023,0.17507977930274085,0.000562155610448977,0.0856854002151408,1.5343282200319663e-13,-8.653837435534939e-08,2,0.9423677760670401,8461861.555061728,269.1235818206468,0.17509796384708906,0.0005734533205542608,0.0020093225534442037,4.1719773551231864e-05,2.2924098778835937e-05,0.01750941722150204,4.74638009412844e-11
3546522413896.351,8547679.13928654,0.14401800689454225,0.0020313694111843616,3228.9804041162374,0.17507358249885036,0.0005590826218274737,0.25779587742194404,-9.992007221626409e-16,-7.173146521211038e-10,3,0.9341496322401329,8463090.165435923,269.3543577850172,0.17509748023540644,0.0005739322260884417,0.0020041506958672134,4.1782673233961195e-05,2.7218762875835886e-05,0.017509247771696122,4.7558689701834646e-11
3546529989595.88,7575699.528878609,0.14398875943489714,0.0020304768770229523,3228.9535496194726,0.17506802278239267,0.0005563080458165734,0.20680022407514564,8.659739592076221e-15,-1.7451073919261262e-10,3,0.9259374942394095,8464345.34514898,269.5829579993696,0.1750970638618715,0.0005743448229408064,0.002000075543573102,4.1846729187902326e-05,3.0401381103630373e-05,0.01750909679928217,4.765376231375427e-11
3546537486116.716,7496520.835907957,0.1439569009962966,0.0020295000288940387,3228.922352506137,0.17506245517678695,0.0005535050569386345,0.20667268002777345,-8.659739592076221e-15,-1.0667711158873772e-10,3,0.9177321086820505,8465723.754310764,269.8285554889152,0.1750966637307105,0.0005747415737759394,0.0019964042655440392,4.19168647360431e-05,3.3095811106764525e-05,0.017508946630835416,4.77567827372373e-11
3546552327033.374,14840916.658498373,0.14388644348370472,0.002027325288072959,3228.8472565665093,0.17505124216751125,0.0005479600549892776,0.7426266874751077,2.6645352591003757e-15,-7.883464436808651e-09,3,0.9095342207364905,8468813.241289863,270.36112218878634,0.17509589325953984,0.000575505958303701,0.001990552818283852,4.2073075625065036e-05,3.6772517772190065e-05,0.017508646642134182,4.798307783466628e-11
3546567826543.05,15499509.675918793,0.14380693776797215,0.002024858957986737,3228.756961936148,0.17503930510412388,0.0005422127721657311,0.7974113916148651,1.1102230246251565e-15,-9.613144835718401e-09,3,0.9013445739626859,8472341.74013995,270.95305181590106,0.1750951100885341,0.0005762833346430749,0.0019857152296388542,4.2250517432466676e-05,3.9143776585541046e-05,0.017508330009715075,4.8237656502320204e-11
3546583447917.805,15621374.7554244,0.14372317022721226,0.002022257918480442,3228.6600686050356,0.17502704118348947,0.0005364591475277848,0.811266952749053,-1.9984014443252818e-15,-9.45301126265008e-09,3,0.8931639101527723,8476089.320404857,271.5721257172023,0.17509434190899723,0.0005770461925072553,0.001981669591296362,4.243861211501761e-05,4.058837569029655e-05,0.017508007467489945,4.850622024264407e-11
3546599057089.872,15609172.066310218,0.1436373943950687,0.0020195937236297816,3228.559721530266,0.17501455137202676,0.000530743130069757,0.8195920266193448,-1.1102230246251565e-15,-8.718915811556371e-09,3,0.8849929691721543,8479943.728644142,272.2051325181764,0.1750935950902072,0.0005777881704735094,0.0019781435433642914,4.2632350499478956e-05,4.145022904789466e-05,0.01750768174986421,4.8782407140365905e-11
3546606815871.334,7758781.461846062,0.14359453153984877,0.0020182614323765195,3228.508879264636,0.1750082870407474,0.0005280115797396112,0.20259782835207152,-7.771561172376096e-15,-1.0846012976628572e-10,3,0.8802794530099199,8481879.467029069,272.5206092369211,0.17509323482368727,0.0005781462653513055,0.0019767923739934822,4.272965647142334e-05,4.1469107303800935e-05,0.01750751880727058,4.892077919043944e-11
3546622329687.324,15513815.990860704,0.14350873885011647,0.0020155972962949947,3228.407505294913,0.17499555134971767,0.0005225234759928841,0.7956390731217282,-1.1102230246251565e-16,-7.236157562040546e-09,3,0.8768324888010679,8485755.325441046,273.1536450801315,0.17509251087155128,0.0005788658007106066,0.0019740490429883168,4.2925066432345844e-05,4.1548302505739075e-05,0.017507190099940215,4.919906147949671e-11
3546630156286.599,7826599.275371515,0.143465701446541,0.0020142617120663016,3228.356685473798,0.1749890700481253,0.0005198632222450892,0.2025585568157448,-4.3298697960381105e-15,-1.8948720370559613e-10,3,0.8720823398159472,8487709.085231908,273.4712533765959,0.17509215656378693,0.000579218100165771,0.0019729833106469836,4.302362483861978e-05,4.12784507585751e-05,0.017507023243153324,4.9339265430080304e-11
3546637981754.513,7825467.913987095,0.1434228035949671,0.0020129321694347425,3228.3065086428646,0.17498251716620122,0.0005171217842156183,0.2181654858201057,2.6645352591003757e-15,-3.474802667824406e-10,3,0.8686832045766476,8489650.56162157,273.789420709472,0.17509180129633556,0.0005795713399967168,0.0019716364277052307,4.312196428318009e-05,4.1295791209163715e-05,0.017506855578119075,4.9479646476090686e-11
3546645521033.355,7539278.842292798,0.14338166937052194,0.0020116578953249414,3228.2584443148794,0.17497616073091068,0.0005145645724514546,0.19453311798228734,-4.773959005888173e-15,-2.0647417109387334e-10,3,0.8686832045766476,8491509.699982805,274.09539584721625,0.17509145807387225,0.0005799125904742894,0.00197056913075123,4.3216579152868046e-05,4.108881418843774e-05,0.01750669327372089,4.961473581198293e-11
3546653060312.197,7539278.842292798,0.14334093130210335,0.0020103965549939516,3228.2109209025552,0.17496976272574966,0.000512087066139687,0.18690695873391922,5.995204332975845e-15,-3.8415082226350705e-10,3,0.8638970744708646,8493359.331350049,274.3987027897003,0.1750911255321829,0.0005802433622497699,0.0019697070034448276,4.3310664739543884e-05,4.068960129813871e-05,0.017506530224734907,4.9749002501364304e-11
3546668138869.882,15078557.684585596,0.143260516118622,0.0020079111857959327,3228.1183570853646,0.17495676702509713,0.0005070855011027097,0.7469996678806292,-3.6637359812630166e-15,-3.9977997579043745e-09,3,0.8605458496355465,8496996.898828551,275.00170727063687,0.17509045730634704,0.0005809079908912859,0.001967669413398581,4.3496862326386334e-05,4.024182241311767e-05,0.01750620151568706,5.001577333659927e-11
3546683840404.71,15701534.827922264,0.14317892039116165,0.002005391360728019,3228.024510340885,0.17494305939057583,0.0005022121889680829,0.7472230382392971,-9.992007221626409e-16,-4.9511982291861045e-09,3,0.8557244060999527,8500705.49780291,275.6148870974441,0.17508978156961863,0.0005815803387338859,0.0019662902753401156,4.368703049351407e-05,3.910113567605926e-05,0.017505856156122015,5.028815775534446e-11
3546692014307.978,8173903.268207635,0.14313707379749832,0.0020041015347603886,3227.977086981001,0.1749358354572745,0.0004996075777176707,0.22906799806705727,9.103828801926284e-15,-1.9893420244443405e-10,3,0.8524211545571427,8502598.77427304,275.9317931414695,0.17508942857453813,0.0005819315486580969,0.00196525410199606,4.378473511646829e-05,3.884748319314792e-05,0.017505675341548094,5.04288012686513e-11
3546699699589.7935,7685281.815176198,0.14309818230046267,0.0020029041011129607,3227.93336423663,0.17492899982130816,0.0004972432558050972,0.1947084464254574,-7.771561172376096e-16,-2.252401598568099e-10,3,0.8524211545571427,8504354.893622482,276.2277417503028,0.17508909579452542,0.0005822626348389863,0.001964471704433666,4.387585792569318e-05,3.843244723939927e-05,0.017505504592126315,5.056010629877367e-11
3546707384871.6084,7685281.815176198,0.14305989422574755,0.0020017266865963524,3227.8907357996786,0.1749221226582534,0.0004949587053132192,0.1868891847767,-7.771561172376096e-15,-5.180867956866564e-10,3,0.847565080985701,8506090.480189277,276.51984988984583,0.17508877368147505,0.0005825832322655768,0.001963861084014171,4.396593727126724e-05,3.786565327210119e-05,0.01750533313163688,5.068993520691038e-11
3546722755435.239,15370563.630352397,0.14298489453887928,0.0019994263774805255,3227.8091996802727,0.17490816537247325,0.0004903329755428252,0.7508220965573783,-2.7755575615628914e-15,-2.4393036479608554e-09,3,0.8443098472073755,8509471.497551253,277.0979844756537,0.17508812656823605,0.0005832272674406341,0.001962228983593977,4.414283226077687e-05,3.719744483283078e-05,0.017504987720149707,5.094628776771901e-11
3546730737840.7095,7982405.470783267,0.14294662059990826,0.001998253226370144,3227.7676516036213,0.1749008618278348,0.00048803776518647986,0.20195484602887093,2.220446049250313e-16,-1.5895273985933045e-10,3,0.8443098472073755,8511194.915149748,277.39422448379185,0.17508778941841682,0.000583562800947195,0.001961610677260834,4.423348006722043e-05,3.6642600187078455e-05,0.017504807418525087,5.107776818238237e-11
3546738720246.1797,7982405.470783267,0.14290907349129603,0.001997103091919846,3227.727033521079,0.1748935151631258,0.00048582536875208914,0.19345054914411164,-6.772360450213455e-15,-5.420324189486792e-10,3,0.8394198424006575,8512893.821632862,277.6851190992694,0.1750874632216176,0.0005838875534947873,0.001961156035787083,4.432272623366014e-05,3.5947107339945804e-05,0.01750462639640642,5.120719635171527e-11
3546754685057.1216,15964810.941566534,0.14283595124600817,0.0019948692789359735,3227.6499310525696,0.17487860943248604,0.00048134089111880605,0.7782120383346969,-5.551115123125783e-16,-1.9603093592834853e-09,3,0.8362126525832548,8516183.04540341,278.257738521569,0.17508680794919226,0.0005845398932698323,0.0019597752066286326,4.449690460671392e-05,3.509412376864769e-05,0.017504261834302842,5.1461308155280976e-11
3546762828861.2817,8143804.159996631,0.14279944121052365,0.0019937546002620774,3227.61148409303,0.17487095042123166,0.0004791615232848851,0.2021741461700685,6.439293542825908e-15,-3.249001068184043e-10,3,0.8362126525832548,8517823.963490194,278.5448319935979,0.17508647264225255,0.0005848736880035569,0.0019592892507986483,4.458422152281967e-05,3.446540105226601e-05,0.01750407496815124,5.1588823936471985e-11
3546766900763.3613,4071902.0799983153,0.1427814103810642,0.0019932039742798216,3227.5923896087206,0.17486710733275967,0.0004780981268876804,0.050600531565367715,3.4416913763379853e-13,-6.870963675797981e-08,2,0.8362126525832548,8518635.780162144,278.68663650317245,0.1750863047285602,0.0005850408415221509,0.0019590964716243294,4.462741892667056e-05,3.410755430808402e-05,0.017503981314512685,5.165190596595081e-11
3546775044567.5215,8143804.159996631,0.14274611003186577,0.001992126312431756,3227.555041593237,0.17485938432733475,0.00047604203237996,0.18912399906887387,9.547918011776346e-15,-3.460114417208615e-10,3,0.8312894304411664,8520233.778598946,278.9642333359005,0.17508598009151372,0.0005853641238698386,0.001958831537458857,4.471221009587404e-05,3.329482674860977e-05,0.017503793408967978,5.177569140062326e-11
3546791332175.8413,16287608.319993261,0.1426777995913382,0.0019900474436378626,3227.4850299006825,0.1748437254330929,0.0004718584012603825,0.7655614449780844,4.440892098500626e-16,-1.1795292520488943e-09,3,0.8281302926580697,8523299.434276659,279.5082865421174,0.17508532811501562,0.000586013351591752,0.001957742907724899,4.487652227628124e-05,3.230458793027076e-05,0.017503415203310967,5.2017306007266685e-11
3546808085839.7803,16753663.938328868,0.14261065152217886,0.0019880056834901704,3227.4164173918693,0.17482744584101564,0.0004678925830064717,0.737860290539764,2.220446049250313e-16,-1.3446428415164746e-09,3,0.8281302926580697,8526321.21039279,280.0450176346907,0.17508465434361484,0.0005866842490369235,0.0019572264031403825,4.503883006203699e-05,3.0779332605988546e-05,0.017503023464802012,5.225620024988415e-11
3546825639401.0654,17553561.284796763,0.14254329003666869,0.0019859716358165357,3227.3528623702214,0.17481013260303999,0.00046371218627461446,0.8488434167282927,3.1086244689504383e-15,-1.1072028849312687e-09,3,0.8200634862273469,8529328.675356293,280.5922794620043,0.17508397047026758,0.000587365418520703,0.0019562021153969487,4.520221929618754e-05,2.9769572918316886e-05,0.01750261013421258,5.2498723771223045e-11
3546842786630.422,17147229.356702007,0.1424806881673271,0.0019840868241010373,3227.295605946178,0.17479304621276573,0.00045997307193872285,0.7370169423929129,1.1102230246251565e-15,-6.836998744930156e-10,3,0.8200634862273469,8532132.197692472,281.1035040803485,0.1750832994334463,0.000588033772054654,0.0019558275821734165,4.535488509935815e-05,2.825929465326014e-05,0.017502203739706176,5.2725637137081286e-11
3546847280678.7593,4494048.337016725,0.14246468625262632,0.001983604863795404,3227.2808321570647,0.17478854883722889,0.00045903090359256983,0.05299548669476447,3.554934124849751e-13,-6.634086380241655e-08,2,0.8200634862273469,8532851.68517251,281.2340934336929,0.17508312322601122,0.0005882092714348778,0.001955791454814311,4.539398864940108e-05,2.7813461765558106e-05,0.017502096938193188,5.278375956104228e-11
3546856268775.4336,8988096.67403345,0.14243328321084672,0.001982661771945963,3227.2528725920824,0.17477947652399228,0.00045702589763354975,0.2320047544487544,-8.326672684688674e-15,-1.3031142831465559e-10,3,0.8170004050705907,8534244.114752052,281.49347187435586,0.1750827701275933,0.0005885609439365818,0.001955260160254154,4.547054988112832e-05,2.7401664590297007e-05,0.01750188272067414,5.2898504586288346e-11
3546873063071.3774,16794295.944000456,0.14237708511138597,0.0019809811145480687,3227.205459459747,0.17476238351887544,0.00045356565777555875,0.6982158776483709,1.5543122344752192e-15,1.889977063740389e-10,3,0.8120129487556025,8536736.327550558,281.96256637252145,0.17508213198310735,0.0005891967082478059,0.0019548235308929963,4.560841018865123e-05,2.6157636760733182e-05,0.01750148040382178,5.3105658101246654e-11
3546882107465.007,9044393.62921913,0.14234792190775075,0.00198010958731701,3227.1809806879364,0.17475312504195345,0.0004518086492225181,0.20064281710586473,5.995204332975845e-15,-3.734901277141489e-10,3,0.8120129487556025,8538037.390436891,282.2063527539141,0.17508178744279015,0.000589539955022301,0.001954774722871537,4.568019657581738e-05,2.5334917659062337e-05,0.01750126296988935,5.3213577810113666e-11
3546900196252.265,18088787.25843826,0.1422920164813592,0.0019784469072466134,3227.1370803894793,0.1747343778022314,0.000448202154511613,0.8119619130704395,-3.6637359812630166e-15,7.138272195561512e-10,3,0.8089978368075058,8540492.130067755,282.68206244730374,0.1750810959272022,0.0005902288503227151,0.0019540733185435316,4.581779049582798e-05,2.437364212564439e-05,0.01750082590057053,5.3422569735043754e-11
3546918263172.678,18066920.412852693,0.14223939036022906,0.0019768831876265215,3227.0960466262177,0.17471548538782064,0.00044494352139055876,0.725933604166229,6.661338147750939e-16,7.129341561551428e-10,3,0.8089978368075058,8542810.946905542,283.1320954068124,0.1750804025909023,0.0005909195325924831,0.001954003763730223,4.594788098746568e-05,2.2879477516777644e-05,0.017500387041387417,5.3620477880540084e-11
3546937347558.612,19084385.933661688,0.14218681652329407,0.0019753318779246105,3227.05920462717,0.17469526627046011,0.00044144563942122674,0.8575557888188803,-8.881784197001252e-16,1.4037520035259377e-09,3,0.8010121868125437,8545094.699843056,283.5914746984409,0.1750796943337255,0.0005916252854771439,0.0019534029172542464,4.607806748654185e-05,2.192901449126096e-05,0.01749992100231584,5.382089860408325e-11
3546955895234.938,18547676.326489042,0.14213897489882393,0.001973923380299468,3227.0267371350337,0.17467544910073984,0.00043839416243877396,0.723073836122654,-2.220446049250313e-15,1.4182899299441942e-09,3,0.8010121868125437,8547180.856665798,284.0123682279004,0.17507900352609349,0.0005923136267359128,0.001953464099941144,4.6197095098729806e-05,2.0459334362872888e-05,0.017499465891271368,5.400455381380237e-11
3546975526156.795,19630921.85696466,0.14209124149367702,0.001972527422330673,3226.997941770107,0.17465421054731314,0.000435097449369263,0.8613422723495727,4.440892098500626e-16,2.046805613886704e-09,3,0.7980928080699032,8549221.720222326,284.44155604738853,0.17507826980262425,0.0005930447051835484,0.0019529863408604767,4.631577315403141e-05,1.9541135660295363e-05,0.017498981900737995,5.419009802876948e-11
3546994563017.0938,19036860.29912838,0.14204816289264294,0.0019712702296380974,3226.972842926663,0.17463345118370505,0.00043224991494189883,0.7180152436595542,-1.6653345369377348e-15,1.7910410932131526e-09,3,0.7980928080699032,8551069.514384678,284.83148197678827,0.1750775559475639,0.0005937559631075827,0.0019531754418340517,4.642327717112718e-05,1.80948421626511e-05,0.01749851055226225,5.435860877046953e-11
3547014782544.476,20219527.382788505,0.14200536997768728,0.0019700331730740585,3226.952564432947,0.17461113730969355,0.0004291460860326495,0.8655819695068322,-3.1086244689504383e-15,2.5705251260887962e-09,3,0.7901724973144788,8552866.600293208,285.22946050862225,0.1750768234769507,0.000594485977165757,0.0019528210279579903,4.653008693175621e-05,1.7212199644742145e-05,0.01749800780313647,5.45286798980714e-11
3547034342119.244,19559574.76796998,0.1419671921828696,0.0019689333777712374,3226.9359046596664,0.17458939176335425,0.00042649443964343475,0.8207770671128134,-2.55351295663786e-15,2.2729225168660605e-09,3,0.7901724973144788,8554475.435195193,285.5879417507216,0.17507611280203564,0.0005951942480413973,0.0019531341840961997,4.662575852625305e-05,1.579924835664611e-05,0.017497519647741742,5.4681613549506724e-11
3547053772857.9434,19430738.699138142,0.14193175680448902,0.001967921936725857,3226.924155013423,0.1745675502931493,0.00042375578144164956,0.8653770751734531,-1.2212453270876722e-15,2.5313571239138355e-09,3,0.7873484646144406,8555922.932358967,285.93041556704594,0.17507540486120238,0.0005958997745213534,0.0019528726908891942,4.6714284599154356e-05,1.5049300662399138e-05,0.01749703300176983,5.4825738314783015e-11
3547072571614.6772,18798756.73408619,0.1419001689431815,0.0019670241099702308,3226.915142166157,0.17454628119002913,0.0004214183952810573,0.8262387326873682,-5.329070518200751e-15,2.038334612208814e-09,3,0.7873484646144406,8557213.85629112,286.2393313065785,0.1750747182213247,0.0005965840548240962,0.0019532215411551443,4.679346944098523e-05,1.3802623770381379e-05,0.01749656075045444,5.4955305686095544e-11
3547091184721.1777,18613106.500309557,0.14187091328196963,0.001966201480027388,3226.9103712510105,0.17452500765072396,0.0004189768423180916,0.8643675718206885,-2.55351295663786e-15,2.2285717715675446e-09,3,0.784571918018761,8558364.65661456,286.53475666306485,0.1750740367787644,0.0005972631387538594,0.0019530042946884817,4.686648858023285e-05,1.3197240416210048e-05,0.01749609181514277,5.50773082796787e-11
3547109202951.709,18018230.530733757,0.1418448449836404,0.0019654735756243044,3226.908152732962,0.17450429408111348,0.0004168935599635936,0.823298369543972,-2.4424906541753444e-15,1.7754742120956735e-09,3,0.7794938233624489,8559387.615866598,286.802431080622,0.17507340046484438,0.0005978974292392278,0.001953358462375799,4.6931857729879284e-05,1.2115168435755525e-05,0.017495636739252005,5.5187254481022635e-11
3547118139010.661,8936058.952475885,0.1418327403279717,0.001965136144814207,3226.907336325252,0.17449398782155526,0.00041593810635242435,0.20701804572616136,6.661338147750939e-15,-5.940988812014325e-10,3,0.7794938233624489,8559869.93752595,286.9270981566543,0.17507308449899966,0.0005982123863680676,0.0019536701492773997,4.696223366621111e-05,1.1466050775331959e-05,0.01749541074364047,5.523851159285927e-11
3547135815028.5503,17676017.889092725,0.14181025888702684,0.001964518024277846,3226.909309338645,0.17447342866340032,0.00041386145367593657,0.847042646992058,-7.771561172376096e-16,1.4664696124100374e-09,3,0.7767646164830057,8560709.833145369,287.16823885101905,0.17507245849148528,0.0005988363847732141,0.001953596860904405,4.701816728323299e-05,1.0921218708977713e-05,0.01749496286322126,5.533553820426773e-11
3547153100224.3525,17285195.801628668,0.14179018337615334,0.0019639714687244617,3226.913262120098,0.1744532243391639,0.00041207295844619983,0.8203180181258398,-3.3306690738754696e-15,1.2490555256761127e-09,3,0.7767646164830057,8561455.789148457,287.38835836679243,0.17507184528228667,0.0005994476146466295,0.0019540080180413585,4.7068317647064424e-05,9.963506106504998e-06,0.017494524075290695,5.54234085627728e-11
3547170276368.947,17176144.594590805,0.1417715387708465,0.001963473161270097,3226.920723861562,0.174432974112818,0.0004101324743398249,0.8624793299656044,-7.771561172376096e-16,1.2030947349472854e-09,3,0.7740825869148729,8562099.132340545,287.6024117292496,0.17507123497151295,0.0006000559446074071,0.0019538582365438016,4.711453554232126e-05,9.614980233242762e-06,0.01749408726972592,5.5506948940093254e-11
3547186921754.118,16645385.171015384,0.1417549383805441,0.0019630348965796567,3226.929569657348,0.1744132591265416,0.0004084796645973669,0.8183203935573655,3.1086244689504383e-15,9.788780896968774e-10,3,0.7740825869148729,8562661.120628877,287.79807624974524,0.17507064264959613,0.000600646334066472,0.001954206494478418,4.715589108923563e-05,8.828457683777925e-06,0.017493663312743404,5.558253273007134e-11
3547195202027.498,8280273.38061772,0.14174723811417927,0.0019628322215261436,3226.9339210111916,0.17440342658516067,0.00040772094446502884,0.2065327426534766,2.4424906541753444e-15,-5.394548141524069e-10,3,0.7740825869148729,8562925.824345142,287.88946856066656,0.17507034774757443,0.0006009402709874524,0.0019545035429513443,4.717505556962004e-05,8.328734192590432e-06,0.017493452245442426,5.561778621957378e-11
3547211600097.232,16398069.733392283,0.141732890299688,0.001962462067011443,3226.94509660081,0.17438381009697923,0.00040601482719898043,0.8467122084357663,-1.1102230246251565e-16,5.968805449896308e-10,3,0.7714475564995148,8563365.495608715,288.06845169169833,0.17506976307445474,0.0006015230226766764,0.001954456695149931,4.7210258875709745e-05,8.005427546559019e-06,0.01749303375529731,5.568504711980454e-11
3547227638729.4053,16038632.17386258,0.14172013557596136,0.0019621386397741464,3226.9573349718444,0.1743645456149951,0.0004045498649542898,0.8160394846619055,-1.2212453270876722e-15,5.304683359241835e-10,3,0.7714475564995148,8563744.934236094,288.23292961666516,0.17506919053653935,0.0006020936704396668,0.0019548492058975193,4.724169244289747e-05,7.2894896226971506e-06,0.01749262397787352,5.5746072312897154e-11
3547235628315.018,7989585.6127822725,0.14171426847938567,0.0019619908368410685,3226.963361125307,0.17435492724586754,0.00040387719886586244,0.2063277784541094,8.881784197001252e-14,-3.644622670329056e-08,2,0.7714475564995148,8563921.9017206,288.30957432323413,0.1750689051332575,0.0006023781289380839,0.0019551558705061564,4.725612067239862e-05,6.835022109484805e-06,0.017492419732464286,5.5774398801873103e-11
3547251458570.109,15830255.090638762,0.14170338269202284,0.0019617242654496195,3226.977688023904,0.17433573773641442,0.0004023338003025254,0.8465166465541907,-1.7763568394002505e-15,2.8750535285837486e-10,3,0.7688593315964262,8564192.569030575,288.4608413508978,0.17506833913339162,0.000602942248219716,0.001955135463130357,4.728236388676541e-05,6.588858147814479e-06,0.017492014691736547,5.582855591459184e-11
3547266943622.22,15485052.111505346,0.14169379875898303,0.001961496011907004,3226.9929450505533,0.17431689794111815,0.00040101094486389815,0.8141407355395647,-2.6645352591003757e-15,1.9324808420151385e-10,3,0.7688593315964262,8564416.458796997,288.60013948515194,0.17506778494318012,0.0006034945896312834,0.0019555252817952304,4.73055928558053e-05,5.970785989380384e-06,0.01749161816337951,5.587761181102474e-11
3547274666433.858,7722811.638128738,0.14168943933125608,0.001961393870280745,3227.0005763649283,0.1743074827843301,0.00040040366912862406,0.20615166297394563,3.8191672047105385e-14,-2.062068427122199e-08,2,0.7637526015904208,8564519.360453233,288.665037269688,0.17506751887508248,0.0006037598465608915,0.001955825487146201,4.7316144846255025e-05,5.568439034928802e-06,0.01749142032729851,5.590031011398607e-11
3547289974648.0625,15308214.204252562,0.14168139019923706,0.0019612135506944716,3227.0180676698233,0.17428869806921155,0.00039898528886866226,0.846319375143287,7.549516567451064e-15,1.0346412615547251e-10,3,0.7612109733569069,8564650.35140298,288.79434385146925,0.1750669910849027,0.0006042860224375364,0.001955813063585228,4.733513679176292e-05,5.4005430531764925e-06,0.017491027924586726,5.5943917795020395e-11
3547304950788.304,14976140.241114676,0.1416743885493687,0.001961064110880036,3227.036331404346,0.17427025914387453,0.00039777181141416215,0.8124308490341757,4.6629367034256575e-15,6.062861324096502e-11,3,0.7612109733569069,8564746.120216135,288.913852637837,0.17506647433940853,0.0006048011817795121,0.0019561920117524712,4.735177514911382e-05,4.87215511098111e-06,0.017490643819696512,5.598340742103538e-11
3547312427647.6216,7476859.317733729,0.14167123978028887,0.0019609988624751037,3227.0453500068074,0.17426103621895628,0.0003972149464458238,0.2059967093182447,2.886579864025407e-15,-1.0627297486465181e-08,2,0.7612109733569069,8564787.782978399,288.9695205791201,0.1750662162374785,0.0006050584897751397,0.0019564829148022342,4.73592214520333e-05,4.51600367448323e-06,0.017490452007795598,5.6001608243497756e-11
3547327253906.4395,14826258.817728568,0.14166543703191667,0.0019608862905892695,3227.065126335993,0.1742426341741065,0.0003958940031944348,0.8462099694773366,-2.1094237467877974e-15,-1.4736106779267288e-08,2,0.7587157180357008,8564804.006366435,289.08134925628826,0.175065704127224,0.0006055690201537907,0.0019564761389423064,4.737241450493582e-05,4.410207683703156e-06,0.01749007148410124,5.6036744095202965e-11
3547341759483.7427,14505577.30348078,0.14166047170292015,0.00196079810977649,3227.0854002042834,0.17422457392514204,0.0003947658713518091,0.8108778382526779,6.661338147750939e-16,-2.6847590817169475e-10,3,0.7587157180357008,8564794.16451271,289.1849920336002,0.17506520277375193,0.0006060688219581529,0.0019568452536581856,4.738377587044584e-05,3.952912186823311e-06,0.01748969905689944,5.6068517765743146e-11
3547349008345.478,7248861.735081542,0.14165828477705422,0.001960761863958345,3227.0953964620617,0.174215532963433,0.00039424835853488265,0.20585950230708402,6.661338147750939e-16,-4.4278207766978994e-09,2,0.7587157180357008,8564785.494692814,289.2332278533953,0.17506495214125192,0.0006063186772634668,0.0019571285521552797,4.738873027834933e-05,3.633367886149263e-06,0.017489512919756086,5.6083082662627606e-11
3547363387285.3057,14378939.827414174,0.1416542860471416,0.001960703327697418,3227.116858746209,0.17419749305758195,0.0003930043208422017,0.8461397030880583,1.0880185641326534e-14,-2.8884272751383833e-10,3,0.7562665972501044,8564708.274835508,289.33080774314936,0.17506445474110843,0.0006068145309139413,0.0019571309815930326,4.739725164031213e-05,3.5724022157318733e-06,0.017489143588456893,5.611132497409318e-11
3547377455802.9263,14068517.620203327,0.1416509655035651,0.0019606643022584904,3227.1386248473923,0.17417979070330522,0.0003919435135464977,0.8094387842080224,1.5543122344752192e-15,-1.7868395651987612e-10,3,0.7562665972501044,8564611.553154247,289.42146311599623,0.1750639678261303,0.0006072999275648905,0.0019574937911928424,4.740433675908362e-05,3.1705672024372456e-06,0.0174887821587712,5.61367864378351e-11
3547384492499.878,7036696.95191226,0.14164955860468975,0.001960651435186364,3227.149356530806,0.17417092194571018,0.00039145702410043026,0.2057359924534808,7.771561172376096e-15,-9.407982171083518e-10,2,0.7562665972501044,8564561.25979335,289.46360033997826,0.17506372421218405,0.0006075427805219973,0.0019577711521115886,4.740726424063932e-05,2.8803392231576217e-06,0.017488601374390383,5.6148367296683334e-11
3547398454775.895,13962276.017194359,0.14164703156065406,0.001960636682061056,3227.172072443085,0.17415322469016611,0.0003902743834264847,0.8461011536244154,4.884981308350689e-15,-1.7967893839454518e-10,3,0.7538633583063363,8564406.966904214,289.54935893126515,0.17506324064025183,0.0006080248382371544,0.0019577851415553977,4.741196771192327e-05,2.8515966765799856e-06,0.017488242602425545,5.617091229261089e-11
3547412115936.123,13661160.227508966,0.14164505926237544,0.0019606376633260767,3227.194944095571,0.17413586065623193,0.00038926727588490335,0.8080789776410873,0,-3.047834207237088e-10,3,0.7538633583063363,8564237.73178945,289.62920331822517,0.17506276729766646,0.0006084966946620479,0.0019581440940228717,4.741553798150208e-05,2.4936254943346493e-06,0.017487891544849,5.6191129957046483e-11
3547418954630.4854,6838694.362661732,0.14164429411257196,0.001960643903182214,3227.2062282859856,0.1741271547833862,0.0003888054999844849,0.20562301590370743,2.220446049250313e-16,4.135936038096588e-10,2,0.7538633583063363,8564152.509881647,289.6662534703295,0.1750625302887617,0.0006087329582251246,0.0019584166974654757,4.741679342977806e-05,2.227261916963783e-06,0.017487715814281612,5.6200224432826e-11
3547432527755.264,13573124.778430015,0.1416429847817503,0.001960665112656026,3227.2298718723687,0.17410978157580528,0.00038767247556156646,0.8460864464783242,-1.1102230246251565e-16,-3.550806315644195e-10,3,0.7515057345027659,8563933.714853128,289.7420489263433,0.17506205973478745,0.0006092020291143823,0.0019584437372076615,4.741833353114272e-05,2.2214316663550524e-06,0.017487367013428158,5.621799073384342e-11
3547445808272.2607,13280516.996505084,0.14164213310945784,0.0019606990879549972,3227.2535549542545,0.17409273726588062,0.0003867087124798573,0.8067798285742253,8.881784197001252e-16,-4.20953272239899e-10,3,0.7515057345027659,8563703.129488476,289.812749618345,0.17506159916887573,0.0006096611398389701,0.0019588006467100385,4.7418975656187445e-05,1.8984974787486082e-06,0.017487025747581833,5.623378815634435e-11
3547452461769.4863,6653497.225635585,0.14164190325483086,0.001960721148136749,3227.265251098732,0.17408418536416956,0.00038626684757715247,0.20551833949239687,4.374278717023117e-14,1.0095064784110264e-09,2,0.7515057345027659,8563588.204713078,289.84548808005854,0.1750613683830641,0.0006098911953823512,0.0019590693888844254,4.741883324022649e-05,1.65181549318971e-06,0.017486854791968636,5.62407805513104e-11
3547465670686.0957,13208916.60922715,0.14164161529471614,0.0019607722808736077,3227.289572046881,0.17406711842267142,0.0003851744461432702,0.8460915228359527,-2.1094237467877974e-15,-3.582684149350257e-10,3,0.7491934454457048,8563314.689106585,289.9127571694335,0.17506091009766328,0.0006103480276667629,0.001959110429846516,4.7417717416815926e-05,1.6619072815688052e-06,0.017486515413249862,5.62544812153709e-11
3547478594807.708,12924121.6118761,0.14164170762517947,0.001960833816647101,3227.3138407309184,0.1740503761442277,0.0003842461191983066,0.8055267369073362,-2.6645352591003757e-15,-2.1217561041453337e-10,3,0.7491934454457048,8563031.565330843,289.9756019501198,0.1750604615729863,0.0006107951269331041,0.0019594666824719804,4.7415888501947e-05,1.367190441614752e-06,0.017486183398372917,5.6266499688585944e-11
3547485074786.28,6479978.571312442,0.1416419302553452,0.00196086914278219,3227.3258400241257,0.17404196968373137,0.00038382049280372675,0.2054203255213256,4.773959005888173e-14,4.768139216793088e-10,2,0.7491934454457048,8562891.081888612,290.00462740605127,0.17506023665559778,0.0006110193285506429,0.001959732259445778,4.741456228733517e-05,1.136939608195146e-06,0.017486016956724058,5.627168963325658e-11
3547497942292.0767,12867505.797474222,0.14164251028576771,0.001960945488069223,3227.350645003726,0.17402519200066108,0.00038276181420194514,0.8461134694205847,1.3322676295501878e-15,-2.397667620002153e-10,3,0.7469261973714338,8562570.555764392,290.06449041409235,0.17505978994218085,0.0006114646176539116,0.0019597878480406682,4.741118800142852e-05,1.1576963104410624e-06,0.017485686486132638,5.628188349654298e-11
3547510532200.69,12589908.612819044,0.14164340810297119,0.0019610303258636133,3227.3753227081497,0.1740087348949221,0.0003818628543222299,0.8043089515344685,-2.4424906541753444e-15,-4.636565575921736e-10,3,0.7469261973714338,8562241.957133798,290.12048163448935,0.17505935277552373,0.0006119003874913771,0.001960144480158479,4.740724791783127e-05,8.859019957569231e-07,0.017485363216587405,5.6290627291329115e-11
3547523166571.9956,12634371.305483209,0.1416448780649333,0.001961129276796768,3227.399287404661,0.17399218434349656,0.00038108031728518907,0.8019143696140224,4.440892098500626e-15,-3.8551650760609846e-10,3,0.7469261973714338,8561919.248098526,290.1681442269712,0.17505891399523463,0.0006123377629986726,0.0019607407526448517,4.740192278622609e-05,3.885804485132006e-07,0.017485038924917158,5.629658826106985e-11
3547535864479.1606,12697907.164733965,0.14164663092447446,0.0019612379875771093,3227.424042703846,0.17397546645757817,0.00038009031965824527,0.866511875101633,3.774758283725532e-15,-4.0893366470839965e-10,3,0.7447036834741265,8561541.154491292,290.2167921114779,0.17505847295134683,0.0006127773921093413,0.001960876009639783,4.7395385216312675e-05,3.620342390833633e-07,0.017484713100407227,5.630174971897353e-11
3547548141341.824,12276862.663769517,0.14164867962280842,0.0019613539709599508,3227.448417441398,0.17395926546130133,0.0003792611797730008,0.8034521099435166,6.8833827526759706e-15,-4.793506702682748e-10,3,0.7447036834741265,8561166.690736001,290.26070932560015,0.17505804648467457,0.0006132024882039082,0.0019612748001911775,4.7388372779447435e-05,7.922707420530946e-08,0.01748439819266167,5.6305418244877575e-11
3547554304735.574,6163393.749206544,0.1416498651964036,0.0019614162476130678,3227.460529916164,0.17395112160522871,0.00037888121179888883,0.2052305601835504,-2.3092638912203256e-14,-1.1773093611111562e-09,3,0.7447036834741265,8560980.865463383,290.28053136434215,0.17505783237316697,0.0006134159108259157,0.0019615485633349894,4.738449510207943e-05,-1.3225941544272074e-07,0.017484240143137063,5.630652405723174e-11
3547566549245.503,12244509.929279879,0.1416523327810378,0.0019615454958642944,3227.485585501497,0.17393486721391094,0.00037791390503759696,0.8460335890344248,-1.2212453270876722e-15,-5.139777492502162e-10,3,0.7425255842393346,8560563.176204821,290.3227921713672,0.17505740698072492,0.000613839932470072,0.001961636737300276,4.737610864269813e-05,-9.118512725878899e-08,0.01748392624520065,5.630872531300084e-11
3547578530164.0156,11980918.512534238,0.14165501178100634,0.001961680562091011,3227.5106228415107,0.17391892619650187,0.0003770943107810713,0.8019030527475246,6.8833827526759706e-15,-3.1375024800439633e-10,3,0.7425255842393346,8560146.705920963,290.3621409195405,0.175056990718928,0.0006142548505586526,0.001961992527379428,4.7367463414331196e-05,-3.119089784310136e-07,0.017483619228629323,5.6309972765862005e-11
3547584550790.639,6020626.623388157,0.14165648684222903,0.001961751739141685,3227.5230948172207,0.1739109053377093,0.00037671858375268145,0.20514173089240545,-1.4988010832439613e-14,-1.5805941000479606e-09,3,0.7425255842393346,8559940.8828358,290.3799785424423,0.17505678153432322,0.0006144633591959226,0.0019622466948619782,4.736284400440799e-05,-4.948994103329588e-07,0.017483464994815994,5.630998987397019e-11
3547596514261.5073,11963470.86795211,0.14165948093234026,0.0019618970059711765,3227.548733320114,0.17389489490242485,0.0003757628223369948,0.8460481581794689,6.217248937900877e-15,-4.914084694718213e-10,3,0.7403915677827015,8559489.569874328,290.418330735117,0.17505636585378156,0.000614877694520829,0.0019623261365732275,4.735313804244036e-05,-4.2907429186754657e-07,0.017483158621055248,5.631017108585176e-11
3547608220090.1846,11705828.67763933,0.14166262248260708,0.001962045956281504,3227.5742033286233,0.17387919348365077,0.00037495335259564395,0.8007735381878417,1.5543122344752192e-15,-3.921558633379618e-10,3,0.7403915677827015,8559041.471923232,290.45420117085683,0.17505595911247687,0.000615283117379873,0.001962669681796044,4.734332187967291e-05,-6.236692049315484e-07,0.017482858978547653,5.630960522740449e-11
3547614106626.4067,5886536.222398532,0.14166431436315108,0.001962123635581819,3227.586875030511,0.1738712876691896,0.0003745821317715468,0.20506108377256385,6.661338147750939e-15,-1.588577935862645e-09,3,0.7403915677827015,8558820.566821704,290.47041387145237,0.1750557545720781,0.0006154869941047411,0.0019629173094068844,4.7338153434519376e-05,-7.936175162820235e-07,0.017482708346559118,5.6308770387509946e-11
3547625805948.725,11699322.3185145,0.14166771893889377,0.001962280870277791,3227.612749833642,0.17385550565619734,0.00037363807089609767,0.8461985748480643,8.215650382226158e-15,-4.3752423906084914e-10,3,0.7383012901935619,8558343.642207582,290.50529018991404,0.17505534805114376,0.0006158921941713503,0.001963006873320631,4.732742037267623e-05,-7.259467355532839e-07,0.017482409079781904,5.630727028981007e-11
3547637252300.0244,11446351.299442248,0.1416712363186901,0.001962440508346212,3227.6383238214703,0.173840029865696,0.00037283870483694533,0.7996613350549734,-3.774758283725532e-15,-4.200662040432235e-10,3,0.7383012901935619,8557870.775437197,290.5378559985262,0.17505495031959778,0.0006162886314111287,0.001963351494377383,4.731664446045093e-05,-9.109297260645695e-07,0.017482116425381087,5.630511371493797e-11
3547643012353.7686,5760053.744213689,0.14167310909582823,0.001962523318246865,3227.6510394000356,0.17383223230595274,0.0003724719287838201,0.20498486786994263,8.43769498715119e-15,-1.4522710811704087e-09,3,0.7383012901935619,8557637.791505022,290.55247790664265,0.1750547501745129,0.0006164881245685521,0.0019635977491029044,4.731101193453074e-05,-1.074374552512613e-06,0.017481969207304437,5.6303510584595854e-11
3547654462423.826,11450070.05723673,0.14167686812922392,0.0019626903365106544,3227.6768886519744,0.17381666533621257,0.00037153927749911727,0.8463331040652576,4.440892098500626e-15,-4.764040273386172e-10,3,0.7362543958830841,8557139.754562655,290.5839156315155,0.1750543523252555,0.0006168846762328807,0.001963703442556805,4.7299379290790394e-05,-1.0130497456892023e-06,0.017481676678992416,5.630045224960033e-11
3547665664021.9893,11201598.163380532,0.14168071955092906,0.0019628590091290434,3227.7023611308628,0.173801401878407,0.0003707496665685847,0.798550953023426,-1.0658141036401503e-14,-4.075784154622397e-10,3,0.7362543958830841,8556645.95582955,290.6131641587966,0.17505396311991062,0.000617272610331439,0.0019640528353560213,4.7287738838162136e-05,-1.1937699302064862e-06,0.017481390647362406,5.629679236727933e-11
3547671304828.2896,5640806.299981347,0.14168275578675668,0.001962946250125535,3227.7150307684146,0.1737937060264854,0.0003703871552269705,0.2049110746414704,1.6653345369377348e-14,-1.2947053429357425e-09,3,0.7362543958830841,8556402.57108372,290.62617970381217,0.17505376713262147,0.0006174679569103482,0.0019642989371120825,4.7281681564811794e-05,-1.3526306920593829e-06,0.01748124666382531,5.6294455706480615e-11
3547682519872.2603,11215043.971266236,0.14168684040174398,0.0019631219238370862,3227.7407179460397,0.17377834110991003,0.0003694654832573093,0.8464604855424771,-3.3306690738754696e-15,-4.4066761351047035e-10,3,0.7342505179366161,8555885.836952891,290.6541911431217,0.17505337748764313,0.0006178563265238501,0.0019644210369557046,4.726921386737408e-05,-1.299056828722235e-06,0.017480960520703737,5.6289902624505635e-11
3547693490718.935,10970846.674538685,0.14169100214251945,0.001963298736454224,3227.765989837467,0.17376327714654433,0.00036868523054623786,0.7974404617259838,8.215650382226158e-15,-5.246870715680529e-10,3,0.7342505179366161,8555373.418215778,290.6801350322045,0.17505299634756016,0.0006182362173769326,0.0019647750859280774,4.7256765195130806e-05,-1.4762931890394397e-06,0.01748068076318825,5.628479743035132e-11
3547704547622.482,11056903.546043968,0.14169553186187325,0.001963484507325358,3227.790747184226,0.17374806629145556,0.00036800592356260137,0.7949012715045096,1.5543122344752192e-15,-5.398996805183742e-10,3,0.7342505179366161,8554875.947340142,290.7000683018992,0.1750526122500626,0.0006186190543191862,0.001965325127626188,4.724348869921245e-05,-1.840564022955876e-06,0.017480398997603196,5.6277870702595616e-11
3547715709042.0684,11161419.586320898,0.14170024650541443,0.001963676470809137,3227.8159377329725,0.17373264708604055,0.0003671286163815142,0.8723551026180607,-1.2212453270876722e-15,-2.0657542343371915e-10,3,0.7322892784698896,8554329.982885826,290.7211299009121,0.1750522245623735,0.0006190054680621087,0.0019655205599773485,4.72293160546901e-05,-1.8440328978228858e-06,0.017480114741088827,5.627039071602e-11
3547726464162.834,10755120.764903493,0.14170499424674704,0.0019638674496973074,3227.840341018858,0.1737177581518072,0.0003663980359392964,0.7968431380050077,-8.104628079763643e-15,-4.1617032042751134e-10,3,0.7322892784698896,8553803.887115423,290.73916894752796,0.17505185102906964,0.0006193777724426348,0.0019659158261702025,4.721530900778862e-05,-2.048320210550764e-06,0.01747984100632757,5.626236011629853e-11
3547731885936.5337,5421773.6993435435,0.14170748508358724,0.001963966114932798,3227.852513288317,0.1737102438342524,0.00036606251815452835,0.2047739234125115,-4.773959005888173e-15,-1.9272035078898853e-09,3,0.7322892784698896,8553544.001276344,290.7465860350915,0.17505166274207726,0.0006195654395199124,0.0019661733459058234,4.7208047947365383e-05,-2.207174715206421e-06,0.017479703074296953,5.62578286679406e-11
3547742669109.469,10783172.93553681,0.1417124919218059,0.0019641651345017556,3227.8772607159362,0.17369524094645133,0.0003651965509842427,0.8465955992758298,2.220446049250313e-16,-4.197308056674842e-10,3,0.7303702889887395,8552983.526670955,290.76384356043565,0.1750512883087246,0.0006199386388425076,0.0019663288571807372,4.719312193101896e-05,-2.1636664301211483e-06,0.01747942889174979,5.624885981200359e-11
3547753216646.9277,10547537.45849438,0.141717546029149,0.001964364824058985,3227.901738974287,0.17368053511748424,0.0003644641908546414,0.7952178139852134,-7.771561172376096e-16,-4.3246506375993476e-10,3,0.7303702889887395,8552434.975836923,290.7792657220382,0.17505092210765757,0.000620303631649072,0.0019666867707686464,4.7178318419087004e-05,-2.321890470130914e-06,0.01747916087541002,5.6239532321394473e-11
3547758539206.612,5322559.6837383285,0.14172017770442794,0.0019644676173208465,3227.9139955496767,0.1736731055433685,0.00036412755936509835,0.20469949340120358,-2.0539125955565396e-14,-1.7869360435796011e-09,3,0.7303702889887395,8552164.128691917,290.7855842714444,0.17505073733059084,0.0006204877986360329,0.001966926382842762,4.71706984216913e-05,-2.4587092875294445e-06,0.017479025688117367,5.623442649072687e-11
3547769126980.685,10587774.073071478,0.14172543739855473,0.0019646740219893787,3227.9388815715706,0.17365827040149617,0.00036326272965852695,0.846564036054826,-4.218847493575595e-15,-2.8274094177049847e-10,3,0.7284931507519965,8551585.56484686,290.80072298378366,0.1750503698165736,0.0006208540980697946,0.0019670700174409593,4.7155158797804826e-05,-2.395939227174079e-06,0.017478756917211923,5.6224414618033923e-11
3547779483582.2275,10356601.542563444,0.141730706890141,0.0019648799134058315,3227.9634387347087,0.17364372856236923,0.00036253132331619335,0.7941189062278877,-8.881784197001252e-15,-4.003661846496698e-10,3,0.7284931507519965,8551020.515209699,290.814296348873,0.17505001038219722,0.000621212343295197,0.0019674137695520253,4.7139833853991203e-05,-2.5337999320339656e-06,0.017478494190231574,5.621417702935015e-11
3547784713405.502,5229823.274933051,0.14173343847573888,0.001964985582560803,3227.975730622354,0.17363637670636103,0.00036219491027874077,0.20463128955585436,-4.3298697960381105e-15,-2.001952159602638e-09,3,0.7284931507519965,8550741.85446356,290.8197595500394,0.17504982889579926,0.0006213932288744688,0.0019676458617558807,4.7131973161613576e-05,-2.660222986438218e-06,0.017478361580396864,5.620864818102404e-11
3547795118439.471,10405033.969748918,0.14173888473440358,0.001965197134160429,3228.000589507437,0.17362169557743765,0.000361333428641033,0.846822536604893,-3.3306690738754696e-16,-3.8755010312030436e-10,3,0.7266574551372055,8550150.331516169,290.8330434307855,0.17504946787150305,0.0006217530568996713,0.0019677935064367135,4.7115997726027195e-05,-2.596316078483626e-06,0.01747809789424725,5.6197801430209606e-11
3547805294737.2803,10176297.809595466,0.1417443198678555,0.0019654073667847694,3228.0250267177526,0.17360730684676395,0.00036060487646115045,0.793035308501366,-7.66053886991358e-15,-2.0058987804105755e-10,3,0.7266574551372055,8549573.794877198,290.84479983608054,0.17504911484337835,0.0006221049140635595,0.0019681351269396383,4.710027832039239e-05,-2.7277039681054875e-06,0.01747784018131012,5.618677838105447e-11
3547810437021.2993,5142284.01873801,0.14174713103297593,0.0019655150986349953,3228.0372509502868,0.17360002741039082,0.000360269530934992,0.20456638318944004,1.1102230246251565e-14,-1.932659809966708e-09,3,0.7266574551372055,8549289.615615606,290.84937549338275,0.17504893647152264,0.0006222826939124479,0.001968364632036516,4.7092226535944404e-05,-2.8494772206311293e-06,0.01747771001461976,5.618086801934243e-11
3547820669513.8223,10232492.523607938,0.14175273366642757,0.001965730501623656,3228.06189353317,0.17358548988052197,0.0003594128233856858,0.8470644449591352,-1.0658141036401503e-14,-2.767561735339541e-10,3,0.7248627840088292,8548688.405564642,290.86070974599244,0.17504858159123668,0.0006226363953579603,0.0019685225229175243,4.707588255212785e-05,-2.791965124655991e-06,0.017477451149759186,5.61692330119597e-11
3547830675634.1006,10006120.278364744,0.14175831416499238,0.0019659441300779535,3228.0860527129234,0.17357124394436477,0.00035868828754688986,0.7919466246496384,-5.10702591327572e-15,-2.01192729143429e-10,3,0.7248627840088292,8548103.395233678,290.87049965213464,0.17504823462582922,0.000622982207113361,0.0019688661103800338,4.70598118575815e-05,-2.9219241446475036e-06,0.017477198189280715,5.615744258970107e-11
3547835735398.2866,5059764.186116115,0.14176119722644698,0.0019660535371603676,3228.0981373184427,0.1735640318007421,0.00035835453599144103,0.20450312673316037,-1.6431300764452317e-14,-2.180902347603819e-09,3,0.7248627840088292,8547815.040081182,290.8741035631933,0.17504805919841057,0.0006231570509008714,0.001969094496480479,4.7051584358466544e-05,-3.040903168991416e-06,0.017477070336361766,5.615115263800623e-11
3547845805243.8467,10069845.560358156,0.14176694530788317,0.001966272210374767,3228.122448727397,0.17354962771408738,0.0003575034938183034,0.8472952522828011,7.105427357601002e-15,-4.183411395075609e-10,3,0.7231087100885986,8547205.848340642,290.88336077469717,0.17504771012696202,0.0006235049600805566,0.0019692634535211973,4.7034890762990194e-05,-2.9911870076890467e-06,0.017476816037817904,5.613872770677287e-11
3547855650974.0957,9845730.248718295,0.14177266393055318,0.0019664888292814653,3228.146245301075,0.1735355145398913,0.00035678372996442387,0.7908506488129696,4.6629367034256575e-15,-3.448628049795843e-10,3,0.7231087100885986,8546614.096999338,290.89106069973974,0.1750473688925942,0.0006238450572500035,0.001969609145382861,4.701848187555413e-05,-3.120259975220349e-06,0.01747656757746575,5.612616606971008e-11
3547860633082.9136,4982108.817768535,0.14177561616984574,0.0019665997462065404,3228.158153041603,0.1735283646775113,0.0003564519239552961,0.20444084857310085,8.659739592076221e-15,-1.8555863512403903e-09,3,0.7231087100885986,8546322.360656371,290.893633690285,0.1750471962449528,0.000624017129210924,0.0019698362729594385,4.701008346903533e-05,-3.2364706333877458e-06,0.017476441913169768,5.6119493593845486e-11
3547870549890.368,9916807.454495864,0.1417815050184828,0.001966821429350953,3228.1820791505324,0.17351408406715643,0.00035560714627812527,0.8475270093101072,-7.216449660063518e-15,-3.5048397517556396e-10,3,0.7213947973276661,8545706.102531098,290.90075075290827,0.17504685265716738,0.0006243595704580891,0.001970014865745761,4.699304820994777e-05,-3.1933802885434693e-06,0.01747619193369315,5.610627907389701e-11
3547880244662.7456,9694772.377487853,0.14178735747729998,0.001967040835289719,3228.205477921684,0.17350009389697155,0.0003548926867106893,0.7897488831290749,1.9984014443252818e-15,-2.672181365070969e-10,3,0.7213947973276661,8545108.774135904,290.9063108397076,0.1750465168344728,0.0006246942715788408,0.001970361340325983,4.697631121324358e-05,-3.3204489433066486e-06,0.01747594773050133,5.6092952945093815e-11
3547885153805.038,4909142.2920745,0.14179037688822554,0.0019671531794128007,3228.2171974535513,0.17349300143612167,0.00035456308032430137,0.20437937686972224,7.993605777301127e-15,-1.829763007776819e-09,3,0.7213947973276661,8544814.230400238,290.9078318822843,0.17504634680800352,0.0006248637299059625,0.0019705865367306906,4.6967747122759926e-05,-3.4333012319717625e-06,0.017475824134277437,5.60859022393174e-11
3547894926843.1963,9773038.158190804,0.1417964016442053,0.001967377711154301,3228.2407268596808,0.17347883458108526,0.0003537249976691385,0.8477684330384466,2.886579864025407e-15,-2.1082779966263843e-10,3,0.7197206012802267,8544191.570575967,290.9128158985631,0.17504600839031365,0.000625201015969916,0.0019707727521070095,4.695038275107777e-05,-3.394984880787211e-06,0.017475578235444537,5.607191532009447e-11
3547904479704.7383,9552861.54190329,0.14180238222397681,0.001967599739124257,3228.2637247043085,0.17346495796281708,0.0003530162389073421,0.788642892679027,1.9984014443252818e-15,-3.4853275820978524e-10,3,0.7197206012802267,8543589.679726036,290.9162508878982,0.17504567767296778,0.0006255306265638126,0.0019711184225635033,4.693333449270916e-05,-3.5186273813932695e-06,0.017475338056322655,5.6057849045826986e-11
3547914161051.9453,9681347.207151525,0.14180843966174886,0.001967825506093989,3228.2873739576294,0.1734508437837094,0.00035213523147129054,0.8541326461722603,-3.4416913763379853e-15,-3.306416251902533e-10,3,0.7180856694782692,8542955.986965012,290.9215105212034,0.17504534258529714,0.0006258645919675432,0.001971259478157499,4.691588482495118e-05,-3.4339160197419014e-06,0.01747509481968366,5.6043775017825906e-11
3547923588966.642,9427914.696780758,0.14181439430058057,0.0019680472504164177,3228.3105361323233,0.1734370685474673,0.0003513926567730511,0.7875436046800732,-3.4416913763379853e-15,-4.1394632166458223e-10,3,0.7180856694782692,8542338.308653234,290.92609521229826,0.17504501634366418,0.000626189740105198,0.0019715662745622064,4.689891322808459e-05,-3.518968115922088e-06,0.017474858123598874,5.602987343584617e-11
3547928369659.6196,4780692.977424415,0.1418174559515175,0.0019681606436705696,3228.3221884695604,0.1734300747908526,0.00035104947855896484,0.20424705358436376,-5.10702591327572e-15,-2.082680805592929e-09,3,0.7180856694782692,8542033.580948742,290.92730644440496,0.1750448509379583,0.0006263545911396281,0.0019717719344693146,4.689025912674717e-05,-3.6112347761628567e-06,0.017474738158859377,5.602259195603424e-11
3547937890065.4785,9520405.858930612,0.141823550950494,0.0019683867281908244,3228.345521789321,0.1734161017322895,0.0003501917636513912,0.8490552234148486,2.220446049250313e-16,-2.9772850851372823e-10,3,0.7164895418071263,8541400.581785822,290.9312277555081,0.17504452161317502,0.0006266828108292631,0.0019719566652233733,4.687280515641949e-05,-3.5698810243784112e-06,0.017474499408647502,5.600816997144475e-11
3547947188931.7764,9298866.297621468,0.14182957556418863,0.001968609304998209,3228.3682105832986,0.1734024242068257,0.00034946653194097455,0.7863889809949994,-3.3306690738754696e-16,-3.249348567990751e-10,3,0.7164895418071263,8540787.268239997,290.9337632483811,0.17504420002835117,0.0006270033157339634,0.0019722936977969127,4.6855715376039335e-05,-3.6843368049743523e-06,0.017474266389246186,5.599372999563761e-11
3547951907647.4243,4718715.648178553,0.14183267841013605,0.001968723170310474,3228.3795782688153,0.17339547515789583,0.0003491311089531323,0.20419494204336996,-2.1094237467877974e-15,-2.483292127486436e-09,3,0.7164895418071263,8540484.937972074,290.93381327444314,0.1750440368652962,0.0006271659306226502,0.0019725104476391603,4.6846977724718616e-05,-3.7872213425535865e-06,0.017474148202632107,5.598613713132829e-11
3547961305828.8955,9398181.471340753,0.14183887220067515,0.001968950448948297,3228.4022581462646,0.17338159111289497,0.0003482900307960035,0.8490920845382688,6.661338147750939e-15,3.011879634584602e-11,3,0.7149317508814936,8539852.506158194,290.93527824025995,0.1750437119684522,0.0006274897352587986,0.001972720666762332,4.682929521062918e-05,-3.7701618430335778e-06,0.017473912965510503,5.5970987776982623e-11
3547970485115.7095,9179286.813983914,0.14184500440907385,0.0019691744229465486,3228.424276846016,0.17336800157797064,0.00034757884897827475,0.7852737120793689,-4.3298697960381105e-15,-5.168551142631372e-10,3,0.7149317508814936,8539242.671347484,290.93511851426103,0.17504339471950764,0.0006278059169768398,0.0019730699100636157,4.681194593982436e-05,-3.895431161297847e-06,0.017473683384083175,5.5955777799004804e-11
3547979807798.766,9322683.057102744,0.1418512403579052,0.001969402544129784,3228.446807361452,0.17335415247342217,0.0003467020499883394,0.8542590477811667,9.325873406851315e-15,-7.315636985083529e-11,3,0.7134118224215905,8538602.435127277,290.9361592826349,0.17504307259793367,0.0006281269541950154,0.0019732452426854167,4.6794136931904556e-05,-3.842642615230965e-06,0.01747345038873505,5.594038356354116e-11
3547988885766.517,9077967.750596035,0.14185737141293062,0.0019696263131810153,3228.46874051683,0.17334063669913596,0.00034596275813265047,0.7841129320986613,-8.881784197001252e-16,-4.655217322735439e-10,3,0.7134118224215905,8537980.181046063,290.936356365762,0.17504275901220312,0.0006284394836007401,0.001973562005921577,4.677678477479959e-05,-3.93563681542429e-06,0.01747322368142312,5.592513936986211e-11
3547993499068.0435,4613301.525849358,0.14186052651493722,0.001969740834651601,3228.4797656141195,0.17333375959951033,0.00034562028143996534,0.2040684580134145,-7.66053886991358e-15,-2.36006847398329e-09,3,0.7134118224215905,8537672.937319351,290.9353543523991,0.17504259967852498,0.0006285982803399306,0.0019737662435765574,4.676792035034063e-05,-4.025353007800356e-06,0.01747310852978796,5.5917170883958937e-11
3548002690145.14,9191077.096686313,0.14186682299629982,0.00196996942273853,3228.5017799170255,0.17332001641770897,0.0003447712866049284,0.8503496008586182,-6.439293542825908e-15,-3.811307935919217e-10,3,0.7119292756291404,8537034.64248811,290.93455263819743,0.17504228231289587,0.0006289145758758352,0.0019739775069054786,4.675002725902849e-05,-4.008028265677087e-06,0.017472879264682106,5.5901283819995224e-11
3548011660511.127,8970365.986669404,0.14187304028196243,0.0019701942079583187,3228.523129865877,0.17330657414761785,0.00034405382119578334,0.7829578132042452,-1.0325074129013956e-14,-4.765549066476638e-10,3,0.7119292756291404,8536419.743074695,290.9322850209999,0.17504197265160917,0.0006292231923995089,0.0019743173021390496,4.673250904641938e-05,-4.12303829534161e-06,0.017472655678969686,5.588540961542952e-11
3548020784473.6074,9123962.480133709,0.14187937177839308,0.001970423343518886,3228.544955097465,0.1732928563122147,0.00034317545301191426,0.8545795730807194,1.1102230246251565e-15,-1.7198975577059628e-10,3,0.7104836235628527,8535776.029293995,290.930945903562,0.17504165777426778,0.0006295370067237656,0.001974503825312299,4.6714522065554666e-05,-4.080425924120367e-06,0.01747242843611985,5.586928987964535e-11
3548029667270.792,8882797.185112404,0.1418855900729745,0.001970647829369273,3228.566156279384,0.17327947084103987,0.00034243494282723894,0.7817678682745444,1.1546319456101628e-14,-3.749953680909357e-10,3,0.7104836235628527,8535151.934160698,290.92874126492364,0.17504135130295995,0.0006298424427699759,0.0019748191190801425,4.669700303014518e-05,-4.171233857503617e-06,0.01747220737000337,5.585334257383919e-11
3548034188154.668,4520883.876292053,0.14188879072673233,0.001970762811862985,3228.576835091834,0.17327264973996337,0.0003420913899860161,0.203949277690252,-2.042810365310288e-14,-2.6388093932183665e-09,3,0.7104836235628527,8534843.759326568,290.926538891823,0.17504119535223017,0.0006299978665043582,0.0019750192357751166,4.6688047371374026e-05,-4.256368067152268e-06,0.01747209491599699,5.584501936756841e-11
3548043197739.4316,9009584.763128737,0.14189518199206294,0.00197099231741832,3228.5981131474778,0.17325901607511612,0.0003412452758156669,0.8514777044343413,-9.992007221626409e-16,-2.164962653594671e-10,3,0.7090743735130888,8534204.07811801,290.9231772374366,0.17504088463840364,0.000630307529821163,0.0019752415454220443,4.666997698929962e-05,-4.2491721753388855e-06,0.0174718709592698,5.5828387347258585e-11
3548051985144.4663,8787405.03476265,0.1419014833530491,0.001971217650153434,3228.6186978068013,0.1732456896617191,0.0003405307549093003,0.7806213720855425,-9.103828801926284e-15,-2.977282864691233e-10,3,0.7090743735130888,8533590.741187878,290.91830623682057,0.17504058167307535,0.0006306094702672768,0.0019755792012273246,4.665230159200827e-05,-4.361495262106821e-06,0.017471652697544984,5.581180181367483e-11
3548060936378.981,8951234.514417484,0.14190791346395784,0.0019714476524692673,3228.639722441236,0.17323207136874838,0.00033965915716503047,0.8548998071950106,3.3306690738754696e-15,-1.9671841933188716e-10,3,0.7077010273754073,8532946.980868794,290.9141908150686,0.17504027314888632,0.0006309169501936751,0.0019757785107079933,4.663412601260471e-05,-4.330802443825272e-06,0.017471430537320944,5.5794893621538636e-11
3548069649381.413,8713002.432487901,0.14191422442384344,0.0019716728074704944,3228.66011053453,0.17321878556996,0.00033892462219833896,0.7793893057930203,2.220446049250313e-16,-2.5802038283728734e-10,3,0.7077010273754073,8532326.273603195,290.9091256242838,0.17503997292241952,0.0006312161599371449,0.0019760926212705355,4.661642690711101e-05,-4.4197580218607656e-06,0.01747121445880558,5.577817987700702e-11
3548074090610.012,4441228.599805999,0.14191747422828369,0.0019717882309627545,3228.670393952643,0.17321200495165506,0.00033858337362103303,0.20383230446769426,6.661338147750939e-15,-2.853493441534738e-09,3,0.7077010273754073,8532019.77486848,290.90548977777627,0.17503981991809206,0.0006313686459434236,0.0019762882439186276,4.6607371279544885e-05,-4.4999571863914525e-06,0.01747110437495788,5.576946828646923e-11
3548082943990.5186,8853380.506638683,0.14192396648081587,0.001972018656064612,3228.6908661237185,0.17319844998949163,0.0003377462413936493,0.8526073750085486,3.3306690738754696e-15,-2.2618307227162404e-10,3,0.706363082022679,8531380.985369273,290.89928906896023,0.17503951499173995,0.0006316725388539541,0.001976517064820589,4.6589103167376074e-05,-4.498353003929098e-06,0.01747088507827762,5.575204137525915e-11
3548091573320.907,8629330.388173124,0.14193035632656592,0.0019722445685998514,3228.71064873537,0.1731852094613351,0.0003370399783674361,0.7782464049154586,-1.3322676295501878e-15,-1.9532808703814908e-10,3,0.706363082022679,8530773.056698434,290.89154909712465,0.1750392178714925,0.0006319686516190903,0.0019768481512542403,4.657126026881702e-05,-4.603526919674667e-06,0.01747067150182433,5.573471655331921e-11
3548100376935.9707,8803615.063626757,0.14193688618767386,0.00197247543552486,3228.730859092198,0.17317166002537818,0.0003361799748938712,0.8552645320322565,-3.1086244689504383e-15,-2.950761857078987e-11,3,0.7050600296754738,8530130.896900533,290.8845706881841,0.17503891484339804,0.0006322706516966852,0.001977053190710115,4.6552892545161414e-05,-4.577699468241944e-06,0.017470453781841765,5.5717019389787106e-11
3548108944420.388,8567484.417807601,0.14194328690121102,0.001972701210403188,3228.750447223215,0.17315844449335444,0.0003354556628597117,0.7769722364662146,-1.0547118733938987e-14,-3.5413449950283393e-10,3,0.7050600296754738,8529516.873148367,290.8765809994714,0.17503862003294907,0.0006325644615315257,0.001977360095106339,4.6535025801770816e-05,-4.658829003605592e-06,0.017470242069189124,5.5699566567209734e-11
3548117692104.3115,8747683.923104446,0.14194982213322266,0.001972931919901994,3228.7705172340698,0.17314490951663705,0.00033458111432209126,0.8559703937847679,-5.218048215738236e-15,-2.580451408107365e-10,3,0.7037913582704274,8528871.840927783,290.8693551623513,0.17503831911478723,0.0006328643578641484,0.0019775539713629132,4.6516673917619124e-05,-4.621995779141794e-06,0.017470026071302217,5.568178787461627e-11
3548126201646.977,8509542.664938187,0.14195621449306325,0.001973157168447827,3228.7899705500886,0.17313171283478887,0.0003338450357631731,0.7756951791277559,-8.881784197001252e-16,-2.2963664303432552e-10,3,0.7037913582704274,8528254.549992306,290.86129181683043,0.1750380264780992,0.0006331560003829713,0.00197784866828016,4.64988597390521e-05,-4.691444168021816e-06,0.017469816118812157,5.566431311244018e-11
3548134897319.648,8695672.670892853,0.1419627402783317,0.0019733872906887713,3228.8098929774146,0.17311818619685712,0.00033296165770887196,0.8566051388629896,2.220446049250313e-16,-1.3375911489532655e-10,3,0.7025565518262962,8527608.91382126,290.8538583641901,0.17503772753317812,0.0006334539292319141,0.0019780411019548164,4.6480577283256295e-05,-4.6537556195337174e-06,0.017469601739926992,5.5646510852678214e-11
3548143353132.358,8455812.70913786,0.14196911496585427,0.0019736116358396987,3228.82916335612,0.17310500206630386,0.0003322186307539712,0.7744245406412922,5.10702591327572e-15,-3.7204195280082786e-10,3,0.7025565518262962,8526991.764316067,290.84558564946644,0.175037436923346,0.0006337435508735748,0.0019783314948811745,4.646284924915024e-05,-4.7198034124354116e-06,0.01746939343774133,5.562903057626461e-11
3548152000985.6055,8647853.24708884,0.1419756261905552,0.0019738408502683884,3228.8488654088897,0.17309147751986317,0.00033133079327113564,0.85720497299067,-2.1094237467877974e-15,-3.1653402121634144e-10,3,0.7013550908074196,8526347.742220374,290.8377748937199,0.17503713980582986,0.0006340396576121886,0.0019785279208356958,4.6444650904641314e-05,-4.687014956118259e-06,0.017469180569391143,5.561119306771105e-11
3548160407355.186,8406369.580907095,0.14198198216536723,0.0019740640684534475,3228.8678734625414,0.1730782997610287,0.0003305845066548357,0.7731448200279595,1.9984014443252818e-15,-4.0413816737583375e-10,3,0.7013550908074196,8525733.480103124,290.82905159520834,0.17503685107392003,0.000634327406837867,0.001978817866963966,4.642701100294094e-05,-4.753742916837527e-06,0.017468973807042366,5.559367656281818e-11
3548169011754.6343,8604399.448519986,0.14198848075274828,0.0019742922383121997,3228.8872775774257,0.1730647709947832,0.00032969555743854527,0.857775581847059,3.552713678800501e-15,-1.9935753048372362e-10,3,0.7001864524843141,8525092.613462782,290.8206455143232,0.1750365556327639,0.0006346218420319485,0.0019790201382335637,4.640888724844716e-05,-4.727844345595032e-06,0.01746876233761544,5.557576205387999e-11
3548177373101.373,8361346.73847663,0.14199482216667375,0.001974514181137685,3228.9059156896155,0.17305159337706774,0.0003289488474684612,0.7718487931776671,8.881784197001252e-15,-1.8705281767950055e-10,3,0.7001864524843141,8524483.129344013,290.8112386672764,0.17503626862610383,0.0006349078710311842,0.0019793104988834417,4.6391320746678854e-05,-4.796262187575527e-06,0.01746855700234773,5.55581640936168e-11
3548185938599.5776,8565498.2042076,0.14200131376006625,0.0019747411574167137,3228.9248970556173,0.17303805391739618,0.00032806137051915164,0.858328324405272,-4.773959005888173e-15,-2.7073898678509067e-11,3,0.6990501112911283,8523846.274324441,290.80205353838284,0.1750359747047257,0.0006352007907683911,0.0019795180392713323,4.637325167865824e-05,-4.776826314500328e-06,0.01746834681651826,5.5540127287671224e-11
3548194259463.423,8320863.8451318275,0.14200764680954042,0.0019749619503920523,3228.943146384733,0.17302487011368586,0.00032731644340550244,0.7705371191297529,2.220446049250313e-15,-6.758207327095533e-10,3,0.6990501112911283,8523242.763944434,290.79179071391025,0.17503568926735613,0.0006354852550094368,0.001979807842287473,4.6355739368333484e-05,-4.8458363730075834e-06,0.017468142793381308,5.552240830396245e-11
3548202790742.3774,8531278.954614816,0.14201413726697762,0.0019751880229522296,3228.961757171587,0.17301131335241665,0.00032643245915245155,0.8588771441140264,-6.5503158452884236e-15,2.566391543723512e-11,3,0.6979455391796965,8522610.339101044,290.7817114911663,0.17503539670548693,0.0006357768190528682,0.0019800188623842383,4.6337706582993463e-05,-4.830783927804442e-06,0.017467933773286853,5.550421700520104e-11
3548211075715.985,8284973.607320322,0.14202046675124,0.001975407843059354,3228.9796357626587,0.17299811699303172,0.0003256910546098896,0.7692087845151407,1.532107773982716e-14,-6.005789199292622e-10,3,0.6979455391796965,8522013.595583605,290.770496101033,0.17503511268026606,0.0006360598751812383,0.0019803063695871194,4.632023421143701e-05,-4.898471041380796e-06,0.017467730946558343,5.5486354382365204e-11
3548219577528.451,8501812.466517612,0.1420269599475476,0.0019756331380623004,3228.997883718604,0.17298453623334803,0.0003248121617862047,0.8594322690617723,1.4210854715202004e-14,-2.667585041749021e-10,3,0.6968722059699355,8521385.795813615,290.75947891928035,0.17503482131573808,0.0006363502451857235,0.0019805186328566006,4.630222621764174e-05,-4.885439326277101e-06,0.017467522973038715,5.5467994892129033e-11
3548223704373.919,4126845.467893634,0.14203011554076508,0.001975742513840906,3229.0067027827245,0.172977933859964,0.00032442365788639874,0.20414395309560543,-1.176836406102666e-14,-7.787618105936644e-09,3,0.6968722059699355,8521084.60184574,290.75386745924976,0.17503467991350682,0.000636491164648354,0.0019806480904038604,4.6293505815095184e-05,-4.905521103926286e-06,0.017467422070073773,5.545905145904622e-11
3548231924764.559,8220390.639722921,0.14203637911128775,0.0019759598551708805,3229.0243010651243,0.17296474765954292,0.0003235260579521157,0.8078151282023706,-3.885780586188048e-15,-2.708075985680125e-10,3,0.6958295796963349,8520472.004780248,290.7435708872817,0.1750343983276402,0.0006367717888176523,0.001980826172410973,4.6276119910982465e-05,-4.866261798747183e-06,0.01746722120862806,5.544135259056579e-11
3548240156264.4062,8231499.847229367,0.14204266022690074,0.001976177519253384,3229.0418252342497,0.17295151088940328,0.0003227496696094435,0.7647036671709672,-7.549516567451064e-15,-4.639622019908529e-10,3,0.6958295796963349,8519869.934187474,290.73244554989947,0.17503411645017977,0.0006370527032203336,0.001981083496644779,4.625879447934229e-05,-4.905921967859823e-06,0.01746702022890367,5.542354958246541e-11
3548248628048.8584,8471784.451996112,0.14204911109933183,0.001976401033148111,3229.0598027762394,0.17293784792617217,0.00032184180658158913,0.8597734060957579,-1.1324274851176597e-14,4.306111023311132e-12,3,0.6948171269502986,8519241.61523859,290.721396862738,0.1750338264382529,0.0006373417239169259,0.0019812826409398997,4.624094882456848e-05,-4.881552386546114e-06,0.017466813540930486,5.5405264575729376e-11
3548256850956.324,8222907.465439362,0.142055385279921,0.001976617922522654,3229.0770761116264,0.17292455388881883,0.0003210822860256024,0.7649284352722339,-1.6653345369377348e-15,-3.1742231065834403e-10,3,0.6948171269502986,8518651.153352726,290.70934413189764,0.17503354503608615,0.0006376221639216166,0.0019815499015276338,4.622370290110903e-05,-4.931923617598152e-06,0.01746661307954448,5.5387384884423047e-11
3548265312654.1,8461697.776000576,0.14206183200182784,0.001976840532030296,3229.0947179272193,0.17291083493165177,0.00032019237194865944,0.8623051908255392,2.220446049250313e-16,-1.6167622796103842e-11,3,0.6938343132181051,8518031.123682125,290.69731125159683,0.17503325555659022,0.0006379106532692915,0.001981759157353975,4.6205920005803686e-05,-4.91856995470435e-06,0.01746640695566824,5.53689742359292e-11
3548269413179.6597,4100525.559165153,0.14206495709108183,0.001976948314703871,3229.103214904486,0.17290417626696358,0.00031980021906615716,0.20406007533897705,5.329070518200751e-15,-8.78882844279616e-09,3,0.6938343132181051,8517735.995947054,290.69115414858146,0.17503311530361568,0.0006380504264072487,0.0019818836334997603,4.619732937863695e-05,-4.9352634358516895e-06,0.0174663071163307,5.536002691506977e-11
3548277582821.3867,8169641.727989532,0.14207116022200528,0.0019771623471395764,3229.1201128500297,0.172890875902143,0.0003189033074125768,0.806082183147554,3.3306690738754696e-15,-2.948257193935433e-10,3,0.6928806032142578,8517135.292676587,290.67964661675705,0.17503283594958796,0.0006383288244011535,0.0019820658097920224,4.618021069725942e-05,-4.90340731014777e-06,0.0174661083305841,5.534229188259551e-11
3548285772292.584,8189471.196795275,0.14207738132876982,0.001977376634728651,3229.136904393138,0.17287750994776815,0.00031812837110558814,0.7602003734434636,-1.3322676295501878e-15,-2.0857471305646413e-10,3,0.6928806032142578,8516551.113954328,290.66702718566154,0.17503255600670278,0.0006386078088948987,0.00198231528557938,4.6163143081201237e-05,-4.938595526293417e-06,0.017465909212666435,5.532443815868766e-11
3548294225749.2344,8453456.65042428,0.14208378711996136,0.0019775971235027096,3229.1541223975373,0.1728636740373991,0.00031722730287180934,0.8622094370744738,4.218847493575595e-15,-9.37878663620495e-11,3,0.6919554612100086,8515937.044825278,290.65440712878114,0.17503226713455186,0.0006388956917270604,0.0019825168520706984,4.614551949068726e-05,-4.919673261949649e-06,0.0174657038329328,5.5306031108865535e-11
3548298322508.623,4096759.3889819058,0.1420868904394375,0.0019777038360536425,3229.1624187383663,0.17285695802822376,0.0003168306690612981,0.20398539498376125,1.709743457922741e-14,-9.124768718393739e-09,3,0.6919554612100086,8515645.54465504,290.64796675694475,0.17503212716814753,0.0006390351786727811,0.0019826356115701777,4.613701101602454e-05,-4.93172021940582e-06,0.017465604348028754,5.5297095722279825e-11
3548306486140.8276,8163632.20463267,0.14209304900020348,0.001977915695207364,3229.178913903113,0.17284354107955838,0.0003159305461100256,0.8050982407457148,6.8833827526759706e-15,-2.3126400794382107e-10,3,0.6910583513568411,8515052.134728089,290.6358754250749,0.1750318483340699,0.0006393130573029546,0.001982815058729463,4.612006892687255e-05,-4.899308242699415e-06,0.017465406230799348,5.527938580430879e-11
3548310580363.936,4094223.1086340128,0.1420961336731878,0.00197802177109177,3229.187157619622,0.1728368010906584,0.00031552016939426057,0.2034005757947004,2.1760371282653068e-14,-9.207409945588552e-09,3,0.6910583513568411,8514758.273506759,290.6296412362879,0.17503170852106906,0.0006394523911178622,0.0019829256010949325,4.611161003477022e-05,-4.903774732611631e-06,0.01746530691709111,5.5270508266905944e-11
3548318750662.473,8170298.537064316,0.14210225878367097,0.001978232574017265,3229.2035925962464,0.17282331625066064,0.0003145968653203117,0.8026321007928742,8.215650382226158e-15,-2.6573421241238293e-10,3,0.690188738004713,8514163.701652328,290.61786628987767,0.17503142959198767,0.0006397303639190569,0.001983096445623763,4.609477059322427e-05,-4.863816353561702e-06,0.017465108855457982,5.525291987847789e-11
3548322854519.0728,4103856.5994496425,0.14210532955465585,0.0019783382366059866,3229.2118210134913,0.17281653138231845,0.0003141755887067074,0.20331766236922602,1.3988810110276972e-14,-9.601281991677979e-09,3,0.690188738004713,8513867.64722613,290.61185250703744,0.17503128951647068,0.0006398699590944919,0.001983202639458484,4.608635505540466e-05,-4.864347608369856e-06,0.01746500941681249,5.5244099686758725e-11
3548331045711.574,8191192.5013796175,0.14211142535512225,0.00197854816683218,3229.2282237792583,0.17280295351905411,0.0003132350948168068,0.8024562774439385,5.995204332975845e-15,-1.2254353087826075e-10,3,0.6893460860148611,8513272.413438642,290.60037736165077,0.17503101000618435,0.0006401485105920513,0.0019833710369605863,4.60696171685471e-05,-4.82281490176326e-06,0.01746481106486072,5.5226631001824056e-11
3548339275315.8496,8229604.275576777,0.1421175370919223,0.00197875837508481,3229.244552886706,0.17278927561191787,0.0003124241740743445,0.7534422189880291,3.3306690738754696e-15,-1.8385137856569145e-10,3,0.6893460860148611,8512694.301873313,290.58784588263006,0.17503072927357513,0.0006404282798727225,0.0019835988075639684,4.605293171497465e-05,-4.8403772700846095e-06,0.01746461192949824,5.520906714458001e-11
3548347808212.506,8532896.656038921,0.14212384840487968,0.0019789752265638298,3229.2613187027778,0.17277505308611268,0.000311497478861446,0.8680013652268395,-4.107825191113079e-15,6.554845555228894e-11,3,0.6885298610669824,8512089.971858492,290.57499888913003,0.175030438289305,0.0006407182652691139,0.0019837965963168894,4.603567508231582e-05,-4.821314562173073e-06,0.017464405610050682,5.5190894591022446e-11
3548351929650.7383,4121438.2321160017,0.14212689251031183,0.0019790796932630016,3229.2693514866155,0.17276817204686887,0.00031109218502910907,0.20389599954826268,-8.659739592076221e-15,-9.56494361492588e-09,3,0.6885298610669824,8511806.358909216,290.56838893173,0.17503029777040385,0.000640858301696207,0.00198390970018519,4.60273787901217e-05,-4.8299517400976275e-06,0.01746430600306196,5.518210760896903e-11
3548360144260.7935,8214610.054688749,0.14213293190967058,0.001979286860072094,3229.285246526272,0.17275442299861107,0.000310186475068519,0.8040040448665208,-3.9968028886505635e-15,-4.967115607712458e-11,3,0.687739529960612,8511229.805375738,290.5557685751107,0.1750300177735101,0.0006411373369172808,0.0019840919435895653,4.601087386701332e-05,-4.805028352814013e-06,0.0174641075973069,5.5164665142317896e-11
3548364266852.729,4122591.9355016584,0.14213595710113683,0.0019793905371583553,3229.293167675338,0.172747511297717,0.000309774490738881,0.20320187428806302,1.2434497875801753e-14,-9.788577060021453e-09,3,0.687739529960612,8510947.67922193,290.5491127827365,0.17502987728170277,0.0006412773460869562,0.001984199742566878,4.6002630509248664e-05,-4.809150252585852e-06,0.01746400807050783,5.515591272052715e-11
3548372497784.545,8230931.816288004,0.14214196657734818,0.001979596471598575,3229.3088912584603,0.17273367717092555,0.00030885822953367,0.8007445436884405,-1.199040866595169e-14,-4.131979203236824e-10,3,0.6869745609105296,8510374.040212974,290.5364151839549,0.17502959686093644,0.0006415568032128123,0.001984375512365859,4.598621581779003e-05,-4.7789856287774274e-06,0.0174638094852358,5.513853061807515e-11
3548376636966.5547,4139182.0101543604,0.14214498178887905,0.00197969973185068,3229.3167514140687,0.1727267083663892,0.0003084409581336315,0.2031114565897779,1.7985612998927536e-14,-9.786563559543993e-09,3,0.6869745609105296,8510092.644210573,290.5297411370754,0.17502945587032312,0.0006416973092169447,0.0019844795357351393,4.59780039543903e-05,-4.779748754624477e-06,0.017463709665537213,5.5129799112873514e-11
3548384902860.388,8265893.833544176,0.142150970621106,0.001979904856306986,3229.332370538262,0.172712756695681,0.0003075177125614691,0.8004625947526707,-8.881784197001252e-16,-2.006528276865538e-10,3,0.6862344238360308,8509521.127267214,290.51701222380507,0.17502917439119078,0.0006419778205538829,0.0019846511693475018,4.5961660461056e-05,-4.746257928048377e-06,0.017463510450907663,5.511246910859416e-11
3548389060356.1533,4157495.765372091,0.1421539749951075,0.0019800077094846904,3229.3401834788065,0.172705727315745,0.0003070976041456662,0.20305439997014924,-1.1102230246251565e-14,-9.396458500177118e-09,3,0.6862344238360308,8509241.247930743,290.51031969048285,0.17502903284346708,0.000642118881492152,0.0019847524196375667,4.5953485923323916e-05,-4.744655049130416e-06,0.01746341029697931,5.510376799744558e-11
3548397363988.7036,8303632.550297328,0.14215994107197716,0.0019802119983749478,3229.3557118062504,0.17269165241028828,0.0003061718658734951,0.8002976563370977,-1.3322676295501878e-15,9.491807340111791e-11,3,0.68551859064391,8508672.850271987,290.4975601498033,0.17502875021218942,0.0006424005404871061,0.0019849213149289225,4.593722411223235e-05,-4.709261467473013e-06,0.017463210386657477,5.508650456926742e-11
3548399452442.4834,2088453.7799915983,0.1421614380499538,0.0019802632478292644,3229.3596032566934,0.17268810802738654,0.00030595501213641043,0.4073894940836986,4.662807917554801e-10,2.884812388970204e-10,3,0.68551859064391,8508532.304131696,290.49427214295633,0.17502867838127964,0.000642472114588126,0.0019849690899424997,4.593315156745471e-05,-4.705786107704423e-06,0.017463160122723184,5.5082171938977114e-11
3548400924865.0654,1472422.5821802816,0.14216249257759056,0.0019802993420295015,3229.3623411284307,0.1726856078134921,0.00030580695140794683,0.20236794823214055,3.3583180680807345e-10,-1.060117660323101e-09,3,0.68551859064391,8508434.444194721,290.4919044896896,0.1750286270568169,0.0006425232468749675,0.001985004215417179,4.593028555948538e-05,-4.704817643511693e-06,0.01746312469010425,5.5079118370204e-11
3548403869710.2295,2944845.1643605633,0.1421645956049935,0.001980371346987315,3229.3678100199954,0.1726806029773677,0.0003054517392956972,0.803395744652935,-6.7832406358547814e-12,5.892542009888757e-10,4,0.6848265355050108,8508232.215479538,290.4874702040912,0.17502852225645524,0.0006426276277385867,0.001985055420624688,4.592454832912154e-05,-4.68401857777316e-06,0.017463053840173902,5.5073033449633134e-11
3548406826634.5615,2956924.3322143136,0.14216670079848293,0.001980443447002194,3229.373292355857,0.17267557201910264,0.0003051151308196924,0.8067809856293628,-5.667910585316349e-12,-1.6097012611737682e-10,4,0.6848265355050108,8508028.418756481,290.48310861482213,0.17502841455930357,0.0006427348633069521,0.0019851124737920575,4.591880885551853e-05,-4.668971734141372e-06,0.017462982717261922,5.506694684000868e-11
3548409789452.009,2962817.447272166,0.14216880503613888,0.0019805155157412956,3229.3787720915866,0.17267052576174255,0.000304796931419851,0.8064435139121251,-4.674038933671909e-12,1.46832768166405e-10,4,0.6848265355050108,8507827.310598206,290.4786553553795,0.17502830417893459,0.0006428447407098362,0.0019851750679167014,4.591307977544014e-05,-4.659497123799053e-06,0.017462911470424197,5.506086359500552e-11
3548411274123.7095,1484671.7007956794,0.14216985813181796,0.0019805515852694988,3229.3815149320812,0.1726679954953467,0.0003046432359179514,0.20284904755918376,2.871651805236297e-10,-3.4377833912913047e-10,3,0.6848265355050108,8507727.942534508,290.4763742355181,0.17502824809461168,0.0006429005603154653,0.0019852081308640497,4.591021573500803e-05,-4.65648996798706e-06,0.01746287577415609,5.5057818487102696e-11
3548414240911.2983,2966787.58897773,0.14217195610745742,0.001980623711569751,3229.387088191445,0.17266293479786424,0.000304277993347372,0.8025010095336071,-3.1719071813540722e-12,8.214007252149713e-11,4,0.6841577351242072,8507525.61746195,290.47202831929764,0.17502813386869273,0.0006430142218538695,0.0019852569533195343,4.590449274948548e-05,-4.633186704306331e-06,0.017462804458394984,5.5051759634228224e-11
3548417221528.265,2980616.966741132,0.14217405663056334,0.001980695957432185,3229.392680543905,0.17265784465691808,0.0003039319554774925,0.8049637875706672,-2.370104112969784e-12,1.0097744862491709e-10,4,0.6841577351242072,8507319.928803544,290.4678219351963,0.17502801664083822,0.0006431308420442714,0.0019853115581073984,4.589876624007899e-05,-4.615545634208206e-06,0.017462732827867117,5.504569977457336e-11
3548420211454.7275,2989926.462831862,0.14217615777844048,0.001980768237641439,3229.3982790884047,0.17265273309207632,0.00030360474923058747,0.8044565749654176,-1.5897283489607617e-12,-1.2679723937480958e-10,4,0.6841577351242072,8507116.667282965,290.4635315262893,0.1750278965753785,0.0006432502571882426,0.0019853717989146546,4.5893046041772373e-05,-4.603506236724001e-06,0.01746266099150034,5.50396404214321e-11
3548423211665.1377,3000210.410102264,0.14217826137333114,0.001980840592924006,3229.4038797281364,0.17264759873760532,0.00030329535135767985,0.8038569881962943,-9.550138457825597e-13,5.257327906349474e-10,4,0.6841577351242072,8506917.732622167,290.4590499306747,0.17502777362458152,0.0006433725145950501,0.0019854373853372413,4.58873298625355e-05,-4.596737381555084e-06,0.01746258892615984,5.5033571978601914e-11
3548426223317.4155,3011652.278092501,0.1421803656657735,0.001980913075671227,3229.4095236821518,0.17264243958984005,0.00030292928945182466,0.8040886881333087,-3.419486915845482e-14,-1.6670731461942978e-10,3,0.6835116690036863,8506713.167800112,290.45479250057144,0.1750276477316879,0.000643497670537146,0.0019854877280768056,4.5881595981387115e-05,-4.5745973781397204e-06,0.017462516603882334,5.502750661901543e-11
3548429246019.6045,3022702.1884968276,0.14218247032243314,0.0019809856224510835,3229.415188879119,0.1726372555375325,0.0003025832356498386,0.8043093110976507,-2.375877272697835e-14,2.702822410327599e-10,3,0.6835116690036863,8506507.799742876,290.4505860613508,0.17502751890405852,0.0006436257175350763,0.001985543717310694,4.587586600232936e-05,-4.558039838213058e-06,0.017462444034232926,5.502144496135701e-11
3548432279396.1313,3033376.5266692378,0.14218457624897568,0.001981058215063948,3229.42085761437,0.1726320475449045,0.0003022562681281105,0.8046222454982654,1.0880185641326534e-14,2.4860002945104043e-10,3,0.6835116690036863,8506305.604233315,290.4462550083785,0.17502738714868354,0.0006437566484843484,0.0019856051374065485,4.5870141053894686e-05,-4.546867327198376e-06,0.017462371226520283,5.501538011112207e-11
3548433801144.4053,1521748.2738503464,0.14218563104052065,0.0019810945702856022,3229.4236949592237,0.17262943317190352,0.00030209836654601716,0.20288492941222813,1.8130452694720134e-10,-1.26714527759475e-10,3,0.6835116690036863,8506205.817058392,290.44402489960623,0.17502732027707513,0.0006438230936426405,0.0019856375786316,4.586727687188131e-05,-4.542952974474166e-06,0.01746233470695925,5.501234164380441e-11
3548436841752.4004,3040607.995187264,0.14218773135905194,0.001981166987113317,3229.4293546646168,0.17262420470691256,0.00030172590827146707,0.800944064405229,3.197442310920451e-14,2.1195001309592953e-10,3,0.6828878196994148,8506001.613441668,290.4398107902137,0.1750271845065031,0.0006439579762900265,0.001985687440851708,4.5861557468644096e-05,-4.520398732031483e-06,0.017462261752889733,5.500629650065917e-11
3548439899501.5146,3057749.113474313,0.1421898356830216,0.001981239563358669,3229.435033130496,0.17261894056408608,0.0003013734572178711,0.805616312826718,-8.215650382226158e-15,3.5425529176791315e-10,3,0.6828878196994148,8505795.82588701,290.43565409898906,0.17502704549871817,0.0006440960499821842,0.0019857428573263813,4.58558314843898e-05,-4.503238967484259e-06,0.017462188405710313,5.5000244223488526e-11
3548442965558.5723,3066057.0575571368,0.1421919391011159,0.0019813121090718954,3229.4407087222207,0.17261365628197298,0.0003010410347174182,0.8060893619266096,-6.817879594223086e-13,4.1167358411087207e-10,4,0.6828878196994148,8505593.49413759,290.4313749717287,0.17502690363945414,0.0006442369313697997,0.0019858034813272202,4.585011601076633e-05,-4.491317262480486e-06,0.017462114877610315,5.49941948610232e-11
3548444502301.2466,1536742.6741715216,0.1421929915250083,0.001981348399085923,3229.4435451220656,0.17261100599375281,0.00030088073773862166,0.2030360574112322,9.905165576640229e-11,-1.5652333873461544e-09,3,0.6828878196994148,8505493.78019291,290.4291721801528,0.17502683176370767,0.0006443083040732809,0.001985835435480558,4.5847259435682494e-05,-4.486981207211461e-06,0.01746207803027487,5.4991167316110804e-11
3548447571726.593,3069425.346546918,0.14219508612274143,0.001981420645728365,3229.4491979351465,0.17260570766112351,0.00030050440768137926,0.8028708226026637,-2.834066314960637e-12,-5.675380165826027e-10,4,0.6822856730706766,8505289.728339782,290.4250142454849,0.175026686046007,0.0006444529810081383,0.0019858853973916796,4.5841558855933234e-05,-4.46469668378358e-06,0.01746200444879266,5.498514625603529e-11
3548450654749.466,3083022.8735216204,0.14219718195388695,0.0019814929527193497,3229.4548606181916,0.17260037950323667,0.0003001490179321729,0.807666042934585,-5.451861184724294e-12,7.341829366680486e-10,4,0.6822856730706766,8505084.786683047,290.42090129725517,0.17502653720885425,0.0006446007314379932,0.001985940608967544,4.583585916858747e-05,-4.447601279872067e-06,0.01746193055958889,5.497912543580162e-11
3548453742223.7163,3087474.250527871,0.14219927395051743,0.001981565125535001,3229.460511461178,0.17259503769465392,0.0002998145011536339,0.8085240693622708,-9.219403018789762e-12,-4.710472012448008e-10,4,0.6822856730706766,8504883.81584915,290.4166619666402,0.17502638568040357,0.0006447511301824538,0.00198600068013779,4.583017764950379e-05,-4.435499647942235e-06,0.017461856582093867,5.497311550755615e-11
3548455287369.216,1545145.500195557,0.1422003189951831,0.0019816011741161117,3229.4633320330245,0.1725923625774258,0.0002996535059543062,0.20336206746351948,-5.3982263104046524e-11,-2.4110147212041966e-10,3,0.6822856730706766,8504784.993858717,290.41448052542125,0.17502630907224623,0.0006448271600072232,0.0019860322182711386,4.5827342464406754e-05,-4.430989291886049e-06,0.01746181956537648,5.497011240364517e-11
3548458371103.269,3083734.053403924,0.14220239714519795,0.0019816728779616147,3229.46894797342,0.17258701892734843,0.0002992769736487198,0.8063739664887493,-1.8164691972799574e-11,6.772911120833669e-10,4,0.6817047185225809,8504582.137476621,290.41039053738064,0.17502615402130442,0.0006449810205971026,0.001986082276056106,4.582168984325405e-05,-4.4093431663433376e-06,0.017461745704824744,5.496414430766844e-11
3548461461762.882,3090659.6123944283,0.1422044718765622,0.0019817444763421013,3229.4745590635443,0.1725816568762491,0.00029892234530649176,0.8118208741358934,-2.8032909327180278e-11,-5.871156893988427e-10,4,0.6817047185225809,8504379.816325344,290.4063174262699,0.17502599614362552,0.0006451376637747261,0.00198613714566207,4.5816050751478205e-05,-4.392614417333287e-06,0.01746167169651687,5.49581890713987e-11
3548464548954.45,3087191.5681873034,0.1422065373352787,0.001981815747178873,3229.4801413054824,0.17257629487430542,0.0002985895131250575,0.8134409834603673,-4.33407754130144e-11,3.854776498002366e-10,5,0.6817047185225809,8504182.228123464,290.40211877578076,0.1750258359608541,0.0006452965719020253,0.0019861963475627372,4.5810444154168614e-05,-4.380545517497523e-06,0.017461597789422086,5.495225984947936e-11
3548467629609.4453,3080654.994926293,0.14220858979213816,0.001981886590235146,3229.4856962192166,0.1725709386767606,0.00029820621841998427,0.8158483508213799,-6.437206323539613e-11,-3.283895377848012e-10,5,0.6811444492414445,8503982.304363355,290.3980995369511,0.1750256736312015,0.0006454575880446341,0.0019862444923289123,4.5804861129449497e-05,-4.357847274972141e-06,0.01746152405663668,5.494637240314895e-11
3548470699202.8535,3069593.407715041,0.14221062655867572,0.0019819569101994375,3229.4912155172037,0.17256559521266726,0.0002978473074407359,0.8188332303871171,-9.521994304151349e-11,7.759011211305733e-10,5,0.6811444492414445,8503782.192487217,290.39419263186795,0.17502550939392403,0.0006456204749321751,0.001986296816836605,4.5799323875408615e-05,-4.339851885355466e-06,0.017461450606257662,5.49405339464345e-11
3548473752194.6226,3052991.7685617097,0.14221264514239043,0.001982026604373108,3229.496685681299,0.1725602746393566,0.0002975117940097327,0.8226713194003921,-1.4091794398041202e-10,-5.29142951677386e-10,5,0.6811444492414445,8503587.228721112,290.3902013739849,0.17502534354841134,0.0006457849357278554,0.0019863529669220583,4.579384247696482e-05,-4.3263078935051265e-06,0.017461377570664724,5.4934748294137276e-11
3548475266888.8447,1514694.2218609746,0.14221364462712457,0.0019820611099511296,3229.4993927578503,0.17255763315566638,0.00029735167192676,0.20577152620715466,-9.812595180846984e-12,-6.567855148631452e-10,4,0.6811444492414445,8503492.171511535,290.3881677234719,0.17502526048667483,0.0006458672974675878,0.0019863820750613058,4.579113090787874e-05,-4.320910197742151e-06,0.01746134134061261,5.4931883099581714e-11
3548478272098.938,3005210.093139216,0.14221562040478664,0.0019821293392857592,3229.5047512911615,0.172552387841688,0.0002969820706051762,0.8263840861610916,-2.527886788783462e-10,-2.7271818137108994e-10,5,0.6806043624229636,8503298.636829926,290.38436747487196,0.17502509350398474,0.0006460328550314273,0.0019864292020424024,4.578575859211176e-05,-4.299808331480096e-06,0.0174612694734712,5.492622287701334e-11
3548481247368.8853,2975269.9473925326,0.14221756878508734,0.001982196637526911,3229.510041013389,0.17254718870011473,0.0002966376919022908,0.8405433352121072,-3.856156505221975e-10,-2.1504298342023276e-10,6,0.6806043624229636,8503107.890160803,290.38063343620246,0.17502492566430286,0.0006461992420280398,0.0019864796537743977,4.578046413708492e-05,-4.282962091208602e-06,0.017461198338736883,5.492064423441614e-11
3548484168081.528,2920712.6424869723,0.14221947483182787,0.0019822624738456075,3229.5152153279464,0.17254207939348246,0.0002963192608230315,0.85338653976752,-5.875369080143855e-10,4.528737385101067e-10,6,0.6806043624229636,8502924.676034141,290.3768587152052,0.17502475836136913,0.0006463650769884733,0.0019865326174919144,4.577529040144436e-05,-4.270089895772357e-06,0.017461128524289847,5.49151870370422e-11
3548487013580.583,2845499.054855893,0.14222132424128514,0.0019823263728090063,3229.520243038083,0.17253709694525393,0.0002959625714717323,0.8724802391668618,-4.798150765594755e-11,-9.937406453275344e-11,6,0.680083959493098,8502743.975587698,290.37332210098674,0.17502459279887875,0.0006465291671399575,0.0019865755312560196,4.5770261024324094e-05,-4.249103632232383e-06,0.01746106052260093,5.4909895855250656e-11
3548489755300.9316,2741720.349317721,0.14222309925857896,0.001982387718317786,3229.525074855318,0.17253229084637128,0.00029563780357111423,0.9003462594914247,-8.807432561042106e-11,-3.653262137248703e-10,6,0.680083959493098,8502568.736746639,290.37000945925325,0.17502443066813675,0.0006466898366760987,0.0019866199098525963,4.576543573263919e-05,-4.2321368045870106e-06,0.017460995014852987,5.490482089022968e-11
3548492355825.0303,2600524.0980120953,0.1422247771657226,0.001982445713618689,3229.529644284588,0.1725277276911091,0.00029534597348955044,0.941694258405068,-1.6540835368061835e-10,-6.385110218332102e-10,7,0.680083959493098,8502405.257760525,290.3668068127558,0.1750242742239894,0.0006468448516419346,0.001986664639662221,4.576087808658933e-05,-4.218871471420247e-06,0.017460932893227102,5.490002470190509e-11
3548493561744.8555,1205919.825515827,0.14222555377858645,0.0019824725564261936,3229.5317590332793,0.17252561045756362,0.0002952149226868522,0.22653401959837893,-2.6975988109967375e-10,4.517408669357792e-10,5,0.680083959493098,8502330.46472494,290.3652926364333,0.1750242008518984,0.0006469175476507131,0.0019866861025572983,4.575876987009501e-05,-4.213491768091651e-06,0.017460904089503772,5.48978047562143e-11
3548494131822.7983,570077.942578038,0.14222592059346048,0.0019824852347553883,3229.5327577526546,0.1725246093117814,0.0002951539004117681,0.05391687180056337,-1.9307888621256097e-11,-6.468277025106772e-10,4,0.680083959493098,8502295.355280694,290.3645692355594,0.1750241659651504,0.0006469521115480511,0.001986696402577168,4.57577744074638e-05,-4.211112963301198e-06,0.017460890473798243,5.489675615557344e-11
3548495271978.6836,1140155.885156076,0.14222665309176385,0.0019825105555795275,3229.534753377717,0.17252260662645788,0.0002950084267115484,0.24205499160601107,-4.0785785859753787e-10,4.691484978280869e-10,5,0.6795827463215965,8502224.187067904,290.3631660554316,0.17502409558535098,0.0006470218358950746,0.001986712993091765,4.575578234916548e-05,-4.2023834261572944e-06,0.017460863244436235,5.489466275948686e-11
3548496314823.593,1042844.9095948378,0.14222732194255944,0.0019825336796617694,3229.5365769129967,0.17252077403815744,0.0002948782718118135,0.2335647464324353,-4.622890958927428e-10,2.8916069538809097e-10,5,0.6795827463215965,8502157.966207374,290.3619311061887,0.17502403054309912,0.0006470862678942492,0.0019867285633948903,4.575396319859623e-05,-4.194829756872507e-06,0.01746083834106876,5.489275184180795e-11
3548497285844.528,971020.9347997379,0.14222794377382197,0.001982555180599869,3229.5382731899695,0.1725190669655626,0.0002947595386879029,0.23851412567221786,-5.701144001335479e-10,1.3939285281594493e-09,5,0.6795827463215965,8502096.165743122,290.3607942234557,0.17502396930871778,0.000647146923287383,0.001986743420607919,4.5752271983156807e-05,-4.188186247358193e-06,0.017460815154600975,5.4890975644652384e-11
3548498180558.1606,894713.6326153014,0.1422285159394689,0.0019825749659283048,3229.5398346091292,0.17251749345864278,0.00029465219085421027,0.2440548740878512,-6.971441202097139e-10,-9.67333990686825e-10,5,0.6795827463215965,8502039.320390543,290.35974953409396,0.1750239122069299,0.0006472034807099425,0.0019867574113790355,4.57507159683561e-05,-4.18239194352951e-06,0.017460793791704267,5.488934152675746e-11
3548498995549.1846,814991.0241644348,0.14222903646207594,0.0019825929664941794,3229.5412554730865,0.17251605968083517,0.00029455608955593224,0.2499990947590902,-4.032973954792851e-11,-3.036709328441134e-09,5,0.6795827463215965,8501987.723622328,290.3587962197375,0.1750238595057047,0.0006472556750752871,0.0019867703992658024,4.574930053670244e-05,-4.177377963725656e-06,0.017460774333553582,5.488785497573205e-11
3548499729042.4346,733493.2497253868,0.1422295043940915,0.001982609148947974,3229.5425329717796,0.17251476889782993,0.0002944709436096238,0.2560810258289692,-5.089673127400829e-11,6.075253633497368e-10,5,0.6795827463215965,8501941.489088584,290.3579345585489,0.1750238113791895,0.000647303334287573,0.0019867822796610706,4.574802823598742e-05,-4.173075927486165e-06,0.017460756822182448,5.4886518580912934e-11
3548500381301.2163,652258.7814285065,0.14222992006683097,0.0019826235243366845,3229.54366785445,0.1725136207719694,0.00029439628014759977,0.26251014695333197,-6.821876397111737e-11,-1.3226215678230346e-09,6,0.6795827463215965,8501900.565364057,290.3571640726623,0.1750237678795157,0.0006473464071508188,0.0019867929895111464,4.574689811642761e-05,-4.169410424382719e-06,0.01746074125098845,5.488533131566116e-11
3548500954175.597,572874.3809997838,0.14223028479668937,0.0019826361378435784,3229.5446635863464,0.1725126121541107,0.0002943315083994493,0.2716742125707938,-8.653844307815461e-11,-6.770384253229622e-11,6,0.6795827463215965,8501864.786088517,290.35648327286117,0.1750237289614538,0.0006473849389220586,0.001986802501834852,4.5745906533255225e-05,-4.166309278558411e-06,0.017460727575528422,5.488428936119949e-11
3548501448768.3022,494592.7048218907,0.14223059940656502,0.001982647017802846,3229.545522372485,0.17251174119323823,0.00029427618364665685,0.27565654731054323,-1.0456802090885731e-10,-4.007812970385771e-10,6,0.6795827463215965,8501834.027596071,290.35589197600075,0.17502369464387543,0.000647418911473037,0.00198681078772858,4.5745051203174096e-05,-4.163715249664889e-06,0.017460715769240093,5.4883390354687325e-11
3548501872680.6475,423912.3448827253,0.1422308688325992,0.0019826563349152173,3229.546257693236,0.172510994575847,0.0002942291998466444,0.28238656663015504,-1.29118049585486e-10,4.403781783679506e-09,6,0.6795827463215965,8501807.766451959,290.3553823087982,0.17502366450756235,0.0006474487404387189,0.001986817937836781,4.57443186756516e-05,-4.161548294940247e-06,0.01746070565048092,5.4882620208481525e-11
3548502231657.596,358976.94824751094,0.14223109680553586,0.0019826642181976152,3229.5468797374883,0.172510362239049,0.000294189723367194,0.2895030862259951,-1.601636601122891e-10,3.089713596082788e-09,6,0.6795827463215965,8501785.603707025,290.3549484819982,0.17502363825924294,0.0006474747167596242,0.001986824021603718,4.5743698780920286e-05,-4.159748841684983e-06,0.01746069708196808,5.4881968283504504e-11
3548502531886.483,300228.88685688743,0.14223128731949083,0.001982670805818321,3229.5473994292083,0.17250983332607756,0.00029415692371206637,0.29717141941665304,-2.0057822069929898e-10,-8.932449335752324e-09,6,0.6795827463215965,8501767.122225577,290.354583984434,0.1750236155733326,0.000647497163358221,0.001986829124034976,4.574318064523346e-05,-4.1582637329126354e-06,0.017460689915898265,5.488142319706393e-11
3548502779720.8164,247834.3333317562,0.1422314444593212,0.001982676239100158,3229.5478279455233,0.1725093966752903,0.00029412999523777133,0.30566650016661256,-2.5607738152189086e-10,-6.5478239497096524e-09,6,0.6795827463215965,8501751.90349665,290.3542818896314,0.17502359610865406,0.0006475164185710528,0.001986833339551279,4.5742753159025736e-05,-4.157046077865985e-06,0.01746068400053425,5.488097331215885e-11
3548502981441.329,201720.51213012915,0.14223157225165964,0.0019826806573644455,3229.5481763085218,0.17250904124355917,0.00029410817468946467,0.3153727723415045,-3.329503339699613e-10,1.3084486383263538e-08,6,0.6795827463215965,8501739.541312318,290.35403515415027,0.17502357952351347,0.0006475328212169866,0.0019868367665049178,4.574240538000435e-05,-4.156054919998948e-06,0.01746067918590241,5.488060716032289e-11
3548503143081.9375,161640.60896019122,0.142231674556968,0.001982684194192376,3229.5484550885603,0.17250875641512103,0.0002940907522779792,0.32688276807579797,-4.470849246374087e-10,-2.9967691661525464e-09,6,0.6795827463215965,8501729.651088757,290.35383685658576,0.17502356548705308,0.0006475466993551761,0.001986839502940904,4.574212682451047e-05,-4.155254754642205e-06,0.01746067532794103,5.488031374823155e-11
3548503270305.332,127223.39427602271,0.14223175499283736,0.0019826869747691755,3229.5486741937325,0.17250853222269794,0.00029407707839553606,0.3407690118972795,-6.211661185417938e-10,-2.6738992131569717e-09,6,0.6795827463215965,8501721.876083314,290.35368038371763,0.1750235536881982,0.0006475583614282448,0.001986841643409046,4.5741907674184926e-05,-4.154614991365682e-06,0.017460672291464484,5.4880082775990674e-11
3548503368378.328,98072.99642594538,0.14223181692011033,0.0019826891154017486,3229.5488428311564,0.17250835939246842,0.0002940665607692469,0.35810614362752347,-7.084277608981893e-11,-1.2250808922864564e-08,6,0.6795827463215965,8501715.887626322,290.3535594944617,0.17502354383696467,0.0006475680949648462,0.0019868432776784283,4.5741738811888886e-05,-4.154107537234054e-06,0.017460669950747264,5.487990467593884e-11
3548503442127.3174,73748.9892206725,0.14223186341614766,0.0019826907225943555,3229.548969434217,0.17250822942380106,0.00029405866490906686,0.38028179105698,-1.1673029209902097e-10,-5.104577871506422e-09,6,0.6795827463215965,8501711.386768552,290.3534684047993,0.17502353566817813,0.0006475761629008533,0.001986844489321082,4.5741611893367526e-05,-4.153712078396231e-06,0.01746066819058387,5.4879770689180066e-11
3548503549760.41,107633.09198976326,0.1422319354592709,0.0019826934565170436,3229.5492648222967,0.17250803973412504,0.0002940471651531771,0.007209935866114847,-2.845501612114276e-13,-5.239208888951907e-08,18,0.6846894763276019,8501704.908934781,290.35333963788594,0.17502346892682408,0.0006476418663588885,0.0019868453050535502,4.5741431548852664e-05,-4.1517936574959666e-06,0.017460665621728443,5.487957487116776e-11
3548503765026.5938,215266.1839795265,0.1422320821618797,0.0019826987845199665,3229.5497689452163,0.17250766032952786,0.00029402425568375275,0.0019078245649950532,2.7911006839076435e-13,-8.135090379113308e-10,2,0.6846894763276019,8501692.061992219,290.3530853366307,0.17502346134011237,0.000647649424140773,0.001986849757961265,4.57410618968694e-05,-4.150918561553881e-06,0.017460660484090722,5.4879191170441955e-11
3548504195558.9614,430532.367959053,0.14223236659830327,0.001982708891459649,3229.550655414747,0.17250690157261758,0.00029396906082104475,0.0021967759371559897,-1.9517720772910252e-13,2.4668094233959437e-09,2,0.6842069634341121,8501665.810588827,290.3525818132742,0.17502344616686677,0.0006476645395261144,0.0019868567396030597,4.574031987270123e-05,-4.147793265378302e-06,0.017460650209106792,5.487841938031044e-11
3548505056623.6973,861064.735918106,0.1422329268560225,0.0019827285939415956,3229.5523178724443,0.17250538356753198,0.00029386038362519564,0.00862508960628762,-1.6431300764452317e-14,-3.489359912123291e-09,2,0.6842069634341121,8501612.348159513,290.3515983755039,0.17502341582110342,0.0006476947695668332,0.0019868704542908336,4.573883591738907e-05,-4.141805472397389e-06,0.017460629660299595,5.487687340014237e-11
3548506778753.1694,1722129.471836212,0.14223403584607056,0.001982767362260279,3229.5555142299013,0.17250234564967765,0.0002936497080074819,0.033321857926464464,5.484501741648273e-14,-3.9658089034944055e-09,2,0.6842069634341121,8501504.81008568,290.3496556567846,0.17502335513251824,0.0006477552266979078,0.001986898155647039,4.573587303471179e-05,-4.130738512867377e-06,0.017460588567324527,5.487378408261198e-11
3548510223012.113,3444258.943672424,0.14223623416804643,0.0019828439408099982,3229.561739375896,0.1724962626296421,0.00029325369502548323,0.12452222242589386,-1.4988010832439613e-14,-7.068353236050484e-09,3,0.6842069634341121,8501292.871289207,290.3456994714177,0.17502323376715503,0.0006478761291179086,0.0019869561479079817,4.572997276491614e-05,-4.1121522303867365e-06,0.017460506399939235,5.486762627220425e-11
3548517111530,6888517.887344848,0.14224058133242318,0.0019829951583633875,3229.5739592629548,0.1724840692293074,0.00029241320560498187,0.45604873306285665,1.5543122344752192e-15,-8.895627567895303e-10,3,0.6837426661868161,8500871.344447775,290.3379905514239,0.1750229910834245,0.0006481178868235532,0.0019870624860201273,4.571826156219882e-05,-4.0672728013065505e-06,0.017460342138486618,5.485543051288964e-11
3548519406635.6484,2295105.6484389193,0.14224202212011539,0.00198304526077175,3229.57800216581,0.17248000117373205,0.00029215247634260816,0.05222576875303642,-1.3766765505351941e-14,-6.574814914728222e-09,2,0.6837426661868161,8500731.993487278,290.33542552589097,0.17502291023534108,0.0006481984263490012,0.001987100491242916,4.571438052040934e-05,-4.055175619805609e-06,0.017460287424056944,5.485138795506115e-11
3548523996846.945,4590211.296877839,0.14224488581654826,0.001983144866044748,3229.5860458112556,0.17247185326325576,0.00029157790169693636,0.21012841392397102,2.5757174171303632e-14,-7.812217650560171e-09,3,0.6832961049935516,8500452.347725652,290.33047421889586,0.17502274855980926,0.0006483594847009169,0.0019871684393834967,4.5706655076241894e-05,-4.023518495336316e-06,0.017460178027340675,5.4843361148593765e-11
3548528502967.4326,4506120.487999879,0.14224767946992323,0.001983242055445891,3229.5938996977006,0.17246384027806377,0.0002910642849454746,0.1908805251311712,-1.199040866595169e-14,-7.744793695252383e-09,3,0.6832961049935516,8500180.633353155,290.32563515905935,0.17502258986878727,0.0006485175697772074,0.0019872408915046305,4.569912478687608e-05,-3.998781223225318e-06,0.01746007067025934,5.4835537841097e-11
3548537515208.4087,9012240.975999758,0.14225320611023987,0.0019834344522289184,3229.609485416024,0.1724477680355746,0.00029001810464840356,0.7038965189084916,-1.1102230246251565e-16,3.4869529486059037e-10,3,0.6828668054853803,8499646.68411106,290.31607908766983,0.17502227256481814,0.0006488336615959542,0.001987379472027406,4.5684228513665176e-05,-3.944964978393388e-06,0.0174598560784573,5.482009454887131e-11
3548542349033.156,4833824.746890836,0.1422561456435152,0.0019835368513642514,3229.6178001332164,0.1724391291545801,0.00028942581196922694,0.2204001324826975,2.042810365310288e-14,-7.325861250961907e-09,3,0.6824542986925725,8499358.991824852,290.3111943222576,0.1750221024058999,0.0006490031702559436,0.0019874492557911006,4.567630202705192e-05,-3.912349614911582e-06,0.017459741027986347,5.481189700127216e-11
3548544665720.8584,2316687.702038973,0.14225754861673195,0.0019835857399624333,3229.6217744804608,0.1724349839576984,0.00028915903424545406,0.05079453104547653,3.019806626980426e-14,-6.3139548034385484e-09,2,0.6824542986925725,8499222.049485026,290.30886624351007,0.17502202086189453,0.0006490844025886097,0.0019874844018224827,4.567252110241313e-05,-3.898607052001265e-06,0.017459685899790627,5.480798842985022e-11
3548549299096.262,4633375.404077946,0.142260337362125,0.001983682982982828,3229.629700017949,0.17242668133369826,0.00028857840339019576,0.19612570196635581,1.4876988529977098e-14,-7.356327325069856e-09,3,0.6820581212129905,8498947.78777019,290.3043833723548,0.1750218577940201,0.0006492468470434599,0.0019875486964434455,4.566499961582282e-05,-3.8656586603538654e-06,0.01745957567492779,5.480023401020469e-11
3548553932471.666,4633375.404077946,0.14226310777277534,0.0019837796441995407,3229.637595574226,0.1724183633697471,0.00028805151158253214,0.18375606250216422,1.2656542480726785e-14,-7.179249084110495e-09,3,0.6820581212129905,8498677.127221325,290.2999200748235,0.17502169474897258,0.0006494092685849952,0.001987617586042711,4.565753487522674e-05,-3.8378870506013506e-06,0.01745946548601666,5.4792544095862963e-11
3548558565847.07,4633375.404077946,0.1422658591221489,0.0019838757109240496,3229.6454642543295,0.17241003162590035,0.000287484968628648,0.19181575934437786,-1.1213252548714081e-14,-7.338091467801178e-09,3,0.6816778153728525,8498405.486489378,290.29565534687896,0.1750215317265529,0.0006495716674106613,0.0019876815080235376,4.565011785949385e-05,-3.8057423145870017e-06,0.01745935533271775,5.4784923097809715e-11
3548567832597.878,9266750.808155892,0.142271293284633,0.001984065743513724,3229.66112077148,0.1723933154435401,0.0002863631889046463,0.6351050347327796,4.440892098500626e-15,4.727618296840319e-10,3,0.6813129293798741,8497871.14814615,290.28744802860723,0.17502120575963967,0.000649896386813272,0.0019878070176748914,4.563547193627019e-05,-3.741219391223855e-06,0.01745913514901962,5.4769934979018295e-11
3548573065194.067,5232596.188980851,0.14227433196577732,0.001984172134048813,3229.6699254761756,0.17238385411824197,0.00028571234768405866,0.2217536867657856,5.995204332975845e-15,-5.970557714896074e-09,3,0.6809630174687855,8497569.501757719,290.2830772917941,0.1750210217314433,0.0006500797104403807,0.0019878755239429737,4.562728221205793e-05,-3.703335132566008e-06,0.017459010872219002,5.476158217752363e-11
3548583065753.738,10000559.671479687,0.14228005832060053,0.0019843729888884497,3229.686661395845,0.17236570883838073,0.0002845085803807432,0.6675263209673715,2.4424906541753444e-15,1.0376439707471263e-09,3,0.6806276400392363,8497002.950463308,290.27512271102177,0.1750206701044134,0.0006504299904853911,0.0019880059421177204,4.561185580937083e-05,-3.632898483345673e-06,0.017458773494425688,5.4745920299458874e-11
3548588573863.955,5508110.2170303175,0.14228317884371536,0.0019844825865319394,3229.69583759626,0.17235568982870195,0.0002838366551274923,0.2270133381385327,8.881784197001252e-16,-5.993070040233306e-09,3,0.6803063637860984,8496691.365122424,290.27101684820906,0.17502047647134528,0.0006506228814852635,0.0019880760620889105,4.5603450665673064e-05,-3.593420819551682e-06,0.017458642809130048,5.47374172384234e-11
3548591174978.35,2601114.3950931625,0.14228464468704394,0.0019845341006223443,3229.700160246479,0.17235095219646665,0.000283541368930672,0.050831985748986216,1.7541523789077473e-14,-6.551627018680506e-09,2,0.6803063637860984,8496546.11974789,290.26907807905314,0.17502038503979814,0.0006507139625602201,0.001988110426349563,4.5599504797509784e-05,-3.576270993753278e-06,0.017458581108745732,5.473343001034861e-11
3548596377207.14,5202228.790186325,0.14228755450917785,0.001984636462436992,3229.708781488254,0.17234146137486647,0.00028291653533587407,0.1980180767150114,2.886579864025407e-15,-6.209939340529047e-09,3,0.6799987618221939,8496254.881428521,290.26542006802896,0.1750202021996757,0.0006508961016195358,0.0019881756754323112,4.5591669532393114e-05,-3.539158269777546e-06,0.01745845774481156,5.472553574769303e-11
3548601579435.9307,5202228.790186325,0.14229043874820677,0.0019847380420865523,3229.717373424284,0.1723319517753792,0.000282270329091487,0.18584174404175005,-1.6542323066914832e-14,-6.191026136193045e-09,3,0.6797044137934721,8495965.347754044,290.26194360409085,0.17502001938550654,0.0006510782145867886,0.001988238655607289,4.558390154936798e-05,-3.5005588030330954e-06,0.017458334422561447,5.4717736719144606e-11
3548611983893.511,10404457.58037265,0.14229611846329673,0.0019849384910454915,3229.734457837233,0.1723128647313574,0.0002810441467702763,0.5972587236379671,-1.1102230246251565e-16,1.2275656047222583e-09,3,0.6794229059866759,8495400.035055619,290.25533527839093,0.17501965384613485,0.000651442351047464,0.0019883643181968693,4.5568610029790125e-05,-3.4257724489098878e-06,0.01745808792184428,5.4702468542670295e-11
3548618042192.555,6058299.04397372,0.14229938551331126,0.001985053974772174,3229.74435683132,0.17230172142814434,0.00028033621374312005,0.22953120042655537,-6.106226635438361e-15,-5.3298859770123386e-09,3,0.6791538314295344,8495072.246562412,290.2517906224946,0.1750194410401456,0.0006516543399115326,0.001988436233756974,4.555981556025337e-05,-3.3822042910859027e-06,0.01745794445457479,5.469372606825393e-11
3548623732586.801,5690394.245808561,0.14230242322045422,0.0019851614994807333,3229.753619381773,0.17229123238837848,0.0002796611535137688,0.19326166383806104,4.6629367034256575e-15,-5.677657899383348e-09,3,0.6788967899835345,8494766.098555066,290.24868678529884,0.17501924118722903,0.0006518534251380585,0.0019885019704986152,4.555163737091622e-05,-3.3404163322434264e-06,0.01745780974847795,5.4685629400713034e-11
3548629422981.0464,5690394.245808561,0.1423054301942811,0.0019852680896168015,3229.762848981645,0.17228072082900084,0.0002789781844550471,0.18827073921460874,-4.9960036108132044e-15,-5.715856232768601e-09,3,0.6786513884293219,8494461.832686981,290.245808901635,0.1750190413633202,0.0006520524811682246,0.0019885661094193414,4.5543540507391416e-05,-3.297965124902371e-06,0.017457675089845838,5.467764785256925e-11
3548635113375.2915,5690394.245808561,0.14230840629619249,0.0019853737465068554,3229.7720477822613,0.17227018640587635,0.0002782904709182866,0.19017297062519195,5.995204332975845e-15,-5.254690238487569e-09,3,0.6784172405447939,8494159.368577313,290.24316524997033,0.17501884156798214,0.0006522515084334677,0.001988628874238086,4.55355254188451e-05,-3.255073061435714e-06,0.017457540478157885,5.466978283666861e-11
3548640803769.537,5690394.245808561,0.14231135147484694,0.0019854784727429448,3229.781217458916,0.17225962888030127,0.00027760083829193904,0.19128954385284108,-3.9968028886505635e-15,-5.68755231800111e-09,3,0.6781939671759489,8493858.73247885,290.2407581353531,0.1750186418007749,0.0006524505073699758,0.0019886904465733625,4.552759244916436e-05,-3.2119191683906086e-06,0.017457405912902544,5.4662035243728445e-11
3548646494163.7827,5690394.245808561,0.14231426573008046,0.0019855822712443,3229.7903592386574,0.17224904810990266,0.00027691179851995753,0.1916957770227738,1.4432899320127035e-14,-5.46414169466658e-09,3,0.6779811963005634,8493560.034681734,290.23858531651143,0.17501844206125391,0.0006526494784168402,0.0019887509696715983,4.551974180943697e-05,-3.1686437728637487e-06,0.01745727139357566,5.4654405534041054e-11
3548652184558.0283,5690394.245808561,0.1423171490919025,0.0019856851445979183,3229.7994738705047,0.17223844403987196,0.00027622557506012783,0.19146330598599542,-4.440892098500626e-15,-5.51317425045994e-09,3,0.6777785630847746,8493263.437293403,290.2366416384834,0.17501824234897348,0.0006528484220144473,0.001988810552193673,4.551197356547043e-05,-3.125352948869625e-06,0.01745713691967934,5.464689382886812e-11
3548657874952.2734,5690394.245808561,0.1423200016102167,0.001985787094966183,3229.8085617045936,0.17222781669459225,0.00027554412703541346,0.19065961963892192,6.8833827526759706e-15,-5.3836777258453594e-09,3,0.6775857099326488,8492969.129077349,290.23492033268866,0.1750180426634884,0.0006530473386031864,0.001988869272605467,4.550428763878556e-05,-3.0821229997702433e-06,0.01745700249072079,5.463949999724487e-11
3548663565346.519,5690394.245808561,0.14232282335045066,0.0019858881242740874,3229.8176228179545,0.172217166169711,0.00027486917232078553,0.18934778615690984,-1.7208456881689926e-14,-5.344725773070991e-09,3,0.6774022865288241,8492677.307404745,290.2334139834078,0.1750178430043544,0.0006532462286225274,0.001988927184154465,4.549668381745349e-05,-3.039005248187723e-06,0.017456868106211495,5.463222373343395e-11
3548669255740.7646,5690394.245808561,0.14232561439193248,0.0019859882344871547,3229.8266571459676,0.17220649262469215,0.0002742022093841296,0.1875863397081401,-1.3877787807814457e-14,-5.57397261680137e-09,3,0.6772279498743176,8492388.165856672,290.2321152142872,0.17501764337112885,0.000653445092510406,0.0019889843199948796,4.548916177300295e-05,-2.9960308826876753e-06,0.017456733765666584,5.462506462212101e-11
3548672100937.8877,2845197.1229042807,0.1423270003023128,0.0019860380019615853,3229.8311658852763,0.17220114899924296,0.00027385768937511756,0.05229342278482725,-7.549516567451064e-15,-6.964897991679209e-09,2,0.677062364315594,8492242.929528115,290.23157989279156,0.17501754356251525,0.0006535445163843209,0.001989012424400109,4.548542598780003e-05,-2.9743678170166763e-06,0.01745666660902441,5.4621521810029734e-11
3548677791332.1333,5690394.245808561,0.1423297452011371,0.0019861367330037192,3229.8401609595267,0.1721904409271157,0.00027317265847004983,0.1936593693941573,5.10702591327572e-15,-5.205239461680833e-09,3,0.6769052015669969,8491956.071411142,290.23065807573005,0.17501734396734692,0.0006537433418706303,0.0019890678948693854,4.547802528415929e-05,-2.9311072511169155e-06,0.017456532333518612,5.4614539241465914e-11
3548683481726.379,5690394.245808561,0.14233245951120438,0.0019862345502464694,3229.849130242534,0.1721797092576338,0.00027250324116922885,0.18970371401842104,1.176836406102666e-14,-5.117458456993518e-09,3,0.6767561407266467,8491671.921451861,290.22994574235605,0.175017144396977,0.0006539421423226173,0.0019891227851559423,4.547070554399825e-05,-2.8881803017760005e-06,0.01745639810075408,5.4607673744115976e-11
3548686326923.502,2845197.1229042807,0.1423338071247929,0.001986283173881528,3229.8536067843856,0.17217433643801625,0.00027216080801853324,0.05239459695261221,-1.8540724511240114e-14,-5.783109546797505e-09,2,0.6766148682859146,8491529.293233491,290.22969979775024,0.17501704461944434,0.0006540415348211976,0.0019891498992182914,4.5467070722275757e-05,-2.8666707325226665e-06,0.017456330997623976,5.460427756182928e-11
3548692017317.7476,5690394.245808561,0.1423364757377128,0.0019863796274432956,3229.8625381879783,0.17216356992026055,0.00027148584970266735,0.19217256395302318,6.217248937900877e-15,-5.334194974615514e-09,3,0.6764810781325858,8491247.887290219,290.22934690231875,0.17501684508547186,0.0006542402985129421,0.0019892035272576756,4.545987098581951e-05,-2.823845216780391e-06,0.017456196828100845,5.459758717929552e-11
3548694862514.8706,2845197.1229042807,0.1423378005598387,0.001986427571344283,3229.86699601674,0.1721581795431691,0.00027114293377687623,0.05272976031126756,-4.207745263329343e-14,-7.080936614833888e-09,2,0.6763544715478287,8491106.863986114,290.22927320523746,0.1750167453259319,0.0006543396728357282,0.0019892300778334804,4.545629599448621e-05,-2.802451895002851e-06,0.017456129756368143,5.459427839708794e-11
3548700552909.116,5690394.245808561,0.14234042380605233,0.001986522672577587,3229.875890483638,0.17214737775642538,0.00027047117603289984,0.19211283705782706,1.3766765505351941e-14,-5.285872184401796e-09,3,0.6762347571970888,8490828.472428855,290.2292695506533,0.17501654582736687,0.0006545384007458167,0.0019892826526838043,4.544921521068342e-05,-2.759925518427913e-06,0.017455995649023993,5.458776208102103e-11
3548703398106.2393,2845197.1229042807,0.14234172602972872,0.0019865699430624707,3229.88033001575,0.17214196971247855,0.00027013178800769887,0.052432620274624885,1.7319479184152442e-14,-6.7845570272950795e-09,2,0.676121651115033,8490688.898659687,290.22937146589254,0.17501644608532504,0.0006546377573806848,0.001989308719124915,4.544569944895511e-05,-2.7387214778700346e-06,0.017455928608162516,5.458454003082735e-11
3548704820704.8013,1422598.5614521403,0.14234237480165474,0.001986593508543526,3229.8825478555314,0.1721392636765542,0.00026996898134024365,0.01308608676715145,-4.9404924595819466e-14,-1.5778567341584449e-09,2,0.676121651115033,8490619.625716459,290.2294288690242,0.17501639621610113,0.0006546874338813426,0.001989321764641925,4.5443947779463044e-05,-2.728201515559221e-06,0.017455895090920603,5.4582937988992756e-11
3548707665901.9243,2845197.1229042807,0.14234366581385724,0.00198664044493553,3229.8869783203268,0.17213384683691677,0.0002696325954672205,0.05208352432228401,-1.2323475573339238e-14,-5.986270479318989e-09,2,0.6760148766846686,8490480.721240496,290.229619507985,0.17501629648264175,0.0006547867818371141,0.001989347604693917,4.544046135398585e-05,-2.707105178652461e-06,0.01745582806531943,5.457975895544968e-11
3548710511099.0474,2845197.1229042807,0.14234494936816208,0.0019866871593216596,3229.891402852903,0.17212842426149447,0.00026928956755219066,0.05323360387590216,3.574918139293004e-14,-6.5952990846440684e-09,2,0.6759141646107689,8490342.536463229,290.2298617468874,0.17501619675483396,0.0006548861240762939,0.001989373240566804,4.543699433494405e-05,-2.686026668464483e-06,0.0174557610498159,5.457660857849223e-11
3548716201493.293,5690394.245808561,0.14234749056313717,0.001986779816891841,3229.9002315492567,0.17211755783486632,0.0002686254020109511,0.1914730145892744,3.552713678800501e-15,-5.144412784652275e-09,3,0.6758192528877348,8490069.831637355,290.2304861109771,0.17501599731868986,0.0006550847888507887,0.0019894240814045797,4.543012792689259e-05,-2.6442099423244296e-06,0.017455627053827832,5.457040733347269e-11
3548719046690.4165,2845197.1229042807,0.14234875194473562,0.001986825871325186,3229.9046384948037,0.1721121174266254,0.0002682934382808754,0.05172787828611712,4.241051954068098e-14,-6.0968224913082736e-09,2,0.6757298867620303,8489933.05620052,290.2309016569808,0.17501589760748695,0.0006551841142852715,0.0019894493377662814,4.542671880047431e-05,-2.623411873669066e-06,0.017455560068253318,5.456734214720621e-11
3548721891887.5396,2845197.1229042807,0.14235000598911238,0.0019868717074560723,3229.9090396602624,0.17210667127757065,0.00026795741085857295,0.052460608899497496,1.84297022087776e-14,-6.327382728876785e-09,2,0.6756458186893279,8489796.818707824,290.2313732835993,0.17501579790172114,0.0006552834342151849,0.0019894744315836835,4.542332873467149e-05,-2.60266956326944e-06,0.017455493092552416,5.4564305159176705e-11
3548724737084.6626,2845197.1229042807,0.1423512527236039,0.001986917326214721,3229.9134351174775,0.1721012192816529,0.0002676184689952764,0.05301490572874514,-1.6986412276764895e-14,-5.9314785305630835e-09,2,0.6755668082865043,8489661.093277216,290.23190158057406,0.17501569820133875,0.0006553827486931461,0.0019894993774946875,4.541995764689469e-05,-2.581996718704256e-06,0.017455426126669307,5.456129627642419e-11
3548726159683.2246,1422598.5614521403,0.14235187381373712,0.001986940067842384,3229.915631034802,0.1720984912397959,0.0002674559665540565,0.013229598413945151,-2.220446049250313e-14,-2.065925541749891e-09,2,0.6755668082865043,8489593.553741261,290.23217778386663,0.1750156483528188,0.0006554324042396043,0.0019895118419816582,4.541827806850914e-05,-2.571719579517488e-06,0.01745539264678437,5.455980059498628e-11
3548729004880.3477,2845197.1229042807,0.1423531096530574,0.001986985362481969,3229.920017934741,0.17209303023943426,0.00026712572711745734,0.05174734389091791,-1.1102230246251565e-14,-6.455724066434243e-09,2,0.6754926222786256,8489458.520420302,290.2327916010784,0.1750155486604163,0.0006555317106344741,0.0019895366241388457,4.541493531396065e-05,-2.551207100065385e-06,0.01745532569552975,5.455683358533098e-11
3548731850077.4707,2845197.1229042807,0.14235433826879168,0.0019870304422931672,3229.9243991908565,0.1720875634469465,0.0002667940118071043,0.052067264683249535,1.9317880628477724e-14,-5.9552146547403595e-09,2,0.6754230344410714,8489324.044687955,290.2334597217126,0.17501544897326515,0.0006556310117078104,0.001989561274559114,4.541161129090005e-05,-2.5307777120142763e-06,0.01745525875395677,5.455389434660026e-11
3548734695274.594,2845197.1229042807,0.14235555969441085,0.0019870753083090103,3229.9287748470406,0.17208209080660566,0.00026646177118485817,0.0522365847902299,-2.5646151868841116e-14,-5.632874944261346e-09,2,0.675357825536937,8489190.086027198,290.23418310787815,0.17501534929131352,0.0006557303075113862,0.001989585802003914,4.540830589898665e-05,-2.510439143971899e-06,0.017455191822011298,5.455098275453058e-11
3548737540471.7173,2845197.1229042807,0.1423567739652224,0.0019871199616074606,3229.9331449445654,0.1720766122812848,0.0002661298839283607,0.052265337410631676,1.176836406102666e-14,-6.023540999322563e-09,2,0.6752967832498661,8489056.623989591,290.23496206274723,0.1750152496145092,0.0006558295980967318,0.0019896102138119414,4.540501903373578e-05,-2.4901976563587073e-06,0.017455124899639726,5.454809867590869e-11
3548740385668.841,2845197.1229042807,0.142357981118022,0.0019871644033019383,3229.9375095221876,0.17207112785137205,0.00026579915982537537,0.052163328122570816,1.9761969838327786e-14,-5.730380503443655e-09,2,0.675239702112459,8488923.659741431,290.23579619377836,0.17501514994280018,0.0006559288835151158,0.001989634516222228,4.540175058712168e-05,-2.470058375008188e-06,0.017455057986788838,5.454524197019063e-11
3548743230865.964,2845197.1229042807,0.1423591811908316,0.001987208634535022,3229.94186861656,0.1720656375136939,0.0002654703427741283,0.051940125635262055,5.551115123125783e-15,-5.735597441436369e-09,2,0.67518638343041,8488791.213211171,290.23668451038844,0.17501505027613495,0.0006560281638175365,0.0019896587146336726,4.539850044797297e-05,-2.4500255562274027e-06,0.017454991083405934,5.454241249073822e-11
3548744653464.5254,1422598.5614521403,0.1423597790207744,0.0019872306845647035,3229.9440464393488,0.17206289060916133,0.00026530309787805705,0.01377102946432951,-3.4416913763379853e-15,-1.032595120520341e-09,2,0.6751366352025224,8488724.771482293,290.237157348764,0.1750150004443675,0.000656077802380861,0.001989670779619193,4.539688108600956e-05,-2.440040513490123e-06,0.017454957634661965,5.454100624444604e-11
3548747498661.649,2845197.1229042807,0.14236096854310767,0.0019872746023634692,3229.9483974445275,0.17205739154904767,0.00026496964700904046,0.052821488787211004,2.886579864025407e-15,-5.866107821717037e-09,2,0.6750902720367545,8488592.88061062,290.2381337494897,0.17501490078517512,0.0006561770751012469,0.001989694817659372,4.539365818072981e-05,-2.4201607576795288e-06,0.017454890745385972,5.4538217344025623e-11
3548750343858.772,2845197.1229042807,0.14236215108275707,0.001987318312713041,3229.952743095646,0.1720518864522349,0.00026464060796929916,0.05219286479678405,3.3084646133829665e-14,-5.227364652249378e-09,2,0.6750471150624519,8488461.550574707,290.2391620881722,0.17501480113089848,0.0006562763428319835,0.0019897187659530667,4.5390453295724094e-05,-2.400398704504925e-06,0.017454823865447708,5.453545529691693e-11
3548753189055.8955,2845197.1229042807,0.14236332668051876,0.001987361816808281,3229.9570834189794,0.17204637559381333,0.00026430832404196995,0.8496154883357857,-2.9976021664879227e-15,-4.914390783206102e-09,2,0.6749697362604744,8488330.450378561,290.24025253779405,0.1750147014814873,0.000656375605623068,0.001989742619680872,4.5387266299706994e-05,-2.3807483398768676e-06,0.01745475699479597,5.4532719942795515e-11
3548755967128.935,2778073.0399458385,0.14236446792497492,0.0019874040978555044,3229.9613162455234,0.1720409889261605,0.0002639895354447943,0.7820518087108116,-2.708944180085382e-14,-4.298751798970102e-09,2,0.6749351884581846,8488202.936795218,290.2413676288937,0.17501460418763065,0.0006564725219088386,0.00198976583276817,4.538417154573884e-05,-2.361680382644765e-06,0.01745469171062015,5.453007456964574e-11
3548758794406.2397,2827277.3039538367,0.14236562263944447,0.001987446927343594,3229.9656188425643,0.1720355012798451,0.0002636571063925776,0.709256817940933,1.7319479184152442e-14,-5.226852506368118e-09,2,0.6748736072780683,8488073.667254599,290.24255480908715,0.17501450517522543,0.0006565711499820368,0.001989789370252147,4.5381039323146e-05,-2.342388381110207e-06,0.017454625279185343,5.452740826640074e-11
3548761815812.722,3021406.4826853503,0.14236684908066446,0.0019874924729297015,3229.970211036753,0.17202962996573326,0.00026331176188067846,0.7105379577358782,2.6201263381153694e-14,-6.793706930352528e-09,2,0.6748462844176937,8487935.908882627,290.243886253562,0.17501439936956892,0.0006566765448330335,0.001989814442668453,4.537771147278419e-05,-2.3219152141116107e-06,0.017454554296508617,5.452458794001483e-11
3548765041765.638,3225952.9162335363,0.14236814999326977,0.0019875408475137782,3229.9751075088234,0.17202335381318076,0.00026294132988242643,0.6716619281956805,5.10702591327572e-15,-6.721914580509747e-09,2,0.6747978942116974,8487789.456466988,290.2453739006031,0.17501428640686342,0.0006567890688246209,0.001989841118413631,4.537418030953647e-05,-2.3002163782330636e-06,0.017454478519858624,5.452160956242579e-11
3548768584390.514,3542624.8764206413,0.14236956843875284,0.001987593668374612,3229.9804767733413,0.1720164527443472,0.0002625319041212742,0.6507734552900925,-9.43689570931383e-15,-4.904993078369557e-09,3,0.6747390767770712,8487629.408310449,290.24708530919094,0.1750141623622809,0.0006569126315102283,0.0019898703074886876,4.537032860697805e-05,-2.2765845957163913e-06,0.017454395318356422,5.4518377881306894e-11
3548772536716.5415,3952326.0277208406,0.14237113842980972,0.001987652226321305,3229.9864573037144,0.17200874241782704,0.00026207477828210456,0.6030119618840192,2.6645352591003757e-15,-6.226858251245915e-09,3,0.6746940773783696,8487451.633522073,290.2490954102833,0.17501402398059296,0.0006570504754236386,0.0019899027544813693,4.536606348753122e-05,-2.250473645238425e-06,0.017454302511519484,5.451482044453982e-11
3548777117421.376,4580704.834587798,0.1423729415729679,0.0019877196047719623,3229.9933758763004,0.17199979128032714,0.000261546963797764,0.5476177241092164,2.042810365310288e-14,-8.163705267349997e-09,3,0.6746510235839314,8487246.789251622,290.2515528192738,0.17501386360883325,0.0006572102237109756,0.00198994021970213,4.5361162394379385e-05,-2.2205604193669665e-06,0.017454194971603526,5.4510760584684067e-11
3548782688458.719,5571037.343677498,0.14237511078306514,0.001987800842824365,3230.0017715675854,0.1719888831707117,0.0002609053330972407,0.4743291860681434,-5.440092820663267e-15,-4.696403932413773e-09,3,0.6746045236313746,8486999.437260099,290.2547245614674,0.17501366858130607,0.0006574044926805055,0.0019899856064687703,4.535526244804453e-05,-2.1847091385019504e-06,0.017454064214180134,5.45059141391059e-11
3548789968580.6807,7280121.961799246,0.14237790620372834,0.0019879058339983143,3230.012711888009,0.17197459169786286,0.0002600889645700906,0.3483417456128781,1.1102230246251565e-15,-3.876049592399511e-09,3,0.6745816422516375,8486680.43784485,290.2591317482117,0.17501341374951881,0.0006576583326998659,0.0019900446755259193,4.5347652670651856e-05,-2.138787027871452e-06,0.017453893396559044,5.449973128578466e-11
3548801069997.328,11101416.648146177,0.1423820827519576,0.0019880633652568855,3230.029325551413,0.17195272232496847,0.000259091135386446,0.5081121240820214,-7.882583474838611e-15,-7.362226384088899e-10,3,0.6745816422516375,8486231.064099673,290.2655890490424,0.17501302521537032,0.0006580453533552741,0.0019901343923473002,4.533626776532987e-05,-2.070972599797478e-06,0.01745363303672793,5.4490632459813844e-11
3548815086547.4077,14016550.08010345,0.142387219298697,0.001988258206413506,3230.0502000199026,0.1719250173288076,0.00025816261772037066,0.5593356829406652,9.103828801926284e-15,-2.1128820915095048e-10,4,0.6745816422516375,8485720.463458695,290.2733901900505,0.1750125347461719,0.0006585339096742999,0.001990247546562915,4.5322240683308194e-05,-1.9892856697242947e-06,0.017453304501277238,5.4479665797674546e-11
3548831953917.7104,16867370.302600507,0.1423932112280803,0.0019884870226635864,3230.075164410252,0.17189158646981315,0.0002573894141581178,0.5306967974832076,6.661338147750939e-16,-2.1461377119891267e-10,4,0.6745816422516375,8485166.143747406,290.28283738820585,0.17501194464571715,0.0006591217052409404,0.001990384246277933,4.530584049066749e-05,-1.8971691471591037e-06,0.017452909419744766,5.4467186123909844e-11
3548852792427.362,20838509.651477177,0.14240034729719797,0.0019887616644360022,3230.1057521194216,0.17185020300792664,0.00025678046959267905,0.48354433942424546,2.6645352591003757e-15,-4.500191330691905e-10,4,0.6745816422516375,8484544.529044878,290.2951997665533,0.17501121579302817,0.0006598477057690042,0.0019905548535521914,4.528625342380741e-05,-1.7931346634155928e-06,0.017452421727494723,5.445276806604113e-11
3548879763052.5137,26970625.15193707,0.14240918480324263,0.001989104976435959,3230.144911731974,0.1717965783264868,0.00025633862683065146,0.4181567572422457,1.3322676295501878e-15,-5.833555860590423e-11,5,0.6745816422516375,8483809.645934245,290.3128774407667,0.17501027273161426,0.00066078706776626,0.001990779383177545,4.526190996557819e-05,-1.6743523060046504e-06,0.01745179117108071,5.443557900062558e-11
3548917300433.0386,37537380.52443241,0.1424208273972323,0.001989562469533495,3230.1985896594038,0.1717219230683308,0.00025606683922425346,0.4514964946356059,6.661338147750939e-16,-1.202260513366582e-12,5,0.6745816422516375,8482871.822409682,290.3408907782573,0.17500896065239704,0.0006620939823755076,0.0019910982376434307,4.522969037644572e-05,-1.5357136959045886e-06,0.017450914756759518,5.441403005984016e-11
3548967578582.0693,50278149.03014583,0.1424354383293579,0.0019901443674671996,3230.269059937405,0.17162199910945466,0.00025596908585775514,0.6116866630421526,-7.771561172376096e-16,-4.357427751955356e-10,6,0.6745816422516375,8481714.703733888,290.38391151238227,0.17500720396444022,0.0006638437229893558,0.0019915312349292357,4.5189021832767437e-05,-1.3868130734066354e-06,0.017449742912626735,5.438863078391645e-11
3549025435765.087,57857183.01750015,0.14245115458363658,0.0019907791063152043,3230.3483829469133,0.17150717641295646,0.00025598640422147724,0.7867594627240619,4.440892098500626e-16,-5.485264464866191e-10,6,0.6745816422516375,8480478.298361778,290.43957967078546,0.17500518333338183,0.000665856317094294,0.001992028939463538,4.514500443841529e-05,-1.2497787851475062e-06,0.01744839706387241,5.4363185403507657e-11
3549084141267.146,58705502.058424845,0.14246613347924747,0.001991392132798957,3230.4271998901845,0.17139086802785838,0.00025604334387098167,0.78962589330437,-1.2212453270876722e-15,-5.347476905726012e-10,6,0.6745816422516375,8479303.082075145,290.5013557091778,0.17500313386496125,0.0006678975842691194,0.00199252707176657,4.5102803071892104e-05,-1.1348846269634842e-06,0.017447034140792114,5.434065209340962e-11
3549143599312.15,59458045.003675096,0.14248045413828453,0.0019919855994554015,3230.5054920107414,0.17127327612215806,0.0002561056776358507,0.7902472209985258,-5.551115123125783e-16,-5.439899641856982e-10,6,0.6745816422516375,8478182.039846078,290.56839911173404,0.17500105882334174,0.0006699642704535041,0.0019930211265927113,4.506222781358519e-05,-1.0354728166293693e-06,0.017445656343974304,5.432068132054673e-11
3549203795868.3345,60196556.184350565,0.1424941880714418,0.001992561775350285,3230.5833732373817,0.1711544335389687,0.00025616159870681587,0.7895756587439351,2.220446049250313e-16,-5.441537220818304e-10,6,0.6745816422516375,8477110.00031144,290.64014368778044,0.17499895862497683,0.0006720559580428436,0.001993509269779007,4.5023099214654774e-05,-9.474401257218506e-07,0.017444263975951686,5.430299948922254e-11
3549264766020.65,60970152.3149891,0.1425073983868639,0.0019931224903556987,3230.6608739120893,0.17103427396238913,0.00025620740288592487,0.7894478423753348,2.220446049250313e-16,-5.572611261328575e-10,6,0.6745816422516375,8476082.457794553,290.7162218935061,0.17499683197853313,0.0006741739302583119,0.001993990884187492,4.498525109545611e-05,-8.683395444049589e-07,0.017442856209405944,5.428738791086413e-11
3549326524709.6553,61758689.0055846,0.14252013291009644,0.0019936693038869633,3230.7380873668844,0.17091277046646325,0.0002562421957548349,0.790581180690024,-1.1102230246251565e-16,-5.605703679023577e-10,6,0.6745816422516375,8475096.128762703,290.796342690456,0.17499467830003854,0.0006763187657175746,0.0019944657020777344,4.494856258714446e-05,-7.963439170892161e-07,0.01744143269012599,5.427368204802133e-11
3549389037277.917,62512568.26149146,0.14253242012382691,0.001994203033990895,3230.8150253201343,0.17078999350210705,0.0002562660112563132,0.7899981469363694,-1.2212453270876722e-15,-5.755445009469895e-10,6,0.6745816422516375,8474149.02738024,290.88021222144533,0.17499249873770323,0.0006784893179563807,0.001994933426246423,4.491296256471733e-05,-7.303379937719797e-07,0.017439994208945372,5.426175822581163e-11
3549452336272.942,63298995.024827205,0.1425442962218976,0.001994724860879257,3230.891758445809,0.17066588152680617,0.00025627920889569435,0.7896249214580687,-1.4432899320127035e-15,-5.780238510055824e-10,6,0.6745816422516375,8473238.443968102,290.9676719155535,0.17499029209851472,0.0006806867720302503,0.001995394331512711,4.4878355015911105e-05,-6.694163819565374e-07,0.017438540011716522,5.425150044637067e-11
3549516446734.1245,64110461.18318813,0.14255579065973656,0.001995235763503861,3230.96835189233,0.17054038822365594,0.0002562821941094854,0.7911439925314262,-5.551115123125783e-16,-5.929168267471141e-10,6,0.6745816422516375,8472362.12823195,291.05859139006105,0.17498805745331872,0.0006829120500668609,0.0019958486899902474,4.484466166947611e-05,-6.128722435739704e-07,0.017437069522956615,5.424281358987552e-11
3549581316696.0654,64869961.941123866,0.1425669160352735,0.0019957360016246294,3231.0447704075395,0.17041361802038704,0.0002562753661472199,0.7906051688625835,4.440892098500626e-16,-5.987279561026071e-10,6,0.6745816422516375,8471519.069891272,291.15275526326167,0.1749857965580344,0.0006851634003550758,0.0019962962703094444,4.481185251032956e-05,-5.602144491895678e-07,0.017435583933639982,5.4235624613274626e-11
3549646977519.9673,65660823.90160629,0.14257769706674978,0.0019962264102029717,3231.1210740559777,0.17028551242110623,0.0002562590954503594,0.790025904222856,1.5543122344752192e-15,-6.028368915167448e-10,6,0.6745816422516375,8470707.313003026,291.2500870321884,0.17498350826505873,0.0006874419624547057,0.0019967374379985486,4.477986101477471e-05,-5.109735657141626e-07,0.01743408252546974,5.4229859799920855e-11
3549713463208.6216,66485688.653778635,0.14258815576961179,0.001996707744282979,3231.1973209174357,0.17015600829444716,0.0002562337008708207,0.7915939556515754,-3.3306690738754696e-16,-5.792756274658473e-10,6,0.6745816422516375,8469925.10080153,291.35053389145673,0.17498119133561052,0.000689748966513885,0.0019971725599978547,4.4748627354638805e-05,-4.6476148942004e-07,0.017432564525226117,5.422545632196259e-11
3549780717414.07,67254205.4484152,0.1425982983563007,0.001997180074977835,3231.273471238117,0.17002521852200433,0.0002561995076774753,0.7913169789200946,0,-6.244738059990596e-10,6,0.6745816422516375,8469171.859598445,291.4539187877574,0.17497884767984515,0.0006920825071920152,0.0019976014331181523,4.471813855739338e-05,-4.213039179541328e-07,0.017431031222618274,5.422236373124167e-11
3549848760924.8677,68043510.7974903,0.14260814156030077,0.0019976439291570173,3231.3495503333793,0.16989310577718303,0.00025615678692049383,0.7907679174619029,6.661338147750939e-16,-6.371452254683163e-10,6,0.6745816422516375,8468446.200635642,291.5601915856472,0.17497647652006945,0.0006944433554287373,0.0019980243238930354,4.4688348826938725e-05,-3.80340515485353e-07,0.01742948214639847,5.4220531635236167e-11
3549883193912.515,34432987.64713701,0.14261299668680463,0.0019978744321010474,3231.3877543619083,0.16982631776915202,0.00025613270475190886,0.20320156803727007,-1.1102230246251565e-16,-5.442339912065108e-10,5,0.6745816422516375,8468089.896119127,291.61447901136665,0.1749752765984568,0.0006956380338750935,0.0019982353573572897,4.467359281147368e-05,-3.60871036248429e-07,0.01742869893984564,5.421999444207842e-11
3549951940902.652,68746990.13641064,0.14262238376092798,0.001998324973911435,3231.4635680208007,0.16969315684149885,0.00025607795575887505,0.7799024600110317,-1.4432899320127035e-15,-5.073991227177999e-10,6,0.6694749122456322,8467409.39844274,291.7242222944996,0.17497297187500405,0.0006979335208482453,0.0019986482299469404,4.464497807801282e-05,-3.232018155179563e-07,0.017427137125490984,5.4219990188593556e-11
3550022001857.682,70060955.0308079,0.1426315758809928,0.0019987716871471507,3231.5400104104583,0.16955766473547096,0.0002560146984514067,0.791647828970142,-3.3306690738754696e-16,-5.038593986483875e-10,6,0.6694749122456322,8466749.457026068,291.83756386468656,0.1749706229715248,0.0007002729394302431,0.001999058827499748,4.461677599718661e-05,-2.870861314346994e-07,0.017425547629723964,5.4221163190493194e-11
3550092870244.986,70868387.30306038,0.14264050809949325,0.0019992111839779165,3231.616448858002,0.16942082650404106,0.000255943617601662,0.7912988058680556,-3.3306690738754696e-16,-5.111564505000388e-10,6,0.6694749122456322,8466113.777379137,291.95362846098647,0.17496824681687975,0.0007026394252961373,0.0019994642140816993,4.458917057517514e-05,-2.5297588031167193e-07,0.01742394197054106,5.422347172479191e-11
3550164571177.5444,71700932.55886424,0.14264919280915575,0.001999643912082358,3231.6929252497125,0.1692825974000237,0.0002558649135906219,0.791494335142251,-1.1102230246251565e-16,-5.251052925814292e-10,6,0.6694749122456322,8465501.362066085,292.0723980020689,0.174965842516643,0.0007050338659424773,0.001999864578773751,4.4562127081344205e-05,-2.2061246451091188e-07,0.01742231958707978,5.422688237872777e-11
3550237105474.8774,72534297.33319007,0.14265763822533895,0.002000070127171904,3231.7694511085833,0.16914297974688017,0.0002557787665515182,0.792653507193132,-3.3306690738754696e-16,-5.295208715949684e-10,6,0.6694749122456322,8464911.534122381,292.1938251000788,0.17496340999055052,0.000707456337910336,0.00200026000087897,4.453562364764261e-05,-1.8981947569996965e-07,0.017420680470041566,5.423136619071364e-11
3550310429150.066,73323675.18856487,0.14266584686901537,0.0020004898024958105,3231.8459882957195,0.16900206193978426,0.00025568539632453164,0.7921695828472242,-1.1102230246251565e-16,-5.351308285383993e-10,6,0.6694749122456322,8464343.99183462,292.3177926833028,0.174960950660943,0.0007099054213551905,0.002000650339566275,4.450965598320056e-05,-1.6048283357077744e-07,0.017419025620574933,5.423689345787898e-11
3550384573430.204,74144280.13840531,0.14267382925677322,0.002000903344337765,3231.922582972852,0.1688597877364055,0.00025558491764422894,0.7916537259327477,6.661338147750939e-16,-5.44614242592445e-10,6,0.6694749122456322,8463797.879779253,292.44431474284056,0.1749584634272571,0.000712382208802308,0.0020010358715744363,4.448419442806249e-05,-1.3247299322798625e-07,0.017417354341110594,5.4243442041526594e-11
3550459571922.4272,74998492.22288907,0.14268159506176345,0.0020013111320774527,3231.99927987522,0.16871609675264032,0.00025547742121996374,0.7923422069367261,6.661338147750939e-16,-5.393830937450161e-10,6,0.6694749122456322,8463272.412614124,292.57341480215536,0.17495594710795395,0.0007148878731879759,0.002001416872322304,4.445921126229379e-05,-1.0568599385605794e-07,0.017415665884050663,5.42509936159866e-11
3550535401501.7075,75829579.27961008,0.14268914753088754,0.002001713202199529,3232.076057997494,0.16857103744143645,0.0002553630689719313,0.7930606696847884,-4.440892098500626e-16,-5.608380426735948e-10,6,0.6694749122456322,8462767.241294017,292.70502226559455,0.17495340242420587,0.0007174216926735948,0.0020017933096090814,4.4434698995709935e-05,-8.005315002782345e-08,0.01741396077991999,5.4259526060479226e-11
3550612036640.7427,76635139.03528813,0.14269648980344413,0.0020021095455898513,3232.152879133582,0.16842466260384406,0.00025524202903620517,0.792584434077849,-8.881784197001252e-16,-5.650016010605441e-10,6,0.6694749122456322,8462282.014653524,292.8390637808614,0.17495083017788765,0.0007199828650942833,0.0020021651121704368,4.441065057584918e-05,-5.551231157046428e-08,0.017412239610565084,5.426901696801705e-11
3550689509161.9785,77472521.23571032,0.1427036299303764,0.0020025005562546356,3232.229812118357,0.1682769155323648,0.00025511436861112597,0.7920848085502669,-1.3322676295501878e-15,-5.676877856686247e-10,6,0.6694749122456322,8461816.085173793,292.9755680818204,0.17494822924539605,0.0007225725053932998,0.0020025325730346666,4.438704279917667e-05,-3.19625005805137e-08,0.01741050166966665,5.4279453111780154e-11
3550767852912.2495,78343750.27171984,0.1427105754458636,0.0020028865558825563,3232.3069023534977,0.1681277360748346,0.00025498013596224626,0.7930644209982844,6.661338147750939e-16,-6.011162678731807e-10,6,0.6694749122456322,8461368.849516077,293.1145708672462,0.17494559843355229,0.0007251917975408534,0.0020028959512177888,4.436385356983147e-05,-9.341044407226683e-09,0.017408746208771413,5.429082380623484e-11
3550847028743.7925,79175831.54230937,0.14271732708636076,0.0020032674696033627,3232.3841121669448,0.1679772031271317,0.00025483950030534086,0.7935371264386134,2.220446049250313e-16,-6.345950431807523e-10,6,0.6694749122456322,8460940.13294757,293.25598051175456,0.17494293899963406,0.0007278394856797736,0.002003255138092152,4.434108289998969e-05,1.2385814319815794e-08,0.017406974115047692,5.4303108667195966e-11
3550927021657.753,79992913.9601261,0.1427238878570267,0.0020036433500167333,3232.4614296206023,0.16782534937045462,0.000254692591994812,0.7930730601879085,1.1102230246251565e-15,-6.226410498300083e-10,6,0.6694749122456322,8460529.613510901,293.3997489746714,0.17494025139012795,0.000730515121217625,0.002003610135789118,4.431872346612063e-05,3.3268543908348804e-08,0.017405185732105578,5.431629080903455e-11
3551007863728.2666,80842070.51373014,0.14273026433898978,0.0020040144678042287,3232.5388902072827,0.16767211822118944,0.0002545394490063364,0.7925876348681762,2.220446049250313e-16,-6.388944928659157e-10,6,0.6694749122456322,8460136.7578063,293.5459143693411,0.17493753446910992,0.0007332198308025009,0.002003961158060656,4.429675564338489e-05,5.3364073934906436e-08,0.01740338035154579,5.433036222850274e-11
3551089588984.5537,81725256.28708231,0.1427364626197256,0.0020043810980441075,3232.616536711649,0.16751744980098776,0.0002543800933151653,0.7935304028130509,1.5543122344752192e-15,-6.529429219526151e-10,6,0.6694749122456322,8459761.081278669,293.69452080640525,0.1749347870329511,0.0007359548082105278,0.0020043084278192364,4.427516096682862e-05,7.272457019152521e-08,0.01740155722431553,5.4345317318576925e-11
3551172157982.734,82568998.18014655,0.14274248306463788,0.0020047431713948608,3232.694337795471,0.1673614233329593,0.00025421468643444314,0.7940727231206361,4.440892098500626e-16,-6.836163857215638e-10,6,0.6694749122456322,8459402.450945782,293.8454800789236,0.17493201034721262,0.0007387187891145606,0.0020046518466411587,4.425394082897501e-05,9.13791148408912e-08,0.017399717240345544,5.436113770440656e-11
3551213854462.3975,41696479.66386101,0.14274545038067135,0.0020049235039477226,3232.733432247418,0.1672827069677121,0.00025412981795096387,0.20336201923603844,1.1102230246251565e-15,-1.0185809973251025e-09,5,0.6694749122456322,8459227.585022978,293.92197297844183,0.17493060786107725,0.0007401148217569232,0.0020048232991377534,4.4243405466323836e-05,1.0025917931441742e-07,0.01739878868213114,5.436934262071783e-11
3551234658469.12,20804006.722468708,0.14274691322183178,0.002005012872544878,3232.7528916461356,0.16724345105333777,0.00025408715124169095,0.05074441211411901,2.220446049250313e-15,-1.630919066464287e-09,4,0.6694749122456322,8459141.845196227,293.960202666866,0.1749299080325371,0.000740811420929715,0.00200490831426375,4.423819280075301e-05,1.0461265462119333e-07,0.017398325540216853,5.437348898286623e-11
3551255462475.8433,20804006.722468708,0.14274836197987015,0.002005101757739975,3232.7723143498024,0.1672042100889285,0.00025404423098607704,0.050488124401712464,-4.551914400963142e-15,-1.571186514226497e-09,4,0.6694749122456322,8459057.318580873,293.9984817652955,0.17492920814487026,0.0007415080716417499,0.0020049928104004257,4.4233015052081226e-05,1.0900171721749314e-07,0.017397862519058175,5.437767719331928e-11
3551297070489.2876,41608013.444937415,0.14275123424395986,0.0020052791681218966,3232.8112966795156,0.16712578023238014,0.0002539574128789371,0.1982830501070891,1.1102230246251565e-15,-1.0126337546267905e-09,5,0.6643403570311408,8458893.694840899,294.07522618115377,0.1749278620034788,0.0007428485247973207,0.002005161290656969,4.422278037947181e-05,1.1793185114860218e-07,0.017396936895330634,5.4386218744032237e-11
3551380286516.1772,83216026.88987483,0.1427567835732516,0.002005627428531687,3232.888812314242,0.1669691268281858,0.0002537799895769225,0.7656447814272626,1.9984014443252818e-15,-5.204396913427445e-10,6,0.6643403570311408,8458584.336087393,294.2293968536352,0.17492516888432988,0.0007455301763679475,0.0020054918867760626,4.420280623774497e-05,1.3559615952889334e-07,0.01739508728788464,5.4403900390318695e-11
3551465879038.1167,85592521.93975,0.1427622646835169,0.002005977846654971,3232.967949697063,0.16680824470310418,0.00025359336995185873,0.7941422585093678,4.440892098500626e-16,-5.326253882387277e-10,6,0.6643403570311408,8458285.428458497,294.3887498985413,0.1749223978208699,0.0007482893343357769,0.002005825480039112,4.418281976418855e-05,1.5242103861441477e-07,0.017393186781324354,5.442275432114271e-11
3551552321908.402,86442870.28488375,0.14276758050804972,0.0020063241474049293,3233.0472795144874,0.16664601245494307,0.0002534009800313968,0.7944332774284003,1.1102230246251565e-15,-5.514392276140256e-10,6,0.6643403570311408,8458002.304383323,294.5504317699772,0.17491959813707225,0.0007510768801044476,0.00200615570274039,4.4163174981591036e-05,1.6849910698154945e-07,0.017391269313248157,5.4442440657819144e-11
3551639607583.3555,87285674.95361793,0.14277273438076893,0.002006666424911491,3233.1268026053726,0.1664824488100071,0.00025320294206654034,0.7939915740401253,-3.3306690738754696e-16,-5.863162177988102e-10,6,0.6643403570311408,8457734.7378587,294.7144061073013,0.17491677001475142,0.0007538926283978959,0.002006482517728041,4.414386380870339e-05,1.8396164639449088e-07,0.017389335058566307,5.4462945367517786e-11
3551727768792.333,88161208.97777757,0.14277773128334934,0.002007004889238822,3233.20654781878,0.16631749717998123,0.00025299926022955086,0.7935333134622031,1.1102230246251565e-15,-5.926370505449086e-10,6,0.6643403570311408,8457482.381120417,294.8807178758038,0.174913912329682,0.0007567376941163541,0.0020068060696492892,4.4124870885624886e-05,1.9887407380108963e-07,0.01738738330046178,5.448426616925386e-11
3551816840025.4385,89071233.10592158,0.1427825756385434,0.0020073397497084953,3233.2865499831787,0.16615109809578768,0.00025278992183928775,0.7942139731184454,2.220446049250313e-16,-6.324087920006605e-10,6,0.6643403570311408,8457244.914467053,295.0494196235848,0.17491102389799526,0.0007596132512625366,0.0020071265193459214,4.410618211276637e-05,2.132848689772048e-07,0.017385413285782872,5.4506403432273065e-11
3551906792105.895,89952080.45695089,0.14278726813653847,0.0020076709643940633,3233.366784980293,0.16598331113216325,0.000252575059853883,0.7950643570852484,0,-6.370511895781306e-10,6,0.6643403570311408,8457022.199126055,295.2204453788915,0.17490810559924777,0.0007625184194675998,0.0020074438002292178,4.408779736537711e-05,2.2721869418776613e-07,0.017383425669811655,5.452934263438778e-11
3551997585150.4775,90793044.5823236,0.14279180907353664,0.002007998458750786,3233.4472200283944,0.1658142154740129,0.0002523548361209887,0.7946486670811284,2.220446049250313e-16,-6.774043548318787e-10,6,0.6643403570311408,8456814.104671292,295.3937090341299,0.17490515866153034,0.0007654519714765012,0.0020077578179997424,4.406971832650236e-05,2.406953041105311e-07,0.017381421341332595,5.455306620079083e-11
3552089250987.712,91665837.23411906,0.14279620228923853,0.002008322416667181,3233.52788626275,0.1656437566768469,0.0002521292377795061,0.7942089146149162,-1.1102230246251565e-16,-7.114543398856199e-10,6,0.6643403570311408,8456620.340042219,295.56926190158555,0.1749021819850815,0.0007684149972525989,0.00200806872899436,4.405193254570174e-05,2.537422503961712e-07,0.017379399605100317,5.457757555447067e-11
3552181823625.7827,92572638.07114422,0.14280045135608602,0.0020086430232081278,3233.6088182757885,0.16547187664383575,0.0002518982401026609,0.7942812653601028,2.220446049250313e-16,-7.24441728827685e-10,6,0.6643403570311408,8456440.64197926,295.7471610022448,0.1748991743965351,0.0007714086597287537,0.0020083766921006633,4.4034428105861286e-05,2.6638571033914103e-07,0.017377359720189466,5.4602873903030194e-11
3552275307777.177,93484151.39440124,0.14280455815315332,0.002008960407859108,3233.690047425152,0.16529857193928058,0.00025166188450747435,0.795760911605041,1.1102230246251565e-15,-7.588644157507929e-10,6,0.6643403570311408,8456274.844287692,295.9274079575589,0.17489613567208923,0.0007744331764303848,0.002008681808415665,4.4017199743255494e-05,2.78654072403097e-07,0.017375301592612503,5.462895767467764e-11
3552369624607.7495,94316830.57278247,0.14280852113583925,0.002009274338772417,3233.771498417884,0.16512399367053887,0.0002514204291642445,0.7953706208799551,6.661338147750939e-16,-7.797467116432699e-10,6,0.6643403570311408,8456122.886224829,296.109843385769,0.17489306830489604,0.0007774860607006992,0.0020089838499280513,4.400025651520778e-05,2.9054350016581236e-07,0.01737322696495657,5.46557989985871e-11
3552464804878.3447,95180270.59550843,0.14281234341056406,0.002009585027071497,3233.853221557374,0.16494808975753852,0.00025117385174401645,0.7949491883556605,-3.3306690738754696e-16,-8.093276049336851e-10,6,0.6643403570311408,8455984.542616155,296.29451936973317,0.17488997122514008,0.0007805683720960828,0.002009283002748077,4.398358804295256e-05,3.0207900682109136e-07,0.017371135166476672,5.4683401348156757e-11
3552560881950.394,96077072.04895134,0.14281608304779395,0.002009895753799632,3233.9358796778483,0.16477080359472662,0.00025092177824036314,0.7936539975781156,6.661338147750939e-16,-6.425956433631086e-10,6,0.6591787990343189,8455862.24844451,296.4815755562474,0.17488696498775577,0.00078356144979415,0.0020095819957171666,4.3967185026065617e-05,3.138127942905949e-07,0.017369025473468896,5.471182409339482e-11
3552657943375.788,97061425.39373767,0.14281969427628632,0.0020102042388643036,3234.0190739462328,0.16459197911401408,0.00025066402877553745,0.7953892283392785,-1.3322676295501878e-15,-6.802387542137467e-10,6,0.6591787990343189,8455754.180958629,296.6711870683351,0.17488392625337848,0.0007865867520783898,0.002009878991910819,4.395104740914395e-05,3.2530169455881706e-07,0.017366895973715463,5.4741077058398936e-11
3552755892221.3447,97948845.55736086,0.14282316774395082,0.002010509655005638,3234.1025779171364,0.1644118003610231,0.0002504011437178941,0.7960931712024805,6.661338147750939e-16,-7.366368626193776e-10,6,0.6591787990343189,8455659.29571349,296.86311688457596,0.17488085798161532,0.0007896413273883651,0.0020101735846576054,4.393517667578634e-05,3.361251191359914e-07,0.017364748802579703,5.4771102062188975e-11
3552854692889.555,98800668.21020342,0.14282650577974226,0.0020108119930985187,3234.186362030985,0.16423033785826519,0.0002501333452312642,0.7956980774357497,6.661338147750939e-16,-7.554411540766637e-10,6,0.6591787990343189,8455577.429739948,297.05726614150785,0.174877761215641,0.0007927241323182444,0.0020104655528532076,4.39195688345224e-05,3.464950471871225e-07,0.01736258474586602,5.480187495334129e-11
3552954377527.742,99684638.18761513,0.1428297119837825,0.0020111114328452587,3234.2704582540864,0.16404753768653307,0.0002498606170616879,0.7952848639532217,8.881784197001252e-16,-7.999443329964606e-10,6,0.6591787990343189,8455508.392836342,297.2536826877121,0.1748746348751718,0.000795836237272175,0.0020107549774935037,4.390421225008223e-05,3.5651018515432235e-07,0.017360403105059655,5.483339783396523e-11
3553054980170.1313,100602642.38859017,0.14283278920309533,0.0020114081577124973,3234.3549085553905,0.1638633428771572,0.0002495829201683208,0.7948664110550216,-1.4432899320127035e-15,-8.445507626575477e-10,6,0.6591787990343189,8455452.016858712,297.45242457626864,0.17487147781755757,0.0007989787744339502,0.002011041992272434,4.3889096991138854e-05,3.662203057367948e-07,0.017358203142533554,5.4865676273714606e-11
3553156535991.891,101555821.7595462,0.1428357400045426,0.002011702284992558,3234.439731439775,0.16367769479741331,0.00024930020645688283,0.7963268884927932,1.1102230246251565e-15,-1.333792409852208e-09,5,0.6591787990343189,8455408.13574108,297.6535556710716,0.1748682888608517,0.0008021529147796997,0.0020113266955895837,4.387421362244476e-05,3.7564430169363833e-07,0.017355984097883675,5.489871744148607e-11
3553258959971.03,102423979.13912055,0.14283856342205345,0.0020119936159432457,3234.5248583733883,0.16349075436756694,0.00024901276545845216,0.7964980881574809,-3.3306690738754696e-16,-1.1734189175882648e-09,5,0.6591787990343189,8455376.640988054,297.8569025614416,0.17486507059792095,0.0008053560719861029,0.0020116088772224945,4.385957053043663e-05,3.8479365324039304e-07,0.017353747835620017,5.4932489743013615e-11
3553362248426.832,103288455.80181085,0.14284126091931615,0.002012282189734305,3234.6102889559893,0.16330253350513418,0.00024872065897711925,0.7961110312258366,6.661338147750939e-16,-1.0104678205280493e-09,5,0.6591787990343189,8455357.380133666,298.0624529465063,0.17486182306895415,0.0008085882005977097,0.0020118885622739204,4.384516401336914e-05,3.9368242737359715e-07,0.017351494440699066,5.49669878823465e-11
3553466433973.107,104185546.27507837,0.14284383368030043,0.002012568549646268,3234.696228503388,0.16311297815175108,0.0002484238289613148,0.79573145593103,-1.2212453270876722e-15,-8.403310269855524e-10,5,0.6591787990343189,8455350.327274593,298.2702667491813,0.17485854517117025,0.0008118503925087277,0.002012166165207648,4.383098885950182e-05,4.024394408395773e-07,0.017349223206869564,5.50022220228057e-11
3553571549463.1797,105115490.07262897,0.14284628299962557,0.002012852661480219,3234.782648965721,0.16292203420378204,0.00024812221084384437,0.7956476918676361,6.661338147750939e-16,-6.377928185585802e-10,5,0.6591787990343189,8455355.38336388,298.48040494016993,0.17485523579059892,0.0008151437504144076,0.002012441828140775,4.381703806651968e-05,4.108883776459638e-07,0.01734693342454041,5.503820088331552e-11
3553677608779.989,106059316.8088872,0.1428486116378257,0.0020131343310998257,3234.8694414512697,0.16272968232978643,0.00024781582871002446,0.7973427540702155,-1.1102230246251565e-16,-1.1353414874903933e-09,6,0.6591787990343189,8455372.29274543,298.6928972705365,0.17485189440760826,0.00081846878525325,0.002012715288121767,4.380330362358636e-05,4.190980529830682e-07,0.01734462479864846,5.507492463586377e-11
3553784506590.177,106897810.18858938,0.14285088644413868,0.002013417382879058,3234.9573855720973,0.16253611879932028,0.0002475045002164211,0.7959064002045074,2.220446049250313e-16,-9.835224856757918e-10,6,0.6539910725742221,8455404.881395116,298.90764930494714,0.17484865691888368,0.0008216917406345536,0.0020129894769799045,4.3789810898169444e-05,4.279610115926262e-07,0.017342299628140868,5.511243893271764e-11
3553892346699.5474,107840109.37082928,0.14285304010393024,0.002013698151635267,3235.04577131984,0.16234116091967615,0.0002471881845172656,0.7965807112802342,0,-1.0462719579606983e-09,6,0.6539910725742221,8455449.665118853,299.12484195274544,0.17484538855577605,0.000824945279686646,0.002013261937130312,4.377654797938566e-05,4.3626965568567645e-07,0.01733995565917564,5.515073100690563e-11
3554001091358.629,108744659.0815644,0.14285507350045806,0.002013976450203168,3235.134513892403,0.16214488261630744,0.00024686727986905724,0.7961958652016182,-1.1102230246251565e-16,-1.1130181221119528e-09,6,0.6539910725742221,8455505.979599064,299.3443490532425,0.17484209037957685,0.0008282283404226253,0.0020135324495465976,4.376350495255139e-05,4.4405584633257816e-07,0.01733759371725001,5.51897626243227e-11
3554110774653.1094,109683294.4807306,0.14285699023573772,0.002014252508759581,3235.2236653152854,0.16194722819336885,0.0002465417854088056,0.7959497043191418,1.5543122344752192e-15,-1.1796874588299033e-09,6,0.6539910725742221,8455573.746953432,299.5662123694066,0.1748387612732351,0.0008315420291302875,0.0020138010350448043,4.3750670129791915e-05,4.5152894431544576e-07,0.017335213067430983,5.522953555981667e-11
3554221421790.6514,110647137.54202172,0.142858792288333,0.0020145265599767286,3235.313296956246,0.1617481583506739,0.00024621167468591546,0.7978393863714711,-7.771561172376096e-16,-1.2288808859395317e-09,6,0.6539910725742221,8455652.918164847,299.79047066715196,0.1748354003857832,0.0008348871869378811,0.002014067840726543,4.3738036997793535e-05,4.5877452023829616e-07,0.017332813169268876,5.527005457298483e-11
3554332908977.375,111487186.72420865,0.14286047951537112,0.0020147981348502277,3235.4032224726525,0.16154790143250078,0.00024587737395648435,0.8039556573247175,-8.881784197001252e-16,-1.3186669534093198e-09,6,0.6539910725742221,8455743.205695665,300.01686784309305,0.17483201139509347,0.0008382601474365949,0.0020143324167015094,4.3725613930096416e-05,4.657734599853919e-07,0.01733039671156318,5.53112689673679e-11
3554444814473.8145,111905496.43940578,0.14286204804871702,0.0020150662891561815,3235.493107027526,0.16134721804187926,0.00024554021346931615,0.8048841529384454,-8.881784197001252e-16,-1.3536600729224801e-09,6,0.6539910725742221,8455844.045516474,300.2445408644797,0.17482860705917908,0.0008416482084591048,0.002014593798791169,4.371344160853171e-05,4.725457180273505e-07,0.017327972826013758,5.53530165006965e-11
3554557075042.8403,112260569.02541782,0.142863499641207,0.002015331097055003,3235.5829610417654,0.16114622282361618,0.00024520044639787683,0.8049758651318406,-5.551115123125783e-16,-1.413763439650495e-09,6,0.6539910725742221,8455955.16633565,300.4733517899412,0.1748251892547481,0.0008450494986802926,0.0020148520174057666,4.370152067048765e-05,4.791350445018669e-07,0.017325542864002254,5.539526670894452e-11
3554669685395.5986,112610352.75807643,0.1428648369179482,0.002015592560397513,3235.6727560209642,0.1609449262612664,0.0002448581506393895,0.8050879346521711,-3.3306690738754696e-16,-1.4584450314103492e-09,6,0.6539910725742221,8456076.306778047,300.7032815203139,0.17482175809802955,0.0008484638989267858,0.0020151071156449115,4.368984452102093e-05,4.855001906108876e-07,0.017323106920928408,5.543800999963934e-11
3554782638759.4873,112953363.88913871,0.14286606279808156,0.0020158506975096846,3235.7624667460173,0.16074334145539593,0.0002445134160721167,0.8051854183399598,-4.440892098500626e-16,-9.005050038979334e-10,7,0.6539910725742221,8456207.189015016,300.9343097136567,0.1748183137512247,0.0008518912442589562,0.0020153590814856537,4.3678406377632246e-05,4.916715052661583e-07,0.017320665124475054,5.548123623603684e-11
3554839284040.0737,56645280.586490855,0.14286664325157597,0.0020159789385820436,3235.8073539635466,0.16064234982382805,0.0002443401333171333,0.2026006445943196,-1.9984014443252818e-15,-3.0922897575891284e-10,5,0.6539910725742221,8456275.506698823,301.0503144302832,0.17481658557190058,0.0008536108360148133,0.0020154844137783485,4.367275141181959e-05,4.945803067149933e-07,0.017319441066755027,5.550302382429816e-11
3554952546458.446,113262418.37269938,0.14286775996682977,0.0020162348810450733,3235.897404452473,0.16044070006130523,0.00024399222128354444,0.8010843008388058,4.440892098500626e-16,-7.123148737520069e-10,7,0.6487780234628371,8456422.617037915,301.2826224423847,0.17481326532069635,0.0008569159843152917,0.0020157338367407713,4.366167635384172e-05,5.010998512329608e-07,0.01731699489686064,5.554693004048599e-11
3555066437412.096,113890953.64959195,0.14286879002026584,0.0020164897778704796,3235.9880064578892,0.16023825604528347,0.0002436405397894363,0.805008535942342,0,-7.098317489351302e-10,7,0.6487780234628371,8456581.982258352,301.51672750203414,0.17480992390600975,0.0008602420408771592,0.002015982147052638,4.3650834685825405e-05,5.076864093340286e-07,0.017314536664123838,5.559149233574683e-11
3555180680911.1387,114243499.04330051,0.14286971210373475,0.002016741536401249,3236.078562014938,0.1600355102501759,0.0002432864222009551,0.8053744957048359,4.440892098500626e-16,-7.052848305377779e-10,7,0.6487780234628371,8456750.456838347,301.7519986426668,0.1748065693716122,0.0008635809952340817,0.0020162279871727786,4.364022331888039e-05,5.136048650164431e-07,0.017312072311787073,5.56365454263854e-11
3555295252007.612,114571096.47245763,0.14287053140240713,0.0020169902635761984,3236.1690557404063,0.15983250792954246,0.0002429301233825567,0.8055292735620334,8.881784197001252e-16,-7.096909726556078e-10,7,0.6487780234628371,8456927.740548061,301.9883426619956,0.17480320240748728,0.0008669321574503923,0.0020164711434693446,4.362983068465437e-05,5.191757889155116e-07,0.017309602360381725,5.5682060056533745e-11
3555410140601.7256,114888594.1142498,0.14287125142546567,0.002017236051607567,3236.2594853017135,0.1596292678914678,0.00024257175251881204,0.8056332950756584,0,-7.21445791995734e-10,7,0.6487780234628371,8457113.616869418,302.2257169849247,0.17479982326965146,0.0008702952695823291,0.0020167115942194185,4.361964889197858e-05,5.245131161694478e-07,0.01730712701019361,5.572802099565086e-11
3555525340135.4565,115199533.73119596,0.14287187490315534,0.0020174789676864254,3236.3498471335497,0.1594258026211752,0.00024221138876335022,0.805722895347305,6.661338147750939e-16,-7.203593277438358e-10,7,0.6487780234628371,8457307.863590559,302.4640959535969,0.1747964321111281,0.0008736701761932192,0.002016949358585777,4.3609671580449755e-05,5.296648750673883e-07,0.017304646385380845,5.5774417587610336e-11
3555640845027.4595,115504892.00278464,0.14287240388089936,0.0020177191636862666,3236.4401793691927,0.15922212283951354,0.0002418490988432769,0.8057941081052178,2.220446049250313e-16,-7.004173907532163e-10,7,0.6487780234628371,8457510.299682453,302.7034595585475,0.17479302905701474,0.0008770567496278823,0.002017184544335029,4.359989401490086e-05,5.346751724802648e-07,0.017302160589288643,5.5821241763692685e-11
3555756650969.579,115805942.11971001,0.14287284061065114,0.0020179566423066883,3236.53045796191,0.1590182369911383,0.00024148494511366502,0.8058772985042317,2.220446049250313e-16,-7.245614108697396e-10,7,0.6487780234628371,8457720.718579695,302.94379257913783,0.17478961419557532,0.0008804548988692898,0.002017417170185927,4.359031093996951e-05,5.395279892472475e-07,0.01729966969808039,5.586848593036743e-11
3555872752753.433,116101783.85396507,0.1428731872931641,0.0020181914414146708,3236.620673539183,0.1588141550786894,0.00024111899371272885,0.8059511483193837,2.220446049250313e-16,-7.103369004113347e-10,7,0.6487780234628371,8457938.917994943,303.1850793152848,0.17478618764224813,0.0008838645058382843,0.002017647253111064,4.358091742702871e-05,5.442442197501289e-07,0.017297173807491822,5.591614261791682e-11
3555989145801.8374,116393048.40447101,0.1428734458361138,0.002018423629737266,3236.710832409515,0.15860988596432504,0.00024075130440593762,0.8060198161685683,-3.3306690738754696e-16,-7.305498428422652e-10,7,0.6487780234628371,8458164.721187072,303.4273053388827,0.17478274949447667,0.0008872854703443615,0.0020178748506135763,4.357170911298585e-05,5.488350878942716e-07,0.017294672999879097,5.596420519261997e-11
3556105825874.964,116680073.12639354,0.14287361803302723,0.0020186532718789642,3236.800940507604,0.1584054378908254,0.00024038193291448212,0.8060858902592116,8.881784197001252e-16,-7.220017916864663e-10,7,0.6487780234628371,8458397.960735269,303.6704572198616,0.174779299840313,0.000890717701519895,0.0020181000237524923,4.356268188419448e-05,5.533041391408582e-07,0.01729216735054787,5.6012667462804545e-11
3556222788886.6455,116963011.68205401,0.14287377962298536,0.0020188849832524763,3236.8919902012917,0.15820081854749057,0.00024001029002722996,0.8042820612286228,-9.992007221626409e-16,-5.413921533303778e-10,7,0.6435405085975209,8458643.204198549,303.914655090124,0.17477597814626483,0.0008940240372901447,0.002018326305160825,4.355385900762002e-05,5.587341532774281e-07,0.01728965693291257,5.6061627848323265e-11
3556340166928.647,117378042.00162531,0.1428738539628573,0.002019114540171954,3236.9831566887774,0.15799579786953977,0.00023963626349883708,0.8059694783790761,-8.881784197001252e-16,-5.38940669869703e-10,7,0.6435405085975209,8458896.57533389,304.16014713840775,0.1747726416732946,0.000897344924871814,0.002018551035489845,4.3545223942242446e-05,5.635607931875115e-07,0.017287138897543075,5.61110801337779e-11
3556457838098.8354,117671170.18807214,0.14287384380613766,0.0020193415033076955,3237.0742330172297,0.15779058994734,0.0002392605735058469,0.8062086792604006,2.220446049250313e-16,-5.413799408771069e-10,7,0.6435405085975209,8459156.95803109,304.40662243879757,0.1747692938448775,0.0009006769536834283,0.0020187736406570797,4.353676612600831e-05,5.679188115571877e-07,0.01728461584549656,5.616094118495708e-11
3556575785627.919,117947529.0833001,0.1428737530550156,0.0020195660403999473,3237.165242542746,0.15758522481640685,0.00023888337619065332,0.8063017906123626,1.3322676295501878e-15,-5.55827495141159e-10,7,0.6435405085975209,8459424.182183309,304.6540133224449,0.1747659351020965,0.0009040196818396913,0.0020189940418665507,4.3528477202644825e-05,5.720547445896121e-07,0.01728208812130319,5.621119022937492e-11
3556694003338.491,118217710.5724588,0.1428735840460106,0.00201978823065344,3237.256190853918,0.15737971398215284,0.0002385047404801664,0.8063789305734481,6.661338147750939e-16,-5.365101696241936e-10,7,0.6435405085975209,8459698.089876529,304.90229075525383,0.17476256558608755,0.0009073729659990418,0.0020192122628201574,4.352035150810661e-05,5.760240951008099e-07,0.01727955584261955,5.626181671608308e-11
3556812486181.8857,118482843.39446978,0.14287333961330154,0.002020007720073699,3237.34690432,0.15717406695828992,0.00023812474404625369,0.8064866169332774,1.5543122344752192e-15,-5.319611418030945e-10,7,0.6435405085975209,8459978.369491406,305.1514374594396,0.17475918540671953,0.0009107366939290424,0.0020194279835430164,4.3512380681489735e-05,5.797928434948024e-07,0.017277019103166612,5.631280958115891e-11
3556931226824.496,118740642.6098588,0.14287302122814274,0.0020202250249215844,3237.437573440134,0.15696829718467947,0.00023774344007741687,0.806509084239071,-1.3322676295501878e-15,-5.429532379253033e-10,7,0.6435405085975209,8460264.98505891,305.40143049694814,0.174755794739813,0.0009141106877594306,0.0020196415631688206,4.350456399784551e-05,5.835181169246567e-07,0.01727447804579328,5.6364163768151303e-11
3557050224169.733,118997345.23666403,0.14287263008251455,0.0020204401721577755,3237.528195795613,0.1567624072571564,0.00023736085972089825,0.8065608178564609,2.220446049250313e-16,-5.336648900566843e-10,7,0.6435405085975209,8460557.815439038,305.65226179838874,0.17475239358369968,0.0009174949462206072,0.002019853082228523,4.349689812649349e-05,5.871463451281951e-07,0.017271932680065962,5.641587504705601e-11
3557169474947.94,119250778.20682569,0.1428721676139364,0.0020206531904519488,3237.618766863565,0.15655640352519742,0.0002369770468484403,0.8066131121364783,-7.771561172376096e-16,-5.391441737501168e-10,7,0.6435405085975209,8460856.718010386,305.9039216482374,0.17474898199913866,0.0009208894058971623,0.0020200625628357207,4.3489379658012564e-05,5.906840841654157e-07,0.017269383062272818,5.6467938584337043e-11
3557288975824.938,119500876.99813616,0.14287163521347665,0.002020864116514399,3237.709285860829,0.15635029243057455,0.00023659204503751594,0.8066632015135689,2.220446049250313e-16,-5.276853398683556e-10,7,0.6435405085975209,8461161.560205694,306.15640043979056,0.17474556004916222,0.0009242940010877882,0.0020202700366257474,4.348200540048988e-05,5.941364090019643e-07,0.017266829250261385,5.6520349782482096e-11
3557348849716.086,59873891.147353314,0.14287134792062917,0.0020209690497338365,3237.7545698105755,0.15624712551035874,0.00023639905625677494,0.20260207428401955,2.220446049250313e-15,-1.080381339946257e-10,5,0.6435405085975209,8461315.772255642,306.2830186450532,0.17474384452925223,0.0009260007643312708,0.0020203733384713935,4.347835804802341e-05,5.957678091345335e-07,0.017265550063304328,5.654668715693931e-11
3557468567329.121,119717613.03525893,0.1428707875994913,0.00202118121973018,3237.8458939967763,0.15604112685041,0.0002360122344308564,0.8027548614730762,-8.881784197001252e-16,-3.748165111616686e-10,7,0.6382793955461918,8461633.559003605,306.53651089932794,0.1747405513412974,0.0009292786040760427,0.0020205810474138858,4.3471231571678036e-05,6.002289159400164e-07,0.01726299332037156,5.659964755209666e-11
3557588823974.9517,120256645.83007117,0.14287015686466542,0.002021392160503048,3237.9375175205096,0.15583452522596566,0.00023562292411346097,0.8064874884583517,4.440892098500626e-16,-3.8606451369105343e-10,7,0.6382793955461918,8461958.88670829,306.79154179528484,0.17473724015522538,0.0009325742024417326,0.002020788087325387,4.346425396901489e-05,6.041298307931188e-07,0.0172604261812298,5.665313148552547e-11
3557709342214.3813,120518239.42969745,0.14286945613620392,0.0020216010749375445,3238.0291166257807,0.15562779885144531,0.00023523238788943212,0.8067296994318518,-1.1102230246251565e-16,-3.6480596321553094e-10,7,0.6382793955461918,8462289.876247063,307.0474700596549,0.17473391856721915,0.0009358799958684109,0.002020993537150541,4.3457421073139356e-05,6.075944939838715e-07,0.017257854558114964,5.6706980928704604e-11
3557830104483.6543,120762269.27343595,0.1428686892888841,0.002021808032374432,3238.120675428457,0.15542097854444686,0.0002348407858482042,0.8068270881955719,6.661338147750939e-16,-3.675200144215296e-10,7,0.6382793955461918,8462626.36647799,307.3042241878535,0.17473058702938818,0.00093919553172216,0.0020211972556382326,4.345072441474569e-05,6.108334973750175e-07,0.017255278812993973,5.676117407968164e-11
3557951103973.557,120999489.90255934,0.14286785871820218,0.002022013095222258,3238.2121920180366,0.15521407661250244,0.00023444818522380564,0.8068898282864723,-1.3322676295501878e-15,-3.685765026517629e-10,7,0.6382793955461918,8462968.216528941,307.5617739437198,0.17472724569895404,0.0009425206508736808,0.002021399217528556,4.344415866169905e-05,6.139345093994895e-07,0.01725269907858318,5.681570034552034e-11
3558072336436.5576,121232463.00058445,0.1428669660984057,0.0020222163220354385,3238.3036711028954,0.15500710094658343,0.0002340546333445299,0.8069411638889079,0,-3.594691211361578e-10,7,0.6382793955461918,8463315.295624178,307.82010224331657,0.17472389466323884,0.0009458552637490992,0.002021599443307822,4.3437719989163623e-05,6.169355981697664e-07,0.01725011543320995,5.687055304553914e-11
3558193798457.4824,121462020.92518513,0.14286601288149592,0.002022417741347962,3238.3951078821633,0.15480005799373733,0.0002336601718216119,0.8069890497508503,2.220446049250313e-16,-3.5853453539402835e-10,7,0.6382793955461918,8463667.477426024,308.07919701492784,0.17472053398712056,0.0009491993030937119,0.0020217979478913198,4.3431405073883004e-05,6.198503823699452e-07,0.01724752793767424,5.692572694027546e-11
3558315486860.4185,121688402.93563701,0.14286500036730604,0.00202261738447302,3238.486500385434,0.15459295377415067,0.00023326483957304025,0.8070326271147898,6.661338147750939e-16,-3.5946035037426327e-10,7,0.6382793955461918,8464024.644830165,308.3390481414158,0.1747171637293173,0.0009525527077629356,0.0020219947516418755,4.342521096953682e-05,6.226898123631133e-07,0.017244936647869965,5.6981217527933884e-11
3558437398775.7236,121911915.30502477,0.14286392974514628,0.0020228152837696396,3238.5778483069053,0.1543857937690234,0.00023286867259192975,0.8070734527909629,2.220446049250313e-16,-3.5911029705459896e-10,7,0.6382793955461918,8464386.689529004,308.5996468224322,0.17471378394047546,0.0009559154246233047,0.002022189880615012,4.341913499047791e-05,6.254601916486504e-07,0.017242341613346465,5.703702082838036e-11
3558559531524.787,122132749.06337021,0.14286280213623972,0.0020230114699963243,3238.6691514653617,0.15417858311884783,0.00023247170496655512,0.8071121360142541,1.1102230246251565e-15,-3.5222524896738605e-10,7,0.6382793955461918,8464753.508282704,308.8609851256152,0.17471039466631588,0.0009592874054195849,0.0020223833610023023,4.341317460693851e-05,6.281660871572274e-07,0.01723974287975642,5.709313318576845e-11
3558620707050.148,61175525.361069046,0.1428622208971068,0.0020231091272941595,3238.7148243959837,0.1540748941283452,0.00023227286740962297,0.2026016815426246,8.881784197001252e-16,-3.152768046632559e-10,6,0.6382793955461918,8464938.364184726,308.9920007362543,0.17470869594346583,0.0009609774059409209,0.002022479736516142,4.341022658154462e-05,6.294478993280317e-07,0.01723844150095661,5.7121308835784814e-11
3558743027394.302,122320344.15340185,0.14286108397038869,0.002023306908752478,3238.8068641778495,0.15386785141445253,0.00023187464190511882,0.8033771561888337,1.5543122344752192e-15,-2.0259527389043797e-10,7,0.6329955621256041,8465316.226770632,309.2542533089776,0.17470543641214117,0.0009642216758745022,0.0020226738497922275,4.340446888906153e-05,6.331161381676526e-07,0.017235840254659986,5.71779140058463e-11
3558865850893.039,122823498.73695232,0.1428598923805513,0.0020235037630130007,3238.8991475706393,0.15366028155379927,0.0002314742838565364,0.8068971157904059,-4.440892098500626e-16,-1.9754797797588708e-10,7,0.6329955621256041,8465700.912147017,309.5179694251778,0.17470216016439435,0.000967482432579712,0.0020228674813649885,4.3398838356663e-05,6.363388830264237e-07,0.017233229278668088,5.723501490115907e-11
3558988910321.121,123059428.08150052,0.1428586425952736,0.002023698912444836,3238.991403608555,0.15345263758230884,0.00023107304793630807,0.8071409476895219,1.1102230246251565e-15,-1.906056423806035e-10,7,0.6329955621256041,8466090.195969304,309.7825188276293,0.17469887428870495,0.0009707526181805992,0.0020230598365270263,4.339332671281546e-05,6.391332102603721e-07,0.01723061424457617,5.7292448595111164e-11
3559112187506.911,123277185.79037665,0.14285733826188896,0.0020238925341442733,3239.0836620134796,0.15324495076951108,0.00023067109232535678,0.8072130039393777,4.440892098500626e-16,-1.9490764557872353e-10,7,0.6329955621256041,8466483.959860278,310.0478253998311,0.17469557924162837,0.0009740317758186073,0.0020232508473734118,4.338792641914375e-05,6.417441210552503e-07,0.017227995527618563,5.735019305797238e-11
3559235677323.6826,123489816.77126195,0.1428559812138295,0.0020240846143213752,3239.1758966762113,0.15303723031929184,0.00023026846936043506,0.8072859825070111,-1.4432899320127035e-15,-2.008467836489558e-10,7,0.6329955621256041,8466882.089563202,310.31386163123193,0.17469227513282837,0.0009773197938872933,0.0020234404699534135,4.338263257416338e-05,6.442017761972239e-07,0.01722537322610008,5.74082386817154e-11
3559359374546.6978,123697223.0153001,0.14285457359676548,0.0020242751767891487,3239.2680929882104,0.15282948557025164,0.00022986522927105147,0.8073221186011281,-2.220446049250313e-15,-1.9877555157421511e-10,7,0.6329955621256041,8467284.444734557,310.58060991389146,0.1746889620753935,0.0009806165573659701,0.002023628647079617,4.337744127776803e-05,6.465871761057641e-07,0.017222747440621085,5.746657842456407e-11
3559483276751.253,123902204.5549298,0.14285311614543975,0.002024464201414008,3239.3602347513015,0.15262172113347308,0.00022946140591875274,0.8073676194264578,-4.440892098500626e-16,-1.8558765635390273e-10,7,0.6329955621256041,8467690.914777316,310.8480605784972,0.1746856401079763,0.0009839220252922383,0.0020238153658775388,4.3372349459977e-05,6.488930616757838e-07,0.01722011821253171,5.7525207769291443e-11
3559607380779.813,124104028.56039242,0.14285161003953648,0.002024651726973389,3239.452324286781,0.1524139428347726,0.00022905703354390275,0.8073997212476591,-7.771561172376096e-16,-2.045674740713821e-10,7,0.6329955621256041,8468101.401932186,311.11620398428806,0.17468230928927053,0.0009872361367431368,0.00202400064088862,4.3367354678035456e-05,6.511436688902857e-07,0.017217485598917982,5.758412271618942e-11
3559731684489.9277,124303710.1152019,0.1428500563702169,0.0020248378140948495,3239.544373652333,0.1522061547835311,0.00022865213806307863,0.8074293814108735,1.5543122344752192e-15,-1.9775159287860333e-10,7,0.6329955621256041,8468515.83451388,311.3850329882893,0.17467896965108945,0.0009905588575223527,0.0020241845271606004,4.3362455113139425e-05,6.533445775725617e-07,0.017214849635494953,5.764332044508623e-11
3559856185916.097,124501426.16996281,0.1428484559983937,0.002025022487672649,3239.6363832161173,0.15199836078175427,0.00022824674487296508,0.8074587723450044,-3.3306690738754696e-16,-1.8392865008820536e-10,7,0.6329955621256041,8468934.133020118,311.65454170167345,0.17467562122077102,0.0009938901578628455,0.002024367047824371,4.3357648815062574e-05,6.554975510749922e-07,0.017212210354380426,5.7702798247512354e-11
3559918534509.6987,62348593.60124439,0.1428476398981471,0.0020251151325273798,3239.6826901983313,0.15189440190995865,0.0002280437865215817,0.20257385241473358,2.220446049250313e-16,-2.7424673643139386e-10,6,0.6329955621256041,8469144.624843247,311.7896172790609,0.17467394328036803,0.0009955594611603432,0.002024458424193616,4.33552762184672e-05,6.56766066416232e-07,0.017210888910226867,5.773265159786687e-11
3560000000000,81465490.30114128,0.14284659305406708,0.002025238204355941,3239.7437812728554,0.1517586981435822,0.00022777843742789408,0.34422507178000217,1.9984014443252818e-15,-5.129153768379524e-10,6,0.6276898959730479,8469423.14909276,311.9662280968268,0.1746718408393025,0.000997652071406378,0.0020245794715647125,4.335222871423025e-05,6.587905630071061e-07,0.017209162640474073,5.777177442745597e-11
