age_yr,step_yr,R_Rsun,L_Lsun,Teff_K,central_X,central_Y3,step_error_norm,discrete_luminosity_balance,nuclear_rest_mass_balance,last_halfstep_coupling_iterations,convective_mass_fraction,central_T_K,central_rho,surface_X,surface_Y3,nuclear_deposited_Lsun,nuclear_neutrino_Lsun,last_halfstep_gravothermal_Lsun,hydrogen_mass_Msun,thermal_neutrino_Lsun
3544973688550.1562,0,0.1436065054517818,0.0020178104721846,3228.1939278640466,0.17506005366029184,0.0005292880441519267,0,0,0,0,0.8786024997949453,8480001.794345623,272.35900762716375,0.17514281955326763,0.0005787472141680637,0.0019756859862027285,4.268453646813324e-05,,0.017512522035442117,4.8844212431747345e-11
3544975558157.7754,1869607.6188135366,0.14359600980955037,0.0020174837537913527,3228.181214604479,0.17505853959240283,0.0005286183017181719,0.012626893943412307,3.219646771412954e-14,-1.506576774445989e-08,2,0.8786024997949453,8480475.848284125,272.4362107517649,0.17514273282289314,0.0005788334224048215,0.0019753572667181923,4.270837432952491e-05,4.2126535951315706e-05,0.01751248274375612,4.887809009054106e-11
3544979297373.0127,3739215.237627073,0.1435749984759254,0.002016829739102677,3228.155744748358,0.1750554959563387,0.0005272564588274403,0.05169049666596537,3.7614356074300304e-13,-9.04989398975431e-08,2,0.8768851184147985,8481424.14303217,272.590900969804,0.17514255915092872,0.0005790060457508207,0.0019746331452953876,4.2756095636332636e-05,4.2196642754034825e-05,0.01751240398839127,4.894598696545506e-11
3544986775803.488,7478430.475254146,0.14353303488150046,0.0020155235653389757,3228.1047334180257,0.1750493715276151,0.0005246050341540124,0.19354863648748075,-5.662137425588298e-15,-4.90054108404081e-10,3,0.8745162215887206,8483321.648611885,272.89988827025235,0.1751422167946999,0.0005793464061062607,0.0019734132246598092,4.285168307396568e-05,4.2110389761021535e-05,0.01751224579997317,4.908186684487763e-11
3544990515018.725,3739215.237627073,0.14351207001651567,0.002014871108007314,3228.079214436886,0.17504628986488902,0.0005232641776613217,0.051376954283803566,3.8546943414985435e-13,-8.835931009087972e-08,2,0.8728107733748981,8484269.333585639,273.0544680389129,0.17514204531931699,0.0005795168776420535,0.001972752756447086,4.289948794077282e-05,4.211840071091254e-05,0.017512166463748053,4.9149907735507156e-11
3544997993449.1997,7478430.475254146,0.14347031022326756,0.0020135722891749465,3228.0285578553885,0.1750400894622955,0.000520654291953564,0.19269271527141626,-3.219646771412954e-15,-1.8203172302833082e-10,3,0.8704328220996627,8486160.249646954,273.3627114935081,0.17514170733109363,0.0005798529559092149,0.001971640060613849,4.299500334835486e-05,4.193227784688118e-05,0.01751200712103401,4.9285790289401853e-11
3545001732664.437,3739215.237627073,0.14344947929181023,0.002012925075426618,3228.0034845900427,0.1750369698026571,0.000519333832006581,0.051207203804939226,3.6148861681795097e-13,-8.534771667179086e-08,2,0.8687393179306194,8487102.881556118,273.5167627713472,0.17514153804485666,0.0005800212815448968,0.0019710266056768293,4.304269837523522e-05,4.1898519104261256e-05,0.01751192721033256,4.935374474212723e-11
3545009211094.912,7478430.475254146,0.14340806015165664,0.0020116393115846734,3227.9539342267813,0.17503069346713762,0.0005167645033532911,0.19223282850516082,1.7763568394002505e-15,-1.7146539743606581e-10,3,0.8663523940085586,8488979.346153606,273.82364768061115,0.17514120441114436,0.0005803530882857425,0.001969993495425977,4.3137826068303446e-05,4.164586564796174e-05,0.01751176672622041,4.948926158344223e-11
3545012950310.1494,3739215.237627073,0.14338742061660506,0.002010998937362402,3227.9293041991127,0.1750275358288944,0.0005154640014394587,0.051137052512395184,3.6193270602780103e-13,-8.321451094861487e-08,2,0.864670843603757,8489913.719481064,273.97690795886973,0.17514103730786001,0.0005805192727450486,0.001969415733937937,4.3185276621663375e-05,4.158325298216569e-05,0.01751168624754722,4.95569727035856e-11
3545020428740.624,7478430.475254146,0.14334643433018598,0.002009728392721569,3227.88070020399,0.17502118358583577,0.0005129344898662802,0.19204552884587167,-2.5962121341649436e-10,-2.3717083852403675e-10,3,0.8622750298321477,8491770.003937842,274.28204066182013,0.17514070801685333,0.0005808468169265812,0.0019684432930347807,4.327979345397587e-05,4.1285148856887695e-05,0.017511524635175853,4.9691867583786766e-11
3545035385601.5747,14956860.950508293,0.14326580604937678,0.002007233230174495,3227.786242441573,0.17500830797526892,0.0005079902607634152,0.7247860741828662,2.4424906541753444e-15,-4.19201229284738e-09,3,0.858200821918036,8495423.715448907,274.88475246689836,0.17514005767362423,0.0005814938138505516,0.0019666631806575935,4.346645689284212e-05,4.057009947561801e-05,0.017511198838790907,4.995871181364089e-11
3545043291442.103,7905840.528150184,0.14322373833539145,0.0020059338369295,3227.7376559557633,0.17500143202738716,0.0005053979321958955,0.21452111557507086,2.819111610818936e-10,-3.50246831537504e-10,3,0.854129862439626,8497328.373309445,275.2008426806905,0.17513971868595718,0.0005818311152268312,0.001965702054296387,4.356419661771763e-05,4.0231833297384134e-05,0.017511025639475465,5.009877548668842e-11
3545047132010.859,3840568.7560161985,0.14320344994222256,0.002005307736503842,3227.7143821656186,0.1749980779777995,0.0005041652117069756,0.05077267599623916,3.779199175824033e-13,-8.13959358803018e-08,2,0.854129862439626,8498247.459067505,275.3536365607364,0.17513955372562906,0.0005819952515649862,0.001965296189520036,4.3611460642151566e-05,4.001159715109664e-05,0.01751094126193179,5.016653305442137e-11
3545049052295.2373,1920284.3780080993,0.1431933446253825,0.002004995963666681,3227.7028038833732,0.17499639758511717,0.0005035553175945648,0.012704635817765292,1.4432899320127035e-14,-1.3368947837655298e-08,2,0.854129862439626,8498705.490725657,275.4297783393638,0.17513947117550432,0.0005820773885047398,0.0019651076224836096,4.363502829282806e-05,3.988839138342143e-05,0.017510899014661276,5.020032086095328e-11
3545050972579.616,1920284.3780080993,0.1431832648647926,0.0020046851012354783,3227.691292574944,0.17499471116359575,0.0005029291232591753,0.01342458376125781,3.68594044175552e-14,-1.3763638673225387e-08,2,0.8524842201113677,8499161.792520355,275.50584341029366,0.17513938856954028,0.0005821595803325582,0.0019648641877134023,4.365851948629118e-05,3.98209637562116e-05,0.01751085672001473,5.023406179378057e-11
3545054813148.372,3840568.7560161985,0.1431632039973451,0.002004066980618915,3227.6685749813373,0.1749913286727539,0.0005016955106970065,0.051945649061488006,3.9324099532223045e-13,-7.830160564381572e-08,2,0.8500622433910602,8500068.59111807,275.65764435436813,0.17513922603583762,0.000582321330709462,0.0019644198400846488,4.3705344565140095e-05,3.9647190836412463e-05,0.017510771965603415,5.0301358177929676e-11
3545062494285.884,7681137.512032397,0.14312355387943165,0.0020028466710589814,3227.6241057841303,0.1749845260355694,0.0004993009070051109,0.1949028111656887,-8.215650382226158e-15,-6.756818438091727e-10,3,0.8500622433910602,8501863.247787226,275.9583913727611,0.17513890020651532,0.0005826455808445489,0.001963691884313896,4.3798167007614514e-05,3.915483717986367e-05,0.017510601810785068,5.0434794939016526e-11
3545077856560.9077,15362275.024064794,0.14304616991197017,0.002000469069463924,3227.538441797478,0.17497074540513297,0.000494625398637564,0.7360048532710929,1.9984014443252818e-15,-3.2644165148809634e-09,3,0.8459980565821749,8505364.489764338,276.54845994468457,0.17513825698810193,0.0005832857782947711,0.001962308939489547,4.3979968076991725e-05,3.816018067116132e-05,0.017510258972868262,5.069678028574752e-11
3545081885565.059,4029004.1514397836,0.1430261157722665,0.0019998536759791804,3227.5164419109906,0.17496710432815502,0.0004933918665772368,0.0564112903622422,4.218847493575595e-13,-8.145674235127132e-08,2,0.8443763804967469,8506270.259105844,276.7020462093166,0.17513808790310365,0.0005834540647195372,0.0019618856558758016,4.402717521753897e-05,3.7968070869216426e-05,0.01751016872379767,5.076499393895718e-11
3545089943573.3623,8058008.302879567,0.14298655967656376,0.0019986418280322983,3227.4737224737714,0.17495978156619799,0.0004910036396025944,0.21075703585549804,6.661338147750939e-16,-5.669900104976477e-10,3,0.8419373936334673,8508056.959388455,277.0062210455776,0.17513775489465958,0.0005837855576061228,0.0019612057374984813,4.412058985783513e-05,3.743614143390098e-05,0.017509987546785715,5.0900083004146394e-11
3545097842156.311,7898582.949069245,0.14294832920228004,0.0019974727205494406,3227.4331304560264,0.1749525448586779,0.0004886602783469785,0.20758521793542464,-3.6637359812630166e-15,-6.029242660687828e-10,3,0.8403277055115741,8509779.827621935,277.3018313127572,0.17513742761818524,0.0005841113351248713,0.0019604526537192867,4.4211047964847305e-05,3.7020117861423645e-05,0.017509809210361292,5.1031276991465995e-11
3545105643393.546,7801237.235230467,0.14291117149081337,0.001996337451990792,3227.393941308997,0.1749453544602462,0.0004864291462140518,0.19401676118501515,6.661338147750939e-15,-4.5863224329423247e-10,3,0.8378803459710726,8511455.207130626,277.59019809654103,0.1751371092796465,0.0005844282683046851,0.0019598823537627388,4.429927773196523e-05,3.645514938739513e-05,0.0175096323641173,5.115932894615075e-11
3545113444630.781,7801237.235230467,0.14287457097277673,0.001995220748821429,3227.3558152569294,0.1749381073436517,0.00048419249611703134,0.19912892133334187,-4.440892098500626e-16,-5.272690062341212e-10,3,0.8362826475337156,8513102.030438691,277.8756670933098,0.1751367901412291,0.0005847459892096464,0.00195921530215637,4.438632354851607e-05,3.6005497951081734e-05,0.017509454818729002,5.1286023566846843e-11
3545121245868.0156,7801237.235230467,0.14283858898354085,0.001994123999581813,3227.3186286947735,0.1749308182999695,0.00048203750849687297,0.1905813616165722,-5.551115123125783e-16,-5.276569181589252e-10,3,0.8338270048217619,8514721.991815863,278.1571858381728,0.17513647590229106,0.0005850588833388303,0.001958713961678011,4.447217360885995e-05,3.541008931485346e-05,0.017509276590775058,5.141105252258015e-11
3545129047105.2505,7801237.235230467,0.14280318951015702,0.001993046599949102,3227.28255170442,0.1749234731638507,0.0004798754165340932,0.19589201017322558,-4.9960036108132044e-15,-5.537558189772085e-10,3,0.8322412966658181,8516312.665303314,278.43557761081144,0.17513616089592265,0.0005853725335641783,0.0019581096317852413,4.455676574219771e-05,3.4937019698466614e-05,0.01750909768665767,5.153461581343866e-11
3545132947723.8677,3900618.6176152336,0.14278567216420984,0.00199251377612496,3227.264780260998,0.17491978760915408,0.0004788198218858024,0.049031752093805364,2.680078381445128e-13,-6.039855449113674e-08,2,0.8322412966658181,8517099.151978211,278.57368797478335,0.1751360031548414,0.000585529593037388,0.0019578591353525635,4.459871177864593e-05,3.465469236885505e-05,0.01750900802636569,5.159592490894811e-11
3545134898033.1763,1950309.3088076168,0.14277696190774075,0.0019922488836288214,3227.255950186674,0.17491794162916222,0.0004782982750560668,0.012264923411197011,1.3322676295501878e-14,-1.2195617737909004e-08,2,0.8322412966658181,8517490.372938141,278.642407870611,0.175135924225127,0.0005856081810646928,0.001957746445577147,4.4619589311813914e-05,3.45024896781447e-05,0.01750896314482856,5.162644404273728e-11
3545138798651.7935,3900618.6176152336,0.14275969953527004,0.0019917242006588305,3227.2385445987966,0.1749142408408052,0.0004772723357012015,0.047395391218445215,2.779998453661392e-13,-5.974610994829987e-08,2,0.8297774612079474,8518267.275683332,278.7787166060054,0.17513576902815906,0.0005857627330989362,0.0019575542928135787,4.4661029337524094e-05,3.4169959532829377e-05,0.01750887324002669,5.168702407477481e-11
3545146599889.0283,7801237.235230467,0.14272570615645216,0.0019906922209326724,3227.204675492547,0.17490678908269475,0.0004752014496398753,0.19083700390342545,-2.55351295663786e-15,-8.185351285661113e-10,3,0.8282037428113282,8519792.76879811,279.0483836894972,0.17513545799463778,0.000586072467546397,0.0019570359115429967,4.47426742523254e-05,3.365636119640869e-05,0.017508692863065924,5.1806738119422525e-11
3545154401126.263,7801237.235230467,0.14269236021121368,0.0019896804872509455,3227.171569750424,0.1748992973632889,0.00047320884017839065,0.182494660918393,-6.106226635438361e-15,-5.107173572937995e-10,3,0.8282037428113282,8521289.984695695,279.313551014898,0.1751351462404091,0.0005863829122448698,0.0019566674835779225,4.482297402662904e-05,3.3013055597554207e-05,0.01750851185494835,5.19245433199782e-11
3545170003600.734,15602474.470460935,0.14262795108447773,0.001987730420961729,3227.1089649516266,0.17488414717120832,0.0004693154034591194,0.6893326946652263,1.5543122344752192e-15,-6.604518043573648e-10,3,0.8241700756696847,8524178.249307362,279.82932326377926,0.17513453153726266,0.0005869951194566635,0.0019559013106386957,4.4978513611921076e-05,3.182916247658441e-05,0.017508147693289965,5.215354811372937e-11
3545186916635.8823,16913035.148464587,0.14256107079372946,0.001985711666612453,3227.045976292088,0.17486751534902073,0.0004652507894722588,0.7876618010572382,-3.885780586188048e-15,-1.1231331420447077e-09,3,0.8201403847315241,8527170.57928672,280.3696853622462,0.17513387423501478,0.0005876498379500951,0.001955148107597353,4.514065093626003e-05,3.056361140838834e-05,0.01750775022545811,5.239329627690625e-11
3545195492229.119,8575593.237094894,0.1425280613620368,0.001984718509496512,3227.016020233218,0.1748590088185429,0.00046320484041726035,0.21849838215050754,-3.885780586188048e-15,-3.270915760467119e-10,3,0.8186026213716104,8528641.989887655,280.6385253995236,0.1751335399927832,0.0005879827568065049,0.0019546920341312027,4.522086552080721e-05,3.0026527877718778e-05,0.017507547829313044,5.251241681852481e-11
3545203747903.858,8255674.738833092,0.14249700174310628,0.0019837855247977843,3226.98834181525,0.17485077743238778,0.0004613194406185041,0.19300564038909201,-5.773159728050814e-15,-5.99821081692653e-10,3,0.8161147592739042,8530026.167693328,280.8925821213428,0.17513322337741188,0.0005882981660412715,0.0019544140989386093,4.5296576564843694e-05,2.937147848413464e-05,0.017507352352101522,5.262497110596204e-11
3545220259253.3354,16511349.477666184,0.14243731007874172,0.001981998272740584,3226.9372224757094,0.17483413948954474,0.00045764517918266487,0.723262529229475,6.661338147750939e-16,9.054068605962584e-11,3,0.8145889725043928,8532680.026019461,281.3848748322666,0.17513258779347637,0.0005889313059129678,0.001953835209875137,4.5442442759767986e-05,2.8163115708198842e-05,0.017506959283854397,5.284275015329695e-11
3545237732640.3574,17473387.02157445,0.14237714632273776,0.0019802037305612775,3226.8881112024624,0.17481632191783703,0.00045390991413031247,0.7874523579563547,6.661338147750939e-16,2.3026447415475104e-10,3,0.8105794721428037,8535346.393605804,281.8861609435376,0.175131924678883,0.000589591954689072,0.001953300450086583,4.558998252425078e-05,2.6903333538836242e-05,0.01750654076333004,5.306414024398684e-11
3545242163086.592,4430446.233966122,0.14236225134005445,0.001979759874821827,3226.8760685538386,0.17481178492482682,0.00045300164066522256,0.05327824032538668,2.8377300509419e-13,-5.571114791713683e-08,2,0.8105794721428037,8536007.485657815,282.01058811071965,0.17513175623303479,0.0005897597712000834,0.001953237240985525,4.562661274875748e-05,2.652268695601398e-05,0.017506434369111187,5.311914992950675e-11
3545251023979.0596,8860892.467932245,0.14233311887016797,0.001978893210535171,3226.8530417345287,0.17480265423641214,0.00045116215555593355,0.21440624839409123,6.661338147750939e-16,-4.1321768229352074e-10,3,0.8090776193687522,8537293.05700978,282.25552695995276,0.1751314187273758,0.0005900960099570201,0.001952954192003312,4.569822322883212e-05,2.5939071759025426e-05,0.0175062210272099,5.322716479898168e-11
3545259635329.4565,8611350.39662115,0.142305590861001,0.0019780756269662976,3226.831753542008,0.1747937393574167,0.00044945860008021357,0.1920723852216104,-1.1546319456101628e-14,-4.1367054226526534e-10,3,0.8065742080379747,8538509.33317142,282.4879815811118,0.1751310961241825,0.0005904174490402159,0.0019528345354995337,4.576609931564048e-05,2.524114479640695e-05,0.017506013114002565,5.332966625686054e-11
3545276858030.25,17222700.7932423,0.14225310037640643,0.001976521010280119,3226.7927238803663,0.17477573478803435,0.000446139360593412,0.7176855284103103,-5.551115123125783e-16,8.971490217390965e-10,3,0.8050843105063478,8540818.341276743,282.93542686038757,0.17513044876982914,0.0005910624470622175,0.0019525300123363915,4.5895703353255406e-05,2.3991051470175582e-05,0.017505595355182032,5.3526449416306845e-11
3545295154894.74,18296864.490126006,0.14220048964949397,0.001974968571046135,3226.755668944394,0.17475639723819725,0.00044275859140627087,0.7861521663586309,1.7763568394002505e-15,1.1440179914501414e-09,3,0.8010953161623956,8543120.203614373,283.3895655507451,0.17512977121326384,0.0005917376218358785,0.0019522502303571509,4.6025951055306815e-05,2.2718394414499475e-05,0.01750514921307578,5.372551169102985e-11
3545313727202.5684,18572307.828274548,0.1421502496480564,0.0019734919867204527,3226.722436507124,0.17473655625484455,0.00043947545987967865,0.7889783611890943,-9.992007221626409e-16,1.3534229292844202e-09,3,0.799629300246799,8545303.672569184,283.8291858340397,0.17512908091480756,0.0005924254696536507,0.0019520220408298478,4.6150634121739375e-05,2.146999980803924e-05,0.017504694071415125,5.391743643506081e-11
3545332545305.3657,18818102.797381576,0.14210249534778055,0.0019720919087844535,3226.692028061331,0.17471624086445384,0.0004362953919554364,0.7886138472443498,1.5543122344752192e-15,1.8412031899117665e-09,3,0.7956566309101369,8547364.23409322,284.2532912087457,0.17512839207387887,0.0005931119504045944,0.0019518500146565925,4.626943746738953e-05,2.0241948229599012e-05,0.01750423070624622,5.410173459305102e-11
3545351616862.2134,19071556.847265713,0.14205721144523448,0.001970769058372495,3226.6649502047085,0.1746954407381088,0.00043321665998999743,0.7880272109031744,-4.440892098500626e-16,2.0355503949076592e-09,3,0.7942144510527237,8549300.989934506,284.66173224840645,0.17512769158783448,0.0005938100138962519,0.0019517339685103093,4.638230046894018e-05,1.9035144140472473e-05,0.017503758988187845,5.427828771920133e-11
3545370952479.845,19335617.631208528,0.14201440444843658,0.0019695257744954393,3226.642123316179,0.17467414228386685,0.00043023701121696343,0.7914854714528461,3.3306690738754696e-15,2.305975188576781e-09,3,0.7902581543663673,8551114.891956331,285.0544073294108,0.17512699244931487,0.000594506820695684,0.0019516767570866205,4.648919192210937e-05,1.7849071855851274e-05,0.017503278717845946,5.44470256373446e-11
3545390512940.7964,19560460.95138583,0.14197415441619007,0.0019683636661855185,3226.623332881248,0.17465238750978457,0.00042736088521456636,0.8476159275074566,-5.329070518200751e-15,2.5461486252709165e-09,3,0.7888397566276715,8552801.52391125,285.4302980415712,0.17512628300461602,0.0005952138785042583,0.0019516763766672684,4.658982460831813e-05,1.668734412570837e-05,0.017502790944103216,5.460746876572279e-11
3545400073692.603,9560751.806937678,0.1419553276156567,0.0019678225162486126,3226.615484537792,0.17464168431380256,0.00042595303297262834,0.21255458496809504,-3.885780586188048e-15,-5.254240376117991e-10,3,0.7874332271333602,8553579.62423893,285.6087090928379,0.17512593561188253,0.0005955600962992741,0.0019515822522404157,4.663686015970068e-05,1.624031869133649e-05,0.017502551975825696,5.468314766074407e-11
3545409405576.3364,9331883.733989062,0.14193763402622214,0.00196731570374522,3226.608802520783,0.17463120023781564,0.00042466200867508026,0.2047892198750673,-9.992007221626409e-16,-4.293200239757766e-10,3,0.7848998727334807,8554308.570810586,285.7778852485869,0.1751256024660328,0.000595892161278609,0.001951654478492678,4.668119769207302e-05,1.566128000723843e-05,0.017502318327937846,5.475469825513871e-11
3545427964734.928,18559158.591798194,0.14190464743952919,0.001966376654429756,3226.598653916124,0.17461018684217824,0.0004221544727560942,0.8328312601162775,8.881784197001252e-16,2.358147455083781e-09,3,0.7835051949083853,8555651.960259968,286.0988110101357,0.17512493841423743,0.0005965540441773923,0.0019517326626984884,4.676384139971821e-05,1.4644046620735187e-05,0.017501852353249504,5.4889465635880994e-11
3545446267735.0825,18303000.154710036,0.14187444814150674,0.001965522995493646,3226.5917580247733,0.1745892911215933,0.0004197709167383559,0.8445294048163794,2.220446049250313e-16,2.0898598407370628e-09,3,0.7821223511630176,8556860.097798938,286.39888880773043,0.1751242819544749,0.0005972083442296215,0.0019518203159995182,4.683946675613576e-05,1.3702734508466395e-05,0.01750139146539878,5.5014338115429994e-11
3545450748966.93,4481231.847461349,0.1418673204714655,0.0019653218856360622,3226.5902714513372,0.1745841614802633,0.00041921870196572053,0.05204900805114935,4.75175454539567e-14,-1.807347471682874e-08,2,0.7821223511630176,8557145.044793397,286.47012624959444,0.1751241210694351,0.0005973686983507248,0.0019519049616710373,4.6857343243630976e-05,1.3416979009052612e-05,0.017501278491187152,5.504393428554622e-11
3545455230198.778,4481231.847461349,0.14186031734306412,0.0019651247687438814,3226.5890032042403,0.17457901465950126,0.00041863092478442576,0.053394237111673196,5.3734794391857577e-14,-1.6444966388640125e-08,2,0.7807513229013926,8557421.242048724,286.54072193113814,0.17512396009572423,0.000597529139945126,0.0019518777863402315,4.687482605317475e-05,1.3247037476881133e-05,0.01750116544120931,5.507312581508438e-11
3545464192662.4727,8962463.694922699,0.14184677908816945,0.001964745559688202,3226.5872999134604,0.17456869379080175,0.0004175194202293267,0.2136905259540094,2.886579864025407e-15,-3.9700487342031465e-10,3,0.7782107282922749,8557949.224331379,286.67891795111933,0.1751236439495363,0.000597844284945509,0.0019519502723334987,4.6908714089384194e-05,1.2795342484668537e-05,0.01750093908739517,5.512995962254035e-11
3545481641933.364,17449270.890570354,0.14182203056431733,0.001964058979820978,3226.5868698828517,0.17454846187295497,0.00041538660158497016,0.8318846698209805,1.9984014443252818e-15,1.6240566669267764e-09,3,0.7768514959198737,8558894.573106144,286.93772700014665,0.17512302734923257,0.000598458921672104,0.0019520255322835363,4.697066002361868e-05,1.203350277274121e-05,0.01750049747435718,5.523529567051152e-11
3545490251042.9907,8609109.627644122,0.14181046120334567,0.001963739168271692,3226.5871237149986,0.17453844638596186,0.0004144139778757363,0.20712567948375385,1.5543122344752192e-15,-6.478357850170369e-10,3,0.7768514959198737,8559336.107301714,287.05985375941,0.1751227227689772,0.0005987625282738872,0.001952223742772831,4.699967414728835e-05,1.151548078371455e-05,0.01750027930114243,5.528485018895579e-11
3545507275911.819,17024868.828349665,0.14178919580314978,0.001963155702791514,3226.5893594941404,0.17451851558088327,0.0004125003986295361,0.8251896041445386,-4.6629367034256575e-15,1.2064651500054424e-09,3,0.7755040388517428,8560126.70613494,287.28937587865886,0.17512211952043902,0.000599363838609233,0.0019524704956528538,4.705275208338022e-05,1.068526251562669e-05,0.0174998471143723,5.537697560224615e-11
3545524143360.9824,16867449.163172185,0.14176979262843428,0.001962629551009335,3226.593925112735,0.1744986354751492,0.00041064193046067726,0.8407233417946636,-2.220446049250313e-15,1.1835190605324897e-09,3,0.7741683355207272,8560821.434579898,287.50542949805623,0.17512152086897245,0.000599960555966636,0.0019526559678414727,4.7101023528350046e-05,9.973638630298913e-06,0.017499418151632886,5.546244109611813e-11
3545540699740.2573,16556379.274733838,0.14175221587179163,0.0019621602833422964,3226.601061723544,0.17447899377906684,0.0004088508686286487,0.8401221691169439,-4.440892098500626e-16,8.847342858331331e-10,3,0.7702966284079928,8561423.67395159,287.70838201318236,0.17512094357597863,0.0006005360584390104,0.0019528010757995738,4.7144693705950134e-05,9.359263084167334e-06,0.01749899640739192,5.554144521219488e-11
3545556956599.8047,16256859.54758635,0.1417362274625544,0.0019617404542899503,3226.6104266680964,0.1744595843091888,0.0004071208726680545,0.8394220698501901,-8.881784197001252e-16,8.516103378042317e-10,3,0.7689843639628828,8561943.712774118,287.9000229476764,0.1751203759249453,0.0006011019400430844,0.0019529221810954988,4.718435482815914e-05,8.818328809266477e-06,0.01749858167239179,5.561481659561717e-11
3545564941306.6475,7984706.842770846,0.14172881979615126,0.001961547372660701,3226.6153486613516,0.17445002538573537,0.00040633710479075517,0.20669790099729202,6.8833827526759706e-15,-6.74574840431319e-10,3,0.7689843639628828,8562182.038313132,287.9902427092713,0.1751200968863101,0.0006013801062755864,0.0019531231219010235,4.720276720774749e-05,8.424306408838183e-06,0.017498377804978406,5.564914700662445e-11
3545580747724.258,15806417.610269174,0.14171525147477038,0.001961198458677336,3226.6263072372885,0.1744310009320293,0.00040477061564585953,0.8233684704097308,-1.5543122344752192e-15,5.519065204850904e-10,3,0.7676837827444939,8562595.08104873,288.1608757571032,0.17511954391119408,0.0006019313456265305,0.0019533797401031275,4.723623470823668e-05,7.818774287296013e-06,0.017497973807960025,5.5713090465302944e-11
3545596425297.7466,15677573.488472499,0.14170291250353914,0.0019608874964397146,3226.6388711624777,0.17441202203206135,0.00040322728656146665,0.8378400526300569,-6.8833827526759706e-15,5.123155233377474e-10,3,0.7663948593417841,8562941.250499174,288.322876789325,0.1751189948131412,0.0006024787125015209,0.0019535735532257375,4.7266486315367104e-05,7.313998986582213e-06,0.01749757266203928,5.5772618831798637e-11
3545604132749.238,7707451.491388661,0.14169723916381893,0.001960746086742602,3226.6452902222013,0.17440266914397187,0.00040252810079603366,0.2064993752962053,6.861178292183467e-14,-2.936774967654543e-08,2,0.7663948593417841,8563097.206641404,288.39895450726914,0.17511872468221557,0.0006027479895177165,0.001953795302483468,4.728041161173175e-05,6.95084005961671e-06,0.017497375333172287,5.5800348087666e-11
3545611765198.796,7632449.557867629,0.14169187462633068,0.0019606139993819374,3226.6520271446143,0.17439337408575864,0.0004017883070869672,0.20852075591551703,4.1300296516055823e-14,-2.462569659300584e-08,2,0.7651175674045985,8563232.576155178,288.4729228994188,0.1751184570436237,0.0006030147803523591,0.0019538696352479315,4.72934202524881e-05,6.744419961013505e-06,0.01749717983406407,5.5826926374248316e-11
3545615525925.8604,3760727.0645406125,0.14168930998747398,0.0019605513886087273,3226.655468188811,0.1743887886990323,0.00040143853096544734,0.05113242996764369,5.329070518200751e-15,-5.1354287489147055e-09,2,0.7651175674045985,8563295.040892152,288.5088504275013,0.17511832512972048,0.0006031462758903463,0.001953938533653249,4.729964812162681e-05,6.61291079523747e-06,0.017497083479729496,5.583974895380577e-11
3545623047379.9897,7521454.129081225,0.14168444157757162,0.0019604338914972447,3226.6625573583297,0.17437960364312988,0.000400777676333586,0.20331688244243015,2.864375403532904e-14,-2.1555970119990775e-08,2,0.7625627926867934,8563412.579339212,288.57826642204594,0.17511806624993165,0.0006034043704637297,0.001954154970085764,4.731149170368378e-05,6.278977275919589e-06,0.017496890706994898,5.5864382560265415e-11
3545638060038.287,15012658.29746675,0.14167558956149714,0.0019602263206053468,3226.6779422683408,0.1743611829293307,0.0003994284701727231,0.8224024179601065,-4.218847493575595e-15,1.6739187813641365e-10,3,0.7612971049348511,8563596.908487475,288.71110327843263,0.175117549128121,0.0006039199186140447,0.0019544326587686684,4.7332766310286745e-05,5.793717747141394e-06,0.017496505692095835,5.591047111398047e-11
3545652959065.724,14899027.43719581,0.14166765198280576,0.001960047616984888,3226.6947912746073,0.1743428069504409,0.00039808348268272666,0.835916604107205,1.5543122344752192e-15,-1.434352636664471e-11,3,0.7600429931668498,8563727.357537927,288.8381197457628,0.17511703549127688,0.0006044319867052117,0.0019546350597177873,4.735164598507169e-05,5.412613220473335e-06,0.0174961233371045,5.595336918254752e-11
3545667625311.325,14666245.601579357,0.14166053915482488,0.0019598950344132393,3226.7129970056885,0.17432462537816693,0.0003967544488622966,0.8356031931178783,5.81756864903582e-14,-6.651071393637409e-08,2,0.758800428269683,8563809.11930771,288.9598202573409,0.17511652948326403,0.0006049364438211013,0.001954788303254294,4.73684225142384e-05,5.106787152445408e-06,0.01749574672764595,5.599338603554191e-11
3545674845215.305,7219903.979780065,0.14165729837600907,0.0019598276349256645,3226.7221647131046,0.17431565641886546,0.0003961530000195268,0.20618347438075296,-4.773959005888173e-15,-8.89492679512216e-09,2,0.758800428269683,8563839.888022894,289.01741512469937,0.17511628027048068,0.0006051848911495569,0.00195498348687385,4.737608103720275e-05,4.84420406388094e-06,0.01749556127385565,5.6012075339634386e-11
3545689155458.17,14310242.864480585,0.14165149138363795,0.0019597129674710848,3226.7411036195804,0.17429780087491104,0.0003949248104179006,0.8212957946130036,-3.1086244689504383e-15,-2.3480390298757925e-08,2,0.7575693802277722,8563863.964712108,289.12741240767446,0.17511578602150238,0.0006056776176984495,0.0019552396147018425,4.738953021736324e-05,4.473408816106142e-06,0.017495193552501544,5.6046870211927504e-11
3545703366951.459,14211493.288638094,0.14164633718252928,0.001959618724657178,3226.761015129414,0.17427998334480518,0.00039369181069149966,0.8343687530530619,6.661338147750939e-16,-1.1553757950366617e-10,3,0.7563498181325083,8563847.676458813,289.2332400621438,0.1751152948678283,0.0006061672536643341,0.0019554355130738405,4.7401242898018575e-05,4.1832676626845534e-06,0.017494828223597905,5.607934604036629e-11
3545710368163.1987,7001211.739633566,0.14164403007518303,0.00195957900470736,3226.7709426285446,0.17427118879416814,0.00039313392678712165,0.20604659599452338,6.217248937900877e-15,-4.739845849144331e-09,2,0.7563498181325083,8563831.79556682,289.2831820293498,0.17511505281254258,0.0006064085595376054,0.001955643192037513,4.740647403003802e-05,3.935868764272266e-06,0.017494648213570916,5.609441343461039e-11
3545724249554.596,13881391.398311185,0.14163999911833125,0.001959516771277406,3226.7912378350984,0.17425367891317356,0.00039198692049793876,0.8207492397863245,5.773159728050814e-15,2.005995369813718e-11,3,0.7551417101917999,8563766.672675986,289.3784943267367,0.17511457265343777,0.0006068872281993142,0.001955920507008968,4.741529023507442e-05,3.5963203907210375e-06,0.017494291224734736,5.612227135072943e-11
3545738039745.0625,13790190.466703584,0.14163652749234704,0.001959472077464309,3226.812383204073,0.17423620494189918,0.00039082875511155794,0.8333762879564116,2.4424906541753444e-15,-1.630218182668841e-10,3,0.7539450237397248,8563665.300173536,289.4703408921475,0.1751140954014337,0.0006073629945167093,0.00195613161803291,4.742260327653547e-05,3.3405155795473183e-06,0.0174939365014322,5.6148143160178474e-11
3545744837448.421,6797703.358401869,0.14163502006588077,0.0019594559448054116,3226.8229129204865,0.1742275758431195,0.00039030492075614826,0.205923960328795,1.1324274851176597e-14,-1.9628053626874475e-09,2,0.7539450237397248,8563608.564000776,289.5136793826853,0.17511386007458343,0.0006075975875148768,0.0019563405803642874,4.7425740745597586e-05,3.1154206012221026e-06,0.017493761630594917,5.616007586779443e-11
3545758319353.8735,13481905.452557722,0.14163250033872127,0.0019594383074357053,3226.844354977022,0.17421039372873412,0.0003892219328356465,0.8202104813642264,5.995204332975845e-15,-2.6641655548331755e-10,3,0.7527597252462894,8563465.689041885,289.59653039267994,0.1751133931685827,0.0006080630340717607,0.001956622779437513,4.743060524175002e-05,2.8155841802104284e-06,0.017493414775951757,5.6182006568825025e-11
3545771717081.03,13397727.156977912,0.1416304572810466,0.0019594359218110618,3226.866646762843,0.17419324483829537,0.0003881232581952754,0.8324369885548064,3.1086244689504383e-15,-3.529142533764684e-10,3,0.7490240672746252,8563290.733961787,289.6766497930815,0.17511293793108712,0.0006085169098020551,0.0019568390251127167,4.743420094904597e-05,2.596952900643946e-06,0.017493070058236672,5.6202293120236715e-11
3545778325049.4414,6607968.411794489,0.1416296280270923,0.001959439956143396,3226.8777545163025,0.1741847722696768,0.00038762649871814075,0.20581051401753064,2.531308496145357e-14,-7.843261595752438e-10,2,0.7490240672746252,8563198.701759841,289.71448130169966,0.17511271334651993,0.0006087408215050402,0.001957045897814673,4.743557613848888e-05,2.394114540358617e-06,0.017492900038119003,5.621158624240801e-11
3545791434264.5254,13109215.084006343,0.1416283863219919,0.0019594603491228145,3226.900296043663,0.17416790005831928,0.00038659481818940786,0.8197148070748522,1.9984014443252818e-15,-3.6822034310546314e-10,3,0.7478614407015665,8562989.14812746,289.78695224685316,0.17511226766710633,0.0006091851628068431,0.0019573291245359994,4.7437129227921915e-05,2.131280815359999e-06,0.017492562748657178,5.622854080279496e-11
3545797949915.5063,6515650.981190948,0.14162795149203064,0.00195947555582989,3226.911510409106,0.17415950061246133,0.00038612484170547534,0.20570807129037788,1.4210854715202004e-14,-6.932716622998214e-10,2,0.7478614407015665,8562880.928954756,289.82100151274005,0.17511204610680864,0.0006094060569074121,0.00195756203840446,4.743747867291908e-05,1.913573661649961e-06,0.01749239511662651,5.623619180813046e-11
3545810879204.8926,12929289.386403387,0.14162750019752196,0.0019595180726514074,3226.9341559811774,0.17414277229469935,0.0003851424209080587,0.8193739372831494,1.1102230246251565e-15,-3.239373214114494e-10,3,0.7467100964117618,8562636.550461369,289.88586115259494,0.17511160634352177,0.0006098444952609453,0.001957881429773377,4.743693703786331e-05,1.6366991278417465e-06,0.017492062509061358,5.624980875386834e-11
3545823734323.6357,12855118.743569933,0.14162743680691697,0.001959572972177093,3226.957480048926,0.17412607332493799,0.00038413667405206344,0.8310599715517786,3.552713678800501e-15,-4.6535186815077623e-10,3,0.7455699975184376,8562362.822895447,289.94866684793647,0.17511116898703535,0.0006102805311397838,0.0019581222125152633,4.7435327780937384e-05,1.4508159239165017e-06,0.0174917318500373,5.6262080400329936e-11
3545830079919.712,6345596.076286775,0.14162755540616434,0.0019596044563111527,3226.9690905819425,0.17411781743276553,0.00038368219414664157,0.20565304941573462,3.2862601528904634e-14,-8.905577386641994e-10,2,0.7455699975184376,8562223.724301118,289.9782112365416,0.17511095306453472,0.0006104958007778655,0.001958332209464083,4.7434208220446575e-05,1.2723031146719256e-06,0.017491568648435665,5.6267537868550387e-11
3545842673446.103,12593526.391376061,0.14162811944951498,0.001959677209591008,3226.992615817305,0.17410137477225526,0.00038273033628757604,0.8189462147496513,-2.6645352591003757e-15,-6.448834799499537e-10,3,0.7444411063209719,8561921.930381352,290.0350395794141,0.17511052446170422,0.0006109231053179128,0.001958621036801139,4.743100870733812e-05,1.0562290670547527e-06,0.017491244813018718,5.6277191236416794e-11
3545855197997.408,12524551.30502284,0.14162898242948488,0.001959759809819374,3227.016788100654,0.17408495870469834,0.0003817541890148568,0.8302335289026539,-7.771561172376096e-16,-5.055299512335409e-10,3,0.7433233843152096,8561595.146932898,290.0905832672112,0.1751100981217633,0.0006113481511791918,0.001958843528414423,4.7426994977332787e-05,9.163376908094269e-07,0.01749092281740527,5.6285859940667234e-11
3545861383493.7686,6185496.360833389,0.14162953271336565,0.001959804237648727,3227.02880796628,0.174076838967053,0.0003813131821663711,0.20555650486983082,4.241051954068098e-14,-1.0703623543051322e-09,2,0.7433233843152096,8561430.69332511,290.11679057539396,0.17510988754153417,0.0006115580914305421,0.001959043248089783,4.742475575598558e-05,7.610458486701775e-07,0.017490763820325158,5.6289643326993234e-11
3545873662167.3125,12278673.544182144,0.14163089477765986,0.0019599008384046197,3227.0530557228153,0.17406066540679843,0.0003803878110201523,0.818552775240706,6.661338147750939e-15,-4.886095972267412e-10,3,0.7422167922038614,8561082.543341044,290.16734182681637,0.1751094694657683,0.0006119748944637669,0.001959323309335798,4.7419497822161445e-05,5.775853650165754e-07,0.01749044827407613,5.6296181406769615e-11
3545885876524.6006,12214357.28887701,0.14163249722758525,0.001960005329803656,3227.0778111920895,0.17404451592747175,0.0003794373047347772,0.8294611265934406,-1.3322676295501878e-15,-4.2325387639152723e-10,3,0.7411212899069881,8560712.994359907,290.21690003516824,0.17510905351978287,0.0006123895717927029,0.0019595447005253635,4.7413576946988985e-05,4.606855802101593e-07,0.01749013446745732,5.630192023725657e-11
3545891911633.5522,6035108.9512383705,0.14163339608409242,0.001960060045471028,3227.090092611303,0.17403652460345312,0.00037900789722209604,0.20546226057918235,8.881784197001252e-16,-1.6062442487196904e-09,3,0.7411212899069881,8560527.97308805,290.240282457822,0.1751088479843706,0.0006125944795840915,0.00195974139886182,4.7410435231353556e-05,3.187029135255016e-07,0.017489979448316085,5.6304315834207685e-11
3545903894524.1196,11982890.56720652,0.1416354133572371,0.001960175823436751,3227.114764776897,0.17402060473490957,0.00037810539090336057,0.8182004774897299,-5.551115123125783e-16,-5.058385932343867e-10,3,0.7400368365725605,8560141.853294957,290.2853646967862,0.1751084398480828,0.0006130013676253022,0.0019600233488372876,4.7403484434069736e-05,1.5253090767369897e-07,0.017489671743477635,5.6308211674999405e-11
3545915817213.7417,11922689.622007659,0.14163763452389408,0.0019602981987201615,3227.1398270505338,0.17400470677180824,0.0003771770941601084,0.8287122982227102,-3.774758283725532e-15,-5.443095973944878e-10,3,0.7389633905870963,8559736.766445026,290.32958089014875,0.1751080337225793,0.0006134062488340583,0.0019602508850811644,4.739596145743785e-05,4.736995040087862e-08,0.01748936568835652,5.6311411054101545e-11
3545921710870.783,5893657.041124934,0.1416388283272416,0.0019603614085818293,3227.1522414181304,0.17399683658035042,0.0003767576835175753,0.20537886135795108,-3.885780586188048e-15,-1.2510751323802083e-09,3,0.7389633905870963,8559534.458385479,290.35041336383284,0.17510783295489257,0.0006136064007395803,0.001960447445097284,4.739205214780815e-05,-8.598020287209482e-08,0.017489214435690726,5.631259025120563e-11
3545933415280.034,11704409.250400439,0.141641407355901,0.0019604932374121683,3227.177113422769,0.17398115626046592,0.0003758750134620092,0.8178307399689648,2.886579864025407e-15,-5.742801789665464e-10,3,0.7379009095863714,8559116.03950374,290.39050907419835,0.17510743422020553,0.0006140039106594525,0.00196073489089966,4.7383642585308975e-05,-2.4159717334334815e-07,0.01748891416121544,5.631414290634297e-11
3545939239399.802,5824119.767588669,0.14164279570659902,0.001960561627047093,3227.1894409719725,0.17397334289188793,0.0003754736019269571,0.20529606119582508,1.9984014443252818e-15,-1.948732619716509e-09,3,0.7379009095863714,8558907.462939398,290.40912369382374,0.17510723580324017,0.0006142017175368033,0.001960955833192319,4.737923531081925e-05,-3.9414983078282513e-07,0.017488764786702252,5.6314439275669637e-11
3545950808044.9023,11568645.101379933,0.14164578293040336,0.001960704094028582,3227.2140359115524,0.17395777429329345,0.000374624080560942,0.8174905021321454,-3.3306690738754696e-16,-3.1121194510319583e-10,3,0.7368493504662019,8558473.711693527,290.44454530627314,0.17510684167005955,0.0006145946371659137,0.0019612792857628555,4.736974522405766e-05,-5.751354201724867e-07,0.017488468195497705,5.631410129799677e-11
3545962323567.444,11515522.541701121,0.14164896583893347,0.0019608527125957735,3227.2389294444442,0.1739422235541686,0.0003737453498190211,0.8275476405235436,-2.9976021664879227e-15,-2.5666324621198555e-10,3,0.7358086693932956,8558021.196829928,290.47905082803175,0.17510644933967806,0.0006149857576744705,0.0019615385437128812,4.735968508449561e-05,-6.857748040516458e-07,0.017488173098593657,5.631306152636334e-11
3545968019956.7334,5696389.289410163,0.14165063034981332,0.0019609287858986637,3227.251268415136,0.1739345204306778,0.00037334830875290336,0.20526125608672646,8.215650382226158e-15,-1.6106160849460593e-09,3,0.7358086693932956,8557796.248640774,290.4951144580064,0.17510625526470727,0.0006151792335886316,0.0019617429104117957,4.7354532186552755e-05,-8.140682009470908e-07,0.01748802716826266,5.6312168587959354e-11
3545979335845.754,11315889.02082045,0.14165412819647555,0.001961085761833386,3227.276007229719,0.173919171208917,0.00037250861303036233,0.8171788114502003,-3.885780586188048e-15,-4.2376235853680555e-10,3,0.7347788218161668,8557331.634276306,290.5260089440307,0.17510586973744605,0.0006155635693042514,0.001962044070557061,4.734369380198008e-05,-9.582524140005027e-07,0.017487737401895315,5.630968197208597e-11
3545990601920.811,11266075.057536142,0.14165778102769377,0.001961247862441363,3227.301084798416,0.17390383770671317,0.00037164043410402347,0.8268286958687575,3.552713678800501e-15,-5.626612509246343e-10,3,0.7337597624761166,8556850.205214018,290.55641984842885,0.17510548591458167,0.0006159462041792411,0.0019622899594310033,4.7332413175890596e-05,-1.0420406829506872e-06,0.017487449052337452,5.630668317262232e-11
3545996177338.18,5575417.368524969,0.14165966582027517,0.001961330292261387,3227.3135245031463,0.17389623896251835,0.0003712480940851053,0.2051837909999724,8.659739592076221e-15,-1.5880431414316831e-09,3,0.7337597624761166,8556611.184977895,290.570606165414,0.17510529596957883,0.0006161355607546609,0.0019624862876455188,4.73266896206604e-05,-1.1559390792374862e-06,0.01748730640009829,5.630487761437969e-11
3546007255006.7705,11077668.591094859,0.14166357279908373,0.0019614990394046967,3227.338434676842,0.17388109583871622,0.0003704185772958535,0.8168496981310293,-4.6629367034256575e-15,-5.58555535157268e-10,3,0.7327514454182729,8556120.970483,290.59793670456594,0.17510491858567925,0.0006165117741586713,0.0019627806636632007,4.731480421201959e-05,-1.281567957827995e-06,0.017487023098694817,5.630068524613276e-11
3546018286131.6543,11031124.883743959,0.14166760742248993,0.0019616719876104313,3227.3636142569744,0.1738659661811369,0.00036956106845670235,0.8261417996056897,-9.43689570931383e-15,-8.360024894571438e-10,3,0.7317538240026872,8555615.978331182,290.62489141570177,0.17510454280581797,0.0006168863869252174,0.001963026049239462,4.730255093042245e-05,-1.3540053329837586e-06,0.017486741136155715,5.629606570267047e-11
3546023747544.618,5461412.963779861,0.14166967328964916,0.0019617595390065247,3227.3760922643924,0.17385846541246722,0.00036917344842915366,0.2051115200233343,-1.6764367671839864e-14,-1.5751114856854542e-09,3,0.7317538240026872,8555365.54862552,290.63743094431584,0.1751043567671846,0.000617071847282513,0.001963219979242844,4.729636400610249e-05,-1.460383942865799e-06,0.017486601588746504,5.62934865633994e-11
3546034600612.0107,10853067.392492127,0.14167392280454566,0.001961937850088673,3227.401022498088,0.1738435158504689,0.0003683540076445356,0.8165279620351477,1.5543122344752192e-15,-3.979818696819848e-10,3,0.7307668509154882,8554854.414158713,290.6615144776957,0.17510398708835848,0.0006174403757174858,0.001963516082243766,4.728360674371714e-05,-1.5781758672840756e-06,0.017486324412950064,5.628780523320258e-11
3546045410208.3965,10809596.385694996,0.14167828426981172,0.0019621197435038197,3227.426145715053,0.1738285776197275,0.0003675069458897616,0.8254653339557008,-1.1102230246251565e-16,-3.22550763875995e-10,3,0.7297904781800867,8554329.931646548,290.68522034936495,0.17510361891833368,0.0006178073985958854,0.0019637668960830407,4.7270520809805364e-05,-1.6470962974901272e-06,0.01748604850220991,5.6281731178666265e-11
3546050764136.9624,5353928.566149644,0.1416805073053362,0.0019622115657223355,3227.438583555911,0.17382116879509416,0.00036712392233514713,0.20504261627615153,9.325873406851315e-15,-1.1978222858033405e-09,3,0.7297904781800867,8554070.015795644,290.6961847617263,0.1751034365754978,0.000617989172846196,0.0019639608335747694,4.726393078478761e-05,-1.7492115739676607e-06,0.017485911896736872,5.627844762440736e-11
3546061405395.9814,10641259.019276744,0.14168505899324996,0.001962397979134414,3227.463390843314,0.17380640092060737,0.0003663142490066202,0.8162026993174548,-5.10702591327572e-15,-4.961216992782624e-10,3,0.7288246571684308,8553541.165544715,290.7171325583994,0.1751030741879828,0.0006183504291655893,0.001964261644849713,4.7250401375988e-05,-1.8636094439179106e-06,0.01748564052640439,5.6271390866254374e-11
3546072006143.98,10600747.998816606,0.14168971343845294,0.001962587604528349,3227.4883429061783,0.17379164224948407,0.00036547728009264614,0.8247936807869631,-5.440092820663267e-15,-4.501597983264105e-10,3,0.7278693386123073,8552999.921514675,290.73768232620705,0.17510271321689283,0.0006187102721464952,0.0019645194148027153,4.723656615708256e-05,-1.931754010418972e-06,0.017485370349479997,5.626395818306794e-11
3546077258768.563,5252624.582944861,0.14169207862274108,0.0019626831669810095,3227.500692718099,0.1737843195748479,0.0003650986838772622,0.20497609563624364,6.661338147750939e-15,-2.048601288606733e-09,3,0.7278693386123073,8552731.83451491,290.74710806410974,0.17510253436951376,0.0006188885601857275,0.0019647139155402806,4.722961042731623e-05,-2.0306922992446396e-06,0.017485236530921447,5.626001295510738e-11
3546087700373.6353,10441605.072726363,0.1416969058852356,0.0019628767605117292,3227.525299365511,0.17376972194006812,0.0003642984219711306,0.8158753346028,-4.3298697960381105e-15,-4.0554115621205256e-10,3,0.7269244726146888,8552187.465974057,290.7650001270888,0.17510217887888585,0.0006192429379312124,0.001965019604877692,4.7215375122583e-05,-2.1427881143118254e-06,0.01748497066070117,5.625165933279122e-11
3546098104314.394,10403940.75924304,0.14170182934428285,0.001963073307048556,3227.5500184704865,0.17375513139337392,0.0003634711830392758,0.8241270754971156,2.4424906541753444e-15,-4.2975745184747893e-10,3,0.7259900086611223,8551631.402909547,290.78248312669564,0.17510182471538135,0.000619595991481329,0.001965283867650177,4.720085130203473e-05,-2.210504358672746e-06,0.017484705914500246,5.6242943414210346e-11
3546103261506.3096,5157191.915190837,0.14170432554156545,0.0019631722361125913,3227.5622528006215,0.17374788928155285,0.00036309684938460267,0.2049115261287338,-1.2212453270876722e-15,-2.131935072924307e-09,3,0.7259900086611223,8551356.130842233,290.790410974462,0.1751016491725975,0.0006197709837394014,0.001965478704228583,4.719355868283899e-05,-2.3064118776217097e-06,0.017484574735040604,5.623837253257854e-11
3546113515017.4756,10253511.165433133,0.1417094073577011,0.0019633723234082595,3227.5866147504535,0.17373345082815636,0.0003623056679537581,0.8155491243086714,-8.881784197001252e-16,-5.061130403660741e-10,3,0.7250658956311552,8550797.938777663,290.8053441176363,0.1751013002026631,0.0006201188582502114,0.0019657883644560465,4.7178672248042824e-05,-2.415984818994814e-06,0.01748431407343454,5.622879362562308e-11
3546123733585.85,10218568.37487424,0.1417145795802962,0.0019635751510780675,3227.611067173649,0.17371901738410664,0.0003614878349004675,0.823466901795386,-5.551115123125783e-15,-4.4254244713215485e-10,3,0.7241520818098002,8550228.637372935,290.81987013415994,0.17510095247408913,0.0006204654941712448,0.0019660579845203773,4.716351356903809e-05,-2.4827772234530998e-06,0.017484054469077238,5.621886752853961e-11
3546128800919.4346,5067333.585056997,0.14171719703202704,0.001963677142326877,3227.6231714098662,0.1737118504516963,0.0003611176203439582,0.2048487429044763,-8.215650382226158e-15,-2.1623742796350598e-09,3,0.7241520818098002,8549947.023117108,290.82635164951967,0.1751007800542025,0.0006206373719284018,0.0019662526874675017,4.7155910508039216e-05,-2.5754889269340423e-06,0.017483925787868216,5.621370692336669e-11
3546138877318.3604,10076398.925191818,0.14172251418753032,0.00196388313538016,3227.647264607464,0.17369756051685062,0.0003603352339125118,0.8152264330165814,-2.886579864025407e-15,-5.042788409070909e-10,3,0.7232485148990333,8549376.49863999,290.8384427151962,0.1751004372465986,0.0006209791007397865,0.0019665651437767106,4.714042505581514e-05,-2.6819521935807097e-06,0.01748367005695721,5.6202975684812575e-11
3546148921365.3516,10044046.991766788,0.14172791598539436,0.0019640916685788145,3227.6714311495607,0.173683273565772,0.0003595265296644239,0.8228141408392039,2.220446049250313e-16,-3.9013436925472433e-10,3,0.7223551420293224,8548795.403844485,290.85013876441224,0.17510009559835102,0.0006213196728103474,0.0019668388744791244,4.712468403678069e-05,-2.7471497083949933e-06,0.01748341531933091,5.6191914588411874e-11
3546153904130.0195,4982764.668000539,0.14173064527864357,0.0019641964409089384,3227.6833964010507,0.17367617663134108,0.0003591603133267205,0.20478767311159043,-1.2989609388114332e-14,-1.7654725459337328e-09,3,0.7223551420293224,8548508.238313183,290.8552334758399,0.17509992612847305,0.0006214886085515609,0.0019670329464675485,4.711679667801927e-05,-2.836449372434332e-06,0.017483289002245817,5.6186201412228256e-11
3546163813840.8105,9909710.790475544,0.14173617895669893,0.0019644077830352825,3227.707205280057,0.17366202494865765,0.00035838647960518774,0.81490846643524,-2.886579864025407e-15,-6.050773215804384e-10,3,0.7214719097711839,8547926.804048905,290.86461223181163,0.17509958914206875,0.0006218245319930108,0.0019673470457113387,4.7100764222695116e-05,-2.9392065016685995e-06,0.017483037937280968,5.6174393140308483e-11
3546173693661.7715,9879820.96099552,0.14174179135373333,0.0019646214677287777,3227.7310733314625,0.173647874283875,0.00035758666773784095,0.8221692481577385,-2.1094237467877974e-15,-3.2805280714143237e-10,3,0.720598764146767,8547335.317406774,290.8736151883704,0.17509925323674777,0.0006221593768142388,0.001967623704832742,4.708449348240904e-05,-3.0021809416942223e-06,0.01748278780444144,5.616227418494509e-11
3546178596877.189,4903215.4176005265,0.14174462313084235,0.00196472874834803,3227.7428935637004,0.17364084236156999,0.0003572243473832317,0.20472826527920435,-1.0769163338864018e-14,-2.1109787251560874e-09,3,0.720598764146767,8547043.373782884,290.87738708367704,0.1750990865523409,0.0006223255346881417,0.0019678166809287195,4.707634804250977e-05,-3.087876424663899e-06,0.01748266372374701,5.6156046505091224e-11
3546188349795.353,9752918.164045507,0.14175035458170873,0.0019649448951792737,3227.7664069966363,0.17362681904968086,0.00035645885858733104,0.814595697416656,-1.6653345369377348e-15,-6.218697778948012e-10,3,0.7197356506414601,8546452.430254864,290.8841899429053,0.1750987550623731,0.0006226559767485573,0.0019681313583013995,4.7059820742923e-05,-3.1864069788910768e-06,0.017482417072528202,5.614323791682196e-11
3546198075163.128,9725367.774863627,0.14175615865751967,0.001965163183153677,3227.789965849213,0.17361279484973247,0.0003556677341379147,0.821532304338653,4.218847493575595e-15,-2.6077695558512914e-10,3,0.7188825142155177,8545851.936819008,290.8906413289035,0.17509842457878178,0.0006229854147454865,0.0019684098541780264,4.7043072879522956e-05,-3.2466148942018996e-06,0.0174821712949691,5.613013914741087e-11
3546207732029.466,9656866.337922143,0.1417619859733178,0.001965382256863697,3227.813575654301,0.17359882844373178,0.0003548576561502078,0.8215388707559848,-4.773959005888173e-15,-5.109317413598546e-10,3,0.718039299315707,8545243.95961556,290.8971987722042,0.17509809649320227,0.000623312461467512,0.001968661204607444,4.7026260524504666e-05,-3.2788916267973117e-06,0.01748192742227696,5.611695915806948e-11
3546212526434.0034,4794404.537739343,0.14176491530272883,0.001965492023561464,3227.825293837784,0.17359188521043944,0.0003544904975796332,0.20463648685135633,-1.3433698597964394e-14,-2.286850042665378e-09,3,0.718039299315707,8544943.33392417,290.8999297264218,0.17509793362862,0.0006234748100923813,0.001968840372837044,4.70178715536583e-05,-3.3482931653503073e-06,0.017481806401378468,5.6110255946830517e-11
3546222065056.2393,9538622.236234171,0.14177081972176636,0.001965712568470062,3227.848619158717,0.17357803603419567,0.0003537182500336304,0.8142983326959182,-3.1086244689504383e-15,-2.742939209099404e-10,3,0.7172059498869672,8544338.032008875,290.90478525940074,0.17509760966735335,0.0006237977443410654,0.0019691397001143,4.7000936460323936e-05,-3.4270755476475335e-06,0.01748156578103353,5.6096596703471634e-11
3546231578470.0107,9513413.772056887,0.14177677774678574,0.001965934636921187,3227.871952435299,0.17356418383377825,0.00035292305744276446,0.8206815810631907,-5.551115123125783e-15,-2.5810709125551057e-10,3,0.7163824093840837,8543725.439273996,290.9093313724584,0.17509728663562177,0.0006241197512133202,0.0019694120454973804,4.6983841676500124e-05,-3.4773524934938463e-06,0.01748132597229273,5.6082710287861124e-11
3546241029770.0923,9451300.08176223,0.14178274791832443,0.0019661570310745627,3227.895273846025,0.1735503820274981,0.00035211102082118343,0.8206877689801232,1.1102230246251565e-15,-3.665299175281689e-10,3,0.7155686207833738,8543107.186042095,290.9139197032846,0.17509696578648476,0.0006244395816433177,0.001969664220433775,4.696671372476579e-05,-3.5071332904491143e-06,0.01748108790231101,5.606876110813696e-11
3546245724548.3613,4694778.2686556745,0.14178574509246686,0.0019662683270780614,3227.906834813943,0.17354351696172826,0.0003517427361331455,0.2045517295189104,3.9968028886505635e-15,-2.5404851555776986e-09,3,0.7155686207833738,8542801.57659722,290.91568351339447,0.17509680643305145,0.0006245984288887112,0.0019698413331382136,4.695817255188195e-05,-3.572949998460984e-06,0.017480969700719832,5.606168343014647e-11
3546255066895.8564,9342347.49510214,0.14179177779054278,0.0019664916042287537,3227.929795919634,0.17352982144140894,0.0003509702844077631,0.813983981311911,7.105427357601002e-15,-3.943687598706447e-10,3,0.7147645265943766,8542188.235007696,290.91851100738495,0.17509648939440434,0.0006249144598206284,0.001970143376295615,4.694095607397629e-05,-3.651716019564673e-06,0.01748073464017076,5.604728246954319e-11
3546264386352.6113,9319456.754769783,0.14179786000147762,0.001966716174940293,3227.952716917386,0.17351612088712512,0.00035017670776573486,0.8198281333454205,-3.3306690738754696e-16,-7.566918203139039e-10,3,0.7139700688715512,8541569.0651999,290.92089248117503,0.17509617320916498,0.0006252296393444581,0.001970422318130455,4.6923590190593376e-05,-3.7060871575211543e-06,0.017480500330870945,5.603264115628157e-11
3546273649779.924,9263427.312421441,0.1418039553802152,0.0019669409532617928,3227.9755658298327,0.17350246372178255,0.00034936764107414207,0.8198273693244126,5.551115123125783e-15,-2.4832447209632846e-10,3,0.7131851892259771,8540945.176488752,290.92316429068626,0.1750958590017999,0.0006255428465875614,0.001970683468001642,4.690618483957227e-05,-3.7424587219319567e-06,0.01748026760330989,5.601790677335348e-11
3546278253649.431,4603869.5073890705,0.14180701489315145,0.0019670534164515094,3227.9868833122846,0.17349566700760194,0.00034900047406271435,0.2044710686730693,-4.773959005888173e-15,-1.8006636182121838e-09,3,0.7131851892259771,8540636.99413963,290.92375484622517,0.1750957028667844,0.0006256984844131672,0.0019708616818330683,4.689750206779823e-05,-3.808209371133161e-06,0.01748015199471546,5.60104351724978e-11
3546287416900.4,9163250.968834497,0.14181317126648432,0.0019672789138381283,3228.009321911774,0.17348210587262217,0.00034823181018936607,0.8136365067210353,6.661338147750939e-16,-3.852766994327794e-10,3,0.7124098288370532,8540019.12006063,290.92416935219876,0.17509539217445694,0.0006260081868123831,0.0019711694812368807,4.688000594624301e-05,-3.890511403513376e-06,0.017479922048585263,5.599523792750107e-11
3546296559651.096,9142750.696359554,0.14181937788719712,0.00196750559041779,3228.0316649187143,0.17346853758792377,0.00034744334965662366,0.8189649750700969,-2.55351295663786e-15,-3.2905567159957627e-10,3,0.7116439284641959,8539396.124733672,290.92403826229526,0.1750950822574719,0.0006263171157010243,0.0019714553872117947,4.6862358071853275e-05,-3.949740814227029e-06,0.017479692792192195,5.597978239266675e-11
3546305652222.553,9092571.4571193,0.14182560113531606,0.001967732192787778,3228.0537807987916,0.1734550059071218,0.0003466403387007058,0.8189574943532045,6.661338147750939e-16,-2.883049354807099e-10,3,0.7108874284585328,8538768.786950234,290.9237017623373,0.17509477412220306,0.0006266242679318051,0.001971723914082463,4.684465931905899e-05,-3.991665330474377e-06,0.01747946496735508,5.5964208989947584e-11
3546310173577.0137,4521354.461139993,0.14182872475881464,0.001967845228626253,3228.064590573091,0.1734482680856169,0.00034627571774470585,0.20439247706827404,-1.6653345369377348e-15,-2.771312845872842e-09,3,0.7108874284585328,8538459.26272112,290.9229760383682,0.17509462092488468,0.0006267769763187339,0.0019719021917803067,4.6835826278486375e-05,-4.056907197738572e-06,0.017479351735214397,5.59563180174675e-11
3546319174325.2026,9000748.188904403,0.1418350093156341,0.001968071855716697,3228.086007766609,0.17343482263731472,0.00034551341964901853,0.813271923565161,-4.218847493575595e-15,-3.7428915522497164e-10,3,0.7101402687745881,8537838.452373909,290.9207689441642,0.1750943160242934,0.0006270809033045819,0.0019722122403507316,4.68180320753963e-05,-4.140328693758752e-06,0.01747912647563978,5.594028369670618e-11
3546328156949.417,8982624.213846577,0.1418413445951062,0.00196829964337485,3228.107316229138,0.1734213678854491,0.0003447323792703827,0.8181013128988031,3.9968028886505635e-15,-3.977893570095148e-10,3,0.7094023889819586,8537212.882520068,290.91798790567407,0.17509401182171447,0.0006273841339404398,0.0019725006742981025,4.6800087366471106e-05,-4.200974999255359e-06,0.017478901844902014,5.5923988896299095e-11
3546337094987.4033,8938037.986514177,0.14184769881126816,0.001968527728406126,3228.1285236791123,0.17340794316656424,0.00034393749618695236,0.8180943649892161,-5.10702591327572e-15,-3.0020419483633987e-10,3,0.7086737282769769,8536583.193489373,290.9149744502145,0.17509370921368442,0.0006276857745699415,0.0019727717206857935,4.678208817719016e-05,-4.24393637210674e-06,0.017478678502542023,5.590757061504213e-11
3546345988698.238,8893710.833746977,0.14185406172158488,0.0019687559481163935,3228.1496799551924,0.17339454799618517,0.0003431310601993785,0.817891537732273,-6.5503158452884236e-15,-2.291503653495397e-10,3,0.7079542254943626,8535949.52387613,290.91191388310887,0.17509340819103456,0.0006279858343469204,0.0019730304743795736,4.676407243751517e-05,-4.274470372100056e-06,0.017478456439379786,5.58910929973199e-11
3546350414048.611,4425350.372930113,0.14185725227804774,0.001968870105990955,3228.160171422856,0.17338787367691594,0.0003427646589032841,0.20428654394521498,-1.8096635301390052e-14,-2.8452158407077377e-09,3,0.7079542254943626,8535637.01795062,290.909891536172,0.1750932584341347,0.0006281351120588295,0.001973200795257079,4.675508965656193e-05,-4.330633383386344e-06,0.017478345999653585,5.58827733139973e-11
3546359225963.4233,8811914.813144878,0.14186366009096643,0.001969098712299356,3228.1809640718943,0.173374552101638,0.0003420015718349801,0.8129456930615039,0,-1.8041679261671106e-10,3,0.7072438191188533,8535011.495704656,290.9051705952516,0.17509296030799523,0.0006284322838167744,0.0019735019418917537,4.6737035334703896e-05,-4.403173726465222e-06,0.01747812624025688,5.5865932252091015e-11
3546368021898.846,8795935.42295108,0.14187010865527674,0.0019693281629854864,3228.201631663221,0.17336121927520173,0.00034122230097835993,0.817050640232529,-6.8833827526759706e-15,-6.445114442144018e-10,3,0.7065424472968176,8534382.824801106,290.8998844971243,0.1750926628095292,0.0006287288294162508,0.001973785912904031,4.671886472391915e-05,-4.45769406969207e-06,0.017477907052746537,5.584886627065325e-11
3546376779800.3057,8757901.459370343,0.14187657132726053,0.0019695577219464434,3228.222175631946,0.1733479083666908,0.0003404311311970109,0.8170318523164276,-1.2212453270876722e-15,-6.707413513495908e-10,3,0.7058500478478474,8533751.324180815,290.8943222359948,0.1750923666850025,0.0006290240049952266,0.0019740558038601323,4.670065568097466e-05,-4.498026082003749e-06,0.017477688984834826,5.5831687487446285e-11
3546385499932.5215,8720132.215537876,0.1418830401289434,0.0019697872636863373,3228.2426353270375,0.1733346188875524,0.00033963011511682926,0.8168354427703569,1.3322676295501878e-15,-2.869914306202759e-10,3,0.7051665582763244,8533116.97997457,290.888638622597,0.17509207192516488,0.000629317819786502,0.001974315511916117,4.668243736155157e-05,-4.5281924153297154e-06,0.017477472027626232,5.581444690857034e-11
3546394183502.1777,8683569.656701421,0.14188950955231036,0.0019700166787176565,3228.263028565937,0.17332134897164905,0.00033882099679749696,0.8166392494754569,2.4424906541753444e-15,-4.682151333312845e-10,3,0.7044919157829619,8532480.269630508,290.88290143675096,0.17509177848871477,0.0006296103149708301,0.0019745686358462683,4.666423117158158e-05,-4.551901331431219e-06,0.017477256148969063,5.579717567867675e-11
3546402831701.234,8648199.055746507,0.1418959756983265,0.001970245859012224,3228.283355470785,0.17330809682085058,0.0003380053139728606,0.8164455586525277,-2.55351295663786e-15,-2.748072880365271e-10,3,0.7038260572763156,8531841.889802767,290.8771183129258,0.17509148633476598,0.0006299015313125504,0.001974818219622315,4.6646051952959554e-05,-4.57230483020655e-06,0.01747704131730594,5.577988949951517e-11
3546411445695.359,8613994.12497418,0.1419024361790837,0.0019704747039260436,3228.303602011453,0.17329486071800135,0.0003371844190604606,0.8162507388498763,-2.220446049250313e-15,-5.474528608218066e-10,3,0.7031689193842672,8531202.579980645,290.8712569943336,0.17509119542332688,0.0006301915086850576,0.001975066668817147,4.662790831385571e-05,-4.591909128516397e-06,0.017476827501954974,5.5762591895369905e-11
3546415736169.524,4290474.165795663,0.14190567089162057,0.0019705890381308045,3228.3136354868966,0.17328825869884665,0.0003368111614522137,0.20410826940165,7.105427357601002e-15,-2.6754680693130695e-09,3,0.7031689193842672,8530887.790294629,290.86786430801936,0.17509105055286664,0.0006303359138544086,0.0019752274219108977,4.661887022663851e-05,-4.638328026197849e-06,0.017476721057616513,5.575388142167699e-11
3546424283244.241,8547074.717608096,0.14191215399213455,0.001970817510855899,3228.333461210839,0.17327507631389918,0.0003360399171847855,0.812661058048462,1.3322676295501878e-15,-2.6472146696931986e-10,3,0.7025204384654706,8530261.220745223,290.86030424402225,0.17509076203262228,0.0006306235070675881,0.0019755210300927356,4.660075127932357e-05,-4.703463500543042e-06,0.017476509157159367,5.573629117394802e-11
3546432816313.7896,8533069.548228733,0.14191866617824447,0.001971046290567686,3228.353074462831,0.17326188119123284,0.0003352578167360442,0.815391838890258,4.440892098500626e-16,-1.7144152764103637e-10,3,0.7018805506207659,8529634.994991796,290.8519992557008,0.17509047407418735,0.0006309105398680071,0.001975804267544902,4.6582552440035404e-05,-4.75792125872913e-06,0.01747629777270151,5.571848577073275e-11
3546441321123.7666,8504809.976610674,0.14192519093185355,0.001971274934083327,3228.372481660564,0.17324869523335112,0.0003344679402318772,0.8153207744034974,3.1086244689504383e-15,-1.985576147944812e-10,3,0.7012491917045544,8529008.483604996,290.8431847727818,0.17509018715916758,0.0006311965322121638,0.0019760779974878377,4.656431878395179e-05,-4.803007703965624e-06,0.01747608725611023,5.5700538624477243e-11
3546449798137.171,8477013.404180149,0.14193172417969768,0.001971503423790457,3228.391721956877,0.17323551769946988,0.0003336718392651736,0.8151205531397752,-4.3298697960381105e-15,-1.0306089315292866e-10,3,0.7006262973361329,8528381.19960088,290.83399971891214,0.17508990127208796,0.0006314814995382644,0.001976343958131685,4.654606618532999e-05,-4.840478658750653e-06,0.017475877594349445,5.5682485772454946e-11
3546458248482.506,8450345.334876982,0.14193826291839093,0.001971731758969899,3228.4108292481046,0.17322234685286325,0.0003328708476426257,0.8149233685512394,3.3306690738754696e-15,-1.6282231118935897e-10,3,0.7000118029109886,8527753.205475979,290.82452351807905,0.17508961637486023,0.0006317654798224961,0.001976603976094109,4.6527808321370284e-05,-4.872161459849965e-06,0.017475668758009738,5.566435333497563e-11
3546462460872.6235,4212390.11799277,0.1419415267371476,0.0019718456569207126,3228.4203329178877,0.1732157696694083,0.0003324467415447524,0.500047492302258,-1.2727596754302795e-12,6.161415821992478e-10,4,0.6994056436120474,8527437.232334102,290.81986300584725,0.1750894741986177,0.0006319071964708807,0.0019767145908076342,4.651867928219757e-05,-4.868878234136126e-06,0.017475564706947694,5.565529514306684e-11
3546463801183.298,1340310.6749179333,0.1419425656467434,0.001971881903723025,3228.4233543150053,0.17321367564940718,0.0003323165698894135,0.3344910257108147,3.476312571137896e-10,7.896083786818053e-11,3,0.6994056436120474,8527336.0945893,290.81839889066134,0.17508942851900933,0.0006319527239197882,0.0019767539954220355,4.65157765110678e-05,-4.8720353611117016e-06,0.017475531606026797,5.565241122138231e-11
3546465886902.074,2085718.7764649426,0.14194418386184188,0.0019719383415403554,3228.4280517010716,0.1732104152919744,0.0003321206422480351,0.8096482548292094,4.354054894406545e-10,9.4457264232517e-10,4,0.6994056436120474,8527179.284377277,290.8160695731665,0.1750893563060825,0.0006320246849613583,0.001976820843405074,4.6511261688967244e-05,-4.882445358211005e-06,0.017475480105408597,5.564791489387114e-11
3546467973073.863,2086171.7891399001,0.1419458050137403,0.0019719948436254836,3228.4327415490275,0.17320715236922768,0.00033193173906296116,0.8095614520420291,3.675342252762448e-10,-9.017675495215371e-10,4,0.6994056436120474,8527023.745277477,290.81363510742904,0.1750892828371583,0.0006320978853300218,0.0019768937226188553,4.65067473793436e-05,-4.898822625193108e-06,0.01747542860387693,5.564340244303054e-11
3546470059810.626,2086736.763243132,0.14194742697395915,0.0019720513690431652,3228.4374313089834,0.17320388578428336,0.000331719357141462,0.8088786676574422,2.941118459887093e-10,-8.070381030123031e-10,4,0.698807754420877,8526866.664164454,290.8112555873418,0.17508920810782033,0.0006321723293982217,0.001976947424354853,4.6502213739317853e-05,-4.895999092797628e-06,0.017475377098423964,5.563888667697825e-11
3546472147993.289,2088182.6630611147,0.14194905040758918,0.001972107941734485,3228.4421232153604,0.17320061489543584,0.00033151446870770555,0.809268340673519,2.2276780420327214e-10,1.4008909587914786e-09,4,0.698807754420877,8526708.630533766,290.80890327148666,0.17508913208586352,0.00063224804922112,0.0019770073644227513,4.649768058265548e-05,-4.899366614578238e-06,0.017475325567321922,5.563436592233121e-11
3546474237119.702,2089126.4125385748,0.14195067594365662,0.0019721645672771417,3228.446812396685,0.17319734056560265,0.0003313168926334178,0.8093056677593857,1.4832624017913076e-10,2.012561006736746e-09,4,0.698807754420877,8526551.1525598,290.806497675025,0.17508905478870182,0.0006323250274249854,0.001977073503450694,4.649314870583134e-05,-4.908880251193575e-06,0.017475274023107484,5.562983504368242e-11
3546476327142.0903,2090022.388493587,0.14195230451570728,0.0019722212616492133,3228.4514947748958,0.17319406294562933,0.0003311264005055971,0.8092715914065352,6.851674783092676e-11,6.266742680338666e-10,4,0.698807754420877,8526394.956448274,290.8039868966032,0.17508897621742955,0.0006324032628948688,0.001977145658658145,4.6488617041731986e-05,-4.924341248513797e-06,0.017475222467100197,5.5625287967739594e-11
3546478418104.8604,2090962.7698628157,0.14195393400632156,0.0019722779832752843,3228.456177413098,0.17319078107905517,0.00033091248721526026,0.8089157471635744,-2.52641241260676e-11,4.245790385937198e-10,4,0.6982180701288419,8526237.216417737,290.80153013128404,0.17508889636979524,0.0006324827578466917,0.0019771991937162304,4.648406619074484e-05,-4.921154870037009e-06,0.017475170897973288,5.562073723760808e-11
3546480510468.501,2092363.6407985128,0.14195556476744128,0.0019723347444456614,3228.460861338076,0.17318749494466423,0.00033070617287202095,0.8093865128122602,-1.2698508911057615e-10,3.854176977569068e-10,3,0.6982180701288419,8526078.58060243,290.79909873585177,0.17508881522737857,0.0006325635305934466,0.001977258926513531,4.6479516410558026e-05,-4.924126702144785e-06,0.017475119304388272,5.5616181963263006e-11
3546482603624.9614,2093156.4604953509,0.14195719733795362,0.001972391547597319,3228.465541418369,0.1731842055757289,0.00033050728061308676,0.8096450487826701,-2.4417978750079783e-10,-2.009383104351059e-09,4,0.6982180701288419,8525920.570682604,290.7966123665107,0.17508873281285375,0.0006326455585389518,0.001977324806269172,4.647496870950761e-05,-4.933203541853697e-06,0.01747506770148031,5.5611617274018543e-11
3546484697240.196,2093615.2337705581,0.14195883241849647,0.0019724484004556633,3228.4702128473646,0.1731809135756093,0.000330315600862392,0.8097721523880885,-3.8160574700185634e-10,1.0344833878406234e-09,4,0.6982180701288419,8525763.936263647,290.79401958173366,0.17508864913871508,0.000632728829224172,0.001977396634873654,4.647042263926312e-05,-4.948179563650219e-06,0.017475016097619037,5.560703776215532e-11
3546486791149.951,2093909.7559266638,0.14196046778813923,0.0019725052567255204,3228.474881935295,0.17317761835214898,0.00033010065634577076,0.809758083086809,-5.517752921235797e-10,9.46233758014614e-10,4,0.697636525348208,8525605.725439586,290.7914839158348,0.17508856421112537,0.0006328133364994096,0.001977450319354997,4.646585938118245e-05,-4.9450081153999825e-06,0.017474964496619526,5.560245605369119e-11
3546488885372.4634,2094222.5125187275,0.14196210346808671,0.00197256211728906,3228.4795488020177,0.1731743205470036,0.00032989349493878917,0.8104475512915599,-5.2795545713024694e-12,9.506067044640076e-10,4,0.697636525348208,8525446.844545117,290.7889684330406,0.17508847802889155,0.0006328990815334748,0.001977510113858351,4.646129993751194e-05,-4.947940981833196e-06,0.017474912898039048,5.559787215281742e-11
3546490979016.6523,2093644.1892075262,0.1419637397633867,0.0019726189767723754,3228.48420778009,0.17317102164661813,0.00032969394995329126,0.8111407473476717,-9.50883816130954e-12,3.347961907707031e-10,4,0.697636525348208,8525288.769208133,290.7863960779622,0.17508839062837825,0.0006329860281338465,0.0019775759267484107,4.645674585126499e-05,-4.956894401511066e-06,0.017474861323953688,5.5593281893667044e-11
3546493071188.1265,2092171.4735552818,0.14196537691812638,0.0019726758273190767,3228.488852879901,0.17316772314446663,0.0003295018438419409,0.8115565716670936,-1.616362599321519e-11,-1.4179254437252098e-09,4,0.697636525348208,8525132.27653139,290.78371717900535,0.17508830204707787,0.0006330741389958046,0.0019776475239894746,4.6452197884192277e-05,-4.971641113602117e-06,0.01747480979650238,5.558868122066957e-11
3546495161352.2363,2090164.110172052,0.14196701248295038,0.001972732613705024,3228.4934893582695,0.17316442507527635,0.000329286828899641,0.8133285514522193,-2.7676083647065752e-11,9.510570109227956e-10,5,0.697063054523194,8524974.211264651,290.7811033215792,0.1750882123078387,0.000633163391388529,0.0019777013875575244,4.6447638074437245e-05,-4.968718323015059e-06,0.017474758328594433,5.558408320169049e-11
3546497247234.957,2085882.721372618,0.14196864468568493,0.001972789274540485,3228.498112250973,0.17316113167410305,0.0003290800603717633,0.8142767521368555,-4.456468527536117e-11,-9.900963382492023e-10,5,0.697063054523194,8524816.02858838,290.7785061423316,0.17508812150829967,0.0006332536882035633,0.0019777611164828904,4.6443092336209326e-05,-4.971786450828978e-06,0.017474706976179536,5.557949289031927e-11
3546499327632.72,2080397.7632752685,0.14197027355751288,0.0019728457962909524,3228.5027156693295,0.17315784493845515,0.0003288813499463406,0.8156538056081075,-7.09959868672172e-11,-1.312064901171084e-10,5,0.697063054523194,8524659.090586059,290.7758550590039,0.17508802970264623,0.0006333449755711842,0.001977826540066517,4.643856276635041e-05,-4.980688340721458e-06,0.01747465576893561,5.5574907033538055e-11
3546500364220.1987,1036587.4786943033,0.1419710856653759,0.0019728739657432466,3228.5050062806185,0.1731562066743479,0.0003287846186956582,0.20359420399573835,-5.458302698713169e-10,-2.9135693857540446e-10,4,0.697063054523194,8524581.317042546,290.77450386631557,0.17508798357031286,0.0006333908443890449,0.0019778609820441826,4.6436306963716294e-05,-4.98696180517195e-06,0.017474630257379612,5.5572618447077415e-11
3546502431816.578,2067596.3789200056,0.14197270480756632,0.001972930130308199,3228.5095735373898,0.1731529365114578,0.0003285680484879298,0.817895890736775,-1.4299761375013986e-10,-2.023121337124678e-09,5,0.6964975919409688,8524425.027246509,290.7718639052408,0.17508789046348847,0.0006334834108278739,0.0019779120874035432,4.643179345601853e-05,-4.981901809412172e-06,0.01747457938014598,5.556805592129753e-11
3546504489408.561,2057591.9835716037,0.14197431568768998,0.001972986005257589,3228.514115817931,0.17314968008847387,0.0003283602892432582,0.8226285233559061,-2.3315605002238726e-10,-6.735787483336253e-10,6,0.6964975919409688,8524268.36026749,290.7692821046167,0.17508779655716825,0.0006335767624609682,0.001977968657026253,4.6427306699903485e-05,-4.982596665161331e-06,0.017474528758852786,5.5563516098048723e-11
3546506531145.9736,2041737.4120490542,0.14197591465853926,0.001973041449882116,3228.518617036404,0.1731464467844724,0.00032816153713675293,0.8282477664822707,-3.867043352201449e-10,2.0718582405265806e-09,6,0.6964975919409688,8524113.510732519,290.7666772613206,0.17508770212000602,0.0006336706322646964,0.0019780304380408635,4.642285938499922e-05,-4.9889333627249114e-06,0.017474478537348404,5.555900631664802e-11
3546508550266.5728,2019120.5988991538,0.1419774972591011,0.001973096295631696,3228.5230589754824,0.17314324744139645,0.0003279720005797263,0.8378369714678868,-3.818301230751331e-11,-1.8585244454527583e-10,6,0.6964975919409688,8523961.700079296,290.76401028489033,0.17508760746749163,0.0006337647067119059,0.00197809689770777,4.6418465170784455e-05,-5.000546596876995e-06,0.017474428881792355,5.5554536292197635e-11
3546510535561.3887,1985294.8159333328,0.14197905291965549,0.001973150206436413,3228.527424352128,0.17314009920726534,0.0003277636538243008,0.8538352419540374,-8.377609717058476e-11,7.791567391279841e-11,6,0.6959400717425939,8523811.384420227,290.7614297680179,0.17508751312776383,0.0006338584609696693,0.0019781463884210515,4.641413164568542e-05,-4.996126599799998e-06,0.017474380067228935,5.555014140594311e-11
3546512469223.0205,1933661.6313611139,0.1419805676973056,0.0019732026982197098,3228.5316737027356,0.17313703098701014,0.0003275676703592523,0.8839251591785668,-1.9937163031613636e-10,1.2797700676969725e-09,7,0.6959400717425939,8523664.120155137,290.7589496561888,0.17508741994789787,0.0006339510533103379,0.001978199609202944,4.6409915467313185e-05,-4.996855830773443e-06,0.017474332530900243,5.554586120384493e-11
3546514320260.6245,1851037.6039826763,0.14198201803584598,0.001973252942570114,3228.5357360300563,0.17313409221509918,0.00032738626452942434,0.9443166804068426,-5.177045458992779e-10,-3.9103142945862146e-10,8,0.6959400717425939,8523523.66696992,290.75653983030577,0.17508732941561278,0.0006340410054659447,0.0019782551785423796,4.640588372499877e-05,-5.00218145206754e-06,0.01747428703383424,5.5541760034041414e-11
3546515177434.4966,857173.8723643235,0.14198268984936654,0.001973276210318753,3228.537615168703,0.17313273089462838,0.00032730392163448193,0.23223642231506858,6.115108419635362e-12,4.1305803222257964e-10,6,0.6959400717425939,8523458.891264161,290.7554063321415,0.17508728707332308,0.0006340830735809621,0.001978282203296352,4.640401780696621e-05,-5.005937425673393e-06,0.017474265967389106,5.553985905836178e-11
3546515977851.438,800416.9416456731,0.14198331737139813,0.001973297938832113,3228.5393682107033,0.17313145941461924,0.00032722815718185693,0.23786972114248073,-7.873712792871856e-11,6.948268627127163e-10,6,0.6959400717425939,8523398.633061405,290.75433247708474,0.17508724719683963,0.0006341226896019293,0.0019783082778075272,4.640227609353751e-05,-5.010283592703654e-06,0.017474246297374933,5.5538082290449765e-11
3546516716366.2407,738514.802229313,0.14198389656119123,0.0019733179885685157,3228.5409840348857,0.17313028601693048,0.00032715920167062913,0.2507093319059628,-1.3227496875600764e-10,6.392590901072026e-10,6,0.6959400717425939,8523343.257209178,290.75332641464905,0.17508721005786732,0.0006341595837127235,0.0019783330411908056,4.6400669581967816e-05,-5.014997346869303e-06,0.01747422814990569,5.553644123714739e-11
3546517048227.436,331861.19501539535,0.14198415688341615,0.001973326998621642,3228.541709655758,0.1731297586713928,0.0003271284588738846,0.05873417474600018,-1.8990442551825026e-10,7.469006080285112e-09,5,0.6959400717425939,8523318.434945,290.75287005036273,0.17508719326242353,0.0006341762677299767,0.0019783443564069434,4.639994780037561e-05,-5.017302624341901e-06,0.017474219995446672,5.5535703327685594e-11
3546517711949.8257,663722.3900307907,0.14198467741789328,0.001973345014647432,3228.5431604451205,0.17312870361511506,0.0003270579434723771,0.32186855208893306,-3.841960083406093e-10,1.5698067290514928e-09,7,0.6953904279339046,8523268.369210497,290.751974672902,0.1750871593068231,0.0006342099957066353,0.0019783605560760955,4.639849865911415e-05,-5.015486652587169e-06,0.017474203687413245,5.5534227687056286e-11
3546518238402.952,526453.1262193825,0.14198509017845967,0.001973359300604123,3228.5443108462714,0.17312786661099147,0.00032700257335996623,0.30486702551346667,-4.705571488017313e-10,2.6402575681316875e-09,7,0.6953904279339046,8523228.455186317,290.75127316790565,0.17508713198438527,0.0006342371325000372,0.001978373780784299,4.639734956243022e-05,-5.014425575697239e-06,0.017474190752838247,5.553305749570568e-11
3546518667461.932,429058.98002447735,0.14198542649396922,0.001973370940543057,3228.545248086946,0.1731271843540598,0.0003269578140997506,0.33148351813450105,-7.255948064610607e-10,-4.521007124225207e-09,7,0.6953904279339046,8523195.854487265,290.7507045791554,0.17508710931817695,0.0006342596421855837,0.0019783848107962562,4.6396413317999835e-05,-5.013816152962678e-06,0.017474180211613562,5.553210389278708e-11
3546519002812.109,335350.177102051,0.14198568929065963,0.0019733800356873275,3228.54598031224,0.1731266510449031,0.00032692305637203054,0.36260045577218847,-1.466992083365426e-10,9.114868859683156e-10,7,0.6953904279339046,8523170.346276352,290.7502613583143,0.1750870911888966,0.0006342776436943482,0.001978393585036076,4.6395681736819075e-05,-5.0134941068833215e-06,0.017474171972925823,5.553135857939204e-11
3546519253421.2344,250609.1254719725,0.14198588562426648,0.0019733868303008226,3228.5465272199176,0.1731262524656446,0.0003268972090095625,0.39795475553772164,-2.538005361429896e-10,1.8086251829529942e-08,8,0.6953904279339046,8523151.27319316,290.7499305296248,0.17508707721415281,0.0006342915173317,0.0019784002246456696,4.639513513773112e-05,-5.013339314891996e-06,0.01747416581626349,5.553080158013474e-11
3546519610959.5093,357538.27541136387,0.14198616850552512,0.0019733967259378156,3228.5473584877977,0.17312568376269685,0.00032686055306349306,0.0021685807993776503,-2.6841084910245172e-11,-4.631688554912472e-08,15,0.6979521409865604,8523124.113811303,290.74946197402306,0.17508704305640121,0.0006343253420003501,0.001978409718119335,4.639435701588951e-05,-5.012936704479404e-06,0.017474157032966935,5.553000788306004e-11
3546520326036.06,715076.5508227277,0.14198673559550573,0.00197341649403047,3228.5489964090702,0.17312454613576492,0.00032678806498082167,0.006670560051048359,1.2079226507921703e-13,-6.136448904570102e-09,2,0.6979521409865604,8523069.852554549,290.7485256591903,0.175087018534444,0.000634349780890896,0.001978430180936955,4.63927982782829e-05,-5.013631377822792e-06,0.01747413946741109,5.5528423323491844e-11
3546521756189.1616,1430153.1016454555,0.14198786471779387,0.0019734557091803536,3228.55219828703,0.17312227001687897,0.0003266463263414424,0.026276662328222206,4.3076653355456074e-14,-1.0243967674128385e-08,2,0.6979521409865604,8522961.519811748,290.7466278653713,0.17508696949292377,0.0006343986562757872,0.0019784731020634177,4.638968185876552e-05,-5.0173373577300815e-06,0.017474104340475194,5.552524921836343e-11
3546524616495.365,2860306.203290911,0.141990121107905,0.0019735339101734964,3228.5585287036756,0.1731177144697087,0.00032637533339696445,0.10198840642893295,2.842170943040401e-14,-1.4368524370311775e-08,2,0.6979521409865604,8522747.19677172,290.74266376467773,0.17508687141951695,0.0006344963974066028,0.001978567478668361,4.638345473870585e-05,-5.03351297592759e-06,0.017474034103496044,5.5518880824673595e-11
3546530337107.7715,5720612.406581822,0.1419946315823223,0.0019736900058061973,3228.571087925522,0.17310858805370624,0.0003258016145790918,0.4049009154404124,-2.9976021664879227e-15,-1.595828580391867e-09,3,0.6974103074489899,8522316.65759648,290.7346887940785,0.17508667531141858,0.0006346918409346507,0.001978733270129343,4.637097967359727e-05,-5.04320881703756e-06,0.017473893696261036,5.550611399225464e-11
3546538428265.2466,8091157.474932147,0.14200100828723974,0.001973910435609259,3228.5887351376596,0.17309564791113108,0.00032498384722430497,0.78291247789864,-9.43689570931383e-15,-4.888832672023113e-10,3,0.6968762179503283,8521708.813465238,290.72320544528486,0.17508639802102297,0.0006349681913357258,0.0019789643234983537,4.635334622344796e-05,-5.053832401090506e-06,0.017473695246987265,5.548802303838241e-11
3546546658203.101,8229937.854169414,0.14200749602600363,0.0019741344009129884,3228.6065589710743,0.17308245078900342,0.0003241563273329035,0.8109662038901849,1.5543122344752192e-15,-3.246496405040489e-10,3,0.6963498061554204,8521092.555765795,290.71118020802345,0.17508611606634095,0.0006352491898670063,0.0019792037320494715,4.633542507761291e-05,-5.069275666915893e-06,0.01747349355084103,5.546956361370908e-11
3546554883236.824,8225033.723865643,0.14201398415579108,0.0019743580297464174,3228.624233882992,0.17306922659065693,0.00032333422094401427,0.8126342999513133,4.6629367034256575e-15,-5.930016477861955e-10,3,0.6958310056367949,8520479.63218424,290.69871144340135,0.17508583437227226,0.0006355299283288237,0.0019794468336702285,4.631752441195468e-05,-5.0887484727628766e-06,0.017473292132668287,5.545103882773476e-11
3546558989082.5444,4105845.720315693,0.14201722257686145,0.0019744695614642683,3228.633017342457,0.1730626138643841,0.0003229038092085288,0.21641745292003653,-7.771561172376096e-15,-7.595526207992975e-09,3,0.695319749885228,8520171.632111663,290.69249738391045,0.17508569378268032,0.0006356700408855365,0.001979556513072618,4.630858041706993e-05,-5.086896166588143e-06,0.017473191635942308,5.544177725312903e-11
3546566932346.513,7943263.969398816,0.14202347581447114,0.001974684902968995,3228.649964375469,0.17304979007422985,0.00032206466741814766,0.7609587816939439,2.886579864025407e-15,-4.124843799857558e-10,3,0.6948159723202368,8519574.010727093,290.68062542203825,0.1750854218708879,0.0006359410297773173,0.001979764696409177,4.6291310970061036e-05,-5.079738016281738e-06,0.017472997339909504,5.5423894808814586e-11
3546575127572.577,8195226.0635973485,0.14202991945774074,0.0019749066866004404,3228.6673738216696,0.17303652339560083,0.0003212099257741753,0.8089132698505148,7.105427357601002e-15,-2.0377677323324406e-10,3,0.6943196063005016,8518958.880709343,290.66825450395555,0.17508514142538892,0.0006362205230814474,0.0019799878924584725,4.627354125828412e-05,-5.081150452568056e-06,0.017472797034138166,5.5405450052711706e-11
3546583328301.709,8200729.131976516,0.14203636376796433,0.0019751282632492575,3228.684684337373,0.1730232118424781,0.0003203660507703821,0.8121424221671502,4.218847493575595e-15,-4.661695474084127e-10,3,0.693830585134214,8518347.54522097,290.6555054751858,0.1750848608839636,0.0006365001116571032,0.0019802190710733777,4.62558003610302e-05,-5.090752437150071e-06,0.01747259674904254,5.538696222435635e-11
3546587423254.347,4094952.6377072325,0.14203957937989767,0.0019752387577581655,3228.6932913664914,0.1730165533127875,0.00031992685595475776,0.2170727139450554,-1.3100631690576847e-14,-8.633947112812734e-09,3,0.6933488420893528,8518041.033548884,290.64913911933905,0.1750847208272674,0.0006366396925533232,0.0019803254536698623,4.624694321440618e-05,-5.086640533997539e-06,0.017472496786941304,5.5377725412484294e-11
3546595333478.212,7910223.864477577,0.14204577629709741,0.001975451658771225,3228.709858514687,0.17300365995427414,0.00031907660249173256,0.7575929695250372,-8.881784197001252e-16,-4.573641465555056e-10,3,0.692874310403882,8517448.774502344,290.6369186724634,0.17508445035522813,0.000636909245478378,0.001980529792680848,4.6229881294064487e-05,-5.078078549702328e-06,0.017472303815339745,5.5359922466026135e-11
3546603512725.073,8179246.861985225,0.14205217284038285,0.001975671257583148,3228.7268872387926,0.17299029147426115,0.0003182132594837289,0.8080773993685268,1.9984014443252818e-15,-3.488832556186594e-10,3,0.6924069232958711,8516840.026154147,290.62404842143025,0.1750841707757353,0.0006371878745872827,0.0019807507242645605,4.6212298413201265e-05,-5.079411339888943e-06,0.017472104432433085,5.534151929106211e-11
3546611701696.3022,8188971.229174886,0.14205857049468937,0.001975890604597916,3228.7437938642684,0.17297687076693435,0.0003173646653047655,0.8116702694563414,6.661338147750939e-15,-3.96214505649084e-10,3,0.6919466139735356,8516236.860284058,290.61067887978635,0.1750838909561799,0.0006374667426212976,0.0019809801408294495,4.6194743955673926e-05,-5.0894809084591434e-06,0.01747190496604224,5.532306078732577e-11
3546615791966.8945,4090270.592525489,0.1420617631298877,0.0019759999744383876,3228.7521910256974,0.17297015577396657,0.0003169245962960933,0.21772599126065365,5.773159728050814e-15,-8.740602575052492e-09,3,0.6914933156451977,8515934.420680862,290.60398178324107,0.17508375121931696,0.0006376060042121909,0.001981086894584979,4.618597979047273e-05,-5.0868648327466094e-06,0.01747180538332665,5.5313833638369726e-11
3546623681283.9717,7889317.076632514,0.14206790620121862,0.0019762103044361967,3228.7682976948663,0.1729571728569407,0.0003160770059997282,0.7541895333701725,-9.547918011776346e-15,-2.6695945454235925e-10,3,0.6910469615291626,8515353.174625482,290.5909968866012,0.17508348177026092,0.000637874536561061,0.0019812917524455404,4.6169123802172816e-05,-5.081392713299454e-06,0.01747161343198633,5.5296062907070725e-11
3546631857298.79,8176014.818646066,0.14207426042432347,0.0019764276355096573,3228.7848583224363,0.17294368150312223,0.0003152175946201297,0.8071310682913326,6.8833827526759706e-15,-4.010671794674181e-10,3,0.6906074848635124,8514756.238000438,290.5771929361394,0.17508320262089416,0.0006381527359080935,0.0019815119875996076,4.6151715295952446e-05,-5.084296812294414e-06,0.017471414655430423,5.5277642403613265e-11
3546635952565.127,4095266.3360922635,0.14207743887889135,0.0019765362749582754,3228.7931103042915,0.17293691215057225,0.00031477247823795266,0.21821243671542573,-1.4432899320127035e-15,-8.789696082089904e-09,3,0.6901748189158131,8514456.042408358,290.57028494962907,0.17508306282732825,0.0006382920536215799,0.001981615540634213,4.614300451654692e-05,-5.079210407524472e-06,0.01747131513808101,5.5268416347546336e-11
3546643842708.799,7890143.671782657,0.14208354531047135,0.0019767449113448597,3228.808926298469,0.17292383860165697,0.000313919423976323,0.7515701940414037,-4.218847493575595e-15,3.171107820776342e-11,3,0.6897488969927351,8513880.573759506,290.5569137893111,0.17508279356964973,0.0006385603945010214,0.001981814832426144,4.612627961255383e-05,-5.069865830611289e-06,0.017471123525804808,5.525068077835824e-11
3546647938262.7466,4095553.947531714,0.1420867084004193,0.001976852953127364,3228.817104111948,0.1729170406230893,0.00031346316896956424,0.21740706676934543,-9.992007221626409e-16,-8.79001282871883e-09,3,0.6893296524495853,8513580.8134173,290.55002609969216,0.17508265383396365,0.0006386996543031955,0.0019819126126465305,4.611761400944529e-05,-5.059604277678554e-06,0.017471024111435057,5.5241490197459504e-11
3546655843562.3154,7905299.569223064,0.14209279205077882,0.00197706075267117,3228.8328282637044,0.17290388678760726,0.00031259116926839913,0.7496069980012084,-1.887379141862766e-15,-2.099529439192338e-10,3,0.688917018699749,8513004.248758877,290.53678940553846,0.17508238418952712,0.0006389683801827212,0.001982103306075696,4.610096057095932e-05,-5.042498180711094e-06,0.017470832342295534,5.5223818549044005e-11
3546659952353.1157,4108790.8006091607,0.14209594601452175,0.001977168475988522,3228.840975097514,0.17289703789624059,0.00031212606532987695,0.21782415945785766,4.440892098500626e-16,-9.326568073397823e-09,3,0.6885109292240411,8512704.036619015,290.52996765896035,0.17508224406992814,0.000639108022361016,0.0019821980087536264,4.609232705416738e-05,-5.029477550445633e-06,0.017470732716052272,5.5214657652252227e-11
3546667875605.9688,7923252.853234105,0.14210200340623833,0.0019773753933816376,3228.856628529499,0.1728837977454812,0.0003112413774839494,0.7478576989980315,-1.4432899320127035e-15,-5.67627389536085e-10,3,0.6881113175799651,8512127.631697865,290.51688156586346,0.17508197394336175,0.0006393772282817284,0.0019823842966165536,4.607576306769098e-05,-5.00884803784545e-06,0.01747054072159501,5.519707327193257e-11
3546671998541.51,4122935.541108603,0.14210514646697703,0.00197748275604988,3228.864747396877,0.17287689571687326,0.0003107704919174187,0.2182386745223832,-1.2212453270876722e-14,-9.517970855910107e-09,3,0.6877181174108769,8511827.658449762,290.5101162110821,0.17508183340904412,0.000639517283532093,0.0019824777688707104,4.606717026188938e-05,-4.994957632904471e-06,0.017470440861486036,5.518795032505183e-11
3546679941516.5303,7942975.021143241,0.1421111753493673,0.0019776887152334432,3228.880324746486,0.17286356522807528,0.0003098784467920519,0.7461154427401478,7.771561172376096e-15,1.2240541913399738e-10,3,0.687331262455055,8511253.328578988,290.4971026864995,0.1750815627400616,0.0006397870295668195,0.001982662500308635,4.6050707326687904e-05,-4.973729904718266e-06,0.01747024859862068,5.517045776821478e-11
3546684079537.585,4138021.055132998,0.142114306648284,0.001977795674779487,3228.8884081199667,0.17285660792985139,0.00030940433932567714,0.218645897390006,-7.327471962526033e-15,-9.06834007885493e-09,3,0.6869506865546744,8510954.439448677,290.4903479075572,0.17508142175912897,0.0006399275296723538,0.001982755880200074,4.604215943172894e-05,-4.960150259229423e-06,0.017470148482039115,5.516137183481594e-11
3546692044148.033,7964610.448244094,0.142120306283979,0.001978000588486779,3228.9038822723387,0.17284318309691982,0.000308509348224108,0.7443603017645573,-6.994405055138486e-15,-4.2998316018838523e-10,3,0.6865763236646817,8510384.020908331,290.4772931713363,0.17508115048266504,0.0006401978806596804,0.0019829405294830536,4.602580119897885e-05,-4.939885852325837e-06,0.017469955904493732,5.514396271270904e-11
3546696198329.38,4154181.3466474866,0.14212342570744999,0.0019781071036381066,3228.9119146576127,0.1728361682950554,0.00030803413236034436,0.21904667664137195,3.3306690738754696e-15,-8.990021393984193e-09,3,0.6862081078615737,8510086.972063368,290.4704930646319,0.17508100901875068,0.0006403388618595636,0.001983034280445395,4.601729869876725e-05,-4.9271216723744865e-06,0.01746985550573702,5.5134907840797954e-11
3546704186726.133,7988396.753543271,0.14212939653515008,0.001978310972017785,3228.927280826578,0.17282264492362834,0.00030713982036964494,0.7425842445840007,4.884981308350689e-15,-2.303469637254807e-10,3,0.6858459733520744,8509521.964162288,290.45728658694907,0.17508073706186214,0.0006406098904858819,0.001983219155746573,4.6001043370522894e-05,-4.908128611209203e-06,0.01746966256173849,5.5117568773682504e-11
3546708358293.63,4171567.4972909223,0.14213250444075562,0.0019784170987420346,3228.9352810608866,0.17281557022841745,0.0003066652329271336,0.21944266302145135,-7.993605777301127e-15,-8.971933973533908e-09,3,0.6854898544817125,8509227.344621465,290.45039191767364,0.1750805950735773,0.0006407513940243148,0.001983313216549265,4.5992584687123386e-05,-4.8960626987082665e-06,0.017469561851566933,5.5108538023634205e-11
3546716372882.555,8014588.925492843,0.14213844725552513,0.0019786199363620665,3228.950536293467,0.17280194386013598,0.000305774568958745,0.7407832393818226,-5.551115123125783e-16,-3.9822756203733434e-10,3,0.685139685743297,8508668.86570015,290.436949332097,0.17508032235487797,0.0006410231813935337,0.0019834978024516016,4.5976428308799684e-05,-4.8778109982793045e-06,0.017469368483363924,5.509125725902535e-11
3546718468047.389,2095164.8346141123,0.1421399972087136,0.0019786728258062727,3228.9545088496743,0.17279837728875183,0.00030553103141124524,0.05751516494350347,-2.808864252301646e-14,-6.502512972517138e-09,2,0.6847954017852884,8508522.219591789,290.4334633706952,0.17508025107100003,0.0006410942218023261,0.001983542877067759,4.597221281005263e-05,-4.869996174793982e-06,0.017469317949194985,5.5086748030147545e-11
3546720563212.2236,2095164.8346141123,0.1421415449666578,0.0019787257183303034,3228.958507216561,0.17279480798382957,0.0003052973686449177,0.8510051921484241,-8.111067373306469e-12,-6.371877470101595e-10,4,0.6847954017852884,8508376.119618617,290.4299650058949,0.17508017937989256,0.0006411656629986207,0.001983590730399314,4.596800678961875e-05,-4.8649570028155315e-06,0.01746926742432544,5.5082244405164103e-11
3546721585244.4854,1022032.2618647875,0.14214229933309067,0.0019787514936702023,3228.9604541791,0.17279306606290193,0.00030518627374030493,0.20263627442673737,2.791185060857515e-10,9.748903906370288e-10,3,0.6847954017852884,8508305.31962791,290.42824124494433,0.17508014401871824,0.0006412008961554802,0.001983614918906842,4.596595799076482e-05,-4.863369604284737e-06,0.01746924278083477,5.508004862588332e-11
3546723628621.569,2043377.0837090292,0.142143805180292,0.001978802943449174,3228.964339446943,0.17278958124657168,0.0003049461624447368,0.8059959816231199,4.992963820171781e-10,-2.12495876450447e-09,4,0.6844569374200691,8508162.782016495,290.4248452282589,0.17508007224317956,0.000641272398852603,0.0019836576352798706,4.5961862518492374e-05,-4.85463576702233e-06,0.017469193518107662,5.5075665159791846e-11
3546725677067.8984,2048446.3293857258,0.142145312249797,0.001978854429450264,3228.9682252482685,0.17278608513079796,0.00030471502146822715,0.8077714847010142,4.5538017801050046e-10,1.5604271208502496e-09,4,0.6844569374200691,8508020.03343391,290.42144641692687,0.17507999905692473,0.0006413452922306454,0.00198370300955377,4.595776617164699e-05,-4.8485241310978906e-06,0.01746914414199417,5.5071277246553794e-11
3546726702702.926,1025635.0274164168,0.1421460661274326,0.001978880181079741,3228.970167639368,0.17278433385718114,0.0003046022100313298,0.20245790294248778,2.5327406838471234e-10,-1.2414466121768442e-09,3,0.6844569374200691,8507948.99366409,290.4197301909095,0.175079962027774,0.0006413821686805666,0.001983726552752747,4.595571817349792e-05,-4.846316102725194e-06,0.01746911942267978,5.5069081758167244e-11
3546728753972.981,2051270.0548328336,0.14214757135482187,0.0019789315982716954,3228.9740457540884,0.17278082913052561,0.000304358802989011,0.8062937725816788,3.8811664992977057e-10,2.1277002382191768e-10,4,0.6841242276321053,8507806.390136035,290.4163349458823,0.17507988689209114,0.0006414569820098787,0.0019837682694110337,4.59516237791047e-05,-4.8366153065845135e-06,0.017469069991739385,5.506469835626472e-11
3546730809952.087,2055979.1057866968,0.1421490773651767,0.0019789830397323525,3228.9779245162613,0.17277731364587318,0.0003041245923263673,0.8075083626768453,3.44176687150366e-10,1.9318266986090293e-09,4,0.6841242276321053,8507663.239524437,290.4129537098597,0.17507981035098302,0.0006415331806038712,0.0019838125832023694,4.594752955689688e-05,-4.829487728584732e-06,0.017469020456155365,5.506031237304844e-11
3546732869100.7007,2059148.6139435524,0.14215058343659978,0.001979034474536589,3228.981799510137,0.17277379014006894,0.0003038994377532301,0.807195392471538,2.9950997237904176e-10,-1.2561224282947592e-09,4,0.6841242276321053,8507521.430495696,290.40951500139533,0.17507973245860625,0.0006416107104913643,0.0019838594252010967,4.594343886456881e-05,-4.824895015842857e-06,0.01746897085310512,5.5055924667402445e-11
3546734931823.4775,2062722.777053493,0.14215208936462387,0.0019790859029285997,3228.9856731578016,0.17277025802171544,0.0003036573357088637,0.8068627588286859,2.4994251113241717e-10,1.1793797050074772e-09,4,0.6837972075860068,8507378.47948959,290.40611854523263,0.17507965319754693,0.0006416895889574456,0.001983901459165048,4.593934395557391e-05,-4.81550069025355e-06,0.017468921172811045,5.505153726573604e-11
3546736998552.5,2066729.0225816295,0.14215359557374138,0.001979137338137597,3228.989546034208,0.17276671632626,0.0003034245455136678,0.8068198190103182,1.9959611741171557e-10,9.614031792892774e-10,4,0.6837972075860068,8507235.835887784,290.4027073198131,0.17507957254881046,0.0006417698348581518,0.00198394602869859,4.5935251126379335e-05,-4.808635118815877e-06,0.01746887140491409,5.5047148641864265e-11
3546738033951.5757,1035399.0759709119,0.14215434941628957,0.001979163078209794,3228.991483120039,0.17276494116662947,0.00030331090612381947,0.20255643357058872,2.0394086419628366e-10,1.1194534188518901e-10,3,0.6837972075860068,8507164.880267147,290.40098187764556,0.1750795317590751,0.0006418104166733821,0.0019839691458861425,4.593320389545191e-05,-4.806012227764505e-06,0.017468846474767073,5.504495179161873e-11
3546740104461.2383,2070509.6627725922,0.14215585426607935,0.0019792144630221727,3228.9953503405977,0.17276138913439085,0.00030306615131388335,0.8045466742823137,1.1463296978320159e-10,-3.1625446705874083e-10,4,0.6834758126344777,8507022.108752586,290.39758188735317,0.17507944911355208,0.0006418926293554026,0.001984010352921723,4.592911226872033e-05,-4.795834632100549e-06,0.01746879662916885,5.504056683223546e-11
3546742181976.147,2077514.9088736784,0.14215736140251345,0.001979265925283139,3228.9992228205274,0.17275782230928977,0.0003028305424031895,0.8064322784551159,5.0222714875758356e-11,-5.952816017895657e-10,4,0.6834758126344777,8506879.181616439,290.39417408626656,0.17507936495460094,0.0006419763344489076,0.001984054108452559,4.59250171210136e-05,-4.788128033840833e-06,0.017468746623845104,5.503617521499654e-11
3546743223028.8394,1041052.6921046806,0.14215811584148963,0.0019792916846223868,3229.001160541247,0.17275603411265375,0.0003027155228160269,0.2026411341504719,1.7882806346847246e-10,1.8583019567586234e-09,4,0.6834758126344777,8506808.050163291,290.392451502794,0.1750793223960096,0.000642018659485381,0.001984076813575952,4.592296834972969e-05,-4.7850735656356955e-06,0.017468721568744093,5.503397661972931e-11
3546745304409.0317,2081380.1924574496,0.14215962144693797,0.0019793430951133843,3229.00502875517,0.1727524567246236,0.00030246824019934345,0.8038433926826904,-6.110201233866519e-11,9.317229210381583e-10,3,0.6831599783261605,8506665.146786299,290.38905316940134,0.17507923623118868,0.0006421043402598511,0.0019841174079143838,4.59188751327565e-05,-4.774257892351787e-06,0.017468671483778342,5.502958974864908e-11
3546747393744.629,2089335.5965830856,0.14216112985852752,0.0019793946024744538,3229.008904247584,0.17274886283182225,0.0003022301742782595,0.8062082448856422,-1.4967649342167988e-10,-6.487258508158789e-10,4,0.6831599783261605,8506521.898065785,290.38565208232365,0.17507914850283213,0.0006421915631145286,0.0019841605278780265,4.591477693068512e-05,-4.765870674646535e-06,0.01746862121634244,5.502519502419672e-11
3546748440866.184,1047121.5550762659,0.1421618849949837,0.0019794203869416124,3229.0108438448574,0.17274706080405205,0.0003021139645484188,0.2027382098312991,1.4280954196976836e-10,-7.940478274903739e-10,4,0.6831599783261605,8506450.596103773,290.38393333447044,0.17507910414931072,0.000642235657150398,0.001984182907638112,4.59127264617152e-05,-4.7624653908244576e-06,0.01746859602641076,5.502299480206647e-11
3546750533878.604,2093012.4197889885,0.14216339152508073,0.00197947183277037,3229.014715070666,0.17274345659466306,0.0003018645323230135,0.8032896453569194,-3.078225452313177e-10,-7.339155949637188e-10,4,0.6828496404133726,8506307.488904018,290.3805412099877,0.17507901441716056,0.0006423248535006711,0.0019842230432059425,4.5908631390813244e-05,-4.751156026291906e-06,0.01746854568397588,5.5018606262059986e-11
3546752635614.929,2101736.3254894735,0.14216490126058456,0.0019795233905395113,3229.018595184218,0.17273983447858984,0.0003016243994449947,0.8060831166445404,-4.410584120151384e-10,4.615041682143328e-11,4,0.6828496404133726,8506163.970354147,290.3771472289416,0.1750789230762882,0.0006424156366874878,0.001984265680151923,4.5904530267053486e-05,-4.742235471288177e-06,0.017468495140721473,5.501420894083484e-11
3546753689033.164,1053418.2347010348,0.14216565707867765,0.0019795492014014356,3229.0205373533577,0.17273801814922188,0.0003015071983531475,0.20287362095805506,8.616307667352885e-11,2.1017501072861933e-09,3,0.6828496404133726,8506092.540459111,290.375431982139,0.17507887690849674,0.0006424615188039008,0.0019842878084708835,4.590247828972076e-05,-4.7385518868768875e-06,0.0174684698106066,5.501200743798644e-11
3546755793928.7183,2104895.5541494023,0.14216716437183913,0.0019796006802605104,3229.024412483157,0.17273438653647424,0.00030125602915676865,0.8030317749652127,9.136913448060113e-12,1.594104848123834e-10,5,0.6825447348597324,8505949.238657866,290.3720483640242,0.1750787835807346,0.0006425542585816218,0.001984327611559219,4.589838204997343e-05,-4.726876273003295e-06,0.01746841920491172,5.500761821644182e-11
3546757907937.0522,2114008.334601791,0.1421686750033234,0.0019796522762235693,3229.028297094436,0.17273073627014532,0.00030101427163226876,0.8064222592474302,-6.802225449575872e-12,2.2435875379755998e-10,4,0.6825447348597324,8505805.58170983,290.3686605769982,0.17507868861372955,0.0006426486153707738,0.001984369883297964,4.589427944389305e-05,-4.717552084640952e-06,0.017468368389191014,5.500321997043689e-11
3546758967283.356,1059346.3036321672,0.1421694310744879,0.0019796780996456835,3229.0302410597255,0.17272890620242548,0.00030089632869801253,0.20283043300484138,-7.202571872255703e-12,1.8943668855797569e-10,3,0.6825447348597324,8505734.11915528,290.3669483887033,0.17507864063829415,0.0006426962788569679,0.001984391810777356,4.5892227261556755e-05,-4.713656144912295e-06,0.017468342927882984,5.5001018618015694e-11
3546761084249.4683,2116966.1125863446,0.14217093894887856,0.0019797296065133837,3229.034120109049,0.17272524672301864,0.00030064381045451065,0.803861449349963,-1.3958612044007168e-11,2.4500490525269925e-10,4,0.6822451978476767,8505590.663777994,290.36357350229446,0.17507854368738243,0.0006427925891890639,0.0019844313845612236,4.5888130568636034e-05,-4.701723078844457e-06,0.01746829205467012,5.499662953029284e-11
3546763209283.1333,2125033.66531491,0.1421724492837868,0.0019797812008650927,3229.0380065282034,0.17272157032723776,0.00030040096273412006,0.8071115209506985,-2.2795210163906177e-11,4.82502926502093e-10,5,0.6822451978476767,8505447.088998424,290.36019118270127,0.17507844513083326,0.0006428904830105975,0.0019844733623950042,4.588402995431769e-05,-4.6921065828070385e-06,0.01746824099668753,5.499223404018415e-11
3546764273699.5283,1064416.3945883622,0.14217320485035867,0.001979807010889064,3229.039950308658,0.1727197279416994,0.0003002825626891806,0.2030262102881153,-1.7999646217958798e-10,-3.5022653666061387e-09,4,0.6822451978476767,8505375.725559732,290.35848172419173,0.1750783953773974,0.00064293989832004,0.001984495116974373,4.588197973655936e-05,-4.688051451632261e-06,0.017468215424917402,5.4990035121889945e-11
3546766399771.737,2126072.208392612,0.1421747109156557,0.001979858461411812,3229.043826026609,0.1727160456059642,0.00030002940807966175,0.8050719829677533,-4.314526513837791e-11,5.490525811779889e-10,5,0.6819509657858673,8505232.384475403,290.3551193297603,0.17507829492019877,0.0006430396629428517,0.001984534478618569,4.587788924074968e-05,-4.675962306525128e-06,0.01746816435562594,5.498565320608734e-11
3546768532341.088,2132569.351309359,0.14217621821709067,0.0019799099575706198,3229.047705954927,0.1727123490214473,0.00029978619815526354,0.8094104606004571,-6.656930562343177e-11,1.868385224312874e-09,5,0.6819509657858673,8505089.258896852,290.35174451335575,0.17507819291778345,0.0006431409509479366,0.0019845761593301125,4.587379819418152e-05,-4.666146910025556e-06,0.01746811313938369,5.498126845154586e-11
3546769599014.0107,1066672.9226785281,0.1421769711671443,0.0019799356814783494,3229.0496438853384,0.17271049914963416,0.00029966780700270955,0.20340318651612677,-5.220328613830816e-10,1.7058492396415659e-09,4,0.6819509657858673,8505018.25056864,290.3500403495217,0.17507814151037637,0.0006431919948516203,0.0019845977132360716,4.58717557397138e-05,-4.661977812235309e-06,0.017468087524796033,5.49790781065138e-11
3546771727618.158,2128604.147510683,0.1421784705681973,0.0019799869127630904,3229.053504995532,0.17270680528763765,0.0002994150693453154,0.8086734440415633,-1.2570877672146707e-10,9.220846308721775e-10,5,0.6816619753164863,8504875.532880414,290.3466990287379,0.17507803784223167,0.0006432949204092331,0.001984636780877573,4.586768472016112e-05,-4.649813388666703e-06,0.01746803641738571,5.497471744607998e-11
3546773857967.4814,2130349.323807211,0.1421799677829152,0.0019800380725131287,3229.0573614116365,0.17270310540549455,0.0002991728239251711,0.8147641405997774,-1.9696277941960716e-10,-1.4212726551221522e-09,5,0.6816619753164863,8504733.613467319,290.3433438081249,0.17507793284683637,0.0006433991528992348,0.0019846780027024543,4.586362244236925e-05,-4.6398756089553395e-06,0.017467985277118257,5.4970363857976845e-11
3546775982079.317,2124111.8354851026,0.14218145688170433,0.0019800889626810747,3229.0611997259607,0.17269941362194716,0.00029891645497244853,0.8188629510574863,-3.124974723434093e-10,-8.6903828577789e-10,6,0.6813781633224192,8504592.006563997,290.3400318624538,0.17507782691293428,0.0006435043064107726,0.0019847157535410284,4.585957921128326e-05,-4.6267365126909404e-06,0.017467934295525085,5.496603550604258e-11
3546778094664.7314,2112585.4150807364,0.14218293433617143,0.0019801394603249922,3229.065009888918,0.1726957388607355,0.0002986722124274366,0.8325416528398577,-5.139063619097328e-10,-8.125926598268052e-10,6,0.6813781633224192,8504451.240198946,290.33675962705576,0.1750777203004579,0.0006436101229614154,0.0019847553326522455,4.585556983803154e-05,-4.615818383117005e-06,0.017467883599424777,5.496174216695805e-11
3546779136559.3755,1041894.6440448011,0.14218366197522908,0.0019801643306648978,3229.066886451497,0.17269392563565145,0.00029855494062614,0.2070124180408861,-5.880707032446253e-11,7.163731829962217e-10,5,0.6813781633224192,8504382.317580966,290.3351337784169,0.17507766732900149,0.000643662695718035,0.001984775496710802,4.5853596217781705e-05,-4.611111202724407e-06,0.017467858599592132,5.495962785533374e-11
3546781197512.5083,2060953.1329422665,0.14218509816402525,0.0019802134257711043,3229.070592908104,0.17269033671327277,0.0002983072146859717,0.8408168744589162,-7.043199357070762e-11,-5.994216234483929e-10,6,0.6810994669343262,8504245.445639953,290.33196181693773,0.17507756144503703,0.0006437677737689115,0.0019848118924995868,4.584969746711186e-05,-4.598411912496512e-06,0.017467809155188665,5.4955456082012784e-11
3546783220344.976,2022832.4679294378,0.1421865044724655,0.0019802615044859327,3229.0742239913325,0.17268681140345354,0.000298073944945833,0.8713009558292129,-1.564139928689201e-10,7.117135769618699e-10,7,0.6810994669343262,8504111.478568997,290.3288577207405,0.17507745623722037,0.0006438721706229805,0.00198484942638112,4.5845881971574155e-05,-4.587867253556042e-06,0.017467760633423625,5.4951372133585745e-11
3546784195532.944,975187.9680965198,0.14218718152178647,0.0019802846519033617,3229.0759722348907,0.17268511109802204,0.00029796430695035176,0.21648255549289175,-2.8985525091229647e-10,-2.0252208798865468e-09,5,0.6810994669343262,8504047.361009786,290.3273498847088,0.17507740511582087,0.0006439228948502421,0.0019848680708582276,4.584404590536283e-05,-4.583364579455999e-06,0.01746773724392592,5.494940608799844e-11
3546786081870.41,1886337.4663205754,0.14218848845850837,0.001980329340097774,3229.0793490863175,0.17268182030745155,0.0002977373188303743,0.9399954986610837,-5.516376244685262e-10,2.1075163836314914e-10,8,0.6808258235376001,8503922.708932828,290.32447657878924,0.17507730506756655,0.0006440221569802027,0.0019849009503058435,4.584049856716054e-05,-4.571556354881682e-06,0.01746769200697902,5.494561203248165e-11
3546786957396.3496,875525.9394695016,0.14218909421075834,0.0019803500542479404,3229.080914789479,0.17268029223856715,0.00029763437783797083,0.23427930012642761,-4.8983039846461907e-11,-8.819300845175349e-11,6,0.6808258235376001,8503864.788063927,290.32315133323965,0.1750772582119019,0.0006440686413718733,0.0019849166568348085,4.583885481230833e-05,-4.566547740017779e-06,0.017467671012600657,5.494385383030255e-11
3546787771377.921,813981.571082454,0.1421896568206607,0.001980369293809889,3229.0823692132776,0.17267887112952612,0.0002975402926837212,0.2380445141003662,-7.423572867537587e-11,-2.639966023565421e-11,6,0.6808258235376001,8503811.110207178,290.32191689835383,0.17507721431266815,0.0006441121903049922,0.001984931546427124,4.583732847806939e-05,-4.56219782202833e-06,0.017467651495323935,5.494222095720728e-11
3546788522132.5137,750754.5924263408,0.14219017525936634,0.0019803870231536,3229.0837095276834,0.17267756002615464,0.000297454875372279,0.24911294249641003,-1.161117868520023e-10,6.01112493114897e-11,6,0.6808258235376001,8503761.815361511,290.3207735289742,0.17507717347883145,0.0006441526958292707,0.0019849455191426114,4.5835922311112355e-05,-4.5584412782412725e-06,0.017467633495200204,5.4940716299859214e-11
3546789199013.579,676881.0651697344,0.14219064230271916,0.001980402994910563,3229.0849169374874,0.1726763776277827,0.00029737895942625323,0.2630530307468071,-1.7851808919999712e-10,-7.240008592646063e-10,6,0.6808258235376001,8503717.580976425,290.31973713342757,0.17507713630844243,0.0006441895648443544,0.0019849583080967965,4.58346558299759e-05,-4.555258600411225e-06,0.017467617267192297,5.4939360751502355e-11
3546789792899.766,593886.187042458,0.1421910517332591,0.001980416996971614,3229.085975590368,0.17267534006102717,0.00029730618682980646,0.27950188719039204,-2.694193756980212e-10,9.849465687494785e-10,7,0.6805571707792099,8503678.668096645,290.31883411491657,0.1750771033296445,0.0006442222736783148,0.0019849683247118006,4.583354437564406e-05,-4.551273335577375e-06,0.017467603029669168,5.49381724522904e-11
3546790298402.334,505502.56754905847,0.14219139995718028,0.0019804289062559173,3229.08687613343,0.17267445671820092,0.00029724491411345534,0.2978370405859465,-3.915265889276043e-10,-3.738640286243822e-09,7,0.6805571707792099,8503645.331435027,290.318074718809,0.17507707488072846,0.0006442504870703182,0.0019849769500647593,4.58325990406893e-05,-4.547989647070725e-06,0.017467590911526266,5.493716179282057e-11
3546790715220.392,416818.057783562,0.14219168688912914,0.001980438719506684,3229.087618218447,0.1726737282189454,0.0002971948464999726,0.3176782084612917,-5.533200564400431e-10,-8.604030043990463e-09,7,0.6805571707792099,8503617.812483134,290.31745087360974,0.17507705103285257,0.0006442741348063592,0.001984984131872584,4.58318200719105e-05,-4.5453585253875344e-06,0.017467580919724342,5.4936328958273126e-11
3546791048006.606,332786.21403295954,0.1421919158305699,0.0019804465494232355,3229.0882103053555,0.1726731465053989,0.0002971551636895395,0.3382693930520375,-8.659739592076221e-14,-2.4874075021941167e-09,6,0.6805571707792099,8503595.842419924,290.3169535112305,0.17507703159228366,0.0006442934094656032,0.001984989907240898,4.5831198491943465e-05,-4.543302882169674e-06,0.017467572942529593,5.493566433400672e-11
3546791305488.3774,257481.7716103238,0.14219209286132223,0.001980452603837169,3229.0886680824597,0.17267269637549815,0.0002971246353386528,0.3601604620095955,-1.3174095148116294e-10,4.017537191813858e-09,7,0.6805571707792099,8503578.850814477,290.3165688542941,0.1750770161415007,0.0006443087256046484,0.0019849943966150554,4.583071778639851e-05,-4.541738103643358e-06,0.017467566770590127,5.493515026907041e-11
3546791498556.682,193068.3055453956,0.14219222552560085,0.0019804571406839538,3229.0890110315795,0.17267235882546894,0.0002971018429899993,0.38502580401722497,-2.0170032311028763e-10,-2.7745892250408133e-09,7,0.6805571707792099,8503566.115828544,290.31628040641095,0.17507700413948735,0.000644320620249334,0.0019849977701109074,4.583035747345095e-05,-4.540574891647516e-06,0.017467562142745124,5.49347648789381e-11
3546791638572.977,140016.2947036137,0.14219232167268406,0.001980460428435632,3229.089259463857,0.1726721140139371,0.00029708536594699644,0.4161912034450488,-3.301072748485012e-10,-9.595945260620908e-09,7,0.6805571707792099,8503556.883695768,290.31607115576315,0.1750769950129852,0.0006443296623702927,0.001985000215418049,4.5830096252380517e-05,-4.539732701695852e-06,0.01746755878659779,5.493448540494825e-11
3546791833905.537,195332.55988021207,0.14219245833712563,0.001980465204492611,3229.089654494012,0.17267177246043597,0.00029706246547054753,0.0027295462778909037,-5.344458209322056e-11,-3.897243883166368e-08,9,0.6831119454970149,8503544.066592766,290.31578194765115,0.17507696795554553,0.0006443563797916494,0.001985003477207347,4.582973344208022e-05,-4.538217886484495e-06,0.017467554104604932,5.4934096388850404e-11
3546792224570.6562,390665.11976042413,0.14219273262288132,0.0019804747213396316,3229.090419304569,0.17267108926282215,0.000297016986779555,0.0018441410654405563,6.439293542825908e-14,-3.639666346089143e-11,2,0.6831119454970149,8503518.506786836,290.3152045117977,0.17507695444185103,0.0006443698448645446,0.001985010930585261,4.582900528381901e-05,-4.536154312179791e-06,0.01746754474087925,5.493332136932445e-11
3546793005900.896,781330.2395208483,0.1421932759803704,0.001980493446560377,3229.0918823539764,0.17266972251009852,0.0002969273035416261,0.007265160995050847,7.438494264988549e-14,-4.908740081077667e-12,2,0.6831119454970149,8503467.489297623,290.314039934381,0.17507692741512146,0.000644396774349247,0.0019850257954783794,4.582754948692229e-05,-4.532293986085331e-06,0.01746752601447026,5.4931769916423246e-11
3546793787231.1357,781330.2395208483,0.14219381733406194,0.001980512061565406,3229.093323182825,0.1726683553555035,0.00029683905571815754,0.007195554446877937,6.23945339839338e-14,-2.3957812400610123e-09,2,0.6831119454970149,8503416.710927669,290.3128665572483,0.17507690038914978,0.0006444237030754614,0.001985040810940735,4.582609503473797e-05,-4.528694444986942e-06,0.017467507289252705,5.4930218951914726e-11
3546795349891.615,1562660.4790416965,0.14219489628280194,0.0019805491144714135,3229.0961751883106,0.17266561983330597,0.00029664942173404104,0.029281038760103555,-3.3306690738754696e-16,-3.6770291256260634e-09,2,0.6828482212922367,8503314.694364026,290.3105469435704,0.1750768463398606,0.0006444775578701987,0.0019850681243011566,4.5823188161789655e-05,-4.518954902621793e-06,0.017467469842952717,5.492712199401464e-11
3546798475212.573,3125320.958083393,0.14219704466226238,0.001980622828950684,3229.1018272067254,0.17266014299519844,0.00029629076352127897,0.1104254251796735,3.774758283725532e-15,-1.374594116310135e-08,2,0.6828482212922367,8503112.01601561,290.30589921517543,0.17507673825188258,0.0006445852568463873,0.0019851257766127163,4.581739651919898e-05,-4.502892741076097e-06,0.01746739496689281,5.4920948186205737e-11
3546801600533.5312,3125320.958083393,0.14219918373649462,0.0019806962057468376,3229.1074465082424,0.1726546600098806,0.0002959193736878996,0.11145689449718402,-1.1546319456101628e-14,-1.3183571123676074e-08,2,0.6825893638312683,8502909.566100325,290.3013005168165,0.17507663017598676,0.0006446929437251208,0.001985180569162735,4.581162460043599e-05,-4.484308501120326e-06,0.01746732010963417,5.491480043140513e-11
3546807851175.4473,6250641.916166786,0.14220343191816534,0.0019808419614738945,3229.118616478461,0.17264367155069962,0.0002951878355798118,0.4047376757647294,-2.6645352591003757e-15,-1.8126496970083394e-09,3,0.6823353115857301,8502509.241370397,290.29215800423526,0.17507641406619154,0.0006449082754308384,0.0019852900493652387,4.580016211524093e-05,-4.4480329887490035e-06,0.01746717046042488,5.4902601032443763e-11
3546812272478.835,4421303.388033826,0.14220641881191096,0.0019809444647316482,3229.1264775159802,0.17263588512560765,0.0002946717390197402,0.211451459211664,-5.88418203051333e-15,-8.354063441018411e-09,3,0.6820860033150488,8502227.44966215,290.28576775599464,0.17507626123030678,0.0006450605609081937,0.0019853668038469752,4.5792104561358695e-05,-4.422284221307319e-06,0.017467064649174725,5.489403115608e-11
3546816599185.8486,4326707.013107121,0.14220932590926855,0.0019810442601750976,3229.134139643288,0.17262825311470112,0.0002941633305220863,0.20054786043367367,1.9095836023552692e-14,-9.01309071821288e-09,3,0.6818413780727268,8501952.867691621,290.2795927992049,0.17507611168726114,0.0006452095652893592,0.001985440426166783,4.578426297504298e-05,-4.396111105948767e-06,0.017466961137345322,5.4885698616674264e-11
3546820925892.862,4326707.013107121,0.142212216967133,0.0019811435429854638,3229.1417736251965,0.17262060888395636,0.0002936520765175067,0.19802433301149053,5.329070518200751e-15,-9.200026962474794e-09,3,0.6816013752124943,8501679.384652328,290.27350616435484,0.17507596216676766,0.0006453585470837669,0.001985512671630618,4.5776465430427465e-05,-4.369073767721873e-06,0.017466857660611276,5.487742173759532e-11
3546825252599.8755,4326707.013107121,0.14221509176703293,0.0019812423113046585,3229.149381205192,0.1726129523427213,0.00029313867853605105,0.1955203688156718,2.042810365310288e-14,-8.905895465538549e-09,3,0.6813659343943448,8501406.965809828,290.2675148261931,0.17507581266867134,0.0006455075064448911,0.001985583679808498,4.5768712666985775e-05,-4.341313634597043e-06,0.017466754218738112,5.486920216373195e-11
3546829579306.889,4326707.013107121,0.14221795011751837,0.0019813405627747962,3229.156963616214,0.17260528341654477,0.0002926237883373215,0.19303610740797372,-3.4416913763379853e-15,-8.267017403973398e-09,3,0.6811349955904534,8501135.62928745,290.26162259298195,0.1750756631928122,0.0006456564435308856,0.0019856535751620564,4.576100539134133e-05,-4.312957526225661e-06,0.017466650811494025,5.486104125760939e-11
3546833906013.903,4326707.013107121,0.14222079186217923,0.0019814382967484868,3229.1645223902274,0.17259760204632443,0.0002921080100917586,0.1905712232973516,5.773159728050814e-15,-8.768529680125425e-09,3,0.6809084990909787,8500865.427810272,290.25583097110524,0.17507551373902666,0.0006458053585037312,0.00198572246708025,4.575334426033223e-05,-4.28411547881156e-06,0.017466547438649463,5.48529401308451e-11
3546838232720.9165,4326707.013107121,0.14222361684429455,0.001981535509968559,3229.1720579993053,0.17258990818743644,0.00029159190276829486,0.18812506174278704,7.771561172376096e-15,-8.907405035785132e-09,3,0.6806863855097461,8500596.434905307,290.2501398392278,0.17507536430714862,0.0006459542515284787,0.001985790449096697,4.5745729864237925e-05,-4.254884283222702e-06,0.01746644409997676,5.4844899670410414e-11
3546842559427.93,4326707.013107121,0.14222642491783702,0.0019816321981444215,3229.179570373136,0.17258220180886524,0.0002910759826217476,0.18569676795766094,-6.106226635438361e-15,-9.714184456832697e-09,3,0.680468595789814,8500328.735295359,290.2445479692469,0.17507521489700917,0.0006461031227725662,0.001985857598598869,4.573816271797433e-05,-4.22534561753894e-06,0.01746634079524975,5.4836920569633735e-11
3546846886134.944,4326707.013107121,0.14222921597351768,0.0019817283597338567,3229.187060144063,0.17257448289234958,0.0002905607257022565,0.18328538087372584,2.886579864025407e-15,-8.355978242668982e-09,3,0.6802550712089216,8500062.41833621,290.2390534412499,0.17507506550843652,0.000646251972405229,0.0019859239774547436,4.573064326334456e-05,-4.195562891878018e-06,0.01746623752424304,5.4829003367063684e-11
3546851212841.9575,4326707.013107121,0.14223198990051805,0.0019818239917251098,3229.1945273630968,0.17256675143155062,0.00029004657033753346,0.18088986285366618,-6.106226635438361e-15,-9.00892171973311e-09,3,0.6800457533848192,8499797.573267756,290.23365396296515,0.17507491614125897,0.0006464008005970214,0.001985989632499249,4.5723171869032667e-05,-4.165585953002486e-06,0.017466134286732174,5.48211484776985e-11
3546855539548.971,4326707.013107121,0.14223474659389018,0.0019819190907323933,3229.201971862287,0.17255900743125052,0.0002895339195556134,0.17850916226420063,-1.687538997430238e-14,-9.47088341085589e-09,3,0.6798405842804798,8499534.285939172,290.22834712458393,0.175074766795303,0.0006465496075194618,0.0019860545964697583,4.5715748834857084e-05,-4.135450924042022e-06,0.017466031082492874,5.4813356224568674e-11
3546859866255.9844,4326707.013107121,0.14223748595605695,0.0019820136556600583,3229.2093943228783,0.17255125090658455,0.00028902314342273177,0.1761422525995175,3.3306690738754696e-15,-9.132960165914028e-09,3,0.6796395062091921,8499272.636687785,290.2231306013795,0.17507461747039427,0.0006466983933447819,0.0019861188895302097,4.570837440156927e-05,-4.1051790645178585e-06,0.017465927911300836,5.480562687155054e-11
3546864192962.998,4326707.013107121,0.14224020789578626,0.001982107682351553,3229.216794107299,0.17254348188230814,0.0002885145812813365,0.17378812664392995,-2.55351295663786e-15,-8.873527912456325e-09,3,0.679442461839536,8499012.698917685,290.21800230381945,0.1750744681663587,0.0006468471582457832,0.001986182520694044,4.570104875845489e-05,-4.074783544535218e-06,0.01746582477293137,5.479796064904838e-11
3546866356316.505,2163353.5065535605,0.14224156332681404,0.0019821545250347183,3229.2204869100824,0.17253959359602125,0.0002882529028253934,0.04559645253271287,-2.1760371282653068e-14,-5.6233860901144794e-09,2,0.6792493942002391,8498882.432500474,290.2154960684082,0.17507439352082527,0.0006469215341957434,0.0019862133697397285,4.569740042525595e-05,-4.058789910905438e-06,0.017465773213947138,5.479414778939311e-11
3546870683023.5186,4326707.013107121,0.14224425824658526,0.0019822477241442484,3229.227854539332,0.1725318057221492,0.00028772817492654065,0.1663583723196787,-4.884981308350689e-15,-9.143086510121634e-09,3,0.6790602466849143,8498623.40919007,290.21057969817144,0.1750742442477712,0.0006470702680354304,0.0019862740979587727,4.569014681130999e-05,-4.026319027952615e-06,0.017465670124310127,5.478658119309849e-11
3546875009730.532,4326707.013107121,0.14224693502920566,0.001982340369289819,3229.235201249631,0.17252400491682227,0.0002872082443253248,0.16421573252253796,-1.6431300764452317e-14,-9.081347229766834e-09,3,0.6788749630566796,8498365.732040625,290.20578019381065,0.17507409499512983,0.0006472189814069428,0.0019863344857761027,4.568294336315304e-05,-3.994061707234562e-06,0.01746556706685665,5.477908178465119e-11
3546879336437.546,4326707.013107121,0.14224959373449927,0.001982432461683674,3229.2425268756147,0.1725161912780163,0.00028669322479573777,0.16207822371326272,-1.709743457922741e-14,-9.356097785406803e-09,3,0.6786934874526597,8498109.733208155,290.2010833218317,0.17507394576271448,0.0006473676744945292,0.001986394509421109,4.567579024678909e-05,-3.9619929658194046e-06,0.01746546404136869,5.477164916755235e-11
3546883663144.5596,4326707.013107121,0.14225223439590742,0.0019825240013895194,3229.249831083515,0.17250836490805724,0.00028618321342435135,0.1599430952351627,1.3100631690576847e-14,-9.438441139764109e-09,3,0.6785157643883681,8497855.63091345,290.19647935335263,0.17507379655034008,0.0006475163474813859,0.001986454136462577,4.566868752843339e-05,-3.930080308748782e-06,0.017465361047626717,5.4764282982316265e-11
3546885826498.0664,2163353.5065535605,0.14225354902984594,0.001982569597093276,3229.2534765026007,0.1725044478980213,0.00028592202011855063,0.04205776250485946,9.325873406851315e-15,-4.40713043836638e-09,2,0.6783417387619726,8497728.314161025,290.1942364314358,0.175073721950375,0.0006475906777336218,0.0019864832280585064,4.566515128722082e-05,-3.913576204591027e-06,0.017465309560622352,5.476062096282808e-11
3546890153205.08,4326707.013107121,0.14225616206836939,0.0019826602956467777,3229.2607500074378,0.1724966024901229,0.0002854006116789941,0.15275049067254523,-1.7763568394002505e-15,-9.092436914492907e-09,3,0.6781713558584408,8497475.582137467,290.1898367013498,0.17507357276772004,0.0006477393209079661,0.0019865406976511597,4.565812291989263e-05,-3.880347251028088e-06,0.017465206614025706,5.4753357415280195e-11
3546894479912.0933,4326707.013107121,0.14225875665639945,0.001982750432566208,3229.268003116035,0.17248874410826942,0.00028488619747543746,0.15080094821311174,-9.547918011776346e-15,-8.830920994462588e-09,3,0.6780045613535696,8497224.59883885,290.1855434244299,0.17507342360463024,0.000647887944452615,0.00198659792455379,4.5651145632539143e-05,-3.8474372414385535e-06,0.017465103698560976,5.474616241749288e-11
3546896643265.6,2163353.5065535605,0.14226004814948343,0.001982795324625856,3229.2716232687894,0.1724848110312322,0.0002846236171875201,0.03972109614586595,-6.217248937900877e-15,-4.694209687627904e-09,2,0.6778413013178951,8497098.967808409,290.1834536498837,0.17507334902915755,0.0006479622501321938,0.0019866259505400274,4.5647672429729694e-05,-3.83057117159741e-06,0.01746505225050503,5.474258654268383e-11
3546900969972.614,4326707.013107121,0.1422626147107117,0.0019828846120207733,3229.2788469241336,0.17247693335850262,0.0002841010772754194,0.14398586603559232,-7.105427357601002e-15,-9.848641013832093e-09,3,0.6776815222204864,8496849.472685564,290.17936801756844,0.17507319989506512,0.0006481108445797429,0.001986681433862316,4.564077062822317e-05,-3.796767106059999e-06,0.017464949381280816,5.473549632321791e-11
3546905296679.6274,4326707.013107121,0.1422651626249301,0.0019829733338058617,3229.286050844188,0.17246904260293686,0.0002835870981991294,0.14208483365611788,2.4424906541753444e-15,-9.832480829530255e-09,3,0.6775251709326209,8496601.846780643,290.1753883576871,0.1750730507800516,0.0006482594198790045,0.001986736749772933,4.563392035638522e-05,-3.7633612385910927e-06,0.017464846542589927,5.4728475706676895e-11
3546907460033.1343,2163353.5065535605,0.14226643073277562,0.0019830175173611783,3229.28964658709,0.17246509331584062,0.00028332542904929735,0.037479195640565365,-1.1102230246251565e-14,-5.026272620334282e-09,2,0.677372194731343,8496477.88913533,290.1734562200578,0.17507297622846466,0.000648333701586871,0.0019867639145312223,4.563051085425814e-05,-3.7463424450788386e-06,0.01746479513273492,5.472498727719839e-11
3546911786740.148,4326707.013107121,0.14226895044228605,0.00198310538586682,3229.296821617897,0.17245718319624406,0.0002828060250680891,0.135631151516641,5.10702591327572e-15,-1.0638054437350775e-08,3,0.6772225413029065,8496232.016012514,290.1696776089971,0.17507282714171435,0.0006484822485152599,0.0019868177601996707,4.5623736713843705e-05,-3.7123196147684882e-06,0.01746469233939738,5.471807231558919e-11
3546913950093.655,2163353.5065535605,0.142270204387583,0.0019831491416198396,3229.3004031364153,0.17245322416394054,0.00028254224985962577,0.03575955276737073,-6.661338147750939e-15,-6.822335807399327e-09,2,0.677076158746099,8496109.083039604,290.16784263263645,0.17507275260416655,0.0006485565161295973,0.001986844266061796,4.5620365434146173e-05,-3.6950697273325955e-06,0.017464640952103105,5.471463705709093e-11
3546918276800.6685,4326707.013107121,0.14227269565678552,0.001983236152182479,3229.3075500971377,0.17244529440934758,0.0002820198943897102,0.12925078184166175,7.993605777301127e-15,-1.0085178026031372e-08,3,0.6769329955754523,8495864.923736075,290.16427196798895,0.17507260354523127,0.00064870503513005,0.001986896878395014,4.56136679280639e-05,-3.6606715046899747e-06,0.017464538203567234,5.470782911543567e-11
3546920440154.1753,2163353.5065535605,0.14227393534765967,0.0019832794781455398,3229.311117646665,0.17244132551573169,0.0002817551885865336,0.03410149056692034,-2.220446049250313e-15,-5.424487525829136e-09,2,0.6767930007243339,8495742.939265206,290.1625387374684,0.1750725290214966,0.0006487792888734313,0.0019869228274377827,4.561033507797079e-05,-3.6432945877996832e-06,0.017464486838560087,5.4704447568431755e-11
3546924766861.189,4326707.013107121,0.14227639805634515,0.001983365628604712,3229.318237065632,0.17243337594738545,0.00028123206404881456,0.1231173139316661,-1.3322676295501878e-15,-1.0209240230985017e-08,3,0.6766561235479269,8495500.585813884,290.1591756542128,0.17507237998992506,0.0006489277803933302,0.0019869743869604497,4.5603714552753776e-05,-3.6087036579925273e-06,0.017464384134284573,5.469774739388519e-11
3546926930214.696,2163353.5065535605,0.14227762345559686,0.0019834085246971914,3229.321791057215,0.17242939712069472,0.00028096746233900136,0.03250357801269296,-9.992007221626409e-16,-4.924151641994001e-09,2,0.6765223138260911,8495379.545748554,290.1575451327817,0.1750723054797778,0.0006490020204900414,0.0019869998557292086,4.5600420261017586e-05,-3.5912763375996844e-06,0.01746433279129588,5.469441982338123e-11
3546931256921.709,4326707.013107121,0.1422800575713953,0.00198349381573756,3229.32888362363,0.17242142764334786,0.0002804454841180347,0.11722177404151299,-1.1435297153639112e-14,-1.021174345083864e-08,3,0.6763915217661122,8495139.170130681,290.1543847176647,0.17507215647511548,0.0006491504849789416,0.0019870504944394293,4.5593876892579215e-05,-3.5566240140645202e-06,0.017464230130747594,5.468782769733683e-11
3546933420275.216,2163353.5065535605,0.14228126867068355,0.001983536281947508,3229.332424168534,0.17241743885184901,0.00028018189249442586,0.03096378761518418,1.3988810110276972e-14,-5.108511280660366e-09,2,0.6762636980053351,8495019.109768447,290.1528557797802,0.17507208197832785,0.0006492247116539448,0.001987075537050957,4.559062120304109e-05,-3.539200418867228e-06,0.01746417880951221,5.468455416383985e-11
3546937746982.2295,4326707.013107121,0.1422836741991856,0.00198362071355504,3229.3394898559486,0.1724094494453314,0.0002796627329908718,0.1126554270307117,-5.551115123125783e-16,-9.69297031527816e-09,3,0.6761387936136847,8494780.915277438,290.14989094882424,0.1750719330001199,0.0006493731495618024,0.001987125344175718,4.55841549908711e-05,-3.5045759426090693e-06,0.017464076192164432,5.4678070031962094e-11
3546939910335.7363,2163353.5065535605,0.1422848710128578,0.001983662750448996,3229.343017043199,0.1724054506931774,0.00027940094069559457,0.030076452567080574,3.3306690738754696e-15,-4.807711007082105e-09,2,0.6760167600960726,8494661.888703499,290.1484614157117,0.17507185851646498,0.0006494473630399654,0.0019871499952253046,4.558093786360367e-05,-3.487190101451793e-06,0.017464024892420084,5.4674850455201173e-11
3546944237042.75,4326707.013107121,0.14228724800667425,0.001983746325064649,3229.3500562902996,0.1723974414043853,0.0002788860526556351,0.1120816172490123,9.547918011776346e-15,-9.816037538357136e-09,3,0.6758975493946913,8494426.081453789,290.14568447596054,0.175071709564258,0.0006495957748158888,0.001987199024183515,4.5574548649021296e-05,-3.4526444503727854e-06,0.017463922317750846,5.4668474053347884e-11
3546946400396.257,2163353.5065535605,0.14228843056548524,0.001983787933951146,3229.353570324449,0.17239343272770594,0.0002786267436332749,0.029891024428308106,1.0880185641326534e-14,-4.651504847963395e-09,2,0.6757811138911968,8494308.149123214,290.1443518057992,0.17507163509350873,0.0006496699753214681,0.0019872233023139657,4.557136997207027e-05,-3.4353136974898197e-06,0.017463871039237397,5.466530827198362e-11
3546947482073.0103,1081676.7532767802,0.1422890203662724,0.0019838086938368405,3229.3553258974407,0.17239142727073545,0.0002785009626901454,0.007461698345247354,4.218847493575595e-15,-3.6523754021189347e-09,2,0.6757811138911968,8494249.53370893,290.14368754857037,0.17507159785946663,0.0006497070742347909,0.001987235545760817,4.5569784790345994e-05,-3.4267972602373833e-06,0.017463845402179427,5.4663730948462057e-11
3546949645426.517,2163353.5065535605,0.14229019581585237,0.0019838500886833117,3229.358833141305,0.17238741365874174,0.0002782431121207635,0.029771830999851878,5.10702591327572e-15,-4.918386808938635e-09,2,0.6756674064087788,8494132.101340435,290.1424044976557,0.17507152339509383,0.000649781268330064,0.001987259636512492,4.556662523556727e-05,-3.4094931685782863e-06,0.017463794134194646,5.4660591926546556e-11
3546951808780.024,2163353.5065535605,0.1422913664912067,0.001983891340187838,3229.3623359914777,0.17238339683556236,0.0002779809210471582,0.030316983053776253,3.086420008457935e-14,-4.973277789588337e-09,2,0.6755563802141202,8494015.070270816,290.14115397458556,0.1750714489349393,0.0006498554581839903,0.0019872834242442385,4.556347825091224e-05,-3.392029398868071e-06,0.017463742873187152,5.465747095280955e-11
3546956135487.0376,4326707.013107121,0.14229369118239288,0.001983973342989378,3229.369326478238,0.17237535129304593,0.0002774671461356675,0.11251700432317065,1.6653345369377348e-14,-1.0182180099072013e-08,3,0.6754479890192467,8493783.196816241,290.13873876361794,0.1750713000292488,0.0006500038231905904,0.0019873307567481427,4.555722901648383e-05,-3.3573591074401986e-06,0.01746364037542769,5.4651291914340035e-11
3546958298840.5444,2163353.5065535605,0.1422948475875752,0.00198401416592192,3229.3728161572844,0.1723713244593891,0.00027720927382415334,0.02991565914965428,9.103828801926284e-15,-5.046290385557484e-09,2,0.6753421869832652,8493667.229997141,290.13758747471655,0.17507122558158492,0.0006500780004827821,0.0019873542284464946,4.555412025747512e-05,-3.3400078763318616e-06,0.017463589135168104,5.464822485557835e-11
3546960462194.0513,2163353.5065535605,0.1422959992259496,0.001984054845954172,3229.3763015473255,0.17236729438935872,0.0002769477278652626,0.030385797667614213,4.218847493575595e-15,-4.539837394901269e-09,2,0.6752389287139945,8493551.594804447,290.1364711622534,0.1750711511380385,0.0006501521736335323,0.0019873774409710178,4.555102403736289e-05,-3.3225403716617898e-06,0.01746353790176944,5.4645175853030776e-11
3546961543870.8047,1081676.7532767802,0.14229657356148315,0.001984075141440375,3229.378042871907,0.1723652782129231,0.0002768208937157456,0.007585476883122458,-3.885780586188048e-15,-4.031888378719373e-09,2,0.6752389287139945,8493493.920885637,290.13592210669447,0.17507111391754665,0.0006501892589201126,0.0019873891230882132,4.554948000957868e-05,-3.313927004189168e-06,0.017463512287208844,5.464365696882644e-11
3546963707224.3115,2163353.5065535605,0.14229771807847585,0.001984115607878362,3229.381521813173,0.17236124310113846,0.0002765621080050047,0.030114580865342293,6.661338147750939e-15,-4.960161392730811e-09,2,0.6751381692694868,8493378.713060683,290.13485920620815,0.1750710394801305,0.0006502634259039859,0.0019874121906465225,4.55464027910943e-05,-3.296528127512382e-06,0.017463461064051788,5.464063491648583e-11
3546965870577.8184,2163353.5065535605,0.1422988578330101,0.001984155931786989,3229.384996572642,0.17235720472347607,0.00027630012812015917,0.030520945052976006,8.659739592076221e-15,-4.660882901852403e-09,2,0.6750398641594413,8493263.875966487,290.1338302192065,0.1750709650467682,0.0006503375888089586,0.0019874350275781976,4.554333809987811e-05,-3.2790411535600416e-06,0.017463409847682933,5.463763094625819e-11
3546966952254.572,1081676.7532767802,0.14229942622786393,0.0019841760493308617,3229.386732618467,0.17235518438639627,0.00027617309622881756,0.007621522877870532,-8.548717289613705e-15,-2.8679233432526985e-09,2,0.6750398641594413,8493206.554960024,290.1333263786975,0.17507092783134875,0.0006503746689921997,0.001987446512295692,4.5541809811039844e-05,-3.2704083287127725e-06,0.017463384241614383,5.463613458759546e-11
3546969115608.078,2163353.5065535605,0.1423005588692313,0.001984216160158059,3229.3902010530114,0.17235114093369736,0.00027591436308173003,0.030192685181976327,1.3322676295501878e-15,-4.609541193190125e-09,2,0.6749439693465107,8493092.1510636,290.1323509083769,0.17507085340402193,0.0006504488258241865,0.0019874692164683423,4.5538764067117014e-05,-3.253001677123052e-06,0.01746333303537823,5.463315759665884e-11
3546971278961.585,2163353.5065535605,0.14230168675895868,0.0019842561288799607,3229.3936653611136,0.17234709419878164,0.0002756528711651295,0.03055896413955289,1.6653345369377348e-14,-4.497338723652433e-09,2,0.6748504412475017,8492978.11773388,290.13140939043063,0.17507077898068565,0.0006505229786398846,0.0019874917128543806,4.553573082444008e-05,-3.2355293441880175e-06,0.01746328183585838,5.463019867746723e-11
3546972360638.3384,1081676.7532767802,0.14230224922494084,0.0019842760690089245,3229.3953962157525,0.17234506968076516,0.00027552608848496556,0.007630417779829618,-4.785061236134425e-14,-2.364479723127033e-09,2,0.6748504412475017,8492921.210819036,290.1309489306708,0.17507074177025927,0.0006505600537980551,0.0019875030184772903,4.55342182366846e-05,-3.2268948397355405e-06,0.017463256238191855,5.462872484301296e-11
3546974523991.845,2163353.5065535605,0.1423033700223656,0.001984315825712146,3229.398854402886,0.17234101785718495,0.0002752682654395526,0.030178976259198975,3.5083047578154947e-14,-4.46886250227152e-09,2,0.6747592367344692,8492807.629798125,290.13006038130237,0.1750706673528634,0.0006506342006346947,0.0019875253900664097,4.553120387485272e-05,-3.209509728401108e-06,0.01746320504869724,5.462579288323825e-11
3546976687345.352,2163353.5065535605,0.14230448608669075,0.0019843554411634874,3229.402308605922,0.17233696274700053,0.0002750080784766968,0.03049888955101998,-7.882583474838611e-15,-4.519275731418304e-09,2,0.6746703131357059,8492694.415800704,290.129205831078,0.175070592939395,0.0006507083435176348,0.0019875475723178317,4.552820197579682e-05,-3.192076531480676e-06,0.01746315386584781,5.4622878958089203e-11
3546977769022.1055,1081676.7532767802,0.14230504264495794,0.0019843752048814825,3229.4040344446503,0.1723349340431089,0.000274881940876752,0.007614838139387292,-3.4638958368304884e-14,1.3796719322556328e-10,2,0.6746703131357059,8492637.982528428,290.12878683246436,0.17507055573388258,0.0006507454137289739,0.0019875587127799153,4.552670503745103e-05,-3.1834532770742377e-06,0.0174631282764943,5.462142761126323e-11
3546979932375.6123,2163353.5065535605,0.14230615164274893,0.00198441460938278,3229.4074826772876,0.17233087384841542,0.0002746257860336513,0.030076172530669847,-7.105427357601002e-15,-4.854565860412663e-09,2,0.6745836282366277,8492525.258196345,290.1279839727627,0.17507048132625994,0.0006508195507266671,0.001987580774898646,4.552372193947999e-05,-3.1661108973397632e-06,0.017463077103563745,5.461854058860576e-11
3546982095729.119,2163353.5065535605,0.14230725592751645,0.0019844538733695388,3229.410927003429,0.17232681037355604,0.0002743676247564577,0.030352363490420902,9.992007221626409e-15,-4.160850775036806e-09,2,0.6744991402805552,8492412.894931505,290.1272151749405,0.17507040692250125,0.0006508936838331327,0.0019876026624215093,4.552075125316347e-05,-3.1487344362795293e-06,0.017463025937208023,5.4615671543026905e-11
3546984259082.626,2163353.5065535605,0.14230835549942117,0.00198449299700654,3229.4143674904376,0.17232274358180105,0.00027410775644024627,0.03059465525920898,3.774758283725532e-15,-4.587827118207599e-09,2,0.6744168079693941,8492300.855269328,290.12648184213145,0.17507033252258214,0.0006509678130734311,0.0019876243874923597,4.551779296763396e-05,-3.131335872991858e-06,0.017462974777398076,5.4612820499322645e-11
3546985340759.3794,1081676.7532767802,0.1423089038173973,0.0019845125150818924,3229.4160865142767,0.17232070903212088,0.00027398179086941674,0.007637861527054132,-2.930988785010413e-14,-8.751335212053846e-10,2,0.6744168079693941,8492244.98858482,290.1261241665132,0.17507029532381663,0.0006510048764907963,0.0019876352888382495,4.551631779670868e-05,-3.1227191450148634e-06,0.01746294919953319,5.461140058495106e-11
3546987504112.886,2163353.5065535605,0.14230999635394312,0.001984551429098181,3229.419521229234,0.17231663712751552,0.0002737265983910114,0.030089209081133116,1.9539925233402755e-14,-3.614530785789327e-09,2,0.6743365904642116,8492133.429314692,290.1254429647539,0.17507022092960958,0.0006510789999770973,0.001987656903467331,4.551337818540883e-05,-3.1054197605346955e-06,0.01746289804949333,5.460857638897184e-11
3546989667466.393,2163353.5065535605,0.14231108420299154,0.001984590203578967,3229.422952153821,0.17231256193102587,0.0002734699933521503,0.030295160991389986,3.219646771412954e-14,-3.674617610194275e-09,2,0.6742584473857138,8492022.222220793,290.12479604595694,0.17507014653917874,0.0006511531196595949,0.0019876783655919015,4.551045091053416e-05,-3.088107407100412e-06,0.01746284690592995,5.46057701051933e-11
3546991830819.9,2163353.5065535605,0.14231216737034486,0.0019846288390915723,3229.426379455099,0.17230848341417151,0.0002732122467060125,0.030469947228306187,2.4424906541753444e-14,-3.930541114804953e-09,2,0.6741823388146223,8491911.33600835,290.1241845299479,0.17507007215249865,0.0006512272355632544,0.0019876996844550117,4.55075359531302e-05,-3.0707907604094153e-06,0.017462795768814623,5.460298173871763e-11
3546993994173.4067,2163353.5065535605,0.14231324586678354,0.001984667336890683,3229.4298035232414,0.1723044015521876,0.000272953617085662,0.030614679824981887,-2.886579864025407e-14,-3.902142164946554e-09,2,0.6741082252919509,8491800.748885041,290.1236091882674,0.1750699977695446,0.0006513013477130419,0.0019877208684255013,4.550463329340252e-05,-3.0534769346638223e-06,0.017462744638119095,5.4600211287349164e-11
3546995075850.16,1081676.7532767802,0.142313783656747,0.0019846865423863197,3229.431514368705,0.17230235946506506,0.00027282827457947555,0.007642944072224454,-3.019806626980426e-14,8.205847112918718e-10,2,0.6741082252919509,8491745.635476317,290.12332968496975,0.17506996057922578,0.0006513384026202168,0.001987731487499248,4.550318588341152e-05,-3.044890514156216e-06,0.01746271907477202,5.4598831644638487e-11
3546997239203.667,2163353.5065535605,0.1423148551676009,0.0019847248323006474,3229.434932820365,0.17229827247090546,0.00027257510758023254,0.030011054210320187,-4.107825191113079e-15,-3.533614401085572e-09,2,0.6740360678191851,8491635.55848901,290.1228054760215,0.17506988620181418,0.0006514125091842629,0.0019877525696032385,4.550030170770938e-05,-3.027682706511498e-06,0.01746266795365818,5.459608790804743e-11
3546999402557.174,2163353.5065535605,0.14231592202930488,0.0019847629839534983,3229.438347574187,0.17229418218033596,0.0002723212704865859,0.03012789297391922,-1.9761969838327786e-14,-3.318197605572948e-09,2,0.6739658278583638,8491525.831454838,290.1223154337734,0.17506981182806527,0.000651486612056512,0.0019877735220952216,4.549742974979396e-05,-3.0104835484007464e-06,0.01746261683889608,5.4593361966059226e-11
3547001565910.6807,2163353.5065535605,0.1423169842487889,0.001984800997619632,3229.441758665365,0.17229008857547962,0.000272066997229969,0.030217251838736414,2.4646951146678475e-14,-3.645418633624331e-09,2,0.6738974673320636,8491416.433932392,290.1218602485243,0.17506973745795465,0.0006515607112617515,0.001987794351292466,4.549456998159554e-05,-2.9932990821312952e-06,0.01746256573045801,5.459065380327574e-11
3547003729264.1875,2163353.5065535605,0.1423180418340832,0.001984838873599277,3229.4451661269536,0.17228599164177438,0.00027181251051873234,0.03028019734800137,2.1538326677728037e-14,-2.3887416489287716e-09,2,0.673830948623289,8491307.35352424,290.1214403236756,0.17506966309145597,0.0006516348068247521,0.0019878150628466055,4.549172237361954e-05,-2.9761346593222505e-06,0.01746251462831639,5.458796339873228e-11
3547005892617.694,2163353.5065535605,0.14231909479420465,0.0019848766122461956,3229.4485700025775,0.17228189136785232,0.0002715580221565017,0.03031780420681765,2.6867397195928788e-14,-3.18958082168308e-09,2,0.6737662345752662,8491198.583408784,290.1210558595072,0.17506958872854522,0.0006517088987702503,0.001987835661819686,4.5488886895000856e-05,-2.9589949881469204e-06,0.017462463532443812,5.4585290726525454e-11
3547008055971.2007,2163353.5065535605,0.14232014313806426,0.0019849142137901097,3229.4519702865937,0.17227778774541727,0.0002713037333721106,0.030331141625010088,-1.5654144647214707e-14,-3.1584960202835077e-09,2,0.6737032884911449,8491090.120976882,290.1207069007837,0.17506951436919768,0.0006517829871229436,0.0019878561527293236,4.548606351340332e-05,-2.9418843566093163e-06,0.017462412442813026,5.458263575625088e-11
3547010219324.7075,2163353.5065535605,0.14232118687711248,0.0019849516786542144,3229.455367023232,0.17227368076912383,0.0002710498351535037,0.030321265731504326,2.4646951146678475e-14,-3.6441376582985185e-09,2,0.6736420741336059,8490981.966975577,290.1203933682479,0.1750694400133879,0.0006518570719074916,0.001987876539629168,4.548325219523475e-05,-2.924806394906351e-06,0.017462361359396942,5.457999845372605e-11
3547012382678.2144,2163353.5065535605,0.14232222602276007,0.0019849890072247277,3229.458760242115,0.17226957043645713,0.00027079650858196264,0.03028921620733694,3.907985046680551e-14,-3.1391921284651403e-09,2,0.6735825557243775,8490874.124880325,290.1201150815179,0.17506936566109096,0.0006519311531485001,0.0019878968261495184,4.548045290556931e-05,-2.907764347334184e-06,0.01746231028216867,5.457737878130408e-11
3547014546031.721,2163353.5065535605,0.14232326058692568,0.001985026199891526,3229.462149968578,0.1722654567476146,0.0002705439251645594,0.03023601332740981,-1.787459069646502e-14,-3.492425681983491e-09,2,0.6735246979436613,8490766.60040855,290.1198717773068,0.175069291312282,0.0006520052308705228,0.001987917015553515,4.5477665608177934e-05,-2.8907610872481814e-06,0.017462259211101352,5.457477669826255e-11
3547016709385.228,2163353.5065535605,0.14232429058204557,0.0019850632570559603,3229.4655362267354,0.1722613397053894,0.00027029224716342763,0.030162655710228546,2.1316282072803006e-14,-4.075391801805495e-09,2,0.6734684659294674,8490659.401117602,290.11966312460817,0.17506921696693664,0.0006520793050980602,0.001987937110775071,4.547489026554733e-05,-2.8737991468761107e-06,0.01746220814616842,5.457219216115504e-11
3547017791061.9814,1081676.7532767802,0.14232480415211615,0.001985081743320691,3229.4672282675556,0.17225928020017414,0.00027016457081403394,0.007888997195846896,1.2656542480726785e-14,-1.4677536963603188e-09,2,0.6734138252768619,8490605.716882026,290.1195755509577,0.1750691797953414,0.0006521163411250652,0.001987947114934688,4.5473506314828886e-05,-2.8653170430659834e-06,0.017462182615613157,5.457090538330001e-11
3547019954415.4883,2163353.5065535605,0.14232582730938845,0.0019851185978364255,3229.4706093945224,0.17225515822852444,0.0002699090914742964,0.0306850955029362,4.884981308350689e-15,-4.195208624935276e-09,2,0.6733607420371251,8490498.853399204,290.1194241425462,0.1750691054551466,0.0006521904101552185,0.0019879670310610706,4.547074878426349e-05,-2.848378656288243e-06,0.017462131559832696,5.4568347127777434e-11
3547022117768.995,2163353.5065535605,0.14232684592437744,0.001985155317788731,3229.473987136305,0.17225103283671103,0.0002696552276800432,0.03052621028079138,1.9761969838327786e-14,-3.4905770496251876e-09,2,0.6733091827168248,8490392.295199323,290.11930797588167,0.17506903111835315,0.0006522644757519708,0.0019879868648401363,4.546800311605787e-05,-2.8314924855596983e-06,0.017462080510119722,5.456580633883826e-11
3547024281122.502,2163353.5065535605,0.14232786001205588,0.001985191903638735,3229.4773615125014,0.17224690404059717,0.0002694030966105836,0.03035196015094971,-4.107825191113079e-15,-4.071234127600576e-09,2,0.6732591142768023,8490286.061722817,290.11922627587876,0.17506895678493709,0.0006523385379396432,0.001988006617959276,4.546526926939856e-05,-2.814659757266275e-06,0.017462029466448137,5.456328296050132e-11
3547025362799.2554,1081676.7532767802,0.14232836564220683,0.0019852101547012855,3229.4790476432263,0.17224483864226783,0.0002692755776951558,0.007915824384863157,-2.120525977034049e-14,-1.6510658396029498e-09,2,0.673210504131074,8490232.89678896,290.1192009433217,0.17506891961927906,0.0006523755679733633,0.0019880164594395936,4.546390602974531e-05,-2.8062501763234055e-06,0.017462003946494647,5.4562026715645857e-11
3547027526152.762,2163353.5065535605,0.14232937296087958,0.0019852465401392796,3229.4824170269885,0.17224070485887052,0.0002690211533189874,0.03069202289453926,7.549516567451064e-15,-3.629319622611149e-09,2,0.6731633201456501,8490127.00897154,290.1191756425475,0.17506884529088396,0.0006524496250913984,0.0019880360627667374,4.546118980080167e-05,-2.7894680679131507e-06,0.017461952911837372,5.455952938270513e-11
3547029689506.269,2163353.5065535605,0.14233037578595212,0.001985282792566347,3229.485783111328,0.17223656763917428,0.00026876904956896604,0.030445279778149037,-1.7763568394002505e-15,-3.555805871968687e-09,2,0.6731175306372702,8490021.450599104,290.1191844477656,0.17506877096580487,0.0006525236788609057,0.001988055593325649,4.5458485289613796e-05,-2.7727462022562984e-06,0.01746190188315614,5.4557049343996505e-11
3547030771183.0225,1081676.7532767802,0.14233087579577305,0.0019853008772684273,3229.4874651160594,0.17223449801869162,0.00026864181995345997,0.007923969237927722,7.66053886991358e-14,-1.7232737459238479e-09,2,0.6730731043720575,8489968.636713507,290.11920385441596,0.1750687338042961,0.0006525607047044293,0.0019880653284048548,4.5457136687684475e-05,-2.764396580460552e-06,0.017461876370677528,5.455581473014263e-11
3547032934536.5293,2163353.5065535605,0.14233187190592786,0.0019853369309948,3229.4908262973768,0.17223035577678622,0.0002683885001922728,0.030653668267447733,1.2212453270876722e-14,-4.307125545111035e-09,2,0.6730300105640923,8489863.440348718,290.1192680867307,0.17506865948414663,0.0006526347534948164,0.0019880847265255964,4.545444964116362e-05,-2.747740977412281e-06,0.01746182535091351,5.4553360543059164e-11
3547035097890.036,2163353.5065535605,0.14233286356008254,0.0019853728528802725,3229.4941842331996,0.1722262100919182,0.00026813799911533387,0.030344218689398045,1.9317880628477724e-14,-4.1460689326200395e-09,2,0.672988218873907,8489758.603088,290.1193651832532,0.17506858516725224,0.0006527087989967786,0.0019881040577221765,4.545177420153411e-05,-2.7311502909424843e-06,0.01746177433706126,5.4550923512317186e-11
3547036179566.7896,1081676.7532767802,0.14233335799651708,0.0019853907726843085,3229.4958621799465,0.17222413623590133,0.00026801181767970733,0.007883745278239492,-6.039613253960852e-14,-3.1689175727933616e-09,2,0.6729476994069019,8489706.107628817,290.11942990416674,0.17506854800981722,0.0006527458207252686,0.0019881136967539637,4.5450440101569575e-05,-2.7228695200647868e-06,0.017461748831977132,5.454971035738437e-11
3547038342920.2964,2163353.5065535605,0.14233434299466383,0.0019854264976749123,3229.4992152857494,0.17221998552917056,0.00026776104525589266,0.030435227870383684,7.105427357601002e-15,-3.3360636475521233e-09,2,0.6729084227116849,8489601.662059383,290.11958094286234,0.17506847369776155,0.0006528198613379051,0.0019881329088351344,4.544778195990921e-05,-2.706356612908594e-06,0.01746169782694641,5.454729895705195e-11
3547039424597.05,1081676.7532767802,0.1423348341103257,0.0019854443192555676,3229.5008908275368,0.1722179091542022,0.0002676349077153033,0.00789659785748343,-3.497202527569243e-14,-2.342603888649819e-09,2,0.6728703597783345,8489549.386367071,290.1196718332254,0.17506843654273513,0.000652856880632904,0.001988142490670287,4.544645648839933e-05,-2.6981168686902135e-06,0.017461672326261096,5.454609859048471e-11
3547041587950.5566,2163353.5065535605,0.14233581248783403,0.00198547984843739,3229.5042391478373,0.17221375339695888,0.0002673845681478597,0.030439417390750595,-1.4099832412739488e-14,-3.4798128822899344e-09,2,0.6728334820365879,8489445.356477393,290.1198757625915,0.17506836223546404,0.0006529309164097371,0.001988161592184071,4.5443815541460155e-05,-2.681689202995871e-06,0.0174616213299949,5.454371268832628e-11
3547042669627.3096,1081676.7532767802,0.14233630030081598,0.0019854975723454533,3229.505912305434,0.1722116744920638,0.00026725881355476797,0.00788786845248076,-1.509903313490213e-14,-3.1925804222510124e-09,2,0.6727977613539562,8489393.285163308,290.11999312576063,0.1750683250828184,0.0006529679332979463,0.001988171120669709,4.5442498645469645e-05,-2.6734937817606336e-06,0.01746159583368008,5.4542525041718735e-11
3547043751304.063,1081676.7532767802,0.14233678701707622,0.0019855152638180535,3229.507584671052,0.17220959472134645,0.00026713400910870395,0.5490979680975805,3.4638958368304884e-14,-8.335017120941757e-10,2,0.6727631700337662,8489341.333295919,290.12011765414195,0.1750682879309605,0.0006530049493893135,0.00198818063475443,4.544118459936882e-05,-2.665316394965866e-06,0.017461570338816366,5.454134161844668e-11
3547045065061.1973,1313757.1339506751,0.14233737661823317,0.00198553670547406,3229.5096147439635,0.17220706756864335,0.0002669815353815808,0.6475868704881828,1.509903313490213e-14,-1.7997117129908702e-09,2,0.6727296808131313,8489278.335535591,290.1202812113436,0.1750682428090505,0.0006530499063912584,0.001988192161820548,4.5439592612483055e-05,-2.6554018065478368e-06,0.017461539375914357,5.4539910225926994e-11
3547046534354.7715,1469293.574179972,0.142338034061157,0.0019855606276199633,3229.511883748641,0.17220423971625398,0.0002668108524358902,0.7039569796551438,3.774758283725532e-15,-2.9221318698091636e-09,2,0.6726972668608516,8489208.002721526,290.1204798603908,0.17506819234653573,0.000653100184459157,0.0019882050219929533,4.543781723178349e-05,-2.644339834665434e-06,0.017461504749890167,5.453831692374475e-11
3547048110433.941,1576079.1691583332,0.14233873701299962,0.0019855862211777854,3229.5143160270236,0.17220120456710422,0.0002666282306002601,0.7343148405346754,-2.1649348980190553e-14,-2.5027792061038667e-09,2,0.6726659017752453,8489132.697839137,290.12071123294567,0.17506813821811823,0.0006531541150062472,0.0019882187830959188,4.543591870978443e-05,-2.632507381559732e-06,0.017461467610313076,5.453661657654922e-11
3547049765744.12,1655310.1794778497,0.14233947279080805,0.0019856130270700686,3229.5168687739915,0.17219801486320957,0.0002664374123317504,0.7500792581927734,-1.2545520178264269e-14,-1.1344770678434202e-09,2,0.672635559581912,8489053.778076237,290.1209739117541,0.17506808137040025,0.0006532107548858607,0.001988233200774389,4.543393125734404e-05,-2.620119169504834e-06,0.01746142860701343,5.4534840425795234e-11
3547051485902.032,1720157.9112145642,0.14234023468232015,0.0019856408029419585,3229.5195195782885,0.17219469806300036,0.0002662405505785904,0.7580120442760669,-1.887379141862766e-15,-1.74315584189344e-09,2,0.6726062147314291,8488971.977924578,290.12126725323566,0.17506802229756432,0.000653269611719615,0.0019882481468899422,4.543187296949956e-05,-2.6072894149824637e-06,0.01746138807931913,5.453300513216349e-11
3547053264069.9624,1778167.930548221,0.14234101937626759,0.0019856694300317145,3229.5222577034665,0.17219126720114267,0.00026603568313271936,0.020840497232674574,7.771561172376096e-15,-1.6658991963680592e-09,2,0.6725778420969827,8488887.626117006,290.12159301938095,0.17506796123462123,0.0006533304513518068,0.0019882635522974813,4.5429752747810504e-05,-2.5940677346326857e-06,0.017461346188702032,5.453111908031626e-11
3547055042237.893,1778167.930548221,0.14234180116521425,0.001985697971229237,3229.524993743687,0.17218783410543084,0.00026582982652885245,0.7234222567682876,2.3092638912203256e-14,-1.9921194693850452e-09,2,0.6725239150673228,8488803.41390441,290.12194347961537,0.17506790017372756,0.0006533912889103979,0.001988278915612796,4.5427640039682106e-05,-2.5808898542685886e-06,0.017461304301922387,5.4529244215075407e-11
3547056923803.429,1881565.5367467192,0.1423426252182128,0.0019857280775570844,3229.5278865863525,0.1721841987849906,0.0002656149204517471,0.7430780671471371,4.218847493575595e-15,-2.521748476702612e-09,2,0.6724983125093077,8488714.523867587,290.12233922994363,0.17506783556448938,0.0006534556618000137,0.001988295134549603,4.542541275024904e-05,-2.567002465237402e-06,0.017461259983716178,5.452727263309977e-11
3547058888269.978,1964466.548288074,0.14234348209694303,0.0019857594074083845,3229.530904388274,0.17218040064823864,0.00026538753918271335,0.7345559748786131,1.0658141036401503e-14,-2.5024037286769385e-09,2,0.6724497119975182,8488621.962780159,290.1227797989473,0.17506776811103664,0.0006535228684614564,0.0019883120173192054,4.5423096318923556e-05,-2.5525553855720837e-06,0.017461213717467887,5.4525227588454086e-11
3547060951153.4653,2062883.4872901465,0.14234437808600214,0.0019857921939419342,3229.534070637691,0.1721764091428432,0.0002651501279915963,0.02791884124656984,-4.773959005888173e-15,-3.260943515215331e-09,2,0.6724266683477819,8488525.003702914,290.1232730868281,0.17506769728093327,0.0006535934393772665,0.0019883296998176527,4.5420673701076116e-05,-2.537451352633345e-06,0.017461165138392826,5.452309478774101e-11
3547063014036.9526,2062883.4872901465,0.14234527022821036,0.0019858248667115664,3229.537234119456,0.17217241454245552,0.00026491442894945163,0.7079482457471873,-3.452793606584237e-14,-3.2333014043928188e-09,2,0.6723829830570048,8488428.24010541,290.12379859670835,0.175067626453512,0.0006536640075776675,0.001988347337956332,4.5418261018320007e-05,-2.5224167238570677e-06,0.017461116564403745,5.452097679260394e-11
3547065220600.574,2206563.621777395,0.14234622019881382,0.001985859687690911,3229.540614837651,0.1721681383037593,0.00026466176949079017,0.7145306754981944,-7.882583474838611e-15,-2.8573089450034672e-09,2,0.6723423568427104,8488325.050178818,290.1243941273548,0.1750675506959455,0.00065373948783033,0.0019883661530598045,4.541569140906651e-05,-2.5064108501813028e-06,0.01746106461292974,5.451872786077282e-11
3547067569954.9165,2349354.3419769863,0.14234722677774905,0.0019858966180694476,3229.5442108216257,0.17216358141653623,0.00026439371176059743,0.7170697964386077,3.9745984281580604e-14,-3.759458078178568e-09,2,0.6723046229120648,8488215.516656494,290.1250664358791,0.17506747003934164,0.0006538198491319302,0.0019883861317343265,4.541296806346048e-05,-2.489459148447973e-06,0.017461009306022592,5.4516352115824663e-11
3547070066907.635,2496952.718165376,0.14234829112627137,0.0019859357068122995,3229.5480287717,0.17215873387489852,0.0002641080291418541,0.717498420972477,-2.6645352591003757e-15,-3.474555199112217e-09,2,0.6722530954992159,8488099.487968458,290.12582375975404,0.17506738431925642,0.0006539052553129425,0.001988407306171856,4.541008771505736e-05,-2.4715448457132804e-06,0.017460950531698882,5.4513848147086154e-11
3547072719938.81,2653031.175298412,0.14234941586699365,0.0019859770572962297,3229.5520809285485,0.172153578291302,0.0002638057777453793,0.6976531627330166,1.0880185641326534e-14,-4.609772119579247e-09,2,0.6722219032051829,8487976.543160938,290.12667926900286,0.17506729324524098,0.0006539959957470544,0.0019884297422557715,4.540704312767617e-05,-2.452630448308861e-06,0.017460888091672996,5.4511211259501055e-11
3547075578615.7544,2858676.9445963753,0.14235062073504026,0.001986021404214259,3229.5564420623323,0.17214801731291973,0.0002634805570262896,0.686243379622838,1.354472090042691e-14,-5.503605682299906e-09,2,0.6721794901407933,8487844.559073338,290.1276564639884,0.1750671951165977,0.0006540937648867128,0.0019884538496411485,4.540378069765873e-05,-2.4323909184654006e-06,0.01746082082106892,5.450839709355732e-11
3547078684380.134,3105764.379452842,0.14235192149413634,0.0019860693399943777,3229.5611741365424,0.1721419688964199,0.00026312784757551145,0.6789864815054738,1.3100631690576847e-14,-8.020722752632992e-09,2,0.672130389148555,8487701.688738182,290.1287844431633,0.17506708851192387,0.0006541999789067285,0.00198847996661938,4.540025749519772e-05,-2.410572119604816e-06,0.017460747746957002,5.450537138382861e-11
3547082076572.3267,3392192.192699474,0.142353332466679,0.001986121409328527,3229.5663360374897,0.1721353545453034,0.0002627445963108033,0.6549556502585775,9.103828801926284e-15,-5.20649812152385e-09,3,0.6720888671748396,8487546.321587594,290.13009286867515,0.1750669720823184,0.0006543159817367936,0.001988508410470255,4.539643441399728e-05,-2.3869466396059003e-06,0.017460667946609255,5.4502104069204824e-11
3547085848966.047,3772393.7195128,0.14235488968986273,0.001986178966137305,3229.5720692651107,0.1721279889613308,0.00026231735416319316,0.6231114381036965,-5.551115123125783e-16,-6.266813734612242e-09,3,0.6720387656981444,8487374.305492414,290.13164334572843,0.17506684261119282,0.0006544449781370837,0.0019885399518484257,4.5392213372223415e-05,-2.360931212605398e-06,0.01746057921802274,5.4498516207701215e-11
3547090150037.533,4301071.486611369,0.14235664993370864,0.001986244138164318,3229.578594639106,0.17211957828089372,0.00026182866297004646,0.5721716181855989,-9.43689570931383e-15,-7.730489692825415e-09,3,0.6719904251827375,8487179.219990851,290.13353131811573,0.175066695005761,0.0006545920421623771,0.0019885758105623796,4.53874397756355e-05,-2.331617903596796e-06,0.017460478075057455,5.449448386017034e-11
3547095267515.8906,5117478.357039461,0.14235872324386192,0.0019863210563148665,3229.586342808206,0.17210955292996136,0.00026125154221121375,0.519806949523193,-5.662137425588298e-15,-5.042694373180723e-09,3,0.6719465290051234,8486948.543952102,290.13594337889896,0.1750665193967967,0.0006547670067372346,0.001988618353289068,4.5381813976113296e-05,-2.297242484445562e-06,0.017460357762001125,5.448976675073232e-11
3547101655700.8706,6388184.9797076555,0.14236127944518367,0.001986416126017565,3229.5959906199805,0.17209701031787453,0.0002605339268796383,0.41045008474698347,1.9984014443252818e-15,-4.508646456180543e-09,3,0.6719116023053675,8486662.917660289,290.13920134442344,0.17506630020423808,0.000654985394563238,0.0019886713101775646,4.5374872851684325e-05,-2.2551296759954594e-06,0.017460207617588475,5.4484000463453953e-11
3547110629778.4146,8974077.544252275,0.1423648103182988,0.001986547893836142,3229.6094971909647,0.1720793374002704,0.00025965363094032265,0.3828394036021251,-7.438494264988549e-15,-3.093119982366943e-09,3,0.6719099288616276,8486278.153970866,290.1438737299091,0.17506599232407227,0.0006552921435836552,0.0019887455134491925,4.536527517626022e-05,-2.19756513693635e-06,0.01745999677792175,5.447612925733875e-11
3547123683189.3975,13053410.982568728,0.14236982454030186,0.001986735934313749,3229.629045909406,0.17205354279090568,0.00025868397596338823,0.5569726815266582,3.3306690738754696e-15,-5.944800207657863e-11,4,0.6719099288616276,8485770.722788647,290.15029829182384,0.17506554457194654,0.0006557382489502643,0.001988853352740527,4.53516241758732e-05,-2.117363961628684e-06,0.01745969026648532,5.446514284389785e-11
3547139424814.824,15741625.4268303,0.14237569687358767,0.0019869575116153505,3229.6524848016384,0.17202234382630588,0.00025785633009486295,0.5436548789806722,-1.4432899320127035e-15,-1.5739487491117643e-10,4,0.6719099288616276,8485217.627588755,290.15799156841786,0.17506500472559633,0.0006562761071815621,0.0019889838352601806,4.533560533176128e-05,-2.0262691922785256e-06,0.017459320881851263,5.4452554820277446e-11
3547158639374.591,19214559.76629737,0.142382622500253,0.0019872206843233988,3229.6808711879457,0.17198417640886554,0.0002571918894001983,0.5023973291990456,-3.885780586188048e-15,-2.6357294125034514e-10,4,0.6719099288616276,8484604.269093206,290.1678774430675,0.17506434593911896,0.0006569324634926068,0.001989144489283338,4.531666634850039e-05,-1.923750521848184e-06,0.017458870363903953,5.443809856281072e-11
3547183037097.0747,24397722.48394013,0.14239106352600356,0.0019875441511352883,3229.716555757095,0.171935642513584,0.00025669473340924893,0.4442620493190367,-1.2212453270876722e-15,-9.065215245129821e-11,5,0.6719099288616276,8483892.426774971,290.1817691107374,0.1750635096827284,0.0006577656284880831,0.0019893514752681754,4.5293512076570974e-05,-1.8072697118398964e-06,0.017458298876104845,5.4421049631707425e-11
3547215980782.986,32943685.91069346,0.1424019026044365,0.0019879637797854477,3229.764088596044,0.17187006895818,0.00025636829340007836,0.4303801370841853,-3.3306690738754696e-16,-3.407707449554209e-11,5,0.6719099288616276,8483009.950443015,290.20328429848024,0.17506238089592197,0.0006588902303849314,0.001989636288576598,4.52636617970094e-05,-1.6724543910910892e-06,0.017457528175526725,5.440005955247058e-11
3547261175595.4194,45194812.43406433,0.14241588968359795,0.001988511981036928,3229.8281085619838,0.17178014358780624,0.0002562202562203841,0.5123163606497381,-2.1094237467877974e-15,-3.4327307663062356e-10,6,0.6719099288616276,8481894.643157504,290.23766024241496,0.17506083298622863,0.0006604323779587721,0.001990033362702035,4.5224946586567945e-05,-1.521327290712875e-06,0.0174564725947743,5.437439842159081e-11
3547318003544.835,56827949.41507724,0.14243231457496494,0.001989164529073374,3229.9068022605693,0.1716672145291123,0.00025621678676846383,0.7852937884147113,-3.3306690738754696e-16,-5.112338330448551e-10,6,0.6719099288616276,8480596.894922454,290.2874352105683,0.17505888755675159,0.000662370526975137,0.0019905342157483723,4.517921509113164e-05,-1.3696323288304105e-06,0.017455147942574745,5.434616827192393e-11
3547375718506.7646,57714961.92961273,0.14244795437993424,0.0019897941979953285,3229.9850485572156,0.17155271336606,0.0002562756059784379,0.7899943893236588,0,-4.5930970138385874e-10,6,0.6719099288616276,8479365.331706382,290.34375390480704,0.17505691261814005,0.000664338031923295,0.001991037675819246,4.51354213755581e-05,-1.2434235028621859e-06,0.0174538053191164,5.432105523539672e-11
3547434159679.1255,58441172.36100705,0.14246288265213494,0.0019904028218588926,3230.062763595703,0.17143697603061323,0.0002563479300506785,0.7895222001869096,-2.1094237467877974e-15,-4.6206449777486114e-10,6,0.6719099288616276,8478192.293020476,290.4056393557764,0.17505491359224337,0.0006663294886965857,0.001991537910974005,4.5093394661285345e-05,-1.1350348164266903e-06,0.017452448440020023,5.429868991603223e-11
3547493353892.801,59194213.67573907,0.14247719086377916,0.0019909932509645845,3230.1400718484,0.17131995606002612,0.0002564165290957782,0.7898179317598203,-5.551115123125783e-16,-5.315972106956224e-10,6,0.6719099288616276,8477070.788516764,290.4725041574975,0.17505288948741232,0.0006683458826560717,0.0019920328932037028,4.505290228850446e-05,-1.0395879603723279e-06,0.017451076657569328,5.4278747343225405e-11
3547553299625.179,59945732.37868881,0.1424909409594631,0.001991567284790684,3230.2170053088325,0.17120165986433333,0.00025647565836668976,0.789528316999695,6.661338147750939e-16,-4.783339280223231e-10,6,0.6719099288616276,8475996.461422654,290.54388919791285,0.1750508402883295,0.0006703872264988607,0.001992521476196329,4.5013785711124124e-05,-9.541371446484664e-07,0.017449689989174354,5.426099545512788e-11
3547614017550.614,60717925.434233256,0.1425041863749106,0.0019921266294526123,3230.29365389222,0.17108204909411232,0.0002565237229220829,0.7897755442882494,2.220446049250313e-16,-5.525507829062803e-10,6,0.6719099288616276,8474965.58143808,290.61947099097193,0.17504876522548277,0.000672454284179998,0.001993003323671565,4.4975907117540394e-05,-8.766399737035585e-07,0.017448287944262453,5.424524864916448e-11
3547675507989.5493,61490438.935648434,0.1425169660575372,0.001992672506337547,3230.370074636788,0.1709611254064762,0.00025656053597412145,0.7900997646415053,1.9984014443252818e-15,-4.920951424125519e-10,6,0.6719099288616276,8473975.404548826,290.69897569273854,0.17504666422843015,0.000674547123210072,0.0019934783093529178,4.493916634938872e-05,-8.057487840037829e-07,0.01744687050733182,5.423136327350779e-11
3547737767992.4233,62260002.87412692,0.1425293118029881,0.0019932058730697936,3230.446298310234,0.1708388968991683,0.00025658637974231013,0.7898848368046927,2.220446049250313e-16,-4.998788050158964e-10,6,0.6719099288616276,8473023.595116314,290.782177153692,0.17504453734070108,0.0006766656975395097,0.001993946395004716,4.490348092240663e-05,-7.404677157011912e-07,0.017445437740569038,5.4219220285434603e-11
3547800815766.3735,63047773.95060312,0.14254125438530293,0.001993727671557624,3230.522360545502,0.1707153303273331,0.00025660166933611666,0.7902953955835068,2.220446049250313e-16,-5.206818309844152e-10,6,0.6719099288616276,8472107.793164615,290.86891672244843,0.17504238388493062,0.0006788106791295717,0.001994407756443134,4.486876878755268e-05,-6.800306767940145e-07,0.017443989222237312,5.420871525901156e-11
3547864644692.9688,63828926.59527776,0.1425528162365859,0.001994238573875844,3230.5982818913467,0.17059044132358506,0.0002566068214927539,0.7904845684232262,2.220446049250313e-16,-5.286832083228887e-10,6,0.6719099288616276,8471226.256758045,290.959031594231,0.17504020403311582,0.0006809818938487908,0.0019948624394009597,4.4834971784217615e-05,-6.238113253521502e-07,0.01744252510367129,5.419976285878714e-11
3547929256717.954,64612024.98572354,0.14256401841051047,0.001994739247854382,3230.6740965588924,0.1704642288457083,0.0002566022273690739,0.7903486092929873,-3.3306690738754696e-16,-5.435280003851517e-10,6,0.6719099288616276,8470377.333838897,291.0523921426222,0.17503799766564881,0.0006831794579755747,0.0019953106229783774,4.4802035027291725e-05,-5.713209317080941e-07,0.017441045340639002,5.419228768773172e-11
3547994667074.293,65410356.338901676,0.14257488155691053,0.001995230359660105,3230.749842430714,0.17033666610422876,0.00025658823980524953,0.790948288384094,1.5543122344752192e-15,-5.531776148259837e-10,6,0.6719099288616276,8469559.370272018,291.1489065574774,0.1750357642099613,0.0006854039388571538,0.001995752558043655,4.47699033707219e-05,-5.221441973246443e-07,0.01743954958676152,5.418622232291541e-11
3548060860518.52,66193444.22759388,0.14258541924706494,0.0019957122814968317,3230.8255183892793,0.17020778586617064,0.00025656518535691004,0.7907382218756351,2.220446049250313e-15,-5.546840764480976e-10,6,0.6719099288616276,8468771.234636342,291.2484527496963,0.17503350413459823,0.0006876548668475684,0.0019961882879436913,4.4738541851865505e-05,-4.759522653454927e-07,0.017438038193705888,5.4181509764420034e-11
3548127855322.81,66994804.29037363,0.14259564872928066,0.001996185565930564,3230.9011545116496,0.17007755572187638,0.00025653335104744505,0.7910354253635836,6.661338147750939e-16,-5.331209917969204e-10,6,0.6719099288616276,8468011.510438856,291.3509707564391,0.17503121676404187,0.0006899329116751996,0.0019966180660240178,4.4707903762622896e-05,-4.3244591535591974e-07,0.017436510748486834,5.417809669281354e-11
3548195648449.677,67793126.8666202,0.1426055824327939,0.0019966505713962554,3230.976756752127,0.16994598487585472,0.000256493004594688,0.7912689876585222,-2.220446049250313e-15,-5.501462618795472e-10,6,0.6719099288616276,8467279.146277659,291.45637876777124,0.17502890215051958,0.0006922380181926066,0.001997042002110171,4.4677956358304445e-05,-3.913765379831704e-07,0.017434967325727455,5.417593684068521e-11
3548264239286.711,68590837.03462689,0.14261523197243398,0.001997107649169059,3231.052337275759,0.16981307787219824,0.0002564443904196262,0.7911546333599223,-1.2212453270876722e-15,-5.668667757419144e-10,6,0.6719099288616276,8466573.156383347,291.56460663914646,0.17502656026348,0.0006945702136343953,0.0019974602321095503,4.46486689464972e-05,-3.5252876550521885e-07,0.017433407945025826,5.417498828268416e-11
3548333642235.676,69402948.96508771,0.14262462682522128,0.0019975581018678683,3231.1280905098033,0.16967881028630274,0.0002563876590935351,0.7915560721553222,-1.1102230246251565e-16,-4.970954758931612e-10,6,0.6693551541438225,8465893.030325476,291.67563236469226,0.17502423611946016,0.0006968851079279504,0.0019978738651963814,4.462000239275763e-05,-3.157091532906106e-07,0.017431832286488928,5.417522315654514e-11
3548403849102.403,70206866.72754061,0.14263376140626025,0.0019980015183681085,3231.2039147668465,0.1695432014955932,0.00025632300500843565,0.7913628317837013,6.661338147750939e-16,-5.025893035082163e-10,6,0.6693551541438225,8465237.764851023,291.7893928814123,0.1750218849148559,0.000699226883815372,0.001998282116494917,4.459194305016461e-05,-2.8054395020021707e-07,0.017430240543393653,5.4176606805111485e-11
3548474877869.4995,71028767.09694983,0.14264264359823028,0.001998438058074584,3231.279786549111,0.16940622041927197,0.00025625064178619615,0.7919597229942045,-1.1102230246251565e-16,-5.534945834995142e-10,6,0.6693551541438225,8464606.192910705,291.9058583359655,0.17501950599590144,0.0007015961892609215,0.0019986852925117857,4.456445967674126e-05,-2.4718025809785296e-07,0.017428632315903275,5.417910392951117e-11
3548546711073.5664,71833204.06657176,0.14265127965901817,0.001998867866462822,3231.355695080393,0.1692679044294614,0.00025617078194216587,0.7917194221702604,1.9984014443252818e-15,-5.301838967852746e-10,6,0.6693551541438225,8463997.743913915,292.0249484516403,0.17501709989582104,0.0007039924899603055,0.0019990833778482067,4.45375362828019e-05,-2.154572026977703e-07,0.017427008007246725,5.418268310303958e-11
3548619368849.21,72657775.6441578,0.14265967965133655,0.001999291303571932,3231.431673142398,0.169128218542222,0.00025608357225810364,0.7921342039772516,-1.4432899320127035e-15,-5.349386489328367e-10,6,0.6693551541438225,8463411.592693718,292.1466525113935,0.17501466588815656,0.0007064165060954751,0.00199947657780625,4.451114497700832e-05,-1.8522004700206496e-07,0.017425367170448992,5.4187318242438293e-11
3548692841418.0493,73472568.8391594,0.1426678494064295,0.0019997085312301504,3231.507721256156,0.16898718541198854,0.00025598917829644004,0.7920865703874708,-1.1102230246251565e-16,-5.572117212082617e-10,6,0.6693551541438225,8462847.209862204,292.2709151006713,0.175012204248016,0.0007088679602906675,0.0019998649431701336,4.4485270792805e-05,-1.563577469991873e-07,0.01742371003492769,5.4192984259869426e-11
3548767140151.2188,74298733.16990314,0.14267579657876842,0.0020001198078767094,3231.5838582666865,0.16884478713094775,0.00025588772851621236,0.7923296140217341,1.1102230246251565e-15,-5.353120169360182e-10,6,0.6693551541438225,8462303.938488444,292.39772019379603,0.17500971454145925,0.0007113472812119336,0.0020002486319326673,4.445989261046049e-05,-1.287698562959843e-07,0.01742203635300861,5.419965959050381e-11
3548842262814.122,75122662.90323332,0.14268352600819845,0.002000525587212637,3231.6602136742245,0.16870103196998176,0.0002557793517570211,0.7922440259941834,2.220446049250313e-16,-5.340996533931275e-10,6,0.6693551541438225,8461781.341459457,292.52703152866917,0.1750071967898299,0.0007138544440401158,0.002000627911118995,4.4434997359047857e-05,-1.0226969903270313e-07,0.01742034618406602,5.420732516387253e-11
3548918222646.3887,75959832.2673164,0.14269104392636,0.00200092599434144,3231.7367684033165,0.16855589867347578,0.00025566414052923805,0.7925379545302078,1.3322676295501878e-15,-6.045217659789159e-10,6,0.6693551541438225,8461278.868286502,292.6588410426945,0.17500465049516117,0.0007163899409837153,0.0020010029896499514,4.441056685083841e-05,-7.694109254504432e-08,0.017418639239715428,5.421596383779832e-11
3548956618689.975,38396043.58579324,0.14269475447127122,0.0020011253488121943,3231.7752414257034,0.16848260761404799,0.00025560419290789293,0.20328979786436024,-3.1086244689504383e-15,-6.079140524306581e-10,5,0.6693551541438225,8461032.618986277,292.7257978145438,0.1750033632353968,0.0007176717135013589,0.00200119028358556,4.439844176036905e-05,-6.488055277288785e-08,0.017417777060594185,5.4220598747805386e-11
3549033261460.138,76642770.16307077,0.14270193121191702,0.0020015157380311637,3231.8515765618963,0.1683365061089177,0.0002554798906406789,0.7812051955736858,1.7763568394002505e-15,-4.726735669535742e-10,6,0.6667934410911665,8460563.133416299,292.860319486196,0.17500084294821297,0.0007201816750644825,0.002001556822529253,4.4374846144979894e-05,-4.103026749304826e-08,0.017416057817237336,5.42305926390436e-11
3549111303954.442,78042494.30373488,0.14270896767037297,0.002001904449100851,3231.9287980218282,0.1681879640294228,0.0002553479894359665,0.7923694094347927,1.1102230246251565e-15,-5.21858445345913e-10,6,0.6667934410911665,8460109.941242259,292.99829453152876,0.17499827603342274,0.0007227379851048428,0.002001922322113103,4.4351516263243895e-05,-1.7818770641315043e-08,0.017414309200336254,5.424160879843534e-11
3549190209913.0786,78905958.63661723,0.14271581064906205,0.0020022882992428398,3232.006224033523,0.16803800843807815,0.00025520953396072167,0.7932369564152275,0,-5.154100479742851e-10,6,0.6667934410911665,8459675.2436023,293.13875060623974,0.17499568006744548,0.0007253231353093286,0.0020022840628480627,4.432860260478067e-05,4.2906483295940504e-09,0.01741254325392021,5.4253552666920264e-11
3549269945251.192,79735338.11351167,0.14272246263753152,0.0020026671806318767,3232.0837837422678,0.1678867084166828,0.0002550647341684586,0.7928586293168456,-1.3322676295501878e-15,-5.233725675068968e-10,6,0.6667934410911665,8459258.749268048,293.2815996059316,0.17499305611500543,0.0007279360616281987,0.0020026417682183838,4.4306100687745257e-05,2.5466679891284317e-08,0.01741076075040773,5.426640085490538e-11
3549350537907.6357,80592656.44366254,0.14272893025693945,0.002003041370807442,3232.161514995625,0.16773401531849993,0.0002549136495557083,0.7934950827198466,1.9984014443252818e-15,-5.527733826227177e-10,6,0.6667934410911665,8458859.958730139,293.4268679957671,0.17499040319937445,0.0007305777328331837,0.0020029956083886164,4.4283991212496355e-05,4.581669897337377e-08,0.017408961074813007,5.4280143334564596e-11
3549431964425.0386,81426517.40267648,0.14273521545995424,0.0020034108922830527,3232.2394055646973,0.16757997797112215,0.0002547564188098483,0.7930350753165838,2.220446049250313e-16,-5.521837431743393e-10,6,0.6667934410911665,8458478.650043368,293.57449273870134,0.1749877220348288,0.0007332474337471945,0.0020033455532382613,4.426227027935251e-05,6.539333955497765e-08,0.01740714476023497,5.429476300770695e-11
3549514257288.0293,82292862.99121688,0.14274132419173088,0.0020037760204031797,3232.3174999678017,0.16742453941583302,0.00025459306554414916,0.79373954892277,-3.3306690738754696e-16,-5.937541569522864e-10,6,0.6667934410911665,8458114.355786847,293.7245145220633,0.17498501149288775,0.0007359462839770802,0.002003691821129677,4.4240919898193646e-05,8.425358375616402e-08,0.017405311091807565,5.43102539893904e-11
3549597388798.4395,83131510.40953003,0.1427472577688683,0.0020041367147843104,3232.395767751436,0.16726775646984537,0.0002544237293822383,0.7933132942640302,2.220446049250313e-16,-5.646092482436416e-10,6,0.6667934410911665,8457766.880234059,293.87686647885874,0.17498227242640704,0.0007386734302169699,0.0020040343430054964,4.421993808473051e-05,1.0242610541435748e-07,0.01740346069605136,5.4326599831048925e-11
3549681390061.1743,84001262.73457894,0.14275304004449493,0.0020044942314037225,3232.4744459440394,0.16710957504300405,0.0002542483704261143,0.7936209831665986,4.440892098500626e-16,-5.007709802384852e-10,6,0.6642248918731222,8457436.346439388,294.0316067883925,0.17497955762667464,0.0007413768591493324,0.002004374287387178,4.419930279216083e-05,1.1999836035204415e-07,0.01740159289119961,5.434380655253889e-11
3549766253720.1865,84863659.01230635,0.14275866266530304,0.002004848055184541,3232.553422012517,0.1669500135919934,0.0002540669680947619,0.7935887689765158,-3.3306690738754696e-16,-5.551867854336479e-10,6,0.6642248918731222,8457122.805534132,294.18873385391436,0.17497681396598952,0.0007441089252063569,0.0020047108700224888,4.4179022390821285e-05,1.3723952392651248e-07,0.017399707850654898,5.4361875185772684e-11
3549851990369.3438,85736649.15698934,0.14276412032575528,0.002005197783944479,3232.632594536913,0.1667890568732199,0.00025387968147328507,0.794067998449461,2.220446049250313e-16,-5.483531406724751e-10,6,0.6642248918731222,8456825.141005505,294.3482368452874,0.17497404103981182,0.00074687002708653,0.002005044111661443,4.415908221861979e-05,1.53726663820606e-07,0.01739780534865957,5.438078501577383e-11
3549938582847.444,86592478.09953363,0.1427694152608431,0.0020055434961844653,3232.711970519842,0.16662674179582157,0.0002536866630028355,0.7938978868640527,-3.3306690738754696e-16,-5.524606327966808e-10,6,0.6642248918731222,8456543.135137852,294.5100597280582,0.1749712393409666,0.0007496596698698237,0.002005373971825296,4.4139476839408927e-05,1.695787596880168e-07,0.017395885775137846,5.440051952986063e-11
3550026049066.7847,87466219.3412686,0.1427745515449951,0.002005885355690866,3232.791570480312,0.16646303954341532,0.0002534879537546853,0.7942576948373989,6.661338147750939e-16,-5.910785194629398e-10,6,0.6642248918731222,8456276.487865744,294.6742190625469,0.17496840822691906,0.0007524784890255467,0.0020057005415606757,4.4120194186120645e-05,1.8486855126433121e-07,0.017393948742159947,5.442107285556782e-11
3550114377829.872,88328763.08699434,0.14277953117810566,0.0020062233965656958,3232.8713861395736,0.1662979758712817,0.00025328365060351446,0.7942155068937223,4.440892098500626e-16,-5.887774712221017e-10,6,0.6642248918731222,8456024.993145712,294.8406808313218,0.17496554799636996,0.0007553261827491058,0.0020060238137454764,4.4101229535868655e-05,1.9963726265396047e-07,0.017391994506693688,5.444243379385333e-11
3550203580011.708,89202181.83624953,0.14278435719392127,0.00200655774083343,3232.951432919206,0.16613153529643276,0.00025307379569634516,0.7944154391519714,-1.3322676295501878e-15,-6.138650698872539e-10,6,0.6642248918731222,8455788.391100684,295.00945434963194,0.17496265823260007,0.0007582031614297042,0.002006343875756709,4.408257396720926e-05,2.1391954131578484e-07,0.0173900228369821,5.446459728277613e-11
3550248616462.0215,45036450.312864505,0.14278673261869557,0.002006724431850609,3232.991681030452,0.1660475833304597,0.00025296677325437517,0.203403692563154,-1.6653345369377348e-15,-7.134360879845758e-10,5,0.6642248918731222,8455674.09449383,295.09488141466034,0.1749611988428389,0.0007596560563904568,0.0020065037757333454,4.4073305024510996e-05,2.207105932281856e-07,0.017389027970387858,5.4475967437179766e-11
3550338489049.613,89872587.59093204,0.1427913282139973,0.0020070526383048465,3233.0718367200593,0.1658802765683417,0.0002527501103389652,0.7831326893415792,-1.1102230246251565e-16,-5.938511904446386e-10,6,0.6616496094113667,8455462.198271452,295.2659289038476,0.1749583424306509,0.0007625002465654553,0.0020068179994394246,4.405522885637876e-05,2.3469336460308033e-07,0.017387044282629754,5.4499181829423414e-11
3550429890287.8203,91401238.20706272,0.14279580882196402,0.00200737980374195,3233.152857041889,0.1657103848981324,0.00025252631856599074,0.7946415160652378,-5.551115123125783e-16,-6.133401564412111e-10,6,0.6616496094113667,8455263.501342842,295.44054487737407,0.17495543607170577,0.0007653940526295129,0.002007131716116546,4.4037323722338756e-05,2.481421487701449e-07,0.01738502871796879,5.452336722705104e-11
3550522170580.4526,92280292.63275544,0.14280014228182591,0.0020077035239651963,3233.2341382993945,0.16553912302762863,0.00025229712713252934,0.7946705953259386,6.661338147750939e-16,-6.189800894063069e-10,6,0.6616496094113667,8455078.992429044,295.61747245482735,0.17495250034239304,0.0007683169815075992,0.0020074425496287604,4.40197104997813e-05,2.610288847787883e-07,0.0173829956260312,5.454834134791226e-11
3550615336677.1924,93166096.74019028,0.1428043315660507,0.002008023955367491,3233.315710343439,0.16536648348064426,0.00025206260908910505,0.7949585842945486,8.881784197001252e-16,-6.355576065431023e-10,6,0.6616496094113667,8454908.479040155,295.7967074165835,0.17494953495995771,0.0007712693100896918,0.0020077505359021933,4.400238087700543e-05,2.73474039397291e-07,0.017380944866492165,5.457409719165691e-11
3550709380041.7925,94043364.60033628,0.14280837849979544,0.0020083411116675527,3233.3975585522503,0.16519248714230847,0.0002518228502963983,0.7950311934094498,-9.992007221626409e-16,-6.784687256455868e-10,6,0.6616496094113667,8454751.791686693,295.9782215116091,0.1749465401274615,0.0007742508314823492,0.0020080556617109464,4.3985330366630245e-05,2.855045572294446e-07,0.01737887663530577,5.460062530504995e-11
3550804304599.7944,94924558.0021467,0.1428122853658598,0.0020086550664387324,3233.4796872067536,0.16501713183456412,0.00025157790080524464,0.7949600512374352,8.881784197001252e-16,-6.898185356263298e-10,6,0.6616496094113667,8454608.733956998,296.162013699147,0.1749435156505558,0.0007772617343440759,0.002008357960758671,4.3968552721925374e-05,2.9716030798376794e-07,0.01737679085388885,5.462792070954648e-11
3550852213747.5073,47909147.71322609,0.1428142036226516,0.0020088116769117273,3233.520995932486,0.1649287144242713,0.0002514533846222189,0.20344353008228816,-7.771561172376096e-16,-4.480109616622485e-10,5,0.6616496094113667,8454540.99307929,296.25496720780313,0.1749419886651459,0.0007787818245370292,0.002008509035474869,4.3960215281589104e-05,3.026960787122062e-07,0.01737573871637347,5.4641855704917666e-11
3550947809591.743,95595844.2362182,0.1428179085828275,0.0020091205537156914,3233.60334245016,0.16475252821845396,0.0002512022965072554,0.784176456655912,-3.3306690738754696e-16,-6.292568688337496e-10,6,0.6590676973675237,8454420.295948017,296.440943684455,0.17493900036137894,0.0007817571540494722,0.0020088063587913193,4.3943948705309776e-05,3.142495945005074e-07,0.01737364089606171,5.4670128851289114e-11
3551044966709.518,97157117.77522235,0.14282150393642826,0.002009428675483682,3233.686610109761,0.16457374199059857,0.0002509441951689224,0.7951769626654905,1.1102230246251565e-15,-6.816943676213327e-10,6,0.6590676973675237,8454312.381184319,296.630542299147,0.1749359615586398,0.0007847826341705351,0.0020091033868286485,4.392783723454507e-05,3.25343354412517e-07,0.017371510618536805,5.469937632828832e-11
3551143025207.678,98058498.16006908,0.142824964505774,0.00200973381558328,3233.770188371751,0.16439357770948393,0.0002506809869705721,0.7955698148225456,-1.1102230246251565e-16,-7.245767319474794e-10,6,0.6590676973675237,8454217.51313656,296.8224590724656,0.1749328928093814,0.0007878377965724698,0.002009397909833111,4.391198343582744e-05,3.3596047955659524e-07,0.0173693623757432,5.472938837681353e-11
3551241969010.565,98943802.88742296,0.14282829219006665,0.002010036016864354,3233.8540734355797,0.16421207019133294,0.00025041280212801244,0.795269305075251,8.881784197001252e-16,-7.292816350812359e-10,6,0.6590676973675237,8454135.553340558,297.01664640870206,0.17492979454384652,0.0007909222079629747,0.002009689863043057,4.3896383387721385e-05,3.462085814504485e-07,0.0173671965269933,5.4760152060075534e-11
3551341824972.0303,99855961.4650073,0.1428314897313768,0.002010335405738092,3233.9382855541025,0.16402917556865926,0.00025013962710261113,0.795959335855162,-2.6645352591003757e-15,-8.042286836484891e-10,6,0.6590676973675237,8454066.326325372,297.21314716069315,0.17492666584708758,0.000794036774097179,0.002009979326986609,4.3881027664507657e-05,3.5613354314735783e-07,0.01736501249190023,5.479166994954809e-11
3551442557809.302,100732837.2715933,0.1428345577651091,0.0020106319304122188,3234.0227971447266,0.16384496380829397,0.0002498616121263087,0.7955680895880071,-1.2212453270876722e-15,-8.332472489769316e-10,6,0.6590676973675237,8454009.70102654,297.4118850593013,0.17492350775027896,0.0007971804632824407,0.002010266223617373,4.386591710733104e-05,3.657616187694673e-07,0.017362811048890796,5.4823926156245444e-11
3551544200206.3325,101642397.03017814,0.1428375272007193,0.0020109275176626697,3234.108033420047,0.16365938048356937,0.0002495785205693715,0.7955056023070325,1.7763568394002505e-15,-1.2058650744606325e-09,5,0.6564792601307818,8453967.02202922,297.6129627908854,0.1749203823034166,0.0008002921828579974,0.00201055209902664,4.3851046255080025e-05,3.7547349299176036e-07,0.017360591491365294,5.4856958635319566e-11
3551646764403.916,102564197.58375214,0.1428403725797428,0.0020112209342877814,3234.19378698441,0.16347240870208,0.0002492903575064735,0.7959658165739014,-1.7763568394002505e-15,-1.032594898475736e-09,5,0.6564792601307818,8453937.349007558,297.81640462285907,0.17491722649947852,0.0008034339860694292,0.002010836082268594,4.3836419981621425e-05,3.849069099457887e-07,0.01735835355914087,5.4890762046914554e-11
3551750228838.2246,103464434.30905649,0.1428430920294758,0.0020115115108178846,3234.279810275375,0.16328409326668858,0.00024899738319585714,0.7961133439895324,6.661338147750939e-16,-2.4425697020546977e-09,4,0.6564792601307818,8453919.843012378,298.02214301426886,0.17491404092457427,0.0008066052842440732,0.002011117698227876,4.382202794758339e-05,3.9386751531902263e-07,0.01735609772917556,5.49253089626171e-11
3551854591739.8413,104362901.6161593,0.14284568786056318,0.0020117994378015627,3234.3661541595106,0.16309444288177136,0.0002486996888719607,0.7963871788288848,-1.3322676295501878e-15,-7.166962578963876e-10,5,0.6564792601307818,8453914.382594155,298.2301579077021,0.17491082555595072,0.000809806094800622,0.0020113969724616762,4.380786458586203e-05,4.025203004750986e-07,0.01735382404599365,5.496059144912458e-11
3551959842811.1323,105251071.29132396,0.14284816159887245,0.0020120847486207946,3234.4528151887935,0.1629034817253876,0.00024839736217397703,0.7960004639109841,2.220446049250313e-16,-5.118507839796393e-10,5,0.6564792601307818,8453920.841546733,298.4404185439703,0.17490758063336892,0.0008130361737437523,0.0020116739003040148,4.379392655597587e-05,4.1090331338118887e-07,0.01735153273943742,5.499660072657564e-11
3552012929101.513,53086290.381171346,0.14284936604008838,0.002012227146997439,3234.496404496742,0.1628072609820897,0.0002482442495023313,0.2034670927098317,2.220446049250313e-16,-5.129638935841285e-10,4,0.6564792601307818,8453927.592987226,298.54663530591,0.17490594326656222,0.0008146660019908992,0.0020118123268221084,4.378700029377992e-05,4.14875190225628e-07,0.017350377595543677,5.5014894896828316e-11
3552118849059.043,105919957.52972998,0.1428516707184786,0.0020125082564438463,3234.5832712194074,0.16261554367797001,0.0002479369098772933,0.7857558865197178,-8.881784197001252e-16,-9.450528137833203e-10,6,0.6538844028053898,8453952.392520236,298.75895209178526,0.17490273946825505,0.000817855618875343,0.0020120851287448683,4.37734725561604e-05,4.231827507492577e-07,0.017348074287241357,5.5051773210231975e-11
3552226390657.1045,107541598.06198943,0.14285388088955242,0.0020127895108982023,3234.671253151505,0.16242120137940075,0.00024762263712695305,0.7960977139358574,-7.771561172376096e-16,-1.0100934533241457e-09,6,0.6538844028053898,8453990.288057998,298.975031051227,0.17489948431858304,0.00082109621085601,0.0020123581443093888,4.376008497405742e-05,4.31421678473029e-07,0.017345737418238357,5.5089661256904e-11
3552334867192.723,108476535.61853492,0.14285597214883633,0.0020130684015299107,3234.7596187686167,0.16222548333835277,0.00024730366947394285,0.7967501608995009,1.5543122344752192e-15,-1.0664312766195394e-09,6,0.6538844028053898,8454039.746007165,299.1934693783971,0.17489619850197524,0.0008243671793526381,0.0020126292450957555,4.374691175122908e-05,4.3921156245281664e-07,0.017343381930286728,5.5128294192648515e-11
3552444241983.7676,109374791.04436399,0.14285794639749272,0.0020133448954326844,3234.8483336995128,0.162028461465323,0.0002469802228523221,0.7966787146738291,-1.7763568394002505e-15,-1.1558928258992296e-09,6,0.6538844028053898,8454100.600453421,299.41417398465023,0.1748928830478286,0.0008276674941262359,0.002012898254856804,4.3733950323842144e-05,4.46695743527019e-07,0.017341008625178043,5.516765008550645e-11
3552554527413.241,110285429.47387393,0.14285980573950632,0.0020136190480727193,3234.9373967743018,0.16183011916004997,0.00024665232168242363,0.7968880864819144,-1.3322676295501878e-15,-1.1944334410429747e-09,6,0.6538844028053898,8454172.727068597,299.63716006040863,0.17488953749895303,0.0008309976046972469,0.002013165162643513,4.372119415405239e-05,4.5394063693174707e-07,0.01733861723903527,5.52077280001483e-11
3552610121933.312,55594520.070536986,0.14286070371224247,0.0020137558702260847,3234.982180528657,0.16173023649027024,0.0002464865124728227,0.20353245047677326,2.4424906541753444e-15,-3.3904445917443127e-10,5,0.6538844028053898,8454212.212755429,299.74972498119683,0.17488785022399908,0.0008326770419498962,0.002013298559901621,4.3714857488023216e-05,4.573655525222975e-07,0.017337412273907508,5.522805376439794e-11
3552721028602.928,110906669.61648603,0.14286240835224456,0.0020140262420755566,3235.0714585673977,0.1615312593005984,0.00024615416286080704,0.7937163173932227,0,-1.1781670083976792e-09,6,0.6512832311980261,8454301.36333639,299.9746414486562,0.1748845494927371,0.0008359630333922192,0.002013561690869479,4.370248117989292e-05,4.6460647502925763e-07,0.01733500990436757,5.526895213635228e-11
3552833067163.172,112038560.24393979,0.14286401437607005,0.0020142957751665314,3235.161504525307,0.1613305758232789,0.00024581650921482915,0.8046569857644847,0,-1.2639175261952573e-09,6,0.6512832311980261,8454403.050345814,300.20233655534713,0.17488121249581765,0.0008392849715835906,0.0020138240493114516,4.369029449092693e-05,4.7178116576351497e-07,0.01733258465778458,5.531068351557546e-11
3552945477082.384,112409919.21192624,0.14286550170778062,0.0020145618082515657,3235.2514774362257,0.16112955210893135,0.0002454761224434867,0.8049461308612393,-9.992007221626409e-16,-1.3250497366001923e-09,6,0.6512832311980261,8454515.000575822,300.4312340111582,0.17487786181672063,0.0008426203703896192,0.0020140833842366914,4.367836238891111e-05,4.784793678054293e-07,0.01733015299159355,5.5352933203580136e-11
3553058239333.3066,112762250.92318575,0.14286687450536917,0.0020148244399514985,3235.3413703223678,0.1609282232384652,0.00024513319214617985,0.8050819796934228,-5.551115123125783e-16,-1.3787820885013957e-09,6,0.6512832311980261,8454636.916876972,300.66126965304886,0.17487449797763857,0.0008459687067661096,0.002014339610852514,4.366667578218981e-05,4.8488449466314e-07,0.017327715298471647,5.5395679981329427e-11
3553171345476.3477,113106143.04046088,0.14286813595216724,0.002015083774906607,3235.431189634637,0.160726605278949,0.00024478782022846636,0.8051867597669293,-5.551115123125783e-16,-7.961172832082752e-10,7,0.6512832311980261,8454768.561381735,300.89241036227344,0.1748711211866631,0.000849329770357112,0.0020145927691069664,4.3655227354022444e-05,4.91061238550261e-07,0.017325271742097574,5.543891094308416e-11
3553228067327.3047,56721850.95747184,0.14286873422499252,0.002015212641769816,3235.476141343114,0.1606255971049382,0.0002446142180362495,0.202600008991638,1.5543122344752192e-15,-3.14764103670484e-10,5,0.6512832311980261,8454837.260094924,301.00847219451947,0.17486942690188362,0.0008510161117708142,0.002014718727027958,4.3649567271687925e-05,4.939702025615433e-07,0.017324046804231472,5.5460701028682655e-11
3553341483026.282,113415698.97768255,0.14286986116266406,0.0020154684499971596,3235.5660522172166,0.16042391397619793,0.0002442657716025182,0.8018142175214571,1.1102230246251565e-15,-6.893871029589604e-10,7,0.6486758518050671,8454984.187741863,301.2408697615117,0.1748661050897721,0.0008543229565251814,0.0020149682324400236,4.3638485060478076e-05,5.002730617314014e-07,0.0173215988731872,5.5504593357534717e-11
3553455476189.9165,113993163.63402393,0.14287089102284137,0.0020157222387970583,3235.6562415356293,0.16022152870939,0.0002439140285829217,0.8052264796609698,1.9984014443252818e-15,-7.318907702114075e-10,7,0.6486758518050671,8455141.72515543,301.4748896009002,0.17486276362971673,0.0008576492029189616,0.0020152159119067696,4.362761981636656e-05,5.063824393706441e-07,0.01731913999299253,5.554907793064687e-11
3553569806739.7573,114330549.84075394,0.14287181598227197,0.0020159729847481697,3235.7463875355575,0.1600188693080942,0.0002435599899533205,0.8054425224002237,6.661338147750939e-16,-7.037580518343134e-10,7,0.6486758518050671,8455308.25921997,301.7100072010879,0.1748594095092157,0.0008609878917685646,0.00201546093528285,4.3616977983966336e-05,5.121050593538749e-07,0.017316675328189424,5.559403280570786e-11
3553684460294.5923,114653554.83468589,0.14287263956203028,0.002016220785596079,3235.8364899936187,0.159815962205435,0.00024320380784145865,0.8055598860190472,-1.4432899320127035e-15,-7.125378065353516e-10,7,0.6486758518050671,8455483.557648784,301.9461695737846,0.1748560431088477,0.0008643386411593626,0.002015703263638321,4.3606551679663495e-05,5.175775971955948e-07,0.017314205171281953,5.563944037551876e-11
3553799429391.017,114969096.42441475,0.14287336457402314,0.0020164657106710674,3235.9265452960894,0.1596128215105317,0.00024284556964888657,0.80564897836366,2.220446049250313e-16,-7.131322199427359e-10,7,0.6486758518050671,8455667.404008497,302.1833483226289,0.1748526646075335,0.0008677012699150027,0.0020159429025133633,4.3596334409543196e-05,5.228638429941697e-07,0.017311729665767477,5.5685289371088976e-11
3553857068956.942,57639565.9253362,0.1428736981248651,0.0020165874676732576,3235.971614293068,0.15951107888962068,0.0002426656656437859,0.20260066652122433,-3.219646771412954e-15,-2.6331081759423114e-10,5,0.6486758518050671,8455761.870810155,302.30239413932594,0.17485096990712667,0.0008693879561182923,0.0020160621712763437,4.359128242873458e-05,5.25352105282349e-07,0.017310489024259048,5.5708375090342055e-11
3553972319445.7695,115250488.82780302,0.1428743126641931,0.002016829875930438,3236.061897059489,0.1593079275306964,0.00024230479794376338,0.8023854897176719,-1.4432899320127035e-15,-6.289859744157411e-10,7,0.646062371799733,8455959.810762897,302.5407411547819,0.17484764755969526,0.0008726952092016267,0.0020162989950638656,4.358139270102187e-05,5.3093662140889e-07,0.01730800959484497,5.5754839367879385e-11
3554088115497.7026,115796051.93312582,0.14287483590268543,0.0020170702978684683,3236.152407977122,0.15910413918997343,0.00024194104179368778,0.8056850137050375,0,-6.367328886369705e-10,7,0.646062371799733,8456166.918404045,302.7806173019878,0.17484430661673608,0.0008760208154762319,0.0020165341718491993,4.357169362851107e-05,5.361818211206308e-07,0.01730551982712947,5.5801851459601155e-11
3554204221218.522,116105720.8187764,0.14287526606440043,0.0020173079997833467,3236.242873195569,0.15890013066713363,0.00024157536310249485,0.8058736214455742,-1.1102230246251565e-16,-6.361536852850236e-10,7,0.646062371799733,8456381.939981824,303.0215058327786,0.17484095383767875,0.0008793580431905638,0.002016766964020215,4.35621910012063e-05,5.410916124254565e-07,0.017303024780052884,5.584929376795503e-11
3554320623812.461,116402593.93903074,0.14287560646938097,0.0020175430568524486,3236.3332856357783,0.15869592529668256,0.00024120789260191419,0.8059677131244669,-7.771561172376096e-16,-6.382311346087022e-10,7,0.646062371799733,8456604.668929497,303.263360036762,0.17483758955391895,0.0008827065595281783,0.002016997311519418,4.355287759488755e-05,5.45801230179754e-07,0.017300524712420832,5.5897150588702935e-11
3554437317226.3926,116693413.93150702,0.1428758593464364,0.0020177755669660577,3236.4236596686915,0.15849153451399883,0.0002408387004073797,0.8060454415037555,-5.551115123125783e-16,-6.198526136813598e-10,7,0.646062371799733,8456834.93714024,303.50615558544894,0.1748342139032599,0.0008860662243709529,0.0020172252693857217,4.354374822198889e-05,5.503535257474212e-07,0.017298019738321783,5.5945412688159914e-11
3554554296546.2314,116979319.83931907,0.14287605545505733,0.002018006391410626,3236.513992586677,0.15828696768609452,0.00024046773090197806,0.8054129391199538,0,-5.56181545263712e-10,7,0.6434428990191219,8457073.54882771,303.74990790392354,0.1748308960323353,0.0008893689857957295,0.002017451578400266,4.3534793580220106e-05,5.548690044522033e-07,0.017295509948790543,5.59940924812544e-11
3554671608508.7393,117311962.5079964,0.14287618085791962,0.0020182351975562207,3236.604309122432,0.15808214392330494,0.0002400947378852966,0.8060077941185462,-1.7763568394002505e-15,-5.340459185987356e-10,7,0.6434428990191219,8457320.666812535,303.9947503571911,0.17482756575566447,0.0008926839401461561,0.0020176757028574476,4.35260236676397e-05,5.595507419914482e-07,0.01729299432577208,5.6043221566568927e-11
3554789210639.0474,117602130.30832131,0.14287622225107202,0.0020184616407748694,3236.694622086076,0.15787713828487634,0.00023972008369350342,0.8061955261706721,-1.1102230246251565e-16,-5.573725925245299e-10,7,0.6434428990191219,8457574.890042694,304.2405488425198,0.17482422424063893,0.0008960099225007773,0.00201789781675463,4.351743024399898e-05,5.638801129923539e-07,0.017290473765269713,5.6092753068706e-11
3554907089927.6953,117879288.64785017,0.14287618285496406,0.002018685617241187,3236.7848536999686,0.157671974237129,0.0002393439092093231,0.8063099349309155,6.661338147750939e-16,-5.374560796411743e-10,7,0.6434428990191219,8457835.95850477,304.4872535511566,0.17482087182132755,0.0008993465975117203,0.002018117699993408,4.3509004881312944e-05,5.679733904502625e-07,0.01728794853124337,5.614266929191967e-11
3555025238644.8154,118148717.12053615,0.14287606517056067,0.0020189072594913524,3236.875029082648,0.15746666598419515,0.00023896629316826244,0.8063618756048996,-3.3306690738754696e-16,-5.297862148978538e-10,7,0.6434428990191219,8458103.70976116,304.7348379532655,0.1748175086830669,0.0009026937778839581,0.002018335356962182,4.350074262967553e-05,5.719587221305877e-07,0.017285418774608253,5.6192960647265215e-11
3555084446118.543,59207473.728060246,0.14287598286574654,0.0020190175274030163,3236.9201581069156,0.15736388211835817,0.00023877690732216196,0.20260103650304728,-1.4432899320127035e-15,-1.1144318801115105e-10,5,0.6434428990191219,8458239.607395248,304.85903234210576,0.17481582236265986,0.0009043720451839023,0.0020184437449520098,4.349665646425226e-05,5.738386692509044e-07,0.01728415143316043,5.621824695085596e-11
3555202831535.7354,118385417.19208688,0.14287578401747278,0.0020192375899315794,3237.010608977872,0.1571586489974138,0.0002383974949856747,0.8033598630774463,-2.6645352591003757e-15,-4.560920530138901e-10,7,0.640817541951149,8458518.69789593,305.10762268025434,0.1748125170383309,0.0009076622155724103,0.0020186594711451597,4.3488652475462956e-05,5.781750554772671e-07,0.017281618450029682,5.6269062981385934e-11
3555321705200.931,118873665.19580533,0.14287551249898198,0.00201945629938126,3237.1013337728095,0.1569528940486718,0.00023801575596971847,0.8063213052800222,-7.771561172376096e-16,-4.487216154203111e-10,7,0.640817541951149,8458805.605755124,305.35759837826026,0.17480919500904843,0.0009109688588765832,0.0020188740795238987,4.3480805467321026e-05,5.822761777319656e-07,0.017279076227497234,5.6320371916276075e-11
3555440849727.309,119144526.37781364,0.14287516530961433,0.0020196728755158514,3237.19205404484,0.15674699497708186,0.00023763262171045283,0.8064968837206976,-1.5543122344752192e-15,-4.6232362382880865e-10,7,0.640817541951149,8459098.822267823,305.60847457701715,0.17480586230836903,0.0009142859664062994,0.0020190868546231568,4.3473115716070496e-05,5.860772647473575e-07,0.017276529403103567,5.637205629041306e-11
3555560252732.603,119403005.29328127,0.1428747453415674,0.002019887384493163,3237.282763818602,0.15654097390667815,0.00023724821375097828,0.8065777887256154,4.440892098500626e-16,-4.706308676105664e-10,7,0.640817541951149,8459398.185300265,305.8602050577999,0.17480251924935145,0.0009176132238401797,0.002019297732865552,4.3465576959983504e-05,5.897080517135252e-07,0.01727397822778492,5.642410132343971e-11
3555679908775.9785,119656043.3759184,0.14287425439822762,0.0020200999204649643,3237.3734806562775,0.1563348409180823,0.0002368625896679906,0.806635536143574,-3.3306690738754696e-16,-4.5930526049176024e-10,7,0.640817541951149,8459703.571549958,306.1127677227607,0.17479916595195547,0.0009209505090557007,0.0020195067554399336,4.345818507878622e-05,5.932215015293926e-07,0.017271422804278888,5.647649919729125e-11
3555799814101.4033,119905325.42540963,0.142873720530466,0.0020203119621634803,3237.464479408598,0.1561286031227354,0.00023647566621608795,0.8058397910071236,-3.3306690738754696e-16,-3.7699776633814963e-10,7,0.6381864097213671,8460015.987296963,306.36617712285977,0.1747958718390621,0.0009242295072239778,0.0020197150908100306,4.345093719289707e-05,5.969278827172426e-07,0.017268863200713233,5.6529267847506464e-11
3555920028538.5547,120214437.15067291,0.1428731293235292,0.002020523100653595,3237.5557596777844,0.15592215834725312,0.00023608707371761896,0.8065154225023186,6.661338147750939e-16,-3.572231399573411e-10,7,0.6381864097213671,8460336.00085906,306.6206009515122,0.17479256608191981,0.0009275199429466516,0.00201992244019183,4.344384872731742e-05,6.007170442201035e-07,0.017266298126739382,5.65824539372867e-11
3556040502391.1006,120473852.54530558,0.14287246858395544,0.002020732279896263,3237.647036769236,0.1557155927454472,0.00023569725266069658,0.8067212167728322,-4.440892098500626e-16,-3.908471324365337e-10,7,0.6381864097213671,8460661.749698183,306.8758986442172,0.17478925001229936,0.0009308204879132149,0.0020201281904465127,4.3436903943987244e-05,6.041460857494968e-07,0.01726372863000954,5.663599971814614e-11
3556161220818.2847,120718427.18385388,0.1428717414839146,0.0020209395439632,3237.738292647165,0.15550893244875838,0.00023530635120562013,0.8068110346481916,0,-3.511508861464563e-10,7,0.6381864097213671,8460993.039328335,307.1320153712487,0.17478592400704596,0.0009341307644136132,0.002020332211344248,4.343009571786075e-05,6.073893088392061e-07,0.017261155014283935,5.668988760191373e-11
3556282177583.328,120956765.043828,0.1428709501547293,0.002021144921276023,3237.829514790928,0.15530218878268853,0.00023491443437291342,0.8068705517616515,0,-3.5422298427789656e-10,7,0.6381864097213671,8461329.7308384,307.3889260563428,0.17478258820745446,0.0009374506291998707,0.0020205344676327143,4.3423419222682374e-05,6.105103874167713e-07,0.017258577399991416,5.6744108467124126e-11
3556342773135.0835,60595551.75502597,0.14287053507870293,0.002021247140738186,3237.875155768657,0.15519871821758457,0.00023471805052673235,0.20260135846772442,-1.3322676295501878e-15,1.9943602325156462e-11,5,0.6381864097213671,8461499.710437786,307.5177473443642,0.17478091606152224,0.0009391147369708763,0.002020635216896553,4.342011734235613e-05,6.11980612976027e-07,0.017257286431481188,5.677134557054694e-11
3556463933919.7407,121160784.65786125,0.14286968487692908,0.002021451364522382,3237.9665745325724,0.15499211222126907,0.0002343249483111938,0.8040873553105676,-7.771561172376096e-16,-2.786931796450176e-10,7,0.6355496120796901,8461845.70555085,307.7755598451038,0.17477763914280192,0.0009423765439338886,0.0020208359905680797,4.341364804986697e-05,6.154307803304296e-07,0.017254706066779087,5.6826029242700253e-11
3556585539350.466,121605430.7251032,0.1428687766525071,0.00202165454431905,3238.058227166019,0.15478507254510188,0.00023392996079963524,0.8068031365215944,-1.3322676295501878e-15,-2.802289511549816e-10,7,0.6355496120796901,8462198.432487866,308.03465660686993,0.17477434696597424,0.000945653386859703,0.0020210358824021423,4.3407309092435985e-05,6.187187980708079e-07,0.01725211727991977,5.688116585183504e-11
3556707385466.6836,121846116.21806766,0.14286780629520854,0.0020218559251536376,3238.149858122181,0.1545779477193642,0.00023353398543304174,0.806973449174464,1.9984014443252818e-15,-2.6780799800008026e-10,7,0.6355496120796901,8462556.240591723,308.29457346777184,0.17477104501527196,0.0009489398042160784,0.0020212342615869793,4.340109729480284e-05,6.21720503300526e-07,0.017249524402874878,5.693663791969526e-11
3556829459860.7593,122074394.07530703,0.14286677650674284,0.002022055559325782,3238.241457950528,0.15437075946573975,0.00023313713919262535,0.8070458265563296,-1.4432899320127035e-15,-2.9091851150298e-10,7,0.6355496120796901,8462918.982675936,308.5552631857708,0.17476773359744238,0.0009522354881741788,0.0020214310475588208,4.3395006702949e-05,6.245687593889764e-07,0.017246927687969385,5.699243060485955e-11
3556951757476.0605,122297615.30100736,0.14286568901382263,0.00202225353162251,3238.33304124527,0.15416351696527653,0.0002327394728505868,0.8070896095890845,-1.5543122344752192e-15,-2.789348751974785e-10,7,0.6355496120796901,8463286.55562586,308.81670472397616,0.17476441282108307,0.0009555403281263776,0.0020216262629201573,4.3389033658081016e-05,6.273257508860017e-07,0.017244327231296302,5.7048536670458315e-11
3557013016436.7544,61258960.69384508,0.14286512765386947,0.0020223520954352515,3238.378861544524,0.15405981057354493,0.00023254027928911697,0.20260134320215784,3.1086244689504383e-15,-2.049560521300009e-10,6,0.6355496120796901,8463471.806662515,308.9477753210022,0.17476274840382464,0.0009571967079110134,0.002021723531061298,4.338607975465851e-05,6.286214506701988e-07,0.01724302497274223,5.707671032277188e-11
3557135503711.969,122487275.21485692,0.14286399655510415,0.0020225498322695946,3238.470837224393,0.15385273298277996,0.00023214157067875834,0.804295910150632,-1.3322676295501878e-15,-2.1431745267364022e-10,7,0.6329072593870241,8463848.632417286,309.21009270592657,0.1747594869455455,0.0009604430628041591,0.0020219179879128754,4.3380302379682336e-05,6.319014899885338e-07,0.017240421968523944,5.7133272063993816e-11
3557258424561.46,122920849.49133047,0.14286280547822874,0.002022746301101471,3238.5629801615955,0.15364524688455236,0.00023174120832445368,0.8070487686473449,-7.771561172376096e-16,-1.9285761876375318e-10,7,0.6329072593870241,8464231.09554325,309.47365832665406,0.1747562106391607,0.0009637040469697239,0.0020221115712480086,4.3374639391876605e-05,6.347870437234614e-07,0.017237810724664442,5.719026231360303e-11
3557381569955.514,123145394.05411182,0.14286155828413705,0.0020229412033637988,3238.6551272749,0.15343770635992218,0.00023134005955480512,0.8071793256014814,-2.6645352591003757e-15,-2.2537682831114125e-10,7,0.6329072593870241,8464618.121210305,309.73799835184514,0.1747529250204612,0.0009669741477620793,0.0020223038117858534,4.33690904922691e-05,6.374488255085333e-07,0.01723519567249103,5.724756869459219e-11
3557504930326.6646,123360371.14997678,0.14286025745619302,0.0020231345011485755,3238.747235442717,0.15323012811652376,0.0002309382145224351,0.8072453899776733,-3.3306690738754696e-16,-1.9231871650760013e-10,7,0.6329072593870241,8465009.571357405,310.0030748601673,0.17474963031703153,0.0009702531362391716,0.002022494587815406,4.336364991666274e-05,6.399706383479694e-07,0.017232577004408754,5.7305178543623753e-11
3557628500993.4224,123570666.7579898,0.14285890464437495,0.0020233262355837515,3238.839302618745,0.1530225205903873,0.00023053572022731895,0.8072886853449646,-7.771561172376096e-16,-1.9734813783145455e-10,7,0.6329072593870241,8465405.334176898,310.2688694531728,0.1747463266270014,0.000973540912302229,0.0020226838868148914,4.335831404447952e-05,6.424061319437341e-07,0.01722995480927301,5.736308509054569e-11
3557752278995.0083,123778001.58530605,0.14285753227190967,0.0020235183400370785,3238.931735096676,0.15281488922119862,0.0002301323905534777,0.8063563661231399,-9.992007221626409e-16,-1.3044687552365986e-10,7,0.6302594626017919,8465807.092961866,310.535413701091,0.17474308347345463,0.0009767690715507603,0.0020228731830329552,4.3353089830962625e-05,6.452144254442697e-07,0.01722732914036208,5.7421323112335207e-11
3557876336335.486,124057340.47812045,0.14285611493287162,0.002023709864542619,3239.024440777689,0.1526071138596679,0.00022972792756396267,0.807133735680754,-1.5543122344752192e-15,-1.0588119270238394e-10,7,0.6302594626017919,8466214.567146778,310.80288532205003,0.17473982964541246,0.0009800077087481185,0.002023061938313011,4.334798515925828e-05,6.479837095335624e-07,0.017224698459847892,5.7479928493279835e-11
3558000613754.738,124277419.25217862,0.14285464181456856,0.00202390082881046,3239.1175502383767,0.1523992944685258,0.00022932272371356703,0.8072320220597895,1.1102230246251565e-15,-1.2385326098041105e-10,7,0.6302594626017919,8466626.561925277,311.0711210885276,0.17473656666693496,0.00098325530450639,0.0020232503072342787,4.334299449534514e-05,6.505791150342751e-07,0.01722206401440299,5.7538850678311655e-11
3558125104063.6924,124490308.9547097,0.1428531179148423,0.0020240903135957376,3239.2106391609555,0.15219144364434226,0.0002289169018544565,0.8073697171928629,2.220446049250313e-16,-1.2464640430920326e-10,7,0.6302594626017919,8467042.673588626,311.34009006041117,0.17473329469965326,0.0009865116955899535,0.002023437457069137,4.333810498368342e-05,6.529141246725025e-07,0.017219425946387607,5.7598071480897836e-11
3558249796992.621,124692928.9286165,0.14285154565328118,0.002024278397290906,3239.303711657624,0.15198357908275736,0.00022851054263864704,0.8074194926543932,-1.1102230246251565e-15,-1.0654288562506053e-10,7,0.6302594626017919,8467462.758938156,311.60976267220644,0.17473001398734653,0.0009897766370164983,0.002023623298335105,4.3333312368032936e-05,6.551566133800311e-07,0.017216784463595963,5.765758093299775e-11
3558312243007.0527,62446014.431047045,0.14285074463634134,0.0020243720834489656,3239.3502728519043,0.1518795823469467,0.00022830710475256466,0.20260088523516018,2.220446049250313e-16,-2.2431834167946363e-10,6,0.6302594626017919,8467674.010200145,311.74492741386655,0.1747283699381493,0.0009914127346928375,0.0020237159283052327,4.333094307626299e-05,6.562128311818791e-07,0.017215461885849482,5.7687448182127015e-11
3558437103937.0117,124860929.95896697,0.1428491411431815,0.002024560265143099,3239.44373250993,0.15167192400354185,0.00022790013261367109,0.804767701090281,2.220446049250313e-16,-5.25653964800199e-11,7,0.6276063332663677,8468101.867183356,312.0154089864712,0.1747251490352544,0.000994618709904844,0.0020239013775249174,4.332631236770515e-05,6.589453655552682e-07,0.017212818142004743,5.77473734160927e-11
3558562370108.9126,125266171.90080667,0.1428474891088058,0.0020247476525316398,3239.5374207709033,0.15146391615792335,0.00022749176742595942,0.8073370585948147,2.220446049250313e-16,-3.4100611223664146e-11,7,0.6276063332663677,8468534.927733265,312.287081932885,0.17472191426756806,0.000997838340578936,0.0020240863298506373,4.332178184630219e-05,6.613804887123596e-07,0.017210166669427113,5.7807709589646e-11
3558687842701.3257,125472592.4135742,0.14284578951812962,0.0020249337482529423,3239.6311276660567,0.15125589009523915,0.0002270828678632221,0.8074748270026078,-1.4432899320127035e-15,-5.2143733775267265e-11,7,0.6276063332663677,8468971.777109412,312.55948866899234,0.17471867073615838,0.001001066546962504,0.0020242702202878274,4.331734672825895e-05,6.635858334529367e-07,0.01720751166847133,5.7868340689894914e-11
3558813511332.4697,125668631.14384988,0.142844044654303,0.0020251185771817046,3239.72483741717,0.15104786355346744,0.00022667352691516256,0.8075343502222943,0,-3.382849556032852e-11,7,0.6276063332663677,8469412.304745417,312.83258710631657,0.17471541868408363,0.0010043030848747871,0.002024452973267203,4.3313001816343236e-05,6.656618437551006e-07,0.017204853349588108,5.7929253614350106e-11
3558939371669.8066,125860337.33710508,0.14284225606467146,0.0020253021781265397,3239.818548155641,0.15083984420455715,0.00022626378553912627,0.8075720811517861,-8.881784197001252e-16,-4.1465830769027434e-11,7,0.6276063332663677,8469856.419375546,313.10635884750747,0.1747121581989517,0.0010075478648533692,0.0020246345762580777,4.330874386113189e-05,6.676598589019213e-07,0.017202191795442568,5.7990441927974994e-11
3559065421061.0747,126049391.26852924,0.14284045246657112,0.0020254862003174514,3239.9125938670313,0.15063183687213988,0.00022585351647594953,0.8066479675883365,-1.1102230246251565e-16,3.222511146816487e-11,7,0.6249479834934235,8470305.415853245,313.38082378844564,0.1747089586554682,0.0010107326278209758,0.002024816287615429,4.330457608913299e-05,6.699707539536069e-07,0.017199527054281658,5.8051931558921706e-11
3559191732080.4785,126311019.40345576,0.1428386169266692,0.0020256701292841713,3240.0069608709605,0.1504237223538814,0.00022544230532849598,0.8073931531682454,-2.3314683517128287e-15,3.482636401486161e-11,7,0.6249479834934235,8470759.8876176,313.65618180196265,0.17470574902034888,0.0010139272938894902,0.002024997850552061,4.3300514786510026e-05,6.723368458840029e-07,0.0171968575826138,5.811377813761518e-11
3559318246847.043,126514766.56470686,0.14283673674647018,0.0020258527945243897,3240.1013252283424,0.15021559666920326,0.00022503062090067734,0.8075886270830779,8.881784197001252e-16,3.085887101406115e-11,7,0.6249479834934235,8471217.855759114,313.93227494119776,0.17470253073630146,0.0010171304247903476,0.002025178473167708,4.329654226333191e-05,6.743795325995871e-07,0.017194184594980816,5.8175916074219395e-11
3559444950352.5776,126703505.53468218,0.1428348147314724,0.002026034290240228,3240.1956929393186,0.15000748501888916,0.00022461859605906693,0.8076515670141227,-8.881784197001252e-16,3.434830198045802e-11,7,0.6249479834934235,8471679.179309303,314.2090469124542,0.17469930416053298,0.0010203416628027941,0.0020253580625803178,4.329265262846974e-05,6.762858982370023e-07,0.017191508399885397,5.823832830886115e-11
3559571837934.214,126887581.63610297,0.14283285237875318,0.002026214668586202,3240.2900680199314,0.14979939563997652,0.00022420628532221146,0.8080549607214493,-3.219646771412954e-15,5.05131492190003e-11,7,0.6249479834934235,8472143.731528774,314.48627866508645,0.17469606938824267,0.0010235609109895297,0.0020255366143417442,4.328884257579334e-05,6.781125454594559e-07,0.017188829087484515,5.830100772296162e-11
3559635358035.7427,63520101.52837264,0.14283185875321616,0.0020263045627744395,3240.3372775813345,0.1496953272892118,0.0002240000078829737,0.2026036408087073,-1.1102230246251565e-15,-1.4551304605703308e-10,6,0.6249479834934235,8472376.92538843,314.62516916838865,0.17469444895578434,0.0010251735202718023,0.0020256256391991377,4.3286960356218525e-05,6.789819077457851e-07,0.017187488058873074,5.833244623570697e-11
3559762365741.2744,127007705.53206883,0.14282987249220847,0.0020264850935053464,3240.431979752566,0.1494875272167649,0.0002235875995255672,0.8051993877211672,0,8.713074706179214e-11,7,0.622284525952185,8472847.498950593,314.9030689665262,0.17469127500136367,0.00102833280214833,0.002025803935721635,4.328328137658291e-05,6.812161791976765e-07,0.017184807348723047,5.839548590817898e-11
3559889751495.198,127385753.92393656,0.14282785085242375,0.00202666543928185,3240.5270059853287,0.14927943306060307,0.00022317400057880673,0.8075614588154423,1.1102230246251565e-15,7.764544562860465e-11,7,0.622284525952185,8473323.179031406,315.1821086731868,0.17468808810801853,0.0010315048237182227,0.0020259821574245126,4.327969362239713e-05,6.833403162672744e-07,0.01718211940671646,5.845892732658283e-11
3560000000000,110248504.80166705,0.14282607181964474,0.0020268204793912233,3240.6091615935434,0.14909958580128232,0.00022281627700828784,0.6037426464322593,-3.3306690738754696e-16,-1.184762288275465e-10,7,0.622284525952185,8473736.67310107,315.4238475089344,0.17468532722327673,0.001034252715130198,0.002026135582997399,4.327665538204995e-05,6.849549078041826e-07,0.01717979364813407,5.851398092180031e-11
