mass_g,radius_cm,density_g_cm3,temperature_K,luminosity_erg_s,X,Y3,Y4
2.4430292949541203e+22,2644327.12645004,315.4238475089344,8473736.67310107,7.987216892949518e+21,0.14909958580128232,0.00022281627700828784,0.8306775979217103
2.5204474191202895e+22,2671969.5373669774,315.4238454329836,8473736.645647185,8.240326974455461e+21,0.14909958624956482,0.00022281628293538408,0.8306775974675007
2.7622629821813096e+22,2754824.6675328836,315.42383907685115,8473736.56158905,9.030916457823656e+21,0.14909958762211228,0.00022281630108292815,0.8306775960768057
3.1983892671260044e+22,2892784.3633778817,315.4238280494588,8473736.415754762,1.0456783452009623e+22,0.14909959000337497,0.0002228163325675023,0.8306775936640585
3.882051881116533e+22,3085740.47172117,315.4238116981959,8473736.199513692,1.2691943042535486e+22,0.14909959353427782,0.00022281637925239818,0.8306775900864707
4.894605644656141e+22,3333584.8397714295,315.4237891134599,8473735.900836607,1.6002375487840957e+22,0.14909959841124082,0.00022281644373466062,0.8306775851450253
6.3522829443148005e+22,3636209.315180277,315.4237591329331,8473735.504352113,2.0768089048090304e+22,0.14909960488525498,0.00022281652933288035,0.830677578585413
8.414846493842874e+22,3993505.7461533067,315.42372034510595,8473734.991393352,2.7511408947819564e+22,0.14909961326112234,0.00022281664007712246,0.8306775700988014
1.1296119602379747e+23,4405365.981607713,315.42367109197335,8473734.340033624,3.693140445460497e+22,0.14909962389687262,0.0002228167807012623,0.830677559322427
1.527636718950166e+23,4871681.871362486,315.42360947101963,8473733.52511257,4.994436648776147e+22,0.1490996372033346,0.00022281695663731207,0.830677545840029
2.07165009196495e+23,5392345.26635187,315.423533336746,8473732.518256515,6.7730248567534414e+22,0.14909965364380554,0.00022281717401106025,0.8306775291821843
2.8074081959197022e+23,5967248.018858051,315.4234403019718,8473731.287895497,9.178498429510126e+22,0.1490996737337709,0.00022281743963839689,0.8306775088265916
3.7921094991097534e+23,6596281.982762432,315.4233277390439,8473729.799279312,1.23978594925544e+23,0.14909969804064255,0.0002228177610218771,0.8306774841983365
5.096346725478653e+23,7279339.013816832,315.4231927810381,8473728.014493447,1.6661900095885426e+23,0.14909972718349776,0.00022281814634729854,0.8306774546701559
6.806230651176828e+23,8016310.969935095,315.42303232303755,8473725.892475896,2.2252145202334184e+23,0.14909976183280368,0.00022281860448010316,0.830677419562717
9.025683196903792e+23,8807089.711506553,315.4228430234528,8473723.389034607,2.9508348965696895e+23,0.14909980271012974,0.00022281914496163983,0.8306773781449094
1.1878897232249457e+24,9651567.101731263,315.4226213054157,8473720.456865901,3.883653579017528e+23,0.14909985058784792,0.0002228197780052357,0.8306773296341478
1.5512960521047878e+24,10549635.00697744,315.42236335823327,8473717.045573605,5.0717577691240564e+23,0.14909990628881606,0.00022282051449211654,0.8306772731966927
2.0100641249331515e+24,11501185.297160977,315.42206513887004,8473713.101688761,6.57162995041131e+23,0.14909997068605577,0.0002228213659672189,0.8306772079479778
2.584333258982651e+24,12506109.846146313,315.4217223734862,8473708.568689728,8.449110350950411e+23,0.14910004470241967,0.00022282234463490104,0.8306771329529463
3.2974153769051626e+24,13564300.53216972,315.42133055898995,8473703.38702279,1.078041050669827e+24,0.14910012931025324,0.00022282346335460057,0.8306770472263931
4.176120511496133e+24,14675649.238282427,315.4208849646145,8473697.494122885,1.3653177086417907e+24,0.1491002255310531,0.0002228247356364459,0.8306769497333114
5.25109745747351e+24,15840047.852815766,315.4203806335094,8473690.824434595,1.7167605140502219e+24,0.14910033443511855,0.000222826175636837,0.8306768393892455
6.557189320370521e+24,17057388.269866277,315.4198123843453,8473683.309433233,2.1437599937208317e+24,0.1491004571412041,0.0002228277981540228,0.8306767150606428
8.1338037137574e+24,18327562.389800504,315.4191748129215,8473674.877646066,2.659198655069127e+24,0.14910059481616758,0.00022282961862366674,0.8306765755652097
1.0025297357097193e+25,19650462.119780317,315.4184622937779,8473665.4546735,3.277576636578585e+24,0.14910074867461723,0.00022283165311442582,0.8306764196722692
1.2281374827604726e+25,21025979.374307163,315.41766898182425,8473654.963210434,4.0151419664718246e+24,0.14910091997855793,0.00022283391832354335,0.8306762461031194
1.4957501220513207e+25,22454006.07578568,315.4167888139506,8473643.323067509,4.890025346081842e+24,0.14910111003703447,0.00022283643157245398,0.8306760535313938
1.811532847316479e+25,23934434.155105207,315.4158155106579,8473630.451192446,5.922379374386311e+24,0.14910132020577704,0.0002228392108024077,0.8306758405834214
2.18231351093241e+25,25467155.5522412,315.4147425776868,8473616.261691399,7.134522130088531e+24,0.1491015518868418,0.00022284227457014118,0.8306756058385889
2.615627916106425e+25,27052062.216873072,315.4135633076276,8473600.665850129,8.551085027511999e+24,0.14910180652825594,0.00022284564204354607,0.8306753478297014
3.1197664026504076e+25,28689046.10902064,315.4122707815643,8473583.57215543,1.0199164862425574e+25,0.14910208562365618,0.00022284933299739987,0.8306750650433472
3.703821702257195e+25,30377999.199697908,315.41085787069335,8473564.886316305,1.2108479963728358e+25,0.14910239071192927,0.00022285336780910665,0.8306747559202624
4.377738039283831e+25,32118813.471583728,315.4093172379475,8473544.511285301,1.4311530366698158e+25,0.1491027233768524,0.00022285776745448505,0.830674418855694
5.1523614531291645e+25,33911380.91970905,315.4076413396302,8473522.347279653,1.6843761923243656e+25,0.1491030852467305,0.0002228625535036022,0.8306740521997668
6.039491318375628e+25,35755593.55216055,315.4058224270411,8473498.291802604,1.974373426430544e+25,0.14910347799403484,0.00022286774811662943,0.8306736542578494
7.051933038940824e+25,37651343.39080079,315.4038525481038,8473472.239664515,2.3053292529206438e+25,0.149103903335038,0.00022287337403975677,0.8306732232909231
8.2035518925612e+25,39598522.472003914,315.40172354899784,8473444.083004123,2.6817742776382645e+25,0.14910436302944927,0.00022287945460114012,0.8306727575159505
9.509328002000773e+25,41597022.84740603,315.39942707578723,8473413.711309664,3.1086030989506826e+25,0.1491048588800489,0.0002228860137069067,0.8306722551062451
1.0985412409446695e+26,43646736.584671974,315.39695457605126,8473381.011440115,3.5910925592565758e+25,0.14910539273232018,0.00022289307583718614,0.8306717141918435
1.2649184230620177e+26,45747555.76827571,315.39429730050944,8473345.86764649,4.134920338696378e+25,0.14910596647408147,0.00022290066604219936,0.8306711328598771
1.451930886519237e+26,47899372.50029633,315.39144630466905,8473308.161592692,4.746183882318992e+25,0.14910658203511387,0.00022290880993842502,0.8306705091549486
1.6615797240155567e+26,50102078.90122652,315.3883924504637,8473267.77237646,5.4314196519021744e+25,0.14910724138679157,0.0002229175337048197,0.8306698410795045
1.8960066062855748e+26,52355567.11079666,315.38512640788485,8473224.576550705,6.197622693562964e+25,0.14910794654170553,0.00022292686407905492,0.8306691265942162
2.157499906044841e+26,54659729.28881156,315.38163865662,8473178.448144564,7.052266512230943e+25,0.1491086995532905,0.0002229368283538357,0.8306683636183565
2.4485009182584477e+26,57014457.61599958,315.3779194877012,8473129.25868445,8.00332324398684e+25,0.14910950251544514,0.0002229474543732693,0.8306675500301824
2.7716101744188442e+26,59419644.29487704,315.3739590051441,8473076.877215134,9.059284117199586e+25,0.14911035756215416,0.00022295877052930314,0.8306666836673173
3.129593848522761e+26,61875181.55062248,315.36974712759775,8473021.170320837,1.0229180193316572e+26,0.1491112668671059,0.0002229708057582273,0.8306657623271366
3.525390252441659e+26,64380961.63409932,315.36527303101127,8472962.00214623,1.1522603388411552e+26,0.14911223398434417,0.0002229835915768868,0.8306647824240798
3.962116418384281e+26,66936876.81883101,315.3605272795446,8472899.234417496,1.2949727729183356e+26,0.14911325873972547,0.00022299715431018137,0.8306637441059652
4.443074766152498e+26,69542819.40151146,315.35549878701636,8472832.72646343,1.4521330871556813e+26,0.14911434452404596,0.00022301152618051752,0.8306626439497744
4.971759852895684e+26,72198681.7070165,315.3501767469167,8472762.33523643,1.6248815887163292e+26,0.1491154936665159,0.00022302673826874036,0.8306614795952162
5.551865203072e+26,74904356.08744326,315.34455017564534,8472687.915333621,1.814423325388091e+26,0.14911670853413686,0.00022304282218358734,0.8306602486436805
6.1872902163262754e+26,77659734.92305218,315.3386079141891,8472609.319017878,2.0220303077835855e+26,0.1491179915312778,0.00022305981005857274,0.8306589486586645
6.882147150998452e+26,80464710.623223,315.3323386297945,8472526.396238836,2.249043752862088e+26,0.14911934509928165,0.00022307773454899684,0.8306575771661703
7.640768180977386e+26,83319175.6274203,315.3257308176534,8472438.994653994,2.496876347784921e+26,0.1491207717160626,0.00022309662882901915,0.8306561316551092
8.467712523616498e+26,86223022.40616629,315.31877280256583,8472346.959649788,2.7670145331053258e+26,0.14912227389570207,0.00022311652658881662,0.83065460957771
9.367773636430789e+26,89176143.46202643,315.3114527406503,8472250.134362629,3.061020804283193e+26,0.14912385418803878,0.00022313746203182744,0.8306530083499303
1.0345986480293718e+27,92178431.33060133,315.303758621022,8472148.35970002,3.3805360305028595e+26,0.1491255151782582,0.0002231594698720783,0.8306513253518706
1.1407634846856505e+27,95229778.58153018,315.29567826749064,8472041.47436161,3.727281789761444e+26,0.14912725948647657,0.00022318258533159772,0.8306495579281927
1.2558258747909093e+27,98330077.81949992,315.2871993402787,8471929.314860351,4.1030627191818866e+26,0.14912908976732295,0.00022320684413792646,0.83064770338854
1.380366186440729e+27,101479221.68526414,315.27830933771565,8471811.715543604,4.5097688794940816e+26,0.1491310087095161,0.00022323228252170917,0.830645759007963
1.5149919052886922e+27,104677102.85667126,315.2689955979605,8471688.508614235,4.9493781326136105e+26,0.149133019035439,0.00022325893721438555,0.8306437220273475
1.660338390698806e+27,107923614.0496968,315.2592453007249,8471559.524151828,5.4239585312355134e+26,0.14913512350070943,0.00022328684544598658,0.8306415896538454
1.81706963718105e+27,111218648.01948732,315.24904546899904,8471424.590133797,5.935670719346857e+26,0.14913732489374668,0.00022331604494301685,0.8306393590613113
1.9858790408823163e+27,114562097.56140552,315.23838297079,8471283.532456623,6.486770342549072e+26,0.14913962603533304,0.00022334657392643505,0.8306370273907414
2.1674901709049332e+27,117953855.51209019,315.22724452086646,8471136.174957044,7.079610467067503e+26,0.14914202977817312,0.00022337847110975707,0.830634591750718
2.3626575452243963e+27,121393814.75051302,315.2156166825056,8470982.339433253,7.716644006310192e+26,0.1491445390064472,0.00022341177569723972,0.8306320492178564
2.5721674109787295e+27,124881868.1990506,315.20348586924626,8470821.845666239,8.400426153826792e+26,0.14914715663536182,0.0002234465273821943,0.8306293968372569
2.7968385289008193e+27,128417908.82455528,315.1908383466645,8470654.511440963,9.133616821501276e+26,0.14914988561069523,0.00022348276634538968,0.8306266316229602
3.0375229616655207e+27,132001829.6394345,315.17766023413975,8470480.152567748,9.918983081799561e+26,0.1491527289083371,0.00022352053325357853,0.8306237505584102
3.2951068659230054e+27,135633523.71636826,315.16393507618375,8470298.582903527,1.0759401642066425e+27,0.1491556953685765,0.00022355987815260737,0.8306207447532717
3.5705112877893936e+27,139312884.16361266,315.1496532454959,8470109.61437287,1.1657861241060645e+27,0.1491587771265557,0.0002236008260636838,0.8306176220473815
3.864692961566094e+27,143039804.12434596,315.13479831091524,8469913.056989824,1.261746508518621e+27,0.1491619823413816,0.00022364342687056183,0.8306143742317488
4.178645111457974e+27,146814176.80423698,315.1193558246099,8469708.718879588,1.364143335252776e+27,0.14916531410551626,0.00022368772317278763,0.8306109981713118
4.513398256061983e+27,150635895.4599839,315.1033112015479,8469496.40629964,1.473310561168832e+27,0.149168775539147,0.00022373375805024307,0.8306074907028036
4.8700210153954484e+27,154504853.40041843,315.0866497213241,8469275.923661307,1.5895943262782662e+27,0.14917236978972692,0.00022378157506241825,0.8306038486352115
5.249620920234599e+27,158420943.98761162,315.0693565299772,8469047.073551252,1.7133531973813066e+27,0.14917610003148124,0.000223831218247799,0.8306000687502718
5.653345223533326e+27,162384060.63798967,315.0514166418448,8468809.656752994,1.84495841111281e+27,0.14917996946490944,0.00022388273212334926,0.8305961478029681
6.082381713691067e+27,166394096.82344824,315.0328149414166,8468563.472268626,1.9847941162646874e+27,0.14918398131627958,0.00022393616168414558,0.8305920825220371
6.537959529439152e+27,170450946.07246503,315.0135361851875,8468308.317340367,2.1332576152518284e+27,0.14918813883712229,0.00022399155240315026,0.8305878696104754
7.021349976114866e+27,174554501.97122476,314.993565003542,8468043.98747229,2.290759604586981e+27,0.1491924453037117,0.00022404895023109451,0.8305835057460581
7.533867343090747e+27,178704658.18633744,314.97288254627614,8467770.27645199,2.4577244222387755e+27,0.1491969120793532,0.00022410841391383947,0.8305789795067338
8.076869722128264e+27,182901308.42478147,314.95147952536615,8467486.9763717,2.634590271616804e+27,0.1492015272872219,0.00022416996713933647,0.8305743027456395
8.651759826423109e+27,187144346.43262175,314.92933721894883,8467193.87765087,2.8218094556228303e+27,0.1492063014455578,0.0002242336682448575,0.8305694648861981
9.259985810109414e+27,191433666.03825969,314.9064397719169,8466890.769058568,3.019848627650671e+27,0.14921123792432162,0.00022429956509408536,0.830564462510585
9.903042087990262e+27,195769161.13341793,314.88277121227327,8466577.437734876,3.229189017907129e+27,0.14921634011628307,0.0002243677060312844,0.8305592921776864
1.0582470155261164e+28,200150725.67427114,314.8583154533645,8466253.669212723,3.4503266650274135e+27,0.1492216114357526,0.00022443813988091757,0.8305539504243672
1.129985940699207e+28,204578253.68256846,314.8330562958309,8465919.24744004,3.683772645712291e+27,0.14922705531802535,0.00022451091594856705,0.8305484337660268
1.2056847957135407e+28,209051639.2785688,314.80697285540697,8465573.954801641,3.9300533183496913e+27,0.14923268621330182,0.0002245861008492877,0.8305427276858498
1.2855123456823408e+28,213570776.62127754,314.780057379009,8465217.572140347,4.189710519583994e+27,0.14923848676930923,0.0002246637129827562,0.8305368495177088
1.3696423911722286e+28,218135559.90631327,314.7522892342752,8464849.87878023,4.463301782251876e+27,0.14924447035100863,0.00022474381820731322,0.8305307858307849
1.4582538498205887e+28,222745883.42918584,314.7236517904588,8464470.652549898,4.751400587579059e+27,0.14925064047266673,0.0002248264677666384,0.8305245330595674
1.5515308378114084e+28,227401641.55660227,314.69412831402434,8464079.669803767,5.054596568235294e+27,0.1492570006666656,0.00022491171339253683,0.8305180876199427
1.6496627511860798e+28,232102728.7621717,314.66369724527544,8463676.70544429,5.373495744525245e+27,0.149263565846413,0.0002249996247269289,0.830511434528861
1.7528443469652716e+28,236849039.56114736,314.6323506301106,8463261.532943174,5.708720697357892e+27,0.14927031798792664,0.0002250902213923238,0.8305045917906819
1.8612758240584862e+28,241640468.5081933,314.60006717140703,8462833.924365046,6.060910770459386e+27,0.14927727093552798,0.00022518357232217034,0.8304975454921507
1.9751629039373302e+28,246476910.26617143,314.5668297445263,8462393.65039121,6.430722318215009e+27,0.14928442828871438,0.00022527973122255632,0.830490291980064
2.0947169110488438e+28,251358259.6167841,314.5326156031392,8461940.48034102,6.818828918445752e+27,0.14929180696432529,0.00022537877272115603,0.8304828142629544
2.220154852945163e+28,256284411.380797,314.49741796859996,8461474.182192866,7.225921514976013e+27,0.1492993852620766,0.00022548071264783792,0.8304751340252765
2.351699500105581e+28,261255260.4152305,314.46121442995127,8460994.522608422,7.652708603202577e+27,0.14930717888862788,0.00022558562472947317,0.8304672354866435
2.4895794654270138e+28,266270701.6968687,314.4239875039044,8460501.266957141,8.099916481116243e+27,0.14931519150226502,0.00022569356469064554,0.8304591149330453
2.634029283359436e+28,271330630.3281886,314.3857139869865,8459994.179337448,8.568289445108939e+27,0.14932344034001416,0.00022580460962875275,0.830450755050358
2.7852894886616276e+28,276434941.4526967,314.3463869874873,8459473.022597842,9.058589903129545e+27,0.14933190319225967,0.00022591877648809832,0.8304421780312531
2.943606694754011e+28,281583530.2520535,314.3059836433399,8458937.558361476,9.57159854172394e+27,0.14934059610618008,0.0002260361415272201,0.8304333677522935
3.1092336716441015e+28,286776292.0854341,314.2644798615113,8458387.547051264,1.0108114621792248e+28,0.14934953792311265,0.00022615678584751245,0.8304243052910407
3.2824294234004743e+28,292013122.3501784,314.2218697718996,8457822.747908846,1.0668956024078487e+28,0.1493587034333238,0.00022628072324066864,0.8304150158434364
3.463459265151675e+28,297293916.4784498,314.1781296781528,8457242.919019839,1.1254959399299832e+28,0.14936811018164553,0.00022640803383126054,0.8304054817845241
3.65259489958547e+28,302618570.09064955,314.1332352708182,8456647.81733943,1.1866980476553167e+28,0.1493777770349723,0.0002265388003449044,0.8303956841646837
3.8501144929247237e+28,307986978.8471873,314.0871804758873,8456037.1987112,1.2505894070990854e+28,0.149387678773252,0.00022667303806008182,0.8303856481886888
4.0563027503551815e+28,313399038.5021322,314.03993464788437,8455410.817892624,1.3172594280823457e+28,0.14939784921897384,0.0002268108538456217,0.8303753399271815
4.2714509908820095e+28,318854644.89685476,313.99149244829,8454768.42857836,1.3867994620395269e+28,0.1494082610680832,0.00022695226079227232,0.8303647866711255
4.495857221589532e+28,324353693.96348894,313.94182282249596,8454109.78342398,1.4593028157413342e+28,0.14941894884521828,0.00022709736798951679,0.8303539537867931
4.729826211281422e+28,329896081.7281768,313.89092005551777,8453434.634069549,1.5348647644549308e+28,0.14942988585962325,0.00022724619052347445,0.8303428679498541
4.973669563475957e+28,335481704.31499034,313.83875264151413,8452742.731163332,1.6135825646123478e+28,0.1494411074601657,0.00022739883992608042,0.8303314936999091
5.227705788732809e+28,341110457.9392294,313.78531562714414,8452033.824385298,1.6955554645183872e+28,0.14945258484403337,0.00022755532909143745,0.8303198598268761
5.492260376286751e+28,346782238.91108346,313.73057709850866,8451307.662471179,1.7808847156155122e+28,0.14946435409978,0.00022771577189549614,0.8303079301283254
5.767665864964217e+28,352496943.7027095,313.67452462475967,8450563.993236547,1.869673592164092e+28,0.149476404209202,0.0002278802098978433,0.830295715580901
6.054261913358585e+28,358254468.76184946,313.6171469332928,8449802.5635972,1.9620273748904272e+28,0.1494887212322846,0.00022804868066000255,0.8302832300870563
6.352395369239564e+28,364054710.6930283,313.558411714044,8449023.11959952,2.0580533843467884e+28,0.14950134188508069,0.00022822130089761254,0.8302704368140226
6.6624203381726e+28,369897566.26811206,313.4983065463949,8448225.406442016,2.157860991931614e+28,0.14951425478434446,0.0002283981133591673,0.8302573471022973
6.984698251324216e+28,375782932.2972863,313.4368130940705,8447409.168495758,2.261561608069428e+28,0.149527462719379,0.0002285791833801643,0.8302439580972417
7.319597932428952e+28,381710705.62469465,313.3739194396164,8446574.149331544,2.369268686519977e+28,0.14954095287879063,0.00022876455264244676,0.8302302825685678
7.667495663893073e+28,387680783.265103,313.30959270518537,8445720.091748266,2.4810977517505597e+28,0.14955476298359194,0.0002289543420467822,0.8302162826743622
8.028775252012071e+28,393693062.40180427,313.24382120948763,8444846.737794086,2.5971664052290283e+28,0.14956887947846403,0.0002291485934175855,0.8302019719281193
8.40382809127664e+28,399747440.2578624,313.17658562474264,8443953.828787172,2.7175943079136513e+28,0.1495833071936668,0.00022934737781538046,0.8301873454285188
8.793053227743168e+28,405843814.16170406,313.10786747478136,8443041.10534366,2.8425031941223194e+28,0.14959804882570862,0.00022955076364001092,0.8301724004106522
9.196857421444671e+28,411982081.5481032,313.0376473648217,8442108.307402493,2.9720168741689003e+28,0.14961310922065416,0.0002297588233158251,0.8301571319560309
9.615655207818885e+28,418162139.9587597,312.9659067984865,8441155.17425013,3.106261236060557e+28,0.14962849098689607,0.00022997162646810296,0.8301415373866367
1.0049868958127237e+29,424383887.043425,312.8926263069238,8440181.444545442,3.245364246414213e+28,0.14964419902391018,0.00023018924698420991,0.8301256117291065
1.0499928938842897e+29,430647220.64085966,312.8177792315883,8439186.856345292,3.389455967217996e+28,0.14966025557583384,0.00023041178660803107,0.830109332637559
1.09662733699827e+29,436952038.6253734,312.74136159363235,8438171.147124298,3.5386685240325062e+28,0.1496766279578399,0.00023063926185514896,0.8300927327803058
1.1449348482359046e+29,443298238.90583336,312.6633468979051,8437134.053803578,3.6931361015074994e+28,0.14969333791946754,0.0002308717751255736,0.8300757903054077
1.194960857372782e+29,449685719.5749997,312.5837163975364,8436075.312781159,3.8529949720562867e+28,0.14971038842353251,0.00023110940017409383,0.8300585021762943
1.2467516063808972e+29,456114378.9124325,312.50244335436935,8434994.659953624,4.018383494775411e+28,0.14972780175719005,0.00023135224187148973,0.8300408460009393
1.3003541548154925e+29,462584115.23931825,312.41952329761426,8433891.830736278,4.189442077974169e+28,0.14974554624000172,0.00023160032111524121,0.8300228534388839
1.3558163850843524e+29,469094826.99493086,312.3349221240576,8432766.560092924,4.366313189806945e+28,0.14976366195563334,0.00023185377227435752,0.8300044842720933
1.4131870075972906e+29,475646412.7309147,312.2486359822633,8431618.582561148,4.549141350017949e+28,0.14978211566044197,0.00023211261523811843,0.8299857717243208
1.472515565793195e+29,482238771.11298424,312.1606306758342,8430447.632278029,4.738073122273738e+28,0.14980094765323024,0.00023237698644817828,0.8299666753603224
1.533852441042544e+29,488871801.0019638,312.07089469507616,8429253.443006827,4.9332571267984875e+28,0.1498201432277325,0.00023264693656730142,0.829947209835701
1.597248857422902e+29,495545401.29241914,311.9794092097735,8428035.74815666,5.134843988734413e+28,0.1498397054198984,0.0002329225450875122,0.8299273720350149
1.6627568863650885e+29,502259470.9890798,311.886155605335,8426794.280813713,5.34298634557779e+28,0.14985963674456695,0.00023320389139952776,0.8299071593640344
1.7304294511676627e+29,509013909.2019928,311.79111558700816,8425528.773767443,5.5578388331725775e+28,0.14987993894692195,0.0002334910545534827,0.8298865699985254
1.8003203313774082e+29,515808615.2196495,311.6942638268998,8424238.959538277,5.779558093519547e+28,0.14990063086919847,0.00023378414159506072,0.8298655849892074
1.8724841670336175e+29,522643488.5371748,311.5955795097661,8422924.570399746,6.008302781005087e+28,0.149921720427761,0.00023408324332030694,0.8298441963289196
1.946976462773553e+29,529518428.60123247,311.4950608192893,8421585.338393893,6.244233476225508e+28,0.1499431693858145,0.00023438837808347092,0.8298224422361029
2.0238535917973023e+29,536433335.045019,311.39266561387365,8420220.995369323,6.4875127145834335e+28,0.14996503754312765,0.00023469972065822713,0.829800262736215
2.1031727996891756e+29,543388107.6172662,311.2883986075636,8418831.273005499,6.738304941916972e+28,0.14998727083009664,0.00023501726594203723,0.8297777119039622
2.1849922080937606e+29,550382646.3033453,311.1822068461325,8417415.9028539,6.996776496505581e+28,0.15000993194548892,0.00023534119577058257,0.8297547268587413
2.2693708182444253e+29,557416851.493885,311.07408003972733,8415974.616375487,7.26309562759017e+28,0.15003299584533641,0.0002356715531799735,0.8297313326014846
2.3563685143415665e+29,564490623.3126767,310.96402518405625,8414507.144930702,7.53743236851535e+28,0.15005643321859832,0.0002360083748245167,0.8297075584065781
2.4460460667789207e+29,571603862.0119861,310.8519971630093,8413013.219819332,7.819958664729823e+28,0.15008031129160265,0.0002363518529016807,0.8296833368554964
2.538465135215418e+29,578756468.1232176,310.73798983295995,8411492.5723096,8.110848337910137e+28,0.1501046026908298,0.00023670202954285488,0.8296586952796282
2.6336882714903876e+29,585948341.9914004,310.6219989061926,8409944.933648549,8.410276892197052e+28,0.15012927555170302,0.00023705894047311844,0.8296336655078248
2.731778922380048e+29,593179384.2463031,310.5039774247026,8408370.035114592,8.718421655675244e+28,0.1501544018656805,0.000237422789087744,0.8296081753452326
2.8328014321930715e+29,600449495.8125591,310.3839203349413,8406767.608035786,9.035461763811453e+28,0.15017995180116647,0.00023779361660812787,0.8295822545822262
2.9368210452029972e+29,607758577.5820346,310.2618089594527,8405137.383801492,9.36157800603401e+28,0.15020592874238442,0.00023817151860949491,0.8295558997390069
3.0439039079153583e+29,615106530.3879143,310.13764061137744,8403479.093897935,9.696952777755752e+28,0.15023229720468495,0.0002385565290741425,0.8295291462662417
3.154117071167735e+29,622493255.3695415,310.01136576561026,8401792.469953151,1.004177019395461e+29,0.15025913590855655,0.00023894886734942975,0.8295019152240949
3.267528492060041e+29,629918653.9833397,309.88298093467085,8400077.243754448,1.0396216069613059e+29,0.15028641153835828,0.00023934857333017168,0.8294742398883124
3.384207035713462e+29,637382627.6345515,309.75246766305526,8398333.147257576,1.0760477732415535e+29,0.15031412734557284,0.00023975574704244605,0.8294461169073856
3.504222476855867e+29,644885077.8577299,309.61980755762323,8396559.912628062,1.1134744060193021e+29,0.15034228654609377,0.0002401704896763243,0.8294175429642309
3.627645501231407e+29,652425906.3170359,309.4849822904173,8394757.272268914,1.151920544447026e+29,0.1503708923191429,0.0002405929036070066,0.829388514777251
3.7545477068328664e+29,660005014.8065357,309.34797360143585,8392924.958848163,1.191405375269274e+29,0.15039994780623098,0.00024102309241651187,0.8293590291013534
3.885001604953923e+29,667622305.2504622,309.2087633014178,8391062.705326635,1.2319482289125133e+29,0.1504294561101312,0.00024146116091585852,0.8293290827289537
4.0190806210601985e+29,675277679.7034687,309.06733327464747,8389170.244985467,1.2735685754418419e+29,0.15045942029381926,0.00024190721516776728,0.8292986724910136
4.156859095476683e+29,682971040.3508406,308.9236654817759,8387247.311452692,1.316286020383941e+29,0.15048984337944893,0.0002423613625098929,0.829267795258042
4.298412283889483e+29,690702289.5087095,308.77774196261197,8385293.638731419,1.3601203004158303e+29,0.15052072834728825,0.00024282371157831057,0.8292364479411342
4.44381635766073e+29,698471329.8766087,308.62952455728316,8383308.96123494,1.4050912920834944e+29,0.15055212781050548,0.00024329445389985443,0.8292045777355955
4.5931484039536096e+29,706278064.0436844,308.47903494541407,8381293.013787792,1.4512189823177684e+29,0.1505839480095026,0.00024377354222437868,0.8291722784482738
4.746486425667029e+29,714122394.4755702,308.326236214769,8379245.531667847,1.4985234616639234e+29,0.1506162388126044,0.00024426116631176363,0.8291395000210846
4.903909341176762e+29,722004224.0137262,308.17111074951276,8377166.250662727,1.5470249457080075e+29,0.15064900302248427,0.0002447574402390118,0.8291062395372775
5.065496983882277e+29,729923455.9112312,308.0136189958839,8375054.90708457,1.596743773442194e+29,0.15068229747056097,0.00024526256893336336,0.8290724399605065
5.231330101557218e+29,737879993.2843567,307.8537864369989,8372911.237766958,1.647700372150918e+29,0.15071601957334305,0.0002457764953992506,0.8290382039312585
5.4014903555012995e+29,745873739.0982443,307.6915748509432,8370734.980109048,1.6999152497503364e+29,0.15075022324792772,0.00024629942268768055,0.8290034773293853
5.57606031949279e+29,753904597.0234538,307.5269436072732,8368525.872145206,1.753409039108084e+29,0.15078496864452967,0.00024683156643077623,0.8289681997890403
5.7551234785391424e+29,761972470.5723001,307.3599211914591,8366283.652514459,1.8082024431358643e+29,0.15082014622107126,0.00024737286186853676,0.828932480917061
5.9387642274247484e+29,770077263.4013686,307.19044402075866,8364008.060515541,1.864316246210071e+29,0.15085587301750034,0.00024792362273819434,0.8288962033597622
6.127067869053284e+29,778218879.2870868,307.01854265419036,8361698.836134122,1.9217713069902312e+29,0.1508920346870258,0.0002484837788789348,0.8288594815340959
6.320120612584522e+29,786397222.1504794,306.84415185131144,8359355.720073387,1.9805885539432136e+29,0.15092875292643942,0.0002490536559605419,0.8288221934176008
6.518009571362505e+29,794612196.0318345,306.66730430184685,8356978.453781271,2.0407889777944836e+29,0.1509659084514587,0.0002496331782393242,0.8287844583703027
6.720822760634883e+29,802863705.1162797,306.48793307262576,8354566.77948131,2.1023936268908262e+29,0.15100362774050805,0.0002502226837479789,0.8287461495757448
6.928649095060546e+29,811151653.7075088,306.30607304120133,8352120.440199968,2.1654235992818e+29,0.15104178643799937,0.0002508220909745174,0.8287073914710269
7.141578386006068e+29,819475946.6217151,306.12162823219296,8349639.179809609,2.2299000634765976e+29,0.15108058341628322,0.0002514318648371348,0.8286679847188804
7.359701338627169e+29,827836488.4396147,305.93468907108314,8347122.743009252,2.2958442015430685e+29,0.15111975746458445,0.0002520516955886482,0.8286281908398276
7.583109548735988e+29,836233183.1307114,305.74518748672773,8344570.875364035,2.363277172806791e+29,0.1511594390608331,0.0002526819365462113,0.8285878790026214
7.811895499451504e+29,844665935.9036132,305.55307866656347,8341983.323444339,2.4322202379895094e+29,0.15119970169772365,0.0002533228479051139,0.828546975454372
8.04615255763232e+29,853134652.525029,305.3583443793479,8339359.834762852,2.5026947086863164e+29,0.1512405534843381,0.0002539745814502359,0.8285054719342124
8.285974970090367e+29,861639237.7164824,305.16105632026995,8336700.157720176,2.5747218214951068e+29,0.15128177990346647,0.00025463691056982736,0.8284635831859645
8.531457859584408e+29,870179596.7432724,304.96108189881846,8334004.041765333,2.648322845562878e+29,0.15132367290156087,0.0002553104750986886,0.8284210166233412
8.782697220592693e+29,878755634.9711484,304.75852488625577,8331271.2373832,2.723519043507753e+29,0.15136593875299545,0.0002559949157312137,0.8283780663312741
9.0397899148621e+29,887367257.9263606,304.5532486631189,8328501.496128853,2.80033166826561e+29,0.15140888039080244,0.00025669089774425254,0.828334428711454
9.30283366673478e+29,896014371.2339776,304.3453616559215,8325694.5706528695,2.8787819511003487e+29,0.15145219270307236,0.00025739804420117483,0.8282904092527271
9.571927058249392e+29,904696880.6797495,304.13472313552376,8322850.214736056,2.958891098484051e+29,0.15149618987484145,0.0002581170467032491,0.8282456930784561
9.84716952401699e+29,913414692.1464765,303.92144628531,8319968.183314575,3.0406802795986822e+29,0.1515405551336033,0.0002588475101075806,0.8282005973562898
1.0128661345870461e+30,922167711.6777438,303.70538618619906,8317048.23251528,3.124170623267518e+29,0.15158561418294222,0.0002595901532484538,0.82815479566381
1.0416503647286242e+30,930955845.4123255,303.4866608793117,8314090.119680602,3.209383204945814e+29,0.15163103831448552,0.00026034456218773476,0.8281086171233275
1.0710798387577992e+30,939778999.649804,303.26512117593575,8311093.603404338,3.2963390437218045e+29,0.15167716501784437,0.0002611114839283436,0.828061723498228
1.1011648355860393e+30,948637080.7829678,303.04089007489284,8308058.443556511,3.385059088794628e+29,0.15172365337275795,0.00026189048513391983,0.8280144561421089
1.131915716478347e+30,957529995.3653264,302.81381403881693,8304984.401319574,3.475564216563829e+29,0.1517708529230852,0.000262682341939444,0.827966464734976
1.1633429244036815e+30,966457651.1189071,302.5839473881018,8301871.239259872,3.567875316056656e+29,0.1518185947094007,0.0002634869259867304,0.8279179183646133
1.1954569833621045e+30,975419953.7860962,302.3513513776504,8298718.7211532295,3.662012992649713e+29,0.15186669222830365,0.000264304077343255,0.8278690036943539
1.2282684976888116e+30,984416810.297564,302.1158657936432,8295526.612291964,3.7579978453679576e+29,0.15191551362724917,0.0002651346177461428,0.8278193517550054
1.2617881513349282e+30,993448128.8193823,301.8775490224247,8292294.679449714,3.8558504711388715e+29,0.15196488043857662,0.00026597840766515944,0.827769141153759
1.296026707124954e+30,1002513815.3979576,301.6364665892136,8289022.690686519,3.955591134865075e+29,0.15201459605952292,0.0002668352744952171,0.8277185686659826
1.3309950059908113e+30,1011613777.3354962,301.39245142919026,8285710.415681976,4.057240079604565e+29,0.15206504785079658,0.00026770608791651927,0.8276672460612877
1.3667039661825585e+30,1020747923.2393261,301.14556611547266,8282357.625695677,4.160817531766788e+29,0.15211604751870864,0.000268590696735174,0.827615361784557
1.4031645824556432e+30,1029916160.6966554,300.8957980177399,8278964.093410506,4.266343462324862e+29,0.15216759575874916,0.0002694892885112293,0.8275629149527404
1.4403879252346747e+30,1039118397.416657,300.64313469374736,8275529.593092587,4.373837687944764e+29,0.15221969318400905,0.00027040205364076543,0.8275099047623509
1.4783851397536394e+30,1048354539.9325279,300.3876490523041,8272053.900557967,4.483319724885359e+29,0.15227212563709722,0.00027132879715574234,0.8274565455657478
1.517167445172735e+30,1057624496.1522121,300.12916222091826,8268536.793417265,4.594809042289512e+29,0.15232531388463058,0.00027227047418995284,0.8274024156411802
1.5567461336715396e+30,1066928175.4115391,299.86774401654174,8264978.05102869,4.7083250691843774e+29,0.15237905253984252,0.0002732269129701754,0.8273477205471881
1.5971325695186106e+30,1076265485.8987339,299.6033827723393,8261377.454311705,4.823886911448575e+29,0.1524333418754962,0.00027419831578892053,0.8272924598087157
1.638338188117725e+30,1085636335.9200323,299.33606702094886,8257734.785926587,4.941513473834428e+29,0.1524881820773293,0.00027518488806087434,0.8272366330346106
1.6803744950302465e+30,1095040633.8987548,299.065785496674,8254049.830306153,5.0612234504195186e+29,0.1525435732431693,0.00027618683838362944,0.8271802399184478
1.72325306497433e+30,1104478288.3744977,298.79252713764924,8250322.373687662,5.183035315006237e+29,0.1525995153820529,0.00027720437859960894,0.8271232802393483
1.7669855408001805e+30,1113949208.002175,298.51628108797104,8246552.204144791,5.306967311471185e+29,0.15265600841336488,0.00027823772385924004,0.8270657538627766
1.8115836324421285e+30,1123453301.5511296,298.23703669979386,8242739.111619739,5.433037444070788e+29,0.1527130521659867,0.00027928709268536863,0.8270076607413287
1.8570591158469814e+30,1132990477.904198,297.95478353540494,8238882.887955358,5.5612634677058335e+29,0.1527706463774516,0.00028035270703894165,0.8269490009155102
1.9034238318790804e+30,1142560646.056743,297.66951136925286,8234983.326927541,5.691662878150511e+29,0.15282879069312214,0.00028143479238601667,0.8268897745144925
1.9506896852017575e+30,1152163715.1156955,297.3812101899493,8231040.22427756,5.8242529022495294e+29,0.1528874846653787,0.00028253357776609654,0.826829981756856
1.9988686431354896e+30,1161799594.2985334,297.0898702022396,8227053.377744617,5.959050488088652e+29,0.15294672775282026,0.0002836492958618022,0.8267696229513187
2.0479727344927372e+30,1171468193.0051305,296.79547731952846,8223022.587102843,6.096072304284785e+29,0.1530065308336414,0.000284782204810341,0.8267086869615491
2.098014048389368e+30,1181169422.1815464,296.49793802993037,8218947.654272254,6.235334904260889e+29,0.15306710831960058,0.0002859329527149477,0.8266469587276852
2.149004733032988e+30,1190903190.3863184,296.1974802440712,8214828.38301546,6.376854222644776e+29,0.1531278535596546,0.000287100636112609,0.8265850458042335
2.2009569944880013e+30,1200669406.058923,295.89387200172223,8210664.579275209,6.520645838770372e+29,0.1531893357843198,0.00028828658351812977,0.8265223776321629
2.253883095417594e+30,1210467980.1190886,295.587183371641,8206456.051384911,6.66672530968588e+29,0.15325135262218423,0.0002894906651273263,0.8264591567126892
2.307795353802671e+30,1220298822.7160923,295.27737991887966,8202202.609741466,6.815107745336998e+29,0.15331396961257432,0.0002907132650294616,0.8263953171223969
2.3627061416379261e+30,1230161844.2462227,294.96447067353347,8197904.066960379,6.965807929354735e+29,0.15337714137055058,0.00029195455947092334,0.8263309040699792
2.4186278836050424e+30,1240056955.0662487,294.6484388229247,8193560.237881213,7.118840271243453e+29,0.15344088930906694,0.0002932148573381229,0.8262658958335957
2.475573055723045e+30,1249984064.6919184,294.3293417222115,8189170.939556634,7.274218684846801e+29,0.15350504438668952,0.0002944941022003487,0.8262004615111108
2.53355418397603e+30,1259943083.4774582,294.0070628647903,8184735.991460938,7.431956805071916e+29,0.15356988568371588,0.0002957931124482387,0.8261343212038367
2.592583842918541e+30,1269933922.7752879,293.68165059586596,8180255.215486397,7.59206800804415e+29,0.15363526842639888,0.0002971118885721698,0.8260676196850297
2.6526746542582325e+30,1279956493.0811188,293.35309840332803,8175728.435791445,7.754565143157791e+29,0.15370118950974856,0.00029845071042492165,0.8260003597798273
2.713839285416316e+30,1290010704.9751494,293.02139964121716,8171155.478961888,7.919460651747368e+29,0.15376764668319925,0.0002998098643992021,0.8259325434524023
2.77609044806608e+30,1300096469.1286712,292.68654781818424,8166536.174046332,8.086766558459746e+29,0.15383463781165577,0.00030118964209071414,0.8258641725462543
2.839440896648878e+30,1310213696.3060515,292.3485365825179,8161870.352591185,8.256494462075516e+29,0.153902160918636,0.0003025903404874111,0.8257952487408773
2.9039034268686936e+30,1320362297.3683374,292.00735964781853,8157157.8486754,8.428655526663218e+29,0.15397021438377684,0.00030401226247219463,0.8257257733537517
2.9694908741645613e+30,1330542184.315717,291.662950848445,8152398.499022005,8.603260629685252e+29,0.15403895286129965,0.00030545603039177944,0.8256555911083093
3.0362161121616647e+30,1340753268.222379,291.31542324201945,8147592.142810711,8.780320047197523e+29,0.15410806559200127,0.00030692133771109854,0.8255850130702883
3.104092051100929e+30,1350995459.3218899,290.9647061004825,8142738.621785591,8.959843447934195e+29,0.1541777200388532,0.0003084088424822337,0.8255138711186653
3.1731316362470894e+30,1361268671.9870813,290.61062873741736,8137837.78072985,9.141840652854954e+29,0.15424834603223303,0.0003099197485896061,0.8254417342191781
3.2433478462760215e+30,1371572816.5340018,290.2535868366176,8132889.466605685,9.326320372756721e+29,0.1543188955401681,0.00031145225788254755,0.8253696522019501
3.3147536916409284e+30,1381907804.5122697,289.8931104953854,8127893.529273033,9.513291000165696e+29,0.1543905815375179,0.00031300918647400876,0.8252964092760089
3.3873622129177806e+30,1392273547.4664323,289.52966570476747,8122849.82134621,9.702760417843041e+29,0.15446217072442064,0.00031458835116809854,0.8252232409244121
3.4611864791303295e+30,1402669957.1184,289.16277275325484,8117758.197950993,9.894736012188779e+29,0.154534906094659,0.0003161926643353588,0.8251489012410065
3.5362395860546725e+30,1413096945.1796522,288.79290856691705,8112618.516451728,1.008922464182743e+30,0.15460752358150892,0.00031781986864498315,0.8250746565498469
3.612534654503677e+30,1423554423.5377686,288.41958348698654,8107430.636766481,1.0286232651998303e+30,0.15468129683593004,0.00031947297649453444,0.8249992301875764
3.6900848285915817e+30,1434042304.0644686,288.04328552111554,8102194.4215936195,1.0485765842626446e+30,0.15475493038949634,0.0003211496535704406,0.824923919956934
3.7689032739787305e+30,1444560498.8068779,287.6635148943862,8096909.736469832,1.0687829483768165e+30,0.15482972917227358,0.0003228530158253219,0.824847417811902
3.849003176096905e+30,1455108919.7913792,287.28077083877923,8091576.4497663425,1.0892428283221098e+30,0.15490436569917804,0.0003245806491528577,0.82477105365167
3.930397738355529e+30,1465687479.2191737,286.89454332201126,8086194.43274758,1.1099566402999081e+30,0.15498017679512457,0.000326335776895992,0.8246934874279803
4.0131001803284615e+30,1476296089.2659175,286.5053429421462,8080763.559565158,1.130924742651995e+30,0.1550558023546093,0.0003281159023309431,0.8246160817430606
4.0971237359226123e+30,1486934662.2828708,286.1126492005963,8075283.707317196,1.1521474376351022e+30,0.1551326119019588,0.00032992436057356975,0.8245374637374685
4.182481651527453e+30,1497603110.6054063,285.71698349438344,8069754.756041006,1.1736249683327519e+30,0.15520921398250867,0.000331758573428231,0.824459027444064
4.2691871841466465e+30,1508301347.1269333,285.3177949157089,8064176.588805182,1.1953575270868444e+30,0.1552870641762196,0.00033362210676889787,0.8243793137170123
4.357253599511491e+30,1519029289.4572864,284.9153827818515,8058549.092072283,1.2173453306294214e+30,0.15536536053021643,0.0003355136592899032,0.8242991258104946
4.4466941701768e+30,1529786844.7931945,284.5100038571329,8052872.154046958,1.239588349584349e+30,0.15544341067723658,0.00033743214342989397,0.8242191571793345
4.53752217359911e+30,1540573926.269113,284.10108845116474,8047145.666873759,1.2620865963621264e+30,0.15552272861672106,0.00033938132488163243,0.8241378900583981
4.6297508901980274e+30,1551390452.3406205,283.6889271921062,8041369.526229541,1.2848401190182611e+30,0.155602534072128,0.0003413599488626789,0.8240561059790102
4.7233936014003364e+30,1562236335.6185567,283.27353944494655,8035543.629965579,1.3078487977981624e+30,0.15568277034196776,0.00034336834966224185,0.8239738613083709
4.818463587667818e+30,1573111483.2329843,282.85519638331704,8029667.878525481,1.3311123466323388e+30,0.15576270456334929,0.0003454053489234247,0.8238918900877281
4.914974126508746e+30,1584015808.585086,282.43330349571755,8023742.176453081,1.3546305282625734e+30,0.1558439291240474,0.0003474749918615894,0.8238085958840918
5.0129384904731256e+30,1594949230.7345064,282.00816517382987,8017766.431961454,1.3784031482400874e+30,0.15592562455375628,0.00034957593408670325,0.8237247995121579
5.112369945132895e+30,1605911662.5506003,281.5798016399631,8011740.5554413535,1.4024298322118726e+30,0.15600773399522214,0.0003517085415406711,0.823640557463238
5.21328174704603e+30,1616903011.0553493,281.1484991335946,8005664.459891974,1.4267100271496535e+30,0.15608948170444895,0.0003538715363372677,0.8235566467592147
5.315687141706247e+30,1627923189.894664,280.71363717115923,7999538.062565824,1.4512432368724312e+30,0.15617254287516,0.00035606926821528075,0.8234713878566255
5.419599361477669e+30,1638972118.7420082,280.2755339605948,7993361.2845143145,1.4760290164528106e+30,0.1562560580990334,0.00035830029836411253,0.8233856416026033
5.525031623515618e+30,1650049710.8705812,279.83420315099215,7987134.048965276,1.5010667317295815e+30,0.1563399905765481,0.00036056507440293523,0.8232994443490498
5.63199712767266e+30,1661155875.7407074,279.3898312380511,7980856.2819933975,1.5263556051433464e+30,0.15642383355728612,0.0003628629484581707,0.8232133034942566
5.740509054391738e+30,1672290525.9801755,278.9420792990214,7974527.913505193,1.551894850818679e+30,0.15650850982238018,0.0003651966321089518,0.8231262935455117
5.850580562585828e+30,1683453579.6678944,278.4910199952632,7968148.877300741,1.5776837231158378e+30,0.15659382510396594,0.00036756624354376214,0.8230386086524912
5.962224787504221e+30,1694644951.503426,278.0367578760357,7961719.10981455,1.603721342130076e+30,0.15667949735156392,0.00036997169161910967,0.8229505309568178
6.075454838587178e+30,1705864553.1764858,277.5793471064979,7955238.550369509,1.630006698118824e+30,0.1567653813542405,0.0003724132094972426,0.8228622054362632
6.190283797307321e+30,1717112298.7563999,277.11862462474824,7948707.141957822,1.6565387588811065e+30,0.15685192780082052,0.0003748924746178152,0.8227731797245625
6.306724715000222e+30,1728388103.9043465,276.6546844147477,7942124.831018728,1.6833164554747774e+30,0.1569388844181536,0.00037740949112764993,0.8226837060907196
6.424790610682953e+30,1739691882.4704106,276.1875317037555,7935491.566974405,1.710338612524593e+30,0.15702624237617915,0.00037996485644144006,0.8225937927673803
6.544494468861629e+30,1751023550.8251808,275.71704828585064,7928807.302830712,1.7376040367611643e+30,0.15711433407668496,0.00038256002025599805,0.8225031059030599
6.665849237328981e+30,1762383023.1626074,275.2434696412291,7922071.994495992,1.7651114207487718e+30,0.1572025173070764,0.00038519404835101384,0.8224122886445735
6.788867824950785e+30,1773770211.275914,274.76668853771037,7915285.600890031,1.7928593358246928e+30,0.15729109507737427,0.0003878683381112545,0.8223210365845154
6.913563099443246e+30,1785185029.3178744,274.28671001763377,7908448.084632922,1.8208463313673528e+30,0.15738006175823827,0.00039058354333788435,0.8222293546984247
7.039947885140468e+30,1796627391.4835985,273.8035394557406,7901559.411636991,1.849070887028806e+30,0.15746941147182314,0.00039334032993496785,0.8221372481982427
7.168034960753337e+30,1808097211.979563,273.31718385940536,7894619.55109768,1.8775314120503562e+30,0.15755913447108294,0.00039613936696281956,0.8220447261619551
7.297837057119369e+30,1819594413.4740677,272.8272451110094,7887628.476485946,1.9062264268205213e+30,0.15765035192053048,0.0003989842320421971,0.8219506638474282
7.429366854945143e+30,1831118910.542357,272.3345204858644,7880586.16302715,1.9351542121100479e+30,0.15774085280427635,0.00040187000418877083,0.8218572771915358
7.562636982540064e+30,1842670609.3140965,271.83862750632903,7873492.588136334,1.9643127935829544e+30,0.15783171423415407,0.00040480015888013504,0.8217634856069667
7.697660013544066e+30,1854249424.1948109,271.3395728344324,7866347.733945898,1.9937003027664928e+30,0.15792293017426487,0.0004077754297137991,0.8216692943960222
7.834448464647184e+30,1865855269.6259553,270.8373634035689,7859151.5858119745,2.0233148016916413e+30,0.15801449452089739,0.0004107965646296852,0.8215747089144737
7.973014793303715e+30,1877488060.0816364,270.3320065113975,7851904.132296209,2.0531542829971352e+30,0.15810640084274022,0.0004138643255469403,0.8214797348317138
8.113371395440195e+30,1889147710.0183947,269.82351190905825,7844605.365139465,2.0832166690295297e+30,0.15819863648387028,0.00041697947295391685,0.8213843840431766
8.255530603157652e+30,1900834143.3761978,269.31144634070984,7837255.280445254,2.1135000231820264e+30,0.15829244222727903,0.000420146146928611,0.8212874116257932
8.399504682429206e+30,1912547275.0114148,268.7966803032149,7829853.875750758,2.144002142906898e+30,0.15838537518976067,0.0004233586393522715,0.8211912661708879
8.545305830792718e+30,1924287010.2836304,268.27879817957944,7822401.150473857,2.1747205421527558e+30,0.15847862560941064,0.00042662096615291234,0.8210947534244374
8.692946175039857e+30,1936053263.7648675,267.75781132077657,7814897.108816186,2.2056528691896625e+30,0.15857217909049626,0.00042993394693830947,0.8209978869625663
8.842437768901348e+30,1947845960.1687672,267.23326407523047,7807341.759352445,2.236796933074688e+30,0.1586673532337088,0.00043330209558537885,0.8208993446707067
8.993792590728598e+30,1959665014.4860935,266.70607335678176,7799735.111817611,2.2681502607899976e+30,0.15876155618400267,0.00043671917550240744,0.8208017246404958
9.147022541173465e+30,1971510331.4652276,266.1758054467219,7792077.177555524,2.2997100768370445e+30,0.15885604215762675,0.00044018953723281554,0.8207037683051414
9.302139440865547e+30,1983381836.4285371,265.6419866094593,7784367.97413335,2.3314740046035905e+30,0.15895219107897918,0.00044371800458749966,0.8206040909164342
9.459155028087388e+30,1995279444.4574647,265.10557101714795,7776607.520036434,2.3634393727216445e+30,0.15904729047772093,0.00044729790055668905,0.8205054116217233
9.618080956449172e+30,2007203059.8316233,264.5661082545499,7768795.835123089,2.3956031933737576e+30,0.1591426523895713,0.0004509338693730134,0.8204064137410566
9.778928792561964e+30,2019152608.5031886,264.02310542000106,7760932.945567639,2.4279629095691517e+30,0.15923972314151702,0.0004546310721898674,0.820305645786294
9.941710013711818e+30,2031128005.6311092,263.4775560151936,7753018.878186998,2.4605156563696254e+30,0.15933566191069135,0.0004583823507694534,0.82020595573854
1.0106436005532565e+31,2043129154.9747045,262.92899196421865,7745053.660901648,2.4932582378074756e+30,0.15943184221895912,0.00046219266848987017,0.8201059651125518
1.027311805968122e+31,2055155983.1379375,262.37690004395574,7737037.3280300675,2.526187922763794e+30,0.15952978118674652,0.0004660675541080785,0.8200041512591463
1.044176737151327e+31,2067208405.3426995,261.8223152695154,7728969.914223025,2.5593016584376256e+30,0.15962650139278906,0.0004699993232251803,0.8199034992839865
1.0612395037760376e+31,2079286324.7727177,261.26475088316755,7720851.454930074,2.592596045764388e+30,0.15972344176587022,0.00047399328637200854,0.8198025649477587
1.0785012054210312e+31,2091389668.7037807,260.7036722565233,7712681.992069771,2.626068186637699e+30,0.15982219450944585,0.0004780553720344855,0.8196997501185206
1.0959629313389817e+31,2103518352.2859335,260.14016309517484,7704461.567529871,2.659714844217679e+30,0.15991962252317277,0.0004821772765828321,0.8195982002002453
1.1136257602250578e+31,2115672291.0362673,259.5731491342953,7696190.225545814,2.693532728421246e+30,0.16001890240603267,0.0004863698099498478,0.8194947277840183
1.1314907599859226e+31,2127851400.1195402,259.00374543014715,7687868.012465168,2.727518485583768e+30,0.16011679255053995,0.0004906242466616843,0.8193925832027992
1.1495589875091608e+31,2140055595.0814111,258.4308468240825,7679494.976830037,2.7616687108626854e+30,0.160216576494545,0.0004949519318232214,0.8192884715736326
1.1678314884331722e+31,2152284791.0927577,257.85560100237814,7671071.169126782,2.795979937370645e+30,0.16031490327885636,0.0004993436904233516,0.8191857530307212
1.1863092969177038e+31,2164538903.720038,257.27687060160844,7662596.641870612,2.8304486492534294e+30,0.16041516839505351,0.0005038114367845776,0.8190810201681628
1.2049934354148399e+31,2176817848.1309977,256.6958372890814,7654071.449340399,2.865071270258344e+30,0.16051390639707164,0.0005083455165020175,0.8189777480864272
1.2238849144407325e+31,2189121539.9044194,256.1113301130258,7645495.647666052,2.899844177519899e+30,0.16061463004384022,0.000512958449758603,0.818872411506402
1.2429847323479811e+31,2201449894.1948576,255.5245661485938,7636869.29454787,2.9347636895252016e+30,0.16071375395779272,0.0005176400705478712,0.8187686059716602
1.2622938750988153e+31,2213802826.584205,254.9343393956789,7628192.449347412,2.969826080642632e+30,0.16081491379554683,0.0005224035443709697,0.818662682660083
1.2818133160390344e+31,2226180252.2028584,254.3419038432819,7619465.172791202,3.005027568444059e+30,0.16091439847668212,0.0005272381588644055,0.8185583633644543
1.3015440156728125e+31,2238582086.6257772,253.7460169019673,7610687.52706577,3.040364329013468e+30,0.16101597252325592,0.0005321577673630835,0.8184518697093818
1.3214869214384438e+31,2251008244.947294,253.14797106233044,7601859.575505427,3.0758324835848844e+30,0.16111579303885767,0.0005371510736404487,0.8183470558875026
1.341642967485006e+31,2263458642.7246,252.5464855153434,7592981.382692508,3.1114281146720383e+30,0.16121775974861816,0.0005422326647389773,0.8182400075866436
1.3620130744501024e+31,2275933195.0034595,251.94289292391107,7584053.0141296545,3.1471472519804946e+30,0.16131789147355047,0.0005473906201029341,0.8181347179063474
1.3825981492385522e+31,2288431817.3124423,251.33587252146614,7575074.5363462595,3.1829858894082674e+30,0.16142022991368118,0.0005526403101108638,0.8180271297762087
1.4033990848024134e+31,2300954424.634987,250.7267989660516,7566046.01655306,3.218939970140009e+30,0.16152064856925918,0.0005579691451835603,0.817921382285558
1.4244167599219043e+31,2313500932.2303853,250.11431882044286,7556967.524570192,3.255005399035633e+30,0.16162331028481916,0.0005633932321414838,0.8178132964830401
1.4456520389878175e+31,2326071273.0059466,249.49911303090343,7547839.137913361,3.291178472747467e+30,0.1617261928349085,0.0005689072724219437,0.8177048998926703
1.4671057717850708e+31,2338665344.6076875,248.88193843298188,7538660.9315649895,3.327454600657484e+30,0.16182702177731953,0.0005745048481479759,0.8175984733745332
1.4887787932775647e+31,2351283062.4763713,248.26136530328307,7529432.990200367,3.3638295785782784e+30,0.161930227289938,0.0005802035266343239,0.8174895691834284
1.510671923394574e+31,2363924341.4390626,247.63888158397972,7520155.405158961,3.400299157523644e+30,0.16203128505407025,0.0005859888114137945,0.8173827261345167
1.532785966818394e+31,2376589096.921059,247.01301020883048,7510828.270734036,3.4368590643712384e+30,0.16213479507712458,0.000591879257087034,0.8172733256657891
1.555121712773659e+31,2389277243.7028246,246.38528829075,7501451.682995661,3.473504983725424e+30,0.16223605923465692,0.0005978595072899864,0.8171660812580539
1.577679934818091e+31,2401988697.1974063,245.75418927408845,7492025.740015011,3.510232579656055e+30,0.16233985646503354,0.000603949177557189,0.81705619435741
1.6004613906348164e+31,2414723372.134115,245.121301855598,7482550.541463366,3.547037476451921e+30,0.1624413054220948,0.0006101319870379994,0.816948562590868
1.623466821826479e+31,2427481183.591954,244.48505982600122,7473026.188796252,3.583915273874176e+30,0.162545335289299,0.000616428542310811,0.8168382361683909
1.6466969537109349e+31,2440262067.947399,243.84624779367678,7463452.788529883,3.6208620659009483e+30,0.16264956072132566,0.0006228319524592473,0.8167276073262159
1.6701524951187116e+31,2453065919.093614,243.20574485196187,7453830.440720666,3.6578728992993725e+30,0.16275127531491848,0.0006293337765227813,0.8166193909085595
1.6938341381923449e+31,2465892652.4092574,242.56188893105536,7444159.251324372,3.694943308838673e+30,0.16285575160750368,0.0006359566433145131,0.8165082917491826
1.717742558187439e+31,2478742182.4760323,241.91640992720204,7434439.327401594,3.732068795830208e+30,0.16295760227022657,0.0006426816285317317,0.8163997161012424
1.7418784132758157e+31,2491614424.6559286,241.26758642192826,7424670.777392233,3.769244854773261e+30,0.16306231762113815,0.0006495327296770131,0.8162881496491855
1.766242344350476e+31,2504509293.4608755,240.6172101543202,7414853.710621837,3.8064669492342776e+30,0.16316428678074943,0.0006564898136276901,0.8161792234056237
1.7908349748325903e+31,2517426704.240318,239.96349673559772,7404988.237595273,3.843730540337949e+30,0.16326923196465856,0.000663578357790215,0.816067189677552
1.8156569104806628e+31,2530366571.863159,239.30828759058332,7395074.4695445,3.8810310710272276e+30,0.16337135496487037,0.0006707771270426298,0.8159578679080877
1.840708739201645e+31,2543328785.735581,238.65072444686314,7385112.514152993,3.918363355725058e+30,0.16347344410321757,0.0006780999016464127,0.8158484559951367
1.8659910308643333e+31,2556313271.926175,237.9903495505154,7375102.48703862,3.955723074512661e+30,0.16357703242869726,0.0006855556791158837,0.8157374118921876
1.8915043371149072e+31,2569319971.686391,237.3271044142442,7365044.5064866645,3.9931062644287077e+30,0.1636823846755234,0.0006931483687754182,0.8156244669557019
1.917249191194772e+31,2582348786.837193,236.66253311010416,7354938.68332396,4.0305080206276e+30,0.1637845911151728,0.0007008596740449365,0.8155145492107829
1.9432261077606906e+31,2595399632.700825,235.9946394434954,7344785.1315394575,4.067923746256716e+30,0.16389016070753726,0.0007087202704110587,0.8154011190220525
1.9694355827072322e+31,2608472424.0395956,235.32548122499645,7334583.965110507,4.1053488365003234e+30,0.16399250080572675,0.0007167043534308438,0.8152907948408432
1.9958780929917285e+31,2621567046.848281,234.65407991952125,7324335.293075396,4.142777996173335e+30,0.16409484208338013,0.0007248287184548375,0.8151803291981659
2.0225540964615426e+31,2634683414.234339,233.98047862039107,7314039.230186504,4.180206572486621e+30,0.1641971129485567,0.0007330959649177747,0.8150697910865262
2.049464031683995e+31,2647821470.252616,233.3035699121605,7303695.896432689,4.217630643428496e+30,0.16430301450781626,0.0007415259119379419,0.8149554595802465
2.076608317778645e+31,2660981113.558465,232.62612303560104,7293305.4023240935,4.2550452318940036e+30,0.16440354264198787,0.0007500807604174506,0.8148463765975954
2.103987354252421e+31,2674162243.4883943,231.9453853689555,7282867.858641415,4.2924453698570734e+30,0.16450780333232964,0.0007588051961890146,0.8147333914714822
2.1316015208370894e+31,2687364789.287243,231.2630960707321,7272383.381300112,4.329826807316085e+30,0.16461014915058508,0.0007676764687902733,0.8146221743806255
2.1594511773296844e+31,2700588647.547865,230.57870741345832,7261852.079153761,4.3671845365705175e+30,0.16471245619420294,0.000776706514983868,0.814510837290814
2.187536663435417e+31,2713833732.2416663,229.89220125090833,7251274.063848103,4.4045139671278656e+30,0.16481486087997757,0.0007858993813804806,0.8143992397386427
2.215858298613655e+31,2727099955.1179857,229.20371693684345,7240649.44558029,4.441810470779702e+30,0.1649169763696468,0.0007952566897769557,0.8142877669405769
2.244416381926365e+31,2740387224.2513666,228.51328624568472,7229978.332777787,4.479069349376985e+30,0.16501877243773058,0.000804781821624008,0.8141764457406462
2.273211191889707e+31,2753695447.316106,227.82093487688002,7219260.832660429,4.516285912784678e+30,0.1651202398381943,0.0008144783481161865,0.8140652818136903
2.3022429863284462e+31,2767024531.7508955,227.12668909491217,7208497.05113293,4.553455484650302e+30,0.16522136824628342,0.0008243499279175558,0.8139542818257998
2.3315120022331626e+31,2780374384.603803,226.4305800755115,7197687.092613448,4.5905734008154917e+30,0.16532213154955355,0.0008344002350802284,0.813843468215367
2.3610184556206915e+31,2793744909.5299788,225.73273623218148,7186831.059358437,4.627634942990525e+30,0.16542217450850502,0.000844631346441675,0.8137331941450542
2.390762541397476e+31,2807136011.7515974,225.0330201808753,7175929.052312301,4.6646354530111917e+30,0.16552204261242234,0.0008550500441602557,0.8136229073434182
2.420744433225877e+31,2820547616.6884785,224.33093382669534,7164981.17422342,4.701570756235803e+30,0.1656235200644815,0.000865669866061668,0.8135108100694577
2.4509642833938234e+31,2833979628.610001,223.62773179680025,7153987.521407551,4.738436232978023e+30,0.16572241393312923,0.0008764730751876301,0.8134011129916838
2.481422222687419e+31,2847431935.905514,222.92273401250526,7142948.185277902,4.7752269329000524e+30,0.16582112441428493,0.0008874765373701243,0.8132913990483457
2.5121183602668253e+31,2860904447.041746,222.21599670303405,7131863.259116067,4.811938390394445e+30,0.16591954574488751,0.0008986841699669814,0.8131817700851462
2.5430527835453405e+31,2874397064.056147,221.50772196348893,7120732.8325176295,4.8485660314089523e+30,0.16601706757700507,0.0009100972032117873,0.8130728352197839
2.5742255580717637e+31,2887909688.2226157,220.79777792633556,7109556.992462095,4.885105300890749e+30,0.1661142309168395,0.0009217232635731568,0.812964045819588
2.6056367274160747e+31,2901442232.6803355,220.08595326946323,7098335.825436028,4.9215519440999723e+30,0.16621186109567468,0.000933571857696767,0.8128545670466293
2.63728631305826e+31,2914994602.9639187,219.37275431578408,7087069.413410443,4.9579015804654155e+30,0.16630828991150573,0.0009456385879401083,0.8127460715005549
2.6691743142808654e+31,2928566697.202015,218.65796117480025,7075757.833974414,4.9941497076280197e+30,0.16640437204802871,0.000957933351489029,0.8126376946004827
2.701300708064619e+31,2942158406.8425245,217.94205463691557,7064401.160529568,5.030291724403246e+30,0.16649851197662394,0.0009704520602214632,0.8125310359631551
2.733665448987665e+31,2955769634.819311,217.22422936455868,7052999.465598931,5.066323322105765e+30,0.16659362879333792,0.0009832171185469628,0.8124231540881156
2.766268469128198e+31,2969400290.103833,216.50514404542918,7041552.81932443,5.102240373516471e+30,0.16668750173477218,0.000996221037093947,0.8123162772281343
2.7991096779706086e+31,2983050269.643994,215.78457004505012,7030061.2859256035,5.138038540306354e+30,0.16678103133693514,0.0010094748336737613,0.8122094938293914
2.8321889623152006e+31,2996719482.153787,215.06240918830403,7018524.928144063,5.173713787029934e+30,0.16687466636191392,0.0010229871773166821,0.8121023464607697
2.8655061861914567e+31,3010407820.929981,214.33929333308754,7006943.801896574,5.209261805782758e+30,0.16696625364733492,0.0010367508063541012,0.8119969955463112
2.899061190774872e+31,3024115173.774557,213.61480842110382,6995317.95835708,5.244678226368693e+30,0.16705736265437596,0.0010507815014693812,0.8118918558441548
2.9328537943073375e+31,3037841442.199546,212.88898522762213,6983647.447367845,5.279959025604147e+30,0.16714798418202872,0.001065085611117677,0.8117869302068539
2.966883792021452e+31,3051586527.2431564,212.16185473372272,6971932.314379711,5.315100228669015e+30,0.16723810912488876,0.0010796696749959269,0.8116822212001155
3.001150956068075e+31,3065350322.3544836,211.43366767756535,6960172.598941257,5.350097764371754e+30,0.1673269330036318,0.0010945352027582943,0.8115785317936102
3.0356550354479956e+31,3079132727.522724,210.7040180656068,6948368.333790703,5.384947757175717e+30,0.16741602934566885,0.0011096994824116929,0.8114742711719195
3.0703957559471263e+31,3092933635.1567035,209.97359116732727,6936519.540222705,5.419646243235886e+30,0.16750301323273842,0.0011251538495098906,0.8113718329177517
3.105372820075407e+31,3106752944.120919,209.24155100854136,6924626.233732751,5.454189452068912e+30,0.16759103779014906,0.0011409269032114395,0.8112680353066395
3.1405859070096728e+31,3120590552.8331037,208.50879432210823,6912688.424000878,5.488573675824085e+30,0.16767693436356637,0.0011570047878620981,0.8111660608485716
3.176034672540121e+31,3134446346.9537225,207.77485660526398,6900706.112646472,5.522795015794146e+30,0.1677625105234193,0.0011734076941104972,0.8110640817824702
3.211718749020686e+31,3148320210.402719,207.0402997782609,6888679.295381315,5.556849614317573e+30,0.16784580177010008,0.0011901298715866191,0.8109640683583133
3.247637745323322e+31,3162212027.9752145,206.30458065189848,6876607.962413405,5.590733702619679e+30,0.1679289209144947,0.001207194510718662,0.8108638845747865
3.2837912467960734e+31,3176121701.2229247,205.56778913628727,6864492.101081039,5.624443918382292e+30,0.16801165184845032,0.001224608844270031,0.8107637393072795
3.320178815224989e+31,3190049129.169281,204.82995820155296,6852331.691970281,5.65797692322826e+30,0.16809398939332362,0.0012423818725457035,0.8106636287341306
3.356799988800074e+31,3203994200.4885864,204.09140740945242,6840126.707533848,5.69132925471167e+30,0.16817485341523997,0.0012605148033104508,0.8105646317814494
3.393654282084926e+31,3217956808.947082,203.35171396510958,6827877.114936353,5.724497624963909e+30,0.168255946169188,0.0012790299296816263,0.8104650239011302
3.430741185990669e+31,3231936847.657025,202.61136669384155,6815582.874846559,5.757478815146775e+30,0.16833554803974307,0.001297924099332735,0.810366527860924
3.468060167753435e+31,3245934193.303702,201.8704004257467,6803243.938669239,5.790269374664704e+30,0.16841363858708,0.0013172070820434614,0.8102691543308763
3.505610670916154e+31,3259948735.429183,201.1284530669951,6790860.253875682,5.822866178447598e+30,0.1684917098239866,0.0013369010077520667,0.810171389168261
3.543392115313989e+31,3273980368.742563,200.3857845465538,6778431.762302256,5.855266282324265e+30,0.16856889808998465,0.0013570099919668647,0.8100740919180481
3.581403897064131e+31,3288028981.278415,199.64237310670802,6765958.397948895,5.887466700189507e+30,0.16864540900525088,0.0013775468756648793,0.8099770441190838
3.6196453885593036e+31,3302094461.116671,198.8982853744912,6753440.088208023,5.91946453152369e+30,0.16872111158787606,0.001398522155259765,0.8098803662568634
3.658115938465415e+31,3316176694.3989615,198.1535558078821,6740876.75346749,5.951256925236142e+30,0.16879599812578572,0.0014199476685019306,0.8097840542057115
3.696814871723204e+31,3330275569.3735647,197.40813647077744,6728268.307776729,5.982841153320379e+30,0.16887038134646962,0.0014418383647273872,0.8096877802888022
3.735741489553913e+31,3344390970.707804,196.66222197298458,6715614.657794951,6.014214508767155e+30,0.16894363459052333,0.0014642015269049117,0.8095921638825707
3.7748950694689846e+31,3358522780.311376,195.9157402829778,6702915.7029616535,6.045374319510044e+30,0.16901616526277555,0.0014870536152780426,0.8094967811219455
3.814274865283985e+31,3372670879.165324,195.16883436024827,6690171.335817054,6.076317981879993e+30,0.16908754373844184,0.0015104041040865024,0.8094020521574706
3.853880107136181e+31,3386835149.2223616,194.42137937780905,6677381.442300876,6.107042991112246e+30,0.1691583897707675,0.001534272151986421,0.809307338077245
3.893710001506599e+31,3401015475.722311,193.67345495553954,6664545.902083478,6.137546979992639e+30,0.1692285245560024,0.0015586701237660814,0.8092128053202304
3.9337637312459067e+31,3415211738.942655,192.9251629011834,6651664.587124873,6.167827571668279e+30,0.16929767924386246,0.001583609642381315,0.809118711113755
3.974040455604506e+31,3429423817.8045497,192.176483121362,6638737.362357493,6.197882438680367e+30,0.16936606747395913,0.0016091070041221816,0.8090248255219175
4.0145393102664474e+31,3443651590.2062764,191.42750793609127,6625764.085768521,6.227709304354104e+30,0.16943345706388807,0.0016351743192815616,0.8089313686168291
4.0552594073877327e+31,3457894931.951691,190.67824575846248,6612744.608261242,6.257305918044898e+30,0.16949995000374177,0.0016618268932738008,0.8088382231029833
4.096199835638461e+31,3472153723.411283,189.92860966361667,6599678.77480684,6.286670158556774e+30,0.16956603499738662,0.00168908383055795,0.8087448811720539
4.137359660249054e+31,3486427841.425037,189.17882541396298,6586566.423097553,6.315799890586313e+30,0.16963094314840857,0.0017169513935077062,0.8086521054580823
4.1787379230606675e+31,3500717159.210788,188.42880735526018,6573407.383671991,6.344692951618663e+30,0.16969516005463708,0.0017454479054920704,0.8085593920398694
4.220333642579705e+31,3515021552.3119855,187.6786230203701,6560201.481028078,6.373347238745794e+30,0.16975855447837157,0.0017745849646391503,0.8084668605569878
4.262145814035977e+31,3529340894.512261,186.92829474534375,6546948.533049297,6.4017606267766e+30,0.16982117905006885,0.0018043749867924321,0.8083744459631371
4.304173409445568e+31,3543675059.3172784,186.1778507198955,6533648.351426616,6.42993097414024e+30,0.16988306389852406,0.0018348289491593285,0.8082821071523151
4.346415377677092e+31,3558023916.9310827,185.4273917459248,6520300.741361443,6.457856061570504e+30,0.16994394042352862,0.0018659536601323935,0.8081901059163374
4.388870644522564e+31,3572387337.457919,184.67686206160042,6506905.502359605,6.485533615982227e+30,0.1700041859258067,0.001897759776397312,0.8080980542977945
4.431538112771777e+31,3586765191.3258953,183.92635144841057,6493462.428570981,6.512961294063548e+30,0.17006357838769998,0.0019302503585955644,0.8080061712537028
4.47441666229119e+31,3601157347.12005,183.17585965922902,6479971.308759888,6.540136625093706e+30,0.1701222695857961,0.001963428807673653,0.8079143016065287
4.517505150106435e+31,3615563671.7088294,182.42547258279043,6466431.926712354,6.567056989292465e+30,0.17018005283156612,0.0019972925977722947,0.8078226545706599
4.560802410488992e+31,3629984029.2858353,181.67521362768483,6452844.06151709,6.593719579047398e+30,0.17023698245113986,0.0020318375159704147,0.807731180032888
4.604307255046916e+31,3644418283.307912,180.92511885631885,6439207.488378653,6.620121394181816e+30,0.17029306096377492,0.002067054672670587,0.8076398843635528
4.648018472819464e+31,3658866296.8563123,180.17520227401656,6425521.979221167,6.646259212670115e+30,0.17034838574147243,0.0021029305130733193,0.8075486837454526
4.6919348303756005e+31,3673327932.574736,179.4255012561904,6411787.303282196,6.672129556978382e+30,0.17040295689709,0.002139445299691889,0.8074575978032164
4.736055071916567e+31,3687803049.9157133,178.6760979468617,6398003.227296985,6.697728645753069e+30,0.1704565831896191,0.0021765735870587794,0.8073668432233203
4.780377919382446e+31,3702291507.9349613,177.92695955308469,6384169.516694192,6.723052382196751e+30,0.17050956690427882,0.002214282687039562,0.8072761504086797
4.824902072562419e+31,3716793165.3087125,177.17816753840344,6370285.921929178,6.74809632962153e+30,0.1705617229152775,0.0022525333962766353,0.8071857436884441
4.8696262092090925e+31,3731307877.5189047,176.42975770246719,6356352.154513814,6.77285567571318e+30,0.1706130666665655,0.002291278749537502,0.8070956545838953
4.9145489851566315e+31,3745835498.6741896,175.68176606846527,6342367.899366315,6.79732522439606e+30,0.17066361669113647,0.0023304634861707127,0.807005919822691
4.959669034442786e+31,3760375881.489212,174.9342283655175,6328332.836879092,6.821499382056357e+30,0.17071339457486984,0.0023700235817221923,0.8069165818434062
5.004984969434664e+31,3774928881.4766097,174.18707908092313,6314246.644720873,6.84537211125019e+30,0.1707628720598192,0.002409872996079922,0.806827254944099
5.050495380958524e+31,3789494348.484356,173.44055741690852,6300108.9969669515,6.868936996882479e+30,0.17081117524032968,0.0024499521014934786,0.8067388726581751
5.096198838433128e+31,3804072126.742037,172.69459485452606,6285919.564643161,6.892187266780646e+30,0.17085879022481526,0.0024901584540616634,0.8066510513211212
5.1420938900069545e+31,3818662069.87122,171.94907275710716,6271678.019404327,6.915115617871514e+30,0.17090644104748678,0.0025303542203309174,0.8065632047321806
5.18817906269918e+31,3833264029.0110025,171.20420546007344,6257384.032197252,6.937714372631743e+30,0.17095335988299193,0.0025704580877877,0.8064761820292186
5.234452862544242e+31,3847877847.256629,170.46000392742184,6243037.272609248,6.959975627163227e+30,0.17099968885223182,0.002610344043966216,0.8063899671038002
5.2809137747405e+31,3862503370.1988993,169.71643378945913,6228637.411471696,6.981891106983018e+30,0.17104578224009473,0.002649855346211974,0.8063043624136915
5.327560263801789e+31,3877140436.307011,168.9737299745417,6214184.119108876,7.003452516537757e+30,0.1710907571296951,0.0026889334792793086,0.8062203093910238
5.374390773713586e+31,3891788888.36132,168.2315915839198,6199677.068010234,7.024651203138973e+30,0.1711362039088612,0.0027272845662193136,0.8061365115249178
5.421403728091956e+31,3906448570.723376,167.4903174278788,6185115.932635901,7.045478363792828e+30,0.17118094063071193,0.0027648746885955843,0.8060541846806908
5.468597530346358e+31,3921119320.4903665,166.7498091936712,6170500.387388268,7.065925403589373e+30,0.1712256294167324,0.0028014731724979817,0.8059728974107679
5.515970563846296e+31,3935800976.2752314,166.01016356066782,6155830.1080533285,7.085983751353403e+30,0.17127002042979309,0.0028369544288468426,0.8058930251413584
5.563521192090979e+31,3950493372.5037923,165.2714115486323,6141104.769951964,7.105645211141225e+30,0.17131416997100313,0.002871156887544961,0.8058146731414503
5.6112477588827475e+31,3965196336.915823,164.53370464518252,6126324.045780102,7.124902301994754e+30,0.17135754860664285,0.002904039262941024,0.8057384121304144
5.659148588504041e+31,3979909706.653799,163.7967113023961,6111487.609088708,7.14374735097945e+30,0.1714019731149993,0.0029350825455401247,0.805662944339459
5.70722198589739e+31,3994633323.633092,163.06068878403093,6096595.133118192,7.162172845285554e+30,0.17144640981416676,0.0029643248024355017,0.8055892653833961
5.755466236849251e+31,4009367011.678641,162.32581357272124,6081646.282323654,7.180173068630541e+30,0.17149018755690734,0.002991807196553675,0.8055180052465373
5.803879608176777e+31,4024110603.2812433,161.59174733836446,6066640.717315947,7.19774236008999e+30,0.17153520208057116,0.0030168867528654253,0.8054479111665618
5.852460347918213e+31,4038863930.3136644,160.85887258854711,6051578.090893026,7.214875919860322e+30,0.17157974827661607,0.003039906160016706,0.8053803455633656
5.901206685526378e+31,4053626811.4526234,160.12712508634445,6036458.04099629,7.231570849243869e+30,0.17162434841181215,0.003060620102325621,0.8053150314858605
5.950116832065341e+31,4068399076.500117,159.39635524409636,6021280.195385772,7.247824273537141e+30,0.1716699855663082,0.0030785747838572063,0.8052514396498329
5.999188980410497e+31,4083180551.245344,158.66682880726682,6006044.165051209,7.263634640470088e+30,0.1717154993058169,0.003094087071064109,0.8051904136231174
6.048421305451491e+31,4097971046.3975554,157.9386325630309,5990749.535835361,7.279002760666259e+30,0.17176062814309784,0.0031072300409878285,0.8051321418159127
6.097811964298599e+31,4112770386.5617423,157.21140836191776,5975395.886986637,7.293929213845554e+30,0.17180748022124798,0.0031170491783762367,0.8050754706003741
6.14735909649178e+31,4127578398.44859,156.48549748358522,5959982.793612155,7.308415402590437e+30,0.17185445892136567,0.0031241595912515794,0.8050213814873811
6.197060824213275e+31,4142394901.0449243,155.76075007722378,5944509.808489791,7.322464423694395e+30,0.171902585647374,0.0031280387302123807,0.8049693756224119
6.246915252502482e+31,4157219705.566861,155.03750595486073,5928976.449179236,7.336081080789362e+30,0.1719502160586805,0.0031294911763500963,0.8049202927649678
6.296920469474495e+31,4172052627.084074,154.31536950284215,5913382.199200128,7.349270724998103e+30,0.1719997455402433,0.0031272560586749175,0.8048729984010801
6.347074546541167e+31,4186893485.694212,153.59465696224436,5897726.506126304,7.362039080187886e+30,0.17204965069242945,0.0031221258638162415,0.8048282234437526
6.3973755386347715e+31,4201742097.529262,152.87516022604615,5882008.775514776,7.374393033207942e+30,0.1721013356249731,0.003113284022852293,0.804785380352173
6.447821484435106e+31,4216598282.6153655,152.15703223675325,5866228.3708384475,7.386339824111276e+30,0.17215418292651538,0.003101066707595381,0.8047447503658876
6.498410406599009e+31,4231461861.0822997,151.44014347697225,5850384.609646413,7.397887357742338e+30,0.17220919464743958,0.0030848240358851897,0.8047059813166736
6.549140311992321e+31,4246335938.5942454,150.65766936091305,5834478.6656528525,7.408765275132415e+30,0.17266220712583677,0.002783946406890814,0.8045538464672707
6.600009191924875e+31,4261220994.7817745,149.93033726066426,5818510.858665538,7.418939509407298e+30,0.17280356876245614,0.002688473747713044,0.8045079574898291
6.651015022388265e+31,4276114086.817026,149.20655495504747,5802479.622909319,7.428670811035554e+30,0.17293521845650156,0.002594739457160309,0.8044700420863365
6.702155764295536e+31,4291014896.3546734,148.48480805410898,5786384.217474241,7.437991459612813e+30,0.17306630047021573,0.002496509714061546,0.804437189815721
6.753429363724063e+31,4305923109.733948,147.7665185029851,5770223.801139143,7.446932010811373e+30,0.1731880719477108,0.0024016807004012173,0.8044102473518863
6.804833752160566e+31,4320838382.574516,147.05087519703227,5753997.399611085,7.455523685912558e+30,0.1733055440261427,0.0023069261963772464,0.8043875297774783
6.856366846748458e+31,4335760402.089114,146.33806164567963,5737703.9271629965,7.463793389533547e+30,0.17341764357257627,0.002213786358089451,0.8043685700693326
6.908026550537819e+31,4350688898.549171,145.6270504222613,5721342.2007393185,7.471763800426281e+30,0.1735310531010139,0.002116849422594027,0.8043520974763904
6.959810752737688e+31,4365623644.271635,144.9180566556321,5704910.945432551,7.479453856147687e+30,0.1736446783260422,0.002017336022049186,0.8043379856519068
7.011717328970105e+31,4380564386.587146,144.21136602784648,5688408.757919737,7.486882534530849e+30,0.17375695001943328,0.0019169516201735233,0.8043260983603916
7.063744141527253e+31,4395510789.149639,143.50832008260696,5671834.063826557,7.494070509155922e+30,0.17385935005367753,0.001823940056896265,0.8043167098894246
7.115889039629942e+31,4410462571.983331,142.80649024322133,5655185.194793821,7.501034495771011e+30,0.1739680546583799,0.0017235530234496446,0.8043083923181689
7.168149859688534e+31,4425419447.75545,142.1084512908758,5638460.352787986,7.507789284725341e+30,0.17406642945294598,0.0016316259051620417,0.8043019446418902
7.220524425566148e+31,4440381120.772206,141.4117914774933,5621657.612644275,7.514348819400921e+30,0.17417081429299563,0.0015328987743174931,0.8042962869326852
7.273010548843419e+31,4455347352.775676,140.717838553084,5604774.955431684,7.52072382696895e+30,0.17427278716676226,0.001435513338852196,0.8042916994943838
7.325606029085399e+31,4470317767.601964,140.02787149116617,5587810.145840638,7.526926965924242e+30,0.17436407079375446,0.0013476762388129036,0.8042882529674309
7.378308654110589e+31,4485292045.894906,139.33953638373285,5570760.844139436,7.532968258616182e+30,0.17446100534920425,0.0012537220276798236,0.8042852726231142
7.431116200261315e+31,4500269861.1859865,138.65531728897858,5553624.5664308155,7.538856224001069e+30,0.17454713191938295,0.0011697786326474488,0.8042830894479679
7.484026432676389e+31,4515250877.264247,137.97290696048353,5536398.680538894,7.544598698056989e+30,0.1746387146694258,0.0010800648999083357,0.8042812204306642
7.537037105564999e+31,4530234483.539681,137.2996645627782,5519080.234215793,7.550203495245731e+30,0.17468532722327673,0.001034252715130198,0.8042804200615913
7.590145962482834e+31,4545219709.085858,136.63479023510862,5501711.542585053,7.555681999149125e+30,0.17468532722327673,0.001034252715130198,0.8042804200615913
7.643350736609189e+31,4560206039.707858,135.97064499765702,5484333.272860154,7.56104154260793e+30,0.17468532722327673,0.001034252715130198,0.8042804200615913
7.696649151026297e+31,4575193379.052021,135.30724646868396,5466945.790890385,7.566284142238719e+30,0.17468532722327673,0.001034252715130198,0.8042804200615913
7.7500389189994185e+31,4590181630.445463,134.6446122535808,5449549.462819725,7.571411785002183e+30,0.17468532722327673,0.001034252715130198,0.8042804200615913
7.8035177442592e+31,4605170696.895101,133.98275995046805,5432144.654539202,7.576426429181728e+30,0.17468532722327673,0.001034252715130198,0.8042804200615913
7.857083321284552e+31,4620160481.085776,133.3217071483658,5414731.732067387,7.58133000530063e+30,0.17468532722327673,0.001034252715130198,0.8042804200615913
7.910733335587679e+31,4635150885.3788595,132.66147141693395,5397311.062023554,7.586124416983009e+30,0.17468532722327673,0.001034252715130198,0.8042804200615913
7.964465463999551e+31,4650141811.810906,132.00207030464608,5379883.011484079,7.590811541759758e+30,0.17468532722327673,0.001034252715130198,0.8042804200615913
8.018277374957549e+31,4665133162.092389,131.34352133689072,5362447.947795198,7.595393231820426e+30,0.17468532722327673,0.001034252715130198,0.8042804200615913
8.072166728793223e+31,4680124837.60591,130.68584201403164,5345006.238345974,7.599871314713385e+30,0.17468532722327673,0.001034252715130198,0.8042804200615913
8.126131178021993e+31,4695116739.404514,130.02904980938936,5327558.250303434,7.604247593996872e+30,0.17468532722327673,0.001034252715130198,0.8042804200615913
8.180168367633318e+31,4710108768.209695,129.37316216719236,5310104.350313361,7.608523849843201e+30,0.17468532722327673,0.001034252715130198,0.8042804200615913
8.234275935382324e+31,4725100824.410532,128.71819647811327,5292644.905252561,7.612701839599945e+30,0.17468532722327673,0.001034252715130198,0.8042804200615913
8.288451512081767e+31,4740092808.063119,128.06417009269683,5275180.281531669,7.616783298312564e+30,0.17468532722327673,0.001034252715130198,0.8042804200615913
8.342692721895466e+31,4755084618.889055,127.41110031738958,5257710.84473651,7.620769939204842e+30,0.17468532722327673,0.001034252715130198,0.8042804200615913
8.396997182632248e+31,4770076156.2761,126.75900437682918,5240236.960795563,7.624663454122815e+30,0.17468532722327673,0.001034252715130198,0.8042804200615913
8.451362506040233e+31,4785067319.280682,126.10789940936726,5222758.995728844,7.628465513948172e+30,0.17468532722327673,0.001034252715130198,0.8042804200615913
8.505786298102847e+31,4800058006.630976,125.45780246453329,5205277.315313595,7.632177768977361e+30,0.17468532722327673,0.001034252715130198,0.8042804200615913
8.560266159334272e+31,4815048116.729559,124.80873050054822,5187792.284755847,7.635801849269019e+30,0.17468532722327673,0.001034252715130198,0.8042804200615913
8.614799685076383e+31,4830037547.656452,124.16070038185319,5170304.268367599,7.639339364962e+30,0.17468532722327673,0.001034252715130198,0.8042804200615913
8.669384465795496e+31,4845026197.172398,123.51372886786869,5152813.629661208,7.642791906567086e+30,0.17468532722327673,0.001034252715130198,0.8042804200615913
8.724018087380239e+31,4860013962.724661,122.86783258247272,5135320.73265719,7.646161045234883e+30,0.17468532722327673,0.001034252715130198,0.8042804200615913
8.778698131439043e+31,4875000741.454554,122.22302801009316,5117825.9413436325,7.649448333002748e+30,0.17468532722327673,0.001034252715130198,0.8042804200615913
8.83342217559887e+31,4889986430.205263,121.5793314938611,5100329.618542018,7.652655303018299e+30,0.17468532722327673,0.001034252715130198,0.8042804200615913
8.8881877938032e+31,4904970925.53039,120.93675922197367,5082832.12638681,7.655783469740432e+30,0.17468532722327673,0.001034252715130198,0.8042804200615913
8.942992556611195e+31,4919954123.703343,120.29532722609386,5065333.826379101,7.658834329123815e+30,0.17468532722327673,0.001034252715130198,0.8042804200615913
8.997834031496312e+31,4934935920.726825,119.6550513798536,5047835.079472198,7.661809358787033e+30,0.17468532722327673,0.001034252715130198,0.8042804200615913
9.052709783145259e+31,4949916212.342322,119.01594739744836,5030336.246183566,7.664710018165863e+30,0.17468532722327673,0.001034252715130198,0.8042804200615913
9.10761737375719e+31,4964894894.039815,118.3780308323118,5012837.686727572,7.667537748653016e+30,0.17468532722327673,0.001034252715130198,0.8042804200615913
9.162554363342538e+31,4979871861.067672,117.74131707136371,4995339.761548089,7.670293973726282e+30,0.17468532722327673,0.001034252715130198,0.8042804200615913
9.21751831002197e+31,4994847008.444047,117.10582131805728,4977842.831855765,7.672980099065853e+30,0.17468532722327673,0.001034252715130198,0.8042804200615913
9.272506770325154e+31,5009820230.969864,116.4715585827045,4960347.257945775,7.675597512659676e+30,0.17468532722327673,0.001034252715130198,0.8042804200615913
9.32751729948924e+31,5024791423.240265,115.83854371678804,4942853.39780968,7.678147584895287e+30,0.17468532722327673,0.001034252715130198,0.8042804200615913
9.38254745175735e+31,5039760479.653673,115.20679141431484,4925361.607913361,7.680631668642486e+30,0.17468532722327673,0.001034252715130198,0.8042804200615913
9.4375947806765e+31,5054727294.420681,114.57631621257241,4907872.244011615,7.683051099331836e+30,0.17468532722327673,0.001034252715130198,0.8042804200615913
9.492656839395326e+31,5069691761.572847,113.9471324929268,4890385.6619480625,7.685407195029259e+30,0.17468532722327673,0.001034252715130198,0.8042804200615913
9.547731180961093e+31,5084653774.971073,113.31925448162956,4872902.218419611,7.687701256507171e+30,0.17468532722327673,0.001034252715130198,0.8042804200615913
9.60281535861673e+31,5099613228.321178,112.6926961438924,4855422.274296159,7.689934567307898e+30,0.17468532722327673,0.001034252715130198,0.8042804200615913
9.657906926096959e+31,5114570015.18844,112.06747130364053,4837946.179751149,7.692108393809501e+30,0.17468532722327673,0.001034252715130198,0.8042804200615913
9.713003437923743e+31,5129524028.982848,111.44359396264889,4820474.277535578,7.694223985262247e+30,0.17468532722327673,0.001034252715130198,0.8042804200615913
9.768102449701509e+31,5144475162.948422,110.82107791688013,4803006.9229434375,7.696282573839131e+30,0.17468532722327673,0.001034252715130198,0.8042804200615913
9.82320151841137e+31,5159423310.182658,110.19993668357223,4785544.479457785,7.698285374721606e+30,0.17468532722327673,0.001034252715130198,0.8042804200615913
9.878298202704679e+31,5174368363.662197,109.58018348531623,4768087.31288673,7.700233586159804e+30,0.17468532722327673,0.001034252715130198,0.8042804200615913
9.933390063195449e+31,5189310216.27087,108.961831235953,4750635.786763163,7.702128389518018e+30,0.17468532722327673,0.001034252715130198,0.8042804200615913
9.988474662752838e+31,5204248760.830115,108.34489252838357,4733190.259127603,7.703970949310878e+30,0.17468532722327673,0.001034252715130198,0.8042804200615913
1.0043549566791405e+32,5219183890.090988,107.72938020600087,4715751.063828089,7.705762413231388e+30,0.17468532722327673,0.001034252715130198,0.8042804200615913
1.0098612343561533e+32,5234115496.637601,107.11530806778339,4698318.510908692,7.707503912146246e+30,0.17468532722327673,0.001034252715130198,0.8042804200615913
1.0153660564438279e+32,5249043472.827662,106.5026895965284,4680892.88940935,7.709196560113523e+30,0.17468532722327673,0.001034252715130198,0.8042804200615913
1.02086918042093e+32,5263967710.819509,105.89153797329438,4663474.457973719,7.710841454405798e+30,0.17468532722327673,0.001034252715130198,0.8042804200615913
1.026370364136145e+32,5278888102.593329,105.28186615203046,4646063.458113851,7.712439675517317e+30,0.17468532722327673,0.001034252715130198,0.8042804200615913
1.0318693658366351e+32,5293804539.964636,104.67368689839049,4628660.129665869,7.713992287218489e+30,0.17468532722327673,0.001034252715130198,0.8042804200615913
1.0373659441965146e+32,5308716914.592305,104.06701282914882,4611264.7265952155,7.715500336645198e+30,0.17468532722327673,0.001034252715130198,0.8042804200615913
1.0428598583451e+32,5323625117.977758,103.46185649388018,4593877.531097067,7.716964854417455e+30,0.17468532722327673,0.001034252715130198,0.8042804200615913
1.048350867895125e+32,5338529041.459934,102.85823035121362,4576498.878952723,7.718386854782119e+30,0.17468532722327673,0.001034252715130198,0.8042804200615913
1.0538387329707614e+32,5353428576.240681,102.2561463691553,4559129.153388307,7.719767335783059e+30,0.17468532722327673,0.001034252715130198,0.8042804200615913
1.0593232142355242e+32,5368323613.447416,101.6556159162,4541768.730557454,7.721107279366145e+30,0.17468532722327673,0.001034252715130198,0.8042804200615913
1.0648040729199932e+32,5383214044.163257,101.05665033151335,4524417.9550902145,7.722407651398662e+30,0.17468532722327673,0.001034252715130198,0.8042804200615913
1.0702810708494518e+32,5398099759.414011,100.4592609508085,4507077.150004137,7.723669401698049e+30,0.17468532722327673,0.001034252715130198,0.8042804200615913
1.075753970471269e+32,5412980650.150458,99.86345913347432,4489746.627597858,7.724893464086906e+30,0.17468532722327673,0.001034252715130198,0.8042804200615913
1.0812225348822298e+32,5427856607.226116,99.26925629077257,4472426.70117272,7.72608075647298e+30,0.17468532722327673,0.001034252715130198,0.8042804200615913
1.0866865278555927e+32,5442727521.385708,98.67666370607908,4455117.704443206,7.72723218094844e+30,0.17468532722327673,0.001034252715130198,0.8042804200615913
1.0921457138680728e+32,5457593283.288065,98.08569225132017,4437819.977973217,7.728348623913755e+30,0.17468532722327673,0.001034252715130198,0.8042804200615913
1.0975998581265914e+32,5472453783.526408,97.49635271122399,4420533.8485437,7.729430956165478e+30,0.17468532722327673,0.001034252715130198,0.8042804200615913
1.1030487265948412e+32,5487308912.61999,96.90865583733252,4403259.640694522,7.730480032968676e+30,0.17468532722327673,0.001034252715130198,0.8042804200615913
1.1084920860196954e+32,5502158561.01071,96.32261222669699,4385997.681164573,7.731496694165228e+30,0.17468532722327673,0.001034252715130198,0.8042804200615913
1.1139297039574389e+32,5517002619.06909,95.73823231732752,4368748.297193375,7.732481764280428e+30,0.17468532722327673,0.001034252715130198,0.8042804200615913
1.1193613487997597e+32,5531840977.101159,95.15552638360217,4351511.814760027,7.733436052630516e+30,0.17468532722327673,0.001034252715130198,0.8042804200615913
1.1247867897995772e+32,5546673525.35489,94.57450454312023,4334288.556267736,7.734360353431267e+30,0.17468532722327673,0.001034252715130198,0.8042804200615913
1.130205797096665e+32,5561500154.023695,93.99517679132074,4317078.839821797,7.735255445908998e+30,0.17468532722327673,0.001034252715130198,0.8042804200615913
1.1356181417430802e+32,5576320753.246749,93.41755300571195,4299882.9822687255,7.736122094416618e+30,0.17468532722327673,0.001034252715130198,0.8042804200615913
1.1410235957283271e+32,5591135213.113322,92.84164288784395,4282701.30024775,7.736961048555677e+30,0.17468532722327673,0.001034252715130198,0.8042804200615913
1.146421932004393e+32,5605943423.670284,92.26745598339838,4265534.108879734,7.737773043301997e+30,0.17468532722327673,0.001034252715130198,0.8042804200615913
1.151812924510502e+32,5620745274.92811,91.69500168197976,4248381.721710198,7.73855879913371e+30,0.17468532722327673,0.001034252715130198,0.8042804200615913
1.1571963481976673e+32,5635540656.866767,91.1242892169263,4231244.450643195,7.739319022162555e+30,0.17468532722327673,0.001034252715130198,0.8042804200615913
1.1625719790530353e+32,5650329459.441894,90.55532766499209,4214122.605871349,7.740054404268416e+30,0.17468532722327673,0.001034252715130198,0.8042804200615913
1.1679395941239667e+32,5665111572.591684,89.98812593749705,4197016.496246586,7.74076562323693e+30,0.17468532722327673,0.001034252715130198,0.8042804200615913
1.1732989715419183e+32,5679886886.245242,89.4226927709713,4179926.4294266324,7.741453342900464e+30,0.17468532722327673,0.001034252715130198,0.8042804200615913
1.1786498905460904e+32,5694655290.331764,88.85903673067021,4162852.7113909665,7.742118213281911e+30,0.17468532722327673,0.001034252715130198,0.8042804200615913
1.1839921315067719e+32,5709416674.788831,88.29716621628768,4145795.6462866133,7.742760870740786e+30,0.17468532722327673,0.001034252715130198,0.8042804200615913
1.18932547594857e+32,5724170929.570596,87.7370894623986,4128755.536554901,7.743381938122141e+30,0.17468532722327673,0.001034252715130198,0.8042804200615913
1.1946497065732315e+32,5738917944.655594,87.17881453890134,4111732.683024739,7.743982024908126e+30,0.17468532722327673,0.001034252715130198,0.8042804200615913
1.1999646072823758e+32,5753657610.055015,86.62234935296486,4094727.3848881666,7.744561727371949e+30,0.17468532722327673,0.001034252715130198,0.8042804200615913
1.2052699631998466e+32,5768389815.821167,86.067701640052,4077739.940166796,7.745121628734492e+30,0.17468532722327673,0.001034252715130198,0.8042804200615913
1.2105655606938943e+32,5783114452.05866,85.5148789475416,4060770.646346289,7.74566229932339e+30,0.17468532722327673,0.001034252715130198,0.8042804200615913
1.2158511873990474e+32,5797831408.935156,84.96388865573014,4043819.7994847917,7.746184296733834e+30,0.17468532722327673,0.001034252715130198,0.8042804200615913
1.2211266322377691e+32,5812540576.688339,84.4147380037157,4026887.6934743584,7.746688165990849e+30,0.17468532722327673,0.001034252715130198,0.8042804200615913
1.2263916854417818e+32,5827241845.630668,83.86743409074514,4009974.620528856,7.747174439713305e+30,0.17468532722327673,0.001034252715130198,0.8042804200615913
1.231646138573224e+32,5841935106.153917,83.32198387747535,3993080.8716083746,7.747643638279919e+30,0.17468532722327673,0.001034252715130198,0.8042804200615913
1.236889784545424e+32,5856620248.733004,82.77839419296194,3976206.736475923,7.748096269996821e+30,0.17468532722327673,0.001034252715130198,0.8042804200615913
1.2421224176434913e+32,5871297163.929536,82.23667173324199,3959352.504166229,7.748532831266726e+30,0.17468532722327673,0.001034252715130198,0.8042804200615913
1.2473438335445897e+32,5885965742.394218,81.69682307285558,3942518.463462908,7.748953806759762e+30,0.17468532722327673,0.001034252715130198,0.8042804200615913
1.2525538293379453e+32,5900625874.864208,81.15885471406789,3925704.9017173024,7.749359669584991e+30,0.17468532722327673,0.001034252715130198,0.8042804200615913
1.25775220354456e+32,5915277452.152621,80.6227731182848,3908912.10427252,7.74975088146239e+30,0.17468532722327673,0.001034252715130198,0.8042804200615913
1.262938756136674e+32,5929920365.135146,80.0885847079607,3892140.3554293183,7.750127892895897e+30,0.17468532722327673,0.001034252715130198,0.8042804200615913
1.2681132885569018e+32,5944554504.735613,79.55629586853563,3875389.9394550147,7.750491143347673e+30,0.17468532722327673,0.001034252715130198,0.8042804200615913
1.2732756037371065e+32,5959179761.9089985,79.02591297171104,3858661.140565909,7.750841061412919e+30,0.17468532722327673,0.001034252715130198,0.8042804200615913
1.278425506117012e+32,5973796027.615018,78.49744244852752,3841954.241255427,7.751178064995233e+30,0.17468532722327673,0.001034252715130198,0.8042804200615913
1.2835628016624488e+32,5988403192.779924,77.97089083548525,3825269.5217052177,7.751502561481774e+30,0.17468532722327673,0.001034252715130198,0.8042804200615913
1.2886872978833648e+32,6003001148.25293,77.44626477394151,3808607.2602561363,7.751814947918023e+30,0.17468532722327673,0.001034252715130198,0.8042804200615913
1.2937988038515638e+32,6017589784.76101,76.92357101857425,3791967.7338269213,7.752115611183096e+30,0.17468532722327673,0.001034252715130198,0.8042804200615913
1.2988971302180528e+32,6032168992.86127,76.40281643831764,3775351.219054478,7.75240492816538e+30,0.17468532722327673,0.001034252715130198,0.8042804200615913
1.303982089230189e+32,6046738662.892204,75.8840080175962,3758757.9937363556,7.752683265938503e+30,0.17468532722327673,0.001034252715130198,0.8042804200615913
1.3090534947484714e+32,6061298684.915999,75.3671529324472,3742188.334474978,7.752950981936559e+30,0.17468532722327673,0.001034252715130198,0.8042804200615913
1.314111162263042e+32,6075848948.644349,74.8522586305318,3725642.5117611527,7.753208424128087e+30,0.17468532722327673,0.001034252715130198,0.8042804200615913
1.3191549089098913e+32,6090389343.364177,74.3393327326314,3709120.791791922,7.753455931188514e+30,0.17468532722327673,0.001034252715130198,0.8042804200615913
1.324184553486747e+32,6104919757.879847,73.82838294253963,3692623.439470748,7.753693832672356e+30,0.17468532722327673,0.001034252715130198,0.8042804200615913
1.3291999164686925e+32,6119440080.463139,73.31941704246137,3676150.7173115793,7.753922449185628e+30,0.17468532722327673,0.001034252715130198,0.8042804200615913
1.3342008200233769e+32,6133950198.802815,72.81244288862082,3659702.8844532007,7.754142092556915e+30,0.17468532722327673,0.001034252715130198,0.8042804200615913
1.3391870880260803e+32,6148449999.956534,72.30746838133956,3643280.1969900173,7.754353066007034e+30,0.17468532722327673,0.001034252715130198,0.8042804200615913
1.3441585460742827e+32,6162939370.310262,71.80450140419109,3626882.906072709,7.75455566431905e+30,0.17468532722327673,0.001034252715130198,0.8042804200615913
1.3491150215020795e+32,6177418195.554396,71.3035497132376,3610511.2580414102,7.754750174005272e+30,0.17468532722327673,0.001034252715130198,0.8042804200615913
1.3540563433941828e+32,6191886360.680574,70.8046208359376,3594165.497958038,7.754936873472965e+30,0.17468532722327673,0.001034252715130198,0.8042804200615913
1.3589823425996814e+32,6206343749.99384,70.30772202292879,3577845.8685498023,7.755116033191318e+30,0.17468532722327673,0.001034252715130198,0.8042804200615913
1.3638928517453933e+32,6220790247.130912,69.81286024046975,3561552.6065236884,7.755287915855555e+30,0.17468532722327673,0.001034252715130198,0.8042804200615913
1.3687877052490198e+32,6235225735.082084,69.3200421497777,3545285.939276403,7.755452776550099e+30,0.17468532722327673,0.001034252715130198,0.8042804200615913
1.3736667393318682e+32,6249650096.234657,68.82927392618308,3529046.0904539577,7.755610862907637e+30,0.17468532722327673,0.001034252715130198,0.8042804200615913
1.3785297920313678e+32,6264063212.444226,68.34056118820783,3512833.284572353,7.7557624152696e+30,0.17468532722327673,0.001034252715130198,0.8042804200615913
1.383376703213165e+32,6278464965.106352,67.85390908315391,3496647.7450383403,7.755907666848214e+30,0.17468532722327673,0.001034252715130198,0.8042804200615913
1.3882073145829906e+32,6292855235.222529,67.3693222757803,3480489.693700552,7.756046843884275e+30,0.17468532722327673,0.001034252715130198,0.8042804200615913
1.3930214696981274e+32,6307233903.469121,66.88680494837104,3464359.3492670576,7.756180165803668e+30,0.17468532722327673,0.001034252715130198,0.8042804200615913
1.3978190139786543e+32,6321600850.268665,66.40636080088653,3448256.92563343,7.756307845371928e+30,0.17468532722327673,0.001034252715130198,0.8042804200615913
1.4025997947182471e+32,6335955955.865156,65.92799302749022,3432182.6327442853,7.75643008884777e+30,0.17468532722327673,0.001034252715130198,0.8042804200615913
1.407363661094792e+32,6350299100.401059,65.45170435093148,3416136.681277904,7.756547096134203e+30,0.17468532722327673,0.001034252715130198,0.8042804200615913
1.4121104641805909e+32,6364630163.98489,64.97749708978597,3400119.282033306,7.756659060929084e+30,0.17468532722327673,0.001034252715130198,0.8042804200615913
1.4168400569522754e+32,6378949026.74569,64.5053732312719,3384130.6430598586,7.756766170874593e+30,0.17468532722327673,0.001034252715130198,0.8042804200615913
1.421552294300396e+32,6393255568.879909,64.03533443871743,3368170.9711755947,7.756868607703466e+30,0.17468532722327673,0.001034252715130198,0.8042804200615913
1.4262470330387028e+32,6407549670.698397,63.56738205829088,3352240.4736413984,7.756966547383997e+30,0.17468532722327673,0.001034252715130198,0.8042804200615913
1.4309241319131083e+32,6421831212.667157,63.10151717981598,3336339.3570730486,7.757060160263511e+30,0.17468532722327673,0.001034252715130198,0.8042804200615913
1.4355834516103138e+32,6436100075.435249,62.63774069958108,3320467.8265986447,7.75714961120837e+30,0.17468532722327673,0.001034252715130198,0.8042804200615913
1.4402248547661098e+32,6450356139.8552265,62.176053331464004,3304626.085516908,7.757235059743049e+30,0.17468532722327673,0.001034252715130198,0.8042804200615913
1.4448482059734066e+32,6464599286.998311,61.71645564849968,3288814.334365509,7.757316660187669e+30,0.17468532722327673,0.001034252715130198,0.8042804200615913
1.4494533717898819e+32,6478829398.163684,61.25894809534506,3273032.772352446,7.75739456179199e+30,0.17468532722327673,0.001034252715130198,0.8042804200615913
1.4540402207453716e+32,6493046354.886346,60.80353099342089,3257281.599171008,7.757468908868132e+30,0.17468532722327673,0.001034252715130198,0.8042804200615913
1.4586086233488868e+32,6507250038.939585,60.35020458238773,3241561.014431676,7.75753984092114e+30,0.17468532722327673,0.001034252715130198,0.8042804200615913
1.4631584520953605e+32,6521440332.330226,59.89896904383572,3225871.2156690536,7.757607492776998e+30,0.17468532722327673,0.001034252715130198,0.8042804200615913
1.4676895814720431e+32,6535617117.291237,59.44982449786418,3210212.39785771,7.757671994708768e+30,0.17468532722327673,0.001034252715130198,0.8042804200615913
1.472201887964607e+32,6549780276.273288,59.00277101581806,3194584.753679167,7.75773347256044e+30,0.17468532722327673,0.001034252715130198,0.8042804200615913
1.4766952500629222e+32,6563929691.933944,58.557808625845894,3178988.474137752,7.757792047868232e+30,0.17468532722327673,0.001034252715130198,0.8042804200615913
1.4811695482665292e+32,6578065247.125757,58.11493731463598,3163423.7493033884,7.75784783797999e+30,0.17468532722327673,0.001034252715130198,0.8042804200615913
1.4856246650897908e+32,6592186824.882229,57.674157042215555,3147890.7680103574,7.757900956172299e+30,0.17468532722327673,0.001034252715130198,0.8042804200615913
1.4900604850667058e+32,6606294308.400986,57.23546774547193,3132389.7168920473,7.75795151176528e+30,0.17468532722327673,0.001034252715130198,0.8042804200615913
1.4944768947554847e+32,6620387581.0270195,56.79886933538874,3116920.7801462924,7.757999610235324e+30,0.17468532722327673,0.001034252715130198,0.8042804200615913
1.4988737827427231e+32,6634466526.23501,56.364361699849496,3101484.139755987,7.758045353325528e+30,0.17468532722327673,0.001034252715130198,0.8042804200615913
1.503251039647346e+32,6648531027.611232,55.93194470437557,3086079.975749723,7.758088839153833e+30,0.17468532722327673,0.001034252715130198,0.8042804200615913
1.5076085581241807e+32,6662580968.834848,55.501618191808845,3070708.4664294585,7.758130162319099e+30,0.17468532722327673,0.001034252715130198,0.8042804200615913
1.5119462328672826e+32,6676616233.65866,55.07338198452998,3055369.7881047376,7.758169414004824e+30,0.17468532722327673,0.001034252715130198,0.8042804200615913
1.5162639606128753e+32,6690636705.889509,54.647235880654755,3040064.114429152,7.758206682080735e+30,0.17468532722327673,0.001034252715130198,0.8042804200615913
1.5205616401420898e+32,6704642269.370266,54.22317964439104,3024791.6166354767,7.758242051202319e+30,0.17468532722327673,0.001034252715130198,0.8042804200615913
1.5248391722832938e+32,6718632807.963779,53.80121299450641,3009552.4638716383,7.758275602908105e+30,0.17468532722327673,0.001034252715130198,0.8042804200615913
1.529096459914213e+32,6732608205.538657,53.381335603364604,2994346.822762296,7.758307415714821e+30,0.17468532722327673,0.001034252715130198,0.8042804200615913
1.5333334079636887e+32,6746568345.955497,52.963547089139205,2979174.857256446,7.75833756521044e+30,0.17468532722327673,0.001034252715130198,0.8042804200615913
1.537549923413145e+32,6760513113.056159,52.54784700098231,2964036.7286647647,7.758366124145046e+30,0.17468532722327673,0.001034252715130198,0.8042804200615913
1.5417459152978096e+32,6774442390.65697,52.134234802786786,2948932.595701107,7.7583931625196e+30,0.17468532722327673,0.001034252715130198,0.8042804200615913
1.5459212947075542e+32,6788356062.546696,51.72270985250716,2933862.6148641007,7.758418747672724e+30,0.17468532722327673,0.001034252715130198,0.8042804200615913
1.5500759747875265e+32,6802254012.489524,51.3132713891444,2918826.9402983803,7.758442944365443e+30,0.17468532722327673,0.001034252715130198,0.8042804200615913
1.5542098707384275e+32,6816136124.229815,50.905918532143644,2903825.723015922,7.75846581486386e+30,0.17468532722327673,0.001034252715130198,0.8042804200615913
1.5583228998165337e+32,6830002281.499859,50.50065026481548,2888859.1112727486,7.75848741901984e+30,0.17468532722327673,0.001034252715130198,0.8042804200615913
1.5624149813334027e+32,6843852368.032083,50.09746541947329,2873927.2511494188,7.758507814349886e+30,0.17468532722327673,0.001034252715130198,0.8042804200615913
1.5664860366553429e+32,6857686267.575793,49.69636266719525,2859030.28633456,7.758527056111834e+30,0.17468532722327673,0.001034252715130198,0.8042804200615913
1.5705359892025114e+32,6871503863.916415,49.297340510617666,2844168.358078354,7.758545197379532e+30,0.17468532722327673,0.001034252715130198,0.8042804200615913
1.5745647644478165e+32,6885305040.897241,48.90039728319645,2829341.605157235,7.758562289115872e+30,0.17468532722327673,0.001034252715130198,0.8042804200615913
1.5785722899155104e+32,6899089682.441861,48.50553114979368,2814550.163915467,7.758578380243919e+30,0.17468532722327673,0.001034252715130198,0.8042804200615913
1.5825584951794651e+32,6912857672.577932,48.11274010158067,2799794.1686829776,7.758593517716083e+30,0.17468532722327673,0.001034252715130198,0.8042804200615913
1.5865233118612036e+32,6926608895.463478,47.72202195259143,2785073.751694181,7.75860774658153e+30,0.17468532722327673,0.001034252715130198,0.8042804200615913
1.5904666736276953e+32,6940343235.414348,47.333374341185795,2770389.042830166,7.758621110051837e+30,0.17468532722327673,0.001034252715130198,0.8042804200615913
1.5943885161887815e+32,6954060576.932376,46.946794729788756,2755740.1697926214,7.75863364956477e+30,0.17468532722327673,0.001034252715130198,0.8042804200615913
1.5982887772944348e+32,6967760804.734619,46.562280407619824,2741127.25821164,7.758645404846376e+30,0.17468532722327673,0.001034252715130198,0.8042804200615913
1.602167396731645e+32,6981443803.782926,46.17982849093265,2726550.4320730055,7.758656413971356e+30,0.17468532722327673,0.001034252715130198,0.8042804200615913
1.6060243163211573e+32,6995109459.314837,45.799435923603184,2712009.8138688374,7.758666713421808e+30,0.17468532722327673,0.001034252715130198,0.8042804200615913
1.609859479913842e+32,7008757656.876588,45.4210994687632,2697505.5237626936,7.758676338144291e+30,0.17468532722327673,0.001034252715130198,0.8042804200615913
1.6136728333868573e+32,7022388282.357234,45.044815718161864,2683037.679343862,7.758685321605156e+30,0.17468532722327673,0.001034252715130198,0.8042804200615913
1.6174643246395306e+32,7036001222.021864,44.67058109710789,2668606.3965560016,7.758693695844297e+30,0.17468532722327673,0.001034252715130198,0.8042804200615913
1.6212339035890058e+32,7049596362.543982,44.29839187454099,2654211.790577035,7.75870149152752e+30,0.17468532722327673,0.001034252715130198,0.8042804200615913
1.6249815221656187e+32,7063173591.037434,43.92824416191903,2639853.9772623205,7.758708737996909e+30,0.17468532722327673,0.001034252715130198,0.8042804200615913
1.6287071343080014e+32,7076732795.090445,43.56013390889009,2625533.071301169,7.758715463320282e+30,0.17468532722327673,0.001034252715130198,0.8042804200615913
1.63241069595799e+32,7090273862.793387,43.194056956814414,2611249.1835808884,7.758721694339197e+30,0.17468532722327673,0.001034252715130198,0.8042804200615913
1.6360921650552362e+32,7103796682.75449,42.830009068587806,2597002.4233368267,7.758727456714802e+30,0.17468532722327673,0.001034252715130198,0.8042804200615913
1.6397515015316013e+32,7117301144.108511,42.46798594672793,2582792.9012910137,7.758732774972227e+30,0.17468532722327673,0.001034252715130198,0.8042804200615913
1.6433886673052675e+32,7130787136.515844,42.1079832787196,2568620.7297072187,7.758737672544739e+30,0.17468532722327673,0.001034252715130198,0.8042804200615913
1.647003626274689e+32,7144254550.148373,41.74999677609382,2554486.0219565015,7.758742171816116e+30,0.17468532722327673,0.001034252715130198,0.8042804200615913
1.6505963443122236e+32,7157703275.646972,41.39402230816344,2540388.890836302,7.758746294160744e+30,0.17468532722327673,0.001034252715130198,0.8042804200615913
1.65416678925757e+32,7171133204.042864,41.04005598331382,2526329.448030445,7.758750059983304e+30,0.17468532722327673,0.001034252715130198,0.8042804200615913
1.6577149309109672e+32,7184544226.662938,40.68809415121964,2512307.8078110064,7.758753488756915e+30,0.17468532722327673,0.001034252715130198,0.8042804200615913
1.6612407410261602e+32,7197936235.012672,40.3381335195607,2498324.0823761136,7.75875659906051e+30,0.17468532722327673,0.001034252715130198,0.8042804200615913
1.6647441933031624e+32,7211309120.609889,39.99017131118097,2484378.3805826344,7.758759408613428e+30,0.17468532722327673,0.001034252715130198,0.8042804200615913
1.6682252633807512e+32,7224662774.7665415,39.644205385567986,2470470.8152037323,7.758761934309916e+30,0.17468532722327673,0.001034252715130198,0.8042804200615913
1.6716839288287736e+32,7237997088.350437,39.30023419731355,2456601.502353955,7.758764192253559e+30,0.17468532722327673,0.001034252715130198,0.8042804200615913
1.6751201691402225e+32,7251311951.549877,38.958256774450454,2442770.556416214,7.758766197788996e+30,0.17468532722327673,0.001034252715130198,0.8042804200615913
1.6785339657231183e+32,7264607253.633155,38.61827272835178,2428978.084526475,7.758767965532746e+30,0.17468532722327673,0.001034252715130198,0.8042804200615913
1.6819253018921353e+32,7277882882.677286,38.280282378233764,2415224.181405676,7.758769509404387e+30,0.17468532722327673,0.001034252715130198,0.8042804200615913
1.6852941628600588e+32,7291138725.306554,37.94428652041919,2401508.9384286567,7.758770842654706e+30,0.17468532722327673,0.001034252715130198,0.8042804200615913
1.6886405357290228e+32,7304374666.518817,37.61028611230917,2387832.449201368,7.758771977892384e+30,0.17468532722327673,0.001034252715130198,0.8042804200615913
1.691964409481523e+32,7317590589.569083,37.27828223188638,2374194.798202209,7.758772927111801e+30,0.17468532722327673,0.001034252715130198,0.8042804200615913
1.6952657749712637e+32,7330786375.886611,36.948275912227835,2360596.0590316597,7.758773701719298e+30,0.17468532722327673,0.001034252715130198,0.8042804200615913
1.698544624913763e+32,7343961905.0770445,36.62026781923227,2347036.299938863,7.758774312558161e+30,0.17468532722327673,0.001034252715130198,0.8042804200615913
1.701800953876821e+32,7357117055.040697,36.294257933527874,2333515.5824253536,7.758774769932189e+30,0.17468532722327673,0.001034252715130198,0.8042804200615913
1.7050347582707263e+32,7370251702.159983,35.97024551283878,2320033.9590466726,7.758775083628982e+30,0.17468532722327673,0.001034252715130198,0.8042804200615913
1.708246036338328e+32,7383365721.501388,35.648229089480566,2306591.4729850823,7.758775262942544e+30,0.17468532722327673,0.001034252715130198,0.8042804200615913
1.7114347881448992e+32,7396458987.047485,35.32820634886563,2293188.1636366844,7.758775316694874e+30,0.17468532722327673,0.001034252715130198,0.8042804200615913
1.7146010155677964e+32,7409531372.00082,35.010173910700765,2279824.0757164126,7.758775253256086e+30,0.17468532722327673,0.001034252715130198,0.8042804200615913
1.7177447222859863e+32,7422582749.111392,34.694127479364354,2266499.252392744,7.758775080564689e+30,0.17468532722327673,0.001034252715130198,0.8042804200615913
1.720865913769343e+32,7435612990.944507,34.38006207208708,2253213.729636767,7.758774806147484e+30,0.17468532722327673,0.001034252715130198,0.8042804200615913
1.7239645972677935e+32,7448621970.109961,34.0679720445705,2239967.542881377,7.758774437137793e+30,0.17468532722327673,0.001034252715130198,0.8042804200615913
1.7270407818003183e+32,7461609559.48264,33.757851154497224,2226760.7299681073,7.758773980293072e+30,0.17468532722327673,0.001034252715130198,0.8042804200615913
1.730094478143709e+32,7474575632.388713,33.449692716230565,2213593.3304991145,7.758773442011887e+30,0.17468532722327673,0.001034252715130198,0.8042804200615913
1.7331256988212353e+32,7487520062.735647,33.14348977063772,2200465.3837219756,7.758772828350766e+30,0.17468532722327673,0.001034252715130198,0.8042804200615913
1.7361344580911147e+32,7500442725.100603,32.839235152561976,2187376.928771805,7.758772145040107e+30,0.17468532722327673,0.001034252715130198,0.8042804200615913
1.7391207719348066e+32,7513343494.805399,32.536921507736906,2174328.0084927063,7.758771397498739e+30,0.17468532722327673,0.001034252715130198,0.8042804200615913
1.7420846580451774e+32,7526222247.963639,32.236541429060324,2161318.665750129,7.75877059084927e+30,0.17468532722327673,0.001034252715130198,0.8042804200615913
1.7450261358145067e+32,7539078861.479671,31.93808757256097,2148348.9400449865,7.758769729932317e+30,0.17468532722327673,0.001034252715130198,0.8042804200615913
1.747945226322327e+32,7551913213.030201,31.641552626069185,2135418.8701999565,7.758768819319153e+30,0.17468532722327673,0.001034252715130198,0.8042804200615913
1.7508419523231095e+32,7564725181.05306,31.34692930306257,2122528.495027761,7.758767863324737e+30,0.17468532722327673,0.001034252715130198,0.8042804200615913
1.7537163382338358e+32,7577514644.734766,31.054210354816636,2109677.853699759,7.758766866019854e+30,0.17468532722327673,0.001034252715130198,0.8042804200615913
1.7565684101214026e+32,7590281483.983415,30.76338862722368,2096866.9830193543,7.758765831243366e+30,0.17468532722327673,0.001034252715130198,0.8042804200615913
1.7593981956898702e+32,7603025579.393918,30.474457036685827,2084095.9162172438,7.758764762613572e+30,0.17468532722327673,0.001034252715130198,0.8042804200615913
1.7622057242676426e+32,7615746812.227004,30.1874085249474,2071364.6835493664,7.758763663538658e+30,0.17468532722327673,0.001034252715130198,0.8042804200615913
1.764991026794417e+32,7628445064.394742,29.90223606840095,2058673.3109959953,7.758762537227238e+30,0.17468532722327673,0.001034252715130198,0.8042804200615913
1.7677541358080696e+32,7641120218.444176,29.61893267825992,2046021.8189375007,7.758761386698582e+30,0.17468532722327673,0.001034252715130198,0.8042804200615913
1.770495085431403e+32,7653772157.566242,29.337491279654564,2033410.2260396394,7.758760214791196e+30,0.17468532722327673,0.001034252715130198,0.8042804200615913
1.7732139113587456e+32,7666400765.638815,29.05790467648834,2020838.5494366768,7.758759024171927e+30,0.17468532722327673,0.001034252715130198,0.8042804200615913
1.775910650842464e+32,7679005927.254602,28.780165665253335,2008306.7981829979,7.758757817345628e+30,0.17468532722327673,0.001034252715130198,0.8042804200615913
1.7785853426793186e+32,7691587527.720086,28.50426705671877,1995814.9695026379,7.75875659666322e+30,0.17468532722327673,0.001034252715130198,0.8042804200615913
1.7812380271967127e+32,7704145453.095941,28.230201469153332,1983363.0587988216,7.758755364327565e+30,0.17468532722327673,0.001034252715130198,0.8042804200615913
1.78386874623886e+32,7716679590.253769,27.957961467661235,1970951.0549380365,7.758754122404621e+30,0.17468532722327673,0.001034252715130198,0.8042804200615913
1.7864775431528066e+32,7729189826.838738,27.68753985506211,1958578.9386727284,7.758752872830671e+30,0.17468532722327673,0.001034252715130198,0.8042804200615913
1.789064462774348e+32,7741676051.184098,27.418929586866938,1946246.709238029,7.758751617415006e+30,0.17468532722327673,0.001034252715130198,0.8042804200615913
1.791629551413847e+32,7754138152.192395,27.152123990686718,1933954.3990135412,7.758750357846325e+30,0.17468532722327673,0.001034252715130198,0.8042804200615913
1.794172856841983e+32,7766576018.975418,26.8871175788859,1921702.0533810481,7.758749095703982e+30,0.17468532722327673,0.001034252715130198,0.8042804200615913
1.7966944282753278e+32,7778989540.282945,26.623906090993227,1909489.7391179542,7.758747832463325e+30,0.17468532722327673,0.001034252715130198,0.8042804200615913
1.7991943163619005e+32,7791378604.0106,26.36248602592376,1897317.555624931,7.758746569497487e+30,0.17468532722327673,0.001034252715130198,0.8042804200615913
1.8016725731665902e+32,7803743096.787338,26.10285469633631,1885185.5979097527,7.758745308085929e+30,0.17468532722327673,0.001034252715130198,0.8042804200615913
1.8041292521564784e+32,7816082903.715958,25.84500946712683,1873093.9661405536,7.758744049415999e+30,0.17468532722327673,0.001034252715130198,0.8042804200615913
1.8065644081861282e+32,7828397908.496617,25.588946880307866,1861042.7565153267,7.758742794592114e+30,0.17468532722327673,0.001034252715130198,0.8042804200615913
1.808978097482716e+32,7840687993.814812,25.334662451669168,1849032.0265791924,7.758741544641135e+30,0.17468532722327673,0.001034252715130198,0.8042804200615913
1.8113703776311394e+32,7852953041.821994,25.08215055724613,1837061.7991983704,7.75874030051187e+30,0.17468532722327673,0.001034252715130198,0.8042804200615913
1.8137413075590082e+32,7865192934.652044,24.831404474934686,1825132.06163754,7.75873906308128e+30,0.17468532722327673,0.001034252715130198,0.8042804200615913
1.8160909475216047e+32,7877407554.896354,24.582416590239035,1813242.7694238166,7.758737833159732e+30,0.17468532722327673,0.001034252715130198,0.8042804200615913
1.818419359086696e+32,7889596785.922618,24.335178890443807,1801393.8709870318,7.7587366114945e+30,0.17468532722327673,0.001034252715130198,0.8042804200615913
1.8207266051193664e+32,7901760512.032125,24.08968316460936,1789585.3198246718,7.758735398772214e+30,0.17468532722327673,0.001034252715130198,0.8042804200615913
1.8230127497666963e+32,7913898618.549007,23.845921094441568,1777817.073199112,7.758734195622966e+30,0.17468532722327673,0.001034252715130198,0.8042804200615913
1.825277858442451e+32,7926010991.866511,23.603884347329334,1766089.0957333022,7.758733002623436e+30,0.17468532722327673,0.001034252715130198,0.8042804200615913
1.8275219978116475e+32,7938097519.444987,23.363564676502953,1754401.347003482,7.758731820300331e+30,0.17468532722327673,0.001034252715130198,0.8042804200615913
1.829745235775092e+32,7950158089.84976,23.124953667779266,1742753.774988477,7.758730649133679e+30,0.17468532722327673,0.001034252715130198,0.8042804200615913
1.831947641453863e+32,7962192592.869511,22.888042690751714,1731146.3282432572,7.758729489559398e+30,0.17468532722327673,0.001034252715130198,0.8042804200615913
1.834129285173719e+32,7974200919.64927,22.65282290767333,1719578.9661300418,7.75872834197085e+30,0.17468532722327673,0.001034252715130198,0.8042804200615913
1.836290238449467e+32,7986182962.831358,22.419285255122794,1708051.6399146635,7.758727206722615e+30,0.17468532722327673,0.001034252715130198,0.8042804200615913
1.8384305739692957e+32,7998138616.803928,22.187420079279807,1696564.2773686927,7.758726084133399e+30,0.17468532722327673,0.001034252715130198,0.8042804200615913
1.8405503655790153e+32,8010067778.112694,21.95721693082703,1685116.7935835652,7.758724974487065e+30,0.17468532722327673,0.001034252715130198,0.8042804200615913
1.8426496882663366e+32,8021970345.945846,21.728664559472367,1673709.090560268,7.75872387803376e+30,0.17468532722327673,0.001034252715130198,0.8042804200615913
1.8447286181449974e+32,8033846222.738463,21.501750548480274,1662341.035857956,7.758722794995714e+30,0.17468532722327673,0.001034252715130198,0.8042804200615913
1.84678723243897e+32,8045695315.018757,21.27646089107212,1651012.4871441002,7.758721725567292e+30,0.17468532722327673,0.001034252715130198,0.8042804200615913
1.84882560946652e+32,8057517534.522751,21.052779564142522,1639723.2861762992,7.758720669912877e+30,0.17468532722327673,0.001034252715130198,0.8042804200615913
1.8508438286243245e+32,8069312799.567252,20.830688188671942,1628473.1464255047,7.758719628170573e+30,0.17468532722327673,0.001034252715130198,0.8042804200615913
1.8528419703714904e+32,8081081036.971146,20.610164619530877,1617261.6386865973,7.758718600461752e+30,0.17468532722327673,0.001034252715130198,0.8042804200615913
1.854820116213592e+32,8092822184.513871,20.39118273400054,1606088.3625744223,7.758717586889419e+30,0.17468532722327673,0.001034252715130198,0.8042804200615913
1.8567783486866485e+32,8104536193.470372,20.17371270707342,1594952.929699188,7.758716587528414e+30,0.17468532722327673,0.001034252715130198,0.8042804200615913
1.858716751341099e+32,8116223031.294662,19.957720560119544,1583854.6924197376,7.758715602427473e+30,0.17468532722327673,0.001034252715130198,0.8042804200615913
1.8606354087257556e+32,8127882684.837675,19.743167143390195,1572793.0207755323,7.758714631609056e+30,0.17468532722327673,0.001034252715130198,0.8042804200615913
1.8625344063717097e+32,8139515161.798039,19.530015552180963,1561767.397217763,7.758713675091835e+30,0.17468532722327673,0.001034252715130198,0.8042804200615913
1.864413830776264e+32,8151120488.5146475,19.31823615808556,1550777.22996685,7.758712732904232e+30,0.17468532722327673,0.001034252715130198,0.8042804200615913
1.8662737693868117e+32,8162698702.914709,19.107817374345338,1539822.921507057,7.758711805096192e+30,0.17468532722327673,0.001034252715130198,0.8042804200615913
1.8681143105847365e+32,8174249839.864427,18.898778974224662,1528905.847371663,7.758710891691108e+30,0.17468532722327673,0.001034252715130198,0.8042804200615913
1.869935543669273e+32,8185773912.775172,18.691169046595597,1518027.4312826854,7.75870999262461e+30,0.17468532722327673,0.001034252715130198,0.8042804200615913
1.8717375588413877e+32,8197270896.151506,18.485061549074835,1507189.9231336664,7.758709107795977e+30,0.17468532722327673,0.001034252715130198,0.8042804200615913
1.873520447187624e+32,8208740715.251122,18.28053363189728,1496395.5774343451,7.758708237099828e+30,0.17468532722327673,0.001034252715130198,0.8042804200615913
1.8752843006639752e+32,8220183248.879877,18.077645196257524,1485645.6613361933,7.758707380456447e+30,0.17468532722327673,0.001034252715130198,0.8042804200615913
1.8770292120797503e+32,8231598340.175776,17.87643455860172,1474941.1323111602,7.758706537828482e+30,0.17468532722327673,0.001034252715130198,0.8042804200615913
1.878755275081401e+32,8242985811.430686,17.676911621794257,1464281.845631066,7.758705709169771e+30,0.17468532722327673,0.001034252715130198,0.8042804200615913
1.8804625841364257e+32,8254345476.851197,17.47907305164091,1453666.7072734442,7.758704894412375e+30,0.17468532722327673,0.001034252715130198,0.8042804200615913
1.882151234517221e+32,8265677147.915675,17.282911502927725,1443094.8302137635,7.758704093458053e+30,0.17468532722327673,0.001034252715130198,0.8042804200615913
1.883821322284948e+32,8276980635.923323,17.08841563551495,1432565.3395240635,7.758703306186747e+30,0.17468532722327673,0.001034252715130198,0.8042804200615913
1.8854729442734496e+32,8288255752.533706,16.895576490275086,1422077.4729329576,7.758702532481978e+30,0.17468532722327673,0.001034252715130198,0.8042804200615913
1.8871061980731223e+32,8299502309.441585,16.70438376717594,1411630.7339897905,7.758701772224682e+30,0.17468532722327673,0.001034252715130198,0.8042804200615913
1.8887211820148518e+32,8310720119.667845,16.51482471631738,1401224.5881904287,7.758701025297837e+30,0.17468532722327673,0.001034252715130198,0.8042804200615913
1.8903179951539363e+32,8321908998.862787,16.32688537011052,1390858.5665758073,7.758700291582987e+30,0.17468532722327673,0.001034252715130198,0.8042804200615913
1.891896737254033e+32,8333068766.537647,16.140549677196155,1380532.3605742084,7.758699570953919e+30,0.17468532722327673,0.001034252715130198,0.8042804200615913
1.893457508771137e+32,8344199247.461259,15.955800038852793,1370245.754012487,7.758698863279916e+30,0.17468532722327673,0.001034252715130198,0.8042804200615913
1.8950004108375653e+32,8355300272.705215,15.772617941259602,1359998.5955411016,7.75869816842767e+30,0.17468532722327673,0.001034252715130198,0.8042804200615913
1.896525545245984e+32,8366371680.171781,15.590984908207686,1349790.7800269872,7.758697486261858e+30,0.17468532722327673,0.001034252715130198,0.8042804200615913
1.8980330144334476e+32,8377413314.703993,15.410882778505792,1339622.244308429,7.758696816643907e+30,0.17468532722327673,0.001034252715130198,0.8042804200615913
1.899522921465458e+32,8388425028.042449,15.23229385957253,1329492.9484101695,7.758696159432927e+30,0.17468532722327673,0.001034252715130198,0.8042804200615913
1.9009953700200935e+32,8399406678.66649,15.05520108122315,1319402.86377606,7.758695514485996e+30,0.17468532722327673,0.001034252715130198,0.8042804200615913
1.9024504643721194e+32,8410358131.51159,14.879588153283455,1309351.9647210469,7.75869488165847e+30,0.17468532722327673,0.001034252715130198,0.8042804200615913
1.90388830937716e+32,8421279257.578711,14.705439661643405,1299340.2236480222,7.758694260804332e+30,0.17468532722327673,0.001034252715130198,0.8042804200615913
1.9053090104559154e+32,8432169933.460771,14.532741143512819,1289367.6133412782,7.758693651776174e+30,0.17468532722327673,0.001034252715130198,0.8042804200615913
1.906712673578385e+32,8443030040.81372,14.361479099279189,1279434.106450017,7.758693054425578e+30,0.17468532722327673,0.001034252715130198,0.8042804200615913
1.9080994052481574e+32,8453859465.831083,14.191640906680481,1269539.6739788842,7.758692468603378e+30,0.17468532722327673,0.001034252715130198,0.8042804200615913
1.9094693124867333e+32,8464658098.768632,14.023214711096804,1259684.2866721677,7.758691894159586e+30,0.17468532722327673,0.001034252715130198,0.8042804200615913
1.9108225028178785e+32,8475425833.516831,13.85618935434847,1249867.9121199779,7.758691330943883e+30,0.17468532722327673,0.001034252715130198,0.8042804200615913
1.912159084252041e+32,8486162567.2265215,13.690554258495869,1240090.5185861855,7.758690778805534e+30,0.17468532722327673,0.001034252715130198,0.8042804200615913
1.9134791652708002e+32,8496868199.930875,13.526299506633366,1230352.079592876,7.758690237593447e+30,0.17468532722327673,0.001034252715130198,0.8042804200615913
1.914782854811375e+32,8507542634.106245,13.363415872409874,1220652.575962092,7.758689707156545e+30,0.17468532722327673,0.001034252715130198,0.8042804200615913
1.916070262251165e+32,8518185774.1361885,13.201894982522777,1210991.9921703795,7.758689187343962e+30,0.17468532722327673,0.001034252715130198,0.8042804200615913
1.917341497392364e+32,8528797525.639651,13.04172943019799,1201370.320458206,7.758688678005028e+30,0.17468532722327673,0.001034252715130198,0.8042804200615913
1.9185966704466013e+32,8539377794.921965,12.8829122872227,1191787.565411675,7.758688178989112e+30,0.17468532722327673,0.001034252715130198,0.8042804200615913
1.9198358920196604e+32,8549926488.7198925,12.725436817505607,1182243.7244669965,7.758687690146386e+30,0.17468532722327673,0.001034252715130198,0.8042804200615913
1.9210592730962416e+32,8560443514.278419,12.569295937622393,1172738.786360882,7.758687211327154e+30,0.17468532722327673,0.001034252715130198,0.8042804200615913
1.922266925024775e+32,8570928779.735815,12.41448202920593,1163272.7266108452,7.75868674238192e+30,0.17468532722327673,0.001034252715130198,0.8042804200615913
1.923458959502312e+32,8581382194.449949,12.26098730653363,1153845.5012960872,7.75868628316264e+30,0.17468532722327673,0.001034252715130198,0.8042804200615913
1.9246354885594564e+32,8591803669.145868,12.10880390156223,1144457.0665259336,7.758685833521772e+30,0.17468532722327673,0.001034252715130198,0.8042804200615913
1.9257966245453735e+32,8602193115.954956,11.957924044998796,1135107.3822201048,7.758685393312299e+30,0.17468532722327673,0.001034252715130198,0.8042804200615913
1.926942480112843e+32,8612550448.339737,11.808340151916676,1125796.411040682,7.758684962388243e+30,0.17468532722327673,0.001034252715130198,0.8042804200615913
1.928073168203402e+32,8622875580.99699,11.660044776824165,1116524.120035195,7.758684540604453e+30,0.17468532722327673,0.001034252715130198,0.8042804200615913
1.9291888020325237e+32,8633168429.761827,11.513030645521336,1107290.4763432397,7.758684127816843e+30,0.17468532722327673,0.001034252715130198,0.8042804200615913
1.9302894950748945e+32,8643428911.510477,11.367290617171772,1098095.448073494,7.758683723882404e+30,0.17468532722327673,0.001034252715130198,0.8042804200615913
1.9313753610497262e+32,8653656944.101435,11.222817625181767,1088939.005954775,7.7586833286591e+30,0.17468532722327673,0.001034252715130198,0.8042804200615913
1.932446513906181e+32,8663852446.3452,11.079604669809564,1079821.1210315465,7.758682942006015e+30,0.17468532722327673,0.001034252715130198,0.8042804200615913
1.933503067808808e+32,8674015337.985878,10.937644793929918,1070741.7643952642,7.758682563783384e+30,0.17468532722327673,0.001034252715130198,0.8042804200615913
1.9345451371231235e+32,8684145539.706778,10.796931056356636,1061700.9076118448,7.758682193852583e+30,0.17468532722327673,0.001034252715130198,0.8042804200615913
1.9355728364011917e+32,8694242973.156467,10.657456512941675,1052698.5217514993,7.758681832076179e+30,0.17468532722327673,0.001034252715130198,0.8042804200615913
1.9365862803673465e+32,8704307560.992903,10.519214201416945,1043734.5764764809,7.758681478318017e+30,0.17468532722327673,0.001034252715130198,0.8042804200615913
1.937585583903935e+32,8714339226.952982,10.382197106687434,1034809.0412573545,7.758681132443192e+30,0.17468532722327673,0.001034252715130198,0.8042804200615913
1.9385708620371762e+32,8724337895.965181,10.246398113325748,1025921.8854416641,7.758680794317996e+30,0.17468532722327673,0.001034252715130198,0.8042804200615913
1.93954222992308e+32,8734303494.29572,10.111809995135681,1017073.0746176769,7.758680463810102e+30,0.17468532722327673,0.001034252715130198,0.8042804200615913
1.9404998028334446e+32,8744235949.738258,9.978425350606345,1008262.5722522078,7.758680140788518e+30,0.17468532722327673,0.001034252715130198,0.8042804200615913
1.941443696141947e+32,8754135191.901068,9.846236490238164,999490.3418549306,7.758679825123599e+30,0.17468532722327673,0.001034252715130198,0.8042804200615913
1.9423740253102964e+32,8764001152.595047,9.71523537489374,990756.3426151428,7.758679516687018e+30,0.17468532722327673,0.001034252715130198,0.8042804200615913
1.9432909058745e+32,8773833766.324173,9.585413512568223,982060.5274273183,7.758679215351714e+30,0.17468532722327673,0.001034252715130198,0.8042804200615913
1.9441944534311673e+32,8783632970.98118,9.456761706290202,973402.8493704739,7.758678920991921e+30,0.17468532722327673,0.001034252715130198,0.8042804200615913
1.9450847836239537e+32,8793398708.821758,9.329269834512877,964783.2614645245,7.758678633482994e+30,0.17468532722327673,0.001034252715130198,0.8042804200615913
1.945962012130038e+32,8803130927.655087,9.202926745372343,956201.7041014988,7.758678352702233e+30,0.17468532722327673,0.001034252715130198,0.8042804200615913
1.9468262546467327e+32,8812829582.425812,9.077719732171646,947658.1207721964,7.758678078528437e+30,0.17468532722327673,0.001034252715130198,0.8042804200615913
1.9476776268781392e+32,8822494637.458097,8.953633962445592,939152.4698730644,7.758677810841002e+30,0.17468532722327673,0.001034252715130198,0.8042804200615913
1.948516244521935e+32,8832126069.34979,8.83065204883927,930684.7017805213,7.758677549521357e+30,0.17468532722327673,0.001034252715130198,0.8042804200615913
1.9493422232562112e+32,8841723871.077341,8.708752520074867,922254.7838659148,7.758677294452436e+30,0.17468532722327673,0.001034252715130198,0.8042804200615913
1.9501556787264226e+32,8851288057.854294,8.587908541668037,913862.6994269356,7.758677045518679e+30,0.17468532722327673,0.001034252715130198,0.8042804200615913
1.9509567265324354e+32,8860818674.960266,8.468086185730744,905508.4754387706,7.758676802605477e+30,0.17468532722327673,0.001034252715130198,0.8042804200615913
1.9517454822156446e+32,8870315808.235893,8.349242131072863,897192.2759463286,7.758676565598226e+30,0.17468532722327673,0.001034252715130198,0.8042804200615913
1.9525220612462028e+32,8879779596.86903,8.231322879099661,888914.2959213677,7.758676334386834e+30,0.17468532722327673,0.001034252715130198,0.8042804200615913
1.9532865790103385e+32,8889210249.795006,8.114260409423771,880674.9154594077,7.758676108861515e+30,0.17468532722327673,0.001034252715130198,0.8042804200615913
1.954039150797772e+32,8898608066.311573,7.997970767404125,872475.0016482163,7.758675888909641e+30,0.17468532722327673,0.001034252715130198,0.8042804200615913
1.9547798917892117e+32,8907973455.88167,7.88235873499901,864315.6945381094,7.758675674425655e+30,0.17468532722327673,0.001034252715130198,0.8042804200615913
1.955508917043978e+32,8917306955.98355,7.767318287381617,856198.6039220252,7.75867546530058e+30,0.17468532722327673,0.001034252715130198,0.8042804200615913
1.9562263414876958e+32,8926609240.018118,7.6527503698691275,848125.6245741544,7.758675261430218e+30,0.17468532722327673,0.001034252715130198,0.8042804200615913
1.956932279900091e+32,8935881099.787434,7.538587725829781,840099.2227841713,7.758675062708044e+30,0.17468532722327673,0.001034252715130198,0.8042804200615913
1.9576268469029015e+32,8945123385.35799,7.42483771230998,832122.4250497879,7.758674869021955e+30,0.17468532722327673,0.001034252715130198,0.8042804200615913
1.9583101569478757e+32,8954336887.502117,7.311625928473203,824196.9040832322,7.758674680271295e+30,0.17468532722327673,0.001034252715130198,0.8042804200615913
1.958982324304871e+32,8963522181.772654,7.199202106740759,816322.3171548852,7.758674496364011e+30,0.17468532722327673,0.001034252715130198,0.8042804200615913
1.9596434630500497e+32,8972679472.986208,7.087918564836703,808496.1465708563,7.758674317210261e+30,0.17468532722327673,0.001034252715130198,0.8042804200615913
1.960293687054196e+32,8981808508.298,6.978131134189299,800714.4305651478,7.758674142705578e+30,0.17468532722327673,0.001034252715130198,0.8042804200615913
1.9609331099711175e+32,8990908609.936163,6.870108263606212,792972.2478678846,7.758673972742947e+30,0.17468532722327673,0.001034252715130198,0.8042804200615913
1.9615618452261455e+32,8999978809.127382,6.763973773442413,785264.7463403608,7.758673807222614e+30,0.17468532722327673,0.001034252715130198,0.8042804200615913
1.9621800060047657e+32,9009018016.582306,6.659723078474472,777588.8243154234,7.758673646063527e+30,0.17468532722327673,0.001034252715130198,0.8042804200615913
1.9627877052413264e+32,9018025166.290335,6.557261955450794,769942.9770614015,7.758673489179192e+30,0.17468532722327673,0.001034252715130198,0.8042804200615913
1.963385055607861e+32,9026999309.713919,6.456452241207027,762326.8786885245,7.758673336474695e+30,0.17468532722327673,0.001034252715130198,0.8042804200615913
1.9639721695030233e+32,9035939656.995054,6.35714970322875,754740.9704687021,7.758673187865836e+30,0.17468532722327673,0.001034252715130198,0.8042804200615913
1.9645491590411186e+32,9044845579.720806,6.259223537044121,747186.2378551561,7.758673043268613e+30,0.17468532722327673,0.001034252715130198,0.8042804200615913
1.9651161360412507e+32,9053716595.30882,6.162562358867582,739663.6887916231,7.75867290260079e+30,0.17468532722327673,0.001034252715130198,0.8042804200615913
1.9656732120165702e+32,9062552340.06681,6.067082281464257,732174.3289635462,7.75867276577746e+30,0.17468532722327673,0.001034252715130198,0.8042804200615913
1.966220498163631e+32,9071352536.306023,5.972724602725951,724719.177360662,7.758672632716253e+30,0.17468532722327673,0.001034252715130198,0.8042804200615913
1.9667581053518594e+32,9080116964.270164,5.87944888161933,717298.9970267091,7.758672503336737e+30,0.17468532722327673,0.001034252715130198,0.8042804200615913
1.9672861441131286e+32,9088845446.139605,5.787221452793858,709914.3320654713,7.75867237755847e+30,0.17468532722327673,0.001034252715130198,0.8042804200615913
1.9678047246314517e+32,9097537840.813726,5.696011381842398,702565.5850975008,7.758672255302044e+30,0.17468532722327673,0.001034252715130198,0.8042804200615913
1.9683139567327637e+32,9106194040.878544,5.605791216374586,695253.0796238515,7.758672136489212e+30,0.17468532722327673,0.001034252715130198,0.8042804200615913
1.9688139498748467e+32,9114813967.710678,5.516538379540268,687977.0474459574,7.75867202104342e+30,0.17468532722327673,0.001034252715130198,0.8042804200615913
1.9693048131373278e+32,9123397565.41101,5.428234877692636,680737.6470271335,7.7586719088891e+30,0.17468532722327673,0.001034252715130198,0.8042804200615913
1.969786655211826e+32,9131944795.565338,5.34086608076047,673535.0001784367,7.758671799951913e+30,0.17468532722327673,0.001034252715130198,0.8042804200615913
1.9702595843921804e+32,9140455633.611746,5.254419539699161,666369.1968945857,7.758671694159024e+30,0.17468532722327673,0.001034252715130198,0.8042804200615913
1.970723708564815e+32,9148930066.98294,5.1688837077088685,659240.3203871581,7.758671591437306e+30,0.17468532722327673,0.001034252715130198,0.8042804200615913
1.971179135199199e+32,9157368094.838795,5.0842471408440035,652148.3874152172,7.75867149171567e+30,0.17468532722327673,0.001034252715130198,0.8042804200615913
1.9716259713384275e+32,9165769728.384306,5.0004985669148425,645093.3896628572,7.758671394921232e+30,0.17468532722327673,0.001034252715130198,0.8042804200615913
1.9720643235899196e+32,9174134993.069008,4.9176245989982394,638075.4513586818,7.758671300993273e+30,0.17468532722327673,0.001034252715130198,0.8042804200615913
1.9724942981162238e+32,9182463934.421707,4.835607909507369,631096.0379300145,7.758671209865843e+30,0.17468532722327673,0.001034252715130198,0.8042804200615913
1.9729160006259444e+32,9190756626.555532,4.754426370271565,624157.3088898663,7.758671121465683e+30,0.17468532722327673,0.001034252715130198,0.8042804200615913
1.9733295363647725e+32,9199013174.828089,4.674061181387399,617260.4156520318,7.758671035728876e+30,0.17468532722327673,0.001034252715130198,0.8042804200615913
1.973735010106649e+32,9207233719.08193,4.59448826200273,610405.5715781719,7.758670952589833e+30,0.17468532722327673,0.001034252715130198,0.8042804200615913
1.9741325261450252e+32,9215418435.34885,4.515688785613866,603592.7661122628,7.758670871985965e+30,0.17468532722327673,0.001034252715130198,0.8042804200615913
1.974522188284254e+32,9223567527.169891,4.437650172699421,596822.2592614313,7.758670793854195e+30,0.17468532722327673,0.001034252715130198,0.8042804200615913
1.9749040998310874e+32,9231681206.901054,4.3603753499816955,590094.0562125298,7.758670718132476e+30,0.17468532722327673,0.001034252715130198,0.8042804200615913
1.9752783635863014e+32,9239759661.380459,4.283888928592577,583407.6107324888,7.758670644760937e+30,0.17468532722327673,0.001034252715130198,0.8042804200615913
1.9756450818364215e+32,9247803012.579,4.208233933164454,576761.8288700394,7.758670573681429e+30,0.17468532722327673,0.001034252715130198,0.8042804200615913
1.976004356345587e+32,9255811294.273403,4.133455653176651,570155.3104538085,7.758670504836076e+30,0.17468532722327673,0.001034252715130198,0.8042804200615913
1.9763562883475138e+32,9263784462.67469,4.059581300637743,563586.6585207776,7.758670438167559e+30,0.17468532722327673,0.001034252715130198,0.8042804200615913
1.9767009785375894e+32,9271722433.824617,3.986613988729492,557054.7375203507,7.758670373621475e+30,0.17468532722327673,0.001034252715130198,0.8042804200615913
1.977038527065077e+32,9279625120.56536,3.914541776773604,550558.886275615,7.758670311143745e+30,0.17468532722327673,0.001034252715130198,0.8042804200615913
1.977369033525438e+32,9287492447.770464,3.843352595234056,544098.7850460705,7.758670250681119e+30,0.17468532722327673,0.001034252715130198,0.8042804200615913
1.977692596952788e+32,9295324354.151329,3.7730334027746646,537674.2649119718,7.758670192181588e+30,0.17468532722327673,0.001034252715130198,0.8042804200615913
1.978009315812452e+32,9303120803.172472,3.7035623943571188,531285.1897578476,7.758670135594072e+30,0.17468532722327673,0.001034252715130198,0.8042804200615913
1.978319287993652e+32,9310881797.61978,3.634914039455381,524931.4220139014,7.758670080868737e+30,0.17468532722327673,0.001034252715130198,0.8042804200615913
1.9786226108023084e+32,9318607381.853085,3.5670664635854537,518612.80483145965,7.758670027956279e+30,0.17468532722327673,0.001034252715130198,0.8042804200615913
1.9789193809539713e+32,9326297634.482225,3.5000029921786,512329.0972546915,7.758669976808381e+30,0.17468532722327673,0.001034252715130198,0.8042804200615913
1.979209694566854e+32,9333952660.117315,3.433710946760908,506079.996092062,7.758669927377781e+30,0.17468532722327673,0.001034252715130198,0.8042804200615913
1.979493647155009e+32,9341572583.696383,3.368179996413362,499865.1245995701,7.758669879618421e+30,0.17468532722327673,0.001034252715130198,0.8042804200615913
1.979771333621606e+32,9349157547.496717,3.3034010660570554,493684.05695030617,7.758669833485087e+30,0.17468532722327673,0.001034252715130198,0.8042804200615913
1.980042848252345e+32,9356707709.998703,3.239365620400667,487536.3358553682,7.758669788933434e+30,0.17468532722327673,0.001034252715130198,0.8042804200615913
1.9803082847089805e+32,9364223246.00678,3.1760652238472935,481421.4765574597,7.758669745920057e+30,0.17468532722327673,0.001034252715130198,0.8042804200615913
1.980567736022974e+32,9371704347.316172,3.1134915204272704,475338.9631743719,7.75866970440254e+30,0.17468532722327673,0.001034252715130198,0.8042804200615913
1.9808212945892664e+32,9379151223.05684,3.0516365540858668,469288.26135032345,7.758669664339315e+30,0.17468532722327673,0.001034252715130198,0.8042804200615913
1.9810690521601697e+32,9386564100.21789,2.9904923136857255,463268.8124655137,7.758669625689726e+30,0.17468532722327673,0.001034252715130198,0.8042804200615913
1.981311099839387e+32,9393943227.47061,2.930048563016298,457280.0482573497,7.758669588414025e+30,0.17468532722327673,0.001034252715130198,0.8042804200615913
1.9815475280761508e+32,9401288883.288177,2.8702918439998544,451321.4115587188,7.758669552473278e+30,0.17468532722327673,0.001034252715130198,0.8042804200615913
1.9817784266594823e+32,9408601387.504719,2.811204293766436,445392.38511281647,7.758669517829442e+30,0.17468532722327673,0.001034252715130198,0.8042804200615913
1.9820038847125805e+32,9415881118.151962,2.752761495924775,439492.53854259965,7.758669484445539e+30,0.17468532722327673,0.001034252715130198,0.8042804200615913
1.9822239906873242e+32,9423128538.941942,2.6949276512147677,433621.641214156,7.758669452285183e+30,0.17468532722327673,0.001034252715130198,0.8042804200615913
1.982438832358912e+32,9430344245.54278,2.6376482024323,427779.88947294455,7.758669421313434e+30,0.17468532722327673,0.001034252715130198,0.8042804200615913
1.9826484968206106e+32,9437529038.721552,2.5808405598610435,421967.97847483057,7.758669391495238e+30,0.17468532722327673,0.001034252715130198,0.8042804200615913
1.9828530704786357e+32,9444684031.064522,2.524384023720404,416187.78023845126,7.758669362795155e+30,0.17468532722327673,0.001034252715130198,0.8042804200615913
1.9830526390471557e+32,9451810752.76263,2.4681374436796286,410442.7784078387,7.758669335181739e+30,0.17468532722327673,0.001034252715130198,0.8042804200615913
1.98324728754342e+32,9458911107.045025,2.412032237048976,404735.3374476297,7.758669308623393e+30,0.17468532722327673,0.001034252715130198,0.8042804200615913
1.983437100283008e+32,9465986898.141861,2.356265469575628,399063.81678429554,7.758669283079804e+30,0.17468532722327673,0.001034252715130198,0.8042804200615913
1.9836221608752077e+32,9473039041.532063,2.3012857392331783,393420.66936146433,7.758669258520816e+30,0.17468532722327673,0.001034252715130198,0.8042804200615913
1.9838025522185165e+32,9480067295.706501,2.2474168077881544,387795.45995976037,7.758669234920217e+30,0.17468532722327673,0.001034252715130198,0.8042804200615913
1.9839783564962657e+32,9487070782.480158,2.1947168026226525,382181.01911480905,7.758669212247222e+30,0.17468532722327673,0.001034252715130198,0.8042804200615913
1.9841496551723747e+32,9494048624.10522,2.1430815481560117,376574.9513978185,7.758669190476857e+30,0.17468532722327673,0.001034252715130198,0.8042804200615913
1.9843165289872262e+32,9501000290.919907,2.0923582845680215,370978.350686034,7.758669169580649e+30,0.17468532722327673,0.001034252715130198,0.8042804200615913
1.984479057953669e+32,9507925675.878668,2.042415932001519,365393.00941820216,7.758669149530892e+30,0.17468532722327673,0.001034252715130198,0.8042804200615913
1.9846373213531437e+32,9514825029.408337,1.9931603586139752,359820.1087962833,7.758669130301741e+30,0.17468532722327673,0.001034252715130198,0.8042804200615913
1.9847913977319446e+32,9521698869.158165,1.9445291359805175,354260.31233722315,7.758669111866625e+30,0.17468532722327673,0.001034252715130198,0.8042804200615913
1.9849413648975896e+32,9528547908.790028,1.8964804993328928,348713.59337606444,7.758669094200252e+30,0.17468532722327673,0.001034252715130198,0.8042804200615913
1.9850872999153342e+32,9535373013.43643,1.8489854165994286,343179.4819234315,7.758669077277881e+30,0.17468532722327673,0.001034252715130198,0.8042804200615913
1.9852292791048028e+32,9542175172.318949,1.8020236124028632,337657.18326416146,7.758669061075411e+30,0.17468532722327673,0.001034252715130198,0.8042804200615913
1.985367378036749e+32,9548955482.494736,1.7555800455219965,332145.6357760076,7.758669045569326e+30,0.17468532722327673,0.001034252715130198,0.8042804200615913
1.9855016715299396e+32,9555715147.4867,1.7096398016024268,326643.6129960287,7.758669030736654e+30,0.17468532722327673,0.001034252715130198,0.8042804200615913
1.985632233648174e+32,9562455487.120922,1.6641874745186807,321149.748186065,7.758669016555086e+30,0.17468532722327673,0.001034252715130198,0.8042804200615913
1.9857591376974183e+32,9569177948.901863,1.6192075876059575,315662.54920290515,7.758669003002785e+30,0.17468532722327673,0.001034252715130198,0.8042804200615913
1.9858824562230824e+32,9575884122.383263,1.5746833906395183,310180.38461605436,7.758668990058611e+30,0.17468532722327673,0.001034252715130198,0.8042804200615913
1.9860022610074094e+32,9582575765.191141,1.5305934773186158,304701.54342604626,7.758668977702029e+30,0.17468532722327673,0.001034252715130198,0.8042804200615913
1.986118623067001e+32,9589254858.480692,1.4869033943490164,299224.2075799472,7.758668965912714e+30,0.17468532722327673,0.001034252715130198,0.8042804200615913
1.986231612650473e+32,9595923739.415173,1.443543507145095,293746.8411163025,7.758668954671522e+30,0.17468532722327673,0.001034252715130198,0.8042804200615913
1.986341299236231e+32,9602585318.377638,1.4004030939052006,288268.6447464164,7.758668943956414e+30,0.17468532722327673,0.001034252715130198,0.8042804200615913
1.9864477515303848e+32,9609242952.53498,1.3574924455396453,282787.3851490343,7.758668933747069e+30,0.17468532722327673,0.001034252715130198,0.8042804200615913
1.9865510374647797e+32,9615899580.332012,1.3150700993198539,277297.5122195834,7.758668924030168e+30,0.17468532722327673,0.001034252715130198,0.8042804200615913
1.9866512241951657e+32,9622557558.636997,1.2731872346992537,271794.45775313186,7.758668914789218e+30,0.17468532722327673,0.001034252715130198,0.8042804200615913
1.9867483780994922e+32,9629219595.702251,1.2317201173542087,266276.2135901439,7.758668906006426e+30,0.17468532722327673,0.001034252715130198,0.8042804200615913
1.9868425647763327e+32,9635889174.941948,1.1905814616768433,260740.24276224556,7.75866889766571e+30,0.17468532722327673,0.001034252715130198,0.8042804200615913
1.9869338490434355e+32,9642570466.149399,1.149715540707131,255183.03019237772,7.758668889750888e+30,0.17468532722327673,0.001034252715130198,0.8042804200615913
1.987021637214091e+32,9649217585.644598,1.109395900279118,249642.79655583127,7.758668882301413e+30,0.17468532722327673,0.001034252715130198,0.8042804200615913
1.987105136495392e+32,9655762104.997461,1.0700514863405006,244177.22233523268,7.758668875369154e+30,0.17468532722327673,0.001034252715130198,0.8042804200615913
1.987184274994598e+32,9662185341.973793,1.031751532184566,238803.04940050707,7.75866886894255e+30,0.17468532722327673,0.001034252715130198,0.8042804200615913
1.9872592445835646e+32,9668488947.399183,0.9944479971419466,233520.59974930386,7.758668862987749e+30,0.17468532722327673,0.001034252715130198,0.8042804200615913
1.9873302303438848e+32,9674674697.535427,0.9581100831889836,228330.69990947196,7.758668857473238e+30,0.17468532722327673,0.001034252715130198,0.8042804200615913
1.9873974107449232e+32,9680744498.875349,0.9226918406949091,223234.26492625513,7.758668852369487e+30,0.17468532722327673,0.001034252715130198,0.8042804200615913
1.9874609578190046e+32,9686700391.93615,0.8881650048840639,218230.56632230568,7.758668847648599e+30,0.17468532722327673,0.001034252715130198,0.8042804200615913
1.9875210373337614e+32,9692544388.255905,0.8545360564503891,213315.48949512243,7.758668843285381e+30,0.17468532722327673,0.001034252715130198,0.8042804200615913
1.987577808961651e+32,9698278542.532072,0.8217556769789427,208483.13149638483,7.75866883925301e+30,0.17468532722327673,0.001034252715130198,0.8042804200615913
1.987631426446652e+32,9703905697.514393,0.7896185929490181,203730.9468651372,7.758668835526392e+30,0.17468532722327673,0.001034252715130198,0.8042804200615913
1.9876820377681427e+32,9709428428.56914,0.7583909556876045,199061.60212992528,7.758668832088575e+30,0.17468532722327673,0.001034252715130198,0.8042804200615913
1.987729785301974e+32,9714847773.839842,0.7282104733650461,194476.86130279195,7.75866882891988e+30,0.17468532722327673,0.001034252715130198,0.8042804200615913
1.9877748059787497e+32,9720164243.106365,0.699036717069888,189974.14428363903,7.758668825999461e+30,0.17468532722327673,0.001034252715130198,0.8042804200615913
1.987817231439315e+32,9725378505.22223,0.6708153853835405,185552.29897445685,7.758668823310615e+30,0.17468532722327673,0.001034252715130198,0.8042804200615913
1.9878571881874773e+32,9730491718.070312,0.6434257501323364,181212.98726650275,7.75866882083672e+30,0.17468532722327673,0.001034252715130198,0.8042804200615913
1.98789479773996e+32,9735505553.874285,0.6168188795954331,176957.01461032292,7.75866881856206e+30,0.17468532722327673,0.001034252715130198,0.8042804200615913
1.9879301767736066e+32,9740421830.32219,0.5909768535696827,172784.2200119961,7.758668816472043e+30,0.17468532722327673,0.001034252715130198,0.8042804200615913
1.9879634372698472e+32,9745242390.297476,0.5658834505465697,168694.34366413613,7.75866881455302e+30,0.17468532722327673,0.001034252715130198,0.8042804200615913
1.9879946866564386e+32,9749969110.319035,0.5415198932468137,164687.56251554308,7.758668812792259e+30,0.17468532722327673,0.001034252715130198,0.8042804200615913
1.9880240279464964e+32,9754603938.667038,0.5178625436069765,160764.84389825305,7.758668811177849e+30,0.17468532722327673,0.001034252715130198,0.8042804200615913
1.98805155987483e+32,9759148962.166327,0.49487989640627844,156928.10081738967,7.75866880969862e+30,0.17468532722327673,0.001034252715130198,0.8042804200615913
1.988077377031594e+32,9763606464.488897,0.4725393468542522,153178.90752108267,7.758668808344103e+30,0.17468532722327673,0.001034252715130198,0.8042804200615913
1.9881015699932774e+32,9767978825.216959,0.4508357968187818,149516.03741955344,7.758668807104615e+30,0.17468532722327673,0.001034252715130198,0.8042804200615913
1.988124225451043e+32,9772268294.590265,0.42978570000507565,145935.39524124347,7.758668805971175e+30,0.17468532722327673,0.001034252715130198,0.8042804200615913
1.988145426336431e+32,9776476797.367832,0.409420587698022,142430.4868672255,7.75866880493545e+30,0.17468532722327673,0.001034252715130198,0.8042804200615913
1.9881652519444478e+32,9780605711.125746,0.3897926783546959,138992.04424195035,7.758668803989857e+30,0.17468532722327673,0.001034252715130198,0.8042804200615913
1.9881837780540612e+32,9784655761.253798,0.37094098555370664,135611.32539401704,7.758668803127392e+30,0.17468532722327673,0.001034252715130198,0.8042804200615913
1.9882010770461102e+32,9788627260.812164,0.3528597926774609,132284.27692522644,7.758668802341472e+30,0.17468532722327673,0.001034252715130198,0.8042804200615913
1.988217218018655e+32,9792520486.738247,0.335513354490241,129011.12572543016,7.758668801625958e+30,0.17468532722327673,0.001034252715130198,0.8042804200615913
1.9882322668997868e+32,9796335872.24845,0.31886321388935807,125793.54610953691,7.758668800975158e+30,0.17468532722327673,0.001034252715130198,0.8042804200615913
1.988246286557914e+32,9800074042.863768,0.30287189310304324,122633.01673296388,7.75866880038379e+30,0.17468532722327673,0.001034252715130198,0.8042804200615913
1.988259336909546e+32,9803735804.578527,0.28750763458584677,119530.26692881496,7.758668799846959e+30,0.17468532722327673,0.001034252715130198,0.8042804200615913
1.9882714750245957e+32,9807322092.247261,0.2727453788160735,116485.20295066346,7.758668799360121e+30,0.17468532722327673,0.001034252715130198,0.8042804200615913
1.988282755229222e+32,9810833918.524662,0.25856427174887303,113497.19330468054,7.758668798919071e+30,0.17468532722327673,0.001034252715130198,0.8042804200615913
1.9882932292062322e+32,9814272334.333458,0.24494712658747952,110565.1995179433,7.758668798519917e+30,0.17468532722327673,0.001034252715130198,0.8042804200615913
1.988302946093068e+32,9817638369.146955,0.23188281722182177,107687.61777638948,7.758668798159065e+30,0.17468532722327673,0.001034252715130198,0.8042804200615913
1.988311952577396e+32,9820933000.772419,0.21935840916989657,104863.01690856325,7.758668797833226e+30,0.17468532722327673,0.001034252715130198,0.8042804200615913
1.9883202929903296e+32,9824157182.531218,0.2073587449016112,102089.91470955222,7.758668797539369e+30,0.17468532722327673,0.001034252715130198,0.8042804200615913
1.9883280093972965e+32,9827311718.111666,0.19588698449655237,99367.18547312864,7.758668797274649e+30,0.17468532722327673,0.001034252715130198,0.8042804200615913
1.9883351416865872e+32,9830397377.586533,0.18491154707998048,96695.15962681662,7.758668797036436e+30,0.17468532722327673,0.001034252715130198,0.8042804200615913
1.9883417276556008e+32,9833415110.531773,0.17441023926845198,94074.40349095681,7.758668796822325e+30,0.17468532722327673,0.001034252715130198,0.8042804200615913
1.988347803094813e+32,9836365952.25858,0.1643659133998177,91505.10516849002,7.758668796630114e+30,0.17468532722327673,0.001034252715130198,0.8042804200615913
1.9883534018694945e+32,9839250978.99085,0.15476329212175105,88987.34941251222,7.758668796457773e+30,0.17468532722327673,0.001034252715130198,0.8042804200615913
1.988358555999205e+32,9842071289.76936,0.14558830896565128,86521.15963511178,7.758668796303442e+30,0.17468532722327673,0.001034252715130198,0.8042804200615913
1.988363295735083e+32,9844827996.83278,0.13682749963383256,84106.57291143097,7.758668796165417e+30,0.17468532722327673,0.001034252715130198,0.8042804200615913
1.988367649634967e+32,9847522226.716269,0.12846734329521084,81743.77394967024,7.758668796042135e+30,0.17468532722327673,0.001034252715130198,0.8042804200615913
1.9883716446363628e+32,9850155131.165483,0.12049399981593063,79433.18523776993,7.758668795932165e+30,0.17468532722327673,0.001034252715130198,0.8042804200615913
1.9883753061272966e+32,9852727898.253998,0.11289374848243797,77175.41197216148,7.758668795834201e+30,0.17468532722327673,0.001034252715130198,0.8042804200615913
1.9883786580150704e+32,9855241759.560514,0.10565307912375499,74971.20739181504,7.758668795747046e+30,0.17468532722327673,0.001034252715130198,0.8042804200615913
1.9883817227929528e+32,9857698006.790339,0.09875791849837269,72821.58212677889,7.758668795669613e+30,0.17468532722327673,0.001034252715130198,0.8042804200615913
1.9883845216048317e+32,9860098019.91977,0.09219375655290898,70727.76597092107,7.758668795600908e+30,0.17468532722327673,0.001034252715130198,0.8042804200615913
1.988387074307857e+32,9862443284.774607,0.08594678571291806,68690.93128435197,7.758668795540027e+30,0.17468532722327673,0.001034252715130198,0.8042804200615913
1.9883893995331044e+32,9864735388.815,0.08000459421165376,66711.95509678825,7.758668795486151e+30,0.17468532722327673,0.001034252715130198,0.8042804200615913
1.9883915147442833e+32,9866976004.267702,0.07435620487795136,64791.32363660605,7.758668795438538e+30,0.17468532722327673,0.001034252715130198,0.8042804200615913
1.988393436294526e+32,9869166868.027441,0.0689918925806542,62929.105535954586,7.758668795396515e+30,0.17468532722327673,0.001034252715130198,0.8042804200615913
1.9883951794812785e+32,9871309761.109186,0.06390299267303695,61124.94169349917,7.758668795359475e+30,0.17468532722327673,0.001034252715130198,0.8042804200615913
1.9883967585993338e+32,9873406487.56494,0.05908172593355951,59378.041918646704,7.75866879532687e+30,0.17468532722327673,0.001034252715130198,0.8042804200615913
1.9883981869920264e+32,9875458852.331003,0.05452103695576603,57687.190870387465,7.75866879529821e+30,0.17468532722327673,0.001034252715130198,0.8042804200615913
1.9883994771006283e+32,9877468637.697483,0.05021443007275659,56050.77077328293,7.758668795273052e+30,0.17468532722327673,0.001034252715130198,0.8042804200615913
1.98840064051197e+32,9879437578.612007,0.04615579084029649,54466.807226164674,7.758668795251e+30,0.17468532722327673,0.001034252715130198,0.8042804200615913
1.9884016880043223e+32,9881367337.510656,0.0423391959512571,52933.03593354799,7.758668795231699e+30,0.17468532722327673,0.001034252715130198,0.8042804200615913
1.9884026295915664e+32,9883259479.394653,0.03875873073284994,51446.976109385476,7.758668795214832e+30,0.17468532722327673,0.001034252715130198,0.8042804200615913
1.9884034745656885e+32,9885115447.634985,0.03540832716100974,50005.99429062274,7.758668795200115e+30,0.17468532722327673,0.001034252715130198,0.8042804200615913
1.9884042315376242e+32,9886936541.26073,0.03228161431507794,48607.35410203181,7.758668795187296e+30,0.17468532722327673,0.001034252715130198,0.8042804200615913
1.988404908476493e+32,9888723895.57649,0.029371770861405074,47248.259176213105,7.758668795176149e+30,0.17468532722327673,0.001034252715130198,0.8042804200615913
1.9884055127472468e+32,9890478468.859915,0.02667139201210632,45925.895478940394,7.758668795166475e+30,0.17468532722327673,0.001034252715130198,0.8042804200615913
1.98840605114677e+32,9892201037.9076,0.024172398299570134,44637.472971649826,7.758668795158094e+30,0.17468532722327673,0.001034252715130198,0.8042804200615913
1.988406529938465e+32,9893892212.872694,0.021865775304634162,43379.91232940309,7.75866879515085e+30,0.17468532722327673,0.001034252715130198,0.8042804200615913
1.988406954885348e+32,9895552461.649906,0.019741989560488435,42150.3110548951,7.7586687951446e+30,0.17468532722327673,0.001034252715130198,0.8042804200615913
1.9884073312817023e+32,9897182118.391493,0.017791400390891082,40946.33424813213,7.75866879513922e+30,0.17468532722327673,0.001034252715130198,0.8042804200615913
1.9884076639833035e+32,9898781393.311077,0.016004077905475093,39765.82133681065,7.758668795134599e+30,0.17468532722327673,0.001034252715130198,0.8042804200615913
1.9884079574362696e+32,9900350394.457005,0.014369997863567319,38606.7900459553,7.758668795130642e+30,0.17468532722327673,0.001034252715130198,0.8042804200615913
1.9884082157045556e+32,9901889146.812124,0.012879208145447853,37467.45315420594,7.758668795127261e+30,0.17468532722327673,0.001034252715130198,0.8042804200615913
1.9884084424961324e+32,9903397608.075426,0.011521959627028686,36346.23806147944,7.758668795124378e+30,0.17468532722327673,0.001034252715130198,0.8042804200615913
1.988408641187883e+32,9904875681.329391,0.01028879850139064,35241.81131780536,7.758668795121931e+30,0.17468532722327673,0.001034252715130198,0.8042804200615913
1.9884088148492493e+32,9906323225.358725,0.009170627978305727,34153.10734985427,7.758668795119856e+30,0.17468532722327673,0.001034252715130198,0.8042804200615913
1.9884089662646628e+32,9907740063.148844,0.0081587504493614,33079.357490988004,7.758668795118103e+30,0.17468532722327673,0.001034252715130198,0.8042804200615913
1.9884090979547985e+32,9909125988.618439,0.0072448960650896566,32020.11362039597,7.758668795116628e+30,0.17468532722327673,0.001034252715130198,0.8042804200615913
1.9884092121966775e+32,9910480771.667902,0.0064212367964438825,30975.26052685083,7.758668795115389e+30,0.17468532722327673,0.001034252715130198,0.8042804200615913
1.9884093110426603e+32,9911804162.6498,0.005680384165209036,29945.011154547792,7.758668795114352e+30,0.17468532722327673,0.001034252715130198,0.8042804200615913
1.9884093963383642e+32,9913095898.32195,0.005015374955260512,28929.878308403877,7.758668795113489e+30,0.17468532722327673,0.001034252715130198,0.8042804200615913
1.9884094697395316e+32,9914355711.044521,0.004419655405044632,27930.616417901772,7.75866879511277e+30,0.17468532722327673,0.001034252715130198,0.8042804200615913
1.9884095327278963e+32,9915583341.52606,0.0038870734360978835,26948.130089910126,7.758668795112176e+30,0.17468532722327673,0.001034252715130198,0.8042804200615913
1.9884095866260716e+32,9916778552.71208,0.0034118811007765835,25983.354129586307,7.758668795111686e+30,0.17468532722327673,0.001034252715130198,0.8042804200615913
1.9884096326114994e+32,9917941141.198967,0.0029887412168367847,25037.118541626383,7.758668795111283e+30,0.17468532722327673,0.001034252715130198,0.8042804200615913
1.9884096717294938e+32,9919070942.584213,0.0026127296743336343,24110.01714715791,7.758668795110952e+30,0.17468532722327673,0.001034252715130198,0.8042804200615913
1.9884097049054132e+32,9920167828.653988,0.002279327908084215,23202.29724993963,7.758668795110683e+30,0.17468532722327673,0.001034252715130198,0.8042804200615913
1.988409732955997e+32,9921231696.09102,0.0019844041678246304,22313.783067524033,7.758668795110463e+30,0.17468532722327673,0.001034252715130198,0.8042804200615913
1.9884097565998972e+32,9922262448.304825,0.0017241845200147033,21443.841444435777,7.758668795110285e+30,0.17468532722327673,0.001034252715130198,0.8042804200615913
1.9884097764674427e+32,9923259974.123669,0.0014952168206629377,20591.391824434573,7.758668795110142e+30,0.17468532722327673,0.001034252715130198,0.8042804200615913
1.988409793109668e+32,9924224127.848341,0.0012943341957522203,19754.94892525972,7.758668795110028e+30,0.17468532722327673,0.001034252715130198,0.8042804200615913
1.9884098070066396e+32,9925154713.812998,0.001118624887559857,18932.67547304718,7.758668795109935e+30,0.17468532722327673,0.001034252715130198,0.8042804200615913
1.988409818575119e+32,9926051476.099686,0.000965411307841054,18122.423946183233,7.758668795109862e+30,0.17468532722327673,0.001034252715130198,0.8042804200615913
1.9884098281755812e+32,9926914090.92524,0.0008322363652397452,17321.763998837505,7.758668795109804e+30,0.17468532722327673,0.001034252715130198,0.8042804200615913
1.9884098361186426e+32,9927742160.013292,0.0007168538913051013,16528.00320497363,7.758668795109757e+30,0.17468532722327673,0.001034252715130198,0.8042804200615913
1.988409842670911e+32,9928535205.315432,0.0006172146437963021,15738.27584584024,7.758668795109721e+30,0.17468532722327673,0.001034252715130198,0.8042804200615913
1.9884098480603005e+32,9929292669.56755,0.0005314521743054381,14949.689508608575,7.758668795109693e+30,0.17468532722327673,0.001034252715130198,0.8042804200615913
1.988409852480844e+32,9930013923.431543,0.00045787395509952114,14159.555879971826,7.758668795109672e+30,0.17468532722327673,0.001034252715130198,0.8042804200615913
1.9884098560970245e+32,9930698281.071316,0.0003949462100692194,13365.840876299439,7.758668795109654e+30,0.17468532722327673,0.001034252715130198,0.8042804200615913
1.9884098590476677e+32,9931345036.285982,0.00034127619255484967,12567.896343508448,7.758668795109641e+30,0.17468532722327673,0.001034252715130198,0.8042804200615913
1.9884098614494197e+32,9931953528.74964,0.00029559315078844545,11767.45888774247,7.758668795109631e+30,0.17468532722327673,0.001034252715130198,0.8042804200615913
1.988409863399839e+32,9932523245.293873,0.00025673224669205006,10969.661710306389,7.758668795109623e+30,0.17468532722327673,0.001034252715130198,0.8042804200615913
1.9884098649801326e+32,9933053943.673773,0.00022362879868840685,10183.477052753919,7.758668795109618e+30,0.17468532722327673,0.001034252715130198,0.8042804200615913
1.988409866257565e+32,9933545758.23303,0.00019532831352600102,9420.968753870387,7.758668795109614e+30,0.17468532722327673,0.001034252715130198,0.8042804200615913
1.9884098672875652e+32,9933999228.696321,0.0001710080591745024,8695.365476948778,7.758668795109611e+30,0.17468532722327673,0.001034252715130198,0.8042804200615913
1.9884098681155585e+32,9934415212.030766,0.0001499916067589665,8019.1202924787585,7.758668795109609e+30,0.17468532722327673,0.001034252715130198,0.8042804200615913
1.988409868778546e+32,9934794685.233244,0.0001317449242088202,7403.070842430738,7.758668795109606e+30,0.17468532722327673,0.001034252715130198,0.8042804200615913
1.988409869306457e+32,9935138467.591082,0.00011586287914012258,6856.497084111378,7.758668795109605e+30,0.17468532722327673,0.001034252715130198,0.8042804200615913
1.988409869723297e+32,9935446863.655918,0.00010206840686238565,6386.511892494248,7.758668795109605e+30,0.17468532722327673,0.001034252715130198,0.8042804200615913
1.9884098700481054e+32,9935719198.792414,9.022163519694223e-05,5996.6000004424495,7.758668795109604e+30,0.17468532722327673,0.001034252715130198,0.8042804200615913
1.9884098702957486e+32,9935953312.946182,8.031199797601046e-05,5685.841466886825,7.758668795109604e+30,0.17468532722327673,0.001034252715130198,0.8042804200615913
1.9884098704775618e+32,9936145217.40607,7.242104352133574e-05,5450.074393327696,7.758668795109603e+30,0.17468532722327673,0.001034252715130198,0.8042804200615913
1.9884098706018485e+32,9936289266.330238,6.666794587084635e-05,5284.57668499459,7.758668795109603e+30,0.17468532722327673,0.001034252715130198,0.8042804200615913
1.98840987067426e+32,9936379173.268145,6.316397068110691e-05,5186.143391176177,7.758668795109603e+30,0.17468532722327673,0.001034252715130198,0.8042804200615913
1.9884098706980505e+32,9936409816.492685,6.198642595536762e-05,5153.419952414791,7.758668795109603e+30,0.17468532722327673,0.001034252715130198,0.8042804200615913
