accepted,years,Teff_K,luminosity_Lsun,radius_Rsun,nuclear_fraction
0,0,2864.0913635121196,0.15403149878897462,1.5939848749154555,0.0007557762381395194
1,1000,2864.387432368492,0.15356290474737883,1.5912294243343856,0.0007798519426062865
2,2500,2864.826504754648,0.1528677795472214,1.5871372605383423,0.0008171002725189255
3,4200.479007383782,2865.3226958785503,0.15209054918131704,1.5825491074875253,0.0008610826959557756
4,5917.150862313753,2865.8162642015404,0.15131547677494456,1.577967848194049,0.0009074801618228171
5,7647.383042477069,2866.3095367558954,0.15054446839937854,1.573400865653138,0.0009563428166733928
6,9391.326568053211,2866.804750409071,0.1497779513893863,1.568848016849669,0.0010077978165161075
7,11149.466098688861,2867.2960875783197,0.14901449408207446,1.5643082400715063,0.0010620010197329576
8,12921.409841796094,2867.7873803697476,0.14825513719251923,1.559782838714822,0.0011190749559065961
9,14707.36975861886,2868.279671036226,0.1475000211497792,1.555271495445765,0.0011791709647773557
10,16507.85493700048,2868.769008990151,0.14674813500016698,1.5507732281861113,0.001242467502313693
11,18322.492857649508,2869.2578086927524,0.1460001805396574,1.5462891651186297,0.0013091101771722494
12,20151.50561097464,2869.7465861214055,0.1452561971585806,1.541819024268757,0.0013792760058992126
13,21995.31296171236,2870.233677239977,0.1445156949350394,1.5373620527682783,0.0014531640339770946
14,23853.672753863877,2870.7197434510363,0.14377896096539602,1.5329191119867311,0.0015309519582775563
15,25726.827185489306,2871.2044917311423,0.14304585502013512,1.5284898192035818,0.001612848301453417
16,27614.983437797124,2871.688393224924,0.14231641983103854,1.524073950337403,0.001699069669069232
17,29518.028919169727,2872.171400073181,0.14159073359390156,1.5196720295412143,0.0017898293912496789
18,31436.294306751013,2872.6512941265532,0.1408682589683342,1.5152835636392334,0.001885378422705754
19,33369.853442959524,2873.1313384683835,0.14014964183800105,1.510908618791223,0.001985954067019891
20,35318.636815380625,2873.611106878174,0.13943485995712088,1.5065475935952786,0.0020918058351083774
21,37283.13269544904,2874.0857761096972,0.1387228173930568,1.5021996636822172,0.0022032412667838132
22,39263.14918174362,2874.5614352224984,0.13801481860908002,1.4978655441465984,0.0023205117633029737
23,41258.807727729305,2875.03673821446,0.1373105824084714,1.4935451924192604,0.0024439207526768965
24,43270.631199631585,2875.506465915993,0.13660893457513823,1.4892376799957818,0.002573828076326967
25,45298.23407815282,2875.9772475716836,0.1359113469419123,1.4849441756311454,0.002710510165838018
26,47341.9492872853,2876.4469032855186,0.13521730543042973,1.4806642000135302,0.0028543358665676206
27,49402.13177028198,2876.9110569646487,0.13452588376792066,1.4763972140767834,0.0030057063396531527
28,51478.32127157434,2877.3761162505994,0.133838504453234,1.4721444621251634,0.0031649358617909327
29,53571.197510618586,2877.838749948181,0.13315433352279224,1.4679048363437708,0.0033324829403650574
30,55680.8320329866,2878.298014353509,0.13247321069451992,1.463678440382772,0.00350877325219924
31,57806.86869796702,2878.7570239885376,0.1317958794000884,1.459466247708092,0.0036941936231319433
32,59950.08548229175,2879.211871912394,0.13112136906418909,1.455266894071618,0.0038892867817532438
33,62110.302447322254,2879.665581827058,0.1304503535634259,1.4510810806901666,0.004094499629276655
34,64287.416928005245,2880.117966620632,0.1297828782349103,1.4469093025298074,0.004310320997933668
35,66482.24667367984,2880.5643057842276,0.12911783556977255,1.4427501554140372,0.004537387175137098
36,68694.22205471763,2881.011008747536,0.12845661154405724,1.43860496974251,0.004776153258759446
37,70923.60999153844,2881.454933285947,0.1277986037356253,1.4344735750813884,0.005027241008366137
38,73170.95098598738,2881.8964743711804,0.1271437477574175,1.4303552483152784,0.005291315959239607
39,75436.17101341813,2882.3411755508523,0.12649307318323919,1.4262503405329545,0.005568965564314249
40,77719.68475573925,2882.7877724531013,0.12584624681917128,1.4221583391001502,0.0058609152103610875
41,80021.66047165076,2883.2342724312757,0.12520290235974135,1.4180792285785215,0.00616790305516664
42,82341.97507944767,2883.6843712053173,0.12456375475608558,1.4140135100760578,0.0064906134788396234
43,84681.12545440021,2884.1360990434214,0.12392833393563228,1.409960563672643,0.006829899884550134
44,87039.13126673157,2884.588827288671,0.1232965477412649,1.4059205699089463,0.007186578479041519
45,89415.83053199454,2885.044291330322,0.12266877332373306,1.4018940818742323,0.007561447912841124
46,91811.85076659633,2885.500315575989,0.1220444941830638,1.3978803642537028,0.007955511921969161
47,94227.05205342238,2885.9591045821944,0.12142414650190897,1.3938798672461312,0.00836965093170998
48,96661.4165161902,2886.418950755174,0.12080747066420085,1.3898928546054918,0.008804844891560868
49,99115.51166603142,2886.879322437178,0.12019425768261782,1.3859187201160135,0.009262216353374514
50,101589.13869772381,2887.3433397305234,0.1195851144076424,1.3819580595069045,0.009742750052443674
51,104082.59676684583,2887.8069367094154,0.11897930859539974,1.3780106395929563,0.010247664331361338
52,106595.93946047714,2888.2710162511025,0.11837700914413246,1.374076645405443,0.010778120043711243
53,109129.20858410453,2888.738584257539,0.11777873075968917,1.3701562980047592,0.011335291840559704
54,111682.865741914,2889.205384728004,0.11718368936706411,1.3662491765177842,0.011920613865288003
55,114256.77616823059,2889.6723795229514,0.11659211512124895,1.3623557770767967,0.012535368933335666
56,116850.94877092772,2890.1425505250463,0.11600451157830469,1.358476320984706,0.013180887259106287
57,119466.1213907227,2890.6110683877077,0.11541995475231367,1.3546100337179428,0.013858886839719807
58,122101.8831127377,2891.079476005156,0.11483883181128524,1.3507577955375123,0.01457074977077294
59,124758.22628026185,2891.5497274207055,0.11426149494034636,1.3469199353809402,0.0153180014356936
60,127436.02749658456,2892.0186084742168,0.11368725308060167,1.343095460729714,0.016102603102025558
61,130134.79541207985,2892.487603461458,0.11311650069531318,1.3392853830719393,0.01692610068243024
62,132854.6830433575,2892.9552446604716,0.11254900633266396,1.335489763392009,0.017790356436975838
63,135596.20003503416,2893.4222432597244,0.11198481034255607,1.3317082453068898,0.01869737986859399
64,138359.087272448,2893.89004978353,0.1114242296008726,1.3279414521913402,0.019648989843484663
65,141143.81899626815,2894.3530036745606,0.11086632965236955,1.324189074165537,0.020647521389242994
66,143950.34150396363,2894.8163426965857,0.11031197475091836,1.3204515141685862,0.021694922242810836
67,146778.59033874975,2895.2806715814268,0.10976130799026595,1.3167291664719183,0.02279332497002974
68,149629.594469264,2895.7368936804983,0.10921277165835182,1.3130210136872322,0.02394570287185477
69,152502.29429447054,2896.1940508444254,0.10866801324633475,1.309328768175431,0.025153710691894742
70,155397.4298638233,2896.649306345233,0.1081264939521524,1.3056518353888305,0.026420192579184237
71,158315.51793185837,2897.0991074758945,0.1075876197932324,1.3019898721593086,0.027748074192491978
72,161255.7260051779,2897.547683393967,0.10705224897456922,1.2983442990220448,0.029139459060986618
73,164219.17017324144,2897.9906995984184,0.10651956378497554,1.2947140942519217,0.030597787357032936
74,167205.61131002472,2898.4317883627054,0.10599020069771178,1.2910999069643352,0.032125656272504834
75,170214.8293904753,2898.868102808742,0.10546383873212903,1.2875023700176893,0.033725996962712716
76,173247.80688224765,2899.2966664471223,0.10493991203271465,1.283920686854515,0.03540253414480623
77,176303.9257482008,2899.724587688174,0.10441963565113316,1.280356013043018,0.037157740213379954
78,179383.71847822575,2900.1458039576382,0.10390208422207205,1.2768080895783238,0.03899546709360131
79,182487.39755487355,2900.5581721473905,0.10338697428699838,1.273277057562919,0.04091933429844515
80,185614.4138894196,2900.969274479566,0.10287555243907362,1.2697639506537637,0.042932022672126674
81,188766.2439584682,2901.3703412716923,0.10236637358514003,1.2662675732600808,0.04503856115097935
82,191942.13285143606,2901.768644975231,0.10186066528067574,1.2627891675830036,0.04724170010277394
83,195142.18151025972,2902.161785765221,0.10135813248140975,1.2593290521451943,0.049545389664034496
84,198367.58874954697,2902.5458925772964,0.10085809368814745,1.2558863732024916,0.051954651948529315
85,201617.30598132245,2902.927623992516,0.10036171804779541,1.252462663654582,0.05447221115183889
86,204892.51417011968,2903.295663757009,0.09986732172277708,1.2490572123623138,0.05710387484358516
87,208192.47625808918,2903.6565122377892,0.0993760025749432,1.2456712525308327,0.0598527426919083
88,211517.232069842,2904.011447199816,0.09888799309214837,1.2423051754371437,0.06272292849984601
89,214868.54334807573,2904.3597966057987,0.0984029917978467,1.2389577006751586,0.06572035669022334
90,218245.6085136079,2904.7090628598544,0.09792220752767723,1.2356300998332557,0.0688480648224831
91,221649.73224130637,2905.0613832005242,0.09744578535417178,1.23232160965569,0.07211151252061503
92,225081.1453823526,2905.4140571808875,0.09697338499568646,1.229032512583224,0.07551575674574784
93,228539.58344785718,2905.766749755787,0.09650506477255487,1.22576358268982,0.07906517691023654
94,232025.75562849108,2906.1223870785907,0.09604117202111785,1.222514690142927,0.08276484892513782
95,235539.91791373206,2906.476237910096,0.09558110414290903,1.2192861174361482,0.08662028812923449
96,239081.78989286697,2906.8269743807623,0.09512480706845099,1.2160787288766213,0.0906360725946073
97,242651.66823742227,2907.1803404783354,0.094673058814817,1.2128928033888307,0.09481656359688095
98,246250.3428914861,2907.5361770607574,0.09422579172997658,1.209728198890234,0.09916741558377493
99,249877.9876291654,2907.890088084888,0.09378248368660694,1.2065853605666512,0.1036941667918032
100,253534.28410300572,2908.2441496035267,0.09334352289861139,1.2034651777176129,0.1084008011335584
101,257220.1720848431,2908.6006243278357,0.09290914794637802,1.2003674588718136,0.11329281558754786
102,260936.03909112027,2908.958064112178,0.09247919882518989,1.1972925200460809,0.11837551466235033
103,264681.9013251165,2909.3109356062373,0.09205305086231881,1.1942409954657984,0.12365430344091016
104,268457.70915292326,2909.662428753723,0.09163119874528232,1.191213570987476,0.12913295253483256
105,272264.24752823834,2910.015872415157,0.09121405066896351,1.188210310248895,0.13481622101606353
106,276102.15745028004,2910.3664685564563,0.09080100755443926,1.1852313724962409,0.1407100151848947
107,279971.0678282375,2910.7160855423836,0.09039243537455481,1.1822777398846362,0.14681728625093424
108,283872.15764425904,2911.0672865356387,0.08998860273915633,1.1793492289129783,0.15314302980142758
109,287805.9109053799,2911.4198298501483,0.08958951255344054,1.1764462137140406,0.1596914959466299
110,291772.7909758369,2911.7661416400724,0.08919427735416023,1.1735691190288522,0.16646826387904096
111,295772.5021017853,2912.1136217067055,0.08880392840905292,1.1707188694077544,0.17347404288157042
112,299806.3474139287,2912.460425296113,0.08841819366548248,1.167895309693216,0.180714013119525
113,303874.55921391904,2912.8032383677305,0.08803674930795333,1.165099088341355,0.1881915340181554
114,307977.5595387856,2913.141399267924,0.08765957805114637,1.1623307263608258,0.1959092812919106
115,312116.2575822119,2913.480350865913,0.08728734409401519,1.159590406288179,0.20386882563307068
116,316291.7161616972,2913.8200362030066,0.08692003706011327,1.1568782647173683,0.21207299779701208
117,320504.6590667884,2914.156091241478,0.0865571695190958,1.1541946676989558,0.22052479394698843
118,324754.8907517318,2914.4882362935155,0.0861988404403815,1.1515406125169645,0.2292236001879341
119,329044.2294150924,2914.820654136334,0.08584548291801514,1.1489158171987173,0.23817100218351656
120,333373.5696987202,2915.1532723131477,0.08549711877106536,1.1463206414283431,0.2473673828333666
121,337743.9292476153,2915.48006870233,0.08515307499783863,1.1437554463702033,0.2568147554156198
122,342155.05167577154,2915.7998388950086,0.08481335300507604,1.1412212822598515,0.2665101226455993
123,346609.0361029695,2916.119373111687,0.08447867854581302,1.138717829140718,0.2764520869518258
124,351107.3105105754,2916.4385974603088,0.08414904971335474,1.1362452856501681,0.28663938768009606
125,355651.1669682661,2916.753217686901,0.0838239930856193,1.1338039410051668,0.2970714023833627
126,360240.89025393064,2917.062443815004,0.08350352490380494,1.1313946306830958,0.30774298146297824
127,364878.889892375,2917.3710554586223,0.08318813751366014,1.129017105236094,0.3186507715449663
128,369566.863591883,2917.6789432619544,0.08287782177746161,1.1266715366585434,0.32979082896960926
129,374306.3724026885,2917.9843170359395,0.08257238793433037,1.1243581601609387,0.34115878647271297
130,379098.74719429266,2918.2811487998333,0.08227120606351086,1.122077446819074,0.3527506770956404
131,383945.49531418155,2918.575651152433,0.08197501751526085,1.1198297732540161,0.3645562945049386
132,388849.1074246517,2918.866268305959,0.08168361863465974,1.1176150721489801,0.37657045498873115
133,393811.83125040727,2919.155521207236,0.08139728926725275,1.1154334539359971,0.3887842752922893
134,398836.240252678,2919.437259755656,0.08111533536623876,1.113284985627643,0.40119307862427306
135,403923.4677767275,2919.7142980120043,0.08083815707657042,1.1111703635047134,0.4137827591469718
136,409077.4995516877,2919.9896983570106,0.08056600561370927,1.1090891034319441,0.42654498249620976
137,414301.1432608695,2920.2633600744466,0.08029886233501193,1.1070412867234731,0.43946897755063474
138,419597.45646566455,2920.5351579428016,0.08003670420540786,1.10502698007861,0.4525433802872779
139,424969.678036907,2920.7972705860343,0.07977866973165239,1.103046263611092,0.4657607353912487
140,430419.85009107366,2921.0558987356653,0.07952550436682178,1.1010996918908431,0.47910079808684436
141,435953.23858812836,2921.3124258933176,0.07927726091665736,1.09918670587684,0.49255288934471314
142,441573.8795738878,2921.566757082456,0.07903390644527321,1.0973072700880853,0.5061028443553715
143,447286.1246478484,2921.815959207455,0.07879510150836794,1.095461343239121,0.5197378136817626
144,453094.123558892,2922.0568676284156,0.07856050820663399,1.0936490387590805,0.533443352087588
145,459001.8752227026,2922.2923124981457,0.07833044878896575,1.0918705619616575,0.5471990014436453
146,465016.37892586656,2922.5253364636146,0.07810514728145343,1.0901252996754438,0.5609896862535629
147,471143.6001860504,2922.7558980901454,0.07788455778280959,1.0884130715262048,0.5747984628485837
148,477389.9480118832,2922.9838834932775,0.0776686243933159,1.0867336776500995,0.5886078698302011
149,483762.1233576126,2923.2092119348795,0.0774572999123429,1.0850869504498257,0.6023994352780582
150,490267.8058714614,2923.4237652588567,0.07724967347848331,1.0834726197495363,0.6161615919549345
151,496913.2083289713,2923.635329521432,0.0770465827098504,1.0818908523667725,0.6298651142644601
152,503709.02448630886,2923.8442409537192,0.07684793679811237,1.0803408564618446,0.6434943965278584
153,510664.99023781973,2924.050465820925,0.07665366627305462,1.0788222603922513,0.6570300376094141
154,517791.6867160601,2924.253980343171,0.07646369666499672,1.0773346461126767,0.6704522591690758
155,525100.6568193312,2924.4547651716125,0.07627794850284128,1.0758775531649236,0.6837409783561842
156,532604.5826737528,2924.6480095162997,0.07609584069962343,1.0744504963753465,0.6968802980455698
157,540315.2106150109,2924.833576335041,0.07591733216800198,1.073053339654909,0.7098460989256082
158,548249.6316938811,2925.016116972342,0.07574276129586227,1.0716851206121794,0.7226165459742878
159,556425.7026124366,2925.1961145758214,0.0755720507802003,1.0703450105855905,0.7351718660044878
160,564862.6626512051,2925.3736128818,0.0754050787437809,1.0690321845262754,0.7474917579703281
161,573581.7945215246,2925.5486391838085,0.07524171245988227,1.0677457479817531,0.7595557072191951
162,582606.8747766033,2925.7212895351554,0.07508181403109773,1.066484715006138,0.7713430777742402
163,591964.8157420891,2925.8891271193934,0.07492496638913373,1.0652479550267597,0.7828361373923312
164,601683.8053444375,2926.050198601422,0.07477082607139476,1.0640344892360718,0.794014063807839
165,611799.6284632727,2926.2093466818637,0.0746196525802512,1.0628426801488309,0.8048534883106255
166,622352.7723095723,2926.3667754285852,0.07447120831489563,1.0616707353439632,0.8153355238473045
167,633388.8874589838,2926.522712703121,0.07432523892461969,1.060516719671499,0.8254404589148574
168,644960.634924988,2926.677412506851,0.07418145172277314,1.0593783991936396,0.8351485534856025
169,657129.4100668743,2926.831186007857,0.07403950891197907,1.05825316945438,0.844440090793046
170,669967.5472282534,2926.9844425895094,0.07389901781640223,1.0571379550137672,0.8532953527206154
171,683561.3471611055,2927.1370085038484,0.07375944627983604,1.0560290943484902,0.861695463320081
172,698013.5416480923,2927.2838890474004,0.07361968543915809,1.0549222553217834,0.8696260028620506
173,713445.0669963133,2927.4320035005558,0.07347972870841384,1.0538123896782197,0.8770569747857123
174,730016.7200977408,2927.5823116141332,0.07333868177852863,1.0526923857108397,0.8839700879266073
175,747924.0439307586,2927.7359943481015,0.07319548488445708,1.0515537652134328,0.8903427850263049
176,767417.3633572676,2927.8932536672896,0.07304864418541536,1.050385608342855,0.8961517040586064
177,788821.1886843882,2928.0567513609826,0.0728964586696526,1.0491737022004561,0.901366654164321
178,812581.4427979352,2928.229769353933,0.07273651813648546,1.0478982419356335,0.9059538021736617
179,839319.8076218616,2928.4154072520796,0.07256529249028673,1.0465314151017202,0.9098706348631086
180,869943.318197163,2928.6116312037925,0.07237694727571532,1.0450323287422825,0.9130643977696014
181,905851.8768720442,2928.8353323321317,0.07216433217034923,1.0433368560683567,0.9154333461810356
182,949523.1426882258,2929.1027129780705,0.07191319250883992,1.0413296715834324,0.9168272407265852
183,1005818.0539982595,2929.4463864005306,0.07159510721135849,1.0387803470376133,0.9169401901672131
184,1087139.4872488347,2929.9366409582735,0.0711344606338329,1.0350866906861418,0.9149839413861192
185,1189267.6721945317,2930.5702495104815,0.07054131711773272,1.0303165362897098,0.9103477897477951
186,1285399.5346998433,2931.187947956706,0.06995857227031782,1.0256195652740137,0.9043586985911591
187,1376357.537473041,2931.7974390025456,0.06937957987508356,1.0209420024181735,0.8974526481462387
188,1463161.7979346686,2932.406421550468,0.06879768562138892,1.016229391445243,0.8897509905158597
189,1546208.0369530718,2933.0210246635907,0.06821091922412392,1.0114624389683717,0.881263776795556
190,1624827.4514761437,2933.627171275364,0.06762434046398792,1.0066878877273568,0.8720780360897608
191,1697738.727670647,2934.2197742168287,0.06705101104595351,1.0020065193631202,0.8623664173612404
192,1764664.940135103,2934.7764496426744,0.06649580827387301,0.997470923534412,0.8522802162234129
193,1825786.8087389222,2935.3134986537043,0.0659636945085022,0.993108418033695,0.8419004933184295
194,1881570.8451784472,2935.815322488501,0.06545387240700669,0.9889250274513278,0.8313142933137209
195,1932528.8816241212,2936.2940687015653,0.0649670998614085,0.9849196572980403,0.8205602472896533
196,1979206.1959026898,2936.745752547695,0.0645016391001086,0.9810831973013712,0.8096797620801419
197,2022090.6563423818,2937.1674583288623,0.06405580796391984,0.9774060025419377,0.7987001628915471
198,2061633.062228171,2937.575651433296,0.06362930210501146,0.9738759055193914,0.7876246953947641
199,2098229.052931901,2937.9427195688736,0.06321809258575503,0.9704813784427755,0.7764919224215033
200,2132210.5699418928,2938.303208539667,0.06282371844429786,0.9672121895419773,0.7652795454460458
201,2163878.4231673796,2938.644418463484,0.06244357450856204,0.9640575522543382,0.7540082182750859
202,2193484.793991753,2938.960020467305,0.062075886927256886,0.9610085930251193,0.7426882558722926
203,2221250.630469255,2939.2709237080803,0.06172122138401942,0.9580566279244429,0.7313049468204315
204,2247369.4733559084,2939.561295208004,0.06137714400870788,0.955193718907833,0.7198770896568726
205,2272003.7024589623,2939.8332020659095,0.06104295124214341,0.9524134965202059,0.7084049524308821
206,2295299.6425161487,2940.102426587238,0.060719045116379884,0.9497093339840629,0.6968771889128692
207,2317385.5156931756,2940.3555429793546,0.06040350384460365,0.9470753456006976,0.6853084966550882
208,2338370.741357428,2940.5865671729243,0.06009519144084354,0.9445067899423278,0.6737052371178656
209,2358353.5041162167,2940.815714008344,0.05979511001073939,0.9419988548329715,0.6620519040461181
210,2377422.078156741,2941.042546683807,0.0595026081417744,0.9395470806505704,0.6503512381646758
211,2395654.8811239246,2941.238689427042,0.059214857906278756,0.9371475333081049,0.6386278456137057
212,2413119.05139499,2941.4336200507805,0.058933788361784395,0.9347968416929643,0.6268587234111351
213,2429877.668778987,2941.627640568295,0.05865893464086091,0.9324914341776023,0.6150456972825756
214,2445987.5240428173,2941.8147739485803,0.058389381117957384,0.9302280853498872,0.6031950580607351
215,2461499.1722406545,2941.992897044878,0.0581245763770206,0.9280039429918694,0.5913093676721618
216,2476458.6999104093,2942.1708117632566,0.057864842056943304,0.9258162121379933,0.579383013078595
217,2490908.2297423705,2942.3484637638016,0.05760981151637049,0.9236622145756358,0.5674173678623409
218,2504886.130412431,2942.525727994147,0.05735913721947985,0.9215394432076212,0.555413773678836
219,2518427.477140602,2942.702783203562,0.05711252317646178,0.9194455908466184,0.5433731286119142
220,2531564.4572628974,2942.8798886784825,0.056869695016986986,0.9173784549785152,0.5312962622775053
221,2544326.704961436,2943.0571374560413,0.05663037795128748,0.9153359158657906,0.5191840849533781
222,2556741.590598214,2943.234185681936,0.056394276418013485,0.9133159388273382,0.5070377477912916
223,2568834.47607024,2943.4106924741436,0.0561611129612914,0.9113166129169226,0.49485830887938476
224,2580628.9632276925,2943.586920176957,0.05593066721143035,0.9093360987446514,0.48264638704999674
225,2592147.1495573535,2943.7637690655797,0.055702768834421275,0.907372558549949,0.47040221309519803
226,2603409.7917186473,2943.9408336467673,0.05547715717699335,0.9054242148237285,0.4581268500368221
227,2614436.462051682,2944.1182643804636,0.05525362315857107,0.903489351955464,0.4458208918799994
228,2625245.7228904194,2944.296908080921,0.05503201047956188,0.9015662480561827,0.4334845730909492
229,2635855.274594381,2944.4767867324626,0.05481209693340935,0.8996531392930424,0.4211186339372645
230,2646282.0683881366,2944.6575621189913,0.054593640043058084,0.8977483012598844,0.4087239334179904
231,2656542.4217967023,2944.838861906009,0.05437639861367642,0.8958500242348325,0.396301282492147
232,2666652.1504717954,2945.021763593336,0.05416023050103512,0.8939565190608961,0.38385075185424955
233,2676626.698371115,2945.20640932503,0.05394492077831083,0.8920659584761094,0.3713729553951463
234,2686481.264361823,2945.3930404230446,0.05373025837877436,0.8901764748415278,0.3588683682863684
235,2696230.8953737128,2945.5802710603775,0.05351590673436776,0.8882861286342132,0.3463382702183088
236,2705890.608099362,2945.769847269473,0.053301743634828605,0.8863928496815793,0.33378245319866834
237,2715475.554018247,2945.9620635891033,0.05308753081103834,0.8844944741318027,0.32120147796134657
238,2725001.1752597727,2946.157160927182,0.05287301531679778,0.8825887342417962,0.3085958894431618
239,2734483.3516790504,2946.353768220578,0.052657807600579254,0.8806731686278141,0.29596688836339724
240,2743938.550572923,2946.552916065875,0.05244166551839628,0.8787450857196335,0.28331476070859174
241,2753384.0888612275,2946.7554087772205,0.052224304408642154,0.8768015608603392,0.2706399634186687
242,2762838.3946462753,2946.9620990477683,0.052005409427954216,0.8748393716100394,0.2579430328003805
243,2772321.302064108,2947.1716458561928,0.05178448299945787,0.8728550374823196,0.24522531357631477
244,2781854.417335978,2947.3859219003275,0.051561191738543115,0.8708445226962643,0.23248720770722364
245,2791461.611360693,2947.606122229013,0.051335092562416564,0.8688032479292761,0.21972960940021938
246,2801169.620420166,2947.8326062068095,0.05110561539161624,0.8667260212932941,0.2069538480506168
247,2811008.794865376,2948.063813983786,0.05087198284487672,0.8646069725064964,0.1941619874419228
248,2821014.089157872,2948.30296420985,0.050633617124050796,0.862439063570719,0.18135521980482328
249,2831226.432969555,2948.5514525914423,0.0503896634544614,0.8602139247036684,0.16853586484551528
250,2841694.5454422026,2948.8092677750765,0.05013899299128449,0.8579215932532448,0.1557072095822033
251,2852477.437778408,2949.077223494332,0.04988030442415678,0.8555500452181428,0.14287326907671777
252,2863648.03472402,2949.359657564672,0.04961218218796606,0.8530841142196512,0.1300388850289803
253,2875298.4654033296,2949.6576824940034,0.049332554401070317,0.8505047185939898,0.11721156406127846
254,2887548.0164549192,2949.9712773340875,0.049038654744899414,0.8477872090924268,0.10440188929363198
255,2900555.6276769545,2950.309910575212,0.04872744346932533,0.8448988086694674,0.09162377194712076
256,2914499.7100062845,2950.6757742112154,0.04839506994132934,0.8418035244922439,0.07893335204813309
257,2927950.171719004,2951.031206528769,0.04807592403466984,0.8388211588856879,0.06766489225662961
258,2941036.612528777,2951.3818873242226,0.047767368736504306,0.8359263301680839,0.05765951327353268
259,2953812.0266503426,2951.7222177055773,0.04746791501235776,0.8331098522900606,0.04882313227225048
260,2966321.6370277954,2952.058975294619,0.04717704039521653,0.8303638774171692,0.041063875658690754
261,2978610.7618183717,2952.3914092888967,0.0468937259689697,0.8276803897080427,0.034290055849286516
262,2990715.467754111,2952.7168964987213,0.04661702535941494,0.8250529495135748,0.0284158153456691
263,3002669.4142870232,2953.0392145821547,0.046346455548454735,0.8224755484254463,0.023357229031985748
264,3014502.759976803,2953.3576797958212,0.04608132175544855,0.8199427495431587,0.019033946093825034
265,3026241.3880599895,2953.6717615755365,0.045821039194290446,0.8174499398046925,0.015369423226860548
266,3037911.1689950773,2953.9854962070112,0.04556530421365714,0.8149924409469947,0.012289926787192502
267,3049534.007763508,2954.2961294154793,0.04531347279201032,0.8125662569903312,0.00972634941003498
268,3061127.763183585,2954.6038373655706,0.04506519148507214,0.8101683184986798,0.00761393746701512
269,3072712.581584809,2954.9120998261064,0.04482023762400472,0.8077948972296729,0.005891559595801805
270,3084303.997831163,2955.21867620903,0.0445781563226285,0.8054432881143602,0.0045033131521838915
271,3095915.1252157795,2955.5221739990625,0.044338592153789214,0.8031111702608441,0.0033980762115896957
272,3107559.4104504455,2955.827070493766,0.04410154188976595,0.8007961992522572,0.0025294283814196084
273,3119249.2503453055,2956.130561534348,0.04386658803625007,0.7984962230070238,0.001856010904859122
274,3130992.3446914456,2956.430051336177,0.04363343390717951,0.7962100243191741,0.0013415800459592366
275,3142798.714492678,2956.7314299820855,0.043402221509169545,0.7939357985101743,0.0009545338657539346
276,3154675.871849142,2957.033831131577,0.043172757582612506,0.7916723353753591,0.000668002065418969
277,3166630.119356169,2957.332089763781,0.04294462628195256,0.7894186513734645,0.0004594607033346856
278,3178665.6759791723,2957.6324581924982,0.04271812042952982,0.7871741454170847,0.0003103695633107087
279,3190788.6475412,2957.935083266319,0.04249312955185508,0.7849377979502528,0.00020573639790220197
280,3203002.605281018,2958.232412995067,0.04226916119549036,0.7827091181338829,0.00013372342514686753
281,3215307.833746715,2958.5315935433346,0.04204662824886845,0.7804881716339199,8.516420140842522e-05
282,3227709.2716247537,2958.8332246876466,0.04182548138163356,0.7782742496769108,5.3097854167173e-05
283,3240209.9390247916,2959.130472646316,0.04160529054053205,0.7760669913015305,3.238186203695138e-05
284,3252808.1238244884,2959.428251441946,0.04138636541618628,0.7738667267928959,1.9302887304397707e-05
285,3265507.5411188793,2959.728341816181,0.04116874209875315,0.7716729148631309,1.1236741129023244e-05
286,3278309.9199942145,2960.025774998784,0.04095213338905232,0.7694855006611233,6.38237836929156e-06
287,3291214.591371251,2960.3227044352093,0.0407366777971781,0.7673046901451633,3.534318625235867e-06
288,3304224.2166648987,2960.6217820282823,0.04052247489442968,0.7651300901849628,1.9063754907418032e-06
289,3317339.8821887434,2960.9190061198183,0.04030930138694051,0.7629617066284575,1.0007436229094238e-06
290,3330559.397571968,2961.213646297399,0.04009716576770157,0.7608000188285884,5.109292604795215e-07
291,3343887.184300101,2961.5111324430272,0.03988629300901044,0.758644405438993,2.534932685650073e-07
292,3357324.2390652415,2961.8076699640837,0.039676463554679284,0.7564947733223094,1.221784451426896e-07
293,3370867.5565145942,2962.0997551825544,0.03946755556630725,0.7543517721162115,5.724585513969093e-08
294,3384520.730471326,2962.3949960064215,0.03925994273986936,0.7522151237083404,2.6138903036636834e-08
295,3398288.969085705,2962.691444534252,0.03905341974579581,0.7500839086676826,1.172022347109881e-08
296,3412165.834455628,2962.981366071453,0.03884769338964741,0.747959252733938,5.268603671913724e-09
297,3426152.6931297863,2963.273786332528,0.03864323130281671,0.7458411137373142,2.487540547235983e-09
298,3440256.1994984485,2963.569146234622,0.03843996478861974,0.7437286676990557,1.3389299874588691e-09
299,3454474.51854482,2963.8569917220684,0.03823738704239218,0.7416222907694688,8.911527144923624e-10
300,3468805.0026106928,2964.146182157797,0.038036003981822816,0.7395224579771402,7.334099729724997e-10
301,3483253.2832991127,2964.4376468918567,0.03783578325499121,0.7374284444628699,6.915236932135425e-10
302,3497818.348632205,2964.723868881107,0.0376363636071254,0.7353405048680319,6.945939261335842e-10
303,3512499.5783542194,2965.0104942707576,0.03743806377241693,0.7332589643290236,7.14884778994564e-10
304,3527300.6652596835,2965.2987627699713,0.03724088829767736,0.7311833003356578,7.420214257220485e-10
305,3542222.347507976,2965.583379759632,0.03704457021162928,0.7291135393055053,7.723078162131093e-10
306,3557262.576047853,2965.866589786688,0.03684926254335663,0.7270500987721784,8.04494113226924e-10
307,3572425.90134455,2966.151878416089,0.03665508754000595,0.7249925132073404,8.382109983376001e-10
308,3587712.997763974,2966.43416392283,0.036461787958184146,0.7229407628819742,8.733842976514611e-10
309,3603120.973628865,2966.713394545057,0.03626941431913161,0.7208953883823198,9.100212803140643e-10
310,3618654.666170704,2966.994216645048,0.0360781295212365,0.7188557782411317,9.481728742176378e-10
311,3634315.2567280903,2967.2749633828953,0.035887850033743916,0.7168219527637371,9.878995757960362e-10
312,3650101.676687571,2967.5498770080726,0.03569832051450845,0.7147941655653511,1.0292664993887903e-09
313,3666015.0207683146,2967.8266536167953,0.03550991345751075,0.7127724517396042,1.0723291505733912e-09
314,3682058.621531845,2968.104553452383,0.03532255117637639,0.7107564376823459,1.1171634543235864e-09
315,3698232.106193578,2968.375557042357,0.03513586110444436,0.70874624043584,1.163849204385806e-09
316,3714534.3039872334,2968.64846613251,0.03495028961338385,0.7067421663187633,1.212440562965737e-09
317,3730970.5554677416,2968.923497146923,0.03476579255101592,0.7047437195652858,1.2630267736926172e-09
318,3747540.5082146125,2969.1925523453456,0.03458199906468474,0.7027510176083246,1.315697766252832e-09
319,3764242.5932858237,2969.4631770152005,0.034399285410983624,0.7007643228366023,1.3705156943458117e-09
320,3781081.5650357883,2969.7356860671275,0.03421762080781222,0.6987832238073937,1.4275782158788084e-09
321,3798058.382920737,2970.0044012272974,0.034036741643044,0.6968077369017577,1.4869863528199068e-09
322,3815170.1263155574,2970.2725070263737,0.03385683310789801,0.6948382797988087,1.5488136989420024e-09
323,3832421.428834668,2970.542529758531,0.03367796644232728,0.6928744415324195,1.6131648421060669e-09
324,3849813.3072400126,2970.812319903495,0.03350003605221659,0.6909161837768372,1.6801455834556758e-09
325,3867346.7841173853,2971.0818417809073,0.033323040246900464,0.6889635398140262,1.7498609402890426e-09
326,3885021.9095109524,2971.3532293620283,0.03314707937757577,0.6870165970158938,1.8224111585893598e-09
327,3902842.089244227,2971.624818527168,0.03297205118896757,0.6850751112101553,1.8979233661721116e-09
328,3920805.995085103,2971.8957041636318,0.032797938850517634,0.6831393597618594,1.976507555711655e-09
329,3938916.213777555,2972.167771175799,0.0326247915134745,0.6812090236583916,2.0582889474399716e-09
330,3957173.9753829627,2972.4406061178784,0.03245259687155925,0.679284206591655,2.1433962472164337e-09
331,3975578.7853675755,2972.7110966729488,0.03228122986615976,0.6773650560248633,2.231963411711254e-09
332,3994132.598918812,2972.9838504855425,0.032110881321838904,0.6754515046055856,2.3241185020982218e-09
333,4012839.177347778,2973.2581648814767,0.03194148227524473,0.6735431963801114,2.420020636286596e-09
334,4031696.6541023236,2973.529815250524,0.031772879350312706,0.6716404636055866,2.519817241659783e-09
335,4050706.9085216452,2973.8028194778376,0.031605230222100496,0.6697431836162748,2.623654103223349e-09
336,4069868.3485279987,2974.0774899840003,0.03143857394488812,0.667851675867012,2.731674505837331e-09
337,4089186.8134835623,2974.349070077971,0.03127265467728246,0.665965395811939,2.8440897346615016e-09
338,4108661.3317373376,2974.622057558232,0.031107687043098648,0.6640846370800421,2.9610444902980757e-09
339,4128294.016086466,2974.8970633011413,0.030943676599801743,0.6622092329741674,3.082722895231624e-09
340,4148087.146549825,2975.1700295164796,0.030780440625757247,0.6603390736459135,3.2093368718867153e-09
341,4168034.6516166227,2975.442121818225,0.030618085967460084,0.6584748110074445,3.3410295633812543e-09
342,4188146.534142714,2975.7161838365496,0.030456652281782574,0.6566156497797069,3.478048745031029e-09
343,4208420.995429594,2975.9897155007943,0.030296058378660107,0.6547618593274491,3.6205972451698985e-09
344,4228857.017358219,2976.2620269476038,0.030136288573789735,0.6529136031715693,3.768881702635773e-09
345,4249459.832470728,2976.536085383318,0.029977424535807207,0.651070497239621,3.9231450792796366e-09
346,4270230.292278014,2976.809896841382,0.029819389263090936,0.6492326183420929,4.083632375174683e-09
347,4291164.192765517,2977.080710463675,0.029662108806502403,0.6474003876433264,4.250562588668921e-09
348,4312266.749623596,2977.353479151335,0.029505743999777612,0.6455734323738139,4.424195340646912e-09
349,4333539.040296558,2977.6273893513744,0.029350261729768998,0.6437517888321195,4.6047988976039946e-09
350,4354984.948482315,2977.8974118613164,0.02919544425135397,0.6419352736023791,4.7927038766418904e-09
351,4376600.624434602,2978.1693640782223,0.02904154482357306,0.6401241828236506,4.988118789879947e-09
352,4398388.78394892,2978.442524511185,0.028888523888821443,0.6383184372567243,5.191357493551286e-09
353,4420351.604652071,2978.71144404939,0.028736159889865446,0.6365179548097982,5.402776557390541e-09
354,4442488.43176831,2978.981754713159,0.02858468167842486,0.6347228809606489,5.622640462711154e-09
355,4464805.164575792,2979.253826847138,0.028434068753305862,0.6329328748570425,5.851327148899585e-09
356,4487299.85072452,2979.5222095406143,0.028284124536785284,0.631148097170918,6.0891970717395604e-09
357,4509971.165718662,2979.7909765090844,0.028135022515163994,0.6293687759643881,6.3365515151828076e-09
358,4532825.943908635,2980.0612924125357,0.027986764428645998,0.6275944783472904,6.593817635845558e-09
359,4555861.932753495,2980.3282671248426,0.027839185811241625,0.6258254522717688,6.861391000544515e-09
360,4579076.151505301,2980.5934448523262,0.02769237398285892,0.6240620464887942,7.139611920273405e-09
361,4602476.714210939,2980.8605664650213,0.02754641316194907,0.6223036750525828,7.428947649974117e-09
362,4626064.079368036,2981.1270346890983,0.0274012096617597,0.6205504040477754,7.729852816049542e-09
363,4649837.797477262,2981.3907664196395,0.027256701358679778,0.6188024216090977,8.042781868317731e-09
364,4673801.8269940205,2981.6562922858743,0.027113027494692386,0.6170594530876949,8.368198396475846e-09
365,4697958.01058279,2981.922221715119,0.02697013671876013,0.6153215310518502,8.706617048048563e-09
366,4722301.443041563,2982.182002127733,0.026827817101545318,0.6135889637240534,9.058540286271481e-09
367,4746834.97251017,2982.443258569778,0.02668633855462064,0.6118617108970396,9.424426791392548e-09
368,4771564.567214437,2982.7064953134955,0.026545689285165548,0.6101394753942926,9.804887484814044e-09
369,4796490.31174577,2982.9628857675043,0.026405553749751502,0.608422268283692,1.0200594282074893e-08
370,4821609.986130361,2983.2213897304223,0.0262662715472262,0.6067103549160824,1.0611965235376792e-08
371,4846929.692922455,2983.4817562409603,0.026127804727313506,0.6050034464427773,1.1039693410054512e-08
372,4872450.430351639,2983.7361975317112,0.025989876960420027,0.6033015298327102,1.1484530043757261e-08
373,4898167.14884757,2983.9906223404037,0.02585272976848051,0.6016050266017453,1.1946938077684599e-08
374,4924088.360662562,2984.2470412193807,0.025716383721158326,0.5999134040947782,1.2427705545839278e-08
375,4950213.710188045,2984.4995735335683,0.025580650459126504,0.598226862163488,1.292760983355293e-08
376,4976541.608082641,2984.7501646831724,0.02544561120789848,0.5965455835213066,1.3447302059959594e-08
377,5003079.332105293,2985.002424291607,0.025311348129710896,0.5948691173047145,1.398760748737187e-08
378,5029827.039990185,2985.2518560089566,0.025177713173183836,0.5931975486616995,1.4549385567906015e-08
379,5056779.050989603,2985.497035456135,0.02504469836055698,0.5915313618464001,1.5133338546441262e-08
380,5083945.711277236,2985.7415360997334,0.024912380527983245,0.5898700632413328,1.5740446998476122e-08
381,5111325.928176022,2985.9847080332684,0.02478074592286599,0.588213773692648,1.637156331385148e-08
382,5138919.788732248,2986.2214011644933,0.024649620558899875,0.5865624711401958,1.7027698972085472e-08
383,5166727.092794404,2986.4593268494054,0.024519269490018467,0.5849162885104742,1.7709598111454142e-08
384,5194755.041689882,2986.698286051778,0.024389658795606076,0.5832749401263995,1.84183930523684e-08
385,5223006.426105291,2986.9279133359537,0.024260442457287236,0.5816383537640414,1.9155410001803975e-08
386,5251475.497257733,2987.158447865437,0.024131990325508928,0.5800069707826746,1.992127828544752e-08
387,5280171.675145712,2987.3899795655775,0.024004264713370475,0.5783803433140448,2.0717312485166592e-08
388,5309094.48531722,2987.6133900587997,0.02387697955193021,0.5767585750515788,2.1544869144654603e-08
389,5338238.994696794,2987.83532961475,0.023750369520193722,0.5751419291848934,2.240477868722446e-08
390,5367611.422239128,2988.0589911357906,0.02362451161873539,0.5735301404534788,2.3298310619956848e-08
391,5397219.062253697,2988.277233629183,0.023499163035619244,0.57192303115513,2.4227136899904624e-08
392,5427057.633092567,2988.492817396065,0.023374442287534096,0.5703209916400227,2.5192320095654727e-08
393,5457137.397053497,2988.7093746250307,0.0232504159139872,0.5687234716762333,2.6195415350840925e-08
394,5487457.142694519,2988.921447162394,0.023126920056495574,0.5671305701085819,2.72379689135621e-08
395,5518007.31899671,2989.12655043645,0.0230039239888823,0.5655428532344157,2.832117400223852e-08
396,5548796.750005193,2989.3315528926137,0.022881608132244696,0.5639599460181316,2.944656412639495e-08
397,5579828.815312386,2989.535269198466,0.022759930877340323,0.5623818129593442,3.061583641937269e-08
398,5611110.118826663,2989.731584992456,0.022638693473021262,0.5608083112855243,3.183108199805292e-08
399,5642640.372645045,2989.928823428718,0.022518154024298607,0.5592395193936436,3.309361834423178e-08
400,5674424.236431119,2990.1268144084033,0.02239828739528587,0.5576752261813002,3.440536456245358e-08
401,5706462.093619663,2990.3126152461014,0.022278707869056787,0.5561154672436179,3.5768725092913356e-08
402,5738745.7079336,2990.498425043295,0.022159818654816803,0.5545607211992247,3.718462672469984e-08
403,5771285.313528958,2990.684411118305,0.022041593958072397,0.5530106381096408,3.8655402558079264e-08
404,5804084.520282106,2990.861676482258,0.021923765644691603,0.5514651604545044,4.018365869407124e-08
405,5837141.519874796,2991.0369295755727,0.02180654634305533,0.5499244825879475,4.177102351889933e-08
406,5870464.4423834495,2991.2133491773916,0.021690000242276193,0.5483882725120582,4.341985108835069e-08
407,5904056.471106768,2991.3823307097337,0.02157386708088895,0.5468564162841224,4.5133031613465416e-08
408,5937906.802698524,2991.5455158943805,0.02145824657567754,0.5453295689229021,4.691220765970037e-08
409,5972030.371236166,2991.7089361540634,0.021343262686337156,0.5438071185872011,4.876017373690469e-08
410,6006429.972198441,2991.86804305723,0.021228782150556555,0.5422890449235307,5.0679855273786974e-08
411,6041099.989603531,2992.0195476539375,0.021114742820258436,0.5407757468366466,5.2673720510945556e-08
412,6076048.08492279,2992.171152919914,0.021001334582463373,0.5392668754918275,5.474435606247158e-08
413,6111276.089177072,2992.3206905114957,0.02088849476803307,0.5377624362729071,5.689477773280133e-08
414,6146784.472637476,2992.4584720449097,0.02077596057936212,0.5362625300179491,5.9128601104588864e-08
415,6182572.214658732,2992.5966643845095,0.020664082160626856,0.5347673032752337,6.144778851974032e-08
416,6218650.43253007,2992.735150057938,0.020552822603623514,0.533276356039401,6.385611298224005e-08
417,6255022.087581914,2992.860937915412,0.020441831271585553,0.5317897772733072,6.63580608986272e-08
418,6291683.697233731,2992.985875046712,0.02033144260427479,0.5303076886445697,6.895572966744863e-08
419,6328636.946761492,2993.1108216522243,0.020221674024044362,0.5288300425358977,7.165256814908276e-08
420,6365891.978698224,2993.226155208342,0.02011224633412057,0.5273566024347179,7.44537643905811e-08
421,6403435.994092752,2993.336804015594,0.02000333798078847,0.52588795809046,7.736157190926427e-08
422,6441285.52617767,2993.447676724532,0.019895037896930333,0.52442357097327,8.038054867217847e-08
423,6479443.904626891,2993.5586514384363,0.019787336240587008,0.5229633870141138,8.35149336808249e-08
424,6517912.487373791,2993.669575903062,0.019680224719083757,0.5215073816472505,8.676896897339445e-08
425,6556693.528034318,2993.7801482290656,0.01957369529683319,0.5200555842017254,9.01471130867966e-08
426,6595792.457078028,2993.891407706689,0.019467766856045482,0.518607915838964,9.365410857989862e-08
427,6635213.438381602,2994.0053227153735,0.019362479724747715,0.517164270129734,9.729467260076301e-08
428,6674958.116748759,2994.1195562631306,0.019257766615216287,0.5157245964348416,1.0107401497453235e-07
429,6715025.63112078,2994.2343728867354,0.019153650956691283,0.5142891499885499,1.0499688111790367e-07
430,6755424.656139515,2994.3531035637375,0.019050196661056156,0.5128576851236017,1.0906872789347243e-07
431,6796156.016774228,2994.4731273578213,0.018947334090251053,0.5114302090251257,1.1329530429676342e-07
432,6837219.484159065,2994.5972725041074,0.018845134957851107,0.5100067657270875,1.1768163284003538e-07
433,6878615.108399221,2994.7240345360524,0.018743563548687895,0.5085874347030226,1.2223354131253248e-07
434,6920358.535484862,2994.8510129167003,0.0186425283249376,0.5071718289544964,1.2695898917129858e-07
435,6962445.426564116,2994.9780267470173,0.018542042823912624,0.5057602228526374,1.3186363251454367e-07
436,7004872.170498444,2995.1061402000846,0.01844213760365657,0.5043527056579878,1.369532028779947e-07
437,7047646.234759248,2995.235344139942,0.018342797450632057,0.5029491082317796,1.4223509784822447e-07
438,7090767.112318204,2995.3643258958764,0.01824399439515875,0.5015495206438532,1.4771624916686557e-07
439,7134239.227489537,2995.4941882154344,0.018145752895003284,0.5001539401338253,1.534039549499757e-07
440,7178068.455936902,2995.6260711727673,0.018048098368439184,0.4987623727087939,1.5930593168289895e-07
441,7222255.839816682,2995.7587867956204,0.017950991853093602,0.4973747136932723,1.6543016301581628e-07
442,7266811.283368309,2995.8904125660392,0.01785436545415565,0.4959906898892121,1.7178630219371573e-07
443,7311721.660787871,2996.022787050569,0.017758299367550925,0.49461083178406123,1.7838009936185854e-07
444,7356998.750851698,2996.1549451467235,0.01766275203793926,0.4932349117552553,1.8522179021244928e-07
445,7402643.428735045,2996.286306471603,0.0175677076281486,0.491862926483707,1.9232030484404523e-07
446,7448658.01411898,2996.419348192025,0.017473226756499267,0.49049494050886394,1.9968430724290325e-07
447,7495055.11374671,2996.553443923965,0.017379267951996038,0.48913061321933127,2.0732527362768884e-07
448,7541836.542188169,2996.6878278407794,0.017285814109718904,0.48776998500079916,2.152534186601697e-07
449,7588993.601578913,2996.8222386784837,0.017192880519886055,0.48641338558082337,2.234772915344947e-07
450,7636538.050131688,2996.957772352017,0.017100474344153228,0.4850605915974283,2.3200887375149045e-07
451,7684474.6935082935,2997.0927746651682,0.017008550070631723,0.4837115236911496,2.4086028353883887e-07
452,7732798.565115626,2997.227251921646,0.01691711255051275,0.4823662734756404,2.5004180858698565e-07
453,7781511.856550417,2997.361594676008,0.016826177625267846,0.48102496729320826,2.5956503399902837e-07
454,7830619.543006864,2997.495842565302,0.01673574162028746,0.4796875681149916,2.6944270474593795e-07
455,7880127.91113721,2997.6302572520235,0.016645801025196444,0.478353970233851,2.796882577187867e-07
456,7930043.639732012,2997.76615241639,0.016556381219922978,0.477024149974235,2.903152477833955e-07
457,7980373.8216016805,2997.9014461279367,0.016467418406512554,0.4756978819783788,3.013393865637624e-07
458,8031106.183813414,2998.0368256880392,0.016378951023530427,0.4743755282008044,3.1277139355578007e-07
459,8082256.137672565,2998.172917017295,0.016290971523645472,0.47305681077010814,3.2462852424335543e-07
460,8133824.319602984,2998.3085964938373,0.016203458643618086,0.47174180400154786,3.36926047013101e-07
461,8185811.767334016,2998.4443981372224,0.016116426610495133,0.47043057303347763,3.4967913044834927e-07
462,8238225.630811059,2998.579695552963,0.01602985315580884,0.4691230163383408,3.6290551075376205e-07
463,8291059.241567881,2998.713824943159,0.01594373303874133,0.4678192884783085,3.7662016855451416e-07
464,8344314.102244366,2998.84885602111,0.01585811616265641,0.46651950173319334,3.908390016718207e-07
465,8398021.209772732,2998.984294574275,0.015772943263240854,0.4652229690482133,4.055880114196785e-07
466,8452166.478080032,2999.1192282363213,0.015688225608904496,0.4639301650096295,4.208819877168516e-07
467,8506742.833873125,2999.2541549723746,0.015603981468117586,0.46264123162779086,4.367373484271332e-07
468,8561768.188164946,2999.38862103309,0.015520180765836637,0.46135588993334475,4.53178730153672e-07
469,8617240.465705514,2999.522330802396,0.015436819191037189,0.46007419036452785,4.702258242325936e-07
470,8673163.140628036,2999.656152032817,0.015353912434070782,0.4587961248383761,4.878998934048649e-07
471,8729542.647128636,2999.7899823957523,0.015271451784922254,0.45752162132820257,5.062243779229642e-07
472,8786375.885649556,2999.922559457223,0.015189426804840504,0.45625093321799554,5.252210909479989e-07
473,8843684.309986955,3000.056332010978,0.01510785504393611,0.45498360390617837,5.449186042685943e-07
474,8901459.116610557,3000.1901744941015,0.015026728393618976,0.45371988188334267,5.653386635563305e-07
475,8959707.880262332,3000.322420812266,0.014946008236697096,0.45245971195475654,5.865097604486817e-07
476,9018426.729571037,3000.4550706305613,0.014865742070646587,0.451203231738149,6.084544457134343e-07
477,9077616.078900607,3000.587338519968,0.014785909635388204,0.4499503976742422,6.311999516101884e-07
478,9137290.011530383,3000.719264773726,0.014706501255874313,0.448701075077549,6.54778582455575e-07
479,9197441.35135918,3000.849802109487,0.0146275028924836,0.4474553856507924,6.792168332381478e-07
480,9258079.629035572,3000.979731437759,0.014548930591368539,0.4462133632376577,7.045465188221274e-07
481,9319225.555259801,3001.109369723091,0.014470765606672103,0.4449746497367188,7.308064299152781e-07
482,9380857.690144313,3001.2373648296384,0.014393006579290251,0.44373964688885376,7.58020322478228e-07
483,9442998.314273993,3001.367510441145,0.014315703462237263,0.44250802760077124,7.862263490808163e-07
484,9505657.874193104,3001.498847128264,0.014238828978694534,0.4412796865443678,8.154639206646438e-07
485,9568829.420563051,3001.627643677872,0.014162318060881906,0.44005473658756605,8.457691202209661e-07
486,9632500.895196889,3001.7563350096934,0.014086239236208324,0.43883354598768803,8.7716896120739e-07
487,9696692.299059741,3001.88541422023,0.014010583540712062,0.4376158583304109,9.09709386124873e-07
488,9761408.617750227,3002.011865282459,0.013935285472542278,0.4364015525379959,9.434354487651355e-07
489,9826649.458819307,3002.1387467184295,0.01386041023216793,0.43519077790503985,9.783827063770954e-07
490,9892429.279197663,3002.2656841745497,0.013785931208492122,0.4339832519559067,1.0146010164387481e-06
491,9958729.511807827,3002.3901935688596,0.013711825570073874,0.4327793546828733,1.0521261124807989e-06
492,10025560.451064305,3002.5153252598016,0.013638147003060777,0.43157907410724594,1.091002582333902e-06
493,10092947.608721917,3002.6353443060048,0.01356476441233713,0.4303820043481411,1.1312994341402732e-06
494,10160875.265937451,3002.7516272582297,0.013491722515435383,0.42918846291646306,1.1730530865295594e-06
495,10229346.011615017,3002.8647955755955,0.013419034502958905,0.42799849188156047,1.2163127182999467e-06
496,10298385.510882758,3002.977760916236,0.01334673140925441,0.4268117720271411,1.2611403752502738e-06
497,10367974.564831821,3003.089078395368,0.013274802988417817,0.4256285719994369,1.307578992759606e-06
498,10438124.010214115,3003.1964338516377,0.013203206087752772,0.4244488710912201,1.355692977594852e-06
499,10508845.939393004,3003.3037738417916,0.013131998123485781,0.4232724902068296,1.4055399578619267e-06
500,10580144.941360783,3003.4114797200796,0.013061184589438913,0.4220994358269864,1.4571801718565046e-06
501,10652018.998282302,3003.513656147892,0.0129906667147132,0.42092978686296073,1.5106835454442147e-06
502,10724459.066828595,3003.613454844732,0.0129205124104886,0.4197637658661856,1.5660989126638267e-06
503,10797486.438091824,3003.7132112145305,0.012850742712890216,0.41860108121290934,1.6235011936259467e-06
504,10871119.261430208,3003.8109786361706,0.012781313740467882,0.4174415824590712,1.6829750013587327e-06
505,10945356.76529749,3003.9069994671545,0.012712234850152231,0.41628537070023086,1.7445883157211101e-06
506,11020192.201250581,3004.002042300152,0.012643521198856063,0.4151324993775595,1.808405773402292e-06
507,11095631.810691962,3004.0938829679008,0.012575135570526325,0.4139829899170326,1.8745109928872997e-06
508,11171669.493874568,3004.182024856725,0.012507077788666719,0.4128369870811503,1.9429754430190797e-06
509,11248336.810306806,3004.270440355996,0.012439388161332419,0.41169407938651265,2.0138960536432587e-06
510,11325611.019131217,3004.357116354034,0.012372053582735779,0.41055462447045865,2.0873384647986793e-06
511,11403522.131244168,3004.4382210699077,0.012304997594112754,0.40941841340590396,2.163423959236209e-06
512,11482064.455589987,3004.5192751900986,0.012238314205119971,0.4082855139343247,2.2422199371631564e-06
513,11561233.391988235,3004.6006946751713,0.012172010732274743,0.4071559610361047,2.3238104403220642e-06
514,11641070.205637127,3004.6749589008214,0.01210593756803822,0.4060293058627085,2.4083537610678715e-06
515,11721528.940026818,3004.7471416769276,0.012040215240515238,0.404906198148072,2.495883270094659e-06
516,11802624.540924344,3004.8184750226515,0.01197485394552578,0.40378649711600867,2.586508255109842e-06
517,11884368.00204668,3004.8847407300973,0.011909791054559422,0.4026702973683778,2.6803546927518135e-06
518,11966781.051656406,3004.9485541995523,0.0118450458328734,0.40155723150933936,2.7775464827197933e-06
519,12049871.133259086,3005.0134333656188,0.011780672083432777,0.40044729011343133,2.8781892415279722e-06
520,12133659.812500486,3005.074400627141,0.011716575679507691,0.39934022118488566,2.9824430999539423e-06
521,12218088.176599422,3005.130040323769,0.011652781650150414,0.3982368329592298,3.0903579152101167e-06
522,12303224.00430925,3005.1859614449704,0.011589333778865672,0.3971363990043602,3.2021166194472343e-06
523,12389035.995702598,3005.2390879144123,0.011526204543331144,0.39603928175820546,3.3178182552114275e-06
524,12475540.74842137,3005.2847221461334,0.011463312545709408,0.39494532783245545,3.4376349583089276e-06
525,12562750.185919099,3005.3310042559806,0.011400782982173212,0.3938545588534506,3.5616792446714526e-06
526,12650675.885905841,3005.3767163788175,0.011338587814992578,0.39276683573217586,3.6901125042705975e-06
527,12739309.708808007,3005.415991935448,0.01127664939137679,0.3916823608159396,3.823093828845721e-06
528,12828645.150858544,3005.453935107547,0.011215049961374549,0.39060123799249985,3.960735526619708e-06
529,12918708.888117218,3005.4923606445336,0.011153802492182055,0.3895232445065098,4.103219369472549e-06
530,13009529.161482207,3005.530778804935,0.011092884264507111,0.3884481363478856,4.250750776649157e-06
531,13101092.112881681,3005.5682524845283,0.011032288489663906,0.3873760589850864,4.403478853062449e-06
532,13193400.08269697,3005.6038397716325,0.010971999381437152,0.38630699694510046,4.561583066756934e-06
533,13286436.691267086,3005.638462800793,0.010912044894133721,0.38524122351803597,4.725203261440553e-06
534,13380234.978795059,3005.6718617679694,0.010852402049712275,0.3841784208179016,4.894578944735746e-06
535,13474806.65624446,3005.7045887002323,0.010793081328025993,0.3831186528694679,5.069912104498646e-06
536,13570149.20948563,3005.7368918182738,0.01073408520127243,0.38206192220252383,5.251390606049188e-06
537,13666267.687127342,3005.7672775153815,0.01067539074284947,0.3810082210632265,5.439234476323621e-06
538,13763175.576061742,3005.7974879590506,0.010617019945976839,0.3799575189741589,5.633662599919842e-06
539,13860855.867504045,3005.826839576976,0.010558969129824501,0.3789099457343167,5.834862130485114e-06
540,13959328.8649551,3005.854017273014,0.01050121080283306,0.3778653590995096,6.043104521914192e-06
541,14058611.973852722,3005.880920677743,0.010443771173113623,0.3768237707379257,6.2586364203985875e-06
542,14158715.266569497,3005.9078543452697,0.010386649294728824,0.3757851105498748,6.481715703242075e-06
543,14259638.318155378,3005.9329625241135,0.010329816991291011,0.3747493540000254,6.712606208312524e-06
544,14361374.137640052,3005.9563590099997,0.010273279963878562,0.37371659250766703,6.951544638430341e-06
545,14463897.245226473,3005.977343701166,0.010217038417156557,0.37268702070139337,7.198738576136381e-06
546,14567250.083720952,3006.0079490713915,0.010161246666960699,0.37166050145989493,7.4544297160537035e-06
547,14671511.068780812,3006.042449388465,0.010105788230251428,0.37063637469001304,7.719142170504048e-06
548,14776619.911675101,3006.0751438082593,0.010050617393327634,0.36961523678748126,7.993073795903085e-06
549,14882597.876399942,3006.1063673264957,0.009995727359675556,0.3685968970229455,8.276571718759022e-06
550,14989427.89325278,3006.1338737203196,0.009941095509428578,0.36758150311107557,8.569917976507883e-06
551,15097113.45555206,3006.1598477448597,0.009886753571370364,0.3665691192332735,8.873408727343284e-06
552,15205673.385073842,3006.1842211163016,0.009832691465418434,0.36555959283459466,9.187420366949698e-06
553,15315074.151315691,3006.2045451397007,0.009778900689681356,0.364553376073679,9.512208771842926e-06
554,15425407.719547924,3006.2246057735706,0.0097253947736414,0.36354981685049376,9.848333991354294e-06
555,15536650.0412646,3006.24322661446,0.009672161270639757,0.3625489862144808,1.0196107168319846e-05
556,15648791.505822545,3006.258278582688,0.00961917955830859,0.3615510252114451,1.0555892401450565e-05
557,15761823.166113663,3006.2694233071293,0.009566452974771636,0.36055608716535265,1.0928039142529268e-05
558,15875768.757523082,3006.2790333108196,0.009514006192918669,0.3595640800678475,1.1312973610150417e-05
559,15990640.327930484,3006.2872195390155,0.009461837527778065,0.3585749635410968,1.1711135417264187e-05
560,16106456.91745443,3006.292608286253,0.009409923368329513,0.35758863392325263,1.2123027072999928e-05
561,16223212.299112625,3006.2974327079696,0.009358298608790299,0.35660523821702533,1.2549017536946353e-05
562,16340959.939701105,3006.2998446370652,0.009306913338062096,0.3556242821118388,1.2989769390795863e-05
563,16459575.654147731,3006.295559846793,0.009255767916182666,0.3546467940196604,1.3445358091974956e-05
564,16579162.974639233,3006.2913766571137,0.00920491163933085,0.35367212401234827,1.3916508998400732e-05
565,16699760.584242593,3006.286183931868,0.009154317491583911,0.35270003622360824,1.4403882764828397e-05
566,16821328.770391382,3006.277822248176,0.00910397825758203,0.3517309141529535,1.490786466241664e-05
567,16943925.46674496,3006.2690317176034,0.009053904147319713,0.3507643286000557,1.542916413877277e-05
568,17067546.381415397,3006.260163647949,0.009004101732243877,0.3498003450042875,1.596830012298767e-05
569,17192193.651109647,3006.248528978912,0.00895454149636119,0.34883903396852306,1.6525893779242283e-05
570,17317852.946373876,3006.232485234037,0.008905204782858748,0.34788042293598753,1.7102504670942477e-05
571,17444461.264588792,3006.214423639922,0.0088561492110642,0.3469250943088812,1.769836114095676e-05
572,17572137.64627285,3006.19504282526,0.008807346913735027,0.3459723598066871,1.8314588058166674e-05
573,17700853.815770462,3006.172866046273,0.00875878932459747,0.34502240652715555,1.8951721792204936e-05
574,17830651.567240965,3006.149318728397,0.008710479026376302,0.34407497200938286,1.9610585342316016e-05
575,17961495.128506403,3006.1231147540743,0.008662412434550572,0.3431302949875069,2.0291712227554504e-05
576,18093371.874354944,3006.092696302119,0.008614583345874876,0.3421886202135549,2.099575057612867e-05
577,18226361.70603625,3006.062421701785,0.008567016757327172,0.3412494655639044,2.1723703497390193e-05
578,18360425.771778688,3006.030009725547,0.008519693605711882,0.3403129888545786,2.2476181311844034e-05
579,18495554.053368986,3005.9983135704833,0.008472667547672081,0.33937963524727666,2.325374611847898e-05
580,18631938.259338953,3005.966830453673,0.008425866580487934,0.3384481011303775,2.405831392810059e-05
581,18769428.481192064,3005.9333498486594,0.008379307941654954,0.3375192465045621,2.488993632547537e-05
582,18908015.690167,3005.895715073132,0.008332971131465153,0.3365931557564989,2.574947204339479e-05
583,19047707.057151116,3005.854983579711,0.00828687133801879,0.3356699084726117,2.6637748201319164e-05
584,19188538.700596135,3005.8137791163444,0.00824102897218513,0.3347493476636951,2.7555790710890904e-05
585,19330525.35669271,3005.7718188125436,0.008195437142705035,0.333831417144557,2.850460941932464e-05
586,19473672.93237075,3005.725912757348,0.008150060443012277,0.33291612022957445,2.9485306416325662e-05
587,19618006.84561206,3005.6807952057443,0.008104951067389557,0.33200348819921577,3.0498826906913885e-05
588,19763556.81187707,3005.6354032011545,0.008060085467983681,0.33109329747839045,3.154644336650632e-05
589,19910321.520139653,3005.5855480547402,0.008015416338520214,0.33018551411040153,3.2629381287941394e-05
590,20058247.811426673,3005.5356354786722,0.007971013036388749,0.32928060981551394,3.3748115196133925e-05
591,20207436.467390623,3005.4854205161205,0.0079268421157738,0.32837797003351415,3.49045277222e-05
592,20357814.578198213,3005.4318958459703,0.007882896547793313,0.32747812271847426,3.60993139936713e-05
593,20509420.410056654,3005.377940929839,0.007839199761790537,0.32658094227434725,3.733381197375869e-05
594,20662306.500573218,3005.3248256414026,0.007795752432711106,0.32568618916693126,3.860955458040843e-05
595,20816454.120999217,3005.270647001885,0.0077525382421540275,0.3247939570475804,3.992778065633798e-05
596,20971888.774786055,3005.217056634745,0.007709573154027946,0.3239042433216988,4.128986845067252e-05
597,21128660.73344503,3005.161352570882,0.007666811499686059,0.3230166908021373,4.2697787024900974e-05
598,21286641.065001827,3005.1032332662166,0.007624284638271094,0.3221320379164187,4.415177530913871e-05
599,21445919.483904783,3005.044278483893,0.007581993891805831,0.32124999145884137,4.565390228464575e-05
600,21606543.950967234,3004.9854725019213,0.007539934743329101,0.32037026533737745,4.720603271852434e-05
601,21768501.316377603,3004.928585066989,0.00749813036691506,0.3194929977715044,4.8809439236584096e-05
602,21931826.27879038,3004.8712314857385,0.007456551972011198,0.3186181076199712,5.046614497761209e-05
603,22096498.073498227,3004.8124827629554,0.007415194972429729,0.3177457121945297,5.2177624222848086e-05
604,22262530.519957572,3004.754966410755,0.007374080603443097,0.31687573040432926,5.3945482677772675e-05
605,22429943.585481234,3004.6958608156106,0.00733317639266572,0.3160080814917471,5.5771857544815125e-05
606,22598683.91394423,3004.633549321728,0.007292482340639718,0.31514311940656947,5.7657989941495104e-05
607,22768742.31237794,3004.559818604827,0.007251923350739466,0.3142809473666565,5.9606208309362305e-05
608,22940140.559870433,3004.479730265663,0.007211555546210276,0.31342171348063935,6.161809082759044e-05
609,23113066.682168007,3004.394853486642,0.007171344236441486,0.31256433897310576,6.369774912678636e-05
610,23287403.394542057,3004.3106567085833,0.007131373870169118,0.31170953479754493,6.584532240431087e-05
611,23463254.139537983,3004.2231377122926,0.007091580799209006,0.3108567594654585,6.806449171717103e-05
612,23640440.145951755,3004.128356654649,0.007051967075962815,0.3100068779790856,7.035554323701928e-05
613,23819036.989773877,3004.034617884811,0.007012604840955092,0.3091597719650874,7.272062100319992e-05
614,23999192.224718668,3003.940440246153,0.006973446061885254,0.30831471207944416,7.516413912231263e-05
615,24180832.555584006,3003.841486575565,0.006934464340997806,0.30747201802660074,7.768787059803796e-05
616,24363945.592730608,3003.7405068788526,0.006895693487224292,0.30663188500053246,8.029370491085873e-05
617,24548609.324113593,3003.639518777535,0.0068571408587182565,0.30579408241087924,8.298494982865231e-05
618,24734797.424741764,3003.5335592208194,0.006818758664644362,0.30495857049355596,8.57644017649171e-05
619,24922472.099409774,3003.4229826008536,0.006780563102567036,0.30412564460633396,8.863401730559044e-05
620,25111692.522763148,3003.3113827102447,0.006742577213668785,0.30329510488428335,9.159692692612457e-05
621,25302477.746136084,3003.198408152327,0.006704797316817452,0.3024669573858481,9.465618227994642e-05
622,25494865.232368056,3003.080476860937,0.006667188230059337,0.3016411430427693,9.781566539849795e-05
623,25688821.734190445,3002.9599830642596,0.006629774492379352,0.30081774354859625,0.00010107754291141166
624,25884367.507841855,3002.8417568011214,0.006592599874532009,0.2999968032571734,0.00010444445203252321
625,26081648.179794744,3002.71883243694,0.006555576504341862,0.29917773527211095,0.00010792300334880726
626,26280527.60783515,3002.5926294731285,0.0065187436121863385,0.2983611569818002,0.00011151391602261817
627,26481048.214394446,3002.4646270267344,0.006482107120139078,0.29754692309568437,0.00011522104304973832
628,26683188.11130652,3002.332157327336,0.006445649667269508,0.2967351770198711,0.0001190477341507621
629,26887005.647371374,3002.19459556678,0.006409356594806943,0.29592571165301584,0.00012299876418818108
630,27092427.15119599,3002.0555223978076,0.006373271184756867,0.2951188294544564,0.00012707571719792755
631,27299549.358401988,3001.9149511562946,0.006337380164897276,0.29431423858813766,0.00013128412011972066
632,27508388.674195863,3001.7728618788387,0.006301681849205616,0.29351192017525773,0.00013562818273453093
633,27718954.059701733,3001.630496394159,0.006266190750069647,0.2927119872591022,0.0001401116873452285
634,27931337.328498702,3001.4866128139333,0.006230879727437908,0.29191406703744904,0.0001447409363165168
635,28145434.179632682,3001.3413759094624,0.006195768467291734,0.2911186040860337,0.00014951802331640213
636,28361431.518103868,3001.199026037237,0.006160871323590586,0.29032513475181443,0.00015445017158167334
637,28579316.245354008,3001.0538180961644,0.006126132021979669,0.28953346603978186,0.00015954334485852916
638,28798871.19765915,3000.9053368782725,0.006091583823005158,0.2887444740014715,0.00016479709323989636
639,29020197.881908603,3000.7529426234873,0.006057205912935745,0.28795780098751245,0.00017021854297387268
640,29243290.10400762,3000.600073240274,0.006023033885590317,0.28717364665163786,0.00017581150899526605
641,29468335.464091484,3000.448761978049,0.005989064041004413,0.286391556473521,0.0001815849082329272
642,29695364.202661566,3000.2930476919805,0.005955236797955834,0.2856112612627178,0.0001875465569412955
643,29924145.410735555,3000.1339651432895,0.0059215926171661,0.28483354072959693,0.00019369563468301404
644,30154717.58137675,2999.972983283938,0.005888139873054971,0.284058332098122,0.0002000380234004194
645,30387297.65438626,2999.8098751861885,0.0058548524170866255,0.283285063244791,0.00020658514925507042
646,30621705.972406145,2999.6454955362237,0.00582176223681858,0.28251436117823275,0.00021333757690338622
647,30858197.540572338,2999.4818988460593,0.005788853643168377,0.28174547831574287,0.00022030791483226587
648,31096595.512907013,2999.315321569598,0.00575611703478431,0.28097890554994503,0.0002274985263310168
649,31336982.659898847,2999.148379206268,0.00572356828391691,0.28021455521201494,0.00023491715105926177
650,31579446.659496743,2998.97838749854,0.0056911716390253405,0.2794520698668829,0.00024257403359402647
651,31823882.326161563,2998.808703088679,0.00565897079811356,0.2786919100991078,0.0002504715915081725
652,32070372.556319717,2998.637214413651,0.005626944056474459,0.2779339544456736,0.000258619720238117
653,32318922.81104926,2998.462202832798,0.0055950727603474365,0.27717807404952627,0.0002670266341321075
654,32569510.454868916,2998.28770782526,0.005563392811055382,0.2764244249666989,0.00027569750349427317
655,32822264.331694573,2998.111513750035,0.00553187540813089,0.2756727200550303,0.000284644882077834
656,33077080.211108524,2997.935378291899,0.005500543245070307,0.2749232176382843,0.00029387247732186826
657,33333989.57351917,2997.7875234483736,0.005469597798491866,0.27417582653494454,0.0003033782012509108
658,33593054.43625999,2997.6313195156918,0.005438760793289409,0.2734303413539883,0.0003131869116776525
659,33854300.774920285,2997.474372025162,0.005408097759010943,0.27268702282165097,0.0003233043888762845
660,34117767.996664,2997.3136042539113,0.005377581579682654,0.27194576181340346,0.0003337422270391841
661,34383387.998871736,2997.1490414235327,0.005347218403974366,0.2712067175572876,0.0003445072005037764
662,34651308.377058424,2996.9808480642005,0.0053169947786852415,0.27046952761831167,0.00035561440430133837
663,34921418.26719121,2996.806078530277,0.005286902708171003,0.2697345250976121,0.0003670700983317464
664,35193663.990412176,2996.625427853558,0.0052569502061679705,0.26900179115196704,0.00037888214797982965
665,35468081.71583343,2996.443935604657,0.00522717638525569,0.26827143095569456,0.0003910587559977257
666,35745126.03887591,2996.261547672367,0.005197537851545792,0.2675423575004818,0.00040363013723221353
667,36024312.30764271,2996.0721278703522,0.005168035734500395,0.26681570319212133,0.000416589713978419
668,36305715.759504154,2995.8768656815373,0.0051386757695779505,0.26609140723819996,0.0004299505655892233
669,36589458.44452648,2995.678173747904,0.005109466912743303,0.2653692799597739,0.0004437278828887877
670,36875633.95208877,2995.476157749503,0.005080399185632002,0.26464905363382335,0.0004579381245808799
671,37164079.26661374,2995.266514416214,0.005051454553340968,0.26393102431847165,0.00047258842857677647
672,37454789.207891405,2995.050541057358,0.005022647987519275,0.26321535501384496,0.00048768951108573187
673,37747844.138178214,2994.8348966872027,0.004994020249696707,0.2625019538849464,0.0005032530517929418
674,38043613.608578496,2994.6129761817533,0.0049654915321695435,0.2617898953015309,0.0005193164873732735
675,38341533.95726129,2994.3864366200205,0.004937124992961949,0.26108055557633575,0.0005358621790363861
676,38642012.642501764,2994.1579722044853,0.004908909772574749,0.26037319100417566,0.0005529229241910008
677,38945087.18779097,2993.927754594125,0.00488084331108174,0.25966771788116655,0.0005705153322860159
678,39250768.00284289,2993.6899090957963,0.0048528819030328445,0.25896400039997386,0.0005886601162129534
679,39558818.1051382,2993.4497281925514,0.004825085297711928,0.2582627198486388,0.0006073537969493518
680,39869472.50663053,2993.207243260444,0.004797435195900751,0.2575633969943653,0.0006266253784086014
681,40182711.53919389,2992.962704241823,0.004769935368854759,0.25686610362725015,0.0006464894133183694
682,40498725.30727219,2992.714226579347,0.004742559304276034,0.2561704609256851,0.0006669760136086908
683,40817325.017766014,2992.462202689874,0.004715327174753779,0.25547695402601556,0.0006880897097772661
684,41138501.23679382,2992.20644649573,0.004688238488115352,0.2547856125808445,0.00070984718565904
685,41462378.45103974,2991.9464547434145,0.004661282059694654,0.2540962283633128,0.0007322747687365346
686,41788916.95136689,2991.68197818701,0.004634459188162302,0.25340888695161373,0.0007553884819445086
687,42118073.509273194,2991.4199320654684,0.004607820598037775,0.2527238189546007,0.0007791962219529289
688,42450487.852445856,2991.1559647142963,0.004581291649006913,0.25203973470772784,0.0008037678602432819
689,42785441.1949208,2990.8859348918577,0.004554897364652615,0.2513580264264677,0.0008290769392695393
690,43122988.94812471,2990.6112711939745,0.004528644300466886,0.25067864275477514,0.0008551455046562187
691,43463375.37078765,2990.330980990234,0.004502513691784738,0.2500012391603524,0.0008820127762167256
692,43806472.853685714,2990.0487539289875,0.004476536804057119,0.24932607551546468,0.0009096862010908633
693,44152477.84549208,2989.765736275731,0.004450704403131224,0.2486527207619066,0.0009382024802955328
694,44501425.151928976,2989.480658069142,0.004425007031376406,0.24798113743035174,0.0009675888656218837
695,44853172.90150234,2989.192031833414,0.004399452992576365,0.24731181796125,0.0009978571953627802
696,45208138.60277839,2988.906694044885,0.004374056369275175,0.24664404442585164,0.0010290578776391084
697,45566309.520961106,2988.621841176646,0.004348799004754552,0.24597779082327045,0.0010612201316041122
698,45927437.561313,2988.33094931484,0.004323656124996454,0.24531344325006532,0.0010943580235658864
699,46291242.470112056,2988.0341202448776,0.004298648219563249,0.24465157116001454,0.0011284712129820441
700,46658111.71557608,2987.7358161384677,0.004273779644342044,0.24399157886442407,0.0011636142106176534
701,47027988.33821749,2987.4343528554805,0.004249043638607959,0.24333356294003988,0.0011998119852578936
702,47400931.47627556,2987.134232211145,0.0042244675125696135,0.24267758839171566,0.0012370893932619398
703,47777232.821919955,2986.8353840292048,0.004200029903040451,0.24202307629678219,0.0012755057601183829
704,48156759.15998014,2986.5373168241563,0.004175740186747089,0.2413703966885072,0.001315078021744976
705,48539693.968044095,2986.2398926652545,0.00415158716359318,0.24071926874913568,0.0013558567083125183
706,48925907.93760898,2985.942839921487,0.004127577170711322,0.24006993907677007,0.0013978609680746815
707,49315243.98520862,2985.6422860034086,0.004103693501908297,0.239422561584405,0.001441115033485813
708,49707817.45275513,2985.3403091093955,0.00407994561228208,0.23877709146307458,0.0014856591811493595
709,50103620.821660034,2985.0407252757514,0.004056358280488806,0.2381336634865873,0.0015315174861544618
710,50503018.11220391,2984.743523587695,0.00403291191929894,0.237491730644381,0.0015787667890768057
711,50905790.19937013,2984.4455320376505,0.004009600065135026,0.23685162829432513,0.0016274255485841192
712,51311918.69302483,2984.1512421656666,0.003986446622187554,0.23621337083533592,0.0016775194679234245
713,51721809.184147865,2983.8613291957395,0.00396343519471691,0.23557639392904886,0.0017291340972144828
714,52134939.51710445,2983.5697529939744,0.003940557425862319,0.23494142573949967,0.001782260135174791
715,52551453.2979935,2983.2725549152556,0.003917792513117884,0.23430848248677189,0.0018369608149427677
716,52971110.05097516,2982.9752437933275,0.003895177598210575,0.23367782117878166,0.0018932340565074595
717,53394535.79449449,2982.677669726635,0.0038726834416900873,0.2330486087090444,0.001951202858571227
718,53821297.09583296,2982.3548177609687,0.003850198857104239,0.23242140318416846,0.0020109209545675715
719,54251107.2587392,2982.007681316342,0.003827752817016162,0.23179688085436376,0.0020723871171260443
720,54684552.90761651,2981.6643201660427,0.003805462449878408,0.23117421125350876,0.0021356527500310534
721,55121950.06160531,2981.3170705890147,0.003783270666453745,0.2305528705287737,0.0022008347012458826
722,55563132.621201,2980.9668738548053,0.003761194716286361,0.22993324563170828,0.002267954433402329
723,56008087.4404849,2980.6159340719764,0.0037392453477432877,0.22931533814978872,0.002337055062161635
724,56456860.49901118,2980.2595655870114,0.0037173987307654987,0.22869915125607265,0.002408209190177719
725,56909335.309191726,2979.899040913711,0.003695669592765761,0.2280849493309284,0.0024814460328440122
726,57365678.09270452,2979.5288091813695,0.003674015597795667,0.2274722800540223,0.00255687102349778
727,57825153.79746662,2979.1523360259557,0.003652486418226656,0.22686215004109395,0.0026344071404691334
728,58288514.1826998,2978.767277882143,0.003631043927128465,0.22625373823017814,0.0027142377217470363
729,58755295.513936274,2978.385036519887,0.003609772202447368,0.22564794171628744,0.002796292207287422
730,59226727.42923311,2978.0047708812363,0.0035886138900048906,0.22504312473982488,0.0028808477270101263
731,59702452.2414964,2977.6248525824826,0.003567575974564744,0.22443976996771292,0.002967914218145948
732,60182647.60472651,2977.245198953422,0.0035466509019595202,0.22383766929435575,0.003057591135803642
733,60666882.69658738,2976.8603201122,0.0035258259333335253,0.22323725844258305,0.0031498927710202386
734,61155150.54626818,2976.4710515477304,0.003505105763826215,0.22263856711261287,0.0032448822930820713
735,61647251.63229565,2976.0697975074404,0.0034844629566448816,0.2220418626671344,0.0033426222674526316
736,62143239.3048516,2975.667323199724,0.003463954927165157,0.22144736924111688,0.003443135935380008
737,62643347.58593848,2975.2558235907554,0.0034435310150215366,0.220854642320431,0.003546581591722702
738,63147226.85718573,2974.8403387502194,0.003423228684615588,0.22026413778512177,0.0036529360871165404
739,63655648.2177617,2974.424446539481,0.0034030433765813374,0.21967519447186942,0.0037624080517229706
740,64168255.4045735,2974.0083676743748,0.0033829828334856647,0.21908804783941854,0.0038750064838563155
741,64685520.972109735,2973.589540470519,0.0033630184575468647,0.21850216545415596,0.003990927377859101
742,65206852.04951008,2973.167247964122,0.003343169420547506,0.21791828565537205,0.004110126309084123
743,65732778.99295557,2972.744418859997,0.0033234364774426483,0.217336018728783,0.004232780829774795
744,66263568.807226524,2972.329022054849,0.0033038502759246357,0.21675522528544375,0.004358990393372492
745,66799529.39717031,2971.914342344312,0.0032843703540850434,0.21617558695034172,0.004488958800669276
746,67340223.58978704,2971.489595757762,0.0032649559148587386,0.21559733771819464,0.004622755880716164
747,67884442.15131359,2971.0535293966695,0.0032456376721604527,0.21502166753330942,0.0047601922849673205
748,68432938.0582489,2970.6136335767815,0.0032264292020991263,0.21444794602940362,0.004901486819566956
749,68986261.83156474,2970.171467856115,0.0032073248318350415,0.21387577217927678,0.0050468571952199375
750,69544320.13698545,2969.732377925857,0.0031883540402907174,0.21330537689478388,0.00519633889507542
751,70107691.39105532,2969.2911680505517,0.0031694754144484818,0.21273614323748316,0.005350226909271039
752,70675825.03927363,2968.850593479279,0.003150719484729959,0.21216871467815657,0.005508460726226961
753,71249199.80612084,2968.406241104293,0.003132050590300361,0.21160253829131145,0.005671319419431068
754,71827031.76182204,2967.9556548826613,0.0031134834945075024,0.21103846982578087,0.005838712036225656
755,72409694.70817716,2967.4932601075275,0.003094978469720657,0.21047595778643718,0.006010910824122389
756,72996657.61046982,2967.0282206511515,0.0030765942978199495,0.20991570026909948,0.006187792444672005
757,73588742.58414546,2966.5651175125045,0.0030583298405234298,0.2093570308843019,0.006369668127603206
758,74185873.92591295,2966.096264424341,0.0030401560937345262,0.2088000596202346,0.0065567013980284295
759,74788308.1869932,2965.6278752236044,0.003022092549547477,0.20824459142722132,0.006749042086025224
760,75396322.41974978,2965.154541509251,0.003004109515718652,0.2076903769693866,0.0069469593154228276
761,76009206.46666852,2964.6773950925276,0.0029862313482442097,0.20713810651698167,0.007150350381845084
762,76627710.35294051,2964.1972668475914,0.002968442143614726,0.20658712427760692,0.007359585148767977
763,77251065.79422916,2963.72208196847,0.0029507983927313016,0.2060383095408227,0.007574453558581963
764,77880320.49144012,2963.2639260088617,0.002933313556908561,0.2054904945943278,0.007795339293185629
765,78515808.7296762,2962.850058327331,0.0029160895679451663,0.20494354461904465,0.00802220692451024
766,79156817.18672109,2962.417872426345,0.0028988909499705075,0.20439791517301195,0.008255635306162655
767,79802377.44236664,2961.984937192072,0.0028818229027454062,0.20385488071962038,0.008495199120768456
768,80454334.46381159,2961.538188640101,0.0028647894453908648,0.20331285572382135,0.008741874383340417
769,81110800.37084337,2961.070049359407,0.0028477992519210064,0.20277316673046475,0.008995243011137107
770,81772004.08011885,2960.595844754721,0.0028309089476682516,0.20223571783511662,0.00925535091915808
771,82439147.76396959,2960.1135232082197,0.00281408524462471,0.2016996067097947,0.009522841140147264
772,83112124.65361214,2959.6256025387665,0.002797343872419986,0.20116505396292406,0.009797807174351263
773,83791162.65411934,2959.136728247518,0.0027807001655503006,0.20063198845383576,0.010080450993220733
774,84475653.57535416,2958.63883909907,0.0027641330544790335,0.20010075390922738,0.010370828030943484
775,85166841.25206436,2958.1443211361066,0.002747668006772611,0.1995706043622819,0.01066944821093456
776,85864476.07193597,2957.6373797267474,0.002731252356737032,0.19904176890529235,0.010976632147202119
777,86568099.00822431,2957.130064176845,0.0027149407533407586,0.19851461506241935,0.011292210293970774
778,87278171.47330014,2956.617662792968,0.00269870715415099,0.19798883808657924,0.011616652943670158
779,87994106.05190064,2956.081242205431,0.002682487755949628,0.19746462452765692,0.011950237703348507
780,88714384.3608338,2955.5289766669503,0.0026663484355422956,0.1969432808894046,0.012292321365663723
781,89439797.25937268,2954.960726804492,0.0026502682012728767,0.19642404364986416,0.012643479815508991
782,90171205.95078638,2954.383436996392,0.0026342631106859794,0.19590657689676202,0.013004172700901302
783,90908803.91316839,2953.806486507269,0.0026183689071814587,0.1953909744114123,0.013374515377433147
784,91653521.70383044,2953.2244491912866,0.002602547139298243,0.19487653664415605,0.013755295619579914
785,92405136.51130535,2952.64160943208,0.002586818699648888,0.1943634885434605,0.014146564021228412
786,93164177.4437189,2952.045930959606,0.0025711303664396985,0.19385142099959676,0.014549082660179458
787,93927687.10751465,2951.4337236831902,0.0025555169108469815,0.1933421171161497,0.014961677328759242
788,94698146.7929341,2950.832990756338,0.0025400395368677118,0.19283423470970776,0.015385255180868584
789,95477912.77617428,2950.2357878823727,0.0025246327551406676,0.19232636050855925,0.015821496122282248
790,96263499.87511134,2949.6287101356556,0.002509308031916155,0.19182068856123483,0.01626909463283438
791,97055832.92265221,2949.0132804436257,0.0024940558992666236,0.19131666236853204,0.016728777424068246
792,97855228.88226949,2948.3848790710585,0.002478856476859177,0.19081411682197677,0.017201101903768123
793,98660658.40009001,2947.7460241560075,0.002463736039292054,0.19031373146258823,0.01768569288940455
794,99472530.86857349,2947.106993400575,0.0024487247920585696,0.18981535608878525,0.018182784295153208
795,100292079.22648926,2946.46022796077,0.0024337751154828915,0.18931813498909228,0.018693595982241854
796,101118769.32186334,2945.8056886716886,0.0024188957794830683,0.18882241429158403,0.019218115690735584
797,101952501.05496566,2945.146752305999,0.0024041061124866147,0.18832852169254707,0.019756442092222572
798,102793900.59402855,2944.4639819003137,0.002389328379168142,0.18783589530085204,0.020309844040536065
799,103640957.88186455,2943.789214327427,0.002374699041387546,0.18734582953740936,0.02087646009692083
800,104497358.82347135,2943.1022263944533,0.0023600967516992414,0.18685613863721365,0.021459564468177525
801,105359157.79249488,2942.413993361954,0.0023456176633344238,0.18636923303796082,0.022056547104968075
802,106229703.41196556,2941.7265372998254,0.0023312228790389592,0.18588333797115755,0.022669860204092885
803,107109640.16413046,2941.049064832512,0.0023169359956363737,0.18539825392199927,0.023300004370087477
804,107997383.55980146,2940.3500929942356,0.0023026753716087014,0.18491469830199578,0.023947291527773192
805,108890560.26457648,2939.643350299579,0.002288518149340027,0.1844340295729667,0.02460992970368018
806,109793454.02048089,2938.9539108825566,0.0022744871026122216,0.18395404803663817,0.02529045481680688
807,110706625.1500716,2938.2562324401397,0.002260490882587471,0.18347428700602086,0.025990625470230958
808,111624088.77956538,2937.5290883158295,0.002246536998647522,0.18299768551243278,0.026707203134292225
809,112548908.21143089,2936.8091467665085,0.0022327092303096575,0.18252308329513608,0.02744135621507067
810,113483737.51210389,2936.09688691528,0.002218979738270911,0.18204932125722711,0.028195414779055933
811,114428409.59509121,2935.3899239005277,0.0022053440764268095,0.1815765421417057,0.028969768354521804
812,115382358.81084919,2934.6767932162065,0.0021917739518279716,0.18110501891501654,0.029764871577505386
813,116343365.57875958,2933.9575497997425,0.0021782967970486768,0.18063588677698764,0.03057933407254312
814,117315013.60250816,2933.2349068875424,0.0021648730404503335,0.18016718275346894,0.03141647979150264
815,118292837.66818306,2932.495077175894,0.0021515117023504942,0.1797009751054568,0.03227366730598334
816,119278251.61236578,2931.7579406035306,0.0021382590146468063,0.17923676485444048,0.03315153103552186
817,120273749.01096885,2931.0418890388696,0.002125147029817853,0.17877368889112447,0.03405167471787695
818,121279579.8188306,2930.293882508647,0.0021120126903129885,0.17831138187636536,0.03497735240685285
819,122289728.37187098,2929.5220214228866,0.002098946589578579,0.17785264186561817,0.03592332223655598
820,123308272.26384875,2928.767329061779,0.0020860285540088685,0.17739588555245092,0.03689148525544845
821,124339783.90895121,2928.049934414173,0.0020732699650514146,0.1769392293241493,0.0378853939723811
822,125382060.6277251,2927.2958784209845,0.0020604742588298114,0.17648325900356351,0.03890755506153185
823,126430804.99391106,2926.549051611454,0.0020478129995470007,0.1760300017538303,0.03995206956255532
824,127491320.22823264,2925.8209720576474,0.0020352681638108497,0.17557734736037095,0.041023727573539295
825,128563421.8539353,2925.1004297840627,0.002022815339292602,0.17512563245226265,0.04212341360234719
826,129644980.41389945,2924.3625264682514,0.002010400966864045,0.17467553531676677,0.04325112336392837
827,130733340.12391676,2923.6238694058843,0.0019980963212376758,0.1742281692124647,0.04440368668747723
828,131836200.82772855,2922.9259307737475,0.00198595007009176,0.17378076445088797,0.045586741256623924
829,132951141.41059354,2922.2387924276495,0.0019738951304079408,0.1733340143969975,0.04680039635744066
830,134077376.74516244,2921.4841221106676,0.0019617219651833473,0.17288799097589072,0.048049644026726054
831,135203431.54184484,2920.7303264438283,0.0019497250471967582,0.17244750934384862,0.04931814938986414
832,136344259.82009834,2919.995437314204,0.0019378270850282859,0.1720070810947695,0.05062097858169711
833,137498201.31265393,2919.172215513722,0.0019257559167492361,0.17156723324281747,0.051964564401355426
834,138659038.93973717,2918.338639364304,0.0019137748537196972,0.17113041838914908,0.05333726898493595
835,139829038.48930913,2917.48372522788,0.0019018342251123663,0.17069570986934024,0.0547429639636326
836,141007547.61870655,2916.6559020990803,0.0018900686976284578,0.1702635031811892,0.056177703477307425
837,142199165.99160314,2915.7837293439457,0.0018782495208171863,0.16983186854134316,0.05765299991471861
838,143399180.9111148,2914.8921004200915,0.0018664838137573986,0.16940269235110056,0.05916199335186121
839,144614499.03920472,2914.0085393163545,0.0018547923217216839,0.16897372002326655,0.06071126478704429
840,145839400.18935093,2913.1104026169305,0.00184316156827598,0.16854698024338385,0.06229644347972749
841,147074144.00393558,2912.177397753357,0.001831536368779667,0.16812228367515847,0.0639202651391091
842,148317866.3871062,2911.2325449184145,0.0018199856194830782,0.16770010860156592,0.06558014860491002
843,149569774.1565435,2910.278927222842,0.0018085213817881757,0.167280668501668,0.06727535179951229
844,150838700.41739565,2909.3582631322497,0.0017971904512426016,0.16686136944476065,0.06901371216146263
845,152125551.48911157,2908.421625501907,0.0017858589949788855,0.16644165032430505,0.07080214498455974
846,153422781.97270367,2907.4649607959873,0.0017745723784321765,0.1660240639897198,0.07263194065712335
847,154728229.0265897,2906.47283823421,0.001763305824458111,0.16560919436457372,0.07450246330513947
848,156041756.07477656,2905.4687185428324,0.0017521190931415991,0.16519715510356142,0.07641162963415304
849,157367604.84002632,2904.472446508122,0.0017410391347440412,0.1647869842175969,0.07836336884523186
850,158720592.43673533,2903.5368117578196,0.0017301043257499699,0.1643745715675475,0.08037311777671931
851,160085245.81015852,2902.5713279234874,0.0017191861787532754,0.1639641170026649,0.0824305128361063
852,161462639.3020036,2901.590883264516,0.0017083150739358932,0.16355536378201405,0.08453614840498849
853,162843672.2924435,2900.5273861097207,0.0016973816959970308,0.1631507135333136,0.0866856854282741
854,164231419.4797872,2899.5106894092255,0.001686684543307341,0.1627498755255481,0.08886795543394285
855,165649023.6584456,2898.5486798027955,0.0016761019576678035,0.16234621973570337,0.09111682527731262
856,167087752.5210477,2897.556383537035,0.0016654846236939685,0.16194206889454968,0.09343136815966288
857,168533071.88276228,2896.542533093143,0.0016549383060364407,0.16154154972550208,0.09578931355751547
858,169989604.10381338,2895.5054125428924,0.0016444322186413296,0.16114334975026984,0.0981985092160161
859,171453859.33155105,2894.4332007026196,0.0016339604657433454,0.16074847843776066,0.1006556452648912
860,172927969.31767812,2893.326978053412,0.001623513483125913,0.1603563187439083,0.10316455967466982
861,174408922.4486173,2892.1807438674377,0.0016130940136506794,0.15996764087901197,0.10572188525181035
862,175907149.06615877,2891.1361128107283,0.0016029757227259747,0.15958040261357886,0.10832338661827101
863,177443948.233287,2890.1706895303078,0.0015929974853882741,0.15918924438072493,0.11100770031877566
864,178997608.25697175,2889.094896307164,0.001582837446058324,0.15879897861366002,0.11377055457090336
865,180540850.66659918,2888.0104479498227,0.0015728631474974254,0.158416753639251,0.11655061761978841
866,182111990.40207556,2886.9424871202286,0.001562937431119243,0.1580329666413875,0.11940874321314317
867,183698287.15068433,2885.867217952814,0.0015530781519617414,0.15765114392010354,0.12232759318855764
868,185301308.1905655,2884.8862540485516,0.0015435017346002572,0.15727124800159684,0.12529266951376145
869,186939549.14451885,2883.906770149889,0.0015339186093479488,0.15688878001200296,0.12835306189116255
870,188592785.09690148,2882.8666118403557,0.001524286219544203,0.1565082825910432,0.13148605977356936
871,190247159.12183887,2881.7554593548766,0.0015146445317921783,0.15613284464038585,0.13466976036617626
872,191910171.4940545,2880.628259228525,0.0015050771035253847,0.1557607758172,0.13790770314859171
873,193593653.45068136,2879.606273171664,0.0014957957652410915,0.1553900078247869,0.1411974442642065
874,195310995.79364222,2878.5829332306957,0.001486516032508561,0.15501740670655503,0.14458520247869447
875,197040020.5984793,2877.5423273872825,0.0014772968570607682,0.1546477502829295,0.14803433989379797
876,198785298.69415006,2876.516606573185,0.0014681875653305614,0.1542801883536494,0.1515469535422153
877,200558568.6011757,2875.4776539615586,0.0014590826714008342,0.15391222510880442,0.1551519466832278
878,202336496.41033068,2874.3912967230112,0.0014500060771352858,0.15354875294801465,0.15881287543772304
879,204136742.92484257,2873.3553120925953,0.0014410979765030574,0.15318676641636195,0.16254123116301988
880,205958420.9439193,2872.338968069896,0.0014322915959428003,0.15282609011969023,0.1663431838118607
881,207813631.15284395,2871.3639205127524,0.001423586420855406,0.15246445341198203,0.1702379852514765
882,209689039.7462094,2870.3483405000584,0.0014148659366221984,0.15210433651313426,0.174219795566661
883,211566644.64709204,2869.27635618337,0.0014061644192258946,0.15174921528185745,0.17825705301935077
884,213457663.4739499,2868.2040145414594,0.0013975567359053797,0.15139718704812224,0.1823579167462911
885,215364106.02614546,2867.1179931842285,0.0013890094538612312,0.1510478782623724,0.18652982958291467
886,217297172.75696436,2866.0685420961563,0.0013805835950895325,0.15069934699336324,0.19078268907035853
887,219258725.3789484,2865.1825181282393,0.0013725160378041993,0.15035133529688754,0.19508646004644023
888,221261874.52575526,2864.356663310214,0.001364567884828279,0.15000182573380885,0.19949488493979872
889,223296839.15370542,2863.470898973748,0.0013565364511497614,0.1496522832607704,0.2040226000949091
890,225334957.9431263,2862.51330148096,0.0013484905196792143,0.14930765783363742,0.2086137070552528
891,227382922.01950052,2861.5146620182354,0.0013404715535958597,0.14896697914152449,0.21327291463532744
892,229451394.40769514,2860.5118428116616,0.0013325168350200698,0.14862847197975598,0.21801204621901896
893,231541370.98943993,2859.505266010832,0.0013246240570016674,0.14829198501170407,0.22283313920825137
894,233653240.891602,2858.6158141131855,0.0013170217482778447,0.14795786309130715,0.22769789925570208
895,235825463.6538053,2857.792902260538,0.001309508236469239,0.14762019393028544,0.23270451592946345
896,238044636.100197,2856.97684008585,0.0013020117832112346,0.1472811540646479,0.23784411403179245
897,240285802.19771245,2856.1369812747544,0.001294542601223229,0.14694447761525592,0.2430731363210879
898,242535926.54460484,2854.8455347996914,0.0012863472013211086,0.14661116122854945,0.2485123508561032
899,244720866.99948537,2853.6977568653606,0.001278716483213481,0.14629326910393595,0.2537895269585614
900,246959917.20580494,2852.680337604168,0.0012713190817238598,0.14597356890906926,0.2591692781759155
901,249271759.96605504,2851.7795784115447,0.0012640865102806387,0.14564971858295975,0.2646968935717909
902,251643392.54579017,2850.9146038096546,0.0012569046832707383,0.14532352235593204,0.27037364277676884
903,254032005.34519014,2849.8765858394695,0.0012495016189111292,0.1450004886951584,0.2761841010568843
904,256399052.56168258,2848.7934878128895,0.0012421974827007986,0.1446860124009549,0.2819913650237674
905,258789641.47066888,2847.651320291882,0.001234864148720425,0.14437404669085777,0.28790214908117245
906,261186251.62460676,2846.4348854412556,0.0012275140933382658,0.14406679595281197,0.2938828661087803
907,263585437.66962138,2845.4026474960197,0.0012206087690034087,0.14376525571912904,0.299815275349484
908,266108490.7193168,2844.4570604383575,0.0012137206264584606,0.14345436353224875,0.30601457404970966
909,268675987.7360888,2843.52271262743,0.0012068873583875774,0.14314399275799508,0.3123315407531979
910,271277907.57960624,2842.5302094018675,0.001200011331083192,0.14283533460173092,0.3187731676392636
911,273877574.4766313,2841.405970250891,0.0011930399876151053,0.1425325594278097,0.32528858562941937
912,276442839.9295872,2840.1506412347753,0.0011860368885822192,0.14223926783058094,0.33180317015824184
913,279028131.3601094,2839.1255416087647,0.0011795142116464855,0.14195005212085862,0.33826846954356676
914,281724546.214546,2838.085801019836,0.0011728880825906207,0.14165450989192588,0.34500797520007565
915,284466323.196158,2837.0296318310247,0.001166277058511162,0.14135991765900477,0.3518714695715111
916,287235923.2457589,2835.9824252536023,0.0011597567441544551,0.14106833609917152,0.358803782022349
917,290081430.1362571,2835.0582398474494,0.0011534361673866242,0.14077514184134732,0.36585411009430313
918,292951845.5986596,2833.9942279887496,0.0011469649386361607,0.14048511432292915,0.37304000816905564
919,295816200.852556,2832.8412004161,0.0011404783342338642,0.14020135802442357,0.38026359940986704
920,298685508.9177223,2831.655142138399,0.0011340531488603625,0.1399230113911309,0.38751733801522636
921,301600087.3190444,2830.5260601763016,0.0011277751916129682,0.13964651883215218,0.39484050735415743
922,304578790.7650696,2829.525471322651,0.0011217318852867727,0.1393703779314784,0.40223145377687225
923,307659024.53165424,2828.481377283288,0.001115593067708649,0.13909112408031998,0.40986985233940065
924,310724624.2629025,2827.3853707917087,0.0011095147489143676,0.1388192480416348,0.4174944125863382
925,313847157.3796612,2826.3137779791173,0.0011035181321228768,0.13854860147446674,0.42521919796978175
926,317022520.7988743,2825.2830653628953,0.0010976360026476535,0.13827969086091688,0.4330207530535202
927,320271264.2459632,2824.241330865606,0.001091760521134752,0.13801085458610493,0.44097323224657226
928,323537377.3371904,2823.0653008566183,0.001085772375254828,0.13774654254465177,0.4490265562189157
929,326796122.5502047,2821.878451585421,0.0010798962961259487,0.13748888193363618,0.4570452698856979
930,330102562.7081205,2820.6972668886356,0.0010740902017767238,0.1372336400182308,0.4651365298788522
931,333457251.94184756,2819.6534546181815,0.0010685579924001956,0.13698112820770794,0.4732081955595217
932,336941125.34904265,2818.6270117667323,0.0010630210869398261,0.1367252989092871,0.4815115591296206
933,340485671.75907725,2817.6008401592353,0.0010575357803863572,0.13647143546762666,0.4899031381189928
934,344059654.67937016,2816.565601435488,0.00105212262867901,0.1362217952871699,0.4983174804121926
935,347715372.8676092,2815.597851564766,0.0010468465513748233,0.13597323304682712,0.5068046621377834
936,351446429.6419242,2814.636237605145,0.0010416213718351377,0.1357261569599666,0.515389123440775
937,355237182.9795826,2813.499926617613,0.001036191975722509,0.13548133172856777,0.5241674374021509
938,358996645.4904818,2812.3643858301125,0.0010309119365892894,0.1352448590725392,0.5328169953964392
939,362802038.7301488,2811.1987640213333,0.0010256605061836873,0.13501184463194774,0.5415164042294757
940,366669698.69467944,2810.093590417682,0.0010205588705732844,0.13478160480860382,0.5502223448879089
941,370630447.2031261,2809.053563586893,0.001015586714824415,0.13455245477487796,0.5589851544767137
942,374700870.27338034,2808.0443775264407,0.001010681655527499,0.134323629587297,0.5678558723927916
943,378826698.1875191,2807.0594250268523,0.0010058811012021143,0.1340982998688932,0.5767247704651122
944,383046870.72669977,2806.046520528843,0.001001079726146097,0.13387446873078013,0.5857027351820324
945,387334911.2749625,2805.0426790675047,0.0009963539247545394,0.1336537140934638,0.5947004315530358
946,391694817.79752374,2804.0291392560775,0.0009916744774716801,0.13343589838091321,0.6037340233593199
947,396116041.8989217,2802.971473578276,0.0009870012029624096,0.13322160026205496,0.6128067501155325
948,400581254.85667527,2801.8872840536574,0.0009823727048549054,0.13301174281486006,0.621865502462259
949,405111934.4574191,2800.7915498708753,0.0009777963264872515,0.1328054160086887,0.6309293230559456
950,409702580.9037184,2799.656864619808,0.0009732385027329465,0.1326029512053401,0.6400061495517905
951,414422297.7102511,2798.5314734395793,0.0009687302887118132,0.1324018975084586,0.6491588840249642
952,419277568.9207453,2797.466174477269,0.0009643382779940295,0.13220204580318357,0.6583409530036421
953,424276190.49929386,2796.4676027776804,0.0009600710795921387,0.13200344634437966,0.667543982445159
954,429418064.9923211,2795.522895129763,0.0009559136136355349,0.13180636324604267,0.6767651439618311
955,434714084.3526727,2794.696724674571,0.0009519538828956165,0.13161086509290434,0.6859421001379182
956,440242211.82645816,2793.6490110072837,0.0009476862816735821,0.13141404259863887,0.6955137701486074
957,445626948.7838443,2792.567618330665,0.0009435608967425244,0.13122927591927294,0.7047147320446617
958,451095182.6264161,2791.469978018865,0.0009394862639770933,0.13104862103253828,0.7138686320701655
959,456668742.5553482,2790.328214004102,0.0009354157249726354,0.13087144969777925,0.7230263290416334
960,462330650.70549977,2789.221782654622,0.00093146640189384,0.1306985175730731,0.7320715906468259
961,468126636.83030486,2788.1167725510904,0.0009275736855573395,0.13052853166908884,0.7410919536150224
962,474066037.76650584,2787.0830455481946,0.0009238295737146279,0.1303614770264724,0.7500124137133287
963,480207034.4872553,2786.1104520066547,0.0009201995719501224,0.13019596212266565,0.758903096255058
964,486551899.1660228,2785.1999637505733,0.0009166886949139656,0.1300323276978662,0.767745248134843
965,493122323.4015919,2784.347245264285,0.0009132867063963478,0.12987032749592547,0.7765500727617287
966,499884528.69652075,2783.4864177586232,0.0009099217955804464,0.12971105207808126,0.7853310198030438
967,506814342.67080575,2782.6150160873785,0.0009066012745664812,0.1295552672909702,0.794047379207841
968,513890903.1643515,2781.7444715693814,0.0009033497591970213,0.12940368988864626,0.8026487852776276
969,521132365.23254126,2780.8604395594675,0.0009001442593709895,0.129256035479423,0.8111586593421838
970,528517871.5878273,2779.941240862356,0.0008969639926338527,0.12911283958231148,0.8195686344252102
971,536051415.77401096,2778.8820815303357,0.0008936732798330528,0.1289740419668037,0.8279948812971399
972,543449855.8813142,2777.8173703454204,0.0008905156876430924,0.12884470321894476,0.8360146989696183
973,551088471.88561,2776.8047296613026,0.0008874734908103559,0.12871826426791208,0.8438982711203992
974,559031656.7763845,2775.836779487701,0.0008845261188109154,0.1285939805974448,0.8516889204309136
975,567280148.3190658,2774.9101968923665,0.0008816734517798673,0.12847220472832493,0.8593676130043854
976,575858548.5888115,2774.078403917842,0.0008789831203201468,0.1283529827774123,0.866864026746359
977,584959084.3204421,2773.342064082311,0.0008764256436768752,0.1282341866222821,0.8742889686792312
978,594485656.5209012,2772.657253977129,0.0008739686942342777,0.1281175795347139,0.8815938321525799
979,604442672.400322,2772.0241834652334,0.0008716173982094687,0.12800356832981555,0.8887515003480774
980,614861430.7159325,2771.433351146925,0.0008693602775001935,0.12789223569650043,0.8957643060938114
981,625722807.1219127,2770.864104798629,0.0008671790318232776,0.1277841803876689,0.9026189556282423
982,637033383.7086931,2770.3131500795175,0.000865073261790724,0.12767970724168387,0.9092974205364144
983,648815607.7492884,2769.7845597005426,0.0008630497224124998,0.12757896941568458,0.9157811016693047
984,661115235.0246558,2769.2856575471505,0.0008611167732765947,0.1274819424938023,0.92205732719236
985,674055769.5494803,2768.8058881381667,0.0008592536606646827,0.12738809311764948,0.9281661338093331
986,687517310.2188534,2768.3192882306616,0.000857444507277267,0.1272986549381353,0.9340640810511486
987,701530976.186737,2767.8259685827916,0.0008556904884093858,0.1272137203666446,0.9397415491059556
988,716156449.6484189,2767.349482278779,0.0008540195005787389,0.12713321719377385,0.9451674657100525
989,731512495.1286656,2766.8845383699304,0.0008524202713923283,0.1270568173451015,0.9503637886801769
990,747665028.4034256,2766.4301948209613,0.0008508919742868864,0.12698456694473415,0.9553247261950029
991,764689243.606803,2765.9895664926476,0.0008494388116648495,0.12691651430241954,0.9600393722375035
992,782709258.5139526,2765.563735855535,0.0008480605283414536,0.1268525618322996,0.9645081208360438
993,801845040.0083377,2765.1561127620785,0.0008467612794336772,0.12679272783132747,0.9687222651685434
994,822193912.567885,2764.766310020246,0.0008455417002529049,0.12673711560043227,0.9726717678441994
995,844133348.0282909,2764.408887014186,0.0008444137386148263,0.12668530614508144,0.9763630317117642
996,868132654.9456904,2764.094363292772,0.0008433831198076701,0.12663678679039916,0.9798054530532472
997,894304212.7094841,2763.8019603843873,0.0008424320248870245,0.1265921435865659,0.9829914937843869
998,922983058.481758,2763.5330211213427,0.0008415635789313792,0.1265515038127485,0.9859086513981681
999,954688963.2389905,2763.2881578242554,0.0008407783637846292,0.12651486977525989,0.988553832667013
1000,990131259.1322539,2763.068430976732,0.0008400773663778128,0.12648223204298803,0.9909244760097279
1001,1030294010.5988493,2762.880425928942,0.0008394682347377804,0.12645357598577261,0.9930112586088967
1002,1077611089.6855257,2762.7428759411932,0.0008389664049239834,0.12642836184252057,0.9948226579154934
1003,1134005487.8380656,2762.6278871322556,0.0008385432142174453,0.1264069935930557,0.9963714195358855
1004,1202665039.511474,2762.537490452097,0.0008382043941158379,0.1263897242618472,0.9976400960059301
1005,1289728889.3925695,2762.4728600152903,0.0008379516677939989,0.12637658216508021,0.9986291548382414
1006,1407073392.4344099,2762.435748772594,0.000837787268575963,0.12636757977252094,0.9993441739708757
1007,1581155298.867749,2762.4297920081212,0.0008377160320352575,0.12636275214196235,0.9997987991516994
1008,1842278158.5177572,2762.458850213773,0.0008377423695678098,0.12636208009091146,1.0000132179143735
1009,2233962447.99277,2762.523138026818,0.0008378540932816134,0.12636462424217978,1.0000818755652428
1010,2744321400.821386,2762.611604792412,0.0008380198776481091,0.12636903158231333,1.0000960674246413
1011,3268051085.034989,2762.703800813596,0.0008381941012040444,0.12637373187641335,1.0000979130196177
1012,3793081078.0018973,2762.7956659973174,0.0008383685888978985,0.126378480072281,1.0000987004996715
1013,4320990929.36004,2762.87570268461,0.0008385316936798485,0.12638345032844714,1.0001045934618824
1014,4873129610.572317,2762.95453995396,0.0008386988070787872,0.1263888303757663,1.0001064887669435
1015,5427152332.153466,2763.033493632875,0.0008388667705543098,0.12639426174028862,1.0001070043517695
1016,5983155687.695757,2763.125525523861,0.0008390484253017236,0.12639952575706304,1.0001022820277699
1017,6521433576.227543,2763.214357549929,0.000839223320547907,0.12640457101040808,1.0001017960933498
1018,7059949041.683463,2763.303301942629,0.0008393983903299583,0.12640961684291652,1.0001017984995275
1019,7599022928.869382,2763.392455185242,0.0008395738704952002,0.12641467217682767,1.000101861040374
1020,8138708214.923147,2763.48182158894,0.0008397497833730964,0.12641973828322212,1.0001019358746746
1021,8679028689.74914,2763.571398952997,0.0008399261324225553,0.12642481560761032,1.0001020183279665
1022,9220019140.488466,2763.661179257687,0.0008401029161337933,0.12642990475383112,1.000102108074467
1023,9761705771.472015,2763.750784254765,0.0008402797513465472,0.12643501148689631,1.0001023423276265
1024,10304598117.85685,2763.8408844216533,0.000840457434607909,0.1264401343772083,1.0001023762093282
1025,10847933690.324884,2763.9311981563515,0.0008406355075389632,0.126445264683685,1.0001024800198741
1026,11392166831.97293,2764.020249028749,0.0008408124847230443,0.12645042578489157,1.0001034045770607
1027,11941060503.47571,2764.1058304125618,0.0008409869536573974,0.12645571343341155,1.0001050264057918
1028,12495383101.058779,2764.1929282450255,0.0008411642577393221,0.12646107318900424,1.0001051325602222
1029,13050001425.197557,2764.2828304036157,0.0008413446534924657,0.12646640637864662,1.0001041955712966
1030,13601370024.393024,2764.372667226679,0.0008415244418799991,0.12647169749175896,1.0001039903695406
1031,14152739944.626251,2764.460875249775,0.0008417024429526816,0.126477000961696,1.0001051674673531
1032,14710740415.768919,2764.546909477187,0.0008418794640127856,0.12648242737475018,1.00010635862306
1033,15272074485.505459,2764.634519117521,0.0008420590152823482,0.12648789734739263,1.0001062370703018
1034,15832962163.06169,2764.722880470118,0.000842239417922576,0.12649336008180515,1.000106018080074
1035,16393527176.923409,2764.812073651454,0.0008424207621530996,0.12649881498633941,1.0001057490353062
1036,16953559654.254486,2764.9020672138367,0.0008426029670446535,0.12650425882543875,1.0001055031810075
1037,17513279512.893723,2764.9928604755096,0.0008427860817167306,0.1265096953131686,1.0001052385499236
1038,18072479043.580463,2765.082467874644,0.0008429678320675781,0.12651513545771728,1.0001061304691767
1039,18637229245.90356,2765.172588343723,0.0008431512660687302,0.12652065253184408,1.000106105291138
1040,19200352319.681477,2765.2679122167997,0.0008433396540789811,0.12652606257794485,1.0001046600612529
1041,19759570944.31277,2765.3615263381685,0.0008435256357875261,0.1265314459852584,1.000104646887585
1042,20318695747.20245,2765.455616778878,0.0008437122641412162,0.12653683173761138,1.0001046430450433
1043,20878590860.6154,2765.553191680482,0.0008439030599271932,0.12654220849367528,1.000102783203036
1044,21429401017.946445,2765.6523341475863,0.0008440938695014927,0.12654744013885036,1.0001020221003434
1045,21980596495.281555,2765.751088182971,0.000844284294281863,0.12655267580012736,1.0001022408129427
1046,22533419559.537495,2765.849927343641,0.0008444752151070292,0.12655793816152927,1.0001025034144966
1047,23087704478.89313,2765.948798462124,0.000844666560259981,0.12656322669609046,1.0001027816856205
1048,23643513690.90424,2766.0477543531056,0.000844858400252812,0.12656854183556865,1.0001030465248761
1049,24200805633.855972,2766.1472481897295,0.0008450514272164633,0.12657389392212615,1.0001027778613119
1050,24756458409.47693,2766.2478646675827,0.0008452455585640033,0.1265792232128695,1.0001025551409892
1051,25312814419.350765,2766.3486655219267,0.0008454400790556041,0.1265845619831275,1.000102653823048
1052,25870184889.3132,2766.449752694886,0.0008456352041612885,0.12658991701551386,1.0001027828965854
1053,26428581318.29158,2766.551083127235,0.0008458308876594441,0.12659528876686874,1.000102949622483
1054,26988189668.673832,2766.6527917797234,0.0008460273144445875,0.12660067869673955,1.0001030515268488
1055,27548627545.568436,2766.754927854976,0.0008462244790784255,0.12660608186423833,1.0001031047702746
1056,28109771092.18445,2766.8580273857965,0.0008464229444266421,0.1266114912785223,1.0001029633054381
1057,28670978634.34798,2766.961286794979,0.0008466217042753483,0.12661690518485133,1.0001030282439
1058,29233023451.953587,2767.0653589371414,0.0008468216156162199,0.1266223278931313,1.0001029548853773
1059,29795371870.74218,2767.169645474152,0.0008470219275884869,0.12662775798839437,1.0001030465374117
1060,30358719003.453545,2767.274853850762,0.0008472235264576405,0.12663319694185773,1.0001029237098902
1061,30922035302.651047,2767.380340544784,0.0008474255273361024,0.12663863747552068,1.0001029838609958
1062,31486322250.273193,2767.4861276535908,0.0008476281435750655,0.12664409348866537,1.0001031262807916
1063,32051819948.02452,2767.592300643625,0.000847831528805319,0.12664956860771223,1.0001032494784374
1064,32618373514.30841,2767.698905883185,0.0008480357067199065,0.12665506032504906,1.000103349029208
1065,33185924088.821598,2767.806044853991,0.0008482407735025612,0.12666056649947724,1.0001033893648739
1066,33754182662.72344,2767.913700793001,0.0008484466494340298,0.12666608267566806,1.0001034376481515
1067,34323321482.932552,2768.021743787559,0.000848653231290115,0.1266716130047656,1.0001035408438292
1068,34893551635.61929,2768.130325769902,0.0008488607279823944,0.12667715913854577,1.0001036031147992
1069,35464655051.56567,2768.239433843853,0.0008490690846594659,0.1266827181249841,1.0001036551203204
1070,36036629350.82791,2768.3490589596704,0.0008492782905909949,0.12668828995400094,1.0001037143344083
1071,36609532416.18415,2768.4566183750767,0.0008494856860003624,0.12669391263604685,1.000104975077071
1072,37189799870.47311,2768.564417689142,0.0008496950464890363,0.126699656725335,1.0001054761763577
1073,37771579452.45839,2768.6732835845955,0.0008499060293402349,0.12670542092348375,1.0001054121669513
1074,38353482069.08179,2768.78272794986,0.00085011776252286,0.12671118484397254,1.0001054418803674
1075,38936485477.87199,2768.8925744783305,0.0008503302819561964,0.1267169672666765,1.000105547403377
1076,39520679775.51617,2769.0027982511783,0.0008505435880049008,0.12672277046446953,1.0001056983773802
1077,40106330822.596924,2769.1134262849428,0.0008507577647932534,0.12672859819490886,1.0001058634245756
1078,40693496113.77907,2769.224299402999,0.0008509726572624238,0.12673445344195378,1.0001060948688847
1079,41282506002.97352,2769.3357423780585,0.0008511886812037373,0.1267403374021351,1.0001062298743564
1080,41872848713.91713,2769.4477021784446,0.0008514056795852688,0.12674624318925498,1.0001063531247731
1081,42464589738.541374,2769.5611210020957,0.0008516246763894,0.1267521607197177,1.00010608328043
1082,43055618189.741165,2769.674589608555,0.0008518437226421167,0.12675807388287322,1.0001062470593993
1083,43648658825.81308,2769.7882200999607,0.0008520634904262579,0.12676402241073645,1.0001065865105891
1084,44244314841.44821,2769.90154247763,0.0008522836495185817,0.12677002473255666,1.0001071715377363
1085,44843887835.790924,2770.015145068496,0.0008525051037586036,0.12677609418486505,1.0001075078633939
1086,45445393129.84652,2770.129389575912,0.000852727816900969,0.12678219490449813,1.000107661955774
1087,46048480997.49306,2770.244233255161,0.0008529516568942366,0.12678832093026504,1.0001077862830925
1088,46653102221.76569,2770.359689924006,0.0008531766269026412,0.12679447117922327,1.0001079007023868
1089,47259236532.04114,2770.475757165406,0.0008534027206669169,0.12680064535397023,1.0001080166102339
1090,47866917554.76682,2770.5924065691015,0.0008536299181686104,0.12680684451468233,1.000108157077903
1091,48476351924.7205,2770.709621648556,0.0008538582488028274,0.12681307230059854,1.0001083003211435
1092,49087458198.67214,2770.82752536476,0.0008540878247539792,0.12681932573047872,1.0001084126255506
1093,49700148154.81735,2770.9463745576018,0.0008543189019846739,0.12682560023209066,1.0001083878884625
1094,50313532847.979546,2771.0667788705327,0.0008545518971187476,0.12683187084234124,1.0001081654192632
1095,50926943256.820885,2771.187603888882,0.0008547855152988314,0.1268381452410457,1.0001082183683296
1096,51541812587.91025,2771.309236934564,0.0008550204668002942,0.1268444406280971,1.0001082705646729
1097,52158028082.54854,2771.4316530430365,0.0008552567072856569,0.12685075593461545,1.0001083287729282
1098,52775649831.480934,2771.554863444262,0.0008554942617582386,0.12685709192223255,1.0001083929231211
1099,53394732722.72014,2771.678895309167,0.0008557331728903931,0.1268634492010175,1.0001084508414662
1100,54015239949.75364,2771.8035887280316,0.0008559732466598877,0.12686982796263702,1.0001086121143266
1101,54637971977.730194,2771.9290255310193,0.0008562147396979773,0.12687623967183853,1.0001087406589315
1102,55262378470.26079,2772.05549380031,0.0008564578751984448,0.12688267441726955,1.000108753965434
1103,55887984652.27082,2772.182915932729,0.0008567024678905079,0.1268891254981385,1.0001087600766438
1104,56514858106.45946,2772.3112594040967,0.000856948490821777,0.12689559382128093,1.0001087806733369
1105,57143067886.39083,2772.440642231329,0.0008571960928991239,0.12690207953115828,1.0001087707621947
1106,57772463351.285934,2772.570971858668,0.0008574451440410941,0.12690858139196015,1.0001087980048013
1107,58403374418.59617,2772.7022694686284,0.0008576957373387306,0.12691510427620795,1.0001088201980628
1108,59035631757.0461,2772.8346614440584,0.0008579479750596085,0.12692164409740633,1.00010880454494
1109,59669092942.845795,2772.968595181464,0.0008582023015371329,0.12692819266910615,1.0001085568343042
1110,60302051271.95316,2773.103699166144,0.0008584579504356431,0.12693472723345636,1.0001084427660003
1111,60936138253.012726,2773.239755534409,0.0008587150399468899,0.12694127640062772,1.000108453208662
1112,61571689129.58873,2773.376966964963,0.000858973870383853,0.12694784373027884,1.000108427244026
1113,62208389547.57504,2773.5154729303563,0.0008592345345253546,0.1269544232137559,1.0001083463892313
1114,62846025991.39147,2773.6549688713058,0.000859496653220475,0.1269610146293173,1.0001083554985033
1115,63485201057.440155,2773.780588431061,0.0008597446663881108,0.12696782993496036,1.0001156318434867
1116,64192288740.24602,2773.903656081281,0.0008600053283556226,0.12697580824188315,1.0001191146819914
1117,64910879134.41767,2774.0287411796285,0.0008602712773190981,0.12698398722152465,1.0001197767040522
1118,65635698979.40083,2774.1546897729413,0.0008605398047804614,0.12699227237805408,1.0001202079963
1119,66366586221.64797,2774.2815373745325,0.0008608108947505362,0.12700065913765593,1.0001205956833166
1120,67103470917.43195,2774.409294844086,0.0008610845521923643,0.1270091467286761,1.0001209789943755
1121,67846564185.78933,2774.5379580227846,0.0008613608194679842,0.12701773851036563,1.0001213863288707
1122,68596362678.31765,2774.6675365275296,0.0008616398164046675,0.12702644228642243,1.0001218144534196
1123,69353240959.47176,2774.7979952119354,0.0008619215988783153,0.1270352652360618,1.0001222776083283
1124,70117823624.9782,2774.9309039592954,0.0008622079645182837,0.1270441958891772,1.0001221497163482
1125,70882713371.97919,2775.07008803696,0.0008625011622794648,0.12705304934268552,1.0001206723585925
1126,71635021412.20625,2775.209545162363,0.0008627922667300711,0.1270617175693514,1.0001203410418842
1127,72389310909.11098,2775.3318344946633,0.0008630665404880298,0.12707071287925836,1.0001266899403523
1128,73233837017.93147,2775.4624352034234,0.0008633693765858288,0.12708104389105082,1.0001281413690215
1129,74087419743.13426,2775.5963486631854,0.0008636782615184362,0.12709151016160627,1.0001280393843406
1130,74942624088.42577,2775.7338517774288,0.0008639916555750819,0.12710197268358664,1.000127640904846
1131,75798044187.1163,2775.871799379689,0.0008643059630097057,0.12711245478536565,1.0001279004174062
1132,76663093004.61308,2776.014600706003,0.000864627852566073,0.12712304282490997,1.000127422554257
1133,77525826362.47018,2776.1601251767083,0.0008649524823351435,0.12713357558052407,1.0001270649318486
1134,78389598930.23363,2776.3091800459692,0.0008652814457585827,0.12714409598910528,1.0001265912832205
1135,79252106101.92781,2776.461421337447,0.0008656138942484818,0.12715457292280355,1.000126130247771
1136,80113909855.10587,2776.6182588776815,0.0008659514056609986,0.1271649928490722,1.0001251843158097
1137,80966336940.04488,2776.777147736548,0.0008662894364456233,0.1271752550049081,1.0001247678209977
1138,81820558044.73085,2776.9410106167657,0.0008666334742783861,0.12718549430568138,1.0001237483317096
1139,82663771809.87068,2777.108287471262,0.000866979049410187,0.12719552533339892,1.0001229354917889
1140,83503652898.71266,2777.2777721306666,0.000867326651867048,0.1272054943931455,1.0001225424145281
1141,84343818933.7153,2777.4462451337445,0.0008676738269040875,0.12721551630548295,1.0001232707718213
1142,85201062604.89331,2777.6164497211976,0.0008680270552663192,0.12722581474849584,1.0001241959430496
1143,86078086976.70596,2777.792671832412,0.000868391440003861,0.1272363705006484,1.0001241455566643
1144,86959494148.40732,2777.9736847916124,0.0008687623521395794,0.12724695608742181,1.0001236288125208
1145,87839121477.44362,2778.148801868672,0.0008691274084490507,0.12725764347400054,1.000126477034071
1146,88790121086.35565,2778.3051028598748,0.0008694908347933477,0.12726992610832163,1.0001334942009161
1147,89790121086.35565,2778.4702204883542,0.0008698760683912521,0.12728298729617446,1.0001342428903472
1148,90758089915.99219,2778.6308379077987,0.0008702507379656325,0.12729567795019486,1.0001346260462085
1149,91696050397.88486,2778.7869965567256,0.0008706151529968047,0.12730801772664102,1.0001350676335754
1150,92605510299.33199,2778.9371620210613,0.0008709677965097841,0.12732003712991205,1.0001359112383081
1151,93483529924.2429,2779.0828340269854,0.0008713098027911975,0.1273316824867859,1.0001362523586093
1152,94341045265.22916,2779.2255626087576,0.0008716449919979032,0.12734309156267182,1.0001366474620308
1153,95178296922.04118,2779.36521964932,0.0008719732542914662,0.12735426855411866,1.0001370521046218
1154,95996962194.87119,2779.502069297754,0.0008722951910017293,0.1273652336280542,1.0001374511383136
1155,96798488500.37521,2779.6362797620013,0.0008726112555740897,0.12737600488826556,1.000137865691297
1156,97583845573.08449,2779.767942311371,0.0008729217279623292,0.12738659478422834,1.000138276011148
1157,98354282006.47318,2779.8973416202643,0.000873227136953427,0.1273970161594866,1.0001386696011905
1158,99110859158.09796,2780.0245835653986,0.0008735278008646887,0.12740728284600117,1.0001390722140748
1159,99854305092.27872,2780.1497617357254,0.0008738239595344827,0.12741740404925236,1.0001394702706012
1160,100585458797.2033,2780.273430980904,0.0008741163750296322,0.12742738473392443,1.0001397178524276
1161,101306457462.41655,2780.395720342042,0.0008744055894607139,0.1274372528021082,1.0001400567085874
1162,102016677659.00592,2780.5164514512085,0.0008746912749044938,0.12744700090815783,1.0001403962410642
1163,102716823748.90845,2780.635794563146,0.0008749737494701058,0.1274566368235626,1.0001407146144399
1164,103407540614.0507,2780.754639377096,0.0008752540982963553,0.12746615818813586,1.000140664567678
1165,104092721063.08539,2780.8741048258894,0.0008755342501284105,0.12747560294952998,1.0001406841998597
1166,104770521490.52834,2780.992767389562,0.0008758123148483748,0.1274849640639977,1.0001409156129586
1167,105440308830.04587,2781.1138118449708,0.0008760915708110322,0.12749418819721997,1.000139633621105
1168,106116080696.68762,2781.2332151294218,0.0008763705883561901,0.1275035401362054,1.000141184348949
1169,106771666776.1186,2781.3486642119788,0.0008766413976064699,0.12751265236414164,1.000142144835261
1170,107414755897.10345,2781.4612449299148,0.000876906859130887,0.12752163377206602,1.0001425365733527
1171,108051956742.4054,2781.572135362214,0.0008771694662184315,0.1275305578793451,1.0001435054995884
1172,108677039027.58664,2781.6794728242267,0.0008774260486579889,0.12753936524781145,1.0001441437821024
1173,109295453617.48799,2781.787591653642,0.0008776824789165499,0.12754808543989674,1.0001438909573697
1174,109911078193.32516,2781.8970008314723,0.000877939987905612,0.12755676120301962,1.0001436035201445
1175,110523709980.7878,2782.0080513440284,0.0008781989309881238,0.12756538609780882,1.0001431304434105
1176,111134563063.53871,2782.1208251372136,0.0008784596080291727,0.12757397430161857,1.0001427724271477
1177,111742573243.59904,2782.234874957597,0.0008787213083053804,0.12758251514063748,1.0001424667629528
1178,112347730898.65556,2782.3489328443598,0.0008789825891605608,0.1275910201409319,1.000142680231784
1179,112947101499.57088,2782.4626145091997,0.0008792424904477731,0.12759945490126637,1.0001427817932615
1180,113542043662.85762,2782.576386789268,0.0008795018165806036,0.12760783503416925,1.000142759391249
1181,114133363109.13348,2782.690565359027,0.0008797610694368686,0.12761616801651693,1.000142819346235
1182,114720047729.26122,2782.8046819347583,0.0008800195378773072,0.12762444523788197,1.0001428330793862
1183,115303016360.51337,2782.9191952644455,0.0008802779027245605,0.12763267401768735,1.0001427828744758
1184,115882478317.14583,2783.0341012046465,0.000880536189931352,0.12764085662189295,1.000142741411963
1185,116458422776.69905,2783.149387830219,0.0008807943859065193,0.1276489931631955,1.0001426932189936
1186,117030961838.13889,2783.265069747782,0.0008810525279444471,0.12765708500798412,1.0001426438756125
1187,117600160327.88902,2783.3811475627936,0.0008813106278760819,0.12766513296019086,1.0001425939250501
1188,118166086200.72443,2783.4976256612667,0.0008815687044171077,0.12767313797474014,1.0001425417136995
1189,118728810180.10635,2783.6147028979854,0.0008818269839440446,0.12768109819899748,1.0001423884031841
1190,119288938375.402,2783.7325341197284,0.0008820857448932869,0.12768901956911627,1.0001422651576375
1191,119846151267.27823,2783.8512872913943,0.0008823451151611994,0.12769689590466518,1.000142039393877
1192,120400977245.19882,2783.970472480868,0.0008826046605595204,0.12770474070865753,1.0001420055255317
1193,120952652225.26363,2784.089899274899,0.0008828640277230534,0.12771254588333292,1.000141999100462
1194,121501197891.86504,2784.209551984993,0.0008831232060235893,0.12772031210959986,1.0001419988430704
1195,122046659581.0864,2784.329508421121,0.0008833822912568424,0.12772803918483305,1.0001419654793993
1196,122589239028.02713,2784.4499044964946,0.000883641458682365,0.1277357273120445,1.0001419048841425
1197,123129043530.44347,2784.5704982674406,0.000883900471415756,0.12774338156832934,1.0001419228872495
1198,123665837058.41052,2784.6913192107218,0.0008841593201176634,0.12775099858362715,1.0001419141322352
1199,124199806566.9557,2784.812363760793,0.0008844180366111527,0.12775858099316442,1.000141918033708
1200,124730935214.65958,2784.933523966003,0.0008846764936369829,0.1277661295206,1.000141972052364
1201,125259057247.05502,2785.0548680245884,0.000884934738993732,0.1277736413739538,1.0001419542543148
1202,125784602453.83179,2785.176601469331,0.0008851930840013778,0.1277811201762881,1.0001419039816182
1203,126307638937.60268,2785.2984086704855,0.000885451182076837,0.1277885698757636,1.0001419883528193
1204,126827681808.78821,2785.419353298715,0.0008857079214660386,0.12779599619935636,1.000142514648916
1205,127342969878.49187,2785.5387086408655,0.000885962335015439,0.12780339614793523,1.000142659382201
1206,127856508999.74965,2785.6593232550326,0.0008862179514506189,0.12781076290993704,1.000142611815041
1207,128367098768.25865,2785.779678066726,0.0008864728467655473,0.12781809711144815,1.0001427446638773
1208,128874831709.12286,2785.89973470176,0.0008867270284547248,0.12782540285321084,1.0001429277711453
1209,129379642174.77794,2786.0194141229517,0.0008869803988660808,0.12783268039013743,1.00014314504409
1210,129881478760.17554,2786.138137596187,0.0008872323245997151,0.12783993724275594,1.0001435683085966
1211,130379806933.0958,2786.2565867851167,0.0008874834829481388,0.12784715971566973,1.0001436852761403
1212,130875714181.5485,2786.374670358736,0.0008877339472414812,0.1278543615117687,1.0001439382218276
1213,131368658240.87337,2786.4921624203334,0.000887983355493285,0.12786153733810554,1.0001442236809968
1214,131858703656.16756,2786.6092022411976,0.000888231879668579,0.12786868684676816,1.000144469836713
1215,132346009935.57022,2786.725252174658,0.0008884789461186244,0.12787581814510401,1.0001449621621905
1216,132829861689.85068,2786.8401097466985,0.0008887242058568159,0.12788292478254137,1.0001454516210886
1217,133310535024.72023,2786.953169863094,0.0008889670744574309,0.12789002034703947,1.0001462450871768
1218,133787161155.68524,2787.064905559265,0.000889207897700031,0.12789708641267108,1.0001467504976738
1219,134260860531.15024,2787.1759303781732,0.0008894475589421982,0.12790413028490932,1.0001470938048893
1220,134732000972.0304,2787.2871826924265,0.0008896871302926029,0.1279111429657921,1.0001471349676365
1221,135201218648.99657,2787.397669229178,0.0008899256369202267,0.12791814556488665,1.0001475425182287
1222,135667625039.29947,2787.4872096766812,0.000890141186542546,0.12792541729827772,1.0001561679561297
1223,136111626684.95319,2787.5709050637397,0.0008903464760414553,0.1279324853364206,1.0001579652943142
1224,136552989190.882,2787.654471245412,0.0008905515172457464,0.1279395446192462,1.0001583518258186
1225,136992499057.32465,2787.7375817359984,0.0008907558569977592,0.12794659258160485,1.0001587058592794
1226,137429972877.16104,2787.820194931598,0.000890959391719144,0.12795362563545798,1.0001590594289884
1227,137865432488.61975,2787.9022621858117,0.0008911620606496545,0.12796064391874723,1.0001594348218457
1228,138298874321.2769,2787.9838655858193,0.0008913639664246097,0.12796764730029286,1.0001597742646218
1229,138730402092.42178,2788.065024078716,0.0008915651471297451,0.12797463680660126,1.0001601091158325
1230,139160041937.23178,2788.1457070030974,0.0008917655639256774,0.1279816124963136,1.0001604613147665
1231,139587789231.7883,2788.225940477425,0.0008919652485281791,0.12798857427936136,1.0001608014136443
1232,140013699626.01044,2788.305740602183,0.0008921642297422527,0.12799552277469384,1.0001611357199125
1233,140437808026.47748,2788.38513102342,0.0008923625410721702,0.12800245824385978,1.0001614597319026
1234,140860158877.34317,2788.4639755863855,0.0008925600322277567,0.12800938243859664,1.0001618574576683
1235,141280616143.60635,2788.5420240611293,0.0008927564010475633,0.1280162967041741,1.0001623515039522
1236,141699072135.06378,2788.619687681893,0.0008929521006205443,0.12802319580828317,1.0001626588635242
1237,142115937745.14902,2788.697021945071,0.0008931472521882083,0.12803008337246014,1.0001629670688281
1238,142531159287.34775,2788.7738189516404,0.0008933416043830064,0.12803696049584953,1.0001633862978254
1239,142944516755.05164,2788.850047268422,0.0008935351188373513,0.12804382734868516,1.0001637442937321
1240,143356278983.76318,2788.925921800849,0.0008937280556158472,0.1280506828616072,1.0001640697940437
1241,143766447110.78598,2789.0014045919233,0.0008939203656838457,0.1280575270315951,1.0001644015577982
1242,144175031315.7352,2789.076505457536,0.000894112071949986,0.12806436062330437,1.0001647259225683
1243,144582064412.21066,2789.1510781730776,0.0008943030108747997,0.1280711853797516,1.0001651238974936
1244,144987431984.52322,2789.2251538993096,0.0008944931977214679,0.12807799956303093,1.0001654998890546
1245,145391228914.3447,2789.298807663271,0.0008946827328464673,0.128084803496491,1.0001658498026225
1246,145793509372.04355,2789.3720938725555,0.0008948716910074131,0.12809159755970842,1.0001661689022898
1247,146194342326.38135,2789.4462266573673,0.0008950614484075699,0.1280983687429494,1.0001657624513525
1248,146595230676.38132,2789.5216630700925,0.0008952526835793645,0.12810512358142342,1.0001655804566474
1249,146994967771.27756,2789.5966253603215,0.0008954432248308619,0.12811186994878432,1.0001658743434236
1250,147393231766.2318,2789.6711375214063,0.000895633096013967,0.12811860737521166,1.000166223496757
1251,147790027738.84216,2789.74527339029,0.0008958223892454675,0.12812533569290777,1.00016653947741
1252,148185452961.77753,2789.8191407629265,0.0008960112254887846,0.12813205367230093,1.000166840518293
1253,148579500036.1323,2789.8925827460134,0.0008961994352528246,0.12813876362679616,1.0001671842426694
1254,148972146925.8225,2789.9622891942445,0.0008963833452103151,0.1281455070912856,1.000169089738871
1255,149360962155.0363,2790.030830302976,0.0008965654251289393,0.12815222463673173,1.0001697833731995
1256,149748343280.0331,2790.09900381325,0.0008967469816262655,0.1281589364137994,1.0001701784930794
1257,150134394728.77994,2790.1667933976833,0.00089692797381118,0.12816564102129088,1.0001705295951766
1258,150519147482.07877,2790.2342378162343,0.0008971084447657919,0.128172337997604,1.0001708560535023
1259,150902643454.5178,2790.3018252829393,0.0008972889472579118,0.12817902199006737,1.0001709383985466
1260,151285268198.97717,2790.3694231446943,0.0008974693906482472,0.1281856987120316,1.0001711097572399
1261,151666792960.15454,2790.4367098070347,0.0008976493710831565,0.12819236887705324,1.0001714022370263
1262,152047110437.9024,2790.503613020521,0.0008978287923698736,0.1281990322737906,1.000171754516358
1263,152426154962.03482,2790.5700892616014,0.0008980076000933982,0.1282056890384036,1.0001721074373975
1264,152803987352.9394,2790.636249330984,0.0008981859289590543,0.12821233862730616,1.0001724321244163
1265,153180634478.39142,2790.7020901311043,0.0008983637761797071,0.12821898114437716,1.0001727444630888
1266,153556136688.34506,2790.7676997265326,0.000898541258284144,0.12822561682989356,1.000173018287047
1267,153930544059.99496,2790.83309403067,0.0008987183992638864,0.12823224594691324,1.0001732801317398
1268,154303877783.6459,2790.898285855029,0.0008988952160159342,0.12823886853629585,1.000173535092117
1269,154676155046.28342,2790.962977474371,0.0008990713441335039,0.12824548598153523,1.000173968759107
1270,155047117209.87585,2791.026807144732,0.0008992463820985967,0.12825210292125108,1.0001745023517163
1271,155416771227.25555,2791.0901503299165,0.0008994207490308001,0.12825871477247086,1.0001749500020287
1272,155785166366.2466,2791.1533293280486,0.0008995948135259164,0.12826531821558387,1.0001751754897554
1273,156152663183.667,2791.216522737691,0.000899768821962417,0.128271914408459,1.0001753469230437
1274,156519246539.212,2791.279726916353,0.0008999427493782192,0.1282785019090119,1.0001754868512873
1275,156884989778.4305,2791.343344292205,0.0009001170583673458,0.1282850766950245,1.00017546296462
1276,157250058915.856,2791.4070517066593,0.0009002914131209863,0.12829164453024,1.0001755579547655
1277,157614300702.41287,2791.4709189903115,0.0009004658835771682,0.12829820397659403,1.0001756086801181
1278,157977813626.61597,2791.5349967241323,0.000900640543518393,0.12830475563580349,1.0001756693582844
1279,158340535099.355,2791.5990770174703,0.0009008151185119772,0.12831129906678793,1.0001758187196337
1280,158702390903.0649,2791.6633732088444,0.0009009898563967925,0.12831783230910626,1.0001758287167004
1281,159063629220.31158,2791.7281683692463,0.0009011651382531997,0.1283243564660781,1.000175736995217
1282,159424281456.62155,2791.793183195967,0.0009013406384536121,0.12833087401426685,1.0001757874063955
1283,159784130595.07898,2791.8589589348976,0.0009015169174938043,0.12833737508075022,1.0001754310483697
1284,160143916415.70767,2791.925806317761,0.0009016944043224301,0.1283438615953928,1.0001752143402767
1285,160503016716.26904,2791.9926766202466,0.0009018718246913445,0.12835033926219225,1.0001752704296893
1286,160861379637.97256,2792.059700070844,0.0009020493684593721,0.12835680961788834,1.0001753443764594
1287,161218978238.37857,2792.1268272784155,0.000902226961028294,0.12836327189280355,1.000175425403449
1288,161575845801.30826,2792.1942018545565,0.0009024047886838136,0.1283697261301971,1.0001754460914274
1289,161932040067.64758,2792.26204849841,0.0009025831039818647,0.12837616962092804,1.0001753397596285
1290,162287724077.76022,2792.329902880794,0.0009027614033379236,0.12838260923612055,1.0001754754417367
1291,162642566073.1213,2792.397895711895,0.0009029397801405579,0.12838903959672474,1.000175557672309
1292,162996679853.67392,2792.465873400402,0.0009031180899379427,0.12839546455569983,1.0001757019463773
1293,163350003580.59915,2792.531533723945,0.00090329375646485,0.12840191272440366,1.0001769959836582
1294,163701211049.44604,2792.5967346643615,0.0009034686720961658,0.12840834781547586,1.0001773920321713
1295,164051652502.641,2792.662090331125,0.0009036437464705775,0.12841477801216117,1.0001775141049183
1296,164401403946.7037,2792.7265915218077,0.0009038177678370833,0.1284212100364337,1.0001782181900634
1297,164749640032.85397,2792.7906376045853,0.0009039911109724739,0.1284276338187791,1.0001784751988705
1298,165097293957.4872,2792.8552517532266,0.0009041651089775865,0.1284340499606265,1.000178385790128
1299,165444478459.80872,2792.920322122492,0.0009043396122807193,0.12844045810393057,1.0001782877815413
1300,165791154984.60895,2792.985886414821,0.0009045146590186042,0.12844685747056334,1.0001781556024087
1301,166137368066.42932,2793.0518127943706,0.0009046900964828669,0.12845324932601568,1.0001780520596348
1302,166483131797.6986,2793.1196872455826,0.0009048676786061946,0.12845961227152203,1.0001773047766398
1303,166828999517.97943,2793.1880865243256,0.0009050458936986043,0.12846596985679556,1.0001770878907559
1304,167174401294.4298,2793.256984038798,0.0009052246314082437,0.1284723166743578,1.0001769457721295
1305,167519328098.868,2793.326384828648,0.000905403911687887,0.12847865365705555,1.0001768118938685
1306,167863784940.8351,2793.3963654689246,0.0009055838249611846,0.12848498015537357,1.0001766353996664
1307,168207827078.76102,2793.4668559821744,0.0009057642974424814,0.12849129734988793,1.0001765057874255
1308,168551382366.72015,2793.5358552855064,0.0009059430192330023,0.1284976254962873,1.0001773776891172
1309,168893423030.94202,2793.604667867464,0.0009061213596436556,0.12850394174549967,1.0001776639529476
1310,169234750864.89908,2793.673501785611,0.0009062996875340376,0.1285102531214598,1.0001778270103185
1311,169575390821.11655,2793.7423723220236,0.0009064780098463058,0.12851655871117543,1.0001779560496689
1312,169915366117.2328,2793.8112890571056,0.0009066563396858049,0.12852285856264167,1.0001780739372053
1313,170254687837.48608,2793.8804902791194,0.000906834979744589,0.12852915220246555,1.0001780622355299
1314,170593480192.16318,2793.949756871566,0.0009070136673825032,0.12853544117077076,1.000178150103683
1315,170931639425.18472,2794.0190521266277,0.0009071923425580892,0.12854172459014176,1.0001782751572776
1316,171269137792.43265,2794.088357285391,0.0009073709800893332,0.12854800240373665,1.0001784081993421
1317,171605984373.22937,2794.156851172,0.0009075486696201373,0.1285542856991015,1.000178937673613
1318,171941804935.1279,2794.2252832678914,0.0009077261976507368,0.12856056124130358,1.000179150700513
1319,172276965499.952,2794.293724895449,0.0009079037010887144,0.1285668321669054,1.0001793010409838
1320,172611484497.37952,2794.362164690227,0.000908081160852326,0.12857309817216417,1.0001794460318405
1321,172945362272.5607,2794.4313514109094,0.0009082594651170256,0.12857935322233835,1.0001790782962507
1322,173279230529.17642,2794.5016804964353,0.0009084391150679383,0.12858559636566522,1.0001787497756864
1323,173612683401.8964,2794.5721113164836,0.0009086188311023452,0.12859183277417127,1.0001787623224365
1324,173945561865.17538,2794.6426188326204,0.0009087985928699113,0.12859806331027987,1.0001788423441844
1325,174277850513.35217,2794.713189413509,0.000908978390957317,0.12860428856134654,1.0001789409375803
1326,174609544635.36902,2794.7838074689516,0.000909158208799761,0.12861050878970035,1.0001790499293695
1327,174940640806.8364,2794.8544794146414,0.0009093380532910612,0.12861672389211398,1.0001791569821772
1328,175271146075.87207,2794.9251704724234,0.0009095178868691999,0.12862293441306552,1.0001792806534453
1329,175601048733.52158,2794.9958614638495,0.0009096976865647349,0.1286291404947584,1.0001794150969303
1330,175930345335.0831,2795.0665366682024,0.0009098774347960388,0.12863534234311827,1.0001795583412632
1331,176259033494.15625,2795.137181135047,0.0009100571148773533,0.12864154015736026,1.000179709850625
1332,176587110959.0697,2795.207777753043,0.0009102367073288372,0.12864773413898617,1.000179870698146
1333,176914574623.06348,2795.27830968633,0.0009104161929460779,0.12865392448456286,1.0001800407628052
1334,177241421803.64462,2795.3484486367897,0.0009105951890969402,0.12866011438786945,1.0001803990021472
1335,177567470997.04477,2795.418479894261,0.0009107740083631698,0.12866629968449364,1.0001805879076464
1336,177892945960.55917,2795.488391453527,0.0009109526724824686,0.128672483021722,1.0001807932184028
1337,178217791859.19458,2795.558174999559,0.0009111311559733932,0.128678663371938,1.0001810001726639
1338,178542014327.72214,2795.627831580002,0.0009113094631754695,0.1286848409521991,1.0001812060144686
1339,178865618401.9573,2795.697357006699,0.0009114875900871934,0.12869101587256304,1.0001814135484228
1340,179188606872.71588,2795.7667459096488,0.000911665531134999,0.12869718824112517,1.0001816237826273
1341,179510981952.5238,2795.8359921352294,0.0009118432796392986,0.1287033581603382,1.0001818373536084
1342,179832745455.4707,2795.905089625495,0.000912020829212776,0.1287095257447879,1.0001820542430921
1343,180153899266.92197,2795.974032307424,0.0009121981734948417,0.12871569111263795,1.0001822743884103
1344,180474445399.04575,2796.042814319393,0.0009123753063255681,0.12872185437704545,1.0001824977533378
1345,180794385852.64178,2796.111429765904,0.0009125522214911727,0.1287280156507795,1.000182724371187
1346,181113722579.60724,2796.1798686694974,0.0009127289075717865,0.12873417505562207,1.0001829567002885
1347,181432455447.27704,2796.248671512722,0.000912905996229068,0.1287403273716373,1.0001828849088137
1348,181750863790.73816,2796.317492703538,0.0009130831116961344,0.12874647791584864,1.0001830163139789
1349,182068687956.2072,2796.386104670919,0.0009132599507823098,0.1287526262716984,1.0001832439574898
1350,182385911261.37094,2796.4545002479717,0.0009134365148922906,0.1287587732086567,1.0001834939305048
1351,182702531288.3104,2796.5226684777717,0.0009136127931757507,0.12876491898158518,1.0001837541866518
1352,183018546284.10605,2796.5905954852824,0.0009137887698161236,0.12877106376467534,1.0001840219793376
1353,183333957028.82355,2796.6582822240516,0.0009139644474408763,0.1287772076666221,1.0001842907503964
1354,183648767315.1786,2796.725720677728,0.0009141398174166439,0.12878335082886375,1.000184563602625
1355,183962978300.5382,2796.792902415701,0.0009143148702804551,0.1287894933729593,1.0001848414070866
1356,184276590986.23016,2796.8598203150555,0.0009144895985894392,0.12879563544271586,1.000185122914302
1357,184589607369.8879,2796.926804822003,0.0009146643808145745,0.12880177326329764,1.000185208835227
1358,184902211234.9087,2796.993727145143,0.0009148390843619817,0.12880790936099293,1.0001854020620118
1359,185214239837.97247,2797.060368680809,0.000915013434563249,0.1288140445403749,1.0001856754570648
1360,185525679976.22897,2797.126763289327,0.0009151874799623945,0.12882017911218793,1.000185941870904
1361,185836554645.4437,2797.1929141704354,0.0009153612271881908,0.12882631325954808,1.0001862162959134
1362,186146853308.0944,2797.258825745657,0.0009155346815215733,0.12883244695788004,1.0001864816452792
1363,186456592945.0034,2797.3244666550777,0.0009157078072644518,0.12883858059552422,1.000186769088957
1364,186765754857.83575,2797.3898064084947,0.0009158805660796967,0.12884471429675304,1.000187071631126
1365,187074337605.77524,2797.454864354685,0.0009160529807201299,0.12885084789285164,1.0001873667269758
1366,187382352756.87094,2797.5196084072954,0.0009162250164498772,0.12885698190974906,1.0001876779394263
1367,187689791126.95587,2797.5898410945815,0.0009164033000752805,0.12886304773342694,1.0001849310238615
1368,187998996329.1553,2797.6612601202214,0.0009165831430177178,0.12886911189129807,1.000184222099475
1369,188307894382.52783,2797.732196904192,0.0009167622911181805,0.12887516961069043,1.000184468488342
1370,188616122659.75262,2797.8027535365372,0.0009169409173365347,0.12888122366653773,1.0001847868734943
1371,188923772112.4596,2797.873458391489,0.0009171197141356309,0.12888727405528488,1.0001848109181042
1372,189231095509.44232,2797.9446380406284,0.0009172990991718581,0.12889332002619813,1.0001846888169215
1373,189538109078.71982,2798.0161139940883,0.0009174788395118521,0.12889936164130686,1.0001846245033428
1374,189844762675.14297,2798.0878344650314,0.0009176588685747271,0.12890539898352332,1.0001845884558256
1375,190151047971.84937,2798.159807990142,0.0009178391911228297,0.1289114315908471,1.0001845529414557
1376,190456972425.58105,2798.2320298714603,0.0009180198109344135,0.12891746015137465,1.0001845051954181
1377,190762557327.72552,2798.3047295334413,0.0009182010076580487,0.12892348314740884,1.0001843584394543
1378,191067850072.78415,2798.3776633936413,0.0009183824865412145,0.12892950231389946,1.0001843097564471
1379,191372786881.43375,2798.4508534726137,0.000918564270333156,0.12893551720868235,1.0001842654680209
1380,191677373511.94806,2798.523030270401,0.0009187447475144814,0.12894153172077624,1.0001851623255111
1381,191980755511.6397,2798.592975431827,0.0009189224051503096,0.12894755202035635,1.0001863095073906
1382,192283305993.9981,2798.6631979121685,0.0009191004260120711,0.12895357027723509,1.0001864817085908
1383,192585477656.94308,2798.7336922694185,0.0009192787964366113,0.12895958602229804,1.000186460224193
1384,192887330759.72067,2798.8045650492727,0.0009194576349593584,0.12896559773776942,1.0001863561463322
1385,193188891270.84882,2798.875813150964,0.0009196369328105351,0.12897160507831013,1.0001862388821425
1386,193490159681.9319,2798.947445004467,0.0009198166992541327,0.12897760790061244,1.0001861102678165
1387,193791145773.56955,2799.019338397983,0.000919996781478085,0.12898360673975087,1.0001860524624762
1388,194091798518.80215,2799.091098591459,0.0009201766729095199,0.12898960246083713,1.0001862925116258
1389,194391870307.7357,2799.162417738259,0.000920356000642921,0.12899559731174323,1.000186584799868
1390,194691479969.6014,2799.233821633945,0.000920535430736275,0.12900158952097723,1.0001867008204635
1391,194990686261.82428,2799.305280453998,0.0009207149199166637,0.12900757880282468,1.0001867913932987
1392,195289496943.981,2799.3767927845925,0.0009208944645287038,0.12901356503003023,1.000186877368103
1393,195587914530.15036,2799.4483628326025,0.0009210740690770944,0.12901954812892655,1.0001869590672126
1394,195885944057.8838,2799.519979510408,0.000921253720038676,0.129025528172987,1.0001870483613753
1395,196183580210.07803,2799.5916384007646,0.0009214334119651923,0.1290315051868449,1.0001871386412577
1396,196480826424.99152,2799.6633402887637,0.0009216131465433277,0.12903747921533062,1.0001872288830223
1397,196777684601.2225,2799.7350847670355,0.0009217929234382125,0.12904345027162276,1.0001873190385733
1398,197074156746.37347,2799.8068753352086,0.0009219727470683777,0.12904941834142197,1.0001874069393264
1399,197370246286.87338,2799.878083421891,0.0009221518753832098,0.12905538944433395,1.000187926229012
1400,197665596501.1329,2799.9481337478996,0.0009223296462565846,0.12906137031445772,1.0001885654224183
1401,197960355419.7628,2800.0154416359223,0.0009225042402420337,0.12906737981400795,1.0001906257906625
1402,198253207432.64447,2800.0749452104997,0.0009226699396675054,0.12907348479922645,1.0001944222860866
1403,198544023786.47946,2800.1342842242825,0.0009228354657062102,0.12907959115397907,1.0001952957988
1404,198834361190.2163,2800.193504018947,0.0009230009221474975,0.1290857019620334,1.000195653760791
1405,199124252522.4567,2800.252582163396,0.0009231662174601425,0.12909181289512672,1.000195875929377
1406,199413757357.87885,2800.3108041954806,0.000923330411707134,0.12909792412457188,1.0001966126319735
1407,199702467622.0697,2800.368347733819,0.0009234937231382138,0.12910403456553624,1.0001970919137917
1408,199990757709.3823,2800.4258304378186,0.0009236569855053529,0.12911014556620742,1.0001973191882974
1409,200278667205.93527,2800.483249968679,0.000923820169235499,0.12911625527786505,1.000197492541305
1410,200566206838.46008,2800.5406213777806,0.0009239832874192087,0.12912236323030804,1.0001976455811632
1411,200853385518.28745,2800.597934753908,0.0009241463268039323,0.1291284694142094,1.0001978004680734
1412,201140201893.86594,2800.655193173738,0.0009243092905677085,0.12913457377085918,1.0001979531454166
1413,201426659513.27264,2800.7124007154184,0.0009244721836533278,0.12914067627230436,1.000198103250896
1414,201712761483.4603,2800.769574065017,0.0009246350267583792,0.1291467768279007,1.0001982433387786
1415,201998515098.2296,2800.8267102278805,0.0009247978162494186,0.1291528754621646,1.0001983832684311
1416,202283921267.29706,2800.883810870481,0.0009249605544048778,0.1291589721826473,1.0001985220528087
1417,202568982057.19995,2800.9408825372425,0.0009251232486443736,0.1291650669058118,1.0001986566297412
1418,202853701852.27963,2800.997932694956,0.0009252859080701408,0.12917115958016437,1.0001987863983701
1419,203138084593.76196,2801.0549688137276,0.0009254485415778998,0.12917725013909043,1.0001989112590535
1420,203422134097.165,2801.112000603514,0.0009256111610409206,0.12918333851676542,1.0001990293756318
1421,203705855438.46924,2801.1690655189495,0.0009257738123447854,0.12918942446084958,1.0001991276962048
1422,203989258744.71136,2801.2260938561467,0.0009259364097775881,0.1291955084206453,1.0001992588553104
1423,204272327207.3722,2801.285100781599,0.0009261013392704154,0.12920157094257076,1.0001981115635594
1424,204555925167.3781,2801.345350124915,0.0009262677448520606,0.12920762015743376,1.0001976180711203
1425,204839250660.63806,2801.405765293416,0.0009264342956292422,0.12921366251817193,1.0001974564002922
1426,205122375397.9811,2801.46618461486,0.0009266008488226826,0.12921970297888774,1.0001975461093464
1427,205405140109.99783,2801.5262952250273,0.0009267670070542401,0.12922574269825335,1.0001978086043906
1428,205687504908.01282,2801.586413730842,0.0009269331706868837,0.12923178038996352,1.0001979388625675
1429,205969552916.0556,2801.646265512445,0.0009270989820750229,0.12923781646236698,1.000198264815747
1430,206251130334.173,2801.705775964731,0.0009272643493375924,0.12924385140739503,1.0001985481468396
1431,206532355390.20633,2801.765171164698,0.0009274295883955997,0.12924988639550541,1.0001987498098566
1432,206813237344.3184,2801.8246215334766,0.0009275948960461556,0.12925591941887754,1.00019884543387
1433,207093822975.9036,2801.8841445305748,0.0009277602916052548,0.12926195021037218,1.0001989118184293
1434,207374120210.8177,2801.9437430615085,0.0009279257735671625,0.12926797839455606,1.0001989714233799
1435,207654131804.96994,2802.0007998529527,0.0009280882110575001,0.12927402742121102,1.0002008740083086
1436,207932573444.19992,2802.0477955927386,0.0009282389238128246,0.1292801867706495,1.0002060240973019
1437,208208631895.36548,2802.0946816505675,0.0009283895632712877,0.12928634979981574,1.0002071999088822
1438,208484270396.19693,2802.141567516557,0.0009285403189299415,0.12929251960090093,1.00020754974689
1439,208759592036.53247,2802.1884332145264,0.0009286910736106555,0.12929868985777093,1.0002077208860243
1440,209034622070.69708,2802.2352842757955,0.0009288418156750362,0.12930485925038968,1.000207847832663
1441,209309369236.22058,2802.282125131683,0.0009289925462824333,0.12931102745123788,1.0002079621792852
1442,209583837520.55893,2802.328981073203,0.0009291432963022373,0.1293171942750179,1.0002080555260933
1443,209858040022.66388,2802.3758603292217,0.0009292940754866992,0.12932335964055577,1.000208147474196
1444,210131972008.0448,2802.422744872983,0.0009294448601949653,0.12932952356634747,1.000208244604216
1445,210405633756.0192,2802.46963600686,0.0009295956514611294,0.12933568600427314,1.0002083426404775
1446,210679026988.51437,2802.5165386185326,0.0009297464555275325,0.12934184693749987,1.0002084380514038
1447,210952154242.92392,2802.563457652583,0.000929897278504357,0.1293480063344958,1.0002085299948194
1448,211225018126.4063,2802.6104071322948,0.0009300481396922367,0.12935416424271107,1.0002086110108281
1449,211497625318.50687,2802.6574066056924,0.0009301990618716398,0.1293603204407832,1.0002086810065516
1450,211769980472.29843,2802.70444360283,0.0009303500281149114,0.1293664749014196,1.000208756195992
1451,212042081195.34772,2802.751519503585,0.0009305010398147164,0.1293726275930045,1.000208830748163
1452,212313929599.62033,2802.798641535836,0.0009306521059928722,0.12937877847426876,1.0002089006275687
1453,212585529173.71982,2802.8457977676167,0.0009308032157631244,0.12938492788884048,1.0002089749132557
1454,212856877721.85565,2802.893008743935,0.0009309543912895409,0.12939107547912748,1.0002090389823908
1455,213127982072.67358,2802.9402818626536,0.000931105641061598,0.1293972211502784,1.000209097627331
1456,213398844775.98248,2802.987618792816,0.0009312569679488895,0.12940336494558632,1.0002091529890536
1457,213669468183.06534,2803.0350392684672,0.0009314083956666319,0.12940950668833817,1.0002091969277083
1458,213939858165.18704,2803.082558991921,0.0009315599451763271,0.1294156463818439,1.0002092285836368
1459,214210020384.12057,2803.1301755861114,0.000931711611926399,0.12942178392605172,1.0002092600028762
1460,214479954671.47644,2803.1778921369823,0.0009318633992214453,0.12942791926218541,1.0002092892365273
1461,214749662952.13785,2803.2257125488045,0.0009320153119019842,0.12943405236240899,1.000209315635044
1462,215019147198.7087,2803.27364031386,0.0009321673541509576,0.12944018319107828,1.0002093393880604
1463,215288409191.37225,2803.321759201379,0.0009323196271087712,0.12944631102957746,1.0002093087285087
1464,215557479643.83484,2803.369952473797,0.0009324719880047342,0.12945243674213416,1.0002093483638246
1465,215826312915.9003,2803.4182519141623,0.0009326244744723343,0.129458560002907,1.0002093758922386
1466,216094923785.64902,2803.466636253572,0.0009327770660138831,0.12946468135023267,1.0002094072255112
1467,216363313820.90894,2803.515137318213,0.0009329297984880667,0.12947080032984642,1.000209427489975
1468,216631486610.07767,2803.5637576546815,0.0009330826752934306,0.129476916938283,1.0002094401908115
1469,216899447436.17026,2803.6125459159407,0.0009332357573426272,0.12948303090308824,1.0002094225672624
1470,217167210799.07205,2803.661481556573,0.0009333890187305336,0.12948914231913092,1.0002094160865482
1471,217434766546.603,2803.710551516687,0.0009335424430749968,0.12949525125135875,1.0002094148147669
1472,217702115592.64563,2803.7597270476354,0.0009336959909524884,0.12950135761678125,1.0002094340848435
1473,217969249573.88,2803.8090141731464,0.0009338496753501224,0.12950746175593197,1.0002094500106264
1474,218236172518.13947,2803.8584135446445,0.0009340034978722315,0.1295135637159649,1.0002094646368398
1475,218502885601.9239,2803.9079261356546,0.0009341574598072049,0.12951966349231384,1.000209478151102
1476,218769389962.01184,2803.9575339469557,0.0009343115355097135,0.12952576096626814,1.000209503724849
1477,219035680721.54446,2804.0072496244593,0.0009344657429709714,0.12953185621319066,1.0002095220108067
1478,219301763173.28476,2804.0570738900083,0.0009346200840472539,0.1295379492912738,1.0002095388349566
1479,219567637738.78125,2804.107005918547,0.0009347745580488677,0.12954404022515345,1.0002095543241802
1480,219833306186.926,2804.1568561718937,0.0009349288960075362,0.12955012788907766,1.0002096960062505
1481,220098713873.40274,2804.2068070722685,0.0009350833484147352,0.12955621278420376,1.000209743521624
1482,220363912883.69882,2804.256896246099,0.0009352379713873795,0.12956229531748198,1.0002097493573463
1483,220628915059.38474,2804.3071084320436,0.000935392745700458,0.1295683755627079,1.0002097549820133
1484,220893717263.73727,2804.3574030270715,0.0009355476211042695,0.1295744537878023,1.0002097887241355
1485,221158303936.43063,2804.407672486067,0.0009357024699188412,0.12958053108757137,1.0002098682486555
1486,221422668585.7745,2804.4580985141706,0.0009358575101405713,0.12958660576379952,1.0002098729986202
1487,221686839653.47675,2804.508686930087,0.0009360127508903785,0.12959267790452486,1.0002098555229249
1488,221950823171.82294,2804.559393582811,0.0009361681369818408,0.12959874776441888,1.0002098566669781
1489,222214610714.736,2804.610191464034,0.0009363236330548992,0.12960481538823818,1.0002098780968913
1490,222478195033.55792,2804.6611181737826,0.0009364792872561405,0.12961088062950166,1.0002098790586547
1491,222741588441.3039,2804.7121746394773,0.0009366351022351953,0.1296169435812475,1.000209876790432
1492,223004790566.75665,2804.763358024964,0.0009367910728865374,0.1296230041477473,1.0002098756851971
1493,223267801216.3928,2804.814670572208,0.0009369472026699195,0.12962906235659755,1.0002098724016946
1494,223530622295.6338,2804.8661143173085,0.0009371034945235851,0.12963511821821275,1.0002098674229805
1495,223793254848.15125,2804.917690022138,0.0009372599494484159,0.12964117172668754,1.0002098613376016
1496,224055699835.0198,2804.970376562941,0.0009374177256348211,0.12964721247928163,1.0002093228212314
1497,224318182498.38303,2805.0232543804377,0.0009375757344629248,0.12965325017161855,1.000209189907962
1498,224580487789.6656,2805.076232301578,0.0009377338530371695,0.12965928472902036,1.0002091705206584
1499,224842602972.81537,2805.1293299837553,0.0009378921170452863,0.1296653167979733,1.0002091578149048
1500,225104535112.61493,2805.1824594739733,0.0009380504213256027,0.1296713472371201,1.0002092225925394
1501,225366250349.545,2805.2355949027415,0.0009382087385349028,0.12967737654765502,1.0002092939056852
1502,225627755336.48294,2805.2887757432068,0.0009383671239238029,0.12968340489789848,1.000209341615611
1503,225889061812.02728,2805.342006738765,0.0009385255818503223,0.12968943214869894,1.0002093916745403
1504,226150162830.16443,2805.3952585790885,0.000938684069820925,0.12969545807268948,1.0002094549316765
1505,226411056877.28687,2805.448535064505,0.000938842593655124,0.1297014827199287,1.0002095188325322
1506,226671745348.9423,2805.50183989158,0.0009390011581947831,0.1297075060823116,1.0002095806796623
1507,226932229899.7455,2805.555176659833,0.0009391597678502302,0.1297135281307047,1.0002096398872047
1508,227192512232.54202,2805.608607065914,0.0009393185144914532,0.12971954950252892,1.000209658096727
1509,227452607546.43738,2805.662061133356,0.0009394772965658149,0.12972556965366602,1.0002097095770854
1510,227712503649.61945,2805.715554562815,0.0009396361317884387,0.1297315883544094,1.0002097619265509
1511,227972201796.43362,2805.7696293067047,0.0009397956582976113,0.12973759953130232,1.000209531203045
1512,228231811844.74115,2805.8237966935453,0.0009399552957948052,0.12974360830607193,1.0002094918971385
1513,228491247141.4896,2805.878129131537,0.0009401151386303026,0.1297496144898316,1.000209446753556
1514,228750521618.58282,2805.9326552820667,0.0009402752255462099,0.1297556180988493,1.0002093943369048
1515,229009633253.40268,2805.9873553285215,0.0009404355263559736,0.12976161887606438,1.0002093520763935
1516,229268578485.9934,2806.0422172177196,0.000940596027199614,0.12976761697382475,1.0002093157491894
1517,229527357411.16998,2806.097243127185,0.0009407567314977483,0.12977361242070914,1.0002092795050188
1518,229785970805.29382,2806.152434984008,0.0009409176418487008,0.12977960521161008,1.0002092419734012
1519,230044419658.5841,2806.207687820215,0.00094107861900708,0.12978559544804535,1.0002092746803721
1520,230302673390.35956,2806.2624332054434,0.0009412390065239679,0.12979159044854452,1.0002095985169432
1521,230560634466.82077,2806.3172391967396,0.000941399481715145,0.12979758437818698,1.0002097104403547
1522,230818386769.09695,2806.372130069095,0.0009415600843311918,0.12980357772909465,1.000209711514316
1523,231075988169.23547,2806.4273056511834,0.0009417210496308402,0.12980956822623804,1.0002096264497937
1524,231333443300.17154,2806.48262390868,0.0009418821890468101,0.12981555600363553,1.0002095958813746
1525,231590729287.84973,2806.5379899966147,0.0009420433738851692,0.12982154096305154,1.0002096243637302
1526,231847833456.2953,2806.5935220298757,0.0009422047693894644,0.12982752356039917,1.0002095968940763
1527,232104778120.87363,2806.649224037274,0.0009423663801180342,0.12983350373069674,1.000209555691157
1528,232361565549.44818,2806.704927158588,0.0009425279993547346,0.1298394828523883,1.0002096381680141
1529,232618132961.34897,2806.7583909649725,0.0009426869881372021,0.12984548647300592,1.0002108550583682
1530,232874095947.37326,2806.8119095511674,0.0009428460673524056,0.12985148977744887,1.0002111388807544
1531,233129857699.01038,2806.8656371110933,0.0009430054453578309,0.12985749284211484,1.0002111147845323
1532,233385495126.54422,2806.9196479479774,0.0009431651843164891,0.12986349306247844,1.0002110446047991
1533,233640975503.86157,2806.9737465490234,0.0009433250290414204,0.1298694909530521,1.0002110370665114
1534,233896288925.7375,2807.0278946879616,0.0009434849403017012,0.12987548734801974,1.000211063293659
1535,234151427495.51505,2807.082101518546,0.0009436449331432143,0.12988148243408285,1.0002110897993381
1536,234406394163.78345,2807.1364011352507,0.0009438050500815425,0.12988747597950936,1.0002110948125895
1537,234661198951.75366,2807.1908134129003,0.000943965313342548,0.1298934676707434,1.0002110917758535
1538,234915840682.39478,2807.24531962153,0.0009441256990835985,0.12989945759677451,1.0002110939677489
1539,235170318735.07422,2807.299686559505,0.0009442859206110387,0.12990544761637327,1.0002112644760996
1540,235424552613.23734,2807.3537006746233,0.0009444457151069926,0.12991143942388533,1.0002115224588461
1541,235678554743.63107,2807.4076842203785,0.0009446054900118009,0.12991743122645638,1.0002116347203502
1542,235932379431.83322,2807.4614093068753,0.0009447649589952732,0.12992342442977572,1.0002119121401123
1543,236185923722.26663,2807.514615911333,0.0009449238113954148,0.12992942175278208,1.0002122498811608
1544,236439231088.62778,2807.567346496861,0.0009450821124721688,0.1299354237710273,1.000212610530218
1545,236692286866.47556,2807.6206201478617,0.0009452411067705619,0.12994142171568324,1.000212441603269
1546,236945266466.92426,2807.674195864915,0.000945400448358589,0.12994741409934885,1.0002123182026923
1547,237198120918.32727,2807.7282979747893,0.0009455604360679825,0.12995340068083658,1.000212047660585
1548,237450910377.48395,2807.783144402241,0.0009457213431322624,0.12995938004038785,1.0002116010512865
1549,237703700713.2306,2807.839209786267,0.0009458837268148482,0.1299653464948251,1.0002109278913522
1550,237956529781.04895,2807.8958667570487,0.0009460468186515987,0.12997130528946643,1.0002105098657497
1551,238209310162.70685,2807.9531329014294,0.0009462106457451909,0.12997725663538784,1.0002101339299307
1552,238462042040.8257,2808.0108079879155,0.0009463749390477429,0.12998320057024904,1.0002099042581905
1553,238714671450.31506,2808.069015821468,0.0009465398746451038,0.129989137708168,1.0002096092697252
1554,238967237183.8385,2808.1277934602895,0.0009467055066715478,0.1299950683145229,1.000209286867226
1555,239219741662.0993,2808.1871527986195,0.0009468718455346131,0.13000099198049692,1.000208952067105
1556,239472187634.4348,2808.244630765636,0.0009470358604376448,0.1300069287078509,1.000210007351671
1557,239724074432.4549,2808.30219152444,0.0009471999960331595,0.13001286448274432,1.0002101958362943
1558,239975813721.5646,2808.3600527761105,0.0009473645407783102,0.13001879893833213,1.000210125386078
1559,240227435043.3389,2808.418168685452,0.0009475294039185952,0.1300247300794546,1.000210028230019
1560,240478930745.55484,2808.476521557367,0.0009476945552281166,0.13003065746130793,1.0002099303441947
1561,240730301666.6104,2808.5351150235924,0.0009478599994290514,0.1300365810626816,1.0002098301071198
1562,240981548831.90356,2808.5939522231306,0.0009480257403690486,0.13004250084780597,1.0002097274756034
1563,241232673198.06485,2808.6461441219094,0.0009481833157807848,0.13004847445105114,1.0002145541537073
1564,241481435972.6618,2808.6875629781593,0.000948328204294123,0.13005457435856915,1.0002200351988884
1565,241729093347.20917,2808.7292396810685,0.0009484738667790269,0.13006070227709268,1.0002212153328436
1566,241976527354.348,2808.77112442418,0.0009486199275960459,0.1300668370481784,1.0002214335453021
1567,242223821406.43506,2808.8131952347026,0.0009487662475476771,0.13007297115478078,1.0002214319025446
1568,242470994543.04907,2808.8554446489024,0.0009489127919463264,0.13007910290357796,1.000221381158126
1569,242718050915.1745,2808.897871966629,0.0009490595552000079,0.13008523196991514,1.0002213173838068
1570,242964992718.90555,2808.9405135964407,0.0009492065882561506,0.13009135846649228,1.0002212220524012
1571,243211831867.22534,2808.983430031382,0.0009493539626327852,0.13009748168260687,1.0002210988175588
1572,243458570383.8516,2809.026504252032,0.0009495015277530251,0.13010360213207844,1.0002210295398701
1573,243705192360.40378,2809.0697293073176,0.0009496492772004822,0.13010972001392124,1.0002209752536844
1574,243951696436.78876,2809.1129291526863,0.000949796995566115,0.13011583687666878,1.0002210508767466
1575,244198028340.6175,2809.155979767085,0.0009499445455110698,0.13012195480476457,1.0002211555943161
1576,244444214935.8884,2809.1989974934613,0.0009500920706481364,0.13012807285991868,1.0002212571403841
1577,244690237317.0583,2809.242026505716,0.0009502396230802731,0.13013419051839042,1.000221300318983
1578,244936128153.35727,2809.285139553802,0.0009503872906850053,0.13014030705617688,1.0002213067501846
1579,245181890236.4672,2809.328331117207,0.0009505350622820098,0.1301464222163539,1.0002213070018506
1580,245427523976.1966,2809.371596335067,0.0009506829311521806,0.130152535986653,1.0002213080942086
1581,245673029198.39914,2809.4149304685716,0.0009508308915460596,0.13015864841012015,1.0002213116515397
1582,245918405596.79184,2809.4583269095547,0.0009509789352486334,0.1301647595345096,1.0002213196304126
1583,246163652176.7686,2809.501776162968,0.000951127050344816,0.13017086942221415,1.0002213329892988
1584,246408768304.56693,2809.5452813559323,0.0009512752423114024,0.13017697815641904,1.0002213454364701
1585,246653754783.6204,2809.589063043464,0.0009514237924756637,0.13018308454322527,1.0002211925328028
1586,246898681471.64444,2809.6331326504483,0.0009515727002986831,0.13018918747683692,1.0002210853033768
1587,247143488434.608,2809.677207496728,0.000951721608858377,0.13019528873134115,1.0002210959766746
1588,247388160910.11423,2809.721285962989,0.0009518705278852312,0.130201389122539,1.0002211351285308
1589,247632696727.57858,2809.7653494127217,0.0009520194366455205,0.13020748895985626,1.0002211917626964
1590,247877092473.03906,2809.8093989342033,0.0009521683388174736,0.1302135883945895,1.00022125083688
1591,248121348860.38846,2809.853427988353,0.0009523172269238387,0.13021968752217666,1.000221313841381
1592,248365465341.08112,2809.8974298622825,0.0009524660929976633,0.13022578642098823,1.0002213811157665
1593,248609441350.1701,2809.941397867794,0.0009526149291383834,0.13023188517195955,1.000221452729137
1594,248853276329.72104,2809.9853231992033,0.0009527637246475723,0.130237983861396,1.0002215301931408
1595,249096969169.4548,2810.0291981065625,0.0009529124702137749,0.13024408257294331,1.0002216126401509
1596,249340519378.04675,2810.0730171421214,0.0009530611597055133,0.13025018139449085,1.0002216989801174
1597,249583926550.8024,2810.1167740711608,0.000953209785816129,0.13025628040683457,1.0002217892058674
1598,249827190328.09778,2810.160462855221,0.0009533583413848398,0.13026237968283028,1.000221883431312
1599,250070310250.8674,2810.204075948833,0.0009535068173592695,0.13026847930611654,1.0002219825538354
1600,250313285598.76193,2810.2473807865044,0.0009536549258996138,0.13027458118122784,1.000222215089919
1601,250556075934.38843,2810.2906486539523,0.0009538030103154438,0.13028068361301173,1.0002223112105784
1602,250798735244.7445,2810.333955170277,0.0009539511610657697,0.13028678576849045,1.0002223478439112
1603,251041270412.6765,2810.3772934888098,0.0009540993641189494,0.13029288732289268,1.0002223727785167
1604,251283682673.48062,2810.4206581127996,0.000954247611183278,0.13029898821865435,1.0002223987532228
1605,251525971106.53616,2810.4640409610793,0.0009543958918117944,0.13030508849104025,1.0002224286161732
1606,251768135293.80038,2810.507436899447,0.0009545442000537037,0.13031118820934373,1.0002224619097044
1607,252010174865.91403,2810.5508423515234,0.0009546925320989487,0.13031728744473786,1.0002224972171545
1608,252252089983.4243,2810.594252950441,0.0009548408828470845,0.1303233862537977,1.0002225357473076
1609,252493879978.37198,2810.6376605619066,0.0009549892420991868,0.13032948469479141,1.0002225789911268
1610,252735544244.10532,2810.681060085103,0.0009551376039712834,0.1303355828394539,1.000222625819534
1611,252977082436.462,2810.724446338721,0.0009552859623545598,0.1303416807518798,1.0002226761478472
1612,253218494189.27145,2810.7678140067337,0.0009554343109042704,0.1303477784928059,1.0002227300120605
1613,253459779169.54373,2810.8111593831068,0.0009555826457028519,0.13035387613943838,1.0002227859112653
1614,253700937483.29056,2810.8544813202675,0.0009557309660465308,0.13035997375101036,1.0002228427756743
1615,253941969266.44772,2810.8977703111896,0.0009558792597577049,0.1303660713797718,1.0002229048844984
1616,254182873628.6296,2810.940340138876,0.0009560266755796433,0.13037217463835263,1.0002233505483755
1617,254423541186.23358,2810.9828012248195,0.0009561739842586492,0.1303782794750718,1.000223539895984
1618,254664065548.5066,2811.0251685669764,0.0009563212026276565,0.13038438564970933,1.0002236657615244
1619,254904453128.6888,2811.067429247674,0.0009564683080320503,0.13039049281952078,1.0002237837636148
1620,255144703356.9697,2811.1095775934564,0.0009566152922838934,0.13039660095648858,1.0002239018975412
1621,255384816593.83582,2811.1516103251465,0.0009567621514834274,0.1304027101029974,1.0002240216320555
1622,255624792909.34366,2811.1985514504536,0.0009569150587927087,0.13040877478683924,1.0002209369016841
1623,255865724320.8019,2811.2480998332708,0.0009570709919807598,0.13041480241741554,1.0002194105779378
1624,256106632414.813,2811.297458082687,0.0009572265128450329,0.13042081822853205,1.000219174486679
1625,256347422094.02332,2811.346664499838,0.0009573818226232261,0.1304268323856301,1.0002192275589128
1626,256588072913.6547,2811.3957199932447,0.0009575369558900948,0.13043284716580364,1.0002193500529937
1627,256828579460.0273,2811.444639499946,0.0009576919403803217,0.13043886307749827,1.0002194797433388
1628,257068943715.8628,2811.4934210299994,0.0009578467739151689,0.13044488016195485,1.000219614297827
1629,257309164701.8941,2811.5420582533134,0.0009580014473557369,0.13045089838936808,1.0002197510816002
1630,257549243802.01172,2811.590829609884,0.0009581563207919613,0.13045691643981377,1.0002197304050608
1631,257789224337.31705,2811.6394781801187,0.0009583110579623956,0.13046293526145095,1.0002198213869988
1632,258029068722.9186,2811.6881334645823,0.0009584658197184003,0.1304689537883087,1.0002198580799448
1633,258268800433.88876,2811.7366749050866,0.000958620456216273,0.13047497301139044,1.0002199658366948
1634,258508391559.56482,2811.785051697745,0.0009587749063637306,0.13048099349293735,1.0002201059674538
1635,258747840644.0572,2811.833266484952,0.0009589291773219557,0.1304870154809652,1.0002202522107015
1636,258987148128.16553,2811.8813210272224,0.0009590832719435003,0.13049303901196593,1.0002203988391238
1637,259226314808.39133,2811.929181048416,0.0009592371477211372,0.13049906438169595,1.00022057025387
1638,259465332135.22244,2811.9762909406036,0.0009593901345316406,0.13050509759103576,1.0002210332315802
1639,259704127499.8763,2812.02308454453,0.0009595427506380196,0.13051113364180802,1.0002213398549245
1640,259942756302.89105,2812.0698093365345,0.0009596953242437105,0.13051717189072837,1.0002214630495492
1641,260181262996.90976,2812.1165046891692,0.0009598478970110372,0.1305232115174261,1.0002215256642237
1642,260419654701.6535,2812.163221784896,0.000960000529792459,0.13052925190810402,1.0002215471895277
1643,260657938767.45532,2812.2099061419863,0.0009601531472076603,0.1305352929952385,1.0002215898418252
1644,260896108615.99054,2812.2566016186006,0.0009603058096206294,0.13054133481094776,1.0002216077104822
1645,261134173081.36008,2812.303253188661,0.0009604584406133385,0.13054737726960985,1.0002216596797187
1646,261372120181.86694,2812.348469769396,0.0009606091708758279,0.1305534224989341,1.0002225908765385
1647,261609703582.58307,2812.393421395503,0.0009607596161611363,0.13055947170531326,1.0002229153510105
1648,261847161438.02637,2812.4384015387845,0.0009609101608898563,0.13056552376618658,1.0002229926323742
1649,262084513550.29874,2812.483517139412,0.0009610609079069865,0.13057157573618644,1.000222954754491
1650,262321778475.30954,2812.528882395573,0.0009612120147919276,0.13057762770946033,1.0002228127005262
1651,262558979484.85895,2812.57427384293,0.0009613631711076194,0.1305836793427114,1.0002227866265159
1652,262796080390.10156,2812.619674309854,0.0009615143567618523,0.13058973086503173,1.000222793295732
1653,263033078890.56607,2812.665076943205,0.000961665566184195,0.13059578253415008,1.000222811327619
1654,263269974008.87793,2812.7104808455774,0.0009618167990873297,0.13060183441364578,1.0002228324405535
1655,263506765817.96487,2812.755957289175,0.0009619681551499843,0.13060788665112208,1.000222796520865
1656,263743474677.1922,2812.801482044802,0.000962119593279804,0.1306139387044042,1.0002228067929082
1657,263980070890.04456,2812.8460903986133,0.0009622698179139012,0.13061999223746065,1.000223360397159
1658,264216432269.1746,2812.8907058145387,0.0009624200941811846,0.13062604737307806,1.0002234809180452
1659,264452696755.0586,2812.9364414794004,0.0009625718068151699,0.13063209468027945,1.000222928723313
1660,264689003489.56146,2812.982106510162,0.0009627234214686305,0.1306381406267429,1.0002228643782312
1661,264925206166.89554,2813.0276068925386,0.0009628748099759145,0.13064418525326466,1.000222946504405
1662,265161297329.31033,2813.0731926476387,0.0009630263232491093,0.13065022914617913,1.0002229548526826
1663,265397287603.78018,2813.118764310562,0.0009631778370788069,0.13065627311703878,1.0002229807774292
1664,265633176191.95047,2813.164441061795,0.0009633295143089852,0.1306623171389302,1.0002229361121981
1665,265868983265.0474,2813.209931825092,0.0009634809571572239,0.13066836127363804,1.0002230607363174
1666,266104659929.614,2813.255478896172,0.0009636324908769533,0.13067440507243994,1.0002230524641087
1667,266340257691.16144,2813.301115980056,0.0009637841499500258,0.13068044773957155,1.0002230439061155
1668,266575755379.57822,2813.3467018860097,0.0009639357526491425,0.1306864900701033,1.0002230883005656
1669,266811147952.16144,2813.3922406888178,0.0009640873096780836,0.13069253241297046,1.0002231427405588
1670,267046435527.95886,2813.437735275122,0.0009642388258961057,0.13069857483102973,1.0002231979349907
1671,267281618733.12634,2813.483186890606,0.0009643903026989177,0.1307046173047162,1.0002232526372605
1672,267516698123.63892,2813.5285988802416,0.0009645417443525158,0.13071065981383548,1.00022330498738
1673,267751674692.20294,2813.57397415991,0.0009646931543425832,0.13071670232503124,1.0002233550194546
1674,267986549291.98654,2813.6193148410325,0.0009648445348543815,0.13072274479146617,1.0002234032555155
1675,268221322635.21417,2813.6646254365796,0.0009649958915115554,0.13072878717595146,1.0002234481532766
1676,268455995924.88406,2813.70990869156,0.0009651472275583001,0.13073482944421486,1.0002234907711651
1677,268690569924.92538,2813.755167178366,0.0009652985458712742,0.13074087155300707,1.0002235313488137
1678,268925045399.3541,2813.8004032382464,0.0009654498490278585,0.13074691346017916,1.0002235699643742
1679,269159423144.3971,2813.8455937058197,0.0009656011060102304,0.13075295521936894,1.0002236262582322
1680,269393697434.01144,2813.8907337155,0.0009657523123915132,0.1307589969848041,1.0002236787130987
1681,269627873725.98242,2813.9359000369495,0.0009659035675007913,0.13076503834693035,1.00022368471849
1682,269861964510.97382,2813.9758020325457,0.0009660483918049136,0.13077113248125657,1.0002265381275859
1683,270095282222.42862,2814.015615680292,0.0009661932560610476,0.13077723639810931,1.0002272436449975
1684,270328461223.012,2814.0553631428793,0.0009663381297825189,0.13078334597466237,1.0002274641593973
1685,270561531958.82263,2814.0950369651378,0.0009664829441132021,0.13078945724557128,1.0002275712605844
1686,270794502258.01114,2814.134632906705,0.0009666276797185233,0.13079556929907812,1.0002276530364098
1687,271027374047.25827,2814.174149069937,0.0009667723309843627,0.13080168193440692,1.0002277297242455
1688,271260147861.0664,2814.213592703414,0.0009669169072000741,0.13080779510880175,1.0002277994683741
1689,271492825891.22354,2814.2529682327518,0.0009670614136912177,0.13081390877350593,1.0002278659145865
1690,271725408688.62143,2814.2922746989284,0.0009672058486487528,0.13082002289766248,1.0002279317974772
1691,271957896703.2701,2814.331493418397,0.0009673501867004387,0.13082613750498404,1.0002280117615658
1692,272190285861.2192,2814.3706276991916,0.0009674944340560215,0.13083225271084054,1.0002280847627907
1693,272422581254.49097,2814.411886405913,0.0009676412963002243,0.13083834605987027,1.000226949655221
1694,272655069714.00858,2814.4532351986427,0.0009677882182814575,0.1308444339038947,1.000226687629138
1695,272887483465.08054,2814.4944749694996,0.0009679349776388176,0.13085051972486195,1.0002266955465993
1696,273119803521.3344,2814.5356383205017,0.0009680816484234315,0.13085660550071695,1.0002267499425836
1697,273352029940.16522,2814.5767447966937,0.0009682282624457751,0.13086269156651328,1.000226803917841
1698,273584165227.08786,2814.617758214709,0.0009683747729309701,0.1308687781283591,1.0002268813490525
1699,273816203421.29868,2814.6586981524465,0.0009685212081099313,0.1308748652762975,1.0002269441295542
1700,274048151802.31818,2814.699583536619,0.0009686675911252662,0.13088095281614534,1.0002270043746895
1701,274280007151.3524,2814.7403794370466,0.0009688138756146783,0.13088704086652472,1.0002270777386146
1702,274511768539.5821,2814.7811584758483,0.000968960154106028,0.13089312892604466,1.00022710296696
1703,274743451578.1408,2814.8219628040392,0.0009691064731929777,0.13089921622165163,1.0002271187937655
1704,274975049360.44904,2814.8626943281092,0.0009692527116718895,0.13090530369144915,1.0002271720901637
1705,275206556944.4964,2814.903352046383,0.0009693988713665589,0.1309113915543687,1.000227234206576
1706,275437974272.399,2814.9439380129065,0.000969544956448235,0.1309174799035576,1.0002272969539767
1707,275669301866.2807,2814.9844525147437,0.0009696909674390784,0.13092356875004,1.0002273594686728
1708,275900540178.2946,2815.0249045231644,0.0009698369163897081,0.13092965807517884,1.0002274148739554
1709,276131691683.27014,2815.0652902935494,0.000969982797141221,0.13093574781375483,1.0002274745828348
1710,276362754370.6054,2815.1055740241477,0.0009701285649977681,0.1309418382822392,1.0002275559703877
1711,276593723376.3313,2815.150941082149,0.0009702806268999684,0.1309478794226772,1.0002246464293043
1712,276825330542.1707,2815.1974129339633,0.0009704338799160634,0.13095389688544357,1.0002236390395194
1713,277056908624.4818,2815.2437778688145,0.000970586884580328,0.13095990625535112,1.0002234626359994
1714,277288409274.1507,2815.2901226567724,0.0009707398542781078,0.13096591386048653,1.0002234280647064
1715,277519834946.2934,2815.338284477083,0.0009708951457084782,0.13097190772511053,1.0002224327841753
1716,277751397111.60187,2815.38642154987,0.0009710503626000466,0.13097789754093447,1.0002222331521569
1717,277982887108.9718,2815.434526923459,0.0009712055273806338,0.13098388546942574,1.000222210219253
1718,278214295196.65796,2815.482606680192,0.0009713606696555487,0.13098987294257228,1.0002222263172382
1719,278445619462.562,2815.5306428546505,0.0009715157719068576,0.1309958604521182,1.0002222614600569
1720,278676857400.223,2815.5786477984466,0.0009716708502636788,0.13100184793755335,1.0002222943986894
1721,278908010577.9991,2815.6266169318264,0.0009718258996378703,0.13100783548322784,1.000222328787205
1722,279139079003.4268,2815.6745496621274,0.000971980919281215,0.13101382309514653,1.000222363608699
1723,279370062972.8454,2815.7224500414545,0.000972135915009779,0.13101981078943797,1.0002223952243186
1724,279600963695.8812,2815.7703250215477,0.0009722908964886909,0.1310257985715018,1.0002224225987337
1725,279831781965.5111,2815.8181882767635,0.0009724458793488391,0.13103178622263045,1.000222438019403
1726,280062521840.0533,2815.866053908157,0.0009726008796587694,0.13103777351326065,1.0002224509973963
1727,280293181365.842,2815.9141376400594,0.0009727561712515849,0.13104375880959748,1.0002222975115476
1728,280523811284.88513,2815.962783581604,0.0009729121578581918,0.1310497372660632,1.0002220217902777
1729,280754403382.7118,2816.011305376565,0.000973067983710847,0.1310557151190915,1.0002220294688384
1730,280984907410.7498,2816.059688382719,0.0009732236473040315,0.13106169363526443,1.000222110061699
1731,281215318451.4491,2816.1079379836806,0.0009733791638351501,0.1310676733418117,1.0002222048490164
1732,281445636456.49005,2816.156057998049,0.0009735345399382047,0.13107365433464088,1.0002223007700306
1733,281675862100.18243,2816.2040518268045,0.0009736897801123496,0.13107963660458805,1.000222394922854
1734,281905996211.62976,2816.251928154757,0.0009738448965969709,0.13108562017136896,1.0002224822257562
1735,282136040809.99854,2816.2998550813336,0.000974000105267559,0.1310916039173271,1.000222447877004
1736,282366029935.34076,2816.347885704246,0.0009741554566872697,0.13109758629928023,1.000222419086051
1737,282595941141.75366,2816.3958083658144,0.0009743106831940757,0.1311035690104813,1.0002224727889693
1738,282825766331.1412,2816.443627509753,0.000974465798866651,0.13110955258836812,1.0002225432339356
1739,283055505220.8303,2816.491345600085,0.0009746208086978646,0.1311155371430616,1.0002226164769958
1740,283285158125.8674,2816.5389574560436,0.0009747757046931965,0.13112152262279766,1.0002226933917342
1741,283514724945.1252,2816.586478996216,0.0009749305102490744,0.1311275091225581,1.0002227610538887
1742,283744207962.38226,2816.6339129670346,0.000975085228231359,0.1311334965824286,1.0002228249479816
1743,283973608004.5359,2816.6812620521414,0.0009752398616306174,0.13113948495660716,1.0002228862935518
1744,284202925828.545,2816.728514167778,0.0009753943943753398,0.13114547429281143,1.0002229539965952
1745,284432160295.85065,2816.7756716400104,0.0009755488265305785,0.13115146438219527,1.0002230254938949
1746,284661310557.89777,2816.822788876595,0.0009757032391959362,0.13115745561228165,1.0002230462991455
1747,284890392233.3731,2816.8699084199375,0.0009758576884378985,0.13116344779020575,1.0002230542554462
1748,285119399424.9555,2816.9169616567165,0.0009760120724114821,0.13116944046173853,1.0002230907674303
1749,285348329262.4455,2816.9639519967955,0.000976166398250125,0.13117543379093163,1.0002231318691335
1750,285577182093.56995,2817.0108824030117,0.0009763206703601186,0.13118142780000297,1.000223172275991
1751,285805958536.64923,2817.0575734761433,0.0009764746513473943,0.1311874232531279,1.0002233374318008
1752,286034627080.57495,2817.1041391747503,0.0009766285055792915,0.13119342058494302,1.0002234119090718
1753,286263225054.8899,2817.150735390109,0.0009767824263109753,0.1311994182582226,1.0002234121771398
1754,286491756793.0024,2817.1973565852086,0.0009769363973298449,0.1312054156985797,1.0002233972605576
1755,286720223214.7304,2817.2440043049687,0.0009770904186934826,0.13121141276494638,1.0002233776548124
1756,286948624997.072,2817.2906720117735,0.0009772444794619722,0.13121740933080345,1.0002233631416257
1757,287176960709.1694,2817.3373639631213,0.0009773985844020842,0.13122340531879448,1.000223343257035
1758,287405233111.0396,2817.3842205305564,0.0009775529149095095,0.13122939982698772,1.0002232243266516
1759,287633467735.2009,2817.4312957731454,0.0009777075247443551,0.1312353914211877,1.0002231040002718
1760,287861648557.93463,2817.4784460700166,0.0009778622332657742,0.13124138135152977,1.0002230330774329
1761,288089772596.674,2817.525686681462,0.0009780170661361127,0.13124736991567112,1.00022296614894
1762,288317840564.4878,2817.5729956622768,0.0009781719966310742,0.131253357361998,1.000222912319015
1763,288545850076.6978,2817.6203752893607,0.0009783270264213711,0.1312593435879976,1.0002228603900023
1764,288773801599.0965,2817.6678270214566,0.000978482157816322,0.1312653286101471,1.0002228079793503
1765,289001695480.81305,2817.715352178565,0.000978637392554072,0.1312713124194575,1.0002227545677598
1766,289229532093.92834,2817.762883891977,0.0009787926495412008,0.13127729580583322,1.0002227465641087
1767,289457299446.0121,2817.810078268742,0.0009789475006009843,0.13128328210269807,1.0002229090023047
1768,289684972823.4639,2817.857398297631,0.0009791025305155656,0.1312892673863976,1.000222882102982
1769,289912590170.9535,2817.9046774534127,0.0009792575231491248,0.13129525268072584,1.0002228958776767
1770,290140139188.99817,2817.9519241050652,0.0009794124914572864,0.13130123807569852,1.0002229112815513
1771,290367621517.7936,2817.9992006212456,0.0009795675244644946,0.13130722372688688,1.0002228876843828
1772,290595045218.9832,2818.046489994884,0.0009797225881598556,0.1313132089386081,1.0002228757692022
1773,290822405306.0271,2818.093743822442,0.0009798776200901132,0.13131919403658734,1.0002228885003233
1774,291049698789.4864,2818.140964686958,0.00098003262571728,0.13132517914736405,1.0002229053012226
1775,291276925943.4594,2818.1881816845107,0.0009801876483997302,0.13133116446498755,1.0002229030092404
1776,291504091119.3246,2818.2353842615676,0.0009803426705965296,0.1313371497980774,1.000222905370186
1777,291731192589.7106,2818.28257129757,0.0009804976902004975,0.13134313511038628,1.0002229087326377
1778,291958230738.55664,2818.329800919182,0.000980652782430341,0.13134912002180676,1.0002228707787055
1779,292185216249.62036,2818.3771274621504,0.0009808080071921329,0.13135510347732654,1.0002228181209045
1780,292412145150.4544,2818.424459190442,0.0009809632489073295,0.13136108628616563,1.0002227948544635
1781,292639015528.94556,2818.4718195825044,0.000981118544457233,0.13136706872870005,1.0002227667308716
1782,292865828589.294,2818.51874467689,0.0009812732975662385,0.13137305414016995,1.0002230688962315
1783,293092501438.44147,2818.565156437924,0.0009814274550492854,0.13137904625161184,1.0002233130889113
1784,293319098743.81177,2818.611604734512,0.0009815816999735319,0.1313850395327387,1.0002233513712424
1785,293545634515.8408,2818.6580867381876,0.0009817360052686499,0.13139103243381475,1.0002233311279054
1786,293772116601.71313,2818.7046444503494,0.0009818904264724557,0.1313970247536862,1.0002232773363235
1787,293998547819.85394,2818.751277474453,0.000982044959362297,0.13140301624391218,1.0002232157176223
1788,294224928770.7322,2818.79798597678,0.000982199603250205,0.13140900684015888,1.0002231519847047
1789,294451259777.7482,2818.844767966459,0.0009823543548749388,0.13141499650712404,1.0002230893947273
1790,294677540613.07056,2818.891544942216,0.0009825091010920645,0.13142098499466603,1.0002230749551373
1791,294903762958.3493,2818.938399551713,0.0009826639629931459,0.1314269726944485,1.000223020735008
1792,295129935588.6383,2818.9853319680587,0.0009828189386924073,0.13143295946131875,1.0002229575395074
1793,295356059121.8672,2819.032341883541,0.0009829740267516488,0.13143894522493918,1.0002228922094423
1794,295582133845.05884,2819.0794291558773,0.000983129226800475,0.13144492997097437,1.0002228262822015
1795,295808159968.8752,2819.12651153181,0.0009832844272075754,0.13145091390549424,1.0002228190057665
1796,296034124010.2474,2819.1736358023636,0.000983439690501008,0.13145689684423054,1.0002227764472036
1797,296260040309.9425,2819.2208581335394,0.0009835950940828462,0.13146287872020312,1.0002227003706001
1798,296485912362.3797,2819.268382751175,0.0009837508889097878,0.1314688572517258,1.0002225172126502
1799,296711756252.6868,2819.3159806768795,0.0009839067793290612,0.1314748340306679,1.0002224309161873
1800,296937551660.2895,2819.3636107258612,0.0009840627197568988,0.13148080985066737,1.0002223839067317
1801,297163295449.4592,2819.411290597923,0.0009842187408015677,0.13148678510430498,1.000222331351365
1802,297388990785.4853,2819.4590199362087,0.0009843748408553642,0.1314927597155818,1.0002222854079565
1803,297614634712.0442,2819.5067493865613,0.0009845309534703573,0.13149873384872557,1.0002222647285337
1804,297840224203.7762,2819.5545120579545,0.000984687122476204,0.1315047073420681,1.0002222325885788
1805,298065762100.685,2819.6023078549624,0.0009848433472372878,0.13151068016084855,1.0002221977349728
1806,298291248783.06824,2819.6501173141996,0.0009849996019226672,0.13151665239504845,1.0002221741994348
1807,298516682037.9322,2819.6979509422254,0.000985155905544297,0.13152262433314887,1.0002221393829729
1808,298742065811.0604,2819.7458138736915,0.0009853122637821631,0.13152859587425858,1.0002221075230002
1809,298967397427.6427,2819.794192431592,0.0009854692840332046,0.13153456218220713,1.000221784614667
1810,299192736727.9727,2819.8427709789294,0.0009856265433483933,0.13154052446279338,1.000221633366537
1811,299418029255.8452,2819.891356606009,0.000985783810529143,0.13154648528160223,1.0002215828514884
1812,299643270788.69867,2819.939954930647,0.000985941105526568,0.1315524454455955,1.0002215527611906
1813,299868460893.1894,2819.9888378279243,0.000986098787900135,0.1315584035722346,1.0002213503279878
1814,300093636808.1596,2820.0380229355087,0.0009862568615126455,0.13156435826266577,1.0002211526779212
1815,300318780880.5686,2820.087398546752,0.0009864151813386002,0.1315703102572258,1.0002209918352198
1816,300543892021.3277,2820.136968772221,0.0009865737575586193,0.13157625984440502,1.0002208373933903
1817,300768970236.47363,2820.1867361000327,0.0009867325943017547,0.13158220706023788,1.000220683209839
1818,300994015688.8845,2820.23670251749,0.0009868916942767023,0.13158815189264206,1.0002205278954057
1819,301219028649.6558,2820.286469181174,0.0009870505367760823,0.13159409684376774,1.0002206071009374
1820,301443965336.44885,2820.330226578375,0.000987201814535442,0.13160009702905048,1.0002240132013478
1821,301668220817.4097,2820.3726421502524,0.0009873516970319292,0.13160612824370382,1.000225201113897
1822,301892379429.9244,2820.415141811065,0.0009875018477783653,0.1316121683058899,1.000225426136318
1823,302116483537.2902,2820.4577011501456,0.0009876521133494012,0.13161820926471904,1.0002254364531076
1824,302340542682.90643,2820.500408051781,0.000987802583083814,0.13162424886709703,1.0002253315141056
1825,302564574086.697,2820.5435201234914,0.000987953587395874,0.13163028507483984,1.0002250713030618
1826,302788597043.9989,2820.586900034107,0.0009881049332774582,0.13163631783540428,1.0002248643918796
1827,303012595006.14374,2820.630452627119,0.0009882564848110833,0.1316423469690488,1.0002247146650458
1828,303236562969.039,2820.6741801164026,0.0009884082511154818,0.13164837287078426,1.0002245767859423
1829,303460500621.15546,2820.7180779424307,0.000988560228045141,0.1316543956843638,1.0002244450057411
1830,303684407122.50616,2820.762146224855,0.0009887124167884574,0.1316604154720433,1.0002243124392345
1831,303908283276.7462,2820.8065878126495,0.0009888651149673599,0.13166643310541923,1.0002240394371749
1832,304132155507.61176,2820.851278708706,0.0009890181265690874,0.13167244709849593,1.0002238447273326
1833,304355999948.7032,2820.896142892554,0.0009891713452505001,0.13167845746167714,1.000223696998345
1834,304579814676.26245,2820.941181590825,0.0009893247786327349,0.13168446458198024,1.000223559587161
1835,304803599338.3936,2820.986395064654,0.0009894784284287669,0.13169046854316632,1.0002234243766894
1836,305027353927.009,2821.031786858039,0.0009896323002596065,0.13169646938246043,1.000223286672312
1837,305251079139.45325,2821.0766911471724,0.0009897855685336665,0.1317024743347613,1.0002236318324256
1838,305474664209.74097,2821.1202082116783,0.000989937158471658,0.1317084959291061,1.0002242557317131
1839,305698144713.59393,2821.1639471794824,0.0009900891094853537,0.13171451961420552,1.0002242658047105
1840,305921593286.9477,2821.2081358916917,0.0009902416609617786,0.131720540026628,1.0002240009483516
1841,306145040427.2889,2821.2526530586015,0.000990394624184393,0.13172655592608284,1.000223762062319
1842,306368469801.9829,2821.297393693415,0.000990547861952704,0.1317325679821812,1.0002235756417046
1843,306591875572.38367,2821.3423261625835,0.0009907013356534754,0.1317385765742445,1.0002234174699924
1844,306815255129.0638,2821.3874906812703,0.0009908551069881504,0.13174458204206219,1.0002232402626727
1845,307038612431.17303,2821.4328910611775,0.0009910091804141924,0.13175058431781458,1.0002230575181634
1846,307261947663.2241,2821.478526065345,0.0009911635536392909,0.1317565833563957,1.0002228741044432
1847,307485260808.51636,2821.524394580107,0.0009913182251489253,0.131762579152947,1.0002226910981555
1848,307708551806.78656,2821.570495519317,0.0009914731935989965,0.13176857171141276,1.0002225087373586
1849,307931820589.3193,2821.616813362243,0.0009916284362118187,0.13177456095989962,1.000222338926564
1850,308155064585.949,2821.6632900807244,0.0009917838709779683,0.13178054686268278,1.0002222012111925
1851,308378280375.9994,2821.709990176001,0.000991939594088582,0.1317865297793745,1.0002220341400874
1852,308601472837.8686,2821.7569125734035,0.0009920956019941532,0.13179250956668814,1.0002218611419174
1853,308824642181.06964,2821.804056074792,0.0009922518923918136,0.13179848617577475,1.000221687358151
1854,309047788408.72284,2821.8512050003574,0.000992408186621946,0.1318044612422492,1.0002216644777
1855,309270880338.22815,2821.8982079457937,0.0009925643170674914,0.13181043778084464,1.0002216759658813
1856,309493932512.8185,2821.9453566687753,0.0009927206506651486,0.13181641290148385,1.000221583662023
1857,309716954339.08923,2821.992707788978,0.0009928772497388224,0.13182238544638789,1.0002214380319328
1858,309939951304.8666,2822.040282116821,0.0009930341351193162,0.13182835484671582,1.000221270047473
1859,310162925398.21423,2822.0880780477983,0.0009931913025180215,0.13183432095985784,1.000221097384335
1860,310385876883.9373,2822.136095013432,0.000993348750661435,0.13184028374663062,1.0002209240689406
1861,310608805737.98804,2822.1843314777025,0.0009935064775803888,0.13184624321213115,1.0002207513384547
1862,310831711886.3098,2822.232785887215,0.0009936644814404546,0.13185219937208822,1.0002205794902193
1863,311054595240.61487,2822.281473866253,0.0009938227852471725,0.13185815228505474,1.0002203978571356
1864,311277457413.3588,2822.330382135955,0.0009939813694175431,0.13186410188457298,1.000220222448291
1865,311500297135.72473,2822.379508271145,0.0009941402312208254,0.13187004820838077,1.0002200494825053
1866,311723114252.0136,2822.428850653641,0.000994299368980098,0.1318759912887901,1.000219877862562
1867,311945908651.4944,2822.478407584964,0.0009944587807725704,0.13188193114937527,1.0002197073729555
1868,312168680229.9902,2822.5281773110078,0.0009946184645738057,0.13188786781223966,1.0002195379915397
1869,312391428883.357,2822.5781487386316,0.0009947784046091018,0.13189380126080488,1.0002193772153651
1870,312614153010.1518,2822.628317626984,0.0009949385964310637,0.13189973158951246,1.0002192166559212
1871,312836853631.05835,2822.679117400556,0.0009950996079559713,0.13190565592310552,1.0002188090262323
1872,313059570036.38885,2822.7302053823905,0.0009952609698630358,0.1319115751642034,1.0002185656792122
1873,313282265103.1813,2822.7814827275233,0.000995422565094448,0.13191749078500598,1.000218391136235
1874,313504936216.27466,2822.832948679569,0.0009955844016806552,0.1319234033817471,1.0002182328660358
1875,313727582659.2893,2822.884599974073,0.0009957464776231713,0.1319293131204647,1.0002180800432083
1876,313950204054.40796,2822.936411104818,0.0009959087571183216,0.13193522000709937,1.0002179455235751
1877,314172797486.16205,2822.9883891451823,0.0009960712529529017,0.13194112422172918,1.0002178059982216
1878,314395365062.7183,2823.0405418201403,0.000996233976434093,0.13194702578506354,1.0002176629109976
1879,314617906817.23303,2823.0928659448614,0.0009963969230651903,0.13195292469078304,1.0002175205536057
1880,314840422623.9034,2823.145358436367,0.0009965600890347952,0.13195882096858794,1.0002173798645273
1881,315062912323.2078,2823.1980162102836,0.0009967234706498623,0.13196471465629078,1.0002172410593437
1882,315285375748.6891,2823.2508361590385,0.0009968870642140368,0.13197060579379735,1.0002171041976649
1883,315507812732.74426,2823.303803178756,0.0009970508488699019,0.1319764944069237,1.0002169766852786
1884,315730221990.19214,2823.356921625791,0.000997214832255403,0.1319823805885853,1.0002168478443567
1885,315952604096.97626,2823.4101889594895,0.0009973790113057077,0.13198826436807462,1.0002167200862127
1886,316174958918.7895,2823.4636018232595,0.0009975433818774852,0.13199414577973897,1.0002165942098202
1887,316397286292.21533,2823.5172407663204,0.0009977080490981244,0.1320000242412954,1.0002164241012375
1888,316619592905.6163,2823.57105152146,0.0009978729387123645,0.13200589990702577,1.0002162755632362
1889,316841874304.5502,2823.6250272184493,0.000998038043288686,0.13201177292166408,1.000216134451592
1890,317064130103.03973,2823.6791645403237,0.0009982033595297081,0.13201764337136807,1.0002159967300976
1891,317286360045.56195,2823.733459389865,0.0009983688825400971,0.13202351130973508,1.000215861815822
1892,317508563891.85846,2823.7879082343065,0.000998534608157643,0.13202937678624024,1.0002157292708562
1893,317730741446.0693,2823.842507511407,0.0009987005321355903,0.13203523984769064,1.000215599010164
1894,317952892516.49835,2823.897253634823,0.0009988666501836109,0.1320411005404351,1.0002154710235103
1895,318175016915.1312,2823.952142998428,0.0009990329579840234,0.13204695891103446,1.0002153453161782
1896,318397114456.18866,2824.0071725503167,0.0009991994520296558,0.13205281500794674,1.0002152214459925
1897,318619185038.6901,2824.0623394240965,0.0009993661289903716,0.13205866887411677,1.0002150995320476
1898,318841228479.6204,2824.117549210015,0.0009995328565952154,0.1320645205960939,1.0002150481037837
1899,319063232152.52826,2824.1721221355915,0.0009996987138015168,0.13207037291134563,1.0002153544559957
1900,319285155634.9752,2824.2259945811134,0.0009998637009994975,0.13207623182187953,1.0002159077205401
1901,319506943997.1793,2824.2780218647636,0.0010000264327180092,0.1320821129242645,1.0002168064941255
1902,319728609118.1138,2824.3299676309493,0.001000189175294254,0.13208800097106715,1.0002170224217568
1903,319950225914.4,2824.3818147574475,0.0010003518384204206,0.13209389160211404,1.000217097623201
1904,320171798888.1599,2824.433566198765,0.0010005144086738743,0.13209978365786898,1.0002171356256377
1905,320393330738.5275,2824.485217007168,0.0010006768748505675,0.1321056768648284,1.0002171712242376
1906,320614820595.99194,2824.5367549926186,0.0010008392206782924,0.13211157129286855,1.0002172104692746
1907,320836268502.8336,2824.588178331419,0.0010010014442571721,0.132117466991204,1.0002172512729002
1908,321057674589.8567,2824.6394852107687,0.0010011635434464727,0.13212336399221059,1.0002172931179998
1909,321279039016.8237,2824.6906761423284,0.0010013255189289835,0.13212926229717198,1.0002173345863863
1910,321500362150.4176,2824.7417468917815,0.0010014873649985983,0.1321351619298826,1.000217378577383
1911,321721643819.43195,2824.7926949237944,0.0010016490787909936,0.13214106294284658,1.0002174237576194
1912,321942884249.3551,2824.8435188305994,0.0010018106586731222,0.1321469653643895,1.0002174697983108
1913,322164083608.01587,2824.894217060597,0.0010019721027402138,0.1321528692184352,1.0002175165640574
1914,322385242086.16315,2824.9447880924336,0.0010021334091103742,0.13215877452765587,1.0002175640605018
1915,322606359869.8897,2824.9945438867285,0.0010022936181470802,0.1321646824051645,1.0002180219496315
1916,322827380292.651,2825.04404919198,0.001002453557191429,0.13217059457988747,1.0002182029701983
1917,323048356274.86774,2825.0934060663435,0.0010026133485006236,0.1321765095689983,1.0002182913698396
1918,323269290290.29315,2825.1426269786525,0.0010027729947565827,0.1321824263872931,1.0002183520315693
1919,323490184296.12366,2825.1917102108987,0.001002932490438029,0.13218834483633765,1.0002184071091422
1920,323711038712.7476,2825.2406545469194,0.0010030918332344806,0.13219426488248395,1.000218461309406
1921,323931853809.5578,2825.289458972272,0.0010032510217138897,0.13220018653115967,1.000218515607178
1922,324152629826.3745,2825.338160450298,0.0010034101041695085,0.1322061095094737,1.0002185495207698
1923,324373369727.64343,2825.386736633057,0.0010035690494341668,0.13221203385943273,1.0002185916024442
1924,324594072154.5965,2825.4352894098174,0.0010037279889724457,0.13221795870817968,1.0002185810935829
1925,324814744339.5792,2825.483709669591,0.0010038867776543865,0.13222388471078464,1.000218619426534
1926,325035378667.4153,2825.531740900783,0.0010040450901646837,0.13222981445900497,1.0002187952884176
1927,325255960165.0395,2825.5796518080087,0.0010042032850347776,0.13223574642244112,1.000218864540539
1928,325476504742.5485,2825.627440789587,0.001004361351511536,0.13224168004697173,1.0002189114079743
1929,325697013343.2266,2825.6751063992865,0.001004519284807719,0.13224761515696912,1.0002189536489126
1930,325917486358.6234,2825.7226433196115,0.001004677076597581,0.13225355170643488,1.0002189980497105
1931,326137923633.44855,2825.770053827,0.0010048347305259614,0.13225948972660653,1.0002190408388714
1932,326358325742.5159,2825.817338059216,0.001004992246854149,0.13226542922613993,1.00021908307035
1933,326578692944.13495,2825.864495393129,0.0010051496247005217,0.13227137020970853,1.0002191252818045
1934,326799025482.88257,2825.911525282335,0.0010053068633565157,0.1322773126862166,1.0002191675465273
1935,327019323604.41644,2825.9584272752786,0.0010054639622385456,0.13228325666393229,1.0002192098548537
1936,327239587555.9526,2826.00520185144,0.0010056209220992956,0.13228920215186832,1.000219251494953
1937,327459817698.4542,2826.0518889995333,0.0010057778025624002,0.13229514933173736,1.0002192646755739
1938,327680018389.51776,2826.0984647959185,0.0010059345646640735,0.13230109788393657,1.0002192948580306
1939,327900185781.1929,2826.1448475386633,0.0010060910976463428,0.13230704817939326,1.0002193787047824
1940,328120313118.63824,2826.1910015359867,0.0010062473636389974,0.13231300107709645,1.000219471175853
1941,328340404010.11285,2826.2370099002324,0.001006403471745427,0.13231895597497417,1.0002195329259447
1942,328560460925.6825,2826.2828719484764,0.00100655941755195,0.13232491265176013,1.0002195879584057
1943,328780484348.4992,2826.3285202271527,0.001006715105078778,0.13233087112072417,1.0002196826677043
1944,329000469189.0692,2826.374358092115,0.0010068710544223125,0.13233682779664324,1.000219563750474
1945,329220444051.8196,2826.4200642441037,0.0010070268347799314,0.13234278445340808,1.0002195877285291
1946,329440384330.3373,2826.4659798924786,0.0010071829485188437,0.13234874214866102,1.0002194146749939
1947,329660320831.47424,2826.5117727178063,0.0010073389086458066,0.13235470000314356,1.0002194244417415
1948,329880222703.881,2826.5525269406075,0.0010074883685625771,0.13236070151258256,1.000222356724055
1949,330099701383.4454,2826.5909887679063,0.0010076352376722525,0.13236674642540902,1.0002237140960524
1950,330319114925.8857,2826.6294627200714,0.0010077823159060815,0.132372802855865,1.000223973661008
1951,330538501295.9872,2826.667964480945,0.0010079294895878217,0.1323788618659609,1.0002239883828186
1952,330757866167.9313,2826.706357540669,0.0010080765346695128,0.13238492152883444,1.0002240142455618
1953,330977205498.82404,2826.7446431714225,0.001008223452512799,0.13239098181847472,1.0002240414450574
1954,331196519560.74475,2826.782823026047,0.0010083702454626083,0.13239704273770964,1.0002240679126813
1955,331415808685.58,2826.8209121459176,0.001008516935013553,0.13240310429212637,1.0002240831892089
1956,331635074696.52295,2826.8589733709196,0.001008663608291335,0.13240916631658897,1.000224062830667
1957,331854321268.3242,2826.8969671599143,0.0010088102070994948,0.13241522869681227,1.0002240579422195
1958,332073545940.75287,2826.934907092251,0.001008956751563041,0.1324212914835753,1.0002240453238882
1959,332292750550.1513,2826.972804608984,0.0010091032562021891,0.132427354559533,1.0002240267418627
1960,332511935531.0209,2827.010661414003,0.0010092497225635164,0.13243341786791296,1.0002240057075098
1961,332731101230.31934,2827.048786252579,0.0010093965543898744,0.1324394789691931,1.0002238158735794
1962,332950267491.5537,2827.0869650375303,0.0010095434541690187,0.1324455383976092,1.0002237141689694
1963,333169419698.3728,2827.125158629762,0.0010096903768366816,0.13245159686315236,1.00022364757885
1964,333388556268.59784,2827.1633897901174,0.0010098373591140837,0.13245765464101228,1.0002235732211655
1965,333607679189.185,2827.2016494740947,0.0010099843871561962,0.13246371166952442,1.0002235041613543
1966,333826787621.5612,2827.239869624064,0.0010101313627029827,0.13246976788245354,1.0002234813438693
1967,334045875844.8003,2827.2781097444004,0.00101027837639942,0.13247582364816007,1.0002234211955652
1968,334264950823.9623,2827.316381776875,0.0010104254425181117,0.13248187878249335,1.0002233528725089
1969,334484011941.6937,2827.3546877285694,0.0010105725623794823,0.1324879331828234,1.0002232813295031
1970,334703059541.76685,2827.3930509712795,0.0010107197649660454,0.13249398655721936,1.0002231972716227
1971,334922095032.6207,2827.4314454091,0.0010108670149557887,0.132500039034675,1.0002231246208448
1972,335141116985.7911,2827.469344136715,0.0010110136192739668,0.1325060945817479,1.000223378145244
1973,335360083947.0517,2827.506971350076,0.001011159919499859,0.1325121545836522,1.000223477584492
1974,335579032870.6142,2827.5446202650405,0.0010113062776715262,0.1325182152849146,1.0002234502972622
1975,335797967336.932,2827.582299008375,0.0010114526880434288,0.13252427554626067,1.0002233879824642
1976,336016889343.8162,2827.62000730726,0.001011599145089377,0.13253033503021097,1.0002233221628065
1977,336235798236.0394,2827.6576429426405,0.0010117455141955348,0.13253639450107152,1.000223320396192
1978,336454685662.1835,2827.6952335175133,0.0010118918512695386,0.1325424550353006,1.0002232807326017
1979,336673561363.1017,2827.7328552436593,0.001012038241985477,0.1325485150998316,1.0002232184837216
1980,336892424366.8697,2827.770435339775,0.0010121845857634726,0.13255457493104528,1.0002231972131093
1981,337111269064.88995,2827.8077886093492,0.0010123306529939418,0.13256063686034483,1.0002232546520269
1982,337330091323.2505,2827.8451720820945,0.001012476780059393,0.13256669881856878,1.0002232119741092
1983,337548901277.0549,2827.882585466142,0.0010126229565103604,0.1325727601478523,1.0002231473798626
1984,337767699697.8802,2827.9200340002044,0.0010127691863414054,0.13257882061744714,1.0002230744902931
1985,337986487278.44104,2827.9575191271933,0.0010129154702866073,0.1325848801389709,1.0002230000795398
1986,338205264006.46716,2827.995039589297,0.0010130618067071414,0.1325909387219678,1.0002229252161756
1987,338424030094.0465,2828.032597367472,0.001013208198181792,0.13259699634830568,1.0002228491396028
1988,338642785770.78577,2828.070194746211,0.0010133546476179024,0.1326030529927942,1.0002227715020635
1989,338861531288.788,2828.1078335603797,0.001013501157247404,0.1326091086281195,1.0002226924955748
1990,339080266871.19165,2828.1455159327584,0.0010136477297213167,0.1326151632273011,1.000222611991246
1991,339298992756.5181,2828.1832440106796,0.0010137943676947574,0.13262121676122945,1.0002225299687992
1992,339517709180.17535,2828.2210162031506,0.0010139410685623897,0.13262726920726875,1.0002224486711848
1993,339736416129.2947,2828.258802900882,0.0010140877955971109,0.1326333209393422,1.0002223833627952
1994,339955111975.48474,2828.3002648758943,0.0010142392946876659,0.1326393389246225,1.0002202779253881
1995,340174021174.39136,2828.3428339595043,0.0010143919906488424,0.13264533016993119,1.0002194347644942
1996,340392937473.21216,2828.381681705903,0.0010145396886629043,0.132651342564239,1.000221676218816
1997,340611531743.89795,2828.4173681257043,0.0010146836390171258,0.13265740543820562,1.0002230863992427
1998,340830084334.548,2828.4532176369503,0.0010148280088056667,0.13266347941278298,1.0002232780051339
1999,341048625145.8856,2828.489193474741,0.0010149725868470268,0.1326695541256022,1.0002232143831675
2000,341267160664.3216,2828.525290171673,0.0010151173319794442,0.1326756273947509,1.0002230971088009
2001,341485692171.01874,2828.5615012517937,0.0010152622281205867,0.1326816987728202,1.000222970824707
2002,341704219845.87286,2828.597824072356,0.001015407270471338,0.1326877681904747,1.0002228438765892
2003,341922743676.6315,2828.6341257080476,0.0010155522732653566,0.1326938359791364,1.0002227948083395
2004,342141255623.74,2828.67051870737,0.0010156974046509957,0.13269990256432945,1.0002226873916935
2005,342359764103.9363,2828.7070310864187,0.0010158426963618541,0.13270596738706508,1.000222560409824
2006,342578269226.2477,2828.7436518348286,0.0010159881296757402,0.1327120302537375,1.0002224363451957
2007,342796770345.90643,2828.7799307573428,0.0010161331162494055,0.1327180949825353,1.0002225621385232
2008,343015241813.4199,2828.816175103177,0.0010162780913421754,0.13272416117597097,1.0002225362839432
2009,343233707399.2463,2828.8525191153985,0.0010164232125195335,0.13273022652527824,1.0002224362702878
2010,343452168867.32574,2828.8889390450877,0.0010165684374802233,0.13273629049395624,1.0002223355299216
2011,343670624884.5589,2828.9252446574596,0.0010167135130451342,0.13274235440485374,1.0002223295523045
2012,343889067244.57837,2828.961594161099,0.0010168586593187457,0.1327484177813292,1.0002222594004946
2013,344107503698.35504,2828.9979991245154,0.001017003886180177,0.13275448018090077,1.0002221717785895
2014,344325934719.6705,2829.0344624958825,0.001017149194627033,0.13276054139014382,1.0002220787215375
2015,344544360667.8947,2829.070979841328,0.001017294578505189,0.1327666014217579,1.0002219869337767
2016,344762781401.3018,2829.107550232776,0.0010174400372238073,0.13277266032258805,1.0002218950455612
2017,344981197108.03186,2829.144191931795,0.0010175855960675734,0.13277871802644295,1.0002217941747524
2018,345199608574.11224,2829.1808762644464,0.0010177312146260348,0.13278477458633944,1.0002217059733998
2019,345418014705.19775,2829.2176022346425,0.001017876892950615,0.13279083009782502,1.0002216208551173
2020,345636415511.83673,2829.2543688840487,0.0010180226303058556,0.13279688460159134,1.0002215367941532
2021,345854811042.6977,2829.2911751232537,0.0010181684254772724,0.1328029381194254,1.0002214533917853
2022,346073201358.04706,2829.328019992772,0.0010183142774171778,0.13280899067183768,1.000221370442636
2023,346291586537.088,2829.3649219563677,0.0010184602120114242,0.1328150422120293,1.0002212772990355
2024,346509967603.6857,2829.401865892836,0.0010186062072979553,0.13282109272592296,1.0002211902751583
2025,346728343944.9595,2829.438852364879,0.0010187522647639679,0.13282714225631626,1.000221103649684
2026,346946715763.9052,2829.476709731892,0.0010188994832496848,0.13283318465272553,1.0002204673057151
2027,347165145172.4031,2829.5153930470733,0.0010190477014091525,0.13283921358909592,1.000220016083496
2028,347383578117.4071,2829.5539761927944,0.0010191957465558643,0.13284523957381977,1.0002199183516174
2029,347602002633.0591,2829.592586220021,0.0010193438311279345,0.13285126452470045,1.000219837203387
2030,347820421721.2826,2829.631223284456,0.001019491959124757,0.13285728868693567,1.0002197598206333
2031,348038835388.1322,2829.6698876627365,0.0010196401313488886,0.13286331208597996,1.00021968286644
2032,348257243775.81494,2829.7085803589157,0.0010197883490768898,0.13286933470983137,1.000219605861727
2033,348475646961.8859,2829.7472969533096,0.001019936606996801,0.13287535662663355,1.0002195305524113
2034,348694044939.6026,2829.7860348738473,0.0010200849016144303,0.13288137784959647,1.000219457001271
2035,348912437686.8327,2829.8247942147063,0.0010202332336608326,0.13288739841681324,1.0002193834234419
2036,349130825354.7576,2829.8635702137067,0.0010203815962842402,0.132893418328687,1.000219313098932
2037,349349207701.2906,2829.9023592430326,0.0010205299852809053,0.13289943765173148,1.000219243662644
2038,349567584979.4142,2829.9411699648645,0.0010206784129872448,0.13290545637510848,1.0002191703102175
2039,349785957565.2039,2829.979992523783,0.001020826865597314,0.13291147452506744,1.0002191035060992
2040,350004324728.8801,2830.01878487971,0.001020975290380215,0.13291749261781127,1.000219052246824
2041,350222686092.03674,2830.0576338427577,0.0010211238016563308,0.1329235099404663,1.000218965313183
2042,350441044409.2218,2830.096535929352,0.0010212723907874561,0.13292952625614246,1.000218872425986
2043,350659399810.9187,2830.1354809058435,0.001021421043470203,0.13293554159368268,1.000218783611352
2044,350877751958.16705,2830.174454744611,0.00102156974092027,0.13294155604729144,1.0002187038743942
2045,351096100173.26843,2830.2134568388183,0.0010217184839944227,0.13294756972882601,1.0002186235373753
2046,351314444989.15405,2830.2524951257974,0.001021867284728708,0.13295358267464855,1.0002185392954808
2047,351532786733.0231,2830.2915633051107,0.0010220161331683146,0.1329595948279638,1.0002184585026324
2048,351751125088.4293,2830.3306570960235,0.0010221650236024078,0.13296560621857773,1.0002183802841174
2049,351969460044.77325,2830.3697740807656,0.0010223139532744487,0.13297161689358256,1.0002183037092154
2050,352187791612.5231,2830.4089117955123,0.0010224629192343573,0.13297762689191303,1.0002182285842842
2051,352406119811.85114,2830.448075095789,0.0010226119306777975,0.13298363635457164,1.0002181483893051
2052,352624445403.097,2830.4872645966893,0.0010227609875289965,0.13298964521795176,1.000218069499604
2053,352842767983.90173,2830.5264766647774,0.0010229100830736332,0.1329956533861241,1.0002179935178699
2054,353061087459.3919,2830.565694383781,0.0010230591948649822,0.13300166098899985,1.0002179258032557
2055,353279403442.6207,2830.6049153194404,0.0010232083207547405,0.13300766811558637,1.0002178609496597
2056,353497715931.0405,2830.64452213254,0.0010233579690231232,0.13301367183544227,1.0002175949579895
2057,353716041044.6392,2830.684188996536,0.0010235076876459472,0.13301967338409607,1.000217467056522
2058,353934364329.8867,2830.7238519466882,0.0010236574037327144,0.13302567403562188,1.0002173922102235
2059,354152684354.06354,2830.7635088118486,0.0010238071215013522,0.13303167426844667,1.0002173298449064
2060,354371000911.7696,2830.803250362772,0.001023956977705509,0.13303767443489095,1.0002172109272245
2061,354589319282.3408,2830.843030786586,0.0010241068961774976,0.13304367389039623,1.0002171206835881
2062,354807635322.5884,2830.882806289507,0.0010242568170726182,0.13304967286331915,1.0002170548497042
2063,355025948186.13434,2830.922613039093,0.0010244067926753284,0.13305567134958646,1.000216966762117
2064,355244260729.6319,2830.962519923236,0.001024556907934225,0.13306166838855185,1.000216856273218
2065,355462572935.80273,2831.0024102732373,0.0010247070084808119,0.1330676649214643,1.0002167902810557
2066,355680882190.1782,2831.0422822610217,0.001024857097177198,0.1330736613066769,1.000216734581461
2067,355899188364.51685,2831.0820049663457,0.0010250069982975316,0.1330796584455689,1.0002167696114157
2068,356117483189.32904,2831.1215075201553,0.0010251566333946377,0.13308565791422602,1.0002168110353182
2069,356335771756.43024,2831.161034872683,0.0010253063283392574,0.1330916578401478,1.000216756157366
2070,356554058870.83484,2831.2005824357298,0.0010254560652194127,0.1330976574911422,1.000216682840889
2071,356772344914.76355,2831.240146070521,0.0010256058359750051,0.13310365673257438,1.0002166075238237
2072,356990629939.1042,2831.2797234750706,0.0010257556372859564,0.13310965556490975,1.00021653275459
2073,357208913998.0572,2831.3192997528354,0.001025905445359163,0.13311565384477295,1.0002164701237466
2074,357427195995.4216,2831.3588649749668,0.0010260552488422384,0.1331216517694921,1.0002164099982365
2075,357645476555.9891,2831.3984241784697,0.0010262050602613843,0.13312764967833174,1.0002163462955111
2076,357863756009.6677,2831.43799224807,0.0010263548980174234,0.1331336473651069,1.0002162757062232
2077,358082034806.8199,2831.4775673303984,0.001026504758948238,0.13313964479869192,1.0002162043535243
2078,358300313050.6297,2831.5171302659655,0.0010266546180890555,0.13314564216184702,1.0002161455818044
2079,358518589696.9801,2831.556544186155,0.00102680428696778,0.1331516401070929,1.000216157051946
2080,358736860565.0928,2831.5959238332885,0.001026953934866016,0.1331576388227978,1.0002161180978422
2081,358955130381.2677,2831.635298529037,0.0010271035931921154,0.1331636375881264,1.0002160649231984
2082,359173398812.07764,2831.674593164,0.0010272531611801865,0.13316963693625872,1.000216039975412
2083,359391664482.6509,2831.713806903086,0.001027402641146205,0.1331756370985549,1.0002160212949316
2084,359609927425.678,2831.7529304824816,0.0010275520193969477,0.1331816380616729,1.000216009986892
2085,359828187297.8404,2831.7919630414494,0.0010277012959086394,0.13318763990805368,1.0002159996790094
2086,360046444361.36536,2831.8309573813153,0.0010278505427836313,0.1331936423454334,1.0002159576217575
2087,360264701250.6902,2831.869914980249,0.0010279997557485908,0.1331996449590565,1.0002159177711263
2088,360482956912.3278,2831.908813027803,0.0010281489057377062,0.1332056480131668,1.0002158848735878
2089,360701211431.2353,2831.947677736441,0.001028298032597713,0.13321165162472753,1.0002158391537856
2090,360919465821.8511,2831.9864778676256,0.0010284470873236735,0.13321765555978762,1.000215809191391
2091,361137719008.22,2832.0252090807335,0.0010285960660545552,0.13322365997889407,1.000215783881841
2092,361355971055.6576,2832.0638709743725,0.0010287449690188826,0.13322966493692764,1.0002157594436196
2093,361574222125.0755,2832.102477291789,0.0010288938187879633,0.13323567060453242,1.000215723959222
2094,361792473371.2178,2832.141031177968,0.0010290426192138538,0.1332416769369282,1.0002156894507188
2095,362010724256.2286,2832.179509499668,0.001029191334384946,0.13324768378779292,1.000215666040284
2096,362228974454.2741,2832.217909917297,0.0010293399626351764,0.13325369127198744,1.0002156458956508
2097,362447224038.0005,2832.256230288985,0.0010294885015612312,0.13325969943811988,1.000215627360773
2098,362665473104.1889,2832.2944804115173,0.001029636968054919,0.13326570846008515,1.0002156000339946
2099,362883722654.0056,2832.3326623403254,0.0010297853642593888,0.13327171828538176,1.0002155744095282
2100,363101972201.6554,2832.3707609978364,0.0010299336671569805,0.13327772884586386,1.0002155554152505
2101,363320221709.2781,2832.4087742416136,0.001030081874756856,0.13328374021712858,1.0002155387519458
2102,363538471263.7156,2832.4466998003154,0.0010302299843253338,0.13328975243892535,1.0002155235664736
2103,363756720966.2443,2832.4845356959886,0.0010303779934975885,0.13329576554734351,1.0002155094259795
2104,363974970939.674,2832.522331898337,0.0010305259728043655,0.1333017794037562,1.0002154646464838
2105,364193223490.21783,2832.560046147431,0.0010306738589177253,0.13330779389161415,1.0002154455562835
2106,364411476255.11145,2832.5976461663813,0.001030821611324555,0.13331380943209226,1.000215442179191
2107,364629729142.5424,2832.6351295160507,0.0010309692289249676,0.13331982618747354,1.0002154431493686
2108,364847982226.5762,2832.6724949600953,0.001031116710573493,0.13332584420392335,1.0002154455337449
2109,365066235648.2452,2832.709736676708,0.0010312640475835999,0.13333186347181952,1.0002154521837838
2110,365284489283.31824,2832.746849613074,0.001031411233215636,0.133337884035276,1.0002154607547742
2111,365502743380.2594,2832.7838380387193,0.0010315582749557456,0.1333439059804423,1.0002154675612684
2112,365720998198.4199,2832.8248797095416,0.0010317107912089331,0.13334989908499625,1.0002127094924484
2113,365939453214.5212,2832.8727533918373,0.00103187183328931,0.13335579875873113,1.000209533464792
2114,366158006930.2896,2832.9204003571517,0.0010320321827457055,0.13336167373995567,1.000208920195473
2115,366376565620.14276,2832.967913771455,0.0010321922936547825,0.13336754460890748,1.0002088006467835
2116,366595122905.73645,2833.0153131591824,0.0010323522601568638,0.13337341561487256,1.0002087772406925
2117,366813677605.3913,2833.0623473001015,0.001032511751303946,0.13337928904097096,1.0002089068637918
2118,367032222165.1192,2833.1092911460596,0.0010326711629273224,0.1333851645743943,1.0002089131711205
2119,367250765651.924,2833.1561976279877,0.001032830551192602,0.1333910408605613,1.000208878027639
2120,367469308771.6642,2833.203012022625,0.001032989834112161,0.1333969177598718,1.0002088707584256
2121,367687849325.0618,2833.24956585351,0.0010331487900939284,0.13340279683466155,1.0002089304312367
2122,367906385720.6802,2833.2961642562395,0.0010333078430739104,0.13340867672580886,1.000208864425509
2123,368124924235.4622,2833.3427850286785,0.001033466943375105,0.1334145563155712,1.0002087842406544
2124,368343464754.03564,2833.389430715566,0.0010336260922248343,0.13342043544261817,1.000208699703701
2125,368562007486.82935,2833.4361043594035,0.001033785293085847,0.13342631404293775,1.0002086127051075
2126,368780552619.39923,2833.482809088961,0.00103394454980099,0.1334321920687892,1.0002085236063982
2127,368999100329.0143,2833.529547984529,0.0010341038661797683,0.13343806947470502,1.0002084325339675
2128,369217650785.60394,2833.5763295146753,0.001034263254435506,0.13344394624971254,1.0002083355980491
2129,369436204420.94867,2833.623165648048,0.0010344227313867776,0.13344982234979022,1.0002082317293421
2130,369654761568.9813,2833.670057945153,0.0010345822982447666,0.13345569770405094,1.000208125529256
2131,369873322370.9937,2833.716823408739,0.0010347416995308168,0.13346157307205297,1.0002081442323438
2132,370091878971.24255,2833.762259883636,0.001034899326955724,0.13346745799154644,1.0002087207631272
2133,370310409978.6329,2833.8076507243427,0.0010350569896456483,0.13347334826347595,1.0002088061290033
2134,370528941203.96344,2833.8528960105273,0.0010352144745571254,0.13347923956580682,1.0002088480276323
2135,370747471191.0605,2833.898094084365,0.0010353719274386482,0.13348513203456952,1.0002088199689858
2136,370966003618.54724,2833.9432564289127,0.0010355293568658612,0.13349102514203562,1.0002087731699203
2137,371184538883.56555,2833.9883858755925,0.001035686763956856,0.13349691869456984,1.000208720954127
2138,371403077239.6846,2834.0334859168884,0.0010358441525753874,0.13350281261312866,1.000208665837946
2139,371621618908.2596,2834.078560155323,0.0010360015270857708,0.13350870684040952,1.0002086083008022
2140,371840164102.3627,2834.1235001756563,0.0010361587161789338,0.13351460055496037,1.0002086235436132
2141,372058708696.24384,2834.1683857310522,0.0010363158521748226,0.13352049477163963,1.0002085872102533
2142,372277257252.8891,2834.2131399254617,0.0010364728067473966,0.13352638847179843,1.0002086001859838
2143,372495806213.4995,2834.2578728074136,0.0010366297586019031,0.1335322828008084,1.0002085530782396
2144,372714359398.79913,2834.3025971673583,0.0010367867196878335,0.13353817732347906,1.0002084887086833
2145,372932917173.09265,2834.3473163689714,0.0010369436920988175,0.13354407185781358,1.0002084190133704
2146,373151479767.7653,2834.3919884218303,0.0010371006074759354,0.13354996595950785,1.0002083824497348
2147,373370045114.57623,2834.436601178322,0.0010372574529317975,0.13355585994548513,1.0002083413620408
2148,373588614887.3548,2834.4817508320834,0.0010374150469125607,0.13356175031759035,1.000208017221689
2149,373807199995.8121,2834.5267463045766,0.001037572417637034,0.13356763963667942,1.0002079633829906
2150,374025788158.62897,2834.57167541119,0.0010377297123646844,0.13357352911005652,1.000207927501574
2151,374244380199.67773,2834.616541816431,0.0010378869388604824,0.13357941889442296,1.000207893587761
2152,374462976292.7562,2834.6613532822544,0.0010380441089652668,0.1335853090222954,1.000207854764123
2153,374681576866.4647,2834.706110475732,0.0010382012221422214,0.13359119939814917,1.0002078169430464
2154,374900181853.581,2834.7493903476116,0.0010383563563901416,0.1335971005115747,1.0002087093816727
2155,375118743478.4729,2834.7892802566334,0.0010385072011705894,0.13360304407562346,1.0002101862831148
2156,375337270028.3951,2834.8290613093377,0.0010386581133582085,0.1336090011441284,1.0002105079368515
2157,375555797080.8039,2834.8682851685917,0.0010388083585628892,0.13361496674979925,1.0002107578713175
2158,375774323487.78784,2834.9074730796306,0.0010389586009244577,0.13362093448136922,1.0002107745562685
2159,375992856586.0917,2834.9466332330576,0.001039108825389631,0.13362690259939486,1.0002107290968472
2160,376211398121.8318,2834.985785555835,0.001039259054232046,0.13363287065812607,1.0002106638905295
2161,376429948389.1782,2835.0249332590683,0.001039409288904099,0.1336388384484159,1.0002105923754088
2162,376648507655.08405,2835.0640774445956,0.0010395595298049402,0.13364480589220226,1.0002105201598113
2163,376867075971.58386,2835.1033306254044,0.0010397099348089477,0.1336507725286648,1.0002103701902598
2164,377085657148.00616,2835.1429018278127,0.0010398607700103982,0.13365673574671696,1.0002101456045014
2165,377304251506.28125,2835.1823949159316,0.0010400114683326623,0.13366269644615464,1.000210084782124
2166,377522853703.4945,2835.221929907715,0.0010401622365654145,0.1336686566008806,1.0002099914333806
2167,377741466014.5454,2835.261506490182,0.0010403130705830546,0.13367461597386926,1.0002098915966677
2168,377960088578.5778,2835.3011248248436,0.001040463969734196,0.1336805745066483,1.0002097902852602
2169,378178721488.05383,2835.3407852188716,0.0010406149342667879,0.13368653218479282,1.0002096884453116
2170,378397364832.6035,2835.3804879899362,0.001040765964582457,0.13369248900274833,1.0002095862811717
2171,378616018695.9426,2835.4202399049295,0.0010409170701553554,0.13369844492939764,1.0002094794864584
2172,378834683345.78864,2835.460076381032,0.0010410682871934312,0.13370439894803737,1.0002093627243167
2173,379053358809.7044,2835.499932358934,0.0010412195325697879,0.1337103518544097,1.0002092702244523
2174,379272044570.1115,2835.5398095266078,0.0010413708118388095,0.13371630384543784,1.000209181697591
2175,379490740705.74866,2835.5797082086947,0.0010415221259764695,0.13372225495255435,1.0002090940486645
2176,379709447285.40576,2835.619627822595,0.0010416734744165,0.13372820519373876,1.0002090066157827
2177,379928164403.2584,2835.6595686070987,0.0010418248575800228,0.13373415457288954,1.0002089190367305
2178,380146892154.9187,2835.6995319244775,0.0010419762776200771,0.13374010309906578,1.0002088303336831
2179,380365630678.70514,2835.739415308568,0.0010421276011866119,0.1337460518800812,1.0002088189130949
2180,380584376775.7379,2835.779141891654,0.0010422787297735157,0.1337520018493264,1.000208799663576
2181,380803133363.29565,2835.818936384119,0.0010424299639148003,0.13375795109549937,1.0002087041460446
2182,381021901526.1787,2835.8587969446567,0.0010425812905219057,0.13376389895027743,1.0002085938101497
2183,381240681441.49634,2835.898723667159,0.0010427327076455474,0.13376984527764604,1.000208480340545
2184,381459473199.79395,2835.9387170162445,0.0010428842154972372,0.13377579004525236,1.000208365964647
2185,381678276874.78644,2835.9788016488687,0.0010430358529057346,0.13378173341484073,1.000208232512967
2186,381897093323.4216,2836.0190401338564,0.0010431877114085641,0.13378767534984404,1.000208069646329
2187,382115923029.3174,2836.059379952199,0.0010433397012501154,0.13379361504519968,1.0002079292911787
2188,382334765261.4512,2836.0997955159696,0.0010434917918875535,0.13379955295391865,1.0002078044360667
2189,382553619771.60223,2836.1402877473056,0.0010436439866937052,0.13380548920283628,1.000207682278528
2190,382772486598.90576,2836.180857157857,0.001043796286754487,0.1338114238108357,1.0002075604061942
2191,382991365798.8795,2836.221504161776,0.001043948692681263,0.13381735677555107,1.0002074383716055
2192,383210257428.4748,2836.2622413051404,0.0010441012241869,0.1338232881738823,1.0002073067884174
2193,383429161903.54694,2836.303089032811,0.001044253910769507,0.1338292179637015,1.0002071665536747
2194,383648079300.8109,2836.3438977186393,0.0010444065428777004,0.1338351468352906,1.0002071176998646
2195,383867006836.9405,2836.384483837962,0.0010445588968945334,0.133841077784121,1.000207128352672
2196,384085944876.8068,2836.4250620222383,0.0010447112574051393,0.13384700879176145,1.0002070899308675
2197,384304893839.46436,2836.465408343051,0.0010448633161776058,0.13385294124965233,1.0002071178881409
2198,384523853092.26013,2836.5057933100197,0.001045015449876234,0.1338588737583687,1.0002070448906193
2199,384742824841.9067,2836.5462068237416,0.001045167631576442,0.1338648055453583,1.00020695514069
2200,384961809253.19574,2836.586648256012,0.001045319858377117,0.13387073648321313,1.000206861932845
2201,385180806441.5549,2836.6271169438874,0.0010454721290981397,0.1338766665580766,1.0002067683416807
2202,385399816483.9602,2836.667611359453,0.0010456244416649084,0.13388259578051376,1.0002066753317818
2203,385618839449.08923,2836.708129993658,0.0010457767941652182,0.1338885241697758,1.0002065830944231
2204,385837875403.0191,2836.748671330456,0.0010459291847008613,0.13389445174673717,1.0002064916614257
2205,386056924418.2515,2836.789233843405,0.001046081611366566,0.13390037853286815,1.0002064010474467
2206,386275986565.16345,2836.8298128502433,0.0010462340672917196,0.13390630452987878,1.0002063136413077
2207,386495061841.6916,2836.870405113481,0.0010463865484732786,0.13391222978680195,1.0002062271499037
2208,386714150367.64264,2836.9110140857993,0.001046539060582028,0.13391815434012921,1.0002061394354962
2209,386933252247.4027,2836.9516381417707,0.001046691601296054,0.13392407819427837,1.0002060521720737
2210,387152367557.1032,2836.992275697861,0.0010468441685817253,0.13393000136823172,1.0002059656805298
2211,387371496371.7011,2837.032925170143,0.0010469967604489375,0.13393592388386322,1.000205880022179
2212,387590638768.544,2837.073584966666,0.001047149374905601,0.13394184576374746,1.000205795212426
2213,387809794825.23096,2837.1142837025445,0.001047302051956491,0.1339477668638719,1.0002056914287205
2214,388028965039.0742,2837.1551733240535,0.0010474549944814607,0.13395368580755848,1.0002055232915055
2215,388248150225.9662,2837.196044251127,0.0010476079086279588,0.13395960359136863,1.0002054355976349
2216,388467349124.09503,2837.236897021241,0.0010477608062521193,0.13396552092345917,1.0002053637508315
2217,388686561764.9819,2837.2777300578864,0.0010479136875253398,0.13397143796438674,1.0002052957652334
2218,388905788231.7379,2837.318541410906,0.0010480665503876648,0.1339773547673879,1.0002052293935655
2219,389125028618.1879,2837.359329046705,0.0010482193923422734,0.1339832713657345,1.0002051642196792
2220,389344283021.0276,2837.400090804613,0.0010483722106368514,0.13398918778846058,1.0002051002497707
2221,389563551535.5443,2837.4408244767014,0.0010485250024567473,0.13399510406517556,1.000205037450535
2222,389782834262.0375,2837.4815293698375,0.0010486777675120396,0.13400102024381938,1.0002049747358637
2223,390002131342.2017,2837.5222029166057,0.001048830502162472,0.13400693633534647,1.0002049136165878
2224,390221442843.0877,2837.5628422182654,0.001048983202475864,0.13401285236348243,1.0002048540399762
2225,390440768865.29236,2837.6034452509116,0.0010491358659746016,0.13401876836235535,1.0002047956111941
2226,390660109518.47046,2837.6440087814294,0.0010492884884892241,0.13402468437235493,1.0002047388949455
2227,390879464903.0226,2837.684531548842,0.0010494410686114613,0.13403060042404133,1.0002046828582303
2228,391098835137.92334,2837.725011199084,0.0010495936032186904,0.13403651654182186,1.0002046281360066
2229,391318220328.13617,2837.7654457593835,0.0010497460898036104,0.13404243275347463,1.000204574447094
2230,391537620589.3518,2837.805833167545,0.0010498985257320088,0.1340483490872102,1.0002045218557556
2231,391757036035.38116,2837.846235192344,0.0010500509960849878,0.13405426513989827,1.0002044382393018
2232,391976467102.23096,2837.886608546056,0.001050203436813973,0.13406018091281266,1.000204371713152
2233,392195913653.71136,2837.9269463535334,0.0010503558411162797,0.13406609662244232,1.0002043107485334
2234,392415375785.86725,2837.9672358645857,0.0010505081900094868,0.13407201226340487,1.000204259882683
2235,392634853463.62994,2838.0074751678417,0.0010506604830768079,0.13407792799142682,1.0002042073330144
2236,392854346935.15405,2838.047672628599,0.0010508127331222785,0.13408384383471053,1.0002041518859506
2237,393073856322.49396,2838.0878261356115,0.00105096493688418,0.13408975978610113,1.00020409675382
2238,393293381742.0171,2838.1279336862963,0.0010511170917121943,0.1340956758672819,1.0002040425272263
2239,393512923309.87854,2838.167993298612,0.001051269195068333,0.13410159210524938,1.000203989313301
2240,393732481143.4493,2838.208002994902,0.001051421244435202,0.13410750852798572,1.0002039371301774
2241,393952055362.0312,2838.2479629650725,0.00105157324059748,0.13411342516928149,1.0002038846752632
2242,394171646098.52527,2838.2878700257934,0.0010517251789995644,0.13411934204119438,1.000203833940281
2243,394391253463.00183,2838.327721488324,0.0010518770561634475,0.13412525917789234,1.0002037845970773
2244,394610877577.46344,2838.370211741953,0.0010520324832565507,0.13413115213405957,1.000202050314666
2245,394830528151.6989,2838.415636600576,0.0010521914306320281,0.1341369909690834,1.0002007975103595
2246,395050195550.43713,2838.460936386011,0.0010523500508459757,0.1341428195664804,1.0002005426331204
2247,395269877944.99426,2838.5061379222584,0.0010525085252072147,0.1341486469532548,1.0002004731959973
2248,395489575244.43774,2838.551248619503,0.0010526668908712043,0.13415447480059606,1.0002004361330021
2249,395709287566.7571,2838.596292183721,0.0010528251846562702,0.1341603032167461,1.00020039602552
2250,395929015069.75586,2838.6412361786997,0.0010529833622020001,0.13416613244402253,1.0002003694322485
2251,396148757868.8566,2838.6860787216065,0.0010531414229150082,0.13417196262603964,1.0002003462689841
2252,396368516116.20355,2838.730817651636,0.001053299364365349,0.13417779381574435,1.000200324668208
2253,396588289967.0711,2838.7754507645964,0.0010534571837906084,0.13418362604909656,1.0002003042790983
2254,396808079579.1503,2838.819975360602,0.001053614877618569,0.13418945935744467,1.0002002853859229
2255,397027885109.9276,2838.864380688361,0.0010537724303653338,0.1341952937749897,1.000200271785944
2256,397247706712.1566,2838.9094359098435,0.0010539308772324594,0.13420112249419144,1.0001998805319523
2257,397467544321.93365,2838.954557663919,0.0010540893741046225,0.13420694691039678,1.0001997325013003
2258,397687397963.311,2838.9996167956524,0.001054247788485428,0.13421277080001826,1.0001996670754654
2259,397907267745.93787,2839.044613025878,0.0010544061321001122,0.13421859493817082,1.00019961797111
2260,398127153799.27795,2839.089544577816,0.0010545644049404618,0.1342244194945439,1.00019957279971
2261,398347056256.8774,2839.134403787186,0.0010547225962796599,0.13423024451349333,1.000199533211033
2262,398566975253.2659,2839.1791802256566,0.0010548806920923036,0.13423607009123567,1.0001994976988253
2263,398786910933.97437,2839.2238847870894,0.0010550387093628795,0.13424189628102826,1.0001994582180875
2264,399006863440.51184,2839.268513227267,0.001055196641793829,0.13424772308605232,1.0001994200804913
2265,399226832918.9522,2839.3130636625215,0.0010553544871279338,0.13425355054346005,1.0001993824316298
2266,399446819508.2464,2839.3574901994275,0.001055512179388648,0.13425937880000066,1.0001993701307048
2267,399666823459.7427,2839.401816126943,0.0010556697570505676,0.13426520810420534,1.0001993456395102
2268,399886844858.5547,2839.4460567014708,0.0010558272391111903,0.13427103822453865,1.0001993145016472
2269,400106883841.83234,2839.4902240450497,0.0010559846430867352,0.13427686913105533,1.0001992722862305
2270,400326940495.931,2839.534380912758,0.0010561420588249455,0.13428270060257644,1.0001991985214855
2271,400547014815.11053,2839.5783566247983,0.001056299229502329,0.13428853245756556,1.0001992238402895
2272,400767107554.48914,2839.6221937017053,0.0010564562381923204,0.13429436596085434,1.0001992104524258
2273,400987218442.5536,2839.6659759411086,0.0010566131987461425,0.1343002004262438,1.0001991650918742
2274,401207347575.8044,2839.7089758280813,0.0010567690403959103,0.13430603662950383,1.0001994802787724
2275,401427497450.938,2839.752016505228,0.0010569250241972204,0.13431187686116686,1.0001994452971892
2276,401647665896.55927,2839.795059640767,0.00105708104215994,0.13431771788353644,1.0001993620385008
2277,401867852978.70184,2839.8381376974617,0.0010572371342422702,0.13432355916358835,1.0001992572983602
2278,402088058695.8391,2839.881248160106,0.0010573932940490022,0.1343294005315548,1.0001991494292855
2279,402308283110.4443,2839.924389016044,0.0010575495185822952,0.134335241986096,1.0001990417833024
2280,402528526292.40985,2839.9675808351367,0.0010577058389470533,0.13434108355522295,1.0001989197444128
2281,402748788135.6143,2840.010899759151,0.0010578623670101394,0.13434692513655946,1.0001987579202758
2282,402969068415.90796,2840.0542549192746,0.0010580189613498487,0.13435276634333518,1.0001986435049768
2283,403189367681.8903,2840.0976080193645,0.0010581755737016072,0.13435860773348599,1.0001985500229724
2284,403409686069.9436,2840.1402074272105,0.0010583310749716513,0.13436444875083378,1.0001989815131016
2285,403630030620.52026,2840.1817679977894,0.0010584851672523186,0.13437029749523202,1.0001993636850406
2286,403850397482.74677,2840.2233558802654,0.001058639392176156,0.13437615096188993,1.0001993557677604
2287,404070784775.62726,2840.264972574423,0.0010587936988594485,0.13438200577725246,1.000199259968311
2288,404291192112.90344,2840.306615771472,0.0010589480696758652,0.13438786103976597,1.0001991590306483
2289,404511619756.22577,2840.3482570657507,0.0010591024629216805,0.13439371679031653,1.000199066638483
2290,404732067794.24176,2840.3898957040883,0.001059256879260887,0.1343995731421302,1.000198975319136
2291,404952536339.0529,2840.4315358695526,0.0010594113251145253,0.13440543010646416,1.0001988829276647
2292,405173025470.03485,2840.4731677194445,0.0010595657863971444,0.13441128772108685,1.0001987946830653
2293,405393535323.2574,2840.5146253792577,0.001059720017040119,0.13441714607890978,1.0001987913782746
2294,405614067140.40436,2840.5559097913756,0.0010598740270324832,0.13442300573034494,1.0001988377019868
2295,405834622221.66437,2840.596705819289,0.0010600273704389957,0.13442886823253106,1.0001989813729835
2296,406055201089.2793,2840.6374233563065,0.0010601806622717283,0.13443473379860854,1.0001989721479154
2297,406275802106.15393,2840.6780115101715,0.0010603338026522325,0.13444060091577456,1.0001989682985386
2298,406496425975.5129,2840.7232160447647,0.0010604932106913544,0.13444642727045825,1.0001964046307597
2299,406717018811.72034,2840.770655536776,0.0010606551770635448,0.13445220301957392,1.0001952553884956
2300,406937626632.28723,2840.81798704316,0.0010608168520358787,0.1344579692788145,1.0001950196375928
2301,407158253419.6419,2840.865220724828,0.0010609783828083386,0.13446373442121343,1.0001949514650603
2302,407378899919.53516,2840.9123581615972,0.0010611397963501555,0.13446950001002891,1.0001949159719843
2303,407599566476.39185,2840.958676301147,0.0010613001230779624,0.13447527307231014,1.0001952131015617
2304,407820259762.4529,2841.004956534135,0.0010614604689289555,0.134481049719505,1.0001952131842262
2305,408040973202.3554,2841.051231532462,0.0010616208299811765,0.13448682661019382,1.0001951485410367
2306,408261706609.0822,2841.0974996310997,0.0010617811943170847,0.13449260314724698,1.0001950720600898
2307,408482460023.2199,2841.143761712902,0.0010619415613778759,0.13449837921195762,1.000194992669091
2308,408703233570.834,2841.1900188064533,0.0010621019321275151,0.13450415476824873,1.0001949123584322
2309,408924027274.83044,2841.2362696933596,0.0010622623044742904,0.13450992979929538,1.0001948325951724
2310,409144841235.46387,2841.282515660553,0.0010624226802849759,0.1345157043017179,1.0001947522065957
2311,409365675526.6739,2841.3287578365425,0.0010625830609658877,0.13452147825792649,1.0001946711496708
2312,409586530227.2105,2841.3749974019183,0.0010627434479954392,0.1345272516499132,1.000194589420596
2313,409807405425.90485,2841.421249845224,0.0010629038635403803,0.13453302441401144,1.000194500176427
2314,410028301027.16656,2841.4674990245844,0.0010630642830819113,0.1345387965268846,1.0001944171125092
2315,410249217292.5659,2841.513367362775,0.0010632241904044734,0.13454457108306442,1.0001945690552083
2316,410470161924.94385,2841.5589892878415,0.0010633838322740353,0.1345503509772995,1.00019455100053
2317,410691125933.80884,2841.60531322054,0.0010635444318388585,0.13455612377199017,1.0001941910023069
2318,410912104414.5443,2841.651596852207,0.0010637049441843062,0.13456189365174934,1.0001940716954594
2319,411133103915.86584,2841.6981350160545,0.0010638658131429338,0.13456766076553978,1.0001938517142872
2320,411354120580.1234,2841.744704214163,0.0010640267115487195,0.13457342558303811,1.000193741789919
2321,411575158492.7145,2841.7912986079164,0.0010641876501370508,0.13457918933550023,1.0001936253574901
2322,411796216155.5362,2841.838091106951,0.001064348856458894,0.1345849500314438,1.0001934646962527
2323,412017293475.41815,2841.8848419636606,0.0010645100055295688,0.13459070982826327,1.000193384268897
2324,412238392358.51843,2841.931546171189,0.0010646711019492105,0.1345964694927707,1.0001933233256775
2325,412459513204.0271,2841.9781958170643,0.0010648321374625565,0.13460222925442733,1.0001932670978673
2326,412680656104.29474,2842.0247996063617,0.0010649931254575833,0.13460798913665123,1.0001932086616898
2327,412901821133.2318,2842.071356967431,0.0010651540646386107,0.13461374911332616,1.0001931502246915
2328,413123008428.3336,2842.1178633802715,0.001065314949036086,0.13461950923710142,1.0001930932447298
2329,413344218136.2523,2842.1643380648334,0.0010654758061760504,0.13462526942796735,1.0001930285746972
2330,413565450171.6922,2842.210748403173,0.0010656365883496182,0.13463102976338928,1.0001929764572097
2331,413786705016.0545,2842.257133815178,0.0010657973539947609,0.13463679020214256,1.000192907650699
2332,414007982208.571,2842.3034780561024,0.0010659580770427202,0.13464255063770406,1.0001928440689491
2333,414229282112.43256,2842.3497811766642,0.0010661187584172292,0.13464831112506537,1.00019278141053
2334,414450604846.85425,2842.3959006415457,0.0010662791966543573,0.134654072449606,1.0001928085789833
2335,414671954362.83746,2842.4417982278287,0.0010664393645588679,0.13465983652257366,1.0001928153859914
2336,414893327841.8385,2842.48793281803,0.0010665998861740654,0.13466559926632207,1.0001926088199273
2337,415114718228.337,2842.5347453125796,0.0010667613125050885,0.1346713536751949,1.0001922341066076
2338,415336123209.22235,2842.5815551101873,0.001066922701737875,0.13467710477514333,1.0001920942463234
2339,415557550083.9925,2842.628221294299,0.0010670838998452607,0.13468285620007175,1.000192065858753
2340,415779001862.90155,2842.674862485677,0.0010672450842126985,0.13468860790774545,1.0001919991768238
2341,416000476533.6719,2842.7215014411768,0.001067406279943162,0.13469435932623144,1.000191918029096
2342,416221974000.1887,2842.768138735591,0.00106756748562169,0.1347001103118605,1.000191833839034
2343,416443494309.23944,2842.8147753546136,0.0010677287021063065,0.1347058608254368,1.0001917486031198
2344,416665037522.2807,2842.861412371615,0.0010678899306828746,0.13471161084640718,1.0001916626573546
2345,416886603702.2291,2842.9080500706623,0.0010680511715213,0.13471736035859855,1.0001915765478735
2346,417108192932.6863,2842.954688828813,0.001068212425031252,0.13472310935213633,1.0001914900100888
2347,417329805273.4871,2843.0013294888518,0.0010683736922371717,0.13472885781175312,1.0001914032328052
2348,417551440810.9235,2843.047972312527,0.0010685349734659093,0.13473460573323642,1.0001913161507803
2349,417773099608.95917,2843.094618469627,0.0010686962702688935,0.13474035310349078,1.0001912284201853
2350,417994781726.76904,2843.1409015569575,0.0010688570719739412,0.1347461024635494,1.000191347281309
2351,418216497350.19025,2843.1868977927375,0.0010690175333243131,0.1347518563546908,1.0001913874273614
2352,418438238900.9514,2843.232813059479,0.0010691779138411656,0.13475761162512456,1.0001913620058553
2353,418660006183.6748,2843.278639812617,0.0010693381932597305,0.13476336771562847,1.0001913265004982
2354,418881799233.09564,2843.3243821250207,0.0010694983755270468,0.13476912449178843,1.000191287201428
2355,419103618087.0878,2843.3700429267624,0.0010696584640553315,0.13477488189368375,1.0001912457758877
2356,419325462818.6625,2843.4156411427944,0.0010698184858539005,0.13478063983135988,1.0001911925059874
2357,419547332951.307,2843.4611791088905,0.0010699784410926239,0.1347863980961722,1.0001911410130597
2358,419769228976.90094,2843.5066601284316,0.0010701383350503397,0.13479215670946748,1.0001910861184977
2359,419991150759.1217,2843.5520744626833,0.0010702981531855893,0.13479791568080615,1.000191034764534
2360,420213098592.4374,2843.597424950566,0.0010704578999448354,0.13480367502330573,1.000190982931415
2361,420435072560.3069,2843.64283077668,0.0010706177378920797,0.13480943367354206,1.0001908758918199
2362,420657070190.94226,2843.6882263807956,0.0010707775680841671,0.134815191617095,1.0001907897395743
2363,420879092926.9093,2843.7340927996543,0.0010709380548873857,0.13482094506144948,1.0001904946054883
2364,421101131237.21643,2843.7799613835573,0.0010710985202066433,0.1348266957501313,1.0001903674297545
2365,421323193904.1866,2843.825824919077,0.0010712589817803186,0.13483244548415432,1.0001902760487682
2366,421545281636.87897,2843.8716990092494,0.0010714194675328686,0.1348381945414644,1.000190183175919
2367,421767394184.9693,2843.917589790835,0.001071579985246181,0.13484394282944526,1.0001900878400503
2368,421989531545.68994,2843.9634991299267,0.0010717405371487197,0.13484969031083194,1.0001899911647345
2369,422211693740.1227,2844.009428608,0.0010719011251491435,0.13485543695515503,1.000189893573578
2370,422433880786.94666,2844.0553799049194,0.001072061751384877,0.1348611827369358,1.0001897950430523
2371,422656092716.1723,2844.101359186079,0.00107222242414101,0.1348669275918493,1.0001896928638647
2372,422878329387.4301,2844.1473758928582,0.0010723831552955788,0.1348726713705245,1.000189587275587
2373,423100590806.1264,2844.1934194380733,0.0010725439302573306,0.1348784141584486,1.0001894852124043
2374,423322877212.21704,2844.239480029449,0.001072704735741514,0.13488415604835513,1.0001893894295553
2375,423545189019.3208,2844.2855684954316,0.001072865588424707,0.13488989706106225,1.0001892859308128
2376,423767525632.62213,2844.3317140144122,0.0010730265264662895,0.13489563682665223,1.0001891700920809
2377,423989886633.13885,2844.3779235712664,0.0010731875568968652,0.13490137512257713,1.0001890504153017
2378,424212272026.681,2844.42418799747,0.0010733486671516237,0.13490711202684144,1.0001889331347864
2379,424434681968.35693,2844.470137134785,0.0010735093503255043,0.13491285079827187,1.000188984636295
2380,424657125743.9778,2844.5160871212556,0.0010736700696090064,0.1349185905610998,1.0001889178043295
2381,424879595518.3368,2844.5620615292264,0.0010738308353619153,0.13492432972952317,1.000188823438739
2382,425102091027.12726,2844.6080614524853,0.0010739916447926425,0.1349300680235726,1.0001887236489737
2383,425324612231.3375,2844.654087777262,0.00107415249843115,0.1349358053916621,1.0001886223216336
2384,425547159150.829,2844.700151598111,0.0010743134116377858,0.13494154174509784,1.0001885140981586
2385,425769731376.07404,2844.7462444332914,0.001074474370810673,0.13494727703321993,1.000188412286348
2386,425992329601.7931,2844.7923547659066,0.0010746353617317457,0.1349530114550965,1.000188314477146
2387,426214953934.5956,2844.8384835154416,0.0010747963862856164,0.13495874504131447,1.0001882169158873
2388,426437604425.5928,2844.884660653905,0.0010749574868945857,0.13496447761065386,1.000188101629647
2389,426660279869.7275,2844.930879381101,0.0010751186489496394,0.13497020888972108,1.0001879957566502
2390,426882981570.07794,2844.9770845230364,0.0010752797995860917,0.13497593953932743,1.0001879110734821
2391,427105710449.7682,2845.0232958683882,0.0010754409691828757,0.13498166958881602,1.000187820643915
2392,427328466030.1816,2845.0695270579868,0.00107560217503956,0.13498739882917016,1.0001877239022048
2393,427551248092.97314,2845.1157802903185,0.0010757634194705809,0.13499312719637688,1.0001876248133756
2394,427774056631.8678,2845.1620570191576,0.001075924704201275,0.13499885466005232,1.0001875246987617
2395,427996891675.38586,2845.2083582734035,0.0010760860304659477,0.13500458119927025,1.000187423934254
2396,428219753256.1658,2845.2546850966046,0.0010762473995766352,0.13501030679654624,1.0001873225835267
2397,428442641406.3734,2845.3010341117288,0.0010764088053750222,0.1350160313853732,1.0001872240764988
2398,428665556343.1187,2845.3474130435525,0.0010765702599409687,0.13502175498950586,1.0001871193811627
2399,428888497621.86017,2845.393842180046,0.0010767317918357075,0.13502747747335261,1.0001870068118468
2400,429111465072.8247,2845.440309085694,0.0010768933822039512,0.13503319883338855,1.000186897590836
2401,429334458957.84,2845.486766880156,0.0010770549666749604,0.1350389194827165,1.0001868174037334
2402,429557481685.5833,2845.5331551154377,0.0010772164713762646,0.13504464052885146,1.000186751801693
2403,429780532875.8977,2845.5795736296973,0.0010773780270812536,0.1350503606939087,1.0001866561632085
2404,430003611025.72107,2845.6260401449417,0.0010775396580111388,0.13505607981261758,1.0001865455417756
2405,430226715669.89905,2845.6725551520876,0.0010777013624216408,0.13506179772747978,1.0001864319426013
2406,430449846790.28424,2845.719119670526,0.001077863141258891,0.13506751439944106,1.0001863173526842
2407,430673004394.8588,2845.765734793583,0.0010780249958752802,0.13507322980784484,1.0001862021031602
2408,430896188494.9955,2845.8123989233586,0.0010781869212943402,0.13507894379101926,1.0001860889188183
2409,431119399175.65735,2845.859054285946,0.0010783488337551465,0.13508465658580596,1.0001860118838137
2410,431342639665.4714,2845.905713577653,0.0010785107634460943,0.13509036887811343,1.0001859135679354
2411,431565906796.5202,2845.9506678973144,0.0010786703641378315,0.1350960959850107,1.0001865989399965
2412,431789257500.2756,2845.995365834369,0.001078829770531722,0.1351018340987227,1.000186723496943
2413,432012642071.826,2846.0400027267838,0.0010789891378224343,0.1351075743955844,1.000186698782939
2414,432236058389.8753,2846.084575402256,0.001079148439026149,0.13511331548906297,1.0001866487746578
2415,432459506206.1837,2846.12907692858,0.0010793076588716394,0.13511905708351998,1.0001865974283983
2416,432682985697.2714,2846.1735080347194,0.001079466798151008,0.13512479916172804,1.000186545474231
2417,432906496957.0741,2846.217869448033,0.0010796258577261354,0.13513054171094876,1.0001864930381321
2418,433130040080.5361,2846.262161889985,0.0010797848384705387,0.13513628471970007,1.0001864401468568
2419,433353615162.8834,2846.3064068083977,0.0010799437756125073,0.13514202835784575,1.0001863754132585
2420,433577221673.72217,2846.3505826621918,0.001080102631335808,0.13514777230657862,1.0001863206234949
2421,433800860363.5174,2846.394675554717,0.0010802613866889934,0.135153516702454,1.0001862761004494
2422,434024532155.29175,2846.4384769277817,0.0010804197498968972,0.135159263104176,1.0001863311033512
2423,434248244786.6694,2846.4821395093454,0.0010805779588965781,0.1351650118986403,1.000186316949971
2424,434471991037.3984,2846.525748746244,0.0010807361224195126,0.1351707617747677,1.0001862610817358
2425,434695769724.5459,2846.569312799429,0.0010808942390719283,0.13517651187187416,1.000186191433855
2426,434919579672.92816,2846.6128576652022,0.0010810523396592477,0.13518226164847238,1.0001861203328153
2427,435143421963.3043,2846.6563207572785,0.0010812103390443126,0.13518801172721953,1.000186069075804
2428,435367297650.93164,2846.6997086415963,0.0010813682501118033,0.1351937622927486,1.0001860181118924
2429,435591206712.1384,2846.7430446352178,0.0010815261091404109,0.13519951340039685,1.000185956488804
2430,435815148657.4155,2846.7863069842224,0.0010816838804957013,0.135205264891126,1.0001859032664975
2431,436039124194.3208,2846.8294965655623,0.0010818415668177514,0.1352110168491402,1.000185851165569
2432,436263133449.851,2846.8727124569505,0.0010819993104951484,0.13521676876230215,1.0001857507289051
2433,436487172440.4125,2846.9158387637176,0.001082156934664327,0.13522252058893167,1.0001857048809917
2434,436711246883.35065,2846.9588409575804,0.0010823144016999932,0.1352282732619013,1.0001856761095067
2435,436935357084.9383,2847.00172986453,0.0010824717314733808,0.13523402699824819,1.0001856455239124
2436,437159502998.3729,2847.044543005917,0.0010826289782856536,0.1352397816286838,1.000185591285303
2437,437383682352.41425,2847.087311997394,0.0010827861806581634,0.13524553655772037,1.000185530488471
2438,437607895975.8972,2847.1300038658846,0.0010829432917421533,0.135251291994017,1.0001854780193533
2439,437832144285.56354,2847.172572390819,0.0010831002379643987,0.13525704773777117,1.0001854532117522
2440,438056429452.89276,2847.2150089185234,0.0010832570207844683,0.13526280470670812,1.0001854325927826
2441,438280751923.3264,2847.2572793518484,0.001083413593197804,0.13526856321068728,1.0001854262346563
2442,438505112882.7531,2847.299382642639,0.0010835699561683979,0.13527432341505136,1.000185422600476
2443,438729512571.17645,2847.341318339218,0.001083726109299667,0.1352800853435246,1.0001854196299702
2444,438953951196.1042,2847.3830777548947,0.0010838820380480354,0.13528584891948267,1.0001854229386322
2445,439178429500.04266,2847.42448288926,0.0010840374842856645,0.13529161495611228,1.0001854998556599
2446,439402952894.15295,2847.4658844598475,0.0010841929678631612,0.13529738257320384,1.00018543601309
2447,439627509578.18,2847.507296461184,0.001084348482319051,0.13530315003725496,1.0001853439438542
2448,439852099088.9134,2847.548718143704,0.0010845040222799028,0.13530891708386233,1.0001852472250317
2449,440076721415.8048,2847.590149229194,0.0010846595866505857,0.13531468367083496,1.0001851497559873
2450,440301376613.59595,2847.6315896929186,0.0010848151752840419,0.1353204497910534,1.0001850521440236
2451,440526064748.2604,2847.673010413481,0.0010849707400475252,0.13532621521026775,1.000184970146083
2452,440750787048.57135,2847.714435121471,0.0010851263227572678,0.1353319802813894,1.0001848780430695
2453,440975542689.74097,2847.7558639858685,0.001085281921904951,0.13533774489417816,1.0001847840921654
2454,441200331707.4332,2847.797327212385,0.0010854375798889523,0.13534350882076687,1.0001846717123977
2455,441425152083.12555,2847.838995773938,0.001085593527389257,0.13534927018866824,1.0001844951762109
2456,441649999469.766,2847.8806472695205,0.001085749446782473,0.13535503033344265,1.0001843949560953
2457,441874880733.3567,2847.9222933851447,0.0010859053708235668,0.13536079018662528,1.000184301486975
2458,442099795664.8343,2847.963924436835,0.0010860612839264287,0.1353665496976625,1.0001842174014226
2459,442324745234.1184,2848.0049400154394,0.001086216324557637,0.13537231225949375,1.0001844338288013
2460,442549760045.70074,2848.045682913326,0.00108637105081662,0.13537808007904845,1.0001844801044715
2461,442774814564.9319,2848.0863424859854,0.0010865256896666483,0.13538384930269012,1.0001844489971075
2462,442999907389.4478,2848.126998201227,0.0010866803446702132,0.13538961882916117,1.0001843665855097
2463,443225034609.3713,2848.1668320763665,0.0010868338552147963,0.1353953941352451,1.000184752793823
2464,443450253422.50824,2848.204459502745,0.0010869844723230806,0.13540119796377953,1.0001855328681548
2465,443675570156.88,2848.2420712104395,0.0010871352260682806,0.13540701079234047,1.0001856041399912
2466,443900927793.37744,2848.2796377364216,0.0010872859457261594,0.13541282478911354,1.0001855609555321
2467,444126324112.3703,2848.317155702712,0.0010874366086331161,0.1354186388653507,1.000185499176656
2468,444351758835.8998,2848.3546247942477,0.0010875872114082248,0.13542445284215196,1.0001854342438978
2469,444577231996.4309,2848.392045184137,0.0010877377537668403,0.13543026668703229,1.0001853686453983
2470,444802743676.58276,2848.429471095722,0.0010878883260630374,0.1354360808695988,1.000185270359733
2471,445028290913.7294,2848.4668716670285,0.0010880388699197495,0.13544189469092935,1.0001851908074355
2472,445253876385.88556,2848.5042285387585,0.0010881893592276227,0.13544770827301503,1.0001851199653706
2473,445479500368.9533,2848.5415421537596,0.0010883397959178674,0.13545352169546754,1.0001850504211702
2474,445705162985.5173,2848.5788127148826,0.001088490180424312,0.1354593349674997,1.0001849809873873
2475,445930864333.744,2848.6160405879154,0.0010886405130385436,0.1354651480739643,1.0001849124598516
2476,446156604714.3251,2848.6532078194273,0.0010887907705666865,0.13547096128101493,1.0001848484854923
2477,446382384498.63055,2848.690325204128,0.0010889409710791522,0.1354767746880501,1.0001847825130592
2478,446608203813.549,2848.727384704102,0.001089091100908126,0.13548258821112524,1.0001847191337174
2479,446834062896.2668,2848.764387722385,0.0010892411624154699,0.13548840186562697,1.0001846555996587
2480,447059961812.58856,2848.801335406425,0.001089391157135563,0.13549421563972158,1.0001845915112253
2481,447285900620.01996,2848.8381712973783,0.001089541004179802,0.13550002987617213,1.0001845612068991
2482,447511883939.37976,2848.8743796258445,0.0010896899929042786,0.13550584945835603,1.0001847328017057
2483,447737929877.8336,2848.910563284736,0.0010898390033402025,0.1355116717643256,1.0001846972118695
2484,447964016303.22815,2848.946698975496,0.0010899879587357734,0.13551749423937381,1.0001846353823296
2485,448190143143.59766,2848.9827871251973,0.0010901368556860815,0.13552331663279904,1.0001845687940492
2486,448416310348.2761,2849.0188290071455,0.0010902856952069125,0.1355291388882212,1.0001845007991947
2487,448642517939.6799,2849.054834791793,0.001090434491169515,0.13553496090164396,1.0001844278893515
2488,448868765482.8362,2849.090800509764,0.0010905832370492682,0.13554078264655986,1.000184356451549
2489,449095053377.48724,2849.1267824281413,0.0010907320282127159,0.1355466046962547,1.0001842473871079
2490,449321377346.95435,2849.162934887792,0.001090881072246784,0.13555242526141653,1.0001840636225996
2491,449547728839.6481,2849.1991513905427,0.0010910301858523294,0.13555824308295433,1.0001839515828062
2492,449774120371.14044,2849.2353123045996,0.001091179217991432,0.13556406016105016,1.0001838809696442
2493,450000552965.2403,2849.271419816677,0.0010913281782163281,0.1355698768830251,1.0001838165118213
2494,450227026842.359,2849.3074749409293,0.0010914770688735405,0.1355756933000154,1.0001837526436994
2495,450453542094.7822,2849.343540930952,0.0010916259967615918,0.1355815100265027,1.0001836435446003
2496,450680093158.5064,2849.3796336419023,0.0010917749750375446,0.13558732636999726,1.0001835445546612
2497,450906684154.2831,2849.415491943145,0.0010919236237123843,0.13559314358889077,1.0001835691382097
2498,451133329257.9216,2849.4511857136836,0.0010920720709923458,0.13559896299983548,1.000183547199834
2499,451360017419.6319,2849.4868272727344,0.0010922204569071472,0.13560478261028583,1.0001834898371686
2500,451586747736.2353,2849.5233329333346,0.001092370037937846,0.13561059319811514,1.0001830501962639
2501,451813478180.1357,2849.55978903268,0.0010925194851672674,0.13561639922094956,1.0001829149326673
2502,452040247576.11383,2849.59623632004,0.0010926689246558974,0.1356222046262779,1.0001828179553864
2503,452267056596.76135,2849.63265802746,0.0010928183340544535,0.13562800962378152,1.0001827344458387
2504,452493906033.12195,2849.6690554599086,0.0010929677174041144,0.13563381434093003,1.00018265271617
2505,452720795985.6627,2849.705429444933,0.0010931170760494651,0.1356396187832286,1.0001825709442618
2506,452947726511.0915,2849.7417756400164,0.0010932664034958928,0.13564542296200438,1.000182491925013
2507,453174698118.1145,2849.7781053209037,0.0010934157168212462,0.13565122686412895,1.000182405927449
2508,453401709737.9631,2849.814379974109,0.0010935649461311138,0.1356570298216208,1.0001823486243733
2509,453628765505.80444,2849.850625337578,0.0010937141419270612,0.13566283251825612,1.0001822675924257
2510,453855861005.4968,2849.886879510226,0.0010938633602912437,0.13566863480552807,1.0001821715098436
2511,454082995904.28143,2849.923142660155,0.0010940125990251345,0.13567443653083447,1.0001820728046666
2512,454310170174.7457,2849.9594153603543,0.0010941618584699984,0.13568023766054255,1.000181973419992
2513,454537383838.00745,2849.9957379462144,0.0010943111998088391,0.13568603814684252,1.000181849873424
2514,454764633388.9747,2850.032104431491,0.00109446060686561,0.1356918375553372,1.000181737077619
2515,454991921953.3461,2850.0684541622086,0.0010946099872309102,0.1356976359324771,1.0001816548747917
2516,455219252767.0019,2850.1047532954317,0.0010947592943511338,0.1357034336164993,1.000181582741118
2517,455446625398.83093,2850.141163454778,0.0010949087743135529,0.13570923046865135,1.0001814260132078
2518,455674028005.72894,2850.1780826413737,0.0010950589746450742,0.13571502251106196,1.0001811248572217
2519,455901449186.2725,2850.2150075690574,0.0010952091492467649,0.135720811428532,1.0001809918653342
2520,456128908699.19934,2850.2519451455255,0.001095359340933886,0.13572659921642077,1.0001808870961946
2521,456356407747.16003,2850.288892119403,0.0010955095500292862,0.13573238620418784,1.0001807876186743
2522,456583946515.451,2850.325845606318,0.001095659772373795,0.1357381724087348,1.000180691203018
2523,456811525420.001,2850.362787305604,0.0010958099806919696,0.13574395788367666,1.0001806036151724
2524,457039145553.14746,2850.399711227249,0.0010959601692959462,0.1357497428478475,1.000180518239317
2525,457266806962.6076,2850.436632916453,0.001096110360705873,0.13575552721581063,1.0001804273741302
2526,457494509133.78357,2850.473552067681,0.0010962605531903554,0.1357613109096329,1.0001803357899803
2527,457722252109.2957,2850.5104690242542,0.001096410747076629,0.13576709391707473,1.0001802439350387
2528,457950035938.20776,2850.547384199305,0.0010965609428530765,0.13577287622921133,1.0001801518761089
2529,458177860672.07874,2850.5842975344854,0.0010967111403291506,0.13577865783998894,1.0001800598407509
2530,458405726391.1608,2850.6212111912973,0.0010968613429982945,0.1357844387599089,1.000179966536603
2531,458633632989.8633,2850.6581269487597,0.001097011553377318,0.1357902189753604,1.0001798723673945
2532,458861580476.26184,2850.695044843979,0.0010971617713493914,0.13579599847562648,1.000179778029026
2533,459089568911.10315,2850.73196284839,0.0010973119940805194,0.13580177727866322,1.0001796846122204
2534,459317598504.0503,2850.768882566938,0.001097462223999137,0.13580755538192743,1.0001795904097301
2535,459545669169.7717,2850.807075134451,0.0010976142498635758,0.1358133223370622,1.0001788790881212
2536,459773687576.8272,2850.8458101112237,0.0010977668855869007,0.135819074327309,1.0001785598870456
2537,460001740470.42615,2850.8845254474613,0.0010979194593564855,0.13582482333767296,1.0001784376624523
2538,460229833603.3417,2850.9232441793133,0.0010980720387438264,0.1358305713538204,1.0001783385279013
2539,460457967130.6372,2850.9619659441933,0.0010982246267290492,0.13583631859468911,1.0001782432939732
2540,460686141249.77435,2851.000684020027,0.0010983772140959783,0.13584206513098238,1.0001781527355207
2541,460914356750.6346,2851.039399222805,0.001098529803561799,0.13584781105320118,1.0001780595810468
2542,461142612875.499,2851.078130739615,0.0010986824215244765,0.13585355616509143,1.0001779598142657
2543,461370909104.1959,2851.116877095094,0.0010988350645663922,0.13585930039555125,1.0001778596529818
2544,461599245559.42395,2851.155621926449,0.0010989877063445077,0.13586504367532137,1.0001777671057457
2545,461827623257.1345,2851.1943786034694,0.0010991403701029793,0.13587078616707152,1.0001776694438806
2546,462056041509.36884,2851.233146090363,0.0010992930533054142,0.1358765278124925,1.0001775713078447
2547,462284500396.9203,2851.2719236007115,0.0010994457547841953,0.13588226861416272,1.0001774734107214
2548,462513000022.4315,2851.310710358056,0.001099598473500483,0.13588800858170536,1.0001773758663868
2549,462741540493.0594,2851.349577216525,0.0010997513119132523,0.1358937472915222,1.0001772456525924
2550,462970116927.5872,2851.3884673308694,0.001099904180340921,0.1358994846192692,1.0001771399975712
2551,463198734180.7926,2851.427782531572,0.0011000576793001942,0.1359052193552525,1.0001767918753324
2552,463427347319.22473,2851.467558886756,0.0011002117800033278,0.13591094626849523,1.000176538095271
2553,463655994466.2889,2851.5073182176934,0.001100365834487339,0.1359166709111813,1.0001764257216976
2554,463884682864.08264,2851.5470649616045,0.0011005198730289257,0.13592239473119425,1.0001763351349056
2555,464113413263.79156,2851.5867989321664,0.001100673898877711,0.13592811794756438,1.0001762482120014
2556,464342185890.4894,2851.6265193909044,0.0011008279115895196,0.13593384060382477,1.0001761621824812
2557,464571000887.2261,2851.666327639817,0.0011009820513208605,0.13593956169501045,1.0001760306247545
2558,464799851054.3893,2851.7061062929142,0.001101136141511892,0.13594528151131918,1.0001759503033165
2559,465028746148.154,2851.745858158549,0.0011012902017642362,0.1359510009962231,1.000175870990377
2560,465257684670.0843,2851.785581714662,0.0011014442293184492,0.13595672012552,1.0001757922677539
2561,465486666763.27783,2851.825252557125,0.0011015981895286637,0.13596243908916467,1.0001757268149813
2562,465715694937.7513,2851.8649334357056,0.0011017521747966128,0.1359681576072744,1.000175628342364
2563,465944762775.0679,2851.9046614887084,0.0011019062281692016,0.1359738747941216,1.0001755158550525
2564,466173869856.69147,2851.944439107984,0.0011020603508647983,0.13597959049539385,1.0001753997586125
2565,466403015892.1088,2851.9842683955567,0.0011022145450039665,0.1359853046400161,1.000175283003625
2566,466632200996.8158,2852.0241452590453,0.001102368805034236,0.1359910172742841,1.000175167369472
2567,466861425358.4619,2852.0640696253927,0.0011025231310844465,0.1359967284117558,1.0001750519932833
2568,467090689000.43115,2852.1040413158444,0.0011026775229444317,0.1360024380551612,1.0001749367506174
2569,467319991974.22003,2852.144060109537,0.0011028319803357098,0.1360081462070409,1.000174821636602
2570,467549334333.09033,2852.1841257185247,0.0011029865028859694,0.13601385287055745,1.0001747066774924
2571,467778716134.3097,2852.224237788612,0.001103141090135823,0.136019558049836,1.0001745919039626
2572,468008137439.6515,2852.2643952180447,0.0011032957404233498,0.1360252617461892,1.0001744777997514
2573,468237598399.0182,2852.3045971249408,0.0011034504526257225,0.1360309639732389,1.0001743639319467
2574,468467099035.44293,2852.3448467234457,0.0011036052315622114,0.136036664720169,1.0001742484714113
2575,468696639100.3599,2852.3851465825787,0.0011037600804400885,0.1360423639382079,1.000174132562312
2576,468926218720.0612,2852.425489968436,0.001103914989771551,0.136048061683616,1.0001740188857267
2577,469155838210.9196,2852.465876221667,0.0011040699590904076,0.13605375798934422,1.000173905866035
2578,469385497672.02057,2852.509431237513,0.0011042293633492868,0.1360594241891738,1.000172517673001
2579,469614996483.91785,2852.5531650572443,0.0011043887375068876,0.13606507035870724,1.0001721652897086
2580,469844525277.3702,2852.596951549757,0.0011045481470392266,0.1360707125635321,1.0001720102370506
2581,470074090551.2601,2852.6407956176513,0.0011047076308926091,0.13607635273378021,1.0001718853885395
2582,470303693394.8527,2852.6846966947774,0.0011048671932372294,0.13608199117868428,1.0001717657089138
2583,470533334085.5211,2852.7286532829103,0.0011050268328634183,0.13608762796503146,1.0001716474913724
2584,470763012785.4409,2852.7726636999655,0.0011051865477017162,0.1360932631242593,1.0001715302050693
2585,470992729642.9142,2852.816726193483,0.0011053463354978143,0.1360988966832094,1.0001714137906315
2586,471222484809.3052,2852.860839237527,0.0011055061943188278,0.13610452866697034,1.0001712982077586
2587,471452278443.27954,2852.90499968766,0.001105666120332351,0.13611015913821237,1.0001711837785112
2588,471682110726.01495,2852.949206804717,0.0011058261123669763,0.1361157880939914,1.0001710700401407
2589,471911981788.41766,2852.993458624956,0.0011059861678234279,0.13612141556038532,1.0001709572125919
2590,472141891798.86115,2853.0377531513077,0.0011061462841028913,0.13612704156676642,1.0001708453456117
2591,472371840931.0398,2853.0820883433234,0.0011063064585537684,0.13613266614348504,1.0001707344633743
2592,472601829362.9753,2853.1264613720587,0.0011064666874949112,0.136138289332889,1.000170624959365
2593,472831857365.08673,2853.1708758116815,0.0011066269780833297,0.1361439112330647,1.0001705134632053
2594,473061924656.4799,2853.2153332533276,0.0011067873304963093,0.13614953170183433,1.00017040007657
2595,473292030690.0777,2853.259834694963,0.0011069477450314682,0.1361551506610117,1.0001702894749098
2596,473522176557.70526,2853.3043612397328,0.0011071081965785196,0.1361607683687395,1.000170184971973
2597,473752362947.06854,2853.34891071905,0.0011072686832782918,0.13616638491703964,1.0001700823484214
2598,473982590100.02094,2853.393483846986,0.0011074292072635352,0.1361720003682936,1.000169978921798
2599,474212857825.4835,2853.438104365581,0.0011075898065250425,0.13617761479121018,1.0001698653060305
2600,474443164734.29987,2853.4827410110047,0.0011077504292243045,0.13618322798197569,1.000169764390357
2601,474673513092.10425,2853.5273881071125,0.0011079110702841891,0.13618884017003166,1.0001696672175282
2602,474903903216.4567,2853.5720396460015,0.0011080717202771309,0.13619445134931407,1.0001695741583403
2603,475134335792.7311,2853.6166971962984,0.0011082323835841354,0.1362000616393451,1.00016947992253
2604,475364810561.27814,2853.661363854582,0.0011083930648385183,0.13620567102916367,1.0001693838092107
2605,475595327249.3033,2853.7060802443375,0.0011085538204357853,0.1362112791053262,1.000169272391805
2606,475825883535.1283,2853.750805158928,0.0011087145893357085,0.1362168860503918,1.0001691742313408
2607,476056481938.836,2853.7955378208785,0.001108875373458708,0.13622249205648085,1.0001690786603619
2608,476287122702.0131,2853.8405069384694,0.0011090365024372213,0.13622809553385948,1.0001688538548257
2609,476517777181.4819,2853.8857457576505,0.0011091979777665105,0.1362336933922003,1.0001686741949984
2610,476748468996.0811,2853.9308820755114,0.001109359297497397,0.13623929033722482,1.000168609153213
2611,476979209955.4873,2853.976012270226,0.0011095206217437098,0.13624488700168366,1.0001685235308533
2612,477209994217.1819,2854.0211417107244,0.0011096819523387993,0.13625048298572015,1.000168433134303
2613,477440821609.78503,2854.0662723101145,0.0011098432911231674,0.1362560782197871,1.0001683411128375
2614,477671691994.12,2854.111400860373,0.0011100046327655226,0.13626167268306347,1.000168250868831
2615,477902605883.60406,2854.156538643967,0.0011101659957190918,0.13626726643095857,1.0001681513322913
2616,478133560907.2334,2854.201697492878,0.0011103273946859063,0.13627285923563148,1.0001680540344526
2617,478364559222.4636,2854.2468113757322,0.00111048872959711,0.13627845126175187,1.0001679822681164
2618,478595604689.32074,2854.2918738352273,0.0011106499958688481,0.13628404284653048,1.000167916183096
2619,478826697651.5511,2854.3368845192317,0.0011108111937989476,0.13628963404380967,1.0001678511530885
2620,479057838286.8915,2854.381922282205,0.0011109724474501527,0.1362952249350836,1.0001677383660317
2621,479289015925.6189,2854.4270534347747,0.0011111338453575154,0.1363008146168088,1.0001676051055117
2622,479520230773.2654,2854.472207219429,0.0011112952741445122,0.13630640289028514,1.0001675070315343
2623,479751490791.5047,2854.5173337801243,0.0011114566668519474,0.13631199041054606,1.0001674261834639
2624,479982796608.5858,2854.562432912285,0.001111618025833258,0.1363175773425757,1.0001673481751827
2625,480214148466.9451,2854.6075455313803,0.0011117794157191995,0.1363231637420162,1.0001672453595958
2626,480445540628.72455,2854.652696070581,0.0011119408657145177,0.13632874906505352,1.000167142056798
2627,480676976030.50366,2854.697614096093,0.0011121019850203694,0.13633433518689317,1.0001671461784274
2628,480908474074.6905,2854.7424949206747,0.001112263081300503,0.13633992231640377,1.0001670808432228
2629,481140018421.43134,2854.7873320296244,0.0011124241237565554,0.1363455091894188,1.0001670120129498
2630,481371610787.6065,2854.8321191279642,0.0011125851031170628,0.1363510958407262,1.0001669445960752
2631,481603251466.5842,2854.876862304218,0.0011127460286159175,0.13635668225629963,1.0001668745461485
2632,481834939982.928,2854.9215648242134,0.0011129069044626206,0.13636226838364993,1.000166803122214
2633,482066676319.87354,2854.9662174042514,0.0011130677159191641,0.1363678542083282,1.0001667352553025
2634,482298461213.854,2855.0108937903196,0.001113228581881993,0.13637343996958554,1.000166623543285
2635,482530284578.5911,2855.0554355701925,0.0011133892410553846,0.1363790247973419,1.000166606489771
2636,482762170826.5813,2855.0998597543094,0.0011135497458874624,0.1363846102834711,1.0001665682994214
2637,482994108713.6118,2855.14422802069,0.001113710182332921,0.13639019580249756,1.0001665085919509
2638,483226096424.07776,2855.188540788298,0.0011138705470740886,0.13639578111321665,1.000166445181933
2639,483458133833.5279,2855.2327994105776,0.0011140308414897548,0.1364013661727332,1.0001663805866972
2640,483690220904.2755,2855.2770966612934,0.0011141912131646618,0.13640695115291138,1.0001662630234698
2641,483922345695.61017,2855.321412787501,0.001114351614816751,0.1364125350456452,1.000166169108509
2642,484154518080.79736,2855.3658187473015,0.0011145121543816008,0.13641811767602868,1.0001660242318295
2643,484386722455.8244,2855.4100930527466,0.001114672505296765,0.13642370022139513,1.0001659938104166
2644,484618989391.3899,2855.454136740564,0.0011148325559521618,0.13642928531392434,1.0001660043641858
2645,484851320960.42004,2855.498047070501,0.0011149924387881158,0.13643487177008215,1.0001659797447644
2646,485083708193.3838,2855.5418639794934,0.0011151522034126924,0.13644045881260788,1.000165932972908
2647,485316147795.41315,2855.5856231267885,0.0011153119009510678,0.13644604616419967,1.00016587073603
2648,485548638108.8834,2855.6293373795656,0.0011154715486286126,0.13645163365066895,1.000165800101858
2649,485781177903.3846,2855.672996145238,0.0011156311279261132,0.1364572211532707,1.000165733179028
2650,486013768270.73236,2855.7166001913306,0.0011157906409145853,0.13646280872722774,1.0001656662965557
2651,486246409192.654,2855.760149041327,0.0011159500867825467,0.1364683963703518,1.0001655996284846
2652,486479100822.23596,2855.8036429767117,0.0011161094659696788,0.13647398408452502,1.000165532856877
2653,486711843239.197,2855.847082234861,0.00111626877877529,0.13647957186724896,1.0001654659501797
2654,486944636525.07104,2855.8904647074073,0.001116428021890615,0.1364851597196776,1.0001653999868376
2655,487177480994.3018,2855.9337928617456,0.0011165871993102034,0.13649074765207264,1.0001653328948203
2656,487410376463.8806,2855.977067587321,0.0011167463120545363,0.13649633564364627,1.0001652653514723
2657,487643322998.7972,2856.02029198987,0.0011169053645550436,0.13650192367015598,1.0001651961345381
2658,487876320306.7235,2856.063473687223,0.0011170643674227245,0.13650751165347816,1.000165123978653
2659,488109368007.16846,2856.1066077158653,0.0011172233124261198,0.13651309956667268,1.0001650535512308
2660,488342466643.2501,2856.149693147925,0.0011173821986135873,0.1365186874419728,1.000164983606239
2661,488575616341.16693,2856.1923313391826,0.0011175404560282687,0.13652427857660668,1.000165066775424
2662,488808848335.64496,2856.2349461841695,0.0011176987282698076,0.13652987176959538,1.0001650124051968
2663,489042131598.29724,2856.277513397507,0.0011178569451003359,0.13653546505340874,1.0001649446502177
2664,489275466524.0834,2856.319849744451,0.0011180148408152552,0.13654105972304942,1.0001649743352419
2665,489508879380.31256,2856.361970024498,0.0011181724723241548,0.1365466578462012,1.000164954880283
2666,489742346343.51416,2856.4040477254553,0.0011183300617722098,0.13655225640454202,1.0001648900678464
2667,489975865169.094,2856.446076889418,0.0011184875928356432,0.1365578549725534,1.0001648207454827
2668,490209436104.6958,2856.488358003014,0.0011186455148021537,0.13656345224483943,1.0001645885543118
2669,490443016939.20514,2856.530831007938,0.0011188036826523327,0.1365690451042272,1.0001644368268265
2670,490676644651.2288,2856.57342855426,0.0011189620296710638,0.13657463591363198,1.000164265056157
2671,490910300625.9453,2856.616078140078,0.0011191204324418405,0.1365802240709374,1.0001641654015119
2672,491144010044.54285,2856.658642286209,0.0011192787194687606,0.1365858122577454,1.0001641050234715
2673,491377774333.37463,2856.7011196773287,0.001119436895007965,0.13659140086250265,1.0001640513736496
2674,491611594164.7543,2856.7435097235098,0.0011195949594019386,0.136596989965447,1.0001639988818574
2675,491845469738.5939,2856.785814923128,0.0011197529166617896,0.13660257957523952,1.0001639454684128
2676,492079400956.5324,2856.82803382278,0.0011199107643679374,0.13660816968613715,1.0001638925044116
2677,492313388076.482,2856.8701624102578,0.0011200684964645911,0.13661376031543637,1.0001638418660315
2678,492547431848.5392,2856.912198750422,0.0011202261108636765,0.13661935152391055,1.0001637909196155
2679,492781531995.4113,2856.9541522125855,0.0011203836220396509,0.1366249433010573,1.0001637361098827
2680,493015687955.38025,2856.9960220884905,0.0011205410278956403,0.13663053558951493,1.0001636819417064
2681,493249900214.0405,2857.03780607396,0.0011206983246976527,0.13663612838482617,1.000163628415045
2682,493484168899.789,2857.0791037432637,0.0011208549361053132,0.13664172486072426,1.0001637308020024
2683,493718528521.75665,2857.120464640151,0.0011210116903965625,0.136647322949598,1.000163623977072
2684,493952924960.809,2857.161934915544,0.0011211685922089961,0.13665291851660158,1.0001635051156752
2685,494187368877.41626,2857.2033896512885,0.0011213254713363788,0.13665851313628505,1.0001634145549714
2686,494421863184.02106,2857.2448309628244,0.0011214823362248813,0.1366641071216617,1.0001633276098123
2687,494656408068.01,2857.286285368417,0.0011216392275345912,0.1366697004136514,1.0001632303213033
2688,494891001194.98175,2857.32767992895,0.0011217960358334198,0.1366752933233417,1.0001631648917761
2689,495125651043.91693,2857.3690374042467,0.0011219528037013072,0.13668088626913164,1.0001630859206747
2690,495360351823.0192,2857.4103856143497,0.0011221095655607827,0.1366864786872089,1.0001629989763823
2691,495595103217.6734,2857.4517229002095,0.0011222663177219328,0.13669207051198845,1.0001629116870498
2692,495829905464.69916,2857.4930495359945,0.0011224230606304948,0.13669766174486292,1.0001628238568485
2693,496064758442.64813,2857.534368282953,0.0011225797980592596,0.1367032523518273,1.0001627349108648
2694,496299661974.69885,2857.575570283852,0.0011227363718246805,0.1367088431183805,1.0001626950333566
2695,496534628905.8818,2857.6166790168036,0.0011228928304480282,0.13671443475587425,1.00016264156964
2696,496769652415.8884,2857.657722319163,0.0011230492082366695,0.1367200266919333,1.00016257998051
2697,497004732193.22205,2857.698700468914,0.001123205504135796,0.13672561883792922,1.000162517105966
2698,497239868248.803,2857.7396161502043,0.0011233617217183006,0.1367312111566369,1.0001624526631725
2699,497475060240.7256,2857.780553299458,0.0011235179963105474,0.13673680385280143,1.000162337471898
2700,497710293767.61273,2857.8215697079913,0.0011236744005651352,0.13674239581563183,1.0001622168248678
2701,497945574467.7118,2857.8625577178973,0.0011238307623856474,0.1367479868748592,1.0001621345724976
2702,498180909676.1112,2857.9035531365125,0.0011239871434411911,0.13675357735643406,1.0001620343352662
2703,498416291970.63055,2857.9445565379515,0.0011241435366524458,0.13675916677460825,1.0001619427796369
2704,498651726460.2999,2857.9855392495447,0.0011242999051882746,0.13676475563335155,1.000161858463836
2705,498887213567.679,2858.0264988339177,0.0011244562467317238,0.13677034402585608,1.0001617755701189
2706,499122753432.01544,2858.0674469212404,0.0011246125782698924,0.1367759318728425,1.0001616892905683
2707,499358345496.033,2858.1083658463735,0.0011247688741085591,0.136781519303293,1.0001616088208538
2708,499593991184.01,2858.1492662600126,0.0011249251506087166,0.1367871062935539,1.000161525159318
2709,499829689642.4849,2858.1901488770404,0.0011250814078750267,0.13679269278226605,1.000161440769417
2710,500065440895.54974,2858.2310141888083,0.001125237646535943,0.1367982787612967,1.0001613560166605
2711,500301244957.8434,2858.2718631925936,0.0011253938679789699,0.13680386422019836,1.0001612708427192
2712,500537101761.8878,2858.31269470373,0.0011255500701750475,0.1368094491497122,1.0001611864039759
2713,500773011634.99023,2858.353507429743,0.0011257062514681325,0.1368150335736273,1.0001611022725194
2714,501008974676.3693,2858.394301817184,0.0011258624125519742,0.13682061749208335,1.0001610180497293
2715,501244990951.76904,2858.435078147785,0.001126018553757443,0.13682620089893033,1.000160933712501
2716,501481060501.10986,2858.4758369134956,0.0011261746757845188,0.13683178379030503,1.0001608491684102
2717,501717183332.0628,2858.51657860864,0.001126330779313791,0.13683736616091716,1.0001607644117334
2718,501953359484.06476,2858.557303610816,0.0011264868648214652,0.13684294800421645,1.0001606794496014
2719,502189588997.85516,2858.597998267237,0.0011266429116825061,0.13684852937544026,1.0001605997656262
2720,502425873213.1058,2858.63767934525,0.0011267975184050174,0.1368541193096836,1.0001608923222332
2721,502662304388.39,2858.6773124996885,0.0011269521589586504,0.13685971487968865,1.0001608739009002
2722,502898794895.9289,2858.716893725442,0.0011271067438376376,0.13686531103457283,1.0001608123524035
2723,503135343775.55066,2858.7564273713456,0.001127261272465009,0.13687090732447282,1.0001607411335072
2724,503371949485.8252,2858.7959188949953,0.0011274157501326065,0.13687650354957812,1.000160667361666
2725,503608611920.52094,2858.8353690087483,0.0011275701773928917,0.13688209967663487,1.0001605928788375
2726,503845331074.23584,2858.874778637488,0.0011277245554906605,0.136887695694035,1.0001605179072124
2727,504082106952.85815,2858.9141204261455,0.0011278788427026875,0.13689329169082243,1.0001604548727854
2728,504318942912.5452,2858.953411083165,0.0011280330677157669,0.1368988878099023,1.0001603848608969
2729,504555836582.83563,2858.992655267119,0.0011281872352991473,0.1369044838961811,1.0001603129534524
2730,504792787953.1174,2859.0318533635686,0.0011283413456690404,0.1369100799274201,1.0001602405487096
2731,505029797023.04724,2859.071005066485,0.001128495397844273,0.13691567587497186,1.0001601683345263
2732,505266863927.5377,2859.110111707025,0.0011286493942425908,0.13692127175957455,1.0001600954345808
2733,505503988605.59436,2859.1491750907885,0.001128803337273059,0.13692686755592623,1.0001600217674147
2734,505741170982.79266,2859.1881959486996,0.0011289572278011023,0.13693246324797115,1.0001599477160754
2735,505978411082.9515,2859.227228271995,0.0011291111477803025,0.13693805863515887,1.0001598465236756
2736,506215700615.92706,2859.266238156292,0.0011292650366396969,0.13694365329211472,1.0001597672149385
2737,506453049059.0844,2859.305189818853,0.0011294188487050046,0.13694924787830948,1.0001596985187056
2738,506690456983.563,2859.344084577568,0.0011295725876424702,0.13695484249174475,1.0001596308659269
2739,506927924475.3648,2859.3829234166133,0.0011297262550284245,0.13696043713560788,1.000159562959689
2740,507165451547.11664,2859.4217069558476,0.001129879851570771,0.1369660317953034,1.0001594948308994
2741,507403038256.03326,2859.460435946848,0.0011300333782455869,0.1369716264598457,1.0001594263584679
2742,507640684617.8616,2859.4991112371463,0.0011301868361717545,0.13697722111767843,1.0001593575089731
2743,507878390643.9691,2859.537735213541,0.0011303402286723862,0.13698281574329807,1.0001592874724123
2744,508116156081.1036,2859.57643301969,0.0011304937461001203,0.1369884098814503,1.000159159751731
2745,508353963927.8305,2859.61513703071,0.0011306472671722958,0.13699400266137776,1.0001590671560157
2746,508591829166.46796,2859.6538024882866,0.0011308007371502457,0.13699959505584258,1.0001589890256084
2747,508829752587.6937,2859.692433924042,0.0011309541649679828,0.137005187173158,1.0001589107945428
2748,509067733718.36053,2859.7310409631127,0.0011311075646116377,0.13701077893929992,1.0001588294049266
2749,509305772062.76624,2859.7696190863057,0.0011312609311809594,0.1370163704914363,1.000158748865458
2750,509543868156.88495,2859.8081600165783,0.001131414249902718,0.13702196172915154,1.0001586720833928
2751,509782022783.2694,2859.846664515816,0.0011315675226895377,0.1370275526965567,1.000158595605708
2752,510020235997.6525,2859.8851331128108,0.0011317207503033465,0.13703314339038247,1.0001585189736253
2753,510258507839.7767,2859.9235754473566,0.001131873948814982,0.1370387338609371,1.000158436329976
2754,510496836507.4322,2859.961999360168,0.0011320271296710988,0.13704432405057237,1.0001583526232811
2755,510735222832.5857,2860.0003102998808,0.001132180145825589,0.13704991412171996,1.0001583168014996
2756,510973682351.8252,2860.0385508489517,0.0011323330790721205,0.1370555049471927,1.000158245730133
2757,511212197784.86084,2860.0767970262636,0.0011324860290887059,0.1370610952750361,1.0001581536775892
2758,511450768022.7371,2860.115048611504,0.0011326389920094818,0.1370666848923195,1.0001580586220646
2759,511689392914.4621,2860.1533084620196,0.001132791972367822,0.13707227379938053,1.0001579617168666
2760,511928072129.5206,2860.191577127909,0.0011329449705736645,0.13707786196812596,1.000157864445242
2761,512166805687.0123,2860.2298549835727,0.0011330979870710655,0.13708344938935274,1.00015776700493
2762,512405593599.05084,2860.2681413663563,0.0011332510208593776,0.13708903606587075,1.00015766986039
2763,512644436022.05524,2860.3064368276096,0.0011334040726175105,0.1370946219857232,1.0001575725916825
2764,512883332957.58594,2860.344730602926,0.0011335571227114782,0.13710020699330036,1.0001574803643085
2765,513122285587.04004,2860.383037867011,0.001133710199129842,0.1371057913265198,1.0001573819464173
2766,513361292402.6309,2860.4213584966137,0.001133863300178395,0.13711137489440436,1.0001572827145961
2767,513600353373.86005,2860.4593580108794,0.001134015922246163,0.1371169593170188,1.000157311243524
2768,513839504399.26447,2860.497373353145,0.0011341686055545029,0.13712254495816545,1.00015723046054
2769,514078711247.62537,2860.5353817836117,0.0011343212806914638,0.13712812980146435,1.0001571440001864
2770,514317975495.6581,2860.57339842731,0.0011344739744955418,0.13713371401924182,1.000157047966883
2771,514557294644.5305,2860.6114273579606,0.001134626691617008,0.13713929750175188,1.0001569494273455
2772,514796668537.80865,2860.649469944528,0.0011347794336418206,0.13714488021327215,1.00015684991161
2773,515036096986.2227,2860.6875094138645,0.001134932174807773,0.13715046220517152,1.0001567580909536
2774,515275582630.04596,2860.7255508264925,0.0011350849206312084,0.13715604332571646,1.0001566671163502
2775,515515125230.12054,2860.7635112356816,0.0011352375488703269,0.13716162414415867,1.0001566071618548
2776,515754734084.8663,2860.801459446189,0.0011353901744581662,0.13716720500791746,1.0001565125325755
2777,515994395097.1523,2860.839427699309,0.001135542831358414,0.13717278487688533,1.0001564203809474
2778,516234115283.32776,2860.8773673955375,0.0011356954515230285,0.1371783643015439,1.0001563383316936
2779,516473895225.0182,2860.9152740147047,0.001135848028138927,0.13718394330500097,1.0001562603789607
2780,516713735863.56964,2860.953149453538,0.0011360005652897753,0.1371895219531294,1.000156181657843
2781,516953636845.33673,2860.990995286958,0.0011361530652269608,0.13719510023192527,1.0001561023206724
2782,517193598153.48505,2861.028812266104,0.0011363055289043999,0.13720067812799525,1.0001560226144794
2783,517433619784.6987,2861.0666032533995,0.0011364579611513623,0.13720625565935585,1.0001559411293368
2784,517673701265.3199,2861.1019777794777,0.0011366069007775566,0.1372118531914933,1.0001568795176348
2785,517914184969.7912,2861.1364265296734,0.001136754827782418,0.13721747749791133,1.0001571280105812
2786,518154755829.5905,2861.1708559232006,0.0011369027859707084,0.13722310465139767,1.0001570811952936
2787,518395385674.20996,2861.205318306765,0.0011370507965994966,0.1372287309132322,1.0001569837871305
2788,518636071601.8638,2861.2398301022827,0.0011371988812456167,0.13723435600908918,1.0001568691318956
2789,518876809933.52435,2861.274381544724,0.001137347017799417,0.13723997954033712,1.0001567611403166
2790,519117603949.0691,2861.3089627893446,0.0011374951909837463,0.1372456015287675,1.0001566565791078
2791,519358453856.7934,2861.3435743096998,0.0011376434021024332,0.13725122200693418,1.0001565523418456
2792,519599359686.3949,2861.378216466159,0.001137791651755169,0.13725684097574503,1.0001564480347003
2793,519840321444.8462,2861.412920146126,0.0011379399951781037,0.13726245880254126,1.0001563291412958
2794,520081335231.8325,2861.447657015636,0.0011380883780669649,0.13726807492902177,1.0001562215330013
2795,520322404526.8933,2861.482427755141,0.0011382368043915164,0.13727368952854155,1.0001561153641652
2796,520563529442.9859,2861.5172857525554,0.0011383853523554768,0.13727930219313716,1.0001559816912318
2797,520804699232.37103,2861.552257677287,0.0011385340485845752,0.13728491196659587,1.0001558518398217
2798,521045920640.20795,2861.5872760439447,0.0011386828059412022,0.1372905200681746,1.0001557363626106
2799,521287195664.9247,2861.6223370567213,0.0011388316195764885,0.1372961265686208,1.0001556253781967
2800,521528525217.86957,2861.657441293463,0.0011389804913708459,0.13730173152473543,1.0001555148831953
2801,521769909334.66864,2861.692859961509,0.0011391298323886287,0.13730733368395298,1.000155276951152
2802,522011301482.37366,2861.7284694647874,0.0011392794107209145,0.1373129309215774,1.0001551191346436
2803,522252744877.3679,2861.7641136591674,0.0011394290230347436,0.13731852596479174,1.00015500854179
2804,522494244438.91656,2861.7997988780676,0.0011395786898577404,0.13732411944194903,1.000154897276527
2805,522735797604.49835,2861.8354977794115,0.001139728361441992,0.13732971097896135,1.0001548071328794
2806,522977412857.50745,2861.871217009256,0.0011398780578240608,0.13733530114498524,1.00015470354349
2807,523219082280.4894,2861.9069879867384,0.0011400278279091185,0.13734088986990522,1.0001545906726392
2808,523460805377.71936,2861.942809979325,0.0011401776690111657,0.13734647706080455,1.00015447682052
2809,523702582151.93964,2861.9786583423224,0.0011403275366186224,0.13735206240107903,1.0001543787962683
2810,523944418297.6821,2862.0124746968813,0.0011404744401936919,0.1373576633787849,1.0001551305699412
2811,524186614363.63794,2862.045669690088,0.001140620719221402,0.13736328552124735,1.0001552597613659
2812,524428878963.76807,2862.0789379467938,0.0011407671434591697,0.1373689085113607,1.0001551707085106
2813,524671198844.0846,2862.1122707813743,0.0011409136620193782,0.13737453011653158,1.0001550547782545
2814,524913572474.49786,2862.145666185279,0.0011410602673137104,0.13738015007090168,1.0001549359129436
2815,525155999791.4618,2862.1791091767504,0.0011412069328991508,0.1373857682193091,1.0001548258991102
2816,525398484275.05725,2862.212591644661,0.001141353640478383,0.13739138423798533,1.0001547139990645
2817,525641022192.7381,2862.246166601565,0.0011415004786544064,0.13739699836891578,1.0001545882345693
2818,525883612329.5577,2862.2798217020195,0.0011416474269056818,0.1374026105597654,1.000154461878108
2819,526126254011.42377,2862.3135495894194,0.0011417944740009863,0.13740822083879972,1.000154338311484
2820,526368948209.0686,2862.3473492844046,0.001141941619393334,0.13741382926512993,1.000154215431004
2821,526611695021.53735,2862.381225830025,0.0011420888715281102,0.1374194358606265,1.0001540894576035
2822,526854493065.2424,2862.4151779109666,0.0011422362259056488,0.13742504047873239,1.00015396718225
2823,527097344499.91394,2862.449191602052,0.0011423836623567377,0.1374306432413026,1.0001538483777812
2824,527340249613.94055,2862.4832690622306,0.001142531185028144,0.13743624418877978,1.000153729696216
2825,527583208491.92267,2862.5174096729274,0.0011426787931138726,0.13744184333035617,1.0001536112878024
2826,527826221223.51965,2862.5516128153477,0.0011428264858311759,0.13744744067666717,1.0001534931695433
2827,528069287903.1912,2862.5857276711563,0.0011429740432782809,0.13745303748713317,1.0001534423045058
2828,528312434833.1603,2862.6198243884623,0.0011431215916308832,0.13745863461422053,1.0001533489052383
2829,528555637620.8277,2862.65398284958,0.0011432692269371595,0.13746423016083237,1.000153234023084
2830,528798894486.88965,2862.6882135082283,0.0011434169640876608,0.13746982401636276,1.0001531123286107
2831,529042204246.7865,2862.7224750818664,0.0011435647388361974,0.13747541628202084,1.0001530114776094
2832,529285576104.2078,2862.7566835917705,0.0011437124349228998,0.13748100803554536,1.0001529299999479
2833,529529011697.44226,2862.790973663058,0.001143860255584411,0.13748659856200018,1.0001528103812216
2834,529772499981.45374,2862.8253182137746,0.0011440081489387474,0.13749218734249968,1.000152694451869
2835,530016043180.0335,2862.859689773809,0.0011441560615784812,0.13749777380518705,1.000152597975667
2836,530259648285.9981,2862.894129392204,0.001144304073004856,0.13750335878313802,1.000152476809677
2837,530503304590.7985,2862.92865846642,0.0011444522130088367,0.13750894200863664,1.0001523472667815
2838,530747011578.6331,2862.963277917759,0.0011446004814823795,0.13751452338406456,1.000152216153755
2839,530990768930.3476,2862.9979867416196,0.0011447488766080992,0.13752010289413838,1.0001520855675463
2840,531234576953.0592,2863.0327835713133,0.0011448973967294036,0.13752568056806688,1.000151955392551
2841,531478435709.408,2863.067668046367,0.0011450460414663864,0.1375312564151102,1.0001518254408701
2842,531722345248.31195,2863.102538947669,0.0011451946324574477,0.1375368294468529,1.0001517416350896
2843,531966320577.0545,2863.13748657409,0.0011453433413315364,0.13754240129401912,1.0001516222047475
2844,532210348249.9264,2863.1725144641864,0.0011454921643913962,0.13754797139229286,1.0001514970171972
2845,532454427916.2513,2863.2076221337943,0.0011456411000234082,0.13755353968900375,1.0001513712505121
2846,532698559561.42145,2863.2428092832074,0.001145790147802233,0.13755910618512715,1.0001512455410688
2847,532942743213.9868,2863.278075625867,0.0011459393074332242,0.13756467088823174,1.0001511199670108
2848,533186978909.92847,2863.3133471796505,0.0011460884662075894,0.13757023414063124,1.000151029657286
2849,533431281377.05426,2863.3486199366876,0.0011462376278346933,0.13757579655021185,1.0001509322436493
2850,533675642271.5012,2863.3839331431136,0.0011463868455540893,0.13758135754037562,1.0001508260396215
2851,533920060850.0442,2863.419285999234,0.0011465361166324046,0.13758691702290884,1.0001507189372563
2852,534164537128.68677,2863.4546780306446,0.0011466854403059034,0.1375924749965743,1.0001506118949
2853,534409071188.95435,2863.4901048717047,0.0011468348103248756,0.13759803150501854,1.0001505070027013
2854,534653664006.00116,2863.5255577745884,0.0011469842152018858,0.13760358669904788,1.000150404160159
2855,534898315872.59406,2863.5610865893013,0.0011471337390247716,0.13760914083050618,1.0001502799615032
2856,535143019328.9522,2863.5966610602013,0.001147283322703231,0.137614693261107,1.0001501692247345
2857,535387780529.82874,2863.632299547363,0.001147432997748527,0.13762024411468632,1.0001500480421828
2858,535632593352.55414,2863.66799759118,0.0011475827518667371,0.13762579308089098,1.000149936357874
2859,535877464452.13446,2863.7037244902867,0.0011477325431986953,0.1376313405994007,1.000149832517404
2860,536122394796.7683,2863.739349361763,0.0011478821839062691,0.13763688798916196,1.0001497757119566
2861,536367401207.28406,2863.774996815775,0.0011480318683988356,0.13764243492954872,1.0001496812473343
2862,536612468214.6467,2863.8106739456684,0.001148181597128745,0.13764798076508358,1.0001495784627579
2863,536857594384.7051,2863.846381745116,0.0011483313703490204,0.13765352541462988,1.00014947443424
2864,537102779728.28406,2863.8821192538157,0.0011484811864809605,0.1376590688751027,1.0001493705996851
2865,537348024390.5518,2863.918044997513,0.0011486312840057133,0.1376646101966186,1.0001492035410533
2866,537593303394.45294,2863.954032010623,0.001148781451504198,0.13767014891149035,1.0001490861727462
2867,537838641209.8491,2863.9900428883893,0.0011489316512647949,0.13767568635498026,1.0001489827471537
2868,538084038959.5188,2864.026075917307,0.0011490818829456772,0.1376812226708187,1.0001488821448166
2869,538329497270.4943,2864.062088911486,0.0011492320741011781,0.13768675757480137,1.0001487993209117
2870,538575022071.11597,2864.098122370375,0.0011493823003018437,0.13769229170043587,1.000148702114254
2871,538820607979.6089,2864.1341738579977,0.0011495325536897425,0.13769782481075987,1.0001486036342437
2872,539066255079.39685,2864.170242096151,0.0011496828322528233,0.13770335690777638,1.0001485054488455
2873,539311963567.5002,2864.206325853662,0.0011498331343289781,0.13770888800997863,1.0001484077491765
2874,539557733656.27594,2864.2424238910507,0.0011499834582779146,0.1377144181380141,1.0001483105627622
2875,539803565563.5668,2864.278534954278,0.001150133802443295,0.13771994731301854,1.0001482138978133
2876,540049459510.3062,2864.315665758323,0.001150285656295438,0.1377254678909044,1.000147671188973
2877,540295218942.5575,2864.3533286119373,0.0011504381242515684,0.13773097312995028,1.000147430099587
2878,540541034026.10077,2864.390958734906,0.001150590518660958,0.13773647617269982,1.0001473315528175
2879,540786914793.8572,2864.4285623173823,0.001150742874080351,0.13774197849367578,1.0001472497377013
2880,541032862469.31494,2864.466140242023,0.001150895194779615,0.13774748026455233,1.0001471698319495
2881,541278877249.22015,2864.5036998561272,0.00115104749223045,0.13775298146607884,1.0001470864555582
2882,541524957478.93445,2864.541254514443,0.0011511997849714595,0.1377584819236979,1.000146999756973
2883,541771102725.15234,2864.5788259494416,0.0011513521139050033,0.1377639819944551,1.000146895402672
2884,542017304693.32184,2864.6164150261548,0.001151504472848159,0.13776948122473162,1.0001468012775985
2885,542263571688.7877,2864.653985864954,0.0011516568051196004,0.1377749796748795,1.0001467172105807
2886,542509904989.4543,2864.691539093945,0.0011518091136106673,0.1377804774581832,1.000146634290596
2887,542756304740.9388,2864.7290748795167,0.001151961398740794,0.13778597458443886,1.0001465514772188
2888,543002771016.5112,2864.766593335059,0.0011521136606656727,0.13779147105275838,1.0001464686520851
2889,543249303882.00305,2864.8040945601033,0.0011522658994996971,0.13779696686111217,1.0001463858046467
2890,543495903403.28955,2864.8415920376297,0.0011524181389382985,0.13780246212981817,1.0001462947582465
2891,543742565855.0243,2864.8791124666973,0.0011525704218237423,0.13780795685173142,1.0001461964413942
2892,543989290402.9892,2864.916621450471,0.0011527226876638088,0.13781345071931594,1.0001461089685033
2893,544236080636.1721,2864.954119912791,0.0011528749408161716,0.13781894390471264,1.0001460227597876
2894,544482936712.91504,2864.9916079451104,0.0011530271816154924,0.13782443641960204,1.0001459367032661
2895,544729858712.6598,2865.029085581826,0.0011531794101132238,0.13782992826422097,1.0001458506730865
2896,544976846706.5967,2865.0665528421046,0.0011533316263159308,0.13783541943758792,1.0001457646582224
2897,545223900766.23175,2865.104009734789,0.0011534838302133025,0.13784090993870568,1.0001456786609237
2898,545471020964.45953,2865.1414767851,0.0011536360551159925,0.13784639978316593,1.0001455828387975
2899,545718202921.2816,2865.1789528794193,0.001153788293726337,0.13785188864193482,1.000145491293234
2900,545965450261.3277,2865.216411751588,0.0011539405089666375,0.13785737682767518,1.0001454062391946
2901,546212764281.5927,2865.2538587631047,0.0011540927106653968,0.13786286441218568,1.0001453207594349
2902,546460144884.6669,2865.291293859223,0.0011542448985965787,0.13786835138773654,1.0001452352512505
2903,546707592142.9667,2865.3287170114727,0.0011543970726995317,0.13787383775395068,1.0001451497647103
2904,546955106134.3273,2865.36612818292,0.0011545492329097355,0.13787932351103627,1.0001450643025527
2905,547202686943.08325,2865.4035243956364,0.001154701374045167,0.13788480863670252,1.0001449803728917
2906,547450335309.12463,2865.440907692178,0.0011548535001889204,0.137890293178744,1.0001448952240422
2907,547698050581.5051,2865.4782795503584,0.0011550056134076304,0.13789577711882614,1.0001448096224284
2908,547945832806.7925,2865.5156398686513,0.0011551577134602347,0.13790126045281842,1.0001447240128487
2909,548193682066.5348,2865.5529885522096,0.0011553098001963517,0.1379067431813657,1.0001446384507158
2910,548441598447.44617,2865.5903254951354,0.0011554618734596373,0.13791222530582467,1.0001445529471056
2911,548689582038.9918,2865.6276505793776,0.0011556139330783613,0.13791770682780824,1.000144467507652
2912,548937632932.0451,2865.6649619722034,0.0011557659758769457,0.13792318773475573,1.0001443831580867
2913,549185751721.4061,2865.7022610366344,0.0011559180037785857,0.1379286680107689,1.000144297479853
2914,549433937496.00696,2865.739552451826,0.001156070023642017,0.13793414761510484,1.0001442112357133
2915,549682190643.95306,2865.7768339733407,0.001156222032655018,0.13793962659645226,1.0001441245964797
2916,549930510733.6772,2865.8141156621614,0.0011563740456672104,0.13794510487239894,1.0001440350473751
2917,550178896879.7794,2865.851391898703,0.001156526053342249,0.13795058242725058,1.0001439469171498
2918,550427349777.936,2865.8886625883656,0.0011566780559909532,0.1379560592889643,1.0001438590463139
2919,550675869541.7908,2865.925927576932,0.0011568300534321105,0.13796153546189166,1.0001437712708143
2920,550924456258.9122,2865.9631842972003,0.001156982041333452,0.13796701093520974,1.0001436845907967
2921,551173110441.7661,2866.0031936247456,0.0011571380879577798,0.1379724624282023,1.0001425215657254
2922,551421337994.8644,2866.043986820475,0.0011572949037816653,0.13797788331505373,1.0001421607464316
2923,551669611213.384,2866.0847558458945,0.0011574516389657801,0.13798330072468537,1.0001420447230354
2924,551917948425.2177,2866.1254761478654,0.0011576083005043916,0.13798871743993596,1.0001419747557634
2925,552166361522.6368,2866.1659520125104,0.0011577646139630635,0.13799413595333163,1.0001419661879665
2926,552414870550.5769,2866.206389277188,0.00115792089823034,0.13799955545423356,1.0001419016871496
2927,552663451820.1691,2866.246719308565,0.0011580770354563713,0.13800497553085925,1.000141852841332
2928,552912114454.7324,2866.2870086188623,0.0011582331287492164,0.13801039592461015,1.0001417815181852
2929,553160847680.2406,2866.327273401104,0.0011583891935705193,0.13801581599840954,1.0001417033840814
2930,553409650257.3572,2866.36750666087,0.0011585452182022063,0.1380212357287093,1.0001416264487641
2931,553658522955.1512,2866.407709744452,0.001158701205034718,0.13802665512934792,1.0001415492652366
2932,553907465709.6674,2866.4478836535277,0.0011588571554134984,0.1380320741850501,1.0001414717190786
2933,554156478462.5581,2866.4880342352612,0.0011590130779177404,0.1380374928445918,1.0001413923678744
2934,554405560629.5933,2866.5281504840873,0.0011591689554629277,0.1380429111515273,1.000141316371868
2935,554654713722.3593,2866.568233275002,0.0011593247903682454,0.13804832916087795,1.0001412405489902
2936,554903937758.3481,2866.608283304103,0.0011594805835546894,0.1380537468615967,1.0001411645074356
2937,555153232713.1378,2866.6483015545964,0.0011596363363601282,0.13805916423976897,1.0001410881150596
2938,555402598532.2461,2866.688288987797,0.0011597920500592519,0.13806458127978768,1.0001410113620002
2939,555652035161.6741,2866.7282465525814,0.001159947725907896,0.1380699979660831,1.0001409342519385
2940,555901542547.095,2866.768175186171,0.0011601033651459077,0.13807541428321837,1.000140856789867
2941,556151120635.7489,2866.808075883436,0.001160258969118206,0.138080830216418,1.0001407789407826
2942,556400769354.2369,2866.8479511698038,0.0011604145416026599,0.13808624574817951,1.000140700096503
2943,556650488371.1913,2866.887800623581,0.0011605700813506693,0.1380916608457631,1.0001406214157225
2944,556900277961.6659,2866.9276247019475,0.001160725589144832,0.13809707551262218,1.0001405426051333
2945,557150138062.3926,2866.9674242902393,0.0011608810661823295,0.13810248973559922,1.0001404634905933
2946,557400068626.5774,2867.0072002603642,0.0011610365136211628,0.13810790350046395,1.0001403840568721
2947,557650069606.2908,2867.046953473662,0.0011611919326016773,0.1381133167929192,1.000140304306092
2948,557900140954.3651,2867.0866847819975,0.0011613473242515038,0.13811872959879015,1.000140224242395
2949,558150282623.8536,2867.126395740335,0.0011615026909031984,0.1381241419077681,1.0001401435622777
2950,558400494427.6992,2867.1660751043555,0.0011616580153684616,0.1381295537821357,1.0001400662773432
2951,558650777820.772,2867.20574586237,0.001161813333141912,0.13813496511807694,1.000139982092655
2952,558901129859.7372,2867.2454082387785,0.001161968642328415,0.13814037578169175,1.000139896871913
2953,559151550436.8309,2867.285062922656,0.001162123943665371,0.1381457857508136,1.0001398113260203
2954,559402039501.7975,2867.324741703379,0.001162279291008873,0.13815119516325702,1.000139707994685
2955,559652587350.7007,2867.3644862971737,0.0011624347458952225,0.13815660365511703,1.0001395979871306
2956,559903195974.1493,2867.4042203010335,0.0011625901811244755,0.13816201102884015,1.0001395101094666
2957,560153873108.8907,2867.443948481866,0.001162745610490602,0.1381674176452069,1.000139423673752
2958,560404618592.4974,2867.4836721102083,0.0011629010360660619,0.1381728235052344,1.0001393370732314
2959,560655432394.903,2867.523391901834,0.001163056458805483,0.13817822859694331,1.0001392502198256
2960,560906314492.8096,2867.5630643426553,0.0011632118144600768,0.13818363329815272,1.0001391815428564
2961,561157274568.1465,2867.6027147619066,0.0011633671478577198,0.1381890378317271,1.0001390991837673
2962,561408302837.4833,2867.642332595555,0.001163522435235459,0.13819444180538873,1.0001390280699196
2963,561659408605.8218,2867.6817168004036,0.0011636773855458811,0.13819984731518453,1.0001390138864426
2964,561910613095.7671,2867.7211224286098,0.0011638323924682433,0.13820525315974214,1.0001389286818754
2965,562161884017.9634,2867.7606295207324,0.0011639875544825614,0.1382106574698082,1.000138802089819
2966,562413203857.4894,2867.800167446738,0.0011641427506320688,0.13821605986991958,1.0001387032573859
2967,562664590601.27,2867.839708655401,0.0011642979513253298,0.13822146125875384,1.0001386127645886
2968,562916045026.5159,2867.8792533358965,0.001164453158350642,0.13822686172431164,1.000138523278502
2969,563167567304.7897,2867.9188013304533,0.0011646083716358967,0.13823226127758725,1.000138434000025
2970,563419157543.9192,2867.9583483793285,0.0011647635839396216,0.13823765989957323,1.0001383468840916
2971,563670816938.888,2867.997895418045,0.0011649187977200662,0.13824305764616376,1.0001382588031766
2972,563922544682.112,2868.0374454033613,0.0011650740172719023,0.13824845448728457,1.0001381698169853
2973,564174340569.5403,2868.076980250505,0.0011652292151488662,0.13825385053830105,1.000138088204052
2974,564426208685.2228,2868.1165107333,0.0011653844105192356,0.13825924589821226,1.0001380015221992
2975,564678145448.2634,2868.156043520863,0.0011655396108754303,0.1382646403686965,1.0001379131334849
2976,564930150804.1078,2868.195002189794,0.0011656939661379715,0.1382700391097944,1.0001380209438868
2977,565182319785.1311,2868.2339208123467,0.0011658483316247816,0.13827544136801356,1.0001379658339777
2978,565434562160.4154,2868.272721045311,0.001166002518249288,0.13828084348534012,1.0001379410962812
2979,565686909010.9316,2868.31145159151,0.0011661566394886367,0.1382862474979353,1.0001378609593339
2980,565939318290.4899,2868.3502420630543,0.0011663108543032703,0.13829165033373958,1.0001377537689393
2981,566191788037.7943,2868.3890759598057,0.0011664651302958683,0.13829705166150563,1.0001376506826807
2982,566444321833.0883,2868.4278891813083,0.001166619363922602,0.13830245152380238,1.00013756924329
2983,566696928711.7401,2868.4667122227115,0.0011667736133347238,0.13830785042751498,1.0001374811556916
2984,566949605450.8145,2868.5055591747027,0.0011669279016207031,0.13831324838196557,1.0001373836824394
2985,567202346872.7095,2868.5444260207787,0.0011670822149367056,0.13831864495350668,1.0001372886534114
2986,567455155046.9191,2868.5829858517754,0.0011672360134070312,0.13832403967995902,1.0001373065416306
2987,567708080287.8134,2868.6216754439365,0.0011673900538888313,0.13832943528996114,1.0001371919487267
2988,567961060069.0576,2868.6604558839085,0.0011675442314364166,0.1383348293145968,1.0001370681966302
2989,568214093973.7095,2868.699327928473,0.0011676985457879975,0.13834022166262175,1.0001369431198222
2990,568467181720.7144,2868.738316307513,0.0011678530369548727,0.13834561231597714,1.000136805129393
2991,568720315627.5076,2868.7774437201037,0.00116800773845408,0.13835100106672893,1.0001366608884907
2992,568973494807.3213,2868.816649895803,0.001168162555890128,0.1383563881338956,1.0001365479087723
2993,569226739176.5753,2868.8557473261585,0.0011683172174927433,0.13836177550918233,1.0001364842033833
2994,569480064143.0743,2868.89489852197,0.0011684719803457262,0.13836716274190317,1.0001363797561291
2995,569733450360.9585,2868.9341005665133,0.0011686268266526457,0.13837254905792726,1.0001362704423082
2996,569986897168.4595,2868.973358200704,0.0011687817634190264,0.13837793441306515,1.0001361581670634
2997,570240403082.7867,2869.01197651032,0.0011689356197450414,0.13838331653439348,1.0001363784898618
2998,570494159350.2521,2869.0502877033236,0.0011690890909622467,0.13838870455076985,1.0001363699666903
2999,570747981294.9623,2869.088684374564,0.0011692427187982605,0.1383940926563892,1.0001362595657686
3000,571001859947.0029,2869.127161936599,0.0011693964775689658,0.13839947977093542,1.0001361383441023
3001,571255794336.5531,2869.165715389533,0.0011695503570573196,0.13840486576968036,1.000136018395223
3002,571509785818.6356,2869.204311513923,0.0011697043011086278,0.138410250532903,1.0001359159473355
3003,571763844723.5519,2869.242961749065,0.0011698583371063693,0.138415634575708,1.0001357983292114
3004,572017957608.4453,2869.2818531930934,0.0011700127528606109,0.13842101686926223,1.0001356018352519
3005,572272080872.9342,2869.3210155224365,0.0011701675578236715,0.1384263951014039,1.0001354255870871
3006,572526244224.9741,2869.360284127975,0.0011703225207788405,0.13843177147221894,1.0001352870233922
3007,572780457355.5007,2869.39910770588,0.0011704767243479906,0.13843714492391135,1.000135381627039
3008,573034844018.4048,2869.4378132853676,0.0011706308003129624,0.13844252127419296,1.0001353399436514
3009,573289307370.2994,2869.4765751045106,0.001170784982952751,0.1384478975647765,1.0001352373246664
3010,573543832755.4556,2869.51536787833,0.001170939216285426,0.1384532729239814,1.000135139387877
3011,573798426564.3622,2869.554155500032,0.0011710934406101335,0.1384586473060845,1.0001350508208864
3012,574053091039.2861,2869.592960299108,0.0011712476909522226,0.13846402062690438,1.0001349581283014
3013,574307824463.3529,2869.631781728051,0.0011714019651983796,0.1384693928140084,1.0001348650756405
3014,574562626875.1316,2869.6707518907797,0.0011715564618187402,0.1384747628471453,1.0001347088872083
3015,574817457670.9718,2869.709966371367,0.0011717112893260518,0.13848012790913466,1.0001345560079389
3016,575072338540.2307,2869.7491963324223,0.001171866123098492,0.13848549089780796,1.0001344544513686
3017,575327286168.7611,2869.7884525534646,0.001172020993220609,0.13849085255019772,1.0001343573158132
3018,575582301046.8142,2869.827736273842,0.0011721759025853404,0.13849621291698763,1.000134260158445
3019,575837382939.7727,2869.867045437712,0.001172330847734124,0.1385015719916521,1.000134164097229
3020,576092532587.0889,2869.9063786637844,0.0011724858269016316,0.13850692980266333,1.000134068488879
3021,576347750115.5631,2869.945734242729,0.0011726408371065826,0.13851228633839624,1.0001339739268527
3022,576603036163.5765,2869.985116171171,0.0011727958852362887,0.13851764161930546,1.000133877384548
3023,576858389412.7108,2870.024512517153,0.0011729509527683445,0.1385229957028385,1.0001337868397655
3024,577113814141.0406,2870.0638863556737,0.0011731059870800059,0.13852834904622785,1.0001337059722717
3025,577369313766.6814,2870.1032602413998,0.001173261024282832,0.1385337016049982,1.0001336208234517
3026,577624886455.1023,2870.142630760229,0.0011734160572809823,0.13853905329000007,1.0001335350003788
3027,577880531539.9746,2870.182014039884,0.0011735711120788835,0.13854440407950036,1.0001334442424643
3028,578136246889.1588,2870.2214095339978,0.0011737261862788905,0.13854975388447374,1.0001333530149694
3029,578392032520.3019,2870.260787311753,0.001173881231230226,0.1385551027232179,1.0001332735562183
3030,578647895247.1882,2870.3001645546524,0.0011740362794972906,0.13856045085933677,1.0001331874281907
3031,578903830141.1711,2870.3395219673,0.0011741912998636415,0.13856579831402438,1.0001331069539015
3032,579159840801.1033,2870.378879059207,0.0011743463226262687,0.13857114499188478,1.0001330221794174
3033,579415925129.1649,2870.4182417786506,0.0011745013556310557,0.13857649078159498,1.0001329342920051
3034,579672081493.4208,2870.45761225787,0.0011746564012143422,0.13858183561506995,1.0001328448707012
3035,579928309106.1096,2870.497087487105,0.0011748116047466544,0.1385871787012385,1.0001327152467128
3036,580184582764.7107,2870.5361283987927,0.0011749661313634715,0.13859252285243617,1.0001328460764782
3037,580441083458.0499,2870.5742503088486,0.0011751193971387944,0.13859788045125596,1.000133008691086
3038,580697750328.6665,2870.6123256697188,0.001175272668607132,0.1386032419580073,1.0001329693177803
3039,580954505045.1681,2870.6503151987667,0.0011754258241952165,0.13860860399854427,1.0001329189917436
3040,581211352196.34,2870.6882184574843,0.0011755788641241356,0.13861396663094222,1.000132862480684
3041,581468286905.2556,2870.7260478859102,0.0011757318052617266,0.1386193296508655,1.0001328032816161
3042,581725309192.2817,2870.763802331412,0.001175884645416783,0.13862469304279548,1.0001327441343788
3043,581982419338.8828,2870.801479532218,0.0011760373810902917,0.1386300568213086,1.0001326859420452
3044,582239618081.08,2870.8390704470116,0.0011761899982878563,0.1386354210373216,1.0001326307787906
3045,582496907099.1572,2870.876577211183,0.001176342501519556,0.13864078575309016,1.0001325752064008
3046,582754286146.1132,2870.9139987598414,0.0011764948889591647,0.13864615096649785,1.0001325198932483
3047,583011755525.8108,2870.9513330644195,0.0011766471576670316,0.1386515167029557,1.000132465366042
3048,583269315857.904,2870.9885823697687,0.0011767993116704705,0.138656882985621,1.0001324094267292
3049,583526966157.2698,2871.0257497256175,0.001176951354993498,0.1386622497595999,1.0001323534168955
3050,583784707100.4608,2871.0628263359686,0.0011771032739284067,0.13866761706970313,1.0001322997748785
3051,584042539888.9604,2871.0997705557947,0.001177255008397935,0.13867298540329281,1.000132259662037
3052,584300472262.9666,2871.136577753863,0.0011774065536346288,0.13867835493109834,1.0001322229189213
3053,584558505444.4054,2871.1732943796565,0.0011775579813739002,0.13868372539433835,1.0001321710562476
3054,584816630773.0134,2871.209932691085,0.0011777093054426686,0.13868909642567773,1.0001321137874348
3055,585074846443.3074,2871.246480129783,0.0011778605043543874,0.1386944679757444,1.0001320598880286
3056,585333154676.8235,2871.2829245195517,0.0011780115610449606,0.13869984021917256,1.0001320120764088
3057,585591559696.2588,2871.3192579659494,0.0011781624669420928,0.13870521341726758,1.0001319635885055
3058,585850059272.2043,2871.3555051553267,0.0011783132571109398,0.1387105872522314,1.0001319093617143
3059,586108651280.5542,2871.391662956246,0.0011784639248362664,0.13871596163404668,1.0001318557679901
3060,586367336652.218,2871.4277346151007,0.0011786144758384452,0.13872133658845537,1.0001318002565067
3061,586626114020.148,2871.463723055714,0.0011787649139946318,0.1387267120637501,1.0001317439197015
3062,586884983395.1533,2871.49962787481,0.0011789152385195453,0.13873208805526535,1.0001316877365642
3063,587143945092.0372,2871.5354484056616,0.001179065448272011,0.13873746456287248,1.0001316317570705
3064,587402999330.0729,2871.5711840205195,0.0011792155423474026,0.13874284159662054,1.000131575998601
3065,587662146363.0476,2871.6068288736124,0.0011793655113546088,0.13874821917162,1.0001315231114791
3066,587921388375.0983,2871.6423780581645,0.0011795153489222309,0.13875359739010562,1.000131470514395
3067,588180724780.8761,2871.6778389192054,0.0011796650663952399,0.13875897621243216,1.0001314162703026
3068,588440155135.6732,2871.712991725198,0.0011798143369694503,0.13876435765804931,1.0001314316010925
3069,588699720783.9612,2871.748051033993,0.001179963505601108,0.13876974128482308,1.000131385891357
3070,588959381536.5771,2871.78302272948,0.0011801125561412675,0.13877512557703475,1.0001313321157779
3071,589219136767.4684,2871.8179061503815,0.0011802614860409234,0.13878051045139683,1.0001312776214204
3072,589478986597.565,2871.8527028168564,0.0011804102976054822,0.1387858958992144,1.0001312224290908
3073,589738930765.7435,2871.8874110139413,0.0011805589877978294,0.138791281910374,1.0001311678949392
3074,589998969921.8832,2871.9220298919563,0.0011807075555869833,0.13879666850911768,1.0001311136132272
3075,590259104290.6444,2871.9565591402734,0.001180856000529809,0.1388020557021588,1.0001310594541624
3076,590519334081.0985,2871.9909984686556,0.0011810043221973337,0.13880744349508192,1.0001310053852817
3077,590779659494.0471,2872.0253475838053,0.0011811525201380205,0.13881283189245056,1.0001309514149466
3078,591040080733.8788,2872.0596059957024,0.0011813005936219087,0.13881822090149573,1.0001308976141592
3079,591300598047.016,2872.0937596777717,0.0011814485201692578,0.1388236105602227,1.0001308495746908
3080,591561215458.2578,2872.1278203368747,0.0011815963210311518,0.13882900098852793,1.0001307959506183
3081,591821928453.9542,2872.161794938267,0.0011817440045379284,0.13883439200516984,1.0001307405918554
3082,592082737054.1636,2872.1956831500547,0.0011818915698563169,0.13883978359590407,1.0001306851149996
3083,592343641422.7466,2872.2294846182326,0.0011820390163669284,0.13884517576120395,1.0001306297415546
3084,592604641771.5763,2872.2631991376265,0.0011821863437888325,0.13885056850704322,1.0001305744445725
3085,592865738298.287,2872.2968264138453,0.0011823335516529098,0.1388559618369767,1.0001305192253747
3086,593126931188.2355,2872.330364664545,0.0011824806370929102,0.1388613557576877,1.000130464859832
3087,593388221224.0112,2872.3637018160834,0.0011826274206437136,0.13886675057186182,1.0001304599413
3088,593649644353.563,2872.3968404361244,0.0011827739313979657,0.13887214774541332,1.0001304344220971
3089,593911173718.772,2872.4298892379406,0.0011829203260694129,0.13887754597119073,1.0001303836023951
3090,594172801383.4109,2872.462846657764,0.0011830665955572229,0.13888294486882502,1.0001303301463809
3091,594434527181.3835,2872.4957121560124,0.0011832127383220544,0.13888834440289471,1.0001302766143785
3092,594696351343.8114,2872.5284863177776,0.0011833587555739782,0.13889374459060302,1.000130222707545
3093,594958273835.1946,2872.5611685904246,0.001183504646050047,0.13889914541402748,1.0001301691412086
3094,595220295006.325,2872.5937641776313,0.0011836504182418796,0.13890454687094198,1.0001301129428792
3095,595482412941.3923,2872.6262697780417,0.0011837960654749885,0.13890994889162417,1.0001300594276843
3096,595744630534.0186,2872.658634096316,0.0011839415097968798,0.13891535186665047,1.000130026076313
3097,596006962026.4185,2872.6908744729794,0.001184086787445113,0.13892075624890604,1.0001299802540957
3098,596269394273.8325,2872.7230209849886,0.001184231936573068,0.1389261613708699,1.0001299282082936
3099,596531926580.0288,2872.7550511999298,0.0011843769191864245,0.1389315671766445,1.0001298840819153
3100,596794564935.1135,2872.7869799089463,0.0011845217630867303,0.1389369738695399,1.000129833556621
3101,597057303875.4243,2872.8188141439505,0.0011846664766833588,0.1389423812655068,1.000129781075206
3102,597320143299.4553,2872.850553950398,0.001184811059608565,0.13894778934139984,1.000129728296451
3103,597583083337.217,2872.8822092517266,0.0011849555291122442,0.13895319815149942,1.0001296692723594
3104,597846118920.2878,2872.9137862262473,0.0011850998904314903,0.13895860740765398,1.0001296132003645
3105,598109254954.9186,2872.945268099773,0.001185244119202917,0.13896401730670557,1.000129560235155
3106,598372492097.2684,2872.9766550887884,0.001185388216347782,0.13896942788455588,1.0001295075242995
3107,598635830540.1963,2873.0079472861544,0.0011855321819862798,0.13897483914209133,1.000129454857118
3108,598899270407.2947,2873.039144902311,0.0011856760164458587,0.13898025108096335,1.0001294020640203
3109,599162811816.5497,2873.0702480858545,0.0011858197198873336,0.1389856636990304,1.0001293491885104
3110,599426454894.636,2873.101256963861,0.0011859632924212018,0.1389910769932771,1.0001292963595982
3111,599690199747.7396,2873.132381975352,0.0011861070547836711,0.13899648939833237,1.000129147153962
3112,599953969391.2485,2873.167432841295,0.0011862566576651033,0.13900186335297948,1.0001279020145306
3113,600217100576.927,2873.2022738078817,0.0011864055029124304,0.13900721237672312,1.000127729503409
3114,600480315666.3303,2873.237018404868,0.0011865541913313345,0.13901256069150786,1.0001276647979405
3115,600743629174.5074,2873.2716893880893,0.0011867027783414791,0.139017909344733,1.0001276047771412
3116,601007038448.5844,2873.3062903309246,0.001186851269027557,0.13902325829067633,1.0001275442090902
3117,601270543152.5781,2873.340822614685,0.0011869996653933105,0.13902860751517412,1.0001274832173919
3118,601534143236.1191,2873.3752870449857,0.0011871479684769266,0.1390339570031773,1.000127421910389
3119,601797838668.2133,2873.4096828630563,0.0011872961762414828,0.13903930671094533,1.0001273610969592
3120,602061629840.5396,2873.443496198689,0.0011874435133941864,0.1390446609807549,1.0001274791321066
3121,602325644572.3442,2873.4771152717294,0.0011875906454929357,0.13905002122149004,1.0001274550549002
3122,602589758415.6602,2873.5106754892004,0.0011877377042020425,0.13905538203997003,1.0001273949417442
3123,602853967398.3431,2873.5441973429647,0.0011878847152451402,0.1390607429602407,1.0001273211097048
3124,603118262865.5205,2873.577636498616,0.0011880316018325163,0.13906610378022852,1.0001272684733729
3125,603382663898.6029,2873.610950183314,0.001188178307233023,0.13907146532258952,1.0001272252692022
3126,603647172255.2183,2873.6441905491038,0.0011883249156823144,0.1390768274724176,1.0001271681199726
3127,603911779233.1003,2873.67727723607,0.0011884712933381287,0.139082190178989,1.0001271473601794
3128,604176516109.0452,2873.710100049278,0.0011886172875009713,0.13908755517979465,1.0001271379781127
3129,604441374728.6858,2873.7447909455623,0.0011887661242375928,0.13909290483883305,1.0001264817237188
3130,604705925121.2188,2873.779579851819,0.0011889148772714776,0.139098239269635,1.000126310038795
3131,604970538360.7649,2873.8144214338918,0.0011890636912539729,0.1391035713226558,1.000126199470142
3132,605235221041.0804,2873.8493198038714,0.0011892125843315764,0.1391089016599817,1.00012609445941
3133,605499973707.1066,2873.8842758041087,0.0011893615586957226,0.13911423032674516,1.000125989808853
3134,605764796269.9081,2873.91929040354,0.0011895106158479414,0.13911955731542613,1.0001258849477408
3135,606029688560.8748,2873.9543645494045,0.0011896597571424904,0.1391248826119534,1.0001257798172416
3136,606294650404.068,2873.9894974678214,0.0011898089805888893,0.1391302061732997,1.0001256751318701
3137,606559682044.2991,2874.0246922623787,0.0011899582919387272,0.13913552803367826,1.0001255693305977
3138,606824782763.7648,2874.059949979452,0.0011901076924338855,0.139140848162719,1.0001254631347658
3139,607089952365.023,2874.095271578282,0.0011902571834141505,0.13914616654417553,1.0001253566462895
3140,607355190661.4011,2874.130298795588,0.0011904061990595123,0.13915148479658093,1.0001253755191624
3141,607620588901.7041,2874.1652478302385,0.0011905551278379803,0.13915680469726088,1.0001253201774072
3142,607886077975.3949,2874.2002122059175,0.0011907040855275316,0.13916212395759575,1.0001252350993828
3143,608151647770.193,2874.2351908873043,0.001190853062374625,0.13916744210752915,1.0001251469184829
3144,608417297826.1882,2874.2704321054043,0.0011910024321889372,0.1391727569485086,1.0001249752703127
3145,608682966800.6293,2874.3057395959368,0.001191151862070956,0.13917806803098257,1.0001248699012375
3146,608948713660.6982,2874.3410629945643,0.0011913013095975215,0.13918337775303596,1.000124779266571
3147,609214540188.0565,2874.376402404951,0.001191450777256642,0.13918868624972877,1.000124690249215
3148,609480446649.7667,2874.411758755077,0.0011916002667848276,0.13919399353234163,1.0001246011512377
3149,609746432941.1691,2874.447132923222,0.001191749779445274,0.13919929958928204,1.0001245118128734
3150,610012498942.4861,2874.4825273669735,0.0011918993195761895,0.13920460443552732,1.0001244212334868
3151,610278643780.529,2874.517943764036,0.0011920488894932798,0.1392099080433838,1.000124330588695
3152,610544867785.376,2874.553380596314,0.0011921984860717059,0.139215210376989,1.000124240358316
3153,610811171081.4012,2874.5888387165273,0.0011923481106869665,0.13922051143364897,1.0001241499514566
3154,611077553563.6224,2874.6243889506186,0.0011924978763614713,0.13922581095011702,1.0001240264394655
3155,611343986544.5732,2874.6600175907224,0.0011926477428800524,0.1392311079041735,1.0001239258461478
3156,611610499617.6616,2874.6956501647173,0.0011927976091311056,0.13923640360656334,1.0001238399136907
3157,611877095637.2642,2874.731287436321,0.0011929474793735111,0.13924169823198992,1.0001237553116156
3158,612143774751.5762,2874.7669302356703,0.001193097355085091,0.13924699178633818,1.000123670632989
3159,612410536888.389,2874.8025793731726,0.0011932472374413308,0.1392522842597245,1.000123585731077
3160,612677381920.986,2874.838235517071,0.0011933971272649856,0.13925757563542618,1.000123500723701
3161,612944309857.4622,2874.87389919231,0.0011935470252321281,0.13926286590202266,1.0001234154756025
3162,613211320556.1427,2874.9095713911743,0.0011936969328400235,0.1392681550507003,1.0001233299596282
3163,613478413902.1542,2874.945252889741,0.0011938468511604931,0.13927344306873668,1.000123244206203
3164,613745589793.253,2874.980945187923,0.001193996782663871,0.13927872995481502,1.0001231578612957
3165,614012847894.2637,2875.0166514081197,0.0011941467318836827,0.13928401567067056,1.000123070282407
3166,614280187279.4807,2875.052373456799,0.0011942967009667485,0.13928930015655341,1.0001229827234535
3167,614547608359.479,2875.0881055295836,0.001194446681524018,0.139294583485475,1.0001228967798208
3168,614815112235.308,2875.1238792586955,0.001194596723801187,0.1392998655217146,1.0001227967562714
3169,615082686362.4336,2875.159832380566,0.001194747035797376,0.1393051450433136,1.0001226612274141
3170,615350310522.1921,2875.195808860578,0.0011948973617907257,0.13931042225847792,1.0001225649043721
3171,615618012670.307,2875.2318143040093,0.00119504772631391,0.13931569805376967,1.0001224720612891
3172,615885793125.5216,2875.267849472132,0.0011951981311780699,0.13932097246033143,1.0001223793571377
3173,616153651874.1288,2875.3036372401716,0.0011953481561647102,0.1393262478445969,1.0001223772909749
3174,616421659205.0818,2875.338850993828,0.0011954973694254575,0.13933153070286194,1.0001224643233158
3175,616689867449.3257,2875.374089608526,0.001195646688846806,0.13933681649426702,1.000122390871067
3176,616958156085.0687,2875.4090068518444,0.0011957955236140921,0.13934210435113142,1.0001224119994643
3177,617226610693.7883,2875.4439036620915,0.0011959443737342879,0.13934739424527,1.000122338716175
3178,617495147209.9009,2875.478828983121,0.0011960932657137473,0.139352682976967,1.0001222487801325
3179,617763763902.6423,2875.5137771237587,0.0011962421857296185,0.13935797029200644,1.000122158937668
3180,618032461516.8226,2875.5487542833885,0.0011963911455429108,0.13936325627404364,1.0001220669951822
3181,618301238749.239,2875.5837606836108,0.0011965401446990224,0.1393685408744611,1.000121974728019
3182,618570095567.4829,2875.6187967610135,0.0011966891837952864,0.13937382408506593,1.00012188231927
3183,618839031940.8536,2875.653862953942,0.0011968382634567776,0.13937910589909416,1.0001217898183428
3184,619108047804.1722,2875.688873954441,0.0011969872496465459,0.13938438678156878,1.0001217236024873
3185,619377162817.7533,2875.723926320378,0.0011971363043592274,0.13938966680492815,1.000121630346659
3186,619646354772.099,2875.7590227462083,0.0011972854192850702,0.13939494522303558,1.0001215338242995
3187,619915623303.3323,2875.7941635991665,0.0011974345943589187,0.13940022199541352,1.0001214368875686
3188,620184968313.1462,2875.829342638629,0.0011975838199224404,0.13940549716386255,1.00012134278138
3189,620454392482.697,2875.8645449249793,0.0011977330752290993,0.1394107709685189,1.000121251389087
3190,620723896580.791,2875.8998031946307,0.0011978824142820136,0.13941604337755467,1.0001211489479815
3191,620993472105.5438,2875.9351274795463,0.0011980318508864065,0.13942131422006468,1.0001210457337713
3192,621263121265.9109,2875.970489552762,0.0011981813327178108,0.13942658318674156,1.000120950801014
3193,621532848647.464,2876.0058907612524,0.0011983308647333204,0.1394318504345635,1.0001208565038369
3194,621802654290.1625,2876.041331354797,0.0011984804474314667,0.13943711596741842,1.0001207622769552
3195,622072538244.5276,2876.0768117683056,0.0011986300815184806,0.13944237978331206,1.0001206678916288
3196,622342500355.8147,2876.1123436449157,0.0011987797887999022,0.1394476420205597,1.0001205671498656
3197,622612535152.002,2876.14797792517,0.0011989296613907573,0.13945290309517863,1.0001204510144917
3198,622882634364.699,2876.1839407600914,0.0011990800205071148,0.13945815975259493,1.0001202377675587
3199,623152704611.1362,2876.220097422424,0.0011992306018494532,0.13946340968031337,1.0001201185309714
3200,623422859774.3192,2876.2561834646845,0.001199381060524427,0.13946865846684386,1.000120060952776
3201,623693125557.722,2876.2922171333867,0.0011995314452265126,0.13947390717610766,1.000119993490362
3202,623963484708.1007,2876.3282374141636,0.0011996818112073053,0.1394791552406632,1.0001199163419143
3203,624233933068.5378,2876.364289660096,0.001199832240125667,0.13948440300897008,1.0001198237606481
3204,624504461473.531,2876.400328289104,0.0011999826417582631,0.1394896496570383,1.0001197450311776
3205,624775080103.327,2876.436355469721,0.001200133025056053,0.13949489549541558,1.000119667457864
3206,625045789123.4127,2876.472371629047,0.0012002833908217592,0.13950014052984924,1.0001195899095123
3207,625316588560.454,2876.5083771314376,0.0012004337395399292,0.13950538475366378,1.0001195122892677
3208,625587478428.4861,2876.5443723277717,0.0012005840716552802,0.13951062815916326,1.0001194345917845
3209,625858458742.4198,2876.580351353271,0.0012007343760029442,0.13951587066709406,1.0001193591954551
3210,626129531286.7281,2876.6163277158043,0.0012008846785567968,0.13952111247669516,1.000119278557235
3211,626400691867.9293,2876.652304013736,0.001201034981845252,0.13952635348298306,1.000119196867407
3212,626671940343.9332,2876.6882806292874,0.0012011852862034466,0.13953159366849496,1.000119114986176
3213,626943276682.5895,2876.7242579785147,0.001201335592189737,0.13953683302543865,1.0001190329922305
3214,627214700863.7709,2876.760236473362,0.001201485900372751,0.13954207154700202,1.0001189508947583
3215,627486212869.669,2876.7962165184626,0.0012016362113125337,0.13954730922656816,1.0001188686971305
3216,627757812683.618,2876.8321711321887,0.0012017864765720323,0.13955254586967678,1.0001187975539259
3217,628029509602.1737,2876.868118698037,0.0012019367333559613,0.1395577818537261,1.000118718390393
3218,628301295188.8364,2876.9040678166466,0.001202086991623388,0.13956301692272421,1.0001186370166868
3219,628573169135.4053,2876.9400188639606,0.0012022372514890569,0.1395682510469826,1.0001185553313265
3220,628845131379.4353,2876.975972300678,0.0012023875135759032,0.1395734842180785,1.0001184735000457
3221,629117181887.3265,2877.011928588717,0.0012025377785461109,0.1395787164297316,1.0001183915410679
3222,629389320627.7899,2877.0478880796013,0.0012026880468982912,0.13958394767686327,1.000118309505545
3223,629661547612.607,2877.083897762791,0.0012028384012991937,0.13958917819665964,1.0001182110609863
3224,629933850074.4707,2877.119904753079,0.0012029887411857513,0.1395944072848078,1.0001181300754565
3225,630206243088.6088,2877.1559060429936,0.0012031390691426402,0.13959963538350398,1.0001180514563086
3226,630478726982.2362,2877.191902082457,0.0012032893862927961,0.1396048625146119,1.0001179729414125
3227,630751301788.0391,2877.2278899543676,0.0012034396877692861,0.13961008867928051,1.0001178958858588
3228,631023969068.1293,2877.2638672313115,0.0012035899704689176,0.13961531393355858,1.0001178187140403
3229,631296728084.4719,2877.299853724737,0.0012037402695304073,0.13962053839312538,1.0001177328980935
3230,631569571264.2671,2877.3358738135917,0.0012038906257346767,0.13962576205665833,1.0001176418013624
3231,631842497539.1384,2877.3718968094418,0.0012040409813233403,0.1396309845525761,1.0001175590420428
3232,632115512460.348,2877.407909434407,0.0012041913181619272,0.1396362061183154,1.0001174834787394
3233,632388622769.7246,2877.4438953983836,0.0012043416119795842,0.13964142692842177,1.0001174105679604
3234,632661827792.1614,2877.479880565715,0.0012044919049081246,0.13964664691580764,1.000117330715846
3235,632935122553.0499,2877.5158715800603,0.0012046422051945707,0.1396518659138223,1.0001172486863146
3236,633208506179.3202,2877.5518658169776,0.0012047925091765814,0.13965708396495216,1.0001171684734955
3237,633481981293.8862,2877.5878473470293,0.0012049427884936112,0.13966230097192828,1.0001170903973056
3238,633755547240.572,2877.6238441963173,0.0012050930945494615,0.13966751719363538,1.0001170049572994
3239,634029199494.3782,2877.659855781544,0.0012052434237032625,0.13967273247537393,1.0001169188472339
3240,634302937978.8896,2877.6958824375884,0.0012053937763033947,0.13967794680452292,1.0001168325918348
3241,634576762640.4758,2877.731926324649,0.001205544155540623,0.13968316015592105,1.0001167458199223
3242,634850673060.2278,2877.767985457045,0.0012056945581641605,0.1396883725336583,1.0001166595285766
3243,635124669748.3394,2877.8040601206135,0.0012058449848226342,0.1396935839472505,1.0001165732546955
3244,635398752731.6832,2877.840516351402,0.001205995983085655,0.1396987905738393,1.0001163269885527
3245,635672751636.8107,2877.878884999556,0.001206149793520622,0.13970397353319847,1.00011575122158
3246,635946475611.9663,2877.917143944526,0.0012063032365842833,0.13970914497596232,1.0001156400295226
3247,636220292896.0002,2877.9553606219074,0.001206456614696478,0.1397143158722532,1.0001155684603922
3248,636494208944.3616,2877.993539081451,0.0012066099421115233,0.1397194866556322,1.00011549951194
3249,636768223545.9137,2878.0316907662973,0.0012067632369805277,0.13972465726704056,1.0001154279477724
3250,637042334709.8971,2878.0693800056147,0.0012069158296652888,0.13972983124741187,1.0001154856309074
3251,637316655234.3247,2878.1070155478196,0.001207068403759477,0.1397350084885054,1.0001154323795647
3252,637591076653.9259,2878.1446040430037,0.0012072209059743758,0.13974018526122026,1.0001153687629556
3253,637865599559.8248,2878.182173904524,0.001207373386785133,0.1397453617291215,1.0001152957795754
3254,638140217916.8551,2878.219723323584,0.0012075258398020871,0.139750537698743,1.0001152224499983
3255,638414932226.4467,2878.2572508436847,0.0012076782629239639,0.13975571319068694,1.0001151494088312
3256,638689742768.1063,2878.2947557972598,0.0012078306552288783,0.13976088821723084,1.0001150766071685
3257,638964649817.1378,2878.3322374479753,0.0012079830156293137,0.1397660627877735,1.0001150041581233
3258,639239653635.9834,2878.369695063876,0.0012081353430733444,0.13977123691337617,1.0001149319510494
3259,639514754512.4106,2878.4071262079833,0.0012082876334046373,0.13977641059116008,1.0001148606504833
3260,639789953443.6024,2878.4445300332327,0.001208439885694942,0.13978158385063516,1.0001147895762093
3261,640065250571.7391,2878.4819060389714,0.0012085920992569736,0.13978675670162743,1.000114718709248
3262,640340646176.2758,2878.5192535505494,0.0012087442731271894,0.1397919291549067,1.0001146480772118
3263,640616140540.5295,2878.5565719015267,0.0012088964063595908,0.1397971012214852,1.0001145776806208
3264,640891733947.5002,2878.5938592341304,0.0012090484962132952,0.13980227292434616,1.0001145078811182
3265,641167427014.2882,2878.6311096765585,0.0012092005335202763,0.13980744430489475,1.00011444075185
3266,641443222654.0875,2878.6683165553222,0.0012093525088644457,0.139812615468313,1.0001143745104504
3267,641719120620.6768,2878.7054906930734,0.0012095044393572504,0.13981778635375508,1.0001143053641584
3268,641995118584.8031,2878.7426340068264,0.0012096563274301081,0.13982295691660654,1.0001142356003674
3269,642271216563.2385,2878.779745832901,0.001209808171888005,0.13982812715331422,1.000114166014521
3270,642547414820.2758,2878.816825584717,0.0012099599718756507,0.13983329707249578,1.0001140966115984
3271,642823713606.3798,2878.8538728138724,0.0012101117268247354,0.13983846668594918,1.0001140273546083
3272,643100113166.2651,2878.8908869885695,0.0012102634359725775,0.13984363600235955,1.0001139582806304
3273,643376613753.2882,2878.9278671561633,0.0012104150977770981,0.139848805026294,1.000113889609219
3274,643653215863.8469,2878.9648036310928,0.0012105666948746226,0.13985397369689614,1.0001138241222383
3275,643929922188.9279,2879.0017055467533,0.0012107182453195784,0.1398591421710451,1.0001137560052726
3276,644206730463.2786,2879.038571997221,0.0012108697464829634,0.13986431038604666,1.0001136878241499
3277,644483640898.1201,2879.075402499626,0.0012110211976314657,0.1398694783476361,1.0001136197898928
3278,644760653733.7336,2879.1121965916604,0.001211172598104882,0.13987464606379127,1.0001135519198425
3279,645037769209.4371,2879.1489538201567,0.0012113239472584438,0.13987981354251006,1.0001134842147548
3280,645314987563.2817,2879.1856737518606,0.0012114752444790627,0.13988498079170106,1.000113416656992
3281,645592309034.7605,2879.2223449938338,0.0012116264716237309,0.13989014787229348,1.000113352867603
3282,645869737333.0979,2879.258982931762,0.0012117776546737632,0.13989531479048703,1.000113283709481
3283,646147266597.6666,2879.2955886441923,0.0012119287923837453,0.13990048137065658,1.0001132151171395
3284,646424898774.4048,2879.332158583084,0.0012120798799632126,0.13990564768220423,1.000113147145872
3285,646702634173.287,2879.368689610275,0.0012122309127776238,0.1399108137638272,1.0001130803309366
3286,646980474048.4761,2879.4051826143887,0.0012123818927735844,0.13991597964275776,1.0001130129942117
3287,647258417680.5143,2879.4416385223954,0.00121253282089306,0.13992114528448749,1.0001129455711875
3288,647536465276.7909,2879.478084364887,0.0012126837378872886,0.13992631041421297,1.0001128693472294
3289,647814607953.053,2879.5146697407863,0.0012128348700302016,0.13993147354590257,1.0001127524027096
3290,648092810229.7075,2879.551232018384,0.0012129859488069915,0.13993663499352937,1.0001126757889998
3291,648371111809.0859,2879.5877728918194,0.0012131369966665,0.13994179588836056,1.0001126031393481
3292,648649513414.7253,2879.6242923938817,0.0012132880144606402,0.13994695627712206,1.0001125308876044
3293,648928015247.5612,2879.6607903756253,0.001213439002030289,0.1399521161658824,1.0001124587404049
3294,649206617467.0061,2879.697266671216,0.0012135899591301379,0.13995727555738657,1.000112386674197
3295,649485320229.2928,2879.7337211579547,0.001213740885590291,0.13996243445454057,1.0001123146639381
3296,649764123666.2946,2879.7701540315697,0.0012138917818057505,0.13996759286186897,1.0001122426228848
3297,650043027846.454,2879.806559514005,0.0012140426365319277,0.1399727506936048,1.0001121730681626
3298,650322035126.8271,2879.8428730435444,0.0012141933507387626,0.13997790851858916,1.0001121214587274
3299,650601162338.9888,2879.879156727128,0.001214344031426031,0.13998306646923517,1.000112053857588
3300,650880393217.3455,2879.915409906186,0.0012144946696125611,0.13998822409283718,1.0001119849554634
3301,651159728017.4037,2879.951631361223,0.0012146452629658458,0.13999338137455325,1.0001119161355845
3302,651439166929.1344,2879.987821766519,0.0012147958129449482,0.1399985383339619,1.0001118470453074
3303,651718709955.2474,2880.02401378368,0.0012149463695267182,0.14000369467613105,1.000111764357373
3304,651998341068.613,2880.0604188938273,0.0012150972456980407,0.14000884787143988,1.0001116325302326
3305,652278021143.2656,2880.0967878773786,0.0012152480415791305,0.14001399910907025,1.0001115574926045
3306,652557803713.077,2880.1331293945855,0.0012153987974064693,0.14001914986630998,1.0001114871192747
3307,652837689600.9148,2880.169443645398,0.0012155495144268234,0.14002430019648418,1.0001114171571341
3308,653117678989.5359,2880.2057306146685,0.0012157001926782088,0.14002945010419124,1.0001113472606036
3309,653397772012.0319,2880.2419902689903,0.001215850832099559,0.14003459959009795,1.0001112774019798
3310,653677968797.9658,2880.27822232995,0.0012160014321733047,0.14003974865241045,1.0001112077005303
3311,653958269615.0906,2880.3145045037304,0.001216152121179169,0.1400448971216764,1.0001111032580947
3312,654238633886.1143,2880.3509652126904,0.0012163030874559166,0.14005004335095708,1.000110981676686
3313,654519063712.3904,2880.387382069028,0.0012164539678419168,0.1400551880555035,1.000110910602325
3314,654799599667.7539,2880.4237642929634,0.0012166047979293134,0.1400603323891672,1.000110842924359
3315,655080241782.0171,2880.4601093985293,0.0012167555744034078,0.14006547640409056,1.0001107763623363
3316,655360991103.0344,2880.496416762701,0.0012169062967764832,0.14007062013402363,1.0001107100503863
3317,655641847866.4877,2880.5328498467607,0.0012170572159431756,0.14007576212068842,1.000110598245655
3318,655922767173.982,2880.5692738520006,0.0012172081036896144,0.1400809023389514,1.0001105157003267
3319,656203779356.8473,2880.6058038704846,0.0012173591516185898,0.14008604061970353,1.000110412778762
3320,656484867443.0729,2880.6422957759805,0.0012175101285519015,0.14009117767811277,1.0001103423488207
3321,656766061546.2651,2880.6787545417806,0.0012176610572733361,0.1400963143426211,1.0001102745278698
3322,657047362176.7495,2880.715180375643,0.0012178119385991885,0.14010145064109267,1.0001102069177157
3323,657328769474.4216,2880.751573363046,0.0012179627726594268,0.14010658657379144,1.000110139326284
3324,657610283550.5933,2880.7879340663435,0.0012181135604016574,0.14011172214161416,1.000110071010382
3325,657891903409.6133,2880.8242842854806,0.0012182643357352382,0.14011685717505798,1.0001099968830203
3326,658173623693.738,2880.8606242153965,0.0012184150959461207,0.14012199149951543,1.000109922368008
3327,658455444671.4696,2880.8969539131976,0.0012185658410841847,0.14012712511275668,1.0001098478397097
3328,658737366431.409,2880.9332734318846,0.0012187165711904494,0.14013225801244042,1.0001097733260276
3329,659019389064.9811,2880.969582833634,0.0012188672863251637,0.14013739019643626,1.0001096988271172
3330,659301512661.8464,2881.0058821886237,0.0012190179865601669,0.14014252166249988,1.0001096243408198
3331,659583737309.8986,2881.0421715753014,0.001219168671978941,0.14014765240824925,1.0001095498647268
3332,659866063094.649,2881.0784634017177,0.0012193193618146758,0.1401527823322962,1.0001094703353266
3333,660148483859.6465,2881.1147571578385,0.0012194700517387002,0.14015791123558385,1.000109393890263
3334,660431005457.6554,2881.1510413568303,0.0012196207269280321,0.14016303938413016,1.0001093192063
3335,660713628326.6807,2881.1873162182605,0.0012197713880721633,0.14016816679663274,1.0001092446604212
3336,660996352562.2263,2881.2235619096505,0.0012199220034767632,0.14017329358235492,1.0001091785656502
3337,661279188745.5674,2881.259760888185,0.0012200725512641216,0.14017842019251822,1.0001091126283084
3338,661562132724.5226,2881.295945040154,0.0012202230796364948,0.14018354629471766,1.0001090406317328
3339,661845180317.6854,2881.3321140122603,0.001220373585625959,0.140188671753415,1.0001089680901405
3340,662128331468.6837,2881.368239382737,0.0012205240245530804,0.1401937967689259,1.000108905218356
3341,662411597498.4783,2881.404349958973,0.0012206744471562685,0.14019892145312945,1.0001088311429447
3342,662694963312.1589,2881.440461609001,0.0012208248707964158,0.14020404525922245,1.0001087539992313
3343,662978428405.7413,2881.476574672735,0.0012209752952943931,0.14020916814397336,1.0001086765121887
3344,663261992700.7913,2881.5126964356714,0.0012211257327981626,0.1402142900959293,1.0001085958484877
3345,663545652308.4248,2881.548848074045,0.0012212762164797108,0.14021941095837404,1.0001085108525511
3346,663829404521.736,2881.58499740483,0.0012214266909037611,0.14022453068067225,1.0001084339921462
3347,664113257453.0422,2881.6211025157972,0.0012215770952347478,0.14022964985054545,1.0001083678878007
3348,664397220755.9716,2881.6572349572484,0.001221727546544112,0.14023476822453154,1.0001082848163854
3349,664681277074.0581,2881.6934293180248,0.0012218780918668206,0.14023988513450447,1.0001081848916875
3350,664965406445.3286,2881.729724414905,0.0012220287812991176,0.14024499967522017,1.000108083484156
3351,665249616060.3167,2881.7660402742304,0.0012221794918442597,0.14025011257112235,1.0001079982326238
3352,665533918846.7128,2881.8023800099377,0.0012223302349755863,0.14025522417705077,1.000107914112933
3353,665818314949.8402,2881.838730583471,0.0012224809873464923,0.1402603344223666,1.0001078342102294
3354,666102808614.6821,2881.8751047696146,0.0012226317736113948,0.1402654434777042,1.000107750894101
3355,666387396114.0095,2881.911416881787,0.001222782454111003,0.14027055167329872,1.0001076917714435
3356,666672103584.6917,2881.9477869736434,0.0012229332413377933,0.14027565951125523,1.000107598465505
3357,666956892070.3583,2881.984148199116,0.0012230840058769772,0.14028076607563653,1.0001075264193948
3358,667241790549.8263,2882.020464739566,0.001223234704499704,0.14028587237519605,1.0001074599548583
3359,667526798646.5518,2882.056765937458,0.0012233853828600527,0.14029097817243366,1.0001073889389727
3360,667811913144.2441,2882.0930590209387,0.0012235360516022627,0.14029608337446145,1.0001073140076333
3361,668097129417.5087,2882.129343648955,0.001223686708064177,0.1403011878622264,1.0001072400946012
3362,668382449876.1274,2882.1651619923455,0.0012238366334523761,0.14030629500827316,1.0001073533854283
3363,668668119605.0101,2882.1991484329537,0.0012239838245498044,0.14031142296972327,1.0001077208372042
3364,668954304560.3951,2882.2332021256116,0.0012241313213520015,0.14031656111569224,1.0001076757187266
3365,669240593937.8752,2882.2672866267385,0.0012242788729590565,0.14032169861135596,1.000107590273653
3366,669526972701.7219,2882.301435406779,0.001224426523540522,0.14032683472783297,1.000107495865309
3367,669813437356.557,2882.3355972656004,0.0012245741864700904,0.14033196948538698,1.0001074151337859
3368,670100003200.923,2882.3697646460237,0.0012247218549096067,0.14033710322799725,1.0001073362085109
3369,670386669605.9062,2882.4039392253358,0.001224869531308068,0.14034223593265657,1.0001072579296946
3370,670673437727.1865,2882.4381170671463,0.0012250172099536798,0.14034736765547853,1.000107180497902
3371,670960308375.238,2882.4722966757386,0.0012251648886735763,0.1403524984177499,1.0001071035979825
3372,671247282120.6992,2882.5065277696835,0.0012253126558042858,0.14035762843712232,1.0001070042885463
3373,671534329644.4224,2882.5407923384246,0.0012254604706283111,0.14036275713424204,1.0001069253312493
3374,671821487777.0914,2882.5750180828677,0.0012256082213408326,0.14036788514712104,1.0001068577121468
3375,672108757637.3136,2882.6091503456946,0.0012257558084955266,0.14037301210607633,1.0001068105206274
3376,672396162170.5913,2882.643253579945,0.0012259033559917447,0.1403781388307063,1.0001067465616116
3377,672683682046.9847,2882.67732438275,0.0012260508494694128,0.14038326483125024,1.0001066815087423
3378,672971317373.9567,2882.711425931795,0.0012261984025884376,0.14038839046184642,1.000106591566678
3379,673259037440.5835,2882.7455366418035,0.0012263459622692187,0.14039351478571363,1.0001065154798139
3380,673546866417.4739,2882.77963057032,0.0012264934924108896,0.14039863826349946,1.0001064444298902
3381,673834805462.4465,2882.8137070669336,0.0012266409930106268,0.14040376095908655,1.000106374051068
3382,674122855053.5901,2882.847765252961,0.0012267884628004652,0.1404088828862003,1.0001063040111626
3383,674411015610.4188,2882.8817840738066,0.0012269358638905255,0.1404140039284219,1.0001062437655874
3384,674699300339.8473,2882.9158785282425,0.0012270834077734842,0.14041912498549577,1.0001061358683934
3385,674987645963.4299,2882.949994689183,0.0012272309702611437,0.14042424420335173,1.0001060565561126
3386,675276100633.9137,2882.9840912967384,0.0012273784982942606,0.14042936256586325,1.00010598642354
3387,675564667347.6039,2883.0181609534825,0.0012275259810646565,0.14043448017622828,1.0001059180632914
3388,675853346520.7642,2883.0522253778586,0.0012276734573072063,0.14043959713506735,1.000105844568465
3389,676142133274.578,2883.0862824109863,0.0012278209210790042,0.14044471331309652,1.0001057709382486
3390,676431027797.4003,2883.120331676062,0.0012279683717872014,0.14044982871349868,1.0001056974230145
3391,676720030308.8108,2883.1543726918535,0.0012281158087030794,0.14045494334187672,1.000105624105446
3392,677009141123.6536,2883.1884042929173,0.0012282632299719044,0.1404600572061335,1.0001055511448442
3393,677298360697.683,2883.222426136933,0.0012284106352154684,0.1404651703184347,1.0001054783270844
3394,677587689238.1938,2883.2564401600525,0.0012285580279024434,0.14047028268886624,1.0001054046338458
3395,677877125567.7521,2883.2904499121796,0.0012287054134898147,0.14047539428384365,1.0001053306955743
3396,678166670182.6733,2883.3244450992834,0.0012288527745657244,0.1404805051114791,1.000105259192122
3397,678456325570.1506,2883.3584257928824,0.0012290001123901276,0.14048561523741354,1.000105187965995
3398,678746091959.9482,2883.3924028500605,0.0012291474457103867,0.14049072467562812,1.0001051132230838
3399,679035965058.6376,2883.426370145384,0.0012292947620834984,0.14049583331222854,1.000105040605383
3400,679325948213.5745,2883.460325784055,0.0012294420596794585,0.1405009412277565,1.0001049685039851
3401,679616041708.9083,2883.4942669974084,0.0012295893338728691,0.14050604842825382,1.0001048976477946
3402,679906247315.6414,2883.5281960263565,0.0012297365893627313,0.14051115496436278,1.0001048254022136
3403,680196562745.766,2883.562115969019,0.0012298838304203848,0.14051626077864027,1.000104752646873
3404,680486987994.8357,2883.596023717065,0.0012300310516358947,0.14052136586542413,1.0001046809396335
3405,680777524540.6233,2883.6299185887115,0.0012301782525023454,0.14052647026272344,1.00010460926011
3406,681068172192.0964,2883.6638006972335,0.0012303254331338432,0.14053157396653876,1.0001045376433777
3407,681358931168.4143,2883.697670658357,0.0012304725946234488,0.14053667697979833,1.0001044660146836
3408,681649801655.5007,2883.731526344567,0.0012306197334224452,0.14054177930773798,1.0001043949086588
3409,681940784265.061,2883.7653674861645,0.0012307668493949492,0.14054688096945508,1.0001043239501621
3410,682231879224.4553,2883.799194260585,0.0012309139430872063,0.140551981979411,1.000104252859748
3411,682523086389.0597,2883.8330079922303,0.0012310610163893735,0.14055708231697017,1.0001041815260538
3412,682814405633.015,2883.8668078719884,0.001231208067937647,0.14056218198368092,1.0001041104015682
3413,683105837315.6726,2883.9005958576276,0.0012313551010673322,0.1405672809796151,1.0001040387513724
3414,683397380855.9829,2883.9343879838075,0.001231502143656932,0.14057237933322228,1.0001039621847512
3415,683689030427.1094,2883.968166465899,0.001231649162028027,0.14057747685629582,1.0001038908040634
3416,683980793038.9772,2884.0019298570305,0.0012317961565964889,0.14058257371420704,1.0001038201461443
3417,684272668979.8907,2884.035677696741,0.0012319431267573126,0.140587669917914,1.0001037497100342
3418,684564658558.4166,2884.069410869269,0.001232090074105508,0.14059276547280794,1.000103679021045
3419,684856761507.5579,2884.1031295168614,0.0012322369987095981,0.1405978603694987,1.0001036083004906
3420,685148978011.7937,2884.136833560466,0.0012323839004609912,0.1406029546100663,1.0001035376459697
3421,685441308171.729,2884.170523455198,0.0012325307801545893,0.140608048196046,1.0001034668166884
3422,685733751796.439,2884.204198947032,0.001232677637205943,0.14061314111942633,1.0001033963012795
3423,686026309554.0479,2884.23785762157,0.00123282446780953,0.14061823339916224,1.0001033263488102
3424,686318982066.4304,2884.271497837077,0.0012329712696932903,0.14062332506640812,1.0001032569677197
3425,686611770141.0571,2884.3051207419126,0.001233118044945474,0.14062841612893798,1.000103187228343
3426,686904673274.3702,2884.3387310062885,0.001233264800962743,0.14063350655370915,1.0001031156831168
3427,687197688973.1797,2884.3723313516725,0.0012334115388249907,0.14063859613739946,1.0001030455580975
3428,687490820290.5428,2884.405909505526,0.001233558239698368,0.14064368500362723,1.00010297708777
3429,687784067993.7382,2884.4394711771333,0.0012337049154582795,0.1406487732733594,1.0001029073427123
3430,688077431065.4789,2884.473016604255,0.0012338515658813912,0.14065386091129087,1.0001028374731589
3431,688370909627.2606,2884.506664647093,0.0012339984009490743,0.1406589482934342,1.00010273334287
3432,688664462104.4655,2884.540291430989,0.0012341451842697321,0.14066403402643493,1.0001026609690555
3433,688958129719.6091,2884.5737933164996,0.001234291773613045,0.14066912011466312,1.0001026197816194
3434,689251949840.4808,2884.607272948911,0.0012344383449798988,0.1406742065788087,1.000102553092402
3435,689545886196.4802,2884.6407375298313,0.0012345848934289738,0.14067929243547297,1.0001024833095378
3436,689839938343.8267,2884.6741868910594,0.0012347314180185841,0.14068437764798403,1.0001024133342122
3437,690134106374.7358,2884.707624816105,0.0012348779250962835,0.1406894622094636,1.0001023419157
3438,690428388269.8892,2884.7410489026383,0.0012350244096046895,0.1406945460666415,1.000102271912418
3439,690722786705.5131,2884.774706181037,0.0012351712543834242,0.1406996269279897,1.0001021367310061
3440,691017217165.2783,2884.8083550425495,0.0012353180475989795,0.14070470490126571,1.0001020615992429
3441,691311765270.7294,2884.841979636529,0.0012354648023951357,0.14070978228213246,1.0001019936868178
3442,691606432515.3546,2884.875580262048,0.0012356115207894456,0.14071485915715118,1.0001019263285689
3443,691901219146.3013,2884.909160103456,0.0012357582082874125,0.14071993552995843,1.0001018576975116
3444,692196123245.8977,2884.9427208694506,0.0012359048667540072,0.1407250113407559,1.000101789395744
3445,692491146158.4009,2884.976250336504,0.0012360514770832815,0.14073008669511308,1.0001017250483937
3446,692786293536.8756,2885.009517091293,0.0012361976834928095,0.14073516391940238,1.0001017161142933
3447,693081633418.6475,2885.0427722427917,0.0012363439052287797,0.1407402423843817,1.0001016523742035
3448,693377093469.0151,2885.0760061265005,0.0012364900954521703,0.1407453203672392,1.0001015847551038
3449,693672673090.605,2885.1092212491117,0.0012366362577976172,0.14075039783096907,1.0001015156900217
3450,693968370511.9214,2885.1424772089667,0.0012367824859360256,0.14075547429130514,1.0001014243416126
3451,694264151768.7185,2885.1763948622283,0.001236929728714111,0.1407605431557291,1.0001011922840857
3452,694559851444.7896,2885.2102617376245,0.0012370768031847766,0.14076560662326965,1.0001011133998228
3453,694855669089.7645,2885.244104523835,0.001237223838393398,0.1407706694338915,1.000101045503007
3454,695151607024.5139,2885.277924377194,0.0012373708386963116,0.14077573172343263,1.0001009782358106
3455,695447665322.0454,2885.3117243932043,0.0012375178089042108,0.14078079346424874,1.0001009102369005
3456,695743843073.6084,2885.345502155078,0.001237664744856558,0.14078585465625806,1.0001008428461746
3457,696040141292.2424,2885.3794202087797,0.00123781190714917,0.14079091425782803,1.0001007124140864
3458,696336460680.0708,2885.4141112646175,0.0012379602353333832,0.1407959639463869,1.0001004612496267
3459,696632685082.8002,2885.4487785707975,0.0012381084297521559,0.14080100755783398,1.0001003740748873
3460,696929018027.9814,2885.483451349014,0.0012382566263433171,0.14080604997142568,1.0001002983144487
3461,697225461674.6832,2885.518130477862,0.0012384048289265153,0.14081109131864025,1.0001002232882414
3462,697522016130.5438,2885.5528166530466,0.0012385530386918994,0.1408161315992456,1.0001001481803935
3463,697818681295.3535,2885.587510519363,0.0012387012565564922,0.14082117080242448,1.0001000729347542
3464,698115457060.0657,2885.6222206237785,0.0012388494967476296,0.14082620890256617,1.0000999942777018
3465,698412338083.0295,2885.6569634048547,0.0012389977840313402,0.14083124570237118,1.0000999126415677
3466,698709322251.0935,2885.6917315435007,0.0012391461051355042,0.14083628116127125,1.000099832148988
3467,699006410814.3049,2885.7265259060373,0.0012392944619558134,0.14084131530190497,1.0000997516063972
3468,699303603651.3632,2885.7613471232967,0.001239442855402406,0.14084634811385663,1.000099670936585
3469,699600900631.7827,2885.796195787988,0.0012395912862689165,0.1408513795837898,1.000099590173671
3470,699898301657.1824,2885.8310720321247,0.0012397397543387394,0.14085640968592972,1.000099509497507
3471,700195806742.6709,2885.865977091946,0.0012398882619176698,0.1408614384299911,1.000099428440904
3472,700493415567.2157,2885.900911575806,0.0012400368097656284,0.1408664657991255,1.0000993472339221
3473,700791127991.5978,2885.9358051337967,0.0012401852792625061,0.14087149192371756,1.0000992950603058
3474,701088991321.0297,2885.9706591026024,0.0012403336949782405,0.14087651807013807,1.0000992243725102
3475,701386960917.4203,2886.0055578779084,0.00124048217871595,0.14088154291654303,1.0000991401794717
3476,701685029566.2622,2886.0405029156577,0.0012406307283410166,0.1408865661984403,1.0000990542979733
3477,701983195975.1572,2886.075501522634,0.001240779355118958,0.14089158784091457,1.0000989656178665
3478,702281455855.3534,2886.110605757141,0.0012409281416204314,0.14089660744737206,1.0000988651357845
3479,702579795039.3446,2886.145757721304,0.0012410769876129942,0.1409016249783051,1.0000987772757195
3480,702878230630.6676,2886.1809607043633,0.0012412259056153179,0.1409066408220808,1.0000986901040283
3481,703176762554.892,2886.216214849033,0.0012413748959115274,0.14091165497965014,1.0000986030997967
3482,703475391071.5209,2886.25151863702,0.001241523956233311,0.14091666746929488,1.0000985163766407
3483,703774116419.2244,2886.286802093058,0.0012416729688132305,0.1409216784399237,1.0000984586703867
3484,704072986780.902,2886.322059579686,0.0012418219472131774,0.14092668921254067,1.0000983809035213
3485,704371951853.9692,2886.3574055050276,0.001241971058264027,0.14093169808108852,1.000098292459882
3486,704671016887.9526,2886.392678211309,0.001242120037569445,0.1409367058302269,1.000098234462853
3487,704970215494.0643,2886.4279981514364,0.0012422690982235526,0.14094171278758086,1.0000981519601906
3488,705269514594.1053,2886.463358153496,0.0012424182144169286,0.14094671818823545,1.0000980690044852
3489,705568915966.4951,2886.498726068058,0.001242567333348152,0.1409517221762785,1.0000979949648623
3490,705868432368.5682,2886.53409642505,0.0012427164512928339,0.14095672507477516,1.0000979223372088
3491,706168064168.6549,2886.569469507386,0.0012428655689808133,0.14096172689762462,1.0000978497845066
3492,706467811436.2592,2886.6048219570744,0.0012430146480142932,0.14096672774903043,1.000097783043862
3493,706767682072.3896,2886.6402118672804,0.00124316378719903,0.14097172755793272,1.000097701038684
3494,707067653578.2007,2886.675713583162,0.001243313098950352,0.1409767254350331,1.0000975972389505
3495,707367696155.3264,2886.711274023862,0.0012434624831234005,0.14098172088484995,1.0000975094650475
3496,707667837910.6727,2886.7468802900203,0.0012436119301545963,0.14098671462397447,1.0000974245361784
3497,707968079393.3175,2886.782532917503,0.001243761441418869,0.1409917066769234,1.0000973397495059
3498,708268420560.8003,2886.818232555178,0.0012439110179894917,0.14099669704004772,1.000097254846257
3499,708568861260.7498,2886.8539796066475,0.0012440606603599583,0.14100168570077481,1.0000971698918066
3500,708869401429.9625,2886.889774545825,0.001244210369201611,0.14100667264972844,1.0000970848592805
3501,709170040960.1393,2886.9256180618063,0.0012443601456159198,0.14101165788086512,1.0000969996704945
3502,709470779652.4724,2886.9615104949157,0.0012445099899401977,0.14101664137889278,1.0000969144564646
3503,709771617479.2887,2886.997452402661,0.0012446599030265537,0.14102162313645586,1.0000968291266135
3504,710072554275.4126,2887.0334444221376,0.0012448098858368667,0.14102660314461996,1.0000967436770902
3505,710373589898.3461,2887.069339419696,0.0012449596963253642,0.1410315820672476,1.0000966988785511
3506,710674784665.284,2887.1052640915827,0.0012451095677168376,0.14103656073824253,1.000096620298568
3507,710976082038.1903,2887.1412334355673,0.0012452595018023489,0.1410415377927725,1.0000965369283077
3508,711277480775.4137,2887.177247858314,0.001245409498049402,0.14104651315989294,1.000096453140886
3509,711578980669.3242,2887.213307695991,0.001245559556678422,0.14105148681818566,1.0000963693105285
3510,711880581670.4326,2887.2494139996024,0.0012457096794761292,0.14105645876505757,1.0000962852139454
3511,712182283455.8606,2887.285567442245,0.0012458598673432617,0.14106142898464083,1.0000962009619374
3512,712484085828.446,2887.3217686226053,0.001246010121071151,0.1410663974621219,1.0000961166336488
3513,712785988682.5194,2887.3580180837116,0.001246160441383754,0.14107136418429211,1.000096032191114
3514,713087991869.3611,2887.3943277509497,0.0012463108472855653,0.14107632906028797,1.0000959433394794
3515,713390087693.0695,2887.4313761213184,0.0012464624077082652,0.14108128627895952,1.0000956924585538
3516,713692045787.0737,2887.468468107993,0.0012466139276897982,0.1410862361245164,1.000095590096406
3517,713994091507.6963,2887.5056368687806,0.0012467655522269505,0.14109118356140132,1.0000954974781588
3518,714296226657.5171,2887.5428818670366,0.0012469172841425259,0.1410961287998859,1.0000954055488316
3519,714598451717.1105,2887.58025310336,0.0012470692045923415,0.14110107154274404,1.0000952963492
3520,714900736927.8556,2887.6177239334597,0.0012472212559762772,0.14110601113219715,1.0000952024442313
3521,715203114737.977,2887.655263139587,0.0012473734012350775,0.14111094852066797,1.0000951125920803
3522,715505584977.3162,2887.6928758583463,0.001247525651047904,0.14111588380844947,1.000095021844663
3523,715808146571.2468,2887.7305400085197,0.0012476779637660006,0.14112081679648056,1.0000949399474734
3524,716110814137.6647,2887.7682130932067,0.001247830269786946,0.14112574770141026,1.000094865224188
3525,716413592503.2975,2887.8059635644645,0.0012479826934626288,0.14113067686405578,1.0000947752564993
3526,716716461447.191,2887.8437451597692,0.001248135154471089,0.1411356042629601,1.0000946947528686
3527,717019436649.3857,2887.881188831734,0.001248287066233046,0.14114053280923697,1.0000947616402707
3528,717322784115.0314,2887.9171888021933,0.0012484368080653827,0.14114547898661822,1.0000949959545753
3529,717626638632.5779,2887.953294588876,0.0012485868802360894,0.14115043269428804,1.0000949336865737
3530,717930600815.1326,2887.9894477406983,0.001248737023185894,0.14115538497062025,1.000094851506593
3531,718234665363.0913,2888.025654094725,0.0012488872427288604,0.14116033557239988,1.0000947661893913
3532,718538829559.4198,2888.0619753968754,0.0012490376423763554,0.14116528431155975,1.0000946625173963
3533,718843064496.7626,2888.098358186264,0.0012491881162339812,0.14117023042767896,1.0000945770661955
3534,719147403202.8705,2888.134792227405,0.001249338661252548,0.141175174747791,1.0000944916960364
3535,719451840940.7094,2888.171282414762,0.0012494892861333452,0.14118011728375343,1.000094405776753
3536,719756377755.3896,2888.207826748124,0.0012496399876354646,0.14118505804666298,1.0000943204734778
3537,720061014987.9509,2888.2444144219216,0.0012497907465896718,0.14118999700886642,1.0000942392120162
3538,720365758774.8448,2888.281027522899,0.0012499415376844918,0.14119493449118375,1.0000941606009457
3539,720670611132.2422,2888.317689524804,0.0012500924005947572,0.1411998704386978,1.000094077626703
3540,720975566827.4595,2888.3543992770897,0.0012502433312639582,0.1412048047336163,1.0000939939561861
3541,721280624547.1632,2888.391156452117,0.001250394327682684,0.14120973729336542,1.0000939111778424
3542,721585786043.4558,2888.427956960426,0.0012505453831041144,0.14121466813576258,1.0000938290752681
3543,721891051880.2285,2888.4648037883003,0.0012506965033423174,0.14121959729605543,1.0000937464563369
3544,722196421412.9811,2888.5016934907558,0.0012508476827135903,0.1412245247891608,1.000093665027065
3545,722501896890.8463,2888.5386279133563,0.0012509989261541917,0.1412294507122554,1.0000935819344063
3546,722807474796.8446,2888.575608352889,0.001251150233613359,0.14123437493459157,1.0000934998662006
3547,723113157788.9707,2888.612624158441,0.0012513015870125994,0.14123929747635178,1.000093420497614
3548,723418949568.097,2888.649677244418,0.0012514529910464052,0.14124421841449464,1.0000933407965111
3549,723724849111.8779,2888.6867761214194,0.0012516044626790586,0.14124913787314833,1.0000932568206822
3550,724030849310.4158,2888.723919173437,0.0012517559959386987,0.14125405567227706,1.0000931760883593
3551,724336957823.3148,2888.7610950997955,0.0012519075711413573,0.1412589718055233,1.000093097730878
3552,724643176259.7391,2888.798303704719,0.0012520591888317758,0.14126388632209272,1.0000930196551017
3553,724949504915.0802,2888.835557847883,0.0012522108752736588,0.14126879944506485,1.000092935135101
3554,725255932758.6588,2888.8728568721713,0.0012523626248693096,0.1412737109218387,1.0000928548016357
3555,725562470186.1206,2888.9101870948766,0.0012525144143651795,0.14127862077817413,1.0000927770104409
3556,725869118572.8074,2888.94754843014,0.0012526662443997163,0.14128352905784264,1.0000926994539243
3557,726175878055.4044,2888.98489440067,0.001252818043502561,0.14128843627614512,1.0000926383865265
3558,726482780360.013,2889.022094415696,0.0012529696256072436,0.14129334471632804,1.0000925962464757
3559,726789842181.9474,2889.0593456353495,0.001253121302377632,0.14129825266836088,1.0000925175648345
3560,727097010832.7239,2889.0966399755403,0.0012532730392964965,0.1413031589755949,1.0000924367458381
3561,727404286115.4758,2889.1339766688643,0.0012534248347055145,0.1413080636186182,1.0000923559946326
3562,727711668334.0168,2889.171407624582,0.0012535767711380262,0.1413129661704667,1.0000922604102955
3563,728019131015.1349,2889.2089015929205,0.0012537287902171688,0.14131786639556287,1.000092175417538
3564,728326697894.886,2889.2464414215524,0.0012538808745854153,0.14132276499223653,1.0000920931208972
3565,728634369883.4866,2889.284026504275,0.0012540330239283757,0.14132766200098187,1.0000920112290532
3566,728942147390.8485,2889.321815607813,0.001254185504474983,0.14133255688891264,1.0000918678857893
3567,729249911796.2037,2889.36001633804,0.0012543385977535379,0.1413374452004554,1.000091717820083
3568,729557701998.1235,2889.398222245346,0.0012544916517077075,0.14134232995591567,1.0000916357276195
3569,729865599346.4323,2889.436466421174,0.001254644761648978,0.14134721328728037,1.00009155551215
3570,730173604632.6573,2889.4747481829386,0.0012547979269891833,0.1413520952272953,1.0000914756468864
3571,730481718279.4082,2889.513067625395,0.0012549511479987743,0.14135697578102452,1.0000913957276747
3572,730789940074.669,2889.5514191509296,0.001255104413508902,0.14136185486628552,1.0000913186686646
3573,731098275331.6877,2889.5897432593515,0.0012552576096761744,0.14136673189370189,1.0000912579039791
3574,731406746462.4738,2889.6281027307364,0.0012554108684235685,0.14137160814965963,1.0000911809854858
3575,731715329060.5942,2889.6661631235215,0.0012555636434317717,0.14137648560040075,1.0000912250269303
3576,732024262286.9296,2889.7038264262865,0.0012557158855640183,0.14138137107951138,1.0000912178024333
3577,732333369850.3854,2889.7414886223273,0.0012558681527155722,0.1413862572530072,1.0000911537117039
3578,732642605395.525,2889.7791297080894,0.0012560203855113373,0.1413911427362019,1.0000910922015827
3579,732951979707.5848,2889.816729600398,0.0012561725485026826,0.14139602750012065,1.0000910335532407
3580,733261493892.4075,2889.854770991697,0.001256325420772023,0.14140090815314243,1.0000908425169779
3581,733570914334.0225,2889.892919454519,0.0012564783734971886,0.14140578202581391,1.000090754775391
3582,733880459756.4062,2889.931056020387,0.0012566313027649587,0.14141065491245625,1.0000906873664992
3583,734190134841.1259,2889.969181929117,0.0012567842151206033,0.14141552706055152,1.00009062123627
3584,734499939961.1866,2890.0073077895304,0.001256937131630917,0.14142039861743427,1.000090551425677
3585,734809868952.5837,2890.0454218915975,0.0012570900270195363,0.14142526930744556,1.0000904861709277
3586,735119930558.534,2890.083520372359,0.001257242896700173,0.14143013925124268,1.0000904218510585
3587,735430125110.7849,2890.1216032914276,0.001257395740948758,0.14143500845914134,1.0000903575973419
3588,735740452794.3043,2890.1596706532628,0.0012575485597749007,0.14143987693187202,1.0000902933629419
3589,736050913788.1848,2890.1977243353936,0.0012577013568878049,0.1414447446948643,1.0000902282872655
3590,736361506591.2493,2890.2357734995235,0.0012578541495572174,0.14144961182293958,1.0000901607702661
3591,736672227828.0903,2890.2738138822883,0.0012580069282067084,0.14145447819525508,1.0000900942123057
3592,736983079377.9902,2890.312025133125,0.0012581599754362802,0.14145934211406733,1.0000899869795203
3593,737293993428.9296,2890.350215868068,0.0012583129639500209,0.14146420391065845,1.0000899188458001
3594,737605038870.4872,2890.3883941120002,0.0012584659331101205,0.14146906501305398,1.000089853307295
3595,737916216507.129,2890.4265501954887,0.0012586188643666648,0.14147392532578287,1.0000897925179497
3596,738227535187.9248,2890.464666022207,0.0012587717259427253,0.14147878483543447,1.000089734039528
3597,738538995053.1903,2890.5027765351415,0.0012589245858255858,0.14148364394303498,1.000089667499602
3598,738850585096.6726,2890.540880131969,0.0012590774368824607,0.14148850240488875,1.0000896004736919
3599,739162305383.9437,2890.5789765108134,0.0012592302783704724,0.1414933602091404,1.0000895336447466
3600,739474156243.8813,2890.617065505525,0.0012593831100056194,0.14149821735644222,1.0000894668114717
3601,739786137705.789,2890.6551474828025,0.001259535932563497,0.14150307385480576,1.0000893998951115
3602,740098249865.0037,2890.6931969641914,0.0012596886960770366,0.1415079293925121,1.0000893430556765
3603,740410511507.1526,2890.7312193579774,0.0012598414180429083,0.14151278442393334,1.000089281086513
3604,740722908882.7057,2890.769145365662,0.0012599939859111967,0.14151763941443377,1.000089246605382
3605,741035502757.1086,2890.8069512882125,0.0012601463880869267,0.14152249603634748,1.0000891983570117
3606,741348245243.1255,2890.8447642458573,0.0012602988082182347,0.14152735215765885,1.000089130606525
3607,741661115814.7189,2890.8825821419982,0.001260451233844297,0.14153220728391236,1.0000890614377975
3608,741974113809.7639,2890.920408055597,0.001260603670322933,0.14153706141444408,1.0000889909983082
3609,742287237037.0333,2890.9582643912945,0.001260756160525201,0.14154191476183994,1.0000889152550736
3610,742600478329.1794,2890.996113103264,0.0012609086288885205,0.14154676680957937,1.000088848635498
3611,742913852050.8512,2891.0339595328896,0.001261061089450851,0.14155161782299563,1.0000887819969597
3612,743227357576.6345,2891.0718037790857,0.0012612135421288637,0.14155646778800726,1.000088715342301
3613,743540994973.8778,2891.1096460170825,0.0012613659871671668,0.14156131670146194,1.0000886486486076
3614,743854764355.9313,2891.147486409618,0.001261518424811465,0.14156616456148594,1.000088581947047
3615,744168665810.6958,2891.1853581180617,0.001261670919769627,0.14157101175117137,1.000088502448693
3616,744482675071.253,2891.2232235766705,0.0012618233967119966,0.14157585772266731,1.000088440711437
3617,744796833023.4341,2891.2610405376895,0.0012619757962840236,0.1415807032845613,1.000088382627805
3618,745111134821.223,2891.298859166432,0.0012621281992352953,0.14158554805453527,1.000088315837542
3619,745425568005.5188,2891.336679035664,0.0012622806003360176,0.14159039178121244,1.000088248360036
3620,745740132493.0032,2891.3744249519455,0.0012624328790732913,0.14159523507105135,1.0000881990393855
3621,746054861669.0719,2891.4121945093407,0.001262585204482739,0.14160007784631562,1.0000881262426642
3622,746369709018.499,2891.450017233435,0.001262737610385682,0.1416049191107613,1.0000880439028468
3623,746684660831.4075,2891.4878939709174,0.0012628900916451845,0.14160975849210097,1.000087963916496
3624,746999725349.6705,2891.5258074966823,0.0012630426220055686,0.14161459620436315,1.0000878868529355
3625,747314905895.4661,2891.563758822316,0.0012631952046020449,0.1416194323234171,1.000087809748567
3626,747630202461.919,2891.601750819444,0.001263347843804038,0.1416242668120408,1.0000877318221864
3627,747945612956.6305,2891.6397863747047,0.0012635005432421616,0.1416290995900257,1.0000876538794767
3628,748261138232.4574,2891.67786029964,0.0012636532950852115,0.14163393072576602,1.0000875768106583
3629,748576779462.0013,2891.715970467671,0.0012638060954534517,0.14163876020933083,1.0000875009103578
3630,748892538984.6654,2891.7541145942214,0.0012639589407013824,0.14164358805948513,1.000087425087671
3631,749208416127.1035,2891.79229645679,0.0012641118377816653,0.14164841429498895,1.0000873485920287
3632,749524410094.5027,2891.8305161715466,0.0012642647865196244,0.1416532388938414,1.000087272039403
3633,749840520876.2219,2891.86877402588,0.0012644177873359032,0.14165806185061802,1.00008719545675
3634,750156748455.7429,2891.907070243872,0.0012645708405548033,0.14166288316068978,1.0000871188587637
3635,750473092839.1516,2891.9454050348254,0.0012647239464859397,0.14166770282004526,1.0000870422504016
3636,750789554038.3457,2891.9837785910727,0.0012648771054142556,0.14167252082494625,1.0000869656360172
3637,751106132073.791,2892.0222071191133,0.0012650303491170793,0.14167733736610919,1.0000868847122935
3638,751422819810.4084,2892.0606513538087,0.0012651836046429015,0.14168215220456087,1.000086812672196
3639,751739632657.0369,2892.0991453664237,0.0012653369328160151,0.14168696540723485,1.0000867342287365
3640,752056558384.6495,2892.137689307969,0.001265490329459611,0.14169177672429334,1.0000866552028103
3641,752373596725.9496,2892.1762830581893,0.0012656437941754714,0.1416965861440776,1.0000865762023732
3642,752690747788.74,2892.214926542912,0.0012657973268431163,0.14170139366596804,1.0000864972658154
3643,753008011698.4655,2892.2536196750902,0.0012659509273328256,0.14170619929009265,1.0000864183990272
3644,753325388588.2521,2892.292377799242,0.0012661046255011367,0.14171100318254273,1.000086332836337
3645,753642864134.2842,2892.3312023479675,0.001266258418720689,0.14171580505423875,1.0000862510357493
3646,753960450518.7666,2892.370076984172,0.0012664122797130823,0.14172060497818925,1.0000861719028113
3647,754278149691.0225,2892.409004624494,0.001266566214944902,0.14172540302922534,1.0000860922141706
3648,754595960397.0156,2892.4479820100296,0.0012667202178113055,0.14173019915596735,1.0000860134644323
3649,754913884473.7139,2892.487036013165,0.0012668743379319189,0.1417349934993921,1.0000859271220723
3650,755231906957.2119,2892.526146285684,0.0012670285329848881,0.14173978568445325,1.0000858465776867
3651,755550040755.2139,2892.5653099240935,0.0012671828020674378,0.1417445759439371,1.0000857669112853
3652,755868286247.1322,2892.604300923322,0.001267336781623616,0.1417493660953844,1.0000857448182208
3653,756186759269.1387,2892.643454495366,0.0012674910566562974,0.1417541560029738,1.000085618671379
3654,756505220791.5134,2892.6835851077285,0.0012676468342135462,0.14175893332505657,1.000085347968014
3655,756823459639.74,2892.72370471886,0.001267802459912021,0.14176370238027422,1.0000852654406374
3656,757141827064.5106,2892.7638297557373,0.0012679580885320326,0.1417684702138954,1.0000851968658448
3657,757460326632.169,2892.8039614454897,0.001268113725216242,0.14177323699319913,1.000085129045673
3658,757778958524.7982,2892.844106207508,0.0012682693812900666,0.14177800272198854,1.0000850589234223
3659,758097717540.6357,2892.884298248211,0.001268425114148069,0.14178276725483102,1.0000849819416036
3660,758416592741.9395,2892.9244979825,0.001268580851161002,0.14178753041190964,1.000084912938878
3661,758735599072.8906,2892.9647076433284,0.0012687366013297908,0.14179229247736072,1.000084844403847
3662,759054736734.5885,2893.0049273184227,0.0012688923648816548,0.14179705345519042,1.000084775956588
3663,759374005967.1368,2893.0451459204496,0.0012690481237534093,0.14180181342301135,1.0000847102053505
3664,759693412174.7325,2893.085242543108,0.0012692036878327038,0.14180657361316612,1.000084672918114
3665,760013011739.9382,2893.125353359446,0.0012693592956510757,0.14181133400416854,1.000084604302385
3666,760332736886.5731,2893.1654933029454,0.001269514945938565,0.14181609306050655,1.000084531538761
3667,760652585791.9817,2893.2056577685585,0.0012696706297230546,0.1418208507319191,1.0000844595756806
3668,760972560418.8033,2893.2458488435555,0.0012698263514300458,0.14182560706043382,1.0000843871288552
3669,761292659739.7485,2893.2860670834734,0.0012699821116239744,0.14183036202254676,1.0000843145716076
3670,761612883699.1732,2893.326312847959,0.0012701379108090657,0.14183511561058268,1.0000842419620846
3671,761933232255.5817,2893.366586490061,0.0012702937494931967,0.14183986781770416,1.0000841693072609
3672,762253705369.8264,2893.4068882169295,0.001270449627869015,0.14184461863376874,1.000084096680445
3673,762574303054.8558,2893.4472185004834,0.0012706055467408355,0.1418493680568113,1.0000840239437478
3674,762895025247.0363,2893.4875500200455,0.0012707614606894643,0.14185411622998123,1.0000839610755867
3675,763215895234.0785,2893.527811591608,0.0012709172626747384,0.14185886415940877,1.0000839085211586
3676,763536925042.8748,2893.568188025648,0.001271073256797318,0.14186361069607614,1.0000838186135192
3677,763858043399.858,2893.6085669417107,0.0012712292356418175,0.1418683552825244,1.0000837506806446
3678,764179298631.043,2893.6489481857834,0.0012713852162490808,0.1418730988850229,1.0000836845466505
3679,764500691193.7434,2893.689332312578,0.0012715411998700094,0.14187784151908833,1.0000836184444633
3680,764822221074.0948,2893.7297197663584,0.0012716971871638788,0.14188258317803545,1.0000835522740235
3681,765143888235.4768,2893.7701109809377,0.001271853178750417,0.14188732385398137,1.000083486031453
3682,765465692641.1718,2893.8105058806727,0.0012720091742878582,0.14189206353536077,1.0000834198516118
3683,765787634517.0748,2893.8509062903645,0.0012721651769650353,0.14189680222114387,1.000083353161679
3684,766109712868.88,2893.891313982905,0.0012723211890578823,0.1419015398644068,1.0000832863174443
3685,766431927763.1827,2893.931781989818,0.0012724772983455208,0.14190627615879484,1.0000832001638695
3686,766754232542.3002,2893.97238547629,0.0012726336086315822,0.14191100951851948,1.0000831106938322
3687,767076639502.1473,2894.01296893825,0.0012727898706494651,0.1419157412945116,1.0000830474111106
3688,767399192271.4662,2894.053636053933,0.0012729462717234457,0.14192047176166103,1.0000829513712444
3689,767721808753.074,2894.0944094935476,0.001273102816341146,0.14192519894424052,1.0000828721271044
3690,768044554223.2124,2894.1325746581256,0.001273255151447637,0.1419299464731287,1.0000835159547437
3691,768369040327.0258,2894.169836986887,0.001273406628495625,0.14193473392749628,1.0000835802816075
3692,768693697312.4302,2894.2071019402897,0.0012735581347978588,0.14193952195894904,1.0000835250562783
3693,769018507571.4318,2894.244372625513,0.0012737096521816195,0.14194430924982676,1.0000834577715794
3694,769343454502.1954,2894.281659043504,0.0012738611898787256,0.14194909533345704,1.0000833889266127
3695,769668538115.3126,2894.3189781649967,0.0012740127755338374,0.14195388008503812,1.0000833148358634
3696,769993746175.3032,2894.3563550903923,0.0012741644456235356,0.14195866307363358,1.0000832361006344
3697,770319071250.0723,2894.3937884018287,0.0012743161949766914,0.14196344414887702,1.0000831573390243
3698,770644513845.6964,2894.431518204932,0.0012744684291529414,0.14196822234415382,1.0000830126070512
3699,770969923703.1954,2894.4693604890035,0.0012746207835127154,0.14197299539462438,1.000082926150554
3700,771295455695.6532,2894.507242054102,0.0012747731886723233,0.14197776661525574,1.0000828509944646
3701,771621113144.0686,2894.545164752327,0.0012749256503744929,0.14198253614330344,1.000082776034195
3702,771946895108.4459,2894.5831496176465,0.0012750782024003036,0.14198730379516708,1.0000826967692387
3703,772272792850.3828,2894.6211791093865,0.0012752308133162826,0.1419920695401974,1.0000826207705238
3704,772598813567.6398,2894.6591801345985,0.0012753833657974938,0.14199683401726548,1.0000825655620122
3705,772925005614.6006,2894.6971858012753,0.0012755359317145635,0.14200159797982698,1.0000824973457696
3706,773251330344.4099,2894.7352202106104,0.0012756885368549644,0.14200636049845472,1.0000824260437935
3707,773577787033.4977,2894.773278187344,0.001275841171998866,0.1420111215672159,1.0000823563172367
3708,773904380094.4751,2894.8113550869625,0.0012759938312913298,0.14201588131557377,1.0000822867669945
3709,774231108617.846,2894.849456747835,0.0012761465239010718,0.14202063968054668,1.0000822161571303
3710,774557970616.8545,2894.887586996798,0.0012762992552766215,0.14202539658931584,1.000082144938525
3711,774884965318.2391,2894.925741736687,0.001276452018478458,0.14203015205725264,1.0000820746479364
3712,775212094909.208,2894.9639197932797,0.0012766048123244661,0.14203490613336317,1.0000820046154664
3713,775539359751.8684,2895.002121111196,0.001276757636839909,0.14203965882405722,1.000081934649508
3714,775866760030.3896,2895.040345722515,0.0012769104921828073,0.14204441013454636,1.0000818646723593
3715,776194295813.2598,2895.0785942057823,0.0012770633796846493,0.1420491600816764,1.0000817945432408
3716,776521967025.0059,2895.116865806498,0.0012772162975746015,0.14205390864055714,1.0000817246955196
3717,776849774143.1333,2895.15515964373,0.00127736924437138,0.14205865581484664,1.0000816552386065
3718,777177718162.7518,2895.1934751958765,0.0012775222194397458,0.1420634016200158,1.000081585739703
3719,777505798751.5684,2895.2316273910337,0.0012776749263236713,0.14206814773665058,1.000081560890987
3720,777834119056.3992,2895.2697708020755,0.0012778276498906602,0.14207289483596347,1.0000814973688894
3721,778162578394.1976,2895.3079362545686,0.0012779804040995012,0.14207764066851608,1.0000814283267006
3722,778491175293.4569,2895.3461233965554,0.0012781331870691547,0.14208238516387808,1.0000813590196787
3723,778819909849.957,2895.384332186397,0.0012782859986934043,0.14208712831984077,1.00008128974425
3724,779148782202.3738,2895.422560698417,0.0012784388353391102,0.14209187012311517,1.0000812212718089
3725,779477794462.3806,2895.460807744994,0.0012785916955000542,0.14209661060624443,1.00008115264245
3726,779806945631.2031,2895.499076690823,0.0012787445851474954,0.142101349770455,1.0000810834646496
3727,780136234971.0283,2895.537367404122,0.001278897503752607,0.14210608759889795,1.0000810142930898
3728,780465662627.7941,2895.575679869714,0.0012790504513080809,0.14211082409226225,1.0000809451577066
3729,780795228755.0835,2895.61401407431,0.001279203427816616,0.1421155592516075,1.0000808760600177
3730,781124933506.9828,2895.652370004779,0.0012793564332816056,0.1421202930780168,1.0000808070000742
3731,781454777038.4388,2895.6907457688476,0.0012795094641447242,0.14212502555922202,1.0000807387269226
3732,781784761451.7428,2895.7291408689384,0.001279662520183149,0.14212975673136174,1.0000806701686582
3733,782114885512.4381,2895.7675569710395,0.0012798156041071132,0.14213448658106267,1.0000806014312758
3734,782445149235.5421,2895.805994043982,0.0012799687158188643,0.14213921510558272,1.0000805327186768
3735,782775552773.7164,2895.8444520767566,0.0012801218553237842,0.14214394230592894,1.0000804640419394
3736,783106096282.2767,2895.882929972151,0.0012802750208978071,0.14214866819373423,1.0000803957602429
3737,783436780880.1545,2895.921426774728,0.0012804282114122177,0.14215339279980244,1.00008032747938
3738,783767606285.098,2895.9599759222433,0.0012805814873045516,0.14215811619560442,1.0000802493964285
3739,784098548532.8544,2895.9985262249515,0.0012807347467965655,0.14216283775675972,1.0000801896859985
3740,784429658191.8241,2896.0370196222952,0.0012808879014024673,0.14216755827349706,1.00008013948896
3741,784760946982.216,2896.075485631277,0.0012810410086027946,0.14217227803939744,1.0000800845428957
3742,785092405009.2152,2896.1141502605237,0.0012811944767898106,0.14217699752497331,1.0000799715916908
3743,785423898632.9312,2896.1528442571466,0.0012813479546942385,0.14218171385350314,1.0000798958571244
3744,785755521651.3024,2896.1915654495665,0.0012815014672650105,0.14218642862213074,1.0000798282381373
3745,786087291743.1346,2896.230289338246,0.001281654976958528,0.14219114215336434,1.000079764494557
3746,786419213755.9293,2896.2690058175717,0.0012818084667464882,0.14219585449516933,1.0000797033821305
3747,786751293047.3773,2896.307715972105,0.001281961940333766,0.1422005657470097,1.0000796423311704
3748,787083529634.6763,2896.3464747196235,0.0012821154970463619,0.1422052760249339,1.0000795662893993
3749,787415887053.436,2896.385245779049,0.0012822690593849572,0.1422099845928223,1.000079500970873
3750,787748396112.9076,2896.4240202543383,0.0012824226210656413,0.14221469197583905,1.0000794373095991
3751,788081057333.8909,2896.4627675916845,0.0012825761261863243,0.14221939807520217,1.000079385959921
3752,788413904645.9321,2896.5012893126013,0.0012827292248658159,0.14222410298668903,1.0000793707677105
3753,788747004869.0764,2896.539900953545,0.001282882513322714,0.1422288087803889,1.000079292309465
3754,789080218679.6348,2896.578576117167,0.0012830358992040535,0.142233512926645,1.000079212766334
3755,789413550401.144,2896.617315852921,0.0012831893853684042,0.142238215479204,1.000079133068052
3756,789746999779.0286,2896.6561207051964,0.0012833429727594976,0.1422429164352344,1.000079053263067
3757,790080566568.1857,2896.6949873792205,0.0012834966554735928,0.14224761578949421,1.000078974732139
3758,790414254321.7616,2896.733921671944,0.0012836504450855905,0.1422523136124097,1.000078893852116
3759,790748055978.2654,2896.7729284957413,0.0012838043484340977,0.14225700979860856,1.0000788122666247
3760,791081970940.4169,2896.8120085226346,0.0012839583665404043,0.1422617043367569,1.000078730488102
3761,791415998853.4733,2896.851161931248,0.0012841124996718822,0.14226639722219458,1.0000786487575608
3762,791750139917.326,2896.890378233589,0.0012842667292004477,0.1422710884513457,1.000078569347865
3763,792084399359.5094,2896.929433642567,0.0012844206408508703,0.14227577705943434,1.0000785761340045
3764,792419017482.6587,2896.9681759626005,0.001284574039733708,0.1422804672088077,1.0000785633007137
3765,792753859922.61,2897.0070097527023,0.001284727625201563,0.14228515789641905,1.000078484292776
3766,793088815109.3455,2897.045916813476,0.0012848813264241892,0.14228984698502498,1.0000784028597987
3767,793423884379.3514,2897.0848991682965,0.0012850351470690953,0.14229453447698234,1.0000783207181723
3768,793759066187.0541,2897.1239236297897,0.001285189026259713,0.14229922026024533,1.0000782505040509
3769,794094393938.5005,2897.1627996185885,0.001285342661886388,0.14230390633207132,1.000078212782054
3770,794429933454.9459,2897.201768096667,0.001285496479396028,0.14230859257436312,1.0000781319029983
3771,794765584070.9281,2897.2406519373008,0.0012856501192146008,0.14231327648387632,1.0000780923874493
3772,795101452904.9092,2897.2795246943383,0.0012858037462498038,0.14231795996401717,1.0000780345602465
3773,795437484031.5576,2897.318414557179,0.0012859574010187784,0.14232264248784032,1.0000779691280681
3774,795773665419.347,2897.3573196460993,0.001286111076203003,0.14232732383472446,1.0000779030511249
3775,796109996049.6653,2897.3962405353486,0.0012862647724461798,0.14233200398363566,1.0000778369141223
3776,796446476083.3365,2897.4351777871825,0.001286418490620161,0.14233668292732354,1.0000777707338577
3777,796783105571.3859,2897.474128800069,0.0012865722263042578,0.1423413606765923,1.0000777051178642
3778,797119885964.2054,2897.513094060046,0.0012867259808283103,0.14234603725706563,1.0000776394680746
3779,797456817201.4729,2897.5520733434414,0.0012868797537862451,0.1423507126680604,1.0000775738845462
3780,797793899558.888,2897.59106555545,0.0012870335433431644,0.14235538691547925,1.0000775084770954
3781,798131133438.7163,2897.6300746603033,0.0012871873566546576,0.1423600600053334,1.0000774423082555
3782,798468517180.6158,2897.6691003376723,0.0012873411926297368,0.1423647319084872,1.000077376164731
3783,798806051052.271,2897.7081292050184,0.001287495027651983,0.14236940263395104,1.0000773131031433
3784,799143742783.0858,2897.747176765554,0.001287648891636562,0.1423740723122886,1.0000772466934986
3785,799481583737.6908,2897.786242777387,0.001287802781258137,0.14237874078307491,1.0000771803225272
3786,799819574827.4435,2897.8258423726293,0.001287957548370834,0.14238340451055415,1.000076941915009
3787,800157208636.567,2897.866081757645,0.001288113199972783,0.14238805342894154,1.0000767921714775
3788,800494890818.4805,2897.906305325777,0.0012882687815861994,0.1423926992008974,1.0000767256863061
3789,800832730614.348,2897.946527217162,0.0012884243584105797,0.14239734404101448,1.0000766642874173
3790,801170732425.323,2897.9867483045505,0.001288579933988573,0.1424019880595097,1.0000766019268714
3791,801508891935.2189,2898.02702207633,0.001288735594512933,0.14240663076200885,1.0000765261678444
3792,801847173038.5403,2898.0673162524777,0.0012888912738043324,0.14241127166350398,1.0000764618644868
3793,802185613822.5566,2898.1076155454725,0.0012890469600554046,0.1424159116140066,1.0000763984625722
3794,802524210717.8854,2898.1479225844005,0.0012892026569435472,0.14242055055827274,1.0000763348247061
3795,802862963598.758,2898.188239179769,0.0012893583674926674,0.142425188485329,1.0000762706300155
3796,803201870996.0282,2898.228565970237,0.001289514092210999,0.14242982536037702,1.0000762067676008
3797,803540934306.265,2898.2688989196517,0.001289669824424178,0.14243446121145553,1.0000761435436145
3798,803880155032.0905,2898.309238673401,0.001289825565632739,0.14243909605799773,1.0000760802782795
3799,804219533144.2008,2898.349589433708,0.001289981323127194,0.14244372988946427,1.0000760156252912
3800,804559064631.2358,2898.3899521508906,0.0012901370970878564,0.14244836262225805,1.0000759515917967
3801,804898752563.4863,2898.4303242050187,0.0012902928838210053,0.14245299430986158,1.0000758878032847
3802,805238597018.2004,2898.470706024779,0.001290448684043868,0.14245762494964465,1.0000758239690197
3803,805578597973.0449,2898.5110991357246,0.0012906045003333055,0.14246225453377484,1.0000757596845258
3804,805918754216.9679,2898.5515049378478,0.0012907603346207208,0.1424668830310804,1.0000756953251897
3805,806259066045.8009,2898.5919231309404,0.0012909161863820572,0.14247151044198017,1.0000756309663945
3806,806599533457.5518,2898.632354101944,0.0012910720562071115,0.1424761367608143,1.0000755665561103
3807,806940156435.0048,2898.672796406472,0.0012912279414587146,0.14248076198390214,1.0000755027266892
3808,807280936900.8978,2898.713245932536,0.0012913838355917832,0.14248538615428455,1.0000754393267175
3809,807621875289.5249,2898.753711730952,0.0012915397543371418,0.142490009249911,1.0000753743762703
3810,807962968100.5986,2898.794193630475,0.0012916956962107265,0.14249463120546918,1.0000753093337127
3811,808304215395.9149,2898.8346914044982,0.001291851660840465,0.14249925202244978,1.0000752443250387
3812,808645617341.0264,2898.8752024611977,0.0012920076435147681,0.14250387169557596,1.0000751804412558
3813,808987177630.6841,2898.9157245938436,0.001292163641596124,0.14250849029619136,1.000075116276003
3814,809328894304.3124,2898.9562624375167,0.0012923196624372425,0.14251310777386403,1.000075051539481
3815,809670766490.4364,2898.9968164346046,0.0012924757063831787,0.14251772410386224,1.000074986652278
3816,810012794046.7802,2899.0373892699845,0.0012926317776277634,0.14252233925313224,1.0000749212962101
3817,810354975911.0236,2899.077842310226,0.0012927876500418677,0.14252695438744792,1.0000748999823417
3818,810697449739.6073,2899.118136358218,0.001292943308968311,0.14253157255678406,1.0000748581833594
3819,811040112851.0168,2899.158453117173,0.0012930990139383486,0.14253619020236624,1.0000747941145478
3820,811382931724.4631,2899.198797892367,0.0012932547626330819,0.14254080667409055,1.000074725596955
3821,811725895572.9338,2899.239190064512,0.001293410586249881,0.1425454217846765,1.0000746559107712
3822,812069006672.656,2899.2795920163157,0.001293566419346391,0.14255003562617236,1.000074590958829
3823,812412273230.6973,2899.3200011743966,0.0012937222588275267,0.1425546482810791,1.0000745291483477
3824,812755705770.7993,2899.360429417369,0.0012938781286060339,0.14255925989864873,1.0000744632764902
3825,813099290618.8544,2899.4008835270592,0.0012940340360800087,0.14256387021909223,1.0000743965619683
3826,813443027549.9691,2899.441363750515,0.0012941899814340283,0.14256847922774904,1.0000743297720243
3827,813786916543.018,2899.4818703979304,0.0012943459651297493,0.14257308691900375,1.0000742629502695
3828,814130957618.9757,2899.5224037077,0.001294501987518404,0.14257769328820982,1.0000741960874433
3829,814475150858.5466,2899.5629546825503,0.00129465803286411,0.14258229835316957,1.000074132373282
3830,814819506334.8652,2899.6035156428834,0.0012948140912449212,0.1425869023225838,1.0000740685753227
3831,815164020741.5941,2899.6440980136804,0.0012949701809519087,0.14259150507973914,1.000074003211467
3832,815508691095.4644,2899.6846996287572,0.0012951262974636461,0.14259610658836253,1.0000739382865753
3833,815853519065.6603,2899.7253204615045,0.0012952824412609757,0.14260070687720333,1.0000738733749357
3834,816198504646.7635,2899.765960895105,0.0012954386129502915,0.14260530594160659,1.0000738084137086
3835,816543647813.0566,2899.8066357030525,0.0012955948382049976,0.14260990374109708,1.0000737385304166
3836,816888932780.2982,2899.8473793048947,0.0012957511707886056,0.1426144998480519,1.0000736653049245
3837,817234356997.6523,2899.8881226917306,0.0012959074911640305,0.1426190944707988,1.0000736036419016
3838,817579948976.607,2899.9288698567725,0.001296063815089854,0.14262368808395548,1.0000735424865788
3839,817925708944.607,2899.9696211724204,0.0012962201432802991,0.1426282806902718,1.0000734813108525
3840,818271636939.0101,2900.0103769735542,0.001296376476254697,0.1426328722854503,1.000073420090038
3841,818617732990.7645,2900.051137591902,0.0012965328145218011,0.14263746286490916,1.0000733588234045
3842,818963997129.6569,2900.091962980615,0.0012966892623637472,0.14264205226683827,1.0000732774671361
3843,819310363599.3567,2900.132873782313,0.0012968458331809082,0.1426466391957723,1.0000732043482694
3844,819656877902.8522,2900.1738024705437,0.0012970024247605685,0.1426512246715341,1.0000731393788556
3845,820003551712.8934,2900.2147506084834,0.001297159043936777,0.14265580891589458,1.000073074830058
3846,820350385367.5021,2900.25571822394,0.0012973156908563505,0.14266039193384314,1.0000730103344704
3847,820697379078.5764,2900.2967053580333,0.0012974723656148535,0.14266497372623888,1.0000729458541417
3848,821044533020.9434,2900.337711994637,0.0012976290681711658,0.1426695542920567,1.0000728814253463
3849,821391847436.3167,2900.378738110734,0.001297785798492839,0.1426741336314274,1.0000728170366477
3850,821739322535.379,2900.4197837907373,0.0012979425567213566,0.14267871174347277,1.0000727526655173
3851,822086958474.7118,2900.4607653255025,0.0012980991987270672,0.14268328894254642,1.000072707981946
3852,822434814122.5527,2900.5017435539726,0.0012982558479294741,0.14268786602735475,1.0000726482201645
3853,822782838222.993,2900.542751205199,0.0012984125450860534,0.14269244201732734,1.000072580681301
3854,823131011966.8102,2900.583819748121,0.0012985693376389201,0.1426970164221342,1.0000725077882517
3855,823479323759.4496,2900.624976915291,0.0012987262692036768,0.14270158890771087,1.000072427441871
3856,823827751296.4354,2900.666210172006,0.001298883309969337,0.1427061590674315,1.0000723506985567
3857,824176307768.7744,2900.7075221015657,0.0012990404693112446,0.14271072716024852,1.0000722729568738
3858,824524988929.8867,2900.748902017629,0.0012991977278611234,0.14271529317190534,1.000072199012049
3859,824873808141.9233,2900.7901739233266,0.001299354785578484,0.14271985794088732,1.0000721589662278
3860,825222857898.4117,2900.8315053569117,0.001299511958745177,0.14272442235319352,1.000072090767957
3861,825572057010.6106,2900.8728794306244,0.001299669194499195,0.14272898516616822,1.0000720216942296
3862,825921405094.3463,2900.914296475945,0.0012998264931123294,0.14273354636113478,1.0000719525335138
3863,826270902077.021,2900.955756883057,0.0012999838551588504,0.1427381059302385,1.0000718833252795
3864,826620547894.2372,2900.99710559367,0.0013001410168309124,0.1427426646499252,1.0000718463034264
3865,826970436864.2599,2901.038487174338,0.0013002982525413267,0.1427472233594888,1.000071782548561
3866,827320486136.3987,2901.079896329231,0.001300455528273725,0.14275178071201317,1.0000717171196751
3867,827670694904.6731,2901.121333682562,0.0013006128445542556,0.14275633667437246,1.0000716514937282
3868,828021062898.4207,2901.1627999661687,0.0013007702024608436,0.1427608912331137,1.0000715857382125
3869,828371589865.184,2901.2042959228274,0.0013009276031056693,0.14276544437556066,1.0000715198551455
3870,828722275547.5295,2901.2458223019967,0.0013010850476117863,0.14276999608894947,1.0000714538434647
3871,829073119682.6608,2901.287379877306,0.0013012425371245052,0.14277454635933123,1.000071387619249
3872,829424122135.3428,2901.328969418917,0.001301400072817403,0.14277909517462156,1.0000713213283932
3873,829775282493.0542,2901.3705916701547,0.001301557655795379,0.14278364252158202,1.000071254922414
3874,830126600481.8075,2901.412247408047,0.0013017152872278942,0.14278818838717144,1.0000711883838613
3875,830478075816.5033,2901.4539367830644,0.0013018729672555902,0.14279273276356977,1.0000711219059093
3876,830829708888.9053,2901.4957181107306,0.0013020307962804015,0.14279727541572576,1.000071036402742
3877,831181432934.418,2901.5376804881494,0.0013021889032800746,0.14280181464318503,1.0000709462739366
3878,831533258456.7706,2901.579654727395,0.0013023470041615343,0.14280635151901144,1.0000708816026358
3879,831885249698.0151,2901.6215837366594,0.0013025050194378717,0.1428108873056417,1.0000708396543239
3880,832237483380.4142,2901.663249021433,0.0013026626002945456,0.1428154243917893,1.0000708281799
3881,832590025029.8141,2901.7047358404175,0.0013028199304887416,0.14281996446466616,1.0000708155627172
3882,832942890397.4513,2901.746195666977,0.0013029772621596491,0.14282450643691558,1.000070758317515
3883,833295923079.0752,2901.7876815895784,0.0013031346326204606,0.1428290471275173,1.0000706942029973
3884,833649120703.5856,2901.8291935489046,0.0013032920400460623,0.1428335864417578,1.0000706297129882
3885,834002483106.4574,2901.8707319527625,0.0013034494850040195,0.14283812437007423,1.0000705651581163
3886,834356010279.7783,2901.9122970473672,0.0013036069677674375,0.14284266090266537,1.0000705005909378
3887,834709702268.5214,2901.9538891962006,0.001303764488891492,0.1428471960336311,1.0000704359848471
3888,835063559070.034,2901.9955106074367,0.0013039220520854212,0.14285172974821905,1.000070370744104
3889,835417578569.7224,2902.0373077594118,0.001304079905344573,0.1428562612080859,1.00007027653207
3890,835771672601.7102,2902.079145718369,0.0013042377932805823,0.1428607897059289,1.0000702057840707
3891,836125916470.679,2902.1210344064157,0.0013043957549145882,0.14286531640121963,1.0000701360460449
3892,836480310495.3809,2902.1629741344386,0.0013045537909726914,0.1428698413019304,1.0000700663640314
3893,836834854809.0985,2902.2049616878003,0.0013047118963364576,0.1428743644431302,1.000069997433775
3894,837189551938.8674,2902.246999481171,0.0013048700756682833,0.142878885841228,1.0000699278842444
3895,837544399516.9951,2902.2890897438897,0.0013050283317797022,0.14288340542945047,1.0000698580181957
3896,837899396903.8928,2902.3312336665363,0.0013051866663618345,0.14288792318190538,1.0000697878689764
3897,838254543215.94,2902.373431870228,0.0013053450800967175,0.14289243907350094,1.0000697177747404
3898,838609838950.1111,2902.415684021837,0.0013055035727262963,0.14289695312164044,1.0000696476210935
3899,838965284129.5464,2902.4579903925746,0.0013056621445318775,0.14290146531374143,1.0000695775359254
3900,839320878719.4828,2902.5003514318446,0.0013058207962189422,0.1429059756428778,1.0000695074059769
3901,839676622621.3673,2902.5427655513345,0.0013059795249609082,0.142910484109513,1.000069437858954
3902,840032518043.5549,2902.5851302639308,0.0013061381577027637,0.14291499133708907,1.000069387495625
3903,840388623492.79,2902.6275693555735,0.0013062969216611623,0.14291949756717234,1.0000693158964695
3904,840744871374.2332,2902.6700766397958,0.001306455786202956,0.14292400173123987,1.0000692430625342
3905,841101260579.3202,2902.712652673663,0.0013066147517804296,0.14292850379750824,1.0000691700723259
3906,841457790800.0813,2902.755298138943,0.0013067738193813516,0.14293300375118573,1.0000690969687025
3907,841814461695.629,2902.7980136549636,0.0013069329899068076,0.14293750157886578,1.0000690237891783
3908,842171273067.1042,2902.8407999704436,0.00130709226451092,0.14294199726821274,1.0000689504871756
3909,842528224512.8055,2902.8836578092655,0.0013072516442588678,0.14294649080444627,1.0000688771041666
3910,842885315853.3065,2902.926588844956,0.0013074111317912377,0.1429509821653589,1.0000688032894087
3911,843242545499.5723,2902.9693725216835,0.0013075703609706543,0.14295547305678027,1.0000687977960936
3912,843600170963.3569,2903.011238099207,0.0013077281553725507,0.14295997509131014,1.000068890160007
3913,843958416052.91,2903.0532039517807,0.0013078862478514714,0.1429644827013344,1.0000688309830796
3914,844316828991.3114,2903.095084144256,0.001308044196127821,0.14296899002513688,1.0000687871717522
3915,844675474797.1584,2903.1370051295917,0.0013082022254005297,0.14297349691633074,1.0000687249717435
3916,845034297231.4415,2903.178894415273,0.0013083601970085114,0.14297800293755883,1.0000686710872646
3917,845393320406.9818,2903.2208192604166,0.0013085182316967198,0.14298250806194893,1.0000686072446008
3918,845752514270.4108,2903.2627705134646,0.0013086763057611308,0.14298701189503696,1.0000685431157004
3919,846111877968.064,2903.3047571022307,0.0013088344329252354,0.14299151430651547,1.0000684777956508
3920,846471408367.1875,2903.3467796196933,0.0013089926135582996,0.14299601525734992,1.000068412239193
3921,846831105068.499,2903.388837060719,0.0013091508453071973,0.14300051471723269,1.00006834699017
3922,847190969102.9796,2903.430930564357,0.0013093091307858054,0.14300501271594315,1.0000682814832336
3923,847550999779.1677,2903.473056347802,0.001309467463509322,0.14300950927120798,1.0000682167636175
3924,847911199831.5195,2903.51521808888,0.0013096258500209315,0.1430140043772947,1.000068151403894
3925,848271567026.4958,2903.5574161274794,0.0013097842903911745,0.14301849800376565,1.0000680859622755
3926,848632101382.9672,2903.599650668507,0.001309942784928594,0.14302299014647002,1.0000680205190728
3927,848992803032.883,2903.64192143425,0.00131010133295956,0.14302748079518227,1.0000679551828784
3928,849353672367.1653,2903.68422882836,0.001310259935303944,0.14303196995408327,1.0000678897564967
3929,849714709256.5051,2903.7265894150805,0.0013104186204727344,0.14303645754649388,1.0000678193736807
3930,850075894544.0883,2903.768998585155,0.0013105773743471588,0.14304094325471933,1.0000677530726418
3931,850437248218.8977,2903.811443267801,0.0013107361805458546,0.1430454274715606,1.0000676879391877
3932,850798770881.2354,2903.8539240069294,0.0013108950404204203,0.14304991021639427,1.0000676227686485
3933,851160462366.7701,2903.8964410228677,0.0013110539542872108,0.14305439148396845,1.0000675576135196
3934,851522322770.8319,2903.938995966016,0.001311212924641492,0.14305887124698646,1.0000674922161774
3935,851884351339.0144,2903.981586979817,0.0013113719479840723,0.14306334949664853,1.0000674271936647
3936,852246549444.6058,2904.024214830972,0.0013115310263662973,0.14306782626850326,1.000067362042705
3937,852608916795.3812,2904.066847165361,0.0013116901062935446,0.14307230183219544,1.0000673065579426
3938,852971491918.6312,2904.109408548928,0.0013118490769697376,0.14307677757868031,1.0000672582696508
3939,853334285881.1035,2904.1520174001093,0.0013120081343840275,0.1430812525284548,1.0000671931581597
3940,853697247550.5635,2904.1946685770954,0.0013121672547438663,0.14308572588960075,1.0000671270072434
3941,854060375390.0431,2904.2373650151103,0.0013123264428305088,0.1430901976325783,1.0000670604042088
3942,854423668625.6283,2904.279591544054,0.001312484845976017,0.1430946720401058,1.0000670946483048
3943,854787480935.166,2904.321844379036,0.0013126433883766705,0.14309915060412565,1.0000670364884483
3944,855151463896.7014,2904.364144336878,0.001312802002969685,0.14310362761613077,1.0000669701186309
3945,855515612799.1326,2904.406596836523,0.001312960864019199,0.14310810218351977,1.0000668765938634
3946,855879824201.9618,2904.4491498098073,0.0013131198536136877,0.14311257300786537,1.0000668035157634
3947,856244194283.7944,2904.4917535363184,0.0013132789160658779,0.14311704195252337,1.0000667359722086
3948,856608728636.8009,2904.5344039428005,0.0013134380459054918,0.1431215091197198,1.0000666694346185
3949,856973429602.7881,2904.5770904898036,0.0013135972239576167,0.14312597450246123,1.0000666046093738
3950,857338302294.9174,2904.6198319707323,0.001313756486929106,0.14313043824742772,1.000066536712595
3951,857703336918.7057,2904.662625328637,0.0013139158260666566,0.14313490017776329,1.000066468993569
3952,858068534372.7,2904.7054715474396,0.001314075243463187,0.1431393603092758,1.000066401194713
3953,858433894335.039,2904.7483717348564,0.0013142347412479526,0.14314381864750353,1.0000663330043418
3954,858799415623.8259,2904.791378796209,0.0013143944076327093,0.14314827478030168,1.0000662493609507
3955,859165035013.0404,2904.834768833601,0.0013145546798498853,0.14315272529866893,1.0000661243181133
3956,859530626543.6316,2904.8782132263523,0.001314714978224862,0.14315717102198186,1.000066050584748
3957,859896369066.474,2904.9217367842944,0.0013148753965789098,0.14316161461194232,1.0000659779727377
3958,860262258817.8071,2904.965319328948,0.0013150358982583113,0.14316605606026356,1.0000659087578674
3959,860628306711.4531,2905.0089630413104,0.0013151964900134955,0.1431704955180414,1.0000658396151758
3960,860994512434.6715,2905.052669521295,0.0013153571750387561,0.14317493299996092,1.0000657699971298
3961,861360874419.5867,2905.0964419744982,0.0013155179590665536,0.1431793685004852,1.00006569986483
3962,861727391372.287,2905.140278537549,0.0013156788374124207,0.14318380194677446,1.000065630123592
3963,862094064487.519,2905.18424403622,0.0013158399173254962,0.1431882327825039,1.0000655442758641
3964,862460829208.959,2905.228305095988,0.0013160011243511082,0.14319266024348784,1.0000654716929573
3965,862827749745.3977,2905.2724664967213,0.0013161624876746527,0.14319708544403595,1.0000653908139217
3966,863194780178.4796,2905.317167063897,0.001316324731064864,0.1432015044915825,1.0000652377698753
3967,863561679893.9944,2905.3618951649464,0.001316486926589161,0.14320591733782528,1.0000651647493326
3968,863928734325.5972,2905.4066878302483,0.0013166492170252262,0.14321032809788667,1.0000650950824344
3969,864295944913.2408,2905.451546861609,0.0013168116066688477,0.1432147368261909,1.0000650251000343
3970,864663310058.6543,2905.4964829230594,0.001316974113359628,0.14321914343981856,1.0000649523293164
3971,865030818694.0626,2905.5415047667398,0.0013171367467801817,0.14322354760042316,1.000064879842559
3972,865398475137.6548,2905.5865932360475,0.0013172994757162772,0.14322794949755102,1.0000648099277654
3973,865766286978.8359,2905.6317422239918,0.0013174622898087286,0.1432323491686023,1.0000647424943432
3974,866134263631.781,2905.676957339988,0.0013176252025545075,0.14323674679277199,1.0000646724763553
3975,866502393266.6871,2905.7222741414457,0.0013177882822649931,0.14324114257541493,1.000064595588708
3976,866870655268.3053,2905.7676422821974,0.0013179514252173797,0.14324553584083594,1.0000645291848564
3977,867239087125.162,2905.8130612325867,0.0013181146417504536,0.1432499272020458,1.00006446246603
3978,867607683490.817,2905.8585440720462,0.0013182779513022794,0.14325431642443445,1.0000643943167116
3979,867976440432.7034,2905.9040906178802,0.0013184413523497104,0.1432587034417472,1.0000643260330306
3980,868345357995.1539,2905.9497601613475,0.001318604964019598,0.1432630888777977,1.000064243947793
3981,868714388185.0118,2905.9954904546585,0.0013187686497437114,0.14326747144852728,1.000064175034679
3982,869083579665.7164,2906.041284652786,0.001318932427172517,0.14327185180029214,1.0000641067492568
3983,869452931856.0581,2906.087143564582,0.0013190962974915163,0.14327622991622135,1.0000640384477688
3984,869822444812.762,2906.133067396935,0.0013192602609625574,0.14328060578861485,1.0000639701594436
3985,870192118620.6465,2906.179088764715,0.0013194243836061443,0.143284979784691,1.0000638936381803
3986,870561923467.0978,2906.225185428654,0.0013195886137857182,0.14328935129124346,1.0000638223645102
3987,870931880854.0454,2906.2713567474184,0.0013197529550956076,0.14329372056485454,1.0000637515727666
3988,871301990978.9487,2906.3176741246475,0.0013199175260155426,0.14329808699389898,1.0000636682467396
3989,871672207574.8557,2906.364022961,0.0013200821231059098,0.143302450833115,1.0000636050877356
3990,872042609074.4014,2906.410391612164,0.0013202467455997254,0.14330681318881974,1.0000635470071155
3991,872413210859.8134,2906.456768316991,0.0013204113741142835,0.1433111741687037,1.0000634890894604
3992,872784008131.4961,2906.5031868035117,0.0013205760742032592,0.14331553400376904,1.0000634254761673
3993,873154983774.5952,2906.54964322733,0.0013207408345257132,0.14331989245672203,1.000063361917642
3994,873526138808.997,2906.5961378042134,0.0013209056556377807,0.14332424953555312,1.0000632983757411
3995,873897473421.794,2906.6426706508096,0.0013210705377265839,0.14332860523799792,1.0000632348441698
3996,874268987795.8309,2906.689240212126,0.0013212354776020105,0.1433329595434614,1.0000631719384752
3997,874640684644.1741,2906.7357998713055,0.0013214003829234205,0.14333731204036756,1.0000631190882991
3998,875012599553.1139,2906.782395797872,0.0013215653543130832,0.14334166363289907,1.000063057594214
3999,875384700660.149,2906.8290269234517,0.0013217303811582746,0.14334601384995027,1.0000629951375795
4000,875756985497.3218,2906.875692537923,0.0013218954615613948,0.1433503626578527,1.0000629328299555
4001,876129455082.2548,2906.9223939638414,0.0013220605979261735,0.14335471005570052,1.000062870307289
4002,876502108658.9396,2906.969131452902,0.0013222257904216936,0.14335905602700896,1.0000628077601454
4003,876874946348.6113,2907.015906102519,0.0013223910411359605,0.14336340057589017,1.00006274518221
4004,877247968464.8898,2907.0627103241836,0.0013225563350088498,0.14336774363368981,1.0000626841833362
4005,877621180827.9054,2907.1095442231617,0.0013227216735351257,0.1433720852704328,1.0000626233667083
4006,877994583918.0604,2907.1564078342085,0.0013228870567774957,0.14337642548546348,1.0000625625780986
4007,878368177947.5712,2907.203300857082,0.0013230524840005208,0.14338076426792062,1.0000625019144447
4008,878741963490.7412,2907.2502239264945,0.0013232179565666725,0.14338510162840196,1.000062441144181
4009,879115940357.163,2907.297203690808,0.0013233835220624224,0.1433894375156597,1.0000623745168606
4010,879490085350.4009,2907.3443655900073,0.0013235493867843064,0.1433937707296233,1.0000622868739073
4011,879864321263.9452,2907.3914992224054,0.001323715172827801,0.1433981015507263,1.0000622340532739
4012,880238785494.539,2907.4386118666744,0.0013238809298525833,0.14340243195204466,1.0000621833198495
4013,880613479706.3478,2907.4857032723576,0.0013240466580272908,0.1434067619681406,1.0000621327788297
4014,880988404669.8301,2907.5329839862175,0.0013242127092083877,0.14341108988260473,1.0000620395059177
4015,881363383352.8723,2907.5797288439953,0.0013243778331019575,0.14341541953037562,1.0000620777087734
4016,881738955541.2478,2907.626505405881,0.0013245431070529627,0.14341975326463113,1.0000620299147263
4017,882114756648.9735,2907.6732972905775,0.0013247084145934136,0.14342408639426696,1.000061972919349
4018,882490764846.686,2907.720098621956,0.0013248737389666043,0.14342841859156452,1.0000619164154592
4019,882866983984.4928,2907.7669453137664,0.0013250391422132313,0.14343274967123237,1.000061850183113
4020,883243369611.6722,2907.8138668451634,0.001325204662190315,0.1434370787725291,1.0000617818564561
4021,883619922655.9203,2907.8608570908004,0.0013253702883612025,0.14344140592767002,1.0000617132938676
4022,883996640240.5781,2907.907902379766,0.0013255359925736499,0.14344573096040392,1.000061649571862
4023,884373544412.3945,2907.95498316136,0.001325701741894763,0.14345005401658628,1.000061587003162
4024,884750632645.0365,2908.0018337269535,0.0013258671051548452,0.1434543779853047,1.0000615781817546
4025,885128137046.6277,2908.048750391194,0.0013260326384558862,0.1434587037196172,1.0000615091668597
4026,885505781014.7838,2908.094827921959,0.0013261967830076324,0.14346303621917583,1.0000616974967114
4027,885884813677.9696,2908.1360789767555,0.0013263534489519186,0.14346743956510843,1.000062375740597
4028,886266853359.7617,2908.177966193962,0.0013265119487845026,0.14347187850849621,1.000062298104569
4029,886648930602.4612,2908.2197688960764,0.0013266702611998478,0.14347631482924791,1.0000622499847591
4030,887031260725.6687,2908.261652059581,0.001326828721103608,0.14348075036023897,1.0000621819850541
4031,887413764050.5758,2908.303492160254,0.0013269870955566942,0.1434851846939116,1.0000621433628603
4032,887796585094.7936,2908.3452928929505,0.0013271454324436944,0.14348962005588856,1.000062086575885
4033,888179605160.3672,2908.3871514573284,0.0013273038624775227,0.14349405392143047,1.000062021133075
4034,888562810159.1418,2908.429065290429,0.0013274623766579476,0.14349848605552068,1.0000619554789232
4035,888946200828.237,2908.471033670114,0.0013276209738779321,0.14350291646826932,1.0000618899955573
4036,889329778019.82,2908.5130554059415,0.0013277796521610154,0.14350734516904104,1.000061824859888
4037,889713543170.2974,2908.55514140056,0.0013279384302159426,0.1435117720916063,1.0000617575205237
4038,890097486146.1676,2908.59727484014,0.0013280972766865217,0.14351619719943615,1.00006169378072
4039,890481624717.1948,2908.6394515569737,0.0013282561892107379,0.14352062077515843,1.0000616306746442
4040,890865960000.3834,2908.681670788895,0.0013284151668020304,0.1435250428396928,1.0000615677868392
4041,891250492906.5227,2908.7239317456724,0.0013285742083138758,0.14352946340811226,1.0000615050729518
4042,891635224416.1847,2908.766241453913,0.0013287333257776953,0.14353388243582982,1.000061441079897
4043,892020148870.5607,2908.8085832306556,0.0013288924892694497,0.1435382999520532,1.0000613804537932
4044,892405282065.6886,2908.850955004323,0.0013290516997366603,0.143542716211744,1.0000613200843484
4045,892790623885.1517,2908.8933530915047,0.0013292109509737595,0.14354713124269328,1.0000612604227979
4046,893176177998.5669,2908.9357822953434,0.0013293702520423489,0.14355154505954779,1.0000611998807785
4047,893561940316.6016,2908.9782426765537,0.0013295296018977338,0.1435559575992067,1.000061139422107
4048,893947911499.2216,2909.0207336176604,0.0013296889995826303,0.14356036887024495,1.0000610791032591
4049,894334092370.395,2909.0632612873305,0.0013298484556924668,0.14356477883504698,1.0000610174280506
4050,894720476675.06,2909.105821240479,0.0013300079603719582,0.14356918739957894,1.0000609570903842
4051,895107072029.4238,2909.1484120750456,0.0013301675133386957,0.1435735946862951,1.0000608969075324
4052,895493877557.5397,2909.19105049277,0.001330327143146079,0.14357800058678066,1.0000608327129645
4053,895880874429.525,2909.2337225012175,0.0013304868207231623,0.14358240491239826,1.000060772834064
4054,896268087143.2727,2909.276411550733,0.0013306465244694054,0.1435868081306385,1.000060715219621
4055,896655522998.8977,2909.3191243684196,0.001330806267773278,0.1435912102994568,1.0000606563738246
4056,897043175752.3534,2909.3618681732955,0.0013309660624640385,0.14359561134383925,1.0000605958249744
4057,897431038463.8214,2909.4046410803785,0.0013311259029042326,0.14360001114505164,1.0000605362605832
4058,897819116735.0177,2909.4474411400925,0.0013312857861713485,0.14360440973728597,1.0000604769257355
4059,898207410975.2833,2909.4902677053674,0.0013314457112580383,0.14360880712950705,1.000060417786761
4060,898595922444.2261,2909.53312680229,0.0013316056896794375,0.14361320334720817,1.0000603573837294
4061,898984645369.1125,2909.57601183853,0.0013317657078566626,0.14361759830825144,1.0000602983967344
4062,899373587097.384,2909.6189215469144,0.0013319257652720544,0.14362199210928933,1.0000602396880929
4063,899762748558.9938,2909.66185641352,0.0013320858629077988,0.1436263847547623,1.0000601808452834
4064,900152129070.4082,2909.7048430800837,0.0013322460445060632,0.14363077597186097,1.000060117927491
4065,900541711061.1201,2909.7478491860575,0.001332406251770799,0.14363516581194805,1.0000600596959626
4066,900931516098.4803,2909.790876547597,0.001332566493318874,0.14363955455983002,1.000060001773156
4067,901321545186.5345,2909.8339245658913,0.0013327267683365396,0.14364394223033985,1.0000599440034763
4068,901711799245.3492,2909.8768623312126,0.0013328868586856004,0.1436483299933482,1.0000599085081525
4069,902102380928.6859,2909.919814161224,0.0013330469984895715,0.14365271819282674,1.000059854304124
4070,902493200724.9536,2909.9627717689896,0.0013332071504061718,0.14365710563449155,1.0000597994383955
4071,902884259260.2772,2910.0057344805214,0.0013333673132818857,0.14366149232270747,1.0000597446673443
4072,903275557358.8448,2910.0486010899685,0.0013335273069273099,0.14366587854405735,1.0000597192580194
4073,903667252706.2506,2910.0911607668345,0.0013336868113984384,0.1436702678860215,1.000059710230295
4074,904059373122.4927,2910.1337341989,0.0013338463887336675,0.1436746589620964,1.0000596593464766
4075,904451746179.2837,2910.1763009343153,0.001334005958903097,0.14367904948098686,1.0000596071092787
4076,904844372041.1033,2910.2188602478936,0.0013341655204048097,0.14368343943372028,1.0000595549550624
4077,905237251678.2178,2910.2614115451292,0.0013343250723717036,0.14368782883263362,1.0000595029331012
4078,905630386082.6256,2910.3039544792173,0.0013344846144422266,0.1436922176928419,1.0000594509652045
4079,906023775833.7894,2910.346488502216,0.0013346441457463623,0.14369660602195916,1.0000593991732605
4080,906417422256.5273,2910.3890127864656,0.0013348036650315397,0.14370099383464907,1.000059347539253
4081,906811326405.6393,2910.4315267852608,0.001334963171540149,0.1437053811445004,1.0000592960324204
4082,907205489264.1798,2910.474021331812,0.0013351226501194175,0.14370976804165086,1.0000592467205458
4083,907599922912.8429,2910.516498584182,0.001335282107542294,0.14371415467811294,1.000059196057125
4084,907994618526.8878,2910.5589632149845,0.0013354415490952297,0.14371854087743988,1.0000591450319598
4085,908389576158.9546,2910.6014149869934,0.0013356009741517657,0.14372292662979919,1.0000590941136216
4086,908784796822.242,2910.6438529046873,0.001335760380843668,0.1437273119334537,1.0000590434338013
4087,909180281886.3948,2910.6862770765083,0.0013359197699984533,0.14373169682269712,1.0000589927149168
4088,909576031811.8633,2910.728687228895,0.001336079141353014,0.14373608131086907,1.0000589419959982
4089,909972047222.3024,2910.771082633033,0.0013362384935704096,0.1437404653985222,1.0000588914841126
4090,910368329401.9243,2910.8134626677097,0.001336397825772596,0.14374484910029128,1.0000588411116726
4091,910764879395.3488,2910.8558269552354,0.0013365571374725992,0.14374923242780951,1.0000587908324965
4092,911161698069.4241,2910.8981750403054,0.001336716428020507,0.14375361539162626,1.0000587406512558
4093,911558786347.6997,2910.940506554878,0.0013368756969496258,0.14375799800353778,1.0000586905618463
4094,911956145116.104,2910.9828210051724,0.0013370349435077237,0.14376238027241986,1.0000586405884868
4095,912353775329.4741,2911.0251175285175,0.0013371941663803872,0.14376676221338122,1.0000585908244937
4096,912751678591.0579,2911.0673942618337,0.0013373533627950283,0.1437711438619966,1.0000585413345844
4097,913149856536.989,2911.109652541465,0.0013375125352265156,0.1437755252199122,1.0000584916776114
4098,913548308775.9099,2911.151892056373,0.001337671682919419,0.14377990627783999,1.0000584420932355
4099,913947036217.1139,2911.1941118218056,0.0013378308041522133,0.1437842870411418,1.000058392725147
4100,914346040397.4954,2911.2362533373857,0.0013379898016525873,0.14378866806247917,1.0000583542851096
4101,914745378887.3213,2911.2783661902417,0.0013381487730753426,0.14379304969258627,1.0000583061213955
4102,915144996244.2283,2911.320458067642,0.0013383077169118235,0.14379743109168913,1.000058257062488
4103,915544893299.0225,2911.3625287388513,0.0013384666327467517,0.1438018122609212,1.0000582080668328
4104,915945070326.1094,2911.4045778695463,0.0013386255199632905,0.14380619320083174,1.000058159094225
4105,916345528534.1179,2911.446604857374,0.0013387843776199561,0.14381057392102553,1.000058110276196
4106,916746269255.3464,2911.48860830901,0.0013389432033646732,0.1438149544335144,1.0000580616909267
4107,917147294026.669,2911.5305890551385,0.0013391019991493183,0.14381933476176886,1.0000580130011316
4108,917548602852.9155,2911.5725466650038,0.001339260764129033,0.143823714903669,1.0000579643883674
4109,917950196661.2725,2911.6144808738445,0.0013394194979714097,0.1438280948682273,1.00005791583905
4110,918352076266.7334,2911.6563907522795,0.0013395781992250457,0.14383247467005286,1.0000578674697675
4111,918754243111.4686,2911.6982764368463,0.0013397368683423264,0.14383685432067309,1.0000578190999
4112,919156697734.6217,2911.74013762291,0.0013398955048368928,0.14384123382480526,1.0000577708002198
4113,919559440976.6124,2911.781973658058,0.0013400541076173326,0.14384561318906483,1.0000577226471337
4114,919962474121.7864,2911.8237841742266,0.0013402126762435032,0.14384999242694835,1.0000576745742786
4115,920365798084.7408,2911.8655688602425,0.0013403712103023484,0.14385437154779496,1.0000576265726906
4116,920769413770.3595,2911.9073274138364,0.0013405297093932217,0.14385875056073943,1.0000575786399208
4117,921173322079.9259,2911.950544468346,0.0013406906846155876,0.14386311749890546,1.0000571863843475
4118,921575528266.9508,2911.9945072675164,0.0013408524095960838,0.14386745013160063,1.0000570812158651
4119,921978011510.103,2912.0384190145282,0.001341014045896009,0.14387178220133454,1.0000570351140985
4120,922380801797.7471,2912.0822861986585,0.0013411756208414674,0.14387611453428356,1.000056990745698
4121,922783899667.0126,2912.1261095425,0.0013413371359299816,0.14388044714061787,1.0000569463348343
4122,923187305273.93,2912.1698896864123,0.001341498592148098,0.14388478001119712,1.0000569018220502
4123,923591018739.4585,2912.2136272829084,0.0013416599904483573,0.14388911313383243,1.0000568571365955
4124,923995040360.3978,2912.2573229823606,0.0013418213318763075,0.14389344650151056,1.00005681240803
4125,924399370061.1202,2912.3009716602865,0.0013419826061226668,0.1438977800690922,1.0000567686074908
4126,924804013125.103,2912.3445580875396,0.0013421437853303887,0.1439021138495127,1.000056728204305
4127,925208988932.1046,2912.388095676352,0.001342304902163355,0.14390644827006668,1.0000566834606965
4128,925614270935.5132,2912.431620635596,0.0013424660172269183,0.14391078300210206,1.0000566346483544
4129,926019845097.5876,2912.4751069249087,0.0013426270770129337,0.14391511775159926,1.000056588062902
4130,926425719718.67,2912.518578179788,0.0013427881277880724,0.1439194526632615,1.000056538414919
4131,926831880826.2546,2912.5620090263424,0.0013429491171882886,0.1439237874392168,1.0000564956916178
4132,927238371338.5972,2912.6051561609693,0.0013431095915378815,0.1439281218186558,1.000056491133858
4133,927645378651.4376,2912.649164229115,0.0013432715859684004,0.14393245171497168,1.000056299251232
4134,928051889834.7076,2912.6931956618805,0.001343433443319716,0.14393677110796294,1.0000562350063538
4135,928458655628.4202,2912.7372375048626,0.0013435953273195536,0.14394109005022251,1.0000561795242022
4136,928865680988.3635,2912.781291979269,0.001343757244296781,0.14394540866092392,1.000056124008851
4137,929272964531.3544,2912.8253778856233,0.0013439192296619852,0.14394972697792835,1.0000560648648946
4138,929680486811.0491,2912.869477690383,0.001344081243796164,0.14395404461164304,1.0000560093546949
4139,930088269574.4202,2912.9134866434238,0.0013442431146319055,0.14395836270184847,1.000055972995332
4140,930496420668.527,2912.957489770845,0.0013444050118269141,0.14396268193067382,1.0000559208442126
4141,930904841730.4824,2913.0015081836254,0.0013445669482599898,0.14396700090071118,1.000055865106801
4142,931313520699.7646,2913.04505646522,0.0013447279897445172,0.14397131758429393,1.0000559107613503
4143,931723037205.4369,2913.0885945453806,0.0013448891489028089,0.14397564073632188,1.0000558571441245
4144,932132775101.6852,2913.1321376853343,0.0013450503174186467,0.14397996304943375,1.0000558048948673
4145,932542798120.6293,2913.1756754882203,0.0013452114872254271,0.14398428511966496,1.0000557534251637
4146,932953105609.8186,2913.219208859927,0.0013453726597271653,0.1439886069327668,1.0000557019660699
4147,933363698240.4839,2913.2627378099305,0.0013455338348071786,0.1439929284817024,1.0000556505108724
4148,933774576416.4327,2913.3062802658014,0.00134569504738621,0.14399724986275098,1.0000555937089433
4149,934185706813.0942,2913.349876158468,0.001345856367050773,0.14400157085079593,1.0000555330633578
4150,934597078440.705,2913.3934719872896,0.0013460176874360724,0.14400589104336953,1.0000554797477526
4151,935008728111.5385,2913.43707197821,0.001346179024479532,0.1440102108753194,1.0000554266883708
4152,935420656560.0225,2913.480670997486,0.0013463403680603245,0.14401453031277603,1.0000553752402856
4153,935832874469.7356,2913.5242068764373,0.0013465016001391172,0.14401884918933727,1.00005533692675
4154,936245458864.5568,2913.567685183789,0.0013466627491147056,0.14402316847510777,1.0000552948522476
4155,936658377726.9186,2913.6111388883346,0.0013468238711302905,0.14402748791417155,1.0000552483590381
4156,937071612410.161,2913.654567812491,0.0013469849611832104,0.14403180725728013,1.0000552013729722
4157,937485161345.696,2913.697921120447,0.0013471459199101432,0.14403612621927703,1.000055164751156
4158,937899086266.4982,2913.74131804279,0.0013473069906334851,0.14404044602103463,1.0000551055851428
4159,938313253145.7662,2913.7846957385145,0.0013474680229987692,0.14404476483760886,1.000055056014854
4160,938727723726.9445,2913.8280597729604,0.0013476290406414136,0.144049083382741,1.0000550069028442
4161,939142499539.6809,2913.871411178833,0.001347790045604996,0.14405340166396657,1.000054957670681
4162,939557580374.2902,2913.914759500574,0.001347951055311353,0.1440577196689213,1.0000549068414015
4163,939972957977.8738,2913.958094558941,0.001348112048765049,0.14406203728239927,1.0000548575835626
4164,940388641943.6141,2914.0013453406996,0.0013482728900091198,0.14406635426287923,1.000054826383864
4165,940804747874.2274,2914.044565926657,0.0013484337087218284,0.14407067219316338,1.0000547771491366
4166,941221145248.113,2914.087791494518,0.0013485945440255833,0.14407498968522897,1.0000547248435394
4167,941637832662.4552,2914.1310118748243,0.0013487553761259154,0.14407930668730362,1.0000546741372842
4168,942054820935.0199,2914.1742391357648,0.0013489162300699027,0.14408362334395097,1.0000546217350554
4169,942472100770.9537,2914.217461371804,0.0013490770824829456,0.14408793958402077,1.0000545705891561
4170,942889679255.4711,2914.2606900776586,0.0013492379544719334,0.1440922553980894,1.000054518204282
4171,943307550221.9061,2914.303923667186,0.0013493988415354975,0.14409657070251927,1.000054465840281
4172,943725714212.4493,2914.3471607311058,0.0013495597418550875,0.14410088553950848,1.000054414144574
4173,944144176816.0236,2914.3904014651616,0.0013497206568151416,0.1441051999635602,1.0000543618532358
4174,944562933278.226,2914.4336496448477,0.0013498815912409252,0.14410951385880183,1.0000543090107634
4175,944981981077.8726,2914.476908087975,0.001350042549460631,0.14411382717742593,1.0000542558692755
4176,945401319462.0204,2914.520176565161,0.001350203530647904,0.1441181398977897,1.000054202854795
4177,945820949919.6871,2914.563455237208,0.0013503645352327277,0.14412245202672253,1.000054149729572
4178,946240871934.4158,2914.606745306896,0.001350525565083278,0.14412676354473472,1.0000540964742657
4179,946661085348.814,2914.650049568825,0.0013506866250784309,0.1441310744354962,1.0000540425604885
4180,947081586189.5925,2914.6933670434146,0.0013508477122803105,0.1441353846388201,1.0000539892492726
4181,947502379830.4044,2914.736696470246,0.001351008825401109,0.14413969421038086,1.0000539359949607
4182,947923466351.6912,2914.7800400583797,0.0013511699683157353,0.14414400313811546,1.0000538822562828
4183,948344842933.7394,2914.823402728056,0.0013513311492533181,0.14414831137395465,1.0000538278206825
4184,948766507457.1476,2914.866780767534,0.0013514923607071121,0.1441526188842112,1.0000537739746902
4185,949188463021.7327,2914.9101751251806,0.0013516536048432065,0.14415692569024682,1.0000537200751098
4186,949610709556.9852,2914.9535863739784,0.0013518148824956937,0.14416123177948217,1.0000536661117152
4187,950033247166.7555,2914.996942918195,0.0013519760711538696,0.14416553770141732,1.0000536303552583
4188,950456206008.4047,2915.0401404488193,0.001352137026747694,0.14416984609476033,1.000053597449249
4189,950879565987.9344,2915.0833938175783,0.0013522981126296357,0.1441741550807019,1.0000535380638018
4190,951303179358.6229,2915.1267068412185,0.0013524592978840203,0.14417846263187253,1.000053478145571
4191,951727053649.2306,2915.1700554148224,0.001352620540934337,0.14418276891525325,1.000053420630164
4192,952151201007.8842,2915.2134526455925,0.001352781866886991,0.14418707397144087,1.0000533596747403
4193,952575595181.0764,2915.256899582459,0.0013529432707220827,0.14419137742793192,1.0000533021293734
4194,953000267917.0513,2915.300378487119,0.001353104730441981,0.14419567986617987,1.0000532454697197
4195,953425219100.6265,2915.3438921922843,0.0013532662511021394,0.14419998127452582,1.000053188795512
4196,953850449872.7411,2915.3874387657934,0.001353427829344757,0.14420428166436375,1.0000531323074824
4197,954275961381.8932,2915.4310187282426,0.0013535894662466748,0.1442085810407459,1.0000530757874493
4198,954701753810.1893,2915.474632490878,0.001353751162463789,0.14421287939709787,1.0000530192298407
4199,955127827341.7023,2915.5182755896913,0.0013539129098201475,0.14421717673876366,1.0000529636350393
4200,955554188977.8693,2915.561954214197,0.0013540747209910109,0.14422147312771694,1.0000529067055821
4201,955980829121.316,2915.605670531717,0.0013542365976127015,0.14422576843576154,1.0000528495639904
4202,956407747978.0696,2915.64942487414,0.00135439854017887,0.14423006265540436,1.0000527923926112
4203,956834945795.5981,2915.693217575556,0.0013545605492255937,0.14423435578118216,1.0000527351978674
4204,957262422831.8274,2915.7370401987087,0.0013547226093959923,0.14423864782936974,1.0000526800085294
4205,957690193956.5228,2915.7808947811363,0.0013548847279024764,0.14424293898159377,1.0000526235174851
4206,958118247811.8623,2915.8247859933945,0.0013550469097552333,0.14424722904160225,1.0000525669307554
4207,958546586072.3127,2915.868714771723,0.001355209157015305,0.14425151802554562,1.0000525099886142
4208,958975206442.9188,2915.912682085299,0.0013553714710707212,0.14425580591045514,1.000052452958322
4209,959404109109.9485,2915.9566883842153,0.001355533852401205,0.14426009267635861,1.0000523959306307
4210,959833294147.036,2916.000734037915,0.0013556963017005183,0.14426437832264025,1.0000523388526859
4211,960262762048.2677,2916.0448191710657,0.0013558588193627306,0.14426866285694498,1.0000522817484285
4212,960692513052.3256,2916.0889442171156,0.0013560214061197884,0.14427294627432963,1.0000522246039887
4213,961122547319.6852,2916.133109564918,0.0013561840626318765,0.1442772285704302,1.0000521674798437
4214,961552864878.2185,2916.17731561314,0.0013563467895179755,0.14428150973770526,1.0000521102662991
4215,961983466069.7489,2916.221550015204,0.0013565095646352198,0.14428578981925375,1.000052055804998
4216,962414371605.2466,2916.2657513978425,0.0013566722849081188,0.14429006940629507,1.0000520092576248
4217,962845629628.843,2916.3099893940444,0.0013568350843107659,0.14429434873309105,1.0000519538505273
4218,963277183075.6375,2916.354360985,0.0013569981372389048,0.14429862747375113,1.000051881443274
4219,963708925559.4312,2916.398760265691,0.0013571612162735411,0.14430290401414075,1.0000518243022343
4220,964140956818.8652,2916.4431887887813,0.001357324345872838,0.14430717950044064,1.0000517701245508
4221,964573297302.3643,2916.487647179756,0.001357487532088631,0.14431145419174007,1.0000517129256914
4222,965005918445.8623,2916.53217795834,0.0013576508436431913,0.14431572753186472,1.0000516514113225
4223,965438798675.794,2916.5765826583784,0.001357813912810442,0.144319999617607,1.0000516344831563
4224,965872274885.1967,2916.620900608413,0.0013579768911516727,0.14432427461483216,1.0000515872914744
4225,966306060784.4008,2916.6653314187574,0.0013581400743088456,0.14432854847914176,1.000051520123515
4226,966740066638.1469,2916.7098660258043,0.0013583034254600176,0.14433282014794166,1.00005145236426
4227,967174291685.1824,2916.754521606062,0.0013584669748983595,0.1443370895278763,1.0000513831414095
4228,967608729456.5573,2916.799239152838,0.0013586306155127885,0.14434135676600762,1.0000513214439442
4229,968043428289.41,2916.8438943531132,0.001358794135510168,0.14434562291519343,1.000051289344044
4230,968478614851.3132,2916.8885350980204,0.0013589576723598278,0.1443498905386398,1.0000512352922786
4231,968914086415.037,2916.9331564752515,0.0013591211783586584,0.14435415758922768,1.0000511881893501
4232,969349921643.3434,2916.9778301591878,0.0013592847920979767,0.1443584243327798,1.0000511297831192
4233,969786036413.2592,2917.0225600777653,0.001359448501041125,0.14436268971325075,1.0000510705515415
4234,970222430080.7106,2917.06734493433,0.0013596123027245994,0.14436695372674554,1.0000510115265862
4235,970659104668.1097,2917.112241094185,0.0013597762923334572,0.14437121584572093,1.0000509442060306
4236,971096001784.8052,2917.1571925056605,0.001359940362316997,0.1443754759063946,1.0000508844602085
4237,971533177703.2618,2917.2022018027665,0.0013601045298050052,0.1443797345560019,1.000050825051909
4238,971970632905.3278,2917.2473039153833,0.0013602688586810924,0.14438399172589003,1.0000507595097343
4239,972408322641.9528,2917.2924261752646,0.001360433211111315,0.14438824729233288,1.0000507088576285
4240,972846365705.3922,2917.3375619371345,0.0013605976012109064,0.14439250266186876,1.0000506545910486
4241,973284716923.8895,2917.3827327091262,0.001360762055050986,0.1443967570882231,1.0000505992293969
4242,973723376617.5757,2917.428215888003,0.001360927047988474,0.14440100832928457,1.0000504769760428
4243,974161801512.2401,2917.47404397183,0.001361092505908342,0.14440524922734946,1.0000503962589715
4244,974600440386.5996,2917.519869297794,0.0013612579404929657,0.14440948828947714,1.0000503442858453
4245,975039416792.9727,2917.565708259475,0.0013614234089111565,0.14441372692540103,1.0000502924146624
4246,975478726226.9812,2917.611562278692,0.0013615889124681795,0.14441796506320823,1.0000502404151923
4247,975918369427.7317,2917.6574316838783,0.0013617544517956096,0.144422202703472,1.0000501884275357
4248,976358346569.0203,2917.7033167372965,0.001361920027311084,0.14442643984195894,1.0000501364299637
4249,976798658126.821,2917.749217734627,0.001362085639528948,0.1444306764762449,1.0000500844013707
4250,977239304609.8656,2917.795193647232,0.0013622513930122034,0.1444349123108028,1.0000500227474833
4251,977680214757.2312,2917.841191110641,0.0013624171776856547,0.14443914679182046,1.000049969479671
4252,978121456127.352,2917.8871577255186,0.0013625829188811008,0.14444338114906977,1.0000499262669427
4253,978563104503.6345,2917.9331288832477,0.0013627486938730293,0.14444761597494105,1.0000498748018707
4254,979005086752.5765,2917.9791406547797,0.0013629145490735635,0.14445185015732717,1.0000498177600088
4255,979447366670.6738,2918.025190244792,0.0013630804711445828,0.1444560832650526,1.0000497631229375
4256,979889970380.7317,2918.0712680882334,0.001363246448576334,0.14446031563436862,1.000049709263577
4257,980332898858.0217,2918.117373356988,0.0013634124801495276,0.1444645472819193,1.0000496554876752
4258,980776154875.7804,2918.163506276943,0.0013635785667089843,0.1444687782293611,1.0000496017407252
4259,981219739240.2285,2918.2096668662416,0.0013637447083338626,0.14447300847834577,1.0000495479871374
4260,981663652906.9976,2918.255855145252,0.0013639109051334995,0.1444772380319018,1.0000494942868705
4261,982107896572.5267,2918.3020072822314,0.0013640770508214055,0.14448146758086958,1.0000494515880647
4262,982552558599.3422,2918.347882877697,0.0013642426769168371,0.1444856961222147,1.0000494568442997
4263,982998006429.5286,2918.393739008305,0.0013644083534389644,0.14448992839138255,1.000049409322124
4264,983443793875.0995,2918.4396222763535,0.001364574085592163,0.14449416004880053,1.0000493561389774
4265,983889917839.8574,2918.48553206826,0.0013647398706673872,0.14449839101105977,1.0000493028461825
4266,984336379145.5206,2918.5314850825653,0.0013649057435816813,0.14450262147222628,1.000049246472353
4267,984783155800.6781,2918.577463236711,0.0013650716625811803,0.14450685101161023,1.000049193168214
4268,985230272083.2262,2918.6234592342457,0.0013652376188123768,0.14451107988257939,1.00004914209484
4269,985677746777.7726,2918.669455370573,0.0013654035842746788,0.14451530835614304,1.0000490922150513
4270,986125584522.3113,2918.7154820719525,0.0013655696147272126,0.1445195363697611,1.0000490390179944
4271,986573762245.3433,2918.761536658347,0.00136573570039326,0.1445237636706465,1.0000489857102193
4272,987022280796.2122,2918.807620025737,0.0013659018430150435,0.14452799026149457,1.0000489321849726
4273,987471139373.541,2918.8537361642348,0.0013660680493284311,0.14453221610270692,1.0000488783105028
4274,987920336499.1754,2918.8998776828253,0.0013662343058388619,0.14453644121155337,1.0000488253356326
4275,988369879537.1718,2918.9460451098057,0.0013664006149107693,0.14454066566010731,1.0000487724361178
4276,988819769599.5405,2918.992238358191,0.001366566976499681,0.1445448894539313,1.0000487195820975
4277,989270007712.9453,2919.038457303121,0.0013667333904735521,0.14454911259770947,1.0000486667786685
4278,989720594962.2877,2919.085345029753,0.0013669009612076242,0.14455332979478544,1.000048512217932
4279,990170702270.6652,2919.1322963921516,0.0013670684698410377,0.14455753651730732,1.0000484534238234
4280,990621167865.4923,2919.179260766867,0.001367236010045738,0.14456174273211297,1.00004840245996
4281,991071997925.4412,2919.226239493898,0.0013674035864687112,0.14456594855179097,1.0000483516589362
4282,991523192910.5178,2919.273233155595,0.0013675712000876085,0.1445701539699242,1.0000483007884327
4283,991974753167.1108,2919.3202423220214,0.001367738851795845,0.14457435897683826,1.000048249855229
4284,992426679018.9048,2919.3672715716702,0.0013679065496002814,0.14457856354173368,1.000048198083959
4285,992878964055.1174,2919.414321217793,0.0013680742925227974,0.1445827675813161,1.0000481465304267
4286,993331611932.2329,2919.461388546424,0.0013682420753917627,0.14458697109058444,1.000048095639798
4287,993784628362.1633,2919.5084741185606,0.0013684098997054982,0.14459117409264918,1.0000480442786623
4288,994238009109.4185,2919.555581965058,0.0013685777731383478,0.14459537659314822,1.0000479924282788
4289,994691752215.1633,2919.602712457922,0.0013687456957362887,0.14459957855702688,1.0000479405033043
4290,995145857893.5594,2919.6498662104777,0.0013689136684392714,0.14460377997254067,1.0000478885084463
4291,995600326410.145,2919.697043848333,0.0013690816922193195,0.14460798082840057,1.000047836445594
4292,996055157999.0214,2919.744247742945,0.0013692497709718704,0.14461218109473165,1.0000477840258584
4293,996510350388.2461,2919.7914771439564,0.001369417902804566,0.14461638074520694,1.0000477317947083
4294,996965906261.3442,2919.8387323454426,0.0013695860886628107,0.14462057979990442,1.0000476795224549
4295,997421825850.6409,2919.88600510068,0.0013697543136911676,0.14462477829078832,1.000047629308291
4296,997878129269.0626,2919.933292261292,0.0013699225765395379,0.14462897645801073,1.0000475781358902
4297,998334803704.8936,2919.9806080954377,0.0013700908995371516,0.1446331740662566,1.0000475256607646
4298,998791842347.9705,2920.0279525902074,0.001370259281015247,0.14463737102790977,1.0000474730521178
4299,999249245216.0634,2920.075326439719,0.0013704277219667002,0.14464156732580533,1.0000474203388583
4300,999707012883.2783,2920.1227303608152,0.0013705962235387081,0.1446457629486469,1.0000473675858226
4301,1000165145123.6561,2920.1701656697496,0.0013707647882150898,0.14464995789625207,1.0000473146164413
4302,1000623641094.3418,2920.2176224148434,0.0013709333980024751,0.14465415220437952,1.0000472640198468
4303,1001082524026.4849,2920.2645954885375,0.0013711011879093567,0.14465835028396187,1.0000472793604278
4304,1001542339456.6675,2920.3114481966236,0.0013712689012792068,0.1446625553648863,1.000047271967047
4305,1002002940036.5258,2920.3582304645174,0.0013714365952343668,0.14466676551537316,1.0000472231973239
4306,1002463889858.9115,2920.405066598077,0.0013716043870304789,0.1446709746042497,1.000047167164202
4307,1002925182930.5087,2920.4519533200023,0.0013717722683751535,0.14467518251746533,1.0000471114322689
4308,1003386824186.1884,2920.4988925808475,0.0013719402435312647,0.1446793892851954,1.00004705542465
4309,1003848811557.6256,2920.545709697561,0.0013721080082881169,0.14468359617466617,1.0000470395875571
4310,1004311539324.0953,2920.591550662196,0.0013722741789769673,0.14468781486115279,1.0000471092738792
4311,1004775639880.5868,2920.637573862494,0.0013724408800315307,0.1446920425821371,1.0000470529811072
4312,1005240065935.7906,2920.683672278827,0.0013726077085407982,0.14469626869639624,1.000046993665858
4313,1005704815857.5775,2920.7298451359557,0.0013727746622453653,0.14470049315967878,1.0000469343831457
4314,1006169891021.0375,2920.776092020878,0.0013729417405837874,0.14470471598136833,1.0000468752030625
4315,1006635292889.7379,2920.8224122843867,0.0013731089425001817,0.14470893716821281,1.0000468161868232
4316,1007101023357.2976,2920.868805601596,0.001373276267743605,0.14471315673725843,1.0000467572245664
4317,1007567083418.2936,2920.9152716197873,0.0013734437158430845,0.14471737469672355,1.0000466983626872
4318,1008033474564.3281,2920.961817189714,0.0013736112992038768,0.1447215910193428,1.0000466379107391
4319,1008500181131.4102,2921.00843988998,0.0013737790100838054,0.14472580553512437,1.0000465790248538
4320,1008967222178.8438,2921.055004229812,0.0013739466206307586,0.1447300196675954,1.0000465399572713
4321,1009434779585.5743,2921.1016270339474,0.0013741143682040522,0.14473423434223284,1.0000464834780427
4322,1009902680464.4435,2921.148317290951,0.0013742822317603413,0.14473844755809742,1.0000464256364259
4323,1010370924049.9197,2921.1950761694575,0.0013744502130044712,0.14474265928735675,1.0000463677760252
4324,1010839511657.3988,2921.2419002032548,0.00137461830585784,0.14474686955165256,1.0000463102226262
4325,1011308446102.2814,2921.2887894099085,0.0013747865110213687,0.1447510783844259,1.0000462529344332
4326,1011777730830.0822,2921.3356995538647,0.0013749547488231336,0.14475528597385404,1.0000462048678553
4327,1012247459537.1616,2921.382653370057,0.0013751230796944125,0.14475949324725057,1.000046148629705
4328,1012717537101.2334,2921.429674456715,0.0013752915265804074,0.14476369907216835,1.000046091111671
4329,1013187964452.5726,2921.476755005902,0.0013754600763297062,0.14476790352853242,1.0000460352836391
4330,1013658760524.3596,2921.523824239027,0.0013756286097313826,0.14477210735652693,1.0000459873734535
4331,1014129992558.659,2921.5709630824217,0.0013757972802386285,0.1447763106101307,1.0000459320902626
4332,1014601599483.7404,2921.6180880157176,0.0013759659288427872,0.14478051319939475,1.00004588489168
4333,1015073651317.5148,2921.665284242065,0.0013761347186177374,0.1447847152588939,1.000045828301546
4334,1015546063124.3027,2921.7125453366616,0.001376303622612248,0.1447889160055742,1.0000457712839605
4335,1016018834449.636,2921.759866643162,0.0013764726307174213,0.14479311536750195,1.0000457150024689
4336,1016491972230.6077,2921.8072888748115,0.0013766418158616032,0.1447973131431569,1.0000456540260079
4337,1016965435517.5836,2921.8547276482823,0.0013768110230869405,0.14480150954487817,1.0000456033945557
4338,1017439322066.7451,2921.902399962357,0.001376980645995372,0.144805703760037,1.000045523386473
4339,1017913346645.8774,2921.950077116607,0.0013771502332429895,0.14480989472041972,1.0000454735469089
4340,1018387814308.3971,2921.997655612935,0.0013773196605142972,0.14481408615005678,1.0000454491264998
4341,1018862980528.5616,2922.0451495833145,0.001377489008412775,0.14481828088810314,1.0000454065595872
4342,1019338609701.2673,2922.092812809559,0.0013776586697535477,0.14482247442755752,1.000045324815846
4343,1019814324164.2155,2922.1408892462314,0.0013778289820103597,0.14482666031794703,1.0000452319673494
4344,1020290109353.9772,2922.1889840674453,0.0013779992666554082,0.14483084202788418,1.0000451771257082
4345,1020766289058.1182,2922.2371300233535,0.0013781696458019385,0.14483502272808416,1.0000451222560909
4346,1021242854065.4124,2922.285329872555,0.001378340124239518,0.1448392023953292,1.0000450675219408
4347,1021719808540.174,2922.3335768411775,0.0013785106891902558,0.14484338102830535,1.0000450139707715
4348,1022197164621.8392,2922.3818865309695,0.001378681369204637,0.14484755857892495,1.0000449560555784
4349,1022674872650.3491,2922.430233510969,0.0013788521151343576,0.14485173498484605,1.0000449071671111
4350,1023153044984.3127,2922.4785279636167,0.0013790227876465542,0.14485591183101607,1.0000448669230353
4351,1023631746413.4237,2922.5268232863755,0.001379193487795719,0.14486008913243822,1.0000448198863838
4352,1024110907775.1139,2922.575139577833,0.0013793642482376875,0.14486426661121404,1.0000447699524437
4353,1024590510882.7335,2922.6235308538335,0.0013795351561755984,0.14486844349035252,1.000044711315012
4354,1025070465030.9587,2922.671925270655,0.0013797060498388785,0.14487261839677812,1.0000446651603447
4355,1025550901223.3115,2922.7203779952742,0.0013798770717920704,0.14487679334582537,1.0000446093303208
4356,1026031718781.9567,2922.768901454454,0.0013800482238111834,0.1448809671967889,1.0000445527208766
4357,1026512920421.7092,2922.8174667064936,0.0013802194477835193,0.1448851397668322,1.0000445015227166
4358,1026994560413.3765,2922.8660750431227,0.001380390754796685,0.14488931150873963,1.0000444481250632
4359,1027476607818.8943,2922.91473011742,0.00138056214824084,0.14489348223702256,1.000044394748844
4360,1027959068985.0117,2922.9634336267495,0.0013807336328800917,0.14489765203209767,1.0000443411026936
4361,1028441942514.7532,2923.012200366281,0.001380905240235204,0.14490182107951036,1.0000442855906302
4362,1028925213519.9386,2923.061000489603,0.0013810769038080464,0.14490598884797837,1.000044234207016
4363,1029408920878.9727,2923.109869123657,0.0013812486930447035,0.14491015549684094,1.0000441775117912
4364,1029893006677.6311,2923.1588070068183,0.001381420605819456,0.1449143208394458,1.000044118797793
4365,1030377454889.0927,2923.2077939679443,0.0013815926030264596,0.14491848482289885,1.0000440678703026
4366,1030862360446.9844,2923.2567980841495,0.001381764640567352,0.1449226482985766,1.0000440193404208
4367,1031347734947.9906,2923.305820135721,0.0013819367220675044,0.14492681137873378,1.0000439709165725
4368,1031833580626.8593,2923.3548654943265,0.0013821088594678438,0.14493097415628922,1.0000439209764416
4369,1032319881761.3132,2923.4039221551006,0.0013822810258117164,0.14493513640761976,1.0000438732609915
4370,1032806664610.5659,2923.4530542001135,0.0013824533419585995,0.1449392981138835,1.0000438173633248
4371,1033293845577.156,2923.502224433411,0.0013826257267378246,0.14494345870635642,1.0000437651516922
4372,1033781465514.8793,2923.551434083798,0.001382798190413448,0.14494761860016184,1.00004371319041
4373,1034269528127.7117,2923.6006819336576,0.0013829707275357255,0.144951777629301,1.0000436619068973
4374,1034758040365.8047,2923.649975609127,0.0013831433546928045,0.14495593590574096,1.0000436093160365
4375,1035246989482.9698,2923.6993100404134,0.0013833160610007117,0.1449600933606084,1.0000435578147684
4376,1035736390686.2878,2923.748622103812,0.0013834887386296381,0.14496425060301657,1.0000435134175383
4377,1036226316124.1956,2923.7979926447792,0.0013836615429831728,0.14496840775761508,1.0000434604938908
4378,1036716677897.89,2923.847425045999,0.0013838344668778001,0.14497256411075155,1.0000434055993233
4379,1037207458818.8394,2923.89689903761,0.001384007466250428,0.14497671936285522,1.000043353499696
4380,1037698690621.7772,2923.9464158276182,0.0013841805479807934,0.14498087375333266,1.0000433017242538
4381,1038190375193.3512,2923.9959623540462,0.001384353689440249,0.1449850273913629,1.0000432519959424
4382,1038682537232.4302,2924.045540787486,0.0013845268987670064,0.14498918048699455,1.000043201857944
4383,1039175171040.9683,2924.0951700934856,0.0013847002150415063,0.14499333320451802,1.0000431478288956
4384,1039668235387.7441,2924.1448336005724,0.001384873595518928,0.1449974849579722,1.0000430982771529
4385,1040161786259.2888,2924.194526329879,0.0013850470380386822,0.1450016361271355,1.0000430483766294
4386,1040655813573.8646,2924.2442538753257,0.001385220553675223,0.14500578673602457,1.0000429979233547
4387,1041150315823.1907,2924.294015969815,0.001385394141450536,0.1450099367589095,1.0000429474194794
4388,1041645294403.7285,2924.3438133144205,0.0013855678027081667,0.14501408619554867,1.0000428968620272
4389,1042140749475.6003,2924.393644890776,0.0013857415379715592,0.14501823517328938,1.0000428461988393
4390,1042636681480.8003,2924.4435151334296,0.001385915354002802,0.14502238360506214,1.0000427951935738
4391,1043133087781.5781,2924.4934235807004,0.0013860892493126147,0.14502653145758052,1.0000427441537463
4392,1043629970080.5243,2924.5433701068346,0.0013862632237205677,0.1450306787327387,1.0000426932113142
4393,1044127330206.3645,2924.593354761459,0.0013864372774932653,0.14503482543842228,1.0000426422916597
4394,1044625169904.6191,2924.643255264658,0.0013866111966168524,0.14503897250882553,1.0000426172367645
4395,1045123818286.64,2924.6929989713876,0.0013867849201093607,0.1450431239627558,1.0000425840715648
4396,1045623106017.0186,2924.7427765145408,0.001386958745593142,0.145047276458317,1.0000425360500709
4397,1046122907883.0428,2924.792575056108,0.0013871326261491925,0.14505142881426783,1.000042487716249
4398,1046623225112.0732,2924.8423947604806,0.0013873065620507573,0.1450555810278751,1.000042439385224
4399,1047124059266.0938,2924.892236147633,0.0013874805544268614,0.14505973310586484,1.0000423909063292
4400,1047625411214.7178,2924.9421062392717,0.001387654618208789,0.1450638851314612,1.0000423408632244
4401,1048127262619.8086,2924.9919987273997,0.0013878287367818595,0.14506803686102462,1.0000422928188173
4402,1048629641967.1688,2925.0419098783577,0.0013880029063696015,0.1450721884668402,1.0000422450658646
4403,1049132551127.3818,2925.0918399914976,0.0013881771276713717,0.14507633995511562,1.0000421973186544
4404,1049635991673.8474,2925.141789364186,0.0013883514012926468,0.145080491327335,1.0000421495330407
4405,1050139965168.442,2925.191758266095,0.0013885257277613445,0.145084642583664,1.0000421017455403
4406,1050644473133.5139,2925.2417638717207,0.0013887001433978245,0.14508879391709842,1.0000420506534493
4407,1051149477429.0182,2925.2917929431505,0.00138887461405934,0.1450929448561292,1.0000420024425372
4408,1051655018125.817,2925.341842752081,0.0013890491397842981,0.1450970956726904,1.0000419545387895
4409,1052161097114.4216,2925.3919135913,0.001389223721206196,0.1451012463701099,1.0000419066793886
4410,1052667715978.6196,2925.4420057975894,0.0013893983589862036,0.14510539694878205,1.0000418587580173
4411,1053174876259.2089,2925.4921195304473,0.0013895730534694516,0.14510954741017199,1.0000418108422262
4412,1053682579898.9777,2925.5422669187005,0.001389747830200419,0.14511369788394782,1.0000417608525254
4413,1054190803705.7094,2925.592439223027,0.0013899226668586554,0.14511784807072506,1.0000417123311078
4414,1054699568550.0717,2925.6426366694886,0.0013900975667365443,0.14512199811913537,1.0000416638950766
4415,1055208875980.3042,2925.692858721657,0.001390272528992101,0.14512614803760074,1.000041615619216
4416,1055718730074.4688,2925.743102334233,0.001390447549048761,0.1451302978885644,1.000041567580548
4417,1056229134856.0109,2925.793373253215,0.0013906226371680555,0.14513444763668906,1.0000415190130227
4418,1056740085962.6182,2925.8437045196747,0.0013907978498694966,0.14513859695207637,1.0000414652579022
4419,1057251517520.9309,2925.8940739410828,0.001390973136025329,0.14514274536710647,1.000041415624976
4420,1057763491352.8491,2925.9444332043063,0.0013911484216588869,0.1451468938148388,1.0000413750710415
4421,1058276129570.2485,2925.9947788756244,0.0013913237239650395,0.14515104353312588,1.0000413290174928
4422,1058789336608.4232,2926.0451646221495,0.001391499119441928,0.14515519318730313,1.000041279183217
4423,1059303083215.5934,2926.0955877497863,0.0013916745975466344,0.14515934249347157,1.0000412292559708
4424,1059817370832.9534,2926.1460464721576,0.0013918501544037606,0.14516349142559215,1.0000411795986823
4425,1060332204390.4524,2926.1965442231945,0.0013920257976050116,0.14516764003768173,1.0000411295509974
4426,1060847580923.661,2926.2470810802392,0.0013922015265277676,0.145171788288355,1.0000410794562666
4427,1061363501693.5823,2926.297778017221,0.0013923775761307189,0.14517593642210627,1.000041002175745
4428,1061879581408.63,2926.348865174455,0.0013925543155946516,0.14518008084293918,1.0000409142280644
4429,1062395783567.6162,2926.3999141129716,0.00139273092928221,0.14518422153773616,1.000040867914435
4430,1062912590458.8849,2926.450962860032,0.001392907572193014,0.14518836281362787,1.0000408226886082
4431,1063430004924.8033,2926.502030181837,0.001393084277314628,0.1451925045273197,1.000040775837678
4432,1063948010259.0894,2926.5531149665558,0.0013932610394028376,0.14519664651506306,1.0000407288807882
4433,1064466607626.2177,2926.604217910659,0.0013934378596536618,0.1452007887693338,1.0000406818458587
4434,1064985798230.9148,2926.655339719378,0.0013936147393128532,0.14520493128430217,1.0000406347806587
4435,1065505582935.3745,2926.70648088178,0.0013937916790674335,0.1452090740464546,1.0000405876681624
4436,1066025963769.24,2926.7576417619025,0.001393968679542921,0.14521321705146478,1.000040540496932
4437,1066546942395.0604,2926.8088382451406,0.0013941457693864914,0.14521736021416742,1.0000404901795235
4438,1067068474789.1449,2926.8600990885084,0.0013943229913352478,0.14522150290518895,1.0000404383511285
4439,1067590553192.6412,2926.911376401367,0.0013945002590683324,0.1452256453801036,1.000040391013322
4440,1068113235101.7426,2926.962683227074,0.0013946776055046468,0.14522978805793582,1.0000403425934679
4441,1068636506231.0927,2927.0140205114344,0.0013948550294427806,0.14523393078117752,1.0000402940584165
4442,1069160368097.0939,2927.0653887891326,0.001395032531865402,0.14523807354683302,1.000040245489452
4443,1069684821987.8367,2927.1167876004506,0.0013952101120507166,0.14524221636184984,1.0000401970245612
4444,1070209871664.7537,2927.16821808401,0.001395387772418568,0.14524635923807994,1.000040148380432
4445,1070735516715.9572,2927.2196810080213,0.001395565513952636,0.14525050214934243,1.0000400996629206
4446,1071261759052.3297,2927.271176883161,0.0013957433376423512,0.14525464509529037,1.0000400509301313
4447,1071788599988.037,2927.3227055882153,0.0013959212431118731,0.14525878806723055,1.0000400023082128
4448,1072316043209.6271,2927.37426774641,0.001396099231875704,0.14526293108094057,1.0000399535259874
4449,1072844088368.1737,2927.425864842623,0.0013962773067328967,0.1452670741334704,1.0000399045056603
4450,1073372736374.6721,2927.4775131312563,0.0013964554993040861,0.14527121725511316,1.000039852005031
4451,1073901934136.8507,2927.529233853082,0.0013966338392733299,0.14527535987983367,1.0000397983395417
4452,1074431676581.519,2927.5815943727594,0.0013968133025117708,0.14527949644418175,1.0000396821260518
4453,1074961106234.3473,2927.6339783981102,0.0013969926662708292,0.14528362451441204,1.0000396226494093
4454,1075491011241.5421,2927.686387419167,0.001397172074574812,0.14528775143265796,1.0000395738181809
4455,1076021530581.363,2927.7388360949276,0.0013973515792868381,0.14529187843970168,1.0000395244870148
4456,1076552655403.923,2927.7913196749973,0.0013975311695810897,0.14529600544285967,1.0000394757219504
4457,1077084396361.5892,2927.8438400275268,0.0013977108508596073,0.14530013253626622,1.0000394268055575
4458,1077616753970.1019,2927.896385618881,0.0013978906007024077,0.1453042596981448,1.0000393803286838
4459,1078149768114.5522,2927.9488982298476,0.001398070317432634,0.145308387422282,1.0000393393277818
4460,1078683509809.185,2928.0014597876598,0.001398250164578502,0.1453125160749479,1.0000392904591777
4461,1079217873517.776,2928.0540606455106,0.001398430106429466,0.14531664475627656,1.000039241371068
4462,1079752860431.4824,2928.106701474538,0.0013986101441000635,0.14532077345616623,1.0000391922192722
4463,1080288471970.3629,2928.159382966345,0.001398790278803411,0.14532490216757835,1.000039143006773
4464,1080824709579.8982,2928.2121058090784,0.0013989705117621214,0.14532903088428253,1.000039093746847
4465,1081361574599.2484,2928.2648713490976,0.0013991508455318395,0.14533315960391657,1.0000390443245424
4466,1081899067405.6027,2928.317679314089,0.0013993312791755717,0.145337288303358,1.0000389949556914
4467,1082437191200.3461,2928.370530486836,0.0013995118143555875,0.14534141698974007,1.0000389455321366
4468,1082975947552.6993,2928.4234255343467,0.0013996924522605354,0.1453455456570595,1.0000388960516302
4469,1083515338043.8835,2928.4763651174835,0.001399873194068874,0.14534967429936643,1.0000388465157926
4470,1084055364270.1046,2928.5291438848526,0.0014000536333162673,0.14535380220022445,1.0000388293469948
4471,1084596531349.6119,2928.5819552938156,0.001400234230227194,0.14535793404875647,1.0000387811964857
4472,1085138324526.3846,2928.63482128353,0.0014004149487475053,0.14536206579352265,1.0000387303420024
4473,1085680742844.252,2928.687737582541,0.0014005957795442516,0.1453661973723678,1.0000386800464875
4474,1086223797857.2601,2928.7406286844102,0.0014007765955634168,0.14537032968650632,1.0000386374494725
4475,1086767605652.2888,2928.793601544815,0.0014009576014658198,0.14537446273731275,1.000038585072232
4476,1087312021802.7771,2928.846641135967,0.0014011387452825014,0.1453785953175539,1.0000385326678058
4477,1087857050629.8278,2928.8997492199233,0.0014013200309024745,0.14538272745188735,1.0000384800252498
4478,1088402690450.6837,2928.952926513593,0.0014015014592362342,0.14538685911414856,1.0000384273226097
4479,1088948942713.0343,2929.0061736366406,0.00140168303143748,0.14539099030041766,1.0000383745722465
4480,1089495808927.9254,2929.059491227069,0.0014018647487036042,0.14539512100719276,1.0000383217743556
4481,1090043290547.488,2929.112878681832,0.0014020466100812192,0.14539925124262976,1.0000382691213165
4482,1090591392316.0779,2929.166339897666,0.0014022286234643758,0.14540338102688474,1.0000382157098968
4483,1091140103093.3303,2929.2198478967484,0.0014024107374624784,0.1454075103717455,1.0000381651652601
4484,1091689470022.6271,2929.273407173025,0.0014025929637360682,0.14541163943398275,1.000038117509323
4485,1092239552670.1903,2929.326973389134,0.0014027752225791977,0.14541576848254992,1.0000380739961232
4486,1092790406590.7814,2929.380721756936,0.0014029578726821644,0.1454198987110004,1.0000379952587377
4487,1093341420599.3495,2929.4346446755912,0.0014031408034992114,0.14542402513888708,1.000037937431093
4488,1093893052187.8118,2929.4885805108984,0.0014033237628539817,0.14542815074275797,1.0000378920618036
4489,1094445436081.7932,2929.542456265096,0.0014035066439382186,0.14543227723628224,1.0000378629740032
4490,1094998862927.3906,2929.596108220732,0.0014036892181735782,0.14543640903471622,1.0000378386751374
4491,1095553342426.3285,2929.6498265295145,0.0014038719950672897,0.14544054372739212,1.0000377935564555
4492,1096108589087.8424,2929.7035711290127,0.0014040548530039189,0.14544467898990338,1.0000377478251183
4493,1096664594303.9983,2929.757356646079,0.0014042378196975494,0.145448814804094,1.0000376983718582
4494,1097221293472.902,2929.8113371728773,0.0014044212079032433,0.14545295206396736,1.000037626624202
4495,1097778335402.6117,2929.865408747901,0.0014046047488712533,0.14545708716959563,1.0000375702703448
4496,1098335992831.5638,2929.9195690247584,0.0014047884717728453,0.14546122186178478,1.000037514965288
4497,1098894266472.6073,2929.97381512924,0.0014049723712295755,0.14546535614456893,1.0000374603102269
4498,1099453170272.7771,2930.028154009037,0.0014051564627013948,0.1454694901254869,1.0000374044249545
4499,1100012683375.7551,2930.082588795278,0.0014053407489997118,0.14547362363603603,1.0000373482485445
4500,1100572804956.5212,2930.13711628158,0.0014055252225811964,0.1454777566010601,1.0000372930177546
4501,1101133554807.5942,2930.1917373515325,0.001405709888843048,0.14548188920907656,1.000037236942305
4502,1101694917107.2961,2930.2464555746674,0.0014058947521633314,0.1454860213290388,1.0000371807329544
4503,1102256894115.2305,2930.3009538229726,0.0014060791751714912,0.1454901514736368,1.0000371757656652
4504,1102820405241.153,2930.355506240566,0.0014062638425117032,0.14549428784504922,1.0000371233972265
4505,1103384531009.5747,2930.410165601456,0.0014064487267251618,0.1454984237785396,1.0000370658631215
4506,1103949257382.7737,2930.4649412713793,0.0014066338436231564,0.1455025591582729,1.0000370074367608
4507,1104514574736.601,2930.519817366613,0.001406819159622603,0.14550669382099968,1.0000369505636226
4508,1105080510739.6936,2930.5747976381313,0.0014070046859829609,0.14551082797320025,1.000036893573212
4509,1105647065068.0916,2930.6298723847663,0.0014071903987488265,0.1455149613362277,1.0000368396955512
4510,1106214295650.5793,2930.6848875396972,0.001407375990384911,0.14551909330781826,1.000036805240178
4511,1106782537917.7183,2930.739986940095,0.0014075618043398368,0.1455232273601323,1.0000367540074775
4512,1107351491639.45,2930.795155907036,0.0014077477708745298,0.1455273613426684,1.000036702608466
4513,1107921171402.0688,2930.8503950375352,0.0014079338927077188,0.1455314953342313,1.00003665110719
4514,1108491577567.241,2930.9057045761133,0.0014081201700234347,0.14553562931758457,1.0000365996220062
4515,1109062713662.3948,2930.961083367514,0.0014083066010025967,0.14553976331099583,1.0000365482481581
4516,1109634585309.1958,2931.0165348507508,0.0014084931925352619,0.1455438973264761,1.0000364966169468
4517,1110207190491.6091,2931.0720546415164,0.0014086799355177073,0.14554803132658117,1.0000364455307462
4518,1110780542516.7039,2931.1276488115013,0.0014088668431522181,0.14555216538787702,1.0000363939110692
4519,1111354634811.2854,2931.18330931515,0.0014090538995810585,0.1455562994877253,1.000036343008897
4520,1111929483398.017,2931.2390637570998,0.001409241160704338,0.14556043376913252,1.000036289430427
4521,1112505044471.9968,2931.294867951,0.0014094285315908357,0.1455645677150369,1.0000362403672487
4522,1113081401166.4822,2931.350730287326,0.001409616040323654,0.14556870194048072,1.0000361911316125
4523,1113658553406.0203,2931.406652391996,0.0014098036895106014,0.14557283641646165,1.000036141793614
4524,1114236503561.103,2931.462633898208,0.0014099914783839702,0.1455769711375768,1.0000360925377447
4525,1114815257012.3188,2931.5186744297735,0.001410179406620872,0.1455811061223332,1.0000360433518287
4526,1115394818690.2424,2931.5747735526465,0.0014103674737043282,0.1455852413849749,1.000035994343063
4527,1115975196121.355,2931.630875000848,0.0014105555820250672,0.1455893774745084,1.0000359553441063
4528,1116556603226.3977,2931.686947885118,0.0014107437142998785,0.14559351656670408,1.0000359126745333
4529,1117138929005.0706,2931.7430910035678,0.0014109320224441565,0.14559765668664312,1.0000358636557924
4530,1117722081921.229,2931.7992980805493,0.0014111204802295433,0.14560179710170673,1.000035814145283
4531,1118306057766.0442,2931.8555957322246,0.0014113091382622228,0.14560593777637054,1.0000357593859572
4532,1118890749084.5383,2931.9119843208578,0.0014114979805131447,0.1456100778446078,1.000035707918321
4533,1119476246263.289,2931.9684090661012,0.0014116869194078024,0.14561421822805387,1.0000356610175305
4534,1120062629308.425,2932.0247263672604,0.0014118757120602512,0.14561836066366082,1.0000356430475525
4535,1120650536812.5518,2932.0809850673777,0.001412064551422461,0.14562251025206477,1.0000355985252762
4536,1121239306440.7305,2932.137340280848,0.0014122536018724263,0.14562666006022462,1.0000355461279278
4537,1121828868293.2507,2932.1937849762903,0.001412442838600517,0.14563080950411644,1.0000354936325564
4538,1122419226320.3135,2932.2503180999915,0.0014126322595329889,0.145634958578474,1.000035441332871
4539,1123010388263.5813,2932.3069393256437,0.001412821865011836,0.14563910733033428,1.0000353891561176
4540,1123602360363.7625,2932.3636487280783,0.0014130116558640996,0.14564325579187712,1.0000353369973156
4541,1124195146630.5815,2932.420451319705,0.0014132016421187546,0.14564740397896836,1.0000352839427236
4542,1124788730774.8066,2932.4773072050284,0.0014133917503598298,0.14565155206869973,1.0000352362787897
4543,1125383234428.2358,2932.5342195550047,0.001413582002937196,0.14565570089564894,1.0000351884458443
4544,1125978651157.898,2932.5911889054464,0.0014137723995025803,0.14565985038637871,1.0000351403762529
4545,1126574980458.1836,2932.648250108555,0.001413963004775229,0.1456640004100528,1.000035088848039
4546,1127172157287.215,2932.705776395358,0.0014141545093030168,0.14566814945203133,1.00003496576523
4547,1127768542921.3425,2932.7641168210193,0.00141434730974007,0.14567228324780906,1.000034851345126
4548,1128364665462.083,2932.8225136699575,0.0014145400740521316,0.14567640845729996,1.0000347896463406
4549,1128961436797.0332,2932.8810247864326,0.0014147330467287247,0.14568053192282449,1.0000347346209189
4550,1129558995310.28,2932.9397133845187,0.001414926366638526,0.14568465451010493,1.0000346713782837
4551,1130157156881.0876,2932.998086217994,0.0014151190926544226,0.14568877676925157,1.0000346599713066
4552,1130757023301.189,2933.0567363690475,0.0014153124876720537,0.14569290479274818,1.0000345965071271
4553,1131357485585.906,2933.115519911368,0.0014155061179319409,0.14569703054424787,1.000034541792966
4554,1131958776421.2456,2933.1743783741126,0.0014156999108380429,0.145701156092931,1.0000344859038435
4555,1132560820569.8384,2933.233458081023,0.0014158941246928706,0.14570528018975462,1.0000344225607203
4556,1133163507494.3445,2933.2925845845416,0.0014160884118415336,0.1457094022724179,1.0000343742977076
4557,1133767149120.0361,2933.351805755376,0.0014162829143353388,0.14571352489135012,1.000034322829542
4558,1134371674393.362,2933.4111179582924,0.0014164776155011975,0.14571764754652192,1.0000342712267267
4559,1134977087617.6765,2933.470521611281,0.001416672516330286,0.1457217702440869,1.0000342196217917
4560,1135583393389.7434,2933.5300171582785,0.0014168676179222212,0.14572589299317207,1.0000341680170466
4561,1136190596364.4385,2933.589605043056,0.0014170629213799274,0.14573001580306294,1.0000341164116218
4562,1136798701281.5474,2933.649343586294,0.0014172585336127402,0.14573413837268595,1.0000340570567317
4563,1137407528973.8494,2933.709194814199,0.001417454357950713,0.14573825949993885,1.00003400341754
4564,1138017234362.912,2933.7690918162566,0.0014176502960284271,0.14574238077287702,1.0000339606333315
4565,1138628076818.732,2933.82878182166,0.0014178459339663286,0.14574650603176367,1.0000339356755212
4566,1139240406035.703,2933.8886528330236,0.0014180420213779459,0.14575063525558762,1.0000338814279854
4567,1139853597718.672,2933.948601525356,0.0014182382776103846,0.14575476428109319,1.0000338338260528
4568,1140467832120.7744,2934.008594408098,0.0014184346717152079,0.14575889484293414,1.0000337858850687
4569,1141083075768.4614,2934.068668330377,0.0014186312631532295,0.1457630263324227,1.0000337363238825
4570,1141699310231.5234,2934.1287972994846,0.0014188280007394543,0.14576715869960752,1.0000336893293014
4571,1142316601819.0535,2934.1890186958935,0.0014190249624665165,0.1457712922339599,1.000033638606816
4572,1142934865596.7979,2934.2493297091637,0.0014192221302185943,0.14577542628059367,1.0000335877798747
4573,1143554108355.277,2934.3097294218696,0.0014194195029668894,0.14577956087439667,1.0000335371107605
4574,1144174340017.0093,2934.370218137201,0.0014196170823083222,0.1457836960638179,1.0000334864332934
4575,1144795565672.1091,2934.430793055207,0.0014198148636462471,0.14578783188762592,1.000033436201505
4576,1145417805095.3186,2934.491455397882,0.0014200128517945546,0.14579196846814999,1.0000333857307155
4577,1146041053990.782,2934.552206332683,0.0014202110475523212,0.14579610572694662,1.0000333352927977
4578,1146665320169.2673,2934.6130122619243,0.001420409389845564,0.1458002438644878,1.0000332895370994
4579,1147290729929.2957,2934.6738939614634,0.001420607935151288,0.14580438371225898,1.0000332404043009
4580,1147917192562.2053,2934.734857244997,0.0014208066800823036,0.14580852451539675,1.0000331910830267
4581,1148544717675.4016,2934.795904373955,0.0014210056285692838,0.14581266624752923,1.000033141352694
4582,1149173298773.4011,2934.8570607544916,0.0014212048254855067,0.14581680868269226,1.000033089955683
4583,1149802908673.2256,2934.918277526366,0.0014214041794063418,0.14582095198228376,1.0000330422543078
4584,1150433641523.3142,2934.97956232384,0.0014216037176039969,0.14582509678389693,1.000032994718077
4585,1151065507494.2693,2935.0410038350246,0.001421803620642911,0.14582924353137258,1.000032936977039
4586,1151698257184.195,2935.1025060355178,0.001422003662115732,0.1458333901508975,1.0000328880490479
4587,1152332124254.9138,2935.1640772906594,0.0014222038891742955,0.145837538226505,1.0000328407444057
4588,1152967154882.3713,2935.2257109181883,0.0014224042961670498,0.14584168812943374,1.00003279380428
4589,1153603361207.805,2935.287409965004,0.0014226048896758103,0.14584583989132813,1.0000327468122814
4590,1154240750374.2444,2935.3484640601073,0.0014228044085379868,0.14584999946204122,1.0000327787247896
4591,1154881453065.7007,2935.4096060350707,0.0014230044745143294,0.14585417714928617,1.0000327346006597
4592,1155523329208.8635,2935.470829705624,0.0014232047539583968,0.14585835646128198,1.0000326858457562
4593,1156166378857.865,2935.5321342446236,0.0014234052441697358,0.1458625373382877,1.0000326370728734
4594,1156810610803.9954,2935.593315718473,0.0014236055814833876,0.14586672141221219,1.000032621352677
4595,1157457005143.7622,2935.654445156996,0.001423806042379221,0.14587091579028422,1.0000325777110308
4596,1158104632993.7283,2935.715754925639,0.0014240069064272666,0.1458751116979697,1.0000325164940087
4597,1158753114471.1375,2935.7772140219663,0.0014242080616175034,0.14587930647271302,1.0000324618043308
4598,1159402680142.5474,2935.8387832478174,0.0014244094630775463,0.14588350170714232,1.0000324095180546
4599,1160053378249.4014,2935.900464516881,0.0014246111209084526,0.14588769772405055,1.0000323574209922
4600,1160705220857.178,2935.9622568445893,0.0014248130346817354,0.1458918945949451,1.0000323054920726
4601,1161358220471.3171,2936.0241593110695,0.0014250152041351955,0.14589609239342563,1.0000322537409547
4602,1162012389400.0513,2936.086170787391,0.0014252176286114891,0.14590029119364883,1.0000322021966797
4603,1162667741247.1897,2936.1482904407794,0.0014254203081080221,0.14590449107386294,1.000032150776435
4604,1163324286871.1458,2936.210518486199,0.0014256232441775868,0.14590869208777985,1.0000320994350511
4605,1163982036714.6956,2936.2728549463495,0.0014258264378646326,0.14591289428216916,1.0000320482058918
4606,1164641002468.5437,2936.3352972662337,0.0014260298859376634,0.14591709774119666,1.0000319972436535
4607,1165301199892.1816,2936.3978450440823,0.0014262335895022912,0.14592130255697272,1.000031946428704
4608,1165962641725.9092,2936.460497619597,0.001426437548763482,0.14592550880120617,1.000031895759983
4609,1166625340671.2688,2936.5232543573475,0.0014266417639390101,0.145929716543783,1.000031845224659
4610,1167289309706.7737,2936.586116532562,0.0014268462387948832,0.14593392584613382,1.000031794523632
4611,1167954552145.571,2936.6490932552942,0.0014270509899783695,0.1459381366495375,1.0000317432896617
4612,1168621063455.846,2936.7121687372037,0.0014272559876111486,0.14594234899083552,1.0000316932380586
4613,1169288886861.3066,2936.775345300598,0.0014274612415822998,0.14594656314050322,1.0000316433257963
4614,1169958035816.4158,2936.8386224608603,0.0014276667524506482,0.14595077917084504,1.0000315935359823
4615,1170628523801.2888,2936.90199977144,0.00142787252083632,0.14595499715349977,1.0000315438637009
4616,1171300364365.2832,2936.965476829837,0.0014280785474394212,0.14595921715979823,1.0000314943040662
4617,1171973571122.6582,2937.0296041621277,0.0014282858219903686,0.14596343503826137,1.0000313668011047
4618,1172645571820.6152,2937.0940053530994,0.001428493293289068,0.14596763447241742,1.0000313113201467
4619,1173318997866.496,2937.1584478020486,0.0014287009261132663,0.14597183677889722,1.0000312689516904
4620,1173994036937.4824,2937.2229743783078,0.0014289088252740965,0.14597604304766462,1.000031221288933
4621,1174670511577.9758,2937.2874099686946,0.0014291166495315499,0.1459802532516587,1.0000312063261687
4622,1175349591449.9941,2937.3505026362704,0.0014293223568690656,0.14598448755260218,1.0000312707729966
4623,1176033565858.1812,2937.4140609457177,0.0014295294763763135,0.14598874642256837,1.000031219099112
4624,1176718894927.1812,2937.4777530321317,0.001429736909356693,0.14599300672832397,1.0000311662053059
4625,1177405587412.4343,2937.5415860468283,0.0014299446698050901,0.14599726846791575,1.0000311123613899
4626,1178093620693.2478,2937.6055650299127,0.001430152763276769,0.14600153141809719,1.0000310580028453
4627,1178782989259.234,2937.669706139663,0.0014303612175721463,0.14600579538564495,1.000031002944327
4628,1179473685713.9524,2937.734021272241,0.0014305700507091087,0.1460100601010642,1.0000309434560404
4629,1180165547660.7688,2937.7985309472774,0.0014307792741753813,0.1460143241039726,1.0000308868588752
4630,1180858724467.406,2937.863171963007,0.0014309887980936882,0.14601858908427942,1.0000308333459345
4631,1181553304138.1748,2937.9282669256495,0.0014311992068413455,0.14602285277939006,1.000030754608184
4632,1182248451451.0068,2937.993366628184,0.0014314095837945334,0.14602711307133712,1.0000307060582554
4633,1182945196978.5767,2938.0586548230626,0.0014316204020239846,0.14603137582240994,1.0000306498324065
4634,1183643254289.635,2938.124112502574,0.0014318315868504276,0.14603563910573747,1.0000305938108667
4635,1184342673409.6157,2938.189734547954,0.0014320431352701452,0.14603990327036062,1.000030538190766
4636,1185043474380.6492,2938.255524091539,0.001432255055254742,0.14604416840473333,1.00003048246907
4637,1185745664438.5996,2938.321482815084,0.0014324673503544644,0.14604843451591,1.000030426645877
4638,1186449251000.1538,2938.387606765527,0.0014326800154968232,0.14605270173148713,1.0000303715393457
4639,1187154276718.8774,2938.453920661563,0.0014328931031907,0.14605697026358405,1.0000303099240044
4640,1187860482371.5488,2938.520459215832,0.0014331066366360932,0.14606123783588296,1.000030251215624
4641,1188568041980.3948,2938.5871828290533,0.0014333205673570657,0.1460655059067562,1.0000301940298724
4642,1189276995844.9236,2938.654057963619,0.0014335348404217589,0.1460697750043353,1.0000301397447813
4643,1189987456945.0154,2938.7209972600535,0.0014337493102492276,0.14607404639100866,1.0000301009804664
4644,1190700061374.9656,2938.788086795299,0.0014339642210411032,0.14607832394458076,1.0000300443273222
4645,1191414044656.5476,2938.8553851279717,0.001434179574347134,0.14608260191433772,1.0000299849666672
4646,1192129388804.6208,2938.922890934626,0.0014343953646718745,0.1460868801437956,1.000029925523973
4647,1192846102257.0122,2938.9906090275576,0.001434611601334821,0.1460911586209348,1.0000298657583857
4648,1193564183748.2964,2939.0586060612845,0.001434828430151171,0.14609543813439924,1.0000297941456326
4649,1194283165927.0693,2939.126871700375,0.0014350457938078676,0.1460997167830681,1.0000297298014624
4650,1195003420087.6863,2939.1952889861086,0.0014352634804762007,0.14610399540296018,1.0000296741318173
4651,1195725228401.6357,2939.2638854613097,0.0014354815777988992,0.1461082757101688,1.000029618442375
4652,1196448602745.111,2939.3326817377533,0.001435700124338061,0.14611255761011124,1.0000295599181677
4653,1197173437250.4248,2939.4016960798367,0.0014359191382032383,0.1461168401999459,1.0000295015023963
4654,1197899766587.3567,2939.470891113588,0.0014361385558894254,0.14612112395591814,1.0000294451907796
4655,1198627676065.7864,2939.54027348768,0.0014363584003124472,0.14612540937512355,1.0000293890917253
4656,1199357187928.226,2939.6098325685693,0.0014365786535815927,0.14612969659683936,1.0000293339503314
4657,1200088353064.6643,2939.679589636328,0.0014367993602896624,0.14613398576543818,1.0000292774496027
4658,1200821132766.5,2939.7495331614,0.0014370204942004963,0.14613827668462612,1.0000292216696636
4659,1201555571614.76,2939.819665313758,0.0014372420645730477,0.14614256960136077,1.0000291658886082
4660,1202291683243.2114,2939.890008398377,0.00143746411393387,0.1461468644516162,1.0000291070645886
4661,1203029348208.2065,2939.960597000614,0.001437686689750194,0.14615116020038724,1.0000290472136673
4662,1203768561623.3018,2940.031363661646,0.0014379096663304138,0.146155457156739,1.0000289913954654
4663,1204509491895.6782,2940.102323450789,0.0014381330928330762,0.1461597563128739,1.0000289357027898
4664,1205252156507.7292,2940.1732019890574,0.0014383564838255434,0.14616406027597384,1.0000289179871351
4665,1205998324634.5403,2940.2423446835683,0.0014385771668710568,0.14616839778892007,1.0000290039671167
4666,1206752214325.9517,2940.3122414867685,0.0014388001043329013,0.14617277341091892,1.0000289488286735
4667,1207507932362.7,2940.3823591165806,0.0014390235515512986,0.14617715150891192,1.000028889978256
4668,1208265376690.4602,2940.452704788359,0.001439247507372184,0.1461815312971455,1.000028831913445
4669,1209024619339.087,2940.523249929998,0.0014394719277857186,0.14618591337204132,1.0000287755062003
4670,1209785742575.5112,2940.594001072541,0.0014396968344766998,0.1461902981763225,1.0000287192518895
4671,1210548771658.8801,2940.6653589598604,0.0014399229424008268,0.1461946821494138,1.0000286321879082
4672,1211312313130.1155,2940.736804553865,0.0014401491419103927,0.14619906055170395,1.0000285761066805
4673,1212077819295.4668,2940.8084511704246,0.0014403758281750381,0.14620344217019005,1.0000285206019757
4674,1212845314162.744,2940.880275769287,0.0014406029610687975,0.14620782725022666,1.0000284668410264
4675,1213614894218.735,2940.952312798118,0.0014408306154028642,0.14621221615389526,1.0000284115955616
4676,1214386517085.49,2941.024552910857,0.0014410587668932345,0.14621660856842641,1.0000283568168877
4677,1215160227278.5188,2941.097002774165,0.0014412874340047235,0.14622100475796376,1.0000283014058384
4678,1215936017001.6245,2941.1696569378687,0.0014415166030206843,0.14622540455873653,1.0000282464651782
4679,1216713931208.0066,2941.242519805505,0.001441746287189278,0.14622980819499296,1.0000281914228413
4680,1217493985531.4558,2941.3155967949524,0.001441976499645332,0.14623421578400078,1.0000281358680554
4681,1218276183039.659,2941.3888745177733,0.0014422072097866941,0.14623862709521418,1.000028081931939
4682,1219060626817.6946,2941.462373288451,0.0014424384764403068,0.14624304308106292,1.0000280259818852
4683,1219847243981.1416,2941.5360657654737,0.001442670227247029,0.14624746278174294,1.0000279730999093
4684,1220636212837.4648,2941.6099988012866,0.0014429025819647186,0.1462518875982489,1.000027916229339
4685,1221427359683.8315,2941.684335625909,0.0014431357991867774,0.14625631439125872,1.0000278355293866
4686,1222219370261.178,2941.759352188378,0.0014433701976734113,0.14626073185412614,1.0000277503188328
4687,1223012273882.8328,2941.8344198766104,0.0014436046699456532,0.14626514636605173,1.000027697232065
4688,1223807614670.9775,2941.9096569044295,0.0014438396138462233,0.14626956632286037,1.0000276493877844
4689,1224605692524.7942,2941.985092736414,0.0014440751204273844,0.14627399339681477,1.0000275966148862
4690,1225406249589.5923,2942.060750370772,0.0014443112174765142,0.14627842669696373,1.0000275414549218
4691,1226209221952.6602,2942.1365713426094,0.0014445477668533547,0.1462828650308507,1.0000274932142468
4692,1227015012136.1882,2942.2126121188912,0.00144478492717096,0.14628731080440852,1.0000274402537286
4693,1227823381552.787,2942.2888883823357,0.0014450227021243873,0.14629176263294405,1.0000273844352872
4694,1228634212129.726,2942.365405095008,0.001445261076321626,0.14629621923164332,1.0000273274020182
4695,1229447457873.43,2942.4421594396053,0.0014455000401991048,0.14630068038462318,1.0000272739839082
4696,1230263397978.8276,2942.5191290891535,0.0014457395864590852,0.14630514793097474,1.0000272213524983
4697,1231082083377.666,2942.596320523193,0.001445979731849999,0.14630962206195278,1.000027168578534
4698,1231903543893.638,2942.6737362294334,0.0014462204825253088,0.1463141028293311,1.0000271157529228
4699,1232727814725.2205,2942.751376747393,0.0014464618406247096,0.14631859027541216,1.0000270633412072
4700,1233554964409.655,2942.8292323230676,0.001446703787527315,0.1463230844161536,1.00002701192922
4701,1234385081231.8525,2942.9073236165614,0.001446946375324264,0.146327585819015,1.0000269595407845
4702,1235218155379.9373,2942.9856498351674,0.001447189599255066,0.1463320943090533,1.0000269069994385
4703,1236054220438.6616,2943.0642228831534,0.0014474334837003293,0.1463366099218737,1.0000268535746648
4704,1236893265502.005,2943.142978309624,0.0014476779055326943,0.14634113282997582,1.0000268066334272
4705,1237735757907.6353,2943.22207679326,0.0014479232091822948,0.14634566444984468,1.0000267426421177
4706,1238580581571.1494,2943.301386613188,0.0014481689854961358,0.14635019718797995,1.0000266946203575
4707,1239428908228.3296,2943.3809823153842,0.0014484155491928017,0.1463547395216938,1.0000266412401286
4708,1240280403397.606,2943.4608319913964,0.001448662798363582,0.1463592894598214,1.0000265882422985
4709,1241135142207.5647,2943.5409328749033,0.0014489107352248013,0.14636384737514802,1.000026536295816
4710,1241993250350.035,2943.6212422719923,0.0014491592981430838,0.14636841438659878,1.0000264866522952
4711,1242854921484.513,2943.701860754122,0.0014494086886083955,0.14637299065355575,1.0000264317681056
4712,1243719867662.4463,2943.7827426689205,0.0014496587898972276,0.1463775748056206,1.0000263785182142
4713,1244588264489.1074,2943.863894234627,0.0014499096257397578,0.1463821674073422,1.0000263271272933
4714,1245460305475.87,2943.9453286925045,0.0014501612375166048,0.14638676921497343,1.0000262732878837
4715,1246335845711.6753,2944.027074988478,0.0014504136675207357,0.1463913794677372,1.000026216993683
4716,1247214798052.516,2944.109134143025,0.0014506669077034254,0.14639599764059077,1.0000261604363487
4717,1248097197619.1646,2944.1915117525155,0.0014509209705647426,0.1464006237903076,1.0000261036541527
4718,1248983083550.7769,2944.274199487973,0.0014511758384344513,0.1464052578362313,1.0000260480356487
4719,1249872598366.6692,2944.3572343349033,0.0014514315992277872,0.14640990051695527,1.0000259893709489
4720,1250765570388.464,2944.440627611802,0.0014516882566179322,0.14641455087278155,1.0000259296350793
4721,1251661993658.6604,2944.5243521048005,0.0014519457523972162,0.14641920865580935,1.0000258723283524
4722,1252562118772.448,2944.608413339869,0.0014522041189399142,0.14642387493041462,1.0000258156253823
4723,1253466046121.4114,2944.6926359369927,0.0014524630557575964,0.146428551972915,1.0000257709611937
4724,1254374796726.6636,2944.777291868378,0.0014527231708228244,0.14643324336429872,1.0000257135955612
4725,1255287432491.616,2944.862313608919,0.0014529842268853044,0.14643794383861286,1.0000256555339329
4726,1256203986468.3735,2944.947706882395,0.0014532462360811354,0.1464426534173683,1.00002559733565
4727,1257124527086.837,2945.0334767484314,0.0014535092118784425,0.14644737225479934,1.0000255390427664
4728,1258049120112.202,2945.1196320808203,0.0014537731757854843,0.1464521005303096,1.0000254804632704
4729,1258977818895.3845,2945.2057601351307,0.0014540373909239831,0.14645684216041158,1.0000254510608153
4730,1259913248746.5085,2945.292461853493,0.001454303273175012,0.14646160866969216,1.0000253911578143
4731,1260852833581.3992,2945.3795346498737,0.0014545701249765331,0.14646638504850934,1.0000253333145834
4732,1261796884944.9895,2945.467007605372,0.001454838032178318,0.1464711727044608,1.0000252753939902
4733,1262745487763.199,2945.5548939254736,0.0014551070282865259,0.14647597198679269,1.0000252168929822
4734,1263698685627.0955,2945.6431980814073,0.0014553771218594376,0.14648078285682295,1.0000251582033306
4735,1264656556639.5298,2945.731931187947,0.0014556483391517958,0.14648560550519404,1.0000250993939177
4736,1265619193771.9285,2945.821089302173,0.0014559206819831881,0.1464904403899243,1.0000250409777496
4737,1266586736154.9656,2945.911111799785,0.0014561949744970575,0.14649528524136932,1.0000249557923175
4738,1267556701748.425,2946.00139955424,0.0014564698256158823,0.14650012963993836,1.0000248943250696
4739,1268531470800.5627,2946.0921628334836,0.0014567458916367013,0.1465049856623221,1.0000248328524266
4740,1269511123012.3003,2946.183496482541,0.0014570233730846485,0.14650985392906454,1.000024760503576
4741,1270494608469.9119,2946.2759023654544,0.001457303198270935,0.1465147311582065,1.000024659167588
4742,1271479279533.8713,2946.368418296217,0.0014575831432379548,0.146519601212076,1.000024599167717
4743,1272469243312.397,2946.4614213010095,0.0014578643619017726,0.14652448457819217,1.0000245398632237
4744,1273464667861.255,2946.554928933743,0.001458146902236548,0.14652938189103382,1.0000244801027807
4745,1274464667861.255,2946.648860761468,0.001458430514976038,0.14653428859654244,1.0000244201078623
4746,1275464667861.255,2946.7412630126987,0.001458711012107481,0.1465391886289767,1.0000244908691385
4747,1276464667861.255,2946.8328601355847,0.001458989801230392,0.14654408070318592,1.000024437961173
4748,1277464667861.255,2946.9244669301906,0.0014592683949387062,0.146548959774102,1.0000243778658122
4749,1278464667861.255,2947.016146515601,0.0014595469135015382,0.14655382560750047,1.000024311194931
4750,1279464667861.255,2947.1079217211727,0.0014598253990450874,0.1465586780499194,1.0000242490735787
4751,1280464667861.255,2947.199731626277,0.001460103735970844,0.1465635173601692,1.0000241878381184
4752,1281464667861.255,2947.2915979873205,0.001460381966826951,0.14656834351377024,1.0000241245851658
4753,1282464667861.255,2947.3835918247305,0.0014606602285117069,0.14657315631897627,1.000024058979985
4754,1283464667861.255,2947.475635318685,0.0014609383705300849,0.14657795596603374,1.0000239971832514
4755,1284464667861.255,2947.5677367153376,0.0014612164099246363,0.14658274249317885,1.0000239349999709
4756,1285464667861.255,2947.6598500346863,0.0014614942510552719,0.14658751568043177,1.0000238775080892
4757,1286464667861.255,2947.752063440812,0.0014617720763012536,0.1465922759092753,1.0000238103599455
4758,1287464667861.255,2947.8444752233077,0.0014620500737289,0.14659702283341267,1.0000237382610735
4759,1288464667861.255,2947.937128711993,0.0014623283215022722,0.14660175605791637,1.0000236671081828
4760,1289464667861.255,2948.031725584701,0.001462609832914993,0.14660645734835945,1.0000234936459904
4761,1290464667861.255,2948.1266017575163,0.0014628915470053707,0.1466111387526877,1.0000234295100692
4762,1291464667861.255,2948.2217323532946,0.0014631735735070293,0.14661580823899362,1.000023354753553
4763,1292464667861.255,2948.3170954493235,0.0014634558670359654,0.14662046570753653,1.0000232823838269
4764,1293464667861.255,2948.4126993971163,0.001463738440395479,0.14662511096331549,1.0000232081987328
4765,1294464667861.255,2948.508586112406,0.0014640213660499757,0.14662974346030977,1.0000231330743672
4766,1295464667861.255,2948.6040584540683,0.0014643032070657935,0.1466343605818728,1.0000231275861964
4767,1296464667861.255,2948.699195596524,0.0014645841713478431,0.14663896488829545,1.0000230708757927
4768,1297464667861.255,2948.794385478776,0.001464865073299617,0.1466435585808393,1.0000230045273664
4769,1298464667861.255,2948.8897571680764,0.001465146144717253,0.1466481404251695,1.0000229373789864
4770,1299464667861.255,2948.9852664114683,0.0014654272936816708,0.1466527102200409,1.0000228719152988
4771,1300464667861.255,2949.08086748258,0.0014657084258702883,0.14665726779344856,1.0000228102362645
4772,1301464667861.255,2949.176429584545,0.0014659892714956547,0.1466618126604642,1.0000227586484312
4773,1302464667861.255,2949.2719769085174,0.001466269882909719,0.1466663450410361,1.0000226993707273
4774,1303464667861.255,2949.3674951722387,0.001466550251864199,0.14667086594963355,1.0000226483787606
4775,1304464667861.255,2949.463616751256,0.0014668317735247478,0.14667538225201546,1.0000225319802063
4776,1305464667861.255,2949.56010115535,0.0014671138323952796,0.14667988707212282,1.0000224654444472
4777,1306464667861.255,2949.656706414214,0.0014673959372937452,0.14668437991413275,1.0000224013686194
4778,1307464667861.255,2949.7534305539593,0.0014676780863650057,0.14668886088142485,1.000022337522925
4779,1308464667861.255,2949.8502093460465,0.0014679601636331864,0.14669333056712894,1.0000222798692648
4780,1309464667861.255,2949.947734813754,0.0014682434349141099,0.14669778338291142,1.0000221475537583
4781,1310464667861.255,2950.045859618958,0.0014685276070300081,0.14670221931112773,1.0000220903786423
4782,1311464667861.255,2950.143913184549,0.0014688114798245635,0.1467066450883702,1.0000220374430038
4783,1312464667861.255,2950.2418871692726,0.0014690950389705261,0.14671106083691338,1.0000219854338588
4784,1313464667861.255,2950.339797942492,0.001469378311660653,0.14671546629469764,1.0000219274081097
4785,1314464667861.255,2950.4376597007367,0.0014696613261342706,0.14671986146713062,1.0000218796184057
4786,1315464667861.255,2950.535440793074,0.001469944026554558,0.14672424672243517,1.000021827339934
4787,1316464667861.255,2950.6330961578637,0.001470226326401273,0.1467286222332597,1.0000217784411631
4788,1317464667861.255,2950.730642710616,0.0014705082593495394,0.14673298800779633,1.0000217277822485
4789,1318464667861.255,2950.82806189491,0.0014707897894819485,0.1467373441094694,1.0000216808945925
4790,1319464667861.255,2950.92532124961,0.001471070856646902,0.14674169077700783,1.0000216324244486
4791,1320464667861.255,2951.022652370821,0.0014713518962359284,0.14674602670099332,1.0000215667985275
4792,1321464667861.255,2951.1203239941337,0.001471633397726475,0.14675034956132804,1.0000214997736707
4793,1322464667861.255,2951.2179069130325,0.0014719145762262236,0.14675466290599545,1.0000214511011896
4794,1323464667861.255,2951.3145167182015,0.00147219384267395,0.14675897549637232,1.0000214464561887
4795,1324464667861.255,2951.411005459724,0.0014724727326208935,0.14676327916443255,1.0000213985695794
4796,1325464667861.255,2951.507377512339,0.001472751245675926,0.14676757346527516,1.0000213503634114
4797,1326464667861.255,2951.6036362096715,0.001473029388120779,0.14677185838998044,1.0000213021233315
4798,1327464667861.255,2951.699797105573,0.001473307189209963,0.14677613385840513,1.0000212526026622
4799,1328464667861.255,2951.7950443535588,0.0014735831567681023,0.1467804067004655,1.000021266163214
4800,1329464667861.255,2951.890092558778,0.0014738586132963406,0.14678467174632182,1.0000212028518896
4801,1330464667861.255,2951.9825721110697,0.0014741289596119352,0.14678893568337018,1.0000213029535345
4802,1331464667861.255,2952.075184759771,0.0014743994055527307,0.14679318928670462,1.000021240023159
4803,1332464667861.255,2952.1679924779937,0.0014746700413153246,0.14679743088091435,1.0000211765591454
4804,1333464667861.255,2952.260995450075,0.0014749408675665302,0.1468016604773192,1.0000211125867013
4805,1334464667861.255,2952.3541972679072,0.0014752118911190335,0.1468058780541467,1.0000210487356378
4806,1335464667861.255,2952.4475948544605,0.0014754831044679207,0.14681008354034875,1.0000209846535673
4807,1336464667861.255,2952.5412305956484,0.0014757545863733515,0.14681427663485347,1.000020919543048
4808,1337464667861.255,2952.635056262149,0.0014760262490292528,0.14681845776175104,1.0000208568227669
4809,1338464667861.255,2952.7290677187984,0.0014762980854816396,0.1468226269831839,1.0000207940225017
4810,1339464667861.255,2952.823266353388,0.0014765700986757392,0.14682678430443863,1.0000207314441418
4811,1340464667861.255,2952.9176495263,0.0014768422840426112,0.14683092975769851,1.0000206691189875
4812,1341464667861.255,2953.0121824611606,0.001477114571534398,0.1468350633166948,1.0000206109918772
4813,1342464667861.255,2953.1066018248807,0.001477386405441589,0.14683918355138556,1.0000205661194088
4814,1343464667861.255,2953.201181434664,0.0014776583658825202,0.14684329206746802,1.0000205058566354
4815,1344464667861.255,2953.2959177780217,0.0014779304439680738,0.1468473887706,1.0000204457478727
4816,1345464667861.255,2953.390231576202,0.001478201574787514,0.14685147836933116,1.0000204335234082
4817,1346464667861.255,2953.484192835835,0.001478471900412586,0.1468555609799086,1.0000203889980475
4818,1347464667861.255,2953.578070748518,0.0014787419063305217,0.14685963395921325,1.000020342897406
4819,1348464667861.255,2953.6718645630276,0.0014790115913312137,0.14686369732984492,1.0000202966401377
4820,1349464667861.255,2953.765396456533,0.0014792806300098407,0.14686775262966312,1.0000202691860227
4821,1350464667861.255,2953.858636512357,0.0014795489748261712,0.14687180048931725,1.0000202257097695
4822,1351464667861.255,2953.951827545179,0.001479817063429984,0.14687583849762958,1.0000201782378964
4823,1352464667861.255,2954.0449709607806,0.001480084897988671,0.1468798666288347,1.0000201306334517
4824,1353464667861.255,2954.1380554402463,0.0014803524575423043,0.146883884975102,1.0000200843113844
4825,1354464667861.255,2954.2310742413697,0.0014806197298060637,0.14688789360440746,1.0000200380755384
4826,1355464667861.255,2954.324023895236,0.0014808867084943232,0.14689189255711158,1.000019992436399
4827,1356464667861.255,2954.4169912779603,0.0014811535524612153,0.14689588107870638,1.0000199389582036
4828,1357464667861.255,2954.5100411429253,0.0014814203806961896,0.14689985863339375,1.00001988662341
4829,1358464667861.255,2954.603078734523,0.0014816870156670447,0.14690382584404055,1.0000198394162985
4830,1359464667861.255,2954.696055978897,0.0014819533543800186,0.1469077823912264,1.000019793781053
4831,1360464667861.255,2954.789015033306,0.0014822194937572438,0.14691172889343326,1.000019745849168
4832,1361464667861.255,2954.8818845355095,0.001482485268307117,0.1469156642518545,1.0000197032784206
4833,1362464667861.255,2954.9747121379287,0.0014827508024519006,0.14691958990104373,1.0000196571378643
4834,1363464667861.255,2955.0675568258607,0.001483016208773375,0.14692350555843017,1.000019606375279
4835,1364464667861.255,2955.160455699402,0.0014832815568018092,0.14692741098212267,1.0000195540622265
4836,1365464667861.255,2955.2533996222537,0.0014835468294833664,0.1469313062381595,1.000019503910054
4837,1366464667861.255,2955.346339830743,0.001483811935328403,0.14693519164797697,1.0000194570409613
4838,1367464667861.255,2955.4391073129855,0.0014840765583572823,0.1469390683792908,1.000019417734048
4839,1368464667861.255,2955.5317292100945,0.001484340758396243,0.14694293670585615,1.0000193833145368
4840,1369464667861.255,2955.623742106807,0.0014846037026727344,0.14694680150340406,1.0000193617453945
4841,1370464667861.255,2955.715917143087,0.0014848667955945991,0.1469506556156169,1.0000193061335494
4842,1371463672354.1567,2955.8080924074447,0.001485129658371663,0.14695449639885863,1.0000192517792756
4843,1372459934889.6443,2955.9000185458867,0.0014853916527072944,0.1469583170779948,1.000019204337507
4844,1373453424275.446,2955.991701136385,0.0014856527839423,0.14696211738218845,1.0000191568423538
4845,1374444179281.8984,2956.083139498598,0.001485913056053436,0.14696589759520703,1.000019109625046
4846,1375432233915.8298,2956.1743513906717,0.0014861725068612529,0.14696965784067376,1.000019061521388
4847,1376417629284.5222,2956.2652580601098,0.001486430996632569,0.14697339905932924,1.0000190214169653
4848,1377400317967.5867,2956.355857160932,0.0014866885206900533,0.14697712127452223,1.0000189759271758
4849,1378380397449.5554,2956.4463062619734,0.0014869454241653824,0.14698082589806655,1.0000189226399951
4850,1379357956387.2217,2956.536531956605,0.0014872015362420658,0.14698451180158814,1.0000188770036254
4851,1380332968379.4897,2956.6265169050457,0.0014874568202919369,0.14698817891690202,1.0000188321373735
4852,1381305459559.1692,2956.7162636837566,0.0014877112848164203,0.14699182742601927,1.0000187874116269
4853,1382275460787.9785,2956.805774239446,0.0014879649375943544,0.14699545753756726,1.000018742996684
4854,1383243000195.098,2956.895054957629,0.0014882177940834743,0.14699906939778867,1.0000186985963926
4855,1384208108231.5698,2956.984103987462,0.0014884698554907551,0.14700266326764366,1.0000186546642478
4856,1385170809958.4624,2957.072922196252,0.0014887211270126215,0.1470062393347061,1.0000186111407006
4857,1386131132634.3645,2957.1614652669673,0.001488971516066486,0.14700979745187223,1.0000185717315886
4858,1387089069141.6118,2957.249762647432,0.0014892210881048537,0.14701333794085075,1.0000185289893677
4859,1388044678565.5571,2957.3378322177928,0.0014894698860795524,0.1470168611611565,1.000018486439893
4860,1388997987455.8418,2957.4257005397462,0.001489717966351827,0.14702036726959983,1.0000184425230314
4861,1389949036035.9556,2957.513347210125,0.001489965292340044,0.14702385650522753,1.0000184004795387
4862,1390897832208.2874,2957.6008048858503,0.0014902119273984462,0.14702732876253596,1.0000183550555164
4863,1391844433933.9841,2957.688067110261,0.0014904578644512694,0.14703078434916306,1.0000183139403134
4864,1392788824470.1853,2957.7739995617626,0.0014907008965176982,0.14703422721473525,1.0000183498563748
4865,1393730373781.0269,2957.8594340957775,0.0014909426118955597,0.14703765303255945,1.0000183135473095
4866,1394669763374.7668,2957.9446158308338,0.001491183528537144,0.14704106299624334,1.00001827542114
4867,1395607020038.2307,2958.0295485436086,0.0014914236570993632,0.14704445727207663,1.0000182374199669
4868,1396542166902.8425,2958.1142334103133,0.0014916630031017546,0.1470478360313236,1.0000181997763138
4869,1397475225105.0964,2958.198661073333,0.0014919015531634596,0.14705119956083726,1.000018162824812
4870,1398406213173.41,2958.2828500939604,0.00149213934507302,0.14705454789352837,1.0000181250401508
4871,1399335161209.818,2958.368474996404,0.001492379459308905,0.14705786634059553,1.0000179844114663
4872,1400262924715.7458,2958.454047548231,0.0014926192167657032,0.14706117083411072,1.0000179463539038
4873,1401188654104.431,2958.5393625291517,0.0014928581853162531,0.1470644604992621,1.0000179100452509
4874,1402112370547.3584,2958.624428020123,0.0014930963838819932,0.14706773548057714,1.0000178735961274
4875,1403034097800.3372,2958.70927225877,0.0014933338734601435,0.14707099599006182,1.000017834369113
4876,1403953881104.7446,2958.793935105258,0.0014935707395780273,0.14707424229040197,1.0000177956059986
4877,1404871735591.708,2958.8783640798642,0.001493806874840768,0.147077474324572,1.0000177593217843
4878,1405787663747.5334,2958.9625618086848,0.0014940422858143198,0.147080692169393,1.0000177230956293
4879,1406701685668.9548,2959.0465335211684,0.001494276985008658,0.1470838959351976,1.0000176868814945
4880,1407613821844.8608,2959.1302821100367,0.0014945109797120531,0.1470870857072926,1.0000176509251055
4881,1408524089685.922,2959.2138061063147,0.0014947442642607703,0.1470902613670824,1.0000176151516216
4882,1409432510490.6846,2959.2971253612372,0.0014949768867768634,0.14709342332264316,1.0000175787460905
4883,1410339105780.9421,2959.380236630913,0.0014952088426621725,0.14709657168341256,1.0000175426522269
4884,1411243892438.643,2959.4631441441406,0.001495440142387597,0.1470997065571764,1.0000175066028847
4885,1412146889284.096,2959.545852188401,0.0014956707965389597,0.14710282805123198,1.0000174706244307
4886,1413048114842.0972,2959.6283646199954,0.0014959008145854344,0.14710593626052654,1.000017434751127
4887,1413947587569.9595,2959.710686265965,0.001496130208599884,0.14710903131123673,1.000017398776695
4888,1414845324012.329,2959.7928211789663,0.001496358988561874,0.14711211330327836,1.0000173628260445
4889,1415741341417.3486,2959.874773740031,0.0014965871651312708,0.1471151823370757,1.00001732686894
4890,1416635657074.7947,2959.9562077366054,0.001496814029799565,0.14711823702703558,1.0000173279917437
4891,1417528010442.7253,2960.0372123384773,0.001497039766023343,0.1471212775484827,1.0000172946968022
4892,1418418702485.6763,2960.1213458712746,0.0014972709026135817,0.14712427097631048,1.0000169239426597
4893,1419310319195.2383,2960.219711416014,0.0014975274174313514,0.1471270949178943,1.0000161997693313
4894,1420204958308.247,2960.3181970029555,0.001497784176671168,0.14712991715275886,1.000016167124194
4895,1421097692478.7305,2960.4162828040194,0.0014980399321101751,0.14713272804924113,1.0000161383008248
4896,1421988537015.3647,2960.513977698744,0.0014982947032239453,0.1471355277023588,1.0000161093114732
4897,1422877514218.7012,2960.6112911552286,0.001498548510365884,0.14713831619110224,1.0000160801010747
4898,1423764644710.9626,2960.708206632311,0.0014988013241925573,0.1471410937396047,1.0000160530908242
4899,1424649934828.9087,2960.8047444599515,0.001499053185377769,0.14714386034426388,1.0000160236874922
4900,1425533424025.4504,2960.900931190838,0.0014993041480264098,0.14714661604089757,1.0000159937655062
4901,1426415134007.9011,2960.996775289138,0.001499554230692775,0.14714936091739178,1.0000159638358967
4902,1427295084531.9773,2961.092207229626,0.0014998032940471003,0.14715209506712296,1.0000159413665088
4903,1428173241181.1704,2961.1869681564085,0.0015000508681285965,0.14715482118700207,1.000015933960682
4904,1429049522587.6096,2961.2813003317337,0.0015002974029607922,0.14715753729950815,1.000015905508545
4905,1429924103011.1353,2961.3752445193454,0.0015005429812845648,0.1471602434316685,1.0000158808726867
4906,1430796968378.0615,2961.4683100918887,0.0015007867010593018,0.14716294413819916,1.0000158850887289
4907,1431667947682.3262,2961.5610098144953,0.0015010295004735717,0.14716563448650177,1.000015857633878
4908,1432537276656.9866,2961.6533756612084,0.0015012714535080677,0.14716831494356447,1.0000158301531872
4909,1433404971306.2349,2961.745480207721,0.0015015126978098813,0.14717098505948703,1.0000157964351266
4910,1434271092542.2854,2961.837295333543,0.001501753185564213,0.14717364530027832,1.000015768773491
4911,1435135610811.9597,2961.9287866359064,0.0015019928530270864,0.14717629597697626,1.0000157411188366
4912,1435998546994.071,2962.0199533640457,0.0015022316986669302,0.14717893710548507,1.0000157146046267
4913,1436859907940.2612,2962.110740331375,0.0015024696280962243,0.14718156956323164,1.0000156917680016
4914,1437719687494.6677,2962.2013131108856,0.0015027069438062876,0.14718419172828864,1.0000156539697715
4915,1438578000881.7876,2962.2914435755056,0.0015029432266156111,0.14718680575704968,1.0000156445127404
4916,1439434667597.4639,2962.38126528426,0.0015031787259789215,0.14718941061055626,1.0000156129534752
4917,1440289859090.9531,2962.4707481391024,0.0015034133764052196,0.14719200608903057,1.0000155883197785
4918,1441143543885.8928,2962.559824543741,0.0015036470625757754,0.1471945932815901,1.0000155709285494
4919,1441995687344.2263,2962.6485773929917,0.0015038799396331396,0.14719717156209625,1.000015543587921
4920,1442846373550.1223,2962.7370667727037,0.001504112130274279,0.14719974097940555,1.0000155152577315
4921,1443695619589.3933,2962.8252990984597,0.0015043436483276377,0.14720230158586528,1.0000154867833353
4922,1444543440022.0735,2962.912884531183,0.0015045736723470256,0.1472048519463713,1.000015492612304
4923,1445389638348.4246,2963.0000841858373,0.001504802751500603,0.14720739300456914,1.0000154670189028
4924,1446234431925.7097,2963.087041298055,0.0015050311901014738,0.14720992542866873,1.000015438343082
4925,1447077844664.4092,2963.173753615358,0.0015052589821064125,0.14721244915916745,1.0000154108208603
4926,1447919885424.2405,2963.260224050779,0.001505486133648927,0.14721496421877886,1.0000153830396517
4927,1448760568567.48,2963.3464689126768,0.0015057126812366315,0.14721747078396225,1.0000153544690131
4928,1449599910589.6614,2963.4324855690998,0.0015059386184333163,0.14721996881304558,1.000015326431193
4929,1450437920564.123,2963.5182787291346,0.0015061639554362378,0.14722245834802755,1.000015298334753
4930,1451274613572.1387,2963.603856244804,0.0015063887093968004,0.14722493945818865,1.0000152699909886
4931,1452110000007.9988,2963.6892221199505,0.0015066128889025575,0.14722741217626809,1.00001524160109
4932,1452944091565.3713,2963.7743815696617,0.0015068365050876277,0.1472298765388385,1.0000152131109186
4933,1453776900127.7124,2963.859307847533,0.0015070595083443202,0.14723233279052103,1.0000151883849933
4934,1454608413069.2405,2963.9439225287865,0.0015072817507251002,0.14723478150829153,1.0000151655947964
4935,1455438634512.5166,2964.0283221561426,0.0015075034150300514,0.14723722204156295,1.0000151381202833
4936,1456267602385.8535,2964.1125369587508,0.0015077245448424734,0.1472396535259033,1.0000151109041988
4937,1457095323846.531,2964.1965321060416,0.0015079450908294168,0.14724207702301004,1.000015083717724
4938,1457921811482.1873,2964.2803251570717,0.0015081650892703224,0.14724449257017752,1.0000150564165327
4939,1458747075649.694,2964.363917873751,0.0015083845440339205,0.14724690019124753,1.0000150292477783
4940,1459571126316.332,2964.447314783045,0.0015086034656595386,0.1472492999607988,1.0000150019748049
4941,1460393973987.2976,2964.530607116696,0.0015088220347585825,0.14725169163867452,1.0000149669134963
4942,1461215673835.1528,2964.613746592519,0.0015090401582718742,0.14725407548750616,1.0000149391604714
4943,1462036189801.6755,2964.6967012855066,0.00150925777301639,0.14725645160457937,1.0000149117514492
4944,1462855531603.548,2964.7794719926233,0.0015094748820421462,0.14725882006874885,1.0000148845759176
4945,1463673707505.4854,2964.862062859746,0.0015096914943661815,0.14726118091712137,1.00001485719882
4946,1464490728144.403,2964.944478310432,0.0015099076196347508,0.14726353418967425,1.000014829838889
4947,1465306602924.43,2965.0267196937357,0.0015101232610961104,0.1472658799195851,1.00001480260093
4948,1466121340658.1184,2965.108791034468,0.0015103384286137924,0.14726821819665667,1.0000147752827198
4949,1466934952465.7153,2965.190695737615,0.001510553129640667,0.1472705490545001,1.000014747844889
4950,1467747445943.604,2965.272437290294,0.0015107673719858658,0.14727287253574275,1.0000147205636771
4951,1468558828931.4072,2965.3539420906322,0.001510981017509084,0.14727518922727084,1.0000147020863641
4952,1469369057291.8823,2965.4352183252167,0.0015111940816175794,0.14727749907717663,1.000014674860645
4953,1470178197677.1287,2965.516362134082,0.0015114067477166166,0.1472798014822434,1.0000146459144938
4954,1470986264210.6536,2965.5976175221263,0.0015116194919747535,0.147282095410672,1.000014599284649
4955,1471793358946.4895,2965.678789261803,0.0015118319370322393,0.14728438187151607,1.000014569381958
4956,1472599395758.8848,2965.759846315931,0.001512044020289914,0.1472866609041861,1.0000145399318816
4957,1473404381650.9062,2965.8407904205555,0.0015122557461616456,0.14728893255773082,1.0000145104915625
4958,1474208324241.7764,2965.9216262074683,0.0015124671254298293,0.14729119690357229,1.0000144809005922
4959,1475011231763.7786,2966.0024048080795,0.0015126782784992126,0.1472934547315907,1.0000144434586806
4960,1475813148855.368,2966.083131249761,0.0015128892171641724,0.14729570612085724,1.0000144138764522
4961,1476614040497.829,2966.1638076941776,0.0015130999222717262,0.14729794992845577,1.0000143797715757
4962,1477413940926.4453,2966.2443967975078,0.0015133103277024723,0.14730018664975705,1.0000143494493547
4963,1478212835971.2734,2966.3243622314653,0.0015135192843259012,0.1473024136372001,1.0000143640001582
4964,1479010509954.3093,2966.4041471554,0.0015137277410492173,0.14730463307269615,1.0000143362238443
4965,1479807192425.2407,2966.4838324289994,0.0015139358743181024,0.1473068455185065,1.0000143073046877
4966,1480602890960.5557,2966.563414760238,0.0015141436769208114,0.1473090509565104,1.000014279151923
4967,1481397608470.4062,2966.6428937540577,0.0015143511485378996,0.14731124941625887,1.0000142506183816
4968,1482191356919.2073,2966.722276941376,0.0015145583062164936,0.14731344098474322,1.000014221967264
4969,1482984141076.162,2966.801565843243,0.0015147651534564864,0.14731562568665582,1.000014193309811
4970,1483775966973.773,2966.8814345479345,0.0015149729440951199,0.14731779754734953,1.0000141108729945
4971,1484567116422.5593,2966.961393870237,0.001515180776292413,0.14731996128927063,1.0000140807823206
4972,1485357310069.9458,2967.041255906444,0.0015153882930557814,0.14732211821929758,1.00001405244689
4973,1486146554595.393,2967.121022731626,0.0015155954993746276,0.14732426837945187,1.0000140241234674
4974,1486934856292.207,2967.200696288688,0.0015158023995706007,0.14732641179230965,1.0000139958717158
4975,1487722221784.7976,2967.2802789742395,0.0015160089990931657,0.1473285484900917,1.0000139675678876
4976,1488508657455.5508,2967.359690196663,0.0015162151069000058,0.14733067719913698,1.0000139477145173
4977,1489294135676.132,2967.4389873430728,0.001516420859947589,0.14733279888254058,1.0000139210277954
4978,1490078691340.967,2967.51818563232,0.0015166262936621806,0.14733491375602384,1.0000138936758316
4979,1490862333823.4983,2967.5972667396845,0.0015168313771741545,0.14733702214550226,1.0000138694431189
4980,1491645052370.8545,2967.675978096227,0.0015170356375811703,0.14733912617124006,1.0000138695150682
4981,1492426727365.0947,2967.754362798665,0.0015172391537559156,0.1473412253970655,1.0000138480209269
4982,1493207492283.3784,2967.832104542789,0.0015174413167064037,0.14734332167555467,1.000013872972323
4983,1493987112498.6313,2967.9094100837265,0.0015176425188327303,0.1473454135476939,1.0000138555411118
4984,1494765827961.5122,2967.98653136923,0.0015178432476835708,0.14734749967745442,1.0000138355216073
4985,1495543645406.2065,2968.06346981603,0.0015180435065278966,0.14734958009059584,1.000013815531287
4986,1496320570873.766,2968.140098277118,0.0015182430384549656,0.14735165495198968,1.0000138055755736
4987,1497096564472.185,2968.2165349693237,0.0015184420830633926,0.147353724161421,1.0000137859601552
4988,1497871683220.3945,2968.2927935687935,0.0015186406697253127,0.14735578779395347,1.0000137663111426
4989,1498645929880.2996,2968.3688701907636,0.0015188387903694422,0.147357845851188,1.00001374722072
4990,1499419308096.8682,2968.4447392721113,0.0015190363911919773,0.14735989826896007,1.0000137306397356
4991,1500191813509.2751,2968.5204710872417,0.0015192336239080299,0.14736194543654632,1.000013701672905
4992,1500963513938.8638,2968.59612551275,0.0015194306145196147,0.1473639875255227,1.0000136811571525
4993,1501734365202.161,2968.671547287927,0.0015196270332960306,0.1473660239665369,1.0000136674055258
4994,1502504348218.967,2968.7467249476795,0.001519822856440462,0.14736805475318848,1.000013653417764
4995,1503273472137.5955,2968.8216673135803,0.0015200181053208592,0.14737008005492058,1.000013639427844
4996,1504041743122.622,2968.896266690631,0.001520212578192258,0.14737210079368834,1.000013636920391
4997,1504809112837.7751,2968.9707061882127,0.0015204066579008928,0.14737411735784592,1.000013605631356
4998,1505575729713.312,2969.0450584001373,0.0015206004796470996,0.147376129098652,1.0000135864172477
4999,1506341531575.5452,2969.119233703771,0.0015207938526191219,0.14737813567187144,1.0000135686841396
5000,1507106522164.5168,2969.19314386136,0.0015209866134848812,0.1473801379309266,1.0000135567343804
5001,1507870682068.0469,2969.266887485564,0.0015211789486514477,0.14738213512598455,1.0000135382193045
5002,1508634046398.7192,2969.3404584417763,0.0015213708458046702,0.14738412727623326,1.0000135206120855
5003,1509396616859.3748,2969.4138606837773,0.0015215623138635226,0.147386114427988,1.0000135027180452
5004,1510158400467.1025,2969.48709620275,0.0015217533578510457,0.1473880966335249,1.0000134848715514
5005,1510919402476.7732,2969.5601198084864,0.0015219438810849086,0.14739007370382828,1.0000134737612143
5006,1511679596636.6738,2969.6322218657447,0.0015221325431350682,0.14739205119104073,1.0000135255405378
5007,1512438704436.6704,2969.7038622212895,0.001522320225455473,0.14739402614760544,1.0000135063615994
5008,1513197082405.178,2969.7760614116983,0.0015225089202158195,0.1473959937175924,1.0000133994146552
5009,1513955130939.5085,2969.8489070483115,0.0015226987937984112,0.14739795324318325,1.0000133646766682
5010,1514712461688.326,2969.921613755728,0.0015228882943977254,0.1473999075661274,1.000013345830192
5011,1515469040896.2012,2969.994182419013,0.0015230774267607486,0.147401856834071,1.000013326842868
5012,1516224876699.0876,2970.0665992612257,0.0015232661725982622,0.14740380153530694,1.0000133106332454
5013,1516979960071.8716,2970.1387913895287,0.0015234543744231503,0.147405741291974,1.0000132982755234
5014,1517734282899.594,2970.2107754706212,0.0015236420692042489,0.14740767624629217,1.0000132841410914
5015,1518487858776.024,2970.282661423825,0.001523829476244339,0.14740960610298892,1.0000132616050865
5016,1519240728995.0713,2970.3544738886158,0.0015240166449389683,0.147411530809871,1.0000132389715632
5017,1519992896864.5745,2970.4262098654026,0.0015242035703661406,0.14741345043042525,1.000013216798284
5018,1520744364474.2803,2970.497867746008,0.0015243902501934571,0.14741536501533434,1.0000131945659918
5019,1521495136730.248,2970.56945033783,0.0015245766903857324,0.14741727457820744,1.0000131723658245
5020,1522245217548.8308,2970.6409570147816,0.0015247628906130733,0.14741917916901295,1.000013150345324
5021,1522994610064.695,2970.712055750882,0.0015249481908660204,0.1474210798424986,1.0000131730532174
5022,1523743116173.905,2970.782667198852,0.0015251324386366934,0.1474229771159369,1.000013160909424
5023,1524490924700.7983,2970.8531700986737,0.0015253163854535884,0.1474248697338127,1.0000131417375577
5024,1525238052893.1628,2970.9235711550627,0.001525500044926127,0.14742675769289146,1.0000131222609816
5025,1525984506174.961,2970.9938624758233,0.0015256834020402356,0.14742864105538941,1.0000131036060083
5026,1526730285456.1135,2971.0640295636695,0.0015258664288211954,0.14743051991317446,1.000013086213529
5027,1527475389222.7988,2971.134008046883,0.0015260489981013439,0.14743239451677714,1.0000130744293387
5028,1528219798848.7126,2971.2038015635135,0.001526231117746725,0.14743426489177275,1.0000130611764213
5029,1528963526280.6865,2971.273477182862,0.0015264129165887342,0.14743613061060587,1.0000130399846368
5030,1529706614068.6677,2971.344229838208,0.0015265966521424781,0.14743798210789746,1.000012942970669
5031,1530449359651.6018,2971.4147629266636,0.001526779881731579,0.14743983008702796,1.000012933845906
5032,1531191406933.8894,2971.485049134879,0.0015269625460575858,0.14744167440297704,1.000012925216682
5033,1531932761568.5845,2971.555099175256,0.0015271446664900288,0.14744351503244357,1.0000129160033668
5034,1532673431355.1782,2971.6249169929824,0.0015273262507167478,0.14744535196285113,1.0000129067448318
5035,1533413421663.97,2971.694503370148,0.001527507300893304,0.14744718522833503,1.0000128975907188
5036,1534152737365.2324,2971.7635292601044,0.0015276872082438026,0.14744901811009567,1.000012917334607
5037,1534891263917.0059,2971.832240314805,0.0015278664326316199,0.1474508484375357,1.0000129078184141
5038,1535629136370.585,2971.900731073051,0.00152804514714884,0.14745267519050584,1.0000128984705146
5039,1536366353846.7727,2971.969010273414,0.0015282233683570118,0.14745449830808408,1.0000128887068003
5040,1537102922239.337,2972.0367379571344,0.001528400456099896,0.1474563206507108,1.0000129228948451
5041,1537838657539.319,2972.1038365961754,0.0015285762678271474,0.1474581430510596,1.000012922308278
5042,1538573739081.1494,2972.1707308329314,0.0015287516030560268,0.14745996195015312,1.000012912704321
5043,1539308192516.7332,2972.2374260073393,0.001528926472248393,0.1474617773292668,1.000012902923622
5044,1540042022935.4897,2972.3039254776318,0.0015291008823526935,0.14746358919669328,1.0000128930693353
5045,1540775235145.023,2972.370233939208,0.0015292748426995902,0.14746539754276028,1.0000128828986872
5046,1541507834823.4927,2972.436389120228,0.0015294484256572064,0.14746720211899023,1.0000128697047843
5047,1542239838633.332,2972.5024059829448,0.001529621660505381,0.14746900285746373,1.0000128562016941
5048,1542971250824.577,2972.5677992560304,0.0015297936266059629,0.14747080353785846,1.0000128900133107
5049,1543701885780.6392,2972.6327954493613,0.0015299647509915255,0.14747260228330208,1.0000128832164363
5050,1544431927123.569,2972.697647567094,0.0015301355247447632,0.1474743976673404,1.0000128702056827
5051,1545161393259.89,2972.7611813899225,0.0015303037228223133,0.14747619898458686,1.000012947979387
5052,1545889944784.2893,2972.8244579671473,0.00153047134574001,0.14747799737946746,1.0000129365679913
5053,1546617940086.0874,2972.8875670355524,0.0015306385671931002,0.1474797923240928,1.000012929670979
5054,1547345356823.1646,2972.950142689388,0.0015308046836181456,0.14748158623584726,1.0000129433110865
5055,1548072128109.3467,2973.0126175948494,0.0015309705270235455,0.1474833762770362,1.000012928592172
5056,1548798363863.037,2973.074983740952,0.0015311360821507033,0.14748516251126048,1.000012915895885
5057,1549524058646.2783,2973.137243706818,0.001531301354312922,0.14748694494237974,1.0000129013606165
5058,1550249223940.8167,2973.1993136604165,0.0015314661867811977,0.1474887243444034,1.0000128940572675
5059,1550973835450.5452,2973.2612781632297,0.0015316307398700669,0.14749050005246045,1.0000128804245711
5060,1551697920820.6455,2973.3231415326863,0.0015317950232161856,0.14749227210588606,1.0000128666571295
5061,1552421483522.6836,2973.384793845048,0.0015319587977877971,0.14749403990700097,1.0000128697336068
5062,1553144461112.2168,2973.446211941078,0.0015321220147696147,0.1474958034102782,1.0000128591620243
5063,1553866919007.7275,2973.5075476122024,0.0015322850050257068,0.14749756348845064,1.0000128442146798
5064,1554588870076.2437,2973.5687933210675,0.0015324477524687144,0.14749932011809133,1.0000128300677384
5065,1555310314220.2856,2973.629960217261,0.0015326102802547552,0.1475010733106057,1.000012814959649
5066,1556031257984.0337,2973.6910491994918,0.0015327725907529552,0.1475028230937593,1.0000128000300283
5067,1556751703427.48,2973.752078786402,0.0015329347205063804,0.1475045693914695,1.0000127826533352
5068,1557471663385.9377,2973.813071116522,0.001533096712297552,0.14750631206811055,1.0000127653170165
5069,1558191139417.3916,2973.8740166729453,0.0015332585499612712,0.14750805129211028,1.0000127485367618
5070,1558910131230.5566,2973.9348999423187,0.0015334202027162897,0.14750978712400342,1.0000127331817155
5071,1559628637063.285,2973.995715941427,0.0015335816593226319,0.14751151952003758,1.000012717865856
5072,1560346659259.1592,2974.0564566037488,0.001533742904558882,0.14751324855104064,1.0000127036900515
5073,1561064195592.3628,2974.117091162913,0.0015339038768291413,0.1475149743099796,1.000012691306304
5074,1561781243910.3782,2974.177666932714,0.0015340646714657256,0.14751669669055537,1.0000126752619156
5075,1562497820919.009,2974.238190139036,0.0015342253002450827,0.14751841564371476,1.0000126593602083
5076,1563213927070.7136,2974.2986581545,0.0015343857579289246,0.1475201311805035,1.000012643557669
5077,1563929564705.0674,2974.3590633227714,0.0015345460298652387,0.14752184335841068,1.0000126287991788
5078,1564644732372.328,2974.4193156705874,0.0015347059448159342,0.14752355287465793,1.0000126252982746
5079,1565359389787.9043,2974.479405837017,0.0015348654860888884,0.14752525986011444,1.000012612401342
5080,1566073581168.2344,2974.5394404199483,0.001535024856444695,0.14752696348907704,1.0000125971061886
5081,1566787313809.7478,2974.5995021658755,0.0015351842228247586,0.14752866357739639,1.0000125703512195
5082,1567500633672.245,2974.661106678709,0.0015353465541452314,0.14753035243112153,1.0000124125796013
5083,1568214007208.814,2974.723142022024,0.0015355096375838494,0.14753203400368836,1.0000123910408893
5084,1568926911212.253,2974.7851245731226,0.0015356725558196378,0.1475337121924716,1.0000123744774556
5085,1569639353033.1086,2974.847066560608,0.0015358353336997167,0.1475353869802193,1.0000123576897448
5086,1570351335561.3562,2974.908967815087,0.0015359979711040354,0.14753705837991393,1.0000123410591166
5087,1571062860538.442,2974.9708289711634,0.0015361604693536234,0.14753872639399515,1.00001232431804
5088,1571773930820.8167,2975.032650818345,0.0015363228304850535,0.1475403910438727,1.0000123077198788
5089,1572484547505.4531,2975.094431912614,0.001536485051716918,0.14754205234112713,1.0000122912279665
5090,1573194712699.5771,2975.156198281971,0.0015366471818626965,0.14754371004958536,1.0000122726876655
5091,1573904436277.9944,2975.2175036410404,0.001536808247823655,0.14754536172201452,1.0000123126813847
5092,1574613514416.0288,2975.2784259392024,0.0015369684317195478,0.14754700838207171,1.0000123046208456
5093,1575322141025.138,2975.339195740814,0.0015371282661869087,0.14754865273688172,1.000012302079419
5094,1576030281750.1128,2975.3998292325764,0.0015372877828529357,0.14755029470323772,1.0000122881506346
5095,1576737985943.877,2975.4604141545774,0.0015374471460447865,0.14755193346855328,1.0000122731263434
5096,1577445256099.6436,2975.5209512024558,0.0015376063572281804,0.14755356903621208,1.0000122581238682
5097,1578152094519.6204,2975.581441095262,0.0015377654182766535,0.14755520142681575,1.0000122431995981
5098,1578858504355.83,2975.641884596056,0.001537924330825643,0.14755683064514574,1.0000122282390473
5099,1579564486577.5964,2975.7022823022667,0.0015380830962358504,0.14755845669920287,1.0000122133016611
5100,1580270043308.0295,2975.7626349178395,0.0015382417161853785,0.14756007960162365,1.0000121983984869
5101,1580975176886.6367,2975.822943162502,0.001538400192325524,0.14756169936216432,1.000012183507676
5102,1581679889178.942,2975.883207724362,0.001538558526245606,0.14756331599071582,1.0000121686386771
5103,1582384182273.19,2975.9434983381934,0.0015387168882553827,0.147564930739909,1.0000121415270948
5104,1583088095076.348,2976.0038847700653,0.001538875444390131,0.147566544651578,1.0000121189759936
5105,1583791609163.3413,2976.0642250433443,0.0015390338525722014,0.14756815540355414,1.000012104701857
5106,1584494706449.2334,2976.1245178726385,0.0015391921108271374,0.14756976303062241,1.0000120902261371
5107,1585197390145.6228,2976.1847202587796,0.001539350113541704,0.147571366736555,1.0000120836177988
5108,1585899638384.3267,2976.244823378404,0.001539507848113634,0.1475729667955855,1.0000120714897247
5109,1586601472061.5454,2976.3048544247054,0.0015396653882042417,0.14757456404461675,1.000012058256388
5110,1587302895946.128,2976.3648555947884,0.0015398228135728217,0.14757615812370148,1.0000120429467414
5111,1588003918297.1873,2976.4248284196515,0.0015399801272539043,0.147577749027977,1.0000120276293356
5112,1588704541299.1199,2976.4847736876764,0.0015401373308743533,0.14757933675872917,1.0000120123206153
5113,1589404766665.7324,2976.5446921995376,0.001540294425953436,0.14758092131084324,1.000011997044342
5114,1590104596350.706,2976.6045836380395,0.0015404514119738836,0.14758250269247447,1.0000119818660917
5115,1590804031925.934,2976.664449862438,0.00154060829269665,0.1475840809008843,1.0000119666029428
5116,1591503075742.1921,2976.7242919712867,0.0015407650703457506,0.14758565593509548,1.0000119513546502
5117,1592201729722.8484,2976.784088315969,0.0015409216907795742,0.14758722735036925,1.0000119401996652
5118,1592899984009.7036,2976.843826472337,0.0015410781247307242,0.1475887949792479,1.000011926607671
5119,1593597848592.8945,2976.9035418569183,0.0015412344573537116,0.14759035938958334,1.0000119114813464
5120,1594295328947.2856,2976.963235301493,0.0015413906903647518,0.14759192058245268,1.000011896496691
5121,1594992427479.8623,2977.0229070256487,0.0015415468243668395,0.14759347856631522,1.000011881478282
5122,1595689144894.634,2977.0825577707637,0.0015417028607100712,0.1475950333336434,1.0000118664612443
5123,1596385482956.525,2977.142188768987,0.0015418588022290734,0.14759658489928085,1.000011851336951
5124,1597081443147.4165,2977.201744221334,0.001542014541238641,0.1475981336434373,1.0000118440180703
5125,1597777001482.5688,2977.2612210460115,0.0015421700696335722,0.1475996794863515,1.000011830069731
5126,1598472186309.0442,2977.320687130843,0.0015423255204430428,0.14760122206503345,1.0000118146093615
5127,1599167001162.5503,2977.380143662513,0.0015424808958466832,0.1476027613672131,1.000011799120489
5128,1599861447762.2751,2977.4395917080838,0.001542636197957215,0.14760429738924577,1.0000117836167672
5129,1600555527824.889,2977.499024698283,0.001542791410666099,0.1476058300129221,1.0000117694203319
5130,1601249239115.561,2977.558443670383,0.0015429465363817312,0.14760735925184176,1.0000117539913314
5131,1601942587459.2273,2977.6178580304895,0.0015431015967633025,0.14760888521057186,1.000011738385397
5132,1602635574624.9436,2977.6772688671726,0.001543256593939615,0.14761040788395285,1.0000117227593253
5133,1603328202259.1794,2977.7366770364747,0.001543411529630311,0.14761192727027964,1.0000117071296963
5134,1604020471955.056,2977.796033460629,0.001543566300765337,0.14761344330780166,1.0000116968463197
5135,1604712368316.608,2977.85509461694,0.0015437203640515209,0.14761495416627834,1.000011705515043
5136,1605403840841.3472,2977.914155083228,0.0015438743717645022,0.1476164618328338,1.0000116897817706
5137,1606094963875.43,2977.9732221213076,0.0015440283378695206,0.14761796625594611,1.000011673797369
5138,1606785739819.1057,2978.032297383485,0.0015441822657559765,0.147619467434492,1.0000116577241422
5139,1607476169920.5496,2978.091382435436,0.0015443361585116989,0.14762096536147143,1.000011641571893
5140,1608166255707.2788,2978.150478884945,0.001544490019392827,0.14762246003370652,1.0000116253489806
5141,1608855998803.3179,2978.2095883625193,0.0015446438517070847,0.14762395144818208,1.0000116090536935
5142,1609545400827.461,2978.268712627952,0.0015447976589950704,0.14762543960014282,1.0000115926608433
5143,1610234463285.8154,2978.327853294562,0.00154495144449681,0.1476269244849399,1.0000115761940984
5144,1610923187661.5464,2978.3870119523926,0.0015451052115551048,0.14762840610509267,1.0000115597118353
5145,1611611576494.591,2978.446204488208,0.0015452589898493898,0.14762988430387033,1.0000115420447122
5146,1612299633731.407,2978.505426739759,0.0015454127754961852,0.14763135930846735,1.0000115240691374
5147,1612987361477.4517,2978.564683293688,0.0015455665786776838,0.1476328311506273,1.0000115068513251
5148,1613674758183.971,2978.623956854371,0.0015457203613900687,0.14763429972994677,1.0000114911539264
5149,1614361820774.5479,2978.6832347805644,0.0015458740964756934,0.14763576500314546,1.000011475893192
5150,1615048550241.6975,2978.742536451808,0.001546027823991294,0.14763722696252965,1.0000114588884856
5151,1615734952647.1975,2978.801869056595,0.0015461815606031145,0.14763868569151803,1.000011441586485
5152,1616421029701.461,2978.86123545633,0.0015463353120591021,0.14764014118097077,1.0000114241526528
5153,1617106782916.525,2978.920666541688,0.0015464891386060553,0.14764159324475465,1.0000114027517568
5154,1617792226171.941,2978.980164055979,0.0015466430436180236,0.14764304187046437,1.0000113845124636
5155,1618477348481.742,2979.039703634511,0.0015467969799542874,0.14764448722266527,1.0000113665299317
5156,1619162151488.6475,2979.0992895239538,0.0015469509556981663,0.14764592926601944,1.0000113482871946
5157,1619846637020.0662,2979.1589214880273,0.001547104970728639,0.14764736801792966,1.0000113301038678
5158,1620530805925.734,2979.218630576076,0.0015472590843281988,0.14764880322911692,1.0000113078942572
5159,1621214672100.8208,2979.2785209814797,0.0015474134933236422,0.1476502339615767,1.000011281547504
5160,1621898245610.6172,2979.338456284961,0.001547567939844093,0.14765166143208533,1.0000112635614684
5161,1622581503772.1023,2979.3984364905027,0.0015477224242156677,0.1476530856555836,1.0000112455311014
5162,1623264447787.1414,2979.458463342362,0.0015478769499537646,0.14765450662663515,1.0000112274105977
5163,1623947078894.5278,2979.5185385895147,0.0015480315206106725,0.14765592434104247,1.0000112092017595
5164,1624629398591.6516,2979.578570266862,0.0015481859612218375,0.14765733956985874,1.000011199200358
5165,1625311383620.8015,2979.6388529972583,0.0015483408318426007,0.1476587498191988,1.0000111509359184
5166,1625993155617.8198,2979.7000196979425,0.0015484973508569106,0.14766015044628794,1.0000110736224987
5167,1626674782381.4858,2979.7613831977014,0.0015486542142336003,0.14766154736929618,1.000011053926694
5168,1627356090417.5186,2979.822776444962,0.001548811087715557,0.14766294120676077,1.0000110368478516
5169,1628037080656.8542,2979.884200863268,0.0015489679748485557,0.14766433198670523,1.0000110197171883
5170,1628717754256.3555,2979.945659446174,0.001549124881790474,0.1476657197059949,1.0000110022513715
5171,1629398113158.4895,2980.007209521164,0.0015492819220338063,0.14766710409183223,1.0000109806916744
5172,1630078171207.4243,2980.0687950497536,0.0015494389843837791,0.14766848539786376,1.000010963383529
5173,1630757915600.4963,2980.1304158844882,0.0015495960686564816,0.14766986362989912,1.0000109460783302
5174,1631437347812.9915,2980.192073409044,0.0015497531778862663,0.14767123879534225,1.0000109287035506
5175,1632116468950.4846,2980.25376913483,0.0015499103151146276,0.14767261088923228,1.0000109112267233
5176,1632795280358.3447,2980.315504371154,0.001550067483015082,0.1476739799090616,1.000010893734886
5177,1633473783092.1257,2980.3772796765206,0.0015502246828742498,0.1476753458606273,1.0000108762120108
5178,1634151978288.3523,2980.439096168405,0.0015503819170141443,0.14767670874362582,1.0000108586402114
5179,1634829867102.6938,2980.500954970672,0.0015505391877601775,0.14767806855724686,1.0000108410207071
5180,1635507450692.3184,2980.5628571887164,0.0015506964974323625,0.14767942530221811,1.0000108233414935
5181,1636184730154.2664,2980.624803582962,0.0015508538473487012,0.14768077896570797,1.0000108057153958
5182,1636861706642.8928,2980.686795939048,0.0015510112405697773,0.1476821295162356,1.0000107878694249
5183,1637538381789.0432,2980.748848431003,0.0015511687076839849,0.14768347700512272,1.0000107683621267
5184,1638214761008.0266,2980.8110596529937,0.001551326469701325,0.14768482218197648,1.0000107413019703
5185,1638890863875.989,2980.8733203775396,0.001551484282316034,0.14768616423908643,1.000010723383536
5186,1639566666932.3577,2980.935631177249,0.001551642146984528,0.14768750318866294,1.0000107053346052
5187,1640242171747.209,2980.9979924340523,0.001551800064548259,0.14768883903252383,1.000010687399451
5188,1640917378879.3071,2981.0604041768192,0.0015519580351640722,0.14769017177488242,1.0000106694425783
5189,1641592289261.116,2981.1228672444927,0.0015521160605211086,0.14769150141258708,1.000010651456953
5190,1642266903879.5254,2981.185292231661,0.0015522739704388955,0.14769282870780626,1.00001064503483
5191,1642941189765.173,2981.247689990218,0.0015524317884673582,0.14769415370707542,1.0000106281668883
5192,1643615182710.6213,2981.310190797858,0.0015525897596439342,0.14769547515863046,1.0000106052620152
5193,1644288897886.1255,2981.3727822665574,0.0015527478602467798,0.14769679316013995,1.0000105848599825
5194,1644962328221.7605,2981.435467326586,0.0015529060923428234,0.14769810751831394,1.0000105653327782
5195,1645635471072.8096,2981.498202031622,0.0015530643755639448,0.14769941876438095,1.0000105473815617
5196,1646308323882.6204,2981.5609921232726,0.0015532227218544895,0.14770072689703204,1.0000105293352877
5197,1646980887536.7886,2981.6238238948995,0.0015533810959623558,0.14770203159778916,1.000010513599817
5198,1647653157877.4778,2981.686876825606,0.0015535398614319837,0.1477033323669725,1.0000104705308515
5199,1648325215310.775,2981.750166502916,0.001553699048447628,0.14770462909077628,1.0000104501426736
5200,1648996983208.355,2981.813492314376,0.0015538582586408134,0.1477059227055386,1.0000104336715487
5201,1649668458895.972,2981.876854996904,0.001554017494009864,0.14770721323318287,1.000010417197131
5202,1650339643373.2131,2981.94025554596,0.0015541767565309943,0.14770850066893665,1.000010400687288
5203,1651010537734.4106,2982.0036949599967,0.0015543360481889276,0.14770978500810558,1.0000103841421704
5204,1651681143058.0598,2982.0671742301283,0.001554495370989101,0.14771106624767624,1.000010367589337
5205,1652351460854.1501,2982.1306943876843,0.0015546547272001403,0.1477123443931242,1.0000103510500722
5206,1653021492796.3306,2982.1940161596913,0.0015548136578665335,0.14771362134624666,1.000010357037865
5207,1653691177157.1406,2982.257315445168,0.00155497250199755,0.14771489578924493,1.0000103407885725
5208,1654360580583.842,2982.3206692052686,0.001555131405834848,0.14771616704493412,1.0000103233781192
5209,1655029704209.0881,2982.3840783503515,0.0015552903709212603,0.14771743509594543,1.00001030589261
5210,1655698549109.1465,2982.4476341921554,0.0015554495665872606,0.14771869893711378,1.000010281800241
5211,1656367133223.3557,2982.511145015414,0.0015556086261750374,0.14771996014803743,1.0000102720105313
5212,1657035419771.3254,2982.574798282294,0.0015557679157786174,0.14772121754165352,1.0000102434789244
5213,1657703462330.5283,2982.639369412688,0.0015559289199210344,0.14772246477801534,1.0000101657978424
5214,1658371380115.8284,2982.7039500450196,0.0015560898947010707,0.14772370903756546,1.000010152201669
5215,1659039004907,2982.768523961257,0.0015562508116037266,0.14772495057393858,1.0000101393776537
5216,1659706337555.46,2982.8330842038613,0.0015564116579183278,0.1477261894739686,1.0000101272031376
5217,1660373377677.4634,2982.8976343490453,0.0015565724403468252,0.14772742570250075,1.0000101146762996
5218,1661040127640.2441,2982.9621747191927,0.0015567331595204474,0.14772865925851833,1.0000101022606565
5219,1661706588436.3599,2983.0267043725066,0.0015568938137436436,0.14772989015581642,1.0000100899693276
5220,1662372761011.004,2983.091222412772,0.0015570544014111634,0.14773111840798428,1.0000100778017564
5221,1663038646377.5015,2983.1557280000557,0.0015572149210319117,0.14773234402847496,1.000010065754659
5222,1663704245553.7446,2983.220124479617,0.0015573751852792715,0.14773356770631596,1.000010067267952
5223,1664369521808.4834,2983.284348192122,0.0015575350743394477,0.14773479006731435,1.0000100616630252
5224,1665034502989.2004,2983.34854983586,0.001557694877898953,0.1477360099280768,1.000010050589111
5225,1665699201484.6487,2983.4127295858157,0.0015578545960081604,0.14773722727486008,1.0000100395830325
5226,1666363618399.6165,2983.4768867209423,0.0015580142274221336,0.14773844212124695,1.0000100286904938
5227,1667027754820.3271,2983.5410205837625,0.0015581737710320738,0.14773965448099607,1.000010017899171
5228,1667691611869.126,2983.6051299550054,0.0015583332243241464,0.1477408643569151,1.0000100073122433
5229,1668355190485.8955,2983.669215014254,0.0015584925881851636,0.1477420717745026,1.0000099968464014
5230,1669018491664.0454,2983.733275819923,0.0015586518631912373,0.14774327675651516,1.0000099862332128
5231,1669681517128.459,2983.797310999727,0.0015588110463467771,0.1477444792981191,1.0000099756383458
5232,1670344268268.8381,2983.8613284534736,0.0015589701556674095,0.14774567947194198,1.0000099649249756
5233,1671006746628.2764,2983.9253260268897,0.0015591291883073684,0.14774687735753425,1.0000099536011873
5234,1671668954405.1802,2983.98929028666,0.0015592881113765617,0.1477480727280138,1.0000099452517317
5235,1672330886475.388,2984.053578024324,0.0015594476155031199,0.14774926296990276,1.0000098895692944
5236,1672992671356.3508,2984.1182819285755,0.0015596078670546474,0.14775044677886953,1.000009864311462
5237,1673654210640.2026,2984.1829829624703,0.0015597680659284335,0.14775162774552167,1.000009851225478
5238,1674315484372.8936,2984.2476813834046,0.001559928217601807,0.14775280610460761,1.0000098404009912
5239,1674976487204.471,2984.312959712537,0.001560089436155258,0.14775397693194162,1.0000097446004788
5240,1675637455353.7205,2984.3791060286712,0.001560252267055845,0.14775513751806335,1.0000097061345314
5241,1676298192978.3674,2984.4451749941327,0.0015604149041518523,0.14775629593719775,1.0000096995959404
5242,1676958642821.9048,2984.511161611928,0.0015605773383621977,0.14775745225669437,1.000009693414841
5243,1677618806768.8904,2984.5770587182797,0.0015607395513494498,0.14775860632042015,1.0000096886767114
5244,1678278682921.5771,2984.642881648009,0.001560901581120608,0.14775975841173783,1.000009681553964
5245,1678938278553.4392,2984.708625275464,0.0015610634146087225,0.14776090842205625,1.0000096755443608
5246,1679597593015.2268,2984.774290990023,0.0015612250544133955,0.14776205633931203,1.0000096693804807
5247,1680256628494.3079,2984.83984800805,0.0015613864352524488,0.1477632021247945,1.000009666029614
5248,1680915380047.7886,2984.90556052225,0.0015615480952930706,0.14776434508711517,1.000009626181945
5249,1681573945832.6157,2984.9715316872707,0.0015617102333637806,0.14776548441667287,1.0000096084710404
5250,1682232254174.785,2985.0374333781165,0.001561872195093163,0.14776662163957457,1.0000096017007916
5251,1682890287652.4868,2985.1032661557733,0.001562033981754561,0.14776775676275894,1.000009595058885
5252,1683548047882.5425,2985.169033125764,0.0015621955997656538,0.14776888978453007,1.000009588167004
5253,1684205536459.9175,2985.2347506660926,0.0015623570870295367,0.14777002087807492,1.0000095788205157
5254,1684862761058.0305,2985.3004152206504,0.0015625184325599559,0.1477711498776538,1.0000095723105922
5255,1685519716664.3357,2985.3660151912823,0.0015626796073532107,0.14777227656195255,1.0000095657691759
5256,1686176405480.449,2985.4315539633135,0.0015628406176697001,0.14777340089398983,1.0000095591353082
5257,1686832828900.416,2985.497036353803,0.0015630014733329744,0.1477745228633929,1.0000095520558339
5258,1687488990079.5688,2985.5624669986014,0.0015631621834073896,0.1477756424416894,1.0000095448440174
5259,1688144891126.4587,2985.627850041764,0.0015633227564960765,0.14777675962715206,1.0000095373207942
5260,1688800534098.9236,2985.6931875878804,0.0015634831955802253,0.14777787435412,1.000009529856212
5261,1689455920566.8137,2985.758483512675,0.0015636435076500311,0.1477789865710096,1.0000095219905532
5262,1690111054000.3418,2985.82375014431,0.0015638037204783709,0.14778009637142936,1.000009513199882
5263,1690765936878.2102,2985.888921562024,0.0015639637011903634,0.1477812040042177,1.000009511138516
5264,1691420553464.3896,2985.9540688011684,0.0015641236044109529,0.14778230974546908,1.000009500162081
5265,1692074927337.7349,2986.0191966304096,0.0015642834272162247,0.14778341298612305,1.0000094908170378
5266,1692729056068.1677,2986.08430896082,0.0015644431773094688,0.1477845137040315,1.0000094811855553
5267,1693382941544.0623,2986.1494086165612,0.0015646028604428886,0.1477856118923676,1.0000094714794374
5268,1694036585195.7092,2986.2144978666133,0.0015647624813268303,0.14778670754996856,1.0000094614926134
5269,1694689988769.0244,2986.27958513163,0.001564922056099484,0.1477878006063302,1.0000094509591877
5270,1695343154376.05,2986.3445659534777,0.0015650813824216762,0.14778889184776292,1.0000094554895818
5271,1695996044286.8323,2986.4090122149187,0.0015652397779353812,0.14778999143606666,1.0000094544956422
5272,1696648687212.2615,2986.473877805317,0.0015653990286153686,0.14779108927957246,1.0000094152397017
5273,1697301161202.1719,2986.5395113185655,0.0015655597299963297,0.14779217897754846,1.0000093528874154
5274,1697953516445.3884,2986.6052796484028,0.001565720638172078,0.14779326446480454,1.0000093352611328
5275,1698605649715.7722,2986.671132559,0.001565881658548642,0.1477943462469941,1.0000093184903254
5276,1699257560433.386,2986.7370133764975,0.0015660426831107823,0.1477954248350244,1.0000093075322525
5277,1699909235061.392,2986.80295242269,0.0015662037706554936,0.14779650000248487,1.0000092913710017
5278,1700560688044.1465,2986.8689738544726,0.0015663649667372072,0.1477975715074263,1.0000092748450797
5279,1701211919956.5906,2986.9350779405618,0.0015665262718085788,0.14779863934364376,1.0000092583169284
5280,1701862931291.311,2987.001264374058,0.001566687685075712,0.14779970350309096,1.000009241853694
5281,1702513722413.5251,2987.0675336253958,0.0015668492075458147,0.14780076398575823,1.0000092253627118
5282,1703164293885.495,2987.133885994457,0.0015670108398367624,0.1478018207901375,1.0000092088716594
5283,1703814646192.865,2987.2003217122387,0.0015671725824047086,0.14780287391390234,1.0000091923851167
5284,1704464779818.019,2987.2668440785887,0.0015673344417458472,0.1478039233358348,1.0000091755923723
5285,1705114695949.8909,2987.3334524433794,0.0015674964173392075,0.14780496909464994,1.0000091589180973
5286,1705764394542.9792,2987.400142429027,0.0015676584985486659,0.14780601112106004,1.0000091428901157
5287,1706413874876.329,2987.466913891952,0.0015678206855086723,0.1478070494346842,1.0000091265352429
5288,1707063138168.4956,2987.5337687988986,0.0015679829827261607,0.14780808405241183,1.000009110165165
5289,1707712184961.7654,2987.6007109170923,0.0015681453987652376,0.14780911500411656,1.000009093410022
5290,1708361016534.672,2987.667674737165,0.0015683078076252099,0.1478101428329972,1.0000090835095
5291,1709009617346.5173,2987.7348354166697,0.0015684705421156002,0.14781116589020496,1.000009056846357
5292,1709658027158.203,2987.802124784175,0.0015686334963824792,0.1478121859301713,1.000009033653267
5293,1710306233787.939,2987.8695307336093,0.0015687966403158656,0.14781320272993417,1.0000090161414918
5294,1710954226017.9182,2987.937048830008,0.0015689599572700618,0.14781421594226857,1.000008996083703
5295,1711602011650.8582,2988.0047818558787,0.001569123661342958,0.1478152254805289,1.0000089696321763
5296,1712249603604.597,2988.072644983461,0.001569287567280465,0.1478162310083487,1.0000089476288874
5297,1712896992596.1897,2988.140805882909,0.0015694519931026946,0.14781723091130478,1.0000089164335038
5298,1713544197528.2024,2988.208960620776,0.0015696163569554847,0.147818227855237,1.0000089112942532
5299,1714191158657.1992,2988.277116438291,0.0015697806768665932,0.14781922197352523,1.0000088976754147
5300,1714837900601.767,2988.345329914713,0.0015699450606828644,0.14782021274671106,1.0000088832441272
5301,1715484424391.6301,2988.413603159744,0.0015701095124573997,0.1478212001564172,1.000008868668195
5302,1716130730968.6904,2988.4819376674527,0.0015702740347609682,0.14782218417533718,1.000008854029823
5303,1716776821184.3503,2988.550336062339,0.0015704386331379019,0.14782316480424612,1.0000088391830695
5304,1717422695931.194,2988.6188080628076,0.0015706033285450027,0.1478241420673774,1.0000088229254676
5305,1718068359167.8618,2988.6873516115998,0.0015707681155581086,0.1478251159121677,1.0000088083353837
5306,1718713807190.0024,2988.755941544151,0.00157093293954494,0.14782608625668794,1.000008795290561
5307,1719359037748.3635,2988.8245842709216,0.0015710978141659012,0.14782705310934358,1.000008781557353
5308,1720004052895.3752,2988.8932647164934,0.0015712627029068923,0.14782801624340786,1.0000087686017716
5309,1720648852543.6663,2988.9620509704305,0.0015714277550436982,0.14782897594524516,1.0000087504088115
5310,1721293448836.5928,2989.0309469316094,0.0015715929821823668,0.1478299323734502,1.0000087317362556
5311,1721937842729.2092,2989.099982788168,0.001571758447911151,0.1478308855306489,1.000008709985712
5312,1722582040120.388,2989.169379640187,0.001571924639779841,0.14783183647082546,1.000008653020484
5313,1723226120131.557,2989.239220260709,0.0015720917476459183,0.1478327859253741,1.00000862492566
5314,1723870001127.717,2989.309134783911,0.001572258968212267,0.14783373270104413,1.0000086025064954
5315,1724513685265.5137,2989.378653999785,0.0015724254110075094,0.14783468134505154,1.0000086382256477
5316,1725157039021.3562,2989.447762484885,0.0015725909445010468,0.1478356272094964,1.000008659510891
5317,1725800112737.524,2989.5169369582195,0.001572756543019293,0.14783656894864397,1.0000086335179026
5318,1726443009377.9966,2989.5863572689664,0.0015729226056044221,0.14783750752748823,1.0000086023229924
5319,1727085733535.2495,2989.656807419596,0.0015730907133282637,0.14783843969740176,1.0000085083177692
5320,1727728413668.9866,2989.7275410139328,0.0015732593505002035,0.14783936803728953,1.0000084754252707
5321,1728370915490.3125,2989.798540384397,0.001573428487175417,0.14784029288168762,1.0000084433429064
5322,1729013237470.1282,2989.8698184198815,0.0015735981507606633,0.14784121423781335,1.0000084093723038
5323,1729655381618.2166,2989.941353023047,0.001573768298712238,0.14784213228670545,1.0000083801781148
5324,1730297336244.581,2990.013080679158,0.001573938797085296,0.14784304701312692,1.000008353511163
5325,1730939097071.5151,2990.0847787970893,0.0015741091547631775,0.1478439573617391,1.0000083632100993
5326,1731580583283.011,2990.1564027119525,0.001574279284252435,0.1478448636430102,1.00000834551846
5327,1732221867078.5105,2990.2282221852342,0.0015744497721848355,0.14784576672765656,1.0000083191044606
5328,1732862959027.6252,2990.300242348735,0.001574620619573607,0.14784666615183875,1.0000082902746663
5329,1733503865090.652,2990.3725313425734,0.0015747919635086792,0.14784756160902118,1.0000082605708904
5330,1734144583966.2834,2990.4449998999935,0.0015749636225118632,0.14784845340232045,1.0000082358526496
5331,1734785105889.8503,2990.5176518512153,0.001575135609489769,0.14784934175531703,1.0000082111884905
5332,1735425429911.703,2990.5904655124673,0.0015753078851222146,0.1478502269632428,1.000008187126313
5333,1736065555135.8242,2990.6634251513374,0.0015754803986057166,0.14785110819466485,1.000008167157435
5334,1736705472782.1484,2990.736552236534,0.0015756531985065593,0.14785198560302273,1.0000081412244033
5335,1737345196340.0903,2990.8098698583312,0.0015758263343646475,0.1478528592263144,1.0000081162012309
5336,1737984722334.4575,2990.8833681677324,0.0015759997844087086,0.1478537290133715,1.0000080915204614
5337,1738624050114.1338,2990.9571987426034,0.0015761738246616902,0.1478545929209115,1.0000080540678316
5338,1739263207526.1177,2991.0312433744284,0.0015763482421893796,0.14785545264286276,1.0000080282166934
5339,1739902166458.2517,2991.1054678028604,0.0015765229671288355,0.14785630828606158,1.0000080036998122
5340,1740540925554.7227,2991.1798807611103,0.001576698021625537,0.14785716002213783,1.00000797821319
5341,1741179485727.6782,2991.254479715549,0.0015768734003710992,0.14785800784906147,1.000007952940121
5342,1741817845481.405,2991.329433596798,0.0015770494554380571,0.14785885156764017,1.0000079122211016
5343,1742456036334.245,2991.4045928010523,0.001577225871828738,0.14785969119431433,1.0000078863174822
5344,1743094026076.363,2991.4799411785157,0.0015774026171999495,0.14786052680566483,1.0000078607684535
5345,1743731816548.537,2991.5555032837406,0.001577579739462797,0.14786135821604804,1.0000078332781759
5346,1744369408981.9229,2991.6312590936946,0.0015777571993479242,0.1478621855604345,1.0000078073094436
5347,1745006799948.951,2991.7072108980037,0.0015779350015284739,0.14786300882769857,1.0000077809666013
5348,1745643989877.8157,2991.783360280019,0.0015781131485099508,0.14786382797489725,1.0000077546686614
5349,1746280978525.4822,2991.8504681617887,0.0015782743175242733,0.14786474477359793,1.0000086189238997
5350,1746915925373.476,2991.9144628003764,0.0015784297427060738,0.14786569964187987,1.0000086608635186
5351,1747550707770.2485,2991.978461704873,0.0015785851726957839,0.14786665373829647,1.0000086541675774
5352,1748185334390.5515,2992.0424554319866,0.0015787405810628223,0.14786760675854194,1.000008647389009
5353,1748819805561.3877,2992.1063787538465,0.0015788958438311233,0.14786855934468723,1.0000086461448483
5354,1749454111155.9587,2992.1702994233915,0.001579051090522891,0.14786951086640804,1.000008638912047
5355,1750088264483.1611,2992.2342083903063,0.001579206302537186,0.14787046134766402,1.00000863324485
5356,1750722262834.091,2992.298114219293,0.001579361496993672,0.1478714107439189,1.0000086262104058
5357,1751356110079.4395,2992.3620278539024,0.0015795166954523062,0.1478723589831307,1.0000086187354809
5358,1751989807625.9329,2992.425835112175,0.0015796716645909788,0.14787330642954732,1.0000086247179012
5359,1752623329050.1921,2992.4894997818233,0.0015798263108618613,0.14787425228653114,1.0000086270671176
5360,1753256687259.9402,2992.553126988548,0.0015799808720019812,0.14787519729354265,1.0000086235868115
5361,1753889893160.7542,2992.616750300877,0.0015801354139880967,0.1478761412213439,1.0000086172568632
5362,1754522952428.4875,2992.6803777250666,0.0015802899522845424,0.14787708400260494,1.000008610767552
5363,1755155865873.5225,2992.7439987175576,0.0015804444666992373,0.1478780257348137,1.0000086052067538
5364,1755788631590.2073,2992.807542060747,0.0015805988196132693,0.1478789670185685,1.0000086055926354
5365,1756421239784.9827,2992.871055260724,0.0015807531039971066,0.14787990750980481,1.0000085999762973
5366,1757053704478.9329,2992.93456998337,0.0015809073804270472,0.14788084691337347,1.0000085935040963
5367,1757686027321.813,2992.9980720581407,0.0015810616209995002,0.14788178532485952,1.0000085884501653
5368,1758318206333.9802,2993.0615626434906,0.0015812158284544684,0.1478827227584409,1.0000085830839345
5369,1758950242860.5044,2993.1250409206655,0.0015813700013233162,0.14788365922684646,1.0000085778630405
5370,1759582137568.9878,2993.1885054335007,0.0015815241368524618,0.14788459474573393,1.000008572812003
5371,1760213890989.671,2993.251952873036,0.0015816782282342266,0.14788552932435153,1.0000085681858693
5372,1760845503233.546,2993.3153750052775,0.0015818322591628184,0.14788646301469954,1.0000085640838166
5373,1761476974148.7593,2993.378777618076,0.0015819862420008274,0.14788739582350355,1.0000085596026136
5374,1762108305291.2988,2993.442160723707,0.0015821401767778253,0.14788832775158053,1.0000085551760038
5375,1762739497471.905,2993.5055211428785,0.0015822940575289052,0.14788925883495788,1.000008551042896
5376,1763370550981.0425,2993.5688570792377,0.001582447880849931,0.14789018909276397,1.0000085470516538
5377,1764001465728.8394,2993.63216686116,0.001582601643644914,0.14789111854624826,1.0000085431879384
5378,1764632242347.3655,2993.6956847612823,0.0015827558049702677,0.14789204549652757,1.0000085055360328
5379,1765262952079.7327,2993.759512006853,0.001582910552551261,0.14789296870790025,1.0000084898068649
5380,1765893539194.264,2993.823351439609,0.0015830653127121785,0.14789389073629067,1.0000084829348068
5381,1766523993457.5703,2993.8872015039883,0.0015832200835877075,0.14789481164827661,1.000008476180577
5382,1767154314987.8105,2993.951061817051,0.001583374864514508,0.14789573145074353,1.000008469486569
5383,1767784504331.9832,2994.0149320342466,0.0015835296549117882,0.14789665015064785,1.000008462852599
5384,1768414562034.024,2994.0788118096852,0.0015836844541788743,0.14789756775415805,1.0000084562641582
5385,1769044488476.4272,2994.142700518459,0.0015838392611789924,0.14789848426998492,1.0000084497612702
5386,1769674284126.0952,2994.206580408983,0.0015839940415495735,0.1478993998476402,1.0000084455892808
5387,1770303945248.826,2994.270470091218,0.0015841488319573722,0.14790031436074252,1.0000084378734784
5388,1770933480153.2146,2994.3343886617504,0.001584303668850331,0.14790122762410954,1.000008429930018
5389,1771562889246.5562,2994.398343313232,0.001584458566110232,0.14790213957476553,1.0000084209362754
5390,1772192175186.5217,2994.4623446137084,0.0015846135437458837,0.14790305010204374,1.0000084121653587
5391,1772821337517.17,2994.5271906618077,0.0015847701510012346,0.1479039526609953,1.0000083307071095
5392,1773450512318.9502,2994.592187565099,0.0015849270318078156,0.14790485250417532,1.0000083225328207
5393,1774079552271.0232,2994.657175641819,0.0015850838850241873,0.14790575135227446,1.0000083173272034
5394,1774708457366.8499,2994.7221540773044,0.0015852407096742125,0.14790664924067015,1.0000083122552854
5395,1775337228213.1875,2994.7874612009887,0.0015853981561254839,0.147907543088346,1.000008259287879
5396,1775965962057.846,2994.853327757858,0.0015855566490030177,0.14790842990254022,1.0000082315478576
5397,1776594590475.2234,2994.9191993057675,0.0015857151463599922,0.14790931584210887,1.0000082246553366
5398,1777223082756.8918,2994.9850610151193,0.0015858736145140646,0.14791020080116402,1.0000082194353364
5399,1777851437848.232,2995.050912053435,0.0015860320518626477,0.14791108478767018,1.0000082143011944
5400,1778479656462.7322,2995.1165240342343,0.0015861899870179802,0.14791196838114576,1.0000082439217604
5401,1779107670562.9836,2995.181821754767,0.0015863472758478952,0.14791285229520654,1.000008248868711
5402,1779735541641.138,2995.2470997726664,0.001586504517571217,0.14791373537808894,1.0000082448276888
5403,1780363280783.1536,2995.3120829314284,0.0015866611475410578,0.14791461848675275,1.0000082715642362
5404,1780990834407.4058,2995.376935855212,0.001586817492684942,0.14791550060649403,1.000008270040821
5405,1781618258471.405,2995.4417665164647,0.0015869737847552523,0.14791638187747752,1.0000082664201635
5406,1782245555006.0571,2995.5065751326324,0.0015871300241694336,0.14791726229838895,1.0000082629620755
5407,1782872724888.272,2995.5713959399004,0.0015872862825685053,0.14791814182692783,1.0000082556186585
5408,1783499776244.2185,2995.636208364495,0.0015874425160071937,0.1479190204473948,1.000008251995413
5409,1784126702277.2964,2995.7009981101774,0.0015875986952123276,0.1479198982082988,1.0000082486707047
5410,1784753503751.6401,2995.7657173333637,0.0015877547013857872,0.14792077430124462,1.00000825276558
5411,1785380170996.3267,2995.8303861813556,0.0015879105872144536,0.1479216491927022,1.0000082500612835
5412,1786006715768.0762,2995.8950311373274,0.0015880664169076796,0.14792252325932806,1.0000082470650054
5413,1786633138690.9758,2995.9596512153885,0.001588222188770127,0.1479233965202636,1.000008244055301
5414,1787259440597.8215,2996.0243164943963,0.001588378086909951,0.14792427062909844,1.0000082356263416
5415,1787885627334.8423,2996.088820619628,0.0015885336565031765,0.14792514478440985,1.0000082415332914
5416,1788511679876.1506,2996.1533009857712,0.001588689171286541,0.1479260181669909,1.0000082386208897
5417,1789137614001.9517,2996.2177591390187,0.001588844633543346,0.14792689073117551,1.0000082356528726
5418,1789763430760.1665,2996.2821958075715,0.0015890000448591833,0.1479277624795601,1.0000082326507465
5419,1790389131081.498,2996.346611301046,0.0015891554059897738,0.14792863341742402,1.000008229669408
5420,1791014715584.2583,2996.411005410061,0.0015893107166970641,0.14792950355503057,1.0000082267780592
5421,1791640185127.75,2996.4753779049365,0.0015894659767901665,0.14793037290684458,1.0000082239317662
5422,1792265540565.392,2996.539729276324,0.0015896211874091486,0.1479312414781403,1.00000822107918
5423,1792890782798.9363,2996.6039491895426,0.0015897761277686086,0.14793210989098982,1.0000082310969458
5424,1793515889104.3835,2996.6680609710534,0.0015899308472570176,0.14793297814294587,1.0000082326347568
5425,1794140878693.296,2996.7319788685177,0.0015900851808068439,0.14793384702424653,1.0000082528646337
5426,1794765716241.4763,2996.795618497662,0.0015902389721745463,0.14793471760276472,1.0000082602829687
5427,1795390434412.3284,2996.8592573112514,0.001590392755944096,0.14793558735516502,1.00000825628386
5428,1796015050098.505,2996.922897384212,0.001590546535537777,0.1479364562359631,1.000008252129779
5429,1796639564210.2969,2996.98653648537,0.0015907003045211225,0.14793732416639918,1.0000082484103554
5430,1797263976387.939,2997.0501684320648,0.0015908540496302923,0.1479381911403677,1.0000082449646446
5431,1797888286986.3984,2997.1138008834128,0.0015910077886102123,0.14793905722714218,1.0000082409707887
5432,1798512497764.9966,2997.177434740918,0.0015911615234894079,0.14793992243222678,1.0000082369292287
5433,1799136608561.1118,2997.241101178963,0.001591315323959368,0.14794078691785179,1.000008227728181
5434,1799760630217.8457,2997.304927444839,0.0015914694686742245,0.14794165107377893,1.000008211806234
5435,1800384571726.3613,2997.368834276722,0.0015916238078055582,0.14794251575748776,1.0000081975444175
5436,1801008426911.001,2997.4327627363505,0.0015917781929428102,0.14794337988818998,1.000008193098703
5437,1801632182984.0925,2997.4966910381577,0.0015919325716930706,0.14794424318147908,1.0000081892084771
5438,1802255840475.1086,2997.560620733215,0.001592086947680852,0.1479451056528526,1.0000081850891138
5439,1802879400456.6619,2997.624554320559,0.0015922413263818173,0.14794596731018494,1.0000081810383743
5440,1803502863322.4177,2997.6884866355813,0.001592395696785593,0.1479468281518856,1.0000081773380527
5441,1804126229182.0918,2997.7524740249733,0.001592550165553847,0.1479476875708587,1.0000081692209877
5442,1804749506192.535,2997.816653242152,0.0015927050032648565,0.14794854463528445,1.0000081380074703
5443,1805372737857.682,2997.881065682608,0.0015928602784747129,0.14794939843946806,1.0000081285930644
5444,1805995876307.943,2997.945472906755,0.0015930155353015543,0.14795025134341452,1.0000081248746073
5445,1806618917113.8013,2998.010021594977,0.0015931710619101552,0.14795110225049646,1.0000081006882036
5446,1807241898574.3574,2998.074916320212,0.0015933272482963718,0.14795194907407921,1.0000080787422452
5447,1807864807933.5288,2998.139808093273,0.0015934834208850784,0.14795279498114094,1.0000080750686287
5448,1808487618026.2979,2998.204694888022,0.0015936395780118654,0.14795364009467601,1.000008071548279
5449,1809110329384.1304,2998.2695772323286,0.0015937957208942367,0.1479544844193973,1.0000080680228265
5450,1809732942711.0005,2998.3344441081235,0.0015939518271775785,0.1479553280054712,1.0000080662144102
5451,1810355455585.2668,2998.3990482208824,0.0015941073963152538,0.14795617202996975,1.0000080831500822
5452,1810977839419.2349,2998.4638174640672,0.0015942633293831317,0.1479570160830508,1.0000080545264705
5453,1811600171299.4304,2998.528720629307,0.0015944195461325282,0.14795785951737614,1.0000080490462682
5454,1812222406781.1453,2998.5936161873983,0.0015945757376486392,0.1479587019650134,1.0000080460790914
5455,1812844546354.0293,2998.6585053094964,0.0015947319069539684,0.14795954345101436,1.0000080430772111
5456,1813466590855.4082,2998.723387697261,0.0015948880537829545,0.14796038399287967,1.000008040157539
5457,1814088540876.8513,2998.7882654803184,0.001595044182548667,0.14796122358552102,1.000008037034518
5458,1814710397446.4258,2998.85314023468,0.001595200296531715,0.14796206222589808,1.0000080338568458
5459,1815332161424.6116,2998.918013046416,0.0015953563981024404,0.14796289991705816,1.0000080306108092
5460,1815953833474.7554,2998.9828837329087,0.0015955124871957014,0.1479637366742738,1.0000080274028509
5461,1816575413173.8792,2999.047773515921,0.0015956686097404935,0.1479645725332461,1.0000080211268476
5462,1817196907541.445,2999.1127134162966,0.0015958248227274329,0.1479654070749408,1.000008014998651
5463,1817818315727.028,2999.1776488619853,0.0015959810193997964,0.14796624073444536,1.0000080119859804
5464,1818439633446.0007,2999.2425798863824,0.0015961371998717269,0.14796707351406685,1.000008009055108
5465,1819060861697.305,2999.3074742999756,0.0015962933005984027,0.14796790564505763,1.0000080109450036
5466,1819681992581.987,2999.3723090174876,0.0015964492775629058,0.14796873736625266,1.000008010448041
5467,1820303032771.174,2999.437135660377,0.0015966052324288378,0.147969568296821,1.0000080079160436
5468,1820923985417.183,2999.501955589488,0.0015967611678365653,0.1479703984252045,1.0000080053112532
5469,1821544851487.9512,2999.5667699650085,0.0015969170862750411,0.1479712277525903,1.0000080026467106
5470,1822165631835.2825,2999.631579925189,0.001597072990192928,0.14797205628042842,1.000007999907957
5471,1822786327081.8923,2999.6963837027715,0.0015972288744234388,0.14797288394402625,1.0000079976525738
5472,1823406937820.6448,2999.761183327164,0.001597384744013913,0.14797371077729324,1.000007994878119
5473,1824027465644.9897,2999.8259821129272,0.0015975406069172113,0.14797453682184222,1.0000079919410731
5474,1824647910789.2778,2999.8907811005706,0.0015976964653452463,0.1479753620776579,1.0000079889485407
5475,1825268274092.9473,2999.955581382956,0.0015978523216609248,0.14797618654652075,1.0000079859030486
5476,1825888556335.943,3000.0168036050486,0.0015980013860039716,0.14797704896028782,1.00000848240549
5477,1826504367047.8167,3000.0698608041675,0.0015981349544685055,0.14797799892386174,1.0000088632527449
5478,1827111085757.9453,3000.1221510518735,0.0015982666624446513,0.14797893799934836,1.000008867441095
5479,1827717786014.73,3000.174450839182,0.00159839839747083,0.14797987697933482,1.0000088678114838
5480,1828324511800.3713,3000.226756179215,0.0015985301631470626,0.14798081642356234,1.000008868188745
5481,1828931262728.7717,3000.2790800224116,0.0015986619765461806,0.14798175584447879,1.0000088681700956
5482,1829538049813.2502,3000.33142302957,0.0015987938378649166,0.14798269518563328,1.0000088681260901
5483,1830144875167.8154,3000.3837860581175,0.0015989257490401161,0.14798363445170445,1.000008868033649
5484,1830751740951.6377,3000.436174041174,0.0015990577199849194,0.14798457361439507,1.0000088673033816
5485,1831358666752.3296,3000.4885873899366,0.0015991897525864307,0.14798551271998064,1.000008867153043
5486,1831965634480.042,3000.5408367451255,0.0015993214737097057,0.14798645318310502,1.0000088828274067
5487,1832572215212.9893,3000.5930725361377,0.0015994531621882752,0.14798739306778164,1.0000088819221893
5488,1833178872120.7075,3000.6453480061273,0.0015995849416629462,0.1479883328420217,1.0000088805524616
5489,1833785610912.323,3000.6977247192644,0.001599716955587357,0.1479892730680119,1.0000088683713295
5490,1834392742137.2708,3000.750528534256,0.0015998499620109576,0.14799021666321646,1.000008836398522
5491,1835000746178.8208,3000.8034660229905,0.0015999832822748963,0.1479911611742287,1.0000088319177218
5492,1835608905952.6326,3000.8562730518343,0.0016001163352828496,0.14799210577826297,1.0000088461197438
5493,1836216716116.1995,3000.90909756286,0.0016002494194654903,0.14799304968558308,1.0000088438672685
5494,1836824628640.5913,3000.961765721339,0.0016003821871242092,0.14799399396492285,1.0000088739447355
5495,1837431678184.2776,3001.0141821725774,0.0016005144149626844,0.14799493770024802,1.0000088763747665
5496,1838038802846.9194,3001.0630601233997,0.001600639937863166,0.1479959200551543,1.0000093844037998
5497,1838631364109.7556,3001.1026704289375,0.0016007473115992224,0.1479969771065315,1.0000098206725303
5498,1839214651153.672,3001.1416938042507,0.0016008531856087295,0.14799802244728583,1.0000098208159642
5499,1839798276095.6663,3001.1808644891594,0.0016009593979470084,0.14799906863129259,1.0000098136247015
5500,1840382313181.6348,3001.2202019077904,0.0016010659838645506,0.14800011536958246,1.0000098094364618
5501,1840966663101.4197,3001.2596045530495,0.0016011727346309308,0.1480011630238626,1.0000098102573833
5502,1841551222871.3289,3001.29906604093,0.0016012796334884528,0.148002211448114,1.000009811096048
5503,1842135993080.64,3001.3385869422245,0.0016013866816610575,0.148003260641519,1.000009811861215
5504,1842720974980.8845,3001.3781678872115,0.001601493880523563,0.14800431060435149,1.0000098125735826
5505,1843306169790.2996,3001.417809471325,0.001601601231355197,0.14800536133589,1.0000098132319981
5506,1843891578679.4927,3001.4575122894403,0.001601708735429569,0.1480064128351949,1.0000098138346278
5507,1844477202805.6895,3001.4972727583086,0.00160181638578782,0.14800746513302965,1.0000098150608006
5508,1845063027460.5254,3001.537086914676,0.0016019241746584416,0.14800851826016026,1.000009815927318
5509,1845649062246.1582,3001.576963523507,0.0016020321191767704,0.14800957214271082,1.0000098163753406
5510,1846235315639.5945,3001.6169036524634,0.001602140221840972,0.14801062678963392,1.000009816764978
5511,1847114695729.7485,3001.6769068409694,0.0016023026388438618,0.14801221121708583,1.0000098255700303
5512,1848433765864.9802,3001.7671143251673,0.00160254684688424,0.1480145935981971,1.0000098385057017
5513,1850299587525.8765,3001.8951571997436,0.0016028935009301565,0.14801797365150168,1.0000098539924818
5514,1852174151571.1777,3002.0243563217914,0.0016032430997414326,0.14802137277600544,1.0000098528476786
5515,1854051197852.7212,3002.1541390107604,0.0016035941976272484,0.14802478064918845,1.0000098567016984
5516,1855930221171.749,3002.2838825331364,0.0016039455563145125,0.14802820150304202,1.000009882136612
5517,1857809491276.9834,3002.4137594081344,0.0016042974295045866,0.1480316300244717,1.0000098840257456
5518,1859690926349.5774,3002.544254920992,0.001604650859511369,0.1480350664280633,1.0000098846886751
5519,1861574626440.0676,3002.6754558176694,0.0016050060661090173,0.14803851225834325,1.00000988158405
5520,1863460870154.6514,3002.8073519905606,0.0016053630139945697,0.14804196684109405,1.0000098817542515
5521,1865349400811.7024,3002.939919401584,0.0016057216171351067,0.1480454285380696,1.0000098810971005
5522,1867240280229.013,3003.073194609653,0.0016060819508408252,0.1480488971754012,1.0000098794758359
5523,1869133576522.1887,3003.2071302756785,0.0016064439242816611,0.1480523731927206,1.0000098812392684
5524,1871028997676.4177,3003.3426328247233,0.0016068093241920244,0.14805584949904946,1.000009835457488
5525,1872930494192.2568,3003.4757198077764,0.0016071704714538371,0.14805936493106575,1.0000099746012703
5526,1874822784887.8767,3003.607264804305,0.0016075282991906967,0.14806287644047259,1.0000099815699892
5527,1876717002728.4075,3003.736266564751,0.0016078809693409737,0.14806639819045175,1.0000100768073035
5528,1878606182593.3381,3003.8650692656124,0.0016082332362836408,0.14806991807153344,1.000010085674534
5529,1880497180884.0254,3003.994146942259,0.0016085863982731954,0.14807344911570577,1.0000100960773337
5530,1882389908013.3289,3004.123466112588,0.0016089404153038101,0.14807699276144262,1.0000101051133115
5531,1884284508855.6294,3004.252664686278,0.0016092945210175573,0.14808054942484203,1.0000101303770101
5532,1886179693955.3708,3004.381828287918,0.0016096488118080914,0.14808411509737635,1.0000101420599503
5533,1888076612931.169,3004.5125270088274,0.0016100063793221694,0.14808767718476307,1.0000101076823766
5534,1889979047228.124,3004.6451935770137,0.0016103682800723174,0.1480912415305719,1.0000100975580835
5535,1891884833001.711,3004.777747693585,0.0016107303405563345,0.14809482122775516,1.0000101205882856
5536,1893791335177.9192,3004.9102022820566,0.0016110925203611966,0.14809841314128258,1.0000101367142946
5537,1895699106531.5405,3005.043244605479,0.001611456154636388,0.14810201087980593,1.000010137651663
5538,1897609413699.096,3005.1763495519085,0.0016118202532060572,0.1481056206743219,1.0000101566067565
5539,1899520780731.819,3005.3089935365133,0.0016121836914415833,0.14810924246182047,1.0000101862221071
5540,1901432348459.6091,3005.4426759756966,0.0016125493800616855,0.1481128621472304,1.0000101566408872
5541,1903349119512.5415,3005.57736161787,0.0016129175143193939,0.14811649211501476,1.0000101650425952
5542,1905267772169.47,3005.712381583086,0.0016132866254749449,0.14812013080378722,1.0000101726562054
5543,1907188385024.06,3005.847752394596,0.001613656746724669,0.14812377808468488,1.0000101808078088
5544,1909110972628.1147,3005.983386284876,0.001614027698119054,0.14812743432533373,1.0000101934021077
5545,1911035126923.977,3006.1185702473126,0.0016143980464876722,0.1481311040232166,1.0000102212123092
5546,1912959611446.3755,3006.2536832244245,0.0016147685019911237,0.1481347824231041,1.000010237615797
5547,1914885387147.5298,3006.3891933005207,0.0016151401163427813,0.1481384716246403,1.000010234727733
5548,1916814157963.5928,3006.52494301271,0.001615512599851442,0.14814217383418074,1.0000102548853238
5549,1918743907500.5264,3006.6605399568834,0.0016158850123494763,0.14814588460187694,1.0000102747280746
5550,1920674714154.4421,3006.795937736817,0.0016162572592422855,0.14814960416700104,1.00001029376685
5551,1922606685793.794,3006.930282906331,0.00161662749841162,0.14815333222520752,1.0000103717379798
5552,1924534673906.683,3007.062801628932,0.0016169938633479523,0.14815705957212563,1.0000103993191802
5553,1926463404324.523,3007.195279305671,0.0016173604110011261,0.14816079619899408,1.0000104163386083
5554,1928393682365.309,3007.3278043569,0.0016177273400597497,0.14816454248815403,1.000010431230387
5555,1930325687639.3882,3007.4606335270146,0.0016180952229329802,0.14816829934037096,1.000010440822523
5556,1932259905761.3584,3007.5932294312356,0.0016184630091061892,0.148172071594028,1.0000104757878434
5557,1934194128143.5002,3007.725334261627,0.0016188300724760886,0.14817585599937352,1.0000104923504483
5558,1936130102396.5325,3007.857633339084,0.001619197846191796,0.14817965062838798,1.000010505018196
5559,1938068114503.1917,3007.990235074212,0.0016195665581683275,0.14818345520921533,1.0000105154910026
5560,1940008359736.0315,3008.1231942748864,0.0016199363588524532,0.14818727120023092,1.0000105251622906
5561,1941950898550.3318,3008.257368573395,0.0016203089838143388,0.14819109344456463,1.0000105102605517
5562,1943897835634.8857,3008.3922393158346,0.0016206834868237733,0.14819492970811846,1.000010511395066
5563,1945847797483.0461,3008.5278104185754,0.0016210598123399913,0.14819877701881054,1.0000105131594077
5564,1947800682756.2627,3008.6641489991043,0.0016214380561013209,0.1482026330936979,1.0000105097830638
5565,1949756941147.8293,3008.801429438008,0.0016218185804722752,0.14820649726200494,1.000010506344569
5566,1951716526948.4102,3008.9406272101924,0.001622203395085807,0.14821036517198752,1.0000104726624752
5567,1953682043770.3574,3009.081188252287,0.001622591483777989,0.1482142448837531,1.0000104628166522
5568,1955651379439.2214,3009.222690810334,0.0016229818726087425,0.14821813338603185,1.0000104574598614
5569,1957624085605.6943,3009.3641490424857,0.0016233726183522883,0.14822203901824066,1.000010498855814
5570,1959595780519.3582,3009.5053377274153,0.001623763056268127,0.14822595361625496,1.000010488598265
5571,1961571450486.6108,3009.6482383106377,0.0016241573479327442,0.14822987191540707,1.0000104648509038
5572,1963552190357.9663,3009.792404981028,0.0016245546144175896,0.14823379762753475,1.0000104553698421
5573,1965536653357.6633,3009.9385237185556,0.0016249563808251408,0.14823773266969123,1.0000104201884534
5574,1967527070390.411,3010.0843682043073,0.0016253581205638962,0.1482416897806334,1.0000104563047951
5575,1969516883640.764,3010.230514115985,0.0016257606585003493,0.14824564986805092,1.0000104538305015
5576,1971509654126.369,3010.3773661077407,0.0016261650100875494,0.14824961934328335,1.000010451959089
5577,1973505339991.5999,3010.5249377064474,0.0016265712038703018,0.14825359812637404,1.0000104471424143
5578,1975504191317.9087,3010.6738137605817,0.0016269802599052894,0.14825757504330556,1.0000104248718635
5579,1977507918387.897,3010.8230365293443,0.0016273904439437635,0.14826156534232807,1.0000104628339692
5580,1979510571404.5293,3010.9710902040492,0.0016277984709739358,0.14826556867020227,1.000010483369508
5581,1981514102156.1975,3011.118954008109,0.0016282063641414406,0.14826958076890856,1.000010502733561
5582,1983518577327.4653,3011.266632496197,0.0016286141371049901,0.1482736018164651,1.0000105186187087
5583,1985524383101.1616,3011.4141807633523,0.0016290219260136458,0.14827763258799354,1.0000105354377702
5584,1987531452118.0454,3011.5615833029606,0.0016294296894298018,0.14828167272566437,1.0000105509551611
5585,1989539954350.155,3011.7089471148533,0.0016298376576313052,0.14828572217024028,1.0000105654409528
5586,1991550030516.8862,3011.856274535615,0.0016302458388279312,0.14828978106047952,1.000010579989761
5587,1993561677975.7068,3012.003558863609,0.00163065421818657,0.14829384937703566,1.0000105946663873
5588,1995574906100.4475,3012.150392864078,0.0016310619950348495,0.148297930815525,1.0000106297527367
5589,1997587741788.6316,3012.296448427291,0.0016314683712571449,0.1483020214257486,1.000010649103532
5590,1999601834581.2039,3012.44277383926,0.0016318755493771717,0.14830611811398162,1.0000106489971887
5591,2001619125846.5188,3012.5895433612427,0.0016322839795807449,0.1483102241538008,1.000010665011126
5592,2003637967190.056,3012.7361267133415,0.0016326923245531429,0.14831434082710904,1.0000106810317844
5593,2005658441685.726,3012.8826143842625,0.0016331007651499778,0.14831846744076305,1.0000106978329604
5594,2007680479862.7002,3013.0283261898403,0.0016335079244622459,0.14832260844848916,1.0000107307153276
5595,2009702603466.052,3013.1738124784156,0.001633914832846165,0.1483267564710214,1.0000107490573915
5596,2011726224303.4563,3013.3190061602895,0.0016343214453193988,0.14833091608015878,1.0000107714789868
5597,2013751008373.6047,3013.463783761863,0.0016347274974602179,0.1483350874439007,1.0000107969184975
5598,2015776698692.423,3013.6121022372868,0.0016351408670951541,0.1483392383686539,1.0000106792274621
5599,2017817628146.3518,3013.7632127375878,0.0016355608932109593,0.14834341239779758,1.0000106834670077
5600,2019861201855.7612,3013.914308304699,0.001635981277336729,0.14834760010035727,1.000010705426373
5601,2021905596498.1,3014.0650405471683,0.0016364011911799814,0.14835179821733888,1.0000107230359863
5602,2023951306966.9727,3014.21560817583,0.0016368210466373798,0.14835600586896627,1.000010739257226
5603,2025998547735.1333,3014.3658897093997,0.0016372405177154349,0.14836022024603177,1.000010759921914
5604,2028046932614.1072,3014.5168020446627,0.0016376614838578306,0.1483644362419333,1.0000107538791245
5605,2030099154089.5608,3014.667975443362,0.001638083337531494,0.14836866269659238,1.0000107694005238
5606,2032153020941.917,3014.8195355636713,0.0016385061569234654,0.14837289075781207,1.0000107649726218
5607,2034210626324.4907,3014.97055220979,0.0016389283724834492,0.14837714090834422,1.0000108198259565
5608,2036265705218.1023,3015.12078924135,0.0016393491508040565,0.148381398690878,1.0000108195032211
5609,2038324248276.018,3015.2716713686195,0.0016397716625861244,0.1483856673843275,1.000010819921542
5610,2040386117086.7617,3015.4231752266815,0.0016401958609805335,0.14838994712132983,1.0000108197393989
5611,2042451351781.1177,3015.5753542370153,0.0016406218606072657,0.14839423778136288,1.0000108175622358
5612,2044520127909.435,3015.7282514089948,0.0016410497578191823,0.14839853943819728,1.0000108147740663
5613,2046592482098.974,3015.881676786862,0.0016414790983777826,0.14840285019990884,1.0000108190339192
5614,2048667669019.9224,3016.0356641631165,0.0016419099316812848,0.14840716893347175,1.0000108178469918
5615,2050745723451.0176,3016.190613315708,0.0016423432353384565,0.1484115004265848,1.0000107978648793
5616,2052825179601.7522,3016.3462647557985,0.0016427782909431616,0.14841583769293523,1.0000107997892569
5617,2054905996540.3052,3016.502311816383,0.0016432143345552759,0.1484201763605121,1.000010801878041
5618,2056988170707.6997,3016.6586125379736,0.0016436510631001623,0.14842451668783066,1.0000108055889199
5619,2059071705143.4524,3016.8161466233705,0.0016440906314573827,0.14842885952476623,1.0000107660261885
5620,2061156628736.8828,3016.9749205383014,0.0016445330874785816,0.14843320631374096,1.0000107876007762
5621,2063242810848.978,3017.1303242937256,0.0016449689825915569,0.14843758427287504,1.0000108505824497
5622,2065330331988.8147,3017.2865616125805,0.0016454067844250068,0.14844196192754122,1.0000108362577387
5623,2067419296747.9753,3017.4462174945165,0.0016458516313894137,0.14844631660887958,1.0000107676844798
5624,2069509673385.7646,3017.6059238685143,0.0016462964478711703,0.14845066048450797,1.0000107817988224
5625,2071601359694.8364,3017.7666845124004,0.0016467436106995558,0.14845500193560493,1.0000107681215569
5626,2073694359787.5222,3017.927862062289,0.0016471918299805373,0.1484593454739913,1.0000107653516892
5627,2075788659068.3884,3018.0895084683516,0.001647641204033603,0.14846369038907795,1.0000107622053929
5628,2077884256057.179,3018.251623157528,0.0016480917281780569,0.14846803649427906,1.0000107587731244
5629,2079981143282.4197,3018.41260591069,0.001648540209860597,0.14847239741831103,1.0000107926731887
5630,2082079326785.3135,3018.573975815021,0.0016489897180870367,0.14847676195012138,1.00001079143881
5631,2084178854669.6738,3018.737250933981,0.001649443294562286,0.14848111763038319,1.0000107312167907
5632,2086279745231.626,3018.901707129185,0.0016498994655901144,0.148485469260625,1.0000107331087436
5633,2088381880788.3635,3019.066535429138,0.001650356650231068,0.14848982522058096,1.0000107299682415
5634,2090485267792.99,3019.231888137474,0.0016508151576931265,0.14849418440728973,1.0000107225107508
5635,2092589905186.6238,3019.3967186833534,0.0016512728722239615,0.14849855459241895,1.0000107484492742
5636,2094695790486.688,3019.561336645192,0.0016517303327877079,0.14850292957938557,1.0000107530780333
5637,2096802977090.7607,3019.726196536888,0.001652188536666978,0.14850730949308605,1.000010755744482
5638,2098911466801.8232,3019.8905289140507,0.001652645874768872,0.14851169769342157,1.0000107748586393
5639,2101021276631.8877,3020.0548279269824,0.0016531033877679219,0.14851609235423666,1.0000107798896576
5640,2103132443154.3347,3020.2191747202432,0.0016535611605524591,0.14852048930373185,1.0000107870167292
5641,2105244994052.2583,3020.3830583213603,0.0016540181501658387,0.1485248919626791,1.0000108114026551
5642,2107358934775.6104,3020.547245182142,0.0016544760683076486,0.14852930181220056,1.0000108038414866
5643,2109474295286.8755,3020.711203548378,0.001654933788506327,0.14853372056926276,1.0000108156078436
5644,2111591081044.842,3020.874852307463,0.0016553911223888276,0.14853814776677107,1.0000108286946445
5645,2113709318071.067,3021.038526290774,0.0016558487593721408,0.14854258141408389,1.0000108373608678
5646,2115829024656.583,3021.201727750177,0.0016563057275699984,0.14854702686852553,1.0000108518181157
5647,2117950233236.066,3021.363117391021,0.001656759293186005,0.14855149328844636,1.000010901023919
5648,2120073001887.2861,3021.524791496651,0.001657213567431318,0.14855595891295714,1.0000108997329547
5649,2122197382356.8323,3021.686645499318,0.0016576687299118046,0.14856044205355143,1.0000109127415586
5650,2124323354942.6997,3021.8469822675174,0.0016581210550672063,0.14856494265718087,1.0000109492634595
5651,2126450994638.9465,3022.007866690565,0.0016585748993023309,0.14856945289451987,1.0000109374967692
5652,2128580309180.8674,3022.1685604475115,0.0016590286156362788,0.14857397156838362,1.0000109548869265
5653,2130711307549.2444,3022.3295456627015,0.0016594832457030606,0.14857849791179525,1.000010953872381
5654,2132843999336.0862,3022.4914506335726,0.0016599400329157486,0.14858302577590218,1.0000109281882177
5655,2134978368930.3647,3022.6540258893065,0.0016603983311223422,0.1485875507138329,1.0000109383881899
5656,2137114393591.2346,3022.8166989994147,0.001660856987286576,0.14859207738131208,1.0000109385916622
5657,2139252079581.7087,3022.979866267602,0.0016613169337905873,0.14859660850716205,1.0000109328612838
5658,2141391422526.5127,3023.1438383709924,0.0016617789980761654,0.14860115050854641,1.0000109176700076
5659,2143532379095.1023,3023.308383220617,0.0016622424980713574,0.1486056956504542,1.0000109094429421
5660,2145674947428.964,3023.4735515431234,0.0016627075031967712,0.14861024200749037,1.0000109019562222
5661,2147819113243.0981,3023.638730384435,0.0016631725473410864,0.1486147842880373,1.000010910221573
5662,2149964894015.7803,3023.8037588997995,0.0016636374411793781,0.14861932984797208,1.0000109193885975
5663,2152112310408.3276,3023.9692254456436,0.0016641034062990082,0.14862387541117364,1.000010915175849
5664,2154261359057.3213,3024.141017437106,0.0016645824393178006,0.14862837782898605,1.0000107453923297
5665,2156411783918.7983,3024.314782698316,0.0016650657337439335,0.1486328714297456,1.0000107227722903
5666,2158563457574.0396,3024.490708895824,0.001665553608420282,0.14863735186543112,1.000010678973774
5667,2160716307268.1558,3024.6949332955764,0.0016660964987173443,0.14864149991628375,1.0000096828651652
5668,2162869110670.2441,3024.915605458909,0.0016666707878251895,0.14864542524112084,1.0000096988778302
5669,2165021092052.6443,3025.133059812339,0.001667238589878137,0.14864937047216795,1.0000097459513788
5670,2167172444081.868,3025.3483421170095,0.0016678020107406572,0.14865332692435965,1.000009761959045
5671,2169323312735.1257,3025.561437574186,0.0016683610986991488,0.1486572983619736,1.0000097862628443
5672,2171473843547.4514,3025.7729304255936,0.0016689170821230699,0.1486612822402154,1.0000098015660788
5673,2173624155287.7505,3025.982275447901,0.001669468888453702,0.14866528448842367,1.0000098374041675
5674,2175774392174.013,3026.1896832791326,0.001670016966071895,0.14866930451569024,1.0000098532691244
5675,2177924679982.7195,3026.396019740805,0.001670563081704306,0.14867333600072774,1.0000098516872131
5676,2180075098771.5564,3026.600507511426,0.001671105627390324,0.14867738385350543,1.0000099002470224
5677,2182225799602.5376,3026.8028622776073,0.0016716440989816852,0.14868145370975286,1.0000099183560371
5678,2184376896470.0322,3027.0037842966362,0.0016721799101474541,0.14868553976607501,1.0000099390046655
5679,2186528490298.2017,3027.1980607965934,0.001672702511098867,0.1486896853010109,1.0000100822678928
5680,2188680984923.1755,3027.3899276715442,0.0016732205575199506,0.14869385924919845,1.0000101293190824
5681,2190834490161.4395,3027.580250820174,0.0016737357546587623,0.14869805245283396,1.0000101591643433
5682,2192989107971.1616,3027.768036281024,0.0016742461106734937,0.14870227418345872,1.0000102117400695
5683,2195144991590.5015,3027.9533329201677,0.00167475175594543,0.14870652558659106,1.000010265067602
5684,2197302289613.504,3028.136247284718,0.0016752529144722541,0.14871080629039557,1.0000103152707889
5685,2199461137380.6606,3028.3185236499626,0.0016757531389516018,0.1487151027639862,1.0000102989596835
5686,2201621543001.979,3028.4999545854894,0.0016762519910345083,0.14871941596531388,1.000010351547917
5687,2203783610759.0005,3028.6792040945134,0.001676746778292537,0.14872375774154428,1.0000103994418308
5688,2205947465920.392,3028.856497485222,0.0016772379642523247,0.14872812664501173,1.0000104453159566
5689,2208113225375.0845,3029.0319841470714,0.0016777258603185585,0.1487325219207775,1.0000104888199353
5690,2210280991524.0264,3029.205873503399,0.0016782109027844274,0.14873694243932017,1.000010528397803
5691,2212450860019.5957,3029.3769952054176,0.0016786906805922464,0.14874139639994216,1.000010591831429
5692,2214623011005.58,3029.547500098113,0.0016791696267908758,0.14874586910353968,1.0000106133624613
5693,2216797447671.0654,3029.7168758854446,0.0016796464801003112,0.148750355031171,1.0000106505685402
5694,2218974268703.985,3029.8862357200383,0.0016801236611724607,0.14875485210526945,1.0000106446484605
5695,2221153428277.35,3030.055455843551,0.0016806008016215467,0.14875935616530708,1.0000106672023152
5696,2223334979110.3784,3030.223849885411,0.0016810766976124393,0.14876388134131627,1.0000106971496427
5697,2225518974164.7285,3030.3912132086707,0.0016815508939413734,0.1487684276277254,1.00001072926045
5698,2227705478713.2876,3030.556268765081,0.0016820207399233262,0.14877300323456355,1.0000107866985717
5699,2229894657955.1265,3030.7207182588654,0.0016824897810190041,0.14877759797656992,1.0000108091379842
5700,2232086507353.2056,3030.8845832986267,0.0016829580726057775,0.14878221220506974,1.0000108318320666
5701,2234281064468.8003,3031.04772236654,0.0016834252544529625,0.14878684391767186,1.0000108555806342
5702,2236478380302.0547,3031.2111891585796,0.0016838936556395152,0.14879149260455923,1.0000108539661177
5703,2238678396157.535,3031.3761941569883,0.0016843656010235746,0.1487961420853238,1.0000108152038751
5704,2240880970637.354,3031.5452976232687,0.001684846264519918,0.14880076939268247,1.0000107328971737
5705,2243085798042.3184,3031.7161662740086,0.0016853308667079622,0.1488053923162541,1.0000107129781346
5706,2245292866737.9697,3031.8873672074646,0.001685816618718825,0.14881002830753196,1.000010710828298
5707,2247502183697.4985,3032.0560515555144,0.0016862973989670198,0.1488146868676276,1.0000107889519227
5708,2249714046015.6836,3032.2235367859325,0.0016867760544850218,0.148819364420504,1.0000108033186743
5709,2251928433516.219,3032.3920882476896,0.0016872571713325286,0.1488240409297507,1.0000107643540397
5710,2254145193460.511,3032.5613338881167,0.001687739986214375,0.14882871918702165,1.0000107685840263
5711,2256364355965.72,3032.731045350138,0.0016882241041781655,0.14883340414710786,1.0000107646443899
5712,2258585894669.155,3032.9006643854245,0.0016887083116719091,0.14883809708425633,1.000010775321046
5713,2260809851282.2075,3033.070826565078,0.0016891939786050486,0.1488427959731458,1.0000107539479057
5714,2263036128609.8677,3033.2430060769248,0.001689684349492014,0.14884749899619332,1.0000107070330193
5715,2265264545775.056,3033.4166157217073,0.0016901779287524195,0.14885219778219214,1.000010682910503
5716,2267495070120.1274,3033.590826854744,0.001690672954068659,0.14885689597460908,1.0000106690769064
5717,2269727695153.3276,3033.7636703120493,0.00169116527832497,0.14886160425744419,1.000010703181313
5718,2271962626014.7134,3033.9375454318993,0.0016916599254682935,0.1488663083135586,1.0000106778948166
5719,2274199683161.466,3034.1126695825633,0.0016921572582204863,0.14887100269880285,1.00001065095885
5720,2276438790811.588,3034.289341714728,0.0016926579710869606,0.148875688539454,1.000010610038912
5721,2278679825211.7393,3034.4675104225994,0.0016931618948527447,0.14888036333769777,1.0000105799772214
5722,2280922732752.713,3034.6437880858552,0.001693661655163804,0.14888503527261496,1.000010635798613
5723,2283167879573.6167,3034.8214376009096,0.0016941642800626707,0.14888969314525544,1.0000105776973065
5724,2285414907380.833,3035.0008978737624,0.0016946705849549286,0.14889432962589805,1.0000105555899397
5725,2287663806561.3936,3035.1815545733707,0.001695179303198624,0.14889894924945732,1.0000105221804263
5726,2289914492711.6387,3035.363787230114,0.0016956912056719827,0.1489035485536233,1.0000104838268242
5727,2292166868912.256,3035.5477016219247,0.001696206489681671,0.14890812572450848,1.0000104418376852
5728,2294420827403.451,3035.7327404901052,0.0016967239979236676,0.1489126845442479,1.0000104196378992
5729,2296676377635.8237,3035.920034505572,0.001697246068006018,0.1489172165747793,1.0000103540987102
5730,2298933274109.367,3036.108716510037,0.0016977707152026676,0.1489217196965042,1.0000103173307013
5731,2301191540760.5303,3036.2997381284345,0.001698300071945985,0.14892619397787005,1.0000102549764947
5732,2303450957485.408,3036.4933081775243,0.0016988345009364275,0.14893063468547665,1.0000101912920942
5733,2305711373983.47,3036.68972697193,0.0016993746196883697,0.14893503926055077,1.0000101095265226
5734,2307972570973.1455,3036.8886726781225,0.0016999196040347038,0.14893940298362313,1.000010053144578
5735,2310234498650.4365,3037.0898149779223,0.0017004687854784762,0.14894372882138351,1.000009985880574
5736,2312497008792.0615,3037.2954620634323,0.001701026913738824,0.1489479982054205,1.0000098418087866
5737,2314759582725.27,3037.5063429261127,0.0017015953394684518,0.1489521984598456,1.000009740185463
5738,2317022041319.7915,3037.7198693983983,0.0017021686848709245,0.1489563477592862,1.0000096557821554
5739,2319284309565.493,3037.93678501756,0.0017027485104710693,0.14896044128494274,1.000009560591931
5740,2321546173360.7163,3038.1570129862976,0.001703334638576979,0.14896447858034778,1.0000094625177112
5741,2323807453788.5776,3038.380710834406,0.0017039273349415695,0.1489684556027125,1.000009359323873
5742,2326067951485.763,3038.60799376206,0.001704526795706622,0.14897236940415085,1.0000092515399452
5743,2328327477819.0356,3038.834070115261,0.0017051231452937157,0.14897625815358553,1.0000092724227576
5744,2330586648613.5454,3039.0640301251765,0.0017057268999235956,0.1489800821580619,1.0000091200651726
5745,2332844670970.634,3039.2977316857987,0.0017063375869736995,0.14898383446088106,1.0000090251450637
5746,2335101567333.4116,3039.5345960188006,0.0017069540708674353,0.1489875220041147,1.0000089246370034
5747,2337357179332.5454,3039.7751362188287,0.001707577340458196,0.14899113743066025,1.0000088029233247
5748,2339611259090.788,3039.981736068728,0.001708133364583005,0.14899513907738918,1.0000095577941976
5749,2341869446708.069,3040.184525291448,0.0017086823207348764,0.14899919966343536,1.0000095470528287
5750,2344129337692.147,3040.387553554705,0.0017092318327436822,0.14900325479498658,1.0000095276302754
5751,2346390895643.232,3040.592286322817,0.001709784910666717,0.1490072919874908,1.0000094650720517
5752,2348653846266.619,3040.798884857373,0.0017103418167042893,0.14901130674426014,1.000009429327344
5753,2350918182401.8623,3041.006448601583,0.0017109006675475622,0.14901530518508202,1.000009396140149
5754,2353183865752.7046,3041.2155117436255,0.001711462770329541,0.1490192918065483,1.0000093362449651
5755,2355450681620.697,3041.425203951335,0.001712026265177443,0.14902327084609984,1.0000093224559834
5756,2357718806690.9595,3041.631500932562,0.0017125826187342848,0.14902726532670457,1.0000093826234249
5757,2359988838905.5283,3041.83804729022,0.0017131394999797785,0.14903125193828956,1.0000093655130808
5758,2362260496921.41,3042.0445096303624,0.0017136961311018163,0.1490352295128408,1.000009357007127
5759,2364533847079.9746,3042.250163627823,0.0017142510515775846,0.14903920554270433,1.0000093650098418
5760,2366809055677.5303,3042.4551630291194,0.0017148045671826022,0.1490431783137206,1.0000093696678998
5761,2369086196007.465,3042.6624745187405,0.001715362850213003,0.14904712538045015,1.000009295794139
5762,2371364763142.328,3042.8702519610742,0.0017159219780555077,0.14905105708502941,1.000009287524228
5763,2373645038627.085,3043.0780545927996,0.0017164813002987105,0.14905498834325204,1.0000092673622374
5764,2375926960546.279,3043.285713049247,0.0017170403676627787,0.14905891624179138,1.000009262128439
5765,2378210663965.7515,3043.492942295361,0.0017175985075635687,0.14906283952858412,1.0000092583062135
5766,2380496223943.6743,3043.7000073683107,0.0017181562787055848,0.1490667565147138,1.0000092501652638
5767,2382783667014.159,3043.9068124091186,0.0017187134339532433,0.14907066588847592,1.0000092452667224
5768,2385073059429.9575,3044.117803318463,0.001719279499071193,0.14907454521024535,1.0000090978167635
5769,2387363362142.89,3044.3320368287677,0.0017198521810568813,0.1490783871886766,1.000009039350756
5770,2389654768251.87,3044.5472959910358,0.0017204267978966,0.14908220586324833,1.000009020499613
5771,2391947428532.021,3044.762510409527,0.0017210012045335552,0.1490860130876915,1.0000089990784824
5772,2394241370132.7505,3044.98011949579,0.0017215806048970271,0.1490897953271089,1.000008915182733
5773,2396536112629.2974,3045.198788464403,0.001722162111469639,0.14909355812855332,1.0000088842177661
5774,2398831874057.038,3045.4181958790737,0.0017227451356102651,0.14909730742737107,1.0000088483982028
5775,2401128616463.685,3045.6380299987645,0.0017233288561849048,0.14910103817804612,1.000008817228781
5776,2403426367436.1797,3045.858173614078,0.001723913069279706,0.14910475302028428,1.0000087882993858
5777,2405725161593.958,3046.0789086277346,0.0017244983646971677,0.14910844984315874,1.0000087540685605
5778,2408024968706.4844,3046.3013383416114,0.0017250870288019091,0.14911211941954816,1.0000086756751965
5779,2410325429192.8833,3046.5275116002936,0.0017256832352235242,0.14911574139549502,1.0000085944606663
5780,2412626265995.9326,3046.753997953707,0.001726279882183976,0.1491193445827536,1.0000085532096146
5781,2414927713811.97,3046.9825565950973,0.001726880686268649,0.14912291724997223,1.0000084889358059
5782,2417229523960.362,3047.2124692637058,0.0017274840390251948,0.14912646013519254,1.0000084306148067
5783,2419531663457.1255,3047.444381865288,0.001728091285203728,0.14912996796520112,1.000008366790157
5784,2421833984689.685,3047.676829411371,0.0017286993715434809,0.1491334522841958,1.000008327100758
5785,2424136645626.503,3047.9094043368536,0.0017293074106508961,0.1491369146907488,1.0000082954531988
5786,2426439751045.5347,3048.142223769615,0.0017299156792522819,0.14914035566145734,1.0000082629943445
5787,2428743351716.3813,3048.3750394140334,0.0017305236392247438,0.14914377630331596,1.00000823566139
5788,2431047547511.303,3048.6072767365235,0.0017311299697486979,0.14914717595271096,1.0000082330862174
5789,2433352626105.18,3048.8387108058087,0.0017317342304978502,0.1491505577205012,1.0000082144555458
5790,2435658627748.889,3049.0701336077077,0.0017323382860097362,0.1491539244706727,1.0000082013837517
5791,2437965653397.2783,3049.2990211329798,0.0017329367153450124,0.14915728984723894,1.000008217297811
5792,2440274174974.1143,3049.5271820742296,0.0017335334834201123,0.14916064769428816,1.0000082251144478
5793,2442584279089.6914,3049.753947352411,0.001734127317597992,0.14916400879053743,1.000008218825651
5794,2444896038740.275,3049.980168315119,0.0017347199744332312,0.14916736548882922,1.000008206794012
5795,2447209522364.3555,3050.20658467041,0.001735313034267518,0.14917071340817084,1.000008188875044
5796,2449524704373.4443,3050.4324743357697,0.0017359048088895841,0.14917405062584432,1.0000081838874968
5797,2451841773727.377,3050.6576426054835,0.0017364948545590272,0.14917737717385562,1.0000081830217178
5798,2454160872698.2593,3050.8806397039148,0.0017370805163246905,0.1491807208945495,1.0000082274041715
5799,2456482527764.02,3051.103118174616,0.0017376649366945194,0.14918405523306025,1.000008197953245
5800,2458806345590.067,3051.326735335,0.0017382515051124578,0.14918736362719706,1.0000081606591456
5801,2461132191339.7495,3051.5521727583678,0.0017388417642330766,0.14919064554653574,1.000008103768709
5802,2463459764079.5625,3051.779315621262,0.0017394355467765601,0.14919390492603044,1.0000080525292931
5803,2465788959085.7524,3052.007824408351,0.0017400319895953921,0.1491971378418711,1.000008004546818
5804,2468119697360.0967,3052.2383252473373,0.0017406326343638757,0.14920034907090418,1.000007937341808
5805,2470451650390.0713,3052.4696252741655,0.0017412346836485986,0.14920353523503974,1.0000079129202828
5806,2472785105562.5283,3052.701115465989,0.0017418371421630632,0.1492067131998715,1.0000078739500864
5807,2475119957152.3057,3052.9329023304635,0.0017424400265944916,0.14920987326034246,1.0000078495445213
5808,2477456348976.6313,3053.1651988408507,0.0017430439228046438,0.14921301966853165,1.0000078159369565
5809,2479794197580.8257,3053.397980559994,0.0017436487170128221,0.1492161499157915,1.0000077761288664
5810,2482133444379.342,3053.6310668524784,0.00174425390971614,0.14921926026584442,1.0000077571465789
5811,2484474273448.8784,3053.866207783045,0.0017448631043033749,0.1492223337669083,1.0000076448290218
5812,2486815775305.108,3054.1036422338807,0.001745476902532027,0.1492253726689235,1.0000076231706048
5813,2489158491152.9844,3054.343102090626,0.0017460946819768616,0.14922837642202386,1.0000075202555287
5814,2491501608861.241,3054.584734800207,0.0017467165322376421,0.1492313343168141,1.0000074639429544
5815,2493845342960.0176,3054.828153820952,0.0017473417968319558,0.14923425595430176,1.0000073952823547
5816,2496189474277.5537,3055.073476511071,0.0017479706967770889,0.14923713919332626,1.0000073201117317
5817,2498533802342.673,3055.3185143086607,0.0017485986064830186,0.14924000032736143,1.000007330705654
5818,2500879164371.6167,3055.562945282465,0.001749224924053653,0.1492428451720488,1.000007272281855
5819,2503225119090.7188,3055.804582861464,0.001749844954175223,0.1492456871429351,1.0000073226974555
5820,2505572968571.368,3056.046050042346,0.001750464395733771,0.14924851321752228,1.0000072791432615
5821,2507922031622.628,3056.2886506266145,0.0017510859383683738,0.14925131070764297,1.0000072216286857
5822,2510272116461.2344,3056.532607667157,0.0017517100517610218,0.14925407777475724,1.0000071673538729
5823,2512623166335.7705,3056.777780851388,0.001752336414806031,0.14925681436541757,1.0000071142980353
5824,2514975112410.7173,3057.023916290197,0.0017529644199901205,0.14925951933864798,1.0000070665289826
5825,2517327962444.4253,3057.2708342350716,0.001753593686960026,0.14926219401076063,1.000007020797504
5826,2519681716194.8843,3057.517711720323,0.001754222327060385,0.14926483834828794,1.0000069970783831
5827,2522036671657.8086,3057.764978597178,0.0017548513582824382,0.14926745371189676,1.0000069536454883
5828,2524392675179.186,3058.0137804490537,0.0017554833413039792,0.14927003712803386,1.000006890387805
5829,2526749427662.3325,3058.262739266748,0.0017561152477503655,0.14927259431458953,1.0000068722714592
5830,2529107421010.842,3058.510411129569,0.0017567439027938198,0.1492751313428565,1.0000068702084688
5831,2531467052050.66,3058.7581209790533,0.001757372111646627,0.14927763815558315,1.0000068271412972
5832,2533828003726.7427,3059.006255612525,0.0017580007841131342,0.14928011565530028,1.0000067960708627
5833,2536190409864.6484,3059.2524172726066,0.0017586251005049444,0.14928259328138313,1.0000067978919824
5834,2538554838054.229,3059.500180284012,0.0017592524431585194,0.14928503560223408,1.0000067365388197
5835,2540920600827.498,3059.749266189847,0.0017598822138715296,0.14928744432319366,1.0000066849681581
5836,2543287682492.277,3059.9998306741877,0.0017605147304730212,0.14928981765499297,1.0000066271470465
5837,2545655902780.732,3060.252211255037,0.0017611507927179203,0.14929215647880054,1.0000065548015535
5838,2548024961472.0317,3060.5061345026006,0.0017617898379732396,0.1492944635181725,1.0000064918791698
5839,2550394814031.641,3060.7623757109013,0.0017624333592562282,0.1492967262814788,1.0000064135223143
5840,2552765103833.4487,3061.020245130977,0.0017630799267386997,0.1492989513671944,1.0000063313863083
5841,2555135658763.8213,3061.2802025333544,0.0017637305408066692,0.14930113617379712,1.0000062621035573
5842,2557506452673.6616,3061.5415082652094,0.0017643835992633482,0.14930328492130882,1.0000061919519856
5843,2559877390057.424,3061.804034822691,0.0017650388413107416,0.14930539893882122,1.0000061266869789
5844,2562248465769.383,3062.068097012257,0.001765696927646916,0.14930747539406455,1.0000060532577713
5845,2564619511160.327,3062.333004639607,0.0017663562321914006,0.1493095127743667,1.0000060031766824
5846,2566990775119.7734,3062.597545818526,0.0017670141221704323,0.14931151798220468,1.0000059761088025
5847,2569362671072.532,3062.863650773775,0.0017676749090116994,0.14931348497647667,1.000005862402404
5848,2571734174441.9473,3063.1337786977037,0.001768343668026234,0.14931538818894263,1.0000057663663726
5849,2574105085553.7905,3063.4044917701362,0.001769013081420942,0.14931725364445794,1.00000570895667
5850,2576475843446.6943,3063.6763613703674,0.0017696844474931778,0.14931908040932895,1.000005639427374
5851,2578846304067.852,3063.94863453948,0.0017703560552083978,0.14932086965800487,1.0000055845383717
5852,2581216699787.012,3064.220771197606,0.0017710267941835087,0.14932262722255749,1.0000055476156715
5853,2583587397082.5493,3064.495126207975,0.0017717018767840734,0.14932434331287645,1.000005440332259
5854,2585957431352.179,3064.7709293739294,0.0017723794783864918,0.14932601597348535,1.0000053773858142
5855,2588327222733.225,3065.0457982752664,0.0017730543420123555,0.14932765589543753,1.00000536332622
5856,2590697596215.386,3065.3217854282975,0.0017737307624010516,0.14932924399902073,1.0000052758997648
5857,2593067734300.887,3065.5970968866563,0.0017744050742780713,0.14933080078622007,1.0000052610803114
5858,2595438658924.254,3065.8718652554494,0.0017750776632072499,0.1493323296476378,1.0000052263594257
5859,2597810351832.594,3066.1464329068376,0.0017757492751762165,0.14933382867584316,1.0000051971681538
5860,2600183026991.6045,3066.420139900763,0.0017764185497699699,0.14933530501551778,1.0000051698506855
5861,2602556917218.0015,3066.693431279272,0.001777086373920503,0.14933675268484867,1.0000051424832446
5862,2604932194662.6,3066.966451135968,0.0017777531321559411,0.1493381738668032,1.0000051133405594
5863,2607308967940.765,3067.239132556573,0.0017784187223576762,0.1493395708397281,1.0000050843566748
5864,2609687370993.88,3067.5146864616136,0.0017790900057413025,0.14934091898500482,1.0000049891774214
5865,2612066301531.0996,3067.7897726406172,0.0017797597759611054,0.14934224097439927,1.0000049660918755
5866,2614446751945.489,3068.063768770817,0.0017804265813771843,0.14934353657725488,1.0000049524898345
5867,2616829111676.5166,3068.337380163046,0.0017810921588174266,0.149344810069272,1.0000049269840598
5868,2619213379348.4873,3068.6112106356836,0.00178175791270539,0.14934606158963257,1.0000048809008797
5869,2621599319147.177,3068.8852174813983,0.001782423721920863,0.1493472902250127,1.0000048465316074
5870,2623987123601.9087,3069.15710908291,0.0017830846444524238,0.14934851204182054,1.0000048690891061
5871,2626377890104.213,3069.429632865502,0.0017837465657492629,0.14934970624525734,1.000004812281817
5872,2628770599992.9683,3069.7023221673717,0.001784408288687976,0.14935086812266526,1.0000047807827523
5873,2631165599015.6704,3069.9767044249925,0.0017850733032695133,0.14935199507613542,1.0000047101299423
5874,2633562185329.2114,3070.253556542915,0.0017857432197881187,0.1493530787566489,1.0000046191217073
5875,2635959764852.5366,3070.533171667481,0.0017864185525523165,0.14935411198648044,1.0000045327798885
5876,2638358052496.2583,3070.812975818173,0.0017870937123846548,0.14935511141457064,1.0000045096628178
5877,2640757956810.1763,3071.0917063666225,0.0017877661003925455,0.14935609131148955,1.000004483397151
5878,2643159692566.051,3071.368715376061,0.001788434333861252,0.14935705706628707,1.0000045028062077
5879,2645564244485.89,3071.6434372850936,0.0017890967307623161,0.14935799362605467,1.0000044965374626
5880,2647971741956.4653,3071.91781846847,0.001789757944810889,0.14935890612121677,1.0000044800243657
5881,2650382176388.2637,3072.1995669677694,0.001790434542744069,0.1493597361361997,1.0000041819353438
5882,2652790447604.35,3072.4900098489156,0.0017911289163874786,0.1493604538494755,1.0000040720904417
5883,2655197958751.582,3072.7823239948934,0.0017918265397663731,0.149361116539714,1.0000039794231081
5884,2657604765397.9497,3073.076656155335,0.001792527533387614,0.14936171486370647,1.0000038865293297
5885,2660010749507.2993,3073.372703541913,0.0017932313936264326,0.14936225717695614,1.0000037978385952
5886,2662415867951.7954,3073.6703641963954,0.001793937948464572,0.1493627461429814,1.0000037061118527
5887,2664820008111.0293,3073.97113046229,0.001794650200437702,0.1493631616038552,1.0000035649873005
5888,2667222175685.5938,3074.276702630503,0.0017953716078297397,0.1493634820106602,1.0000034278263488
5889,2669621907999.738,3074.583509920442,0.0017960947101409925,0.14936374378185494,1.000003341924029
5890,2672019949073.4106,3074.8910397241907,0.0017968184316189007,0.14936395196531746,1.0000032618302652
5891,2674416519680.908,3075.199212678275,0.001797542645770156,0.14936410901401465,1.0000031830771443
5892,2676811775050.175,3075.508530138993,0.0017982684473165135,0.1493642116973721,1.0000030812963085
5893,2679205420516.974,3075.819533966582,0.0017989969541013118,0.14936425375712142,1.000003000062051
5894,2681597732453.8394,3076.130147164098,0.001799723588307692,0.14936424685366786,1.0000029476672017
5895,2683989436768.3037,3076.4399002855466,0.0018004474483829696,0.14936419926687036,1.000002913806431
5896,2686381178665.432,3076.748787488752,0.0018011686059536082,0.14936411465657337,1.0000028642901173
5897,2688773068726.724,3077.057672631362,0.001801888961037565,0.14936398802495232,1.0000028092039974
5898,2691165217366.2627,3077.368027374209,0.0018026118379989237,0.14936381429113524,1.0000027070235085
5899,2693556824292.518,3077.679321071941,0.0018033359918471473,0.14936359332853738,1.0000026524493701
5900,2695948621202.076,3077.9900212031202,0.0018040579556043786,0.14936333032479981,1.0000026149409784
5901,2698341155312.441,3078.3007797340483,0.0018047792761840694,0.14936302612318303,1.0000025622114441
5902,2700734356678.6914,3078.6113771592313,0.001805499447962442,0.14936268115142834,1.0000025184129584
5903,2703128546679.3135,3078.9544520610816,0.0018062855366896074,0.1493619017073739,1.0000014599670588
5904,2705502978746.2544,3079.3130155874524,0.0018071008361109316,0.1493608164626772,1.0000014616930468
5905,2707872073833.609,3079.663539541089,0.0018078977359843496,0.14935973985527476,1.000001492966113
5906,2710238064962.161,3080.007836067559,0.0018086804811787518,0.1493586721517704,1.0000014942130733
5907,2712601995360.4165,3080.3475148286116,0.0018094526031825998,0.14935760357351838,1.000001513073278
5908,2714965277936.6006,3080.6810143417115,0.001810210899560225,0.1493565538383319,1.0000015723796287
5909,2717329845876.563,3081.00504729906,0.001810948523563338,0.14935555985334423,1.0000016836029257
5910,2719698278213.8633,3081.325318363842,0.001811677909634655,0.14935458190759046,1.0000017136488548
5911,2722070159124.1377,3081.6425606810176,0.0018124005082464742,0.14935360900600672,1.0000017391631162
5912,2724445999217.272,3081.959643146886,0.0018131228185586236,0.14935263102470267,1.000001701145536
5913,2726824851066.1836,3082.275992553511,0.001813843477866121,0.14935164742909418,1.000001678435236
5914,2729207065320.717,3082.591345495447,0.001814561907677004,0.14935066000413932,1.0000016728702494
5915,2731593113112.7163,3082.9034381887304,0.0018152732649739142,0.14934968894677728,1.00000170447176
5916,2733984169485.84,3083.2153434141846,0.0018159841926302155,0.14934870998402155,1.0000016758686179
5917,2736379283192.0005,3083.527883536974,0.0018166964474906314,0.14934771569240846,1.0000016346442995
5918,2738778071929.0376,3083.8411408572115,0.0018174101537658035,0.14934670316729015,1.0000015972598753
5919,2741180443246.247,3084.15320965289,0.001818120771208461,0.1493456704577163,1.00000158865218
5920,2743587122072.8115,3084.466367625142,0.0018188335494599892,0.14934461264598162,1.000001536105059
5921,2745997137093.0664,3084.7807245129507,0.001819548636594664,0.14934352511995463,1.0000014749500377
5922,2748410080553.2666,3085.0966862434725,0.0018202668022074056,0.14934240008288455,1.0000014201374112
5923,2750825787547.7344,3085.4120343041145,0.001820983063647513,0.14934124788817996,1.0000013946475046
5924,2753244923670.5083,3085.7278649547693,0.0018216999211942315,0.14934006499194652,1.0000013496314513
5925,2755667100834.646,3086.0436769750677,0.001822416183700821,0.14933885109410228,1.0000013096180382
5926,2758092442511.407,3086.3595720651324,0.001823131989373263,0.14933760205065863,1.0000012799027977
5927,2760521184703.715,3086.6745514518598,0.0018238449739571695,0.1493363177461879,1.0000012515121723
5928,2762953581749.2397,3086.991463523063,0.0018245615577578767,0.14933498545534074,1.0000011695704774
5929,2765388300905.601,3087.312759006658,0.0018252868921877162,0.14933357871635858,1.0000010479856136
5930,2767823773131.2886,3087.6356075510894,0.0018260146667475503,0.14933211298583468,1.0000009794391838
5931,2770260777670.7417,3087.9606841087116,0.0018267463033686592,0.14933058104121863,1.000000877213182
5932,2772698355891.389,3088.289230880245,0.0018274843095734542,0.14932896509122542,1.0000007600752225
5933,2775135681233.4336,3088.620353444629,0.0018282265161184013,0.14932726283505585,1.0000006489076676
5934,2777572547032.892,3088.9562217363305,0.0018289777703043553,0.14932546223653262,1.0000004716934285
5935,2780006906265.0103,3089.2970585144185,0.00182973838193489,0.1493235541101342,1.0000003260938737
5936,2782438665217.059,3089.642816907752,0.00183050852142102,0.1493215496336207,1.0000001335218816
5937,2784866177273.2925,3089.9942997384956,0.0018312895733939114,0.14931942734973724,0.9999999525757226
5938,2787288930359.2085,3090.3489873633703,0.0018320755991436757,0.14931718837102576,0.9999997994012043
5939,2789707283873.595,3090.705055325487,0.0018328630270831182,0.14931486336149383,0.999999709658505
5940,2792122682210.2603,3091.0532419725982,0.0018336314547431742,0.1493125163891755,0.9999997418134504
5941,2794539537631.23,3091.406203512985,0.0018344084936671827,0.14931004934550343,0.9999995927763794
5942,2796953875231.816,3091.7639486776093,0.0018351940646421639,0.14930745789380218,0.9999994105365105
5943,2799364339251.878,3092.1271943581323,0.0018359897004644452,0.14930473485936244,0.9999992250786571
5944,2801770164528.972,3092.495237577298,0.0018367939239501043,0.14930188775763661,0.9999990400504785
5945,2804170826601.394,3092.8678226248826,0.001837605883111919,0.1492989063908665,0.9999988483433987
5946,2806565793175.8813,3093.2470437653537,0.0018384304305874859,0.14929578539843394,0.9999986164756958
5947,2808953493921.01,3093.631924903931,0.0018392650108737644,0.1492925148432449,0.9999983940096352
5948,2811333590789.6963,3094.023689303319,0.0018401123747459897,0.1492890879363788,0.9999981315017102
5949,2813704614395.7764,3094.4225867322702,0.0018409728925984994,0.14928549515596934,0.9999978689066472
5950,2816065909547.374,3094.780267735171,0.0018417461703853103,0.1492823318576691,0.9999985367747831
5951,2818443626339.6934,3095.141965261971,0.001842527599982856,0.1492791022466101,0.9999984517282405
5952,2820823444265.5435,3095.5057027499406,0.0018433125906354242,0.14927581080125835,0.9999983663042464
5953,2823204710480.9805,3095.8711040349203,0.0018441002461945801,0.14927245742629136,0.9999982888716827
5954,2825587342668.4907,3096.2383288492106,0.001844890905526044,0.14926904036248853,0.9999981942894828
5955,2827970735392.999,3096.607788740182,0.0018456853888258549,0.14926555302141933,0.9999980956574211
5956,2830354494266.3057,3096.979137483589,0.0018464829170798788,0.1492619971834029,0.9999979992843855
5957,2832738438879.329,3097.3513005759974,0.0018472811534148027,0.1492583819204689,0.9999979337250549
5958,2835123235456.1045,3097.724107802562,0.0018480797632424225,0.14925471013073752,0.999997845443229
5959,2837508459231.74,3098.099131975129,0.001848882070867986,0.1492509644691024,0.9999977402630795
5960,2839893501892.381,3098.47595532481,0.001849687133335975,0.1492471470391034,0.999997640152836
5961,2842278294069.009,3098.854437039359,0.0018504946066591338,0.1492432574674461,0.9999975406675459
5962,2844662727170.393,3099.234503936076,0.001851304346808632,0.14923929694503163,0.9999974371633403
5963,2847046611801.0366,3099.616797693316,0.0018521177628846338,0.14923526040565768,0.9999973220028635
5964,2849429471582.24,3099.9989396517817,0.0018529295334207324,0.1492311624744134,0.9999972610935829
5965,2851812777639.4956,3100.3822835067604,0.0018537425536867065,0.1492269894731598,0.9999971653124129
5966,2854195831851.42,3100.767159592332,0.0018545576139421002,0.14922274139530026,0.9999970692776889
5967,2856578558480.606,3101.1526866158265,0.0018553729157364215,0.14921843069572552,0.9999969772142222
5968,2858961104804.275,3101.5401237140186,0.0018561914221142536,0.14921405534416987,0.9999968744936033
5969,2861343089070.3037,3101.928419326678,0.0018570103712274625,0.14920960546481493,0.9999967872924409
5970,2863724945298.132,3102.3175917415356,0.0018578298078669928,0.14920508112297612,0.999996699988007
5971,2866106778779.9795,3102.707504966578,0.0018586494814355735,0.14920048536367078,0.9999966173870785
5972,2868488807633.891,3102.964972514944,0.001859192370911296,0.14919751130349984,0.9999995125014348
5973,2870971198010.32,3103.20128328066,0.0018596955176464988,0.14919497315705357,0.9999997550153643
5974,2873501702326.19,3103.441171921046,0.0018602091187306996,0.14919250655443866,0.999999901064301
5975,2876074179059.528,3103.6861240346225,0.0018607358323323876,0.14919007496926673,1.0000000050517877
5976,2878684435255.9204,3103.9360376136974,0.0018612749811764732,0.14918766073449588,1.0000000764270944
5977,2881328457879.901,3104.191689934718,0.001861827826476526,0.1491852393534156,1.0000000764204673
5978,2884000512315.383,3104.455310011893,0.0018623988375205307,0.1491827752500234,1.0000000389355246
5979,2886695228721.668,3104.7268545285947,0.0018629872147292992,0.14918024010526715,0.9999999600756585
5980,2889407166326.098,3105.0026317177276,0.0018635844518552624,0.1491776477478129,0.9999999027668266
5981,2892134512362.3804,3105.2836796681427,0.001864192587963069,0.14917497979906016,0.999999813484415
5982,2894873492470.256,3105.5693948803337,0.0018648099070778374,0.1491722253219486,0.999999723329804
5983,2897621887781.34,3105.8584411965876,0.0018654330201823262,0.14916937693080806,0.9999996099679108
5984,2900377195583.7725,3106.1544109831616,0.0018660698399861298,0.14916640571802237,0.9999994579891873
5985,2903135359012.3,3106.4452720998856,0.0018666940123401737,0.14916341388360416,0.9999994951840042
5986,2905905652594.7734,3106.7400801837803,0.0018673252595759553,0.14916031995168247,0.9999993782236741
5987,2908680846504.8013,3107.038761588741,0.0018679631056464445,0.149157111819845,0.9999992497621598
5988,2911458957005.764,3107.3413769931253,0.0018686078157537443,0.14915379409730647,0.9999991012210098
5989,2914237862292.6978,3107.6491261735614,0.0018692621149774835,0.1491503601765999,0.9999989244577177
5990,2917014755259.8135,3107.9616533393278,0.0018699250522565094,0.1491468060352326,0.9999987492961723
5991,2919788468587.6436,3108.276432833147,0.0018705906281842185,0.149143134667236,0.9999986279050831
5992,2922561194763.4517,3108.590619104572,0.0018712523769043915,0.14913936141494813,0.9999985230848549
5993,2925334594012.4824,3108.9134750984776,0.0018719308200440404,0.14913541521973023,0.9999982695410989
5994,2928100014848.659,3109.2373297970257,0.0018726091606321097,0.1491313626637079,0.9999981484104357
5995,2930863331007.1865,3109.5614998793244,0.001873285953227175,0.14912721180343988,0.9999980361169056
5996,2933625822372.1772,3109.886407531882,0.0018739619690602324,0.14912295292687888,0.9999979154421159
5997,2936387694342.927,3110.2118059741983,0.001874636727740752,0.14911859066253122,0.9999978096105254
5998,2939150166569.3667,3110.5376539590507,0.001875310220663519,0.14911412870706375,0.9999977086742262
5999,2941914002684.0117,3110.8667750023933,0.0018759889436437739,0.1491095546251642,0.9999975413523565
6000,2944675679667.3535,3111.1973594098376,0.0018766688485597999,0.1491048809521855,0.9999974203803778
6001,2947437232951.8945,3111.5295711213253,0.001877350232995057,0.1491001038031189,0.9999972912020882
6002,2950198410928.849,3111.8623190474673,0.0018780304745404256,0.14909522363726485,0.999997200543491
6003,2952961459144.475,3112.195645123667,0.0018787097595586192,0.1490902439137268,0.9999970771881511
6004,2955725320955.1113,3112.529958941136,0.0018793889579130597,0.1490851599718479,0.999996974534527
6005,2958491176515.635,3112.865852294392,0.0018800693571437298,0.14907996622661845,0.9999968471660698
6006,2961257862260.0747,3113.2033275015833,0.001880750927404692,0.14907466128826477,0.9999967268723574
6007,2964025681980.5527,3113.542551375618,0.0018814339158475944,0.1490692389916962,0.9999966040492398
6008,2966794507954.2666,3113.884178873102,0.0018821197397024658,0.1490636927654657,0.9999964633898076
6009,2969563183961.4146,3114.2279766644574,0.001882808133867848,0.14905803442501317,0.9999963271990318
6010,2972331679320.3657,3114.5734055847724,0.0018834977980784833,0.14905226410295883,0.9999962015148455
6011,2975100543983.011,3114.9259397985466,0.0018842006430385425,0.14904632903664744,0.9999959598657129
6012,2977862320040.7417,3115.280599776324,0.00188490578988888,0.14904027526104444,0.9999958073495292
6013,2980621026690.6045,3115.636212114382,0.0018856105739279512,0.1490341097168931,0.9999956800494028
6014,2983378532842.083,3115.992930071322,0.0018863151547434402,0.14902782411663526,0.9999955440149222
6015,2986134959292.007,3116.350554450826,0.0018870192617977631,0.14902142689607414,0.9999954205213905
6016,2988891375157.3667,3116.710791946559,0.0018877266452345684,0.1490149029438134,0.9999952632315294
6017,2991645962909.648,3117.0728298728964,0.00188843554148524,0.14900826034601442,0.9999951204381768
6018,2994399438220.134,3117.434842269734,0.0018891418501673365,0.1490015119623753,0.9999950522170559
6019,2997156361364.4526,3117.791503077018,0.0018898338141521524,0.14899470351141025,0.9999950055746145
6020,2999920469687.5186,3118.1523066872433,0.0018905326017330333,0.1489877622658159,0.9999948527423226
6021,3002685640008.6147,3118.5166282258992,0.0018912367107492233,0.14898068862840547,0.9999946972411033
6022,3005450643633.7236,3118.8849248463853,0.0018919471429409665,0.14897347827553326,0.999994521099514
6023,3008213437053.8887,3119.257126541003,0.0018926637394582797,0.1489661315233888,0.9999943381824441
6024,3010972799565.499,3119.634001177989,0.0018933883765946673,0.14895864873454748,0.9999941295792607
6025,3013726372960.783,3120.014664858727,0.0018941189791574096,0.14895103253564704,0.999993930945563
6026,3016474059197.5376,3120.402498231192,0.001894863180369315,0.1489432600851613,0.999993672935074
6027,3019211234663.0996,3120.7910766035243,0.0018956064733248988,0.1489353743666299,0.999993502597669
6028,3021942990331.7183,3121.177325737461,0.0018963420496302674,0.14892740150486156,0.9999934231994729
6029,3024676116414.3853,3121.5640428182687,0.0018970753193667642,0.14891928724738082,0.9999932844192972
6030,3027408747589.8066,3121.9565977132406,0.0018978185185320772,0.14891099952845693,0.9999930606287467
6031,3030135222772.835,3122.351518727671,0.0018985643882054816,0.14890258460739797,0.9999928869174116
6032,3032857855427.9897,3122.748470549117,0.0018993121481340036,0.14889404386807503,0.999992730673965
6033,3035577815603.587,3123.1455371361053,0.0019000571246677992,0.14888537689832257,0.9999926075960835
6034,3038297791016.8525,3123.543038503867,0.0019008002115773555,0.14887658835633394,0.9999924773260772
6035,3041018149274.576,3123.949553394256,0.0019015605654770051,0.14886761061749215,0.9999922010175278
6036,3043728954863.121,3124.3575378612845,0.0019023219909693908,0.14885852845315162,0.9999920279594786
6037,3046435433951.0215,3124.7661732276815,0.0019030821936126788,0.1488493301614788,0.9999919001672576
6038,3049140908338.0156,3125.1738637837834,0.0019038375657715542,0.1488400268284527,0.9999917741761329
6039,3051846795422.508,3125.581865369474,0.0019045910484916694,0.14883061398419364,0.9999916688087694
6040,3054554969375.856,3125.990016833145,0.001905342365991941,0.14882109633054527,0.999991536085803
6041,3057264609004.3613,3126.401687703929,0.0019060988996510465,0.14881144137030802,0.9999913669034103
6042,3059973110377.8257,3126.8165529561097,0.0019068599432618461,0.14880165240887272,0.9999911911910073
6043,3062679473125.576,3127.233762535209,0.001907623688241636,0.1487917397478559,0.9999910252263915
6044,3065384001809.2236,3127.648146541372,0.001908378632357889,0.148781746875825,0.999990978241221
6045,3068094881356.059,3128.0642610480418,0.0019091344668665604,0.14877161834308048,0.9999908444471385
6046,3070807868660.4653,3128.480060710697,0.001909886706199289,0.1487613740341342,0.9999907317114712
6047,3073524625509.817,3128.899571822823,0.0019106447883438765,0.14875099869862451,0.9999905610743376
6048,3076241106271.8496,3129.322420610022,0.0019114076937563802,0.14874048810592277,0.9999903830438778
6049,3078956047954.0713,3129.748452010451,0.0019121750417804833,0.14872984213032503,0.9999902131610269
6050,3081669322467.2705,3130.1785282206583,0.0019129486484054494,0.1487190493868937,0.9999900094842578
6051,3084378276978.351,3130.61002122218,0.001913722749762004,0.14870813550393247,0.9999898440271114
6052,3087085230761.0977,3131.0429424583326,0.0019144967830093864,0.14869707760428552,0.9999896844332745
6053,3089791010632.5747,3131.4783014290556,0.0019152731972965668,0.14868587498953004,0.9999895125557711
6054,3092494905738.332,3131.9129281755404,0.0019160452471160948,0.14867456693938144,0.99998942168778
6055,3095202603311.884,3132.3488895863893,0.0019168172455842276,0.148663124727371,0.999989266510838
6056,3097910904493.498,3132.7872263490103,0.001917591673638053,0.1486515458473312,0.999989105870426
6057,3100619181546.4307,3133.2275601560546,0.0019183678005364555,0.14863983790388174,0.9999889459206385
6058,3103327332749.958,3133.669363045636,0.0019191444829830026,0.14862800674640966,0.9999887961000155
6059,3106036075463.5664,3134.119079942713,0.0019199360449040001,0.14861599561064684,0.9999884895800983
6060,3108733980654.5557,3134.5709723500454,0.0019207300006112028,0.14860386526345293,0.9999883253336472
6061,3111429023595.753,3135.0235062319985,0.0019215223055905862,0.14859160475418812,0.9999881671584931
6062,3114122623737.1353,3135.4764088634724,0.0019223123591246914,0.14857921686084893,0.9999880326327771
6063,3116817115655.8506,3135.932015312917,0.0019231052509150867,0.14856667709478402,0.9999878217606654
6064,3119507898859.038,3136.3909643638176,0.0019239025733857127,0.14855398644722012,0.9999876494783984
6065,3122196775266.4663,3136.850507738326,0.0019246980843579977,0.14854116429970013,0.9999874959546076
6066,3124885527390.599,3137.3110996018754,0.001925492734540221,0.1485282044716229,0.9999873542545685
6067,3127575448224.039,3137.772832975271,0.0019262869061430863,0.1485151130210886,0.9999872029359775
6068,3130266341641.5347,3138.2405807633977,0.0019270917415217406,0.14850185820577133,0.9999869614795711
6069,3132951315779.6895,3138.7100449679674,0.0019278974468210888,0.14848846931867674,0.9999867803119398
6070,3135633891307.9297,3139.173293694567,0.0019286862214769312,0.1484750115899454,0.9999867719273275
6071,3138327816186.3896,3139.6400021258064,0.0019294787921845498,0.1484613679805821,0.9999866057151827
6072,3141023592766.908,3140.1102186242056,0.001930276162734685,0.14844757254184054,0.9999864251331407
6073,3143719196608.1777,3140.5857146498047,0.001931082074855683,0.1484336016008405,0.9999861632498358
6074,3146408017058.486,3141.063880341017,0.0019318911518529042,0.1484194951357785,0.9999859966602226
6075,3149095560572.826,3141.543540655776,0.0019327004844216413,0.1484052524762594,0.9999858227554945
6076,3151781897419.501,3142.024983228689,0.0019335105780269352,0.1483908659506352,0.9999856456310746
6077,3154467116896.296,3142.5093013288374,0.001934323900312694,0.1483763270540672,0.9999854519936645
6078,3157150015900.228,3142.9968392785136,0.001935141349918302,0.14836163775112365,0.9999852438301742
6079,3159829300435.505,3143.4865917514753,0.0019359606547822632,0.14834680587239082,0.99998504783407
6080,3162505751868.3154,3143.9790016686784,0.0019367827054551433,0.1483318237858163,0.999984845368018
6081,3165178953069.9727,3144.469345034008,0.0019375970026745109,0.14831673532687098,0.9999847614681787
6082,3167858172617.5684,3144.959616176166,0.0019384073414078725,0.14830149790446667,0.999984621506862
6083,3170541039666.703,3145.453433400955,0.0019392220069432446,0.14828608737985993,0.9999844339537419
6084,3173223810889.3325,3145.948623081974,0.001940036522323896,0.14827053757439695,0.9999842880279108
6085,3175909199238.5317,3146.446926414187,0.0019408543884772856,0.14825481823702186,0.9999840875694309
6086,3178593264829.633,3146.9495773364565,0.0019416787539772722,0.1482389333476747,0.9999838749495205
6087,3181274230228.669,3147.4762887718903,0.0019425511801235838,0.14822261182452545,0.9999829848466419
6088,3183900392638.1553,3148.018730181309,0.001943456985125966,0.14820607707051606,0.999982645688214
6089,3186503262366.9204,3148.551411672598,0.0019443397284324068,0.14818957675503341,0.999982502162108
6090,3189100820486.8594,3149.078027355889,0.0019452062844560096,0.1481730257964567,0.9999823992694937
6091,3191700229393.104,3149.6016818330836,0.0019460632382586273,0.1481563833461598,0.9999823034410321
6092,3194304625235.042,3150.12305635836,0.0019469119861315596,0.14813963883681733,0.9999822152757616
6093,3196916278786.914,3150.6444196049465,0.001947757520234699,0.14812276912021366,0.9999821100997595
6094,3199534911461.4917,3151.1676658627093,0.0019486038995634857,0.14810575059764772,0.9999819489599404
6095,3202156723925.4604,3151.6934526010236,0.0019494527388683209,0.14808858292319785,0.9999817948338159
6096,3204781609057.3228,3152.213748710762,0.0019502857991973584,0.1480713282841566,0.9999818117677576
6097,3207423167250.819,3152.7348581676156,0.001951115879364395,0.14805388075592774,0.9999817103047912
6098,3210074583554.6763,3153.2575085430713,0.001951945368950916,0.1480362628968361,0.999981595275803
6099,3212734519206.5645,3153.7847319416087,0.0019527811664344127,0.14801845171068528,0.9999813853184655
6100,3215394968451.3486,3154.3169448682606,0.00195362480880543,0.14800046631883312,0.9999811798680842
6101,3218054582089.1123,3154.8518971093013,0.0019544709909540365,0.14798231690717084,0.9999809756687121
6102,3220713005113.1045,3155.3902082159198,0.0019553209613219183,0.147963992683316,0.999980755629797
6103,3223368730973.2144,3155.9318682348967,0.001956174649452806,0.14794549196511908,0.9999805312292098
6104,3226021108062.559,3156.4775573426004,0.0019570334218934867,0.14792680270072556,0.9999802808420936
6105,3228667854645.8604,3157.026764419441,0.0019578963118813317,0.14790793629005458,0.999980043755946
6106,3231309649307.3203,3157.583076417139,0.0019587720102609853,0.1478888848631761,0.9999797039021515
6107,3233937916819.443,3158.1487801795743,0.0019596655544179987,0.14786962410989243,0.9999792906782236
6108,3236545638808.677,3158.720035444957,0.0019605687828049114,0.14785020543839683,0.999978934755797
6109,3239136310331.772,3159.294663684482,0.0019614766579975264,0.14783064274874497,0.9999786036929175
6110,3241712288120.591,3159.8743800379116,0.0019623930289176484,0.1478109205330259,0.9999782489908103
6111,3244272217285.5825,3160.4596636880883,0.0019633189152794563,0.14779103224530432,0.9999778826568317
6112,3246815295211.619,3161.0603668649546,0.0019642761575919486,0.1477708781430574,0.9999772887245156
6113,3249324672886.8125,3161.6638775161077,0.001965238674308004,0.14775065578899033,0.9999768929003418
6114,3251813340743.67,3162.271578613948,0.001966207908500373,0.147730290081032,0.9999764998967515
6115,3254282752686.923,3162.884787963426,0.0019671868359750137,0.14770976958155702,0.9999760899319966
6116,3256732483224.0127,3163.5039575760984,0.0019681766022006724,0.1476890948981114,0.999975670747492
6117,3259162296474.735,3164.094029466354,0.0019691025818820394,0.1476687399964502,0.9999760367004519
6118,3261625654354.0103,3164.6913438820457,0.001970037117952608,0.147648026684211,0.9999758606850218
6119,3264093105361.1963,3165.2902778300454,0.0019709715391373673,0.14762715481459,0.9999757389841224
6120,3266566793044.503,3165.8922929007736,0.0019719085085826028,0.14760608794350769,0.9999755663253747
6121,3269043150717.7983,3166.5000667665026,0.001972854154657532,0.14758480581716582,0.9999753132404308
6122,3271515945286.237,3167.1080657593106,0.0019737966868292158,0.14756338330213953,0.9999752082536428
6123,3273994515630.3535,3167.718080351161,0.0019747389133907617,0.1475417587730161,0.9999749947498962
6124,3276472544718.3496,3168.332305504862,0.0019756874567790498,0.14751997529917107,0.9999747692791158
6125,3278948433930.1333,3168.9483667374234,0.001976636554428621,0.14749803888871563,0.9999745478778014
6126,3281422371784.886,3169.568407692464,0.0019775907980218088,0.14747592141989535,0.9999743045086074
6127,3283892598970.969,3170.192216038869,0.001978549962600889,0.1474536342963066,0.9999740469846966
6128,3286357842440.7744,3170.81911967889,0.0019795125961738925,0.14743118597725202,0.9999737974790078
6129,3288818495854.0337,3171.4505292811373,0.0019804816744154992,0.14740855613742104,0.9999735096651093
6130,3291271843450.892,3172.08903458791,0.0019814634646960058,0.14738573720698092,0.9999730894068982
6131,3293708587935.407,3172.734519480937,0.0019824586836919363,0.14736276640623194,0.9999727443419134
6132,3296132392259.6514,3173.3796449429715,0.001983450711125608,0.14733970765151772,0.999972511072443
6133,3298551242100.3125,3174.027184192699,0.0019844446509579097,0.1473164931768546,0.9999722141628415
6134,3300962047992.63,3174.6784437507704,0.0019854438991089357,0.14729312783146045,0.9999719175568665
6135,3303364794893.874,3175.33266784222,0.001986446711127439,0.14726961705728586,0.9999716336373774
6136,3305760375448.049,3175.99269037458,0.001987459270316017,0.14724592718957566,0.999971289814566
6137,3308144855963.906,3176.655501147659,0.001988475558278911,0.14722211433497526,0.9999709873843836
6138,3310520763554.802,3177.338095655863,0.001989532620609647,0.14719797424280553,0.99997033877843
6139,3312865299210.9224,3178.0180723708104,0.0019905843162893737,0.1471738749891015,0.9999699841289619
6140,3315196061650.3745,3178.6996939383152,0.001991637212834107,0.14714966469017307,0.9999696385030524
6141,3317514945896.52,3179.3861691179072,0.0019926981721400364,0.14712529979131564,0.9999692688098561
6142,3319820961665.602,3180.079587497123,0.0019937726746964107,0.14710078906222213,0.9999688236625991
6143,3322109711979.8535,3180.777288042793,0.0019948554630896276,0.14707618448514578,0.9999684281185391
6144,3324383940875.8965,3181.478000263955,0.0019959430559886304,0.14705147509217095,0.9999680643618386
6145,3326645862547.8867,3182.183049869595,0.001997038127616562,0.14702663678724198,0.999967677538685
6146,3328894602186.3784,3182.892429005797,0.0019981411259988287,0.1470016866742224,0.9999672958552906
6147,3331130561348.6577,3183.605953243716,0.001999251549971432,0.14697662322125157,0.99996691771581
6148,3333354113848.372,3184.323049947799,0.0020003680707743705,0.14695145035433707,0.999966561582224
6149,3335566630301.5913,3185.0395281509896,0.002001480911555898,0.14692619580455576,0.9999663053229884
6150,3337773921431.52,3185.758047893482,0.002002595051074122,0.14690079711194093,0.9999660385710828
6151,3339976102752.214,3186.481107987912,0.0020037163174249106,0.14687523766649715,0.9999657293276142
6152,3342171050607.393,3187.205127489744,0.002004837202036005,0.14684957240859894,0.9999654711265549
6153,3344361528719.098,3187.9340491907133,0.0020059659649391214,0.14682374060957468,0.9999651578583298
6154,3346544790906.871,3188.6669739377294,0.0020071010971424745,0.1467977698069328,0.9999648355097642
6155,3348720225924.123,3189.406051632884,0.00200824750644507,0.1467716414258479,0.9999644105680732
6156,3350882589908.4766,3190.1575603352694,0.0020094197393035833,0.14674530884176465,0.9999639381765484
6157,3353028467959.2544,3190.9050876754623,0.0020105819526701103,0.14671897285188448,0.9999636314012117
6158,3355166563439.408,3191.6548826356056,0.0020117467089854984,0.14669251744986722,0.9999633241435103
6159,3357297573655.9004,3192.407042297608,0.002012914193463603,0.14666594053598508,0.9999630245744219
6160,3359422143597.3555,3193.16308057569,0.0020140876753947682,0.14663922214627587,0.9999627033239189
6161,3361539372625.416,3193.9102027811728,0.0020152388636471077,0.14661250778877105,0.9999627767090712
6162,3363668731027.54,3194.66136388431,0.0020163931177468405,0.14658553121593987,0.9999625344986044
6163,3365796720841.085,3195.417149851026,0.0020175543827439225,0.14655838220084672,0.9999622799271403
6164,3367922005670.6606,3196.176514167015,0.002018720492485091,0.14653107806267487,0.9999620258681405
6165,3370044209061.249,3196.9406791969877,0.0020198943093926724,0.14650361061309244,0.9999616388505801
6166,3372156859571.7686,3197.7190581696464,0.0020210980688854675,0.14647592316464764,0.9999611098712697
6167,3374252004922.4,3198.497652347458,0.002022301961503642,0.14644821744148065,0.9999607384407205
6168,3376336835139.9194,3199.278367742349,0.0020235085236275916,0.1464204107862474,0.9999603955776097
6169,3378413213148.029,3200.043908681007,0.002024680260273814,0.14639273019126028,0.9999607919835246
6170,3380516677290.919,3200.6118213404266,0.0020254207088979304,0.14636754010448635,0.9999650598823963
6171,3382894697588.142,3201.2606653019416,0.0020262856823701297,0.14633945119357347,0.9999654309977284
6172,3385354620676.8125,3201.937681196247,0.002027197072752704,0.14631046681410317,0.9999654793263102
6173,3387853047994.665,3202.6289203776128,0.0020281294729754475,0.14628094484471146,0.999965367225936
6174,3390370121651.3706,3203.329385886126,0.0020290747864354468,0.14625104990733445,0.9999651936708588
6175,3392897457431.251,3204.0365334055778,0.0020300282456389056,0.14622084267220367,0.9999649359275125
6176,3395426258228.456,3204.7463807702425,0.0020309824391336693,0.14619041990377368,0.9999646837490794
6177,3397956395927.986,3205.46241474963,0.002031944750724124,0.14615972946374778,0.9999643676604413
6178,3400481807556.785,3206.1834450204465,0.0020329137790724944,0.1461288296336001,0.9999640261297932
6179,3402999802276.8765,3206.908125985445,0.002033886848334735,0.1460977470179894,0.999963691744916
6180,3405510963347.864,3207.6357799330467,0.0020348620508289675,0.14606647501621425,0.9999633869472754
6181,3408018049152.749,3208.382514331151,0.0020358745064021594,0.14603480711389982,0.9999626723800541
6182,3410484989993.655,3209.1286514302806,0.002036889177372481,0.14600327759000728,0.9999622267000805
6183,3412934300994.376,3209.8769444582654,0.0020379067403187494,0.14597166003240483,0.9999618192871557
6184,3415370052446.6064,3210.627598650607,0.0020389265195621896,0.14593991165442205,0.9999614433281264
6185,3417795377639.8057,3211.266083031798,0.0020397006138636034,0.14590957398537266,0.9999652076774287
6186,3420639023362.1196,3211.850816660193,0.002040269212333765,0.1458767801425502,0.9999664755053809
6187,3423773717028.786,3212.506074179004,0.0020409276888183284,0.14584080563251892,0.9999665140583945
6188,3427004723732.811,3213.193438563045,0.002041629753663051,0.14580348717536826,0.999966207411369
6189,3430251829193.4263,3213.8952687170204,0.0020423516783114816,0.14576557951640243,0.9999657923941379
6190,3433489986658.564,3214.6097154510744,0.0020430949005158777,0.14572730216140656,0.9999652483627438
6191,3436692511204.644,3215.3325903895384,0.0020438559319108946,0.14568891056928282,0.9999646678479829
6192,3439852718721.5903,3216.058723322501,0.0020446246343297976,0.14565051184493127,0.9999641244175441
6193,3442978465729.9956,3216.7906230163903,0.0020454046409539104,0.14561200808997626,0.9999635839369684
6194,3446071430439.2676,3217.5261547207806,0.0020461907918091094,0.14557340890965575,0.9999630813679825
6195,3449139045518.8643,3218.253159349666,0.0020469550602754245,0.14553481775222535,0.9999628707144715
6196,3452233954062.4297,3218.992600948057,0.0020477303517380347,0.14549550885474005,0.9999624410460664
6197,3455318152459.383,3219.7412523058265,0.0020485191755395386,0.1454558638094803,0.999961917045036
6198,3458374661242.419,3220.497172439962,0.0020493216291707778,0.14541606166568471,0.9999613849421787
6199,3461402793110.9136,3221.2556805762815,0.002050127865386749,0.14537617580542841,0.9999608983046
6200,3464410635498.3726,3222.0191987817516,0.0020509413150882417,0.1453361093686728,0.9999604027804014
6201,3467397171089.4077,3222.791177663337,0.0020517700821807133,0.14529583833486892,0.9999598245534765
6202,3470349432669.651,3223.565529447994,0.002052604362418775,0.14525556450350877,0.9999593243350726
6203,3473280500585.7886,3224.343086834182,0.0020534424822778686,0.1452151536222003,0.9999588502619006
6204,3476194805695.505,3225.12184633011,0.002054278755427774,0.14517458530049374,0.9999584551443284
6205,3479104868342.254,3225.9066853270915,0.0020551206507699133,0.14513368469713273,0.9999580091226198
6206,3482003134825.577,3226.6971561650694,0.0020559691335059796,0.14509252657322444,0.9999575559539411
6207,3484888958441.026,3227.4931727856037,0.0020568247448685536,0.1450511380601919,0.9999570719137476
6208,3487757924686.7856,3228.2928945370386,0.002057684540553457,0.1450095810309587,0.9999566048827981
6209,3490612835833.3394,3229.096497271363,0.0020585478490422362,0.14496781626697883,0.9999561550544294
6210,3493456545273.8203,3229.899580472771,0.0020594045453826005,0.14492588270439202,0.99995580484785
6211,3496303551013.4717,3230.7123693230105,0.002060272772205078,0.14488350156180155,0.9999553221301042
6212,3499135263396.8447,3231.5309211247513,0.0020611496404764023,0.14484092530811818,0.9999548247364886
6213,3501949991360.0806,3232.3233652914632,0.002061964627809151,0.14479853340613727,0.9999552843646907
6214,3504892574012.2427,3233.1395184109056,0.002062783769446819,0.14475418275143323,0.9999548923165512
6215,3507833704503.742,3233.9708509560323,0.0020636285636029955,0.14470939368378452,0.9999543132997605
6216,3510746007013.235,3234.808232701775,0.0020644864651821276,0.1446645436551222,0.9999537315097913
6217,3513630311061.4136,3235.650774877183,0.002065355019360471,0.14461962608171436,0.9999531352664149
6218,3516485078509.5405,3236.5050470233905,0.002066249817684878,0.1445745994712774,0.9999523420912302
6219,3519282900152.1245,3237.359932124133,0.0020671551525797546,0.1445299070808125,0.9999516954470999
6220,3522046589002.256,3238.2150542812506,0.0020680627197706865,0.144485291625196,0.9999511644605308
6221,3524792019684.72,3239.0732379054893,0.0020689740068803694,0.1444405529856928,0.9999506664137074
6222,3527523618046.046,3239.9398935077793,0.002069899811642723,0.14439558569172137,0.9999500886425793
6223,3530231478311.956,3240.8065551435834,0.0020708247109294674,0.14435060651889645,0.9999495883757276
6224,3532925401161.7554,3241.6821787403082,0.0020717654849057945,0.14430540257321164,0.9999490309794195
6225,3535599182064.7095,3242.54996423634,0.002072687445459129,0.14426026168084308,0.9999487024419659
6226,3538280281492.6772,3243.42486958475,0.00207361400757789,0.14421466816267858,0.9999483091131037
6227,3540961482839.713,3244.3031964302404,0.0020745393787005217,0.14416875017251118,0.999947948370578
6228,3543647170077.3857,3245.176504563962,0.0020754437605389827,0.14412257060262978,0.9999477195165286
6229,3546353580181.99,3246.067257238241,0.002076370483095858,0.1440756395628231,0.9999472049231962
6230,3549046088191.0527,3246.9644345781217,0.002077307424494692,0.1440285154395773,0.9999466488729767
6231,3551720061633.627,3247.8656904886902,0.002078251154755921,0.14398128762162818,0.9999460941607657
6232,3554376141845.0684,3248.761431710515,0.002079179986795618,0.14393405559163688,0.9999459347653982
6233,3557064476937.5986,3249.6525686955692,0.0020800781395079473,0.14388619321067636,0.9999457652072059
6234,3558423116268.848,3250.1053042013596,0.0020805336211343886,0.14386185804623494,0.9999454662777875
6235,3558454959378.175,3250.1159482852663,0.002080544341440703,0.14386128639020798,0.999945362316162
6236,3558466900544.172,3250.119939684161,0.002080548357013758,0.1438610718747992,0.9999453383150751
6237,3558469139512.796,3250.120688070158,0.0020805491097570963,0.14386103164722297,0.999945334374137
6238,3558469979126.03,3250.1209687148303,0.0020805493920238614,0.14386101656147862,0.9999453329345062
6239,3558470608835.955,3250.121491922385,0.00208055211550283,0.14386106440207486,0.9996338839225668
6240,3558471081118.399,3250.1218988411692,0.002080553376240577,0.1438610719661834,0.9994036804102042
6241,3558471435330.2324,3250.1222106130294,0.002080553898790398,0.1438610624320948,0.9992331167323647
6242,3558471568159.6694,3250.122329054693,0.0020805540156135153,0.14386105598576235,0.9991695072249901
6243,3558471767403.826,3250.1225085227593,0.0020805540696735045,0.14386104196707888,0.9990693899770166
6244,3558472066270.0605,3250.1227841076393,0.0020805538873754003,0.14386101126795764,0.9989203469102311
6245,3558472514569.4116,3250.123203413826,0.0020805529865391267,0.14386094300385377,0.9986994777140872
6246,3558473187018.4385,3250.123817096583,0.002080550109982479,0.1438607892261935,0.9983745361524424
6247,3558473439186.823,3250.124045714689,0.0020805487260965217,0.14386072114268902,0.998254164848854
6248,3558473817439.4014,3250.124388684416,0.002080546201672331,0.14386060350447544,0.9980755745178471
6249,3558473959284.118,3250.1245162207406,0.00208054515310411,0.14386055596223005,0.9980090333335492
6250,3558474172051.1924,3250.124706934524,0.0020805434323144384,0.1438604795865407,0.997903987948856
6251,3558474491201.805,3250.1249933652157,0.0020805405231456233,0.14386035365177574,0.9977478003008285
6252,3558474730564.764,3250.1252075220696,0.0020805381202890754,0.14386025161975116,0.9976316001341196
6253,3558475089609.2026,3250.1255244816443,0.002080534084817046,0.1438600840428029,0.9974591150548175
6254,3558475358892.5317,3250.125757648894,0.0020805307657517725,0.14385994865181947,0.9973309741348501
6255,3558475762817.5254,3250.126094945925,0.0020805252180921834,0.14385972699359595,0.997141113835208
6256,3558476065761.271,3250.1263375942353,0.0020805206727455058,0.14385954836696588,0.9970002979920898
6257,3558476520176.8887,3250.126700237849,0.0020805132437558254,0.14385925942136701,0.9967921325859554
6258,3558476860988.602,3250.1269639624556,0.002080507219202417,0.1438590277879304,0.9966379330015936
6259,3558476988792.9946,3250.1270608567684,0.0020805048750242986,0.1438589381649015,0.9965804626644827
6260,3558477180499.584,3250.1272036605938,0.0020805012331034703,0.14385879961069958,0.9964892942006387
6261,3558477468059.467,3250.127413842198,0.0020804954933504828,0.14385858256314152,0.9963536506021613
6262,3558477899399.292,3250.1277198130574,0.002080486264437443,0.1438582364041829,0.9961527776473997
6263,3558478546409.029,3250.128148365035,0.0020804710041123454,0.14385767086729917,0.9958573873154826
6264,3558478789037.6807,3250.1283009418753,0.002080464969615998,0.14385744872770365,0.9957479150968318
6265,3558479152980.6577,3250.1285160185384,0.002080455459232544,0.1438571008817059,0.995585598280312
6266,3558479425937.891,3250.128667157943,0.002080448019308978,0.14385683027812,0.9954651231977771
6267,3558479835373.7407,3250.1288889874613,0.002080436372913836,0.14385640798352958,0.995286882347978
6268,3558480449527.5146,3250.1291936592415,0.002080417694906643,0.1438557352453798,0.9950247401555331
6269,3558480679835.1797,3250.12929952666,0.002080410420275865,0.1438554743621081,0.9949275671532197
6270,3558480852565.9287,3250.1293749795095,0.002080404847189088,0.14385527499977754,0.9948551721322814
6271,3558481111662.052,3250.1294814593866,0.002080396261252087,0.1438549687245628,0.9947397909175216
6272,3558481500306.237,3250.1296285269136,0.002080382881996304,0.14385449313154583,0.9945687223172311
6273,3558482083272.515,3250.129820137035,0.0020803616981926103,0.14385374375826526,0.9943167663849208
6274,3558482957721.932,3250.130027177571,0.0020803273951244075,0.1438525394242761,0.9939493625628667
6275,3558484269396.057,3250.1301606703887,0.0020802705327169924,0.14385056160503604,0.9934220390587802
6276,3558484497723.525,3250.1301752874965,0.0020802602649821673,0.14385020530412465,0.9933319155174452
6277,3558484840214.727,3250.1301846551505,0.002080244498723601,0.14384965935469532,0.9931982782067134
6278,3558485097083.129,3250.1301824315638,0.002080232429387904,0.14384924225145587,0.9930990752732142
6279,3558485482385.731,3250.130160024885,0.0020802138576263224,0.14384860210955375,0.9929522130069561
6280,3558486060339.6333,3250.1300873598248,0.0020801849313345495,0.14384760839909772,0.9927184597507999
6281,3558486927270.4873,3250.129897486039,0.0020801391893346143,0.14384604363682227,0.9923774601530719
6282,3558488227666.769,3250.129406761671,0.002080065331783493,0.14384353334761746,0.9918879018616377
6283,3558490178261.1914,3250.1282922808687,0.0020799438296965037,0.14383943079278297,0.9912018113813474
6284,3558490404151.272,3250.128144301686,0.002079929297541038,0.14383894140115053,0.9911243531706572
6285,3558490742986.392,3250.1279073108813,0.0020799071688096674,0.143838197211901,0.9910095636014253
6286,3558490997112.732,3250.1277191078348,0.0020798903520719836,0.14383763237924024,0.9909243966656179
6287,3558491378302.2417,3250.1274160333796,0.0020798647081739494,0.14383677248282942,0.9907983972179433
6288,3558491950086.5063,3250.1269201139817,0.002079825290068873,0.1438354533556579,0.9905948857339651
6289,3558492807762.904,3250.126091091887,0.0020797640655711865,0.1438334096506701,0.9902983605065019
6290,3558494094277.5,3250.124641457187,0.002079667587925961,0.1438302017897428,0.9898732886242219
6291,3558496024049.395,3250.1221372751597,0.0020795136808518864,0.1438251012011108,0.9892788416246602
6292,3558497817736.4326,3250.1193458994458,0.0020793615019133378,0.14382008558036144,0.988765759312582
6293,3558499694533.5054,3250.115945235485,0.00207919259001692,0.14381454497536364,0.9882080143907567
6294,3558499941598.0522,3250.115476351873,0.002079169912878295,0.14381380219696396,0.9881364483329793
6295,3558500312194.872,3250.1147563509057,0.0020791355579463217,0.14381267776429532,0.9880305595241096
6296,3558500590142.487,3250.1142051654224,0.0020791095676122896,0.14381182767079967,0.9879521135172975
6297,3558501007063.9087,3250.113370187612,0.0020790702486118795,0.1438105417103778,0.987836351718326
6298,3558501632446.042,3250.1120989516144,0.0020790104715756198,0.1438085867860889,0.9876667917142347
6299,3558501866964.342,3250.11161495857,0.0020789878690757437,0.14380784788836584,0.9876040817179159
6300,3558502218741.792,3250.1108768077,0.0020789536907896773,0.14380673111397244,0.9875112759799222
6301,3558502746407.967,3250.1097394577764,0.002078901801979291,0.14380503710636908,0.987374867583947
6302,3558503537907.2295,3250.107959722187,0.002078822573105279,0.14380245429888858,0.9871764657755295
6303,3558504725156.123,3250.105110694034,0.002078700625379107,0.14379848847884244,0.9868925626252788
6304,3558506506029.4644,3250.1004014899236,0.002078510895363052,0.14379234253497342,0.9864965879481482
6305,3558508482267.5005,3250.094671627412,0.0020782915659306772,0.14378526265985198,0.9860270928522822
6306,3558510570953.402,3250.0882925753053,0.0020780514753197406,0.14377752155468543,0.9855732772154232
6307,3558512314639.97,3250.0826254576145,0.0020778447284719,0.14377087049252882,0.9852243239380959
6308,3558514128294.1133,3250.0763273773427,0.0020776233783907283,0.14376376960371198,0.9848906755394777
6309,3558516036173.4097,3250.069223995653,0.002077383835797019,0.14375611002622812,0.9845706793354839
6310,3558516287494.712,3250.0682651547845,0.0020773519744458914,0.14375509243216797,0.9845299302043428
6311,3558516664476.666,3250.066808970448,0.0020773039483597423,0.143753559509744,0.984469891735978
6312,3558517229949.5967,3250.064590431223,0.0020772313645529275,0.14375124426899077,0.9843619756229742
6313,3558517442001.9453,3250.063751463427,0.002077204026829942,0.14375037255078407,0.9843220255011227
6314,3558517760080.4683,3250.0624922120005,0.0020771629151663446,0.14374906139484792,0.9842629173040488
6315,3558517998639.3613,3250.0615492455468,0.002077132006212328,0.14374807528474454,0.9842191044600203
6316,3558518356477.7007,3250.06013038466,0.0020770854693846004,0.1437465904926451,0.9841543700684433
6317,3558518893235.209,3250.0579865950676,0.0020770152557323023,0.14374435050415535,0.9840594620818479
6318,3558519698371.471,3250.0547277624005,0.002076909002217335,0.14374096196246647,0.983921954154151
6319,3558520906075.8647,3250.049726907509,0.0020767475296109665,0.14373581650044356,0.9837263696904925
6320,3558522648942.231,3250.042241535905,0.002076510203452185,0.1437282654151343,0.9834658229256573
6321,3558524501291.9404,3250.033933942611,0.0020762529640397875,0.14372009730379146,0.9832140784293939
6322,3558526451880.9487,3250.0246593015113,0.00207597649369176,0.1437113484408561,0.9829758470950899
6323,3558526708871.498,3250.0234101283463,0.002075939807065438,0.143710189075136,0.9829456761696275
6324,3558527094357.3213,3250.021520906872,0.0020758845930527008,0.1437084449979874,0.982901354376916
6325,3558527672586.0566,3250.0186520406046,0.002075801364081944,0.14370581780396102,0.9828369477019165
6326,3558527889421.833,3250.0175684721007,0.002075770064623386,0.14370483020697472,0.9828132411716727
6327,3558528214675.4966,3250.0159319379773,0.0020757229890004144,0.14370334540586166,0.9827783267878311
6328,3558528458615.745,3250.014707478295,0.0020756876643538455,0.14370223091018594,0.9827525968232774
6329,3558528641570.9307,3250.0137886800644,0.002075661141289772,0.14370139404666657,0.9827335375044419
6330,3558528778787.3203,3250.0130986485024,0.0020756412294516105,0.1437007658006375,0.9827193761552198
6331,3558528984611.904,3250.0120619993827,0.002075611318766508,0.14369982208001367,0.9826907291636771
6332,3558529293348.78,3250.010503047967,0.0020755663501168028,0.14369840328209255,0.9826483007315305
6333,3558529524901.437,3250.0093308458463,0.0020755325541255134,0.14369733702901147,0.9826168565456741
6334,3558529872230.4224,3250.0075665698987,0.0020754817283022277,0.14369573359289853,0.9825704192075791
6335,3558530393223.901,3250.0049062322983,0.0020754051956087733,0.14369331944657457,0.9825024088768596
6336,3558531174714.118,3250.000883115673,0.002075289746115678,0.14368967848570352,0.9824040794538672
6337,3558532346949.4443,3249.9947698395545,0.0020751151412761694,0.14368417422286664,0.9822647643167408
6338,3558534063671.2275,3249.9856301889026,0.0020748564506361165,0.1436760259658537,0.9820778956111038
6339,3558535888281.143,3249.9756674436844,0.0020745780306781476,0.14366726668869254,0.9818992819982543
6340,3558537809003.4844,3249.964712032333,0.0020742808391855734,0.14365794438612128,0.9817327335989116
6341,3558539832745.322,3249.9526534680663,0.002073963456997441,0.14364801950862655,0.9815798970413566
6342,3558540366535.241,3249.9494311111166,0.0020738793008535272,0.14364538989527545,0.9815421773684387
6343,3558541167220.1206,3249.9445806424806,0.00207375276993267,0.14364143656527315,0.9814887799095994
6344,3558542368247.4404,3249.937262282197,0.0020735621966413023,0.14363548313649785,0.9814153841379708
6345,3558543157867.5586,3249.9324083954325,0.002073436420203971,0.1436315558451508,0.9813705662998129
6346,3558544342297.736,3249.925071643743,0.002073246759261126,0.1436256350486923,0.9812639258116999
6347,3558546012255.941,3249.914628389756,0.0020729774077868244,0.14361722798157536,0.9811265756277973
6348,3558547782814.0835,3249.903431979913,0.002072689652213999,0.14360824918792153,0.9809964292680321
6349,3558549644273.918,3249.8915078635277,0.0020723848513165906,0.14359874333662298,0.9808762364975695
6350,3558551603145.099,3249.8787715401013,0.0020720617381981858,0.1435886738427279,0.9807674466106382
6351,3558553667265.8843,3249.8650967177336,0.0020717187602533535,0.14357799788678924,0.9806715687165913
6352,3558554756243.764,3249.8577972286134,0.0020715370070774255,0.14357234460716006,0.9806272021890976
6353,3558556389710.584,3249.846805575095,0.0020712637288435743,0.14356384534608238,0.9805708665709144
6354,3558557913116.044,3249.8365009427257,0.0020710081481781066,0.14355589801799734,0.9805275092852984
6355,3558559499966.4756,3249.825629503899,0.0020707409683776716,0.14354759807623685,0.9804915330560013
6356,3558560331075.386,3249.819884394937,0.002070600710411077,0.14354324403992416,0.9804756926503367
6357,3558561577738.752,3249.8112349886674,0.0020703897326058594,0.14353669493980772,0.980407008371787
6358,3558563323757.6343,3249.7990767590036,0.002070093127280094,0.14352748692450482,0.9803217195946322
6359,3558565177020.566,3249.786119964682,0.0020697771103690516,0.14351767556883357,0.9802443364784477
6360,3558567127727.193,3249.7724104965864,0.0020694432741713313,0.14350731184540175,0.9801770966577505
6361,3558569182947.8633,3249.757867277635,0.0020690903381603777,0.14349635833157456,0.9801214234444227
6362,3558571351170.343,3249.74239415853,0.002068716795601735,0.14348477106143298,0.980078780083592
6363,3558571923800.4683,3249.7382905292297,0.0020686180012796157,0.14348170723181533,0.9800693824748133
6364,3558572138536.7646,3249.7367496124684,0.0020685809375838543,0.1434805579032144,0.9800660749332193
6365,3558572460641.2104,3249.734447068717,0.002068525401983159,0.14347883518359159,0.9800614588356533
6366,3558572702219.545,3249.7327241437456,0.0020684837629825446,0.14347754321237477,0.9800582035022195
6367,3558573064587.0464,3249.7301420503877,0.00206842130655456,0.14347560509233276,0.9800537113264537
6368,3558573608138.299,3249.7262694654773,0.002068327608748848,0.14347269733348278,0.9800478374362275
6369,3558574423465.1763,3249.720454967304,0.0020681870110925518,0.14346833425963107,0.9800409177479972
6370,3558575646455.4937,3249.7117095125586,0.0020679759810974868,0.1434617867399425,0.9800346297230478
6371,3558577168163.415,3249.700778383688,0.002067713198977355,0.14345363652756232,0.9800330838034176
6372,3558578770191.205,3249.689205426661,0.002067436345318585,0.14344505412292685,0.9800383440668382
6373,3558580449154.6914,3249.6770066311446,0.0020671460539557537,0.14343605998672893,0.9800510550931665
6374,3558582210635.595,3249.6642140355816,0.002066841150573398,0.14342661042696336,0.9799988836575159
6375,3558584061180.851,3249.650796574201,0.0020665204372320774,0.14341666648305748,0.9799544465208634
6376,3558586007771.2373,3249.6367009912974,0.002066182759596292,0.14340619264395216,0.9799192122490746
6377,3558588058201.1704,3249.6218510691574,0.0020658267883029995,0.1433951493263981,0.9798945421244795
6378,3558590220942.8853,3249.6061632875003,0.002065451099502373,0.14338349428273955,0.979881830698029
6379,3558591363089.6313,3249.597872445773,0.0020652526597741048,0.1433773378871342,0.9798795537932184
6380,3558593076309.7495,3249.585504853452,0.0020649555991265702,0.1433681172847225,0.9798835238087578
6381,3558594497998.7007,3249.575231441365,0.0020647092578724735,0.14336047185078538,0.9798923084409502
6382,3558595968240.6514,3249.5646042972257,0.0020644546854573973,0.14335257123719902,0.9799066109438318
6383,3558597503868.7437,3249.55347978209,0.002064188962586142,0.14334432669007105,0.9799269740172738
6384,3558599110242.4634,3249.5418147748114,0.002063911230507055,0.14333571210401427,0.9799539265879931
6385,3558600792720.735,3249.5295616994604,0.002063620640833238,0.14332670211257934,0.9799880582683532
6386,3558602557140.655,3249.5166692954413,0.0020633162869646846,0.1433172696375459,0.9800300126486934
6387,3558604409881.0464,3249.503156117283,0.002062996824789645,0.1433073662297869,0.980001352194368
6388,3558606357984.6226,3249.489013863841,0.0020626610751249713,0.14329695151554248,0.979980801294052
6389,3558608408929.1934,3249.4742056717946,0.002062307919004777,0.1432859897092611,0.9799699730993958
6390,3558610571057.765,3249.458653245402,0.0020619360076860258,0.1432744406715638,0.9799703329963155
6391,3558612853408.284,3249.442272807004,0.002061543912204592,0.14326226192812846,0.9799833615100901
6392,3558613456507.508,3249.437945968721,0.002061440356331441,0.14325904521083266,0.9799882830304482
6393,3558613682669.7163,3249.4363235471014,0.0020614015297189176,0.14325783913908333,0.9799903005856216
6394,3558613852291.3726,3249.4351068015385,0.002061372413022102,0.143256934682444,0.9799918874419403
6395,3558614106723.858,3249.433292110072,0.002061328810258863,0.14325557957378662,0.9799944251561131
6396,3558614488372.5854,3249.4305826647224,0.0020612634755779705,0.14325354817847005,0.9799985417917713
6397,3558615060845.677,3249.4265308550252,0.002061165563878913,0.1432505030540121,0.9800054104924784
6398,3558615919555.3135,3249.420469193163,0.002061018854977367,0.1432459392843499,0.9800172405666578
6399,3558617207619.769,3249.4113966326026,0.002060799101375704,0.1432391022314652,0.9800382976234464
6400,3558618623517.2104,3249.401435544286,0.002060557909720689,0.14323159793552837,0.9800655374966755
6401,3558620103901.4707,3249.3910521836187,0.002060306223669859,0.14322376551692986,0.9800983193676055
6402,3558621650766.5625,3249.380210160075,0.002060043728361326,0.14321559715908738,0.9801370983789367
6403,3558623268936.716,3249.3688547184256,0.002059769651997281,0.14320707077249273,0.9801824175808141
6404,3558624963783.227,3249.356942704718,0.0020594831971120797,0.1431981623398365,0.9802348481463602
6405,3558626741179.695,3249.3444267742675,0.0020591835061053504,0.14318884610842497,0.9802950092063156
6406,3558628607544.8047,3249.331343999495,0.002058869299587628,0.14317907420406498,0.9802812415034834
6407,3558630569963.8623,3249.3176891475123,0.002058539440694712,0.14316880741660726,0.9802754727840106
6408,3558632635958.058,3249.303418768843,0.002058192838315513,0.14315801147344004,0.9802793102432104
6409,3558634813913.9487,3249.288471139644,0.0020578282480534487,0.1431466483574152,0.9802941945654021
6410,3558637112921.7935,3249.272806700615,0.002057444424820342,0.14313467804671337,0.980321544750744
6411,3558638327886.673,3249.2645760240885,0.002057241984876819,0.14312836119620637,0.980339892514317
6412,3558638555692.5884,3249.2630336621505,0.002057204045483682,0.14312717729194627,0.9803435649364184
6413,3558638726547.025,3249.26187717293,0.0020571755967847103,0.14312628953274428,0.9803463867453138
6414,3558638854687.852,3249.2610099637795,0.0020571542635781414,0.14312562380951258,0.9803485409456753
6415,3558639046899.0923,3249.2597170189574,0.0020571223236761304,0.14312462660690334,0.9803518586034351
6416,3558639335215.954,3249.2577841146895,0.002057074454614642,0.14312313162904633,0.9803569947794843
6417,3558639767691.2456,3249.254893492883,0.002057002717607807,0.14312089066601966,0.9803650568015694
6418,3558640416404.183,3249.250571028446,0.002056895237520461,0.1431175323014768,0.9803779438907851
6419,3558640659671.5347,3249.2489523971326,0.0020568549565875252,0.14311627352130216,0.980382947416975
6420,3558641024572.5615,3249.246527434254,0.0020567945704410137,0.14311438628407439,0.9803906983481991
6421,3558641571924.1025,3249.242895638942,0.0020567040675203625,0.1431115575164874,0.9804028690739117
6422,3558642392951.4146,3249.2374580571427,0.0020565684789090963,0.14310731908774804,0.9804223225492293
6423,3558643624492.382,3249.229318312092,0.0020563654602116423,0.14310097230661828,0.980454110985286
6424,3558645051772.3525,3249.2199004700833,0.002056130682917522,0.14309363259137792,0.9804945061295735
6425,3558646546527.9463,3249.210047955366,0.0020558853830410766,0.14308596442977428,0.9805406416634866
6426,3558648108346.2417,3249.1997593923315,0.0020556297245196624,0.1430779735701213,0.9805928524192077
6427,3558649741967.7725,3249.1889996240716,0.0020553630443073817,0.14306963995159083,0.9806516441599478
6428,3558651452765.0806,3249.1777295617194,0.002055084600443088,0.14306094110197012,0.9807175702055962
6429,3558652349688.7764,3249.1718190110587,0.0020549389062878847,0.14305639036130854,0.9807535668818604
6430,3558653695074.32,3249.162996502963,0.002054720684679517,0.14304957116120692,0.9807484361135088
6431,3558655580921.478,3249.1507423509743,0.0020544154271567804,0.1430400237013398,0.9807483129656611
6432,3558657584439.274,3249.1378539065086,0.0020540919492877878,0.1430298967929563,0.9807569769738036
6433,3558659694835.896,3249.124395723246,0.002053752156739941,0.1430192509301566,0.9807758354022947
6434,3558661919775.8174,3249.1103520661036,0.0020533951004423016,0.14300805428329003,0.9808062153546945
6435,3558664268458.9854,3249.09572345528,0.0020530197052055906,0.1429962691780818,0.9808494663045271
6436,3558665509677.1597,3249.088041354501,0.0020528218125586877,0.142990053399636,0.9808760914523147
6437,3558665742405.568,3249.0866029288854,0.002052784734467642,0.14298888865693216,0.9808813072629157
6438,3558666091498.179,3249.0844470063253,0.0020527291454886707,0.14298714234669993,0.9808893496819524
6439,3558666353317.6377,3249.0828311876076,0.00205268747226978,0.14298583313970734,0.980895526173076
6440,3558666549682.232,3249.081619935213,0.0020526562278047845,0.14298485153314108,0.9809002395093089
6441,3558666844229.1235,3249.0798181865885,0.0020526094754146477,0.14298338175457045,0.9809074825957736
6442,3558667286049.4604,3249.077127631045,0.00205253943567047,0.14298117907793348,0.9809186870189791
6443,3558667948779.966,3249.07310903063,0.0020524345351914013,0.14297787899714823,0.9809362495579893
6444,3558668197303.9053,3249.071605186051,0.0020523952287575626,0.14297664225127807,0.9809429985480154
6445,3558668570089.815,3249.0693532770183,0.0020523363136150633,0.14297478831427657,0.9809533561151573
6446,3558669129268.678,3249.065982890465,0.0020522480373809373,0.14297201004629245,0.9809694111347282
6447,3558669968036.973,3249.060941294596,0.00205211583301106,0.14296784858199812,0.9809946335414162
6448,3558671226189.417,3249.0534038236533,0.0020519179878099136,0.14296161993618617,0.981034944468931
6449,3558672606572.83,3249.0451593670027,0.002051701506865871,0.142954803879805,0.9810822311173766
6450,3558674047798.2837,3249.036573330291,0.002051476132744187,0.14294770757172648,0.9811348362678428
6451,3558675551636.293,3249.027632874375,0.0020512416845301527,0.14294032577787733,0.9811930949452946
6452,3558677122501.753,3249.018309892258,0.0020509975865497477,0.1429326408480074,0.981257454253287
6453,3558677943901.745,3249.0134398576092,0.0020508702215988354,0.14292863126853553,0.981292259122675
6454,3558678559951.7397,3249.009789431755,0.0020507748361421594,0.14292562861031263,0.9813189192522606
6455,3558678675461.114,3249.009105138691,0.0020507569605217875,0.14292506590645915,0.98132395545149
6456,3558678848725.1743,3249.0080795191466,0.0020507301533377186,0.1429242219902001,0.9813233986673328
6457,3558679108621.266,3249.006543439603,0.002050689954549113,0.14292295631331484,0.9813226516549148
6458,3558679498465.4023,3249.004244705815,0.0020506296838128384,0.14292105825028828,0.981321783641331
6459,3558680083231.6084,3249.000808959282,0.0020505393419469583,0.14291821223930146,0.9813211022596762
6460,3558680960380.9165,3248.995683915775,0.002050403983204718,0.14291394592453419,0.9813215517781684
6461,3558682276104.8794,3248.988061896306,0.0020502013197091482,0.14290755339873246,0.9813256413392007
6462,3558684150043.2695,3248.977335602552,0.0020499134882602382,0.14289846505832537,0.9813385359465033
6463,3558686140523.455,3248.9660828439023,0.0020496087602415018,0.1428888332258146,0.9813606536062442
6464,3558688236010.6084,3248.95436899997,0.002049289085767836,0.1428787199802827,0.9813930722862724
6465,3558690443928.375,3248.9421457053822,0.00204895352553959,0.14286809668633604,0.9814370227697375
6466,3558692773212.877,3248.92935315701,0.002048600951867935,0.14285692912576775,0.9814938126371183
6467,3558695233608.4067,3248.9158442841713,0.0020482299412264344,0.14284518041359606,0.9815649265119568
6468,3558696534639.546,3248.908653535314,0.0020480341262448347,0.1428389843879547,0.9816062915390946
6469,3558696778582.8843,3248.907306898686,0.0020479974458972906,0.14283782366652237,0.9816142631318264
6470,3558697144497.892,3248.905288216331,0.0020479424613999084,0.14283608370356374,0.9816264298712184
6471,3558697693370.4043,3248.902292443247,0.0020478602593076993,0.14283348044508765,0.9816451784767903
6472,3558698516679.172,3248.8978284076024,0.002047737248362558,0.1428295830165785,0.9816743233637437
6473,3558699713667.024,3248.8915864518385,0.002047559476166512,0.1428239318819689,0.9817185445694572
6474,3558700967920.461,3248.8857259013384,0.002047375455330255,0.14281802895931636,0.9817664977154583
6475,3558702271797.133,3248.879645560408,0.002047184709376784,0.14281191045510805,0.9818188853545795
6476,3558703628234.175,3248.8733274506117,0.0020469868739129825,0.14280556520128276,0.981876005576991
6477,3558705040807.109,3248.86675487611,0.0020467815163973686,0.1427989795353865,0.9819381943544098
6478,3558705777113.6997,3248.863329702138,0.002046674695146865,0.14279555424625953,0.9819714975287055
6479,3558706881573.5864,3248.8582235908875,0.002046514711531116,0.14279042198134023,0.9819704890249891
6480,3558708420052.61,3248.8511898258007,0.002046292323786208,0.1427832817472956,0.9819734881472623
6481,3558710042875.743,3248.8438639821356,0.002046058340345195,0.14277576212188867,0.981982197164375
6482,3558711741525.3193,3248.83629353815,0.002045814119277242,0.14276790624017446,0.9819974646112749
6483,3558713521084.9214,3248.828458616862,0.0020455590524693502,0.1427596945564464,0.9820201482192129
6484,3558715387660.2627,3248.820332340965,0.0020452923975985914,0.14275110344723851,0.9820511415284487
6485,3558717347931.153,3248.811879018191,0.0020450133385577435,0.14274210747707372,0.9820913941997416
6486,3558719409177.668,3248.8030576636047,0.002044721000360993,0.14273267960710656,0.9821419163152816
6487,3558721579325.9487,3248.7938249841445,0.0020444144612136524,0.14272279135216248,0.9822037793019865
6488,3558723866994.4873,3248.7841090363504,0.002044092683475985,0.14271241268313464,0.9822781495472754
6489,3558726281538.776,3248.7738662718757,0.00204375467251931,0.14270151255739436,0.9823662122717017
6490,3558728833093.7773,3248.763048181215,0.0020433993948574466,0.14269005899038725,0.982469209555163
6491,3558730182855.624,3248.7573231782653,0.0020432121300055796,0.14268402339014183,0.9825269763845711
6492,3558730435935.97,3248.7562494467697,0.0020431770578088733,0.14268289309806456,0.9825380011742163
6493,3558730815556.4897,3248.75463856593,0.002043124491352742,0.14268119912319818,0.9825547237718569
6494,3558731100271.88,3248.7534301654246,0.002043085094046422,0.1426799296068598,0.9825673884760247
6495,3558731527344.964,3248.7516323440896,0.002043026172030927,0.14267803007953728,0.9825866416602198
6496,3558732167954.5903,3248.7489538924256,0.002042937997392909,0.1426751863958703,0.9826160242775549
6497,3558733128869.03,3248.7449533234694,0.0020428061030659493,0.14267093206293274,0.9826612026215449
6498,3558734315282.8096,3248.7400278753134,0.0020426437920514945,0.1426656965888076,0.9827186648449246
6499,3558735552556.892,3248.734931138828,0.0020424749126380926,0.14266024651001918,0.9827205402959079
6500,3558736837791.598,3248.7296734833385,0.00204229980868689,0.1426545928929681,0.9827257401441839
6501,3558738173904.554,3248.724222645576,0.0020421180660267326,0.14264872407363052,0.9827348746498463
6502,3558739564324.465,3248.7185634542675,0.002041929275282203,0.14264262705010666,0.9827484624510255
6503,3558741012768.234,3248.712772254729,0.0020417332605814765,0.14263628893619515,0.9827669053016039
6504,3558742523279.3774,3248.7068556510253,0.002041529614472463,0.14262969487830132,0.9827907241885664
6505,3558744100260.16,3248.700743948292,0.002041317680209382,0.14262282800875925,0.9828205698065967
6506,3558745748506.323,3248.694414986717,0.0020410969048280958,0.14261567090400154,0.9828570632338766
6507,3558747473243.9976,3248.6878451958896,0.0020408666977119803,0.1426082049417741,0.9829008689108852
6508,3558749280169.075,3248.6810051254897,0.0020406264171809706,0.14260041022396294,0.9829527049599943
6509,3558751175488.8887,3248.673862929646,0.0020403753798967908,0.14259226559806198,0.9830133403243393
6510,3558753165965.849,3248.666403010891,0.002040112912656303,0.14258374882929456,0.983083574117851
6511,3558755258962.875,3248.658582776669,0.0020398382347243038,0.14257483628389453,0.9831642922923328
6512,3558757462488.7734,3248.6503480222696,0.0020395505064859944,0.1425655032764434,0.9832564420003754
6513,3558759785243.945,3248.641653801811,0.0020392488860953902,0.14255572421602633,0.9833610036321799
6514,3558762236664.103,3248.632451918125,0.002038932502363042,0.14254547275540239,0.9834790004047704
6515,3558763531812.399,3248.6275781195673,0.002038766030774456,0.14254008116563516,0.9835438538061928
6516,3558765474534.8423,3248.6203707316677,0.0020385171757634855,0.14253201400695306,0.9835507995496257
6517,3558767592133.612,3248.612679170027,0.0020382469839907453,0.14252324274941527,0.9835670001270205
6518,3558768740759.107,3248.6085451444765,0.002038100776308493,0.14251849363778152,0.9835791188057267
6519,3558769602228.228,3248.605449334405,0.0020379912661106945,0.14251493634396697,0.9835899064682428
6520,3558770894431.91,3248.6009259806056,0.002037827918478879,0.1425096217115535,0.9836093122664492
6521,3558772019961.9937,3248.5970508444416,0.002037686115294768,0.14250500330453478,0.9836288922748349
6522,3558773179010.8486,3248.5931097804014,0.002037540520591795,0.1425002579020319,0.9836517271918582
6523,3558774380189.5503,3248.589069225106,0.0020373900764988438,0.14249535143890188,0.9836781980143442
6524,3558775626367.2,3248.584916526238,0.0020372344612535646,0.14249027375161274,0.9837086073566605
6525,3558776920446.635,3248.5806391155484,0.002037073358196617,0.14248501484500545,0.9837432779170203
6526,3558778265570.0645,3248.576223517765,0.0020369064300376286,0.14247956407906576,0.9837825587119962
6527,3558779665149.129,3248.57165507168,0.0020367333159571474,0.14247391009167046,0.9838268275039264
6528,3558781122891.359,3248.566917832235,0.002036553630166107,0.1424680407563742,0.983876492780814
6529,3558782642828.8833,3248.561994446928,0.002036366960444309,0.14246194314165989,0.9839319956738183
6530,3558784229349.5166,3248.556865927936,0.0020361728663689954,0.1424556034684356,0.9839938118353506
6531,3558785887230.5195,3248.5515115563144,0.0020359708782587715,0.14244900708090028,0.9840624530594528
6532,3558787621674.94,3248.5459087565405,0.002035760496234918,0.14244213842404888,0.9841384686681964
6533,3558789438350.4414,3248.540013649514,0.0020355411374165383,0.1424349809007988,0.9842224706350612
6534,3558791343430.3633,3248.5338086704064,0.0020353122648327174,0.14242751720525001,0.984315072712306
6535,3558793343637.15,3248.5272672998085,0.0020350732929428367,0.14241972910971096,0.9844169365024996
6536,3558794394961.964,3248.523817896651,0.0020349481452770495,0.14241565240656381,0.9844720043265794
6537,3558795183455.5737,3248.521225333816,0.0020348545181136353,0.14241260343635467,0.9845140314828056
6538,3558796366195.989,3248.5173655001745,0.0020347143757653025,0.14240803771987276,0.9845188145641847
6539,3558798140306.6113,3248.511690033331,0.002034504872893246,0.1424012036378973,0.9845313903992958
6540,3558800263962.8027,3248.5050716273463,0.002034255263291185,0.1423930481139299,0.9845550092946007
6541,3558802581647.646,3248.4980015600245,0.0020339842303732304,0.14238418173795922,0.9845913170177979
6542,3558805108222.0527,3248.4904472176104,0.0020336904690088195,0.1423745615170738,0.9846431380191227
6543,3558807859946.5454,3248.482406590773,0.0020333727082562365,0.14236414294372618,0.984713449228798
6544,3558810776850.809,3248.4740295033384,0.0020330383362132404,0.14235317132548617,0.9848028185539803
6545,3558812322498.654,3248.469609791423,0.002032861963845211,0.142347383743711,0.9848551614972939
6546,3558812902116.5957,3248.467954131412,0.0020327959554316054,0.14234521776589498,0.9848755854876532
6547,3558813771543.5083,3248.4655369190878,0.002032697500864966,0.1423419824512366,0.9849073448046554
6548,3558814827647.786,3248.4626646731613,0.002032578437880957,0.14233806533531027,0.9849475499494593
6549,3558815924308.469,3248.459700709204,0.002032455229226726,0.14233401095885687,0.9849911101814273
6550,3558817059240.9585,3248.4566445569353,0.0020323281538664538,0.14232982911675074,0.9850380661594001
6551,3558818234620.419,3248.454944365366,0.0020322006374125985,0.14232551285521253,0.9850869149690406
6552,3558819452941.786,3248.4537230358405,0.0020320702615104136,0.14232105435045345,0.9851390033191162
6553,3558820716902.9927,3248.4524488920497,0.00203193547535494,0.1423164458734893,0.9851952238281231
6554,3558822029429.169,3248.4511150979215,0.002031796027029398,0.14231167918467805,0.9852558520402473
6555,3558823393692.0195,3248.4497144639836,0.002031651649025549,0.14230674552739214,0.9853211842342907
6556,3558824813133.496,3248.4482393698268,0.0020315020571978473,0.14230163559795903,0.9853915385321991
6557,3558826291491.755,3248.44668170374,0.0020313469498320362,0.1422963395180769,0.9854672559270274
6558,3558827832829.465,3248.445032840575,0.0020311860069557883,0.14229084681232992,0.9855487012086319
6559,3558829441564.5728,3248.4433580836867,0.0020310185952387414,0.14228512954984693,0.9855544554870672
6560,3558831122547.327,3248.441689512973,0.0020308442419937666,0.14227916833344142,0.9855658058983785
6561,3558832880931.9473,3248.440027848117,0.002030662540084706,0.1422729488055915,0.9855837848250586
6562,3558834722437.9795,3248.4383500494114,0.002030472976477895,0.14226645497603682,0.985609373931451
6563,3558836653253.2334,3248.436683500129,0.002030275156656875,0.14225967058499778,0.9856434864096835
6564,3558838680108.1045,3248.4350203567164,0.002030068554629421,0.14225257784748535,0.985687110953855
6565,3558840810321.0767,3248.4333460534303,0.0020298525987941683,0.14224515796327,0.9857412834712814
6566,3558843051843.4355,3248.4317234964046,0.0020296269127780572,0.14223739218172865,0.9858069844713284
6567,3558845413304.185,3248.4300510850726,0.0020293906372770326,0.14222925923056096,0.9858854610657317
6568,3558847904051.0034,3248.4282968285424,0.002029143101010573,0.14222073831949583,0.985977903090954
6569,3558850534192.0454,3248.4264289480525,0.002028883631753649,0.14221180859679652,0.9860855323411523
6570,3558853314631.3154,3248.4244127165407,0.002028611558406444,0.14220244949772856,0.9862095929472507
6571,3558856257098.566,3248.4222112083667,0.0020283262265730195,0.14219264122409098,0.9863513306994162
6572,3558859374171.2534,3248.4197863153454,0.0020280270176123564,0.14218236532237255,0.9865119659594935
6573,3558861026729.195,3248.4184623226643,0.0020278694718842095,0.1421769584480453,0.9866005323259952
6574,3558863505566.1084,3248.4165964939457,0.0020276344084031736,0.1421688812013688,0.9866133518385631
6575,3558864021270.8745,3248.416221957472,0.0020275856061415525,0.14216720307344036,0.9866169537640654
6576,3558864794828.0244,3248.415751432031,0.0020275129047074725,0.14216469545003624,0.9866233763544973
6577,3558865793280.807,3248.4151895982704,0.0020274193647230824,0.1421614651798,0.9866334727454782
6578,3558866829650.2725,3248.414590665496,0.0020273224273039546,0.14215811896283215,0.9866460930794984
6579,3558867900368.2876,3248.4140166246625,0.0020272226064071515,0.14215466938469468,0.9866613352408411
6580,3558869007254.114,3248.413466757894,0.0020271197624715178,0.142151111607453,0.9866794310310992
6581,3558870152433.129,3248.412940227433,0.002027013732325854,0.14214743997508833,0.9867006260481105
6582,3558871338203.7866,3248.41243585078,0.0020269043409932215,0.14214364844693322,0.9867251810121977
6583,3558872567049.3174,3248.4119519418487,0.002026791400810417,0.14213973058058868,0.9867533741566166
6584,3558873841655.1655,3248.411486241389,0.002026674710530432,0.1421356795064158,0.9867855033303704
6585,3558875164928.2466,3248.4110358788107,0.0020265540545636542,0.14213148790412894,0.986821887932452
6586,3558876540018.05,3248.4105973451033,0.002026429202295035,0.14212714798106432,0.9868628707557443
6587,3558877970339.77,3248.4101664699956,0.002026299907462944,0.14212265145222394,0.9869088197645641
6588,3558879459599.5654,3248.4097383989783,0.002026165907609308,0.1421179895228118,0.9869601297964634
6589,3558881011822.127,3248.4093075757146,0.0020260269236489553,0.142113152874459,0.9870172241452625
6590,3558882631380.5923,3248.4088715702783,0.002025882670287835,0.1421081316954448,0.9870805509100289
6591,3558884323028.939,3248.408425145385,0.002025732839315177,0.14210291561370705,0.9871505924811945
6592,3558886091936.7446,3248.407955276594,0.002025577086179349,0.14209749366130942,0.9872278721286047
6593,3558887943726.45,3248.4074534287915,0.0020254150647117416,0.14209185441791022,0.9873129381111024
6594,3558889884512.8325,3248.406910455114,0.0020252464140520948,0.14208598599823127,0.9874063703130642
6595,3558891920944.4595,3248.4063435603243,0.002025070835804119,0.14207987639969522,0.9875087437909377
6596,3558894060246.9805,3248.4057353833327,0.0020248879243992533,0.14207351288067946,0.9876207099056399
6597,3558896310266.3804,3248.4050592891554,0.002024697242989801,0.14206688240910392,0.987742953850748
6598,3558897494890.1167,3248.4046896665855,0.0020245974409988507,0.142063413293628,0.9878087811597027
6599,3558899271825.7197,3248.404206461137,0.0020244484011412173,0.1420582264920651,0.9878163940686295
6600,3558901172089.5713,3248.403809887436,0.0020242898071202516,0.14205269669112655,0.9878308264629946
6601,3558903222720.666,3248.403520644734,0.00202411966845283,0.14204675219864607,0.9878540685860281
6602,3558905445063.5176,3248.403365830073,0.0020239365533538537,0.14204034035328,0.9878882703475009
6603,3558907863734.443,3248.4033638613696,0.0020237388176197364,0.14203340178594126,0.987935939031013
6604,3558910507828.7803,3248.4035234148114,0.002023524535899667,0.14202586809702972,0.9880000459561721
6605,3558913411808.1245,3248.403842208906,0.0020232914759802894,0.1420176610550977,0.9880841251798845
6606,3558916616462.6475,3248.40430548026,0.002023037088101797,0.14200869234863928,0.9881923655345752
6607,3558920160535.847,3248.4048826611497,0.002022759247605331,0.14199888993571624,0.9883292866650952
6608,3558923929894.3706,3248.4055019349967,0.0020224678480082994,0.14198860721845225,0.9884924820323303
6609,3558924930986.886,3248.4056635568477,0.0020223909576166923,0.14198589399523617,0.9885378727381532
6610,3558925306396.579,3248.405723561445,0.002022362183409108,0.14198487867152187,0.9885551261994419
6611,3558925869511.1196,3248.405864849715,0.002022319383447469,0.1419833638745953,0.9885813184532166
6612,3558926714182.929,3248.4060442741875,0.0020222553355941997,0.1419810998306333,0.9886213605063978
6613,3558927679043.424,3248.4062157244534,0.0020221823969763866,0.14197852433626643,0.988668085828162
6614,3558928676321.158,3248.4063960689464,0.002022107350933554,0.14197587403572318,0.9887173673989964
6615,3558929705185.341,3248.4065824693635,0.0020220302872342023,0.14197315232451493,0.9887692168279315
6616,3558930767316.715,3248.4067737269197,0.002021951114428443,0.14197035609287353,0.9888237670897493
6617,3558931864594.7124,3248.4069679218433,0.002021869728831351,0.14196748186413355,0.9888811643741228
6618,3558932999044.5156,3248.4071635492896,0.0020217860227665116,0.14196452598479828,0.9889415637977624
6619,3558934172848.4863,3248.407361133633,0.002021699888805575,0.14196148463226108,0.9890051278438184
6620,3558935388360.6436,3248.407601711339,0.0020216110300576547,0.14195834379055236,0.9890072038734717
6621,3558936648141.3296,3248.407905854165,0.0020215192520738434,0.14195509482839158,0.9890119673573242
6622,3558937954905.675,3248.4082823284675,0.0020214244219877615,0.14195173230789623,0.9890199298751117
6623,3558939311638.32,3248.408739890488,0.0020213263948343813,0.14194825036668324,0.989031538776399
6624,3558940721554.753,3248.4092864886634,0.002021225013548558,0.14194464278745006,0.9890472378023349
6625,3558942188137.575,3248.4099287079835,0.002021120105120593,0.1419409029114421,0.9890674834435166
6626,3558943715162.259,3248.410671470281,0.0020210114790145213,0.14193702360897395,0.9890927530837825
6627,3558945306724.651,3248.4115179641603,0.0020208989267675643,0.14193299727133682,0.9891235501560053
6628,3558946967270.678,3248.4124696776307,0.002020782222241382,0.14192881581660394,0.9891604078758053
6629,3558948701628.3423,3248.413526474987,0.0020206611223115745,0.14192447070694741,0.9892038920630757
6630,3558950515042.0073,3248.4146866862616,0.002020535367922552,0.14191995297767748,0.9892546031869409
6631,3558952413208.9985,3248.415947198584,0.0020204046855311834,0.14191525327976032,0.9893131775898637
6632,3558954402318.355,3248.4173036541106,0.002020268789468581,0.14191036194526466,0.9893802876666311
6633,3558956489091.563,3248.418730747888,0.0020201273221722668,0.14190526860928623,0.9894566691189149
6634,3558958680824.126,3248.420221561105,0.0020199799812398262,0.14189996323529505,0.9895430589084317
6635,3558960985430.246,3248.421786355111,0.0020198265184796092,0.14189443618761566,0.9896401988148122
6636,3558963411485.1753,3248.423416625447,0.0020196666319675363,0.14188867758042964,0.9897488795027729
6637,3558965968268.6694,3248.4251035092857,0.0020195000301012757,0.14188267791905673,0.9898699046046525
6638,3558968665806.51,3248.426838285757,0.0020193264405189196,0.14187642836944808,0.9900040785507086
6639,3558971514909.157,3248.4286068828296,0.0020191456038114236,0.14186992101706783,0.9901521987990825
6640,3558973021057.675,3248.4295859154595,0.002019050624894335,0.14186649874341464,0.9901520476302362
6641,3558974833291.0054,3248.4308689971467,0.002018936927446395,0.14186239220341249,0.9901571986145307
6642,3558976798346.217,3248.4323916618146,0.002018814435377671,0.14185795564265366,0.9901696540504464
6643,3558978925334.092,3248.4341904262633,0.0020186828609137846,0.14185317573564749,0.9901912846155876
6644,3558981236371.2964,3248.436198308552,0.0020185408847199263,0.14184801194796096,0.9902244016893549
6645,3558983758323.785,3248.436472645917,0.002018382358819876,0.14184241787131702,0.9902738285221928
6646,3558986523071.722,3248.4369415613273,0.002018210526928702,0.14183633902582438,0.9903402471642231
6647,3558989568403.0513,3248.437606287037,0.002018023633409797,0.1418297135523682,0.9904273067938991
6648,3558992939044.1006,3248.438451387251,0.0020178196915753253,0.14182247291108652,0.9905393233352373
6649,3558996687739.1123,3248.439445500971,0.0020175965294477326,0.14181454341978336,0.9906813208922015
6650,3559000876293.1753,3248.440542296143,0.0020173518806287935,0.14180584935885787,0.990859007109825
6651,3559002051333.6016,3248.440842215172,0.002017283877163598,0.14180343306807908,0.9909112675588172
6652,3559002932613.921,3248.441126383876,0.002017233508119664,0.14180163792105818,0.990951298239529
6653,3559003822470.6055,3248.441425586077,0.0020171829423075976,0.1417998345240837,0.9909924533259945
6654,3559004737260.8994,3248.4417361809697,0.002017131230712172,0.14179798983840833,0.9910355107350276
6655,3559005678660.981,3248.4420557078456,0.0020170782925426614,0.14179610123766317,0.9910805834316647
6656,3559006648052.1177,3248.442405024673,0.002017024130297211,0.14179416698711897,0.9911277425812152
6657,3559007646901.6074,3248.442782005753,0.0020169686841267735,0.1417921851670637,0.9911770955556576
6658,3559008676781.2056,3248.443164903424,0.002016911840436332,0.1417901536813811,0.9912287799163971
6659,3559009208078.999,3248.4433602677154,0.0020168826231415082,0.14178910962603597,0.9912557050981144
6660,3559010005025.6885,3248.4436677736207,0.0020168389013592376,0.14178754592861068,0.9912533849901733
6661,3559011102774.8345,3248.4441284977456,0.002016778854765291,0.14178539500036677,0.9912518931450621
6662,3559012245380.178,3248.4446522305743,0.0020167165770021206,0.14178316011170325,0.991252559856565
6663,3559013427323.126,3248.445242533404,0.0020166524146721034,0.14178085313240293,0.9912557269687502
6664,3559014650667.6772,3248.445906033138,0.0020165863036561856,0.14177847122721632,0.9912617061883681
6665,3559015917879.376,3248.4466490734385,0.0020165181610317844,0.14177601092442146,0.991270812472761
6666,3559017231625.405,3248.4474772683548,0.0020164478951885736,0.14177346851033434,0.9912833716348842
6667,3559018594785.909,3248.448395280605,0.002016375405157231,0.14177084002502105,0.9912997247639503
6668,3559020010473.4106,3248.4494067107034,0.0020163005801372784,0.14176812125532579,0.9913202313486833
6669,3559021482054.194,3248.450514054889,0.002016223299406604,0.14176530773530566,0.9913452717266197
6670,3559023013171.6064,3248.451718697359,0.002016143432499464,0.14176239475310407,0.9913752491139591
6671,3559024607771.3496,3248.4530209208533,0.0020160608396088257,0.1417593773641059,0.9914105912954073
6672,3559026270128.896,3248.4544100461503,0.0020159753475343352,0.14175625040582632,0.9914517637895777
6673,3559028004879.033,3248.4558835331377,0.002015886798523519,0.14175300854782247,0.9914992468080408
6674,3559029817047.879,3248.457448281918,0.0020157950540537844,0.1417496463112129,0.9915535360351267
6675,3559031712086.7964,3248.459100339701,0.002015699945664012,0.14174615811100286,0.9916151664552209
6676,3559033695908.6855,3248.460834788918,0.002015601301593462,0.14174253832955522,0.9916846992384503
6677,3559035774926.2524,3248.4626519252565,0.002015498967765831,0.14173878151523284,0.9917627111650313
6678,3559037956092.161,3248.4645449416557,0.002015392773159527,0.14173488223952418,0.9918498099162901
6679,3559040246940.342,3248.46650105888,0.0020152825372567696,0.1417308352601141,0.9919466263406167
6680,3559042655628.7505,3248.4685125790074,0.0020151681077361125,0.14172663588165293,0.9920537929613036
6681,3559045190982.238,3248.4705716595263,0.002015049349852684,0.14172228003842177,0.992171943443921
6682,3559046526758.694,3248.471634840103,0.002014987374235849,0.14172000782364222,0.9922359324938854
6683,3559048530423.378,3248.4733111450378,0.002014894975881487,0.14171661220219078,0.9922281059042221
6684,3559050384282.667,3248.474970835,0.0020148100000635942,0.1417134789984488,0.9922268613872813
6685,3559052367041.6523,3248.476869393757,0.002014719775124648,0.14171014029274098,0.9922325689391045
6686,3559054514336.987,3248.4791083033683,0.0020146230228041,0.14170654226525992,0.992246989309371
6687,3559056850876.963,3248.481777171589,0.0020145190183394014,0.14170265159499423,0.9922722415520553
6688,3559059404859.4385,3248.484843004285,0.0020144066429474425,0.14169843179602037,0.9923109993239031
6689,3559062209695.409,3248.488345143769,0.002014284825724877,0.1416938417503847,0.9923663461347477
6690,3559065305064.534,3248.492315727162,0.002014152344418138,0.1416888356397797,0.9924419618239879
6691,3559068738027.763,3248.4967776584726,0.002014007844111544,0.14168336377804858,0.9925421971654126
6692,3559072564196.096,3248.5017417039962,0.002013849880784413,0.14167737439469255,0.9926721105464329
6693,3559076839462.99,3248.507189966515,0.0020136773816989257,0.14167083126925648,0.9928370415982491
6694,3559081389605.5566,3248.5128098438418,0.002013498651324165,0.1416640537513767,0.9930317127975604
6695,3559083802893.3794,3248.515717737384,0.0020134056276244427,0.14166052765790668,0.9931409120081286
6696,3559085612859.246,3248.517954994436,0.0020133363902740163,0.1416578967932427,0.9931293158773136
6697,3559087439150.803,3248.520310968243,0.002013266940215294,0.1416552480570912,0.9931233017780975
6698,3559089403021.103,3248.5227998091177,0.0020131924067839997,0.14165240886070793,0.9931239567483978
6699,3559091530631.2466,3248.5245990185444,0.0020131097809846167,0.14164934506291516,0.9931340705936325
6700,3559093845957.2954,3248.5267135255276,0.0020130208757809086,0.14164603279149268,0.9931544959159884
6701,3559096377007.6177,3248.529187188914,0.002012924939661913,0.14164244176938867,0.9931877230596928
6702,3559099157046.373,3248.5320602869783,0.002012821101550096,0.14163853782210553,0.9932367391543804
6703,3559102225634.1177,3248.535368962845,0.0020127083748922455,0.14163428306906176,0.9933051169801952
6704,3559102651150.943,3248.53583331823,0.0020126928377684947,0.1416336959032348,0.9933153267351557
6705,3559103289426.1807,3248.5365844626094,0.0020126699302123003,0.14163282439747227,0.9933311865621777
6706,3559104102765.7646,3248.5375559866898,0.002012640904246912,0.1416317183920115,0.9933522901210075
6707,3559104941129.007,3248.538567166997,0.002012611146706045,0.1416305831815485,0.99337502404263
6708,3559105801929.89,3248.5396129538517,0.0020125807565357814,0.14162942268747625,0.9933993769706494
6709,3559106686140.3535,3248.540693115159,0.0020125497095962275,0.1416282360802553,0.9934254306162663
6710,3559107594885.043,3248.5418077747936,0.002012517978859065,0.1416270223976413,0.9934532733801517
6711,3559108529365.115,3248.542957187474,0.002012485536754888,0.14162578064690665,0.9934829985542659
6712,3559109490862.3833,3248.5441416840335,0.0020124523550051447,0.14162450980369695,0.9935147046234899
6713,3559110480745.9253,3248.5454710280997,0.002012418688336348,0.1416232092601682,0.9935483586790204
6714,3559111500479.5015,3248.546848971953,0.0020123842544111045,0.14162187747345337,0.9935841970236661
6715,3559112551629.07,3248.548265928949,0.0020123489961767823,0.14162051327135278,0.9936223490411918
6716,3559113635871.8506,3248.5497224678693,0.0020123128820935593,0.14161911549386322,0.9936629376837054
6717,3559114755005.7207,3248.551219194826,0.002012275879842396,0.14161768295025912,0.9937060928083369
6718,3559115910959.6074,3248.552756759411,0.002012237956424291,0.14161621442204658,0.9937519514945475
6719,3559117105804.847,3248.5543358637938,0.0020121990782978874,0.1416147086670091,0.993800658345089
6720,3559118341767.6406,3248.555957273284,0.0020121592115562585,0.1416131644245048,0.9938523657657876
6721,3559119621242.6465,3248.557621833183,0.002012118322167736,0.14161158042246957,0.9939072342061285
6722,3559120284025.251,3248.558479267455,0.0020120972694797376,0.14161076482890916,0.9939360975313201
6723,3559121278199.1577,3248.559782418198,0.0020120657845367866,0.14160954326182845,0.9939270225887092
6724,3559122653660.7275,3248.561632066867,0.0020120223782336168,0.14160785452598518,0.9939172894663874
6725,3559124092755.876,3248.5636246866675,0.002011977181514671,0.14160609030697155,0.9939107786353959
6726,3559125588141.4014,3248.5657595954426,0.0020119304955557578,0.14160426126157577,0.9939081094426915
6727,3559127143013.136,3248.568049507233,0.0020118822944732457,0.14160236536941195,0.9939097976466814
6728,3559128761196.8403,3248.570506256128,0.0020118325352955608,0.14160040008544794,0.9939163628482768
6729,3559130446840.1914,3248.573140252588,0.0020117811679572417,0.14159836273907858,0.9939283397329133
6730,3559132204428.7534,3248.5759597018814,0.0020117281340315527,0.14159625055763245,0.9939462837903067
6731,3559134038814.9346,3248.5789705604057,0.002011673367759528,0.1415940607063617,0.9939707739081866
6732,3559135955249.324,3248.582176599117,0.002011616797898403,0.14159179034793148,0.9940024134399195
6733,3559137959414.023,3248.5855794948698,0.002011558350145894,0.14158943671974453,0.9940418300014775
6734,3559140057457.971,3248.589179323669,0.002011497951100823,0.14158699723030735,0.9940896734838105
6735,3559142256034.0874,3248.5929770803646,0.0020114355386957163,0.1415844696067516,0.9941466099464403
6736,3559144562338.228,3248.5969691595087,0.0020113710519158046,0.14158185201409135,0.994213324045404
6737,3559146984149.372,3248.601147448501,0.002011304431750273,0.14157914308053807,0.9942905133487415
6738,3559149529871.1475,3248.6055060502736,0.002011235649212699,0.1415763422977129,0.9943788692594268
6739,3559152208574.015,3248.6100385152868,0.00201116470255392,0.14157345016389142,0.9944790700115813
6740,3559155030037.5645,3248.6147383397783,0.002011091625782062,0.14157046844052046,0.9945917658981097
6741,3559155773726.287,3248.6159675889526,0.002011072565773477,0.14156969043818635,0.9946223132091278
6742,3559156889259.3706,3248.6178311289564,0.002011044072721148,0.14156852512961707,0.994610226077856
6743,3559158562558.9956,3248.620690734927,0.002011001518489477,0.1415667780784178,0.9945963736317419
6744,3559160473278.038,3248.6240501349507,0.0020109532653003635,0.14156478686413493,0.9945870727304632
6745,3559162550733.7314,3248.6278178274342,0.002010901306764415,0.1415626296300526,0.9945849174735435
6746,3559164812505.388,3248.632053508564,0.002010845437004858,0.14156029392451064,0.9945919322945677
6747,3559167285907.783,3248.6368287620885,0.0020107852511798926,0.14155775925629413,0.9946105010703872
6748,3559170003930.724,3248.642210700984,0.0020107202503074208,0.1415550022097412,0.9946435082826434
6749,3559173005985.0317,3248.64826936392,0.002010649878015003,0.14155199709351673,0.9946944267071208
6750,3559176339097.9565,3248.6550708834684,0.002010573528959847,0.14154871683218676,0.994767413556211
6751,3559180059242.73,3248.6626746273982,0.002010490593130924,0.14154513477458633,0.9948673719280062
6752,3559184232715.886,3248.671130502958,0.002010400540508161,0.14154122790870957,0.994999945361921
6753,3559188917529.877,3248.680438984455,0.0020103034656734774,0.14153699951658935,0.9951706036228745
6754,3559190136570.6665,3248.682834838828,0.0020102787023056424,0.14153591901026952,0.9952174787367958
6755,3559191965131.851,3248.686480381068,0.0020102417828229717,0.14153430167711104,0.9951961880969248
6756,3559193835696.942,3248.6902950123826,0.0020102042445841223,0.14153264782341496,0.995180569789771
6757,3559195855192.027,3248.6945156293737,0.0020101640801687285,0.14153086613943558,0.9951712802516947
6758,3559198051394.41,3248.6992250538124,0.002010120931827794,0.14152893681414175,0.9951701730029442
6759,3559200451258.575,3248.7045024458207,0.0020100745064214123,0.14152684263010643,0.9951795112667876
6760,3559203086567.3936,3248.7104300711408,0.0020100244695536716,0.1415245646470555,0.9952020330741908
6761,3559205995301.888,3248.717091235446,0.0020099704389072836,0.1415220821471932,0.9952410566272317
6762,3559209222888.018,3248.7245675207155,0.0020099119980854455,0.1415193733632639,0.9953005825888134
6763,3559212823563.385,3248.7329356180157,0.0020098487335914296,0.14151641705634738,0.9953853749838921
6764,3559216861825.23,3248.742263953435,0.0020097803075742374,0.1415131953708943,0.9955009871157542
6765,3559221413871.3716,3248.752613200602,0.0020097065938206493,0.14150969857799062,0.9956536743776971
6766,3559223920696.284,3248.7582300439444,0.0020096673529206624,0.14150782772155462,0.9957453296881582
6767,3559225800814.968,3248.762486014582,0.002009638225434925,0.14150643147731842,0.9957216484636231
6768,3559227695866.625,3248.766858548849,0.0020096090583101396,0.14150502368268933,0.9957042816644437
6769,3559229742705.361,3248.771680201364,0.00200957787832846,0.14150350589687583,0.9956933927136122
6770,3559231972148.5728,3248.7770475725356,0.0020095444069246986,0.14150185989777922,0.9956908759330007
6771,3559234412724.5127,3248.7830495638527,0.002009508449145464,0.14150007107805831,0.9956990907269799
6772,3559237098045.0205,3248.789779153054,0.0020094697878621443,0.14149812369498566,0.9957209077828
6773,3559240068381.114,3248.797331548471,0.0020094281811057946,0.1414960009374749,0.9957598196206765
6774,3559240894292.204,3248.7994420277437,0.002009416765988311,0.14149541519697095,0.995772568426677
6775,3559241513725.5225,3248.801078018969,0.0020094085973419774,0.14149498508960884,0.9957828109767681
6776,3559242260840.048,3248.8030605074123,0.0020093988421221965,0.1414944689402726,0.9957960096782302
6777,3559243028240.921,3248.8051018741594,0.0020093889108165875,0.14149394146298383,0.9958104799376576
6778,3559243814333.3774,3248.8071962754384,0.0020093788268553867,0.1414934039917453,0.995826241917203
6779,3559244619870.313,3248.809344481097,0.0020093685855733113,0.14149285629528513,0.9958433581592044
6780,3559245445703.267,3248.811547594225,0.0020093581824210866,0.1414922981173907,0.9958618952143126
6781,3559246292736.4287,3248.8138068316184,0.0020093476132675616,0.14149172920666878,0.9958819229606406
6782,3559247161929.435,3248.8161234872387,0.0020093368743088745,0.14149114931653076,0.9959035147847366
6783,3559248054301.564,3248.818498917852,0.0020093259620539094,0.1414905582059314,0.9959267477787417
6784,3559248970936.298,3248.8209345370847,0.0020093148733547807,0.14148995564096073,0.9959517029385353
6785,3559249912986.285,3248.8234318141913,0.0020093036054673096,0.14148934139708058,0.9959784653624444
6786,3559250881678.7407,3248.825992275268,0.002009292156134958,0.14148871526197454,0.9960071244493004
6787,3559251878321.317,3248.8286175071325,0.002009280523696957,0.14148807703901753,0.9960377740929637
6788,3559252904308.5015,3248.8313091621867,0.0020092687072181107,0.14148742655142282,0.9960705128726344
6789,3559253961128.579,3248.834068965667,0.002009256706646404,0.14148676364716,0.9961054442335302
6790,3559255050371.215,3248.836898724008,0.0020092445229979586,0.14148608820473946,0.9961426766559994
6791,3559256173735.7285,3248.8398003351863,0.0020092321585751657,0.14148540013999195,0.996182323807439
6792,3559256753387.908,3248.841291757263,0.0020092258460548983,0.14148504798228154,0.9962031918486745
6793,3559257622866.1777,3248.843537454231,0.0020092164026139316,0.14148451989243743,0.9961906914094848
6794,3559258820765.2217,3248.8466574183008,0.0020092034171259035,0.14148379094462807,0.9961757689596863
6795,3559260067802.066,3248.8499368902735,0.0020091899525363248,0.14148303123649714,0.9961631278908901
6796,3559261357879.2485,3248.853364795408,0.0020091761095996485,0.14148224528028225,0.9961532379832758
6797,3559262693185.771,3248.8569516276248,0.0020091619039328424,0.14148143271206554,0.996146446387251
6798,3559264076335.4263,3248.860708572057,0.002009147349791617,0.14148059305983643,0.996143100435318
6799,3559265510144.925,3248.864646439852,0.0020091324611418884,0.14147972587399454,0.996143557023984
6800,3559266997643.229,3248.868775301802,0.002009117250809534,0.14147883072932288,0.9961481862095561
6801,3559268542089.354,3248.873104256604,0.002009101730195397,0.1414779072351358,0.9961573732992904
6802,3559270146991.873,3248.8776412960656,0.00200908590955694,0.1414769550569338,0.9961715200833473
6803,3559271816129.9927,3248.8823932407076,0.0020090697987647484,0.1414759739486456,0.9961910454202263
6804,3559273553576.209,3248.88736572261,0.002009053408460779,0.14147496379490065,0.9962163852328577
6805,3559275363720.7246,3248.8925632017877,0.0020090367515839844,0.14147392466331593,0.9962479918906539
6806,3559277251297.581,3248.8979890086457,0.0020090198452635795,0.14147285686745614,0.9962863328987179
6807,3559279221412.635,3248.903645411323,0.0020090027131049694,0.1414717610414519,0.9963318887807592
6808,3559281279573.3813,3248.909533710295,0.002008985387913257,0.14147063822765055,0.9963851500120046
6809,3559283431720.5977,3248.9156544506613,0.002008967915276281,0.14146948998428222,0.9964466127840563
6810,3559285684268.776,3248.922007747755,0.002008950357887729,0.14146831850931532,0.9965167736536705
6811,3559288044132.182,3248.9285928510453,0.002008932797305063,0.14146712674032713,0.9965961226867712
6812,3559290518758.213,3248.935564909622,0.0020089146745340676,0.1414658814849526,0.9965637983632974
6813,3559292555908.9214,3248.941391824943,0.0020088999167885047,0.14146485444023857,0.9965455198960074
6814,3559294733678.995,3248.947716280147,0.002008884433560815,0.14146375852899848,0.996535110050544
6815,3559297116391.9697,3248.954744512111,0.0020088679633474033,0.14146256658557788,0.9965344920769122
6816,3559299740178.0576,3248.962597844007,0.002008850506150067,0.14146126804708095,0.9965464745006889
6817,3559302645741.082,3248.971398771128,0.0020088320962733425,0.14145985345703954,0.9965745249013263
6818,3559305871383.642,3248.9812409681663,0.0020088128650897134,0.14145831928717606,0.9966226863271902
6819,3559309280414.739,3248.991654808377,0.002008793963862389,0.14145674697045374,0.9966912555686178
6820,3559312878752.9927,3249.002586925661,0.002008775670419872,0.14145515093800612,0.9967813609191917
6821,3559316679563.61,3249.0139962755206,0.002008758301383795,0.14145354591361034,0.9968939735489333
6822,3559318688401.0244,3249.0199641185372,0.0020087498296508174,0.14145272798442415,0.9969590769698758
6823,3559320195029.085,3249.024460194545,0.0020087435890559914,0.1414521167679404,0.9969366989031401
6824,3559322117804.9937,3249.030264418908,0.0020087356938471566,0.1414513333921298,0.9969146247448636
6825,3559324231845.448,3249.036731985408,0.0020087272078448625,0.14145047146051493,0.9968989591430554
6826,3559326547602.3994,3249.0439188450982,0.002008718272313623,0.14144953107664088,0.9968921512819958
6827,3559329096415.895,3249.0519412740405,0.0020087089977274494,0.14144850600770448,0.996896916078792
6828,3559331917436.9106,3249.060929840543,0.0020086995251031815,0.14144738985239547,0.9969165851986418
6829,3559335058119.666,3249.0710225358034,0.0020086900449384887,0.14144617730590606,0.9969552600992162
6830,3559338575852.6357,3249.082359771753,0.0020086808343671918,0.1414448659037187,0.9970179426383501
6831,3559342539840.3003,3249.095078403756,0.002008672328725164,0.1414434590617403,0.9971106189090898
6832,3559347033090.768,3249.109305048613,0.00200866524771867,0.1414419711000312,0.9972402329915858
6833,3559348242655.153,3249.113103684708,0.0020086636764254716,0.14144158505018453,0.997278078416053
6834,3559350057001.7305,3249.118837546149,0.002008661391750508,0.14144100539607724,0.9972511983268387
6835,3559352060927.8745,3249.1252423529804,0.002008658938523503,0.14144036139583274,0.9972289597284941
6836,3559354252467.461,3249.1323348182045,0.002008656457690203,0.14143965655792068,0.997214014250436
6837,3559356659485.589,3249.1402271735024,0.002008654109939044,0.1414388867699038,0.9972088456624487
6838,3559359317805.5503,3249.1490528908075,0.002008652106349853,0.1414380478446178,0.9972164672983742
6839,3559362271011.1885,3249.158957966489,0.002008650718537339,0.1414371366361751,0.997240609284205
6840,3559365572002.807,3249.17009585743,0.002008650303196944,0.14143615234503482,0.9972858742242426
6841,3559369284897.948,3249.1826215845463,0.002008651354514202,0.14143509887643682,0.9973578675200648
6842,3559373487119.141,3249.196684332627,0.00200865460010439,0.14143398886207692,0.9974632554949204
6843,3559375811657.4053,3249.204392864842,0.002008657212409743,0.14143340974520754,0.9975299109161646
6844,3559376683359.255,3249.2072696373416,0.0020086583314926107,0.1414331986999305,0.9975562281629137
6845,3559377337135.6416,3249.209420757997,0.0020086592318184146,0.14143304312662305,0.9975765003778898
6846,3559378317800.222,3249.2126566735938,0.002008660595413315,0.14143280942466735,0.9975610728589815
6847,3559379788797.093,3249.217543693631,0.0020086626423549965,0.1414324560418433,0.9975415851660667
6848,3559381847763.747,3249.224452309547,0.0020086655970288094,0.14143195862576904,0.9975221007611456
6849,3559384137559.0254,3249.2322247985057,0.002008669126739488,0.1414314062521628,0.9975107044224811
6850,3559386664332.821,3249.2409038443075,0.0020086734613964483,0.1414308033002444,0.9975104591181462
6851,3559389466680.6123,3249.2506327862106,0.0020086789417771357,0.14143014928984388,0.9975247893287627
6852,3559392593855.848,3249.2615734177584,0.002008686005343036,0.14142944553810136,0.9975579374965395
6853,3559396105999.4185,3249.2738946326026,0.0020086952238496684,0.14142869747177603,0.9976151365789905
6854,3559400076188.648,3249.287765059526,0.002008707381118926,0.14142791800592697,0.9977027244961432
6855,3559404559482.278,3249.303231121599,0.002008723473917258,0.14142713818917022,0.9978270958758323
6856,3559406943455.491,3249.311492400135,0.0020087323477495644,0.14142673142712858,0.9977930584601504
6857,3559409117706.2285,3249.319109076688,0.002008740521870562,0.14142635614744278,0.9977715251913141
6858,3559411476636.8965,3249.327463634653,0.0020087496190552044,0.14142594913115533,0.9977592296106166
6859,3559414082402.8315,3249.336793190246,0.0020087600950794864,0.14142550578221555,0.9977588813866827
6860,3559416981050.885,3249.3472701006763,0.002008772419682048,0.14142502763321274,0.9977742254845058
6861,3559420226591.6416,3249.3590744375847,0.002008787184122684,0.14142451982267265,0.9978099529090154
6862,3559423884762.0225,3249.3723927387487,0.002008805157509571,0.14142399318613308,0.997871858171618
6863,3559428035520.9697,3249.3874089485003,0.0020088273809373753,0.14142346835779482,0.9979669450831321
6864,3559430315759.5645,3249.3955937197093,0.002008840309973096,0.14142321101251207,0.9980278305768079
6865,3559432025938.5107,3249.401690461561,0.002008850385263183,0.14142303496846545,0.9980774964335016
6866,3559434591206.93,3249.410893862025,0.002008865605274482,0.14142276959672107,0.9980437740522657
6867,3559436811398.789,3249.418937271781,0.00200887886303737,0.14142253612496858,0.9980248127630474
6868,3559439214451.6143,3249.4277276779003,0.002008893454517999,0.1414222845759908,0.9980157519408411
6869,3559441874714.669,3249.437551548071,0.0020089100593283313,0.141422013935552,0.9980193957215059
6870,3559444842207.026,3249.4485973258934,0.002008929293475358,0.14142172948241746,0.9980397246638137
6871,3559448175171.8984,3249.4610600346796,0.0020089519242842743,0.14142144124785574,0.9980817471486371
6872,3559450059963.009,3249.468112235012,0.002008965152919884,0.14142129302138368,0.9981127450757988
6873,3559450413361.342,3249.469434256011,0.0020089676604581525,0.1414212662082309,0.9981190045166164
6874,3559450943458.842,3249.4714673941103,0.002008971794782888,0.1414212347562306,0.9981288027122306
6875,3559451616804.5454,3249.4740490311283,0.0020089770910289117,0.14142119645783988,0.9981419209135469
6876,3559452307144.7686,3249.4766934533345,0.00200898256749096,0.14142115903727315,0.9981561020741551
6877,3559453012527.5747,3249.4793922312597,0.0020089882118163476,0.14142112279343308,0.9981713408944608
6878,3559453733481.706,3249.4821464668744,0.0020089940318261637,0.14142108790564162,0.9981876806475993
6879,3559454470615.727,3249.4849575170088,0.0020090000364548304,0.14142105457021867,0.9982051674585669
6880,3559455224572.1597,3249.487826793508,0.0020090062353518476,0.14142102300385898,0.99822384942969
6881,3559455996028.7437,3249.49075575422,0.0020090126389070654,0.1414209934453053,0.9982437767039453
6882,3559456785700.8047,3249.493745902315,0.002009019258308831,0.14142096615745384,0.9982650015447664
6883,3559457594343.8364,3249.496798787035,0.00200902610561595,0.14142094142982053,0.9982875784159485
6884,3559458422756.276,3249.4999160060274,0.0020090331938434356,0.1414209195813554,0.9983115640593213
6885,3559459271782.5083,3249.5031149177235,0.0020090404628628957,0.14142089698479196,0.9982989093053452
6886,3559460142321.3813,3249.506404613187,0.0020090479010337332,0.1414208724390808,0.9982872755372134
6887,3559461035310.323,3249.5097894938135,0.0020090555229189664,0.14142084607363525,0.9982769096178836
6888,3559461951756.101,3249.513274243958,0.0020090633454375372,0.14142081807615076,0.9982679653474563
6889,3559462892722.156,3249.516863838477,0.0020090713876206043,0.14142078868336913,0.9982605841409572
6890,3559463859336.826,3249.5205635559173,0.002009079670653918,0.14142075818141966,0.9982549064067782
6891,3559464852798.2188,3249.5243789369715,0.0020090882177943086,0.14142072690649432,0.9982510754174142
6892,3559465874379.362,3249.528315715211,0.002009097054210078,0.14142069524525658,0.9982492391476138
6893,3559466925433.815,3249.532379735628,0.002009106206802558,0.14142066363564929,0.9982495513625044
6894,3559468007401.7437,3249.5365768731194,0.0020091157040601246,0.14142063256884913,0.9982521723666635
6895,3559469121816.5005,3249.5409129591785,0.0020091255759808386,0.14142060259292205,0.9982572695683991
6896,3559470270311.7607,3249.5453937196266,0.002009135854079508,0.14142057431848878,0.998265017923656
6897,3559471454629.2515,3249.5500247242526,0.0020091465714864396,0.14142054842658025,0.9982756002846846
6898,3559472676627.118,3249.554811346784,0.0020091577631370285,0.14142052567879043,0.9982892076616315
6899,3559473938288.9727,3249.5597587342745,0.002009169466053013,0.14142050692983488,0.9983060393927345
6900,3559475241733.691,3249.5648717839763,0.0020091817197145367,0.1414204931426531,0.9983263032132192
6901,3559476589226.0103,3249.5701551269526,0.002009194566526896,0.14142048540625507,0.9983502152056104
6902,3559477983187.9688,3249.575613117782,0.002009208052386858,0.14142048495654116,0.9983779996087185
6903,3559479426211.2856,3249.581250153629,0.002009222228154169,0.14142049320030853,0.9984098880737405
6904,3559480921070.7134,3249.5870698511685,0.0020092371484065697,0.1414205117430659,0.9984461201073656
6905,3559482470738.4185,3249.5930755950612,0.002009252873709013,0.14142054242114316,0.9984869415830651
6906,3559484078399.529,3249.599270654855,0.0020092694719337444,0.1414205873379582,0.9985326035432749
6907,3559485747468.803,3249.6057190268257,0.0020092867477802543,0.1414206340497417,0.9985106842985529
6908,3559487481643.491,3249.6124571836795,0.002009304696886665,0.1414206792279816,0.998493743075412
6909,3559489284794.5825,3249.619504322552,0.0020093234230729143,0.14142072485485285,0.9984826810841344
6910,3559491161163.1636,3249.626880549041,0.0020093430471379275,0.141420773430823,0.9984782384625102
6911,3559493115273.145,3249.634605028274,0.0020093637008417073,0.14142082792376418,0.998481134792584
6912,3559495151978.2637,3249.6426952826628,0.002009385524934348,0.14142089176067782,0.9984920865614044
6913,3559497276488.228,3249.6511652556374,0.0020094086648003457,0.14142096884290598,0.9985118106809566
6914,3559499494395.964,3249.6600248618056,0.002009433271370388,0.14142106361733117,0.9985410208933531
6915,3559501811706.588,3249.669279695973,0.002009459503530918,0.1414211811864469,0.9985804211242209
6916,3559504234867.9907,3249.678931069812,0.002009487532352374,0.141421327453896,0.9986306960347431
6917,3559506770803.2075,3249.6889762995716,0.0020095175467973107,0.14142150930021594,0.998692498907829
6918,3559508098873.879,3249.694211970376,0.002009533503691147,0.14142161509157147,0.9987278788891131
6919,3559509094926.8823,3249.6981242771944,0.002009545591995327,0.14142169993485448,0.9987558229475014
6920,3559510589006.388,3249.7040088652475,0.0020095637451180595,0.14142182651932703,0.9987365171949438
6921,3559512726694.437,3249.7124822022943,0.00200958973470947,0.14142200352367124,0.9987171042936158
6922,3559515127459.5527,3249.722067583212,0.002009619077761846,0.14142220172596984,0.9987066416827544
6923,3559517801511.551,3249.732822518016,0.0020096521248688668,0.141422428452458,0.9987088546044257
6924,3559520797852.524,3249.7449499258273,0.002009689794411483,0.14142269834997767,0.9987280177194442
6925,3559524150253.077,3249.7585668577553,0.002009732909139016,0.14142303017136112,0.9987690549285693
6926,3559527686381.396,3249.7729164958832,0.002009779605704958,0.14142342421704424,0.9988326661118465
6927,3559531410219.7666,3249.7879300338386,0.0020098302300519204,0.14142389863953944,0.9989198991714761
6928,3559533372204.212,3249.795786718931,0.0020098574223862886,0.14142417153066417,0.9989723949953604
6929,3559536315180.8794,3249.807637315349,0.0020098983664014708,0.14142458061163107,0.9989409695330256
6930,3559538751852.2676,3249.817527120175,0.0020099323953495086,0.1414249170447181,0.9989274930412215
6931,3559541400311.7896,3249.8283544157575,0.0020099696977401087,0.14142528702883655,0.9989265595494399
6932,3559544364192.2773,3249.840548553129,0.002010012022553518,0.14142571471958085,0.9989419627210511
6933,3559547711778.1187,3249.854376571489,0.0020100607483748696,0.14142622536385613,0.9989790716691812
6934,3559551523002.9,3249.8701116861366,0.0020101175783399905,0.14142685508281427,0.99904469188931
6935,3559555737035.954,3249.8873858203565,0.0020101822228674807,0.14142762570514042,0.9991428444082598
6936,3559556856913.6987,3249.891953230781,0.0020101996322901324,0.14142784060193547,0.9991719829383392
6937,3559558536730.3154,3249.8988265632793,0.0020102257804698828,0.14142816220282345,0.999151351896453
6938,3559560788564.4053,3249.9081007360674,0.002010260873670192,0.14142858949222453,0.9991328565101686
6939,3559563322964.318,3249.918612404805,0.0020103005677858878,0.14142907090006596,0.9991246280503872
6940,3559566162650.0137,3249.930469646969,0.002010345475548176,0.14142961856488437,0.9991308712083857
6941,3559569366043.7637,3249.943914907341,0.002010396881763958,0.1414302565678606,0.9991566140192416
6942,3559573008440.019,3249.959228428758,0.0020104564803942303,0.1414310200864687,0.9992082666412496
6943,3559577106958.488,3249.97638850912,0.0020105251547587965,0.14143194205718213,0.99929197362678
6944,3559579286161.4814,3249.9854614620167,0.0020105622761644884,0.14143245804355678,0.999344988953404
6945,3559580103362.604,3249.9888527929425,0.0020105762975850283,0.14143265604161798,0.999366203526693
6946,3559581329164.2876,3249.993950521112,0.0020105973444441215,0.14143295261733044,0.999351322765594
6947,3559583167866.814,3250.0016338671057,0.0020106289213634504,0.14143339450315703,0.9993348172078355
6948,3559585603454.7505,3250.0118731503762,0.0020106708752769186,0.1414339788844187,0.9993240928593684
6949,3559588361260.4844,3250.0235389431377,0.0020107187204186075,0.1414346462780885,0.999326563569705
6950,3559591473766.377,3250.036772578855,0.0020107733568367862,0.14143541602493248,0.999347191466537
6951,3559595012481.725,3250.0518528437965,0.002010836497143103,0.14143632407433512,0.99939212589893
6952,3559599023391.8486,3250.068896758841,0.0020109095492538364,0.1414374097308713,0.9994680922319782
6953,3559603289784.833,3250.0868518805605,0.0020109890956297614,0.1414386443820912,0.9995742299884667
6954,3559605556442.0693,3250.0964014733827,0.002011031600406338,0.14143930794425724,0.9995520898925306
6955,3559607961986.235,3250.1065959240136,0.002011076799973978,0.14144001011683568,0.9995398439807066
6956,3559610642050.385,3250.1180190935534,0.002011127437084517,0.14144079652452815,0.9995399393121024
6957,3559613661279.7373,3250.1309523641175,0.0020111850371957144,0.1414416963054818,0.9995567883787988
6958,3559617091888.8384,3250.1456891612092,0.0020112514078687834,0.14144274746235203,0.9995961772530915
6959,3559621016705.563,3250.1625221383997,0.0020113287323822843,0.14144400126621057,0.9996653627386934
6960,3559625192692.7197,3250.1802928092925,0.0020114127483412798,0.14144540864507546,0.9997636191836069
6961,3559627411150.5137,3250.189750417598,0.0020114576215041974,0.14144616322700362,0.9997418212785383
6962,3559629863816.1904,3250.200270210753,0.002011507332439388,0.14144699542230554,0.9997291805312353
6963,3559632611853.1885,3250.21212634324,0.0020115633264114812,0.14144793217210352,0.9997293618053978
6964,3559635717817.7363,3250.2255933785636,0.002011627198416534,0.1414490056400946,0.9997471370107539
6965,3559639258795.6904,3250.240985156316,0.0020117009890832124,0.1414502602303658,0.9997887169863159
6966,3559643224292.3154,3250.258185165124,0.0020117850336120505,0.1414517178371666,0.9998596888042832
6967,3559645333143.0312,3250.2672946719795,0.002011830259950281,0.1414525148953773,0.9999056043988929
6968,3559646914781.068,3250.2740994684546,0.0020118644537280316,0.14145312468237164,0.9999438043497334
6969,3559649287238.123,3250.2843416089595,0.002011915840561526,0.14145403967074865,0.9999224124458935
6970,3559651797757.4277,3250.2952410450052,0.002011970329087874,0.14145500644481018,0.9999119073161553
6971,3559654608777.829,3250.307508864265,0.0020120316552543036,0.14145609443125662,0.9999149671655908
6972,3559657795696.047,3250.3214741572765,0.0020121017997801827,0.1414573445930941,0.9999365838220692
6973,3559661443949.8257,3250.337481098024,0.0020121831219496933,0.1414588098765815,0.9999833859304914
6974,3559665431895.3706,3250.354912040774,0.0020122734193450385,0.14146046659153036,1.000058647347833
6975,3559667552260.84,3250.364133680452,0.0020123219596096757,0.14146137005687015,1.0001066471284012
6976,3559670732809.044,3250.3780291759294,0.002012394970279055,0.14146272674505686,1.000081757976262
6977,3559673466516.635,3250.390044077331,0.00201245791326367,0.14146389320458871,1.000075476638464
6978,3559676486883.0903,3250.403381429112,0.0020125278799137726,0.14146519135122546,1.000085339669626
6979,3559679929676.4463,3250.418626914382,0.0020126084058361077,0.14146669444273516,1.0001170209471588
6980,3559683799323.5293,3250.4357455503714,0.002012700108263803,0.14146842718055921,1.0001763890637556
6981,3559687917123.7583,3250.4538418651023,0.0020127992133635226,0.14147033484721563,1.0002638670770534
6982,3559690106743.4907,3250.4634785053295,0.0020128521220351176,0.14147135534452784,1.0002447591009254
6983,3559692678103.8657,3250.4748533516363,0.002012914355430781,0.14147255217947938,1.0002344396341054
6984,3559695594761.878,3250.4878173644356,0.002012985261348656,0.14147391538273058,1.0002383895686282
6985,3559698924422.6704,3250.50277116571,0.002013067103020838,0.14147548958345416,1.0002621620912524
6986,3559702707089.0093,3250.519762235996,0.002013161123169791,0.14147731427800184,1.000312328622951
6987,3559706734097.3867,3250.5377638844802,0.0020132625908961042,0.1414793125634928,1.000389711726313
6988,3559707804789.194,3250.5425327623598,0.0020132897448187624,0.1414798515312198,1.000413146512627
6989,3559709410826.9043,3250.5497006736155,0.0020133305073926303,0.14148065980667898,1.000398728247697
6990,3559711819883.4697,3250.5604990900174,0.0020133917056230533,0.1414818700348527,1.0003870276248903
6991,3559714675846.8022,3250.5733559793466,0.0020134644984208592,0.14148330838628664,1.0003879562291347
6992,3559717947790.232,3250.5881326846857,0.002013548436463438,0.14148497111007882,1.00040775029951
6993,3559721677189.7124,3250.6049838636873,0.0020136450573225214,0.14148689872213635,1.0004529107224498
6994,3559725648559.9126,3250.622855657059,0.002013749223928388,0.14148900244520068,1.0005245280120991
6995,3559726704634.891,3250.6275929510457,0.0020137770887906307,0.14148956895521625,1.000546388279005
6996,3559728288747.3594,3250.634713637229,0.0020138189161948167,0.14149041847438237,1.0005324007118748
6997,3559730664916.0615,3250.6454397346583,0.002013881709486491,0.14149169061785616,1.0005208785102986
6998,3559733581679.3677,3250.6586671222044,0.0020139590464677516,0.141493255851101,1.0005219022523815
6999,3559736944647.332,3250.673968636729,0.0020140487844434595,0.14149507604822806,1.00054263570137
7000,3559740702177.421,3250.6910653700565,0.0020141499856278825,0.14149714250378057,1.000588579977936
7001,3559744702740.862,3250.7091831949083,0.002014258985664664,0.14149939385563062,1.0006610126879236
7002,3559745767327.916,3250.7139876863016,0.002014288153202209,0.1415000000756601,1.0006831019504674
7003,3559747364208.4966,3250.7212065198705,0.0020143319338840277,0.141500909362592,1.0006704515790463
7004,3559749759529.3677,3250.7320735792446,0.0020143976557120474,0.1415022716496531,1.0006610852551914
7005,3559752708181.5107,3250.7454965567536,0.0020144788029460015,0.14150395312955494,1.0006647597972704
7006,3559756118174.4614,3250.761051328193,0.0020145732099102363,0.1415059146155683,1.0006886218465008
7007,3559759867662.999,3250.7781390657487,0.002014677938803357,0.14150810501770122,1.0007370001234548
7008,3559763859964.1006,3250.7962338640164,0.002014790679920257,0.14151048896658913,1.0008111896633654
7009,3559765986578.987,3250.8058812911167,0.002014850908256993,0.14151176411071573,1.0007963096645138
7010,3559768732581.5166,3250.818387091828,0.002014928786682981,0.14151341015303287,1.0007899811837118
7011,3559771907256.9653,3250.8328896019752,0.0020150191712324833,0.14151532142661022,1.0008000610205772
7012,3559775527799.1177,3250.849446043759,0.002015122953974452,0.14151752422738273,1.000832839517221
7013,3559779386189.4795,3250.867047573426,0.002015234588805267,0.14151991159752378,1.0008901778717605
7014,3559781439996.6807,3250.8763829732743,0.0020152944136137387,0.14152119937744456,1.0009281396352008
7015,3559784520707.484,3250.8904268995097,0.0020153843072823197,0.14152313289538282,1.0009112455847815
7016,3559787543182.657,3250.904257978434,0.0020154727023944975,0.14152503222269247,1.000911163654451
7017,3559790981394.054,3250.9200252253227,0.0020155737462809646,0.14152720694377258,1.0009307782827077
7018,3559794708827.3423,3250.93710716044,0.0020156841067190566,0.1415295941347028,1.00097372279861
7019,3559798678651.5977,3250.955209538808,0.0020158027551369206,0.14153218326589007,1.0010416466192176
7020,3559800795415.143,3250.9648692004484,0.002015866178149509,0.14153356866806097,1.0010283034585388
7021,3559803640753.9023,3250.9778980819333,0.0020159515425237228,0.14153543087985687,1.001023673862565
7022,3559806963903.237,3250.9931510664865,0.0020160516096199275,0.1415376154397977,1.0010366190558537
7023,3559810614357.5024,3251.009893108682,0.002016162187351038,0.14154003914460825,1.001071812480225
7024,3559814504654.9004,3251.027657168414,0.0020162809892587375,0.1415426623612081,1.001131037453428
7025,3559818653693.783,3251.046667114762,0.0020164080815309347,0.1415454678804191,1.001113746429236
7026,3559822105062.021,3251.0625370489865,0.0020165141403127463,0.14154780839667522,1.0011210574565266
7027,3559825756841.622,3251.0793536347783,0.0020166270037114235,0.1415503051429894,1.0011501839525079
7028,3559829642866.126,3251.0972313089487,0.0020167481007755195,0.1415529982752257,1.0012031463396924
7029,3559831715739.183,3251.106729082016,0.0020168130465863577,0.14155445041194878,1.0012387269469978
7030,3559834825048.769,3251.1209990316233,0.002016910596082037,0.14155663107311506,1.0012266448034501
7031,3559837985629.953,3251.1355357874627,0.002017009945171664,0.14155885152359315,1.0012313367634496
7032,3559841487747.745,3251.151646442694,0.00201712049036131,0.1415613276531451,1.0012558105879223
7033,3559845222966.1226,3251.1687822578233,0.002017239136831624,0.14156399860696178,1.0013021776424844
7034,3559847215863.703,3251.177893127649,0.0020173027427242388,0.14156543699883573,1.0013337036432417
7035,3559850205210.074,3251.1915844709774,0.002017398266980126,0.14156759635534916,1.0013214853440562
7036,3559853451242.797,3251.206487526225,0.002017502191431203,0.14156994479108748,1.0013254042307818
7037,3559857003877.8564,3251.2228048677302,0.0020176164001720924,0.141572530731223,1.0013492366347414
7038,3559860792564.8423,3251.240160605659,0.0020177389466859044,0.14157531857665986,1.001395095596424
7039,3559862814983.307,3251.2493929086595,0.002017804666456917,0.14157682013127748,1.0014264188190793
7040,3559865848611.005,3251.2632633757366,0.002017903367990553,0.14157907471497225,1.0014157315540382
7041,3559869143679.9624,3251.278359755762,0.0020180107824576557,0.14158152804777746,1.0014214647411168
7042,3559872695124.488,3251.2946292802476,0.0020181270173590766,0.14158418845947046,1.0014466919668261
7043,3559876484036.144,3251.3119321257586,0.0020182517548688775,0.14158705693951712,1.0014933847974083
7044,3559880534109.255,3251.3304730280124,0.0020183853810095136,0.14159012915469318,1.0014801612555402
7045,3559884052578.0156,3251.3466184066037,0.002018501762958751,0.1415928049643226,1.0014891695017145
7046,3559887759776.8735,3251.363621398727,0.0020186249293916033,0.14159564384641,1.001518898215142
7047,3559891717122.488,3251.3816955330794,0.0020187572080582897,0.14159870880592915,1.0015713343295793
7048,3559895954957.356,3251.4010683606234,0.0020188991797698294,0.14160200034468096,1.001563866366867
7049,3559899429453.8438,3251.4169638563476,0.002019015861150859,0.14160470763630942,1.0015775375240952
7050,3559903080898.5757,3251.4336359380018,0.002019138988636353,0.14160757314717887,1.0016106832242493
7051,3559905032248.5654,3251.4425212906813,0.00201920500765778,0.14160911420735578,1.0016347161218677
7052,3559907959273.5503,3251.4558685397287,0.002019304107295383,0.1416114265101951,1.001624320670446
7053,3559911346239.729,3251.4713385737346,0.0020194189438370136,0.14161410556007561,1.0016291156336081
7054,3559914972469.646,3251.487891380173,0.0020195422950047503,0.1416169886561561,1.0016530800671244
7055,3559918850279.0444,3251.505524556915,0.0020196748544411202,0.14162010028610791,1.0016982028204413
7056,3559923007948.496,3251.52444210262,0.0020198172329209505,0.14162344404509253,1.001691730567925
7057,3559926514557.8223,3251.540402615349,0.0020199375667856755,0.1416262723208381,1.001705303384621
7058,3559930211908.974,3251.5571905778106,0.002020064910908701,0.14162927407480122,1.001737968426083
7059,3559932191945.094,3251.566153654539,0.0020201333113158758,0.1416308910474362,1.0017616490369392
7060,3559935161999.274,3251.5796067180445,0.002020235977768047,0.1416333179647976,1.0017546802632054
7061,3559938540178.3,3251.5949163304854,0.0020203529016752588,0.14163608276511622,1.001762668251551
7062,3559942161720.7715,3251.6112997991677,0.0020204786152279194,0.14163906192008166,1.0017887910736794
7063,3559946043423.5493,3251.628813949764,0.002020614067612746,0.14164228370480583,1.0018348638243553
7064,3559950215957.499,3251.647634780077,0.002020759938136605,0.14164575654357545,1.0018342598757668
7065,3559953715539.3945,3251.66342594852,0.0020208825746954318,0.1416486788039952,1.0018514041222766
7066,3559957409447.563,3251.6800597931524,0.0020210125174713275,0.1416517834970871,1.0018862038402396
7067,3559961373676.7666,3251.6979019393925,0.002021152090205404,0.14165512016209314,1.0018804592577077
7068,3559964953720.7163,3251.7140019543194,0.002021278312811186,0.14165814055506587,1.001892960942822
7069,3559968753203.43,3251.731031534326,0.002021412665325661,0.14166136462429177,1.0019238434713476
7070,3559970794278.266,3251.7401467144846,0.0020214850185926087,0.14166310565891932,1.0019463882748247
7071,3559973855890.5195,3251.75381316561,0.002021593604289033,0.1416657195905994,1.0019430146048696
7072,3559977234789.9385,3251.768881594943,0.0020217135671036462,0.14166860983047544,1.0019538375992065
7073,3559980864684.2705,3251.785016684231,0.002021842750568879,0.14167172999163705,1.0019810950700847
7074,3559982817730.446,3251.793668133591,0.002021912401520833,0.14167341636072361,1.0020010926711342
7075,3559985747299.7085,3251.806638361764,0.0020220169132208997,0.1416759476390795,1.0019975840276245
7076,3559989161818.1436,3251.8217404026354,0.002022138831507886,0.14167890280413886,1.0020076237491178
7077,3559992841860.474,3251.8379634005105,0.002022270522905069,0.14168210245664348,1.0020339268353347
7078,3559993832551.494,3251.8423206986226,0.0020223060203108647,0.14168296624512286,1.002042936238652
7079,3559994575569.759,3251.8455846357815,0.002022332661885887,0.14168361507645882,1.0020503301323884
7080,3559995690097.1567,3251.85048012252,0.002022372623934832,0.1416845883320446,1.0020472736560417
7081,3559997361888.254,3251.8578243599477,0.0020224325622300926,0.1416860479221467,1.0020458173189148
7082,3559999869574.8994,3251.868835010399,0.0020225225100634833,0.14168823913352396,1.0020506781047307
7083,3560003437986.937,3251.8844654743007,0.0020226507160714165,0.1416913676983184,1.0020710436822817
7084,3560005386729.544,3251.8929770892796,0.002022720844306174,0.14169308225219723,1.002087244781965
7085,3560008309843.4546,3251.9057412420866,0.0020228260539575287,0.1416956548567116,1.0020827204641223
7086,3560011777872.33,3251.9208729275188,0.002022950960617449,0.14169871084196997,1.0020909010571597
7087,3560015530004.355,3251.9371930756115,0.0020230863563707197,0.14170203039732718,1.0021148306858698
7088,3560019583595.728,3251.9548126687473,0.0020232326801093723,0.14170561916674318,1.0021101953083382
7089,3560023241908.9146,3251.970692397788,0.002023364846520287,0.14170886353674506,1.0021215877782976
7090,3560027147694.6006,3251.9875780641273,0.002023506232753387,0.14171234286043477,1.0021492040087596
7091,3560031376785.3335,3252.005825669013,0.002023659369173487,0.14171611466145595,1.0021487216404075
7092,3560034995604.0054,3252.0213986166123,0.002023790497076288,0.14171934869426073,1.002163051222703
7093,3560036922850.3584,3252.029668830786,0.002023860392437898,0.14172107512099943,1.0021753539342957
7094,3560038368285.124,3252.035856815965,0.0020239128543799536,0.1417223725949075,1.0021867316611721
7095,3560040536437.271,3252.0451297030904,0.0020239915299866055,0.14172431892711826,1.0021842710704942
7096,3560043788665.492,3252.059014614605,0.002024109534391187,0.14172724009224777,1.0021907090226838
7097,3560047458362.2974,3252.0746194492795,0.0020242427985349156,0.14173054538674354,1.0022107112267349
7098,3560051444647.7563,3252.0915347316027,0.002024387506524545,0.14173413684442412,1.0022081431194276
7099,3560055168981.8335,3252.1072956862463,0.002024522730929369,0.14173749668356778,1.0022196949812838
7100,3560057168351.2476,3252.1157329704624,0.0020245953678586256,0.14173930386897513,1.0022305270311458
7101,3560058667878.3076,3252.1220460558316,0.0020246498776764813,0.14174066163576027,1.0022407832403735
7102,3560060917168.8984,3252.131505039565,0.002024731616259079,0.14174269822874308,1.0022385709039077
7103,3560064291104.785,3252.1456643773686,0.0020248541983040455,0.14174575459692226,1.0022451787514337
7104,3560068010088.04,3252.1612048104303,0.002024989396646331,0.14174913195442534,1.0022643493117787
7105,3560072061371.065,3252.178086647253,0.0020251365955568624,0.1417528121480901,1.002263550785572
7106,3560075800404.014,3252.1936141069923,0.0020252724398850314,0.141756212765792,1.0022755050360335
7107,3560077811460.452,3252.2019387321434,0.0020253455307693083,0.14175804497587383,1.0022860831857199
7108,3560080828045.109,3252.214404615529,0.0020254550991656317,0.1417607926240767,1.0022836577778824
7109,3560084403386.875,3252.22910856287,0.0020255848249487816,0.14176405038599021,1.0022913201165884
7110,3560086358812.6333,3252.237119501369,0.0020256557571839565,0.14176583412148977,1.002299355238312
7111,3560089291951.2725,3252.249121319857,0.0020257620789341673,0.14176850819856665,1.0022953351508863
7112,3560092932671.7026,3252.2639862973983,0.0020258939823492657,0.14177182761959584,1.0023006338988842
7113,3560094932341.9263,3252.2721314720857,0.0020259664314467183,0.14177365245206977,1.002307422707166
7114,3560096432094.594,3252.278228074001,0.002026020777595023,0.1417750224303465,1.0023143123596634
7115,3560098681723.595,3252.287362605142,0.00202610224946101,0.1417770765761947,1.0023115300057128
7116,3560102056167.097,3252.3010355167057,0.002026224378293836,0.14178015739574037,1.0023154823243732
7117,3560103972113.7104,3252.308780653358,0.0020262937076534157,0.1417819076632428,1.0023210866252406
7118,3560105409073.6704,3252.314578168851,0.002026345705251508,0.14178322133334048,1.0023268720216978
7119,3560107564513.61,3252.323263971655,0.002026423647549966,0.14178519079579732,1.002323891653532
7120,3560110797673.5195,3252.33626489372,0.002026540462784448,0.1417881438345156,1.0023264962927256
7121,3560112734909.5522,3252.3440365888673,0.002026610430123055,0.14178991383169562,1.0023312473784014
7122,3560114187836.576,3252.349853902922,0.0020266628994872965,0.14179124207391036,1.0023363465235617
7123,3560116367227.1123,3252.3585686221677,0.0020267415403043888,0.14179323314246112,1.002333114428285
7124,3560119636312.9165,3252.3716112313273,0.0020268593836464187,0.1417962180475336,1.0023350906071176
7125,3560121594384.633,3252.379404539883,0.002026929932612246,0.1417980062275732,1.002339340316092
7126,3560124531492.206,3252.3910766190406,0.0020270356260031173,0.1418006853922601,1.002334142805205
7127,3560128301545.9595,3252.406019346872,0.0020271711229214325,0.14180412162907105,1.0023362431781984
7128,3560130393495.33,3252.414288687697,0.002027246264077024,0.14180602863836725,1.0023407679432952
7129,3560133531419.386,3252.4266700145745,0.002027358826077378,0.1418088857625746,1.0023360209742962
7130,3560137267234.095,3252.441363246745,0.0020274926442379222,0.14181228450367875,1.002338603933119
7131,3560141407110.768,3252.4575908415713,0.0020276405945590763,0.14181604343118098,1.0023314610984164
7132,3560145464879.5615,3252.4734414023496,0.002027785364883521,0.1418197237663581,1.0023340222867905
7133,3560149916779.7573,3252.4907781532793,0.0020279438283846737,0.14182375304834363,1.0023272422563565
7134,3560153970749.762,3252.5065026506695,0.0020280878542263104,0.14182741780337993,1.0023301291841769
7135,3560158407796.382,3252.5236502371395,0.0020282450923532927,0.1418314201464059,1.0023240504458137
7136,3560160435454.175,3252.531465954951,0.0020283168421571626,0.1418332471466348,1.0023241411623924
7137,3560161956197.519,3252.53731646629,0.002028370611390538,0.141834616831037,1.0023254228050602
7138,3560164237312.5356,3252.5460775383176,0.002028451148834875,0.14183666850260165,1.0023204849233083
7139,3560167658985.06,3252.559181279381,0.0020285717122924788,0.14183974067726873,1.0023182011886123
7140,3560169741551.2856,3252.5671343014856,0.0020286449914412373,0.14184160887819083,1.002319147254676
7141,3560172865400.6245,3252.5790339647774,0.0020287546829304195,0.1418444057168638,1.0023129316098296
7142,3560176775296.7104,3252.593870929805,0.0020288916387664674,0.14184789929571145,1.0023114050445832
7143,3560181172383.509,3252.61049243111,0.0020290451664541948,0.14185181626601348,1.0023026956640935
7144,3560183294595.0845,3252.6184981196584,0.002029119135013467,0.14185370354331875,1.002300919335982
7145,3560186477912.4473,3252.630479644169,0.002029229819470502,0.14185652730784584,1.0022921858931035
7146,3560190560755.212,3252.645794229954,0.0020293713667869713,0.14186013890332566,1.0022868579947026
7147,3560195193658.2734,3252.663111766808,0.002029531393592973,0.14186422139553773,1.0022751317798826
7148,3560197370238.255,3252.6712475655954,0.002029606460092259,0.1418661352522159,1.0022718311859822
7149,3560200635108.228,3252.6834246200106,0.0020297187567165378,0.14186899763764083,1.0022616652866652
7150,3560202706820.3545,3252.6911366285494,0.0020297898656759053,0.14187080998473509,1.0022569238106176
7151,3560204260604.45,3252.6969116497125,0.002029843122730994,0.14187216737871097,1.002254206837686
7152,3560206591280.5933,3252.705561310002,0.0020299228463634723,0.14187419886751695,1.002246082942296
7153,3560210087294.807,3252.71850343088,0.0020300420814629307,0.14187723653491735,1.0022372889799744
7154,3560214592195.12,3252.7351305325656,0.00203019508842974,0.14188113264498556,1.0022219025640347
7155,3560216881888.2095,3252.7435618653576,0.0020302726457619466,0.14188310714010002,1.0022159938669208
7156,3560220316427.844,3252.7561819142743,0.002030388605955543,0.14188605796406867,1.0022031463025323
7157,3560222467561.9717,3252.764071214501,0.0020304610524980353,0.14188790099195497,1.0021965586399466
7158,3560225694263.164,3252.775882956708,0.0020305693748921775,0.14189065521159286,1.0021833504894053
7159,3560227897730.1226,3252.783934862365,0.002030643152493037,0.14189253039600838,1.002175711746881
7160,3560231202930.5596,3252.79599073835,0.0020307534417389294,0.1418953317880934,1.0021613392679607
7161,3560233449360.2534,3252.8041706955723,0.002030828192413766,0.14189722962814116,1.0021529071397763
7162,3560235134182.523,3252.8102582883607,0.002030884034711649,0.14189864938577462,1.0021473107199184
7163,3560237661415.928,3252.819367921853,0.002030967551531566,0.1419007722325495,1.0021362655144654
7164,3560239556840.982,3252.826190812979,0.0020310300422853563,0.1419023599951874,1.0021288281456515
7165,3560240978409.7725,3252.8313021480444,0.002031076829367933,0.14190354846553652,1.0021236928961825
7166,3560243110762.9575,3252.838959972596,0.002031146845740177,0.14190532618354032,1.0021138659244868
7167,3560246309292.736,3252.8504239933773,0.002031251504393775,0.14190798184769568,1.0021008591338714
7168,3560251107087.403,3252.86757064202,0.0020314076380677478,0.14191193955887488,1.0020791071435657
7169,3560256160324.614,3252.8855724679815,0.0020315710292618055,0.14191607583879617,1.002054875534735
7170,3560261443236.395,3252.9043309936733,0.002031740661321507,0.1419203637286627,1.0020285278535617
7171,3560266847744.8687,3252.9234577015263,0.002031912923939076,0.14192471100479112,1.002000733410584
7172,3560272344036.581,3252.942844054245,0.002032086766395765,0.141929090427894,1.001971708995581
7173,3560275141652.4097,3252.952690681085,0.0020321748079876697,0.14193130573284124,1.001956066899285
7174,3560277239864.281,3252.9600653586963,0.0020322406209770418,0.14193296042693024,1.001944861005738
7175,3560280387182.088,3252.9711094275517,0.0020323389177184193,0.1419354291717669,1.0019268879106373
7176,3560285108158.7983,3252.987637478373,0.0020324853966924624,0.14193910164987666,1.0018992175581185
7177,3560291120930.6807,3253.0086247513095,0.002032670324747833,0.14194372719018794,1.0018636890537664
7178,3560294292009.767,3253.019669789831,0.0020327672594296687,0.14194614777075945,1.0018444190149731
7179,3560299048628.397,3253.036201599791,0.002032911646838843,0.14194974611921768,1.0018149863005992
7180,3560302238626.953,3253.0472685696254,0.0020330079139084523,0.14195214118723173,1.0017948179323577
7181,3560307023624.786,3253.063834931484,0.0020331512668092543,0.14195569997264226,1.0017641830064832
7182,3560310370181.57,3253.0754006386264,0.002033250900751221,0.14195816876002898,1.0017424316483807
7183,3560315390016.7456,3253.0927131068074,0.002033399180011915,0.1419618339593924,1.0017095084667447
7184,3560318932853.451,3253.10490946896,0.002033503121865312,0.14196439776884415,1.001686002030383
7185,3560321589980.98,3253.1140448621704,0.00203358068415512,0.14196630781771388,1.0016681227597342
7186,3560325575672.2734,3253.127727268943,0.002033696275014635,0.14196914828699245,1.0016410536882447
7187,3560328564940.744,3253.137980537197,0.0020337824790010468,0.14197126220095294,1.001620562298666
7188,3560333048843.4487,3253.1533335955355,0.002033910818716041,0.1419744015157427,1.0015896342711168
7189,3560334730306.9634,3253.15912870688,0.0020339588494523116,0.14197557204009834,1.0015778804974496
7190,3560335991404.599,3253.163488487038,0.002033994822810392,0.1419764470062492,1.0015690823801446
7191,3560337883051.053,3253.1700227399665,0.0020340486058764594,0.14197775372142188,1.0015557536477633
7192,3560339301785.894,3253.1749197169224,0.002034088825367494,0.14197872994644803,1.0015457993278172
7193,3560341429888.1543,3253.1822584649854,0.0020341489303530745,0.1419801870059085,1.0015307414490522
7194,3560344622041.5454,3253.1932518227827,0.0020342385825041936,0.14198235616338942,1.0015080496897446
7195,3560347016156.589,3253.201486868185,0.0020343054847342013,0.1419839720790586,1.0014909627439006
7196,3560350607329.154,3253.213819184164,0.0020344051918445576,0.14198637506310868,1.0014652564377633
7197,3560353300708.577,3253.22296410953,0.0020344793087149035,0.14198816317222313,1.0014460368441025
7198,3560355320743.145,3253.2295258017907,0.002034533912720647,0.1419894958099739,1.0014319186904082
7199,3560358350794.996,3253.23936515555,0.0020346154034828587,0.14199148048474647,1.0014106124729114
7200,3560360623333.885,3253.2467422491104,0.0020346762435068705,0.14199295944540968,1.001394555682558
7201,3560362327738.051,3253.25227372253,0.002034721716546281,0.14199406327546474,1.0013824648880234
7202,3560364884344.301,3253.2605687020955,0.002034789626791072,0.14199570872273284,1.0013642562901963
7203,3560366801798.988,3253.2667882774863,0.0020348403595571987,0.1419969359394537,1.0013505589677396
7204,3560368239890.0034,3253.271452040599,0.0020348782964564114,0.14199785247949198,1.0013402611425635
7205,3560370397026.5264,3253.2784461478823,0.002034934987370067,0.14199921990795425,1.0013247883377259
7206,3560372228249.4854,3253.2843821685155,0.0020349829364015672,0.14200037466097784,1.0013116268597286
7207,3560373947402.5728,3253.289953768272,0.0020350277993238445,0.14200145352564053,1.001299249988515
7208,3560375657636.898,3253.295495378057,0.002035072281497251,0.14200252169900437,1.0012869200987136
7209,3560377413837.9287,3253.30118481608,0.0020351178042679525,0.14200361324685207,1.0012742444405476
7210,3560379249127.412,3253.307129273209,0.002035165208470185,0.14200474814456696,1.0012609862671227
7211,3560381186487.0103,3253.3134030200795,0.0020352150614983155,0.14200593969976,1.0012469782034483
7212,3560384092526.4087,3253.322811076416,0.002035289449176094,0.14200771352650524,1.0012259539984962
7213,3560386919443.19,3253.3319601369576,0.0020353614037167803,0.14200942501220024,1.001205504762478
7214,3560389879414.5767,3253.3415368171864,0.0020354363062497485,0.14201120193998729,1.0011841051731214
7215,3560393226651.217,3253.352351345847,0.002035520425903246,0.1420131922571489,1.0011599569625667
7216,3560396739348.889,3253.363669264914,0.002035608012300635,0.14201525946593643,1.0011347070611325
7217,3560400837716.74,3253.3768676965847,0.0020357093857716036,0.1420176433156472,1.0011053486525356
7218,3560403363140.166,3253.3849971731433,0.0020357714808936526,0.14201909952682043,1.0010873230470192
7219,3560405257207.736,3253.391092537786,0.0020358178570336486,0.1420201849962589,1.0010738406102284
7220,3560405967483.0747,3253.393377926338,0.0020358352121239835,0.14202059081840887,1.001068792842034
7221,3560406034071.3877,3253.3935921715192,0.0020358368383970897,0.14202062883817063,1.0010683198291679
7222,3560406084012.6226,3253.3937528542197,0.0020358380579663126,0.14202065734834315,1.0010679650976324
7223,3560406121468.5483,3253.3938733654772,0.0020358389725669405,0.14202067872836613,1.0010676990645835
7224,3560406149560.493,3253.393963748543,0.0020358396584746127,0.14202069476191645,1.0010674995484254
7225,3560406170629.451,3253.394031535619,0.002035840172881293,0.14202070678625503,1.001067349916147
7226,3560406202232.889,3253.394133215923,0.002035840944445628,0.14202072482119008,1.0010671254761054
7227,3560406225935.4673,3253.3942094758563,0.0020358415230883604,0.14202073834634757,1.0010669571523174
7228,3560406261489.335,3253.394323865322,0.0020358423909945674,0.14202075863209446,1.0010667046772983
7229,3560406274822.0356,3253.3943667612393,0.002035842716446792,0.14202076623881896,1.0010666100020724
7230,3560406294821.086,3253.39443110497,0.0020358432046067537,0.142020777648275,1.001066467992557
7231,3560406324819.6616,3253.39452762024,0.0020358439368054542,0.14202079476104323,1.001066254985965
7232,3560406369817.5254,3253.3946723924173,0.0020358450350107054,0.14202082042700936,1.0010659354933766
7233,3560406437314.3203,3253.3948895489725,0.002035846682109593,0.14202085891878943,1.0010654562936738
7234,3560406462625.6177,3253.3949709821604,0.0020358472997261427,0.14202087335165517,1.0010652766043937
7235,3560406472117.354,3253.3950015195237,0.0020358475313258986,0.14202087876376077,1.0010652092223309
7236,3560406486354.9595,3253.3950473255472,0.002035847878716364,0.14202088688159992,1.0010651081508777
7237,3560406507711.3677,3253.39511603446,0.0020358483997812635,0.14202089905764104,1.0010649565475829
7238,3560406539745.9795,3253.3952190974064,0.0020358491813314565,0.14202091732008829,1.001064729151549
7239,3560406551758.959,3253.395257745872,0.0020358494744024624,0.14202092416815626,1.0010646438804671
7240,3560406569778.4272,3253.3953157185133,0.0020358499139942277,0.14202093443974698,1.0010645159764904
7241,3560406583293.0293,3253.395359197904,0.0020358502436781546,0.14202094214310104,1.001064420050569
7242,3560406603564.9326,3253.395424416839,0.002035850738185199,0.14202095369748532,1.0010642761652229
7243,3560406633972.786,3253.3955222448876,0.0020358514799033505,0.14202097102760738,1.001064060345239
7244,3560406656778.6772,3253.395595615661,0.0020358520361637472,0.14202098402423308,1.001063898486146
7245,3560406690987.5137,3253.3957056714166,0.0020358528705007786,0.14202100351733116,1.001063655707571
7246,3560406742300.767,3253.395870754115,0.00203585412188571,0.1420210327528361,1.0010632915626354
7247,3560406751922.0015,3253.3959017069587,0.0020358543565106124,0.14202103823416434,1.0010632232881065
7248,3560406759137.9277,3253.395924921517,0.0020358545324763366,0.14202104234506363,1.0010631720827516
7249,3560406769961.817,3253.395959743457,0.002035854796419903,0.14202104851122768,1.0010630952755664
7250,3560406786197.651,3253.396011976258,0.002035855192323156,0.14202105776005972,1.0010629800670967
7251,3560406810551.4023,3253.3960903251796,0.0020358557861506945,0.14202107163237473,1.001062807259667
7252,3560406847082.029,3253.3962078481563,0.002035856676831065,0.14202109243874877,1.0010625480601156
7253,3560406901877.9697,3253.3963841314685,0.00203585801271389,0.14202112364358732,1.0010621592872475
7254,3560406942974.9243,3253.396516343063,0.0020358590145343504,0.1420211470440819,1.001061867726944
7255,3560406973797.6406,3253.39661550135,0.0020358597658483497,0.1420211645926891,1.0010616490674287
7256,3560407020031.715,3253.396764237987,0.002035860892721368,0.14202119091223808,1.001061321096949
7257,3560407054707.271,3253.3968757898474,0.0020358617378109308,0.14202121064966883,1.001061075132916
7258,3560407080713.938,3253.3969594534015,0.0020358623715914285,0.1420212254514865,1.001060890667616
7259,3560407119723.939,3253.397084948244,0.002035863322192612,0.14202124765181962,1.0010606139830283
7260,3560407178238.94,3253.397273189267,0.0020358647479376216,0.14202128094693792,1.0010601989865857
7261,3560407200182.0654,3253.397343779181,0.002035865282557576,0.14202129343144088,1.0010600433712271
7262,3560407216639.4097,3253.397396721531,0.0020358656835079776,0.1420213027943151,1.0010599266626548
7263,3560407241325.4253,3253.397476134909,0.0020358662849058557,0.14202131683766847,1.0010597516051143
7264,3560407278354.449,3253.39759525441,0.0020358671869397174,0.14202133790054333,1.001059489031158
7265,3560407306126.217,3253.3976845936704,0.0020358678634233686,0.14202135369626845,1.0010592921096197
7266,3560407347783.869,3253.39781860194,0.0020358688780694042,0.14202137738712853,1.0010589967427919
7267,3560407379027.108,3253.397919107636,0.002035869639000998,0.14202139515346274,1.00105877522907
7268,3560407425891.9663,3253.398069865419,0.0020358707802979195,0.14202142179951227,1.0010584429781078
7269,3560407461040.61,3253.3981829330974,0.0020358716362035823,0.1420214417817581,1.0010581938043723
7270,3560407474221.351,3253.3982253333243,0.0020358719571558293,0.1420214492746795,1.0010581003672046
7271,3560407493992.463,3253.3982889336007,0.0020358724385664863,0.14202146051344677,1.0010579602147824
7272,3560407523649.131,3253.39838433369,0.002035873160642205,0.14202147737021611,1.0010577499941136
7273,3560407545891.6323,3253.3984558834636,0.0020358737021720784,0.1420214900118755,1.0010575923344787
7274,3560407579255.3843,3253.398563207803,0.0020358745144161356,0.14202150897261534,1.0010573558549702
7275,3560407604278.1978,3253.398643700728,0.0020358751235652213,0.142021523192009,1.0010571785027207
7276,3560407641812.419,3253.398764439585,0.0020358760372243055,0.14202154451888563,1.0010569124871247
7277,3560407669963.0845,3253.3988549933347,0.0020358767224257137,0.14202156051257386,1.0010567129847754
7278,3560407691076.0835,3253.3989229083973,0.0020358772363025684,0.14202157250701378,1.001056563363256
7279,3560407722745.5825,3253.3990247807164,0.002035878007072151,0.14202159049709726,1.0010563389399902
7280,3560407746497.707,3253.3991011846424,0.0020358785851187053,0.14202160398861377,1.001056170629255
7281,3560407782125.893,3253.39921579009,0.0020358794521304893,0.14202162422389436,1.0010559181746925
7282,3560407795486.463,3253.3992587670014,0.0020358797772472683,0.14202163181169267,1.0010558235073224
7283,3560407815527.318,3253.3993232321823,0.002035880264903945,0.14202164319275892,1.0010556815099092
7284,3560407845588.5996,3253.3994199297003,0.002035880996347799,0.14202166026293894,1.0010554685220028
7285,3560407868134.561,3253.399492452549,0.0020358815449030717,0.14202167306463148,1.0010553087871623
7286,3560407901953.5034,3253.399601236472,0.002035882367683805,0.14202169226537376,1.0010550691953106
7287,3560407952681.9165,3253.3997644113556,0.002035883601737012,0.14202172106244615,1.0010547098313427
7288,3560407990728.226,3253.399886791768,0.002035884527198481,0.14202174265756734,1.0010544403257038
7289,3560408047797.6914,3253.4000703612755,0.0020358859152418505,0.14202177504513425,1.0010540360971982
7290,3560408069198.7407,3253.400139199398,0.002035886435725431,0.14202178718936417,1.001053884519657
7291,3560408101300.315,3253.4002424564,0.0020358872164041183,0.14202180540409004,1.0010536571624387
7292,3560408149452.676,3253.4003973409544,0.002035888387315796,0.14202183272253752,1.0010533161483386
7293,3560408158481.243,3253.400426381658,0.0020358886068531346,0.14202183784445763,1.001053252210642
7294,3560408172024.094,3253.4004699427287,0.0020358889361509224,0.1420218455270485,1.0010531563055194
7295,3560408192338.372,3253.4005352842046,0.002035889430078792,0.14202185705028747,1.00105301245166
7296,3560408222809.7876,3253.400633296082,0.002035890170928118,0.1420218743336877,1.0010527966795524
7297,3560408268516.912,3253.400780313046,0.0020358912821063263,0.14202190025550857,1.001052473041077
7298,3560408337077.5986,3253.401000836816,0.0020358929486587636,0.1420219391308617,1.0010519876274613
7299,3560408388498.113,3253.401166228243,0.002035894198429837,0.14202196828247876,1.0010516235994564
7300,3560408407780.806,3253.4012282497656,0.002035894667067695,0.14202197921343582,1.0010514870954546
7301,3560408436704.845,3253.4013212817686,0.002035895369986257,0.14202199560855733,1.001051282347141
7302,3560408458397.8745,3253.401391055495,0.0020358958971496174,0.1420220079040268,1.0010511287916832
7303,3560408490937.419,3253.401495715819,0.0020358966878465537,0.1420220263455697,1.0010508984683066
7304,3560408539746.736,3253.4016527053686,0.0020358978737828395,0.14202205400414472,1.0010505530059317
7305,3560408558050.23,3253.401711576141,0.0020358983184850877,0.14202206437530046,1.0010504234635926
7306,3560408585505.4707,3253.401799882081,0.002035898985504137,0.14202207993085125,1.0010502291569852
7307,3560408626688.3315,3253.4019323404987,0.0020358999859554617,0.14202210326151532,1.0010499377130755
7308,3560408657575.478,3253.4020316836964,0.0020359007362420116,0.1420221207577469,1.0010497191420282
7309,3560408703906.196,3253.4021806978203,0.0020359018615739802,0.14202214699872628,1.0010493913057184
7310,3560408721280.216,3253.402236577851,0.0020359022835520165,0.14202215683836436,1.0010492683725714
7311,3560408734310.73,3253.4022784878407,0.0020359026000264734,0.1420221642177779,1.0010491761746558
7312,3560408753856.5024,3253.402341352676,0.002035903074720666,0.14202217528629876,1.001049037881438
7313,3560408783175.1597,3253.4024356495943,0.002035903786722621,0.14202219188773194,1.0010488304498733
7314,3560408827153.1465,3253.402577094243,0.0020359048546371005,0.1420222167868479,1.001048519321132
7315,3560408893120.1265,3253.40278925964,0.0020359064563099617,0.14202225412869593,1.001048052669912
7316,3560408917857.744,3253.4028688210706,0.00203590705689365,0.1420222681304103,1.0010478776869398
7317,3560408936410.9575,3253.402928492093,0.002035907507313097,0.14202227863105849,1.001047746453658
7318,3560408964240.778,3253.4030179983292,0.002035908182906834,0.14202229438081596,1.001047549611203
7319,3560408985113.142,3253.403085127754,0.002035908689578487,0.1420223061923274,1.0010474019848277
7320,3560409016421.6895,3253.403185821575,0.0020359094495412846,0.14202232390805747,1.0010471805546635
7321,3560409063384.5103,3253.4033368614896,0.002035910589384689,0.1420223504781944,1.0010468484308352
7322,3560409080995.568,3253.4033935011753,0.0020359110168039,0.1420223604412465,1.0010467238901066
7323,3560409107412.1543,3253.4034784605233,0.0020359116579009946,0.14202237538472953,1.0010465370855237
7324,3560409127224.5947,3253.403542179804,0.0020359121387025147,0.1420223865916155,1.0010463969870516
7325,3560409142083.925,3253.403589969244,0.0020359124992919446,0.14202239499637134,1.0010462919158267
7326,3560409164372.9194,3253.4036616531107,0.0020359130401530986,0.14202240760272575,1.0010461343139452
7327,3560409197806.4116,3253.403769178523,0.002035913851393831,0.14202242651050534,1.0010458979220158
7328,3560409222881.5312,3253.4038498222635,0.002035914459790387,0.14202244069017667,1.0010457206359749
7329,3560409241687.8706,3253.4039103048767,0.0020359149160686547,0.14202245132427588,1.0010455876758726
7330,3560409269897.38,3253.40400102857,0.002035915600449835,0.14202246727417614,1.0010453882433985
7331,3560409291054.512,3253.404069071101,0.0020359161137114942,0.14202247923577327,1.0010452386747093
7332,3560409322790.211,3253.404171134513,0.002035916883557958,0.14202249717659082,1.0010450143315146
7333,3560409370393.7573,3253.4043242288117,0.002035918038224151,0.14202252408426444,1.0010446778390194
7334,3560409406096.417,3253.4044390488875,0.002035918904154895,0.14202254426266175,1.001044425485792
7335,3560409419484.9146,3253.404482106269,0.0020359192288662135,0.14202255182912776,1.0010443308566033
7336,3560409439567.6606,3253.4045466922007,0.002035919715914786,0.14202256317819453,1.0010441889166988
7337,3560409469691.78,3253.404643570818,0.0020359204464463244,0.14202258020037226,1.0010439760157366
7338,3560409492284.869,3253.4047162294955,0.0020359209943173326,0.14202259296606173,1.0010438163465394
7339,3560409526174.5034,3253.4048252171556,0.0020359218160715268,0.142022612112795,1.0010435768539967
7340,3560409551591.729,3253.4049069574735,0.0020359224323520234,0.14202262647165056,1.0010433972429282
7341,3560409589717.5674,3253.4050295675693,0.0020359233567067616,0.14202264800765577,1.0010431278405159
7342,3560409604014.757,3253.405075546157,0.0020359237033252347,0.14202265608316458,1.0010430268184376
7343,3560409625460.5415,3253.4051445139194,0.0020359242232320445,0.1420226681957064,1.0010428752897422
7344,3560409657629.2188,3253.4052479651978,0.0020359250030450443,0.14202268636289758,1.0010426480069878
7345,3560409681755.726,3253.4053255533177,0.002035925587873243,0.142022699987215,1.0010424775524112
7346,3560409717945.487,3253.405441935073,0.002035926465055866,0.1420227204216385,1.0010422218835167
7347,3560409772230.1284,3253.4056165066195,0.002035927780695273,0.14202275106865794,1.0010418384096462
7348,3560409792586.8696,3253.4056819705675,0.0020359282740305884,0.14202276256029017,1.0010416946147613
7349,3560409823121.98,3253.4057801662693,0.0020359290139912896,0.14202277979627753,1.0010414789314028
7350,3560409846023.3135,3253.405853812741,0.0020359295689333797,0.14202279272229826,1.0010413171756858
7351,3560409880375.313,3253.405964282071,0.002035930401292786,0.14202281210948084,1.0010410745538476
7352,3560409906139.313,3253.4060471337266,0.002035931025526472,0.14202282664864074,1.0010408925960559
7353,3560409944785.312,3253.4061714106415,0.002035931961808761,0.14202284845504068,1.001040619674379
7354,3560409973769.8115,3253.406264617938,0.0020359326639752184,0.14202286480828863,1.0010404149939351
7355,3560409995508.186,3253.4063345231275,0.002035933190574408,0.14202287707235045,1.0010402614897391
7356,3560410011811.967,3253.4063869519305,0.0020359335855095564,0.1420228862699054,1.0010401463649559
7357,3560410017925.8843,3253.4064066126966,0.0020359337336075846,0.14202288971889854,1.0010401031938656
7358,3560410027096.7617,3253.406436103818,0.0020359339557507947,0.14202289489225642,1.0010400384380482
7359,3560410040853.077,3253.4064803404626,0.0020359342889570324,0.14202290265199624,1.0010399413062083
7360,3560410061487.5503,3253.406546695174,0.0020359347887467295,0.1420229142909399,1.0010397956128925
7361,3560410092439.259,3253.406646226964,0.002035935538387755,0.14202293174785563,1.0010395770825362
7362,3560410115653.0405,3253.4067208755773,0.00203593610058952,0.14202294483954606,1.0010394131917357
7363,3560410133063.377,3253.4067768617983,0.002035936522224269,0.14202295465775397,1.001039290277648
7364,3560410159178.882,3253.406860840986,0.0020359371546455167,0.14202296938399714,1.0010391059133181
7365,3560410198352.1396,3253.40698680922,0.002035938103207436,0.1420229914709603,1.001038829382422
7366,3560410257112.025,3253.4071757602155,0.0020359395258925848,0.14202302459600022,1.001038414621429
7367,3560410279146.982,3253.4072466163693,0.002035940059364974,0.14202303701671973,1.0010382590953901
7368,3560410312199.4175,3253.4073529003817,0.0020359408595241315,0.1420230556460872,1.0010380258170073
7369,3560410324594.0806,3253.4073927567397,0.00203594115957289,0.14202306263172967,1.0010379383405772
7370,3560410343186.075,3253.4074525411847,0.002035941609630336,0.14202307310965182,1.0010378071293384
7371,3560410357130.0713,3253.407497379452,0.0020359419471630094,0.14202308096773447,1.0010377087234135
7372,3560410367588.069,3253.407531008057,0.002035942200306508,0.14202308686109427,1.0010376349204502
7373,3560410383275.0645,3253.407581450879,0.0020359425800105307,0.14202309570074842,1.0010375242185305
7374,3560410406805.558,3253.407657114972,0.002035943149541492,0.14202310895936388,1.001037358171243
7375,3560410415629.4927,3253.4076854889186,0.002035943363110033,0.14202311393115707,1.0010372959050373
7376,3560410428865.396,3253.4077280498313,0.002035943683454978,0.14202312138857198,1.001037202507406
7377,3560410448719.25,3253.407791891031,0.0020359441639543796,0.14202313257407828,1.0010370624150462
7378,3560410478500.0317,3253.4078876524372,0.00203594488466284,0.14202314935094898,1.001036852285749
7379,3560410500835.617,3253.407959473266,0.00203594542516732,0.14202316193268033,1.001036694695335
7380,3560410534338.996,3253.4080672040777,0.002035946235872822,0.14202318080352155,1.0010364583212632
7381,3560410559466.53,3253.4081480018613,0.0020359468438678704,0.14202319495548665,1.001036281049074
7382,3560410597157.831,3253.408269198066,0.0020359477557957686,0.14202321618121083,1.00103601515538
7383,3560410625426.3076,3253.408360094825,0.0020359484396985984,0.14202323209902828,1.0010358157456973
7384,3560410667829.0215,3253.4084964392855,0.0020359494654708186,0.14202325597294155,1.0010355166497784
7385,3560410699631.057,3253.408598697044,0.0020359502347452154,0.14202327387650857,1.0010352923413823
7386,3560410747334.1104,3253.4087520829535,0.002035951388553355,0.14202330072830008,1.0010349559022602
7387,3560410765222.7554,3253.408809602422,0.0020359518212088074,0.1420233107969508,1.001034829743753
7388,3560410792055.7236,3253.408895881368,0.0020359524701591544,0.1420233258987997,1.0010346405133341
7389,3560410832305.175,3253.409025299193,0.0020359534435108293,0.1420233485490391,1.0010343566846436
7390,3560410892679.352,3253.40921942455,0.0020359549033721193,0.14202338251869834,1.001033930979843
7391,3560410937959.9844,3253.4093650174937,0.002035955998157399,0.1420234079921579,1.0010336117288088
7392,3560410954940.2217,3253.409419614622,0.0020359564086815064,0.14202341754401038,1.0010334920152117
7393,3560410980410.5776,3253.4095015101534,0.0020359570244382927,0.14202343187077457,1.0010333124513822
7394,3560411018616.112,3253.409624352846,0.0020359579480067657,0.14202345335863786,1.0010330431210954
7395,3560411047270.2627,3253.4097164844434,0.0020359586406388254,0.14202346947302003,1.0010328411344591
7396,3560411068760.875,3253.409785582946,0.002035959160088068,0.14202348155795458,1.0010326896506105
7397,3560411084878.835,3253.4098374066652,0.0020359595496609205,0.14202349062117595,1.0010325760412317
7398,3560411109055.7744,3253.4099151420796,0.0020359601339936754,0.14202350421509355,1.0010324056332647
7399,3560411145321.183,3253.4100317446623,0.002035961010432757,0.1420235246039143,1.0010321500353199
7400,3560411172520.24,3253.41011919623,0.002035961667722205,0.14202353989416525,1.0010319583468583
7401,3560411213318.8257,3253.410250372974,0.002035962653580533,0.14202356282693893,1.0010316708317555
7402,3560411228618.295,3253.41029956402,0.0020359630232607644,0.1420235714261658,1.0010315630182463
7403,3560411251567.4985,3253.41037335051,0.0020359635777573767,0.1420235843241818,1.0010314013032973
7404,3560411285991.304,3253.410484029776,0.002035964409448226,0.14202360366935352,1.0010311587435499
7405,3560411311809.1587,3253.4105670388644,0.002035965033180378,0.14202361817700287,1.0010309768328327
7406,3560411331172.55,3253.4106292954953,0.0020359655009592904,0.1420236290570482,1.0010308404048551
7407,3560411360217.6357,3253.4107226801775,0.0020359662025893357,0.1420236453757973,1.0010306357718117
7408,3560411382001.4507,3253.4107927184173,0.002035966728786219,0.14202365761398408,1.0010304823035405
7409,3560411414677.1733,3253.4108977753963,0.002035967518032957,0.14202367596959609,1.0010302521124708
7410,3560411439183.965,3253.4109765678363,0.00203596810993564,0.14202368973519655,1.001030079477396
7411,3560411475944.152,3253.4110947559757,0.0020359689977280863,0.14202371038148642,1.0010298205392074
7412,3560411503514.293,3253.411183396678,0.002035969663531403,0.1420237258648017,1.0010296263460134
7413,3560411544869.5044,3253.4113163571724,0.0020359706621586827,0.14202374908710277,1.0010293350744517
7414,3560411575885.9126,3253.411416077003,0.00203597141107717,0.14202376650205464,1.0010291166340448
7415,3560411599148.2188,3253.4114908666193,0.0020359719727369202,0.14202377956227072,1.0010289528111078
7416,3560411616594.948,3253.411546958706,0.0020359723939653886,0.14202378935687102,1.0010288299480326
7417,3560411629679.996,3253.411589027654,0.0020359727098774433,0.1420237967025057,1.0010287378030962
7418,3560411649307.5664,3253.4116521309634,0.0020359731837280523,0.14202380772035567,1.0010285995898016
7419,3560411678748.9224,3253.411746785645,0.0020359738944646013,0.142023824245777,1.0010283922792018
7420,3560411722910.9565,3253.4118887668874,0.002035974960480484,0.14202384903086274,1.0010280813344958
7421,3560411789154.008,3253.41210173714,0.002035976559304555,0.14202388620163753,1.001027614965068
7422,3560411838836.297,3253.4122614634443,0.0020359777582893324,0.14202391407516948,1.0010272652223766
7423,3560411876098.013,3253.4123812575162,0.002035978657453243,0.1420239349777592,1.0010270029344326
7424,3560411904044.3003,3253.412471102724,0.00203597933178422,0.1420239506532616,1.001026806229191
7425,3560411945963.7314,3253.412605869875,0.002035980343200663,0.14202397416377074,1.0010265111904577
7426,3560411961683.518,3253.4126564073276,0.002035980722464319,0.1420239829796175,1.0010264005559328
7427,3560411985263.1987,3253.412732213384,0.0020359812913346887,0.142023996202519,1.0010262346099932
7428,3560412020632.7188,3253.412845921983,0.002035982144583259,0.14202401603491835,1.0010259857048192
7429,3560412073686.999,3253.413016483829,0.0020359834243279776,0.14202404577912248,1.0010256123780064
7430,3560412093582.3545,3253.413080444106,0.0020359839042040848,0.14202405693224754,1.001025472388534
7431,3560412123425.3867,3253.413176384383,0.002035984623978168,0.14202407366054393,1.0010252624136926
7432,3560412145807.6606,3253.4132483393237,0.002035985163781715,0.1420240862058429,1.0010251049396097
7433,3560412179381.0723,3253.4133562713237,0.002035985973435786,0.14202410502203272,1.0010248687408274
7434,3560412229741.1895,3253.4135181683696,0.0020359871878014493,0.14202413324235846,1.0010245144707015
7435,3560412239183.712,3253.4135485238876,0.0020359874154856224,0.1420241385333555,1.001024448048084
7436,3560412253347.494,3253.413594057185,0.002035987757002951,0.14202414646953657,1.001024348416044
7437,3560412274593.169,3253.4136623569566,0.0020359882692583893,0.14202415837310362,1.001024198973002
7438,3560412306461.68,3253.4137648062524,0.002035989037595407,0.1420241762268702,1.0010239748196694
7439,3560412318412.3726,3253.413803224605,0.002035989325711658,0.142024182921689,1.0010238907651028
7440,3560412336338.41,3253.413860852037,0.002035989757871472,0.14202419296341576,1.0010237646866997
7441,3560412363227.467,3253.4139472929314,0.002035990406078355,0.14202420802487822,1.0010235755770927
7442,3560412383394.26,3253.41401212339,0.00203599089221161,0.14202421932022596,1.00102343375066
7443,3560412413644.4487,3253.41410936875,0.002035991621369885,0.1420242362618193,1.001023221021122
7444,3560412436332.0903,3253.4141823024997,0.0020359921682108592,0.1420242489670661,1.001023061481277
7445,3560412453347.822,3253.4142370026693,0.002035992578326035,0.14202425849546868,1.0010229418304504
7446,3560412478871.4185,3253.414319052658,0.002035993193469082,0.1420242727870552,1.0010227623614902
7447,3560412498014.1167,3253.414380590039,0.002035993654806862,0.1420242835050712,1.0010226277648702
7448,3560412526728.1626,3253.41447289573,0.0020359943467758205,0.142024299580808,1.0010224258792118
7449,3560412569799.2324,3253.4146113535535,0.002035995384644842,0.14202432369151965,1.001022123071523
7450,3560412602102.535,3253.4147151963903,0.0020359961629904753,0.1420243417726328,1.0010218959806085
7451,3560412650557.4883,3253.4148709597685,0.0020359973304021253,0.14202436889063952,1.001021555370494
7452,3560412686898.7036,3253.4149877816335,0.0020359982058898284,0.14202438922671384,1.001021299931766
7453,3560412741410.526,3253.4151630133088,0.0020359995189862213,0.14202441972619065,1.0010209168070243
7454,3560412761852.46,3253.4152287248326,0.002036000011367869,0.1420244311624908,1.0010207731438705
7455,3560412777183.9106,3253.4152780083937,0.0020360003806415465,0.14202443973928297,1.001020665399701
7456,3560412788682.4976,3253.4153149710164,0.0020360006575897397,0.14202444617163373,1.0010205845934403
7457,3560412805930.3794,3253.415370414794,0.002036001072998366,0.1420244558196952,1.001020463387448
7458,3560412831802.2007,3253.415453580253,0.002036001696081027,0.14202447029074514,1.001020281585966
7459,3560412870609.9346,3253.415578327859,0.002036002630636482,0.1420244919949713,1.0010200089008388
7460,3560412928821.534,3253.4157654480105,0.0020360040323156537,0.14202452454602754,1.0010195999115639
7461,3560412950650.8843,3253.4158356176267,0.002036004557911629,0.14202453675152968,1.0010194465505255
7462,3560412983394.9087,3253.415940871732,0.0020360053462570313,0.14202455505811043,1.00101921652079
7463,3560413032510.9463,3253.4160987520354,0.0020360065286656108,0.1420245825142211,1.0010188715036186
7464,3560413069347.9736,3253.416217161561,0.002036007415399064,0.14202460310380816,1.0010186127603802
7465,3560413124603.515,3253.4163947747224,0.002036008745360518,0.1420246339834297,1.001018224680239
7466,3560413145324.3433,3253.4164613792423,0.002036009244065642,0.14202464556225716,1.0010180791592258
7467,3560413160864.964,3253.4165113325794,0.002036009618081657,0.14202465424593286,1.001017970021765
7468,3560413184175.8955,3253.4165862624022,0.002036010179081042,0.14202466727059967,1.001017806321729
7469,3560413219142.293,3253.4166986566997,0.002036011020524639,0.14202468680569538,1.0010175607856906
7470,3560413271591.889,3253.416867246994,0.0020360122825647223,0.1420247161040518,1.001017192513388
7471,3560413291260.488,3253.416930468003,0.0020360127558024174,0.14202472709000738,1.0010170544194184
7472,3560413320763.386,3253.417025299305,0.0020360134656196706,0.14202474356758357,1.0010168472881333
7473,3560413342890.559,3253.417096422531,0.0020360139979562976,0.14202475592486555,1.0010166919468162
7474,3560413376081.3193,3253.417203106937,0.0020360147964111333,0.14202477445907194,1.0010164589475259
7475,3560413400974.389,3253.417283119922,0.0020360153952189578,0.14202478835858773,1.0010162842071224
7476,3560413438313.9946,3253.41740313891,0.002036016293367431,0.14202480920568902,1.0010160221125468
7477,3560413494323.403,3253.4175831661782,0.0020360176404475923,0.14202484047145558,1.00101562900704
7478,3560413536330.4585,3253.417718185725,0.0020360186506628844,0.14202486391753674,1.0010153342038695
7479,3560413599341.0425,3253.417920713593,0.0020360201658056,0.14202489908047483,1.0010148920450188
7480,3560413611155.5264,3253.4179586873092,0.002036020449880249,0.14202490567303544,1.0010148091451188
7481,3560413628877.253,3253.418015647852,0.002036020875978094,0.14202491556138447,1.0010146847985164
7482,3560413655459.8433,3253.4181010884945,0.002036021515093052,0.1420249303928091,1.0010144982867006
7483,3560413695333.728,3253.418229248784,0.0020360224736930763,0.1420249526374695,1.0010142185376592
7484,3560413755144.5557,3253.4184214879383,0.002036023911430886,0.14202498599889157,1.001013798955818
7485,3560413800002.6763,3253.4185656661566,0.0020360249896258543,0.14202501101626044,1.00101348429945
7486,3560413833646.2676,3253.418673799299,0.0020360257982114435,0.1420250297772079,1.0010132483237757
7487,3560413858878.9604,3253.418754898819,0.0020360264046163858,0.14202504384674783,1.0010130713514398
7488,3560413896727.9995,3253.418876547632,0.002036027314158965,0.14202506494882838,1.0010128059096104
7489,3560413910921.3896,3253.4189221657566,0.0020360276552232174,0.14202507286162575,1.0010127063732428
7490,3560413932211.474,3253.418990592777,0.0020360281667990143,0.14202508473011574,1.0010125570739046
7491,3560413964146.601,3253.4190932329793,0.002036028934116566,0.14202510253126369,1.0010123331368526
7492,3560413988097.9463,3253.419170212809,0.002036029509573858,0.14202511588107103,1.0010121651926522
7493,3560414006061.4546,3253.419227947519,0.0020360299411494964,0.14202512589283345,1.001012039239295
7494,3560414033006.718,3253.419314549347,0.0020360305884801,0.14202514090934745,1.0010118503177554
7495,3560414073424.6133,3253.4194444514337,0.002036031559401778,0.1420251634315766,1.0010115669548099
7496,3560414134051.4556,3253.4196393031943,0.0020360330156175615,0.14202519720920187,1.0010111419539367
7497,3560414179521.588,3253.4197854408726,0.00203603410766822,0.14202522253862498,1.0010108232344177
7498,3560414188047.2373,3253.4198128416106,0.002036034312420244,0.14202522728763606,1.001010763477002
7499,3560414200835.712,3253.4198539426325,0.0020360346195407815,0.14202523441089765,1.001010673842671
7500,3560414220018.4243,3253.4199155940505,0.002036035080204966,0.14202524509521802,1.0010105393955189
7501,3560414248792.4927,3253.4200080708993,0.0020360357711637586,0.1420252611204104,1.0010103377346076
7502,3560414291953.5938,3253.4201467854455,0.0020360368075173795,0.14202528515530133,1.00101003526549
7503,3560414300046.3003,3253.420172794284,0.002036037001826783,0.14202528966161332,1.0010099785548863
7504,3560414312185.3594,3253.42021180759,0.002036037293284441,0.14202529642085124,1.0010098934904554
7505,3560414330393.949,3253.420270327389,0.002036037730455816,0.14202530655919307,1.0010097658978228
7506,3560414357706.8335,3253.4203581068264,0.0020360383861790727,0.14202532176554486,1.0010095745177536
7507,3560414378191.4966,3253.4204239411893,0.002036038877949013,0.14202533316953905,1.0010094309890454
7508,3560414393554.9937,3253.4204733168335,0.0020360392467637855,0.1420253417221015,1.001009323346066
7509,3560414416600.24,3253.420547380108,0.0020360397999618605,0.14202535455011858,1.0010091618879267
7510,3560414433884.1753,3253.4206029274255,0.0020360402148444337,0.14202536417058345,1.0010090407988224
7511,3560414446847.126,3253.4206445877912,0.0020360405259972525,0.14202537138562357,1.0010089499845718
7512,3560414466291.5522,3253.4207070782454,0.0020360409927094422,0.14202538220759542,1.0010088137676547
7513,3560414480874.872,3253.420753945937,0.002036041342732083,0.14202539032368428,1.0010087116082391
7514,3560414502749.8525,3253.420824247343,0.0020360418677444632,0.14202540249707343,1.001008558374781
7515,3560414519156.088,3253.4208769732654,0.00203604226148932,0.14202541162662125,1.0010084434537754
7516,3560414543765.441,3253.4209560619033,0.0020360428520791035,0.14202542532000154,1.0010082710795298
7517,3560414580679.4697,3253.4210746943513,0.002036043737902005,0.14202544585795343,1.0010080125345635
7518,3560414594522.2305,3253.4211191813674,0.0020360440700721476,0.14202545355922713,1.0010079155843619
7519,3560414615286.371,3253.4211859117636,0.002036044568307865,0.1420254651104661,1.0010077701641205
7520,3560414646432.5825,3253.421286006934,0.0020360453156173224,0.14202548243581686,1.0010075520455277
7521,3560414693151.9,3253.421436148917,0.002036046436482689,0.14202550842045047,1.0010072248939772
7522,3560414763230.877,3253.4216613599665,0.0020360481175579572,0.14202554738976847,1.0010067342261983
7523,3560414868349.342,3253.421999172319,0.0020360506386699223,0.14202560582657436,1.001005998358822
7524,3560415026027.0386,3253.4225058811953,0.002036054419213718,0.14202569344326474,1.0010048948553703
7525,3560415262543.5845,3253.423265923733,0.00203606008749844,0.1420258247814953,1.0010032402815003
7526,3560415617318.404,3253.4244059393823,0.0020360685842304876,0.14202602159364186,1.0010007599738715
7527,3560416149480.633,3253.426115854318,0.00203608131652406,0.14202631637300878,1.0009970430625283
7528,3560416947723.976,3253.4286804814014,0.002036100386185307,0.14202675755583205,1.0009914758697627
7529,3560418145088.99,3253.4325268656808,0.0020361289260306986,0.1420274171151982,1.0009831440988415
7530,3560419941136.5127,3253.4382951746816,0.0020361715907195777,0.142028401485402,1.0009706913273064
7531,3560422635207.7954,3253.4469447294064,0.002036235262670977,0.14202986691325328,1.0009521201002278
7532,3560426676314.72,3253.459912303191,0.0020363300441073626,0.14203204021101895,1.0009245288455824
7533,3560432737975.1074,3253.479347647717,0.0020364706002877053,0.14203524498473535,1.0008838122783064
7534,3560441830465.6885,3253.5084652999135,0.0020366778823319373,0.1420399308855975,1.000824462319043
7535,3560455469201.5596,3253.55204008025,0.0020369810589528324,0.1420466974753718,1.0007399293163524
7536,3560475927305.3667,3253.6171176465195,0.0020374194195263433,0.14205629807766068,1.0006244125375519
7537,3560506614461.0776,3253.7168024606744,0.002038050691403281,0.14206959802668756,1.0004750772588835
7538,3560514693151.8994,3253.7429356881935,0.0020382128848889856,0.14207296883746262,1.000439343741258
7539,3560526811188.133,3253.781987442916,0.002038451604760028,0.14207787805265573,1.0003894048623998
7540,3560544988242.483,3253.840231995116,0.0020388001910053057,0.14208493872769065,1.0003218664523792
7541,3560572253824.007,3253.9269485740083,0.0020393042635186978,0.14209492825446995,1.0002342607607337
7542,3560613152196.294,3254.055559201121,0.0020400240455068237,0.14210876873006745,1.000125971211154
7543,3560674499754.724,3254.2453918468073,0.002041036760393752,0.1421274542525244,0.9999980255061299
7544,3560759978621.462,3254.505045290937,0.0020423443803729417,0.14215028997240642,0.999861089425447
7545,3560849112925.598,3254.7708158621176,0.002043611323541349,0.14217115271453204,0.9997489226774621
7546,3560850549430.152,3254.7750801266843,0.0020436313747418675,0.14217147764517865,0.9997473374461756
7547,3560851626808.5674,3254.7784387397314,0.0020436476331418176,0.14217174976161726,0.9997462609360221
7548,3560853230267.884,3254.783417858738,0.0020436716972280556,0.1421721518133759,0.9997446906509495
7549,3560854935239.596,3254.7886935037786,0.0020436971478666843,0.14217257618066237,0.9997430547733609
7550,3560856730804.8516,3254.7942323251405,0.0020437238179795165,0.14217301996405282,0.9997413629892568
7551,3560858624613.2485,3254.8000579104296,0.0020437518153909487,0.14217348485191672,0.9997396059801008
7552,3560860626188.472,3254.806199192741,0.002043781272902307,0.14217397293413955,0.9997377719013887
7553,3560862746376.835,3254.812699811784,0.00204381236841401,0.14217448658411844,0.9997358338655936
7554,3560864997529.099,3254.819587034518,0.0020438452459779167,0.14217502842790677,0.9997337885810836
7555,3560867393754.558,3254.8269025648838,0.002043880096848348,0.14217560147165245,0.9997316181006953
7556,3560869951225.9785,3254.8346947926084,0.0020439171409948466,0.14217620913561135,0.9997293007323399
7557,3560872688543.9634,3254.8430190291306,0.002043956629556942,0.1421768553187779,0.9997268116854694
7558,3560875627172.5674,3254.8519396307474,0.002043998852851273,0.14217754449171838,0.9997241214173611
7559,3560878791960.3247,3254.861530977228,0.002044044145080037,0.1421782817746149,0.9997211958207451
7560,3560882211764.393,3254.871879174996,0.002044092891863144,0.14217907305015545,0.9997179958722795
7561,3560885920194.782,3254.883084471756,0.002044145539974495,0.14217992509084387,0.9997144766937426
7562,3560889956503.548,3254.895263872116,0.00204420260803761,0.14218084570200332,0.9997105869672197
7563,3560894366644.0693,3254.9085542406997,0.002044264699008914,0.1421818438842205,0.9997062684733251
7564,3560899204531.0127,3254.923115976983,0.0020443325146842855,0.14218293001601637,0.9997014558504558
7565,3560904533537.204,3254.939137321823,0.0020444068723379904,0.14218411605524142,0.9996960767470715
7566,3560910428271.9927,3254.9568393710315,0.0020444887236256626,0.14218541575711166,0.9996900525286703
7567,3560916976698.6704,3254.976482083551,0.0020445791766693683,0.14218684491558253,0.9996832995003323
7568,3560924282668.4785,3254.9983712549024,0.0020446795209670098,0.1421884216180452,0.999675730899784
7569,3560932468979.259,3255.0228668287386,0.0020447912562914596,0.14219016652111266,0.999667259319265
7570,3560941681110.2534,3255.0503929012284,0.0020449161266059505,0.14219210315194974,0.9996577990361842
7571,3560952091842.7915,3255.0814459212997,0.0020450561491775587,0.14219425819900583,0.9996472718392907
7572,3560963508961.926,3255.115435531483,0.002045208417581787,0.14219658211427227,0.9996359817114315
7573,3560975971148.832,3255.152460540838,0.0020453731311831738,0.14219907311636357,0.9996239975152167
7574,3560989630338.4546,3255.1929484580655,0.0020455519186391873,0.1422017503777335,0.9996112860751055
7575,3561004665470.8115,3255.2373762601032,0.002045746602182906,0.14220463545251333,0.9995978153762387
7576,3561021280873.8267,3255.2863407136906,0.0020459593482484114,0.1422077513609033,0.9995834807168006
7577,3561039711342.2036,3255.34048987486,0.0020461924848187937,0.14221112221686674,0.9995682022788308
7578,3561060228185.4937,3255.400574026875,0.002046448635026391,0.14221477341097258,0.9995518793429529
7579,3561083146171.938,3255.46745491841,0.0020467307295009385,0.14221873121922043,0.9995344062775535
7580,3561108832848.28,3255.5421312551625,0.002047042063473523,0.14222302254364355,0.9995156750233528
7581,3561137090822.757,3255.6239499364397,0.00204737894633187,0.14222757587206913,0.999496009859495
7582,3561168173338.7637,3255.7135595244513,0.0020477430234881852,0.1422323913153463,0.9994754093807884
7583,3561202464309.7407,3255.8119711246436,0.0020481371942509346,0.1422374807829504,0.9994538171493029
7584,3561240402986.8623,3255.9203221467806,0.0020485645805308527,0.14224285277610654,0.9994311951406953
7585,3561282485125.1274,3256.0398796381273,0.0020490284743985795,0.1422485102562357,0.999407511008414
7586,3561329139046.0312,3256.1716870202854,0.002049530941979242,0.1422544330398606,0.9993828112698029
7587,3561380142045.0356,3256.314934816313,0.0020500668747275804,0.14226051378674034,0.9993574871060015
7588,3561394093225.4355,3256.353978888889,0.0020502117627071,0.14226212927043713,0.9993510204678592
7589,3561404556610.7354,3256.383219951788,0.002050319845669343,0.14226332413120088,0.9993461858244777
7590,3561405537553.107,3256.3859603542883,0.0020503299629013646,0.1422634356843869,0.9993457381526188
7591,3561407008966.6655,3256.3902978971646,0.0020503468993092024,0.14226364426102123,0.9993452272846047
7592,3561408612223.1714,3256.3950056440262,0.0020503652314409716,0.14226386890793422,0.9993447045851758
7593,3561410297474.4355,3256.399937184615,0.002050384384299946,0.14226410246883503,0.9993441872776886
7594,3561412069469.219,3256.405106805218,0.0020504044103892578,0.14226434551621986,0.9993436721138445
7595,3561413936066.282,3256.410537364194,0.0020504253948739506,0.14226459900659932,0.9993431541233952
7596,3561415906235.2144,3256.416254622199,0.00205044743345988,0.1422648640084312,0.9993426272492839
7597,3561417990126.403,3256.422287533841,0.0020504706334452524,0.1422651417130867,0.9993420842603592
7598,3561420199257.4556,3256.4286688284205,0.002050495115844032,0.1422654334577352,0.9993415165900943
7599,3561422546738.683,3256.4354356786903,0.002050521017804349,0.14226574075076315,0.9993409141299907
7600,3561425047540.958,3256.4426304793024,0.0020505484953986294,0.14226606530049168,0.99934026497976
7601,3561427718814.0435,3256.4503017618504,0.002050577726879512,0.14226640904810278,0.999339555157704
7602,3561430580265.151,3256.458505277323,0.002050608916503589,0.14226677420561606,0.999338768273994
7603,3561433654609.2495,3256.4673052787707,0.0020506422990280867,0.14226716329969102,0.9993378851749045
7604,3561436968104.4907,3256.4767760428535,0.0020506781449996657,0.14226757922200298,0.9993368835708107
7605,3561440551188.2554,3256.487003671684,0.002050716766957993,0.14226802528681892,0.9993357376734758
7606,3561444439231.535,3256.498088223731,0.0020507585266912385,0.14226850529625712,0.9993344178798561
7607,3561448673431.927,3256.5101462252846,0.0020508038436795988,0.1422690236134351,0.9993328905619766
7608,3561453301868.337,3256.5233136210363,0.0020508532048701795,0.14226958524333955,0.9993311180430985
7609,3561458380744.1685,3256.53774922675,0.0020509071759257503,0.1422701959208301,0.9993290588655489
7610,3561463975850.9087,3256.553638748025,0.002050966414067386,0.1422708622043109,0.9993266684779523
7611,3561470164291.667,3256.571199483,0.0020510316828070275,0.1422715915749913,0.9993239004120027
7612,3561477036516.4116,3256.5906858116614,0.0020511038688070175,0.14227239254092236,0.9993207080366523
7613,3561484698738.7236,3256.6123955020666,0.0020511840007771476,0.14227327473997503,0.9993170469020549
7614,3561493275830.1724,3256.636677316733,0.0020512732719016034,0.14227424905118194,0.9993128770590697
7615,3561502914822.9624,3256.663940024585,0.0020513730660013402,0.14227532771220908,0.9993081649573056
7616,3561513596613.7886,3256.694119819419,0.002051483015995194,0.14227650352469268,0.9993029769920273
7617,3561525196605.224,3256.7268536559313,0.002051601672176311,0.14227775789421265,0.9992974395135484
7618,3561537831621.344,3256.7624583745837,0.0020517300506468464,0.14227909832469732,0.9992915601904289
7619,3561551647268.7603,3256.8013284735875,0.002051869417233675,0.1422805341819471,0.9992853303044054
7620,3561566807423.7646,3256.843906192346,0.002052021170638944,0.14228207525244796,0.9992787272704957
7621,3561583496632.035,3256.8906876846827,0.0020521868547532054,0.14228373162726513,0.9992717129150231
7622,3561601923680.194,3256.942229967707,0.0020523681734494386,0.14228551360334374,0.9992642358949394
7623,3561622325562.8936,3256.9991448835917,0.0020525669700204685,0.14228743149302647,0.9992562447757476
7624,3561644972489.626,3257.0621638384437,0.002052785386105612,0.1422894954696778,0.9992476464687884
7625,3561669988682.087,3257.1315882459335,0.0020530240011485145,0.14229169909861694,0.9992384391177842
7626,3561697241312.2393,3257.2070036388427,0.0020532809097148362,0.14229401236694705,0.9992287204154735
7627,3561726979640.259,3257.2890475031636,0.0020535577616965957,0.14229643654354152,0.9992184543096881
7628,3561759503099.341,3257.3784822094103,0.002053856515367858,0.1422989726285284,0.9992076011061217
7629,3561795143411.981,3257.476154424175,0.0020541792613731407,0.14230161879163267,0.9991961201281877
7630,3561834267240.321,3257.5829840434567,0.002054528173883386,0.14230436963863338,0.9991839801317419
7631,3561877079955.172,3257.6994350319214,0.0020549037871130304,0.14230720275600622,0.9991712099806038
7632,3561900256591.913,3257.762320267756,0.002055104967702468,0.14230867452929494,0.9991645797253754
7633,3561917639069.4688,3257.8094094370404,0.0020552548018897467,0.1423097481271415,0.9991596702503344
7634,3561919268676.7397,3257.81382203331,0.002055268819837406,0.1423098479326531,0.999159221238296
7635,3561920490882.1934,3257.817333730314,0.002055280900333961,0.1423099593670811,0.9991590088253939
7636,3561922043819.2026,3257.82177627684,0.0020552961286170505,0.14231009845313639,0.9991587729498679
7637,3561923682398.805,3257.8264463107244,0.0020553120810080797,0.14231024273018122,0.9991585575078807
7638,3561925402906.6484,3257.831333837195,0.0020553287211352135,0.14231039181173963,0.9991583615019936
7639,3561927212162.4995,3257.8364583194384,0.0020553461127277473,0.1423105462032146,0.9991581816400377
7640,3561929118286.0674,3257.841842536425,0.002055364330068085,0.14231070648558333,0.9991580137731282
7641,3561931130446.768,3257.8475119884447,0.0020553834559815976,0.14231087329772235,0.9991578528755002
7642,3561933259009.0083,3257.853495359722,0.002055403583360531,0.14231104734872654,0.9991576929368338
7643,3561935515722.3794,3257.8598250786226,0.0020554248169693985,0.14231122943144023,0.9991575268147199
7644,3561937913947.2124,3257.866537962195,0.002055447275492985,0.14231142043701386,0.9991573460527543
7645,3561940468921.441,3257.8736759680187,0.002055471093902139,0.14231162137107686,0.9991571406675814
7646,3561943198076.5615,3257.8812870780184,0.002055496426212771,0.14231183337198358,0.9991568989078512
7647,3561946121411.8413,3257.8894263409525,0.002055523448716087,0.14231205773149516,0.9991566069911046
7648,3561949261937.4146,3257.898157103649,0.0020555523637638424,0.14231229591816727,0.9991562488285322
7649,3561952646198.5737,3257.9075524643217,0.002055583404198359,0.14231254960363254,0.9991558057553268
7650,3561956304895.2803,3257.917696986214,0.002055616838525366,0.14231282069182405,0.9991552562937657
7651,3561960273612.7954,3257.9286887120847,0.002055652976927835,0.14231311135098937,0.9991545759926236
7652,3561964593681.4688,3257.9406415254884,0.0020556921782250827,0.14231342404807887,0.9991537374025063
7653,3561969313186.075,3257.9536879074685,0.0020557348578784827,0.14231376158475295,0.999152710268623
7654,3561974488148.3745,3257.967982143078,0.0020557814971497125,0.14231412713390154,0.9991514620383413
7655,3561980183911.1226,3257.9837040387893,0.00205583265352409,0.14231452427521174,0.9991499587874458
7656,3561986476758.865,3258.0010632254152,0.002055888972541685,0.14231495702816946,0.999148166648205
7657,3561993455821.77,3258.020304145514,0.0020559512012452235,0.14231542988104062,0.999146053749555
7658,3562001225324.7856,3258.0417118469827,0.002056020203524913,0.14231594781483695,0.9991435925493491
7659,3562009907266.6543,3258.0656188962907,0.0020560969782563838,0.1423165163258267,0.9991407620527041
7660,3562019644658.8486,3258.0924134972456,0.0020561826802897648,0.14231714144098975,0.9991375494738399
7661,3562030305661.9414,3258.1217255866295,0.0020562760309451467,0.1423178112084666,0.9991340484619284
7662,3562041859262.26,3258.153461546315,0.0020563766427674052,0.14231852036983056,0.9991303243708863
7663,3562054420385.356,3258.187926969068,0.0020564853879908107,0.142319272379637,0.9991263924494183
7664,3562068125161.922,3258.2254830783145,0.0020566032934708762,0.14232007117483952,0.9991222563124511
7665,3562083125544.864,3258.2665317100136,0.0020567314880696745,0.14232092066401494,0.9991179072013681
7666,3562099591456.4385,3258.311520921683,0.0020568712142406084,0.14232182463586854,0.9991133223966964
7667,3562117713555.6514,3258.360952007341,0.0020570238420862933,0.14232278662994585,0.9991084659567447
7668,3562137706557.725,3258.415387836097,0.002057190885249292,0.1423238097544544,0.9991032916001351
7669,3562159812730.1104,3258.475461221583,0.00205737401429589,0.14232489641386728,0.999097747338719
7670,3562184069220.8867,3258.5414294876587,0.0020575736033738284,0.14232603694992102,0.9990917119520897
7671,3562210378393.9473,3258.6128268292423,0.002057787995917288,0.14232721463149875,0.9990854321591552
7672,3562238955592.714,3258.6902021026694,0.002058018510707188,0.14232842698862383,0.999078829312339
7673,3562270054537.5073,3258.7742049289204,0.0020582666864610694,0.14232967032812024,0.9990718451369677
7674,3562303952720.392,3258.865539515265,0.002058534132517672,0.14233093859877993,0.9990644431838244
7675,3562340953110.178,3258.964967853072,0.0020588225254822927,0.1423322229914661,0.9990565977072634
7676,3562381250817.212,3259.072636965888,0.002059131804297984,0.14233350831524222,0.9990485189849371
7677,3562402944872.634,3259.129931896413,0.002059295545500638,0.142334162798885,0.9990445992345641
7678,3562419215414.2,3259.1728650072814,0.0020594177463781603,0.14233463584488698,0.9990415153902176
7679,3562422266140.744,3259.180912453402,0.002059440617144182,0.14233472329033994,0.9990409405407784
7680,3562423410163.1978,3259.1841379218217,0.0020594507626940277,0.14233479216094594,0.9990408225180507
7681,3562424932049.9175,3259.1884077997797,0.0020594641337992377,0.14233488127078234,0.9990407014793944
7682,3562426538078.9243,3259.192895619203,0.002059478127295619,0.142334972849751,0.9990406087990621
7683,3562428222384.4463,3259.197585715449,0.002059492692730373,0.142335066522264,0.9990405434995252
7684,3562429991214.2817,3259.202495659834,0.0020595078826250567,0.14233516256815645,0.9990405029940697
7685,3562431852089.3003,3259.2076461692745,0.0020595237584579034,0.1423352613019589,0.9990404839997189
7686,3562433813480.793,3259.2130603393894,0.0020595403883675234,0.1423353630605173,0.9990404825162273
7687,3562435884934.0566,3259.2187640465295,0.0020595578483966408,0.1423354682108415,0.9990404937440094
7688,3562438077234.5947,3259.224786434446,0.002059576223940365,0.14233557715762563,0.9990405119689646
7689,3562440402604.649,3259.2311604687256,0.0020595956113611228,0.1423356903506036,0.9990405304175496
7690,3562442874934.814,3259.237923578618,0.002059616119834183,0.14233580829223416,0.9990405410860971
7691,3562445510057.225,3259.2451184076263,0.002059637873485623,0.14233593154598373,0.9990405345471552
7692,3562448326067.89,3259.2527936945676,0.002059661013882017,0.1423360607453589,0.9990404997384064
7693,3562451343706.99,3259.261005310729,0.0020596857029384894,0.14233619660374888,0.9990404237408077
7694,3562454586807.295,3259.2698179379954,0.00205971212833363,0.14233633995488873,0.9990402911227486
7695,3562458082822.7695,3259.2793055540988,0.002059740503271454,0.14233649170216706,0.9990400844524805
7696,3562461863448.65,3259.2895535278726,0.00205977107288302,0.14233665285670946,0.9990397841019627
7697,3562465965350.569,3259.300660738677,0.002059804120202811,0.14233682455862462,0.9990393680260121
7698,3562470431016.9863,3259.312741818926,0.002059839972047093,0.14233700808407113,0.9990388118876293
7699,3562475309754.846,3259.3259298022977,0.002059879005921162,0.14233720485239007,0.9990380894338604
7700,3562480658850.3213,3259.340379197316,0.0020599216579147844,0.1423374164301618,0.9990371732123604
7701,3562486544921.4536,3259.3562695371506,0.002059968431656066,0.14233764453015338,0.9990360357093727
7702,3562493045496.8413,3259.37380947619,0.0020600199084504604,0.1423378910033467,0.9990346509524672
7703,3562500250865.3594,3259.3932415973673,0.0020600767590953206,0.14233815782663495,0.9990329964789364
7704,3562508266257.6904,3259.4148477246877,0.002060139756283029,0.14233844706654505,0.9990310557347193
7705,3562517214440.4263,3259.438955549969,0.0020602097905326263,0.14233876084983962,0.9990288199106092
7706,3562527210565.852,3259.465875504144,0.0020602876824452614,0.1423391003904843,0.9990262908899187
7707,3562538007576.1357,3259.494936005206,0.0020603714144953474,0.14233945462912284,0.9990235823616058
7708,3562549694275.149,3259.5263657004343,0.0020604615769137928,0.14233982396377076,0.9990207248020838
7709,3562562388947.2812,3259.5604743317613,0.002060558978269178,0.14234020924676946,0.999017733547691
7710,3562576223251.5615,3259.5976056468926,0.002060664507430596,0.14234061112786114,0.9990146146758545
7711,3562591343288.125,3259.6381401942012,0.0020607791381831533,0.1423410299681095,0.9990113626994811
7712,3562607911832.0845,3259.6825011846217,0.0020609039414074743,0.1423414657469057,0.999007959700978
7713,3562626110728.7837,3259.7311602754526,0.002061040095627089,0.14234191791903872,0.9990043769063748
7714,3562646143741.4756,3259.7846420755664,0.0020611888932655655,0.14234238523483853,0.9990005792844716
7715,3562668239473.635,3259.8435405224604,0.0020613517739130867,0.14234286545560754,0.9989965221029569
7716,3562692301342.2563,3259.9075776357313,0.002061527741788421,0.1423433483897556,0.9989922280185628
7717,3562718329661.437,3259.9767335671995,0.00206171651146232,0.1423438258282172,0.9989877036197469
7718,3562746526953.2354,3260.0515234659742,0.002061919231548779,0.14234429233917792,0.998982924824565
7719,3562777123835.2236,3260.132531555629,0.0020621371839377968,0.14234474104045733,0.9989778694166515
7720,3562810370401.241,3260.220387677669,0.0020623717105414693,0.14234516311601242,0.9989725161700462
7721,3562846537706.4395,3260.3157708199315,0.0020626242127064305,0.1423455474844961,0.9989668433640259
7722,3562885711414.9785,3260.4188670211392,0.002062894726842111,0.1423458789874515,0.9989608606052852
7723,3562906727928.471,3260.474108466739,0.002063038834509875,0.14234602723664602,0.9989577352116626
7724,3562922490313.592,3260.5155057856086,0.002063146417270665,0.1423461240182649,0.9989554064427063
7725,3562923229175.394,3260.5174459654945,0.0020631514541212823,0.14234612836904104,0.9989552993022314
7726,3562924337468.098,3260.520568253037,0.002063160604725411,0.1423461714165073,0.9989552201632405
7727,3562925834996.793,3260.524767013524,0.002063172847225144,0.1423462271316467,0.9989551504935308
7728,3562927414255.753,3260.5291764760254,0.002063185640145438,0.14234628343506944,0.9989551145537001
7729,3562929068717.334,3260.5337790972344,0.002063198931203696,0.14234634005471983,0.9989551113066013
7730,3562930804209.3896,3260.538591274812,0.0020632127659282007,0.14234639712913863,0.9989551385292472
7731,3562932627767.68,3260.5436323766376,0.002063227197579935,0.142346454804227,0.9989551934122276
7732,3562934547297.32,3260.5489239249705,0.0020632422849105286,0.14234651322712846,0.9989552725331616
7733,3562936571681.19,3260.554489955689,0.002063258093218268,0.14234657255127983,0.9989553717859334
7734,3562938710927.5596,3260.560357454174,0.002063274695564774,0.14234663294031,0.9989554862804007
7735,3562940976344.1035,3260.5665568479176,0.002063292174113456,0.1423466945711828,0.9989556102171473
7736,3562943380742.294,3260.5731225743284,0.0020633106216477043,0.14234675763697055,0.9989557367390393
7737,3562945938677.6445,3260.580093741242,0.0020633301433182574,0.1423468223494338,0.9989558577633891
7738,3562948666732.228,3260.58751489987,0.0020633508586702675,0.14234688894142491,0.9989559637980621
7739,3562951583846.921,3260.5954369512324,0.0020633729040018386,0.14234695766906338,0.9989560437476973
7740,3562954711711.926,3260.603918209489,0.0020633964351085264,0.1423470288135149,0.9989560847209323
7741,3562958075225.353,3260.613025648661,0.0020634216304729605,0.14234710268209916,0.9989560718553028
7742,3562961703030.8647,3260.6228363614227,0.002063448694960654,0.14234717960832527,0.9989559881862892
7743,3562965628146.784,3260.633439261382,0.0020634778640824655,0.14234725995019207,0.9989558145983032
7744,3562969888700.5205,3260.644937064486,0.0020635094088937178,0.14234734408605074,0.9989555299085162
7745,3562974528783.935,3260.6574485845617,0.002063543641583996,0.1423474324068283,0.9989551111523504
7746,3562979599447.63,3260.6711115563107,0.0020635809223508955,0.14234752530643932,0.9989545339298814
7747,3562985159855.5205,3260.6860852173095,0.002063621665121354,0.14234762315343602,0.9989537739809771
7748,3562991278626.2466,3260.7025542254073,0.002063666346912436,0.14234772627151815,0.9989528079233804
7749,3562998035395.823,3260.7207326088096,0.0020637155166869383,0.14234783489967215,0.9989516151738682
7750,3563005522647.348,3260.7408684130173,0.002063769805678591,0.1423479491420336,0.9989501800698589
7751,3563013847868.8555,3260.763249142832,0.0020638299393760285,0.14234806890538823,0.998948493989663
7752,3563023136119.3955,3260.78820818693,0.002063896751628047,0.14234819382384417,0.9989465569680337
7753,3563033317644.7065,3260.8155541102306,0.0020639696640547666,0.14234832064920072,0.9989444230206157
7754,3563044306016.7905,3260.8450498637903,0.0020640479838589755,0.1423484461710087,0.9989421564701015
7755,3563056197099.9146,3260.8769466156155,0.0020641323154012665,0.14234856928366715,0.9989397824593002
7756,3563069107123.9873,3260.911522476976,0.0020642233254740336,0.1423486886780994,0.9989373434663193
7757,3563083164838.8687,3260.9490999234845,0.0020643217882204026,0.1423488028686898,0.9989348395810166
7758,3563098512886.0396,3260.990086878436,0.002064428676808827,0.1423489097658842,0.9989322267509988
7759,3563115309777.8096,3261.0348953117737,0.0020645449552683724,0.14234900660417535,0.998929497712074
7760,3563133732229.105,3261.083984287588,0.0020646716866645847,0.1423490899121554,0.9989266342744013
7761,3563153977542.6064,3261.137865515617,0.0020648100412125744,0.14234915530558578,0.9989236104235373
7762,3563176265889.0117,3261.1971088743962,0.002064961303261246,0.14234919724364256,0.9989203957681531
7763,3563200353390.4756,3261.2610505392,0.0020651235984826635,0.1423492090052273,0.9989170264131007
7764,3563226358305.7524,3261.3299888167494,0.002065297502477663,0.14234918432057028,0.9989134873129302
7765,3563254478047.104,3261.404427871441,0.002065484077841367,0.1423491157222632,0.9989097589047062
7766,3563284928760.9155,3261.48491921457,0.0020656844639791293,0.14234899424204497,0.9989058213206096
7767,3563317943365.089,3261.5718932255886,0.0020658994391563393,0.14234880902644254,0.9989017771462197
7768,3563353772946.707,3261.665946269433,0.0020661301949026515,0.14234854895596352,0.9988974731930836
7769,3563392388374.0786,3261.7671720620715,0.002066376612574474,0.14234820163615008,0.9988928528881688
7770,3563413055969.1914,3261.821299438904,0.0020665076935768426,0.1423479920823874,0.998890427741666
7771,3563428556665.526,3261.861869772098,0.00206660561075186,0.14234782342540703,0.9988886201624958
7772,3563430009855.8066,3261.8659591211117,0.002066616945651206,0.14234785687976528,0.998888553069797
7773,3563431515921.545,3261.870174870636,0.0020666285580756994,0.14234788885807761,0.9988885251839069
7774,3563433089519.284,3261.8745611243617,0.0020666405728748463,0.14234791981061054,0.9988885341894886
7775,3563434736515.3975,3261.879135110118,0.0020666530367542046,0.14234794984204574,0.9988885784033864
7776,3563436463039.295,3261.883914043919,0.0020666659949383297,0.14234797900705515,0.9988886557034574
7777,3563438275913.494,3261.8889166816475,0.0020666794959485193,0.14234800733940883,0.99888876345453
7778,3563440182768.618,3261.8941637684493,0.002066693592987323,0.14234803486042755,0.9988888984670322
7779,3563442192162.345,3261.899678424047,0.002066708345018977,0.1423480615825531,0.9988890569325896
7780,3563444313717.7085,3261.905486552852,0.002066723817856706,0.14234808751098935,0.9988892343316181
7781,3563446558284.8335,3261.911617302694,0.002066740085340766,0.14234811264422179,0.9988894253194387
7782,3563448938130.3047,3261.918103590907,0.0020667572306640397,0.1423481369737372,0.9988896235929626
7783,3563451467159.0913,3261.9249827151452,0.0020667753478929925,0.14234816048307133,0.9988898217401808
7784,3563454161174.7256,3261.9322970650787,0.0020667945437235174,0.14234818314613715,0.9988900110770706
7785,3563457038184.336,3261.9400949550104,0.002066814939518283,0.14234820492468642,0.9988901814765856
7786,3563460118756.0957,3261.9484315976697,0.002066836673670011,0.14234822576466663,0.9988903212001343
7787,3563463426437.668,3261.9573702419607,0.0020668599043383584,0.14234824559112422,0.998890416747252
7788,3563466988245.341,3261.966983501558,0.002066884812614794,0.14234826430117709,0.9988904527451992
7789,3563470835234.6816,3261.9773549009556,0.002066911606164064,0.14234828175440484,0.998890411913215
7790,3563475003164.811,3261.988580669784,0.0020669405233961296,0.14234829775981778,0.9988902751462212
7791,3563479533269.888,3262.0007718173792,0.002066971838218454,0.1423483120583255,0.99889002177712
7792,3563484473153.367,3262.014056429268,0.0020670058651062416,0.14234832429675395,0.9988896302109426
7793,3563489877823.333,3262.028582662281,0.002067042966012612,0.1423483340042038,0.9988890783944996
7794,3563495810891.5527,3262.044521692005,0.0020670835565090298,0.14234834054601048,0.9988883453402817
7795,3563502345965.212,3262.062071363151,0.0020671281136191884,0.1423483430746012,0.9988874126717039
7796,3563509568269.6543,3262.0814603506765,0.0020671771845102147,0.14234834046521014,0.9988862665236901
7797,3563517576553.108,3262.102953264787,0.0020672314002161034,0.14234833134236788,0.9988848988602734
7798,3563526485344.207,3262.1268381745426,0.002067291435943265,0.14234831380151,0.998883326188336
7799,3563536327237.445,3262.1532158887526,0.0020673574857623415,0.14234828571330982,0.9988815549463618
7800,3563546927029.1655,3262.1816120681233,0.0020674283063914726,0.14234824565794382,0.9988796617269142
7801,3563558368210.6436,3262.212246032652,0.0020675043922686195,0.14234819150397227,0.9988776752607754
7802,3563570757539.1865,3262.2453974935597,0.0020675863782659495,0.1423481206811802,0.998875617636648
7803,3563584213073.9897,3262.2813751053836,0.002067674959874436,0.14234803017652528,0.9988735029079914
7804,3563598865112.67,3262.3205190145445,0.0020677708977188424,0.14234791646635386,0.9988713351014699
7805,3563614857970.0767,3262.363205641141,0.0020678750268593032,0.14234777541832638,0.9988691074024656
7806,3563632351849.3696,3262.409852794902,0.0020679882660276077,0.1423476021617182,0.9988668029084121
7807,3563651525052.117,3262.4609253757467,0.002068111627010953,0.14234739091152798,0.9988643973984105
7808,3563672576187.0503,3262.516939633772,0.002068246219007265,0.14234713474495803,0.9988618637762359
7809,3563695490225.7915,3262.577842781738,0.0020683917663946467,0.14234682873111804,0.9988592007904713
7810,3563720176932.3335,3262.6433830182136,0.0020685475204708483,0.14234646902560794,0.9988564169108902
7811,3563746804251.4517,3262.713955951081,0.0020687142589117793,0.1423460478102246,0.9988535221279983
7812,3563775567044.036,3262.790076512881,0.0020688930239209993,0.14234555594607567,0.9988504653781126
7813,3563806675036.3555,3262.8723017638317,0.0020690849116037358,0.14234498246024535,0.9988472279731028
7814,3563840353478.109,3262.9612050048245,0.002069291010860735,0.14234431470098868,0.9988438077841865
7815,3563876844559.2266,3263.0574005135522,0.0020695124607749272,0.14234353815210465,0.9988401946021719
7816,3563915859029.625,3263.1601010718673,0.0020697471641457853,0.1423426492656454,0.9988364261681315
7817,3563936704672.2256,3263.2149296878138,0.0020698718651896543,0.14234215383816295,0.9988344390786477
7818,3563940613230.213,3263.2252079141626,0.002069895205212212,0.14234205968821986,0.9988340689398868
7819,3563942078939.4585,3263.2293633353775,0.0020699062283185657,0.14234207618522116,0.9988340132630819
7820,3563943567278.0757,3263.2335605509097,0.0020699172866067025,0.1423420902442089,0.998833999932299
7821,3563945119932.3535,3263.2379203134774,0.002069928703175866,0.14234210243996492,0.9988340256751559
7822,3563946743508.997,3263.242462043041,0.0020699405285890954,0.14234211281666673,0.9988340888905708
7823,3563948443853.72,3263.2472022949673,0.002069952804384736,0.1423421213580668,0.9988341876028215
7824,3563950227416.557,3263.252158936238,0.0020699655746007745,0.1423421280194057,0.9988343193815333
7825,3563952101393.817,3263.2573516681377,0.0020699788873094595,0.1423421327345729,0.9988344813035858
7826,3563954073837.336,3263.2628023872307,0.002069992795600413,0.14234213541841126,0.9988346698972193
7827,3563956153779.4854,3263.268535561094,0.002070007358539409,0.14234213596689543,0.9988348810585421
7828,3563958351378.8613,3263.274578645752,0.0020700226421951325,0.14234213425600778,0.9988351099497106
7829,3563960678090.3633,3263.280962562852,0.0020700387207882574,0.142342130139606,0.99883535087981
7830,3563963146863.9165,3263.2877222507814,0.002070055678000748,0.14234212344634514,0.9988355971710484
7831,3563965772376.778,3263.29489730535,0.0020700736084826974,0.14234211397557514,0.9988358410123773
7832,3563968571305.1304,3263.3025327264313,0.0020700926195936237,0.14234210149205012,0.9988360733044693
7833,3563971562641.47,3263.310679788689,0.0020701128334164147,0.14234208571918147,0.9988362835144223
7834,3563974768065.2134,3263.319397057163,0.0020701343890865754,0.14234206633048646,0.9988364595348196
7835,3563978212374.841,3263.3287515696675,0.0020701574454782814,0.14234204293874247,0.9988365875775146
7836,3563981923990.9307,3263.3388202106385,0.002070182184291957,0.1423420150822329,0.9988366521257367
7837,3563985935540.462,3263.349691299727,0.002070208813575004,0.14234198220713556,0.9988366359836786
7838,3563990284534.0166,3263.3614664322236,0.002070237571754619,0.14234194364552924,0.9988365204850874
7839,3563995014149.027,3263.3742625992904,0.002070268732216644,0.14234189858773869,0.9988362858871572
7840,3564000174134.4004,3263.388214613251,0.0020703026084367758,0.14234184604702685,0.9988359120330395
7841,3564005821855.1436,3263.403476560714,0.002070339556369377,0.14234178481478346,0.9988353808276773
7842,3564012023500.1465,3263.420222038873,0.0020703799736643777,0.14234171341278823,0.9988346799213693
7843,3564018855483.978,3263.4386637420967,0.0020704243473482326,0.14234163002338543,0.9988337872386646
7844,3564026406083.0933,3263.459039713468,0.0020704732160457965,0.14234153238979777,0.9988326944290503
7845,3564034777359.4717,3263.481624458093,0.0020705271957125637,0.14234141773079279,0.9988314005396032
7846,3564044087440.077,3263.506734874755,0.0020705869914965543,0.14234128263042073,0.9988299129771375
7847,3564054172024.4185,3263.533921111113,0.0020706514802886983,0.1423411277152224,0.9988282995669353
7848,3564065027512.93,3263.5631701391953,0.002070720584846443,0.1423409514563362,0.9988266005727263
7849,3564076746393.74,3263.594727076321,0.0020707948349616943,0.1423407506695793,0.9988248396117972
7850,3564089435201.4185,3263.628872475174,0.0020708748346338728,0.14234052162752056,0.9988230352738299
7851,3564103211251.612,3263.6659146711413,0.002070961243128331,0.14234026007539863,0.9988211979985124
7852,3564118203981.031,3263.7061934480275,0.00207105478201852,0.1423399611527076,0.9988193286564866
7853,3564134556591.086,3263.7500830844792,0.002071156239699917,0.14233961928177727,0.9988174198789453
7854,3564152427972.0312,3263.798000021423,0.0020712664872737144,0.14233922804381385,0.9988154537948868
7855,3564171994632.138,3263.8504080665684,0.0020713864857216133,0.14233877997026956,0.9988134070771001
7856,3564201344622.299,3263.928910191703,0.002071565097047217,0.14233806951326247,0.9988104978456467
7857,3564245369607.539,3264.0464328167295,0.0020718301461372032,0.14233692474594106,0.9988063759451555
7858,3564278388346.469,3264.1344095263244,0.002072027086832272,0.14233601665806903,0.9988033983212253
7859,3564327916454.8643,3264.2660968856076,0.002072319300565031,0.14233456813595144,0.9987991042666918
7860,3564402208617.458,3264.463085771504,0.0020727510145669265,0.1423322140407811,0.9987929840781603
7861,3564457927739.4033,3264.610512788707,0.00207307068875321,0.14233033345038015,0.9987885037371329
7862,3564460539573.2446,3264.617420604311,0.0020730856226293284,0.1423302437718031,0.9987882949895696
7863,3564462498448.626,3264.622601168337,0.0020730968184713636,0.14233017638056752,0.9987881375369511
7864,3564465436761.6973,3264.630968473729,0.0020731181580068542,0.1423301793282039,0.9987880929788762
7865,3564469844231.304,3264.643386407249,0.0020731493195798884,0.14233016623802844,0.9987882948567766
7866,3564475657707.4463,3264.6596103758407,0.00207318936898842,0.1423301263582756,0.9987888206693497
7867,3564482548075.3257,3264.6786873376896,0.002073235762203949,0.14233005545045907,0.9987895550043281
7868,3564490772325.5635,3264.701312201521,0.0020732900654156054,0.1423299466719448,0.9987903240380608
7869,3564500775671.362,3264.7286957933247,0.0020733550378062033,0.1423297891380554,0.9987908761571195
7870,3564513216764.5527,3264.762633410627,0.0020734347430589844,0.1423295657650422,0.998790865693941
7871,3564529073509.427,3264.805793207601,0.0020735351524658057,0.14232924881381878,0.9987898819398449
7872,3564549813119.6313,3264.8621652624547,0.0020736650379515665,0.1423287913626445,0.9987875795462924
7873,3564577654128.23,3264.9377522731,0.002073837330208515,0.14232811365207115,0.9987838712112962
7874,3564614027395.65,3265.0363008079757,0.0020740592332793577,0.1423271359834227,0.9987792687399124
7875,3564637170417.061,3265.098953337518,0.0020741991399318895,0.14232647403896043,0.998776557084904
7876,3564671884949.177,3265.1928076600284,0.0020744068850934243,0.1423254190196643,0.9987729687334603
7877,3564723956747.351,3265.333275929013,0.002074714259598186,0.14232371737068034,0.9987683119791401
7878,3564762765796.049,3265.4377887502114,0.0020749408657508963,0.1423223789482417,0.9987650755349521
7879,3564820979369.0947,3265.5942046962127,0.0020752764941563196,0.14232025430012715,0.9987605939286532
7880,3564864639548.8794,3265.7113392043416,0.002075525668520294,0.1423185881868108,0.9987573357597707
7881,3564930129818.5557,3265.8867034763857,0.002075894950646405,0.14231596368394986,0.9987527423194896
7882,3564979247520.8135,3266.018041484194,0.0020761691155539793,0.14231391468751808,0.9987493630062504
7883,3564988457089.9863,3266.0426558263953,0.0020762203298882688,0.14231352485616433,0.9987487199530256
7884,3564995364266.8667,3266.061113374415,0.0020762586895671825,0.14231323099485704,0.9987482360817411
7885,3565000544649.5273,3266.0759803449355,0.002076295337042928,0.14231319134525297,0.9987482895542031
7886,3565006050801.0234,3266.0916216334585,0.0020763331352301167,0.1423131236360366,0.9987486852628966
7887,3565012400449.325,3266.109544328212,0.00207637573366511,0.1423130215985673,0.9987493118811079
7888,3565019885452.7354,3266.130519290963,0.002076424854317953,0.1423128770593395,0.9987500952613826
7889,3565028875518.42,3266.1555676263715,0.0020764827602352143,0.1423126785742441,0.9987508389003931
7890,3565039898474.0312,3266.186147828757,0.002076552657604553,0.1423124088940213,0.9987512606813745
7891,3565053726771.5513,3266.2243973007644,0.0020766392011699213,0.14231204122926766,0.9987509962707904
7892,3565071506504.119,3266.2734874814487,0.0020767492062267437,0.14231153268678925,0.9987496618841307
7893,3565094954017.0957,3266.3381581940157,0.0020768926804717483,0.14231081303436655,0.9987470114722514
7894,3565126656521.057,3266.425501354336,0.0020770842721236134,0.1423097659716707,0.9987431360801569
7895,3565166662590.917,3266.535549466675,0.002077322713639675,0.1423083449593002,0.9987387573997313
7896,3565217665388.627,3266.675546058668,0.0020776221147108297,0.1423064017768209,0.9987341150088322
7897,3565283803953.8096,3266.856650791565,0.0020780041012268555,0.14230370413583737,0.9987290106047753
7898,3565367617963.4067,3267.0855252304527,0.0020784796870205948,0.14230004784157518,0.9987232829948438
7899,3565393868376.565,3267.157138236081,0.0020786274056028725,0.14229886610002132,0.9987214517799895
7900,3565433243996.3027,3267.2644638493907,0.002078847514878467,0.14229705100473072,0.998718901303917
7901,3565492307425.909,3267.4251972796437,0.002079174419021098,0.1422942381489896,0.9987154102870576
7902,3565514456212.011,3267.485436710915,0.0020792963499884575,0.14229316365007416,0.9987140550847102
7903,3565531067801.5884,3267.53060241651,0.0020793875360307842,0.14229234992136422,0.9987130434043597
7904,3565537297147.68,3267.5475369902097,0.0020794216804103116,0.14229204325258205,0.9987126635518271
7905,3565541969157.249,3267.560236678628,0.0020794472675201843,0.14229181262754415,0.9987123799866502
7906,3565548977171.602,3267.580662595625,0.002079496321637966,0.1422917119768932,0.9987125671253685
7907,3565554852775.698,3267.5975759904613,0.002079536047580264,0.14229159807394945,0.9987131207584886
7908,3565561475649.284,3267.616477208576,0.002079579693029413,0.14229144512209413,0.9987139197540496
7909,3565569285322.1035,3267.6386137534982,0.002079630062950531,0.14229124042936006,0.9987148312454779
7910,3565578690840.0547,3267.6651318795316,0.002079689635233603,0.14229096892516827,0.9987156438124626
7911,3565590258102.9565,3267.697617599062,0.0020797618011103506,0.14229060847620786,0.9987160619219619
7912,3565604812005.435,3267.7383840291413,0.002079851455443957,0.14229012504719232,0.9987157247771775
7913,3565623572680.6777,3267.7908527093136,0.002079965738012798,0.1422894648353899,0.9987142873112239
7914,3565648359836.443,3267.860111645794,0.002080115070560617,0.14228854111739775,0.9987115953741726
7915,3565681316483.149,3267.9521023600723,0.002080311186306403,0.14228723760293147,0.9987079011216372
7916,3565722724048.0093,3268.0675042393127,0.002080554248772966,0.14228550045022167,0.9987038784086034
7917,3565775493247.377,3268.2142770270393,0.002080859493743352,0.1422831571570812,0.9986996773320671
7918,3565809668412.2817,3268.3092087050663,0.0020810552223232584,0.1422815828630368,0.9986972011372532
7919,3565860931159.6387,3268.4513822484164,0.002081345731443343,0.14227913482321547,0.998693921338391
7920,3565937825280.6743,3268.664069297908,0.002081775179462232,0.1422752953424362,0.9986895348702579
7921,3565992072467.598,3268.8139005105136,0.0020820748957924005,0.14227249330627156,0.9986864596292204
7922,3566073443247.9834,3269.0382551096245,0.0020825190234986836,0.14226813680176464,0.9986822696135199
7923,3566088700269.3057,3269.080310622328,0.002082601885912542,0.14226730665990353,0.9986813910594284
7924,3566100143035.2974,3269.111848053422,0.0020826639227639232,0.14226668062389491,0.9986807383463612
7925,3566104434072.544,3269.1245808061585,0.0020826942244376407,0.14226660735221242,0.9986807169686819
7926,3566109599330.997,3269.1397505691702,0.002082729621625334,0.14226649599367255,0.9986810666343916
7927,3566115576756.654,3269.1571442136587,0.0020827694713778247,0.1422663431334664,0.9986817387326796
7928,3566122564177.736,3269.1773224591834,0.0020828149570059945,0.14226614037683966,0.99868262555348
7929,3566130864630.8027,3269.2011451649073,0.002082867898545454,0.14226587503572935,0.9986835660745614
7930,3566140910366.57,3269.229840030675,0.0020829308797457972,0.14226552848345747,0.9986843283661294
7931,3566153324543.7734,3269.2651803535937,0.0020830076047575344,0.1422650728603283,0.9986846040977855
7932,3566169017576.554,3269.3097596692746,0.002083103432746258,0.14226446541902144,0.998684043162076
7933,3566189332848.3813,3269.3674015001193,0.002083226145795694,0.14226363906971828,0.9986823635469549
7934,3566216266551.259,3269.443761730148,0.0020833870348168975,0.1422624870042139,0.9986795299947261
7935,3566251061948.6055,3269.5423115834833,0.002083592344508266,0.14226092015405636,0.9986759907307157
7936,3566294805749.401,3269.6660130180003,0.002083846998373626,0.14225884857512391,0.9986722671734103
7937,3566350624079.3433,3269.8235664604276,0.002084167365310241,0.14225607351909464,0.998668401616171
7938,3566386709427.579,3269.9253043113536,0.0020843725033257423,0.14225422187278902,0.9986661003650102
7939,3566440837449.933,3270.0776992690876,0.002084677131065325,0.14225135704190184,0.9986630763164643
7940,3566522029483.464,3270.3058535609684,0.002085128040334874,0.14224689056820272,0.998658996602003
7941,3566578729840.7207,3270.465016890125,0.0020854398224008637,0.142243678893337,0.9986561224011858
7942,3566663780376.606,3270.703374435462,0.0020859021141712117,0.1422387100215875,0.9986522784512206
7943,3566671753864.3447,3270.725715234543,0.002085945274523775,0.14223823843120786,0.9986518488055082
7944,3566674743922.2466,3270.7340928793587,0.002085961450654974,0.14223806128737643,0.998651686127832
7945,3566679229009.1,3270.7476617815437,0.0020859934111992873,0.14223797077633651,0.9986516045987003
7946,3566684378322.7163,3270.7630650495316,0.0020860289374810236,0.1422378422756227,0.9986519162851053
7947,3566690302845.2876,3270.780619576922,0.002086068667939605,0.14223766998549534,0.9986525615275482
7948,3566697209224.496,3270.800924351685,0.002086113862776485,0.14223744476666078,0.9986534366191901
7949,3566705389067.4517,3270.8248217004507,0.002086166280868894,0.14223715331294814,0.998654387659736
7950,3566715253878.03,3270.853500845259,0.002086228389651877,0.14223677629725814,0.9986551943790366
7951,3566727393225.312,3270.888668703742,0.002086303705182794,0.14223628510511377,0.9986555648066269
7952,3566742663216.034,3270.932807168938,0.0020863972881696967,0.14223563635979292,0.9986551652328793
7953,3566762319374.029,3270.9895533557137,0.002086516448828612,0.14223476286434733,0.9986537176875746
7954,3566788215971.414,3271.0642576800647,0.0020866717441092187,0.14223355902986715,0.9986511691264585
7955,3566821793546.9795,3271.1610310793067,0.0020868707232561995,0.14223192446693306,0.9986479019694138
7956,3566863792524.8384,3271.2819144996433,0.0020871164346858103,0.14222978533076108,0.9986444551398996
7957,3566917080487.5225,3271.435027377498,0.002087423998407108,0.14222695042572045,0.9986409394605594
7958,3566985719412.015,3271.631868416328,0.0020878145830355017,0.14222314053204554,0.9986371697110544
7959,3567007049902.5547,3271.693002215485,0.0020879351710602853,0.1422219325606354,0.9986359479223517
7960,3567023047770.4595,3271.7388386850394,0.0020880253320426354,0.1422210181680128,0.9986350658507612
7961,3567047044572.3164,3271.8075602692206,0.00208816005939192,0.14221963181764305,0.9986338593952695
7962,3567083039775.102,3271.9105609617345,0.0020883610373646083,0.1422175211992444,0.998632235766428
7963,3567137032579.2793,3272.064885568651,0.0020886601938125493,0.1422142913007881,0.9986299762564036
7964,3567177527182.413,3272.1805061019845,0.00208888304618352,0.1422118274979393,0.9986282593344948
7965,3567238269087.1133,3272.3537031258484,0.0020892146976462644,0.14220806193067823,0.9986258550220709
7966,3567261047301.376,3272.4186309304996,0.0020893385373901632,0.1422066334226094,0.9986248512604042
7967,3567263182758.963,3272.424717832885,0.002089350136092102,0.1422064991168682,0.9986247523327951
7968,3567266385945.344,3272.434630917249,0.002089373453139388,0.14220643105656344,0.998624597615192
7969,3567271182586.663,3272.449304050799,0.0020894072596593107,0.14220630624876016,0.998624772408086
7970,3567276775737.336,3272.4662381650146,0.002089445505332237,0.1422061359876411,0.9986253205914087
7971,3567283260562.0923,3272.4857057239424,0.002089488700246012,0.14220591394598547,0.9986261536062786
7972,3567290879227.6577,3272.5084184970606,0.0020895383146217056,0.14220562828686514,0.998627139093618
7973,3567299980431.6147,3272.535401720005,0.0020895964586322567,0.1422052617022873,0.9986280865535831
7974,3567311059577.814,3272.5681144763957,0.002089666116972134,0.14220478892944996,0.9986287361849125
7975,3567324828830.315,3272.6086582336725,0.002089751552251857,0.1422041723475889,0.9986287713377835
7976,3567342323431.999,3272.6600891317285,0.0020898588882417306,0.14220335467230671,0.9986278846072689
7977,3567365060013.4937,3272.7268734162108,0.002089996927061362,0.14220224715999577,0.9986259169464053
7978,3567395274509.2334,3272.815554336749,0.002090178315978139,0.14220071131153403,0.9986230058581373
7979,3567432854333.268,3272.925745529443,0.0020904012385448267,0.1421987187027827,0.9986197746248905
7980,3567480018244.3013,3273.06389235153,0.002090677620223148,0.14219611461315634,0.9986164903293133
7981,3567540166875.722,3273.2397678959273,0.0020910254291541504,0.14219266048861964,0.9986131361590133
7982,3567616234022.8784,3273.4617961295735,0.0020914593667753292,0.14218812363089658,0.998609511900702
7983,3567639752171.2915,3273.530478823867,0.002091592908017124,0.14218669627615613,0.9986082367946479
7984,3567675029393.9106,3273.633443474512,0.0020917922103852065,0.14218452581235877,0.9986066158552881
7985,3567701487310.875,3273.710630436925,0.0020919410380710953,0.14218287886173547,0.9986054723551108
7986,3567741174186.322,3273.826330365643,0.002092163132520404,0.14218037610983802,0.9986039343559475
7987,3567770939342.9067,3273.9130631483536,0.0020923289757879947,0.14217847772433154,0.9986027752400337
7988,3567815587077.7837,3274.0430725958745,0.0020925764515670096,0.14217559372985952,0.9986011542757612
7989,3567849072878.9424,3274.1405344690534,0.002092761231522912,0.14217340625336838,0.998599901433387
7990,3567861630054.3765,3274.177077624455,0.0020928303744229874,0.14217258123791027,0.9985994020086166
7991,3567863984524.77,3274.183929095019,0.0020928433302411548,0.14217242628769072,0.9985993059219154
7992,3567865750377.565,3274.1890675717864,0.002092853044859064,0.14217231000884373,0.9985992340030164
7993,3567868399156.7583,3274.1974781205704,0.0020928728329865707,0.1421722517249468,0.9985990301105307
7994,3567872372325.5483,3274.209949277607,0.002092901617544805,0.14217214636569428,0.9985990580103665
7995,3567877632883.1562,3274.226283416279,0.002092938566940876,0.1421719828403383,0.9985994744006125
7996,3567883756832.2754,3274.2451238390468,0.002092980400643956,0.14217176753865368,0.9986002256234269
7997,3567890905824.9487,3274.2669510380297,0.002093028074179793,0.1421714911805546,0.9986011944519124
7998,3567899375193.59,3274.2926513711277,0.002093083402356658,0.1421711384207497,0.9986022145006569
7999,3567909586556.682,3274.323492254394,0.002093148968905748,0.14217068693106058,0.9986030555147877
8000,3567922140906.865,3274.3612841246054,0.0020932284386522403,0.14217010393278415,0.9986034242291834
8001,3567937904187.199,3274.4086398947497,0.0020933270479835562,0.14216934031409761,0.998603004226054
8002,3567958134874.4146,3274.4693612002147,0.002093452314241027,0.14216832116442532,0.9986015587146915
8003,3567984673893.226,3274.5489626820727,0.0020936149219395496,0.1421669303135302,0.9985991135940472
8004,3568018457436.5225,3274.6502106032353,0.00209381959143188,0.14216508765851005,0.9985961112369716
8005,3568060497771.351,3274.776052810631,0.002094071234377774,0.14216270375402648,0.998593018872258
8006,3568113567069.825,3274.9346691465603,0.0020943849414217486,0.14215958030267234,0.9985899291405564
8007,3568181527121.7075,3275.1370737803736,0.002094780615885177,0.14215543603135067,0.9985868425788059
8008,3568202516645.198,3275.1994833109093,0.002094901937816892,0.14215413482842462,0.998585808222392
8009,3568234000930.4346,3275.293042617582,0.0020950830853785894,0.14215215922725125,0.9985844214976907
8010,3568257614144.362,3275.3631753637987,0.002095218394995003,0.14215066184318234,0.9985834328106069
8011,3568293033965.2524,3275.4682955623507,0.002095420380275582,0.14214838912384878,0.9985821129039496
8012,3568346163696.5884,3275.625799311519,0.002095721307261404,0.142144925192776,0.9985803036502758
8013,3568425858293.592,3275.861749763907,0.0020961686592609976,0.14213961749912774,0.9985776796799125
8014,3568455743767.4683,3275.9502199405943,0.0020963356196346296,0.1421376006796048,0.9985764834011315
8015,3568478157872.8755,3276.0165596199704,0.0020964605060419315,0.14213607772997677,0.9985756359460466
8016,3568480259195.257,3276.0227791488674,0.0020964722046440034,0.14213593460937776,0.998575551621109
8017,3568483411178.83,3276.0329627914375,0.0020964960764413916,0.14213586016228846,0.99857528046997
8018,3568488095821.6387,3276.047915760586,0.0020965303933452055,0.14213572592870014,0.9985753270553273
8019,3568493529413.191,3276.0650718557913,0.002096568967537296,0.14213554482235102,0.9985757763715792
8020,3568499794089.8853,3276.0846743991997,0.002096612243172711,0.14213531078031127,0.9985765500184094
8021,3568507106203.974,3276.1073853013604,0.002096661576582722,0.14213501233597448,0.9985775276087819
8022,3568515774229.631,3276.1341465779183,0.0020967188896212096,0.14213463288278755,0.9985785394880994
8023,3568526231154.121,3276.1662820149454,0.002096786867789025,0.142134148565377,0.9985793535986007
8024,3568539091851.894,3276.2056762823368,0.0020968693084431494,0.1421335245354223,0.9985796794023061
8025,3568555239260.695,3276.25503841729,0.0020969716136674333,0.1421327087858292,0.9985792157224422
8026,3568575951408.2817,3276.3182835277257,0.002097101477616621,0.1421316223108796,0.9985777623569277
8027,3568603089856.2886,3276.4009872339025,0.002097269611235555,0.1421301442088844,0.9985754312369389
8028,3568637264388.8857,3276.5050151881396,0.0020974789459237185,0.1421282117695227,0.998572602192027
8029,3568679703797.023,3276.6340767503157,0.0020977359812227093,0.14212572315728278,0.9985696719709792
8030,3568733173016.766,3276.7963946696605,0.002098055828684895,0.14212247661340635,0.998566785384781
8031,3568801479217.743,3277.0032335335545,0.00209845892788505,0.14211818672979262,0.9985638182684835
8032,3568885470451.239,3277.2570482310925,0.0020989481811190544,0.142112738056257,0.9985606286341805
8033,3568937269073.982,3277.4134678488367,0.0020992474732127865,0.1421093039837434,0.9985585943269246
8034,3569014967008.096,3277.647916739524,0.0020996927452578075,0.1421040431331514,0.9985560779252792
8035,3569073240458.682,3277.823566307291,0.002100024172711735,0.14210002722103612,0.9985541678390479
8036,3569095093002.6514,3277.889407384279,0.0021001480005264413,0.1420985079457834,0.9985533807409529
8037,3569103287706.639,3277.9140942760346,0.0021001943737642206,0.14209793638817125,0.998553080721708
8038,3569106360720.635,3277.923351506803,0.0021002117553743636,0.14209772179793367,0.9985529677489063
8039,3569108665481.1313,3277.9302942524714,0.002100224788173229,0.14209756075382846,0.9985528837152007
8040,3569112122621.877,3277.9416932123645,0.002100251559252359,0.1420974781073206,0.9985525338807588
8041,3569116827707.633,3277.956993569329,0.002100286680896611,0.14209733969056718,0.9985525500341059
8042,3569122246823.5107,3277.9744205930115,0.0021003258624028784,0.14209715421687724,0.9985529798142427
8043,3569128481997.6753,3277.99428937018,0.0021003697184674647,0.14209691515757744,0.9985537438935503
8044,3569135745597.706,3278.017261096489,0.0021004196045928247,0.1420966110343335,0.9985547249383284
8045,3569144336434.1494,3278.0442648950057,0.0021004774158472467,0.1420962253878994,0.9985557565490697
8046,3569154671734.034,3278.076599714956,0.002100545786823158,0.14209573470483036,0.9985566122639133
8047,3569167341195.7236,3278.116105165905,0.0021006284232645395,0.14209510481937843,0.9985570104243762
8048,3569183187329.098,3278.165412386633,0.0021007305732886413,0.14209428509450556,0.9985566575561003
8049,3569203423335.007,3278.2283049767975,0.0021008596791979844,0.14209319916208854,0.9985553521780851
8050,3569229807014.6997,3278.3100283690023,0.002101025760076955,0.1420917310168034,0.9985532616295715
8051,3569263075832.765,3278.4129877183764,0.0021012329616469966,0.14208981218356417,0.9985505926153888
8052,3569304219609.2383,3278.5401757295012,0.0021014863449479526,0.14208735413914805,0.9985478231369669
8053,3569355814684.6167,3278.6994348393514,0.0021018003756523313,0.14208416582806535,0.9985451011272718
8054,3569421418835.649,3278.901536136478,0.0021021947222338274,0.14207997799243682,0.9985423449494414
8055,3569502248315.3975,3279.149996372667,0.0021026744362883662,0.1420746558065898,0.9985394242518252
8056,3569551938578.5845,3279.302595368965,0.002102966980836187,0.14207131565774536,0.9985375824976194
8057,3569626473973.3647,3279.53119652164,0.0021034021222574783,0.14206620579885038,0.9985353314403422
8058,3569682375519.4497,3279.7025020181163,0.0021037262341314818,0.14206230925576704,0.9985335835170366
8059,3569724301679.0127,3279.8309021170126,0.0021039681250337454,0.1420593528906916,0.9985323059123267
8060,3569740023988.849,3279.8790411271452,0.0021040586140480553,0.14205823766576117,0.9985317880953443
8061,3569745919855.0386,3279.8970919716353,0.0021040925174603637,0.14205781854018226,0.9985315906100373
8062,3569750341754.6797,3279.911873015854,0.0021041271597267504,0.14205770758649058,0.9985311743295641
8063,3569755209875.7695,3279.9279366464007,0.0021041639592823077,0.14205755834084058,0.99853123151834
8064,3569760731721.4526,3279.9459654969687,0.002104204434725088,0.14205736293142557,0.9985316939268775
8065,3569767079477.3926,3279.966509705069,0.002104249736043669,0.14205711251823672,0.9985324768690913
8066,3569774476239.071,3279.9902752714374,0.002104301313339453,0.14205679488777878,0.9985334601867571
8067,3569783227058.17,3280.0182264933965,0.0021043611336571495,0.14205639289765504,0.9985344746307567
8068,3569793756193.3735,3280.051706630866,0.002104431922283428,0.14205588216635218,0.9985352926549853
8069,3569806661606.3164,3280.092612983106,0.002104517502736771,0.14205522737883447,0.9985356360533885
8070,3569822794773.0444,3280.1436498372595,0.0021046232707657214,0.14205437636594279,0.9985352256684032
8071,3569843377098.5757,3280.2086927848236,0.0021047568583626337,0.14205325094311783,0.9985338809093961
8072,3569870171098.431,3280.2933116030677,0.0021049290519332504,0.14205173257885226,0.9985316524260232
8073,3569903666688.018,3280.3990013431426,0.0021051420335718185,0.14204976523929902,0.9985290060082022
8074,3569945003013.7617,3280.5292651804148,0.0021054019283449727,0.14204725194931103,0.9985263366240911
8075,3569996731839.454,3280.692019345946,0.0021057234059656876,0.14204400168994635,0.9985237254296923
8076,3570029537413.5024,3280.7951351344,0.002105925726095153,0.14204189618594815,0.9985221939545527
8077,3570078745774.573,3280.949626377126,0.0021062268472970083,0.14203867353974137,0.9985203107445735
8078,3570115652045.3765,3281.065453324601,0.002106451419637473,0.14203621688651244,0.998518910071428
8079,3570143331748.479,3281.1523821465094,0.002106619381292576,0.14203435328926464,0.9985178595924886
8080,3570184851303.1333,3281.2826431115745,0.0021068699642977544,0.14203152309359598,0.9985165701842301
8081,3570247130635.1143,3281.4777605087966,0.0021072431322034743,0.14202720937251792,0.9985148329007751
8082,3570340549633.086,3281.7698877857893,0.002107797512406457,0.14202060327784774,0.9985123453826731
8083,3570375102423.4863,3281.8778574973107,0.002108001426852265,0.14201812795255328,0.9985111538376105
8084,3570388059719.8867,3281.918337706388,0.0021080777456975483,0.14201719533310528,0.9985107008388047
8085,3570392918706.037,3281.9335166334026,0.0021081063445017706,0.14201684498982128,0.9985105316710673
8086,3570394740825.8438,3281.9392085710206,0.0021081170661440053,0.14201671352536147,0.9985104682919446
8087,3570397474005.553,3281.948591792381,0.002108139312331751,0.14201665078261008,0.9985100454322432
8088,3570401573775.117,3281.9624970429054,0.0021081716240872734,0.14201653571426476,0.9985098419221415
8089,3570406662518.2266,3281.9795594566563,0.0021082104596668928,0.14201636713759583,0.9985100501576869
8090,3570412509608.9053,3281.9989739713415,0.002108253817924028,0.14201614731641857,0.9985106394280674
8091,3570419264618.4023,3282.0212202269745,0.0021083026656569053,0.14201586729822416,0.9985115116198034
8092,3570427172760.263,3282.047088611157,0.002108358622871873,0.14201551323518802,0.998512528566977
8093,3570436575272.9644,3282.0776799662103,0.0021084239364617748,0.14201506552052462,0.9985135003477401
8094,3570447948241.456,3282.1145330752456,0.002108501730062662,0.1420144961670179,0.9985141818882428
8095,3570461962810.2656,3282.159820901149,0.0021085963810922293,0.14201376451608408,0.9985142938046335
8096,3570479573620.8467,3282.2166346723056,0.0021087140484568933,0.14201281041357594,0.9985135890902438
8097,3570502147200.871,3282.289386052378,0.0021088633911420405,0.14201154358569076,0.9985119721260041
8098,3570531531399.776,3282.384003737727,0.0021090558131496968,0.14200983484038127,0.998509612630046
8099,3570567420935.263,3282.4994361129347,0.0021092883169871925,0.1420076740474893,0.9985070455298811
8100,3570611766272.1836,3282.6418458929593,0.002109572388091316,0.14200491435063833,0.9985045231243008
8101,3570639573002.749,3282.7310433214625,0.002109749165055033,0.14200314680453874,0.9985031068988606
8102,3570681283098.597,3282.8646536707374,0.00211001227588939,0.14200044192216887,0.9985013825275495
8103,3570712565670.4824,3282.9647639578898,0.002110208403857046,0.14199838076235333,0.998500165840587
8104,3570724296634.939,3283.002290512847,0.0021102817417249153,0.14199760195627548,0.9984996937510142
8105,3570741893081.6245,3283.058558187883,0.002110391476259493,0.14199642642096835,0.9984990490494763
8106,3570768287751.653,3283.1429083760772,0.002110555493300251,0.14199464770139522,0.9984981920870156
8107,3570807879756.695,3283.2693188074168,0.00211080029369848,0.14199194793742848,0.9984970468188986
8108,3570867267764.2583,3283.4587166773713,0.002111165066253825,0.1419878345717186,0.9984954391352324
8109,3570956349775.6045,3283.7425558180826,0.0021117078136101207,0.1419815365225399,0.9984930751413333
8110,3571021624598.2793,3283.9517671930844,0.0021121059984293136,0.14197683032923739,0.9984906783554257
8111,3571046102656.7812,3284.030265165056,0.0021122549020474272,0.1419750474442962,0.9984898128006503
8112,3571050692292.751,3284.0449789670524,0.0021122827816817086,0.14197471219223265,0.9984896499223199
8113,3571052413406.2393,3284.0504964239026,0.002112293233606663,0.14197458639138755,0.9984895892174347
8114,3571054995076.4717,3284.0596299439835,0.0021123150198125167,0.14197452883969341,0.9984890895647076
8115,3571058867581.821,3284.0731629577326,0.0021123466796555135,0.1419744227043966,0.998488765753912
8116,3571063842941.4043,3284.0903437538113,0.002112386054428825,0.14197426042602207,0.998488844879388
8117,3571069557872.0864,3284.1098770760523,0.002112429974599312,0.14197404747429848,0.9984893310105795
8118,3571076139289.8794,3284.1321793899206,0.0021124792731429354,0.1419737758267506,0.998490131408668
8119,3571083814166.3145,3284.158002641401,0.0021125355009528712,0.14197343257709671,0.998491114109563
8120,3571092898086.895,3284.188391641066,0.0021126008018122625,0.14197299941598646,0.9984921003810016
8121,3571103828910.296,3284.224798937934,0.002112678141867623,0.1419724504065024,0.9984928570749707
8122,3571117220339.155,3284.269264458402,0.0021127716587583394,0.14197174817818328,0.998493111455007
8123,3571133940457.6265,3284.324675219416,0.0021128871503753653,0.14197083788489928,0.9984926060489904
8124,3571155225201.0522,3284.395132259544,0.002113032740431925,0.14196963782532668,0.9984912038235486
8125,3571182844492.0693,3284.4864759359107,0.002113219808321111,0.14196802523606902,0.9984890072927328
8126,3571216803332.643,3284.5986590851344,0.0021134474368940145,0.141965973185174,0.998486501341296
8127,3571258539275.546,3284.736331418662,0.002113724180724176,0.14196336679775368,0.9984840048342358
8128,3571310562097.194,3284.907621043706,0.002114065282430355,0.14196001498162136,0.9984815834604103
8129,3571343400987.828,3285.0156170399946,0.0021142789968419447,0.1419578560034249,0.9984801645124493
8130,3571392659323.779,3285.1773910581896,0.002114597165920515,0.1419545551818052,0.9984784408340912
8131,3571429603075.742,3285.298594944568,0.0021148343400747387,0.1419520412033524,0.9984771851256891
8132,3571485018703.687,3285.480227590993,0.00211518787357071,0.1419482095840923,0.9984755619531993
8133,3571568142145.605,3285.75222058673,0.0021157135136201737,0.14194234332904235,0.9984734110177299
8134,3571628115357.8467,3285.94815654348,0.0021160898821486205,0.1419380393705986,0.9984717447354474
8135,3571718075176.21,3286.241580562815,0.002116649959038553,0.1419314727505179,0.9984696585945076
8136,3571722292042.696,3286.25668156354,0.0021166859211120127,0.1419313740450752,0.9984689135669016
8137,3571726993269.448,3286.273294970232,0.002116724611165318,0.141931236144933,0.9984686643410656
8138,3571732300901.142,3286.29184319362,0.0021167669464882146,0.14193105331287348,0.9984688588395704
8139,3571738359485.169,3286.3128193775365,0.0021168139701175435,0.14193081791574594,0.9984694208567911
8140,3571745360202.4326,3286.3368689797685,0.0021168670267908162,0.14193051927582662,0.9984702459796283
8141,3571753561379.895,3286.364862163452,0.0021169279166415983,0.14193014256895314,0.9984711900152203
8142,3571763316983.4277,3286.397992331139,0.0021169990962890697,0.14192966705225674,0.9984720598176061
8143,3571775118311.3203,3286.437947685898,0.0021170840435839624,0.14192906346831094,0.998472586409027
8144,3571789654116.861,3286.487038748989,0.00211718743245225,0.14192828888440448,0.9984725438835982
8145,3571807897683.9253,3286.548555850917,0.0021173158718022105,0.14192728057031534,0.9984717258848159
8146,3571831232210.302,3286.627163310452,0.00211747859982347,0.14192594520074084,0.9984700810906871
8147,3571861042032.272,3286.7274928007955,0.002117684462367783,0.14192417904383373,0.9984678334599741
8148,3571897332859.881,3286.8494920176217,0.0021179325348142384,0.14192195540363406,0.9984654393963001
8149,3571919681580.445,3286.92455811918,0.0021180842610382146,0.14192055634796835,0.9984641014355127
8150,3571953204661.291,3287.0370391851993,0.0021183102629219433,0.14191841440549025,0.9984624698344554
8151,3572003489282.56,3287.2055125740194,0.0021186462655219678,0.141915121609329,0.9984605170368647
8152,3572073720156.1406,3287.440349089039,0.002119110626724563,0.14191039635519917,0.9984582519412998
8153,3572159951918.941,3287.7277696748065,0.002119673842626681,0.14190443906372216,0.9984558513510596
8154,3572265334323.8457,3288.0782619817196,0.0021203544346235868,0.14189696299528065,0.9984531524476671
8155,3572391206107.689,3288.4962302389304,0.002121158621324536,0.14188779428257045,0.9984501042974239
8156,3572395882126.485,3288.513272419002,0.002121199424260247,0.1418876883330725,0.9984491924554882
8157,3572400643424.5464,3288.5303909793606,0.0021212394837668205,0.14188755091037963,0.9984488812374994
8158,3572405976785.9478,3288.5493585360446,0.002121282998059226,0.1418873694581249,0.9984490165094279
8159,3572412056926.8584,3288.570786972542,0.0021213312960068373,0.141887135613367,0.9984495184643858
8160,3572419076201.7886,3288.5953386048964,0.002121385768276314,0.14188683872488808,0.9984502841031128
8161,3572427290348.8325,3288.623891592406,0.0021214482432168084,0.14188646414923542,0.9984511725019114
8162,3572437048473.876,3288.6576458103586,0.0021215212066359925,0.14188599146207959,0.9984519962185326
8163,3572448833590.662,3288.6982646369906,0.0021216080863074773,0.14188539173322473,0.9984525232706132
8164,3572463320510.628,3288.748075397747,0.0021217136425059607,0.14188462328226778,0.9984525036361585
8165,3572481459292.36,3288.810353631471,0.0021218445038584353,0.14188362505455268,0.9984517361842401
8166,3572504594855.543,3288.8897219132296,0.002122009895585876,0.1418823065346326,0.9984501707002533
8167,3572534100726.045,3288.9908708165394,0.00212221887144964,0.1418805655282936,0.9984480131043466
8168,3572569924064.6797,3289.113562005879,0.0021224701490160816,0.14187837949304066,0.9984457004592584
8169,3572613912047.2725,3289.2640361997333,0.0021227756474718647,0.14187560810411376,0.9984434256751082
8170,3572668670574.9375,3289.450953845051,0.0021231517610121324,0.14187205164579636,0.9984412681721332
8171,3572736955965.813,3289.68357862664,0.002123615792793307,0.14186748843459487,0.9984390061765979
8172,3572778293563.9404,3289.8243132159178,0.0021238949321275955,0.1418646736689409,0.9984375845011607
8173,3572809296762.536,3289.92982103701,0.0021241034513401467,0.14186253799358867,0.9984365975230542
8174,3572855801560.43,3290.0879861628455,0.002124414805840754,0.1418592945821739,0.9984353859909987
8175,3572925558757.2705,3290.325020143278,0.002124878954434533,0.14185435016602696,0.9984337562993048
8176,3573030194552.5327,3290.6801466247166,0.002125569508177396,0.14184677771554555,0.998431380158345
8177,3573065345437.9766,3290.799423214182,0.002125800461190003,0.14184420068224726,0.9984302203343035
8178,3573071936228.997,3290.821789335298,0.0021258437185010855,0.14184371574295843,0.9984299839713757
8179,3573076879322.263,3290.8402376028866,0.0021258882284338337,0.14184361031607526,0.9984289814556667
8180,3573081657846.7197,3290.8578029109985,0.0021259296022928206,0.14184347636180206,0.9984286805015027
8181,3573086981566.618,3290.8771547052825,0.0021259742886990673,0.14184329889200312,0.998428845685225
8182,3573093040822.5913,3290.8989783288134,0.00212602380455836,0.1418430694259209,0.998429392366049
8183,3573100025129.6123,3290.9239412646452,0.002126079564556097,0.14184277760898445,0.9984302156421427
8184,3573108183520.278,3290.9528839008003,0.0021261433150038624,0.14184240923997904,0.9984312089644956
8185,3573117854562.1396,3290.986660694074,0.0021262166835578156,0.141841944941444,0.9984324816604978
8186,3573129504934.7153,3291.027221938887,0.0021263039263898858,0.1418413585411602,0.9984333577243132
8187,3573143784115.075,3291.076805272256,0.0021264096361179353,0.14184061030124046,0.9984336156162735
8188,3573161602903.8403,3291.138615740321,0.0021265403785393835,0.14183964287760567,0.9984330242130955
8189,3573184245560.419,3291.2171270077415,0.0021267051584221096,0.14183837086797316,0.998431555718252
8190,3573213186503.575,3291.3174425019456,0.002126913980475125,0.14183668785401152,0.9984294428794418
8191,3573248215173.031,3291.438784029809,0.002127164443844101,0.14183458061571952,0.9984271715512957
8192,3573291076558.6055,3291.5871181672846,0.0021274680289683013,0.14183191737574977,0.998424963097994
8193,3573344245033.872,3291.7709164908124,0.00212784103690476,0.14182851097726543,0.9984228119308292
8194,3573410730032.9365,3292.000479348653,0.0021283030359160416,0.14182412525020788,0.9984206093398862
8195,3573491017800.4946,3292.2773944182422,0.002128855754937561,0.14181867998684242,0.9984183023356321
8196,3573588444259.9346,3292.6131329281584,0.002129520420213031,0.14181189262659183,0.9984157658044838
8197,3573705598171.546,3293.016503882632,0.0021303123018770694,0.1418035109865193,0.9984129799719211
8198,3573740275540.123,3293.1359044914325,0.002130545645861333,0.1418009937697858,0.9984117758538282
8199,3573753279553.3394,3293.180693644788,0.0021306330581231975,0.14180004545016153,0.9984113303668049
8200,3573755717805.8174,3293.189092492757,0.002130649442882719,0.1417998673898637,0.9984112452431947
8201,3573757546495.177,3293.1953915861254,0.0021306617295574802,0.1417997337838614,0.9984111827734401
8202,3573760289529.214,3293.205837333829,0.0021306873729802006,0.14179968753587502,0.9984104346056455
8203,3573764404080.271,3293.2212864559883,0.002130724497390374,0.14179959243989915,0.9984098657042282
8204,3573769301434.6675,3293.2394545147686,0.0021307672665776254,0.14179945101214972,0.9984097460376747
8205,3573774863114.8257,3293.2598803987958,0.0021308144643179434,0.14179926248585287,0.9984100584049359
8206,3573781220115.1074,3293.2830310036184,0.0021308670747601562,0.14179901939394812,0.9984107188340422
8207,3573788571715.105,3293.3096158789717,0.002130926602304961,0.14179871068057148,0.9984116121303716
8208,3573797188674.0454,3293.340605450937,0.0021309951018400122,0.1417983211356034,0.9984125753749611
8209,3573807440360.411,3293.377310823916,0.0021310753211152542,0.14179782925641227,0.9984134175382077
8210,3573819836131.83,3293.421552185207,0.002131171065029858,0.14179720486065367,0.9984138995616059
8211,3573835084323.363,3293.475866563101,0.0021312876009998297,0.1417964046725878,0.9984137757695386
8212,3573854176687.178,3293.5437986984093,0.002131432196822993,0.14179536515309618,0.9984128816094253
8213,3573878508977.0283,3293.6303370638257,0.0021316149540868507,0.141793992649651,0.9984112064933319
8214,3573908872403.8213,3293.7383145675085,0.0021318411649363174,0.14179221905861422,0.9984090286877813
8215,3573945657709.311,3293.869014405319,0.0021321127076787353,0.14178999609783433,0.9984067806619501
8216,3573990747906.7617,3294.029022032731,0.0021324423897470983,0.1417871823079492,0.9984046044118869
8217,3574046728949.264,3294.2274150515323,0.0021328478280626087,0.1417835813495941,0.9984024468561747
8218,3574115839593.846,3294.472035728447,0.0021333437162162237,0.14177900571227964,0.9984002233553683
8219,3574199227458.3228,3294.76688097046,0.0021339366913311216,0.1417733307862758,0.9983978735969695
8220,3574300346494.9443,3295.124042377104,0.0021346492760794134,0.14176626263203687,0.998395322694413
8221,3574420937423.5977,3295.5494872377,0.0021354911832351547,0.14175760823904016,0.9983925236810388
8222,3574438756212.287,3295.6123647142576,0.0021356151589593275,0.1417563137068791,0.998391773375246
8223,3574445438258.046,3295.635945644213,0.002135661621048017,0.14175582710791498,0.9983915050308685
8224,3574450449792.3647,3295.6536317968353,0.002135696455841437,0.14175546171742776,0.9983913156834001
8225,3574454208443.104,3295.6682526292257,0.002135732414752052,0.14175539731742795,0.9983902956685846
8226,3574458694248.5015,3295.6854599983385,0.0021357738187072514,0.1417552910957379,0.9983897259508073
8227,3574463749292.442,3295.7046277258983,0.0021358190331187336,0.1417551426677846,0.9983896446215759
8228,3574469473603.5835,3295.726125888597,0.002135868851740641,0.1417549465335598,0.9983899856627103
8229,3574476023896.7627,3295.7505288374837,0.002135924510168182,0.14175469428058246,0.9983906587718854
8230,3574483610790.7993,3295.7786045393655,0.0021359876479223622,0.14175437424092974,0.9983915434408126
8231,3574492518121.5557,3295.8113880343712,0.0021360604642572615,0.14175397034011858,0.9983924789315249
8232,3574503132800.795,3295.8502929680517,0.002136145950365762,0.14175346020422352,0.9983932603546462
8233,3574515987684.0303,3295.8972652453403,0.0021362481962378145,0.14175281211793056,0.9983936561841176
8234,3574531822621.9556,3295.9550203360227,0.002136372875679106,0.1417519806933515,0.9983934317648278
8235,3574551670927.1416,3296.0273350785656,0.0021365277827726306,0.14175089954918493,0.9983924506651068
8236,3574576983310.8413,3296.1195008341892,0.0021367236938115747,0.14174947089418102,0.9983907448822361
8237,3574608143959.1113,3296.232887919614,0.0021369628161014014,0.14174764985958058,0.9983886433085043
8238,3574645876283.3623,3296.370064006534,0.002137249806110401,0.14174536975765134,0.9983864775451566
8239,3574692123560.466,3296.5380033230153,0.0021375983713919655,0.14174248494910033,0.9983843639252707
8240,3574749506053.1206,3296.746110960839,0.002138026914441798,0.14173879615122645,0.998382263310643
8241,3574819838500.7065,3297.000846001541,0.0021385474066662686,0.14173414385944713,0.9983801046077274
8242,3574904581995.4478,3297.307890332348,0.0021391701380462603,0.14172837930076593,0.9983776531201717
8243,3575007208559.9004,3297.679600639237,0.002139918195439913,0.14172120332202007,0.9983750821478993
8244,3575129041131.3403,3298.12043793882,0.0021407983819494683,0.14171245547989667,0.9983722897229543
8245,3575147013782.4033,3298.1854816454756,0.002140927789600085,0.1417111490017226,0.9983715295674952
8246,3575153753526.5513,3298.2098758343345,0.0021409762906134853,0.141710657907895,0.9983712583067135
8247,3575158808334.6626,3298.230046656368,0.002141026045470131,0.1417105712082353,0.9983698570328088
8248,3575163515804.916,3298.2485474866717,0.0021410706299211015,0.14171045687863043,0.9983692949139988
8249,3575168723980.799,3298.26878669684,0.00214111847612013,0.14171030108785704,0.9983692364646648
8250,3575174621004.4385,3298.29149069482,0.0021411712408528965,0.1417100962376803,0.9983695954549208
8251,3575181378610.9863,3298.317310918843,0.0021412303422476526,0.1417098332704409,0.9983702701755997
8252,3575189218565.4536,3298.347072141301,0.002141297549903554,0.1417094998600915,0.9983711402490267
8253,3575198438866.927,3298.3818907725686,0.002141375252844094,0.14170907911072664,0.9983720370481648
8254,3575209445508.2563,3298.423290981898,0.0021414666989871605,0.14170854749805956,0.9983727500270252
8255,3575222796859.6987,3298.4733734123906,0.002141576339474622,0.14170787175806002,0.9983730427616453
8256,3575239266752.4917,3298.535051836734,0.002141710297780813,0.1417070040606289,0.9983726995466733
8257,3575259933420.0664,3298.6123795427543,0.0021418769954357885,0.1417058746450768,0.9983716068108932
8258,3575286307030.9165,3298.7109959784293,0.0021420879854954665,0.14170438097830865,0.9983698432768374
8259,3575318344325.0864,3298.830701288522,0.0021423421310019634,0.14170250237147347,0.9983677670618071
8260,3575357118177.1514,3298.975472680627,0.002142647153600072,0.14170015219397714,0.998365630146453
8261,3575404640043.116,3299.152773955269,0.0021430179013902178,0.14169717978259141,0.9983635079382067
8262,3575463573183.1055,3299.3724563017186,0.002143473802757359,0.1416933805240476,0.9983613820677111
8263,3575535292636.937,3299.639555400642,0.00214402398426864,0.14168862251293138,0.998359193911597
8264,3575621599586.2827,3299.9607280988203,0.0021446806959430336,0.14168273745237903,0.9983568692142137
8265,3575726000843.848,3300.3489609774024,0.0021454686554462257,0.14167542476280967,0.9983543254895844
8266,3575849387896.9556,3300.8075135156623,0.0021463923587745166,0.14166655051463364,0.9983515130621776
8267,3575858475868.3633,3300.8413052103956,0.002146460221562913,0.14166588944625721,0.9983510716222429
8268,3575865291846.9194,3300.866651266819,0.002146511099554183,0.14166539279357385,0.9983507679218557
8269,3575870403830.837,3300.88761964222,0.0021465630922216736,0.14166530865780722,0.9983491974467769
8270,3575875091883.118,3300.9065837337685,0.0021466090973427123,0.14166519895443153,0.9983485107462036
8271,3575880265607.96,3300.927279802864,0.002146658374092038,0.14166504851908146,0.9983483427622116
8272,3575886113927.286,3300.950455650459,0.002146712639009242,0.14166484979997954,0.9983486086995403
8273,3575892803402.7446,3300.9767546274425,0.0021467732993092313,0.14166459400003287,0.9983492158528905
8274,3575900547756.8877,3301.0069988420555,0.0021468421355073037,0.14166426929144263,0.9983500408237267
8275,3575909633119.2866,3301.042289639717,0.002146921522856732,0.141663859494967,0.9983509209636042
8276,3575920447782.766,3301.0841238311164,0.002147014676268537,0.14166334218024157,0.9983516535381781
8277,3575933523812.251,3301.134558795491,0.00214712599381598,0.14166268582041755,0.9983520059950453
8278,3575949595756.092,3301.1964358116547,0.0021472615019078943,0.14166184529769907,0.99835176217685
8279,3575969683210.917,3301.2736964523633,0.002147429473473816,0.14166075511929477,0.9983507925305164
8280,3575995208619.4424,3301.371817606878,0.002147641254570301,0.14165931931014872,0.9983491384531178
8281,3576026351686.201,3301.491468515874,0.0021478976071458503,0.14165750530856394,0.9983471191678673
8282,3576063921038.651,3301.635660968436,0.0021482042434135223,0.14165524270016672,0.9983450546321351
8283,3576109790116.1006,3301.8115178063686,0.002148575470072653,0.14165239152328107,0.9983430148808847
8284,3576166457852.8047,3302.0285584313046,0.00214903030748359,0.14164876127221143,0.9983409649691579
8285,3576235692478.4106,3302.2927503907504,0.0021495797601598973,0.14164420159225158,0.9983391849232249
8286,3576318791803.309,3302.608810722007,0.002150232473621546,0.14163859130321968,0.9983371340000149
8287,3576419028860.458,3302.989558337012,0.002151013298360605,0.14163164749943824,0.9983348284675484
8288,3576537916668.937,3303.4403422709493,0.002151931092013196,0.14162320053587515,0.9983323196849626
8289,3576572882087.1533,3303.5729154218,0.002152199964797811,0.14162068058076954,0.9983311652789524
8290,3576585994118.984,3303.6226314525366,0.0021523006710327825,0.1416197313647869,0.9983307524753894
8291,3576590911130.92,3303.6412750806116,0.002152338418860444,0.14161937481738474,0.9983306017578673
8292,3576594598889.8726,3303.656815455505,0.0021523775444209857,0.14161932963987886,0.9983292172388717
8293,3576598985141.6357,3303.6750129551037,0.0021524223690424626,0.14161924412417165,0.998328322395502
8294,3576603905225.041,3303.6951753876015,0.0021524710800395566,0.14161911797494783,0.998327967198318
8295,3576609447519.063,3303.7176563588246,0.002152524457767789,0.14161894654159354,0.9983280889027756
8296,3576615751128.5845,3303.7430046357963,0.002152583713200418,0.14161872260489994,0.998328603300352
8297,3576623001048.893,3303.771945723073,0.0021526504342087014,0.1416184361877161,0.9983293996341819
8298,3576631443797.9033,3303.8054456880204,0.002152726725152177,0.14161807367259385,0.9983303317711422
8299,3576641411300.011,3303.8448073563495,0.002152815413700742,0.14161761635428963,0.9983312130376785
8300,3576653355186.3843,3303.891807401763,0.002152920339681985,0.1416170381818247,0.9983318219160118
8301,3576667894803.3975,3303.9488860761962,0.0021530467442869602,0.14161630228416203,0.9983319298750812
8302,3576685884991.097,3304.0194103212475,0.002153201793743124,0.1416153556199685,0.9983313611245909
8303,3576708511397.935,3304.1080356534094,0.0021533952794741116,0.1416141209508124,0.9983300746939056
8304,3576736905841.9644,3304.219528780542,0.002153637064339041,0.1416125137513833,0.9983280272212894
8305,3576770926783.5454,3304.3529762364783,0.0021539242991365894,0.14161051833182145,0.9983259637681887
8306,3576812106047.7344,3304.5143186738396,0.0021542690545270833,0.1416080219157041,0.998323957859597
8307,3576862579457.028,3304.7118256546455,0.0021546880796099645,0.14160486565299,0.9983219926662575
8308,3576925115330.096,3304.9562102147074,0.0021552029146405926,0.1416008383397523,0.9983199847552248
8309,3577000128702.0117,3305.2489733365946,0.0021558154310012804,0.14159587154091224,0.9983179035788681
8310,3577090187515.395,3305.59999440949,0.0021565448780857255,0.14158974931006138,0.9983156782405994
8311,3577198582734.0166,3306.0218558343818,0.002157415494215166,0.14158218713154183,0.9983132599640226
8312,3577262199466.8223,3306.2692880603995,0.002157923653906976,0.14157766739484992,0.9983116239144875
8313,3577309912016.427,3306.454790140364,0.0021583034713827096,0.1415742396129245,0.9983105420475765
8314,3577318858119.4775,3306.4895700043267,0.0021583745907551694,0.1415735937585801,0.9983102793186298
8315,3577325567696.766,3306.5156540720645,0.0021584279067154,0.1415731086380141,0.9983100933664589
8316,3577330599879.7324,3306.5373208350866,0.0021584825604438174,0.14157304562776973,0.9983082905928564
8317,3577335208298.226,3306.5568550761363,0.0021585307386641824,0.14157295283928178,0.9983074640870778
8318,3577340279980.3804,3306.578103886658,0.002158582181926446,0.14157282027574125,0.9983071880786657
8319,3577345992190.2334,3306.601804571082,0.002158638618462333,0.14157264146922702,0.9983073750096005
8320,3577352498236.08,3306.628576807317,0.0021587014289079927,0.14157240862149764,0.998307934581699
8321,3577359993183.5986,3306.6592044586855,0.002158772340584027,0.14157211123872254,0.9983087492836721
8322,3577368736213.6616,3306.694728682189,0.0021588536375610327,0.1415717350443909,0.9983096660193046
8323,3577379076089.2954,3306.7365537922105,0.0021589483905559564,0.1415712604483117,0.998310491844588
8324,3577391486864.408,3306.786592465808,0.0021590607632048886,0.14157066014811315,0.9983110046827629
8325,3577406617533.862,3306.8474856739404,0.002159196474872495,0.14156989545931795,0.9983109693869601
8326,3577425361903.401,3306.9228335582206,0.0021593632303291235,0.1415689106130847,0.9983102539273969
8327,3577448956767.137,3307.017595472952,0.002159571518710671,0.14156762466102157,0.9983088666201715
8328,3577478121714.789,3307.1345969591493,0.002159826898254083,0.14156597761647538,0.9983070479765888
8329,3577513058322.0073,3307.274618113359,0.002160130404775601,0.14156393630570993,0.9983050882435791
8330,3577555357338.9077,3307.443942011137,0.002160494887502518,0.1415613834483051,0.9983031511542114
8331,3577607190269.3594,3307.651144555084,0.0021609378531596292,0.14155815781193684,0.998301249373728
8332,3577671234679.5845,3307.90688960628,0.0021614809445438215,0.14155405449113773,0.998299261553157
8333,3577747692669.9473,3308.2117918203903,0.0021621241263333627,0.14154901830112315,0.9982972443851914
8334,3577839381629.7104,3308.5768788247947,0.0021628892071212497,0.1415428176428096,0.9982950971017605
8335,3577949211908.0146,3309.013222117468,0.002163797429880557,0.1415351977905385,0.9982928220126801
8336,3578013600069.386,3309.268815700383,0.002164326935811186,0.14153064940926655,0.9982912121679207
8337,3578061891190.4155,3309.4605622970603,0.002164723058459845,0.14152719923896565,0.9982901147219858
8338,3578070945775.6084,3309.4965076810086,0.0021647972177341727,0.14152654907348336,0.9982898546201684
8339,3578072643510.332,3309.5032472757885,0.002164811118833847,0.14152642705330137,0.9982898047366541
8340,3578075190112.4175,3309.514559617792,0.002164840182134166,0.14152640955397347,0.998288570240158
8341,3578079010015.5454,3309.5312759387452,0.002164882302883399,0.1415263566694044,0.998287379998814
8342,3578083631129.043,3309.5512359527147,0.002164931638898197,0.14152626218435788,0.9982866523904415
8343,3578088832706.4014,3309.5734599123034,0.0021649856138624564,0.1415261256735423,0.9982864431038821
8344,3578094707787.4688,3309.598327171553,0.0021650450562145734,0.1415259417624884,0.9982866875511499
8345,3578101408459.624,3309.6264620635334,0.002165111356286516,0.1415257024870652,0.9982872921885562
8346,3578109137559.986,3309.658696371488,0.0021651863589255177,0.14152539699116332,0.9982881331497631
8347,3578118165225.779,3309.6961386093762,0.002165272514186481,0.14152501052358568,0.998289050312595
8348,3578128854834.224,3309.7402829069465,0.002165373113440115,0.14152452283741554,0.9982898463342216
8349,3578141699464.4795,3309.793160764272,0.0021654926114682907,0.14152390572978,0.9982902998459905
8350,3578157372692.6387,3309.857549413564,0.0021656370566028684,0.1415231192654263,0.9982902033414879
8351,3578176799870.259,3309.937258144052,0.0021658146646297296,0.14152210602080267,0.9982894295591659
8352,3578201258277.059,3310.037522201067,0.002166036591683051,0.1415207826134295,0.9982880033661572
8353,3578231090407.0454,3310.1597102818037,0.0021663052298213016,0.1415191098686262,0.9982861907697684
8354,3578266803139.655,3310.3058360598116,0.002166624334158672,0.14151703790421238,0.9982842815709391
8355,3578310032671.2695,3310.482492597355,0.002167007521841855,0.14151444723706605,0.9982824089953867
8356,3578362971093.864,3310.6984798195426,0.002167472912032944,0.14151117641145625,0.9982805817465381
8357,3578427945320.8916,3310.9632248502053,0.0021680396562158335,0.14150704360077984,0.9982786805717783
8358,3578505425940.9976,3311.2792957727374,0.002168712177145479,0.1415019720884791,0.9982763487816789
8359,3578598247162.885,3311.6589135039453,0.0021695148038127932,0.14149570907999925,0.998273899269236
8360,3578709012317.2905,3312.111384991234,0.0021704651447636224,0.14148803067482085,0.9982714302996181
8361,3578773873907.885,3312.376374217672,0.0021710191977290945,0.1414834482997959,0.9982697097241537
8362,3578822520100.8296,3312.575064403963,0.0021714334564441776,0.14147997246767957,0.9982685871004445
8363,3578831641262.007,3312.612318553661,0.0021715110341388893,0.14147931748629886,0.9982683129884429
8364,3578835061697.448,3312.627893806818,0.0021715511569028348,0.1414792941100503,0.9982666724852589
8365,3578839314611.8286,3312.646964155702,0.002171599278590304,0.1414792327375079,0.9982654371296761
8366,3578844076603.1006,3312.668052687304,0.0021716515053638616,0.14147913267196252,0.9982647724036926
8367,3578849412505.141,3312.6914385447303,0.0021717084543442194,0.1414789901653585,0.998264623031916
8368,3578855443136.823,3312.7176357420067,0.002171771287943385,0.14147879916743006,0.998264912073564
8369,3578862328682.937,3312.747320910923,0.002171841524182969,0.1414785513168301,0.9982655406918348
8370,3578870280174.3335,3312.7813847551643,0.002171921152322614,0.1414782353101811,0.998266379502822
8371,3578879578263.93,3312.821013183075,0.0021720128123139826,0.14147783581363219,0.9982672633784124
8372,3578890600053.428,3312.867803315729,0.0021721200478335505,0.1414773317896881,0.9982679924233673
8373,3578903856284.0493,3312.923922664745,0.0021722476453260135,0.1414766939340583,0.9982683486307314
8374,3578920043336.7363,3312.992339272128,0.0021724021161292923,0.14147588070446004,0.9982681284316528
8375,3578940115317.646,3313.0770916631964,0.0021725922238385728,0.1414748324107856,0.998267238305365
8376,3578965385975.477,3313.1837236211977,0.0021728298614850003,0.14147346259964844,0.9982657296780689
8377,3578995851514.6235,3313.312192760983,0.0021731143000040935,0.1414717508413774,0.9982638927073981
8378,3579032293564.699,3313.465740114399,0.0021734520478670074,0.1414696318310819,0.9982619844310474
8379,3579076387834.4062,3313.651325878663,0.0021738576133745508,0.14146698285983372,0.9982601173670085
8380,3579130341929.239,3313.878135539798,0.002174350093339003,0.14146364018080257,0.9982582617468568
8381,3579196160000.2637,3314.1545180060575,0.0021749464592226322,0.14145944184271422,0.998256340745874
8382,3579274552209.495,3314.483318117077,0.0021756515527899052,0.14145430078001472,0.9982543386198592
8383,3579368360974.703,3314.876326293444,0.002176489149355554,0.1414479813537373,0.998252176827247
8384,3579479913623.3276,3315.3434038967257,0.0021774785433446107,0.14144026593404496,0.9982497446625951
8385,3579545159111.375,3315.6160340785596,0.00217805333855376,0.14143567062019763,0.9982483276609893
8386,3579594093227.41,3315.820205516451,0.0021784826187821603,0.1414321889949264,0.9982473442144486
8387,3579603268374.1665,3315.8584891959827,0.0021785630221092134,0.14143153306768003,0.998247083840269
8388,3579604988714.183,3315.8656662036174,0.0021785780905613328,0.14143140994319905,0.998247035275505
8389,3579607569224.208,3315.877758424092,0.002178609613348362,0.14143140161630505,0.9982455807373448
8390,3579611439989.2456,3315.895610484589,0.0021786552447187954,0.14143135987799302,0.9982441482741818
8391,3579616009590.321,3315.9164071479727,0.0021787074072164387,0.14143127891401602,0.9982432250813319
8392,3579621130367.515,3315.939453640845,0.0021787642262328403,0.1414311571371161,0.9982428533754086
8393,3579626894386.515,3315.9651494389577,0.0021788265995640456,0.14143098960173928,0.9982429649371211
8394,3579633443274.3364,3315.994107161469,0.0021788959147112505,0.14143076907099714,0.9982434688482161
8395,3579640964043.6387,3316.0271324632563,0.0021789739867462145,0.1414304857130041,0.9982442487313614
8396,3579649703898.453,3316.0652923467223,0.0021790632124212158,0.14143012627224144,0.9982451530584141
8397,3579659992781.0747,3316.110011268809,0.0021791667789967098,0.14142967264378423,0.9982459980723342
8398,3579672274958.054,3316.1632158962716,0.002179288986160701,0.1414290999645722,0.9982465683307526
8399,3579687152624.2046,3316.2275200619997,0.0021794356311985986,0.1414283733224309,0.9982466544621529
8400,3579705446668.478,3316.3064825538104,0.0021796145383204675,0.14142744292102408,0.9982461093635518
8401,3579728281212.4663,3316.4049598385386,0.0021798362677292365,0.14142623696312331,0.9982449149816786
8402,3579756443888.4116,3316.5262049612197,0.0021801074915429107,0.14142469415688577,0.9982433523006884
8403,3579789936617.961,3316.670047726354,0.0021804271965628202,0.14142279578350425,0.9982416821972249
8404,3579830162782.183,3316.842649361845,0.0021808084699395758,0.14142044036004284,0.9982399061893461
8405,3579879043617.37,3317.0521539208253,0.0021812684094859895,0.1414174870768055,0.9982381362251272
8406,3579939047813.8794,3317.309029686695,0.002181828894116638,0.14141375148472748,0.9982363414951293
8407,3580010765060.196,3317.6156850711695,0.002182493985532414,0.14140915834748186,0.9982344886365768
8408,3580096230647.082,3317.980711725278,0.002183281015039573,0.14140353476884923,0.9982325111435235
8409,3580198626683.095,3318.417554726685,0.002184217329374199,0.14139661762482705,0.9982303320964616
8410,3580318655515.0605,3318.9290643592194,0.0021853071792171373,0.1413882979772961,0.9982278987372907
8411,3580388818289.879,3319.2280187474776,0.0021859414369509098,0.14138334305596414,0.9982262039322456
8412,3580392107169.948,3319.243737747681,0.0021859825763313654,0.14138333435321832,0.9982242953933584
8413,3580396282112.314,3319.2633829490396,0.002186032967789068,0.14138329035331793,0.9982227374094872
8414,3580400948706.9316,3319.2850611744384,0.00218608755792476,0.14138320890748143,0.998221784481493
8415,3580406160126.4297,3319.309010301092,0.0021861468713216593,0.1413830867076461,0.9982213881822335
8416,3580412026810.927,3319.3357220672674,0.002186212038601235,0.14138291841453607,0.9982214750814354
8417,3580418694755.5654,3319.365841421204,0.0021862845307771446,0.1413826966399274,0.9982219524040395
8418,3580426354875.0815,3319.4002098857163,0.002186366257747771,0.14138241143512226,0.998222700681302
8419,3580435259069.2896,3319.439938845382,0.0021864597342565314,0.14138204941065963,0.9982235673894534
8420,3580445742981.987,3319.4865121771,0.0021865683082428816,0.1413815923714799,0.9982243661988452
8421,3580458257617.339,3319.541928024377,0.002186696470275044,0.14138101523550758,0.9982248877976327
8422,3580473412781.2754,3319.608890799689,0.0021868502617510004,0.1413802828607235,0.9982249315462112
8423,3580492037445.9087,3319.6910725464345,0.0021870378154200945,0.1413793452314932,0.9982243614002364
8424,3580515263574.2124,3319.793471713424,0.0021872700829145765,0.1413781303751297,0.9982231677629926
8425,3580543675094.785,3319.918652166118,0.0021875522887460455,0.1413765884611076,0.998221535370656
8426,3580577420395.6787,3320.067208108673,0.0021878851280294916,0.14137469094877791,0.9982197635534932
8427,3580617903251.023,3320.2452440990974,0.002188281574271097,0.1413723365956106,0.9982179952580126
8428,3580667023226.588,3320.461017845205,0.0021887591528866866,0.14136938753894007,0.9982162571122327
8429,3580727214846.6777,3320.724977728238,0.0021893398893046865,0.14136566423106012,0.9982145221823451
8430,3580798929536.7803,3321.039204321766,0.0021900272721572926,0.14136110053406253,0.9982126397399981
8431,3580884244412.2246,3321.4126188577393,0.0021908394780775276,0.14135552154155467,0.998210655985872
8432,3580986285706.0894,3321.8588209273476,0.002191804464586823,0.14134866873344967,0.9982084648899696
8433,3581105713987.1,3322.3804597361323,0.0021929261094157776,0.14134043785404654,0.9982060459675774
8434,3581175427600.853,3322.6849721238045,0.002193578204996337,0.1413355416442774,0.9982043385176542
8435,3581181963252.142,3322.7135422664073,0.002193639310739086,0.14133507964513928,0.9982040758405085
8436,3581184414121.3755,3322.7242563686837,0.002193662221453614,0.14133490623479067,0.9982039805919277
8437,3581186252273.3003,3322.732292020268,0.002193679402909275,0.1413347761167633,0.9982039113898982
8438,3581189009501.188,3322.745872132426,0.002193715292104379,0.14133477696804989,0.9982021244478708
8439,3581193064010.5605,3322.76552473971,0.0021937662177235057,0.14133474558128664,0.9982003717345165
8440,3581197622312.5527,3322.7873262507983,0.0021938216753724063,0.14133467734493302,0.9981992346606672
8441,3581202702048.982,3322.8113516253734,0.0021938817768755343,0.14133456947679146,0.9981986820174922
8442,3581208403367.493,3322.8380472015842,0.0021939475528214626,0.14133441719478756,0.9981986568095697
8443,3581214861066.575,3322.8680165451533,0.0021940203915741478,0.14133421386197587,0.9981990739118616
8444,3581222250726.0693,3322.9020710974632,0.0021941021579031535,0.14133395049686753,0.9981997980615329
8445,3581230802910.4155,3322.941253444236,0.002194195231052783,0.1413336150169728,0.9982006850124311
8446,3581240823148.7046,3322.9869469782298,0.002194302759236485,0.14133319110199205,0.9982015578174027
8447,3581252719944.0454,3323.041005946324,0.002194428948424288,0.14133265642402704,0.9982022122476023
8448,3581267043014.6753,3323.105932151741,0.002194579445301103,0.14133197993637645,0.9982024402250216
8449,3581284536239.6333,3323.1851083954584,0.002194761825817742,0.14133111772720353,0.9982020822588062
8450,3581306210665.684,3323.283118039069,0.0021949862493894274,0.1413300068663001,0.9982010905622467
8451,3581333152182.243,3323.404858283938,0.002195263348751141,0.14132857283914763,0.9981995820516287
8452,3581365002608.3276,3323.548670493793,0.002195588730404902,0.1413268148940394,0.9981978624245057
8453,3581402991493.2734,3323.720041116809,0.0021959741558088986,0.1413246444906597,0.9981961129925266
8454,3581448832008.1426,3323.926615749747,0.002196436022483754,0.14132193838625762,0.9981943886159895
8455,3581504714903.7036,3324.1781736441685,0.0021969952049083557,0.14131853550413295,0.9981926506043322
8456,3581571935930.354,3324.4804596329404,0.002197663344157841,0.14131432025455334,0.9981908492492394
8457,3581651657821.092,3324.8386476238843,0.0021984506650350906,0.1413091795100336,0.9981889266824439
8458,3581746671584.922,3325.2654848901793,0.002199383782267899,0.14130288239446454,0.9981867104177466
8459,3581858806303.9175,3325.7691802089257,0.002200478777772125,0.14129524417648368,0.9981843278137732
8460,3581989485094.2153,3326.3555840218955,0.0022017464081917023,0.14128610843034486,0.9981817238008541
8461,3581994230682.86,3326.3768852162734,0.0022017923462092303,0.14128577281724575,0.9981814668174888
8462,3581996010278.6016,3326.3848734208264,0.0022018095711768934,0.14128564687840017,0.9981813734204649
8463,3581998679672.215,3326.3984149055377,0.0022018456197571115,0.14128565312499175,0.9981794582676546
8464,3582002683762.6343,3326.4183910695874,0.002201897759937927,0.1412856290100368,0.9981775038185255
8465,3582007193138.9536,3326.4405834310874,0.00220195462799085,0.14128556828534042,0.9981761789933286
8466,3582012210884.909,3326.4649985556084,0.002202016162249827,0.1412854684069423,0.9981754612256621
8467,3582017831795.878,3326.492083668428,0.0022020834086837592,0.14128532493135085,0.998175280773182
8468,3582024184321.7793,3326.522440205508,0.002202157767166887,0.14128513166497844,0.9981755496030987
8469,3582031435233.72,3326.556841877525,0.002202241019805606,0.14128488003632608,0.9981761611753498
8470,3582039802678.939,3326.5963019436317,0.0022023354953061704,0.14128455865112144,0.9981769787028805
8471,3582049574556.1714,3326.642160338106,0.002202444266148627,0.14128415221145296,0.9981778324698937
8472,3582061134225.506,3326.6962055592708,0.002202571421433868,0.14128363990628287,0.9981785247737319
8473,3582074995491.961,3326.7608383332517,0.00220272242408083,0.1412829929538488,0.9981788509875679
8474,3582091850870.543,3326.8392925886387,0.0022029045803009504,0.14128217086850753,0.9981786433280952
8475,3582112637790.1836,3326.935937711966,0.002203127671119496,0.1412811160061924,0.9981778258195291
8476,3582138631381.6187,3327.056687660177,0.0022034047900628445,0.14127974562059195,0.9981764646856477
8477,3582169323219.145,3327.1991779899845,0.0022037299164135707,0.14127806709662072,0.9981748222633907
8478,3582205777523.449,3327.3589110259536,0.0022040907769739393,0.14127606859656872,0.9981793520413762
8479,3582249575914.946,3327.5187836454056,0.0022044508405233898,0.1412740314915602,0.9981922994035527
8480,3582302741018.487,3327.71550682117,0.0022048998071498437,0.14127171247193215,0.9981934382544898
8481,3582367072776.729,3327.954773903288,0.0022054455788057584,0.14126888008962546,0.9981930756886979
8482,3582443146620.626,3328.2381638883217,0.0022060892512319893,0.14126543389737034,0.9981930655708103
8483,3582533519294.272,3328.575196843864,0.0022068511432912197,0.14126121442261827,0.9981928934862765
8484,3582640753472.567,3328.976527554616,0.002207753968907368,0.14125604163065683,0.9981919983615212
8485,3582765474492.539,3329.4437063058817,0.002208799420376576,0.141249834645698,0.998190716111847
8486,3582774556128.7876,3329.4777437843477,0.0022088753965874112,0.1412493758661473,0.998190362597654
8487,3582781367355.974,3329.5032760723816,0.002208932369642223,0.1412490311013605,0.9981901333597855
8488,3582786475776.3643,3329.523302346709,0.002208988762026939,0.14124913490686503,0.9981889908337983
8489,3582790898869.872,3329.540422255065,0.0022090358761079204,0.1412491886362556,0.9981886134952243
8490,3582795705362.3613,3329.5588784414117,0.0022090857334036867,0.1412492166644736,0.9981886299649625
8491,3582801059278.3643,3329.5793155454667,0.0022091400314111264,0.1412492185607049,0.9981889615902159
8492,3582807081043.47,3329.6021994127063,0.0022091999223384385,0.14124919162742167,0.9981895340150848
8493,3582813918402.7446,3329.628097348105,0.002209266787839842,0.14124913189001262,0.9981902609257528
8494,3582821762757.906,3329.6577434963065,0.0022093424045391296,0.1412490338393468,0.9981910394538458
8495,3582830865170.979,3329.692102528893,0.0022094290961889654,0.14124888988942794,0.9981917485310678
8496,3582841558020.4575,3329.7324550844987,0.0022095299332280708,0.1412486895026848,0.9981922527370801
8497,3582854284686.995,3329.7805137407618,0.0022096489977912995,0.141248417813944,0.9981924157281632
8498,3582869639873.0015,3329.8385782684927,0.0022097917294285415,0.1412480534962224,0.9981921271471499
8499,3582888425145.7964,3329.9097454470607,0.002209965381557946,0.14124756552821932,0.9981913407214684
8500,3582911725404.4062,3329.998192470918,0.002210179629921841,0.14124690856194558,0.9981901074575387
8501,3582939941897.2495,3330.105499303982,0.002210437691575745,0.1412460510957287,0.9981886042240165
8502,3582973275579.0806,3330.2324978242414,0.0022107409641648943,0.1412449668809882,0.9981870092774263
8503,3583013035761.2124,3330.384145530858,0.0022111005958669635,0.1412435910884506,0.998185462270607
8504,3583060970805.055,3330.5671093475535,0.0022115315989280964,0.14124183706359714,0.9981839451166766
8505,3583119301856.1157,3330.789886144386,0.002212052990869033,0.14123959045601556,0.9981823962125577
8506,3583188577928.246,3331.0545938259493,0.002212668649851498,0.1412367941026086,0.9981807789165797
8507,3583270479481.3604,3331.367745508947,0.0022133925838282113,0.14123334104176552,0.998179018044458
8508,3583367796123.005,3331.739780865165,0.0022142474488273086,0.1412290665652714,0.9981771791405742
8509,3583481619331.84,3332.174184704919,0.002215239706751469,0.1412238781807646,0.9981751802780572
8510,3583547710944.444,3332.426676744611,0.002215814009755925,0.14122078067997065,0.9981736877490786
8511,3583560103121.807,3332.4740379375166,0.0022159215561756334,0.14122019363935692,0.9981733003466796
8512,3583562426655.0625,3332.4829190105024,0.0022159417168337615,0.1412200833484887,0.9981732266558081
8513,3583565911954.946,3332.496889218576,0.002215981780469967,0.14122017592376981,0.9981722404399938
8514,3583570045054.996,3332.5132707220732,0.002216027820396301,0.1412202545414261,0.9981716258509531
8515,3583574626260.817,3332.531271757775,0.0022160774768380663,0.1412203111078541,0.9981714183502473
8516,3583579716041.956,3332.5511408120424,0.002216131367812014,0.1412203442489617,0.9981715561676648
8517,3583585413904.71,3332.573272004683,0.0022161904797435893,0.1412203519840284,0.9981719699324832
8518,3583591848717.482,3332.5981704608994,0.0022162560636431574,0.14122033135108833,0.9981725799706154
8519,3583599186928.2793,3332.6264869868232,0.0022163297206648,0.14122027819244437,0.998173291672724
8520,3583607645571.5806,3332.6590711048498,0.002216413531191347,0.14122018676996226,0.9981739925622183
8521,3583617510104.3115,3332.697043088373,0.002216510226800941,0.14122004913474384,0.9981745530673781
8522,3583629159197.9854,3332.74189322226,0.0022166234228825606,0.14121985411900687,0.9981748345475
8523,3583643098254.7925,3332.7956141463656,0.0022167579218602706,0.14121958576933988,0.9981747091101837
8524,3583660005452.9233,3332.860875369421,0.0022169201009391063,0.14121922089160388,0.9981740954830924
8525,3583680794386.4585,3332.941278805843,0.0022171184760850088,0.14121872533134988,0.9981729808831783
8526,3583706701414.2734,3333.0416735338795,0.002217364381184618,0.1412180488842784,0.9981714592394361
8527,3583737183557.213,3333.1599912692827,0.00221765211752589,0.1412171850150517,0.9981697865984404
8528,3583773267279.4404,3333.3002292064807,0.0022179907887499694,0.14121608449423736,0.9981680923302878
8529,3583816460179.675,3333.468265021506,0.002218393846836313,0.14121467698334783,0.9981664076440364
8530,3583868677574.186,3333.6715853784062,0.002218878334078932,0.14121286976811045,0.9981646962410023
8531,3583931755459.4453,3333.9173284831913,0.0022194601459330416,0.14121056269250357,0.9981629327910398
8532,3584006033424.6294,3334.2068970387013,0.0022201414625172174,0.1412077046614696,0.9981610571542185
8533,3584093866450.8403,3334.5496187701333,0.0022209429223395715,0.14120415986981588,0.9981590009006115
8534,3584197951883.282,3334.955996374531,0.002221887435778387,0.14119976424689668,0.9981567540629673
8535,3584318485678.186,3335.4268222715405,0.002222975084449413,0.1411944495568575,0.9981542683350683
8536,3584353434181.9834,3335.563455176173,0.002223289637623956,0.1411928708535597,0.9981531234098088
8537,3584355072393.0996,3335.569861117084,0.0022233043742944034,0.14119279646708416,0.9981530610684056
8538,3584357529709.773,3335.5800047140847,0.002223333921903934,0.14119287593944352,0.9981521674316252
8539,3584361215684.782,3335.595024191009,0.0022233768526160047,0.1411929675582707,0.9981513541012474
8540,3584365600139.8438,3335.612714875591,0.0022234264780529723,0.14119304558360327,0.9981509121117401
8541,3584370477342.1665,3335.632249069994,0.002223480338149522,0.14119310196739243,0.9981508502946518
8542,3584375916767.865,3335.65391229702,0.0022235391401796176,0.14119313498679353,0.9981511033586262
8543,3584382031661.4434,3335.678160432219,0.002223604029479587,0.14119314240306638,0.9981515960647479
8544,3584388969252.2666,3335.705582935434,0.0022236764765814995,0.14119312098895806,0.9981522406366847
8545,3584396920471.517,3335.736944000649,0.0022237583780740644,0.14119306624503608,0.9981529329731021
8546,3584406134969.1562,3335.773244852186,0.002223852208198844,0.14119297193528374,0.9981535514661302
8547,3584416941982.1587,3335.815809534925,0.0022239612239876505,0.14119282933138783,0.9981539612687252
8548,3584429778834.2124,3335.8664008829314,0.0022240897367406406,0.14119262600475588,0.9981540277559668
8549,3584445229427.563,3335.9273748253595,0.002224243464187423,0.1411923439285261,0.9981536424860685
8550,3584464077106.2256,3336.001888574246,0.0022244299954975472,0.14119195659082007,0.9981527587434645
8551,3584487376874.043,3336.0941814282824,0.00222465941095996,0.14119142485409208,0.9981514201624511
8552,3584515461882.353,3336.2056151850484,0.0022249344591199166,0.1411907203685206,0.9981498138990149
8553,3584548538368.697,3336.337012049031,0.0022252565386820466,0.1411898175458855,0.9981481364611225
8554,3584587861363.776,3336.4933983868073,0.0022256373139097605,0.141188660521737,0.9981464396309792
8555,3584635096996.9707,3336.6814102444023,0.002226092104889441,0.1411871728839908,0.9981447330676065
8556,3584692351729.8447,3336.9094762969467,0.0022266402705273178,0.14118525416997482,0.9981429599970008
8557,3584760273046.554,3337.1802685246453,0.0022272870976799866,0.14118284438688708,0.9981410804491555
8558,3584840288576.2524,3337.499501497935,0.00222804501762732,0.1411798521071892,0.9981390814614924
8559,3584935000268.8687,3337.8775718696147,0.002228937249719805,0.14117613083403135,0.9981369075279746
8560,3585045746059.9126,3338.320018577527,0.0022299752017043923,0.1411715698433996,0.9981344530949472
8561,3585109833774.0615,3338.5762185364274,0.0022305736334530617,0.14116884194799195,0.998132854873546
8562,3585133866666.867,3338.6722998828523,0.0022307976073721613,0.141167803723346,0.9981321952602784
8563,3585151891336.4717,3338.7443795625923,0.002230965472980496,0.14116701953457114,0.9981317608025191
8564,3585155270962.023,3338.7578963307624,0.0022309969384116616,0.14116687201876474,0.9981316707414091
8565,3585160340400.3486,3338.7791108007827,0.0022310585667899784,0.1411670278241001,0.9981301983979813
8566,3585164704687.3623,3338.797170826005,0.0022311099481646672,0.14116712615788227,0.998129567562018
8567,3585169432465.9165,3338.8165809149446,0.0022311642142343263,0.1411672015578157,0.9981293571078756
8568,3585174679229.271,3338.837992230532,0.0022312231384715607,0.14116725505933356,0.998129486116489
8569,3585180555303.931,3338.861860124885,0.0022312878877968367,0.14116728506325152,0.9981298825728339
8570,3585187194694.279,3338.8887337507667,0.002231359849205187,0.14116728899614361,0.9981304641710782
8571,3585194769546.9297,3338.919317764302,0.0022314407919789402,0.1411672632222232,0.9981311335742136
8572,3585203503712.55,3338.95453001096,0.0022315330110078612,0.14116720269589955,0.9981317761778639
8573,3585213690924.267,3338.9955782642805,0.0022316395135318083,0.14116710037485228,0.9981322620681619
8574,3585225719533.868,3339.0440638272157,0.0022317642664028393,0.1411669462727998,0.9981324554371598
8575,3585240105853.6904,3339.1021201219737,0.002231912518445698,0.14116672592395377,0.9981322345237654
8576,3585257539701.0996,3339.1726019885036,0.0022320912348025774,0.14116641809313435,0.9981315207168389
8577,3585278946304.5483,3339.259317460143,0.00223230960385079,0.1411659911756686,0.998130328845734
8578,3585305322539.2144,3339.3663680872196,0.002232577317326241,0.14116540454481905,0.9981287699650915
8579,3585336241640.5005,3339.4917513671026,0.0022328887219871317,0.14116464840306853,0.9981273037212579
8580,3585372778117.3003,3339.6381062678042,0.0022332499455407005,0.14116369292257216,0.9981266647346569
8581,3585416419208.2715,3339.81339349517,0.0022336803192141734,0.14116247547546124,0.9981251312241419
8582,3585469042203.919,3340.025114845101,0.002234197057943952,0.14116090492604128,0.99812338916147
8583,3585532279166.2734,3340.27984290589,0.002234814963272832,0.14115889193015035,0.9981215752048012
8584,3585606548272.029,3340.5794488811875,0.0022355373607615223,0.14115638154604787,0.9981196399256379
8585,3585694136270.9106,3340.9332793567373,0.00223638543354022,0.14115325035292003,0.9981175287239581
8586,3585797645489.069,3341.351631212529,0.002237382279243695,0.14114935397611406,0.9981152525942606
8587,3585917206730.745,3341.835734386726,0.0022385289854732955,0.14114461865680164,0.9981125749878303
8588,3585951782535.9097,3341.975912602976,0.0022388599036984895,0.14114320969746155,0.9981114031679478
8589,3585964748462.846,3342.028495859551,0.0022389839071258735,0.14114267681915382,0.9981109972330054
8590,3585969610685.4478,3342.0491201179566,0.002239044594687138,0.14114284759811882,0.9981094405860401
8591,3585973921264.6943,3342.067195712647,0.0022390966905154143,0.14114296281531807,0.9981087136967367
8592,3585978596721.2183,3342.0866470497463,0.002239151783542212,0.14114305626490217,0.9981084151133678
8593,3585983777914.144,3342.108073840971,0.0022392115247523506,0.14114312932099077,0.998108465089414
8594,3585989569774.9004,3342.131915825055,0.0022392770553148963,0.1411431807977467,0.9981087935859877
8595,3585996100123.8667,3342.1587042628307,0.0022393497339649035,0.14114320863161725,0.9981093215690328
8596,3586003532678.3423,3342.189118429164,0.0022394312873912055,0.14114320984751993,0.9981099561907669
8597,3586012079591.3687,3342.2240397452147,0.0022395239466130178,0.14114318028149084,0.9981105883525438
8598,3586022018267.8354,3342.264623744479,0.0022396306246209407,0.1411431140956023,0.9981110938146244
8599,3586033714196.755,3342.312396982266,0.002239755151066131,0.14114300298089766,0.9981113408893316
8600,3586047651651.689,3342.3693857732355,0.0022399025769100135,0.14114283487185536,0.9981112082846532
8601,3586064475503.014,3342.438288820138,0.0022400795740597935,0.14114259193895357,0.998110613834888
8602,3586085047779.3804,3342.5227065477275,0.0022402949558221596,0.141142247585803,0.9981095470150066
8603,3586110525880.942,3342.627456661107,0.0022405603930067378,0.1411417623064314,0.9981080841864901
8604,3586140404632.605,3342.7504998121526,0.0022408700934045105,0.1411411255076955,0.9981064537082787
8605,3586175585826.877,3342.8955515922435,0.002241232801592196,0.14114029837540798,0.9981047867684195
8606,3586217451231.0923,3343.06833840469,0.0022416621203749268,0.141139225054854,0.998103103921749
8607,3586267750459.055,3343.2762255366856,0.0022421754673960697,0.14113783104733027,0.9981013162543946
8608,3586328591425.6436,3343.5281976982114,0.0022427938463620493,0.14113601744974624,0.9980993825739899
8609,3586399868302.4624,3343.8236549451867,0.002243514586683098,0.14113374903244125,0.9980974232357052
8610,3586483689324.219,3344.172910409829,0.0022443615406153076,0.14113090316709548,0.9980947347327732
8611,3586582759800.415,3344.5869085424106,0.0022453591042412234,0.1411273198908794,0.9980922460695613
8612,3586697495173.4736,3345.0665391980947,0.0022465080526279293,0.14112294425096975,0.9980896244549659
8613,3586763748203.753,3345.3436959087385,0.002247169248934671,0.14112032438208824,0.9980878873265187
8614,3586776170646.93,3345.395672164925,0.0022472930455407184,0.14111982632740552,0.9980874643450276
8615,3586780829063.1216,3345.4151317242813,0.002247339364127809,0.1411196388792487,0.9980873478517495
8616,3586784322875.2656,3345.429727516977,0.002247374101470743,0.14111949813498167,0.9980872618779955
8617,3586789563593.4805,3345.4527340417308,0.0022474421468241398,0.14111969353949014,0.9980854016463521
8618,3586793915626.6465,3345.4715927602056,0.0022474967561279236,0.14111981699903284,0.9980845875487511
8619,3586798608275.0786,3345.4917595728407,0.002247554165290404,0.1411199179687369,0.9980842289676877
8620,3586803803382.7754,3345.513946174364,0.0022476163620239143,0.14111999880338882,0.9980842358608807
8621,3586809606485.7485,3345.538609100732,0.0022476845427594756,0.14112005853781706,0.9980845357372917
8622,3586816143997.4434,3345.566290354828,0.002247760105377792,0.1411200953160916,0.9980850479044173
8623,3586823577348.5767,3345.597680672428,0.002247844820334142,0.1411201064242928,0.9980856782713501
8624,3586832115254.131,3345.6336741576997,0.002247940969731226,0.14112008804380957,0.9980863168083101
8625,3586842029971.826,3345.6754400283216,0.0022480515260356404,0.14112003480374002,0.9980868386428599
8626,3586853679298.0947,3345.7245188012384,0.002248180387138138,0.14111993903696807,0.998087111602825
8627,3586867536050.3105,3345.782949599656,0.0022483326804318554,0.14111978957221244,0.9980870136158054
8628,3586884228117.756,3345.8534402082137,0.0022485151601291625,0.14111956983821813,0.9980864608452378
8629,3586904592474.8667,3345.939592733373,0.0022487367250691977,0.14111925504548242,0.9980854391113183
8630,3586929749641.431,3346.0462129187326,0.0022490091277445863,0.14111880828989953,0.9980840188707746
8631,3586959266793.233,3346.171502036001,0.0022493271539831662,0.1411182173109251,0.9980824186468459
8632,3586993951888.0522,3346.318901176202,0.002249698938706629,0.14111744659332717,0.9980807664936947
8633,3587035131551.191,3346.49406095719,0.002250138026243071,0.1411164437097682,0.9980791017969188
8634,3587084488967.5264,3346.7041656223523,0.00225066155699005,0.14111513929280234,0.9980774020145305
8635,3587144137846.7993,3346.958255943978,0.002251290973636265,0.1411134417391828,0.9980756093445696
8636,3587214032198.39,3347.256182474318,0.002252024768874039,0.14111131450359718,0.9980737171713083
8637,3587296075195.1304,3347.606175122153,0.0022528819823870714,0.14110865785781748,0.9980716523577344
8638,3587392857288.6997,3348.0191770631104,0.0022538878945512707,0.14110533772770037,0.9980694393966599
8639,3587505145718.631,3348.498483933145,0.0022550488913982776,0.14110127194664512,0.9980669720783211
8640,3587569900723.844,3348.775054578386,0.0022557161771737783,0.14109883766290005,0.9980653141182054
8641,3587594183850.799,3348.8788073931673,0.0022559660445834627,0.1410979090435806,0.9980646261997996
8642,3587612396196.015,3348.956633696798,0.002256153304020242,0.14109720679488472,0.9980641870513215
8643,3587615811010.7427,3348.972053943814,0.0022561995899118793,0.14109735475388374,0.9980626566162216
8644,3587619847539.8467,3348.9900468877877,0.002256252569806373,0.14109749521592854,0.9980615426699834
8645,3587624296740.6094,3349.009693450701,0.0022563094172658484,0.14109761723820005,0.9980609032913513
8646,3587629208983.352,3349.0312304154436,0.002256370756568447,0.14109772038121554,0.9980606743509233
8647,3587634669107.56,3349.0550362694908,0.0022564375879066795,0.14109780401635844,0.9980607874499673
8648,3587640785634.9287,3349.0816085744814,0.0022565112125435237,0.14109786689104092,0.9980611462899781
8649,3587647696738.412,3349.111545311149,0.00225659317733023,0.14109790696416347,0.9980616794267883
8650,3587655579884.7524,3349.1456123032794,0.0022566854566383058,0.14109792141053784,0.9980623004431903
8651,3587664664895.7427,3349.184818193803,0.0022567906440135815,0.1410979062911353,0.9980628928192768
8652,3587675251790.596,3349.230483182586,0.0022569121204130955,0.14109785601439875,0.9980633274133026
8653,3587687734862.817,3349.2843461572434,0.0022570543161335526,0.14109776248777822,0.9980634734919968
8654,3587702634808.178,3349.348705409681,0.0022572230469824744,0.14109761375399973,0.9980632202896976
8655,3587720642400.6436,3349.426604765934,0.002257425949389669,0.14109739188355672,0.9980625087845708
8656,3587742677341.0547,3349.5220880641778,0.0022576730710183075,0.14109706995215648,0.9980613543363758
8657,3587769380883.624,3349.637951854792,0.002257971036927918,0.14109661903001883,0.9980599021273202
8658,3587800569733.584,3349.773452870321,0.002258317336531232,0.14109602285363967,0.998058315020705
8659,3587837295341.817,3349.933163806376,0.0022587230318850135,0.14109524124460587,0.9980566924201276
8660,3587880978811.63,3350.123275625383,0.002259203098165663,0.1410942196440585,0.9980550521880492
8661,3587933402786.533,3350.3515632422827,0.0022597762429569174,0.1410928861870973,0.9980533623418912
8662,3587996065619.358,3350.6245775383577,0.002260457819254214,0.14109116677519273,0.9980515811296321
8663,3588069338888.1206,3350.943975224914,0.0022612508269376753,0.14108901336350066,0.9980496836937349
8664,3588155365405.0273,3351.319142294337,0.0022621772952868113,0.14108632011669814,0.9980476213349739
8665,3588256832854.545,3351.762097035,0.002263265246240073,0.14108294517651065,0.9980452580765832
8666,3588373604311.4355,3352.272044861426,0.00226451098520174,0.1410788354010657,0.9980427135478299
8667,3588440881370.1904,3352.5660312097425,0.0022652264237253313,0.1410763743044122,0.9980409842114725
8668,3588447188594.449,3352.5936026391114,0.0022652934301848437,0.1410761404179263,0.9980407381103074
8669,3588451919012.6426,3352.615351664925,0.0022653588384860214,0.1410763467325999,0.9980386896052817
8670,3588456149984.1226,3352.634588355638,0.0022654155840513184,0.1410764947040243,0.9980375858088042
8671,3588460728945.496,3352.6552336450845,0.002265475481729159,0.14107662224044593,0.9980369667935183
8672,3588465783442.639,3352.6778755307987,0.00226554018991225,0.1410767314863677,0.9980367485401459
8673,3588471407967.264,3352.7029421183734,0.0022656108495380774,0.14107682192660864,0.9980368623673078
8674,3588477716780.904,3352.7309462493467,0.002265688808130449,0.14107689234239354,0.998037232774394
8675,3588484854927.313,3352.762537262487,0.0022657757616251794,0.1410769408690567,0.9980377723826283
8676,3588493008697.86,3352.7985497917293,0.0022658738811949827,0.14107696483484505,0.9980383790321333
8677,3588502419267.5864,3352.8400668250088,0.0022659859738401425,0.14107696044903598,0.9980389354827328
8678,3588513401354.759,3352.8885052676055,0.002266115696858748,0.1410769222707491,0.9980393140695217
8679,3588526367978.769,3352.9457282654384,0.0022662678334573138,0.14107684232464476,0.998039389402963
8680,3588541863930.196,3353.0141830861294,0.0022664486225779587,0.14107670874648562,0.9980390706881421
8681,3588560610507.5933,3353.097124047217,0.00226666629001602,0.14107650352558326,0.9980383033007266
8682,3588583566440.6743,3353.198859037963,0.0022669316202163638,0.14107619950863237,0.998037115989339
8683,3588611001687.779,3353.3206605543032,0.0022672473189038066,0.14107577343030633,0.9980356355577704
8684,3588643040896.5176,3353.4630949569587,0.0022676142471767264,0.14107520395524933,0.9980340591472788
8685,3588680782353.398,3353.6310483788916,0.0022680443657003098,0.14107445143424716,0.9980324564322949
8686,3588725673364.2524,3353.8309513188556,0.00226855335751382,0.141073461736486,0.9980308454765539
8687,3588779525054.2036,3354.07091259599,0.0022691609271249325,0.1410721640940617,0.9980291617668328
8688,3588843448113.199,3354.356088460471,0.0022698790216252682,0.1410704943277343,0.998027307417319
8689,3588918123650.199,3354.689413396354,0.002270713840257397,0.14106839593237958,0.9980253979568923
8690,3589005726118.221,3355.080625012836,0.002271688516800793,0.14106576557214603,0.9980233118528117
8691,3589108574151.4126,3355.5401045128833,0.0022728273166130884,0.1410624795888987,0.9980209941593625
8692,3589226794050.365,3356.0684590059914,0.0022741300191189105,0.14105847486846845,0.9980184227689154
8693,3589260815397.1016,3356.2206099705736,0.0022745040462250096,0.14105728410785912,0.9980172851269685
8694,3589286331407.154,3356.334778261317,0.0022747843689894013,0.14105637941886112,0.998016619038912
8695,3589291115659.039,3356.356190541072,0.002274836914395591,0.14105620875766292,0.9980164776248244
8696,3589294703847.953,3356.373190876412,0.002274888713659697,0.14105638577382515,0.99801463813163
8697,3589298735391.476,3356.3920321648575,0.0022749450335184927,0.1410565481726173,0.9980133380498383
8698,3589303157496.695,3356.4125028190297,0.0022750051924673156,0.14105669260294665,0.9980125432701167
8699,3589308028711.0024,3356.43489213306,0.0022750699870821177,0.141056819436489,0.9980121811145787
8700,3589313430398.5845,3356.459581168358,0.002275140443647843,0.14105692844998494,0.9980121832789134
8701,3589319465210.0435,3356.4870423004695,0.002275217817684542,0.14105701884734784,0.998012477535367
8702,3589326263105.3457,3356.5178719602554,0.0022753036841433594,0.14105708930201388,0.9980129801559057
8703,3589333990095.389,3356.552831712995,0.0022754000449372452,0.1410571378348518,0.9980135939925472
8704,3589342859947.6396,3356.5929035732156,0.0022755094717886314,0.14105716158881113,0.998014207414243
8705,3589353150096.688,3356.6393655684365,0.0022756352991129577,0.14105715645023584,0.9980146959220637
8706,3589365223000.3574,3356.693891435411,0.0022757818730789877,0.14105711637931354,0.9980149313213966
8707,3589379554474.5728,3356.758680988607,0.002275954869987531,0.14105703230501157,0.9980148002446567
8708,3589396771991.0425,3356.8366335755586,0.0022761617118583735,0.1410568904016907,0.9980142311015712
8709,3589417705828.5454,3356.9315766174177,0.0022764121063573585,0.14105666957357824,0.998013220996521
8710,3589443337182.0312,3357.048023345945,0.002276717341923216,0.14105633991736422,0.9980118498900816
8711,3589473124000.9775,3357.183537729263,0.002277070430724484,0.14105588920953221,0.9980103271413442
8712,3589507989046.0156,3357.3422972698168,0.00227748167554952,0.14105528498012562,0.9980087735012542
8713,3589549211519.212,3357.5301761016603,0.002277965607422728,0.14105448286288577,0.9980071787140715
8714,3589598388889.4956,3357.753820503891,0.0022785385411600925,0.14105342842869592,0.9980059135161579
8715,3589657514606.087,3358.022316088474,0.002279223024653218,0.1410520546361211,0.998004394764894
8716,3589726476018.9424,3358.3357083573846,0.00228001794301526,0.14105032098368733,0.9980026094100217
8717,3589807054707.9165,3358.702089644692,0.002280942555738133,0.14104814078227146,0.9980006788155238
8718,3589901663793.7554,3359.13245356211,0.0022820231556073367,0.14104539997057536,0.99799854504633
8719,3590011258424.704,3359.6312285906824,0.002283269232061208,0.14104201507309397,0.9979961491694606
8720,3590137174477.2695,3360.204747379908,0.002284694779238358,0.14103788068489165,0.9979934125937283
8721,3590141693415.8164,3360.2265140852082,0.002284761381058571,0.1410381091518026,0.9979909833444146
8722,3590145857475.8564,3360.2463316848903,0.0022848208798234714,0.14103828195931356,0.9979895535666112
8723,3590150365262.5234,3360.267596506475,0.002284883688989339,0.14103843541251188,0.997988652962403
8724,3590155328658.545,3360.2908509440776,0.0022849513648792274,0.1410385720063581,0.9979881945338623
8725,3590160834924.1387,3360.3165092713793,0.0022850250339784967,0.14103869172032152,0.997988109590252
8726,3590166989653.797,3360.3450670296415,0.0022851060244107133,0.14103879393035304,0.9979883245822457
8727,3590173926149.6465,3360.377147421696,0.002285195995699309,0.14103887751719343,0.9979887558387753
8728,3590181814574.2974,3360.413545937342,0.0022852970572937253,0.14103894077521256,0.9979893063931252
8729,3590190873856.961,3360.4552878677036,0.0022854119183413363,0.1410389812018821,0.9979898648289393
8730,3590201387807.979,3360.503705403976,0.002285544085273527,0.14103899511616874,0.9979903082522236
8731,3590213726673.1987,3360.560539783595,0.0022856981188924996,0.141038977006314,0.9979905118237797
8732,3590228375630.692,3360.628074968228,0.0022858799641761744,0.14103891846800506,0.9979903663199007
8733,3590245973246.393,3360.7093136929643,0.0022860973749770255,0.1410388065032244,0.997989806049633
8734,3590267362760.413,3360.808210228406,0.0022863604706813007,0.14103862111281015,0.9979888321849929
8735,3590293323881.773,3360.9284218837975,0.002286678374937004,0.1410383363559703,0.9979875317959973
8736,3590323473234.6943,3361.0682072036625,0.002287045900275855,0.1410379379206194,0.9979860782056551
8737,3590358745452.0786,3361.231931169245,0.0022874739458195814,0.14103739496685155,0.9979845555653717
8738,3590400416171.1357,3361.425508433578,0.0022879772563508473,0.14103666487007516,0.9979830131265289
8739,3590450074547.84,3361.656337697182,0.0022885742138305026,0.1410356921277142,0.9979814243056788
8740,3590509676369.3486,3361.933536893015,0.002289287334761255,0.1410344037119407,0.9979797319276029
8741,3590578973866.878,3362.2560614300287,0.0022901128355212294,0.1410327683816843,0.9979779006388282
8742,3590659827527.803,3362.6325308272717,0.0022910716081350336,0.14103070351491023,0.9979759496949296
8743,3590754620415.3354,3363.0752719815255,0.0022921934288730643,0.14102808767207609,0.9979733255462361
8744,3590864182593.858,3363.5883537556215,0.002293486363650902,0.14102482252145676,0.9979707120664332
8745,3590927034159.496,3363.882870435048,0.002294225839133965,0.14102285851803248,0.9979690505755768
8746,3590974172833.724,3364.1038615292487,0.0022947794826143524,0.14102134386655357,0.9979679587210921
8747,3590983011335.1416,3364.145308903832,0.002294883215578898,0.14102105627172004,0.9979676834267225
8748,3590989640211.205,3364.1763974574533,0.002294960999829275,0.14102083978072402,0.9979674938501276
8749,3590994611868.2524,3364.2011262430906,0.0022950370495623718,0.14102110312165006,0.997964775899213
8750,3590998830046.7354,3364.221805758482,0.002295099390018191,0.141021284696143,0.9979633759783254
8751,3591003365847.1265,3364.2438384553507,0.0022951647469336266,0.14102144545489068,0.9979625307219807
8752,3591008355886.2954,3364.267907632366,0.0022952351152729683,0.14102158939418036,0.9979621362571998
8753,3591013888849.275,3364.2944477738847,0.0022953116886305865,0.14102171674540107,0.997962118849502
8754,3591020069842.285,3364.32396719934,0.0022953958402430292,0.14102182706370398,0.9979624009962467
8755,3591027031174.626,3364.3571031927827,0.0022954892802529107,0.1410219194354259,0.9979628952417975
8756,3591034941428.203,3364.3946678032967,0.0022955941787388447,0.14102199241465413,0.9979635008325093
8757,3591044017069.754,3364.437705966238,0.0022957133185188103,0.14102204383970368,0.9979641025290129
8758,3591054538118.7715,3364.4875747042806,0.0022958502990114735,0.1410220704479991,0.997964572328024
8759,3591066869044.968,3364.5460516273597,0.0022960098114420064,0.1410220672217406,0.9979647757578682
8760,3591081486315.594,3364.615437416982,0.002296197888177074,0.1410220264366477,0.9979646181244729
8761,3591099015495.4233,3364.698765378333,0.0022964224222389897,0.14102193602205393,0.9979640335448435
8762,3591120280587.935,3364.800019893714,0.002296693688047296,0.14102177719446923,0.9979630249840481
8763,3591146078972.707,3364.9230831317523,0.0022970214723770426,0.1410215246049729,0.9979616637622568
8764,3591175989661.5386,3365.065943528965,0.002297399822660555,0.14102116361812309,0.9979601710894949
8765,3591210918184.6924,3365.232939977783,0.002297839652875248,0.14102066493703944,0.9979586294904486
8766,3591252102489.0444,3365.4300160666803,0.002298355920526171,0.1410199885532416,0.9979570564620538
8767,3591301081786.62,3365.6645713840785,0.0022989671541864174,0.14101908153226517,0.9979554304549284
8768,3591359769552.9272,3365.9458915633045,0.0022996964784171964,0.1410178731661062,0.997953665198053
8769,3591428034989.654,3366.2732900973506,0.0023005410034633647,0.1410163299537701,0.9979518556026592
8770,3591507554165.617,3366.6547456031685,0.0023015202399790406,0.1410143784828043,0.9979499027274125
8771,3591600618189.8223,3367.1013695531833,0.002302661295979996,0.1410119144010081,0.9979477272753972
8772,3591708312934.2275,3367.617894229193,0.0023039747582126895,0.1410088602221788,0.9979454283498383
8773,3591831705654.628,3368.2103353097846,0.0023054741031252107,0.14100511811774089,0.997942669159306
8774,3591840556717.65,3368.2528769722685,0.002305581527159991,0.14100484125814913,0.9979421927342669
8775,3591843875866.2827,3368.2688324796354,0.002305621808198066,0.14100473711751466,0.9979420279903781
8776,3591848854589.233,3368.294158620673,0.0023057000473283066,0.14100500907749097,0.9979391459549064
8777,3591853060777.3804,3368.3153063486366,0.0023057641790069686,0.14100519945028764,0.9979375821838787
8778,3591857578779.9834,3368.337823268772,0.0023058314008584492,0.1410053696302672,0.9979365860826646
8779,3591862543983.9053,3368.3623995030453,0.0023059037351654877,0.1410055236630784,0.9979360562616681
8780,3591868042836.728,3368.3894686221456,0.002305982379279583,0.14100566184563115,0.9979359213319215
8781,3591874177420.3643,3368.419535892176,0.0023060687072740493,0.14100578387040377,0.9979361071566933
8782,3591881075916.957,3368.4532265597963,0.0023061644068784106,0.14100588896761068,0.9979365375645817
8783,3591888901233.657,3368.491352535085,0.0023062716670731245,0.14100597605450388,0.9979371045322528
8784,3591897861997.859,3368.5349459744048,0.0023063932571739444,0.141006043336652,0.9979376965307682
8785,3591908227362.6323,3368.585341700315,0.0023065327453919184,0.14100608808190476,0.997938190569162
8786,3591920346707.9185,3368.6442760830414,0.0023066947519723518,0.141006106068916,0.9979384607833252
8787,3591934675542.9272,3368.7140154030253,0.0023068852710539135,0.1410060906614395,0.997938395283542
8788,3591951810292.723,3368.797525159103,0.0023071120871175506,0.1410060313352636,0.9979379209044009
8789,3591972534352.07,3368.8986921894325,0.0023073853156331354,0.14100591156255982,0.9979370269066556
8790,3591997825914.5195,3369.0223585017648,0.0023077174232189177,0.141005706529329,0.9979357748965705
8791,3592027079155.7925,3369.165486536807,0.002308099677131224,0.14100540317319385,0.9979344316541362
8792,3592061141478.62,3369.3313804426125,0.0023085405422576945,0.14100498290444377,0.9979334762251086
8793,3592101188631.31,3369.5266357370683,0.0023090569941366895,0.1410044112900003,0.9979321113211056
8794,3592148678927.229,3369.7583660274795,0.002309666930026204,0.14100363819956374,0.9979305928405837
8795,3592205419537.838,3370.035424682777,0.0023103926017973677,0.14100260017080576,0.9979289597014027
8796,3592271646784.0674,3370.3590265681423,0.002311236090775857,0.14100125665873367,0.9979272249026064
8797,3592348629791.7266,3370.7353659398395,0.0023122123954750218,0.14099954395503775,0.9979253534142154
8798,3592438509426.464,3371.1749727532497,0.0023133475354812113,0.14099737055476755,0.9979232676947236
8799,3592542870279.8,3371.686162464662,0.0023146613435918134,0.1409946400242377,0.9979207928282503
8800,3592662240645.3086,3372.27112216089,0.0023161576372619417,0.14099127918253376,0.9979182014021962
8801,3592696426750.267,3372.4387628756494,0.0023165853099697377,0.1409902773953366,0.9979170426259462
8802,3592702836644.947,3372.4702058851385,0.0023166654716560244,0.14099008768361113,0.9979168130542643
8803,3592707644065.957,3372.495180716894,0.002316743292268502,0.14099036749209665,0.9979139057315843
8804,3592711810736.1367,3372.516564707702,0.002316808710637705,0.14099057010105168,0.9979122782505848
8805,3592716291059.2056,3372.539352505487,0.0023168773454641544,0.1409907531585137,0.9979112304010193
8806,3592721209031.5234,3372.564191313813,0.0023169511089738775,0.140990920726396,0.9979106611075033
8807,3592726647406.546,3372.591504725939,0.002317031182705418,0.14099107332517602,0.9979104988387477
8808,3592732704210.698,3372.6217886039617,0.002317118928853865,0.14099121092445308,0.9979106686814619
8809,3592739502232.983,3372.655661477007,0.002317216035743332,0.14099133315324386,0.9979110867743594
8810,3592747197070.7983,3372.693906937397,0.002317324633653403,0.14099143927608732,0.9979116570011866
8811,3592755987391.141,3372.7375271247256,0.002317447437929298,0.14099152807046436,0.9979122695833955
8812,3592766128726.3047,3372.787813915279,0.0023175879365984614,0.14099159757527832,0.9979128032192315
8813,3592777951793.82,3372.8464425861202,0.002317750633072876,0.14099164463195343,0.9979131327393725
8814,3592791886527.2446,3372.9155933632987,0.002317941354252095,0.14099166407726052,0.9979131444954888
8815,3592808494262.0903,3372.9981111300353,0.002318167648809679,0.14099164747873866,0.9979127596107942
8816,3592828510149.7554,3373.097713666565,0.0023184392997100144,0.1409915812707471,0.997911957928579
8817,3592852901059.1514,3373.219276145812,0.0023187690279081307,0.14099144430319463,0.997910787789869
8818,3592881274087.11,3373.3608770985225,0.002319151034754511,0.14099122037693823,0.9979094182292734
8819,3592914222643.959,3373.5254928947147,0.00231959279180599,0.14099088720426015,0.9979079656292723
8820,3592952834206.3813,3373.7183993398335,0.0023201077963812197,0.14099041317997643,0.9979065844545532
8821,3592998475111.742,3373.9465962036365,0.0023207140387672617,0.14098975870167627,0.9979050674137127
8822,3593052835516.2563,3374.2186918852894,0.0023214333884436756,0.14098886691857368,0.99790340516766
8823,3593116637642.3125,3374.538334314599,0.0023222744021464,0.1409876904574229,0.9979016293669613
8824,3593190643420.8867,3374.909387322067,0.0023232461283012188,0.14098617817762713,0.9978997313852312
8825,3593276830626.932,3375.340991930771,0.0023243714231037257,0.14098425608840637,0.9978979219921628
8826,3593377415671.1353,3375.8446179829043,0.0023256789538438445,0.14098183029335784,0.9978956956412229
8827,3593492269853.213,3376.420087045517,0.0023271663847556725,0.14097883836436736,0.9978931370009988
8828,3593557929621.725,3376.7491041730955,0.0023280140566606564,0.14097703533512665,0.9978915238197266
8829,3593564085225.0234,3376.7799487096536,0.002328093429786225,0.14097686311859678,0.9978912944746433
8830,3593566393576.2603,3376.7915157615066,0.0023281231915421546,0.1409767983972541,0.9978912119998306
8831,3593569856103.115,3376.8100178939644,0.002328181598642137,0.14097702188504901,0.9978887395377355
8832,3593573807533.578,3376.8308289032307,0.0023282461256132515,0.1409772378353575,0.9978868389292838
8833,3593578125441.978,3376.8533369397546,0.0023283148048064044,0.14097743775380042,0.9978855351708935
8834,3593582856126.4414,3376.8778033994877,0.002328388386446254,0.14097762251858803,0.9978847520151686
8835,3593588069562.927,3376.904598818705,0.002328467916624522,0.14097779284909415,0.9978844164470736
8836,3593593853368.244,3376.93418668878,0.0023285546882886965,0.14097794917194467,0.9978844435728466
8837,3593600317098.408,3376.9671354583998,0.0023286502706868694,0.1409780915084114,0.9978847517537892
8838,3593607598850.5986,3377.0041432190674,0.0023287565769071444,0.14097821945529304,0.9978852660505324
8839,3593615874004.037,3377.046112268448,0.0023288760775326428,0.14097833242283292,0.9978858823680783
8840,3593625366984.3364,3377.0941993396314,0.0023290119292560738,0.1409784293278284,0.9978864841269534
8841,3593636366873.484,3377.149897372537,0.0023291681905892392,0.1409785082861537,0.9978869468852203
8842,3593649247867.919,3377.2151408221825,0.002329350093149254,0.14097856601698186,0.997887150861019
8843,3593664496588.7896,3377.292444603749,0.002329564394597679,0.1409785969015453,0.9978869999040151
8844,3593682747829.4727,3377.3850829564617,0.0023298198250354804,0.1409785915241337,0.9978864455429708
8845,3593704832785.1494,3377.4973162306273,0.002330127648013595,0.1409785346594385,0.9978855159814877
8846,3593731166857.259,3377.6312771399066,0.0023304931356591717,0.14097840727210048,0.9978843170616306
8847,3593761609546.678,3377.7863302632823,0.002330914005436965,0.14097819277283719,0.9978829499441267
8848,3593797064636.6406,3377.9670485258134,0.002331402075557164,0.1409778661193043,0.9978815410663221
8849,3593838730963.6196,3378.179536484761,0.0023319731472970537,0.14097739450051666,0.9978801088528786
8850,3593888089422.4946,3378.4313398643762,0.002332646679146354,0.14097673483591766,0.9978786250640307
8851,3593946970751.013,3378.7318126082027,0.0023334466756955562,0.14097582973016975,0.9978770314459459
8852,3594015045910.7725,3379.0792829745496,0.002334367652861028,0.14097465024194342,0.9978753212787915
8853,3594094001739.5522,3379.4822764348455,0.0023354311554544425,0.14097313225521982,0.9978734900547546
8854,3594185997357.9907,3379.951692191122,0.002336664718699942,0.14097119300753036,0.9978714575054153
8855,3594292094439.049,3380.4937344266327,0.0023380828798433306,0.1409687475233835,0.9978689718543092
8856,3594413170360.492,3381.1132705636337,0.002339696457066595,0.14096570867071942,0.9978661592630083
8857,3594430469083.8975,3381.2018660827507,0.0023399266852544326,0.1409652565355562,0.9978653767729806
8858,3594432090839.2163,3381.2101731583602,0.002339948265874961,0.1409652139204707,0.997865303717743
8859,3594434523472.1953,3381.2235153763013,0.0023399908589254183,0.14096538438067754,0.9978633233745428
8860,3594438172421.664,3381.2432410791193,0.0023400527965587894,0.14096560522535712,0.9978612048192165
8861,3594442345578.4595,3381.265550848084,0.0023401217239988935,0.1409658210984126,0.9978596107457911
8862,3594446918501.8696,3381.289791751368,0.0023401955208146603,0.14096602256293328,0.9978585712319219
8863,3594451943639.027,3381.3162527701816,0.0023402750013549922,0.14096621003945634,0.9978580165238394
8864,3594457499708.424,3381.3453540286237,0.002340361348475514,0.1409663841086879,0.9978578735546394
8865,3594463685598.7705,3381.377617627998,0.0023404560191911572,0.14096654509981432,0.9978580645261553
8866,3594470625376.5513,3381.4136962782377,0.002340560824867022,0.14096669311592,0.9978585027826531
8867,3594478475906.416,3381.4544151927703,0.0023406780468759594,0.14096682802041086,0.9978590898950388
8868,3594487436896.4253,3381.500826641158,0.00234081058468244,0.1409669493426798,0.9978597147722164
8869,3594497764379.0605,3381.5542824382683,0.002340962149686301,0.14096705606335377,0.997860256412613
8870,3594509788467.305,3381.6165283974774,0.0023411375133166345,0.1409671461973175,0.9978605922563546
8871,3594523936769.058,3381.6898273589068,0.002341342824438543,0.14096721607424292,0.9978606137638856
8872,3594540765133.0137,3381.7771187060343,0.002341586013071427,0.14096725916449668,0.9978602480027872
8873,3594560998495.0967,3381.8822302432336,0.002341877321865689,0.14096726436812745,0.9978594780731517
8874,3594585586284.788,3382.0101476156174,0.0023422299836114873,0.14096721387403086,0.9978583608290483
8875,3594614019303.2427,3382.1582540316917,0.0023426362095624958,0.14096709085629958,0.9978570586165636
8876,3594646951360.043,3382.329867608461,0.002343104573902076,0.14096687603931674,0.9978557319847375
8877,3594685439826.877,3382.5306457699908,0.002343649900175491,0.14096654286333177,0.9978542964674352
8878,3594730799511.966,3382.7675012584637,0.002344290168430423,0.140966054601258,0.9978527787756796
8879,3594784649620.7373,3383.0489388395754,0.0023450474085530697,0.14096536292593673,0.9978511641650258
8880,3594847737117.889,3383.3787609161445,0.002345930855745783,0.14096442598725603,0.997849481212352
8881,3594920697803.7896,3383.760570405252,0.002346949051233665,0.14096319700831028,0.9978475841122235
8882,3595005402223.2295,3384.2042618172527,0.00234812710061442,0.14096160150308118,0.9978454764695461
8883,3595104130644.527,3384.7209440192046,0.002349493214128773,0.14095955527793874,0.9978433677791378
8884,3595216639334.86,3385.313241541645,0.002351051613870437,0.1409569593253441,0.9978400999795379
8885,3595280781547.6123,3385.6509948326684,0.0023519373010422056,0.1409553797597936,0.997838391204276
8886,3595292808212.5034,3385.7143399949605,0.002352103205320645,0.1409550765693729,0.9978379665451105
8887,3595301828211.172,3385.761853468514,0.0023522276018802905,0.14095484768020344,0.997837693732117
8888,3595303519460.922,3385.7707627266195,0.002352250923606109,0.14095480462887175,0.9978376414689988
8889,3595306056335.548,3385.7851122214174,0.002352296921255023,0.14095498800239642,0.9978354790836458
8890,3595309852068.695,3385.806255996259,0.002352363559823409,0.14095522405712543,0.9978331988274671
8891,3595314044300.088,3385.829344223171,0.002352435168643448,0.14095544707397617,0.9978315458342912
8892,3595318625768.061,3385.854360215773,0.0023525116409582043,0.14095565523365441,0.9978304676265415
8893,3595323656184.633,3385.881640188315,0.00235259394232482,0.14095584945765202,0.9978298899259863
8894,3595329213731.05,3385.9116134375395,0.002352683290000877,0.14095603045347538,0.9978297373246467
8895,3595335395784.8545,3385.944808970363,0.0023527811701828855,0.14095619867745218,0.9978299299278349
8896,3595342324239.1763,3385.981886797701,0.002352889427062475,0.14095635439455367,0.9978303788626144
8897,3595350152899.69,3386.0236793280146,0.002353010377764201,0.1409564976713494,0.9978309839509106
8898,3595359077163.13,3386.0712434218844,0.002353146954754647,0.1409566283023155,0.9978316348069531
8899,3595369346979.2305,3386.1259350511245,0.0023533029079470446,0.14095674563924157,0.9978322090248101
8900,3595381283881.254,3386.18950700475,0.0023534830628485844,0.14095684817572113,0.9978325781755049
8901,3595395303393.3354,3386.2642262339455,0.0023536936245959106,0.1409569328637372,0.9978326273913148
8902,3595411944379.5435,3386.353052327557,0.0023539426349629177,0.14095699391053523,0.997832263445214
8903,3595431907889.6743,3386.4597475831783,0.0023542402264500116,0.1409570211772345,0.9978315168162699
8904,3595456109856.669,3386.5892587805884,0.002354599632400287,0.1409569985669986,0.9978304302553418
8905,3595484157981.966,3386.7395111908927,0.0023550145273235168,0.14095690884971324,0.9978291550309065
8906,3595516585025.235,3386.9133610209096,0.0023554922648466536,0.1409567336658155,0.997827797442358
8907,3595554401096.621,3387.1162244037914,0.0023560471204508012,0.1409564484192377,0.9978263988423102
8908,3595598869608.739,3387.3548848337014,0.0023566969176767984,0.1409560203828695,0.9978249524677313
8909,3595651543830.588,3387.6376851333057,0.0023574634794339103,0.14095540598274997,0.9978234241409505
8910,3595713405104.128,3387.969868574635,0.0023583600124027293,0.14095456112248467,0.9978217971572316
8911,3595784826837.6807,3388.3534348885532,0.0023593909096985216,0.14095344744163532,0.9978200311196779
8912,3595867586467.5024,3388.7979371655165,0.0023605807056829796,0.14095199893841512,0.99781810846305
8913,3595963871661.842,3389.31521562018,0.002361959717222692,0.14095013025448896,0.997815872359897
8914,3596073830287.7744,3389.9064097345913,0.002363529273293957,0.14094777918102674,0.9978133213968301
8915,3596136435034.8667,3390.2432115628726,0.0023644207763217832,0.1409463501758989,0.9978116718828097
8916,3596159911815.0264,3390.3695583923277,0.002364754746537865,0.1409457983656186,0.9978109941963729
8917,3596177519400.1465,3390.4643308677278,0.0023650050883931976,0.14094537876992225,0.9978105685273434
8918,3596180820822.3564,3390.4821029698564,0.002365052018587691,0.14094529957902865,0.9978104785069205
8919,3596185772955.672,3390.5104531719094,0.002365142634229966,0.14094564257236986,0.997806816446324
8920,3596189914607.572,3390.5338605568872,0.002365216131641766,0.14094588638690306,0.9978047849411295
8921,3596194343530.8574,3390.558658732653,0.002365292847619216,0.14094611041246982,0.9978034125727702
8922,3596199185775.0825,3390.5855728542574,0.0023653749981265198,0.14094632037462443,0.9978025805487739
8923,3596204517034.6626,3390.6150302130973,0.002365463816291075,0.1409465174740098,0.9978022125756372
8924,3596210425320.1123,3390.6475207963294,0.002365560693392109,0.14094670240506485,0.9978022316565356
8925,3596217019815.4727,3390.683649270235,0.002365667334962488,0.14094687568290643,0.9978025536605354
8926,3596224437556.034,3390.7241738440166,0.002365785870990006,0.1409470376921575,0.9978030838205715
8927,3596232851769.9033,3390.7700540915403,0.00236591898851583,0.14094718865658915,0.9978037150090391
8928,3596242483007.6655,3390.8225141323014,0.0023660701042696143,0.1409473285219998,0.997804328795497
8929,3596253613791.599,3390.8831250150993,0.00236624358625898,0.14094745669703748,0.9978048007343973
8930,3596266607648.626,3390.9539102923195,0.002366445031969091,0.14094757154630175,0.9978050129898899
8931,3596281934380.863,3391.0374840097797,0.0023666816260321443,0.14094766954627733,0.9978048731850709
8932,3596300202879.137,3391.137251098561,0.0023669626580669024,0.14094774400883603,0.9978043165877643
8933,3596322205174.2256,3391.2575889518625,0.0023672999646707975,0.14094778308735947,0.9978033830186419
8934,3596348331959.4897,3391.400576411794,0.0023676988058373076,0.14094777001559644,0.99780224404549
8935,3596378409545.3384,3391.5653489599576,0.00236815623634838,0.1409476883158893,0.9978009462833672
8936,3596413281111.1987,3391.756570195056,0.002368684627804963,0.14094751772654734,0.9977995591120006
8937,3596454061736.693,3391.9803755958046,0.0023693002519771717,0.14094723130854842,0.997798117199168
8938,3596502120674.4165,3392.2446172238183,0.0023700238125299354,0.14094679070797528,0.9977964584341441
8939,3596559140693.4614,3392.5583435429708,0.002370879029005579,0.14094614697865065,0.9977947989315002
8940,3596625085782.294,3392.9213761355813,0.00237186444470812,0.14094526857622722,0.9977930351859412
8941,3596701227386.059,3393.3407909811353,0.0023729982171518914,0.14094410343132965,0.9977911014754811
8942,3596789512209.0645,3393.827386197623,0.0023743082587037354,0.14094257857641154,0.9977889466638448
8943,3596891528297.125,3394.389999842871,0.002375816837405824,0.14094061434606167,0.9977865234329805
8944,3597007485697.44,3395.029918598806,0.002377525798294649,0.1409381505657092,0.9977838048148637
8945,3597040481097.564,3395.212178736091,0.0023780113963943333,0.14093741011109734,0.9977826291916708
8946,3597065227647.6567,3395.348899917951,0.00237837531605229,0.1409368429483398,0.9977819885979875
8947,3597067547636.7275,3395.3617110938108,0.0023784094010104754,0.14093678928678646,0.9977819252774756
8948,3597069287628.5312,3395.37131979828,0.0023784349642080576,0.14093674899155362,0.9977818788716742
8949,3597071897616.236,3395.386846766585,0.0023784853538836278,0.14093695292420005,0.9977794216554421
8950,3597075686431.001,3395.409013349693,0.0023785560689347537,0.14093720780934835,0.9977769145396298
8951,3597079857940.065,3395.4331359026087,0.002378631819089831,0.14093744943689748,0.9977750784479833
8952,3597084407961.4688,3395.459217449887,0.002378712566745239,0.1409376764309091,0.9977738527420277
8953,3597089393568.271,3395.4875980493966,0.0023787993066807602,0.14093789001925391,0.997773157605575
8954,3597094888893.876,3395.518705524917,0.0023788932716748245,0.1409380911899373,0.9977729158029626
8955,3597100985841.371,3395.5530642725657,0.002378995958209892,0.14093828071972891,0.9977730464065568
8956,3597107798907.725,3395.591325625837,0.0023791092144229645,0.14093845925627932,0.9977734600211974
8957,3597115471853.673,3395.634306566609,0.0023792353498611725,0.14093862735205426,0.9977740565451857
8958,3597124186379.3247,3395.683041389194,0.0023793772795037142,0.14093878543609864,0.9977747234922737
8959,3597134173703.109,3395.7388485876672,0.0023795387059136475,0.1409389336485833,0.9977753399258075
8960,3597145729705.159,3395.803405760458,0.0023797243127815036,0.14093907134299383,0.9977757955125273
8961,3597159234764.384,3395.878894907451,0.00237994017613516,0.1409391971843629,0.9977759626742486
8962,3597175179599.007,3395.9681205757365,0.0023801940454305204,0.14093930763709195,0.997775757211397
8963,3597194199257.1826,3396.074700089944,0.0023804958369310447,0.14093939573936076,0.9977751512881319
8964,3597217118663.0884,3396.2033179784994,0.00238085829343158,0.1409394494475564,0.9977741790196769
8965,3597243965527.7754,3396.3542051891086,0.002381281471815381,0.14093945066570798,0.9977729481551814
8966,3597274868236.475,3396.528053384567,0.0023817667653576015,0.14093938250450483,0.9977716282625287
8967,3597310711626.177,3396.729870363052,0.0023823275885493057,0.14093922536434972,0.997770251036775
8968,3597352632738.965,3396.9660802155668,0.0023829811034885226,0.14093895253477076,0.9977688211428809
8969,3597402025009.409,3397.244560510695,0.0023837482688197245,0.14093852832848758,0.9977673111524543
8970,3597460570095.9326,3397.5748575347116,0.002384654366712041,0.14093790548920718,0.9977656603017262
8971,3597527904588.604,3397.9550447454535,0.0023856930325146597,0.14093705241494892,0.9977638525545443
8972,3597605584955.479,3398.393971986857,0.002386887377559243,0.1409359136810983,0.9977618664898753
8973,3597695591785.087,3398.902907953959,0.0023882667338974988,0.1409344152541739,0.9977596402765442
8974,3597799152641.5225,3399.488961116919,0.00238984879836233,0.1409324827289626,0.9977571436378376
8975,3597916762063.2407,3400.119681728815,0.002391559443482285,0.1409306135088315,0.9977660141641576
8976,3597950173817.105,3400.265699460587,0.0023919677990792516,0.14093054010257686,0.997780268580731
8977,3597956438520.954,3400.2932581927084,0.0023920455960488663,0.14093054745582081,0.997781642791449
8978,3597961137048.8413,3400.3139712736993,0.002392104238942536,0.14093055797891865,0.9977824134600233
8979,3597964660944.7573,3400.330651277966,0.0023921635737371083,0.14093092316240394,0.9977800788596667
8980,3597968573757.526,3400.3489285418773,0.0023922274318509884,0.14093128914917133,0.9977783171210587
8981,3597972825008.357,3400.368610259123,0.0023922951174142467,0.1409316514157209,0.9977770893124059
8982,3597977459898.642,3400.3899259028367,0.002392367382958178,0.14093201309850864,0.9977763271379704
8983,3597982540227.1226,3400.41316961771,0.0023924451669295735,0.14093237744647885,0.9977759701120963
8984,3597988142205.0947,3400.438695526696,0.002392529580353674,0.14093274781616358,0.9977759604179395
8985,3597994360022.5625,3400.4669384421413,0.002392621976032812,0.1409331279916275,0.9977762362036382
8986,3598001310989.3545,3400.4984378276904,0.0023927240228793513,0.14093352238544163,0.9977767307427178
8987,3598009142225.6094,3400.5338688619713,0.0023928377999599456,0.14093393623049016,0.9977773715411368
8988,3598018039606.418,3400.5740847743386,0.002392965925977151,0.14093437587952945,0.9977780792080367
8989,3598028239381.7944,3400.620172169194,0.0023931117236082526,0.14093484905225132,0.9977787681473487
8990,3598040043460.2593,3400.6735460971595,0.0023932794950250803,0.14093536505793863,0.9977793298289069
8991,3598053839381.999,3400.735986304251,0.0023934746217894013,0.1409359347167252,0.9977797080457638
8992,3598070126143.9756,3400.8097736293935,0.002393703965548406,0.1409365708287541,0.99777987107161
8993,3598089548368.0254,3400.89786498695,0.002393976360657226,0.1409372881373545,0.997779806746762
8994,3598112942012.6836,3401.004076560567,0.0023943031260610904,0.14093810315649782,0.9977795503536221
8995,3598140143799.818,3401.1277005886777,0.0023946816086827787,0.14093899595799445,0.9977791528889111
8996,3598171430483.368,3401.2700008268203,0.002395115239749005,0.14093996220077398,0.997778684158426
8997,3598207698545.82,3401.435060362046,0.002395615980560339,0.14094101468803602,0.9977781730919173
8998,3598250082544.892,3401.6280513351567,0.0023961989508871407,0.1409421685235201,0.9977776097737406
8999,3598299969535.614,3401.8553067262656,0.002396882592138151,0.14094343977736337,0.9977769535533682
9000,3598358878775.514,3402.1238028242283,0.002397687070918054,0.14094484119282352,0.9977761337761116
9001,3598426551262.1123,3402.4323547180225,0.002398607978218146,0.14094633864180406,0.9977751523734313
9002,3598504529967.9233,3402.7877212270014,0.0023996647812519834,0.1409479408979623,0.9977740454638305
9003,3598594763885.7373,3403.1991872796625,0.0024008838745995524,0.14094964959405903,0.9977725503333872
9004,3598698361770.927,3403.6719353655703,0.002402279206519871,0.1409514391481727,0.9977707062421073
9005,3598757110432.829,3403.940255105537,0.002403068916244937,0.14095238086238981,0.9977694045663364
9006,3598779141181.043,3404.0408836685665,0.0024033646952166237,0.14095272115829166,0.9977688828367728
9007,3598795664242.203,3404.116367158355,0.002403586429644873,0.14095297191627176,0.9977685545923521
9008,3598798762316.171,3404.130521680283,0.0024036279960558396,0.14095301851098668,0.9977684840436284
9009,3598803409427.122,3404.1532459878026,0.002403710272941948,0.1409535490418246,0.9977647667263799
9010,3598807496114.0303,3404.1729371032834,0.0024037802149700013,0.1409539690429803,0.9977625478843868
9011,3598811873685.4956,3404.1938306963025,0.0024038532673153613,0.14095438060499313,0.9977609704788131
9012,3598816647316.049,3404.2164471694687,0.002403931220883744,0.14095479313079162,0.9977599285569821
9013,3598821886079.786,3404.241119396943,0.002404015152904743,0.14095521062417352,0.9977593549112463
9014,3598827670770.1235,3404.2682300313536,0.002404106279584247,0.140955637036451,0.9977591826444868
9015,3598834101064.939,3404.298235758873,0.002404206044559207,0.14095607684954223,0.9977593520450887
9016,3598841301252.696,3404.3317247902382,0.0024043162963815973,0.14095653551564208,0.997759772458108
9017,3598849427381.795,3404.3694353333713,0.0024044393463086428,0.1409570196177582,0.9977603440999311
9018,3598858676765.6104,3404.4122930987887,0.0024045780835956795,0.14095753713809153,0.9977609656889315
9019,3598869300426.2197,3404.4614799022143,0.0024047361840738206,0.14095809788281613,0.9977615256613349
9020,3598881619165.158,3404.518504747634,0.002404918319995305,0.1409587137341308,0.9977619155757083
9021,3598896044783.062,3404.5853117066463,0.00240513047489954,0.14095939892652817,0.9977620345838818
9022,3598913107349.0605,3404.664403076484,0.0024053802925441646,0.1409601700455368,0.9977618130487169
9023,3598933491342.027,3404.759004898882,0.002405677544686826,0.1409610459851333,0.9977612346892593
9024,3598958084033.516,3404.87325386361,0.002406034677866913,0.14096204842338772,0.9977603579592789
9025,3598986313254.32,3405.004505760182,0.0024064428979988606,0.14096313811343728,0.9977593136934771
9026,3599018793942.253,3405.155598150023,0.0024069105436559522,0.14096432370513884,0.9977582011407404
9027,3599056482088.935,3405.3309664910935,0.00240745080095123,0.14096562323940492,0.9977570491536213
9028,3599100550606.0454,3405.5359608661292,0.002408079555260295,0.14096705764243034,0.9977558855265671
9029,3599152426706.3057,3405.7773409202237,0.0024088166944726008,0.14096864769766473,0.9977545844215998
9030,3599213098905.337,3406.059760943963,0.0024096754468050305,0.14097039281588064,0.9977531260532596
9031,3599282717351.704,3406.383997987329,0.002410657190118058,0.14097226602137747,0.9977514968292199
9032,3599362856609.344,3406.757383888806,0.0024117830808825023,0.14097427545137647,0.9977496879301864
9033,3599455453680.9224,3407.1889870930245,0.0024130792308273887,0.14097642887555442,0.9977476168952759
9034,3599560961580.7715,3407.6809599684934,0.002414550703464546,0.14097868986557457,0.997745270529533
9035,3599620664539.549,3407.959502600536,0.002415381388702241,0.14097989021005083,0.9977437319572501
9036,3599631858844.3193,3408.0117374324363,0.002415536983383695,0.14098010925382518,0.9977433560472446
9037,3599640254572.8975,3408.0509141230878,0.0024156536436260624,0.14098027229776966,0.997743117968252
9038,3599643402971.1143,3408.0666634924514,0.0024157114218128902,0.14098065527816792,0.9977403033572619
9039,3599647279953.9497,3408.085819606011,0.002415780538930457,0.14098108723568153,0.997737766591548
9040,3599651510285.132,3408.1065135675526,0.002415854039299303,0.14098151981122864,0.9977358527172142
9041,3599656116784.795,3408.1288705612574,0.0024159323113504324,0.14098195397209418,0.9977345081591711
9042,3599661157387.881,3408.1531774109644,0.0024160162915284416,0.1409823933001354,0.9977336687981746
9043,3599666704900.377,3408.179786934154,0.0024161071172825715,0.14098284177797044,0.99773326991865
9044,3599672849125.6006,3408.209130530891,0.0024162061682649464,0.1409833039479077,0.9977332422514329
9045,3599679701549.957,3408.241742242504,0.002416315144277528,0.14098378519344745,0.9977335083563379
9046,3599687401518.704,3408.278289542021,0.0024164361625790692,0.14098429202758103,0.9977339803682658
9047,3599696124488.668,3408.319613933067,0.0024165718844129376,0.14098483242047002,0.9977345590335001
9048,3599706092720.6323,3408.366783258849,0.0024167256757726308,0.14098541615466675,0.9977351352163466
9049,3599717589317.51,3408.4211595749384,0.0024169018124645604,0.14098605518117246,0.997735595613708
9050,3599730976521.6577,3408.484304288431,0.0024171052268901036,0.14098676406693036,0.9977360072636156
9051,3599746719262.593,3408.558334678134,0.0024173426163877007,0.14098756280519062,0.9977362467969683
9052,3599765416139.2236,3408.646386064343,0.002417623610879528,0.14098847259241645,0.9977359802506383
9053,3599787840458.174,3408.7521668518016,0.0024179595365988065,0.14098951652350403,0.997735255085008
9054,3599814219304.6772,3408.8767822338373,0.002418353310177496,0.14099068766974296,0.9977342250324576
9055,3599844461179.6875,3409.0198042417423,0.0024188030334074875,0.14099196545897885,0.9977330514807422
9056,3599879370046.17,3409.185044511101,0.0024193201340181793,0.14099336689570394,0.9977318082574033
9057,3599919991543.129,3409.3774706308604,0.0024199195049445085,0.14099491398764782,0.997730507854593
9058,3599967597266.8843,3409.602957687845,0.0024206187051872634,0.1409966308298798,0.9977292187824751
9059,3600023734264.9224,3409.8690329627275,0.002421440169048512,0.1409985461142662,0.9977277178347788
9060,3600088393610.722,3410.1757148130077,0.0024223829352456715,0.14100062752113018,0.9977260466489078
9061,3600162592446.843,3410.5277949868523,0.0024234607185308335,0.14100287461365735,0.9977242450376941
9062,3600248054109.6484,3410.9333629213347,0.002424697226789662,0.14100530386387586,0.9977222204833558
9063,3600346533665.2803,3411.401008849044,0.002426117222940025,0.1410079192931145,0.9977198520348811
9064,3600457760598.751,3411.929332173462,0.0024277150228710436,0.14101066437438514,0.9977172519373381
9065,3600473480399.079,3412.004027727259,0.002427940452867188,0.14101103689941757,0.9977165615284792
9066,3600485270249.325,3412.0600572672975,0.0024281094756547984,0.14101131388934582,0.9977161636598473
9067,3600487480846.2466,3412.070563464962,0.0024281411624851594,0.14101136559747668,0.9977160887268258
9068,3600490796741.6284,3412.087476097634,0.0024282037959818975,0.14101178635652173,0.9977130058964545
9069,3600494699345.059,3412.107114587199,0.0024282753010737737,0.1410122393650532,0.9977103763472012
9070,3600498945721.0903,3412.128269521673,0.0024283511400448776,0.14101269281609125,0.9977083928187948
9071,3600503566855.34,3412.1511116834026,0.002428431875428202,0.1410131489168885,0.9977069914266888
9072,3600508620754.061,3412.1759342192427,0.0024285184768791344,0.1410136115784357,0.9977061059920974
9073,3600514179570.8374,3412.203099600772,0.002428612127247483,0.141014085167157,0.9977056631801039
9074,3600520332145.118,3412.233055053176,0.0024287142725196113,0.14101457467791229,0.9977055813122392
9075,3600527188611.4023,3412.266322966657,0.0024288265906634455,0.141015085619839,0.9977058052281534
9076,3600534886420.554,3412.303573521582,0.0024289512316821044,0.14101562497946055,0.9977062478977397
9077,3600543598375.2847,3412.3456517546633,0.0024290908982787856,0.14101620132019685,0.9977068095085395
9078,3600553543018.8354,3412.393628186316,0.002429249003167945,0.14101682515708905,0.9977073804222881
9079,3600564998255.187,3412.4488659935846,0.0024294298744461378,0.14101750935522153,0.997707846638609
9080,3600578319073.494,3412.5131073626053,0.0024296390151396395,0.1410182695095714,0.9977081005627746
9081,3600593960318.2925,3412.588582881154,0.0024298834262293473,0.14101912425390412,0.9977080569939196
9082,3600612506583.6836,3412.67848364769,0.002430172934710689,0.14102009474004817,0.997707391792594
9083,3600634711708.4185,3412.7865263782573,0.0024305188524033163,0.14102120159944212,0.99770633963553
9084,3600660892058.8677,3412.9139655523804,0.002430924743996919,0.14102244400565705,0.9977052330645816
9085,3600690865855.6196,3413.059934295978,0.0024313873830427014,0.1410237993383077,0.9977040729491803
9086,3600725409547.5005,3413.2282013006375,0.0024319182299528267,0.14102528772569323,0.9977028662442436
9087,3600765540204.789,3413.423765092706,0.00243253242490327,0.14102693399809843,0.9977015726684966
9088,3600812492913.032,3413.6525635426297,0.0024332479372565483,0.1410287668412153,0.9977002176078852
9089,3600867767618.938,3413.921844407921,0.002434086592815073,0.14103081770508322,0.9976987571875439
9090,3600931550867.2456,3414.232450158656,0.0024350501391330742,0.14103306471450489,0.9976971713431841
9091,3601004650054.975,3414.5881965695185,0.002436149579792324,0.14103550782661137,0.9976954366538604
9092,3601088721046.117,3414.997083808734,0.0024374086324445445,0.1410381682947659,0.9976934855804195
9093,3601185725611.0566,3415.468540245122,0.0024388551151295432,0.1410410662559529,0.9976912612548493
9094,3601295195854.081,3416.000021078142,0.002440480067750562,0.14104414547283603,0.9976888047928952
9095,3601326097715.5835,3416.1500416904764,0.0024409377831374236,0.14104498253573935,0.9976877620988365
9096,3601337685913.6475,3416.206479950408,0.0024411098245764318,0.1410452925322952,0.9976872532173914
9097,3601339858700.784,3416.217061154056,0.0024411420702064564,0.14104535035569396,0.9976871626639455
9098,3601343117881.4893,3416.2340694130367,0.002441205477248219,0.14104577767569124,0.9976840249214646
9099,3601347012860.76,3416.2541365233023,0.0024412790691294103,0.14104624659381085,0.99768127844594
9100,3601351251269.95,3416.2757554647796,0.002441357150093591,0.14104671699518986,0.9976791917115884
9101,3601355860180.168,3416.2990797914217,0.002441440223432813,0.14104719072853983,0.9976777033607139
9102,3601360896128.3374,3416.324401874866,0.0024415292648243495,0.14104767182267663,0.9976767463785108
9103,3601366429560.6523,3416.35207789289,0.002441625447045413,0.1410481647266279,0.9976762541609699
9104,3601372547068.4873,3416.3825449491187,0.0024417301965294746,0.14104867452797396,0.9976761526165956
9105,3601379355790.9233,3416.4163407340275,0.002441845259462843,0.14104920723616632,0.9976763618665416
9106,3601386989168.18,3416.4541329421313,0.002441972797205824,0.14104977010615513,0.9976767939503599
9107,3601395614612.12,3416.4967603456134,0.0024421155168303514,0.14105037201207635,0.9976773498598749
9108,3601405443403.5396,3416.545298127484,0.0024422768734973944,0.14105102388990168,0.9976779060174901
9109,3601416743651.6816,3416.601090128263,0.0024424611694663966,0.1410517389231305,0.997678360574689
9110,3601429857132.6157,3416.6658481225427,0.002442673861380382,0.14105253320290911,0.997678615365978
9111,3601445220876.794,3416.7417708664007,0.0024429219136680104,0.14105342607800675,0.997678581967423
9112,3601463395432.5386,3416.8316739855272,0.0024432141806097294,0.14105444042335996,0.9976782097216572
9113,3601485102090.798,3416.9391716884875,0.002443561942126236,0.1410556030461666,0.9976774979689927
9114,3601510849484.952,3417.0668207376834,0.0024439728906848084,0.14105692430714153,0.9976765086162074
9115,3601540274597.1704,3417.212841155312,0.002444440758610176,0.14105836958811777,0.9976753619987613
9116,3601574109684.397,3417.380797926974,0.002444976490130985,0.14105995954733141,0.9976741771282615
9117,3601613330237.4487,3417.5754420457506,0.0024455947447607524,0.1410617237537328,0.997672954665775
9118,3601659119285.093,3417.8028397723215,0.0024463139585413447,0.14106369158639342,0.9976715655948598
9119,3601712910688.992,3418.070158356657,0.002447155848225148,0.14106589536657857,0.9976700170981682
9120,3601775234047.1826,3418.380083396511,0.0024481278407771606,0.14106832455929902,0.9976683028181722
9121,3601846556448.767,3418.7349843616817,0.0024492363553321227,0.14107096499139193,0.9976664084446424
9122,3601928443347.717,3419.142658486978,0.0024505046693327395,0.1410738391102482,0.9976642849087217
9123,3602022776960.948,3419.6129828925723,0.002451961819615887,0.14107696173591508,0.9976617462723181
9124,3602129576258.646,3420.144623292519,0.00245360318234833,0.14108030250054696,0.9976593542558839
9125,3602189805907.9077,3420.4441837515483,0.002454525847964979,0.14108211126929782,0.9976577958253826
9126,3602195452437.5254,3420.472269509254,0.002454612271122975,0.14108227807482296,0.9976575698999277
9127,3602197569886.1323,3420.482802674068,0.002454644679426486,0.14108234051540322,0.9976574885163333
9128,3602199157972.588,3420.490702887358,0.002454668985456795,0.14108238730585138,0.9976574296782144
9129,3602201540102.27,3420.503526769698,0.002454717301626278,0.1410827179093967,0.9976548261239135
9130,3602205113296.7944,3420.5224685813546,0.0024547875477989836,0.14108317399917475,0.9976519081865592
9131,3602209234412.3433,3420.544069853505,0.0024548664311554455,0.14108365885145394,0.9976495134322896
9132,3602213721417.843,3420.567385382687,0.002454950376575661,0.14108414768850727,0.9976477564859586
9133,3602218613416.411,3420.5926282306236,0.002455040090148637,0.14108464321113717,0.9976465722566568
9134,3602223974502.089,3420.6201330975246,0.0024551366881689486,0.14108514986912596,0.997645891381568
9135,3602229884159.927,3420.650309374783,0.0024552415232462687,0.14108567273537903,0.9976456422831358
9136,3602236440378.177,3420.6836590645553,0.0024553562441539086,0.14108621774516558,0.9976457473758512
9137,3602243764778.679,3420.7208044228923,0.0024554828867413207,0.14108679202479874,0.9976461201573094
9138,3602252009255.809,3420.7625230915146,0.0024556239873789795,0.1410874042484469,0.9976466635778649
9139,3602261364788.166,3420.809794218452,0.0024557827298882667,0.1410880650482486,0.9976472704113314
9140,3602272072849.575,3420.8638575447667,0.002455963130628455,0.141088787447676,0.9976478271344076
9141,3602284440222.7046,3420.926289239874,0.002456170272391485,0.14108958731030563,0.9976482220828702
9142,3602298858063.983,3420.999098263925,0.0024564105966154636,0.14109048376276892,0.9976483587490029
9143,3602315826576.6724,3421.0848495197547,0.0024566922721771197,0.14109149959553177,0.9976481723806399
9144,3602335987334.679,3421.1868239285345,0.002457025672739074,0.14109266171717827,0.997647644504409
9145,3602360166230.181,3421.309250778543,0.0024574240664152805,0.1410940017148266,0.9976467931036156
9146,3602387958534.7812,3421.4500899803857,0.0024578802742892874,0.14109548107424377,0.9976457437403647
9147,3602419784180.1196,3421.6114558940717,0.0024584006553982018,0.1410971071691994,0.9976445939755274
9148,3602456510431.5493,3421.797730042331,0.0024589988013714002,0.14109890767795202,0.9976433763217287
9149,3602499208784.332,3422.014338184093,0.0024596914864312,0.14110091500266286,0.9976420825819948
9150,3602549175197.889,3422.2678575507534,0.00246049895618994,0.14110316548672497,0.9976406713906638
9151,3602607847975.247,3422.5650961878837,0.0024614422972789383,0.14110569962943367,0.9976393088493414
9152,3602674836326.6235,3422.9044587035096,0.0024625154671778665,0.14110847232727414,0.9976375988968451
9153,3602751520452.525,3423.293023436976,0.0024637396598541795,0.14111150316889962,0.9976356511299466
9154,3602839635699.8022,3423.739602039312,0.0024651414205692944,0.14111482052981955,0.9976334365848119
9155,3602940386410.8374,3424.25026239072,0.0024667384597249833,0.14111842411355954,0.9976309278895393
9156,3603053870348.475,3424.8254974972874,0.0024685309563414397,0.14112226997406419,0.9976280961204071
9157,3603061868577.762,3424.8660582790394,0.0024686571154748684,0.14112253339830852,0.997627649220665
9158,3603064867913.745,3424.8824570612087,0.002468719191355977,0.14112295625321605,0.9976243842268556
9159,3603068726556.721,3424.9032664828646,0.0024687967103524605,0.14112345697700043,0.9976212742840755
9160,3603072933777.5854,3424.9257192971877,0.0024688791052864907,0.14112396156871748,0.9976188703779276
9161,3603077501221.6416,3424.949895848114,0.002468966621083182,0.14112447039588588,0.9976171159612126
9162,3603082481593.6533,3424.9760830167734,0.0024690602349911046,0.14112498773280452,0.997615939160641
9163,3603087941349.1978,3425.004632625595,0.002469161129245843,0.14112551835572518,0.9976152701701277
9164,3603093961904.21,3425.0359720035426,0.0024692707272683414,0.1411260677049752,0.9976150351870308
9165,3603100643564.257,3425.0706250211238,0.0024693907645590954,0.14112664217512336,0.997615154556321
9166,3603108110699.017,3425.1092323352427,0.0024695233593384725,0.14112724946196836,0.997615548190988
9167,3603116518629.2056,3425.1525726104273,0.0024696710914184896,0.14112789906288659,0.9976161436511495
9168,3603126062476.579,3425.2017023169146,0.002469837419157456,0.1411286026629975,0.9976167859074019
9169,3603136988721.8965,3425.2579105959185,0.0024700265580087323,0.1411293743733221,0.9976173626139765
9170,3603149610175.8403,3425.322834361729,0.002470243835722971,0.1411302313786159,0.9976177650468512
9171,3603164325090.517,3425.3985715726603,0.002470496034808439,0.14113119436287141,0.9976178890463466
9172,3603181642054.815,3425.487764910222,0.0024707916495271785,0.14113228791926702,0.9976176937007455
9173,3603202212518.7344,3425.593808206329,0.0024711415129805765,0.14113354139697928,0.9976171635009846
9174,3603226873857.3125,3425.721049951225,0.002471559410853354,0.1411349895750291,0.9976163314570793
9175,3603255049315.012,3425.866522858476,0.0024720350678049956,0.14113658283189234,0.9976153158462726
9176,3603287292952.521,3426.033077658174,0.002472577325675236,0.14113833788931235,0.9976141954719153
9177,3603324484955.8003,3426.225271825041,0.002473200470276735,0.1411402859064114,0.9976129859494607
9178,3603367698050.24,3426.448626142493,0.0024739217342220313,0.14114246225884267,0.9976116986957783
9179,3603418226983.677,3426.709834713547,0.002474761950306817,0.14114490764656584,0.997610285400409
9180,3603477365233.987,3427.015557144104,0.002475741601859964,0.14114765467321957,0.9976087213338607
9181,3603544822669.1577,3427.3642337706797,0.002476854833760143,0.14115066125540274,0.9976069913688178
9182,3603621975172.541,3427.763057321165,0.0024781236071865402,0.1411539564367076,0.9976050207856703
9183,3603710540785.166,3428.220911803203,0.002479575000683767,0.1411575740576185,0.9976027796784086
9184,3603811616241.09,3428.7434480844013,0.0024812256149403865,0.1411615139152051,0.9976002282904533
9185,3603925357639.7617,3429.331382572291,0.002483076433884736,0.14116573618266276,0.9975973680496414
9186,3603929362033.827,3429.352090399958,0.0024831415106066532,0.1411658811637297,0.9975971127853335
9187,3603930863681.601,3429.3598562808656,0.002483165913889184,0.14116593547126743,0.9975970228003076
9188,3603933116153.2627,3429.372489427791,0.0024832142682996187,0.14116626985438716,0.9975943138573458
9189,3603936494860.7554,3429.391158022503,0.0024832846781654002,0.14116673422464746,0.9975912118443114
9190,3603940574649.225,3429.4134452187727,0.002483367488248892,0.1411672530846669,0.9975884987240627
9191,3603945019452.8506,3429.437511684436,0.002483455673711165,0.1411677781752096,0.9975864643267895
9192,3603949856169.2666,3429.463513766699,0.0024835497465495377,0.1411683111629101,0.9975850469110918
9193,3603955144583.797,3429.491774463318,0.00248365080666248,0.14116885669994209,0.9975841777825072
9194,3603960959288.9688,3429.5226967684366,0.00248376021288403,0.14116942020594278,0.9975837797881442
9195,3603967391891.4473,3429.55676994495,0.002483879604624837,0.1411700079644427,0.997583773770259
9196,3603974555582.543,3429.5945969097506,0.0024840109939635877,0.141170627482428,0.997584073109442
9197,3603982591071.3887,3429.6369273801092,0.002484156874979745,0.14117128786410263,0.9975845814184795
9198,3603991674446.3276,3429.684700719332,0.00248432036316759,0.14117200023881327,0.9975851926209061
9199,3604002027319.4907,3429.739100695555,0.0024845053709190708,0.1411727782299219,0.9975857937940142
9200,3604013929957.478,3429.8016252694897,0.002484716823687456,0.14117363833752644,0.9975862732206152
9201,3604027738118.3633,3429.8741785709763,0.002484960954408626,0.14117460071061697,0.9975865269256557
9202,3604043904736.82,3429.9591749888423,0.002485245618253363,0.14117568948856649,0.9975864830686526
9203,3604063008134.8496,3430.0596939900715,0.002485580763350489,0.14117693338024884,0.9975861073884453
9204,3604085789138.3813,3430.1796685166128,0.0024859790101770373,0.14117836653882057,0.9975854128575992
9205,3604112357611.5127,3430.3197695304657,0.0024864419968579545,0.14117997955482317,0.9975844228962143
9206,3604142661243.0684,3430.4799415004068,0.0024869688357907005,0.14118175098821173,0.9975831745938043
9207,3604177452606.121,3430.66388413719,0.002487571300792117,0.1411837095296626,0.9975819545535048
9208,3604217698586.0713,3430.87670284676,0.002488265545542367,0.14118589203983792,0.9975806961614059
9209,3604264565758.2266,3431.1245776137507,0.002489071037661867,0.14118834032596472,0.9975793295586136
9210,3604319462708.7935,3431.4148996580598,0.002490010966722867,0.14119110118198666,0.9975778365626065
9211,3604382641676.627,3431.7490148839656,0.002491088786912805,0.14119415834320906,0.9975761565968194
9212,3604454726967.087,3432.130351023574,0.0024923145508115173,0.1411975105405715,0.9975742296276877
9213,3604537244463.9707,3432.5668725410956,0.0024937128338380333,0.14120119344006501,0.9975720928057263
9214,3604632004834.398,3433.0682624116857,0.0024953133496671276,0.14120524478924443,0.9975696056112696
9215,3604738908830.0796,3433.634222279045,0.0024971135297946487,0.14120960789353101,0.9975667784841371
9216,3604799025014.1084,3433.9525740703816,0.0024981235659505777,0.1412119769935797,0.9975650344116105
9217,3604804660906.3613,3433.9824258604385,0.0024982181861804746,0.14121219611534022,0.9975647901339518
9218,3604808887825.551,3434.0065712779506,0.002498310467219041,0.14121281836069952,0.9975601488992352
9219,3604812912831.4883,3434.0292204435173,0.0024983955727233362,0.14121336079732494,0.9975570017073312
9220,3604817228514.829,3434.0532616847904,0.002498484621672793,0.141213900118989,0.9975546367019545
9221,3604821908991.4854,3434.0791296812413,0.0024985791992734705,0.14121444536308603,0.9975529383114946
9222,3604827012066.3154,3434.10715133269,0.002498680440151154,0.14121500169240953,0.9975518282907331
9223,3604832605801.2065,3434.1377031125285,0.002498789629029979,0.14121557442872984,0.9975512316737437
9224,3604838773165.003,3434.17123968524,0.0024989083049895867,0.1412161696435424,0.9975510702248503
9225,3604845616200.66,3434.208318374744,0.0024990383456448364,0.14121679452170044,0.9975512588216845
9226,3604853261199.222,3434.2496286435794,0.002499182065914571,0.14121745772389055,0.9975517032183414
9227,3604861865553.087,3434.296030515671,0.0024993423448305303,0.14121816980398288,0.9975522993282407
9228,3604871626479.606,3434.3486030433382,0.0024995227828907385,0.1412189436605637,0.9975529349135653
9229,3604882792530.6045,3434.408707527802,0.002499727904830037,0.14121979505413232,0.9975534947353766
9230,3604895678117.8145,3434.4780659012317,0.0024999634057174644,0.14122074309521485,0.9975538705897531
9231,3604910682276.2573,3434.5588620612207,0.00250023646626582,0.14122181079065396,0.9975539741154147
9232,3604928312912.3193,3434.6538881231772,0.0025005561977273073,0.14122302554158803,0.9975537388621012
9233,3604949218396.738,3434.766648184011,0.002500933972595491,0.14122441988897927,0.9975531870986291
9234,3604974227408.947,3434.9016365183943,0.002501384284914716,0.14122603283680768,0.9975523511969061
9235,3605002644240.687,3435.0551040858327,0.0025018941145178537,0.14122780429384546,0.9975513429220083
9236,3605035099947.2754,3435.2304396406894,0.0025024742642902986,0.14122975964228757,0.9975502350884551
9237,3605072462815.696,3435.432326780659,0.0025031396948206283,0.1412319347509764,0.9975490427908019
9238,3605115779291.099,3435.66639137269,0.0025039083168282325,0.14123437069235573,0.9975477634983915
9239,3605166308082.1626,3435.9394017546165,0.002504801617902105,0.1412371147150376,0.9975463600721414
9240,3605225337830.8677,3436.2583474950434,0.002505841540046503,0.14124020763699782,0.9975447573814831
9241,3605292524881.318,3436.621473685428,0.0025070213431082214,0.14124359978064366,0.9975429397541788
9242,3605369193242.2173,3437.0356939539975,0.002508362716013129,0.14124732918680358,0.9975409734647966
9243,3605456996929.392,3437.510047889118,0.0025098938141593537,0.14125143949070817,0.9975386806882984
9244,3605557166727.644,3438.0509888699175,0.002511634288782953,0.14125594533974198,0.9975361344292967
9245,3605669662633.9824,3438.6581757280283,0.002513581929562328,0.1412608030734812,0.9975332571363775
9246,3605677567177.1646,3438.700846910631,0.0025137185790563505,0.14126113689168598,0.997532809136342
9247,3605680531380.8574,3438.716849635309,0.00251376981929698,0.14126126185312282,0.9975326594277625
9248,3605682754533.627,3438.728852051584,0.002513808248459933,0.14126135549981375,0.9975325552888176
9249,3605686089262.7817,3438.748306784988,0.0025138833729265045,0.1412618678695591,0.9975286023665342
9250,3605689993552.1685,3438.7707617038477,0.0025139687166427535,0.14126242081128296,0.9975251943897349
9251,3605694223245.3105,3438.7948338973783,0.0025140588981884056,0.14126297673008464,0.9975225639623266
9252,3605698805114.9644,3438.8206961188293,0.0025141545257525385,0.14126353850733603,0.9975206328691348
9253,3605703790577.458,3438.848646835716,0.0025142566456174504,0.1412641110003564,0.9975193230327882
9254,3605709242973.029,3438.87904441007,0.0025143664957469856,0.14126469952542775,0.9975185589376885
9255,3605715239439.283,3438.9123199761484,0.002514485551902429,0.14126531009353285,0.9975182634321139
9256,3605721874535.3496,3438.9489992346557,0.002514615603801456,0.14126594975673837,0.9975183539858951
9257,3605729264858.652,3438.9897333848858,0.002514758859976551,0.1412666270088257,0.9975187357647828
9258,3605737555198.4336,3439.0353257574466,0.0025149180393213766,0.1412673521635532,0.9975193101747282
9259,3605746926351.0103,3439.0867834943874,0.0025150965389460008,0.14126813781606776,0.9975199670966562
9260,3605757605422.4575,3439.1453724880716,0.0025152986130550347,0.14126899934243253,0.9975205922262698
9261,3605769878816.5933,3439.2126897310727,0.002515529605021386,0.1412699554572687,0.9975210743867914
9262,3605784108984.738,3439.2907546537344,0.002515796235150819,0.14127102876715888,0.9975213179610471
9263,3605800755989.832,3439.382125496646,0.002516106964025202,0.141272246377098,0.9975212575878012
9264,3605820405416.919,3439.4900490952386,0.0025164724592299423,0.14127364063563128,0.9975208704204858
9265,3605843804995.1377,3439.6189856248775,0.0025169071088980708,0.14127524842894665,0.9975199445408024
9266,3605870841294.062,3439.7681749836083,0.0025174077710361253,0.14127704322645282,0.9975188588874092
9267,3605901629839.2505,3439.938170542361,0.0025179758795847796,0.14127901892121783,0.9975177222235393
9268,3605936929072.279,3440.1331629833217,0.0025186249397424745,0.14128120906948644,0.9975165269791431
9269,3605977693891.9414,3440.35840898667,0.0025193718645329117,0.1412836547628051,0.9975152566688421
9270,3606025072209.0825,3440.620284729679,0.002520237068453185,0.14128640262713685,0.9975138511173047
9271,3606080446160.063,3440.9264533434925,0.002521244972645979,0.14128950491589296,0.9975122665367908
9272,3606143944903.6416,3441.277678149585,0.002522397137642365,0.14129293886057362,0.9975104793815772
9273,3606216240829.6787,3441.677654078721,0.002523704764171161,0.1412967102570439,0.9975084986070771
9274,3606298820881.0884,3442.134550916516,0.002525193595785506,0.1413008632953045,0.9975062670729097
9275,3606393438772.997,3442.6582786929825,0.002526894523308141,0.14130544112309687,0.9975036668048568
9276,3606499996192.8096,3443.2482946062796,0.0025288043924073292,0.14131039076462895,0.9975007471867161
9277,3606559797152.189,3443.5796159947377,0.002529874255226775,0.14131308315416663,0.9974989156294438
9278,3606562600322.16,3443.595151975741,0.002529924377135458,0.14131320790151086,0.9974987763407187
9279,3606566805077.1167,3443.620263559207,0.0025300213956759216,0.14131385644127678,0.997493891683629
9280,3606570827351.836,3443.6439760244543,0.0025301115653445045,0.14131442845948405,0.9974904884259169
9281,3606575136030.3525,3443.669128031394,0.00253020588976349,0.1413149982810423,0.9974879044278757
9282,3606579801739.0303,3443.6961510244605,0.00253030595976732,0.1413155749094523,0.9974860235954643
9283,3606584879847.714,3443.7253727766506,0.0025304129301411613,0.14131616367419708,0.9974847648031888
9284,3606590435394.201,3443.7571703890408,0.0025305281085721393,0.14131677012018265,0.9974840501175389
9285,3606596547377.031,3443.7920223312467,0.0025306531295354903,0.14131740059023098,0.9974837734535553
9286,3606603312583.7104,3443.830465571294,0.0025307898350226165,0.1413180624104067,0.9974838725077675
9287,3606610850318.0806,3443.8731752255458,0.0025309405313576378,0.14131876452011086,0.9974842601440984
9288,3606619308650.5854,3443.920999069869,0.002531108102895693,0.14131951780836388,0.9974848309192652
9289,3606628872335.948,3443.9749960283,0.0025312961408458547,0.14132033554328582,0.9974854717246079
9290,3606639773238.806,3444.036496085276,0.002531509138655682,0.14132123389764906,0.9974860664343508
9291,3606652303430.3965,3444.1071745890727,0.0025317527301684413,0.14132223248135753,0.9974865046409094
9292,3606666832048.6045,3444.1891547275964,0.002532034015470533,0.14132335500044962,0.997486686307093
9293,3606683826979.4795,3444.285108377972,0.002532361871301091,0.1413246296051211,0.9974865600126989
9294,3606703882905.5547,3444.398391929367,0.0025327473989819695,0.14132609018557868,0.9974861366592566
9295,3606727758001.916,3444.5333068825175,0.0025332047069196355,0.1413277767315921,0.9974854316485511
9296,3606755170295.1997,3444.6883272646696,0.0025337280849555715,0.1413296543378778,0.9974844819939556
9297,3606786368007.049,3444.8648555128625,0.0025343217889443,0.14133172568727934,0.9974833902911517
9298,3606822121651.046,3445.0672298864297,0.002534999895233375,0.14133402612904808,0.9974822108131186
9299,3606863387045.2256,3445.300848072179,0.00253577988542411,0.14133659849018018,0.9974809406837611
9300,3606911310848.3623,3445.5722686152944,0.002536682892656855,0.14133949137156782,0.9974795119585144
9301,3606967271697.019,3445.8891359332824,0.002537733569521887,0.14134276129009773,0.9974779745035165
9302,3607031256147.4526,3446.2512109563113,0.0025389303969407242,0.14134638152629495,0.9974763117844699
9303,3607104030749.779,3446.6632054567726,0.0025402878997882756,0.14135036517544677,0.9974742528833641
9304,3607187074870.9526,3447.133412834988,0.0025418322507815973,0.141354754174288,0.99747200968045
9305,3607282119411.368,3447.671126219243,0.0025435932570265444,0.14135960727097466,0.9974695751291599
9306,3607388966328.036,3448.2749556421954,0.0025455656030462324,0.14136488100810876,0.9974667710817954
9307,3607418916268.593,3448.444439934447,0.002546118113439242,0.1413663248904912,0.9974655496306366
9308,3607441378724.0093,3448.5716125118347,0.002546532361782598,0.14136739747727745,0.9974648467443767
9309,3607445590434.4,3448.595463667161,0.002546610022516896,0.1413675976058921,0.9974646969439979
9310,3607447169825.796,3448.6044083452193,0.0025466391443231405,0.14136767257326896,0.9974646416154347
9311,3607449538912.891,3448.619003117803,0.0025466962773847937,0.14136806176972463,0.9974614589673266
9312,3607453092543.5337,3448.6405810065703,0.0025467795405958536,0.1413686036544368,0.9974578093371037
9313,3607457201847.594,3448.665247452092,0.002546873365484225,0.1413691853855824,0.9974547420516884
9314,3607461657031.57,3448.691750028188,0.0025469728527250978,0.14136977364788494,0.9974524323480468
9315,3607466490354.4844,3448.7202927208705,0.00254707871549303,0.14137037149449588,0.9974508042848383
9316,3607471757979.6055,3448.7512128662484,0.002547192141091051,0.14137098419960767,0.9974497771563486
9317,3607477528963.256,3448.7849187643724,0.002547314552321112,0.14137161774834067,0.9974492697730253
9318,3607483887488.138,3448.821904939916,0.0025474476615273255,0.14137227908299443,0.9974491965577762
9319,3607490936814.2773,3448.862776753416,0.0025475935561252525,0.14137297645543853,0.9974494646751835
9320,3607498804323.1245,3448.9082810912546,0.002547754803113391,0.1413737198063761,0.997449972487705
9321,3607507648148.103,3448.95934632272,0.002547934583407848,0.1413745212101918,0.9974506096072878
9322,3607517665784.2905,3449.0171374320435,0.0025481368819013418,0.1413753956185106,0.9974512548633591
9323,3607529105023.4575,3449.083108749715,0.0025483666364617473,0.141376360656739,0.9974517983936567
9324,3607542277628.4907,3449.1589883267907,0.0025486297279178915,0.14137743760792232,0.9974522303729348
9325,3607557577434.6084,3449.2471613489924,0.0025489341797931705,0.14137865322857956,0.997452358654569
9326,3607575503232.2207,3449.3505554889166,0.002549289771996716,0.14138003838359248,0.9974521348823633
9327,3607596688403.033,3449.472863607239,0.002549708763602667,0.14138162976671947,0.9974515686974293
9328,3607621869384.044,3449.618370318722,0.002550205253198876,0.1413834662857237,0.9974507099958816
9329,3607650395956.7266,3449.7833355270714,0.0025507659510343996,0.14138548518852206,0.9974496737464806
9330,3607682875091.338,3449.9712754767165,0.002551402331236272,0.1413877152558711,0.997448523226986
9331,3607720134953.0786,3450.1869917882095,0.0025521300964425637,0.14139019666392338,0.9974472763088182
9332,3607763168614.2583,3450.4362871978974,0.0025529681502364796,0.14139297559482655,0.997445893173117
9333,3607813164708.444,3450.725926476503,0.0025539385246679015,0.14139610516832096,0.9974444425003343
9334,3607871534594.228,3451.0633629944027,0.0025550659705877747,0.14139965617033576,0.9974430625760564
9335,3607937731219.4917,3451.445882134275,0.002556340432896562,0.14140356837214674,0.9974413229839706
9336,3608012978187.4893,3451.8805453410737,0.002557784482907338,0.14140788234688834,0.9974393244558618
9337,3608098816979.8813,3452.3761037590966,0.002559426275768811,0.14141265272833722,0.9974370651497716
9338,3608196829285.9604,3452.9413832691484,0.002561294153525322,0.14141793072081293,0.9974345479517807
9339,3608306538409.0625,3453.5734263459967,0.0025633774750173656,0.14142365425513764,0.9974316608701538
9340,3608321902296.8726,3453.662114974909,0.002563669285954559,0.1414244400281583,0.9974307919811481
9341,3608327663754.8013,3453.695376625861,0.002563778691998816,0.1414247335904077,0.9974305178236575
9342,3608331984848.248,3453.7203237648187,0.002563860737635909,0.14142495337607777,0.9974303358736936
9343,3608335225668.333,3453.7405603290204,0.002563940245577833,0.14142548889686343,0.9974261435403781
9344,3608339125150.8276,3453.764604371127,0.002564033326944446,0.14142608688123626,0.9974223508365906
9345,3608343346694.0273,3453.790361994622,0.002564131665470505,0.14142668943380388,0.9974193950400299
9346,3608347909623.292,3453.817970078629,0.002564235744375678,0.14142729865690648,0.9974171999243685
9347,3608352861911.778,3453.8477276850826,0.0025643466384044455,0.14142791968002666,0.9974156810293175
9348,3608358262765.9097,3453.879994208628,0.0025644656206328686,0.1414285581553586,0.997414757125916
9349,3608364183937.0117,3453.915200148085,0.0025645942025788724,0.14142922047987347,0.9974143454453474
9350,3608370712875.5884,3453.95386767759,0.002564734207837149,0.14142991413852105,0.9974143580023193
9351,3608377956786.5083,3453.9966360534063,0.0025648878606598998,0.1414306480623654,0.9974146991815809
9352,3608386047992.718,3454.044295424105,0.002565057901632966,0.14143143304394132,0.9974152637743687
9353,3608395150704.6006,3454.0978263970314,0.002565247721391221,0.14143228217613915,0.9974159399452379
9354,3608405469919.901,3454.158452782245,0.002565461536842808,0.14143321138035309,0.9974166128469932
9355,3608417262568.6357,3454.227710474343,0.0025657046171982125,0.14143423998074633,0.9974171687141301
9356,3608430851822.216,3454.30752948696,0.002565983548960802,0.1414353912675347,0.997417508200526
9357,3608446645398.5005,3454.400341395201,0.0025663065805233173,0.1414366931620271,0.9974175580851179
9358,3608465159034.256,3454.5092141720925,0.002566684052603846,0.1414381789862685,0.9974172845268693
9359,3608487046907.5474,3454.6380236813006,0.0025671289507973346,0.14143988856882592,0.9974166995240995
9360,3608512786233.1104,3454.789593552527,0.00256765047994156,0.14144184346159328,0.9974158603821642
9361,3608541942270.927,3454.9613695097682,0.002568239360015899,0.14144399623083997,0.997414859866698
9362,3608575146797.2573,3455.1570734738666,0.0025689078852585583,0.14144637959033435,0.9974137457951893
9363,3608613238828.2607,3455.381648339632,0.0025696723969894585,0.1414490372510562,0.9974125296118012
9364,3608657222459.46,3455.641013776604,0.0025705524090347265,0.14145201961066808,0.9974111913576874
9365,3608708298218.5967,3455.9422473610507,0.002571571167551504,0.14145538404363797,0.9974096953960404
9366,3608767608537.5576,3456.29210780767,0.0025727506187327494,0.1414591770461792,0.9974079890993526
9367,3608834817857.223,3456.6885616810255,0.002574083083443437,0.14146334922102774,0.9974060911583105
9368,3608911163030.8623,3457.138834460663,0.002575592039764247,0.141467948844643,0.9974039758328943
9369,3608998179477.324,3457.6517599491576,0.0025773063009747466,0.1414730371070383,0.9974016072447212
9370,3609097190983.2524,3458.2352671343315,0.0025792510939406698,0.14147864825433817,0.997398849990823
9371,3609207909720.5327,3458.887832688966,0.0025814199328650007,0.14148471790138256,0.997395678583913
9372,3609215655582.6963,3458.9335074770433,0.0025815714989156865,0.14148513476131083,0.9973952000935654
9373,3609218560281.008,3458.9506370628965,0.0025816283345246305,0.1414852908624524,0.997395041510263
9374,3609222917328.4746,3458.978315650519,0.0025817373118428937,0.14148601270746808,0.9973895931066729
9375,3609226967614.449,3459.0037581713304,0.002581836000688155,0.14148663546808235,0.9973858446876455
9376,3609231291684.2026,3459.030660083947,0.0025819389696722307,0.14148725602763687,0.997382983195776
9377,3609235964299.383,3459.0595033167024,0.0025820480390487247,0.14148788482170713,0.9973808813883915
9378,3609241038580.9746,3459.090622063419,0.0025821644168192767,0.141488527589842,0.9973794527192773
9379,3609246576171.8594,3459.1243968866215,0.0025822894580139534,0.14148919030027166,0.9973786140568236
9380,3609252651555.9473,3459.161283619828,0.002582424773489791,0.14148987976438462,0.9973782797159186
9381,3609259355524.0083,3459.2018357767884,0.002582572310102455,0.14149060399701494,0.9973783584984944
9382,3609266799387.117,3459.246731488489,0.0025827344449886524,0.14149137259158975,0.9973787513410203
9383,3609275120491.4487,3459.296808331895,0.0025829141055611696,0.14149219715218803,0.9973793504582898
9384,3609284489360.4644,3459.3531066933974,0.0025831149164267583,0.1414930917621794,0.9973800417357799
9385,3609295118652.391,3459.4169295501324,0.002583341398468491,0.14149407353459217,0.9973807042350552
9386,3609307274740.313,3459.4898986058297,0.0025835991552433223,0.14149516310747157,0.9973812330516285
9387,3609321292356.5415,3459.5740537922184,0.002583895196194914,0.14149638533012723,0.9973815353079466
9388,3609337593337.509,3459.67196349528,0.0025842382973429757,0.1414977700849218,0.9973815440455682
9389,3609356710660.803,3459.7868623043937,0.00258463944117656,0.14149935300655606,0.9973812342273713
9390,3609379319625.5747,3459.92283608439,0.0025851124207439337,0.14150117679538132,0.9973806216213746
9391,3609405637986.238,3460.0812112153467,0.002585661315141347,0.1415032437150226,0.9973797680424085
9392,3609435445511.7524,3460.260666196516,0.002586281060004964,0.1415055222445796,0.9973787605606939
9393,3609469399576.3374,3460.4650860477277,0.002586984661848417,0.14150804926098545,0.9973776788568258
9394,3609508350769.2554,3460.6996341870163,0.002587789329846902,0.14151087153263275,0.9973764690183407
9395,3609553314979.6094,3460.9704554807345,0.0025887154837047847,0.14151404262532188,0.9973751017279945
9396,3609605505533.758,3461.2848392374367,0.002589787255791847,0.14151762299365256,0.9973735665922699
9397,3609665795396.6846,3461.648052936023,0.002591021736269415,0.14152164474327084,0.9973718199407924
9398,3609734060665.8516,3462.0592577200737,0.0025924153122112207,0.14152607279366836,0.9973698720627776
9399,3609811552571.985,3462.5261565390733,0.0025939930591542923,0.14153095595463586,0.9973676144035044
9400,3609899801965.087,3463.0578567880834,0.0025957847755496304,0.1415363549189104,0.9973650765230678
9401,3609999869650.421,3463.660674877843,0.0025978106912833304,0.1415422950201442,0.9973621931954654
9402,3610055764905.0522,3463.99747004827,0.002598940305482537,0.14154553711684004,0.997360396017494
9403,3610097686346.0264,3464.2503541303868,0.0025997872692379324,0.14154793148727984,0.9973590679144914
9404,3610105546616.209,3464.297784832259,0.002599946011224245,0.1415483768127306,0.9973587536018312
9405,3610108494217.5273,3464.3155719809956,0.0026000055330601805,0.14154854352940485,0.9973586414770225
9406,3610112915619.5044,3464.3443460264607,0.002600119449871334,0.14154929302309086,0.9973529955830538
9407,3610116977862.0933,3464.370481103534,0.0026002213907882397,0.14154993208532954,0.9973491631242755
9408,3610121309316.956,3464.398078223046,0.002600327623714349,0.14155056840293592,0.9973462409127068
9409,3610125986732.9097,3464.427643668053,0.0026004400771008165,0.14155121307876486,0.9973440956111687
9410,3610131062581.912,3464.459515861144,0.002600559984878855,0.1415518720226113,0.9973426374282848
9411,3610136597469.7188,3464.494078244936,0.00260068872395304,0.14155255135006237,0.9973417803555173
9412,3610142664500.1885,3464.531789204321,0.0026008279278614287,0.14155325802875812,0.9973414359828617
9413,3610149352634.382,3464.5732045930577,0.0026009795681685936,0.14155400024973006,0.9973415102393385
9414,3610156770749.8066,3464.619004150149,0.0026011460474964342,0.14155478779626074,0.9973419015234665
9415,3610165052948.125,3464.6700254335983,0.0026013303171567243,0.14155563246605146,0.9973425003759975
9416,3610174365418.8027,3464.727307177783,0.0026015360254358576,0.1415565485546768,0.9973431911826698
9417,3610184915041.8755,3464.792146957139,0.002601767709646019,0.14155755335681644,0.9973438532162504
9418,3610196960425.2207,3464.8661593459015,0.0026020309929037687,0.14155866774976122,0.9973443790060403
9419,3610210825981.0977,3464.9513685911556,0.002602332887446053,0.14155991684651642,0.997344676272908
9420,3610226919771.0195,3465.0503176146167,0.0026026821513257504,0.14156133075354496,0.997344679544247
9421,3610245756400.7036,3465.1662059480223,0.0026030897357983227,0.14156294541143555,0.9973443619918719
9422,3610267986600.0107,3465.303065388597,0.0026035693583645577,0.14156480374096791,0.9973437395498359
9423,3610293986741.3887,3465.4632319068596,0.0026041286609603254,0.1415669217381464,0.99734286761346
9424,3610323387965.0415,3465.6444396235124,0.0026047592446386244,0.14156925516152088,0.9973418364334985
9425,3610356814567.7124,3465.8503174893553,0.00260547344407636,0.1415718415290677,0.9973408132492411
9426,3610395086964.8906,3466.0861247097046,0.0026062889067603482,0.14157472902695106,0.997339588080007
9427,3610439183766.06,3466.3579191011545,0.002607225884292538,0.1415779706048055,0.997338190990096
9428,3610490271357.382,3466.672897176369,0.0026083083947907137,0.14158162747046452,0.9973366139876374
9429,3610549503477.106,3467.0381968841593,0.0026095600593365963,0.14158575351488117,0.9973348105004741
9430,3610616476571.728,3467.451161904302,0.002610971076044844,0.1415902946515645,0.9973328518320609
9431,3610692376485.228,3467.919193480125,0.0026125658871457625,0.14159530329792613,0.997330596589069
9432,3610778677395.238,3468.4513907847677,0.0026143744613180823,0.1416008408662903,0.9973280252311574
9433,3610876832239.8438,3469.057498071485,0.0026164278420278925,0.14160694240769992,0.9973248896229495
9434,3610986357980.502,3469.7338027838314,0.0026187128252692887,0.1416135416438972,0.997321552624918
9435,3611001647603.868,3469.828283100576,0.0026190315381851297,0.14161444660246045,0.9973207239517898
9436,3611003081006.0586,3469.837141542934,0.002619061414568979,0.14161453124531945,0.9973206482746394
9437,3611004156057.7017,3469.843785483907,0.0026190838216315405,0.1416145947076561,0.9973205937066146
9438,3611005768635.1665,3469.854721796713,0.00261912781757702,0.14161489144933345,0.997317970249597
9439,3611008187501.363,3469.870914172265,0.0026191922699694537,0.14161531216927975,0.9973147301467185
9440,3611011815800.657,3469.894910293948,0.0026192865717069892,0.14161590279930128,0.9973109977716974
9441,3611016068450.855,3469.922744452247,0.0026193945343118107,0.1416165493586106,0.9973078354145748
9442,3611020678005.4126,3469.952659177006,0.0026195091690940533,0.14161720635031652,0.997305485451892
9443,3611025673615.479,3469.9848524442787,0.0026196311817969996,0.1416178766719196,0.9973038665112424
9444,3611031111382.2466,3470.0196902389403,0.0026197619001142734,0.14161856631386321,0.9973028877935741
9445,3611037060265.663,3470.0576170948016,0.002619902923733043,0.14161928219896414,0.9973024571209055
9446,3611043604031.9673,3470.099173698258,0.0026200561856668542,0.1416200324003772,0.997302474380155
9447,3611050844896.7046,3470.1450201280168,0.002620224033876845,0.14162082644669768,0.9973028326988719
9448,3611058908375.357,3470.1959505360833,0.0026204092935699233,0.14162167580184815,0.9973034329563908
9449,3611067949553.0806,3470.2529578857125,0.002620615480951519,0.14162259434974686,0.9973041586887098
9450,3611078160919.304,3470.317275052611,0.00262084694544481,0.14162359887119483,0.9973048911165204
9451,3611089782479.39,3470.3904387638613,0.002621109084402912,0.14162470961034837,0.9973055162361969
9452,3611103114502.947,3470.474369308145,0.002621408607483542,0.14162595088781632,0.9973059349299984
9453,3611118533777.54,3470.5715006173573,0.0026217539674333926,0.14162735208593594,0.9973060447307929
9454,3611136514313.554,3470.6848509962265,0.002622155569008387,0.14162894746717533,0.9973058331739975
9455,3611157653942.4727,3470.8181846822886,0.0026226263366586483,0.14163077824502165,0.9973053331793819
9456,3611182709183.854,3470.976290331438,0.002623182639336219,0.14163289471369264,0.9973045689798262
9457,3611211017576.87,3471.154990352017,0.0026238092920535653,0.14163522676714535,0.9973036274579601
9458,3611243093273.383,3471.3575056792906,0.0026245171769555937,0.1416378041162989,0.9973025696826792
9459,3611279697179.721,3471.5886928151094,0.002625322765704399,0.14164067339147698,0.9973013563932132
9460,3611321739592.7847,3471.8544985750473,0.0026262459930516085,0.14164388500312625,0.9972999133480295
9461,3611370302451.365,3472.161674371786,0.0026273095882016293,0.14164749813997335,0.9972983350378269
9462,3611426676149.646,3472.5184277982435,0.0026285410826824523,0.1416515813669124,0.9972965451989347
9463,3611490750992.452,3472.9240036094125,0.002629937054385785,0.14165609907252233,0.9972945512627799
9464,3611563223745.8003,3473.3831267633095,0.0026315127276834984,0.14166107002884853,0.9972922031116984
9465,3611645445685.0845,3473.9042147250934,0.002633295981970104,0.14166655075306478,0.9972896167485543
9466,3611738987222.594,3474.497601695251,0.002635320824911694,0.14167260363236062,0.9972865571734807
9467,3611843874445.402,3475.1635211374555,0.0026375865933340563,0.14167917999608076,0.9972831342405232
9468,3611902365956.787,3475.5353220183324,0.002638848842844679,0.14168275875955688,0.9972810010416154
9469,3611905107746.383,3475.5543686562814,0.00263892530650861,0.1416832585444952,0.9972766977553085
9470,3611908965004.378,3475.580769387786,0.0026390297678336103,0.141683910263898,0.9972721292563372
9471,3611913157151.549,3475.6091311146047,0.002639140463007726,0.14168456934514467,0.9972685256441075
9472,3611917675162.4287,3475.639419808325,0.002639257229888869,0.14168523419335935,0.9972658154069468
9473,3611922561105.47,3475.6719309096243,0.0026393811696098974,0.14168591025903784,0.9972638944300344
9474,3611927868347.434,3475.707025680081,0.0026395136060482307,0.14168660359903698,0.9972626652242645
9475,3611933661194.126,3475.745132708788,0.002639656093012291,0.14168732094462,0.9972620317024726
9476,3611940017425.8,3475.7867669961997,0.0026398104855428575,0.14168807005663567,0.9972618947150512
9477,3611947031626.962,3475.8325531610462,0.0026399790236144253,0.1416888600762013,0.997262149615113
9478,3611954819550.4814,3475.883255288156,0.0026401644377149593,0.14168970191950636,0.9972626849803004
9479,3611963523746.091,3475.9395510856702,0.0026403692898803056,0.14169060900198888,0.997263632677197
9480,3611973320581.688,3476.0027780118257,0.002640598305435981,0.14169159896661535,0.997264612220146
9481,3611984429313.9463,3476.0744592792907,0.0026408568500499788,0.1416926914431932,0.9972654245864164
9482,3611997123498.4688,3476.156371136938,0.002641151174577694,0.1416939091132605,0.9972660058214335
9483,3612011745515.8906,3476.2507555312673,0.002641489130797907,0.14169527954414396,0.9972662872749355
9484,3612028724999.586,3476.360424431002,0.0026418805060141053,0.1416968356124595,0.9972662285982506
9485,3612048602358.166,3476.4889110633617,0.0026423375184381494,0.1416986163924588,0.9972658283069896
9486,3612072059326.497,3476.6406130014884,0.0026428753236563953,0.1417006689707853,0.9972651502113138
9487,3612099038059.5317,3476.815169168643,0.0026434921280486475,0.14170297364512432,0.9972642577820351
9488,3612129523721.446,3477.0124792031484,0.002644187125917146,0.14170551581892474,0.997263222963612
9489,3612164178316.5054,3477.236820704643,0.0026449749317559138,0.14170833701649238,0.9972620688564791
9490,3612203835146.4155,3477.4935824795402,0.002645873934018775,0.14171148870233294,0.9972607876605345
9491,3612249484246.7305,3477.789141922149,0.0026469058764567698,0.141715030793927,0.9972593635748768
9492,3612302303022.6177,3478.1311500193897,0.0026480966981657366,0.14171903057875418,0.9972577324686956
9493,3612363040035.4165,3478.524333224137,0.0026494621555999665,0.14172351977111564,0.9972558849477109
9494,3612431600172.0703,3478.9680535988796,0.0026509992383078316,0.14172846412995155,0.9972538213664424
9495,3612509181007.3887,3479.470241687092,0.0026527345212019765,0.14173392117289182,0.997251354910078
9496,3612597238507.752,3480.0412160452506,0.0026547016797980115,0.14173994113236926,0.9972482620772812
9497,3612696871895.007,3480.6873104526167,0.0026569217439385033,0.14174655822504162,0.9972450949269532
9498,3612752355795.079,3481.047151315709,0.0026581560050978055,0.14175016788516204,0.9972431605176311
9499,3612793968720.133,3481.3170337388965,0.002659080750132774,0.14175284166105476,0.9972418683117735
9500,3612801771143.5806,3481.3676417855095,0.0026592540600694813,0.1417533396944014,0.9972415528352423
9501,3612804697052.373,3481.3866264249596,0.0026593190661392237,0.14175352625153895,0.9972414325989144
9502,3612809085915.562,3481.4176595213585,0.0026594439486977792,0.14175432740146948,0.9972349527900777
9503,3612813158759.734,3481.445995792548,0.0026595561833233634,0.1417550109686084,0.9972306380498451
9504,3612817497045.1655,3481.4758610725444,0.0026596729267236276,0.1417556900726987,0.9972273539267866
9505,3612822172096.041,3481.507805756348,0.0026597963106054284,0.14175637668595067,0.9972249063201732
9506,3612827233374.75,3481.542145770155,0.0026599275380437847,0.14175707711964286,0.9972232283956615
9507,3612832737876.89,3481.579272848446,0.0026600680522413335,0.14175779790359677,0.9972222202464626
9508,3612838754019.6504,3481.619651277379,0.0026602195479514057,0.1417585463534559,0.9972217821441108
9509,3612845364625.9224,3481.663840419763,0.0026603840554838966,0.1417593309717432,0.9972218101827416
9510,3612852670502.014,3481.7125198378762,0.0026605640315608917,0.14176016181851633,0.9972221944889392
9511,3612860795105.613,3481.7665215305437,0.0026607624736966966,0.1417610509275784,0.9972228188690366
9512,3612869890555.0757,3481.8268707616676,0.0026609830628926794,0.14176201277471395,0.9972235625121362
9513,3612880145110.6494,3481.894823606402,0.0026612302850676627,0.14176306444304346,0.9972243191101515
9514,3612891792738.596,3481.971966026892,0.00266150979484917,0.141764227228034,0.9972249564144523
9515,3612905125243.412,3482.0602605461695,0.002661828542511383,0.1417655261919869,0.9972253767120438
9516,3612920507620.4404,3482.1621541489403,0.002662195143673025,0.14176699118697278,0.9972255123685165
9517,3612938397459.6255,3482.2807050336933,0.0026626203040749264,0.14176865779083558,0.9972253325320851
9518,3612959369888.9663,3482.419750479798,0.002663117382838019,0.14177056855469194,0.9972248393808412
9519,3612984150068.7236,3482.584131082223,0.002663703144979278,0.14177277465605184,0.997224057373682
9520,3613012209626.407,3482.7703282319035,0.0026643645660883544,0.14177521478878627,0.9972230920880575
9521,3613043925990.8105,3482.9808344912694,0.0026651100839458807,0.14177790926424,0.9972219974859645
9522,3613080016603.9263,3483.2204102661244,0.002665956093666768,0.14178090500987045,0.997220775847839
9523,3613121347089.006,3483.494764168845,0.002666922231852402,0.14178425727363994,0.9972194323257308
9524,3613168943231.24,3483.810633379073,0.002668031684609901,0.14178803098541812,0.9972179274289965
9525,3613224024238.1655,3484.176205579348,0.0026693123603648574,0.14179229718497563,0.9972161599539873
9526,3613286809910.2866,3484.5929893454336,0.0026707686502177126,0.14179704444788144,0.9972141201413928
9527,3613357650136.465,3485.063249490313,0.0026724077254891153,0.14180227266741904,0.9972118288480571
9528,3613437797321.5083,3485.595278767945,0.0026742576957121704,0.1418080452827788,0.9972092279892593
9529,3613528730313.9897,3486.199210286659,0.002676352566476134,0.14181442963756136,0.9972061264168759
9530,3613630985733.6274,3486.8785907739043,0.002678703423507584,0.14182141862376882,0.9972026706393718
9531,3613687887031.2197,3487.256736578637,0.0026800096200398638,0.14182522902185174,0.9972006009829678
9532,3613698556024.5186,3487.3276559893243,0.0026802544051845833,0.141825937237481,0.9972001099434572
9533,3613706557769.493,3487.380849127792,0.002680437974559217,0.1418264672836526,0.9971997988471482
9534,3613708058096.6753,3487.3908232367485,0.0026804723916618186,0.14182656654866507,0.9971997391509938
9535,3613710308587.449,3487.407169964808,0.00268053886994216,0.1418269956577154,0.9971960186144287
9536,3613713684323.6104,3487.4313997963054,0.0026806362055014237,0.14182759985243204,0.9971915940664909
9537,3613717791370.7207,3487.460537221641,0.0026807517138666167,0.14182828553322463,0.9971876072350159
9538,3613722233573.254,3487.491753422699,0.0026808739455885305,0.14182897987300655,0.9971845516498348
9539,3613727027374.551,3487.5251776399637,0.002681003365940664,0.1418296846471849,0.9971823408973485
9540,3613732220676.875,3487.561150799642,0.002681141248741466,0.14183040579635803,0.9971808737507707
9541,3613737872479.595,3487.6000851949534,0.00268128911825132,0.1418311500731274,0.9971800504747148
9542,3613744053876.5654,3487.642473979056,0.0026814487846724714,0.1418319252063549,0.9971797688276138
9543,3613750850969.7266,3487.6889117115456,0.002681622420064667,0.14183274023439005,0.9971799226199173
9544,3613758368534.6216,3487.740121210716,0.002681812655330346,0.14183360588118862,0.9971803994815281
9545,3613766734975.386,3487.796988483816,0.0026820227044121133,0.1418345349929511,0.9971810811196448
9546,3613776108358.7554,3487.8606043017376,0.002682256509565633,0.1418355429886393,0.9971818460983963
9547,3613786684284.541,3487.9323179939383,0.002682518927163045,0.1418366483839608,0.9971825750488688
9548,3613798705651.3594,3488.0138034013,0.0026828159524238727,0.14183787334942874,0.9971831587283757
9549,3613812475134.7095,3488.1071420728563,0.0026831550005387487,0.1418392443475895,0.9971835083669732
9550,3613828370918.1494,3488.2149285904347,0.0026835452616629026,0.14184079290960022,0.9971835649406577
9551,3613846866612.5728,3488.340383952413,0.002683998090166191,0.14184255664167958,0.9971833222608008
9552,3613868556835.892,3488.487549212293,0.0026845276693318538,0.14184458095360428,0.9971827887611746
9553,3613894098709.0483,3488.6609177375167,0.002685149621012592,0.1418469121098573,0.9971819810876937
9554,3613922835659.6475,3488.8560315997497,0.0026858474796870335,0.14184947644770993,0.9971809921069972
9555,3613955314311.213,3489.076596431509,0.002686634089816621,0.14185231049249503,0.9971798629325346
9556,3613992275540.1074,3489.327636885734,0.0026875268997922706,0.14185546454178843,0.9971785998581442
9557,3614034597878.385,3489.6153565801264,0.0026885472093018843,0.14185899391878357,0.9971770346389903
9558,3614083319855.162,3489.946836168247,0.0026897192338351853,0.14186295851924527,0.9971753216722659
9559,3614139674392.7803,3490.330244511655,0.0026910713385386795,0.14186743778944866,0.9971734319722149
9560,3614203587096.5337,3490.765112410306,0.002692601094609716,0.14187240018071146,0.9971712861465682
9561,3614275638375.388,3491.255401876047,0.0026943216840240344,0.14187786440348463,0.9971688504262818
9562,3614357097292.541,3491.809777075918,0.0026962626327302463,0.14188389557634404,0.9971660744302385
9563,3614449439220.2285,3492.4383099221136,0.002698458168749363,0.14189056526640545,0.99716289293229
9564,3614552919820.9917,3493.142733678647,0.002700913326644958,0.14189785197440097,0.9971592926393938
9565,3614610446137.3335,3493.534508193286,0.0027022764742628625,0.14190182342112284,0.9971570975259362
9566,3614613142683.4116,3493.55287776441,0.0027023403433691956,0.14190200806559067,0.9971569351338345
9567,3614615165092.9707,3493.566657353096,0.00270238825292888,0.14190214653538089,0.9971568203053641
9568,3614618198707.309,3493.589277640343,0.002702480526015659,0.14190273153905983,0.9971517323766247
9569,3614622118455.657,3493.618061162604,0.0027025962443325783,0.14190343131276628,0.9971468135126805
9570,3614626356503.109,3493.648823965,0.0027027182851896894,0.14190413617151212,0.9971429577057398
9571,3614630915642.576,3493.6816167407424,0.002702846837374883,0.14190484693494823,0.9971400644788118
9572,3614635837180.4214,3493.71675122804,0.0027029830945038474,0.14190556959164932,0.9971380173876694
9573,3614641172462.643,3493.754600926034,0.0027031284606374465,0.14190631063057868,0.9971367085794762
9574,3614646983054.391,3493.7956067226282,0.0027032845749304047,0.14190707722882034,0.9971360324142314
9575,3614653343094.784,3493.8402956355967,0.0027034533836811582,0.1419078776175516,0.9971358813744541
9576,3614660342321.9175,3493.8893035192077,0.0027036372242804476,0.14190872143699104,0.9971361436496432
9577,3614668090027.9336,3493.9434024909947,0.0027038389246949175,0.14190962011399094,0.9971367037392693
9578,3614676720137.05,3494.0035382525143,0.002704061936606414,0.1419105873168259,0.9971374417694967
9579,3614686397508.0464,3494.0708915462264,0.002704310556013122,0.14191163974090734,0.9971382178246068
9580,3614697325983.1313,3494.146897835069,0.0027045899715028437,0.1419127967613344,0.9971389261434961
9581,3614709758587.08,3494.233344045022,0.002704906615000733,0.14191408175556394,0.997139463497175
9582,3614724010335.1313,3494.332451318619,0.0027052684381927905,0.14191552260121698,0.9971397484442459
9583,3614740474432.8374,3494.446984600276,0.0027056852833509536,0.14191715245557618,0.997139731798431
9584,3614759642782.202,3494.5803871690896,0.0027061693390588236,0.14191901071272442,0.9971394060689178
9585,3614782132355.057,3494.7370142012333,0.002706735941859793,0.14192114495314967,0.997138755168186
9586,3614808315198.0854,3494.919449890653,0.00270739391484539,0.1419235754609743,0.9971378590900478
9587,3614837772907.4785,3495.124747108953,0.002708132168553227,0.1419262495981832,0.9971368194823332
9588,3614871079489.724,3495.3569425519436,0.0027089648192026835,0.141929207959201,0.9971356175416057
9589,3614908988652.9414,3495.621272614376,0.0027099101348533436,0.14193250189350262,0.9971342802906572
9590,3614952392088.2617,3495.9238186817283,0.002710989454334042,0.14193619372736518,0.9971328325429426
9591,3615002343604.897,3496.2720521923256,0.0027122287013736967,0.1419403518114071,0.9971311189299074
9592,3615060092744.2393,3496.6747646596973,0.002713658272878276,0.1419450527975543,0.997129093450894
9593,3615125248250.1606,3497.129260192604,0.002715267754469893,0.14195023704866427,0.9971267823915827
